white_to_move,fullmove_number,halfmove_clock,w_p,b_p,diff_p,w_n,b_n,diff_n,w_b,b_b,diff_b,w_r,b_r,diff_r,w_q,b_q,diff_q,material_balance,total_material,bishop_pair_w,bishop_pair_b,king_distance,wk_file,wk_rank,bk_file,bk_rank,wk_center_dist,bk_center_dist,mobility_stm,mobility_other,in_check,w_passed_pawns,b_passed_pawns,w_isolated_pawns,b_isolated_pawns,w_doubled_pawns,b_doubled_pawns,w_most_advanced_pawn,b_most_advanced_pawn,w_rooks_open_file,b_rooks_open_file,w_rooks_7th,b_rooks_2nd,wk_pawn_shield,bk_pawn_shield,w_center_control,b_center_control,w_attackers_near_bk,b_attackers_near_wk,material_class,outcome,fen
0,1,0,0,0,0,0,1,-1,1,0,1,1,1,0,0,0,0,0,16,0,0,4,0,1,4,3,5,0,19,19,0,0,0,0,0,0,0,0,7,1,1,0,0,0,0,0,3,1,0,KRBKRNvK,DRAW,8/1B6/2n5/8/4k3/2R5/K7/7r b - - 0 1
0,1,0,0,0,0,0,1,-1,1,0,1,1,1,0,0,0,0,0,16,0,0,5,0,1,5,6,5,3,4,0,1,0,0,0,0,0,0,0,7,1,1,0,0,0,0,1,3,1,0,KRBKRNvK,DRAW,8/5k2/1n6/3B4/8/4r3/K7/5R2 b - - 0 1
1,1,0,0,0,0,0,1,-1,1,0,1,1,1,0,0,0,0,0,16,0,0,5,1,2,6,2,3,3,30,22,0,0,0,0,0,0,0,0,7,1,1,0,0,0,0,1,2,1,1,KRBKRNvK,DRAW,8/6n1/7R/5B2/3r4/1K4k1/8/8 w - - 0 1
1,1,0,0,0,0,0,1,-1,1,0,1,1,1,0,0,0,0,0,16,0,0,3,1,2,4,5,3,1,17,27,0,0,0,0,0,0,0,0,7,1,1,0,0,0,0,3,2,1,0,KRBKRNvK,DRAW,8/8/4k3/4n3/2R5/1KB3r1/8/8 w - - 0 1
0,1,0,0,0,0,0,1,-1,1,0,1,1,1,0,0,0,0,0,16,0,0,4,3,0,5,4,3,1,5,0,1,0,0,0,0,0,0,0,7,1,1,0,0,0,0,2,2,0,0,KRBKRNvK,LOSS,8/7r/8/5k2/2R5/6n1/2B5/3K4 b - - 0 1
0,1,0,0,0,0,0,1,-1,1,0,1,1,1,0,0,0,0,0,16,0,0,6,4,7,4,1,3,2,19,24,0,0,0,0,0,0,0,0,7,1,1,1,1,0,0,0,1,0,0,KRBKRNvK,DRAW,4K3/5R2/1n6/8/7B/8/4k1r1/8 b - - 0 1
0,1,0,0,0,0,0,1,-1,1,0,1,1,1,0,0,0,0,0,16,0,0,4,2,7,5,3,4,1,21,25,0,0,0,0,0,0,0,0,7,1,1,0,0,0,0,1,2,0,0,KRBKRNvK,DRAW,2K5/7B/8/8/5k2/6r1/8/nR6 b - - 0 1
0,1,0,0,0,0,0,1,-1,1,0,1,1,1,0,0,0,0,0,16,0,0,3,7,3,4,0,3,3,20,30,0,0,0,0,0,0,0,0,7,1,1,0,0,0,0,2,0,0,0,KRBKRNvK,DRAW,8/8/r7/3R4/5B1K/8/8/1n2k3 b - - 0 1
0,1,0,0,0,0,0,1,-1,1,0,1,1,1,0,0,0,0,0,16,0,0,3,7,4,5,7,3,4,2,0,1,0,0,0,0,0,0,0,7,1,1,0,0,0,0,1,0,0,1,KRBKRNvK,DRAW,2R2k2/2B2r2/8/n6K/8/8/8/8 b - - 0 1
1,1,0,0,0,0,0,1,-1,1,0,1,1,1,0,0,0,0,0,16,0,0,4,4,5,3,1,1,2,29,20,0,0,0,0,0,0,0,0,7,1,1,0,1,0,0,3,0,0,0,KRBKRNvK,DRAW,R7/7n/4K3/3B4/8/8/1r1k4/8 w - - 0 1
1,1,0,0,0,0,0,1,-1,1,0,1,1,1,0,0,0,0,0,16,0,0,2,5,3,3,5,1,1,30,19,0,0,0,0,0,0,0,0,7,1,1,0,0,0,0,3,2,1,0,KRBKRNvK,DRAW,8/3n1B1r/3k4/8/5K2/8/8/6R1 w - - 0 1
1,1,0,0,0,0,0,1,-1,1,0,1,1,1,0,0,0,0,0,16,0,0,3,7,3,6,6,3,4,4,0,1,0,0,0,0,0,0,0,7,1,1,0,0,0,0,1,2,0,0,KRBKRNvK,DRAW,1R2n3/6k1/8/8/4r2K/8/8/6B1 w - - 0 1
0,1,0,0,0,0,0,1,-1,1,0,1,1,1,0,0,0,0,0,16,0,0,6,3,7,4,1,3,2,29,25,0,0,0,0,0,0,0,0,7,1,1,0,0,0,0,2,2,0,0,KRBKRNvK,DRAW,3K4/6B1/2R5/r7/2n5/8/4k3/8 b - - 0 1
0,1,0,0,0,0,0,1,-1,1,0,1,1,1,0,0,0,0,0,16,0,0,5,2,2,7,3,2,3,2,0,1,0,0,0,0,0,0,0,7,1,1,0,0,0,0,2,2,2,1,KRBKRNvK,DRAW,4r3/8/5B2/8/2n4k/2K2R2/8/8 b - - 0 1
1,1,0,0,0,0,0,1,-1,1,0,1,1,1,0,0,0,0,0,16,0,0,7,7,7,0,4,6,3,23,23,0,0,0,0,0,0,0,0,7,1,1,0,0,0,0,0,2,0,0,KRBKRNvK,DRAW,7K/4n3/7B/kr6/8/6R1/8/8 w - - 0 1
1,1,0,0,0,0,0,1,-1,1,0,1,1,1,0,0,0,0,0,16,0,0,4,5,6,1,5,3,3,27,23,0,0,0,0,0,0,0,0,7,1,1,0,1,0,0,3,0,1,0,KRBKRNvK,DRAW,B7/5K2/1k6/8/5R2/8/2r5/1n6 w - - 0 1
1,1,0,0,0,0,0,1,-1,1,0,1,1,1,0,0,0,0,0,16,0,0,2,4,0,4,2,3,1,23,22,0,0,0,0,0,0,0,0,7,1,1,0,0,0,0,2,2,0,0,KRBKRNvK,DRAW,8/3B2r1/3R4/2n5/8/4k3/8/4K3 w - - 0 1
0,1,0,0,0,0,0,1,-1,1,0,1,1,1,0,0,0,0,0,16,0,0,2,3,7,5,6,3,3,23,22,0,0,0,0,0,0,0,0,7,1,1,0,0,0,0,2,2,0,1,KRBKRNvK,DRAW,3K1n2/5k2/8/r7/8/7R/8/7B b - - 0 1
1,1,0,0,0,0,0,1,-1,1,0,1,1,1,0,0,0,0,0,16,0,0,6,7,5,1,3,4,2,27,27,0,0,0,0,0,0,0,0,7,1,1,0,0,0,0,1,1,1,0,KRBKRNvK,DRAW,8/8/3n2BK/8/1k6/8/R7/2r5 w - - 0 1
1,1,0,0,0,0,0,1,-1,1,0,1,1,1,0,0,0,0,0,16,0,0,5,3,2,5,7,1,4,33,18,0,0,0,0,0,0,0,0,7,1,1,0,0,0,0,3,2,1,0,KRBKRNvK,DRAW,5k1n/8/4B3/7r/8/3K4/8/1R6 w - - 0 1
0,1,0,0,0,0,0,1,-1,1,0,1,1,1,0,0,0,0,0,16,0,0,2,3,3,5,3,0,1,25,12,0,0,0,0,0,0,0,0,7,1,1,0,0,0,0,4,3,0,2,KRBKRNvK,DRAW,8/B7/4r3/8/Rn1K1k2/8/8/8 b - - 0 1
0,1,0,0,0,0,0,1,-1,1,0,1,1,1,0,0,0,0,0,16,0,0,4,4,5,0,6,1,5,16,27,0,0,0,0,0,0,0,0,7,1,1,0,1,0,0,2,0,1,0,KRBKRNvK,WIN,8/k7/4K3/1B5R/8/7n/7r/8 b - - 0 1
1,1,0,0,0,0,0,1,-1,1,0,1,1,1,0,0,0,0,0,16,0,0,7,0,7,1,0,6,5,23,27,0,0,0,0,0,0,0,0,7,1,1,0,0,0,0,3,1,0,0,KRBKRNvK,DRAW,K7/5r2/8/2B4R/2n5/8/8/1k6 w - - 0 1
0,1,0,0,0,0,0,1,-1,1,0,1,1,1,0,0,0,0,0,16,0,0,5,7,0,2,0,6,4,20,23,0,0,0,0,0,0,0,0,7,1,1,1,0,0,0,0,0,0,0,KRBKRNvK,DRAW,8/5Rn1/6r1/8/1B6/8/8/2k4K b - - 0 1
1,1,0,0,0,0,0,1,-1,1,0,1,1,1,0,0,0,0,0,16,0,0,3,1,5,4,6,3,2,23,20,0,0,0,0,0,0,0,0,7,1,1,0,0,0,0,2,0,0,1,KRBKRNvK,WIN,3n4/4k2r/RK6/8/8/5B2/8/8 w - - 0 1
0,1,0,0,0,0,0,1,-1,1,0,1,1,1,0,0,0,0,0,16,0,0,2,1,3,0,5,2,4,3,0,1,0,0,0,0,0,0,0,7,1,1,0,0,0,0,1,2,0,1,KRBKRNvK,DRAW,8/8/k7/2r5/1K6/R7/8/1B3n2 b - - 0 1
0,1,0,0,0,0,0,1,-1,1,0,1,1,1,0,0,0,0,0,16,0,0,3,6,1,7,4,4,3,24,23,0,0,0,0,0,0,0,0,7,1,1,0,0,0,0,0,2,1,0,KRBKRNvK,DRAW,8/8/4n3/3r3k/7B/8/6K1/7R b - - 0 1
0,1,0,0,0,0,0,1,-1,1,0,1,1,1,0,0,0,0,0,16,0,0,5,1,5,5,0,3,4,8,0,1,0,0,0,0,0,0,0,7,1,1,0,0,0,0,1,2,0,1,KRBKRNvK,DRAW,8/8/BK6/4r3/R2n4/8/8/5k2 b - - 0 1
0,1,0,0,0,0,0,1,-1,1,0,1,1,1,0,0,0,0,0,16,0,0,2,3,1,1,3,2,2,26,23,0,0,0,0,0,0,0,0,7,1,1,0,0,0,0,2,0,0,0,KRBKRNvK,DRAW,2r5/8/8/3n2R1/1k6/8/3KB3/8 b - - 0 1
1,1,0,0,0,0,0,1,-1,1,0,1,1,1,0,0,0,0,0,16,0,0,4,5,1,1,1,3,4,28,23,0,0,0,0,0,0,0,0,7,1,1,0,0,0,0,2,0,1,0,KRBKRNvK,DRAW,8/8/8/n7/3RB3/8/1k3K2/2r5 w - - 0 1
0,1,0,0,0,0,0,1,-1,1,0,1,1,1,0,0,0,0,0,16,0,0,4,5,4,1,3,1,2,4,0,1,0,0,0,0,0,0,0,7,1,1,0,0,0,0,2,2,1,0,KRBKRNvK,DRAW,1n6/8/3B4/5K2/1kr5/6R1/8/8 b - - 0 1
1,1,0,0,0,0,0,1,-1,1,0,1,1,1,0,0,0,0,0,16,0,0,4,2,0,5,4,4,1,20,22,0,0,0,0,0,0,0,0,7,1,1,0,0,0,0,2,3,0,1,KRBKRNvK,DRAW,8/8/4r3/5k2/R7/B3n3/8/2K5 w - - 0 1
0,1,0,0,0,0,0,1,-1,1,0,1,1,1,0,0,0,0,0,16,0,0,3,4,3,1,5,0,3,21,22,0,0,0,0,0,0,0,0,7,1,1,0,0,0,0,4,0,0,0,KRBKRNvK,DRAW,8/1n4r1/1k6/8/4KR2/3B4/8/8 b - - 0 1
0,1,0,0,0,0,0,1,-1,1,0,1,1,1,0,0,0,0,0,16,0,0,3,4,3,6,6,0,4,4,0,1,0,0,0,0,0,0,0,7,1,1,1,0,0,0,3,1,0,0,KRBKRNvK,DRAW,8/2nR2k1/8/8/4K3/1r6/1B6/8 b - - 0 1
0,1,0,0,0,0,0,1,-1,1,0,1,1,1,0,0,0,0,0,16,0,0,3,6,5,3,4,3,0,4,0,1,0,0,0,0,0,0,0,7,1,1,0,1,0,0,3,4,1,1,KRBKRNvK,DRAW,8/6B1/6K1/3kR2n/8/8/3r4/8 b - - 0 1
0,1,0,0,0,0,0,1,-1,1,0,1,1,1,0,0,0,0,0,16,0,0,2,7,1,6,3,5,2,25,23,0,0,0,0,0,0,0,0,7,1,1,0,0,0,0,3,1,1,0,KRBKRNvK,DRAW,2r5/8/4n1B1/8/6k1/3R4/7K/8 b - - 0 1
1,1,0,0,0,0,0,1,-1,1,0,1,1,1,0,0,0,0,0,16,0,0,2,4,1,6,3,2,2,5,0,1,0,0,0,0,0,0,0,7,1,1,0,0,0,0,1,0,0,1,KRBKRNvK,DRAW,8/B7/8/8/6k1/r7/1R2K3/2n5 w - - 0 1
0,1,0,0,0,0,0,1,-1,1,0,1,1,1,0,0,0,0,0,16,0,0,4,4,4,1,0,0,5,3,0,1,0,0,0,0,0,0,0,7,1,1,1,1,0,0,3,2,0,1,KRBKRNvK,DRAW,8/1R6/8/4KB2/8/2n5/6r1/1k6 b - - 0 1
1,1,0,0,0,0,0,1,-1,1,0,1,1,1,0,0,0,0,0,16,0,0,5,4,7,4,2,3,1,20,21,0,0,0,0,0,0,0,0,7,1,1,0,0,0,0,0,2,2,0,KRBKRNvK,DRAW,4K3/8/8/8/8/4k3/7n/2r2BR1 w - - 0 1
1,1,0,0,0,0,0,1,-1,1,0,1,1,1,0,0,0,0,0,16,0,0,6,7,1,2,7,5,4,4,0,1,0,0,0,0,0,0,0,7,1,1,0,0,0,0,2,2,1,2,KRBKRNvK,DRAW,2k5/8/2B3R1/8/5r2/8/7K/5n2 w - - 0 1
0,1,0,0,0,0,0,1,-1,1,0,1,1,1,0,0,0,0,0,16,0,0,4,0,6,2,2,5,2,3,0,1,0,0,0,0,0,0,0,7,1,1,0,0,0,0,3,3,1,0,KRBKRNvK,DRAW,8/K2n4/6B1/8/1r6/2kR4/8/8 b - - 0 1
0,1,0,0,0,0,0,1,-1,1,0,1,1,1,0,0,0,0,0,16,0,0,6,6,3,0,1,2,5,21,28,0,0,0,0,0,0,0,0,7,1,1,0,0,0,0,0,1,1,0,KRBKRNvK,DRAW,4B3/r7/8/8/6K1/8/k2n4/2R5 b - - 0 1
0,1,0,0,0,0,0,1,-1,1,0,1,1,1,0,0,0,0,0,16,0,0,4,4,2,6,6,1,4,25,21,0,0,0,0,0,0,0,0,7,1,1,0,0,0,0,3,2,0,1,KRBKRNvK,DRAW,8/n5k1/1B6/8/4R3/4K3/8/3r4 b - - 0 1
1,1,0,0,0,0,0,1,-1,1,0,1,1,1,0,0,0,0,0,16,0,0,3,2,3,4,6,1,2,28,26,0,0,0,0,0,0,0,0,7,1,1,0,0,0,0,3,1,1,1,KRBKRNvK,DRAW,8/3nk3/r7/2R5/2K2B2/8/8/8 w - - 0 1
0,1,0,0,0,0,0,1,-1,1,0,1,1,1,0,0,0,0,0,16,0,0,5,1,2,0,7,3,6,24,27,0,0,0,0,0,0,0,0,7,1,1,0,0,0,0,0,2,1,1,KRBKRNvK,DRAW,k1B5/6r1/5R2/8/8/1Kn5/8/8 b - - 0 1
1,1,0,0,0,0,0,1,-1,1,0,1,1,1,0,0,0,0,0,16,0,0,2,4,0,4,2,3,1,18,24,0,0,0,0,0,0,0,0,7,1,1,1,0,0,0,2,2,0,0,KRBKRNvK,DRAW,8/6BR/6r1/5n2/8/4k3/8/4K3 w - - 0 1
0,1,0,0,0,0,0,1,-1,1,0,1,1,1,0,0,0,0,0,16,0,0,3,3,5,1,2,1,3,17,24,0,0,0,0,0,0,0,0,7,1,1,0,0,0,0,2,0,0,0,KRBKRNvK,DRAW,7r/8/2RK3n/8/5B2/1k6/8/8 b - - 0 1
0,1,0,0,0,0,0,1,-1,1,0,1,1,1,0,0,0,0,0,16,0,0,7,0,6,7,1,5,5,19,25,0,0,0,0,0,0,0,0,7,1,1,0,0,0,0,0,3,0,0,KRBKRNvK,DRAW,8/K7/8/8/1n5r/8/3B3k/2R5 b - - 0 1
1,1,0,0,0,0,0,1,-1,1,0,1,1,1,0,0,0,0,0,16,0,0,5,3,1,0,6,2,5,20,24,0,0,0,0,0,0,0,0,7,1,1,0,0,0,0,3,2,0,0,KRBKRNvK,DRAW,3r4/k7/8/5n2/4R3/3B4/3K4/8 w - - 0 1
1,1,0,0,0,0,0,1,-1,1,0,1,1,1,0,0,0,0,0,16,0,0,7,0,3,7,5,3,4,5,0,1,0,0,0,0,0,0,0,7,1,1,1,0,0,0,2,0,1,1,KRBKRNvK,DRAW,8/1B4R1/7k/8/K7/8/1n6/5r2 w - - 0 1
1,1,0,0,0,0,0,1,-1,1,0,1,1,1,0,0,0,0,0,16,0,0,2,5,0,4,2,4,1,24,23,0,0,0,0,0,0,0,0,7,1,1,0,0,0,0,2,2,0,0,KRBKRNvK,DRAW,1B6/8/7r/R7/8/4k3/8/2n2K2 w - - 0 1
0,1,0,0,0,0,0,1,-1,1,0,1,1,1,0,0,0,0,0,16,0,0,3,1,3,2,0,2,4,18,33,0,0,0,0,0,0,0,0,7,1,1,0,0,0,0,3,0,0,0,KRBKRNvK,DRAW,3R4/6r1/8/5B2/1K6/8/7n/2k5 b - - 0 1
0,1,0,0,0,0,0,1,-1,1,0,1,1,1,0,0,0,0,0,16,0,0,2,0,3,1,5,3,3,21,16,0,0,0,0,0,0,0,0,7,1,1,0,0,0,0,0,0,0,1,KRBKRNvK,DRAW,8/8/nk3r2/8/K6B/8/R7/8 b - - 0 1
0,1,0,0,0,0,0,1,-1,1,0,1,1,1,0,0,0,0,0,16,0,0,2,1,6,0,4,4,3,2,0,1,0,0,0,0,0,0,0,7,1,1,0,0,0,0,3,1,1,1,KRBKRNvK,LOSS,8/BK6/r7/k3R3/8/8/5n2/8 b - - 0 1
0,1,0,0,0,0,0,1,-1,1,0,1,1,1,0,0,0,0,0,16,0,0,3,2,6,5,4,3,1,6,0,1,0,0,0,0,0,0,0,7,1,1,0,0,0,0,1,2,1,2,KRBKRNvK,LOSS,R7/n1K5/r7/5k2/8/3B4/8/8 b - - 0 1
1,1,0,0,0,0,0,1,-1,1,0,1,1,1,0,0,0,0,0,16,0,0,2,1,3,1,1,2,4,25,13,0,0,0,0,0,0,0,0,7,1,1,0,1,0,0,2,0,0,1,KRBKRNvK,DRAW,8/3B4/7n/2R5/1K6/8/rk6/8 w - - 0 1
0,1,0,0,0,0,0,1,-1,1,0,1,1,1,0,0,0,0,0,16,0,0,3,3,5,6,5,1,3,25,22,0,0,0,0,0,0,0,0,7,1,1,0,1,0,0,2,2,1,1,KRBKRNvK,DRAW,7B/8/3K1nk1/8/8/R7/5r2/8 b - - 0 1
1,1,0,0,0,0,0,1,-1,1,0,1,1,1,0,0,0,0,0,16,0,0,2,3,6,2,4,2,1,19,22,0,0,0,0,0,0,0,0,7,1,1,0,0,0,0,0,2,0,0,KRBKRNvK,DRAW,3R4/3K4/7B/n1k5/8/7r/8/8 w - - 0 1
1,1,0,0,0,0,0,1,-1,1,0,1,1,1,0,0,0,0,0,16,0,0,4,0,7,1,3,6,2,24,26,0,0,0,0,0,0,0,0,7,1,1,0,1,0,0,2,0,0,0,KRBKRNvK,DRAW,K7/8/8/8/1k1n4/4R1B1/2r5/8 w - - 0 1
0,1,0,0,0,0,0,1,-1,1,0,1,1,1,0,0,0,0,0,16,0,0,3,4,6,7,7,2,6,19,31,0,0,0,0,0,0,0,0,7,1,1,0,0,0,0,2,2,0,0,KRBKRNvK,DRAW,7k/n3K3/8/7r/8/8/5B2/3R4 b - - 0 1
1,1,0,0,0,0,0,1,-1,1,0,1,1,1,0,0,0,0,0,16,0,0,3,4,4,7,5,0,4,25,22,0,0,0,0,0,0,0,0,7,1,1,0,0,0,0,3,2,2,1,KRBKRNvK,DRAW,8/1n6/7k/4K2B/5R2/3r4/8/8 w - - 0 1
1,1,0,0,0,0,0,1,-1,1,0,1,1,1,0,0,0,0,0,16,0,0,5,6,3,1,1,2,4,6,0,1,0,0,0,0,0,0,0,7,1,1,1,0,0,0,1,0,0,0,KRBKRNvK,DRAW,8/R4B2/8/8/6K1/8/1k6/1n4r1 w - - 0 1
1,1,0,0,0,0,0,1,-1,1,0,1,1,1,0,0,0,0,0,16,0,0,2,2,2,0,1,2,5,27,19,0,0,0,0,0,0,0,0,7,1,1,1,0,0,0,1,3,0,0,KRBKRNvK,DRAW,8/1R6/7B/7r/8/2K3n1/k7/8 w - - 0 1
0,1,0,0,0,0,0,1,-1,1,0,1,1,1,0,0,0,0,0,16,0,0,4,7,0,5,4,6,1,22,18,0,0,0,0,0,0,0,0,7,1,1,0,1,0,0,2,2,1,0,KRBKRNvK,DRAW,8/7n/8/5k2/7R/8/2r5/3B3K b - - 0 1
1,1,0,0,0,0,0,1,-1,1,0,1,1,1,0,0,0,0,0,16,0,0,2,5,7,4,5,4,1,28,20,0,0,0,0,0,0,0,0,7,1,1,0,0,0,0,3,2,1,0,KRBKRNvK,DRAW,5K2/8/4k3/2R5/8/r2n1B2/8/8 w - - 0 1
0,1,0,0,0,0,0,1,-1,1,0,1,1,1,0,0,0,0,0,16,0,0,7,2,0,0,7,4,6,21,23,0,0,0,0,0,0,0,0,7,1,1,1,0,0,0,0,2,0,0,KRBKRNvK,DRAW,k7/2n2R2/7B/r7/8/8/8/2K5 b - - 0 1
1,1,0,0,0,0,0,1,-1,1,0,1,1,1,0,0,0,0,0,16,0,0,4,5,5,4,1,2,2,7,0,1,0,0,0,0,0,0,0,7,1,1,0,0,0,0,2,3,0,1,KRBKRNvK,DRAW,6B1/3n4/5K2/8/8/3r4/4k3/R7 w - - 0 1
1,1,0,0,0,0,0,1,-1,1,0,1,1,1,0,0,0,0,0,16,0,0,4,2,7,1,3,4,2,6,0,1,0,0,0,0,0,0,0,7,1,1,0,0,0,0,0,3,2,0,KRBKRNvK,DRAW,2K5/8/R7/8/Bkr5/3n4/8/8 w - - 0 1
0,1,0,0,0,0,0,1,-1,1,0,1,1,1,0,0,0,0,0,16,0,0,4,2,3,6,3,1,2,21,26,0,0,0,0,0,0,0,0,7,1,1,0,1,0,0,2,0,1,1,KRBKRNvK,DRAW,3n4/8/8/8/2K3k1/5R2/r7/3B4 b - - 0 1
1,1,0,0,0,0,0,1,-1,1,0,1,1,1,0,0,0,0,0,16,0,0,5,2,7,5,2,4,2,5,0,1,0,0,0,0,0,0,0,7,1,1,0,0,0,0,2,1,0,0,KRBKRNvK,DRAW,2K2r2/5B2/3R4/8/8/5k2/8/4n3 w - - 0 1
1,1,0,0,0,0,0,1,-1,1,0,1,1,1,0,0,0,0,0,16,0,0,5,4,0,7,5,3,4,24,20,0,0,0,0,0,0,0,0,7,1,1,1,0,0,0,3,2,0,0,KRBKRNvK,DRAW,8/4R3/7k/8/2r5/8/5B2/1n2K3 w - - 0 1
1,1,0,0,0,0,0,1,-1,1,0,1,1,1,0,0,0,0,0,16,0,0,5,6,5,6,0,3,5,26,24,0,0,0,0,0,0,0,0,7,1,1,0,0,0,0,2,0,0,0,KRBKRNvK,DRAW,8/8/2R3K1/3n4/8/8/1B6/5rk1 w - - 0 1
1,1,0,0,0,0,0,1,-1,1,0,1,1,1,0,0,0,0,0,16,0,0,7,7,2,0,4,4,3,21,19,0,0,0,0,0,0,0,0,7,1,1,0,0,0,0,3,0,0,0,KRBKRNvK,DRAW,7B/2r5/n7/k7/7R/7K/8/8 w - - 0 1
0,1,0,0,0,0,0,1,-1,1,0,1,1,1,0,0,0,0,0,16,0,0,4,4,5,3,1,1,2,6,0,1,0,0,0,0,0,0,0,7,1,1,0,1,0,0,2,1,1,1,KRBKRNvK,DRAW,8/4n3/4K3/5R2/1B6/8/r2k4/8 b - - 0 1
1,1,0,0,0,0,0,1,-1,1,0,1,1,1,0,0,0,0,0,16,0,0,3,2,4,2,1,1,3,30,26,0,0,0,0,0,0,0,0,7,1,1,0,0,0,0,3,3,0,1,KRBKRNvK,DRAW,8/1B2r3/5n2/2K5/8/6R1/2k5/8 w - - 0 1
0,1,0,0,0,0,0,1,-1,1,0,1,1,1,0,0,0,0,0,16,0,0,2,7,2,5,1,4,3,3,0,1,0,0,0,0,0,0,0,7,1,1,0,0,0,0,0,1,1,0,KRBKRNvK,DRAW,8/1r6/8/8/7B/2R4K/4nk2/8 b - - 0 1
1,1,0,0,0,0,0,1,-1,1,0,1,1,1,0,0,0,0,0,16,0,0,3,4,7,7,5,3,4,4,0,1,0,0,0,0,0,0,0,7,1,1,1,0,0,0,2,2,1,1,KRBKRNvK,DRAW,4K3/3R4/5n1k/8/6B1/8/8/2r5 w - - 0 1
1,1,0,0,0,0,0,1,-1,1,0,1,1,1,0,0,0,0,0,16,0,0,6,0,7,1,1,6,4,3,0,1,0,0,0,0,0,0,0,7,1,1,0,0,0,0,0,2,0,1,KRBKRNvK,DRAW,K5R1/2n5/3r4/8/7B/8/1k6/8 w - - 0 1
1,1,0,0,0,0,0,1,-1,1,0,1,1,1,0,0,0,0,0,16,0,0,6,1,7,3,1,5,2,18,17,0,0,0,0,0,0,0,0,7,1,1,0,1,0,0,0,0,0,0,KRBKRNvK,DRAW,RK6/8/8/1B6/8/8/2rk4/3n4 w - - 0 1
1,1,0,0,0,0,0,1,-1,1,0,1,1,1,0,0,0,0,0,16,0,0,7,7,4,0,5,3,4,5,0,1,0,0,0,0,0,0,0,7,1,1,0,1,0,0,3,0,1,0,KRBKRNvK,DRAW,8/8/k7/7K/2R5/8/n5Br/8 w - - 0 1
1,1,0,0,0,0,0,1,-1,1,0,1,1,1,0,0,0,0,0,16,0,0,3,7,2,5,5,4,2,26,20,0,0,0,0,0,0,0,0,7,1,1,0,0,0,0,2,3,0,0,KRBKRNvK,DRAW,8/3r2n1/5k2/1R6/8/7K/8/2B5 w - - 0 1
0,1,0,0,0,0,0,1,-1,1,0,1,1,1,0,0,0,0,0,16,0,0,6,6,2,0,0,3,6,19,26,0,0,0,0,0,0,0,0,7,1,1,0,0,0,0,3,0,0,1,KRBKRNvK,DRAW,6B1/r7/8/8/5R1n/6K1/8/k7 b - - 0 1
1,1,0,0,0,0,0,1,-1,1,0,1,1,1,0,0,0,0,0,16,0,0,6,0,0,6,2,6,3,26,22,0,0,0,0,0,0,0,0,7,1,1,0,0,0,0,1,3,0,0,KRBKRNvK,WIN,7R/8/1B1r4/8/6n1/6k1/8/K7 w - - 0 1
1,1,0,0,0,0,0,1,-1,1,0,1,1,1,0,0,0,0,0,16,0,0,7,7,0,0,4,6,3,3,0,1,0,0,0,0,0,0,0,7,1,1,1,0,0,0,1,0,1,0,KRBKRNvK,DRAW,8/1R6/7r/k7/8/8/5B2/2n4K w - - 0 1
0,1,0,0,0,0,0,1,-1,1,0,1,1,1,0,0,0,0,0,16,0,0,3,4,0,1,2,3,3,26,18,0,0,0,0,0,0,0,0,7,1,1,0,0,0,0,1,2,0,0,KRBKRNvK,DRAW,8/B7/8/3r4/7n/1k6/8/4K1R1 b - - 0 1
0,1,0,0,0,0,0,1,-1,1,0,1,1,1,0,0,0,0,0,16,0,0,3,5,6,2,6,3,3,22,30,0,0,0,0,0,0,0,0,7,1,1,0,0,0,0,1,0,0,1,KRBKRNvK,DRAW,6R1/2k2K2/r7/7n/3B4/8/8/8 b - - 0 1
0,1,0,0,0,0,0,1,-1,1,0,1,1,1,0,0,0,0,0,16,0,0,7,0,0,4,7,6,3,20,24,0,0,0,0,0,0,0,0,7,1,1,0,0,0,0,2,1,1,0,KRBKRNvK,DRAW,1r2k3/2B5/6n1/7R/8/8/8/K7 b - - 0 1
0,1,0,0,0,0,0,1,-1,1,0,1,1,1,0,0,0,0,0,16,0,0,7,6,7,6,0,5,5,19,25,0,0,0,0,0,0,0,0,7,1,1,0,0,0,0,0,2,0,0,KRBKRNvK,DRAW,3nB1K1/8/8/3r4/8/8/1R6/6k1 b - - 0 1
1,1,0,0,0,0,0,1,-1,1,0,1,1,1,0,0,0,0,0,16,0,0,7,0,3,7,2,3,4,21,20,0,0,0,0,0,0,0,0,7,1,1,0,0,0,0,2,0,1,0,KRBKRNvK,DRAW,1r6/8/8/6R1/K7/7k/8/2Bn4 w - - 0 1
0,1,0,0,0,0,0,1,-1,1,0,1,1,1,0,0,0,0,0,16,0,0,2,5,5,4,3,2,0,18,24,0,0,0,0,0,0,0,0,7,1,1,0,0,0,0,3,4,0,0,KRBKRNvK,DRAW,2BR4/8/5K2/8/4k3/2n5/8/2r5 b - - 0 1
0,1,0,0,0,0,0,1,-1,1,0,1,1,1,0,0,0,0,0,16,0,0,6,4,1,0,7,2,6,18,31,0,0,0,0,0,0,0,0,7,1,1,1,0,0,0,1,2,0,1,KRBKRNvK,DRAW,k7/7R/4B3/8/6r1/8/4K3/1n6 b - - 0 1
1,1,0,0,0,0,0,1,-1,1,0,1,1,1,0,0,0,0,0,16,0,0,2,2,3,4,5,1,1,5,0,1,0,0,0,0,0,0,0,7,1,1,0,0,0,0,3,2,0,1,KRBKRNvK,DRAW,8/5n2/2r1k3/8/2K5/R7/2B5/8 w - - 0 1
1,1,0,0,0,0,0,1,-1,1,0,1,1,1,0,0,0,0,0,16,0,0,3,7,0,4,0,6,3,25,20,0,0,0,0,0,0,0,0,7,1,1,0,0,0,0,2,2,0,0,KRBKRNvK,DRAW,8/1B6/8/4r3/3R4/8/8/2n1k2K w - - 0 1
1,1,0,0,0,0,0,1,-1,1,0,1,1,1,0,0,0,0,0,16,0,0,3,3,3,6,6,0,4,5,0,1,0,0,0,0,0,0,0,7,1,1,0,0,0,0,3,2,1,1,KRBKRNvK,DRAW,8/6k1/1n6/5R2/3K4/B7/8/3r4 w - - 0 1
0,1,0,0,0,0,0,1,-1,1,0,1,1,1,0,0,0,0,0,16,0,0,4,6,2,2,6,3,3,26,28,0,0,0,0,0,0,0,0,7,1,1,0,1,0,0,1,1,0,1,KRBKRNvK,DRAW,5R2/2k5/8/8/3B1n2/6K1/r7/8 b - - 0 1
0,1,0,0,0,0,0,1,-1,1,0,1,1,1,0,0,0,0,0,16,0,0,7,3,7,4,0,3,3,3,0,1,0,0,0,0,0,0,0,7,1,1,0,0,0,0,3,1,2,0,KRBKRNvK,DRAW,3K4/8/8/8/1n6/4R3/6B1/4kr2 b - - 0 1
1,1,0,0,0,0,0,1,-1,1,0,1,1,1,0,0,0,0,0,16,0,0,5,7,2,4,7,4,3,23,19,0,0,0,0,0,0,0,0,7,1,1,0,1,0,0,0,0,1,1,KRBKRNvK,DRAW,4k3/8/5R2/8/8/7K/1r5n/4B3 w - - 0 1
0,1,0,0,0,0,0,1,-1,1,0,1,1,1,0,0,0,0,0,16,0,0,6,0,7,6,7,6,5,21,25,0,0,0,0,0,0,0,0,7,1,1,0,0,0,0,1,0,0,1,KRBKRNvK,DRAW,K5k1/7n/1r6/8/8/3B4/8/7R b - - 0 1
0,1,0,0,0,0,0,1,-1,1,0,1,1,1,0,0,0,0,0,16,0,0,5,0,5,5,3,4,1,25,23,0,0,0,0,0,0,0,0,7,1,1,0,0,0,0,2,2,1,0,KRBKRNvK,DRAW,6r1/8/K7/3n4/5k2/1R3B2/8/8 b - - 0 1
1,1,0,0,0,0,0,1,-1,1,0,1,1,1,0,0,0,0,0,16,0,0,2,0,0,1,2,6,3,20,20,0,0,0,0,0,0,0,0,7,1,1,0,0,0,0,2,2,1,0,KRBKRNvK,DRAW,7B/8/1n6/8/8/1k1r4/R7/K7 w - - 0 1
1,1,0,0,0,0,0,1,-1,1,0,1,1,1,0,0,0,0,0,16,0,0,5,6,3,1,0,2,5,5,0,1,0,0,0,0,0,0,0,7,1,1,0,0,0,0,2,3,0,1,KRBKRNvK,DRAW,4r3/8/5n2/6R1/6K1/6B1/8/1k6 w - - 0 1
1,1,0,0,0,0,0,1,-1,1,0,1,1,1,0,0,0,0,0,16,0,0,6,7,7,5,1,6,3,30,21,0,0,0,0,0,0,0,0,7,1,1,1,0,0,0,2,2,1,0,KRBKRNvK,DRAW,7K/3R4/8/4r3/4B3/8/1n3k2/8 w - - 0 1
1,1,0,0,0,0,0,1,-1,1,0,1,1,1,0,0,0,0,0,16,0,0,4,2,2,3,6,2,2,6,0,1,0,0,0,0,0,0,0,7,1,1,0,0,0,0,3,0,1,0,KRBKRNvK,LOSS,4R3/2rk4/8/8/8/2K5/8/2B3n1 w - - 0 1
1,1,0,0,0,0,0,1,-1,1,0,1,1,1,0,0,0,0,0,16,0,0,3,4,4,1,5,0,3,26,19,0,0,0,0,0,0,0,0,7,1,1,1,0,0,0,4,1,0,1,KRBKRNvK,DRAW,1r6/4R3/1k6/4KB2/8/6n1/8/8 w - - 0 1
1,1,0,0,0,0,0,1,-1,1,0,1,1,1,0,0,0,0,0,16,0,0,4,5,4,4,0,1,3,6,0,1,0,0,0,0,0,0,0,7,1,1,0,0,0,0,3,0,0,1,KRBKRNvK,DRAW,8/8/8/n4K1r/R7/8/8/1B2k3 w - - 0 1
0,1,0,0,0,0,0,1,-1,1,0,1,1,1,0,0,0,0,0,16,0,0,5,0,2,5,0,4,4,26,24,0,0,0,0,0,0,0,0,7,1,1,0,1,0,0,3,0,0,0,KRBKRNvK,DRAW,4R3/8/8/8/3nB3/K7/6r1/5k2 b - - 0 1
0,1,0,0,0,0,0,1,-1,1,0,1,1,1,0,0,0,0,0,16,0,0,3,3,5,0,3,1,3,4,0,1,0,0,0,0,0,0,0,7,1,1,0,0,0,0,2,1,1,0,KRBKRNvK,DRAW,5R2/6r1/3K4/8/k7/3n4/2B5/8 b - - 0 1
1,1,0,0,0,0,0,1,-1,1,0,1,1,1,0,0,0,0,0,16,0,0,5,7,3,2,5,3,2,26,23,0,0,0,0,0,0,0,0,7,1,1,0,0,0,0,1,2,0,0,KRBKRNvK,DRAW,8/3n1B2/2k5/8/7K/8/5R2/2r5 w - - 0 1
0,1,0,0,0,0,0,1,-1,1,0,1,1,1,0,0,0,0,0,16,0,0,5,5,1,1,6,3,4,24,23,0,0,0,0,0,0,0,0,7,1,1,0,0,0,0,3,2,1,1,KRBKRNvK,DRAW,3R4/1k6/4r3/8/8/8/3n1K1B/8 b - - 0 1
1,1,0,0,0,0,0,1,-1,1,0,1,1,1,0,0,0,0,0,16,0,0,7,7,3,0,0,3,6,23,19,0,0,0,0,0,0,0,0,7,1,1,0,0,0,0,0,2,2,0,KRBKRNvK,DRAW,5n2/8/8/8/7K/3r4/2R5/k1B5 w - - 0 1
0,1,0,0,0,0,0,1,-1,1,0,1,1,1,0,0,0,0,0,16,0,0,2,1,3,0,5,2,4,13,31,0,0,0,0,0,0,0,0,7,1,1,0,0,0,0,1,0,0,0,KRBKRNvK,DRAW,r7/8/k7/3B4/1K6/8/7R/1n6 b - - 0 1
1,1,0,0,0,0,0,1,-1,1,0,1,1,1,0,0,0,0,0,16,0,0,3,6,1,6,4,4,2,29,22,0,0,0,0,0,0,0,0,7,1,1,0,0,0,0,2,0,0,0,KRBKRNvK,DRAW,4R3/8/2r4n/6k1/8/8/4B1K1/8 w - - 0 1
1,1,0,0,0,0,0,1,-1,1,0,1,1,1,0,0,0,0,0,16,0,0,6,7,6,1,4,5,2,5,0,1,0,0,0,0,0,0,0,7,1,1,0,0,0,0,2,0,0,0,KRBKRNvK,DRAW,8/2r4K/6B1/1k6/5R2/8/1n6/8 w - - 0 1
1,1,0,0,0,0,0,1,-1,1,0,1,1,1,0,0,0,0,0,16,0,0,4,0,4,1,0,3,5,4,0,1,0,0,0,0,0,0,0,7,1,1,1,0,0,0,1,2,0,0,KRBKRNvK,DRAW,8/6R1/8/K2r4/5B1n/8/8/1k6 w - - 0 1
1,1,0,0,0,0,0,1,-1,1,0,1,1,1,0,0,0,0,0,16,0,0,3,3,2,2,5,1,2,24,15,0,0,0,0,0,0,0,0,7,1,1,1,0,0,0,3,1,1,2,KRBKRNvK,DRAW,8/1R6/2k5/8/8/1B1K4/8/1nr5 w - - 0 1
0,1,0,0,0,0,0,1,-1,1,0,1,1,1,0,0,0,0,0,16,0,0,5,6,4,1,7,2,5,20,26,0,0,0,0,0,0,0,0,7,1,1,0,0,0,0,0,0,0,0,KRBKRNvK,DRAW,1k3n2/8/8/6K1/6B1/8/R7/7r b - - 0 1
0,1,0,0,0,0,0,1,-1,1,0,1,1,1,0,0,0,0,0,16,0,0,3,3,1,0,0,2,6,21,25,0,0,0,0,0,0,0,0,7,1,1,0,0,0,0,2,0,0,1,KRBKRNvK,DRAW,4R3/8/n7/8/8/1r6/3KB3/k7 b - - 0 1
0,1,0,0,0,0,0,1,-1,1,0,1,1,1,0,0,0,0,0,16,0,0,5,6,7,2,2,5,2,16,27,0,0,0,0,0,0,0,0,7,1,1,1,1,0,0,3,2,0,0,KRBKRNvK,DRAW,6K1/3R4/6B1/8/1n6/2k5/2r5/8 b - - 0 1
0,1,0,0,0,0,0,1,-1,1,0,1,1,1,0,0,0,0,0,16,0,0,5,6,6,1,5,4,3,21,25,0,0,0,0,0,0,0,0,7,1,1,0,0,0,0,3,0,2,1,KRBKRNvK,DRAW,1B6/6Kn/1k6/8/3R4/7r/8/8 b - - 0 1
1,1,0,0,0,0,0,1,-1,1,0,1,1,1,0,0,0,0,0,16,0,0,4,5,5,1,6,2,4,19,23,0,0,0,0,0,0,0,0,7,1,1,0,0,0,0,1,1,0,1,KRBKRNvK,DRAW,8/1k5r/5K2/8/8/1n6/7B/7R w - - 0 1
1,1,0,0,0,0,0,1,-1,1,0,1,1,1,0,0,0,0,0,16,0,0,4,0,4,4,4,3,0,3,0,1,0,0,0,0,0,0,0,7,1,1,0,0,0,0,3,3,0,0,KRBKRNvK,DRAW,r7/8/8/K3k3/8/8/3R4/1B1n4 w - - 0 1
0,1,0,0,0,0,0,1,-1,1,0,1,1,1,0,0,0,0,0,16,0,0,6,1,7,7,2,5,4,25,25,0,0,0,0,0,0,0,0,7,1,1,0,1,0,0,1,1,0,1,KRBKRNvK,DRAW,1K6/8/1n6/8/8/4B2k/5r2/2R5 b - - 0 1
1,1,0,0,0,0,0,1,-1,1,0,1,1,1,0,0,0,0,0,16,0,0,5,1,6,2,1,4,3,28,22,0,0,0,0,0,0,0,0,7,1,1,0,0,0,0,0,0,0,0,KRBKRNvK,DRAW,8/1K6/8/8/8/6rB/2k4n/5R2 w - - 0 1
0,1,0,0,0,0,0,1,-1,1,0,1,1,1,0,0,0,0,0,16,0,0,3,3,3,1,0,0,5,3,0,1,0,0,0,0,0,0,0,7,1,1,0,0,0,0,3,2,1,0,KRBKRNvK,LOSS,3n4/8/8/2R4r/3K4/3B4/8/1k6 b - - 0 1
0,1,0,0,0,0,0,1,-1,1,0,1,1,1,0,0,0,0,0,16,0,0,6,6,7,2,1,5,3,26,19,0,0,0,0,0,0,0,0,7,1,1,0,0,0,0,1,0,0,1,KRBKRNvK,DRAW,2R3K1/2B3n1/8/8/8/8/2k5/r7 b - - 0 1
0,1,0,0,0,0,0,1,-1,1,0,1,1,1,0,0,0,0,0,16,0,0,7,3,7,2,0,3,4,19,25,0,0,0,0,0,0,0,0,7,1,1,0,0,0,0,3,2,0,0,KRBKRNvK,DRAW,3K4/8/8/8/n4R2/5B2/8/2k1r3 b - - 0 1
0,1,0,0,0,0,0,1,-1,1,0,1,1,1,0,0,0,0,0,16,0,0,4,0,2,4,1,4,2,24,23,0,0,0,0,0,0,0,0,7,1,1,0,0,0,0,2,0,0,1,KRBKRNvK,DRAW,1r6/8/8/B7/n6R/K7/4k3/8 b - - 0 1
0,1,0,0,0,0,0,1,-1,1,0,1,1,1,0,0,0,0,0,16,0,0,3,4,3,6,0,0,5,5,0,1,0,0,0,0,0,0,0,7,1,1,0,0,0,0,3,2,0,2,KRBKRNvK,DRAW,8/8/8/3r4/4K1B1/8/2n5/1R4k1 b - - 0 1
1,1,0,0,0,0,0,1,-1,1,0,1,1,1,0,0,0,0,0,16,0,0,2,2,6,3,4,3,0,26,20,0,0,0,0,0,0,0,0,7,1,1,0,0,0,0,0,4,0,0,KRBKRNvK,DRAW,1R6/2K5/8/3k1r1B/8/n7/8/8 w - - 0 1
0,1,0,0,0,0,0,1,-1,1,0,1,1,1,0,0,0,0,0,16,0,0,7,0,1,7,6,5,5,23,22,0,0,0,0,0,0,0,0,7,1,1,1,0,0,0,1,2,0,0,KRBKRNvK,DRAW,8/1RB2n1k/8/5r2/8/8/K7/8 b - - 0 1
1,1,0,0,0,0,0,1,-1,1,0,1,1,1,0,0,0,0,0,16,0,0,4,3,5,0,1,1,5,22,19,0,0,0,0,0,0,0,0,7,1,1,0,1,0,0,3,1,1,0,KRBKRNvK,DRAW,3R4/8/3K4/6n1/8/8/k5r1/B7 w - - 0 1
0,1,0,0,0,0,0,1,-1,1,0,1,1,1,0,0,0,0,0,16,0,0,5,6,6,3,1,4,2,21,26,0,0,0,0,0,0,0,0,7,1,1,0,0,0,0,1,0,1,2,KRBKRNvK,DRAW,8/2B3Kn/5r2/8/8/1R6/3k4/8 b - - 0 1
0,1,0,0,0,0,0,1,-1,1,0,1,1,1,0,0,0,0,0,16,0,0,4,0,6,4,7,5,3,20,21,0,0,0,0,0,0,0,0,7,1,1,0,0,0,0,1,0,2,0,KRBKRNvK,DRAW,4k1B1/K7/6R1/8/8/1r6/1n6/8 b - - 0 1
0,1,0,0,0,0,0,1,-1,1,0,1,1,1,0,0,0,0,0,16,0,0,2,6,5,4,5,3,1,4,0,1,0,0,0,0,0,0,0,7,1,1,0,0,0,0,2,3,0,1,KRBKRNvK,DRAW,7B/2r5/4knK1/8/8/4R3/8/8 b - - 0 1
0,1,0,0,0,0,0,1,-1,1,0,1,1,1,0,0,0,0,0,16,0,0,3,2,5,5,2,2,2,4,0,1,0,0,0,0,0,0,0,7,1,1,0,0,0,0,1,1,2,1,KRBKRNvK,DRAW,r7/8/2K5/6B1/8/5k1R/6n1/8 b - - 0 1
0,1,0,0,0,0,0,1,-1,1,0,1,1,1,0,0,0,0,0,16,0,0,4,2,2,6,1,2,4,18,28,0,0,0,0,0,0,0,0,7,1,1,0,0,0,0,1,0,1,1,KRBKRNvK,DRAW,8/8/7R/8/6B1/2K5/6k1/1r4n1 b - - 0 1
0,1,0,0,0,0,0,1,-1,1,0,1,1,1,0,0,0,0,0,16,0,0,2,2,5,3,7,2,3,20,25,0,0,0,0,0,0,0,0,7,1,1,0,0,0,0,3,2,0,0,KRBKRNvK,DRAW,3k4/6B1/2K4n/8/8/3r4/8/7R b - - 0 1
1,1,0,0,0,0,0,1,-1,1,0,1,1,1,0,0,0,0,0,16,0,0,4,0,5,4,3,4,0,4,0,1,0,0,0,0,0,0,0,7,1,1,0,0,0,0,1,4,1,1,KRBKRNvK,DRAW,8/8/KB2r3/8/1n2k3/2R5/8/8 w - - 0 1
1,1,0,0,0,0,0,1,-1,1,0,1,1,1,0,0,0,0,0,16,0,0,2,3,2,5,1,1,3,27,25,0,0,0,0,0,0,0,0,7,1,1,1,0,0,0,2,1,0,0,KRBKRNvK,DRAW,7r/2R5/8/8/6n1/B2K4/5k2/8 w - - 0 1
1,1,0,0,0,0,0,1,-1,1,0,1,1,1,0,0,0,0,0,16,0,0,6,7,3,1,2,3,3,27,23,0,0,0,0,0,0,0,0,7,1,1,0,0,0,0,2,0,1,0,KRBKRNvK,DRAW,4R3/2r5/8/nB6/7K/1k6/8/8 w - - 0 1
0,1,0,0,0,0,0,1,-1,1,0,1,1,1,0,0,0,0,0,16,0,0,4,4,6,7,2,2,4,19,26,0,0,0,0,0,0,0,0,7,1,1,0,0,0,0,1,2,0,0,KRBKRNvK,DRAW,R7/4K3/8/8/3n3r/7k/1B6/8 b - - 0 1
0,1,0,0,0,0,0,1,-1,1,0,1,1,1,0,0,0,0,0,16,0,0,3,1,4,2,7,2,4,23,24,0,0,0,0,0,0,0,0,7,1,1,0,0,0,0,2,2,0,1,KRBKRNvK,DRAW,2k5/4r3/5R2/1K6/n7/8/8/B7 b - - 0 1
0,1,0,0,0,0,0,1,-1,1,0,1,1,1,0,0,0,0,0,16,0,0,4,1,2,5,3,3,1,19,23,0,0,0,0,0,0,0,0,7,1,1,0,0,0,0,1,2,0,0,KRBKRNvK,DRAW,1n6/5B2/8/8/5k1r/1K6/8/1R6 b - - 0 1
0,1,0,0,0,0,0,1,-1,1,0,1,1,1,0,0,0,0,0,16,0,0,3,3,1,6,0,2,5,23,27,0,0,0,0,0,0,0,0,7,1,1,0,0,0,0,2,0,0,1,KRBKRNvK,DRAW,8/7r/8/6B1/4R3/8/3K4/3n2k1 b - - 0 1
0,1,0,0,0,0,0,1,-1,1,0,1,1,1,0,0,0,0,0,16,0,0,3,6,3,7,6,2,5,19,30,0,0,0,0,0,0,0,0,7,1,1,0,0,0,0,1,1,0,2,KRBKRNvK,DRAW,8/7k/2R5/4B1n1/6K1/5r2/8/8 b - - 0 1
0,1,0,0,0,0,0,1,-1,1,0,1,1,1,0,0,0,0,0,16,0,0,6,0,5,6,4,4,2,26,25,0,0,0,0,0,0,0,0,7,1,1,1,0,0,0,2,2,1,0,KRBKRNvK,DRAW,3r4/4R3/K7/6k1/8/8/1n6/5B2 b - - 0 1
1,1,0,0,0,0,0,1,-1,1,0,1,1,1,0,0,0,0,0,16,0,0,3,3,1,4,4,2,0,28,17,0,0,0,0,0,0,0,0,7,1,1,0,0,0,0,2,4,0,0,KRBKRNvK,DRAW,3B4/5n2/4r3/4k3/7R/8/3K4/8 w - - 0 1
0,1,0,0,0,0,0,1,-1,1,0,1,1,1,0,0,0,0,0,16,0,0,7,6,7,4,0,5,3,20,21,0,0,0,0,0,0,0,0,7,1,1,0,0,0,0,0,1,1,0,KRBKRNvK,DRAW,6K1/1r6/8/6B1/1n6/6R1/8/4k3 b - - 0 1
0,1,0,0,0,0,0,1,-1,1,0,1,1,1,0,0,0,0,0,16,0,0,4,3,6,2,2,2,2,16,26,0,0,0,0,0,0,0,0,7,1,1,0,0,0,0,2,3,2,0,KRBKRNvK,DRAW,8/3K4/8/2B5/1R6/2k1r3/8/7n b - - 0 1
0,1,0,0,0,0,0,1,-1,1,0,1,1,1,0,0,0,0,0,16,0,0,4,0,2,0,6,4,5,24,23,0,0,0,0,0,0,0,0,7,1,1,0,0,0,0,2,0,0,0,KRBKRNvK,DRAW,7R/k1r5/8/4n3/8/K7/8/B7 b - - 0 1
1,1,0,0,0,0,0,1,-1,1,0,1,1,1,0,0,0,0,0,16,0,0,4,2,4,0,0,1,6,7,0,1,0,0,0,0,0,0,0,7,1,1,1,0,0,0,3,0,0,1,KRBKRNvK,DRAW,B7/3R1r2/8/2K5/n7/8/8/k7 w - - 0 1
0,1,0,0,0,0,0,1,-1,1,0,1,1,1,0,0,0,0,0,16,0,0,6,1,5,7,2,3,4,20,24,0,0,0,0,0,0,0,0,7,1,1,0,0,0,0,0,0,0,1,KRBKRNvK,DRAW,4B3/8/1K6/n7/8/5r1k/R7/8 b - - 0 1
0,1,0,0,0,0,0,1,-1,1,0,1,1,1,0,0,0,0,0,16,0,0,7,7,3,0,3,3,3,24,25,0,0,0,0,0,0,0,0,7,1,1,0,0,0,0,0,3,1,0,KRBKRNvK,DRAW,8/8/2R5/1r6/k6K/8/3nB3/8 b - - 0 1
0,1,0,0,0,0,0,1,-1,1,0,1,1,1,0,0,0,0,0,16,0,0,7,6,0,7,7,5,6,20,23,0,0,0,0,0,0,0,0,7,1,1,0,0,0,0,2,0,0,0,KRBKRNvK,DRAW,2B4k/8/7r/n1R5/8/8/8/6K1 b - - 0 1
1,1,0,0,0,0,0,1,-1,1,0,1,1,1,0,0,0,0,0,16,0,0,3,4,0,1,3,3,2,25,21,0,0,0,0,0,0,0,0,7,1,1,0,0,0,0,3,0,1,2,KRBKRNvK,DRAW,8/7B/8/3R4/1k6/2r5/8/2n1K3 w - - 0 1
0,1,0,0,0,0,0,1,-1,1,0,1,1,1,0,0,0,0,0,16,0,0,7,3,7,3,0,3,3,14,26,0,0,0,0,0,0,0,0,7,1,1,0,0,0,0,2,0,1,0,KRBKRNvK,DRAW,3K3n/8/4R3/8/8/8/8/1B1k2r1 b - - 0 1
1,1,0,0,0,0,0,1,-1,1,0,1,1,1,0,0,0,0,0,16,0,0,3,3,4,0,4,0,3,29,19,0,0,0,0,0,0,0,0,7,1,1,0,0,0,0,3,0,0,0,KRBKRNvK,DRAW,1R6/6r1/8/k2K4/8/8/8/2nB4 w - - 0 1
1,1,0,0,0,0,0,1,-1,1,0,1,1,1,0,0,0,0,0,16,0,0,3,4,6,7,5,2,4,4,0,1,0,0,0,0,0,0,0,7,1,1,0,0,0,0,0,2,0,1,KRBKRNvK,DRAW,2n5/3BK3/7k/8/8/8/8/4rR2 w - - 0 1
0,1,0,0,0,0,0,1,-1,1,0,1,1,1,0,0,0,0,0,16,0,0,3,4,1,4,4,2,0,4,0,1,0,0,0,0,0,0,0,7,1,1,0,0,0,0,1,4,0,2,KRBKRNvK,LOSS,7B/8/8/4k2R/3r2n1/8/4K3/8 b - - 0 1
0,1,0,0,0,0,0,1,-1,1,0,1,1,1,0,0,0,0,0,16,0,0,4,5,1,7,5,3,4,22,30,0,0,0,0,0,0,0,0,7,1,1,0,0,0,0,2,3,0,0,KRBKRNvK,DRAW,8/8/5n1k/7r/1R6/8/4BK2/8 b - - 0 1
1,1,0,0,0,0,0,1,-1,1,0,1,1,1,0,0,0,0,0,16,0,0,2,1,2,0,0,3,6,4,0,1,0,0,0,0,0,0,0,7,1,1,0,0,0,0,1,0,0,1,KRBKRNvK,DRAW,8/8/2R5/8/4B3/1K3r2/8/k1n5 w - - 0 1
0,1,0,0,0,0,0,1,-1,1,0,1,1,1,0,0,0,0,0,16,0,0,2,7,5,5,4,4,1,3,0,1,0,0,0,0,0,0,0,7,1,1,0,1,0,0,1,2,2,0,KRBKRNvK,DRAW,8/8/n6K/5kR1/8/6B1/r7/8 b - - 0 1
0,1,0,0,0,0,0,1,-1,1,0,1,1,1,0,0,0,0,0,16,0,0,3,4,5,7,4,1,3,4,0,1,0,0,0,0,0,0,0,7,1,1,1,1,0,0,2,2,1,0,KRBKRNvK,DRAW,8/1R3B2/4K3/7k/8/2n5/2r5/8 b - - 0 1
0,1,0,0,0,0,0,1,-1,1,0,1,1,1,0,0,0,0,0,16,0,0,2,6,5,5,3,3,1,18,21,0,0,0,0,0,0,0,0,7,1,1,0,1,0,0,0,2,1,0,KRBKRNvK,DRAW,8/4B3/6KR/8/5k2/8/5r2/3n4 b - - 0 1
0,1,0,0,0,0,0,1,-1,1,0,1,1,1,0,0,0,0,0,16,0,0,3,6,2,4,5,3,1,24,23,0,0,0,0,0,0,0,0,7,1,1,0,0,0,0,1,2,0,1,KRBKRNvK,DRAW,8/8/4k3/r3n3/8/6K1/1RB5/8 b - - 0 1
0,1,0,0,0,0,0,1,-1,1,0,1,1,1,0,0,0,0,0,16,0,0,6,7,2,1,4,4,2,7,0,1,0,0,0,0,0,0,0,7,1,1,0,0,0,0,2,1,0,0,KRBKRNvK,DRAW,1B6/8/6r1/1k5R/2n5/7K/8/8 b - - 0 1
0,1,0,0,0,0,0,1,-1,1,0,1,1,1,0,0,0,0,0,16,0,0,3,0,0,3,1,6,2,22,23,0,0,0,0,0,0,0,0,7,1,1,1,0,0,0,1,2,1,0,KRBKRNvK,DRAW,8/1R6/7n/8/3r4/8/3k1B2/K7 b - - 0 1
1,1,0,0,0,0,0,1,-1,1,0,1,1,1,0,0,0,0,0,16,0,0,6,1,0,7,4,5,3,25,21,0,0,0,0,0,0,0,0,7,1,1,0,0,0,0,2,2,0,0,KRBKRNvK,DRAW,7B/4r3/1R6/7k/8/8/8/1K3n2 w - - 0 1
0,1,0,0,0,0,0,1,-1,1,0,1,1,1,0,0,0,0,0,16,0,0,2,3,7,4,5,3,1,23,23,0,0,0,0,0,0,0,0,7,1,1,0,0,0,0,3,2,1,1,KRBKRNvK,DRAW,3K4/1B6/1n2k3/2R5/8/5r2/8/8 b - - 0 1
0,1,0,0,0,0,0,1,-1,1,0,1,1,1,0,0,0,0,0,16,0,0,3,5,6,3,3,3,0,7,0,1,0,0,0,0,0,0,0,7,1,1,0,0,0,0,2,3,0,1,KRBKRNvK,LOSS,4B3/5K2/6r1/8/n2k3R/8/8/8 b - - 0 1
0,1,0,0,0,0,0,1,-1,1,0,1,1,1,0,0,0,0,0,16,0,0,3,1,4,4,6,2,2,8,0,1,0,0,0,0,0,0,0,7,1,1,1,1,0,0,0,0,0,0,KRBKRNvK,DRAW,8/4k2R/8/1K5n/8/8/5r2/4B3 b - - 0 1
1,1,0,0,0,0,0,1,-1,1,0,1,1,1,0,0,0,0,0,16,0,0,3,3,6,0,6,2,5,26,25,0,0,0,0,0,0,0,0,7,1,1,0,0,0,0,2,1,0,1,KRBKRNvK,DRAW,8/k2K4/4R3/5n2/8/8/4B3/1r6 w - - 0 1
1,1,0,0,0,0,0,1,-1,1,0,1,1,1,0,0,0,0,0,16,0,0,7,7,1,0,0,5,6,24,21,0,0,0,0,0,0,0,0,7,1,1,0,0,0,0,3,0,0,0,KRBKRNvK,DRAW,1r6/8/8/8/3R4/n7/5B1K/k7 w - - 0 1
0,1,0,0,0,0,0,1,-1,1,0,1,1,1,0,0,0,0,0,16,0,0,5,7,7,2,3,6,1,20,22,0,0,0,0,0,0,0,0,7,1,1,0,0,0,0,2,2,1,2,KRBKRNvK,DRAW,7K/6rn/8/4R3/2k5/8/8/3B4 b - - 0 1
1,1,0,0,0,0,0,1,-1,1,0,1,1,1,0,0,0,0,0,16,0,0,6,5,1,5,7,3,4,6,0,1,0,0,0,0,0,0,0,7,1,1,0,0,0,0,0,3,1,0,KRBKRNvK,DRAW,4Bk2/8/3n4/5r2/8/8/5K2/1R6 w - - 0 1
1,1,0,0,0,0,0,1,-1,1,0,1,1,1,0,0,0,0,0,16,0,0,6,7,7,7,1,6,5,23,24,0,0,0,0,0,0,0,0,7,1,1,0,1,0,0,2,1,0,0,KRBKRNvK,DRAW,5B1K/8/8/5n2/8/3R4/1r5k/8 w - - 0 1
1,1,0,0,0,0,0,1,-1,1,0,1,1,1,0,0,0,0,0,16,0,0,5,0,5,5,1,4,3,28,20,0,0,0,0,0,0,0,0,7,1,1,0,0,0,0,2,0,1,0,KRBKRNvK,DRAW,8/7r/K7/3R4/5B2/7n/5k2/8 w - - 0 1
1,1,0,0,0,0,0,1,-1,1,0,1,1,1,0,0,0,0,0,16,0,0,7,7,6,0,6,5,5,4,0,1,0,0,0,0,0,0,0,7,1,1,0,0,0,0,2,2,0,0,KRBKRNvK,DRAW,8/k6K/8/4B1R1/7r/8/8/4n3 w - - 0 1
0,1,0,0,0,0,0,1,-1,1,0,1,1,1,0,0,0,0,0,16,0,0,2,3,4,5,2,0,2,3,0,1,0,0,0,0,0,0,0,7,1,1,0,0,0,0,3,3,2,1,KRBKRNvK,DRAW,8/8/2n5/3K4/3B4/5kr1/8/5R2 b - - 0 1
0,1,0,0,0,0,0,1,-1,1,0,1,1,1,0,0,0,0,0,16,0,0,2,7,1,5,1,5,3,23,16,0,0,0,0,0,0,0,0,7,1,1,0,0,0,0,0,0,0,0,KRBKRNvK,WIN,1B6/2r5/R7/8/8/n7/5k1K/8 b - - 0 1
0,1,0,0,0,0,0,1,-1,1,0,1,1,1,0,0,0,0,0,16,0,0,4,0,0,2,4,6,1,28,20,0,0,0,0,0,0,0,0,7,1,1,1,0,0,0,1,2,0,0,KRBKRNvK,DRAW,1r6/7R/4n3/2k5/8/8/7B/K7 b - - 0 1
1,1,0,0,0,0,0,1,-1,1,0,1,1,1,0,0,0,0,0,16,0,0,2,6,2,4,1,3,2,6,0,1,0,0,0,0,0,0,0,7,1,1,0,0,0,0,0,0,1,1,KRBKRNvK,DRAW,2r5/8/5R2/8/8/6K1/4k3/4B2n w - - 0 1
1,1,0,0,0,0,0,1,-1,1,0,1,1,1,0,0,0,0,0,16,0,0,4,3,0,7,2,3,4,25,20,0,0,0,0,0,0,0,0,7,1,1,0,0,0,0,2,2,1,1,KRBKRNvK,DRAW,8/1n6/8/3R4/8/4r1Bk/8/3K4 w - - 0 1
1,1,0,0,0,0,0,1,-1,1,0,1,1,1,0,0,0,0,0,16,0,0,6,3,1,1,7,2,5,8,0,1,0,0,0,0,0,0,0,7,1,1,0,1,0,0,2,1,1,0,KRBKRNvK,DRAW,1k6/8/2B2R2/8/8/6n1/3K3r/8 w - - 0 1
1,1,0,0,0,0,0,1,-1,1,0,1,1,1,0,0,0,0,0,16,0,0,4,5,6,7,2,3,4,5,0,1,0,0,0,0,0,0,0,7,1,1,0,0,0,0,1,1,0,1,KRBKRNvK,LOSS,2R5/2r2K2/3n4/2B5/8/7k/8/8 w - - 0 1
1,1,0,0,0,0,0,1,-1,1,0,1,1,1,0,0,0,0,0,16,0,0,3,3,1,2,4,2,1,28,22,0,0,0,0,0,0,0,0,7,1,1,0,0,0,0,2,4,0,0,KRBKRNvK,DRAW,B7/8/7R/2k5/r5n1/8/3K4/8 w - - 0 1
1,1,0,0,0,0,0,1,-1,1,0,1,1,1,0,0,0,0,0,16,0,0,6,5,1,3,7,3,3,33,14,0,0,0,0,0,0,0,0,7,1,1,0,0,0,0,2,0,1,0,KRBKRNvK,DRAW,3k4/4r3/4B3/6R1/8/8/5K2/1n6 w - - 0 1
0,1,0,0,0,0,0,1,-1,1,0,1,1,1,0,0,0,0,0,16,0,0,3,2,4,5,5,1,2,6,0,1,0,0,0,0,0,0,0,7,1,1,0,0,0,0,2,1,0,0,KRBKRNvK,DRAW,3n4/B4r2/5k2/2K5/8/8/5R2/8 b - - 0 1
1,1,0,0,0,0,0,1,-1,1,0,1,1,1,0,0,0,0,0,16,0,0,3,4,5,1,2,1,3,23,25,0,0,0,0,0,0,0,0,7,1,1,0,0,0,0,2,1,1,0,KRBKRNvK,DRAW,8/5B2/1n2K3/2R5/8/1k6/8/r7 w - - 0 1
1,1,0,0,0,0,0,1,-1,1,0,1,1,1,0,0,0,0,0,16,0,0,5,6,0,4,5,5,1,4,0,1,0,0,0,0,0,0,0,7,1,1,0,0,0,0,2,3,0,1,KRBKRNvK,DRAW,1Rr5/8/4k3/8/8/8/4n3/6KB w - - 0 1
0,1,0,0,0,0,0,1,-1,1,0,1,1,1,0,0,0,0,0,16,0,0,3,7,2,5,5,4,2,26,19,0,0,0,0,0,0,0,0,7,1,1,0,0,0,0,0,3,0,0,KRBKRNvK,DRAW,8/3r4/5k2/8/8/2R4K/1n6/B7 b - - 0 1
1,1,0,0,0,0,0,1,-1,1,0,1,1,1,0,0,0,0,0,16,0,0,7,0,4,7,2,3,4,24,20,0,0,0,0,0,0,0,0,7,1,1,1,0,0,0,0,0,0,0,KRBKRNvK,DRAW,8/5R2/8/K7/B7/6rk/n7/8 w - - 0 1
1,1,0,0,0,0,0,1,-1,1,0,1,1,1,0,0,0,0,0,16,0,0,2,1,4,3,2,2,1,27,21,0,0,0,0,0,0,0,0,7,1,1,0,0,0,0,0,3,1,1,KRBKRNvK,DRAW,7R/1n6/8/1K6/1B2r3/3k4/8/8 w - - 0 1
1,1,0,0,0,0,0,1,-1,1,0,1,1,1,0,0,0,0,0,16,0,0,4,2,6,6,6,3,4,27,17,0,0,0,0,0,0,0,0,7,1,1,0,0,0,0,2,1,0,0,KRBKRNvK,DRAW,6r1/2K3k1/1R6/6n1/8/8/6B1/8 w - - 0 1
1,1,0,0,0,0,0,1,-1,1,0,1,1,1,0,0,0,0,0,16,0,0,2,2,4,0,3,1,3,24,17,0,0,0,0,0,0,0,0,7,1,1,0,0,0,0,4,2,0,1,KRBKRNvK,DRAW,n7/8/8/2K5/k7/3r4/3B4/4R3 w - - 0 1
1,1,0,0,0,0,0,1,-1,1,0,1,1,1,0,0,0,0,0,16,0,0,3,1,1,4,4,4,0,27,22,0,0,0,0,0,0,0,0,7,1,1,0,0,0,0,2,3,0,0,KRBKRNvK,DRAW,8/8/n7/4k3/B4r2/8/1K1R4/8 w - - 0 1
0,1,0,0,0,0,0,1,-1,1,0,1,1,1,0,0,0,0,0,16,0,0,3,4,6,1,4,2,2,26,28,0,0,0,0,0,0,0,0,7,1,1,0,0,0,0,1,3,0,1,KRBKRNvK,DRAW,8/4K3/8/1k3r2/8/6B1/3n4/7R b - - 0 1
0,1,0,0,0,0,0,1,-1,1,0,1,1,1,0,0,0,0,0,16,0,0,3,4,1,7,4,2,3,14,26,0,0,0,0,0,0,0,0,7,1,1,1,0,0,0,2,0,1,0,KRBKRNvK,DRAW,7n/6R1/8/7k/8/7r/4K1B1/8 b - - 0 1
1,1,0,0,0,0,0,1,-1,1,0,1,1,1,0,0,0,0,0,16,0,0,2,6,5,6,3,3,2,24,20,0,0,0,0,0,0,0,0,7,1,1,0,0,0,0,2,2,1,1,KRBKRNvK,DRAW,B7/8/5nK1/8/6k1/7R/8/5r2 w - - 0 1
0,1,0,0,0,0,0,1,-1,1,0,1,1,1,0,0,0,0,0,16,0,0,2,2,4,4,4,1,0,23,19,0,0,0,0,0,0,0,0,7,1,1,0,0,0,0,3,4,0,2,KRBKRNvK,DRAW,8/8/1r6/2K1k3/2n4R/8/8/4B3 b - - 0 1
0,1,0,0,0,0,0,1,-1,1,0,1,1,1,0,0,0,0,0,16,0,0,6,1,6,7,0,4,6,19,26,0,0,0,0,0,0,0,0,7,1,1,0,0,0,0,2,0,0,1,KRBKRNvK,DRAW,3R4/1K6/r7/6B1/8/8/8/6nk b - - 0 1
1,1,0,0,0,0,0,1,-1,1,0,1,1,1,0,0,0,0,0,16,0,0,2,7,7,5,7,6,4,1,0,1,0,0,0,0,0,0,0,7,1,1,0,0,0,0,1,2,1,1,KRBKRNvK,LOSS,5k1K/5n2/6R1/r7/8/8/7B/8 w - - 0 1
1,1,0,0,0,0,0,1,-1,1,0,1,1,1,0,0,0,0,0,16,0,0,7,0,5,7,1,4,5,24,19,0,0,0,0,0,0,0,0,7,1,1,0,1,0,0,0,0,0,0,KRBKRNvK,DRAW,8/8/KR6/8/8/7n/6rk/4B3 w - - 0 1
1,1,0,0,0,0,0,1,-1,1,0,1,1,1,0,0,0,0,0,16,0,0,7,0,2,7,0,4,6,26,18,0,0,0,0,0,0,0,0,7,1,1,0,1,0,0,2,3,0,0,KRBKRNvK,DRAW,8/8/2R5/8/8/K7/1B1r1n2/7k w - - 0 1
1,1,0,0,0,0,0,1,-1,1,0,1,1,1,0,0,0,0,0,16,0,0,3,1,1,4,1,4,2,28,24,0,0,0,0,0,0,0,0,7,1,1,0,0,0,0,0,2,0,0,KRBKRNvK,DRAW,8/8/7R/3r4/B7/8/1K2k3/4n3 w - - 0 1
0,1,0,0,0,0,0,1,-1,1,0,1,1,1,0,0,0,0,0,16,0,0,6,7,1,1,6,5,4,24,21,0,0,0,0,0,0,0,0,7,1,1,0,0,0,0,0,2,0,0,KRBKRNvK,DRAW,3n3R/1k6/8/5r2/B7/8/7K/8 b - - 0 1
1,1,0,0,0,0,0,1,-1,1,0,1,1,1,0,0,0,0,0,16,0,0,6,1,6,0,0,4,6,26,22,0,0,0,0,0,0,0,0,7,1,1,0,0,0,0,1,3,0,1,KRBKRNvK,DRAW,8/1K3n2/3r4/8/8/6R1/5B2/k7 w - - 0 1
0,1,0,0,0,0,0,1,-1,1,0,1,1,1,0,0,0,0,0,16,0,0,2,0,4,1,2,3,3,3,0,1,0,0,0,0,0,0,0,7,1,1,0,0,0,0,0,0,1,0,KRBKRNvK,DRAW,8/8/6r1/K7/B7/1k5R/8/2n5 b - - 0 1
1,1,0,0,0,0,0,1,-1,1,0,1,1,1,0,0,0,0,0,16,0,0,6,1,2,7,5,3,4,29,21,0,0,0,0,0,0,0,0,7,1,1,1,0,0,0,3,2,0,0,KRBKRNvK,DRAW,8/1B1R4/4r2k/8/6n1/1K6/8/8 w - - 0 1
1,1,0,0,0,0,0,1,-1,1,0,1,1,1,0,0,0,0,0,16,0,0,4,5,4,1,4,1,2,5,0,1,0,0,0,0,0,0,0,7,1,1,0,0,0,0,2,2,1,1,KRBKRNvK,DRAW,8/8/8/1kr2K2/7n/R7/7B/8 w - - 0 1
0,1,0,0,0,0,0,1,-1,1,0,1,1,1,0,0,0,0,0,16,0,0,4,2,0,6,1,4,4,25,20,0,0,0,0,0,0,0,0,7,1,1,0,0,0,0,1,2,0,0,KRBKRNvK,DRAW,3r4/8/6B1/8/8/8/6k1/R1K2n2 b - - 0 1
0,1,0,0,0,0,0,1,-1,1,0,1,1,1,0,0,0,0,0,16,0,0,5,6,2,1,4,3,2,26,31,0,0,0,0,0,0,0,0,7,1,1,0,0,0,0,2,1,1,0,KRBKRNvK,DRAW,7r/8/8/1k1B4/8/1n4K1/4R3/8 b - - 0 1
1,1,0,0,0,0,0,1,-1,1,0,1,1,1,0,0,0,0,0,16,0,0,2,3,1,1,3,2,2,22,22,0,0,0,0,0,0,0,0,7,1,1,0,0,0,0,0,1,1,0,KRBKRNvK,DRAW,8/1r6/R7/5n2/1k6/8/3K4/4B3 w - - 0 1
1,1,0,0,0,0,0,1,-1,1,0,1,1,1,0,0,0,0,0,16,0,0,2,2,0,4,1,4,2,3,0,1,0,0,0,0,0,0,0,7,1,1,0,0,0,0,1,0,0,0,KRBKRNvK,DRAW,8/8/2r3B1/8/8/8/4k1n1/2K4R w - - 0 1
1,1,0,0,0,0,0,1,-1,1,0,1,1,1,0,0,0,0,0,16,0,0,5,1,7,3,2,5,1,22,25,0,0,0,0,0,0,0,0,7,1,1,0,0,0,0,1,2,1,0,KRBKRNvK,DRAW,RK6/8/8/8/6r1/3kB3/2n5/8 w - - 0 1
1,1,0,0,0,0,0,1,-1,1,0,1,1,1,0,0,0,0,0,16,0,0,4,0,2,4,6,4,2,4,0,1,0,0,0,0,0,0,0,7,1,1,0,0,0,0,2,3,0,0,KRBKRNvK,DRAW,8/4k3/5n2/8/8/K3rB2/8/R7 w - - 0 1
1,1,0,0,0,0,0,1,-1,1,0,1,1,1,0,0,0,0,0,16,0,0,5,5,7,2,2,4,2,1,0,1,0,0,0,0,0,0,0,7,1,1,0,0,0,0,1,3,0,2,KRBKRNvK,DRAW,4rK2/7B/1R1n4/8/8/2k5/8/8 w - - 0 1
1,1,0,0,0,0,0,1,-1,1,0,1,1,1,0,0,0,0,0,16,0,0,7,5,7,3,0,4,3,3,0,1,0,0,0,0,0,0,0,7,1,1,0,0,0,0,2,0,1,1,KRBKRNvK,DRAW,5K1r/1n6/7B/8/8/4R3/8/3k4 w - - 0 1
1,1,0,0,0,0,0,1,-1,1,0,1,1,1,0,0,0,0,0,16,0,0,5,5,1,5,6,3,3,6,0,1,0,0,0,0,0,0,0,7,1,1,0,1,0,0,3,2,1,1,KRBKRNvK,DRAW,8/5kB1/n7/2R5/8/8/3r1K2/8 w - - 0 1
1,1,0,0,0,0,0,1,-1,1,0,1,1,1,0,0,0,0,0,16,0,0,3,4,5,1,4,1,2,30,21,0,0,0,0,0,0,0,0,7,1,1,1,0,0,0,3,2,0,1,KRBKRNvK,DRAW,8/6R1/4K3/1kr5/8/n4B2/8/8 w - - 0 1
1,1,0,0,0,0,0,1,-1,1,0,1,1,1,0,0,0,0,0,16,0,0,5,4,2,7,7,1,6,5,0,1,0,0,0,0,0,0,0,7,1,1,0,0,0,0,4,3,0,2,KRBKRNvK,DRAW,7k/8/8/2R5/2r1B1n1/4K3/8/8 w - - 0 1
0,1,0,0,0,0,0,1,-1,1,0,1,1,1,0,0,0,0,0,16,0,0,2,2,1,4,0,3,3,18,28,0,0,0,0,0,0,0,0,7,1,1,0,0,0,0,2,0,0,0,KRBKRNvK,DRAW,1n3r2/8/8/8/8/7R/1BK5/4k3 b - - 0 1
0,1,0,0,0,0,0,1,-1,1,0,1,1,1,0,0,0,0,0,16,0,0,3,1,1,4,2,4,1,28,26,0,0,0,0,0,0,0,0,7,1,1,0,0,0,0,1,4,0,0,KRBKRNvK,DRAW,8/8/R4n2/6r1/8/4k3/1K6/1B6 b - - 0 1
0,1,0,0,0,0,0,1,-1,1,0,1,1,1,0,0,0,0,0,16,0,0,3,1,5,4,7,3,3,4,0,1,0,0,0,0,0,0,0,7,1,1,0,0,0,0,2,2,0,0,KRBKRNvK,LOSS,4k3/8/1K6/7B/5R1n/8/8/3r4 b - - 0 1
1,1,0,0,0,0,0,1,-1,1,0,1,1,1,0,0,0,0,0,16,0,0,3,4,1,7,1,2,5,8,0,1,0,0,0,0,0,0,0,7,1,1,0,0,0,0,1,2,1,0,KRBKRNvK,WIN,8/8/3nr3/8/3B4/5R2/4K2k/8 w - - 0 1
0,1,0,0,0,0,0,1,-1,1,0,1,1,1,0,0,0,0,0,16,0,0,6,0,6,6,7,5,5,18,23,0,0,0,0,0,0,0,0,7,1,1,0,0,0,0,1,2,0,2,KRBKRNvK,DRAW,6k1/K7/n7/r7/8/5R2/8/6B1 b - - 0 1
0,1,0,0,0,0,0,1,-1,1,0,1,1,1,0,0,0,0,0,16,0,0,4,5,2,1,3,2,2,7,0,1,0,0,0,0,0,0,0,7,1,1,0,1,0,0,2,1,0,2,KRBKRNvK,DRAW,8/8/6B1/8/1k3R2/4nK2/7r/8 b - - 0 1
1,1,0,0,0,0,0,1,-1,1,0,1,1,1,0,0,0,0,0,16,0,0,5,6,0,1,1,5,4,3,0,1,0,0,0,0,0,0,0,7,1,1,0,0,0,0,1,2,0,0,KRBKRNvK,DRAW,8/8/n5B1/8/8/8/1k6/3r2KR w - - 0 1
1,1,0,0,0,0,0,1,-1,1,0,1,1,1,0,0,0,0,0,16,0,0,4,4,5,0,1,1,5,25,21,0,0,0,0,0,0,0,0,7,1,1,0,0,0,0,3,2,1,0,KRBKRNvK,DRAW,8/8/4K2R/8/8/2Br4/k1n5/8 w - - 0 1
1,1,0,0,0,0,0,1,-1,1,0,1,1,1,0,0,0,0,0,16,0,0,3,4,7,7,4,3,3,20,22,0,0,0,0,0,0,0,0,7,1,1,1,0,0,0,0,0,0,0,KRBKRNvK,DRAW,1n2K3/R7/8/7k/B7/8/8/2r5 w - - 0 1
0,1,0,0,0,0,0,1,-1,1,0,1,1,1,0,0,0,0,0,16,0,0,4,3,3,7,7,0,6,2,0,1,0,0,0,0,0,0,0,7,1,1,0,1,0,0,3,1,1,1,KRBKRNvK,DRAW,5R1k/3B1n2/8/8/3K4/8/5r2/8 b - - 0 1
1,1,0,0,0,0,0,1,-1,1,0,1,1,1,0,0,0,0,0,16,0,0,2,6,4,7,2,2,4,24,15,0,0,0,0,0,0,0,0,7,1,1,0,0,0,0,2,0,0,0,KRBKRNvK,DRAW,4Br2/8/8/6K1/2R5/7k/7n/8 w - - 0 1
0,1,0,0,0,0,0,1,-1,1,0,1,1,1,0,0,0,0,0,16,0,0,4,7,5,3,3,4,0,21,26,0,0,0,0,0,0,0,0,7,1,1,0,0,0,0,0,3,0,0,KRBKRNvK,DRAW,1r6/n7/7K/8/3k4/6R1/8/5B2 b - - 0 1
0,1,0,0,0,0,0,1,-1,1,0,1,1,1,0,0,0,0,0,16,0,0,3,1,6,0,3,4,3,3,0,1,0,0,0,0,0,0,0,7,1,1,0,0,0,0,3,0,2,1,KRBKRNvK,DRAW,5r2/1K6/n1B5/2R5/k7/8/8/8 b - - 0 1
0,1,0,0,0,0,0,1,-1,1,0,1,1,1,0,0,0,0,0,16,0,0,2,2,4,0,2,1,4,18,21,0,0,0,0,0,0,0,0,7,1,1,0,0,0,0,2,2,0,0,KRBKRNvK,DRAW,3R4/3B4/8/2K5/7r/k7/8/7n b - - 0 1
1,1,0,0,0,0,0,1,-1,1,0,1,1,1,0,0,0,0,0,16,0,0,3,3,3,1,0,0,5,7,0,1,0,0,0,0,0,0,0,7,1,1,1,0,0,0,3,2,0,1,KRBKRNvK,DRAW,8/1BR5/8/8/3K1r2/n7/8/1k6 w - - 0 1
0,1,0,0,0,0,0,1,-1,1,0,1,1,1,0,0,0,0,0,16,0,0,3,7,3,4,5,3,1,7,0,1,0,0,0,0,0,0,0,7,1,1,0,0,0,0,2,3,0,0,KRBKRNvK,DRAW,8/8/2n1k3/1r6/7K/8/4R2B/8 b - - 0 1
0,1,0,0,0,0,0,1,-1,1,0,1,1,1,0,0,0,0,0,16,0,0,7,7,7,5,0,6,4,22,22,0,0,0,0,0,0,0,0,7,1,1,0,0,0,0,2,1,0,1,KRBKRNvK,DRAW,7K/5r2/8/8/6R1/Bn6/8/5k2 b - - 0 1
0,1,0,0,0,0,0,1,-1,1,0,1,1,1,0,0,0,0,0,16,0,0,3,4,5,1,4,1,2,25,26,0,0,0,0,0,0,0,0,7,1,1,0,0,0,0,3,2,0,1,KRBKRNvK,DRAW,8/8/4KB2/1k6/3r4/n7/6R1/8 b - - 0 1
0,1,0,0,0,0,0,1,-1,1,0,1,1,1,0,0,0,0,0,16,0,0,4,7,6,3,7,5,3,26,30,0,0,0,0,0,0,0,0,7,1,1,0,0,0,0,1,2,0,1,KRBKRNvK,DRAW,3k4/7K/8/4Bn2/2r5/8/R7/8 b - - 0 1
0,1,0,0,0,0,0,1,-1,1,0,1,1,1,0,0,0,0,0,16,0,0,3,1,0,4,1,5,2,23,20,0,0,0,0,0,0,0,0,7,1,1,0,0,0,0,0,1,1,0,KRBKRNvK,DRAW,2r5/8/1n6/B7/8/8/4k3/1K4R1 b - - 0 1
1,1,0,0,0,0,0,1,-1,1,0,1,1,1,0,0,0,0,0,16,0,0,5,1,1,6,2,4,3,5,0,1,0,0,0,0,0,0,0,7,1,1,1,0,0,0,1,2,1,1,KRBKRNvK,DRAW,8/7R/8/8/1r2B3/6k1/1K6/4n3 w - - 0 1
0,1,0,0,0,0,0,1,-1,1,0,1,1,1,0,0,0,0,0,16,0,0,6,1,6,7,2,4,4,22,22,0,0,0,0,0,0,0,0,7,1,1,0,0,0,0,2,1,0,0,KRBKRNvK,DRAW,3B4/1K2n3/8/8/4R3/2r4k/8/8 b - - 0 1
1,1,0,0,0,0,0,1,-1,1,0,1,1,1,0,0,0,0,0,16,0,0,3,1,5,4,4,3,0,28,22,0,0,0,0,0,0,0,0,7,1,1,0,0,0,0,2,4,0,0,KRBKRNvK,DRAW,8/8/1K4n1/4k3/8/6r1/8/2R4B w - - 0 1
1,1,0,0,0,0,0,1,-1,1,0,1,1,1,0,0,0,0,0,16,0,0,2,3,2,3,4,1,0,14,25,0,0,0,0,0,0,0,0,7,1,1,0,0,0,0,2,3,1,0,KRBKRNvK,DRAW,5r2/8/8/3k4/6n1/1R1K4/8/1B6 w - - 0 1
0,1,0,0,0,0,0,1,-1,1,0,1,1,1,0,0,0,0,0,16,0,0,2,1,5,3,7,3,3,2,0,1,0,0,0,0,0,0,0,7,1,1,0,0,0,0,0,0,0,0,KRBKRNvK,DRAW,R2k4/8/1K6/8/8/6r1/3B4/6n1 b - - 0 1
1,1,0,0,0,0,0,1,-1,1,0,1,1,1,0,0,0,0,0,16,0,0,3,5,5,7,2,2,4,25,14,0,0,0,0,0,0,0,0,7,1,1,0,1,0,0,3,0,0,1,KRBKRNvK,DRAW,8/4B3/5K1n/8/2R5/7k/7r/8 w - - 0 1
0,1,0,0,0,0,0,1,-1,1,0,1,1,1,0,0,0,0,0,16,0,0,3,3,3,0,1,0,5,22,18,0,0,0,0,0,0,0,0,7,1,1,0,0,0,0,4,1,0,2,KRBKRNvK,DRAW,8/B7/4r3/4nR2/3K4/8/k7/8 b - - 0 1
0,1,0,0,0,0,0,1,-1,1,0,1,1,1,0,0,0,0,0,16,0,0,4,4,1,3,5,2,1,23,32,0,0,0,0,0,0,0,0,7,1,1,0,0,0,0,1,2,1,0,KRBKRNvK,DRAW,8/5n2/3k4/5r2/3B4/8/4K3/1R6 b - - 0 1
1,1,0,0,0,0,0,1,-1,1,0,1,1,1,0,0,0,0,0,16,0,0,3,6,0,6,3,5,2,23,26,0,0,0,0,0,0,0,0,7,1,1,0,0,0,0,2,1,1,0,KRBKRNvK,DRAW,8/7r/6n1/8/6k1/8/6B1/2R3K1 w - - 0 1
0,1,0,0,0,0,0,1,-1,1,0,1,1,1,0,0,0,0,0,16,0,0,6,5,1,0,7,3,6,2,0,1,0,0,0,0,0,0,0,7,1,1,0,0,0,0,1,2,0,2,KRBKRNvK,DRAW,k7/8/8/8/R2n3r/8/5K2/3B4 b - - 0 1
1,1,0,0,0,0,0,1,-1,1,0,1,1,1,0,0,0,0,0,16,0,0,5,6,5,3,0,3,3,8,0,1,0,0,0,0,0,0,0,7,1,1,0,0,0,0,3,1,0,0,KRBKRNvK,DRAW,8/8/2B3K1/8/R7/8/2n5/3k2r1 w - - 0 1
1,1,0,0,0,0,0,1,-1,1,0,1,1,1,0,0,0,0,0,16,0,0,4,4,3,1,7,0,5,21,27,0,0,0,0,0,0,0,0,7,1,1,0,0,0,0,4,1,0,1,KRBKRNvK,DRAW,1k6/7r/4n3/8/4K3/8/8/6RB w - - 0 1
0,1,0,0,0,0,0,1,-1,1,0,1,1,1,0,0,0,0,0,16,0,0,4,4,0,2,4,3,1,5,0,1,0,0,0,0,0,0,0,7,1,1,0,0,0,0,3,2,0,0,KRBKRNvK,LOSS,r7/8/8/2k4R/8/1n6/6B1/4K3 b - - 0 1
0,1,0,0,0,0,0,1,-1,1,0,1,1,1,0,0,0,0,0,16,0,0,3,4,0,7,3,3,3,4,0,1,0,0,0,0,0,0,0,7,1,1,0,1,0,0,2,1,0,1,KRBKRNvK,DRAW,8/8/4n3/8/4R2k/8/2r5/2B1K3 b - - 0 1
1,1,0,0,0,0,0,1,-1,1,0,1,1,1,0,0,0,0,0,16,0,0,5,5,2,5,7,2,4,6,0,1,0,0,0,0,0,0,0,7,1,1,0,0,0,0,2,0,0,0,KRBKRNvK,DRAW,5k2/8/R7/8/4B3/1r3K2/8/1n6 w - - 0 1
1,1,0,0,0,0,0,1,-1,1,0,1,1,1,0,0,0,0,0,16,0,0,4,7,4,7,0,3,6,5,0,1,0,0,0,0,0,0,0,7,1,1,0,0,0,0,0,2,0,0,KRBKRNvK,DRAW,8/8/5R2/2r4K/8/8/4B3/5n1k w - - 0 1
0,1,0,0,0,0,0,1,-1,1,0,1,1,1,0,0,0,0,0,16,0,0,2,0,5,1,7,4,5,20,16,0,0,0,0,0,0,0,0,7,1,1,1,0,0,0,0,1,1,0,KRBKRNvK,DRAW,1k3B2/R7/K7/8/8/1r6/5n2/8 b - - 0 1
1,1,0,0,0,0,0,1,-1,1,0,1,1,1,0,0,0,0,0,16,0,0,5,2,1,7,2,3,4,5,0,1,0,0,0,0,0,0,0,7,1,1,0,0,0,0,0,1,0,0,KRBKRNvK,DRAW,2r5/8/7B/8/8/6nk/1RK5/8 w - - 0 1
0,1,0,0,0,0,0,1,-1,1,0,1,1,1,0,0,0,0,0,16,0,0,2,5,2,7,4,2,3,2,0,1,0,0,0,0,0,0,0,7,1,1,1,0,0,0,2,2,1,1,KRBKRNvK,DRAW,8/7R/1B2n3/7k/6r1/5K2/8/8 b - - 0 1
0,1,0,0,0,0,0,1,-1,1,0,1,1,1,0,0,0,0,0,16,0,0,4,0,4,4,3,3,0,24,25,0,0,0,0,0,0,0,0,7,1,1,0,1,0,0,1,4,2,0,KRBKRNvK,DRAW,8/8/2RB1n2/K7/4k3/8/5r2/8 b - - 0 1
0,1,0,0,0,0,0,1,-1,1,0,1,1,1,0,0,0,0,0,16,0,0,2,6,1,4,3,4,0,18,26,0,0,0,0,0,0,0,0,7,1,1,0,0,0,0,1,4,0,0,KRBKRNvK,DRAW,R7/6B1/8/4r3/4k3/8/6K1/n7 b - - 0 1
1,1,0,0,0,0,0,1,-1,1,0,1,1,1,0,0,0,0,0,16,0,0,2,7,5,7,3,4,3,3,0,1,0,0,0,0,0,0,0,7,1,1,1,0,0,0,1,1,0,1,KRBKRNvK,DRAW,7r/2R5/3n3K/2B5/7k/8/8/8 w - - 0 1
0,1,0,0,0,0,0,1,-1,1,0,1,1,1,0,0,0,0,0,16,0,0,5,3,5,4,0,1,3,4,0,1,0,0,0,0,0,0,0,7,1,1,1,0,0,0,3,0,1,0,KRBKRNvK,LOSS,8/r1R5/3K4/n7/8/2B5/8/4k3 b - - 0 1
1,1,0,0,0,0,0,1,-1,1,0,1,1,1,0,0,0,0,0,16,0,0,4,2,3,6,7,1,5,31,13,0,0,0,0,0,0,0,0,7,1,1,0,0,0,0,3,0,1,0,KRBKRNvK,DRAW,6k1/n4r2/5B2/8/2K5/1R6/8/8 w - - 0 1
1,1,0,0,0,0,0,1,-1,1,0,1,1,1,0,0,0,0,0,16,0,0,3,5,1,3,4,3,0,7,0,1,0,0,0,0,0,0,0,7,1,1,1,0,0,0,0,3,1,0,KRBKRNvK,DRAW,8/R3Br2/8/3k4/8/8/5K2/1n6 w - - 0 1
0,1,0,0,0,0,0,1,-1,1,0,1,1,1,0,0,0,0,0,16,0,0,5,7,0,3,5,6,1,4,0,1,0,0,0,0,0,0,0,7,1,1,0,0,0,0,0,2,1,0,KRBKRNvK,DRAW,1n4r1/8/3k1R2/8/8/B7/8/7K b - - 0 1
1,1,0,0,0,0,0,1,-1,1,0,1,1,1,0,0,0,0,0,16,0,0,6,4,7,7,1,3,5,4,0,1,0,0,0,0,0,0,0,7,1,1,0,0,0,0,2,0,0,0,KRBKRNvK,DRAW,2B1K2r/8/8/5R2/n7/8/7k/8 w - - 0 1
0,1,0,0,0,0,0,1,-1,1,0,1,1,1,0,0,0,0,0,16,0,0,5,2,5,5,0,2,4,19,26,0,0,0,0,0,0,0,0,7,1,1,0,0,0,0,2,0,1,0,KRBKRNvK,DRAW,8/8/2K5/7B/7n/3R4/8/1r3k2 b - - 0 1
0,1,0,0,0,0,0,1,-1,1,0,1,1,1,0,0,0,0,0,16,0,0,4,0,2,1,6,4,4,29,20,0,0,0,0,0,0,0,0,7,1,1,0,1,0,0,2,1,0,0,KRBKRNvK,DRAW,8/1k6/8/8/8/K2nR3/5r2/3B4 b - - 0 1
1,1,0,0,0,0,0,1,-1,1,0,1,1,1,0,0,0,0,0,16,0,0,2,4,0,2,2,3,2,3,0,1,0,0,0,0,0,0,0,7,1,1,0,0,0,0,2,3,1,1,KRBKRNvK,DRAW,8/4r3/8/2B5/6R1/2k5/6n1/4K3 w - - 0 1
1,1,0,0,0,0,0,1,-1,1,0,1,1,1,0,0,0,0,0,16,0,0,3,2,5,5,5,2,2,25,24,0,0,0,0,0,0,0,0,7,1,1,0,0,0,0,1,1,0,0,KRBKRNvK,DRAW,7n/8/2K2k2/B7/8/8/R7/6r1 w - - 0 1
0,1,0,0,0,0,0,1,-1,1,0,1,1,1,0,0,0,0,0,16,0,0,7,0,4,7,4,3,3,24,23,0,0,0,0,0,0,0,0,7,1,1,0,0,0,0,1,2,0,0,KRBKRNvK,DRAW,8/2B5/8/K6k/3r4/1R4n1/8/8 b - - 0 1
1,1,0,0,0,0,0,1,-1,1,0,1,1,1,0,0,0,0,0,16,0,0,3,7,4,4,4,3,0,24,23,0,0,0,0,0,0,0,0,7,1,1,0,0,0,0,0,4,0,1,KRBKRNvK,DRAW,8/5n2/8/B3k2K/8/4r3/1R6/8 w - - 0 1
0,1,0,0,0,0,0,1,-1,1,0,1,1,1,0,0,0,0,0,16,0,0,3,5,3,7,0,1,6,1,0,1,0,0,0,0,0,0,0,7,1,1,1,0,0,0,3,1,0,0,KRBKRNvK,LOSS,8/r1n4R/1B6/8/5K2/8/8/7k b - - 0 1
0,1,0,0,0,0,0,1,-1,1,0,1,1,1,0,0,0,0,0,16,0,0,5,1,5,6,3,3,2,26,27,0,0,0,0,0,0,0,0,7,1,1,0,0,0,0,1,3,0,1,KRBKRNvK,DRAW,8/8/1K6/2n4r/3B2k1/8/2R5/8 b - - 0 1
1,1,0,0,0,0,0,1,-1,1,0,1,1,1,0,0,0,0,0,16,0,0,4,4,2,0,4,1,3,25,25,0,0,0,0,0,0,0,0,7,1,1,0,1,0,0,2,0,0,1,KRBKRNvK,DRAW,8/4B3/8/k3n3/5R2/4K3/1r6/8 w - - 0 1
1,1,0,0,0,0,0,1,-1,1,0,1,1,1,0,0,0,0,0,16,0,0,2,5,4,3,3,1,0,17,27,0,0,0,0,0,0,0,0,7,1,1,0,1,0,0,2,3,0,0,KRBKRNvK,DRAW,2B5/8/8/2n2K1R/3k4/8/r7/8 w - - 0 1
0,1,0,0,0,0,0,1,-1,1,0,1,1,1,0,0,0,0,0,16,0,0,5,6,1,7,6,4,5,4,0,1,0,0,0,0,0,0,0,7,1,1,0,0,0,0,0,3,1,1,KRBKRNvK,LOSS,8/7k/2n5/6B1/5r2/7R/6K1/8 b - - 0 1
0,1,0,0,0,0,0,1,-1,1,0,1,1,1,0,0,0,0,0,16,0,0,4,5,3,1,4,1,2,7,0,1,0,0,0,0,0,0,0,7,1,1,0,0,0,0,2,1,0,0,KRBKRNvK,DRAW,4B3/7r/8/1kn5/5K2/8/8/7R b - - 0 1
1,1,0,0,0,0,0,1,-1,1,0,1,1,1,0,0,0,0,0,16,0,0,6,6,1,1,7,4,5,27,25,0,0,0,0,0,0,0,0,7,1,1,0,0,0,0,2,2,0,1,KRBKRNvK,DRAW,1k6/8/8/1n6/7r/8/1B4K1/5R2 w - - 0 1
1,1,0,0,0,0,0,1,-1,1,0,1,1,1,0,0,0,0,0,16,0,0,5,3,1,1,6,2,4,7,0,1,0,0,0,0,0,0,0,7,1,1,0,1,0,0,1,0,0,1,KRBKRNvK,DRAW,1n6/1k5B/8/8/8/8/1r1K4/R7 w - - 0 1
0,1,0,0,0,0,0,1,-1,1,0,1,1,1,0,0,0,0,0,16,0,0,2,0,4,1,2,3,3,2,0,1,0,0,0,0,0,0,0,7,1,1,0,0,0,0,3,0,2,0,KRBKRNvK,DRAW,8/8/8/K2B4/7n/1k1R4/8/7r b - - 0 1
0,1,0,0,0,0,0,1,-1,1,0,1,1,1,0,0,0,0,0,16,0,0,3,2,2,5,3,2,1,7,0,1,0,0,0,0,0,0,0,7,1,1,0,0,0,0,3,2,1,0,KRBKRNvK,DRAW,7n/8/4r3/8/1B1R1k2/2K5/8/8 b - - 0 1
0,1,0,0,0,0,0,1,-1,1,0,1,1,1,0,0,0,0,0,16,0,0,3,2,2,5,0,2,4,23,22,0,0,0,0,0,0,0,0,7,1,1,1,0,0,0,2,2,0,0,KRBKRNvK,DRAW,2B5/1n1R4/8/7r/8/2K5/8/5k2 b - - 0 1
0,1,0,0,0,0,0,1,-1,1,0,1,1,1,0,0,0,0,0,16,0,0,6,1,0,3,6,5,2,4,0,1,0,0,0,0,0,0,0,7,1,1,0,0,0,0,0,2,0,0,KRBKRNvK,LOSS,R3r3/3k4/6n1/8/B7/8/8/1K6 b - - 0 1
1,1,0,0,0,0,0,1,-1,1,0,1,1,1,0,0,0,0,0,16,0,0,4,1,2,5,4,3,1,21,22,0,0,0,0,0,0,0,0,7,1,1,0,0,0,0,0,2,0,0,KRBKRNvK,DRAW,3B2n1/6r1/8/5k2/8/RK6/8/8 w - - 0 1
0,1,0,0,0,0,0,1,-1,1,0,1,1,1,0,0,0,0,0,16,0,0,7,0,7,7,0,6,6,20,24,0,0,0,0,0,0,0,0,7,1,1,0,0,0,0,2,0,0,1,KRBKRNvK,DRAW,K7/1n6/2R5/8/8/7r/8/B6k b - - 0 1
1,1,0,0,0,0,0,1,-1,1,0,1,1,1,0,0,0,0,0,16,0,0,4,2,6,6,3,3,2,7,0,1,0,0,0,0,0,0,0,7,1,1,0,0,0,0,0,0,1,1,KRBKRNvK,DRAW,n7/2K5/8/1B6/6k1/5r2/7R/8 w - - 0 1
0,1,0,0,0,0,0,1,-1,1,0,1,1,1,0,0,0,0,0,16,0,0,2,4,6,4,4,2,0,3,0,1,0,0,0,0,0,0,0,7,1,1,0,0,0,0,3,3,0,1,KRBKRNvK,LOSS,B7/4K3/3r4/1R2k3/8/8/8/7n b - - 0 1
0,1,0,0,0,0,0,1,-1,1,0,1,1,1,0,0,0,0,0,16,0,0,4,7,1,4,5,5,1,22,24,0,0,0,0,0,0,0,0,7,1,1,0,0,0,0,2,3,0,1,KRBKRNvK,DRAW,8/8/4k3/1R6/8/6Bn/7K/3r4 b - - 0 1
0,1,0,0,0,0,0,1,-1,1,0,1,1,1,0,0,0,0,0,16,0,0,6,0,6,6,4,5,2,25,20,0,0,0,0,0,0,0,0,7,1,1,0,0,0,0,2,2,0,0,KRBKRNvK,DRAW,4r3/K7/B7/6k1/R7/6n1/8/8 b - - 0 1
1,1,0,0,0,0,0,1,-1,1,0,1,1,1,0,0,0,0,0,16,0,0,6,1,1,4,7,4,3,24,23,0,0,0,0,0,0,0,0,7,1,1,0,0,0,0,1,3,0,1,KRBKRNvK,DRAW,4k3/8/7R/8/r5n1/8/1K5B/8 w - - 0 1
0,1,0,0,0,0,0,1,-1,1,0,1,1,1,0,0,0,0,0,16,0,0,6,3,0,6,6,3,4,24,29,0,0,0,0,0,0,0,0,7,1,1,0,0,0,0,2,0,1,0,KRBKRNvK,DRAW,3n4/6k1/1r6/5B2/8/8/4R3/3K4 b - - 0 1
1,1,0,0,0,0,0,1,-1,1,0,1,1,1,0,0,0,0,0,16,0,0,3,4,4,7,4,0,3,21,20,0,0,0,0,0,0,0,0,7,1,1,0,1,0,0,4,0,0,0,KRBKRNvK,DRAW,8/8/8/4K2k/8/4R3/2r5/n1B5 w - - 0 1
1,1,0,0,0,0,0,1,-1,1,0,1,1,1,0,0,0,0,0,16,0,0,5,2,1,7,5,3,4,8,0,1,0,0,0,0,0,0,0,7,1,1,0,1,0,0,2,1,0,1,KRBKRNvK,DRAW,8/8/7k/6n1/1R1B4/8/r1K5/8 w - - 0 1
1,1,0,0,0,0,0,1,-1,1,0,1,1,1,0,0,0,0,0,16,0,0,4,0,1,4,2,5,1,32,21,0,0,0,0,0,0,0,0,7,1,1,0,0,0,0,1,3,1,0,KRBKRNvK,DRAW,1R6/2n5/8/8/4B3/4k2r/K7/8 w - - 0 1
0,1,0,0,0,0,0,1,-1,1,0,1,1,1,0,0,0,0,0,16,0,0,3,7,7,4,5,6,1,21,22,0,0,0,0,0,0,0,0,7,1,1,0,0,0,0,2,2,1,1,KRBKRNvK,DRAW,6nK/8/4k3/7B/3R4/5r2/8/8 b - - 0 1
1,1,0,0,0,0,0,1,-1,1,0,1,1,1,0,0,0,0,0,16,0,0,4,2,0,6,1,4,4,3,0,1,0,0,0,0,0,0,0,7,1,1,1,0,0,0,2,2,0,1,KRBKRNvK,DRAW,8/4R3/8/B7/2r5/1n6/6k1/2K5 w - - 0 1
1,1,0,0,0,0,0,1,-1,1,0,1,1,1,0,0,0,0,0,16,0,0,4,3,5,3,1,1,2,29,21,0,0,0,0,0,0,0,0,7,1,1,0,1,0,0,4,0,0,0,KRBKRNvK,DRAW,8/n2B4/3K4/8/7R/8/3k2r1/8 w - - 0 1
0,1,0,0,0,0,0,1,-1,1,0,1,1,1,0,0,0,0,0,16,0,0,2,5,5,4,3,2,0,4,0,1,0,0,0,0,0,0,0,7,1,1,1,0,0,0,3,3,0,1,KRBKRNvK,DRAW,8/4RB1r/5K2/8/4k3/8/7n/8 b - - 0 1
1,1,0,0,0,0,0,1,-1,1,0,1,1,1,0,0,0,0,0,16,0,0,2,2,4,1,2,1,3,3,0,1,0,0,0,0,0,0,0,7,1,1,0,0,0,0,3,0,0,1,KRBKRNvK,DRAW,7R/8/n4r2/2K5/8/1k3B2/8/8 w - - 0 1
1,1,0,0,0,0,0,1,-1,1,0,1,1,1,0,0,0,0,0,16,0,0,3,0,4,0,1,3,5,24,18,0,0,0,0,0,0,0,0,7,1,1,0,1,0,0,3,2,1,0,KRBKRNvK,DRAW,1B6/8/8/K7/1R6/8/k2r4/6n1 w - - 0 1
0,1,0,0,0,0,0,1,-1,1,0,1,1,1,0,0,0,0,0,16,0,0,4,0,0,4,4,6,0,18,21,0,0,0,0,0,0,0,0,7,1,1,1,0,0,0,1,4,2,0,KRBKRNvK,DRAW,8/5R2/6B1/4k3/4r3/8/4n3/K7 b - - 0 1
1,1,0,0,0,0,0,1,-1,1,0,1,1,1,0,0,0,0,0,16,0,0,5,2,6,1,1,3,4,7,0,1,0,0,0,0,0,0,0,7,1,1,0,0,0,0,0,2,0,1,KRBKRNvK,DRAW,4B2R/2K5/4n3/8/4r3/8/1k6/8 w - - 0 1
1,1,0,0,0,0,0,1,-1,1,0,1,1,1,0,0,0,0,0,16,0,0,6,0,5,6,3,4,2,27,22,0,0,0,0,0,0,0,0,7,1,1,0,1,0,0,1,0,1,0,KRBKRNvK,DRAW,8/8/K5B1/8/6k1/8/5rn1/1R6 w - - 0 1
0,1,0,0,0,0,0,1,-1,1,0,1,1,1,0,0,0,0,0,16,0,0,5,3,2,0,7,1,6,24,29,0,0,0,0,0,0,0,0,7,1,1,0,0,0,0,4,0,0,1,KRBKRNvK,DRAW,k7/8/7r/6R1/3n1B2/3K4/8/8 b - - 0 1
1,1,0,0,0,0,0,1,-1,1,0,1,1,1,0,0,0,0,0,16,0,0,6,2,6,1,0,3,5,23,18,0,0,0,0,0,0,0,0,7,1,1,1,0,0,0,3,0,1,0,KRBKRNvK,DRAW,8/2K1R3/7r/8/7n/8/8/Bk6 w - - 0 1
1,1,0,0,0,0,0,1,-1,1,0,1,1,1,0,0,0,0,0,16,0,0,5,4,6,7,1,2,5,28,16,0,0,0,0,0,0,0,0,7,1,1,0,0,0,0,2,0,1,1,KRBKRNvK,DRAW,r2n4/4K1B1/8/8/8/5R2/7k/8 w - - 0 1
1,1,0,0,0,0,0,1,-1,1,0,1,1,1,0,0,0,0,0,16,0,0,4,1,7,5,7,5,4,24,20,0,0,0,0,0,0,0,0,7,1,1,0,0,0,0,2,2,1,1,KRBKRNvK,DRAW,1K3k1B/1n6/8/1r6/8/7R/8/8 w - - 0 1
1,1,0,0,0,0,0,1,-1,1,0,1,1,1,0,0,0,0,0,16,0,0,3,5,3,4,6,1,2,31,19,0,0,0,0,0,0,0,0,7,1,1,0,0,0,0,3,0,2,0,KRBKRNvK,DRAW,2R5/n3kB2/8/8/5K2/8/8/r7 w - - 0 1
0,1,0,0,0,0,0,1,-1,1,0,1,1,1,0,0,0,0,0,16,0,0,5,5,1,0,4,3,3,22,23,0,0,0,0,0,0,0,0,7,1,1,0,0,0,0,2,1,0,0,KRBKRNvK,DRAW,8/8/1r6/k7/6R1/8/2n2K2/3B4 b - - 0 1
0,1,0,0,0,0,0,1,-1,1,0,1,1,1,0,0,0,0,0,16,0,0,6,0,0,6,3,6,2,23,22,0,0,0,0,0,0,0,0,7,1,1,0,0,0,0,1,2,1,0,KRBKRNvK,DRAW,8/7B/5R2/8/1r4k1/8/3n4/K7 b - - 0 1
1,1,0,0,0,0,0,1,-1,1,0,1,1,1,0,0,0,0,0,16,0,0,2,1,2,1,0,3,5,4,0,1,0,0,0,0,0,0,0,7,1,1,1,0,0,0,0,0,0,0,KRBKRNvK,DRAW,8/5R2/1r6/8/8/1K5B/6n1/1k6 w - - 0 1
1,1,0,0,0,0,0,1,-1,1,0,1,1,1,0,0,0,0,0,16,0,0,2,4,7,2,5,3,2,30,22,0,0,0,0,0,0,0,0,7,1,1,0,0,0,0,2,2,1,0,KRBKRNvK,DRAW,4K3/8/2k5/4Bn2/8/8/3R4/5r2 w - - 0 1
0,1,0,0,0,0,0,1,-1,1,0,1,1,1,0,0,0,0,0,16,0,0,5,1,1,6,4,4,2,4,0,1,0,0,0,0,0,0,0,7,1,1,0,0,0,0,2,2,2,0,KRBKRNvK,DRAW,8/8/3r4/6k1/6R1/7B/1K6/4n3 b - - 0 1
0,1,0,0,0,0,0,1,-1,1,0,1,1,1,0,0,0,0,0,16,0,0,2,1,2,3,2,3,1,20,26,0,0,0,0,0,0,0,0,7,1,1,0,0,0,0,2,4,1,1,KRBKRNvK,DRAW,8/8/8/2r5/7n/1K1k4/5R2/7B b - - 0 1
1,1,0,0,0,0,0,1,-1,1,0,1,1,1,0,0,0,0,0,16,0,0,2,5,1,7,1,3,5,3,0,1,0,0,0,0,0,0,0,7,1,1,0,1,0,0,1,0,0,2,KRBKRNvK,DRAW,R7/8/4B3/8/8/8/5Krk/6n1 w - - 0 1
0,1,0,0,0,0,0,1,-1,1,0,1,1,1,0,0,0,0,0,16,0,0,4,1,4,0,0,2,6,1,0,1,0,0,0,0,0,0,0,7,1,1,0,0,0,0,1,2,0,1,KRBKRNvK,LOSS,1n4B1/8/8/1K6/r7/8/8/k5R1 b - - 0 1
1,1,0,0,0,0,0,1,-1,1,0,1,1,1,0,0,0,0,0,16,0,0,3,2,7,5,7,4,4,26,19,0,0,0,0,0,0,0,0,7,1,1,0,0,0,0,2,0,0,0,KRBKRNvK,DRAW,2K2k2/8/8/8/8/r7/6R1/B6n w - - 0 1
1,1,0,0,0,0,0,1,-1,1,0,1,1,1,0,0,0,0,0,16,0,0,2,3,5,5,4,1,1,19,20,0,0,0,0,0,0,0,0,7,1,1,1,0,0,0,2,2,0,0,KRBKRNvK,DRAW,B7/1R6/3K4/n4k2/8/r7/8/8 w - - 0 1
1,1,0,0,0,0,0,1,-1,1,0,1,1,1,0,0,0,0,0,16,0,0,5,1,4,6,4,2,2,25,28,0,0,0,0,0,0,0,0,7,1,1,0,0,0,0,2,0,0,1,KRBKRNvK,DRAW,8/B7/8/1K4k1/4n3/r7/3R4/8 w - - 0 1
0,1,0,0,0,0,0,1,-1,1,0,1,1,1,0,0,0,0,0,16,0,0,7,1,0,0,7,5,6,19,27,0,0,0,0,0,0,0,0,7,1,1,0,0,0,0,2,0,0,0,KRBKRNvK,DRAW,k7/8/3B4/3R4/7n/5r2/8/1K6 b - - 0 1
0,1,0,0,0,0,0,1,-1,1,0,1,1,1,0,0,0,0,0,16,0,0,4,3,5,4,1,1,2,6,0,1,0,0,0,0,0,0,0,7,1,1,0,0,0,0,2,2,1,0,KRBKRNvK,LOSS,R7/8/3K4/7r/6B1/8/n3k3/8 b - - 0 1
0,1,0,0,0,0,0,1,-1,1,0,1,1,1,0,0,0,0,0,16,0,0,4,5,0,3,4,4,0,19,22,0,0,0,0,0,0,0,0,7,1,1,0,0,0,0,2,3,0,0,KRBKRNvK,DRAW,n7/8/7r/3k4/8/B7/8/4RK2 b - - 0 1
1,1,0,0,0,0,0,1,-1,1,0,1,1,1,0,0,0,0,0,16,0,0,4,7,6,3,7,5,3,25,26,0,0,0,0,0,0,0,0,7,1,1,0,0,0,0,2,2,0,0,KRBKRNvK,DRAW,3k4/7K/8/4n3/4B3/8/4R3/3r4 w - - 0 1
1,1,0,0,0,0,0,1,-1,1,0,1,1,1,0,0,0,0,0,16,0,0,2,5,7,3,7,4,3,22,22,0,0,0,0,0,0,0,0,7,1,1,0,0,0,0,2,3,0,1,KRBKRNvK,DRAW,3k1K2/8/3n4/R2B2r1/8/8/8/8 w - - 0 1
0,1,0,0,0,0,0,1,-1,1,0,1,1,1,0,0,0,0,0,16,0,0,5,1,7,2,2,5,2,13,30,0,0,0,0,0,0,0,0,7,1,1,1,1,0,0,1,2,1,0,KRBKRNvK,DRAW,1K6/7R/8/2B5/8/2k5/2rn4/8 b - - 0 1
0,1,0,0,0,0,0,1,-1,1,0,1,1,1,0,0,0,0,0,16,0,0,6,6,4,0,7,2,6,14,24,0,0,0,0,0,0,0,0,7,1,1,0,1,0,0,0,0,0,0,KRBKRNvK,DRAW,k7/8/8/6K1/8/5R2/4B1nr/8 b - - 0 1
1,1,0,0,0,0,0,1,-1,1,0,1,1,1,0,0,0,0,0,16,0,0,4,0,4,4,1,3,2,6,0,1,0,0,0,0,0,0,0,7,1,1,0,0,0,0,0,2,0,1,KRBKRNvK,DRAW,8/n7/2R5/K4r2/8/B7/4k3/8 w - - 0 1
0,1,0,0,0,0,0,1,-1,1,0,1,1,1,0,0,0,0,0,16,0,0,5,2,6,7,3,3,3,3,0,1,0,0,0,0,0,0,0,7,1,1,0,0,0,0,2,3,0,1,KRBKRNvK,DRAW,8/2K1B3/8/1r6/R6k/1n6/8/8 b - - 0 1
0,1,0,0,0,0,0,1,-1,1,0,1,1,1,0,0,0,0,0,16,0,0,2,4,2,6,1,1,4,21,25,0,0,0,0,0,0,0,0,7,1,1,0,0,0,0,3,0,0,0,KRBKRNvK,DRAW,7R/8/5r2/8/8/4K3/1B4kn/8 b - - 0 1
1,1,0,0,0,0,0,1,-1,1,0,1,1,1,0,0,0,0,0,16,0,0,7,0,4,7,2,3,4,29,14,0,0,0,0,0,0,0,0,7,1,1,0,0,0,0,2,0,1,0,KRBKRNvK,WIN,2n4r/8/8/K7/5B2/7k/4R3/8 w - - 0 1
1,1,0,0,0,0,0,1,-1,1,0,1,1,1,0,0,0,0,0,16,0,0,5,4,0,5,5,3,2,4,0,1,0,0,0,0,0,0,0,7,1,1,0,0,0,0,2,2,2,1,KRBKRNvK,LOSS,5r2/3B4/5k2/4R3/8/5n2/8/4K3 w - - 0 1
0,1,0,0,0,0,0,1,-1,1,0,1,1,1,0,0,0,0,0,16,0,0,3,5,4,2,6,1,3,3,0,1,0,0,0,0,0,0,0,7,1,1,1,0,0,0,3,0,1,1,KRBKRNvK,DRAW,8/1Rk5/8/5K1n/8/r7/8/7B b - - 0 1
1,1,0,0,0,0,0,1,-1,1,0,1,1,1,0,0,0,0,0,16,0,0,4,1,5,5,3,3,1,7,0,1,0,0,0,0,0,0,0,7,1,1,0,0,0,0,0,4,1,2,KRBKRNvK,DRAW,2nr4/8/1K6/8/5k2/8/7R/3B4 w - - 0 1
0,1,0,0,0,0,0,1,-1,1,0,1,1,1,0,0,0,0,0,16,0,0,3,2,1,5,3,3,1,22,25,0,0,0,0,0,0,0,0,7,1,1,0,0,0,0,2,2,1,1,KRBKRNvK,WIN,8/8/B7/3R4/5k2/7r/n1K5/8 b - - 0 1
0,1,0,0,0,0,0,1,-1,1,0,1,1,1,0,0,0,0,0,16,0,0,7,7,3,0,2,3,4,23,19,0,0,0,0,0,0,0,0,7,1,1,0,0,0,0,2,3,0,1,KRBKRNvK,DRAW,8/8/8/6R1/7K/k2r4/5n2/5B2 b - - 0 1
0,1,0,0,0,0,0,1,-1,1,0,1,1,1,0,0,0,0,0,16,0,0,2,2,1,3,3,3,0,24,29,0,0,0,0,0,0,0,0,7,1,1,0,0,0,0,0,3,1,0,KRBKRNvK,DRAW,8/4n3/5r2/1B6/3k4/7R/2K5/8 b - - 0 1
0,1,0,0,0,0,0,1,-1,1,0,1,1,1,0,0,0,0,0,16,0,0,3,4,4,2,7,0,4,27,29,0,0,0,0,0,0,0,0,7,1,1,0,0,0,0,3,0,0,1,KRBKRNvK,DRAW,2k5/8/8/3nK3/4B3/8/R7/7r b - - 0 1
1,1,0,0,0,0,0,1,-1,1,0,1,1,1,0,0,0,0,0,16,0,0,5,5,5,0,2,2,4,7,0,1,0,0,0,0,0,0,0,7,1,1,0,0,0,0,1,2,2,1,KRBKRNvK,DRAW,4n3/8/5K2/B7/2r5/k7/2R5/8 w - - 0 1
0,1,0,0,0,0,0,1,-1,1,0,1,1,1,0,0,0,0,0,16,0,0,5,7,5,2,1,4,3,22,22,0,0,0,0,0,0,0,0,7,1,1,0,0,0,0,0,2,1,0,KRBKRNvK,DRAW,8/8/7K/1r6/n7/6R1/2k5/4B3 b - - 0 1
0,1,0,0,0,0,0,1,-1,1,0,1,1,1,0,0,0,0,0,16,0,0,5,4,7,0,2,3,4,19,25,0,0,0,0,0,0,0,0,7,1,1,0,0,0,0,3,2,1,0,KRBKRNvK,DRAW,4K3/8/8/2R5/r7/k7/5B2/4n3 b - - 0 1
0,1,0,0,0,0,0,1,-1,1,0,1,1,1,0,0,0,0,0,16,0,0,2,4,5,2,4,1,1,22,22,0,0,0,0,0,0,0,0,7,1,1,0,0,0,0,2,4,0,0,KRBKRNvK,DRAW,3B4/8/4K3/2k4r/8/8/3n1R2/8 b - - 0 1
1,1,0,0,0,0,0,1,-1,1,0,1,1,1,0,0,0,0,0,16,0,0,3,1,3,4,6,2,2,28,19,0,0,0,0,0,0,0,0,7,1,1,0,0,0,0,2,2,1,0,KRBKRNvK,DRAW,2R5/4k3/8/7r/1K6/8/1B5n/8 w - - 0 1
1,1,0,0,0,0,0,1,-1,1,0,1,1,1,0,0,0,0,0,16,0,0,4,2,4,1,0,1,5,23,26,0,0,0,0,0,0,0,0,7,1,1,0,0,0,0,2,1,0,0,KRBKRNvK,DRAW,3R2B1/8/7r/2K5/5n2/8/8/1k6 w - - 0 1
0,1,0,0,0,0,0,1,-1,1,0,1,1,1,0,0,0,0,0,16,0,0,5,3,5,2,0,1,4,22,12,0,0,0,0,0,0,0,0,7,1,1,0,0,0,0,2,2,0,1,KRBKRNvK,DRAW,3R1B2/8/3K4/4r2n/8/8/8/2k5 b - - 0 1
1,1,0,0,0,0,0,1,-1,1,0,1,1,1,0,0,0,0,0,16,0,0,5,5,2,4,7,2,3,24,21,0,0,0,0,0,0,0,0,7,1,1,0,0,0,0,1,2,0,0,KRBKRNvK,DRAW,n3k3/7B/7R/8/1r6/5K2/8/8 w - - 0 1
0,1,0,0,0,0,0,1,-1,1,0,1,1,1,0,0,0,0,0,16,0,0,7,2,0,3,7,4,3,23,20,0,0,0,0,0,0,0,0,7,1,1,0,0,0,0,0,2,1,1,KRBKRNvK,DRAW,3k4/6B1/5R2/1r6/8/8/8/2Kn4 b - - 0 1
0,1,0,0,0,0,0,1,-1,1,0,1,1,1,0,0,0,0,0,16,0,0,4,3,4,7,6,0,5,21,21,0,0,0,0,0,0,0,0,7,1,1,0,1,0,0,3,0,0,0,KRBKRNvK,DRAW,8/7k/8/3K4/RB6/8/2r4n/8 b - - 0 1
0,1,0,0,0,0,0,1,-1,1,0,1,1,1,0,0,0,0,0,16,0,0,4,6,0,5,4,5,1,21,25,0,0,0,0,0,0,0,0,7,1,1,0,0,0,0,0,2,0,0,KRBKRNvK,DRAW,6R1/8/8/5k2/r1n5/8/8/3B2K1 b - - 0 1
0,1,0,0,0,0,0,1,-1,1,0,1,1,1,0,0,0,0,0,16,0,0,2,6,2,4,2,3,1,19,23,0,0,0,0,0,0,0,0,7,1,1,0,0,0,0,1,3,0,0,KRBKRNvK,DRAW,8/2B5/4r3/8/8/4k1K1/2n4R/8 b - - 0 1
1,1,0,0,0,0,0,1,-1,1,0,1,1,1,0,0,0,0,0,16,0,0,4,0,1,4,0,5,3,5,0,1,0,0,0,0,0,0,0,7,1,1,0,1,0,0,2,1,0,0,KRBKRNvK,DRAW,8/8/3n1BR1/8/8/8/K4r2/4k3 w - - 0 1
1,1,0,0,0,0,0,1,-1,1,0,1,1,1,0,0,0,0,0,16,0,0,6,1,6,7,1,4,5,7,0,1,0,0,0,0,0,0,0,7,1,1,1,0,0,0,0,0,0,1,KRBKRNvK,DRAW,8/1K4Rr/8/n5B1/8/8/7k/8 w - - 0 1
1,1,0,0,0,0,0,1,-1,1,0,1,1,1,0,0,0,0,0,16,0,0,7,0,2,7,6,4,5,18,17,0,0,0,0,0,0,0,0,7,1,1,0,0,0,0,0,0,0,0,KRBKRNvK,DRAW,8/r5nk/8/8/B7/K7/2R5/8 w - - 0 1
0,1,0,0,0,0,0,1,-1,1,0,1,1,1,0,0,0,0,0,16,0,0,6,1,0,0,6,5,5,21,28,0,0,0,0,0,0,0,0,7,1,1,0,0,0,0,0,2,0,0,KRBKRNvK,DRAW,5R2/k7/4r3/8/8/7n/3B4/1K6 b - - 0 1
0,1,0,0,0,0,0,1,-1,1,0,1,1,1,0,0,0,0,0,16,0,0,4,2,2,0,6,2,5,4,0,1,0,0,0,0,0,0,0,7,1,1,0,0,0,0,3,2,0,0,KRBKRNvK,DRAW,8/k4B2/8/6r1/R7/2K5/7n/8 b - - 0 1
0,1,0,0,0,0,0,1,-1,1,0,1,1,1,0,0,0,0,0,16,0,0,4,3,7,3,3,3,0,20,23,0,0,0,0,0,0,0,0,7,1,1,0,0,0,0,2,3,0,0,KRBKRNvK,DRAW,1B1K4/r7/8/6R1/3k4/8/8/n7 b - - 0 1
1,1,0,0,0,0,0,1,-1,1,0,1,1,1,0,0,0,0,0,16,0,0,3,6,5,4,2,3,1,7,0,1,0,0,0,0,0,0,0,7,1,1,1,0,0,0,1,2,1,1,KRBKRNvK,DRAW,5n2/2R5/6K1/8/r1B5/4k3/8/8 w - - 0 1
0,1,0,0,0,0,0,1,-1,1,0,1,1,1,0,0,0,0,0,16,0,0,3,4,2,3,5,1,1,28,29,0,0,0,0,0,0,0,0,7,1,1,0,0,0,0,2,3,0,2,KRBKRNvK,DRAW,8/8/3k4/6r1/R7/3BK3/4n3/8 b - - 0 1
1,1,0,0,0,0,0,1,-1,1,0,1,1,1,0,0,0,0,0,16,0,0,6,5,6,0,0,3,6,7,0,1,0,0,0,0,0,0,0,7,1,1,0,0,0,0,2,0,0,1,KRBKRNvK,DRAW,8/5K1B/7n/8/3R4/r7/8/k7 w - - 0 1
0,1,0,0,0,0,0,1,-1,1,0,1,1,1,0,0,0,0,0,16,0,0,5,5,5,0,2,2,4,21,30,0,0,0,0,0,0,0,0,7,1,1,0,0,0,0,3,0,0,0,KRBKRNvK,DRAW,1n6/8/5K2/4R3/4B3/k1r5/8/8 b - - 0 1
1,1,0,0,0,0,0,1,-1,1,0,1,1,1,0,0,0,0,0,16,0,0,6,7,6,5,0,5,4,24,20,0,0,0,0,0,0,0,0,7,1,1,0,0,0,0,0,1,1,1,KRBKRNvK,DRAW,8/2r2n1K/7B/8/8/6R1/8/5k2 w - - 0 1
1,1,0,0,0,0,0,1,-1,1,0,1,1,1,0,0,0,0,0,16,0,0,5,6,1,1,6,4,4,9,0,1,0,0,0,0,0,0,0,7,1,1,0,1,0,0,0,0,0,0,KRBKRNvK,DRAW,5R2/1k6/8/8/8/8/n1r3K1/4B3 w - - 0 1
1,1,0,0,0,0,0,1,-1,1,0,1,1,1,0,0,0,0,0,16,0,0,6,6,5,0,3,3,3,32,20,0,0,0,0,0,0,0,0,7,1,1,1,0,0,0,2,1,1,0,KRBKRNvK,DRAW,2r5/5R2/6K1/8/k7/1nB5/8/8 w - - 0 1
0,1,0,0,0,0,0,1,-1,1,0,1,1,1,0,0,0,0,0,16,0,0,5,7,4,2,3,3,1,18,19,0,0,0,0,0,0,0,0,7,1,1,0,0,0,0,0,2,1,0,KRBKRNvK,DRAW,8/2r5/1R6/7K/2k5/8/1n6/B7 b - - 0 1
0,1,0,0,0,0,0,1,-1,1,0,1,1,1,0,0,0,0,0,16,0,0,3,4,5,3,2,1,1,19,25,0,0,0,0,0,0,0,0,7,1,1,0,0,0,0,4,3,0,1,KRBKRNvK,DRAW,8/4n3/4K3/8/R6B/3k4/8/3r4 b - - 0 1
1,1,0,0,0,0,0,1,-1,1,0,1,1,1,0,0,0,0,0,16,0,0,7,0,0,7,7,6,6,23,20,0,0,0,0,0,0,0,0,7,1,1,0,0,0,0,2,1,1,0,KRBKRNvK,DRAW,7k/7B/1nr5/8/R7/8/8/K7 w - - 0 1
1,1,0,0,0,0,0,1,-1,1,0,1,1,1,0,0,0,0,0,16,0,0,4,4,1,6,5,2,3,23,22,0,0,0,0,0,0,0,0,7,1,1,0,0,0,0,2,0,0,1,KRBKRNvK,DRAW,8/8/6k1/8/8/1Br5/3RK3/n7 w - - 0 1
1,1,0,0,0,0,0,1,-1,1,0,1,1,1,0,0,0,0,0,16,0,0,6,1,6,2,0,4,4,6,0,1,0,0,0,0,0,0,0,7,1,1,0,0,0,0,2,0,1,0,KRBKRNvK,DRAW,8/1K3r2/8/8/8/R7/6B1/2k2n2 w - - 0 1
0,1,0,0,0,0,0,1,-1,1,0,1,1,1,0,0,0,0,0,16,0,0,6,6,0,4,6,5,2,4,0,1,0,0,0,0,0,0,0,7,1,1,0,0,0,0,0,3,0,1,KRBKRNvK,DRAW,8/3rk3/7R/8/1B6/6n1/8/6K1 b - - 0 1
1,1,0,0,0,0,0,1,-1,1,0,1,1,1,0,0,0,0,0,16,0,0,2,1,1,3,3,4,0,5,0,1,0,0,0,0,0,0,0,7,1,1,0,0,0,0,2,3,1,1,KRBKRNvK,LOSS,B7/8/1R6/8/n2k4/5r2/1K6/8 w - - 0 1
0,1,0,0,0,0,0,1,-1,1,0,1,1,1,0,0,0,0,0,16,0,0,2,6,5,5,3,3,1,26,26,0,0,0,0,0,0,0,0,7,1,1,0,0,0,0,1,3,1,0,KRBKRNvK,DRAW,8/8/2R3K1/r7/3B1k2/2n5/8/8 b - - 0 1
0,1,0,0,0,0,0,1,-1,1,0,1,1,1,0,0,0,0,0,16,0,0,4,7,5,3,4,4,0,7,0,1,0,0,0,0,0,0,0,7,1,1,0,0,0,0,2,3,0,0,KRBKRNvK,DRAW,8/8/7K/3k4/2n5/r7/8/3R1B2 b - - 0 1
0,1,0,0,0,0,0,1,-1,1,0,1,1,1,0,0,0,0,0,16,0,0,2,4,4,2,6,0,3,3,0,1,0,0,0,0,0,0,0,7,1,1,1,1,0,0,3,0,2,0,KRBKRNvK,DRAW,8/1Rk5/B7/4K3/8/8/1n5r/8 b - - 0 1
0,1,0,0,0,0,0,1,-1,1,0,1,1,1,0,0,0,0,0,16,0,0,3,3,0,4,3,3,0,24,28,0,0,0,0,0,0,0,0,7,1,1,0,0,0,0,0,4,1,1,KRBKRNvK,DRAW,8/8/5n2/1B6/4k3/5r2/6R1/3K4 b - - 0 1
0,1,0,0,0,0,0,1,-1,1,0,1,1,1,0,0,0,0,0,16,0,0,6,0,4,6,3,3,2,21,26,0,0,0,0,0,0,0,0,7,1,1,0,0,0,0,1,3,1,0,KRBKRNvK,DRAW,8/8/7R/K7/3r2k1/8/2B1n3/8 b - - 0 1
0,1,0,0,0,0,0,1,-1,1,0,1,1,1,0,0,0,0,0,16,0,0,6,5,1,1,7,3,5,13,26,0,0,0,0,0,0,0,0,7,1,1,0,0,0,0,0,1,0,0,KRBKRNvK,DRAW,1k1r4/3n4/8/B7/8/8/2R2K2/8 b - - 0 1
0,1,0,0,0,0,0,1,-1,1,0,1,1,1,0,0,0,0,0,16,0,0,3,4,1,4,4,2,0,21,27,0,0,0,0,0,0,0,0,7,1,1,0,0,0,0,2,3,2,1,KRBKRNvK,DRAW,8/8/8/3nk1B1/2R5/3r4/4K3/8 b - - 0 1
0,1,0,0,0,0,0,1,-1,1,0,1,1,1,0,0,0,0,0,16,0,0,3,7,0,4,2,6,1,5,0,1,0,0,0,0,0,0,0,7,1,1,0,0,0,0,1,2,1,0,KRBKRNvK,DRAW,3r4/8/3n4/8/8/4k1R1/8/1B5K b - - 0 1
0,1,0,0,0,0,0,1,-1,1,0,1,1,1,0,0,0,0,0,16,0,0,4,2,4,6,5,1,3,4,0,1,0,0,0,0,0,0,0,7,1,1,0,0,0,0,3,0,1,0,KRBKRNvK,DRAW,8/8/6kr/2K5/6R1/8/B7/6n1 b - - 0 1
0,1,0,0,0,0,0,1,-1,1,0,1,1,1,0,0,0,0,0,16,0,0,5,7,2,2,7,4,4,2,0,1,0,0,0,0,0,0,0,7,1,1,0,0,0,0,0,2,1,1,KRBKRNvK,DRAW,2k3R1/8/B7/7n/8/7K/8/4r3 b - - 0 1
1,1,0,0,0,0,0,1,-1,1,0,1,1,1,0,0,0,0,0,16,0,0,4,4,2,0,0,1,6,4,0,1,0,0,0,0,0,0,0,7,1,1,0,0,0,0,3,3,0,1,KRBKRNvK,DRAW,3rR3/8/8/8/1B4n1/4K3/8/k7 w - - 0 1
0,1,0,0,0,0,0,1,-1,1,0,1,1,1,0,0,0,0,0,16,0,0,5,0,6,3,1,5,2,6,0,1,0,0,0,0,0,0,0,7,1,1,0,1,0,0,2,1,0,1,KRBKRNvK,DRAW,8/K7/8/2nRB3/8/8/3k2r1/8 b - - 0 1
1,1,0,0,0,0,0,1,-1,1,0,1,1,1,0,0,0,0,0,16,0,0,2,2,5,4,7,2,3,27,21,0,0,0,0,0,0,0,0,7,1,1,0,0,0,0,3,0,0,0,KRBKRNvK,DRAW,4k3/8/2K5/3R4/8/7n/8/B4r2 w - - 0 1
1,1,0,0,0,0,0,1,-1,1,0,1,1,1,0,0,0,0,0,16,0,0,2,7,3,5,1,3,3,22,24,0,0,0,0,0,0,0,0,7,1,1,0,0,0,0,0,1,1,0,KRBKRNvK,DRAW,2r5/4n3/8/8/7K/8/1R1B1k2/8 w - - 0 1
0,1,0,0,0,0,0,1,-1,1,0,1,1,1,0,0,0,0,0,16,0,0,2,7,2,7,0,4,6,23,21,0,0,0,0,0,0,0,0,7,1,1,0,0,0,0,2,0,0,0,KRBKRNvK,DRAW,8/r7/8/1B6/4n3/3R3K/8/7k b - - 0 1
1,1,0,0,0,0,0,1,-1,1,0,1,1,1,0,0,0,0,0,16,0,0,3,3,6,6,3,2,2,6,0,1,0,0,0,0,0,0,0,7,1,1,1,0,0,0,1,1,0,1,KRBKRNvK,DRAW,8/r1BK1R2/8/2n5/6k1/8/8/8 w - - 0 1
0,1,0,0,0,0,0,1,-1,1,0,1,1,1,0,0,0,0,0,16,0,0,5,4,6,0,1,2,5,4,0,1,0,0,0,0,0,0,0,7,1,1,0,0,0,0,0,1,0,1,KRBKRNvK,DRAW,8/4K3/r6B/2n5/8/8/k4R2/8 b - - 0 1
0,1,0,0,0,0,0,1,-1,1,0,1,1,1,0,0,0,0,0,16,0,0,7,7,7,6,0,6,5,5,0,1,0,0,0,0,0,0,0,7,1,1,0,0,0,0,1,2,0,0,KRBKRNvK,DRAW,6RK/2r5/4B3/8/8/2n5/8/6k1 b - - 0 1
0,1,0,0,0,0,0,1,-1,1,0,1,1,1,0,0,0,0,0,16,0,0,3,2,5,5,6,2,3,23,20,0,0,0,0,0,0,0,0,7,1,1,0,0,0,0,1,3,0,1,KRBKRNvK,DRAW,R7/5k2/B1K5/8/1r4n1/8/8/8 b - - 0 1
0,1,0,0,0,0,0,1,-1,1,0,1,1,1,0,0,0,0,0,16,0,0,2,0,2,2,0,4,4,21,19,0,0,0,0,0,0,0,0,7,1,1,0,0,0,0,0,1,0,0,KRBKRNvK,DRAW,3R4/8/3n2r1/B7/8/K7/8/2k5 b - - 0 1
1,1,0,0,0,0,0,1,-1,1,0,1,1,1,0,0,0,0,0,16,0,0,3,1,1,4,2,4,1,28,23,0,0,0,0,0,0,0,0,7,1,1,0,0,0,0,1,3,0,0,KRBKRNvK,DRAW,7R/2rn1B2/8/8/8/4k3/1K6/8 w - - 0 1
1,1,0,0,0,0,0,1,-1,1,0,1,1,1,0,0,0,0,0,16,0,0,4,5,6,3,2,3,1,28,22,0,0,0,0,0,0,0,0,7,1,1,0,0,0,0,2,3,1,0,KRBKRNvK,DRAW,8/5K2/8/8/7B/r2k1n2/8/4R3 w - - 0 1
0,1,0,0,0,0,0,1,-1,1,0,1,1,1,0,0,0,0,0,16,0,0,6,7,6,6,0,5,5,21,22,0,0,0,0,0,0,0,0,7,1,1,1,0,0,0,2,3,0,1,KRBKRNvK,DRAW,B7/R6K/3r2n1/8/8/8/8/6k1 b - - 0 1
1,1,0,0,0,0,0,1,-1,1,0,1,1,1,0,0,0,0,0,16,0,0,6,5,7,3,1,4,2,22,17,0,0,0,0,0,0,0,0,7,1,1,0,0,0,0,1,0,1,1,KRBKRNvK,DRAW,r3nK2/8/8/8/8/8/3k4/2R3B1 w - - 0 1
1,1,0,0,0,0,0,1,-1,1,0,1,1,1,0,0,0,0,0,16,0,0,3,7,4,4,2,3,1,3,0,1,0,0,0,0,0,0,0,7,1,1,0,1,0,0,3,3,1,0,KRBKRNvK,DRAW,8/8/1n6/3R3K/8/1B2k3/7r/8 w - - 0 1
1,1,0,0,0,0,0,1,-1,1,0,1,1,1,0,0,0,0,0,16,0,0,4,4,0,4,4,3,0,25,21,0,0,0,0,0,0,0,0,7,1,1,0,0,0,0,0,3,1,0,KRBKRNvK,DRAW,7n/8/2R5/4k3/8/1r6/8/4KB2 w - - 0 1
0,1,0,0,0,0,0,1,-1,1,0,1,1,1,0,0,0,0,0,16,0,0,4,2,5,4,1,2,2,6,0,1,0,0,0,0,0,0,0,7,1,1,0,0,0,0,1,1,0,1,KRBKRNvK,DRAW,8/6r1/1BK5/2n5/8/8/R3k3/8 b - - 0 1
0,1,0,0,0,0,0,1,-1,1,0,1,1,1,0,0,0,0,0,16,0,0,3,0,2,3,4,4,0,24,24,0,0,0,0,0,0,0,0,7,1,1,0,0,0,0,1,3,2,1,KRBKRNvK,DRAW,8/5n2/5R2/3k1B2/8/K7/8/2r5 b - - 0 1
1,1,0,0,0,0,0,1,-1,1,0,1,1,1,0,0,0,0,0,16,0,0,3,0,4,1,7,3,5,5,0,1,0,0,0,0,0,0,0,7,1,1,0,0,0,0,1,3,0,0,KRBKRNvK,DRAW,1k6/8/7R/K4r2/8/5n2/5B2/8 w - - 0 1
0,1,0,0,0,0,0,1,-1,1,0,1,1,1,0,0,0,0,0,16,0,0,7,7,7,7,0,6,6,20,24,0,0,0,0,0,0,0,0,7,1,1,0,0,0,0,1,1,1,0,KRBKRNvK,DRAW,7K/4n3/3B4/8/8/6R1/8/1r5k b - - 0 1
0,1,0,0,0,0,0,1,-1,1,0,1,1,1,0,0,0,0,0,16,0,0,5,1,5,6,3,3,2,24,28,0,0,0,0,0,0,0,0,7,1,1,0,0,0,0,1,3,0,1,KRBKRNvK,DRAW,7R/8/1K6/8/r5k1/1B2n3/8/8 b - - 0 1
0,1,0,0,0,0,0,1,-1,1,0,1,1,1,0,0,0,0,0,16,0,0,3,7,7,5,4,6,1,4,0,1,0,0,0,0,0,0,0,7,1,1,0,0,0,0,2,4,1,0,KRBKRNvK,DRAW,2B4K/8/3n4/3R1k2/8/8/8/3r4 b - - 0 1
1,1,0,0,0,0,0,1,-1,1,0,1,1,1,0,0,0,0,0,16,0,0,4,0,7,3,3,6,0,23,24,0,0,0,0,0,0,0,0,7,1,1,0,0,0,0,0,4,0,0,KRBKRNvK,DRAW,K4B2/8/8/1n6/3k4/2r5/8/6R1 w - - 0 1
1,1,0,0,0,0,0,1,-1,1,0,1,1,1,0,0,0,0,0,16,0,0,6,6,6,6,0,4,5,28,23,0,0,0,0,0,0,0,0,7,1,1,0,0,0,0,2,2,1,0,KRBKRNvK,DRAW,R7/6K1/8/1r6/6n1/8/6B1/6k1 w - - 0 1
0,1,0,0,0,0,0,1,-1,1,0,1,1,1,0,0,0,0,0,16,0,0,5,5,1,0,4,3,3,26,22,0,0,0,0,0,0,0,0,7,1,1,0,0,0,0,0,2,1,1,KRBKRNvK,DRAW,8/1r6/8/k7/8/B4n1R/5K2/8 b - - 0 1
1,1,0,0,0,0,0,1,-1,1,0,1,1,1,0,0,0,0,0,16,0,0,3,4,2,1,0,1,5,5,0,1,0,0,0,0,0,0,0,7,1,1,0,0,0,0,3,1,0,0,KRBKRNvK,DRAW,8/8/1n6/6B1/4R3/r3K3/8/1k6 w - - 0 1
1,1,0,0,0,0,0,1,-1,1,0,1,1,1,0,0,0,0,0,16,0,0,5,1,5,6,1,3,4,4,0,1,0,0,0,0,0,0,0,7,1,1,0,0,0,0,2,2,1,1,KRBKRNvK,DRAW,3R4/4r3/1K6/8/n5B1/8/6k1/8 w - - 0 1
0,1,0,0,0,0,0,1,-1,1,0,1,1,1,0,0,0,0,0,16,0,0,4,3,6,7,3,2,3,23,22,0,0,0,0,0,0,0,0,7,1,1,0,0,0,0,3,3,1,1,KRBKRNvK,DRAW,8/3K1n2/8/8/2r4k/8/3R2B1/8 b - - 0 1
1,1,0,0,0,0,0,1,-1,1,0,1,1,1,0,0,0,0,0,16,0,0,3,0,5,1,2,4,3,27,22,0,0,0,0,0,0,0,0,7,1,1,0,0,0,0,1,2,1,1,KRBKRNvK,DRAW,2n5/8/K7/2Br4/8/1k6/8/6R1 w - - 0 1
1,1,0,0,0,0,0,1,-1,1,0,1,1,1,0,0,0,0,0,16,0,0,3,3,3,5,0,0,4,5,0,1,0,0,0,0,0,0,0,7,1,1,0,0,0,0,3,2,1,1,KRBKRNvK,DRAW,8/8/3B4/5n2/3K3r/8/7R/5k2 w - - 0 1
1,1,0,0,0,0,0,1,-1,1,0,1,1,1,0,0,0,0,0,16,0,0,3,4,3,5,0,0,4,26,20,0,0,0,0,0,0,0,0,7,1,1,0,1,0,0,4,1,1,1,KRBKRNvK,DRAW,8/5n2/8/4R3/4K3/8/3B2r1/5k2 w - - 0 1
1,1,0,0,0,0,0,1,-1,1,0,1,1,1,0,0,0,0,0,16,0,0,3,5,4,4,7,1,3,23,17,0,0,0,0,0,0,0,0,7,1,1,0,0,0,0,3,2,0,0,KRBKRNvK,DRAW,3rk1n1/8/8/5K2/5R2/8/8/4B3 w - - 0 1
1,1,0,0,0,0,0,1,-1,1,0,1,1,1,0,0,0,0,0,16,0,0,5,1,3,6,4,2,2,6,0,1,0,0,0,0,0,0,0,7,1,1,1,0,0,0,3,1,2,1,KRBKRNvK,DRAW,8/4R1B1/1r6/6k1/1K6/6n1/8/8 w - - 0 1
1,1,0,0,0,0,0,1,-1,1,0,1,1,1,0,0,0,0,0,16,0,0,4,0,5,4,4,4,0,5,0,1,0,0,0,0,0,0,0,7,1,1,0,1,0,0,2,3,1,0,KRBKRNvK,DRAW,3B4/8/K7/4k3/6Rn/8/r7/8 w - - 0 1
0,1,0,0,0,0,0,1,-1,1,0,1,1,1,0,0,0,0,0,16,0,0,3,6,6,3,5,4,1,7,0,1,0,0,0,0,0,0,0,7,1,1,0,0,0,0,0,2,1,0,KRBKRNvK,DRAW,8/6K1/3k4/8/nB6/8/1R6/r7 b - - 0 1
1,1,0,0,0,0,0,1,-1,1,0,1,1,1,0,0,0,0,0,16,0,0,6,7,7,4,1,6,2,19,26,0,0,0,0,0,0,0,0,7,1,1,0,0,0,0,1,0,0,0,KRBKRNvK,DRAW,R5BK/1r6/8/8/7n/8/4k3/8 w - - 0 1
1,1,0,0,0,0,0,1,-1,1,0,1,1,1,0,0,0,0,0,16,0,0,3,3,4,6,7,0,5,4,0,1,0,0,0,0,0,0,0,7,1,1,0,0,0,0,3,3,0,2,KRBKRNvK,DRAW,6k1/2n5/8/3K4/1r6/1R6/8/B7 w - - 0 1
0,1,0,0,0,0,0,1,-1,1,0,1,1,1,0,0,0,0,0,16,0,0,4,6,1,3,5,4,1,5,0,1,0,0,0,0,0,0,0,7,1,1,0,0,0,0,1,3,0,0,KRBKRNvK,DRAW,8/2n1r3/3k3R/8/8/8/6K1/6B1 b - - 0 1
0,1,0,0,0,0,0,1,-1,1,0,1,1,1,0,0,0,0,0,16,0,0,3,1,7,1,4,5,2,6,0,1,0,0,0,0,0,0,0,7,1,1,0,0,0,0,1,3,1,1,KRBKRNvK,DRAW,1K6/2n5/4r3/1k6/8/1R6/7B/8 b - - 0 1
0,1,0,0,0,0,0,1,-1,1,0,1,1,1,0,0,0,0,0,16,0,0,2,7,1,5,3,5,1,24,25,0,0,0,0,0,0,0,0,7,1,1,0,0,0,0,0,3,1,0,KRBKRNvK,DRAW,5r2/8/8/8/5k1B/2n5/7K/R7 b - - 0 1
0,1,0,0,0,0,0,1,-1,1,0,1,1,1,0,0,0,0,0,16,0,0,2,0,7,2,5,6,2,14,20,0,0,0,0,0,0,0,0,7,1,1,1,0,0,0,0,1,1,1,KRBKRNvK,DRAW,K7/7R/1rk5/B7/8/8/8/1n6 b - - 0 1
0,1,0,0,0,0,0,1,-1,1,0,1,1,1,0,0,0,0,0,16,0,0,2,3,7,5,7,3,4,25,23,0,0,0,0,0,0,0,0,7,1,1,0,0,0,0,1,0,0,0,KRBKRNvK,DRAW,3K1k2/7r/8/3n4/2B5/8/8/R7 b - - 0 1
0,1,0,0,0,0,0,1,-1,1,0,1,1,1,0,0,0,0,0,16,0,0,6,7,3,1,2,3,3,18,22,0,0,0,0,0,0,0,0,7,1,1,0,0,0,0,3,2,1,0,KRBKRNvK,DRAW,8/8/2r5/8/7K/1knR2B1/8/8 b - - 0 1
0,1,0,0,0,0,0,1,-1,1,0,1,1,1,0,0,0,0,0,16,0,0,2,1,0,3,0,5,3,16,26,0,0,0,0,0,0,0,0,7,1,1,0,0,0,0,0,0,1,0,KRBKRNvK,DRAW,8/3B3n/8/8/8/7r/2R5/1K1k4 b - - 0 1
0,1,0,0,0,0,0,1,-1,1,0,1,1,1,0,0,0,0,0,16,0,0,7,0,5,7,5,4,4,17,20,0,0,0,0,0,0,0,0,7,1,1,0,0,0,0,0,2,0,0,KRBKRNvK,DRAW,8/6n1/K6k/7r/8/5R2/6B1/8 b - - 0 1
1,1,0,0,0,0,0,1,-1,1,0,1,1,1,0,0,0,0,0,16,0,0,4,2,7,2,3,4,1,22,27,0,0,0,0,0,0,0,0,7,1,1,0,0,0,0,0,2,0,0,KRBKRNvK,DRAW,2K5/8/6R1/1n4B1/2k5/8/8/5r2 w - - 0 1
1,1,0,0,0,0,0,1,-1,1,0,1,1,1,0,0,0,0,0,16,0,0,6,1,6,2,0,4,4,29,19,0,0,0,0,0,0,0,0,7,1,1,0,0,0,0,0,2,1,0,KRBKRNvK,DRAW,8/1K5n/8/4r3/8/8/6R1/2k1B3 w - - 0 1
0,1,0,0,0,0,0,1,-1,1,0,1,1,1,0,0,0,0,0,16,0,0,7,0,2,7,2,4,4,4,0,1,0,0,0,0,0,0,0,7,1,1,0,0,0,0,3,0,0,0,KRBKRNvK,DRAW,2n5/7B/2r5/8/8/K2R3k/8/8 b - - 0 1
0,1,0,0,0,0,0,1,-1,1,0,1,1,1,0,0,0,0,0,16,0,0,3,0,1,2,4,5,1,22,24,0,0,0,0,0,0,0,0,7,1,1,0,0,0,0,0,2,0,0,KRBKRNvK,DRAW,1n5r/8/8/2k5/8/8/K2B1R2/8 b - - 0 1
1,1,0,0,0,0,0,1,-1,1,0,1,1,1,0,0,0,0,0,16,0,0,6,6,0,6,6,5,4,23,22,0,0,0,0,0,0,0,0,7,1,1,0,0,0,0,0,2,1,0,KRBKRNvK,DRAW,8/3r2k1/8/7B/7n/8/8/2R3K1 w - - 0 1
0,1,0,0,0,0,0,1,-1,1,0,1,1,1,0,0,0,0,0,16,0,0,3,4,2,1,0,1,5,21,22,0,0,0,0,0,0,0,0,7,1,1,0,0,0,0,3,2,0,1,KRBKRNvK,DRAW,8/8/n7/4R2B/8/4K3/8/1k1r4 b - - 0 1
0,1,0,0,0,0,0,1,-1,1,0,1,1,1,0,0,0,0,0,16,0,0,6,6,5,0,5,3,4,22,24,0,0,0,0,0,0,0,0,7,1,1,0,0,0,0,1,1,0,1,KRBKRNvK,DRAW,8/8/k5K1/6n1/8/6R1/2B5/r7 b - - 0 1
1,1,0,0,0,0,0,1,-1,1,0,1,1,1,0,0,0,0,0,16,0,0,7,0,0,7,4,6,3,28,21,0,0,0,0,0,0,0,0,7,1,1,0,0,0,0,1,2,1,0,KRBKRNvK,DRAW,2R5/4r3/8/7k/5B2/7n/8/K7 w - - 0 1
1,1,0,0,0,0,0,1,-1,1,0,1,1,1,0,0,0,0,0,16,0,0,5,3,0,4,5,3,1,22,19,0,0,0,0,0,0,0,0,7,1,1,0,0,0,0,0,3,1,0,KRBKRNvK,DRAW,8/4B3/4k3/7n/4r3/8/8/3K1R2 w - - 0 1
0,1,0,0,0,0,0,1,-1,1,0,1,1,1,0,0,0,0,0,16,0,0,2,2,6,2,4,3,1,23,25,0,0,0,0,0,0,0,0,7,1,1,0,0,0,0,2,2,0,0,KRBKRNvK,DRAW,8/2K5/8/2k3B1/5n2/2r5/8/4R3 b - - 0 1
1,1,0,0,0,0,0,1,-1,1,0,1,1,1,0,0,0,0,0,16,0,0,4,5,0,1,0,4,5,24,27,0,0,0,0,0,0,0,0,7,1,1,0,0,0,0,2,2,0,0,KRBKRNvK,DRAW,4R3/6r1/2n5/8/8/8/7B/1k3K2 w - - 0 1
0,1,0,0,0,0,0,1,-1,1,0,1,1,1,0,0,0,0,0,16,0,0,6,2,6,5,0,3,4,14,31,0,0,0,0,0,0,0,0,7,1,1,0,0,0,0,3,0,0,0,KRBKRNvK,DRAW,8/2K3B1/7n/8/1R6/8/8/5k1r b - - 0 1
1,1,0,0,0,0,0,1,-1,1,0,1,1,1,0,0,0,0,0,16,0,0,4,5,4,1,2,1,3,24,29,0,0,0,0,0,0,0,0,7,1,1,1,0,0,0,2,2,0,1,KRBKRNvK,DRAW,8/6R1/7r/5K2/8/1kn3B1/8/8 w - - 0 1
1,1,0,0,0,0,0,1,-1,1,0,1,1,1,0,0,0,0,0,16,0,0,5,6,6,1,3,4,2,7,0,1,0,0,0,0,0,0,0,7,1,1,0,0,0,0,1,0,1,1,KRBKRNvK,DRAW,4n3/6K1/8/8/rk3B2/R7/8/8 w - - 0 1
0,1,0,0,0,0,0,1,-1,1,0,1,1,1,0,0,0,0,0,16,0,0,4,6,1,4,5,4,1,6,0,1,0,0,0,0,0,0,0,7,1,1,0,0,0,0,0,2,1,0,KRBKRNvK,DRAW,8/2n5/2R1k3/8/8/r7/6K1/3B4 b - - 0 1
1,1,0,0,0,0,0,1,-1,1,0,1,1,1,0,0,0,0,0,16,0,0,5,6,7,1,3,5,2,23,27,0,0,0,0,0,0,0,0,7,1,1,0,0,0,0,0,1,0,0,KRBKRNvK,DRAW,6K1/r7/7R/2n5/1k6/8/8/3B4 w - - 0 1
0,1,0,0,0,0,0,1,-1,1,0,1,1,1,0,0,0,0,0,16,0,0,4,4,3,0,4,0,3,4,0,1,0,0,0,0,0,0,0,7,1,1,0,0,0,0,3,2,1,1,KRBKRNvK,DRAW,8/7r/8/k4R2/2B1K3/5n2/8/8 b - - 0 1
0,1,0,0,0,0,0,1,-1,1,0,1,1,1,0,0,0,0,0,16,0,0,5,3,6,1,1,2,4,19,24,0,0,0,0,0,0,0,0,7,1,1,0,1,0,0,0,0,0,0,KRBKRNvK,DRAW,8/3K4/8/8/3n4/7B/rk6/5R2 b - - 0 1
0,1,0,0,0,0,0,1,-1,1,0,1,1,1,0,0,0,0,0,16,0,0,4,2,7,6,7,4,5,20,23,0,0,0,0,0,0,0,0,7,1,1,0,0,0,0,0,1,0,0,KRBKRNvK,DRAW,2K3k1/8/8/5nr1/B7/8/2R5/8 b - - 0 1
0,1,0,0,0,0,0,1,-1,1,0,1,1,1,0,0,0,0,0,16,0,0,6,1,7,4,1,5,2,25,18,0,0,0,0,0,0,0,0,7,1,1,0,0,0,0,2,3,0,0,KRBKRNvK,DRAW,1K6/8/8/2r5/8/1Rn5/4k3/7B b - - 0 1
0,1,0,0,0,0,0,1,-1,1,0,1,1,1,0,0,0,0,0,16,0,0,3,4,7,4,4,3,0,4,0,1,0,0,0,0,0,0,0,7,1,1,0,0,0,0,3,4,1,1,KRBKRNvK,DRAW,4K3/3n3r/8/4k3/8/2B5/8/3R4 b - - 0 1
0,1,0,0,0,0,0,1,-1,1,0,1,1,1,0,0,0,0,0,16,0,0,3,5,1,2,0,3,4,5,0,1,0,0,0,0,0,0,0,7,1,1,1,0,0,0,1,2,1,0,KRBKRNvK,DRAW,8/6R1/1n1r4/8/8/4B3/5K2/2k5 b - - 0 1
1,1,0,0,0,0,0,1,-1,1,0,1,1,1,0,0,0,0,0,16,0,0,4,3,6,3,2,2,1,22,22,0,0,0,0,0,0,0,0,7,1,1,1,0,0,0,1,3,0,0,KRBKRNvK,DRAW,8/3K1BR1/8/8/8/2rkn3/8/8 w - - 0 1
0,1,0,0,0,0,0,1,-1,1,0,1,1,1,0,0,0,0,0,16,0,0,3,4,4,6,1,0,4,24,23,0,0,0,0,0,0,0,0,7,1,1,0,0,0,0,4,0,0,0,KRBKRNvK,DRAW,4R3/1r6/8/4K3/B7/8/6k1/1n6 b - - 0 1
1,1,0,0,0,0,0,1,-1,1,0,1,1,1,0,0,0,0,0,16,0,0,4,4,3,0,4,0,3,7,0,1,0,0,0,0,0,0,0,7,1,1,0,1,0,0,4,2,0,1,KRBKRNvK,DRAW,B7/8/8/k7/4K3/2n5/6Rr/8 w - - 0 1
1,1,0,0,0,0,0,1,-1,1,0,1,1,1,0,0,0,0,0,16,0,0,4,6,7,2,7,5,4,5,0,1,0,0,0,0,0,0,0,7,1,1,0,0,0,0,3,2,0,1,KRBKRNvK,DRAW,2k3K1/8/4n3/R7/6r1/8/1B6/8 w - - 0 1
1,1,0,0,0,0,0,1,-1,1,0,1,1,1,0,0,0,0,0,16,0,0,5,6,1,1,6,4,4,28,22,0,0,0,0,0,0,0,0,7,1,1,0,0,0,0,3,2,1,1,KRBKRNvK,DRAW,2n5/1k6/8/R7/5r2/8/1B4K1/8 w - - 0 1
1,1,0,0,0,0,0,1,-1,1,0,1,1,1,0,0,0,0,0,16,0,0,4,3,0,0,4,3,3,2,0,1,0,0,0,0,0,0,0,7,1,1,0,0,0,0,2,4,0,1,KRBKRNvK,DRAW,8/8/8/k2r4/8/2n5/4R3/3KB3 w - - 0 1
0,1,0,0,0,0,0,1,-1,1,0,1,1,1,0,0,0,0,0,16,0,0,5,6,1,5,6,4,3,3,0,1,0,0,0,0,0,0,0,7,1,1,0,0,0,0,1,3,0,0,KRBKRNvK,DRAW,4r3/5k2/2n5/8/8/8/B5K1/5R2 b - - 0 1
0,1,0,0,0,0,0,1,-1,1,0,1,1,1,0,0,0,0,0,16,0,0,2,4,3,2,4,0,1,23,19,0,0,0,0,0,0,0,0,7,1,1,0,0,0,0,4,2,0,1,KRBKRNvK,DRAW,4R3/8/8/2k5/4K3/3r4/4B3/4n3 b - - 0 1
0,1,0,0,0,0,0,1,-1,1,0,1,1,1,0,0,0,0,0,16,0,0,4,5,2,1,5,2,3,5,0,1,0,0,0,0,0,0,0,7,1,1,0,0,0,0,1,0,0,1,KRBKRNvK,DRAW,8/8/1k5R/8/8/3B1K2/8/n2r4 b - - 0 1
1,1,0,0,0,0,0,1,-1,1,0,1,1,1,0,0,0,0,0,16,0,0,5,2,0,6,5,4,3,29,24,0,0,0,0,0,0,0,0,7,1,1,0,0,0,0,3,1,0,0,KRBKRNvK,DRAW,r7/3n4/6k1/1R6/8/4B3/8/2K5 w - - 0 1
1,1,0,0,0,0,0,1,-1,1,0,1,1,1,0,0,0,0,0,16,0,0,5,0,2,4,7,4,3,30,20,0,0,0,0,0,0,0,0,7,1,1,0,0,0,0,2,2,0,1,KRBKRNvK,DRAW,4k3/3r4/8/2nB4/7R/K7/8/8 w - - 0 1
0,1,0,0,0,0,0,1,-1,1,0,1,1,1,0,0,0,0,0,16,0,0,3,1,2,4,5,3,1,25,24,0,0,0,0,0,0,0,0,7,1,1,0,1,0,0,0,2,0,2,KRBKRNvK,DRAW,7R/8/4k3/8/8/nK6/2r5/4B3 b - - 0 1
0,1,0,0,0,0,0,1,-1,1,0,1,1,1,0,0,0,0,0,16,0,0,3,5,0,5,3,4,1,19,18,0,0,0,0,0,0,0,0,7,1,1,0,0,0,0,1,3,0,1,KRBKRNvK,DRAW,8/B7/8/5r2/5k2/8/5n2/5KR1 b - - 0 1
1,1,0,0,0,0,0,1,-1,1,0,1,1,1,0,0,0,0,0,16,0,0,2,2,5,4,3,2,0,25,16,0,0,0,0,0,0,0,0,7,1,1,0,0,0,0,3,4,2,0,KRBKRNvK,DRAW,5n2/8/2K5/2R1B3/4k3/4r3/8/8 w - - 0 1
0,1,0,0,0,0,0,1,-1,1,0,1,1,1,0,0,0,0,0,16,0,0,2,7,3,5,4,3,1,5,0,1,0,0,0,0,0,0,0,7,1,1,0,1,0,0,1,4,0,1,KRBKRNvK,DRAW,5R2/8/8/5k1n/7K/8/3r4/6B1 b - - 0 1
1,1,0,0,0,0,0,1,-1,1,0,1,1,1,0,0,0,0,0,16,0,0,2,2,2,1,4,2,2,3,0,1,0,0,0,0,0,0,0,7,1,1,0,0,0,0,2,1,0,1,KRBKRNvK,DRAW,8/8/6B1/1k6/2n4R/2K2r2/8/8 w - - 0 1
1,1,0,0,0,0,0,1,-1,1,0,1,1,1,0,0,0,0,0,16,0,0,6,2,7,7,1,4,5,17,25,0,0,0,0,0,0,0,0,7,1,1,0,0,0,0,2,3,1,0,KRBKRNvK,DRAW,R1K5/8/8/1r6/8/2n5/7k/7B w - - 0 1
0,1,0,0,0,0,0,1,-1,1,0,1,1,1,0,0,0,0,0,16,0,0,2,4,3,2,2,0,2,25,22,0,0,0,0,0,0,0,0,7,1,1,0,0,0,0,3,3,0,1,KRBKRNvK,DRAW,1B5R/8/8/6r1/4K3/1nk5/8/8 b - - 0 1
0,1,0,0,0,0,0,1,-1,1,0,1,1,1,0,0,0,0,0,16,0,0,5,6,6,3,1,4,2,7,0,1,0,0,0,0,0,0,0,7,1,1,0,0,0,0,1,2,1,1,KRBKRNvK,DRAW,8/6K1/4r3/8/5B2/8/Rn1k4/8 b - - 0 1
1,1,0,0,0,0,0,1,-1,1,0,1,1,1,0,0,0,0,0,16,0,0,3,6,3,3,6,2,2,23,26,0,0,0,0,0,0,0,0,7,1,1,0,0,0,0,0,0,1,0,KRBKRNvK,DRAW,2R5/3k4/r7/3n3B/6K1/8/8/8 w - - 0 1
0,1,0,0,0,0,0,1,-1,1,0,1,1,1,0,0,0,0,0,16,0,0,3,2,0,4,3,4,0,23,26,0,0,0,0,0,0,0,0,7,1,1,0,0,0,0,3,4,0,0,KRBKRNvK,DRAW,8/6B1/3r4/1R6/4k3/8/5n2/2K5 b - - 0 1
1,1,0,0,0,0,0,1,-1,1,0,1,1,1,0,0,0,0,0,16,0,0,4,3,0,3,4,3,0,21,22,0,0,0,0,0,0,0,0,7,1,1,0,0,0,0,0,3,0,0,KRBKRNvK,DRAW,2B5/8/7r/3k4/8/8/8/R2K3n w - - 0 1
0,1,0,0,0,0,0,1,-1,1,0,1,1,1,0,0,0,0,0,16,0,0,2,2,3,4,5,1,1,3,0,1,0,0,0,0,0,0,0,7,1,1,0,0,0,0,2,3,1,0,KRBKRNvK,DRAW,n7/3r4/4k1R1/8/2K5/7B/8/8 b - - 0 1
0,1,0,0,0,0,0,1,-1,1,0,1,1,1,0,0,0,0,0,16,0,0,7,6,7,0,0,5,6,2,0,1,0,0,0,0,0,0,0,7,1,1,0,0,0,0,2,1,0,0,KRBKRNvK,DRAW,6K1/8/8/6n1/8/6rB/8/k3R3 b - - 0 1
1,1,0,0,0,0,0,1,-1,1,0,1,1,1,0,0,0,0,0,16,0,0,4,6,7,3,3,5,0,5,0,1,0,0,0,0,0,0,0,7,1,1,1,1,0,0,0,3,0,0,KRBKRNvK,DRAW,6K1/R7/8/8/3k1n2/8/6r1/2B5 w - - 0 1
0,1,0,0,0,0,0,1,-1,1,0,1,1,1,0,0,0,0,0,16,0,0,6,7,6,6,0,5,5,21,25,0,0,0,0,0,0,0,0,7,1,1,1,0,0,0,0,0,1,1,KRBKRNvK,DRAW,8/1R5K/n4r2/8/8/8/4B3/6k1 b - - 0 1
1,1,0,0,0,0,0,1,-1,1,0,1,1,1,0,0,0,0,0,16,0,0,5,0,7,0,2,6,4,2,0,1,0,0,0,0,0,0,0,7,1,1,0,0,0,0,3,1,0,1,KRBKRNvK,DRAW,K1r5/8/1B6/8/8/kn6/8/4R3 w - - 0 1
1,1,0,0,0,0,0,1,-1,1,0,1,1,1,0,0,0,0,0,16,0,0,5,7,5,2,3,4,1,25,19,0,0,0,0,0,0,0,0,7,1,1,1,1,0,0,2,2,1,0,KRBKRNvK,DRAW,8/3R4/1n5K/8/2k5/8/3B1r2/8 w - - 0 1
0,1,0,0,0,0,0,1,-1,1,0,1,1,1,0,0,0,0,0,16,0,0,2,4,3,5,1,0,3,12,23,0,0,0,0,0,0,0,0,7,1,1,0,0,0,0,3,1,0,2,KRBKRNvK,DRAW,8/8/5R2/1B6/4Knr1/8/5k2/8 b - - 0 1
1,1,0,0,0,0,0,1,-1,1,0,1,1,1,0,0,0,0,0,16,0,0,6,3,1,4,7,2,3,4,0,1,0,0,0,0,0,0,0,7,1,1,0,0,0,0,2,2,0,1,KRBKRNvK,DRAW,4k3/8/8/4r3/R7/7B/3K4/1n6 w - - 0 1
0,1,0,0,0,0,0,1,-1,1,0,1,1,1,0,0,0,0,0,16,0,0,5,7,5,2,4,4,1,26,26,0,0,0,0,0,0,0,0,7,1,1,0,0,0,0,0,3,0,1,KRBKRNvK,DRAW,8/8/7K/2k5/5r2/n5R1/8/3B4 b - - 0 1
1,1,0,0,0,0,0,1,-1,1,0,1,1,1,0,0,0,0,0,16,0,0,2,3,4,2,2,0,2,7,0,1,0,0,0,0,0,0,0,7,1,1,1,0,0,0,3,2,0,0,KRBKRNvK,DRAW,2nr4/1R6/8/3K4/8/2k3B1/8/8 w - - 0 1
0,1,0,0,0,0,0,1,-1,1,0,1,1,1,0,0,0,0,0,16,0,0,4,4,2,1,6,1,4,26,19,0,0,0,0,0,0,0,0,7,1,1,0,0,0,0,3,2,0,2,KRBKRNvK,WIN,7B/1k6/8/3r4/8/4K2R/8/4n3 b - - 0 1
0,1,0,0,0,0,0,1,-1,1,0,1,1,1,0,0,0,0,0,16,0,0,4,4,2,2,6,1,3,15,21,0,0,0,0,0,0,0,0,7,1,1,0,0,0,0,3,2,1,1,KRBKRNvK,LOSS,8/2k5/3r4/3R4/8/3nK3/7B/8 b - - 0 1
1,1,0,0,0,0,0,1,-1,1,0,1,1,1,0,0,0,0,0,16,0,0,4,7,4,3,5,3,1,28,23,0,0,0,0,0,0,0,0,7,1,1,0,0,0,0,3,2,1,0,KRBKRNvK,DRAW,8/1B6/3k4/7K/2n5/4R3/8/1r6 w - - 0 1
1,1,0,0,0,0,0,1,-1,1,0,1,1,1,0,0,0,0,0,16,0,0,5,7,3,2,2,3,2,2,0,1,0,0,0,0,0,0,0,7,1,1,0,0,0,0,2,2,0,1,KRBKRNvK,LOSS,8/1B5r/8/8/7K/2k5/5n2/7R w - - 0 1
1,1,0,0,0,0,0,1,-1,1,0,1,1,1,0,0,0,0,0,16,0,0,2,3,4,5,3,0,1,17,16,0,0,0,0,0,0,0,0,7,1,1,0,0,0,0,4,2,0,0,KRBKRNvK,DRAW,6Br/8/8/2RK4/5k2/8/8/n7 w - - 0 1
0,1,0,0,0,0,0,1,-1,1,0,1,1,1,0,0,0,0,0,16,0,0,4,7,2,7,6,4,5,22,20,0,0,0,0,0,0,0,0,7,1,1,0,0,0,0,2,2,0,0,KRBKRNvK,DRAW,8/7k/3r4/8/8/5B1K/8/3n3R b - - 0 1
0,1,0,0,0,0,0,1,-1,1,0,1,1,1,0,0,0,0,0,16,0,0,3,6,6,4,3,4,0,4,0,1,0,0,0,0,0,0,0,7,1,1,0,0,0,0,1,3,1,0,KRBKRNvK,DRAW,8/6K1/8/8/4k1n1/R7/2B5/7r b - - 0 1
0,1,0,0,0,0,0,1,-1,1,0,1,1,1,0,0,0,0,0,16,0,0,4,4,1,0,0,2,6,19,22,0,0,0,0,0,0,0,0,7,1,1,0,0,0,0,0,0,0,1,KRBKRNvK,DRAW,6n1/8/6R1/8/6B1/8/4K3/k1r5 b - - 0 1
0,1,0,0,0,0,0,1,-1,1,0,1,1,1,0,0,0,0,0,16,0,0,4,1,0,0,4,5,3,3,0,1,0,0,0,0,0,0,0,7,1,1,0,0,0,0,1,0,1,0,KRBKRNvK,DRAW,6n1/5r2/8/k7/8/R5B1/8/1K6 b - - 0 1
0,1,0,0,0,0,0,1,-1,1,0,1,1,1,0,0,0,0,0,16,0,0,4,5,0,1,0,4,5,22,26,0,0,0,0,0,0,0,0,7,1,1,0,0,0,0,2,0,0,1,KRBKRNvK,DRAW,6B1/8/8/n3R3/8/7r/8/1k3K2 b - - 0 1
0,1,0,0,0,0,0,1,-1,1,0,1,1,1,0,0,0,0,0,16,0,0,5,0,6,0,1,5,5,4,0,1,0,0,0,0,0,0,0,7,1,1,0,0,0,0,2,1,0,0,KRBKRNvK,LOSS,8/K7/5r2/8/1n1B4/8/k2R4/8 b - - 0 1
0,1,0,0,0,0,0,1,-1,1,0,1,1,1,0,0,0,0,0,16,0,0,7,0,6,7,5,5,4,22,24,0,0,0,0,0,0,0,0,7,1,1,0,0,0,0,3,2,0,0,KRBKRNvK,DRAW,B3R3/K7/7k/7n/3r4/8/8/8 b - - 0 1
1,1,0,0,0,0,0,1,-1,1,0,1,1,1,0,0,0,0,0,16,0,0,6,4,7,4,1,3,2,25,27,0,0,0,0,0,0,0,0,7,1,1,0,0,0,0,1,1,0,0,KRBKRNvK,DRAW,4K2R/8/4B3/8/8/6n1/4k3/r7 w - - 0 1
0,1,0,0,0,0,0,1,-1,1,0,1,1,1,0,0,0,0,0,16,0,0,3,6,0,5,3,5,1,26,21,0,0,0,0,0,0,0,0,7,1,1,1,0,0,0,1,3,0,1,KRBKRNvK,DRAW,4r3/BR6/8/8/5k2/4n3/8/6K1 b - - 0 1
1,1,0,0,0,0,0,1,-1,1,0,1,1,1,0,0,0,0,0,16,0,0,6,4,7,3,1,3,2,26,22,0,0,0,0,0,0,0,0,7,1,1,0,0,0,0,2,2,1,0,KRBKRNvK,DRAW,4K2n/8/5R2/8/r7/5B2/3k4/8 w - - 0 1
0,1,0,0,0,0,0,1,-1,1,0,1,1,1,0,0,0,0,0,16,0,0,2,5,6,7,6,3,5,1,0,1,0,0,0,0,0,0,0,7,1,1,0,0,0,0,2,0,0,0,KRBKRNvK,LOSS,8/1B3K1k/1r6/8/8/7R/7n/8 b - - 0 1
1,1,0,0,0,0,0,1,-1,1,0,1,1,1,0,0,0,0,0,16,0,0,7,1,7,1,0,5,5,5,0,1,0,0,0,0,0,0,0,7,1,1,0,0,0,0,2,1,0,1,KRBKRNvK,DRAW,1K4B1/3n4/4R3/8/8/8/8/1k3r2 w - - 0 1
1,1,0,0,0,0,0,1,-1,1,0,1,1,1,0,0,0,0,0,16,0,0,4,7,0,7,4,6,3,27,22,0,0,0,0,0,0,0,0,7,1,1,0,0,0,0,1,1,0,0,KRBKRNvK,DRAW,1r6/2n5/4B3/7k/8/8/6R1/7K w - - 0 1
1,1,0,0,0,0,0,1,-1,1,0,1,1,1,0,0,0,0,0,16,0,0,4,4,7,5,3,3,1,27,21,0,0,0,0,0,0,0,0,7,1,1,0,0,0,0,2,3,0,0,KRBKRNvK,DRAW,4K3/8/8/8/1n3k1r/8/1B6/2R5 w - - 0 1
1,1,0,0,0,0,0,1,-1,1,0,1,1,1,0,0,0,0,0,16,0,0,4,0,7,3,3,6,0,2,0,1,0,0,0,0,0,0,0,7,1,1,0,0,0,0,0,3,1,0,KRBKRNvK,DRAW,K6r/8/8/8/1n1k4/1R6/B7/8 w - - 0 1
1,1,0,0,0,0,0,1,-1,1,0,1,1,1,0,0,0,0,0,16,0,0,4,3,4,7,5,0,4,22,22,0,0,0,0,0,0,0,0,7,1,1,0,1,0,0,4,1,0,1,KRBKRNvK,DRAW,8/8/7k/3K4/4n3/8/4r2B/3R4 w - - 0 1
0,1,0,0,0,0,0,1,-1,1,0,1,1,1,0,0,0,0,0,16,0,0,2,1,3,0,1,2,5,23,26,0,0,0,0,0,0,0,0,7,1,1,0,0,0,0,1,0,0,0,KRBKRNvK,DRAW,1R6/5r2/8/4B3/1K2n3/8/k7/8 b - - 0 1
1,1,0,0,0,0,0,1,-1,1,0,1,1,1,0,0,0,0,0,16,0,0,6,1,4,7,2,2,4,32,17,0,0,0,0,0,0,0,0,7,1,1,0,0,0,0,1,2,0,0,KRBKRNvK,DRAW,3n4/8/3Br3/1K6/8/7k/8/2R5 w - - 0 1
0,1,0,0,0,0,0,1,-1,1,0,1,1,1,0,0,0,0,0,16,0,0,7,7,5,0,0,4,6,18,28,0,0,0,0,0,0,0,0,7,1,1,0,0,0,0,3,0,0,0,KRBKRNvK,DRAW,8/5B2/7K/8/8/2r5/4R2n/k7 b - - 0 1
1,1,0,0,0,0,0,1,-1,1,0,1,1,1,0,0,0,0,0,16,0,0,3,6,3,5,6,2,3,25,25,0,0,0,0,0,0,0,0,7,1,1,0,0,0,0,1,1,0,1,KRBKRNvK,DRAW,8/5k2/r5n1/8/6K1/4B3/8/6R1 w - - 0 1
0,1,0,0,0,0,0,1,-1,1,0,1,1,1,0,0,0,0,0,16,0,0,3,1,3,0,6,2,5,21,31,0,0,0,0,0,0,0,0,7,1,1,0,1,0,0,3,0,0,0,KRBKRNvK,DRAW,8/kn6/8/6R1/1K6/3B4/5r2/8 b - - 0 1
0,1,0,0,0,0,0,1,-1,1,0,1,1,1,0,0,0,0,0,16,0,0,3,1,2,4,5,3,1,20,25,0,0,0,0,0,0,0,0,7,1,1,0,0,0,0,2,3,0,0,KRBKRNvK,DRAW,8/1B6/4k3/8/4r3/1K6/7R/7n b - - 0 1
1,1,0,0,0,0,0,1,-1,1,0,1,1,1,0,0,0,0,0,16,0,0,4,6,3,2,0,2,4,23,20,0,0,0,0,0,0,0,0,7,1,1,0,1,0,0,0,0,0,0,KRBKRNvK,DRAW,8/6n1/R7/8/B5K1/8/1r6/2k5 w - - 0 1
1,1,0,0,0,0,0,1,-1,1,0,1,1,1,0,0,0,0,0,16,0,0,4,3,6,3,2,2,1,26,22,0,0,0,0,0,0,0,0,7,1,1,0,0,0,0,0,2,1,0,KRBKRNvK,DRAW,7R/3K4/8/8/8/3k2n1/8/2rB4 w - - 0 1
0,1,0,0,0,0,0,1,-1,1,0,1,1,1,0,0,0,0,0,16,0,0,5,6,4,1,0,2,5,23,24,0,0,0,0,0,0,0,0,7,1,1,0,0,0,0,2,2,0,0,KRBKRNvK,DRAW,8/8/8/6K1/1n5R/7B/8/1k1r4 b - - 0 1
0,1,0,0,0,0,0,1,-1,1,0,1,1,1,0,0,0,0,0,16,0,0,2,4,3,5,1,0,3,4,0,1,0,0,0,0,0,0,0,7,1,1,0,0,0,0,3,0,0,0,KRBKRNvK,DRAW,1Bn5/1r6/8/5R2/4K3/8/5k2/8 b - - 0 1
1,1,0,0,0,0,0,1,-1,1,0,1,1,1,0,0,0,0,0,16,0,0,5,7,5,2,2,4,2,25,26,0,0,0,0,0,0,0,0,7,1,1,0,0,0,0,0,2,1,0,KRBKRNvK,DRAW,2r5/8/7K/7B/8/2kn4/8/R7 w - - 0 1
0,1,0,0,0,0,0,1,-1,1,0,1,1,1,0,0,0,0,0,16,0,0,2,4,1,4,3,2,0,27,19,0,0,0,0,0,0,0,0,7,1,1,0,0,0,0,0,3,1,0,KRBKRNvK,DRAW,8/8/2n5/7r/4k3/2R5/4K3/3B4 b - - 0 1
1,1,0,0,0,0,0,1,-1,1,0,1,1,1,0,0,0,0,0,16,0,0,2,2,6,0,7,3,6,3,0,1,0,0,0,0,0,0,0,7,1,1,1,0,0,0,2,2,0,0,KRBKRNvK,DRAW,k7/2K3R1/5B2/8/2r1n3/8/8/8 w - - 0 1
1,1,0,0,0,0,0,1,-1,1,0,1,1,1,0,0,0,0,0,16,0,0,5,7,7,2,6,6,3,3,0,1,0,0,0,0,0,0,0,7,1,1,0,0,0,0,2,0,0,0,KRBKRNvK,DRAW,r6K/2k5/8/n7/8/2B2R2/8/8 w - - 0 1
1,1,0,0,0,0,0,1,-1,1,0,1,1,1,0,0,0,0,0,16,0,0,3,4,3,7,0,0,6,6,0,1,0,0,0,0,0,0,0,7,1,1,0,0,0,0,4,2,0,0,KRBKRNvK,LOSS,8/8/8/7B/r3K2R/7n/8/7k w - - 0 1
1,1,0,0,0,0,0,1,-1,1,0,1,1,1,0,0,0,0,0,16,0,0,2,3,7,2,5,3,2,3,0,1,0,0,0,0,0,0,0,7,1,1,0,0,0,0,1,2,1,1,KRBKRNvK,LOSS,3K4/2B2n2/2k5/1r6/8/8/8/1R6 w - - 0 1
1,1,0,0,0,0,0,1,-1,1,0,1,1,1,0,0,0,0,0,16,0,0,5,2,6,2,1,3,3,24,29,0,0,0,0,0,0,0,0,7,1,1,1,0,0,0,1,2,0,0,KRBKRNvK,DRAW,8/2K2B1R/5n2/8/8/8/2k5/r7 w - - 0 1
0,1,0,0,0,0,0,1,-1,1,0,1,1,1,0,0,0,0,0,16,0,0,5,6,2,1,6,3,4,25,20,0,0,0,0,0,0,0,0,7,1,1,0,0,0,0,2,1,0,0,KRBKRNvK,DRAW,8/1k6/4n2r/8/8/B3R1K1/8/8 b - - 0 1
0,1,0,0,0,0,0,1,-1,1,0,1,1,1,0,0,0,0,0,16,0,0,4,7,4,7,0,3,6,19,21,0,0,0,0,0,0,0,0,7,1,1,0,0,0,0,1,2,0,0,KRBKRNvK,DRAW,2n5/8/7R/7K/2r5/4B3/8/7k b - - 0 1
1,1,0,0,0,0,0,1,-1,1,0,1,1,1,0,0,0,0,0,16,0,0,3,7,5,4,3,4,0,3,0,1,0,0,0,0,0,0,0,7,1,1,0,0,0,0,1,4,1,0,KRBKRNvK,DRAW,1B6/8/4r2K/8/4k3/5n2/5R2/8 w - - 0 1
1,1,0,0,0,0,0,1,-1,1,0,1,1,1,0,0,0,0,0,16,0,0,5,0,6,2,1,5,3,24,21,0,0,0,0,0,0,0,0,7,1,1,0,1,0,0,0,1,2,1,KRBKRNvK,DRAW,8/K1n5/8/8/8/R7/2kB3r/8 w - - 0 1
0,1,0,0,0,0,0,1,-1,1,0,1,1,1,0,0,0,0,0,16,0,0,6,0,5,6,5,4,3,20,31,0,0,0,0,0,0,0,0,7,1,1,0,0,0,0,1,3,1,1,KRBKRNvK,DRAW,8/8/Kn4k1/4B3/6r1/8/7R/8 b - - 0 1
0,1,0,0,0,0,0,1,-1,1,0,1,1,1,0,0,0,0,0,16,0,0,2,7,5,6,3,4,2,23,19,0,0,0,0,0,0,0,0,7,1,1,0,0,0,0,0,0,0,0,KRBKRNvK,DRAW,4R3/4B3/7K/n7/6k1/2r5/8/8 b - - 0 1
0,1,0,0,0,0,0,1,-1,1,0,1,1,1,0,0,0,0,0,16,0,0,5,0,4,5,4,3,1,17,23,0,0,0,0,0,0,0,0,7,1,1,0,0,0,0,1,2,0,0,KRBKRNvK,DRAW,R7/8/8/K4k2/8/1B6/8/6nr b - - 0 1
0,1,0,0,0,0,0,1,-1,1,0,1,1,1,0,0,0,0,0,16,0,0,3,3,6,0,7,2,6,21,21,0,0,0,0,0,0,0,0,7,1,1,0,0,0,0,1,2,1,0,KRBKRNvK,DRAW,k7/3K4/1R4B1/8/4r3/1n6/8/8 b - - 0 1
0,1,0,0,0,0,0,1,-1,1,0,1,1,1,0,0,0,0,0,16,0,0,5,2,7,2,2,4,2,14,17,0,0,0,0,0,0,0,0,7,1,1,1,1,0,0,0,1,1,0,KRBKRNvK,DRAW,2K5/R7/8/8/4n3/2k5/1r6/B7 b - - 0 1
1,1,0,0,0,0,0,1,-1,1,0,1,1,1,0,0,0,0,0,16,0,0,3,6,4,5,1,2,3,33,16,0,0,0,0,0,0,0,0,7,1,1,0,0,0,0,2,0,1,0,KRBKRNvK,DRAW,7R/8/8/6K1/8/5B2/1n3k2/5r2 w - - 0 1
1,1,0,0,0,0,0,1,-1,1,0,1,1,1,0,0,0,0,0,16,0,0,4,6,7,4,3,5,0,6,0,1,0,0,0,0,0,0,0,7,1,1,0,0,0,0,2,3,1,0,KRBKRNvK,DRAW,6K1/8/2R5/8/4k3/6r1/4n3/B7 w - - 0 1
0,1,0,0,0,0,0,1,-1,1,0,1,1,1,0,0,0,0,0,16,0,0,3,3,5,0,3,1,3,12,25,0,0,0,0,0,0,0,0,7,1,1,0,0,0,0,4,1,0,1,KRBKRNvK,DRAW,6B1/8/3K4/8/kn5R/1r6/8/8 b - - 0 1
0,1,0,0,0,0,0,1,-1,1,0,1,1,1,0,0,0,0,0,16,0,0,7,0,0,4,7,6,3,20,23,0,0,0,0,0,0,0,0,7,1,1,0,0,0,0,2,0,0,0,KRBKRNvK,DRAW,4k3/8/6r1/8/n6B/8/3R4/K7 b - - 0 1
0,1,0,0,0,0,0,1,-1,1,0,1,1,1,0,0,0,0,0,16,0,0,4,5,5,5,1,2,3,22,17,0,0,0,0,0,0,0,0,7,1,1,0,0,0,0,1,2,1,0,KRBKRNvK,DRAW,8/8/5KR1/1r6/1n4B1/8/5k2/8 b - - 0 1
0,1,0,0,0,0,0,1,-1,1,0,1,1,1,0,0,0,0,0,16,0,0,4,0,4,4,0,3,3,21,25,0,0,0,0,0,0,0,0,7,1,1,0,1,0,0,0,3,0,1,KRBKRNvK,DRAW,5R2/8/1n6/KB6/8/8/4r3/4k3 b - - 0 1
0,1,0,0,0,0,0,1,-1,1,0,1,1,1,0,0,0,0,0,16,0,0,4,3,2,7,4,1,3,22,15,0,0,0,0,0,0,0,0,7,1,1,0,0,0,0,2,2,0,1,KRBKRNvK,DRAW,6n1/8/8/7k/5r2/1R1K4/2B5/8 b - - 0 1
1,1,0,0,0,0,0,1,-1,1,0,1,1,1,0,0,0,0,0,16,0,0,5,7,0,2,1,6,3,24,20,0,0,0,0,0,0,0,0,7,1,1,0,1,0,0,2,2,0,0,KRBKRNvK,DRAW,5B2/8/2n5/3R4/8/8/1rk5/7K w - - 0 1
0,1,0,0,0,0,0,1,-1,1,0,1,1,1,0,0,0,0,0,16,0,0,4,0,1,4,5,5,1,7,0,1,0,0,0,0,0,0,0,7,1,1,0,0,0,0,0,4,1,1,KRBKRNvK,DRAW,6B1/8/4k3/6n1/2r5/8/K5R1/8 b - - 0 1
0,1,0,0,0,0,0,1,-1,1,0,1,1,1,0,0,0,0,0,16,0,0,3,6,5,5,2,3,2,24,27,0,0,0,0,0,0,0,0,7,1,1,0,0,0,0,2,1,0,1,KRBKRNvK,DRAW,8/7n/3R2K1/1B6/8/5k2/8/r7 b - - 0 1
1,1,0,0,0,0,0,1,-1,1,0,1,1,1,0,0,0,0,0,16,0,0,2,3,1,1,1,2,4,28,24,0,0,0,0,0,0,0,0,7,1,1,0,0,0,0,3,3,0,1,KRBKRNvK,DRAW,8/8/3B4/6r1/7R/8/1knK4/8 w - - 0 1
0,1,0,0,0,0,0,1,-1,1,0,1,1,1,0,0,0,0,0,16,0,0,2,3,6,1,7,2,5,1,0,1,0,0,0,0,0,0,0,7,1,1,0,1,0,0,2,1,1,0,KRBKRNvK,DRAW,1k2R3/3K4/B7/8/1n6/8/7r/8 b - - 0 1
0,1,0,0,0,0,0,1,-1,1,0,1,1,1,0,0,0,0,0,16,0,0,7,0,2,7,4,4,3,24,27,0,0,0,0,0,0,0,0,7,1,1,0,0,0,0,2,1,0,0,KRBKRNvK,DRAW,8/8/6r1/7k/2RB1n2/K7/8/8 b - - 0 1
0,1,0,0,0,0,0,1,-1,1,0,1,1,1,0,0,0,0,0,16,0,0,5,6,2,4,7,3,3,19,28,0,0,0,0,0,0,0,0,7,1,1,0,0,0,0,1,2,0,0,KRBKRNvK,DRAW,4k3/7B/8/8/8/r1n3K1/5R2/8 b - - 0 1
0,1,0,0,0,0,0,1,-1,1,0,1,1,1,0,0,0,0,0,16,0,0,6,6,1,0,0,4,6,24,25,0,0,0,0,0,0,0,0,7,1,1,0,0,0,0,0,1,0,0,KRBKRNvK,DRAW,r7/8/2R5/8/8/3n3B/6K1/k7 b - - 0 1
1,1,0,0,0,0,0,1,-1,1,0,1,1,1,0,0,0,0,0,16,0,0,5,0,0,4,5,6,1,2,0,1,0,0,0,0,0,0,0,7,1,1,1,0,0,0,0,3,1,0,KRBKRNvK,DRAW,1B6/2R5/4k3/8/8/3n4/8/K3r3 w - - 0 1
0,1,0,0,0,0,0,1,-1,1,0,1,1,1,0,0,0,0,0,16,0,0,2,5,0,4,2,4,1,18,22,0,0,0,0,0,0,0,0,7,1,1,0,1,0,0,2,2,1,0,KRBKRNvK,DRAW,8/8/8/4R3/1B2n3/4k3/2r5/5K2 b - - 0 1
0,1,0,0,0,0,0,1,-1,1,0,1,1,1,0,0,0,0,0,16,0,0,3,4,7,7,6,3,5,4,0,1,0,0,0,0,0,0,0,7,1,1,1,0,0,0,0,0,1,0,KRBKRNvK,DRAW,4K3/R6k/8/7B/8/5r2/8/6n1 b - - 0 1
0,1,0,0,0,0,0,1,-1,1,0,1,1,1,0,0,0,0,0,16,0,0,3,0,0,3,3,6,0,4,0,1,0,0,0,0,0,0,0,7,1,1,0,0,0,0,2,3,1,1,KRBKRNvK,LOSS,1r6/6B1/8/8/3k4/1R6/8/K1n5 b - - 0 1
1,1,0,0,0,0,0,1,-1,1,0,1,1,1,0,0,0,0,0,16,0,0,3,2,7,5,6,4,3,25,20,0,0,0,0,0,0,0,0,7,1,1,0,1,0,0,0,0,0,0,KRBKRNvK,DRAW,2K5/5k1n/2R5/8/8/8/5r2/3B4 w - - 0 1
0,1,0,0,0,0,0,1,-1,1,0,1,1,1,0,0,0,0,0,16,0,0,4,7,5,3,5,4,1,6,0,1,0,0,0,0,0,0,0,7,1,1,0,0,0,0,0,2,1,1,KRBKRNvK,DRAW,8/6n1/3k1R1K/B7/8/8/8/6r1 b - - 0 1
0,1,0,0,0,0,0,1,-1,1,0,1,1,1,0,0,0,0,0,16,0,0,3,4,5,5,2,1,2,4,0,1,0,0,0,0,0,0,0,7,1,1,1,0,0,0,2,2,1,0,KRBKRNvK,DRAW,8/5R2/1n2K3/8/8/1r3k2/8/7B b - - 0 1
0,1,0,0,0,0,0,1,-1,1,0,1,1,1,0,0,0,0,0,16,0,0,4,5,1,6,5,3,3,20,24,0,0,0,0,0,0,0,0,7,1,1,0,0,0,0,2,2,0,1,KRBKRNvK,DRAW,8/2B5/3r2k1/R7/8/8/5K2/6n1 b - - 0 1
1,1,0,0,0,0,0,1,-1,1,0,1,1,1,0,0,0,0,0,16,0,0,3,3,1,0,1,2,5,6,0,1,0,0,0,0,0,0,0,7,1,1,0,0,0,0,0,2,1,0,KRBKRNvK,LOSS,2n5/3r4/7B/8/8/8/k2K4/1R6 w - - 0 1
1,1,0,0,0,0,0,1,-1,1,0,1,1,1,0,0,0,0,0,16,0,0,3,3,0,0,3,3,3,24,23,0,0,0,0,0,0,0,0,7,1,1,0,0,0,0,2,3,1,1,KRBKRNvK,DRAW,8/8/8/1R6/k1r5/5n2/3B4/3K4 w - - 0 1
1,1,0,0,0,0,0,1,-1,1,0,1,1,1,0,0,0,0,0,16,0,0,2,0,2,0,4,4,3,24,18,0,0,0,0,0,0,0,0,7,1,1,0,0,0,0,0,0,0,1,KRBKRNvK,WIN,4n3/8/5R2/k7/8/K7/4B3/1r6 w - - 0 1
0,1,0,0,0,0,0,1,-1,1,0,1,1,1,0,0,0,0,0,16,0,0,6,3,0,4,6,3,2,24,13,0,0,0,0,0,0,0,0,7,1,1,0,0,0,0,0,2,0,1,KRBKRNvK,DRAW,8/4k3/5r2/7B/8/5n1R/8/3K4 b - - 0 1
1,1,0,0,0,0,0,1,-1,1,0,1,1,1,0,0,0,0,0,16,0,0,7,2,7,3,0,4,3,3,0,1,0,0,0,0,0,0,0,7,1,1,0,0,0,0,2,0,0,1,KRBKRNvK,DRAW,2K2n2/8/2r2B2/8/8/R7/8/3k4 w - - 0 1
1,1,0,0,0,0,0,1,-1,1,0,1,1,1,0,0,0,0,0,16,0,0,5,1,5,6,4,3,2,28,23,0,0,0,0,0,0,0,0,7,1,1,0,1,0,0,2,1,0,0,KRBKRNvK,DRAW,3R4/4n3/1K6/6k1/8/8/6r1/4B3 w - - 0 1
1,1,0,0,0,0,0,1,-1,1,0,1,1,1,0,0,0,0,0,16,0,0,2,5,2,7,4,2,3,5,0,1,0,0,0,0,0,0,0,7,1,1,0,0,0,0,2,0,0,0,KRBKRNvK,DRAW,5n2/8/R7/7k/8/1r3K2/5B2/8 w - - 0 1
1,1,0,0,0,0,0,1,-1,1,0,1,1,1,0,0,0,0,0,16,0,0,6,7,1,1,4,5,2,25,27,0,0,0,0,0,0,0,0,7,1,1,0,0,0,0,1,2,1,0,KRBKRNvK,DRAW,8/B3r3/8/1k1n4/8/6R1/7K/8 w - - 0 1
0,1,0,0,0,0,0,1,-1,1,0,1,1,1,0,0,0,0,0,16,0,0,2,3,0,2,2,3,2,23,21,0,0,0,0,0,0,0,0,7,1,1,1,0,0,0,1,3,0,0,KRBKRNvK,DRAW,8/3R2n1/3B4/r7/8/2k5/8/3K4 b - - 0 1
0,1,0,0,0,0,0,1,-1,1,0,1,1,1,0,0,0,0,0,16,0,0,3,1,3,4,3,2,0,4,0,1,0,0,0,0,0,0,0,7,1,1,1,0,0,0,3,4,1,0,KRBKRNvK,DRAW,8/3R4/2B5/8/1K2k1r1/4n3/8/8 b - - 0 1
1,1,0,0,0,0,0,1,-1,1,0,1,1,1,0,0,0,0,0,16,0,0,5,1,5,1,0,3,5,27,23,0,0,0,0,0,0,0,0,7,1,1,0,0,0,0,2,1,0,1,KRBKRNvK,DRAW,2r5/8/1K4n1/4B2R/8/8/8/1k6 w - - 0 1
1,1,0,0,0,0,0,1,-1,1,0,1,1,1,0,0,0,0,0,16,0,0,3,6,3,3,0,2,3,29,16,0,0,0,0,0,0,0,0,7,1,1,0,0,0,0,2,0,0,0,KRBKRNvK,DRAW,1R6/n7/8/8/6K1/8/8/2rk3B w - - 0 1
0,1,0,0,0,0,0,1,-1,1,0,1,1,1,0,0,0,0,0,16,0,0,4,5,5,1,4,2,2,4,0,1,0,0,0,0,0,0,0,7,1,1,0,0,0,0,1,0,2,0,KRBKRNvK,DRAW,8/B1r5/1R3K2/1k6/8/8/8/5n2 b - - 0 1
1,1,0,0,0,0,0,1,-1,1,0,1,1,1,0,0,0,0,0,16,0,0,5,4,2,3,7,1,3,25,23,0,0,0,0,0,0,0,0,7,1,1,0,0,0,0,3,3,0,1,KRBKRNvK,DRAW,3k4/6B1/8/1n3r2/8/4K3/8/6R1 w - - 0 1
0,1,0,0,0,0,0,1,-1,1,0,1,1,1,0,0,0,0,0,16,0,0,6,6,6,0,3,4,3,21,24,0,0,0,0,0,0,0,0,7,1,1,0,0,0,0,1,2,0,0,KRBKRNvK,DRAW,8/2B3K1/8/1r6/k7/8/6nR/8 b - - 0 1
0,1,0,0,0,0,0,1,-1,1,0,1,1,1,0,0,0,0,0,16,0,0,6,0,2,6,7,4,5,22,22,0,0,0,0,0,0,0,0,7,1,1,0,0,0,0,0,1,1,0,KRBKRNvK,DRAW,2r3k1/4B3/8/8/8/K2n3R/8/8 b - - 0 1
1,1,0,0,0,0,0,1,-1,1,0,1,1,1,0,0,0,0,0,16,0,0,3,7,1,4,2,5,1,4,0,1,0,0,0,0,0,0,0,7,1,1,0,1,0,0,0,2,0,1,KRBKRNvK,DRAW,8/8/2R5/8/8/n3k2B/5r1K/8 w - - 0 1
0,1,0,0,0,0,0,1,-1,1,0,1,1,1,0,0,0,0,0,16,0,0,5,5,2,1,7,2,5,21,18,0,0,0,0,0,0,0,0,7,1,1,0,0,0,0,1,2,0,1,KRBKRNvK,DRAW,1k6/8/8/8/2r5/5K2/6n1/R6B b - - 0 1
0,1,0,0,0,0,0,1,-1,1,0,1,1,1,0,0,0,0,0,16,0,0,4,0,1,4,2,5,1,24,25,0,0,0,0,0,0,0,0,7,1,1,0,0,0,0,2,2,1,2,KRBKRNvK,DRAW,8/8/8/7R/6B1/4k3/Kn6/2r5 b - - 0 1
0,1,0,0,0,0,0,1,-1,1,0,1,1,1,0,0,0,0,0,16,0,0,4,5,5,7,1,2,5,20,14,0,0,0,0,0,0,0,0,7,1,1,0,0,0,0,2,2,0,2,KRBKRNvK,DRAW,6B1/8/5KR1/3r4/3n4/8/7k/8 b - - 0 1
0,1,0,0,0,0,0,1,-1,1,0,1,1,1,0,0,0,0,0,16,0,0,4,2,0,1,4,4,2,22,14,0,0,0,0,0,0,0,0,7,1,1,0,1,0,0,0,2,0,1,KRBKRNvK,DRAW,8/7n/8/1k6/8/8/3r4/R1K1B3 b - - 0 1
1,1,0,0,0,0,0,1,-1,1,0,1,1,1,0,0,0,0,0,16,0,0,4,6,7,2,6,5,3,26,22,0,0,0,0,0,0,0,0,7,1,1,0,0,0,0,0,1,1,0,KRBKRNvK,DRAW,4B1K1/2k5/7R/8/8/1r2n3/8/8 w - - 0 1
0,1,0,0,0,0,0,1,-1,1,0,1,1,1,0,0,0,0,0,16,0,0,5,6,5,1,6,3,4,5,0,1,0,0,0,0,0,0,0,7,1,1,0,0,0,0,3,3,1,1,KRBKRNvK,LOSS,3Rr3/1k6/1n4K1/8/8/5B2/8/8 b - - 0 1
0,1,0,0,0,0,0,1,-1,1,0,1,1,1,0,0,0,0,0,16,0,0,3,7,6,4,5,5,1,6,0,1,0,0,0,0,0,0,0,7,1,1,0,0,0,0,1,2,0,0,KRBKRNvK,DRAW,8/7K/1B2k2R/8/8/1r6/8/7n b - - 0 1
1,1,0,0,0,0,0,1,-1,1,0,1,1,1,0,0,0,0,0,16,0,0,3,4,2,7,2,1,4,7,0,1,0,0,0,0,0,0,0,7,1,1,0,0,0,0,3,1,0,2,KRBKRNvK,DRAW,R7/8/8/5n2/8/4K2k/1B6/6r1 w - - 0 1
0,1,0,0,0,0,0,1,-1,1,0,1,1,1,0,0,0,0,0,16,0,0,7,7,6,0,2,5,4,18,29,0,0,0,0,0,0,0,0,7,1,1,1,0,0,0,2,2,0,0,KRBKRNvK,DRAW,8/5R1K/2B5/8/8/k7/8/3nr3 b - - 0 1
1,1,0,0,0,0,0,1,-1,1,0,1,1,1,0,0,0,0,0,16,0,0,3,6,6,3,5,4,1,25,17,0,0,0,0,0,0,0,0,7,1,1,1,0,0,0,2,2,0,0,KRBKRNvK,DRAW,1n6/6KR/1r1k4/8/8/5B2/8/8 w - - 0 1
1,1,0,0,0,0,0,1,-1,1,0,1,1,1,0,0,0,0,0,16,0,0,6,0,7,3,1,6,2,22,19,0,0,0,0,0,0,0,0,7,1,1,0,0,0,0,1,2,1,0,KRBKRNvK,DRAW,K5B1/3r4/8/8/8/2R5/3k4/3n4 w - - 0 1
0,1,0,0,0,0,0,1,-1,1,0,1,1,1,0,0,0,0,0,16,0,0,7,7,1,0,3,5,3,20,24,0,0,0,0,0,0,0,0,7,1,1,0,0,0,0,3,2,0,1,KRBKRNvK,DRAW,3R4/8/8/5r2/k7/3B4/7K/7n b - - 0 1
0,1,0,0,0,0,0,1,-1,1,0,1,1,1,0,0,0,0,0,16,0,0,4,7,1,3,3,5,0,24,17,0,0,0,0,0,0,0,0,7,1,1,0,0,0,0,0,4,0,0,KRBKRNvK,DRAW,2R5/7B/6r1/8/3k4/8/2n4K/8 b - - 0 1
0,1,0,0,0,0,0,1,-1,1,0,1,1,1,0,0,0,0,0,16,0,0,5,7,6,2,3,5,1,19,24,0,0,0,0,0,0,0,0,7,1,1,0,0,0,0,2,2,2,0,KRBKRNvK,DRAW,r7/7K/1B1R4/8/2k5/8/8/n7 b - - 0 1
0,1,0,0,0,0,0,1,-1,1,0,1,1,1,0,0,0,0,0,16,0,0,3,0,5,3,6,4,2,24,25,0,0,0,0,0,0,0,0,7,1,1,0,0,0,0,1,2,0,1,KRBKRNvK,DRAW,8/1n1k4/K7/5r2/8/6B1/1R6/8 b - - 0 1
1,1,0,0,0,0,0,1,-1,1,0,1,1,1,0,0,0,0,0,16,0,0,3,1,0,2,3,5,1,30,22,0,0,0,0,0,0,0,0,7,1,1,0,0,0,0,2,3,1,1,KRBKRNvK,DRAW,8/3n4/8/R7/2k2B2/3r4/8/1K6 w - - 0 1
0,1,0,0,0,0,0,1,-1,1,0,1,1,1,0,0,0,0,0,16,0,0,2,0,0,1,2,6,3,18,18,0,0,0,0,0,0,0,0,7,1,1,0,0,0,0,2,2,0,0,KRBKRNvK,WIN,6B1/8/4n3/7R/8/1k1r4/8/K7 b - - 0 1
0,1,0,0,0,0,0,1,-1,1,0,1,1,1,0,0,0,0,0,16,0,0,7,4,0,7,7,3,6,2,0,1,0,0,0,0,0,0,0,7,1,1,0,0,0,0,1,1,1,1,KRBKRNvK,DRAW,5R1k/8/3B3r/8/8/8/3n4/4K3 b - - 0 1
1,1,0,0,0,0,0,1,-1,1,0,1,1,1,0,0,0,0,0,16,0,0,3,3,7,0,4,3,3,2,0,1,0,0,0,0,0,0,0,7,1,1,0,0,0,0,0,2,0,2,KRBKRNvK,DRAW,2RK4/1n6/4r3/k5B1/8/8/8/8 w - - 0 1
0,1,0,0,0,0,0,1,-1,1,0,1,1,1,0,0,0,0,0,16,0,0,5,6,1,2,6,4,3,4,0,1,0,0,0,0,0,0,0,7,1,1,0,0,0,0,0,3,2,1,KRBKRNvK,DRAW,8/2k5/2R5/1B6/7r/3n4/6K1/8 b - - 0 1
1,1,0,0,0,0,0,1,-1,1,0,1,1,1,0,0,0,0,0,16,0,0,6,7,2,1,7,4,5,25,24,0,0,0,0,0,0,0,0,7,1,1,0,0,0,0,0,0,1,0,KRBKRNvK,DRAW,1k6/5r2/B7/8/3n4/2R4K/8/8 w - - 0 1
1,1,0,0,0,0,0,1,-1,1,0,1,1,1,0,0,0,0,0,16,0,0,7,0,0,0,7,6,6,23,18,0,0,0,0,0,0,0,0,7,1,1,0,0,0,0,2,0,0,0,KRBKRNvK,DRAW,k1n5/8/8/7B/8/7r/8/K3R3 w - - 0 1
1,1,0,0,0,0,0,1,-1,1,0,1,1,1,0,0,0,0,0,16,0,0,6,6,2,0,6,3,5,24,23,0,0,0,0,0,0,0,0,7,1,1,0,0,0,0,2,2,0,0,KRBKRNvK,DRAW,8/k7/3r4/8/3n3B/6K1/8/4R3 w - - 0 1
1,1,0,0,0,0,0,1,-1,1,0,1,1,1,0,0,0,0,0,16,0,0,7,5,0,1,7,4,5,23,24,0,0,0,0,0,0,0,0,7,1,1,0,0,0,0,0,2,1,0,KRBKRNvK,WIN,1kB4R/8/5n2/8/8/1r6/8/5K2 w - - 0 1
0,1,0,0,0,0,0,1,-1,1,0,1,1,1,0,0,0,0,0,16,0,0,4,2,7,2,3,4,1,5,0,1,0,0,0,0,0,0,0,7,1,1,0,0,0,0,0,3,2,1,KRBKRNvK,DRAW,2K5/1n6/8/8/2k3r1/B7/2R5/8 b - - 0 1
0,1,0,0,0,0,0,1,-1,1,0,1,1,1,0,0,0,0,0,16,0,0,3,6,6,3,4,4,0,3,0,1,0,0,0,0,0,0,0,7,1,1,0,0,0,0,3,4,2,0,KRBKRNvK,DRAW,8/6K1/8/2rk4/1R6/5B2/8/3n4 b - - 0 1
1,1,0,0,0,0,0,1,-1,1,0,1,1,1,0,0,0,0,0,16,0,0,2,5,6,3,7,3,3,5,0,1,0,0,0,0,0,0,0,7,1,1,0,0,0,0,1,2,0,2,KRBKRNvK,DRAW,3k4/5K2/8/4r1n1/8/8/7B/7R w - - 0 1
0,1,0,0,0,0,0,1,-1,1,0,1,1,1,0,0,0,0,0,16,0,0,5,6,0,1,0,5,5,25,21,0,0,0,0,0,0,0,0,7,1,1,1,1,0,0,3,3,0,0,KRBKRNvK,DRAW,8/1B2Rn2/8/8/8/8/3r4/1k4K1 b - - 0 1
0,1,0,0,0,0,0,1,-1,1,0,1,1,1,0,0,0,0,0,16,0,0,2,6,4,5,2,2,2,5,0,1,0,0,0,0,0,0,0,7,1,1,0,0,0,0,2,2,0,1,KRBKRNvK,DRAW,8/8/5R2/4n1K1/8/5k2/8/B3r3 b - - 0 1
1,1,0,0,0,0,0,1,-1,1,0,1,1,1,0,0,0,0,0,16,0,0,2,1,4,2,2,2,2,26,15,0,0,0,0,0,0,0,0,7,1,1,0,0,0,0,2,1,2,0,KRBKRNvK,DRAW,8/8/8/1K2R3/2B5/2k5/1n6/2r5 w - - 0 1
0,1,0,0,0,0,0,1,-1,1,0,1,1,1,0,0,0,0,0,16,0,0,3,7,7,4,5,6,1,22,25,0,0,0,0,0,0,0,0,7,1,1,0,0,0,0,3,3,1,0,KRBKRNvK,DRAW,7K/1B6/3rk3/8/1nR5/8/8/8 b - - 0 1
1,1,0,0,0,0,0,1,-1,1,0,1,1,1,0,0,0,0,0,16,0,0,3,4,1,7,2,2,4,21,22,0,0,0,0,0,0,0,0,7,1,1,0,0,0,0,2,2,0,0,KRBKRNvK,DRAW,B4n2/8/8/8/r7/7k/4K3/4R3 w - - 0 1
0,1,0,0,0,0,0,1,-1,1,0,1,1,1,0,0,0,0,0,16,0,0,6,6,2,0,2,3,4,3,0,1,0,0,0,0,0,0,0,7,1,1,0,0,0,0,1,2,2,1,KRBKRNvK,DRAW,8/3n4/8/5r2/2B5/k1R3K1/8/8 b - - 0 1
1,1,0,0,0,0,0,1,-1,1,0,1,1,1,0,0,0,0,0,16,0,0,5,5,6,7,1,3,5,24,24,0,0,0,0,0,0,0,0,7,1,1,0,0,0,0,2,1,0,0,KRBKRNvK,DRAW,4R3/2n2K1B/8/8/8/8/7k/6r1 w - - 0 1
1,1,0,0,0,0,0,1,-1,1,0,1,1,1,0,0,0,0,0,16,0,0,3,4,6,5,3,2,1,26,24,0,0,0,0,0,0,0,0,7,1,1,0,0,0,0,3,2,2,0,KRBKRNvK,DRAW,r7/4K3/5B1n/8/5k2/8/3R4/8 w - - 0 1
1,1,0,0,0,0,0,1,-1,1,0,1,1,1,0,0,0,0,0,16,0,0,6,7,6,1,7,5,5,27,20,0,0,0,0,0,0,0,0,7,1,1,0,0,0,0,3,2,0,1,KRBKRNvK,DRAW,nk6/6BK/8/5r2/8/8/3R4/8 w - - 0 1
1,1,0,0,0,0,0,1,-1,1,0,1,1,1,0,0,0,0,0,16,0,0,6,4,0,3,6,3,2,30,15,0,0,0,0,0,0,0,0,7,1,1,0,0,0,0,1,1,1,0,KRBKRNvK,DRAW,2R5/3k1r2/1n6/8/5B2/8/8/4K3 w - - 0 1
0,1,0,0,0,0,0,1,-1,1,0,1,1,1,0,0,0,0,0,16,0,0,5,7,5,2,0,4,4,4,0,1,0,0,0,0,0,0,0,7,1,1,0,1,0,0,1,2,0,0,KRBKRNvK,DRAW,8/5B2/3n3K/8/8/8/4r3/2k2R2 b - - 0 1
0,1,0,0,0,0,0,1,-1,1,0,1,1,1,0,0,0,0,0,16,0,0,6,7,4,1,4,3,2,23,19,0,0,0,0,0,0,0,0,7,1,1,0,0,0,0,0,0,0,1,KRBKRNvK,DRAW,7B/8/5R2/1k5K/8/7n/8/r7 b - - 0 1
0,1,0,0,0,0,0,1,-1,1,0,1,1,1,0,0,0,0,0,16,0,0,3,6,2,3,1,3,2,27,19,0,0,0,0,0,0,0,0,7,1,1,0,0,0,0,2,1,0,0,KRBKRNvK,DRAW,4R3/5r2/8/2n5/8/6K1/3k3B/8 b - - 0 1
0,1,0,0,0,0,0,1,-1,1,0,1,1,1,0,0,0,0,0,16,0,0,5,5,6,0,2,3,4,21,26,0,0,0,0,0,0,0,0,7,1,1,0,0,0,0,0,2,1,0,KRBKRNvK,DRAW,2n5/5K2/8/B7/2r5/k7/8/5R2 b - - 0 1
0,1,0,0,0,0,0,1,-1,1,0,1,1,1,0,0,0,0,0,16,0,0,3,7,3,5,0,3,4,17,26,0,0,0,0,0,0,0,0,7,1,1,0,0,0,0,2,2,1,0,KRBKRNvK,DRAW,8/8/8/8/2R4K/8/3B4/4rkn1 b - - 0 1
1,1,0,0,0,0,0,1,-1,1,0,1,1,1,0,0,0,0,0,16,0,0,5,5,1,7,6,3,5,24,20,0,0,0,0,0,0,0,0,7,1,1,0,0,0,0,2,2,0,0,KRBKRNvK,DRAW,1B6/7k/3R4/8/2r5/n7/5K2/8 w - - 0 1
0,1,0,0,0,0,0,1,-1,1,0,1,1,1,0,0,0,0,0,16,0,0,3,7,5,7,2,4,4,25,25,0,0,0,0,0,0,0,0,7,1,1,0,0,0,0,1,2,0,1,KRBKRNvK,DRAW,5r2/7B/2n4K/8/8/7k/1R6/8 b - - 0 1
0,1,0,0,0,0,0,1,-1,1,0,1,1,1,0,0,0,0,0,16,0,0,7,1,7,2,0,5,4,21,22,0,0,0,0,0,0,0,0,7,1,1,0,1,0,0,2,0,0,0,KRBKRNvK,DRAW,1K6/8/5BR1/8/8/8/r7/2k3n1 b - - 0 1
1,1,0,0,0,0,0,1,-1,1,0,1,1,1,0,0,0,0,0,16,0,0,3,6,2,5,5,3,2,24,27,0,0,0,0,0,0,0,0,7,1,1,0,0,0,0,3,2,1,0,KRBKRNvK,DRAW,7r/8/4nk2/8/1R3B2/6K1/8/8 w - - 0 1
1,1,0,0,0,0,0,1,-1,1,0,1,1,1,0,0,0,0,0,16,0,0,5,2,2,7,7,2,6,7,0,1,0,0,0,0,0,0,0,7,1,1,0,0,0,0,3,0,0,0,KRBKRNvK,DRAW,3n3k/2r5/8/3R4/8/1BK5/8/8 w - - 0 1
1,1,0,0,0,0,0,1,-1,1,0,1,1,1,0,0,0,0,0,16,0,0,5,6,2,4,7,3,3,34,16,0,0,0,0,0,0,0,0,7,1,1,0,0,0,0,2,0,0,0,KRBKRNvK,WIN,4k3/7r/7n/3B4/1R6/6K1/8/8 w - - 0 1
1,1,0,0,0,0,0,1,-1,1,0,1,1,1,0,0,0,0,0,16,0,0,7,1,7,0,0,5,6,4,0,1,0,0,0,0,0,0,0,7,1,1,0,0,0,0,3,1,0,0,KRBKRNvK,DRAW,1K4r1/8/8/5R2/5n2/3B4/8/k7 w - - 0 1
0,1,0,0,0,0,0,1,-1,1,0,1,1,1,0,0,0,0,0,16,0,0,4,5,5,1,6,2,4,25,15,0,0,0,0,0,0,0,0,7,1,1,0,0,0,0,1,2,0,0,KRBKRNvK,DRAW,8/1k6/5KR1/7B/8/4r3/6n1/8 b - - 0 1
1,1,0,0,0,0,0,1,-1,1,0,1,1,1,0,0,0,0,0,16,0,0,4,4,2,0,5,1,4,7,0,1,0,0,0,0,0,0,0,7,1,1,0,0,0,0,3,0,0,1,KRBKRNvK,DRAW,8/8/k7/4R3/7B/4K2r/8/4n3 w - - 0 1
1,1,0,0,0,0,0,1,-1,1,0,1,1,1,0,0,0,0,0,16,0,0,6,1,0,1,6,5,4,26,26,0,0,0,0,0,0,0,0,7,1,1,0,0,0,0,3,2,0,1,KRBKRNvK,DRAW,8/1k4B1/8/8/2r5/3R4/2n5/1K6 w - - 0 1
1,1,0,0,0,0,0,1,-1,1,0,1,1,1,0,0,0,0,0,16,0,0,5,2,0,6,5,4,3,5,0,1,0,0,0,0,0,0,0,7,1,1,0,0,0,0,2,0,2,1,KRBKRNvK,DRAW,4B3/5r2/6k1/8/4R3/8/n7/2K5 w - - 0 1
1,1,0,0,0,0,0,1,-1,1,0,1,1,1,0,0,0,0,0,16,0,0,5,4,1,0,6,2,5,4,0,1,0,0,0,0,0,0,0,7,1,1,0,1,0,0,2,2,0,1,KRBKRNvK,DRAW,8/k7/8/5R2/8/1n6/3rK3/3B4 w - - 0 1
0,1,0,0,0,0,0,1,-1,1,0,1,1,1,0,0,0,0,0,16,0,0,4,1,5,5,7,3,4,25,20,0,0,0,0,0,0,0,0,7,1,1,0,0,0,0,0,2,0,0,KRBKRNvK,DRAW,5k2/8/1K3n2/4r3/8/6R1/7B/8 b - - 0 1
1,1,0,0,0,0,0,1,-1,1,0,1,1,1,0,0,0,0,0,16,0,0,2,6,1,4,0,4,3,5,0,1,0,0,0,0,0,0,0,7,1,1,0,0,0,0,3,0,0,0,KRBKRNvK,DRAW,6r1/8/8/3R3n/8/1B6/6K1/4k3 w - - 0 1
1,1,0,0,0,0,0,1,-1,1,0,1,1,1,0,0,0,0,0,16,0,0,6,7,4,1,0,3,5,25,21,0,0,0,0,0,0,0,0,7,1,1,0,0,0,0,2,0,1,0,KRBKRNvK,DRAW,1n6/8/8/3R3K/8/r7/3B4/1k6 w - - 0 1
1,1,0,0,0,0,0,1,-1,1,0,1,1,1,0,0,0,0,0,16,0,0,5,0,4,5,1,3,3,5,0,1,0,0,0,0,0,0,0,7,1,1,0,0,0,0,0,1,0,1,KRBKRNvK,DRAW,5r2/8/2R5/K5B1/8/1n6/5k2/8 w - - 0 1
0,1,0,0,0,0,0,1,-1,1,0,1,1,1,0,0,0,0,0,16,0,0,4,0,0,3,4,6,0,6,0,1,0,0,0,0,0,0,0,7,1,1,0,0,0,0,2,3,1,0,KRBKRNvK,DRAW,8/8/8/3k4/6n1/3R4/8/K4Br1 b - - 0 1
1,1,0,0,0,0,0,1,-1,1,0,1,1,1,0,0,0,0,0,16,0,0,4,2,3,6,4,1,2,29,21,0,0,0,0,0,0,0,0,7,1,1,0,0,0,0,2,1,0,1,KRBKRNvK,DRAW,1r6/8/1B2n3/6k1/2K5/8/8/5R2 w - - 0 1
1,1,0,0,0,0,0,1,-1,1,0,1,1,1,0,0,0,0,0,16,0,0,7,7,4,0,3,3,3,21,20,0,0,0,0,0,0,0,0,7,1,1,1,0,0,0,1,0,0,0,KRBKRNvK,DRAW,8/7R/8/7K/k7/8/8/1r3nB1 w - - 0 1
0,1,0,0,0,0,0,1,-1,1,0,1,1,1,0,0,0,0,0,16,0,0,5,0,0,5,5,6,2,4,0,1,0,0,0,0,0,0,0,7,1,1,1,0,0,0,3,3,1,0,KRBKRNvK,DRAW,8/3R4/5k2/5r2/8/2B5/5n2/K7 b - - 0 1
0,1,0,0,0,0,0,1,-1,1,0,1,1,1,0,0,0,0,0,16,0,0,2,5,1,3,0,3,3,21,22,0,0,0,0,0,0,0,0,7,1,1,1,0,0,0,2,3,0,0,KRBKRNvK,DRAW,8/1B3R2/3r1n2/8/8/8/5K2/3k4 b - - 0 1
0,1,0,0,0,0,0,1,-1,1,0,1,1,1,0,0,0,0,0,16,0,0,3,4,2,1,0,1,5,22,23,0,0,0,0,0,0,0,0,7,1,1,0,0,0,0,2,0,0,0,KRBKRNvK,DRAW,1r6/8/5R1B/8/8/4K2n/8/1k6 b - - 0 1
1,1,0,0,0,0,0,1,-1,1,0,1,1,1,0,0,0,0,0,16,0,0,5,2,5,7,3,2,3,20,23,0,0,0,0,0,0,0,0,7,1,1,0,0,0,0,1,3,1,1,KRBKRNvK,DRAW,4B3/8/2K2R2/r7/7k/6n1/8/8 w - - 0 1
1,1,0,0,0,0,0,1,-1,1,0,1,1,1,0,0,0,0,0,16,0,0,3,4,5,5,2,1,2,8,0,1,0,0,0,0,0,0,0,7,1,1,0,0,0,0,3,2,1,0,KRBKRNvK,DRAW,8/8/r3K3/2BR4/8/5k2/4n3/8 w - - 0 1
0,1,0,0,0,0,0,1,-1,1,0,1,1,1,0,0,0,0,0,16,0,0,7,7,5,0,3,4,3,18,19,0,0,0,0,0,0,0,0,7,1,1,0,0,0,0,3,2,0,1,KRBKRNvK,DRAW,3r1n2/8/7K/7R/k7/8/8/7B b - - 0 1
1,1,0,0,0,0,0,1,-1,1,0,1,1,1,0,0,0,0,0,16,0,0,5,4,6,5,1,2,3,9,0,1,0,0,0,0,0,0,0,7,1,1,0,0,0,0,2,3,1,0,KRBKRNvK,DRAW,8/4K3/8/5R2/5B2/8/2n2k2/4r3 w - - 0 1
0,1,0,0,0,0,0,1,-1,1,0,1,1,1,0,0,0,0,0,16,0,0,4,4,0,5,4,3,1,26,24,0,0,0,0,0,0,0,0,7,1,1,0,1,0,0,2,2,1,0,KRBKRNvK,DRAW,8/3n4/8/1R1B1k2/8/8/7r/4K3 b - - 0 1
1,1,0,0,0,0,0,1,-1,1,0,1,1,1,0,0,0,0,0,16,0,0,5,1,5,6,6,3,4,6,0,1,0,0,0,0,0,0,0,7,1,1,0,0,0,0,2,0,0,0,KRBKRNvK,DRAW,8/6k1/1K5r/2R5/8/8/8/n2B4 w - - 0 1
0,1,0,0,0,0,0,1,-1,1,0,1,1,1,0,0,0,0,0,16,0,0,7,0,1,7,7,5,6,25,20,0,0,0,0,0,0,0,0,7,1,1,0,0,0,0,0,2,0,0,KRBKRNvK,DRAW,B6k/8/2R5/5r2/4n3/8/K7/8 b - - 0 1
0,1,0,0,0,0,0,1,-1,1,0,1,1,1,0,0,0,0,0,16,0,0,4,3,0,7,0,3,6,24,22,0,0,0,0,0,0,0,0,7,1,1,1,0,0,0,1,2,0,0,KRBKRNvK,DRAW,6B1/R7/8/4n3/2r5/8/8/3K3k b - - 0 1
1,1,0,0,0,0,0,1,-1,1,0,1,1,1,0,0,0,0,0,16,0,0,6,0,3,6,1,3,4,28,18,0,0,0,0,0,0,0,0,7,1,1,0,1,0,0,3,0,0,0,KRBKRNvK,DRAW,3R4/6n1/6B1/8/K7/8/6kr/8 w - - 0 1
1,1,0,0,0,0,0,1,-1,1,0,1,1,1,0,0,0,0,0,16,0,0,6,7,6,1,4,5,2,27,19,0,0,0,0,0,0,0,0,7,1,1,0,0,0,0,3,0,0,0,KRBKRNvK,DRAW,4n3/7K/2r1B3/1k6/6R1/8/8/8 w - - 0 1
1,1,0,0,0,0,0,1,-1,1,0,1,1,1,0,0,0,0,0,16,0,0,5,0,7,5,3,6,1,2,0,1,0,0,0,0,0,0,0,7,1,1,0,0,0,0,2,2,0,1,KRBKRNvK,DRAW,K1r5/3n4/8/8/2B2k2/8/8/3R4 w - - 0 1
1,1,0,0,0,0,0,1,-1,1,0,1,1,1,0,0,0,0,0,16,0,0,2,2,1,2,3,3,1,17,20,0,0,0,0,0,0,0,0,7,1,1,0,0,0,0,0,3,1,0,KRBKRNvK,DRAW,8/8/8/3n2r1/2k5/B7/2K5/2R5 w - - 0 1
1,1,0,0,0,0,0,1,-1,1,0,1,1,1,0,0,0,0,0,16,0,0,2,2,4,4,2,1,1,22,23,0,0,0,0,0,0,0,0,7,1,1,0,0,0,0,3,2,0,0,KRBKRNvK,DRAW,3n4/B7/8/2K5/7R/4k3/8/5r2 w - - 0 1
0,1,0,0,0,0,0,1,-1,1,0,1,1,1,0,0,0,0,0,16,0,0,6,4,1,1,7,2,5,19,23,0,0,0,0,0,0,0,0,7,1,1,0,0,0,0,2,1,0,0,KRBKRNvK,DRAW,1kr5/4n3/8/8/8/8/4KR2/7B b - - 0 1
1,1,0,0,0,0,0,1,-1,1,0,1,1,1,0,0,0,0,0,16,0,0,2,2,5,0,6,2,5,3,0,1,0,0,0,0,0,0,0,7,1,1,0,0,0,0,2,0,0,1,KRBKRNvK,DRAW,8/kn6/2K5/8/8/2r5/7B/6R1 w - - 0 1
1,1,0,0,0,0,0,1,-1,1,0,1,1,1,0,0,0,0,0,16,0,0,5,3,2,7,7,1,6,3,0,1,0,0,0,0,0,0,0,7,1,1,0,1,0,0,2,3,0,2,KRBKRNvK,DRAW,2B4k/8/8/8/5n2/3K4/2R1r3/8 w - - 0 1
1,1,0,0,0,0,0,1,-1,1,0,1,1,1,0,0,0,0,0,16,0,0,5,2,0,7,3,4,3,26,22,0,0,0,0,0,0,0,0,7,1,1,0,0,0,0,2,2,0,1,KRBKRNvK,DRAW,4n3/8/R7/8/7k/4r3/1B6/2K5 w - - 0 1
1,1,0,0,0,0,0,1,-1,1,0,1,1,1,0,0,0,0,0,16,0,0,4,7,0,5,4,6,1,2,0,1,0,0,0,0,0,0,0,7,1,1,0,0,0,0,1,2,0,0,KRBKRNvK,DRAW,8/n7/8/5k1r/8/8/5B2/6RK w - - 0 1
1,1,0,0,0,0,0,1,-1,1,0,1,1,1,0,0,0,0,0,16,0,0,4,0,5,4,7,4,3,23,19,0,0,0,0,0,0,0,0,7,1,1,0,1,0,0,1,1,0,0,KRBKRNvK,DRAW,4k3/8/K7/8/5BR1/1n6/1r6/8 w - - 0 1
1,1,0,0,0,0,0,1,-1,1,0,1,1,1,0,0,0,0,0,16,0,0,3,3,7,6,6,3,4,2,0,1,0,0,0,0,0,0,0,7,1,1,0,0,0,0,2,0,0,1,KRBKRNvK,DRAW,2nK2r1/6k1/8/8/2R5/8/8/1B6 w - - 0 1
0,1,0,0,0,0,0,1,-1,1,0,1,1,1,0,0,0,0,0,16,0,0,5,0,4,5,6,3,3,23,26,0,0,0,0,0,0,0,0,7,1,1,0,1,0,0,1,2,1,0,KRBKRNvK,DRAW,8/5k2/7R/K7/5B1n/8/4r3/8 b - - 0 1
0,1,0,0,0,0,0,1,-1,1,0,1,1,1,0,0,0,0,0,16,0,0,3,5,3,3,6,1,2,6,0,1,0,0,0,0,0,0,0,7,1,1,0,0,0,0,2,0,1,1,KRBKRNvK,LOSS,6n1/3k4/8/5B2/5K2/7r/R7/8 b - - 0 1
0,1,0,0,0,0,0,1,-1,1,0,1,1,1,0,0,0,0,0,16,0,0,6,6,6,0,2,4,4,24,22,0,0,0,0,0,0,0,0,7,1,1,0,0,0,0,2,1,0,0,KRBKRNvK,DRAW,8/6K1/3n1B1R/8/8/kr6/8/8 b - - 0 1
1,1,0,0,0,0,0,1,-1,1,0,1,1,1,0,0,0,0,0,16,0,0,4,4,2,0,0,1,6,24,20,0,0,0,0,0,0,0,0,7,1,1,0,0,0,0,2,1,0,0,KRBKRNvK,WIN,8/8/5r2/8/8/1n2K3/6R1/k3B3 w - - 0 1
0,1,0,0,0,0,0,1,-1,1,0,1,1,1,0,0,0,0,0,16,0,0,3,3,3,0,6,0,5,18,25,0,0,0,0,0,0,0,0,7,1,1,0,0,0,0,3,0,1,0,KRBKRNvK,DRAW,7n/k4r2/8/B7/3K4/8/8/R7 b - - 0 1
1,1,0,0,0,0,0,1,-1,1,0,1,1,1,0,0,0,0,0,16,0,0,5,4,2,7,7,1,6,21,20,0,0,0,0,0,0,0,0,7,1,1,0,0,0,0,2,2,1,2,KRBKRNvK,DRAW,7k/8/7B/8/3n2r1/4K3/1R6/8 w - - 0 1
0,1,0,0,0,0,0,1,-1,1,0,1,1,1,0,0,0,0,0,16,0,0,2,1,0,3,2,5,1,23,18,0,0,0,0,0,0,0,0,7,1,1,0,0,0,0,2,2,0,0,KRBKRNvK,DRAW,8/8/4R3/1n6/2r5/3k4/B7/1K6 b - - 0 1
1,1,0,0,0,0,0,1,-1,1,0,1,1,1,0,0,0,0,0,16,0,0,3,1,0,4,2,5,1,4,0,1,0,0,0,0,0,0,0,7,1,1,1,0,0,0,1,2,1,0,KRBKRNvK,DRAW,8/5R2/1r6/n4B2/8/4k3/8/1K6 w - - 0 1
1,1,0,0,0,0,0,1,-1,1,0,1,1,1,0,0,0,0,0,16,0,0,7,5,7,4,0,4,3,3,0,1,0,0,0,0,0,0,0,7,1,1,0,0,0,0,2,1,1,0,KRBKRNvK,LOSS,1r3K2/8/8/8/8/4n3/5R2/B3k3 w - - 0 1
1,1,0,0,0,0,0,1,-1,1,0,1,1,1,0,0,0,0,0,16,0,0,6,7,5,1,2,4,3,1,0,1,0,0,0,0,0,0,0,7,1,1,0,0,0,0,0,2,1,2,KRBKRNvK,LOSS,8/5n2/7K/6r1/1B6/1k6/6R1/8 w - - 0 1
0,1,0,0,0,0,0,1,-1,1,0,1,1,1,0,0,0,0,0,16,0,0,2,4,5,2,4,1,1,27,17,0,0,0,0,0,0,0,0,7,1,1,0,0,0,0,3,3,0,2,KRBKRNvK,DRAW,5r2/8/3nK3/2k5/8/8/3R4/2B5 b - - 0 1
0,1,0,0,0,0,0,1,-1,1,0,1,1,1,0,0,0,0,0,16,0,0,2,0,1,2,1,5,3,3,0,1,0,0,0,0,0,0,0,7,1,1,0,0,0,0,0,1,0,0,KRBKRNvK,DRAW,8/4B1r1/2R3n1/8/8/8/K1k5/8 b - - 0 1
0,1,0,0,0,0,0,1,-1,1,0,1,1,1,0,0,0,0,0,16,0,0,2,6,1,4,2,4,1,19,27,0,0,0,0,0,0,0,0,7,1,1,0,0,0,0,2,2,0,0,KRBKRNvK,DRAW,8/8/2R2B2/8/8/1r2k3/3n2K1/8 b - - 0 1
0,1,0,0,0,0,0,1,-1,1,0,1,1,1,0,0,0,0,0,16,0,0,5,7,0,2,0,6,4,2,0,1,0,0,0,0,0,0,0,7,1,1,0,0,0,0,2,2,1,0,KRBKRNvK,DRAW,8/n7/4r3/3R4/8/B7/8/2k4K b - - 0 1
0,1,0,0,0,0,0,1,-1,1,0,1,1,1,0,0,0,0,0,16,0,0,5,6,3,1,0,2,5,18,24,0,0,0,0,0,0,0,0,7,1,1,0,0,0,0,2,0,1,0,KRBKRNvK,DRAW,8/8/8/8/3R2K1/B7/8/1kn4r b - - 0 1
1,1,0,0,0,0,0,1,-1,1,0,1,1,1,0,0,0,0,0,16,0,0,3,0,2,3,0,4,3,2,0,1,0,0,0,0,0,0,0,7,1,1,0,0,0,0,1,3,0,0,KRBKRNvK,DRAW,8/8/2n5/8/5B2/K2r4/R7/3k4 w - - 0 1
1,1,0,0,0,0,0,1,-1,1,0,1,1,1,0,0,0,0,0,16,0,0,6,1,3,7,7,2,6,30,20,0,0,0,0,0,0,0,0,7,1,1,0,0,0,0,1,2,0,1,KRBKRNvK,DRAW,3n3k/8/R7/8/1K3B2/3r4/8/8 w - - 0 1
0,1,0,0,0,0,0,1,-1,1,0,1,1,1,0,0,0,0,0,16,0,0,6,0,6,4,0,5,3,22,23,0,0,0,0,0,0,0,0,7,1,1,0,0,0,0,2,1,0,0,KRBKRNvK,DRAW,8/K7/8/8/2RB1n2/8/8/1r2k3 b - - 0 1
0,1,0,0,0,0,0,1,-1,1,0,1,1,1,0,0,0,0,0,16,0,0,6,2,1,2,7,3,4,27,28,0,0,0,0,0,0,0,0,7,1,1,0,0,0,0,0,0,0,0,KRBKRNvK,DRAW,2k5/6r1/8/3n4/8/7R/2K5/4B3 b - - 0 1
0,1,0,0,0,0,0,1,-1,1,0,1,1,1,0,0,0,0,0,16,0,0,7,7,2,0,7,4,6,2,0,1,0,0,0,0,0,0,0,7,1,1,0,0,0,0,1,2,0,0,KRBKRNvK,DRAW,k2R4/8/3B4/8/3r4/7K/n7/8 b - - 0 1
0,1,0,0,0,0,0,1,-1,1,0,1,1,1,0,0,0,0,0,16,0,0,2,4,6,4,4,2,0,23,21,0,0,0,0,0,0,0,0,7,1,1,0,0,0,0,0,3,0,0,KRBKRNvK,DRAW,8/4K3/8/4k3/8/8/1n2B1R1/5r2 b - - 0 1
0,1,0,0,0,0,0,1,-1,1,0,1,1,1,0,0,0,0,0,16,0,0,6,1,6,0,0,4,6,1,0,1,0,0,0,0,0,0,0,7,1,1,0,0,0,0,2,0,1,0,KRBKRNvK,DRAW,8/1K6/8/4n3/R7/8/2B5/k6r b - - 0 1
1,1,0,0,0,0,0,1,-1,1,0,1,1,1,0,0,0,0,0,16,0,0,3,4,3,2,0,0,4,26,21,0,0,0,0,0,0,0,0,7,1,1,0,0,0,0,3,2,1,1,KRBKRNvK,DRAW,8/n7/3r4/6R1/4K3/8/8/2kB4 w - - 0 1
0,1,0,0,0,0,0,1,-1,1,0,1,1,1,0,0,0,0,0,16,0,0,2,5,4,3,2,1,1,5,0,1,0,0,0,0,0,0,0,7,1,1,0,0,0,0,2,2,0,0,KRBKRNvK,DRAW,6r1/1n6/8/5K2/8/R2k3B/8/8 b - - 0 1
0,1,0,0,0,0,0,1,-1,1,0,1,1,1,0,0,0,0,0,16,0,0,4,3,6,4,2,2,1,6,0,1,0,0,0,0,0,0,0,7,1,1,0,0,0,0,1,3,0,1,KRBKRNvK,DRAW,7r/3K1n2/1BR5/8/8/4k3/8/8 b - - 0 1
1,1,0,0,0,0,0,1,-1,1,0,1,1,1,0,0,0,0,0,16,0,0,5,6,6,4,1,4,2,22,20,0,0,0,0,0,0,0,0,7,1,1,0,1,0,0,1,0,0,0,KRBKRNvK,DRAW,8/6K1/8/8/8/8/1r2k2n/RB6 w - - 0 1
0,1,0,0,0,0,0,1,-1,1,0,1,1,1,0,0,0,0,0,16,0,0,2,5,7,4,5,4,1,22,28,0,0,0,0,0,0,0,0,7,1,1,1,1,0,0,1,2,2,0,KRBKRNvK,DRAW,5K2/5R2/1n2k3/8/3B4/8/r7/8 b - - 0 1
0,1,0,0,0,0,0,1,-1,1,0,1,1,1,0,0,0,0,0,16,0,0,5,6,3,1,4,2,2,5,0,1,0,0,0,0,0,0,0,7,1,1,1,0,0,0,0,2,2,1,KRBKRNvK,DRAW,8/nR6/8/1k6/6K1/B3r3/8/8 b - - 0 1
0,1,0,0,0,0,0,1,-1,1,0,1,1,1,0,0,0,0,0,16,0,0,2,5,5,3,6,2,2,1,0,1,0,0,0,0,0,0,0,7,1,1,0,0,0,0,3,1,0,0,KRBKRNvK,DRAW,8/2nk4/5K2/8/B7/3R4/8/1r6 b - - 0 1
1,1,0,0,0,0,0,1,-1,1,0,1,1,1,0,0,0,0,0,16,0,0,3,5,5,3,2,2,1,7,0,1,0,0,0,0,0,0,0,7,1,1,0,0,0,0,2,3,1,1,KRBKRNvK,DRAW,5r2/8/5K2/8/8/1B1kn3/6R1/8 w - - 0 1
1,1,0,0,0,0,0,1,-1,1,0,1,1,1,0,0,0,0,0,16,0,0,5,7,0,2,0,6,4,22,19,0,0,0,0,0,0,0,0,7,1,1,0,0,0,0,2,0,1,2,KRBKRNvK,DRAW,3B4/8/8/8/8/5r2/3R4/2k2n1K w - - 0 1
1,1,0,0,0,0,0,1,-1,1,0,1,1,1,0,0,0,0,0,16,0,0,5,6,2,5,7,3,4,28,19,0,0,0,0,0,0,0,0,7,1,1,1,1,0,0,2,0,2,1,KRBKRNvK,DRAW,5k2/7R/5B2/8/8/6K1/r7/6n1 w - - 0 1
0,1,0,0,0,0,0,1,-1,1,0,1,1,1,0,0,0,0,0,16,0,0,3,7,4,4,7,3,3,24,21,0,0,0,0,0,0,0,0,7,1,1,0,0,0,0,1,3,0,1,KRBKRNvK,DRAW,4k3/3n4/8/7K/6r1/8/5B2/7R b - - 0 1
1,1,0,0,0,0,0,1,-1,1,0,1,1,1,0,0,0,0,0,16,0,0,4,4,4,0,0,0,6,5,0,1,0,0,0,0,0,0,0,7,1,1,0,0,0,0,3,3,0,0,KRBKRNvK,DRAW,8/8/8/1r2K3/8/7B/5n1R/k7 w - - 0 1
1,1,0,0,0,0,0,1,-1,1,0,1,1,1,0,0,0,0,0,16,0,0,4,5,4,2,0,1,4,7,0,1,0,0,0,0,0,0,0,7,1,1,0,0,0,0,3,1,1,1,KRBKRNvK,DRAW,7r/1B6/8/5K2/8/6n1/R7/2k5 w - - 0 1
0,1,0,0,0,0,0,1,-1,1,0,1,1,1,0,0,0,0,0,16,0,0,4,5,1,3,5,3,1,26,28,0,0,0,0,0,0,0,0,7,1,1,0,0,0,0,1,2,1,0,KRBKRNvK,DRAW,8/r7/3k2n1/8/2B5/2R5/5K2/8 b - - 0 1
0,1,0,0,0,0,0,1,-1,1,0,1,1,1,0,0,0,0,0,16,0,0,2,0,7,2,7,6,4,16,22,0,0,0,0,0,0,0,0,7,1,1,0,0,0,0,3,0,1,0,KRBKRNvK,DRAW,KBk2r2/8/8/8/7R/8/8/1n6 b - - 0 1
1,1,0,0,0,0,0,1,-1,1,0,1,1,1,0,0,0,0,0,16,0,0,6,6,6,0,6,4,5,6,0,1,0,0,0,0,0,0,0,7,1,1,0,0,0,0,2,2,0,1,KRBKRNvK,DRAW,3R4/k4BK1/8/6r1/8/8/8/n7 w - - 0 1
1,1,0,0,0,0,0,1,-1,1,0,1,1,1,0,0,0,0,0,16,0,0,3,5,3,2,1,1,3,22,26,0,0,0,0,0,0,0,0,7,1,1,0,0,0,0,3,2,0,2,KRBKRNvK,DRAW,8/8/8/6R1/3rnK1B/8/2k5/8 w - - 0 1
1,1,0,0,0,0,0,1,-1,1,0,1,1,1,0,0,0,0,0,16,0,0,7,1,7,4,0,5,3,22,20,0,0,0,0,0,0,0,0,7,1,1,0,0,0,0,0,2,2,1,KRBKRNvK,DRAW,1K6/3r4/8/n7/8/8/5R2/4kB2 w - - 0 1
1,1,0,0,0,0,0,1,-1,1,0,1,1,1,0,0,0,0,0,16,0,0,2,5,2,3,2,2,1,4,0,1,0,0,0,0,0,0,0,7,1,1,0,0,0,0,2,2,1,0,KRBKRNvK,DRAW,2R5/8/5r2/8/8/3kBK2/n7/8 w - - 0 1
1,1,0,0,0,0,0,1,-1,1,0,1,1,1,0,0,0,0,0,16,0,0,2,0,5,1,3,4,2,26,26,0,0,0,0,0,0,0,0,7,1,1,0,0,0,0,1,2,1,1,KRBKRNvK,DRAW,2r5/8/K4n2/8/1k6/1B6/6R1/8 w - - 0 1
1,1,0,0,0,0,0,1,-1,1,0,1,1,1,0,0,0,0,0,16,0,0,5,4,0,2,5,3,2,22,22,0,0,0,0,0,0,0,0,7,1,1,0,1,0,0,1,2,0,1,KRBKRNvK,DRAW,8/5B2/2k5/8/8/8/4n2r/R3K3 w - - 0 1
0,1,0,0,0,0,0,1,-1,1,0,1,1,1,0,0,0,0,0,16,0,0,2,3,6,5,7,2,4,15,20,0,0,0,0,0,0,0,0,7,1,1,0,0,0,0,1,2,0,1,KRBKRNvK,DRAW,2Rn1k2/3K4/8/8/4r3/8/B7/8 b - - 0 1
1,1,0,0,0,0,0,1,-1,1,0,1,1,1,0,0,0,0,0,16,0,0,6,1,7,7,7,5,6,24,18,0,0,0,0,0,0,0,0,7,1,1,0,0,0,0,1,0,1,0,KRBKRNvK,DRAW,1K5k/2B5/6R1/8/8/r6n/8/8 w - - 0 1
1,1,0,0,0,0,0,1,-1,1,0,1,1,1,0,0,0,0,0,16,0,0,6,7,6,6,0,5,5,28,22,0,0,0,0,0,0,0,0,7,1,1,1,0,0,0,1,2,0,0,KRBKRNvK,DRAW,8/1R5K/8/2r5/8/n2B4/8/6k1 w - - 0 1
0,1,0,0,0,0,0,1,-1,1,0,1,1,1,0,0,0,0,0,16,0,0,3,4,3,5,6,0,3,5,0,1,0,0,0,0,0,0,0,7,1,1,0,0,0,0,4,0,0,0,KRBKRNvK,DRAW,1r6/5k2/8/8/4KR2/7B/8/7n b - - 0 1
1,1,0,0,0,0,0,1,-1,1,0,1,1,1,0,0,0,0,0,16,0,0,2,2,0,0,2,4,4,23,24,0,0,0,0,0,0,0,0,7,1,1,0,0,0,0,3,3,0,0,KRBKRNvK,DRAW,B7/5n2/8/6R1/3r4/k7/8/2K5 w - - 0 1
1,1,0,0,0,0,0,1,-1,1,0,1,1,1,0,0,0,0,0,16,0,0,6,1,3,7,7,2,6,27,14,0,0,0,0,0,0,0,0,7,1,1,0,0,0,0,2,0,1,1,KRBKRNvK,DRAW,7k/5B2/8/6R1/nK6/8/8/r7 w - - 0 1
0,1,0,0,0,0,0,1,-1,1,0,1,1,1,0,0,0,0,0,16,0,0,5,6,1,7,6,4,5,21,23,0,0,0,0,0,0,0,0,7,1,1,0,0,0,0,0,2,1,1,KRBKRNvK,DRAW,5B2/7k/8/8/4r3/8/Rn4K1/8 b - - 0 1
0,1,0,0,0,0,0,1,-1,1,0,1,1,1,0,0,0,0,0,16,0,0,2,2,7,0,6,4,5,21,17,0,0,0,0,0,0,0,0,7,1,1,0,1,0,0,2,2,0,0,KRBKRNvK,DRAW,2K4R/k7/8/8/7n/8/4r3/B7 b - - 0 1
1,1,0,0,0,0,0,1,-1,1,0,1,1,1,0,0,0,0,0,16,0,0,5,6,0,1,5,5,3,26,20,0,0,0,0,0,0,0,0,7,1,1,0,0,0,0,2,2,1,0,KRBKRNvK,DRAW,3n4/8/1k1r3B/8/R7/8/8/6K1 w - - 0 1
0,1,0,0,0,0,0,1,-1,1,0,1,1,1,0,0,0,0,0,16,0,0,2,3,5,5,3,1,1,26,29,0,0,0,0,0,0,0,0,7,1,1,0,0,0,0,3,2,0,0,KRBKRNvK,DRAW,8/8/3K4/8/2B2kn1/7r/8/3R4 b - - 0 1
1,1,0,0,0,0,0,1,-1,1,0,1,1,1,0,0,0,0,0,16,0,0,2,3,2,1,2,1,3,29,20,0,0,0,0,0,0,0,0,7,1,1,0,0,0,0,3,2,2,0,KRBKRNvK,DRAW,8/8/4n3/8/3B2r1/1k1K4/8/R7 w - - 0 1
0,1,0,0,0,0,0,1,-1,1,0,1,1,1,0,0,0,0,0,16,0,0,4,7,2,5,6,4,3,22,23,0,0,0,0,0,0,0,0,7,1,1,0,0,0,0,2,1,0,0,KRBKRNvK,DRAW,1R6/5k2/3r4/3n4/8/7K/6B1/8 b - - 0 1
0,1,0,0,0,0,0,1,-1,1,0,1,1,1,0,0,0,0,0,16,0,0,4,4,7,2,3,3,1,27,21,0,0,0,0,0,0,0,0,7,1,1,1,1,0,0,2,2,1,0,KRBKRNvK,DRAW,4K3/4R3/8/B7/1nk5/8/7r/8 b - - 0 1
0,1,0,0,0,0,0,1,-1,1,0,1,1,1,0,0,0,0,0,16,0,0,6,6,7,0,3,5,3,23,25,0,0,0,0,0,0,0,0,7,1,1,1,0,0,0,0,2,0,0,KRBKRNvK,DRAW,3B2K1/5R2/8/8/k5n1/4r3/8/8 b - - 0 1
0,1,0,0,0,0,0,1,-1,1,0,1,1,1,0,0,0,0,0,16,0,0,7,7,4,0,5,3,4,22,18,0,0,0,0,0,0,0,0,7,1,1,0,0,0,0,0,2,0,0,KRBKRNvK,DRAW,3r4/8/k6B/7K/8/8/7n/7R b - - 0 1
1,1,0,0,0,0,0,1,-1,1,0,1,1,1,0,0,0,0,0,16,0,0,5,6,6,1,6,4,4,7,0,1,0,0,0,0,0,0,0,7,1,1,0,0,0,0,0,0,1,1,KRBKRNvK,DRAW,4n3/1k4K1/R7/8/8/2r5/4B3/8 w - - 0 1
1,1,0,0,0,0,0,1,-1,1,0,1,1,1,0,0,0,0,0,16,0,0,4,4,4,7,0,0,6,20,21,0,0,0,0,0,0,0,0,7,1,1,0,0,0,0,4,2,0,1,KRBKRNvK,DRAW,8/8/4R3/n3K3/B7/3r4/8/7k w - - 0 1
1,1,0,0,0,0,0,1,-1,1,0,1,1,1,0,0,0,0,0,16,0,0,2,6,2,4,0,3,3,4,0,1,0,0,0,0,0,0,0,7,1,1,0,0,0,0,0,1,1,2,KRBKRNvK,DRAW,8/8/8/5n2/8/1R4K1/4B3/4k2r w - - 0 1
1,1,0,0,0,0,0,1,-1,1,0,1,1,1,0,0,0,0,0,16,0,0,5,7,0,2,2,6,2,3,0,1,0,0,0,0,0,0,0,7,1,1,0,0,0,0,1,2,1,1,KRBKRNvK,LOSS,8/8/R4r2/8/8/1Bk3n1/8/7K w - - 0 1
0,1,0,0,0,0,0,1,-1,1,0,1,1,1,0,0,0,0,0,16,0,0,3,6,1,3,3,4,0,24,26,0,0,0,0,0,0,0,0,7,1,1,0,0,0,0,0,4,0,0,KRBKRNvK,WIN,8/8/6R1/3r4/B2k4/3n4/6K1/8 b - - 0 1
1,1,0,0,0,0,0,1,-1,1,0,1,1,1,0,0,0,0,0,16,0,0,4,3,1,7,1,2,5,5,0,1,0,0,0,0,0,0,0,7,1,1,0,1,0,0,2,0,0,1,KRBKRNvK,DRAW,8/8/7B/R7/n7/8/1r1K3k/8 w - - 0 1
1,1,0,0,0,0,0,1,-1,1,0,1,1,1,0,0,0,0,0,16,0,0,5,0,0,5,5,6,2,21,22,0,0,0,0,0,0,0,0,7,1,1,1,0,0,0,1,3,1,0,KRBKRNvK,DRAW,6B1/R7/5k2/8/1r6/8/6n1/K7 w - - 0 1
0,1,0,0,0,0,0,1,-1,1,0,1,1,1,0,0,0,0,0,16,0,0,4,0,6,4,4,5,0,6,0,1,0,0,0,0,0,0,0,7,1,1,0,0,0,0,2,3,0,0,KRBKRNvK,DRAW,8/K7/8/4k2n/5r2/8/4R3/3B4 b - - 0 1
0,1,0,0,0,0,0,1,-1,1,0,1,1,1,0,0,0,0,0,16,0,0,3,4,0,3,3,3,0,15,22,0,0,0,0,0,0,0,0,7,1,1,0,1,0,0,0,4,0,1,KRBKRNvK,DRAW,n4B2/8/8/8/3k4/R7/3r4/4K3 b - - 0 1
0,1,0,0,0,0,0,1,-1,1,0,1,1,1,0,0,0,0,0,16,0,0,4,2,7,2,3,4,1,4,0,1,0,0,0,0,0,0,0,7,1,1,0,0,0,0,3,3,1,0,KRBKRNvK,DRAW,2K5/5B2/7r/8/2k1R1n1/8/8/8 b - - 0 1
0,1,0,0,0,0,0,1,-1,1,0,1,1,1,0,0,0,0,0,16,0,0,4,5,2,3,6,2,2,23,23,0,0,0,0,0,0,0,0,7,1,1,0,0,0,0,1,1,0,0,KRBKRNvK,DRAW,8/3k4/1r6/1n6/8/5K1R/8/2B5 b - - 0 1
0,1,0,0,0,0,0,1,-1,1,0,1,1,1,0,0,0,0,0,16,0,0,6,0,6,2,0,5,4,20,24,0,0,0,0,0,0,0,0,7,1,1,0,0,0,0,1,2,1,0,KRBKRNvK,DRAW,8/K7/7n/3r4/2B5/8/R7/2k5 b - - 0 1
1,1,0,0,0,0,0,1,-1,1,0,1,1,1,0,0,0,0,0,16,0,0,3,4,4,7,1,0,5,4,0,1,0,0,0,0,0,0,0,7,1,1,0,0,0,0,3,1,0,0,KRBKRNvK,DRAW,8/8/8/4K2r/3R4/8/6nk/4B3 w - - 0 1
0,1,0,0,0,0,0,1,-1,1,0,1,1,1,0,0,0,0,0,16,0,0,6,0,5,6,5,4,3,24,27,0,0,0,0,0,0,0,0,7,1,1,0,0,0,0,2,2,1,1,KRBKRNvK,DRAW,3R4/8/K3B1k1/1r6/8/8/8/3n4 b - - 0 1
0,1,0,0,0,0,0,1,-1,1,0,1,1,1,0,0,0,0,0,16,0,0,5,0,2,5,6,4,3,20,24,0,0,0,0,0,0,0,0,7,1,1,0,0,0,0,2,0,2,1,KRBKRNvK,DRAW,3B4/5k2/8/6R1/8/K7/7n/2r5 b - - 0 1
0,1,0,0,0,0,0,1,-1,1,0,1,1,1,0,0,0,0,0,16,0,0,2,4,4,2,4,0,1,3,0,1,0,0,0,0,0,0,0,7,1,1,0,0,0,0,3,2,1,0,KRBKRNvK,DRAW,5B2/8/n7/R1k1K3/8/1r6/8/8 b - - 0 1
0,1,0,0,0,0,0,1,-1,1,0,1,1,1,0,0,0,0,0,16,0,0,3,4,6,7,7,2,6,4,0,1,0,0,0,0,0,0,0,7,1,1,0,0,0,0,2,3,0,1,KRBKRNvK,DRAW,7k/4K3/8/3r4/8/R1B5/5n2/8 b - - 0 1
0,1,0,0,0,0,0,1,-1,1,0,1,1,1,0,0,0,0,0,16,0,0,4,2,1,2,5,3,2,4,0,1,0,0,0,0,0,0,0,7,1,1,0,0,0,0,3,2,2,1,KRBKRNvK,DRAW,8/8/2k1R3/7r/2B5/3n4/2K5/8 b - - 0 1
0,1,0,0,0,0,0,1,-1,1,0,1,1,1,0,0,0,0,0,16,0,0,7,0,7,7,7,6,6,2,0,1,0,0,0,0,0,0,0,7,1,1,0,0,0,0,1,2,1,1,KRBKRNvK,DRAW,KB3R1k/1n6/8/8/4r3/8/8/8 b - - 0 1
0,1,0,0,0,0,0,1,-1,1,0,1,1,1,0,0,0,0,0,16,0,0,3,4,4,1,6,0,4,24,27,0,0,0,0,0,0,0,0,7,1,1,0,0,0,0,3,2,0,1,KRBKRNvK,DRAW,8/1k6/3n4/4K1B1/1r6/8/8/R7 b - - 0 1
1,1,0,0,0,0,0,1,-1,1,0,1,1,1,0,0,0,0,0,16,0,0,6,7,0,3,6,6,2,26,22,0,0,0,0,0,0,0,0,7,1,1,0,0,0,0,2,0,0,0,KRBKRNvK,DRAW,3n4/3k4/r7/8/2R5/8/5B2/7K w - - 0 1
1,1,0,0,0,0,0,1,-1,1,0,1,1,1,0,0,0,0,0,16,0,0,2,3,7,5,7,3,4,25,19,0,0,0,0,0,0,0,0,7,1,1,1,0,0,0,1,0,0,0,KRBKRNvK,DRAW,3K1k2/2R5/7r/8/8/8/5B2/5n2 w - - 0 1
0,1,0,0,0,0,0,1,-1,1,0,1,1,1,0,0,0,0,0,16,0,0,2,2,4,4,6,1,2,21,27,0,0,0,0,0,0,0,0,7,1,1,0,0,0,0,3,0,0,1,KRBKRNvK,DRAW,8/r3k3/8/2K5/7n/8/8/6RB b - - 0 1
1,1,0,0,0,0,0,1,-1,1,0,1,1,1,0,0,0,0,0,16,0,0,6,0,7,2,1,6,3,26,25,0,0,0,0,0,0,0,0,7,1,1,0,0,0,0,0,0,0,0,KRBKRNvK,DRAW,K7/4Br2/7R/4n3/8/8/2k5/8 w - - 0 1
0,1,0,0,0,0,0,1,-1,1,0,1,1,1,0,0,0,0,0,16,0,0,5,6,0,4,5,5,1,6,0,1,0,0,0,0,0,0,0,7,1,1,0,0,0,0,1,2,0,0,KRBKRNvK,DRAW,8/3n4/2r1k3/8/8/7R/B7/6K1 b - - 0 1
0,1,0,0,0,0,0,1,-1,1,0,1,1,1,0,0,0,0,0,16,0,0,2,6,6,4,4,4,0,24,28,0,0,0,0,0,0,0,0,7,1,1,0,0,0,0,0,4,0,0,KRBKRNvK,DRAW,3B4/6K1/8/1r2k3/8/5n2/2R5/8 b - - 0 1
0,1,0,0,0,0,0,1,-1,1,0,1,1,1,0,0,0,0,0,16,0,0,2,4,5,5,7,1,4,18,23,0,0,0,0,0,0,0,0,7,1,1,0,0,0,0,2,2,0,1,KRBKRNvK,WIN,5k2/8/4K3/1B2n1R1/8/8/8/4r3 b - - 0 1
0,1,0,0,0,0,0,1,-1,1,0,1,1,1,0,0,0,0,0,16,0,0,5,1,5,4,0,3,3,21,26,0,0,0,0,0,0,0,0,7,1,1,0,0,0,0,0,3,1,0,KRBKRNvK,DRAW,4B3/8/1K4n1/8/7r/8/6R1/4k3 b - - 0 1
0,1,0,0,0,0,0,1,-1,1,0,1,1,1,0,0,0,0,0,16,0,0,2,6,3,4,2,2,1,26,22,0,0,0,0,0,0,0,0,7,1,1,0,0,0,0,3,3,0,1,KRBKRNvK,DRAW,7B/8/4n3/3r4/1R4K1/4k3/8/8 b - - 0 1
0,1,0,0,0,0,0,1,-1,1,0,1,1,1,0,0,0,0,0,16,0,0,2,5,5,4,3,2,0,4,0,1,0,0,0,0,0,0,0,7,1,1,0,0,0,0,3,4,1,1,KRBKRNvK,DRAW,8/2B1r3/5K2/8/2R1k3/8/8/5n2 b - - 0 1
1,1,0,0,0,0,0,1,-1,1,0,1,1,1,0,0,0,0,0,16,0,0,3,3,5,0,6,1,5,28,18,0,0,0,0,0,0,0,0,7,1,1,0,0,0,0,3,2,0,0,KRBKRNvK,DRAW,6R1/k7/3K4/r6n/8/8/2B5/8 w - - 0 1
0,1,0,0,0,0,0,1,-1,1,0,1,1,1,0,0,0,0,0,16,0,0,7,4,7,3,0,3,3,24,23,0,0,0,0,0,0,0,0,7,1,1,0,0,0,0,0,2,1,0,KRBKRNvK,DRAW,2B1K3/7r/8/8/8/5n2/1R6/3k4 b - - 0 1
0,1,0,0,0,0,0,1,-1,1,0,1,1,1,0,0,0,0,0,16,0,0,6,2,6,1,0,3,5,22,25,0,0,0,0,0,0,0,0,7,1,1,0,1,0,0,3,0,0,1,KRBKRNvK,DRAW,3R4/n1K5/8/8/8/6B1/5r2/1k6 b - - 0 1
0,1,0,0,0,0,0,1,-1,1,0,1,1,1,0,0,0,0,0,16,0,0,2,6,0,4,1,5,2,23,22,0,0,0,0,0,0,0,0,7,1,1,0,0,0,0,3,2,0,1,KRBKRNvK,DRAW,8/B2n4/8/1R6/8/4r3/4k3/6K1 b - - 0 1
1,1,0,0,0,0,0,1,-1,1,0,1,1,1,0,0,0,0,0,16,0,0,3,4,2,7,3,1,3,20,25,0,0,0,0,0,0,0,0,7,1,1,0,0,0,0,3,1,0,0,KRBKRNvK,DRAW,4R3/6r1/8/8/7k/1n2K3/8/2B5 w - - 0 1
1,1,0,0,0,0,0,1,-1,1,0,1,1,1,0,0,0,0,0,16,0,0,5,3,0,2,5,3,2,29,20,0,0,0,0,0,0,0,0,7,1,1,0,0,0,0,2,2,1,0,KRBKRNvK,DRAW,2n5/8/2k5/8/1r1B4/4R3/8/3K4 w - - 0 1
0,1,0,0,0,0,0,1,-1,1,0,1,1,1,0,0,0,0,0,16,0,0,4,7,4,3,0,3,3,16,22,0,0,0,0,0,0,0,0,7,1,1,0,0,0,0,2,0,0,0,KRBKRNvK,DRAW,B1R5/8/8/7K/8/8/1n6/3k2r1 b - - 0 1
1,1,0,0,0,0,0,1,-1,1,0,1,1,1,0,0,0,0,0,16,0,0,5,6,4,1,6,2,4,5,0,1,0,0,0,0,0,0,0,7,1,1,0,0,0,0,0,1,1,1,KRBKRNvK,LOSS,2R2r2/1k6/4n3/6K1/8/8/8/4B3 w - - 0 1
1,1,0,0,0,0,0,1,-1,1,0,1,1,1,0,0,0,0,0,16,0,0,3,4,7,5,4,3,1,18,25,0,0,0,0,0,0,0,0,7,1,1,0,0,0,0,2,2,0,0,KRBKRNvK,DRAW,BR2K3/7r/8/5kn1/8/8/8/8 w - - 0 1
0,1,0,0,0,0,0,1,-1,1,0,1,1,1,0,0,0,0,0,16,0,0,5,5,5,0,2,2,4,24,30,0,0,0,0,0,0,0,0,7,1,1,0,0,0,0,4,1,0,1,KRBKRNvK,DRAW,7r/8/3R1K2/8/1n6/k4B2/8/8 b - - 0 1
0,1,0,0,0,0,0,1,-1,1,0,1,1,1,0,0,0,0,0,16,0,0,5,1,1,5,6,4,3,24,32,0,0,0,0,0,0,0,0,7,1,1,0,0,0,0,2,2,0,0,KRBKRNvK,DRAW,4r3/n4k2/8/8/8/5B2/1K6/7R b - - 0 1
0,1,0,0,0,0,0,1,-1,1,0,1,1,1,0,0,0,0,0,16,0,0,6,7,3,1,2,3,3,4,0,1,0,0,0,0,0,0,0,7,1,1,0,1,0,0,1,1,0,0,KRBKRNvK,DRAW,8/3n4/4B3/8/7K/1k6/1r4R1/8 b - - 0 1
1,1,0,0,0,0,0,1,-1,1,0,1,1,1,0,0,0,0,0,16,0,0,5,1,3,6,0,2,5,6,0,1,0,0,0,0,0,0,0,7,1,1,0,0,0,0,1,2,0,0,KRBKRNvK,DRAW,1R6/8/8/8/1K3r2/8/2B5/2n3k1 w - - 0 1
0,1,0,0,0,0,0,1,-1,1,0,1,1,1,0,0,0,0,0,16,0,0,7,7,2,0,7,4,6,3,0,1,0,0,0,0,0,0,0,7,1,1,0,0,0,0,2,2,0,0,KRBKRNvK,DRAW,k3Rn2/8/8/3r4/1B6/7K/8/8 b - - 0 1
0,1,0,0,0,0,0,1,-1,1,0,1,1,1,0,0,0,0,0,16,0,0,2,2,6,0,7,3,6,17,24,0,0,0,0,0,0,0,0,7,1,1,0,0,0,0,2,0,0,1,KRBKRNvK,DRAW,k6B/n1K5/8/8/8/1r6/6R1/8 b - - 0 1
0,1,0,0,0,0,0,1,-1,1,0,1,1,1,0,0,0,0,0,16,0,0,3,7,7,6,4,6,2,25,20,0,0,0,0,0,0,0,0,7,1,1,0,1,0,0,0,0,0,0,KRBKRNvK,DRAW,5B1K/8/8/6k1/8/8/r7/2Rn4 b - - 0 1
1,1,0,0,0,0,0,1,-1,1,0,1,1,1,0,0,0,0,0,16,0,0,5,2,5,7,4,2,3,5,0,1,0,0,0,0,0,0,0,7,1,1,0,0,0,0,2,0,0,1,KRBKRNvK,DRAW,1n5R/8/2K4r/7k/8/8/7B/8 w - - 0 1
1,1,0,0,0,0,0,1,-1,1,0,1,1,1,0,0,0,0,0,16,0,0,5,0,5,5,6,4,3,26,20,0,0,0,0,0,0,0,0,7,1,1,0,0,0,0,2,1,0,0,KRBKRNvK,DRAW,1R6/5k2/K2n4/8/8/8/6B1/6r1 w - - 0 1
0,1,0,0,0,0,0,1,-1,1,0,1,1,1,0,0,0,0,0,16,0,0,6,0,5,6,4,4,2,17,25,0,0,0,0,0,0,0,0,7,1,1,1,1,0,0,2,1,1,0,KRBKRNvK,DRAW,7B/7R/K7/6k1/8/8/2n3r1/8 b - - 0 1
0,1,0,0,0,0,0,1,-1,1,0,1,1,1,0,0,0,0,0,16,0,0,2,3,3,5,1,0,3,20,23,0,0,0,0,0,0,0,0,7,1,1,0,0,0,0,4,0,0,0,KRBKRNvK,DRAW,8/7r/1B6/8/3K4/1R6/5k1n/8 b - - 0 1
1,1,0,0,0,0,0,1,-1,1,0,1,1,1,0,0,0,0,0,16,0,0,5,6,7,7,2,5,4,4,0,1,0,0,0,0,0,0,0,7,1,1,0,0,0,0,2,1,0,1,KRBKRNvK,DRAW,6K1/8/7n/3R4/3B4/7k/8/3r4 w - - 0 1
0,1,0,0,0,0,0,1,-1,1,0,1,1,1,0,0,0,0,0,16,0,0,4,1,3,1,7,2,5,25,28,0,0,0,0,0,0,0,0,7,1,1,0,0,0,0,2,1,0,1,KRBKRNvK,DRAW,1k6/8/r7/8/1K4n1/5R2/1B6/8 b - - 0 1
1,1,0,0,0,0,0,1,-1,1,0,1,1,1,0,0,0,0,0,16,0,0,2,2,2,0,2,2,4,22,17,0,0,0,0,0,0,0,0,7,1,1,0,0,0,0,1,2,1,0,KRBKRNvK,WIN,7n/3B4/8/6r1/8/k1K5/8/2R5 w - - 0 1
0,1,0,0,0,0,0,1,-1,1,0,1,1,1,0,0,0,0,0,16,0,0,3,4,2,1,0,1,5,24,25,0,0,0,0,0,0,0,0,7,1,1,0,0,0,0,2,2,0,1,KRBKRNvK,WIN,3r4/8/B7/4n3/8/4K3/7R/1k6 b - - 0 1
0,1,0,0,0,0,0,1,-1,1,0,1,1,1,0,0,0,0,0,16,0,0,3,2,1,5,1,3,3,24,23,0,0,0,0,0,0,0,0,7,1,1,0,0,0,0,0,2,0,1,KRBKRNvK,DRAW,3r4/8/7B/8/8/1R6/2K1nk2/8 b - - 0 1
1,1,0,0,0,0,0,1,-1,1,0,1,1,1,0,0,0,0,0,16,0,0,3,4,3,5,0,0,4,6,0,1,0,0,0,0,0,0,0,7,1,1,0,0,0,0,3,2,1,1,KRBKRNvK,DRAW,8/3B4/8/8/2r1K3/1n5R/8/5k2 w - - 0 1
1,1,0,0,0,0,0,1,-1,1,0,1,1,1,0,0,0,0,0,16,0,0,6,0,1,6,6,5,4,26,24,0,0,0,0,0,0,0,0,7,1,1,0,0,0,0,3,3,1,0,KRBKRNvK,DRAW,8/6k1/1B2R3/5r2/8/5n2/K7/8 w - - 0 1
1,1,0,0,0,0,0,1,-1,1,0,1,1,1,0,0,0,0,0,16,0,0,5,1,5,0,0,3,6,28,19,0,0,0,0,0,0,0,0,7,1,1,0,0,0,0,0,0,1,0,KRBKRNvK,DRAW,2B2r2/8/1K6/7n/8/2R5/8/k7 w - - 0 1
0,1,0,0,0,0,0,1,-1,1,0,1,1,1,0,0,0,0,0,16,0,0,6,0,0,6,2,6,3,25,15,0,0,0,0,0,0,0,0,7,1,1,0,1,0,0,1,2,0,0,KRBKRNvK,DRAW,7R/7B/8/8/8/6k1/4r3/K4n2 b - - 0 1
0,1,0,0,0,0,0,1,-1,1,0,1,1,1,0,0,0,0,0,16,0,0,4,1,4,5,4,2,1,21,22,0,0,0,0,0,0,0,0,7,1,1,0,0,0,0,1,2,1,0,KRBKRNvK,DRAW,8/8/8/1K3k2/8/6B1/8/1Rn4r b - - 0 1
0,1,0,0,0,0,0,1,-1,1,0,1,1,1,0,0,0,0,0,16,0,0,5,6,3,1,5,2,3,25,22,0,0,0,0,0,0,0,0,7,1,1,0,0,0,0,2,0,1,1,KRBKRNvK,DRAW,8/r7/1k6/8/3R2K1/8/6n1/3B4 b - - 0 1
1,1,0,0,0,0,0,1,-1,1,0,1,1,1,0,0,0,0,0,16,0,0,3,0,7,0,4,6,3,21,19,0,0,0,0,0,0,0,0,7,1,1,0,0,0,0,1,2,0,0,KRBKRNvK,DRAW,KB5R/8/8/k7/8/8/8/3nr3 w - - 0 1
0,1,0,0,0,0,0,1,-1,1,0,1,1,1,0,0,0,0,0,16,0,0,5,6,5,2,0,3,4,22,25,0,0,0,0,0,0,0,0,7,1,1,0,0,0,0,1,0,0,1,KRBKRNvK,DRAW,7R/8/6Kn/8/3B4/2r5/8/2k5 b - - 0 1
0,1,0,0,0,0,0,1,-1,1,0,1,1,1,0,0,0,0,0,16,0,0,2,5,7,7,6,4,5,23,16,0,0,0,0,0,0,0,0,7,1,1,0,0,0,0,2,3,0,0,KRBKRNvK,DRAW,4RK2/7k/8/r7/8/8/3n4/2B5 b - - 0 1
0,1,0,0,0,0,0,1,-1,1,0,1,1,1,0,0,0,0,0,16,0,0,3,2,3,5,3,1,1,25,26,0,0,0,0,0,0,0,0,7,1,1,0,0,0,0,3,3,1,1,KRBKRNvK,DRAW,6r1/8/4n3/3R4/2K2k2/8/8/4B3 b - - 0 1
1,1,0,0,0,0,0,1,-1,1,0,1,1,1,0,0,0,0,0,16,0,0,7,7,7,0,7,6,6,27,21,0,0,0,0,0,0,0,0,7,1,1,0,1,0,0,2,1,0,0,KRBKRNvK,DRAW,k6K/8/8/7R/5Bn1/8/r7/8 w - - 0 1
1,1,0,0,0,0,0,1,-1,1,0,1,1,1,0,0,0,0,0,16,0,0,7,7,1,0,4,5,3,27,25,0,0,0,0,0,0,0,0,7,1,1,0,0,0,0,1,2,0,0,KRBKRNvK,DRAW,5R2/8/6B1/k5n1/2r5/8/7K/8 w - - 0 1
1,1,0,0,0,0,0,1,-1,1,0,1,1,1,0,0,0,0,0,16,0,0,2,0,0,2,2,6,2,2,0,1,0,0,0,0,0,0,0,7,1,1,0,0,0,0,1,1,0,0,KRBKRNvK,DRAW,r7/5B2/8/8/8/2k5/8/K4Rn1 w - - 0 1
0,1,0,0,0,0,0,1,-1,1,0,1,1,1,0,0,0,0,0,16,0,0,2,7,6,6,4,5,2,25,24,0,0,0,0,0,0,0,0,7,1,1,0,0,0,0,3,2,0,0,KRBKRNvK,DRAW,B7/7K/8/1r4k1/5n2/8/8/4R3 b - - 0 1
0,1,0,0,0,0,0,1,-1,1,0,1,1,1,0,0,0,0,0,16,0,0,2,2,6,1,4,3,2,14,18,0,0,0,0,0,0,0,0,7,1,1,0,0,0,0,2,0,0,0,KRBKRNvK,DRAW,B1R5/2K5/8/1k6/8/8/8/1rn5 b - - 0 1
0,1,0,0,0,0,0,1,-1,1,0,1,1,1,0,0,0,0,0,16,0,0,2,2,1,0,3,3,3,24,25,0,0,0,0,0,0,0,0,7,1,1,0,0,0,0,2,1,0,1,KRBKRNvK,DRAW,8/5r2/3R4/3B4/k7/1n6/2K5/8 b - - 0 1
0,1,0,0,0,0,0,1,-1,1,0,1,1,1,0,0,0,0,0,16,0,0,3,1,2,4,0,3,3,22,27,0,0,0,0,0,0,0,0,7,1,1,0,0,0,0,3,2,0,2,KRBKRNvK,DRAW,8/6B1/8/5R2/r7/1K6/2n5/4k3 b - - 0 1
1,1,0,0,0,0,0,1,-1,1,0,1,1,1,0,0,0,0,0,16,0,0,4,1,6,5,2,4,2,25,21,0,0,0,0,0,0,0,0,7,1,1,0,0,0,0,0,2,0,0,KRBKRNvK,DRAW,2R2B2/1K6/8/8/6n1/5k2/8/5r2 w - - 0 1
0,1,0,0,0,0,0,1,-1,1,0,1,1,1,0,0,0,0,0,16,0,0,4,1,3,5,6,2,3,7,0,1,0,0,0,0,0,0,0,7,1,1,0,0,0,0,0,2,0,1,KRBKRNvK,DRAW,8/1n3k2/8/8/1K6/B2r4/8/5R2 b - - 0 1
1,1,0,0,0,0,0,1,-1,1,0,1,1,1,0,0,0,0,0,16,0,0,4,7,4,3,0,3,3,26,21,0,0,0,0,0,0,0,0,7,1,1,0,0,0,0,1,1,0,1,KRBKRNvK,DRAW,5r2/8/R7/5n1K/8/6B1/8/3k4 w - - 0 1
1,1,0,0,0,0,0,1,-1,1,0,1,1,1,0,0,0,0,0,16,0,0,5,6,1,4,6,4,2,19,24,0,0,0,0,0,0,0,0,7,1,1,0,0,0,0,1,0,0,0,KRBKRNvK,DRAW,8/4k3/7n/8/8/2r5/B5K1/R7 w - - 0 1
0,1,0,0,0,0,0,1,-1,1,0,1,1,1,0,0,0,0,0,16,0,0,3,0,1,3,1,5,2,26,20,0,0,0,0,0,0,0,0,7,1,1,0,0,0,0,2,2,1,0,KRBKRNvK,DRAW,8/8/1Rn5/3r4/8/8/KB1k4/8 b - - 0 1
1,1,0,0,0,0,0,1,-1,1,0,1,1,1,0,0,0,0,0,16,0,0,6,0,1,0,7,5,6,25,19,0,0,0,0,0,0,0,0,7,1,1,0,0,0,0,2,0,0,0,KRBKRNvK,DRAW,k7/2r3n1/8/8/4R3/8/K7/4B3 w - - 0 1
0,1,0,0,0,0,0,1,-1,1,0,1,1,1,0,0,0,0,0,16,0,0,5,5,2,0,4,2,3,4,0,1,0,0,0,0,0,0,0,7,1,1,0,0,0,0,1,0,0,0,KRBKRNvK,DRAW,3B4/8/6R1/k7/8/n4K2/8/1r6 b - - 0 1
0,1,0,0,0,0,0,1,-1,1,0,1,1,1,0,0,0,0,0,16,0,0,3,1,3,4,5,2,1,4,0,1,0,0,0,0,0,0,0,7,1,1,0,0,0,0,2,3,2,0,KRBKRNvK,DRAW,8/3r3n/4k3/6R1/1KB5/8/8/8 b - - 0 1
1,1,0,0,0,0,0,1,-1,1,0,1,1,1,0,0,0,0,0,16,0,0,4,7,6,3,2,5,1,24,22,0,0,0,0,0,0,0,0,7,1,1,0,0,0,0,0,3,1,0,KRBKRNvK,DRAW,8/7K/8/3r4/2n5/3k4/7R/4B3 w - - 0 1
1,1,0,0,0,0,0,1,-1,1,0,1,1,1,0,0,0,0,0,16,0,0,5,2,6,6,1,3,4,7,0,1,0,0,0,0,0,0,0,7,1,1,0,0,0,0,1,2,0,1,KRBKRNvK,DRAW,8/2K2B2/R7/2r5/8/3n4/6k1/8 w - - 0 1
0,1,0,0,0,0,0,1,-1,1,0,1,1,1,0,0,0,0,0,16,0,0,3,7,6,5,3,5,1,3,0,1,0,0,0,0,0,0,0,7,1,1,0,0,0,0,0,3,2,0,KRBKRNvK,DRAW,8/7K/8/2r5/5kR1/8/4B3/3n4 b - - 0 1
0,1,0,0,0,0,0,1,-1,1,0,1,1,1,0,0,0,0,0,16,0,0,6,7,4,1,6,3,4,28,26,0,0,0,0,0,0,0,0,7,1,1,0,0,0,0,2,2,1,0,KRBKRNvK,DRAW,8/1k1B4/2n5/7K/8/r7/8/4R3 b - - 0 1
0,1,0,0,0,0,0,1,-1,1,0,1,1,1,0,0,0,0,0,16,0,0,4,1,4,5,1,2,3,23,29,0,0,0,0,0,0,0,0,7,1,1,0,0,0,0,3,2,1,0,KRBKRNvK,DRAW,3R4/8/8/1K5n/8/4r3/5k2/7B b - - 0 1
1,1,0,0,0,0,0,1,-1,1,0,1,1,1,0,0,0,0,0,16,0,0,7,7,7,6,0,6,5,23,20,0,0,0,0,0,0,0,0,7,1,1,0,0,0,0,0,2,0,0,KRBKRNvK,DRAW,2n4K/4B3/5R2/8/2r5/8/8/6k1 w - - 0 1
1,1,0,0,0,0,0,1,-1,1,0,1,1,1,0,0,0,0,0,16,0,0,4,7,2,3,5,4,1,23,23,0,0,0,0,0,0,0,0,7,1,1,0,0,0,0,2,2,0,0,KRBKRNvK,DRAW,7R/8/3k4/r7/8/7K/6B1/1n6 w - - 0 1
0,1,0,0,0,0,0,1,-1,1,0,1,1,1,0,0,0,0,0,16,0,0,3,4,1,1,3,2,2,7,0,1,0,0,0,0,0,0,0,7,1,1,0,0,0,0,0,2,0,1,KRBKRNvK,LOSS,6R1/8/2n5/8/1k6/6r1/4K3/4B3 b - - 0 1
0,1,0,0,0,0,0,1,-1,1,0,1,1,1,0,0,0,0,0,16,0,0,4,7,7,4,3,6,0,6,0,1,0,0,0,0,0,0,0,7,1,1,0,0,0,0,3,3,0,0,KRBKRNvK,DRAW,4R2K/8/3r4/8/4k3/7n/8/B7 b - - 0 1
1,1,0,0,0,0,0,1,-1,1,0,1,1,1,0,0,0,0,0,16,0,0,7,2,7,6,0,4,5,26,19,0,0,0,0,0,0,0,0,7,1,1,1,1,0,0,0,1,0,0,KRBKRNvK,DRAW,2K1B3/7R/8/8/8/3n4/3r4/6k1 w - - 0 1
0,1,0,0,0,0,0,1,-1,1,0,1,1,1,0,0,0,0,0,16,0,0,2,5,5,7,5,2,4,1,0,1,0,0,0,0,0,0,0,7,1,1,0,0,0,0,1,1,0,2,KRBKRNvK,LOSS,7r/2B5/5K1k/5n2/8/8/8/7R b - - 0 1
0,1,0,0,0,0,0,1,-1,1,0,1,1,1,0,0,0,0,0,16,0,0,4,2,4,4,0,1,3,4,0,1,0,0,0,0,0,0,0,7,1,1,0,1,0,0,4,2,1,0,KRBKRNvK,DRAW,5n2/7B/8/2K5/8/4R3/3r4/4k3 b - - 0 1
1,1,0,0,0,0,0,1,-1,1,0,1,1,1,0,0,0,0,0,16,0,0,3,4,3,2,6,0,3,20,22,0,0,0,0,0,0,0,0,7,1,1,0,0,0,0,4,2,1,1,KRBKRNvK,DRAW,3r4/2k5/4R3/8/4K3/8/6n1/2B5 w - - 0 1
0,1,0,0,0,0,0,1,-1,1,0,1,1,1,0,0,0,0,0,16,0,0,5,4,7,5,2,3,2,6,0,1,0,0,0,0,0,0,0,7,1,1,1,0,0,0,0,3,1,0,KRBKRNvK,LOSS,4K3/5R2/8/r7/8/5k2/8/4Bn2 b - - 0 1
0,1,0,0,0,0,0,1,-1,1,0,1,1,1,0,0,0,0,0,16,0,0,4,7,5,3,7,4,3,25,21,0,0,0,0,0,0,0,0,7,1,1,0,0,0,0,0,2,0,1,KRBKRNvK,DRAW,3k4/8/7K/8/6r1/8/3Bn3/7R b - - 0 1
0,1,0,0,0,0,0,1,-1,1,0,1,1,1,0,0,0,0,0,16,0,0,3,4,4,7,3,0,3,25,28,0,0,0,0,0,0,0,0,7,1,1,0,0,0,0,3,1,0,0,KRBKRNvK,DRAW,5R2/8/8/4K3/7k/1r6/2n5/7B b - - 0 1
0,1,0,0,0,0,0,1,-1,1,0,1,1,1,0,0,0,0,0,16,0,0,2,4,4,4,6,0,2,21,24,0,0,0,0,0,0,0,0,7,1,1,0,1,0,0,3,0,0,0,KRBKRNvK,DRAW,8/4k3/8/4K3/8/1R6/2r5/3B3n b - - 0 1
0,1,0,0,0,0,0,1,-1,1,0,1,1,1,0,0,0,0,0,16,0,0,6,6,7,0,2,5,4,23,20,0,0,0,0,0,0,0,0,7,1,1,1,0,0,0,0,1,0,0,KRBKRNvK,DRAW,6K1/1R6/8/1n6/7B/k4r2/8/8 b - - 0 1
0,1,0,0,0,0,0,1,-1,1,0,1,1,1,0,0,0,0,0,16,0,0,3,1,3,1,0,2,5,21,25,0,0,0,0,0,0,0,0,7,1,1,0,0,0,0,0,2,0,0,KRBKRNvK,DRAW,3n1B2/4r3/R7/8/1K6/8/8/1k6 b - - 0 1
0,1,0,0,0,0,0,1,-1,1,0,1,1,1,0,0,0,0,0,16,0,0,5,6,0,7,5,5,4,19,30,0,0,0,0,0,0,0,0,7,1,1,1,0,0,0,3,2,1,0,KRBKRNvK,DRAW,8/3R4/5B1k/8/4r3/8/8/1n4K1 b - - 0 1
1,1,0,0,0,0,0,1,-1,1,0,1,1,1,0,0,0,0,0,16,0,0,5,1,1,3,6,4,2,5,0,1,0,0,0,0,0,0,0,7,1,1,0,1,0,0,1,1,1,0,KRBKRNvK,DRAW,8/3k1B2/8/8/8/6n1/1K4r1/1R6 w - - 0 1
0,1,0,0,0,0,0,1,-1,1,0,1,1,1,0,0,0,0,0,16,0,0,4,2,7,6,4,4,2,4,0,1,0,0,0,0,0,0,0,7,1,1,0,0,0,0,2,0,0,1,KRBKRNvK,DRAW,1nKB4/8/8/2R3kr/8/8/8/8 b - - 0 1
1,1,0,0,0,0,0,1,-1,1,0,1,1,1,0,0,0,0,0,16,0,0,5,2,0,2,5,4,2,24,18,0,0,0,0,0,0,0,0,7,1,1,1,0,0,0,0,1,1,0,KRBKRNvK,DRAW,8/1R6/2k2r2/8/8/8/8/2KB1n2 w - - 0 1
0,1,0,0,0,0,0,1,-1,1,0,1,1,1,0,0,0,0,0,16,0,0,2,5,1,7,1,3,5,0,0,1,0,0,0,0,0,0,0,7,1,1,1,0,0,0,1,2,1,0,KRBKRNvK,LOSS,8/7R/6n1/3r4/8/6B1/5K1k/8 b - - 0 1
0,1,0,0,0,0,0,1,-1,1,0,1,1,1,0,0,0,0,0,16,0,0,5,1,6,6,6,4,4,5,0,1,0,0,0,0,0,0,0,7,1,1,0,0,0,0,1,0,0,1,KRBKRNvK,DRAW,7r/1K4k1/8/3n4/8/1B4R1/8/8 b - - 0 1
0,1,0,0,0,0,0,1,-1,1,0,1,1,1,0,0,0,0,0,16,0,0,4,2,1,0,5,3,4,21,28,0,0,0,0,0,0,0,0,7,1,1,0,0,0,0,0,1,1,0,KRBKRNvK,DRAW,5r2/8/k7/5n2/1B6/5R2/2K5/8 b - - 0 1
1,1,0,0,0,0,0,1,-1,1,0,1,1,1,0,0,0,0,0,16,0,0,5,2,5,7,4,2,3,19,22,0,0,0,0,0,0,0,0,7,1,1,0,0,0,0,2,0,0,0,KRBKRNvK,DRAW,8/6r1/2K5/7k/7n/8/7B/7R w - - 0 1
0,1,0,0,0,0,0,1,-1,1,0,1,1,1,0,0,0,0,0,16,0,0,6,1,6,3,0,4,3,21,27,0,0,0,0,0,0,0,0,7,1,1,0,1,0,0,3,0,0,0,KRBKRNvK,DRAW,8/1K6/2B5/7n/2R5/8/5r2/3k4 b - - 0 1
0,1,0,0,0,0,0,1,-1,1,0,1,1,1,0,0,0,0,0,16,0,0,3,7,1,4,1,5,2,3,0,1,0,0,0,0,0,0,0,7,1,1,0,0,0,0,2,0,1,1,KRBKRNvK,LOSS,8/8/8/6B1/8/8/3Rk2K/3n2r1 b - - 0 1
1,1,0,0,0,0,0,1,-1,1,0,1,1,1,0,0,0,0,0,16,0,0,4,4,2,0,5,1,4,24,19,0,0,0,0,0,0,0,0,7,1,1,0,0,0,0,2,2,0,0,KRBKRNvK,DRAW,7R/3r2n1/k7/8/8/4K3/3B4/8 w - - 0 1
0,1,0,0,0,0,0,1,-1,1,0,1,1,1,0,0,0,0,0,16,0,0,2,0,1,2,1,5,3,20,23,0,0,0,0,0,0,0,0,7,1,1,0,0,0,0,1,0,1,0,KRBKRNvK,DRAW,8/1r6/8/8/7n/4B3/K1k5/7R b - - 0 1
0,1,0,0,0,0,0,1,-1,1,0,1,1,1,0,0,0,0,0,16,0,0,4,4,7,6,3,3,2,3,0,1,0,0,0,0,0,0,0,7,1,1,1,0,0,0,1,0,1,0,KRBKRNvK,DRAW,4K3/6R1/8/8/6k1/5rB1/8/6n1 b - - 0 1
0,1,0,0,0,0,0,1,-1,1,0,1,1,1,0,0,0,0,0,16,0,0,3,2,1,1,4,3,2,25,30,0,0,0,0,0,0,0,0,7,1,1,1,0,0,0,2,2,1,0,KRBKRNvK,DRAW,8/R7/3r4/1k3n2/8/5B2/2K5/8 b - - 0 1
0,1,0,0,0,0,0,1,-1,1,0,1,1,1,0,0,0,0,0,16,0,0,4,3,5,7,7,1,6,16,28,0,0,0,0,0,0,0,0,7,1,1,0,0,0,0,4,1,0,1,KRBKRNvK,DRAW,7k/4n2r/3K4/8/5R2/8/4B3/8 b - - 0 1
0,1,0,0,0,0,0,1,-1,1,0,1,1,1,0,0,0,0,0,16,0,0,2,0,7,0,5,6,4,21,21,0,0,0,0,0,0,0,0,7,1,1,0,1,0,0,0,0,1,0,KRBKRNvK,WIN,K1R5/8/k7/8/n7/B7/7r/8 b - - 0 1
1,1,0,0,0,0,0,1,-1,1,0,1,1,1,0,0,0,0,0,16,0,0,4,0,5,4,1,4,2,5,0,1,0,0,0,0,0,0,0,7,1,1,0,0,0,0,1,0,1,0,KRBKRNvK,DRAW,6Rn/8/K4r2/8/8/8/4kB2/8 w - - 0 1
1,1,0,0,0,0,0,1,-1,1,0,1,1,1,0,0,0,0,0,16,0,0,4,3,2,2,6,1,3,16,20,0,0,0,0,0,0,0,0,7,1,1,0,0,0,0,3,1,0,1,KRBKRNvK,DRAW,8/2k5/1n6/8/3R4/3KBr2/8/8 w - - 0 1
1,1,0,0,0,0,0,1,-1,1,0,1,1,1,0,0,0,0,0,16,0,0,4,1,0,5,0,5,4,4,0,1,0,0,0,0,0,0,0,7,1,1,0,0,0,0,0,1,0,0,KRBKRNvK,DRAW,6R1/8/1r6/8/6n1/8/8/1KB2k2 w - - 0 1
1,1,0,0,0,0,0,1,-1,1,0,1,1,1,0,0,0,0,0,16,0,0,7,6,7,5,0,5,4,3,0,1,0,0,0,0,0,0,0,7,1,1,0,0,0,0,2,3,1,0,KRBKRNvK,DRAW,3r2K1/8/8/8/8/R2n4/8/5k1B w - - 0 1
0,1,0,0,0,0,0,1,-1,1,0,1,1,1,0,0,0,0,0,16,0,0,4,4,4,0,2,0,4,17,26,0,0,0,0,0,0,0,0,7,1,1,0,0,0,0,4,0,2,1,KRBKRNvK,DRAW,8/6rn/8/4K3/1R6/k1B5/8/8 b - - 0 1
1,1,0,0,0,0,0,1,-1,1,0,1,1,1,0,0,0,0,0,16,0,0,4,2,4,6,7,1,5,23,21,0,0,0,0,0,0,0,0,7,1,1,0,0,0,0,2,2,1,2,KRBKRNvK,DRAW,6k1/4B3/8/2K5/8/n2r4/1R6/8 w - - 0 1
0,1,0,0,0,0,0,1,-1,1,0,1,1,1,0,0,0,0,0,16,0,0,5,0,3,5,2,3,2,4,0,1,0,0,0,0,0,0,0,7,1,1,0,0,0,0,0,2,1,0,KRBKRNvK,DRAW,8/2n5/8/8/K7/2R2k2/8/5r1B b - - 0 1
0,1,0,0,0,0,0,1,-1,1,0,1,1,1,0,0,0,0,0,16,0,0,4,5,2,1,1,2,4,22,24,0,0,0,0,0,0,0,0,7,1,1,0,1,0,0,3,2,0,0,KRBKRNvK,DRAW,2BR4/8/5n2/8/8/5K2/rk6/8 b - - 0 1
1,1,0,0,0,0,0,1,-1,1,0,1,1,1,0,0,0,0,0,16,0,0,2,3,1,1,1,2,4,23,19,0,0,0,0,0,0,0,0,7,1,1,0,0,0,0,1,2,1,2,KRBKRNvK,DRAW,8/8/5R2/8/8/2n5/Bk1K4/2r5 w - - 0 1
0,1,0,0,0,0,0,1,-1,1,0,1,1,1,0,0,0,0,0,16,0,0,5,6,6,4,1,4,2,6,0,1,0,0,0,0,0,0,0,7,1,1,0,0,0,0,3,1,0,0,KRBKRNvK,DRAW,8/6K1/8/4R3/r2n4/8/1B2k3/8 b - - 0 1
1,1,0,0,0,0,0,1,-1,1,0,1,1,1,0,0,0,0,0,16,0,0,3,7,3,5,0,3,4,23,22,0,0,0,0,0,0,0,0,7,1,1,0,0,0,0,2,1,1,0,KRBKRNvK,DRAW,6r1/2n5/8/8/7K/8/R7/5k1B w - - 0 1
1,1,0,0,0,0,0,1,-1,1,0,1,1,1,0,0,0,0,0,16,0,0,6,2,6,2,0,3,4,21,14,0,0,0,0,0,0,0,0,7,1,1,1,0,0,0,1,0,0,0,KRBKRNvK,DRAW,8/2K2R2/8/8/8/8/n6B/1rk5 w - - 0 1
1,1,0,0,0,0,0,1,-1,1,0,1,1,1,0,0,0,0,0,16,0,0,4,3,5,1,1,1,4,7,0,1,0,0,0,0,0,0,0,7,1,1,0,1,0,0,2,0,1,1,KRBKRNvK,DRAW,8/5B2/3K4/8/4n3/8/1k4r1/2R5 w - - 0 1
1,1,0,0,0,0,0,1,-1,1,0,1,1,1,0,0,0,0,0,16,0,0,2,7,0,5,2,6,2,25,21,0,0,0,0,0,0,0,0,7,1,1,0,0,0,0,0,2,1,0,KRBKRNvK,DRAW,8/8/8/6B1/r7/5k2/2R5/3n3K w - - 0 1
0,1,0,0,0,0,0,1,-1,1,0,1,1,1,0,0,0,0,0,16,0,0,3,5,3,7,6,1,5,22,17,0,0,0,0,0,0,0,0,7,1,1,0,0,0,0,2,2,0,0,KRBKRNvK,DRAW,8/4r2k/8/8/n4K2/5R2/8/3B4 b - - 0 1
1,1,0,0,0,0,0,1,-1,1,0,1,1,1,0,0,0,0,0,16,0,0,3,5,5,2,5,2,2,29,20,0,0,0,0,0,0,0,0,7,1,1,1,0,0,0,3,3,1,1,KRBKRNvK,DRAW,1n6/3R4/2k2K2/8/7r/8/8/2B5 w - - 0 1
0,1,0,0,0,0,0,1,-1,1,0,1,1,1,0,0,0,0,0,16,0,0,3,1,6,4,3,4,0,19,31,0,0,0,0,0,0,0,0,7,1,1,0,0,0,0,1,4,1,0,KRBKRNvK,DRAW,2R5/1K6/4B3/8/4k3/4r3/3n4/8 b - - 0 1
1,1,0,0,0,0,0,1,-1,1,0,1,1,1,0,0,0,0,0,16,0,0,3,5,4,2,6,1,3,23,23,0,0,0,0,0,0,0,0,7,1,1,0,0,0,0,2,1,0,0,KRBKRNvK,DRAW,8/1rk5/8/5K2/2n5/6RB/8/8 w - - 0 1
1,1,0,0,0,0,0,1,-1,1,0,1,1,1,0,0,0,0,0,16,0,0,7,0,2,7,3,4,3,24,21,0,0,0,0,0,0,0,0,7,1,1,0,1,0,0,0,0,0,1,KRBKRNvK,DRAW,n7/8/8/B7/7k/K7/2r5/5R2 w - - 0 1
1,1,0,0,0,0,0,1,-1,1,0,1,1,1,0,0,0,0,0,16,0,0,2,2,1,1,3,3,2,6,0,1,0,0,0,0,0,0,0,7,1,1,0,0,0,0,3,1,0,0,KRBKRNvK,DRAW,2r5/8/1n4B1/6R1/1k6/8/2K5/8 w - - 0 1
1,1,0,0,0,0,0,1,-1,1,0,1,1,1,0,0,0,0,0,16,0,0,3,4,7,5,4,3,1,25,24,0,0,0,0,0,0,0,0,7,1,1,0,0,0,0,1,2,1,0,KRBKRNvK,DRAW,4K3/5B2/8/2n2k2/8/2r5/1R6/8 w - - 0 1
1,1,0,0,0,0,0,1,-1,1,0,1,1,1,0,0,0,0,0,16,0,0,7,0,7,1,0,6,5,23,25,0,0,0,0,0,0,0,0,7,1,1,0,0,0,0,3,1,0,0,KRBKRNvK,WIN,K7/7r/8/8/6R1/1n3B2/8/1k6 w - - 0 1
0,1,0,0,0,0,0,1,-1,1,0,1,1,1,0,0,0,0,0,16,0,0,4,0,1,4,3,5,0,20,22,0,0,0,0,0,0,0,0,7,1,1,0,0,0,0,1,4,1,1,KRBKRNvK,WIN,8/8/1BR5/8/4k3/8/K1n5/4r3 b - - 0 1
1,1,0,0,0,0,0,1,-1,1,0,1,1,1,0,0,0,0,0,16,0,0,3,7,6,7,3,5,3,23,20,0,0,0,0,0,0,0,0,7,1,1,0,0,0,0,1,1,1,1,KRBKRNvK,DRAW,8/7K/8/5n2/7k/r3B1R1/8/8 w - - 0 1
0,1,0,0,0,0,0,1,-1,1,0,1,1,1,0,0,0,0,0,16,0,0,4,2,4,2,0,1,4,4,0,1,0,0,0,0,0,0,0,7,1,1,0,0,0,0,3,0,0,0,KRBKRNvK,DRAW,r7/7n/8/2K5/4RB2/8/8/2k5 b - - 0 1
1,1,0,0,0,0,0,1,-1,1,0,1,1,1,0,0,0,0,0,16,0,0,2,7,4,5,6,3,3,24,21,0,0,0,0,0,0,0,0,7,1,1,0,0,0,0,2,2,1,0,KRBKRNvK,DRAW,n7/5k2/8/6BK/1r6/3R4/8/8 w - - 0 1
0,1,0,0,0,0,0,1,-1,1,0,1,1,1,0,0,0,0,0,16,0,0,4,0,6,0,2,5,4,20,27,0,0,0,0,0,0,0,0,7,1,1,0,1,0,0,3,1,0,0,KRBKRNvK,DRAW,8/K7/3R4/8/5Bn1/k7/6r1/8 b - - 0 1
1,1,0,0,0,0,0,1,-1,1,0,1,1,1,0,0,0,0,0,16,0,0,2,2,3,4,5,1,1,7,0,1,0,0,0,0,0,0,0,7,1,1,1,0,0,0,3,4,2,0,KRBKRNvK,DRAW,7n/3R4/2B1k3/8/2K2r2/8/8/8 w - - 0 1
1,1,0,0,0,0,0,1,-1,1,0,1,1,1,0,0,0,0,0,16,0,0,6,6,7,0,5,5,4,25,17,0,0,0,0,0,0,0,0,7,1,1,0,0,0,0,1,2,0,0,KRBKRNvK,DRAW,6K1/n2r4/k5B1/8/8/1R6/8/8 w - - 0 1
0,1,0,0,0,0,0,1,-1,1,0,1,1,1,0,0,0,0,0,16,0,0,2,2,2,3,4,2,0,5,0,1,0,0,0,0,0,0,0,7,1,1,0,0,0,0,3,3,0,1,KRBKRNvK,DRAW,6r1/6B1/8/3kn3/8/2K5/3R4/8 b - - 0 1
1,1,0,0,0,0,0,1,-1,1,0,1,1,1,0,0,0,0,0,16,0,0,3,6,6,6,3,4,2,5,0,1,0,0,0,0,0,0,0,7,1,1,0,0,0,0,1,0,1,0,KRBKRNvK,DRAW,8/1r4K1/7R/8/6k1/3B4/8/7n w - - 0 1
1,1,0,0,0,0,0,1,-1,1,0,1,1,1,0,0,0,0,0,16,0,0,3,6,6,3,6,4,2,28,23,0,0,0,0,0,0,0,0,7,1,1,0,0,0,0,2,2,0,0,KRBKRNvK,WIN,8/3k2K1/8/1r6/2R5/8/4B1n1/8 w - - 0 1
0,1,0,0,0,0,0,1,-1,1,0,1,1,1,0,0,0,0,0,16,0,0,7,7,4,0,3,3,3,25,17,0,0,0,0,0,0,0,0,7,1,1,0,0,0,0,1,0,0,0,KRBKRNvK,DRAW,1r6/8/8/7K/k3n3/4RB2/8/8 b - - 0 1
0,1,0,0,0,0,0,1,-1,1,0,1,1,1,0,0,0,0,0,16,0,0,5,1,1,6,2,4,3,7,0,1,0,0,0,0,0,0,0,7,1,1,0,0,0,0,1,2,0,0,KRBKRNvK,DRAW,4r1B1/3n4/8/8/8/2R3k1/1K6/8 b - - 0 1
1,1,0,0,0,0,0,1,-1,1,0,1,1,1,0,0,0,0,0,16,0,0,6,7,1,3,7,5,3,28,27,0,0,0,0,0,0,0,0,7,1,1,0,0,0,0,2,2,0,0,KRBKRNvK,DRAW,3k4/8/8/2nB4/7R/4r3/7K/8 w - - 0 1
0,1,0,0,0,0,0,1,-1,1,0,1,1,1,0,0,0,0,0,16,0,0,7,4,7,1,0,3,5,4,0,1,0,0,0,0,0,0,0,7,1,1,0,0,0,0,1,2,0,0,KRBKRNvK,DRAW,4K1B1/8/1R6/8/3r4/7n/8/1k6 b - - 0 1
0,1,0,0,0,0,0,1,-1,1,0,1,1,1,0,0,0,0,0,16,0,0,2,5,4,3,3,1,0,5,0,1,0,0,0,0,0,0,0,7,1,1,0,0,0,0,3,3,0,2,KRBKRNvK,DRAW,8/4r3/8/5K2/3k4/7n/8/B6R b - - 0 1
1,1,0,0,0,0,0,1,-1,1,0,1,1,1,0,0,0,0,0,16,0,0,2,3,1,5,2,2,2,29,23,0,0,0,0,0,0,0,0,7,1,1,1,0,0,0,0,2,0,0,KRBKRNvK,DRAW,6n1/R7/8/1B6/7r/5k2/3K4/8 w - - 0 1
0,1,0,0,0,0,0,1,-1,1,0,1,1,1,0,0,0,0,0,16,0,0,3,5,4,2,4,1,1,5,0,1,0,0,0,0,0,0,0,7,1,1,0,1,0,0,2,2,1,0,KRBKRNvK,DRAW,8/8/8/Bnk2K2/8/8/r7/2R5 b - - 0 1
0,1,0,0,0,0,0,1,-1,1,0,1,1,1,0,0,0,0,0,16,0,0,3,3,1,0,1,2,5,2,0,1,0,0,0,0,0,0,0,7,1,1,0,0,0,0,1,1,0,1,KRBKRNvK,LOSS,8/8/1R4r1/3B4/8/3n4/k2K4/8 b - - 0 1
0,1,0,0,0,0,0,1,-1,1,0,1,1,1,0,0,0,0,0,16,0,0,4,3,4,6,0,0,5,27,26,0,0,0,0,0,0,0,0,7,1,1,0,0,0,0,3,2,0,2,KRBKRNvK,DRAW,8/8/8/3K1nB1/2r5/1R6/8/6k1 b - - 0 1
1,1,0,0,0,0,0,1,-1,1,0,1,1,1,0,0,0,0,0,16,0,0,4,3,7,5,3,3,1,18,16,0,0,0,0,0,0,0,0,7,1,1,0,1,0,0,2,2,2,1,KRBKRNvK,DRAW,1n1K4/8/4R3/8/5k2/3B4/3r4/8 w - - 0 1
0,1,0,0,0,0,0,1,-1,1,0,1,1,1,0,0,0,0,0,16,0,0,4,4,2,1,6,1,4,5,0,1,0,0,0,0,0,0,0,7,1,1,1,1,0,0,4,0,1,1,KRBKRNvK,DRAW,8/1k1R4/8/8/3B4/4K3/5r2/n7 b - - 0 1
1,1,0,0,0,0,0,1,-1,1,0,1,1,1,0,0,0,0,0,16,0,0,6,5,0,7,6,4,5,23,27,0,0,0,0,0,0,0,0,7,1,1,0,0,0,0,1,3,0,0,KRBKRNvK,DRAW,8/7k/4r3/5n2/8/8/2R5/5KB1 w - - 0 1
0,1,0,0,0,0,0,1,-1,1,0,1,1,1,0,0,0,0,0,16,0,0,3,1,3,4,5,2,1,19,26,0,0,0,0,0,0,0,0,7,1,1,0,0,0,0,2,2,1,0,KRBKRNvK,DRAW,8/8/2B1k1r1/8/1K6/8/8/1R3n2 b - - 0 1
0,1,0,0,0,0,0,1,-1,1,0,1,1,1,0,0,0,0,0,16,0,0,3,2,5,5,2,2,2,6,0,1,0,0,0,0,0,0,0,7,1,1,1,0,0,0,3,1,1,0,KRBKRNvK,DRAW,8/4R3/2K5/8/4B3/1r3k1n/8/8 b - - 0 1
0,1,0,0,0,0,0,1,-1,1,0,1,1,1,0,0,0,0,0,16,0,0,5,5,5,3,0,2,3,21,23,0,0,0,0,0,0,0,0,7,1,1,0,1,0,0,1,0,0,1,KRBKRNvK,DRAW,R4n2/8/5K2/6B1/8/8/1r6/3k4 b - - 0 1
0,1,0,0,0,0,0,1,-1,1,0,1,1,1,0,0,0,0,0,16,0,0,6,0,2,6,3,4,2,7,0,1,0,0,0,0,0,0,0,7,1,1,0,0,0,0,2,2,0,0,KRBKRNvK,DRAW,8/3n4/B7/3r4/1R4k1/K7/8/8 b - - 0 1
1,1,0,0,0,0,0,1,-1,1,0,1,1,1,0,0,0,0,0,16,0,0,3,5,2,2,3,2,1,29,22,0,0,0,0,0,0,0,0,7,1,1,0,0,0,0,2,2,1,0,KRBKRNvK,DRAW,3B4/8/4R3/8/1nk5/5K2/8/1r6 w - - 0 1
1,1,0,0,0,0,0,1,-1,1,0,1,1,1,0,0,0,0,0,16,0,0,5,6,0,1,5,5,3,3,0,1,0,0,0,0,0,0,0,7,1,1,0,0,0,0,3,1,1,0,KRBKRNvK,DRAW,B7/8/1k6/7R/2n5/8/8/r5K1 w - - 0 1
0,1,0,0,0,0,0,1,-1,1,0,1,1,1,0,0,0,0,0,16,0,0,3,3,1,0,3,2,3,5,0,1,0,0,0,0,0,0,0,7,1,1,0,0,0,0,3,2,0,0,KRBKRNvK,DRAW,8/n7/8/2r2B2/k3R3/8/3K4/8 b - - 0 1
0,1,0,0,0,0,0,1,-1,1,0,1,1,1,0,0,0,0,0,16,0,0,3,7,3,4,5,3,1,20,27,0,0,0,0,0,0,0,0,7,1,1,0,0,0,0,1,2,1,1,KRBKRNvK,DRAW,6R1/4r3/4k3/8/6nK/3B4/8/8 b - - 0 1
0,1,0,0,0,0,0,1,-1,1,0,1,1,1,0,0,0,0,0,16,0,0,7,2,0,1,7,4,5,27,15,0,0,0,0,0,0,0,0,7,1,1,0,0,0,0,0,3,0,0,KRBKRNvK,DRAW,1k3B2/4r3/8/8/5n2/8/8/2K2R2 b - - 0 1
0,1,0,0,0,0,0,1,-1,1,0,1,1,1,0,0,0,0,0,16,0,0,4,0,0,4,1,6,2,25,22,0,0,0,0,0,0,0,0,7,1,1,0,0,0,0,2,1,0,0,KRBKRNvK,DRAW,8/8/2B4R/8/4n1r1/8/4k3/K7 b - - 0 1
1,1,0,0,0,0,0,1,-1,1,0,1,1,1,0,0,0,0,0,16,0,0,7,0,0,7,1,6,5,3,0,1,0,0,0,0,0,0,0,7,1,1,0,0,0,0,2,1,0,1,KRBKRNvK,LOSS,8/4B3/8/8/3R4/3r4/2n4k/K7 w - - 0 1
0,1,0,0,0,0,0,1,-1,1,0,1,1,1,0,0,0,0,0,16,0,0,6,4,6,5,0,2,4,23,23,0,0,0,0,0,0,0,0,7,1,1,0,0,0,0,3,1,0,1,KRBKRNvK,DRAW,5r2/4K2B/8/6R1/8/6n1/8/5k2 b - - 0 1
0,1,0,0,0,0,0,1,-1,1,0,1,1,1,0,0,0,0,0,16,0,0,2,1,4,1,6,2,4,4,0,1,0,0,0,0,0,0,0,7,1,1,0,0,0,0,2,2,1,0,KRBKRNvK,DRAW,8/1k2r3/B7/1K4n1/5R2/8/8/8 b - - 0 1
1,1,0,0,0,0,0,1,-1,1,0,1,1,1,0,0,0,0,0,16,0,0,3,1,5,3,2,3,1,5,0,1,0,0,0,0,0,0,0,7,1,1,1,0,0,0,2,3,0,1,KRBKRNvK,DRAW,8/3n1R2/1K2r3/8/8/3k4/6B1/8 w - - 0 1
1,1,0,0,0,0,0,1,-1,1,0,1,1,1,0,0,0,0,0,16,0,0,7,4,0,3,7,3,3,1,0,1,0,0,0,0,0,0,0,7,1,1,0,1,0,0,1,3,0,2,KRBKRNvK,LOSS,3k4/8/8/8/8/5n2/3r4/1B2K1R1 w - - 0 1
0,1,0,0,0,0,0,1,-1,1,0,1,1,1,0,0,0,0,0,16,0,0,7,7,7,6,0,6,5,22,25,0,0,0,0,0,0,0,0,7,1,1,0,0,0,0,2,1,1,0,KRBKRNvK,DRAW,3R3K/8/8/8/1n6/8/4B3/2r3k1 b - - 0 1
0,1,0,0,0,0,0,1,-1,1,0,1,1,1,0,0,0,0,0,16,0,0,3,5,4,5,1,1,3,7,0,1,0,0,0,0,0,0,0,7,1,1,0,1,0,0,3,2,0,1,KRBKRNvK,DRAW,8/8/1B6/5K1R/8/5n2/2r2k2/8 b - - 0 1
0,1,0,0,0,0,0,1,-1,1,0,1,1,1,0,0,0,0,0,16,0,0,3,3,4,0,7,0,6,20,28,0,0,0,0,0,0,0,0,7,1,1,1,0,0,0,3,2,0,2,KRBKRNvK,DRAW,k7/7R/2n2r2/3K4/8/4B3/8/8 b - - 0 1
1,1,0,0,0,0,0,1,-1,1,0,1,1,1,0,0,0,0,0,16,0,0,3,3,4,0,3,0,3,26,19,0,0,0,0,0,0,0,0,7,1,1,0,0,0,0,3,0,1,0,KRBKRNvK,DRAW,8/8/1R6/3K4/k7/8/5B1n/2r5 w - - 0 1
0,1,0,0,0,0,0,1,-1,1,0,1,1,1,0,0,0,0,0,16,0,0,6,7,1,1,1,5,4,22,26,0,0,0,0,0,0,0,0,7,1,1,0,0,0,0,0,0,0,0,KRBKRNvK,DRAW,8/5r2/6R1/B7/8/8/1k5K/n7 b - - 0 1
1,1,0,0,0,0,0,1,-1,1,0,1,1,1,0,0,0,0,0,16,0,0,4,4,3,4,7,0,3,7,0,1,0,0,0,0,0,0,0,7,1,1,0,0,0,0,3,2,0,0,KRBKRNvK,DRAW,4k1nB/4r3/8/8/4K3/8/8/7R w - - 0 1
1,1,0,0,0,0,0,1,-1,1,0,1,1,1,0,0,0,0,0,16,0,0,3,5,3,4,6,1,2,24,17,0,0,0,0,0,0,0,0,7,1,1,0,0,0,0,3,0,2,2,KRBKRNvK,DRAW,6B1/4k3/6R1/8/5K1n/7r/8/8 w - - 0 1
0,1,0,0,0,0,0,1,-1,1,0,1,1,1,0,0,0,0,0,16,0,0,3,3,7,0,6,3,5,4,0,1,0,0,0,0,0,0,0,7,1,1,1,0,0,0,0,1,0,0,KRBKRNvK,DRAW,3K1B2/k4R2/6r1/8/1n6/8/8/8 b - - 0 1
1,1,0,0,0,0,0,1,-1,1,0,1,1,1,0,0,0,0,0,16,0,0,3,4,2,5,5,1,2,6,0,1,0,0,0,0,0,0,0,7,1,1,0,0,0,0,3,2,0,2,KRBKRNvK,DRAW,8/8/5k2/5n2/8/B3K3/3R4/6r1 w - - 0 1
1,1,0,0,0,0,0,1,-1,1,0,1,1,1,0,0,0,0,0,16,0,0,6,7,0,5,6,6,3,26,26,0,0,0,0,0,0,0,0,7,1,1,0,0,0,0,1,2,0,0,KRBKRNvK,DRAW,8/3n1k2/1B6/3r4/8/8/2R5/7K w - - 0 1
0,1,0,0,0,0,0,1,-1,1,0,1,1,1,0,0,0,0,0,16,0,0,5,5,1,0,2,3,4,21,21,0,0,0,0,0,0,0,0,7,1,1,0,0,0,0,1,3,1,1,KRBKRNvK,DRAW,8/8/8/8/2B5/k7/2n2KR1/4r3 b - - 0 1
0,1,0,0,0,0,0,1,-1,1,0,1,1,1,0,0,0,0,0,16,0,0,6,7,7,7,1,6,5,23,24,0,0,0,0,0,0,0,0,7,1,1,0,0,0,0,2,0,0,0,KRBKRNvK,DRAW,7K/r7/6B1/4R3/8/8/7k/4n3 b - - 0 1
0,1,0,0,0,0,0,1,-1,1,0,1,1,1,0,0,0,0,0,16,0,0,5,6,1,1,3,4,2,22,29,0,0,0,0,0,0,0,0,7,1,1,1,0,0,0,1,3,1,0,KRBKRNvK,DRAW,8/2R5/3r1n2/8/1k6/8/2B3K1/8 b - - 0 1
1,1,0,0,0,0,0,1,-1,1,0,1,1,1,0,0,0,0,0,16,0,0,5,3,0,7,5,3,4,5,0,1,0,0,0,0,0,0,0,7,1,1,1,0,0,0,0,2,0,0,KRBKRNvK,DRAW,8/1R4n1/7k/1B6/3r4/8/8/3K4 w - - 0 1
1,1,0,0,0,0,0,1,-1,1,0,1,1,1,0,0,0,0,0,16,0,0,7,0,3,7,0,3,6,23,20,0,0,0,0,0,0,0,0,7,1,1,0,0,0,0,3,2,0,0,KRBKRNvK,DRAW,1B6/8/8/5r2/K2R4/8/8/4n2k w - - 0 1
1,1,0,0,0,0,0,1,-1,1,0,1,1,1,0,0,0,0,0,16,0,0,4,1,1,2,5,4,2,21,22,0,0,0,0,0,0,0,0,7,1,1,1,0,0,0,2,3,1,1,KRBKRNvK,DRAW,5B2/4R3/2k5/8/r6n/8/1K6/8 w - - 0 1
0,1,0,0,0,0,0,1,-1,1,0,1,1,1,0,0,0,0,0,16,0,0,3,5,4,3,1,1,2,29,26,0,0,0,0,0,0,0,0,7,1,1,1,0,0,0,2,2,0,0,KRBKRNvK,DRAW,1r6/3R4/2nB4/5K2/8/8/3k4/8 b - - 0 1
0,1,0,0,0,0,0,1,-1,1,0,1,1,1,0,0,0,0,0,16,0,0,2,3,2,4,0,1,3,14,27,0,0,0,0,0,0,0,0,7,1,1,1,0,0,0,2,0,0,1,KRBKRNvK,DRAW,1n2B3/2R5/8/8/8/3K4/8/4kr2 b - - 0 1
0,1,0,0,0,0,0,1,-1,1,0,1,1,1,0,0,0,0,0,16,0,0,4,6,2,6,6,3,4,19,32,0,0,0,0,0,0,0,0,7,1,1,0,0,0,0,1,0,1,0,KRBKRNvK,DRAW,2R5/r5k1/8/5B2/8/6K1/1n6/8 b - - 0 1
0,1,0,0,0,0,0,1,-1,1,0,1,1,1,0,0,0,0,0,16,0,0,2,5,7,3,6,4,2,6,0,1,0,0,0,0,0,0,0,7,1,1,1,0,0,0,1,2,1,0,KRBKRNvK,DRAW,5K2/3k3R/8/4Bn2/4r3/8/8/8 b - - 0 1
0,1,0,0,0,0,0,1,-1,1,0,1,1,1,0,0,0,0,0,16,0,0,5,1,1,2,6,4,3,6,0,1,0,0,0,0,0,0,0,7,1,1,0,0,0,0,1,2,1,0,KRBKRNvK,DRAW,7n/2k5/8/3B4/7r/8/1K6/2R5 b - - 0 1
1,1,0,0,0,0,0,1,-1,1,0,1,1,1,0,0,0,0,0,16,0,0,6,0,2,6,1,4,4,27,26,0,0,0,0,0,0,0,0,7,1,1,0,0,0,0,2,2,0,0,KRBKRNvK,DRAW,R7/8/4rB2/8/6n1/K7/6k1/8 w - - 0 1
1,1,0,0,0,0,0,1,-1,1,0,1,1,1,0,0,0,0,0,16,0,0,5,2,0,2,5,4,2,21,22,0,0,0,0,0,0,0,0,7,1,1,0,1,0,0,1,1,2,0,KRBKRNvK,DRAW,5n2/8/2k5/8/1RB5/8/7r/2K5 w - - 0 1
1,1,0,0,0,0,0,1,-1,1,0,1,1,1,0,0,0,0,0,16,0,0,4,2,6,2,2,3,2,30,22,0,0,0,0,0,0,0,0,7,1,1,0,0,0,0,1,2,1,1,KRBKRNvK,DRAW,8/2Kn1r2/7R/2B5/8/2k5/8/8 w - - 0 1
1,1,0,0,0,0,0,1,-1,1,0,1,1,1,0,0,0,0,0,16,0,0,2,6,2,4,0,3,3,27,12,0,0,0,0,0,0,0,0,7,1,1,0,0,0,0,0,0,0,0,KRBKRNvK,DRAW,8/7n/6R1/1B6/8/6K1/8/1r2k3 w - - 0 1
0,1,0,0,0,0,0,1,-1,1,0,1,1,1,0,0,0,0,0,16,0,0,6,6,1,0,1,4,5,22,26,0,0,0,0,0,0,0,0,7,1,1,0,0,0,0,0,2,0,1,KRBKRNvK,DRAW,5B2/8/7R/8/r7/8/k3n1K1/8 b - - 0 1
0,1,0,0,0,0,0,1,-1,1,0,1,1,1,0,0,0,0,0,16,0,0,3,4,4,1,7,0,5,3,0,1,0,0,0,0,0,0,0,7,1,1,0,1,0,0,4,1,2,1,KRBKRNvK,DRAW,1k6/8/1R1B4/4K3/8/6n1/5r2/8 b - - 0 1
0,1,0,0,0,0,0,1,-1,1,0,1,1,1,0,0,0,0,0,16,0,0,7,0,6,7,0,5,6,16,26,0,0,0,0,0,0,0,0,7,1,1,0,1,0,0,2,0,0,0,KRBKRNvK,DRAW,2B5/K7/7n/8/3R4/8/7r/7k b - - 0 1
0,1,0,0,0,0,0,1,-1,1,0,1,1,1,0,0,0,0,0,16,0,0,3,4,5,1,4,1,2,28,22,0,0,0,0,0,0,0,0,7,1,1,0,0,0,0,3,3,0,1,KRBKRNvK,DRAW,8/5n1B/4K3/1k6/8/8/4R3/3r4 b - - 0 1
0,1,0,0,0,0,0,1,-1,1,0,1,1,1,0,0,0,0,0,16,0,0,2,6,1,4,1,4,2,4,0,1,0,0,0,0,0,0,0,7,1,1,0,0,0,0,2,0,1,0,KRBKRNvK,LOSS,5r2/8/B7/8/5R2/8/4k1K1/n7 b - - 0 1
0,1,0,0,0,0,0,1,-1,1,0,1,1,1,0,0,0,0,0,16,0,0,7,5,7,0,0,4,6,23,18,0,0,0,0,0,0,0,0,7,1,1,0,0,0,0,0,3,1,1,KRBKRNvK,DRAW,5K2/8/3n1R2/1r6/8/B7/8/k7 b - - 0 1
0,1,0,0,0,0,0,1,-1,1,0,1,1,1,0,0,0,0,0,16,0,0,4,6,0,4,4,5,0,6,0,1,0,0,0,0,0,0,0,7,1,1,0,0,0,0,1,4,0,0,KRBKRNvK,DRAW,4R2n/8/8/4k2B/4r3/8/8/6K1 b - - 0 1
1,1,0,0,0,0,0,1,-1,1,0,1,1,1,0,0,0,0,0,16,0,0,3,1,1,3,4,4,0,20,20,0,0,0,0,0,0,0,0,7,1,1,0,0,0,0,0,4,1,1,KRBKRNvK,DRAW,2n5/4B3/8/3k4/8/3r4/RK6/8 w - - 0 1
0,1,0,0,0,0,0,1,-1,1,0,1,1,1,0,0,0,0,0,16,0,0,4,1,0,2,4,5,1,25,25,0,0,0,0,0,0,0,0,7,1,1,0,0,0,0,3,2,1,0,KRBKRNvK,DRAW,8/8/r7/2kB2R1/8/8/4n3/1K6 b - - 0 1
1,1,0,0,0,0,0,1,-1,1,0,1,1,1,0,0,0,0,0,16,0,0,7,1,0,7,7,5,6,25,19,0,0,0,0,0,0,0,0,7,1,1,0,0,0,0,1,2,1,0,KRBKRNvK,DRAW,2n4k/3r3B/8/8/8/8/6R1/1K6 w - - 0 1
1,1,0,0,0,0,0,1,-1,1,0,1,1,1,0,0,0,0,0,16,0,0,5,3,6,6,1,2,4,27,22,0,0,0,0,0,0,0,0,7,1,1,0,0,0,0,1,2,0,1,KRBKRNvK,DRAW,8/3K4/R5B1/3n2r1/8/8/6k1/8 w - - 0 1
1,1,0,0,0,0,0,1,-1,1,0,1,1,1,0,0,0,0,0,16,0,0,2,0,6,2,6,5,3,22,23,0,0,0,0,0,0,0,0,7,1,1,0,0,0,0,1,2,0,0,KRBKRNvK,DRAW,8/K1k5/8/4r3/8/8/BR6/2n5 w - - 0 1
0,1,0,0,0,0,0,1,-1,1,0,1,1,1,0,0,0,0,0,16,0,0,5,3,7,6,2,3,3,25,24,0,0,0,0,0,0,0,0,7,1,1,0,0,0,0,1,2,0,0,KRBKRNvK,DRAW,3K4/8/8/1r6/8/R2B2k1/8/5n2 b - - 0 1
1,1,0,0,0,0,0,1,-1,1,0,1,1,1,0,0,0,0,0,16,0,0,7,0,6,7,0,5,6,26,22,0,0,0,0,0,0,0,0,7,1,1,0,0,0,0,1,3,0,0,KRBKRNvK,DRAW,8/K7/3r2B1/8/6n1/1R6/8/7k w - - 0 1
0,1,0,0,0,0,0,1,-1,1,0,1,1,1,0,0,0,0,0,16,0,0,2,4,5,2,4,1,1,5,0,1,0,0,0,0,0,0,0,7,1,1,0,1,0,0,2,2,1,0,KRBKRNvK,LOSS,7R/4B3/4K3/2k5/1n6/8/7r/8 b - - 0 1
1,1,0,0,0,0,0,1,-1,1,0,1,1,1,0,0,0,0,0,16,0,0,4,2,1,2,5,3,2,28,22,0,0,0,0,0,0,0,0,7,1,1,0,0,0,0,2,2,1,0,KRBKRNvK,DRAW,8/8/2kn1r2/8/1R6/8/2K5/2B5 w - - 0 1
1,1,0,0,0,0,0,1,-1,1,0,1,1,1,0,0,0,0,0,16,0,0,4,4,3,1,7,0,5,3,0,1,0,0,0,0,0,0,0,7,1,1,0,0,0,0,3,1,0,1,KRBKRNvK,DRAW,1k6/8/8/3R4/4K1rn/2B5/8/8 w - - 0 1
0,1,0,0,0,0,0,1,-1,1,0,1,1,1,0,0,0,0,0,16,0,0,7,7,0,0,5,6,4,22,21,0,0,0,0,0,0,0,0,7,1,1,0,0,0,0,3,2,0,0,KRBKRNvK,DRAW,8/7n/k7/5r2/3R4/8/1B6/7K b - - 0 1
1,1,0,0,0,0,0,1,-1,1,0,1,1,1,0,0,0,0,0,16,0,0,5,2,2,1,7,2,5,8,0,1,0,0,0,0,0,0,0,7,1,1,0,0,0,0,2,0,0,0,KRBKRNvK,DRAW,1k6/8/8/8/4B3/2K4r/R5n1/8 w - - 0 1
1,1,0,0,0,0,0,1,-1,1,0,1,1,1,0,0,0,0,0,16,0,0,3,4,4,1,4,0,2,7,0,1,0,0,0,0,0,0,0,7,1,1,0,0,0,0,4,2,1,1,KRBKRNvK,DRAW,8/8/8/1k2K2R/8/1B3n1r/8/8 w - - 0 1
1,1,0,0,0,0,0,1,-1,1,0,1,1,1,0,0,0,0,0,16,0,0,4,4,1,0,4,2,3,29,27,0,0,0,0,0,0,0,0,7,1,1,0,0,0,0,0,1,1,0,KRBKRNvK,DRAW,7r/8/3n4/k7/6B1/2R5/4K3/8 w - - 0 1
1,1,0,0,0,0,0,1,-1,1,0,1,1,1,0,0,0,0,0,16,0,0,5,3,2,4,7,1,3,27,23,0,0,0,0,0,0,0,0,7,1,1,0,0,0,0,3,0,0,0,KRBKRNvK,DRAW,4k3/8/7r/8/2RB4/n2K4/8/8 w - - 0 1
0,1,0,0,0,0,0,1,-1,1,0,1,1,1,0,0,0,0,0,16,0,0,4,5,6,1,7,3,5,21,28,0,0,0,0,0,0,0,0,7,1,1,0,0,0,0,1,2,0,0,KRBKRNvK,DRAW,1k6/5K2/8/3B4/r7/5R2/8/2n5 b - - 0 1
1,1,0,0,0,0,0,1,-1,1,0,1,1,1,0,0,0,0,0,16,0,0,3,3,4,1,1,0,4,4,0,1,0,0,0,0,0,0,0,7,1,1,0,0,0,0,4,1,1,1,KRBKRNvK,DRAW,4n3/8/3r4/3K2R1/B7/8/1k6/8 w - - 0 1
1,1,0,0,0,0,0,1,-1,1,0,1,1,1,0,0,0,0,0,16,0,0,4,4,3,7,7,0,6,27,23,0,0,0,0,0,0,0,0,7,1,1,0,1,0,0,3,1,0,1,KRBKRNvK,DRAW,7k/B7/4n3/8/4K3/6R1/1r6/8 w - - 0 1
0,1,0,0,0,0,0,1,-1,1,0,1,1,1,0,0,0,0,0,16,0,0,7,7,5,0,2,4,4,18,27,0,0,0,0,0,0,0,0,7,1,1,0,0,0,0,3,2,2,2,KRBKRNvK,DRAW,8/7n/7K/1R6/5r2/k7/2B5/8 b - - 0 1
0,1,0,0,0,0,0,1,-1,1,0,1,1,1,0,0,0,0,0,16,0,0,3,5,4,4,7,1,3,20,24,0,0,0,0,0,0,0,0,7,1,1,0,0,0,0,2,2,1,0,KRBKRNvK,DRAW,4k1n1/8/1R1B4/5K2/r7/8/8/8 b - - 0 1
0,1,0,0,0,0,0,1,-1,1,0,1,1,1,0,0,0,0,0,16,0,0,4,1,6,1,2,4,3,24,22,0,0,0,0,0,0,0,0,7,1,1,0,0,0,0,1,1,0,2,KRBKRNvK,DRAW,8/1K5B/7R/r2n4/8/1k6/8/8 b - - 0 1
0,1,0,0,0,0,0,1,-1,1,0,1,1,1,0,0,0,0,0,16,0,0,3,3,3,6,2,0,3,7,0,1,0,0,0,0,0,0,0,7,1,1,0,0,0,0,4,0,0,1,KRBKRNvK,DRAW,8/6B1/2r5/8/3K4/R5kn/8/8 b - - 0 1
1,1,0,0,0,0,0,1,-1,1,0,1,1,1,0,0,0,0,0,16,0,0,3,1,7,4,6,5,2,29,20,0,0,0,0,0,0,0,0,7,1,1,0,0,0,0,2,2,1,0,KRBKRNvK,DRAW,1K6/4k3/8/3B3r/2R5/8/8/1n6 w - - 0 1
0,1,0,0,0,0,0,1,-1,1,0,1,1,1,0,0,0,0,0,16,0,0,2,7,2,6,4,4,2,4,0,1,0,0,0,0,0,0,0,7,1,1,0,0,0,0,3,2,0,1,KRBKRNvK,DRAW,8/8/8/2R3k1/5r2/7K/3n1B2/8 b - - 0 1
1,1,0,0,0,0,0,1,-1,1,0,1,1,1,0,0,0,0,0,16,0,0,5,6,5,4,0,3,3,7,0,1,0,0,0,0,0,0,0,7,1,1,0,1,0,0,2,1,1,1,KRBKRNvK,DRAW,8/8/4n1K1/8/1R6/8/6r1/4k1B1 w - - 0 1
0,1,0,0,0,0,0,1,-1,1,0,1,1,1,0,0,0,0,0,16,0,0,4,6,7,5,3,5,1,21,28,0,0,0,0,0,0,0,0,7,1,1,0,0,0,0,3,4,2,0,KRBKRNvK,DRAW,6K1/8/8/7R/5k2/1n1r4/6B1/8 b - - 0 1
0,1,0,0,0,0,0,1,-1,1,0,1,1,1,0,0,0,0,0,16,0,0,4,6,4,2,5,2,2,23,28,0,0,0,0,0,0,0,0,7,1,1,0,0,0,0,2,1,0,0,KRBKRNvK,DRAW,n6B/1r6/2k5/6K1/8/7R/8/8 b - - 0 1
0,1,0,0,0,0,0,1,-1,1,0,1,1,1,0,0,0,0,0,16,0,0,3,3,5,6,5,1,3,21,32,0,0,0,0,0,0,0,0,7,1,1,0,0,0,0,2,2,0,1,KRBKRNvK,DRAW,8/8/3K2k1/5r1n/3B4/1R6/8/8 b - - 0 1
0,1,0,0,0,0,0,1,-1,1,0,1,1,1,0,0,0,0,0,16,0,0,2,5,4,7,6,1,5,18,27,0,0,0,0,0,0,0,0,7,1,1,0,0,0,0,3,0,0,0,KRBKRNvK,DRAW,B1R5/7k/8/n4K2/8/8/8/7r b - - 0 1
1,1,0,0,0,0,0,1,-1,1,0,1,1,1,0,0,0,0,0,16,0,0,6,0,6,6,2,5,3,28,16,0,0,0,0,0,0,0,0,7,1,1,0,0,0,0,1,0,0,0,KRBKRNvK,DRAW,8/K7/R7/8/3B4/6kr/6n1/8 w - - 0 1
0,1,0,0,0,0,0,1,-1,1,0,1,1,1,0,0,0,0,0,16,0,0,3,5,3,2,4,1,1,22,25,0,0,0,0,0,0,0,0,7,1,1,0,0,0,0,2,3,1,1,KRBKRNvK,DRAW,8/2n4B/8/2k1r3/5K2/1R6/8/8 b - - 0 1
1,1,0,0,0,0,0,1,-1,1,0,1,1,1,0,0,0,0,0,16,0,0,5,5,6,5,1,3,3,27,20,0,0,0,0,0,0,0,0,7,1,1,1,0,0,0,2,2,1,1,KRBKRNvK,DRAW,8/R4K2/8/7r/7n/8/5kB1/8 w - - 0 1
1,1,0,0,0,0,0,1,-1,1,0,1,1,1,0,0,0,0,0,16,0,0,7,4,0,0,7,3,6,23,18,0,0,0,0,0,0,0,0,7,1,1,1,0,0,0,1,1,0,1,KRBKRNvK,DRAW,k7/5R2/8/8/2n5/2r5/5B2/4K3 w - - 0 1
0,1,0,0,0,0,0,1,-1,1,0,1,1,1,0,0,0,0,0,16,0,0,3,0,3,0,0,3,6,3,0,1,0,0,0,0,0,0,0,7,1,1,0,0,0,0,0,0,1,1,KRBKRNvK,DRAW,3n4/8/1r6/8/K7/8/8/k1RB4 b - - 0 1
1,1,0,0,0,0,0,1,-1,1,0,1,1,1,0,0,0,0,0,16,0,0,7,1,7,1,0,5,5,4,0,1,0,0,0,0,0,0,0,7,1,1,0,0,0,0,2,0,0,1,KRBKRNvK,DRAW,1K5B/8/1r6/3R4/8/8/8/1k3n2 w - - 0 1
1,1,0,0,0,0,0,1,-1,1,0,1,1,1,0,0,0,0,0,16,0,0,6,3,0,2,6,3,3,25,22,0,0,0,0,0,0,0,0,7,1,1,0,0,0,0,0,0,0,0,KRBKRNvK,DRAW,8/2k5/8/4n3/6Br/5R2/8/3K4 w - - 0 1
1,1,0,0,0,0,0,1,-1,1,0,1,1,1,0,0,0,0,0,16,0,0,7,0,0,0,7,6,6,25,21,0,0,0,0,0,0,0,0,7,1,1,0,0,0,0,3,2,0,0,KRBKRNvK,DRAW,k7/8/1n6/7r/3R1B2/8/8/K7 w - - 0 1
0,1,0,0,0,0,0,1,-1,1,0,1,1,1,0,0,0,0,0,16,0,0,5,1,2,6,0,3,5,21,26,0,0,0,0,0,0,0,0,7,1,1,0,0,0,0,2,2,0,0,KRBKRNvK,DRAW,n2B4/8/8/2R5/7r/1K6/8/6k1 b - - 0 1
0,1,0,0,0,0,0,1,-1,1,0,1,1,1,0,0,0,0,0,16,0,0,7,0,2,7,3,4,3,24,26,0,0,0,0,0,0,0,0,7,1,1,0,0,0,0,1,2,0,1,KRBKRNvK,DRAW,8/5r2/8/2B5/7k/K1n5/8/6R1 b - - 0 1
0,1,0,0,0,0,0,1,-1,1,0,1,1,1,0,0,0,0,0,16,0,0,7,3,0,3,7,3,3,22,26,0,0,0,0,0,0,0,0,7,1,1,0,0,0,0,2,0,0,0,KRBKRNvK,DRAW,3k1n2/6r1/8/1R6/8/B7/8/3K4 b - - 0 1
0,1,0,0,0,0,0,1,-1,1,0,1,1,1,0,0,0,0,0,16,0,0,6,1,4,7,5,2,4,2,0,1,0,0,0,0,0,0,0,7,1,1,0,0,0,0,2,0,1,2,KRBKRNvK,DRAW,8/2r5/7k/1K6/n6R/4B3/8/8 b - - 0 1
1,1,0,0,0,0,0,1,-1,1,0,1,1,1,0,0,0,0,0,16,0,0,2,7,3,7,5,3,4,18,23,0,0,0,0,0,0,0,0,7,1,1,0,0,0,0,2,1,0,0,KRBKRNvK,DRAW,8/4n3/7k/8/1R5K/B7/8/5r2 w - - 0 1
1,1,0,0,0,0,0,1,-1,1,0,1,1,1,0,0,0,0,0,16,0,0,2,1,3,1,5,2,3,27,27,0,0,0,0,0,0,0,0,7,1,1,0,1,0,0,2,1,0,1,KRBKRNvK,DRAW,4R3/8/1k1n4/8/1K4B1/8/5r2/8 w - - 0 1
0,1,0,0,0,0,0,1,-1,1,0,1,1,1,0,0,0,0,0,16,0,0,5,1,6,4,1,4,2,7,0,1,0,0,0,0,0,0,0,7,1,1,0,0,0,0,1,2,0,1,KRBKRNvK,DRAW,8/1K6/8/3nB3/3r4/8/1R2k3/8 b - - 0 1
0,1,0,0,0,0,0,1,-1,1,0,1,1,1,0,0,0,0,0,16,0,0,5,7,6,2,6,5,3,16,22,0,0,0,0,0,0,0,0,7,1,1,0,1,0,0,0,1,0,0,KRBKRNvK,DRAW,8/2k4K/8/8/8/8/r1n1B3/2R5 b - - 0 1
0,1,0,0,0,0,0,1,-1,1,0,1,1,1,0,0,0,0,0,16,0,0,4,7,4,7,0,3,6,23,27,0,0,0,0,0,0,0,0,7,1,1,0,0,0,0,2,2,0,0,KRBKRNvK,DRAW,8/2n5/8/4R2K/2B5/3r4/8/7k b - - 0 1
0,1,0,0,0,0,0,1,-1,1,0,1,1,1,0,0,0,0,0,16,0,0,3,3,0,4,3,3,0,24,30,0,0,0,0,0,0,0,0,7,1,1,0,0,0,0,2,3,1,0,KRBKRNvK,DRAW,5n2/8/7R/6r1/4k3/2B5/8/3K4 b - - 0 1
0,1,0,0,0,0,0,1,-1,1,0,1,1,1,0,0,0,0,0,16,0,0,2,2,6,0,4,3,3,19,26,0,0,0,0,0,0,0,0,7,1,1,0,0,0,0,1,1,1,0,KRBKRNvK,DRAW,7r/2K2n2/1R6/k7/8/8/2B5/8 b - - 0 1
1,1,0,0,0,0,0,1,-1,1,0,1,1,1,0,0,0,0,0,16,0,0,5,6,2,3,7,3,3,5,0,1,0,0,0,0,0,0,0,7,1,1,1,0,0,0,0,2,0,1,KRBKRNvK,DRAW,3k4/7R/8/4n3/8/3r2KB/8/8 w - - 0 1
1,1,0,0,0,0,0,1,-1,1,0,1,1,1,0,0,0,0,0,16,0,0,2,4,2,5,0,1,4,5,0,1,0,0,0,0,0,0,0,7,1,1,0,0,0,0,2,2,0,1,KRBKRNvK,DRAW,4r3/8/8/8/1R5B/4K3/8/3n1k2 w - - 0 1
1,1,0,0,0,0,0,1,-1,1,0,1,1,1,0,0,0,0,0,16,0,0,5,4,6,4,1,2,2,24,22,0,0,0,0,0,0,0,0,7,1,1,0,0,0,0,0,2,1,0,KRBKRNvK,DRAW,8/4K3/8/1r6/n7/8/4k3/4B2R w - - 0 1
1,1,0,0,0,0,0,1,-1,1,0,1,1,1,0,0,0,0,0,16,0,0,6,6,0,6,6,5,4,18,25,0,0,0,0,0,0,0,0,7,1,1,0,1,0,0,1,0,0,0,KRBKRNvK,DRAW,2R5/2B3k1/8/8/3n4/8/2r5/6K1 w - - 0 1
0,1,0,0,0,0,0,1,-1,1,0,1,1,1,0,0,0,0,0,16,0,0,2,7,5,5,3,4,1,19,24,0,0,0,0,0,0,0,0,7,1,1,1,0,0,0,2,3,0,0,KRBKRNvK,DRAW,8/R7/7K/8/4rk2/8/6n1/B7 b - - 0 1
0,1,0,0,0,0,0,1,-1,1,0,1,1,1,0,0,0,0,0,16,0,0,6,6,0,7,6,5,5,4,0,1,0,0,0,0,0,0,0,7,1,1,1,0,0,0,0,2,0,1,KRBKRNvK,LOSS,8/2R4k/B7/1r6/8/8/8/6Kn b - - 0 1
1,1,0,0,0,0,0,1,-1,1,0,1,1,1,0,0,0,0,0,16,0,0,3,7,3,4,1,3,2,2,0,1,0,0,0,0,0,0,0,7,1,1,0,0,0,0,3,1,0,1,KRBKRNvK,DRAW,8/8/2B3n1/5R2/7K/8/4k3/6r1 w - - 0 1
1,1,0,0,0,0,0,1,-1,1,0,1,1,1,0,0,0,0,0,16,0,0,5,2,6,7,6,3,5,26,20,0,0,0,0,0,0,0,0,7,1,1,0,1,0,0,3,0,0,0,KRBKRNvK,DRAW,8/2K4k/8/4R3/5B2/8/1r6/1n6 w - - 0 1
1,1,0,0,0,0,0,1,-1,1,0,1,1,1,0,0,0,0,0,16,0,0,5,1,7,5,2,5,2,25,25,0,0,0,0,0,0,0,0,7,1,1,0,0,0,0,0,3,0,0,KRBKRNvK,DRAW,1K6/8/2R5/3r1n2/8/5k2/8/2B5 w - - 0 1
1,1,0,0,0,0,0,1,-1,1,0,1,1,1,0,0,0,0,0,16,0,0,6,1,6,6,0,4,5,25,19,0,0,0,0,0,0,0,0,7,1,1,0,0,0,0,2,0,0,0,KRBKRNvK,DRAW,3B4/1K6/3R4/8/8/8/7n/r5k1 w - - 0 1
1,1,0,0,0,0,0,1,-1,1,0,1,1,1,0,0,0,0,0,16,0,0,6,0,3,6,2,3,3,4,0,1,0,0,0,0,0,0,0,7,1,1,0,0,0,0,3,2,0,1,KRBKRNvK,DRAW,B7/8/r7/3R4/K7/5nk1/8/8 w - - 0 1
0,1,0,0,0,0,0,1,-1,1,0,1,1,1,0,0,0,0,0,16,0,0,3,2,7,1,4,4,2,25,24,0,0,0,0,0,0,0,0,7,1,1,0,0,0,0,0,0,0,0,KRBKRNvK,DRAW,2K5/7n/8/1k6/7B/r7/5R2/8 b - - 0 1
1,1,0,0,0,0,0,1,-1,1,0,1,1,1,0,0,0,0,0,16,0,0,3,4,6,1,3,2,2,24,21,0,0,0,0,0,0,0,0,7,1,1,0,0,0,0,1,0,1,1,KRBKRNvK,DRAW,7r/4K2B/2R5/4n3/1k6/8/8/8 w - - 0 1
1,1,0,0,0,0,0,1,-1,1,0,1,1,1,0,0,0,0,0,16,0,0,3,2,3,5,4,1,1,7,0,1,0,0,0,0,0,0,0,7,1,1,0,0,0,0,2,2,0,2,KRBKRNvK,DRAW,3B4/8/R3r3/4nk2/2K5/8/8/8 w - - 0 1
0,1,0,0,0,0,0,1,-1,1,0,1,1,1,0,0,0,0,0,16,0,0,6,0,5,6,6,4,4,4,0,1,0,0,0,0,0,0,0,7,1,1,0,1,0,0,1,0,0,1,KRBKRNvK,DRAW,R7/1n4k1/K7/8/3B4/8/7r/8 b - - 0 1
0,1,0,0,0,0,0,1,-1,1,0,1,1,1,0,0,0,0,0,16,0,0,3,1,4,3,1,2,2,23,23,0,0,0,0,0,0,0,0,7,1,1,0,0,0,0,0,1,1,0,KRBKRNvK,DRAW,8/4n3/8/1K6/B7/5R2/3k4/6r1 b - - 0 1
1,1,0,0,0,0,0,1,-1,1,0,1,1,1,0,0,0,0,0,16,0,0,6,0,7,4,1,6,2,2,0,1,0,0,0,0,0,0,0,7,1,1,0,0,0,0,2,0,0,1,KRBKRNvK,DRAW,K2R4/5B2/r7/8/8/8/4k3/n7 w - - 0 1
0,1,0,0,0,0,0,1,-1,1,0,1,1,1,0,0,0,0,0,16,0,0,2,4,6,5,4,2,1,22,26,0,0,0,0,0,0,0,0,7,1,1,0,0,0,0,1,2,0,1,KRBKRNvK,DRAW,8/4K3/n5r1/5k2/8/1BR5/8/8 b - - 0 1
0,1,0,0,0,0,0,1,-1,1,0,1,1,1,0,0,0,0,0,16,0,0,3,4,5,6,2,1,3,6,0,1,0,0,0,0,0,0,0,7,1,1,0,0,0,0,2,2,0,0,KRBKRNvK,DRAW,4B1R1/8/4K3/n7/7r/6k1/8/8 b - - 0 1
0,1,0,0,0,0,0,1,-1,1,0,1,1,1,0,0,0,0,0,16,0,0,2,1,3,0,5,2,4,2,0,1,0,0,0,0,0,0,0,7,1,1,0,0,0,0,1,2,1,1,KRBKRNvK,DRAW,R7/8/k7/4r3/1K1n4/1B6/8/8 b - - 0 1
0,1,0,0,0,0,0,1,-1,1,0,1,1,1,0,0,0,0,0,16,0,0,4,2,5,5,1,2,3,22,29,0,0,0,0,0,0,0,0,7,1,1,0,0,0,0,2,0,0,1,KRBKRNvK,DRAW,8/1n6/2K5/8/8/R7/2B2k2/6r1 b - - 0 1
0,1,0,0,0,0,0,1,-1,1,0,1,1,1,0,0,0,0,0,16,0,0,4,0,1,4,3,5,0,17,26,0,0,0,0,0,0,0,0,7,1,1,0,0,0,0,2,4,1,0,KRBKRNvK,DRAW,8/8/7n/2R5/B3kr2/8/K7/8 b - - 0 1
1,1,0,0,0,0,0,1,-1,1,0,1,1,1,0,0,0,0,0,16,0,0,4,7,6,3,3,5,0,4,0,1,0,0,0,0,0,0,0,7,1,1,0,0,0,0,0,4,0,1,KRBKRNvK,DRAW,8/7K/5n2/8/B2k1r2/8/8/1R6 w - - 0 1
0,1,0,0,0,0,0,1,-1,1,0,1,1,1,0,0,0,0,0,16,0,0,4,3,1,7,5,2,4,20,31,0,0,0,0,0,0,0,0,7,1,1,0,0,0,0,1,2,1,0,KRBKRNvK,DRAW,5R2/2B5/7k/n7/7r/8/3K4/8 b - - 0 1
0,1,0,0,0,0,0,1,-1,1,0,1,1,1,0,0,0,0,0,16,0,0,4,2,0,1,4,4,2,25,26,0,0,0,0,0,0,0,0,7,1,1,0,0,0,0,3,1,0,0,KRBKRNvK,DRAW,7B/8/1n4r1/1k6/8/4R3/8/2K5 b - - 0 1
0,1,0,0,0,0,0,1,-1,1,0,1,1,1,0,0,0,0,0,16,0,0,4,7,0,3,0,6,3,26,22,0,0,0,0,0,0,0,0,7,1,1,0,0,0,0,2,2,0,0,KRBKRNvK,DRAW,8/4B3/8/6r1/7R/4n3/8/3k3K b - - 0 1
0,1,0,0,0,0,0,1,-1,1,0,1,1,1,0,0,0,0,0,16,0,0,4,4,6,3,2,2,1,17,21,0,0,0,0,0,0,0,0,7,1,1,0,0,0,0,0,3,1,1,KRBKRNvK,DRAW,3n4/4K3/8/8/3r4/3k4/R2B4/8 b - - 0 1
1,1,0,0,0,0,0,1,-1,1,0,1,1,1,0,0,0,0,0,16,0,0,4,3,2,2,6,1,3,19,22,0,0,0,0,0,0,0,0,7,1,1,0,0,0,0,2,2,0,0,KRBKRNvK,DRAW,2n1r3/2k5/8/8/8/3K4/2B3R1/8 w - - 0 1
1,1,0,0,0,0,0,1,-1,1,0,1,1,1,0,0,0,0,0,16,0,0,4,7,1,5,5,5,2,25,25,0,0,0,0,0,0,0,0,7,1,1,0,0,0,0,1,1,0,0,KRBKRNvK,DRAW,2r5/5n2/5k2/8/8/1R1B4/7K/8 w - - 0 1
0,1,0,0,0,0,0,1,-1,1,0,1,1,1,0,0,0,0,0,16,0,0,2,6,5,6,7,3,5,22,26,0,0,0,0,0,0,0,0,7,1,1,0,0,0,0,0,1,0,0,KRBKRNvK,DRAW,6k1/r7/1n4K1/8/8/7B/2R5/8 b - - 0 1
0,1,0,0,0,0,0,1,-1,1,0,1,1,1,0,0,0,0,0,16,0,0,3,3,3,0,6,0,5,4,0,1,0,0,0,0,0,0,0,7,1,1,1,1,0,0,3,0,1,1,KRBKRNvK,DRAW,2B5/k4R2/8/8/3K4/8/2r5/3n4 b - - 0 1
1,1,0,0,0,0,0,1,-1,1,0,1,1,1,0,0,0,0,0,16,0,0,6,1,4,7,2,2,4,25,19,0,0,0,0,0,0,0,0,7,1,1,0,0,0,0,3,2,2,1,KRBKRNvK,DRAW,8/8/8/1K3R2/8/3r3k/1n3B2/8 w - - 0 1
0,1,0,0,0,0,0,1,-1,1,0,1,1,1,0,0,0,0,0,16,0,0,6,1,7,2,1,5,3,23,25,0,0,0,0,0,0,0,0,7,1,1,0,0,0,0,2,2,0,1,KRBKRNvK,DRAW,1K1n4/8/B7/3R4/5r2/8/2k5/8 b - - 0 1
1,1,0,0,0,0,0,1,-1,1,0,1,1,1,0,0,0,0,0,16,0,0,2,5,1,4,3,3,0,28,21,0,0,0,0,0,0,0,0,7,1,1,0,0,0,0,2,3,1,0,KRBKRNvK,DRAW,8/2r5/8/1n6/4k1B1/8/5K2/3R4 w - - 0 1
0,1,0,0,0,0,0,1,-1,1,0,1,1,1,0,0,0,0,0,16,0,0,4,6,3,4,7,2,3,4,0,1,0,0,0,0,0,0,0,7,1,1,0,0,0,0,1,0,0,0,KRBKRNvK,DRAW,R3kr2/8/n7/8/6K1/6B1/8/8 b - - 0 1
1,1,0,0,0,0,0,1,-1,1,0,1,1,1,0,0,0,0,0,16,0,0,5,2,7,7,2,4,4,29,23,0,0,0,0,0,0,0,0,7,1,1,0,0,0,0,2,1,0,0,KRBKRNvK,DRAW,2K5/8/4R3/3B4/8/7k/3n4/5r2 w - - 0 1
1,1,0,0,0,0,0,1,-1,1,0,1,1,1,0,0,0,0,0,16,0,0,5,4,7,4,2,3,1,28,21,0,0,0,0,0,0,0,0,7,1,1,0,0,0,0,1,4,0,0,KRBKRNvK,DRAW,4K3/8/5R2/6r1/8/1B2k3/8/7n w - - 0 1
0,1,0,0,0,0,0,1,-1,1,0,1,1,1,0,0,0,0,0,16,0,0,2,4,5,5,3,1,1,5,0,1,0,0,0,0,0,0,0,7,1,1,0,0,0,0,3,2,1,0,KRBKRNvK,LOSS,n7/8/1R2K3/4B3/5k2/1r6/8/8 b - - 0 1
1,1,0,0,0,0,0,1,-1,1,0,1,1,1,0,0,0,0,0,16,0,0,2,7,6,6,4,5,2,28,20,0,0,0,0,0,0,0,0,7,1,1,0,1,0,0,3,0,1,0,KRBKRNvK,DRAW,8/7K/2B5/6k1/5R2/8/r7/4n3 w - - 0 1
0,1,0,0,0,0,0,1,-1,1,0,1,1,1,0,0,0,0,0,16,0,0,2,7,5,7,3,4,3,23,24,0,0,0,0,0,0,0,0,7,1,1,0,0,0,0,0,1,0,0,KRBKRNvK,DRAW,2B5/8/7K/2n5/7k/5r2/1R6/8 b - - 0 1
0,1,0,0,0,0,0,1,-1,1,0,1,1,1,0,0,0,0,0,16,0,0,6,7,0,1,4,6,2,24,22,0,0,0,0,0,0,0,0,7,1,1,0,0,0,0,0,3,0,0,KRBKRNvK,DRAW,3B4/8/8/1k6/5rn1/7R/8/7K b - - 0 1
0,1,0,0,0,0,0,1,-1,1,0,1,1,1,0,0,0,0,0,16,0,0,7,7,5,0,5,4,4,15,19,0,0,0,0,0,0,0,0,7,1,1,0,0,0,0,0,3,0,0,KRBKRNvK,DRAW,8/8/k1n3RK/r7/8/8/8/2B5 b - - 0 1
1,1,0,0,0,0,0,1,-1,1,0,1,1,1,0,0,0,0,0,16,0,0,3,3,4,0,5,0,4,23,20,0,0,0,0,0,0,0,0,7,1,1,1,0,0,0,3,0,0,0,KRBKRNvK,DRAW,2n5/5R2/k7/3K3B/8/8/8/2r5 w - - 0 1
0,1,0,0,0,0,0,1,-1,1,0,1,1,1,0,0,0,0,0,16,0,0,4,4,7,5,3,3,1,28,25,0,0,0,0,0,0,0,0,7,1,1,0,0,0,0,1,2,1,0,KRBKRNvK,DRAW,R3K3/8/8/3B4/2n2k2/1r6/8/8 b - - 0 1
0,1,0,0,0,0,0,1,-1,1,0,1,1,1,0,0,0,0,0,16,0,0,5,7,0,2,1,6,3,23,28,0,0,0,0,0,0,0,0,7,1,1,0,0,0,0,3,2,0,0,KRBKRNvK,DRAW,8/8/5B2/1R6/2n1r3/8/2k5/7K b - - 0 1
0,1,0,0,0,0,0,1,-1,1,0,1,1,1,0,0,0,0,0,16,0,0,4,2,5,1,1,2,4,21,22,0,0,0,0,0,0,0,0,7,1,1,0,0,0,0,3,2,1,1,KRBKRNvK,DRAW,3r4/8/2K5/8/2R5/8/1k4B1/7n b - - 0 1
0,1,0,0,0,0,0,1,-1,1,0,1,1,1,0,0,0,0,0,16,0,0,2,6,4,4,4,2,0,4,0,1,0,0,0,0,0,0,0,7,1,1,0,0,0,0,1,3,1,0,KRBKRNvK,LOSS,2R4r/8/8/4k1K1/5B2/8/8/2n5 b - - 0 1
0,1,0,0,0,0,0,1,-1,1,0,1,1,1,0,0,0,0,0,16,0,0,6,4,6,5,0,2,4,20,14,0,0,0,0,0,0,0,0,7,1,1,0,0,0,0,0,2,0,1,KRBKRNvK,DRAW,5BR1/4K3/8/3r4/8/8/n7/5k2 b - - 0 1
0,1,0,0,0,0,0,1,-1,1,0,1,1,1,0,0,0,0,0,16,0,0,4,3,7,4,3,3,0,24,19,0,0,0,0,0,0,0,0,7,1,1,0,1,0,0,0,3,0,0,KRBKRNvK,DRAW,3K3R/8/8/B7/4k3/8/2r1n3/8 b - - 0 1
1,1,0,0,0,0,0,1,-1,1,0,1,1,1,0,0,0,0,0,16,0,0,3,4,1,3,4,2,0,6,0,1,0,0,0,0,0,0,0,7,1,1,0,1,0,0,2,3,1,0,KRBKRNvK,DRAW,4n3/8/8/3k4/5R2/8/r3K2B/8 w - - 0 1
1,1,0,0,0,0,0,1,-1,1,0,1,1,1,0,0,0,0,0,16,0,0,7,0,1,7,7,5,6,30,18,0,0,0,0,0,0,0,0,7,1,1,1,0,0,0,1,2,0,0,KRBKRNvK,DRAW,7k/R7/8/8/3rB3/8/K4n2/8 w - - 0 1
1,1,0,0,0,0,0,1,-1,1,0,1,1,1,0,0,0,0,0,16,0,0,6,7,6,3,0,5,3,4,0,1,0,0,0,0,0,0,0,7,1,1,0,1,0,0,1,2,0,1,KRBKRNvK,DRAW,8/7K/4Bn2/8/8/R7/2r5/3k4 w - - 0 1
1,1,0,0,0,0,0,1,-1,1,0,1,1,1,0,0,0,0,0,16,0,0,6,7,2,1,1,4,4,6,0,1,0,0,0,0,0,0,0,7,1,1,0,0,0,0,3,2,0,0,KRBKRNvK,DRAW,8/7n/8/2B3R1/8/3r3K/1k6/8 w - - 0 1
1,1,0,0,0,0,0,1,-1,1,0,1,1,1,0,0,0,0,0,16,0,0,2,1,2,3,3,3,0,18,22,0,0,0,0,0,0,0,0,7,1,1,0,0,0,0,0,3,0,1,KRBKRNvK,DRAW,8/8/6n1/8/3k4/1K6/8/r2B1R2 w - - 0 1
1,1,0,0,0,0,0,1,-1,1,0,1,1,1,0,0,0,0,0,16,0,0,6,5,7,4,1,4,2,22,20,0,0,0,0,0,0,0,0,7,1,1,0,0,0,0,3,0,1,1,KRBKRNvK,DRAW,5K1B/7r/8/8/5R2/8/4k3/7n w - - 0 1
0,1,0,0,0,0,0,1,-1,1,0,1,1,1,0,0,0,0,0,16,0,0,3,2,5,5,4,2,1,6,0,1,0,0,0,0,0,0,0,7,1,1,0,0,0,0,1,3,0,2,KRBKRNvK,DRAW,8/8/2K5/1n3k2/4r3/8/5R2/5B2 b - - 0 1
0,1,0,0,0,0,0,1,-1,1,0,1,1,1,0,0,0,0,0,16,0,0,4,0,6,2,2,5,2,8,0,1,0,0,0,0,0,0,0,7,1,1,0,0,0,0,1,1,0,0,KRBKRNvK,DRAW,1B6/K7/8/4n3/8/2k3R1/8/7r b - - 0 1
0,1,0,0,0,0,0,1,-1,1,0,1,1,1,0,0,0,0,0,16,0,0,5,1,4,6,2,2,3,23,24,0,0,0,0,0,0,0,0,7,1,1,1,0,0,0,1,1,1,2,KRBKRNvK,DRAW,8/2R5/8/1K6/8/r2n2k1/8/6B1 b - - 0 1
0,1,0,0,0,0,0,1,-1,1,0,1,1,1,0,0,0,0,0,16,0,0,2,5,6,5,4,3,1,19,29,0,0,0,0,0,0,0,0,7,1,1,0,0,0,0,3,2,1,0,KRBKRNvK,DRAW,n2R4/5K2/5B2/5k2/8/8/8/1r6 b - - 0 1
0,1,0,0,0,0,0,1,-1,1,0,1,1,1,0,0,0,0,0,16,0,0,3,1,4,3,1,2,2,18,16,0,0,0,0,0,0,0,0,7,1,1,0,1,0,0,2,0,1,0,KRBKRNvK,DRAW,8/8/8/BK6/1R6/8/2rk4/7n b - - 0 1
0,1,0,0,0,0,0,1,-1,1,0,1,1,1,0,0,0,0,0,16,0,0,6,1,2,7,3,3,3,1,0,1,0,0,0,0,0,0,0,7,1,1,0,0,0,0,1,2,0,0,KRBKRNvK,DRAW,8/n1B5/8/8/6rk/1K6/8/7R b - - 0 1
0,1,0,0,0,0,0,1,-1,1,0,1,1,1,0,0,0,0,0,16,0,0,5,7,7,4,2,6,1,4,0,1,0,0,0,0,0,0,0,7,1,1,0,0,0,0,1,3,0,0,KRBKRNvK,DRAW,7K/B7/8/8/7n/3rk3/1R6/8 b - - 0 1
0,1,0,0,0,0,0,1,-1,1,0,1,1,1,0,0,0,0,0,16,0,0,4,3,5,7,6,1,5,19,30,0,0,0,0,0,0,0,0,7,1,1,0,0,0,0,3,2,0,0,KRBKRNvK,DRAW,7n/7k/3K4/8/r7/2B2R2/8/8 b - - 0 1
0,1,0,0,0,0,0,1,-1,1,0,1,1,1,0,0,0,0,0,16,0,0,2,1,2,2,0,3,4,23,19,0,0,0,0,0,0,0,0,7,1,1,0,0,0,0,1,1,1,0,KRBKRNvK,DRAW,6r1/8/8/8/8/RK6/5n1B/2k5 b - - 0 1
0,1,0,0,0,0,0,1,-1,1,0,1,1,1,0,0,0,0,0,16,0,0,7,1,0,4,7,5,3,4,0,1,0,0,0,0,0,0,0,7,1,1,0,0,0,0,3,1,1,0,KRBKRNvK,LOSS,4k3/8/6B1/6R1/8/4n1r1/8/1K6 b - - 0 1
1,1,0,0,0,0,0,1,-1,1,0,1,1,1,0,0,0,0,0,16,0,0,5,5,0,2,5,4,2,23,22,0,0,0,0,0,0,0,0,7,1,1,0,0,0,0,2,2,1,0,KRBKRNvK,DRAW,8/1r6/2k3n1/8/1B6/8/8/4RK2 w - - 0 1
0,1,0,0,0,0,0,1,-1,1,0,1,1,1,0,0,0,0,0,16,0,0,7,0,6,7,5,5,4,27,29,0,0,0,0,0,0,0,0,7,1,1,0,0,0,0,1,1,0,0,KRBKRNvK,DRAW,8/K7/7k/3B4/2n5/6r1/8/1R6 b - - 0 1
0,1,0,0,0,0,0,1,-1,1,0,1,1,1,0,0,0,0,0,16,0,0,7,0,0,7,1,6,5,22,23,0,0,0,0,0,0,0,0,7,1,1,0,0,0,0,2,1,1,0,KRBKRNvK,DRAW,8/1r6/8/6n1/8/8/5B1k/K2R4 b - - 0 1
0,1,0,0,0,0,0,1,-1,1,0,1,1,1,0,0,0,0,0,16,0,0,5,2,3,7,3,1,3,22,23,0,0,0,0,0,0,0,0,7,1,1,0,0,0,0,3,2,2,0,KRBKRNvK,DRAW,3r4/2n5/8/8/2K2B1k/5R2/8/8 b - - 0 1
1,1,0,0,0,0,0,1,-1,1,0,1,1,1,0,0,0,0,0,16,0,0,3,7,6,4,4,5,0,28,19,0,0,0,0,0,0,0,0,7,1,1,0,0,0,0,1,3,1,0,KRBKRNvK,DRAW,8/7K/2R5/4k3/1r6/1B6/7n/8 w - - 0 1
0,1,0,0,0,0,0,1,-1,1,0,1,1,1,0,0,0,0,0,16,0,0,2,5,6,3,4,3,0,23,15,0,0,0,0,0,0,0,0,7,1,1,1,0,0,0,2,4,1,1,KRBKRNvK,DRAW,5B2/4RK2/1r3n2/3k4/8/8/8/8 b - - 0 1
0,1,0,0,0,0,0,1,-1,1,0,1,1,1,0,0,0,0,0,16,0,0,6,7,2,1,0,4,5,22,17,0,0,0,0,0,0,0,0,7,1,1,0,0,0,0,1,2,1,0,KRBKRNvK,WIN,8/8/4r3/8/4n3/7K/8/1k1BR3 b - - 0 1
1,1,0,0,0,0,0,1,-1,1,0,1,1,1,0,0,0,0,0,16,0,0,7,5,7,3,0,4,3,6,0,1,0,0,0,0,0,0,0,7,1,1,0,1,0,0,2,0,0,0,KRBKRNvK,DRAW,3B1K2/8/8/8/4R3/8/5r2/1n1k4 w - - 0 1
0,1,0,0,0,0,0,1,-1,1,0,1,1,1,0,0,0,0,0,16,0,0,7,7,1,0,3,5,3,5,0,1,0,0,0,0,0,0,0,7,1,1,0,0,0,0,3,0,0,0,KRBKRNvK,DRAW,4n2B/8/8/8/k6R/8/7K/2r5 b - - 0 1
0,1,0,0,0,0,0,1,-1,1,0,1,1,1,0,0,0,0,0,16,0,0,6,1,1,7,1,4,5,3,0,1,0,0,0,0,0,0,0,7,1,1,0,0,0,0,2,1,0,0,KRBKRNvK,DRAW,6B1/8/8/7R/4n3/8/1K5k/4r3 b - - 0 1
1,1,0,0,0,0,0,1,-1,1,0,1,1,1,0,0,0,0,0,16,0,0,4,1,4,3,0,2,3,33,23,0,0,0,0,0,0,0,0,7,1,1,0,0,0,0,1,1,0,1,KRBKRNvK,DRAW,8/8/6R1/1K1nBr2/8/8/8/3k4 w - - 0 1
0,1,0,0,0,0,0,1,-1,1,0,1,1,1,0,0,0,0,0,16,0,0,6,4,0,5,6,3,3,24,18,0,0,0,0,0,0,0,0,7,1,1,0,0,0,0,0,2,0,0,KRBKRNvK,DRAW,8/5k2/8/8/5r2/1R6/1n5B/4K3 b - - 0 1
1,1,0,0,0,0,0,1,-1,1,0,1,1,1,0,0,0,0,0,16,0,0,6,6,0,0,0,5,6,18,18,0,0,0,0,0,0,0,0,7,1,1,0,0,0,0,1,2,0,0,KRBKRNvK,DRAW,5R2/5B2/8/8/5r1n/8/8/k5K1 w - - 0 1
0,1,0,0,0,0,0,1,-1,1,0,1,1,1,0,0,0,0,0,16,0,0,5,7,6,5,1,5,3,21,28,0,0,0,0,0,0,0,0,7,1,1,0,0,0,0,1,2,0,0,KRBKRNvK,DRAW,8/7K/8/4B3/3r3n/8/5k2/R7 b - - 0 1
1,1,0,0,0,0,0,1,-1,1,0,1,1,1,0,0,0,0,0,16,0,0,4,4,5,0,4,1,3,27,22,0,0,0,0,0,0,0,0,7,1,1,1,0,0,0,3,2,0,0,KRBKRNvK,DRAW,1n6/5R2/4K3/k7/7r/8/8/1B6 w - - 0 1
1,1,0,0,0,0,0,1,-1,1,0,1,1,1,0,0,0,0,0,16,0,0,3,3,6,0,4,2,3,6,0,1,0,0,0,0,0,0,0,7,1,1,1,0,0,0,3,1,0,2,KRBKRNvK,DRAW,8/3KRr2/8/k1n5/8/8/8/7B w - - 0 1
0,1,0,0,0,0,0,1,-1,1,0,1,1,1,0,0,0,0,0,16,0,0,4,3,4,1,0,0,5,3,0,1,0,0,0,0,0,0,0,7,1,1,1,0,0,0,3,1,0,0,KRBKRNvK,DRAW,8/1R5n/8/3KB2r/8/8/8/1k6 b - - 0 1
1,1,0,0,0,0,0,1,-1,1,0,1,1,1,0,0,0,0,0,16,0,0,3,6,3,6,6,2,4,23,22,0,0,0,0,0,0,0,0,7,1,1,0,0,0,0,1,0,0,0,KRBKRNvK,WIN,7r/6k1/1R6/8/6K1/8/8/5nB1 w - - 0 1
0,1,0,0,0,0,0,1,-1,1,0,1,1,1,0,0,0,0,0,16,0,0,6,6,2,0,7,3,6,19,21,0,0,0,0,0,0,0,0,7,1,1,0,0,0,0,1,0,0,0,KRBKRNvK,DRAW,kn6/2r5/8/8/5B2/6KR/8/8 b - - 0 1
1,1,0,0,0,0,0,1,-1,1,0,1,1,1,0,0,0,0,0,16,0,0,3,7,0,4,3,6,0,23,20,0,0,0,0,0,0,0,0,7,1,1,0,0,0,0,0,3,2,0,KRBKRNvK,DRAW,6n1/3r4/8/8/4k3/5R2/4B3/7K w - - 0 1
0,1,0,0,0,0,0,1,-1,1,0,1,1,1,0,0,0,0,0,16,0,0,3,4,2,4,5,1,1,20,23,0,0,0,0,0,0,0,0,7,1,1,0,0,0,0,2,2,1,0,KRBKRNvK,DRAW,5R2/2r1n3/4k3/8/8/4K3/5B2/8 b - - 0 1
1,1,0,0,0,0,0,1,-1,1,0,1,1,1,0,0,0,0,0,16,0,0,3,4,0,1,1,3,4,28,22,0,0,0,0,0,0,0,0,7,1,1,0,0,0,0,2,2,0,1,KRBKRNvK,DRAW,8/6n1/4B3/R7/8/3r4/1k6/4K3 w - - 0 1
1,1,0,0,0,0,0,1,-1,1,0,1,1,1,0,0,0,0,0,16,0,0,4,1,3,5,0,2,4,23,26,0,0,0,0,0,0,0,0,7,1,1,0,1,0,0,2,0,1,1,KRBKRNvK,DRAW,3R4/8/8/4n3/1K6/8/r7/4Bk2 w - - 0 1
1,1,0,0,0,0,0,1,-1,1,0,1,1,1,0,0,0,0,0,16,0,0,3,1,5,0,2,3,4,26,22,0,0,0,0,0,0,0,0,7,1,1,0,0,0,0,3,3,0,1,KRBKRNvK,DRAW,8/6B1/1K2R3/2n3r1/8/k7/8/8 w - - 0 1
1,1,0,0,0,0,0,1,-1,1,0,1,1,1,0,0,0,0,0,16,0,0,6,2,1,5,7,3,4,4,0,1,0,0,0,0,0,0,0,7,1,1,1,0,0,0,2,0,0,1,KRBKRNvK,DRAW,5k2/2R5/8/8/8/n5r1/2K5/7B w - - 0 1
0,1,0,0,0,0,0,1,-1,1,0,1,1,1,0,0,0,0,0,16,0,0,3,4,5,7,5,1,4,22,24,0,0,0,0,0,0,0,0,7,1,1,0,0,0,0,3,0,0,0,KRBKRNvK,DRAW,8/8/3RK2k/7n/2B5/8/8/6r1 b - - 0 1
1,1,0,0,0,0,0,1,-1,1,0,1,1,1,0,0,0,0,0,16,0,0,6,2,0,4,6,4,2,27,23,0,0,0,0,0,0,0,0,7,1,1,0,0,0,0,2,2,0,0,KRBKRNvK,DRAW,8/4k3/n7/r7/8/1R3B2/8/2K5 w - - 0 1
0,1,0,0,0,0,0,1,-1,1,0,1,1,1,0,0,0,0,0,16,0,0,2,6,4,6,6,2,4,24,21,0,0,0,0,0,0,0,0,7,1,1,0,0,0,0,0,1,1,1,KRBKRNvK,DRAW,R3B3/4n1k1/8/6K1/8/8/8/1r6 b - - 0 1
0,1,0,0,0,0,0,1,-1,1,0,1,1,1,0,0,0,0,0,16,0,0,3,3,4,3,7,0,3,21,34,0,0,0,0,0,0,0,0,7,1,1,0,1,0,0,3,0,1,0,KRBKRNvK,DRAW,3k2n1/8/1R6/3KB3/8/8/7r/8 b - - 0 1
1,1,0,0,0,0,0,1,-1,1,0,1,1,1,0,0,0,0,0,16,0,0,4,2,6,2,2,3,2,22,25,0,0,0,0,0,0,0,0,7,1,1,1,0,0,0,1,1,0,0,KRBKRNvK,DRAW,5r2/2K4R/8/5n2/8/2k3B1/8/8 w - - 0 1
0,1,0,0,0,0,0,1,-1,1,0,1,1,1,0,0,0,0,0,16,0,0,2,4,4,6,3,0,2,21,24,0,0,0,0,0,0,0,0,7,1,1,0,0,0,0,4,0,1,0,KRBKRNvK,DRAW,8/8/8/R3K2n/6k1/8/6B1/2r5 b - - 0 1
1,1,0,0,0,0,0,1,-1,1,0,1,1,1,0,0,0,0,0,16,0,0,7,7,6,0,3,5,3,3,0,1,0,0,0,0,0,0,0,7,1,1,0,0,0,0,2,1,1,0,KRBKRNvK,DRAW,3R4/7K/8/1n6/k1B5/8/8/7r w - - 0 1
0,1,0,0,0,0,0,1,-1,1,0,1,1,1,0,0,0,0,0,16,0,0,2,4,3,3,5,0,1,21,26,0,0,0,0,0,0,0,0,7,1,1,0,0,0,0,3,2,1,1,KRBKRNvK,DRAW,2B5/8/r2k4/8/4K3/3n4/7R/8 b - - 0 1
1,1,0,0,0,0,0,1,-1,1,0,1,1,1,0,0,0,0,0,16,0,0,2,0,2,2,2,4,2,25,22,0,0,0,0,0,0,0,0,7,1,1,0,0,0,0,3,1,1,1,KRBKRNvK,DRAW,8/8/8/8/8/Knk3B1/3R4/7r w - - 0 1
1,1,0,0,0,0,0,1,-1,1,0,1,1,1,0,0,0,0,0,16,0,0,4,1,4,5,6,2,3,20,25,0,0,0,0,0,0,0,0,7,1,1,0,0,0,0,0,2,0,1,KRBKRNvK,DRAW,8/5k2/8/1K6/B7/3r4/1R6/2n5 w - - 0 1
0,1,0,0,0,0,0,1,-1,1,0,1,1,1,0,0,0,0,0,16,0,0,6,1,7,3,1,5,2,8,0,1,0,0,0,0,0,0,0,7,1,1,0,0,0,0,2,3,0,0,KRBKRNvK,DRAW,1K6/8/8/3R4/r5B1/5n2/3k4/8 b - - 0 1
0,1,0,0,0,0,0,1,-1,1,0,1,1,1,0,0,0,0,0,16,0,0,4,2,5,4,1,2,2,5,0,1,0,0,0,0,0,0,0,7,1,1,0,0,0,0,1,2,0,0,KRBKRNvK,DRAW,8/8/B1K5/5n2/6r1/7R/4k3/8 b - - 0 1
1,1,0,0,0,0,0,1,-1,1,0,1,1,1,0,0,0,0,0,16,0,0,6,1,0,2,6,5,3,3,0,1,0,0,0,0,0,0,0,7,1,1,0,0,0,0,3,2,1,1,KRBKRNvK,DRAW,8/1Bk1n3/8/8/7R/8/8/1K1r4 w - - 0 1
1,1,0,0,0,0,0,1,-1,1,0,1,1,1,0,0,0,0,0,16,0,0,5,4,6,2,1,2,3,21,19,0,0,0,0,0,0,0,0,7,1,1,1,0,0,0,0,1,0,0,KRBKRNvK,DRAW,8/4K2R/8/8/8/7B/2kn4/2r5 w - - 0 1
1,1,0,0,0,0,0,1,-1,1,0,1,1,1,0,0,0,0,0,16,0,0,5,5,7,4,2,4,1,21,21,0,0,0,0,0,0,0,0,7,1,1,0,1,0,0,0,2,0,0,KRBKRNvK,DRAW,R2B1K2/8/8/8/8/4k3/1rn5/8 w - - 0 1
1,1,0,0,0,0,0,1,-1,1,0,1,1,1,0,0,0,0,0,16,0,0,6,1,0,6,6,5,4,25,19,0,0,0,0,0,0,0,0,7,1,1,0,0,0,0,2,0,0,0,KRBKRNvK,DRAW,7n/6k1/6r1/8/8/8/3R4/1K1B4 w - - 0 1
1,1,0,0,0,0,0,1,-1,1,0,1,1,1,0,0,0,0,0,16,0,0,2,7,4,7,2,3,4,24,20,0,0,0,0,0,0,0,0,7,1,1,1,1,0,0,2,3,0,0,KRBKRNvK,DRAW,8/1R6/8/7K/8/7k/2n1r3/B7 w - - 0 1
0,1,0,0,0,0,0,1,-1,1,0,1,1,1,0,0,0,0,0,16,0,0,7,0,4,7,4,3,3,2,0,1,0,0,0,0,0,0,0,7,1,1,0,0,0,0,1,0,1,0,KRBKRNvK,DRAW,8/6n1/6r1/K6k/8/3B3R/8/8 b - - 0 1
0,1,0,0,0,0,0,1,-1,1,0,1,1,1,0,0,0,0,0,16,0,0,3,0,4,3,1,3,2,6,0,1,0,0,0,0,0,0,0,7,1,1,0,0,0,0,1,0,1,0,KRBKRNvK,DRAW,6B1/8/8/K7/7n/8/3k1R2/1r6 b - - 0 1
0,1,0,0,0,0,0,1,-1,1,0,1,1,1,0,0,0,0,0,16,0,0,6,4,7,7,1,3,5,23,28,0,0,0,0,0,0,0,0,7,1,1,0,1,0,0,1,1,0,0,KRBKRNvK,DRAW,4K3/8/2R5/8/4B3/1n6/6rk/8 b - - 0 1
1,1,0,0,0,0,0,1,-1,1,0,1,1,1,0,0,0,0,0,16,0,0,2,5,3,3,1,1,2,28,20,0,0,0,0,0,0,0,0,7,1,1,0,0,0,0,3,2,2,1,KRBKRNvK,DRAW,1n6/8/4r3/8/5K2/2R5/3k1B2/8 w - - 0 1
0,1,0,0,0,0,0,1,-1,1,0,1,1,1,0,0,0,0,0,16,0,0,3,7,1,7,4,5,3,27,22,0,0,0,0,0,0,0,0,7,1,1,1,0,0,0,1,0,0,0,KRBKRNvK,DRAW,8/4R3/5r2/B3n2k/8/8/7K/8 b - - 0 1
1,1,0,0,0,0,0,1,-1,1,0,1,1,1,0,0,0,0,0,16,0,0,6,3,1,0,7,2,6,26,19,0,0,0,0,0,0,0,0,7,1,1,0,0,0,0,1,0,0,0,KRBKRNvK,DRAW,k7/2r5/4B3/8/8/8/3K2R1/7n w - - 0 1
1,1,0,0,0,0,0,1,-1,1,0,1,1,1,0,0,0,0,0,16,0,0,2,4,1,5,3,2,1,20,17,0,0,0,0,0,0,0,0,7,1,1,0,0,0,0,2,3,1,1,KRBKRNvK,DRAW,3B4/8/8/5r2/5k2/8/3RK1n1/8 w - - 0 1
0,1,0,0,0,0,0,1,-1,1,0,1,1,1,0,0,0,0,0,16,0,0,2,4,3,3,5,0,1,4,0,1,0,0,0,0,0,0,0,7,1,1,0,0,0,0,4,2,0,0,KRBKRNvK,DRAW,7r/7B/3k3R/8/4K3/8/8/6n1 b - - 0 1
1,1,0,0,0,0,0,1,-1,1,0,1,1,1,0,0,0,0,0,16,0,0,3,2,3,5,5,1,2,28,23,0,0,0,0,0,0,0,0,7,1,1,0,0,0,0,3,2,0,1,KRBKRNvK,DRAW,R7/2B5/5k2/8/2K5/4r3/8/7n w - - 0 1
1,1,0,0,0,0,0,1,-1,1,0,1,1,1,0,0,0,0,0,16,0,0,5,5,5,0,1,2,5,29,16,0,0,0,0,0,0,0,0,7,1,1,0,1,0,0,2,1,0,0,KRBKRNvK,DRAW,8/8/2R2K2/8/4B3/8/k3rn2/8 w - - 0 1
0,1,0,0,0,0,0,1,-1,1,0,1,1,1,0,0,0,0,0,16,0,0,2,2,6,0,7,3,6,20,24,0,0,0,0,0,0,0,0,7,1,1,0,0,0,0,3,3,0,0,KRBKRNvK,DRAW,k7/2K5/6n1/2R5/5r2/8/2B5/8 b - - 0 1
1,1,0,0,0,0,0,1,-1,1,0,1,1,1,0,0,0,0,0,16,0,0,2,4,3,6,5,0,3,4,0,1,0,0,0,0,0,0,0,7,1,1,0,0,0,0,3,2,0,1,KRBKRNvK,DRAW,R7/8/5nk1/8/1B2K3/8/8/4r3 w - - 0 1
1,1,0,0,0,0,0,1,-1,1,0,1,1,1,0,0,0,0,0,16,0,0,5,7,5,6,0,4,5,5,0,1,0,0,0,0,0,0,0,7,1,1,0,0,0,0,2,0,1,0,KRBKRNvK,LOSS,8/8/7K/8/1R6/8/n3B3/6kr w - - 0 1
0,1,0,0,0,0,0,1,-1,1,0,1,1,1,0,0,0,0,0,16,0,0,6,3,1,6,7,2,5,6,0,1,0,0,0,0,0,0,0,7,1,1,0,0,0,0,1,2,0,0,KRBKRNvK,LOSS,6k1/4n3/8/4r3/3B4/8/3K2R1/8 b - - 0 1
0,1,0,0,0,0,0,1,-1,1,0,1,1,1,0,0,0,0,0,16,0,0,6,3,0,7,6,3,5,19,26,0,0,0,0,0,0,0,0,7,1,1,0,1,0,0,1,1,1,2,KRBKRNvK,DRAW,8/7k/5R2/8/8/4B3/1r2n3/3K4 b - - 0 1
0,1,0,0,0,0,0,1,-1,1,0,1,1,1,0,0,0,0,0,16,0,0,4,7,7,5,3,6,1,3,0,1,0,0,0,0,0,0,0,7,1,1,0,0,0,0,0,3,1,0,KRBKRNvK,DRAW,7K/8/8/8/4rk2/R5B1/8/n7 b - - 0 1
0,1,0,0,0,0,0,1,-1,1,0,1,1,1,0,0,0,0,0,16,0,0,2,6,0,7,2,5,4,20,25,0,0,0,0,0,0,0,0,7,1,1,0,0,0,0,0,0,0,0,KRBKRNvK,DRAW,7r/8/6R1/8/1B1n4/7k/8/6K1 b - - 0 1
0,1,0,0,0,0,0,1,-1,1,0,1,1,1,0,0,0,0,0,16,0,0,4,3,0,2,4,3,1,5,0,1,0,0,0,0,0,0,0,7,1,1,0,0,0,0,2,4,2,1,KRBKRNvK,DRAW,8/4B3/8/2knR3/8/4r3/8/3K4 b - - 0 1
0,1,0,0,0,0,0,1,-1,1,0,1,1,1,0,0,0,0,0,16,0,0,6,1,1,7,1,4,5,5,0,1,0,0,0,0,0,0,0,7,1,1,0,0,0,0,3,2,0,0,KRBKRNvK,DRAW,3n4/8/5B2/5r2/8/8/1K2R2k/8 b - - 0 1
1,1,0,0,0,0,0,1,-1,1,0,1,1,1,0,0,0,0,0,16,0,0,5,2,2,2,7,2,4,7,0,1,0,0,0,0,0,0,0,7,1,1,0,0,0,0,3,1,0,0,KRBKRNvK,DRAW,2k5/8/6n1/8/R7/2K4r/7B/8 w - - 0 1
1,1,0,0,0,0,0,1,-1,1,0,1,1,1,0,0,0,0,0,16,0,0,3,4,7,1,7,3,5,3,0,1,0,0,0,0,0,0,0,7,1,1,0,0,0,0,2,1,0,1,KRBKRNvK,LOSS,1k2K2r/2n5/8/8/8/8/7R/7B w - - 0 1
1,1,0,0,0,0,0,1,-1,1,0,1,1,1,0,0,0,0,0,16,0,0,2,3,6,5,5,2,2,6,0,1,0,0,0,0,0,0,0,7,1,1,0,0,0,0,2,1,1,0,KRBKRNvK,DRAW,7n/3K3r/5k2/8/4R3/8/7B/8 w - - 0 1
1,1,0,0,0,0,0,1,-1,1,0,1,1,1,0,0,0,0,0,16,0,0,5,6,7,1,7,5,5,24,23,0,0,0,0,0,0,0,0,7,1,1,0,0,0,0,0,2,0,0,KRBKRNvK,DRAW,1k4K1/8/8/7n/4r3/B4R2/8/8 w - - 0 1
1,1,0,0,0,0,0,1,-1,1,0,1,1,1,0,0,0,0,0,16,0,0,2,5,5,6,3,2,2,4,0,1,0,0,0,0,0,0,0,7,1,1,0,0,0,0,2,2,0,1,KRBKRNvK,LOSS,8/8/5K2/5r2/R2B2k1/8/1n6/8 w - - 0 1
0,1,0,0,0,0,0,1,-1,1,0,1,1,1,0,0,0,0,0,16,0,0,3,2,4,4,1,1,2,18,27,0,0,0,0,0,0,0,0,7,1,1,0,0,0,0,3,2,1,1,KRBKRNvK,DRAW,8/8/3R4/2K5/5B2/4r3/4k3/n7 b - - 0 1
1,1,0,0,0,0,0,1,-1,1,0,1,1,1,0,0,0,0,0,16,0,0,2,3,2,2,4,1,1,30,23,0,0,0,0,0,0,0,0,7,1,1,0,0,0,0,3,2,0,1,KRBKRNvK,DRAW,6R1/2r5/5B2/2k2n2/8/3K4/8/8 w - - 0 1
1,1,0,0,0,0,0,1,-1,1,0,1,1,1,0,0,0,0,0,16,0,0,2,4,4,4,2,0,1,19,23,0,0,0,0,0,0,0,0,7,1,1,0,0,0,0,4,3,1,1,KRBKRNvK,DRAW,8/3r4/8/4K3/8/n3k3/8/B1R5 w - - 0 1
1,1,0,0,0,0,0,1,-1,1,0,1,1,1,0,0,0,0,0,16,0,0,3,3,5,5,2,1,2,28,24,0,0,0,0,0,0,0,0,7,1,1,0,0,0,0,3,2,2,1,KRBKRNvK,DRAW,2r5/8/3K4/8/4R3/1n3k2/3B4/8 w - - 0 1
0,1,0,0,0,0,0,1,-1,1,0,1,1,1,0,0,0,0,0,16,0,0,4,3,3,7,1,0,5,19,21,0,0,0,0,0,0,0,0,7,1,1,0,0,0,0,4,0,1,0,KRBKRNvK,DRAW,8/8/8/8/3K4/3R3B/n6k/5r2 b - - 0 1
0,1,0,0,0,0,0,1,-1,1,0,1,1,1,0,0,0,0,0,16,0,0,5,0,4,5,0,3,4,27,20,0,0,0,0,0,0,0,0,7,1,1,0,0,0,0,1,1,0,1,KRBKRNvK,DRAW,8/8/2RB4/K7/5n2/1r6/8/5k2 b - - 0 1
1,1,0,0,0,0,0,1,-1,1,0,1,1,1,0,0,0,0,0,16,0,0,6,6,5,0,7,3,6,5,0,1,0,0,0,0,0,0,0,7,1,1,0,0,0,0,2,0,0,1,KRBKRNvK,DRAW,k4n2/8/6K1/8/3R4/6r1/8/4B3 w - - 0 1
1,1,0,0,0,0,0,1,-1,1,0,1,1,1,0,0,0,0,0,16,0,0,4,1,2,5,5,3,2,26,21,0,0,0,0,0,0,0,0,7,1,1,1,0,0,0,0,3,0,1,KRBKRNvK,DRAW,8/R7/5k2/8/3r4/1K6/7n/2B5 w - - 0 1
0,1,0,0,0,0,0,1,-1,1,0,1,1,1,0,0,0,0,0,16,0,0,5,1,2,3,7,3,3,17,32,0,0,0,0,0,0,0,0,7,1,1,0,0,0,0,1,0,0,0,KRBKRNvK,DRAW,2rk4/8/8/8/3B4/1K6/6n1/7R b - - 0 1
0,1,0,0,0,0,0,1,-1,1,0,1,1,1,0,0,0,0,0,16,0,0,6,0,1,6,7,5,5,21,25,0,0,0,0,0,0,0,0,7,1,1,0,0,0,0,3,2,0,0,KRBKRNvK,DRAW,1n4k1/4r3/8/8/8/8/K1BR4/8 b - - 0 1
1,1,0,0,0,0,0,1,-1,1,0,1,1,1,0,0,0,0,0,16,0,0,2,1,3,3,1,2,2,7,0,1,0,0,0,0,0,0,0,7,1,1,0,0,0,0,0,1,0,0,KRBKRNvK,DRAW,1r2B3/8/7R/8/1K6/8/3k1n2/8 w - - 0 1
0,1,0,0,0,0,0,1,-1,1,0,1,1,1,0,0,0,0,0,16,0,0,2,5,2,7,1,2,5,2,0,1,0,0,0,0,0,0,0,7,1,1,0,0,0,0,1,3,1,1,KRBKRNvK,LOSS,8/8/8/1r6/8/3B1Kn1/6Rk/8 b - - 0 1
1,1,0,0,0,0,0,1,-1,1,0,1,1,1,0,0,0,0,0,16,0,0,6,1,2,7,4,3,3,27,22,0,0,0,0,0,0,0,0,7,1,1,0,0,0,0,1,2,1,0,KRBKRNvK,DRAW,4r3/2B5/8/7k/8/1K4R1/5n2/8 w - - 0 1
0,1,0,0,0,0,0,1,-1,1,0,1,1,1,0,0,0,0,0,16,0,0,2,5,7,3,6,4,2,21,17,0,0,0,0,0,0,0,0,7,1,1,0,1,0,0,1,1,1,0,KRBKRNvK,DRAW,5KR1/3k1B2/8/1n6/8/8/1r6/8 b - - 0 1
0,1,0,0,0,0,0,1,-1,1,0,1,1,1,0,0,0,0,0,16,0,0,6,6,1,0,5,4,4,19,28,0,0,0,0,0,0,0,0,7,1,1,1,0,0,0,0,0,2,0,KRBKRNvK,DRAW,7r/n1R5/k7/8/1B6/8/6K1/8 b - - 0 1
1,1,0,0,0,0,0,1,-1,1,0,1,1,1,0,0,0,0,0,16,0,0,6,6,7,3,1,5,2,6,0,1,0,0,0,0,0,0,0,7,1,1,0,0,0,0,3,0,0,0,KRBKRNvK,DRAW,6K1/8/8/2R4n/8/8/3k4/6rB w - - 0 1
0,1,0,0,0,0,0,1,-1,1,0,1,1,1,0,0,0,0,0,16,0,0,6,6,1,0,5,4,4,24,18,0,0,0,0,0,0,0,0,7,1,1,1,0,0,0,1,1,1,1,KRBKRNvK,DRAW,1B6/5nR1/k7/8/8/8/6K1/7r b - - 0 1
1,1,0,0,0,0,0,1,-1,1,0,1,1,1,0,0,0,0,0,16,0,0,5,4,0,5,5,3,2,3,0,1,0,0,0,0,0,0,0,7,1,1,0,0,0,0,2,1,2,1,KRBKRNvK,DRAW,n7/8/4Bk2/7R/8/8/8/4K1r1 w - - 0 1
0,1,0,0,0,0,0,1,-1,1,0,1,1,1,0,0,0,0,0,16,0,0,4,3,4,7,1,0,5,22,20,0,0,0,0,0,0,0,0,7,1,1,0,0,0,0,4,2,0,1,KRBKRNvK,DRAW,8/4r3/3R1B2/3K4/8/7n/7k/8 b - - 0 1
1,1,0,0,0,0,0,1,-1,1,0,1,1,1,0,0,0,0,0,16,0,0,2,6,5,4,7,3,3,20,20,0,0,0,0,0,0,0,0,7,1,1,0,0,0,0,0,0,1,0,KRBKRNvK,DRAW,4k3/n7/5RK1/6B1/8/7r/8/8 w - - 0 1
1,1,0,0,0,0,0,1,-1,1,0,1,1,1,0,0,0,0,0,16,0,0,5,7,3,2,0,3,4,19,23,0,0,0,0,0,0,0,0,7,1,1,0,0,0,0,0,3,0,0,KRBKRNvK,DRAW,8/8/4n3/4r3/RB5K/8/8/2k5 w - - 0 1
0,1,0,0,0,0,0,1,-1,1,0,1,1,1,0,0,0,0,0,16,0,0,3,0,5,1,2,4,3,22,25,0,0,0,0,0,0,0,0,7,1,1,0,0,0,0,2,0,0,0,KRBKRNvK,DRAW,8/8/K7/4R3/8/1k4r1/4B3/1n6 b - - 0 1
1,1,0,0,0,0,0,1,-1,1,0,1,1,1,0,0,0,0,0,16,0,0,5,5,4,0,7,1,6,4,0,1,0,0,0,0,0,0,0,7,1,1,0,0,0,0,3,2,0,2,KRBKRNvK,DRAW,k7/4r3/8/5K2/1B3R2/6n1/8/8 w - - 0 1
1,1,0,0,0,0,0,1,-1,1,0,1,1,1,0,0,0,0,0,16,0,0,5,2,3,7,3,1,3,7,0,1,0,0,0,0,0,0,0,7,1,1,0,0,0,0,2,0,1,0,KRBKRNvK,DRAW,8/8/8/B7/2K4k/8/5R2/2r1n3 w - - 0 1
0,1,0,0,0,0,0,1,-1,1,0,1,1,1,0,0,0,0,0,16,0,0,4,3,4,2,0,0,4,21,23,0,0,0,0,0,0,0,0,7,1,1,0,0,0,0,4,0,0,0,KRBKRNvK,DRAW,2r5/1B6/8/3K4/R7/8/8/2k3n1 b - - 0 1
1,1,0,0,0,0,0,1,-1,1,0,1,1,1,0,0,0,0,0,16,0,0,2,5,6,7,7,3,6,25,16,0,0,0,0,0,0,0,0,7,1,1,0,0,0,0,2,2,0,1,KRBKRNvK,WIN,B6k/5K2/8/7r/8/8/5R2/n7 w - - 0 1
0,1,0,0,0,0,0,1,-1,1,0,1,1,1,0,0,0,0,0,16,0,0,4,4,2,5,6,1,3,25,30,0,0,0,0,0,0,0,0,7,1,1,0,0,0,0,4,2,1,1,KRBKRNvK,DRAW,2n5/5k2/2B5/7R/6r1/4K3/8/8 b - - 0 1
1,1,0,0,0,0,0,1,-1,1,0,1,1,1,0,0,0,0,0,16,0,0,3,0,4,3,6,3,2,5,0,1,0,0,0,0,0,0,0,7,1,1,0,0,0,0,2,2,0,0,KRBKRNvK,DRAW,2n5/3k4/8/K6r/2R5/8/8/2B5 w - - 0 1
0,1,0,0,0,0,0,1,-1,1,0,1,1,1,0,0,0,0,0,16,0,0,5,2,2,4,7,2,3,4,0,1,0,0,0,0,0,0,0,7,1,1,0,0,0,0,2,3,1,1,KRBKRNvK,DRAW,4k3/8/4n1B1/4r3/8/2K5/7R/8 b - - 0 1
1,1,0,0,0,0,0,1,-1,1,0,1,1,1,0,0,0,0,0,16,0,0,5,6,5,6,0,3,5,31,22,0,0,0,0,0,0,0,0,7,1,1,1,1,0,0,0,0,0,0,KRBKRNvK,DRAW,8/2R5/6K1/8/6B1/8/r7/1n4k1 w - - 0 1
1,1,0,0,0,0,0,1,-1,1,0,1,1,1,0,0,0,0,0,16,0,0,3,7,6,5,3,5,1,30,20,0,0,0,0,0,0,0,0,7,1,1,0,0,0,0,2,3,2,0,KRBKRNvK,DRAW,8/7K/5B2/1r6/5k2/6R1/n7/8 w - - 0 1
1,1,0,0,0,0,0,1,-1,1,0,1,1,1,0,0,0,0,0,16,0,0,5,1,6,6,1,4,4,28,20,0,0,0,0,0,0,0,0,7,1,1,0,0,0,0,0,2,1,0,KRBKRNvK,DRAW,8/1K6/8/8/1Br5/8/1n4k1/5R2 w - - 0 1
0,1,0,0,0,0,0,1,-1,1,0,1,1,1,0,0,0,0,0,16,0,0,7,5,0,5,7,4,4,22,26,0,0,0,0,0,0,0,0,7,1,1,0,0,0,0,0,2,0,0,KRBKRNvK,DRAW,5k2/8/R7/6B1/4r3/8/8/2n2K2 b - - 0 1
0,1,0,0,0,0,0,1,-1,1,0,1,1,1,0,0,0,0,0,16,0,0,6,2,7,5,1,4,3,6,0,1,0,0,0,0,0,0,0,7,1,1,0,0,0,0,2,0,1,0,KRBKRNvK,DRAW,2K1B1r1/8/8/8/5R2/8/5k2/5n2 b - - 0 1
1,1,0,0,0,0,0,1,-1,1,0,1,1,1,0,0,0,0,0,16,0,0,4,4,3,0,3,0,3,6,0,1,0,0,0,0,0,0,0,7,1,1,0,0,0,0,3,2,0,1,KRBKRNvK,DRAW,5R1B/8/4r3/8/k3K3/8/8/2n5 w - - 0 1
0,1,0,0,0,0,0,1,-1,1,0,1,1,1,0,0,0,0,0,16,0,0,6,7,6,6,0,5,5,22,26,0,0,0,0,0,0,0,0,7,1,1,0,1,0,0,2,0,0,0,KRBKRNvK,DRAW,8/7K/B7/4R3/8/8/2r5/3n2k1 b - - 0 1
1,1,0,0,0,0,0,1,-1,1,0,1,1,1,0,0,0,0,0,16,0,0,6,4,6,2,0,2,4,3,0,1,0,0,0,0,0,0,0,7,1,1,0,0,0,0,1,0,0,2,KRBKRNvK,DRAW,7R/4K3/5r2/2Bn4/8/8/8/2k5 w - - 0 1
0,1,0,0,0,0,0,1,-1,1,0,1,1,1,0,0,0,0,0,16,0,0,5,5,2,0,3,2,3,27,23,0,0,0,0,0,0,0,0,7,1,1,0,0,0,0,2,1,0,1,KRBKRNvK,DRAW,8/2r5/8/5n2/k4B2/5K2/8/5R2 b - - 0 1
0,1,0,0,0,0,0,1,-1,1,0,1,1,1,0,0,0,0,0,16,0,0,6,0,4,6,2,3,3,25,21,0,0,0,0,0,0,0,0,7,1,1,0,0,0,0,3,2,0,0,KRBKRNvK,DRAW,3R4/8/8/K7/4r1n1/6k1/8/1B6 b - - 0 1
0,1,0,0,0,0,0,1,-1,1,0,1,1,1,0,0,0,0,0,16,0,0,3,4,7,6,4,3,2,6,0,1,0,0,0,0,0,0,0,7,1,1,0,0,0,0,2,1,1,0,KRBKRNvK,LOSS,4K3/8/8/4R1k1/8/1n4r1/8/4B3 b - - 0 1
1,1,0,0,0,0,0,1,-1,1,0,1,1,1,0,0,0,0,0,16,0,0,6,1,5,7,2,3,4,28,14,0,0,0,0,0,0,0,0,7,1,1,1,1,0,0,2,1,0,0,KRBKRNvK,DRAW,8/2R5/1K6/8/8/7k/3n3r/B7 w - - 0 1
0,1,0,0,0,0,0,1,-1,1,0,1,1,1,0,0,0,0,0,16,0,0,2,1,5,2,3,3,1,27,29,0,0,0,0,0,0,0,0,7,1,1,0,0,0,0,1,4,0,0,KRBKRNvK,DRAW,4r3/8/1K6/8/2k5/2n3B1/8/R7 b - - 0 1
1,1,0,0,0,0,0,1,-1,1,0,1,1,1,0,0,0,0,0,16,0,0,4,7,0,3,4,6,0,24,20,0,0,0,0,0,0,0,0,7,1,1,1,0,0,0,0,4,1,0,KRBKRNvK,DRAW,2n2B2/1R6/8/3k4/8/3r4/8/7K w - - 0 1
1,1,0,0,0,0,0,1,-1,1,0,1,1,1,0,0,0,0,0,16,0,0,6,3,1,1,7,2,5,23,17,0,0,0,0,0,0,0,0,7,1,1,0,0,0,0,2,0,0,0,KRBKRNvK,DRAW,1k6/r7/8/B6n/R7/8/3K4/8 w - - 0 1
0,1,0,0,0,0,0,1,-1,1,0,1,1,1,0,0,0,0,0,16,0,0,2,7,3,7,5,3,4,22,25,0,0,0,0,0,0,0,0,7,1,1,0,0,0,0,1,1,0,0,KRBKRNvK,DRAW,6r1/4n3/7k/2B5/7K/8/1R6/8 b - - 0 1
0,1,0,0,0,0,0,1,-1,1,0,1,1,1,0,0,0,0,0,16,0,0,4,4,4,3,0,0,3,23,28,0,0,0,0,0,0,0,0,7,1,1,1,0,0,0,4,0,0,0,KRBKRNvK,DRAW,8/R7/8/4K3/3B3n/1r6/8/3k4 b - - 0 1
1,1,0,0,0,0,0,1,-1,1,0,1,1,1,0,0,0,0,0,16,0,0,4,6,1,2,3,4,1,29,21,0,0,0,0,0,0,0,0,7,1,1,0,0,0,0,0,3,0,0,KRBKRNvK,DRAW,R7/3n4/8/7B/1rk5/8/6K1/8 w - - 0 1
0,1,0,0,0,0,0,1,-1,1,0,1,1,1,0,0,0,0,0,16,0,0,5,2,6,7,4,3,3,3,0,1,0,0,0,0,0,0,0,7,1,1,0,0,0,0,0,2,1,0,KRBKRNvK,DRAW,8/2K5/7B/7k/5r2/8/7R/7n b - - 0 1
1,1,0,0,0,0,0,1,-1,1,0,1,1,1,0,0,0,0,0,16,0,0,3,0,6,0,3,5,3,25,15,0,0,0,0,0,0,0,0,7,1,1,0,0,0,0,0,2,0,0,KRBKRNvK,DRAW,3nrB2/K7/8/8/k7/8/6R1/8 w - - 0 1
0,1,0,0,0,0,0,1,-1,1,0,1,1,1,0,0,0,0,0,16,0,0,2,4,2,4,0,1,3,23,23,0,0,0,0,0,0,0,0,7,1,1,0,0,0,0,2,1,0,0,KRBKRNvK,DRAW,3R4/5r2/3n4/3B4/8/4K3/8/4k3 b - - 0 1
0,1,0,0,0,0,0,1,-1,1,0,1,1,1,0,0,0,0,0,16,0,0,5,0,2,5,4,4,1,6,0,1,0,0,0,0,0,0,0,7,1,1,0,0,0,0,0,3,1,1,KRBKRNvK,LOSS,8/3Bn3/8/5k2/8/K7/8/1Rr5 b - - 0 1
1,1,0,0,0,0,0,1,-1,1,0,1,1,1,0,0,0,0,0,16,0,0,5,7,3,2,0,3,4,18,22,0,0,0,0,0,0,0,0,7,1,1,0,0,0,0,2,0,0,1,KRBKRNvK,DRAW,1B3n2/8/6r1/7R/7K/8/8/2k5 w - - 0 1
0,1,0,0,0,0,0,1,-1,1,0,1,1,1,0,0,0,0,0,16,0,0,4,1,5,5,5,3,2,28,26,0,0,0,0,0,0,0,0,7,1,1,0,1,0,0,2,3,1,0,KRBKRNvK,DRAW,8/8/1K2nk2/8/1B5R/8/3r4/8 b - - 0 1
0,1,0,0,0,0,0,1,-1,1,0,1,1,1,0,0,0,0,0,16,0,0,4,6,4,2,7,2,4,19,21,0,0,0,0,0,0,0,0,7,1,1,0,0,0,0,2,0,1,1,KRBKRNvK,DRAW,B1k5/8/8/6K1/8/7r/7n/6R1 b - - 0 1
0,1,0,0,0,0,0,1,-1,1,0,1,1,1,0,0,0,0,0,16,0,0,7,7,7,0,6,6,5,4,0,1,0,0,0,0,0,0,0,7,1,1,1,1,0,0,1,1,0,0,KRBKRNvK,LOSS,7K/k6R/8/8/8/8/r3n3/1B6 b - - 0 1
1,1,0,0,0,0,0,1,-1,1,0,1,1,1,0,0,0,0,0,16,0,0,4,2,6,4,2,3,1,7,0,1,0,0,0,0,0,0,0,7,1,1,0,0,0,0,1,2,1,1,KRBKRNvK,DRAW,8/2K5/4n3/8/8/4k3/R1B5/5r2 w - - 0 1
1,1,0,0,0,0,0,1,-1,1,0,1,1,1,0,0,0,0,0,16,0,0,5,2,7,7,3,4,3,3,0,1,0,0,0,0,0,0,0,7,1,1,0,0,0,0,1,0,0,0,KRBKRNvK,LOSS,2K4r/8/8/8/4n2k/2RB4/8/8 w - - 0 1
0,1,0,0,0,0,0,1,-1,1,0,1,1,1,0,0,0,0,0,16,0,0,2,5,3,3,1,1,2,3,0,1,0,0,0,0,0,0,0,7,1,1,0,0,0,0,2,2,1,0,KRBKRNvK,LOSS,1n6/4r3/8/8/1B3K2/8/3k4/7R b - - 0 1
0,1,0,0,0,0,0,1,-1,1,0,1,1,1,0,0,0,0,0,16,0,0,2,7,3,7,1,3,5,20,17,0,0,0,0,0,0,0,0,7,1,1,0,0,0,0,3,2,0,0,KRBKRNvK,DRAW,8/8/8/4r3/R6K/8/7k/B4n2 b - - 0 1
1,1,0,0,0,0,0,1,-1,1,0,1,1,1,0,0,0,0,0,16,0,0,5,2,3,7,7,1,6,6,0,1,0,0,0,0,0,0,0,7,1,1,0,0,0,0,2,2,0,2,KRBKRNvK,DRAW,7k/3B4/2n5/8/1RK1r3/8/8/8 w - - 0 1
0,1,0,0,0,0,0,1,-1,1,0,1,1,1,0,0,0,0,0,16,0,0,2,2,7,0,5,4,4,25,24,0,0,0,0,0,0,0,0,7,1,1,0,1,0,0,2,1,0,0,KRBKRNvK,DRAW,2K1B3/8/k7/5n2/6R1/8/1r6/8 b - - 0 1
1,1,0,0,0,0,0,1,-1,1,0,1,1,1,0,0,0,0,0,16,0,0,6,4,0,6,6,3,4,22,27,0,0,0,0,0,0,0,0,7,1,1,0,0,0,0,3,3,1,0,KRBKRNvK,DRAW,8/6k1/2n5/4R3/2r5/6B1/8/4K3 w - - 0 1
0,1,0,0,0,0,0,1,-1,1,0,1,1,1,0,0,0,0,0,16,0,0,2,6,3,4,4,2,0,6,0,1,0,0,0,0,0,0,0,7,1,1,0,0,0,0,1,4,1,1,KRBKRNvK,LOSS,8/2B5/8/4k2r/2n3K1/8/6R1/8 b - - 0 1
0,1,0,0,0,0,0,1,-1,1,0,1,1,1,0,0,0,0,0,16,0,0,7,1,7,5,0,5,4,21,25,0,0,0,0,0,0,0,0,7,1,1,0,0,0,0,0,0,1,0,KRBKRNvK,DRAW,1K6/3B4/5r1n/8/8/7R/8/5k2 b - - 0 1
0,1,0,0,0,0,0,1,-1,1,0,1,1,1,0,0,0,0,0,16,0,0,4,1,4,5,0,2,4,3,0,1,0,0,0,0,0,0,0,7,1,1,0,0,0,0,1,0,0,1,KRBKRNvK,DRAW,6B1/8/n7/1K6/8/7r/8/2R2k2 b - - 0 1
0,1,0,0,0,0,0,1,-1,1,0,1,1,1,0,0,0,0,0,16,0,0,6,5,6,1,0,3,5,24,25,0,0,0,0,0,0,0,0,7,1,1,0,0,0,0,2,2,0,0,KRBKRNvK,DRAW,1B6/5K2/8/8/3r1n2/4R3/8/1k6 b - - 0 1
0,1,0,0,0,0,0,1,-1,1,0,1,1,1,0,0,0,0,0,16,0,0,2,4,3,6,4,0,2,26,23,0,0,0,0,0,0,0,0,7,1,1,0,0,0,0,3,1,0,1,KRBKRNvK,DRAW,8/3n4/8/6k1/B3K3/5r2/1R6/8 b - - 0 1
1,1,0,0,0,0,0,1,-1,1,0,1,1,1,0,0,0,0,0,16,0,0,2,5,7,7,7,4,6,23,18,0,0,0,0,0,0,0,0,7,1,1,0,0,0,0,2,0,1,1,KRBKRNvK,WIN,5Knk/8/5R2/8/8/2B5/8/1r6 w - - 0 1
0,1,0,0,0,0,0,1,-1,1,0,1,1,1,0,0,0,0,0,16,0,0,4,6,5,4,1,3,2,6,0,1,0,0,0,0,0,0,0,7,1,1,0,0,0,0,0,1,0,1,KRBKRNvK,LOSS,8/7r/6KR/7B/8/8/4kn2/8 b - - 0 1
0,1,0,0,0,0,0,1,-1,1,0,1,1,1,0,0,0,0,0,16,0,0,5,5,6,0,4,3,3,5,0,1,0,0,0,0,0,0,0,7,1,1,0,0,0,0,2,1,1,1,KRBKRNvK,DRAW,4R3/2Bn1K2/8/k7/8/8/8/r7 b - - 0 1
0,1,0,0,0,0,0,1,-1,1,0,1,1,1,0,0,0,0,0,16,0,0,5,7,5,2,1,4,3,30,20,0,0,0,0,0,0,0,0,7,1,1,0,0,0,0,2,1,0,1,KRBKRNvK,DRAW,8/5r2/1B5K/2n1R3/8/8/2k5/8 b - - 0 1
0,1,0,0,0,0,0,1,-1,1,0,1,1,1,0,0,0,0,0,16,0,0,4,3,6,7,3,2,3,3,0,1,0,0,0,0,0,0,0,7,1,1,1,0,0,0,2,3,0,1,KRBKRNvK,DRAW,8/3K3R/2n5/8/7k/8/1B6/4r3 b - - 0 1
1,1,0,0,0,0,0,1,-1,1,0,1,1,1,0,0,0,0,0,16,0,0,4,2,2,6,6,2,4,26,23,0,0,0,0,0,0,0,0,7,1,1,0,0,0,0,1,2,0,1,KRBKRNvK,DRAW,3n4/6k1/B7/8/4r3/2K5/8/7R w - - 0 1
0,1,0,0,0,0,0,1,-1,1,0,1,1,1,0,0,0,0,0,16,0,0,3,3,6,6,7,2,5,3,0,1,0,0,0,0,0,0,0,7,1,1,0,0,0,0,3,2,1,1,KRBKRNvK,DRAW,6k1/3K4/4B3/4r3/6R1/6n1/8/8 b - - 0 1
1,1,0,0,0,0,0,1,-1,1,0,1,1,1,0,0,0,0,0,16,0,0,4,0,2,0,6,4,5,22,20,0,0,0,0,0,0,0,0,7,1,1,0,0,0,0,0,0,0,1,KRBKRNvK,DRAW,8/k7/1r6/8/8/K6B/1n6/2R5 w - - 0 1
0,1,0,0,0,0,0,1,-1,1,0,1,1,1,0,0,0,0,0,16,0,0,5,4,6,5,1,2,3,25,25,0,0,0,0,0,0,0,0,7,1,1,0,0,0,0,1,1,1,1,KRBKRNvK,DRAW,6r1/4K3/8/1n6/8/8/B4k2/7R b - - 0 1
1,1,0,0,0,0,0,1,-1,1,0,1,1,1,0,0,0,0,0,16,0,0,6,0,3,6,2,3,3,5,0,1,0,0,0,0,0,0,0,7,1,1,0,0,0,0,0,3,0,0,KRBKRNvK,DRAW,8/8/5n2/8/K4r2/B5k1/8/2R5 w - - 0 1
1,1,0,0,0,0,0,1,-1,1,0,1,1,1,0,0,0,0,0,16,0,0,7,7,0,0,1,6,5,25,18,0,0,0,0,0,0,0,0,7,1,1,0,0,0,0,2,0,1,0,KRBKRNvK,DRAW,n7/8/8/8/7R/2r5/k1B5/7K w - - 0 1
1,1,0,0,0,0,0,1,-1,1,0,1,1,1,0,0,0,0,0,16,0,0,3,4,5,7,6,1,5,21,18,0,0,0,0,0,0,0,0,7,1,1,0,0,0,0,3,1,0,1,KRBKRNvK,DRAW,8/7k/3RK3/2rB4/8/8/8/1n6 w - - 0 1
0,1,0,0,0,0,0,1,-1,1,0,1,1,1,0,0,0,0,0,16,0,0,4,4,0,3,4,3,0,22,20,0,0,0,0,0,0,0,0,7,1,1,0,0,0,0,1,4,0,0,KRBKRNvK,DRAW,5R2/8/3r4/3k1n2/8/8/7B/4K3 b - - 0 1
0,1,0,0,0,0,0,1,-1,1,0,1,1,1,0,0,0,0,0,16,0,0,2,6,2,5,4,3,1,19,28,0,0,0,0,0,0,0,0,7,1,1,1,0,0,0,2,3,1,2,KRBKRNvK,DRAW,8/3R4/8/4rk2/8/1B2n1K1/8/8 b - - 0 1
0,1,0,0,0,0,0,1,-1,1,0,1,1,1,0,0,0,0,0,16,0,0,6,3,6,3,0,2,3,18,29,0,0,0,0,0,0,0,0,7,1,1,0,0,0,0,1,2,1,1,KRBKRNvK,DRAW,8/2BK4/8/1r6/1n6/8/5R2/3k4 b - - 0 1
1,1,0,0,0,0,0,1,-1,1,0,1,1,1,0,0,0,0,0,16,0,0,4,3,3,7,2,0,4,25,22,0,0,0,0,0,0,0,0,7,1,1,1,1,0,0,4,0,0,0,KRBKRNvK,DRAW,8/3R4/7n/8/3K4/B6k/6r1/8 w - - 0 1
0,1,0,0,0,0,0,1,-1,1,0,1,1,1,0,0,0,0,0,16,0,0,3,4,2,7,4,1,3,25,20,0,0,0,0,0,0,0,0,7,1,1,0,0,0,0,2,1,0,1,KRBKRNvK,WIN,6r1/B7/8/7k/8/4K3/1R1n4/8 b - - 0 1
0,1,0,0,0,0,0,1,-1,1,0,1,1,1,0,0,0,0,0,16,0,0,2,4,0,2,1,3,3,4,0,1,0,0,0,0,0,0,0,7,1,1,0,0,0,0,2,1,1,1,KRBKRNvK,DRAW,8/8/2r5/8/8/6n1/2kR4/4K1B1 b - - 0 1
1,1,0,0,0,0,0,1,-1,1,0,1,1,1,0,0,0,0,0,16,0,0,6,1,1,7,2,4,4,6,0,1,0,0,0,0,0,0,0,7,1,1,0,1,0,0,1,2,0,1,KRBKRNvK,DRAW,8/2B5/R7/5n2/8/7k/1K1r4/8 w - - 0 1
0,1,0,0,0,0,0,1,-1,1,0,1,1,1,0,0,0,0,0,16,0,0,4,5,5,1,3,2,2,18,29,0,0,0,0,0,0,0,0,7,1,1,0,0,0,0,2,2,1,0,KRBKRNvK,DRAW,8/8/5K2/3R4/1kr5/8/n3B3/8 b - - 0 1
1,1,0,0,0,0,0,1,-1,1,0,1,1,1,0,0,0,0,0,16,0,0,2,2,4,4,4,1,0,30,23,0,0,0,0,0,0,0,0,7,1,1,0,0,0,0,3,3,1,0,KRBKRNvK,DRAW,8/8/R7/2K1kB2/5n2/8/8/3r4 w - - 0 1
1,1,0,0,0,0,0,1,-1,1,0,1,1,1,0,0,0,0,0,16,0,0,2,2,0,1,2,4,3,26,18,0,0,0,0,0,0,0,0,7,1,1,0,0,0,0,2,2,1,0,KRBKRNvK,DRAW,8/4B2n/4r3/R7/8/1k6/8/2K5 w - - 0 1
0,1,0,0,0,0,0,1,-1,1,0,1,1,1,0,0,0,0,0,16,0,0,7,0,0,7,1,6,5,2,0,1,0,0,0,0,0,0,0,7,1,1,0,0,0,0,1,3,1,0,KRBKRNvK,LOSS,8/8/4r2R/8/5B2/5n2/7k/K7 b - - 0 1
1,1,0,0,0,0,0,1,-1,1,0,1,1,1,0,0,0,0,0,16,0,0,2,2,5,0,5,2,4,27,14,0,0,0,0,0,0,0,0,7,1,1,0,0,0,0,2,2,0,2,KRBKRNvK,DRAW,n7/8/k1K5/8/r7/3R4/5B2/8 w - - 0 1
1,1,0,0,0,0,0,1,-1,1,0,1,1,1,0,0,0,0,0,16,0,0,4,4,1,0,2,2,4,22,19,0,0,0,0,0,0,0,0,7,1,1,1,0,0,0,0,1,0,1,KRBKRNvK,DRAW,5r2/1R1B4/8/8/8/k7/4Kn2/8 w - - 0 1
0,1,0,0,0,0,0,1,-1,1,0,1,1,1,0,0,0,0,0,16,0,0,4,1,0,1,4,5,2,26,21,0,0,0,0,0,0,0,0,7,1,1,0,0,0,0,3,2,0,0,KRBKRNvK,DRAW,B7/8/8/1k6/2r5/8/3Rn3/1K6 b - - 0 1
0,1,0,0,0,0,0,1,-1,1,0,1,1,1,0,0,0,0,0,16,0,0,4,5,3,1,7,1,5,19,25,0,0,0,0,0,0,0,0,7,1,1,0,0,0,0,3,2,0,0,KRBKRNvK,DRAW,1k6/8/5R2/8/5K2/8/5B2/3r1n2 b - - 0 1
1,1,0,0,0,0,0,1,-1,1,0,1,1,1,0,0,0,0,0,16,0,0,4,5,2,1,6,2,4,26,24,0,0,0,0,0,0,0,0,7,1,1,0,0,0,0,3,2,1,1,KRBKRNvK,DRAW,8/nk6/8/3R4/7r/5K2/8/2B5 w - - 0 1
1,1,0,0,0,0,0,1,-1,1,0,1,1,1,0,0,0,0,0,16,0,0,5,7,5,2,6,4,3,18,20,0,0,0,0,0,0,0,0,7,1,1,0,0,0,0,2,3,0,0,KRBKRNvK,DRAW,7R/2k1r3/7K/8/8/1n6/8/7B w - - 0 1
1,1,0,0,0,0,0,1,-1,1,0,1,1,1,0,0,0,0,0,16,0,0,2,0,3,0,1,3,5,30,20,0,0,0,0,0,0,0,0,7,1,1,0,0,0,0,2,0,0,0,KRBKRNvK,DRAW,3R4/8/8/8/K3B3/7r/k7/5n2 w - - 0 1
1,1,0,0,0,0,0,1,-1,1,0,1,1,1,0,0,0,0,0,16,0,0,3,4,6,1,4,2,2,7,0,1,0,0,0,0,0,0,0,7,1,1,0,0,0,0,3,2,0,1,KRBKRNvK,DRAW,8/4K3/5B2/1k1n4/7r/8/4R3/8 w - - 0 1
0,1,0,0,0,0,0,1,-1,1,0,1,1,1,0,0,0,0,0,16,0,0,3,6,3,3,6,2,2,5,0,1,0,0,0,0,0,0,0,7,1,1,0,0,0,0,2,2,1,1,KRBKRNvK,LOSS,8/3k1B2/8/7r/3R2K1/n7/8/8 b - - 0 1
1,1,0,0,0,0,0,1,-1,1,0,1,1,1,0,0,0,0,0,16,0,0,5,2,6,3,1,3,2,7,0,1,0,0,0,0,0,0,0,7,1,1,1,0,0,0,0,2,1,1,KRBKRNvK,DRAW,8/2K2R2/4n3/8/6r1/8/3k4/5B2 w - - 0 1
0,1,0,0,0,0,0,1,-1,1,0,1,1,1,0,0,0,0,0,16,0,0,3,2,3,0,0,1,6,18,24,0,0,0,0,0,0,0,0,7,1,1,0,0,0,0,3,0,0,0,KRBKRNvK,DRAW,2n3r1/5B2/8/8/2KR4/8/8/k7 b - - 0 1
1,1,0,0,0,0,0,1,-1,1,0,1,1,1,0,0,0,0,0,16,0,0,4,7,2,3,4,4,0,26,24,0,0,0,0,0,0,0,0,7,1,1,1,0,0,0,0,3,1,1,KRBKRNvK,DRAW,8/6R1/1r6/1B1k1n2/8/7K/8/8 w - - 0 1
1,1,0,0,0,0,0,1,-1,1,0,1,1,1,0,0,0,0,0,16,0,0,6,6,6,0,6,4,5,28,19,0,0,0,0,0,0,0,0,7,1,1,0,0,0,0,2,2,0,1,KRBKRNvK,DRAW,1n6/k5K1/8/4r3/8/7R/8/7B w - - 0 1
1,1,0,0,0,0,0,1,-1,1,0,1,1,1,0,0,0,0,0,16,0,0,5,2,3,7,1,1,5,4,0,1,0,0,0,0,0,0,0,7,1,1,0,0,0,0,3,0,0,2,KRBKRNvK,DRAW,8/8/2r5/8/1RK5/n7/1B5k/8 w - - 0 1
1,1,0,0,0,0,0,1,-1,1,0,1,1,1,0,0,0,0,0,16,0,0,4,6,4,2,5,2,2,28,16,0,0,0,0,0,0,0,0,7,1,1,0,0,0,0,3,2,1,1,KRBKRNvK,DRAW,5n2/8/2k1r3/4B1K1/8/4R3/8/8 w - - 0 1
0,1,0,0,0,0,0,1,-1,1,0,1,1,1,0,0,0,0,0,16,0,0,3,4,1,2,4,2,1,23,22,0,0,0,0,0,0,0,0,7,1,1,0,0,0,0,1,2,0,0,KRBKRNvK,DRAW,7n/8/3r4/2k5/8/6B1/R3K3/8 b - - 0 1
1,1,0,0,0,0,0,1,-1,1,0,1,1,1,0,0,0,0,0,16,0,0,3,3,2,6,1,1,4,29,27,0,0,0,0,0,0,0,0,7,1,1,0,0,0,0,3,1,0,0,KRBKRNvK,DRAW,R7/2r5/4B3/6n1/8/3K4/6k1/8 w - - 0 1
1,1,0,0,0,0,0,1,-1,1,0,1,1,1,0,0,0,0,0,16,0,0,2,7,0,6,2,6,3,28,27,0,0,0,0,0,0,0,0,7,1,1,1,0,0,0,1,1,0,0,KRBKRNvK,WIN,1r6/2R5/4n3/8/3B4/6k1/8/7K w - - 0 1
0,1,0,0,0,0,0,1,-1,1,0,1,1,1,0,0,0,0,0,16,0,0,3,5,4,3,7,1,3,24,26,0,0,0,0,0,0,0,0,7,1,1,0,0,0,0,3,1,0,0,KRBKRNvK,DRAW,3k4/8/8/4BK2/8/r7/3n1R2/8 b - - 0 1
1,1,0,0,0,0,0,1,-1,1,0,1,1,1,0,0,0,0,0,16,0,0,3,2,1,1,4,3,2,28,25,0,0,0,0,0,0,0,0,7,1,1,0,0,0,0,1,0,1,0,KRBKRNvK,DRAW,8/6r1/8/1k1n4/8/R3B3/2K5/8 w - - 0 1
1,1,0,0,0,0,0,1,-1,1,0,1,1,1,0,0,0,0,0,16,0,0,3,7,7,6,4,6,2,4,0,1,0,0,0,0,0,0,0,7,1,1,1,0,0,0,2,0,1,0,KRBKRNvK,DRAW,7K/4R3/8/6k1/8/3B3r/8/1n6 w - - 0 1
0,1,0,0,0,0,0,1,-1,1,0,1,1,1,0,0,0,0,0,16,0,0,3,2,4,1,1,1,4,24,29,0,0,0,0,0,0,0,0,7,1,1,0,0,0,0,2,0,0,1,KRBKRNvK,DRAW,3B4/8/7R/2K5/8/r7/1k6/6n1 b - - 0 1
1,1,0,0,0,0,0,1,-1,1,0,1,1,1,0,0,0,0,0,16,0,0,3,1,3,4,2,2,1,7,0,1,0,0,0,0,0,0,0,7,1,1,0,0,0,0,1,3,2,0,KRBKRNvK,LOSS,1r6/8/8/3B4/1K6/4kn2/5R2/8 w - - 0 1
1,1,0,0,0,0,0,1,-1,1,0,1,1,1,0,0,0,0,0,16,0,0,2,6,2,4,0,3,3,6,0,1,0,0,0,0,0,0,0,7,1,1,0,0,0,0,1,0,0,0,KRBKRNvK,DRAW,1B4r1/8/1R6/n7/8/6K1/8/4k3 w - - 0 1
0,1,0,0,0,0,0,1,-1,1,0,1,1,1,0,0,0,0,0,16,0,0,5,5,4,0,1,1,5,25,28,0,0,0,0,0,0,0,0,7,1,1,0,0,0,0,3,1,2,1,KRBKRNvK,DRAW,8/8/8/5K2/2R5/2Bn4/k7/7r b - - 0 1
1,1,0,0,0,0,0,1,-1,1,0,1,1,1,0,0,0,0,0,16,0,0,6,0,1,2,7,5,4,18,22,0,0,0,0,0,0,0,0,7,1,1,0,0,0,0,0,2,0,0,KRBKRNvK,DRAW,2k3n1/8/7B/8/4r3/8/K7/R7 w - - 0 1
0,1,0,0,0,0,0,1,-1,1,0,1,1,1,0,0,0,0,0,16,0,0,4,2,2,1,6,2,4,6,0,1,0,0,0,0,0,0,0,7,1,1,0,0,0,0,1,0,0,0,KRBKRNvK,DRAW,8/1k3r2/8/8/8/1RK5/B7/6n1 b - - 0 1
1,1,0,0,0,0,0,1,-1,1,0,1,1,1,0,0,0,0,0,16,0,0,5,5,4,0,5,1,4,29,16,0,0,0,0,0,0,0,0,7,1,1,0,0,0,0,2,0,0,0,KRBKRNvK,WIN,r7/8/k7/5K1B/8/4R3/n7/8 w - - 0 1
0,1,0,0,0,0,0,1,-1,1,0,1,1,1,0,0,0,0,0,16,0,0,7,7,1,0,6,5,5,26,23,0,0,0,0,0,0,0,0,7,1,1,0,0,0,0,0,2,0,0,KRBKRNvK,DRAW,5B2/k7/4r3/2n5/8/6R1/7K/8 b - - 0 1
0,1,0,0,0,0,0,1,-1,1,0,1,1,1,0,0,0,0,0,16,0,0,7,4,7,2,0,3,4,19,31,0,0,0,0,0,0,0,0,7,1,1,0,0,0,0,2,0,0,0,KRBKRNvK,WIN,4K3/1n6/8/5R2/3B4/8/8/2k4r b - - 0 1
1,1,0,0,0,0,0,1,-1,1,0,1,1,1,0,0,0,0,0,16,0,0,5,4,7,4,2,3,1,26,20,0,0,0,0,0,0,0,0,7,1,1,0,0,0,0,2,2,0,0,KRBKRNvK,DRAW,4K3/8/1R6/8/8/r3k3/2n5/7B w - - 0 1
0,1,0,0,0,0,0,1,-1,1,0,1,1,1,0,0,0,0,0,16,0,0,6,1,7,7,1,5,5,22,23,0,0,0,0,0,0,0,0,7,1,1,0,0,0,0,2,1,1,1,KRBKRNvK,DRAW,1K6/2n5/8/6R1/6B1/7r/7k/8 b - - 0 1
1,1,0,0,0,0,0,1,-1,1,0,1,1,1,0,0,0,0,0,16,0,0,5,2,5,7,7,2,6,6,0,1,0,0,0,0,0,0,0,7,1,1,0,0,0,0,1,1,0,1,KRBKRNvK,DRAW,2r4k/8/2K5/8/4B3/1n4R1/8/8 w - - 0 1
0,1,0,0,0,0,0,1,-1,1,0,1,1,1,0,0,0,0,0,16,0,0,5,7,5,2,0,4,4,26,19,0,0,0,0,0,0,0,0,7,1,1,0,0,0,0,2,0,0,0,KRBKRNvK,DRAW,8/8/7K/R3n3/8/2r5/7B/2k5 b - - 0 1
0,1,0,0,0,0,0,1,-1,1,0,1,1,1,0,0,0,0,0,16,0,0,2,2,0,0,0,4,6,21,17,0,0,0,0,0,0,0,0,7,1,1,0,0,0,0,1,2,1,0,KRBKRNvK,DRAW,8/3r4/8/8/1n6/1R4B1/8/k1K5 b - - 0 1
0,1,0,0,0,0,0,1,-1,1,0,1,1,1,0,0,0,0,0,16,0,0,6,6,5,0,2,3,4,23,33,0,0,0,0,0,0,0,0,7,1,1,0,0,0,0,2,3,1,0,KRBKRNvK,DRAW,8/8/6K1/2R5/5B2/k2r4/5n2/8 b - - 0 1
0,1,0,0,0,0,0,1,-1,1,0,1,1,1,0,0,0,0,0,16,0,0,3,3,3,0,3,0,3,18,17,0,0,0,0,0,0,0,0,7,1,1,0,1,0,0,4,0,1,1,KRBKRNvK,DRAW,8/8/B7/8/k2K4/3R4/2r4n/8 b - - 0 1
1,1,0,0,0,0,0,1,-1,1,0,1,1,1,0,0,0,0,0,16,0,0,7,7,1,0,6,5,5,6,0,1,0,0,0,0,0,0,0,7,1,1,0,1,0,0,2,0,0,0,KRBKRNvK,DRAW,8/k7/6R1/8/8/n1B5/2r4K/8 w - - 0 1
0,1,0,0,0,0,0,1,-1,1,0,1,1,1,0,0,0,0,0,16,0,0,6,1,7,0,1,5,5,6,0,1,0,0,0,0,0,0,0,7,1,1,0,0,0,0,2,2,0,0,KRBKRNvK,DRAW,1K6/5B2/8/6R1/3r4/8/k6n/8 b - - 0 1
0,1,0,0,0,0,0,1,-1,1,0,1,1,1,0,0,0,0,0,16,0,0,4,0,0,4,0,6,3,2,0,1,0,0,0,0,0,0,0,7,1,1,0,0,0,0,1,2,0,0,KRBKRNvK,DRAW,6n1/8/8/8/3r1B2/8/8/K3k2R b - - 0 1
0,1,0,0,0,0,0,1,-1,1,0,1,1,1,0,0,0,0,0,16,0,0,2,2,2,0,0,2,6,21,24,0,0,0,0,0,0,0,0,7,1,1,0,0,0,0,2,2,1,1,KRBKRNvK,DRAW,8/3r4/8/8/4R3/2K5/2n5/k1B5 b - - 0 1
1,1,0,0,0,0,0,1,-1,1,0,1,1,1,0,0,0,0,0,16,0,0,5,7,6,2,7,5,4,27,20,0,0,0,0,0,0,0,0,7,1,1,0,1,0,0,0,0,0,0,KRBKRNvK,DRAW,2k1n3/7K/8/6B1/8/1R6/5r2/8 w - - 0 1
0,1,0,0,0,0,0,1,-1,1,0,1,1,1,0,0,0,0,0,16,0,0,3,5,0,5,3,4,1,22,24,0,0,0,0,0,0,0,0,7,1,1,0,1,0,0,3,2,1,1,KRBKRNvK,DRAW,8/6B1/4R3/8/5k2/7n/2r5/5K2 b - - 0 1
1,1,0,0,0,0,0,1,-1,1,0,1,1,1,0,0,0,0,0,16,0,0,4,5,5,6,1,2,4,28,24,0,0,0,0,0,0,0,0,7,1,1,0,0,0,0,3,1,0,1,KRBKRNvK,DRAW,8/8/4RK2/2B5/5n2/8/6k1/2r5 w - - 0 1
1,1,0,0,0,0,0,1,-1,1,0,1,1,1,0,0,0,0,0,16,0,0,3,5,7,7,4,4,3,13,22,0,0,0,0,0,0,0,0,7,1,1,0,0,0,0,0,3,1,1,KRBKRNvK,WIN,5K1R/8/3r3B/7k/8/3n4/8/8 w - - 0 1
0,1,0,0,0,0,0,1,-1,1,0,1,1,1,0,0,0,0,0,16,0,0,6,7,6,6,0,5,5,5,0,1,0,0,0,0,0,0,0,7,1,1,0,0,0,0,2,2,0,0,KRBKRNvK,DRAW,8/1n5K/6R1/r7/8/8/1B6/6k1 b - - 0 1
1,1,0,0,0,0,0,1,-1,1,0,1,1,1,0,0,0,0,0,16,0,0,5,5,7,0,6,4,5,27,16,0,0,0,0,0,0,0,0,7,1,1,0,0,0,0,2,2,0,0,KRBKRNvK,DRAW,1n3K2/k7/8/8/2r1B3/4R3/8/8 w - - 0 1
0,1,0,0,0,0,0,1,-1,1,0,1,1,1,0,0,0,0,0,16,0,0,6,3,0,2,6,3,3,21,28,0,0,0,0,0,0,0,0,7,1,1,0,0,0,0,2,1,0,0,KRBKRNvK,DRAW,5r2/2k2n2/8/8/8/6R1/1B6/3K4 b - - 0 1
1,1,0,0,0,0,0,1,-1,1,0,1,1,1,0,0,0,0,0,16,0,0,4,6,2,4,6,3,2,27,21,0,0,0,0,0,0,0,0,7,1,1,0,0,0,0,3,0,0,1,KRBKRNvK,DRAW,8/4k3/1B6/R7/8/6K1/8/3n1r2 w - - 0 1
0,1,0,0,0,0,0,1,-1,1,0,1,1,1,0,0,0,0,0,16,0,0,2,2,4,3,2,1,1,23,22,0,0,0,0,0,0,0,0,7,1,1,0,0,0,0,2,2,0,0,KRBKRNvK,DRAW,8/8/7R/2K4B/7n/3k4/8/5r2 b - - 0 1
0,1,0,0,0,0,0,1,-1,1,0,1,1,1,0,0,0,0,0,16,0,0,5,0,5,0,0,4,6,2,0,1,0,0,0,0,0,0,0,7,1,1,0,0,0,0,2,0,0,0,KRBKRNvK,DRAW,8/4B2r/K7/8/7n/8/8/k2R4 b - - 0 1
1,1,0,0,0,0,0,1,-1,1,0,1,1,1,0,0,0,0,0,16,0,0,5,0,7,5,6,6,3,26,23,0,0,0,0,0,0,0,0,7,1,1,0,0,0,0,2,0,1,0,KRBKRNvK,DRAW,K7/3B1k2/7r/8/1R6/8/8/6n1 w - - 0 1
0,1,0,0,0,0,0,1,-1,1,0,1,1,1,0,0,0,0,0,16,0,0,2,5,2,4,4,2,0,23,21,0,0,0,0,0,0,0,0,7,1,1,0,1,0,0,2,3,0,0,KRBKRNvK,DRAW,8/8/7n/1B2k3/1R6/5K2/r7/8 b - - 0 1
1,1,0,0,0,0,0,1,-1,1,0,1,1,1,0,0,0,0,0,16,0,0,3,6,0,3,2,5,1,30,22,0,0,0,0,0,0,0,0,7,1,1,0,0,0,0,2,3,1,0,KRBKRNvK,DRAW,8/8/7R/3r1n2/8/2Bk4/8/6K1 w - - 0 1
1,1,0,0,0,0,0,1,-1,1,0,1,1,1,0,0,0,0,0,16,0,0,5,6,4,1,7,2,5,29,21,0,0,0,0,0,0,0,0,7,1,1,0,1,0,0,2,1,0,1,KRBKRNvK,DRAW,1k6/4n3/8/6K1/8/R7/2r3B1/8 w - - 0 1
0,1,0,0,0,0,0,1,-1,1,0,1,1,1,0,0,0,0,0,16,0,0,2,0,4,1,6,3,4,6,0,1,0,0,0,0,0,0,0,7,1,1,0,0,0,0,3,2,0,0,KRBKRNvK,DRAW,8/1k6/8/K7/7R/4r3/8/1n5B b - - 0 1
1,1,0,0,0,0,0,1,-1,1,0,1,1,1,0,0,0,0,0,16,0,0,4,0,5,4,1,4,2,2,0,1,0,0,0,0,0,0,0,7,1,1,0,0,0,0,3,3,1,2,KRBKRNvK,DRAW,8/2n5/K7/6R1/1r6/8/4kB2/8 w - - 0 1
0,1,0,0,0,0,0,1,-1,1,0,1,1,1,0,0,0,0,0,16,0,0,3,2,4,3,7,1,3,3,0,1,0,0,0,0,0,0,0,7,1,1,0,0,0,0,3,1,0,1,KRBKRNvK,DRAW,R2k3B/8/6r1/1nK5/8/8/8/8 b - - 0 1
1,1,0,0,0,0,0,1,-1,1,0,1,1,1,0,0,0,0,0,16,0,0,6,0,1,6,5,5,3,24,18,0,0,0,0,0,0,0,0,7,1,1,0,0,0,0,0,0,1,0,KRBKRNvK,DRAW,5R2/8/n5k1/8/8/7B/K7/7r w - - 0 1
1,1,0,0,0,0,0,1,-1,1,0,1,1,1,0,0,0,0,0,16,0,0,6,1,1,7,2,4,4,26,18,0,0,0,0,0,0,0,0,7,1,1,0,0,0,0,2,0,0,0,KRBKRNvK,DRAW,8/8/8/B7/3R4/6rk/1K6/5n2 w - - 0 1
1,1,0,0,0,0,0,1,-1,1,0,1,1,1,0,0,0,0,0,16,0,0,2,1,0,3,2,5,1,3,0,1,0,0,0,0,0,0,0,7,1,1,0,0,0,0,2,2,0,0,KRBKRNvK,DRAW,4R3/1r6/8/8/7B/3k4/6n1/1K6 w - - 0 1
0,1,0,0,0,0,0,1,-1,1,0,1,1,1,0,0,0,0,0,16,0,0,5,4,7,1,2,3,3,20,22,0,0,0,0,0,0,0,0,7,1,1,0,0,0,0,0,2,0,0,KRBKRNvK,DRAW,4K3/6B1/5R2/8/nr6/1k6/8/8 b - - 0 1
0,1,0,0,0,0,0,1,-1,1,0,1,1,1,0,0,0,0,0,16,0,0,5,5,6,5,1,3,3,6,0,1,0,0,0,0,0,0,0,7,1,1,0,1,0,0,3,0,1,0,KRBKRNvK,DRAW,n6B/5K2/8/8/5R2/8/2r2k2/8 b - - 0 1
1,1,0,0,0,0,0,1,-1,1,0,1,1,1,0,0,0,0,0,16,0,0,3,3,5,6,3,1,2,22,22,0,0,0,0,0,0,0,0,7,1,1,1,0,0,0,2,1,0,0,KRBKRNvK,DRAW,6r1/1R6/3K2n1/8/1B4k1/8/8/8 w - - 0 1
0,1,0,0,0,0,0,1,-1,1,0,1,1,1,0,0,0,0,0,16,0,0,6,0,5,6,2,4,3,7,0,1,0,0,0,0,0,0,0,7,1,1,0,0,0,0,1,0,0,0,KRBKRNvK,DRAW,8/6r1/K7/4n3/3B4/R5k1/8/8 b - - 0 1
0,1,0,0,0,0,0,1,-1,1,0,1,1,1,0,0,0,0,0,16,0,0,6,2,0,5,6,4,3,21,21,0,0,0,0,0,0,0,0,7,1,1,0,0,0,0,2,2,1,1,KRBKRNvK,DRAW,8/5k2/3R4/4r3/8/B7/8/n1K5 b - - 0 1
0,1,0,0,0,0,0,1,-1,1,0,1,1,1,0,0,0,0,0,16,0,0,2,0,3,1,1,3,4,3,0,1,0,0,0,0,0,0,0,7,1,1,0,0,0,0,1,2,1,0,KRBKRNvK,DRAW,1n6/8/8/8/K3B3/1R6/1k6/3r4 b - - 0 1
1,1,0,0,0,0,0,1,-1,1,0,1,1,1,0,0,0,0,0,16,0,0,4,6,2,2,4,3,1,33,15,0,0,0,0,0,0,0,0,7,1,1,0,0,0,0,1,3,2,2,KRBKRNvK,DRAW,8/8/R7/2k1r3/4B3/6K1/8/6n1 w - - 0 1
1,1,0,0,0,0,0,1,-1,1,0,1,1,1,0,0,0,0,0,16,0,0,4,0,7,4,4,6,0,23,26,0,0,0,0,0,0,0,0,7,1,1,0,0,0,0,1,3,1,0,KRBKRNvK,DRAW,K7/5B2/8/1n2k3/7r/8/R7/8 w - - 0 1
0,1,0,0,0,0,0,1,-1,1,0,1,1,1,0,0,0,0,0,16,0,0,4,5,4,7,0,1,6,18,24,0,0,0,0,0,0,0,0,7,1,1,0,0,0,0,2,0,1,1,KRBKRNvK,DRAW,8/r6n/8/5K2/8/4R3/5B2/7k b - - 0 1
1,1,0,0,0,0,0,1,-1,1,0,1,1,1,0,0,0,0,0,16,0,0,4,5,2,1,0,2,5,28,18,0,0,0,0,0,0,0,0,7,1,1,0,0,0,0,4,0,0,1,KRBKRNvK,DRAW,3R4/1n4B1/8/8/8/5K2/8/1k4r1 w - - 0 1
1,1,0,0,0,0,0,1,-1,1,0,1,1,1,0,0,0,0,0,16,0,0,5,3,1,7,6,2,5,26,25,0,0,0,0,0,0,0,0,7,1,1,0,0,0,0,3,2,0,0,KRBKRNvK,DRAW,B7/4n2k/8/2r5/5R2/8/3K4/8 w - - 0 1
1,1,0,0,0,0,0,1,-1,1,0,1,1,1,0,0,0,0,0,16,0,0,5,0,1,5,6,5,3,25,27,0,0,0,0,0,0,0,0,7,1,1,0,0,0,0,2,0,1,0,KRBKRNvK,DRAW,8/5k2/1r6/6R1/4n3/8/K3B3/8 w - - 0 1
0,1,0,0,0,0,0,1,-1,1,0,1,1,1,0,0,0,0,0,16,0,0,3,4,1,6,4,2,2,26,24,0,0,0,0,0,0,0,0,7,1,1,0,0,0,0,1,2,0,2,KRBKRNvK,DRAW,6B1/8/8/6k1/8/3r4/4K1n1/1R6 b - - 0 1
0,1,0,0,0,0,0,1,-1,1,0,1,1,1,0,0,0,0,0,16,0,0,2,4,0,3,2,3,1,24,21,0,0,0,0,0,0,0,0,7,1,1,0,0,0,0,0,2,0,0,KRBKRNvK,DRAW,4n3/r7/6R1/7B/8/3k4/8/4K3 b - - 0 1
0,1,0,0,0,0,0,1,-1,1,0,1,1,1,0,0,0,0,0,16,0,0,2,3,1,5,0,2,4,1,0,1,0,0,0,0,0,0,0,7,1,1,0,0,0,0,2,0,1,0,KRBKRNvK,DRAW,r7/8/8/8/6R1/8/3KB3/n4k2 b - - 0 1
0,1,0,0,0,0,0,1,-1,1,0,1,1,1,0,0,0,0,0,16,0,0,3,3,0,2,3,3,1,22,23,0,0,0,0,0,0,0,0,7,1,1,0,0,0,0,3,2,0,0,KRBKRNvK,DRAW,3R4/8/5r2/8/2k5/7n/8/B2K4 b - - 0 1
0,1,0,0,0,0,0,1,-1,1,0,1,1,1,0,0,0,0,0,16,0,0,7,7,1,0,4,5,3,2,0,1,0,0,0,0,0,0,0,7,1,1,1,0,0,0,1,1,1,0,KRBKRNvK,DRAW,8/R6B/1n6/k7/8/1r6/7K/8 b - - 0 1
1,1,0,0,0,0,0,1,-1,1,0,1,1,1,0,0,0,0,0,16,0,0,7,7,1,0,1,5,5,4,0,1,0,0,0,0,0,0,0,7,1,1,0,0,0,0,2,2,1,1,KRBKRNvK,DRAW,5r2/8/8/B7/2R5/5n2/k6K/8 w - - 0 1
0,1,0,0,0,0,0,1,-1,1,0,1,1,1,0,0,0,0,0,16,0,0,5,2,4,7,2,1,4,27,19,0,0,0,0,0,0,0,0,7,1,1,0,0,0,0,3,2,0,1,KRBKRNvK,DRAW,8/8/1r6/2K5/8/5n1k/2B5/2R5 b - - 0 1
0,1,0,0,0,0,0,1,-1,1,0,1,1,1,0,0,0,0,0,16,0,0,5,3,1,2,6,2,3,7,0,1,0,0,0,0,0,0,0,7,1,1,0,0,0,0,2,1,0,0,KRBKRNvK,DRAW,8/r1k5/8/1n4R1/8/8/3K3B/8 b - - 0 1
0,1,0,0,0,0,0,1,-1,1,0,1,1,1,0,0,0,0,0,16,0,0,4,5,2,1,2,2,3,29,26,0,0,0,0,0,0,0,0,7,1,1,1,0,0,0,1,2,0,0,KRBKRNvK,DRAW,6r1/7R/2n5/8/8/1k3K2/8/5B2 b - - 0 1
0,1,0,0,0,0,0,1,-1,1,0,1,1,1,0,0,0,0,0,16,0,0,2,4,5,6,3,1,2,25,30,0,0,0,0,0,0,0,0,7,1,1,0,1,0,0,3,0,0,0,KRBKRNvK,DRAW,3R4/8/4K3/8/3B2k1/8/r7/5n2 b - - 0 1
0,1,0,0,0,0,0,1,-1,1,0,1,1,1,0,0,0,0,0,16,0,0,2,2,1,3,3,3,0,25,21,0,0,0,0,0,0,0,0,7,1,1,0,0,0,0,0,3,0,0,KRBKRNvK,DRAW,4B3/3n4/8/8/3k4/6R1/2K5/7r b - - 0 1
0,1,0,0,0,0,0,1,-1,1,0,1,1,1,0,0,0,0,0,16,0,0,5,7,7,2,2,6,2,27,22,0,0,0,0,0,0,0,0,7,1,1,0,0,0,0,2,2,0,0,KRBKRNvK,DRAW,R6K/8/8/8/5r2/2k5/3n4/7B b - - 0 1
0,1,0,0,0,0,0,1,-1,1,0,1,1,1,0,0,0,0,0,16,0,0,6,3,6,7,0,2,6,20,29,0,0,0,0,0,0,0,0,7,1,1,0,0,0,0,1,3,0,1,KRBKRNvK,DRAW,8/3K4/6R1/5r2/8/5n2/2B5/7k b - - 0 1
1,1,0,0,0,0,0,1,-1,1,0,1,1,1,0,0,0,0,0,16,0,0,2,1,7,1,5,5,3,22,19,0,0,0,0,0,0,0,0,7,1,1,0,0,0,0,0,1,1,0,KRBKRNvK,DRAW,1KR5/4B3/1k6/8/8/1r6/3n4/8 w - - 0 1
1,1,0,0,0,0,0,1,-1,1,0,1,1,1,0,0,0,0,0,16,0,0,5,1,5,1,0,3,5,31,18,0,0,0,0,0,0,0,0,7,1,1,0,1,0,0,3,0,1,0,KRBKRNvK,DRAW,8/8/1K1R4/8/8/2B5/7r/1k5n w - - 0 1
1,1,0,0,0,0,0,1,-1,1,0,1,1,1,0,0,0,0,0,16,0,0,6,7,1,1,5,5,3,19,29,0,0,0,0,0,0,0,0,7,1,1,0,0,0,0,2,2,0,0,KRBKRNvK,DRAW,6r1/8/1kn5/8/8/4R3/7K/2B5 w - - 0 1
1,1,0,0,0,0,0,1,-1,1,0,1,1,1,0,0,0,0,0,16,0,0,2,3,7,2,5,3,2,22,23,0,0,0,0,0,0,0,0,7,1,1,0,0,0,0,2,3,0,0,KRBKRNvK,DRAW,3K4/8/2k4B/5R2/4r3/1n6/8/8 w - - 0 1
0,1,0,0,0,0,0,1,-1,1,0,1,1,1,0,0,0,0,0,16,0,0,3,2,4,5,3,1,1,6,0,1,0,0,0,0,0,0,0,7,1,1,0,1,0,0,3,2,1,0,KRBKRNvK,DRAW,8/8/8/1BK5/3R1k2/8/r7/7n b - - 0 1
1,1,0,0,0,0,0,1,-1,1,0,1,1,1,0,0,0,0,0,16,0,0,6,3,1,2,7,2,4,19,18,0,0,0,0,0,0,0,0,7,1,1,0,0,0,0,1,3,0,1,KRBKRNvK,DRAW,2kr4/8/8/8/8/3n4/3K3B/7R w - - 0 1
0,1,0,0,0,0,0,1,-1,1,0,1,1,1,0,0,0,0,0,16,0,0,5,2,1,7,1,3,5,26,24,0,0,0,0,0,0,0,0,7,1,1,0,0,0,0,2,1,0,0,KRBKRNvK,DRAW,8/B7/4n3/8/4R3/8/2K4k/6r1 b - - 0 1
1,1,0,0,0,0,0,1,-1,1,0,1,1,1,0,0,0,0,0,16,0,0,2,7,2,6,0,4,5,18,21,0,0,0,0,0,0,0,0,7,1,1,0,0,0,0,3,2,0,1,KRBKRNvK,WIN,1B6/8/8/4R3/5r2/7K/1n6/6k1 w - - 0 1
0,1,0,0,0,0,0,1,-1,1,0,1,1,1,0,0,0,0,0,16,0,0,3,0,7,3,7,6,3,3,0,1,0,0,0,0,0,0,0,7,1,1,0,0,0,0,2,1,0,0,KRBKRNvK,DRAW,K2k4/8/8/5nB1/8/8/3R4/1r6 b - - 0 1
1,1,0,0,0,0,0,1,-1,1,0,1,1,1,0,0,0,0,0,16,0,0,3,0,0,3,1,6,2,30,24,0,0,0,0,0,0,0,0,7,1,1,0,0,0,0,1,1,1,0,KRBKRNvK,DRAW,5r2/8/8/6n1/4B3/7R/3k4/K7 w - - 0 1
0,1,0,0,0,0,0,1,-1,1,0,1,1,1,0,0,0,0,0,16,0,0,5,5,1,0,2,3,4,7,0,1,0,0,0,0,0,0,0,7,1,1,0,0,0,0,2,1,0,0,KRBKRNvK,DRAW,3R1B2/8/6r1/5n2/8/k7/5K2/8 b - - 0 1
1,1,0,0,0,0,0,1,-1,1,0,1,1,1,0,0,0,0,0,16,0,0,2,6,4,4,3,2,0,6,0,1,0,0,0,0,0,0,0,7,1,1,1,1,0,0,1,4,1,1,KRBKRNvK,DRAW,8/7R/4n3/4B1K1/4k3/8/4r3/8 w - - 0 1
1,1,0,0,0,0,0,1,-1,1,0,1,1,1,0,0,0,0,0,16,0,0,4,0,0,4,3,6,0,18,16,0,0,0,0,0,0,0,0,7,1,1,0,0,0,0,2,4,1,0,KRBKRNvK,WIN,8/1n6/8/8/4k2r/3R4/8/KB6 w - - 0 1
0,1,0,0,0,0,0,1,-1,1,0,1,1,1,0,0,0,0,0,16,0,0,6,0,3,6,2,3,3,6,0,1,0,0,0,0,0,0,0,7,1,1,0,1,0,0,1,0,1,0,KRBKRNvK,LOSS,8/n7/2R5/4B3/K7/6k1/7r/8 b - - 0 1
1,1,0,0,0,0,0,1,-1,1,0,1,1,1,0,0,0,0,0,16,0,0,6,2,1,1,7,3,5,27,25,0,0,0,0,0,0,0,0,7,1,1,0,0,0,0,2,1,0,1,KRBKRNvK,DRAW,1k4r1/8/8/3R4/2n5/8/2K5/B7 w - - 0 1
0,1,0,0,0,0,0,1,-1,1,0,1,1,1,0,0,0,0,0,16,0,0,6,5,7,1,1,4,4,4,0,1,0,0,0,0,0,0,0,7,1,1,0,0,0,0,2,2,1,1,KRBKRNvK,DRAW,5K2/8/6Br/8/1R6/2n5/1k6/8 b - - 0 1
1,1,0,0,0,0,0,1,-1,1,0,1,1,1,0,0,0,0,0,16,0,0,5,6,7,7,2,5,4,4,0,1,0,0,0,0,0,0,0,7,1,1,0,0,0,0,3,1,0,0,KRBKRNvK,DRAW,4R1K1/3n4/8/8/4B3/6rk/8/8 w - - 0 1
0,1,0,0,0,0,0,1,-1,1,0,1,1,1,0,0,0,0,0,16,0,0,4,4,2,0,2,1,4,4,0,1,0,0,0,0,0,0,0,7,1,1,0,0,0,0,2,1,2,0,KRBKRNvK,DRAW,8/6r1/6n1/8/1BR5/k3K3/8/8 b - - 0 1
0,1,0,0,0,0,0,1,-1,1,0,1,1,1,0,0,0,0,0,16,0,0,2,6,7,5,5,5,2,4,0,1,0,0,0,0,0,0,0,7,1,1,0,0,0,0,0,2,1,1,KRBKRNvK,DRAW,6K1/8/2R2kn1/r6B/8/8/8/8 b - - 0 1
0,1,0,0,0,0,0,1,-1,1,0,1,1,1,0,0,0,0,0,16,0,0,4,4,6,2,2,2,2,4,0,1,0,0,0,0,0,0,0,7,1,1,1,0,0,0,1,1,1,0,KRBKRNvK,DRAW,8/1R2K3/8/4B3/8/r1k5/n7/8 b - - 0 1
1,1,0,0,0,0,0,1,-1,1,0,1,1,1,0,0,0,0,0,16,0,0,2,3,5,4,3,1,0,22,18,0,0,0,0,0,0,0,0,7,1,1,0,1,0,0,2,3,1,0,KRBKRNvK,DRAW,8/8/3K3R/8/4k3/8/2r1B3/6n1 w - - 0 1
1,1,0,0,0,0,0,1,-1,1,0,1,1,1,0,0,0,0,0,16,0,0,2,2,1,4,2,3,1,26,23,0,0,0,0,0,0,0,0,7,1,1,0,0,0,0,0,3,0,0,KRBKRNvK,DRAW,4B3/8/5n2/8/8/4k1r1/2K5/1R6 w - - 0 1
0,1,0,0,0,0,0,1,-1,1,0,1,1,1,0,0,0,0,0,16,0,0,2,3,6,4,4,2,0,4,0,1,0,0,0,0,0,0,0,7,1,1,0,0,0,0,1,3,0,0,KRBKRNvK,DRAW,7B/3K4/8/4k3/8/r7/1R6/1n6 b - - 0 1
0,1,0,0,0,0,0,1,-1,1,0,1,1,1,0,0,0,0,0,16,0,0,4,5,5,1,2,2,3,24,28,0,0,0,0,0,0,0,0,7,1,1,0,0,0,0,2,1,2,0,KRBKRNvK,DRAW,8/8/5K2/1B1R4/8/1k5r/4n3/8 b - - 0 1
1,1,0,0,0,0,0,1,-1,1,0,1,1,1,0,0,0,0,0,16,0,0,5,2,6,6,1,3,4,5,0,1,0,0,0,0,0,0,0,7,1,1,0,0,0,0,0,0,0,1,KRBKRNvK,DRAW,7R/r1K5/8/8/1B2n3/8/6k1/8 w - - 0 1
0,1,0,0,0,0,0,1,-1,1,0,1,1,1,0,0,0,0,0,16,0,0,4,3,1,7,1,2,5,6,0,1,0,0,0,0,0,0,0,7,1,1,0,0,0,0,2,0,0,0,KRBKRNvK,DRAW,1B6/n4r2/8/2R5/8/8/3K3k/8 b - - 0 1
1,1,0,0,0,0,0,1,-1,1,0,1,1,1,0,0,0,0,0,16,0,0,2,5,4,3,5,1,1,23,26,0,0,0,0,0,0,0,0,7,1,1,0,0,0,0,3,3,0,1,KRBKRNvK,DRAW,B7/8/3kn3/5K2/8/8/6R1/r7 w - - 0 1
1,1,0,0,0,0,0,1,-1,1,0,1,1,1,0,0,0,0,0,16,0,0,6,0,4,6,0,3,5,4,0,1,0,0,0,0,0,0,0,7,1,1,0,1,0,0,2,2,0,1,KRBKRNvK,DRAW,8/1n6/8/K4B2/R7/8/4r3/6k1 w - - 0 1
1,1,0,0,0,0,0,1,-1,1,0,1,1,1,0,0,0,0,0,16,0,0,5,6,3,1,5,2,3,7,0,1,0,0,0,0,0,0,0,7,1,1,0,0,0,0,3,0,0,0,KRBKRNvK,LOSS,6r1/8/1k6/8/6K1/8/3R4/Bn6 w - - 0 1
1,1,0,0,0,0,0,1,-1,1,0,1,1,1,0,0,0,0,0,16,0,0,2,2,5,2,3,2,1,4,0,1,0,0,0,0,0,0,0,7,1,1,0,0,0,0,1,2,1,2,KRBKRNvK,LOSS,8/3B4/2K5/8/rnk5/R7/8/8 w - - 0 1
1,1,0,0,0,0,0,1,-1,1,0,1,1,1,0,0,0,0,0,16,0,0,3,6,0,3,0,5,3,2,0,1,0,0,0,0,0,0,0,7,1,1,0,0,0,0,0,1,1,1,KRBKRNvK,DRAW,7R/8/8/8/8/8/3n4/2Bk1rK1 w - - 0 1
0,1,0,0,0,0,0,1,-1,1,0,1,1,1,0,0,0,0,0,16,0,0,2,4,7,4,5,3,1,16,18,0,0,0,0,0,0,0,0,7,1,1,0,0,0,0,3,3,0,0,KRBKRNvK,DRAW,4K3/7B/4k3/7R/4r3/8/8/6n1 b - - 0 1
0,1,0,0,0,0,0,1,-1,1,0,1,1,1,0,0,0,0,0,16,0,0,2,6,4,7,2,2,4,21,27,0,0,0,0,0,0,0,0,7,1,1,0,0,0,0,2,2,0,1,KRBKRNvK,DRAW,8/6B1/8/6K1/5r2/1n5k/R7/8 b - - 0 1
1,1,0,0,0,0,0,1,-1,1,0,1,1,1,0,0,0,0,0,16,0,0,4,2,2,6,6,2,4,25,20,0,0,0,0,0,0,0,0,7,1,1,0,0,0,0,2,2,1,1,KRBKRNvK,DRAW,8/6k1/7R/6r1/8/n1K5/7B/8 w - - 0 1
0,1,0,0,0,0,0,1,-1,1,0,1,1,1,0,0,0,0,0,16,0,0,5,0,2,4,7,4,3,22,26,0,0,0,0,0,0,0,0,7,1,1,0,1,0,0,1,0,0,1,KRBKRNvK,DRAW,4k3/8/8/3B4/7n/KR6/2r5/8 b - - 0 1
1,1,0,0,0,0,0,1,-1,1,0,1,1,1,0,0,0,0,0,16,0,0,3,5,0,6,3,4,2,22,23,0,0,0,0,0,0,0,0,7,1,1,0,1,0,0,2,0,1,0,KRBKRNvK,DRAW,4B3/1n6/4R3/8/6k1/8/1r6/5K2 w - - 0 1
0,1,0,0,0,0,0,1,-1,1,0,1,1,1,0,0,0,0,0,16,0,0,3,6,3,3,5,2,1,26,20,0,0,0,0,0,0,0,0,7,1,1,0,0,0,0,2,2,0,1,KRBKRNvK,DRAW,8/5r2/B2k4/8/R4nK1/8/8/8 b - - 0 1
1,1,0,0,0,0,0,1,-1,1,0,1,1,1,0,0,0,0,0,16,0,0,3,2,7,0,4,4,3,7,0,1,0,0,0,0,0,0,0,7,1,1,0,0,0,0,3,2,0,0,KRBKRNvK,DRAW,2K5/8/3B4/k7/7R/5n2/8/2r5 w - - 0 1
1,1,0,0,0,0,0,1,-1,1,0,1,1,1,0,0,0,0,0,16,0,0,4,5,2,1,4,2,2,5,0,1,0,0,0,0,0,0,0,7,1,1,0,0,0,0,3,2,0,1,KRBKRNvK,DRAW,8/8/5B2/1k6/5R2/1n1r1K2/8/8 w - - 0 1
1,1,0,0,0,0,0,1,-1,1,0,1,1,1,0,0,0,0,0,16,0,0,4,2,3,5,7,1,4,5,0,1,0,0,0,0,0,0,0,7,1,1,0,0,0,0,3,1,0,1,KRBKRNvK,DRAW,5k2/8/R7/8/2K5/7r/3n3B/8 w - - 0 1
0,1,0,0,0,0,0,1,-1,1,0,1,1,1,0,0,0,0,0,16,0,0,3,4,4,7,2,0,4,21,24,0,0,0,0,0,0,0,0,7,1,1,0,0,0,0,3,0,1,0,KRBKRNvK,DRAW,2r5/8/8/4K3/8/7k/8/1Rn3B1 b - - 0 1
1,1,0,0,0,0,0,1,-1,1,0,1,1,1,0,0,0,0,0,16,0,0,2,6,3,6,5,2,3,2,0,1,0,0,0,0,0,0,0,7,1,1,0,0,0,0,1,2,0,2,KRBKRNvK,DRAW,8/8/6k1/8/3Br1K1/2R5/4n3/8 w - - 0 1
0,1,0,0,0,0,0,1,-1,1,0,1,1,1,0,0,0,0,0,16,0,0,3,3,0,3,3,3,0,24,21,0,0,0,0,0,0,0,0,7,1,1,0,0,0,0,1,3,0,0,KRBKRNvK,DRAW,4R3/2B5/8/4n1r1/3k4/8/8/3K4 b - - 0 1
1,1,0,0,0,0,0,1,-1,1,0,1,1,1,0,0,0,0,0,16,0,0,2,6,3,4,1,2,2,27,21,0,0,0,0,0,0,0,0,7,1,1,0,0,0,0,2,2,0,0,KRBKRNvK,DRAW,8/8/1rn5/5R2/6K1/8/4k2B/8 w - - 0 1
1,1,0,0,0,0,0,1,-1,1,0,1,1,1,0,0,0,0,0,16,0,0,2,1,4,3,6,2,2,32,16,0,0,0,0,0,0,0,0,7,1,1,0,0,0,0,1,0,0,0,KRBKRNvK,DRAW,8/3k1r2/8/1K6/5B2/7n/6R1/8 w - - 0 1
0,1,0,0,0,0,0,1,-1,1,0,1,1,1,0,0,0,0,0,16,0,0,5,5,1,0,1,3,5,23,27,0,0,0,0,0,0,0,0,7,1,1,0,0,0,0,2,2,0,0,KRBKRNvK,DRAW,5R2/1n6/2B5/4r3/8/8/k4K2/8 b - - 0 1
0,1,0,0,0,0,0,1,-1,1,0,1,1,1,0,0,0,0,0,16,0,0,6,4,7,7,1,3,5,2,0,1,0,0,0,0,0,0,0,7,1,1,0,0,0,0,2,0,0,1,KRBKRNvK,DRAW,3nK3/r7/8/4B1R1/8/8/7k/8 b - - 0 1
1,1,0,0,0,0,0,1,-1,1,0,1,1,1,0,0,0,0,0,16,0,0,7,7,4,0,7,3,6,31,19,0,0,0,0,0,0,0,0,7,1,1,0,0,0,0,1,1,1,0,KRBKRNvK,WIN,k7/r7/1R6/4B2K/8/8/5n2/8 w - - 0 1
0,1,0,0,0,0,0,1,-1,1,0,1,1,1,0,0,0,0,0,16,0,0,3,1,2,4,4,3,0,24,25,0,0,0,0,0,0,0,0,7,1,1,0,1,0,0,2,4,1,1,KRBKRNvK,DRAW,8/3n4/8/4k3/6R1/1K6/r7/2B5 b - - 0 1
1,1,0,0,0,0,0,1,-1,1,0,1,1,1,0,0,0,0,0,16,0,0,7,0,1,7,3,5,3,22,25,0,0,0,0,0,0,0,0,7,1,1,0,0,0,0,0,2,1,0,KRBKRNvK,WIN,8/3n4/4r3/8/7k/8/K4R2/4B3 w - - 0 1
0,1,0,0,0,0,0,1,-1,1,0,1,1,1,0,0,0,0,0,16,0,0,5,7,1,2,4,5,1,6,0,1,0,0,0,0,0,0,0,7,1,1,0,0,0,0,2,3,0,1,KRBKRNvK,DRAW,B1R1n3/8/8/2k5/5r2/8/7K/8 b - - 0 1
0,1,0,0,0,0,0,1,-1,1,0,1,1,1,0,0,0,0,0,16,0,0,2,5,7,3,5,4,1,22,20,0,0,0,0,0,0,0,0,7,1,1,0,0,0,0,1,2,0,0,KRBKRNvK,DRAW,5K2/B7/3k4/8/8/6r1/5R2/n7 b - - 0 1
0,1,0,0,0,0,0,1,-1,1,0,1,1,1,0,0,0,0,0,16,0,0,4,1,0,1,4,5,2,23,19,0,0,0,0,0,0,0,0,7,1,1,0,0,0,0,2,1,1,1,KRBKRNvK,DRAW,8/8/3R4/1k6/8/1n4r1/7B/1K6 b - - 0 1
0,1,0,0,0,0,0,1,-1,1,0,1,1,1,0,0,0,0,0,16,0,0,5,6,2,1,7,3,5,4,0,1,0,0,0,0,0,0,0,7,1,1,0,0,0,0,2,2,0,1,KRBKRNvK,DRAW,1k6/3r4/8/8/8/6K1/1R6/6nB b - - 0 1
1,1,0,0,0,0,0,1,-1,1,0,1,1,1,0,0,0,0,0,16,0,0,4,6,0,2,1,5,3,6,0,1,0,0,0,0,0,0,0,7,1,1,0,0,0,0,3,0,1,0,KRBKRNvK,DRAW,6r1/8/8/3nB3/8/8/2k5/4R1K1 w - - 0 1
1,1,0,0,0,0,0,1,-1,1,0,1,1,1,0,0,0,0,0,16,0,0,6,5,0,0,6,4,5,3,0,1,0,0,0,0,0,0,0,7,1,1,0,0,0,0,1,2,0,1,KRBKRNvK,DRAW,8/k7/8/8/8/1n6/7R/1B1r1K2 w - - 0 1
1,1,0,0,0,0,0,1,-1,1,0,1,1,1,0,0,0,0,0,16,0,0,3,1,0,3,3,5,0,31,24,0,0,0,0,0,0,0,0,7,1,1,0,0,0,0,1,3,2,0,KRBKRNvK,DRAW,2n5/6r1/8/8/3kB3/8/5R2/1K6 w - - 0 1
1,1,0,0,0,0,0,1,-1,1,0,1,1,1,0,0,0,0,0,16,0,0,3,1,2,4,5,3,1,25,24,0,0,0,0,0,0,0,0,7,1,1,0,0,0,0,2,2,0,0,KRBKRNvK,DRAW,3n4/8/4k3/8/1R6/1K6/8/5rB1 w - - 0 1
0,1,0,0,0,0,0,1,-1,1,0,1,1,1,0,0,0,0,0,16,0,0,6,0,3,6,7,3,5,18,23,0,0,0,0,0,0,0,0,7,1,1,0,0,0,0,2,1,0,0,KRBKRNvK,DRAW,6k1/8/B7/8/K7/3R4/4n3/4r3 b - - 0 1
0,1,0,0,0,0,0,1,-1,1,0,1,1,1,0,0,0,0,0,16,0,0,6,7,1,4,7,5,3,21,22,0,0,0,0,0,0,0,0,7,1,1,0,0,0,0,0,2,0,0,KRBKRNvK,DRAW,4kn2/8/8/8/2r5/8/5R1K/5B2 b - - 0 1
0,1,0,0,0,0,0,1,-1,1,0,1,1,1,0,0,0,0,0,16,0,0,6,7,5,1,0,4,5,4,0,1,0,0,0,0,0,0,0,7,1,1,1,0,0,0,1,2,0,1,KRBKRNvK,DRAW,8/1R4n1/7K/2r1B3/8/8/8/1k6 b - - 0 1
0,1,0,0,0,0,0,1,-1,1,0,1,1,1,0,0,0,0,0,16,0,0,5,2,2,1,7,2,5,22,30,0,0,0,0,0,0,0,0,7,1,1,0,0,0,0,2,0,0,1,KRBKRNvK,DRAW,1k6/1n2B3/8/8/8/2K5/3R4/r7 b - - 0 1
0,1,0,0,0,0,0,1,-1,1,0,1,1,1,0,0,0,0,0,16,0,0,3,7,6,6,3,5,2,24,21,0,0,0,0,0,0,0,0,7,1,1,0,0,0,0,3,1,0,0,KRBKRNvK,DRAW,8/2r1n2K/8/8/6k1/8/8/4R1B1 b - - 0 1
1,1,0,0,0,0,0,1,-1,1,0,1,1,1,0,0,0,0,0,16,0,0,3,6,5,3,5,3,1,29,27,0,0,0,0,0,0,0,0,7,1,1,1,0,0,0,0,2,0,0,KRBKRNvK,DRAW,8/7R/3k2K1/8/3n4/r7/4B3/8 w - - 0 1
0,1,0,0,0,0,0,1,-1,1,0,1,1,1,0,0,0,0,0,16,0,0,2,4,0,6,0,3,5,21,21,0,0,0,0,0,0,0,0,7,1,1,0,0,0,0,0,0,0,0,KRBKRNvK,DRAW,3n1R2/8/8/8/8/1r6/8/2B1K1k1 b - - 0 1
0,1,0,0,0,0,0,1,-1,1,0,1,1,1,0,0,0,0,0,16,0,0,3,5,4,6,7,1,5,21,26,0,0,0,0,0,0,0,0,7,1,1,0,0,0,0,4,1,0,0,KRBKRNvK,DRAW,2r3k1/8/B7/5K2/8/3R4/2n5/8 b - - 0 1
1,1,0,0,0,0,0,1,-1,1,0,1,1,1,0,0,0,0,0,16,0,0,5,5,7,2,2,4,2,23,20,0,0,0,0,0,0,0,0,7,1,1,1,0,0,0,1,1,0,0,KRBKRNvK,DRAW,5KB1/7R/8/8/8/2k5/8/1n4r1 w - - 0 1
0,1,0,0,0,0,0,1,-1,1,0,1,1,1,0,0,0,0,0,16,0,0,5,2,5,7,3,2,3,5,0,1,0,0,0,0,0,0,0,7,1,1,0,1,0,0,4,2,0,0,KRBKRNvK,DRAW,7n/8/2K5/8/2R4k/8/1B1r4/8 b - - 0 1
0,1,0,0,0,0,0,1,-1,1,0,1,1,1,0,0,0,0,0,16,0,0,2,1,3,0,5,2,4,21,22,0,0,0,0,0,0,0,0,7,1,1,1,1,0,0,0,1,0,1,KRBKRNvK,DRAW,8/7R/k7/8/1K4n1/8/2r5/4B3 b - - 0 1
1,1,0,0,0,0,0,1,-1,1,0,1,1,1,0,0,0,0,0,16,0,0,6,1,2,7,7,3,6,6,0,1,0,0,0,0,0,0,0,7,1,1,0,0,0,0,3,0,0,0,KRBKRNvK,DRAW,7k/7n/1r6/8/R7/1K6/6B1/8 w - - 0 1
1,1,0,0,0,0,0,1,-1,1,0,1,1,1,0,0,0,0,0,16,0,0,2,0,5,1,3,4,2,3,0,1,0,0,0,0,0,0,0,7,1,1,0,0,0,0,0,1,1,1,KRBKRNvK,DRAW,6r1/2n5/K7/1B6/1k6/8/7R/8 w - - 0 1
0,1,0,0,0,0,0,1,-1,1,0,1,1,1,0,0,0,0,0,16,0,0,4,6,5,2,2,3,2,25,23,0,0,0,0,0,0,0,0,7,1,1,0,0,0,0,2,2,0,0,KRBKRNvK,DRAW,2B1R3/8/6K1/1n1r4/8/2k5/8/8 b - - 0 1
1,1,0,0,0,0,0,1,-1,1,0,1,1,1,0,0,0,0,0,16,0,0,3,4,3,7,5,0,4,6,0,1,0,0,0,0,0,0,0,7,1,1,0,0,0,0,4,2,1,1,KRBKRNvK,DRAW,8/7B/7k/3R4/1r2K3/8/4n3/8 w - - 0 1
1,1,0,0,0,0,0,1,-1,1,0,1,1,1,0,0,0,0,0,16,0,0,4,5,0,6,4,4,2,27,24,0,0,0,0,0,0,0,0,7,1,1,0,0,0,0,2,3,1,0,KRBKRNvK,DRAW,8/8/4n3/2r3k1/8/5B2/8/R4K2 w - - 0 1
0,1,0,0,0,0,0,1,-1,1,0,1,1,1,0,0,0,0,0,16,0,0,4,7,1,3,1,5,2,25,32,0,0,0,0,0,0,0,0,7,1,1,0,0,0,0,2,0,1,0,KRBKRNvK,DRAW,1n6/8/5r2/3B4/1R6/8/3k3K/8 b - - 0 1
0,1,0,0,0,0,0,1,-1,1,0,1,1,1,0,0,0,0,0,16,0,0,2,5,5,3,7,2,3,16,25,0,0,0,0,0,0,0,0,7,1,1,0,0,0,0,3,1,1,2,KRBKRNvK,DRAW,3k4/6r1/3nBK2/8/8/3R4/8/8 b - - 0 1
1,1,0,0,0,0,0,1,-1,1,0,1,1,1,0,0,0,0,0,16,0,0,2,4,6,6,6,2,4,28,23,0,0,0,0,0,0,0,0,7,1,1,0,0,0,0,2,1,0,0,KRBKRNvK,DRAW,8/4K1k1/8/8/6n1/1B5r/3R4/8 w - - 0 1
1,1,0,0,0,0,0,1,-1,1,0,1,1,1,0,0,0,0,0,16,0,0,4,4,7,6,3,3,2,4,0,1,0,0,0,0,0,0,0,7,1,1,0,1,0,0,0,2,1,0,KRBKRNvK,DRAW,4K3/8/6R1/B5n1/6k1/8/4r3/8 w - - 0 1
1,1,0,0,0,0,0,1,-1,1,0,1,1,1,0,0,0,0,0,16,0,0,7,0,0,7,2,6,4,24,19,0,0,0,0,0,0,0,0,7,1,1,0,1,0,0,3,2,1,0,KRBKRNvK,DRAW,8/2B5/7n/8/6R1/7k/3r4/K7 w - - 0 1
1,1,0,0,0,0,0,1,-1,1,0,1,1,1,0,0,0,0,0,16,0,0,5,3,2,5,7,1,4,7,0,1,0,0,0,0,0,0,0,7,1,1,0,0,0,0,3,0,0,1,KRBKRNvK,DRAW,5k2/8/5r2/8/2B5/R2K4/1n6/8 w - - 0 1
0,1,0,0,0,0,0,1,-1,1,0,1,1,1,0,0,0,0,0,16,0,0,2,6,7,4,7,5,3,2,0,1,0,0,0,0,0,0,0,7,1,1,0,0,0,0,2,2,0,0,KRBKRNvK,DRAW,4k1K1/8/8/r7/4R1Bn/8/8/8 b - - 0 1
1,1,0,0,0,0,0,1,-1,1,0,1,1,1,0,0,0,0,0,16,0,0,2,3,3,2,1,0,3,27,19,0,0,0,0,0,0,0,0,7,1,1,1,1,0,0,4,0,0,0,KRBKRNvK,DRAW,8/3R4/8/8/3K4/5B2/n1k4r/8 w - - 0 1
0,1,0,0,0,0,0,1,-1,1,0,1,1,1,0,0,0,0,0,16,0,0,7,7,2,0,3,4,3,24,24,0,0,0,0,0,0,0,0,7,1,1,0,0,0,0,1,3,0,0,KRBKRNvK,DRAW,8/4r3/8/1n6/k7/7K/8/1B4R1 b - - 0 1
0,1,0,0,0,0,0,1,-1,1,0,1,1,1,0,0,0,0,0,16,0,0,5,2,1,7,5,3,4,16,26,0,0,0,0,0,0,0,0,7,1,1,0,0,0,0,2,1,0,2,KRBKRNvK,DRAW,8/8/7k/3R4/8/6B1/2Kn4/3r4 b - - 0 1
0,1,0,0,0,0,0,1,-1,1,0,1,1,1,0,0,0,0,0,16,0,0,7,0,4,7,6,3,5,6,0,1,0,0,0,0,0,0,0,7,1,1,0,0,0,0,2,2,0,1,KRBKRNvK,LOSS,8/7k/8/K7/2R3r1/n2B4/8/8 b - - 0 1
0,1,0,0,0,0,0,1,-1,1,0,1,1,1,0,0,0,0,0,16,0,0,3,4,3,7,1,0,5,22,22,0,0,0,0,0,0,0,0,7,1,1,0,0,0,0,3,2,0,1,KRBKRNvK,DRAW,8/8/n2r4/R7/4K3/8/B6k/8 b - - 0 1
1,1,0,0,0,0,0,1,-1,1,0,1,1,1,0,0,0,0,0,16,0,0,2,3,1,5,3,2,1,6,0,1,0,0,0,0,0,0,0,7,1,1,0,0,0,0,0,4,2,1,KRBKRNvK,LOSS,8/8/7R/7r/5k1B/1n6/3K4/8 w - - 0 1
1,1,0,0,0,0,0,1,-1,1,0,1,1,1,0,0,0,0,0,16,0,0,5,2,4,7,3,1,3,25,19,0,0,0,0,0,0,0,0,7,1,1,1,0,0,0,2,1,1,1,KRBKRNvK,DRAW,8/3R4/8/1nK5/6Bk/8/8/1r6 w - - 0 1
1,1,0,0,0,0,0,1,-1,1,0,1,1,1,0,0,0,0,0,16,0,0,4,1,0,5,2,5,2,30,22,0,0,0,0,0,0,0,0,7,1,1,1,0,0,0,1,2,0,0,KRBKRNvK,DRAW,8/7R/8/8/2B5/4rk2/5n2/1K6 w - - 0 1
1,1,0,0,0,0,0,1,-1,1,0,1,1,1,0,0,0,0,0,16,0,0,3,5,4,2,6,1,3,26,22,0,0,0,0,0,0,0,0,7,1,1,0,0,0,0,3,2,0,0,KRBKRNvK,DRAW,6n1/2k5/8/5K2/1R6/3B4/8/4r3 w - - 0 1
0,1,0,0,0,0,0,1,-1,1,0,1,1,1,0,0,0,0,0,16,0,0,4,3,3,0,7,0,6,19,31,0,0,0,0,0,0,0,0,7,1,1,0,0,0,0,3,0,0,0,KRBKRNvK,WIN,k7/7r/8/8/3K2B1/8/8/n3R3 b - - 0 1
0,1,0,0,0,0,0,1,-1,1,0,1,1,1,0,0,0,0,0,16,0,0,6,1,5,7,5,3,4,1,0,1,0,0,0,0,0,0,0,7,1,1,1,0,0,0,1,0,1,0,KRBKRNvK,DRAW,6r1/7R/1K5k/8/4B3/8/8/6n1 b - - 0 1
1,1,0,0,0,0,0,1,-1,1,0,1,1,1,0,0,0,0,0,16,0,0,4,6,1,5,5,4,2,23,25,0,0,0,0,0,0,0,0,7,1,1,0,0,0,0,3,3,0,0,KRBKRNvK,DRAW,8/8/5k2/1n6/8/3r4/6K1/4R1B1 w - - 0 1
1,1,0,0,0,0,0,1,-1,1,0,1,1,1,0,0,0,0,0,16,0,0,2,2,2,2,0,2,4,4,0,1,0,0,0,0,0,0,0,7,1,1,0,1,0,0,1,1,0,1,KRBKRNvK,DRAW,8/4B3/1R6/8/8/2K3n1/2r5/2k5 w - - 0 1
0,1,0,0,0,0,0,1,-1,1,0,1,1,1,0,0,0,0,0,16,0,0,2,3,2,1,2,1,3,18,19,0,0,0,0,0,0,0,0,7,1,1,0,0,0,0,3,3,1,1,KRBKRNvK,DRAW,8/8/8/1r4n1/8/1k1K4/4R3/1B6 b - - 0 1
0,1,0,0,0,0,0,1,-1,1,0,1,1,1,0,0,0,0,0,16,0,0,3,6,2,3,1,3,2,7,0,1,0,0,0,0,0,0,0,7,1,1,0,0,0,0,0,2,0,1,KRBKRNvK,DRAW,2B5/8/3r4/8/8/6K1/3k2R1/6n1 b - - 0 1
0,1,0,0,0,0,0,1,-1,1,0,1,1,1,0,0,0,0,0,16,0,0,6,1,6,6,0,4,5,5,0,1,0,0,0,0,0,0,0,7,1,1,0,0,0,0,1,2,0,0,KRBKRNvK,DRAW,8/1K5B/8/8/2r5/8/4n3/R5k1 b - - 0 1
1,1,0,0,0,0,0,1,-1,1,0,1,1,1,0,0,0,0,0,16,0,0,3,7,4,4,6,3,2,17,17,0,0,0,0,0,0,0,0,7,1,1,0,1,0,0,0,1,0,0,KRBKRNvK,DRAW,8/4k3/7R/7K/B7/8/5nr1/8 w - - 0 1
0,1,0,0,0,0,0,1,-1,1,0,1,1,1,0,0,0,0,0,16,0,0,2,6,3,4,2,2,1,18,28,0,0,0,0,0,0,0,0,7,1,1,0,1,0,0,1,2,2,0,KRBKRNvK,DRAW,8/8/8/4B3/6K1/4k3/r1n5/6R1 b - - 0 1
1,1,0,0,0,0,0,1,-1,1,0,1,1,1,0,0,0,0,0,16,0,0,4,6,6,2,7,4,4,8,0,1,0,0,0,0,0,0,0,7,1,1,0,0,0,0,2,0,0,0,KRBKRNvK,DRAW,2k5/1r4K1/8/8/1B6/4R3/7n/8 w - - 0 1
1,1,0,0,0,0,0,1,-1,1,0,1,1,1,0,0,0,0,0,16,0,0,3,7,6,7,3,5,3,23,17,0,0,0,0,0,0,0,0,7,1,1,0,0,0,0,0,0,0,0,KRBKRNvK,DRAW,8/n6K/r7/8/7k/2R5/3B4/8 w - - 0 1
1,1,0,0,0,0,0,1,-1,1,0,1,1,1,0,0,0,0,0,16,0,0,4,1,2,5,2,3,2,30,25,0,0,0,0,0,0,0,0,7,1,1,0,0,0,0,2,3,1,0,KRBKRNvK,DRAW,8/8/3r4/4n1B1/2R5/1K3k2/8/8 w - - 0 1
0,1,0,0,0,0,0,1,-1,1,0,1,1,1,0,0,0,0,0,16,0,0,2,2,1,2,3,3,1,25,14,0,0,0,0,0,0,0,0,7,1,1,0,0,0,0,0,2,0,1,KRBKRNvK,WIN,8/r7/8/8/2k5/8/2K1n2R/3B4 b - - 0 1
0,1,0,0,0,0,0,1,-1,1,0,1,1,1,0,0,0,0,0,16,0,0,4,0,0,4,4,6,0,26,22,0,0,0,0,0,0,0,0,7,1,1,0,0,0,0,0,3,0,0,KRBKRNvK,DRAW,8/8/R7/3nk3/8/6r1/8/K4B2 b - - 0 1
1,1,0,0,0,0,0,1,-1,1,0,1,1,1,0,0,0,0,0,16,0,0,3,2,1,1,4,3,2,28,24,0,0,0,0,0,0,0,0,7,1,1,0,0,0,0,3,2,0,0,KRBKRNvK,DRAW,5r2/8/8/1k6/6R1/5n2/2K5/B7 w - - 0 1
0,1,0,0,0,0,0,1,-1,1,0,1,1,1,0,0,0,0,0,16,0,0,2,5,7,4,5,4,1,21,24,0,0,0,0,0,0,0,0,7,1,1,0,0,0,0,2,2,1,0,KRBKRNvK,DRAW,5K2/8/B3k3/6R1/8/7r/8/5n2 b - - 0 1
0,1,0,0,0,0,0,1,-1,1,0,1,1,1,0,0,0,0,0,16,0,0,3,4,2,7,4,1,3,18,24,0,0,0,0,0,0,0,0,7,1,1,0,0,0,0,3,2,1,0,KRBKRNvK,DRAW,8/1n1r4/4R3/5B1k/8/4K3/8/8 b - - 0 1
0,1,0,0,0,0,0,1,-1,1,0,1,1,1,0,0,0,0,0,16,0,0,4,7,4,3,0,3,3,20,20,0,0,0,0,0,0,0,0,7,1,1,0,1,0,0,2,0,0,0,KRBKRNvK,DRAW,8/8/B7/7K/R7/8/6r1/3k3n b - - 0 1
1,1,0,0,0,0,0,1,-1,1,0,1,1,1,0,0,0,0,0,16,0,0,2,4,2,4,0,1,3,22,19,0,0,0,0,0,0,0,0,7,1,1,0,0,0,0,2,2,0,0,KRBKRNvK,WIN,8/7B/2R5/8/1r6/4K3/7n/4k3 w - - 0 1
1,1,0,0,0,0,0,1,-1,1,0,1,1,1,0,0,0,0,0,16,0,0,5,4,5,6,0,1,5,22,20,0,0,0,0,0,0,0,0,7,1,1,0,0,0,0,4,0,0,1,KRBKRNvK,DRAW,2n4r/8/4K3/3B4/4R3/8/8/6k1 w - - 0 1
1,1,0,0,0,0,0,1,-1,1,0,1,1,1,0,0,0,0,0,16,0,0,7,7,5,0,6,4,5,27,24,0,0,0,0,0,0,0,0,7,1,1,0,0,0,0,1,3,0,0,KRBKRNvK,DRAW,8/k1n5/7K/8/2B5/4r3/7R/8 w - - 0 1
1,1,0,0,0,0,0,1,-1,1,0,1,1,1,0,0,0,0,0,16,0,0,3,0,5,3,6,4,2,28,21,0,0,0,0,0,0,0,0,7,1,1,0,0,0,0,3,0,0,0,KRBKRNvK,DRAW,8/3k1r2/K6n/8/3B2R1/8/8/8 w - - 0 1
1,1,0,0,0,0,0,1,-1,1,0,1,1,1,0,0,0,0,0,16,0,0,2,3,3,1,1,0,4,23,24,0,0,0,0,0,0,0,0,7,1,1,0,0,0,0,3,1,0,2,KRBKRNvK,DRAW,8/8/8/7B/3K4/2r5/1k3n2/6R1 w - - 0 1
0,1,0,0,0,0,0,1,-1,1,0,1,1,1,0,0,0,0,0,16,0,0,5,1,0,6,0,5,5,24,17,0,0,0,0,0,0,0,0,7,1,1,0,0,0,0,2,1,0,1,KRBKRNvK,DRAW,6r1/8/4R3/8/8/1n6/B7/1K4k1 b - - 0 1
1,1,0,0,0,0,0,1,-1,1,0,1,1,1,0,0,0,0,0,16,0,0,6,3,1,3,7,2,3,6,0,1,0,0,0,0,0,0,0,7,1,1,1,1,0,0,0,1,1,1,KRBKRNvK,DRAW,3kB3/7R/8/8/8/6n1/1r1K4/8 w - - 0 1
1,1,0,0,0,0,0,1,-1,1,0,1,1,1,0,0,0,0,0,16,0,0,3,4,3,7,6,0,5,7,0,1,0,0,0,0,0,0,0,7,1,1,0,0,0,0,3,1,0,1,KRBKRNvK,LOSS,3B4/7k/7r/8/4K3/8/3n4/1R6 w - - 0 1
0,1,0,0,0,0,0,1,-1,1,0,1,1,1,0,0,0,0,0,16,0,0,5,5,6,1,1,3,4,7,0,1,0,0,0,0,0,0,0,7,1,1,1,0,0,0,0,1,0,1,KRBKRNvK,LOSS,8/1R3K2/6r1/B7/8/3n4/1k6/8 b - - 0 1
1,1,0,0,0,0,0,1,-1,1,0,1,1,1,0,0,0,0,0,16,0,0,4,5,7,1,3,4,2,24,24,0,0,0,0,0,0,0,0,7,1,1,1,0,0,0,2,2,0,0,KRBKRNvK,DRAW,5K1B/5R2/8/8/1k6/3r3n/8/8 w - - 0 1
0,1,0,0,0,0,0,1,-1,1,0,1,1,1,0,0,0,0,0,16,0,0,4,1,6,5,4,4,1,21,26,0,0,0,0,0,0,0,0,7,1,1,0,0,0,0,1,2,0,0,KRBKRNvK,DRAW,8/1K6/5r2/5k2/8/8/B2n4/7R b - - 0 1
0,1,0,0,0,0,0,1,-1,1,0,1,1,1,0,0,0,0,0,16,0,0,3,0,6,2,3,5,1,24,18,0,0,0,0,0,0,0,0,7,1,1,0,0,0,0,2,3,1,0,KRBKRNvK,DRAW,8/K6B/8/R4n2/2k3r1/8/8/8 b - - 0 1
0,1,0,0,0,0,0,1,-1,1,0,1,1,1,0,0,0,0,0,16,0,0,7,4,7,4,0,3,3,19,17,0,0,0,0,0,0,0,0,7,1,1,0,0,0,0,0,2,1,0,KRBKRNvK,DRAW,4KR2/8/8/8/n2r4/8/8/4kB2 b - - 0 1
0,1,0,0,0,0,0,1,-1,1,0,1,1,1,0,0,0,0,0,16,0,0,2,3,6,5,5,2,2,23,25,0,0,0,0,0,0,0,0,7,1,1,0,0,0,0,0,2,0,0,KRBKRNvK,DRAW,8/3K4/n4k2/8/4r3/7R/8/2B5 b - - 0 1
0,1,0,0,0,0,0,1,-1,1,0,1,1,1,0,0,0,0,0,16,0,0,2,5,4,3,5,1,1,6,0,1,0,0,0,0,0,0,0,7,1,1,0,0,0,0,2,3,0,1,KRBKRNvK,DRAW,2r5/8/R2k4/5K2/8/5n2/6B1/8 b - - 0 1
0,1,0,0,0,0,0,1,-1,1,0,1,1,1,0,0,0,0,0,16,0,0,4,2,0,6,4,4,2,24,20,0,0,0,0,0,0,0,0,7,1,1,0,0,0,0,1,3,1,1,KRBKRNvK,DRAW,8/8/8/1r4k1/8/6B1/3n4/R1K5 b - - 0 1
0,1,0,0,0,0,0,1,-1,1,0,1,1,1,0,0,0,0,0,16,0,0,7,3,7,6,0,3,5,19,21,0,0,0,0,0,0,0,0,7,1,1,0,0,0,0,0,1,0,0,KRBKRNvK,DRAW,1R1K4/4B3/8/8/8/3n4/8/3r2k1 b - - 0 1
0,1,0,0,0,0,0,1,-1,1,0,1,1,1,0,0,0,0,0,16,0,0,2,2,3,0,4,1,3,2,0,1,0,0,0,0,0,0,0,7,1,1,0,0,0,0,3,3,0,1,KRBKRNvK,DRAW,R7/8/4r3/k7/2K2n2/8/2B5/8 b - - 0 1
0,1,0,0,0,0,0,1,-1,1,0,1,1,1,0,0,0,0,0,16,0,0,2,1,3,3,2,2,1,28,25,0,0,0,0,0,0,0,0,7,1,1,0,0,0,0,2,3,1,1,KRBKRNvK,DRAW,1B6/8/7r/5R2/1Kn5/3k4/8/8 b - - 0 1
1,1,0,0,0,0,0,1,-1,1,0,1,1,1,0,0,0,0,0,16,0,0,5,0,3,5,5,3,2,24,27,0,0,0,0,0,0,0,0,7,1,1,0,0,0,0,2,2,0,0,KRBKRNvK,DRAW,8/7r/5k2/8/K4n2/B3R3/8/8 w - - 0 1
1,1,0,0,0,0,0,1,-1,1,0,1,1,1,0,0,0,0,0,16,0,0,5,4,0,6,5,3,3,28,23,0,0,0,0,0,0,0,0,7,1,1,0,0,0,0,1,2,0,0,KRBKRNvK,DRAW,8/2n5/6k1/5r2/8/4B3/7R/4K3 w - - 0 1
0,1,0,0,0,0,0,1,-1,1,0,1,1,1,0,0,0,0,0,16,0,0,4,0,4,4,2,3,1,25,24,0,0,0,0,0,0,0,0,7,1,1,0,1,0,0,0,2,0,0,KRBKRNvK,DRAW,4n2R/3B4/8/K7/8/4k3/5r2/8 b - - 0 1
1,1,0,0,0,0,0,1,-1,1,0,1,1,1,0,0,0,0,0,16,0,0,3,1,1,2,4,4,1,19,27,0,0,0,0,0,0,0,0,7,1,1,1,0,0,0,2,2,1,0,KRBKRNvK,WIN,5B2/4R3/8/1nk5/8/8/1K6/7r w - - 0 1
1,1,0,0,0,0,0,1,-1,1,0,1,1,1,0,0,0,0,0,16,0,0,4,5,6,7,2,3,4,26,25,0,0,0,0,0,0,0,0,7,1,1,0,0,0,0,0,2,1,0,KRBKRNvK,DRAW,8/5K2/8/7B/4n3/3r3k/8/2R5 w - - 0 1
1,1,0,0,0,0,0,1,-1,1,0,1,1,1,0,0,0,0,0,16,0,0,4,2,3,6,6,1,4,7,0,1,0,0,0,0,0,0,0,7,1,1,0,0,0,0,3,2,0,1,KRBKRNvK,DRAW,8/6k1/8/4n3/2K5/3B4/1R6/4r3 w - - 0 1
0,1,0,0,0,0,0,1,-1,1,0,1,1,1,0,0,0,0,0,16,0,0,3,1,5,4,4,3,0,25,25,0,0,0,0,0,0,0,0,7,1,1,0,0,0,0,0,3,0,0,KRBKRNvK,DRAW,7R/6r1/BK6/4k3/8/8/8/1n6 b - - 0 1
1,1,0,0,0,0,0,1,-1,1,0,1,1,1,0,0,0,0,0,16,0,0,5,6,0,1,2,5,3,26,17,0,0,0,0,0,0,0,0,7,1,1,0,0,0,0,2,1,1,0,KRBKRNvK,DRAW,8/8/6n1/2R5/8/rk5B/8/6K1 w - - 0 1
0,1,0,0,0,0,0,1,-1,1,0,1,1,1,0,0,0,0,0,16,0,0,6,3,6,1,0,2,5,6,0,1,0,0,0,0,0,0,0,7,1,1,0,1,0,0,1,2,0,0,KRBKRNvK,DRAW,5R2/3K4/6n1/5B2/8/8/4r3/1k6 b - - 0 1
0,1,0,0,0,0,0,1,-1,1,0,1,1,1,0,0,0,0,0,16,0,0,3,4,3,2,0,0,4,22,19,0,0,0,0,0,0,0,0,7,1,1,0,0,0,0,4,0,1,0,KRBKRNvK,DRAW,8/6n1/8/8/4K1R1/7r/4B3/2k5 b - - 0 1
1,1,0,0,0,0,0,1,-1,1,0,1,1,1,0,0,0,0,0,16,0,0,5,3,1,2,6,2,3,31,12,0,0,0,0,0,0,0,0,7,1,1,0,0,0,0,0,0,1,0,KRBKRNvK,DRAW,n1r5/2k5/8/1B6/8/8/3K4/6R1 w - - 0 1
0,1,0,0,0,0,0,1,-1,1,0,1,1,1,0,0,0,0,0,16,0,0,2,1,4,1,2,2,3,25,20,0,0,0,0,0,0,0,0,7,1,1,0,0,0,0,0,2,0,1,KRBKRNvK,DRAW,8/6B1/5R2/1K4n1/2r5/1k6/8/8 b - - 0 1
1,1,0,0,0,0,0,1,-1,1,0,1,1,1,0,0,0,0,0,16,0,0,5,6,2,6,7,3,5,5,0,1,0,0,0,0,0,0,0,7,1,1,0,0,0,0,3,0,0,1,KRBKRNvK,DRAW,6k1/8/6r1/7n/2R5/6K1/8/B7 w - - 0 1
0,1,0,0,0,0,0,1,-1,1,0,1,1,1,0,0,0,0,0,16,0,0,5,0,5,5,4,4,1,20,25,0,0,0,0,0,0,0,0,7,1,1,0,0,0,0,0,3,0,0,KRBKRNvK,DRAW,6R1/8/K3n3/B4k1r/8/8/8/8 b - - 0 1
1,1,0,0,0,0,0,1,-1,1,0,1,1,1,0,0,0,0,0,16,0,0,5,7,2,7,7,4,6,25,18,0,0,0,0,0,0,0,0,7,1,1,0,0,0,0,0,2,0,0,KRBKRNvK,DRAW,7k/8/1n6/1r6/8/7K/6R1/4B3 w - - 0 1
1,1,0,0,0,0,0,1,-1,1,0,1,1,1,0,0,0,0,0,16,0,0,5,5,7,0,2,4,4,11,25,0,0,0,0,0,0,0,0,7,1,1,0,0,0,0,1,2,0,0,KRBKRNvK,DRAW,5K1R/7B/8/4r3/8/k7/3n4/8 w - - 0 1
1,1,0,0,0,0,0,1,-1,1,0,1,1,1,0,0,0,0,0,16,0,0,3,4,5,7,4,1,3,6,0,1,0,0,0,0,0,0,0,7,1,1,0,0,0,0,3,1,0,1,KRBKRNvK,DRAW,8/8/3RK3/7k/4Bn2/6r1/8/8 w - - 0 1
1,1,0,0,0,0,0,1,-1,1,0,1,1,1,0,0,0,0,0,16,0,0,4,1,4,4,0,2,3,26,23,0,0,0,0,0,0,0,0,7,1,1,0,0,0,0,3,0,0,0,KRBKRNvK,DRAW,4n3/5r2/8/1KR5/8/8/8/B3k3 w - - 0 1
1,1,0,0,0,0,0,1,-1,1,0,1,1,1,0,0,0,0,0,16,0,0,6,7,5,1,1,4,4,6,0,1,0,0,0,0,0,0,0,7,1,1,0,0,0,0,2,0,1,0,KRBKRNvK,DRAW,8/B7/r6K/8/8/3R4/1k6/6n1 w - - 0 1
1,1,0,0,0,0,0,1,-1,1,0,1,1,1,0,0,0,0,0,16,0,0,4,0,2,0,6,4,5,5,0,1,0,0,0,0,0,0,0,7,1,1,0,0,0,0,0,1,0,1,KRBKRNvK,DRAW,8/k7/1r6/1n6/6B1/K7/8/5R2 w - - 0 1
1,1,0,0,0,0,0,1,-1,1,0,1,1,1,0,0,0,0,0,16,0,0,2,3,3,5,1,0,3,29,21,0,0,0,0,0,0,0,0,7,1,1,0,0,0,0,3,1,0,0,KRBKRNvK,DRAW,1r6/8/8/8/3K2n1/1B6/5k2/2R5 w - - 0 1
0,1,0,0,0,0,0,1,-1,1,0,1,1,1,0,0,0,0,0,16,0,0,7,4,0,5,7,3,4,23,26,0,0,0,0,0,0,0,0,7,1,1,0,1,0,0,3,3,1,2,KRBKRNvK,DRAW,5k2/8/4B3/8/1R6/6n1/3r4/4K3 b - - 0 1
1,1,0,0,0,0,0,1,-1,1,0,1,1,1,0,0,0,0,0,16,0,0,3,5,3,2,6,1,3,21,22,0,0,0,0,0,0,0,0,7,1,1,0,0,0,0,4,1,0,0,KRBKRNvK,DRAW,8/2k3r1/8/8/1n3K2/8/7B/3R4 w - - 0 1
0,1,0,0,0,0,0,1,-1,1,0,1,1,1,0,0,0,0,0,16,0,0,5,5,5,0,1,2,5,12,28,0,0,0,0,0,0,0,0,7,1,1,0,1,0,0,2,0,0,0,KRBKRNvK,WIN,8/8/1R3K2/4B3/8/8/k5nr/8 b - - 0 1
0,1,0,0,0,0,0,1,-1,1,0,1,1,1,0,0,0,0,0,16,0,0,4,4,5,7,1,1,5,22,27,0,0,0,0,0,0,0,0,7,1,1,0,0,0,0,3,0,0,1,KRBKRNvK,DRAW,2n5/8/4K3/8/3R4/6r1/3B3k/8 b - - 0 1
0,1,0,0,0,0,0,1,-1,1,0,1,1,1,0,0,0,0,0,16,0,0,6,1,5,7,0,3,6,20,22,0,0,0,0,0,0,0,0,7,1,1,0,0,0,0,0,2,0,1,KRBKRNvK,DRAW,1R6/8/1K6/8/2r5/8/3B4/2n4k b - - 0 1
0,1,0,0,0,0,0,1,-1,1,0,1,1,1,0,0,0,0,0,16,0,0,4,5,7,4,3,4,0,22,25,0,0,0,0,0,0,0,0,7,1,1,0,0,0,0,2,3,1,1,KRBKRNvK,DRAW,5KnB/8/8/3r4/4k3/8/2R5/8 b - - 0 1
0,1,0,0,0,0,0,1,-1,1,0,1,1,1,0,0,0,0,0,16,0,0,4,2,3,6,3,1,2,22,23,0,0,0,0,0,0,0,0,7,1,1,0,0,0,0,3,0,0,0,KRBKRNvK,DRAW,8/8/8/8/R1K3k1/3B4/8/5r1n b - - 0 1
0,1,0,0,0,0,0,1,-1,1,0,1,1,1,0,0,0,0,0,16,0,0,6,0,4,6,1,3,4,22,22,0,0,0,0,0,0,0,0,7,1,1,0,0,0,0,2,2,1,0,KRBKRNvK,DRAW,8/8/8/KR6/5r2/7n/4B1k1/8 b - - 0 1
0,1,0,0,0,0,0,1,-1,1,0,1,1,1,0,0,0,0,0,16,0,0,6,0,6,2,0,5,4,21,28,0,0,0,0,0,0,0,0,7,1,1,0,1,0,0,1,0,0,0,KRBKRNvK,DRAW,5R2/K7/3B4/8/n7/8/2r5/2k5 b - - 0 1
0,1,0,0,0,0,0,1,-1,1,0,1,1,1,0,0,0,0,0,16,0,0,2,7,4,5,3,3,1,17,22,0,0,0,0,0,0,0,0,7,1,1,0,0,0,0,2,2,0,2,KRBKRNvK,DRAW,8/1B6/5r1n/7K/5k2/8/8/1R6 b - - 0 1
0,1,0,0,0,0,0,1,-1,1,0,1,1,1,0,0,0,0,0,16,0,0,2,7,0,7,2,6,4,3,0,1,0,0,0,0,0,0,0,7,1,1,0,0,0,0,1,2,0,0,KRBKRNvK,LOSS,8/8/4n2R/3r4/2B5/7k/8/7K b - - 0 1
1,1,0,0,0,0,0,1,-1,1,0,1,1,1,0,0,0,0,0,16,0,0,6,7,5,1,1,4,4,1,0,1,0,0,0,0,0,0,0,7,1,1,0,0,0,0,3,2,1,1,KRBKRNvK,DRAW,8/2B5/4n2K/8/7r/8/1k6/3R4 w - - 0 1
0,1,0,0,0,0,0,1,-1,1,0,1,1,1,0,0,0,0,0,16,0,0,4,4,7,3,3,3,0,24,24,0,0,0,0,0,0,0,0,7,1,1,1,0,0,0,1,4,1,1,KRBKRNvK,DRAW,4K3/1R6/2n1B3/3r4/3k4/8/8/8 b - - 0 1
0,1,0,0,0,0,0,1,-1,1,0,1,1,1,0,0,0,0,0,16,0,0,6,4,7,1,1,3,4,23,27,0,0,0,0,0,0,0,0,7,1,1,1,0,0,0,2,0,0,0,KRBKRNvK,DRAW,4K3/5R2/nr6/8/8/8/1k4B1/8 b - - 0 1
1,1,0,0,0,0,0,1,-1,1,0,1,1,1,0,0,0,0,0,16,0,0,3,1,3,4,6,2,2,27,21,0,0,0,0,0,0,0,0,7,1,1,0,0,0,0,1,2,0,0,KRBKRNvK,DRAW,R7/4k3/7n/6r1/1K6/1B6/8/8 w - - 0 1
0,1,0,0,0,0,0,1,-1,1,0,1,1,1,0,0,0,0,0,16,0,0,4,1,7,5,3,5,1,7,0,1,0,0,0,0,0,0,0,7,1,1,1,0,0,0,0,4,1,0,KRBKRNvK,DRAW,1K6/R7/5n2/8/5k2/3r4/7B/8 b - - 0 1
0,1,0,0,0,0,0,1,-1,1,0,1,1,1,0,0,0,0,0,16,0,0,4,6,1,2,0,4,4,23,20,0,0,0,0,0,0,0,0,7,1,1,0,0,0,0,2,2,0,0,KRBKRNvK,DRAW,8/8/8/1n6/B5R1/3r4/6K1/2k5 b - - 0 1
0,1,0,0,0,0,0,1,-1,1,0,1,1,1,0,0,0,0,0,16,0,0,2,5,2,3,0,2,3,21,21,0,0,0,0,0,0,0,0,7,1,1,0,0,0,0,2,2,0,0,KRBKRNvK,DRAW,8/8/1r3n2/8/2R5/5K2/B7/3k4 b - - 0 1
0,1,0,0,0,0,0,1,-1,1,0,1,1,1,0,0,0,0,0,16,0,0,5,0,1,5,2,5,2,5,0,1,0,0,0,0,0,0,0,7,1,1,0,0,0,0,0,3,0,0,KRBKRNvK,DRAW,8/8/7B/8/4r3/R4k1n/K7/8 b - - 0 1
0,1,0,0,0,0,0,1,-1,1,0,1,1,1,0,0,0,0,0,16,0,0,4,2,7,6,6,4,4,19,26,0,0,0,0,0,0,0,0,7,1,1,0,0,0,0,2,0,1,0,KRBKRNvK,DRAW,2K1B3/6k1/8/8/5R2/8/8/n6r b - - 0 1
0,1,0,0,0,0,0,1,-1,1,0,1,1,1,0,0,0,0,0,16,0,0,4,4,4,3,0,0,3,20,26,0,0,0,0,0,0,0,0,7,1,1,0,0,0,0,3,0,0,0,KRBKRNvK,DRAW,8/8/1r6/4K3/2B2R2/8/8/n2k4 b - - 0 1
0,1,0,0,0,0,0,1,-1,1,0,1,1,1,0,0,0,0,0,16,0,0,6,2,6,4,0,3,3,24,24,0,0,0,0,0,0,0,0,7,1,1,0,0,0,0,0,2,1,1,KRBKRNvK,DRAW,r7/2K5/7B/8/8/2n2R2/8/4k3 b - - 0 1
0,1,0,0,0,0,0,1,-1,1,0,1,1,1,0,0,0,0,0,16,0,0,2,2,4,4,2,1,1,4,0,1,0,0,0,0,0,0,0,7,1,1,0,0,0,0,3,2,2,0,KRBKRNvK,DRAW,2n5/8/8/2K1R3/6B1/4k1r1/8/8 b - - 0 1
1,1,0,0,0,0,0,1,-1,1,0,1,1,1,0,0,0,0,0,16,0,0,5,4,1,5,6,2,3,8,0,1,0,0,0,0,0,0,0,7,1,1,0,0,0,0,2,3,0,0,KRBKRNvK,DRAW,4r3/1B3k2/5n2/8/8/R7/4K3/8 w - - 0 1
1,1,0,0,0,0,0,1,-1,1,0,1,1,1,0,0,0,0,0,16,0,0,6,4,7,4,1,3,2,21,20,0,0,0,0,0,0,0,0,7,1,1,0,0,0,0,0,0,1,0,KRBKRNvK,DRAW,R3K3/7r/8/8/7n/8/3Bk3/8 w - - 0 1
0,1,0,0,0,0,0,1,-1,1,0,1,1,1,0,0,0,0,0,16,0,0,2,0,5,0,3,4,3,25,16,0,0,0,0,0,0,0,0,7,1,1,1,1,0,0,2,0,0,0,KRBKRNvK,DRAW,B7/R7/K7/4n3/k7/8/2r5/8 b - - 0 1
1,1,0,0,0,0,0,1,-1,1,0,1,1,1,0,0,0,0,0,16,0,0,4,5,1,1,2,3,3,6,0,1,0,0,0,0,0,0,0,7,1,1,0,1,0,0,2,0,0,1,KRBKRNvK,DRAW,1n6/8/7B/8/5R2/1k6/5K1r/8 w - - 0 1
0,1,0,0,0,0,0,1,-1,1,0,1,1,1,0,0,0,0,0,16,0,0,6,7,7,1,5,6,3,21,23,0,0,0,0,0,0,0,0,7,1,1,0,0,0,0,2,2,0,1,KRBKRNvK,DRAW,5B1K/6n1/1k6/1r6/4R3/8/8/8 b - - 0 1
1,1,0,0,0,0,0,1,-1,1,0,1,1,1,0,0,0,0,0,16,0,0,3,3,3,0,1,0,5,26,18,0,0,0,0,0,0,0,0,7,1,1,0,1,0,0,3,0,1,2,KRBKRNvK,DRAW,8/8/7B/8/3K4/2R5/kn3r2/8 w - - 0 1
0,1,0,0,0,0,0,1,-1,1,0,1,1,1,0,0,0,0,0,16,0,0,4,3,1,2,5,2,2,4,0,1,0,0,0,0,0,0,0,7,1,1,0,0,0,0,2,3,0,0,KRBKRNvK,DRAW,4rn2/8/2k5/8/8/5B2/2RK4/8 b - - 0 1
0,1,0,0,0,0,0,1,-1,1,0,1,1,1,0,0,0,0,0,16,0,0,2,1,3,3,5,2,1,26,26,0,0,0,0,0,0,0,0,7,1,1,0,0,0,0,0,2,0,0,KRBKRNvK,DRAW,8/4n3/3k4/8/1K6/6r1/4B3/5R2 b - - 0 1
0,1,0,0,0,0,0,1,-1,1,0,1,1,1,0,0,0,0,0,16,0,0,6,7,2,1,4,4,2,27,26,0,0,0,0,0,0,0,0,7,1,1,0,0,0,0,3,1,0,1,KRBKRNvK,DRAW,B7/8/5r2/1k6/8/6nK/3R4/8 b - - 0 1
0,1,0,0,0,0,0,1,-1,1,0,1,1,1,0,0,0,0,0,16,0,0,3,4,2,7,5,1,4,24,21,0,0,0,0,0,0,0,0,7,1,1,0,0,0,0,2,3,1,2,KRBKRNvK,DRAW,6R1/8/7k/8/5r2/2n1K3/1B6/8 b - - 0 1
0,1,0,0,0,0,0,1,-1,1,0,1,1,1,0,0,0,0,0,16,0,0,4,1,6,0,2,4,4,3,0,1,0,0,0,0,0,0,0,7,1,1,0,0,0,0,3,2,1,0,KRBKRNvK,DRAW,8/1K6/2B5/R7/8/k7/7n/4r3 b - - 0 1
0,1,0,0,0,0,0,1,-1,1,0,1,1,1,0,0,0,0,0,16,0,0,4,7,5,3,5,4,1,20,21,0,0,0,0,0,0,0,0,7,1,1,0,0,0,0,2,3,0,0,KRBKRNvK,DRAW,8/8/3k3K/7R/1n1r4/8/8/4B3 b - - 0 1
1,1,0,0,0,0,0,1,-1,1,0,1,1,1,0,0,0,0,0,16,0,0,6,6,0,4,6,5,2,22,29,0,0,0,0,0,0,0,0,7,1,1,0,0,0,0,1,1,0,0,KRBKRNvK,DRAW,r7/4k3/8/2n5/5B2/8/8/6KR w - - 0 1
0,1,0,0,0,0,0,1,-1,1,0,1,1,1,0,0,0,0,0,16,0,0,7,0,5,7,4,4,3,27,24,0,0,0,0,0,0,0,0,7,1,1,0,0,0,0,2,0,0,0,KRBKRNvK,DRAW,2R5/8/K7/4n2k/8/2B5/8/5r2 b - - 0 1
0,1,0,0,0,0,0,1,-1,1,0,1,1,1,0,0,0,0,0,16,0,0,2,6,5,4,6,3,2,20,24,0,0,0,0,0,0,0,0,7,1,1,0,0,0,0,0,1,1,1,KRBKRNvK,DRAW,2R5/1r2k3/4n1K1/8/8/8/8/2B5 b - - 0 1
1,1,0,0,0,0,0,1,-1,1,0,1,1,1,0,0,0,0,0,16,0,0,2,5,3,7,5,1,4,4,0,1,0,0,0,0,0,0,0,7,1,1,0,1,0,0,4,1,0,1,KRBKRNvK,DRAW,8/5n2/7k/8/1B3K2/8/5r2/3R4 w - - 0 1
0,1,0,0,0,0,0,1,-1,1,0,1,1,1,0,0,0,0,0,16,0,0,4,5,0,1,4,4,2,4,0,1,0,0,0,0,0,0,0,7,1,1,0,1,0,0,0,1,0,1,KRBKRNvK,LOSS,4B3/8/1n6/1k6/8/8/2R3r1/5K2 b - - 0 1
1,1,0,0,0,0,0,1,-1,1,0,1,1,1,0,0,0,0,0,16,0,0,6,1,7,0,1,5,5,24,26,0,0,0,0,0,0,0,0,7,1,1,1,0,0,0,0,2,0,0,KRBKRNvK,DRAW,1K6/6R1/8/2r5/8/4n3/k7/3B4 w - - 0 1
1,1,0,0,0,0,0,1,-1,1,0,1,1,1,0,0,0,0,0,16,0,0,4,0,1,4,3,5,0,5,0,1,0,0,0,0,0,0,0,7,1,1,0,1,0,0,0,3,0,0,KRBKRNvK,DRAW,8/B7/1R6/8/4k3/8/K6r/7n w - - 0 1
0,1,0,0,0,0,0,1,-1,1,0,1,1,1,0,0,0,0,0,16,0,0,2,1,5,3,6,3,2,24,24,0,0,0,0,0,0,0,0,7,1,1,0,1,0,0,1,1,0,1,KRBKRNvK,DRAW,8/3k4/1K5R/8/1n6/8/6r1/1B6 b - - 0 1
0,1,0,0,0,0,0,1,-1,1,0,1,1,1,0,0,0,0,0,16,0,0,5,2,0,3,5,4,1,6,0,1,0,0,0,0,0,0,0,7,1,1,0,0,0,0,1,3,0,1,KRBKRNvK,DRAW,8/8/3k3R/r7/8/2nB4/8/2K5 b - - 0 1
0,1,0,0,0,0,0,1,-1,1,0,1,1,1,0,0,0,0,0,16,0,0,7,3,0,7,7,3,6,2,0,1,0,0,0,0,0,0,0,7,1,1,0,0,0,0,3,2,0,0,KRBKRNvK,DRAW,3R3k/n7/8/2r5/8/8/6B1/3K4 b - - 0 1
0,1,0,0,0,0,0,1,-1,1,0,1,1,1,0,0,0,0,0,16,0,0,4,5,7,1,6,4,4,24,20,0,0,0,0,0,0,0,0,7,1,1,0,0,0,0,1,0,0,0,KRBKRNvK,DRAW,2n2K2/1k6/6BR/8/8/2r5/8/8 b - - 0 1
1,1,0,0,0,0,0,1,-1,1,0,1,1,1,0,0,0,0,0,16,0,0,5,2,6,6,1,3,4,7,0,1,0,0,0,0,0,0,0,7,1,1,0,0,0,0,2,2,1,1,KRBKRNvK,LOSS,8/2K5/n7/8/1R3rB1/8/6k1/8 w - - 0 1
1,1,0,0,0,0,0,1,-1,1,0,1,1,1,0,0,0,0,0,16,0,0,2,4,3,6,2,0,3,20,24,0,0,0,0,0,0,0,0,7,1,1,0,0,0,0,3,2,0,0,KRBKRNvK,DRAW,R7/8/8/7r/4K3/B5k1/8/3n4 w - - 0 1
0,1,0,0,0,0,0,1,-1,1,0,1,1,1,0,0,0,0,0,16,0,0,3,5,0,4,3,4,0,22,24,0,0,0,0,0,0,0,0,7,1,1,0,0,0,0,0,3,0,1,KRBKRNvK,DRAW,5B2/8/2r5/8/4k3/R7/8/5Kn1 b - - 0 1
0,1,0,0,0,0,0,1,-1,1,0,1,1,1,0,0,0,0,0,16,0,0,2,0,3,2,3,3,1,4,0,1,0,0,0,0,0,0,0,7,1,1,0,0,0,0,3,3,0,0,KRBKRNvK,DRAW,1B6/8/8/7r/K1k2R2/4n3/8/8 b - - 0 1
1,1,0,0,0,0,0,1,-1,1,0,1,1,1,0,0,0,0,0,16,0,0,4,5,0,1,2,4,3,23,21,0,0,0,0,0,0,0,0,7,1,1,1,0,0,0,1,2,0,0,KRBKRNvK,DRAW,n7/2R4B/8/8/6r1/1k6/8/5K2 w - - 0 1
0,1,0,0,0,0,0,1,-1,1,0,1,1,1,0,0,0,0,0,16,0,0,3,1,4,2,7,2,4,23,25,0,0,0,0,0,0,0,0,7,1,1,1,0,0,0,2,3,1,2,KRBKRNvK,DRAW,B1k5/5R2/3r4/1K6/2n5/8/8/8 b - - 0 1
0,1,0,0,0,0,0,1,-1,1,0,1,1,1,0,0,0,0,0,16,0,0,4,0,0,4,0,6,3,4,0,1,0,0,0,0,0,0,0,7,1,1,0,0,0,0,2,1,0,0,KRBKRNvK,DRAW,8/r7/4n3/4R3/8/8/B7/K3k3 b - - 0 1
1,1,0,0,0,0,0,1,-1,1,0,1,1,1,0,0,0,0,0,16,0,0,6,0,5,6,1,4,4,5,0,1,0,0,0,0,0,0,0,7,1,1,0,0,0,0,1,0,1,0,KRBKRNvK,DRAW,2R5/8/K4r2/4n3/8/6B1/6k1/8 w - - 0 1
0,1,0,0,0,0,0,1,-1,1,0,1,1,1,0,0,0,0,0,16,0,0,6,6,6,0,7,4,6,20,23,0,0,0,0,0,0,0,0,7,1,1,0,0,0,0,0,2,1,0,KRBKRNvK,DRAW,k7/6K1/B7/8/2r5/7n/R7/8 b - - 0 1
0,1,0,0,0,0,0,1,-1,1,0,1,1,1,0,0,0,0,0,16,0,0,3,1,3,2,6,2,3,28,26,0,0,0,0,0,0,0,0,7,1,1,0,0,0,0,2,1,2,0,KRBKRNvK,DRAW,8/2k5/6r1/1B2Rn2/1K6/8/8/8 b - - 0 1
0,1,0,0,0,0,0,1,-1,1,0,1,1,1,0,0,0,0,0,16,0,0,4,6,5,2,1,3,3,30,27,0,0,0,0,0,0,0,0,7,1,1,0,0,0,0,2,1,0,0,KRBKRNvK,DRAW,8/8/6K1/2n5/7R/r7/2k5/6B1 b - - 0 1
0,1,0,0,0,0,0,1,-1,1,0,1,1,1,0,0,0,0,0,16,0,0,6,0,7,0,1,6,5,26,26,0,0,0,0,0,0,0,0,7,1,1,0,0,0,0,3,0,0,0,KRBKRNvK,DRAW,K7/6r1/8/2R5/3n4/3B4/k7/8 b - - 0 1
0,1,0,0,0,0,0,1,-1,1,0,1,1,1,0,0,0,0,0,16,0,0,7,7,0,3,7,6,3,3,0,1,0,0,0,0,0,0,0,7,1,1,0,0,0,0,2,2,1,0,KRBKRNvK,LOSS,3k3R/8/2B4n/8/r7/8/8/7K b - - 0 1
1,1,0,0,0,0,0,1,-1,1,0,1,1,1,0,0,0,0,0,16,0,0,3,4,3,1,6,0,4,6,0,1,0,0,0,0,0,0,0,7,1,1,0,0,0,0,3,2,0,0,KRBKRNvK,LOSS,6B1/1k6/8/8/1r2K3/7R/8/6n1 w - - 0 1
0,1,0,0,0,0,0,1,-1,1,0,1,1,1,0,0,0,0,0,16,0,0,3,4,5,3,2,1,1,22,26,0,0,0,0,0,0,0,0,7,1,1,1,0,0,0,2,3,1,0,KRBKRNvK,DRAW,8/R7/1n2K3/8/8/3k2r1/8/4B3 b - - 0 1
1,1,0,0,0,0,0,1,-1,1,0,1,1,1,0,0,0,0,0,16,0,0,2,6,3,4,4,2,0,4,0,1,0,0,0,0,0,0,0,7,1,1,0,1,0,0,1,3,2,1,KRBKRNvK,DRAW,8/8/8/4k3/6K1/2nB1R2/6r1/8 w - - 0 1
0,1,0,0,0,0,0,1,-1,1,0,1,1,1,0,0,0,0,0,16,0,0,7,0,7,0,0,6,6,20,26,0,0,0,0,0,0,0,0,7,1,1,0,0,0,0,2,0,0,1,KRBKRNvK,DRAW,Kn6/8/7r/8/6R1/8/5B2/k7 b - - 0 1
1,1,0,0,0,0,0,1,-1,1,0,1,1,1,0,0,0,0,0,16,0,0,4,6,5,7,1,3,5,25,20,0,0,0,0,0,0,0,0,7,1,1,0,0,0,0,2,0,0,1,KRBKRNvK,DRAW,6n1/B7/6K1/8/8/5r2/7k/3R4 w - - 0 1
1,1,0,0,0,0,0,1,-1,1,0,1,1,1,0,0,0,0,0,16,0,0,2,3,5,3,7,1,3,3,0,1,0,0,0,0,0,0,0,7,1,1,0,0,0,0,2,0,0,0,KRBKRNvK,DRAW,3k4/8/3K2r1/8/8/1R6/8/2Bn4 w - - 0 1
1,1,0,0,0,0,0,1,-1,1,0,1,1,1,0,0,0,0,0,16,0,0,2,4,7,2,7,3,4,2,0,1,0,0,0,0,0,0,0,7,1,1,1,0,0,0,0,1,2,1,KRBKRNvK,DRAW,2k1K1r1/R3B3/8/8/1n6/8/8/8 w - - 0 1
1,1,0,0,0,0,0,1,-1,1,0,1,1,1,0,0,0,0,0,16,0,0,4,3,6,7,7,2,6,22,21,0,0,0,0,0,0,0,0,7,1,1,1,1,0,0,0,2,0,0,KRBKRNvK,DRAW,7k/2RK4/8/6B1/8/8/4r3/3n4 w - - 0 1
1,1,0,0,0,0,0,1,-1,1,0,1,1,1,0,0,0,0,0,16,0,0,5,5,6,0,7,3,6,23,18,0,0,0,0,0,0,0,0,7,1,1,0,0,0,0,1,2,0,0,KRBKRNvK,DRAW,k7/5K2/8/8/8/8/B6R/4rn2 w - - 0 1
0,1,0,0,0,0,0,1,-1,1,0,1,1,1,0,0,0,0,0,16,0,0,5,6,3,1,4,2,2,7,0,1,0,0,0,0,0,0,0,7,1,1,0,1,0,0,1,0,1,0,KRBKRNvK,DRAW,6R1/7n/8/1k6/6K1/3B4/2r5/8 b - - 0 1
0,1,0,0,0,0,0,1,-1,1,0,1,1,1,0,0,0,0,0,16,0,0,5,0,5,2,0,4,4,3,0,1,0,0,0,0,0,0,0,7,1,1,0,0,0,0,3,2,1,0,KRBKRNvK,DRAW,B3n3/8/K7/6r1/8/8/8/2k1R3 b - - 0 1
0,1,0,0,0,0,0,1,-1,1,0,1,1,1,0,0,0,0,0,16,0,0,4,6,3,4,7,2,3,25,28,0,0,0,0,0,0,0,0,7,1,1,0,0,0,0,3,1,0,1,KRBKRNvK,DRAW,4k3/8/r7/7R/6K1/8/4nB2/8 b - - 0 1
1,1,0,0,0,0,0,1,-1,1,0,1,1,1,0,0,0,0,0,16,0,0,3,1,2,4,2,3,1,32,28,0,0,0,0,0,0,0,0,7,1,1,1,0,0,0,2,3,0,1,KRBKRNvK,DRAW,8/7R/2B5/4n3/8/1K2k3/8/3r4 w - - 0 1
1,1,0,0,0,0,0,1,-1,1,0,1,1,1,0,0,0,0,0,16,0,0,6,3,6,3,0,2,3,26,21,0,0,0,0,0,0,0,0,7,1,1,0,1,0,0,3,0,0,0,KRBKRNvK,DRAW,B7/3K3n/8/8/5R2/8/2r5/3k4 w - - 0 1
0,1,0,0,0,0,0,1,-1,1,0,1,1,1,0,0,0,0,0,16,0,0,3,0,2,1,5,4,3,29,26,0,0,0,0,0,0,0,0,7,1,1,0,0,0,0,1,3,0,0,KRBKRNvK,DRAW,8/5B2/1kn5/6r1/8/K6R/8/8 b - - 0 1
1,1,0,0,0,0,0,1,-1,1,0,1,1,1,0,0,0,0,0,16,0,0,3,7,4,6,1,3,4,6,0,1,0,0,0,0,0,0,0,7,1,1,0,0,0,0,3,2,1,0,KRBKRNvK,DRAW,8/6B1/8/1r5K/5R2/8/6k1/6n1 w - - 0 1
1,1,0,0,0,0,0,1,-1,1,0,1,1,1,0,0,0,0,0,16,0,0,2,2,3,0,4,1,3,5,0,1,0,0,0,0,0,0,0,7,1,1,0,0,0,0,2,0,0,1,KRBKRNvK,DRAW,5r2/8/8/k3n1B1/2K5/8/7R/8 w - - 0 1
1,1,0,0,0,0,0,1,-1,1,0,1,1,1,0,0,0,0,0,16,0,0,5,7,5,2,1,4,3,4,0,1,0,0,0,0,0,0,0,7,1,1,0,0,0,0,2,2,0,1,KRBKRNvK,DRAW,8/5n2/4R2K/4B3/4r3/8/2k5/8 w - - 0 1
1,1,0,0,0,0,0,1,-1,1,0,1,1,1,0,0,0,0,0,16,0,0,3,3,3,2,6,0,3,28,22,0,0,0,0,0,0,0,0,7,1,1,0,0,0,0,3,0,1,0,KRBKRNvK,DRAW,B7/2k5/7r/8/3K4/8/1R6/5n2 w - - 0 1
1,1,0,0,0,0,0,1,-1,1,0,1,1,1,0,0,0,0,0,16,0,0,2,2,5,3,7,2,3,22,23,0,0,0,0,0,0,0,0,7,1,1,0,0,0,0,2,1,0,0,KRBKRNvK,DRAW,3k4/6r1/2K4R/8/8/1n6/8/6B1 w - - 0 1
1,1,0,0,0,0,0,1,-1,1,0,1,1,1,0,0,0,0,0,16,0,0,3,1,4,4,4,2,0,24,24,0,0,0,0,0,0,0,0,7,1,1,0,0,0,0,0,3,0,0,KRBKRNvK,WIN,R2B2r1/8/8/1K2k3/8/8/5n2/8 w - - 0 1
1,1,0,0,0,0,0,1,-1,1,0,1,1,1,0,0,0,0,0,16,0,0,3,3,4,0,6,0,5,24,21,0,0,0,0,0,0,0,0,7,1,1,0,0,0,0,3,1,1,2,KRBKRNvK,DRAW,2B5/k4n2/5r2/3K4/8/8/8/2R5 w - - 0 1
0,1,0,0,0,0,0,1,-1,1,0,1,1,1,0,0,0,0,0,16,0,0,4,4,6,1,2,2,3,24,26,0,0,0,0,0,0,0,0,7,1,1,0,0,0,0,1,2,1,0,KRBKRNvK,DRAW,2R5/4K3/8/8/3r4/1k6/5n2/1B6 b - - 0 1
1,1,0,0,0,0,0,1,-1,1,0,1,1,1,0,0,0,0,0,16,0,0,3,3,0,2,3,3,1,26,14,0,0,0,0,0,0,0,0,7,1,1,0,0,0,0,2,2,1,0,KRBKRNvK,DRAW,r7/n7/8/5R2/2k5/B7/8/3K4 w - - 0 1
0,1,0,0,0,0,0,1,-1,1,0,1,1,1,0,0,0,0,0,16,0,0,4,7,2,3,5,4,1,6,0,1,0,0,0,0,0,0,0,7,1,1,0,1,0,0,0,2,1,0,KRBKRNvK,DRAW,8/5n2/3k1R1B/8/8/7K/1r6/8 b - - 0 1
0,1,0,0,0,0,0,1,-1,1,0,1,1,1,0,0,0,0,0,16,0,0,3,2,6,2,3,3,1,26,27,0,0,0,0,0,0,0,0,7,1,1,0,0,0,0,2,3,0,0,KRBKRNvK,DRAW,8/1BK5/7r/8/2k5/8/3n4/6R1 b - - 0 1
0,1,0,0,0,0,0,1,-1,1,0,1,1,1,0,0,0,0,0,16,0,0,2,5,5,7,6,2,5,4,0,1,0,0,0,0,0,0,0,7,1,1,0,0,0,0,4,0,0,0,KRBKRNvK,LOSS,8/7k/3R1K2/8/8/1r6/2B5/7n b - - 0 1
1,1,0,0,0,0,0,1,-1,1,0,1,1,1,0,0,0,0,0,16,0,0,3,0,1,3,4,5,0,28,18,0,0,0,0,0,0,0,0,7,1,1,0,0,0,0,1,3,1,0,KRBKRNvK,DRAW,7R/n7/8/3k4/8/3B4/K7/3r4 w - - 0 1
1,1,0,0,0,0,0,1,-1,1,0,1,1,1,0,0,0,0,0,16,0,0,5,3,2,6,7,1,5,5,0,1,0,0,0,0,0,0,0,7,1,1,0,0,0,0,2,2,0,1,KRBKRNvK,DRAW,6k1/4r3/8/B1n5/8/3K4/8/1R6 w - - 0 1
0,1,0,0,0,0,0,1,-1,1,0,1,1,1,0,0,0,0,0,16,0,0,3,3,7,6,4,3,2,28,30,0,0,0,0,0,0,0,0,7,1,1,0,0,0,0,1,1,1,0,KRBKRNvK,DRAW,3K4/8/4B3/6k1/8/4n3/1R6/7r b - - 0 1
1,1,0,0,0,0,0,1,-1,1,0,1,1,1,0,0,0,0,0,16,0,0,6,0,7,6,5,6,3,2,0,1,0,0,0,0,0,0,0,7,1,1,0,0,0,0,2,1,1,0,KRBKRNvK,DRAW,K7/6B1/6k1/6n1/8/r7/8/6R1 w - - 0 1
0,1,0,0,0,0,0,1,-1,1,0,1,1,1,0,0,0,0,0,16,0,0,4,7,6,4,2,5,1,24,21,0,0,0,0,0,0,0,0,7,1,1,1,0,0,0,2,3,0,0,KRBKRNvK,DRAW,8/2R4K/8/3rn3/8/4k3/8/7B b - - 0 1
1,1,0,0,0,0,0,1,-1,1,0,1,1,1,0,0,0,0,0,16,0,0,2,3,3,1,1,0,4,6,0,1,0,0,0,0,0,0,0,7,1,1,0,0,0,0,3,1,0,0,KRBKRNvK,DRAW,8/8/8/8/3K1B2/6R1/1k6/3r1n2 w - - 0 1
0,1,0,0,0,0,0,1,-1,1,0,1,1,1,0,0,0,0,0,16,0,0,6,6,6,0,1,4,5,18,29,0,0,0,0,0,0,0,0,7,1,1,0,0,0,0,1,2,1,0,KRBKRNvK,DRAW,8/6K1/3B4/8/r7/8/k7/2Rn4 b - - 0 1
0,1,0,0,0,0,0,1,-1,1,0,1,1,1,0,0,0,0,0,16,0,0,4,0,1,3,5,5,1,6,0,1,0,0,0,0,0,0,0,7,1,1,0,0,0,0,0,2,1,1,KRBKRNvK,DRAW,8/8/3k4/8/1Bn5/7r/K1R5/8 b - - 0 1
1,1,0,0,0,0,0,1,-1,1,0,1,1,1,0,0,0,0,0,16,0,0,6,0,4,6,5,3,3,19,25,0,0,0,0,0,0,0,0,7,1,1,0,1,0,0,2,0,0,0,KRBKRNvK,DRAW,8/8/B5k1/K7/8/3R4/1r6/6n1 w - - 0 1
1,1,0,0,0,0,0,1,-1,1,0,1,1,1,0,0,0,0,0,16,0,0,6,4,0,2,6,3,3,4,0,1,0,0,0,0,0,0,0,7,1,1,0,0,0,0,3,0,0,0,KRBKRNvK,DRAW,8/2k5/8/6R1/n7/3B4/8/r3K3 w - - 0 1
1,1,0,0,0,0,0,1,-1,1,0,1,1,1,0,0,0,0,0,16,0,0,2,7,1,7,3,5,3,22,20,0,0,0,0,0,0,0,0,7,1,1,0,0,0,0,2,0,0,0,KRBKRNvK,DRAW,6r1/8/4R3/8/7k/B7/n6K/8 w - - 0 1
1,1,0,0,0,0,0,1,-1,1,0,1,1,1,0,0,0,0,0,16,0,0,4,3,5,6,1,1,4,26,27,0,0,0,0,0,0,0,0,7,1,1,1,1,0,0,3,0,0,1,KRBKRNvK,DRAW,8/4R3/3K4/8/3n4/8/1r4k1/3B4 w - - 0 1
0,1,0,0,0,0,0,1,-1,1,0,1,1,1,0,0,0,0,0,16,0,0,4,5,6,7,2,3,4,5,0,1,0,0,0,0,0,0,0,7,1,1,0,0,0,0,2,2,0,1,KRBKRNvK,DRAW,8/5K2/2n3r1/1B6/8/4R2k/8/8 b - - 0 1
0,1,0,0,0,0,0,1,-1,1,0,1,1,1,0,0,0,0,0,16,0,0,2,6,3,4,5,2,1,3,0,1,0,0,0,0,0,0,0,7,1,1,0,1,0,0,2,2,0,1,KRBKRNvK,DRAW,n7/8/4k3/8/6K1/1B6/7r/3R4 b - - 0 1
1,1,0,0,0,0,0,1,-1,1,0,1,1,1,0,0,0,0,0,16,0,0,6,7,5,1,7,4,5,27,22,0,0,0,0,0,0,0,0,7,1,1,0,0,0,0,3,2,0,0,KRBKRNvK,DRAW,1k2n3/8/7K/3R4/8/4r3/2B5/8 w - - 0 1
0,1,0,0,0,0,0,1,-1,1,0,1,1,1,0,0,0,0,0,16,0,0,2,4,0,2,1,3,3,17,24,0,0,0,0,0,0,0,0,7,1,1,0,0,0,0,0,2,1,1,KRBKRNvK,DRAW,1R6/8/8/8/2r5/8/2kB4/3nK3 b - - 0 1
1,1,0,0,0,0,0,1,-1,1,0,1,1,1,0,0,0,0,0,16,0,0,3,0,3,3,1,3,2,24,24,0,0,0,0,0,0,0,0,7,1,1,0,0,0,0,1,1,1,0,KRBKRNvK,DRAW,2R5/8/8/8/K1B5/5rn1/3k4/8 w - - 0 1
1,1,0,0,0,0,0,1,-1,1,0,1,1,1,0,0,0,0,0,16,0,0,4,3,4,1,0,0,5,7,0,1,0,0,0,0,0,0,0,7,1,1,0,0,0,0,3,1,0,1,KRBKRNvK,DRAW,8/3r2B1/R7/3K4/7n/8/8/1k6 w - - 0 1
1,1,0,0,0,0,0,1,-1,1,0,1,1,1,0,0,0,0,0,16,0,0,2,3,4,1,3,0,2,29,25,0,0,0,0,0,0,0,0,7,1,1,0,0,0,0,3,1,0,0,KRBKRNvK,WIN,8/8/4R3/3K4/1k3Bn1/r7/8/8 w - - 0 1
1,1,0,0,0,0,0,1,-1,1,0,1,1,1,0,0,0,0,0,16,0,0,5,0,7,4,2,6,1,1,0,1,0,0,0,0,0,0,0,7,1,1,1,0,0,0,1,3,0,0,KRBKRNvK,DRAW,K3r3/R7/8/8/6n1/4k3/8/1B6 w - - 0 1
1,1,0,0,0,0,0,1,-1,1,0,1,1,1,0,0,0,0,0,16,0,0,3,2,0,5,2,4,2,26,22,0,0,0,0,0,0,0,0,7,1,1,0,0,0,0,0,3,0,0,KRBKRNvK,DRAW,8/3rB2n/R7/8/8/5k2/8/2K5 w - - 0 1
0,1,0,0,0,0,0,1,-1,1,0,1,1,1,0,0,0,0,0,16,0,0,3,5,5,7,2,2,4,17,23,0,0,0,0,0,0,0,0,7,1,1,0,0,0,0,1,0,0,1,KRBKRNvK,DRAW,7R/2r5/3B1K1n/8/8/7k/8/8 b - - 0 1
0,1,0,0,0,0,0,1,-1,1,0,1,1,1,0,0,0,0,0,16,0,0,4,6,2,2,1,3,3,22,20,0,0,0,0,0,0,0,0,7,1,1,1,1,0,0,0,2,0,0,KRBKRNvK,DRAW,8/4B1R1/n7/8/8/6K1/2kr4/8 b - - 0 1
1,1,0,0,0,0,0,1,-1,1,0,1,1,1,0,0,0,0,0,16,0,0,4,4,5,0,3,1,3,6,0,1,0,0,0,0,0,0,0,7,1,1,0,0,0,0,2,1,0,1,KRBKRNvK,DRAW,6B1/8/4K1r1/8/k7/8/5n2/2R5 w - - 0 1
1,1,0,0,0,0,0,1,-1,1,0,1,1,1,0,0,0,0,0,16,0,0,2,3,2,5,3,1,1,3,0,1,0,0,0,0,0,0,0,7,1,1,0,0,0,0,4,2,0,1,KRBKRNvK,DRAW,2r5/7B/8/1R6/5k2/3K4/8/4n3 w - - 0 1
0,1,0,0,0,0,0,1,-1,1,0,1,1,1,0,0,0,0,0,16,0,0,5,2,2,2,7,2,4,24,27,0,0,0,0,0,0,0,0,7,1,1,0,1,0,0,1,1,0,0,KRBKRNvK,DRAW,2k5/8/3n4/2B5/8/2K5/6r1/1R6 b - - 0 1
1,1,0,0,0,0,0,1,-1,1,0,1,1,1,0,0,0,0,0,16,0,0,6,6,0,0,5,5,4,21,26,0,0,0,0,0,0,0,0,7,1,1,0,1,0,0,2,1,1,0,KRBKRNvK,DRAW,B5R1/8/k3n3/8/8/8/1r6/6K1 w - - 0 1
0,1,0,0,0,0,0,1,-1,1,0,1,1,1,0,0,0,0,0,16,0,0,3,7,6,7,3,5,3,22,27,0,0,0,0,0,0,0,0,7,1,1,0,0,0,0,0,2,1,0,KRBKRNvK,DRAW,8/2n4K/6R1/8/1B5k/8/8/3r4 b - - 0 1
1,1,0,0,0,0,0,1,-1,1,0,1,1,1,0,0,0,0,0,16,0,0,2,0,2,0,4,4,3,23,15,0,0,0,0,0,0,0,0,7,1,1,0,0,0,0,2,2,0,1,KRBKRNvK,DRAW,8/3B4/3R4/k7/8/K7/8/n3r3 w - - 0 1
0,1,0,0,0,0,0,1,-1,1,0,1,1,1,0,0,0,0,0,16,0,0,2,2,2,4,0,2,3,15,26,0,0,0,0,0,0,0,0,7,1,1,1,0,0,0,2,0,0,0,KRBKRNvK,DRAW,8/2R3nr/6B1/8/8/2K5/8/4k3 b - - 0 1
0,1,0,0,0,0,0,1,-1,1,0,1,1,1,0,0,0,0,0,16,0,0,3,4,4,7,6,0,5,18,22,0,0,0,0,0,0,0,0,7,1,1,1,0,0,0,3,1,0,2,KRBKRNvK,DRAW,8/R1n4k/6r1/4K3/1B6/8/8/8 b - - 0 1
0,1,0,0,0,0,0,1,-1,1,0,1,1,1,0,0,0,0,0,16,0,0,3,2,3,2,0,1,4,22,30,0,0,0,0,0,0,0,0,7,1,1,0,0,0,0,3,2,0,0,KRBKRNvK,DRAW,1R6/5n2/2B5/6r1/2K5/8/8/2k5 b - - 0 1
0,1,0,0,0,0,0,1,-1,1,0,1,1,1,0,0,0,0,0,16,0,0,5,7,1,2,5,5,2,24,28,0,0,0,0,0,0,0,0,7,1,1,0,0,0,0,2,3,0,0,KRBKRNvK,DRAW,8/4nB2/2k5/8/1r6/3R4/7K/8 b - - 0 1
0,1,0,0,0,0,0,1,-1,1,0,1,1,1,0,0,0,0,0,16,0,0,5,7,4,2,4,3,1,26,22,0,0,0,0,0,0,0,0,7,1,1,0,0,0,0,1,2,1,0,KRBKRNvK,DRAW,1r6/8/R3n1B1/2k4K/8/8/8/8 b - - 0 1
0,1,0,0,0,0,0,1,-1,1,0,1,1,1,0,0,0,0,0,16,0,0,5,6,2,1,4,3,2,4,0,1,0,0,0,0,0,0,0,7,1,1,0,0,0,0,2,0,0,0,KRBKRNvK,DRAW,r3B3/8/8/1k5R/8/6K1/8/n7 b - - 0 1
1,1,0,0,0,0,0,1,-1,1,0,1,1,1,0,0,0,0,0,16,0,0,4,5,7,7,3,4,3,18,23,0,0,0,0,0,0,0,0,7,1,1,1,0,0,0,0,2,0,0,KRBKRNvK,DRAW,5K2/R7/B7/4r3/7k/8/8/3n4 w - - 0 1
0,1,0,0,0,0,0,1,-1,1,0,1,1,1,0,0,0,0,0,16,0,0,6,0,6,0,0,5,6,19,22,0,0,0,0,0,0,0,0,7,1,1,0,0,0,0,0,2,0,1,KRBKRNvK,DRAW,8/K7/1B6/2r5/8/6R1/n7/k7 b - - 0 1
1,1,0,0,0,0,0,1,-1,1,0,1,1,1,0,0,0,0,0,16,0,0,3,5,1,2,3,3,1,23,25,0,0,0,0,0,0,0,0,7,1,1,0,0,0,0,1,4,0,1,KRBKRNvK,DRAW,5R2/4r3/8/5B2/2k4n/8/5K2/8 w - - 0 1
1,1,0,0,0,0,0,1,-1,1,0,1,1,1,0,0,0,0,0,16,0,0,4,7,6,3,7,5,3,28,17,0,0,0,0,0,0,0,0,7,1,1,0,0,0,0,2,0,1,0,KRBKRNvK,DRAW,1r1k4/5B1K/8/6R1/8/7n/8/8 w - - 0 1
1,1,0,0,0,0,0,1,-1,1,0,1,1,1,0,0,0,0,0,16,0,0,4,4,3,3,7,0,3,22,24,0,0,0,0,0,0,0,0,7,1,1,0,0,0,0,4,1,1,1,KRBKRNvK,DRAW,3k4/5B2/8/8/1n2K3/6r1/4R3/8 w - - 0 1
0,1,0,0,0,0,0,1,-1,1,0,1,1,1,0,0,0,0,0,16,0,0,3,0,7,3,5,6,1,7,0,1,0,0,0,0,0,0,0,7,1,1,0,0,0,0,0,2,0,0,KRBKRNvK,DRAW,K5R1/8/3k4/5r2/7n/B7/8/8 b - - 0 1
0,1,0,0,0,0,0,1,-1,1,0,1,1,1,0,0,0,0,0,16,0,0,3,2,0,0,3,4,3,23,27,0,0,0,0,0,0,0,0,7,1,1,0,0,0,0,2,2,0,1,KRBKRNvK,DRAW,2n5/8/5B2/8/k7/4r3/8/2K3R1 b - - 0 1
1,1,0,0,0,0,0,1,-1,1,0,1,1,1,0,0,0,0,0,16,0,0,4,3,0,3,4,3,0,23,23,0,0,0,0,0,0,0,0,7,1,1,0,0,0,0,0,3,1,0,KRBKRNvK,DRAW,8/8/7B/3k4/2rn4/5R2/8/3K4 w - - 0 1
1,1,0,0,0,0,0,1,-1,1,0,1,1,1,0,0,0,0,0,16,0,0,5,1,2,4,7,3,3,28,18,0,0,0,0,0,0,0,0,7,1,1,0,0,0,0,3,2,0,1,KRBKRNvK,DRAW,n3k3/8/8/r7/8/1K4B1/8/3R4 w - - 0 1
1,1,0,0,0,0,0,1,-1,1,0,1,1,1,0,0,0,0,0,16,0,0,5,5,1,0,3,3,3,24,22,0,0,0,0,0,0,0,0,7,1,1,0,0,0,0,3,2,1,1,KRBKRNvK,DRAW,8/8/8/1nB5/k7/8/4RK2/3r4 w - - 0 1
1,1,0,0,0,0,0,1,-1,1,0,1,1,1,0,0,0,0,0,16,0,0,2,4,3,6,1,0,4,4,0,1,0,0,0,0,0,0,0,7,1,1,0,0,0,0,3,2,0,0,KRBKRNvK,DRAW,8/4r1n1/7B/8/4K3/8/6k1/1R6 w - - 0 1
1,1,0,0,0,0,0,1,-1,1,0,1,1,1,0,0,0,0,0,16,0,0,3,1,1,4,3,4,0,25,26,0,0,0,0,0,0,0,0,7,1,1,0,0,0,0,1,4,0,1,KRBKRNvK,DRAW,8/8/8/r7/4k3/1B6/1K1n4/2R5 w - - 0 1
1,1,0,0,0,0,0,1,-1,1,0,1,1,1,0,0,0,0,0,16,0,0,4,5,0,1,1,4,4,22,24,0,0,0,0,0,0,0,0,7,1,1,0,0,0,0,4,2,0,0,KRBKRNvK,DRAW,B6n/8/3r4/8/4R3/8/1k6/5K2 w - - 0 1
0,1,0,0,0,0,0,1,-1,1,0,1,1,1,0,0,0,0,0,16,0,0,5,6,3,1,5,2,3,22,32,0,0,0,0,0,0,0,0,7,1,1,0,0,0,0,2,0,1,0,KRBKRNvK,DRAW,8/2r5/1k6/3B4/n4RK1/8/8/8 b - - 0 1
1,1,0,0,0,0,0,1,-1,1,0,1,1,1,0,0,0,0,0,16,0,0,2,1,4,3,2,2,1,26,21,0,0,0,0,0,0,0,0,7,1,1,0,0,0,0,1,2,0,1,KRBKRNvK,DRAW,8/B1r5/5R2/1K6/8/3k4/8/n7 w - - 0 1
1,1,0,0,0,0,0,1,-1,1,0,1,1,1,0,0,0,0,0,16,0,0,5,3,1,0,6,2,5,26,14,0,0,0,0,0,0,0,0,7,1,1,0,0,0,0,2,0,1,0,KRBKRNvK,DRAW,8/k7/8/1R1B4/8/r7/3K4/n7 w - - 0 1
1,1,0,0,0,0,0,1,-1,1,0,1,1,1,0,0,0,0,0,16,0,0,5,2,4,7,5,1,4,5,0,1,0,0,0,0,0,0,0,7,1,1,0,0,0,0,3,3,0,1,KRBKRNvK,DRAW,8/8/7k/2K1r3/R7/3B4/4n3/8 w - - 0 1
0,1,0,0,0,0,0,1,-1,1,0,1,1,1,0,0,0,0,0,16,0,0,4,3,5,0,1,1,5,4,0,1,0,0,0,0,0,0,0,7,1,1,1,0,0,0,3,0,0,0,KRBKRNvK,DRAW,8/R7/3K4/8/8/6r1/k7/6nB b - - 0 1
1,1,0,0,0,0,0,1,-1,1,0,1,1,1,0,0,0,0,0,16,0,0,3,5,3,2,0,1,4,7,0,1,0,0,0,0,0,0,0,7,1,1,0,0,0,0,2,3,0,1,KRBKRNvK,LOSS,3R4/3r4/8/7B/5K2/3n4/8/2k5 w - - 0 1
0,1,0,0,0,0,0,1,-1,1,0,1,1,1,0,0,0,0,0,16,0,0,2,1,6,3,5,4,1,21,20,0,0,0,0,0,0,0,0,7,1,1,0,1,0,0,0,2,1,0,KRBKRNvK,DRAW,R3B3/1K6/3k4/8/8/8/n1r5/8 b - - 0 1
1,1,0,0,0,0,0,1,-1,1,0,1,1,1,0,0,0,0,0,16,0,0,4,7,3,5,7,3,4,19,20,0,0,0,0,0,0,0,0,7,1,1,0,0,0,0,1,2,1,0,KRBKRNvK,DRAW,5k2/8/6R1/8/r3B2K/1n6/8/8 w - - 0 1
0,1,0,0,0,0,0,1,-1,1,0,1,1,1,0,0,0,0,0,16,0,0,2,4,1,3,3,2,0,18,21,0,0,0,0,0,0,0,0,7,1,1,0,0,0,0,1,4,1,0,KRBKRNvK,DRAW,8/8/3r4/8/3k3n/RB6/4K3/8 b - - 0 1
1,1,0,0,0,0,0,1,-1,1,0,1,1,1,0,0,0,0,0,16,0,0,4,4,3,3,7,0,3,31,19,0,0,0,0,0,0,0,0,7,1,1,1,0,0,0,3,0,0,0,KRBKRNvK,DRAW,1n1k4/7R/8/8/4K3/8/4B3/2r5 w - - 0 1
0,1,0,0,0,0,0,1,-1,1,0,1,1,1,0,0,0,0,0,16,0,0,5,7,2,2,4,4,1,6,0,1,0,0,0,0,0,0,0,7,1,1,0,0,0,0,3,4,1,0,KRBKRNvK,DRAW,8/8/4r3/2k3R1/8/3B3K/4n3/8 b - - 0 1
0,1,0,0,0,0,0,1,-1,1,0,1,1,1,0,0,0,0,0,16,0,0,5,5,7,0,5,4,4,5,0,1,0,0,0,0,0,0,0,7,1,1,0,0,0,0,2,0,0,0,KRBKRNvK,DRAW,1n3K2/1r6/k2RB3/8/8/8/8/8 b - - 0 1
0,1,0,0,0,0,0,1,-1,1,0,1,1,1,0,0,0,0,0,16,0,0,2,3,3,1,2,0,3,3,0,1,0,0,0,0,0,0,0,7,1,1,0,0,0,0,3,1,1,0,KRBKRNvK,LOSS,1r6/8/1R6/3B4/3K4/1k4n1/8/8 b - - 0 1
0,1,0,0,0,0,0,1,-1,1,0,1,1,1,0,0,0,0,0,16,0,0,5,6,7,4,2,5,1,24,24,0,0,0,0,0,0,0,0,7,1,1,0,1,0,0,3,2,2,0,KRBKRNvK,DRAW,6K1/8/8/1n6/6R1/4k1B1/r7/8 b - - 0 1
0,1,0,0,0,0,0,1,-1,1,0,1,1,1,0,0,0,0,0,16,0,0,6,1,5,7,4,3,3,23,23,0,0,0,0,0,0,0,0,7,1,1,0,0,0,0,1,2,1,1,KRBKRNvK,DRAW,1B6/8/1K6/2n1r2k/8/5R2/8/8 b - - 0 1
1,1,0,0,0,0,0,1,-1,1,0,1,1,1,0,0,0,0,0,16,0,0,6,1,2,7,3,3,3,4,0,1,0,0,0,0,0,0,0,7,1,1,0,0,0,0,2,0,0,1,KRBKRNvK,DRAW,8/1r6/8/n7/7k/1K6/2B5/4R3 w - - 0 1
0,1,0,0,0,0,0,1,-1,1,0,1,1,1,0,0,0,0,0,16,0,0,4,3,4,5,0,0,4,22,29,0,0,0,0,0,0,0,0,7,1,1,0,0,0,0,3,0,0,1,KRBKRNvK,DRAW,8/4B3/6R1/3K4/3n4/8/8/r4k2 b - - 0 1
0,1,0,0,0,0,0,1,-1,1,0,1,1,1,0,0,0,0,0,16,0,0,3,3,4,0,3,0,3,22,21,0,0,0,0,0,0,0,0,7,1,1,1,0,0,0,4,1,0,2,KRBKRNvK,DRAW,6B1/2R5/1r1n4/3K4/k7/8/8/8 b - - 0 1
0,1,0,0,0,0,0,1,-1,1,0,1,1,1,0,0,0,0,0,16,0,0,3,0,1,2,4,5,1,5,0,1,0,0,0,0,0,0,0,7,1,1,0,0,0,0,2,2,1,0,KRBKRNvK,DRAW,8/6B1/8/2k5/8/2R5/K6n/6r1 b - - 0 1
1,1,0,0,0,0,0,1,-1,1,0,1,1,1,0,0,0,0,0,16,0,0,3,5,5,7,2,2,4,5,0,1,0,0,0,0,0,0,0,7,1,1,0,0,0,0,4,0,0,1,KRBKRNvK,DRAW,4n3/2r4B/5K2/8/8/7k/3R4/8 w - - 0 1
0,1,0,0,0,0,0,1,-1,1,0,1,1,1,0,0,0,0,0,16,0,0,2,5,4,3,2,1,1,21,22,0,0,0,0,0,0,0,0,7,1,1,0,0,0,0,3,2,1,0,KRBKRNvK,DRAW,8/n1B5/8/2R2K2/8/3k4/8/6r1 b - - 0 1
0,1,0,0,0,0,0,1,-1,1,0,1,1,1,0,0,0,0,0,16,0,0,3,3,7,5,4,3,1,6,0,1,0,0,0,0,0,0,0,7,1,1,0,0,0,0,1,3,1,0,KRBKRNvK,DRAW,3K4/B7/8/5k2/8/2n2R2/8/7r b - - 0 1
0,1,0,0,0,0,0,1,-1,1,0,1,1,1,0,0,0,0,0,16,0,0,5,0,7,5,4,6,1,4,0,1,0,0,0,0,0,0,0,7,1,1,1,0,0,0,1,2,2,1,KRBKRNvK,DRAW,K7/n4R2/8/3B1k2/8/8/8/6r1 b - - 0 1
1,1,0,0,0,0,0,1,-1,1,0,1,1,1,0,0,0,0,0,16,0,0,5,2,3,7,6,1,5,22,20,0,0,0,0,0,0,0,0,7,1,1,0,1,0,0,3,3,1,1,KRBKRNvK,DRAW,8/6Bk/8/8/R1K5/8/3r1n2/8 w - - 0 1
0,1,0,0,0,0,0,1,-1,1,0,1,1,1,0,0,0,0,0,16,0,0,5,1,6,5,1,4,3,20,29,0,0,0,0,0,0,0,0,7,1,1,0,0,0,0,2,1,0,0,KRBKRNvK,DRAW,8/1K6/3R4/8/8/4n3/B4k2/5r2 b - - 0 1
0,1,0,0,0,0,0,1,-1,1,0,1,1,1,0,0,0,0,0,16,0,0,5,0,6,1,1,5,4,5,0,1,0,0,0,0,0,0,0,7,1,1,0,0,0,0,2,1,0,0,KRBKRNvK,DRAW,7B/K7/7R/8/8/4n3/1k6/1r6 b - - 0 1
0,1,0,0,0,0,0,1,-1,1,0,1,1,1,0,0,0,0,0,16,0,0,5,0,3,5,1,3,3,19,27,0,0,0,0,0,0,0,0,7,1,1,0,1,0,0,2,2,0,0,KRBKRNvK,DRAW,7R/8/2B5/8/K7/7n/4rk2/8 b - - 0 1
1,1,0,0,0,0,0,1,-1,1,0,1,1,1,0,0,0,0,0,16,0,0,2,4,5,4,3,1,0,19,18,0,0,0,0,0,0,0,0,7,1,1,1,0,0,0,2,3,0,0,KRBKRNvK,DRAW,6B1/5R2/4K2n/8/4k3/8/8/7r w - - 0 1
0,1,0,0,0,0,0,1,-1,1,0,1,1,1,0,0,0,0,0,16,0,0,3,3,4,4,7,0,3,3,0,1,0,0,0,0,0,0,0,7,1,1,0,0,0,0,3,0,1,0,KRBKRNvK,LOSS,4k2n/8/5B2/3K4/4R3/8/8/r7 b - - 0 1
1,1,0,0,0,0,0,1,-1,1,0,1,1,1,0,0,0,0,0,16,0,0,2,4,3,6,3,0,2,4,0,1,0,0,0,0,0,0,0,7,1,1,0,0,0,0,4,2,1,0,KRBKRNvK,DRAW,4r2n/8/3R4/8/4K1k1/8/6B1/8 w - - 0 1
0,1,0,0,0,0,0,1,-1,1,0,1,1,1,0,0,0,0,0,16,0,0,3,4,3,7,0,0,6,21,22,0,0,0,0,0,0,0,0,7,1,1,0,0,0,0,4,0,0,0,KRBKRNvK,DRAW,8/6r1/8/7B/4K3/4R3/1n6/7k b - - 0 1
0,1,0,0,0,0,0,1,-1,1,0,1,1,1,0,0,0,0,0,16,0,0,4,1,1,5,0,4,4,4,0,1,0,0,0,0,0,0,0,7,1,1,0,0,0,0,2,3,1,0,KRBKRNvK,DRAW,7B/8/4n3/6r1/8/8/1K6/5k1R b - - 0 1
1,1,0,0,0,0,0,1,-1,1,0,1,1,1,0,0,0,0,0,16,0,0,2,2,5,4,6,2,2,5,0,1,0,0,0,0,0,0,0,7,1,1,0,1,0,0,2,0,1,1,KRBKRNvK,DRAW,3R4/n3k3/2K5/8/8/7B/6r1/8 w - - 0 1
0,1,0,0,0,0,0,1,-1,1,0,1,1,1,0,0,0,0,0,16,0,0,5,5,0,0,2,4,4,4,0,1,0,0,0,0,0,0,0,7,1,1,1,0,0,0,1,1,1,0,KRBKRNvK,DRAW,8/R1n3r1/8/8/8/k7/8/1B3K2 b - - 0 1
1,1,0,0,0,0,0,1,-1,1,0,1,1,1,0,0,0,0,0,16,0,0,5,6,5,5,0,3,4,29,15,0,0,0,0,0,0,0,0,7,1,1,0,0,0,0,2,1,0,0,KRBKRNvK,DRAW,8/1r4B1/1n4K1/8/8/8/2R5/5k2 w - - 0 1
0,1,0,0,0,0,0,1,-1,1,0,1,1,1,0,0,0,0,0,16,0,0,4,2,4,0,0,1,6,2,0,1,0,0,0,0,0,0,0,7,1,1,0,0,0,0,4,1,0,0,KRBKRNvK,DRAW,8/5n2/5r2/2K5/8/5B2/8/k3R3 b - - 0 1
1,1,0,0,0,0,0,1,-1,1,0,1,1,1,0,0,0,0,0,16,0,0,4,3,1,5,5,2,2,7,0,1,0,0,0,0,0,0,0,7,1,1,0,0,0,0,0,3,0,0,KRBKRNvK,DRAW,4n3/3r4/B4k2/8/8/8/3K4/3R4 w - - 0 1
0,1,0,0,0,0,0,1,-1,1,0,1,1,1,0,0,0,0,0,16,0,0,3,0,5,1,2,4,3,22,19,0,0,0,0,0,0,0,0,7,1,1,0,0,0,0,2,2,1,1,KRBKRNvK,DRAW,n7/8/K7/4r3/8/1k6/8/B4R2 b - - 0 1
0,1,0,0,0,0,0,1,-1,1,0,1,1,1,0,0,0,0,0,16,0,0,5,1,6,6,2,4,3,21,25,0,0,0,0,0,0,0,0,7,1,1,0,0,0,0,1,0,0,0,KRBKRNvK,DRAW,6r1/1K6/1R6/2B5/8/6k1/8/1n6 b - - 0 1
1,1,0,0,0,0,0,1,-1,1,0,1,1,1,0,0,0,0,0,16,0,0,3,7,7,7,4,6,3,24,20,0,0,0,0,0,0,0,0,7,1,1,0,0,0,0,2,0,0,1,KRBKRNvK,DRAW,3n3K/8/5r2/7k/2R5/8/8/1B6 w - - 0 1
0,1,0,0,0,0,0,1,-1,1,0,1,1,1,0,0,0,0,0,16,0,0,2,5,3,3,1,1,2,20,24,0,0,0,0,0,0,0,0,7,1,1,1,0,0,0,3,0,0,1,KRBKRNvK,DRAW,8/4R3/8/8/5K2/6r1/3k4/B4n2 b - - 0 1
1,1,0,0,0,0,0,1,-1,1,0,1,1,1,0,0,0,0,0,16,0,0,6,0,7,3,1,6,2,23,24,0,0,0,0,0,0,0,0,7,1,1,0,0,0,0,2,3,0,0,KRBKRNvK,DRAW,K7/1B6/6n1/8/5r2/8/3k4/7R w - - 0 1
0,1,0,0,0,0,0,1,-1,1,0,1,1,1,0,0,0,0,0,16,0,0,2,2,0,1,2,4,3,5,0,1,0,0,0,0,0,0,0,7,1,1,1,0,0,0,1,2,0,0,KRBKRNvK,DRAW,8/1R6/8/8/r3n3/1k6/6B1/2K5 b - - 0 1
1,1,0,0,0,0,0,1,-1,1,0,1,1,1,0,0,0,0,0,16,0,0,3,3,5,6,2,1,3,29,20,0,0,0,0,0,0,0,0,7,1,1,0,0,0,0,3,2,0,0,KRBKRNvK,DRAW,4R3/7B/3K4/7n/7r/6k1/8/8 w - - 0 1
0,1,0,0,0,0,0,1,-1,1,0,1,1,1,0,0,0,0,0,16,0,0,4,7,2,3,3,4,0,4,0,1,0,0,0,0,0,0,0,7,1,1,0,0,0,0,1,3,0,0,KRBKRNvK,DRAW,2R5/8/rn6/8/3k4/7K/8/6B1 b - - 0 1
0,1,0,0,0,0,0,1,-1,1,0,1,1,1,0,0,0,0,0,16,0,0,4,4,6,4,2,2,1,4,0,1,0,0,0,0,0,0,0,7,1,1,0,0,0,0,1,2,1,0,KRBKRNvK,LOSS,8/4K3/1B6/8/8/4k1R1/8/4n1r1 b - - 0 1
0,1,0,0,0,0,0,1,-1,1,0,1,1,1,0,0,0,0,0,16,0,0,5,2,3,7,4,1,3,4,0,1,0,0,0,0,0,0,0,7,1,1,0,0,0,0,3,2,1,0,KRBKRNvK,LOSS,8/4n3/8/7k/2K5/5B2/1R6/3r4 b - - 0 1
0,1,0,0,0,0,0,1,-1,1,0,1,1,1,0,0,0,0,0,16,0,0,4,1,3,5,5,2,2,4,0,1,0,0,0,0,0,0,0,7,1,1,0,0,0,0,3,1,1,0,KRBKRNvK,DRAW,r6n/8/5k2/8/1K3R2/2B5/8/8 b - - 0 1
1,1,0,0,0,0,0,1,-1,1,0,1,1,1,0,0,0,0,0,16,0,0,5,5,0,5,5,4,2,23,16,0,0,0,0,0,0,0,0,7,1,1,0,1,0,0,2,2,2,2,KRBKRNvK,DRAW,4B3/8/5k2/4R3/8/8/5n1r/5K2 w - - 0 1
0,1,0,0,0,0,0,1,-1,1,0,1,1,1,0,0,0,0,0,16,0,0,6,6,7,0,1,5,5,21,26,0,0,0,0,0,0,0,0,7,1,1,0,1,0,0,2,0,1,0,KRBKRNvK,DRAW,6K1/B7/8/8/2R4n/8/kr6/8 b - - 0 1
1,1,0,0,0,0,0,1,-1,1,0,1,1,1,0,0,0,0,0,16,0,0,4,3,2,7,3,1,3,6,0,1,0,0,0,0,0,0,0,7,1,1,0,0,0,0,3,1,1,1,KRBKRNvK,DRAW,8/8/7B/8/1n5k/3KR3/8/7r w - - 0 1
0,1,0,0,0,0,0,1,-1,1,0,1,1,1,0,0,0,0,0,16,0,0,5,0,6,5,1,5,3,23,25,0,0,0,0,0,0,0,0,7,1,1,0,0,0,0,1,2,0,0,KRBKRNvK,DRAW,3n4/K7/R7/8/2B5/8/5k2/4r3 b - - 0 1
1,1,0,0,0,0,0,1,-1,1,0,1,1,1,0,0,0,0,0,16,0,0,6,3,0,1,6,3,4,23,20,0,0,0,0,0,0,0,0,7,1,1,0,0,0,0,2,0,0,0,KRBKRNvK,DRAW,3n4/1k5r/5R2/8/8/8/8/B2K4 w - - 0 1
0,1,0,0,0,0,0,1,-1,1,0,1,1,1,0,0,0,0,0,16,0,0,3,7,1,5,4,5,1,26,29,0,0,0,0,0,0,0,0,7,1,1,0,0,0,0,2,3,1,0,KRBKRNvK,DRAW,8/5n2/8/5k2/2r5/5B2/1R5K/8 b - - 0 1
0,1,0,0,0,0,0,1,-1,1,0,1,1,1,0,0,0,0,0,16,0,0,6,1,1,1,7,4,5,3,0,1,0,0,0,0,0,0,0,7,1,1,0,0,0,0,1,1,1,0,KRBKRNvK,DRAW,1k6/8/3B4/6n1/8/2R4r/1K6/8 b - - 0 1
0,1,0,0,0,0,0,1,-1,1,0,1,1,1,0,0,0,0,0,16,0,0,3,0,1,3,2,5,1,21,25,0,0,0,0,0,0,0,0,7,1,1,0,0,0,0,3,3,1,0,KRBKRNvK,DRAW,1n6/8/1B6/5R2/3r4/3k4/K7/8 b - - 0 1
1,1,0,0,0,0,0,1,-1,1,0,1,1,1,0,0,0,0,0,16,0,0,2,5,1,7,0,3,6,20,20,0,0,0,0,0,0,0,0,7,1,1,0,0,0,0,0,1,0,0,KRBKRNvK,DRAW,2B5/8/8/1n6/8/r7/2R2K2/7k w - - 0 1
1,1,0,0,0,0,0,1,-1,1,0,1,1,1,0,0,0,0,0,16,0,0,3,6,1,5,4,4,1,24,22,0,0,0,0,0,0,0,0,7,1,1,0,0,0,0,0,2,2,0,KRBKRNvK,DRAW,8/2r5/8/5k1B/8/7R/6K1/n7 w - - 0 1
1,1,0,0,0,0,0,1,-1,1,0,1,1,1,0,0,0,0,0,16,0,0,4,1,2,5,4,3,1,5,0,1,0,0,0,0,0,0,0,7,1,1,0,0,0,0,1,2,0,1,KRBKRNvK,DRAW,8/8/5r2/5k2/2B5/1KR5/8/n7 w - - 0 1
1,1,0,0,0,0,0,1,-1,1,0,1,1,1,0,0,0,0,0,16,0,0,2,0,4,2,2,3,2,26,20,0,0,0,0,0,0,0,0,7,1,1,0,0,0,0,2,2,1,0,KRBKRNvK,DRAW,8/8/3R4/K1B5/8/2k2n1r/8/8 w - - 0 1
1,1,0,0,0,0,0,1,-1,1,0,1,1,1,0,0,0,0,0,16,0,0,6,7,1,1,7,5,5,24,20,0,0,0,0,0,0,0,0,7,1,1,0,0,0,0,2,2,2,0,KRBKRNvK,DRAW,1k6/n2B4/3R4/8/8/4r3/7K/8 w - - 0 1
1,1,0,0,0,0,0,1,-1,1,0,1,1,1,0,0,0,0,0,16,0,0,4,4,2,1,6,1,4,23,24,0,0,0,0,0,0,0,0,7,1,1,0,0,0,0,3,2,0,1,KRBKRNvK,DRAW,2n5/1k6/8/4R3/2r5/B3K3/8/8 w - - 0 1
0,1,0,0,0,0,0,1,-1,1,0,1,1,1,0,0,0,0,0,16,0,0,6,4,6,1,0,2,5,2,0,1,0,0,0,0,0,0,0,7,1,1,0,0,0,0,1,2,1,2,KRBKRNvK,DRAW,4n3/4K3/8/2r5/8/8/B5R1/1k6 b - - 0 1
1,1,0,0,0,0,0,1,-1,1,0,1,1,1,0,0,0,0,0,16,0,0,2,3,5,5,4,1,1,3,0,1,0,0,0,0,0,0,0,7,1,1,0,0,0,0,2,2,1,2,KRBKRNvK,DRAW,2n3B1/1r6/3K4/5k2/8/7R/8/8 w - - 0 1
1,1,0,0,0,0,0,1,-1,1,0,1,1,1,0,0,0,0,0,16,0,0,4,1,2,5,6,3,3,21,29,0,0,0,0,0,0,0,0,7,1,1,0,1,0,0,0,0,0,0,KRBKRNvK,DRAW,8/5k2/8/4n3/8/1KR5/6r1/2B5 w - - 0 1
1,1,0,0,0,0,0,1,-1,1,0,1,1,1,0,0,0,0,0,16,0,0,3,5,1,2,4,3,1,29,25,0,0,0,0,0,0,0,0,7,1,1,0,0,0,0,2,3,0,0,KRBKRNvK,DRAW,7R/8/8/2k1r3/8/2n2B2/5K2/8 w - - 0 1
0,1,0,0,0,0,0,1,-1,1,0,1,1,1,0,0,0,0,0,16,0,0,4,5,6,1,6,3,4,21,28,0,0,0,0,0,0,0,0,7,1,1,0,0,0,0,0,1,0,0,KRBKRNvK,DRAW,5B2/1k3K2/8/8/8/rn6/6R1/8 b - - 0 1
1,1,0,0,0,0,0,1,-1,1,0,1,1,1,0,0,0,0,0,16,0,0,5,6,0,3,5,5,1,24,22,0,0,0,0,0,0,0,0,7,1,1,0,1,0,0,3,2,1,1,KRBKRNvK,DRAW,8/8/3k4/8/1R6/8/1Br3n1/6K1 w - - 0 1
0,1,0,0,0,0,0,1,-1,1,0,1,1,1,0,0,0,0,0,16,0,0,4,7,0,7,4,6,3,16,25,0,0,0,0,0,0,0,0,7,1,1,0,0,0,0,2,0,2,0,KRBKRNvK,DRAW,7r/1n6/5B2/7k/8/5R2/8/7K b - - 0 1
0,1,0,0,0,0,0,1,-1,1,0,1,1,1,0,0,0,0,0,16,0,0,2,5,3,5,5,1,2,4,0,1,0,0,0,0,0,0,0,7,1,1,0,0,0,0,2,2,1,0,KRBKRNvK,DRAW,5R2/8/5k2/Br6/5K2/8/1n6/8 b - - 0 1
1,1,0,0,0,0,0,1,-1,1,0,1,1,1,0,0,0,0,0,16,0,0,5,2,2,7,7,2,6,7,0,1,0,0,0,0,0,0,0,7,1,1,0,0,0,0,2,3,0,2,KRBKRNvK,DRAW,7k/8/3R4/Bn6/8/2K5/8/4r3 w - - 0 1
0,1,0,0,0,0,0,1,-1,1,0,1,1,1,0,0,0,0,0,16,0,0,6,1,7,7,1,5,5,6,0,1,0,0,0,0,0,0,0,7,1,1,1,0,0,0,1,2,0,0,KRBKRNvK,DRAW,1K6/2R5/3B4/8/r7/8/7k/5n2 b - - 0 1
1,1,0,0,0,0,0,1,-1,1,0,1,1,1,0,0,0,0,0,16,0,0,2,5,1,7,2,3,4,24,20,0,0,0,0,0,0,0,0,7,1,1,0,0,0,0,3,3,0,2,KRBKRNvK,DRAW,8/8/8/1R6/8/3r3k/1B1n1K2/8 w - - 0 1
1,1,0,0,0,0,0,1,-1,1,0,1,1,1,0,0,0,0,0,16,0,0,5,7,6,3,1,5,2,25,23,0,0,0,0,0,0,0,0,7,1,1,0,0,0,0,2,2,0,0,KRBKRNvK,DRAW,4r3/6BK/R7/8/8/8/3k4/7n w - - 0 1
0,1,0,0,0,0,0,1,-1,1,0,1,1,1,0,0,0,0,0,16,0,0,7,6,7,2,0,5,4,3,0,1,0,0,0,0,0,0,0,7,1,1,0,0,0,0,0,0,0,0,KRBKRNvK,DRAW,4B1K1/1r6/8/8/4n3/8/8/2k3R1 b - - 0 1
1,1,0,0,0,0,0,1,-1,1,0,1,1,1,0,0,0,0,0,16,0,0,4,6,0,2,3,5,1,18,25,0,0,0,0,0,0,0,0,7,1,1,0,0,0,0,0,2,0,0,KRBKRNvK,DRAW,3B2n1/8/r7/8/2k5/8/8/6KR w - - 0 1
1,1,0,0,0,0,0,1,-1,1,0,1,1,1,0,0,0,0,0,16,0,0,5,6,7,4,2,5,1,4,0,1,0,0,0,0,0,0,0,7,1,1,0,0,0,0,2,3,2,1,KRBKRNvK,DRAW,6K1/4n3/8/8/6r1/4k3/3R4/5B2 w - - 0 1
0,1,0,0,0,0,0,1,-1,1,0,1,1,1,0,0,0,0,0,16,0,0,5,0,1,5,3,5,1,3,0,1,0,0,0,0,0,0,0,7,1,1,0,0,0,0,0,4,2,0,KRBKRNvK,DRAW,8/8/8/8/5k2/3rn3/K5RB/8 b - - 0 1
1,1,0,0,0,0,0,1,-1,1,0,1,1,1,0,0,0,0,0,16,0,0,5,0,7,5,5,6,2,26,24,0,0,0,0,0,0,0,0,7,1,1,0,0,0,0,2,4,0,0,KRBKRNvK,DRAW,K7/8/5k2/2R5/3r4/1n4B1/8/8 w - - 0 1
0,1,0,0,0,0,0,1,-1,1,0,1,1,1,0,0,0,0,0,16,0,0,3,6,2,3,5,3,1,4,0,1,0,0,0,0,0,0,0,7,1,1,0,1,0,0,2,3,2,0,KRBKRNvK,DRAW,8/8/3k4/1n6/1B1R4/6K1/r7/8 b - - 0 1
1,1,0,0,0,0,0,1,-1,1,0,1,1,1,0,0,0,0,0,16,0,0,3,5,6,4,3,3,0,26,22,0,0,0,0,0,0,0,0,7,1,1,0,0,0,0,0,4,0,2,KRBKRNvK,DRAW,8/5K2/4n3/4r3/4k2B/8/R7/8 w - - 0 1
0,1,0,0,0,0,0,1,-1,1,0,1,1,1,0,0,0,0,0,16,0,0,3,3,5,0,2,1,4,24,23,0,0,0,0,0,0,0,0,7,1,1,0,0,0,0,3,2,0,1,KRBKRNvK,DRAW,B7/7r/3K1n2/8/8/k7/6R1/8 b - - 0 1
0,1,0,0,0,0,0,1,-1,1,0,1,1,1,0,0,0,0,0,16,0,0,5,5,1,3,6,3,2,21,26,0,0,0,0,0,0,0,0,7,1,1,0,0,0,0,2,1,0,2,KRBKRNvK,DRAW,8/3k4/8/8/R7/6nr/5K2/2B5 b - - 0 1
0,1,0,0,0,0,0,1,-1,1,0,1,1,1,0,0,0,0,0,16,0,0,5,6,0,1,0,5,5,4,0,1,0,0,0,0,0,0,0,7,1,1,0,0,0,0,1,2,0,0,KRBKRNvK,LOSS,7B/8/8/2n1r3/8/8/8/1k3RK1 b - - 0 1
1,1,0,0,0,0,0,1,-1,1,0,1,1,1,0,0,0,0,0,16,0,0,5,7,1,6,6,5,4,23,23,0,0,0,0,0,0,0,0,7,1,1,0,0,0,0,2,0,0,0,KRBKRNvK,DRAW,3B4/6kn/8/8/8/1r6/4R2K/8 w - - 0 1
1,1,0,0,0,0,0,1,-1,1,0,1,1,1,0,0,0,0,0,16,0,0,3,0,4,3,4,3,0,24,20,0,0,0,0,0,0,0,0,7,1,1,0,0,0,0,2,3,1,0,KRBKRNvK,DRAW,8/8/8/K2k2B1/5R2/8/8/n1r5 w - - 0 1
1,1,0,0,0,0,0,1,-1,1,0,1,1,1,0,0,0,0,0,16,0,0,5,5,7,0,5,4,4,28,21,0,0,0,0,0,0,0,0,7,1,1,1,0,0,0,1,3,1,0,KRBKRNvK,DRAW,5K2/6R1/k7/2B5/8/2nr4/8/8 w - - 0 1
0,1,0,0,0,0,0,1,-1,1,0,1,1,1,0,0,0,0,0,16,0,0,3,1,5,4,3,3,0,4,0,1,0,0,0,0,0,0,0,7,1,1,0,0,0,0,2,3,1,1,KRBKRNvK,DRAW,B1r5/8/1K6/8/4k3/7n/4R3/8 b - - 0 1
0,1,0,0,0,0,0,1,-1,1,0,1,1,1,0,0,0,0,0,16,0,0,6,7,1,5,7,5,4,24,23,0,0,0,0,0,0,0,0,7,1,1,0,0,0,0,1,1,0,0,KRBKRNvK,DRAW,5k2/r7/1n6/4B3/8/8/7K/7R b - - 0 1
1,1,0,0,0,0,0,1,-1,1,0,1,1,1,0,0,0,0,0,16,0,0,3,5,2,2,2,2,2,27,27,0,0,0,0,0,0,0,0,7,1,1,0,0,0,0,3,3,1,1,KRBKRNvK,DRAW,8/8/3B1n2/4R3/8/2k2K2/8/3r4 w - - 0 1
0,1,0,0,0,0,0,1,-1,1,0,1,1,1,0,0,0,0,0,16,0,0,3,4,2,1,5,1,3,25,22,0,0,0,0,0,0,0,0,7,1,1,0,0,0,0,2,2,1,2,KRBKRNvK,DRAW,5B2/8/1k6/2r5/R3n3/4K3/8/8 b - - 0 1
0,1,0,0,0,0,0,1,-1,1,0,1,1,1,0,0,0,0,0,16,0,0,5,0,4,5,5,3,2,4,0,1,0,0,0,0,0,0,0,7,1,1,0,1,0,0,3,3,2,0,KRBKRNvK,DRAW,8/8/3B1k2/K7/5R2/8/2nr4/8 b - - 0 1
1,1,0,0,0,0,0,1,-1,1,0,1,1,1,0,0,0,0,0,16,0,0,3,4,2,7,0,1,6,24,22,0,0,0,0,0,0,0,0,7,1,1,0,0,0,0,3,3,0,0,KRBKRNvK,DRAW,8/8/5n2/7r/5B2/2R1K3/8/7k w - - 0 1
1,1,0,0,0,0,0,1,-1,1,0,1,1,1,0,0,0,0,0,16,0,0,4,4,1,0,5,2,4,26,27,0,0,0,0,0,0,0,0,7,1,1,0,0,0,0,2,1,0,0,KRBKRNvK,DRAW,2r5/8/k2BR3/5n2/8/8/4K3/8 w - - 0 1
0,1,0,0,0,0,0,1,-1,1,0,1,1,1,0,0,0,0,0,16,0,0,3,5,7,2,6,4,3,8,0,1,0,0,0,0,0,0,0,7,1,1,0,0,0,0,2,2,0,0,KRBKRNvK,LOSS,5K2/2k5/8/3r4/8/8/1nR5/7B b - - 0 1
0,1,0,0,0,0,0,1,-1,1,0,1,1,1,0,0,0,0,0,16,0,0,6,1,2,7,5,3,4,15,26,0,0,0,0,0,0,0,0,7,1,1,1,0,0,0,0,0,1,0,KRBKRNvK,DRAW,4nr2/1R6/7k/8/7B/1K6/8/8 b - - 0 1
0,1,0,0,0,0,0,1,-1,1,0,1,1,1,0,0,0,0,0,16,0,0,4,4,0,0,3,3,3,3,0,1,0,0,0,0,0,0,0,7,1,1,0,0,0,0,2,1,1,1,KRBKRNvK,DRAW,8/8/R7/8/k7/r5n1/6B1/4K3 b - - 0 1
0,1,0,0,0,0,0,1,-1,1,0,1,1,1,0,0,0,0,0,16,0,0,7,0,5,7,5,4,4,21,21,0,0,0,0,0,0,0,0,7,1,1,1,0,0,0,1,1,0,0,KRBKRNvK,DRAW,8/R7/K6k/2B5/8/5r2/5n2/8 b - - 0 1
1,1,0,0,0,0,0,1,-1,1,0,1,1,1,0,0,0,0,0,16,0,0,7,7,7,0,0,6,6,3,0,1,0,0,0,0,0,0,0,7,1,1,0,0,0,0,2,1,0,1,KRBKRNvK,DRAW,1r1R3K/8/4B1n1/8/8/8/8/k7 w - - 0 1
1,1,0,0,0,0,0,1,-1,1,0,1,1,1,0,0,0,0,0,16,0,0,4,4,4,0,7,0,6,29,16,0,0,0,0,0,0,0,0,7,1,1,0,0,0,0,3,0,0,0,KRBKRNvK,DRAW,k3n2r/8/8/4K1B1/8/2R5/8/8 w - - 0 1
1,1,0,0,0,0,0,1,-1,1,0,1,1,1,0,0,0,0,0,16,0,0,5,1,1,2,6,4,3,5,0,1,0,0,0,0,0,0,0,7,1,1,0,1,0,0,0,2,0,0,KRBKRNvK,DRAW,5B2/2k5/8/8/8/8/1K2rn2/R7 w - - 0 1
1,1,0,0,0,0,0,1,-1,1,0,1,1,1,0,0,0,0,0,16,0,0,2,2,4,1,6,1,4,20,24,0,0,0,0,0,0,0,0,7,1,1,0,0,0,0,2,1,0,0,KRBKRNvK,DRAW,8/1k5r/8/2K5/8/B4R2/2n5/8 w - - 0 1
0,1,0,0,0,0,0,1,-1,1,0,1,1,1,0,0,0,0,0,16,0,0,5,5,6,0,3,3,3,18,28,0,0,0,0,0,0,0,0,7,1,1,1,0,0,0,1,2,0,0,KRBKRNvK,DRAW,1n6/1R3K2/8/8/k1r5/6B1/8/8 b - - 0 1
0,1,0,0,0,0,0,1,-1,1,0,1,1,1,0,0,0,0,0,16,0,0,5,2,5,4,0,2,3,25,28,0,0,0,0,0,0,0,0,7,1,1,0,1,0,0,2,2,0,0,KRBKRNvK,DRAW,3B4/8/2K5/1R6/8/5n2/7r/4k3 b - - 0 1
1,1,0,0,0,0,0,1,-1,1,0,1,1,1,0,0,0,0,0,16,0,0,4,1,7,1,3,5,2,4,0,1,0,0,0,0,0,0,0,7,1,1,0,0,0,0,1,2,0,1,KRBKRNvK,DRAW,1K1r4/8/5R2/5B2/1k6/8/8/7n w - - 0 1
0,1,0,0,0,0,0,1,-1,1,0,1,1,1,0,0,0,0,0,16,0,0,3,4,2,1,4,1,2,29,18,0,0,0,0,0,0,0,0,7,1,1,0,0,0,0,2,2,0,0,KRBKRNvK,DRAW,8/8/3n4/1k6/7r/4K3/8/1B2R3 b - - 0 1
0,1,0,0,0,0,0,1,-1,1,0,1,1,1,0,0,0,0,0,16,0,0,3,0,2,3,1,4,2,6,0,1,0,0,0,0,0,0,0,7,1,1,0,0,0,0,2,1,1,0,KRBKRNvK,DRAW,8/2n5/1r6/7R/5B2/K7/3k4/8 b - - 0 1
0,1,0,0,0,0,0,1,-1,1,0,1,1,1,0,0,0,0,0,16,0,0,7,7,4,0,7,3,6,25,21,0,0,0,0,0,0,0,0,7,1,1,0,1,0,0,2,1,0,0,KRBKRNvK,DRAW,k7/3B4/8/7K/3R4/3n4/6r1/8 b - - 0 1
0,1,0,0,0,0,0,1,-1,1,0,1,1,1,0,0,0,0,0,16,0,0,2,4,4,2,2,0,2,22,23,0,0,0,0,0,0,0,0,7,1,1,0,0,0,0,3,2,0,0,KRBKRNvK,WIN,3R1B2/8/8/n3K3/7r/2k5/8/8 b - - 0 1
0,1,0,0,0,0,0,1,-1,1,0,1,1,1,0,0,0,0,0,16,0,0,2,6,1,4,2,4,1,5,0,1,0,0,0,0,0,0,0,7,1,1,0,0,0,0,0,3,1,0,KRBKRNvK,DRAW,5n2/3r4/1R6/8/8/4k3/6K1/6B1 b - - 0 1
1,1,0,0,0,0,0,1,-1,1,0,1,1,1,0,0,0,0,0,16,0,0,3,6,4,3,6,2,2,7,0,1,0,0,0,0,0,0,0,7,1,1,0,0,0,0,1,0,1,1,KRBKRNvK,DRAW,8/3k4/8/1rB3K1/8/7n/1R6/8 w - - 0 1
1,1,0,0,0,0,0,1,-1,1,0,1,1,1,0,0,0,0,0,16,0,0,4,7,0,3,2,6,1,24,22,0,0,0,0,0,0,0,0,7,1,1,0,0,0,0,2,2,1,1,KRBKRNvK,DRAW,8/8/8/R7/6r1/3k4/3B2n1/7K w - - 0 1
1,1,0,0,0,0,0,1,-1,1,0,1,1,1,0,0,0,0,0,16,0,0,4,1,3,5,7,2,4,5,0,1,0,0,0,0,0,0,0,7,1,1,0,0,0,0,2,1,0,1,KRBKRNvK,DRAW,1r3k2/8/8/8/1K5R/8/2n2B2/8 w - - 0 1
1,1,0,0,0,0,0,1,-1,1,0,1,1,1,0,0,0,0,0,16,0,0,2,5,6,7,5,3,4,24,15,0,0,0,0,0,0,0,0,7,1,1,1,0,0,0,2,1,0,0,KRBKRNvK,DRAW,8/3R1K2/7k/8/8/8/4n3/4r1B1 w - - 0 1
1,1,0,0,0,0,0,1,-1,1,0,1,1,1,0,0,0,0,0,16,0,0,2,5,2,7,0,2,6,26,21,0,0,0,0,0,0,0,0,7,1,1,1,0,0,0,1,2,0,0,KRBKRNvK,DRAW,8/2R5/r4n2/8/8/5K2/8/1B5k w - - 0 1
1,1,0,0,0,0,0,1,-1,1,0,1,1,1,0,0,0,0,0,16,0,0,3,2,1,2,4,3,1,25,18,0,0,0,0,0,0,0,0,7,1,1,0,0,0,0,0,2,0,0,KRBKRNvK,DRAW,8/7r/7n/2k5/8/8/R1K1B3/8 w - - 0 1
0,1,0,0,0,0,0,1,-1,1,0,1,1,1,0,0,0,0,0,16,0,0,6,0,0,6,6,6,4,6,0,1,0,0,0,0,0,0,0,7,1,1,0,0,0,0,2,2,1,0,KRBKRNvK,DRAW,4n3/3r2k1/8/6R1/8/7B/8/K7 b - - 0 1
1,1,0,0,0,0,0,1,-1,1,0,1,1,1,0,0,0,0,0,16,0,0,5,2,5,7,0,2,6,26,19,0,0,0,0,0,0,0,0,7,1,1,0,0,0,0,3,2,0,0,KRBKRNvK,DRAW,8/B7/2K5/4R3/8/3r3n/8/7k w - - 0 1
0,1,0,0,0,0,0,1,-1,1,0,1,1,1,0,0,0,0,0,16,0,0,7,6,0,5,7,5,4,6,0,1,0,0,0,0,0,0,0,7,1,1,0,0,0,0,0,0,0,0,KRBKRNvK,DRAW,5k1r/8/8/8/3n4/8/4B3/5RK1 b - - 0 1
0,1,0,0,0,0,0,1,-1,1,0,1,1,1,0,0,0,0,0,16,0,0,4,5,5,7,1,2,5,23,29,0,0,0,0,0,0,0,0,7,1,1,0,0,0,0,3,0,0,1,KRBKRNvK,DRAW,2n5/6r1/5K2/2R5/8/3B4/7k/8 b - - 0 1
1,1,0,0,0,0,0,1,-1,1,0,1,1,1,0,0,0,0,0,16,0,0,3,4,7,7,7,3,6,23,18,0,0,0,0,0,0,0,0,7,1,1,0,0,0,0,2,2,0,0,KRBKRNvK,WIN,3BK2k/8/8/8/4R3/8/8/n2r4 w - - 0 1
0,1,0,0,0,0,0,1,-1,1,0,1,1,1,0,0,0,0,0,16,0,0,2,6,5,6,3,3,2,4,0,1,0,0,0,0,0,0,0,7,1,1,0,0,0,0,0,0,2,0,KRBKRNvK,DRAW,8/8/6K1/8/6k1/7B/7R/1rn5 b - - 0 1
1,1,0,0,0,0,0,1,-1,1,0,1,1,1,0,0,0,0,0,16,0,0,2,3,4,5,2,0,2,5,0,1,0,0,0,0,0,0,0,7,1,1,0,0,0,0,3,3,1,1,KRBKRNvK,DRAW,8/8/8/3K1r2/3B4/5k2/2R5/1n6 w - - 0 1
0,1,0,0,0,0,0,1,-1,1,0,1,1,1,0,0,0,0,0,16,0,0,2,1,3,3,5,2,1,5,0,1,0,0,0,0,0,0,0,7,1,1,0,0,0,0,2,3,0,0,KRBKRNvK,DRAW,8/8/3k4/6n1/1K6/8/3R4/r5B1 b - - 0 1
1,1,0,0,0,0,0,1,-1,1,0,1,1,1,0,0,0,0,0,16,0,0,7,4,0,3,7,3,3,25,22,0,0,0,0,0,0,0,0,7,1,1,0,0,0,0,2,2,0,0,KRBKRNvK,DRAW,3k3B/8/8/2r5/8/1R6/7n/4K3 w - - 0 1
1,1,0,0,0,0,0,1,-1,1,0,1,1,1,0,0,0,0,0,16,0,0,2,3,4,2,6,0,3,3,0,1,0,0,0,0,0,0,0,7,1,1,0,0,0,0,4,3,1,1,KRBKRNvK,DRAW,3R4/2k5/5n2/3K4/6r1/5B2/8/8 w - - 0 1
0,1,0,0,0,0,0,1,-1,1,0,1,1,1,0,0,0,0,0,16,0,0,2,3,6,3,4,2,0,19,18,0,0,0,0,0,0,0,0,7,1,1,0,0,0,0,3,4,1,1,KRBKRNvK,DRAW,8/3K4/8/3k1r2/3nR3/8/8/7B b - - 0 1
0,1,0,0,0,0,0,1,-1,1,0,1,1,1,0,0,0,0,0,16,0,0,3,4,4,2,7,0,4,2,0,1,0,0,0,0,0,0,0,7,1,1,0,0,0,0,3,1,1,1,KRBKRNvK,DRAW,B1k2R2/8/8/4K3/5n2/7r/8/8 b - - 0 1
0,1,0,0,0,0,0,1,-1,1,0,1,1,1,0,0,0,0,0,16,0,0,2,4,0,2,0,3,4,2,0,1,0,0,0,0,0,0,0,7,1,1,0,0,0,0,2,1,1,0,KRBKRNvK,DRAW,8/8/4Br2/8/5n2/8/8/2kRK3 b - - 0 1
0,1,0,0,0,0,0,1,-1,1,0,1,1,1,0,0,0,0,0,16,0,0,4,7,7,3,3,6,0,17,22,0,0,0,0,0,0,0,0,7,1,1,0,1,0,0,1,4,0,0,KRBKRNvK,DRAW,1B5K/8/8/8/3k3n/6R1/3r4/8 b - - 0 1
0,1,0,0,0,0,0,1,-1,1,0,1,1,1,0,0,0,0,0,16,0,0,5,2,5,4,0,2,3,22,29,0,0,0,0,0,0,0,0,7,1,1,1,0,0,0,1,0,0,0,KRBKRNvK,DRAW,6r1/7R/2K5/8/8/8/B7/1n2k3 b - - 0 1
0,1,0,0,0,0,0,1,-1,1,0,1,1,1,0,0,0,0,0,16,0,0,4,6,1,2,4,4,1,20,30,0,0,0,0,0,0,0,0,7,1,1,1,0,0,0,1,3,1,0,KRBKRNvK,DRAW,8/7R/8/2k5/2r5/3B4/6K1/1n6 b - - 0 1
1,1,0,0,0,0,0,1,-1,1,0,1,1,1,0,0,0,0,0,16,0,0,4,6,7,2,7,5,4,26,17,0,0,0,0,0,0,0,0,7,1,1,1,0,0,0,2,2,1,0,KRBKRNvK,DRAW,2k3K1/3R4/8/8/6B1/1rn5/8/8 w - - 0 1
0,1,0,0,0,0,0,1,-1,1,0,1,1,1,0,0,0,0,0,16,0,0,5,6,1,1,0,4,5,22,23,0,0,0,0,0,0,0,0,7,1,1,0,0,0,0,2,3,0,1,KRBKRNvK,DRAW,2B5/8/4n3/8/R7/4r3/6K1/1k6 b - - 0 1
1,1,0,0,0,0,0,1,-1,1,0,1,1,1,0,0,0,0,0,16,0,0,3,7,3,7,0,3,6,28,17,0,0,0,0,0,0,0,0,7,1,1,0,0,0,0,2,0,0,0,KRBKRNvK,DRAW,8/1r6/8/3R4/1B5K/8/8/1n5k w - - 0 1
1,1,0,0,0,0,0,1,-1,1,0,1,1,1,0,0,0,0,0,16,0,0,7,6,7,1,0,5,5,22,18,0,0,0,0,0,0,0,0,7,1,1,1,0,0,0,2,0,1,0,KRBKRNvK,DRAW,6K1/4R3/8/8/8/B4r2/8/nk6 w - - 0 1
1,1,0,0,0,0,0,1,-1,1,0,1,1,1,0,0,0,0,0,16,0,0,2,2,3,4,5,1,1,25,23,0,0,0,0,0,0,0,0,7,1,1,0,0,0,0,4,2,0,1,KRBKRNvK,DRAW,8/8/n3k3/6r1/2K4R/2B5/8/8 w - - 0 1
0,1,0,0,0,0,0,1,-1,1,0,1,1,1,0,0,0,0,0,16,0,0,2,4,5,5,7,1,4,15,21,0,0,0,0,0,0,0,0,7,1,1,0,0,0,0,2,2,1,0,KRBKRNvK,DRAW,5k2/5B2/4K3/r7/n7/8/8/1R6 b - - 0 1
1,1,0,0,0,0,0,1,-1,1,0,1,1,1,0,0,0,0,0,16,0,0,4,5,3,1,4,1,2,7,0,1,0,0,0,0,0,0,0,7,1,1,0,0,0,0,2,1,1,1,KRBKRNvK,DRAW,2R5/8/6n1/rk6/1B3K2/8/8/8 w - - 0 1
1,1,0,0,0,0,0,1,-1,1,0,1,1,1,0,0,0,0,0,16,0,0,6,0,7,0,1,6,5,3,0,1,0,0,0,0,0,0,0,7,1,1,0,0,0,0,2,1,0,0,KRBKRNvK,LOSS,K6r/8/6n1/4R3/8/5B2/k7/8 w - - 0 1
1,1,0,0,0,0,0,1,-1,1,0,1,1,1,0,0,0,0,0,16,0,0,4,2,3,5,7,1,4,4,0,1,0,0,0,0,0,0,0,7,1,1,1,0,0,0,2,2,0,2,KRBKRNvK,DRAW,5k2/1R6/8/8/n1K1r3/7B/8/8 w - - 0 1
0,1,0,0,0,0,0,1,-1,1,0,1,1,1,0,0,0,0,0,16,0,0,4,6,4,2,2,2,2,6,0,1,0,0,0,0,0,0,0,7,1,1,0,0,0,0,1,1,1,0,KRBKRNvK,DRAW,8/8/8/6K1/4B3/2k4R/7n/2r5 b - - 0 1
0,1,0,0,0,0,0,1,-1,1,0,1,1,1,0,0,0,0,0,16,0,0,2,3,5,1,4,1,2,5,0,1,0,0,0,0,0,0,0,7,1,1,0,0,0,0,4,0,2,1,KRBKRNvK,DRAW,7n/1r6/2BK4/1k6/8/3R4/8/8 b - - 0 1
0,1,0,0,0,0,0,1,-1,1,0,1,1,1,0,0,0,0,0,16,0,0,5,4,1,5,6,2,3,20,30,0,0,0,0,0,0,0,0,7,1,1,0,0,0,0,3,0,0,0,KRBKRNvK,DRAW,1r4n1/5k2/8/2R5/8/2B5/4K3/8 b - - 0 1
1,1,0,0,0,0,0,1,-1,1,0,1,1,1,0,0,0,0,0,16,0,0,7,7,7,0,3,6,3,4,0,1,0,0,0,0,0,0,0,7,1,1,1,0,0,0,3,1,0,0,KRBKRNvK,DRAW,7K/4R3/8/1n6/k7/4B2r/8/8 w - - 0 1
0,1,0,0,0,0,0,1,-1,1,0,1,1,1,0,0,0,0,0,16,0,0,7,0,3,7,4,3,3,2,0,1,0,0,0,0,0,0,0,7,1,1,0,0,0,0,1,0,1,0,KRBKRNvK,DRAW,8/5r2/8/7k/K7/4B2R/8/7n b - - 0 1
1,1,0,0,0,0,0,1,-1,1,0,1,1,1,0,0,0,0,0,16,0,0,2,0,5,0,7,4,6,3,0,1,0,0,0,0,0,0,0,7,1,1,0,0,0,0,1,2,1,0,KRBKRNvK,DRAW,k7/B7/K3r3/8/8/8/5R2/3n4 w - - 0 1
1,1,0,0,0,0,0,1,-1,1,0,1,1,1,0,0,0,0,0,16,0,0,4,6,1,2,1,4,3,24,23,0,0,0,0,0,0,0,0,7,1,1,0,0,0,0,2,2,0,0,KRBKRNvK,DRAW,8/7n/B7/6R1/8/8/2k3K1/3r4 w - - 0 1
1,1,0,0,0,0,0,1,-1,1,0,1,1,1,0,0,0,0,0,16,0,0,3,3,5,0,3,1,3,25,22,0,0,0,0,0,0,0,0,7,1,1,0,0,0,0,3,3,1,0,KRBKRNvK,DRAW,8/8/1B1K4/6r1/k7/3R4/2n5/8 w - - 0 1
0,1,0,0,0,0,0,1,-1,1,0,1,1,1,0,0,0,0,0,16,0,0,4,0,6,4,4,5,0,4,0,1,0,0,0,0,0,0,0,7,1,1,0,0,0,0,3,3,1,0,KRBKRNvK,DRAW,8/K1B5/8/4k3/R7/1n6/8/r7 b - - 0 1
0,1,0,0,0,0,0,1,-1,1,0,1,1,1,0,0,0,0,0,16,0,0,2,1,5,3,7,3,3,25,25,0,0,0,0,0,0,0,0,7,1,1,0,0,0,0,2,1,0,0,KRBKRNvK,DRAW,3k4/7r/1K2n3/8/R7/8/8/4B3 b - - 0 1
0,1,0,0,0,0,0,1,-1,1,0,1,1,1,0,0,0,0,0,16,0,0,7,1,7,0,0,5,6,4,0,1,0,0,0,0,0,0,0,7,1,1,0,0,0,0,2,0,0,0,KRBKRNvK,LOSS,1K4nB/8/7R/8/8/7r/8/k7 b - - 0 1
1,1,0,0,0,0,0,1,-1,1,0,1,1,1,0,0,0,0,0,16,0,0,3,4,5,1,3,1,2,7,0,1,0,0,0,0,0,0,0,7,1,1,1,0,0,0,3,0,0,1,KRBKRNvK,DRAW,8/1B5R/4K3/8/1k1n4/8/8/6r1 w - - 0 1
1,1,0,0,0,0,0,1,-1,1,0,1,1,1,0,0,0,0,0,16,0,0,4,7,7,5,3,6,1,20,23,0,0,0,0,0,0,0,0,7,1,1,0,0,0,0,2,2,0,1,KRBKRNvK,DRAW,7K/1n6/6r1/R7/5k2/8/B7/8 w - - 0 1
1,1,0,0,0,0,0,1,-1,1,0,1,1,1,0,0,0,0,0,16,0,0,6,5,7,1,1,4,4,3,0,1,0,0,0,0,0,0,0,7,1,1,0,0,0,0,2,0,1,0,KRBKRNvK,DRAW,1r3K2/8/8/8/R7/8/1k2B1n1/8 w - - 0 1
1,1,0,0,0,0,0,1,-1,1,0,1,1,1,0,0,0,0,0,16,0,0,4,3,1,7,4,2,3,32,22,0,0,0,0,0,0,0,0,7,1,1,0,0,0,0,1,1,0,0,KRBKRNvK,DRAW,1R6/8/3Bnr2/7k/8/8/3K4/8 w - - 0 1
0,1,0,0,0,0,0,1,-1,1,0,1,1,1,0,0,0,0,0,16,0,0,2,3,7,1,5,3,3,23,26,0,0,0,0,0,0,0,0,7,1,1,0,0,0,0,2,0,0,0,KRBKRNvK,DRAW,3K4/8/1k6/8/4B3/r7/1n6/4R3 b - - 0 1
1,1,0,0,0,0,0,1,-1,1,0,1,1,1,0,0,0,0,0,16,0,0,6,6,6,2,0,4,4,30,19,0,0,0,0,0,0,0,0,7,1,1,0,0,0,0,2,0,1,0,KRBKRNvK,DRAW,2r5/6K1/8/4B3/8/n7/3R4/2k5 w - - 0 1
0,1,0,0,0,0,0,1,-1,1,0,1,1,1,0,0,0,0,0,16,0,0,6,1,4,7,3,2,3,26,26,0,0,0,0,0,0,0,0,7,1,1,1,1,0,0,2,0,0,0,KRBKRNvK,DRAW,8/4R3/8/1K2n3/7k/4B3/2r5/8 b - - 0 1
0,1,0,0,0,0,0,1,-1,1,0,1,1,1,0,0,0,0,0,16,0,0,4,1,2,5,6,3,3,25,25,0,0,0,0,0,0,0,0,7,1,1,0,0,0,0,2,2,1,1,KRBKRNvK,DRAW,1n6/5k2/8/3R4/r7/1K6/8/2B5 b - - 0 1
0,1,0,0,0,0,0,1,-1,1,0,1,1,1,0,0,0,0,0,16,0,0,5,7,4,2,0,3,4,3,0,1,0,0,0,0,0,0,0,7,1,1,0,0,0,0,0,2,1,0,KRBKRNvK,LOSS,8/8/1n5B/7K/8/2Rr4/8/2k5 b - - 0 1
1,1,0,0,0,0,0,1,-1,1,0,1,1,1,0,0,0,0,0,16,0,0,4,4,4,6,0,0,5,29,19,0,0,0,0,0,0,0,0,7,1,1,0,0,0,0,3,0,0,1,KRBKRNvK,DRAW,3n4/8/2B4R/4K3/8/6r1/8/6k1 w - - 0 1
0,1,0,0,0,0,0,1,-1,1,0,1,1,1,0,0,0,0,0,16,0,0,6,1,6,2,0,4,4,20,20,0,0,0,0,0,0,0,0,7,1,1,0,0,0,0,2,1,0,0,KRBKRNvK,DRAW,1R6/1K6/8/8/5n2/5B2/8/r1k5 b - - 0 1
0,1,0,0,0,0,0,1,-1,1,0,1,1,1,0,0,0,0,0,16,0,0,5,4,0,3,5,3,1,5,0,1,0,0,0,0,0,0,0,7,1,1,0,0,0,0,2,2,1,1,KRBKRNvK,DRAW,8/1B6/3k3R/8/8/2r4n/8/4K3 b - - 0 1
1,1,0,0,0,0,0,1,-1,1,0,1,1,1,0,0,0,0,0,16,0,0,2,4,2,3,0,1,3,6,0,1,0,0,0,0,0,0,0,7,1,1,0,0,0,0,3,2,1,0,KRBKRNvK,DRAW,1B6/4r1n1/8/8/8/4K3/1R6/3k4 w - - 0 1
1,1,0,0,0,0,0,1,-1,1,0,1,1,1,0,0,0,0,0,16,0,0,5,7,7,5,2,6,2,25,24,0,0,0,0,0,0,0,0,7,1,1,0,0,0,0,1,3,1,0,KRBKRNvK,DRAW,2n4K/2B5/8/3r4/8/5k2/8/7R w - - 0 1
0,1,0,0,0,0,0,1,-1,1,0,1,1,1,0,0,0,0,0,16,0,0,5,7,5,2,1,4,3,18,23,0,0,0,0,0,0,0,0,7,1,1,0,0,0,0,2,2,1,1,KRBKRNvK,DRAW,3R4/8/7K/6r1/8/B7/2k5/n7 b - - 0 1
0,1,0,0,0,0,0,1,-1,1,0,1,1,1,0,0,0,0,0,16,0,0,4,5,2,1,3,2,2,15,27,0,0,0,0,0,0,0,0,7,1,1,0,0,0,0,3,0,0,1,KRBKRNvK,DRAW,4B3/8/8/6Rn/rk6/5K2/8/8 b - - 0 1
1,1,0,0,0,0,0,1,-1,1,0,1,1,1,0,0,0,0,0,16,0,0,3,4,6,1,3,2,2,4,0,1,0,0,0,0,0,0,0,7,1,1,0,0,0,0,0,2,0,1,KRBKRNvK,LOSS,6n1/3BK3/8/8/1k6/8/8/4r1R1 w - - 0 1
0,1,0,0,0,0,0,1,-1,1,0,1,1,1,0,0,0,0,0,16,0,0,4,3,2,7,6,1,5,2,0,1,0,0,0,0,0,0,0,7,1,1,0,0,0,0,4,1,1,0,KRBKRNvK,DRAW,8/7k/2r3n1/7R/8/3K4/8/6B1 b - - 0 1
0,1,0,0,0,0,0,1,-1,1,0,1,1,1,0,0,0,0,0,16,0,0,4,1,5,0,1,3,5,4,0,1,0,0,0,0,0,0,0,7,1,1,0,0,0,0,2,0,0,0,KRBKRNvK,DRAW,6nr/8/1K2B3/5R2/8/8/k7/8 b - - 0 1
1,1,0,0,0,0,0,1,-1,1,0,1,1,1,0,0,0,0,0,16,0,0,5,7,1,2,4,5,1,4,0,1,0,0,0,0,0,0,0,7,1,1,0,0,0,0,2,3,0,0,KRBKRNvK,DRAW,2BR4/8/1n6/2k4r/8/8/7K/8 w - - 0 1
1,1,0,0,0,0,0,1,-1,1,0,1,1,1,0,0,0,0,0,16,0,0,4,0,6,1,2,5,3,27,19,0,0,0,0,0,0,0,0,7,1,1,0,0,0,0,3,1,1,0,KRBKRNvK,DRAW,8/K7/8/6R1/1n6/1k6/1B6/1r6 w - - 0 1
1,1,0,0,0,0,0,1,-1,1,0,1,1,1,0,0,0,0,0,16,0,0,6,1,1,2,7,4,4,19,23,0,0,0,0,0,0,0,0,7,1,1,0,0,0,0,2,2,0,0,KRBKRNvK,DRAW,2k5/8/3r4/8/R7/8/1K6/B3n3 w - - 0 1
0,1,0,0,0,0,0,1,-1,1,0,1,1,1,0,0,0,0,0,16,0,0,4,3,4,4,0,0,3,5,0,1,0,0,0,0,0,0,0,7,1,1,0,0,0,0,3,2,0,1,KRBKRNvK,DRAW,3n4/8/8/3K4/1B4R1/4r3/8/4k3 b - - 0 1
1,1,0,0,0,0,0,1,-1,1,0,1,1,1,0,0,0,0,0,16,0,0,4,3,2,4,6,1,2,23,23,0,0,0,0,0,0,0,0,7,1,1,0,0,0,0,2,2,0,0,KRBKRNvK,DRAW,8/4k3/8/7r/8/3K4/7n/R1B5 w - - 0 1
1,1,0,0,0,0,0,1,-1,1,0,1,1,1,0,0,0,0,0,16,0,0,3,6,5,7,2,3,4,22,18,0,0,0,0,0,0,0,0,7,1,1,0,0,0,0,3,2,0,0,KRBKRNvK,DRAW,8/5B2/6K1/r7/2R5/7k/8/n7 w - - 0 1
1,1,0,0,0,0,0,1,-1,1,0,1,1,1,0,0,0,0,0,16,0,0,2,5,1,4,3,3,0,2,0,1,0,0,0,0,0,0,0,7,1,1,0,1,0,0,1,3,1,1,KRBKRNvK,LOSS,8/8/8/8/4k3/6B1/2r2K1n/5R2 w - - 0 1
0,1,0,0,0,0,0,1,-1,1,0,1,1,1,0,0,0,0,0,16,0,0,2,2,0,0,1,4,5,24,19,0,0,0,0,0,0,0,0,7,1,1,0,0,0,0,0,1,0,0,KRBKRNvK,DRAW,8/7r/BR1n4/8/8/8/k7/2K5 b - - 0 1
1,1,0,0,0,0,0,1,-1,1,0,1,1,1,0,0,0,0,0,16,0,0,4,3,0,1,4,3,2,25,23,0,0,0,0,0,0,0,0,7,1,1,0,0,0,0,1,0,0,0,KRBKRNvK,DRAW,7R/8/8/1k6/8/6r1/B7/n2K4 w - - 0 1
0,1,0,0,0,0,0,1,-1,1,0,1,1,1,0,0,0,0,0,16,0,0,3,4,7,5,4,3,1,5,0,1,0,0,0,0,0,0,0,7,1,1,0,0,0,0,0,2,1,0,KRBKRNvK,DRAW,2B1K3/8/r6R/3n1k2/8/8/8/8 b - - 0 1
1,1,0,0,0,0,0,1,-1,1,0,1,1,1,0,0,0,0,0,16,0,0,5,6,0,1,0,5,5,27,24,0,0,0,0,0,0,0,0,7,1,1,0,0,0,0,1,2,0,0,KRBKRNvK,DRAW,R7/5B2/8/2r5/8/3n4/8/1k4K1 w - - 0 1
0,1,0,0,0,0,0,1,-1,1,0,1,1,1,0,0,0,0,0,16,0,0,4,6,4,2,0,2,4,27,27,0,0,0,0,0,0,0,0,7,1,1,0,0,0,0,1,1,0,0,KRBKRNvK,DRAW,5r2/8/7R/2n3K1/8/6B1/8/2k5 b - - 0 1
0,1,0,0,0,0,0,1,-1,1,0,1,1,1,0,0,0,0,0,16,0,0,7,1,0,2,7,5,4,24,19,0,0,0,0,0,0,0,0,7,1,1,0,0,0,0,0,2,0,0,KRBKRNvK,DRAW,2k5/8/8/2r5/1n6/B7/5R2/1K6 b - - 0 1
1,1,0,0,0,0,0,1,-1,1,0,1,1,1,0,0,0,0,0,16,0,0,5,2,7,1,2,4,3,26,27,0,0,0,0,0,0,0,0,7,1,1,1,0,0,0,0,3,1,0,KRBKRNvK,DRAW,2K5/5R2/8/8/8/Bkn5/8/4r3 w - - 0 1
1,1,0,0,0,0,0,1,-1,1,0,1,1,1,0,0,0,0,0,16,0,0,2,3,5,1,5,1,3,21,22,0,0,0,0,0,0,0,0,7,1,1,0,0,0,0,3,0,0,1,KRBKRNvK,DRAW,5n2/7r/1k1K2R1/5B2/8/8/8/8 w - - 0 1
1,1,0,0,0,0,0,1,-1,1,0,1,1,1,0,0,0,0,0,16,0,0,6,7,0,1,6,6,4,16,22,0,0,0,0,0,0,0,0,7,1,1,0,1,0,0,0,0,0,1,KRBKRNvK,DRAW,5n2/1k6/8/8/8/8/3B1r2/3R3K w - - 0 1
0,1,0,0,0,0,0,1,-1,1,0,1,1,1,0,0,0,0,0,16,0,0,4,5,7,5,3,4,1,22,26,0,0,0,0,0,0,0,0,7,1,1,0,0,0,0,3,3,0,0,KRBKRNvK,DRAW,3R1K2/8/2B5/1r6/5k2/8/8/1n6 b - - 0 1
1,1,0,0,0,0,0,1,-1,1,0,1,1,1,0,0,0,0,0,16,0,0,5,7,1,4,6,5,2,3,0,1,0,0,0,0,0,0,0,7,1,1,0,0,0,0,2,1,2,1,KRBKRNvK,DRAW,8/4k3/7r/3RB3/8/8/5n1K/8 w - - 0 1
0,1,0,0,0,0,0,1,-1,1,0,1,1,1,0,0,0,0,0,16,0,0,4,2,6,0,2,3,4,25,19,0,0,0,0,0,0,0,0,7,1,1,0,0,0,0,2,2,1,0,KRBKRNvK,DRAW,1B6/2K5/8/2R3n1/5r2/k7/8/8 b - - 0 1
0,1,0,0,0,0,0,1,-1,1,0,1,1,1,0,0,0,0,0,16,0,0,5,6,7,1,4,5,2,28,20,0,0,0,0,0,0,0,0,7,1,1,0,0,0,0,1,1,0,1,KRBKRNvK,DRAW,6K1/8/5r2/1k6/8/8/2n3RB/8 b - - 0 1
0,1,0,0,0,0,0,1,-1,1,0,1,1,1,0,0,0,0,0,16,0,0,5,7,6,2,1,5,3,6,0,1,0,0,0,0,0,0,0,7,1,1,0,0,0,0,1,2,0,0,KRBKRNvK,DRAW,8/2n4K/8/r7/8/6B1/2k3R1/8 b - - 0 1
1,1,0,0,0,0,0,1,-1,1,0,1,1,1,0,0,0,0,0,16,0,0,2,1,2,0,0,3,6,19,19,0,0,0,0,0,0,0,0,7,1,1,0,0,0,0,0,0,0,0,KRBKRNvK,DRAW,2r5/8/8/8/7B/1K4R1/8/k3n3 w - - 0 1
1,1,0,0,0,0,0,1,-1,1,0,1,1,1,0,0,0,0,0,16,0,0,4,6,5,3,1,3,2,7,0,1,0,0,0,0,0,0,0,7,1,1,0,0,0,0,1,0,1,1,KRBKRNvK,DRAW,5R2/8/6K1/4n3/8/1Br5/3k4/8 w - - 0 1
1,1,0,0,0,0,0,1,-1,1,0,1,1,1,0,0,0,0,0,16,0,0,6,1,6,7,6,4,5,20,25,0,0,0,0,0,0,0,0,7,1,1,0,0,0,0,0,2,0,0,KRBKRNvK,DRAW,8/1K5k/4r3/8/6n1/2R5/8/B7 w - - 0 1
1,1,0,0,0,0,0,1,-1,1,0,1,1,1,0,0,0,0,0,16,0,0,3,3,1,6,4,2,2,6,0,1,0,0,0,0,0,0,0,7,1,1,0,1,0,0,1,2,0,1,KRBKRNvK,LOSS,8/8/5n2/6k1/2B5/8/1r1K3R/8 w - - 0 1
1,1,0,0,0,0,0,1,-1,1,0,1,1,1,0,0,0,0,0,16,0,0,2,2,7,1,5,4,3,27,19,0,0,0,0,0,0,0,0,7,1,1,0,0,0,0,1,0,0,0,KRBKRNvK,DRAW,2K4n/8/1k2B3/8/8/5R2/8/1r6 w - - 0 1
0,1,0,0,0,0,0,1,-1,1,0,1,1,1,0,0,0,0,0,16,0,0,2,5,7,5,5,4,2,23,18,0,0,0,0,0,0,0,0,7,1,1,0,0,0,0,0,2,0,0,KRBKRNvK,WIN,5K2/B7/1n3k2/2r5/8/8/8/6R1 b - - 0 1
0,1,0,0,0,0,0,1,-1,1,0,1,1,1,0,0,0,0,0,16,0,0,3,3,7,2,4,3,1,6,0,1,0,0,0,0,0,0,0,7,1,1,1,0,0,0,0,2,1,0,KRBKRNvK,DRAW,3K4/4BR2/8/2k5/5nr1/8/8/8 b - - 0 1
0,1,0,0,0,0,0,1,-1,1,0,1,1,1,0,0,0,0,0,16,0,0,3,2,4,1,1,1,4,24,21,0,0,0,0,0,0,0,0,7,1,1,0,0,0,0,2,3,0,2,KRBKRNvK,DRAW,6B1/8/2n1r3/2K5/8/5R2/1k6/8 b - - 0 1
0,1,0,0,0,0,0,1,-1,1,0,1,1,1,0,0,0,0,0,16,0,0,3,3,4,2,1,0,3,21,28,0,0,0,0,0,0,0,0,7,1,1,0,1,0,0,3,1,0,0,KRBKRNvK,WIN,4R3/B7/8/3K4/6n1/8/1rk5/8 b - - 0 1
0,1,0,0,0,0,0,1,-1,1,0,1,1,1,0,0,0,0,0,16,0,0,3,0,4,3,4,3,0,27,20,0,0,0,0,0,0,0,0,7,1,1,0,1,0,0,1,4,1,0,KRBKRNvK,DRAW,R7/8/8/K2k4/5n2/4B3/1r6/8 b - - 0 1
0,1,0,0,0,0,0,1,-1,1,0,1,1,1,0,0,0,0,0,16,0,0,5,2,0,7,0,4,6,20,26,0,0,0,0,0,0,0,0,7,1,1,0,1,0,0,3,2,0,2,KRBKRNvK,DRAW,8/8/8/8/5B2/3R4/4r3/2Kn3k b - - 0 1
0,1,0,0,0,0,0,1,-1,1,0,1,1,1,0,0,0,0,0,16,0,0,7,5,0,5,7,4,4,19,29,0,0,0,0,0,0,0,0,7,1,1,0,1,0,0,2,1,1,0,KRBKRNvK,DRAW,5k2/8/3R4/8/4B3/1n6/1r6/5K2 b - - 0 1
1,1,0,0,0,0,0,1,-1,1,0,1,1,1,0,0,0,0,0,16,0,0,2,4,0,3,2,3,1,3,0,1,0,0,0,0,0,0,0,7,1,1,0,0,0,0,2,3,0,2,KRBKRNvK,DRAW,8/8/5B2/8/8/2rk1n2/8/4K1R1 w - - 0 1
0,1,0,0,0,0,0,1,-1,1,0,1,1,1,0,0,0,0,0,16,0,0,2,7,0,6,2,6,3,19,21,0,0,0,0,0,0,0,0,7,1,1,0,0,0,0,3,0,1,0,KRBKRNvK,DRAW,8/r7/5B2/4R3/n7/6k1/8/7K b - - 0 1
1,1,0,0,0,0,0,1,-1,1,0,1,1,1,0,0,0,0,0,16,0,0,2,2,2,4,1,2,2,26,19,0,0,0,0,0,0,0,0,7,1,1,0,0,0,0,1,2,1,1,KRBKRNvK,DRAW,n7/8/1R6/r7/8/2K5/3Bk3/8 w - - 0 1
0,1,0,0,0,0,0,1,-1,1,0,1,1,1,0,0,0,0,0,16,0,0,5,5,1,0,6,3,5,7,0,1,0,0,0,0,0,0,0,7,1,1,1,0,0,0,0,2,0,1,KRBKRNvK,DRAW,4n3/k6R/8/8/1B6/3r4/5K2/8 b - - 0 1
0,1,0,0,0,0,0,1,-1,1,0,1,1,1,0,0,0,0,0,16,0,0,3,5,2,7,5,2,4,24,23,0,0,0,0,0,0,0,0,7,1,1,0,0,0,0,1,1,0,1,KRBKRNvK,DRAW,8/8/2r4k/8/8/1R3Kn1/8/4B3 b - - 0 1
0,1,0,0,0,0,0,1,-1,1,0,1,1,1,0,0,0,0,0,16,0,0,3,4,2,2,5,1,2,21,26,0,0,0,0,0,0,0,0,7,1,1,0,0,0,0,2,3,0,1,KRBKRNvK,DRAW,8/7B/2k5/3r4/8/4K3/nR6/8 b - - 0 1
1,1,0,0,0,0,0,1,-1,1,0,1,1,1,0,0,0,0,0,16,0,0,4,0,1,1,5,5,3,3,0,1,0,0,0,0,0,0,0,7,1,1,0,1,0,0,2,1,0,1,KRBKRNvK,DRAW,8/8/1k6/2n5/7R/8/K1rB4/8 w - - 0 1
1,1,0,0,0,0,0,1,-1,1,0,1,1,1,0,0,0,0,0,16,0,0,5,0,5,5,1,4,3,22,27,0,0,0,0,0,0,0,0,7,1,1,0,0,0,0,1,3,0,0,KRBKRNvK,DRAW,3R4/8/K2B4/6r1/8/8/2n2k2/8 w - - 0 1
0,1,0,0,0,0,0,1,-1,1,0,1,1,1,0,0,0,0,0,16,0,0,4,4,5,3,1,1,2,5,0,1,0,0,0,0,0,0,0,7,1,1,0,0,0,0,3,2,1,0,KRBKRNvK,DRAW,7r/8/4K3/2B5/8/2n5/3k1R2/8 b - - 0 1
0,1,0,0,0,0,0,1,-1,1,0,1,1,1,0,0,0,0,0,16,0,0,7,5,0,0,7,4,6,2,0,1,0,0,0,0,0,0,0,7,1,1,0,1,0,0,3,3,1,1,KRBKRNvK,DRAW,k7/8/2B2n2/6R1/8/8/3r4/5K2 b - - 0 1
1,1,0,0,0,0,0,1,-1,1,0,1,1,1,0,0,0,0,0,16,0,0,5,6,3,1,6,2,4,23,25,0,0,0,0,0,0,0,0,7,1,1,0,0,0,0,2,3,0,1,KRBKRNvK,DRAW,8/1k3B2/8/6R1/1r3nK1/8/8/8 w - - 0 1
0,1,0,0,0,0,0,1,-1,1,0,1,1,1,0,0,0,0,0,16,0,0,4,7,4,3,2,3,1,22,22,0,0,0,0,0,0,0,0,7,1,1,0,1,0,0,2,3,0,0,KRBKRNvK,DRAW,Rn6/6B1/8/7K/8/3k4/4r3/8 b - - 0 1
0,1,0,0,0,0,0,1,-1,1,0,1,1,1,0,0,0,0,0,16,0,0,2,0,0,0,2,6,4,1,0,1,0,0,0,0,0,0,0,7,1,1,0,0,0,0,0,0,0,0,KRBKRNvK,LOSS,R7/8/8/8/7n/k5r1/8/K3B3 b - - 0 1
0,1,0,0,0,0,0,1,-1,1,0,1,1,1,0,0,0,0,0,16,0,0,5,7,5,2,1,4,3,24,20,0,0,0,0,0,0,0,0,7,1,1,0,0,0,0,2,3,2,0,KRBKRNvK,DRAW,8/4n3/7K/8/1r6/B7/2k5/4R3 b - - 0 1
1,1,0,0,0,0,0,1,-1,1,0,1,1,1,0,0,0,0,0,16,0,0,2,4,3,2,3,0,1,3,0,1,0,0,0,0,0,0,0,7,1,1,0,0,0,0,4,3,1,1,KRBKRNvK,DRAW,4B3/8/7n/8/2krK3/8/4R3/8 w - - 0 1
1,1,0,0,0,0,0,1,-1,1,0,1,1,1,0,0,0,0,0,16,0,0,4,1,2,4,6,3,2,6,0,1,0,0,0,0,0,0,0,7,1,1,0,0,0,0,2,0,0,0,KRBKRNvK,DRAW,7n/4k3/8/7B/6R1/1K3r2/8/8 w - - 0 1
0,1,0,0,0,0,0,1,-1,1,0,1,1,1,0,0,0,0,0,16,0,0,3,6,1,3,4,4,0,4,0,1,0,0,0,0,0,0,0,7,1,1,0,0,0,0,1,3,1,1,KRBKRNvK,LOSS,2R4r/8/8/3k4/6n1/1B6/6K1/8 b - - 0 1
0,1,0,0,0,0,0,1,-1,1,0,1,1,1,0,0,0,0,0,16,0,0,7,1,0,1,7,5,5,27,18,0,0,0,0,0,0,0,0,7,1,1,0,0,0,0,1,0,0,1,KRBKRNvK,DRAW,1k6/6B1/8/4n3/8/2r5/8/1K4R1 b - - 0 1
0,1,0,0,0,0,0,1,-1,1,0,1,1,1,0,0,0,0,0,16,0,0,7,2,7,3,0,4,3,5,0,1,0,0,0,0,0,0,0,7,1,1,1,0,0,0,3,1,0,0,KRBKRNvK,DRAW,2K5/3R4/5r2/8/8/8/4n3/B2k4 b - - 0 1
1,1,0,0,0,0,0,1,-1,1,0,1,1,1,0,0,0,0,0,16,0,0,2,0,5,2,6,4,3,24,18,0,0,0,0,0,0,0,0,7,1,1,0,0,0,0,1,2,1,1,KRBKRNvK,DRAW,8/2k5/K7/2rB4/8/2n5/R7/8 w - - 0 1
1,1,0,0,0,0,0,1,-1,1,0,1,1,1,0,0,0,0,0,16,0,0,7,7,7,0,7,6,6,2,0,1,0,0,0,0,0,0,0,7,1,1,0,0,0,0,2,2,0,0,KRBKRNvK,DRAW,k6K/8/8/7r/1B6/3R4/8/6n1 w - - 0 1
1,1,0,0,0,0,0,1,-1,1,0,1,1,1,0,0,0,0,0,16,0,0,4,5,7,1,6,4,4,23,21,0,0,0,0,0,0,0,0,7,1,1,0,1,0,0,2,0,1,0,KRBKRNvK,DRAW,3R1K2/1k6/8/8/8/7B/1nr5/8 w - - 0 1
0,1,0,0,0,0,0,1,-1,1,0,1,1,1,0,0,0,0,0,16,0,0,2,3,1,5,2,2,2,13,17,0,0,0,0,0,0,0,0,7,1,1,0,0,0,0,0,2,0,0,KRBKRNvK,DRAW,7B/8/5R2/5n2/8/5kr1/3K4/8 b - - 0 1
1,1,0,0,0,0,0,1,-1,1,0,1,1,1,0,0,0,0,0,16,0,0,6,3,1,2,7,2,4,26,22,0,0,0,0,0,0,0,0,7,1,1,0,0,0,0,2,0,0,0,KRBKRNvK,DRAW,2k1n3/8/8/8/8/R7/3K4/6rB w - - 0 1
0,1,0,0,0,0,0,1,-1,1,0,1,1,1,0,0,0,0,0,16,0,0,3,6,3,4,0,2,3,15,27,0,0,0,0,0,0,0,0,7,1,1,0,0,0,0,3,0,0,0,KRBKRNvK,DRAW,B2R4/8/8/8/6K1/8/8/1r2k2n b - - 0 1
1,1,0,0,0,0,0,1,-1,1,0,1,1,1,0,0,0,0,0,16,0,0,5,0,0,5,0,6,4,25,20,0,0,0,0,0,0,0,0,7,1,1,0,0,0,0,0,2,1,0,KRBKRNvK,DRAW,R7/2nr4/8/8/8/8/3B4/K4k2 w - - 0 1
1,1,0,0,0,0,0,1,-1,1,0,1,1,1,0,0,0,0,0,16,0,0,5,2,3,7,6,1,5,19,23,0,0,0,0,0,0,0,0,7,1,1,0,0,0,0,3,3,1,1,KRBKRNvK,DRAW,8/3r1B1k/2n5/8/2K2R2/8/8/8 w - - 0 1
0,1,0,0,0,0,0,1,-1,1,0,1,1,1,0,0,0,0,0,16,0,0,2,5,3,3,4,1,0,4,0,1,0,0,0,0,0,0,0,7,1,1,0,0,0,0,4,3,0,0,KRBKRNvK,DRAW,7B/1r6/8/n2k3R/5K2/8/8/8 b - - 0 1
1,1,0,0,0,0,0,1,-1,1,0,1,1,1,0,0,0,0,0,16,0,0,7,3,7,2,0,3,4,26,22,0,0,0,0,0,0,0,0,7,1,1,1,0,0,0,0,0,0,0,KRBKRNvK,DRAW,3K4/7R/8/8/8/r7/1n6/2k2B2 w - - 0 1
0,1,0,0,0,0,0,1,-1,1,0,1,1,1,0,0,0,0,0,16,0,0,2,7,1,7,3,5,3,2,0,1,0,0,0,0,0,0,0,7,1,1,0,0,0,0,1,2,1,1,KRBKRNvK,DRAW,8/8/8/3B4/5r1k/7R/7K/4n3 b - - 0 1
1,1,0,0,0,0,0,1,-1,1,0,1,1,1,0,0,0,0,0,16,0,0,6,3,6,2,0,2,4,7,0,1,0,0,0,0,0,0,0,7,1,1,0,0,0,0,2,3,2,1,KRBKRNvK,DRAW,8/3K4/5n2/8/1r6/4R3/8/1Bk5 w - - 0 1
1,1,0,0,0,0,0,1,-1,1,0,1,1,1,0,0,0,0,0,16,0,0,7,4,7,7,0,3,6,21,20,0,0,0,0,0,0,0,0,7,1,1,0,0,0,0,1,0,0,1,KRBKRNvK,DRAW,2R1K3/6r1/1B6/8/8/8/8/3n3k w - - 0 1
1,1,0,0,0,0,0,1,-1,1,0,1,1,1,0,0,0,0,0,16,0,0,6,6,6,3,0,4,3,26,21,0,0,0,0,0,0,0,0,7,1,1,0,0,0,0,1,2,0,0,KRBKRNvK,DRAW,R7/3n2KB/8/3r4/8/8/8/3k4 w - - 0 1
0,1,0,0,0,0,0,1,-1,1,0,1,1,1,0,0,0,0,0,16,0,0,3,7,2,4,4,4,0,21,26,0,0,0,0,0,0,0,0,7,1,1,0,1,0,0,0,3,2,0,KRBKRNvK,DRAW,8/4B3/2R5/4k3/8/7K/nr6/8 b - - 0 1
0,1,0,0,0,0,0,1,-1,1,0,1,1,1,0,0,0,0,0,16,0,0,4,6,0,2,2,5,2,23,24,0,0,0,0,0,0,0,0,7,1,1,0,0,0,0,2,3,2,0,KRBKRNvK,DRAW,8/4r3/8/6n1/8/2k5/B7/3R2K1 b - - 0 1
1,1,0,0,0,0,0,1,-1,1,0,1,1,1,0,0,0,0,0,16,0,0,3,4,4,7,5,0,4,24,21,0,0,0,0,0,0,0,0,7,1,1,0,0,0,0,3,2,0,1,KRBKRNvK,DRAW,8/7n/7k/4K3/6r1/8/5R2/5B2 w - - 0 1
1,1,0,0,0,0,0,1,-1,1,0,1,1,1,0,0,0,0,0,16,0,0,2,1,5,3,6,3,2,24,25,0,0,0,0,0,0,0,0,7,1,1,0,0,0,0,2,2,1,1,KRBKRNvK,DRAW,8/1B1k4/1K6/5r2/1n6/8/8/6R1 w - - 0 1
0,1,0,0,0,0,0,1,-1,1,0,1,1,1,0,0,0,0,0,16,0,0,2,3,5,5,3,1,1,22,18,0,0,0,0,0,0,0,0,7,1,1,0,0,0,0,2,2,0,0,KRBKRNvK,DRAW,8/7r/n2K4/8/5k2/8/8/5BR1 b - - 0 1
1,1,0,0,0,0,0,1,-1,1,0,1,1,1,0,0,0,0,0,16,0,0,5,6,7,1,3,5,2,25,22,0,0,0,0,0,0,0,0,7,1,1,0,0,0,0,2,2,2,0,KRBKRNvK,DRAW,6K1/8/8/1n6/1k1B1r2/8/3R4/8 w - - 0 1
0,1,0,0,0,0,0,1,-1,1,0,1,1,1,0,0,0,0,0,16,0,0,6,0,5,6,6,4,4,24,23,0,0,0,0,0,0,0,0,7,1,1,0,0,0,0,2,3,1,0,KRBKRNvK,DRAW,8/4n1k1/K7/7B/6r1/3R4/8/8 b - - 0 1
0,1,0,0,0,0,0,1,-1,1,0,1,1,1,0,0,0,0,0,16,0,0,6,6,3,0,5,2,4,5,0,1,0,0,0,0,0,0,0,7,1,1,0,0,0,0,0,2,0,1,KRBKRNvK,DRAW,8/8/k5R1/1r5n/6KB/8/8/8 b - - 0 1
0,1,0,0,0,0,0,1,-1,1,0,1,1,1,0,0,0,0,0,16,0,0,3,4,5,1,7,1,5,20,24,0,0,0,0,0,0,0,0,7,1,1,0,0,0,0,3,2,0,1,KRBKRNvK,DRAW,1k6/8/4K3/4R3/3r4/8/6B1/1n6 b - - 0 1
1,1,0,0,0,0,0,1,-1,1,0,1,1,1,0,0,0,0,0,16,0,0,4,4,3,1,7,0,5,25,22,0,0,0,0,0,0,0,0,7,1,1,0,0,0,0,3,1,0,1,KRBKRNvK,DRAW,1k6/3n4/8/8/4K3/6r1/2R5/5B2 w - - 0 1
0,1,0,0,0,0,0,1,-1,1,0,1,1,1,0,0,0,0,0,16,0,0,3,4,2,7,5,1,4,19,14,0,0,0,0,0,0,0,0,7,1,1,0,1,0,0,2,2,0,1,KRBKRNvK,DRAW,8/8/Rn5k/8/8/4K3/3r4/6B1 b - - 0 1
0,1,0,0,0,0,0,1,-1,1,0,1,1,1,0,0,0,0,0,16,0,0,2,4,7,2,5,3,2,19,26,0,0,0,0,0,0,0,0,7,1,1,0,0,0,0,2,2,0,2,KRBKRNvK,DRAW,4Kn2/8/2kr4/8/6R1/8/5B2/8 b - - 0 1
1,1,0,0,0,0,0,1,-1,1,0,1,1,1,0,0,0,0,0,16,0,0,4,0,1,4,2,5,1,26,24,0,0,0,0,0,0,0,0,7,1,1,0,0,0,0,1,3,1,0,KRBKRNvK,DRAW,4r3/8/R7/8/8/4knB1/K7/8 w - - 0 1
1,1,0,0,0,0,0,1,-1,1,0,1,1,1,0,0,0,0,0,16,0,0,3,6,4,5,1,2,3,7,0,1,0,0,0,0,0,0,0,7,1,1,0,0,0,0,0,1,1,1,KRBKRNvK,DRAW,5r2/5n2/8/6K1/8/1R6/4Bk2/8 w - - 0 1
1,1,0,0,0,0,0,1,-1,1,0,1,1,1,0,0,0,0,0,16,0,0,2,2,0,4,1,4,2,3,0,1,0,0,0,0,0,0,0,7,1,1,1,0,0,0,0,2,0,1,KRBKRNvK,DRAW,4B3/7R/8/8/3r4/8/n3k3/2K5 w - - 0 1
0,1,0,0,0,0,0,1,-1,1,0,1,1,1,0,0,0,0,0,16,0,0,5,6,2,3,7,3,3,19,29,0,0,0,0,0,0,0,0,7,1,1,0,0,0,0,2,2,1,0,KRBKRNvK,DRAW,2nk1B2/8/8/4R3/8/6K1/8/3r4 b - - 0 1
0,1,0,0,0,0,0,1,-1,1,0,1,1,1,0,0,0,0,0,16,0,0,4,3,1,6,5,2,3,23,22,0,0,0,0,0,0,0,0,7,1,1,0,0,0,0,0,2,1,1,KRBKRNvK,DRAW,3n4/8/6k1/6B1/2r5/6R1/3K4/8 b - - 0 1
0,1,0,0,0,0,0,1,-1,1,0,1,1,1,0,0,0,0,0,16,0,0,3,7,2,4,4,4,0,16,27,0,0,0,0,0,0,0,0,7,1,1,0,0,0,0,2,3,1,0,KRBKRNvK,DRAW,7r/1B5n/8/4k3/8/2R4K/8/8 b - - 0 1
0,1,0,0,0,0,0,1,-1,1,0,1,1,1,0,0,0,0,0,16,0,0,4,6,5,2,3,3,1,5,0,1,0,0,0,0,0,0,0,7,1,1,0,0,0,0,1,4,2,1,KRBKRNvK,LOSS,8/4r3/3B2K1/n7/R1k5/8/8/8 b - - 0 1
0,1,0,0,0,0,0,1,-1,1,0,1,1,1,0,0,0,0,0,16,0,0,6,0,4,6,7,3,5,22,24,0,0,0,0,0,0,0,0,7,1,1,0,0,0,0,2,0,0,0,KRBKRNvK,DRAW,1B4k1/8/6r1/K7/8/8/4R3/5n2 b - - 0 1
0,1,0,0,0,0,0,1,-1,1,0,1,1,1,0,0,0,0,0,16,0,0,5,2,7,1,2,4,3,23,23,0,0,0,0,0,0,0,0,7,1,1,0,0,0,0,3,2,1,0,KRBKRNvK,DRAW,B1K5/8/8/8/4r1n1/1k6/3R4/8 b - - 0 1
1,1,0,0,0,0,0,1,-1,1,0,1,1,1,0,0,0,0,0,16,0,0,3,1,3,3,0,2,3,5,0,1,0,0,0,0,0,0,0,7,1,1,0,0,0,0,2,2,0,2,KRBKRNvK,DRAW,1B6/8/8/3n4/1K2R3/3r4/8/3k4 w - - 0 1
0,1,0,0,0,0,0,1,-1,1,0,1,1,1,0,0,0,0,0,16,0,0,6,4,0,3,6,3,2,3,0,1,0,0,0,0,0,0,0,7,1,1,0,0,0,0,2,1,0,0,KRBKRNvK,DRAW,8/2rk4/3n4/8/4R1B1/8/8/4K3 b - - 0 1
1,1,0,0,0,0,0,1,-1,1,0,1,1,1,0,0,0,0,0,16,0,0,7,3,0,7,7,3,6,22,11,0,0,0,0,0,0,0,0,7,1,1,0,0,0,0,2,1,1,0,KRBKRNvK,DRAW,3R1Brk/8/8/8/6n1/8/8/3K4 w - - 0 1
0,1,0,0,0,0,0,1,-1,1,0,1,1,1,0,0,0,0,0,16,0,0,2,3,7,3,5,3,1,4,0,1,0,0,0,0,0,0,0,7,1,1,0,0,0,0,2,3,1,1,KRBKRNvK,DRAW,1B1K4/8/3k1r2/8/7R/8/5n2/8 b - - 0 1
1,1,0,0,0,0,0,1,-1,1,0,1,1,1,0,0,0,0,0,16,0,0,2,4,4,2,4,0,1,26,25,0,0,0,0,0,0,0,0,7,1,1,1,0,0,0,3,2,1,0,KRBKRNvK,DRAW,1r6/R7/8/2k1K2B/8/8/2n5/8 w - - 0 1
0,1,0,0,0,0,0,1,-1,1,0,1,1,1,0,0,0,0,0,16,0,0,2,5,0,7,0,4,6,15,20,0,0,0,0,0,0,0,0,7,1,1,0,0,0,0,2,1,0,0,KRBKRNvK,DRAW,8/1rn5/8/7B/8/8/8/3R1K1k b - - 0 1
1,1,0,0,0,0,0,1,-1,1,0,1,1,1,0,0,0,0,0,16,0,0,3,1,2,4,1,3,2,4,0,1,0,0,0,0,0,0,0,7,1,1,0,0,0,0,3,2,1,1,KRBKRNvK,DRAW,8/8/8/8/7R/1K1rn3/4k1B1/8 w - - 0 1
0,1,0,0,0,0,0,1,-1,1,0,1,1,1,0,0,0,0,0,16,0,0,6,7,7,1,2,6,3,5,0,1,0,0,0,0,0,0,0,7,1,1,0,0,0,0,2,2,1,0,KRBKRNvK,DRAW,7K/1n6/5B2/8/8/1k1r4/8/1R6 b - - 0 1
0,1,0,0,0,0,0,1,-1,1,0,1,1,1,0,0,0,0,0,16,0,0,2,5,1,3,2,3,1,3,0,1,0,0,0,0,0,0,0,7,1,1,0,0,0,0,2,2,2,0,KRBKRNvK,LOSS,8/n7/8/8/r4R2/3k4/4BK2/8 b - - 0 1
0,1,0,0,0,0,0,1,-1,1,0,1,1,1,0,0,0,0,0,16,0,0,3,0,1,1,4,5,2,24,27,0,0,0,0,0,0,0,0,7,1,1,0,0,0,0,3,0,1,0,KRBKRNvK,DRAW,8/8/5r2/1k1B3R/8/8/K7/4n3 b - - 0 1
1,1,0,0,0,0,0,1,-1,1,0,1,1,1,0,0,0,0,0,16,0,0,7,7,7,0,6,6,5,28,19,0,0,0,0,0,0,0,0,7,1,1,0,0,0,0,2,2,0,0,KRBKRNvK,DRAW,7K/k7/8/1r3B2/3R4/8/8/7n w - - 0 1
1,1,0,0,0,0,0,1,-1,1,0,1,1,1,0,0,0,0,0,16,0,0,3,1,1,4,0,4,3,25,19,0,0,0,0,0,0,0,0,7,1,1,0,0,0,0,2,1,1,0,KRBKRNvK,DRAW,8/r2n4/8/7R/8/8/1K6/3Bk3 w - - 0 1
0,1,0,0,0,0,0,1,-1,1,0,1,1,1,0,0,0,0,0,16,0,0,4,7,3,3,5,3,1,21,22,0,0,0,0,0,0,0,0,7,1,1,0,0,0,0,3,2,0,1,KRBKRNvK,DRAW,n7/8/3k2B1/6R1/7K/5r2/8/8 b - - 0 1
0,1,0,0,0,0,0,1,-1,1,0,1,1,1,0,0,0,0,0,16,0,0,4,4,0,2,4,3,1,19,15,0,0,0,0,0,0,0,0,7,1,1,0,0,0,0,0,2,0,0,KRBKRNvK,DRAW,7n/2r5/8/2k5/7B/8/8/4K2R b - - 0 1
1,1,0,0,0,0,0,1,-1,1,0,1,1,1,0,0,0,0,0,16,0,0,2,5,4,6,6,1,4,21,23,0,0,0,0,0,0,0,0,7,1,1,0,0,0,0,3,2,0,1,KRBKRNvK,DRAW,8/6k1/8/1R3K2/8/4r3/8/4B1n1 w - - 0 1
1,1,0,0,0,0,0,1,-1,1,0,1,1,1,0,0,0,0,0,16,0,0,2,6,0,4,2,5,1,3,0,1,0,0,0,0,0,0,0,7,1,1,0,0,0,0,0,2,0,1,KRBKRNvK,DRAW,5Br1/8/7R/8/8/4k3/4n3/6K1 w - - 0 1
1,1,0,0,0,0,0,1,-1,1,0,1,1,1,0,0,0,0,0,16,0,0,3,4,7,7,7,3,6,6,0,1,0,0,0,0,0,0,0,7,1,1,0,0,0,0,2,2,0,0,KRBKRNvK,DRAW,4K2k/8/8/3R4/1B2r3/8/8/1n6 w - - 0 1
0,1,0,0,0,0,0,1,-1,1,0,1,1,1,0,0,0,0,0,16,0,0,3,3,3,3,0,0,3,2,0,1,0,0,0,0,0,0,0,7,1,1,0,1,0,0,3,2,1,1,KRBKRNvK,DRAW,2n2B2/8/8/8/3K4/8/4r3/1R1k4 b - - 0 1
0,1,0,0,0,0,0,1,-1,1,0,1,1,1,0,0,0,0,0,16,0,0,2,5,0,7,1,4,5,17,25,0,0,0,0,0,0,0,0,7,1,1,1,0,0,0,1,2,1,0,KRBKRNvK,DRAW,2nr4/1R6/8/8/8/8/5B1k/5K2 b - - 0 1
1,1,0,0,0,0,0,1,-1,1,0,1,1,1,0,0,0,0,0,16,0,0,4,4,0,1,4,3,2,24,20,0,0,0,0,0,0,0,0,7,1,1,0,0,0,0,1,2,0,0,KRBKRNvK,DRAW,5RBn/8/8/1kr5/8/8/8/4K3 w - - 0 1
1,1,0,0,0,0,0,1,-1,1,0,1,1,1,0,0,0,0,0,16,0,0,5,2,5,2,0,2,4,6,0,1,0,0,0,0,0,0,0,7,1,1,0,0,0,0,3,3,0,1,KRBKRNvK,DRAW,8/5n1B/2K5/7R/2r5/8/8/2k5 w - - 0 1
0,1,0,0,0,0,0,1,-1,1,0,1,1,1,0,0,0,0,0,16,0,0,2,5,5,7,4,2,3,15,25,0,0,0,0,0,0,0,0,7,1,1,0,0,0,0,2,1,0,0,KRBKRNvK,DRAW,8/8/5K2/7k/8/8/R2n1B2/3r4 b - - 0 1
0,1,0,0,0,0,0,1,-1,1,0,1,1,1,0,0,0,0,0,16,0,0,6,1,5,7,0,3,6,3,0,1,0,0,0,0,0,0,0,7,1,1,0,0,0,0,0,0,0,1,KRBKRNvK,LOSS,7R/2r5/1K6/8/1B6/8/8/n6k b - - 0 1
0,1,0,0,0,0,0,1,-1,1,0,1,1,1,0,0,0,0,0,16,0,0,3,2,2,5,2,2,2,24,27,0,0,0,0,0,0,0,0,7,1,1,0,1,0,0,3,1,1,0,KRBKRNvK,DRAW,8/6n1/8/R7/3B4/2K2k2/7r/8 b - - 0 1
1,1,0,0,0,0,0,1,-1,1,0,1,1,1,0,0,0,0,0,16,0,0,7,0,6,7,5,5,4,24,22,0,0,0,0,0,0,0,0,7,1,1,0,0,0,0,2,3,0,0,KRBKRNvK,DRAW,8/K7/7k/8/1nr5/3R4/8/3B4 w - - 0 1
0,1,0,0,0,0,0,1,-1,1,0,1,1,1,0,0,0,0,0,16,0,0,5,1,2,2,7,3,4,18,21,0,0,0,0,0,0,0,0,7,1,1,0,0,0,0,0,2,1,0,KRBKRNvK,DRAW,2k1r3/1n6/R7/8/B7/1K6/8/8 b - - 0 1
0,1,0,0,0,0,0,1,-1,1,0,1,1,1,0,0,0,0,0,16,0,0,3,2,5,5,7,2,4,22,30,0,0,0,0,0,0,0,0,7,1,1,0,0,0,0,3,1,1,1,KRBKRNvK,DRAW,r4k2/8/2K2B2/5n2/8/8/1R6/8 b - - 0 1
0,1,0,0,0,0,0,1,-1,1,0,1,1,1,0,0,0,0,0,16,0,0,5,3,0,6,5,3,3,18,23,0,0,0,0,0,0,0,0,7,1,1,0,0,0,0,2,0,0,0,KRBKRNvK,DRAW,4n3/8/6kr/8/1R6/8/8/3KB3 b - - 0 1
0,1,0,0,0,0,0,1,-1,1,0,1,1,1,0,0,0,0,0,16,0,0,2,5,3,3,1,1,2,14,20,0,0,0,0,0,0,0,0,7,1,1,0,0,0,0,3,0,1,0,KRBKRNvK,DRAW,6r1/6n1/8/8/5K2/8/3k4/B4R2 b - - 0 1
0,1,0,0,0,0,0,1,-1,1,0,1,1,1,0,0,0,0,0,16,0,0,3,2,4,4,1,1,2,5,0,1,0,0,0,0,0,0,0,7,1,1,0,0,0,0,3,1,0,0,KRBKRNvK,DRAW,6r1/8/6n1/2K5/8/8/1R2k3/7B b - - 0 1
0,1,0,0,0,0,0,1,-1,1,0,1,1,1,0,0,0,0,0,16,0,0,2,6,3,7,1,2,5,4,0,1,0,0,0,0,0,0,0,7,1,1,0,0,0,0,2,2,0,1,KRBKRNvK,DRAW,2B5/8/8/5r2/6K1/8/4R2k/3n4 b - - 0 1
0,1,0,0,0,0,0,1,-1,1,0,1,1,1,0,0,0,0,0,16,0,0,4,4,1,5,5,2,2,20,25,0,0,0,0,0,0,0,0,7,1,1,0,0,0,0,2,4,1,1,KRBKRNvK,DRAW,6R1/8/3r1k2/8/8/8/3nK3/7B b - - 0 1
0,1,0,0,0,0,0,1,-1,1,0,1,1,1,0,0,0,0,0,16,0,0,2,6,5,5,7,3,4,2,0,1,0,0,0,0,0,0,0,7,1,1,1,0,0,0,1,1,1,0,KRBKRNvK,DRAW,5k2/5R2/6K1/8/4B3/4n2r/8/8 b - - 0 1
1,1,0,0,0,0,0,1,-1,1,0,1,1,1,0,0,0,0,0,16,0,0,5,7,7,2,6,6,3,2,0,1,0,0,0,0,0,0,0,7,1,1,0,1,0,0,1,0,1,0,KRBKRNvK,DRAW,7K/2k5/8/2B5/3n4/8/7r/R7 w - - 0 1
1,1,0,0,0,0,0,1,-1,1,0,1,1,1,0,0,0,0,0,16,0,0,3,6,2,3,5,3,1,27,21,0,0,0,0,0,0,0,0,7,1,1,0,0,0,0,3,3,1,1,KRBKRNvK,DRAW,8/8/3k4/6n1/1R6/6K1/1B6/1r6 w - - 0 1
0,1,0,0,0,0,0,1,-1,1,0,1,1,1,0,0,0,0,0,16,0,0,4,2,2,0,6,2,5,4,0,1,0,0,0,0,0,0,0,7,1,1,1,0,0,0,1,2,0,1,KRBKRNvK,DRAW,8/k6R/8/1r2B3/8/2K5/8/6n1 b - - 0 1
0,1,0,0,0,0,0,1,-1,1,0,1,1,1,0,0,0,0,0,16,0,0,5,2,1,0,6,3,5,22,20,0,0,0,0,0,0,0,0,7,1,1,0,0,0,0,2,2,1,1,KRBKRNvK,DRAW,6n1/k7/8/2R5/8/B7/2K5/4r3 b - - 0 1
1,1,0,0,0,0,0,1,-1,1,0,1,1,1,0,0,0,0,0,16,0,0,7,7,5,0,4,4,3,3,0,1,0,0,0,0,0,0,0,7,1,1,0,0,0,0,0,2,1,1,KRBKRNvK,LOSS,2B3n1/8/2R4K/k1r5/8/8/8/8 w - - 0 1
1,1,0,0,0,0,0,1,-1,1,0,1,1,1,0,0,0,0,0,16,0,0,2,5,7,7,6,4,5,25,20,0,0,0,0,0,0,0,0,7,1,1,0,0,0,0,2,0,1,0,KRBKRNvK,DRAW,5K2/5B1k/2r5/1R6/8/8/8/3n4 w - - 0 1
1,1,0,0,0,0,0,1,-1,1,0,1,1,1,0,0,0,0,0,16,0,0,2,0,4,0,2,3,4,25,15,0,0,0,0,0,0,0,0,7,1,1,0,0,0,0,2,0,0,1,KRBKRNvK,DRAW,8/8/5R2/K7/8/k1r2B2/8/1n6 w - - 0 1
0,1,0,0,0,0,0,1,-1,1,0,1,1,1,0,0,0,0,0,16,0,0,2,6,2,5,0,3,4,25,26,0,0,0,0,0,0,0,0,7,1,1,1,0,0,0,0,1,0,0,KRBKRNvK,DRAW,5B2/2R5/1r6/8/8/3n2K1/8/5k2 b - - 0 1
1,1,0,0,0,0,0,1,-1,1,0,1,1,1,0,0,0,0,0,16,0,0,3,5,2,3,5,2,1,7,0,1,0,0,0,0,0,0,0,7,1,1,0,0,0,0,2,2,1,1,KRBKRNvK,DRAW,2B5/8/3k4/4n3/7R/5K2/8/2r5 w - - 0 1
1,1,0,0,0,0,0,1,-1,1,0,1,1,1,0,0,0,0,0,16,0,0,4,2,3,2,7,1,4,33,23,0,0,0,0,0,0,0,0,7,1,1,0,0,0,0,3,0,0,0,KRBKRNvK,DRAW,2k5/8/8/5R2/2K4n/4B3/8/r7 w - - 0 1
0,1,0,0,0,0,0,1,-1,1,0,1,1,1,0,0,0,0,0,16,0,0,3,5,5,6,2,2,3,27,19,0,0,0,0,0,0,0,0,7,1,1,0,0,0,0,1,3,0,1,KRBKRNvK,WIN,8/8/5K2/BRn4r/8/6k1/8/8 b - - 0 1
1,1,0,0,0,0,0,1,-1,1,0,1,1,1,0,0,0,0,0,16,0,0,2,7,6,5,7,5,4,23,21,0,0,0,0,0,0,0,0,7,1,1,0,0,0,0,2,1,1,0,KRBKRNvK,DRAW,5k1B/7K/8/8/8/1r2n3/6R1/8 w - - 0 1
0,1,0,0,0,0,0,1,-1,1,0,1,1,1,0,0,0,0,0,16,0,0,5,7,2,5,7,4,4,3,0,1,0,0,0,0,0,0,0,7,1,1,0,1,0,0,1,0,0,1,KRBKRNvK,DRAW,1R3k2/8/8/8/8/3B3K/1n3r2/8 b - - 0 1
1,1,0,0,0,0,0,1,-1,1,0,1,1,1,0,0,0,0,0,16,0,0,2,3,4,1,4,0,2,2,0,1,0,0,0,0,0,0,0,7,1,1,0,0,0,0,3,3,0,1,KRBKRNvK,DRAW,8/8/8/1k1K2B1/5R2/2n5/8/4r3 w - - 0 1
0,1,0,0,0,0,0,1,-1,1,0,1,1,1,0,0,0,0,0,16,0,0,6,0,4,6,4,3,2,26,20,0,0,0,0,0,0,0,0,7,1,1,0,0,0,0,1,0,0,0,KRBKRNvK,DRAW,6B1/8/R7/K5k1/4n3/5r2/8/8 b - - 0 1
0,1,0,0,0,0,0,1,-1,1,0,1,1,1,0,0,0,0,0,16,0,0,2,4,2,2,1,1,3,17,20,0,0,0,0,0,0,0,0,7,1,1,0,1,0,0,4,0,1,1,KRBKRNvK,DRAW,7B/8/8/n7/8/3RK3/2k2r2/8 b - - 0 1
0,1,0,0,0,0,0,1,-1,1,0,1,1,1,0,0,0,0,0,16,0,0,4,7,0,7,4,6,3,4,0,1,0,0,0,0,0,0,0,7,1,1,0,0,0,0,3,0,1,0,KRBKRNvK,DRAW,8/7n/7r/5R1k/8/4B3/8/7K b - - 0 1
1,1,0,0,0,0,0,1,-1,1,0,1,1,1,0,0,0,0,0,16,0,0,2,1,4,2,6,2,3,29,23,0,0,0,0,0,0,0,0,7,1,1,0,1,0,0,1,1,0,0,KRBKRNvK,DRAW,7R/2k1n3/8/1K6/8/3B4/5r2/8 w - - 0 1
0,1,0,0,0,0,0,1,-1,1,0,1,1,1,0,0,0,0,0,16,0,0,4,3,5,6,1,1,4,25,24,0,0,0,0,0,0,0,0,7,1,1,0,0,0,0,2,0,0,0,KRBKRNvK,DRAW,7R/r7/3KB2n/8/8/8/6k1/8 b - - 0 1
0,1,0,0,0,0,0,1,-1,1,0,1,1,1,0,0,0,0,0,16,0,0,2,2,4,2,2,1,2,2,0,1,0,0,0,0,0,0,0,7,1,1,0,0,0,0,4,3,2,1,KRBKRNvK,DRAW,8/8/1n6/2K5/5r2/2k1R3/8/B7 b - - 0 1
1,1,0,0,0,0,0,1,-1,1,0,1,1,1,0,0,0,0,0,16,0,0,4,7,2,3,5,4,1,18,22,0,0,0,0,0,0,0,0,7,1,1,0,0,0,0,1,4,0,0,KRBKRNvK,DRAW,8/8/3k4/8/r7/7K/Bn6/7R w - - 0 1
1,1,0,0,0,0,0,1,-1,1,0,1,1,1,0,0,0,0,0,16,0,0,3,4,4,7,6,0,5,23,22,0,0,0,0,0,0,0,0,7,1,1,0,0,0,0,3,2,1,0,KRBKRNvK,DRAW,8/7k/8/n3K2B/8/5R2/8/3r4 w - - 0 1
0,1,0,0,0,0,0,1,-1,1,0,1,1,1,0,0,0,0,0,16,0,0,3,6,3,3,0,2,3,2,0,1,0,0,0,0,0,0,0,7,1,1,0,0,0,0,0,1,0,0,KRBKRNvK,DRAW,8/7r/8/8/B1n3K1/8/8/3k2R1 b - - 0 1
0,1,0,0,0,0,0,1,-1,1,0,1,1,1,0,0,0,0,0,16,0,0,6,1,1,7,7,4,6,23,31,0,0,0,0,0,0,0,0,7,1,1,1,0,0,0,3,3,0,0,KRBKRNvK,DRAW,7k/4R3/1B1n4/6r1/8/8/1K6/8 b - - 0 1
1,1,0,0,0,0,0,1,-1,1,0,1,1,1,0,0,0,0,0,16,0,0,4,3,3,7,7,0,6,28,19,0,0,0,0,0,0,0,0,7,1,1,0,0,0,0,3,0,0,0,KRBKRNvK,DRAW,6rk/8/8/7n/3K1B2/8/8/5R2 w - - 0 1
1,1,0,0,0,0,0,1,-1,1,0,1,1,1,0,0,0,0,0,16,0,0,5,5,6,0,7,3,6,7,0,1,0,0,0,0,0,0,0,7,1,1,0,0,0,0,2,2,0,2,KRBKRNvK,LOSS,k2n4/5K2/8/2Br4/8/3R4/8/8 w - - 0 1
1,1,0,0,0,0,0,1,-1,1,0,1,1,1,0,0,0,0,0,16,0,0,5,2,3,7,4,1,3,18,21,0,0,0,0,0,0,0,0,7,1,1,0,0,0,0,2,0,1,2,KRBKRNvK,DRAW,8/8/1r6/7k/n1K5/7B/8/7R w - - 0 1
0,1,0,0,0,0,0,1,-1,1,0,1,1,1,0,0,0,0,0,16,0,0,5,2,1,7,2,3,4,7,0,1,0,0,0,0,0,0,0,7,1,1,1,0,0,0,0,1,0,0,KRBKRNvK,DRAW,2B5/1R5r/8/2n5/8/7k/2K5/8 b - - 0 1
1,1,0,0,0,0,0,1,-1,1,0,1,1,1,0,0,0,0,0,16,0,0,4,0,1,4,3,5,0,21,25,0,0,0,0,0,0,0,0,7,1,1,0,0,0,0,2,3,1,0,KRBKRNvK,DRAW,1B6/4n3/3R4/7r/4k3/8/K7/8 w - - 0 1
0,1,0,0,0,0,0,1,-1,1,0,1,1,1,0,0,0,0,0,16,0,0,5,4,6,3,1,2,2,7,0,1,0,0,0,0,0,0,0,7,1,1,0,0,0,0,3,1,1,0,KRBKRNvK,DRAW,3R4/4K3/rn6/8/8/5B2/3k4/8 b - - 0 1
1,1,0,0,0,0,0,1,-1,1,0,1,1,1,0,0,0,0,0,16,0,0,6,5,6,3,0,3,3,29,26,0,0,0,0,0,0,0,0,7,1,1,0,0,0,0,1,0,1,0,KRBKRNvK,DRAW,8/5K2/6R1/8/4n3/r7/5B2/3k4 w - - 0 1
0,1,0,0,0,0,0,1,-1,1,0,1,1,1,0,0,0,0,0,16,0,0,7,7,7,0,5,6,4,21,23,0,0,0,0,0,0,0,0,7,1,1,0,0,0,0,1,2,1,0,KRBKRNvK,DRAW,7K/8/k1B5/1n1r4/8/8/8/6R1 b - - 0 1
1,1,0,0,0,0,0,1,-1,1,0,1,1,1,0,0,0,0,0,16,0,0,6,1,6,1,0,4,5,18,22,0,0,0,0,0,0,0,0,7,1,1,0,1,0,0,0,2,0,0,KRBKRNvK,DRAW,1R3B2/1K6/8/8/8/8/3r4/1kn5 w - - 0 1
0,1,0,0,0,0,0,1,-1,1,0,1,1,1,0,0,0,0,0,16,0,0,7,7,6,0,2,5,4,3,0,1,0,0,0,0,0,0,0,7,1,1,0,0,0,0,2,0,1,0,KRBKRNvK,DRAW,r2n4/7K/B7/R7/8/k7/8/8 b - - 0 1
1,1,0,0,0,0,0,1,-1,1,0,1,1,1,0,0,0,0,0,16,0,0,5,6,1,1,0,4,5,5,0,1,0,0,0,0,0,0,0,7,1,1,0,0,0,0,2,0,0,1,KRBKRNvK,DRAW,8/3B4/6r1/4R3/7n/8/6K1/1k6 w - - 0 1
0,1,0,0,0,0,0,1,-1,1,0,1,1,1,0,0,0,0,0,16,0,0,5,1,1,4,6,4,2,19,22,0,0,0,0,0,0,0,0,7,1,1,0,0,0,0,1,1,0,0,KRBKRNvK,DRAW,8/4kr2/1B6/8/8/8/1K3n2/1R6 b - - 0 1
0,1,0,0,0,0,0,1,-1,1,0,1,1,1,0,0,0,0,0,16,0,0,2,2,2,1,4,2,2,19,23,0,0,0,0,0,0,0,0,7,1,1,0,0,0,0,1,2,0,0,KRBKRNvK,DRAW,8/3rn3/8/1k6/8/2K4B/8/R7 b - - 0 1
1,1,0,0,0,0,0,1,-1,1,0,1,1,1,0,0,0,0,0,16,0,0,6,0,3,6,4,3,2,3,0,1,0,0,0,0,0,0,0,7,1,1,1,0,0,0,0,2,0,1,KRBKRNvK,DRAW,r7/1R6/2n5/1B4k1/K7/8/8/8 w - - 0 1
0,1,0,0,0,0,0,1,-1,1,0,1,1,1,0,0,0,0,0,16,0,0,5,5,5,1,0,2,5,17,23,0,0,0,0,0,0,0,0,7,1,1,0,0,0,0,3,0,2,1,KRBKRNvK,DRAW,3n4/8/5K2/8/8/2B5/3R4/1k4r1 b - - 0 1
0,1,0,0,0,0,0,1,-1,1,0,1,1,1,0,0,0,0,0,16,0,0,2,6,1,5,3,4,1,4,0,1,0,0,0,0,0,0,0,7,1,1,0,0,0,0,1,2,1,0,KRBKRNvK,LOSS,8/2r3n1/3B4/8/5k2/R7/6K1/8 b - - 0 1
1,1,0,0,0,0,0,1,-1,1,0,1,1,1,0,0,0,0,0,16,0,0,7,7,1,0,7,5,6,19,17,0,0,0,0,0,0,0,0,7,1,1,0,0,0,0,0,2,0,0,KRBKRNvK,WIN,k7/8/n7/8/r5BR/8/7K/8 w - - 0 1
0,1,0,0,0,0,0,1,-1,1,0,1,1,1,0,0,0,0,0,16,0,0,6,2,0,7,6,4,5,16,30,0,0,0,0,0,0,0,0,7,1,1,0,0,0,0,2,2,1,0,KRBKRNvK,DRAW,1R5n/7k/5B2/7r/8/8/8/2K5 b - - 0 1
1,1,0,0,0,0,0,1,-1,1,0,1,1,1,0,0,0,0,0,16,0,0,3,6,7,3,6,5,2,4,0,1,0,0,0,0,0,0,0,7,1,1,0,0,0,0,1,1,1,0,KRBKRNvK,DRAW,6K1/3k4/8/3B4/5n2/6r1/5R2/8 w - - 0 1
1,1,0,0,0,0,0,1,-1,1,0,1,1,1,0,0,0,0,0,16,0,0,4,4,4,0,4,0,3,5,0,1,0,0,0,0,0,0,0,7,1,1,0,0,0,0,3,2,0,1,KRBKRNvK,DRAW,8/8/2n5/k3K2r/6R1/8/B7/8 w - - 0 1
1,1,0,0,0,0,0,1,-1,1,0,1,1,1,0,0,0,0,0,16,0,0,7,0,7,7,2,6,4,22,22,0,0,0,0,0,0,0,0,7,1,1,0,0,0,0,3,2,0,0,KRBKRNvK,DRAW,K7/8/8/2r4n/8/7k/8/1B1R4 w - - 0 1
1,1,0,0,0,0,0,1,-1,1,0,1,1,1,0,0,0,0,0,16,0,0,2,5,1,7,0,3,6,24,18,0,0,0,0,0,0,0,0,7,1,1,0,0,0,0,0,0,0,0,KRBKRNvK,WIN,3B4/7n/2R5/8/8/1r6/5K2/7k w - - 0 1
0,1,0,0,0,0,0,1,-1,1,0,1,1,1,0,0,0,0,0,16,0,0,5,4,7,2,2,3,2,26,26,0,0,0,0,0,0,0,0,7,1,1,1,0,0,0,2,1,0,0,KRBKRNvK,DRAW,B3K3/7R/8/8/3n4/2k3r1/8/8 b - - 0 1
1,1,0,0,0,0,0,1,-1,1,0,1,1,1,0,0,0,0,0,16,0,0,7,5,7,3,0,4,3,6,0,1,0,0,0,0,0,0,0,7,1,1,0,0,0,0,2,0,0,0,KRBKRNvK,DRAW,5K2/8/8/2B5/6R1/n7/8/3k1r2 w - - 0 1
1,1,0,0,0,0,0,1,-1,1,0,1,1,1,0,0,0,0,0,16,0,0,2,2,6,2,4,3,1,21,17,0,0,0,0,0,0,0,0,7,1,1,0,0,0,0,0,3,0,1,KRBKRNvK,DRAW,8/2K5/8/n1k5/2r5/8/8/3B3R w - - 0 1
0,1,0,0,0,0,0,1,-1,1,0,1,1,1,0,0,0,0,0,16,0,0,2,2,7,0,6,4,5,20,21,0,0,0,0,0,0,0,0,7,1,1,0,0,0,0,1,2,0,1,KRBKRNvK,DRAW,2K1n3/k6B/8/8/3r4/1R6/8/8 b - - 0 1
0,1,0,0,0,0,0,1,-1,1,0,1,1,1,0,0,0,0,0,16,0,0,6,6,5,0,6,3,5,21,33,0,0,0,0,0,0,0,0,7,1,1,0,1,0,0,1,1,0,1,KRBKRNvK,DRAW,8/k7/6K1/3B4/6n1/2R5/r7/8 b - - 0 1
1,1,0,0,0,0,0,1,-1,1,0,1,1,1,0,0,0,0,0,16,0,0,7,1,7,5,0,5,4,4,0,1,0,0,0,0,0,0,0,7,1,1,0,0,0,0,1,2,0,1,KRBKRNvK,DRAW,1K6/8/n7/8/8/4r3/BR6/5k2 w - - 0 1
0,1,0,0,0,0,0,1,-1,1,0,1,1,1,0,0,0,0,0,16,0,0,5,7,0,2,3,6,1,29,26,0,0,0,0,0,0,0,0,7,1,1,0,0,0,0,1,3,0,0,KRBKRNvK,DRAW,8/r7/5R2/8/2k5/3n2B1/8/7K b - - 0 1
0,1,0,0,0,0,0,1,-1,1,0,1,1,1,0,0,0,0,0,16,0,0,4,0,6,1,2,5,3,22,20,0,0,0,0,0,0,0,0,7,1,1,0,0,0,0,0,0,1,2,KRBKRNvK,DRAW,2r5/K7/7B/n7/8/1k6/8/R7 b - - 0 1
0,1,0,0,0,0,0,1,-1,1,0,1,1,1,0,0,0,0,0,16,0,0,6,6,0,0,4,5,3,22,21,0,0,0,0,0,0,0,0,7,1,1,1,0,0,0,0,2,0,0,KRBKRNvK,DRAW,8/7R/4n3/k7/r7/7B/8/6K1 b - - 0 1
0,1,0,0,0,0,0,1,-1,1,0,1,1,1,0,0,0,0,0,16,0,0,4,4,7,0,5,3,4,4,0,1,0,0,0,0,0,0,0,7,1,1,0,0,0,0,0,3,0,1,KRBKRNvK,DRAW,4K3/8/k3n3/7r/7B/R7/8/8 b - - 0 1
1,1,0,0,0,0,0,1,-1,1,0,1,1,1,0,0,0,0,0,16,0,0,6,0,6,4,0,5,3,27,18,0,0,0,0,0,0,0,0,7,1,1,0,1,0,0,2,2,1,1,KRBKRNvK,DRAW,8/K7/8/n7/7R/8/2B1r3/4k3 w - - 0 1
1,1,0,0,0,0,0,1,-1,1,0,1,1,1,0,0,0,0,0,16,0,0,2,2,0,3,2,4,1,27,22,0,0,0,0,0,0,0,0,7,1,1,0,0,0,0,1,3,1,0,KRBKRNvK,DRAW,8/8/8/4B3/r5n1/3k4/8/2K4R w - - 0 1
1,1,0,0,0,0,0,1,-1,1,0,1,1,1,0,0,0,0,0,16,0,0,4,1,7,5,3,5,1,3,0,1,0,0,0,0,0,0,0,7,1,1,0,0,0,0,2,3,1,0,KRBKRNvK,DRAW,1K1R4/4n3/8/8/5k1B/1r6/8/8 w - - 0 1
0,1,0,0,0,0,0,1,-1,1,0,1,1,1,0,0,0,0,0,16,0,0,4,4,2,4,6,1,2,23,26,0,0,0,0,0,0,0,0,7,1,1,0,0,0,0,3,0,0,0,KRBKRNvK,DRAW,8/4k3/8/8/2B5/4K2R/7n/r7 b - - 0 1
1,1,0,0,0,0,0,1,-1,1,0,1,1,1,0,0,0,0,0,16,0,0,3,6,5,6,2,3,3,7,0,1,0,0,0,0,0,0,0,7,1,1,0,0,0,0,3,1,0,1,KRBKRNvK,DRAW,4R3/8/1B4K1/8/5n2/6k1/8/1r6 w - - 0 1
0,1,0,0,0,0,0,1,-1,1,0,1,1,1,0,0,0,0,0,16,0,0,3,4,7,1,7,3,5,20,22,0,0,0,0,0,0,0,0,7,1,1,0,1,0,0,0,0,1,0,KRBKRNvK,DRAW,1k1BK3/8/5R2/8/8/8/r7/7n b - - 0 1
1,1,0,0,0,0,0,1,-1,1,0,1,1,1,0,0,0,0,0,16,0,0,3,7,6,4,7,5,3,24,15,0,0,0,0,0,0,0,0,7,1,1,0,0,0,0,2,0,1,0,KRBKRNvK,DRAW,r3kB2/7K/8/7R/8/8/8/n7 w - - 0 1
0,1,0,0,0,0,0,1,-1,1,0,1,1,1,0,0,0,0,0,16,0,0,7,5,0,3,7,4,3,20,27,0,0,0,0,0,0,0,0,7,1,1,0,0,0,0,3,2,0,0,KRBKRNvK,DRAW,3k4/8/8/r6n/8/1B6/4R3/5K2 b - - 0 1
1,1,0,0,0,0,0,1,-1,1,0,1,1,1,0,0,0,0,0,16,0,0,3,1,4,0,7,2,6,25,16,0,0,0,0,0,0,0,0,7,1,1,1,0,0,0,2,0,0,0,KRBKRNvK,DRAW,k7/4R3/8/BK6/8/8/8/2r2n2 w - - 0 1
1,1,0,0,0,0,0,1,-1,1,0,1,1,1,0,0,0,0,0,16,0,0,4,3,7,2,3,3,1,25,21,0,0,0,0,0,0,0,0,7,1,1,0,1,0,0,2,3,0,0,KRBKRNvK,DRAW,3K4/8/5Bn1/8/2k5/5R2/6r1/8 w - - 0 1
1,1,0,0,0,0,0,1,-1,1,0,1,1,1,0,0,0,0,0,16,0,0,3,0,4,2,7,3,4,22,20,0,0,0,0,0,0,0,0,7,1,1,0,0,0,0,1,1,1,0,KRBKRNvK,DRAW,2k4r/8/R7/K7/8/6B1/4n3/8 w - - 0 1
1,1,0,0,0,0,0,1,-1,1,0,1,1,1,0,0,0,0,0,16,0,0,3,3,4,2,1,0,3,6,0,1,0,0,0,0,0,0,0,7,1,1,0,0,0,0,3,2,1,2,KRBKRNvK,DRAW,8/5n2/6R1/3K1r2/8/2B5/2k5/8 w - - 0 1
0,1,0,0,0,0,0,1,-1,1,0,1,1,1,0,0,0,0,0,16,0,0,3,0,4,3,6,3,2,24,28,0,0,0,0,0,0,0,0,7,1,1,0,0,0,0,1,0,0,0,KRBKRNvK,DRAW,8/3k4/8/K7/4B3/7n/R7/6r1 b - - 0 1
1,1,0,0,0,0,0,1,-1,1,0,1,1,1,0,0,0,0,0,16,0,0,4,3,3,6,7,0,5,28,21,0,0,0,0,0,0,0,0,7,1,1,0,0,0,0,4,0,0,0,KRBKRNvK,DRAW,r5k1/8/2R5/8/3K4/4B3/6n1/8 w - - 0 1
0,1,0,0,0,0,0,1,-1,1,0,1,1,1,0,0,0,0,0,16,0,0,5,2,1,7,1,3,5,22,30,0,0,0,0,0,0,0,0,7,1,1,0,0,0,0,1,1,0,0,KRBKRNvK,DRAW,8/4n3/1R6/8/4B3/6r1/2K4k/8 b - - 0 1
0,1,0,0,0,0,0,1,-1,1,0,1,1,1,0,0,0,0,0,16,0,0,7,0,3,7,5,3,4,4,0,1,0,0,0,0,0,0,0,7,1,1,0,0,0,0,0,1,0,1,KRBKRNvK,DRAW,8/8/2R4k/8/KB6/8/2n5/1r6 b - - 0 1
1,1,0,0,0,0,0,1,-1,1,0,1,1,1,0,0,0,0,0,16,0,0,7,5,7,3,0,4,3,28,25,0,0,0,0,0,0,0,0,7,1,1,0,1,0,0,3,0,0,0,KRBKRNvK,DRAW,5K2/8/1B6/7R/4n3/8/1r6/3k4 w - - 0 1
0,1,0,0,0,0,0,1,-1,1,0,1,1,1,0,0,0,0,0,16,0,0,3,4,6,6,3,2,2,29,24,0,0,0,0,0,0,0,0,7,1,1,0,0,0,0,2,0,0,1,KRBKRNvK,DRAW,1r6/4K3/8/4n3/6k1/8/B7/3R4 b - - 0 1
1,1,0,0,0,0,0,1,-1,1,0,1,1,1,0,0,0,0,0,16,0,0,7,7,7,0,4,6,3,24,24,0,0,0,0,0,0,0,0,7,1,1,0,0,0,0,2,1,0,0,KRBKRNvK,DRAW,7K/8/2r5/kn4B1/8/8/3R4/8 w - - 0 1
1,1,0,0,0,0,0,1,-1,1,0,1,1,1,0,0,0,0,0,16,0,0,3,4,1,5,4,2,1,29,21,0,0,0,0,0,0,0,0,7,1,1,0,0,0,0,0,3,1,1,KRBKRNvK,DRAW,n7/8/7R/5k2/2r5/B7/4K3/8 w - - 0 1
1,1,0,0,0,0,0,1,-1,1,0,1,1,1,0,0,0,0,0,16,0,0,7,1,0,0,7,5,6,26,18,0,0,0,0,0,0,0,0,7,1,1,1,0,0,0,1,0,1,0,KRBKRNvK,DRAW,k3n3/5R2/1Br5/8/8/8/8/1K6 w - - 0 1
0,1,0,0,0,0,0,1,-1,1,0,1,1,1,0,0,0,0,0,16,0,0,5,2,0,7,0,4,6,20,25,0,0,0,0,0,0,0,0,7,1,1,0,0,0,0,2,2,0,1,KRBKRNvK,DRAW,R7/8/8/8/7r/8/1B6/2K1n2k b - - 0 1
0,1,0,0,0,0,0,1,-1,1,0,1,1,1,0,0,0,0,0,16,0,0,4,6,3,2,6,2,3,4,0,1,0,0,0,0,0,0,0,7,1,1,1,0,0,0,1,2,1,0,KRBKRNvK,DRAW,8/R1krn3/8/8/6K1/6B1/8/8 b - - 0 1
0,1,0,0,0,0,0,1,-1,1,0,1,1,1,0,0,0,0,0,16,0,0,2,2,2,4,2,2,1,3,0,1,0,0,0,0,0,0,0,7,1,1,0,0,0,0,3,2,0,0,KRBKRNvK,DRAW,Br6/6n1/8/8/8/2K1k2R/8/8 b - - 0 1
1,1,0,0,0,0,0,1,-1,1,0,1,1,1,0,0,0,0,0,16,0,0,5,6,4,1,0,2,5,6,0,1,0,0,0,0,0,0,0,7,1,1,0,0,0,0,2,0,1,1,KRBKRNvK,LOSS,8/8/8/6K1/8/B5r1/4R3/1kn5 w - - 0 1
0,1,0,0,0,0,0,1,-1,1,0,1,1,1,0,0,0,0,0,16,0,0,2,3,5,5,7,1,4,3,0,1,0,0,0,0,0,0,0,7,1,1,0,0,0,0,3,2,1,0,KRBKRNvK,DRAW,3R1k2/8/1B1K4/8/8/8/8/2n1r3 b - - 0 1
0,1,0,0,0,0,0,1,-1,1,0,1,1,1,0,0,0,0,0,16,0,0,3,0,6,3,4,5,0,6,0,1,0,0,0,0,0,0,0,7,1,1,0,0,0,0,1,3,1,0,KRBKRNvK,DRAW,1R6/KB1n3r/8/3k4/8/8/8/8 b - - 0 1
0,1,0,0,0,0,0,1,-1,1,0,1,1,1,0,0,0,0,0,16,0,0,5,5,6,6,1,3,4,5,0,1,0,0,0,0,0,0,0,7,1,1,0,0,0,0,0,1,1,0,KRBKRNvK,DRAW,6R1/5K2/8/8/8/1r6/3nB1k1/8 b - - 0 1
0,1,0,0,0,0,0,1,-1,1,0,1,1,1,0,0,0,0,0,16,0,0,4,1,0,5,4,5,1,5,0,1,0,0,0,0,0,0,0,7,1,1,0,1,0,0,0,2,1,0,KRBKRNvK,DRAW,4B3/8/8/5k1R/8/8/4rn2/1K6 b - - 0 1
0,1,0,0,0,0,0,1,-1,1,0,1,1,1,0,0,0,0,0,16,0,0,5,3,6,1,1,2,4,28,27,0,0,0,0,0,0,0,0,7,1,1,0,0,0,0,3,1,0,1,KRBKRNvK,DRAW,7r/2nK4/8/4R3/8/8/1k3B2/8 b - - 0 1
0,1,0,0,0,0,0,1,-1,1,0,1,1,1,0,0,0,0,0,16,0,0,4,4,7,0,6,3,5,3,0,1,0,0,0,0,0,0,0,7,1,1,0,0,0,0,0,1,0,0,KRBKRNvK,DRAW,4K3/k6r/7B/8/6n1/8/8/R7 b - - 0 1
0,1,0,0,0,0,0,1,-1,1,0,1,1,1,0,0,0,0,0,16,0,0,6,1,4,7,7,2,6,19,29,0,0,0,0,0,0,0,0,7,1,1,0,1,0,0,0,0,0,0,KRBKRNvK,DRAW,7k/8/8/1K6/1B6/R7/5r1n/8 b - - 0 1
1,1,0,0,0,0,0,1,-1,1,0,1,1,1,0,0,0,0,0,16,0,0,5,0,1,5,4,5,1,16,25,0,0,0,0,0,0,0,0,7,1,1,0,0,0,0,0,3,0,0,KRBKRNvK,DRAW,6n1/8/8/5k2/7r/8/KR6/B7 w - - 0 1
0,1,0,0,0,0,0,1,-1,1,0,1,1,1,0,0,0,0,0,16,0,0,2,6,7,4,5,5,1,23,22,0,0,0,0,0,0,0,0,7,1,1,0,1,0,0,0,2,0,1,KRBKRNvK,DRAW,4n1K1/8/4k3/8/8/B7/7r/1R6 b - - 0 1
0,1,0,0,0,0,0,1,-1,1,0,1,1,1,0,0,0,0,0,16,0,0,6,7,6,4,0,5,3,2,0,1,0,0,0,0,0,0,0,7,1,1,0,0,0,0,0,2,1,0,KRBKRNvK,DRAW,4n3/7K/8/1r6/7B/8/2R5/4k3 b - - 0 1
1,1,0,0,0,0,0,1,-1,1,0,1,1,1,0,0,0,0,0,16,0,0,4,7,4,3,5,3,1,2,0,1,0,0,0,0,0,0,0,7,1,1,0,1,0,0,3,2,1,0,KRBKRNvK,LOSS,7n/8/3k4/2R4K/8/5B2/7r/8 w - - 0 1
1,1,0,0,0,0,0,1,-1,1,0,1,1,1,0,0,0,0,0,16,0,0,6,7,7,1,6,6,4,23,25,0,0,0,0,0,0,0,0,7,1,1,0,0,0,0,2,2,0,0,KRBKRNvK,DRAW,2n4K/1k6/8/7R/8/3r4/B7/8 w - - 0 1
1,1,0,0,0,0,0,1,-1,1,0,1,1,1,0,0,0,0,0,16,0,0,3,7,7,4,7,6,3,3,0,1,0,0,0,0,0,0,0,7,1,1,0,0,0,0,1,1,0,1,KRBKRNvK,DRAW,4k2K/8/6n1/8/8/5R2/8/2r3B1 w - - 0 1
0,1,0,0,0,0,0,1,-1,1,0,1,1,1,0,0,0,0,0,16,0,0,6,1,2,7,6,3,5,21,27,0,0,0,0,0,0,0,0,7,1,1,0,1,0,0,2,0,0,0,KRBKRNvK,WIN,8/7k/n3R3/1B6/8/1K6/5r2/8 b - - 0 1
0,1,0,0,0,0,0,1,-1,1,0,1,1,1,0,0,0,0,0,16,0,0,5,5,7,1,2,4,3,22,23,0,0,0,0,0,0,0,0,7,1,1,1,0,0,0,2,1,1,0,KRBKRNvK,DRAW,5K2/4R3/8/B7/8/1kr3n1/8/8 b - - 0 1
1,1,0,0,0,0,0,1,-1,1,0,1,1,1,0,0,0,0,0,16,0,0,5,2,4,7,6,1,5,7,0,1,0,0,0,0,0,0,0,7,1,1,0,0,0,0,3,1,0,1,KRBKRNvK,DRAW,1B6/6rk/8/2K5/8/3n4/8/5R2 w - - 0 1
1,1,0,0,0,0,0,1,-1,1,0,1,1,1,0,0,0,0,0,16,0,0,5,6,4,1,0,2,5,19,18,0,0,0,0,0,0,0,0,7,1,1,0,1,0,0,0,0,0,0,KRBKRNvK,DRAW,2RB4/8/8/6K1/8/8/1n5r/1k6 w - - 0 1
0,1,0,0,0,0,0,1,-1,1,0,1,1,1,0,0,0,0,0,16,0,0,4,3,4,7,6,0,5,5,0,1,0,0,0,0,0,0,0,7,1,1,0,0,0,0,4,0,0,0,KRBKRNvK,DRAW,5r2/7k/8/3K3n/4B3/4R3/8/8 b - - 0 1
0,1,0,0,0,0,0,1,-1,1,0,1,1,1,0,0,0,0,0,16,0,0,2,3,5,4,7,1,3,4,0,1,0,0,0,0,0,0,0,7,1,1,0,0,0,0,2,1,0,1,KRBKRNvK,DRAW,4k3/8/3K4/1Bn5/8/2R5/8/7r b - - 0 1
0,1,0,0,0,0,0,1,-1,1,0,1,1,1,0,0,0,0,0,16,0,0,5,0,5,3,0,4,3,23,20,0,0,0,0,0,0,0,0,7,1,1,0,1,0,0,2,1,0,0,KRBKRNvK,DRAW,8/5n2/K7/2R5/8/8/6r1/3k3B b - - 0 1
0,1,0,0,0,0,0,1,-1,1,0,1,1,1,0,0,0,0,0,16,0,0,5,6,4,1,7,2,5,25,24,0,0,0,0,0,0,0,0,7,1,1,0,0,0,0,2,2,0,1,KRBKRNvK,DRAW,1k6/6B1/8/6K1/3r4/4n3/8/2R5 b - - 0 1
1,1,0,0,0,0,0,1,-1,1,0,1,1,1,0,0,0,0,0,16,0,0,6,5,1,7,7,3,6,27,17,0,0,0,0,0,0,0,0,7,1,1,1,0,0,0,2,2,0,0,KRBKRNvK,DRAW,7k/3BR3/8/7r/8/8/5K2/1n6 w - - 0 1
0,1,0,0,0,0,0,1,-1,1,0,1,1,1,0,0,0,0,0,16,0,0,2,0,5,1,7,4,5,15,23,0,0,0,0,0,0,0,0,7,1,1,0,1,0,0,0,0,2,0,KRBKRNvK,DRAW,1k1B4/8/K1R5/7n/8/8/7r/8 b - - 0 1
0,1,0,0,0,0,0,1,-1,1,0,1,1,1,0,0,0,0,0,16,0,0,6,6,0,0,3,5,3,3,0,1,0,0,0,0,0,0,0,7,1,1,0,0,0,0,2,0,0,0,KRBKRNvK,DRAW,3B4/8/8/8/k5R1/1r6/8/1n4K1 b - - 0 1
1,1,0,0,0,0,0,1,-1,1,0,1,1,1,0,0,0,0,0,16,0,0,3,2,5,2,2,2,2,29,17,0,0,0,0,0,0,0,0,7,1,1,0,0,0,0,1,1,1,0,KRBKRNvK,DRAW,8/8/2K5/8/8/B1k4n/5R2/r7 w - - 0 1
1,1,0,0,0,0,0,1,-1,1,0,1,1,1,0,0,0,0,0,16,0,0,4,4,5,7,1,1,5,6,0,1,0,0,0,0,0,0,0,7,1,1,0,0,0,0,2,2,2,1,KRBKRNvK,DRAW,6n1/8/4K3/8/7B/6R1/7k/4r3 w - - 0 1
0,1,0,0,0,0,0,1,-1,1,0,1,1,1,0,0,0,0,0,16,0,0,6,4,7,3,1,3,2,24,28,0,0,0,0,0,0,0,0,7,1,1,0,0,0,0,3,2,1,1,KRBKRNvK,DRAW,4K3/8/2r5/6R1/8/2n2B2/3k4/8 b - - 0 1
0,1,0,0,0,0,0,1,-1,1,0,1,1,1,0,0,0,0,0,16,0,0,7,0,0,2,7,6,4,6,0,1,0,0,0,0,0,0,0,7,1,1,0,0,0,0,2,3,1,0,KRBKRNvK,DRAW,2k5/8/1n1R4/8/5r2/7B/8/K7 b - - 0 1
1,1,0,0,0,0,0,1,-1,1,0,1,1,1,0,0,0,0,0,16,0,0,5,2,4,7,0,1,6,29,20,0,0,0,0,0,0,0,0,7,1,1,0,0,0,0,2,1,1,1,KRBKRNvK,DRAW,8/8/r3B3/2K5/8/5R2/3n4/7k w - - 0 1
0,1,0,0,0,0,0,1,-1,1,0,1,1,1,0,0,0,0,0,16,0,0,5,5,6,0,3,3,3,3,0,1,0,0,0,0,0,0,0,7,1,1,1,0,0,0,0,0,0,0,KRBKRNvK,DRAW,2r5/R4K2/8/8/k3n3/8/8/2B5 b - - 0 1
1,1,0,0,0,0,0,1,-1,1,0,1,1,1,0,0,0,0,0,16,0,0,4,6,0,2,1,5,3,25,19,0,0,0,0,0,0,0,0,7,1,1,0,0,0,0,3,0,1,1,KRBKRNvK,DRAW,6r1/8/3R4/8/8/8/2k3n1/B5K1 w - - 0 1
0,1,0,0,0,0,0,1,-1,1,0,1,1,1,0,0,0,0,0,16,0,0,6,6,7,3,1,5,2,24,25,0,0,0,0,0,0,0,0,7,1,1,0,0,0,0,2,2,0,0,KRBKRNvK,DRAW,n3B1K1/8/8/2r5/6R1/8/3k4/8 b - - 0 1
1,1,0,0,0,0,0,1,-1,1,0,1,1,1,0,0,0,0,0,16,0,0,4,5,0,6,4,4,2,6,0,1,0,0,0,0,0,0,0,7,1,1,0,0,0,0,1,0,1,1,KRBKRNvK,DRAW,7n/8/8/6k1/8/5rB1/R7/5K2 w - - 0 1
1,1,0,0,0,0,0,1,-1,1,0,1,1,1,0,0,0,0,0,16,0,0,2,7,2,5,1,4,3,1,0,1,0,0,0,0,0,0,0,7,1,1,0,0,0,0,1,2,0,2,KRBKRNvK,DRAW,7R/7B/8/8/8/5n1K/5k2/7r w - - 0 1
0,1,0,0,0,0,0,1,-1,1,0,1,1,1,0,0,0,0,0,16,0,0,2,5,1,5,3,3,1,15,22,0,0,0,0,0,0,0,0,7,1,1,0,0,0,0,3,3,1,0,KRBKRNvK,DRAW,8/8/8/8/r4k2/n7/4RK2/B7 b - - 0 1
1,1,0,0,0,0,0,1,-1,1,0,1,1,1,0,0,0,0,0,16,0,0,5,5,0,0,0,4,6,24,19,0,0,0,0,0,0,0,0,7,1,1,0,1,0,0,3,1,0,1,KRBKRNvK,DRAW,B7/8/8/8/6R1/8/2r1n3/k4K2 w - - 0 1
0,1,0,0,0,0,0,1,-1,1,0,1,1,1,0,0,0,0,0,16,0,0,3,2,3,2,0,1,4,24,20,0,0,0,0,0,0,0,0,7,1,1,0,0,0,0,4,0,0,1,KRBKRNvK,WIN,4R3/8/B7/8/2K1n3/8/8/2k3r1 b - - 0 1
1,1,0,0,0,0,0,1,-1,1,0,1,1,1,0,0,0,0,0,16,0,0,5,6,2,2,7,3,4,27,26,0,0,0,0,0,0,0,0,7,1,1,0,0,0,0,2,1,0,1,KRBKRNvK,DRAW,2k4B/8/8/8/8/4n1K1/R7/2r5 w - - 0 1
1,1,0,0,0,0,0,1,-1,1,0,1,1,1,0,0,0,0,0,16,0,0,4,1,3,5,5,2,2,5,0,1,0,0,0,0,0,0,0,7,1,1,0,0,0,0,2,3,1,1,KRBKRNvK,DRAW,7n/8/5k2/1R6/1K1r2B1/8/8/8 w - - 0 1
1,1,0,0,0,0,0,1,-1,1,0,1,1,1,0,0,0,0,0,16,0,0,2,7,5,7,3,4,3,30,17,0,0,0,0,0,0,0,0,7,1,1,0,1,0,0,1,2,0,0,KRBKRNvK,DRAW,8/2n5/7K/8/3B3k/1R6/3r4/8 w - - 0 1
1,1,0,0,0,0,0,1,-1,1,0,1,1,1,0,0,0,0,0,16,0,0,2,2,4,2,6,1,3,22,25,0,0,0,0,0,0,0,0,7,1,1,0,0,0,0,3,2,1,0,KRBKRNvK,DRAW,8/2k5/5n2/2K1R3/8/8/8/2B3r1 w - - 0 1
1,1,0,0,0,0,0,1,-1,1,0,1,1,1,0,0,0,0,0,16,0,0,3,3,3,0,3,0,3,22,22,0,0,0,0,0,0,0,0,7,1,1,0,0,0,0,4,2,0,1,KRBKRNvK,DRAW,8/8/4R3/1r6/k2K4/4B3/6n1/8 w - - 0 1
0,1,0,0,0,0,0,1,-1,1,0,1,1,1,0,0,0,0,0,16,0,0,4,5,4,1,6,1,4,22,18,0,0,0,0,0,0,0,0,7,1,1,0,0,0,0,3,1,0,1,KRBKRNvK,DRAW,6r1/1k6/6n1/5K2/6R1/7B/8/8 b - - 0 1
0,1,0,0,0,0,0,1,-1,1,0,1,1,1,0,0,0,0,0,16,0,0,3,3,4,0,4,0,3,3,0,1,0,0,0,0,0,0,0,7,1,1,0,0,0,0,3,2,1,2,KRBKRNvK,DRAW,8/3nr3/8/k2K4/8/R7/8/3B4 b - - 0 1
0,1,0,0,0,0,0,1,-1,1,0,1,1,1,0,0,0,0,0,16,0,0,5,7,4,2,0,3,4,5,0,1,0,0,0,0,0,0,0,7,1,1,1,0,0,0,1,0,0,0,KRBKRNvK,DRAW,3r4/2R5/3B4/7K/8/8/8/n1k5 b - - 0 1
1,1,0,0,0,0,0,1,-1,1,0,1,1,1,0,0,0,0,0,16,0,0,6,3,6,3,0,2,3,4,0,1,0,0,0,0,0,0,0,7,1,1,0,1,0,0,0,2,0,1,KRBKRNvK,DRAW,1n6/3K4/7B/8/8/8/4r1R1/3k4 w - - 0 1
0,1,0,0,0,0,0,1,-1,1,0,1,1,1,0,0,0,0,0,16,0,0,3,5,1,5,4,3,1,26,25,0,0,0,0,0,0,0,0,7,1,1,1,0,0,0,1,3,0,1,KRBKRNvK,DRAW,8/2R5/8/2B2k2/3r4/8/1n3K2/8 b - - 0 1
0,1,0,0,0,0,0,1,-1,1,0,1,1,1,0,0,0,0,0,16,0,0,2,2,0,2,2,4,2,20,23,0,0,0,0,0,0,0,0,7,1,1,0,0,0,0,1,1,0,1,KRBKRNvK,WIN,5R2/8/7r/8/8/2k5/5B2/n1K5 b - - 0 1
1,1,0,0,0,0,0,1,-1,1,0,1,1,1,0,0,0,0,0,16,0,0,3,6,0,3,3,5,0,29,23,0,0,0,0,0,0,0,0,7,1,1,0,0,0,0,1,3,1,0,KRBKRNvK,DRAW,R7/8/8/2r5/3k3n/3B4/8/6K1 w - - 0 1
1,1,0,0,0,0,0,1,-1,1,0,1,1,1,0,0,0,0,0,16,0,0,6,1,1,7,0,4,6,29,25,0,0,0,0,0,0,0,0,7,1,1,0,0,0,0,0,2,0,0,KRBKRNvK,DRAW,1R6/8/8/6r1/5n2/8/1K2B3/7k w - - 0 1
0,1,0,0,0,0,0,1,-1,1,0,1,1,1,0,0,0,0,0,16,0,0,5,7,5,2,2,4,2,26,26,0,0,0,0,0,0,0,0,7,1,1,0,0,0,0,2,2,1,1,KRBKRNvK,DRAW,8/8/7K/8/5r2/n1k4B/8/4R3 b - - 0 1
1,1,0,0,0,0,0,1,-1,1,0,1,1,1,0,0,0,0,0,16,0,0,2,5,5,4,3,2,0,30,22,0,0,0,0,0,0,0,0,7,1,1,0,0,0,0,2,3,2,0,KRBKRNvK,DRAW,8/8/5K2/1r6/4k3/4B3/2R5/4n3 w - - 0 1
1,1,0,0,0,0,0,1,-1,1,0,1,1,1,0,0,0,0,0,16,0,0,2,1,2,1,0,3,5,24,18,0,0,0,0,0,0,0,0,7,1,1,0,0,0,0,0,1,0,1,KRBKRNvK,WIN,8/3r4/7B/3n4/8/1K6/5R2/1k6 w - - 0 1
0,1,0,0,0,0,0,1,-1,1,0,1,1,1,0,0,0,0,0,16,0,0,3,3,0,6,0,3,5,20,30,0,0,0,0,0,0,0,0,7,1,1,0,0,0,0,2,2,0,0,KRBKRNvK,DRAW,4R3/7n/3B4/8/6r1/8/8/3K2k1 b - - 0 1
1,1,0,0,0,0,0,1,-1,1,0,1,1,1,0,0,0,0,0,16,0,0,3,6,7,3,5,5,1,26,23,0,0,0,0,0,0,0,0,7,1,1,0,1,0,0,1,2,1,0,KRBKRNvK,DRAW,6K1/1n6/1B1k4/8/8/8/r7/6R1 w - - 0 1
1,1,0,0,0,0,0,1,-1,1,0,1,1,1,0,0,0,0,0,16,0,0,4,0,0,4,0,6,3,24,20,0,0,0,0,0,0,0,0,7,1,1,0,0,0,0,1,2,1,0,KRBKRNvK,DRAW,4r3/6n1/8/8/8/1BR5/8/K3k3 w - - 0 1
0,1,0,0,0,0,0,1,-1,1,0,1,1,1,0,0,0,0,0,16,0,0,7,4,0,2,7,3,4,20,19,0,0,0,0,0,0,0,0,7,1,1,0,0,0,0,2,0,0,1,KRBKRNvK,DRAW,2k4B/2r5/8/8/8/8/8/2n1KR2 b - - 0 1
0,1,0,0,0,0,0,1,-1,1,0,1,1,1,0,0,0,0,0,16,0,0,2,4,1,3,3,2,0,23,22,0,0,0,0,0,0,0,0,7,1,1,0,0,0,0,2,3,2,2,KRBKRNvK,DRAW,8/8/8/8/3k4/1R3B2/4Kn2/6r1 b - - 0 1
1,1,0,0,0,0,0,1,-1,1,0,1,1,1,0,0,0,0,0,16,0,0,2,0,4,1,6,3,4,24,21,0,0,0,0,0,0,0,0,7,1,1,0,0,0,0,1,0,1,0,KRBKRNvK,DRAW,8/1k6/7r/K1B5/8/2R5/8/n7 w - - 0 1
0,1,0,0,0,0,0,1,-1,1,0,1,1,1,0,0,0,0,0,16,0,0,3,1,0,0,3,5,3,3,0,1,0,0,0,0,0,0,0,7,1,1,0,0,0,0,2,2,2,0,KRBKRNvK,DRAW,8/4r3/1B6/8/k1R4n/8/8/1K6 b - - 0 1
0,1,0,0,0,0,0,1,-1,1,0,1,1,1,0,0,0,0,0,16,0,0,4,4,4,2,0,0,4,8,0,1,0,0,0,0,0,0,0,7,1,1,0,1,0,0,4,0,0,0,KRBKRNvK,DRAW,8/8/7B/R3K3/8/7n/5r2/2k5 b - - 0 1
1,1,0,0,0,0,0,1,-1,1,0,1,1,1,0,0,0,0,0,16,0,0,3,3,5,6,2,1,3,25,21,0,0,0,0,0,0,0,0,7,1,1,0,0,0,0,3,0,1,1,KRBKRNvK,WIN,B4n2/6r1/3K4/8/8/6k1/8/4R3 w - - 0 1
0,1,0,0,0,0,0,1,-1,1,0,1,1,1,0,0,0,0,0,16,0,0,7,7,4,0,6,3,5,24,24,0,0,0,0,0,0,0,0,7,1,1,0,0,0,0,1,2,0,1,KRBKRNvK,DRAW,8/k7/8/4B2K/6r1/1n5R/8/8 b - - 0 1
0,1,0,0,0,0,0,1,-1,1,0,1,1,1,0,0,0,0,0,16,0,0,6,6,6,0,0,4,6,14,33,0,0,0,0,0,0,0,0,7,1,1,0,0,0,0,3,1,0,0,KRBKRNvK,DRAW,8/6K1/2B5/8/5R2/1n6/8/kr6 b - - 0 1
0,1,0,0,0,0,0,1,-1,1,0,1,1,1,0,0,0,0,0,16,0,0,2,4,4,3,2,0,1,5,0,1,0,0,0,0,0,0,0,7,1,1,0,0,0,0,3,3,0,2,KRBKRNvK,DRAW,8/8/3r4/4K3/3n4/R2k4/8/7B b - - 0 1
0,1,0,0,0,0,0,1,-1,1,0,1,1,1,0,0,0,0,0,16,0,0,4,4,1,2,5,2,2,6,0,1,0,0,0,0,0,0,0,7,1,1,0,0,0,0,2,3,0,1,KRBKRNvK,DRAW,8/3r2B1/2k3R1/8/8/5n2/4K3/8 b - - 0 1
1,1,0,0,0,0,0,1,-1,1,0,1,1,1,0,0,0,0,0,16,0,0,4,1,6,4,2,4,1,21,22,0,0,0,0,0,0,0,0,7,1,1,0,0,0,0,0,2,0,1,KRBKRNvK,DRAW,1R6/1K2B3/8/1n6/8/4k3/8/4r3 w - - 0 1
0,1,0,0,0,0,0,1,-1,1,0,1,1,1,0,0,0,0,0,16,0,0,4,7,6,6,2,5,3,25,23,0,0,0,0,0,0,0,0,7,1,1,1,0,0,0,0,2,0,0,KRBKRNvK,DRAW,8/1R5K/8/8/5r2/6k1/8/2Bn4 b - - 0 1
0,1,0,0,0,0,0,1,-1,1,0,1,1,1,0,0,0,0,0,16,0,0,2,0,3,0,5,3,4,17,22,0,0,0,0,0,0,0,0,7,1,1,1,0,0,0,0,0,0,0,KRBKRNvK,DRAW,3B4/5R2/k7/8/K7/6r1/8/5n2 b - - 0 1
1,1,0,0,0,0,0,1,-1,1,0,1,1,1,0,0,0,0,0,16,0,0,2,6,2,4,1,3,2,24,26,0,0,0,0,0,0,0,0,7,1,1,0,0,0,0,0,2,0,1,KRBKRNvK,DRAW,2R5/3B4/8/8/3r4/4n1K1/4k3/8 w - - 0 1
1,1,0,0,0,0,0,1,-1,1,0,1,1,1,0,0,0,0,0,16,0,0,4,1,2,5,3,3,1,28,26,0,0,0,0,0,0,0,0,7,1,1,0,0,0,0,3,2,0,0,KRBKRNvK,DRAW,B2R4/8/8/8/5k2/1K6/5n2/4r3 w - - 0 1
0,1,0,0,0,0,0,1,-1,1,0,1,1,1,0,0,0,0,0,16,0,0,3,4,7,5,4,3,1,17,23,0,0,0,0,0,0,0,0,7,1,1,0,0,0,0,0,2,0,0,KRBKRNvK,DRAW,R3K3/8/8/5k2/8/8/n3B3/r7 b - - 0 1
1,1,0,0,0,0,0,1,-1,1,0,1,1,1,0,0,0,0,0,16,0,0,2,5,4,7,5,1,4,28,21,0,0,0,0,0,0,0,0,7,1,1,0,0,0,0,3,2,0,1,KRBKRNvK,DRAW,8/8/3B3k/1R3K2/8/3r4/2n5/8 w - - 0 1
1,1,0,0,0,0,0,1,-1,1,0,1,1,1,0,0,0,0,0,16,0,0,2,4,0,2,2,3,2,25,22,0,0,0,0,0,0,0,0,7,1,1,0,0,0,0,0,2,1,1,KRBKRNvK,DRAW,8/8/8/3r4/6B1/2k5/R7/4K1n1 w - - 0 1
0,1,0,0,0,0,0,1,-1,1,0,1,1,1,0,0,0,0,0,16,0,0,4,7,2,3,0,4,3,24,27,0,0,0,0,0,0,0,0,7,1,1,0,0,0,0,2,1,0,0,KRBKRNvK,DRAW,8/8/1r6/2B5/6R1/7K/4n3/3k4 b - - 0 1
1,1,0,0,0,0,0,1,-1,1,0,1,1,1,0,0,0,0,0,16,0,0,4,1,7,4,3,5,0,26,23,0,0,0,0,0,0,0,0,7,1,1,0,1,0,0,2,3,1,0,KRBKRNvK,DRAW,1K5B/8/6R1/8/4k3/8/5r2/1n6 w - - 0 1
1,1,0,0,0,0,0,1,-1,1,0,1,1,1,0,0,0,0,0,16,0,0,3,3,5,0,5,1,4,32,20,0,0,0,0,0,0,0,0,7,1,1,0,0,0,0,3,1,1,0,KRBKRNvK,DRAW,8/8/k1BK4/8/8/6R1/3n4/r7 w - - 0 1
0,1,0,0,0,0,0,1,-1,1,0,1,1,1,0,0,0,0,0,16,0,0,3,3,7,0,7,3,6,22,22,0,0,0,0,0,0,0,0,7,1,1,0,0,0,0,2,2,0,0,KRBKRNvK,WIN,k2K2B1/8/8/5r2/1R1n4/8/8/8 b - - 0 1
1,1,0,0,0,0,0,1,-1,1,0,1,1,1,0,0,0,0,0,16,0,0,5,6,0,1,1,5,4,5,0,1,0,0,0,0,0,0,0,7,1,1,1,0,0,0,0,0,1,0,KRBKRNvK,DRAW,8/7R/6r1/8/8/n7/1k1B4/6K1 w - - 0 1
0,1,0,0,0,0,0,1,-1,1,0,1,1,1,0,0,0,0,0,16,0,0,5,0,3,5,0,3,4,21,28,0,0,0,0,0,0,0,0,7,1,1,0,1,0,0,0,0,1,1,KRBKRNvK,DRAW,n7/8/8/6B1/K7/7R/2r5/5k2 b - - 0 1
0,1,0,0,0,0,0,1,-1,1,0,1,1,1,0,0,0,0,0,16,0,0,5,2,0,7,0,4,6,22,20,0,0,0,0,0,0,0,0,7,1,1,0,0,0,0,2,0,0,0,KRBKRNvK,DRAW,8/8/8/8/4n3/6r1/B3R3/2K4k b - - 0 1
1,1,0,0,0,0,0,1,-1,1,0,1,1,1,0,0,0,0,0,16,0,0,4,6,0,2,4,5,1,30,16,0,0,0,0,0,0,0,0,7,1,1,0,0,0,0,1,2,1,0,KRBKRNvK,DRAW,7r/8/7n/2k5/8/3B4/1R6/6K1 w - - 0 1
0,1,0,0,0,0,0,1,-1,1,0,1,1,1,0,0,0,0,0,16,0,0,2,3,6,3,4,2,0,23,22,0,0,0,0,0,0,0,0,7,1,1,0,0,0,0,0,3,0,1,KRBKRNvK,DRAW,8/3K4/R2n2r1/3k4/8/8/3B4/8 b - - 0 1
0,1,0,0,0,0,0,1,-1,1,0,1,1,1,0,0,0,0,0,16,0,0,3,0,1,2,4,5,1,5,0,1,0,0,0,0,0,0,0,7,1,1,0,0,0,0,3,3,1,2,KRBKRNvK,DRAW,8/8/4R3/2k5/2n5/2r5/K7/6B1 b - - 0 1
1,1,0,0,0,0,0,1,-1,1,0,1,1,1,0,0,0,0,0,16,0,0,4,4,6,5,2,2,2,6,0,1,0,0,0,0,0,0,0,7,1,1,0,0,0,0,0,1,2,0,KRBKRNvK,DRAW,8/1r2K3/8/6B1/8/5k2/7R/1n6 w - - 0 1
0,1,0,0,0,0,0,1,-1,1,0,1,1,1,0,0,0,0,0,16,0,0,6,6,4,0,3,2,3,4,0,1,0,0,0,0,0,0,0,7,1,1,0,0,0,0,0,1,1,0,KRBKRNvK,DRAW,8/8/R7/6K1/k1n5/7B/8/2r5 b - - 0 1
0,1,0,0,0,0,0,1,-1,1,0,1,1,1,0,0,0,0,0,16,0,0,2,7,3,5,5,3,2,19,18,0,0,0,0,0,0,0,0,7,1,1,0,0,0,0,0,2,0,2,KRBKRNvK,DRAW,8/8/5k2/5r2/1B5K/7R/7n/8 b - - 0 1
0,1,0,0,0,0,0,1,-1,1,0,1,1,1,0,0,0,0,0,16,0,0,3,3,3,2,0,0,4,20,25,0,0,0,0,0,0,0,0,7,1,1,0,0,0,0,3,2,1,0,KRBKRNvK,DRAW,2n5/4r3/8/8/3K4/3B2R1/8/2k5 b - - 0 1
0,1,0,0,0,0,0,1,-1,1,0,1,1,1,0,0,0,0,0,16,0,0,6,2,6,0,0,3,6,24,28,0,0,0,0,0,0,0,0,7,1,1,0,0,0,0,0,3,0,0,KRBKRNvK,DRAW,8/2K5/5n2/7r/8/6R1/8/k2B4 b - - 0 1
1,1,0,0,0,0,0,1,-1,1,0,1,1,1,0,0,0,0,0,16,0,0,3,7,5,4,6,4,2,5,0,1,0,0,0,0,0,0,0,7,1,1,0,0,0,0,1,0,1,0,KRBKRNvK,DRAW,3n2B1/4k3/r6K/8/8/8/7R/8 w - - 0 1
0,1,0,0,0,0,0,1,-1,1,0,1,1,1,0,0,0,0,0,16,0,0,2,3,1,1,3,2,2,5,0,1,0,0,0,0,0,0,0,7,1,1,0,0,0,0,0,2,0,0,KRBKRNvK,DRAW,1R3B2/2n5/8/2r5/1k6/8/3K4/8 b - - 0 1
0,1,0,0,0,0,0,1,-1,1,0,1,1,1,0,0,0,0,0,16,0,0,7,7,4,0,4,3,3,4,27,0,0,0,0,0,0,0,0,7,1,1,0,0,0,0,3,2,1,0,KRBKRNvK,DRAW,8/8/4R3/k6K/1r6/2B5/8/n7 b - - 0 1
1,1,0,0,0,0,0,1,-1,1,0,1,1,1,0,0,0,0,0,16,0,0,6,4,6,2,0,2,4,16,21,0,0,0,0,0,0,0,0,7,1,1,1,0,0,0,1,2,0,0,KRBKRNvK,DRAW,8/R3K3/4B3/7n/8/4r3/8/2k5 w - - 0 1
0,1,0,0,0,0,0,1,-1,1,0,1,1,1,0,0,0,0,0,16,0,0,7,6,7,7,0,5,6,1,0,1,0,0,0,0,0,0,0,7,1,1,0,0,0,0,2,0,0,0,KRBKRNvK,DRAW,6K1/8/2B4R/8/8/2r5/8/5n1k b - - 0 1
0,1,0,0,0,0,0,1,-1,1,0,1,1,1,0,0,0,0,0,16,0,0,5,1,4,6,7,2,5,7,0,1,0,0,0,0,0,0,0,7,1,1,0,0,0,0,0,2,0,1,KRBKRNvK,DRAW,2B3k1/3r4/8/1K6/5n2/8/8/6R1 b - - 0 1
1,1,0,0,0,0,0,1,-1,1,0,1,1,1,0,0,0,0,0,16,0,0,6,6,5,0,0,3,6,30,21,0,0,0,0,0,0,0,0,7,1,1,0,0,0,0,1,3,1,0,KRBKRNvK,DRAW,8/8/2n1B1K1/r7/8/8/1R6/k7 w - - 0 1
1,1,0,0,0,0,0,1,-1,1,0,1,1,1,0,0,0,0,0,16,0,0,4,1,5,1,1,3,4,7,0,1,0,0,0,0,0,0,0,7,1,1,0,0,0,0,1,2,0,1,KRBKRNvK,DRAW,8/8/1K6/3n1B2/6r1/6R1/1k6/8 w - - 0 1
1,1,0,0,0,0,0,1,-1,1,0,1,1,1,0,0,0,0,0,16,0,0,5,2,5,7,6,2,5,5,0,1,0,0,0,0,0,0,0,7,1,1,0,1,0,0,1,0,0,1,KRBKRNvK,DRAW,3n4/7k/2K5/8/2B5/8/1r6/R7 w - - 0 1
1,1,0,0,0,0,0,1,-1,1,0,1,1,1,0,0,0,0,0,16,0,0,7,7,4,0,1,3,5,32,22,0,0,0,0,0,0,0,0,7,1,1,0,0,0,0,1,2,1,0,KRBKRNvK,DRAW,3r4/8/1n6/4B2K/8/8/k7/2R5 w - - 0 1
1,1,0,0,0,0,0,1,-1,1,0,1,1,1,0,0,0,0,0,16,0,0,4,1,6,5,6,4,3,24,24,0,0,0,0,0,0,0,0,7,1,1,0,0,0,0,2,2,1,2,KRBKRNvK,DRAW,5B2/1K1n1k2/8/r7/4R3/8/8/8 w - - 0 1
1,1,0,0,0,0,0,1,-1,1,0,1,1,1,0,0,0,0,0,16,0,0,5,6,5,1,2,3,3,29,15,0,0,0,0,0,0,0,0,7,1,1,1,1,0,0,0,0,0,0,KRBKRNvK,DRAW,1n6/2R5/6K1/8/7B/1k6/1r6/8 w - - 0 1
0,1,0,0,0,0,0,1,-1,1,0,1,1,1,0,0,0,0,0,16,0,0,2,1,1,3,0,4,3,3,0,1,0,0,0,0,0,0,0,7,1,1,0,0,0,0,1,2,1,0,KRBKRNvK,DRAW,8/8/8/8/5r2/6R1/1KB5/3k2n1 b - - 0 1
1,1,0,0,0,0,0,1,-1,1,0,1,1,1,0,0,0,0,0,16,0,0,7,7,0,0,7,6,6,24,18,0,0,0,0,0,0,0,0,7,1,1,0,0,0,0,1,2,1,0,KRBKRNvK,DRAW,k7/8/1R4B1/8/3r4/8/8/3n3K w - - 0 1
0,1,0,0,0,0,0,1,-1,1,0,1,1,1,0,0,0,0,0,16,0,0,4,3,4,3,0,0,3,21,32,0,0,0,0,0,0,0,0,7,1,1,0,1,0,0,3,0,1,0,KRBKRNvK,DRAW,5R2/8/8/3K4/8/n3B3/1r6/3k4 b - - 0 1
0,1,0,0,0,0,0,1,-1,1,0,1,1,1,0,0,0,0,0,16,0,0,7,6,0,5,7,5,4,4,0,1,0,0,0,0,0,0,0,7,1,1,0,0,0,0,2,1,0,1,KRBKRNvK,DRAW,5k2/1rB5/8/5R2/8/8/5n2/6K1 b - - 0 1
0,1,0,0,0,0,0,1,-1,1,0,1,1,1,0,0,0,0,0,16,0,0,6,3,6,7,0,2,6,21,23,0,0,0,0,0,0,0,0,7,1,1,0,0,0,0,3,3,0,1,KRBKRNvK,DRAW,1B6/3K4/4r3/8/3R4/4n3/8/7k b - - 0 1
1,1,0,0,0,0,0,1,-1,1,0,1,1,1,0,0,0,0,0,16,0,0,7,4,7,2,0,3,4,4,0,1,0,0,0,0,0,0,0,7,1,1,1,0,0,0,2,2,0,2,KRBKRNvK,DRAW,4K3/3R4/B4nr1/8/8/8/8/2k5 w - - 0 1
0,1,0,0,0,0,0,1,-1,1,0,1,1,1,0,0,0,0,0,16,0,0,5,1,0,4,5,5,1,3,0,1,0,0,0,0,0,0,0,7,1,1,1,0,0,0,0,2,1,0,KRBKRNvK,DRAW,6r1/4R3/4k3/8/7B/8/8/1K4n1 b - - 0 1
0,1,0,0,0,0,0,1,-1,1,0,1,1,1,0,0,0,0,0,16,0,0,6,7,4,1,3,3,2,4,0,1,0,0,0,0,0,0,0,7,1,1,0,1,0,0,0,0,0,0,KRBKRNvK,DRAW,1R3B2/8/8/7K/1k6/8/2r5/5n2 b - - 0 1
0,1,0,0,0,0,0,1,-1,1,0,1,1,1,0,0,0,0,0,16,0,0,3,7,1,6,4,5,2,4,0,1,0,0,0,0,0,0,0,7,1,1,0,0,0,0,2,2,0,0,KRBKRNvK,DRAW,8/8/2n5/3R2k1/8/2r5/7K/2B5 b - - 0 1
1,1,0,0,0,0,0,1,-1,1,0,1,1,1,0,0,0,0,0,16,0,0,2,1,3,1,5,2,3,22,19,0,0,0,0,0,0,0,0,7,1,1,0,1,0,0,3,0,1,0,KRBKRNvK,DRAW,1B6/8/1k6/4R3/1K6/8/5r1n/8 w - - 0 1
0,1,0,0,0,0,0,1,-1,1,0,1,1,1,0,0,0,0,0,16,0,0,6,6,0,0,0,5,6,2,0,1,0,0,0,0,0,0,0,7,1,1,0,0,0,0,1,0,0,0,KRBKRNvK,LOSS,1R5n/8/8/8/3B4/r7/8/k5K1 b - - 0 1
0,1,0,0,0,0,0,1,-1,1,0,1,1,1,0,0,0,0,0,16,0,0,6,5,0,3,6,4,2,22,21,0,0,0,0,0,0,0,0,7,1,1,0,0,0,0,2,2,0,1,KRBKRNvK,DRAW,8/B2k4/8/2r5/4R3/8/8/5Kn1 b - - 0 1
0,1,0,0,0,0,0,1,-1,1,0,1,1,1,0,0,0,0,0,16,0,0,2,7,2,6,0,4,5,23,24,0,0,0,0,0,0,0,0,7,1,1,0,0,0,0,2,2,0,1,KRBKRNvK,DRAW,8/8/3r4/1B3n2/4R3/7K/8/6k1 b - - 0 1
1,1,0,0,0,0,0,1,-1,1,0,1,1,1,0,0,0,0,0,16,0,0,4,3,5,7,1,1,5,24,25,0,0,0,0,0,0,0,0,7,1,1,1,1,0,0,3,2,0,0,KRBKRNvK,DRAW,6B1/4R3/3K4/8/8/5n2/2r4k/8 w - - 0 1
0,1,0,0,0,0,0,1,-1,1,0,1,1,1,0,0,0,0,0,16,0,0,2,6,1,4,1,4,2,23,25,0,0,0,0,0,0,0,0,7,1,1,0,0,0,0,3,2,1,0,KRBKRNvK,DRAW,8/8/7n/3r4/2R5/8/4k1KB/8 b - - 0 1
1,1,0,0,0,0,0,1,-1,1,0,1,1,1,0,0,0,0,0,16,0,0,4,3,3,7,2,0,4,25,21,0,0,0,0,0,0,0,0,7,1,1,0,0,0,0,3,1,1,1,KRBKRNvK,DRAW,8/8/4R3/8/3K4/1r4nk/8/7B w - - 0 1
0,1,0,0,0,0,0,1,-1,1,0,1,1,1,0,0,0,0,0,16,0,0,4,6,7,5,3,5,1,6,0,1,0,0,0,0,0,0,0,7,1,1,0,0,0,0,3,2,0,0,KRBKRNvK,DRAW,3R2K1/2B5/8/8/5k2/8/8/r1n5 b - - 0 1
0,1,0,0,0,0,0,1,-1,1,0,1,1,1,0,0,0,0,0,16,0,0,2,5,2,5,0,2,4,1,0,1,0,0,0,0,0,0,0,7,1,1,0,1,0,0,1,0,1,1,KRBKRNvK,DRAW,8/4B1n1/8/8/8/5K2/6r1/5k1R b - - 0 1
0,1,0,0,0,0,0,1,-1,1,0,1,1,1,0,0,0,0,0,16,0,0,3,3,6,2,3,2,1,27,21,0,0,0,0,0,0,0,0,7,1,1,0,0,0,0,2,2,1,1,KRBKRNvK,DRAW,1r6/3K4/8/8/2k1n3/4R3/7B/8 b - - 0 1
0,1,0,0,0,0,0,1,-1,1,0,1,1,1,0,0,0,0,0,16,0,0,3,3,1,1,4,2,2,25,28,0,0,0,0,0,0,0,0,7,1,1,0,0,0,0,0,0,0,0,KRBKRNvK,DRAW,1n3R2/r7/8/1k4B1/8/8/3K4/8 b - - 0 1
1,1,0,0,0,0,0,1,-1,1,0,1,1,1,0,0,0,0,0,16,0,0,3,3,5,4,2,1,1,7,0,1,0,0,0,0,0,0,0,7,1,1,0,1,0,0,4,3,1,0,KRBKRNvK,DRAW,8/8/3K4/8/2R5/B3k3/3r4/6n1 w - - 0 1
1,1,0,0,0,0,0,1,-1,1,0,1,1,1,0,0,0,0,0,16,0,0,4,5,5,1,5,2,3,7,0,1,0,0,0,0,0,0,0,7,1,1,0,1,0,0,2,1,0,1,KRBKRNvK,LOSS,8/8/1k3K2/8/4n3/2B3R1/4r3/8 w - - 0 1
0,1,0,0,0,0,0,1,-1,1,0,1,1,1,0,0,0,0,0,16,0,0,3,4,7,4,4,3,0,18,26,0,0,0,0,0,0,0,0,7,1,1,0,0,0,0,0,4,0,0,KRBKRNvK,DRAW,4K3/8/7n/4kr2/1B6/8/8/6R1 b - - 0 1
0,1,0,0,0,0,0,1,-1,1,0,1,1,1,0,0,0,0,0,16,0,0,4,2,2,2,6,2,3,24,23,0,0,0,0,0,0,0,0,7,1,1,0,0,0,0,2,1,0,0,KRBKRNvK,DRAW,8/2k5/4n1r1/8/R1B5/2K5/8/8 b - - 0 1
1,1,0,0,0,0,0,1,-1,1,0,1,1,1,0,0,0,0,0,16,0,0,4,5,2,4,6,2,2,5,0,1,0,0,0,0,0,0,0,7,1,1,0,1,0,0,1,2,0,2,KRBKRNvK,DRAW,8/4k2B/8/8/8/2R2K2/3r4/6n1 w - - 0 1
0,1,0,0,0,0,0,1,-1,1,0,1,1,1,0,0,0,0,0,16,0,0,4,6,0,2,2,5,2,7,0,1,0,0,0,0,0,0,0,7,1,1,1,0,0,0,0,2,0,0,KRBKRNvK,DRAW,8/2Rn4/B4r2/8/8/2k5/8/6K1 b - - 0 1
0,1,0,0,0,0,0,1,-1,1,0,1,1,1,0,0,0,0,0,16,0,0,2,1,2,2,0,3,4,3,0,1,0,0,0,0,0,0,0,7,1,1,0,0,0,0,2,2,1,1,KRBKRNvK,LOSS,3n4/8/8/4R3/2r5/BK6/8/2k5 b - - 0 1
0,1,0,0,0,0,0,1,-1,1,0,1,1,1,0,0,0,0,0,16,0,0,4,7,2,5,6,4,3,23,24,0,0,0,0,0,0,0,0,7,1,1,0,0,0,0,0,2,0,0,KRBKRNvK,DRAW,8/5k2/n7/4r3/8/6RK/8/2B5 b - - 0 1
0,1,0,0,0,0,0,1,-1,1,0,1,1,1,0,0,0,0,0,16,0,0,7,4,0,2,7,3,4,21,19,0,0,0,0,0,0,0,0,7,1,1,0,1,0,0,2,0,0,0,KRBKRNvK,DRAW,2k5/8/8/8/5R2/6B1/1r6/n3K3 b - - 0 1
1,1,0,0,0,0,0,1,-1,1,0,1,1,1,0,0,0,0,0,16,0,0,3,4,3,6,0,0,5,8,0,1,0,0,0,0,0,0,0,7,1,1,0,0,0,0,3,2,0,0,KRBKRNvK,DRAW,8/n7/B7/8/1r2K3/2R5/8/6k1 w - - 0 1
0,1,0,0,0,0,0,1,-1,1,0,1,1,1,0,0,0,0,0,16,0,0,5,3,0,7,5,3,4,17,18,0,0,0,0,0,0,0,0,7,1,1,0,0,0,0,1,0,2,0,KRBKRNvK,DRAW,7r/8/7k/4n1R1/7B/8/8/3K4 b - - 0 1
0,1,0,0,0,0,0,1,-1,1,0,1,1,1,0,0,0,0,0,16,0,0,3,4,2,1,3,1,2,28,21,0,0,0,0,0,0,0,0,7,1,1,0,0,0,0,2,1,0,1,KRBKRNvK,DRAW,7R/4n3/8/7B/1k6/4K3/8/5r2 b - - 0 1
0,1,0,0,0,0,0,1,-1,1,0,1,1,1,0,0,0,0,0,16,0,0,2,3,4,5,6,0,3,27,22,0,0,0,0,0,0,0,0,7,1,1,0,0,0,0,3,2,0,2,KRBKRNvK,DRAW,8/5k2/2r5/3K4/8/R4n2/1B6/8 b - - 0 1
0,1,0,0,0,0,0,1,-1,1,0,1,1,1,0,0,0,0,0,16,0,0,7,2,0,2,7,4,4,22,24,0,0,0,0,0,0,0,0,7,1,1,1,0,0,0,2,2,1,0,KRBKRNvK,DRAW,2k5/R7/8/6r1/1n6/8/8/B1K5 b - - 0 1
1,1,0,0,0,0,0,1,-1,1,0,1,1,1,0,0,0,0,0,16,0,0,6,2,7,6,1,4,4,4,0,1,0,0,0,0,0,0,0,7,1,1,0,0,0,0,3,2,1,0,KRBKRNvK,LOSS,2K5/8/8/2r4n/5R2/8/6k1/B7 w - - 0 1
0,1,0,0,0,0,0,1,-1,1,0,1,1,1,0,0,0,0,0,16,0,0,4,0,3,4,1,3,2,6,0,1,0,0,0,0,0,0,0,7,1,1,0,0,0,0,1,3,1,0,KRBKRNvK,DRAW,8/8/3n2B1/3r4/K7/8/2R1k3/8 b - - 0 1
1,1,0,0,0,0,0,1,-1,1,0,1,1,1,0,0,0,0,0,16,0,0,3,5,3,7,0,1,6,22,14,0,0,0,0,0,0,0,0,7,1,1,0,0,0,0,3,0,0,0,KRBKRNvK,WIN,8/5r2/5B2/n7/5K2/8/4R3/7k w - - 0 1
1,1,0,0,0,0,0,1,-1,1,0,1,1,1,0,0,0,0,0,16,0,0,4,3,5,7,4,1,3,33,14,0,0,0,0,0,0,0,0,7,1,1,0,0,0,0,3,0,0,0,KRBKRNvK,DRAW,8/8/3K3n/7k/8/r1B5/8/6R1 w - - 0 1
1,1,0,0,0,0,0,1,-1,1,0,1,1,1,0,0,0,0,0,16,0,0,3,0,6,1,3,5,2,5,0,1,0,0,0,0,0,0,0,7,1,1,0,0,0,0,1,3,1,0,KRBKRNvK,DRAW,8/K2r4/8/3B4/1k6/5nR1/8/8 w - - 0 1
1,1,0,0,0,0,0,1,-1,1,0,1,1,1,0,0,0,0,0,16,0,0,5,5,6,0,6,3,5,6,0,1,0,0,0,0,0,0,0,7,1,1,0,0,0,0,0,0,1,1,KRBKRNvK,DRAW,8/k4K1r/2R5/8/8/n6B/8/8 w - - 0 1
0,1,0,0,0,0,0,1,-1,1,0,1,1,1,0,0,0,0,0,16,0,0,4,6,1,2,1,4,3,5,0,1,0,0,0,0,0,0,0,7,1,1,0,0,0,0,3,2,0,1,KRBKRNvK,DRAW,8/5n2/6B1/1R6/8/8/2k3K1/4r3 b - - 0 1
1,1,0,0,0,0,0,1,-1,1,0,1,1,1,0,0,0,0,0,16,0,0,6,6,0,5,6,5,3,28,20,0,0,0,0,0,0,0,0,7,1,1,0,0,0,0,3,2,1,0,KRBKRNvK,DRAW,8/1B3k2/3R4/1r6/1n6/8/8/6K1 w - - 0 1
1,1,0,0,0,0,0,1,-1,1,0,1,1,1,0,0,0,0,0,16,0,0,4,2,0,6,0,4,5,22,19,0,0,0,0,0,0,0,0,7,1,1,0,0,0,0,2,0,0,1,KRBKRNvK,DRAW,8/8/2B2r2/8/8/n7/8/1RK3k1 w - - 0 1
0,1,0,0,0,0,0,1,-1,1,0,1,1,1,0,0,0,0,0,16,0,0,5,2,0,7,1,4,5,22,28,0,0,0,0,0,0,0,0,7,1,1,0,0,0,0,1,2,0,0,KRBKRNvK,DRAW,6R1/8/8/4r3/1n1B4/8/7k/2K5 b - - 0 1
0,1,0,0,0,0,0,1,-1,1,0,1,1,1,0,0,0,0,0,16,0,0,5,5,2,3,7,2,3,4,0,1,0,0,0,0,0,0,0,7,1,1,0,0,0,0,2,2,1,0,KRBKRNvK,DRAW,3k4/4B3/8/2n5/1r6/4RK2/8/8 b - - 0 1
0,1,0,0,0,0,0,1,-1,1,0,1,1,1,0,0,0,0,0,16,0,0,5,7,1,2,4,5,1,19,26,0,0,0,0,0,0,0,0,7,1,1,0,0,0,0,2,3,1,0,KRBKRNvK,DRAW,8/8/n7/2kr4/8/4R3/4B2K/8 b - - 0 1
1,1,0,0,0,0,0,1,-1,1,0,1,1,1,0,0,0,0,0,16,0,0,2,5,5,3,6,2,2,4,0,1,0,0,0,0,0,0,0,7,1,1,0,0,0,0,2,0,1,1,KRBKRNvK,DRAW,8/3k4/5K2/2Bn4/8/5r2/7R/8 w - - 0 1
1,1,0,0,0,0,0,1,-1,1,0,1,1,1,0,0,0,0,0,16,0,0,7,4,7,6,0,3,5,5,0,1,0,0,0,0,0,0,0,7,1,1,0,0,0,0,2,2,0,1,KRBKRNvK,DRAW,4K3/2n5/8/7r/1R6/B7/8/6k1 w - - 0 1
0,1,0,0,0,0,0,1,-1,1,0,1,1,1,0,0,0,0,0,16,0,0,3,2,1,5,1,3,3,5,0,1,0,0,0,0,0,0,0,7,1,1,0,0,0,0,0,1,1,0,KRBKRNvK,DRAW,8/8/8/2n5/7B/8/2K2k2/2R3r1 b - - 0 1
1,1,0,0,0,0,0,1,-1,1,0,1,1,1,0,0,0,0,0,16,0,0,4,3,2,0,6,1,5,5,0,1,0,0,0,0,0,0,0,7,1,1,0,0,0,0,2,0,0,1,KRBKRNvK,DRAW,8/k7/8/4n3/6B1/3K2r1/8/2R5 w - - 0 1
1,1,0,0,0,0,0,1,-1,1,0,1,1,1,0,0,0,0,0,16,0,0,6,6,1,0,1,4,5,4,0,1,0,0,0,0,0,0,0,7,1,1,0,0,0,0,1,2,0,1,KRBKRNvK,DRAW,8/8/2R5/6r1/4B3/8/k5K1/6n1 w - - 0 1
1,1,0,0,0,0,0,1,-1,1,0,1,1,1,0,0,0,0,0,16,0,0,3,4,4,1,1,0,4,25,18,0,0,0,0,0,0,0,0,7,1,1,0,1,0,0,4,0,0,0,KRBKRNvK,DRAW,8/8/8/4K1R1/8/7n/rk3B2/8 w - - 0 1
0,1,0,0,0,0,0,1,-1,1,0,1,1,1,0,0,0,0,0,16,0,0,2,7,4,7,6,3,5,18,20,0,0,0,0,0,0,0,0,7,1,1,0,0,0,0,2,1,1,0,KRBKRNvK,DRAW,1r6/3B3k/8/1n3R1K/8/8/8/8 b - - 0 1
1,1,0,0,0,0,0,1,-1,1,0,1,1,1,0,0,0,0,0,16,0,0,2,4,1,2,3,2,1,25,21,0,0,0,0,0,0,0,0,7,1,1,0,0,0,0,1,3,2,0,KRBKRNvK,WIN,8/8/1B6/8/2k4r/1n6/R3K3/8 w - - 0 1
1,1,0,0,0,0,0,1,-1,1,0,1,1,1,0,0,0,0,0,16,0,0,6,1,7,4,1,5,2,2,0,1,0,0,0,0,0,0,0,7,1,1,0,0,0,0,2,2,1,0,KRBKRNvK,DRAW,1K2r3/8/1R6/2n5/8/8/4k1B1/8 w - - 0 1
1,1,0,0,0,0,0,1,-1,1,0,1,1,1,0,0,0,0,0,16,0,0,3,1,3,4,2,2,1,24,24,0,0,0,0,0,0,0,0,7,1,1,0,0,0,0,0,3,0,0,KRBKRNvK,DRAW,7R/8/8/B7/1K3n2/4k3/8/5r2 w - - 0 1
0,1,0,0,0,0,0,1,-1,1,0,1,1,1,0,0,0,0,0,16,0,0,5,0,6,1,1,5,4,28,28,0,0,0,0,0,0,0,0,7,1,1,0,0,0,0,3,1,0,0,KRBKRNvK,DRAW,6r1/K7/4R3/8/8/5B2/1k3n2/8 b - - 0 1
1,1,0,0,0,0,0,1,-1,1,0,1,1,1,0,0,0,0,0,16,0,0,2,0,5,2,7,4,4,4,0,1,0,0,0,0,0,0,0,7,1,1,1,0,0,0,0,1,1,1,KRBKRNvK,DRAW,2k5/1R6/K1r5/8/8/8/4n3/5B2 w - - 0 1
1,1,0,0,0,0,0,1,-1,1,0,1,1,1,0,0,0,0,0,16,0,0,6,6,6,4,0,4,3,29,17,0,0,0,0,0,0,0,0,7,1,1,0,0,0,0,1,2,0,0,KRBKRNvK,DRAW,3n4/6K1/6B1/8/8/R7/8/3rk3 w - - 0 1
1,1,0,0,0,0,0,1,-1,1,0,1,1,1,0,0,0,0,0,16,0,0,3,2,5,0,2,2,4,22,21,0,0,0,0,0,0,0,0,7,1,1,0,0,0,0,3,1,0,0,KRBKRNvK,DRAW,8/8/2KR4/5n2/8/k7/7B/7r w - - 0 1
0,1,0,0,0,0,0,1,-1,1,0,1,1,1,0,0,0,0,0,16,0,0,3,6,5,3,3,3,0,4,0,1,0,0,0,0,0,0,0,7,1,1,0,0,0,0,3,3,1,1,KRBKRNvK,LOSS,8/8/6K1/4B1n1/3k4/6r1/8/4R3 b - - 0 1
0,1,0,0,0,0,0,1,-1,1,0,1,1,1,0,0,0,0,0,16,0,0,2,0,4,2,2,3,2,5,0,1,0,0,0,0,0,0,0,7,1,1,0,1,0,0,3,2,0,0,KRBKRNvK,DRAW,4R3/6B1/8/K7/8/2k5/3r2n1/8 b - - 0 1
1,1,0,0,0,0,0,1,-1,1,0,1,1,1,0,0,0,0,0,16,0,0,4,6,3,6,7,2,5,26,20,0,0,0,0,0,0,0,0,7,1,1,1,0,0,0,0,0,0,1,KRBKRNvK,DRAW,3n2k1/2R5/5r2/8/6K1/8/8/4B3 w - - 0 1
0,1,0,0,0,0,0,1,-1,1,0,1,1,1,0,0,0,0,0,16,0,0,6,6,7,0,2,5,4,5,0,1,0,0,0,0,0,0,0,7,1,1,0,0,0,0,1,1,1,0,KRBKRNvK,DRAW,6K1/8/8/8/2n2B2/k1R5/8/1r6 b - - 0 1
0,1,0,0,0,0,0,1,-1,1,0,1,1,1,0,0,0,0,0,16,0,0,2,3,1,5,1,2,3,21,27,0,0,0,0,0,0,0,0,7,1,1,1,0,0,0,3,2,1,0,KRBKRNvK,DRAW,8/4R3/8/1r6/4B3/8/3K1kn1/8 b - - 0 1
1,1,0,0,0,0,0,1,-1,1,0,1,1,1,0,0,0,0,0,16,0,0,7,0,7,2,0,6,4,23,18,0,0,0,0,0,0,0,0,7,1,1,1,0,0,0,1,2,0,0,KRBKRNvK,DRAW,K7/6RB/8/8/n7/8/8/2k1r3 w - - 0 1
0,1,0,0,0,0,0,1,-1,1,0,1,1,1,0,0,0,0,0,16,0,0,4,2,2,6,2,2,3,25,25,0,0,0,0,0,0,0,0,7,1,1,0,1,0,0,2,1,0,0,KRBKRNvK,DRAW,8/8/B2R4/8/6n1/2K3k1/7r/8 b - - 0 1
0,1,0,0,0,0,0,1,-1,1,0,1,1,1,0,0,0,0,0,16,0,0,2,3,0,2,2,3,2,23,17,0,0,0,0,0,0,0,0,7,1,1,1,0,0,0,0,4,0,1,KRBKRNvK,DRAW,8/5R2/B4n2/8/8/2k1r3/8/3K4 b - - 0 1
1,1,0,0,0,0,0,1,-1,1,0,1,1,1,0,0,0,0,0,16,0,0,5,1,5,6,5,3,3,28,22,0,0,0,0,0,0,0,0,7,1,1,0,0,0,0,2,2,0,0,KRBKRNvK,DRAW,4r3/8/1K4k1/2R5/8/7B/8/4n3 w - - 0 1
1,1,0,0,0,0,0,1,-1,1,0,1,1,1,0,0,0,0,0,16,0,0,5,6,6,7,1,4,5,27,22,0,0,0,0,0,0,0,0,7,1,1,0,1,0,0,2,0,0,0,KRBKRNvK,DRAW,3n4/6K1/8/R6B/8/8/2r4k/8 w - - 0 1
1,1,0,0,0,0,0,1,-1,1,0,1,1,1,0,0,0,0,0,16,0,0,2,2,3,4,4,1,0,20,17,0,0,0,0,0,0,0,0,7,1,1,0,0,0,0,2,4,0,1,KRBKRNvK,DRAW,8/8/8/3rk3/2K5/8/R2B4/1n6 w - - 0 1
1,1,0,0,0,0,0,1,-1,1,0,1,1,1,0,0,0,0,0,16,0,0,4,3,5,7,5,1,4,29,22,0,0,0,0,0,0,0,0,7,1,1,0,0,0,0,3,2,1,1,KRBKRNvK,DRAW,8/7B/3K3k/8/1r6/7n/R7/8 w - - 0 1
1,1,0,0,0,0,0,1,-1,1,0,1,1,1,0,0,0,0,0,16,0,0,4,4,5,4,1,1,2,28,25,0,0,0,0,0,0,0,0,7,1,1,1,0,0,0,3,3,0,0,KRBKRNvK,DRAW,8/7R/1B2K3/1r6/8/5n2/4k3/8 w - - 0 1
0,1,0,0,0,0,0,1,-1,1,0,1,1,1,0,0,0,0,0,16,0,0,2,0,1,0,3,5,3,15,29,0,0,0,0,0,0,0,0,7,1,1,0,0,0,0,2,2,0,0,KRBKRNvK,DRAW,8/8/8/7R/k2B4/8/K7/3nr3 b - - 0 1
0,1,0,0,0,0,0,1,-1,1,0,1,1,1,0,0,0,0,0,16,0,0,3,5,3,4,0,1,3,4,0,1,0,0,0,0,0,0,0,7,1,1,0,1,0,0,2,0,1,2,KRBKRNvK,DRAW,8/8/4R3/8/5K1n/8/6r1/2B1k3 b - - 0 1
1,1,0,0,0,0,0,1,-1,1,0,1,1,1,0,0,0,0,0,16,0,0,4,1,6,5,4,4,1,22,23,0,0,0,0,0,0,0,0,7,1,1,1,0,0,0,1,4,0,1,KRBKRNvK,DRAW,3r3n/BKR5/8/5k2/8/8/8/8 w - - 0 1
1,1,0,0,0,0,0,1,-1,1,0,1,1,1,0,0,0,0,0,16,0,0,6,0,1,0,7,5,6,6,0,1,0,0,0,0,0,0,0,7,1,1,0,1,0,0,0,1,0,0,KRBKRNvK,DRAW,k7/5n2/8/8/8/8/K4r2/2B4R w - - 0 1
0,1,0,0,0,0,0,1,-1,1,0,1,1,1,0,0,0,0,0,16,0,0,6,6,4,0,2,2,4,4,0,1,0,0,0,0,0,0,0,7,1,1,0,0,0,0,2,1,0,0,KRBKRNvK,DRAW,5B2/8/8/6K1/8/kr1n4/4R3/8 b - - 0 1
0,1,0,0,0,0,0,1,-1,1,0,1,1,1,0,0,0,0,0,16,0,0,3,6,4,5,7,2,4,3,0,1,0,0,0,0,0,0,0,7,1,1,0,0,0,0,1,0,0,1,KRBKRNvK,DRAW,5k2/1n6/7r/2B3K1/8/8/8/5R2 b - - 0 1
0,1,0,0,0,0,0,1,-1,1,0,1,1,1,0,0,0,0,0,16,0,0,6,5,1,0,7,3,6,21,21,0,0,0,0,0,0,0,0,7,1,1,0,0,0,0,0,1,0,0,KRBKRNvK,DRAW,k2B4/8/5R2/2n5/8/8/5K2/2r5 b - - 0 1
1,1,0,0,0,0,0,1,-1,1,0,1,1,1,0,0,0,0,0,16,0,0,4,7,0,4,4,6,0,2,0,1,0,0,0,0,0,0,0,7,1,1,0,0,0,0,0,4,1,1,KRBKRNvK,DRAW,8/8/8/4k1B1/8/6nR/8/4r2K w - - 0 1
1,1,0,0,0,0,0,1,-1,1,0,1,1,1,0,0,0,0,0,16,0,0,2,2,1,4,3,3,0,28,24,0,0,0,0,0,0,0,0,7,1,1,1,0,0,0,0,3,0,0,KRBKRNvK,DRAW,3r4/5R2/6n1/1B6/4k3/8/2K5/8 w - - 0 1
0,1,0,0,0,0,0,1,-1,1,0,1,1,1,0,0,0,0,0,16,0,0,6,6,3,0,0,2,6,17,27,0,0,0,0,0,0,0,0,7,1,1,0,0,0,0,2,2,0,1,KRBKRNvK,DRAW,8/n7/8/7r/6K1/3B4/4R3/k7 b - - 0 1
0,1,0,0,0,0,0,1,-1,1,0,1,1,1,0,0,0,0,0,16,0,0,2,0,4,0,2,3,4,20,21,0,0,0,0,0,0,0,0,7,1,1,0,1,0,0,0,2,0,0,KRBKRNvK,DRAW,8/8/8/K7/6B1/k7/3r4/5n1R b - - 0 1
0,1,0,0,0,0,0,1,-1,1,0,1,1,1,0,0,0,0,0,16,0,0,4,2,5,6,4,2,2,7,0,1,0,0,0,0,0,0,0,7,1,1,0,0,0,0,1,2,0,1,KRBKRNvK,LOSS,6R1/1B1r4/2K5/6k1/8/8/7n/8 b - - 0 1
1,1,0,0,0,0,0,1,-1,1,0,1,1,1,0,0,0,0,0,16,0,0,3,1,3,2,0,2,4,7,0,1,0,0,0,0,0,0,0,7,1,1,0,0,0,0,2,2,0,0,KRBKRNvK,DRAW,4n2B/8/8/8/RK5r/8/8/2k5 w - - 0 1
1,1,0,0,0,0,0,1,-1,1,0,1,1,1,0,0,0,0,0,16,0,0,5,6,0,1,4,5,2,3,0,1,0,0,0,0,0,0,0,7,1,1,0,0,0,0,3,0,0,0,KRBKRNvK,DRAW,B1n5/8/8/1k6/6R1/8/8/1r4K1 w - - 0 1
0,1,0,0,0,0,0,1,-1,1,0,1,1,1,0,0,0,0,0,16,0,0,6,1,7,7,6,5,5,4,0,1,0,0,0,0,0,0,0,7,1,1,0,0,0,0,0,3,2,0,KRBKRNvK,DRAW,1K3RB1/7k/4n3/7r/8/8/8/8 b - - 0 1
0,1,0,0,0,0,0,1,-1,1,0,1,1,1,0,0,0,0,0,16,0,0,4,5,5,1,1,2,4,26,26,0,0,0,0,0,0,0,0,7,1,1,0,0,0,0,2,3,0,2,KRBKRNvK,DRAW,8/8/1B2nK2/8/3r4/6R1/1k6/8 b - - 0 1
0,1,0,0,0,0,0,1,-1,1,0,1,1,1,0,0,0,0,0,16,0,0,5,5,6,0,4,3,3,21,23,0,0,0,0,0,0,0,0,7,1,1,0,0,0,0,0,2,0,0,KRBKRNvK,DRAW,8/5K2/7B/k1r5/8/8/7n/7R b - - 0 1
0,1,0,0,0,0,0,1,-1,1,0,1,1,1,0,0,0,0,0,16,0,0,2,7,5,6,7,4,5,2,0,1,0,0,0,0,0,0,0,7,1,1,0,0,0,0,1,0,0,0,KRBKRNvK,LOSS,4n1k1/1r6/7K/3B4/8/8/8/5R2 b - - 0 1
1,1,0,0,0,0,0,1,-1,1,0,1,1,1,0,0,0,0,0,16,0,0,7,7,0,1,7,6,5,22,21,0,0,0,0,0,0,0,0,7,1,1,0,0,0,0,2,2,1,0,KRBKRNvK,DRAW,1k6/1n2B3/3R4/8/4r3/8/8/7K w - - 0 1
0,1,0,0,0,0,0,1,-1,1,0,1,1,1,0,0,0,0,0,16,0,0,3,4,1,7,1,2,5,6,0,1,0,0,0,0,0,0,0,7,1,1,1,0,0,0,0,1,0,0,KRBKRNvK,DRAW,8/7R/8/5n2/8/1r6/B3K2k/8 b - - 0 1
0,1,0,0,0,0,0,1,-1,1,0,1,1,1,0,0,0,0,0,16,0,0,4,2,2,5,6,2,3,25,22,0,0,0,0,0,0,0,0,7,1,1,0,1,0,0,2,1,2,1,KRBKRNvK,DRAW,8/5k2/3B3R/2n5/8/2K5/6r1/8 b - - 0 1
1,1,0,0,0,0,0,1,-1,1,0,1,1,1,0,0,0,0,0,16,0,0,5,6,0,4,5,5,1,24,28,0,0,0,0,0,0,0,0,7,1,1,0,0,0,0,0,3,0,0,KRBKRNvK,DRAW,3r4/8/4k3/8/6n1/1R6/8/4B1K1 w - - 0 1
1,1,0,0,0,0,0,1,-1,1,0,1,1,1,0,0,0,0,0,16,0,0,3,3,6,0,6,2,5,25,22,0,0,0,0,0,0,0,0,7,1,1,0,0,0,0,2,1,0,0,KRBKRNvK,DRAW,8/k2K4/8/6R1/3n4/3r4/8/2B5 w - - 0 1
0,1,0,0,0,0,0,1,-1,1,0,1,1,1,0,0,0,0,0,16,0,0,4,1,0,5,2,5,2,19,23,0,0,0,0,0,0,0,0,7,1,1,0,0,0,0,2,2,1,1,KRBKRNvK,DRAW,8/8/8/8/5r2/5k2/Bn1R4/1K6 b - - 0 1
0,1,0,0,0,0,0,1,-1,1,0,1,1,1,0,0,0,0,0,16,0,0,5,2,0,6,5,4,3,6,0,1,0,0,0,0,0,0,0,7,1,1,0,0,0,0,1,0,1,0,KRBKRNvK,DRAW,8/n7/1r4k1/5B2/8/8/8/2K2R2 b - - 0 1
0,1,0,0,0,0,0,1,-1,1,0,1,1,1,0,0,0,0,0,16,0,0,4,5,2,1,1,2,4,23,26,0,0,0,0,0,0,0,0,7,1,1,0,0,0,0,2,2,0,0,KRBKRNvK,DRAW,4R1n1/8/4B3/r7/8/5K2/1k6/8 b - - 0 1
0,1,0,0,0,0,0,1,-1,1,0,1,1,1,0,0,0,0,0,16,0,0,5,0,4,5,1,3,3,25,24,0,0,0,0,0,0,0,0,7,1,1,0,0,0,0,2,3,1,1,KRBKRNvK,DRAW,8/8/8/Kn1R4/8/4r3/5k2/3B4 b - - 0 1
1,1,0,0,0,0,0,1,-1,1,0,1,1,1,0,0,0,0,0,16,0,0,6,5,0,6,6,4,4,23,21,0,0,0,0,0,0,0,0,7,1,1,0,1,0,0,1,0,1,0,KRBKRNvK,DRAW,4n1B1/6k1/8/8/8/7R/1r6/5K2 w - - 0 1
1,1,0,0,0,0,0,1,-1,1,0,1,1,1,0,0,0,0,0,16,0,0,6,6,4,0,5,2,4,20,15,0,0,0,0,0,0,0,0,7,1,1,1,0,0,0,3,0,0,0,KRBKRNvK,DRAW,6r1/4R1B1/k7/6K1/8/n7/8/8 w - - 0 1
0,1,0,0,0,0,0,1,-1,1,0,1,1,1,0,0,0,0,0,16,0,0,2,6,3,7,5,2,4,17,19,0,0,0,0,0,0,0,0,7,1,1,0,0,0,0,2,0,0,0,KRBKRNvK,DRAW,5r2/7n/7k/8/6K1/8/RB6/8 b - - 0 1
0,1,0,0,0,0,0,1,-1,1,0,1,1,1,0,0,0,0,0,16,0,0,2,5,4,3,3,1,0,3,0,1,0,0,0,0,0,0,0,7,1,1,0,0,0,0,3,3,1,1,KRBKRNvK,DRAW,8/8/8/r3BKn1/3k4/8/8/3R4 b - - 0 1
0,1,0,0,0,0,0,1,-1,1,0,1,1,1,0,0,0,0,0,16,0,0,5,2,0,3,5,4,1,30,17,0,0,0,0,0,0,0,0,7,1,1,0,0,0,0,0,4,0,1,KRBKRNvK,DRAW,8/8/3k4/7B/1r6/2n4R/8/2K5 b - - 0 1
0,1,0,0,0,0,0,1,-1,1,0,1,1,1,0,0,0,0,0,16,0,0,4,6,4,4,0,2,3,22,19,0,0,0,0,0,0,0,0,7,1,1,0,1,0,0,1,0,0,0,KRBKRNvK,DRAW,8/8/6BR/n5K1/8/8/5r2/4k3 b - - 0 1
1,1,0,0,0,0,0,1,-1,1,0,1,1,1,0,0,0,0,0,16,0,0,2,6,1,4,0,4,3,27,15,0,0,0,0,0,0,0,0,7,1,1,0,0,0,0,2,0,1,0,KRBKRNvK,DRAW,8/8/8/8/7R/n7/6K1/1r1Bk3 w - - 0 1
0,1,0,0,0,0,0,1,-1,1,0,1,1,1,0,0,0,0,0,16,0,0,6,6,6,0,0,4,6,22,25,0,0,0,0,0,0,0,0,7,1,1,0,0,0,0,2,1,0,0,KRBKRNvK,DRAW,2B5/6K1/8/4R3/8/8/4n3/k6r b - - 0 1
0,1,0,0,0,0,0,1,-1,1,0,1,1,1,0,0,0,0,0,16,0,0,7,2,0,3,7,4,3,4,0,1,0,0,0,0,0,0,0,7,1,1,0,1,0,0,3,0,0,1,KRBKRNvK,DRAW,3k4/7B/8/8/8/n2R4/6r1/2K5 b - - 0 1
0,1,0,0,0,0,0,1,-1,1,0,1,1,1,0,0,0,0,0,16,0,0,2,5,7,5,5,4,2,3,0,1,0,0,0,0,0,0,0,7,1,1,0,0,0,0,1,3,1,0,KRBKRNvK,DRAW,5K2/8/5k1R/8/3r4/8/B7/6n1 b - - 0 1
1,1,0,0,0,0,0,1,-1,1,0,1,1,1,0,0,0,0,0,16,0,0,3,5,6,3,3,3,0,30,26,0,0,0,0,0,0,0,0,7,1,1,0,0,0,0,1,3,2,0,KRBKRNvK,DRAW,8/5K2/2r5/5B2/3k4/6n1/1R6/8 w - - 0 1
0,1,0,0,0,0,0,1,-1,1,0,1,1,1,0,0,0,0,0,16,0,0,3,6,4,6,1,2,4,25,23,0,0,0,0,0,0,0,0,7,1,1,0,0,0,0,3,1,1,1,KRBKRNvK,DRAW,6B1/8/7r/6K1/5R2/1n6/6k1/8 b - - 0 1
1,1,0,0,0,0,0,1,-1,1,0,1,1,1,0,0,0,0,0,16,0,0,4,1,1,5,5,4,2,27,27,0,0,0,0,0,0,0,0,7,1,1,0,0,0,0,2,2,0,0,KRBKRNvK,DRAW,r7/4n3/5k2/8/8/8/1K2B3/3R4 w - - 0 1
0,1,0,0,0,0,0,1,-1,1,0,1,1,1,0,0,0,0,0,16,0,0,3,2,6,2,3,3,1,7,0,1,0,0,0,0,0,0,0,7,1,1,0,0,0,0,3,2,0,0,KRBKRNvK,DRAW,4RnB1/2K5/8/8/2k5/8/8/7r b - - 0 1
0,1,0,0,0,0,0,1,-1,1,0,1,1,1,0,0,0,0,0,16,0,0,2,7,2,6,4,4,2,24,19,0,0,0,0,0,0,0,0,7,1,1,0,0,0,0,2,0,1,0,KRBKRNvK,DRAW,8/5r2/8/6k1/8/n3R2K/8/2B5 b - - 0 1
1,1,0,0,0,0,0,1,-1,1,0,1,1,1,0,0,0,0,0,16,0,0,3,5,0,3,3,4,0,27,16,0,0,0,0,0,0,0,0,7,1,1,0,0,0,0,2,4,1,1,KRBKRNvK,DRAW,8/5B2/8/4R3/3k4/3r4/2n5/5K2 w - - 0 1
1,1,0,0,0,0,0,1,-1,1,0,1,1,1,0,0,0,0,0,16,0,0,3,7,1,4,0,5,3,6,0,1,0,0,0,0,0,0,0,7,1,1,1,1,0,0,1,0,0,0,KRBKRNvK,DRAW,2n5/6R1/8/3B4/8/8/1r5K/4k3 w - - 0 1
0,1,0,0,0,0,0,1,-1,1,0,1,1,1,0,0,0,0,0,16,0,0,2,3,2,1,0,1,5,3,0,1,0,0,0,0,0,0,0,7,1,1,0,0,0,0,4,0,0,0,KRBKRNvK,DRAW,8/5r2/3B4/1R6/8/3K4/6n1/1k6 b - - 0 1
1,1,0,0,0,0,0,1,-1,1,0,1,1,1,0,0,0,0,0,16,0,0,2,4,2,4,0,1,3,20,23,0,0,0,0,0,0,0,0,7,1,1,0,0,0,0,2,3,0,1,KRBKRNvK,WIN,8/B7/5n2/8/6r1/4K3/1R6/4k3 w - - 0 1
1,1,0,0,0,0,0,1,-1,1,0,1,1,1,0,0,0,0,0,16,0,0,2,4,3,6,1,0,4,24,19,0,0,0,0,0,0,0,0,7,1,1,0,0,0,0,3,0,1,0,KRBKRNvK,DRAW,1n5r/8/8/8/4K3/8/6k1/3B1R2 w - - 0 1
0,1,0,0,0,0,0,1,-1,1,0,1,1,1,0,0,0,0,0,16,0,0,2,2,5,3,3,2,0,3,0,1,0,0,0,0,0,0,0,7,1,1,1,0,0,0,2,3,0,0,KRBKRNvK,DRAW,8/3R4/2K5/8/3k4/8/8/B1n3r1 b - - 0 1
1,1,0,0,0,0,0,1,-1,1,0,1,1,1,0,0,0,0,0,16,0,0,2,2,5,1,7,2,5,4,0,1,0,0,0,0,0,0,0,7,1,1,1,0,0,0,3,1,0,1,KRBKRNvK,DRAW,1k6/4Rn2/r1K5/8/8/7B/8/8 w - - 0 1
1,1,0,0,0,0,0,1,-1,1,0,1,1,1,0,0,0,0,0,16,0,0,4,7,5,3,2,4,1,19,25,0,0,0,0,0,0,0,0,7,1,1,1,0,0,0,1,4,0,2,KRBKRNvK,DRAW,8/R1B5/7K/5r1n/8/3k4/8/8 w - - 0 1
0,1,0,0,0,0,0,1,-1,1,0,1,1,1,0,0,0,0,0,16,0,0,2,0,3,1,1,3,4,24,26,0,0,0,0,0,0,0,0,7,1,1,1,0,0,0,1,3,0,0,KRBKRNvK,DRAW,8/7R/3r4/5B2/K5n1/8/1k6/8 b - - 0 1
0,1,0,0,0,0,0,1,-1,1,0,1,1,1,0,0,0,0,0,16,0,0,6,3,1,7,7,2,6,20,18,0,0,0,0,0,0,0,0,7,1,1,0,0,0,0,0,1,1,1,KRBKRNvK,DRAW,1R4Bk/5n2/8/8/8/8/3K4/2r5 b - - 0 1
1,1,0,0,0,0,0,1,-1,1,0,1,1,1,0,0,0,0,0,16,0,0,4,5,0,1,2,4,3,22,22,0,0,0,0,0,0,0,0,7,1,1,1,1,0,0,3,0,0,1,KRBKRNvK,DRAW,n7/3R3B/8/8/8/1k6/7r/5K2 w - - 0 1
0,1,0,0,0,0,0,1,-1,1,0,1,1,1,0,0,0,0,0,16,0,0,2,1,7,3,6,5,2,17,19,0,0,0,0,0,0,0,0,7,1,1,0,0,0,0,1,0,0,2,KRBKRNvK,WIN,1K1n3R/2rk4/8/8/8/8/8/1B6 b - - 0 1
0,1,0,0,0,0,0,1,-1,1,0,1,1,1,0,0,0,0,0,16,0,0,7,1,0,0,7,5,6,23,24,0,0,0,0,0,0,0,0,7,1,1,0,0,0,0,0,1,1,0,KRBKRNvK,DRAW,k7/5r2/2R5/8/8/6n1/8/1KB5 b - - 0 1
1,1,0,0,0,0,0,1,-1,1,0,1,1,1,0,0,0,0,0,16,0,0,4,6,7,2,6,5,3,27,26,0,0,0,0,0,0,0,0,7,1,1,0,1,0,0,2,1,1,0,KRBKRNvK,DRAW,6K1/2kB4/8/8/R7/3n4/2r5/8 w - - 0 1
0,1,0,0,0,0,0,1,-1,1,0,1,1,1,0,0,0,0,0,16,0,0,3,0,3,3,0,3,3,19,24,0,0,0,0,0,0,0,0,7,1,1,0,0,0,0,1,2,0,0,KRBKRNvK,DRAW,8/8/R7/3r4/K4B2/8/8/3k2n1 b - - 0 1
0,1,0,0,0,0,0,1,-1,1,0,1,1,1,0,0,0,0,0,16,0,0,4,7,6,3,5,5,1,25,25,0,0,0,0,0,0,0,0,7,1,1,0,1,0,0,0,2,0,0,KRBKRNvK,DRAW,8/7K/3k4/4n3/7B/8/r7/2R5 b - - 0 1
1,1,0,0,0,0,0,1,-1,1,0,1,1,1,0,0,0,0,0,16,0,0,5,1,6,6,7,4,5,28,23,0,0,0,0,0,0,0,0,7,1,1,0,0,0,0,2,1,0,0,KRBKRNvK,DRAW,6k1/1K3n2/8/4R3/1B6/8/8/r7 w - - 0 1
0,1,0,0,0,0,0,1,-1,1,0,1,1,1,0,0,0,0,0,16,0,0,3,5,7,2,7,4,4,21,26,0,0,0,0,0,0,0,0,7,1,1,0,0,0,0,1,2,0,0,KRBKRNvK,DRAW,2k2K2/8/8/8/4r3/n5B1/8/7R b - - 0 1
0,1,0,0,0,0,0,1,-1,1,0,1,1,1,0,0,0,0,0,16,0,0,3,0,1,3,3,5,0,26,26,0,0,0,0,0,0,0,0,7,1,1,0,0,0,0,0,3,1,1,KRBKRNvK,DRAW,8/8/8/3n2B1/3k4/5R2/K7/2r5 b - - 0 1
1,1,0,0,0,0,0,1,-1,1,0,1,1,1,0,0,0,0,0,16,0,0,2,3,1,5,2,2,2,29,15,0,0,0,0,0,0,0,0,7,1,1,0,0,0,0,3,1,1,0,KRBKRNvK,DRAW,n7/5r2/8/8/1R6/5kB1/3K4/8 w - - 0 1
1,1,0,0,0,0,0,1,-1,1,0,1,1,1,0,0,0,0,0,16,0,0,3,6,5,3,7,3,3,29,20,0,0,0,0,0,0,0,0,7,1,1,0,0,0,0,0,2,0,0,KRBKRNvK,DRAW,2nk4/8/6K1/8/8/8/R7/2B1r3 w - - 0 1
0,1,0,0,0,0,0,1,-1,1,0,1,1,1,0,0,0,0,0,16,0,0,4,4,1,4,5,2,1,5,0,1,0,0,0,0,0,0,0,7,1,1,0,0,0,0,2,2,0,0,KRBKRNvK,DRAW,8/5n2/1R2kr2/8/8/8/4K3/7B b - - 0 1
1,1,0,0,0,0,0,1,-1,1,0,1,1,1,0,0,0,0,0,16,0,0,5,1,2,6,1,3,4,5,0,1,0,0,0,0,0,0,0,7,1,1,0,0,0,0,1,3,0,1,KRBKRNvK,DRAW,8/7B/8/1r6/8/RK3n2/6k1/8 w - - 0 1
0,1,0,0,0,0,0,1,-1,1,0,1,1,1,0,0,0,0,0,16,0,0,3,0,2,3,5,4,1,25,22,0,0,0,0,0,0,0,0,7,1,1,0,1,0,0,0,3,1,0,KRBKRNvK,DRAW,3B4/8/3k4/8/3n4/K1R5/4r3/8 b - - 0 1
0,1,0,0,0,0,0,1,-1,1,0,1,1,1,0,0,0,0,0,16,0,0,2,2,1,0,0,3,6,2,0,1,0,0,0,0,0,0,0,7,1,1,0,0,0,0,1,0,0,0,KRBKRNvK,DRAW,8/8/3B1r2/7n/8/8/2K5/k6R b - - 0 1
1,1,0,0,0,0,0,1,-1,1,0,1,1,1,0,0,0,0,0,16,0,0,5,1,6,1,1,4,4,29,19,0,0,0,0,0,0,0,0,7,1,1,0,0,0,0,3,1,0,2,KRBKRNvK,DRAW,8/1K6/3R4/rn3B2/8/8/1k6/8 w - - 0 1
0,1,0,0,0,0,0,1,-1,1,0,1,1,1,0,0,0,0,0,16,0,0,4,2,4,6,0,1,5,25,30,0,0,0,0,0,0,0,0,7,1,1,0,1,0,0,2,1,0,0,KRBKRNvK,DRAW,7R/5B2/8/2K5/5n2/8/r7/6k1 b - - 0 1
1,1,0,0,0,0,0,1,-1,1,0,1,1,1,0,0,0,0,0,16,0,0,5,2,1,1,6,3,4,5,0,1,0,0,0,0,0,0,0,7,1,1,0,1,0,0,0,0,0,1,KRBKRNvK,DRAW,7R/1k2B3/8/4n3/8/8/r1K5/8 w - - 0 1
0,1,0,0,0,0,0,1,-1,1,0,1,1,1,0,0,0,0,0,16,0,0,3,7,7,4,5,6,1,20,22,0,0,0,0,0,0,0,0,7,1,1,0,0,0,0,3,3,0,0,KRBKRNvK,DRAW,7K/3n4/4k3/4r3/8/8/1B6/3R4 b - - 0 1
0,1,0,0,0,0,0,1,-1,1,0,1,1,1,0,0,0,0,0,16,0,0,2,3,7,2,5,3,2,22,23,0,0,0,0,0,0,0,0,7,1,1,1,0,0,0,2,2,1,0,KRBKRNvK,DRAW,3K4/4R3/2k5/2n5/8/2r5/3B4/8 b - - 0 1
1,1,0,0,0,0,0,1,-1,1,0,1,1,1,0,0,0,0,0,16,0,0,6,6,6,1,0,4,5,31,16,0,0,0,0,0,0,0,0,7,1,1,0,0,0,0,3,2,1,1,KRBKRNvK,DRAW,8/6K1/8/3Br3/8/8/3R4/1kn5 w - - 0 1
0,1,0,0,0,0,0,1,-1,1,0,1,1,1,0,0,0,0,0,16,0,0,5,1,1,1,6,4,4,21,21,0,0,0,0,0,0,0,0,7,1,1,0,0,0,0,0,0,1,0,KRBKRNvK,DRAW,3B4/1k6/7r/8/8/8/RK6/5n2 b - - 0 1
0,1,0,0,0,0,0,1,-1,1,0,1,1,1,0,0,0,0,0,16,0,0,4,3,2,4,6,1,2,3,0,1,0,0,0,0,0,0,0,7,1,1,0,0,0,0,2,0,1,1,KRBKRNvK,DRAW,5Rn1/4k3/8/8/1B6/3K4/8/2r5 b - - 0 1
1,1,0,0,0,0,0,1,-1,1,0,1,1,1,0,0,0,0,0,16,0,0,2,2,2,0,2,2,4,4,0,1,0,0,0,0,0,0,0,7,1,1,0,0,0,0,1,2,0,2,KRBKRNvK,DRAW,8/8/8/8/n7/k1K1r2B/4R3/8 w - - 0 1
0,1,0,0,0,0,0,1,-1,1,0,1,1,1,0,0,0,0,0,16,0,0,7,4,0,2,7,3,4,21,26,0,0,0,0,0,0,0,0,7,1,1,0,0,0,0,1,0,0,0,KRBKRNvK,DRAW,2k5/5B2/2r5/n7/8/5R2/8/4K3 b - - 0 1
0,1,0,0,0,0,0,1,-1,1,0,1,1,1,0,0,0,0,0,16,0,0,3,3,4,6,3,0,2,25,17,0,0,0,0,0,0,0,0,7,1,1,1,0,0,0,4,1,0,1,KRBKRNvK,DRAW,8/3RB3/2r5/3K4/6k1/8/5n2/8 b - - 0 1
0,1,0,0,0,0,0,1,-1,1,0,1,1,1,0,0,0,0,0,16,0,0,3,4,4,1,2,0,3,3,0,1,0,0,0,0,0,0,0,7,1,1,0,0,0,0,3,1,2,2,KRBKRNvK,DRAW,8/8/8/1RnBK3/8/1kr5/8/8 b - - 0 1
1,1,0,0,0,0,0,1,-1,1,0,1,1,1,0,0,0,0,0,16,0,0,5,0,1,5,0,5,4,4,0,1,0,0,0,0,0,0,0,7,1,1,0,1,0,0,3,0,1,1,KRBKRNvK,DRAW,8/8/8/8/3R4/6B1/K1r5/4nk2 w - - 0 1
0,1,0,0,0,0,0,1,-1,1,0,1,1,1,0,0,0,0,0,16,0,0,2,5,1,3,2,3,1,23,27,0,0,0,0,0,0,0,0,7,1,1,0,0,0,0,3,4,0,0,KRBKRNvK,DRAW,7B/8/4n3/2r5/6R1/3k4/5K2/8 b - - 0 1
0,1,0,0,0,0,0,1,-1,1,0,1,1,1,0,0,0,0,0,16,0,0,3,1,5,4,2,3,1,7,0,1,0,0,0,0,0,0,0,7,1,1,0,1,0,0,1,3,1,0,KRBKRNvK,DRAW,8/8/1K6/8/6n1/1B2k3/1r6/4R3 b - - 0 1
0,1,0,0,0,0,0,1,-1,1,0,1,1,1,0,0,0,0,0,16,0,0,4,4,3,0,3,0,3,18,22,0,0,0,0,0,0,0,0,7,1,1,0,0,0,0,3,2,2,1,KRBKRNvK,DRAW,8/7n/8/5r2/kB2K3/8/1R6/8 b - - 0 1
1,1,0,0,0,0,0,1,-1,1,0,1,1,1,0,0,0,0,0,16,0,0,4,4,3,0,0,0,6,28,23,0,0,0,0,0,0,0,0,7,1,1,0,1,0,0,3,1,0,1,KRBKRNvK,DRAW,8/3n4/3B3R/8/4K3/8/2r5/k7 w - - 0 1
1,1,0,0,0,0,0,1,-1,1,0,1,1,1,0,0,0,0,0,16,0,0,6,7,7,7,1,6,5,23,24,0,0,0,0,0,0,0,0,7,1,1,0,0,0,0,1,2,0,0,KRBKRNvK,DRAW,2R4K/B2n4/8/8/8/8/7k/4r3 w - - 0 1
1,1,0,0,0,0,0,1,-1,1,0,1,1,1,0,0,0,0,0,16,0,0,2,0,5,2,7,4,4,3,0,1,0,0,0,0,0,0,0,7,1,1,0,0,0,0,1,0,0,2,KRBKRNvK,DRAW,1nk5/8/K1r5/3B4/8/5R2/8/8 w - - 0 1
1,1,0,0,0,0,0,1,-1,1,0,1,1,1,0,0,0,0,0,16,0,0,3,0,1,1,4,5,2,26,24,0,0,0,0,0,0,0,0,7,1,1,0,0,0,0,3,3,1,0,KRBKRNvK,DRAW,8/1B6/3r4/1k6/8/8/K2n4/4R3 w - - 0 1
1,1,0,0,0,0,0,1,-1,1,0,1,1,1,0,0,0,0,0,16,0,0,3,7,6,4,6,5,2,4,0,1,0,0,0,0,0,0,0,7,1,1,0,0,0,0,3,0,1,1,KRBKRNvK,DRAW,8/2B1kr1K/8/4n3/6R1/8/8/8 w - - 0 1
1,1,0,0,0,0,0,1,-1,1,0,1,1,1,0,0,0,0,0,16,0,0,5,5,2,6,7,2,5,7,0,1,0,0,0,0,0,0,0,7,1,1,0,0,0,0,3,0,0,0,KRBKRNvK,DRAW,6k1/1B5n/8/2R5/8/1r3K2/8/8 w - - 0 1
0,1,0,0,0,0,0,1,-1,1,0,1,1,1,0,0,0,0,0,16,0,0,3,0,0,2,3,6,1,19,21,0,0,0,0,0,0,0,0,7,1,1,0,0,0,0,2,2,1,0,KRBKRNvK,DRAW,8/8/2B5/8/2k1n2R/3r4/8/K7 b - - 0 1
0,1,0,0,0,0,0,1,-1,1,0,1,1,1,0,0,0,0,0,16,0,0,4,0,3,4,4,3,0,21,25,0,0,0,0,0,0,0,0,7,1,1,0,0,0,0,2,4,1,0,KRBKRNvK,DRAW,8/3n2r1/2B5/4k3/K7/8/8/2R5 b - - 0 1
0,1,0,0,0,0,0,1,-1,1,0,1,1,1,0,0,0,0,0,16,0,0,3,4,7,3,4,3,0,27,20,0,0,0,0,0,0,0,0,7,1,1,0,0,0,0,2,3,0,1,KRBKRNvK,DRAW,4K3/8/4n3/3k4/7r/8/8/1B2R3 b - - 0 1
1,1,0,0,0,0,0,1,-1,1,0,1,1,1,0,0,0,0,0,16,0,0,7,2,7,4,0,4,3,24,19,0,0,0,0,0,0,0,0,7,1,1,0,0,0,0,0,0,2,0,KRBKRNvK,DRAW,2K5/8/6r1/8/8/8/2R5/2B1kn2 w - - 0 1
1,1,0,0,0,0,0,1,-1,1,0,1,1,1,0,0,0,0,0,16,0,0,5,5,7,1,2,4,3,25,27,0,0,0,0,0,0,0,0,7,1,1,0,1,0,0,3,1,0,0,KRBKRNvK,DRAW,5K2/8/1B2R3/6n1/8/1k6/r7/8 w - - 0 1
1,1,0,0,0,0,0,1,-1,1,0,1,1,1,0,0,0,0,0,16,0,0,3,0,3,0,0,3,6,3,0,1,0,0,0,0,0,0,0,7,1,1,0,0,0,0,2,3,0,1,KRBKRNvK,DRAW,8/8/8/8/K5r1/2n5/6BR/k7 w - - 0 1
0,1,0,0,0,0,0,1,-1,1,0,1,1,1,0,0,0,0,0,16,0,0,2,3,4,3,2,0,1,3,0,1,0,0,0,0,0,0,0,7,1,1,0,0,0,0,3,2,1,1,KRBKRNvK,DRAW,8/7B/8/3K4/8/1r1k4/8/3Rn3 b - - 0 1
1,1,0,0,0,0,0,1,-1,1,0,1,1,1,0,0,0,0,0,16,0,0,5,2,0,7,2,4,4,5,0,1,0,0,0,0,0,0,0,7,1,1,0,0,0,0,0,2,0,0,KRBKRNvK,DRAW,8/4B3/2r2n2/8/8/7k/8/R1K5 w - - 0 1
1,1,0,0,0,0,0,1,-1,1,0,1,1,1,0,0,0,0,0,16,0,0,2,4,4,6,3,0,2,28,19,0,0,0,0,0,0,0,0,7,1,1,0,0,0,0,4,0,0,0,KRBKRNvK,DRAW,8/8/8/4K3/3B2k1/7r/7n/2R5 w - - 0 1
0,1,0,0,0,0,0,1,-1,1,0,1,1,1,0,0,0,0,0,16,0,0,6,0,0,6,5,6,3,22,23,0,0,0,0,0,0,0,0,7,1,1,0,0,0,0,2,1,0,0,KRBKRNvK,DRAW,8/2n2r2/6k1/8/R2B4/8/8/K7 b - - 0 1
0,1,0,0,0,0,0,1,-1,1,0,1,1,1,0,0,0,0,0,16,0,0,5,6,7,1,5,5,3,26,26,0,0,0,0,0,0,0,0,7,1,1,0,0,0,0,0,1,1,0,KRBKRNvK,DRAW,6K1/3B4/1k1n4/8/8/5r2/2R5/8 b - - 0 1
0,1,0,0,0,0,0,1,-1,1,0,1,1,1,0,0,0,0,0,16,0,0,5,7,4,2,7,3,4,19,27,0,0,0,0,0,0,0,0,7,1,1,0,0,0,0,0,0,0,0,KRBKRNvK,DRAW,r1k5/8/8/3n3K/8/8/4B3/1R6 b - - 0 1
1,1,0,0,0,0,0,1,-1,1,0,1,1,1,0,0,0,0,0,16,0,0,2,0,3,0,1,3,5,28,18,0,0,0,0,0,0,0,0,7,1,1,0,0,0,0,1,0,1,0,KRBKRNvK,DRAW,8/7n/6r1/2B5/K7/8/k7/1R6 w - - 0 1
0,1,0,0,0,0,0,1,-1,1,0,1,1,1,0,0,0,0,0,16,0,0,5,6,2,1,2,3,3,6,0,1,0,0,0,0,0,0,0,7,1,1,0,0,0,0,1,3,0,1,KRBKRNvK,DRAW,6B1/8/8/8/r7/1k2nRK1/8/8 b - - 0 1
0,1,0,0,0,0,0,1,-1,1,0,1,1,1,0,0,0,0,0,16,0,0,5,2,7,1,2,4,3,5,0,1,0,0,0,0,0,0,0,7,1,1,0,0,0,0,1,2,0,1,KRBKRNvK,DRAW,2K1n3/8/8/1r6/4B3/1k3R2/8/8 b - - 0 1
0,1,0,0,0,0,0,1,-1,1,0,1,1,1,0,0,0,0,0,16,0,0,3,1,0,0,3,5,3,21,20,0,0,0,0,0,0,0,0,7,1,1,0,1,0,0,0,0,0,1,KRBKRNvK,WIN,2B5/8/8/8/k7/8/n4r2/1K4R1 b - - 0 1
0,1,0,0,0,0,0,1,-1,1,0,1,1,1,0,0,0,0,0,16,0,0,2,4,6,6,6,2,4,17,28,0,0,0,0,0,0,0,0,7,1,1,0,0,0,0,1,1,1,1,KRBKRNvK,DRAW,R7/4K1k1/8/1rn2B2/8/8/8/8 b - - 0 1
1,1,0,0,0,0,0,1,-1,1,0,1,1,1,0,0,0,0,0,16,0,0,2,1,6,3,4,4,0,5,0,1,0,0,0,0,0,0,0,7,1,1,0,0,0,0,2,3,1,1,KRBKRNvK,DRAW,4R3/1K4r1/3B4/n2k4/8/8/8/8 w - - 0 1
0,1,0,0,0,0,0,1,-1,1,0,1,1,1,0,0,0,0,0,16,0,0,4,4,0,2,4,3,1,24,30,0,0,0,0,0,0,0,0,7,1,1,0,0,0,0,1,2,1,0,KRBKRNvK,DRAW,5R2/8/4B3/2k4n/8/r7/8/4K3 b - - 0 1
1,1,0,0,0,0,0,1,-1,1,0,1,1,1,0,0,0,0,0,16,0,0,5,5,1,0,5,3,4,4,0,1,0,0,0,0,0,0,0,7,1,1,0,0,0,0,1,1,0,2,KRBKRNvK,DRAW,8/8/k7/8/3B4/3r3n/5K2/6R1 w - - 0 1
1,1,0,0,0,0,0,1,-1,1,0,1,1,1,0,0,0,0,0,16,0,0,5,3,2,0,7,1,6,25,23,0,0,0,0,0,0,0,0,7,1,1,0,1,0,0,2,1,0,1,KRBKRNvK,WIN,k7/8/8/5B2/2R5/1n1K4/6r1/8 w - - 0 1
1,1,0,0,0,0,0,1,-1,1,0,1,1,1,0,0,0,0,0,16,0,0,6,6,7,5,1,5,3,23,24,0,0,0,0,0,0,0,0,7,1,1,0,1,0,0,2,1,0,0,KRBKRNvK,DRAW,6K1/8/3R4/8/5n2/8/B4k1r/8 w - - 0 1
0,1,0,0,0,0,0,1,-1,1,0,1,1,1,0,0,0,0,0,16,0,0,3,7,7,5,4,6,1,22,16,0,0,0,0,0,0,0,0,7,1,1,0,0,0,0,0,3,0,1,KRBKRNvK,DRAW,6RK/6n1/8/3r1k2/8/8/8/4B3 b - - 0 1
0,1,0,0,0,0,0,1,-1,1,0,1,1,1,0,0,0,0,0,16,0,0,4,7,5,3,4,4,0,21,24,0,0,0,0,0,0,0,0,7,1,1,0,1,0,0,1,3,2,0,KRBKRNvK,DRAW,8/8/5R1K/3k4/5B2/8/2r5/1n6 b - - 0 1
0,1,0,0,0,0,0,1,-1,1,0,1,1,1,0,0,0,0,0,16,0,0,2,2,6,3,4,3,0,26,22,0,0,0,0,0,0,0,0,7,1,1,1,1,0,0,0,3,0,0,KRBKRNvK,DRAW,8/2K3R1/7B/3k4/4n3/8/5r2/8 b - - 0 1
0,1,0,0,0,0,0,1,-1,1,0,1,1,1,0,0,0,0,0,16,0,0,4,1,6,2,2,4,2,4,0,1,0,0,0,0,0,0,0,7,1,1,0,0,0,0,0,3,2,1,KRBKRNvK,DRAW,8/1Kn5/8/7r/8/R1k5/8/2B5 b - - 0 1
1,1,0,0,0,0,0,1,-1,1,0,1,1,1,0,0,0,0,0,16,0,0,5,0,7,2,2,6,2,1,0,1,0,0,0,0,0,0,0,7,1,1,0,0,0,0,0,2,0,1,KRBKRNvK,DRAW,K7/5r2/1n6/8/8/2k5/6R1/5B2 w - - 0 1
1,1,0,0,0,0,0,1,-1,1,0,1,1,1,0,0,0,0,0,16,0,0,7,3,7,1,0,3,5,3,0,1,0,0,0,0,0,0,0,7,1,1,0,0,0,0,2,1,0,0,KRBKRNvK,LOSS,R2K2rB/8/8/8/6n1/8/8/1k6 w - - 0 1
0,1,0,0,0,0,0,1,-1,1,0,1,1,1,0,0,0,0,0,16,0,0,4,6,2,2,2,3,2,16,25,0,0,0,0,0,0,0,0,7,1,1,0,0,0,0,3,1,1,0,KRBKRNvK,DRAW,8/8/2r5/8/3R4/2k3K1/8/1n4B1 b - - 0 1
0,1,0,0,0,0,0,1,-1,1,0,1,1,1,0,0,0,0,0,16,0,0,2,6,6,4,7,4,3,17,27,0,0,0,0,0,0,0,0,7,1,1,0,0,0,0,3,2,0,0,KRBKRNvK,DRAW,4k3/6K1/8/8/n3r3/3R4/7B/8 b - - 0 1
0,1,0,0,0,0,0,1,-1,1,0,1,1,1,0,0,0,0,0,16,0,0,4,6,4,2,2,2,2,18,27,0,0,0,0,0,0,0,0,7,1,1,0,0,0,0,2,1,0,0,KRBKRNvK,DRAW,1r6/8/8/5BK1/5R2/2k5/8/1n6 b - - 0 1
0,1,0,0,0,0,0,1,-1,1,0,1,1,1,0,0,0,0,0,16,0,0,4,5,1,1,4,3,2,18,27,0,0,0,0,0,0,0,0,7,1,1,0,0,0,0,1,0,0,0,KRBKRNvK,DRAW,1r4n1/7B/8/1k6/8/7R/5K2/8 b - - 0 1
0,1,0,0,0,0,0,1,-1,1,0,1,1,1,0,0,0,0,0,16,0,0,5,2,4,7,3,1,3,5,0,1,0,0,0,0,0,0,0,7,1,1,0,0,0,0,3,0,0,1,KRBKRNvK,DRAW,7B/r7/7n/2K5/4R2k/8/8/8 b - - 0 1
0,1,0,0,0,0,0,1,-1,1,0,1,1,1,0,0,0,0,0,16,0,0,4,5,3,1,1,1,4,24,28,0,0,0,0,0,0,0,0,7,1,1,0,0,0,0,2,2,1,1,KRBKRNvK,DRAW,6R1/8/8/4r3/5K2/3B4/1k6/5n2 b - - 0 1
0,1,0,0,0,0,0,1,-1,1,0,1,1,1,0,0,0,0,0,16,0,0,7,0,4,7,0,3,6,19,26,0,0,0,0,0,0,0,0,7,1,1,0,0,0,0,0,2,0,0,KRBKRNvK,DRAW,7n/4r3/8/K7/8/2R5/8/3B3k b - - 0 1
1,1,0,0,0,0,0,1,-1,1,0,1,1,1,0,0,0,0,0,16,0,0,6,0,2,6,2,4,3,26,24,0,0,0,0,0,0,0,0,7,1,1,0,0,0,0,0,0,1,0,KRBKRNvK,WIN,6r1/8/8/4n3/1B6/K5k1/8/7R w - - 0 1
1,1,0,0,0,0,0,1,-1,1,0,1,1,1,0,0,0,0,0,16,0,0,4,2,4,4,0,1,3,25,24,0,0,0,0,0,0,0,0,7,1,1,0,0,0,0,3,1,1,2,KRBKRNvK,DRAW,8/2n5/8/2K5/R7/1r6/8/4kB2 w - - 0 1
0,1,0,0,0,0,0,1,-1,1,0,1,1,1,0,0,0,0,0,16,0,0,5,2,3,7,1,1,5,5,0,1,0,0,0,0,0,0,0,7,1,1,0,0,0,0,2,0,0,0,KRBKRNvK,DRAW,8/4B3/8/8/2K5/8/3R3k/n4r2 b - - 0 1
1,1,0,0,0,0,0,1,-1,1,0,1,1,1,0,0,0,0,0,16,0,0,3,6,7,4,4,5,0,26,24,0,0,0,0,0,0,0,0,7,1,1,0,0,0,0,1,3,0,0,KRBKRNvK,DRAW,6K1/8/r7/4k3/8/1B6/6R1/5n2 w - - 0 1
1,1,0,0,0,0,0,1,-1,1,0,1,1,1,0,0,0,0,0,16,0,0,2,5,3,7,3,1,3,26,11,0,0,0,0,0,0,0,0,7,1,1,0,0,0,0,3,0,1,0,KRBKRNvK,DRAW,r1n5/8/8/6R1/5K1k/B7/8/8 w - - 0 1
0,1,0,0,0,0,0,1,-1,1,0,1,1,1,0,0,0,0,0,16,0,0,5,2,5,0,0,2,6,22,24,0,0,0,0,0,0,0,0,7,1,1,0,0,0,0,3,2,0,1,KRBKRNvK,DRAW,8/8/2K3n1/r7/8/4R3/3B4/k7 b - - 0 1
0,1,0,0,0,0,0,1,-1,1,0,1,1,1,0,0,0,0,0,16,0,0,2,5,5,3,3,2,0,22,26,0,0,0,0,0,0,0,0,7,1,1,0,0,0,0,2,4,0,0,KRBKRNvK,DRAW,2B5/8/2n2K2/6R1/3k4/2r5/8/8 b - - 0 1
1,1,0,0,0,0,0,1,-1,1,0,1,1,1,0,0,0,0,0,16,0,0,5,5,5,6,0,2,5,6,0,1,0,0,0,0,0,0,0,7,1,1,0,0,0,0,1,0,0,1,KRBKRNvK,DRAW,6R1/8/5K2/6Bn/8/6r1/8/6k1 w - - 0 1
0,1,0,0,0,0,0,1,-1,1,0,1,1,1,0,0,0,0,0,16,0,0,4,6,2,7,6,3,5,25,32,0,0,0,0,0,0,0,0,7,1,1,0,0,0,0,1,2,0,0,KRBKRNvK,DRAW,1r6/7k/5n2/8/8/4B1K1/8/R7 b - - 0 1
0,1,0,0,0,0,0,1,-1,1,0,1,1,1,0,0,0,0,0,16,0,0,5,2,3,7,6,1,5,17,31,0,0,0,0,0,0,0,0,7,1,1,0,0,0,0,2,0,0,0,KRBKRNvK,DRAW,3R4/6rk/8/8/2K5/8/5B2/6n1 b - - 0 1
0,1,0,0,0,0,0,1,-1,1,0,1,1,1,0,0,0,0,0,16,0,0,6,7,3,1,7,3,5,20,26,0,0,0,0,0,0,0,0,7,1,1,0,0,0,0,2,2,0,0,KRBKRNvK,DRAW,1kn5/4r3/8/2R5/2B4K/8/8/8 b - - 0 1
1,1,0,0,0,0,0,1,-1,1,0,1,1,1,0,0,0,0,0,16,0,0,5,5,3,0,7,1,6,19,18,0,0,0,0,0,0,0,0,7,1,1,0,0,0,0,2,1,0,0,KRBKRNvK,DRAW,k7/r4n2/8/8/5KR1/8/3B4/8 w - - 0 1
1,1,0,0,0,0,0,1,-1,1,0,1,1,1,0,0,0,0,0,16,0,0,3,4,1,7,2,2,4,26,17,0,0,0,0,0,0,0,0,7,1,1,0,0,0,0,3,0,0,1,KRBKRNvK,DRAW,8/1B6/8/8/1R6/n5rk/4K3/8 w - - 0 1
0,1,0,0,0,0,0,1,-1,1,0,1,1,1,0,0,0,0,0,16,0,0,2,3,5,2,3,1,1,6,0,1,0,0,0,0,0,0,0,7,1,1,0,0,0,0,4,3,0,1,KRBKRNvK,DRAW,8/8/3Kn3/7r/2k3R1/8/8/6B1 b - - 0 1
0,1,0,0,0,0,0,1,-1,1,0,1,1,1,0,0,0,0,0,16,0,0,3,4,7,1,4,3,2,5,0,1,0,0,0,0,0,0,0,7,1,1,0,0,0,0,0,2,0,0,KRBKRNvK,DRAW,1R2K3/8/8/nk5B/2r5/8/8/8 b - - 0 1
0,1,0,0,0,0,0,1,-1,1,0,1,1,1,0,0,0,0,0,16,0,0,7,7,5,0,6,4,5,25,23,0,0,0,0,0,0,0,0,7,1,1,0,0,0,0,1,2,0,1,KRBKRNvK,DRAW,8/k7/5nBK/8/8/8/2R5/r7 b - - 0 1
0,1,0,0,0,0,0,1,-1,1,0,1,1,1,0,0,0,0,0,16,0,0,5,0,3,5,4,3,1,4,0,1,0,0,0,0,0,0,0,7,1,1,1,0,0,0,0,3,2,1,KRBKRNvK,DRAW,8/5R2/n7/3r1k2/K7/7B/8/8 b - - 0 1
0,1,0,0,0,0,0,1,-1,1,0,1,1,1,0,0,0,0,0,16,0,0,3,3,2,1,5,1,3,27,24,0,0,0,0,0,0,0,0,7,1,1,0,0,0,0,2,3,0,1,KRBKRNvK,DRAW,8/8/1k2n3/5r2/8/3K4/R2B4/8 b - - 0 1
0,1,0,0,0,0,0,1,-1,1,0,1,1,1,0,0,0,0,0,16,0,0,3,4,3,1,6,0,4,23,20,0,0,0,0,0,0,0,0,7,1,1,0,0,0,0,3,1,0,2,KRBKRNvK,DRAW,8/1k5B/8/5n2/4K3/5r2/8/2R5 b - - 0 1
0,1,0,0,0,0,0,1,-1,1,0,1,1,1,0,0,0,0,0,16,0,0,7,7,3,0,1,3,5,22,28,0,0,0,0,0,0,0,0,7,1,1,0,0,0,0,1,3,0,1,KRBKRNvK,DRAW,1R6/8/3r4/6n1/7K/4B3/k7/8 b - - 0 1
1,1,0,0,0,0,0,1,-1,1,0,1,1,1,0,0,0,0,0,16,0,0,5,7,2,6,7,4,5,4,0,1,0,0,0,0,0,0,0,7,1,1,0,0,0,0,0,1,0,0,KRBKRNvK,DRAW,6k1/7r/8/8/1n6/7K/8/1RB5 w - - 0 1
1,1,0,0,0,0,0,1,-1,1,0,1,1,1,0,0,0,0,0,16,0,0,5,2,6,7,6,3,5,23,19,0,0,0,0,0,0,0,0,7,1,1,0,0,0,0,1,2,0,1,KRBKRNvK,DRAW,4r3/B1K3nk/2R5/8/8/8/8/8 w - - 0 1
0,1,0,0,0,0,0,1,-1,1,0,1,1,1,0,0,0,0,0,16,0,0,2,2,4,1,6,1,4,24,23,0,0,0,0,0,0,0,0,7,1,1,0,0,0,0,2,2,0,1,KRBKRNvK,DRAW,8/1k6/4r3/2K5/1B6/8/6R1/5n2 b - - 0 1
1,1,0,0,0,0,0,1,-1,1,0,1,1,1,0,0,0,0,0,16,0,0,3,0,5,3,4,4,0,28,25,0,0,0,0,0,0,0,0,7,1,1,0,1,0,0,0,4,1,0,KRBKRNvK,DRAW,8/8/K7/3k4/1B3n2/8/7r/2R5 w - - 0 1
1,1,0,0,0,0,0,1,-1,1,0,1,1,1,0,0,0,0,0,16,0,0,4,6,7,6,3,5,2,21,27,0,0,0,0,0,0,0,0,7,1,1,0,1,0,0,2,0,0,0,KRBKRNvK,DRAW,6K1/8/8/8/4n1k1/3R4/1r6/1B6 w - - 0 1
0,1,0,0,0,0,0,1,-1,1,0,1,1,1,0,0,0,0,0,16,0,0,5,2,0,7,1,4,5,21,25,0,0,0,0,0,0,0,0,7,1,1,0,0,0,0,2,2,0,0,KRBKRNvK,DRAW,3n4/8/7B/5r2/8/3R4/7k/2K5 b - - 0 1
0,1,0,0,0,0,0,1,-1,1,0,1,1,1,0,0,0,0,0,16,0,0,2,2,0,4,0,4,3,19,21,0,0,0,0,0,0,0,0,7,1,1,0,0,0,0,2,2,0,0,KRBKRNvK,DRAW,8/2r5/2n2B2/8/8/8/8/R1K1k3 b - - 0 1
0,1,0,0,0,0,0,1,-1,1,0,1,1,1,0,0,0,0,0,16,0,0,2,0,3,0,1,3,5,25,20,0,0,0,0,0,0,0,0,7,1,1,1,0,0,0,1,1,0,0,KRBKRNvK,DRAW,1r6/2R5/8/8/K7/3n4/k6B/8 b - - 0 1
0,1,0,0,0,0,0,1,-1,1,0,1,1,1,0,0,0,0,0,16,0,0,2,2,5,2,3,2,1,22,21,0,0,0,0,0,0,0,0,7,1,1,0,0,0,0,2,2,0,1,KRBKRNvK,DRAW,2n2R2/8/2K5/8/2k5/3r4/7B/8 b - - 0 1
0,1,0,0,0,0,0,1,-1,1,0,1,1,1,0,0,0,0,0,16,0,0,2,0,7,1,5,6,3,22,17,0,0,0,0,0,0,0,0,7,1,1,0,0,0,0,2,0,1,0,KRBKRNvK,DRAW,K2RB3/8/1k6/8/8/n7/8/5r2 b - - 0 1
0,1,0,0,0,0,0,1,-1,1,0,1,1,1,0,0,0,0,0,16,0,0,4,1,2,1,6,3,4,23,28,0,0,0,0,0,0,0,0,7,1,1,0,0,0,0,2,2,0,1,KRBKRNvK,DRAW,4B3/1k6/4R3/3r4/8/1K5n/8/8 b - - 0 1
1,1,0,0,0,0,0,1,-1,1,0,1,1,1,0,0,0,0,0,16,0,0,6,5,1,5,7,3,4,28,21,0,0,0,0,0,0,0,0,7,1,1,0,0,0,0,3,2,2,0,KRBKRNvK,DRAW,5k2/7B/3R4/1r5n/8/8/5K2/8 w - - 0 1
0,1,0,0,0,0,0,1,-1,1,0,1,1,1,0,0,0,0,0,16,0,0,5,2,6,7,7,3,6,1,0,1,0,0,0,0,0,0,0,7,1,1,0,0,0,0,1,0,0,2,KRBKRNvK,DRAW,r6k/n1K5/4B3/8/8/8/8/7R b - - 0 1
0,1,0,0,0,0,0,1,-1,1,0,1,1,1,0,0,0,0,0,16,0,0,6,4,7,3,1,3,2,5,0,1,0,0,0,0,0,0,0,7,1,1,0,0,0,0,0,0,1,0,KRBKRNvK,DRAW,n3K3/r7/8/1B6/8/8/3k1R2/8 b - - 0 1
1,1,0,0,0,0,0,1,-1,1,0,1,1,1,0,0,0,0,0,16,0,0,6,1,3,7,2,2,4,6,0,1,0,0,0,0,0,0,0,7,1,1,0,0,0,0,1,1,1,0,KRBKRNvK,DRAW,8/3n4/8/8/1K6/6Bk/2R5/1r6 w - - 0 1
1,1,0,0,0,0,0,1,-1,1,0,1,1,1,0,0,0,0,0,16,0,0,5,0,2,1,7,4,5,25,20,0,0,0,0,0,0,0,0,7,1,1,1,0,0,0,1,2,0,0,KRBKRNvK,DRAW,1k3nB1/7R/8/8/8/K7/8/4r3 w - - 0 1
0,1,0,0,0,0,0,1,-1,1,0,1,1,1,0,0,0,0,0,16,0,0,3,7,1,4,0,5,3,21,27,0,0,0,0,0,0,0,0,7,1,1,0,0,0,0,3,2,0,0,KRBKRNvK,DRAW,3r4/8/8/8/2B2R2/8/2n4K/4k3 b - - 0 1
1,1,0,0,0,0,0,1,-1,1,0,1,1,1,0,0,0,0,0,16,0,0,2,1,0,3,0,5,3,25,21,0,0,0,0,0,0,0,0,7,1,1,0,0,0,0,2,1,0,1,KRBKRNvK,DRAW,8/6r1/8/1B6/4R3/1n6/8/1K1k4 w - - 0 1
1,1,0,0,0,0,0,1,-1,1,0,1,1,1,0,0,0,0,0,16,0,0,5,1,1,6,3,4,2,33,18,0,0,0,0,0,0,0,0,7,1,1,0,0,0,0,2,0,0,0,KRBKRNvK,DRAW,5R2/6r1/2B4n/8/6k1/8/1K6/8 w - - 0 1
0,1,0,0,0,0,0,1,-1,1,0,1,1,1,0,0,0,0,0,16,0,0,4,6,7,2,3,5,1,22,25,0,0,0,0,0,0,0,0,7,1,1,0,0,0,0,3,2,1,1,KRBKRNvK,DRAW,4n1K1/8/8/8/2k5/1r6/3R2B1/8 b - - 0 1
0,1,0,0,0,0,0,1,-1,1,0,1,1,1,0,0,0,0,0,16,0,0,6,1,1,7,3,4,3,4,0,1,0,0,0,0,0,0,0,7,1,1,0,0,0,0,0,2,0,1,KRBKRNvK,LOSS,8/4B3/7n/8/7k/3r4/1K1R4/8 b - - 0 1
0,1,0,0,0,0,0,1,-1,1,0,1,1,1,0,0,0,0,0,16,0,0,4,6,0,2,2,5,2,3,0,1,0,0,0,0,0,0,0,7,1,1,0,0,0,0,1,3,1,0,KRBKRNvK,DRAW,4r3/8/6B1/8/n7/2k5/2R5/6K1 b - - 0 1
1,1,0,0,0,0,0,1,-1,1,0,1,1,1,0,0,0,0,0,16,0,0,4,1,7,3,3,5,0,4,0,1,0,0,0,0,0,0,0,7,1,1,0,0,0,0,1,3,1,0,KRBKRNvK,DRAW,1K6/8/8/5B1R/3k4/1r5n/8/8 w - - 0 1
0,1,0,0,0,0,0,1,-1,1,0,1,1,1,0,0,0,0,0,16,0,0,3,5,6,2,7,3,4,23,25,0,0,0,0,0,0,0,0,7,1,1,0,0,0,0,2,2,0,0,KRBKRNvK,DRAW,2k5/5K2/8/8/1R1B4/4r3/5n2/8 b - - 0 1
1,1,0,0,0,0,0,1,-1,1,0,1,1,1,0,0,0,0,0,16,0,0,5,4,2,3,7,1,3,4,0,1,0,0,0,0,0,0,0,7,1,1,0,0,0,0,4,3,0,0,KRBKRNvK,DRAW,3kr3/8/8/2R5/8/1n2K3/5B2/8 w - - 0 1
0,1,0,0,0,0,0,1,-1,1,0,1,1,1,0,0,0,0,0,16,0,0,7,1,7,6,0,5,5,23,25,0,0,0,0,0,0,0,0,7,1,1,0,0,0,0,1,1,0,0,KRBKRNvK,DRAW,1K6/7r/3B4/8/8/1R6/4n3/6k1 b - - 0 1
0,1,0,0,0,0,0,1,-1,1,0,1,1,1,0,0,0,0,0,16,0,0,2,5,3,5,5,1,2,14,26,0,0,0,0,0,0,0,0,7,1,1,0,0,0,0,2,1,0,0,KRBKRNvK,DRAW,8/n4r2/B4k2/8/5K2/8/8/1R6 b - - 0 1
0,1,0,0,0,0,0,1,-1,1,0,1,1,1,0,0,0,0,0,16,0,0,3,0,7,3,5,6,1,23,21,0,0,0,0,0,0,0,0,7,1,1,0,0,0,0,2,3,1,0,KRBKRNvK,DRAW,K7/6r1/3k4/1n6/2R4B/8/8/8 b - - 0 1
0,1,0,0,0,0,0,1,-1,1,0,1,1,1,0,0,0,0,0,16,0,0,4,1,7,5,5,5,2,14,19,0,0,0,0,0,0,0,0,7,1,1,0,0,0,0,4,1,1,0,KRBKRNvK,DRAW,1K6/5r2/5k2/4R3/7n/8/8/B7 b - - 0 1
0,1,0,0,0,0,0,1,-1,1,0,1,1,1,0,0,0,0,0,16,0,0,5,0,5,1,0,4,5,9,28,0,0,0,0,0,0,0,0,7,1,1,0,0,0,0,2,2,0,1,KRBKRNvK,LOSS,2n5/8/K7/6R1/4B3/3r4/8/1k6 b - - 0 1
1,1,0,0,0,0,0,1,-1,1,0,1,1,1,0,0,0,0,0,16,0,0,3,4,2,7,3,1,3,5,0,1,0,0,0,0,0,0,0,7,1,1,0,0,0,0,2,2,0,0,KRBKRNvK,DRAW,8/8/4r3/8/1B5k/4K3/8/1nR5 w - - 0 1
1,1,0,0,0,0,0,1,-1,1,0,1,1,1,0,0,0,0,0,16,0,0,3,4,4,7,4,0,3,22,19,0,0,0,0,0,0,0,0,7,1,1,0,0,0,0,4,0,1,0,KRBKRNvK,DRAW,8/8/7B/4K2k/8/4R3/8/6rn w - - 0 1
0,1,0,0,0,0,0,1,-1,1,0,1,1,1,0,0,0,0,0,16,0,0,5,3,1,7,6,2,5,5,0,1,0,0,0,0,0,0,0,7,1,1,1,0,0,0,0,0,0,1,KRBKRNvK,DRAW,8/2R4k/8/8/3n4/8/3K4/4B1r1 b - - 0 1
1,1,0,0,0,0,0,1,-1,1,0,1,1,1,0,0,0,0,0,16,0,0,5,4,5,7,0,1,6,6,0,1,0,0,0,0,0,0,0,7,1,1,0,0,0,0,3,1,0,1,KRBKRNvK,DRAW,8/8/4K1r1/8/8/Bn6/3R4/7k w - - 0 1
1,1,0,0,0,0,0,1,-1,1,0,1,1,1,0,0,0,0,0,16,0,0,2,3,1,5,0,2,4,5,0,1,0,0,0,0,0,0,0,7,1,1,1,0,0,0,2,2,1,2,KRBKRNvK,DRAW,8/R7/8/8/5r2/8/3K4/1n3k1B w - - 0 1
0,1,0,0,0,0,0,1,-1,1,0,1,1,1,0,0,0,0,0,16,0,0,3,3,0,0,0,3,6,21,19,0,0,0,0,0,0,0,0,7,1,1,0,0,0,0,3,0,0,0,KRBKRNvK,DRAW,B7/8/6r1/3R4/8/n7/8/k2K4 b - - 0 1
0,1,0,0,0,0,0,1,-1,1,0,1,1,1,0,0,0,0,0,16,0,0,2,4,4,2,5,0,2,22,18,0,0,0,0,0,0,0,0,7,1,1,0,0,0,0,4,2,1,1,KRBKRNvK,DRAW,4R3/8/r1k5/4Kn2/8/7B/8/8 b - - 0 1
0,1,0,0,0,0,0,1,-1,1,0,1,1,1,0,0,0,0,0,16,0,0,2,5,4,5,6,1,3,4,0,1,0,0,0,0,0,0,0,7,1,1,0,0,0,0,2,0,1,1,KRBKRNvK,DRAW,8/5k2/8/3B1K2/8/2r4n/8/1R6 b - - 0 1
0,1,0,0,0,0,0,1,-1,1,0,1,1,1,0,0,0,0,0,16,0,0,2,6,6,4,6,4,2,18,27,0,0,0,0,0,0,0,0,7,1,1,0,0,0,0,1,0,0,1,KRBKRNvK,DRAW,2r4n/4k1K1/1R6/8/5B2/8/8/8 b - - 0 1
1,1,0,0,0,0,0,1,-1,1,0,1,1,1,0,0,0,0,0,16,0,0,4,2,0,0,4,4,3,25,18,0,0,0,0,0,0,0,0,7,1,1,0,0,0,0,0,2,0,0,KRBKRNvK,DRAW,7n/8/3r4/k7/6B1/8/1R6/2K5 w - - 0 1
1,1,0,0,0,0,0,1,-1,1,0,1,1,1,0,0,0,0,0,16,0,0,2,4,2,6,4,1,2,5,0,1,0,0,0,0,0,0,0,7,1,1,0,0,0,0,2,0,0,1,KRBKRNvK,DRAW,3n4/8/8/6k1/B7/4K1r1/5R2/8 w - - 0 1
1,1,0,0,0,0,0,1,-1,1,0,1,1,1,0,0,0,0,0,16,0,0,4,4,6,0,7,2,6,27,21,0,0,0,0,0,0,0,0,7,1,1,0,1,0,0,1,2,0,0,KRBKRNvK,DRAW,k7/4K3/6R1/8/4n3/8/3r1B2/8 w - - 0 1
1,1,0,0,0,0,0,1,-1,1,0,1,1,1,0,0,0,0,0,16,0,0,4,0,5,4,6,4,2,26,21,0,0,0,0,0,0,0,0,7,1,1,0,0,0,0,2,0,0,0,KRBKRNvK,DRAW,8/4k3/K7/1B6/8/5r1n/3R4/8 w - - 0 1
1,1,0,0,0,0,0,1,-1,1,0,1,1,1,0,0,0,0,0,16,0,0,2,0,1,2,2,5,2,26,16,0,0,0,0,0,0,0,0,7,1,1,0,0,0,0,1,1,0,0,KRBKRNvK,DRAW,1n6/8/4B2r/8/8/2k5/K4R2/8 w - - 0 1
1,1,0,0,0,0,0,1,-1,1,0,1,1,1,0,0,0,0,0,16,0,0,5,7,7,2,7,6,4,22,17,0,0,0,0,0,0,0,0,7,1,1,0,0,0,0,2,0,0,0,KRBKRNvK,DRAW,2k4K/r7/8/n7/B7/4R3/8/8 w - - 0 1
1,1,0,0,0,0,0,1,-1,1,0,1,1,1,0,0,0,0,0,16,0,0,4,0,5,4,4,4,0,6,0,1,0,0,0,0,0,0,0,7,1,1,1,0,0,0,0,3,1,0,KRBKRNvK,DRAW,3B4/4nR2/K5r1/4k3/8/8/8/8 w - - 0 1
1,1,0,0,0,0,0,1,-1,1,0,1,1,1,0,0,0,0,0,16,0,0,3,5,2,7,5,2,4,31,16,0,0,0,0,0,0,0,0,7,1,1,1,0,0,0,1,0,1,0,KRBKRNvK,DRAW,n7/6R1/r6k/8/8/5K2/2B5/8 w - - 0 1
0,1,0,0,0,0,0,1,-1,1,0,1,1,1,0,0,0,0,0,16,0,0,4,2,4,5,0,1,4,25,23,0,0,0,0,0,0,0,0,7,1,1,0,0,0,0,3,1,0,1,KRBKRNvK,DRAW,8/8/5Rn1/2K2B2/8/1r6/8/5k2 b - - 0 1
0,1,0,0,0,0,0,1,-1,1,0,1,1,1,0,0,0,0,0,16,0,0,3,4,5,1,7,1,5,19,26,0,0,0,0,0,0,0,0,7,1,1,0,0,0,0,2,2,0,1,KRBKRNvK,DRAW,1k1r4/1n6/4K3/8/B7/8/6R1/8 b - - 0 1
0,1,0,0,0,0,0,1,-1,1,0,1,1,1,0,0,0,0,0,16,0,0,3,0,1,1,4,5,2,19,22,0,0,0,0,0,0,0,0,7,1,1,0,0,0,0,0,0,0,2,KRBKRNvK,DRAW,8/8/8/1k5B/8/8/K5R1/nr6 b - - 0 1
0,1,0,0,0,0,0,1,-1,1,0,1,1,1,0,0,0,0,0,16,0,0,4,5,6,3,2,3,1,23,30,0,0,0,0,0,0,0,0,7,1,1,0,0,0,0,1,3,2,0,KRBKRNvK,DRAW,8/5K2/8/3B4/8/3k2n1/1R6/4r3 b - - 0 1
1,1,0,0,0,0,0,1,-1,1,0,1,1,1,0,0,0,0,0,16,0,0,5,1,6,6,7,4,5,28,20,0,0,0,0,0,0,0,0,7,1,1,0,1,0,0,2,2,0,0,KRBKRNvK,DRAW,4n1k1/1K6/2R5/8/8/2B5/4r3/8 w - - 0 1
1,1,0,0,0,0,0,1,-1,1,0,1,1,1,0,0,0,0,0,16,0,0,3,4,2,5,5,1,2,19,24,0,0,0,0,0,0,0,0,7,1,1,0,1,0,0,2,1,0,0,KRBKRNvK,DRAW,8/B7/5k2/8/8/1R2K3/n6r/8 w - - 0 1
0,1,0,0,0,0,0,1,-1,1,0,1,1,1,0,0,0,0,0,16,0,0,3,2,1,2,4,3,1,6,0,1,0,0,0,0,0,0,0,7,1,1,0,0,0,0,2,3,0,2,KRBKRNvK,DRAW,8/8/8/2k2RB1/4n3/4r3/2K5/8 b - - 0 1
1,1,0,0,0,0,0,1,-1,1,0,1,1,1,0,0,0,0,0,16,0,0,2,5,3,7,1,1,5,24,16,0,0,0,0,0,0,0,0,7,1,1,0,0,0,0,3,1,1,0,KRBKRNvK,DRAW,8/3n3r/8/8/5KR1/2B5/7k/8 w - - 0 1
1,1,0,0,0,0,0,1,-1,1,0,1,1,1,0,0,0,0,0,16,0,0,7,3,0,5,7,3,4,3,0,1,0,0,0,0,0,0,0,7,1,1,0,0,0,0,1,0,1,0,KRBKRNvK,DRAW,1n3k2/5B2/8/8/8/8/7R/r2K4 w - - 0 1
1,1,0,0,0,0,0,1,-1,1,0,1,1,1,0,0,0,0,0,16,0,0,7,1,0,3,7,5,3,20,19,0,0,0,0,0,0,0,0,7,1,1,1,0,0,0,0,2,0,0,KRBKRNvK,DRAW,3k4/R7/B7/4r3/7n/8/8/1K6 w - - 0 1
0,1,0,0,0,0,0,1,-1,1,0,1,1,1,0,0,0,0,0,16,0,0,2,1,6,1,4,4,2,22,27,0,0,0,0,0,0,0,0,7,1,1,0,1,0,0,1,1,0,1,KRBKRNvK,DRAW,8/1Kn5/8/1k3B2/8/6R1/2r5/8 b - - 0 1
1,1,0,0,0,0,0,1,-1,1,0,1,1,1,0,0,0,0,0,16,0,0,3,5,5,2,4,2,1,23,28,0,0,0,0,0,0,0,0,7,1,1,0,1,0,0,1,4,0,0,KRBKRNvK,DRAW,6R1/2n5/5K2/2k5/7B/8/4r3/8 w - - 0 1
1,1,0,0,0,0,0,1,-1,1,0,1,1,1,0,0,0,0,0,16,0,0,5,6,1,4,6,4,2,28,25,0,0,0,0,0,0,0,0,7,1,1,0,0,0,0,0,2,0,0,KRBKRNvK,DRAW,R7/4k3/8/5r2/1n6/8/4B1K1/8 w - - 0 1
1,1,0,0,0,0,0,1,-1,1,0,1,1,1,0,0,0,0,0,16,0,0,4,7,3,3,1,3,2,27,27,0,0,0,0,0,0,0,0,7,1,1,1,0,0,0,1,1,1,0,KRBKRNvK,DRAW,5r2/1R6/4n3/8/7K/8/2Bk4/8 w - - 0 1
0,1,0,0,0,0,0,1,-1,1,0,1,1,1,0,0,0,0,0,16,0,0,5,3,6,3,1,2,2,24,28,0,0,0,0,0,0,0,0,7,1,1,0,0,0,0,2,2,1,0,KRBKRNvK,DRAW,8/3K4/7r/4R3/8/1Bn5/3k4/8 b - - 0 1
0,1,0,0,0,0,0,1,-1,1,0,1,1,1,0,0,0,0,0,16,0,0,7,5,7,5,0,4,4,21,26,0,0,0,0,0,0,0,0,7,1,1,1,0,0,0,3,1,0,0,KRBKRNvK,DRAW,5K2/1B1R4/8/8/8/2r1n3/8/5k2 b - - 0 1
0,1,0,0,0,0,0,1,-1,1,0,1,1,1,0,0,0,0,0,16,0,0,5,0,4,5,6,3,3,6,0,1,0,0,0,0,0,0,0,7,1,1,1,1,0,0,1,0,1,0,KRBKRNvK,DRAW,8/5k1R/8/K7/8/6B1/6r1/4n3 b - - 0 1
0,1,0,0,0,0,0,1,-1,1,0,1,1,1,0,0,0,0,0,16,0,0,5,2,6,7,4,3,3,4,0,1,0,0,0,0,0,0,0,7,1,1,0,0,0,0,0,0,0,0,KRBKRNvK,LOSS,8/2K5/8/7k/8/R7/4B3/rn6 b - - 0 1
0,1,0,0,0,0,0,1,-1,1,0,1,1,1,0,0,0,0,0,16,0,0,6,3,7,2,1,3,3,17,25,0,0,0,0,0,0,0,0,7,1,1,0,0,0,0,0,0,0,0,KRBKRNvK,DRAW,2BK4/8/8/8/8/5R1n/2k5/7r b - - 0 1
1,1,0,0,0,0,0,1,-1,1,0,1,1,1,0,0,0,0,0,16,0,0,3,0,2,2,5,4,2,17,22,0,0,0,0,0,0,0,0,7,1,1,0,0,0,0,2,3,0,1,KRBKRNvK,DRAW,8/8/2k5/n7/5r2/K2R4/8/1B6 w - - 0 1
0,1,0,0,0,0,0,1,-1,1,0,1,1,1,0,0,0,0,0,16,0,0,2,3,3,2,5,0,2,4,0,1,0,0,0,0,0,0,0,7,1,1,0,0,0,0,3,2,2,1,KRBKRNvK,DRAW,2R5/5n2/2k5/8/2BK4/2r5/8/8 b - - 0 1
1,1,0,0,0,0,0,1,-1,1,0,1,1,1,0,0,0,0,0,16,0,0,4,6,1,7,5,4,4,6,0,1,0,0,0,0,0,0,0,7,1,1,0,0,0,0,0,2,1,1,KRBKRNvK,DRAW,4r3/8/7k/7B/7n/8/5RK1/8 w - - 0 1
0,1,0,0,0,0,0,1,-1,1,0,1,1,1,0,0,0,0,0,16,0,0,7,7,4,0,4,3,3,3,0,1,0,0,0,0,0,0,0,7,1,1,0,1,0,0,0,0,0,0,KRBKRNvK,DRAW,R7/8/7B/k6K/8/8/2r5/7n b - - 0 1
1,1,0,0,0,0,0,1,-1,1,0,1,1,1,0,0,0,0,0,16,0,0,2,4,6,3,4,2,0,22,26,0,0,0,0,0,0,0,0,7,1,1,1,0,0,0,1,3,2,1,KRBKRNvK,DRAW,8/4KR2/1B1n4/3k4/8/7r/8/8 w - - 0 1
0,1,0,0,0,0,0,1,-1,1,0,1,1,1,0,0,0,0,0,16,0,0,3,1,0,3,3,5,0,26,22,0,0,0,0,0,0,0,0,7,1,1,0,1,0,0,0,3,0,0,KRBKRNvK,DRAW,6R1/8/n7/7B/3k4/8/4r3/1K6 b - - 0 1
1,1,0,0,0,0,0,1,-1,1,0,1,1,1,0,0,0,0,0,16,0,0,3,4,5,2,2,1,2,6,0,1,0,0,0,0,0,0,0,7,1,1,0,0,0,0,4,1,0,2,KRBKRNvK,DRAW,3r1n2/8/3RK1B1/8/8/2k5/8/8 w - - 0 1
1,1,0,0,0,0,0,1,-1,1,0,1,1,1,0,0,0,0,0,16,0,0,4,1,6,5,3,4,1,31,18,0,0,0,0,0,0,0,0,7,1,1,0,0,0,0,2,3,2,0,KRBKRNvK,DRAW,8/1K6/8/8/rn1B1k2/8/4R3/8 w - - 0 1
1,1,0,0,0,0,0,1,-1,1,0,1,1,1,0,0,0,0,0,16,0,0,5,2,1,7,5,3,4,7,0,1,0,0,0,0,0,0,0,7,1,1,0,0,0,0,2,1,1,0,KRBKRNvK,DRAW,2r5/5n2/5B1k/8/8/8/2K5/6R1 w - - 0 1
1,1,0,0,0,0,0,1,-1,1,0,1,1,1,0,0,0,0,0,16,0,0,6,1,1,7,2,4,4,27,21,0,0,0,0,0,0,0,0,7,1,1,0,0,0,0,1,3,0,0,KRBKRNvK,DRAW,8/8/5n2/8/R1B4r/7k/1K6/8 w - - 0 1
1,1,0,0,0,0,0,1,-1,1,0,1,1,1,0,0,0,0,0,16,0,0,7,7,2,0,7,4,6,18,23,0,0,0,0,0,0,0,0,7,1,1,0,0,0,0,1,2,1,0,KRBKRNvK,DRAW,k7/2B5/8/2r5/8/4n2K/7R/8 w - - 0 1
1,1,0,0,0,0,0,1,-1,1,0,1,1,1,0,0,0,0,0,16,0,0,6,4,1,0,7,2,6,19,19,0,0,0,0,0,0,0,0,7,1,1,0,0,0,0,1,0,0,0,KRBKRNvK,DRAW,k7/5rnB/8/8/8/8/4K2R/8 w - - 0 1
1,1,0,0,0,0,0,1,-1,1,0,1,1,1,0,0,0,0,0,16,0,0,3,6,4,7,1,2,5,6,0,1,0,0,0,0,0,0,0,7,1,1,0,0,0,0,2,3,0,1,KRBKRNvK,DRAW,1R6/4n3/8/3r2K1/8/8/1B5k/8 w - - 0 1
0,1,0,0,0,0,0,1,-1,1,0,1,1,1,0,0,0,0,0,16,0,0,3,3,3,6,4,0,2,28,24,0,0,0,0,0,0,0,0,7,1,1,0,0,0,0,3,1,0,2,KRBKRNvK,DRAW,R7/8/8/6k1/3K4/2r5/5n2/5B2 b - - 0 1
0,1,0,0,0,0,0,1,-1,1,0,1,1,1,0,0,0,0,0,16,0,0,2,3,7,1,6,3,4,2,0,1,0,0,0,0,0,0,0,7,1,1,0,0,0,0,2,0,0,0,KRBKRNvK,DRAW,3K4/1k5r/5R2/8/8/8/1n4B1/8 b - - 0 1
0,1,0,0,0,0,0,1,-1,1,0,1,1,1,0,0,0,0,0,16,0,0,3,5,1,2,2,3,2,6,0,1,0,0,0,0,0,0,0,7,1,1,1,0,0,0,0,3,0,1,KRBKRNvK,DRAW,1n6/2R5/8/8/8/2k5/5K2/4rB2 b - - 0 1
1,1,0,0,0,0,0,1,-1,1,0,1,1,1,0,0,0,0,0,16,0,0,3,7,1,5,4,5,1,24,20,0,0,0,0,0,0,0,0,7,1,1,0,0,0,0,1,2,1,0,KRBKRNvK,DRAW,8/8/n3r3/5k2/8/4B3/7K/4R3 w - - 0 1
0,1,0,0,0,0,0,1,-1,1,0,1,1,1,0,0,0,0,0,16,0,0,2,2,0,1,2,4,3,22,23,0,0,0,0,0,0,0,0,7,1,1,0,0,0,0,1,3,1,0,KRBKRNvK,DRAW,8/8/2n5/1r6/8/1k4B1/2R5/2K5 b - - 0 1
0,1,0,0,0,0,0,1,-1,1,0,1,1,1,0,0,0,0,0,16,0,0,2,2,5,4,7,2,3,19,24,0,0,0,0,0,0,0,0,7,1,1,1,0,0,0,2,2,1,0,KRBKRNvK,DRAW,4k3/B2R4/2K5/6r1/8/8/8/3n4 b - - 0 1
1,1,0,0,0,0,0,1,-1,1,0,1,1,1,0,0,0,0,0,16,0,0,3,2,7,2,4,4,1,21,24,0,0,0,0,0,0,0,0,7,1,1,0,1,0,0,0,2,0,0,KRBKRNvK,DRAW,2K5/8/8/2kn4/8/8/2r5/R3B3 w - - 0 1
0,1,0,0,0,0,0,1,-1,1,0,1,1,1,0,0,0,0,0,16,0,0,3,2,5,4,2,2,1,8,0,1,0,0,0,0,0,0,0,7,1,1,0,1,0,0,1,2,1,1,KRBKRNvK,DRAW,8/8/2K4B/3n4/8/4k3/6r1/6R1 b - - 0 1
1,1,0,0,0,0,0,1,-1,1,0,1,1,1,0,0,0,0,0,16,0,0,6,7,6,5,0,5,4,5,0,1,0,0,0,0,0,0,0,7,1,1,0,0,0,0,2,3,0,0,KRBKRNvK,DRAW,8/3r3K/8/7R/8/B7/5n2/5k2 w - - 0 1
0,1,0,0,0,0,0,1,-1,1,0,1,1,1,0,0,0,0,0,16,0,0,2,3,2,5,4,1,1,20,27,0,0,0,0,0,0,0,0,7,1,1,1,0,0,0,2,2,1,0,KRBKRNvK,DRAW,7r/6R1/8/5k2/8/3K4/8/n3B3 b - - 0 1
0,1,0,0,0,0,0,1,-1,1,0,1,1,1,0,0,0,0,0,16,0,0,2,1,1,3,3,4,0,19,30,0,0,0,0,0,0,0,0,7,1,1,0,0,0,0,2,4,2,0,KRBKRNvK,DRAW,8/3n4/8/5R2/1B1kr3/8/1K6/8 b - - 0 1
1,1,0,0,0,0,0,1,-1,1,0,1,1,1,0,0,0,0,0,16,0,0,6,4,6,7,0,2,6,7,0,1,0,0,0,0,0,0,0,7,1,1,0,0,0,0,2,0,0,1,KRBKRNvK,DRAW,1B4nr/4K3/8/3R4/8/8/8/7k w - - 0 1
0,1,0,0,0,0,0,1,-1,1,0,1,1,1,0,0,0,0,0,16,0,0,4,4,6,0,7,2,6,2,0,1,0,0,0,0,0,0,0,7,1,1,0,1,0,0,1,2,1,1,KRBKRNvK,DRAW,k7/2B1K3/5n2/8/8/8/1r6/R7 b - - 0 1
1,1,0,0,0,0,0,1,-1,1,0,1,1,1,0,0,0,0,0,16,0,0,3,0,5,1,2,4,3,26,12,0,0,0,0,0,0,0,0,7,1,1,0,0,0,0,2,0,0,0,KRBKRNvK,DRAW,5B1r/8/K7/7n/4R3/1k6/8/8 w - - 0 1
0,1,0,0,0,0,0,1,-1,1,0,1,1,1,0,0,0,0,0,16,0,0,2,4,3,2,3,0,1,2,0,1,0,0,0,0,0,0,0,7,1,1,0,1,0,0,4,2,1,1,KRBKRNvK,DRAW,8/8/8/8/2kRK3/1n6/5r2/5B2 b - - 0 1
0,1,0,0,0,0,0,1,-1,1,0,1,1,1,0,0,0,0,0,16,0,0,3,2,7,5,4,4,1,15,26,0,0,0,0,0,0,0,0,7,1,1,0,1,0,0,1,2,1,0,KRBKRNvK,DRAW,2K5/8/2R5/5k2/8/6B1/5rn1/8 b - - 0 1
1,1,0,0,0,0,0,1,-1,1,0,1,1,1,0,0,0,0,0,16,0,0,2,5,3,5,5,1,2,21,22,0,0,0,0,0,0,0,0,7,1,1,0,0,0,0,4,2,0,2,KRBKRNvK,DRAW,8/8/2B2k2/6r1/2R2K2/8/7n/8 w - - 0 1
1,1,0,0,0,0,0,1,-1,1,0,1,1,1,0,0,0,0,0,16,0,0,5,3,6,0,1,2,5,18,21,0,0,0,0,0,0,0,0,7,1,1,0,0,0,0,0,2,0,1,KRBKRNvK,DRAW,3R4/3K4/8/1B2r3/8/8/k7/2n5 w - - 0 1
1,1,0,0,0,0,0,1,-1,1,0,1,1,1,0,0,0,0,0,16,0,0,3,4,4,1,1,0,4,29,22,0,0,0,0,0,0,0,0,7,1,1,0,0,0,0,3,0,0,0,KRBKRNvK,DRAW,6n1/1r6/8/4K1B1/7R/8/1k6/8 w - - 0 1
1,1,0,0,0,0,0,1,-1,1,0,1,1,1,0,0,0,0,0,16,0,0,4,7,4,3,5,3,1,23,22,0,0,0,0,0,0,0,0,7,1,1,0,0,0,0,1,3,0,1,KRBKRNvK,DRAW,8/B7/3k1r2/1n5K/8/8/8/6R1 w - - 0 1
0,1,0,0,0,0,0,1,-1,1,0,1,1,1,0,0,0,0,0,16,0,0,6,6,3,0,1,2,5,3,0,1,0,0,0,0,0,0,0,7,1,1,0,0,0,0,2,1,0,0,KRBKRNvK,DRAW,8/8/8/B1n5/6K1/8/k3R3/r7 b - - 0 1
0,1,0,0,0,0,0,1,-1,1,0,1,1,1,0,0,0,0,0,16,0,0,4,2,3,4,7,1,3,26,24,0,0,0,0,0,0,0,0,7,1,1,0,0,0,0,2,0,0,1,KRBKRNvK,DRAW,4k3/8/1B6/8/2K1n3/8/2R5/5r2 b - - 0 1
1,1,0,0,0,0,0,1,-1,1,0,1,1,1,0,0,0,0,0,16,0,0,2,2,3,4,4,1,0,4,0,1,0,0,0,0,0,0,0,7,1,1,0,1,0,0,3,3,1,1,KRBKRNvK,DRAW,8/B7/8/4k2n/2K2R2/8/2r5/8 w - - 0 1
1,1,0,0,0,0,0,1,-1,1,0,1,1,1,0,0,0,0,0,16,0,0,7,7,0,0,4,6,3,24,21,0,0,0,0,0,0,0,0,7,1,1,0,0,0,0,2,1,0,0,KRBKRNvK,DRAW,4Br2/8/8/k1n5/8/3R4/8/7K w - - 0 1
0,1,0,0,0,0,0,1,-1,1,0,1,1,1,0,0,0,0,0,16,0,0,5,7,1,2,4,5,1,28,17,0,0,0,0,0,0,0,0,7,1,1,1,0,0,0,0,2,0,0,KRBKRNvK,DRAW,6B1/5R2/8/2k5/8/3r4/4n2K/8 b - - 0 1
0,1,0,0,0,0,0,1,-1,1,0,1,1,1,0,0,0,0,0,16,0,0,4,2,5,2,1,2,3,20,26,0,0,0,0,0,0,0,0,7,1,1,0,1,0,0,2,2,0,0,KRBKRNvK,DRAW,8/8/2K5/BR4n1/8/8/2k1r3/8 b - - 0 1
1,1,0,0,0,0,0,1,-1,1,0,1,1,1,0,0,0,0,0,16,0,0,5,5,1,0,5,3,4,6,0,1,0,0,0,0,0,0,0,7,1,1,0,1,0,0,3,2,0,1,KRBKRNvK,DRAW,8/6B1/k7/8/8/2nR4/5K1r/8 w - - 0 1
1,1,0,0,0,0,0,1,-1,1,0,1,1,1,0,0,0,0,0,16,0,0,7,4,7,5,0,3,4,17,27,0,0,0,0,0,0,0,0,7,1,1,0,0,0,0,0,1,0,0,KRBKRNvK,DRAW,4K1R1/8/8/2n3B1/8/r7/8/5k2 w - - 0 1
0,1,0,0,0,0,0,1,-1,1,0,1,1,1,0,0,0,0,0,16,0,0,4,2,3,6,1,1,4,21,25,0,0,0,0,0,0,0,0,7,1,1,0,0,0,0,2,0,0,0,KRBKRNvK,DRAW,6B1/8/1R6/8/2K5/8/6k1/r2n4 b - - 0 1
1,1,0,0,0,0,0,1,-1,1,0,1,1,1,0,0,0,0,0,16,0,0,6,7,0,2,6,6,3,3,0,1,0,0,0,0,0,0,0,7,1,1,0,0,0,0,2,0,0,1,KRBKRNvK,DRAW,5B1r/2k5/8/8/8/8/8/4Rn1K w - - 0 1
0,1,0,0,0,0,0,1,-1,1,0,1,1,1,0,0,0,0,0,16,0,0,2,1,4,0,6,2,5,19,21,0,0,0,0,0,0,0,0,7,1,1,0,0,0,0,0,1,1,2,KRBKRNvK,DRAW,7R/k7/8/BKn5/8/2r5/8/8 b - - 0 1
0,1,0,0,0,0,0,1,-1,1,0,1,1,1,0,0,0,0,0,16,0,0,2,1,5,3,4,3,0,3,0,1,0,0,0,0,0,0,0,7,1,1,0,0,0,0,3,3,0,1,KRBKRNvK,DRAW,4R3/8/1Kn5/3k4/5r2/8/B7/8 b - - 0 1
1,1,0,0,0,0,0,1,-1,1,0,1,1,1,0,0,0,0,0,16,0,0,2,6,6,4,5,4,1,27,20,0,0,0,0,0,0,0,0,7,1,1,0,0,0,0,2,3,0,0,KRBKRNvK,DRAW,8/6K1/4k3/R7/3r2n1/8/3B4/8 w - - 0 1
1,1,0,0,0,0,0,1,-1,1,0,1,1,1,0,0,0,0,0,16,0,0,2,0,3,2,4,3,1,18,22,0,0,0,0,0,0,0,0,7,1,1,0,0,0,0,3,2,1,0,KRBKRNvK,DRAW,8/2n5/8/2k5/K2R4/6r1/1B6/8 w - - 0 1
1,1,0,0,0,0,0,1,-1,1,0,1,1,1,0,0,0,0,0,16,0,0,2,2,0,2,2,4,2,19,21,0,0,0,0,0,0,0,0,7,1,1,0,0,0,0,1,1,1,0,KRBKRNvK,DRAW,3n4/8/r7/8/5B2/2k5/8/1RK5 w - - 0 1
1,1,0,0,0,0,0,1,-1,1,0,1,1,1,0,0,0,0,0,16,0,0,5,1,5,2,0,3,4,7,0,1,0,0,0,0,0,0,0,7,1,1,0,0,0,0,1,1,2,0,KRBKRNvK,DRAW,8/8/1K3r2/8/8/RB6/4n3/2k5 w - - 0 1
0,1,0,0,0,0,0,1,-1,1,0,1,1,1,0,0,0,0,0,16,0,0,2,4,0,2,0,3,4,19,23,0,0,0,0,0,0,0,0,7,1,1,0,0,0,0,2,0,0,0,KRBKRNvK,DRAW,1n6/2r5/8/R7/7B/8/8/2k1K3 b - - 0 1
0,1,0,0,0,0,0,1,-1,1,0,1,1,1,0,0,0,0,0,16,0,0,2,2,7,4,7,4,3,23,21,0,0,0,0,0,0,0,0,7,1,1,0,0,0,0,3,3,0,0,KRBKRNvK,DRAW,2K1k3/8/8/r7/8/8/2BR1n2/8 b - - 0 1
1,1,0,0,0,0,0,1,-1,1,0,1,1,1,0,0,0,0,0,16,0,0,3,6,4,5,7,2,4,5,0,1,0,0,0,0,0,0,0,7,1,1,0,0,0,0,2,2,0,1,KRBKRNvK,DRAW,5k2/8/4n3/6K1/2r5/2B5/8/7R w - - 0 1
0,1,0,0,0,0,0,1,-1,1,0,1,1,1,0,0,0,0,0,16,0,0,2,3,7,1,5,3,3,24,19,0,0,0,0,0,0,0,0,7,1,1,0,1,0,0,1,0,0,0,KRBKRNvK,DRAW,3K2B1/8/1k6/8/8/8/7r/5nR1 b - - 0 1
1,1,0,0,0,0,0,1,-1,1,0,1,1,1,0,0,0,0,0,16,0,0,4,1,2,5,4,3,1,7,0,1,0,0,0,0,0,0,0,7,1,1,0,0,0,0,2,2,1,0,KRBKRNvK,LOSS,8/8/4R3/1B3k2/8/1K3r2/8/4n3 w - - 0 1
1,1,0,0,0,0,0,1,-1,1,0,1,1,1,0,0,0,0,0,16,0,0,4,4,1,0,3,2,3,30,23,0,0,0,0,0,0,0,0,7,1,1,0,0,0,0,3,1,0,0,KRBKRNvK,DRAW,1r6/8/6n1/7R/k7/8/4KB2/8 w - - 0 1
1,1,0,0,0,0,0,1,-1,1,0,1,1,1,0,0,0,0,0,16,0,0,2,5,7,7,6,4,5,27,24,0,0,0,0,0,0,0,0,7,1,1,0,1,0,0,1,0,0,0,KRBKRNvK,DRAW,5K2/7k/8/3n4/5B2/R7/1r6/8 w - - 0 1
1,1,0,0,0,0,0,1,-1,1,0,1,1,1,0,0,0,0,0,16,0,0,2,2,4,4,3,1,0,24,20,0,0,0,0,0,0,0,0,7,1,1,1,0,0,0,2,3,0,0,KRBKRNvK,DRAW,1r6/5R2/7B/2K5/4k3/8/8/4n3 w - - 0 1
0,1,0,0,0,0,0,1,-1,1,0,1,1,1,0,0,0,0,0,16,0,0,7,6,0,2,7,5,4,4,0,1,0,0,0,0,0,0,0,7,1,1,0,0,0,0,0,2,1,0,KRBKRNvK,DRAW,R1k4r/8/2n5/7B/8/8/8/6K1 b - - 0 1
1,1,0,0,0,0,0,1,-1,1,0,1,1,1,0,0,0,0,0,16,0,0,5,1,4,6,7,2,5,27,20,0,0,0,0,0,0,0,0,7,1,1,0,0,0,0,2,0,0,0,KRBKRNvK,DRAW,5rk1/8/3R4/1K6/8/8/1n6/4B3 w - - 0 1
0,1,0,0,0,0,0,1,-1,1,0,1,1,1,0,0,0,0,0,16,0,0,3,0,4,3,4,3,0,23,19,0,0,0,0,0,0,0,0,7,1,1,0,0,0,0,0,3,0,1,KRBKRNvK,DRAW,5B2/8/2rn4/K2k4/8/8/5R2/8 b - - 0 1
1,1,0,0,0,0,0,1,-1,1,0,1,1,1,0,0,0,0,0,16,0,0,3,5,5,6,2,2,3,22,19,0,0,0,0,0,0,0,0,7,1,1,0,0,0,0,1,2,1,1,KRBKRNvK,DRAW,4r3/8/5K1R/8/8/6k1/4B3/6n1 w - - 0 1
0,1,0,0,0,0,0,1,-1,1,0,1,1,1,0,0,0,0,0,16,0,0,3,5,2,2,0,2,4,16,25,0,0,0,0,0,0,0,0,7,1,1,0,1,0,0,2,0,0,2,KRBKRNvK,DRAW,8/8/4R3/8/8/5K2/6nr/2k2B2 b - - 0 1
0,1,0,0,0,0,0,1,-1,1,0,1,1,1,0,0,0,0,0,16,0,0,3,3,5,0,6,1,5,23,28,0,0,0,0,0,0,0,0,7,1,1,0,0,0,0,3,1,2,0,KRBKRNvK,DRAW,8/k7/2BK4/1R6/8/3n4/8/5r2 b - - 0 1
1,1,0,0,0,0,0,1,-1,1,0,1,1,1,0,0,0,0,0,16,0,0,3,6,4,3,6,2,2,26,21,0,0,0,0,0,0,0,0,7,1,1,0,0,0,0,3,0,1,0,KRBKRNvK,DRAW,8/B2k4/4R3/6K1/8/8/n7/7r w - - 0 1
1,1,0,0,0,0,0,1,-1,1,0,1,1,1,0,0,0,0,0,16,0,0,5,2,5,5,0,2,4,26,20,0,0,0,0,0,0,0,0,7,1,1,0,0,0,0,1,0,1,0,KRBKRNvK,DRAW,6r1/8/2K5/8/B7/7R/8/5kn1 w - - 0 1
0,1,0,0,0,0,0,1,-1,1,0,1,1,1,0,0,0,0,0,16,0,0,3,3,6,3,3,2,0,5,0,1,0,0,0,0,0,0,0,7,1,1,0,0,0,0,3,4,1,0,KRBKRNvK,DRAW,B7/3K4/8/8/1R1k4/5nr1/8/8 b - - 0 1
0,1,0,0,0,0,0,1,-1,1,0,1,1,1,0,0,0,0,0,16,0,0,2,5,2,4,4,2,0,18,25,0,0,0,0,0,0,0,0,7,1,1,0,0,0,0,2,4,0,2,KRBKRNvK,DRAW,8/8/8/3rk3/1R6/5K2/8/2B2n2 b - - 0 1
0,1,0,0,0,0,0,1,-1,1,0,1,1,1,0,0,0,0,0,16,0,0,4,4,6,0,4,2,3,3,0,1,0,0,0,0,0,0,0,7,1,1,0,0,0,0,2,0,1,0,KRBKRNvK,DRAW,r7/4K3/8/k2R4/8/2B5/6n1/8 b - - 0 1
0,1,0,0,0,0,0,1,-1,1,0,1,1,1,0,0,0,0,0,16,0,0,7,0,2,7,4,4,3,24,22,0,0,0,0,0,0,0,0,7,1,1,0,0,0,0,2,1,0,2,KRBKRNvK,DRAW,8/8/8/7k/B7/Kn1R4/8/2r5 b - - 0 1
0,1,0,0,0,0,0,1,-1,1,0,1,1,1,0,0,0,0,0,16,0,0,3,4,0,3,3,3,0,19,30,0,0,0,0,0,0,0,0,7,1,1,0,0,0,0,2,4,1,0,KRBKRNvK,DRAW,8/8/3B4/R6n/3k2r1/8/8/4K3 b - - 0 1
0,1,0,0,0,0,0,1,-1,1,0,1,1,1,0,0,0,0,0,16,0,0,2,7,5,7,7,4,6,1,0,1,0,0,0,0,0,0,0,7,1,1,0,0,0,0,2,1,1,0,KRBKRNvK,DRAW,B4R1k/8/7K/8/8/8/5n2/6r1 b - - 0 1
0,1,0,0,0,0,0,1,-1,1,0,1,1,1,0,0,0,0,0,16,0,0,5,2,1,3,6,3,2,26,30,0,0,0,0,0,0,0,0,7,1,1,0,0,0,0,0,2,0,1,KRBKRNvK,DRAW,8/3k4/8/7n/r7/5R2/2KB4/8 b - - 0 1
0,1,0,0,0,0,0,1,-1,1,0,1,1,1,0,0,0,0,0,16,0,0,4,2,5,4,1,2,2,4,0,1,0,0,0,0,0,0,0,7,1,1,0,0,0,0,2,1,2,1,KRBKRNvK,DRAW,8/8/2K1n3/8/2BR4/8/4k3/6r1 b - - 0 1
1,1,0,0,0,0,0,1,-1,1,0,1,1,1,0,0,0,0,0,16,0,0,3,3,4,0,3,0,3,27,23,0,0,0,0,0,0,0,0,7,1,1,1,1,0,0,3,1,0,0,KRBKRNvK,DRAW,5B2/7R/8/3K2n1/k7/8/5r2/8 w - - 0 1
1,1,0,0,0,0,0,1,-1,1,0,1,1,1,0,0,0,0,0,16,0,0,7,1,7,3,0,5,3,2,0,1,0,0,0,0,0,0,0,7,1,1,1,0,0,0,0,2,0,1,KRBKRNvK,DRAW,1K3r2/7R/2n5/6B1/8/8/8/3k4 w - - 0 1
1,1,0,0,0,0,0,1,-1,1,0,1,1,1,0,0,0,0,0,16,0,0,3,1,7,4,7,5,3,20,19,0,0,0,0,0,0,0,0,7,1,1,0,0,0,0,2,1,0,0,KRBKRNvK,DRAW,1K2k3/8/8/1n6/8/8/8/3RBr2 w - - 0 1
0,1,0,0,0,0,0,1,-1,1,0,1,1,1,0,0,0,0,0,16,0,0,5,5,0,6,5,4,3,25,20,0,0,0,0,0,0,0,0,7,1,1,0,0,0,0,0,2,0,2,KRBKRNvK,DRAW,8/8/B5k1/8/8/3r4/8/2R1nK2 b - - 0 1
1,1,0,0,0,0,0,1,-1,1,0,1,1,1,0,0,0,0,0,16,0,0,6,4,7,1,1,3,4,25,22,0,0,0,0,0,0,0,0,7,1,1,0,0,0,0,2,2,0,0,KRBKRNvK,DRAW,4K3/8/8/8/5rB1/4R3/1k3n2/8 w - - 0 1
0,1,0,0,0,0,0,1,-1,1,0,1,1,1,0,0,0,0,0,16,0,0,7,7,0,0,4,6,3,3,0,1,0,0,0,0,0,0,0,7,1,1,0,0,0,0,1,2,0,1,KRBKRNvK,DRAW,8/8/8/k7/6r1/8/7n/R5BK b - - 0 1
1,1,0,0,0,0,0,1,-1,1,0,1,1,1,0,0,0,0,0,16,0,0,4,7,6,5,2,5,2,16,24,0,0,0,0,0,0,0,0,7,1,1,0,0,0,0,0,1,0,0,KRBKRNvK,DRAW,7R/7K/B1r5/2n5/8/5k2/8/8 w - - 0 1
0,1,0,0,0,0,0,1,-1,1,0,1,1,1,0,0,0,0,0,16,0,0,4,6,5,2,7,3,4,21,27,0,0,0,0,0,0,0,0,7,1,1,0,0,0,0,2,2,1,0,KRBKRNvK,DRAW,2k5/8/4R1K1/8/3r4/8/2B5/7n b - - 0 1
0,1,0,0,0,0,0,1,-1,1,0,1,1,1,0,0,0,0,0,16,0,0,5,6,0,4,5,5,1,28,18,0,0,0,0,0,0,0,0,7,1,1,0,0,0,0,1,2,0,0,KRBKRNvK,DRAW,7r/8/1n2k3/8/8/4B3/8/4R1K1 b - - 0 1
1,1,0,0,0,0,0,1,-1,1,0,1,1,1,0,0,0,0,0,16,0,0,7,7,0,2,7,6,4,3,0,1,0,0,0,0,0,0,0,7,1,1,1,0,0,0,1,1,1,0,KRBKRNvK,LOSS,2k5/1R6/7r/8/6n1/8/5B2/7K w - - 0 1
0,1,0,0,0,0,0,1,-1,1,0,1,1,1,0,0,0,0,0,16,0,0,4,2,5,6,7,2,5,2,0,1,0,0,0,0,0,0,0,7,1,1,0,0,0,0,3,2,1,2,KRBKRNvK,DRAW,2R3k1/8/2K2B2/r7/n7/8/8/8 b - - 0 1
1,1,0,0,0,0,0,1,-1,1,0,1,1,1,0,0,0,0,0,16,0,0,5,7,0,4,5,6,1,2,0,1,0,0,0,0,0,0,0,7,1,1,0,0,0,0,0,3,1,0,KRBKRNvK,DRAW,2R5/8/4k3/8/1B5n/8/8/3r3K w - - 0 1
0,1,0,0,0,0,0,1,-1,1,0,1,1,1,0,0,0,0,0,16,0,0,5,7,6,2,4,5,1,25,21,0,0,0,0,0,0,0,0,7,1,1,0,0,0,0,0,4,0,0,KRBKRNvK,DRAW,8/7K/8/2k5/3r4/3n1R2/2B5/8 b - - 0 1
0,1,0,0,0,0,0,1,-1,1,0,1,1,1,0,0,0,0,0,16,0,0,3,0,0,1,3,6,2,29,23,0,0,0,0,0,0,0,0,7,1,1,0,0,0,0,2,3,0,0,KRBKRNvK,DRAW,8/3r4/5n2/8/1k6/8/4R3/KB6 b - - 0 1
0,1,0,0,0,0,0,1,-1,1,0,1,1,1,0,0,0,0,0,16,0,0,3,4,1,1,4,2,2,25,22,0,0,0,0,0,0,0,0,7,1,1,0,0,0,0,3,1,1,0,KRBKRNvK,DRAW,8/8/1n1B4/1k6/8/r7/3RK3/8 b - - 0 1
0,1,0,0,0,0,0,1,-1,1,0,1,1,1,0,0,0,0,0,16,0,0,3,3,5,2,2,1,2,24,21,0,0,0,0,0,0,0,0,7,1,1,0,0,0,0,2,3,0,0,KRBKRNvK,DRAW,3B3R/8/3K4/8/8/1nk1r3/8/8 b - - 0 1
0,1,0,0,0,0,0,1,-1,1,0,1,1,1,0,0,0,0,0,16,0,0,2,6,1,7,3,4,3,3,0,1,0,0,0,0,0,0,0,7,1,1,0,0,0,0,3,2,1,0,KRBKRNvK,DRAW,8/8/8/n7/7k/8/4RBK1/3r4 b - - 0 1
0,1,0,0,0,0,0,1,-1,1,0,1,1,1,0,0,0,0,0,16,0,0,5,3,7,2,2,3,2,23,26,0,0,0,0,0,0,0,0,7,1,1,0,1,0,0,2,1,1,0,KRBKRNvK,DRAW,3K4/4B3/8/8/R7/2k4n/6r1/8 b - - 0 1
0,1,0,0,0,0,0,1,-1,1,0,1,1,1,0,0,0,0,0,16,0,0,3,0,0,2,3,6,1,4,0,1,0,0,0,0,0,0,0,7,1,1,0,0,0,0,3,3,1,0,KRBKRNvK,DRAW,5r2/8/5n2/8/2kR4/8/8/K5B1 b - - 0 1
0,1,0,0,0,0,0,1,-1,1,0,1,1,1,0,0,0,0,0,16,0,0,5,4,0,5,5,3,2,6,0,1,0,0,0,0,0,0,0,7,1,1,0,0,0,0,0,2,0,0,KRBKRNvK,DRAW,8/8/5k2/r7/1B6/n7/8/4KR2 b - - 0 1
1,1,0,0,0,0,0,1,-1,1,0,1,1,1,0,0,0,0,0,16,0,0,2,1,5,3,6,3,2,25,22,0,0,0,0,0,0,0,0,7,1,1,0,1,0,0,2,2,0,0,KRBKRNvK,DRAW,8/3k4/1K6/8/8/2n5/6Br/1R6 w - - 0 1
1,1,0,0,0,0,0,1,-1,1,0,1,1,1,0,0,0,0,0,16,0,0,2,4,3,2,2,0,2,29,19,0,0,0,0,0,0,0,0,7,1,1,1,0,0,0,3,1,0,0,KRBKRNvK,DRAW,7n/1R6/r7/8/4K3/2k3B1/8/8 w - - 0 1
0,1,0,0,0,0,0,1,-1,1,0,1,1,1,0,0,0,0,0,16,0,0,2,3,2,5,3,1,1,20,23,0,0,0,0,0,0,0,0,7,1,1,0,1,0,0,3,2,0,1,KRBKRNvK,DRAW,B7/5n2/R7/8/5k2/3K4/5r2/8 b - - 0 1
0,1,0,0,0,0,0,1,-1,1,0,1,1,1,0,0,0,0,0,16,0,0,5,1,6,6,5,4,3,7,0,1,0,0,0,0,0,0,0,7,1,1,0,0,0,0,1,3,0,0,KRBKRNvK,DRAW,8/BK6/R5k1/8/4r3/6n1/8/8 b - - 0 1
1,1,0,0,0,0,0,1,-1,1,0,1,1,1,0,0,0,0,0,16,0,0,5,6,0,1,1,5,4,3,0,1,0,0,0,0,0,0,0,7,1,1,0,0,0,0,2,0,0,2,KRBKRNvK,DRAW,8/8/8/3B4/8/6rn/1k6/4R1K1 w - - 0 1
0,1,0,0,0,0,0,1,-1,1,0,1,1,1,0,0,0,0,0,16,0,0,4,4,2,0,1,1,5,21,20,0,0,0,0,0,0,0,0,7,1,1,0,0,0,0,3,2,0,1,KRBKRNvK,DRAW,8/6n1/8/8/5r2/3RK2B/k7/8 b - - 0 1
1,1,0,0,0,0,0,1,-1,1,0,1,1,1,0,0,0,0,0,16,0,0,4,7,7,7,3,6,3,3,0,1,0,0,0,0,0,0,0,7,1,1,0,0,0,0,3,1,1,1,KRBKRNvK,DRAW,7K/2r2n2/1B6/6R1/7k/8/8/8 w - - 0 1
0,1,0,0,0,0,0,1,-1,1,0,1,1,1,0,0,0,0,0,16,0,0,4,6,1,2,2,4,2,6,0,1,0,0,0,0,0,0,0,7,1,1,0,0,0,0,0,2,0,0,KRBKRNvK,DRAW,8/r6B/6n1/8/8/2k3R1/6K1/8 b - - 0 1
0,1,0,0,0,0,0,1,-1,1,0,1,1,1,0,0,0,0,0,16,0,0,4,0,0,4,3,6,0,21,16,0,0,0,0,0,0,0,0,7,1,1,0,0,0,0,0,4,1,0,KRBKRNvK,DRAW,8/8/1n6/8/4kr2/8/3B4/K2R4 b - - 0 1
0,1,0,0,0,0,0,1,-1,1,0,1,1,1,0,0,0,0,0,16,0,0,4,4,3,0,6,0,5,17,26,0,0,0,0,0,0,0,0,7,1,1,0,0,0,0,3,0,0,0,KRBKRNvK,DRAW,7n/k4r2/3R4/8/4K3/8/8/4B3 b - - 0 1
0,1,0,0,0,0,0,1,-1,1,0,1,1,1,0,0,0,0,0,16,0,0,5,1,2,6,2,3,3,24,29,0,0,0,0,0,0,0,0,7,1,1,0,0,0,0,1,2,0,0,KRBKRNvK,DRAW,8/8/1B6/4r3/8/1K4k1/8/2R2n2 b - - 0 1
0,1,0,0,0,0,0,1,-1,1,0,1,1,1,0,0,0,0,0,16,0,0,5,2,3,7,3,1,3,3,0,1,0,0,0,0,0,0,0,7,1,1,0,0,0,0,3,2,1,0,KRBKRNvK,DRAW,8/n7/8/8/2K4k/8/2B4R/3r4 b - - 0 1
1,1,0,0,0,0,0,1,-1,1,0,1,1,1,0,0,0,0,0,16,0,0,4,3,0,1,4,3,2,27,19,0,0,0,0,0,0,0,0,7,1,1,0,0,0,0,1,2,0,0,KRBKRNvK,DRAW,5n2/8/4B3/1k2r3/8/8/2R5/3K4 w - - 0 1
0,1,0,0,0,0,0,1,-1,1,0,1,1,1,0,0,0,0,0,16,0,0,2,2,5,4,7,2,3,26,24,0,0,0,0,0,0,0,0,7,1,1,0,0,0,0,1,0,0,1,KRBKRNvK,DRAW,4k3/6r1/2K5/8/4n3/8/R7/5B2 b - - 0 1
1,1,0,0,0,0,0,1,-1,1,0,1,1,1,0,0,0,0,0,16,0,0,5,5,6,0,4,3,3,7,0,1,0,0,0,0,0,0,0,7,1,1,0,0,0,0,2,2,1,1,KRBKRNvK,DRAW,8/3r1K2/n7/k5B1/1R6/8/8/8 w - - 0 1
1,1,0,0,0,0,0,1,-1,1,0,1,1,1,0,0,0,0,0,16,0,0,3,0,7,3,6,6,2,18,25,0,0,0,0,0,0,0,0,7,1,1,0,0,0,0,1,0,0,0,KRBKRNvK,DRAW,K7/3k4/8/7n/8/RB6/8/2r5 w - - 0 1
1,1,0,0,0,0,0,1,-1,1,0,1,1,1,0,0,0,0,0,16,0,0,4,6,4,6,0,2,5,7,0,1,0,0,0,0,0,0,0,7,1,1,0,0,0,0,3,2,0,0,KRBKRNvK,DRAW,8/8/5B2/1r4K1/n7/3R4/8/6k1 w - - 0 1
1,1,0,0,0,0,0,1,-1,1,0,1,1,1,0,0,0,0,0,16,0,0,3,1,6,2,3,4,1,4,0,1,0,0,0,0,0,0,0,7,1,1,1,1,0,0,1,3,1,1,KRBKRNvK,DRAW,8/1KR5/3B4/2n5/2k5/8/1r6/8 w - - 0 1
1,1,0,0,0,0,0,1,-1,1,0,1,1,1,0,0,0,0,0,16,0,0,5,0,5,5,5,4,2,23,18,0,0,0,0,0,0,0,0,7,1,1,0,0,0,0,2,1,0,1,KRBKRNvK,DRAW,2n5/8/K4k1r/8/8/8/B2R4/8 w - - 0 1
0,1,0,0,0,0,0,1,-1,1,0,1,1,1,0,0,0,0,0,16,0,0,5,6,2,6,7,3,5,18,20,0,0,0,0,0,0,0,0,7,1,1,0,1,0,0,1,0,0,1,KRBKRNvK,DRAW,6k1/8/8/2B5/8/6KR/n4r2/8 b - - 0 1
1,1,0,0,0,0,0,1,-1,1,0,1,1,1,0,0,0,0,0,16,0,0,4,0,4,4,7,3,3,23,20,0,0,0,0,0,0,0,0,7,1,1,0,1,0,0,2,0,1,0,KRBKRNvK,DRAW,4kB2/8/8/KR6/8/8/n4r2/8 w - - 0 1
0,1,0,0,0,0,0,1,-1,1,0,1,1,1,0,0,0,0,0,16,0,0,3,5,4,2,3,1,1,23,29,0,0,0,0,0,0,0,0,7,1,1,1,0,0,0,4,2,0,0,KRBKRNvK,DRAW,7r/3R4/n7/5K2/2k5/8/8/2B5 b - - 0 1
0,1,0,0,0,0,0,1,-1,1,0,1,1,1,0,0,0,0,0,16,0,0,2,3,5,5,5,1,2,3,0,1,0,0,0,0,0,0,0,7,1,1,0,0,0,0,3,2,1,2,KRBKRNvK,DRAW,8/4B3/3K1k2/5r2/1n6/3R4/8/8 b - - 0 1
1,1,0,0,0,0,0,1,-1,1,0,1,1,1,0,0,0,0,0,16,0,0,3,6,0,5,3,5,1,3,0,1,0,0,0,0,0,0,0,7,1,1,0,0,0,0,3,2,2,0,KRBKRNvK,LOSS,8/8/8/6Rn/5k2/8/6B1/2r3K1 w - - 0 1
0,1,0,0,0,0,0,1,-1,1,0,1,1,1,0,0,0,0,0,16,0,0,4,3,2,3,6,1,2,2,0,1,0,0,0,0,0,0,0,7,1,1,0,1,0,0,3,2,1,1,KRBKRNvK,DRAW,4R3/3k4/8/8/B7/3K1n2/6r1/8 b - - 0 1
1,1,0,0,0,0,0,1,-1,1,0,1,1,1,0,0,0,0,0,16,0,0,5,7,2,7,7,4,6,6,0,1,0,0,0,0,0,0,0,7,1,1,0,0,0,0,1,1,0,0,KRBKRNvK,DRAW,7k/4n3/8/8/4B3/r6K/6R1/8 w - - 0 1
1,1,0,0,0,0,0,1,-1,1,0,1,1,1,0,0,0,0,0,16,0,0,7,1,0,3,7,5,3,29,13,0,0,0,0,0,0,0,0,7,1,1,1,0,0,0,1,0,0,0,KRBKRNvK,DRAW,3k4/R7/8/8/8/4B2r/8/1K5n w - - 0 1
0,1,0,0,0,0,0,1,-1,1,0,1,1,1,0,0,0,0,0,16,0,0,2,3,2,2,4,1,1,17,22,0,0,0,0,0,0,0,0,7,1,1,0,0,0,0,3,2,2,1,KRBKRNvK,DRAW,8/5r2/4R3/2k5/3n4/3KB3/8/8 b - - 0 1
1,1,0,0,0,0,0,1,-1,1,0,1,1,1,0,0,0,0,0,16,0,0,2,3,6,1,4,2,2,6,0,1,0,0,0,0,0,0,0,7,1,1,0,0,0,0,2,1,0,0,KRBKRNvK,DRAW,B7/r2K4/5Rn1/1k6/8/8/8/8 w - - 0 1
0,1,0,0,0,0,0,1,-1,1,0,1,1,1,0,0,0,0,0,16,0,0,7,3,7,6,0,3,5,24,20,0,0,0,0,0,0,0,0,7,1,1,0,0,0,0,0,1,1,1,KRBKRNvK,DRAW,R2K4/1r6/8/8/8/8/2n1B3/6k1 b - - 0 1
1,1,0,0,0,0,0,1,-1,1,0,1,1,1,0,0,0,0,0,16,0,0,6,6,2,0,1,3,5,4,0,1,0,0,0,0,0,0,0,7,1,1,0,0,0,0,2,1,0,2,KRBKRNvK,DRAW,8/8/7B/8/6n1/3R2K1/k7/6r1 w - - 0 1
0,1,0,0,0,0,0,1,-1,1,0,1,1,1,0,0,0,0,0,16,0,0,2,2,2,1,4,2,2,25,20,0,0,0,0,0,0,0,0,7,1,1,0,0,0,0,2,3,1,0,KRBKRNvK,DRAW,8/8/2n5/1k5r/8/2KR4/4B3/8 b - - 0 1
1,1,0,0,0,0,0,1,-1,1,0,1,1,1,0,0,0,0,0,16,0,0,2,7,2,5,2,4,2,0,0,1,0,0,0,0,0,0,0,7,1,1,0,0,0,0,2,1,1,0,KRBKRNvK,LOSS,8/8/7r/n7/8/B4k1K/8/3R4 w - - 0 1
1,1,0,0,0,0,0,1,-1,1,0,1,1,1,0,0,0,0,0,16,0,0,2,6,7,5,5,5,2,26,21,0,0,0,0,0,0,0,0,7,1,1,0,0,0,0,0,1,0,0,KRBKRNvK,DRAW,6K1/8/5k2/8/1B6/3n4/2R5/3r4 w - - 0 1
1,1,0,0,0,0,0,1,-1,1,0,1,1,1,0,0,0,0,0,16,0,0,2,3,4,3,2,0,1,19,20,0,0,0,0,0,0,0,0,7,1,1,0,0,0,0,4,2,1,0,KRBKRNvK,DRAW,8/8/8/R2K4/6r1/1B1k4/6n1/8 w - - 0 1
0,1,0,0,0,0,0,1,-1,1,0,1,1,1,0,0,0,0,0,16,0,0,2,4,4,6,5,0,3,21,22,0,0,0,0,0,0,0,0,7,1,1,0,1,0,0,4,0,1,0,KRBKRNvK,DRAW,8/n7/6k1/4K3/4R3/3B4/r7/8 b - - 0 1
1,1,0,0,0,0,0,1,-1,1,0,1,1,1,0,0,0,0,0,16,0,0,3,4,1,1,4,2,2,24,19,0,0,0,0,0,0,0,0,7,1,1,0,0,0,0,2,2,1,0,KRBKRNvK,DRAW,3r3n/8/8/1k6/2R3B1/8/4K3/8 w - - 0 1
1,1,0,0,0,0,0,1,-1,1,0,1,1,1,0,0,0,0,0,16,0,0,4,4,5,2,1,1,3,22,20,0,0,0,0,0,0,0,0,7,1,1,0,0,0,0,3,2,1,0,KRBKRNvK,DRAW,8/8/4K3/n6r/8/3R4/2k5/5B2 w - - 0 1
1,1,0,0,0,0,0,1,-1,1,0,1,1,1,0,0,0,0,0,16,0,0,6,7,7,1,6,6,4,22,22,0,0,0,0,0,0,0,0,7,1,1,0,0,0,0,3,1,0,0,KRBKRNvK,DRAW,7K/1k6/6B1/8/4R3/6n1/8/6r1 w - - 0 1
0,1,0,0,0,0,0,1,-1,1,0,1,1,1,0,0,0,0,0,16,0,0,4,2,4,6,0,1,5,5,0,1,0,0,0,0,0,0,0,7,1,1,1,0,0,0,2,2,0,2,KRBKRNvK,LOSS,8/n5R1/8/2K5/3r4/B7/8/6k1 b - - 0 1
1,1,0,0,0,0,0,1,-1,1,0,1,1,1,0,0,0,0,0,16,0,0,7,5,0,1,7,4,5,3,0,1,0,0,0,0,0,0,0,7,1,1,0,0,0,0,2,0,0,0,KRBKRNvK,DRAW,1k6/8/8/8/R2n4/8/2B5/2r2K2 w - - 0 1
0,1,0,0,0,0,0,1,-1,1,0,1,1,1,0,0,0,0,0,16,0,0,3,5,4,7,7,1,6,20,29,0,0,0,0,0,0,0,0,7,1,1,1,1,0,0,2,1,0,0,KRBKRNvK,DRAW,7k/4R3/8/5K1B/1n6/8/r7/8 b - - 0 1
1,1,0,0,0,0,0,1,-1,1,0,1,1,1,0,0,0,0,0,16,0,0,5,7,0,2,1,6,3,2,0,1,0,0,0,0,0,0,0,7,1,1,0,0,0,0,1,3,0,0,KRBKRNvK,DRAW,R7/5n2/8/2B5/7r/8/2k5/7K w - - 0 1
0,1,0,0,0,0,0,1,-1,1,0,1,1,1,0,0,0,0,0,16,0,0,7,6,0,2,7,5,4,21,21,0,0,0,0,0,0,0,0,7,1,1,0,0,0,0,1,2,0,0,KRBKRNvK,DRAW,2k5/8/8/8/2r5/8/n7/1B3RK1 b - - 0 1
0,1,0,0,0,0,0,1,-1,1,0,1,1,1,0,0,0,0,0,16,0,0,4,0,4,4,4,3,0,28,18,0,0,0,0,0,0,0,0,7,1,1,0,0,0,0,0,3,0,0,KRBKRNvK,DRAW,8/8/7r/K3kn2/B7/8/R7/8 b - - 0 1
0,1,0,0,0,0,0,1,-1,1,0,1,1,1,0,0,0,0,0,16,0,0,4,0,1,1,5,5,3,21,30,0,0,0,0,0,0,0,0,7,1,1,1,0,0,0,2,0,1,0,KRBKRNvK,DRAW,8/n2R4/1k6/8/4B3/8/K7/5r2 b - - 0 1
0,1,0,0,0,0,0,1,-1,1,0,1,1,1,0,0,0,0,0,16,0,0,6,6,3,0,5,2,4,24,24,0,0,0,0,0,0,0,0,7,1,1,0,0,0,0,0,1,1,2,KRBKRNvK,DRAW,2R5/3B4/k6r/5n2/6K1/8/8/8 b - - 0 1
1,1,0,0,0,0,0,1,-1,1,0,1,1,1,0,0,0,0,0,16,0,0,6,4,7,1,1,3,4,22,24,0,0,0,0,0,0,0,0,7,1,1,0,1,0,0,0,0,1,0,KRBKRNvK,DRAW,3BK3/8/8/3n4/8/8/1k3r2/2R5 w - - 0 1
1,1,0,0,0,0,0,1,-1,1,0,1,1,1,0,0,0,0,0,16,0,0,4,3,5,7,6,1,5,8,0,1,0,0,0,0,0,0,0,7,1,1,0,0,0,0,4,2,0,0,KRBKRNvK,DRAW,8/7k/3K4/1B6/6R1/8/8/3r2n1 w - - 0 1
1,1,0,0,0,0,0,1,-1,1,0,1,1,1,0,0,0,0,0,16,0,0,3,4,3,2,6,0,3,23,21,0,0,0,0,0,0,0,0,7,1,1,0,0,0,0,4,2,0,0,KRBKRNvK,DRAW,8/2kr2B1/8/8/4K3/n7/8/4R3 w - - 0 1
0,1,0,0,0,0,0,1,-1,1,0,1,1,1,0,0,0,0,0,16,0,0,3,1,2,4,2,3,1,3,0,1,0,0,0,0,0,0,0,7,1,1,0,1,0,0,2,3,1,1,KRBKRNvK,DRAW,8/8/8/8/8/1K2k1R1/3r1n2/B7 b - - 0 1
1,1,0,0,0,0,0,1,-1,1,0,1,1,1,0,0,0,0,0,16,0,0,3,4,3,7,0,0,6,31,11,0,0,0,0,0,0,0,0,7,1,1,0,0,0,0,3,0,1,0,KRBKRNvK,WIN,6nr/8/8/1R6/4K3/6B1/8/7k w - - 0 1
0,1,0,0,0,0,0,1,-1,1,0,1,1,1,0,0,0,0,0,16,0,0,2,2,4,3,6,1,2,4,0,1,0,0,0,0,0,0,0,7,1,1,0,0,0,0,2,0,2,0,KRBKRNvK,DRAW,1RB5/3k4/8/2K5/8/6r1/1n6/8 b - - 0 1
1,1,0,0,0,0,0,1,-1,1,0,1,1,1,0,0,0,0,0,16,0,0,4,0,3,1,7,3,5,5,0,1,0,0,0,0,0,0,0,7,1,1,0,0,0,0,2,3,0,0,KRBKRNvK,DRAW,1k6/2n5/8/6B1/K5r1/8/8/4R3 w - - 0 1
0,1,0,0,0,0,0,1,-1,1,0,1,1,1,0,0,0,0,0,16,0,0,2,1,2,3,3,3,0,17,24,0,0,0,0,0,0,0,0,7,1,1,0,0,0,0,0,3,1,2,KRBKRNvK,DRAW,4B3/8/8/8/3k4/1K6/1n3R2/1r6 b - - 0 1
0,1,0,0,0,0,0,1,-1,1,0,1,1,1,0,0,0,0,0,16,0,0,5,5,0,0,0,4,6,20,21,0,0,0,0,0,0,0,0,7,1,1,0,0,0,0,2,0,0,0,KRBKRNvK,DRAW,4n3/6r1/8/8/8/5B2/8/k4K1R b - - 0 1
1,1,0,0,0,0,0,1,-1,1,0,1,1,1,0,0,0,0,0,16,0,0,6,1,0,7,5,5,4,25,23,0,0,0,0,0,0,0,0,7,1,1,0,0,0,0,2,3,0,0,KRBKRNvK,DRAW,3B4/8/4r2k/1R6/5n2/8/8/1K6 w - - 0 1
1,1,0,0,0,0,0,1,-1,1,0,1,1,1,0,0,0,0,0,16,0,0,6,2,7,0,1,4,5,26,21,0,0,0,0,0,0,0,0,7,1,1,0,0,0,0,2,2,0,0,KRBKRNvK,DRAW,2K5/1B6/7R/8/nr6/8/k7/8 w - - 0 1
1,1,0,0,0,0,0,1,-1,1,0,1,1,1,0,0,0,0,0,16,0,0,2,3,5,5,5,1,2,5,0,1,0,0,0,0,0,0,0,7,1,1,0,0,0,0,2,2,1,2,KRBKRNvK,DRAW,8/8/3K1k1B/8/2n1r3/6R1/8/8 w - - 0 1
1,1,0,0,0,0,0,1,-1,1,0,1,1,1,0,0,0,0,0,16,0,0,4,2,7,5,3,4,1,22,26,0,0,0,0,0,0,0,0,7,1,1,0,0,0,0,0,2,0,0,KRBKRNvK,DRAW,2K5/5n2/B1R5/8/5k2/r7/8/8 w - - 0 1
0,1,0,0,0,0,0,1,-1,1,0,1,1,1,0,0,0,0,0,16,0,0,5,3,1,3,6,2,2,6,0,1,0,0,0,0,0,0,0,7,1,1,1,0,0,0,1,2,0,2,KRBKRNvK,DRAW,8/R2k4/8/8/4r3/8/2nK4/6B1 b - - 0 1
1,1,0,0,0,0,0,1,-1,1,0,1,1,1,0,0,0,0,0,16,0,0,4,2,5,4,1,2,2,26,22,0,0,0,0,0,0,0,0,7,1,1,1,0,0,0,2,1,0,0,KRBKRNvK,DRAW,8/BR6/2K5/5nr1/8/8/4k3/8 w - - 0 1
1,1,0,0,0,0,0,1,-1,1,0,1,1,1,0,0,0,0,0,16,0,0,4,5,4,3,0,1,3,5,0,1,0,0,0,0,0,0,0,7,1,1,0,0,0,0,3,0,0,1,KRBKRNvK,DRAW,5r2/8/8/5K2/8/7n/R7/3k2B1 w - - 0 1
1,1,0,0,0,0,0,1,-1,1,0,1,1,1,0,0,0,0,0,16,0,0,4,0,1,2,5,5,2,25,23,0,0,0,0,0,0,0,0,7,1,1,0,0,0,0,1,2,0,0,KRBKRNvK,DRAW,8/3r4/2k3B1/8/8/6R1/K7/7n w - - 0 1
1,1,0,0,0,0,0,1,-1,1,0,1,1,1,0,0,0,0,0,16,0,0,4,6,0,4,4,5,0,26,25,0,0,0,0,0,0,0,0,7,1,1,1,0,0,0,1,4,1,0,KRBKRNvK,DRAW,8/1R6/6B1/4k3/6n1/2r5/8/6K1 w - - 0 1
0,1,0,0,0,0,0,1,-1,1,0,1,1,1,0,0,0,0,0,16,0,0,7,0,3,7,0,3,6,19,22,0,0,0,0,0,0,0,0,7,1,1,0,0,0,0,3,0,0,1,KRBKRNvK,DRAW,7B/8/8/8/K7/2r5/3R4/4n2k b - - 0 1
1,1,0,0,0,0,0,1,-1,1,0,1,1,1,0,0,0,0,0,16,0,0,2,3,0,5,0,3,4,20,21,0,0,0,0,0,0,0,0,7,1,1,1,0,0,0,0,1,0,1,KRBKRNvK,DRAW,8/3B2R1/7r/8/8/1n6/8/3K1k2 w - - 0 1
0,1,0,0,0,0,0,1,-1,1,0,1,1,1,0,0,0,0,0,16,0,0,4,2,5,2,1,2,3,24,27,0,0,0,0,0,0,0,0,7,1,1,0,0,0,0,2,0,0,1,KRBKRNvK,DRAW,nB6/8/2K5/5R2/8/7r/2k5/8 b - - 0 1
0,1,0,0,0,0,0,1,-1,1,0,1,1,1,0,0,0,0,0,16,0,0,3,5,4,3,7,1,3,24,22,0,0,0,0,0,0,0,0,7,1,1,1,0,0,0,3,2,1,1,KRBKRNvK,DRAW,3k4/5R2/5n2/5K2/8/8/1B6/7r b - - 0 1
0,1,0,0,0,0,0,1,-1,1,0,1,1,1,0,0,0,0,0,16,0,0,2,3,1,3,3,2,0,3,0,1,0,0,0,0,0,0,0,7,1,1,0,0,0,0,2,3,2,1,KRBKRNvK,DRAW,8/8/3R4/1B6/3k3n/8/3K4/4r3 b - - 0 1
1,1,0,0,0,0,0,1,-1,1,0,1,1,1,0,0,0,0,0,16,0,0,5,2,1,7,6,3,5,6,0,1,0,0,0,0,0,0,0,7,1,1,0,0,0,0,2,0,0,1,KRBKRNvK,DRAW,8/7k/2B3r1/8/8/n7/2K5/2R5 w - - 0 1
1,1,0,0,0,0,0,1,-1,1,0,1,1,1,0,0,0,0,0,16,0,0,5,0,6,5,3,5,1,4,0,1,0,0,0,0,0,0,0,7,1,1,0,0,0,0,3,2,1,0,KRBKRNvK,DRAW,4R3/K5r1/8/3n4/5k2/8/6B1/8 w - - 0 1
0,1,0,0,0,0,0,1,-1,1,0,1,1,1,0,0,0,0,0,16,0,0,3,3,1,0,4,2,3,1,0,1,0,0,0,0,0,0,0,7,1,1,0,0,0,0,1,1,1,0,KRBKRNvK,DRAW,8/8/r3n3/k1B5/8/8/R2K4/8 b - - 0 1
1,1,0,0,0,0,0,1,-1,1,0,1,1,1,0,0,0,0,0,16,0,0,7,0,1,7,2,5,4,5,0,1,0,0,0,0,0,0,0,7,1,1,0,1,0,0,1,0,0,0,KRBKRNvK,DRAW,8/B7/8/8/8/7k/K6r/1R4n1 w - - 0 1
1,1,0,0,0,0,0,1,-1,1,0,1,1,1,0,0,0,0,0,16,0,0,3,6,0,3,3,5,0,26,24,0,0,0,0,0,0,0,0,7,1,1,0,0,0,0,0,3,1,1,KRBKRNvK,DRAW,7R/8/5r2/8/1B1k4/8/5n2/6K1 w - - 0 1
0,1,0,0,0,0,0,1,-1,1,0,1,1,1,0,0,0,0,0,16,0,0,3,7,6,6,3,5,2,15,24,0,0,0,0,0,0,0,0,7,1,1,0,0,0,0,2,1,1,2,KRBKRNvK,DRAW,8/7K/8/5nr1/6k1/R7/6B1/8 b - - 0 1
0,1,0,0,0,0,0,1,-1,1,0,1,1,1,0,0,0,0,0,16,0,0,3,4,1,6,4,2,2,21,28,0,0,0,0,0,0,0,0,7,1,1,0,0,0,0,0,0,0,0,KRBKRNvK,DRAW,2n5/3B4/R7/6k1/8/1r6/4K3/8 b - - 0 1
0,1,0,0,0,0,0,1,-1,1,0,1,1,1,0,0,0,0,0,16,0,0,2,0,4,2,4,3,1,17,24,0,0,0,0,0,0,0,0,7,1,1,0,0,0,0,2,3,1,0,KRBKRNvK,DRAW,7n/8/8/K1k2r2/8/2B5/1R6/8 b - - 0 1
1,1,0,0,0,0,0,1,-1,1,0,1,1,1,0,0,0,0,0,16,0,0,5,7,3,2,6,3,3,4,0,1,0,0,0,0,0,0,0,7,1,1,0,0,0,0,2,2,0,1,KRBKRNvK,DRAW,5r2/2k5/8/6R1/7K/B4n2/8/8 w - - 0 1
0,1,0,0,0,0,0,1,-1,1,0,1,1,1,0,0,0,0,0,16,0,0,6,6,2,0,0,3,6,2,0,1,0,0,0,0,0,0,0,7,1,1,0,0,0,0,0,1,1,0,KRBKRNvK,DRAW,8/3r4/3n4/8/7B/R5K1/8/k7 b - - 0 1
0,1,0,0,0,0,0,1,-1,1,0,1,1,1,0,0,0,0,0,16,0,0,4,2,6,6,2,3,3,23,24,0,0,0,0,0,0,0,0,7,1,1,0,0,0,0,2,0,0,0,KRBKRNvK,DRAW,6r1/2K5/8/R7/n7/1B4k1/8/8 b - - 0 1
0,1,0,0,0,0,0,1,-1,1,0,1,1,1,0,0,0,0,0,16,0,0,2,2,1,4,2,3,1,4,0,1,0,0,0,0,0,0,0,7,1,1,0,0,0,0,2,3,0,1,KRBKRNvK,DRAW,8/3r4/8/8/4n3/4k2R/2K5/B7 b - - 0 1
1,1,0,0,0,0,0,1,-1,1,0,1,1,1,0,0,0,0,0,16,0,0,3,5,4,3,1,1,2,26,19,0,0,0,0,0,0,0,0,7,1,1,0,1,0,0,3,0,0,0,KRBKRNvK,DRAW,8/8/8/1R3K2/8/8/B1rk4/6n1 w - - 0 1
0,1,0,0,0,0,0,1,-1,1,0,1,1,1,0,0,0,0,0,16,0,0,6,6,0,0,1,5,5,22,29,0,0,0,0,0,0,0,0,7,1,1,0,0,0,0,2,2,0,0,KRBKRNvK,DRAW,6R1/n7/8/2r5/8/5B2/k7/6K1 b - - 0 1
0,1,0,0,0,0,0,1,-1,1,0,1,1,1,0,0,0,0,0,16,0,0,4,7,1,6,5,5,3,26,26,0,0,0,0,0,0,0,0,7,1,1,0,0,0,0,2,2,1,0,KRBKRNvK,DRAW,2n5/8/6k1/r7/4R3/6B1/7K/8 b - - 0 1
0,1,0,0,0,0,0,1,-1,1,0,1,1,1,0,0,0,0,0,16,0,0,5,6,5,1,3,3,2,25,24,0,0,0,0,0,0,0,0,7,1,1,0,1,0,0,2,1,1,0,KRBKRNvK,DRAW,1B6/8/6K1/3R4/1k6/6n1/7r/8 b - - 0 1
1,1,0,0,0,0,0,1,-1,1,0,1,1,1,0,0,0,0,0,16,0,0,2,2,0,0,0,4,6,21,15,0,0,0,0,0,0,0,0,7,1,1,1,0,0,0,0,1,0,0,KRBKRNvK,WIN,8/1R1B1nr1/8/8/8/8/8/k1K5 w - - 0 1
1,1,0,0,0,0,0,1,-1,1,0,1,1,1,0,0,0,0,0,16,0,0,6,4,6,4,0,2,3,23,18,0,0,0,0,0,0,0,0,7,1,1,1,1,0,0,0,0,1,0,KRBKRNvK,DRAW,8/4KR2/8/8/8/8/r6n/3Bk3 w - - 0 1
1,1,0,0,0,0,0,1,-1,1,0,1,1,1,0,0,0,0,0,16,0,0,2,6,2,6,4,3,2,5,0,1,0,0,0,0,0,0,0,7,1,1,0,0,0,0,2,1,0,0,KRBKRNvK,DRAW,8/B7/3n4/6k1/8/1r4K1/3R4/8 w - - 0 1
1,1,0,0,0,0,0,1,-1,1,0,1,1,1,0,0,0,0,0,16,0,0,2,5,7,7,5,4,4,23,18,0,0,0,0,0,0,0,0,7,1,1,0,1,0,0,2,0,1,0,KRBKRNvK,DRAW,2n2K2/4B3/7k/6R1/8/8/2r5/8 w - - 0 1
1,1,0,0,0,0,0,1,-1,1,0,1,1,1,0,0,0,0,0,16,0,0,4,5,1,2,5,3,2,26,24,0,0,0,0,0,0,0,0,7,1,1,0,0,0,0,2,2,0,0,KRBKRNvK,DRAW,5R2/8/2k5/1r5n/8/8/5K2/B7 w - - 0 1
0,1,0,0,0,0,0,1,-1,1,0,1,1,1,0,0,0,0,0,16,0,0,5,7,4,2,4,3,1,6,0,1,0,0,0,0,0,0,0,7,1,1,1,0,0,0,0,2,1,0,KRBKRNvK,DRAW,8/7R/8/r1k4K/n7/B7/8/8 b - - 0 1
1,1,0,0,0,0,0,1,-1,1,0,1,1,1,0,0,0,0,0,16,0,0,4,3,2,7,6,1,5,28,24,0,0,0,0,0,0,0,0,7,1,1,0,0,0,0,3,2,0,0,KRBKRNvK,DRAW,2R5/7k/5n2/8/8/3K4/8/6rB w - - 0 1
0,1,0,0,0,0,0,1,-1,1,0,1,1,1,0,0,0,0,0,16,0,0,2,3,2,1,4,1,2,6,0,1,0,0,0,0,0,0,0,7,1,1,0,0,0,0,4,0,0,0,KRBKRNvK,DRAW,8/8/6r1/1k5R/8/3K2B1/n7/8 b - - 0 1
0,1,0,0,0,0,0,1,-1,1,0,1,1,1,0,0,0,0,0,16,0,0,3,1,1,1,4,4,2,21,23,0,0,0,0,0,0,0,0,7,1,1,0,0,0,0,1,1,1,0,KRBKRNvK,DRAW,8/8/3B1R2/rkn5/8/8/1K6/8 b - - 0 1
0,1,0,0,0,0,0,1,-1,1,0,1,1,1,0,0,0,0,0,16,0,0,3,3,3,0,2,0,4,19,20,0,0,0,0,0,0,0,0,7,1,1,0,1,0,0,4,0,0,0,KRBKRNvK,DRAW,8/B7/8/7n/3KR3/k7/7r/8 b - - 0 1
0,1,0,0,0,0,0,1,-1,1,0,1,1,1,0,0,0,0,0,16,0,0,3,2,5,5,6,2,3,24,28,0,0,0,0,0,0,0,0,7,1,1,0,0,0,0,1,2,0,1,KRBKRNvK,DRAW,8/5k2/2K5/8/4r3/B7/1n6/7R b - - 0 1
0,1,0,0,0,0,0,1,-1,1,0,1,1,1,0,0,0,0,0,16,0,0,3,4,2,1,2,1,3,23,29,0,0,0,0,0,0,0,0,7,1,1,0,0,0,0,4,0,0,0,KRBKRNvK,DRAW,n7/r7/8/5R2/8/1k2K3/7B/8 b - - 0 1
0,1,0,0,0,0,0,1,-1,1,0,1,1,1,0,0,0,0,0,16,0,0,4,3,5,7,1,1,5,18,29,0,0,0,0,0,0,0,0,7,1,1,0,0,0,0,4,1,0,0,KRBKRNvK,DRAW,6B1/8/3K4/8/R7/8/2n4k/2r5 b - - 0 1
1,1,0,0,0,0,0,1,-1,1,0,1,1,1,0,0,0,0,0,16,0,0,3,1,0,4,3,5,0,5,0,1,0,0,0,0,0,0,0,7,1,1,0,0,0,0,1,3,0,0,KRBKRNvK,DRAW,2R1n3/1r6/8/8/4k3/8/8/1K4B1 w - - 0 1
0,1,0,0,0,0,0,1,-1,1,0,1,1,1,0,0,0,0,0,16,0,0,4,5,4,1,5,1,3,22,31,0,0,0,0,0,0,0,0,7,1,1,0,1,0,0,3,2,0,0,KRBKRNvK,DRAW,2n5/8/1k6/5K2/8/1B6/3r4/R7 b - - 0 1
0,1,0,0,0,0,0,1,-1,1,0,1,1,1,0,0,0,0,0,16,0,0,3,0,4,3,6,3,2,22,25,0,0,0,0,0,0,0,0,7,1,1,0,1,0,0,0,1,0,1,KRBKRNvK,DRAW,7R/3k4/1n6/K7/1B6/8/6r1/8 b - - 0 1
1,1,0,0,0,0,0,1,-1,1,0,1,1,1,0,0,0,0,0,16,0,0,6,3,0,0,6,3,5,24,22,0,0,0,0,0,0,0,0,7,1,1,0,0,0,0,3,0,0,0,KRBKRNvK,DRAW,8/k7/n7/8/8/6r1/3R4/1B1K4 w - - 0 1
0,1,0,0,0,0,0,1,-1,1,0,1,1,1,0,0,0,0,0,16,0,0,5,0,0,5,2,6,2,16,20,0,0,0,0,0,0,0,0,7,1,1,0,0,0,0,0,1,1,0,KRBKRNvK,DRAW,7R/7n/8/8/8/5kr1/3B4/K7 b - - 0 1
1,1,0,0,0,0,0,1,-1,1,0,1,1,1,0,0,0,0,0,16,0,0,2,2,4,4,4,1,0,32,16,0,0,0,0,0,0,0,0,7,1,1,0,0,0,0,2,3,1,0,KRBKRNvK,DRAW,3R4/8/8/2K1k3/4Br2/8/7n/8 w - - 0 1
1,1,0,0,0,0,0,1,-1,1,0,1,1,1,0,0,0,0,0,16,0,0,4,1,0,2,4,5,1,25,20,0,0,0,0,0,0,0,0,7,1,1,0,0,0,0,2,3,1,0,KRBKRNvK,DRAW,8/7B/1n6/2k1r3/3R4/8/8/1K6 w - - 0 1
1,1,0,0,0,0,0,1,-1,1,0,1,1,1,0,0,0,0,0,16,0,0,7,0,1,7,1,5,5,19,27,0,0,0,0,0,0,0,0,7,1,1,0,0,0,0,0,2,0,0,KRBKRNvK,DRAW,R3B3/8/4r3/8/8/3n4/K6k/8 w - - 0 1
0,1,0,0,0,0,0,1,-1,1,0,1,1,1,0,0,0,0,0,16,0,0,2,3,2,5,2,1,2,3,0,1,0,0,0,0,0,0,0,7,1,1,0,0,0,0,3,1,1,0,KRBKRNvK,DRAW,8/5r2/2Bn4/8/3R4/3K1k2/8/8 b - - 0 1
0,1,0,0,0,0,0,1,-1,1,0,1,1,1,0,0,0,0,0,16,0,0,4,2,1,4,5,3,1,23,27,0,0,0,0,0,0,0,0,7,1,1,0,0,0,0,2,2,1,0,KRBKRNvK,DRAW,4B3/5r2/4k3/8/7R/8/2K5/6n1 b - - 0 1
0,1,0,0,0,0,0,1,-1,1,0,1,1,1,0,0,0,0,0,16,0,0,3,1,4,0,7,2,6,1,0,1,0,0,0,0,0,0,0,7,1,1,1,0,0,0,2,0,0,0,KRBKRNvK,LOSS,k4n2/5R2/8/1K6/8/5B2/8/7r b - - 0 1
1,1,0,0,0,0,0,1,-1,1,0,1,1,1,0,0,0,0,0,16,0,0,3,3,3,4,6,0,2,18,26,0,0,0,0,0,0,0,0,7,1,1,0,0,0,0,4,1,0,0,KRBKRNvK,DRAW,7B/3nk3/8/8/3K4/8/3R4/7r w - - 0 1
1,1,0,0,0,0,0,1,-1,1,0,1,1,1,0,0,0,0,0,16,0,0,7,0,0,7,3,6,3,2,0,1,0,0,0,0,0,0,0,7,1,1,0,0,0,0,0,1,0,1,KRBKRNvK,DRAW,8/8/8/6n1/7k/8/1R6/K1r2B2 w - - 0 1
1,1,0,0,0,0,0,1,-1,1,0,1,1,1,0,0,0,0,0,16,0,0,6,0,6,6,7,5,5,21,18,0,0,0,0,0,0,0,0,7,1,1,1,0,0,0,2,3,0,0,KRBKRNvK,DRAW,4r1k1/K2R4/8/8/8/7B/4n3/8 w - - 0 1
0,1,0,0,0,0,0,1,-1,1,0,1,1,1,0,0,0,0,0,16,0,0,4,3,5,1,1,1,4,6,0,1,0,0,0,0,0,0,0,7,1,1,0,0,0,0,3,1,0,0,KRBKRNvK,DRAW,8/8/3KR3/4B3/8/6n1/1k6/r7 b - - 0 1
1,1,0,0,0,0,0,1,-1,1,0,1,1,1,0,0,0,0,0,16,0,0,6,4,0,2,6,3,3,24,25,0,0,0,0,0,0,0,0,7,1,1,0,0,0,0,1,1,0,0,KRBKRNvK,DRAW,7r/2k5/8/8/6n1/8/BR6/4K3 w - - 0 1
0,1,0,0,0,0,0,1,-1,1,0,1,1,1,0,0,0,0,0,16,0,0,3,5,6,4,3,3,0,21,21,0,0,0,0,0,0,0,0,7,1,1,0,0,0,0,0,3,0,0,KRBKRNvK,DRAW,r7/5K2/8/n7/4k2B/8/8/7R b - - 0 1
0,1,0,0,0,0,0,1,-1,1,0,1,1,1,0,0,0,0,0,16,0,0,3,3,4,2,1,0,3,19,22,0,0,0,0,0,0,0,0,7,1,1,0,0,0,0,4,0,1,0,KRBKRNvK,DRAW,4nr2/8/8/R2K4/8/8/2k5/B7 b - - 0 1
1,1,0,0,0,0,0,1,-1,1,0,1,1,1,0,0,0,0,0,16,0,0,2,0,1,2,0,5,4,28,20,0,0,0,0,0,0,0,0,7,1,1,1,0,0,0,3,2,0,0,KRBKRNvK,DRAW,8/4R3/8/5r2/5n2/5B2/K7/2k5 w - - 0 1
1,1,0,0,0,0,0,1,-1,1,0,1,1,1,0,0,0,0,0,16,0,0,6,3,1,4,7,2,3,26,20,0,0,0,0,0,0,0,0,7,1,1,1,0,0,0,1,0,1,0,KRBKRNvK,DRAW,1B2k3/5R2/7n/8/8/8/3K4/6r1 w - - 0 1
1,1,0,0,0,0,0,1,-1,1,0,1,1,1,0,0,0,0,0,16,0,0,3,0,4,2,1,3,3,4,0,1,0,0,0,0,0,0,0,7,1,1,0,0,0,0,2,2,1,0,KRBKRNvK,DRAW,8/8/8/K6r/R7/7n/2k5/6B1 w - - 0 1
0,1,0,0,0,0,0,1,-1,1,0,1,1,1,0,0,0,0,0,16,0,0,3,3,3,6,0,0,5,20,23,0,0,0,0,0,0,0,0,7,1,1,0,0,0,0,3,0,0,0,KRBKRNvK,DRAW,5n1R/4B3/8/8/3K4/6r1/8/6k1 b - - 0 1
0,1,0,0,0,0,0,1,-1,1,0,1,1,1,0,0,0,0,0,16,0,0,5,7,7,4,2,6,1,21,26,0,0,0,0,0,0,0,0,7,1,1,0,0,0,0,2,3,1,0,KRBKRNvK,DRAW,7K/3n4/4B3/8/8/2r1k3/8/3R4 b - - 0 1
0,1,0,0,0,0,0,1,-1,1,0,1,1,1,0,0,0,0,0,16,0,0,6,2,1,2,7,3,4,22,31,0,0,0,0,0,0,0,0,7,1,1,0,0,0,0,3,2,0,0,KRBKRNvK,DRAW,2k5/4r3/5Bn1/8/8/3R4/2K5/8 b - - 0 1
0,1,0,0,0,0,0,1,-1,1,0,1,1,1,0,0,0,0,0,16,0,0,5,7,0,6,5,6,3,23,26,0,0,0,0,0,0,0,0,7,1,1,0,0,0,0,1,2,1,0,KRBKRNvK,DRAW,5R2/3r4/6k1/2B5/8/8/8/4n2K b - - 0 1
1,1,0,0,0,0,0,1,-1,1,0,1,1,1,0,0,0,0,0,16,0,0,4,3,7,0,3,3,3,23,21,0,0,0,0,0,0,0,0,7,1,1,0,0,0,0,0,3,0,1,KRBKRNvK,DRAW,2BK4/8/5n2/8/k4r2/6R1/8/8 w - - 0 1
0,1,0,0,0,0,0,1,-1,1,0,1,1,1,0,0,0,0,0,16,0,0,2,1,5,3,7,3,3,21,26,0,0,0,0,0,0,0,0,7,1,1,0,0,0,0,2,0,0,0,KRBKRNvK,DRAW,3kn3/8/1K5B/5R2/8/8/8/2r5 b - - 0 1
0,1,0,0,0,0,0,1,-1,1,0,1,1,1,0,0,0,0,0,16,0,0,2,4,3,6,1,0,4,25,24,0,0,0,0,0,0,0,0,7,1,1,0,0,0,0,4,1,0,1,KRBKRNvK,DRAW,R7/8/1r4n1/8/4K3/8/2B3k1/8 b - - 0 1
0,1,0,0,0,0,0,1,-1,1,0,1,1,1,0,0,0,0,0,16,0,0,6,6,0,0,3,5,3,4,0,1,0,0,0,0,0,0,0,7,1,1,0,1,0,0,2,2,0,0,KRBKRNvK,DRAW,8/8/8/3B4/k6R/8/3r4/2n3K1 b - - 0 1
0,1,0,0,0,0,0,1,-1,1,0,1,1,1,0,0,0,0,0,16,0,0,3,5,6,2,6,3,3,6,0,1,0,0,0,0,0,0,0,7,1,1,0,0,0,0,0,3,2,0,KRBKRNvK,DRAW,RB6/2k2K2/8/8/8/4r3/4n3/8 b - - 0 1
1,1,0,0,0,0,0,1,-1,1,0,1,1,1,0,0,0,0,0,16,0,0,2,5,7,3,7,4,3,23,15,0,0,0,0,0,0,0,0,7,1,1,0,0,0,0,0,0,1,0,KRBKRNvK,DRAW,r2kBK2/8/8/8/8/5R2/1n6/8 w - - 0 1
0,1,0,0,0,0,0,1,-1,1,0,1,1,1,0,0,0,0,0,16,0,0,2,7,3,5,4,3,1,21,20,0,0,0,0,0,0,0,0,7,1,1,0,0,0,0,2,2,1,0,KRBKRNvK,DRAW,3B1n2/6r1/8/5k2/3R3K/8/8/8 b - - 0 1
0,1,0,0,0,0,0,1,-1,1,0,1,1,1,0,0,0,0,0,16,0,0,5,5,7,0,4,4,3,25,28,0,0,0,0,0,0,0,0,7,1,1,0,0,0,0,2,3,1,1,KRBKRNvK,DRAW,5K2/8/2B2n2/k7/8/6R1/8/3r4 b - - 0 1
1,1,0,0,0,0,0,1,-1,1,0,1,1,1,0,0,0,0,0,16,0,0,6,0,1,3,7,5,3,17,22,0,0,0,0,0,0,0,0,7,1,1,0,0,0,0,1,2,1,0,KRBKRNvK,DRAW,RB1k4/8/8/2r5/8/8/K7/5n2 w - - 0 1
1,1,0,0,0,0,0,1,-1,1,0,1,1,1,0,0,0,0,0,16,0,0,4,4,3,0,0,0,6,25,23,0,0,0,0,0,0,0,0,7,1,1,0,0,0,0,3,1,0,1,KRBKRNvK,DRAW,8/8/5R2/7B/1n2K3/2r5/8/k7 w - - 0 1
0,1,0,0,0,0,0,1,-1,1,0,1,1,1,0,0,0,0,0,16,0,0,5,4,5,3,0,1,3,25,31,0,0,0,0,0,0,0,0,7,1,1,1,0,0,0,3,2,0,1,KRBKRNvK,DRAW,8/7R/4KB2/1n6/6r1/8/8/3k4 b - - 0 1
0,1,0,0,0,0,0,1,-1,1,0,1,1,1,0,0,0,0,0,16,0,0,3,7,6,4,4,5,0,4,0,1,0,0,0,0,0,0,0,7,1,1,0,0,0,0,3,4,0,0,KRBKRNvK,DRAW,7B/4n2K/8/4k3/R7/8/8/4r3 b - - 0 1
1,1,0,0,0,0,0,1,-1,1,0,1,1,1,0,0,0,0,0,16,0,0,3,0,5,2,2,4,2,22,28,0,0,0,0,0,0,0,0,7,1,1,0,0,0,0,0,2,0,0,KRBKRNvK,DRAW,R7/8/K5n1/8/6B1/2k5/8/7r w - - 0 1
1,1,0,0,0,0,0,1,-1,1,0,1,1,1,0,0,0,0,0,16,0,0,4,1,6,3,2,4,1,29,16,0,0,0,0,0,0,0,0,7,1,1,0,1,0,0,2,2,1,0,KRBKRNvK,DRAW,5n2/1K6/8/2R5/8/3k4/B2r4/8 w - - 0 1
0,1,0,0,0,0,0,1,-1,1,0,1,1,1,0,0,0,0,0,16,0,0,6,6,5,0,2,3,4,4,0,1,0,0,0,0,0,0,0,7,1,1,0,0,0,0,0,2,1,1,KRBKRNvK,DRAW,8/6n1/6K1/1r6/8/k1R5/8/3B4 b - - 0 1
0,1,0,0,0,0,0,1,-1,1,0,1,1,1,0,0,0,0,0,16,0,0,4,7,0,3,4,6,0,17,25,0,0,0,0,0,0,0,0,7,1,1,0,0,0,0,2,4,2,0,KRBKRNvK,DRAW,8/8/8/r2k4/1R1B4/8/8/3n3K b - - 0 1
1,1,0,0,0,0,0,1,-1,1,0,1,1,1,0,0,0,0,0,16,0,0,5,2,5,7,5,2,4,7,0,1,0,0,0,0,0,0,0,7,1,1,0,0,0,0,2,1,1,1,KRBKRNvK,DRAW,8/4n3/2K4k/8/6B1/3R2r1/8/8 w - - 0 1
1,1,0,0,0,0,0,1,-1,1,0,1,1,1,0,0,0,0,0,16,0,0,3,1,4,4,4,2,0,22,27,0,0,0,0,0,0,0,0,7,1,1,0,0,0,0,1,3,0,0,KRBKRNvK,DRAW,3r4/4n3/8/RK2k3/8/8/5B2/8 w - - 0 1
0,1,0,0,0,0,0,1,-1,1,0,1,1,1,0,0,0,0,0,16,0,0,3,4,5,7,7,1,6,5,0,1,0,0,0,0,0,0,0,7,1,1,0,1,0,0,3,0,0,1,KRBKRNvK,LOSS,7k/8/4K3/3n4/8/8/R6r/B7 b - - 0 1
0,1,0,0,0,0,0,1,-1,1,0,1,1,1,0,0,0,0,0,16,0,0,6,7,0,3,6,6,2,23,20,0,0,0,0,0,0,0,0,7,1,1,0,1,0,0,1,0,0,1,KRBKRNvK,DRAW,8/B2k4/8/8/n7/8/5r2/2R4K b - - 0 1
1,1,0,0,0,0,0,1,-1,1,0,1,1,1,0,0,0,0,0,16,0,0,7,1,0,7,7,5,6,20,19,0,0,0,0,0,0,0,0,7,1,1,0,1,0,0,2,2,0,1,KRBKRNvK,DRAW,2n4k/8/8/8/8/4R3/3r1B2/1K6 w - - 0 1
0,1,0,0,0,0,0,1,-1,1,0,1,1,1,0,0,0,0,0,16,0,0,2,6,5,7,3,3,3,20,16,0,0,0,0,0,0,0,0,7,1,1,0,0,0,0,0,2,0,0,KRBKRNvK,DRAW,B7/3r4/2R3K1/8/7k/8/8/1n6 b - - 0 1
1,1,0,0,0,0,0,1,-1,1,0,1,1,1,0,0,0,0,0,16,0,0,2,2,3,0,5,1,4,15,21,0,0,0,0,0,0,0,0,7,1,1,0,0,0,0,3,1,1,2,KRBKRNvK,DRAW,8/8/k3n3/8/1RK5/r7/8/1B6 w - - 0 1
0,1,0,0,0,0,0,1,-1,1,0,1,1,1,0,0,0,0,0,16,0,0,5,6,7,6,2,5,3,26,23,0,0,0,0,0,0,0,0,7,1,1,1,0,0,0,0,1,0,0,KRBKRNvK,DRAW,5BK1/2R5/8/6n1/8/1r4k1/8/8 b - - 0 1
1,1,0,0,0,0,0,1,-1,1,0,1,1,1,0,0,0,0,0,16,0,0,2,6,6,4,6,4,2,28,18,0,0,0,0,0,0,0,0,7,1,1,0,0,0,0,3,2,1,1,KRBKRNvK,DRAW,8/4kBK1/8/5r2/R7/8/8/7n w - - 0 1
0,1,0,0,0,0,0,1,-1,1,0,1,1,1,0,0,0,0,0,16,0,0,6,2,1,6,7,3,5,23,26,0,0,0,0,0,0,0,0,7,1,1,0,0,0,0,3,2,0,0,KRBKRNvK,DRAW,4n1k1/8/8/3r4/2R5/6B1/2K5/8 b - - 0 1
1,1,0,0,0,0,0,1,-1,1,0,1,1,1,0,0,0,0,0,16,0,0,3,3,2,6,4,1,2,4,0,1,0,0,0,0,0,0,0,7,1,1,0,0,0,0,4,0,2,1,KRBKRNvK,DRAW,8/8/4R3/6k1/4B3/r2K4/8/4n3 w - - 0 1
0,1,0,0,0,0,0,1,-1,1,0,1,1,1,0,0,0,0,0,16,0,0,2,5,5,3,3,2,0,4,0,1,0,0,0,0,0,0,0,7,1,1,0,0,0,0,3,3,1,1,KRBKRNvK,DRAW,8/4r3/5K2/4B3/3k2R1/8/3n4/8 b - - 0 1
0,1,0,0,0,0,0,1,-1,1,0,1,1,1,0,0,0,0,0,16,0,0,2,1,1,1,3,4,2,5,0,1,0,0,0,0,0,0,0,7,1,1,0,0,0,0,1,0,0,0,KRBKRNvK,DRAW,1R2n3/8/5r2/5B2/1k6/8/1K6/8 b - - 0 1
1,1,0,0,0,0,0,1,-1,1,0,1,1,1,0,0,0,0,0,16,0,0,4,1,5,5,2,3,2,6,0,1,0,0,0,0,0,0,0,7,1,1,0,0,0,0,2,2,0,1,KRBKRNvK,DRAW,8/3n4/1KR3r1/8/8/5k2/8/B7 w - - 0 1
1,1,0,0,0,0,0,1,-1,1,0,1,1,1,0,0,0,0,0,16,0,0,5,6,7,1,7,5,5,26,21,0,0,0,0,0,0,0,0,7,1,1,0,0,0,0,0,2,0,0,KRBKRNvK,DRAW,1k4K1/8/5R2/8/3r4/8/8/3B3n w - - 0 1
0,1,0,0,0,0,0,1,-1,1,0,1,1,1,0,0,0,0,0,16,0,0,3,2,0,1,3,4,2,4,0,1,0,0,0,0,0,0,0,7,1,1,0,0,0,0,0,1,0,1,KRBKRNvK,DRAW,2R5/8/8/8/1k6/4nr2/8/2K1B3 b - - 0 1
1,1,0,0,0,0,0,1,-1,1,0,1,1,1,0,0,0,0,0,16,0,0,2,7,2,5,4,4,1,21,21,0,0,0,0,0,0,0,0,7,1,1,0,0,0,0,0,3,0,0,KRBKRNvK,DRAW,5n2/8/1R6/B4k2/4r3/7K/8/8 w - - 0 1
0,1,0,0,0,0,0,1,-1,1,0,1,1,1,0,0,0,0,0,16,0,0,2,4,2,2,4,1,1,26,26,0,0,0,0,0,0,0,0,7,1,1,0,0,0,0,3,3,0,1,KRBKRNvK,DRAW,3r4/8/5B2/2k5/8/2n1K3/1R6/8 b - - 0 1
1,1,0,0,0,0,0,1,-1,1,0,1,1,1,0,0,0,0,0,16,0,0,4,1,4,5,2,2,2,21,17,0,0,0,0,0,0,0,0,7,1,1,0,0,0,0,2,1,1,0,KRBKRNvK,DRAW,6n1/8/B4r2/1K6/4R3/5k2/8/8 w - - 0 1
0,1,0,0,0,0,0,1,-1,1,0,1,1,1,0,0,0,0,0,16,0,0,5,1,6,6,1,4,4,6,0,1,0,0,0,0,0,0,0,7,1,1,0,0,0,0,0,2,1,0,KRBKRNvK,DRAW,6R1/1K6/8/8/n3r3/8/6k1/4B3 b - - 0 1
0,1,0,0,0,0,0,1,-1,1,0,1,1,1,0,0,0,0,0,16,0,0,7,3,0,2,7,3,4,25,22,0,0,0,0,0,0,0,0,7,1,1,0,0,0,0,1,1,0,0,KRBKRNvK,DRAW,2k5/8/r7/1n6/8/8/8/1B1K1R2 b - - 0 1
0,1,0,0,0,0,0,1,-1,1,0,1,1,1,0,0,0,0,0,16,0,0,3,1,1,0,4,4,3,26,23,0,0,0,0,0,0,0,0,7,1,1,0,0,0,0,1,0,0,1,KRBKRNvK,DRAW,8/7r/3B4/k7/3n4/8/1K6/1R6 b - - 0 1
0,1,0,0,0,0,0,1,-1,1,0,1,1,1,0,0,0,0,0,16,0,0,4,2,3,1,7,1,5,20,25,0,0,0,0,0,0,0,0,7,1,1,0,1,0,0,3,0,0,1,KRBKRNvK,DRAW,1k6/8/5R2/5B2/2K5/8/1r6/6n1 b - - 0 1
0,1,0,0,0,0,0,1,-1,1,0,1,1,1,0,0,0,0,0,16,0,0,5,1,5,6,5,3,3,20,35,0,0,0,0,0,0,0,0,7,1,1,0,0,0,0,2,2,2,0,KRBKRNvK,DRAW,8/8/1K4k1/4B3/7R/3r4/8/2n5 b - - 0 1
1,1,0,0,0,0,0,1,-1,1,0,1,1,1,0,0,0,0,0,16,0,0,4,7,3,3,7,3,3,26,20,0,0,0,0,0,0,0,0,7,1,1,0,0,0,0,0,1,0,0,KRBKRNvK,DRAW,3k4/8/8/1n6/7K/5R2/8/r1B5 w - - 0 1
1,1,0,0,0,0,0,1,-1,1,0,1,1,1,0,0,0,0,0,16,0,0,2,1,0,0,2,5,4,15,23,0,0,0,0,0,0,0,0,7,1,1,0,0,0,0,1,2,0,0,KRBKRNvK,DRAW,8/8/4r3/8/6n1/k7/7B/1K5R w - - 0 1
1,1,0,0,0,0,0,1,-1,1,0,1,1,1,0,0,0,0,0,16,0,0,3,5,7,2,7,4,4,4,0,1,0,0,0,0,0,0,0,7,1,1,1,0,0,0,0,2,1,0,KRBKRNvK,DRAW,2k2K2/R7/2n5/8/B7/8/8/5r2 w - - 0 1
0,1,0,0,0,0,0,1,-1,1,0,1,1,1,0,0,0,0,0,16,0,0,6,1,1,0,7,4,6,18,26,0,0,0,0,0,0,0,0,7,1,1,0,0,0,0,1,2,0,0,KRBKRNvK,DRAW,k6n/4r3/8/8/5B2/8/1K3R2/8 b - - 0 1
0,1,0,0,0,0,0,1,-1,1,0,1,1,1,0,0,0,0,0,16,0,0,2,2,0,2,2,4,2,24,21,0,0,0,0,0,0,0,0,7,1,1,0,0,0,0,2,2,0,0,KRBKRNvK,DRAW,3R4/8/6B1/5n2/7r/2k5/8/2K5 b - - 0 1
0,1,0,0,0,0,0,1,-1,1,0,1,1,1,0,0,0,0,0,16,0,0,3,4,2,1,3,1,2,25,21,0,0,0,0,0,0,0,0,7,1,1,1,0,0,0,3,0,0,1,KRBKRNvK,DRAW,2B5/3R4/8/8/1k6/n3K3/8/5r2 b - - 0 1
1,1,0,0,0,0,0,1,-1,1,0,1,1,1,0,0,0,0,0,16,0,0,6,7,0,5,6,6,3,16,22,0,0,0,0,0,0,0,0,7,1,1,0,0,0,0,1,1,0,1,KRBKRNvK,DRAW,1R6/5k2/8/8/8/8/2n5/5rBK w - - 0 1
0,1,0,0,0,0,0,1,-1,1,0,1,1,1,0,0,0,0,0,16,0,0,2,2,6,0,7,3,6,0,0,1,0,0,0,0,0,0,0,7,1,1,0,0,0,0,3,0,0,0,KRBKRNvK,LOSS,k7/2K5/7r/8/R7/8/8/n6B b - - 0 1
1,1,0,0,0,0,0,1,-1,1,0,1,1,1,0,0,0,0,0,16,0,0,6,1,1,1,7,4,5,28,20,0,0,0,0,0,0,0,0,7,1,1,0,0,0,0,2,2,0,0,KRBKRNvK,DRAW,1k6/8/8/8/4r3/4B3/1K1R4/4n3 w - - 0 1
0,1,0,0,0,0,0,1,-1,1,0,1,1,1,0,0,0,0,0,16,0,0,2,4,2,4,0,1,3,17,21,0,0,0,0,0,0,0,0,7,1,1,0,0,0,0,4,1,0,0,KRBKRNvK,DRAW,8/8/4R3/1n6/8/1B2K3/8/r3k3 b - - 0 1
1,1,0,0,0,0,0,1,-1,1,0,1,1,1,0,0,0,0,0,16,0,0,6,1,6,1,0,4,5,22,17,0,0,0,0,0,0,0,0,7,1,1,0,0,0,0,2,0,0,0,KRBKRNvK,DRAW,6n1/1K2B1r1/8/8/7R/8/8/1k6 w - - 0 1
0,1,0,0,0,0,0,1,-1,1,0,1,1,1,0,0,0,0,0,16,0,0,3,2,0,1,3,4,2,21,26,0,0,0,0,0,0,0,0,7,1,1,0,0,0,0,2,2,0,0,KRBKRNvK,DRAW,3R4/8/8/8/nk4r1/8/4B3/2K5 b - - 0 1
1,1,0,0,0,0,0,1,-1,1,0,1,1,1,0,0,0,0,0,16,0,0,4,0,7,3,3,6,0,17,14,0,0,0,0,0,0,0,0,7,1,1,0,0,0,0,3,4,1,0,KRBKRNvK,DRAW,K6B/8/8/4R3/1r1k4/8/1n6/8 w - - 0 1
0,1,0,0,0,0,0,1,-1,1,0,1,1,1,0,0,0,0,0,16,0,0,5,2,0,6,5,4,3,26,26,0,0,0,0,0,0,0,0,7,1,1,0,0,0,0,1,1,1,0,KRBKRNvK,DRAW,7R/5r2/4n1k1/8/8/8/8/2K3B1 b - - 0 1
1,1,0,0,0,0,0,1,-1,1,0,1,1,1,0,0,0,0,0,16,0,0,4,4,5,0,1,1,5,6,0,1,0,0,0,0,0,0,0,7,1,1,0,0,0,0,2,1,0,1,KRBKRNvK,DRAW,1rB5/2n5/4KR2/8/8/8/k7/8 w - - 0 1
0,1,0,0,0,0,0,1,-1,1,0,1,1,1,0,0,0,0,0,16,0,0,7,5,0,5,7,4,4,22,26,0,0,0,0,0,0,0,0,7,1,1,0,0,0,0,3,2,0,0,KRBKRNvK,DRAW,4nk2/8/8/2R5/3r4/8/6B1/5K2 b - - 0 1
0,1,0,0,0,0,0,1,-1,1,0,1,1,1,0,0,0,0,0,16,0,0,5,2,5,3,0,2,3,16,20,0,0,0,0,0,0,0,0,7,1,1,0,0,0,0,1,1,0,0,KRBKRNvK,DRAW,8/8/1RK3nr/8/1B6/8/8/3k4 b - - 0 1
0,1,0,0,0,0,0,1,-1,1,0,1,1,1,0,0,0,0,0,16,0,0,4,5,6,7,2,3,4,23,27,0,0,0,0,0,0,0,0,7,1,1,0,0,0,0,2,2,0,1,KRBKRNvK,DRAW,4r3/5K2/nB6/8/8/7k/8/3R4 b - - 0 1
0,1,0,0,0,0,0,1,-1,1,0,1,1,1,0,0,0,0,0,16,0,0,4,5,4,1,3,1,2,21,27,0,0,0,0,0,0,0,0,7,1,1,0,0,0,0,2,0,0,1,KRBKRNvK,DRAW,3B4/1r6/8/3n1K2/1k6/7R/8/8 b - - 0 1
1,1,0,0,0,0,0,1,-1,1,0,1,1,1,0,0,0,0,0,16,0,0,7,3,7,1,0,3,5,5,0,1,0,0,0,0,0,0,0,7,1,1,1,0,0,0,2,2,0,0,KRBKRNvK,DRAW,3K3n/5R2/5B2/3r4/8/8/8/1k6 w - - 0 1
0,1,0,0,0,0,0,1,-1,1,0,1,1,1,0,0,0,0,0,16,0,0,3,6,1,3,4,4,0,26,29,0,0,0,0,0,0,0,0,7,1,1,0,0,0,0,1,3,1,0,KRBKRNvK,DRAW,8/8/5R2/3k4/r7/3n2B1/6K1/8 b - - 0 1
0,1,0,0,0,0,0,1,-1,1,0,1,1,1,0,0,0,0,0,16,0,0,2,1,5,1,3,3,2,17,20,0,0,0,0,0,0,0,0,7,1,1,1,0,0,0,1,2,0,1,KRBKRNvK,DRAW,8/2B2R2/1K6/8/rk6/2n5/8/8 b - - 0 1
0,1,0,0,0,0,0,1,-1,1,0,1,1,1,0,0,0,0,0,16,0,0,2,5,1,7,3,3,3,18,32,0,0,0,0,0,0,0,0,7,1,1,0,0,0,0,1,0,0,0,KRBKRNvK,DRAW,5R2/8/7r/3B4/7k/n7/5K2/8 b - - 0 1
1,1,0,0,0,0,0,1,-1,1,0,1,1,1,0,0,0,0,0,16,0,0,5,5,4,0,4,1,3,6,0,1,0,0,0,0,0,0,0,7,1,1,0,0,0,0,3,1,1,0,KRBKRNvK,DRAW,8/2n5/2R5/k4K2/8/8/8/5rB1 w - - 0 1
1,1,0,0,0,0,0,1,-1,1,0,1,1,1,0,0,0,0,0,16,0,0,4,0,5,4,5,4,1,4,0,1,0,0,0,0,0,0,0,7,1,1,0,0,0,0,2,2,0,1,KRBKRNvK,DRAW,8/8/K1r1k3/1R6/8/8/4B2n/8 w - - 0 1
1,1,0,0,0,0,0,1,-1,1,0,1,1,1,0,0,0,0,0,16,0,0,2,5,3,3,2,1,1,30,18,0,0,0,0,0,0,0,0,7,1,1,0,0,0,0,3,3,1,0,KRBKRNvK,DRAW,3r4/1n6/8/8/5K2/2Bk4/8/R7 w - - 0 1
1,1,0,0,0,0,0,1,-1,1,0,1,1,1,0,0,0,0,0,16,0,0,4,4,7,5,3,3,1,7,0,1,0,0,0,0,0,0,0,7,1,1,0,0,0,0,3,2,2,0,KRBKRNvK,DRAW,4K3/8/8/3n1B2/5k2/8/3R4/4r3 w - - 0 1
1,1,0,0,0,0,0,1,-1,1,0,1,1,1,0,0,0,0,0,16,0,0,3,2,5,5,7,2,4,21,20,0,0,0,0,0,0,0,0,7,1,1,0,0,0,0,1,0,0,1,KRBKRNvK,DRAW,1r3k2/8/2K5/8/8/8/2R1B3/4n3 w - - 0 1
1,1,0,0,0,0,0,1,-1,1,0,1,1,1,0,0,0,0,0,16,0,0,3,2,1,4,4,3,0,27,23,0,0,0,0,0,0,0,0,7,1,1,0,0,0,0,1,3,0,1,KRBKRNvK,DRAW,5R2/8/7r/4k3/8/8/B1K1n3/8 w - - 0 1
1,1,0,0,0,0,0,1,-1,1,0,1,1,1,0,0,0,0,0,16,0,0,3,3,1,6,2,2,3,5,0,1,0,0,0,0,0,0,0,7,1,1,0,0,0,0,1,2,0,1,KRBKRNvK,DRAW,8/8/8/3B4/n2r4/6k1/3K4/1R6 w - - 0 1
1,1,0,0,0,0,0,1,-1,1,0,1,1,1,0,0,0,0,0,16,0,0,3,3,4,2,7,0,4,23,21,0,0,0,0,0,0,0,0,7,1,1,0,0,0,0,4,2,1,2,KRBKRNvK,DRAW,2k5/8/3B4/3K4/3R4/2r2n2/8/8 w - - 0 1
0,1,0,0,0,0,0,1,-1,1,0,1,1,1,0,0,0,0,0,16,0,0,3,3,2,0,0,1,6,19,26,0,0,0,0,0,0,0,0,7,1,1,0,0,0,0,4,0,0,1,KRBKRNvK,DRAW,8/B7/8/5R2/8/3K4/7n/k1r5 b - - 0 1
0,1,0,0,0,0,0,1,-1,1,0,1,1,1,0,0,0,0,0,16,0,0,2,4,3,2,1,0,3,19,18,0,0,0,0,0,0,0,0,7,1,1,0,1,0,0,4,1,2,2,KRBKRNvK,DRAW,8/8/8/8/3RK1n1/B7/2k2r2/8 b - - 0 1
0,1,0,0,0,0,0,1,-1,1,0,1,1,1,0,0,0,0,0,16,0,0,2,4,3,2,4,0,1,17,30,0,0,0,0,0,0,0,0,7,1,1,1,0,0,0,3,2,1,1,KRBKRNvK,WIN,4n3/3R4/2r5/2k5/4KB2/8/8/8 b - - 0 1
1,1,0,0,0,0,0,1,-1,1,0,1,1,1,0,0,0,0,0,16,0,0,3,0,3,3,2,3,1,26,18,0,0,0,0,0,0,0,0,7,1,1,0,0,0,0,2,3,2,0,KRBKRNvK,DRAW,8/3n4/8/5R2/K4B2/3k1r2/8/8 w - - 0 1
0,1,0,0,0,0,0,1,-1,1,0,1,1,1,0,0,0,0,0,16,0,0,4,2,3,1,7,1,5,4,0,1,0,0,0,0,0,0,0,7,1,1,0,0,0,0,3,3,0,1,KRBKRNvK,DRAW,1k6/4n3/4r3/8/1RK5/5B2/8/8 b - - 0 1
1,1,0,0,0,0,0,1,-1,1,0,1,1,1,0,0,0,0,0,16,0,0,6,5,6,5,0,3,4,29,24,0,0,0,0,0,0,0,0,7,1,1,0,0,0,0,0,1,1,0,KRBKRNvK,WIN,3B4/5K2/8/8/2n5/7R/8/r4k2 w - - 0 1
1,1,0,0,0,0,0,1,-1,1,0,1,1,1,0,0,0,0,0,16,0,0,3,6,3,3,4,2,0,24,21,0,0,0,0,0,0,0,0,7,1,1,0,0,0,0,2,3,1,0,KRBKRNvK,DRAW,8/r5n1/8/3k4/5RK1/8/4B3/8 w - - 0 1
0,1,0,0,0,0,0,1,-1,1,0,1,1,1,0,0,0,0,0,16,0,0,5,2,2,7,0,2,6,5,0,1,0,0,0,0,0,0,0,7,1,1,0,0,0,0,2,3,0,1,KRBKRNvK,DRAW,8/8/4B3/8/6r1/2K1n3/8/2R4k b - - 0 1
1,1,0,0,0,0,0,1,-1,1,0,1,1,1,0,0,0,0,0,16,0,0,2,7,0,5,2,6,2,2,0,1,0,0,0,0,0,0,0,7,1,1,0,0,0,0,0,3,1,0,KRBKRNvK,DRAW,8/8/1n5B/8/7r/5k2/6R1/7K w - - 0 1
0,1,0,0,0,0,0,1,-1,1,0,1,1,1,0,0,0,0,0,16,0,0,6,6,5,0,0,3,6,17,29,0,0,0,0,0,0,0,0,7,1,1,0,1,0,0,3,0,0,0,KRBKRNvK,DRAW,8/8/2B3K1/2R5/8/8/r5n1/k7 b - - 0 1
1,1,0,0,0,0,0,1,-1,1,0,1,1,1,0,0,0,0,0,16,0,0,5,2,7,7,7,4,6,3,0,1,0,0,0,0,0,0,0,7,1,1,0,0,0,0,3,1,0,2,KRBKRNvK,DRAW,2K4k/8/1r1n4/6R1/8/4B3/8/8 w - - 0 1
0,1,0,0,0,0,0,1,-1,1,0,1,1,1,0,0,0,0,0,16,0,0,3,7,5,5,2,4,2,21,23,0,0,0,0,0,0,0,0,7,1,1,0,0,0,0,0,3,1,2,KRBKRNvK,DRAW,8/8/7K/5r2/5n2/5k2/2R5/4B3 b - - 0 1
0,1,0,0,0,0,0,1,-1,1,0,1,1,1,0,0,0,0,0,16,0,0,3,1,5,2,2,3,2,17,24,0,0,0,0,0,0,0,0,7,1,1,1,0,0,0,2,1,0,0,KRBKRNvK,DRAW,8/1R6/1K6/8/8/2k2B2/8/2r4n b - - 0 1
0,1,0,0,0,0,0,1,-1,1,0,1,1,1,0,0,0,0,0,16,0,0,5,3,2,3,7,1,3,27,20,0,0,0,0,0,0,0,0,7,1,1,0,0,0,0,2,2,0,1,KRBKRNvK,DRAW,3k4/8/1r6/8/8/3K1n2/8/R4B2 b - - 0 1
0,1,0,0,0,0,0,1,-1,1,0,1,1,1,0,0,0,0,0,16,0,0,4,6,3,7,7,2,6,22,24,0,0,0,0,0,0,0,0,7,1,1,0,0,0,0,1,2,0,1,KRBKRNvK,DRAW,3r3k/8/4n3/8/6K1/8/2B5/6R1 b - - 0 1
1,1,0,0,0,0,0,1,-1,1,0,1,1,1,0,0,0,0,0,16,0,0,5,2,2,7,3,2,3,25,26,0,0,0,0,0,0,0,0,7,1,1,0,0,0,0,1,3,0,0,KRBKRNvK,DRAW,8/8/B3r3/8/5n1k/2K5/8/R7 w - - 0 1
0,1,0,0,0,0,0,1,-1,1,0,1,1,1,0,0,0,0,0,16,0,0,5,3,5,0,0,1,6,1,0,1,0,0,0,0,0,0,0,7,1,1,0,0,0,0,2,2,0,1,KRBKRNvK,DRAW,8/8/3K4/R7/3B1r2/8/8/k5n1 b - - 0 1
1,1,0,0,0,0,0,1,-1,1,0,1,1,1,0,0,0,0,0,16,0,0,3,0,3,2,6,3,3,30,16,0,0,0,0,0,0,0,0,7,1,1,0,0,0,0,3,1,1,1,KRBKRNvK,DRAW,3R4/2k5/2r1n3/8/K7/2B5/8/8 w - - 0 1
1,1,0,0,0,0,0,1,-1,1,0,1,1,1,0,0,0,0,0,16,0,0,7,7,3,0,7,3,6,23,18,0,0,0,0,0,0,0,0,7,1,1,0,0,0,0,1,0,0,0,KRBKRNvK,DRAW,k7/8/n3B3/8/7K/r7/8/7R w - - 0 1
1,1,0,0,0,0,0,1,-1,1,0,1,1,1,0,0,0,0,0,16,0,0,4,3,4,2,0,0,4,32,21,0,0,0,0,0,0,0,0,7,1,1,0,0,0,0,3,0,0,1,KRBKRNvK,DRAW,8/1r6/8/3K1B2/7R/n7/8/2k5 w - - 0 1
0,1,0,0,0,0,0,1,-1,1,0,1,1,1,0,0,0,0,0,16,0,0,4,3,6,3,2,2,1,23,26,0,0,0,0,0,0,0,0,7,1,1,0,0,0,0,2,2,2,0,KRBKRNvK,DRAW,7r/3K4/8/5R2/5B2/3k4/1n6/8 b - - 0 1
0,1,0,0,0,0,0,1,-1,1,0,1,1,1,0,0,0,0,0,16,0,0,5,7,5,2,3,4,1,5,0,1,0,0,0,0,0,0,0,7,1,1,0,0,0,0,3,3,0,1,KRBKRNvK,DRAW,8/8/7K/2r4n/2k4R/8/8/7B b - - 0 1
1,1,0,0,0,0,0,1,-1,1,0,1,1,1,0,0,0,0,0,16,0,0,3,1,1,4,4,4,0,29,21,0,0,0,0,0,0,0,0,7,1,1,0,0,0,0,2,4,0,0,KRBKRNvK,DRAW,B7/3n1r2/8/4k3/8/8/1K6/6R1 w - - 0 1
1,1,0,0,0,0,0,1,-1,1,0,1,1,1,0,0,0,0,0,16,0,0,3,4,2,5,5,1,2,7,0,1,0,0,0,0,0,0,0,7,1,1,0,0,0,0,2,2,1,0,KRBKRNvK,DRAW,1R6/4r2B/5k2/8/8/4K3/8/n7 w - - 0 1
0,1,0,0,0,0,0,1,-1,1,0,1,1,1,0,0,0,0,0,16,0,0,3,3,5,5,2,1,2,5,0,1,0,0,0,0,0,0,0,7,1,1,0,0,0,0,2,2,1,2,KRBKRNvK,DRAW,3B4/8/3K4/3n4/5r2/5k1R/8/8 b - - 0 1
0,1,0,0,0,0,0,1,-1,1,0,1,1,1,0,0,0,0,0,16,0,0,7,5,7,6,0,4,5,22,25,0,0,0,0,0,0,0,0,7,1,1,0,0,0,0,2,2,0,1,KRBKRNvK,DRAW,5K2/4r3/8/R7/6B1/8/6n1/6k1 b - - 0 1
0,1,0,0,0,0,0,1,-1,1,0,1,1,1,0,0,0,0,0,16,0,0,7,2,7,7,0,4,6,22,22,0,0,0,0,0,0,0,0,7,1,1,0,0,0,0,0,1,0,0,KRBKRNvK,DRAW,2K5/8/8/6B1/Rn6/8/8/5r1k b - - 0 1
0,1,0,0,0,0,0,1,-1,1,0,1,1,1,0,0,0,0,0,16,0,0,6,3,7,7,1,3,5,23,19,0,0,0,0,0,0,0,0,7,1,1,0,0,0,0,0,2,0,1,KRBKRNvK,DRAW,1R1K4/2n5/7B/2r5/8/8/7k/8 b - - 0 1
1,1,0,0,0,0,0,1,-1,1,0,1,1,1,0,0,0,0,0,16,0,0,6,2,7,0,1,4,5,26,21,0,0,0,0,0,0,0,0,7,1,1,0,0,0,0,2,0,0,0,KRBKRNvK,DRAW,2K5/6n1/5r2/8/6B1/8/k7/3R4 w - - 0 1
1,1,0,0,0,0,0,1,-1,1,0,1,1,1,0,0,0,0,0,16,0,0,7,0,0,3,7,6,3,23,24,0,0,0,0,0,0,0,0,7,1,1,0,1,0,0,3,1,0,1,KRBKRNvK,DRAW,3k4/3n4/8/8/3B2R1/8/2r5/K7 w - - 0 1
1,1,0,0,0,0,0,1,-1,1,0,1,1,1,0,0,0,0,0,16,0,0,3,1,6,4,5,4,1,7,0,1,0,0,0,0,0,0,0,7,1,1,1,0,0,0,0,2,0,0,KRBKRNvK,DRAW,8/RK6/4k2n/B7/8/1r6/8/8 w - - 0 1
1,1,0,0,0,0,0,1,-1,1,0,1,1,1,0,0,0,0,0,16,0,0,5,2,7,1,2,4,3,23,22,0,0,0,0,0,0,0,0,7,1,1,0,0,0,0,2,0,0,0,KRBKRNvK,DRAW,2K5/6r1/8/n6B/4R3/1k6/8/8 w - - 0 1
0,1,0,0,0,0,0,1,-1,1,0,1,1,1,0,0,0,0,0,16,0,0,7,5,7,1,0,4,5,21,22,0,0,0,0,0,0,0,0,7,1,1,0,1,0,0,2,0,0,0,KRBKRNvK,DRAW,5K2/4B3/3R4/8/7n/8/1r6/1k6 b - - 0 1
1,1,0,0,0,0,0,1,-1,1,0,1,1,1,0,0,0,0,0,16,0,0,2,2,6,0,4,3,3,28,23,0,0,0,0,0,0,0,0,7,1,1,1,0,0,0,3,3,1,0,KRBKRNvK,DRAW,8/2K1R3/2B5/k5r1/8/2n5/8/8 w - - 0 1
0,1,0,0,0,0,0,1,-1,1,0,1,1,1,0,0,0,0,0,16,0,0,7,7,5,0,6,4,5,2,0,1,0,0,0,0,0,0,0,7,1,1,0,0,0,0,2,2,1,0,KRBKRNvK,DRAW,3R4/k7/7K/2B5/8/8/1n6/3r4 b - - 0 1
0,1,0,0,0,0,0,1,-1,1,0,1,1,1,0,0,0,0,0,16,0,0,4,5,2,1,0,2,5,27,19,0,0,0,0,0,0,0,0,7,1,1,0,0,0,0,1,2,0,1,KRBKRNvK,DRAW,2R5/8/8/6r1/2n4B/5K2/8/1k6 b - - 0 1
1,1,0,0,0,0,0,1,-1,1,0,1,1,1,0,0,0,0,0,16,0,0,5,1,7,4,2,5,1,5,0,1,0,0,0,0,0,0,0,7,1,1,0,0,0,0,2,2,0,0,KRBKRNvK,DRAW,1K5r/3B4/8/8/1R6/4k3/8/3n4 w - - 0 1
1,1,0,0,0,0,0,1,-1,1,0,1,1,1,0,0,0,0,0,16,0,0,3,6,2,4,5,3,1,5,0,1,0,0,0,0,0,0,0,7,1,1,0,0,0,0,2,2,0,2,KRBKRNvK,DRAW,8/8/4k3/5r2/8/6K1/RB6/7n w - - 0 1
1,1,0,0,0,0,0,1,-1,1,0,1,1,1,0,0,0,0,0,16,0,0,4,5,1,4,5,3,1,24,26,0,0,0,0,0,0,0,0,7,1,1,0,0,0,0,2,3,0,0,KRBKRNvK,DRAW,3r4/1B6/4k3/8/2n5/5R2/5K2/8 w - - 0 1
0,1,0,0,0,0,0,1,-1,1,0,1,1,1,0,0,0,0,0,16,0,0,4,7,2,3,3,4,0,18,22,0,0,0,0,0,0,0,0,7,1,1,0,0,0,0,2,4,0,1,KRBKRNvK,DRAW,4R1n1/8/8/6B1/3k1r2/7K/8/8 b - - 0 1
1,1,0,0,0,0,0,1,-1,1,0,1,1,1,0,0,0,0,0,16,0,0,5,6,7,1,7,5,5,26,23,0,0,0,0,0,0,0,0,7,1,1,0,0,0,0,1,3,0,0,KRBKRNvK,DRAW,1k4K1/2n5/8/8/1r6/8/5R2/1B6 w - - 0 1
1,1,0,0,0,0,0,1,-1,1,0,1,1,1,0,0,0,0,0,16,0,0,7,0,6,7,4,5,3,2,0,1,0,0,0,0,0,0,0,7,1,1,0,0,0,0,0,3,0,1,KRBKRNvK,DRAW,6R1/K7/3n4/r6k/8/B7/8/8 w - - 0 1
0,1,0,0,0,0,0,1,-1,1,0,1,1,1,0,0,0,0,0,16,0,0,5,5,4,0,7,1,6,1,0,1,0,0,0,0,0,0,0,7,1,1,0,0,0,0,3,0,1,1,KRBKRNvK,DRAW,k7/2B5/8/R3nK2/8/1r6/8/8 b - - 0 1
0,1,0,0,0,0,0,1,-1,1,0,1,1,1,0,0,0,0,0,16,0,0,6,1,1,0,7,4,6,2,0,1,0,0,0,0,0,0,0,7,1,1,0,0,0,0,3,2,0,0,KRBKRNvK,DRAW,k7/3r4/8/R3B3/8/8/1K6/6n1 b - - 0 1
1,1,0,0,0,0,0,1,-1,1,0,1,1,1,0,0,0,0,0,16,0,0,4,3,5,7,3,1,3,21,25,0,0,0,0,0,0,0,0,7,1,1,0,0,0,0,2,1,0,0,KRBKRNvK,DRAW,8/6r1/3K4/8/7k/4n3/8/3B1R2 w - - 0 1
0,1,0,0,0,0,0,1,-1,1,0,1,1,1,0,0,0,0,0,16,0,0,4,7,5,3,6,4,2,18,27,0,0,0,0,0,0,0,0,7,1,1,0,0,0,0,2,1,0,0,KRBKRNvK,DRAW,8/2rk4/1n4BK/8/8/8/4R3/8 b - - 0 1
1,1,0,0,0,0,0,1,-1,1,0,1,1,1,0,0,0,0,0,16,0,0,4,7,0,7,4,6,3,3,0,1,0,0,0,0,0,0,0,7,1,1,0,0,0,0,0,1,0,2,KRBKRNvK,DRAW,8/8/8/7k/8/5rn1/3B4/3R3K w - - 0 1
0,1,0,0,0,0,0,1,-1,1,0,1,1,1,0,0,0,0,0,16,0,0,7,0,1,7,7,5,6,25,26,0,0,0,0,0,0,0,0,7,1,1,0,0,0,0,2,1,0,0,KRBKRNvK,DRAW,7k/2r5/3n4/8/B7/4R3/K7/8 b - - 0 1
1,1,0,0,0,0,0,1,-1,1,0,1,1,1,0,0,0,0,0,16,0,0,4,3,3,7,4,0,3,26,23,0,0,0,0,0,0,0,0,7,1,1,1,0,0,0,3,2,0,1,KRBKRNvK,DRAW,8/R7/6n1/5r1k/3K4/8/8/7B w - - 0 1
1,1,0,0,0,0,0,1,-1,1,0,1,1,1,0,0,0,0,0,16,0,0,7,7,0,0,2,6,4,2,0,1,0,0,0,0,0,0,0,7,1,1,0,0,0,0,2,1,1,2,KRBKRNvK,DRAW,8/8/8/3B4/2R5/k6r/5n2/7K w - - 0 1
1,1,0,0,0,0,0,1,-1,1,0,1,1,1,0,0,0,0,0,16,0,0,4,1,2,5,4,3,1,7,0,1,0,0,0,0,0,0,0,7,1,1,0,0,0,0,0,2,1,0,KRBKRNvK,DRAW,8/1r6/R7/5k1B/8/1K5n/8/8 w - - 0 1
0,1,0,0,0,0,0,1,-1,1,0,1,1,1,0,0,0,0,0,16,0,0,2,0,0,0,2,6,4,3,0,1,0,0,0,0,0,0,0,7,1,1,0,0,0,0,1,1,2,0,KRBKRNvK,DRAW,8/8/1r6/6n1/8/k1R5/8/KB6 b - - 0 1
0,1,0,0,0,0,0,1,-1,1,0,1,1,1,0,0,0,0,0,16,0,0,6,6,4,0,1,2,5,23,27,0,0,0,0,0,0,0,0,7,1,1,0,0,0,0,4,0,0,0,KRBKRNvK,DRAW,8/1n4B1/8/6K1/3R4/2r5/k7/8 b - - 0 1
0,1,0,0,0,0,0,1,-1,1,0,1,1,1,0,0,0,0,0,16,0,0,2,5,4,3,5,1,1,20,24,0,0,0,0,0,0,0,0,7,1,1,0,0,0,0,2,2,0,0,KRBKRNvK,DRAW,6n1/8/3k4/5K2/8/8/2R1B3/7r b - - 0 1
0,1,0,0,0,0,0,1,-1,1,0,1,1,1,0,0,0,0,0,16,0,0,6,6,5,0,2,3,4,19,28,0,0,0,0,0,0,0,0,7,1,1,0,0,0,0,2,2,0,1,KRBKRNvK,DRAW,8/4r3/5BK1/8/8/k7/7R/1n6 b - - 0 1
0,1,0,0,0,0,0,1,-1,1,0,1,1,1,0,0,0,0,0,16,0,0,6,7,6,3,0,5,3,21,24,0,0,0,0,0,0,0,0,7,1,1,0,0,0,0,2,1,0,0,KRBKRNvK,DRAW,8/r3n2K/1B6/8/7R/8/8/3k4 b - - 0 1
0,1,0,0,0,0,0,1,-1,1,0,1,1,1,0,0,0,0,0,16,0,0,3,4,6,1,6,2,4,22,27,0,0,0,0,0,0,0,0,7,1,1,0,0,0,0,2,2,0,0,KRBKRNvK,DRAW,8/1k2K3/8/7r/B7/8/8/4R2n b - - 0 1
1,1,0,0,0,0,0,1,-1,1,0,1,1,1,0,0,0,0,0,16,0,0,7,2,7,6,0,4,5,25,22,0,0,0,0,0,0,0,0,7,1,1,0,0,0,0,2,2,0,0,KRBKRNvK,DRAW,2K5/8/3R4/5r2/8/8/6n1/3B2k1 w - - 0 1
1,1,0,0,0,0,0,1,-1,1,0,1,1,1,0,0,0,0,0,16,0,0,5,1,6,6,4,4,2,4,0,1,0,0,0,0,0,0,0,7,1,1,0,0,0,0,1,0,1,0,KRBKRNvK,DRAW,8/1K3r1B/1R6/4n1k1/8/8/8/8 w - - 0 1
1,1,0,0,0,0,0,1,-1,1,0,1,1,1,0,0,0,0,0,16,0,0,2,4,3,2,5,0,2,4,0,1,0,0,0,0,0,0,0,7,1,1,0,0,0,0,4,2,1,2,KRBKRNvK,DRAW,8/8/2k5/6n1/2B1K3/2r1R3/8/8 w - - 0 1
1,1,0,0,0,0,0,1,-1,1,0,1,1,1,0,0,0,0,0,16,0,0,6,1,4,7,1,2,5,24,18,0,0,0,0,0,0,0,0,7,1,1,0,0,0,0,3,0,1,0,KRBKRNvK,DRAW,8/7n/8/1K4R1/8/8/6Bk/2r5 w - - 0 1
0,1,0,0,0,0,0,1,-1,1,0,1,1,1,0,0,0,0,0,16,0,0,4,6,7,4,3,5,0,6,0,1,0,0,0,0,0,0,0,7,1,1,0,0,0,0,1,3,1,0,KRBKRNvK,DRAW,6K1/8/6BR/8/4k3/4n3/8/2r5 b - - 0 1
1,1,0,0,0,0,0,1,-1,1,0,1,1,1,0,0,0,0,0,16,0,0,2,7,4,7,6,3,5,24,18,0,0,0,0,0,0,0,0,7,1,1,0,1,0,0,2,0,1,0,KRBKRNvK,DRAW,5n2/7k/5B2/7K/8/7R/r7/8 w - - 0 1
0,1,0,0,0,0,0,1,-1,1,0,1,1,1,0,0,0,0,0,16,0,0,4,0,5,4,7,4,3,20,31,0,0,0,0,0,0,0,0,7,1,1,0,0,0,0,2,0,0,0,KRBKRNvK,DRAW,4k3/8/K7/1R6/3B4/8/8/2n3r1 b - - 0 1
1,1,0,0,0,0,0,1,-1,1,0,1,1,1,0,0,0,0,0,16,0,0,5,7,0,3,5,6,1,25,17,0,0,0,0,0,0,0,0,7,1,1,0,0,0,0,3,3,2,0,KRBKRNvK,DRAW,8/8/3kB3/4r3/2R5/8/n7/7K w - - 0 1
0,1,0,0,0,0,0,1,-1,1,0,1,1,1,0,0,0,0,0,16,0,0,5,5,3,0,0,1,6,24,18,0,0,0,0,0,0,0,0,7,1,1,0,0,0,0,2,3,0,1,KRBKRNvK,DRAW,3B4/8/3n4/r7/5KR1/8/8/k7 b - - 0 1
0,1,0,0,0,0,0,1,-1,1,0,1,1,1,0,0,0,0,0,16,0,0,7,7,4,0,2,3,4,21,21,0,0,0,0,0,0,0,0,7,1,1,0,0,0,0,0,0,0,0,KRBKRNvK,WIN,7R/8/B7/7K/8/k1r5/8/2n5 b - - 0 1
0,1,0,0,0,0,0,1,-1,1,0,1,1,1,0,0,0,0,0,16,0,0,5,6,0,4,5,5,1,23,29,0,0,0,0,0,0,0,0,7,1,1,0,0,0,0,2,3,1,0,KRBKRNvK,DRAW,6Rn/8/4k3/8/3r4/5B2/8/6K1 b - - 0 1
0,1,0,0,0,0,0,1,-1,1,0,1,1,1,0,0,0,0,0,16,0,0,4,0,0,4,3,6,0,27,20,0,0,0,0,0,0,0,0,7,1,1,0,0,0,0,0,3,0,0,KRBKRNvK,DRAW,5B2/1r6/8/8/2n1k3/8/8/K4R2 b - - 0 1
1,1,0,0,0,0,0,1,-1,1,0,1,1,1,0,0,0,0,0,16,0,0,3,1,3,4,6,2,2,22,23,0,0,0,0,0,0,0,0,7,1,1,0,0,0,0,0,3,0,0,KRBKRNvK,WIN,8/3nk3/8/8/1K6/8/8/R1Br4 w - - 0 1
1,1,0,0,0,0,0,1,-1,1,0,1,1,1,0,0,0,0,0,16,0,0,2,0,3,2,4,3,1,1,0,1,0,0,0,0,0,0,0,7,1,1,0,0,0,0,0,3,0,2,KRBKRNvK,DRAW,5R2/8/8/2k5/Kr6/8/2n1B3/8 w - - 0 1
1,1,0,0,0,0,0,1,-1,1,0,1,1,1,0,0,0,0,0,16,0,0,2,1,2,3,3,3,0,29,21,0,0,0,0,0,0,0,0,7,1,1,0,0,0,0,2,3,2,0,KRBKRNvK,DRAW,7r/8/8/4R3/2Bk4/1K6/5n2/8 w - - 0 1
0,1,0,0,0,0,0,1,-1,1,0,1,1,1,0,0,0,0,0,16,0,0,7,2,7,7,0,4,6,2,0,1,0,0,0,0,0,0,0,7,1,1,0,0,0,0,3,1,0,1,KRBKRNvK,LOSS,2K5/1r6/8/8/6n1/8/8/B2R3k b - - 0 1
1,1,0,0,0,0,0,1,-1,1,0,1,1,1,0,0,0,0,0,16,0,0,3,3,7,6,6,3,4,24,22,0,0,0,0,0,0,0,0,7,1,1,0,0,0,0,1,0,0,0,KRBKRNvK,DRAW,2RK4/6k1/8/8/8/4B3/8/n6r w - - 0 1
1,1,0,0,0,0,0,1,-1,1,0,1,1,1,0,0,0,0,0,16,0,0,5,0,1,3,6,5,2,29,23,0,0,0,0,0,0,0,0,7,1,1,0,0,0,0,1,0,1,0,KRBKRNvK,DRAW,1R6/3k4/5r2/8/8/4B3/K7/3n4 w - - 0 1
0,1,0,0,0,0,0,1,-1,1,0,1,1,1,0,0,0,0,0,16,0,0,2,3,4,4,2,0,1,4,0,1,0,0,0,0,0,0,0,7,1,1,0,0,0,0,3,2,1,1,KRBKRNvK,DRAW,8/8/1B6/3K4/3nR3/4k3/8/7r b - - 0 1
0,1,0,0,0,0,0,1,-1,1,0,1,1,1,0,0,0,0,0,16,0,0,5,1,7,1,2,5,3,20,26,0,0,0,0,0,0,0,0,7,1,1,0,0,0,0,3,1,1,0,KRBKRNvK,DRAW,1K6/7B/8/3R4/2n5/1kr5/8/8 b - - 0 1
0,1,0,0,0,0,0,1,-1,1,0,1,1,1,0,0,0,0,0,16,0,0,6,0,7,6,2,6,3,22,24,0,0,0,0,0,0,0,0,7,1,1,0,0,0,0,1,1,1,1,KRBKRNvK,DRAW,K7/8/1r1n2B1/8/8/6k1/8/5R2 b - - 0 1
1,1,0,0,0,0,0,1,-1,1,0,1,1,1,0,0,0,0,0,16,0,0,2,7,1,7,3,5,3,28,14,0,0,0,0,0,0,0,0,7,1,1,0,0,0,0,2,0,1,0,KRBKRNvK,DRAW,1R6/8/r7/n7/7k/5B2/7K/8 w - - 0 1
1,1,0,0,0,0,0,1,-1,1,0,1,1,1,0,0,0,0,0,16,0,0,3,3,0,6,0,3,5,27,21,0,0,0,0,0,0,0,0,7,1,1,0,0,0,0,2,0,0,1,KRBKRNvK,DRAW,8/7n/4R3/4B3/8/1r6/8/3K2k1 w - - 0 1
0,1,0,0,0,0,0,1,-1,1,0,1,1,1,0,0,0,0,0,16,0,0,3,5,4,7,1,1,5,18,26,0,0,0,0,0,0,0,0,7,1,1,0,0,0,0,4,2,0,0,KRBKRNvK,DRAW,8/8/4B3/5K2/r7/8/n6k/3R4 b - - 0 1
1,1,0,0,0,0,0,1,-1,1,0,1,1,1,0,0,0,0,0,16,0,0,3,4,6,7,7,2,6,24,21,0,0,0,0,0,0,0,0,7,1,1,1,0,0,0,1,1,1,0,KRBKRNvK,DRAW,7k/2R1K3/r5B1/1n6/8/8/8/8 w - - 0 1
0,1,0,0,0,0,0,1,-1,1,0,1,1,1,0,0,0,0,0,16,0,0,2,0,1,2,2,5,2,22,21,0,0,0,0,0,0,0,0,7,1,1,1,0,0,0,2,2,1,0,KRBKRNvK,DRAW,3r4/4R3/8/8/3n4/B1k5/K7/8 b - - 0 1
0,1,0,0,0,0,0,1,-1,1,0,1,1,1,0,0,0,0,0,16,0,0,4,1,4,1,0,2,5,3,0,1,0,0,0,0,0,0,0,7,1,1,0,0,0,0,0,2,2,0,KRBKRNvK,DRAW,8/6n1/4r3/1K6/8/1R6/3B4/1k6 b - - 0 1
1,1,0,0,0,0,0,1,-1,1,0,1,1,1,0,0,0,0,0,16,0,0,7,7,7,0,0,6,6,24,20,0,0,0,0,0,0,0,0,7,1,1,0,0,0,0,2,2,0,0,KRBKRNvK,DRAW,7K/8/3r4/5B2/5R2/8/6n1/k7 w - - 0 1
1,1,0,0,0,0,0,1,-1,1,0,1,1,1,0,0,0,0,0,16,0,0,5,0,0,5,2,6,2,18,26,0,0,0,0,0,0,0,0,7,1,1,1,0,0,0,0,2,0,0,KRBKRNvK,DRAW,1B4r1/2R5/8/8/8/5k2/4n3/K7 w - - 0 1
1,1,0,0,0,0,0,1,-1,1,0,1,1,1,0,0,0,0,0,16,0,0,4,2,5,4,1,2,2,28,22,0,0,0,0,0,0,0,0,7,1,1,0,1,0,0,3,1,1,0,KRBKRNvK,DRAW,8/8/2K5/3B4/6R1/8/1r2kn2/8 w - - 0 1
1,1,0,0,0,0,0,1,-1,1,0,1,1,1,0,0,0,0,0,16,0,0,5,5,6,6,1,3,4,5,0,1,0,0,0,0,0,0,0,7,1,1,0,0,0,0,2,3,0,2,KRBKRNvK,DRAW,8/5K2/3n3B/5r2/8/8/6k1/3R4 w - - 0 1
0,1,0,0,0,0,0,1,-1,1,0,1,1,1,0,0,0,0,0,16,0,0,3,2,6,5,7,3,4,5,0,1,0,0,0,0,0,0,0,7,1,1,0,0,0,0,2,2,0,2,KRBKRNvK,LOSS,1n3k2/2K5/8/r7/5R2/8/8/4B3 b - - 0 1
1,1,0,0,0,0,0,1,-1,1,0,1,1,1,0,0,0,0,0,16,0,0,3,3,1,0,0,2,6,25,21,0,0,0,0,0,0,0,0,7,1,1,0,0,0,0,1,2,0,0,KRBKRNvK,DRAW,4r3/8/6R1/n7/8/8/3K4/k5B1 w - - 0 1
1,1,0,0,0,0,0,1,-1,1,0,1,1,1,0,0,0,0,0,16,0,0,5,3,0,0,5,3,4,25,18,0,0,0,0,0,0,0,0,7,1,1,0,0,0,0,2,1,0,0,KRBKRNvK,DRAW,8/4nr2/k7/6R1/8/8/3B4/3K4 w - - 0 1
0,1,0,0,0,0,0,1,-1,1,0,1,1,1,0,0,0,0,0,16,0,0,7,7,6,0,0,5,6,19,22,0,0,0,0,0,0,0,0,7,1,1,0,0,0,0,3,2,0,0,KRBKRNvK,DRAW,8/7K/8/1R3B2/6r1/7n/8/k7 b - - 0 1
0,1,0,0,0,0,0,1,-1,1,0,1,1,1,0,0,0,0,0,16,0,0,4,1,5,5,4,3,1,5,0,1,0,0,0,0,0,0,0,7,1,1,0,0,0,0,2,3,2,0,KRBKRNvK,DRAW,8/8/1K5B/3R1k1r/8/1n6/8/8 b - - 0 1
1,1,0,0,0,0,0,1,-1,1,0,1,1,1,0,0,0,0,0,16,0,0,5,3,1,2,6,2,3,27,26,0,0,0,0,0,0,0,0,7,1,1,0,0,0,0,2,2,0,0,KRBKRNvK,DRAW,8/2k5/7n/6r1/8/3BR3/3K4/8 w - - 0 1
1,1,0,0,0,0,0,1,-1,1,0,1,1,1,0,0,0,0,0,16,0,0,2,7,7,5,7,6,4,20,19,0,0,0,0,0,0,0,0,7,1,1,0,0,0,0,2,1,0,1,KRBKRNvK,DRAW,B4k1K/8/4n1r1/8/8/8/8/7R w - - 0 1
1,1,0,0,0,0,0,1,-1,1,0,1,1,1,0,0,0,0,0,16,0,0,4,4,6,0,3,2,3,26,22,0,0,0,0,0,0,0,0,7,1,1,0,0,0,0,1,0,1,0,KRBKRNvK,DRAW,1n6/4K2B/8/8/k7/6r1/2R5/8 w - - 0 1
1,1,0,0,0,0,0,1,-1,1,0,1,1,1,0,0,0,0,0,16,0,0,4,5,0,1,0,4,5,3,0,1,0,0,0,0,0,0,0,7,1,1,0,0,0,0,2,2,1,2,KRBKRNvK,DRAW,8/8/8/8/8/5R2/7n/Bk1r1K2 w - - 0 1
1,1,0,0,0,0,0,1,-1,1,0,1,1,1,0,0,0,0,0,16,0,0,3,2,2,0,5,2,4,27,22,0,0,0,0,0,0,0,0,7,1,1,0,0,0,0,2,2,0,0,KRBKRNvK,DRAW,5R2/1n6/k7/8/7r/2K5/2B5/8 w - - 0 1
0,1,0,0,0,0,0,1,-1,1,0,1,1,1,0,0,0,0,0,16,0,0,2,2,0,4,2,4,1,17,27,0,0,0,0,0,0,0,0,7,1,1,0,1,0,0,1,2,1,2,KRBKRNvK,DRAW,1R6/8/8/4B3/8/n3k3/r7/2K5 b - - 0 1
0,1,0,0,0,0,0,1,-1,1,0,1,1,1,0,0,0,0,0,16,0,0,4,3,2,3,6,1,2,4,0,1,0,0,0,0,0,0,0,7,1,1,0,0,0,0,4,1,1,0,KRBKRNvK,DRAW,1r6/3k4/3R2n1/8/5B2/3K4/8/8 b - - 0 1
1,1,0,0,0,0,0,1,-1,1,0,1,1,1,0,0,0,0,0,16,0,0,4,6,2,2,2,3,2,28,17,0,0,0,0,0,0,0,0,7,1,1,0,0,0,0,3,1,2,0,KRBKRNvK,DRAW,2n2r2/8/8/3B4/8/2k3K1/3R4/8 w - - 0 1
0,1,0,0,0,0,0,1,-1,1,0,1,1,1,0,0,0,0,0,16,0,0,2,7,5,5,5,4,2,3,0,1,0,0,0,0,0,0,0,7,1,1,0,0,0,0,0,1,0,1,KRBKRNvK,LOSS,7n/2r5/5k1K/B7/8/8/8/5R2 b - - 0 1
0,1,0,0,0,0,0,1,-1,1,0,1,1,1,0,0,0,0,0,16,0,0,3,7,0,4,2,6,1,22,22,0,0,0,0,0,0,0,0,7,1,1,0,0,0,0,2,3,0,0,KRBKRNvK,DRAW,1R5B/4r3/8/8/7n/4k3/8/7K b - - 0 1
0,1,0,0,0,0,0,1,-1,1,0,1,1,1,0,0,0,0,0,16,0,0,7,7,3,0,1,3,5,23,23,0,0,0,0,0,0,0,0,7,1,1,0,0,0,0,2,2,0,0,KRBKRNvK,DRAW,2n5/8/8/8/4R2K/3r4/k6B/8 b - - 0 1
0,1,0,0,0,0,0,1,-1,1,0,1,1,1,0,0,0,0,0,16,0,0,4,3,1,7,4,2,3,26,22,0,0,0,0,0,0,0,0,7,1,1,0,0,0,0,0,0,1,1,KRBKRNvK,DRAW,8/8/5r2/7k/3n4/7B/1R1K4/8 b - - 0 1
1,1,0,0,0,0,0,1,-1,1,0,1,1,1,0,0,0,0,0,16,0,0,4,4,4,3,0,0,3,21,22,0,0,0,0,0,0,0,0,7,1,1,0,0,0,0,3,1,0,1,KRBKRNvK,DRAW,8/8/B6r/4K3/8/6n1/R7/3k4 w - - 0 1
1,1,0,0,0,0,0,1,-1,1,0,1,1,1,0,0,0,0,0,16,0,0,3,3,0,1,3,3,2,4,0,1,0,0,0,0,0,0,0,7,1,1,0,0,0,0,2,2,0,1,KRBKRNvK,DRAW,8/8/8/4R3/1k1r4/7B/1n6/3K4 w - - 0 1
0,1,0,0,0,0,0,1,-1,1,0,1,1,1,0,0,0,0,0,16,0,0,5,0,0,5,1,6,3,27,24,0,0,0,0,0,0,0,0,7,1,1,0,0,0,0,0,2,0,0,KRBKRNvK,DRAW,8/4B3/8/4n3/3r4/R7/5k2/K7 b - - 0 1
0,1,0,0,0,0,0,1,-1,1,0,1,1,1,0,0,0,0,0,16,0,0,3,3,4,3,7,0,3,3,0,1,0,0,0,0,0,0,0,7,1,1,0,0,0,0,4,1,0,0,KRBKRNvK,LOSS,R2k2B1/7r/6n1/3K4/8/8/8/8 b - - 0 1
0,1,0,0,0,0,0,1,-1,1,0,1,1,1,0,0,0,0,0,16,0,0,2,3,5,1,5,1,3,19,25,0,0,0,0,0,0,0,0,7,1,1,1,1,0,0,3,0,0,0,KRBKRNvK,DRAW,8/4R3/1k1K4/7B/8/8/n5r1/8 b - - 0 1
0,1,0,0,0,0,0,1,-1,1,0,1,1,1,0,0,0,0,0,16,0,0,7,5,7,5,0,4,4,26,22,0,0,0,0,0,0,0,0,7,1,1,1,1,0,0,0,2,0,1,KRBKRNvK,DRAW,5K2/2R5/3n4/7B/8/8/4r3/5k2 b - - 0 1
1,1,0,0,0,0,0,1,-1,1,0,1,1,1,0,0,0,0,0,16,0,0,7,6,7,2,0,5,4,3,0,1,0,0,0,0,0,0,0,7,1,1,0,0,0,0,1,1,0,1,KRBKRNvK,DRAW,1R4K1/4n3/8/8/2B5/8/8/2k4r w - - 0 1
0,1,0,0,0,0,0,1,-1,1,0,1,1,1,0,0,0,0,0,16,0,0,6,1,0,7,5,5,4,23,25,0,0,0,0,0,0,0,0,7,1,1,0,0,0,0,3,2,0,1,KRBKRNvK,DRAW,3R4/8/7k/5r2/8/8/7B/1K1n4 b - - 0 1
0,1,0,0,0,0,0,1,-1,1,0,1,1,1,0,0,0,0,0,16,0,0,5,1,7,6,6,5,4,22,23,0,0,0,0,0,0,0,0,7,1,1,0,0,0,0,2,0,1,0,KRBKRNvK,DRAW,1K6/6kr/8/4R3/4n3/8/8/4B3 b - - 0 1
0,1,0,0,0,0,0,1,-1,1,0,1,1,1,0,0,0,0,0,16,0,0,5,1,2,6,2,3,3,19,35,0,0,0,0,0,0,0,0,7,1,1,0,0,0,0,1,0,0,0,KRBKRNvK,DRAW,2R5/8/7r/7n/3B4/1K4k1/8/8 b - - 0 1
1,1,0,0,0,0,0,1,-1,1,0,1,1,1,0,0,0,0,0,16,0,0,6,0,1,3,7,5,3,2,0,1,0,0,0,0,0,0,0,7,1,1,1,0,0,0,0,2,1,1,KRBKRNvK,DRAW,r2k4/2R5/8/1B6/8/2n5/K7/8 w - - 0 1
1,1,0,0,0,0,0,1,-1,1,0,1,1,1,0,0,0,0,0,16,0,0,7,7,0,0,5,6,4,28,14,0,0,0,0,0,0,0,0,7,1,1,1,0,0,0,1,0,1,0,KRBKRNvK,DRAW,1n6/2R5/k7/8/8/1r2B3/8/7K w - - 0 1
1,1,0,0,0,0,0,1,-1,1,0,1,1,1,0,0,0,0,0,16,0,0,3,3,2,0,2,1,4,20,24,0,0,0,0,0,0,0,0,7,1,1,0,0,0,0,2,3,1,1,KRBKRNvK,DRAW,8/8/8/6r1/8/kn1K4/8/2R2B2 w - - 0 1
1,1,0,0,0,0,0,1,-1,1,0,1,1,1,0,0,0,0,0,16,0,0,7,6,7,2,0,5,4,26,18,0,0,0,0,0,0,0,0,7,1,1,0,1,0,0,3,2,1,0,KRBKRNvK,DRAW,6K1/8/8/7R/8/8/3rn3/1Bk5 w - - 0 1
1,1,0,0,0,0,0,1,-1,1,0,1,1,1,0,0,0,0,0,16,0,0,3,4,2,5,5,1,2,24,21,0,0,0,0,0,0,0,0,7,1,1,0,0,0,0,2,1,1,0,KRBKRNvK,DRAW,8/8/1r3k2/7B/7n/2R1K3/8/8 w - - 0 1
1,1,0,0,0,0,0,1,-1,1,0,1,1,1,0,0,0,0,0,16,0,0,7,0,2,7,6,4,5,4,0,1,0,0,0,0,0,0,0,7,1,1,0,0,0,0,2,2,0,0,KRBKRNvK,DRAW,8/6nk/8/8/5R2/K3r2B/8/8 w - - 0 1
0,1,0,0,0,0,0,1,-1,1,0,1,1,1,0,0,0,0,0,16,0,0,2,5,5,7,7,2,6,19,29,0,0,0,0,0,0,0,0,7,1,1,0,1,0,0,1,0,0,0,KRBKRNvK,DRAW,1n5k/8/5K2/8/5B2/8/6r1/2R5 b - - 0 1
1,1,0,0,0,0,0,1,-1,1,0,1,1,1,0,0,0,0,0,16,0,0,7,7,0,7,7,6,6,3,0,1,0,0,0,0,0,0,0,7,1,1,0,0,0,0,1,2,0,0,KRBKRNvK,DRAW,1B5k/8/2R5/8/7r/8/8/n6K w - - 0 1
0,1,0,0,0,0,0,1,-1,1,0,1,1,1,0,0,0,0,0,16,0,0,7,7,4,0,3,3,3,25,20,0,0,0,0,0,0,0,0,7,1,1,0,0,0,0,2,2,0,0,KRBKRNvK,DRAW,8/8/4r3/2n4K/k7/8/8/3R2B1 b - - 0 1
0,1,0,0,0,0,0,1,-1,1,0,1,1,1,0,0,0,0,0,16,0,0,2,3,3,1,5,0,3,23,12,0,0,0,0,0,0,0,0,7,1,1,0,0,0,0,4,2,0,2,KRBKRNvK,DRAW,8/8/1k2r3/8/3K4/8/1n1R1B2/8 b - - 0 1
1,1,0,0,0,0,0,1,-1,1,0,1,1,1,0,0,0,0,0,16,0,0,3,7,3,7,0,3,6,21,20,0,0,0,0,0,0,0,0,7,1,1,0,0,0,0,2,1,0,2,KRBKRNvK,DRAW,8/8/8/2R3B1/7K/5r2/5n2/7k w - - 0 1
0,1,0,0,0,0,0,1,-1,1,0,1,1,1,0,0,0,0,0,16,0,0,4,0,2,4,6,4,2,5,0,1,0,0,0,0,0,0,0,7,1,1,0,0,0,0,2,1,1,0,KRBKRNvK,DRAW,2r5/4k3/3n4/3B4/8/K7/4R3/8 b - - 0 1
1,1,0,0,0,0,0,1,-1,1,0,1,1,1,0,0,0,0,0,16,0,0,5,7,3,2,3,3,1,27,19,0,0,0,0,0,0,0,0,7,1,1,0,0,0,0,3,2,1,0,KRBKRNvK,DRAW,8/8/6B1/3R4/2k4K/8/8/r5n1 w - - 0 1
1,1,0,0,0,0,0,1,-1,1,0,1,1,1,0,0,0,0,0,16,0,0,4,3,7,7,4,3,3,26,20,0,0,0,0,0,0,0,0,7,1,1,0,0,0,0,2,2,1,0,KRBKRNvK,DRAW,3K4/6B1/R7/7k/8/4r3/8/6n1 w - - 0 1
0,1,0,0,0,0,0,1,-1,1,0,1,1,1,0,0,0,0,0,16,0,0,2,0,2,2,3,4,1,6,0,1,0,0,0,0,0,0,0,7,1,1,0,0,0,0,2,2,1,0,KRBKRNvK,DRAW,3n4/3r4/8/7B/2k1R3/K7/8/8 b - - 0 1
0,1,0,0,0,0,0,1,-1,1,0,1,1,1,0,0,0,0,0,16,0,0,5,5,4,0,4,1,3,22,28,0,0,0,0,0,0,0,0,7,1,1,0,0,0,0,3,2,0,0,KRBKRNvK,DRAW,1n6/8/8/k4K2/2r5/8/1B6/4R3 b - - 0 1
1,1,0,0,0,0,0,1,-1,1,0,1,1,1,0,0,0,0,0,16,0,0,5,4,0,7,5,3,4,3,0,1,0,0,0,0,0,0,0,7,1,1,0,0,0,0,2,0,2,0,KRBKRNvK,DRAW,5B2/6n1/7k/5R2/8/8/8/r3K3 w - - 0 1
0,1,0,0,0,0,0,1,-1,1,0,1,1,1,0,0,0,0,0,16,0,0,6,0,4,6,6,3,4,24,27,0,0,0,0,0,0,0,0,7,1,1,0,0,0,0,1,2,0,0,KRBKRNvK,DRAW,2R5/5nk1/8/K7/8/1B6/8/4r3 b - - 0 1
1,1,0,0,0,0,0,1,-1,1,0,1,1,1,0,0,0,0,0,16,0,0,4,5,2,1,4,2,2,25,25,0,0,0,0,0,0,0,0,7,1,1,0,0,0,0,3,2,0,0,KRBKRNvK,DRAW,4n3/8/8/1k6/2r5/5K2/6R1/B7 w - - 0 1
0,1,0,0,0,0,0,1,-1,1,0,1,1,1,0,0,0,0,0,16,0,0,4,2,6,1,2,3,3,22,25,0,0,0,0,0,0,0,0,7,1,1,1,0,0,0,0,1,0,1,KRBKRNvK,DRAW,8/2K1nR2/8/8/6B1/1k6/8/1r6 b - - 0 1
1,1,0,0,0,0,0,1,-1,1,0,1,1,1,0,0,0,0,0,16,0,0,5,6,2,1,3,3,2,30,20,0,0,0,0,0,0,0,0,7,1,1,0,0,0,0,3,1,0,0,KRBKRNvK,DRAW,8/8/4R3/8/1k6/6K1/2n3B1/2r5 w - - 0 1
0,1,0,0,0,0,0,1,-1,1,0,1,1,1,0,0,0,0,0,16,0,0,5,5,0,0,1,4,5,20,23,0,0,0,0,0,0,0,0,7,1,1,0,1,0,0,2,0,0,1,KRBKRNvK,DRAW,3B4/8/8/8/4R3/8/kr6/3n1K2 b - - 0 1
1,1,0,0,0,0,0,1,-1,1,0,1,1,1,0,0,0,0,0,16,0,0,5,6,5,1,2,3,3,4,0,1,0,0,0,0,0,0,0,7,1,1,1,0,0,0,0,2,0,1,KRBKRNvK,DRAW,8/5R2/B2r2K1/8/7n/1k6/8/8 w - - 0 1
1,1,0,0,0,0,0,1,-1,1,0,1,1,1,0,0,0,0,0,16,0,0,6,7,7,2,1,6,3,23,26,0,0,0,0,0,0,0,0,7,1,1,0,0,0,0,0,2,1,0,KRBKRNvK,DRAW,R6K/8/8/5r2/8/4n3/2k5/4B3 w - - 0 1
0,1,0,0,0,0,0,1,-1,1,0,1,1,1,0,0,0,0,0,16,0,0,6,0,0,5,6,6,3,25,23,0,0,0,0,0,0,0,0,7,1,1,0,0,0,0,3,0,0,1,KRBKRNvK,DRAW,1B6/5k2/8/8/R7/2r5/8/K5n1 b - - 0 1
0,1,0,0,0,0,0,1,-1,1,0,1,1,1,0,0,0,0,0,16,0,0,2,3,5,5,3,1,1,4,0,1,0,0,0,0,0,0,0,7,1,1,0,1,0,0,3,2,0,0,KRBKRNvK,DRAW,5R2/8/3K4/8/5k2/8/2r5/n5B1 b - - 0 1
0,1,0,0,0,0,0,1,-1,1,0,1,1,1,0,0,0,0,0,16,0,0,3,6,0,3,1,5,2,27,28,0,0,0,0,0,0,0,0,7,1,1,0,0,0,0,2,0,0,0,KRBKRNvK,DRAW,8/5B2/1r6/2R5/3n4/8/3k4/6K1 b - - 0 1
1,1,0,0,0,0,0,1,-1,1,0,1,1,1,0,0,0,0,0,16,0,0,3,0,3,3,6,3,2,21,27,0,0,0,0,0,0,0,0,7,1,1,0,0,0,0,1,1,0,1,KRBKRNvK,DRAW,8/2nk3B/1r6/8/K7/7R/8/8 w - - 0 1
0,1,0,0,0,0,0,1,-1,1,0,1,1,1,0,0,0,0,0,16,0,0,4,6,2,3,6,3,2,25,25,0,0,0,0,0,0,0,0,7,1,1,0,0,0,0,2,2,1,2,KRBKRNvK,DRAW,8/3k4/1R6/7r/6n1/6K1/8/B7 b - - 0 1
0,1,0,0,0,0,0,1,-1,1,0,1,1,1,0,0,0,0,0,16,0,0,2,3,2,5,2,1,2,15,25,0,0,0,0,0,0,0,0,7,1,1,0,1,0,0,3,2,1,2,KRBKRNvK,DRAW,8/8/3B4/8/8/3K1k2/1rn4R/8 b - - 0 1
1,1,0,0,0,0,0,1,-1,1,0,1,1,1,0,0,0,0,0,16,0,0,2,6,5,6,3,3,2,27,20,0,0,0,0,0,0,0,0,7,1,1,0,0,0,0,2,2,0,1,KRBKRNvK,DRAW,R7/6B1/6K1/8/4r1k1/8/8/4n3 w - - 0 1
1,1,0,0,0,0,0,1,-1,1,0,1,1,1,0,0,0,0,0,16,0,0,5,6,7,1,4,5,2,28,22,0,0,0,0,0,0,0,0,7,1,1,0,0,0,0,3,3,2,0,KRBKRNvK,DRAW,6K1/8/3B4/1k5r/2R5/1n6/8/8 w - - 0 1
0,1,0,0,0,0,0,1,-1,1,0,1,1,1,0,0,0,0,0,16,0,0,2,6,4,4,2,2,1,25,19,0,0,0,0,0,0,0,0,7,1,1,0,0,0,0,0,2,0,1,KRBKRNvK,DRAW,2R5/8/7B/6K1/7n/4k3/8/5r2 b - - 0 1
1,1,0,0,0,0,0,1,-1,1,0,1,1,1,0,0,0,0,0,16,0,0,5,4,7,5,2,3,2,2,0,1,0,0,0,0,0,0,0,7,1,1,0,0,0,0,0,1,0,1,KRBKRNvK,DRAW,4K3/Br4n1/1R6/8/8/5k2/8/8 w - - 0 1
0,1,0,0,0,0,0,1,-1,1,0,1,1,1,0,0,0,0,0,16,0,0,2,6,5,5,3,3,1,20,19,0,0,0,0,0,0,0,0,7,1,1,0,0,0,0,3,2,1,0,KRBKRNvK,DRAW,8/8/4R1K1/8/5k2/3n3r/B7/8 b - - 0 1
0,1,0,0,0,0,0,1,-1,1,0,1,1,1,0,0,0,0,0,16,0,0,2,4,2,6,3,1,2,23,18,0,0,0,0,0,0,0,0,7,1,1,1,0,0,0,3,0,0,1,KRBKRNvK,DRAW,5B2/4R3/2r5/8/6k1/4K3/8/6n1 b - - 0 1
0,1,0,0,0,0,0,1,-1,1,0,1,1,1,0,0,0,0,0,16,0,0,7,0,7,0,0,6,6,25,24,0,0,0,0,0,0,0,0,7,1,1,1,1,0,0,0,2,0,0,KRBKRNvK,DRAW,K7/5R2/8/1Bn5/8/8/4r3/k7 b - - 0 1
1,1,0,0,0,0,0,1,-1,1,0,1,1,1,0,0,0,0,0,16,0,0,3,6,7,3,5,5,1,24,21,0,0,0,0,0,0,0,0,7,1,1,0,0,0,0,2,2,1,0,KRBKRNvK,DRAW,2n3K1/8/3k1B1R/5r2/8/8/8/8 w - - 0 1
1,1,0,0,0,0,0,1,-1,1,0,1,1,1,0,0,0,0,0,16,0,0,2,0,4,2,5,3,2,3,0,1,0,0,0,0,0,0,0,7,1,1,1,0,0,0,1,4,0,1,KRBKRNvK,DRAW,4r3/7R/2k5/K7/8/1n1B4/8/8 w - - 0 1
0,1,0,0,0,0,0,1,-1,1,0,1,1,1,0,0,0,0,0,16,0,0,3,1,3,4,0,2,3,3,0,1,0,0,0,0,0,0,0,7,1,1,0,0,0,0,0,0,0,0,KRBKRNvK,LOSS,n7/5r2/5R2/8/1K5B/8/8/4k3 b - - 0 1
0,1,0,0,0,0,0,1,-1,1,0,1,1,1,0,0,0,0,0,16,0,0,3,0,0,2,3,6,1,24,26,0,0,0,0,0,0,0,0,7,1,1,1,0,0,0,1,2,1,0,KRBKRNvK,DRAW,8/R7/2r5/4B3/2kn4/8/8/K7 b - - 0 1
1,1,0,0,0,0,0,1,-1,1,0,1,1,1,0,0,0,0,0,16,0,0,2,0,5,0,7,4,6,18,23,0,0,0,0,0,0,0,0,7,1,1,0,1,0,0,0,2,0,0,KRBKRNvK,WIN,k3B2R/8/K7/3n4/8/8/4r3/8 w - - 0 1
0,1,0,0,0,0,0,1,-1,1,0,1,1,1,0,0,0,0,0,16,0,0,2,4,2,3,0,1,3,18,22,0,0,0,0,0,0,0,0,7,1,1,1,0,0,0,2,0,1,0,KRBKRNvK,DRAW,r7/2R4n/8/8/8/4K3/8/2Bk4 b - - 0 1
0,1,0,0,0,0,0,1,-1,1,0,1,1,1,0,0,0,0,0,16,0,0,4,6,6,2,7,4,4,23,24,0,0,0,0,0,0,0,0,7,1,1,0,0,0,0,0,2,0,1,KRBKRNvK,DRAW,2k2n2/6K1/8/1r6/B7/7R/8/8 b - - 0 1
0,1,0,0,0,0,0,1,-1,1,0,1,1,1,0,0,0,0,0,16,0,0,3,0,7,3,5,6,1,24,17,0,0,0,0,0,0,0,0,7,1,1,0,0,0,0,0,2,0,0,KRBKRNvK,DRAW,K7/7B/3k2r1/8/1n6/8/7R/8 b - - 0 1
0,1,0,0,0,0,0,1,-1,1,0,1,1,1,0,0,0,0,0,16,0,0,5,3,0,4,5,3,1,22,25,0,0,0,0,0,0,0,0,7,1,1,0,0,0,0,0,2,0,0,KRBKRNvK,DRAW,8/5rn1/4k3/8/8/8/1R6/3KB3 b - - 0 1
1,1,0,0,0,0,0,1,-1,1,0,1,1,1,0,0,0,0,0,16,0,0,2,4,3,2,5,0,2,5,0,1,0,0,0,0,0,0,0,7,1,1,0,0,0,0,3,2,1,1,KRBKRNvK,DRAW,8/7n/2k5/4B3/4K1r1/5R2/8/8 w - - 0 1
0,1,0,0,0,0,0,1,-1,1,0,1,1,1,0,0,0,0,0,16,0,0,5,0,3,5,4,3,1,5,0,1,0,0,0,0,0,0,0,7,1,1,1,0,0,0,2,2,1,0,KRBKRNvK,DRAW,8/5R2/4r3/5k2/K7/6n1/6B1/8 b - - 0 1
0,1,0,0,0,0,0,1,-1,1,0,1,1,1,0,0,0,0,0,16,0,0,6,1,0,4,6,5,2,25,21,0,0,0,0,0,0,0,0,7,1,1,0,0,0,0,2,0,0,1,KRBKRNvK,DRAW,8/4k3/2r5/7R/B7/8/8/1Kn5 b - - 0 1
0,1,0,0,0,0,0,1,-1,1,0,1,1,1,0,0,0,0,0,16,0,0,3,4,6,6,3,2,2,22,28,0,0,0,0,0,0,0,0,7,1,1,0,0,0,0,0,2,0,1,KRBKRNvK,WIN,8/4K3/1R6/6r1/5nk1/8/8/4B3 b - - 0 1
1,1,0,0,0,0,0,1,-1,1,0,1,1,1,0,0,0,0,0,16,0,0,4,6,2,2,4,3,1,27,18,0,0,0,0,0,0,0,0,7,1,1,0,0,0,0,3,2,1,0,KRBKRNvK,DRAW,2r5/8/8/1nk5/3R1B2/6K1/8/8 w - - 0 1
1,1,0,0,0,0,0,1,-1,1,0,1,1,1,0,0,0,0,0,16,0,0,4,0,3,4,5,3,1,23,27,0,0,0,0,0,0,0,0,7,1,1,0,0,0,0,1,2,1,0,KRBKRNvK,DRAW,8/8/4k3/3nB3/K7/R7/8/1r6 w - - 0 1
0,1,0,0,0,0,0,1,-1,1,0,1,1,1,0,0,0,0,0,16,0,0,6,0,7,6,4,6,2,20,23,0,0,0,0,0,0,0,0,7,1,1,0,0,0,0,2,1,0,0,KRBKRNvK,DRAW,K7/4n2r/8/6k1/2R5/B7/8/8 b - - 0 1
1,1,0,0,0,0,0,1,-1,1,0,1,1,1,0,0,0,0,0,16,0,0,3,3,2,6,1,1,4,6,0,1,0,0,0,0,0,0,0,7,1,1,0,0,0,0,3,0,0,1,KRBKRNvK,LOSS,7n/8/3R4/1B6/8/3K4/6k1/3r4 w - - 0 1
0,1,0,0,0,0,0,1,-1,1,0,1,1,1,0,0,0,0,0,16,0,0,5,0,7,1,2,6,3,4,0,1,0,0,0,0,0,0,0,7,1,1,0,0,0,0,3,0,2,0,KRBKRNvK,DRAW,K6n/5r2/8/1R6/8/1k6/1B6/8 b - - 0 1
0,1,0,0,0,0,0,1,-1,1,0,1,1,1,0,0,0,0,0,16,0,0,2,2,2,2,0,2,4,16,15,0,0,0,0,0,0,0,0,7,1,1,0,0,0,0,1,2,0,2,KRBKRNvK,DRAW,R1B5/8/8/8/8/n1K5/8/2kr4 b - - 0 1
0,1,0,0,0,0,0,1,-1,1,0,1,1,1,0,0,0,0,0,16,0,0,6,5,0,3,6,4,2,5,0,1,0,0,0,0,0,0,0,7,1,1,1,0,0,0,1,0,1,0,KRBKRNvK,DRAW,r7/3k1R2/8/8/8/1B6/8/1n3K2 b - - 0 1
0,1,0,0,0,0,0,1,-1,1,0,1,1,1,0,0,0,0,0,16,0,0,3,5,3,4,0,1,3,3,0,1,0,0,0,0,0,0,0,7,1,1,0,0,0,0,3,0,2,0,KRBKRNvK,DRAW,1r6/6n1/8/8/5K2/8/6B1/4k1R1 b - - 0 1
1,1,0,0,0,0,0,1,-1,1,0,1,1,1,0,0,0,0,0,16,0,0,7,7,3,0,4,3,3,25,25,0,0,0,0,0,0,0,0,7,1,1,1,0,0,0,1,2,0,0,KRBKRNvK,DRAW,8/5R2/8/k7/7K/4n3/8/1B1r4 w - - 0 1
1,1,0,0,0,0,0,1,-1,1,0,1,1,1,0,0,0,0,0,16,0,0,2,2,5,2,7,2,4,3,0,1,0,0,0,0,0,0,0,7,1,1,1,0,0,0,1,2,0,1,KRBKRNvK,DRAW,2kn1B2/7R/2K5/8/8/3r4/8/8 w - - 0 1
0,1,0,0,0,0,0,1,-1,1,0,1,1,1,0,0,0,0,0,16,0,0,3,4,2,1,4,1,2,6,0,1,0,0,0,0,0,0,0,7,1,1,0,0,0,0,4,2,0,0,KRBKRNvK,DRAW,8/8/8/1k3R2/1r6/1n2K3/8/B7 b - - 0 1
1,1,0,0,0,0,0,1,-1,1,0,1,1,1,0,0,0,0,0,16,0,0,6,0,4,6,1,3,4,27,18,0,0,0,0,0,0,0,0,7,1,1,0,0,0,0,2,1,2,1,KRBKRNvK,DRAW,8/1r1n4/8/K7/5B2/8/6k1/4R3 w - - 0 1
1,1,0,0,0,0,0,1,-1,1,0,1,1,1,0,0,0,0,0,16,0,0,6,2,1,4,7,3,3,5,0,1,0,0,0,0,0,0,0,7,1,1,1,0,0,0,0,2,0,2,KRBKRNvK,DRAW,4k3/R7/8/8/2r3B1/8/2K5/n7 w - - 0 1
0,1,0,0,0,0,0,1,-1,1,0,1,1,1,0,0,0,0,0,16,0,0,3,5,2,2,3,2,1,6,0,1,0,0,0,0,0,0,0,7,1,1,0,0,0,0,2,2,0,0,KRBKRNvK,DRAW,4B3/1r6/8/8/2k2R2/5K2/2n5/8 b - - 0 1
0,1,0,0,0,0,0,1,-1,1,0,1,1,1,0,0,0,0,0,16,0,0,4,7,5,3,5,4,1,5,0,1,0,0,0,0,0,0,0,7,1,1,0,1,0,0,2,3,1,1,KRBKRNvK,DRAW,7n/8/1B1k3K/8/8/8/4r3/3R4 b - - 0 1
0,1,0,0,0,0,0,1,-1,1,0,1,1,1,0,0,0,0,0,16,0,0,6,7,3,1,6,3,4,25,27,0,0,0,0,0,0,0,0,7,1,1,0,0,0,0,2,2,0,1,KRBKRNvK,DRAW,8/1k6/6R1/8/6nK/2B5/8/4r3 b - - 0 1
0,1,0,0,0,0,0,1,-1,1,0,1,1,1,0,0,0,0,0,16,0,0,3,0,4,2,7,3,4,17,22,0,0,0,0,0,0,0,0,7,1,1,1,0,0,0,3,2,1,1,KRBKRNvK,DRAW,2k3B1/4R3/8/K7/2r5/8/8/7n b - - 0 1
0,1,0,0,0,0,0,1,-1,1,0,1,1,1,0,0,0,0,0,16,0,0,4,2,7,6,6,4,4,22,16,0,0,0,0,0,0,0,0,7,1,1,0,0,0,0,0,0,0,0,KRBKRNvK,DRAW,2K5/5rk1/8/8/8/8/Rn6/2B5 b - - 0 1
0,1,0,0,0,0,0,1,-1,1,0,1,1,1,0,0,0,0,0,16,0,0,3,6,4,4,1,2,2,24,31,0,0,0,0,0,0,0,0,7,1,1,0,0,0,0,1,0,1,0,KRBKRNvK,DRAW,8/r7/1R6/6K1/3B4/8/4k1n1/8 b - - 0 1
1,1,0,0,0,0,0,1,-1,1,0,1,1,1,0,0,0,0,0,16,0,0,3,0,4,2,7,3,4,19,22,0,0,0,0,0,0,0,0,7,1,1,0,0,0,0,0,1,2,1,KRBKRNvK,DRAW,2k5/1r2B3/R7/K7/5n2/8/8/8 w - - 0 1
1,1,0,0,0,0,0,1,-1,1,0,1,1,1,0,0,0,0,0,16,0,0,7,5,7,6,0,4,5,28,20,0,0,0,0,0,0,0,0,7,1,1,0,0,0,0,2,0,0,0,KRBKRNvK,DRAW,5K2/1n6/8/8/4R3/2B3r1/8/6k1 w - - 0 1
0,1,0,0,0,0,0,1,-1,1,0,1,1,1,0,0,0,0,0,16,0,0,4,2,1,4,5,3,1,4,0,1,0,0,0,0,0,0,0,7,1,1,0,0,0,0,3,2,1,0,KRBKRNvK,DRAW,8/1r3n2/4k3/8/2B5/4R3/2K5/8 b - - 0 1
0,1,0,0,0,0,0,1,-1,1,0,1,1,1,0,0,0,0,0,16,0,0,4,7,4,3,7,3,3,17,22,0,0,0,0,0,0,0,0,7,1,1,0,0,0,0,1,1,0,2,KRBKRNvK,DRAW,3k4/5nr1/8/7K/8/1R6/7B/8 b - - 0 1
0,1,0,0,0,0,0,1,-1,1,0,1,1,1,0,0,0,0,0,16,0,0,4,7,6,3,2,5,1,4,0,1,0,0,0,0,0,0,0,7,1,1,0,1,0,0,2,3,1,0,KRBKRNvK,DRAW,8/7K/1n1R4/8/8/3k4/5r2/1B6 b - - 0 1
1,1,0,0,0,0,0,1,-1,1,0,1,1,1,0,0,0,0,0,16,0,0,4,5,7,1,4,4,2,23,24,0,0,0,0,0,0,0,0,7,1,1,0,1,0,0,2,2,1,0,KRBKRNvK,DRAW,5K2/8/2R5/1k6/8/3n4/4r1B1/8 w - - 0 1
1,1,0,0,0,0,0,1,-1,1,0,1,1,1,0,0,0,0,0,16,0,0,2,2,1,0,3,3,3,31,22,0,0,0,0,0,0,0,0,7,1,1,0,0,0,0,3,2,0,0,KRBKRNvK,DRAW,3R4/8/8/1n6/k6r/5B2/2K5/8 w - - 0 1
0,1,0,0,0,0,0,1,-1,1,0,1,1,1,0,0,0,0,0,16,0,0,3,2,3,1,0,1,5,24,24,0,0,0,0,0,0,0,0,7,1,1,0,0,0,0,3,2,0,2,KRBKRNvK,DRAW,7R/8/6B1/8/2K5/3r4/2n5/1k6 b - - 0 1
0,1,0,0,0,0,0,1,-1,1,0,1,1,1,0,0,0,0,0,16,0,0,3,3,3,6,2,0,3,24,20,0,0,0,0,0,0,0,0,7,1,1,0,1,0,0,4,0,1,1,KRBKRNvK,DRAW,5n2/8/8/8/3K4/6k1/2r5/3R3B b - - 0 1
0,1,0,0,0,0,0,1,-1,1,0,1,1,1,0,0,0,0,0,16,0,0,3,0,1,3,2,5,1,5,0,1,0,0,0,0,0,0,0,7,1,1,0,0,0,0,2,2,1,0,KRBKRNvK,WIN,8/2r5/5B2/1n6/8/3k4/K7/3R4 b - - 0 1
0,1,0,0,0,0,0,1,-1,1,0,1,1,1,0,0,0,0,0,16,0,0,5,2,3,7,2,1,4,3,0,1,0,0,0,0,0,0,0,7,1,1,0,0,0,0,2,2,0,0,KRBKRNvK,DRAW,3n4/4r3/7R/B7/2K5/7k/8/8 b - - 0 1
1,1,0,0,0,0,0,1,-1,1,0,1,1,1,0,0,0,0,0,16,0,0,4,3,4,7,1,0,5,25,14,0,0,0,0,0,0,0,0,7,1,1,0,0,0,0,3,0,0,0,KRBKRNvK,DRAW,1n6/8/2R5/3K4/B7/8/7k/7r w - - 0 1
0,1,0,0,0,0,0,1,-1,1,0,1,1,1,0,0,0,0,0,16,0,0,5,1,7,3,2,5,1,25,27,0,0,0,0,0,0,0,0,7,1,1,0,0,0,0,1,4,0,0,KRBKRNvK,DRAW,1K4R1/8/3B4/8/4r3/3kn3/8/8 b - - 0 1
1,1,0,0,0,0,0,1,-1,1,0,1,1,1,0,0,0,0,0,16,0,0,5,7,4,2,0,3,4,25,15,0,0,0,0,0,0,0,0,7,1,1,0,0,0,0,2,0,1,0,KRBKRNvK,DRAW,4n3/8/R7/7K/8/8/8/Brk5 w - - 0 1
1,1,0,0,0,0,0,1,-1,1,0,1,1,1,0,0,0,0,0,16,0,0,5,1,5,0,0,3,6,7,0,1,0,0,0,0,0,0,0,7,1,1,0,0,0,0,0,1,0,1,KRBKRNvK,DRAW,6R1/4Br2/1K6/8/2n5/8/8/k7 w - - 0 1
0,1,0,0,0,0,0,1,-1,1,0,1,1,1,0,0,0,0,0,16,0,0,6,5,1,6,7,3,5,6,0,1,0,0,0,0,0,0,0,7,1,1,0,0,0,0,1,2,0,1,KRBKRNvK,DRAW,6k1/8/1B6/8/1r6/6R1/5K1n/8 b - - 0 1
1,1,0,0,0,0,0,1,-1,1,0,1,1,1,0,0,0,0,0,16,0,0,2,4,7,2,7,3,4,24,19,0,0,0,0,0,0,0,0,7,1,1,0,1,0,0,2,3,0,1,KRBKRNvK,DRAW,2k1K3/4n3/8/R2B4/8/8/4r3/8 w - - 0 1
1,1,0,0,0,0,0,1,-1,1,0,1,1,1,0,0,0,0,0,16,0,0,3,1,1,4,3,4,0,30,25,0,0,0,0,0,0,0,0,7,1,1,0,0,0,0,1,3,0,0,KRBKRNvK,DRAW,3r4/5B2/7R/n7/4k3/8/1K6/8 w - - 0 1
1,1,0,0,0,0,0,1,-1,1,0,1,1,1,0,0,0,0,0,16,0,0,4,3,0,4,4,3,0,23,26,0,0,0,0,0,0,0,0,7,1,1,0,0,0,0,2,3,1,0,KRBKRNvK,DRAW,8/8/1r6/4k3/8/5Bn1/8/3K3R w - - 0 1
0,1,0,0,0,0,0,1,-1,1,0,1,1,1,0,0,0,0,0,16,0,0,5,2,7,3,2,4,1,27,25,0,0,0,0,0,0,0,0,7,1,1,1,0,0,0,2,4,1,0,KRBKRNvK,DRAW,2K5/6R1/5n2/7r/8/3k4/1B6/8 b - - 0 1
0,1,0,0,0,0,0,1,-1,1,0,1,1,1,0,0,0,0,0,16,0,0,4,2,7,0,3,4,3,23,26,0,0,0,0,0,0,0,0,7,1,1,0,0,0,0,2,2,1,1,KRBKRNvK,DRAW,2KR4/2n5/8/7r/k1B5/8/8/8 b - - 0 1
1,1,0,0,0,0,0,1,-1,1,0,1,1,1,0,0,0,0,0,16,0,0,2,5,4,4,2,1,1,23,19,0,0,0,0,0,0,0,0,7,1,1,0,0,0,0,2,3,0,1,KRBKRNvK,DRAW,2n5/8/R7/5K2/8/3rk2B/8/8 w - - 0 1
0,1,0,0,0,0,0,1,-1,1,0,1,1,1,0,0,0,0,0,16,0,0,3,4,7,1,4,3,2,22,27,0,0,0,0,0,0,0,0,7,1,1,0,1,0,0,2,0,1,0,KRBKRNvK,DRAW,4K3/8/8/1k6/3BR3/8/2r3n1/8 b - - 0 1
0,1,0,0,0,0,0,1,-1,1,0,1,1,1,0,0,0,0,0,16,0,0,5,7,3,2,0,3,4,21,21,0,0,0,0,0,0,0,0,7,1,1,1,0,0,0,1,0,0,0,KRBKRNvK,DRAW,6r1/R4B2/8/8/7K/8/n7/2k5 b - - 0 1
1,1,0,0,0,0,0,1,-1,1,0,1,1,1,0,0,0,0,0,16,0,0,4,2,2,0,6,2,5,6,0,1,0,0,0,0,0,0,0,7,1,1,0,0,0,0,3,2,2,1,KRBKRNvK,DRAW,2R4n/k7/2B5/8/8/2K1r3/8/8 w - - 0 1
1,1,0,0,0,0,0,1,-1,1,0,1,1,1,0,0,0,0,0,16,0,0,3,0,4,3,7,3,3,25,21,0,0,0,0,0,0,0,0,7,1,1,1,0,0,0,1,2,0,0,KRBKRNvK,DRAW,3k4/7R/3r4/K7/8/8/2B1n3/8 w - - 0 1
1,1,0,0,0,0,0,1,-1,1,0,1,1,1,0,0,0,0,0,16,0,0,2,2,3,2,1,1,3,4,0,1,0,0,0,0,0,0,0,7,1,1,0,0,0,0,4,2,1,2,KRBKRNvK,LOSS,8/8/3nr3/8/2K5/4RB2/2k5/8 w - - 0 1
0,1,0,0,0,0,0,1,-1,1,0,1,1,1,0,0,0,0,0,16,0,0,4,4,5,3,1,1,2,27,17,0,0,0,0,0,0,0,0,7,1,1,0,0,0,0,4,2,1,1,KRBKRNvK,DRAW,8/8/2n1K3/8/2R5/8/B2k4/5r2 b - - 0 1
0,1,0,0,0,0,0,1,-1,1,0,1,1,1,0,0,0,0,0,16,0,0,7,7,4,0,2,3,4,3,0,1,0,0,0,0,0,0,0,7,1,1,0,0,0,0,2,0,1,0,KRBKRNvK,DRAW,5r2/8/8/7K/8/k3R3/6n1/2B5 b - - 0 1
0,1,0,0,0,0,0,1,-1,1,0,1,1,1,0,0,0,0,0,16,0,0,3,6,3,4,0,2,3,3,0,1,0,0,0,0,0,0,0,7,1,1,0,0,0,0,0,0,0,1,KRBKRNvK,LOSS,5B2/8/7r/8/6K1/8/8/1R2k1n1 b - - 0 1
1,1,0,0,0,0,0,1,-1,1,0,1,1,1,0,0,0,0,0,16,0,0,5,5,4,0,2,1,4,5,0,1,0,0,0,0,0,0,0,7,1,1,0,0,0,0,4,0,1,0,KRBKRNvK,DRAW,5n2/8/4B3/5K2/1R6/k7/8/5r2 w - - 0 1
1,1,0,0,0,0,0,1,-1,1,0,1,1,1,0,0,0,0,0,16,0,0,6,0,3,6,0,3,5,2,0,1,0,0,0,0,0,0,0,7,1,1,0,0,0,0,1,2,0,1,KRBKRNvK,DRAW,5R2/1r3B2/8/8/K7/2n5/8/6k1 w - - 0 1
0,1,0,0,0,0,0,1,-1,1,0,1,1,1,0,0,0,0,0,16,0,0,5,1,7,6,7,5,5,20,25,0,0,0,0,0,0,0,0,7,1,1,0,0,0,0,0,2,0,0,KRBKRNvK,DRAW,1K4k1/3B4/8/r7/8/8/8/5Rn1 b - - 0 1
0,1,0,0,0,0,0,1,-1,1,0,1,1,1,0,0,0,0,0,16,0,0,4,1,0,0,4,5,3,23,28,0,0,0,0,0,0,0,0,7,1,1,0,0,0,0,2,0,0,0,KRBKRNvK,DRAW,2R5/6B1/7n/k7/8/5r2/8/1K6 b - - 0 1
1,1,0,0,0,0,0,1,-1,1,0,1,1,1,0,0,0,0,0,16,0,0,3,3,0,4,3,3,0,28,14,0,0,0,0,0,0,0,0,7,1,1,0,0,0,0,3,4,2,0,KRBKRNvK,DRAW,8/8/n7/6R1/4kr2/8/5B2/3K4 w - - 0 1
1,1,0,0,0,0,0,1,-1,1,0,1,1,1,0,0,0,0,0,16,0,0,4,1,6,5,7,4,4,28,18,0,0,0,0,0,0,0,0,7,1,1,0,0,0,0,1,0,1,0,KRBKRNvK,DRAW,5k2/1K6/6Bn/8/8/6R1/8/7r w - - 0 1
1,1,0,0,0,0,0,1,-1,1,0,1,1,1,0,0,0,0,0,16,0,0,2,7,7,6,5,6,3,21,20,0,0,0,0,0,0,0,0,7,1,1,0,0,0,0,1,0,1,0,KRBKRNvK,DRAW,6BK/8/6k1/8/8/8/1R6/2r4n w - - 0 1
0,1,0,0,0,0,0,1,-1,1,0,1,1,1,0,0,0,0,0,16,0,0,3,0,2,3,0,4,3,2,0,1,0,0,0,0,0,0,0,7,1,1,0,0,0,0,1,0,1,0,KRBKRNvK,DRAW,n6r/8/6B1/8/8/K7/8/1R1k4 b - - 0 1
0,1,0,0,0,0,0,1,-1,1,0,1,1,1,0,0,0,0,0,16,0,0,4,4,4,4,0,0,3,20,24,0,0,0,0,0,0,0,0,7,1,1,0,0,0,0,3,2,0,0,KRBKRNvK,DRAW,8/8/3R4/2B1K2n/1r6/8/8/4k3 b - - 0 1
0,1,0,0,0,0,0,1,-1,1,0,1,1,1,0,0,0,0,0,16,0,0,4,6,7,2,7,5,4,22,27,0,0,0,0,0,0,0,0,7,1,1,0,1,0,0,2,0,0,0,KRBKRNvK,DRAW,2k3K1/8/8/R7/2B5/7n/5r2/8 b - - 0 1
0,1,0,0,0,0,0,1,-1,1,0,1,1,1,0,0,0,0,0,16,0,0,7,1,7,5,0,5,4,19,23,0,0,0,0,0,0,0,0,7,1,1,0,1,0,0,0,2,1,1,KRBKRNvK,DRAW,1K6/n7/8/6B1/8/6R1/4r3/5k2 b - - 0 1
0,1,0,0,0,0,0,1,-1,1,0,1,1,1,0,0,0,0,0,16,0,0,4,3,4,7,2,0,4,21,26,0,0,0,0,0,0,0,0,7,1,1,0,0,0,0,4,1,1,0,KRBKRNvK,DRAW,8/8/8/1B1K2R1/8/7k/2n5/r7 b - - 0 1
1,1,0,0,0,0,0,1,-1,1,0,1,1,1,0,0,0,0,0,16,0,0,6,6,6,0,0,4,6,25,20,0,0,0,0,0,0,0,0,7,1,1,0,0,0,0,1,2,0,0,KRBKRNvK,DRAW,8/6K1/n7/8/5BR1/8/8/k3r3 w - - 0 1
0,1,0,0,0,0,0,1,-1,1,0,1,1,1,0,0,0,0,0,16,0,0,2,7,1,6,3,5,2,5,0,1,0,0,0,0,0,0,0,7,1,1,0,0,0,0,0,2,0,0,KRBKRNvK,DRAW,8/1n6/8/1B6/4r1k1/8/7K/6R1 b - - 0 1
1,1,0,0,0,0,0,1,-1,1,0,1,1,1,0,0,0,0,0,16,0,0,3,3,4,3,1,0,2,3,0,1,0,0,0,0,0,0,0,7,1,1,0,0,0,0,3,3,0,2,KRBKRNvK,DRAW,8/2n5/4r1B1/3K4/8/8/3k4/6R1 w - - 0 1
1,1,0,0,0,0,0,1,-1,1,0,1,1,1,0,0,0,0,0,16,0,0,2,5,2,5,0,2,4,26,19,0,0,0,0,0,0,0,0,7,1,1,0,1,0,0,3,2,0,1,KRBKRNvK,DRAW,8/8/6B1/1R6/8/5K2/4r3/2n2k2 w - - 0 1
0,1,0,0,0,0,0,1,-1,1,0,1,1,1,0,0,0,0,0,16,0,0,6,6,6,1,0,4,5,23,23,0,0,0,0,0,0,0,0,7,1,1,0,0,0,0,2,2,0,0,KRBKRNvK,DRAW,8/6K1/8/n6B/6R1/4r3/8/1k6 b - - 0 1
0,1,0,0,0,0,0,1,-1,1,0,1,1,1,0,0,0,0,0,16,0,0,2,0,6,0,4,5,3,25,23,0,0,0,0,0,0,0,0,7,1,1,1,0,0,0,2,0,0,0,KRBKRNvK,WIN,8/K3R3/8/k7/3n4/8/7B/5r2 b - - 0 1
0,1,0,0,0,0,0,1,-1,1,0,1,1,1,0,0,0,0,0,16,0,0,4,2,3,1,7,1,5,8,0,1,0,0,0,0,0,0,0,7,1,1,0,0,0,0,3,2,0,1,KRBKRNvK,LOSS,1k2n3/8/8/3r4/2K5/3R2B1/8/8 b - - 0 1
0,1,0,0,0,0,0,1,-1,1,0,1,1,1,0,0,0,0,0,16,0,0,2,5,5,6,7,2,5,1,0,1,0,0,0,0,0,0,0,7,1,1,0,0,0,0,3,0,0,1,KRBKRNvK,LOSS,6kr/8/5K2/3B3R/n7/8/8/8 b - - 0 1
1,1,0,0,0,0,0,1,-1,1,0,1,1,1,0,0,0,0,0,16,0,0,5,0,2,2,7,4,4,26,18,0,0,0,0,0,0,0,0,7,1,1,0,0,0,0,1,1,1,0,KRBKRNvK,DRAW,2k5/6r1/1R4B1/8/8/K5n1/8/8 w - - 0 1
0,1,0,0,0,0,0,1,-1,1,0,1,1,1,0,0,0,0,0,16,0,0,2,7,1,6,3,5,2,3,0,1,0,0,0,0,0,0,0,7,1,1,0,0,0,0,0,2,1,0,KRBKRNvK,DRAW,2B1n3/8/8/r7/6k1/7R/7K/8 b - - 0 1
0,1,0,0,0,0,0,1,-1,1,0,1,1,1,0,0,0,0,0,16,0,0,5,0,0,5,3,6,1,17,19,0,0,0,0,0,0,0,0,7,1,1,0,0,0,0,0,2,0,1,KRBKRNvK,DRAW,3R4/3B4/8/8/5k2/5r2/n7/K7 b - - 0 1
0,1,0,0,0,0,0,1,-1,1,0,1,1,1,0,0,0,0,0,16,0,0,7,5,0,5,7,4,4,18,28,0,0,0,0,0,0,0,0,7,1,1,1,0,0,0,0,2,1,1,KRBKRNvK,DRAW,5k2/7R/8/6B1/8/3r4/8/n4K2 b - - 0 1
1,1,0,0,0,0,0,1,-1,1,0,1,1,1,0,0,0,0,0,16,0,0,6,1,1,7,5,4,4,7,0,1,0,0,0,0,0,0,0,7,1,1,0,0,0,0,0,1,1,1,KRBKRNvK,DRAW,6R1/4B3/7k/8/8/3n2r1/1K6/8 w - - 0 1
0,1,0,0,0,0,0,1,-1,1,0,1,1,1,0,0,0,0,0,16,0,0,3,1,0,4,1,5,2,6,0,1,0,0,0,0,0,0,0,7,1,1,0,0,0,0,0,2,0,0,KRBKRNvK,LOSS,3r3n/8/8/6B1/8/8/R3k3/1K6 b - - 0 1
1,1,0,0,0,0,0,1,-1,1,0,1,1,1,0,0,0,0,0,16,0,0,4,5,1,2,5,3,2,6,0,1,0,0,0,0,0,0,0,7,1,1,0,0,0,0,0,1,2,0,KRBKRNvK,DRAW,1R6/5r2/B1k5/8/8/8/5K2/1n6 w - - 0 1
1,1,0,0,0,0,0,1,-1,1,0,1,1,1,0,0,0,0,0,16,0,0,3,1,6,0,3,4,3,27,22,0,0,0,0,0,0,0,0,7,1,1,1,0,0,0,3,2,0,0,KRBKRNvK,DRAW,7B/1K1R4/8/8/k7/4r3/8/5n2 w - - 0 1
0,1,0,0,0,0,0,1,-1,1,0,1,1,1,0,0,0,0,0,16,0,0,7,1,0,2,7,5,4,24,20,0,0,0,0,0,0,0,0,7,1,1,0,0,0,0,0,2,0,0,KRBKRNvK,DRAW,2k5/3r4/8/1n5B/8/8/8/1K5R b - - 0 1
1,1,0,0,0,0,0,1,-1,1,0,1,1,1,0,0,0,0,0,16,0,0,5,5,1,7,6,3,5,24,24,0,0,0,0,0,0,0,0,7,1,1,0,0,0,0,2,3,0,1,KRBKRNvK,DRAW,8/7k/1B6/3R4/8/8/2n2K2/4r3 w - - 0 1
1,1,0,0,0,0,0,1,-1,1,0,1,1,1,0,0,0,0,0,16,0,0,2,7,2,5,3,4,1,4,0,1,0,0,0,0,0,0,0,7,1,1,0,0,0,0,0,2,0,0,KRBKRNvK,DRAW,2R5/4B3/8/8/n4k2/1r5K/8/8 w - - 0 1
0,1,0,0,0,0,0,1,-1,1,0,1,1,1,0,0,0,0,0,16,0,0,4,4,6,0,6,2,5,19,25,0,0,0,0,0,0,0,0,7,1,1,0,0,0,0,2,0,0,0,KRBKRNvK,DRAW,1n5r/k3K3/8/8/8/4R3/2B5/8 b - - 0 1
1,1,0,0,0,0,0,1,-1,1,0,1,1,1,0,0,0,0,0,16,0,0,2,6,6,4,6,4,2,24,18,0,0,0,0,0,0,0,0,7,1,1,0,1,0,0,3,0,0,0,KRBKRNvK,DRAW,B7/4k1K1/8/R7/7n/8/7r/8 w - - 0 1
1,1,0,0,0,0,0,1,-1,1,0,1,1,1,0,0,0,0,0,16,0,0,4,1,4,5,4,2,1,30,24,0,0,0,0,0,0,0,0,7,1,1,1,1,0,0,2,2,2,0,KRBKRNvK,DRAW,8/7R/5B2/1K3k2/8/8/r7/5n2 w - - 0 1
1,1,0,0,0,0,0,1,-1,1,0,1,1,1,0,0,0,0,0,16,0,0,6,5,1,3,7,3,3,4,0,1,0,0,0,0,0,0,0,7,1,1,0,0,0,0,2,2,0,1,KRBKRNvK,DRAW,3k4/8/8/6r1/R7/8/5K2/4B2n w - - 0 1
0,1,0,0,0,0,0,1,-1,1,0,1,1,1,0,0,0,0,0,16,0,0,2,5,3,5,5,1,2,21,23,0,0,0,0,0,0,0,0,7,1,1,1,0,0,0,2,3,1,2,KRBKRNvK,DRAW,5B2/1R6/5k2/8/5Kn1/3r4/8/8 b - - 0 1
0,1,0,0,0,0,0,1,-1,1,0,1,1,1,0,0,0,0,0,16,0,0,2,5,2,3,4,2,0,3,0,1,0,0,0,0,0,0,0,7,1,1,0,0,0,0,2,4,2,1,KRBKRNvK,DRAW,7n/8/2B2R2/3kr3/8/5K2/8/8 b - - 0 1
1,1,0,0,0,0,0,1,-1,1,0,1,1,1,0,0,0,0,0,16,0,0,6,1,0,7,6,5,5,27,18,0,0,0,0,0,0,0,0,7,1,1,0,0,0,0,0,0,0,0,KRBKRNvK,DRAW,8/4B1nk/1R6/8/8/6r1/8/1K6 w - - 0 1
1,1,0,0,0,0,0,1,-1,1,0,1,1,1,0,0,0,0,0,16,0,0,5,3,5,2,0,1,4,24,16,0,0,0,0,0,0,0,0,7,1,1,0,0,0,0,4,1,0,1,KRBKRNvK,DRAW,8/7B/3K4/3R4/5n1r/8/8/2k5 w - - 0 1
0,1,0,0,0,0,0,1,-1,1,0,1,1,1,0,0,0,0,0,16,0,0,7,6,7,0,0,5,6,20,26,0,0,0,0,0,0,0,0,7,1,1,1,0,0,0,2,2,0,0,KRBKRNvK,DRAW,6K1/7R/2B5/r7/7n/8/8/k7 b - - 0 1
1,1,0,0,0,0,0,1,-1,1,0,1,1,1,0,0,0,0,0,16,0,0,2,2,1,4,0,3,3,27,22,0,0,0,0,0,0,0,0,7,1,1,0,0,0,0,2,3,2,0,KRBKRNvK,DRAW,8/8/1n6/8/5r2/6R1/2K3B1/4k3 w - - 0 1
0,1,0,0,0,0,0,1,-1,1,0,1,1,1,0,0,0,0,0,16,0,0,5,7,7,2,4,6,1,5,0,1,0,0,0,0,0,0,0,7,1,1,0,0,0,0,2,2,1,0,KRBKRNvK,DRAW,7K/8/8/2k1R3/8/8/6B1/r6n b - - 0 1
1,1,0,0,0,0,0,1,-1,1,0,1,1,1,0,0,0,0,0,16,0,0,6,5,0,6,6,4,4,23,23,0,0,0,0,0,0,0,0,7,1,1,0,1,0,0,3,2,1,1,KRBKRNvK,DRAW,8/6k1/n2B4/4R3/8/8/3r4/5K2 w - - 0 1
0,1,0,0,0,0,0,1,-1,1,0,1,1,1,0,0,0,0,0,16,0,0,3,1,2,4,0,3,3,4,0,1,0,0,0,0,0,0,0,7,1,1,0,0,0,0,2,3,0,0,KRBKRNvK,DRAW,3r4/5n2/8/8/B3R3/1K6/8/4k3 b - - 0 1
1,1,0,0,0,0,0,1,-1,1,0,1,1,1,0,0,0,0,0,16,0,0,6,4,6,5,0,2,4,22,23,0,0,0,0,0,0,0,0,7,1,1,0,0,0,0,0,0,0,0,KRBKRNvK,DRAW,6R1/4K3/8/6B1/4n3/6r1/8/5k2 w - - 0 1
0,1,0,0,0,0,0,1,-1,1,0,1,1,1,0,0,0,0,0,16,0,0,3,1,2,4,2,3,1,6,0,1,0,0,0,0,0,0,0,7,1,1,0,0,0,0,1,3,1,1,KRBKRNvK,DRAW,2R5/8/8/2B5/4r3/1K2k3/8/3n4 b - - 0 1
0,1,0,0,0,0,0,1,-1,1,0,1,1,1,0,0,0,0,0,16,0,0,4,2,6,1,2,3,3,4,0,1,0,0,0,0,0,0,0,7,1,1,0,0,0,0,1,2,0,0,KRBKRNvK,DRAW,8/2K2B1n/8/5r2/8/1k4R1/8/8 b - - 0 1
0,1,0,0,0,0,0,1,-1,1,0,1,1,1,0,0,0,0,0,16,0,0,6,3,6,3,0,2,3,25,22,0,0,0,0,0,0,0,0,7,1,1,0,0,0,0,0,1,1,0,KRBKRNvK,DRAW,8/3KB3/6r1/8/1n6/1R6/8/3k4 b - - 0 1
0,1,0,0,0,0,0,1,-1,1,0,1,1,1,0,0,0,0,0,16,0,0,5,1,1,6,3,4,2,4,0,1,0,0,0,0,0,0,0,7,1,1,0,0,0,0,1,2,2,0,KRBKRNvK,DRAW,8/8/4B3/6r1/6k1/8/1K3R1n/8 b - - 0 1
0,1,0,0,0,0,0,1,-1,1,0,1,1,1,0,0,0,0,0,16,0,0,6,5,7,7,1,4,5,23,23,0,0,0,0,0,0,0,0,7,1,1,0,0,0,0,2,0,0,1,KRBKRNvK,DRAW,5K2/6r1/8/7B/R6n/8/7k/8 b - - 0 1
0,1,0,0,0,0,0,1,-1,1,0,1,1,1,0,0,0,0,0,16,0,0,2,5,2,3,0,2,3,3,0,1,0,0,0,0,0,0,0,7,1,1,0,0,0,0,3,3,0,1,KRBKRNvK,DRAW,8/8/5n2/4B2r/3R4/5K2/8/3k4 b - - 0 1
0,1,0,0,0,0,0,1,-1,1,0,1,1,1,0,0,0,0,0,16,0,0,3,5,1,6,4,3,2,23,21,0,0,0,0,0,0,0,0,7,1,1,0,0,0,0,1,0,0,1,KRBKRNvK,DRAW,8/8/6r1/6k1/3n4/3B4/3R1K2/8 b - - 0 1
1,1,0,0,0,0,0,1,-1,1,0,1,1,1,0,0,0,0,0,16,0,0,7,3,7,4,0,3,3,22,21,0,0,0,0,0,0,0,0,7,1,1,0,0,0,0,0,2,0,0,KRBKRNvK,DRAW,3K2R1/8/8/5r1B/8/7n/8/4k3 w - - 0 1
1,1,0,0,0,0,0,1,-1,1,0,1,1,1,0,0,0,0,0,16,0,0,4,4,7,0,3,3,3,4,0,1,0,0,0,0,0,0,0,7,1,1,0,0,0,0,1,3,0,1,KRBKRNvK,LOSS,4K1BR/8/5n2/8/k6r/8/8/8 w - - 0 1
1,1,0,0,0,0,0,1,-1,1,0,1,1,1,0,0,0,0,0,16,0,0,5,0,7,5,3,6,1,26,23,0,0,0,0,0,0,0,0,7,1,1,0,0,0,0,2,2,0,0,KRBKRNvK,WIN,K7/8/8/4n3/1B3k1r/8/8/3R4 w - - 0 1
0,1,0,0,0,0,0,1,-1,1,0,1,1,1,0,0,0,0,0,16,0,0,5,1,5,6,5,3,3,4,0,1,0,0,0,0,0,0,0,7,1,1,0,0,0,0,2,0,1,0,KRBKRNvK,DRAW,8/6n1/1K4k1/R7/4B3/7r/8/8 b - - 0 1
1,1,0,0,0,0,0,1,-1,1,0,1,1,1,0,0,0,0,0,16,0,0,3,4,6,7,3,2,3,6,0,1,0,0,0,0,0,0,0,7,1,1,0,0,0,0,1,1,0,0,KRBKRNvK,DRAW,8/4K2r/Rn6/2B5/7k/8/8/8 w - - 0 1
0,1,0,0,0,0,0,1,-1,1,0,1,1,1,0,0,0,0,0,16,0,0,6,2,6,0,0,3,6,16,31,0,0,0,0,0,0,0,0,7,1,1,0,0,0,0,3,1,0,0,KRBKRNvK,DRAW,4R3/2K5/8/8/4B1n1/8/8/k5r1 b - - 0 1
1,1,0,0,0,0,0,1,-1,1,0,1,1,1,0,0,0,0,0,16,0,0,3,2,1,3,4,3,0,28,27,0,0,0,0,0,0,0,0,7,1,1,1,0,0,0,1,3,0,0,KRBKRNvK,DRAW,8/R7/7r/3k1n2/8/8/2K5/6B1 w - - 0 1
0,1,0,0,0,0,0,1,-1,1,0,1,1,1,0,0,0,0,0,16,0,0,2,0,6,1,4,5,2,23,19,0,0,0,0,0,0,0,0,7,1,1,0,0,0,0,2,0,0,0,KRBKRNvK,DRAW,7B/K7/8/1k6/8/n7/R7/2r5 b - - 0 1
0,1,0,0,0,0,0,1,-1,1,0,1,1,1,0,0,0,0,0,16,0,0,5,6,7,2,2,5,2,16,30,0,0,0,0,0,0,0,0,7,1,1,0,0,0,0,1,1,0,0,KRBKRNvK,DRAW,6K1/8/8/n4B2/8/1rk5/8/7R b - - 0 1
0,1,0,0,0,0,0,1,-1,1,0,1,1,1,0,0,0,0,0,16,0,0,4,6,5,2,2,3,2,30,24,0,0,0,0,0,0,0,0,7,1,1,0,0,0,0,0,1,0,1,KRBKRNvK,DRAW,r7/3B4/6K1/5n2/8/2k5/8/5R2 b - - 0 1
1,1,0,0,0,0,0,1,-1,1,0,1,1,1,0,0,0,0,0,16,0,0,4,0,6,3,2,5,1,25,25,0,0,0,0,0,0,0,0,7,1,1,0,0,0,0,1,2,1,0,KRBKRNvK,DRAW,8/K7/R7/8/8/1B1k4/4n3/5r2 w - - 0 1
1,1,0,0,0,0,0,1,-1,1,0,1,1,1,0,0,0,0,0,16,0,0,3,3,3,0,3,0,3,4,0,1,0,0,0,0,0,0,0,7,1,1,0,0,0,0,4,3,0,0,KRBKRNvK,DRAW,8/3n4/3R4/8/k2K2r1/8/8/B7 w - - 0 1
1,1,0,0,0,0,0,1,-1,1,0,1,1,1,0,0,0,0,0,16,0,0,7,7,3,0,6,3,5,26,27,0,0,0,0,0,0,0,0,7,1,1,0,0,0,0,2,1,1,1,KRBKRNvK,DRAW,8/k7/3n4/2R5/7K/5r2/3B4/8 w - - 0 1
0,1,0,0,0,0,0,1,-1,1,0,1,1,1,0,0,0,0,0,16,0,0,2,0,4,1,6,3,4,24,23,0,0,0,0,0,0,0,0,7,1,1,0,0,0,0,0,3,0,0,KRBKRNvK,DRAW,3r4/1k6/7B/K7/8/8/3n4/6R1 b - - 0 1
0,1,0,0,0,0,0,1,-1,1,0,1,1,1,0,0,0,0,0,16,0,0,5,3,2,7,7,1,6,22,26,0,0,0,0,0,0,0,0,7,1,1,0,0,0,0,2,1,0,0,KRBKRNvK,DRAW,2r4k/3n4/8/7B/5R2/3K4/8/8 b - - 0 1
1,1,0,0,0,0,0,1,-1,1,0,1,1,1,0,0,0,0,0,16,0,0,5,6,2,1,2,3,3,29,21,0,0,0,0,0,0,0,0,7,1,1,0,0,0,0,2,2,2,0,KRBKRNvK,DRAW,8/6n1/3r4/8/2R5/1k4K1/8/1B6 w - - 0 1
0,1,0,0,0,0,0,1,-1,1,0,1,1,1,0,0,0,0,0,16,0,0,7,2,7,2,0,4,4,21,16,0,0,0,0,0,0,0,0,7,1,1,0,0,0,0,0,0,2,0,KRBKRNvK,DRAW,2K5/7r/8/8/8/1R6/Bn6/2k5 b - - 0 1
0,1,0,0,0,0,0,1,-1,1,0,1,1,1,0,0,0,0,0,16,0,0,5,0,4,5,4,3,1,18,29,0,0,0,0,0,0,0,0,7,1,1,0,0,0,0,2,3,1,0,KRBKRNvK,DRAW,5r2/4n3/8/K4k2/1R6/4B3/8/8 b - - 0 1
0,1,0,0,0,0,0,1,-1,1,0,1,1,1,0,0,0,0,0,16,0,0,2,1,5,1,7,3,5,17,22,0,0,0,0,0,0,0,0,7,1,1,0,0,0,0,2,0,0,1,KRBKRNvK,DRAW,1k6/n7/1K5B/8/8/8/4R3/r7 b - - 0 1
0,1,0,0,0,0,0,1,-1,1,0,1,1,1,0,0,0,0,0,16,0,0,3,4,4,4,7,0,3,21,28,0,0,0,0,0,0,0,0,7,1,1,0,0,0,0,3,0,0,0,KRBKRNvK,DRAW,4k3/8/7n/4K3/8/r7/3R4/1B6 b - - 0 1
0,1,0,0,0,0,0,1,-1,1,0,1,1,1,0,0,0,0,0,16,0,0,2,0,4,0,2,3,4,20,20,0,0,0,0,0,0,0,0,7,1,1,0,0,0,0,0,0,1,0,KRBKRNvK,DRAW,4nR2/8/8/K7/B7/k7/8/2r5 b - - 0 1
0,1,0,0,0,0,0,1,-1,1,0,1,1,1,0,0,0,0,0,16,0,0,7,7,6,0,3,5,3,20,21,0,0,0,0,0,0,0,0,7,1,1,0,1,0,0,0,1,0,0,KRBKRNvK,DRAW,2B2R2/7K/8/8/k5n1/8/6r1/8 b - - 0 1
0,1,0,0,0,0,0,1,-1,1,0,1,1,1,0,0,0,0,0,16,0,0,7,5,0,3,7,4,3,20,25,0,0,0,0,0,0,0,0,7,1,1,0,0,0,0,1,2,1,0,KRBKRNvK,WIN,n2k4/5B2/8/7r/8/8/8/R4K2 b - - 0 1
1,1,0,0,0,0,0,1,-1,1,0,1,1,1,0,0,0,0,0,16,0,0,6,1,1,1,7,4,5,25,18,0,0,0,0,0,0,0,0,7,1,1,0,0,0,0,1,0,0,0,KRBKRNvK,DRAW,1k6/8/8/8/4n3/8/1KR5/6Br w - - 0 1
1,1,0,0,0,0,0,1,-1,1,0,1,1,1,0,0,0,0,0,16,0,0,7,2,7,0,0,4,6,27,23,0,0,0,0,0,0,0,0,7,1,1,0,0,0,0,2,2,0,0,KRBKRNvK,DRAW,2K5/2B5/8/7R/6r1/8/4n3/k7 w - - 0 1
0,1,0,0,0,0,0,1,-1,1,0,1,1,1,0,0,0,0,0,16,0,0,5,2,0,7,5,4,4,4,0,1,0,0,0,0,0,0,0,7,1,1,0,0,0,0,1,0,0,2,KRBKRNvK,LOSS,8/8/7k/8/8/rR2B3/8/n1K5 b - - 0 1
1,1,0,0,0,0,0,1,-1,1,0,1,1,1,0,0,0,0,0,16,0,0,3,7,4,4,2,3,1,4,0,1,0,0,0,0,0,0,0,7,1,1,0,0,0,0,2,2,0,1,KRBKRNvK,DRAW,5B2/8/8/7K/1R6/4k2r/1n6/8 w - - 0 1
1,1,0,0,0,0,0,1,-1,1,0,1,1,1,0,0,0,0,0,16,0,0,5,7,1,2,5,5,2,6,0,1,0,0,0,0,0,0,0,7,1,1,1,0,0,0,0,1,1,0,KRBKRNvK,DRAW,7r/R7/1nk5/6B1/8/8/7K/8 w - - 0 1
0,1,0,0,0,0,0,1,-1,1,0,1,1,1,0,0,0,0,0,16,0,0,3,2,7,5,6,4,3,29,22,0,0,0,0,0,0,0,0,7,1,1,0,0,0,0,3,2,0,0,KRBKRNvK,DRAW,2K5/5k2/5n2/8/8/1r6/3R3B/8 b - - 0 1
0,1,0,0,0,0,0,1,-1,1,0,1,1,1,0,0,0,0,0,16,0,0,4,6,6,5,2,4,2,22,25,0,0,0,0,0,0,0,0,7,1,1,1,0,0,0,3,2,0,1,KRBKRNvK,DRAW,n3r3/3R2K1/6B1/8/8/5k2/8/8 b - - 0 1
0,1,0,0,0,0,0,1,-1,1,0,1,1,1,0,0,0,0,0,16,0,0,4,4,7,3,3,3,0,23,23,0,0,0,0,0,0,0,0,7,1,1,0,0,0,0,0,4,0,1,KRBKRNvK,DRAW,4K3/3r4/7B/8/1n1k4/8/8/6R1 b - - 0 1
1,1,0,0,0,0,0,1,-1,1,0,1,1,1,0,0,0,0,0,16,0,0,2,4,6,4,4,2,0,5,0,1,0,0,0,0,0,0,0,7,1,1,0,0,0,0,0,3,0,0,KRBKRNvK,LOSS,8/r3K3/B7/4k3/8/8/2R5/4n3 w - - 0 1
1,1,0,0,0,0,0,1,-1,1,0,1,1,1,0,0,0,0,0,16,0,0,5,2,5,7,6,2,5,25,26,0,0,0,0,0,0,0,0,7,1,1,0,1,0,0,1,0,0,1,KRBKRNvK,DRAW,8/7k/2K5/1B6/4n3/R7/5r2/8 w - - 0 1
1,1,0,0,0,0,0,1,-1,1,0,1,1,1,0,0,0,0,0,16,0,0,6,7,7,2,1,6,3,28,21,0,0,0,0,0,0,0,0,7,1,1,0,0,0,0,2,2,1,0,KRBKRNvK,DRAW,7K/8/8/2B5/5r2/3R4/2k3n1/8 w - - 0 1
1,1,0,0,0,0,0,1,-1,1,0,1,1,1,0,0,0,0,0,16,0,0,2,1,1,3,3,4,0,18,23,0,0,0,0,0,0,0,0,7,1,1,0,0,0,0,2,3,1,0,KRBKRNvK,DRAW,8/8/r7/8/3k2n1/4R3/1K6/2B5 w - - 0 1
0,1,0,0,0,0,0,1,-1,1,0,1,1,1,0,0,0,0,0,16,0,0,7,0,0,7,3,6,3,20,19,0,0,0,0,0,0,0,0,7,1,1,0,0,0,0,0,3,0,1,KRBKRNvK,DRAW,8/3B4/8/7r/7k/2n5/2R5/K7 b - - 0 1
1,1,0,0,0,0,0,1,-1,1,0,1,1,1,0,0,0,0,0,16,0,0,4,2,6,6,7,3,5,8,0,1,0,0,0,0,0,0,0,7,1,1,0,0,0,0,2,0,0,0,KRBKRNvK,DRAW,6k1/2K3r1/8/8/6B1/4R3/8/6n1 w - - 0 1
0,1,0,0,0,0,0,1,-1,1,0,1,1,1,0,0,0,0,0,16,0,0,4,0,4,4,6,3,2,20,17,0,0,0,0,0,0,0,0,7,1,1,0,0,0,0,0,2,1,0,KRBKRNvK,DRAW,4B2R/4k3/8/K6n/8/8/8/4r3 b - - 0 1
1,1,0,0,0,0,0,1,-1,1,0,1,1,1,0,0,0,0,0,16,0,0,3,0,3,0,0,3,6,2,0,1,0,0,0,0,0,0,0,7,1,1,0,0,0,0,2,1,0,1,KRBKRNvK,DRAW,8/8/8/B1n5/K4R2/7r/8/k7 w - - 0 1
0,1,0,0,0,0,0,1,-1,1,0,1,1,1,0,0,0,0,0,16,0,0,5,1,5,2,0,3,4,23,25,0,0,0,0,0,0,0,0,7,1,1,1,1,0,0,1,1,0,0,KRBKRNvK,DRAW,8/5R2/1K2B3/5n2/8/8/5r2/2k5 b - - 0 1
1,1,0,0,0,0,0,1,-1,1,0,1,1,1,0,0,0,0,0,16,0,0,4,1,3,4,7,2,3,5,0,1,0,0,0,0,0,0,0,7,1,1,0,0,0,0,1,2,1,1,KRBKRNvK,DRAW,4k3/8/4B3/3n4/1K4r1/8/8/5R2 w - - 0 1
1,1,0,0,0,0,0,1,-1,1,0,1,1,1,0,0,0,0,0,16,0,0,6,1,0,5,6,5,3,24,26,0,0,0,0,0,0,0,0,7,1,1,0,0,0,0,2,1,0,1,KRBKRNvK,DRAW,8/5k2/8/8/6nB/r7/3R4/1K6 w - - 0 1
1,1,0,0,0,0,0,1,-1,1,0,1,1,1,0,0,0,0,0,16,0,0,2,7,1,5,3,5,1,25,21,0,0,0,0,0,0,0,0,7,1,1,1,0,0,0,2,3,0,0,KRBKRNvK,DRAW,8/2R5/8/8/1r3k2/n7/7K/B7 w - - 0 1
0,1,0,0,0,0,0,1,-1,1,0,1,1,1,0,0,0,0,0,16,0,0,2,3,3,5,3,0,1,5,0,1,0,0,0,0,0,0,0,7,1,1,0,0,0,0,3,2,0,0,KRBKRNvK,DRAW,1B6/8/6rn/8/3K1k2/8/R7/8 b - - 0 1
0,1,0,0,0,0,0,1,-1,1,0,1,1,1,0,0,0,0,0,16,0,0,4,2,4,6,7,1,5,3,0,1,0,0,0,0,0,0,0,7,1,1,0,0,0,0,4,0,1,0,KRBKRNvK,DRAW,n3R1k1/8/8/2K5/8/6r1/5B2/8 b - - 0 1
1,1,0,0,0,0,0,1,-1,1,0,1,1,1,0,0,0,0,0,16,0,0,2,3,6,5,7,2,4,28,23,0,0,0,0,0,0,0,0,7,1,1,0,0,0,0,2,2,0,1,KRBKRNvK,DRAW,5k2/3K4/8/5r2/8/4n3/6B1/7R w - - 0 1
1,1,0,0,0,0,0,1,-1,1,0,1,1,1,0,0,0,0,0,16,0,0,4,6,6,7,2,4,4,7,0,1,0,0,0,0,0,0,0,7,1,1,0,0,0,0,2,1,0,1,KRBKRNvK,DRAW,8/6K1/r3n3/R7/1B6/7k/8/8 w - - 0 1
0,1,0,0,0,0,0,1,-1,1,0,1,1,1,0,0,0,0,0,16,0,0,7,6,0,3,7,5,3,4,0,1,0,0,0,0,0,0,0,7,1,1,0,0,0,0,0,1,0,0,KRBKRNvK,DRAW,3k4/8/8/8/7B/1r6/R2n4/6K1 b - - 0 1
0,1,0,0,0,0,0,1,-1,1,0,1,1,1,0,0,0,0,0,16,0,0,7,7,7,7,0,6,6,3,0,1,0,0,0,0,0,0,0,7,1,1,0,0,0,0,3,0,0,0,KRBKRNvK,DRAW,4n2K/1B6/8/8/8/6r1/3R4/7k b - - 0 1
0,1,0,0,0,0,0,1,-1,1,0,1,1,1,0,0,0,0,0,16,0,0,3,2,2,2,5,2,2,6,0,1,0,0,0,0,0,0,0,7,1,1,0,0,0,0,3,3,1,0,KRBKRNvK,DRAW,6n1/8/2k1R2B/8/5r2/2K5/8/8 b - - 0 1
0,1,0,0,0,0,0,1,-1,1,0,1,1,1,0,0,0,0,0,16,0,0,4,7,0,3,3,6,0,7,0,1,0,0,0,0,0,0,0,7,1,1,0,0,0,0,2,4,1,0,KRBKRNvK,DRAW,3R4/8/5r2/1B3n2/3k4/8/8/7K b - - 0 1
1,1,0,0,0,0,0,1,-1,1,0,1,1,1,0,0,0,0,0,16,0,0,5,7,6,4,1,5,2,24,18,0,0,0,0,0,0,0,0,7,1,1,0,0,0,0,3,1,0,0,KRBKRNvK,DRAW,8/3n3K/8/1R6/8/8/4k3/1B2r3 w - - 0 1
1,1,0,0,0,0,0,1,-1,1,0,1,1,1,0,0,0,0,0,16,0,0,7,6,7,1,0,5,5,24,25,0,0,0,0,0,0,0,0,7,1,1,1,0,0,0,0,1,0,0,KRBKRNvK,DRAW,2B3K1/6R1/1n6/8/8/r7/8/1k6 w - - 0 1
0,1,0,0,0,0,0,1,-1,1,0,1,1,1,0,0,0,0,0,16,0,0,5,0,4,5,7,3,4,8,0,1,0,0,0,0,0,0,0,7,1,1,0,0,0,0,3,2,0,0,KRBKRNvK,DRAW,5k2/8/4r3/K1B1Rn2/8/8/8/8 b - - 0 1
0,1,0,0,0,0,0,1,-1,1,0,1,1,1,0,0,0,0,0,16,0,0,5,4,0,5,5,3,2,26,27,0,0,0,0,0,0,0,0,7,1,1,0,0,0,0,2,2,1,1,KRBKRNvK,DRAW,7R/8/5k2/1r6/8/8/6B1/4Kn2 b - - 0 1
0,1,0,0,0,0,0,1,-1,1,0,1,1,1,0,0,0,0,0,16,0,0,5,1,2,6,0,3,5,2,0,1,0,0,0,0,0,0,0,7,1,1,0,0,0,0,3,0,1,0,KRBKRNvK,LOSS,n7/8/2r5/8/8/1K6/8/3R2kB b - - 0 1
1,1,0,0,0,0,0,1,-1,1,0,1,1,1,0,0,0,0,0,16,0,0,6,2,0,0,6,4,5,28,15,0,0,0,0,0,0,0,0,7,1,1,0,0,0,0,2,0,1,0,KRBKRNvK,DRAW,4nr2/k7/8/1R6/2B5/8/8/2K5 w - - 0 1
0,1,0,0,0,0,0,1,-1,1,0,1,1,1,0,0,0,0,0,16,0,0,7,0,5,7,4,4,3,22,25,0,0,0,0,0,0,0,0,7,1,1,0,0,0,0,1,2,0,0,KRBKRNvK,WIN,3r4/7n/K7/7k/8/1B6/8/R7 b - - 0 1
0,1,0,0,0,0,0,1,-1,1,0,1,1,1,0,0,0,0,0,16,0,0,5,7,1,7,6,5,5,3,0,1,0,0,0,0,0,0,0,7,1,1,1,0,0,0,2,3,1,1,KRBKRNvK,DRAW,8/4R2k/8/6B1/8/3r4/5n1K/8 b - - 0 1
0,1,0,0,0,0,0,1,-1,1,0,1,1,1,0,0,0,0,0,16,0,0,3,3,2,0,0,1,6,2,0,1,0,0,0,0,0,0,0,7,1,1,0,0,0,0,4,2,0,0,KRBKRNvK,LOSS,8/8/1r3n2/R7/8/3KB3/8/k7 b - - 0 1
1,1,0,0,0,0,0,1,-1,1,0,1,1,1,0,0,0,0,0,16,0,0,6,1,1,7,6,4,5,29,11,0,0,0,0,0,0,0,0,7,1,1,0,0,0,0,2,0,1,0,KRBKRNvK,DRAW,7r/7k/7n/6R1/8/8/1K6/4B3 w - - 0 1
1,1,0,0,0,0,0,1,-1,1,0,1,1,1,0,0,0,0,0,16,0,0,3,4,7,1,7,3,5,26,23,0,0,0,0,0,0,0,0,7,1,1,0,1,0,0,0,0,0,0,KRBKRNvK,DRAW,1k2K3/8/5R2/8/n7/8/6r1/2B5 w - - 0 1
0,1,0,0,0,0,0,1,-1,1,0,1,1,1,0,0,0,0,0,16,0,0,4,0,2,4,0,4,3,5,0,1,0,0,0,0,0,0,0,7,1,1,1,0,0,0,0,0,0,0,KRBKRNvK,LOSS,8/2r3R1/8/8/1B6/K7/8/4k1n1 b - - 0 1
1,1,0,0,0,0,0,1,-1,1,0,1,1,1,0,0,0,0,0,16,0,0,3,5,3,2,3,1,1,6,0,1,0,0,0,0,0,0,0,7,1,1,0,0,0,0,2,3,1,1,KRBKRNvK,DRAW,2B5/8/3n4/8/2k2K2/R7/8/5r2 w - - 0 1
0,1,0,0,0,0,0,1,-1,1,0,1,1,1,0,0,0,0,0,16,0,0,5,2,7,1,2,4,3,6,0,1,0,0,0,0,0,0,0,7,1,1,0,0,0,0,2,1,0,0,KRBKRNvK,DRAW,2K5/5B2/3R4/5n2/8/1k6/8/r7 b - - 0 1
0,1,0,0,0,0,0,1,-1,1,0,1,1,1,0,0,0,0,0,16,0,0,6,4,6,4,0,2,3,3,0,1,0,0,0,0,0,0,0,7,1,1,0,0,0,0,2,1,0,0,KRBKRNvK,DRAW,8/4K3/r7/3R4/1B4n1/8/8/4k3 b - - 0 1
1,1,0,0,0,0,0,1,-1,1,0,1,1,1,0,0,0,0,0,16,0,0,5,2,3,7,1,1,5,26,19,0,0,0,0,0,0,0,0,7,1,1,0,0,0,0,3,2,1,1,KRBKRNvK,DRAW,8/8/8/4r3/2K5/6R1/7k/1B3n2 w - - 0 1
1,1,0,0,0,0,0,1,-1,1,0,1,1,1,0,0,0,0,0,16,0,0,2,0,4,0,6,3,5,24,23,0,0,0,0,0,0,0,0,7,1,1,0,0,0,0,3,2,1,0,KRBKRNvK,DRAW,3r4/k7/8/K1R2B2/8/8/4n3/8 w - - 0 1
1,1,0,0,0,0,0,1,-1,1,0,1,1,1,0,0,0,0,0,16,0,0,7,5,0,5,7,4,4,28,14,0,0,0,0,0,0,0,0,7,1,1,0,0,0,0,3,0,1,0,KRBKRNvK,DRAW,r4k2/8/5B2/6R1/8/n7/8/5K2 w - - 0 1
0,1,0,0,0,0,0,1,-1,1,0,1,1,1,0,0,0,0,0,16,0,0,7,7,0,0,6,6,5,27,21,0,0,0,0,0,0,0,0,7,1,1,0,0,0,0,0,1,0,0,KRBKRNvK,DRAW,5r2/k7/7B/8/8/3n2R1/8/7K b - - 0 1
1,1,0,0,0,0,0,1,-1,1,0,1,1,1,0,0,0,0,0,16,0,0,5,1,3,6,5,2,3,27,17,0,0,0,0,0,0,0,0,7,1,1,0,0,0,0,2,0,1,0,KRBKRNvK,DRAW,8/4Br2/6k1/2R5/1K6/7n/8/8 w - - 0 1
1,1,0,0,0,0,0,1,-1,1,0,1,1,1,0,0,0,0,0,16,0,0,6,1,5,7,3,3,3,6,0,1,0,0,0,0,0,0,0,7,1,1,0,0,0,0,0,2,2,0,KRBKRNvK,DRAW,8/8/1K2r3/8/7k/6R1/7B/6n1 w - - 0 1
0,1,0,0,0,0,0,1,-1,1,0,1,1,1,0,0,0,0,0,16,0,0,7,3,7,1,0,3,5,23,30,0,0,0,0,0,0,0,0,7,1,1,0,0,0,0,3,0,0,0,KRBKRNvK,DRAW,3K4/8/r7/8/7R/5B2/8/1k1n4 b - - 0 1
1,1,0,0,0,0,0,1,-1,1,0,1,1,1,0,0,0,0,0,16,0,0,5,0,2,1,7,4,5,5,0,1,0,0,0,0,0,0,0,7,1,1,0,0,0,0,1,2,0,1,KRBKRNvK,DRAW,1k6/8/8/4r3/8/K6R/8/1n4B1 w - - 0 1
1,1,0,0,0,0,0,1,-1,1,0,1,1,1,0,0,0,0,0,16,0,0,2,3,3,5,4,0,1,29,15,0,0,0,0,0,0,0,0,7,1,1,0,0,0,0,3,2,0,0,KRBKRNvK,DRAW,3n4/5r2/8/1B3k2/3K4/8/6R1/8 w - - 0 1
0,1,0,0,0,0,0,1,-1,1,0,1,1,1,0,0,0,0,0,16,0,0,3,5,3,3,0,1,3,4,0,1,0,0,0,0,0,0,0,7,1,1,0,0,0,0,3,2,0,1,KRBKRNvK,DRAW,5B2/8/4r3/3R4/5K2/8/8/3kn3 b - - 0 1
1,1,0,0,0,0,0,1,-1,1,0,1,1,1,0,0,0,0,0,16,0,0,4,4,6,7,2,2,4,32,18,0,0,0,0,0,0,0,0,7,1,1,0,0,0,0,2,1,0,0,KRBKRNvK,DRAW,8/4K3/7n/R7/4Br2/7k/8/8 w - - 0 1
1,1,0,0,0,0,0,1,-1,1,0,1,1,1,0,0,0,0,0,16,0,0,5,1,1,6,5,4,3,8,0,1,0,0,0,0,0,0,0,7,1,1,0,0,0,0,0,0,0,0,KRBKRNvK,DRAW,1r6/8/B5k1/3n4/8/2R5/1K6/8 w - - 0 1
0,1,0,0,0,0,0,1,-1,1,0,1,1,1,0,0,0,0,0,16,0,0,2,7,3,5,5,3,2,18,23,0,0,0,0,0,0,0,0,7,1,1,0,0,0,0,2,1,2,0,KRBKRNvK,DRAW,8/3B4/r4k2/8/3R3K/8/8/7n b - - 0 1
1,1,0,0,0,0,0,1,-1,1,0,1,1,1,0,0,0,0,0,16,0,0,4,7,3,3,6,3,2,3,0,1,0,0,0,0,0,0,0,7,1,1,0,0,0,0,0,2,0,1,KRBKRNvK,DRAW,8/3k4/8/5n2/r6K/8/4B3/4R3 w - - 0 1
1,1,0,0,0,0,0,1,-1,1,0,1,1,1,0,0,0,0,0,16,0,0,3,1,4,0,7,2,6,25,21,0,0,0,0,0,0,0,0,7,1,1,0,0,0,0,2,2,0,1,KRBKRNvK,DRAW,k7/8/8/1K4R1/8/3r2B1/2n5/8 w - - 0 1
1,1,0,0,0,0,0,1,-1,1,0,1,1,1,0,0,0,0,0,16,0,0,4,5,1,3,5,3,1,27,17,0,0,0,0,0,0,0,0,7,1,1,0,0,0,0,1,2,2,0,KRBKRNvK,DRAW,4R3/8/r2kB3/8/8/8/1n3K2/8 w - - 0 1
0,1,0,0,0,0,0,1,-1,1,0,1,1,1,0,0,0,0,0,16,0,0,3,3,3,5,6,0,3,22,28,0,0,0,0,0,0,0,0,7,1,1,0,0,0,0,3,2,1,0,KRBKRNvK,DRAW,8/3B1k2/8/6r1/3K4/8/2R5/7n b - - 0 1
0,1,0,0,0,0,0,1,-1,1,0,1,1,1,0,0,0,0,0,16,0,0,4,5,3,1,2,1,3,24,25,0,0,0,0,0,0,0,0,7,1,1,0,0,0,0,2,2,0,0,KRBKRNvK,DRAW,5B2/8/8/1r6/2n2K2/1k6/8/7R b - - 0 1
1,1,0,0,0,0,0,1,-1,1,0,1,1,1,0,0,0,0,0,16,0,0,5,3,6,3,1,2,2,6,0,1,0,0,0,0,0,0,0,7,1,1,0,0,0,0,1,0,1,1,KRBKRNvK,DRAW,8/3K1r2/8/4B3/8/7n/3k4/1R6 w - - 0 1
1,1,0,0,0,0,0,1,-1,1,0,1,1,1,0,0,0,0,0,16,0,0,2,5,0,7,1,4,5,24,21,0,0,0,0,0,0,0,0,7,1,1,0,0,0,0,0,2,0,0,KRBKRNvK,DRAW,5R2/3B4/3r4/8/8/8/2n4k/5K2 w - - 0 1
1,1,0,0,0,0,0,1,-1,1,0,1,1,1,0,0,0,0,0,16,0,0,3,6,7,3,6,5,2,25,24,0,0,0,0,0,0,0,0,7,1,1,0,0,0,0,0,2,1,0,KRBKRNvK,DRAW,5BK1/3k4/R7/8/8/8/5n2/4r3 w - - 0 1
0,1,0,0,0,0,0,1,-1,1,0,1,1,1,0,0,0,0,0,16,0,0,4,5,7,5,3,4,1,24,23,0,0,0,0,0,0,0,0,7,1,1,0,0,0,0,2,3,0,0,KRBKRNvK,DRAW,1R3K1B/8/8/r7/5k2/8/6n1/8 b - - 0 1
0,1,0,0,0,0,0,1,-1,1,0,1,1,1,0,0,0,0,0,16,0,0,4,1,5,5,1,3,3,21,21,0,0,0,0,0,0,0,0,7,1,1,0,1,0,0,1,2,0,0,KRBKRNvK,DRAW,8/8/RK6/8/8/8/3r1k2/1B1n4 b - - 0 1
1,1,0,0,0,0,0,1,-1,1,0,1,1,1,0,0,0,0,0,16,0,0,5,3,1,7,6,2,5,6,0,1,0,0,0,0,0,0,0,7,1,1,0,0,0,0,2,0,0,1,KRBKRNvK,DRAW,r7/7k/8/8/8/B3R3/3K4/1n6 w - - 0 1
0,1,0,0,0,0,0,1,-1,1,0,1,1,1,0,0,0,0,0,16,0,0,5,6,0,1,5,5,3,8,0,1,0,0,0,0,0,0,0,7,1,1,0,1,0,0,1,0,1,0,KRBKRNvK,DRAW,8/8/1k6/8/n2B4/7R/2r5/6K1 b - - 0 1
1,1,0,0,0,0,0,1,-1,1,0,1,1,1,0,0,0,0,0,16,0,0,4,7,1,3,5,5,1,6,0,1,0,0,0,0,0,0,0,7,1,1,0,1,0,0,0,2,1,0,KRBKRNvK,DRAW,1R6/8/3k3n/8/8/8/2r4K/4B3 w - - 0 1
0,1,0,0,0,0,0,1,-1,1,0,1,1,1,0,0,0,0,0,16,0,0,4,0,2,4,0,4,3,3,0,1,0,0,0,0,0,0,0,7,1,1,0,0,0,0,1,2,0,1,KRBKRNvK,LOSS,3r4/2B5/8/8/8/K7/8/n3k2R b - - 0 1
0,1,0,0,0,0,0,1,-1,1,0,1,1,1,0,0,0,0,0,16,0,0,6,7,6,1,0,5,5,20,24,0,0,0,0,0,0,0,0,7,1,1,0,0,0,0,2,0,0,0,KRBKRNvK,DRAW,8/n6K/r7/7B/3R4/8/8/1k6 b - - 0 1
1,1,0,0,0,0,0,1,-1,1,0,1,1,1,0,0,0,0,0,16,0,0,3,3,2,4,5,1,1,23,20,0,0,0,0,0,0,0,0,7,1,1,0,1,0,0,4,2,1,1,KRBKRNvK,DRAW,3n4/8/4k3/6R1/8/3K4/2B2r2/8 w - - 0 1
0,1,0,0,0,0,0,1,-1,1,0,1,1,1,0,0,0,0,0,16,0,0,4,1,1,5,4,4,1,4,0,1,0,0,0,0,0,0,0,7,1,1,0,0,0,0,2,2,1,0,KRBKRNvK,DRAW,7r/n7/8/5k2/8/3B4/1K2R3/8 b - - 0 1
0,1,0,0,0,0,0,1,-1,1,0,1,1,1,0,0,0,0,0,16,0,0,4,3,2,1,6,1,4,25,18,0,0,0,0,0,0,0,0,7,1,1,0,0,0,0,2,2,0,1,KRBKRNvK,DRAW,6n1/1k6/8/2r5/8/3KB3/3R4/8 b - - 0 1
0,1,0,0,0,0,0,1,-1,1,0,1,1,1,0,0,0,0,0,16,0,0,5,2,2,0,7,2,6,4,0,1,0,0,0,0,0,0,0,7,1,1,0,0,0,0,3,2,0,0,KRBKRNvK,DRAW,k7/2n5/8/6r1/4B1R1/2K5/8/8 b - - 0 1
0,1,0,0,0,0,0,1,-1,1,0,1,1,1,0,0,0,0,0,16,0,0,6,0,7,6,1,6,4,7,0,1,0,0,0,0,0,0,0,7,1,1,0,0,0,0,2,2,0,0,KRBKRNvK,DRAW,K6B/8/3n4/8/1r6/8/R5k1/8 b - - 0 1
1,1,0,0,0,0,0,1,-1,1,0,1,1,1,0,0,0,0,0,16,0,0,4,0,7,4,3,6,0,18,23,0,0,0,0,0,0,0,0,7,1,1,0,0,0,0,0,4,0,0,KRBKRNvK,DRAW,K7/8/R7/B7/4k2r/8/2n5/8 w - - 0 1
1,1,0,0,0,0,0,1,-1,1,0,1,1,1,0,0,0,0,0,16,0,0,6,0,6,6,2,5,3,3,0,1,0,0,0,0,0,0,0,7,1,1,1,0,0,0,0,2,1,1,KRBKRNvK,DRAW,5n2/K6R/8/r6B/8/6k1/8/8 w - - 0 1
0,1,0,0,0,0,0,1,-1,1,0,1,1,1,0,0,0,0,0,16,0,0,3,4,4,7,7,0,6,21,22,0,0,0,0,0,0,0,0,7,1,1,0,1,0,0,4,0,0,0,KRBKRNvK,DRAW,5n1k/8/8/R3K3/8/6B1/1r6/8 b - - 0 1
1,1,0,0,0,0,0,1,-1,1,0,1,1,1,0,0,0,0,0,16,0,0,4,1,5,5,3,3,1,7,0,1,0,0,0,0,0,0,0,7,1,1,0,0,0,0,1,2,1,0,KRBKRNvK,DRAW,6R1/5n2/1K6/8/5k2/1r1B4/8/8 w - - 0 1
0,1,0,0,0,0,0,1,-1,1,0,1,1,1,0,0,0,0,0,16,0,0,2,2,1,4,0,3,3,19,23,0,0,0,0,0,0,0,0,7,1,1,1,0,0,0,0,0,0,1,KRBKRNvK,DRAW,8/6R1/8/7B/8/r7/2K3n1/4k3 b - - 0 1
0,1,0,0,0,0,0,1,-1,1,0,1,1,1,0,0,0,0,0,16,0,0,4,5,6,6,2,3,3,21,26,0,0,0,0,0,0,0,0,7,1,1,0,0,0,0,0,2,0,2,KRBKRNvK,DRAW,5B2/5K2/8/3r3n/8/6k1/1R6/8 b - - 0 1
0,1,0,0,0,0,0,1,-1,1,0,1,1,1,0,0,0,0,0,16,0,0,2,5,7,7,6,4,5,21,23,0,0,0,0,0,0,0,0,7,1,1,0,0,0,0,1,0,0,0,KRBKRNvK,DRAW,2n2K2/7k/8/8/8/1B6/2R5/r7 b - - 0 1
1,1,0,0,0,0,0,1,-1,1,0,1,1,1,0,0,0,0,0,16,0,0,2,5,3,5,1,1,3,3,0,1,0,0,0,0,0,0,0,7,1,1,0,0,0,0,2,1,1,1,KRBKRNvK,DRAW,8/8/5r2/8/B1n2K2/8/5k2/4R3 w - - 0 1
0,1,0,0,0,0,0,1,-1,1,0,1,1,1,0,0,0,0,0,16,0,0,3,0,3,3,5,3,1,5,0,1,0,0,0,0,0,0,0,7,1,1,0,1,0,0,1,2,1,0,KRBKRNvK,DRAW,3Rn1B1/8/3k4/8/K7/8/6r1/8 b - - 0 1
1,1,0,0,0,0,0,1,-1,1,0,1,1,1,0,0,0,0,0,16,0,0,4,1,6,5,3,4,1,7,0,1,0,0,0,0,0,0,0,7,1,1,0,0,0,0,1,2,1,1,KRBKRNvK,DRAW,7R/1K6/4B3/n7/5kr1/8/8/8 w - - 0 1
0,1,0,0,0,0,0,1,-1,1,0,1,1,1,0,0,0,0,0,16,0,0,2,5,1,3,0,3,3,2,0,1,0,0,0,0,0,0,0,7,1,1,0,0,0,0,2,2,1,0,KRBKRNvK,DRAW,4r3/8/8/2B5/8/3R4/5K2/n2k4 b - - 0 1
1,1,0,0,0,0,0,1,-1,1,0,1,1,1,0,0,0,0,0,16,0,0,7,3,7,1,0,3,5,26,23,0,0,0,0,0,0,0,0,7,1,1,0,0,0,0,2,3,1,1,KRBKRNvK,DRAW,3K4/8/1n6/7R/6r1/1B6/8/1k6 w - - 0 1
1,1,0,0,0,0,0,1,-1,1,0,1,1,1,0,0,0,0,0,16,0,0,6,1,0,5,6,5,3,28,19,0,0,0,0,0,0,0,0,7,1,1,0,0,0,0,1,1,0,0,KRBKRNvK,DRAW,1R6/5k2/8/8/5Br1/8/5n2/1K6 w - - 0 1
1,1,0,0,0,0,0,1,-1,1,0,1,1,1,0,0,0,0,0,16,0,0,4,0,1,4,2,5,1,22,24,0,0,0,0,0,0,0,0,7,1,1,1,0,0,0,2,3,0,0,KRBKRNvK,DRAW,1n6/6R1/8/8/8/4k3/K7/B2r4 w - - 0 1
0,1,0,0,0,0,0,1,-1,1,0,1,1,1,0,0,0,0,0,16,0,0,4,4,3,0,5,0,4,21,26,0,0,0,0,0,0,0,0,7,1,1,0,0,0,0,3,1,0,0,KRBKRNvK,DRAW,8/5n2/k7/8/4K3/r7/3B4/5R2 b - - 0 1
1,1,0,0,0,0,0,1,-1,1,0,1,1,1,0,0,0,0,0,16,0,0,4,7,1,3,2,5,1,26,19,0,0,0,0,0,0,0,0,7,1,1,0,0,0,0,0,3,1,1,KRBKRNvK,DRAW,8/3B1n2/8/8/8/3k1r2/7K/2R5 w - - 0 1
1,1,0,0,0,0,0,1,-1,1,0,1,1,1,0,0,0,0,0,16,0,0,3,3,3,0,0,0,6,28,22,0,0,0,0,0,0,0,0,7,1,1,0,0,0,0,3,1,0,0,KRBKRNvK,DRAW,r7/5n2/6R1/8/3K4/8/8/k2B4 w - - 0 1
0,1,0,0,0,0,0,1,-1,1,0,1,1,1,0,0,0,0,0,16,0,0,5,5,1,0,1,3,5,21,26,0,0,0,0,0,0,0,0,7,1,1,0,0,0,0,2,0,0,0,KRBKRNvK,DRAW,5B2/8/8/8/n3R3/8/k4K2/1r6 b - - 0 1
1,1,0,0,0,0,0,1,-1,1,0,1,1,1,0,0,0,0,0,16,0,0,6,7,6,6,0,5,5,4,0,1,0,0,0,0,0,0,0,7,1,1,0,0,0,0,2,0,0,1,KRBKRNvK,DRAW,1r2Bn2/7K/3R4/8/8/8/8/6k1 w - - 0 1
1,1,0,0,0,0,0,1,-1,1,0,1,1,1,0,0,0,0,0,16,0,0,3,4,3,7,3,0,3,21,22,0,0,0,0,0,0,0,0,7,1,1,0,1,0,0,4,2,0,1,KRBKRNvK,DRAW,4B3/8/4R3/8/4K2k/8/3r4/2n5 w - - 0 1
1,1,0,0,0,0,0,1,-1,1,0,1,1,1,0,0,0,0,0,16,0,0,5,5,1,2,6,3,3,26,19,0,0,0,0,0,0,0,0,7,1,1,0,0,0,0,2,0,2,0,KRBKRNvK,DRAW,2B5/2k3r1/8/3R4/8/n7/5K2/8 w - - 0 1
1,1,0,0,0,0,0,1,-1,1,0,1,1,1,0,0,0,0,0,16,0,0,6,6,5,0,0,3,6,28,23,0,0,0,0,0,0,0,0,7,1,1,0,0,0,0,2,1,0,0,KRBKRNvK,DRAW,2r5/3n4/6K1/B7/8/4R3/8/k7 w - - 0 1
0,1,0,0,0,0,0,1,-1,1,0,1,1,1,0,0,0,0,0,16,0,0,2,2,0,0,2,4,4,4,0,1,0,0,0,0,0,0,0,7,1,1,0,1,0,0,0,2,0,2,KRBKRNvK,DRAW,8/3B4/8/8/8/k6R/4r3/n1K5 b - - 0 1
1,1,0,0,0,0,0,1,-1,1,0,1,1,1,0,0,0,0,0,16,0,0,4,5,6,6,2,3,3,6,0,1,0,0,0,0,0,0,0,7,1,1,1,0,0,0,2,0,1,1,KRBKRNvK,DRAW,8/4RK2/7n/8/6Br/6k1/8/8 w - - 0 1
1,1,0,0,0,0,0,1,-1,1,0,1,1,1,0,0,0,0,0,16,0,0,4,0,4,4,4,3,0,26,20,0,0,0,0,0,0,0,0,7,1,1,0,0,0,0,1,4,1,0,KRBKRNvK,DRAW,8/4r3/5R2/K3k3/8/4n3/B7/8 w - - 0 1
0,1,0,0,0,0,0,1,-1,1,0,1,1,1,0,0,0,0,0,16,0,0,7,7,0,0,0,6,6,21,25,0,0,0,0,0,0,0,0,7,1,1,0,0,0,0,2,2,0,0,KRBKRNvK,DRAW,8/8/8/1r6/5R2/8/4B3/k2n3K b - - 0 1
1,1,0,0,0,0,0,1,-1,1,0,1,1,1,0,0,0,0,0,16,0,0,5,0,1,4,6,5,2,25,12,0,0,0,0,0,0,0,0,7,1,1,0,0,0,0,1,0,1,0,KRBKRNvK,DRAW,5r1n/4kB2/8/8/8/5R2/K7/8 w - - 0 1
0,1,0,0,0,0,0,1,-1,1,0,1,1,1,0,0,0,0,0,16,0,0,3,5,5,2,7,2,4,2,0,1,0,0,0,0,0,0,0,7,1,1,0,0,0,0,2,0,1,1,KRBKRNvK,DRAW,2k1R3/r7/5K2/8/7n/8/7B/8 b - - 0 1
1,1,0,0,0,0,0,1,-1,1,0,1,1,1,0,0,0,0,0,16,0,0,2,4,7,6,5,3,3,29,23,0,0,0,0,0,0,0,0,7,1,1,0,1,0,0,2,0,0,0,KRBKRNvK,DRAW,4K3/8/6k1/8/R7/4B2n/2r5/8 w - - 0 1
0,1,0,0,0,0,0,1,-1,1,0,1,1,1,0,0,0,0,0,16,0,0,4,3,4,7,1,0,5,24,25,0,0,0,0,0,0,0,0,7,1,1,0,0,0,0,3,1,1,1,KRBKRNvK,DRAW,8/8/3n4/3K2B1/5R2/7r/7k/8 b - - 0 1
1,1,0,0,0,0,0,1,-1,1,0,1,1,1,0,0,0,0,0,16,0,0,3,7,1,5,4,5,1,5,0,1,0,0,0,0,0,0,0,7,1,1,0,0,0,0,0,2,1,0,KRBKRNvK,DRAW,8/8/8/5kBr/3n4/R7/7K/8 w - - 0 1
1,1,0,0,0,0,0,1,-1,1,0,1,1,1,0,0,0,0,0,16,0,0,3,6,0,5,3,5,1,28,30,0,0,0,0,0,0,0,0,7,1,1,1,0,0,0,0,3,0,0,KRBKRNvK,DRAW,2r5/R7/5n2/8/1B3k2/8/8/6K1 w - - 0 1
0,1,0,0,0,0,0,1,-1,1,0,1,1,1,0,0,0,0,0,16,0,0,6,0,1,1,7,5,5,20,20,0,0,0,0,0,0,0,0,7,1,1,0,0,0,0,1,1,0,0,KRBKRNvK,DRAW,1k6/8/8/8/6n1/6r1/K7/1B5R b - - 0 1
1,1,0,0,0,0,0,1,-1,1,0,1,1,1,0,0,0,0,0,16,0,0,2,3,5,4,7,1,3,27,18,0,0,0,0,0,0,0,0,7,1,1,0,0,0,0,2,0,1,0,KRBKRNvK,DRAW,4k3/8/2RK4/8/3B4/8/8/1n5r w - - 0 1
1,1,0,0,0,0,0,1,-1,1,0,1,1,1,0,0,0,0,0,16,0,0,7,3,0,0,7,3,6,5,0,1,0,0,0,0,0,0,0,7,1,1,0,0,0,0,2,2,0,1,KRBKRNvK,DRAW,k7/8/8/8/7r/8/1B3n2/1R1K4 w - - 0 1
1,1,0,0,0,0,0,1,-1,1,0,1,1,1,0,0,0,0,0,16,0,0,2,3,0,4,2,3,1,21,20,0,0,0,0,0,0,0,0,7,1,1,1,0,0,0,0,3,0,1,KRBKRNvK,DRAW,8/1R6/B7/8/8/r3kn2/8/3K4 w - - 0 1
1,1,0,0,0,0,0,1,-1,1,0,1,1,1,0,0,0,0,0,16,0,0,4,3,0,7,2,3,4,21,15,0,0,0,0,0,0,0,0,7,1,1,0,1,0,0,3,1,0,1,KRBKRNvK,DRAW,8/8/3R4/8/8/7k/2n4r/B2K4 w - - 0 1
0,1,0,0,0,0,0,1,-1,1,0,1,1,1,0,0,0,0,0,16,0,0,2,4,5,2,7,1,4,2,0,1,0,0,0,0,0,0,0,7,1,1,0,0,0,0,2,2,2,1,KRBKRNvK,DRAW,2k1R2n/8/2B1K3/3r4/8/8/8/8 b - - 0 1
0,1,0,0,0,0,0,1,-1,1,0,1,1,1,0,0,0,0,0,16,0,0,5,1,1,6,4,4,2,7,0,1,0,0,0,0,0,0,0,7,1,1,0,0,0,0,2,1,0,0,KRBKRNvK,DRAW,8/6r1/8/2R3k1/8/6n1/1K6/5B2 b - - 0 1
1,1,0,0,0,0,0,1,-1,1,0,1,1,1,0,0,0,0,0,16,0,0,2,3,1,2,3,2,1,30,20,0,0,0,0,0,0,0,0,7,1,1,0,0,0,0,1,2,1,0,KRBKRNvK,DRAW,8/8/3B4/5n2/r1k5/8/3K4/6R1 w - - 0 1
0,1,0,0,0,0,0,1,-1,1,0,1,1,1,0,0,0,0,0,16,0,0,5,5,5,0,6,2,5,2,0,1,0,0,0,0,0,0,0,7,1,1,0,0,0,0,3,2,0,2,KRBKRNvK,LOSS,8/k7/4nK2/8/R6r/8/5B2/8 b - - 0 1
0,1,0,0,0,0,0,1,-1,1,0,1,1,1,0,0,0,0,0,16,0,0,2,3,2,1,1,1,4,24,25,0,0,0,0,0,0,0,0,7,1,1,0,0,0,0,3,2,0,1,KRBKRNvK,DRAW,4n3/8/1B2R3/8/2r5/3K4/1k6/8 b - - 0 1
0,1,0,0,0,0,0,1,-1,1,0,1,1,1,0,0,0,0,0,16,0,0,3,7,3,6,6,3,4,20,19,0,0,0,0,0,0,0,0,7,1,1,0,1,0,0,2,0,1,1,KRBKRNvK,DRAW,3RB3/6k1/8/8/7K/8/6r1/n7 b - - 0 1
0,1,0,0,0,0,0,1,-1,1,0,1,1,1,0,0,0,0,0,16,0,0,4,1,7,4,3,5,0,20,18,0,0,0,0,0,0,0,0,7,1,1,0,0,0,0,1,4,0,0,KRBKRNvK,DRAW,RK6/5B2/8/8/4k3/n7/8/4r3 b - - 0 1
1,1,0,0,0,0,0,1,-1,1,0,1,1,1,0,0,0,0,0,16,0,0,6,0,5,6,4,4,2,28,23,0,0,0,0,0,0,0,0,7,1,1,1,0,0,0,3,2,1,0,KRBKRNvK,DRAW,8/4R3/K7/6k1/7r/8/1B6/1n6 w - - 0 1
0,1,0,0,0,0,0,1,-1,1,0,1,1,1,0,0,0,0,0,16,0,0,3,3,1,0,2,2,4,19,22,0,0,0,0,0,0,0,0,7,1,1,0,0,0,0,1,2,2,1,KRBKRNvK,DRAW,8/8/8/8/1r6/k7/B2K3n/R7 b - - 0 1
0,1,0,0,0,0,0,1,-1,1,0,1,1,1,0,0,0,0,0,16,0,0,5,1,5,6,0,3,5,25,29,0,0,0,0,0,0,0,0,7,1,1,0,0,0,0,2,2,0,0,KRBKRNvK,DRAW,3R4/8/1K6/3Bn3/7r/8/8/6k1 b - - 0 1
1,1,0,0,0,0,0,1,-1,1,0,1,1,1,0,0,0,0,0,16,0,0,2,0,6,2,7,5,4,22,21,0,0,0,0,0,0,0,0,7,1,1,0,0,0,0,1,2,0,0,KRBKRNvK,DRAW,2k5/K7/8/3r4/8/n7/8/1B5R w - - 0 1
1,1,0,0,0,0,0,1,-1,1,0,1,1,1,0,0,0,0,0,16,0,0,7,1,7,6,0,5,5,4,0,1,0,0,0,0,0,0,0,7,1,1,0,0,0,0,1,2,0,1,KRBKRNvK,DRAW,1K5R/8/n7/8/8/4r3/B7/6k1 w - - 0 1
0,1,0,0,0,0,0,1,-1,1,0,1,1,1,0,0,0,0,0,16,0,0,3,0,4,3,6,3,2,22,27,0,0,0,0,0,0,0,0,7,1,1,0,1,0,0,3,2,0,0,KRBKRNvK,DRAW,4n3/3k4/8/K7/2B2R2/8/3r4/8 b - - 0 1
1,1,0,0,0,0,0,1,-1,1,0,1,1,1,0,0,0,0,0,16,0,0,3,5,0,6,3,4,2,7,0,1,0,0,0,0,0,0,0,7,1,1,0,0,0,0,2,0,1,0,KRBKRNvK,DRAW,8/5r2/8/R6n/6k1/6B1/8/5K2 w - - 0 1
0,1,0,0,0,0,0,1,-1,1,0,1,1,1,0,0,0,0,0,16,0,0,2,0,7,2,5,6,2,17,23,0,0,0,0,0,0,0,0,7,1,1,0,0,0,0,3,3,0,1,KRBKRNvK,DRAW,K6B/n7/2k1r3/5R2/8/8/8/8 b - - 0 1
1,1,0,0,0,0,0,1,-1,1,0,1,1,1,0,0,0,0,0,16,0,0,6,7,7,3,1,6,2,30,22,0,0,0,0,0,0,0,0,7,1,1,1,0,0,0,2,2,0,0,KRBKRNvK,DRAW,7K/4R3/8/3B4/5r2/8/3k4/3n4 w - - 0 1
1,1,0,0,0,0,0,1,-1,1,0,1,1,1,0,0,0,0,0,16,0,0,6,6,1,6,7,4,5,24,19,0,0,0,0,0,0,0,0,7,1,1,0,0,0,0,1,2,0,0,KRBKRNvK,DRAW,6k1/3r2n1/8/2B5/8/8/6K1/6R1 w - - 0 1
0,1,0,0,0,0,0,1,-1,1,0,1,1,1,0,0,0,0,0,16,0,0,6,6,1,0,7,4,6,2,0,1,0,0,0,0,0,0,0,7,1,1,0,0,0,0,2,0,0,0,KRBKRNvK,DRAW,k2Rn1B1/8/5r2/8/8/8/6K1/8 b - - 0 1
0,1,0,0,0,0,0,1,-1,1,0,1,1,1,0,0,0,0,0,16,0,0,2,1,0,2,2,5,2,2,0,1,0,0,0,0,0,0,0,7,1,1,0,0,0,0,3,3,1,0,KRBKRNvK,DRAW,4r3/8/8/5B2/8/2kR4/4n3/1K6 b - - 0 1
1,1,0,0,0,0,0,1,-1,1,0,1,1,1,0,0,0,0,0,16,0,0,2,7,3,7,5,3,4,1,0,1,0,0,0,0,0,0,0,7,1,1,1,0,0,0,2,2,0,2,KRBKRNvK,DRAW,8/2R5/2B3nk/6r1/7K/8/8/8 w - - 0 1
0,1,0,0,0,0,0,1,-1,1,0,1,1,1,0,0,0,0,0,16,0,0,4,4,2,4,6,1,2,25,23,0,0,0,0,0,0,0,0,7,1,1,0,0,0,0,2,3,0,2,KRBKRNvK,DRAW,8/4k3/8/8/5r2/4Kn1B/6R1/8 b - - 0 1
0,1,0,0,0,0,0,1,-1,1,0,1,1,1,0,0,0,0,0,16,0,0,3,6,5,3,6,3,2,4,0,1,0,0,0,0,0,0,0,7,1,1,0,0,0,0,2,1,1,0,KRBKRNvK,DRAW,8/3k4/6K1/3R4/2n3B1/1r6/8/8 b - - 0 1
1,1,0,0,0,0,0,1,-1,1,0,1,1,1,0,0,0,0,0,16,0,0,4,5,7,4,3,4,0,5,0,1,0,0,0,0,0,0,0,7,1,1,0,0,0,0,0,3,0,0,KRBKRNvK,DRAW,r4K2/1n1B4/8/8/4k3/8/8/7R w - - 0 1
1,1,0,0,0,0,0,1,-1,1,0,1,1,1,0,0,0,0,0,16,0,0,6,6,4,0,7,2,6,4,0,1,0,0,0,0,0,0,0,7,1,1,0,0,0,0,2,0,0,2,KRBKRNvK,DRAW,k7/8/8/6KB/4n3/6r1/3R4/8 w - - 0 1
0,1,0,0,0,0,0,1,-1,1,0,1,1,1,0,0,0,0,0,16,0,0,7,1,7,0,0,5,6,20,26,0,0,0,0,0,0,0,0,7,1,1,0,0,0,0,2,2,0,0,KRBKRNvK,DRAW,1K6/2B5/8/3R4/8/n7/8/k3r3 b - - 0 1
1,1,0,0,0,0,0,1,-1,1,0,1,1,1,0,0,0,0,0,16,0,0,3,2,4,4,1,1,2,28,22,0,0,0,0,0,0,0,0,7,1,1,0,0,0,0,4,2,0,1,KRBKRNvK,DRAW,8/2Br4/8/2K5/7R/8/4k3/3n4 w - - 0 1
1,1,0,0,0,0,0,1,-1,1,0,1,1,1,0,0,0,0,0,16,0,0,4,5,0,1,0,4,5,24,22,0,0,0,0,0,0,0,0,7,1,1,0,0,0,0,2,2,0,0,KRBKRNvK,DRAW,8/3r4/8/8/8/4R3/4B3/1kn2K2 w - - 0 1
1,1,0,0,0,0,0,1,-1,1,0,1,1,1,0,0,0,0,0,16,0,0,5,4,5,4,0,1,3,5,0,1,0,0,0,0,0,0,0,7,1,1,0,0,0,0,4,2,0,1,KRBKRNvK,DRAW,4B3/8/4K3/6n1/6R1/4r3/8/4k3 w - - 0 1
1,1,0,0,0,0,0,1,-1,1,0,1,1,1,0,0,0,0,0,16,0,0,5,1,4,6,4,2,2,34,22,0,0,0,0,0,0,0,0,7,1,1,0,0,0,0,1,2,1,0,KRBKRNvK,DRAW,2n5/8/5R2/1K1B2k1/8/8/8/4r3 w - - 0 1
0,1,0,0,0,0,0,1,-1,1,0,1,1,1,0,0,0,0,0,16,0,0,4,0,3,4,4,3,0,21,24,0,0,0,0,0,0,0,0,7,1,1,0,0,0,0,1,3,0,0,KRBKRNvK,DRAW,8/7B/7n/4k3/K7/7r/8/2R5 b - - 0 1
1,1,0,0,0,0,0,1,-1,1,0,1,1,1,0,0,0,0,0,16,0,0,3,5,5,2,3,2,1,27,20,0,0,0,0,0,0,0,0,7,1,1,1,0,0,0,1,3,0,2,KRBKRNvK,DRAW,5n2/1R6/5K2/8/2k1r3/6B1/8/8 w - - 0 1
0,1,0,0,0,0,0,1,-1,1,0,1,1,1,0,0,0,0,0,16,0,0,3,4,1,6,4,2,2,7,0,1,0,0,0,0,0,0,0,7,1,1,0,0,0,0,2,0,0,1,KRBKRNvK,DRAW,8/8/B7/R5k1/8/8/n3K3/2r5 b - - 0 1
1,1,0,0,0,0,0,1,-1,1,0,1,1,1,0,0,0,0,0,16,0,0,2,7,2,6,0,4,5,22,18,0,0,0,0,0,0,0,0,7,1,1,0,1,0,0,1,0,1,1,KRBKRNvK,DRAW,7R/8/8/8/3n4/6BK/6r1/6k1 w - - 0 1
1,1,0,0,0,0,0,1,-1,1,0,1,1,1,0,0,0,0,0,16,0,0,6,7,1,1,2,5,3,28,16,0,0,0,0,0,0,0,0,7,1,1,1,0,0,0,1,1,1,0,KRBKRNvK,DRAW,8/6R1/8/8/3B4/1k1r4/7K/2n5 w - - 0 1
0,1,0,0,0,0,0,1,-1,1,0,1,1,1,0,0,0,0,0,16,0,0,3,0,5,3,7,4,3,23,21,0,0,0,0,0,0,0,0,7,1,1,0,0,0,0,2,1,0,0,KRBKRNvK,DRAW,3k3r/8/K7/5n2/R7/8/8/1B6 b - - 0 1
1,1,0,0,0,0,0,1,-1,1,0,1,1,1,0,0,0,0,0,16,0,0,4,4,1,4,5,2,1,23,20,0,0,0,0,0,0,0,0,7,1,1,0,0,0,0,2,3,0,0,KRBKRNvK,DRAW,8/8/n2rk3/8/1R6/8/4K3/4B3 w - - 0 1
0,1,0,0,0,0,0,1,-1,1,0,1,1,1,0,0,0,0,0,16,0,0,7,4,0,5,7,3,4,24,27,0,0,0,0,0,0,0,0,7,1,1,0,0,0,0,0,1,0,0,KRBKRNvK,DRAW,5k2/3n4/8/8/6B1/1r6/R7/4K3 b - - 0 1
0,1,0,0,0,0,0,1,-1,1,0,1,1,1,0,0,0,0,0,16,0,0,3,3,6,3,3,2,0,6,0,1,0,0,0,0,0,0,0,7,1,1,0,0,0,0,1,3,0,0,KRBKRNvK,LOSS,6rR/B2K4/8/8/3k4/4n3/8/8 b - - 0 1
0,1,0,0,0,0,0,1,-1,1,0,1,1,1,0,0,0,0,0,16,0,0,3,1,5,4,2,3,1,23,26,0,0,0,0,0,0,0,0,7,1,1,0,0,0,0,3,2,2,1,KRBKRNvK,DRAW,8/8/1K6/6R1/2r5/4k3/6B1/1n6 b - - 0 1
1,1,0,0,0,0,0,1,-1,1,0,1,1,1,0,0,0,0,0,16,0,0,5,6,0,3,5,5,1,24,21,0,0,0,0,0,0,0,0,7,1,1,0,0,0,0,1,2,0,0,KRBKRNvK,DRAW,1r3nB1/8/3k4/8/8/6R1/8/6K1 w - - 0 1
1,1,0,0,0,0,0,1,-1,1,0,1,1,1,0,0,0,0,0,16,0,0,5,7,6,7,1,5,5,6,0,1,0,0,0,0,0,0,0,7,1,1,0,0,0,0,2,2,2,0,KRBKRNvK,LOSS,8/3r3K/8/8/5R1B/7n/7k/8 w - - 0 1
1,1,0,0,0,0,0,1,-1,1,0,1,1,1,0,0,0,0,0,16,0,0,5,5,5,0,0,2,6,29,21,0,0,0,0,0,0,0,0,7,1,1,0,0,0,0,1,2,0,0,KRBKRNvK,DRAW,6R1/8/B4K2/n7/1r6/8/8/k7 w - - 0 1
1,1,0,0,0,0,0,1,-1,1,0,1,1,1,0,0,0,0,0,16,0,0,4,7,5,3,1,4,2,5,0,1,0,0,0,0,0,0,0,7,1,1,0,0,0,0,1,3,1,2,KRBKRNvK,DRAW,6B1/8/7K/8/5rn1/2R5/3k4/8 w - - 0 1
1,1,0,0,0,0,0,1,-1,1,0,1,1,1,0,0,0,0,0,16,0,0,6,5,7,4,1,4,2,20,27,0,0,0,0,0,0,0,0,7,1,1,1,0,0,0,0,1,0,0,KRBKRNvK,DRAW,1B3K2/2R5/8/8/8/r7/4kn2/8 w - - 0 1
1,1,0,0,0,0,0,1,-1,1,0,1,1,1,0,0,0,0,0,16,0,0,3,7,2,4,3,4,0,30,22,0,0,0,0,0,0,0,0,7,1,1,0,0,0,0,1,3,1,0,KRBKRNvK,DRAW,7n/8/5r2/8/2B1k3/7K/8/6R1 w - - 0 1
1,1,0,0,0,0,0,1,-1,1,0,1,1,1,0,0,0,0,0,16,0,0,4,0,7,4,7,6,3,2,0,1,0,0,0,0,0,0,0,7,1,1,0,0,0,0,1,3,1,0,KRBKRNvK,DRAW,K3k3/8/4B3/8/r7/4n3/5R2/8 w - - 0 1
0,1,0,0,0,0,0,1,-1,1,0,1,1,1,0,0,0,0,0,16,0,0,3,6,2,7,5,3,4,4,0,1,0,0,0,0,0,0,0,7,1,1,0,0,0,0,1,2,1,0,KRBKRNvK,DRAW,7R/4r3/3n3k/8/8/6K1/8/6B1 b - - 0 1
0,1,0,0,0,0,0,1,-1,1,0,1,1,1,0,0,0,0,0,16,0,0,2,4,2,6,3,1,2,18,23,0,0,0,0,0,0,0,0,7,1,1,0,0,0,0,4,0,0,1,KRBKRNvK,DRAW,8/n7/8/8/6k1/2BRK3/8/6r1 b - - 0 1
0,1,0,0,0,0,0,1,-1,1,0,1,1,1,0,0,0,0,0,16,0,0,3,7,7,4,5,6,1,21,24,0,0,0,0,0,0,0,0,7,1,1,0,0,0,0,1,3,0,1,KRBKRNvK,DRAW,7K/8/4kr2/8/8/2R2n2/5B2/8 b - - 0 1
1,1,0,0,0,0,0,1,-1,1,0,1,1,1,0,0,0,0,0,16,0,0,3,5,2,2,5,2,2,35,16,0,0,0,0,0,0,0,0,7,1,1,0,0,0,0,2,2,2,0,KRBKRNvK,DRAW,R7/8/2k1r3/4B3/8/5K2/8/1n6 w - - 0 1
1,1,0,0,0,0,0,1,-1,1,0,1,1,1,0,0,0,0,0,16,0,0,7,7,2,0,6,4,5,26,25,0,0,0,0,0,0,0,0,7,1,1,0,0,0,0,2,1,0,0,KRBKRNvK,DRAW,8/k7/5r2/8/Bn6/7K/4R3/8 w - - 0 1
0,1,0,0,0,0,0,1,-1,1,0,1,1,1,0,0,0,0,0,16,0,0,6,4,7,0,1,3,5,21,25,0,0,0,0,0,0,0,0,7,1,1,0,0,0,0,2,0,0,0,KRBKRNvK,DRAW,4K3/8/r7/8/6R1/8/k5n1/6B1 b - - 0 1
1,1,0,0,0,0,0,1,-1,1,0,1,1,1,0,0,0,0,0,16,0,0,5,5,7,4,2,4,1,25,22,0,0,0,0,0,0,0,0,7,1,1,1,0,0,0,2,2,0,0,KRBKRNvK,DRAW,5K2/3R4/8/8/2r5/B3k3/8/5n2 w - - 0 1
0,1,0,0,0,0,0,1,-1,1,0,1,1,1,0,0,0,0,0,16,0,0,5,3,6,4,1,2,2,25,27,0,0,0,0,0,0,0,0,7,1,1,0,0,0,0,2,0,0,0,KRBKRNvK,DRAW,B5R1/3K4/n7/8/8/1r6/4k3/8 b - - 0 1
1,1,0,0,0,0,0,1,-1,1,0,1,1,1,0,0,0,0,0,16,0,0,4,3,1,4,5,2,1,7,0,1,0,0,0,0,0,0,0,7,1,1,0,1,0,0,2,2,1,0,KRBKRNvK,LOSS,8/3n4/4k3/3R3B/8/8/3K3r/8 w - - 0 1
1,1,0,0,0,0,0,1,-1,1,0,1,1,1,0,0,0,0,0,16,0,0,5,3,7,7,2,3,4,2,0,1,0,0,0,0,0,0,0,7,1,1,0,0,0,0,4,0,0,2,KRBKRNvK,DRAW,3K4/1n3r2/8/4R3/8/2B4k/8/8 w - - 0 1
1,1,0,0,0,0,0,1,-1,1,0,1,1,1,0,0,0,0,0,16,0,0,5,5,3,0,3,1,3,7,0,1,0,0,0,0,0,0,0,7,1,1,1,0,0,0,3,0,1,1,KRBKRNvK,DRAW,8/5R2/8/7n/k4K2/2B5/8/1r6 w - - 0 1
0,1,0,0,0,0,0,1,-1,1,0,1,1,1,0,0,0,0,0,16,0,0,2,6,4,4,4,2,0,4,0,1,0,0,0,0,0,0,0,7,1,1,0,1,0,0,1,3,1,0,KRBKRNvK,DRAW,1B6/8/8/4k1K1/8/6R1/5r2/6n1 b - - 0 1
1,1,0,0,0,0,0,1,-1,1,0,1,1,1,0,0,0,0,0,16,0,0,4,0,4,0,0,3,6,22,19,0,0,0,0,0,0,0,0,7,1,1,0,0,0,0,1,2,0,0,KRBKRNvK,DRAW,8/7B/5r2/K7/8/5n2/7R/k7 w - - 0 1
0,1,0,0,0,0,0,1,-1,1,0,1,1,1,0,0,0,0,0,16,0,0,3,1,5,4,4,3,0,19,30,0,0,0,0,0,0,0,0,7,1,1,0,0,0,0,3,3,0,0,KRBKRNvK,DRAW,3R4/1B6/1K6/4k3/8/7r/7n/8 b - - 0 1
1,1,0,0,0,0,0,1,-1,1,0,1,1,1,0,0,0,0,0,16,0,0,7,2,7,0,0,4,6,22,24,0,0,0,0,0,0,0,0,7,1,1,0,0,0,0,2,3,0,0,KRBKRNvK,DRAW,2K5/8/8/5n1B/6R1/8/8/k3r3 w - - 0 1
1,1,0,0,0,0,0,1,-1,1,0,1,1,1,0,0,0,0,0,16,0,0,5,1,2,6,0,3,5,8,0,1,0,0,0,0,0,0,0,7,1,1,0,0,0,0,1,0,1,0,KRBKRNvK,LOSS,8/7B/7n/8/8/1K5r/5R2/6k1 w - - 0 1
0,1,0,0,0,0,0,1,-1,1,0,1,1,1,0,0,0,0,0,16,0,0,3,4,4,1,5,0,3,23,19,0,0,0,0,0,0,0,0,7,1,1,1,0,0,0,4,0,0,0,KRBKRNvK,DRAW,8/4R3/1k3B2/4K3/8/8/6n1/r7 b - - 0 1
1,1,0,0,0,0,0,1,-1,1,0,1,1,1,0,0,0,0,0,16,0,0,5,4,5,7,0,1,6,7,0,1,0,0,0,0,0,0,0,7,1,1,0,0,0,0,2,0,0,0,KRBKRNvK,DRAW,8/8/r3K2R/8/8/B6n/8/7k w - - 0 1
0,1,0,0,0,0,0,1,-1,1,0,1,1,1,0,0,0,0,0,16,0,0,6,6,6,0,3,4,3,18,25,0,0,0,0,0,0,0,0,7,1,1,0,0,0,0,1,2,1,0,KRBKRNvK,DRAW,8/1B4K1/1R6/3r4/k7/8/8/7n b - - 0 1
0,1,0,0,0,0,0,1,-1,1,0,1,1,1,0,0,0,0,0,16,0,0,4,5,3,7,7,1,6,21,20,0,0,0,0,0,0,0,0,7,1,1,0,0,0,0,2,2,0,1,KRBKRNvK,DRAW,7k/4r3/7n/B7/5K2/R7/8/8 b - - 0 1
0,1,0,0,0,0,0,1,-1,1,0,1,1,1,0,0,0,0,0,16,0,0,6,1,1,7,4,4,3,24,16,0,0,0,0,0,0,0,0,7,1,1,0,0,0,0,0,3,0,0,KRBKRNvK,DRAW,8/8/3r4/7k/8/6n1/1K5B/1R6 b - - 0 1
0,1,0,0,0,0,0,1,-1,1,0,1,1,1,0,0,0,0,0,16,0,0,4,0,3,1,7,3,5,21,23,0,0,0,0,0,0,0,0,7,1,1,0,1,0,0,0,0,1,1,KRBKRNvK,DRAW,1k6/8/R7/8/KB6/8/2r5/3n4 b - - 0 1
0,1,0,0,0,0,0,1,-1,1,0,1,1,1,0,0,0,0,0,16,0,0,4,3,4,0,0,0,6,24,16,0,0,0,0,0,0,0,0,7,1,1,0,0,0,0,4,1,0,1,KRBKRNvK,DRAW,8/6r1/8/3KRn2/8/8/7B/k7 b - - 0 1
0,1,0,0,0,0,0,1,-1,1,0,1,1,1,0,0,0,0,0,16,0,0,6,4,6,0,0,2,6,3,0,1,0,0,0,0,0,0,0,7,1,1,0,0,0,0,1,3,0,0,KRBKRNvK,DRAW,8/4K3/1n6/8/2r5/3B4/8/k4R2 b - - 0 1
1,1,0,0,0,0,0,1,-1,1,0,1,1,1,0,0,0,0,0,16,0,0,5,6,6,4,1,4,2,21,22,0,0,0,0,0,0,0,0,7,1,1,0,0,0,0,0,1,0,0,KRBKRNvK,DRAW,6R1/2n3K1/8/8/8/7B/4k3/7r w - - 0 1
0,1,0,0,0,0,0,1,-1,1,0,1,1,1,0,0,0,0,0,16,0,0,4,1,2,5,2,3,2,24,25,0,0,0,0,0,0,0,0,7,1,1,0,0,0,0,2,2,1,0,KRBKRNvK,DRAW,8/2r5/B7/6R1/8/1K3k2/4n3/8 b - - 0 1
0,1,0,0,0,0,0,1,-1,1,0,1,1,1,0,0,0,0,0,16,0,0,7,6,7,6,0,5,5,23,26,0,0,0,0,0,0,0,0,7,1,1,0,0,0,0,0,2,0,0,KRBKRNvK,DRAW,4B1K1/8/8/8/2r5/1R6/8/3n2k1 b - - 0 1
1,1,0,0,0,0,0,1,-1,1,0,1,1,1,0,0,0,0,0,16,0,0,3,7,1,6,4,5,2,4,0,1,0,0,0,0,0,0,0,7,1,1,0,0,0,0,1,0,0,1,KRBKRNvK,DRAW,8/8/8/6k1/8/rR6/2B4K/5n2 w - - 0 1
1,1,0,0,0,0,0,1,-1,1,0,1,1,1,0,0,0,0,0,16,0,0,4,5,1,1,5,3,3,31,20,0,0,0,0,0,0,0,0,7,1,1,0,0,0,0,1,1,0,0,KRBKRNvK,DRAW,6r1/8/1k4B1/8/8/1n6/5K2/2R5 w - - 0 1
1,1,0,0,0,0,0,1,-1,1,0,1,1,1,0,0,0,0,0,16,0,0,6,6,3,0,1,2,5,7,0,1,0,0,0,0,0,0,0,7,1,1,0,0,0,0,3,2,1,1,KRBKRNvK,DRAW,8/8/3B4/8/1R4K1/3rn3/k7/8 w - - 0 1
1,1,0,0,0,0,0,1,-1,1,0,1,1,1,0,0,0,0,0,16,0,0,3,2,5,2,2,2,2,5,0,1,0,0,0,0,0,0,0,7,1,1,0,0,0,0,2,2,0,0,KRBKRNvK,DRAW,7R/2B5/2K3r1/8/8/2kn4/8/8 w - - 0 1
0,1,0,0,0,0,0,1,-1,1,0,1,1,1,0,0,0,0,0,16,0,0,4,1,6,5,4,4,1,21,22,0,0,0,0,0,0,0,0,7,1,1,0,0,0,0,2,2,0,1,KRBKRNvK,DRAW,8/1K6/r7/5k2/n7/8/8/2R4B b - - 0 1
0,1,0,0,0,0,0,1,-1,1,0,1,1,1,0,0,0,0,0,16,0,0,5,2,1,7,5,3,4,3,0,1,0,0,0,0,0,0,0,7,1,1,0,0,0,0,0,3,2,2,KRBKRNvK,DRAW,7B/8/5R1k/8/1r6/3n4/2K5/8 b - - 0 1
1,1,0,0,0,0,0,1,-1,1,0,1,1,1,0,0,0,0,0,16,0,0,5,5,4,0,0,1,6,23,19,0,0,0,0,0,0,0,0,7,1,1,0,0,0,0,3,2,0,1,KRBKRNvK,DRAW,2n5/4r3/8/5KR1/2B5/8/8/k7 w - - 0 1
1,1,0,0,0,0,0,1,-1,1,0,1,1,1,0,0,0,0,0,16,0,0,2,4,3,5,5,0,2,27,24,0,0,0,0,0,0,0,0,7,1,1,0,0,0,0,3,1,0,0,KRBKRNvK,DRAW,1B6/5n2/5k2/2R5/4K3/8/8/r7 w - - 0 1
1,1,0,0,0,0,0,1,-1,1,0,1,1,1,0,0,0,0,0,16,0,0,3,2,4,5,3,1,1,25,22,0,0,0,0,0,0,0,0,7,1,1,0,0,0,0,3,3,1,1,KRBKRNvK,DRAW,8/8/1n5r/2K5/5k2/R4B2/8/8 w - - 0 1
0,1,0,0,0,0,0,1,-1,1,0,1,1,1,0,0,0,0,0,16,0,0,6,1,1,7,2,4,4,20,24,0,0,0,0,0,0,0,0,7,1,1,0,0,0,0,0,2,1,1,KRBKRNvK,DRAW,5R2/8/8/6B1/8/n3r2k/1K6/8 b - - 0 1
0,1,0,0,0,0,0,1,-1,1,0,1,1,1,0,0,0,0,0,16,0,0,6,5,7,1,1,4,4,24,26,0,0,0,0,0,0,0,0,7,1,1,0,0,0,0,2,1,1,0,KRBKRNvK,DRAW,5K2/8/1r6/4R3/8/8/1k1n4/3B4 b - - 0 1
0,1,0,0,0,0,0,1,-1,1,0,1,1,1,0,0,0,0,0,16,0,0,5,2,1,7,2,3,4,22,22,0,0,0,0,0,0,0,0,7,1,1,0,0,0,0,3,1,0,0,KRBKRNvK,DRAW,8/7B/8/2R5/8/5rnk/2K5/8 b - - 0 1
0,1,0,0,0,0,0,1,-1,1,0,1,1,1,0,0,0,0,0,16,0,0,5,4,1,5,6,2,3,28,23,0,0,0,0,0,0,0,0,7,1,1,0,0,0,0,2,2,0,0,KRBKRNvK,DRAW,8/B2n1k2/8/6r1/8/8/3RK3/8 b - - 0 1
0,1,0,0,0,0,0,1,-1,1,0,1,1,1,0,0,0,0,0,16,0,0,7,6,7,4,0,5,3,21,25,0,0,0,0,0,0,0,0,7,1,1,0,0,0,0,2,2,0,0,KRBKRNvK,DRAW,6K1/8/n1B2R2/7r/8/8/8/4k3 b - - 0 1
1,1,0,0,0,0,0,1,-1,1,0,1,1,1,0,0,0,0,0,16,0,0,4,4,4,0,1,0,5,7,0,1,0,0,0,0,0,0,0,7,1,1,0,0,0,0,4,1,0,1,KRBKRNvK,DRAW,1r6/3n4/8/4K1B1/8/8/k7/4R3 w - - 0 1
1,1,0,0,0,0,0,1,-1,1,0,1,1,1,0,0,0,0,0,16,0,0,4,7,4,3,1,3,2,4,0,1,0,0,0,0,0,0,0,7,1,1,0,0,0,0,0,2,0,1,KRBKRNvK,DRAW,8/8/5n2/7K/6B1/7R/3k4/6r1 w - - 0 1
0,1,0,0,0,0,0,1,-1,1,0,1,1,1,0,0,0,0,0,16,0,0,3,2,7,1,4,4,2,28,21,0,0,0,0,0,0,0,0,7,1,1,0,0,0,0,1,3,0,1,KRBKRNvK,DRAW,1BK5/4r3/8/1k6/8/1n3R2/8/8 b - - 0 1
0,1,0,0,0,0,0,1,-1,1,0,1,1,1,0,0,0,0,0,16,0,0,6,1,0,7,6,5,5,5,0,1,0,0,0,0,0,0,0,7,1,1,1,1,0,0,1,0,0,0,KRBKRNvK,LOSS,8/2R4k/8/7n/8/6B1/7r/1K6 b - - 0 1
1,1,0,0,0,0,0,1,-1,1,0,1,1,1,0,0,0,0,0,16,0,0,4,3,5,4,1,1,2,5,0,1,0,0,0,0,0,0,0,7,1,1,0,0,0,0,2,2,0,2,KRBKRNvK,DRAW,8/8/3K4/8/3rn2B/7R/4k3/8 w - - 0 1
1,1,0,0,0,0,0,1,-1,1,0,1,1,1,0,0,0,0,0,16,0,0,4,6,2,6,6,3,4,29,20,0,0,0,0,0,0,0,0,7,1,1,0,0,0,0,2,2,1,0,KRBKRNvK,DRAW,Bn6/6k1/7R/1r6/8/6K1/8/8 w - - 0 1
1,1,0,0,0,0,0,1,-1,1,0,1,1,1,0,0,0,0,0,16,0,0,6,1,0,7,2,5,4,22,25,0,0,0,0,0,0,0,0,7,1,1,0,0,0,0,2,1,1,1,KRBKRNvK,DRAW,8/r7/8/8/5R2/3n3k/8/1K1B4 w - - 0 1
1,1,0,0,0,0,0,1,-1,1,0,1,1,1,0,0,0,0,0,16,0,0,3,4,3,1,6,0,4,25,22,0,0,0,0,0,0,0,0,7,1,1,0,0,0,0,3,2,0,1,KRBKRNvK,DRAW,6B1/1k6/5R2/6rn/4K3/8/8/8 w - - 0 1
0,1,0,0,0,0,0,1,-1,1,0,1,1,1,0,0,0,0,0,16,0,0,5,2,0,1,5,4,3,25,22,0,0,0,0,0,0,0,0,7,1,1,1,0,0,0,1,2,0,0,KRBKRNvK,DRAW,8/5B1R/1k6/8/4r3/8/8/2K3n1 b - - 0 1
0,1,0,0,0,0,0,1,-1,1,0,1,1,1,0,0,0,0,0,16,0,0,2,0,7,2,5,6,2,21,23,0,0,0,0,0,0,0,0,7,1,1,0,0,0,0,2,2,2,0,KRBKRNvK,DRAW,K1B5/7n/2k5/8/1R6/8/8/3r4 b - - 0 1
1,1,0,0,0,0,0,1,-1,1,0,1,1,1,0,0,0,0,0,16,0,0,4,6,3,2,0,2,4,20,22,0,0,0,0,0,0,0,0,7,1,1,1,0,0,0,0,3,0,1,KRBKRNvK,WIN,4r3/5R2/8/7B/6K1/8/4n3/2k5 w - - 0 1
0,1,0,0,0,0,0,1,-1,1,0,1,1,1,0,0,0,0,0,16,0,0,2,7,1,5,0,5,4,23,21,0,0,0,0,0,0,0,0,7,1,1,0,0,0,0,1,3,0,1,KRBKRNvK,DRAW,6B1/8/8/8/5r2/R3n3/7K/5k2 b - - 0 1
1,1,0,0,0,0,0,1,-1,1,0,1,1,1,0,0,0,0,0,16,0,0,2,6,4,6,6,2,4,26,25,0,0,0,0,0,0,0,0,7,1,1,0,0,0,0,0,2,0,0,KRBKRNvK,DRAW,3r4/6k1/8/6K1/8/1n6/2R5/4B3 w - - 0 1
1,1,0,0,0,0,0,1,-1,1,0,1,1,1,0,0,0,0,0,16,0,0,2,3,4,5,5,0,2,22,24,0,0,0,0,0,0,0,0,7,1,1,0,0,0,0,3,1,0,1,KRBKRNvK,DRAW,5n2/8/5k2/3K4/8/2r5/R3B3/8 w - - 0 1
0,1,0,0,0,0,0,1,-1,1,0,1,1,1,0,0,0,0,0,16,0,0,5,6,4,1,6,2,4,4,0,1,0,0,0,0,0,0,0,7,1,1,0,1,0,0,2,1,1,0,KRBKRNvK,DRAW,3R4/1k6/1n6/6K1/4B3/8/r7/8 b - - 0 1
0,1,0,0,0,0,0,1,-1,1,0,1,1,1,0,0,0,0,0,16,0,0,2,0,5,1,3,4,2,20,20,0,0,0,0,0,0,0,0,7,1,1,0,0,0,0,0,2,0,1,KRBKRNvK,DRAW,8/n7/K7/7r/1k6/5R2/6B1/8 b - - 0 1
1,1,0,0,0,0,0,1,-1,1,0,1,1,1,0,0,0,0,0,16,0,0,4,0,4,4,2,3,1,24,20,0,0,0,0,0,0,0,0,7,1,1,0,0,0,0,2,2,1,1,KRBKRNvK,DRAW,8/3B3r/8/K2R4/8/n3k3/8/8 w - - 0 1
0,1,0,0,0,0,0,1,-1,1,0,1,1,1,0,0,0,0,0,16,0,0,6,0,0,6,6,6,4,21,21,0,0,0,0,0,0,0,0,7,1,1,0,0,0,0,1,0,0,1,KRBKRNvK,DRAW,8/6k1/R7/8/8/1r6/8/K5Bn b - - 0 1
1,1,0,0,0,0,0,1,-1,1,0,1,1,1,0,0,0,0,0,16,0,0,6,6,7,0,5,5,4,2,0,1,0,0,0,0,0,0,0,7,1,1,1,0,0,0,0,2,0,1,KRBKRNvK,DRAW,n3r1K1/6R1/k7/8/7B/8/8/8 w - - 0 1
0,1,0,0,0,0,0,1,-1,1,0,1,1,1,0,0,0,0,0,16,0,0,2,4,2,3,0,1,3,14,27,0,0,0,0,0,0,0,0,7,1,1,0,0,0,0,4,0,0,0,KRBKRNvK,DRAW,8/n7/8/2R5/8/4K3/B7/3k3r b - - 0 1
0,1,0,0,0,0,0,1,-1,1,0,1,1,1,0,0,0,0,0,16,0,0,5,6,5,1,4,3,2,23,22,0,0,0,0,0,0,0,0,7,1,1,1,0,0,0,0,3,0,1,KRBKRNvK,DRAW,8/5R2/6K1/1k2r3/8/8/4n3/3B4 b - - 0 1
1,1,0,0,0,0,0,1,-1,1,0,1,1,1,0,0,0,0,0,16,0,0,5,2,0,3,5,4,1,20,22,0,0,0,0,0,0,0,0,7,1,1,0,0,0,0,0,2,2,0,KRBKRNvK,DRAW,1RB2r2/8/3k4/n7/8/8/8/2K5 w - - 0 1
0,1,0,0,0,0,0,1,-1,1,0,1,1,1,0,0,0,0,0,16,0,0,5,0,1,0,6,5,5,21,23,0,0,0,0,0,0,0,0,7,1,1,0,0,0,0,1,2,1,0,KRBKRNvK,DRAW,8/k7/2R5/1r6/8/8/K1B3n1/8 b - - 0 1
0,1,0,0,0,0,0,1,-1,1,0,1,1,1,0,0,0,0,0,16,0,0,6,3,6,7,0,2,6,1,0,1,0,0,0,0,0,0,0,7,1,1,0,0,0,0,2,0,0,0,KRBKRNvK,LOSS,r6R/1B1K4/8/8/8/8/8/2n4k b - - 0 1
0,1,0,0,0,0,0,1,-1,1,0,1,1,1,0,0,0,0,0,16,0,0,5,2,1,7,5,3,4,17,25,0,0,0,0,0,0,0,0,7,1,1,0,0,0,0,3,0,0,1,KRBKRNvK,DRAW,8/1B6/7k/1R6/8/7r/n1K5/8 b - - 0 1
0,1,0,0,0,0,0,1,-1,1,0,1,1,1,0,0,0,0,0,16,0,0,2,2,1,0,0,3,6,17,23,0,0,0,0,0,0,0,0,7,1,1,1,0,0,0,2,0,0,0,KRBKRNvK,DRAW,8/4R2n/8/8/7B/8/2K5/k5r1 b - - 0 1
1,1,0,0,0,0,0,1,-1,1,0,1,1,1,0,0,0,0,0,16,0,0,4,3,3,7,4,0,3,23,24,0,0,0,0,0,0,0,0,7,1,1,0,0,0,0,3,2,0,1,KRBKRNvK,DRAW,4r3/8/8/7k/3K4/8/3n4/1B3R2 w - - 0 1
1,1,0,0,0,0,0,1,-1,1,0,1,1,1,0,0,0,0,0,16,0,0,6,5,7,2,1,4,3,3,0,1,0,0,0,0,0,0,0,7,1,1,0,0,0,0,1,2,0,2,KRBKRNvK,DRAW,5K2/3n4/4r1R1/2B5/8/8/2k5/8 w - - 0 1
1,1,0,0,0,0,0,1,-1,1,0,1,1,1,0,0,0,0,0,16,0,0,6,7,2,1,4,4,2,25,22,0,0,0,0,0,0,0,0,7,1,1,0,0,0,0,2,0,1,0,KRBKRNvK,DRAW,8/2r5/3R3B/nk6/8/7K/8/8 w - - 0 1
0,1,0,0,0,0,0,1,-1,1,0,1,1,1,0,0,0,0,0,16,0,0,7,0,3,7,7,3,6,19,24,0,0,0,0,0,0,0,0,7,1,1,0,0,0,0,2,2,0,0,KRBKRNvK,DRAW,n6k/8/8/5r2/KR6/8/4B3/8 b - - 0 1
0,1,0,0,0,0,0,1,-1,1,0,1,1,1,0,0,0,0,0,16,0,0,3,0,6,3,6,5,2,9,0,1,0,0,0,0,0,0,0,7,1,1,0,0,0,0,2,0,1,0,KRBKRNvK,DRAW,8/K2k2n1/8/1R6/6B1/8/8/5r2 b - - 0 1
0,1,0,0,0,0,0,1,-1,1,0,1,1,1,0,0,0,0,0,16,0,0,4,7,0,7,4,6,3,20,21,0,0,0,0,0,0,0,0,7,1,1,0,0,0,0,0,0,0,1,KRBKRNvK,DRAW,2r5/8/1R6/B6k/8/8/7n/7K b - - 0 1
0,1,0,0,0,0,0,1,-1,1,0,1,1,1,0,0,0,0,0,16,0,0,2,3,0,3,2,3,1,3,0,1,0,0,0,0,0,0,0,7,1,1,1,0,0,0,2,2,1,0,KRBKRNvK,DRAW,8/3R4/8/n7/6r1/3k4/8/3K1B2 b - - 0 1
0,1,0,0,0,0,0,1,-1,1,0,1,1,1,0,0,0,0,0,16,0,0,7,0,0,6,7,6,5,20,22,0,0,0,0,0,0,0,0,7,1,1,0,1,0,0,3,0,0,0,KRBKRNvK,DRAW,B5kn/8/8/2R5/8/8/5r2/K7 b - - 0 1
0,1,0,0,0,0,0,1,-1,1,0,1,1,1,0,0,0,0,0,16,0,0,5,5,2,0,3,2,3,21,25,0,0,0,0,0,0,0,0,7,1,1,0,0,0,0,2,2,1,1,KRBKRNvK,DRAW,3r4/8/8/2B5/k7/5K2/6n1/5R2 b - - 0 1
0,1,0,0,0,0,0,1,-1,1,0,1,1,1,0,0,0,0,0,16,0,0,6,1,3,7,4,2,3,5,0,1,0,0,0,0,0,0,0,7,1,1,0,0,0,0,2,0,0,0,KRBKRNvK,DRAW,8/8/5r2/7k/1K5n/4R3/8/3B4 b - - 0 1
1,1,0,0,0,0,0,1,-1,1,0,1,1,1,0,0,0,0,0,16,0,0,6,1,4,7,0,2,6,27,18,0,0,0,0,0,0,0,0,7,1,1,0,0,0,0,2,2,0,0,KRBKRNvK,DRAW,5B2/8/8/1K4R1/8/4r3/8/1n5k w - - 0 1
1,1,0,0,0,0,0,1,-1,1,0,1,1,1,0,0,0,0,0,16,0,0,7,0,0,7,3,6,3,18,24,0,0,0,0,0,0,0,0,7,1,1,0,0,0,0,2,3,1,0,KRBKRNvK,DRAW,8/4r3/8/1n6/7k/8/6B1/K5R1 w - - 0 1
1,1,0,0,0,0,0,1,-1,1,0,1,1,1,0,0,0,0,0,16,0,0,2,2,1,0,1,3,5,28,20,0,0,0,0,0,0,0,0,7,1,1,0,0,0,0,3,1,0,1,KRBKRNvK,DRAW,8/8/5r2/2B5/8/1n6/k1K5/4R3 w - - 0 1
0,1,0,0,0,0,0,1,-1,1,0,1,1,1,0,0,0,0,0,16,0,0,7,0,1,7,5,5,4,5,0,1,0,0,0,0,0,0,0,7,1,1,0,0,0,0,0,2,0,0,KRBKRNvK,DRAW,2n5/8/2R4k/6r1/8/B7/K7/8 b - - 0 1
0,1,0,0,0,0,0,1,-1,1,0,1,1,1,0,0,0,0,0,16,0,0,5,2,2,6,7,2,5,23,25,0,0,0,0,0,0,0,0,7,1,1,0,0,0,0,4,0,0,0,KRBKRNvK,DRAW,B5k1/8/8/8/4R3/2K4n/8/5r2 b - - 0 1
1,1,0,0,0,0,0,1,-1,1,0,1,1,1,0,0,0,0,0,16,0,0,3,3,1,6,2,2,3,7,0,1,0,0,0,0,0,0,0,7,1,1,0,1,0,0,0,1,1,0,KRBKRNvK,DRAW,8/8/3n4/8/8/6k1/r2K4/1R3B2 w - - 0 1
1,1,0,0,0,0,0,1,-1,1,0,1,1,1,0,0,0,0,0,16,0,0,2,1,7,2,5,5,2,24,25,0,0,0,0,0,0,0,0,7,1,1,1,0,0,0,3,3,1,0,KRBKRNvK,DRAW,1K5B/4R3/2k5/8/5r2/1n6/8/8 w - - 0 1
0,1,0,0,0,0,0,1,-1,1,0,1,1,1,0,0,0,0,0,16,0,0,7,0,0,7,3,6,3,19,25,0,0,0,0,0,0,0,0,7,1,1,0,0,0,0,1,0,1,1,KRBKRNvK,DRAW,R7/1n6/8/5B2/7k/1r6/8/K7 b - - 0 1
0,1,0,0,0,0,0,1,-1,1,0,1,1,1,0,0,0,0,0,16,0,0,4,6,1,2,1,4,3,25,22,0,0,0,0,0,0,0,0,7,1,1,0,0,0,0,0,2,0,0,KRBKRNvK,DRAW,5B1R/8/8/8/1r6/n7/2k3K1/8 b - - 0 1
1,1,0,0,0,0,0,1,-1,1,0,1,1,1,0,0,0,0,0,16,0,0,6,4,0,2,6,3,3,22,26,0,0,0,0,0,0,0,0,7,1,1,0,0,0,0,2,2,0,1,KRBKRNvK,DRAW,8/2k5/8/8/1r6/5Bn1/8/4K2R w - - 0 1
1,1,0,0,0,0,0,1,-1,1,0,1,1,1,0,0,0,0,0,16,0,0,6,5,1,6,7,3,5,26,24,0,0,0,0,0,0,0,0,7,1,1,0,0,0,0,3,1,0,1,KRBKRNvK,DRAW,6k1/5n2/1B6/4R3/8/8/5K2/7r w - - 0 1
0,1,0,0,0,0,0,1,-1,1,0,1,1,1,0,0,0,0,0,16,0,0,3,1,0,3,3,5,0,23,28,0,0,0,0,0,0,0,0,7,1,1,0,0,0,0,0,3,1,0,KRBKRNvK,DRAW,R7/8/5r2/8/1B1k4/8/8/1K3n2 b - - 0 1
1,1,0,0,0,0,0,1,-1,1,0,1,1,1,0,0,0,0,0,16,0,0,6,2,7,0,1,4,5,30,18,0,0,0,0,0,0,0,0,7,1,1,0,0,0,0,2,2,1,0,KRBKRNvK,DRAW,2K5/8/5B2/8/8/r4n2/k7/1R6 w - - 0 1
1,1,0,0,0,0,0,1,-1,1,0,1,1,1,0,0,0,0,0,16,0,0,6,6,5,0,2,3,4,25,17,0,0,0,0,0,0,0,0,7,1,1,0,0,0,0,0,2,0,1,KRBKRNvK,DRAW,8/8/6K1/7B/7r/k7/5R2/6n1 w - - 0 1
0,1,0,0,0,0,0,1,-1,1,0,1,1,1,0,0,0,0,0,16,0,0,3,6,5,3,6,3,2,27,25,0,0,0,0,0,0,0,0,7,1,1,0,0,0,0,1,1,1,1,KRBKRNvK,DRAW,2r5/3k4/1B4K1/5n2/8/8/8/6R1 b - - 0 1
1,1,0,0,0,0,0,1,-1,1,0,1,1,1,0,0,0,0,0,16,0,0,2,6,1,4,2,4,1,6,0,1,0,0,0,0,0,0,0,7,1,1,0,0,0,0,3,3,2,1,KRBKRNvK,DRAW,8/3r4/8/6R1/8/3Bk3/6K1/4n3 w - - 0 1
0,1,0,0,0,0,0,1,-1,1,0,1,1,1,0,0,0,0,0,16,0,0,2,5,0,3,2,4,1,26,22,0,0,0,0,0,0,0,0,7,1,1,0,1,0,0,1,2,0,0,KRBKRNvK,DRAW,1B6/8/1R6/6n1/8/3k4/2r5/5K2 b - - 0 1
0,1,0,0,0,0,0,1,-1,1,0,1,1,1,0,0,0,0,0,16,0,0,2,4,2,5,4,1,1,3,0,1,0,0,0,0,0,0,0,7,1,1,0,0,0,0,4,4,1,0,KRBKRNvK,DRAW,3r4/8/2n5/2R2k2/4B3/4K3/8/8 b - - 0 1
0,1,0,0,0,0,0,1,-1,1,0,1,1,1,0,0,0,0,0,16,0,0,5,5,5,6,0,2,5,5,0,1,0,0,0,0,0,0,0,7,1,1,0,1,0,0,3,0,0,0,KRBKRNvK,DRAW,8/Bn6/5K2/8/R7/8/6r1/6k1 b - - 0 1
1,1,0,0,0,0,0,1,-1,1,0,1,1,1,0,0,0,0,0,16,0,0,5,0,3,5,2,3,2,25,13,0,0,0,0,0,0,0,0,7,1,1,0,0,0,0,2,1,0,0,KRBKRNvK,DRAW,8/8/8/6n1/K1R5/5kr1/8/1B6 w - - 0 1
0,1,0,0,0,0,0,1,-1,1,0,1,1,1,0,0,0,0,0,16,0,0,5,2,1,1,6,3,4,20,20,0,0,0,0,0,0,0,0,7,1,1,0,0,0,0,0,2,0,0,KRBKRNvK,DRAW,4B3/1k6/1n6/7r/8/8/1RK5/8 b - - 0 1
0,1,0,0,0,0,0,1,-1,1,0,1,1,1,0,0,0,0,0,16,0,0,4,6,5,2,5,3,2,27,29,0,0,0,0,0,0,0,0,7,1,1,0,0,0,0,0,3,1,1,KRBKRNvK,DRAW,R7/8/2k3K1/6n1/6B1/3r4/8/8 b - - 0 1
0,1,0,0,0,0,0,1,-1,1,0,1,1,1,0,0,0,0,0,16,0,0,6,4,7,7,1,3,5,3,0,1,0,0,0,0,0,0,0,7,1,1,0,0,0,0,2,2,0,1,KRBKRNvK,DRAW,4K3/8/4n3/4B1r1/8/8/3R3k/8 b - - 0 1
0,1,0,0,0,0,0,1,-1,1,0,1,1,1,0,0,0,0,0,16,0,0,5,2,6,7,7,3,6,22,23,0,0,0,0,0,0,0,0,7,1,1,0,0,0,0,4,1,0,1,KRBKRNvK,DRAW,r6k/2K5/8/4R1n1/8/8/1B6/8 b - - 0 1
0,1,0,0,0,0,0,1,-1,1,0,1,1,1,0,0,0,0,0,16,0,0,5,6,2,5,7,3,4,21,25,0,0,0,0,0,0,0,0,7,1,1,0,1,0,0,0,2,0,0,KRBKRNvK,DRAW,5k2/8/2R5/1B6/8/6K1/n2r4/8 b - - 0 1
0,1,0,0,0,0,0,1,-1,1,0,1,1,1,0,0,0,0,0,16,0,0,7,4,0,2,7,3,4,19,22,0,0,0,0,0,0,0,0,7,1,1,0,0,0,0,2,2,0,0,KRBKRNvK,DRAW,2kr4/8/8/8/5R2/n7/5B2/4K3 b - - 0 1
0,1,0,0,0,0,0,1,-1,1,0,1,1,1,0,0,0,0,0,16,0,0,2,4,3,4,1,0,2,23,18,0,0,0,0,0,0,0,0,7,1,1,0,1,0,0,3,1,0,1,KRBKRNvK,DRAW,5B1R/8/8/8/4K3/4n3/1r2k3/8 b - - 0 1
1,1,0,0,0,0,0,1,-1,1,0,1,1,1,0,0,0,0,0,16,0,0,3,4,2,7,4,1,3,28,24,0,0,0,0,0,0,0,0,7,1,1,0,0,0,0,3,3,0,1,KRBKRNvK,DRAW,8/8/2n5/7k/2r5/4K3/1B6/5R2 w - - 0 1
1,1,0,0,0,0,0,1,-1,1,0,1,1,1,0,0,0,0,0,16,0,0,5,6,4,1,4,2,2,5,0,1,0,0,0,0,0,0,0,7,1,1,0,0,0,0,0,0,0,1,KRBKRNvK,DRAW,6r1/8/8/1k4K1/8/7n/6R1/7B w - - 0 1
1,1,0,0,0,0,0,1,-1,1,0,1,1,1,0,0,0,0,0,16,0,0,5,7,2,5,7,4,4,25,22,0,0,0,0,0,0,0,0,7,1,1,0,0,0,0,3,2,1,0,KRBKRNvK,DRAW,5k1B/3r4/1n6/8/6R1/7K/8/8 w - - 0 1
0,1,0,0,0,0,0,1,-1,1,0,1,1,1,0,0,0,0,0,16,0,0,4,6,0,2,0,5,4,3,0,1,0,0,0,0,0,0,0,7,1,1,0,0,0,0,1,2,0,0,KRBKRNvK,DRAW,8/8/4B3/8/7r/8/8/1nk2RK1 b - - 0 1
1,1,0,0,0,0,0,1,-1,1,0,1,1,1,0,0,0,0,0,16,0,0,5,6,3,1,2,2,3,31,16,0,0,0,0,0,0,0,0,7,1,1,0,0,0,0,2,0,1,0,KRBKRNvK,DRAW,7n/8/3R4/1B6/6K1/1k6/8/1r6 w - - 0 1
0,1,0,0,0,0,0,1,-1,1,0,1,1,1,0,0,0,0,0,16,0,0,2,3,5,4,7,1,3,21,23,0,0,0,0,0,0,0,0,7,1,1,0,0,0,0,2,1,1,1,KRBKRNvK,DRAW,4k3/3nB3/3K4/8/8/1R6/8/6r1 b - - 0 1
1,1,0,0,0,0,0,1,-1,1,0,1,1,1,0,0,0,0,0,16,0,0,3,3,1,2,4,2,1,28,17,0,0,0,0,0,0,0,0,7,1,1,0,0,0,0,2,2,1,0,KRBKRNvK,DRAW,8/8/8/1rk1BR2/8/8/3K2n1/8 w - - 0 1
0,1,0,0,0,0,0,1,-1,1,0,1,1,1,0,0,0,0,0,16,0,0,3,3,7,2,4,3,1,27,23,0,0,0,0,0,0,0,0,7,1,1,0,0,0,0,2,2,0,0,KRBKRNvK,DRAW,R2K4/8/8/2k5/8/8/1Bn5/7r b - - 0 1
1,1,0,0,0,0,0,1,-1,1,0,1,1,1,0,0,0,0,0,16,0,0,3,5,3,7,6,1,5,30,22,0,0,0,0,0,0,0,0,7,1,1,0,0,0,0,2,2,0,1,KRBKRNvK,DRAW,8/5n1k/8/6r1/3B1K2/8/8/2R5 w - - 0 1
0,1,0,0,0,0,0,1,-1,1,0,1,1,1,0,0,0,0,0,16,0,0,7,7,1,0,3,5,3,23,17,0,0,0,0,0,0,0,0,7,1,1,0,0,0,0,2,0,0,0,KRBKRNvK,DRAW,8/1n6/2r5/8/k7/8/7K/B6R b - - 0 1
1,1,0,0,0,0,0,1,-1,1,0,1,1,1,0,0,0,0,0,16,0,0,4,2,2,6,3,2,2,23,19,0,0,0,0,0,0,0,0,7,1,1,0,0,0,0,3,0,1,0,KRBKRNvK,DRAW,8/1r6/5B2/8/6k1/2KR4/8/7n w - - 0 1
1,1,0,0,0,0,0,1,-1,1,0,1,1,1,0,0,0,0,0,16,0,0,5,5,1,0,0,3,6,7,0,1,0,0,0,0,0,0,0,7,1,1,0,0,0,0,2,2,0,1,KRBKRNvK,LOSS,8/8/8/2R4r/2B5/8/5K2/k6n w - - 0 1
0,1,0,0,0,0,0,1,-1,1,0,1,1,1,0,0,0,0,0,16,0,0,2,1,5,0,3,3,3,17,21,0,0,0,0,0,0,0,0,7,1,1,0,0,0,0,2,0,0,0,KRBKRNvK,DRAW,8/8/1K6/8/k3n2R/6r1/5B2/8 b - - 0 1
1,1,0,0,0,0,0,1,-1,1,0,1,1,1,0,0,0,0,0,16,0,0,7,5,7,5,0,4,4,3,0,1,0,0,0,0,0,0,0,7,1,1,0,0,0,0,2,1,0,0,KRBKRNvK,DRAW,2r2K2/8/1n6/8/4B2R/8/8/5k2 w - - 0 1
1,1,0,0,0,0,0,1,-1,1,0,1,1,1,0,0,0,0,0,16,0,0,5,2,1,7,0,3,6,29,19,0,0,0,0,0,0,0,0,7,1,1,1,0,0,0,2,0,0,0,KRBKRNvK,DRAW,1n3B2/3R4/r7/8/8/8/2K5/7k w - - 0 1
0,1,0,0,0,0,0,1,-1,1,0,1,1,1,0,0,0,0,0,16,0,0,5,7,1,2,5,5,2,4,0,1,0,0,0,0,0,0,0,7,1,1,0,0,0,0,1,2,2,0,KRBKRNvK,DRAW,5r2/8/R1k5/8/2B5/3n4/7K/8 b - - 0 1
1,1,0,0,0,0,0,1,-1,1,0,1,1,1,0,0,0,0,0,16,0,0,7,0,7,0,0,6,6,24,20,0,0,0,0,0,0,0,0,7,1,1,0,0,0,0,2,0,0,0,KRBKRNvK,DRAW,K4B2/8/8/8/4R3/5r2/1n6/k7 w - - 0 1
1,1,0,0,0,0,0,1,-1,1,0,1,1,1,0,0,0,0,0,16,0,0,3,6,6,3,4,4,0,26,18,0,0,0,0,0,0,0,0,7,1,1,0,0,0,0,1,3,0,0,KRBKRNvK,DRAW,8/6K1/8/3k4/8/6Br/5R2/4n3 w - - 0 1
0,1,0,0,0,0,0,1,-1,1,0,1,1,1,0,0,0,0,0,16,0,0,3,0,3,3,3,3,0,18,28,0,0,0,0,0,0,0,0,7,1,1,0,1,0,0,2,4,0,0,KRBKRNvK,DRAW,8/8/7R/8/K2k4/8/3r1nB1/8 b - - 0 1
0,1,0,0,0,0,0,1,-1,1,0,1,1,1,0,0,0,0,0,16,0,0,2,2,0,3,2,4,1,3,0,1,0,0,0,0,0,0,0,7,1,1,0,0,0,0,2,3,1,1,KRBKRNvK,LOSS,8/8/2Br4/8/8/3k4/2nR4/2K5 b - - 0 1
0,1,0,0,0,0,0,1,-1,1,0,1,1,1,0,0,0,0,0,16,0,0,4,5,5,1,1,2,4,25,12,0,0,0,0,0,0,0,0,7,1,1,0,0,0,0,1,2,0,2,KRBKRNvK,DRAW,6R1/6B1/5K2/8/4r2n/8/1k6/8 b - - 0 1
0,1,0,0,0,0,0,1,-1,1,0,1,1,1,0,0,0,0,0,16,0,0,2,5,5,7,3,2,3,21,24,0,0,0,0,0,0,0,0,7,1,1,0,0,0,0,2,2,0,1,KRBKRNvK,DRAW,1n6/B7/5K2/3r4/7k/8/8/R7 b - - 0 1
1,1,0,0,0,0,0,1,-1,1,0,1,1,1,0,0,0,0,0,16,0,0,4,2,5,4,1,2,2,33,25,0,0,0,0,0,0,0,0,7,1,1,0,0,0,0,2,1,2,1,KRBKRNvK,DRAW,8/8/2K1n3/8/3B4/7r/4k3/5R2 w - - 0 1
1,1,0,0,0,0,0,1,-1,1,0,1,1,1,0,0,0,0,0,16,0,0,6,0,1,6,5,5,3,25,22,0,0,0,0,0,0,0,0,7,1,1,0,0,0,0,3,1,1,1,KRBKRNvK,DRAW,8/4n3/6k1/3B3R/8/2r5/K7/8 w - - 0 1
1,1,0,0,0,0,0,1,-1,1,0,1,1,1,0,0,0,0,0,16,0,0,4,1,5,5,5,3,2,21,22,0,0,0,0,0,0,0,0,7,1,1,0,0,0,0,2,3,1,1,KRBKRNvK,DRAW,3R4/8/1K3k2/1B6/1r6/8/8/6n1 w - - 0 1
1,1,0,0,0,0,0,1,-1,1,0,1,1,1,0,0,0,0,0,16,0,0,5,1,7,3,2,5,1,25,19,0,0,0,0,0,0,0,0,7,1,1,0,0,0,0,2,3,0,0,KRBKRNvK,DRAW,1K6/8/8/8/8/3kr1n1/8/B6R w - - 0 1
1,1,0,0,0,0,0,1,-1,1,0,1,1,1,0,0,0,0,0,16,0,0,5,5,2,6,7,2,5,7,0,1,0,0,0,0,0,0,0,7,1,1,0,0,0,0,1,1,0,0,KRBKRNvK,DRAW,6k1/8/4n3/6B1/8/r4K2/8/2R5 w - - 0 1
1,1,0,0,0,0,0,1,-1,1,0,1,1,1,0,0,0,0,0,16,0,0,4,6,4,3,0,2,3,5,0,1,0,0,0,0,0,0,0,7,1,1,0,0,0,0,0,0,0,1,KRBKRNvK,DRAW,8/8/B6R/4n1K1/8/8/8/3k2r1 w - - 0 1
0,1,0,0,0,0,0,1,-1,1,0,1,1,1,0,0,0,0,0,16,0,0,3,1,2,0,5,3,4,5,0,1,0,0,0,0,0,0,0,7,1,1,0,0,0,0,1,2,0,1,KRBKRNvK,DRAW,8/8/k5B1/8/7r/RK6/1n6/8 b - - 0 1
1,1,0,0,0,0,0,1,-1,1,0,1,1,1,0,0,0,0,0,16,0,0,7,5,7,6,0,4,5,5,0,1,0,0,0,0,0,0,0,7,1,1,0,1,0,0,2,2,0,1,KRBKRNvK,DRAW,5K2/1B5n/1R6/8/8/8/3r4/6k1 w - - 0 1
0,1,0,0,0,0,0,1,-1,1,0,1,1,1,0,0,0,0,0,16,0,0,2,4,4,6,4,0,2,2,0,1,0,0,0,0,0,0,0,7,1,1,0,0,0,0,4,1,2,0,KRBKRNvK,LOSS,8/4B3/r3R3/4K1k1/8/8/3n4/8 b - - 0 1
0,1,0,0,0,0,0,1,-1,1,0,1,1,1,0,0,0,0,0,16,0,0,4,7,4,4,0,3,3,17,30,0,0,0,0,0,0,0,0,7,1,1,1,0,0,0,2,0,0,0,KRBKRNvK,DRAW,2n5/5R2/2B5/7K/8/8/8/1r2k3 b - - 0 1
0,1,0,0,0,0,0,1,-1,1,0,1,1,1,0,0,0,0,0,16,0,0,5,7,3,2,0,3,4,19,25,0,0,0,0,0,0,0,0,7,1,1,0,0,0,0,2,3,1,0,KRBKRNvK,DRAW,8/8/5R2/1r6/7K/1nB5/8/2k5 b - - 0 1
0,1,0,0,0,0,0,1,-1,1,0,1,1,1,0,0,0,0,0,16,0,0,4,0,2,1,6,4,4,6,0,1,0,0,0,0,0,0,0,7,1,1,0,0,0,0,1,1,1,0,KRBKRNvK,LOSS,8/1k1n4/8/3B4/8/K7/5R2/7r b - - 0 1
1,1,0,0,0,0,0,1,-1,1,0,1,1,1,0,0,0,0,0,16,0,0,4,2,7,6,5,4,3,16,28,0,0,0,0,0,0,0,0,7,1,1,0,0,0,0,2,2,0,1,KRBKRNvK,DRAW,R1K5/8/4n1k1/8/8/3r4/8/B7 w - - 0 1
0,1,0,0,0,0,0,1,-1,1,0,1,1,1,0,0,0,0,0,16,0,0,5,2,6,5,1,3,3,20,25,0,0,0,0,0,0,0,0,7,1,1,0,0,0,0,2,1,1,2,KRBKRNvK,DRAW,8/2K5/7B/1rn5/6R1/8/5k2/8 b - - 0 1
1,1,0,0,0,0,0,1,-1,1,0,1,1,1,0,0,0,0,0,16,0,0,4,4,5,0,3,1,3,29,18,0,0,0,0,0,0,0,0,7,1,1,1,0,0,0,2,2,0,0,KRBKRNvK,DRAW,n7/7R/4K3/8/kr6/8/8/5B2 w - - 0 1
1,1,0,0,0,0,0,1,-1,1,0,1,1,1,0,0,0,0,0,16,0,0,2,4,0,6,2,3,3,2,0,1,0,0,0,0,0,0,0,7,1,1,0,0,0,0,1,0,1,1,KRBKRNvK,DRAW,1R6/8/8/8/4B3/6k1/6n1/4K2r w - - 0 1
1,1,0,0,0,0,0,1,-1,1,0,1,1,1,0,0,0,0,0,16,0,0,2,1,4,3,4,2,0,30,24,0,0,0,0,0,0,0,0,7,1,1,0,0,0,0,1,3,1,0,KRBKRNvK,DRAW,R7/6r1/3B4/1K1k4/8/8/5n2/8 w - - 0 1
0,1,0,0,0,0,0,1,-1,1,0,1,1,1,0,0,0,0,0,16,0,0,6,7,7,1,4,6,2,21,20,0,0,0,0,0,0,0,0,7,1,1,0,0,0,0,2,2,0,0,KRBKRNvK,DRAW,1B5K/n7/3r4/1k6/4R3/8/8/8 b - - 0 1
0,1,0,0,0,0,0,1,-1,1,0,1,1,1,0,0,0,0,0,16,0,0,3,4,7,6,4,3,2,19,26,0,0,0,0,0,0,0,0,7,1,1,0,0,0,0,2,0,0,0,KRBKRNvK,DRAW,4K3/n2B4/8/6k1/2R5/8/8/r7 b - - 0 1
1,1,0,0,0,0,0,1,-1,1,0,1,1,1,0,0,0,0,0,16,0,0,4,0,2,4,6,4,2,22,21,0,0,0,0,0,0,0,0,7,1,1,0,0,0,0,1,2,0,0,KRBKRNvK,WIN,8/4k3/n7/8/4rBR1/K7/8/8 w - - 0 1
0,1,0,0,0,0,0,1,-1,1,0,1,1,1,0,0,0,0,0,16,0,0,5,1,2,6,6,3,4,23,23,0,0,0,0,0,0,0,0,7,1,1,0,0,0,0,1,0,0,0,KRBKRNvK,DRAW,5r2/6k1/8/8/8/1KR4n/2B5/8 b - - 0 1
0,1,0,0,0,0,0,1,-1,1,0,1,1,1,0,0,0,0,0,16,0,0,7,3,7,3,0,3,3,20,21,0,0,0,0,0,0,0,0,7,1,1,0,0,0,0,0,2,0,0,KRBKRNvK,DRAW,3K4/8/8/7r/RB6/8/8/2nk4 b - - 0 1
1,1,0,0,0,0,0,1,-1,1,0,1,1,1,0,0,0,0,0,16,0,0,7,3,0,5,7,3,4,4,0,1,0,0,0,0,0,0,0,7,1,1,1,0,0,0,0,3,0,1,KRBKRNvK,DRAW,5k2/R7/8/6B1/7r/2n5/8/3K4 w - - 0 1
1,1,0,0,0,0,0,1,-1,1,0,1,1,1,0,0,0,0,0,16,0,0,4,4,6,0,2,2,4,7,0,1,0,0,0,0,0,0,0,7,1,1,0,0,0,0,2,2,0,1,KRBKRNvK,DRAW,1B6/4K3/2n5/7R/8/k7/8/1r6 w - - 0 1
0,1,0,0,0,0,0,1,-1,1,0,1,1,1,0,0,0,0,0,16,0,0,5,0,7,5,4,6,1,4,0,1,0,0,0,0,0,0,0,7,1,1,1,0,0,0,0,2,2,0,KRBKRNvK,DRAW,K7/3B2R1/8/5k2/6n1/1r6/8/8 b - - 0 1
1,1,0,0,0,0,0,1,-1,1,0,1,1,1,0,0,0,0,0,16,0,0,2,5,4,7,6,1,5,30,21,0,0,0,0,0,0,0,0,7,1,1,0,0,0,0,3,1,0,0,KRBKRNvK,DRAW,8/7k/R7/5K2/8/2B5/5n2/1r6 w - - 0 1
0,1,0,0,0,0,0,1,-1,1,0,1,1,1,0,0,0,0,0,16,0,0,5,0,5,5,5,4,2,25,25,0,0,0,0,0,0,0,0,7,1,1,0,0,0,0,1,2,0,0,KRBKRNvK,DRAW,1B6/8/K4k2/8/4r3/n6R/8/8 b - - 0 1
0,1,0,0,0,0,0,1,-1,1,0,1,1,1,0,0,0,0,0,16,0,0,5,7,5,2,7,4,4,24,26,0,0,0,0,0,0,0,0,7,1,1,0,1,0,0,2,2,0,0,KRBKRNvK,DRAW,2k5/2n5/7K/8/8/6R1/3r4/B7 b - - 0 1
0,1,0,0,0,0,0,1,-1,1,0,1,1,1,0,0,0,0,0,16,0,0,5,4,2,4,7,1,3,23,30,0,0,0,0,0,0,0,0,7,1,1,0,0,0,0,3,0,0,0,KRBKRNvK,DRAW,4k3/1n6/7r/8/8/4K3/6B1/R7 b - - 0 1
0,1,0,0,0,0,0,1,-1,1,0,1,1,1,0,0,0,0,0,16,0,0,6,0,1,4,7,5,3,2,0,1,0,0,0,0,0,0,0,7,1,1,0,0,0,0,0,0,0,0,KRBKRNvK,LOSS,r3k2R/8/8/8/B7/8/K7/6n1 b - - 0 1
1,1,0,0,0,0,0,1,-1,1,0,1,1,1,0,0,0,0,0,16,0,0,3,5,2,7,5,2,4,8,0,1,0,0,0,0,0,0,0,7,1,1,0,0,0,0,3,0,0,0,KRBKRNvK,DRAW,8/B7/7k/4R3/8/r4K2/n7/8 w - - 0 1
1,1,0,0,0,0,0,1,-1,1,0,1,1,1,0,0,0,0,0,16,0,0,4,4,7,2,3,3,1,24,18,0,0,0,0,0,0,0,0,7,1,1,1,0,0,0,3,2,0,0,KRBKRNvK,WIN,1B2K3/3R4/7n/8/2k5/8/8/2r5 w - - 0 1
0,1,0,0,0,0,0,1,-1,1,0,1,1,1,0,0,0,0,0,16,0,0,5,2,5,2,0,2,4,23,24,0,0,0,0,0,0,0,0,7,1,1,0,0,0,0,1,3,1,1,KRBKRNvK,DRAW,1R6/3r4/2K5/8/6n1/1B6/8/2k5 b - - 0 1
0,1,0,0,0,0,0,1,-1,1,0,1,1,1,0,0,0,0,0,16,0,0,3,0,4,3,6,3,2,27,15,0,0,0,0,0,0,0,0,7,1,1,0,0,0,0,0,2,0,1,KRBKRNvK,WIN,8/3k4/8/K1n5/3r4/8/8/2R1B3 b - - 0 1
0,1,0,0,0,0,0,1,-1,1,0,1,1,1,0,0,0,0,0,16,0,0,2,5,0,7,0,4,6,19,25,0,0,0,0,0,0,0,0,7,1,1,0,0,0,0,2,0,1,0,KRBKRNvK,DRAW,5n2/1r6/3R4/8/8/8/5B2/5K1k b - - 0 1
1,1,0,0,0,0,0,1,-1,1,0,1,1,1,0,0,0,0,0,16,0,0,4,7,4,6,0,3,5,28,18,0,0,0,0,0,0,0,0,7,1,1,1,1,0,0,3,0,0,0,KRBKRNvK,DRAW,8/4R3/8/7K/8/1B6/1r6/2n3k1 w - - 0 1
1,1,0,0,0,0,0,1,-1,1,0,1,1,1,0,0,0,0,0,16,0,0,6,1,1,4,7,4,3,21,17,0,0,0,0,0,0,0,0,7,1,1,0,1,0,0,2,1,0,0,KRBKRNvK,DRAW,4k3/8/8/6n1/5R2/8/1KB3r1/8 w - - 0 1
0,1,0,0,0,0,0,1,-1,1,0,1,1,1,0,0,0,0,0,16,0,0,2,1,5,3,7,3,3,16,23,0,0,0,0,0,0,0,0,7,1,1,0,0,0,0,0,3,0,1,KRBKRNvK,DRAW,3k4/3r4/1K3n2/6B1/8/8/1R6/8 b - - 0 1
0,1,0,0,0,0,0,1,-1,1,0,1,1,1,0,0,0,0,0,16,0,0,6,0,0,2,6,6,3,7,0,1,0,0,0,0,0,0,0,7,1,1,0,0,0,0,0,2,0,0,KRBKRNvK,DRAW,5B2/2k5/n7/1r6/8/8/2R5/K7 b - - 0 1
0,1,0,0,0,0,0,1,-1,1,0,1,1,1,0,0,0,0,0,16,0,0,3,0,0,2,3,6,1,19,22,0,0,0,0,0,0,0,0,7,1,1,0,0,0,0,0,2,1,1,KRBKRNvK,DRAW,8/2r5/8/8/2k5/8/1n1B1R2/K7 b - - 0 1
0,1,0,0,0,0,0,1,-1,1,0,1,1,1,0,0,0,0,0,16,0,0,4,1,6,0,2,4,4,24,31,0,0,0,0,0,0,0,0,7,1,1,1,0,0,0,3,1,1,0,KRBKRNvK,DRAW,8/1K2R3/8/8/2B2n2/k5r1/8/8 b - - 0 1
0,1,0,0,0,0,0,1,-1,1,0,1,1,1,0,0,0,0,0,16,0,0,4,1,3,5,1,2,3,23,24,0,0,0,0,0,0,0,0,7,1,1,0,0,0,0,0,2,0,0,KRBKRNvK,DRAW,2nr4/8/R7/8/BK6/8/5k2/8 b - - 0 1
1,1,0,0,0,0,0,1,-1,1,0,1,1,1,0,0,0,0,0,16,0,0,2,1,5,3,3,3,0,5,0,1,0,0,0,0,0,0,0,7,1,1,0,1,0,0,0,3,1,0,KRBKRNvK,LOSS,8/B7/1K4n1/8/3k4/2R5/1r6/8 w - - 0 1
0,1,0,0,0,0,0,1,-1,1,0,1,1,1,0,0,0,0,0,16,0,0,3,3,7,3,4,3,0,4,0,1,0,0,0,0,0,0,0,7,1,1,0,0,0,0,3,3,2,1,KRBKRNvK,DRAW,n2K4/8/2r5/3k4/5R2/1B6/8/8 b - - 0 1
1,1,0,0,0,0,0,1,-1,1,0,1,1,1,0,0,0,0,0,16,0,0,6,2,1,1,7,3,5,20,22,0,0,0,0,0,0,0,0,7,1,1,0,0,0,0,0,2,0,1,KRBKRNvK,DRAW,1k3B2/8/8/5r2/8/8/n1K5/2R5 w - - 0 1
0,1,0,0,0,0,0,1,-1,1,0,1,1,1,0,0,0,0,0,16,0,0,3,4,7,7,7,3,6,3,0,1,0,0,0,0,0,0,0,7,1,1,1,0,0,0,3,2,0,1,KRBKRNvK,DRAW,4K1nk/4R3/8/5r2/8/2B5/8/8 b - - 0 1
0,1,0,0,0,0,0,1,-1,1,0,1,1,1,0,0,0,0,0,16,0,0,2,5,5,6,7,2,5,24,20,0,0,0,0,0,0,0,0,7,1,1,0,0,0,0,3,1,0,1,KRBKRNvK,DRAW,6k1/8/B4K2/5n2/2R5/8/8/6r1 b - - 0 1
0,1,0,0,0,0,0,1,-1,1,0,1,1,1,0,0,0,0,0,16,0,0,3,3,2,1,5,1,3,20,29,0,0,0,0,0,0,0,0,7,1,1,1,0,0,0,3,2,0,1,KRBKRNvK,DRAW,7n/7R/1k6/8/2r5/3K1B2/8/8 b - - 0 1
1,1,0,0,0,0,0,1,-1,1,0,1,1,1,0,0,0,0,0,16,0,0,3,6,0,3,3,5,0,24,22,0,0,0,0,0,0,0,0,7,1,1,0,0,0,0,0,3,1,0,KRBKRNvK,DRAW,7r/8/8/1B6/3k4/8/1n6/2R3K1 w - - 0 1
1,1,0,0,0,0,0,1,-1,1,0,1,1,1,0,0,0,0,0,16,0,0,7,0,4,7,1,3,5,3,0,1,0,0,0,0,0,0,0,7,1,1,0,0,0,0,0,1,0,0,KRBKRNvK,DRAW,r7/8/5R2/K7/1B6/4n3/7k/8 w - - 0 1
0,1,0,0,0,0,0,1,-1,1,0,1,1,1,0,0,0,0,0,16,0,0,3,6,5,3,7,3,3,24,22,0,0,0,0,0,0,0,0,7,1,1,0,0,0,0,1,2,0,1,KRBKRNvK,DRAW,3k4/8/6K1/8/6n1/6BR/8/4r3 b - - 0 1
0,1,0,0,0,0,0,1,-1,1,0,1,1,1,0,0,0,0,0,16,0,0,4,3,3,6,7,0,5,20,25,0,0,0,0,0,0,0,0,7,1,1,1,0,0,0,3,2,0,1,KRBKRNvK,DRAW,6k1/2R5/8/4r3/3K1B2/8/8/3n4 b - - 0 1
0,1,0,0,0,0,0,1,-1,1,0,1,1,1,0,0,0,0,0,16,0,0,5,3,7,0,2,3,4,18,24,0,0,0,0,0,0,0,0,7,1,1,0,1,0,0,1,1,1,1,KRBKRNvK,DRAW,3K4/8/3n4/8/8/kB4R1/r7/8 b - - 0 1
0,1,0,0,0,0,0,1,-1,1,0,1,1,1,0,0,0,0,0,16,0,0,3,5,5,4,2,2,1,4,0,1,0,0,0,0,0,0,0,7,1,1,0,0,0,0,2,3,2,0,KRBKRNvK,DRAW,8/8/5K2/8/n7/2B1k1R1/8/3r4 b - - 0 1
1,1,0,0,0,0,0,1,-1,1,0,1,1,1,0,0,0,0,0,16,0,0,4,3,7,3,3,3,0,22,24,0,0,0,0,0,0,0,0,7,1,1,0,0,0,0,0,3,0,0,KRBKRNvK,DRAW,3K2R1/4B3/8/nr6/3k4/8/8/8 w - - 0 1
0,1,0,0,0,0,0,1,-1,1,0,1,1,1,0,0,0,0,0,16,0,0,2,2,1,4,2,3,1,4,0,1,0,0,0,0,0,0,0,7,1,1,0,0,0,0,0,3,2,0,KRBKRNvK,DRAW,8/3r4/n7/8/8/4k1R1/2K5/3B4 b - - 0 1
1,1,0,0,0,0,0,1,-1,1,0,1,1,1,0,0,0,0,0,16,0,0,3,2,3,5,2,1,2,25,17,0,0,0,0,0,0,0,0,7,1,1,0,0,0,0,3,1,2,1,KRBKRNvK,DRAW,8/7n/8/8/2K3R1/r4k2/3B4/8 w - - 0 1
0,1,0,0,0,0,0,1,-1,1,0,1,1,1,0,0,0,0,0,16,0,0,3,2,7,0,4,4,3,21,24,0,0,0,0,0,0,0,0,7,1,1,0,1,0,0,2,0,0,0,KRBKRNvK,DRAW,2K5/8/8/k5B1/6R1/8/7r/2n5 b - - 0 1
0,1,0,0,0,0,0,1,-1,1,0,1,1,1,0,0,0,0,0,16,0,0,4,5,7,1,3,4,2,20,24,0,0,0,0,0,0,0,0,7,1,1,0,0,0,0,1,0,0,0,KRBKRNvK,DRAW,2R2K2/5B2/8/8/1k6/n6r/8/8 b - - 0 1
1,1,0,0,0,0,0,1,-1,1,0,1,1,1,0,0,0,0,0,16,0,0,2,1,5,1,7,3,5,4,0,1,0,0,0,0,0,0,0,7,1,1,0,1,0,0,2,0,0,0,KRBKRNvK,DRAW,1k6/8/1K6/6B1/8/8/1r6/1n1R4 w - - 0 1
0,1,0,0,0,0,0,1,-1,1,0,1,1,1,0,0,0,0,0,16,0,0,7,0,3,7,2,3,4,22,21,0,0,0,0,0,0,0,0,7,1,1,0,0,0,0,2,3,1,0,KRBKRNvK,DRAW,8/8/8/5r2/K7/6nk/1B6/6R1 b - - 0 1
0,1,0,0,0,0,0,1,-1,1,0,1,1,1,0,0,0,0,0,16,0,0,4,0,7,4,7,6,3,23,23,0,0,0,0,0,0,0,0,7,1,1,0,0,0,0,3,2,0,0,KRBKRNvK,DRAW,K3k3/4n3/8/5r2/6R1/6B1/8/8 b - - 0 1
1,1,0,0,0,0,0,1,-1,1,0,1,1,1,0,0,0,0,0,16,0,0,6,2,1,2,7,3,4,26,23,0,0,0,0,0,0,0,0,7,1,1,0,0,0,0,2,0,0,0,KRBKRNvK,DRAW,2k5/6n1/1r6/7R/8/8/B1K5/8 w - - 0 1
1,1,0,0,0,0,0,1,-1,1,0,1,1,1,0,0,0,0,0,16,0,0,2,5,3,4,1,1,2,4,0,1,0,0,0,0,0,0,0,7,1,1,0,0,0,0,4,2,0,1,KRBKRNvK,LOSS,8/8/8/8/R4K1r/2n5/4k3/7B w - - 0 1
1,1,0,0,0,0,0,1,-1,1,0,1,1,1,0,0,0,0,0,16,0,0,4,3,5,7,1,1,5,3,0,1,0,0,0,0,0,0,0,7,1,1,0,0,0,0,2,0,0,1,KRBKRNvK,DRAW,8/4B3/2rK4/n5R1/8/8/7k/8 w - - 0 1
0,1,0,0,0,0,0,1,-1,1,0,1,1,1,0,0,0,0,0,16,0,0,5,7,4,2,4,3,1,29,23,0,0,0,0,0,0,0,0,7,1,1,0,0,0,0,1,3,0,0,KRBKRNvK,DRAW,8/8/3r4/2k4K/8/2n5/2B2R2/8 b - - 0 1
1,1,0,0,0,0,0,1,-1,1,0,1,1,1,0,0,0,0,0,16,0,0,4,2,0,1,4,4,2,32,28,0,0,0,0,0,0,0,0,7,1,1,0,0,0,0,1,1,1,1,KRBKRNvK,DRAW,8/8/8/1k6/3B1n2/r7/6R1/2K5 w - - 0 1
0,1,0,0,0,0,0,1,-1,1,0,1,1,1,0,0,0,0,0,16,0,0,2,5,6,5,4,3,1,24,20,0,0,0,0,0,0,0,0,7,1,1,1,0,0,0,0,2,1,0,KRBKRNvK,DRAW,8/R4K2/8/5k2/7B/4r3/5n2/8 b - - 0 1
0,1,0,0,0,0,0,1,-1,1,0,1,1,1,0,0,0,0,0,16,0,0,3,1,7,4,7,5,3,3,0,1,0,0,0,0,0,0,0,7,1,1,0,0,0,0,2,1,1,1,KRBKRNvK,DRAW,1K2k1R1/8/r7/8/8/6n1/6B1/8 b - - 0 1
1,1,0,0,0,0,0,1,-1,1,0,1,1,1,0,0,0,0,0,16,0,0,2,1,2,1,4,3,2,24,24,0,0,0,0,0,0,0,0,7,1,1,0,0,0,0,3,0,0,1,KRBKRNvK,DRAW,8/5r2/8/1k1n4/8/1K6/4RB2/8 w - - 0 1
0,1,0,0,0,0,0,1,-1,1,0,1,1,1,0,0,0,0,0,16,0,0,4,6,1,2,2,4,2,7,0,1,0,0,0,0,0,0,0,7,1,1,0,0,0,0,0,3,0,1,KRBKRNvK,DRAW,8/4r3/8/8/4n1B1/2k4R/6K1/8 b - - 0 1
1,1,0,0,0,0,0,1,-1,1,0,1,1,1,0,0,0,0,0,16,0,0,2,6,1,6,3,4,2,24,21,0,0,0,0,0,0,0,0,7,1,1,0,0,0,0,1,2,0,1,KRBKRNvK,DRAW,n5B1/8/8/8/6k1/4r3/1R4K1/8 w - - 0 1
1,1,0,0,0,0,0,1,-1,1,0,1,1,1,0,0,0,0,0,16,0,0,6,6,0,0,2,5,4,3,0,1,0,0,0,0,0,0,0,7,1,1,0,0,0,0,2,2,0,1,KRBKRNvK,DRAW,3B4/8/8/5r2/8/k6n/4R3/6K1 w - - 0 1
1,1,0,0,0,0,0,1,-1,1,0,1,1,1,0,0,0,0,0,16,0,0,3,5,3,3,0,1,3,6,0,1,0,0,0,0,0,0,0,7,1,1,0,0,0,0,3,2,0,0,KRBKRNvK,LOSS,n7/8/1R6/4B3/2r2K2/8/8/3k4 w - - 0 1
0,1,0,0,0,0,0,1,-1,1,0,1,1,1,0,0,0,0,0,16,0,0,5,2,2,7,7,2,6,3,0,1,0,0,0,0,0,0,0,7,1,1,0,1,0,0,1,0,0,1,KRBKRNvK,DRAW,7k/8/1R6/n3B3/8/2K5/5r2/8 b - - 0 1
0,1,0,0,0,0,0,1,-1,1,0,1,1,1,0,0,0,0,0,16,0,0,5,1,4,6,5,2,3,25,27,0,0,0,0,0,0,0,0,7,1,1,0,0,0,0,1,2,0,0,KRBKRNvK,DRAW,3r4/B7/6k1/1K5n/8/8/8/R7 b - - 0 1
1,1,0,0,0,0,0,1,-1,1,0,1,1,1,0,0,0,0,0,16,0,0,2,3,7,5,6,3,3,17,26,0,0,0,0,0,0,0,0,7,1,1,0,0,0,0,0,1,0,1,KRBKRNvK,DRAW,R1BK4/5k2/3n4/8/8/8/8/7r w - - 0 1
0,1,0,0,0,0,0,1,-1,1,0,1,1,1,0,0,0,0,0,16,0,0,4,6,1,2,4,4,1,21,25,0,0,0,0,0,0,0,0,7,1,1,1,0,0,0,1,2,1,0,KRBKRNvK,DRAW,8/2B2R2/8/2k5/8/r7/6K1/n7 b - - 0 1
1,1,0,0,0,0,0,1,-1,1,0,1,1,1,0,0,0,0,0,16,0,0,5,1,5,3,0,3,3,27,20,0,0,0,0,0,0,0,0,7,1,1,0,0,0,0,2,0,1,0,KRBKRNvK,DRAW,6r1/8/1K2R3/8/8/8/8/1n1k1B2 w - - 0 1
1,1,0,0,0,0,0,1,-1,1,0,1,1,1,0,0,0,0,0,16,0,0,4,1,3,5,4,2,1,26,21,0,0,0,0,0,0,0,0,7,1,1,0,1,0,0,3,2,2,1,KRBKRNvK,DRAW,8/n7/8/5k2/1K6/3R1B2/r7/8 w - - 0 1
1,1,0,0,0,0,0,1,-1,1,0,1,1,1,0,0,0,0,0,16,0,0,4,4,5,0,5,1,4,22,22,0,0,0,0,0,0,0,0,7,1,1,0,0,0,0,3,0,0,1,KRBKRNvK,DRAW,5r2/8/k3K3/6B1/8/4R3/8/5n2 w - - 0 1
0,1,0,0,0,0,0,1,-1,1,0,1,1,1,0,0,0,0,0,16,0,0,2,5,1,4,3,3,0,5,0,1,0,0,0,0,0,0,0,7,1,1,0,0,0,0,1,3,0,0,KRBKRNvK,DRAW,n7/8/Rr6/8/4k3/8/5K2/7B b - - 0 1
0,1,0,0,0,0,0,1,-1,1,0,1,1,1,0,0,0,0,0,16,0,0,4,2,4,6,1,1,4,4,0,1,0,0,0,0,0,0,0,7,1,1,0,0,0,0,3,2,2,1,KRBKRNvK,DRAW,8/8/8/2K5/1r2B1R1/8/6k1/3n4 b - - 0 1
1,1,0,0,0,0,0,1,-1,1,0,1,1,1,0,0,0,0,0,16,0,0,4,2,0,4,4,4,0,23,22,0,0,0,0,0,0,0,0,7,1,1,0,1,0,0,2,3,0,0,KRBKRNvK,DRAW,3B4/8/7n/4k3/1R6/8/6r1/2K5 w - - 0 1
1,1,0,0,0,0,0,1,-1,1,0,1,1,1,0,0,0,0,0,16,0,0,6,7,5,1,7,4,5,4,0,1,0,0,0,0,0,0,0,7,1,1,0,0,0,0,2,1,0,0,KRBKRNvK,LOSS,1k6/8/1n5K/8/2R5/8/8/2B4r w - - 0 1
0,1,0,0,0,0,0,1,-1,1,0,1,1,1,0,0,0,0,0,16,0,0,2,2,7,0,6,4,5,0,0,1,0,0,0,0,0,0,0,7,1,1,0,0,0,0,1,0,1,0,KRBKRNvK,LOSS,2K5/k7/8/2B5/8/R6r/7n/8 b - - 0 1
0,1,0,0,0,0,0,1,-1,1,0,1,1,1,0,0,0,0,0,16,0,0,6,1,1,7,3,4,3,24,27,0,0,0,0,0,0,0,0,7,1,1,0,0,0,0,1,2,0,0,KRBKRNvK,DRAW,8/8/3r4/1n6/7k/1B6/1K6/R7 b - - 0 1
0,1,0,0,0,0,0,1,-1,1,0,1,1,1,0,0,0,0,0,16,0,0,6,1,5,7,3,3,3,6,0,1,0,0,0,0,0,0,0,7,1,1,0,0,0,0,2,2,0,0,KRBKRNvK,DRAW,8/8/1K6/8/R6k/8/n1B5/4r3 b - - 0 1
1,1,0,0,0,0,0,1,-1,1,0,1,1,1,0,0,0,0,0,16,0,0,2,6,3,7,1,2,5,5,0,1,0,0,0,0,0,0,0,7,1,1,0,0,0,0,2,2,0,0,KRBKRNvK,DRAW,8/8/8/2R5/1n1r2K1/8/3B3k/8 w - - 0 1
0,1,0,0,0,0,0,1,-1,1,0,1,1,1,0,0,0,0,0,16,0,0,4,3,3,7,5,0,4,25,19,0,0,0,0,0,0,0,0,7,1,1,0,0,0,0,3,2,0,1,KRBKRNvK,DRAW,4r3/8/7k/1Rn5/3K4/8/8/1B6 b - - 0 1
1,1,0,0,0,0,0,1,-1,1,0,1,1,1,0,0,0,0,0,16,0,0,4,4,1,4,5,2,1,28,11,0,0,0,0,0,0,0,0,7,1,1,0,0,0,0,2,2,1,0,KRBKRNvK,DRAW,8/8/4k1r1/R5B1/8/8/4K3/1n6 w - - 0 1
1,1,0,0,0,0,0,1,-1,1,0,1,1,1,0,0,0,0,0,16,0,0,2,0,2,0,4,4,3,24,17,0,0,0,0,0,0,0,0,7,1,1,0,0,0,0,3,0,0,1,KRBKRNvK,DRAW,8/1r3B2/8/k7/4R3/K7/8/n7 w - - 0 1
0,1,0,0,0,0,0,1,-1,1,0,1,1,1,0,0,0,0,0,16,0,0,6,1,0,0,6,5,5,24,24,0,0,0,0,0,0,0,0,7,1,1,0,0,0,0,0,0,0,0,KRBKRNvK,DRAW,8/k7/7B/4n3/8/6r1/1R6/1K6 b - - 0 1
1,1,0,0,0,0,0,1,-1,1,0,1,1,1,0,0,0,0,0,16,0,0,4,1,1,5,0,4,4,27,22,0,0,0,0,0,0,0,0,7,1,1,0,0,0,0,2,2,0,1,KRBKRNvK,DRAW,8/8/1B6/8/7R/3r4/1K2n3/5k2 w - - 0 1
0,1,0,0,0,0,0,1,-1,1,0,1,1,1,0,0,0,0,0,16,0,0,5,6,2,2,7,3,4,5,0,1,0,0,0,0,0,0,0,7,1,1,0,0,0,0,0,0,0,0,KRBKRNvK,DRAW,2k2r2/8/8/8/8/6KB/n7/7R b - - 0 1
1,1,0,0,0,0,0,1,-1,1,0,1,1,1,0,0,0,0,0,16,0,0,3,2,3,5,6,1,3,5,0,1,0,0,0,0,0,0,0,7,1,1,0,0,0,0,3,2,1,1,KRBKRNvK,DRAW,B2R4/5k2/8/n7/2K3r1/8/8/8 w - - 0 1
0,1,0,0,0,0,0,1,-1,1,0,1,1,1,0,0,0,0,0,16,0,0,3,6,7,4,4,5,0,7,0,1,0,0,0,0,0,0,0,7,1,1,0,0,0,0,3,3,1,0,KRBKRNvK,DRAW,6K1/8/8/4k3/6R1/1r6/4n2B/8 b - - 0 1
1,1,0,0,0,0,0,1,-1,1,0,1,1,1,0,0,0,0,0,16,0,0,2,5,4,7,6,1,5,3,0,1,0,0,0,0,0,0,0,7,1,1,0,0,0,0,2,1,1,2,KRBKRNvK,DRAW,8/7k/5R2/5K1r/8/6n1/8/3B4 w - - 0 1
0,1,0,0,0,0,0,1,-1,1,0,1,1,1,0,0,0,0,0,16,0,0,5,1,0,6,0,5,5,4,0,1,0,0,0,0,0,0,0,7,1,1,0,0,0,0,2,2,0,0,KRBKRNvK,DRAW,n2r4/8/6R1/8/8/8/1B6/1K4k1 b - - 0 1
0,1,0,0,0,0,0,1,-1,1,0,1,1,1,0,0,0,0,0,16,0,0,5,6,6,4,1,4,2,6,0,1,0,0,0,0,0,0,0,7,1,1,0,0,0,0,1,2,1,0,KRBKRNvK,DRAW,8/6K1/2n5/8/3B4/8/R3k3/1r6 b - - 0 1
0,1,0,0,0,0,0,1,-1,1,0,1,1,1,0,0,0,0,0,16,0,0,6,6,7,5,1,5,3,4,0,1,0,0,0,0,0,0,0,7,1,1,0,0,0,0,2,0,2,1,KRBKRNvK,DRAW,6K1/1n3r2/8/8/8/8/5k2/3R2B1 b - - 0 1
1,1,0,0,0,0,0,1,-1,1,0,1,1,1,0,0,0,0,0,16,0,0,7,7,7,5,0,6,4,23,22,0,0,0,0,0,0,0,0,7,1,1,0,1,0,0,2,2,0,0,KRBKRNvK,DRAW,7K/8/1R6/8/8/6n1/4r3/B4k2 w - - 0 1
0,1,0,0,0,0,0,1,-1,1,0,1,1,1,0,0,0,0,0,16,0,0,3,6,3,3,5,2,1,6,0,1,0,0,0,0,0,0,0,7,1,1,0,1,0,0,1,2,0,0,KRBKRNvK,LOSS,6n1/8/3k4/8/6K1/8/r4R1B/8 b - - 0 1
0,1,0,0,0,0,0,1,-1,1,0,1,1,1,0,0,0,0,0,16,0,0,6,0,2,6,7,4,5,20,24,0,0,0,0,0,0,0,0,7,1,1,0,0,0,0,2,2,1,1,KRBKRNvK,DRAW,3n2k1/6B1/8/8/2r5/K7/8/6R1 b - - 0 1
1,1,0,0,0,0,0,1,-1,1,0,1,1,1,0,0,0,0,0,16,0,0,5,2,2,7,3,2,3,29,23,0,0,0,0,0,0,0,0,7,1,1,0,0,0,0,1,2,0,1,KRBKRNvK,DRAW,8/4r3/1B6/8/7k/2K5/R7/2n5 w - - 0 1
1,1,0,0,0,0,0,1,-1,1,0,1,1,1,0,0,0,0,0,16,0,0,4,4,6,0,3,2,3,22,20,0,0,0,0,0,0,0,0,7,1,1,1,1,0,0,1,2,1,0,KRBKRNvK,DRAW,8/2R1K3/8/8/k7/8/B2r2n1/8 w - - 0 1
1,1,0,0,0,0,0,1,-1,1,0,1,1,1,0,0,0,0,0,16,0,0,3,4,3,4,6,0,2,29,18,0,0,0,0,0,0,0,0,7,1,1,0,0,0,0,3,0,0,0,KRBKRNvK,DRAW,8/1nr1k3/8/8/4K3/7B/R7/8 w - - 0 1
1,1,0,0,0,0,0,1,-1,1,0,1,1,1,0,0,0,0,0,16,0,0,3,2,4,5,5,1,2,5,0,1,0,0,0,0,0,0,0,7,1,1,0,0,0,0,2,2,0,0,KRBKRNvK,DRAW,2n5/8/5k2/2K2r2/8/1B6/8/1R6 w - - 0 1
0,1,0,0,0,0,0,1,-1,1,0,1,1,1,0,0,0,0,0,16,0,0,4,4,0,7,4,3,3,20,24,0,0,0,0,0,0,0,0,7,1,1,0,0,0,0,0,0,0,0,KRBKRNvK,DRAW,3Bn3/2r5/8/7k/8/8/1R6/4K3 b - - 0 1
0,1,0,0,0,0,0,1,-1,1,0,1,1,1,0,0,0,0,0,16,0,0,3,3,7,2,4,3,1,19,28,0,0,0,0,0,0,0,0,7,1,1,0,0,0,0,3,3,1,0,KRBKRNvK,DRAW,3K4/6B1/4R3/2k4r/8/8/8/4n3 b - - 0 1
0,1,0,0,0,0,0,1,-1,1,0,1,1,1,0,0,0,0,0,16,0,0,2,5,5,7,6,2,5,22,27,0,0,0,0,0,0,0,0,7,1,1,0,0,0,0,3,2,0,1,KRBKRNvK,DRAW,3R4/6rk/5K2/2B5/8/5n2/8/8 b - - 0 1
1,1,0,0,0,0,0,1,-1,1,0,1,1,1,0,0,0,0,0,16,0,0,4,6,5,7,1,3,5,8,0,1,0,0,0,0,0,0,0,7,1,1,0,0,0,0,2,0,1,0,KRBKRNvK,DRAW,8/8/r5K1/8/6B1/3R4/7k/1n6 w - - 0 1
1,1,0,0,0,0,0,1,-1,1,0,1,1,1,0,0,0,0,0,16,0,0,3,3,1,6,0,2,5,18,22,0,0,0,0,0,0,0,0,7,1,1,0,0,0,0,2,2,0,0,KRBKRNvK,DRAW,4r3/6n1/8/8/8/3R4/3K4/1B4k1 w - - 0 1
0,1,0,0,0,0,0,1,-1,1,0,1,1,1,0,0,0,0,0,16,0,0,6,7,0,4,6,6,2,21,23,0,0,0,0,0,0,0,0,7,1,1,0,0,0,0,2,2,1,0,KRBKRNvK,DRAW,8/4k3/8/6R1/4r3/6B1/8/n6K b - - 0 1
1,1,0,0,0,0,0,1,-1,1,0,1,1,1,0,0,0,0,0,16,0,0,7,7,4,0,0,3,6,3,0,1,0,0,0,0,0,0,0,7,1,1,0,0,0,0,2,1,0,2,KRBKRNvK,DRAW,8/5n1r/8/3R3K/8/8/3B4/k7 w - - 0 1
1,1,0,0,0,0,0,1,-1,1,0,1,1,1,0,0,0,0,0,16,0,0,5,1,2,5,7,3,4,28,19,0,0,0,0,0,0,0,0,7,1,1,0,0,0,0,1,1,0,0,KRBKRNvK,DRAW,5kr1/B7/4n3/8/8/1K6/2R5/8 w - - 0 1
0,1,0,0,0,0,0,1,-1,1,0,1,1,1,0,0,0,0,0,16,0,0,3,5,2,3,5,2,1,5,0,1,0,0,0,0,0,0,0,7,1,1,0,0,0,0,3,4,0,1,KRBKRNvK,DRAW,8/B7/2nk4/8/8/3R1K2/8/4r3 b - - 0 1
0,1,0,0,0,0,0,1,-1,1,0,1,1,1,0,0,0,0,0,16,0,0,5,0,2,5,0,4,4,3,0,1,0,0,0,0,0,0,0,7,1,1,1,0,0,0,1,2,1,1,KRBKRNvK,LOSS,8/4rR2/8/n7/8/K2B4/8/5k2 b - - 0 1
0,1,0,0,0,0,0,1,-1,1,0,1,1,1,0,0,0,0,0,16,0,0,6,6,2,0,0,3,6,1,0,1,0,0,0,0,0,0,0,7,1,1,0,0,0,0,2,2,1,0,KRBKRNvK,DRAW,4r3/8/3n4/8/8/2B3K1/8/k6R b - - 0 1
1,1,0,0,0,0,0,1,-1,1,0,1,1,1,0,0,0,0,0,16,0,0,6,2,0,0,6,4,5,26,21,0,0,0,0,0,0,0,0,7,1,1,1,0,0,0,2,3,1,1,KRBKRNvK,DRAW,8/kB4R1/4n3/8/8/4r3/8/2K5 w - - 0 1
0,1,0,0,0,0,0,1,-1,1,0,1,1,1,0,0,0,0,0,16,0,0,2,0,0,2,0,6,4,18,19,0,0,0,0,0,0,0,0,7,1,1,0,0,0,0,1,2,0,0,KRBKRNvK,DRAW,8/B7/8/6n1/8/8/6R1/K1k1r3 b - - 0 1
1,1,0,0,0,0,0,1,-1,1,0,1,1,1,0,0,0,0,0,16,0,0,2,1,1,3,3,4,0,6,0,1,0,0,0,0,0,0,0,7,1,1,0,0,0,0,0,4,1,1,KRBKRNvK,DRAW,8/8/5R2/8/n2k3r/8/1K6/2B5 w - - 0 1
1,1,0,0,0,0,0,1,-1,1,0,1,1,1,0,0,0,0,0,16,0,0,2,5,5,7,4,2,3,24,13,0,0,0,0,0,0,0,0,7,1,1,0,0,0,0,3,0,1,0,KRBKRNvK,WIN,8/1n6/5K2/7k/5R2/8/5B2/5r2 w - - 0 1
1,1,0,0,0,0,0,1,-1,1,0,1,1,1,0,0,0,0,0,16,0,0,3,7,7,7,4,6,3,22,21,0,0,0,0,0,0,0,0,7,1,1,0,0,0,0,2,0,0,0,KRBKRNvK,DRAW,3Bn2K/8/r7/7k/8/8/3R4/8 w - - 0 1
1,1,0,0,0,0,0,1,-1,1,0,1,1,1,0,0,0,0,0,16,0,0,5,0,4,5,1,3,3,3,0,1,0,0,0,0,0,0,0,7,1,1,0,1,0,0,2,0,0,0,KRBKRNvK,DRAW,8/8/8/K4B2/1R6/8/r4k2/n7 w - - 0 1
0,1,0,0,0,0,0,1,-1,1,0,1,1,1,0,0,0,0,0,16,0,0,2,3,1,4,3,2,0,21,18,0,0,0,0,0,0,0,0,7,1,1,0,0,0,0,2,3,1,0,KRBKRNvK,WIN,8/8/8/6r1/n3k3/3R4/3K4/2B5 b - - 0 1
1,1,0,0,0,0,0,1,-1,1,0,1,1,1,0,0,0,0,0,16,0,0,4,7,7,5,3,6,1,3,0,1,0,0,0,0,0,0,0,7,1,1,0,0,0,0,2,3,2,0,KRBKRNvK,LOSS,7K/8/2n5/4RB1r/5k2/8/8/8 w - - 0 1
0,1,0,0,0,0,0,1,-1,1,0,1,1,1,0,0,0,0,0,16,0,0,5,1,0,5,5,5,2,15,31,0,0,0,0,0,0,0,0,7,1,1,0,0,0,0,2,1,2,0,KRBKRNvK,DRAW,5r2/7n/5k2/3B4/7R/8/8/1K6 b - - 0 1
1,1,0,0,0,0,0,1,-1,1,0,1,1,1,0,0,0,0,0,16,0,0,4,7,2,7,6,4,5,5,0,1,0,0,0,0,0,0,0,7,1,1,0,0,0,0,2,0,0,0,KRBKRNvK,DRAW,8/7k/8/4n3/3R4/1r5K/8/5B2 w - - 0 1
1,1,0,0,0,0,0,1,-1,1,0,1,1,1,0,0,0,0,0,16,0,0,5,6,2,7,7,3,6,28,19,0,0,0,0,0,0,0,0,7,1,1,0,0,0,0,1,0,0,1,KRBKRNvK,DRAW,7k/6n1/8/2B5/8/1R4K1/8/7r w - - 0 1
1,1,0,0,0,0,0,1,-1,1,0,1,1,1,0,0,0,0,0,16,0,0,2,0,7,2,7,6,4,25,21,0,0,0,0,0,0,0,0,7,1,1,0,0,0,0,1,0,0,0,KRBKRNvK,DRAW,K1k5/8/8/8/4B3/1r6/6R1/4n3 w - - 0 1
0,1,0,0,0,0,0,1,-1,1,0,1,1,1,0,0,0,0,0,16,0,0,3,3,6,6,3,2,2,26,20,0,0,0,0,0,0,0,0,7,1,1,0,0,0,0,0,3,0,1,KRBKRNvK,DRAW,4r3/3K4/8/8/RB4k1/8/4n3/8 b - - 0 1
1,1,0,0,0,0,0,1,-1,1,0,1,1,1,0,0,0,0,0,16,0,0,2,4,7,2,6,3,3,22,19,0,0,0,0,0,0,0,0,7,1,1,0,1,0,0,2,0,2,1,KRBKRNvK,DRAW,B1n1K3/2k5/8/4R3/8/8/2r5/8 w - - 0 1
0,1,0,0,0,0,0,1,-1,1,0,1,1,1,0,0,0,0,0,16,0,0,4,2,1,4,5,3,1,23,29,0,0,0,0,0,0,0,0,7,1,1,0,0,0,0,3,2,0,0,KRBKRNvK,DRAW,8/8/4k2n/r7/8/5B2/2KR4/8 b - - 0 1
1,1,0,0,0,0,0,1,-1,1,0,1,1,1,0,0,0,0,0,16,0,0,3,7,2,4,4,4,0,23,30,0,0,0,0,0,0,0,0,7,1,1,0,0,0,0,0,3,0,0,KRBKRNvK,DRAW,8/8/8/4k3/r7/4n2K/6R1/4B3 w - - 0 1
0,1,0,0,0,0,0,1,-1,1,0,1,1,1,0,0,0,0,0,16,0,0,7,4,7,3,0,3,3,3,0,1,0,0,0,0,0,0,0,7,1,1,0,0,0,0,1,2,1,0,KRBKRNvK,DRAW,4K1B1/8/8/3n4/6r1/8/8/1R1k4 b - - 0 1
1,1,0,0,0,0,0,1,-1,1,0,1,1,1,0,0,0,0,0,16,0,0,5,0,4,5,7,3,4,26,23,0,0,0,0,0,0,0,0,7,1,1,0,0,0,0,1,2,1,0,KRBKRNvK,DRAW,5k2/3r1B2/8/K7/4n3/1R6/8/8 w - - 0 1
1,1,0,0,0,0,0,1,-1,1,0,1,1,1,0,0,0,0,0,16,0,0,3,1,0,0,3,5,3,21,16,0,0,0,0,0,0,0,0,7,1,1,0,0,0,0,0,0,0,0,KRBKRNvK,DRAW,2RB4/r7/n7/8/k7/8/8/1K6 w - - 0 1
1,1,0,0,0,0,0,1,-1,1,0,1,1,1,0,0,0,0,0,16,0,0,3,1,4,2,1,2,3,31,20,0,0,0,0,0,0,0,0,7,1,1,0,1,0,0,3,2,1,0,KRBKRNvK,DRAW,8/8/8/1K5n/5R2/8/1Bkr4/8 w - - 0 1
1,1,0,0,0,0,0,1,-1,1,0,1,1,1,0,0,0,0,0,16,0,0,4,7,4,3,5,3,1,5,0,1,0,0,0,0,0,0,0,7,1,1,0,0,0,0,2,2,0,1,KRBKRNvK,DRAW,B7/8/3k4/5r1K/4n3/6R1/8/8 w - - 0 1
1,1,0,0,0,0,0,1,-1,1,0,1,1,1,0,0,0,0,0,16,0,0,6,6,6,0,0,4,6,20,24,0,0,0,0,0,0,0,0,7,1,1,0,0,0,0,0,1,0,0,KRBKRNvK,DRAW,5B2/6K1/6R1/8/5n2/8/8/k6r w - - 0 1
0,1,0,0,0,0,0,1,-1,1,0,1,1,1,0,0,0,0,0,16,0,0,4,3,1,7,2,2,4,23,27,0,0,0,0,0,0,0,0,7,1,1,0,0,0,0,3,0,0,1,KRBKRNvK,DRAW,8/6B1/2r5/1R6/8/7k/3K4/3n4 b - - 0 1
1,1,0,0,0,0,0,1,-1,1,0,1,1,1,0,0,0,0,0,16,0,0,6,0,3,6,2,3,3,3,0,1,0,0,0,0,0,0,0,7,1,1,0,0,0,0,0,1,1,2,KRBKRNvK,DRAW,5R2/8/8/2n3B1/K7/2r3k1/8/8 w - - 0 1
0,1,0,0,0,0,0,1,-1,1,0,1,1,1,0,0,0,0,0,16,0,0,3,3,3,6,3,0,2,6,0,1,0,0,0,0,0,0,0,7,1,1,0,0,0,0,4,0,0,0,KRBKRNvK,DRAW,5r2/8/8/8/3K2k1/7n/3R4/3B4 b - - 0 1
0,1,0,0,0,0,0,1,-1,1,0,1,1,1,0,0,0,0,0,16,0,0,6,0,3,6,1,3,4,6,0,1,0,0,0,0,0,0,0,7,1,1,0,0,0,0,3,0,1,0,KRBKRNvK,DRAW,6B1/8/8/8/K5R1/8/6k1/1r2n3 b - - 0 1
0,1,0,0,0,0,0,1,-1,1,0,1,1,1,0,0,0,0,0,16,0,0,6,6,2,0,6,3,5,20,22,0,0,0,0,0,0,0,0,7,1,1,1,1,0,0,0,1,0,1,KRBKRNvK,DRAW,8/k3BR2/8/8/8/6K1/r4n2/8 b - - 0 1
0,1,0,0,0,0,0,1,-1,1,0,1,1,1,0,0,0,0,0,16,0,0,5,1,1,3,6,4,2,4,0,1,0,0,0,0,0,0,0,7,1,1,0,0,0,0,3,2,2,0,KRBKRNvK,DRAW,8/3k3n/8/3R1B2/8/4r3/1K6/8 b - - 0 1
1,1,0,0,0,0,0,1,-1,1,0,1,1,1,0,0,0,0,0,16,0,0,4,7,3,5,7,3,4,5,0,1,0,0,0,0,0,0,0,7,1,1,1,0,0,0,1,0,0,1,KRBKRNvK,DRAW,5k2/2R5/1r6/8/2B4K/8/6n1/8 w - - 0 1
1,1,0,0,0,0,0,1,-1,1,0,1,1,1,0,0,0,0,0,16,0,0,2,2,4,4,6,1,2,24,22,0,0,0,0,0,0,0,0,7,1,1,0,0,0,0,2,3,0,2,KRBKRNvK,DRAW,8/3rk3/8/2K5/8/2n5/B6R/8 w - - 0 1
1,1,0,0,0,0,0,1,-1,1,0,1,1,1,0,0,0,0,0,16,0,0,4,3,7,7,5,3,4,23,20,0,0,0,0,0,0,0,0,7,1,1,0,0,0,0,2,0,0,0,KRBKRNvK,DRAW,3K4/6r1/7k/8/B7/8/4R3/7n w - - 0 1
0,1,0,0,0,0,0,1,-1,1,0,1,1,1,0,0,0,0,0,16,0,0,3,6,4,7,1,2,5,22,24,0,0,0,0,0,0,0,0,7,1,1,0,0,0,0,1,2,0,0,KRBKRNvK,DRAW,6n1/8/R7/6K1/2r5/8/7k/1B6 b - - 0 1
1,1,0,0,0,0,0,1,-1,1,0,1,1,1,0,0,0,0,0,16,0,0,3,3,3,3,0,0,3,25,17,0,0,0,0,0,0,0,0,7,1,1,0,0,0,0,3,1,1,1,KRBKRNvK,DRAW,2r1B3/8/8/8/2nK4/8/5R2/3k4 w - - 0 1
0,1,0,0,0,0,0,1,-1,1,0,1,1,1,0,0,0,0,0,16,0,0,7,6,0,4,7,5,3,18,23,0,0,0,0,0,0,0,0,7,1,1,0,0,0,0,2,1,1,0,KRBKRNvK,DRAW,2B1k3/4r3/4n3/R7/8/8/8/6K1 b - - 0 1
0,1,0,0,0,0,0,1,-1,1,0,1,1,1,0,0,0,0,0,16,0,0,3,6,3,6,6,2,4,4,0,1,0,0,0,0,0,0,0,7,1,1,0,0,0,0,2,1,1,0,KRBKRNvK,DRAW,5B2/6k1/8/8/5RK1/3n4/8/7r b - - 0 1
1,1,0,0,0,0,0,1,-1,1,0,1,1,1,0,0,0,0,0,16,0,0,3,3,2,6,2,1,3,7,0,1,0,0,0,0,0,0,0,7,1,1,0,0,0,0,2,2,0,0,KRBKRNvK,DRAW,3r4/8/5R1B/8/8/3K2k1/8/7n w - - 0 1
1,1,0,0,0,0,0,1,-1,1,0,1,1,1,0,0,0,0,0,16,0,0,6,4,1,3,7,2,3,21,19,0,0,0,0,0,0,0,0,7,1,1,0,0,0,0,0,2,0,2,KRBKRNvK,DRAW,3k4/8/8/8/8/5nr1/2R1K3/2B5 w - - 0 1
0,1,0,0,0,0,0,1,-1,1,0,1,1,1,0,0,0,0,0,16,0,0,2,6,1,6,3,4,2,27,22,0,0,0,0,0,0,0,0,7,1,1,0,0,0,0,1,1,0,0,KRBKRNvK,DRAW,8/5r2/8/R1n5/2B3k1/8/6K1/8 b - - 0 1
1,1,0,0,0,0,0,1,-1,1,0,1,1,1,0,0,0,0,0,16,0,0,3,1,4,4,7,2,3,25,20,0,0,0,0,0,0,0,0,7,1,1,0,0,0,0,3,2,1,0,KRBKRNvK,DRAW,4k3/7n/5B2/1K3R2/6r1/8/8/8 w - - 0 1
0,1,0,0,0,0,0,1,-1,1,0,1,1,1,0,0,0,0,0,16,0,0,2,2,4,0,4,1,3,20,29,0,0,0,0,0,0,0,0,7,1,1,0,0,0,0,3,2,0,2,KRBKRNvK,DRAW,8/4r3/8/k1KB4/8/n7/8/7R b - - 0 1
1,1,0,0,0,0,0,1,-1,1,0,1,1,1,0,0,0,0,0,16,0,0,3,6,3,5,0,2,4,23,22,0,0,0,0,0,0,0,0,7,1,1,0,0,0,0,0,0,0,1,KRBKRNvK,DRAW,2B5/n7/7r/8/6K1/2R5/8/5k2 w - - 0 1
0,1,0,0,0,0,0,1,-1,1,0,1,1,1,0,0,0,0,0,16,0,0,3,5,3,2,1,1,3,6,0,1,0,0,0,0,0,0,0,7,1,1,0,0,0,0,2,2,0,0,KRBKRNvK,DRAW,3n4/3B4/8/r7/5K2/8/2k4R/8 b - - 0 1
1,1,0,0,0,0,0,1,-1,1,0,1,1,1,0,0,0,0,0,16,0,0,4,4,6,4,2,2,1,25,23,0,0,0,0,0,0,0,0,7,1,1,1,0,0,0,1,2,0,0,KRBKRNvK,DRAW,8/R3K3/8/8/2r5/4k3/8/1B4n1 w - - 0 1
0,1,0,0,0,0,0,1,-1,1,0,1,1,1,0,0,0,0,0,16,0,0,5,5,7,4,2,4,1,19,23,0,0,0,0,0,0,0,0,7,1,1,0,0,0,0,2,2,1,0,KRBKRNvK,DRAW,5K2/8/8/8/6R1/2r1k3/1B2n3/8 b - - 0 1
1,1,0,0,0,0,0,1,-1,1,0,1,1,1,0,0,0,0,0,16,0,0,4,7,5,6,1,4,4,23,21,0,0,0,0,0,0,0,0,7,1,1,0,0,0,0,2,0,1,2,KRBKRNvK,DRAW,7n/5r2/7K/1R6/8/8/6kB/8 w - - 0 1
0,1,0,0,0,0,0,1,-1,1,0,1,1,1,0,0,0,0,0,16,0,0,3,2,3,0,0,1,6,19,23,0,0,0,0,0,0,0,0,7,1,1,1,1,0,0,2,0,0,0,KRBKRNvK,DRAW,7n/2R5/8/B7/2K5/8/5r2/k7 b - - 0 1
1,1,0,0,0,0,0,1,-1,1,0,1,1,1,0,0,0,0,0,16,0,0,5,2,1,7,4,3,3,6,0,1,0,0,0,0,0,0,0,7,1,1,0,1,0,0,1,0,0,0,KRBKRNvK,DRAW,8/8/1B6/7k/7n/1R6/2K3r1/8 w - - 0 1
0,1,0,0,0,0,0,1,-1,1,0,1,1,1,0,0,0,0,0,16,0,0,4,0,5,3,1,4,2,16,22,0,0,0,0,0,0,0,0,7,1,1,1,0,0,0,3,0,0,2,KRBKRNvK,DRAW,1r6/Bn2R3/K7/8/8/8/3k4/8 b - - 0 1
1,1,0,0,0,0,0,1,-1,1,0,1,1,1,0,0,0,0,0,16,0,0,3,5,7,3,4,4,0,24,22,0,0,0,0,0,0,0,0,7,1,1,0,0,0,0,0,4,0,0,KRBKRNvK,DRAW,5K2/8/8/2rk2B1/8/8/4n3/6R1 w - - 0 1
1,1,0,0,0,0,0,1,-1,1,0,1,1,1,0,0,0,0,0,16,0,0,2,0,0,1,2,6,3,22,19,0,0,0,0,0,0,0,0,7,1,1,0,0,0,0,2,1,1,0,KRBKRNvK,DRAW,8/1r6/1n6/6B1/8/1k6/3R4/K7 w - - 0 1
1,1,0,0,0,0,0,1,-1,1,0,1,1,1,0,0,0,0,0,16,0,0,6,4,7,3,1,3,2,26,28,0,0,0,0,0,0,0,0,7,1,1,0,0,0,0,0,2,1,0,KRBKRNvK,DRAW,4K3/8/1R6/6r1/3n4/8/3k4/5B2 w - - 0 1
0,1,0,0,0,0,0,1,-1,1,0,1,1,1,0,0,0,0,0,16,0,0,4,0,7,3,3,6,0,16,28,0,0,0,0,0,0,0,0,7,1,1,0,0,0,0,1,4,2,0,KRBKRNvK,DRAW,K7/8/2R5/8/3k1B2/3r4/5n2/8 b - - 0 1
0,1,0,0,0,0,0,1,-1,1,0,1,1,1,0,0,0,0,0,16,0,0,4,3,5,0,1,1,5,20,20,0,0,0,0,0,0,0,0,7,1,1,0,1,0,0,2,1,0,0,KRBKRNvK,DRAW,8/4B3/1R1K4/8/6n1/8/k4r2/8 b - - 0 1
0,1,0,0,0,0,0,1,-1,1,0,1,1,1,0,0,0,0,0,16,0,0,2,2,1,4,0,3,3,17,24,0,0,0,0,0,0,0,0,7,1,1,0,0,0,0,2,3,0,1,KRBKRNvK,DRAW,8/8/3n4/8/1R6/7B/2K5/3rk3 b - - 0 1
0,1,0,0,0,0,0,1,-1,1,0,1,1,1,0,0,0,0,0,16,0,0,6,3,6,0,0,2,6,22,26,0,0,0,0,0,0,0,0,7,1,1,0,0,0,0,0,3,0,0,KRBKRNvK,DRAW,8/3K4/6n1/8/r7/8/3B1R2/k7 b - - 0 1
0,1,0,0,0,0,0,1,-1,1,0,1,1,1,0,0,0,0,0,16,0,0,2,1,1,1,3,4,2,3,0,1,0,0,0,0,0,0,0,7,1,1,0,0,0,0,1,3,2,0,KRBKRNvK,DRAW,8/8/2n1r3/2B5/1k6/8/1KR5/8 b - - 0 1
1,1,0,0,0,0,0,1,-1,1,0,1,1,1,0,0,0,0,0,16,0,0,5,0,1,4,6,5,2,26,23,0,0,0,0,0,0,0,0,7,1,1,0,0,0,0,0,1,0,0,KRBKRNvK,DRAW,8/4kr2/4n3/8/8/7R/K7/2B5 w - - 0 1
0,1,0,0,0,0,0,1,-1,1,0,1,1,1,0,0,0,0,0,16,0,0,4,3,5,4,1,1,2,3,0,1,0,0,0,0,0,0,0,7,1,1,0,0,0,0,3,2,1,2,KRBKRNvK,DRAW,8/B7/3K4/4r3/1n6/8/4kR2/8 b - - 0 1
0,1,0,0,0,0,0,1,-1,1,0,1,1,1,0,0,0,0,0,16,0,0,5,3,7,7,2,3,4,21,21,0,0,0,0,0,0,0,0,7,1,1,0,0,0,0,0,1,1,0,KRBKRNvK,DRAW,3K1B2/8/8/8/8/1r4nk/8/6R1 b - - 0 1
1,1,0,0,0,0,0,1,-1,1,0,1,1,1,0,0,0,0,0,16,0,0,4,4,0,0,4,3,3,26,19,0,0,0,0,0,0,0,0,7,1,1,0,0,0,0,1,0,0,0,KRBKRNvK,DRAW,8/1r6/5R2/k7/8/8/7B/n3K3 w - - 0 1
1,1,0,0,0,0,0,1,-1,1,0,1,1,1,0,0,0,0,0,16,0,0,4,4,0,6,4,3,2,3,0,1,0,0,0,0,0,0,0,7,1,1,0,0,0,0,1,2,1,1,KRBKRNvK,LOSS,8/8/7R/5rk1/8/8/6nB/4K3 w - - 0 1
1,1,0,0,0,0,0,1,-1,1,0,1,1,1,0,0,0,0,0,16,0,0,3,0,4,3,4,3,0,11,25,0,0,0,0,0,0,0,0,7,1,1,0,0,0,0,1,3,1,1,KRBKRNvK,DRAW,8/8/RB1n4/K2k4/8/1r6/8/8 w - - 0 1
0,1,0,0,0,0,0,1,-1,1,0,1,1,1,0,0,0,0,0,16,0,0,2,3,6,2,4,2,1,4,0,1,0,0,0,0,0,0,0,7,1,1,0,1,0,0,0,4,1,0,KRBKRNvK,DRAW,R7/B2K4/8/2k5/5n2/8/4r3/8 b - - 0 1
0,1,0,0,0,0,0,1,-1,1,0,1,1,1,0,0,0,0,0,16,0,0,2,4,1,3,3,2,0,23,20,0,0,0,0,0,0,0,0,7,1,1,0,0,0,0,1,3,1,1,KRBKRNvK,DRAW,2r5/8/8/8/3k4/8/4KR2/1B2n3 b - - 0 1
0,1,0,0,0,0,0,1,-1,1,0,1,1,1,0,0,0,0,0,16,0,0,2,1,5,1,3,3,2,2,0,1,0,0,0,0,0,0,0,7,1,1,0,0,0,0,2,2,2,1,KRBKRNvK,DRAW,8/3r4/BK6/8/1kR5/7n/8/8 b - - 0 1
0,1,0,0,0,0,0,1,-1,1,0,1,1,1,0,0,0,0,0,16,0,0,6,7,4,1,7,3,5,5,0,1,0,0,0,0,0,0,0,7,1,1,0,0,0,0,0,2,0,1,KRBKRNvK,DRAW,1k6/8/8/5n1K/2r5/B7/8/1R6 b - - 0 1
0,1,0,0,0,0,0,1,-1,1,0,1,1,1,0,0,0,0,0,16,0,0,4,7,1,5,5,5,2,19,22,0,0,0,0,0,0,0,0,7,1,1,0,0,0,0,0,3,2,2,KRBKRNvK,DRAW,6R1/8/5k1B/8/5r2/8/7K/6n1 b - - 0 1
1,1,0,0,0,0,0,1,-1,1,0,1,1,1,0,0,0,0,0,16,0,0,2,5,0,7,0,4,6,19,16,0,0,0,0,0,0,0,0,7,1,1,0,0,0,0,0,1,0,0,KRBKRNvK,DRAW,4R3/4B2r/8/8/8/1n6/8/5K1k w - - 0 1
0,1,0,0,0,0,0,1,-1,1,0,1,1,1,0,0,0,0,0,16,0,0,7,7,3,0,3,3,3,4,0,1,0,0,0,0,0,0,0,7,1,1,1,0,0,0,3,2,1,1,KRBKRNvK,LOSS,8/3Rr3/2B5/6n1/k6K/8/8/8 b - - 0 1
0,1,0,0,0,0,0,1,-1,1,0,1,1,1,0,0,0,0,0,16,0,0,7,7,4,0,0,3,6,13,25,0,0,0,0,0,0,0,0,7,1,1,1,0,0,0,0,0,0,1,KRBKRNvK,DRAW,7r/5R1n/B7/7K/8/8/8/k7 b - - 0 1
1,1,0,0,0,0,0,1,-1,1,0,1,1,1,0,0,0,0,0,16,0,0,2,0,3,2,4,3,1,26,24,0,0,0,0,0,0,0,0,7,1,1,0,0,0,0,0,2,0,0,KRBKRNvK,DRAW,3r4/8/7R/2k5/K7/4n3/4B3/8 w - - 0 1
1,1,0,0,0,0,0,1,-1,1,0,1,1,1,0,0,0,0,0,16,0,0,5,5,5,5,0,2,4,22,18,0,0,0,0,0,0,0,0,7,1,1,0,0,0,0,1,2,2,0,KRBKRNvK,DRAW,8/8/5K2/8/2r5/8/6R1/1n3k1B w - - 0 1
0,1,0,0,0,0,0,1,-1,1,0,1,1,1,0,0,0,0,0,16,0,0,2,5,6,7,6,3,5,2,0,1,0,0,0,0,0,0,0,7,1,1,0,0,0,0,2,2,1,0,KRBKRNvK,DRAW,4R1B1/5K1k/8/8/7r/8/8/1n6 b - - 0 1
0,1,0,0,0,0,0,1,-1,1,0,1,1,1,0,0,0,0,0,16,0,0,6,6,0,0,2,5,4,24,18,0,0,0,0,0,0,0,0,7,1,1,1,0,0,0,0,2,1,0,KRBKRNvK,DRAW,4r3/1R1n4/8/1B6/8/k7/8/6K1 b - - 0 1
0,1,0,0,0,0,0,1,-1,1,0,1,1,1,0,0,0,0,0,16,0,0,5,4,5,6,0,1,5,5,0,1,0,0,0,0,0,0,0,7,1,1,1,0,0,0,2,3,1,2,KRBKRNvK,DRAW,8/6R1/4Kn2/8/5r2/8/8/4B1k1 b - - 0 1
1,1,0,0,0,0,0,1,-1,1,0,1,1,1,0,0,0,0,0,16,0,0,2,7,6,7,4,5,3,24,21,0,0,0,0,0,0,0,0,7,1,1,0,1,0,0,1,2,1,0,KRBKRNvK,DRAW,8/7K/n7/7k/8/5R2/3r3B/8 w - - 0 1
1,1,0,0,0,0,0,1,-1,1,0,1,1,1,0,0,0,0,0,16,0,0,6,1,0,1,6,5,4,24,22,0,0,0,0,0,0,0,0,7,1,1,0,0,0,0,1,2,1,0,KRBKRNvK,DRAW,8/1k6/1B4R1/8/2r1n3/8/8/1K6 w - - 0 1
0,1,0,0,0,0,0,1,-1,1,0,1,1,1,0,0,0,0,0,16,0,0,5,3,6,2,1,2,3,4,0,1,0,0,0,0,0,0,0,7,1,1,0,0,0,0,1,0,1,0,KRBKRNvK,DRAW,8/3K4/8/8/8/1B4R1/2k3n1/7r b - - 0 1
0,1,0,0,0,0,0,1,-1,1,0,1,1,1,0,0,0,0,0,16,0,0,6,1,7,7,7,5,6,5,21,0,0,0,0,0,0,0,0,7,1,1,0,0,0,0,2,0,0,0,KRBKRNvK,LOSS,1K5k/8/8/6Rn/8/2r5/1B6/8 b - - 0 1
0,1,0,0,0,0,0,1,-1,1,0,1,1,1,0,0,0,0,0,16,0,0,2,2,0,2,2,4,2,21,20,0,0,0,0,0,0,0,0,7,1,1,0,0,0,0,2,2,1,0,KRBKRNvK,DRAW,8/7B/1n6/8/8/2k2r2/8/2K1R3 b - - 0 1
1,1,0,0,0,0,0,1,-1,1,0,1,1,1,0,0,0,0,0,16,0,0,2,3,4,5,2,0,2,4,0,1,0,0,0,0,0,0,0,7,1,1,0,0,0,0,3,3,1,1,KRBKRNvK,DRAW,4r3/6B1/8/3K4/1n6/5k2/7R/8 w - - 0 1
0,1,0,0,0,0,0,1,-1,1,0,1,1,1,0,0,0,0,0,16,0,0,4,5,2,4,6,2,2,4,0,1,0,0,0,0,0,0,0,7,1,1,0,0,0,0,3,0,1,0,KRBKRNvK,DRAW,7r/4k3/4R3/8/8/5K2/B7/2n5 b - - 0 1
0,1,0,0,0,0,0,1,-1,1,0,1,1,1,0,0,0,0,0,16,0,0,3,5,0,2,1,4,3,23,26,0,0,0,0,0,0,0,0,7,1,1,0,0,0,0,0,0,1,1,KRBKRNvK,DRAW,7r/8/8/1B6/8/R7/2k3n1/5K2 b - - 0 1
0,1,0,0,0,0,0,1,-1,1,0,1,1,1,0,0,0,0,0,16,0,0,2,4,0,5,2,3,2,19,22,0,0,0,0,0,0,0,0,7,1,1,1,1,0,0,1,1,0,0,KRBKRNvK,DRAW,n5B1/6R1/8/8/8/5k2/7r/4K3 b - - 0 1
0,1,0,0,0,0,0,1,-1,1,0,1,1,1,0,0,0,0,0,16,0,0,4,3,6,7,5,2,4,19,27,0,0,0,0,0,0,0,0,7,1,1,0,0,0,0,3,2,0,0,KRBKRNvK,DRAW,1B6/3K4/7k/r7/n7/8/8/3R4 b - - 0 1
0,1,0,0,0,0,0,1,-1,1,0,1,1,1,0,0,0,0,0,16,0,0,4,4,2,3,6,1,2,7,0,1,0,0,0,0,0,0,0,7,1,1,1,0,0,0,3,0,0,1,KRBKRNvK,DRAW,8/3k3R/8/4n3/8/4K3/7B/7r b - - 0 1
0,1,0,0,0,0,0,1,-1,1,0,1,1,1,0,0,0,0,0,16,0,0,4,4,7,2,3,3,1,5,0,1,0,0,0,0,0,0,0,7,1,1,0,0,0,0,0,2,1,0,KRBKRNvK,DRAW,4K3/8/2R4B/8/1rk5/8/8/4n3 b - - 0 1
0,1,0,0,0,0,0,1,-1,1,0,1,1,1,0,0,0,0,0,16,0,0,5,3,5,0,0,1,6,23,25,0,0,0,0,0,0,0,0,7,1,1,0,0,0,0,4,0,0,1,KRBKRNvK,WIN,8/r7/3K4/8/2Bn3R/8/8/k7 b - - 0 1
0,1,0,0,0,0,0,1,-1,1,0,1,1,1,0,0,0,0,0,16,0,0,3,2,3,1,6,1,4,4,0,1,0,0,0,0,0,0,0,7,1,1,1,0,0,0,3,2,2,2,KRBKRNvK,LOSS,8/1kR5/3B4/3r4/2K1n3/8/8/8 b - - 0 1
0,1,0,0,0,0,0,1,-1,1,0,1,1,1,0,0,0,0,0,16,0,0,2,5,6,6,4,3,2,2,0,1,0,0,0,0,0,0,0,7,1,1,0,0,0,0,2,1,0,0,KRBKRNvK,DRAW,8/5K2/1n6/2R3k1/8/6r1/3B4/8 b - - 0 1
1,1,0,0,0,0,0,1,-1,1,0,1,1,1,0,0,0,0,0,16,0,0,3,5,3,7,0,1,6,21,16,0,0,0,0,0,0,0,0,7,1,1,0,0,0,0,2,1,0,0,KRBKRNvK,DRAW,1R6/6n1/8/8/2rB1K2/8/8/7k w - - 0 1
0,1,0,0,0,0,0,1,-1,1,0,1,1,1,0,0,0,0,0,16,0,0,5,1,5,5,0,3,4,19,23,0,0,0,0,0,0,0,0,7,1,1,0,0,0,0,0,2,0,0,KRBKRNvK,DRAW,8/4rn2/1K6/8/B7/8/1R6/5k2 b - - 0 1
1,1,0,0,0,0,0,1,-1,1,0,1,1,1,0,0,0,0,0,16,0,0,5,4,1,2,6,2,3,5,0,1,0,0,0,0,0,0,0,7,1,1,0,0,0,0,0,3,1,1,KRBKRNvK,DRAW,2B5/2k5/4r3/8/5n2/8/4K3/4R3 w - - 0 1
1,1,0,0,0,0,0,1,-1,1,0,1,1,1,0,0,0,0,0,16,0,0,3,5,4,2,7,1,4,5,0,1,0,0,0,0,0,0,0,7,1,1,0,0,0,0,3,1,1,2,KRBKRNvK,DRAW,B1k5/4n3/8/5K2/8/5r2/1R6/8 w - - 0 1
1,1,0,0,0,0,0,1,-1,1,0,1,1,1,0,0,0,0,0,16,0,0,5,6,7,5,2,5,2,30,26,0,0,0,0,0,0,0,0,7,1,1,0,1,0,0,1,3,2,0,KRBKRNvK,DRAW,6K1/8/8/1n3B2/8/5k2/3r4/7R w - - 0 1
1,1,0,0,0,0,0,1,-1,1,0,1,1,1,0,0,0,0,0,16,0,0,2,2,4,2,2,1,2,21,22,0,0,0,0,0,0,0,0,7,1,1,0,0,0,0,3,3,2,0,KRBKRNvK,DRAW,8/5n2/8/1BK5/1R6/2k5/8/3r4 w - - 0 1
0,1,0,0,0,0,0,1,-1,1,0,1,1,1,0,0,0,0,0,16,0,0,2,0,5,2,5,4,2,4,0,1,0,0,0,0,0,0,0,7,1,1,0,0,0,0,2,2,1,0,KRBKRNvK,LOSS,B7/8/K1kn4/8/6R1/8/8/7r b - - 0 1
0,1,0,0,0,0,0,1,-1,1,0,1,1,1,0,0,0,0,0,16,0,0,2,7,5,5,5,4,2,16,29,0,0,0,0,0,0,0,0,7,1,1,0,0,0,0,1,1,1,1,KRBKRNvK,DRAW,1R6/7n/r4k1K/3B4/8/8/8/8 b - - 0 1
1,1,0,0,0,0,0,1,-1,1,0,1,1,1,0,0,0,0,0,16,0,0,2,2,5,4,3,2,0,7,0,1,0,0,0,0,0,0,0,7,1,1,0,0,0,0,1,4,1,1,KRBKRNvK,DRAW,8/4n3/2K5/8/4k3/4r3/B4R2/8 w - - 0 1
1,1,0,0,0,0,0,1,-1,1,0,1,1,1,0,0,0,0,0,16,0,0,6,0,1,6,6,5,4,16,26,0,0,0,0,0,0,0,0,7,1,1,0,0,0,0,1,2,0,0,KRBKRNvK,DRAW,RB6/6k1/8/5r2/8/8/K7/3n4 w - - 0 1
1,1,0,0,0,0,0,1,-1,1,0,1,1,1,0,0,0,0,0,16,0,0,2,2,1,3,3,3,0,29,15,0,0,0,0,0,0,0,0,7,1,1,0,0,0,0,0,3,1,0,KRBKRNvK,DRAW,8/8/5R2/8/3k2Br/8/2K5/7n w - - 0 1
0,1,0,0,0,0,0,1,-1,1,0,1,1,1,0,0,0,0,0,16,0,0,5,2,0,7,2,4,4,27,21,0,0,0,0,0,0,0,0,7,1,1,0,0,0,0,2,1,0,1,KRBKRNvK,DRAW,8/8/1r6/2R5/B7/4n2k/8/2K5 b - - 0 1
0,1,0,0,0,0,0,1,-1,1,0,1,1,1,0,0,0,0,0,16,0,0,6,5,1,6,7,3,5,27,28,0,0,0,0,0,0,0,0,7,1,1,0,0,0,0,0,2,0,0,KRBKRNvK,WIN,6k1/4r3/3n4/8/6B1/2R5/5K2/8 b - - 0 1
0,1,0,0,0,0,0,1,-1,1,0,1,1,1,0,0,0,0,0,16,0,0,3,5,3,2,2,1,2,7,0,1,0,0,0,0,0,0,0,7,1,1,0,0,0,0,3,4,1,2,KRBKRNvK,DRAW,8/6B1/3n4/7r/5K2/2k5/8/4R3 b - - 0 1
1,1,0,0,0,0,0,1,-1,1,0,1,1,1,0,0,0,0,0,16,0,0,2,0,4,1,2,3,3,19,25,0,0,0,0,0,0,0,0,7,1,1,0,1,0,0,0,1,0,0,KRBKRNvK,DRAW,R7/8/6n1/K7/8/1k6/7r/5B2 w - - 0 1
1,1,0,0,0,0,0,1,-1,1,0,1,1,1,0,0,0,0,0,16,0,0,7,7,0,0,4,6,3,19,21,0,0,0,0,0,0,0,0,7,1,1,1,0,0,0,2,3,0,0,KRBKRNvK,DRAW,5B2/4R3/8/kr4n1/8/8/8/7K w - - 0 1
1,1,0,0,0,0,0,1,-1,1,0,1,1,1,0,0,0,0,0,16,0,0,4,4,4,2,0,0,4,25,18,0,0,0,0,0,0,0,0,7,1,1,0,0,0,0,3,1,0,1,KRBKRNvK,DRAW,3r4/8/3n4/4K3/8/8/7R/2k3B1 w - - 0 1
1,1,0,0,0,0,0,1,-1,1,0,1,1,1,0,0,0,0,0,16,0,0,4,0,6,1,2,5,3,4,0,1,0,0,0,0,0,0,0,7,1,1,0,0,0,0,2,0,2,1,KRBKRNvK,DRAW,8/K1r5/8/3R4/8/Bk6/8/3n4 w - - 0 1
0,1,0,0,0,0,0,1,-1,1,0,1,1,1,0,0,0,0,0,16,0,0,3,0,7,2,4,6,1,24,24,0,0,0,0,0,0,0,0,7,1,1,1,1,0,0,0,2,0,0,KRBKRNvK,DRAW,K7/7R/8/2k5/6B1/8/1r6/n7 b - - 0 1
1,1,0,0,0,0,0,1,-1,1,0,1,1,1,0,0,0,0,0,16,0,0,4,4,4,3,0,0,3,20,19,0,0,0,0,0,0,0,0,7,1,1,0,0,0,0,4,1,0,0,KRBKRNvK,DRAW,4R3/6B1/8/4K3/8/8/2n5/3k2r1 w - - 0 1
1,1,0,0,0,0,0,1,-1,1,0,1,1,1,0,0,0,0,0,16,0,0,4,1,5,3,1,3,2,30,24,0,0,0,0,0,0,0,0,7,1,1,0,0,0,0,1,3,0,1,KRBKRNvK,DRAW,8/8/1K2B3/2n4r/8/R7/3k4/8 w - - 0 1
1,1,0,0,0,0,0,1,-1,1,0,1,1,1,0,0,0,0,0,16,0,0,5,0,0,5,0,6,4,21,20,0,0,0,0,0,0,0,0,7,1,1,0,1,0,0,3,0,0,0,KRBKRNvK,DRAW,8/1n6/1B6/1R6/8/8/6r1/K4k2 w - - 0 1
1,1,0,0,0,0,0,1,-1,1,0,1,1,1,0,0,0,0,0,16,0,0,6,6,2,0,4,3,3,24,19,0,0,0,0,0,0,0,0,7,1,1,1,1,0,0,2,0,2,1,KRBKRNvK,DRAW,8/1BR5/8/k7/8/6K1/1r5n/8 w - - 0 1
1,1,0,0,0,0,0,1,-1,1,0,1,1,1,0,0,0,0,0,16,0,0,2,7,6,5,4,5,1,25,21,0,0,0,0,0,0,0,0,7,1,1,0,0,0,0,0,3,0,0,KRBKRNvK,DRAW,8/7K/B7/5k2/r2n4/8/8/2R5 w - - 0 1
0,1,0,0,0,0,0,1,-1,1,0,1,1,1,0,0,0,0,0,16,0,0,2,2,0,0,1,4,5,2,0,1,0,0,0,0,0,0,0,7,1,1,0,0,0,0,0,3,0,0,KRBKRNvK,LOSS,8/4r3/8/Rn4B1/8/8/k7/2K5 b - - 0 1
0,1,0,0,0,0,0,1,-1,1,0,1,1,1,0,0,0,0,0,16,0,0,2,4,3,3,5,0,1,17,19,0,0,0,0,0,0,0,0,7,1,1,0,0,0,0,4,3,1,1,KRBKRNvK,DRAW,8/8/3k4/5B2/4K3/8/1Rn5/2r5 b - - 0 1
0,1,0,0,0,0,0,1,-1,1,0,1,1,1,0,0,0,0,0,16,0,0,4,4,0,6,4,3,2,20,25,0,0,0,0,0,0,0,0,7,1,1,0,0,0,0,2,0,0,0,KRBKRNvK,DRAW,B6R/8/8/6k1/8/1r6/8/n3K3 b - - 0 1
0,1,0,0,0,0,0,1,-1,1,0,1,1,1,0,0,0,0,0,16,0,0,3,1,3,2,6,2,3,23,28,0,0,0,0,0,0,0,0,7,1,1,0,0,0,0,0,2,0,1,KRBKRNvK,DRAW,5n2/2k5/3r4/8/BK6/8/8/5R2 b - - 0 1
0,1,0,0,0,0,0,1,-1,1,0,1,1,1,0,0,0,0,0,16,0,0,5,1,7,2,2,5,2,4,0,1,0,0,0,0,0,0,0,7,1,1,0,0,0,0,2,1,2,0,KRBKRNvK,DRAW,1K6/8/5r1n/8/4R3/2k5/8/4B3 b - - 0 1
0,1,0,0,0,0,0,1,-1,1,0,1,1,1,0,0,0,0,0,16,0,0,5,0,0,5,0,6,4,16,23,0,0,0,0,0,0,0,0,7,1,1,0,0,0,0,2,0,0,0,KRBKRNvK,DRAW,8/8/r7/n3R3/8/8/B7/K4k2 b - - 0 1
0,1,0,0,0,0,0,1,-1,1,0,1,1,1,0,0,0,0,0,16,0,0,6,1,3,7,4,2,3,19,25,0,0,0,0,0,0,0,0,7,1,1,0,0,0,0,3,0,0,1,KRBKRNvK,DRAW,3R4/8/r7/7k/1K6/8/8/nB6 b - - 0 1
1,1,0,0,0,0,0,1,-1,1,0,1,1,1,0,0,0,0,0,16,0,0,2,2,2,4,3,2,0,24,22,0,0,0,0,0,0,0,0,7,1,1,1,1,0,0,1,3,0,1,KRBKRNvK,DRAW,2n5/1R6/8/8/4k3/2K5/r7/2B5 w - - 0 1
1,1,0,0,0,0,0,1,-1,1,0,1,1,1,0,0,0,0,0,16,0,0,2,7,4,5,4,3,1,1,0,1,0,0,0,0,0,0,0,7,1,1,0,0,0,0,2,2,1,2,KRBKRNvK,DRAW,1R6/8/5B1n/5k1K/8/7r/8/8 w - - 0 1
0,1,0,0,0,0,0,1,-1,1,0,1,1,1,0,0,0,0,0,16,0,0,6,6,4,0,3,2,3,21,23,0,0,0,0,0,0,0,0,7,1,1,0,0,0,0,2,0,0,0,KRBKRNvK,DRAW,8/8/1r6/3R2KB/k7/8/8/3n4 b - - 0 1
0,1,0,0,0,0,0,1,-1,1,0,1,1,1,0,0,0,0,0,16,0,0,2,3,5,2,7,1,4,0,0,1,0,0,0,0,0,0,0,7,1,1,0,0,0,0,2,1,0,1,KRBKRNvK,LOSS,2k2R2/1r6/3K4/8/6n1/8/4B3/8 b - - 0 1
1,1,0,0,0,0,0,1,-1,1,0,1,1,1,0,0,0,0,0,16,0,0,5,5,7,0,6,4,5,26,25,0,0,0,0,0,0,0,0,7,1,1,0,0,0,0,2,2,0,0,KRBKRNvK,DRAW,5K2/k7/3RB3/2n5/7r/8/8/8 w - - 0 1
1,1,0,0,0,0,0,1,-1,1,0,1,1,1,0,0,0,0,0,16,0,0,4,5,5,1,3,2,2,4,0,1,0,0,0,0,0,0,0,7,1,1,0,0,0,0,1,2,1,1,KRBKRNvK,DRAW,6n1/8/5K2/2r5/Bk6/8/8/5R2 w - - 0 1
0,1,0,0,0,0,0,1,-1,1,0,1,1,1,0,0,0,0,0,16,0,0,5,4,7,2,2,3,2,24,24,0,0,0,0,0,0,0,0,7,1,1,0,0,0,0,2,1,0,0,KRBKRNvK,DRAW,4KB2/8/r7/1n6/5R2/2k5/8/8 b - - 0 1
0,1,0,0,0,0,0,1,-1,1,0,1,1,1,0,0,0,0,0,16,0,0,3,6,2,3,3,3,0,25,15,0,0,0,0,0,0,0,0,7,1,1,0,1,0,0,0,3,0,0,KRBKRNvK,DRAW,8/8/7B/8/3k4/6KR/1r6/2n5 b - - 0 1
0,1,0,0,0,0,0,1,-1,1,0,1,1,1,0,0,0,0,0,16,0,0,6,2,7,0,1,4,5,3,0,1,0,0,0,0,0,0,0,7,1,1,0,0,0,0,2,2,0,0,KRBKRNvK,DRAW,B1K5/8/R7/6n1/8/8/k7/4r3 b - - 0 1
1,1,0,0,0,0,0,1,-1,1,0,1,1,1,0,0,0,0,0,16,0,0,5,6,3,1,5,2,3,7,0,1,0,0,0,0,0,0,0,7,1,1,0,0,0,0,2,2,1,0,KRBKRNvK,DRAW,B3n3/8/1k6/8/r5K1/8/6R1/8 w - - 0 1
0,1,0,0,0,0,0,1,-1,1,0,1,1,1,0,0,0,0,0,16,0,0,4,7,5,3,1,4,2,6,0,1,0,0,0,0,0,0,0,7,1,1,0,0,0,0,0,0,0,0,KRBKRNvK,DRAW,5R2/8/7K/B7/8/6r1/3k4/2n5 b - - 0 1
1,1,0,0,0,0,0,1,-1,1,0,1,1,1,0,0,0,0,0,16,0,0,3,4,3,1,4,0,2,26,26,0,0,0,0,0,0,0,0,7,1,1,0,0,0,0,3,0,0,0,KRBKRNvK,DRAW,1B5R/6r1/8/1k6/4K3/8/8/3n4 w - - 0 1
1,1,0,0,0,0,0,1,-1,1,0,1,1,1,0,0,0,0,0,16,0,0,7,5,7,5,0,4,4,23,21,0,0,0,0,0,0,0,0,7,1,1,0,0,0,0,2,0,1,0,KRBKRNvK,DRAW,2n2K2/1r6/8/6R1/8/8/7B/5k2 w - - 0 1
0,1,0,0,0,0,0,1,-1,1,0,1,1,1,0,0,0,0,0,16,0,0,3,7,1,4,4,5,0,16,21,0,0,0,0,0,0,0,0,7,1,1,0,0,0,0,3,3,1,0,KRBKRNvK,DRAW,7r/8/8/4k2n/2B4R/8/7K/8 b - - 0 1
0,1,0,0,0,0,0,1,-1,1,0,1,1,1,0,0,0,0,0,16,0,0,3,5,6,2,6,3,3,23,28,0,0,0,0,0,0,0,0,7,1,1,0,0,0,0,2,0,0,0,KRBKRNvK,DRAW,n6B/2k2K2/8/8/8/8/7R/1r6 b - - 0 1
0,1,0,0,0,0,0,1,-1,1,0,1,1,1,0,0,0,0,0,16,0,0,2,2,5,4,4,2,0,23,24,0,0,0,0,0,0,0,0,7,1,1,0,0,0,0,1,3,1,0,KRBKRNvK,DRAW,5B2/8/2K5/4k3/7r/2R5/6n1/8 b - - 0 1
1,1,0,0,0,0,0,1,-1,1,0,1,1,1,0,0,0,0,0,16,0,0,5,0,5,0,0,4,6,22,19,0,0,0,0,0,0,0,0,7,1,1,0,0,0,0,0,2,0,1,KRBKRNvK,DRAW,2n1B3/8/K7/3r4/8/8/7R/k7 w - - 0 1
1,1,0,0,0,0,0,1,-1,1,0,1,1,1,0,0,0,0,0,16,0,0,3,7,5,7,2,4,4,21,20,0,0,0,0,0,0,0,0,7,1,1,0,0,0,0,2,0,0,0,KRBKRNvK,DRAW,2nB4/8/3R3K/8/8/6rk/8/8 w - - 0 1
0,1,0,0,0,0,0,1,-1,1,0,1,1,1,0,0,0,0,0,16,0,0,5,3,6,6,1,2,4,21,24,0,0,0,0,0,0,0,0,7,1,1,0,1,0,0,2,1,0,1,KRBKRNvK,DRAW,8/B2Kn3/8/8/8/3R4/2r3k1/8 b - - 0 1
0,1,0,0,0,0,0,1,-1,1,0,1,1,1,0,0,0,0,0,16,0,0,2,5,2,3,2,2,1,20,24,0,0,0,0,0,0,0,0,7,1,1,0,0,0,0,4,3,1,1,KRBKRNvK,DRAW,8/6r1/8/1R6/6n1/3k1K2/8/6B1 b - - 0 1
0,1,0,0,0,0,0,1,-1,1,0,1,1,1,0,0,0,0,0,16,0,0,2,3,6,4,4,2,0,21,22,0,0,0,0,0,0,0,0,7,1,1,0,1,0,0,0,3,0,0,KRBKRNvK,DRAW,7R/3K4/7n/4k3/8/8/7r/3B4 b - - 0 1
0,1,0,0,0,0,0,1,-1,1,0,1,1,1,0,0,0,0,0,16,0,0,2,2,2,1,0,2,5,23,18,0,0,0,0,0,0,0,0,7,1,1,0,0,0,0,1,2,1,0,KRBKRNvK,WIN,8/8/3n4/7B/5r2/2K5/2R5/1k6 b - - 0 1
0,1,0,0,0,0,0,1,-1,1,0,1,1,1,0,0,0,0,0,16,0,0,3,7,4,7,1,3,5,18,23,0,0,0,0,0,0,0,0,7,1,1,0,0,0,0,2,0,0,0,KRBKRNvK,DRAW,7n/8/B7/6RK/8/8/7k/2r5 b - - 0 1
0,1,0,0,0,0,0,1,-1,1,0,1,1,1,0,0,0,0,0,16,0,0,5,0,2,1,7,4,5,18,28,0,0,0,0,0,0,0,0,7,1,1,1,0,0,0,2,0,2,0,KRBKRNvK,DRAW,1k3r2/3R4/1B6/7n/8/K7/8/8 b - - 0 1
1,1,0,0,0,0,0,1,-1,1,0,1,1,1,0,0,0,0,0,16,0,0,5,1,7,6,5,5,3,4,0,1,0,0,0,0,0,0,0,7,1,1,0,0,0,0,2,3,0,1,KRBKRNvK,DRAW,1K6/3n4/6k1/8/1r6/8/8/B6R w - - 0 1
1,1,0,0,0,0,0,1,-1,1,0,1,1,1,0,0,0,0,0,16,0,0,6,6,6,1,0,4,5,30,24,0,0,0,0,0,0,0,0,7,1,1,0,0,0,0,2,1,0,0,KRBKRNvK,DRAW,4R3/3B2K1/8/8/8/1r6/5n2/1k6 w - - 0 1
0,1,0,0,0,0,0,1,-1,1,0,1,1,1,0,0,0,0,0,16,0,0,4,6,7,5,3,5,1,19,21,0,0,0,0,0,0,0,0,7,1,1,0,0,0,0,2,3,2,0,KRBKRNvK,DRAW,6K1/2r5/2n1R3/8/5k2/8/4B3/8 b - - 0 1
0,1,0,0,0,0,0,1,-1,1,0,1,1,1,0,0,0,0,0,16,0,0,3,0,6,3,4,5,0,6,0,1,0,0,0,0,0,0,0,7,1,1,0,0,0,0,1,3,0,0,KRBKRNvK,LOSS,B7/K6n/8/3k4/8/8/R7/r7 b - - 0 1
1,1,0,0,0,0,0,1,-1,1,0,1,1,1,0,0,0,0,0,16,0,0,2,5,6,5,4,3,1,5,0,1,0,0,0,0,0,0,0,7,1,1,0,0,0,0,0,3,0,1,KRBKRNvK,DRAW,3n4/1B3K2/2R5/2r2k2/8/8/8/8 w - - 0 1
0,1,0,0,0,0,0,1,-1,1,0,1,1,1,0,0,0,0,0,16,0,0,3,7,4,4,2,3,1,25,21,0,0,0,0,0,0,0,0,7,1,1,1,1,0,0,0,3,0,1,KRBKRNvK,DRAW,8/2RB1n2/8/7K/8/4k3/5r2/8 b - - 0 1
1,1,0,0,0,0,0,1,-1,1,0,1,1,1,0,0,0,0,0,16,0,0,4,7,6,3,5,5,1,26,24,0,0,0,0,0,0,0,0,7,1,1,0,0,0,0,2,3,0,0,KRBKRNvK,DRAW,8/7K/2nk4/6R1/8/r6B/8/8 w - - 0 1
0,1,0,0,0,0,0,1,-1,1,0,1,1,1,0,0,0,0,0,16,0,0,3,5,4,2,5,1,2,23,29,0,0,0,0,0,0,0,0,7,1,1,1,0,0,0,3,1,0,0,KRBKRNvK,DRAW,r7/6R1/2k5/5K2/8/8/1B6/2n5 b - - 0 1
1,1,0,0,0,0,0,1,-1,1,0,1,1,1,0,0,0,0,0,16,0,0,4,2,0,4,4,4,0,30,24,0,0,0,0,0,0,0,0,7,1,1,0,0,0,0,1,3,2,0,KRBKRNvK,DRAW,r7/1n6/8/4k3/2B5/6R1/8/2K5 w - - 0 1
0,1,0,0,0,0,0,1,-1,1,0,1,1,1,0,0,0,0,0,16,0,0,5,5,7,0,7,4,6,3,0,1,0,0,0,0,0,0,0,7,1,1,0,0,0,0,1,2,0,1,KRBKRNvK,DRAW,k4K2/3r4/8/8/3B4/4n3/8/R7 b - - 0 1
1,1,0,0,0,0,0,1,-1,1,0,1,1,1,0,0,0,0,0,16,0,0,7,5,7,4,0,4,3,25,10,0,0,0,0,0,0,0,0,7,1,1,0,0,0,0,3,0,0,0,KRBKRNvK,DRAW,3R1K2/8/8/8/8/8/1B6/1r2kn2 w - - 0 1
1,1,0,0,0,0,0,1,-1,1,0,1,1,1,0,0,0,0,0,16,0,0,2,3,0,5,2,3,2,1,0,1,0,0,0,0,0,0,0,7,1,1,0,0,0,0,1,1,1,1,KRBKRNvK,DRAW,5n2/8/8/8/8/5k2/2R4B/3K1r2 w - - 0 1
1,1,0,0,0,0,0,1,-1,1,0,1,1,1,0,0,0,0,0,16,0,0,3,3,4,6,5,0,3,5,0,1,0,0,0,0,0,0,0,7,1,1,0,0,0,0,4,3,1,1,KRBKRNvK,DRAW,7B/8/6k1/2RK4/8/5n2/8/3r4 w - - 0 1
0,1,0,0,0,0,0,1,-1,1,0,1,1,1,0,0,0,0,0,16,0,0,3,5,4,6,7,1,5,4,0,1,0,0,0,0,0,0,0,7,1,1,0,0,0,0,3,2,0,1,KRBKRNvK,DRAW,6k1/8/3r4/5K2/8/2B5/6R1/2n5 b - - 0 1
1,1,0,0,0,0,0,1,-1,1,0,1,1,1,0,0,0,0,0,16,0,0,3,0,2,0,5,4,4,24,27,0,0,0,0,0,0,0,0,7,1,1,0,0,0,0,2,2,0,1,KRBKRNvK,DRAW,8/8/k3n3/8/2r5/K7/1B6/5R2 w - - 0 1
0,1,0,0,0,0,0,1,-1,1,0,1,1,1,0,0,0,0,0,16,0,0,4,7,7,7,3,6,3,22,22,0,0,0,0,0,0,0,0,7,1,1,0,0,0,0,2,0,0,0,KRBKRNvK,DRAW,7K/3B4/4R3/8/7k/8/n7/1r6 b - - 0 1
0,1,0,0,0,0,0,1,-1,1,0,1,1,1,0,0,0,0,0,16,0,0,2,0,3,1,5,3,3,3,0,1,0,0,0,0,0,0,0,7,1,1,0,0,0,0,2,3,1,0,KRBKRNvK,DRAW,8/4r3/1k6/1R6/K7/4n3/7B/8 b - - 0 1
0,1,0,0,0,0,0,1,-1,1,0,1,1,1,0,0,0,0,0,16,0,0,2,2,1,0,0,3,6,17,24,0,0,0,0,0,0,0,0,7,1,1,0,0,0,0,2,0,0,0,KRBKRNvK,DRAW,3B4/1r4n1/8/2R5/8/8/2K5/k7 b - - 0 1
1,1,0,0,0,0,0,1,-1,1,0,1,1,1,0,0,0,0,0,16,0,0,3,4,5,1,6,1,4,23,21,0,0,0,0,0,0,0,0,7,1,1,0,0,0,0,3,3,0,0,KRBKRNvK,DRAW,8/1k6/4K3/1r3B2/8/1n6/5R2/8 w - - 0 1
1,1,0,0,0,0,0,1,-1,1,0,1,1,1,0,0,0,0,0,16,0,0,6,0,6,6,5,5,3,25,21,0,0,0,0,0,0,0,0,7,1,1,0,1,0,0,2,1,0,0,KRBKRNvK,DRAW,1R6/K7/6k1/8/8/3n4/1B1r4/8 w - - 0 1
0,1,0,0,0,0,0,1,-1,1,0,1,1,1,0,0,0,0,0,16,0,0,4,3,6,7,4,2,3,4,0,1,0,0,0,0,0,0,0,7,1,1,0,0,0,0,1,1,1,1,KRBKRNvK,DRAW,5r2/3K4/2R3B1/7k/8/8/3n4/8 b - - 0 1
0,1,0,0,0,0,0,1,-1,1,0,1,1,1,0,0,0,0,0,16,0,0,2,3,0,5,0,3,4,16,20,0,0,0,0,0,0,0,0,7,1,1,1,0,0,0,0,2,0,0,KRBKRNvK,DRAW,8/4B1R1/8/8/5r2/8/8/n2K1k2 b - - 0 1
0,1,0,0,0,0,0,1,-1,1,0,1,1,1,0,0,0,0,0,16,0,0,5,5,7,3,2,4,1,4,0,1,0,0,0,0,0,0,0,7,1,1,0,0,0,0,0,3,2,0,KRBKRNvK,DRAW,5K2/8/8/8/n3r3/3k4/8/1BR5 b - - 0 1
0,1,0,0,0,0,0,1,-1,1,0,1,1,1,0,0,0,0,0,16,0,0,4,0,6,4,5,5,1,21,28,0,0,0,0,0,0,0,0,7,1,1,0,0,0,0,0,3,1,0,KRBKRNvK,DRAW,4n3/K7/4k3/6B1/8/7R/8/4r3 b - - 0 1
1,1,0,0,0,0,0,1,-1,1,0,1,1,1,0,0,0,0,0,16,0,0,5,7,5,2,5,4,2,27,12,0,0,0,0,0,0,0,0,7,1,1,0,0,0,0,0,1,1,1,KRBKRNvK,DRAW,4r2n/4B3/2k4K/8/8/8/1R6/8 w - - 0 1
1,1,0,0,0,0,0,1,-1,1,0,1,1,1,0,0,0,0,0,16,0,0,4,3,7,2,3,3,1,26,27,0,0,0,0,0,0,0,0,7,1,1,0,0,0,0,0,2,0,0,KRBKRNvK,DRAW,3K4/4B3/6R1/8/2kn4/8/8/5r2 w - - 0 1
1,1,0,0,0,0,0,1,-1,1,0,1,1,1,0,0,0,0,0,16,0,0,2,3,6,5,7,2,4,25,18,0,0,0,0,0,0,0,0,7,1,1,0,0,0,0,1,0,1,1,KRBKRNvK,DRAW,5k2/1n1K4/6R1/8/8/5r2/2B5/8 w - - 0 1
1,1,0,0,0,0,0,1,-1,1,0,1,1,1,0,0,0,0,0,16,0,0,5,3,5,2,0,1,4,24,26,0,0,0,0,0,0,0,0,7,1,1,0,0,0,0,3,2,1,1,KRBKRNvK,DRAW,4R3/r7/3K1n2/8/8/8/8/2k1B3 w - - 0 1
0,1,0,0,0,0,0,1,-1,1,0,1,1,1,0,0,0,0,0,16,0,0,2,2,7,3,5,4,1,27,16,0,0,0,0,0,0,0,0,7,1,1,0,0,0,0,0,3,1,0,KRBKRNvK,DRAW,2K2R2/B7/3k4/2n5/8/8/8/6r1 b - - 0 1
0,1,0,0,0,0,0,1,-1,1,0,1,1,1,0,0,0,0,0,16,0,0,5,0,6,5,6,5,3,21,26,0,0,0,0,0,0,0,0,7,1,1,0,1,0,0,2,0,2,0,KRBKRNvK,DRAW,8/K4k2/8/3R2B1/8/8/5r2/3n4 b - - 0 1
0,1,0,0,0,0,0,1,-1,1,0,1,1,1,0,0,0,0,0,16,0,0,3,4,4,2,1,0,3,25,26,0,0,0,0,0,0,0,0,7,1,1,0,0,0,0,3,1,1,1,KRBKRNvK,DRAW,8/8/1r6/2n1K3/6B1/8/2k5/3R4 b - - 0 1
0,1,0,0,0,0,0,1,-1,1,0,1,1,1,0,0,0,0,0,16,0,0,4,3,7,0,3,3,3,26,27,0,0,0,0,0,0,0,0,7,1,1,1,1,0,0,1,2,0,0,KRBKRNvK,DRAW,3K4/7R/6B1/8/k7/2n5/5r2/8 b - - 0 1
1,1,0,0,0,0,0,1,-1,1,0,1,1,1,0,0,0,0,0,16,0,0,4,6,2,2,3,3,1,5,0,1,0,0,0,0,0,0,0,7,1,1,0,0,0,0,2,3,1,1,KRBKRNvK,DRAW,4R3/8/8/6r1/1Bkn4/6K1/8/8 w - - 0 1
0,1,0,0,0,0,0,1,-1,1,0,1,1,1,0,0,0,0,0,16,0,0,5,3,7,4,2,3,1,18,26,0,0,0,0,0,0,0,0,7,1,1,0,0,0,0,3,2,1,1,KRBKRNvK,DRAW,3K1nr1/8/8/R4B2/8/4k3/8/8 b - - 0 1
0,1,0,0,0,0,0,1,-1,1,0,1,1,1,0,0,0,0,0,16,0,0,6,7,5,1,6,4,4,26,22,0,0,0,0,0,0,0,0,7,1,1,0,0,0,0,3,4,1,0,KRBKRNvK,DRAW,3R4/1k5B/7K/8/4r3/2n5/8/8 b - - 0 1
0,1,0,0,0,0,0,1,-1,1,0,1,1,1,0,0,0,0,0,16,0,0,5,6,6,1,7,4,5,23,29,0,0,0,0,0,0,0,0,7,1,1,0,1,0,0,3,2,0,0,KRBKRNvK,DRAW,1k6/6K1/4B3/8/R3n3/8/3r4/8 b - - 0 1
1,1,0,0,0,0,0,1,-1,1,0,1,1,1,0,0,0,0,0,16,0,0,4,5,3,1,7,1,5,31,19,0,0,0,0,0,0,0,0,7,1,1,0,1,0,0,4,0,0,0,KRBKRNvK,DRAW,1k6/8/8/8/5K2/3R4/r4B2/1n6 w - - 0 1
1,1,0,0,0,0,0,1,-1,1,0,1,1,1,0,0,0,0,0,16,0,0,2,2,4,0,5,1,4,6,0,1,0,0,0,0,0,0,0,7,1,1,0,0,0,0,3,2,0,0,KRBKRNvK,DRAW,8/8/k2B4/2K4r/8/8/5R2/4n3 w - - 0 1
0,1,0,0,0,0,0,1,-1,1,0,1,1,1,0,0,0,0,0,16,0,0,2,5,6,3,5,3,1,4,0,1,0,0,0,0,0,0,0,7,1,1,0,0,0,0,1,2,2,0,KRBKRNvK,DRAW,8/5K2/3k1R2/n4B2/8/2r5/8/8 b - - 0 1
1,1,0,0,0,0,0,1,-1,1,0,1,1,1,0,0,0,0,0,16,0,0,2,5,1,3,0,3,3,24,21,0,0,0,0,0,0,0,0,7,1,1,0,0,0,0,2,2,0,1,KRBKRNvK,DRAW,BR6/8/8/2r5/8/8/5K2/3kn3 w - - 0 1
0,1,0,0,0,0,0,1,-1,1,0,1,1,1,0,0,0,0,0,16,0,0,3,6,1,3,2,4,1,19,26,0,0,0,0,0,0,0,0,7,1,1,0,0,0,0,0,2,0,1,KRBKRNvK,DRAW,2R5/8/8/8/6B1/3k4/6K1/1n5r b - - 0 1
1,1,0,0,0,0,0,1,-1,1,0,1,1,1,0,0,0,0,0,16,0,0,3,0,7,3,7,6,3,22,25,0,0,0,0,0,0,0,0,7,1,1,0,0,0,0,0,1,0,0,KRBKRNvK,DRAW,K2k4/8/8/1B6/5n2/1R6/8/2r5 w - - 0 1
1,1,0,0,0,0,0,1,-1,1,0,1,1,1,0,0,0,0,0,16,0,0,4,3,2,7,5,1,4,22,25,0,0,0,0,0,0,0,0,7,1,1,0,0,0,0,2,3,0,0,KRBKRNvK,DRAW,1R6/3n4/7k/8/6r1/3K4/8/5B2 w - - 0 1
1,1,0,0,0,0,0,1,-1,1,0,1,1,1,0,0,0,0,0,16,0,0,7,0,0,0,7,6,6,24,22,0,0,0,0,0,0,0,0,7,1,1,0,0,0,0,2,1,0,0,KRBKRNvK,DRAW,k6r/8/8/8/4R3/8/5n2/K4B2 w - - 0 1
1,1,0,0,0,0,0,1,-1,1,0,1,1,1,0,0,0,0,0,16,0,0,3,3,0,3,3,3,0,26,21,0,0,0,0,0,0,0,0,7,1,1,0,0,0,0,1,3,1,0,KRBKRNvK,DRAW,8/2B5/1R6/n7/3k4/r7/8/3K4 w - - 0 1
1,1,0,0,0,0,0,1,-1,1,0,1,1,1,0,0,0,0,0,16,0,0,4,2,4,3,0,1,3,26,25,0,0,0,0,0,0,0,0,7,1,1,0,0,0,0,3,2,0,1,KRBKRNvK,DRAW,8/8/5R2/2K3n1/8/4r3/8/B2k4 w - - 0 1
1,1,0,0,0,0,0,1,-1,1,0,1,1,1,0,0,0,0,0,16,0,0,5,6,6,1,2,4,3,8,0,1,0,0,0,0,0,0,0,7,1,1,0,0,0,0,2,0,0,0,KRBKRNvK,DRAW,8/1r4K1/3R4/8/6B1/1k6/8/2n5 w - - 0 1
1,1,0,0,0,0,0,1,-1,1,0,1,1,1,0,0,0,0,0,16,0,0,2,7,4,5,2,3,2,22,23,0,0,0,0,0,0,0,0,7,1,1,1,0,0,0,1,3,0,0,KRBKRNvK,DRAW,4n3/7R/3r4/7K/2B5/5k2/8/8 w - - 0 1
0,1,0,0,0,0,0,1,-1,1,0,1,1,1,0,0,0,0,0,16,0,0,2,7,0,5,1,6,3,24,15,0,0,0,0,0,0,0,0,7,1,1,0,0,0,0,0,1,0,0,KRBKRNvK,WIN,2R5/8/8/2n5/1B6/2r5/5k2/7K b - - 0 1
1,1,0,0,0,0,0,1,-1,1,0,1,1,1,0,0,0,0,0,16,0,0,5,7,2,7,7,4,6,26,20,0,0,0,0,0,0,0,0,7,1,1,0,0,0,0,0,2,0,0,KRBKRNvK,DRAW,7k/8/1R6/n7/4r1B1/7K/8/8 w - - 0 1
0,1,0,0,0,0,0,1,-1,1,0,1,1,1,0,0,0,0,0,16,0,0,5,2,5,2,0,2,4,26,22,0,0,0,0,0,0,0,0,7,1,1,0,0,0,0,2,1,0,1,KRBKRNvK,DRAW,8/7r/2K5/5R2/2n3B1/8/8/2k5 b - - 0 1
0,1,0,0,0,0,0,1,-1,1,0,1,1,1,0,0,0,0,0,16,0,0,3,1,7,4,6,5,2,25,29,0,0,0,0,0,0,0,0,7,1,1,0,0,0,0,1,3,1,0,KRBKRNvK,DRAW,1K6/4k3/8/4B3/8/2nr4/8/7R b - - 0 1
0,1,0,0,0,0,0,1,-1,1,0,1,1,1,0,0,0,0,0,16,0,0,3,6,0,4,3,5,0,24,21,0,0,0,0,0,0,0,0,7,1,1,1,0,0,0,1,3,0,0,KRBKRNvK,DRAW,3r4/2R5/8/8/4k3/3n4/7B/6K1 b - - 0 1
0,1,0,0,0,0,0,1,-1,1,0,1,1,1,0,0,0,0,0,16,0,0,6,1,5,7,6,3,5,4,0,1,0,0,0,0,0,0,0,7,1,1,0,0,0,0,1,3,2,2,KRBKRNvK,DRAW,8/7k/1K3RB1/3r4/1n6/8/8/8 b - - 0 1
0,1,0,0,0,0,0,1,-1,1,0,1,1,1,0,0,0,0,0,16,0,0,7,3,0,7,7,3,6,17,30,0,0,0,0,0,0,0,0,7,1,1,0,0,0,0,1,2,0,0,KRBKRNvK,DRAW,7k/8/8/2B5/7r/8/1R6/3K3n b - - 0 1
1,1,0,0,0,0,0,1,-1,1,0,1,1,1,0,0,0,0,0,16,0,0,2,0,3,1,5,3,3,25,23,0,0,0,0,0,0,0,0,7,1,1,0,0,0,0,2,1,0,0,KRBKRNvK,DRAW,8/2n5/1k6/8/K3B3/4R3/8/6r1 w - - 0 1
0,1,0,0,0,0,0,1,-1,1,0,1,1,1,0,0,0,0,0,16,0,0,5,5,5,7,0,2,6,22,31,0,0,0,0,0,0,0,0,7,1,1,0,1,0,0,3,1,0,1,KRBKRNvK,DRAW,3R4/4n3/5K2/8/8/4B3/1r6/7k b - - 0 1
0,1,0,0,0,0,0,1,-1,1,0,1,1,1,0,0,0,0,0,16,0,0,2,1,2,3,0,3,3,23,24,0,0,0,0,0,0,0,0,7,1,1,0,0,0,0,0,1,0,0,KRBKRNvK,DRAW,2R5/5n2/6r1/8/B7/1K6/8/3k4 b - - 0 1
0,1,0,0,0,0,0,1,-1,1,0,1,1,1,0,0,0,0,0,16,0,0,3,4,7,7,5,3,4,25,24,0,0,0,0,0,0,0,0,7,1,1,0,0,0,0,2,1,0,0,KRBKRNvK,DRAW,4K3/8/7k/B7/8/6n1/3R4/2r5 b - - 0 1
1,1,0,0,0,0,0,1,-1,1,0,1,1,1,0,0,0,0,0,16,0,0,5,4,0,6,5,3,3,29,15,0,0,0,0,0,0,0,0,7,1,1,0,0,0,0,2,0,2,0,KRBKRNvK,DRAW,6r1/8/6k1/7R/5B2/8/8/1n2K3 w - - 0 1
0,1,0,0,0,0,0,1,-1,1,0,1,1,1,0,0,0,0,0,16,0,0,4,5,3,4,7,1,3,25,18,0,0,0,0,0,0,0,0,7,1,1,0,0,0,0,2,2,0,1,KRBKRNvK,DRAW,1B2k3/8/1n6/8/5K2/3r4/5R2/8 b - - 0 1
1,1,0,0,0,0,0,1,-1,1,0,1,1,1,0,0,0,0,0,16,0,0,2,5,6,3,4,3,0,6,0,1,0,0,0,0,0,0,0,7,1,1,1,0,0,0,0,4,0,0,KRBKRNvK,DRAW,3B4/5K1R/8/3k4/8/2n2r2/8/8 w - - 0 1
0,1,0,0,0,0,0,1,-1,1,0,1,1,1,0,0,0,0,0,16,0,0,5,4,0,1,5,3,3,22,28,0,0,0,0,0,0,0,0,7,1,1,0,0,0,0,2,0,0,0,KRBKRNvK,WIN,6n1/6B1/1k6/8/8/7r/R7/4K3 b - - 0 1
1,1,0,0,0,0,0,1,-1,1,0,1,1,1,0,0,0,0,0,16,0,0,3,2,3,3,0,1,3,7,0,1,0,0,0,0,0,0,0,7,1,1,1,1,0,0,2,1,0,2,KRBKRNvK,DRAW,8/5R2/3n4/8/2K5/8/r7/3k2B1 w - - 0 1
1,1,0,0,0,0,0,1,-1,1,0,1,1,1,0,0,0,0,0,16,0,0,3,3,1,6,4,2,2,28,20,0,0,0,0,0,0,0,0,7,1,1,0,0,0,0,1,0,0,0,KRBKRNvK,WIN,8/8/7r/2B3k1/7n/2R5/3K4/8 w - - 0 1
1,1,0,0,0,0,0,1,-1,1,0,1,1,1,0,0,0,0,0,16,0,0,2,1,1,3,1,4,2,4,0,1,0,0,0,0,0,0,0,7,1,1,0,0,0,0,2,0,1,0,KRBKRNvK,DRAW,1r4n1/8/5B2/8/4R3/8/1K1k4/8 w - - 0 1
0,1,0,0,0,0,0,1,-1,1,0,1,1,1,0,0,0,0,0,16,0,0,6,4,7,1,1,3,4,22,27,0,0,0,0,0,0,0,0,7,1,1,1,0,0,0,1,2,0,0,KRBKRNvK,DRAW,4K3/2R5/6B1/7r/8/8/1k6/5n2 b - - 0 1
0,1,0,0,0,0,0,1,-1,1,0,1,1,1,0,0,0,0,0,16,0,0,2,7,2,7,0,4,6,0,0,1,0,0,0,0,0,0,0,7,1,1,0,0,0,0,0,0,0,0,KRBKRNvK,LOSS,r4B2/8/8/4n3/8/7K/8/1R5k b - - 0 1
0,1,0,0,0,0,0,1,-1,1,0,1,1,1,0,0,0,0,0,16,0,0,3,6,2,5,5,3,2,27,13,0,0,0,0,0,0,0,0,7,1,1,0,0,0,0,1,1,0,1,KRBKRNvK,DRAW,8/8/5k2/8/3n4/3R2K1/7B/5r2 b - - 0 1
0,1,0,0,0,0,0,1,-1,1,0,1,1,1,0,0,0,0,0,16,0,0,2,6,5,4,6,3,2,23,25,0,0,0,0,0,0,0,0,7,1,1,0,0,0,0,2,2,1,0,KRBKRNvK,DRAW,8/4k3/6K1/5R2/r7/8/8/2n2B2 b - - 0 1
1,1,0,0,0,0,0,1,-1,1,0,1,1,1,0,0,0,0,0,16,0,0,6,3,0,2,6,3,3,25,24,0,0,0,0,0,0,0,0,7,1,1,0,0,0,0,1,2,0,0,KRBKRNvK,DRAW,4n3/2k5/8/4r3/8/1B6/7R/3K4 w - - 0 1
0,1,0,0,0,0,0,1,-1,1,0,1,1,1,0,0,0,0,0,16,0,0,4,4,7,0,4,3,3,4,0,1,0,0,0,0,0,0,0,7,1,1,0,1,0,0,1,2,1,1,KRBKRNvK,LOSS,4KR2/2B5/2n5/k7/8/8/7r/8 b - - 0 1
0,1,0,0,0,0,0,1,-1,1,0,1,1,1,0,0,0,0,0,16,0,0,7,2,0,7,7,4,6,5,0,1,0,0,0,0,0,0,0,7,1,1,0,0,0,0,1,2,0,0,KRBKRNvK,DRAW,2R4k/3r4/5n2/3B4/8/8/8/2K5 b - - 0 1
0,1,0,0,0,0,0,1,-1,1,0,1,1,1,0,0,0,0,0,16,0,0,4,4,6,6,2,2,3,7,0,1,0,0,0,0,0,0,0,7,1,1,0,1,0,0,1,1,1,0,KRBKRNvK,DRAW,1B6/4K3/8/1n6/8/6k1/2r5/5R2 b - - 0 1
0,1,0,0,0,0,0,1,-1,1,0,1,1,1,0,0,0,0,0,16,0,0,3,6,5,6,2,3,3,23,26,0,0,0,0,0,0,0,0,7,1,1,0,0,0,0,1,3,0,2,KRBKRNvK,DRAW,8/8/6K1/5rn1/8/1B4k1/R7/8 b - - 0 1
1,1,0,0,0,0,0,1,-1,1,0,1,1,1,0,0,0,0,0,16,0,0,2,2,0,3,2,4,1,22,19,0,0,0,0,0,0,0,0,7,1,1,0,0,0,0,1,3,1,1,KRBKRNvK,DRAW,8/8/8/8/2n5/r2k4/5B2/2K4R w - - 0 1
0,1,0,0,0,0,0,1,-1,1,0,1,1,1,0,0,0,0,0,16,0,0,4,2,7,6,6,4,4,21,24,0,0,0,0,0,0,0,0,7,1,1,0,0,0,0,2,0,1,1,KRBKRNvK,DRAW,2K5/6k1/1r6/7R/B7/8/8/7n b - - 0 1
1,1,0,0,0,0,0,1,-1,1,0,1,1,1,0,0,0,0,0,16,0,0,4,2,1,6,5,3,3,20,24,0,0,0,0,0,0,0,0,7,1,1,0,0,0,0,0,2,2,0,KRBKRNvK,DRAW,5B1R/8/6k1/1r6/6n1/8/2K5/8 w - - 0 1
1,1,0,0,0,0,0,1,-1,1,0,1,1,1,0,0,0,0,0,16,0,0,3,5,6,2,4,3,1,26,22,0,0,0,0,0,0,0,0,7,1,1,0,0,0,0,2,2,1,0,KRBKRNvK,DRAW,8/5K2/1r6/2k5/8/3R4/8/2B2n2 w - - 0 1
0,1,0,0,0,0,0,1,-1,1,0,1,1,1,0,0,0,0,0,16,0,0,2,4,6,4,4,2,0,21,24,0,0,0,0,0,0,0,0,7,1,1,0,0,0,0,0,3,1,1,KRBKRNvK,DRAW,8/4K3/3r4/4k2n/8/5R2/8/2B5 b - - 0 1
1,1,0,0,0,0,0,1,-1,1,0,1,1,1,0,0,0,0,0,16,0,0,4,5,0,7,4,4,3,26,20,0,0,0,0,0,0,0,0,7,1,1,0,0,0,0,2,0,0,0,KRBKRNvK,DRAW,2B5/7r/8/3n3k/1R6/8/8/5K2 w - - 0 1
1,1,0,0,0,0,0,1,-1,1,0,1,1,1,0,0,0,0,0,16,0,0,2,7,3,5,2,3,2,2,0,1,0,0,0,0,0,0,0,7,1,1,0,0,0,0,2,3,0,1,KRBKRNvK,DRAW,3B4/8/8/2R5/1n4rK/5k2/8/8 w - - 0 1
1,1,0,0,0,0,0,1,-1,1,0,1,1,1,0,0,0,0,0,16,0,0,2,5,3,4,1,1,2,21,20,0,0,0,0,0,0,0,0,7,1,1,0,1,0,0,2,1,1,2,KRBKRNvK,DRAW,8/8/3B4/8/5K2/4n3/4k2r/5R2 w - - 0 1
0,1,0,0,0,0,0,1,-1,1,0,1,1,1,0,0,0,0,0,16,0,0,3,3,0,0,0,3,6,20,20,0,0,0,0,0,0,0,0,7,1,1,0,0,0,0,0,0,0,0,KRBKRNvK,DRAW,1r6/8/8/6BR/8/8/8/k2K2n1 b - - 0 1
1,1,0,0,0,0,0,1,-1,1,0,1,1,1,0,0,0,0,0,16,0,0,6,0,7,6,1,6,4,3,0,1,0,0,0,0,0,0,0,7,1,1,0,0,0,0,2,2,1,0,KRBKRNvK,DRAW,K7/8/8/4R3/r6B/8/1n4k1/8 w - - 0 1
0,1,0,0,0,0,0,1,-1,1,0,1,1,1,0,0,0,0,0,16,0,0,3,4,1,1,2,2,3,25,25,0,0,0,0,0,0,0,0,7,1,1,0,0,0,0,1,0,0,0,KRBKRNvK,DRAW,8/r7/1B6/8/8/1k6/4K1R1/1n6 b - - 0 1
0,1,0,0,0,0,0,1,-1,1,0,1,1,1,0,0,0,0,0,16,0,0,3,4,6,6,3,2,2,24,26,0,0,0,0,0,0,0,0,7,1,1,0,0,0,0,1,0,0,1,KRBKRNvK,DRAW,1R3n2/2B1K3/8/8/6k1/r7/8/8 b - - 0 1
0,1,0,0,0,0,0,1,-1,1,0,1,1,1,0,0,0,0,0,16,0,0,4,5,5,6,1,2,4,22,29,0,0,0,0,0,0,0,0,7,1,1,1,0,0,0,1,2,0,0,KRBKRNvK,DRAW,1n6/7R/5K2/8/r7/8/6k1/2B5 b - - 0 1
0,1,0,0,0,0,0,1,-1,1,0,1,1,1,0,0,0,0,0,16,0,0,3,1,1,0,4,4,3,2,0,1,0,0,0,0,0,0,0,7,1,1,0,0,0,0,2,2,1,0,KRBKRNvK,DRAW,8/8/6R1/k2r1n2/8/2B5/1K6/8 b - - 0 1
0,1,0,0,0,0,0,1,-1,1,0,1,1,1,0,0,0,0,0,16,0,0,2,3,7,1,5,3,3,5,0,1,0,0,0,0,0,0,0,7,1,1,0,1,0,0,1,0,0,0,KRBKRNvK,DRAW,3K4/8/1k4B1/8/8/1R6/7r/1n6 b - - 0 1
0,1,0,0,0,0,0,1,-1,1,0,1,1,1,0,0,0,0,0,16,0,0,7,4,0,1,7,3,5,20,24,0,0,0,0,0,0,0,0,7,1,1,0,0,0,0,3,0,0,0,KRBKRNvK,DRAW,1k5B/1r6/8/n7/8/8/4R3/4K3 b - - 0 1
1,1,0,0,0,0,0,1,-1,1,0,1,1,1,0,0,0,0,0,16,0,0,3,3,5,2,2,1,2,6,0,1,0,0,0,0,0,0,0,7,1,1,0,0,0,0,2,1,1,1,KRBKRNvK,DRAW,3r4/8/3K4/8/2B5/2k5/4n3/6R1 w - - 0 1
1,1,0,0,0,0,0,1,-1,1,0,1,1,1,0,0,0,0,0,16,0,0,2,1,2,3,2,3,1,22,17,0,0,0,0,0,0,0,0,7,1,1,0,0,0,0,3,2,1,1,KRBKRNvK,DRAW,8/8/8/6n1/1R6/1K1k4/8/3r3B w - - 0 1
0,1,0,0,0,0,0,1,-1,1,0,1,1,1,0,0,0,0,0,16,0,0,4,6,1,2,1,4,3,24,27,0,0,0,0,0,0,0,0,7,1,1,0,0,0,0,2,1,1,0,KRBKRNvK,DRAW,5B2/2n5/r7/8/1R6/8/2k3K1/8 b - - 0 1
1,1,0,0,0,0,0,1,-1,1,0,1,1,1,0,0,0,0,0,16,0,0,5,7,0,2,3,6,1,21,24,0,0,0,0,0,0,0,0,7,1,1,0,0,0,0,1,2,0,1,KRBKRNvK,DRAW,R7/6r1/8/8/2k5/8/8/5nBK w - - 0 1
0,1,0,0,0,0,0,1,-1,1,0,1,1,1,0,0,0,0,0,16,0,0,4,5,4,1,5,1,3,21,22,0,0,0,0,0,0,0,0,7,1,1,0,0,0,0,3,2,2,1,KRBKRNvK,DRAW,8/4r3/1k1B4/2R2K2/8/8/6n1/8 b - - 0 1
1,1,0,0,0,0,0,1,-1,1,0,1,1,1,0,0,0,0,0,16,0,0,7,7,7,0,0,6,6,2,0,1,0,0,0,0,0,0,0,7,1,1,0,0,0,0,2,2,0,1,KRBKRNvK,DRAW,7K/6B1/5n2/8/3R4/7r/8/k7 w - - 0 1
0,1,0,0,0,0,0,1,-1,1,0,1,1,1,0,0,0,0,0,16,0,0,7,0,4,7,5,3,4,3,0,1,0,0,0,0,0,0,0,7,1,1,0,0,0,0,1,1,2,0,KRBKRNvK,DRAW,6B1/6r1/5R1k/K7/8/8/2n5/8 b - - 0 1
1,1,0,0,0,0,0,1,-1,1,0,1,1,1,0,0,0,0,0,16,0,0,3,2,6,5,6,3,3,29,21,0,0,0,0,0,0,0,0,7,1,1,0,0,0,0,2,0,0,0,KRBKRNvK,DRAW,8/2K2kn1/8/8/8/3R4/8/2B2r2 w - - 0 1
0,1,0,0,0,0,0,1,-1,1,0,1,1,1,0,0,0,0,0,16,0,0,5,1,2,5,7,3,4,24,23,0,0,0,0,0,0,0,0,7,1,1,0,0,0,0,3,2,0,1,KRBKRNvK,DRAW,5k2/2r5/8/8/1R6/1Kn5/6B1/8 b - - 0 1
0,1,0,0,0,0,0,1,-1,1,0,1,1,1,0,0,0,0,0,16,0,0,4,5,1,1,0,3,5,25,24,0,0,0,0,0,0,0,0,7,1,1,0,0,0,0,1,3,1,1,KRBKRNvK,DRAW,8/3r4/8/8/8/2R1Bn2/5K2/1k6 b - - 0 1
1,1,0,0,0,0,0,1,-1,1,0,1,1,1,0,0,0,0,0,16,0,0,4,5,4,1,0,1,5,22,21,0,0,0,0,0,0,0,0,7,1,1,0,0,0,0,3,0,0,0,KRBKRNvK,DRAW,8/8/4B1R1/5K2/8/2r5/7n/1k6 w - - 0 1
0,1,0,0,0,0,0,1,-1,1,0,1,1,1,0,0,0,0,0,16,0,0,3,0,3,1,0,3,5,23,23,0,0,0,0,0,0,0,0,7,1,1,0,0,0,0,1,2,0,0,KRBKRNvK,DRAW,8/8/7R/6r1/K6n/8/5B2/1k6 b - - 0 1
0,1,0,0,0,0,0,1,-1,1,0,1,1,1,0,0,0,0,0,16,0,0,2,7,1,5,2,5,2,3,0,1,0,0,0,0,0,0,0,7,1,1,0,0,0,0,1,2,1,1,KRBKRNvK,DRAW,8/n7/8/8/5r2/5k1R/7K/1B6 b - - 0 1
0,1,0,0,0,0,0,1,-1,1,0,1,1,1,0,0,0,0,0,16,0,0,6,4,6,0,0,2,6,21,28,0,0,0,0,0,0,0,0,7,1,1,0,1,0,0,0,0,0,0,KRBKRNvK,DRAW,8/4K3/8/8/8/6RB/2r5/k2n4 b - - 0 1
0,1,0,0,0,0,0,1,-1,1,0,1,1,1,0,0,0,0,0,16,0,0,5,7,5,2,3,4,1,3,0,1,0,0,0,0,0,0,0,7,1,1,0,0,0,0,3,2,2,0,KRBKRNvK,DRAW,8/8/7K/n7/2kR4/8/1B6/2r5 b - - 0 1
1,1,0,0,0,0,0,1,-1,1,0,1,1,1,0,0,0,0,0,16,0,0,3,5,0,2,3,4,1,5,0,1,0,0,0,0,0,0,0,7,1,1,0,0,0,0,2,2,2,1,KRBKRNvK,WIN,8/8/5r2/8/2k5/3R4/4B3/5K1n w - - 0 1
1,1,0,0,0,0,0,1,-1,1,0,1,1,1,0,0,0,0,0,16,0,0,5,3,7,7,2,3,4,23,19,0,0,0,0,0,0,0,0,7,1,1,0,0,0,0,3,0,1,1,KRBKRNvK,DRAW,3K4/1r6/8/6R1/7n/7k/8/1B6 w - - 0 1
1,1,0,0,0,0,0,1,-1,1,0,1,1,1,0,0,0,0,0,16,0,0,5,7,1,7,6,5,5,24,23,0,0,0,0,0,0,0,0,7,1,1,0,0,0,0,0,2,0,1,KRBKRNvK,DRAW,8/4B2k/8/8/6r1/8/R6K/4n3 w - - 0 1
0,1,0,0,0,0,0,1,-1,1,0,1,1,1,0,0,0,0,0,16,0,0,7,7,6,0,2,5,4,17,24,0,0,0,0,0,0,0,0,7,1,1,0,0,0,0,3,1,0,0,KRBKRNvK,DRAW,8/5B1K/r7/1n6/5R2/k7/8/8 b - - 0 1
0,1,0,0,0,0,0,1,-1,1,0,1,1,1,0,0,0,0,0,16,0,0,3,1,0,4,0,5,3,25,20,0,0,0,0,0,0,0,0,7,1,1,0,0,0,0,2,1,0,0,KRBKRNvK,DRAW,3R4/7B/r7/5n2/8/8/8/1K2k3 b - - 0 1
1,1,0,0,0,0,0,1,-1,1,0,1,1,1,0,0,0,0,0,16,0,0,3,1,3,1,0,2,5,24,23,0,0,0,0,0,0,0,0,7,1,1,0,0,0,0,1,0,0,0,KRBKRNvK,DRAW,2R5/8/5r2/2B5/1K6/8/8/1k1n4 w - - 0 1
0,1,0,0,0,0,0,1,-1,1,0,1,1,1,0,0,0,0,0,16,0,0,2,1,1,3,0,4,3,19,27,0,0,0,0,0,0,0,0,7,1,1,0,0,0,0,1,1,1,1,KRBKRNvK,DRAW,1r6/8/6R1/8/8/1n1B4/1K6/3k4 b - - 0 1
1,1,0,0,0,0,0,1,-1,1,0,1,1,1,0,0,0,0,0,16,0,0,3,7,6,6,3,5,2,26,20,0,0,0,0,0,0,0,0,7,1,1,0,0,0,0,2,2,1,0,KRBKRNvK,DRAW,n7/7K/8/5R2/B5k1/3r4/8/8 w - - 0 1
0,1,0,0,0,0,0,1,-1,1,0,1,1,1,0,0,0,0,0,16,0,0,4,3,0,7,0,3,6,17,25,0,0,0,0,0,0,0,0,7,1,1,0,0,0,0,3,0,0,0,KRBKRNvK,DRAW,8/1r5n/8/8/8/8/4R3/B2K3k b - - 0 1
1,1,0,0,0,0,0,1,-1,1,0,1,1,1,0,0,0,0,0,16,0,0,3,1,5,0,2,3,4,19,18,0,0,0,0,0,0,0,0,7,1,1,0,0,0,0,2,1,1,0,KRBKRNvK,DRAW,8/8/1K3B1r/8/8/k3n3/1R6/8 w - - 0 1
1,1,0,0,0,0,0,1,-1,1,0,1,1,1,0,0,0,0,0,16,0,0,3,4,0,7,1,3,5,21,24,0,0,0,0,0,0,0,0,7,1,1,0,0,0,0,2,1,0,0,KRBKRNvK,DRAW,1r6/3n4/8/8/8/8/7k/B1R1K3 w - - 0 1
1,1,0,0,0,0,0,1,-1,1,0,1,1,1,0,0,0,0,0,16,0,0,3,0,6,3,7,5,3,23,18,0,0,0,0,0,0,0,0,7,1,1,0,0,0,0,4,2,1,0,KRBKRNvK,DRAW,3k4/KB6/8/8/4R3/2n5/8/2r5 w - - 0 1
1,1,0,0,0,0,0,1,-1,1,0,1,1,1,0,0,0,0,0,16,0,0,3,6,4,3,6,2,2,22,30,0,0,0,0,0,0,0,0,7,1,1,0,0,0,0,1,2,0,0,KRBKRNvK,DRAW,8/3k3B/1r6/6K1/8/2n5/8/6R1 w - - 0 1
1,1,0,0,0,0,0,1,-1,1,0,1,1,1,0,0,0,0,0,16,0,0,5,2,2,7,0,2,6,30,18,0,0,0,0,0,0,0,0,7,1,1,0,1,0,0,3,1,0,0,KRBKRNvK,DRAW,8/8/6n1/R7/5B2/2K5/5r2/7k w - - 0 1
0,1,0,0,0,0,0,1,-1,1,0,1,1,1,0,0,0,0,0,16,0,0,4,2,4,6,1,1,4,24,29,0,0,0,0,0,0,0,0,7,1,1,1,0,0,0,2,1,0,0,KRBKRNvK,DRAW,5r2/7R/6n1/2K5/8/8/B5k1/8 b - - 0 1
1,1,0,0,0,0,0,1,-1,1,0,1,1,1,0,0,0,0,0,16,0,0,6,3,1,0,7,2,6,20,24,0,0,0,0,0,0,0,0,7,1,1,0,0,0,0,2,2,0,0,KRBKRNvK,DRAW,k3r3/8/8/2n5/8/8/1B1K4/1R6 w - - 0 1
0,1,0,0,0,0,0,1,-1,1,0,1,1,1,0,0,0,0,0,16,0,0,4,3,3,7,3,0,3,23,21,0,0,0,0,0,0,0,0,7,1,1,0,0,0,0,4,2,0,1,KRBKRNvK,DRAW,3n4/7B/3R4/4r3/3K3k/8/8/8 b - - 0 1
0,1,0,0,0,0,0,1,-1,1,0,1,1,1,0,0,0,0,0,16,0,0,6,1,4,7,2,2,4,24,32,0,0,0,0,0,0,0,0,7,1,1,0,0,0,0,2,1,0,0,KRBKRNvK,DRAW,3R4/5r2/8/1KB5/6n1/7k/8/8 b - - 0 1
1,1,0,0,0,0,0,1,-1,1,0,1,1,1,0,0,0,0,0,16,0,0,4,1,7,5,6,5,3,5,0,1,0,0,0,0,0,0,0,7,1,1,0,0,0,0,3,0,0,0,KRBKRNvK,DRAW,1K4r1/5k2/8/2B5/3R4/8/1n6/8 w - - 0 1
1,1,0,0,0,0,0,1,-1,1,0,1,1,1,0,0,0,0,0,16,0,0,5,0,1,0,6,5,5,29,18,0,0,0,0,0,0,0,0,7,1,1,0,0,0,0,1,0,0,0,KRBKRNvK,DRAW,5R2/k7/3B3r/8/8/8/K7/4n3 w - - 0 1
0,1,0,0,0,0,0,1,-1,1,0,1,1,1,0,0,0,0,0,16,0,0,6,6,4,0,2,2,4,5,0,1,0,0,0,0,0,0,0,7,1,1,0,0,0,0,2,3,0,0,KRBKRNvK,DRAW,3r3B/8/8/6K1/2n5/k4R2/8/8 b - - 0 1
0,1,0,0,0,0,0,1,-1,1,0,1,1,1,0,0,0,0,0,16,0,0,5,1,0,0,5,5,4,3,0,1,0,0,0,0,0,0,0,7,1,1,0,0,0,0,3,1,0,1,KRBKRNvK,LOSS,8/7r/k3R3/8/4B3/1n6/8/1K6 b - - 0 1
0,1,0,0,0,0,0,1,-1,1,0,1,1,1,0,0,0,0,0,16,0,0,4,7,6,4,2,5,1,6,0,1,0,0,0,0,0,0,0,7,1,1,1,0,0,0,3,4,0,0,KRBKRNvK,DRAW,7B/4R2K/8/r7/8/4k2n/8/8 b - - 0 1
0,1,0,0,0,0,0,1,-1,1,0,1,1,1,0,0,0,0,0,16,0,0,6,2,0,6,6,4,4,23,21,0,0,0,0,0,0,0,0,7,1,1,0,1,0,0,2,0,0,1,KRBKRNvK,DRAW,8/6k1/8/8/3R4/8/6r1/2KBn3 b - - 0 1
1,1,0,0,0,0,0,1,-1,1,0,1,1,1,0,0,0,0,0,16,0,0,5,5,1,6,6,3,4,25,25,0,0,0,0,0,0,0,0,7,1,1,0,0,0,0,0,2,0,0,KRBKRNvK,DRAW,4r3/6k1/2R5/6n1/8/7B/5K2/8 w - - 0 1
0,1,0,0,0,0,0,1,-1,1,0,1,1,1,0,0,0,0,0,16,0,0,6,6,1,7,7,4,6,3,0,1,0,0,0,0,0,0,0,7,1,1,0,0,0,0,0,1,0,1,KRBKRNvK,DRAW,7k/8/1n6/8/B7/5r2/6K1/7R b - - 0 1
1,1,0,0,0,0,0,1,-1,1,0,1,1,1,0,0,0,0,0,16,0,0,3,2,5,0,2,2,4,27,19,0,0,0,0,0,0,0,0,7,1,1,0,0,0,0,3,2,1,1,KRBKRNvK,DRAW,7n/8/2K2R2/8/4r3/k1B5/8/8 w - - 0 1
1,1,0,0,0,0,0,1,-1,1,0,1,1,1,0,0,0,0,0,16,0,0,6,4,7,7,1,3,5,3,0,1,0,0,0,0,0,0,0,7,1,1,0,0,0,0,1,1,0,0,KRBKRNvK,LOSS,r3K3/8/6R1/8/5n2/8/B6k/8 w - - 0 1
0,1,0,0,0,0,0,1,-1,1,0,1,1,1,0,0,0,0,0,16,0,0,2,6,5,4,5,3,1,21,21,0,0,0,0,0,0,0,0,7,1,1,0,0,0,0,0,2,1,2,KRBKRNvK,DRAW,4B1n1/8/4k1K1/5r2/8/8/8/2R5 b - - 0 1
1,1,0,0,0,0,0,1,-1,1,0,1,1,1,0,0,0,0,0,16,0,0,2,3,2,2,0,1,4,4,0,1,0,0,0,0,0,0,0,7,1,1,1,1,0,0,3,1,1,1,KRBKRNvK,DRAW,8/3R4/8/8/8/3K4/4Bn1r/2k5 w - - 0 1
1,1,0,0,0,0,0,1,-1,1,0,1,1,1,0,0,0,0,0,16,0,0,5,7,5,2,5,4,2,25,20,0,0,0,0,0,0,0,0,7,1,1,0,0,0,0,3,3,1,0,KRBKRNvK,DRAW,3R4/8/2k4K/8/8/2r2n2/7B/8 w - - 0 1
0,1,0,0,0,0,0,1,-1,1,0,1,1,1,0,0,0,0,0,16,0,0,4,4,0,0,1,3,5,4,0,1,0,0,0,0,0,0,0,7,1,1,0,0,0,0,0,2,1,0,KRBKRNvK,DRAW,8/7n/3r4/8/8/8/k4R2/2B1K3 b - - 0 1
1,1,0,0,0,0,0,1,-1,1,0,1,1,1,0,0,0,0,0,16,0,0,7,7,5,0,0,4,6,27,18,0,0,0,0,0,0,0,0,7,1,1,0,0,0,0,1,2,0,0,KRBKRNvK,DRAW,8/8/7K/8/2B5/n7/7R/k3r3 w - - 0 1
1,1,0,0,0,0,0,1,-1,1,0,1,1,1,0,0,0,0,0,16,0,0,5,4,5,3,0,1,3,28,17,0,0,0,0,0,0,0,0,7,1,1,0,0,0,0,3,0,0,0,KRBKRNvK,DRAW,8/8/1B2K3/6R1/8/8/7n/3k1r2 w - - 0 1
0,1,0,0,0,0,0,1,-1,1,0,1,1,1,0,0,0,0,0,16,0,0,3,7,4,4,5,3,1,22,28,0,0,0,0,0,0,0,0,7,1,1,0,0,0,0,3,3,0,1,KRBKRNvK,DRAW,8/1r6/4k3/6nK/8/2B5/3R4/8 b - - 0 1
1,1,0,0,0,0,0,1,-1,1,0,1,1,1,0,0,0,0,0,16,0,0,3,5,3,3,0,1,3,25,22,0,0,0,0,0,0,0,0,7,1,1,0,0,0,0,3,0,0,1,KRBKRNvK,DRAW,8/8/6r1/8/5K2/R7/8/Bn1k4 w - - 0 1
1,1,0,0,0,0,0,1,-1,1,0,1,1,1,0,0,0,0,0,16,0,0,3,7,5,6,2,4,3,24,21,0,0,0,0,0,0,0,0,7,1,1,0,0,0,0,2,2,2,0,KRBKRNvK,DRAW,8/8/7K/nr6/8/6k1/5R2/7B w - - 0 1
0,1,0,0,0,0,0,1,-1,1,0,1,1,1,0,0,0,0,0,16,0,0,7,7,0,0,1,6,5,25,20,0,0,0,0,0,0,0,0,7,1,1,0,0,0,0,2,2,0,0,KRBKRNvK,DRAW,3B4/8/3R4/r7/3n4/8/k7/7K b - - 0 1
1,1,0,0,0,0,0,1,-1,1,0,1,1,1,0,0,0,0,0,16,0,0,3,6,4,3,3,2,0,31,21,0,0,0,0,0,0,0,0,7,1,1,0,0,0,0,1,4,1,0,KRBKRNvK,DRAW,8/8/r1n5/6K1/3k4/8/2B5/5R2 w - - 0 1
0,1,0,0,0,0,0,1,-1,1,0,1,1,1,0,0,0,0,0,16,0,0,2,3,0,1,1,3,4,5,0,1,0,0,0,0,0,0,0,7,1,1,0,0,0,0,0,1,1,0,KRBKRNvK,DRAW,r7/8/7R/8/8/6n1/1k6/2BK4 b - - 0 1
0,1,0,0,0,0,0,1,-1,1,0,1,1,1,0,0,0,0,0,16,0,0,3,1,2,4,4,3,0,24,28,0,0,0,0,0,0,0,0,7,1,1,0,0,0,0,0,3,0,1,KRBKRNvK,DRAW,6R1/8/8/1B2k3/3r4/1K6/8/6n1 b - - 0 1
1,1,0,0,0,0,0,1,-1,1,0,1,1,1,0,0,0,0,0,16,0,0,3,2,0,5,0,4,4,26,19,0,0,0,0,0,0,0,0,7,1,1,0,0,0,0,2,2,1,0,KRBKRNvK,DRAW,1R6/7n/8/8/7r/8/8/2K2k1B w - - 0 1
1,1,0,0,0,0,0,1,-1,1,0,1,1,1,0,0,0,0,0,16,0,0,2,6,2,4,2,3,1,2,0,1,0,0,0,0,0,0,0,7,1,1,0,0,0,0,2,2,0,1,KRBKRNvK,DRAW,8/7r/2B5/8/8/4k1KR/8/5n2 w - - 0 1
0,1,0,0,0,0,0,1,-1,1,0,1,1,1,0,0,0,0,0,16,0,0,3,3,2,2,5,1,2,20,28,0,0,0,0,0,0,0,0,7,1,1,1,0,0,0,2,3,1,0,KRBKRNvK,DRAW,3n4/R7/2k5/8/7r/3KB3/8/8 b - - 0 1
0,1,0,0,0,0,0,1,-1,1,0,1,1,1,0,0,0,0,0,16,0,0,3,5,4,2,6,1,3,6,0,1,0,0,0,0,0,0,0,7,1,1,1,0,0,0,2,1,0,0,KRBKRNvK,DRAW,8/2k3R1/r7/5K2/6B1/8/2n5/8 b - - 0 1
0,1,0,0,0,0,0,1,-1,1,0,1,1,1,0,0,0,0,0,16,0,0,4,0,3,4,1,3,2,24,24,0,0,0,0,0,0,0,0,7,1,1,1,0,0,0,1,1,0,0,KRBKRNvK,DRAW,8/1R5B/8/8/K7/8/3nk3/5r2 b - - 0 1
0,1,0,0,0,0,0,1,-1,1,0,1,1,1,0,0,0,0,0,16,0,0,4,3,3,7,7,0,6,3,0,1,0,0,0,0,0,0,0,7,1,1,0,0,0,0,4,1,0,0,KRBKRNvK,DRAW,r6k/B7/8/8/3K4/6n1/7R/8 b - - 0 1
1,1,0,0,0,0,0,1,-1,1,0,1,1,1,0,0,0,0,0,16,0,0,4,4,3,1,7,0,5,4,0,1,0,0,0,0,0,0,0,7,1,1,1,0,0,0,4,3,0,2,KRBKRNvK,DRAW,1k6/4R3/8/2n3r1/4K3/8/8/1B6 w - - 0 1
0,1,0,0,0,0,0,1,-1,1,0,1,1,1,0,0,0,0,0,16,0,0,6,1,5,7,5,3,4,3,0,1,0,0,0,0,0,0,0,7,1,1,0,0,0,0,0,2,1,0,KRBKRNvK,DRAW,7R/8/1K2n2k/8/4r3/8/4B3/8 b - - 0 1
0,1,0,0,0,0,0,1,-1,1,0,1,1,1,0,0,0,0,0,16,0,0,4,4,6,0,3,2,3,4,0,1,0,0,0,0,0,0,0,7,1,1,0,0,0,0,2,3,1,0,KRBKRNvK,DRAW,6R1/4K3/2B5/8/k5n1/8/8/3r4 b - - 0 1
0,1,0,0,0,0,0,1,-1,1,0,1,1,1,0,0,0,0,0,16,0,0,4,4,5,3,1,1,2,22,25,0,0,0,0,0,0,0,0,7,1,1,0,0,0,0,2,0,0,0,KRBKRNvK,WIN,n7/8/R3K3/7B/8/8/3k4/1r6 b - - 0 1
1,1,0,0,0,0,0,1,-1,1,0,1,1,1,0,0,0,0,0,16,0,0,6,6,2,0,5,3,4,5,0,1,0,0,0,0,0,0,0,7,1,1,0,0,0,0,3,3,0,1,KRBKRNvK,DRAW,8/8/k3n3/8/3R4/2B1r1K1/8/8 w - - 0 1
0,1,0,0,0,0,0,1,-1,1,0,1,1,1,0,0,0,0,0,16,0,0,4,7,4,3,6,3,2,23,19,0,0,0,0,0,0,0,0,7,1,1,0,0,0,0,0,3,0,0,KRBKRNvK,DRAW,7R/3k4/1n6/7K/r7/8/8/4B3 b - - 0 1
0,1,0,0,0,0,0,1,-1,1,0,1,1,1,0,0,0,0,0,16,0,0,3,2,2,1,5,2,3,11,24,0,0,0,0,0,0,0,0,7,1,1,0,0,0,0,1,1,1,1,KRBKRNvK,DRAW,3B4/2r5/1k6/8/2n5/2K5/R7/8 b - - 0 1
1,1,0,0,0,0,0,1,-1,1,0,1,1,1,0,0,0,0,0,16,0,0,6,7,1,1,1,5,4,27,20,0,0,0,0,0,0,0,0,7,1,1,0,0,0,0,0,0,0,0,KRBKRNvK,DRAW,7n/4B3/2r5/8/8/8/1k5K/6R1 w - - 0 1
1,1,0,0,0,0,0,1,-1,1,0,1,1,1,0,0,0,0,0,16,0,0,2,7,1,7,3,5,3,26,18,0,0,0,0,0,0,0,0,7,1,1,0,0,0,0,2,2,1,1,KRBKRNvK,DRAW,8/8/3B4/5R2/2r4k/7n/7K/8 w - - 0 1
0,1,0,0,0,0,0,1,-1,1,0,1,1,1,0,0,0,0,0,16,0,0,2,5,5,3,7,2,3,19,24,0,0,0,0,0,0,0,0,7,1,1,0,0,0,0,2,2,0,1,KRBKRNvK,DRAW,3k4/4r3/5K2/8/8/2R5/B7/6n1 b - - 0 1
0,1,0,0,0,0,0,1,-1,1,0,1,1,1,0,0,0,0,0,16,0,0,2,2,6,3,4,3,0,4,0,1,0,0,0,0,0,0,0,7,1,1,0,0,0,0,1,4,1,1,KRBKRNvK,DRAW,1B6/2K5/8/1R1kr2n/8/8/8/8 b - - 0 1
0,1,0,0,0,0,0,1,-1,1,0,1,1,1,0,0,0,0,0,16,0,0,3,4,0,1,0,3,5,22,23,0,0,0,0,0,0,0,0,7,1,1,0,0,0,0,1,1,0,0,KRBKRNvK,DRAW,8/B7/R7/8/6n1/1r6/8/1k2K3 b - - 0 1
0,1,0,0,0,0,0,1,-1,1,0,1,1,1,0,0,0,0,0,16,0,0,3,1,2,4,4,3,0,22,25,0,0,0,0,0,0,0,0,7,1,1,0,0,0,0,2,3,2,1,KRBKRNvK,DRAW,8/7r/8/4k3/n7/1K1RB3/8/8 b - - 0 1
0,1,0,0,0,0,0,1,-1,1,0,1,1,1,0,0,0,0,0,16,0,0,2,5,1,7,3,3,3,20,31,0,0,0,0,0,0,0,0,7,1,1,0,0,0,0,2,2,1,0,KRBKRNvK,DRAW,8/8/7n/r7/7k/5B2/5K2/2R5 b - - 0 1
1,1,0,0,0,0,0,1,-1,1,0,1,1,1,0,0,0,0,0,16,0,0,6,3,0,5,6,3,3,27,25,0,0,0,0,0,0,0,0,7,1,1,0,0,0,0,3,3,1,0,KRBKRNvK,DRAW,8/5k2/8/7R/1n4r1/8/6B1/3K4 w - - 0 1
1,1,0,0,0,0,0,1,-1,1,0,1,1,1,0,0,0,0,0,16,0,0,5,6,0,1,0,5,5,4,0,1,0,0,0,0,0,0,0,7,1,1,0,0,0,0,1,2,0,0,KRBKRNvK,DRAW,1n4B1/8/5R2/8/8/8/8/1k1r2K1 w - - 0 1
1,1,0,0,0,0,0,1,-1,1,0,1,1,1,0,0,0,0,0,16,0,0,4,1,5,5,1,3,3,17,29,0,0,0,0,0,0,0,0,7,1,1,1,0,0,0,0,2,0,0,KRBKRNvK,DRAW,8/1R2B3/1K6/7r/5n2/8/5k2/8 w - - 0 1
1,1,0,0,0,0,0,1,-1,1,0,1,1,1,0,0,0,0,0,16,0,0,6,6,6,6,0,4,5,7,0,1,0,0,0,0,0,0,0,7,1,1,0,0,0,0,2,1,1,0,KRBKRNvK,DRAW,8/2r3K1/8/1n5R/8/7B/8/6k1 w - - 0 1
0,1,0,0,0,0,0,1,-1,1,0,1,1,1,0,0,0,0,0,16,0,0,4,4,0,0,3,3,3,21,27,0,0,0,0,0,0,0,0,7,1,1,0,0,0,0,2,0,0,0,KRBKRNvK,DRAW,8/1r6/8/4R2n/k3B3/8/8/4K3 b - - 0 1
0,1,0,0,0,0,0,1,-1,1,0,1,1,1,0,0,0,0,0,16,0,0,4,3,1,7,2,2,4,3,0,1,0,0,0,0,0,0,0,7,1,1,0,0,0,0,2,2,0,1,KRBKRNvK,DRAW,2n5/8/2B4R/8/1r6/7k/3K4/8 b - - 0 1
1,1,0,0,0,0,0,1,-1,1,0,1,1,1,0,0,0,0,0,16,0,0,2,4,2,4,0,1,3,1,0,1,0,0,0,0,0,0,0,7,1,1,0,0,0,0,4,0,0,1,KRBKRNvK,DRAW,8/8/8/3n3R/3B4/r3K3/8/4k3 w - - 0 1
0,1,0,0,0,0,0,1,-1,1,0,1,1,1,0,0,0,0,0,16,0,0,6,1,0,7,3,5,3,5,0,1,0,0,0,0,0,0,0,7,1,1,0,0,0,0,2,3,0,0,KRBKRNvK,DRAW,8/4n2B/8/8/R6k/4r3/8/1K6 b - - 0 1
0,1,0,0,0,0,0,1,-1,1,0,1,1,1,0,0,0,0,0,16,0,0,7,6,7,2,0,5,4,24,21,0,0,0,0,0,0,0,0,7,1,1,0,0,0,0,2,3,0,0,KRBKRNvK,DRAW,6K1/8/1B6/2n4r/6R1/8/8/2k5 b - - 0 1
0,1,0,0,0,0,0,1,-1,1,0,1,1,1,0,0,0,0,0,16,0,0,7,7,6,0,2,5,4,27,26,0,0,0,0,0,0,0,0,7,1,1,0,0,0,0,2,3,0,0,KRBKRNvK,DRAW,8/7K/B1n5/6R1/8/k7/8/3r4 b - - 0 1
0,1,0,0,0,0,0,1,-1,1,0,1,1,1,0,0,0,0,0,16,0,0,4,2,2,6,6,2,4,24,27,0,0,0,0,0,0,0,0,7,1,1,0,0,0,0,3,0,0,0,KRBKRNvK,DRAW,r7/6k1/8/8/3R4/2K5/8/3B3n b - - 0 1
1,1,0,0,0,0,0,1,-1,1,0,1,1,1,0,0,0,0,0,16,0,0,4,2,7,4,3,4,0,4,0,1,0,0,0,0,0,0,0,7,1,1,0,0,0,0,0,3,0,0,KRBKRNvK,LOSS,2K4r/8/8/B7/2n1k3/8/1R6/8 w - - 0 1
0,1,0,0,0,0,0,1,-1,1,0,1,1,1,0,0,0,0,0,16,0,0,3,7,4,4,3,3,0,21,22,0,0,0,0,0,0,0,0,7,1,1,0,0,0,0,0,4,0,1,KRBKRNvK,DRAW,8/8/8/7K/B3k1r1/8/5n2/1R6 b - - 0 1
1,1,0,0,0,0,0,1,-1,1,0,1,1,1,0,0,0,0,0,16,0,0,3,4,5,5,2,1,2,32,21,0,0,0,0,0,0,0,0,7,1,1,0,0,0,0,2,1,2,0,KRBKRNvK,DRAW,8/8/n3K3/8/5B2/5k2/7R/1r6 w - - 0 1
1,1,0,0,0,0,0,1,-1,1,0,1,1,1,0,0,0,0,0,16,0,0,5,5,3,0,2,1,4,25,15,0,0,0,0,0,0,0,0,7,1,1,0,0,0,0,2,0,1,0,KRBKRNvK,DRAW,1B2n2r/8/8/8/5K2/k7/1R6/8 w - - 0 1
0,1,0,0,0,0,0,1,-1,1,0,1,1,1,0,0,0,0,0,16,0,0,3,6,6,5,3,4,1,18,18,0,0,0,0,0,0,0,0,7,1,1,0,0,0,0,0,2,0,1,KRBKRNvK,DRAW,8/6K1/5r2/8/5k2/8/8/1n2B1R1 b - - 0 1
1,1,0,0,0,0,0,1,-1,1,0,1,1,1,0,0,0,0,0,16,0,0,7,7,1,0,1,5,5,23,22,0,0,0,0,0,0,0,0,7,1,1,0,0,0,0,2,2,1,0,KRBKRNvK,DRAW,8/8/8/5n2/r7/8/k6K/1R5B w - - 0 1
1,1,0,0,0,0,0,1,-1,1,0,1,1,1,0,0,0,0,0,16,0,0,4,3,5,0,1,1,5,21,23,0,0,0,0,0,0,0,0,7,1,1,0,0,0,0,3,3,0,0,KRBKRNvK,DRAW,8/8/3KR3/r7/8/8/k2n4/7B w - - 0 1
1,1,0,0,0,0,0,1,-1,1,0,1,1,1,0,0,0,0,0,16,0,0,2,4,6,6,7,2,5,24,21,0,0,0,0,0,0,0,0,7,1,1,0,0,0,0,2,2,0,1,KRBKRNvK,DRAW,6k1/4K3/5n2/8/1R6/5r2/8/6B1 w - - 0 1
1,1,0,0,0,0,0,1,-1,1,0,1,1,1,0,0,0,0,0,16,0,0,2,3,6,5,4,2,1,28,20,0,0,0,0,0,0,0,0,7,1,1,0,0,0,0,1,2,1,0,KRBKRNvK,DRAW,n6r/3K4/8/5k2/5B2/8/1R6/8 w - - 0 1
0,1,0,0,0,0,0,1,-1,1,0,1,1,1,0,0,0,0,0,16,0,0,6,2,7,7,1,4,5,20,24,0,0,0,0,0,0,0,0,7,1,1,1,1,0,0,2,0,0,0,KRBKRNvK,DRAW,2K5/4R3/7B/8/8/8/1r5k/6n1 b - - 0 1
1,1,0,0,0,0,0,1,-1,1,0,1,1,1,0,0,0,0,0,16,0,0,5,1,0,0,5,5,4,6,0,1,0,0,0,0,0,0,0,7,1,1,0,0,0,0,2,0,0,0,KRBKRNvK,DRAW,8/1r6/k7/8/4R3/7n/8/1K4B1 w - - 0 1
0,1,0,0,0,0,0,1,-1,1,0,1,1,1,0,0,0,0,0,16,0,0,2,5,6,6,4,3,2,20,18,0,0,0,0,0,0,0,0,7,1,1,0,0,0,0,1,1,0,2,KRBKRNvK,DRAW,6r1/5K2/R5n1/6k1/8/8/B7/8 b - - 0 1
0,1,0,0,0,0,0,1,-1,1,0,1,1,1,0,0,0,0,0,16,0,0,6,6,0,1,6,5,4,25,24,0,0,0,0,0,0,0,0,7,1,1,0,0,0,0,0,2,0,0,KRBKRNvK,DRAW,8/1k2B3/8/n7/5r2/8/6R1/6K1 b - - 0 1
1,1,0,0,0,0,0,1,-1,1,0,1,1,1,0,0,0,0,0,16,0,0,4,2,0,6,3,4,2,25,22,0,0,0,0,0,0,0,0,7,1,1,0,0,0,0,2,1,0,0,KRBKRNvK,DRAW,8/8/8/2B5/4nrk1/8/8/2KR4 w - - 0 1
1,1,0,0,0,0,0,1,-1,1,0,1,1,1,0,0,0,0,0,16,0,0,2,0,5,0,3,4,3,3,0,1,0,0,0,0,0,0,0,7,1,1,1,0,0,0,1,2,0,0,KRBKRNvK,DRAW,8/1R6/K3r3/8/k5n1/6B1/8/8 w - - 0 1
1,1,0,0,0,0,0,1,-1,1,0,1,1,1,0,0,0,0,0,16,0,0,4,4,5,0,2,1,4,21,21,0,0,0,0,0,0,0,0,7,1,1,0,0,0,0,4,2,1,0,KRBKRNvK,DRAW,8/8/4K3/4R3/1r6/k7/6n1/B7 w - - 0 1
0,1,0,0,0,0,0,1,-1,1,0,1,1,1,0,0,0,0,0,16,0,0,4,0,4,4,3,3,0,23,18,0,0,0,0,0,0,0,0,7,1,1,0,0,0,0,0,3,1,0,KRBKRNvK,DRAW,1r6/8/8/K7/4k3/8/3B3n/7R b - - 0 1
0,1,0,0,0,0,0,1,-1,1,0,1,1,1,0,0,0,0,0,16,0,0,2,2,4,2,2,1,2,2,0,1,0,0,0,0,0,0,0,7,1,1,0,0,0,0,4,3,2,0,KRBKRNvK,LOSS,4r3/8/8/2K5/3B4/2k5/4R3/6n1 b - - 0 1
0,1,0,0,0,0,0,1,-1,1,0,1,1,1,0,0,0,0,0,16,0,0,4,0,5,4,6,4,2,6,0,1,0,0,0,0,0,0,0,7,1,1,0,0,0,0,1,1,1,0,KRBKRNvK,DRAW,8/4k3/K7/2B5/6n1/1r6/8/7R b - - 0 1
0,1,0,0,0,0,0,1,-1,1,0,1,1,1,0,0,0,0,0,16,0,0,5,1,3,6,7,2,5,21,33,0,0,0,0,0,0,0,0,7,1,1,0,0,0,0,1,0,0,0,KRBKRNvK,DRAW,6k1/1n6/8/8/1K1B4/8/R7/7r b - - 0 1
1,1,0,0,0,0,0,1,-1,1,0,1,1,1,0,0,0,0,0,16,0,0,5,2,2,7,5,2,4,7,0,1,0,0,0,0,0,0,0,7,1,1,0,0,0,0,2,0,0,1,KRBKRNvK,DRAW,8/8/7k/8/4n3/2K3B1/6R1/7r w - - 0 1
0,1,0,0,0,0,0,1,-1,1,0,1,1,1,0,0,0,0,0,16,0,0,3,2,1,1,4,3,2,29,25,0,0,0,0,0,0,0,0,7,1,1,0,0,0,0,0,2,0,0,KRBKRNvK,DRAW,6R1/8/3r4/1k3n2/8/8/2K5/2B5 b - - 0 1
0,1,0,0,0,0,0,1,-1,1,0,1,1,1,0,0,0,0,0,16,0,0,3,5,7,4,4,4,0,19,28,0,0,0,0,0,0,0,0,7,1,1,0,0,0,0,2,4,1,0,KRBKRNvK,DRAW,5K2/8/8/4k1r1/8/5B2/R7/3n4 b - - 0 1
1,1,0,0,0,0,0,1,-1,1,0,1,1,1,0,0,0,0,0,16,0,0,6,6,7,4,1,5,2,23,22,0,0,0,0,0,0,0,0,7,1,1,0,0,0,0,3,0,0,0,KRBKRNvK,DRAW,B5K1/r7/8/1R6/8/n7/4k3/8 w - - 0 1
0,1,0,0,0,0,0,1,-1,1,0,1,1,1,0,0,0,0,0,16,0,0,5,7,5,3,0,4,3,21,16,0,0,0,0,0,0,0,0,7,1,1,0,0,0,0,0,0,0,1,KRBKRNvK,DRAW,n5B1/5r2/7K/8/8/7R/8/3k4 b - - 0 1
0,1,0,0,0,0,0,1,-1,1,0,1,1,1,0,0,0,0,0,16,0,0,4,6,2,2,4,3,1,22,23,0,0,0,0,0,0,0,0,7,1,1,1,1,0,0,2,2,2,1,KRBKRNvK,DRAW,8/3BR3/8/2k5/8/6K1/1n5r/8 b - - 0 1
1,1,0,0,0,0,0,1,-1,1,0,1,1,1,0,0,0,0,0,16,0,0,6,2,7,1,1,4,4,26,13,0,0,0,0,0,0,0,0,7,1,1,0,0,0,0,0,0,1,0,KRBKRNvK,DRAW,2K5/8/5R2/8/8/8/1k5n/3B3r w - - 0 1
1,1,0,0,0,0,0,1,-1,1,0,1,1,1,0,0,0,0,0,16,0,0,4,4,1,3,5,2,1,32,23,0,0,0,0,0,0,0,0,7,1,1,0,0,0,0,1,2,1,0,KRBKRNvK,DRAW,8/3n4/3k4/8/3B4/7r/4K3/2R5 w - - 0 1
1,1,0,0,0,0,0,1,-1,1,0,1,1,1,0,0,0,0,0,16,0,0,2,4,0,3,2,3,1,26,15,0,0,0,0,0,0,0,0,7,1,1,0,0,0,0,1,2,1,2,KRBKRNvK,DRAW,8/8/8/3B4/8/2rk4/8/R3K1n1 w - - 0 1
1,1,0,0,0,0,0,1,-1,1,0,1,1,1,0,0,0,0,0,16,0,0,3,7,4,4,6,3,2,3,0,1,0,0,0,0,0,0,0,7,1,1,0,0,0,0,2,0,0,1,KRBKRNvK,DRAW,8/4k3/8/7K/6R1/7r/8/6Bn w - - 0 1
0,1,0,0,0,0,0,1,-1,1,0,1,1,1,0,0,0,0,0,16,0,0,3,1,5,0,2,3,4,23,22,0,0,0,0,0,0,0,0,7,1,1,0,0,0,0,2,2,0,1,KRBKRNvK,DRAW,8/8/1K5R/2r1n3/8/k7/8/7B b - - 0 1
1,1,0,0,0,0,0,1,-1,1,0,1,1,1,0,0,0,0,0,16,0,0,4,6,7,2,7,5,4,24,19,0,0,0,0,0,0,0,0,7,1,1,0,0,0,0,3,2,1,0,KRBKRNvK,DRAW,2k3K1/r1B5/2n5/4R3/8/8/8/8 w - - 0 1
1,1,0,0,0,0,0,1,-1,1,0,1,1,1,0,0,0,0,0,16,0,0,4,4,3,0,3,0,3,6,0,1,0,0,0,0,0,0,0,7,1,1,0,1,0,0,3,1,0,1,KRBKRNvK,DRAW,3R4/8/8/8/k3KB2/8/r4n2/8 w - - 0 1
0,1,0,0,0,0,0,1,-1,1,0,1,1,1,0,0,0,0,0,16,0,0,6,4,6,1,0,2,5,3,0,1,0,0,0,0,0,0,0,7,1,1,0,1,0,0,1,0,0,0,KRBKRNvK,DRAW,8/4K3/1R2B3/8/8/8/2r5/nk6 b - - 0 1
1,1,0,0,0,0,0,1,-1,1,0,1,1,1,0,0,0,0,0,16,0,0,5,4,5,4,0,1,3,25,24,0,0,0,0,0,0,0,0,7,1,1,1,1,0,0,3,2,0,0,KRBKRNvK,DRAW,8/7R/1n2K3/8/8/8/3r4/4k2B w - - 0 1
0,1,0,0,0,0,0,1,-1,1,0,1,1,1,0,0,0,0,0,16,0,0,2,7,1,5,1,5,3,23,23,0,0,0,0,0,0,0,0,7,1,1,0,0,0,0,2,1,0,0,KRBKRNvK,WIN,8/8/5r2/3R4/8/2Bn4/5k1K/8 b - - 0 1
0,1,0,0,0,0,0,1,-1,1,0,1,1,1,0,0,0,0,0,16,0,0,5,2,7,4,2,4,1,4,0,1,0,0,0,0,0,0,0,7,1,1,0,0,0,0,2,3,1,0,KRBKRNvK,LOSS,2K5/8/8/2B5/R4n2/r3k3/8/8 b - - 0 1
0,1,0,0,0,0,0,1,-1,1,0,1,1,1,0,0,0,0,0,16,0,0,2,3,3,2,5,0,2,25,21,0,0,0,0,0,0,0,0,7,1,1,0,0,0,0,3,1,0,1,KRBKRNvK,DRAW,8/8/2k5/8/1n1K4/r7/3B2R1/8 b - - 0 1
0,1,0,0,0,0,0,1,-1,1,0,1,1,1,0,0,0,0,0,16,0,0,7,7,0,7,7,6,6,16,25,0,0,0,0,0,0,0,0,7,1,1,1,0,0,0,1,0,1,2,KRBKRNvK,DRAW,7k/2R5/6B1/8/8/8/8/5rnK b - - 0 1
0,1,0,0,0,0,0,1,-1,1,0,1,1,1,0,0,0,0,0,16,0,0,4,3,3,3,7,0,3,21,25,0,0,0,0,0,0,0,0,7,1,1,0,0,0,0,4,0,0,0,KRBKRNvK,DRAW,3k4/8/n5r1/1R2B3/3K4/8/8/8 b - - 0 1
1,1,0,0,0,0,0,1,-1,1,0,1,1,1,0,0,0,0,0,16,0,0,3,2,3,2,0,1,4,4,0,1,0,0,0,0,0,0,0,7,1,1,0,0,0,0,2,1,0,1,KRBKRNvK,DRAW,3B3R/8/2r5/8/2K2n2/8/8/2k5 w - - 0 1
1,1,0,0,0,0,0,1,-1,1,0,1,1,1,0,0,0,0,0,16,0,0,6,1,4,7,1,2,5,28,18,0,0,0,0,0,0,0,0,7,1,1,0,0,0,0,3,0,0,0,KRBKRNvK,DRAW,7r/8/1B6/1K3R2/8/7n/7k/8 w - - 0 1
0,1,0,0,0,0,0,1,-1,1,0,1,1,1,0,0,0,0,0,16,0,0,4,6,1,7,5,4,4,3,0,1,0,0,0,0,0,0,0,7,1,1,0,0,0,0,0,2,2,0,KRBKRNvK,DRAW,n7/8/5R1k/4r3/7B/8/6K1/8 b - - 0 1
1,1,0,0,0,0,0,1,-1,1,0,1,1,1,0,0,0,0,0,16,0,0,6,7,6,1,0,5,5,26,19,0,0,0,0,0,0,0,0,7,1,1,0,1,0,0,3,1,1,0,KRBKRNvK,DRAW,8/7K/8/8/8/4R3/3n1r2/Bk6 w - - 0 1
1,1,0,0,0,0,0,1,-1,1,0,1,1,1,0,0,0,0,0,16,0,0,2,3,0,3,2,3,1,29,18,0,0,0,0,0,0,0,0,7,1,1,0,0,0,0,1,2,1,0,KRBKRNvK,DRAW,1R6/8/6r1/6n1/3B4/3k4/8/3K4 w - - 0 1
0,1,0,0,0,0,0,1,-1,1,0,1,1,1,0,0,0,0,0,16,0,0,2,1,7,2,5,5,2,23,21,0,0,0,0,0,0,0,0,7,1,1,0,1,0,0,2,2,0,0,KRBKRNvK,DRAW,1K4R1/8/2k3n1/8/8/2B5/6r1/8 b - - 0 1
1,1,0,0,0,0,0,1,-1,1,0,1,1,1,0,0,0,0,0,16,0,0,4,7,2,3,3,4,0,24,25,0,0,0,0,0,0,0,0,7,1,1,0,0,0,0,1,4,1,0,KRBKRNvK,DRAW,8/8/2r5/8/3k4/1n1B3K/8/7R w - - 0 1
1,1,0,0,0,0,0,1,-1,1,0,1,1,1,0,0,0,0,0,16,0,0,7,7,6,0,0,5,6,3,0,1,0,0,0,0,0,0,0,7,1,1,0,0,0,0,0,2,0,0,KRBKRNvK,DRAW,n7/7K/8/1B6/7r/5R2/8/k7 w - - 0 1
1,1,0,0,0,0,0,1,-1,1,0,1,1,1,0,0,0,0,0,16,0,0,6,1,5,7,7,3,6,20,23,0,0,0,0,0,0,0,0,7,1,1,0,0,0,0,2,1,0,0,KRBKRNvK,DRAW,7k/B7/1K2n3/6R1/8/8/8/5r2 w - - 0 1
0,1,0,0,0,0,0,1,-1,1,0,1,1,1,0,0,0,0,0,16,0,0,5,5,1,3,6,3,2,16,29,0,0,0,0,0,0,0,0,7,1,1,0,0,0,0,3,0,1,0,KRBKRNvK,DRAW,r7/nB1k4/8/8/1R6/8/5K2/8 b - - 0 1
1,1,0,0,0,0,0,1,-1,1,0,1,1,1,0,0,0,0,0,16,0,0,7,7,7,0,4,6,3,2,0,1,0,0,0,0,0,0,0,7,1,1,0,0,0,0,2,3,0,0,KRBKRNvK,DRAW,4r2K/8/8/k7/8/8/1Bn5/2R5 w - - 0 1
1,1,0,0,0,0,0,1,-1,1,0,1,1,1,0,0,0,0,0,16,0,0,7,0,2,7,0,4,6,5,0,1,0,0,0,0,0,0,0,7,1,1,0,0,0,0,2,1,0,0,KRBKRNvK,DRAW,8/r7/8/5n2/4R3/K7/4B3/7k w - - 0 1
1,1,0,0,0,0,0,1,-1,1,0,1,1,1,0,0,0,0,0,16,0,0,7,7,5,0,4,4,3,26,24,0,0,0,0,0,0,0,0,7,1,1,0,0,0,0,2,2,0,1,KRBKRNvK,DRAW,B7/8/7K/k7/5r2/8/4n3/6R1 w - - 0 1
1,1,0,0,0,0,0,1,-1,1,0,1,1,1,0,0,0,0,0,16,0,0,4,6,5,4,1,3,2,28,20,0,0,0,0,0,0,0,0,7,1,1,0,0,0,0,2,0,1,0,KRBKRNvK,DRAW,1n6/8/6K1/7R/8/8/4k3/2r1B3 w - - 0 1
0,1,0,0,0,0,0,1,-1,1,0,1,1,1,0,0,0,0,0,16,0,0,2,7,7,5,7,6,4,3,0,1,0,0,0,0,0,0,0,7,1,1,0,0,0,0,2,2,1,0,KRBKRNvK,DRAW,3R1k1K/8/8/8/4r2n/8/8/4B3 b - - 0 1
1,1,0,0,0,0,0,1,-1,1,0,1,1,1,0,0,0,0,0,16,0,0,5,0,1,3,6,5,2,2,0,1,0,0,0,0,0,0,0,7,1,1,0,0,0,0,0,2,2,1,KRBKRNvK,DRAW,8/3kB3/5R2/2n5/r7/8/K7/8 w - - 0 1
0,1,0,0,0,0,0,1,-1,1,0,1,1,1,0,0,0,0,0,16,0,0,6,6,1,0,2,4,4,5,0,1,0,0,0,0,0,0,0,7,1,1,0,0,0,0,2,3,0,1,KRBKRNvK,DRAW,4R3/8/3B4/6r1/8/k5n1/6K1/8 b - - 0 1
0,1,0,0,0,0,0,1,-1,1,0,1,1,1,0,0,0,0,0,16,0,0,3,2,7,5,7,4,4,5,0,1,0,0,0,0,0,0,0,7,1,1,0,0,0,0,2,1,0,0,KRBKRNvK,DRAW,2K2k2/1B6/8/8/8/8/4nR2/1r6 b - - 0 1
1,1,0,0,0,0,0,1,-1,1,0,1,1,1,0,0,0,0,0,16,0,0,2,4,4,4,6,0,2,4,0,1,0,0,0,0,0,0,0,7,1,1,0,0,0,0,4,1,0,0,KRBKRNvK,DRAW,7B/4k3/8/4K2r/6R1/8/8/7n w - - 0 1
0,1,0,0,0,0,0,1,-1,1,0,1,1,1,0,0,0,0,0,16,0,0,2,4,1,6,3,2,2,20,22,0,0,0,0,0,0,0,0,7,1,1,0,0,0,0,2,0,1,0,KRBKRNvK,DRAW,2r5/7B/8/5R2/6k1/7n/4K3/8 b - - 0 1
1,1,0,0,0,0,0,1,-1,1,0,1,1,1,0,0,0,0,0,16,0,0,6,6,1,3,7,4,3,26,20,0,0,0,0,0,0,0,0,7,1,1,0,0,0,0,1,2,0,0,KRBKRNvK,DRAW,r2k4/8/2n5/8/8/8/1R4KB/8 w - - 0 1
0,1,0,0,0,0,0,1,-1,1,0,1,1,1,0,0,0,0,0,16,0,0,4,3,3,7,0,0,6,19,25,0,0,0,0,0,0,0,0,7,1,1,0,0,0,0,3,2,0,0,KRBKRNvK,DRAW,n7/4r3/8/1R5B/3K4/8/8/7k b - - 0 1
0,1,0,0,0,0,0,1,-1,1,0,1,1,1,0,0,0,0,0,16,0,0,2,1,3,2,1,2,3,20,25,0,0,0,0,0,0,0,0,7,1,1,0,0,0,0,2,2,0,1,KRBKRNvK,DRAW,8/n7/3r4/8/1K6/8/2k5/6RB b - - 0 1
1,1,0,0,0,0,0,1,-1,1,0,1,1,1,0,0,0,0,0,16,0,0,3,6,7,3,4,5,0,25,19,0,0,0,0,0,0,0,0,7,1,1,0,1,0,0,2,3,0,0,KRBKRNvK,DRAW,6K1/8/7B/3k3n/R7/8/7r/8 w - - 0 1
0,1,0,0,0,0,0,1,-1,1,0,1,1,1,0,0,0,0,0,16,0,0,2,1,0,2,2,5,2,23,22,0,0,0,0,0,0,0,0,7,1,1,0,0,0,0,2,3,0,0,KRBKRNvK,DRAW,8/3n4/3R4/6r1/8/2k4B/8/1K6 b - - 0 1
1,1,0,0,0,0,0,1,-1,1,0,1,1,1,0,0,0,0,0,16,0,0,5,2,1,7,6,3,5,23,13,0,0,0,0,0,0,0,0,7,1,1,0,0,0,0,0,0,0,0,KRBKRNvK,DRAW,7r/1B5k/2R5/8/7n/8/2K5/8 w - - 0 1
0,1,0,0,0,0,0,1,-1,1,0,1,1,1,0,0,0,0,0,16,0,0,6,0,3,6,5,3,3,23,27,0,0,0,0,0,0,0,0,7,1,1,0,0,0,0,1,2,0,0,KRBKRNvK,DRAW,8/4n3/3B2k1/7r/K7/8/8/5R2 b - - 0 1
1,1,0,0,0,0,0,1,-1,1,0,1,1,1,0,0,0,0,0,16,0,0,2,5,7,4,5,4,1,25,23,0,0,0,0,0,0,0,0,7,1,1,0,0,0,0,1,2,1,0,KRBKRNvK,DRAW,2n2K2/8/4k3/2B5/8/6r1/7R/8 w - - 0 1
0,1,0,0,0,0,0,1,-1,1,0,1,1,1,0,0,0,0,0,16,0,0,4,0,4,4,7,3,3,20,24,0,0,0,0,0,0,0,0,7,1,1,0,0,0,0,1,0,0,1,KRBKRNvK,DRAW,n3k3/8/1r6/K7/8/8/2B5/7R b - - 0 1
1,1,0,0,0,0,0,1,-1,1,0,1,1,1,0,0,0,0,0,16,0,0,2,2,2,3,4,2,0,26,25,0,0,0,0,0,0,0,0,7,1,1,0,1,0,0,2,3,1,1,KRBKRNvK,DRAW,8/8/8/3knB2/8/2K5/6r1/1R6 w - - 0 1
1,1,0,0,0,0,0,1,-1,1,0,1,1,1,0,0,0,0,0,16,0,0,4,1,0,5,3,5,1,20,27,0,0,0,0,0,0,0,0,7,1,1,0,1,0,0,2,3,0,0,KRBKRNvK,DRAW,8/8/2n5/R7/5k2/8/B6r/1K6 w - - 0 1
0,1,0,0,0,0,0,1,-1,1,0,1,1,1,0,0,0,0,0,16,0,0,4,5,6,1,6,3,4,19,32,0,0,0,0,0,0,0,0,7,1,1,0,0,0,0,1,1,0,0,KRBKRNvK,DRAW,8/rk3K2/8/8/8/4B3/5n2/6R1 b - - 0 1
0,1,0,0,0,0,0,1,-1,1,0,1,1,1,0,0,0,0,0,16,0,0,2,4,7,6,6,3,4,21,23,0,0,0,0,0,0,0,0,7,1,1,0,0,0,0,3,0,1,0,KRBKRNvK,DRAW,4K3/6k1/1B2R3/8/8/7r/8/5n2 b - - 0 1
1,1,0,0,0,0,0,1,-1,1,0,1,1,1,0,0,0,0,0,16,0,0,4,5,3,1,0,1,5,7,0,1,0,0,0,0,0,0,0,7,1,1,0,0,0,0,2,0,0,1,KRBKRNvK,DRAW,1B6/8/R1r5/7n/5K2/8/8/1k6 w - - 0 1
1,1,0,0,0,0,0,1,-1,1,0,1,1,1,0,0,0,0,0,16,0,0,5,7,1,4,6,5,2,25,25,0,0,0,0,0,0,0,0,7,1,1,0,0,0,0,3,3,0,0,KRBKRNvK,DRAW,8/4k3/8/2r3n1/7R/8/1B5K/8 w - - 0 1
1,1,0,0,0,0,0,1,-1,1,0,1,1,1,0,0,0,0,0,16,0,0,3,2,4,5,1,1,3,25,24,0,0,0,0,0,0,0,0,7,1,1,0,0,0,0,2,1,0,2,KRBKRNvK,DRAW,1R6/8/4r3/2K1n3/8/8/5k2/2B5 w - - 0 1
0,1,0,0,0,0,0,1,-1,1,0,1,1,1,0,0,0,0,0,16,0,0,6,1,0,7,4,5,3,21,27,0,0,0,0,0,0,0,0,7,1,1,0,0,0,0,1,3,0,1,KRBKRNvK,DRAW,1R6/8/4B3/7k/7r/3n4/8/1K6 b - - 0 1
1,1,0,0,0,0,0,1,-1,1,0,1,1,1,0,0,0,0,0,16,0,0,2,4,2,2,4,1,1,22,21,0,0,0,0,0,0,0,0,7,1,1,0,1,0,0,3,2,0,0,KRBKRNvK,DRAW,3R4/8/8/2k5/8/n3K3/1r3B2/8 w - - 0 1
0,1,0,0,0,0,0,1,-1,1,0,1,1,1,0,0,0,0,0,16,0,0,7,7,0,5,7,6,4,18,28,0,0,0,0,0,0,0,0,7,1,1,0,0,0,0,3,0,1,0,KRBKRNvK,DRAW,2n2k2/5r2/4R3/8/8/2B5/8/7K b - - 0 1
1,1,0,0,0,0,0,1,-1,1,0,1,1,1,0,0,0,0,0,16,0,0,7,0,1,7,1,5,5,23,24,0,0,0,0,0,0,0,0,7,1,1,0,0,0,0,2,2,1,0,KRBKRNvK,DRAW,2r5/8/5n2/8/8/4R3/K4B1k/8 w - - 0 1
0,1,0,0,0,0,0,1,-1,1,0,1,1,1,0,0,0,0,0,16,0,0,5,7,7,2,7,6,4,24,24,0,0,0,0,0,0,0,0,7,1,1,0,0,0,0,1,0,0,0,KRBKRNvK,DRAW,2k4K/8/2r5/3n4/8/5RB1/8/8 b - - 0 1
0,1,0,0,0,0,0,1,-1,1,0,1,1,1,0,0,0,0,0,16,0,0,5,7,0,5,5,6,2,23,26,0,0,0,0,0,0,0,0,7,1,1,0,0,0,0,1,1,1,0,KRBKRNvK,DRAW,R7/8/3B1k2/8/8/n1r5/8/7K b - - 0 1
0,1,0,0,0,0,0,1,-1,1,0,1,1,1,0,0,0,0,0,16,0,0,4,5,5,2,1,2,3,22,28,0,0,0,0,0,0,0,0,7,1,1,0,0,0,0,3,2,1,1,KRBKRNvK,DRAW,8/3r4/5K2/8/1R6/8/2k2B2/4n3 b - - 0 1
1,1,0,0,0,0,0,1,-1,1,0,1,1,1,0,0,0,0,0,16,0,0,3,3,1,4,4,2,0,31,16,0,0,0,0,0,0,0,0,7,1,1,0,0,0,0,1,4,1,0,KRBKRNvK,DRAW,7R/3nr3/6B1/4k3/8/8/3K4/8 w - - 0 1
0,1,0,0,0,0,0,1,-1,1,0,1,1,1,0,0,0,0,0,16,0,0,5,5,6,0,1,3,5,19,29,0,0,0,0,0,0,0,0,7,1,1,0,0,0,0,3,2,0,0,KRBKRNvK,DRAW,7B/5K2/8/2r5/8/3R4/k7/3n4 b - - 0 1
0,1,0,0,0,0,0,1,-1,1,0,1,1,1,0,0,0,0,0,16,0,0,5,6,2,1,7,3,5,21,26,0,0,0,0,0,0,0,0,7,1,1,0,0,0,0,3,1,0,0,KRBKRNvK,DRAW,1k6/8/8/8/3B3R/2rn2K1/8/8 b - - 0 1
0,1,0,0,0,0,0,1,-1,1,0,1,1,1,0,0,0,0,0,16,0,0,5,7,2,2,0,4,4,20,21,0,0,0,0,0,0,0,0,7,1,1,0,0,0,0,0,0,0,2,KRBKRNvK,DRAW,2B5/8/8/7n/8/5R1K/8/2k3r1 b - - 0 1
0,1,0,0,0,0,0,1,-1,1,0,1,1,1,0,0,0,0,0,16,0,0,7,1,7,3,0,5,3,23,24,0,0,0,0,0,0,0,0,7,1,1,1,1,0,0,1,0,0,0,KRBKRNvK,DRAW,1K6/4R3/4B3/8/8/8/6r1/3k1n2 b - - 0 1
0,1,0,0,0,0,0,1,-1,1,0,1,1,1,0,0,0,0,0,16,0,0,4,1,0,5,0,5,4,16,26,0,0,0,0,0,0,0,0,7,1,1,0,0,0,0,2,0,0,0,KRBKRNvK,DRAW,2B5/8/8/6R1/7n/7r/8/1K3k2 b - - 0 1
0,1,0,0,0,0,0,1,-1,1,0,1,1,1,0,0,0,0,0,16,0,0,5,1,7,6,3,5,2,26,24,0,0,0,0,0,0,0,0,7,1,1,0,0,0,0,1,2,0,0,KRBKRNvK,DRAW,1K4B1/8/2R5/8/6k1/2n4r/8/8 b - - 0 1
0,1,0,0,0,0,0,1,-1,1,0,1,1,1,0,0,0,0,0,16,0,0,4,1,4,3,0,2,3,23,22,0,0,0,0,0,0,0,0,7,1,1,0,0,0,0,0,1,0,0,KRBKRNvK,DRAW,2R5/5n2/B7/1K6/8/7r/8/3k4 b - - 0 1
1,1,0,0,0,0,0,1,-1,1,0,1,1,1,0,0,0,0,0,16,0,0,6,2,1,5,7,3,4,26,24,0,0,0,0,0,0,0,0,7,1,1,0,0,0,0,2,2,0,2,KRBKRNvK,DRAW,5k2/B7/8/8/r7/8/2K1n3/3R4 w - - 0 1
0,1,0,0,0,0,0,1,-1,1,0,1,1,1,0,0,0,0,0,16,0,0,2,5,2,5,4,2,1,3,0,1,0,0,0,0,0,0,0,7,1,1,0,0,0,0,2,3,1,0,KRBKRNvK,DRAW,8/8/r7/5k2/6B1/2n2K2/4R3/8 b - - 0 1
1,1,0,0,0,0,0,1,-1,1,0,1,1,1,0,0,0,0,0,16,0,0,4,5,3,4,7,1,3,7,0,1,0,0,0,0,0,0,0,7,1,1,1,0,0,0,2,2,1,1,KRBKRNvK,DRAW,4k3/5R1B/8/8/3r1K2/8/n7/8 w - - 0 1
1,1,0,0,0,0,0,1,-1,1,0,1,1,1,0,0,0,0,0,16,0,0,4,6,2,2,2,3,2,28,19,0,0,0,0,0,0,0,0,7,1,1,0,0,0,0,1,2,0,0,KRBKRNvK,DRAW,R7/2rn4/8/8/8/2k3K1/5B2/8 w - - 0 1
0,1,0,0,0,0,0,1,-1,1,0,1,1,1,0,0,0,0,0,16,0,0,4,2,0,5,4,4,1,27,24,0,0,0,0,0,0,0,0,7,1,1,0,0,0,0,0,4,0,0,KRBKRNvK,DRAW,3r4/8/6n1/5k2/1B6/8/2R5/2K5 b - - 0 1
0,1,0,0,0,0,0,1,-1,1,0,1,1,1,0,0,0,0,0,16,0,0,4,4,3,2,7,0,4,17,24,0,0,0,0,0,0,0,0,7,1,1,0,0,0,0,4,0,0,0,KRBKRNvK,WIN,2k5/8/r7/1R6/n3K3/8/8/7B b - - 0 1
1,1,0,0,0,0,0,1,-1,1,0,1,1,1,0,0,0,0,0,16,0,0,3,7,6,4,5,5,1,24,17,0,0,0,0,0,0,0,0,7,1,1,0,0,0,0,2,2,0,0,KRBKRNvK,DRAW,1B6/7K/2r1k3/7R/8/8/n7/8 w - - 0 1
1,1,0,0,0,0,0,1,-1,1,0,1,1,1,0,0,0,0,0,16,0,0,2,2,7,0,6,4,5,22,25,0,0,0,0,0,0,0,0,7,1,1,0,1,0,0,2,1,0,1,KRBKRNvK,DRAW,2K5/k7/4n3/7B/3R4/8/5r2/8 w - - 0 1
0,1,0,0,0,0,0,1,-1,1,0,1,1,1,0,0,0,0,0,16,0,0,2,1,3,1,1,2,4,3,0,1,0,0,0,0,0,0,0,7,1,1,0,0,0,0,3,0,1,0,KRBKRNvK,DRAW,B5n1/r7/8/8/1K6/8/1k1R4/8 b - - 0 1
1,1,0,0,0,0,0,1,-1,1,0,1,1,1,0,0,0,0,0,16,0,0,2,1,7,3,5,5,1,31,22,0,0,0,0,0,0,0,0,7,1,1,0,0,0,0,2,3,1,0,KRBKRNvK,DRAW,1K6/7n/3k4/3B4/R7/4r3/8/8 w - - 0 1
0,1,0,0,0,0,0,1,-1,1,0,1,1,1,0,0,0,0,0,16,0,0,3,5,7,5,4,4,1,27,16,0,0,0,0,0,0,0,0,7,1,1,0,0,0,0,0,2,0,1,KRBKRNvK,DRAW,5KR1/7r/8/1B3k2/8/3n4/8/8 b - - 0 1
1,1,0,0,0,0,0,1,-1,1,0,1,1,1,0,0,0,0,0,16,0,0,2,5,5,7,4,2,3,4,0,1,0,0,0,0,0,0,0,7,1,1,0,0,0,0,4,2,0,2,KRBKRNvK,DRAW,8/7n/5K2/3r3k/3R4/4B3/8/8 w - - 0 1
0,1,0,0,0,0,0,1,-1,1,0,1,1,1,0,0,0,0,0,16,0,0,6,1,2,7,7,3,6,21,27,0,0,0,0,0,0,0,0,7,1,1,0,0,0,0,2,2,0,0,KRBKRNvK,DRAW,3B3k/8/3R4/6r1/7n/1K6/8/8 b - - 0 1
1,1,0,0,0,0,0,1,-1,1,0,1,1,1,0,0,0,0,0,16,0,0,5,2,6,7,7,3,6,34,17,0,0,0,0,0,0,0,0,7,1,1,0,0,0,0,1,2,1,0,KRBKRNvK,DRAW,7k/2K5/6R1/3B4/1n6/3r4/8/8 w - - 0 1
1,1,0,0,0,0,0,1,-1,1,0,1,1,1,0,0,0,0,0,16,0,0,3,4,3,1,0,0,5,21,21,0,0,0,0,0,0,0,0,7,1,1,0,0,0,0,4,0,0,0,KRBKRNvK,DRAW,5r2/8/8/8/B1R1K2n/8/8/1k6 w - - 0 1
0,1,0,0,0,0,0,1,-1,1,0,1,1,1,0,0,0,0,0,16,0,0,3,4,1,1,0,2,5,20,26,0,0,0,0,0,0,0,0,7,1,1,0,0,0,0,2,2,0,0,KRBKRNvK,DRAW,8/n7/8/8/r7/4R3/4K2B/1k6 b - - 0 1
0,1,0,0,0,0,0,1,-1,1,0,1,1,1,0,0,0,0,0,16,0,0,3,4,4,4,1,0,2,28,18,0,0,0,0,0,0,0,0,7,1,1,0,0,0,0,4,1,0,1,KRBKRNvK,DRAW,8/4n3/8/4K1R1/8/r7/4k2B/8 b - - 0 1
0,1,0,0,0,0,0,1,-1,1,0,1,1,1,0,0,0,0,0,16,0,0,2,7,5,5,6,4,3,19,25,0,0,0,0,0,0,0,0,7,1,1,0,0,0,0,0,2,0,0,KRBKRNvK,DRAW,2R5/5k2/7K/8/6B1/4r3/n7/8 b - - 0 1
1,1,0,0,0,0,0,1,-1,1,0,1,1,1,0,0,0,0,0,16,0,0,7,0,3,7,0,3,6,4,0,1,0,0,0,0,0,0,0,7,1,1,0,0,0,0,2,2,0,0,KRBKRNvK,DRAW,n7/8/7B/R7/K5r1/8/8/7k w - - 0 1
1,1,0,0,0,0,0,1,-1,1,0,1,1,1,0,0,0,0,0,16,0,0,7,2,0,1,7,4,5,23,26,0,0,0,0,0,0,0,0,7,1,1,0,0,0,0,2,2,0,1,KRBKRNvK,DRAW,1k6/6r1/8/8/8/2n5/5B2/2KR4 w - - 0 1
1,1,0,0,0,0,0,1,-1,1,0,1,1,1,0,0,0,0,0,16,0,0,4,4,1,7,5,2,4,27,16,0,0,0,0,0,0,0,0,7,1,1,1,0,0,0,2,2,0,0,KRBKRNvK,DRAW,8/4R3/7k/r6n/B7/8/4K3/8 w - - 0 1
0,1,0,0,0,0,0,1,-1,1,0,1,1,1,0,0,0,0,0,16,0,0,4,2,1,0,5,3,4,23,21,0,0,0,0,0,0,0,0,7,1,1,1,0,0,0,2,3,1,1,KRBKRNvK,DRAW,8/2R2nB1/k7/8/3r4/8/2K5/8 b - - 0 1
1,1,0,0,0,0,0,1,-1,1,0,1,1,1,0,0,0,0,0,16,0,0,6,1,0,4,6,5,2,29,19,0,0,0,0,0,0,0,0,7,1,1,0,0,0,0,1,0,1,0,KRBKRNvK,DRAW,4r3/4k3/8/3n1B2/8/8/6R1/1K6 w - - 0 1
1,1,0,0,0,0,0,1,-1,1,0,1,1,1,0,0,0,0,0,16,0,0,3,2,3,5,5,1,2,27,21,0,0,0,0,0,0,0,0,7,1,1,0,0,0,0,4,1,0,1,KRBKRNvK,DRAW,7n/8/5k2/8/2K5/r7/5B2/4R3 w - - 0 1
0,1,0,0,0,0,0,1,-1,1,0,1,1,1,0,0,0,0,0,16,0,0,5,5,5,2,0,2,4,3,0,1,0,0,0,0,0,0,0,7,1,1,0,0,0,0,1,2,0,1,KRBKRNvK,LOSS,n1R1r3/8/5K2/6B1/8/8/8/2k5 b - - 0 1
0,1,0,0,0,0,0,1,-1,1,0,1,1,1,0,0,0,0,0,16,0,0,6,7,6,5,0,5,4,22,21,0,0,0,0,0,0,0,0,7,1,1,1,0,0,0,1,1,0,0,KRBKRNvK,DRAW,r7/4n1RK/8/8/3B4/8/8/5k2 b - - 0 1
0,1,0,0,0,0,0,1,-1,1,0,1,1,1,0,0,0,0,0,16,0,0,4,5,3,1,4,1,2,17,28,0,0,0,0,0,0,0,0,7,1,1,1,1,0,0,3,1,0,0,KRBKRNvK,DRAW,8/6R1/8/1k6/5K2/8/1rn3B1/8 b - - 0 1
0,1,0,0,0,0,0,1,-1,1,0,1,1,1,0,0,0,0,0,16,0,0,4,7,3,6,7,3,5,18,27,0,0,0,0,0,0,0,0,7,1,1,0,0,0,0,3,2,0,0,KRBKRNvK,DRAW,4rnk1/8/8/8/5R1K/8/6B1/8 b - - 0 1
1,1,0,0,0,0,0,1,-1,1,0,1,1,1,0,0,0,0,0,16,0,0,6,1,2,7,5,3,4,6,0,1,0,0,0,0,0,0,0,7,1,1,0,0,0,0,2,0,0,1,KRBKRNvK,DRAW,8/8/1r2B2k/R7/8/1K6/8/3n4 w - - 0 1
1,1,0,0,0,0,0,1,-1,1,0,1,1,1,0,0,0,0,0,16,0,0,3,2,1,4,4,3,0,35,21,0,0,0,0,0,0,0,0,7,1,1,0,0,0,0,1,3,1,0,KRBKRNvK,DRAW,5R2/6r1/n7/3Bk3/8/8/2K5/8 w - - 0 1
1,1,0,0,0,0,0,1,-1,1,0,1,1,1,0,0,0,0,0,16,0,0,2,2,0,0,1,4,5,2,0,1,0,0,0,0,0,0,0,7,1,1,0,0,0,0,1,0,0,0,KRBKRNvK,DRAW,B5R1/8/8/3n4/8/8/k7/2K2r2 w - - 0 1
1,1,0,0,0,0,0,1,-1,1,0,1,1,1,0,0,0,0,0,16,0,0,4,3,4,7,3,0,3,5,0,1,0,0,0,0,0,0,0,7,1,1,0,0,0,0,3,2,0,1,KRBKRNvK,DRAW,8/4n3/1R6/3K2r1/7k/3B4/8/8 w - - 0 1
0,1,0,0,0,0,0,1,-1,1,0,1,1,1,0,0,0,0,0,16,0,0,3,3,5,0,6,1,5,18,26,0,0,0,0,0,0,0,0,7,1,1,0,0,0,0,2,0,1,0,KRBKRNvK,DRAW,2B3n1/k5r1/3K4/8/8/8/7R/8 b - - 0 1
1,1,0,0,0,0,0,1,-1,1,0,1,1,1,0,0,0,0,0,16,0,0,4,2,3,4,7,1,3,6,0,1,0,0,0,0,0,0,0,7,1,1,0,1,0,0,3,0,1,1,KRBKRNvK,DRAW,3Bk1n1/8/8/R7/2K5/8/2r5/8 w - - 0 1
0,1,0,0,0,0,0,1,-1,1,0,1,1,1,0,0,0,0,0,16,0,0,3,2,2,2,5,2,2,6,0,1,0,0,0,0,0,0,0,7,1,1,0,0,0,0,2,1,0,0,KRBKRNvK,DRAW,8/8/r1k4R/8/8/2K4n/8/1B6 b - - 0 1
0,1,0,0,0,0,0,1,-1,1,0,1,1,1,0,0,0,0,0,16,0,0,6,7,2,1,7,4,5,4,0,1,0,0,0,0,0,0,0,7,1,1,0,0,0,0,0,3,0,1,KRBKRNvK,LOSS,1k1r4/4B3/8/8/6n1/7K/1R6/8 b - - 0 1
0,1,0,0,0,0,0,1,-1,1,0,1,1,1,0,0,0,0,0,16,0,0,2,4,1,2,3,2,1,4,0,1,0,0,0,0,0,0,0,7,1,1,0,0,0,0,1,2,2,1,KRBKRNvK,DRAW,7n/8/3B4/8/R1k5/8/4K3/3r4 b - - 0 1
1,1,0,0,0,0,0,1,-1,1,0,1,1,1,0,0,0,0,0,16,0,0,5,6,7,2,2,5,2,25,20,0,0,0,0,0,0,0,0,7,1,1,0,0,0,0,2,3,1,0,KRBKRNvK,DRAW,3B2K1/8/8/1r6/8/2k5/3R4/7n w - - 0 1
0,1,0,0,0,0,0,1,-1,1,0,1,1,1,0,0,0,0,0,16,0,0,5,1,2,6,1,3,4,19,28,0,0,0,0,0,0,0,0,7,1,1,1,0,0,0,0,1,1,0,KRBKRNvK,DRAW,4r3/R3n3/8/8/8/1K6/4B1k1/8 b - - 0 1
0,1,0,0,0,0,0,1,-1,1,0,1,1,1,0,0,0,0,0,16,0,0,4,1,7,3,3,5,0,29,25,0,0,0,0,0,0,0,0,7,1,1,1,0,0,0,0,3,0,0,KRBKRNvK,DRAW,1K6/R7/4r3/8/2nk2B1/8/8/8 b - - 0 1
0,1,0,0,0,0,0,1,-1,1,0,1,1,1,0,0,0,0,0,16,0,0,5,1,0,6,1,5,4,5,0,1,0,0,0,0,0,0,0,7,1,1,1,0,0,0,1,0,0,1,KRBKRNvK,DRAW,5r2/6R1/8/5B2/8/8/6k1/nK6 b - - 0 1
1,1,0,0,0,0,0,1,-1,1,0,1,1,1,0,0,0,0,0,16,0,0,3,6,4,4,7,2,3,26,21,0,0,0,0,0,0,0,0,7,1,1,0,0,0,0,1,1,1,1,KRBKRNvK,DRAW,4k3/2B2r2/8/1n4K1/8/8/8/2R5 w - - 0 1
0,1,0,0,0,0,0,1,-1,1,0,1,1,1,0,0,0,0,0,16,0,0,2,6,5,4,7,3,3,2,0,1,0,0,0,0,0,0,0,7,1,1,0,0,0,0,1,0,1,0,KRBKRNvK,DRAW,nR2k3/2r5/4B1K1/8/8/8/8/8 b - - 0 1
1,1,0,0,0,0,0,1,-1,1,0,1,1,1,0,0,0,0,0,16,0,0,7,0,4,7,1,3,5,5,0,1,0,0,0,0,0,0,0,7,1,1,0,0,0,0,0,2,0,1,KRBKRNvK,DRAW,7R/8/8/K1r5/8/7n/4B2k/8 w - - 0 1
0,1,0,0,0,0,0,1,-1,1,0,1,1,1,0,0,0,0,0,16,0,0,3,6,6,3,6,4,2,22,27,0,0,0,0,0,0,0,0,7,1,1,0,0,0,0,2,2,1,0,KRBKRNvK,DRAW,8/3k2K1/8/n3R3/2r5/8/4B3/8 b - - 0 1
0,1,0,0,0,0,0,1,-1,1,0,1,1,1,0,0,0,0,0,16,0,0,3,3,2,0,4,1,3,22,25,0,0,0,0,0,0,0,0,7,1,1,1,0,0,0,2,2,0,1,KRBKRNvK,DRAW,8/7R/8/k7/1r6/3K4/6n1/2B5 b - - 0 1
0,1,0,0,0,0,0,1,-1,1,0,1,1,1,0,0,0,0,0,16,0,0,4,1,7,2,3,5,1,23,25,0,0,0,0,0,0,0,0,7,1,1,0,1,0,0,2,2,2,0,KRBKRNvK,DRAW,1K6/8/4R3/8/B1k5/8/2n3r1/8 b - - 0 1
0,1,0,0,0,0,0,1,-1,1,0,1,1,1,0,0,0,0,0,16,0,0,3,5,2,3,5,2,1,20,28,0,0,0,0,0,0,0,0,7,1,1,0,0,0,0,1,3,1,0,KRBKRNvK,DRAW,8/1n2r3/3k4/5B2/8/5K2/8/1R6 b - - 0 1
0,1,0,0,0,0,0,1,-1,1,0,1,1,1,0,0,0,0,0,16,0,0,6,3,6,4,0,2,3,21,29,0,0,0,0,0,0,0,0,7,1,1,0,0,0,0,2,2,0,0,KRBKRNvK,DRAW,8/3K4/8/8/6r1/1R6/8/B3k2n b - - 0 1
0,1,0,0,0,0,0,1,-1,1,0,1,1,1,0,0,0,0,0,16,0,0,5,2,2,7,5,2,4,21,23,0,0,0,0,0,0,0,0,7,1,1,0,0,0,0,1,1,1,0,KRBKRNvK,DRAW,5R2/r4n2/7k/8/8/2K4B/8/8 b - - 0 1
0,1,0,0,0,0,0,1,-1,1,0,1,1,1,0,0,0,0,0,16,0,0,3,2,4,0,1,1,5,3,0,1,0,0,0,0,0,0,0,7,1,1,0,0,0,0,3,2,1,1,KRBKRNvK,DRAW,8/8/2B1r3/2K5/R7/8/k6n/8 b - - 0 1
1,1,0,0,0,0,0,1,-1,1,0,1,1,1,0,0,0,0,0,16,0,0,4,5,2,1,5,2,3,26,17,0,0,0,0,0,0,0,0,7,1,1,0,1,0,0,3,0,0,0,KRBKRNvK,DRAW,6n1/8/1k6/8/8/5K2/1r2B3/3R4 w - - 0 1
1,1,0,0,0,0,0,1,-1,1,0,1,1,1,0,0,0,0,0,16,0,0,4,7,6,3,6,5,2,24,26,0,0,0,0,0,0,0,0,7,1,1,0,0,0,0,1,3,0,0,KRBKRNvK,DRAW,6B1/2nk3K/8/8/8/R7/8/4r3 w - - 0 1
1,1,0,0,0,0,0,1,-1,1,0,1,1,1,0,0,0,0,0,16,0,0,3,4,5,7,3,1,3,26,27,0,0,0,0,0,0,0,0,7,1,1,0,0,0,0,2,3,0,0,KRBKRNvK,DRAW,4R3/8/4K3/r7/4B2k/2n5/8/8 w - - 0 1
0,1,0,0,0,0,0,1,-1,1,0,1,1,1,0,0,0,0,0,16,0,0,3,6,0,7,3,5,3,4,0,1,0,0,0,0,0,0,0,7,1,1,1,0,0,0,2,1,0,0,KRBKRNvK,DRAW,8/3R1n2/1r6/8/7k/8/8/4B1K1 b - - 0 1
1,1,0,0,0,0,0,1,-1,1,0,1,1,1,0,0,0,0,0,16,0,0,3,5,1,2,4,3,1,7,0,1,0,0,0,0,0,0,0,7,1,1,0,1,0,0,1,3,2,0,KRBKRNvK,DRAW,8/8/2n5/2k5/2B5/1R6/2r2K2/8 w - - 0 1
0,1,0,0,0,0,0,1,-1,1,0,1,1,1,0,0,0,0,0,16,0,0,2,2,2,2,0,2,4,21,28,0,0,0,0,0,0,0,0,7,1,1,0,0,0,0,3,1,0,0,KRBKRNvK,DRAW,5R2/7r/8/6n1/8/2K5/6B1/2k5 b - - 0 1
1,1,0,0,0,0,0,1,-1,1,0,1,1,1,0,0,0,0,0,16,0,0,6,1,7,2,1,5,3,6,0,1,0,0,0,0,0,0,0,7,1,1,0,0,0,0,1,0,0,0,KRBKRNvK,DRAW,1K4B1/8/R7/8/8/7n/2k5/1r6 w - - 0 1
1,1,0,0,0,0,0,1,-1,1,0,1,1,1,0,0,0,0,0,16,0,0,5,1,6,4,1,4,2,6,0,1,0,0,0,0,0,0,0,7,1,1,0,1,0,0,1,0,2,0,KRBKRNvK,DRAW,8/1K6/8/8/5B2/8/1r2k3/2n2R2 w - - 0 1
0,1,0,0,0,0,0,1,-1,1,0,1,1,1,0,0,0,0,0,16,0,0,3,1,4,1,1,2,4,21,29,0,0,0,0,0,0,0,0,7,1,1,0,0,0,0,0,0,0,0,KRBKRNvK,DRAW,R7/7r/8/1K6/8/8/1k6/4B1n1 b - - 0 1
0,1,0,0,0,0,0,1,-1,1,0,1,1,1,0,0,0,0,0,16,0,0,6,6,6,1,0,4,5,17,28,0,0,0,0,0,0,0,0,7,1,1,0,0,0,0,3,1,1,0,KRBKRNvK,DRAW,8/2B3K1/8/8/6n1/6r1/3R4/1k6 b - - 0 1
1,1,0,0,0,0,0,1,-1,1,0,1,1,1,0,0,0,0,0,16,0,0,6,0,2,6,2,4,3,24,25,0,0,0,0,0,0,0,0,7,1,1,1,0,0,0,0,3,0,1,KRBKRNvK,DRAW,4B3/2R5/8/8/1n3r2/K5k1/8/8 w - - 0 1
0,1,0,0,0,0,0,1,-1,1,0,1,1,1,0,0,0,0,0,16,0,0,3,2,0,5,2,4,2,4,0,1,0,0,0,0,0,0,0,7,1,1,0,0,0,0,2,1,1,0,KRBKRNvK,DRAW,8/n7/7B/8/5R2/5k1r/8/2K5 b - - 0 1
0,1,0,0,0,0,0,1,-1,1,0,1,1,1,0,0,0,0,0,16,0,0,5,0,0,0,5,6,4,4,0,1,0,0,0,0,0,0,0,7,1,1,0,0,0,0,2,0,0,0,KRBKRNvK,DRAW,8/8/k6r/8/8/7n/3RB3/K7 b - - 0 1
0,1,0,0,0,0,0,1,-1,1,0,1,1,1,0,0,0,0,0,16,0,0,6,1,0,7,6,5,5,20,24,0,0,0,0,0,0,0,0,7,1,1,0,0,0,0,0,2,1,1,KRBKRNvK,DRAW,5B2/3r3k/8/8/8/5R2/8/1Kn5 b - - 0 1
0,1,0,0,0,0,0,1,-1,1,0,1,1,1,0,0,0,0,0,16,0,0,2,5,3,7,4,1,3,15,22,0,0,0,0,0,0,0,0,7,1,1,1,0,0,0,2,0,0,1,KRBKRNvK,DRAW,8/1R1B4/8/7k/5K1n/8/8/7r b - - 0 1
1,1,0,0,0,0,0,1,-1,1,0,1,1,1,0,0,0,0,0,16,0,0,6,0,2,6,6,4,4,4,0,1,0,0,0,0,0,0,0,7,1,1,0,0,0,0,0,0,0,1,KRBKRNvK,DRAW,1n6/6k1/8/8/8/K1r4B/1R6/8 w - - 0 1
0,1,0,0,0,0,0,1,-1,1,0,1,1,1,0,0,0,0,0,16,0,0,3,0,3,2,6,3,3,24,24,0,0,0,0,0,0,0,0,7,1,1,0,0,0,0,0,0,0,0,KRBKRNvK,DRAW,8/2k2r2/8/7B/K3n3/1R6/8/8 b - - 0 1
0,1,0,0,0,0,0,1,-1,1,0,1,1,1,0,0,0,0,0,16,0,0,6,0,1,6,5,5,3,20,22,0,0,0,0,0,0,0,0,7,1,1,0,0,0,0,0,0,0,1,KRBKRNvK,DRAW,8/8/6k1/B7/n7/6r1/K6R/8 b - - 0 1
0,1,0,0,0,0,0,1,-1,1,0,1,1,1,0,0,0,0,0,16,0,0,3,5,2,5,5,2,2,23,28,0,0,0,0,0,0,0,0,7,1,1,0,0,0,0,3,3,0,1,KRBKRNvK,DRAW,7n/8/5k2/1B6/7r/5K2/3R4/8 b - - 0 1
1,1,0,0,0,0,0,1,-1,1,0,1,1,1,0,0,0,0,0,16,0,0,6,5,0,6,6,4,4,27,19,0,0,0,0,0,0,0,0,7,1,1,0,0,0,0,3,1,1,0,KRBKRNvK,DRAW,6r1/5nk1/8/4R3/8/8/5B2/5K2 w - - 0 1
0,1,0,0,0,0,0,1,-1,1,0,1,1,1,0,0,0,0,0,16,0,0,3,3,3,4,0,0,3,4,0,1,0,0,0,0,0,0,0,7,1,1,0,0,0,0,3,2,2,0,KRBKRNvK,DRAW,8/4rn2/8/8/3K4/8/2RB4/4k3 b - - 0 1
1,1,0,0,0,0,0,1,-1,1,0,1,1,1,0,0,0,0,0,16,0,0,3,5,6,2,3,3,1,26,20,0,0,0,0,0,0,0,0,7,1,1,0,0,0,0,0,3,1,0,KRBKRNvK,DRAW,8/5K2/5R2/8/2k5/B5n1/8/6r1 w - - 0 1
0,1,0,0,0,0,0,1,-1,1,0,1,1,1,0,0,0,0,0,16,0,0,6,3,6,3,0,2,3,21,24,0,0,0,0,0,0,0,0,7,1,1,1,0,0,0,1,0,1,1,KRBKRNvK,DRAW,8/1R1K4/2r5/8/n7/4B3/8/3k4 b - - 0 1
0,1,0,0,0,0,0,1,-1,1,0,1,1,1,0,0,0,0,0,16,0,0,4,7,1,4,5,5,1,4,0,1,0,0,0,0,0,0,0,7,1,1,1,0,0,0,1,3,0,0,KRBKRNvK,DRAW,r7/7R/3nk3/8/8/1B6/7K/8 b - - 0 1
0,1,0,0,0,0,0,1,-1,1,0,1,1,1,0,0,0,0,0,16,0,0,3,1,3,4,0,2,3,2,0,1,0,0,0,0,0,0,0,7,1,1,0,0,0,0,1,2,0,0,KRBKRNvK,DRAW,8/Bn6/8/4r3/1K6/8/8/1R2k3 b - - 0 1
1,1,0,0,0,0,0,1,-1,1,0,1,1,1,0,0,0,0,0,16,0,0,4,7,7,3,3,6,0,3,0,1,0,0,0,0,0,0,0,7,1,1,0,0,0,0,1,4,1,0,KRBKRNvK,DRAW,7K/8/8/4n3/3k3r/3B4/8/1R6 w - - 0 1
0,1,0,0,0,0,0,1,-1,1,0,1,1,1,0,0,0,0,0,16,0,0,4,7,0,3,3,6,0,7,0,1,0,0,0,0,0,0,0,7,1,1,0,1,0,0,1,3,1,0,KRBKRNvK,DRAW,2B5/n7/8/8/1R1k4/8/2r5/7K b - - 0 1
0,1,0,0,0,0,0,1,-1,1,0,1,1,1,0,0,0,0,0,16,0,0,3,3,2,5,5,1,2,27,23,0,0,0,0,0,0,0,0,7,1,1,0,0,0,0,2,3,0,1,KRBKRNvK,DRAW,8/8/B1n2k2/8/5r2/3K4/8/1R6 b - - 0 1
0,1,0,0,0,0,0,1,-1,1,0,1,1,1,0,0,0,0,0,16,0,0,3,5,5,3,2,2,1,22,25,0,0,0,0,0,0,0,0,7,1,1,0,0,0,0,2,3,1,1,KRBKRNvK,DRAW,1n6/4r3/5K2/2R5/B7/3k4/8/8 b - - 0 1
1,1,0,0,0,0,0,1,-1,1,0,1,1,1,0,0,0,0,0,16,0,0,4,3,5,0,1,1,5,25,20,0,0,0,0,0,0,0,0,7,1,1,0,1,0,0,3,0,0,0,KRBKRNvK,DRAW,B7/8/3K4/8/n7/5R2/k6r/8 w - - 0 1
1,1,0,0,0,0,0,1,-1,1,0,1,1,1,0,0,0,0,0,16,0,0,2,3,1,5,0,2,4,22,15,0,0,0,0,0,0,0,0,7,1,1,0,0,0,0,2,1,0,0,KRBKRNvK,DRAW,8/r4n2/B7/1R6/8/8/3K4/5k2 w - - 0 1
1,1,0,0,0,0,0,1,-1,1,0,1,1,1,0,0,0,0,0,16,0,0,3,3,7,0,7,3,6,25,18,0,0,0,0,0,0,0,0,7,1,1,1,0,0,0,0,2,1,0,KRBKRNvK,DRAW,k2K4/1R6/8/4r1B1/8/8/8/5n2 w - - 0 1
0,1,0,0,0,0,0,1,-1,1,0,1,1,1,0,0,0,0,0,16,0,0,5,2,3,7,5,1,4,18,30,0,0,0,0,0,0,0,0,7,1,1,1,0,0,0,3,0,0,0,KRBKRNvK,DRAW,1r6/R7/7k/8/2K5/5B2/8/7n b - - 0 1
1,1,0,0,0,0,0,1,-1,1,0,1,1,1,0,0,0,0,0,16,0,0,5,6,2,1,6,3,4,6,0,1,0,0,0,0,0,0,0,7,1,1,0,0,0,0,2,1,0,0,KRBKRNvK,DRAW,8/1k6/6r1/1n6/1B5R/6K1/8/8 w - - 0 1
0,1,0,0,0,0,0,1,-1,1,0,1,1,1,0,0,0,0,0,16,0,0,3,7,2,4,5,4,1,6,0,1,0,0,0,0,0,0,0,7,1,1,0,0,0,0,0,3,2,1,KRBKRNvK,DRAW,2R3B1/8/4k3/8/8/6nK/8/r7 b - - 0 1
0,1,0,0,0,0,0,1,-1,1,0,1,1,1,0,0,0,0,0,16,0,0,5,6,1,7,6,4,5,23,23,0,0,0,0,0,0,0,0,7,1,1,0,0,0,0,1,2,0,2,KRBKRNvK,DRAW,1BR5/7k/8/8/8/4r3/5nK1/8 b - - 0 1
0,1,0,0,0,0,0,1,-1,1,0,1,1,1,0,0,0,0,0,16,0,0,2,4,4,2,2,0,2,5,0,1,0,0,0,0,0,0,0,7,1,1,0,0,0,0,3,1,1,2,KRBKRNvK,DRAW,8/8/8/4Kn2/8/R1k3rB/8/8 b - - 0 1
0,1,0,0,0,0,0,1,-1,1,0,1,1,1,0,0,0,0,0,16,0,0,4,0,4,4,5,3,1,20,25,0,0,0,0,0,0,0,0,7,1,1,0,0,0,0,0,3,1,0,KRBKRNvK,DRAW,1n3B2/8/4k3/K7/8/6R1/8/4r3 b - - 0 1
1,1,0,0,0,0,0,1,-1,1,0,1,1,1,0,0,0,0,0,16,0,0,3,4,4,1,3,0,2,26,28,0,0,0,0,0,0,0,0,7,1,1,1,0,0,0,4,1,0,0,KRBKRNvK,DRAW,8/7R/5B2/4K3/1k6/8/3n4/6r1 w - - 0 1
1,1,0,0,0,0,0,1,-1,1,0,1,1,1,0,0,0,0,0,16,0,0,2,4,5,2,3,1,1,5,0,1,0,0,0,0,0,0,0,7,1,1,1,0,0,0,4,3,0,1,KRBKRNvK,DRAW,8/1r1R4/4K3/6n1/2k5/5B2/8/8 w - - 0 1
1,1,0,0,0,0,0,1,-1,1,0,1,1,1,0,0,0,0,0,16,0,0,4,7,3,3,6,3,2,3,0,1,0,0,0,0,0,0,0,7,1,1,0,0,0,0,2,1,1,0,KRBKRNvK,DRAW,8/3k1n1r/8/1R6/7K/8/B7/8 w - - 0 1
0,1,0,0,0,0,0,1,-1,1,0,1,1,1,0,0,0,0,0,16,0,0,5,1,5,6,5,3,3,20,28,0,0,0,0,0,0,0,0,7,1,1,0,0,0,0,3,2,1,0,KRBKRNvK,DRAW,8/8/1K4k1/5R2/8/8/n1B5/4r3 b - - 0 1
0,1,0,0,0,0,0,1,-1,1,0,1,1,1,0,0,0,0,0,16,0,0,3,6,5,3,6,3,2,21,23,0,0,0,0,0,0,0,0,7,1,1,0,0,0,0,2,2,1,0,KRBKRNvK,DRAW,8/3k4/3n2K1/3R4/2r5/8/7B/8 b - - 0 1
0,1,0,0,0,0,0,1,-1,1,0,1,1,1,0,0,0,0,0,16,0,0,2,6,3,6,5,2,3,20,26,0,0,0,0,0,0,0,0,7,1,1,0,0,0,0,2,2,0,1,KRBKRNvK,DRAW,3R4/8/n3r1k1/8/B5K1/8/8/8 b - - 0 1
1,1,0,0,0,0,0,1,-1,1,0,1,1,1,0,0,0,0,0,16,0,0,6,7,2,1,2,4,3,5,0,1,0,0,0,0,0,0,0,7,1,1,0,0,0,0,2,0,0,0,KRBKRNvK,DRAW,3B3n/8/8/6R1/8/1kr4K/8/8 w - - 0 1
1,1,0,0,0,0,0,1,-1,1,0,1,1,1,0,0,0,0,0,16,0,0,3,0,6,1,3,5,2,3,0,1,0,0,0,0,0,0,0,7,1,1,0,0,0,0,0,3,0,1,KRBKRNvK,LOSS,4r2R/K7/8/1n6/1k4B1/8/8/8 w - - 0 1
1,1,0,0,0,0,0,1,-1,1,0,1,1,1,0,0,0,0,0,16,0,0,2,3,3,5,4,0,1,21,24,0,0,0,0,0,0,0,0,7,1,1,0,1,0,0,4,2,1,2,KRBKRNvK,DRAW,8/8/3n4/5k2/3K4/6R1/1r6/6B1 w - - 0 1
0,1,0,0,0,0,0,1,-1,1,0,1,1,1,0,0,0,0,0,16,0,0,6,4,0,6,6,3,4,24,22,0,0,0,0,0,0,0,0,7,1,1,0,0,0,0,1,0,0,0,KRBKRNvK,DRAW,8/6k1/7r/1RB5/8/8/1n6/4K3 b - - 0 1
0,1,0,0,0,0,0,1,-1,1,0,1,1,1,0,0,0,0,0,16,0,0,5,6,6,3,1,4,2,7,0,1,0,0,0,0,0,0,0,7,1,1,0,0,0,0,4,1,0,0,KRBKRNvK,DRAW,2r5/6K1/8/3R4/8/8/3k1nB1/8 b - - 0 1
1,1,0,0,0,0,0,1,-1,1,0,1,1,1,0,0,0,0,0,16,0,0,7,6,7,3,0,5,3,26,21,0,0,0,0,0,0,0,0,7,1,1,0,0,0,0,2,1,0,1,KRBKRNvK,DRAW,6K1/r4n2/8/1R6/8/6B1/8/3k4 w - - 0 1
1,1,0,0,0,0,0,1,-1,1,0,1,1,1,0,0,0,0,0,16,0,0,6,1,4,7,1,2,5,30,12,0,0,0,0,0,0,0,0,7,1,1,0,0,0,0,1,0,2,0,KRBKRNvK,DRAW,4n2r/8/8/1K6/8/8/5B1k/6R1 w - - 0 1
0,1,0,0,0,0,0,1,-1,1,0,1,1,1,0,0,0,0,0,16,0,0,5,1,5,0,0,3,6,2,0,1,0,0,0,0,0,0,0,7,1,1,0,0,0,0,1,3,1,0,KRBKRNvK,DRAW,8/8/1K3n2/2B5/5r2/R7/8/k7 b - - 0 1
1,1,0,0,0,0,0,1,-1,1,0,1,1,1,0,0,0,0,0,16,0,0,2,6,3,7,1,2,5,5,0,1,0,0,0,0,0,0,0,7,1,1,1,0,0,0,1,0,0,1,KRBKRNvK,LOSS,8/R7/4B2n/8/6K1/8/7k/r7 w - - 0 1
0,1,0,0,0,0,0,1,-1,1,0,1,1,1,0,0,0,0,0,16,0,0,3,3,3,4,6,0,2,6,0,1,0,0,0,0,0,0,0,7,1,1,0,0,0,0,3,0,0,0,KRBKRNvK,DRAW,2n4r/4k2B/8/8/3K4/8/4R3/8 b - - 0 1
0,1,0,0,0,0,0,1,-1,1,0,1,1,1,0,0,0,0,0,16,0,0,2,2,0,0,0,4,6,17,22,0,0,0,0,0,0,0,0,7,1,1,0,0,0,0,1,2,1,0,KRBKRNvK,DRAW,3r4/5B2/8/8/8/8/2R4n/k1K5 b - - 0 1
1,1,0,0,0,0,0,1,-1,1,0,1,1,1,0,0,0,0,0,16,0,0,2,4,4,6,2,0,3,2,0,1,0,0,0,0,0,0,0,7,1,1,0,0,0,0,3,2,0,2,KRBKRNvK,DRAW,R7/2n1B3/4r3/4K3/8/6k1/8/8 w - - 0 1
0,1,0,0,0,0,0,1,-1,1,0,1,1,1,0,0,0,0,0,16,0,0,2,0,5,1,3,4,2,5,0,1,0,0,0,0,0,0,0,7,1,1,0,0,0,0,2,3,0,1,KRBKRNvK,DRAW,8/8/K7/2r2n2/1k3R2/8/5B2/8 b - - 0 1
1,1,0,0,0,0,0,1,-1,1,0,1,1,1,0,0,0,0,0,16,0,0,4,6,3,7,7,2,6,7,0,1,0,0,0,0,0,0,0,7,1,1,0,0,0,0,2,2,0,1,KRBKRNvK,LOSS,7k/8/8/3B4/3R2K1/8/5n2/3r4 w - - 0 1
1,1,0,0,0,0,0,1,-1,1,0,1,1,1,0,0,0,0,0,16,0,0,2,3,3,5,3,0,1,20,22,0,0,0,0,0,0,0,0,7,1,1,1,0,0,0,4,2,0,1,KRBKRNvK,DRAW,4r3/7R/8/4n3/3K1k2/8/8/6B1 w - - 0 1
0,1,0,0,0,0,0,1,-1,1,0,1,1,1,0,0,0,0,0,16,0,0,4,3,4,0,0,0,6,21,27,0,0,0,0,0,0,0,0,7,1,1,0,0,0,0,3,0,0,0,KRBKRNvK,DRAW,8/8/8/3K4/n1R5/6r1/8/k2B4 b - - 0 1
0,1,0,0,0,0,0,1,-1,1,0,1,1,1,0,0,0,0,0,16,0,0,4,3,2,7,3,1,3,22,24,0,0,0,0,0,0,0,0,7,1,1,0,0,0,0,2,1,1,0,KRBKRNvK,DRAW,5B2/2n5/r7/8/7k/3K1R2/8/8 b - - 0 1
0,1,0,0,0,0,0,1,-1,1,0,1,1,1,0,0,0,0,0,16,0,0,5,1,1,3,6,4,2,19,26,0,0,0,0,0,0,0,0,7,1,1,0,0,0,0,3,2,2,1,KRBKRNvK,DRAW,4n3/3k4/8/2R1B3/8/8/1K6/3r4 b - - 0 1
0,1,0,0,0,0,0,1,-1,1,0,1,1,1,0,0,0,0,0,16,0,0,4,2,4,2,0,1,4,20,32,0,0,0,0,0,0,0,0,7,1,1,0,0,0,0,3,0,0,0,KRBKRNvK,DRAW,2n3r1/8/8/2KB4/7R/8/8/2k5 b - - 0 1
1,1,0,0,0,0,0,1,-1,1,0,1,1,1,0,0,0,0,0,16,0,0,2,4,5,6,6,1,4,25,18,0,0,0,0,0,0,0,0,7,1,1,0,0,0,0,2,1,0,2,KRBKRNvK,DRAW,6r1/5nk1/4K3/1BR5/8/8/8/8 w - - 0 1
0,1,0,0,0,0,0,1,-1,1,0,1,1,1,0,0,0,0,0,16,0,0,3,3,2,0,4,1,3,20,17,0,0,0,0,0,0,0,0,7,1,1,0,0,0,0,2,2,0,1,KRBKRNvK,DRAW,8/7B/8/k1r5/8/3K4/8/3R3n b - - 0 1
0,1,0,0,0,0,0,1,-1,1,0,1,1,1,0,0,0,0,0,16,0,0,4,2,2,4,6,2,2,21,22,0,0,0,0,0,0,0,0,7,1,1,0,0,0,0,2,0,1,0,KRBKRNvK,DRAW,8/4k1B1/7r/8/8/2K5/8/2R4n b - - 0 1
0,1,0,0,0,0,0,1,-1,1,0,1,1,1,0,0,0,0,0,16,0,0,3,4,6,7,5,2,4,18,24,0,0,0,0,0,0,0,0,7,1,1,1,0,0,0,0,0,1,0,KRBKRNvK,DRAW,8/3BKR2/7k/8/8/8/8/r5n1 b - - 0 1
1,1,0,0,0,0,0,1,-1,1,0,1,1,1,0,0,0,0,0,16,0,0,4,4,3,0,1,0,5,26,23,0,0,0,0,0,0,0,0,7,1,1,0,0,0,0,4,1,0,0,KRBKRNvK,DRAW,8/3n4/3B4/8/4K3/4R3/k7/6r1 w - - 0 1
1,1,0,0,0,0,0,1,-1,1,0,1,1,1,0,0,0,0,0,16,0,0,3,7,4,4,5,3,1,3,0,1,0,0,0,0,0,0,0,7,1,1,0,1,0,0,2,3,1,1,KRBKRNvK,DRAW,8/8/4k3/B6K/2R5/6n1/7r/8 w - - 0 1
0,1,0,0,0,0,0,1,-1,1,0,1,1,1,0,0,0,0,0,16,0,0,6,1,7,7,4,5,3,5,0,1,0,0,0,0,0,0,0,7,1,1,0,0,0,0,2,2,0,0,KRBKRNvK,DRAW,1K6/8/8/5r1k/2R1n3/8/4B3/8 b - - 0 1
0,1,0,0,0,0,0,1,-1,1,0,1,1,1,0,0,0,0,0,16,0,0,3,6,7,5,4,5,1,4,0,1,0,0,0,0,0,0,0,7,1,1,1,0,0,0,0,3,2,1,KRBKRNvK,DRAW,4n1K1/3B2R1/8/1r3k2/8/8/8/8 b - - 0 1
0,1,0,0,0,0,0,1,-1,1,0,1,1,1,0,0,0,0,0,16,0,0,4,1,1,5,2,4,2,19,26,0,0,0,0,0,0,0,0,7,1,1,0,0,0,0,2,1,0,1,KRBKRNvK,DRAW,4R3/3B4/7n/8/8/r4k2/1K6/8 b - - 0 1
0,1,0,0,0,0,0,1,-1,1,0,1,1,1,0,0,0,0,0,16,0,0,2,7,3,5,5,3,2,21,23,0,0,0,0,0,0,0,0,7,1,1,0,0,0,0,1,2,1,0,KRBKRNvK,DRAW,7n/7B/5k2/8/7K/8/2R5/4r3 b - - 0 1
0,1,0,0,0,0,0,1,-1,1,0,1,1,1,0,0,0,0,0,16,0,0,6,0,1,6,6,5,4,24,26,0,0,0,0,0,0,0,0,7,1,1,0,1,0,0,3,0,0,1,KRBKRNvK,WIN,8/6k1/8/8/8/4RB2/Kn5r/8 b - - 0 1
1,1,0,0,0,0,0,1,-1,1,0,1,1,1,0,0,0,0,0,16,0,0,2,2,3,2,5,1,2,19,23,0,0,0,0,0,0,0,0,7,1,1,0,0,0,0,3,2,1,1,KRBKRNvK,DRAW,2B5/8/2k5/8/2K3R1/8/2n5/5r2 w - - 0 1
1,1,0,0,0,0,0,1,-1,1,0,1,1,1,0,0,0,0,0,16,0,0,5,4,7,3,2,3,1,4,0,1,0,0,0,0,0,0,0,7,1,1,0,0,0,0,0,3,0,1,KRBKRNvK,DRAW,1r2K3/8/2R3n1/8/7B/3k4/8/8 w - - 0 1
1,1,0,0,0,0,0,1,-1,1,0,1,1,1,0,0,0,0,0,16,0,0,3,7,7,4,5,6,1,27,18,0,0,0,0,0,0,0,0,7,1,1,1,0,0,0,3,3,2,0,KRBKRNvK,DRAW,7K/3R4/4k3/7n/5B2/8/8/4r3 w - - 0 1
0,1,0,0,0,0,0,1,-1,1,0,1,1,1,0,0,0,0,0,16,0,0,3,5,3,3,0,1,3,19,25,0,0,0,0,0,0,0,0,7,1,1,0,1,0,0,2,0,0,0,KRBKRNvK,DRAW,3BR3/8/8/8/5K2/n7/2r5/3k4 b - - 0 1
1,1,0,0,0,0,0,1,-1,1,0,1,1,1,0,0,0,0,0,16,0,0,4,3,0,4,4,3,0,22,27,0,0,0,0,0,0,0,0,7,1,1,1,0,0,0,0,3,1,0,KRBKRNvK,DRAW,8/R3B3/8/4kn2/2r5/8/8/3K4 w - - 0 1
0,1,0,0,0,0,0,1,-1,1,0,1,1,1,0,0,0,0,0,16,0,0,2,7,6,5,4,5,1,23,24,0,0,0,0,0,0,0,0,7,1,1,1,0,0,0,2,2,1,1,KRBKRNvK,DRAW,7n/3R3K/8/1B3k2/8/8/8/2r5 b - - 0 1
1,1,0,0,0,0,0,1,-1,1,0,1,1,1,0,0,0,0,0,16,0,0,5,3,0,3,5,3,1,26,24,0,0,0,0,0,0,0,0,7,1,1,0,0,0,0,2,3,2,0,KRBKRNvK,DRAW,3B4/8/3k4/2n2r2/1R6/8/8/3K4 w - - 0 1
0,1,0,0,0,0,0,1,-1,1,0,1,1,1,0,0,0,0,0,16,0,0,5,5,6,0,5,3,4,2,0,1,0,0,0,0,0,0,0,7,1,1,0,1,0,0,2,0,2,0,KRBKRNvK,DRAW,8/5K2/k7/2B5/R7/8/2r5/2n5 b - - 0 1
0,1,0,0,0,0,0,1,-1,1,0,1,1,1,0,0,0,0,0,16,0,0,2,7,4,7,6,3,5,24,23,0,0,0,0,0,0,0,0,7,1,1,0,0,0,0,1,3,1,0,KRBKRNvK,DRAW,8/5B1k/8/2n4K/8/8/5R2/3r4 b - - 0 1
1,1,0,0,0,0,0,1,-1,1,0,1,1,1,0,0,0,0,0,16,0,0,4,2,0,6,2,4,3,5,0,1,0,0,0,0,0,0,0,7,1,1,1,0,0,0,1,2,0,0,KRBKRNvK,DRAW,7n/1R3B2/8/2r5/8/6k1/8/2K5 w - - 0 1
1,1,0,0,0,0,0,1,-1,1,0,1,1,1,0,0,0,0,0,16,0,0,5,5,2,0,1,2,5,20,19,0,0,0,0,0,0,0,0,7,1,1,0,1,0,0,1,2,1,2,KRBKRNvK,DRAW,8/8/8/7n/8/5KR1/k1Br4/8 w - - 0 1
0,1,0,0,0,0,0,1,-1,1,0,1,1,1,0,0,0,0,0,16,0,0,4,0,3,0,7,3,6,20,23,0,0,0,0,0,0,0,0,7,1,1,0,0,0,0,0,2,0,1,KRBKRNvK,DRAW,k7/8/8/1r5n/K7/8/6R1/2B5 b - - 0 1
0,1,0,0,0,0,0,1,-1,1,0,1,1,1,0,0,0,0,0,16,0,0,3,3,4,5,7,0,4,24,18,0,0,0,0,0,0,0,0,7,1,1,0,0,0,0,3,3,0,1,KRBKRNvK,DRAW,5k2/8/8/3K4/4r3/6nB/7R/8 b - - 0 1
0,1,0,0,0,0,0,1,-1,1,0,1,1,1,0,0,0,0,0,16,0,0,4,7,7,3,7,6,3,25,22,0,0,0,0,0,0,0,0,7,1,1,0,0,0,0,3,1,0,1,KRBKRNvK,DRAW,3k3K/8/6r1/5R2/8/3B4/4n3/8 b - - 0 1
1,1,0,0,0,0,0,1,-1,1,0,1,1,1,0,0,0,0,0,16,0,0,7,6,0,2,7,5,4,1,0,1,0,0,0,0,0,0,0,7,1,1,0,0,0,0,2,1,1,2,KRBKRNvK,DRAW,2k5/8/1R6/8/8/4n3/8/5rKB w - - 0 1
0,1,0,0,0,0,0,1,-1,1,0,1,1,1,0,0,0,0,0,16,0,0,2,1,3,3,3,2,0,23,21,0,0,0,0,0,0,0,0,7,1,1,0,0,0,0,0,3,0,1,KRBKRNvK,DRAW,8/8/8/8/1K1k4/2n4r/8/2B3R1 b - - 0 1
0,1,0,0,0,0,0,1,-1,1,0,1,1,1,0,0,0,0,0,16,0,0,7,3,7,5,0,3,4,25,20,0,0,0,0,0,0,0,0,7,1,1,0,0,0,0,3,0,0,1,KRBKRNvK,DRAW,3K4/8/5r2/2R1n3/8/2B5/8/5k2 b - - 0 1
0,1,0,0,0,0,0,1,-1,1,0,1,1,1,0,0,0,0,0,16,0,0,5,5,4,0,1,1,5,21,21,0,0,0,0,0,0,0,0,7,1,1,0,1,0,0,3,0,0,0,KRBKRNvK,DRAW,8/7B/8/2R2K2/8/8/kr6/4n3 b - - 0 1
0,1,0,0,0,0,0,1,-1,1,0,1,1,1,0,0,0,0,0,16,0,0,2,5,1,3,1,3,2,24,22,0,0,0,0,0,0,0,0,7,1,1,0,0,0,0,3,2,0,0,KRBKRNvK,DRAW,B7/8/4r3/5Rn1/8/8/3k1K2/8 b - - 0 1
0,1,0,0,0,0,0,1,-1,1,0,1,1,1,0,0,0,0,0,16,0,0,3,5,2,2,2,2,2,20,25,0,0,0,0,0,0,0,0,7,1,1,0,0,0,0,2,2,0,0,KRBKRNvK,DRAW,8/3rn3/8/6B1/6R1/2k2K2/8/8 b - - 0 1
0,1,0,0,0,0,0,1,-1,1,0,1,1,1,0,0,0,0,0,16,0,0,3,3,0,0,1,3,5,5,0,1,0,0,0,0,0,0,0,7,1,1,0,0,0,0,2,0,0,0,KRBKRNvK,LOSS,2r1n3/8/B7/8/8/8/k2R4/3K4 b - - 0 1
1,1,0,0,0,0,0,1,-1,1,0,1,1,1,0,0,0,0,0,16,0,0,5,0,1,1,6,5,4,3,0,1,0,0,0,0,0,0,0,7,1,1,0,1,0,0,2,3,0,1,KRBKRNvK,DRAW,8/1k4B1/7R/8/8/2n5/K3r3/8 w - - 0 1
1,1,0,0,0,0,0,1,-1,1,0,1,1,1,0,0,0,0,0,16,0,0,7,0,7,5,0,6,4,24,21,0,0,0,0,0,0,0,0,7,1,1,0,0,0,0,2,3,0,0,KRBKRNvK,DRAW,K7/8/2B3R1/8/8/3r4/5n2/5k2 w - - 0 1
0,1,0,0,0,0,0,1,-1,1,0,1,1,1,0,0,0,0,0,16,0,0,6,7,6,1,2,5,3,25,20,0,0,0,0,0,0,0,0,7,1,1,0,1,0,0,1,0,0,0,KRBKRNvK,DRAW,1n6/7K/1B5R/8/8/1k6/6r1/8 b - - 0 1
1,1,0,0,0,0,0,1,-1,1,0,1,1,1,0,0,0,0,0,16,0,0,2,0,6,2,7,5,4,3,0,1,0,0,0,0,0,0,0,7,1,1,0,0,0,0,3,2,0,0,KRBKRNvK,DRAW,2k4B/K3r3/6n1/8/6R1/8/8/8 w - - 0 1
0,1,0,0,0,0,0,1,-1,1,0,1,1,1,0,0,0,0,0,16,0,0,5,5,3,0,7,1,6,18,24,0,0,0,0,0,0,0,0,7,1,1,1,0,0,0,2,1,0,0,KRBKRNvK,DRAW,k7/2rnR3/8/8/5K2/7B/8/8 b - - 0 1
0,1,0,0,0,0,0,1,-1,1,0,1,1,1,0,0,0,0,0,16,0,0,4,4,6,0,6,2,5,23,27,0,0,0,0,0,0,0,0,7,1,1,0,0,0,0,0,1,0,0,KRBKRNvK,DRAW,8/k3K3/5R1B/8/8/1r6/2n5/8 b - - 0 1
0,1,0,0,0,0,0,1,-1,1,0,1,1,1,0,0,0,0,0,16,0,0,5,5,1,3,6,3,2,25,26,0,0,0,0,0,0,0,0,7,1,1,0,0,0,0,1,2,0,0,KRBKRNvK,DRAW,4n3/3k4/8/6r1/8/R7/5K2/1B6 b - - 0 1
0,1,0,0,0,0,0,1,-1,1,0,1,1,1,0,0,0,0,0,16,0,0,4,0,7,1,3,6,2,4,0,1,0,0,0,0,0,0,0,7,1,1,0,1,0,0,0,0,1,0,KRBKRNvK,LOSS,K6n/4B3/8/8/1k6/8/R4r2/8 b - - 0 1
1,1,0,0,0,0,0,1,-1,1,0,1,1,1,0,0,0,0,0,16,0,0,3,4,4,7,4,0,3,25,13,0,0,0,0,0,0,0,0,7,1,1,0,1,0,0,4,0,0,0,KRBKRNvK,WIN,1R6/8/8/n3K2k/8/8/rB6/8 w - - 0 1
1,1,0,0,0,0,0,1,-1,1,0,1,1,1,0,0,0,0,0,16,0,0,5,2,3,7,7,1,6,6,0,1,0,0,0,0,0,0,0,7,1,1,0,0,0,0,2,0,1,0,KRBKRNvK,DRAW,7k/2r5/7B/7n/2K5/8/6R1/8 w - - 0 1
1,1,0,0,0,0,0,1,-1,1,0,1,1,1,0,0,0,0,0,16,0,0,2,3,6,1,4,2,2,26,16,0,0,0,0,0,0,0,0,7,1,1,0,0,0,0,2,0,0,1,KRBKRNvK,DRAW,3B1r2/3K4/8/1k6/4R3/8/8/1n6 w - - 0 1
1,1,0,0,0,0,0,1,-1,1,0,1,1,1,0,0,0,0,0,16,0,0,7,3,7,6,0,3,5,24,23,0,0,0,0,0,0,0,0,7,1,1,0,0,0,0,2,0,0,1,KRBKRNvK,WIN,3K4/4B3/1r6/n7/4R3/8/8/6k1 w - - 0 1
1,1,0,0,0,0,0,1,-1,1,0,1,1,1,0,0,0,0,0,16,0,0,5,5,1,0,2,3,4,30,19,0,0,0,0,0,0,0,0,7,1,1,0,0,0,0,1,2,1,0,KRBKRNvK,DRAW,3n4/8/4r3/8/5B2/k7/5K2/1R6 w - - 0 1
0,1,0,0,0,0,0,1,-1,1,0,1,1,1,0,0,0,0,0,16,0,0,2,4,0,4,2,3,1,22,17,0,0,0,0,0,0,0,0,7,1,1,0,0,0,0,0,2,0,0,KRBKRNvK,DRAW,8/8/8/B7/6r1/4k3/n7/4K2R b - - 0 1
0,1,0,0,0,0,0,1,-1,1,0,1,1,1,0,0,0,0,0,16,0,0,2,4,1,4,3,2,0,2,0,1,0,0,0,0,0,0,0,7,1,1,0,0,0,0,3,3,0,0,KRBKRNvK,LOSS,8/1B6/8/3r4/R3k3/8/4K2n/8 b - - 0 1
0,1,0,0,0,0,0,1,-1,1,0,1,1,1,0,0,0,0,0,16,0,0,2,0,0,0,2,6,4,23,21,0,0,0,0,0,0,0,0,7,1,1,0,1,0,0,3,1,0,1,KRBKRNvK,DRAW,8/2n5/8/5R2/8/k7/1r6/K6B b - - 0 1
1,1,0,0,0,0,0,1,-1,1,0,1,1,1,0,0,0,0,0,16,0,0,5,4,6,7,1,2,5,4,0,1,0,0,0,0,0,0,0,7,1,1,0,0,0,0,0,0,0,2,KRBKRNvK,DRAW,6r1/4K3/1R6/3n4/8/8/3B3k/8 w - - 0 1
0,1,0,0,0,0,0,1,-1,1,0,1,1,1,0,0,0,0,0,16,0,0,6,5,6,6,0,3,5,4,0,1,0,0,0,0,0,0,0,7,1,1,1,0,0,0,0,0,0,0,KRBKRNvK,LOSS,8/5KR1/n7/8/8/B7/8/2r3k1 b - - 0 1
0,1,0,0,0,0,0,1,-1,1,0,1,1,1,0,0,0,0,0,16,0,0,3,4,3,7,5,0,4,18,18,0,0,0,0,0,0,0,0,7,1,1,0,0,0,0,3,1,0,1,KRBKRNvK,DRAW,8/8/7k/R3n2r/4K3/8/8/B7 b - - 0 1
1,1,0,0,0,0,0,1,-1,1,0,1,1,1,0,0,0,0,0,16,0,0,4,3,2,7,6,1,5,25,12,0,0,0,0,0,0,0,0,7,1,1,0,0,0,0,3,0,1,0,KRBKRNvK,DRAW,7r/7k/3R3B/7n/8/3K4/8/8 w - - 0 1
0,1,0,0,0,0,0,1,-1,1,0,1,1,1,0,0,0,0,0,16,0,0,3,2,7,4,4,4,0,26,13,0,0,0,0,0,0,0,0,7,1,1,0,0,0,0,0,3,0,1,KRBKRNvK,DRAW,1RK1n3/7B/6r1/4k3/8/8/8/8 b - - 0 1
0,1,0,0,0,0,0,1,-1,1,0,1,1,1,0,0,0,0,0,16,0,0,6,2,0,7,6,4,5,4,0,1,0,0,0,0,0,0,0,7,1,1,0,0,0,0,0,2,0,0,KRBKRNvK,DRAW,1nB5/7k/8/r7/8/8/7R/2K5 b - - 0 1
0,1,0,0,0,0,0,1,-1,1,0,1,1,1,0,0,0,0,0,16,0,0,3,1,3,4,3,2,0,5,0,1,0,0,0,0,0,0,0,7,1,1,0,1,0,0,2,3,0,1,KRBKRNvK,DRAW,8/3n4/8/8/1K2k2R/1B6/1r6/8 b - - 0 1
0,1,0,0,0,0,0,1,-1,1,0,1,1,1,0,0,0,0,0,16,0,0,5,7,0,7,5,6,4,24,23,0,0,0,0,0,0,0,0,7,1,1,0,0,0,0,3,1,1,0,KRBKRNvK,DRAW,8/8/1r5k/R4B2/8/3n4/8/7K b - - 0 1
0,1,0,0,0,0,0,1,-1,1,0,1,1,1,0,0,0,0,0,16,0,0,4,5,0,7,4,4,3,4,0,1,0,0,0,0,0,0,0,7,1,1,1,0,0,0,2,3,0,1,KRBKRNvK,DRAW,4B3/4R3/8/6nk/8/3r4/8/5K2 b - - 0 1
0,1,0,0,0,0,0,1,-1,1,0,1,1,1,0,0,0,0,0,16,0,0,6,6,2,0,3,3,3,21,26,0,0,0,0,0,0,0,0,7,1,1,0,0,0,0,0,0,0,0,KRBKRNvK,DRAW,8/8/6R1/8/k5B1/n5K1/8/1r6 b - - 0 1
0,1,0,0,0,0,0,1,-1,1,0,1,1,1,0,0,0,0,0,16,0,0,6,7,7,1,2,6,3,7,0,1,0,0,0,0,0,0,0,7,1,1,0,0,0,0,1,1,1,0,KRBKRNvK,DRAW,7K/2n2B2/1r6/8/8/1k6/8/2R5 b - - 0 1
1,1,0,0,0,0,0,1,-1,1,0,1,1,1,0,0,0,0,0,16,0,0,6,2,0,6,6,4,4,2,0,1,0,0,0,0,0,0,0,7,1,1,0,0,0,0,0,3,1,1,KRBKRNvK,LOSS,8/6k1/5R2/8/8/5n2/8/2K1rB2 w - - 0 1
0,1,0,0,0,0,0,1,-1,1,0,1,1,1,0,0,0,0,0,16,0,0,2,2,3,4,1,1,2,21,19,0,0,0,0,0,0,0,0,7,1,1,0,0,0,0,2,2,0,1,KRBKRNvK,DRAW,8/8/3r4/1B6/2K5/8/4k2n/1R6 b - - 0 1
0,1,0,0,0,0,0,1,-1,1,0,1,1,1,0,0,0,0,0,16,0,0,2,1,5,0,7,3,6,1,0,1,0,0,0,0,0,0,0,7,1,1,0,1,0,0,0,1,0,0,KRBKRNvK,LOSS,k6R/8/1K6/8/8/1n6/B1r5/8 b - - 0 1
0,1,0,0,0,0,0,1,-1,1,0,1,1,1,0,0,0,0,0,16,0,0,3,3,1,0,2,2,4,6,0,1,0,0,0,0,0,0,0,7,1,1,1,0,0,0,0,2,0,1,KRBKRNvK,DRAW,5B2/6R1/8/1r6/8/k7/3K4/4n3 b - - 0 1
0,1,0,0,0,0,0,1,-1,1,0,1,1,1,0,0,0,0,0,16,0,0,5,3,1,6,6,2,4,7,0,1,0,0,0,0,0,0,0,7,1,1,1,0,0,0,1,1,0,0,KRBKRNvK,DRAW,8/R5k1/8/2n5/8/6r1/2BK4/8 b - - 0 1
0,1,0,0,0,0,0,1,-1,1,0,1,1,1,0,0,0,0,0,16,0,0,2,0,6,0,4,5,3,25,28,0,0,0,0,0,0,0,0,7,1,1,0,1,0,0,2,1,0,0,KRBKRNvK,DRAW,8/K7/5B2/k7/8/3n4/2r5/6R1 b - - 0 1
0,1,0,0,0,0,0,1,-1,1,0,1,1,1,0,0,0,0,0,16,0,0,5,5,0,6,5,4,3,24,22,0,0,0,0,0,0,0,0,7,1,1,1,0,0,0,3,1,1,1,KRBKRNvK,DRAW,7B/3R4/r5k1/8/8/3n4/8/5K2 b - - 0 1
0,1,0,0,0,0,0,1,-1,1,0,1,1,1,0,0,0,0,0,16,0,0,6,0,6,4,0,5,3,21,25,0,0,0,0,0,0,0,0,7,1,1,0,0,0,0,2,2,1,0,KRBKRNvK,DRAW,8/K7/4r3/8/8/7R/1n4B1/4k3 b - - 0 1
0,1,0,0,0,0,0,1,-1,1,0,1,1,1,0,0,0,0,0,16,0,0,5,2,6,7,2,3,4,4,0,1,0,0,0,0,0,0,0,7,1,1,0,0,0,0,0,2,1,1,KRBKRNvK,DRAW,8/n1K5/8/8/4r3/5R1k/4B3/8 b - - 0 1
1,1,0,0,0,0,0,1,-1,1,0,1,1,1,0,0,0,0,0,16,0,0,2,3,4,3,6,0,2,1,0,1,0,0,0,0,0,0,0,7,1,1,0,0,0,0,4,3,0,1,KRBKRNvK,DRAW,8/3k4/3n4/3K2r1/1R6/8/8/7B w - - 0 1
1,1,0,0,0,0,0,1,-1,1,0,1,1,1,0,0,0,0,0,16,0,0,7,7,5,0,5,4,4,19,25,0,0,0,0,0,0,0,0,7,1,1,1,1,0,0,2,2,0,0,KRBKRNvK,DRAW,5B2/4R3/k6K/8/8/5n2/1r6/8 w - - 0 1
0,1,0,0,0,0,0,1,-1,1,0,1,1,1,0,0,0,0,0,16,0,0,2,1,4,3,2,2,1,4,0,1,0,0,0,0,0,0,0,7,1,1,0,0,0,0,2,3,2,0,KRBKRNvK,LOSS,8/8/6n1/1K6/5Rr1/3k4/8/5B2 b - - 0 1
0,1,0,0,0,0,0,1,-1,1,0,1,1,1,0,0,0,0,0,16,0,0,5,5,7,0,3,4,3,24,25,0,0,0,0,0,0,0,0,7,1,1,0,1,0,0,0,0,0,0,KRBKRNvK,DRAW,5K2/8/8/3n4/k7/7B/2r5/1R6 b - - 0 1
1,1,0,0,0,0,0,1,-1,1,0,1,1,1,0,0,0,0,0,16,0,0,5,1,4,6,1,2,4,6,0,1,0,0,0,0,0,0,0,7,1,1,0,0,0,0,0,1,0,1,KRBKRNvK,DRAW,8/1r6/8/1K6/8/2R5/2n3k1/B7 w - - 0 1
0,1,0,0,0,0,0,1,-1,1,0,1,1,1,0,0,0,0,0,16,0,0,4,1,5,2,1,3,3,21,23,0,0,0,0,0,0,0,0,7,1,1,0,0,0,0,0,0,2,0,KRBKRNvK,DRAW,4n3/8/1K6/8/8/6r1/2k5/R3B3 b - - 0 1
1,1,0,0,0,0,0,1,-1,1,0,1,1,1,0,0,0,0,0,16,0,0,2,1,1,2,3,4,1,27,22,0,0,0,0,0,0,0,0,7,1,1,0,0,0,0,3,4,1,0,KRBKRNvK,DRAW,8/4r2B/8/3R4/2k3n1/8/1K6/8 w - - 0 1
0,1,0,0,0,0,0,1,-1,1,0,1,1,1,0,0,0,0,0,16,0,0,7,7,6,0,2,5,4,22,26,0,0,0,0,0,0,0,0,7,1,1,0,1,0,0,2,2,0,0,KRBKRNvK,DRAW,5R2/7K/8/8/n7/k7/4r3/7B b - - 0 1
1,1,0,0,0,0,0,1,-1,1,0,1,1,1,0,0,0,0,0,16,0,0,7,2,0,0,7,4,6,23,18,0,0,0,0,0,0,0,0,7,1,1,0,0,0,0,1,0,0,1,KRBKRNvK,DRAW,k5B1/1r6/5R2/8/8/8/8/1nK5 w - - 0 1
0,1,0,0,0,0,0,1,-1,1,0,1,1,1,0,0,0,0,0,16,0,0,5,2,3,7,3,1,3,4,0,1,0,0,0,0,0,0,0,7,1,1,0,0,0,0,2,1,1,1,KRBKRNvK,LOSS,R7/r7/8/8/2K4k/8/2n2B2/8 b - - 0 1
0,1,0,0,0,0,0,1,-1,1,0,1,1,1,0,0,0,0,0,16,0,0,6,0,0,0,6,6,5,22,23,0,0,0,0,0,0,0,0,7,1,1,0,0,0,0,2,1,1,0,KRBKRNvK,DRAW,8/k1r5/3R4/B7/8/8/5n2/K7 b - - 0 1
0,1,0,0,0,0,0,1,-1,1,0,1,1,1,0,0,0,0,0,16,0,0,2,2,3,0,3,1,3,20,26,0,0,0,0,0,0,0,0,7,1,1,0,0,0,0,3,0,0,0,KRBKRNvK,DRAW,5n2/8/8/8/k1K5/8/5RB1/7r b - - 0 1
0,1,0,0,0,0,0,1,-1,1,0,1,1,1,0,0,0,0,0,16,0,0,2,2,6,0,4,3,3,2,0,1,0,0,0,0,0,0,0,7,1,1,0,0,0,0,1,0,0,0,KRBKRNvK,DRAW,R7/2K2B2/8/k7/8/5r2/8/4n3 b - - 0 1
0,1,0,0,0,0,0,1,-1,1,0,1,1,1,0,0,0,0,0,16,0,0,4,0,7,4,7,6,3,23,22,0,0,0,0,0,0,0,0,7,1,1,0,0,0,0,3,0,0,1,KRBKRNvK,DRAW,K3k3/Bn6/8/1R6/8/2r5/8/8 b - - 0 1
1,1,0,0,0,0,0,1,-1,1,0,1,1,1,0,0,0,0,0,16,0,0,3,2,6,1,3,3,2,27,24,0,0,0,0,0,0,0,0,7,1,1,0,0,0,0,1,1,1,0,KRBKRNvK,DRAW,8/B1K5/8/8/1k6/2R5/4n3/7r w - - 0 1
1,1,0,0,0,0,0,1,-1,1,0,1,1,1,0,0,0,0,0,16,0,0,6,6,7,0,5,5,4,25,22,0,0,0,0,0,0,0,0,7,1,1,0,0,0,0,3,3,0,0,KRBKRNvK,DRAW,4R1K1/8/k1n5/8/2r5/4B3/8/8 w - - 0 1
0,1,0,0,0,0,0,1,-1,1,0,1,1,1,0,0,0,0,0,16,0,0,4,7,5,3,7,4,3,22,26,0,0,0,0,0,0,0,0,7,1,1,1,0,0,0,0,1,1,0,KRBKRNvK,DRAW,3k4/5R2/4n2K/1B6/8/8/8/r7 b - - 0 1
0,1,0,0,0,0,0,1,-1,1,0,1,1,1,0,0,0,0,0,16,0,0,2,0,5,2,7,4,4,17,21,0,0,0,0,0,0,0,0,7,1,1,0,0,0,0,2,2,0,1,KRBKRNvK,DRAW,2k5/8/K1n2B2/3r4/8/2R5/8/8 b - - 0 1
1,1,0,0,0,0,0,1,-1,1,0,1,1,1,0,0,0,0,0,16,0,0,6,0,5,6,0,4,5,24,18,0,0,0,0,0,0,0,0,7,1,1,0,1,0,0,2,0,0,0,KRBKRNvK,DRAW,8/8/K3R2B/8/8/8/5r2/6kn w - - 0 1
1,1,0,0,0,0,0,1,-1,1,0,1,1,1,0,0,0,0,0,16,0,0,2,7,2,5,4,4,1,3,0,1,0,0,0,0,0,0,0,7,1,1,0,0,0,0,2,2,0,1,KRBKRNvK,DRAW,8/3n4/8/5k2/8/5r1K/8/3R1B2 w - - 0 1
0,1,0,0,0,0,0,1,-1,1,0,1,1,1,0,0,0,0,0,16,0,0,3,3,1,1,4,2,2,22,26,0,0,0,0,0,0,0,0,7,1,1,0,0,0,0,2,2,0,0,KRBKRNvK,DRAW,8/8/r1n5/1k6/8/7R/3K4/7B b - - 0 1
1,1,0,0,0,0,0,1,-1,1,0,1,1,1,0,0,0,0,0,16,0,0,3,1,5,4,2,3,1,5,0,1,0,0,0,0,0,0,0,7,1,1,0,0,0,0,3,4,0,1,KRBKRNvK,DRAW,8/3n4/1K4B1/R5r1/8/4k3/8/8 w - - 0 1
0,1,0,0,0,0,0,1,-1,1,0,1,1,1,0,0,0,0,0,16,0,0,2,7,3,6,5,3,3,4,0,1,0,0,0,0,0,0,0,7,1,1,0,0,0,0,2,1,1,0,KRBKRNvK,LOSS,8/1r6/6k1/8/4B2K/3R4/4n3/8 b - - 0 1
1,1,0,0,0,0,0,1,-1,1,0,1,1,1,0,0,0,0,0,16,0,0,2,6,6,4,5,4,1,25,24,0,0,0,0,0,0,0,0,7,1,1,1,0,0,0,1,2,0,0,KRBKRNvK,DRAW,2r5/1R4K1/4k3/8/6n1/4B3/8/8 w - - 0 1
0,1,0,0,0,0,0,1,-1,1,0,1,1,1,0,0,0,0,0,16,0,0,3,7,1,7,4,5,3,18,28,0,0,0,0,0,0,0,0,7,1,1,0,0,0,0,1,2,1,0,KRBKRNvK,DRAW,3n4/8/6R1/2r4k/8/3B4/7K/8 b - - 0 1
0,1,0,0,0,0,0,1,-1,1,0,1,1,1,0,0,0,0,0,16,0,0,6,6,6,0,7,4,6,24,24,0,0,0,0,0,0,0,0,7,1,1,0,1,0,0,2,0,1,0,KRBKRNvK,DRAW,k7/2B3K1/8/8/3n4/3R4/7r/8 b - - 0 1
0,1,0,0,0,0,0,1,-1,1,0,1,1,1,0,0,0,0,0,16,0,0,6,0,0,1,6,6,4,23,26,0,0,0,0,0,0,0,0,7,1,1,0,0,0,0,1,0,1,1,KRBKRNvK,DRAW,8/1kr5/3B4/8/8/n7/5R2/K7 b - - 0 1
0,1,0,0,0,0,0,1,-1,1,0,1,1,1,0,0,0,0,0,16,0,0,4,5,5,3,1,2,2,26,21,0,0,0,0,0,0,0,0,7,1,1,0,0,0,0,2,2,0,1,KRBKRNvK,DRAW,3n4/8/5K1B/6R1/r7/8/3k4/8 b - - 0 1
0,1,0,0,0,0,0,1,-1,1,0,1,1,1,0,0,0,0,0,16,0,0,2,1,1,1,3,4,2,25,25,0,0,0,0,0,0,0,0,7,1,1,1,0,0,0,2,1,0,0,KRBKRNvK,DRAW,3B4/3R4/8/5n2/1k6/6r1/1K6/8 b - - 0 1
0,1,0,0,0,0,0,1,-1,1,0,1,1,1,0,0,0,0,0,16,0,0,3,5,4,3,7,1,3,14,31,0,0,0,0,0,0,0,0,7,1,1,1,0,0,0,2,0,0,0,KRBKRNvK,DRAW,n2k3r/R7/8/5K2/8/6B1/8/8 b - - 0 1
0,1,0,0,0,0,0,1,-1,1,0,1,1,1,0,0,0,0,0,16,0,0,5,0,5,4,0,4,3,3,0,1,0,0,0,0,0,0,0,7,1,1,0,0,0,0,1,2,1,1,KRBKRNvK,DRAW,3r4/8/K7/5B2/n7/8/8/4k1R1 b - - 0 1
0,1,0,0,0,0,0,1,-1,1,0,1,1,1,0,0,0,0,0,16,0,0,2,2,4,3,6,1,2,5,0,1,0,0,0,0,0,0,0,7,1,1,0,1,0,0,3,0,0,0,KRBKRNvK,DRAW,8/3k4/8/2K5/3R4/3B4/7r/7n b - - 0 1
0,1,0,0,0,0,0,1,-1,1,0,1,1,1,0,0,0,0,0,16,0,0,3,6,3,7,6,2,5,6,0,1,0,0,0,0,0,0,0,7,1,1,0,0,0,0,1,0,0,1,KRBKRNvK,DRAW,8/n6k/5r2/8/6K1/3B4/8/6R1 b - - 0 1
1,1,0,0,0,0,0,1,-1,1,0,1,1,1,0,0,0,0,0,16,0,0,3,7,4,7,7,3,6,4,0,1,0,0,0,0,0,0,0,7,1,1,0,1,0,0,1,0,0,0,KRBKRNvK,DRAW,7k/8/1B6/7K/8/2R5/7r/1n6 w - - 0 1
0,1,0,0,0,0,0,1,-1,1,0,1,1,1,0,0,0,0,0,16,0,0,4,2,1,6,1,3,4,26,28,0,0,0,0,0,0,0,0,7,1,1,0,0,0,0,2,0,0,0,KRBKRNvK,DRAW,4n3/7r/8/2R5/8/8/2KB2k1/8 b - - 0 1
0,1,0,0,0,0,0,1,-1,1,0,1,1,1,0,0,0,0,0,16,0,0,3,1,3,1,6,2,4,8,0,1,0,0,0,0,0,0,0,7,1,1,0,0,0,0,3,3,0,1,KRBKRNvK,DRAW,8/1k6/8/1n2r3/1K6/5B2/8/3R4 b - - 0 1
0,1,0,0,0,0,0,1,-1,1,0,1,1,1,0,0,0,0,0,16,0,0,5,1,6,6,6,4,4,21,19,0,0,0,0,0,0,0,0,7,1,1,1,0,0,0,0,0,0,0,KRBKRNvK,DRAW,6r1/RK4k1/8/4n3/1B6/8/8/8 b - - 0 1
1,1,0,0,0,0,0,1,-1,1,0,1,1,1,0,0,0,0,0,16,0,0,3,0,7,1,4,6,2,23,17,0,0,0,0,0,0,0,0,7,1,1,0,0,0,0,2,1,1,0,KRBKRNvK,DRAW,K1B5/8/8/1k6/2R5/1r4n1/8/8 w - - 0 1
0,1,0,0,0,0,0,1,-1,1,0,1,1,1,0,0,0,0,0,16,0,0,3,4,2,7,5,1,4,22,30,0,0,0,0,0,0,0,0,7,1,1,0,0,0,0,3,0,0,0,KRBKRNvK,DRAW,5n2/8/r6k/8/8/1B2K3/3R4/8 b - - 0 1
0,1,0,0,0,0,0,1,-1,1,0,1,1,1,0,0,0,0,0,16,0,0,2,7,3,5,1,3,3,21,25,0,0,0,0,0,0,0,0,7,1,1,1,0,0,0,2,1,0,2,KRBKRNvK,DRAW,8/R7/2B5/8/5n1K/5r2/5k2/8 b - - 0 1
0,1,0,0,0,0,0,1,-1,1,0,1,1,1,0,0,0,0,0,16,0,0,2,4,0,4,2,3,1,3,0,1,0,0,0,0,0,0,0,7,1,1,0,0,0,0,0,3,1,0,KRBKRNvK,DRAW,4r3/n7/8/7B/8/2R1k3/8/4K3 b - - 0 1
1,1,0,0,0,0,0,1,-1,1,0,1,1,1,0,0,0,0,0,16,0,0,5,0,7,5,4,6,1,21,19,0,0,0,0,0,0,0,0,7,1,1,0,0,0,0,3,2,0,0,KRBKRNvK,DRAW,KB6/5r2/8/5k2/8/8/6n1/3R4 w - - 0 1
1,1,0,0,0,0,0,1,-1,1,0,1,1,1,0,0,0,0,0,16,0,0,3,4,1,7,3,2,3,7,0,1,0,0,0,0,0,0,0,7,1,1,0,0,0,0,1,0,1,1,KRBKRNvK,DRAW,1r6/8/6B1/8/7k/R7/4K3/6n1 w - - 0 1
1,1,0,0,0,0,0,1,-1,1,0,1,1,1,0,0,0,0,0,16,0,0,4,2,5,6,3,2,2,6,0,1,0,0,0,0,0,0,0,7,1,1,0,0,0,0,2,2,1,1,KRBKRNvK,DRAW,8/8/2K1r3/8/6k1/5R2/2B5/3n4 w - - 0 1
0,1,0,0,0,0,0,1,-1,1,0,1,1,1,0,0,0,0,0,16,0,0,5,1,6,6,1,4,4,23,28,0,0,0,0,0,0,0,0,7,1,1,0,0,0,0,3,0,0,0,KRBKRNvK,DRAW,7r/1K4B1/8/5R2/8/8/6k1/2n5 b - - 0 1
1,1,0,0,0,0,0,1,-1,1,0,1,1,1,0,0,0,0,0,16,0,0,4,7,0,5,4,6,1,2,0,1,0,0,0,0,0,0,0,7,1,1,0,0,0,0,1,2,1,0,KRBKRNvK,DRAW,1n6/8/2R5/3B1k1r/8/8/8/7K w - - 0 1
0,1,0,0,0,0,0,1,-1,1,0,1,1,1,0,0,0,0,0,16,0,0,6,7,3,1,5,3,3,25,22,0,0,0,0,0,0,0,0,7,1,1,0,0,0,0,0,1,1,1,KRBKRNvK,DRAW,8/r7/1k6/8/1B5K/6n1/8/6R1 b - - 0 1
1,1,0,0,0,0,0,1,-1,1,0,1,1,1,0,0,0,0,0,16,0,0,4,6,3,4,7,2,3,6,0,1,0,0,0,0,0,0,0,7,1,1,0,1,0,0,0,0,0,1,KRBKRNvK,DRAW,4kn2/8/8/8/1B4K1/8/6r1/7R w - - 0 1
0,1,0,0,0,0,0,1,-1,1,0,1,1,1,0,0,0,0,0,16,0,0,2,0,6,2,6,5,3,20,23,0,0,0,0,0,0,0,0,7,1,1,0,1,0,0,2,0,0,1,KRBKRNvK,WIN,8/K1k5/8/n7/8/3R4/6r1/2B5 b - - 0 1
1,1,0,0,0,0,0,1,-1,1,0,1,1,1,0,0,0,0,0,16,0,0,2,5,7,7,5,4,4,2,0,1,0,0,0,0,0,0,0,7,1,1,0,0,0,0,1,2,0,1,KRBKRNvK,DRAW,3r1K2/8/7k/8/3B4/2R5/8/7n w - - 0 1
0,1,0,0,0,0,0,1,-1,1,0,1,1,1,0,0,0,0,0,16,0,0,5,2,0,7,0,4,6,21,19,0,0,0,0,0,0,0,0,7,1,1,0,0,0,0,0,2,0,0,KRBKRNvK,DRAW,8/8/8/4r3/4n3/1R6/B7/2K4k b - - 0 1
0,1,0,0,0,0,0,1,-1,1,0,1,1,1,0,0,0,0,0,16,0,0,7,7,4,0,1,3,5,4,0,1,0,0,0,0,0,0,0,7,1,1,0,0,0,0,3,1,0,0,KRBKRNvK,DRAW,8/1r6/8/R6K/8/8/k1n5/6B1 b - - 0 1
1,1,0,0,0,0,0,1,-1,1,0,1,1,1,0,0,0,0,0,16,0,0,5,1,2,6,2,3,3,28,22,0,0,0,0,0,0,0,0,7,1,1,0,0,0,0,2,0,0,1,KRBKRNvK,DRAW,8/4B3/7n/8/8/1K4k1/3R4/r7 w - - 0 1
1,1,0,0,0,0,0,1,-1,1,0,1,1,1,0,0,0,0,0,16,0,0,4,7,7,3,6,6,2,24,29,0,0,0,0,0,0,0,0,7,1,1,0,1,0,0,2,2,0,0,KRBKRNvK,DRAW,7K/3k4/8/R7/8/1B3n2/6r1/8 w - - 0 1
0,1,0,0,0,0,0,1,-1,1,0,1,1,1,0,0,0,0,0,16,0,0,4,2,7,0,3,4,3,25,20,0,0,0,0,0,0,0,0,7,1,1,0,0,0,0,1,1,0,0,KRBKRNvK,DRAW,2K5/8/6n1/8/k7/7r/5BR1/8 b - - 0 1
0,1,0,0,0,0,0,1,-1,1,0,1,1,1,0,0,0,0,0,16,0,0,6,0,0,5,6,6,3,24,24,0,0,0,0,0,0,0,0,7,1,1,0,0,0,0,4,2,1,0,KRBKRNvK,DRAW,8/5k1r/2n5/3R4/8/5B2/8/K7 b - - 0 1
0,1,0,0,0,0,0,1,-1,1,0,1,1,1,0,0,0,0,0,16,0,0,3,2,1,3,4,3,0,5,0,1,0,0,0,0,0,0,0,7,1,1,0,0,0,0,3,3,1,1,KRBKRNvK,DRAW,8/8/8/3k4/5Rr1/8/2K5/3n3B b - - 0 1
1,1,0,0,0,0,0,1,-1,1,0,1,1,1,0,0,0,0,0,16,0,0,5,0,2,5,1,4,3,5,0,1,0,0,0,0,0,0,0,7,1,1,0,0,0,0,3,0,0,1,KRBKRNvK,DRAW,2r5/1B6/8/3R4/8/K7/5k2/1n6 w - - 0 1
0,1,0,0,0,0,0,1,-1,1,0,1,1,1,0,0,0,0,0,16,0,0,5,4,2,4,7,1,3,23,21,0,0,0,0,0,0,0,0,7,1,1,0,0,0,0,4,3,0,1,KRBKRNvK,DRAW,4k3/8/8/7R/1n4r1/4K3/3B4/8 b - - 0 1
1,1,0,0,0,0,0,1,-1,1,0,1,1,1,0,0,0,0,0,16,0,0,4,3,3,7,3,0,3,7,0,1,0,0,0,0,0,0,0,7,1,1,0,0,0,0,3,1,0,1,KRBKRNvK,DRAW,4R3/8/r7/5n2/3K3k/8/8/5B2 w - - 0 1
0,1,0,0,0,0,0,1,-1,1,0,1,1,1,0,0,0,0,0,16,0,0,4,4,3,5,7,0,4,21,28,0,0,0,0,0,0,0,0,7,1,1,0,0,0,0,4,0,0,0,KRBKRNvK,DRAW,2n2k2/8/1r6/8/3BK3/8/8/4R3 b - - 0 1
0,1,0,0,0,0,0,1,-1,1,0,1,1,1,0,0,0,0,0,16,0,0,3,1,5,4,7,3,3,19,25,0,0,0,0,0,0,0,0,7,1,1,1,1,0,0,0,0,1,1,KRBKRNvK,DRAW,4k3/1nR5/1K6/8/7B/8/6r1/8 b - - 0 1
0,1,0,0,0,0,0,1,-1,1,0,1,1,1,0,0,0,0,0,16,0,0,6,4,6,3,0,2,3,5,0,1,0,0,0,0,0,0,0,7,1,1,0,0,0,0,2,1,0,1,KRBKRNvK,DRAW,6B1/2n1K3/8/8/3R4/6r1/8/3k4 b - - 0 1
1,1,0,0,0,0,0,1,-1,1,0,1,1,1,0,0,0,0,0,16,0,0,4,0,6,4,7,5,3,22,26,0,0,0,0,0,0,0,0,7,1,1,0,0,0,0,1,1,0,0,KRBKRNvK,DRAW,4k3/K7/R7/8/8/3n4/8/5rB1 w - - 0 1
0,1,0,0,0,0,0,1,-1,1,0,1,1,1,0,0,0,0,0,16,0,0,3,4,4,5,1,0,3,6,0,1,0,0,0,0,0,0,0,7,1,1,1,1,0,0,3,2,0,0,KRBKRNvK,DRAW,8/5R2/8/4K3/8/8/2Br1k2/1n6 b - - 0 1
1,1,0,0,0,0,0,1,-1,1,0,1,1,1,0,0,0,0,0,16,0,0,7,0,1,7,7,5,6,23,19,0,0,0,0,0,0,0,0,7,1,1,1,0,0,0,0,2,1,1,KRBKRNvK,DRAW,3B3k/5R2/8/1r6/n7/8/K7/8 w - - 0 1
1,1,0,0,0,0,0,1,-1,1,0,1,1,1,0,0,0,0,0,16,0,0,2,4,0,6,2,3,3,2,0,1,0,0,0,0,0,0,0,7,1,1,0,0,0,0,1,1,0,0,KRBKRNvK,DRAW,8/8/4B1n1/8/8/6k1/R7/4K2r w - - 0 1
1,1,0,0,0,0,0,1,-1,1,0,1,1,1,0,0,0,0,0,16,0,0,2,2,2,0,2,2,4,4,0,1,0,0,0,0,0,0,0,7,1,1,0,0,0,0,1,3,0,1,KRBKRNvK,DRAW,2R5/8/8/1n3r2/8/k1K5/5B2/8 w - - 0 1
1,1,0,0,0,0,0,1,-1,1,0,1,1,1,0,0,0,0,0,16,0,0,4,5,2,7,6,2,5,5,0,1,0,0,0,0,0,0,0,7,1,1,1,0,0,0,3,0,0,1,KRBKRNvK,DRAW,8/3R1r1k/8/8/7n/5K2/8/6B1 w - - 0 1
0,1,0,0,0,0,0,1,-1,1,0,1,1,1,0,0,0,0,0,16,0,0,6,0,1,6,7,5,5,21,19,0,0,0,0,0,0,0,0,7,1,1,0,0,0,0,2,1,0,0,KRBKRNvK,DRAW,6k1/8/8/4n1r1/8/R7/K7/B7 b - - 0 1
1,1,0,0,0,0,0,1,-1,1,0,1,1,1,0,0,0,0,0,16,0,0,3,3,1,6,0,2,5,27,17,0,0,0,0,0,0,0,0,7,1,1,0,0,0,0,0,2,1,0,KRBKRNvK,DRAW,8/n7/8/1B3r2/8/8/3K3R/6k1 w - - 0 1
0,1,0,0,0,0,0,1,-1,1,0,1,1,1,0,0,0,0,0,16,0,0,6,5,7,3,1,4,2,23,31,0,0,0,0,0,0,0,0,7,1,1,0,0,0,0,1,0,0,1,KRBKRNvK,DRAW,5K1n/8/1R6/4B3/8/r7/3k4/8 b - - 0 1
1,1,0,0,0,0,0,1,-1,1,0,1,1,1,0,0,0,0,0,16,0,0,5,5,5,0,5,2,4,27,21,0,0,0,0,0,0,0,0,7,1,1,0,0,0,0,2,3,1,1,KRBKRNvK,DRAW,8/B7/k4K2/3R4/1r3n2/8/8/8 w - - 0 1
0,1,0,0,0,0,0,1,-1,1,0,1,1,1,0,0,0,0,0,16,0,0,4,0,2,4,6,4,2,4,0,1,0,0,0,0,0,0,0,7,1,1,1,0,0,0,0,0,1,1,KRBKRNvK,DRAW,8/R3k3/8/6Bn/8/K7/8/1r6 b - - 0 1
0,1,0,0,0,0,0,1,-1,1,0,1,1,1,0,0,0,0,0,16,0,0,2,7,1,7,3,5,3,17,17,0,0,0,0,0,0,0,0,7,1,1,0,0,0,0,1,1,0,0,KRBKRNvK,DRAW,8/1r6/1n6/8/7k/8/7K/RB6 b - - 0 1
0,1,0,0,0,0,0,1,-1,1,0,1,1,1,0,0,0,0,0,16,0,0,3,0,4,3,3,3,0,6,0,1,0,0,0,0,0,0,0,7,1,1,0,0,0,0,2,4,1,1,KRBKRNvK,DRAW,R7/8/4nB2/K7/1r1k4/8/8/8 b - - 0 1
1,1,0,0,0,0,0,1,-1,1,0,1,1,1,0,0,0,0,0,16,0,0,3,3,2,1,5,1,3,23,26,0,0,0,0,0,0,0,0,7,1,1,0,1,0,0,3,2,0,1,KRBKRNvK,DRAW,4R3/8/1kn3B1/8/8/3K4/1r6/8 w - - 0 1
1,1,0,0,0,0,0,1,-1,1,0,1,1,1,0,0,0,0,0,16,0,0,6,0,7,6,1,6,4,23,21,0,0,0,0,0,0,0,0,7,1,1,0,0,0,0,1,2,0,0,KRBKRNvK,DRAW,K5n1/8/R5B1/6r1/8/8/6k1/8 w - - 0 1
0,1,0,0,0,0,0,1,-1,1,0,1,1,1,0,0,0,0,0,16,0,0,2,7,6,6,4,5,2,5,0,1,0,0,0,0,0,0,0,7,1,1,0,0,0,0,3,0,0,1,KRBKRNvK,DRAW,8/6nK/8/3R2k1/2B5/6r1/8/8 b - - 0 1
1,1,0,0,0,0,0,1,-1,1,0,1,1,1,0,0,0,0,0,16,0,0,6,4,1,5,7,2,4,7,0,1,0,0,0,0,0,0,0,7,1,1,0,0,0,0,2,0,0,1,KRBKRNvK,DRAW,5k2/6r1/8/2R3B1/8/8/4K3/6n1 w - - 0 1
0,1,0,0,0,0,0,1,-1,1,0,1,1,1,0,0,0,0,0,16,0,0,4,2,6,6,6,3,4,25,29,0,0,0,0,0,0,0,0,7,1,1,0,1,0,0,1,1,0,0,KRBKRNvK,DRAW,8/2K3k1/8/8/8/1n4B1/7r/5R2 b - - 0 1
0,1,0,0,0,0,0,1,-1,1,0,1,1,1,0,0,0,0,0,16,0,0,5,0,2,5,3,4,1,26,25,0,0,0,0,0,0,0,0,7,1,1,0,0,0,0,2,3,1,1,KRBKRNvK,DRAW,8/8/5n2/1r6/5k2/K1B5/6R1/8 b - - 0 1
1,1,0,0,0,0,0,1,-1,1,0,1,1,1,0,0,0,0,0,16,0,0,7,4,7,0,0,3,6,22,19,0,0,0,0,0,0,0,0,7,1,1,0,0,0,0,1,0,0,1,KRBKRNvK,WIN,4K3/B5rn/8/8/8/5R2/8/k7 w - - 0 1
1,1,0,0,0,0,0,1,-1,1,0,1,1,1,0,0,0,0,0,16,0,0,2,1,0,0,2,5,4,2,0,1,0,0,0,0,0,0,0,7,1,1,0,0,0,0,1,1,1,1,KRBKRNvK,DRAW,1B6/8/8/8/8/knR5/8/1K3r2 w - - 0 1
1,1,0,0,0,0,0,1,-1,1,0,1,1,1,0,0,0,0,0,16,0,0,5,7,1,5,6,5,3,4,0,1,0,0,0,0,0,0,0,7,1,1,0,1,0,0,0,1,2,0,KRBKRNvK,DRAW,8/4Bk2/8/5nR1/8/8/2r4K/8 w - - 0 1
1,1,0,0,0,0,0,1,-1,1,0,1,1,1,0,0,0,0,0,16,0,0,5,7,2,2,0,4,4,13,25,0,0,0,0,0,0,0,0,7,1,1,0,0,0,0,0,1,1,0,KRBKRNvK,DRAW,8/8/2r5/8/8/4n2K/8/2k1B2R w - - 0 1
0,1,0,0,0,0,0,1,-1,1,0,1,1,1,0,0,0,0,0,16,0,0,4,7,6,3,4,5,0,24,21,0,0,0,0,0,0,0,0,7,1,1,0,0,0,0,0,3,0,0,KRBKRNvK,DRAW,8/7K/8/3k4/8/B7/2R2n2/6r1 b - - 0 1
0,1,0,0,0,0,0,1,-1,1,0,1,1,1,0,0,0,0,0,16,0,0,4,6,6,6,2,4,3,25,23,0,0,0,0,0,0,0,0,7,1,1,0,0,0,0,2,2,0,0,KRBKRNvK,DRAW,8/6K1/5B1R/8/2r5/1n4k1/8/8 b - - 0 1
0,1,0,0,0,0,0,1,-1,1,0,1,1,1,0,0,0,0,0,16,0,0,2,6,0,4,1,5,2,24,19,0,0,0,0,0,0,0,0,7,1,1,1,0,0,0,0,3,0,0,KRBKRNvK,DRAW,8/1R6/3r4/8/1B4n1/8/4k3/6K1 b - - 0 1
0,1,0,0,0,0,0,1,-1,1,0,1,1,1,0,0,0,0,0,16,0,0,5,0,3,5,6,3,3,7,0,1,0,0,0,0,0,0,0,7,1,1,0,0,0,0,2,2,0,0,KRBKRNvK,DRAW,8/5k2/8/7r/K3n3/8/B7/4R3 b - - 0 1
1,1,0,0,0,0,0,1,-1,1,0,1,1,1,0,0,0,0,0,16,0,0,3,3,1,6,2,2,3,7,0,1,0,0,0,0,0,0,0,7,1,1,0,1,0,0,2,0,1,0,KRBKRNvK,DRAW,8/8/8/8/8/6k1/3K2r1/B4Rn1 w - - 0 1
0,1,0,0,0,0,0,1,-1,1,0,1,1,1,0,0,0,0,0,16,0,0,5,2,0,2,5,4,2,6,0,1,0,0,0,0,0,0,0,7,1,1,0,0,0,0,3,2,0,0,KRBKRNvK,DRAW,4n3/8/2k5/7R/3r4/5B2/8/2K5 b - - 0 1
0,1,0,0,0,0,0,1,-1,1,0,1,1,1,0,0,0,0,0,16,0,0,5,7,0,5,5,6,2,29,17,0,0,0,0,0,0,0,0,7,1,1,0,0,0,0,2,1,1,0,KRBKRNvK,DRAW,8/r7/5k2/3Rn3/8/8/7B/7K b - - 0 1
0,1,0,0,0,0,0,1,-1,1,0,1,1,1,0,0,0,0,0,16,0,0,2,0,6,2,7,5,4,2,0,1,0,0,0,0,0,0,0,7,1,1,0,0,0,0,1,2,2,1,KRBKRNvK,DRAW,R1k5/K7/1r1B1n2/8/8/8/8/8 b - - 0 1
0,1,0,0,0,0,0,1,-1,1,0,1,1,1,0,0,0,0,0,16,0,0,2,4,4,3,2,0,1,18,17,0,0,0,0,0,0,0,0,7,1,1,0,0,0,0,4,2,1,0,KRBKRNvK,DRAW,5rn1/8/1B6/2R1K3/8/3k4/8/8 b - - 0 1
0,1,0,0,0,0,0,1,-1,1,0,1,1,1,0,0,0,0,0,16,0,0,3,3,4,5,7,0,4,5,0,1,0,0,0,0,0,0,0,7,1,1,0,0,0,0,3,2,0,0,KRBKRNvK,DRAW,5k2/8/8/3K4/7r/B1R5/8/3n4 b - - 0 1
1,1,0,0,0,0,0,1,-1,1,0,1,1,1,0,0,0,0,0,16,0,0,4,6,0,2,0,5,4,27,19,0,0,0,0,0,0,0,0,7,1,1,0,0,0,0,0,2,0,0,KRBKRNvK,DRAW,8/4B3/8/1r5n/8/8/5R2/2k3K1 w - - 0 1
1,1,0,0,0,0,0,1,-1,1,0,1,1,1,0,0,0,0,0,16,0,0,5,2,4,7,3,1,3,27,15,0,0,0,0,0,0,0,0,7,1,1,0,0,0,0,3,0,0,0,KRBKRNvK,DRAW,8/2B4n/8/2K5/7k/7r/8/2R5 w - - 0 1
0,1,0,0,0,0,0,1,-1,1,0,1,1,1,0,0,0,0,0,16,0,0,3,4,0,4,3,3,0,21,26,0,0,0,0,0,0,0,0,7,1,1,0,0,0,0,2,3,1,1,KRBKRNvK,DRAW,1nB5/8/3R4/8/4k3/6r1/8/4K3 b - - 0 1
1,1,0,0,0,0,0,1,-1,1,0,1,1,1,0,0,0,0,0,16,0,0,3,5,1,2,1,3,3,8,0,1,0,0,0,0,0,0,0,7,1,1,1,0,0,0,0,1,0,0,KRBKRNvK,DRAW,5r2/1R6/8/8/7B/1n6/2k2K2/8 w - - 0 1
0,1,0,0,0,0,0,1,-1,1,0,1,1,1,0,0,0,0,0,16,0,0,5,1,4,6,1,2,4,25,25,0,0,0,0,0,0,0,0,7,1,1,0,0,0,0,2,2,0,1,KRBKRNvK,DRAW,2B2n2/8/3R4/1K6/r7/8/6k1/8 b - - 0 1
0,1,0,0,0,0,0,1,-1,1,0,1,1,1,0,0,0,0,0,16,0,0,6,6,2,0,6,3,5,21,21,0,0,0,0,0,0,0,0,7,1,1,0,0,0,0,0,1,0,0,KRBKRNvK,DRAW,1r6/k7/8/8/8/Bn4KR/8/8 b - - 0 1
0,1,0,0,0,0,0,1,-1,1,0,1,1,1,0,0,0,0,0,16,0,0,7,3,7,3,0,3,3,19,26,0,0,0,0,0,0,0,0,7,1,1,0,1,0,0,2,1,1,0,KRBKRNvK,DRAW,3K4/8/8/8/8/1R6/4nr2/3k3B b - - 0 1
0,1,0,0,0,0,0,1,-1,1,0,1,1,1,0,0,0,0,0,16,0,0,4,2,7,1,3,4,2,23,23,0,0,0,0,0,0,0,0,7,1,1,1,0,0,0,0,2,0,0,KRBKRNvK,DRAW,2K5/5R2/8/3r4/1k6/8/8/5Bn1 b - - 0 1
1,1,0,0,0,0,0,1,-1,1,0,1,1,1,0,0,0,0,0,16,0,0,6,6,1,0,1,4,5,31,19,0,0,0,0,0,0,0,0,7,1,1,1,0,0,0,0,0,0,0,KRBKRNvK,DRAW,1r2n3/2R5/8/6B1/8/8/k5K1/8 w - - 0 1
0,1,0,0,0,0,0,1,-1,1,0,1,1,1,0,0,0,0,0,16,0,0,5,2,3,7,2,1,4,21,26,0,0,0,0,0,0,0,0,7,1,1,1,0,0,0,2,2,1,0,KRBKRNvK,DRAW,6n1/R7/8/7B/2K5/7k/8/3r4 b - - 0 1
0,1,0,0,0,0,0,1,-1,1,0,1,1,1,0,0,0,0,0,16,0,0,5,5,5,7,0,2,6,18,26,0,0,0,0,0,0,0,0,7,1,1,0,0,0,0,1,2,1,2,KRBKRNvK,DRAW,8/6n1/5K2/B7/7r/6R1/8/7k b - - 0 1
1,1,0,0,0,0,0,1,-1,1,0,1,1,1,0,0,0,0,0,16,0,0,6,6,7,0,6,5,5,26,23,0,0,0,0,0,0,0,0,7,1,1,0,0,0,0,1,1,0,0,KRBKRNvK,DRAW,6K1/k7/1r6/8/8/8/3n3B/2R5 w - - 0 1
1,1,0,0,0,0,0,1,-1,1,0,1,1,1,0,0,0,0,0,16,0,0,7,7,5,0,5,4,4,23,27,0,0,0,0,0,0,0,0,7,1,1,0,0,0,0,2,2,0,1,KRBKRNvK,DRAW,8/8/k6K/5r2/2n5/8/4R2B/8 w - - 0 1
0,1,0,0,0,0,0,1,-1,1,0,1,1,1,0,0,0,0,0,16,0,0,4,5,3,1,5,1,3,20,22,0,0,0,0,0,0,0,0,7,1,1,0,0,0,0,2,3,0,1,KRBKRNvK,DRAW,8/8/1k6/1r3n2/5K2/7B/2R5/8 b - - 0 1
0,1,0,0,0,0,0,1,-1,1,0,1,1,1,0,0,0,0,0,16,0,0,5,3,0,0,5,3,4,17,20,0,0,0,0,0,0,0,0,7,1,1,0,0,0,0,0,1,1,0,KRBKRNvK,DRAW,8/8/kr6/1n6/B7/8/2R5/3K4 b - - 0 1
0,1,0,0,0,0,0,1,-1,1,0,1,1,1,0,0,0,0,0,16,0,0,2,0,3,2,3,3,1,3,0,1,0,0,0,0,0,0,0,7,1,1,0,0,0,0,0,3,1,1,KRBKRNvK,DRAW,8/8/6n1/1B6/K1k5/2r4R/8/8 b - - 0 1
1,1,0,0,0,0,0,1,-1,1,0,1,1,1,0,0,0,0,0,16,0,0,2,6,6,4,5,4,1,28,24,0,0,0,0,0,0,0,0,7,1,1,0,0,0,0,1,3,1,0,KRBKRNvK,DRAW,r7/6K1/3Bk3/8/8/8/5n2/1R6 w - - 0 1
0,1,0,0,0,0,0,1,-1,1,0,1,1,1,0,0,0,0,0,16,0,0,3,2,0,1,3,4,2,4,0,1,0,0,0,0,0,0,0,7,1,1,0,0,0,0,2,2,1,0,KRBKRNvK,DRAW,8/5Bn1/8/r7/1k1R4/8/8/2K5 b - - 0 1
0,1,0,0,0,0,0,1,-1,1,0,1,1,1,0,0,0,0,0,16,0,0,4,4,6,3,2,2,1,23,21,0,0,0,0,0,0,0,0,7,1,1,0,0,0,0,2,2,1,1,KRBKRNvK,DRAW,4B3/4K3/2r5/4R3/8/3k4/8/5n2 b - - 0 1
0,1,0,0,0,0,0,1,-1,1,0,1,1,1,0,0,0,0,0,16,0,0,4,5,7,1,6,4,4,24,24,0,0,0,0,0,0,0,0,7,1,1,0,0,0,0,0,0,0,0,KRBKRNvK,DRAW,5K2/1k6/1r6/4n3/8/R7/8/2B5 b - - 0 1
0,1,0,0,0,0,0,1,-1,1,0,1,1,1,0,0,0,0,0,16,0,0,3,5,7,7,4,4,3,22,24,0,0,0,0,0,0,0,0,7,1,1,0,0,0,0,1,1,0,0,KRBKRNvK,DRAW,1R3K2/8/8/7k/8/r5n1/5B2/8 b - - 0 1
0,1,0,0,0,0,0,1,-1,1,0,1,1,1,0,0,0,0,0,16,0,0,6,1,6,7,6,4,5,4,0,1,0,0,0,0,0,0,0,7,1,1,1,0,0,0,2,0,0,0,KRBKRNvK,DRAW,8/1K2R2k/8/B7/8/8/8/5n1r b - - 0 1
0,1,0,0,0,0,0,1,-1,1,0,1,1,1,0,0,0,0,0,16,0,0,6,3,6,7,0,2,6,3,0,1,0,0,0,0,0,0,0,7,1,1,1,1,0,0,1,0,0,0,KRBKRNvK,DRAW,8/3K3R/3B4/8/4n3/8/2r5/7k b - - 0 1
0,1,0,0,0,0,0,1,-1,1,0,1,1,1,0,0,0,0,0,16,0,0,3,0,5,3,5,4,1,6,0,1,0,0,0,0,0,0,0,7,1,1,0,0,0,0,3,2,1,0,KRBKRNvK,DRAW,6r1/8/K2k4/8/3R4/3n4/8/6B1 b - - 0 1
1,1,0,0,0,0,0,1,-1,1,0,1,1,1,0,0,0,0,0,16,0,0,5,4,6,6,1,2,4,7,0,1,0,0,0,0,0,0,0,7,1,1,0,0,0,0,2,2,1,0,KRBKRNvK,DRAW,8/1r2K3/8/8/B3R3/5n2/6k1/8 w - - 0 1
0,1,0,0,0,0,0,1,-1,1,0,1,1,1,0,0,0,0,0,16,0,0,4,3,4,7,4,0,3,17,27,0,0,0,0,0,0,0,0,7,1,1,0,0,0,0,3,0,1,0,KRBKRNvK,DRAW,2n5/8/5R2/3K3k/8/8/1B6/7r b - - 0 1
1,1,0,0,0,0,0,1,-1,1,0,1,1,1,0,0,0,0,0,16,0,0,2,4,3,6,3,0,2,3,0,1,0,0,0,0,0,0,0,7,1,1,0,0,0,0,4,2,1,1,KRBKRNvK,WIN,8/8/4r3/8/n2RK1k1/6B1/8/8 w - - 0 1
0,1,0,0,0,0,0,1,-1,1,0,1,1,1,0,0,0,0,0,16,0,0,2,0,4,0,6,3,5,1,0,1,0,0,0,0,0,0,0,7,1,1,0,1,0,0,1,0,0,0,KRBKRNvK,LOSS,5n2/k7/8/K7/8/4B3/1R4r1/8 b - - 0 1
1,1,0,0,0,0,0,1,-1,1,0,1,1,1,0,0,0,0,0,16,0,0,4,2,2,6,5,2,3,24,27,0,0,0,0,0,0,0,0,7,1,1,0,0,0,0,2,1,1,0,KRBKRNvK,DRAW,1R5B/r7/6k1/5n2/8/2K5/8/8 w - - 0 1
1,1,0,0,0,0,0,1,-1,1,0,1,1,1,0,0,0,0,0,16,0,0,5,4,0,1,5,3,3,28,18,0,0,0,0,0,0,0,0,7,1,1,0,0,0,0,2,1,1,0,KRBKRNvK,DRAW,1r6/5B2/1k6/R7/1n6/8/8/4K3 w - - 0 1
0,1,0,0,0,0,0,1,-1,1,0,1,1,1,0,0,0,0,0,16,0,0,6,7,5,1,5,4,3,6,0,1,0,0,0,0,0,0,0,7,1,1,0,1,0,0,0,1,1,0,KRBKRNvK,DRAW,1R6/8/1k5K/7B/8/8/2r1n3/8 b - - 0 1
0,1,0,0,0,0,0,1,-1,1,0,1,1,1,0,0,0,0,0,16,0,0,4,2,7,2,3,4,1,18,24,0,0,0,0,0,0,0,0,7,1,1,0,0,0,0,2,3,1,0,KRBKRNvK,DRAW,2K5/1B6/7n/8/2kr4/R7/8/8 b - - 0 1
1,1,0,0,0,0,0,1,-1,1,0,1,1,1,0,0,0,0,0,16,0,0,3,3,0,0,1,3,5,26,20,0,0,0,0,0,0,0,0,7,1,1,0,0,0,0,2,0,0,1,KRBKRNvK,DRAW,n7/8/8/B7/5R2/1r6/k7/3K4 w - - 0 1
0,1,0,0,0,0,0,1,-1,1,0,1,1,1,0,0,0,0,0,16,0,0,7,0,3,7,5,3,4,3,0,1,0,0,0,0,0,0,0,7,1,1,0,0,0,0,0,1,0,0,KRBKRNvK,DRAW,6r1/3n4/7k/8/K7/8/8/3B3R b - - 0 1
0,1,0,0,0,0,0,1,-1,1,0,1,1,1,0,0,0,0,0,16,0,0,4,1,1,5,4,4,1,24,25,0,0,0,0,0,0,0,0,7,1,1,1,0,0,0,1,3,0,1,KRBKRNvK,DRAW,8/1R6/8/5k2/4r3/8/nK6/6B1 b - - 0 1
0,1,0,0,0,0,0,1,-1,1,0,1,1,1,0,0,0,0,0,16,0,0,3,6,4,7,7,2,6,20,30,0,0,0,0,0,0,0,0,7,1,1,0,0,0,0,3,2,0,1,KRBKRNvK,DRAW,1n5k/8/8/6K1/5R2/4r3/6B1/8 b - - 0 1
1,1,0,0,0,0,0,1,-1,1,0,1,1,1,0,0,0,0,0,16,0,0,4,3,4,0,0,0,6,3,0,1,0,0,0,0,0,0,0,7,1,1,0,0,0,0,3,3,1,1,KRBKRNvK,DRAW,8/8/8/3Kr3/2R3n1/8/2B5/k7 w - - 0 1
1,1,0,0,0,0,0,1,-1,1,0,1,1,1,0,0,0,0,0,16,0,0,5,6,7,1,2,5,3,24,25,0,0,0,0,0,0,0,0,7,1,1,1,0,0,0,2,0,0,0,KRBKRNvK,DRAW,B1n3K1/6R1/8/8/8/1k6/8/2r5 w - - 0 1
0,1,0,0,0,0,0,1,-1,1,0,1,1,1,0,0,0,0,0,16,0,0,2,7,2,5,0,4,4,20,22,0,0,0,0,0,0,0,0,7,1,1,0,0,0,0,2,2,0,0,KRBKRNvK,DRAW,8/8/4r3/7R/8/7K/8/2B1nk2 b - - 0 1
0,1,0,0,0,0,0,1,-1,1,0,1,1,1,0,0,0,0,0,16,0,0,3,4,1,7,1,2,5,20,25,0,0,0,0,0,0,0,0,7,1,1,0,0,0,0,2,0,0,0,KRBKRNvK,DRAW,2n5/5r2/8/6R1/8/8/3BK2k/8 b - - 0 1
1,1,0,0,0,0,0,1,-1,1,0,1,1,1,0,0,0,0,0,16,0,0,2,4,0,6,1,3,4,4,0,1,0,0,0,0,0,0,0,7,1,1,0,0,0,0,3,2,1,0,KRBKRNvK,DRAW,8/7n/4r3/8/1R6/8/6kB/4K3 w - - 0 1
0,1,0,0,0,0,0,1,-1,1,0,1,1,1,0,0,0,0,0,16,0,0,3,1,1,4,0,4,3,27,18,0,0,0,0,0,0,0,0,7,1,1,0,0,0,0,1,2,0,0,KRBKRNvK,DRAW,8/8/R1n5/8/8/6r1/BK6/4k3 b - - 0 1
0,1,0,0,0,0,0,1,-1,1,0,1,1,1,0,0,0,0,0,16,0,0,5,3,5,0,0,1,6,20,28,0,0,0,0,0,0,0,0,7,1,1,0,0,0,0,2,0,0,0,KRBKRNvK,DRAW,8/6r1/3K4/7R/2B5/7n/8/k7 b - - 0 1
1,1,0,0,0,0,0,1,-1,1,0,1,1,1,0,0,0,0,0,16,0,0,7,7,0,0,5,6,4,25,23,0,0,0,0,0,0,0,0,7,1,1,0,0,0,0,1,2,1,0,KRBKRNvK,DRAW,8/8/k7/2B5/8/3r4/4n3/6RK w - - 0 1
1,1,0,0,0,0,0,1,-1,1,0,1,1,1,0,0,0,0,0,16,0,0,4,7,0,3,4,6,0,21,26,0,0,0,0,0,0,0,0,7,1,1,0,0,0,0,0,3,0,0,KRBKRNvK,DRAW,8/8/B7/2nk4/4r3/R7/8/7K w - - 0 1
1,1,0,0,0,0,0,1,-1,1,0,1,1,1,0,0,0,0,0,16,0,0,3,2,0,2,3,4,1,26,19,0,0,0,0,0,0,0,0,7,1,1,0,0,0,0,3,2,0,0,KRBKRNvK,DRAW,n7/6B1/8/6R1/2k5/7r/8/2K5 w - - 0 1
0,1,0,0,0,0,0,1,-1,1,0,1,1,1,0,0,0,0,0,16,0,0,6,0,1,6,7,5,5,22,28,0,0,0,0,0,0,0,0,7,1,1,0,0,0,0,1,2,0,0,KRBKRNvK,DRAW,6k1/n7/1B6/8/4r3/2R5/K7/8 b - - 0 1
0,1,0,0,0,0,0,1,-1,1,0,1,1,1,0,0,0,0,0,16,0,0,2,7,6,5,7,5,4,19,24,0,0,0,0,0,0,0,0,7,1,1,0,0,0,0,2,0,0,0,KRBKRNvK,DRAW,5k2/n6K/8/R2B4/8/8/8/1r6 b - - 0 1
1,1,0,0,0,0,0,1,-1,1,0,1,1,1,0,0,0,0,0,16,0,0,4,6,2,2,2,3,2,26,21,0,0,0,0,0,0,0,0,7,1,1,1,0,0,0,2,2,0,0,KRBKRNvK,DRAW,8/3R4/8/7B/r7/2k3K1/8/1n6 w - - 0 1
1,1,0,0,0,0,0,1,-1,1,0,1,1,1,0,0,0,0,0,16,0,0,5,5,2,0,6,2,5,4,0,1,0,0,0,0,0,0,0,7,1,1,0,0,0,0,1,1,0,1,KRBKRNvK,DRAW,7B/k7/5R2/8/8/1r3Kn1/8/8 w - - 0 1
1,1,0,0,0,0,0,1,-1,1,0,1,1,1,0,0,0,0,0,16,0,0,6,6,1,1,7,4,5,22,21,0,0,0,0,0,0,0,0,7,1,1,0,0,0,0,0,2,0,0,KRBKRNvK,DRAW,1k1n4/8/8/5r2/8/8/2R3K1/5B2 w - - 0 1
0,1,0,0,0,0,0,1,-1,1,0,1,1,1,0,0,0,0,0,16,0,0,4,2,6,6,2,3,3,17,25,0,0,0,0,0,0,0,0,7,1,1,1,0,0,0,2,0,0,0,KRBKRNvK,DRAW,5B2/2KR4/8/8/8/6k1/8/n5r1 b - - 0 1
1,1,0,0,0,0,0,1,-1,1,0,1,1,1,0,0,0,0,0,16,0,0,2,3,1,1,1,2,4,28,20,0,0,0,0,0,0,0,0,7,1,1,0,0,0,0,1,2,1,0,KRBKRNvK,DRAW,3n4/8/5R2/1r6/8/1B6/1k1K4/8 w - - 0 1
0,1,0,0,0,0,0,1,-1,1,0,1,1,1,0,0,0,0,0,16,0,0,4,0,1,3,5,5,1,22,25,0,0,0,0,0,0,0,0,7,1,1,0,0,0,0,3,4,0,0,KRBKRNvK,DRAW,4n3/8/3k4/6R1/5r2/8/K7/6B1 b - - 0 1
1,1,0,0,0,0,0,1,-1,1,0,1,1,1,0,0,0,0,0,16,0,0,2,6,5,5,7,3,4,26,21,0,0,0,0,0,0,0,0,7,1,1,0,0,0,0,3,3,1,0,KRBKRNvK,WIN,5k2/8/4R1K1/r7/8/5Bn1/8/8 w - - 0 1
1,1,0,0,0,0,0,1,-1,1,0,1,1,1,0,0,0,0,0,16,0,0,2,4,0,6,1,3,4,22,15,0,0,0,0,0,0,0,0,7,1,1,0,1,0,0,1,1,1,0,KRBKRNvK,DRAW,8/8/6n1/8/8/1B5R/1r4k1/4K3 w - - 0 1
0,1,0,0,0,0,0,1,-1,1,0,1,1,1,0,0,0,0,0,16,0,0,4,5,7,1,5,4,3,6,0,1,0,0,0,0,0,0,0,7,1,1,0,1,0,0,1,0,0,0,KRBKRNvK,DRAW,5K2/8/1k3R2/5B2/8/n7/7r/8 b - - 0 1
0,1,0,0,0,0,0,1,-1,1,0,1,1,1,0,0,0,0,0,16,0,0,6,2,7,6,1,4,4,4,0,1,0,0,0,0,0,0,0,7,1,1,0,0,0,0,2,1,1,2,KRBKRNvK,LOSS,2K5/1rn5/8/7R/8/8/6k1/7B b - - 0 1
0,1,0,0,0,0,0,1,-1,1,0,1,1,1,0,0,0,0,0,16,0,0,4,5,1,1,5,3,3,26,20,0,0,0,0,0,0,0,0,7,1,1,1,0,0,0,2,2,0,1,KRBKRNvK,DRAW,8/6BR/1k6/8/3r4/8/5K2/2n5 b - - 0 1
1,1,0,0,0,0,0,1,-1,1,0,1,1,1,0,0,0,0,0,16,0,0,5,4,0,4,5,3,1,23,21,0,0,0,0,0,0,0,0,7,1,1,0,0,0,0,2,3,1,0,KRBKRNvK,DRAW,8/8/2r1k3/8/5R2/1n6/5B2/4K3 w - - 0 1
1,1,0,0,0,0,0,1,-1,1,0,1,1,1,0,0,0,0,0,16,0,0,4,6,1,2,5,4,2,9,0,1,0,0,0,0,0,0,0,7,1,1,0,0,0,0,1,1,0,0,KRBKRNvK,DRAW,8/4n1r1/2k5/8/5B1R/8/6K1/8 w - - 0 1
0,1,0,0,0,0,0,1,-1,1,0,1,1,1,0,0,0,0,0,16,0,0,3,3,7,0,4,3,3,13,26,0,0,0,0,0,0,0,0,7,1,1,0,0,0,0,1,0,1,0,KRBKRNvK,DRAW,3K4/B7/8/k7/8/r7/1R6/n7 b - - 0 1
1,1,0,0,0,0,0,1,-1,1,0,1,1,1,0,0,0,0,0,16,0,0,4,5,1,7,5,3,4,24,18,0,0,0,0,0,0,0,0,7,1,1,0,0,0,0,0,2,0,0,KRBKRNvK,DRAW,8/3r4/7k/8/8/6R1/5K2/n3B3 w - - 0 1
1,1,0,0,0,0,0,1,-1,1,0,1,1,1,0,0,0,0,0,16,0,0,5,2,4,7,3,1,3,5,0,1,0,0,0,0,0,0,0,7,1,1,0,0,0,0,2,2,2,2,KRBKRNvK,DRAW,8/8/4r3/2K5/n6k/5R1B/8/8 w - - 0 1
1,1,0,0,0,0,0,1,-1,1,0,1,1,1,0,0,0,0,0,16,0,0,4,3,1,3,5,2,1,21,21,0,0,0,0,0,0,0,0,7,1,1,0,0,0,0,0,3,0,0,KRBKRNvK,DRAW,8/n3r3/3k4/8/B7/8/3K4/R7 w - - 0 1
0,1,0,0,0,0,0,1,-1,1,0,1,1,1,0,0,0,0,0,16,0,0,2,3,7,1,7,3,5,4,0,1,0,0,0,0,0,0,0,7,1,1,0,0,0,0,1,2,0,1,KRBKRNvK,DRAW,1k1K1n2/8/8/8/r7/6BR/8/8 b - - 0 1
0,1,0,0,0,0,0,1,-1,1,0,1,1,1,0,0,0,0,0,16,0,0,2,5,2,6,0,2,5,24,22,0,0,0,0,0,0,0,0,7,1,1,0,0,0,0,2,2,0,2,KRBKRNvK,DRAW,B7/8/1R6/6r1/8/4nK2/8/6k1 b - - 0 1
1,1,0,0,0,0,0,1,-1,1,0,1,1,1,0,0,0,0,0,16,0,0,4,5,4,7,0,1,6,26,23,0,0,0,0,0,0,0,0,7,1,1,1,0,0,0,2,3,0,0,KRBKRNvK,DRAW,4r3/R7/1n6/5K2/7B/8/8/7k w - - 0 1
0,1,0,0,0,0,0,1,-1,1,0,1,1,1,0,0,0,0,0,16,0,0,6,4,6,7,0,2,6,20,29,0,0,0,0,0,0,0,0,7,1,1,0,0,0,0,0,2,0,0,KRBKRNvK,DRAW,5R2/3BK3/8/7r/8/8/8/3n3k b - - 0 1
1,1,0,0,0,0,0,1,-1,1,0,1,1,1,0,0,0,0,0,16,0,0,7,0,7,7,6,6,5,20,20,0,0,0,0,0,0,0,0,7,1,1,0,0,0,0,2,2,0,0,KRBKRNvK,DRAW,K6n/7k/8/2R5/5r2/B7/8/8 w - - 0 1
1,1,0,0,0,0,0,1,-1,1,0,1,1,1,0,0,0,0,0,16,0,0,4,0,6,0,2,5,4,20,22,0,0,0,0,0,0,0,0,7,1,1,0,1,0,0,3,1,0,1,KRBKRNvK,DRAW,8/K1n4B/8/8/4R3/k7/7r/8 w - - 0 1
0,1,0,0,0,0,0,1,-1,1,0,1,1,1,0,0,0,0,0,16,0,0,4,2,0,6,2,4,3,7,0,1,0,0,0,0,0,0,0,7,1,1,1,0,0,0,2,3,0,0,KRBKRNvK,DRAW,8/6R1/3r4/8/8/6k1/1B3n2/2K5 b - - 0 1
0,1,0,0,0,0,0,1,-1,1,0,1,1,1,0,0,0,0,0,16,0,0,2,1,3,3,4,2,0,5,0,1,0,0,0,0,0,0,0,7,1,1,0,0,0,0,2,3,0,1,KRBKRNvK,DRAW,8/8/5r2/3k4/1Kn5/8/6B1/6R1 b - - 0 1
0,1,0,0,0,0,0,1,-1,1,0,1,1,1,0,0,0,0,0,16,0,0,4,5,6,1,4,3,2,6,0,1,0,0,0,0,0,0,0,7,1,1,0,0,0,0,2,2,0,0,KRBKRNvK,DRAW,r7/5KB1/8/1k6/8/2n5/1R6/8 b - - 0 1
0,1,0,0,0,0,0,1,-1,1,0,1,1,1,0,0,0,0,0,16,0,0,6,1,0,0,6,5,5,19,20,0,0,0,0,0,0,0,0,7,1,1,0,0,0,0,0,1,0,0,KRBKRNvK,DRAW,8/k1rn4/8/7B/8/8/7R/1K6 b - - 0 1
1,1,0,0,0,0,0,1,-1,1,0,1,1,1,0,0,0,0,0,16,0,0,2,3,4,1,2,0,3,3,0,1,0,0,0,0,0,0,0,7,1,1,0,0,0,0,3,2,0,2,KRBKRNvK,DRAW,7B/2n5/8/3K4/4R3/1k1r4/8/8 w - - 0 1
1,1,0,0,0,0,0,1,-1,1,0,1,1,1,0,0,0,0,0,16,0,0,5,1,1,6,4,4,2,7,0,1,0,0,0,0,0,0,0,7,1,1,1,1,0,0,3,2,0,0,KRBKRNvK,DRAW,8/nB1R4/8/6k1/8/8/1K2r3/8 w - - 0 1
1,1,0,0,0,0,0,1,-1,1,0,1,1,1,0,0,0,0,0,16,0,0,3,1,7,4,7,5,3,28,20,0,0,0,0,0,0,0,0,7,1,1,0,1,0,0,2,0,0,0,KRBKRNvK,DRAW,1K2k2n/8/1B6/8/R7/8/6r1/8 w - - 0 1
0,1,0,0,0,0,0,1,-1,1,0,1,1,1,0,0,0,0,0,16,0,0,2,2,3,2,1,1,3,19,25,0,0,0,0,0,0,0,0,7,1,1,0,0,0,0,3,0,0,0,KRBKRNvK,DRAW,1r6/8/8/8/2K4R/5B2/2k5/n7 b - - 0 1
0,1,0,0,0,0,0,1,-1,1,0,1,1,1,0,0,0,0,0,16,0,0,5,1,0,1,5,5,3,5,0,1,0,0,0,0,0,0,0,7,1,1,0,0,0,0,0,2,2,0,KRBKRNvK,DRAW,1R2n3/8/1k6/3r4/B7/8/8/1K6 b - - 0 1
0,1,0,0,0,0,0,1,-1,1,0,1,1,1,0,0,0,0,0,16,0,0,7,0,3,7,7,3,6,20,25,0,0,0,0,0,0,0,0,7,1,1,0,0,0,0,3,2,0,0,KRBKRNvK,DRAW,7k/n7/8/4r3/K4R2/8/6B1/8 b - - 0 1
1,1,0,0,0,0,0,1,-1,1,0,1,1,1,0,0,0,0,0,16,0,0,5,0,6,2,1,5,3,24,18,0,0,0,0,0,0,0,0,7,1,1,0,0,0,0,0,1,0,0,KRBKRNvK,DRAW,8/K2n3r/8/8/7B/5R2/2k5/8 w - - 0 1
1,1,0,0,0,0,0,1,-1,1,0,1,1,1,0,0,0,0,0,16,0,0,2,5,3,6,1,1,4,24,22,0,0,0,0,0,0,0,0,7,1,1,0,0,0,0,3,0,0,0,KRBKRNvK,DRAW,4B3/1n6/8/4R3/5K2/1r6/6k1/8 w - - 0 1
1,1,0,0,0,0,0,1,-1,1,0,1,1,1,0,0,0,0,0,16,0,0,2,0,5,2,3,4,1,27,23,0,0,0,0,0,0,0,0,7,1,1,0,0,0,0,1,2,1,0,KRBKRNvK,DRAW,3r4/8/K7/4B3/2k4n/8/8/R7 w - - 0 1
0,1,0,0,0,0,0,1,-1,1,0,1,1,1,0,0,0,0,0,16,0,0,5,5,1,0,1,3,5,18,23,0,0,0,0,0,0,0,0,7,1,1,1,0,0,0,2,1,0,1,KRBKRNvK,DRAW,8/3RB3/8/8/8/4n3/k4K2/r7 b - - 0 1
1,1,0,0,0,0,0,1,-1,1,0,1,1,1,0,0,0,0,0,16,0,0,6,6,2,0,4,3,3,25,24,0,0,0,0,0,0,0,0,7,1,1,1,0,0,0,2,1,0,0,KRBKRNvK,DRAW,B6r/5R2/6n1/k7/8/6K1/8/8 w - - 0 1
1,1,0,0,0,0,0,1,-1,1,0,1,1,1,0,0,0,0,0,16,0,0,3,0,7,3,4,6,0,22,21,0,0,0,0,0,0,0,0,7,1,1,0,1,0,0,1,3,0,0,KRBKRNvK,DRAW,K7/B6n/8/3k4/8/8/7r/6R1 w - - 0 1
0,1,0,0,0,0,0,1,-1,1,0,1,1,1,0,0,0,0,0,16,0,0,4,7,6,3,2,5,1,5,0,1,0,0,0,0,0,0,0,7,1,1,0,1,0,0,2,2,1,0,KRBKRNvK,DRAW,3R4/7K/8/8/8/3k3n/r4B2/8 b - - 0 1
0,1,0,0,0,0,0,1,-1,1,0,1,1,1,0,0,0,0,0,16,0,0,5,2,6,1,1,3,4,18,31,0,0,0,0,0,0,0,0,7,1,1,0,1,0,0,3,0,1,0,KRBKRNvK,DRAW,8/2K2B2/8/8/R7/8/1k4r1/7n b - - 0 1
0,1,0,0,0,0,0,1,-1,1,0,1,1,1,0,0,0,0,0,16,0,0,6,6,5,0,7,3,6,2,0,1,0,0,0,0,0,0,0,7,1,1,0,0,0,0,3,1,1,1,KRBKRNvK,DRAW,k2R4/2B5/6K1/8/6n1/2r5/8/8 b - - 0 1
1,1,0,0,0,0,0,1,-1,1,0,1,1,1,0,0,0,0,0,16,0,0,6,0,7,2,1,6,3,2,0,1,0,0,0,0,0,0,0,7,1,1,0,0,0,0,2,3,1,0,KRBKRNvK,DRAW,K2r4/8/8/6n1/5R2/8/2k5/2B5 w - - 0 1
1,1,0,0,0,0,0,1,-1,1,0,1,1,1,0,0,0,0,0,16,0,0,3,4,6,1,4,2,2,7,0,1,0,0,0,0,0,0,0,7,1,1,1,0,0,0,0,3,0,1,KRBKRNvK,DRAW,8/4K1R1/2n5/1k6/1r6/8/8/3B4 w - - 0 1
0,1,0,0,0,0,0,1,-1,1,0,1,1,1,0,0,0,0,0,16,0,0,5,5,4,0,0,1,6,4,0,1,0,0,0,0,0,0,0,7,1,1,0,0,0,0,3,0,0,0,KRBKRNvK,DRAW,3nR3/8/5B2/5K2/8/1r6/8/k7 b - - 0 1
1,1,0,0,0,0,0,1,-1,1,0,1,1,1,0,0,0,0,0,16,0,0,4,2,0,2,4,4,1,27,23,0,0,0,0,0,0,0,0,7,1,1,0,0,0,0,1,3,1,0,KRBKRNvK,DRAW,R7/8/8/2k5/1r6/1B6/5n2/2K5 w - - 0 1
1,1,0,0,0,0,0,1,-1,1,0,1,1,1,0,0,0,0,0,16,0,0,6,6,1,3,7,4,3,29,19,0,0,0,0,0,0,0,0,7,1,1,0,0,0,0,2,1,1,0,KRBKRNvK,DRAW,rB1k4/8/4n3/7R/8/8/6K1/8 w - - 0 1
1,1,0,0,0,0,0,1,-1,1,0,1,1,1,0,0,0,0,0,16,0,0,5,6,5,2,0,3,4,4,0,1,0,0,0,0,0,0,0,7,1,1,0,0,0,0,2,2,0,1,KRBKRNvK,DRAW,5nB1/8/6K1/r6R/8/8/8/2k5 w - - 0 1
0,1,0,0,0,0,0,1,-1,1,0,1,1,1,0,0,0,0,0,16,0,0,5,6,6,4,1,4,2,27,30,0,0,0,0,0,0,0,0,7,1,1,0,0,0,0,1,2,0,0,KRBKRNvK,DRAW,1R6/2B3K1/8/2n5/8/4r3/4k3/8 b - - 0 1
1,1,0,0,0,0,0,1,-1,1,0,1,1,1,0,0,0,0,0,16,0,0,5,2,0,6,5,4,3,21,22,0,0,0,0,0,0,0,0,7,1,1,0,0,0,0,2,2,0,0,KRBKRNvK,DRAW,8/8/6k1/8/8/5n1r/1BR5/2K5 w - - 0 1
0,1,0,0,0,0,0,1,-1,1,0,1,1,1,0,0,0,0,0,16,0,0,6,1,6,7,2,4,4,25,23,0,0,0,0,0,0,0,0,7,1,1,0,0,0,0,2,1,0,0,KRBKRNvK,DRAW,8/1K5B/4n3/8/1R6/7k/8/r7 b - - 0 1
1,1,0,0,0,0,0,1,-1,1,0,1,1,1,0,0,0,0,0,16,0,0,5,7,1,2,3,5,1,24,20,0,0,0,0,0,0,0,0,7,1,1,0,0,0,0,2,2,0,1,KRBKRNvK,DRAW,5B2/n7/8/8/2k5/5r2/7K/3R4 w - - 0 1
1,1,0,0,0,0,0,1,-1,1,0,1,1,1,0,0,0,0,0,16,0,0,3,1,4,3,7,2,3,18,26,0,0,0,0,0,0,0,0,7,1,1,0,1,0,0,2,1,0,0,KRBKRNvK,DRAW,3k4/8/B7/1K6/R7/4n3/7r/8 w - - 0 1
1,1,0,0,0,0,0,1,-1,1,0,1,1,1,0,0,0,0,0,16,0,0,4,3,6,7,6,2,5,7,0,1,0,0,0,0,0,0,0,7,1,1,0,0,0,0,2,2,0,2,KRBKRNvK,DRAW,1n6/3K3k/8/5r2/4R3/8/8/2B5 w - - 0 1
1,1,0,0,0,0,0,1,-1,1,0,1,1,1,0,0,0,0,0,16,0,0,6,6,7,7,1,5,5,24,25,0,0,0,0,0,0,0,0,7,1,1,0,1,0,0,2,0,0,0,KRBKRNvK,DRAW,2B3K1/8/8/4n3/R7/8/5r1k/8 w - - 0 1
1,1,0,0,0,0,0,1,-1,1,0,1,1,1,0,0,0,0,0,16,0,0,5,5,5,0,4,2,3,29,17,0,0,0,0,0,0,0,0,7,1,1,0,0,0,0,2,0,0,0,KRBKRNvK,DRAW,2n5/8/5K2/k7/4RB2/r7/8/8 w - - 0 1
1,1,0,0,0,0,0,1,-1,1,0,1,1,1,0,0,0,0,0,16,0,0,3,3,3,0,3,0,3,21,22,0,0,0,0,0,0,0,0,7,1,1,0,0,0,0,4,2,0,1,KRBKRNvK,WIN,8/8/8/1r6/k2K1RB1/8/8/4n3 w - - 0 1
1,1,0,0,0,0,0,1,-1,1,0,1,1,1,0,0,0,0,0,16,0,0,7,7,0,0,2,6,4,24,20,0,0,0,0,0,0,0,0,7,1,1,0,0,0,0,2,3,1,0,KRBKRNvK,DRAW,2B5/8/3n4/8/1R6/k2r4/8/7K w - - 0 1
1,1,0,0,0,0,0,1,-1,1,0,1,1,1,0,0,0,0,0,16,0,0,6,5,1,3,7,3,3,24,24,0,0,0,0,0,0,0,0,7,1,1,1,0,0,0,1,2,0,1,KRBKRNvK,DRAW,3k4/R7/5n2/8/8/7r/B4K2/8 w - - 0 1
0,1,0,0,0,0,0,1,-1,1,0,1,1,1,0,0,0,0,0,16,0,0,3,4,3,7,3,0,3,23,25,0,0,0,0,0,0,0,0,7,1,1,0,0,0,0,3,1,1,1,KRBKRNvK,DRAW,2r5/8/8/5n2/4K2k/5R2/3B4/8 b - - 0 1
1,1,0,0,0,0,0,1,-1,1,0,1,1,1,0,0,0,0,0,16,0,0,5,5,2,2,7,2,4,5,0,1,0,0,0,0,0,0,0,7,1,1,0,0,0,0,1,0,0,2,KRBKRNvK,DRAW,2k5/8/8/8/1B6/5K2/8/5rnR w - - 0 1
0,1,0,0,0,0,0,1,-1,1,0,1,1,1,0,0,0,0,0,16,0,0,4,2,3,6,0,1,5,14,24,0,0,0,0,0,0,0,0,7,1,1,0,0,0,0,2,3,1,0,KRBKRNvK,DRAW,8/B7/8/5r2/2K5/7R/5n2/6k1 b - - 0 1
1,1,0,0,0,0,0,1,-1,1,0,1,1,1,0,0,0,0,0,16,0,0,7,2,7,0,0,4,6,3,0,1,0,0,0,0,0,0,0,7,1,1,0,0,0,0,0,0,0,0,KRBKRNvK,DRAW,2K4r/3B2n1/2R5/8/8/8/8/k7 w - - 0 1
1,1,0,0,0,0,0,1,-1,1,0,1,1,1,0,0,0,0,0,16,0,0,2,1,7,0,5,5,4,1,0,1,0,0,0,0,0,0,0,7,1,1,0,0,0,0,1,1,0,1,KRBKRNvK,DRAW,1K1r4/8/k7/3B4/4n3/7R/8/8 w - - 0 1
0,1,0,0,0,0,0,1,-1,1,0,1,1,1,0,0,0,0,0,16,0,0,2,5,7,5,5,4,2,2,0,1,0,0,0,0,0,0,0,7,1,1,0,0,0,0,2,1,0,1,KRBKRNvK,DRAW,1n3K2/8/R4k1r/8/8/8/8/B7 b - - 0 1
0,1,0,0,0,0,0,1,-1,1,0,1,1,1,0,0,0,0,0,16,0,0,5,1,3,6,3,2,2,22,23,0,0,0,0,0,0,0,0,7,1,1,0,0,0,0,1,2,0,0,KRBKRNvK,DRAW,8/8/8/4r3/1K4k1/R7/B7/4n3 b - - 0 1
0,1,0,0,0,0,0,1,-1,1,0,1,1,1,0,0,0,0,0,16,0,0,2,4,3,2,2,0,2,20,17,0,0,0,0,0,0,0,0,7,1,1,0,0,0,0,4,3,1,1,KRBKRNvK,DRAW,8/1B2n3/8/2r5/4K3/2k5/4R3/8 b - - 0 1
0,1,0,0,0,0,0,1,-1,1,0,1,1,1,0,0,0,0,0,16,0,0,4,4,1,7,5,2,4,21,30,0,0,0,0,0,0,0,0,7,1,1,0,0,0,0,2,2,0,1,KRBKRNvK,DRAW,8/8/7k/4B3/R7/3r4/n3K3/8 b - - 0 1
0,1,0,0,0,0,0,1,-1,1,0,1,1,1,0,0,0,0,0,16,0,0,2,1,2,0,4,3,3,22,24,0,0,0,0,0,0,0,0,7,1,1,1,0,0,0,0,3,0,1,KRBKRNvK,DRAW,3r4/6R1/7B/k7/8/1K1n4/8/8 b - - 0 1
0,1,0,0,0,0,0,1,-1,1,0,1,1,1,0,0,0,0,0,16,0,0,4,4,1,5,5,2,2,23,21,0,0,0,0,0,0,0,0,7,1,1,0,0,0,0,1,1,0,1,KRBKRNvK,DRAW,1R6/8/1B3k2/n7/8/5r2/4K3/8 b - - 0 1
1,1,0,0,0,0,0,1,-1,1,0,1,1,1,0,0,0,0,0,16,0,0,4,3,0,3,4,3,0,24,19,0,0,0,0,0,0,0,0,7,1,1,0,0,0,0,1,3,0,0,KRBKRNvK,DRAW,2n5/8/6R1/3k4/2r5/8/2B5/3K4 w - - 0 1
1,1,0,0,0,0,0,1,-1,1,0,1,1,1,0,0,0,0,0,16,0,0,5,0,0,5,0,6,4,26,21,0,0,0,0,0,0,0,0,7,1,1,1,0,0,0,1,2,1,0,KRBKRNvK,DRAW,8/1R6/8/8/6n1/4r1B1/8/K4k2 w - - 0 1
0,1,0,0,0,0,0,1,-1,1,0,1,1,1,0,0,0,0,0,16,0,0,3,3,2,0,4,1,3,21,23,0,0,0,0,0,0,0,0,7,1,1,0,0,0,0,3,1,1,0,KRBKRNvK,DRAW,6B1/8/2Rn3r/k7/8/3K4/8/8 b - - 0 1
0,1,0,0,0,0,0,1,-1,1,0,1,1,1,0,0,0,0,0,16,0,0,7,5,7,0,0,4,6,3,0,1,0,0,0,0,0,0,0,7,1,1,0,0,0,0,0,2,0,2,KRBKRNvK,LOSS,5K2/4r3/3n4/8/8/8/3B4/k4R2 b - - 0 1
0,1,0,0,0,0,0,1,-1,1,0,1,1,1,0,0,0,0,0,16,0,0,3,4,6,7,5,2,4,23,23,0,0,0,0,0,0,0,0,7,1,1,0,0,0,0,2,3,0,1,KRBKRNvK,DRAW,8/2B1K3/3n3k/7r/8/8/3R4/8 b - - 0 1
1,1,0,0,0,0,0,1,-1,1,0,1,1,1,0,0,0,0,0,16,0,0,3,7,5,4,4,4,0,4,0,1,0,0,0,0,0,0,0,7,1,1,0,0,0,0,1,3,0,1,KRBKRNvK,DRAW,8/8/5r1K/4k3/8/8/n4B1R/8 w - - 0 1
0,1,0,0,0,0,0,1,-1,1,0,1,1,1,0,0,0,0,0,16,0,0,5,7,6,2,6,5,3,7,0,1,0,0,0,0,0,0,0,7,1,1,1,0,0,0,0,1,0,1,KRBKRNvK,LOSS,8/2k2R1K/6r1/2n5/8/8/8/3B4 b - - 0 1
0,1,0,0,0,0,0,1,-1,1,0,1,1,1,0,0,0,0,0,16,0,0,2,2,0,4,0,4,3,13,24,0,0,0,0,0,0,0,0,7,1,1,0,0,0,0,1,1,0,0,KRBKRNvK,DRAW,8/8/1R6/8/6n1/8/B7/2K1k1r1 b - - 0 1
0,1,0,0,0,0,0,1,-1,1,0,1,1,1,0,0,0,0,0,16,0,0,2,3,3,5,2,0,2,27,19,0,0,0,0,0,0,0,0,7,1,1,0,0,0,0,3,3,1,1,KRBKRNvK,DRAW,R7/8/8/7r/3K4/4nk2/8/6B1 b - - 0 1
1,1,0,0,0,0,0,1,-1,1,0,1,1,1,0,0,0,0,0,16,0,0,5,6,0,1,2,5,3,15,24,0,0,0,0,0,0,0,0,7,1,1,0,1,0,0,1,2,0,1,KRBKRNvK,DRAW,8/B7/8/8/8/1k6/3r2n1/6KR w - - 0 1
1,1,0,0,0,0,0,1,-1,1,0,1,1,1,0,0,0,0,0,16,0,0,7,7,4,0,3,3,3,22,13,0,0,0,0,0,0,0,0,7,1,1,0,0,0,0,2,0,0,0,KRBKRNvK,DRAW,1n6/4B3/r7/6RK/k7/8/8/8 w - - 0 1
0,1,0,0,0,0,0,1,-1,1,0,1,1,1,0,0,0,0,0,16,0,0,7,0,1,7,1,5,5,24,18,0,0,0,0,0,0,0,0,7,1,1,0,0,0,0,1,0,0,0,KRBKRNvK,DRAW,3B4/2r5/8/4n1R1/8/8/K6k/8 b - - 0 1
0,1,0,0,0,0,0,1,-1,1,0,1,1,1,0,0,0,0,0,16,0,0,7,7,7,0,1,6,5,5,0,1,0,0,0,0,0,0,0,7,1,1,0,0,0,0,3,0,0,1,KRBKRNvK,DRAW,1r3n1K/8/2B5/8/8/8/k2R4/8 b - - 0 1
0,1,0,0,0,0,0,1,-1,1,0,1,1,1,0,0,0,0,0,16,0,0,4,4,3,7,7,0,6,2,0,1,0,0,0,0,0,0,0,7,1,1,0,0,0,0,4,0,0,0,KRBKRNvK,LOSS,3n3k/8/8/4B3/3RK3/8/8/r7 b - - 0 1
0,1,0,0,0,0,0,1,-1,1,0,1,1,1,0,0,0,0,0,16,0,0,7,7,4,0,0,3,6,2,0,1,0,0,0,0,0,0,0,7,1,1,0,1,0,0,2,2,1,1,KRBKRNvK,DRAW,8/8/8/7K/8/2B2nR1/r7/k7 b - - 0 1
0,1,0,0,0,0,0,1,-1,1,0,1,1,1,0,0,0,0,0,16,0,0,3,2,6,3,3,3,0,6,0,1,0,0,0,0,0,0,0,7,1,1,0,0,0,0,1,3,0,1,KRBKRNvK,DRAW,8/2K5/r7/8/3k2B1/8/6n1/3R4 b - - 0 1
0,1,0,0,0,0,0,1,-1,1,0,1,1,1,0,0,0,0,0,16,0,0,6,7,7,3,1,6,2,6,0,1,0,0,0,0,0,0,0,7,1,1,0,0,0,0,0,1,1,0,KRBKRNvK,DRAW,7K/8/3n3R/8/1B6/8/3k4/5r2 b - - 0 1
0,1,0,0,0,0,0,1,-1,1,0,1,1,1,0,0,0,0,0,16,0,0,4,6,2,2,2,3,2,22,29,0,0,0,0,0,0,0,0,7,1,1,1,0,0,0,1,1,1,1,KRBKRNvK,DRAW,8/1R6/8/2B5/8/2k3K1/1n6/5r2 b - - 0 1
1,1,0,0,0,0,0,1,-1,1,0,1,1,1,0,0,0,0,0,16,0,0,3,7,0,4,3,6,0,2,0,1,0,0,0,0,0,0,0,7,1,1,0,0,0,0,2,3,0,1,KRBKRNvK,DRAW,5R2/6B1/4n3/8/4k3/7r/8/7K w - - 0 1
0,1,0,0,0,0,0,1,-1,1,0,1,1,1,0,0,0,0,0,16,0,0,2,3,0,4,2,3,1,19,22,0,0,0,0,0,0,0,0,7,1,1,0,0,0,0,2,2,0,0,KRBKRNvK,WIN,3r4/8/3n4/8/1B5R/4k3/8/3K4 b - - 0 1
1,1,0,0,0,0,0,1,-1,1,0,1,1,1,0,0,0,0,0,16,0,0,4,2,3,6,2,1,3,6,0,1,0,0,0,0,0,0,0,7,1,1,0,0,0,0,2,2,0,1,KRBKRNvK,DRAW,2B5/8/8/8/r1K5/1R3nk1/8/8 w - - 0 1
1,1,0,0,0,0,0,1,-1,1,0,1,1,1,0,0,0,0,0,16,0,0,4,5,4,4,0,1,3,4,0,1,0,0,0,0,0,0,0,7,1,1,0,0,0,0,3,2,0,2,KRBKRNvK,DRAW,8/8/5B1n/3r1K2/8/7R/8/4k3 w - - 0 1
0,1,0,0,0,0,0,1,-1,1,0,1,1,1,0,0,0,0,0,16,0,0,6,6,6,0,6,4,5,21,27,0,0,0,0,0,0,0,0,7,1,1,0,0,0,0,1,1,1,0,KRBKRNvK,DRAW,6B1/k5K1/2R5/8/8/1r2n3/8/8 b - - 0 1
0,1,0,0,0,0,0,1,-1,1,0,1,1,1,0,0,0,0,0,16,0,0,4,3,1,5,5,2,2,4,0,1,0,0,0,0,0,0,0,7,1,1,0,0,0,0,0,2,2,1,KRBKRNvK,DRAW,5R1B/8/5k2/2r5/1n6/8/3K4/8 b - - 0 1
0,1,0,0,0,0,0,1,-1,1,0,1,1,1,0,0,0,0,0,16,0,0,2,1,6,0,4,4,3,2,0,1,0,0,0,0,0,0,0,7,1,1,0,0,0,0,2,0,0,0,KRBKRNvK,DRAW,8/1K1B4/7r/k2R4/n7/8/8/8 b - - 0 1
1,1,0,0,0,0,0,1,-1,1,0,1,1,1,0,0,0,0,0,16,0,0,2,6,3,4,4,2,0,4,0,1,0,0,0,0,0,0,0,7,1,1,0,1,0,0,0,3,0,2,KRBKRNvK,DRAW,8/8/8/4k3/6K1/4n3/4B1r1/4R3 w - - 0 1
0,1,0,0,0,0,0,1,-1,1,0,1,1,1,0,0,0,0,0,16,0,0,5,0,5,5,7,4,4,19,28,0,0,0,0,0,0,0,0,7,1,1,0,0,0,0,1,2,0,0,KRBKRNvK,DRAW,5k1n/8/K7/5r2/3B4/8/1R6/8 b - - 0 1
1,1,0,0,0,0,0,1,-1,1,0,1,1,1,0,0,0,0,0,16,0,0,6,3,0,5,6,3,3,19,22,0,0,0,0,0,0,0,0,7,1,1,0,0,0,0,0,0,0,0,KRBKRNvK,DRAW,B5r1/5k2/2R5/8/8/n7/8/3K4 w - - 0 1
1,1,0,0,0,0,0,1,-1,1,0,1,1,1,0,0,0,0,0,16,0,0,6,0,4,6,2,3,3,21,27,0,0,0,0,0,0,0,0,7,1,1,0,0,0,0,2,2,0,0,KRBKRNvK,DRAW,8/8/5B1R/K2n4/4r3/6k1/8/8 w - - 0 1
0,1,0,0,0,0,0,1,-1,1,0,1,1,1,0,0,0,0,0,16,0,0,4,2,6,4,2,3,1,22,26,0,0,0,0,0,0,0,0,7,1,1,0,0,0,0,2,2,1,0,KRBKRNvK,DRAW,4B3/2K5/7r/6R1/7n/4k3/8/8 b - - 0 1
0,1,0,0,0,0,0,1,-1,1,0,1,1,1,0,0,0,0,0,16,0,0,2,4,1,2,3,2,1,21,24,0,0,0,0,0,0,0,0,7,1,1,0,0,0,0,1,2,1,1,KRBKRNvK,DRAW,8/8/1B5R/8/2k5/8/1n2K3/3r4 b - - 0 1
1,1,0,0,0,0,0,1,-1,1,0,1,1,1,0,0,0,0,0,16,0,0,5,6,5,1,5,3,3,6,0,1,0,0,0,0,0,0,0,7,1,1,1,0,0,0,2,0,1,0,KRBKRNvK,DRAW,B7/5R2/1k4K1/8/8/8/8/5nr1 w - - 0 1
1,1,0,0,0,0,0,1,-1,1,0,1,1,1,0,0,0,0,0,16,0,0,6,1,7,3,1,5,2,26,19,0,0,0,0,0,0,0,0,7,1,1,1,0,0,0,3,0,0,0,KRBKRNvK,DRAW,1K6/4R3/8/8/8/8/B2k4/2n3r1 w - - 0 1
0,1,0,0,0,0,0,1,-1,1,0,1,1,1,0,0,0,0,0,16,0,0,2,7,5,5,7,4,4,21,26,0,0,0,0,0,0,0,0,7,1,1,0,0,0,0,1,0,0,0,KRBKRNvK,DRAW,5k2/r7/7K/8/8/1R6/5B2/1n6 b - - 0 1
0,1,0,0,0,0,0,1,-1,1,0,1,1,1,0,0,0,0,0,16,0,0,3,1,6,3,3,4,0,6,0,1,0,0,0,0,0,0,0,7,1,1,0,0,0,0,1,3,0,1,KRBKRNvK,LOSS,1n6/BK6/8/8/3k4/8/8/6Rr b - - 0 1
1,1,0,0,0,0,0,1,-1,1,0,1,1,1,0,0,0,0,0,16,0,0,3,2,6,5,7,3,4,5,0,1,0,0,0,0,0,0,0,7,1,1,1,0,0,0,1,1,0,0,KRBKRNvK,DRAW,5k2/1RK4r/8/8/1n3B2/8/8/8 w - - 0 1
0,1,0,0,0,0,0,1,-1,1,0,1,1,1,0,0,0,0,0,16,0,0,6,1,4,7,2,2,4,3,0,1,0,0,0,0,0,0,0,7,1,1,0,0,0,0,2,0,0,1,KRBKRNvK,LOSS,8/8/4B3/1K6/8/2rR3k/8/n7 b - - 0 1
0,1,0,0,0,0,0,1,-1,1,0,1,1,1,0,0,0,0,0,16,0,0,4,1,4,1,0,2,5,2,0,1,0,0,0,0,0,0,0,7,1,1,0,0,0,0,1,2,1,0,KRBKRNvK,DRAW,8/4r3/8/1K5n/8/1B6/8/1k3R2 b - - 0 1
0,1,0,0,0,0,0,1,-1,1,0,1,1,1,0,0,0,0,0,16,0,0,4,4,1,3,5,2,1,22,28,0,0,0,0,0,0,0,0,7,1,1,0,0,0,0,0,2,0,0,KRBKRNvK,DRAW,8/2n3r1/3k4/8/B7/8/4K3/5R2 b - - 0 1
0,1,0,0,0,0,0,1,-1,1,0,1,1,1,0,0,0,0,0,16,0,0,2,7,0,5,1,6,3,6,0,1,0,0,0,0,0,0,0,7,1,1,0,0,0,0,0,3,0,0,KRBKRNvK,DRAW,3r4/5n2/8/8/8/8/2R2k2/1B5K b - - 0 1
0,1,0,0,0,0,0,1,-1,1,0,1,1,1,0,0,0,0,0,16,0,0,2,6,5,4,3,3,0,5,0,1,0,0,0,0,0,0,0,7,1,1,0,0,0,0,3,4,0,0,KRBKRNvK,DRAW,7B/3r4/6K1/8/1R2k3/8/5n2/8 b - - 0 1
0,1,0,0,0,0,0,1,-1,1,0,1,1,1,0,0,0,0,0,16,0,0,4,0,3,1,7,3,5,27,22,0,0,0,0,0,0,0,0,7,1,1,0,0,0,0,2,1,0,0,KRBKRNvK,DRAW,1k6/8/3nR3/7B/K7/8/8/5r2 b - - 0 1
1,1,0,0,0,0,0,1,-1,1,0,1,1,1,0,0,0,0,0,16,0,0,3,6,4,4,7,2,3,5,0,1,0,0,0,0,0,0,0,7,1,1,1,0,0,0,3,2,1,1,KRBKRNvK,DRAW,4k3/3R3n/8/r5K1/8/8/2B5/8 w - - 0 1
1,1,0,0,0,0,0,1,-1,1,0,1,1,1,0,0,0,0,0,16,0,0,3,3,5,2,2,1,2,26,20,0,0,0,0,0,0,0,0,7,1,1,0,0,0,0,3,2,2,1,KRBKRNvK,DRAW,1n6/8/3K4/8/6r1/2k1B3/3R4/8 w - - 0 1
0,1,0,0,0,0,0,1,-1,1,0,1,1,1,0,0,0,0,0,16,0,0,6,1,7,7,2,5,4,21,23,0,0,0,0,0,0,0,0,7,1,1,1,0,0,0,2,2,0,0,KRBKRNvK,DRAW,1K2n3/4R3/8/2r5/8/7k/8/4B3 b - - 0 1
1,1,0,0,0,0,0,1,-1,1,0,1,1,1,0,0,0,0,0,16,0,0,2,3,7,5,7,3,4,20,18,0,0,0,0,0,0,0,0,7,1,1,0,1,0,0,2,0,0,0,KRBKRNvK,DRAW,3K1k2/8/7n/R7/B7/8/7r/8 w - - 0 1
1,1,0,0,0,0,0,1,-1,1,0,1,1,1,0,0,0,0,0,16,0,0,5,5,0,0,0,4,6,23,24,0,0,0,0,0,0,0,0,7,1,1,0,0,0,0,2,0,0,0,KRBKRNvK,DRAW,8/8/8/7R/3n4/1r6/7B/k4K2 w - - 0 1
1,1,0,0,0,0,0,1,-1,1,0,1,1,1,0,0,0,0,0,16,0,0,4,7,7,3,3,6,0,26,19,0,0,0,0,0,0,0,0,7,1,1,1,0,0,0,0,4,0,0,KRBKRNvK,DRAW,7K/1R6/8/3r2B1/3k4/8/8/5n2 w - - 0 1
0,1,0,0,0,0,0,1,-1,1,0,1,1,1,0,0,0,0,0,16,0,0,2,4,0,2,2,3,2,3,0,1,0,0,0,0,0,0,0,7,1,1,0,0,0,0,2,1,0,0,KRBKRNvK,DRAW,1R6/8/5B2/8/n7/1rk5/8/4K3 b - - 0 1
1,1,0,0,0,0,0,1,-1,1,0,1,1,1,0,0,0,0,0,16,0,0,3,6,3,6,0,2,5,5,0,1,0,0,0,0,0,0,0,7,1,1,0,0,0,0,2,2,1,1,KRBKRNvK,DRAW,8/8/4n3/3R4/1r4K1/7B/8/6k1 w - - 0 1
1,1,0,0,0,0,0,1,-1,1,0,1,1,1,0,0,0,0,0,16,0,0,5,2,1,4,6,3,2,5,0,1,0,0,0,0,0,0,0,7,1,1,0,1,0,0,1,1,0,1,KRBKRNvK,DRAW,1B5R/4k3/8/8/8/4n3/2K2r2/8 w - - 0 1
0,1,0,0,0,0,0,1,-1,1,0,1,1,1,0,0,0,0,0,16,0,0,6,0,0,6,1,6,4,26,23,0,0,0,0,0,0,0,0,7,1,1,0,0,0,0,3,3,0,0,KRBKRNvK,DRAW,8/8/6B1/3R4/4r3/6n1/6k1/K7 b - - 0 1
0,1,0,0,0,0,0,1,-1,1,0,1,1,1,0,0,0,0,0,16,0,0,4,3,7,4,3,3,0,24,21,0,0,0,0,0,0,0,0,7,1,1,1,0,0,0,0,4,0,0,KRBKRNvK,DRAW,3K4/4B1R1/8/8/3nk2r/8/8/8 b - - 0 1
1,1,0,0,0,0,0,1,-1,1,0,1,1,1,0,0,0,0,0,16,0,0,5,1,2,6,4,3,2,31,18,0,0,0,0,0,0,0,0,7,1,1,1,0,0,0,3,0,1,0,KRBKRNvK,DRAW,7n/3R4/8/5Bk1/8/1K6/8/6r1 w - - 0 1
0,1,0,0,0,0,0,1,-1,1,0,1,1,1,0,0,0,0,0,16,0,0,5,3,5,3,0,1,3,4,0,1,0,0,0,0,0,0,0,7,1,1,0,0,0,0,3,2,1,0,KRBKRNvK,DRAW,8/5B1r/3K4/8/8/2nR4/8/3k4 b - - 0 1
0,1,0,0,0,0,0,1,-1,1,0,1,1,1,0,0,0,0,0,16,0,0,2,2,3,0,3,1,3,18,21,0,0,0,0,0,0,0,0,7,1,1,0,0,0,0,2,1,0,1,KRBKRNvK,DRAW,8/8/8/5nB1/k1K5/r7/6R1/8 b - - 0 1
1,1,0,0,0,0,0,1,-1,1,0,1,1,1,0,0,0,0,0,16,0,0,3,2,7,4,4,4,0,4,0,1,0,0,0,0,0,0,0,7,1,1,0,0,0,0,1,3,0,0,KRBKRNvK,DRAW,2K4r/8/8/4k3/8/8/B1n5/1R6 w - - 0 1
1,1,0,0,0,0,0,1,-1,1,0,1,1,1,0,0,0,0,0,16,0,0,4,3,7,1,3,3,2,22,25,0,0,0,0,0,0,0,0,7,1,1,0,1,0,0,3,2,0,0,KRBKRNvK,DRAW,3K4/8/n7/8/1k6/8/4r2B/3R4 w - - 0 1
1,1,0,0,0,0,0,1,-1,1,0,1,1,1,0,0,0,0,0,16,0,0,2,6,7,4,5,5,1,27,19,0,0,0,0,0,0,0,0,7,1,1,0,0,0,0,2,3,2,0,KRBKRNvK,DRAW,6K1/8/r3k1B1/8/3R4/1n6/8/8 w - - 0 1
0,1,0,0,0,0,0,1,-1,1,0,1,1,1,0,0,0,0,0,16,0,0,4,7,0,6,4,6,2,23,21,0,0,0,0,0,0,0,0,7,1,1,0,0,0,0,0,2,0,1,KRBKRNvK,DRAW,8/8/8/3r2k1/1B6/1R6/7n/7K b - - 0 1
0,1,0,0,0,0,0,1,-1,1,0,1,1,1,0,0,0,0,0,16,0,0,2,4,4,5,6,0,3,20,27,0,0,0,0,0,0,0,0,7,1,1,0,0,0,0,3,2,0,1,KRBKRNvK,DRAW,5r2/5k2/8/4K3/6B1/2n5/8/R7 b - - 0 1
1,1,0,0,0,0,0,1,-1,1,0,1,1,1,0,0,0,0,0,16,0,0,6,5,6,2,0,3,4,29,20,0,0,0,0,0,0,0,0,7,1,1,0,0,0,0,3,0,1,0,KRBKRNvK,DRAW,3R4/5K2/8/8/8/7r/8/B1k1n3 w - - 0 1
0,1,0,0,0,0,0,1,-1,1,0,1,1,1,0,0,0,0,0,16,0,0,3,4,4,7,3,0,3,7,22,0,0,0,0,0,0,0,0,7,1,1,1,0,0,0,3,0,0,1,KRBKRNvK,LOSS,3B4/R7/5r2/4K2n/7k/8/8/8 b - - 0 1
1,1,0,0,0,0,0,1,-1,1,0,1,1,1,0,0,0,0,0,16,0,0,3,1,5,0,2,3,4,23,15,0,0,0,0,0,0,0,0,7,1,1,0,0,0,0,0,0,0,0,KRBKRNvK,WIN,7n/7r/1K5B/8/8/k7/8/7R w - - 0 1
1,1,0,0,0,0,0,1,-1,1,0,1,1,1,0,0,0,0,0,16,0,0,2,2,3,4,4,1,0,26,22,0,0,0,0,0,0,0,0,7,1,1,0,0,0,0,2,3,1,0,KRBKRNvK,DRAW,1R6/4B3/7n/4k3/2K5/5r2/8/8 w - - 0 1
0,1,0,0,0,0,0,1,-1,1,0,1,1,1,0,0,0,0,0,16,0,0,4,3,0,7,1,3,5,23,26,0,0,0,0,0,0,0,0,7,1,1,0,0,0,0,2,1,0,0,KRBKRNvK,DRAW,8/5r2/2B1n1R1/8/8/8/7k/3K4 b - - 0 1
0,1,0,0,0,0,0,1,-1,1,0,1,1,1,0,0,0,0,0,16,0,0,7,0,2,7,7,4,6,2,0,1,0,0,0,0,0,0,0,7,1,1,0,0,0,0,0,0,1,1,KRBKRNvK,DRAW,n4R1k/8/8/1B6/8/K7/8/2r5 b - - 0 1
0,1,0,0,0,0,0,1,-1,1,0,1,1,1,0,0,0,0,0,16,0,0,6,2,6,4,0,3,3,25,22,0,0,0,0,0,0,0,0,7,1,1,0,0,0,0,3,1,0,1,KRBKRNvK,DRAW,1r6/2K2n2/4B3/8/2R5/8/8/4k3 b - - 0 1
1,1,0,0,0,0,0,1,-1,1,0,1,1,1,0,0,0,0,0,16,0,0,6,2,1,4,7,3,3,5,0,1,0,0,0,0,0,0,0,7,1,1,0,1,0,0,2,1,1,0,KRBKRNvK,DRAW,4k3/8/1n3B2/8/8/1R6/2K4r/8 w - - 0 1
0,1,0,0,0,0,0,1,-1,1,0,1,1,1,0,0,0,0,0,16,0,0,2,4,7,6,5,3,3,5,0,1,0,0,0,0,0,0,0,7,1,1,0,1,0,0,2,0,1,0,KRBKRNvK,DRAW,4K3/8/4R1k1/3B4/8/8/2r5/6n1 b - - 0 1
1,1,0,0,0,0,0,1,-1,1,0,1,1,1,0,0,0,0,0,16,0,0,3,4,5,2,2,1,2,4,0,1,0,0,0,0,0,0,0,7,1,1,1,0,0,0,2,1,1,1,KRBKRNvK,LOSS,8/Rr4n1/4K3/8/B7/2k5/8/8 w - - 0 1
0,1,0,0,0,0,0,1,-1,1,0,1,1,1,0,0,0,0,0,16,0,0,5,6,3,1,7,2,5,20,27,0,0,0,0,0,0,0,0,7,1,1,0,0,0,0,3,0,0,0,KRBKRNvK,DRAW,1k6/7r/8/5R2/6K1/8/n5B1/8 b - - 0 1
1,1,0,0,0,0,0,1,-1,1,0,1,1,1,0,0,0,0,0,16,0,0,2,0,0,2,0,6,4,23,22,0,0,0,0,0,0,0,0,7,1,1,1,0,0,0,1,2,1,0,KRBKRNvK,DRAW,8/7R/8/6n1/3r4/8/2B5/K1k5 w - - 0 1
0,1,0,0,0,0,0,1,-1,1,0,1,1,1,0,0,0,0,0,16,0,0,4,4,5,0,2,1,4,27,20,0,0,0,0,0,0,0,0,7,1,1,0,0,0,0,3,0,0,1,KRBKRNvK,DRAW,R7/B7/4K3/8/4n3/k7/8/2r5 b - - 0 1
1,1,0,0,0,0,0,1,-1,1,0,1,1,1,0,0,0,0,0,16,0,0,3,1,3,1,0,2,5,7,0,1,0,0,0,0,0,0,0,7,1,1,0,0,0,0,2,1,0,1,KRBKRNvK,DRAW,7r/8/8/8/1K1R3B/8/2n5/1k6 w - - 0 1
1,1,0,0,0,0,0,1,-1,1,0,1,1,1,0,0,0,0,0,16,0,0,3,5,4,4,7,1,3,25,22,0,0,0,0,0,0,0,0,7,1,1,0,0,0,0,3,2,1,1,KRBKRNvK,DRAW,4k1B1/8/8/5K2/n7/3r4/5R2/8 w - - 0 1
0,1,0,0,0,0,0,1,-1,1,0,1,1,1,0,0,0,0,0,16,0,0,6,6,3,0,6,2,5,21,25,0,0,0,0,0,0,0,0,7,1,1,0,0,0,0,3,1,0,1,KRBKRNvK,DRAW,2r5/k7/8/8/1R4K1/5B2/4n3/8 b - - 0 1
1,1,0,0,0,0,0,1,-1,1,0,1,1,1,0,0,0,0,0,16,0,0,3,3,6,4,3,2,0,25,19,0,0,0,0,0,0,0,0,7,1,1,0,0,0,0,0,4,1,1,KRBKRNvK,DRAW,8/3K4/B4R2/4r3/4k3/8/2n5/8 w - - 0 1
0,1,0,0,0,0,0,1,-1,1,0,1,1,1,0,0,0,0,0,16,0,0,4,4,2,6,6,1,4,20,25,0,0,0,0,0,0,0,0,7,1,1,0,0,0,0,2,0,0,0,KRBKRNvK,DRAW,8/5rk1/8/7n/7R/4K3/2B5/8 b - - 0 1
0,1,0,0,0,0,0,1,-1,1,0,1,1,1,0,0,0,0,0,16,0,0,3,0,5,1,2,4,3,23,26,0,0,0,0,0,0,0,0,7,1,1,0,0,0,0,3,1,1,0,KRBKRNvK,DRAW,8/5n1B/K7/8/8/1k6/3R4/5r2 b - - 0 1
0,1,0,0,0,0,0,1,-1,1,0,1,1,1,0,0,0,0,0,16,0,0,2,2,2,4,4,2,0,3,0,1,0,0,0,0,0,0,0,7,1,1,0,0,0,0,4,4,2,1,KRBKRNvK,DRAW,8/8/4r3/4k1R1/2n5/2K2B2/8/8 b - - 0 1
0,1,0,0,0,0,0,1,-1,1,0,1,1,1,0,0,0,0,0,16,0,0,6,7,0,3,6,6,2,25,23,0,0,0,0,0,0,0,0,7,1,1,0,0,0,0,3,1,2,1,KRBKRNvK,DRAW,8/1B1k4/8/2R5/1n6/6r1/8/7K b - - 0 1
0,1,0,0,0,0,0,1,-1,1,0,1,1,1,0,0,0,0,0,16,0,0,6,6,4,0,6,2,5,4,0,1,0,0,0,0,0,0,0,7,1,1,1,1,0,0,1,1,1,0,KRBKRNvK,DRAW,8/k1R5/6B1/6K1/8/8/2n2r2/8 b - - 0 1
0,1,0,0,0,0,0,1,-1,1,0,1,1,1,0,0,0,0,0,16,0,0,2,1,4,1,2,2,3,18,26,0,0,0,0,0,0,0,0,7,1,1,1,0,0,0,0,0,0,0,KRBKRNvK,DRAW,8/R7/8/1K6/6B1/1k3r2/8/1n6 b - - 0 1
0,1,0,0,0,0,0,1,-1,1,0,1,1,1,0,0,0,0,0,16,0,0,4,4,2,7,6,1,5,19,30,0,0,0,0,0,0,0,0,7,1,1,0,0,0,0,3,0,1,0,KRBKRNvK,DRAW,6r1/5B1k/8/8/8/4K3/1R6/7n b - - 0 1
0,1,0,0,0,0,0,1,-1,1,0,1,1,1,0,0,0,0,0,16,0,0,3,0,4,2,1,3,3,19,25,0,0,0,0,0,0,0,0,7,1,1,0,0,0,0,2,2,0,1,KRBKRNvK,DRAW,8/8/3R4/K5B1/1r6/8/2k5/n7 b - - 0 1
1,1,0,0,0,0,0,1,-1,1,0,1,1,1,0,0,0,0,0,16,0,0,4,1,3,4,7,2,3,24,20,0,0,0,0,0,0,0,0,7,1,1,0,0,0,0,0,2,0,0,KRBKRNvK,DRAW,4k2r/8/5n2/B7/1K6/6R1/8/8 w - - 0 1
0,1,0,0,0,0,0,1,-1,1,0,1,1,1,0,0,0,0,0,16,0,0,4,5,1,1,5,3,3,24,21,0,0,0,0,0,0,0,0,7,1,1,0,0,0,0,2,2,0,0,KRBKRNvK,DRAW,8/7n/1k6/r7/8/8/4RK2/3B4 b - - 0 1
1,1,0,0,0,0,0,1,-1,1,0,1,1,1,0,0,0,0,0,16,0,0,5,7,2,7,7,4,6,28,21,0,0,0,0,0,0,0,0,7,1,1,0,0,0,0,1,3,0,0,KRBKRNvK,DRAW,7k/5n2/8/8/1r6/3B3K/8/2R5 w - - 0 1
1,1,0,0,0,0,0,1,-1,1,0,1,1,1,0,0,0,0,0,16,0,0,7,7,7,0,7,6,6,3,0,1,0,0,0,0,0,0,0,7,1,1,0,0,0,0,2,1,0,0,KRBKRNvK,DRAW,kr5K/3n4/8/8/8/3R4/B7/8 w - - 0 1
1,1,0,0,0,0,0,1,-1,1,0,1,1,1,0,0,0,0,0,16,0,0,3,5,0,2,3,4,1,2,0,1,0,0,0,0,0,0,0,7,1,1,0,0,0,0,0,3,0,2,KRBKRNvK,DRAW,8/8/8/7B/2k5/3n1R2/8/3r1K2 w - - 0 1
0,1,0,0,0,0,0,1,-1,1,0,1,1,1,0,0,0,0,0,16,0,0,4,3,2,2,6,1,3,20,19,0,0,0,0,0,0,0,0,7,1,1,0,0,0,0,3,3,1,1,KRBKRNvK,DRAW,B7/2k5/8/8/2r3n1/1R1K4/8/8 b - - 0 1
1,1,0,0,0,0,0,1,-1,1,0,1,1,1,0,0,0,0,0,16,0,0,6,0,0,6,6,6,4,2,0,1,0,0,0,0,0,0,0,7,1,1,0,1,0,0,3,1,0,1,KRBKRNvK,LOSS,8/6k1/8/8/8/8/B1n4r/K3R3 w - - 0 1
1,1,0,0,0,0,0,1,-1,1,0,1,1,1,0,0,0,0,0,16,0,0,3,3,2,0,1,1,5,33,18,0,0,0,0,0,0,0,0,7,1,1,0,0,0,0,2,1,0,0,KRBKRNvK,DRAW,8/2n5/2r5/2B5/7R/3K4/k7/8 w - - 0 1
0,1,0,0,0,0,0,1,-1,1,0,1,1,1,0,0,0,0,0,16,0,0,2,0,4,0,2,3,4,19,24,0,0,0,0,0,0,0,0,7,1,1,0,0,0,0,3,2,0,0,KRBKRNvK,DRAW,8/B7/4R3/K7/6r1/k7/8/1n6 b - - 0 1
0,1,0,0,0,0,0,1,-1,1,0,1,1,1,0,0,0,0,0,16,0,0,7,7,3,0,7,3,6,3,0,1,0,0,0,0,0,0,0,7,1,1,0,0,0,0,0,2,0,0,KRBKRNvK,LOSS,k7/4B2n/8/2r5/7K/8/R7/8 b - - 0 1
0,1,0,0,0,0,0,1,-1,1,0,1,1,1,0,0,0,0,0,16,0,0,6,2,1,4,7,3,3,26,22,0,0,0,0,0,0,0,0,7,1,1,0,0,0,0,1,2,0,1,KRBKRNvK,DRAW,4k3/8/8/4n3/5B2/3r4/2K3R1/8 b - - 0 1
0,1,0,0,0,0,0,1,-1,1,0,1,1,1,0,0,0,0,0,16,0,0,2,6,5,7,7,3,6,18,26,0,0,0,0,0,0,0,0,7,1,1,0,0,0,0,2,2,0,0,KRBKRNvK,LOSS,7k/8/6K1/1R6/8/3r4/1n5B/8 b - - 0 1
1,1,0,0,0,0,0,1,-1,1,0,1,1,1,0,0,0,0,0,16,0,0,2,3,5,1,5,1,3,25,8,0,0,0,0,0,0,0,0,7,1,1,0,0,0,0,2,0,0,0,KRBKRNvK,DRAW,4B1r1/6n1/1k1K4/8/8/8/R7/8 w - - 0 1
1,1,0,0,0,0,0,1,-1,1,0,1,1,1,0,0,0,0,0,16,0,0,2,3,3,4,5,0,1,15,22,0,0,0,0,0,0,0,0,7,1,1,0,0,0,0,4,2,0,0,KRBKRNvK,DRAW,4n2B/2r5/4k3/8/3K3R/8/8/8 w - - 0 1
0,1,0,0,0,0,0,1,-1,1,0,1,1,1,0,0,0,0,0,16,0,0,2,4,3,6,5,0,3,11,23,0,0,0,0,0,0,0,0,7,1,1,0,0,0,0,4,0,1,0,KRBKRNvK,DRAW,4n1r1/8/B5k1/8/4K2R/8/8/8 b - - 0 1
0,1,0,0,0,0,0,1,-1,1,0,1,1,1,0,0,0,0,0,16,0,0,4,7,6,3,4,5,0,26,26,0,0,0,0,0,0,0,0,7,1,1,0,0,0,0,1,3,0,0,KRBKRNvK,DRAW,8/7K/8/1n1k4/8/6R1/5B2/4r3 b - - 0 1
0,1,0,0,0,0,0,1,-1,1,0,1,1,1,0,0,0,0,0,16,0,0,7,1,7,7,0,5,6,20,27,0,0,0,0,0,0,0,0,7,1,1,0,0,0,0,2,0,0,0,KRBKRNvK,DRAW,1K6/8/6r1/1R6/2B5/8/8/1n5k b - - 0 1
0,1,0,0,0,0,0,1,-1,1,0,1,1,1,0,0,0,0,0,16,0,0,3,3,5,0,6,1,5,23,25,0,0,0,0,0,0,0,0,7,1,1,0,1,0,0,3,2,1,0,KRBKRNvK,DRAW,8/k7/3K4/1R1B4/8/3n4/4r3/8 b - - 0 1
0,1,0,0,0,0,0,1,-1,1,0,1,1,1,0,0,0,0,0,16,0,0,5,6,7,1,2,5,3,29,17,0,0,0,0,0,0,0,0,7,1,1,0,0,0,0,2,1,0,0,KRBKRNvK,DRAW,6K1/8/8/7B/2n3R1/1k6/8/5r2 b - - 0 1
0,1,0,0,0,0,0,1,-1,1,0,1,1,1,0,0,0,0,0,16,0,0,6,5,6,3,0,3,3,20,32,0,0,0,0,0,0,0,0,7,1,1,0,0,0,0,2,2,0,0,KRBKRNvK,DRAW,8/5K2/4R3/2r5/3B4/8/n7/3k4 b - - 0 1
1,1,0,0,0,0,0,1,-1,1,0,1,1,1,0,0,0,0,0,16,0,0,6,6,4,0,2,2,4,25,16,0,0,0,0,0,0,0,0,7,1,1,0,0,0,0,2,0,0,1,KRBKRNvK,DRAW,8/5r2/8/6K1/4RB2/k7/n7/8 w - - 0 1
1,1,0,0,0,0,0,1,-1,1,0,1,1,1,0,0,0,0,0,16,0,0,4,2,0,0,4,4,3,22,27,0,0,0,0,0,0,0,0,7,1,1,1,1,0,0,1,3,0,1,KRBKRNvK,DRAW,8/6R1/8/k7/8/5n2/4r3/1BK5 w - - 0 1
0,1,0,0,0,0,0,1,-1,1,0,1,1,1,0,0,0,0,0,16,0,0,4,3,4,7,3,0,3,21,27,0,0,0,0,0,0,0,0,7,1,1,0,0,0,0,4,0,0,0,KRBKRNvK,DRAW,n7/6r1/8/3K4/2B4k/8/8/5R2 b - - 0 1
1,1,0,0,0,0,0,1,-1,1,0,1,1,1,0,0,0,0,0,16,0,0,4,6,6,2,6,4,3,5,0,1,0,0,0,0,0,0,0,7,1,1,0,0,0,0,1,3,0,1,KRBKRNvK,DRAW,8/2k1r1K1/7R/8/8/4n3/2B5/8 w - - 0 1
0,1,0,0,0,0,0,1,-1,1,0,1,1,1,0,0,0,0,0,16,0,0,2,6,2,5,0,3,4,21,27,0,0,0,0,0,0,0,0,7,1,1,0,0,0,0,1,0,0,0,KRBKRNvK,DRAW,2Rn4/8/1r6/4B3/8/6K1/8/5k2 b - - 0 1
0,1,0,0,0,0,0,1,-1,1,0,1,1,1,0,0,0,0,0,16,0,0,5,1,7,6,4,5,2,22,26,0,0,0,0,0,0,0,0,7,1,1,0,0,0,0,0,2,1,1,KRBKRNvK,DRAW,1K6/8/3r4/6k1/B7/7R/8/1n6 b - - 0 1
1,1,0,0,0,0,0,1,-1,1,0,1,1,1,0,0,0,0,0,16,0,0,3,6,3,5,0,2,4,7,0,1,0,0,0,0,0,0,0,7,1,1,1,0,0,0,1,0,0,1,KRBKRNvK,DRAW,8/2R5/1B6/8/6K1/8/7n/2r2k2 w - - 0 1
0,1,0,0,0,0,0,1,-1,1,0,1,1,1,0,0,0,0,0,16,0,0,4,0,0,4,4,6,0,22,19,0,0,0,0,0,0,0,0,7,1,1,1,0,0,0,2,3,1,1,KRBKRNvK,DRAW,4B3/3R4/2r5/4k3/8/8/8/K1n5 b - - 0 1
0,1,0,0,0,0,0,1,-1,1,0,1,1,1,0,0,0,0,0,16,0,0,3,3,4,2,7,0,4,20,28,0,0,0,0,0,0,0,0,7,1,1,0,0,0,0,3,0,0,0,KRBKRNvK,DRAW,2k4r/8/8/3K4/nB3R2/8/8/8 b - - 0 1
1,1,0,0,0,0,0,1,-1,1,0,1,1,1,0,0,0,0,0,16,0,0,4,4,1,7,5,2,4,6,0,1,0,0,0,0,0,0,0,7,1,1,0,1,0,0,2,0,0,0,KRBKRNvK,DRAW,7n/8/2B4k/8/8/8/1r2K3/R7 w - - 0 1
0,1,0,0,0,0,0,1,-1,1,0,1,1,1,0,0,0,0,0,16,0,0,4,4,2,4,6,1,2,21,31,0,0,0,0,0,0,0,0,7,1,1,0,0,0,0,2,0,1,0,KRBKRNvK,DRAW,8/4k3/7r/5B2/8/4K3/8/1R5n b - - 0 1
1,1,0,0,0,0,0,1,-1,1,0,1,1,1,0,0,0,0,0,16,0,0,4,3,3,6,7,0,5,6,0,1,0,0,0,0,0,0,0,7,1,1,0,0,0,0,3,2,0,1,KRBKRNvK,DRAW,6kn/8/3r4/8/3K4/8/2B5/2R5 w - - 0 1
0,1,0,0,0,0,0,1,-1,1,0,1,1,1,0,0,0,0,0,16,0,0,2,3,6,5,6,2,3,24,22,0,0,0,0,0,0,0,0,7,1,1,0,0,0,0,1,3,0,0,KRBKRNvK,DRAW,8/3K1k2/8/8/4r3/8/R2n3B/8 b - - 0 1
0,1,0,0,0,0,0,1,-1,1,0,1,1,1,0,0,0,0,0,16,0,0,3,6,3,4,0,2,3,3,0,1,0,0,0,0,0,0,0,7,1,1,0,0,0,0,0,0,1,0,KRBKRNvK,DRAW,8/2r5/8/8/3n2K1/7B/8/4k1R1 b - - 0 1
0,1,0,0,0,0,0,1,-1,1,0,1,1,1,0,0,0,0,0,16,0,0,4,3,7,4,3,3,0,4,0,1,0,0,0,0,0,0,0,7,1,1,0,0,0,0,2,4,1,1,KRBKRNvK,DRAW,3K4/8/5n2/8/1R2k3/8/4B3/6r1 b - - 0 1
0,1,0,0,0,0,0,1,-1,1,0,1,1,1,0,0,0,0,0,16,0,0,3,5,3,3,6,1,2,25,18,0,0,0,0,0,0,0,0,7,1,1,0,0,0,0,2,2,0,1,KRBKRNvK,DRAW,6n1/3k4/8/4r3/5KR1/8/8/5B2 b - - 0 1
1,1,0,0,0,0,0,1,-1,1,0,1,1,1,0,0,0,0,0,16,0,0,6,6,5,0,5,3,4,7,0,1,0,0,0,0,0,0,0,7,1,1,1,0,0,0,1,1,1,1,KRBKRNvK,DRAW,8/2R5/k5K1/8/1n3Br1/8/8/8 w - - 0 1
0,1,0,0,0,0,0,1,-1,1,0,1,1,1,0,0,0,0,0,16,0,0,3,4,3,6,0,0,5,27,20,0,0,0,0,0,0,0,0,7,1,1,0,0,0,0,3,1,0,1,KRBKRNvK,DRAW,8/r7/8/3R4/4K3/3n4/8/1B4k1 b - - 0 1
0,1,0,0,0,0,0,1,-1,1,0,1,1,1,0,0,0,0,0,16,0,0,5,6,6,5,1,4,3,4,0,1,0,0,0,0,0,0,0,7,1,1,0,0,0,0,1,3,0,0,KRBKRNvK,DRAW,8/B2n2K1/8/8/8/3r4/1R3k2/8 b - - 0 1
0,1,0,0,0,0,0,1,-1,1,0,1,1,1,0,0,0,0,0,16,0,0,7,7,7,0,7,6,6,1,0,1,0,0,0,0,0,0,0,7,1,1,0,0,0,0,3,3,0,0,KRBKRNvK,DRAW,k6K/8/3n4/R5r1/8/5B2/8/8 b - - 0 1
0,1,0,0,0,0,0,1,-1,1,0,1,1,1,0,0,0,0,0,16,0,0,3,4,7,1,7,3,5,3,0,1,0,0,0,0,0,0,0,7,1,1,0,0,0,0,0,2,2,0,KRBKRNvK,DRAW,1k1BK3/8/1R6/8/7r/8/8/4n3 b - - 0 1
0,1,0,0,0,0,0,1,-1,1,0,1,1,1,0,0,0,0,0,16,0,0,6,7,2,1,3,4,2,20,31,0,0,0,0,0,0,0,0,7,1,1,0,0,0,0,1,0,0,0,KRBKRNvK,DRAW,n4R2/1r6/8/8/1k2B3/7K/8/8 b - - 0 1
1,1,0,0,0,0,0,1,-1,1,0,1,1,1,0,0,0,0,0,16,0,0,4,3,1,7,5,2,4,25,20,0,0,0,0,0,0,0,0,7,1,1,0,0,0,0,2,2,0,0,KRBKRNvK,DRAW,8/8/7k/r7/8/8/2RK2B1/n7 w - - 0 1
1,1,0,0,0,0,0,1,-1,1,0,1,1,1,0,0,0,0,0,16,0,0,7,3,0,1,7,3,5,4,0,1,0,0,0,0,0,0,0,7,1,1,0,0,0,0,1,3,0,1,KRBKRNvK,DRAW,1k6/7B/5R2/6r1/8/2n5/8/3K4 w - - 0 1
0,1,0,0,0,0,0,1,-1,1,0,1,1,1,0,0,0,0,0,16,0,0,2,5,6,3,5,3,1,4,0,1,0,0,0,0,0,0,0,7,1,1,0,0,0,0,2,2,0,0,KRBKRNvK,DRAW,8/5K2/3k3R/8/8/1r6/7n/7B b - - 0 1
0,1,0,0,0,0,0,1,-1,1,0,1,1,1,0,0,0,0,0,16,0,0,3,7,1,4,2,5,1,27,23,0,0,0,0,0,0,0,0,7,1,1,1,0,0,0,0,3,1,0,KRBKRNvK,DRAW,6r1/1R6/5n2/8/8/4k3/7K/4B3 b - - 0 1
0,1,0,0,0,0,0,1,-1,1,0,1,1,1,0,0,0,0,0,16,0,0,3,3,1,6,1,2,4,26,24,0,0,0,0,0,0,0,0,7,1,1,1,0,0,0,0,2,0,0,KRBKRNvK,DRAW,8/1R6/1n6/6r1/1B6/8/3K2k1/8 b - - 0 1
0,1,0,0,0,0,0,1,-1,1,0,1,1,1,0,0,0,0,0,16,0,0,4,2,5,6,7,2,5,27,25,0,0,0,0,0,0,0,0,7,1,1,0,0,0,0,1,2,0,1,KRBKRNvK,DRAW,3B2k1/1r6/2K5/8/8/5n2/R7/8 b - - 0 1
0,1,0,0,0,0,0,1,-1,1,0,1,1,1,0,0,0,0,0,16,0,0,4,1,3,5,5,2,2,3,0,1,0,0,0,0,0,0,0,7,1,1,0,0,0,0,1,2,1,0,KRBKRNvK,DRAW,8/8/4rk2/8/1K1B4/5R2/8/7n b - - 0 1
0,1,0,0,0,0,0,1,-1,1,0,1,1,1,0,0,0,0,0,16,0,0,5,0,7,4,2,6,1,5,0,1,0,0,0,0,0,0,0,7,1,1,1,0,0,0,3,2,0,0,KRBKRNvK,DRAW,K7/4R3/8/8/8/4k3/8/B1rn4 b - - 0 1
1,1,0,0,0,0,0,1,-1,1,0,1,1,1,0,0,0,0,0,16,0,0,6,0,7,6,6,6,4,27,23,0,0,0,0,0,0,0,0,7,1,1,0,0,0,0,1,2,0,0,KRBKRNvK,DRAW,K7/6k1/R7/2nB4/6r1/8/8/8 w - - 0 1
1,1,0,0,0,0,0,1,-1,1,0,1,1,1,0,0,0,0,0,16,0,0,5,7,2,2,1,4,3,22,19,0,0,0,0,0,0,0,0,7,1,1,0,1,0,0,0,2,1,0,KRBKRNvK,DRAW,5B2/8/8/8/8/R6K/1nk1r3/8 w - - 0 1
0,1,0,0,0,0,0,1,-1,1,0,1,1,1,0,0,0,0,0,16,0,0,4,3,4,7,1,0,5,25,24,0,0,0,0,0,0,0,0,7,1,1,0,0,0,0,3,1,0,2,KRBKRNvK,DRAW,8/5r2/6R1/3K2B1/8/1n6/7k/8 b - - 0 1
1,1,0,0,0,0,0,1,-1,1,0,1,1,1,0,0,0,0,0,16,0,0,2,7,4,5,3,3,1,28,20,0,0,0,0,0,0,0,0,7,1,1,0,0,0,0,1,2,1,0,KRBKRNvK,DRAW,6R1/3n4/4r3/7K/4Bk2/8/8/8 w - - 0 1
0,1,0,0,0,0,0,1,-1,1,0,1,1,1,0,0,0,0,0,16,0,0,6,5,6,0,0,3,6,5,0,1,0,0,0,0,0,0,0,7,1,1,0,0,0,0,2,2,0,0,KRBKRNvK,DRAW,2R5/5KB1/8/8/r7/8/4n3/k7 b - - 0 1
1,1,0,0,0,0,0,1,-1,1,0,1,1,1,0,0,0,0,0,16,0,0,2,1,5,2,3,3,1,24,23,0,0,0,0,0,0,0,0,7,1,1,0,0,0,0,2,4,0,0,KRBKRNvK,DRAW,4B3/4r3/1K6/5R2/2k5/8/8/3n4 w - - 0 1
1,1,0,0,0,0,0,1,-1,1,0,1,1,1,0,0,0,0,0,16,0,0,7,7,0,4,7,6,3,3,0,1,0,0,0,0,0,0,0,7,1,1,0,0,0,0,3,3,1,0,KRBKRNvK,DRAW,4k1B1/8/8/1n5r/R7/8/8/7K w - - 0 1
0,1,0,0,0,0,0,1,-1,1,0,1,1,1,0,0,0,0,0,16,0,0,7,0,5,7,3,4,3,22,25,0,0,0,0,0,0,0,0,7,1,1,1,0,0,0,3,2,0,0,KRBKRNvK,DRAW,B7/4R3/K7/8/7k/n2r4/8/8 b - - 0 1
1,1,0,0,0,0,0,1,-1,1,0,1,1,1,0,0,0,0,0,16,0,0,4,3,6,7,4,2,3,20,19,0,0,0,0,0,0,0,0,7,1,1,0,0,0,0,0,0,0,1,KRBKRNvK,DRAW,8/3KBr2/8/7k/4n3/8/8/6R1 w - - 0 1
0,1,0,0,0,0,0,1,-1,1,0,1,1,1,0,0,0,0,0,16,0,0,5,4,7,1,2,3,3,24,29,0,0,0,0,0,0,0,0,7,1,1,0,0,0,0,2,2,1,0,KRBKRNvK,DRAW,4K3/8/n7/8/6r1/1k1B4/8/4R3 b - - 0 1
0,1,0,0,0,0,0,1,-1,1,0,1,1,1,0,0,0,0,0,16,0,0,3,7,1,5,4,5,1,18,24,0,0,0,0,0,0,0,0,7,1,1,0,0,0,0,2,3,1,1,KRBKRNvK,DRAW,1B2n3/8/8/5k2/5r2/4R3/7K/8 b - - 0 1
1,1,0,0,0,0,0,1,-1,1,0,1,1,1,0,0,0,0,0,16,0,0,3,1,7,4,6,5,2,5,0,1,0,0,0,0,0,0,0,7,1,1,0,0,0,0,1,3,0,0,KRBKRNvK,DRAW,1K5R/4k3/8/1r6/3B4/5n2/8/8 w - - 0 1
0,1,0,0,0,0,0,1,-1,1,0,1,1,1,0,0,0,0,0,16,0,0,3,5,1,3,4,3,0,20,26,0,0,0,0,0,0,0,0,7,1,1,1,0,0,0,0,4,0,0,KRBKRNvK,DRAW,8/7R/8/1r1k4/n7/7B/5K2/8 b - - 0 1
1,1,0,0,0,0,0,1,-1,1,0,1,1,1,0,0,0,0,0,16,0,0,7,0,7,3,0,6,3,2,0,1,0,0,0,0,0,0,0,7,1,1,0,0,0,0,1,1,0,0,KRBKRNvK,DRAW,K4R2/4nB2/8/8/8/r7/8/3k4 w - - 0 1
0,1,0,0,0,0,0,1,-1,1,0,1,1,1,0,0,0,0,0,16,0,0,3,6,4,7,7,2,6,21,28,0,0,0,0,0,0,0,0,7,1,1,0,0,0,0,0,2,0,0,KRBKRNvK,DRAW,7k/3r4/8/1B4K1/8/8/8/2R2n2 b - - 0 1
1,1,0,0,0,0,0,1,-1,1,0,1,1,1,0,0,0,0,0,16,0,0,5,2,6,7,1,3,5,30,21,0,0,0,0,0,0,0,0,7,1,1,0,0,0,0,3,0,1,0,KRBKRNvK,DRAW,5n2/2K5/8/1R6/8/r7/5B1k/8 w - - 0 1
0,1,0,0,0,0,0,1,-1,1,0,1,1,1,0,0,0,0,0,16,0,0,3,3,7,4,4,3,0,8,0,1,0,0,0,0,0,0,0,7,1,1,0,0,0,0,1,4,0,0,KRBKRNvK,DRAW,3K4/8/8/4k2n/4r3/8/R6B/8 b - - 0 1
0,1,0,0,0,0,0,1,-1,1,0,1,1,1,0,0,0,0,0,16,0,0,2,0,3,0,1,3,5,21,26,0,0,0,0,0,0,0,0,7,1,1,0,0,0,0,0,0,0,1,KRBKRNvK,DRAW,6R1/4B3/8/n7/K7/8/k7/7r b - - 0 1
0,1,0,0,0,0,0,1,-1,1,0,1,1,1,0,0,0,0,0,16,0,0,3,5,2,7,5,2,4,4,0,1,0,0,0,0,0,0,0,7,1,1,0,0,0,0,1,0,0,1,KRBKRNvK,DRAW,8/2r5/7k/8/B7/5K2/6nR/8 b - - 0 1
1,1,0,0,0,0,0,1,-1,1,0,1,1,1,0,0,0,0,0,16,0,0,5,5,7,0,3,4,3,3,0,1,0,0,0,0,0,0,0,7,1,1,0,0,0,0,2,2,0,1,KRBKRNvK,DRAW,5K2/1B6/6n1/5r2/k7/8/6R1/8 w - - 0 1
0,1,0,0,0,0,0,1,-1,1,0,1,1,1,0,0,0,0,0,16,0,0,2,6,5,4,6,3,2,23,25,0,0,0,0,0,0,0,0,7,1,1,0,0,0,0,0,1,1,0,KRBKRNvK,DRAW,8/4k3/1nR3K1/8/6B1/8/8/5r2 b - - 0 1
0,1,0,0,0,0,0,1,-1,1,0,1,1,1,0,0,0,0,0,16,0,0,2,4,4,2,5,0,2,17,26,0,0,0,0,0,0,0,0,7,1,1,0,0,0,0,4,1,2,1,KRBKRNvK,DRAW,R6n/8/2k5/4K3/3B4/2r5/8/8 b - - 0 1
0,1,0,0,0,0,0,1,-1,1,0,1,1,1,0,0,0,0,0,16,0,0,4,0,0,4,1,6,2,5,0,1,0,0,0,0,0,0,0,7,1,1,0,0,0,0,2,0,0,0,KRBKRNvK,DRAW,5n2/8/6r1/4R3/7B/8/4k3/K7 b - - 0 1
0,1,0,0,0,0,0,1,-1,1,0,1,1,1,0,0,0,0,0,16,0,0,3,6,5,7,2,3,4,3,0,1,0,0,0,0,0,0,0,7,1,1,1,0,0,0,2,2,0,0,KRBKRNvK,LOSS,8/7R/6K1/8/8/2B4k/5n2/4r3 b - - 0 1
1,1,0,0,0,0,0,1,-1,1,0,1,1,1,0,0,0,0,0,16,0,0,6,6,0,0,3,5,3,25,22,0,0,0,0,0,0,0,0,7,1,1,0,0,0,0,2,2,0,0,KRBKRNvK,DRAW,7B/n7/6R1/3r4/k7/8/8/6K1 w - - 0 1
0,1,0,0,0,0,0,1,-1,1,0,1,1,1,0,0,0,0,0,16,0,0,5,5,6,5,1,3,3,23,27,0,0,0,0,0,0,0,0,7,1,1,0,0,0,0,1,0,1,1,KRBKRNvK,DRAW,6r1/2B2K2/8/8/n7/7R/5k2/8 b - - 0 1
0,1,0,0,0,0,0,1,-1,1,0,1,1,1,0,0,0,0,0,16,0,0,3,4,1,4,4,2,0,4,0,1,0,0,0,0,0,0,0,7,1,1,0,0,0,0,2,3,1,0,KRBKRNvK,DRAW,5R1n/8/7r/4k3/8/2B5/4K3/8 b - - 0 1
0,1,0,0,0,0,0,1,-1,1,0,1,1,1,0,0,0,0,0,16,0,0,2,5,3,4,1,1,2,5,0,1,0,0,0,0,0,0,0,7,1,1,0,0,0,0,3,0,1,0,KRBKRNvK,DRAW,8/8/5R2/8/5K2/5B2/4k3/6rn b - - 0 1
0,1,0,0,0,0,0,1,-1,1,0,1,1,1,0,0,0,0,0,16,0,0,5,1,7,6,5,5,3,25,21,0,0,0,0,0,0,0,0,7,1,1,0,0,0,0,1,4,0,0,KRBKRNvK,DRAW,1K6/8/5nk1/8/4r3/7R/8/7B b - - 0 1
1,1,0,0,0,0,0,1,-1,1,0,1,1,1,0,0,0,0,0,16,0,0,4,1,4,5,0,2,4,29,18,0,0,0,0,0,0,0,0,7,1,1,0,0,0,0,2,0,1,0,KRBKRNvK,DRAW,2B5/8/8/1K6/7n/5r2/3R4/5k2 w - - 0 1
1,1,0,0,0,0,0,1,-1,1,0,1,1,1,0,0,0,0,0,16,0,0,4,2,3,6,7,1,5,31,14,0,0,0,0,0,0,0,0,7,1,1,0,0,0,0,4,0,0,0,KRBKRNvK,DRAW,5rk1/8/8/7R/2K5/5B2/8/n7 w - - 0 1
0,1,0,0,0,0,0,1,-1,1,0,1,1,1,0,0,0,0,0,16,0,0,3,7,7,4,4,6,0,21,20,0,0,0,0,0,0,0,0,7,1,1,0,0,0,0,0,4,1,0,KRBKRNvK,DRAW,7K/8/2R5/4k3/8/r2n4/8/1B6 b - - 0 1
1,1,0,0,0,0,0,1,-1,1,0,1,1,1,0,0,0,0,0,16,0,0,2,5,3,6,5,1,3,2,0,1,0,0,0,0,0,0,0,7,1,1,0,0,0,0,3,2,0,1,KRBKRNvK,DRAW,2R5/8/6k1/5r2/5K2/8/8/5nB1 w - - 0 1
0,1,0,0,0,0,0,1,-1,1,0,1,1,1,0,0,0,0,0,16,0,0,4,1,2,5,3,3,1,4,0,1,0,0,0,0,0,0,0,7,1,1,0,0,0,0,2,3,1,1,KRBKRNvK,LOSS,8/8/7B/1R6/2r2k2/1K6/8/6n1 b - - 0 1
0,1,0,0,0,0,0,1,-1,1,0,1,1,1,0,0,0,0,0,16,0,0,2,1,7,3,5,5,1,6,0,1,0,0,0,0,0,0,0,7,1,1,0,1,0,0,0,2,1,0,KRBKRNvK,DRAW,1K5R/2B5/3k4/8/4n3/8/r7/8 b - - 0 1
1,1,0,0,0,0,0,1,-1,1,0,1,1,1,0,0,0,0,0,16,0,0,5,6,1,5,6,4,3,21,25,0,0,0,0,0,0,0,0,7,1,1,0,0,0,0,3,1,0,1,KRBKRNvK,DRAW,B7/5k2/8/8/6R1/r7/4n1K1/8 w - - 0 1
1,1,0,0,0,0,0,1,-1,1,0,1,1,1,0,0,0,0,0,16,0,0,7,7,2,0,4,4,3,4,0,1,0,0,0,0,0,0,0,7,1,1,0,0,0,0,0,0,1,1,KRBKRNvK,DRAW,3n4/8/1R6/k7/8/5r1K/8/2B5 w - - 0 1
1,1,0,0,0,0,0,1,-1,1,0,1,1,1,0,0,0,0,0,16,0,0,7,7,1,0,2,5,4,22,21,0,0,0,0,0,0,0,0,7,1,1,0,0,0,0,2,2,0,0,KRBKRNvK,DRAW,8/8/7n/6r1/4R3/k7/7K/4B3 w - - 0 1
1,1,0,0,0,0,0,1,-1,1,0,1,1,1,0,0,0,0,0,16,0,0,4,2,2,6,2,2,3,29,17,0,0,0,0,0,0,0,0,7,1,1,0,0,0,0,3,0,1,1,KRBKRNvK,DRAW,8/1B3r2/8/8/7R/2K3k1/8/n7 w - - 0 1
1,1,0,0,0,0,0,1,-1,1,0,1,1,1,0,0,0,0,0,16,0,0,7,7,2,0,7,4,6,4,0,1,0,0,0,0,0,0,0,7,1,1,0,0,0,0,3,2,0,0,KRBKRNvK,DRAW,k7/7B/8/8/n7/4r2K/8/3R4 w - - 0 1
0,1,0,0,0,0,0,1,-1,1,0,1,1,1,0,0,0,0,0,16,0,0,3,1,6,4,6,4,2,5,0,1,0,0,0,0,0,0,0,7,1,1,1,0,0,0,1,2,1,0,KRBKRNvK,DRAW,8/1KR1kn2/8/5r2/2B5/8/8/8 b - - 0 1
0,1,0,0,0,0,0,1,-1,1,0,1,1,1,0,0,0,0,0,16,0,0,5,3,2,5,7,1,4,22,20,0,0,0,0,0,0,0,0,7,1,1,1,0,0,0,3,0,2,2,KRBKRNvK,DRAW,5k2/3R3B/8/8/4n3/3K4/8/5r2 b - - 0 1
1,1,0,0,0,0,0,1,-1,1,0,1,1,1,0,0,0,0,0,16,0,0,6,2,7,0,1,4,5,25,18,0,0,0,0,0,0,0,0,7,1,1,0,0,0,0,3,0,1,1,KRBKRNvK,DRAW,n1K5/8/8/8/8/5r2/kB1R4/8 w - - 0 1
0,1,0,0,0,0,0,1,-1,1,0,1,1,1,0,0,0,0,0,16,0,0,2,2,3,2,1,1,3,27,22,0,0,0,0,0,0,0,0,7,1,1,0,0,0,0,2,1,0,1,KRBKRNvK,DRAW,2B5/8/R7/8/2K2n2/1r6/2k5/8 b - - 0 1
0,1,0,0,0,0,0,1,-1,1,0,1,1,1,0,0,0,0,0,16,0,0,4,7,2,5,6,4,3,17,26,0,0,0,0,0,0,0,0,7,1,1,0,0,0,0,0,0,0,0,KRBKRNvK,DRAW,5r2/5k2/8/8/6B1/7K/1n6/2R5 b - - 0 1
0,1,0,0,0,0,0,1,-1,1,0,1,1,1,0,0,0,0,0,16,0,0,2,3,6,5,4,2,1,29,22,0,0,0,0,0,0,0,0,7,1,1,0,0,0,0,0,3,0,1,KRBKRNvK,DRAW,6B1/3K4/4n3/5k2/8/2R5/8/7r b - - 0 1
0,1,0,0,0,0,0,1,-1,1,0,1,1,1,0,0,0,0,0,16,0,0,5,6,4,1,1,2,4,23,30,0,0,0,0,0,0,0,0,7,1,1,0,0,0,0,2,1,1,0,KRBKRNvK,DRAW,2r5/3n4/4B3/6K1/8/8/1k6/3R4 b - - 0 1
0,1,0,0,0,0,0,1,-1,1,0,1,1,1,0,0,0,0,0,16,0,0,5,3,7,0,2,3,4,25,27,0,0,0,0,0,0,0,0,7,1,1,1,0,0,0,1,3,0,0,KRBKRNvK,DRAW,3K4/2R5/6B1/7r/8/k7/4n3/8 b - - 0 1
1,1,0,0,0,0,0,1,-1,1,0,1,1,1,0,0,0,0,0,16,0,0,6,7,2,1,6,4,4,3,0,1,0,0,0,0,0,0,0,7,1,1,0,0,0,0,3,1,0,0,KRBKRNvK,DRAW,7r/1k6/8/8/8/1n5K/7B/3R4 w - - 0 1
1,1,0,0,0,0,0,1,-1,1,0,1,1,1,0,0,0,0,0,16,0,0,3,0,0,3,1,6,2,23,22,0,0,0,0,0,0,0,0,7,1,1,0,0,0,0,0,2,0,0,KRBKRNvK,DRAW,3B4/8/8/2r5/8/R7/3k4/K3n3 w - - 0 1
1,1,0,0,0,0,0,1,-1,1,0,1,1,1,0,0,0,0,0,16,0,0,5,2,5,7,4,2,3,26,22,0,0,0,0,0,0,0,0,7,1,1,1,0,0,0,1,2,1,1,KRBKRNvK,DRAW,8/5R2/2K5/4r2k/8/1B6/8/2n5 w - - 0 1
0,1,0,0,0,0,0,1,-1,1,0,1,1,1,0,0,0,0,0,16,0,0,2,1,6,3,7,4,3,23,23,0,0,0,0,0,0,0,0,7,1,1,0,0,0,0,2,3,0,1,KRBKRNvK,DRAW,3k4/1K6/8/2r5/6R1/6n1/8/4B3 b - - 0 1
0,1,0,0,0,0,0,1,-1,1,0,1,1,1,0,0,0,0,0,16,0,0,3,0,4,3,6,3,2,6,0,1,0,0,0,0,0,0,0,7,1,1,0,0,0,0,3,0,0,1,KRBKRNvK,DRAW,8/3k2B1/8/K7/n7/3R4/8/7r b - - 0 1
1,1,0,0,0,0,0,1,-1,1,0,1,1,1,0,0,0,0,0,16,0,0,7,4,7,7,0,3,6,25,17,0,0,0,0,0,0,0,0,7,1,1,0,0,0,0,1,2,1,0,KRBKRNvK,DRAW,4K3/8/8/n7/7r/8/1R5B/7k w - - 0 1
0,1,0,0,0,0,0,1,-1,1,0,1,1,1,0,0,0,0,0,16,0,0,4,6,5,7,1,3,5,24,28,0,0,0,0,0,0,0,0,7,1,1,1,0,0,0,2,3,0,0,KRBKRNvK,DRAW,8/3R4/6K1/6B1/8/2n1r3/7k/8 b - - 0 1
0,1,0,0,0,0,0,1,-1,1,0,1,1,1,0,0,0,0,0,16,0,0,7,0,5,7,6,4,5,21,24,0,0,0,0,0,0,0,0,7,1,1,0,0,0,0,4,0,0,0,KRBKRNvK,DRAW,8/7k/K7/4R3/8/8/1B4n1/7r b - - 0 1
1,1,0,0,0,0,0,1,-1,1,0,1,1,1,0,0,0,0,0,16,0,0,3,1,3,1,6,2,4,7,0,1,0,0,0,0,0,0,0,7,1,1,0,0,0,0,1,0,2,1,KRBKRNvK,DRAW,1B6/1k6/2R5/3n4/1K6/8/8/7r w - - 0 1
1,1,0,0,0,0,0,1,-1,1,0,1,1,1,0,0,0,0,0,16,0,0,6,6,0,3,6,5,2,28,19,0,0,0,0,0,0,0,0,7,1,1,0,0,0,0,2,2,1,0,KRBKRNvK,DRAW,7n/2Bk4/8/1r6/4R3/8/8/6K1 w - - 0 1
1,1,0,0,0,0,0,1,-1,1,0,1,1,1,0,0,0,0,0,16,0,0,4,5,3,6,7,1,5,20,22,0,0,0,0,0,0,0,0,7,1,1,0,0,0,0,3,0,0,0,KRBKRNvK,WIN,6k1/r7/8/8/2R2K2/8/B7/4n3 w - - 0 1
1,1,0,0,0,0,0,1,-1,1,0,1,1,1,0,0,0,0,0,16,0,0,3,4,2,6,5,1,3,21,26,0,0,0,0,0,0,0,0,7,1,1,0,0,0,0,2,2,0,0,KRBKRNvK,DRAW,8/3r4/6k1/8/nB6/4K3/8/4R3 w - - 0 1
1,1,0,0,0,0,0,1,-1,1,0,1,1,1,0,0,0,0,0,16,0,0,5,0,5,2,0,4,4,4,0,1,0,0,0,0,0,0,0,7,1,1,0,0,0,0,2,0,0,0,KRBKRNvK,DRAW,3RB3/8/K6n/8/8/r7/8/2k5 w - - 0 1
0,1,0,0,0,0,0,1,-1,1,0,1,1,1,0,0,0,0,0,16,0,0,3,6,4,3,1,2,2,25,28,0,0,0,0,0,0,0,0,7,1,1,0,0,0,0,2,0,0,0,KRBKRNvK,DRAW,7R/8/n7/6K1/8/2r5/3k4/7B b - - 0 1
1,1,0,0,0,0,0,1,-1,1,0,1,1,1,0,0,0,0,0,16,0,0,3,7,6,4,7,5,3,30,21,0,0,0,0,0,0,0,0,7,1,1,0,0,0,0,2,0,1,0,KRBKRNvK,DRAW,4k3/7K/3B4/R7/8/5r2/8/2n5 w - - 0 1
1,1,0,0,0,0,0,1,-1,1,0,1,1,1,0,0,0,0,0,16,0,0,5,7,4,2,0,3,4,23,21,0,0,0,0,0,0,0,0,7,1,1,0,0,0,0,2,2,0,0,KRBKRNvK,DRAW,3B4/8/4r3/1R5K/n7/8/8/2k5 w - - 0 1
0,1,0,0,0,0,0,1,-1,1,0,1,1,1,0,0,0,0,0,16,0,0,5,1,6,3,1,4,2,21,21,0,0,0,0,0,0,0,0,7,1,1,0,0,0,0,0,1,0,0,KRBKRNvK,DRAW,7r/1K6/6R1/6B1/8/4n3/3k4/8 b - - 0 1
0,1,0,0,0,0,0,1,-1,1,0,1,1,1,0,0,0,0,0,16,0,0,4,4,5,0,6,1,5,18,26,0,0,0,0,0,0,0,0,7,1,1,0,0,0,0,2,2,0,1,KRBKRNvK,DRAW,8/k7/n3K3/6r1/1B6/8/8/R7 b - - 0 1
0,1,0,0,0,0,0,1,-1,1,0,1,1,1,0,0,0,0,0,16,0,0,4,6,1,6,5,4,3,26,21,0,0,0,0,0,0,0,0,7,1,1,0,0,0,0,1,2,0,0,KRBKRNvK,DRAW,B7/8/6k1/3r1n2/8/8/R5K1/8 b - - 0 1
0,1,0,0,0,0,0,1,-1,1,0,1,1,1,0,0,0,0,0,16,0,0,5,7,7,2,6,6,3,25,26,0,0,0,0,0,0,0,0,7,1,1,0,0,0,0,1,2,0,1,KRBKRNvK,DRAW,5n1K/2k5/3r4/8/2B5/8/7R/8 b - - 0 1
0,1,0,0,0,0,0,1,-1,1,0,1,1,1,0,0,0,0,0,16,0,0,4,0,0,4,2,6,1,4,0,1,0,0,0,0,0,0,0,7,1,1,0,0,0,0,0,3,0,0,KRBKRNvK,LOSS,8/8/7B/8/6nr/4k2R/8/K7 b - - 0 1
0,1,0,0,0,0,0,1,-1,1,0,1,1,1,0,0,0,0,0,16,0,0,3,1,7,4,4,5,0,22,24,0,0,0,0,0,0,0,0,7,1,1,1,0,0,0,2,3,1,1,KRBKRNvK,DRAW,1K6/3R4/r6n/4k3/8/8/8/6B1 b - - 0 1
0,1,0,0,0,0,0,1,-1,1,0,1,1,1,0,0,0,0,0,16,0,0,6,1,5,7,3,3,3,2,0,1,0,0,0,0,0,0,0,7,1,1,0,0,0,0,0,0,2,1,KRBKRNvK,DRAW,8/8/1K5R/n7/7k/r6B/8/8 b - - 0 1
0,1,0,0,0,0,0,1,-1,1,0,1,1,1,0,0,0,0,0,16,0,0,2,4,4,6,2,0,3,4,0,1,0,0,0,0,0,0,0,7,1,1,0,1,0,0,3,0,0,0,KRBKRNvK,DRAW,8/8/1B6/4K3/8/R5k1/1n5r/8 b - - 0 1
0,1,0,0,0,0,0,1,-1,1,0,1,1,1,0,0,0,0,0,16,0,0,3,0,2,3,5,4,1,6,0,1,0,0,0,0,0,0,0,7,1,1,0,0,0,0,1,2,0,1,KRBKRNvK,DRAW,8/1r6/3k4/8/8/K7/7B/nR6 b - - 0 1
0,1,0,0,0,0,0,1,-1,1,0,1,1,1,0,0,0,0,0,16,0,0,4,0,4,4,0,3,3,25,25,0,0,0,0,0,0,0,0,7,1,1,0,1,0,0,2,2,0,0,KRBKRNvK,DRAW,3R4/4B3/5n2/K7/8/8/6r1/4k3 b - - 0 1
0,1,0,0,0,0,0,1,-1,1,0,1,1,1,0,0,0,0,0,16,0,0,7,1,7,1,0,5,5,15,21,0,0,0,0,0,0,0,0,7,1,1,0,0,0,0,3,1,0,0,KRBKRNvK,DRAW,1K5B/8/8/8/8/8/3nR3/rk6 b - - 0 1
1,1,0,0,0,0,0,1,-1,1,0,1,1,1,0,0,0,0,0,16,0,0,3,1,0,4,2,5,1,5,0,1,0,0,0,0,0,0,0,7,1,1,0,0,0,0,2,2,2,0,KRBKRNvK,DRAW,8/8/8/4BR2/nr6/4k3/8/1K6 w - - 0 1
0,1,0,0,0,0,0,1,-1,1,0,1,1,1,0,0,0,0,0,16,0,0,4,1,1,1,5,4,3,5,0,1,0,0,0,0,0,0,0,7,1,1,0,0,0,0,0,1,0,1,KRBKRNvK,DRAW,8/r7/1k4R1/7B/8/1n6/1K6/8 b - - 0 1
1,1,0,0,0,0,0,1,-1,1,0,1,1,1,0,0,0,0,0,16,0,0,2,7,5,5,3,4,1,29,11,0,0,0,0,0,0,0,0,7,1,1,0,0,0,0,1,3,1,2,KRBKRNvK,DRAW,7n/8/7K/3B1r2/5k2/8/8/6R1 w - - 0 1
0,1,0,0,0,0,0,1,-1,1,0,1,1,1,0,0,0,0,0,16,0,0,7,0,0,7,1,6,5,20,21,0,0,0,0,0,0,0,0,7,1,1,0,1,0,0,3,2,0,0,KRBKRNvK,DRAW,3n3B/8/8/8/8/3R4/4r2k/K7 b - - 0 1
1,1,0,0,0,0,0,1,-1,1,0,1,1,1,0,0,0,0,0,16,0,0,3,2,5,5,2,2,2,24,21,0,0,0,0,0,0,0,0,7,1,1,0,0,0,0,3,1,2,0,KRBKRNvK,DRAW,8/6r1/2K5/8/8/5k2/1n1BR3/8 w - - 0 1
1,1,0,0,0,0,0,1,-1,1,0,1,1,1,0,0,0,0,0,16,0,0,4,0,4,4,1,3,2,5,0,1,0,0,0,0,0,0,0,7,1,1,0,0,0,0,2,2,0,1,KRBKRNvK,DRAW,8/8/2B5/K1r5/8/R7/4k3/2n5 w - - 0 1
0,1,0,0,0,0,0,1,-1,1,0,1,1,1,0,0,0,0,0,16,0,0,2,1,3,3,3,2,0,12,26,0,0,0,0,0,0,0,0,7,1,1,0,0,0,0,3,3,2,0,KRBKRNvK,DRAW,8/8/8/8/1K1k4/1B6/4R1n1/6r1 b - - 0 1
0,1,0,0,0,0,0,1,-1,1,0,1,1,1,0,0,0,0,0,16,0,0,5,2,3,7,7,1,6,21,22,0,0,0,0,0,0,0,0,7,1,1,1,0,0,0,2,1,0,2,KRBKRNvK,DRAW,7k/3R4/r7/1B6/2K5/1n6/8/8 b - - 0 1
1,1,0,0,0,0,0,1,-1,1,0,1,1,1,0,0,0,0,0,16,0,0,2,4,7,3,5,3,1,18,23,0,0,0,0,0,0,0,0,7,1,1,0,0,0,0,0,2,2,0,KRBKRNvK,DRAW,2B1KR2/8/3k4/6r1/n7/8/8/8 w - - 0 1
0,1,0,0,0,0,0,1,-1,1,0,1,1,1,0,0,0,0,0,16,0,0,5,7,7,6,2,6,3,17,25,0,0,0,0,0,0,0,0,7,1,1,0,0,0,0,3,2,1,1,KRBKRNvK,DRAW,6nK/8/8/8/6r1/2B3k1/4R3/8 b - - 0 1
0,1,0,0,0,0,0,1,-1,1,0,1,1,1,0,0,0,0,0,16,0,0,4,3,3,7,2,0,4,2,0,1,0,0,0,0,0,0,0,7,1,1,0,0,0,0,4,0,1,1,KRBKRNvK,DRAW,8/8/1B6/3n4/3K4/6rk/8/7R b - - 0 1
0,1,0,0,0,0,0,1,-1,1,0,1,1,1,0,0,0,0,0,16,0,0,3,4,7,1,7,3,5,21,19,0,0,0,0,0,0,0,0,7,1,1,0,0,0,0,0,0,1,0,KRBKRNvK,DRAW,1k2K3/8/R7/n7/B7/5r2/8/8 b - - 0 1
1,1,0,0,0,0,0,1,-1,1,0,1,1,1,0,0,0,0,0,16,0,0,2,3,3,5,3,0,1,4,0,1,0,0,0,0,0,0,0,7,1,1,0,0,0,0,3,3,0,1,KRBKRNvK,LOSS,8/8/8/1n6/3K1k2/8/8/1BR4r w - - 0 1
1,1,0,0,0,0,0,1,-1,1,0,1,1,1,0,0,0,0,0,16,0,0,5,5,5,0,6,2,5,7,0,1,0,0,0,0,0,0,0,7,1,1,0,0,0,0,2,1,0,2,KRBKRNvK,DRAW,5r2/k7/3n1K2/8/2B5/7R/8/8 w - - 0 1
0,1,0,0,0,0,0,1,-1,1,0,1,1,1,0,0,0,0,0,16,0,0,2,6,7,4,5,5,1,6,0,1,0,0,0,0,0,0,0,7,1,1,0,0,0,0,2,2,0,0,KRBKRNvK,DRAW,6K1/8/B3k3/8/8/1r5n/4R3/8 b - - 0 1
0,1,0,0,0,0,0,1,-1,1,0,1,1,1,0,0,0,0,0,16,0,0,7,7,1,0,0,5,6,23,22,0,0,0,0,0,0,0,0,7,1,1,0,0,0,0,0,2,0,0,KRBKRNvK,DRAW,8/5n2/8/8/4r3/5R2/7K/k2B4 b - - 0 1
0,1,0,0,0,0,0,1,-1,1,0,1,1,1,0,0,0,0,0,16,0,0,4,1,3,0,7,2,6,18,24,0,0,0,0,0,0,0,0,7,1,1,1,1,0,0,1,0,1,1,KRBKRNvK,DRAW,k7/2R2B2/8/8/1K6/8/r7/3n4 b - - 0 1
0,1,0,0,0,0,0,1,-1,1,0,1,1,1,0,0,0,0,0,16,0,0,5,0,4,5,2,3,2,25,27,0,0,0,0,0,0,0,0,7,1,1,0,0,0,0,0,2,1,0,KRBKRNvK,DRAW,7r/3B4/8/K7/8/5k2/2n5/6R1 b - - 0 1
1,1,0,0,0,0,0,1,-1,1,0,1,1,1,0,0,0,0,0,16,0,0,6,6,5,0,4,3,3,6,0,1,0,0,0,0,0,0,0,7,1,1,0,0,0,0,0,1,1,1,KRBKRNvK,DRAW,8/4n3/1R4KB/k7/8/2r5/8/8 w - - 0 1
1,1,0,0,0,0,0,1,-1,1,0,1,1,1,0,0,0,0,0,16,0,0,4,1,6,5,7,4,4,30,18,0,0,0,0,0,0,0,0,7,1,1,0,0,0,0,2,0,0,0,KRBKRNvK,DRAW,5k2/1K6/5r2/4R3/8/3B4/8/7n w - - 0 1
1,1,0,0,0,0,0,1,-1,1,0,1,1,1,0,0,0,0,0,16,0,0,7,4,7,7,0,3,6,25,23,0,0,0,0,0,0,0,0,7,1,1,0,0,0,0,3,2,0,1,KRBKRNvK,DRAW,4K3/8/2n5/2B2R2/8/8/8/r6k w - - 0 1
0,1,0,0,0,0,0,1,-1,1,0,1,1,1,0,0,0,0,0,16,0,0,3,2,6,5,6,3,3,22,23,0,0,0,0,0,0,0,0,7,1,1,0,0,0,0,0,0,0,0,KRBKRNvK,DRAW,8/2K2kn1/5r2/8/8/2R5/3B4/8 b - - 0 1
1,1,0,0,0,0,0,1,-1,1,0,1,1,1,0,0,0,0,0,16,0,0,3,3,5,1,2,1,3,7,0,1,0,0,0,0,0,0,0,7,1,1,0,0,0,0,2,0,1,0,KRBKRNvK,DRAW,8/6n1/r2K4/2R5/4B3/1k6/8/8 w - - 0 1
1,1,0,0,0,0,0,1,-1,1,0,1,1,1,0,0,0,0,0,16,0,0,5,0,3,5,7,3,4,2,0,1,0,0,0,0,0,0,0,7,1,1,0,0,0,0,3,0,0,0,KRBKRNvK,DRAW,5k2/r1B5/8/8/K2n2R1/8/8/8 w - - 0 1
1,1,0,0,0,0,0,1,-1,1,0,1,1,1,0,0,0,0,0,16,0,0,5,7,3,2,7,3,4,3,0,1,0,0,0,0,0,0,0,7,1,1,0,0,0,0,2,2,0,1,KRBKRNvK,DRAW,2k5/r7/8/1R6/7K/5nB1/8/8 w - - 0 1
0,1,0,0,0,0,0,1,-1,1,0,1,1,1,0,0,0,0,0,16,0,0,2,1,5,2,7,3,4,16,27,0,0,0,0,0,0,0,0,7,1,1,0,0,0,0,3,0,0,1,KRBKRNvK,DRAW,1nk4r/8/1K6/8/6R1/1B6/8/8 b - - 0 1
0,1,0,0,0,0,0,1,-1,1,0,1,1,1,0,0,0,0,0,16,0,0,4,5,0,2,4,4,1,4,0,1,0,0,0,0,0,0,0,7,1,1,0,0,0,0,2,3,0,0,KRBKRNvK,DRAW,8/8/3r4/2k3n1/8/8/1B6/2R2K2 b - - 0 1
0,1,0,0,0,0,0,1,-1,1,0,1,1,1,0,0,0,0,0,16,0,0,5,7,7,2,7,6,4,21,28,0,0,0,0,0,0,0,0,7,1,1,0,0,0,0,1,1,0,0,KRBKRNvK,DRAW,2k4K/8/7R/8/r1nB4/8/8/8 b - - 0 1
0,1,0,0,0,0,0,1,-1,1,0,1,1,1,0,0,0,0,0,16,0,0,4,3,6,4,2,2,1,6,0,1,0,0,0,0,0,0,0,7,1,1,0,0,0,0,3,2,1,0,KRBKRNvK,DRAW,6r1/3K4/3B4/4R3/8/4k3/8/6n1 b - - 0 1
1,1,0,0,0,0,0,1,-1,1,0,1,1,1,0,0,0,0,0,16,0,0,7,6,7,0,0,5,6,22,19,0,0,0,0,0,0,0,0,7,1,1,0,0,0,0,2,1,0,2,KRBKRNvK,DRAW,6K1/8/4n2r/3R4/8/8/7B/k7 w - - 0 1
1,1,0,0,0,0,0,1,-1,1,0,1,1,1,0,0,0,0,0,16,0,0,4,4,2,0,0,1,6,24,18,0,0,0,0,0,0,0,0,7,1,1,0,0,0,0,2,0,1,0,KRBKRNvK,DRAW,2r5/8/7R/8/8/4K3/8/knB5 w - - 0 1
1,1,0,0,0,0,0,1,-1,1,0,1,1,1,0,0,0,0,0,16,0,0,5,2,3,7,0,1,6,18,25,0,0,0,0,0,0,0,0,7,1,1,0,0,0,0,2,3,0,1,KRBKRNvK,DRAW,8/8/2n5/6r1/2K5/3R4/B7/7k w - - 0 1
1,1,0,0,0,0,0,1,-1,1,0,1,1,1,0,0,0,0,0,16,0,0,7,3,0,5,7,3,4,25,19,0,0,0,0,0,0,0,0,7,1,1,0,0,0,0,0,2,0,0,KRBKRNvK,DRAW,5k2/7n/8/8/B4r2/8/1R6/3K4 w - - 0 1
1,1,0,0,0,0,0,1,-1,1,0,1,1,1,0,0,0,0,0,16,0,0,2,6,6,6,4,4,2,23,24,0,0,0,0,0,0,0,0,7,1,1,0,0,0,0,0,2,0,0,KRBKRNvK,DRAW,3r1B2/6K1/8/6k1/5n2/1R6/8/8 w - - 0 1
0,1,0,0,0,0,0,1,-1,1,0,1,1,1,0,0,0,0,0,16,0,0,5,0,5,4,0,4,3,3,0,1,0,0,0,0,0,0,0,7,1,1,0,0,0,0,1,1,0,1,KRBKRNvK,LOSS,6r1/7B/Kn6/8/8/8/8/R3k3 b - - 0 1
1,1,0,0,0,0,0,1,-1,1,0,1,1,1,0,0,0,0,0,16,0,0,4,4,4,7,0,0,6,26,17,0,0,0,0,0,0,0,0,7,1,1,0,0,0,0,4,0,1,0,KRBKRNvK,DRAW,8/8/3R4/4K3/8/1r4B1/8/6nk w - - 0 1
0,1,0,0,0,0,0,1,-1,1,0,1,1,1,0,0,0,0,0,16,0,0,3,4,3,1,0,0,5,19,28,0,0,0,0,0,0,0,0,7,1,1,0,0,0,0,3,2,0,1,KRBKRNvK,DRAW,7n/8/2R5/8/4KB2/3r4/8/1k6 b - - 0 1
1,1,0,0,0,0,0,1,-1,1,0,1,1,1,0,0,0,0,0,16,0,0,2,6,7,4,6,5,2,2,0,1,0,0,0,0,0,0,0,7,1,1,0,0,0,0,0,0,0,1,KRBKRNvK,DRAW,5rK1/4k3/n7/8/8/7B/2R5/8 w - - 0 1
1,1,0,0,0,0,0,1,-1,1,0,1,1,1,0,0,0,0,0,16,0,0,3,5,6,2,5,3,2,25,23,0,0,0,0,0,0,0,0,7,1,1,0,1,0,0,2,1,1,0,KRBKRNvK,DRAW,2n5/5K2/2k4B/8/3R4/8/6r1/8 w - - 0 1
0,1,0,0,0,0,0,1,-1,1,0,1,1,1,0,0,0,0,0,16,0,0,3,6,3,6,0,2,5,22,25,0,0,0,0,0,0,0,0,7,1,1,1,0,0,0,0,2,0,0,KRBKRNvK,DRAW,3r4/1R6/8/1B6/6K1/8/8/4n1k1 b - - 0 1
1,1,0,0,0,0,0,1,-1,1,0,1,1,1,0,0,0,0,0,16,0,0,4,1,2,5,6,3,3,28,18,0,0,0,0,0,0,0,0,7,1,1,0,0,0,0,2,1,1,0,KRBKRNvK,DRAW,8/rB2nk2/7R/8/8/1K6/8/8 w - - 0 1
0,1,0,0,0,0,0,1,-1,1,0,1,1,1,0,0,0,0,0,16,0,0,4,0,2,4,5,4,1,4,0,1,0,0,0,0,0,0,0,7,1,1,0,0,0,0,0,3,2,0,KRBKRNvK,DRAW,4R3/8/1r2k3/8/6B1/K7/3n4/8 b - - 0 1
1,1,0,0,0,0,0,1,-1,1,0,1,1,1,0,0,0,0,0,16,0,0,6,0,7,6,2,6,3,1,0,1,0,0,0,0,0,0,0,7,1,1,0,0,0,0,2,2,0,2,KRBKRNvK,DRAW,K7/8/r1n1B3/1R6/8/6k1/8/8 w - - 0 1
0,1,0,0,0,0,0,1,-1,1,0,1,1,1,0,0,0,0,0,16,0,0,6,6,1,4,7,4,3,22,22,0,0,0,0,0,0,0,0,7,1,1,0,0,0,0,0,3,0,1,KRBKRNvK,DRAW,4k3/4n3/8/8/7r/5R2/6K1/3B4 b - - 0 1
1,1,0,0,0,0,0,1,-1,1,0,1,1,1,0,0,0,0,0,16,0,0,4,7,2,4,6,4,2,4,0,1,0,0,0,0,0,0,0,7,1,1,0,0,0,0,2,2,0,1,KRBKRNvK,DRAW,8/4k3/8/8/8/3r3K/8/R5nB w - - 0 1
1,1,0,0,0,0,0,1,-1,1,0,1,1,1,0,0,0,0,0,16,0,0,4,0,4,4,5,3,1,26,25,0,0,0,0,0,0,0,0,7,1,1,0,0,0,0,0,2,0,0,KRBKRNvK,DRAW,8/8/4k1nB/K7/8/2R5/8/6r1 w - - 0 1
1,1,0,0,0,0,0,1,-1,1,0,1,1,1,0,0,0,0,0,16,0,0,4,7,0,6,4,6,2,23,29,0,0,0,0,0,0,0,0,7,1,1,0,0,0,0,2,1,0,0,KRBKRNvK,DRAW,4R3/8/1r6/6k1/8/3n4/7B/7K w - - 0 1
1,1,0,0,0,0,0,1,-1,1,0,1,1,1,0,0,0,0,0,16,0,0,4,2,7,2,3,4,1,28,18,0,0,0,0,0,0,0,0,7,1,1,0,0,0,0,2,2,1,0,KRBKRNvK,DRAW,2K5/8/8/8/r1k5/7n/1B6/6R1 w - - 0 1
1,1,0,0,0,0,0,1,-1,1,0,1,1,1,0,0,0,0,0,16,0,0,2,2,0,0,2,4,4,26,18,0,0,0,0,0,0,0,0,7,1,1,0,0,0,0,2,2,0,0,KRBKRNvK,DRAW,8/8/4R3/5B1n/r7/k7/8/2K5 w - - 0 1
1,1,0,0,0,0,0,1,-1,1,0,1,1,1,0,0,0,0,0,16,0,0,6,7,0,5,6,6,3,2,0,1,0,0,0,0,0,0,0,7,1,1,0,0,0,0,1,1,1,0,KRBKRNvK,LOSS,4R3/5k2/8/4n2r/8/8/3B4/7K w - - 0 1
0,1,0,0,0,0,0,1,-1,1,0,1,1,1,0,0,0,0,0,16,0,0,6,0,2,6,2,4,3,22,25,0,0,0,0,0,0,0,0,7,1,1,0,1,0,0,2,0,1,1,KRBKRNvK,DRAW,n2R4/8/8/6B1/8/K5k1/2r5/8 b - - 0 1
1,1,0,0,0,0,0,1,-1,1,0,1,1,1,0,0,0,0,0,16,0,0,3,4,4,4,1,0,2,3,0,1,0,0,0,0,0,0,0,7,1,1,0,0,0,0,4,3,1,2,KRBKRNvK,DRAW,8/5n2/3r4/R3K3/8/8/4k3/2B5 w - - 0 1
1,1,0,0,0,0,0,1,-1,1,0,1,1,1,0,0,0,0,0,16,0,0,3,7,4,4,2,3,1,3,0,1,0,0,0,0,0,0,0,7,1,1,0,0,0,0,0,4,2,0,KRBKRNvK,DRAW,8/8/8/r6K/8/4k3/6n1/3B2R1 w - - 0 1
1,1,0,0,0,0,0,1,-1,1,0,1,1,1,0,0,0,0,0,16,0,0,5,5,1,4,6,3,2,7,0,1,0,0,0,0,0,0,0,7,1,1,0,0,0,0,2,0,0,0,KRBKRNvK,DRAW,8/1B2kr2/R7/7n/8/8/5K2/8 w - - 0 1
0,1,0,0,0,0,0,1,-1,1,0,1,1,1,0,0,0,0,0,16,0,0,2,2,2,4,4,2,0,24,19,0,0,0,0,0,0,0,0,7,1,1,0,0,0,0,1,3,0,0,KRBKRNvK,DRAW,r7/8/8/4k3/8/2K5/8/2R2Bn1 b - - 0 1
1,1,0,0,0,0,0,1,-1,1,0,1,1,1,0,0,0,0,0,16,0,0,2,7,4,7,6,3,5,22,19,0,0,0,0,0,0,0,0,7,1,1,0,0,0,0,2,3,1,1,KRBKRNvK,WIN,8/7k/6R1/7K/8/4rn2/8/B7 w - - 0 1
1,1,0,0,0,0,0,1,-1,1,0,1,1,1,0,0,0,0,0,16,0,0,6,5,6,6,0,3,5,26,12,0,0,0,0,0,0,0,0,7,1,1,0,0,0,0,1,0,0,0,KRBKRNvK,DRAW,rn6/5K2/6B1/8/8/8/2R5/6k1 w - - 0 1
1,1,0,0,0,0,0,1,-1,1,0,1,1,1,0,0,0,0,0,16,0,0,4,4,7,0,3,3,3,3,0,1,0,0,0,0,0,0,0,7,1,1,0,0,0,0,1,0,0,1,KRBKRNvK,DRAW,4K1r1/n7/8/8/k7/7R/8/1B6 w - - 0 1
1,1,0,0,0,0,0,1,-1,1,0,1,1,1,0,0,0,0,0,16,0,0,2,4,0,2,1,3,3,2,0,1,0,0,0,0,0,0,0,7,1,1,0,0,0,0,1,0,0,1,KRBKRNvK,DRAW,3n4/5B2/8/8/8/6R1/2k5/2r1K3 w - - 0 1
1,1,0,0,0,0,0,1,-1,1,0,1,1,1,0,0,0,0,0,16,0,0,7,7,5,0,1,4,5,26,22,0,0,0,0,0,0,0,0,7,1,1,0,0,0,0,0,2,0,0,KRBKRNvK,DRAW,2R5/8/7K/8/8/4r3/kn6/4B3 w - - 0 1
1,1,0,0,0,0,0,1,-1,1,0,1,1,1,0,0,0,0,0,16,0,0,4,6,3,2,3,2,1,27,23,0,0,0,0,0,0,0,0,7,1,1,0,0,0,0,2,4,1,1,KRBKRNvK,DRAW,R7/8/8/3r2n1/2k3K1/8/1B6/8 w - - 0 1
1,1,0,0,0,0,0,1,-1,1,0,1,1,1,0,0,0,0,0,16,0,0,6,6,1,0,3,4,3,26,22,0,0,0,0,0,0,0,0,7,1,1,0,0,0,0,1,0,0,0,KRBKRNvK,DRAW,6R1/8/4B3/7n/k7/8/6K1/1r6 w - - 0 1
1,1,0,0,0,0,0,1,-1,1,0,1,1,1,0,0,0,0,0,16,0,0,5,1,3,6,2,2,3,6,0,1,0,0,0,0,0,0,0,7,1,1,0,0,0,0,2,0,0,0,KRBKRNvK,DRAW,6n1/1r6/8/3R4/1K6/2B3k1/8/8 w - - 0 1
0,1,0,0,0,0,0,1,-1,1,0,1,1,1,0,0,0,0,0,16,0,0,5,0,1,1,6,5,4,21,24,0,0,0,0,0,0,0,0,7,1,1,0,0,0,0,0,1,0,0,KRBKRNvK,DRAW,6R1/1kr5/8/8/B7/8/K2n4/8 b - - 0 1
0,1,0,0,0,0,0,1,-1,1,0,1,1,1,0,0,0,0,0,16,0,0,4,1,2,0,6,3,5,21,25,0,0,0,0,0,0,0,0,7,1,1,0,0,0,0,0,2,0,0,KRBKRNvK,DRAW,4B3/k2r4/n7/8/8/1K6/5R2/8 b - - 0 1
0,1,0,0,0,0,0,1,-1,1,0,1,1,1,0,0,0,0,0,16,0,0,3,7,5,4,2,4,1,25,20,0,0,0,0,0,0,0,0,7,1,1,0,0,0,0,3,2,0,0,KRBKRNvK,DRAW,7B/r7/7K/7R/8/4k3/8/4n3 b - - 0 1
1,1,0,0,0,0,0,1,-1,1,0,1,1,1,0,0,0,0,0,16,0,0,5,2,4,7,2,1,4,4,0,1,0,0,0,0,0,0,0,7,1,1,0,1,0,0,4,1,0,0,KRBKRNvK,DRAW,8/8/3B4/2K1R3/8/7k/2r1n3/8 w - - 0 1
1,1,0,0,0,0,0,1,-1,1,0,1,1,1,0,0,0,0,0,16,0,0,6,3,7,0,1,3,5,19,20,0,0,0,0,0,0,0,0,7,1,1,0,0,0,0,0,0,0,1,KRBKRNvK,WIN,2RK4/3B1r2/8/8/8/8/k5n1/8 w - - 0 1
0,1,0,0,0,0,0,1,-1,1,0,1,1,1,0,0,0,0,0,16,0,0,2,6,6,4,4,4,0,6,0,1,0,0,0,0,0,0,0,7,1,1,0,0,0,0,2,3,0,0,KRBKRNvK,DRAW,2r4B/6K1/8/R3k3/8/8/8/1n6 b - - 0 1
0,1,0,0,0,0,0,1,-1,1,0,1,1,1,0,0,0,0,0,16,0,0,3,5,1,7,4,3,3,22,22,0,0,0,0,0,0,0,0,7,1,1,1,0,0,0,0,2,0,2,KRBKRNvK,DRAW,8/1R6/B7/7k/8/4r3/5Kn1/8 b - - 0 1
1,1,0,0,0,0,0,1,-1,1,0,1,1,1,0,0,0,0,0,16,0,0,7,7,1,0,6,5,5,4,0,1,0,0,0,0,0,0,0,7,1,1,0,0,0,0,2,3,1,1,KRBKRNvK,DRAW,B7/k7/8/8/r5n1/8/7K/7R w - - 0 1
1,1,0,0,0,0,0,1,-1,1,0,1,1,1,0,0,0,0,0,16,0,0,4,1,3,5,1,2,3,30,20,0,0,0,0,0,0,0,0,7,1,1,0,0,0,0,2,2,0,0,KRBKRNvK,DRAW,8/8/3Br3/R7/1K6/8/5k2/6n1 w - - 0 1
0,1,0,0,0,0,0,1,-1,1,0,1,1,1,0,0,0,0,0,16,0,0,3,0,6,3,6,5,2,19,25,0,0,0,0,0,0,0,0,7,1,1,0,0,0,0,0,0,0,0,KRBKRNvK,DRAW,8/K2k4/8/8/8/BR6/8/2rn4 b - - 0 1
0,1,0,0,0,0,0,1,-1,1,0,1,1,1,0,0,0,0,0,16,0,0,6,4,1,0,7,2,6,16,24,0,0,0,0,0,0,0,0,7,1,1,1,0,0,0,0,0,1,0,KRBKRNvK,DRAW,k6n/2R5/8/7B/8/8/4K3/r7 b - - 0 1
0,1,0,0,0,0,0,1,-1,1,0,1,1,1,0,0,0,0,0,16,0,0,6,0,4,6,1,3,4,28,28,0,0,0,0,0,0,0,0,7,1,1,0,0,0,0,1,3,0,1,KRBKRNvK,DRAW,2R5/8/8/Kn6/8/1B6/6k1/4r3 b - - 0 1
1,1,0,0,0,0,0,1,-1,1,0,1,1,1,0,0,0,0,0,16,0,0,2,7,6,7,4,5,3,27,22,0,0,0,0,0,0,0,0,7,1,1,0,1,0,0,2,1,0,0,KRBKRNvK,DRAW,8/7K/4R3/7k/1n6/3B4/r7/8 w - - 0 1
1,1,0,0,0,0,0,1,-1,1,0,1,1,1,0,0,0,0,0,16,0,0,5,2,0,1,5,4,3,23,29,0,0,0,0,0,0,0,0,7,1,1,0,0,0,0,2,1,1,1,KRBKRNvK,DRAW,3R4/r7/1k6/8/7B/4n3/8/2K5 w - - 0 1
0,1,0,0,0,0,0,1,-1,1,0,1,1,1,0,0,0,0,0,16,0,0,3,3,6,0,3,2,3,4,0,1,0,0,0,0,0,0,0,7,1,1,0,0,0,0,2,0,1,0,KRBKRNvK,LOSS,6r1/3K2n1/8/3B4/k1R5/8/8/8 b - - 0 1
0,1,0,0,0,0,0,1,-1,1,0,1,1,1,0,0,0,0,0,16,0,0,5,5,6,3,1,3,2,24,25,0,0,0,0,0,0,0,0,7,1,1,0,0,0,0,2,0,0,0,KRBKRNvK,DRAW,1r6/5K2/R7/8/8/8/3k4/B5n1 b - - 0 1
1,1,0,0,0,0,0,1,-1,1,0,1,1,1,0,0,0,0,0,16,0,0,3,6,3,4,6,2,2,19,25,0,0,0,0,0,0,0,0,7,1,1,0,0,0,0,0,0,0,0,KRBKRNvK,DRAW,1r6/4k1n1/8/B7/6KR/8/8/8 w - - 0 1
1,1,0,0,0,0,0,1,-1,1,0,1,1,1,0,0,0,0,0,16,0,0,5,1,2,5,7,3,4,29,17,0,0,0,0,0,0,0,0,7,1,1,0,0,0,0,2,0,1,0,KRBKRNvK,DRAW,3B1k2/7n/8/8/8/1K6/4R3/7r w - - 0 1
0,1,0,0,0,0,0,1,-1,1,0,1,1,1,0,0,0,0,0,16,0,0,7,5,7,7,0,4,6,22,26,0,0,0,0,0,0,0,0,7,1,1,0,0,0,0,0,0,0,0,KRBKRNvK,DRAW,5K2/8/2r5/8/3n3B/8/R7/7k b - - 0 1
1,1,0,0,0,0,0,1,-1,1,0,1,1,1,0,0,0,0,0,16,0,0,3,6,2,3,3,3,0,24,24,0,0,0,0,0,0,0,0,7,1,1,0,0,0,0,2,3,1,0,KRBKRNvK,DRAW,5r2/8/8/8/3k4/4R1K1/3n4/3B4 w - - 0 1
1,1,0,0,0,0,0,1,-1,1,0,1,1,1,0,0,0,0,0,16,0,0,3,6,3,3,5,2,1,28,23,0,0,0,0,0,0,0,0,7,1,1,0,0,0,0,2,2,1,0,KRBKRNvK,DRAW,6R1/2r5/3k1B2/8/6K1/8/8/5n2 w - - 0 1
1,1,0,0,0,0,0,1,-1,1,0,1,1,1,0,0,0,0,0,16,0,0,5,7,1,3,6,5,2,25,19,0,0,0,0,0,0,0,0,7,1,1,0,0,0,0,2,3,0,0,KRBKRNvK,DRAW,8/3k4/8/r5n1/2R5/B7/7K/8 w - - 0 1
0,1,0,0,0,0,0,1,-1,1,0,1,1,1,0,0,0,0,0,16,0,0,3,6,0,7,3,5,3,24,26,0,0,0,0,0,0,0,0,7,1,1,0,0,0,0,3,2,0,1,KRBKRNvK,DRAW,8/1B6/8/2R5/3r3k/4n3/8/6K1 b - - 0 1
1,1,0,0,0,0,0,1,-1,1,0,1,1,1,0,0,0,0,0,16,0,0,7,6,7,0,0,5,6,24,25,0,0,0,0,0,0,0,0,7,1,1,1,0,0,0,0,2,0,0,KRBKRNvK,WIN,6K1/7R/3n4/B3r3/8/8/8/k7 w - - 0 1
0,1,0,0,0,0,0,1,-1,1,0,1,1,1,0,0,0,0,0,16,0,0,7,0,7,7,7,6,6,19,25,0,0,0,0,0,0,0,0,7,1,1,0,0,0,0,3,0,0,0,KRBKRNvK,DRAW,K6k/8/7r/3B4/8/8/3R4/2n5 b - - 0 1
1,1,0,0,0,0,0,1,-1,1,0,1,1,1,0,0,0,0,0,16,0,0,3,3,7,0,4,3,3,4,0,1,0,0,0,0,0,0,0,7,1,1,1,0,0,0,1,1,0,1,KRBKRNvK,DRAW,3K4/5R2/4n3/k7/8/7r/7B/8 w - - 0 1
0,1,0,0,0,0,0,1,-1,1,0,1,1,1,0,0,0,0,0,16,0,0,3,3,4,0,6,0,5,20,26,0,0,0,0,0,0,0,0,7,1,1,0,0,0,0,3,0,0,1,KRBKRNvK,DRAW,8/k4r2/4R1B1/3K4/8/n7/8/8 b - - 0 1
0,1,0,0,0,0,0,1,-1,1,0,1,1,1,0,0,0,0,0,16,0,0,7,0,5,7,3,4,3,20,25,0,0,0,0,0,0,0,0,7,1,1,1,0,0,0,1,3,0,0,KRBKRNvK,DRAW,8/6R1/K7/8/2B4k/3r2n1/8/8 b - - 0 1
0,1,0,0,0,0,0,1,-1,1,0,1,1,1,0,0,0,0,0,16,0,0,6,6,4,0,3,2,3,17,26,0,0,0,0,0,0,0,0,7,1,1,0,0,0,0,2,1,1,0,KRBKRNvK,DRAW,8/8/1R6/6K1/kn6/r7/8/7B b - - 0 1
0,1,0,0,0,0,0,1,-1,1,0,1,1,1,0,0,0,0,0,16,0,0,4,5,3,5,7,1,4,4,0,1,0,0,0,0,0,0,0,7,1,1,0,0,0,0,3,2,1,0,KRBKRNvK,DRAW,1R3k2/n7/4B3/2r5/5K2/8/8/8 b - - 0 1
1,1,0,0,0,0,0,1,-1,1,0,1,1,1,0,0,0,0,0,16,0,0,2,3,2,2,4,1,1,23,21,0,0,0,0,0,0,0,0,7,1,1,1,1,0,0,2,3,0,0,KRBKRNvK,DRAW,8/5R2/8/2k3n1/8/3K3B/7r/8 w - - 0 1
0,1,0,0,0,0,0,1,-1,1,0,1,1,1,0,0,0,0,0,16,0,0,4,7,4,3,5,3,1,5,0,1,0,0,0,0,0,0,0,7,1,1,0,0,0,0,2,2,0,0,KRBKRNvK,DRAW,6B1/3r4/3k4/7K/8/8/7n/3R4 b - - 0 1
1,1,0,0,0,0,0,1,-1,1,0,1,1,1,0,0,0,0,0,16,0,0,3,3,5,0,4,1,3,6,0,1,0,0,0,0,0,0,0,7,1,1,0,0,0,0,2,0,0,0,KRBKRNvK,DRAW,8/8/r2KB2R/k7/8/8/7n/8 w - - 0 1
0,1,0,0,0,0,0,1,-1,1,0,1,1,1,0,0,0,0,0,16,0,0,4,2,4,6,7,1,5,3,0,1,0,0,0,0,0,0,0,7,1,1,0,0,0,0,2,2,2,1,KRBKRNvK,DRAW,6k1/8/4BR2/2K5/r7/8/3n4/8 b - - 0 1
1,1,0,0,0,0,0,1,-1,1,0,1,1,1,0,0,0,0,0,16,0,0,6,4,1,4,7,2,3,28,20,0,0,0,0,0,0,0,0,7,1,1,0,0,0,0,0,1,1,0,KRBKRNvK,DRAW,4k3/r3n3/6R1/8/8/8/4K3/4B3 w - - 0 1
1,1,0,0,0,0,0,1,-1,1,0,1,1,1,0,0,0,0,0,16,0,0,5,4,2,0,7,1,6,23,23,0,0,0,0,0,0,0,0,7,1,1,0,0,0,0,2,3,0,0,KRBKRNvK,DRAW,k7/4n3/7B/8/1r6/4K3/8/2R5 w - - 0 1
0,1,0,0,0,0,0,1,-1,1,0,1,1,1,0,0,0,0,0,16,0,0,5,0,5,3,0,4,3,20,23,0,0,0,0,0,0,0,0,7,1,1,0,0,0,0,1,2,1,0,KRBKRNvK,DRAW,7R/3r4/K6n/8/8/4B3/8/3k4 b - - 0 1
0,1,0,0,0,0,0,1,-1,1,0,1,1,1,0,0,0,0,0,16,0,0,3,3,6,6,7,2,5,3,0,1,0,0,0,0,0,0,0,7,1,1,0,0,0,0,3,1,1,0,KRBKRNvK,DRAW,4R1kr/3K4/8/8/2n5/8/8/7B b - - 0 1
1,1,0,0,0,0,0,1,-1,1,0,1,1,1,0,0,0,0,0,16,0,0,3,6,0,5,3,5,1,24,22,0,0,0,0,0,0,0,0,7,1,1,0,0,0,0,0,3,0,1,KRBKRNvK,DRAW,4B3/8/R7/8/5k2/5r2/2n5/6K1 w - - 0 1
1,1,0,0,0,0,0,1,-1,1,0,1,1,1,0,0,0,0,0,16,0,0,3,2,2,4,5,2,1,28,16,0,0,0,0,0,0,0,0,7,1,1,0,0,0,0,4,2,1,0,KRBKRNvK,DRAW,3n4/1B6/4kr2/2R5/8/2K5/8/8 w - - 0 1
1,1,0,0,0,0,0,1,-1,1,0,1,1,1,0,0,0,0,0,16,0,0,2,4,7,6,7,3,5,2,0,1,0,0,0,0,0,0,0,7,1,1,1,0,0,0,1,0,0,1,KRBKRNvK,DRAW,4Krk1/2R5/8/7n/4B3/8/8/8 w - - 0 1
0,1,0,0,0,0,0,1,-1,1,0,1,1,1,0,0,0,0,0,16,0,0,6,2,0,5,6,4,3,26,27,0,0,0,0,0,0,0,0,7,1,1,0,0,0,0,3,2,1,0,KRBKRNvK,DRAW,8/5k2/3n4/6R1/r7/4B3/8/2K5 b - - 0 1
0,1,0,0,0,0,0,1,-1,1,0,1,1,1,0,0,0,0,0,16,0,0,4,3,6,3,2,2,1,22,32,0,0,0,0,0,0,0,0,7,1,1,0,0,0,0,2,2,1,1,KRBKRNvK,DRAW,8/3K4/5r2/3B4/R7/3k4/8/5n2 b - - 0 1
1,1,0,0,0,0,0,1,-1,1,0,1,1,1,0,0,0,0,0,16,0,0,5,3,6,1,1,2,4,26,21,0,0,0,0,0,0,0,0,7,1,1,0,0,0,0,2,0,0,0,KRBKRNvK,DRAW,r7/3K4/8/8/8/4R3/1k6/5B1n w - - 0 1
0,1,0,0,0,0,0,1,-1,1,0,1,1,1,0,0,0,0,0,16,0,0,3,2,6,5,5,3,2,23,26,0,0,0,0,0,0,0,0,7,1,1,0,0,0,0,1,2,0,2,KRBKRNvK,DRAW,8/1nK5/5k2/r7/8/8/2B4R/8 b - - 0 1
0,1,0,0,0,0,0,1,-1,1,0,1,1,1,0,0,0,0,0,16,0,0,4,7,4,3,2,3,1,4,0,1,0,0,0,0,0,0,0,7,1,1,0,0,0,0,1,3,1,1,KRBKRNvK,DRAW,8/1r6/8/5B1K/8/3k1n2/7R/8 b - - 0 1
0,1,0,0,0,0,0,1,-1,1,0,1,1,1,0,0,0,0,0,16,0,0,6,7,6,1,6,5,4,8,0,1,0,0,0,0,0,0,0,7,1,1,0,0,0,0,2,3,0,0,KRBKRNvK,DRAW,3r4/1k5K/8/8/8/7R/5nB1/8 b - - 0 1
0,1,0,0,0,0,0,1,-1,1,0,1,1,1,0,0,0,0,0,16,0,0,7,4,0,0,7,3,6,4,0,1,0,0,0,0,0,0,0,7,1,1,0,0,0,0,3,1,0,0,KRBKRNvK,DRAW,k7/5n2/1r6/3B4/4R3/8/8/4K3 b - - 0 1
0,1,0,0,0,0,0,1,-1,1,0,1,1,1,0,0,0,0,0,16,0,0,2,5,2,6,0,2,5,2,0,1,0,0,0,0,0,0,0,7,1,1,0,0,0,0,1,2,1,1,KRBKRNvK,LOSS,n7/8/8/4r3/8/5K2/6B1/1R4k1 b - - 0 1
0,1,0,0,0,0,0,1,-1,1,0,1,1,1,0,0,0,0,0,16,0,0,7,7,0,0,2,6,4,23,24,0,0,0,0,0,0,0,0,7,1,1,0,0,0,0,2,2,0,0,KRBKRNvK,DRAW,3R4/8/8/3nr3/8/k2B4/8/7K b - - 0 1
0,1,0,0,0,0,0,1,-1,1,0,1,1,1,0,0,0,0,0,16,0,0,5,2,5,7,2,2,4,3,0,1,0,0,0,0,0,0,0,7,1,1,0,0,0,0,3,0,1,0,KRBKRNvK,DRAW,8/8/2K4n/2B4R/8/5r1k/8/8 b - - 0 1
0,1,0,0,0,0,0,1,-1,1,0,1,1,1,0,0,0,0,0,16,0,0,5,6,7,1,4,5,2,4,0,1,0,0,0,0,0,0,0,7,1,1,0,0,0,0,2,2,1,0,KRBKRNvK,DRAW,6K1/8/8/1k1r4/1R6/8/1n1B4/8 b - - 0 1
1,1,0,0,0,0,0,1,-1,1,0,1,1,1,0,0,0,0,0,16,0,0,2,1,3,0,1,2,5,30,23,0,0,0,0,0,0,0,0,7,1,1,1,1,0,0,2,0,0,1,KRBKRNvK,DRAW,8/4R3/8/5B2/1K1n4/8/k5r1/8 w - - 0 1
1,1,0,0,0,0,0,1,-1,1,0,1,1,1,0,0,0,0,0,16,0,0,6,1,4,7,5,2,4,15,20,0,0,0,0,0,0,0,0,7,1,1,1,0,0,0,0,2,0,1,KRBKRNvK,DRAW,8/R7/B2r3k/1K6/8/8/8/4n3 w - - 0 1
0,1,0,0,0,0,0,1,-1,1,0,1,1,1,0,0,0,0,0,16,0,0,4,3,3,7,3,0,3,22,21,0,0,0,0,0,0,0,0,7,1,1,0,0,0,0,4,0,1,1,KRBKRNvK,DRAW,8/8/2r5/n7/3K3k/8/1B3R2/8 b - - 0 1
1,1,0,0,0,0,0,1,-1,1,0,1,1,1,0,0,0,0,0,16,0,0,2,0,7,2,5,6,2,21,21,0,0,0,0,0,0,0,0,7,1,1,0,0,0,0,2,2,1,0,KRBKRNvK,DRAW,K2B4/8/2k5/6R1/8/8/3n4/5r2 w - - 0 1
1,1,0,0,0,0,0,1,-1,1,0,1,1,1,0,0,0,0,0,16,0,0,5,1,5,6,2,3,3,29,18,0,0,0,0,0,0,0,0,7,1,1,0,1,0,0,3,1,1,0,KRBKRNvK,DRAW,8/8/1KB5/7R/8/6k1/r2n4/8 w - - 0 1
1,1,0,0,0,0,0,1,-1,1,0,1,1,1,0,0,0,0,0,16,0,0,3,7,2,5,5,4,2,23,25,0,0,0,0,0,0,0,0,7,1,1,0,0,0,0,1,2,0,1,KRBKRNvK,DRAW,1B6/8/5k2/3r1n2/8/7K/8/1R6 w - - 0 1
0,1,0,0,0,0,0,1,-1,1,0,1,1,1,0,0,0,0,0,16,0,0,3,2,2,5,0,2,4,21,25,0,0,0,0,0,0,0,0,7,1,1,1,0,0,0,1,1,0,0,KRBKRNvK,DRAW,8/3n2R1/5r2/8/B7/2K5/8/5k2 b - - 0 1
1,1,0,0,0,0,0,1,-1,1,0,1,1,1,0,0,0,0,0,16,0,0,2,4,7,6,6,3,4,23,18,0,0,0,0,0,0,0,0,7,1,1,0,0,0,0,2,0,1,0,KRBKRNvK,DRAW,4K3/6k1/4R3/7n/8/8/8/r4B2 w - - 0 1
1,1,0,0,0,0,0,1,-1,1,0,1,1,1,0,0,0,0,0,16,0,0,3,4,2,7,1,1,5,5,0,1,0,0,0,0,0,0,0,7,1,1,0,0,0,0,3,0,0,0,KRBKRNvK,DRAW,8/8/8/8/3RB3/1r2K3/7k/1n6 w - - 0 1
1,1,0,0,0,0,0,1,-1,1,0,1,1,1,0,0,0,0,0,16,0,0,4,0,6,0,2,5,4,5,0,1,0,0,0,0,0,0,0,7,1,1,0,0,0,0,2,1,1,1,KRBKRNvK,DRAW,B7/K1r5/6n1/8/8/k7/8/1R6 w - - 0 1
1,1,0,0,0,0,0,1,-1,1,0,1,1,1,0,0,0,0,0,16,0,0,5,5,7,0,4,4,3,28,23,0,0,0,0,0,0,0,0,7,1,1,0,0,0,0,1,2,0,0,KRBKRNvK,DRAW,5K2/8/3B4/k7/2r5/8/3n4/5R2 w - - 0 1
1,1,0,0,0,0,0,1,-1,1,0,1,1,1,0,0,0,0,0,16,0,0,3,3,3,6,5,0,3,16,24,0,0,0,0,0,0,0,0,7,1,1,0,0,0,0,4,2,0,0,KRBKRNvK,DRAW,n7/4r3/6k1/8/3K4/8/3R1B2/8 w - - 0 1
1,1,0,0,0,0,0,1,-1,1,0,1,1,1,0,0,0,0,0,16,0,0,4,5,1,6,5,3,3,5,0,1,0,0,0,0,0,0,0,7,1,1,0,0,0,0,3,2,0,1,KRBKRNvK,DRAW,4r3/8/6k1/8/6n1/3R4/1B3K2/8 w - - 0 1
0,1,0,0,0,0,0,1,-1,1,0,1,1,1,0,0,0,0,0,16,0,0,5,4,7,5,2,3,2,6,0,1,0,0,0,0,0,0,0,7,1,1,0,0,0,0,3,3,1,0,KRBKRNvK,DRAW,B3K3/8/8/1r6/8/5k2/n7/4R3 b - - 0 1
0,1,0,0,0,0,0,1,-1,1,0,1,1,1,0,0,0,0,0,16,0,0,2,5,4,7,2,1,4,20,26,0,0,0,0,0,0,0,0,7,1,1,0,0,0,0,2,1,0,0,KRBKRNvK,DRAW,6R1/8/8/Bn3K2/8/2r4k/8/8 b - - 0 1
0,1,0,0,0,0,0,1,-1,1,0,1,1,1,0,0,0,0,0,16,0,0,5,7,5,2,7,4,4,19,18,0,0,0,0,0,0,0,0,7,1,1,1,1,0,0,1,2,1,0,KRBKRNvK,DRAW,2k5/B6R/7K/8/8/8/3r4/4n3 b - - 0 1
1,1,0,0,0,0,0,1,-1,1,0,1,1,1,0,0,0,0,0,16,0,0,6,0,6,6,6,5,4,5,0,1,0,0,0,0,0,0,0,7,1,1,0,0,0,0,2,0,0,0,KRBKRNvK,LOSS,8/K5k1/8/8/5R2/3B3n/8/r7 w - - 0 1
0,1,0,0,0,0,0,1,-1,1,0,1,1,1,0,0,0,0,0,16,0,0,5,1,7,5,2,5,2,7,0,1,0,0,0,0,0,0,0,7,1,1,0,0,0,0,2,3,2,0,KRBKRNvK,DRAW,1K6/8/8/6r1/8/5k2/n7/3R3B b - - 0 1
0,1,0,0,0,0,0,1,-1,1,0,1,1,1,0,0,0,0,0,16,0,0,2,4,0,6,2,3,3,23,27,0,0,0,0,0,0,0,0,7,1,1,1,0,0,0,0,0,0,0,KRBKRNvK,DRAW,1n6/2R5/r7/1B6/8/6k1/8/4K3 b - - 0 1
1,1,0,0,0,0,0,1,-1,1,0,1,1,1,0,0,0,0,0,16,0,0,2,1,1,3,0,4,3,28,18,0,0,0,0,0,0,0,0,7,1,1,0,0,0,0,2,2,0,1,KRBKRNvK,DRAW,4n3/8/8/5R2/1Br5/8/1K6/3k4 w - - 0 1
0,1,0,0,0,0,0,1,-1,1,0,1,1,1,0,0,0,0,0,16,0,0,5,0,4,5,0,3,4,4,0,1,0,0,0,0,0,0,0,7,1,1,0,1,0,0,1,1,1,0,KRBKRNvK,DRAW,3R4/3n4/8/K7/8/3B4/6r1/5k2 b - - 0 1
0,1,0,0,0,0,0,1,-1,1,0,1,1,1,0,0,0,0,0,16,0,0,2,1,5,3,7,3,3,3,0,1,0,0,0,0,0,0,0,7,1,1,0,0,0,0,0,0,0,1,KRBKRNvK,LOSS,3k4/8/1K6/n5B1/8/8/8/1Rr5 b - - 0 1
0,1,0,0,0,0,0,1,-1,1,0,1,1,1,0,0,0,0,0,16,0,0,2,2,2,4,1,2,2,23,29,0,0,0,0,0,0,0,0,7,1,1,0,0,0,0,2,1,0,1,KRBKRNvK,DRAW,3R4/8/7r/2B5/1n6/2K5/4k3/8 b - - 0 1
1,1,0,0,0,0,0,1,-1,1,0,1,1,1,0,0,0,0,0,16,0,0,3,0,6,1,3,5,2,26,24,0,0,0,0,0,0,0,0,7,1,1,0,1,0,0,1,1,1,0,KRBKRNvK,DRAW,8/K2n4/8/8/1k6/8/2B3r1/5R2 w - - 0 1
0,1,0,0,0,0,0,1,-1,1,0,1,1,1,0,0,0,0,0,16,0,0,7,0,7,1,0,6,5,4,0,1,0,0,0,0,0,0,0,7,1,1,0,0,0,0,1,0,0,1,KRBKRNvK,LOSS,K7/1n6/1R6/8/8/8/5B2/1k4r1 b - - 0 1
1,1,0,0,0,0,0,1,-1,1,0,1,1,1,0,0,0,0,0,16,0,0,2,4,3,6,4,0,2,14,27,0,0,0,0,0,0,0,0,7,1,1,1,0,0,0,4,3,2,1,KRBKRNvK,DRAW,8/4R2B/2n5/6k1/4K3/8/8/3r4 w - - 0 1
1,1,0,0,0,0,0,1,-1,1,0,1,1,1,0,0,0,0,0,16,0,0,2,5,0,7,0,4,6,19,17,0,0,0,0,0,0,0,0,7,1,1,0,0,0,0,2,2,0,0,KRBKRNvK,WIN,8/3r2n1/8/8/1R6/B7/8/5K1k w - - 0 1
1,1,0,0,0,0,0,1,-1,1,0,1,1,1,0,0,0,0,0,16,0,0,2,4,4,2,2,0,2,17,20,0,0,0,0,0,0,0,0,7,1,1,0,0,0,0,4,1,1,2,KRBKRNvK,DRAW,8/6n1/6r1/3RK3/8/2k5/6B1/8 w - - 0 1
1,1,0,0,0,0,0,1,-1,1,0,1,1,1,0,0,0,0,0,16,0,0,6,2,7,3,1,4,2,28,19,0,0,0,0,0,0,0,0,7,1,1,0,0,0,0,2,0,0,0,KRBKRNvK,DRAW,2K5/4B3/8/8/6R1/8/3k4/5n1r w - - 0 1
1,1,0,0,0,0,0,1,-1,1,0,1,1,1,0,0,0,0,0,16,0,0,2,2,3,1,5,1,3,4,0,1,0,0,0,0,0,0,0,7,1,1,0,0,0,0,3,0,0,1,KRBKRNvK,LOSS,2n5/7B/1k6/8/r1K2R2/8/8/8 w - - 0 1
0,1,0,0,0,0,0,1,-1,1,0,1,1,1,0,0,0,0,0,16,0,0,3,6,6,6,3,4,2,3,0,1,0,0,0,0,0,0,0,7,1,1,0,0,0,0,0,1,2,0,KRBKRNvK,DRAW,1r6/6K1/8/8/5nk1/8/4B1R1/8 b - - 0 1
0,1,0,0,0,0,0,1,-1,1,0,1,1,1,0,0,0,0,0,16,0,0,7,7,1,0,0,5,6,4,0,1,0,0,0,0,0,0,0,7,1,1,0,0,0,0,0,2,0,0,KRBKRNvK,DRAW,r7/8/8/7B/8/2n5/7K/k5R1 b - - 0 1
0,1,0,0,0,0,0,1,-1,1,0,1,1,1,0,0,0,0,0,16,0,0,6,7,6,6,0,5,5,3,0,1,0,0,0,0,0,0,0,7,1,1,0,1,0,0,1,2,1,0,KRBKRNvK,DRAW,8/7K/2n5/8/3B4/6R1/r7/6k1 b - - 0 1
1,1,0,0,0,0,0,1,-1,1,0,1,1,1,0,0,0,0,0,16,0,0,3,7,7,5,4,6,1,2,0,1,0,0,0,0,0,0,0,7,1,1,0,0,0,0,3,2,1,0,KRBKRNvK,DRAW,7K/8/2B5/5k1r/8/4R2n/8/8 w - - 0 1
1,1,0,0,0,0,0,1,-1,1,0,1,1,1,0,0,0,0,0,16,0,0,4,0,6,1,2,5,3,25,21,0,0,0,0,0,0,0,0,7,1,1,0,0,0,0,2,0,1,1,KRBKRNvK,DRAW,8/K7/2r5/8/8/1kB4R/8/3n4 w - - 0 1
1,1,0,0,0,0,0,1,-1,1,0,1,1,1,0,0,0,0,0,16,0,0,2,5,5,3,3,2,0,21,18,0,0,0,0,0,0,0,0,7,1,1,0,0,0,0,2,4,1,1,KRBKRNvK,DRAW,8/4B3/5K2/5R2/3k3n/8/8/3r4 w - - 0 1
1,1,0,0,0,0,0,1,-1,1,0,1,1,1,0,0,0,0,0,16,0,0,2,4,3,5,1,0,3,4,0,1,0,0,0,0,0,0,0,7,1,1,0,0,0,0,3,2,1,1,KRBKRNvK,DRAW,1R6/8/8/6n1/1r2K1B1/8/5k2/8 w - - 0 1
0,1,0,0,0,0,0,1,-1,1,0,1,1,1,0,0,0,0,0,16,0,0,5,0,6,1,1,5,4,3,0,1,0,0,0,0,0,0,0,7,1,1,0,0,0,0,1,0,1,0,KRBKRNvK,LOSS,2R4r/K7/8/8/3B4/n7/1k6/8 b - - 0 1
1,1,0,0,0,0,0,1,-1,1,0,1,1,1,0,0,0,0,0,16,0,0,2,5,5,7,4,2,3,5,0,1,0,0,0,0,0,0,0,7,1,1,0,0,0,0,1,0,0,0,KRBKRNvK,DRAW,8/3B4/2R2K2/7k/8/5r2/8/5n2 w - - 0 1
0,1,0,0,0,0,0,1,-1,1,0,1,1,1,0,0,0,0,0,16,0,0,6,7,6,1,7,5,5,3,0,1,0,0,0,0,0,0,0,7,1,1,0,0,0,0,3,2,0,1,KRBKRNvK,DRAW,1k2R1n1/7K/8/8/r7/2B5/8/8 b - - 0 1
0,1,0,0,0,0,0,1,-1,1,0,1,1,1,0,0,0,0,0,16,0,0,5,1,5,6,2,3,3,22,23,0,0,0,0,0,0,0,0,7,1,1,0,0,0,0,0,0,0,1,KRBKRNvK,DRAW,4B3/2r5/1K5R/8/8/6k1/8/6n1 b - - 0 1
1,1,0,0,0,0,0,1,-1,1,0,1,1,1,0,0,0,0,0,16,0,0,7,0,7,2,0,6,4,21,25,0,0,0,0,0,0,0,0,7,1,1,1,0,0,0,2,3,0,0,KRBKRNvK,DRAW,K7/R7/8/1n6/8/4r3/8/2k4B w - - 0 1
0,1,0,0,0,0,0,1,-1,1,0,1,1,1,0,0,0,0,0,16,0,0,3,2,4,5,7,1,4,20,19,0,0,0,0,0,0,0,0,7,1,1,0,0,0,0,2,0,0,0,KRBKRNvK,DRAW,5k2/6r1/8/2K5/8/B7/8/R6n b - - 0 1
0,1,0,0,0,0,0,1,-1,1,0,1,1,1,0,0,0,0,0,16,0,0,5,4,7,2,2,3,2,24,26,0,0,0,0,0,0,0,0,7,1,1,0,0,0,0,0,3,0,0,KRBKRNvK,DRAW,2B1K3/8/8/7r/8/1nk5/5R2/8 b - - 0 1
1,1,0,0,0,0,0,1,-1,1,0,1,1,1,0,0,0,0,0,16,0,0,5,4,2,4,7,1,3,25,24,0,0,0,0,0,0,0,0,7,1,1,0,1,0,0,4,2,0,1,KRBKRNvK,DRAW,4k3/8/2n5/R7/5B2/4K3/2r5/8 w - - 0 1
1,1,0,0,0,0,0,1,-1,1,0,1,1,1,0,0,0,0,0,16,0,0,4,7,7,4,3,6,0,26,22,0,0,0,0,0,0,0,0,7,1,1,0,1,0,0,2,3,2,0,KRBKRNvK,DRAW,7K/8/8/n1B5/4k3/3R4/6r1/8 w - - 0 1
1,1,0,0,0,0,0,1,-1,1,0,1,1,1,0,0,0,0,0,16,0,0,5,7,2,2,1,4,3,25,23,0,0,0,0,0,0,0,0,7,1,1,0,0,0,0,2,0,0,1,KRBKRNvK,DRAW,8/8/8/B7/6R1/7K/n1k5/5r2 w - - 0 1
1,1,0,0,0,0,0,1,-1,1,0,1,1,1,0,0,0,0,0,16,0,0,4,3,3,3,7,0,3,5,0,1,0,0,0,0,0,0,0,7,1,1,0,0,0,0,3,2,0,1,KRBKRNvK,LOSS,3k4/3r4/8/8/3K4/4R3/B1n5/8 w - - 0 1
0,1,0,0,0,0,0,1,-1,1,0,1,1,1,0,0,0,0,0,16,0,0,5,6,1,1,3,4,2,23,22,0,0,0,0,0,0,0,0,7,1,1,1,0,0,0,0,1,0,0,KRBKRNvK,DRAW,8/2R2n2/5r2/8/1k5B/8/6K1/8 b - - 0 1
1,1,0,0,0,0,0,1,-1,1,0,1,1,1,0,0,0,0,0,16,0,0,3,0,5,1,2,4,3,2,0,1,0,0,0,0,0,0,0,7,1,1,1,0,0,0,1,0,0,1,KRBKRNvK,DRAW,2n5/R7/K7/8/8/1k6/8/r5B1 w - - 0 1
0,1,0,0,0,0,0,1,-1,1,0,1,1,1,0,0,0,0,0,16,0,0,4,6,0,2,4,5,1,26,14,0,0,0,0,0,0,0,0,7,1,1,0,0,0,0,0,3,0,0,KRBKRNvK,DRAW,8/8/8/2k5/5r2/n7/8/R2B2K1 b - - 0 1
1,1,0,0,0,0,0,1,-1,1,0,1,1,1,0,0,0,0,0,16,0,0,4,5,6,7,2,3,4,5,0,1,0,0,0,0,0,0,0,7,1,1,0,0,0,0,0,0,1,1,KRBKRNvK,DRAW,3n4/5K2/r7/8/8/7k/4B3/5R2 w - - 0 1
0,1,0,0,0,0,0,1,-1,1,0,1,1,1,0,0,0,0,0,16,0,0,6,3,6,3,0,2,3,3,0,1,0,0,0,0,0,0,0,7,1,1,0,0,0,0,2,0,0,1,KRBKRNvK,DRAW,1r6/3K4/8/3R4/8/B7/8/n2k4 b - - 0 1
0,1,0,0,0,0,0,1,-1,1,0,1,1,1,0,0,0,0,0,16,0,0,7,7,3,0,4,3,3,5,0,1,0,0,0,0,0,0,0,7,1,1,0,0,0,0,2,0,0,1,KRBKRNvK,DRAW,8/7r/7n/k6R/5B1K/8/8/8 b - - 0 1
0,1,0,0,0,0,0,1,-1,1,0,1,1,1,0,0,0,0,0,16,0,0,3,7,1,6,4,5,2,23,27,0,0,0,0,0,0,0,0,7,1,1,0,0,0,0,2,2,0,1,KRBKRNvK,DRAW,8/8/2B5/6k1/3R3n/8/7K/4r3 b - - 0 1
0,1,0,0,0,0,0,1,-1,1,0,1,1,1,0,0,0,0,0,16,0,0,6,2,1,1,7,3,5,3,0,1,0,0,0,0,0,0,0,7,1,1,0,0,0,0,2,0,1,0,KRBKRNvK,DRAW,1k6/8/3B4/1R6/8/8/2K3n1/5r2 b - - 0 1
0,1,0,0,0,0,0,1,-1,1,0,1,1,1,0,0,0,0,0,16,0,0,3,0,1,3,1,5,2,22,23,0,0,0,0,0,0,0,0,7,1,1,0,0,0,0,2,0,0,1,KRBKRNvK,DRAW,8/8/B7/4R3/8/7n/K2k4/1r6 b - - 0 1
1,1,0,0,0,0,0,1,-1,1,0,1,1,1,0,0,0,0,0,16,0,0,2,3,4,5,6,0,3,5,0,1,0,0,0,0,0,0,0,7,1,1,0,0,0,0,3,1,1,1,KRBKRNvK,DRAW,5r2/5k2/1n6/3K2B1/4R3/8/8/8 w - - 0 1
1,1,0,0,0,0,0,1,-1,1,0,1,1,1,0,0,0,0,0,16,0,0,4,6,4,6,0,2,5,20,25,0,0,0,0,0,0,0,0,7,1,1,1,1,0,0,1,1,0,0,KRBKRNvK,DRAW,6B1/6R1/8/6K1/8/3n4/5r2/6k1 w - - 0 1
0,1,0,0,0,0,0,1,-1,1,0,1,1,1,0,0,0,0,0,16,0,0,3,1,2,4,1,3,2,20,26,0,0,0,0,0,0,0,0,7,1,1,0,0,0,0,1,0,1,1,KRBKRNvK,DRAW,5R2/8/7r/8/8/1K6/n1B1k3/8 b - - 0 1
0,1,0,0,0,0,0,1,-1,1,0,1,1,1,0,0,0,0,0,16,0,0,6,6,7,5,1,5,3,6,0,1,0,0,0,0,0,0,0,7,1,1,0,0,0,0,0,2,1,1,KRBKRNvK,DRAW,2B2nK1/8/8/5r2/8/8/5k1R/8 b - - 0 1
1,1,0,0,0,0,0,1,-1,1,0,1,1,1,0,0,0,0,0,16,0,0,2,7,5,5,7,4,4,26,22,0,0,0,0,0,0,0,0,7,1,1,0,0,0,0,3,2,1,0,KRBKRNvK,DRAW,5k2/8/4B2K/8/r7/8/3n4/4R3 w - - 0 1
1,1,0,0,0,0,0,1,-1,1,0,1,1,1,0,0,0,0,0,16,0,0,2,1,5,3,3,3,0,2,0,1,0,0,0,0,0,0,0,7,1,1,0,0,0,0,1,3,0,2,KRBKRNvK,LOSS,1B1n4/1r6/1K6/8/3k4/8/8/1R6 w - - 0 1
1,1,0,0,0,0,0,1,-1,1,0,1,1,1,0,0,0,0,0,16,0,0,6,0,2,6,0,4,5,23,22,0,0,0,0,0,0,0,0,7,1,1,0,0,0,0,0,1,1,0,KRBKRNvK,DRAW,8/8/1r6/8/6n1/K7/2R5/5Bk1 w - - 0 1
0,1,0,0,0,0,0,1,-1,1,0,1,1,1,0,0,0,0,0,16,0,0,4,1,0,5,0,5,4,20,21,0,0,0,0,0,0,0,0,7,1,1,1,0,0,0,3,2,0,0,KRBKRNvK,DRAW,8/n3R3/8/8/3r4/8/8/BK3k2 b - - 0 1
0,1,0,0,0,0,0,1,-1,1,0,1,1,1,0,0,0,0,0,16,0,0,3,5,3,2,0,1,4,22,25,0,0,0,0,0,0,0,0,7,1,1,0,0,0,0,2,2,0,1,KRBKRNvK,DRAW,1nB5/8/7R/6r1/5K2/8/8/2k5 b - - 0 1
0,1,0,0,0,0,0,1,-1,1,0,1,1,1,0,0,0,0,0,16,0,0,2,1,2,0,4,3,3,2,0,1,0,0,0,0,0,0,0,7,1,1,0,0,0,0,2,2,1,0,KRBKRNvK,DRAW,8/4r3/7n/k1R5/3B4/1K6/8/8 b - - 0 1
1,1,0,0,0,0,0,1,-1,1,0,1,1,1,0,0,0,0,0,16,0,0,6,3,7,1,1,3,4,3,0,1,0,0,0,0,0,0,0,7,1,1,0,0,0,0,1,0,0,1,KRBKRNvK,DRAW,1B1K1r2/8/8/8/3n4/6R1/1k6/8 w - - 0 1
0,1,0,0,0,0,0,1,-1,1,0,1,1,1,0,0,0,0,0,16,0,0,3,4,6,3,3,2,0,24,30,0,0,0,0,0,0,0,0,7,1,1,0,0,0,0,2,3,1,0,KRBKRNvK,DRAW,8/1B2K3/5R2/8/3k4/6r1/8/4n3 b - - 0 1
0,1,0,0,0,0,0,1,-1,1,0,1,1,1,0,0,0,0,0,16,0,0,3,5,5,5,2,2,2,16,27,0,0,0,0,0,0,0,0,7,1,1,1,1,0,0,1,1,1,0,KRBKRNvK,DRAW,8/2R5/5K2/6B1/8/5k2/5r2/5n2 b - - 0 1
1,1,0,0,0,0,0,1,-1,1,0,1,1,1,0,0,0,0,0,16,0,0,6,3,0,6,6,3,4,24,28,0,0,0,0,0,0,0,0,7,1,1,0,0,0,0,2,0,0,0,KRBKRNvK,DRAW,8/6k1/5r2/3n4/4R3/8/8/3KB3 w - - 0 1
0,1,0,0,0,0,0,1,-1,1,0,1,1,1,0,0,0,0,0,16,0,0,2,4,0,6,2,3,3,21,19,0,0,0,0,0,0,0,0,7,1,1,0,0,0,0,0,2,2,0,KRBKRNvK,DRAW,8/8/8/2r5/n7/6k1/4B3/4KR2 b - - 0 1
1,1,0,0,0,0,0,1,-1,1,0,1,1,1,0,0,0,0,0,16,0,0,2,5,3,3,2,1,1,2,0,1,0,0,0,0,0,0,0,7,1,1,0,0,0,0,2,2,1,1,KRBKRNvK,DRAW,7R/5r2/8/8/4nK2/3k4/8/4B3 w - - 0 1
0,1,0,0,0,0,0,1,-1,1,0,1,1,1,0,0,0,0,0,16,0,0,3,4,7,1,4,3,2,4,0,1,0,0,0,0,0,0,0,7,1,1,0,1,0,0,1,1,1,1,KRBKRNvK,DRAW,1R2K3/3n4/8/1k6/8/3B4/6r1/8 b - - 0 1
1,1,0,0,0,0,0,1,-1,1,0,1,1,1,0,0,0,0,0,16,0,0,6,7,6,1,2,5,3,3,0,1,0,0,0,0,0,0,0,7,1,1,0,0,0,0,2,1,0,2,KRBKRNvK,DRAW,R4r2/7K/8/6n1/8/1k3B2/8/8 w - - 0 1
0,1,0,0,0,0,0,1,-1,1,0,1,1,1,0,0,0,0,0,16,0,0,2,6,2,4,0,3,3,18,34,0,0,0,0,0,0,0,0,7,1,1,0,0,0,0,1,0,0,0,KRBKRNvK,DRAW,3n4/8/7R/3B4/8/6K1/8/r3k3 b - - 0 1
0,1,0,0,0,0,0,1,-1,1,0,1,1,1,0,0,0,0,0,16,0,0,2,3,1,1,1,2,4,1,0,1,0,0,0,0,0,0,0,7,1,1,0,0,0,0,0,2,2,0,KRBKRNvK,LOSS,8/8/8/1n6/r7/R7/1k1K4/2B5 b - - 0 1
1,1,0,0,0,0,0,1,-1,1,0,1,1,1,0,0,0,0,0,16,0,0,4,7,7,5,3,6,1,2,0,1,0,0,0,0,0,0,0,7,1,1,0,0,0,0,1,3,1,0,KRBKRNvK,DRAW,4r2K/8/2R5/8/5k2/3Bn3/8/8 w - - 0 1
1,1,0,0,0,0,0,1,-1,1,0,1,1,1,0,0,0,0,0,16,0,0,5,4,1,4,6,2,2,26,25,0,0,0,0,0,0,0,0,7,1,1,0,0,0,0,3,1,1,1,KRBKRNvK,DRAW,B7/4k3/1n6/5R2/8/8/4K3/6r1 w - - 0 1
1,1,0,0,0,0,0,1,-1,1,0,1,1,1,0,0,0,0,0,16,0,0,6,1,0,7,3,5,3,25,22,0,0,0,0,0,0,0,0,7,1,1,1,0,0,0,3,2,1,1,KRBKRNvK,DRAW,8/3R4/6B1/8/7k/r4n2/8/1K6 w - - 0 1
0,1,0,0,0,0,0,1,-1,1,0,1,1,1,0,0,0,0,0,16,0,0,3,7,3,5,6,3,3,24,23,0,0,0,0,0,0,0,0,7,1,1,0,0,0,0,0,2,1,0,KRBKRNvK,DRAW,3B4/5k2/8/r7/7K/1R6/8/3n4 b - - 0 1
1,1,0,0,0,0,0,1,-1,1,0,1,1,1,0,0,0,0,0,16,0,0,4,6,6,2,2,4,2,28,24,0,0,0,0,0,0,0,0,7,1,1,0,0,0,0,1,3,1,1,KRBKRNvK,DRAW,8/6K1/7R/r3n3/8/2k5/2B5/8 w - - 0 1
1,1,0,0,0,0,0,1,-1,1,0,1,1,1,0,0,0,0,0,16,0,0,3,2,3,5,3,1,1,7,0,1,0,0,0,0,0,0,0,7,1,1,0,1,0,0,2,2,0,1,KRBKRNvK,DRAW,2R5/3B4/8/n7/2K2k2/8/6r1/8 w - - 0 1
0,1,0,0,0,0,0,1,-1,1,0,1,1,1,0,0,0,0,0,16,0,0,4,2,2,6,5,2,3,25,23,0,0,0,0,0,0,0,0,7,1,1,0,0,0,0,3,2,0,1,KRBKRNvK,DRAW,2R3n1/8/2B3k1/8/r7/2K5/8/8 b - - 0 1
1,1,0,0,0,0,0,1,-1,1,0,1,1,1,0,0,0,0,0,16,0,0,2,3,0,5,0,3,4,23,19,0,0,0,0,0,0,0,0,7,1,1,0,0,0,0,1,0,0,1,KRBKRNvK,WIN,5R2/8/8/5B2/8/1r6/8/3K1kn1 w - - 0 1
0,1,0,0,0,0,0,1,-1,1,0,1,1,1,0,0,0,0,0,16,0,0,4,4,5,0,1,1,5,25,20,0,0,0,0,0,0,0,0,7,1,1,0,0,0,0,2,1,0,0,KRBKRNvK,DRAW,2RB4/r7/4K3/8/8/3n4/k7/8 b - - 0 1
1,1,0,0,0,0,0,1,-1,1,0,1,1,1,0,0,0,0,0,16,0,0,6,1,4,7,2,2,4,24,16,0,0,0,0,0,0,0,0,7,1,1,0,1,0,0,3,0,1,0,KRBKRNvK,DRAW,8/B7/8/1K4R1/8/7k/r6n/8 w - - 0 1
0,1,0,0,0,0,0,1,-1,1,0,1,1,1,0,0,0,0,0,16,0,0,6,6,4,0,0,2,6,20,22,0,0,0,0,0,0,0,0,7,1,1,0,1,0,0,0,2,0,0,KRBKRNvK,DRAW,6n1/8/8/6K1/7B/5R2/4r3/k7 b - - 0 1
1,1,0,0,0,0,0,1,-1,1,0,1,1,1,0,0,0,0,0,16,0,0,4,1,2,5,6,3,3,23,24,0,0,0,0,0,0,0,0,7,1,1,0,0,0,0,1,1,0,1,KRBKRNvK,DRAW,8/B4k2/r7/1n6/8/1K4R1/8/8 w - - 0 1
0,1,0,0,0,0,0,1,-1,1,0,1,1,1,0,0,0,0,0,16,0,0,5,2,0,5,5,4,2,26,26,0,0,0,0,0,0,0,0,7,1,1,0,0,0,0,2,3,0,0,KRBKRNvK,DRAW,8/8/5k2/n7/3r4/5B2/2R5/2K5 b - - 0 1
0,1,0,0,0,0,0,1,-1,1,0,1,1,1,0,0,0,0,0,16,0,0,4,1,2,1,6,3,4,7,0,1,0,0,0,0,0,0,0,7,1,1,1,0,0,0,0,0,0,0,KRBKRNvK,DRAW,6r1/1k5R/8/7B/8/1K6/8/6n1 b - - 0 1
0,1,0,0,0,0,0,1,-1,1,0,1,1,1,0,0,0,0,0,16,0,0,4,7,4,3,3,3,0,5,0,1,0,0,0,0,0,0,0,7,1,1,0,0,0,0,1,3,1,0,KRBKRNvK,DRAW,5r2/8/7B/3n3K/3k4/8/3R4/8 b - - 0 1
0,1,0,0,0,0,0,1,-1,1,0,1,1,1,0,0,0,0,0,16,0,0,4,6,3,4,7,2,3,23,27,0,0,0,0,0,0,0,0,7,1,1,0,0,0,0,1,2,0,0,KRBKRNvK,DRAW,4k3/1n5B/8/8/6K1/8/2R5/3r4 b - - 0 1
1,1,0,0,0,0,0,1,-1,1,0,1,1,1,0,0,0,0,0,16,0,0,2,2,0,0,1,4,5,1,0,1,0,0,0,0,0,0,0,7,1,1,0,0,0,0,3,1,0,0,KRBKRNvK,DRAW,8/7B/8/2R5/2n5/8/k7/2K2r2 w - - 0 1
0,1,0,0,0,0,0,1,-1,1,0,1,1,1,0,0,0,0,0,16,0,0,2,4,3,2,3,0,1,22,25,0,0,0,0,0,0,0,0,7,1,1,0,0,0,0,3,2,1,1,KRBKRNvK,DRAW,3R4/8/8/8/1nkBK3/5r2/8/8 b - - 0 1
1,1,0,0,0,0,0,1,-1,1,0,1,1,1,0,0,0,0,0,16,0,0,3,4,3,6,0,0,5,24,18,0,0,0,0,0,0,0,0,7,1,1,0,1,0,0,4,0,0,0,KRBKRNvK,DRAW,B2R4/8/8/8/n3K3/8/r7/6k1 w - - 0 1
0,1,0,0,0,0,0,1,-1,1,0,1,1,1,0,0,0,0,0,16,0,0,4,3,4,7,6,0,5,20,25,0,0,0,0,0,0,0,0,7,1,1,0,0,0,0,3,0,0,1,KRBKRNvK,DRAW,8/n1r4k/8/3K4/8/1R6/7B/8 b - - 0 1
1,1,0,0,0,0,0,1,-1,1,0,1,1,1,0,0,0,0,0,16,0,0,6,0,4,6,6,3,4,5,0,1,0,0,0,0,0,0,0,7,1,1,0,0,0,0,2,2,0,1,KRBKRNvK,DRAW,8/6k1/2R5/K7/8/1n1r4/6B1/8 w - - 0 1
0,1,0,0,0,0,0,1,-1,1,0,1,1,1,0,0,0,0,0,16,0,0,2,6,3,6,5,2,3,19,25,0,0,0,0,0,0,0,0,7,1,1,0,0,0,0,3,0,0,1,KRBKRNvK,DRAW,7r/8/6k1/8/2B3K1/7n/4R3/8 b - - 0 1
1,1,0,0,0,0,0,1,-1,1,0,1,1,1,0,0,0,0,0,16,0,0,7,3,7,5,0,3,4,4,0,1,0,0,0,0,0,0,0,7,1,1,0,0,0,0,2,2,2,0,KRBKRNvK,DRAW,r2K4/8/8/8/8/4RnB1/8/5k2 w - - 0 1
0,1,0,0,0,0,0,1,-1,1,0,1,1,1,0,0,0,0,0,16,0,0,2,2,5,0,3,2,3,18,28,0,0,0,0,0,0,0,0,7,1,1,0,0,0,0,2,0,0,1,KRBKRNvK,DRAW,1r6/7n/2KB4/7R/k7/8/8/8 b - - 0 1
1,1,0,0,0,0,0,1,-1,1,0,1,1,1,0,0,0,0,0,16,0,0,5,1,1,1,6,4,4,7,0,1,0,0,0,0,0,0,0,7,1,1,0,0,0,0,1,3,0,1,KRBKRNvK,DRAW,8/1k6/8/4r3/8/3n4/1K6/6BR w - - 0 1
1,1,0,0,0,0,0,1,-1,1,0,1,1,1,0,0,0,0,0,16,0,0,4,0,2,2,6,4,3,4,0,1,0,0,0,0,0,0,0,7,1,1,0,0,0,0,0,3,1,1,KRBKRNvK,LOSS,2B5/2k5/8/8/2n3r1/K5R1/8/8 w - - 0 1
1,1,0,0,0,0,0,1,-1,1,0,1,1,1,0,0,0,0,0,16,0,0,5,7,3,2,3,3,1,22,19,0,0,0,0,0,0,0,0,7,1,1,0,0,0,0,0,2,1,0,KRBKRNvK,DRAW,n4r2/8/8/8/2k4K/7R/3B4/8 w - - 0 1
1,1,0,0,0,0,0,1,-1,1,0,1,1,1,0,0,0,0,0,16,0,0,3,5,4,2,1,1,3,21,22,0,0,0,0,0,0,0,0,7,1,1,0,0,0,0,4,0,1,0,KRBKRNvK,DRAW,5n2/8/8/4RK2/8/1r6/1Bk5/8 w - - 0 1
0,1,0,0,0,0,0,1,-1,1,0,1,1,1,0,0,0,0,0,16,0,0,4,0,5,4,5,4,1,25,19,0,0,0,0,0,0,0,0,7,1,1,0,0,0,0,0,4,0,1,KRBKRNvK,DRAW,8/8/K3k3/8/1r5n/7R/8/3B4 b - - 0 1
1,1,0,0,0,0,0,1,-1,1,0,1,1,1,0,0,0,0,0,16,0,0,4,2,2,6,1,2,4,29,24,0,0,0,0,0,0,0,0,7,1,1,0,0,0,0,4,3,0,0,KRBKRNvK,DRAW,8/4n3/8/7R/5r2/2KB4/6k1/8 w - - 0 1
0,1,0,0,0,0,0,1,-1,1,0,1,1,1,0,0,0,0,0,16,0,0,5,5,6,0,5,3,4,2,0,1,0,0,0,0,0,0,0,7,1,1,0,0,0,0,1,3,1,0,KRBKRNvK,DRAW,8/2n2K2/kR6/8/3B2r1/8/8/8 b - - 0 1
1,1,0,0,0,0,0,1,-1,1,0,1,1,1,0,0,0,0,0,16,0,0,6,6,1,6,7,4,5,29,21,0,0,0,0,0,0,0,0,7,1,1,0,0,0,0,1,0,1,0,KRBKRNvK,DRAW,4n1k1/8/5R2/4B3/8/r7/6K1/8 w - - 0 1
0,1,0,0,0,0,0,1,-1,1,0,1,1,1,0,0,0,0,0,16,0,0,2,7,4,6,6,3,4,21,23,0,0,0,0,0,0,0,0,7,1,1,0,0,0,0,2,0,0,0,KRBKRNvK,DRAW,1n1B4/6k1/3R4/7K/8/8/8/1r6 b - - 0 1
1,1,0,0,0,0,0,1,-1,1,0,1,1,1,0,0,0,0,0,16,0,0,2,6,7,7,5,5,4,2,0,1,0,0,0,0,0,0,0,7,1,1,0,0,0,0,1,2,0,0,KRBKRNvK,DRAW,1B1r2K1/1n6/7k/8/8/5R2/8/8 w - - 0 1
1,1,0,0,0,0,0,1,-1,1,0,1,1,1,0,0,0,0,0,16,0,0,4,3,4,7,4,0,3,7,0,1,0,0,0,0,0,0,0,7,1,1,0,0,0,0,4,1,0,1,KRBKRNvK,DRAW,8/6r1/8/R2K3k/1n6/8/8/1B6 w - - 0 1
0,1,0,0,0,0,0,1,-1,1,0,1,1,1,0,0,0,0,0,16,0,0,6,0,3,6,4,3,2,29,17,0,0,0,0,0,0,0,0,7,1,1,1,0,0,0,0,2,0,0,KRBKRNvK,DRAW,8/R7/8/6k1/K2n4/4r3/5B2/8 b - - 0 1
1,1,0,0,0,0,0,1,-1,1,0,1,1,1,0,0,0,0,0,16,0,0,3,6,3,3,1,2,2,30,23,0,0,0,0,0,0,0,0,7,1,1,0,0,0,0,3,1,1,0,KRBKRNvK,DRAW,7r/8/8/2B5/6K1/8/2nk4/4R3 w - - 0 1
0,1,0,0,0,0,0,1,-1,1,0,1,1,1,0,0,0,0,0,16,0,0,2,1,5,3,7,3,3,1,0,1,0,0,0,0,0,0,0,7,1,1,0,1,0,0,0,1,1,0,KRBKRNvK,DRAW,1R1k4/8/1K6/8/7B/1n6/2r5/8 b - - 0 1
1,1,0,0,0,0,0,1,-1,1,0,1,1,1,0,0,0,0,0,16,0,0,4,2,0,2,4,4,1,21,18,0,0,0,0,0,0,0,0,7,1,1,0,0,0,0,0,4,0,0,KRBKRNvK,WIN,1R1Br3/8/8/2k5/8/8/8/2K4n w - - 0 1
1,1,0,0,0,0,0,1,-1,1,0,1,1,1,0,0,0,0,0,16,0,0,4,1,5,5,4,3,1,29,24,0,0,0,0,0,0,0,0,7,1,1,0,0,0,0,0,2,1,0,KRBKRNvK,DRAW,4r3/8/1K5B/5k2/8/7n/8/R7 w - - 0 1
0,1,0,0,0,0,0,1,-1,1,0,1,1,1,0,0,0,0,0,16,0,0,5,4,6,3,1,2,2,25,24,0,0,0,0,0,0,0,0,7,1,1,0,1,0,0,0,1,0,1,KRBKRNvK,DRAW,1R6/4K3/8/2n5/8/B7/3k3r/8 b - - 0 1
1,1,0,0,0,0,0,1,-1,1,0,1,1,1,0,0,0,0,0,16,0,0,3,5,3,7,0,1,6,5,0,1,0,0,0,0,0,0,0,7,1,1,0,0,0,0,2,2,0,1,KRBKRNvK,DRAW,8/8/BR6/8/r4K2/8/4n3/7k w - - 0 1
0,1,0,0,0,0,0,1,-1,1,0,1,1,1,0,0,0,0,0,16,0,0,4,1,7,3,3,5,0,5,0,1,0,0,0,0,0,0,0,7,1,1,0,0,0,0,1,3,0,2,KRBKRNvK,DRAW,1K6/n7/2r5/8/3k4/8/8/3R1B2 b - - 0 1
1,1,0,0,0,0,0,1,-1,1,0,1,1,1,0,0,0,0,0,16,0,0,5,6,1,7,6,4,5,23,19,0,0,0,0,0,0,0,0,7,1,1,0,0,0,0,0,2,1,0,KRBKRNvK,DRAW,n7/7k/8/6B1/r7/8/6K1/6R1 w - - 0 1
1,1,0,0,0,0,0,1,-1,1,0,1,1,1,0,0,0,0,0,16,0,0,2,1,5,2,7,3,4,26,22,0,0,0,0,0,0,0,0,7,1,1,0,0,0,0,1,2,0,0,KRBKRNvK,DRAW,2k5/5B2/1K6/6n1/5r2/8/8/1R6 w - - 0 1
0,1,0,0,0,0,0,1,-1,1,0,1,1,1,0,0,0,0,0,16,0,0,2,0,4,2,3,3,1,25,22,0,0,0,0,0,0,0,0,7,1,1,0,0,0,0,2,2,0,0,KRBKRNvK,DRAW,4R3/4n3/8/K7/2k5/5B2/8/6r1 b - - 0 1
1,1,0,0,0,0,0,1,-1,1,0,1,1,1,0,0,0,0,0,16,0,0,3,4,6,7,4,2,3,7,0,1,0,0,0,0,0,0,0,7,1,1,0,0,0,0,0,1,0,1,KRBKRNvK,DRAW,6R1/4K3/8/5n1k/8/8/8/5B1r w - - 0 1
1,1,0,0,0,0,0,1,-1,1,0,1,1,1,0,0,0,0,0,16,0,0,2,3,7,5,5,3,2,24,18,0,0,0,0,0,0,0,0,7,1,1,0,1,0,0,2,1,0,0,KRBKRNvK,DRAW,3K4/8/5k2/1R6/8/1B6/6r1/6n1 w - - 0 1
1,1,0,0,0,0,0,1,-1,1,0,1,1,1,0,0,0,0,0,16,0,0,3,3,4,6,7,0,5,6,0,1,0,0,0,0,0,0,0,7,1,1,0,0,0,0,3,1,1,1,KRBKRNvK,DRAW,6k1/8/5R1n/1r1K4/8/8/8/2B5 w - - 0 1
1,1,0,0,0,0,0,1,-1,1,0,1,1,1,0,0,0,0,0,16,0,0,6,0,1,6,1,5,4,20,29,0,0,0,0,0,0,0,0,7,1,1,1,0,0,0,1,0,0,0,KRBKRNvK,DRAW,8/R6B/8/8/3n4/8/K5k1/5r2 w - - 0 1
0,1,0,0,0,0,0,1,-1,1,0,1,1,1,0,0,0,0,0,16,0,0,2,5,5,7,7,2,6,20,26,0,0,0,0,0,0,0,0,7,1,1,0,0,0,0,3,2,0,1,KRBKRNvK,DRAW,7k/6n1/5K2/8/2r5/3R4/7B/8 b - - 0 1
1,1,0,0,0,0,0,1,-1,1,0,1,1,1,0,0,0,0,0,16,0,0,6,6,7,0,6,5,5,26,23,0,0,0,0,0,0,0,0,7,1,1,0,1,0,0,2,0,0,1,KRBKRNvK,DRAW,4n1K1/k7/4B3/7R/8/8/5r2/8 w - - 0 1
1,1,0,0,0,0,0,1,-1,1,0,1,1,1,0,0,0,0,0,16,0,0,2,4,2,2,3,1,1,3,0,1,0,0,0,0,0,0,0,7,1,1,0,0,0,0,2,2,1,2,KRBKRNvK,DRAW,8/3B4/8/8/2k5/4K1r1/4R1n1/8 w - - 0 1
0,1,0,0,0,0,0,1,-1,1,0,1,1,1,0,0,0,0,0,16,0,0,5,4,6,4,1,2,2,25,31,0,0,0,0,0,0,0,0,7,1,1,0,0,0,0,1,1,1,1,KRBKRNvK,DRAW,8/3nK3/7r/3B4/8/6R1/4k3/8 b - - 0 1
1,1,0,0,0,0,0,1,-1,1,0,1,1,1,0,0,0,0,0,16,0,0,2,4,2,3,0,1,3,4,0,1,0,0,0,0,0,0,0,7,1,1,1,0,0,0,3,0,0,0,KRBKRNvK,DRAW,8/1n1R4/3B4/8/8/1r2K3/8/3k4 w - - 0 1
0,1,0,0,0,0,0,1,-1,1,0,1,1,1,0,0,0,0,0,16,0,0,5,2,2,0,7,2,6,22,24,0,0,0,0,0,0,0,0,7,1,1,0,0,0,0,2,3,0,1,KRBKRNvK,DRAW,k7/8/8/8/8/2K3R1/2B2n2/3r4 b - - 0 1
1,1,0,0,0,0,0,1,-1,1,0,1,1,1,0,0,0,0,0,16,0,0,2,2,4,2,6,1,3,23,21,0,0,0,0,0,0,0,0,7,1,1,0,0,0,0,2,3,0,2,KRBKRNvK,DRAW,6B1/2kr4/2n5/2K5/8/8/8/1R6 w - - 0 1
1,1,0,0,0,0,0,1,-1,1,0,1,1,1,0,0,0,0,0,16,0,0,4,7,7,6,3,6,2,4,0,1,0,0,0,0,0,0,0,7,1,1,0,0,0,0,2,0,1,0,KRBKRNvK,DRAW,r6K/8/8/4R3/B5k1/8/8/1n6 w - - 0 1
0,1,0,0,0,0,0,1,-1,1,0,1,1,1,0,0,0,0,0,16,0,0,5,1,6,2,1,4,3,27,15,0,0,0,0,0,0,0,0,7,1,1,0,0,0,0,0,2,0,1,KRBKRNvK,DRAW,1R6/1K6/B7/2r5/5n2/8/2k5/8 b - - 0 1
0,1,0,0,0,0,0,1,-1,1,0,1,1,1,0,0,0,0,0,16,0,0,4,1,2,5,1,3,3,25,21,0,0,0,0,0,0,0,0,7,1,1,0,0,0,0,2,1,1,1,KRBKRNvK,WIN,8/2r5/4R3/8/8/1K1n4/4Bk2/8 b - - 0 1
0,1,0,0,0,0,0,1,-1,1,0,1,1,1,0,0,0,0,0,16,0,0,4,0,3,4,7,3,3,4,0,1,0,0,0,0,0,0,0,7,1,1,0,1,0,0,0,2,0,0,KRBKRNvK,DRAW,4k3/8/8/5n1B/K7/8/3r4/R7 b - - 0 1
0,1,0,0,0,0,0,1,-1,1,0,1,1,1,0,0,0,0,0,16,0,0,3,6,1,3,2,4,1,16,22,0,0,0,0,0,0,0,0,7,1,1,1,0,0,0,0,2,0,1,KRBKRNvK,DRAW,8/2R5/8/8/8/3k3B/6Kn/3r4 b - - 0 1
0,1,0,0,0,0,0,1,-1,1,0,1,1,1,0,0,0,0,0,16,0,0,6,7,4,1,1,3,4,24,23,0,0,0,0,0,0,0,0,7,1,1,0,1,0,0,2,2,0,0,KRBKRNvK,DRAW,8/8/8/7K/6RB/8/1knr4/8 b - - 0 1
0,1,0,0,0,0,0,1,-1,1,0,1,1,1,0,0,0,0,0,16,0,0,2,0,7,1,5,6,3,25,24,0,0,0,0,0,0,0,0,7,1,1,0,0,0,0,1,0,1,0,KRBKRNvK,WIN,K5R1/8/1k6/8/2Bn4/5r2/8/8 b - - 0 1
0,1,0,0,0,0,0,1,-1,1,0,1,1,1,0,0,0,0,0,16,0,0,3,7,4,7,1,3,5,4,0,1,0,0,0,0,0,0,0,7,1,1,0,0,0,0,2,0,1,0,KRBKRNvK,DRAW,8/8/B7/3n3K/7R/2r5/7k/8 b - - 0 1
0,1,0,0,0,0,0,1,-1,1,0,1,1,1,0,0,0,0,0,16,0,0,7,0,7,7,4,6,3,23,21,0,0,0,0,0,0,0,0,7,1,1,0,0,0,0,2,2,0,0,KRBKRNvK,DRAW,KR6/8/8/n6k/5r2/8/1B6/8 b - - 0 1
0,1,0,0,0,0,0,1,-1,1,0,1,1,1,0,0,0,0,0,16,0,0,2,1,1,3,2,4,1,18,29,0,0,0,0,0,0,0,0,7,1,1,0,0,0,0,1,3,1,0,KRBKRNvK,DRAW,2R2n2/3r4/8/4B3/8/3k4/1K6/8 b - - 0 1
0,1,0,0,0,0,0,1,-1,1,0,1,1,1,0,0,0,0,0,16,0,0,5,1,1,4,6,4,2,20,24,0,0,0,0,0,0,0,0,7,1,1,0,0,0,0,3,2,0,0,KRBKRNvK,DRAW,n6B/4k3/8/r7/5R2/8/1K6/8 b - - 0 1
0,1,0,0,0,0,0,1,-1,1,0,1,1,1,0,0,0,0,0,16,0,0,5,1,3,6,2,2,3,26,24,0,0,0,0,0,0,0,0,7,1,1,0,0,0,0,3,2,0,0,KRBKRNvK,DRAW,8/6r1/2B5/1R6/1K6/5nk1/8/8 b - - 0 1
1,1,0,0,0,0,0,1,-1,1,0,1,1,1,0,0,0,0,0,16,0,0,2,3,0,4,2,3,1,26,21,0,0,0,0,0,0,0,0,7,1,1,0,0,0,0,3,2,2,0,KRBKRNvK,DRAW,6r1/8/8/1n6/5R2/4k3/6B1/3K4 w - - 0 1
1,1,0,0,0,0,0,1,-1,1,0,1,1,1,0,0,0,0,0,16,0,0,2,2,1,0,1,3,5,26,17,0,0,0,0,0,0,0,0,7,1,1,0,0,0,0,3,0,0,0,KRBKRNvK,WIN,n7/8/8/1R2B3/8/8/k1K5/5r2 w - - 0 1
1,1,0,0,0,0,0,1,-1,1,0,1,1,1,0,0,0,0,0,16,0,0,4,6,4,3,0,2,3,25,20,0,0,0,0,0,0,0,0,7,1,1,0,0,0,0,1,1,0,1,KRBKRNvK,DRAW,8/8/2r3n1/6K1/8/8/R7/3k2B1 w - - 0 1
1,1,0,0,0,0,0,1,-1,1,0,1,1,1,0,0,0,0,0,16,0,0,6,4,1,1,7,2,5,6,0,1,0,0,0,0,0,0,0,7,1,1,0,0,0,0,0,2,0,1,KRBKRNvK,DRAW,1k6/8/8/7B/4r3/8/n3K1R1/8 w - - 0 1
0,1,0,0,0,0,0,1,-1,1,0,1,1,1,0,0,0,0,0,16,0,0,3,1,5,1,2,3,3,6,0,1,0,0,0,0,0,0,0,7,1,1,0,0,0,0,2,2,1,1,KRBKRNvK,DRAW,8/3r4/1K6/8/8/1k6/4n3/1R5B b - - 0 1
0,1,0,0,0,0,0,1,-1,1,0,1,1,1,0,0,0,0,0,16,0,0,4,7,6,7,2,5,4,23,26,0,0,0,0,0,0,0,0,7,1,1,0,0,0,0,1,1,1,1,KRBKRNvK,DRAW,8/5n1K/1r6/8/5B2/7k/8/2R5 b - - 0 1
1,1,0,0,0,0,0,1,-1,1,0,1,1,1,0,0,0,0,0,16,0,0,7,3,0,6,7,3,5,26,22,0,0,0,0,0,0,0,0,7,1,1,0,0,0,0,2,0,0,0,KRBKRNvK,DRAW,4n1k1/8/7r/1R6/8/B7/8/3K4 w - - 0 1
1,1,0,0,0,0,0,1,-1,1,0,1,1,1,0,0,0,0,0,16,0,0,4,5,2,1,3,2,2,29,18,0,0,0,0,0,0,0,0,7,1,1,0,0,0,0,3,0,0,0,KRBKRNvK,DRAW,7B/rn6/4R3/8/1k6/5K2/8/8 w - - 0 1
1,1,0,0,0,0,0,1,-1,1,0,1,1,1,0,0,0,0,0,16,0,0,4,4,4,2,0,0,4,27,18,0,0,0,0,0,0,0,0,7,1,1,0,0,0,0,4,2,0,1,KRBKRNvK,DRAW,4R3/2n5/8/3BK3/8/8/8/2kr4 w - - 0 1
1,1,0,0,0,0,0,1,-1,1,0,1,1,1,0,0,0,0,0,16,0,0,3,5,1,5,4,3,1,23,24,0,0,0,0,0,0,0,0,7,1,1,0,0,0,0,0,3,0,1,KRBKRNvK,DRAW,8/8/4r3/5k2/8/4n3/1R3K2/3B4 w - - 0 1
0,1,0,0,0,0,0,1,-1,1,0,1,1,1,0,0,0,0,0,16,0,0,3,5,6,5,3,3,1,24,20,0,0,0,0,0,0,0,0,7,1,1,0,0,0,0,0,3,0,0,KRBKRNvK,DRAW,4B3/5K2/1R6/1n6/5k2/1r6/8/8 b - - 0 1
1,1,0,0,0,0,0,1,-1,1,0,1,1,1,0,0,0,0,0,16,0,0,6,0,7,5,1,6,3,2,0,1,0,0,0,0,0,0,0,7,1,1,0,0,0,0,1,2,0,0,KRBKRNvK,DRAW,K6n/8/6BR/8/r7/8/5k2/8 w - - 0 1
0,1,0,0,0,0,0,1,-1,1,0,1,1,1,0,0,0,0,0,16,0,0,4,2,2,6,4,2,2,21,23,0,0,0,0,0,0,0,0,7,1,1,0,0,0,0,1,2,1,1,KRBKRNvK,DRAW,3r4/8/8/1B4k1/8/2K4R/8/n7 b - - 0 1
0,1,0,0,0,0,0,1,-1,1,0,1,1,1,0,0,0,0,0,16,0,0,3,0,2,3,1,4,2,3,0,1,0,0,0,0,0,0,0,7,1,1,0,0,0,0,0,0,1,0,KRBKRNvK,DRAW,8/n7/7r/8/B7/K7/3k4/3R4 b - - 0 1
0,1,0,0,0,0,0,1,-1,1,0,1,1,1,0,0,0,0,0,16,0,0,6,6,6,0,6,4,5,6,0,1,0,0,0,0,0,0,0,7,1,1,0,0,0,0,1,3,0,1,KRBKRNvK,DRAW,8/k5K1/5n2/1r6/8/4B3/1R6/8 b - - 0 1
1,1,0,0,0,0,0,1,-1,1,0,1,1,1,0,0,0,0,0,16,0,0,6,1,1,7,5,4,4,15,23,0,0,0,0,0,0,0,0,7,1,1,0,0,0,0,1,1,1,1,KRBKRNvK,DRAW,6B1/8/2r4k/8/8/8/RK1n4/8 w - - 0 1
0,1,0,0,0,0,0,1,-1,1,0,1,1,1,0,0,0,0,0,16,0,0,6,5,7,5,1,4,3,20,23,0,0,0,0,0,0,0,0,7,1,1,0,0,0,0,2,0,1,0,KRBKRNvK,DRAW,3B1K2/r7/8/8/4R3/8/5k2/7n b - - 0 1
0,1,0,0,0,0,0,1,-1,1,0,1,1,1,0,0,0,0,0,16,0,0,2,5,1,3,1,3,2,21,30,0,0,0,0,0,0,0,0,7,1,1,0,0,0,0,3,0,0,0,KRBKRNvK,DRAW,2r5/8/5B2/7R/8/8/n2k1K2/8 b - - 0 1
1,1,0,0,0,0,0,1,-1,1,0,1,1,1,0,0,0,0,0,16,0,0,2,0,4,2,4,3,1,0,0,1,0,0,0,0,0,0,0,7,1,1,0,0,0,0,2,3,0,0,KRBKRNvK,LOSS,r7/8/8/K1k5/8/6n1/4R3/4B3 w - - 0 1
0,1,0,0,0,0,0,1,-1,1,0,1,1,1,0,0,0,0,0,16,0,0,6,0,7,3,1,6,2,24,25,0,0,0,0,0,0,0,0,7,1,1,0,0,0,0,3,0,0,0,KRBKRNvK,DRAW,K7/8/8/2B3R1/8/7r/3k4/4n3 b - - 0 1
0,1,0,0,0,0,0,1,-1,1,0,1,1,1,0,0,0,0,0,16,0,0,5,7,2,2,1,4,3,23,29,0,0,0,0,0,0,0,0,7,1,1,0,0,0,0,2,2,0,0,KRBKRNvK,DRAW,4n3/3r4/2B5/8/8/7K/2k5/6R1 b - - 0 1
1,1,0,0,0,0,0,1,-1,1,0,1,1,1,0,0,0,0,0,16,0,0,5,3,6,1,1,2,4,6,0,1,0,0,0,0,0,0,0,7,1,1,0,0,0,0,2,1,0,0,KRBKRNvK,DRAW,8/3K2r1/8/7R/8/8/1k3n2/6B1 w - - 0 1
0,1,0,0,0,0,0,1,-1,1,0,1,1,1,0,0,0,0,0,16,0,0,5,5,5,3,0,2,3,4,0,1,0,0,0,0,0,0,0,7,1,1,0,1,0,0,3,0,0,1,KRBKRNvK,DRAW,8/8/3R1K2/B7/7n/8/r7/3k4 b - - 0 1
0,1,0,0,0,0,0,1,-1,1,0,1,1,1,0,0,0,0,0,16,0,0,7,7,6,0,2,5,4,25,20,0,0,0,0,0,0,0,0,7,1,1,1,0,0,0,0,1,0,0,KRBKRNvK,DRAW,1r6/2n2R1K/7B/8/8/k7/8/8 b - - 0 1
0,1,0,0,0,0,0,1,-1,1,0,1,1,1,0,0,0,0,0,16,0,0,5,0,4,5,2,3,2,7,0,1,0,0,0,0,0,0,0,7,1,1,0,0,0,0,3,3,0,1,KRBKRNvK,DRAW,3r4/8/2B5/KR6/8/n4k2/8/8 b - - 0 1
1,1,0,0,0,0,0,1,-1,1,0,1,1,1,0,0,0,0,0,16,0,0,4,0,5,4,2,4,1,19,24,0,0,0,0,0,0,0,0,7,1,1,1,0,0,0,0,3,0,0,KRBKRNvK,DRAW,4r2B/6R1/K7/8/8/4k3/2n5/8 w - - 0 1
0,1,0,0,0,0,0,1,-1,1,0,1,1,1,0,0,0,0,0,16,0,0,4,1,3,5,7,2,4,11,28,0,0,0,0,0,0,0,0,7,1,1,1,0,0,0,0,0,0,0,KRBKRNvK,DRAW,5kr1/R7/8/8/1K6/8/8/n4B2 b - - 0 1
0,1,0,0,0,0,0,1,-1,1,0,1,1,1,0,0,0,0,0,16,0,0,2,2,0,4,1,4,2,18,21,0,0,0,0,0,0,0,0,7,1,1,0,0,0,0,3,2,1,0,KRBKRNvK,WIN,1B6/7n/8/8/7r/8/4k3/2KR4 b - - 0 1
0,1,0,0,0,0,0,1,-1,1,0,1,1,1,0,0,0,0,0,16,0,0,2,2,3,0,1,1,5,26,21,0,0,0,0,0,0,0,0,7,1,1,1,0,0,0,2,2,0,0,KRBKRNvK,DRAW,8/5R2/8/6r1/2K2n2/8/k7/3B4 b - - 0 1
1,1,0,0,0,0,0,1,-1,1,0,1,1,1,0,0,0,0,0,16,0,0,2,2,6,0,5,3,4,29,19,0,0,0,0,0,0,0,0,7,1,1,0,0,0,0,1,0,0,0,KRBKRNvK,DRAW,8/2K5/k6r/8/3B4/8/2R5/3n4 w - - 0 1
0,1,0,0,0,0,0,1,-1,1,0,1,1,1,0,0,0,0,0,16,0,0,5,6,3,1,0,2,5,19,24,0,0,0,0,0,0,0,0,7,1,1,0,0,0,0,3,2,0,1,KRBKRNvK,DRAW,4R2B/8/8/5r2/6K1/8/n7/1k6 b - - 0 1
1,1,0,0,0,0,0,1,-1,1,0,1,1,1,0,0,0,0,0,16,0,0,2,0,0,0,2,6,4,24,17,0,0,0,0,0,0,0,0,7,1,1,0,0,0,0,0,0,0,0,KRBKRNvK,DRAW,1R6/8/8/8/8/k4r2/3B4/K4n2 w - - 0 1
1,1,0,0,0,0,0,1,-1,1,0,1,1,1,0,0,0,0,0,16,0,0,6,7,3,1,2,3,3,3,0,1,0,0,0,0,0,0,0,7,1,1,0,0,0,0,3,0,0,0,KRBKRNvK,DRAW,3n3r/B7/8/8/7K/1k6/8/4R3 w - - 0 1
1,1,0,0,0,0,0,1,-1,1,0,1,1,1,0,0,0,0,0,16,0,0,5,0,4,5,4,3,1,23,22,0,0,0,0,0,0,0,0,7,1,1,0,0,0,0,2,4,1,0,KRBKRNvK,DRAW,8/8/3r1n2/K4k2/6R1/8/8/6B1 w - - 0 1
0,1,0,0,0,0,0,1,-1,1,0,1,1,1,0,0,0,0,0,16,0,0,6,0,2,6,6,4,4,4,0,1,0,0,0,0,0,0,0,7,1,1,0,0,0,0,2,2,2,0,KRBKRNvK,DRAW,4R2B/6k1/8/8/3r4/K5n1/8/8 b - - 0 1
0,1,0,0,0,0,0,1,-1,1,0,1,1,1,0,0,0,0,0,16,0,0,5,5,7,5,2,4,2,20,25,0,0,0,0,0,0,0,0,7,1,1,0,0,0,0,1,1,1,0,KRBKRNvK,DRAW,1B3K2/8/8/8/8/r4kn1/7R/8 b - - 0 1
1,1,0,0,0,0,0,1,-1,1,0,1,1,1,0,0,0,0,0,16,0,0,2,4,5,2,6,1,3,28,22,0,0,0,0,0,0,0,0,7,1,1,0,0,0,0,3,1,0,1,KRBKRNvK,DRAW,8/2k5/4K3/8/2n5/7R/1B6/1r6 w - - 0 1
1,1,0,0,0,0,0,1,-1,1,0,1,1,1,0,0,0,0,0,16,0,0,4,4,2,7,6,1,5,28,19,0,0,0,0,0,0,0,0,7,1,1,0,0,0,0,3,2,0,1,KRBKRNvK,DRAW,8/2B4k/n7/8/2r5/4K3/6R1/8 w - - 0 1
1,1,0,0,0,0,0,1,-1,1,0,1,1,1,0,0,0,0,0,16,0,0,7,2,7,5,0,4,4,4,0,1,0,0,0,0,0,0,0,7,1,1,0,0,0,0,2,2,2,1,KRBKRNvK,DRAW,2K1r3/6n1/8/8/8/3R4/8/4Bk2 w - - 0 1
0,1,0,0,0,0,0,1,-1,1,0,1,1,1,0,0,0,0,0,16,0,0,6,7,5,1,0,4,5,19,19,0,0,0,0,0,0,0,0,7,1,1,0,0,0,0,0,1,0,1,KRBKRNvK,DRAW,6r1/8/1R5K/7B/8/1n6/8/1k6 b - - 0 1
1,1,0,0,0,0,0,1,-1,1,0,1,1,1,0,0,0,0,0,16,0,0,4,3,1,3,5,2,1,5,0,1,0,0,0,0,0,0,0,7,1,1,0,1,0,0,0,3,1,2,KRBKRNvK,LOSS,4B3/8/3k4/8/8/5n2/1r1K3R/8 w - - 0 1
0,1,0,0,0,0,0,1,-1,1,0,1,1,1,0,0,0,0,0,16,0,0,5,0,1,5,3,5,1,5,0,1,0,0,0,0,0,0,0,7,1,1,0,0,0,0,1,3,0,0,KRBKRNvK,DRAW,8/2B5/8/8/5k2/1R3n2/K7/7r b - - 0 1
1,1,0,0,0,0,0,1,-1,1,0,1,1,1,0,0,0,0,0,16,0,0,4,3,5,6,1,1,4,6,0,1,0,0,0,0,0,0,0,7,1,1,1,0,0,0,3,0,0,1,KRBKRNvK,DRAW,3n4/4R3/3K2r1/4B3/8/8/6k1/8 w - - 0 1
0,1,0,0,0,0,0,1,-1,1,0,1,1,1,0,0,0,0,0,16,0,0,4,3,1,2,5,2,2,26,22,0,0,0,0,0,0,0,0,7,1,1,1,0,0,0,1,3,0,0,KRBKRNvK,DRAW,4r3/6R1/2k5/2n5/8/8/3K4/6B1 b - - 0 1
1,1,0,0,0,0,0,1,-1,1,0,1,1,1,0,0,0,0,0,16,0,0,6,4,1,0,7,2,6,5,0,1,0,0,0,0,0,0,0,7,1,1,0,0,0,0,2,0,0,1,KRBKRNvK,DRAW,k4r2/8/7R/8/8/8/1B2K3/6n1 w - - 0 1
0,1,0,0,0,0,0,1,-1,1,0,1,1,1,0,0,0,0,0,16,0,0,6,6,2,0,7,3,6,1,0,1,0,0,0,0,0,0,0,7,1,1,0,1,0,0,2,2,0,1,KRBKRNvK,DRAW,k7/8/8/R7/5B2/6K1/1n2r3/8 b - - 0 1
0,1,0,0,0,0,0,1,-1,1,0,1,1,1,0,0,0,0,0,16,0,0,5,4,0,2,5,3,2,4,0,1,0,0,0,0,0,0,0,7,1,1,0,1,0,0,1,2,1,1,KRBKRNvK,DRAW,8/8/2k5/8/4B1n1/2R5/5r2/4K3 b - - 0 1
0,1,0,0,0,0,0,1,-1,1,0,1,1,1,0,0,0,0,0,16,0,0,4,4,3,0,0,0,6,17,25,0,0,0,0,0,0,0,0,7,1,1,0,0,0,0,3,2,0,1,KRBKRNvK,DRAW,1R4n1/8/8/6r1/4K3/8/8/k3B3 b - - 0 1
0,1,0,0,0,0,0,1,-1,1,0,1,1,1,0,0,0,0,0,16,0,0,4,5,7,4,3,4,0,20,23,0,0,0,0,0,0,0,0,7,1,1,0,0,0,0,1,3,1,2,KRBKRNvK,DRAW,3rnK2/8/8/8/4k3/8/R4B2/8 b - - 0 1
1,1,0,0,0,0,0,1,-1,1,0,1,1,1,0,0,0,0,0,16,0,0,2,1,2,1,0,3,5,30,19,0,0,0,0,0,0,0,0,7,1,1,0,0,0,0,1,0,0,0,KRBKRNvK,WIN,8/8/6r1/4B2n/8/1K3R2/8/1k6 w - - 0 1
0,1,0,0,0,0,0,1,-1,1,0,1,1,1,0,0,0,0,0,16,0,0,7,4,7,3,0,3,3,23,17,0,0,0,0,0,0,0,0,7,1,1,1,0,0,0,0,2,0,0,KRBKRNvK,DRAW,4K3/Rn6/8/8/5r2/7B/8/3k4 b - - 0 1
0,1,0,0,0,0,0,1,-1,1,0,1,1,1,0,0,0,0,0,16,0,0,7,0,2,7,6,4,5,24,22,0,0,0,0,0,0,0,0,7,1,1,0,1,0,0,2,2,1,0,KRBKRNvK,DRAW,1B6/7k/8/6R1/5n2/K7/3r4/8 b - - 0 1
1,1,0,0,0,0,0,1,-1,1,0,1,1,1,0,0,0,0,0,16,0,0,5,1,2,4,7,3,3,31,17,0,0,0,0,0,0,0,0,7,1,1,0,1,0,0,2,0,0,0,KRBKRNvK,DRAW,4k3/8/8/2R5/8/1K6/3B1r2/7n w - - 0 1
1,1,0,0,0,0,0,1,-1,1,0,1,1,1,0,0,0,0,0,16,0,0,4,5,4,6,0,1,5,27,24,0,0,0,0,0,0,0,0,7,1,1,0,0,0,0,3,1,0,0,KRBKRNvK,DRAW,7r/2B5/8/1R3K2/8/8/3n4/6k1 w - - 0 1
1,1,0,0,0,0,0,1,-1,1,0,1,1,1,0,0,0,0,0,16,0,0,6,2,0,5,6,4,3,24,20,0,0,0,0,0,0,0,0,7,1,1,0,0,0,0,0,0,0,0,KRBKRNvK,WIN,n7/1r3k2/8/8/B7/8/7R/2K5 w - - 0 1
0,1,0,0,0,0,0,1,-1,1,0,1,1,1,0,0,0,0,0,16,0,0,4,3,0,7,1,3,5,23,13,0,0,0,0,0,0,0,0,7,1,1,0,0,0,0,2,2,0,1,KRBKRNvK,DRAW,8/8/8/8/2r5/1n6/B6k/3KR3 b - - 0 1
1,1,0,0,0,0,0,1,-1,1,0,1,1,1,0,0,0,0,0,16,0,0,5,3,1,4,6,2,2,25,23,0,0,0,0,0,0,0,0,7,1,1,0,0,0,0,1,1,0,0,KRBKRNvK,DRAW,8/4k3/1R6/8/8/6n1/B2K4/7r w - - 0 1
0,1,0,0,0,0,0,1,-1,1,0,1,1,1,0,0,0,0,0,16,0,0,4,6,3,2,6,2,3,21,21,0,0,0,0,0,0,0,0,7,1,1,1,0,0,0,2,1,0,0,KRBKRNvK,DRAW,7r/2kn2R1/8/8/6K1/2B5/8/8 b - - 0 1
0,1,0,0,0,0,0,1,-1,1,0,1,1,1,0,0,0,0,0,16,0,0,2,3,1,4,3,2,0,21,17,0,0,0,0,0,0,0,0,7,1,1,0,0,0,0,0,4,0,1,KRBKRNvK,DRAW,8/8/8/8/r3k3/7B/3Kn3/3R4 b - - 0 1
0,1,0,0,0,0,0,1,-1,1,0,1,1,1,0,0,0,0,0,16,0,0,4,1,4,5,1,2,3,28,27,0,0,0,0,0,0,0,0,7,1,1,0,0,0,0,2,3,0,0,KRBKRNvK,DRAW,4r3/8/8/1K6/1BR5/5n2/5k2/8 b - - 0 1
0,1,0,0,0,0,0,1,-1,1,0,1,1,1,0,0,0,0,0,16,0,0,3,6,6,3,3,4,0,23,29,0,0,0,0,0,0,0,0,7,1,1,0,0,0,0,0,3,0,0,KRBKRNvK,DRAW,2B5/6K1/8/1r6/3k4/R7/8/3n4 b - - 0 1
0,1,0,0,0,0,0,1,-1,1,0,1,1,1,0,0,0,0,0,16,0,0,4,1,0,5,1,5,3,24,24,0,0,0,0,0,0,0,0,7,1,1,0,0,0,0,1,1,2,0,KRBKRNvK,DRAW,7r/3n4/8/8/5BR1/8/5k2/1K6 b - - 0 1
0,1,0,0,0,0,0,1,-1,1,0,1,1,1,0,0,0,0,0,16,0,0,3,7,4,5,7,3,4,21,28,0,0,0,0,0,0,0,0,7,1,1,0,0,0,0,1,0,0,0,KRBKRNvK,DRAW,5k2/8/1r6/4B2K/8/6R1/8/3n4 b - - 0 1
0,1,0,0,0,0,0,1,-1,1,0,1,1,1,0,0,0,0,0,16,0,0,5,3,6,2,1,2,3,21,24,0,0,0,0,0,0,0,0,7,1,1,0,0,0,0,2,0,1,0,KRBKRNvK,DRAW,8/3K2n1/8/8/8/5r2/2k5/B5R1 b - - 0 1
0,1,0,0,0,0,0,1,-1,1,0,1,1,1,0,0,0,0,0,16,0,0,4,1,7,5,6,5,3,22,26,0,0,0,0,0,0,0,0,7,1,1,0,0,0,0,0,1,1,0,KRBKRNvK,DRAW,1K1B4/5k2/8/5n1r/8/8/8/2R5 b - - 0 1
0,1,0,0,0,0,0,1,-1,1,0,1,1,1,0,0,0,0,0,16,0,0,6,6,7,0,1,5,5,22,25,0,0,0,0,0,0,0,0,7,1,1,0,1,0,0,0,1,1,0,KRBKRNvK,DRAW,6K1/8/1n6/6B1/8/8/k6r/2R5 b - - 0 1
0,1,0,0,0,0,0,1,-1,1,0,1,1,1,0,0,0,0,0,16,0,0,2,3,6,5,4,2,1,3,0,1,0,0,0,0,0,0,0,7,1,1,0,0,0,0,0,4,1,2,KRBKRNvK,DRAW,8/3K4/2R3B1/1n2rk2/8/8/8/8 b - - 0 1
0,1,0,0,0,0,0,1,-1,1,0,1,1,1,0,0,0,0,0,16,0,0,3,4,0,6,3,3,2,22,23,0,0,0,0,0,0,0,0,7,1,1,0,0,0,0,1,0,0,0,KRBKRNvK,DRAW,4n3/1r6/8/8/6k1/8/2B5/4K2R b - - 0 1
0,1,0,0,0,0,0,1,-1,1,0,1,1,1,0,0,0,0,0,16,0,0,7,0,5,7,7,4,6,21,25,0,0,0,0,0,0,0,0,7,1,1,0,0,0,0,2,0,0,0,KRBKRNvK,DRAW,7k/8/K6n/2R5/8/6r1/8/4B3 b - - 0 1
0,1,0,0,0,0,0,1,-1,1,0,1,1,1,0,0,0,0,0,16,0,0,3,3,1,5,4,2,1,9,0,1,0,0,0,0,0,0,0,7,1,1,0,0,0,0,1,2,0,0,KRBKRNvK,DRAW,8/8/8/2n2k2/8/r7/2BK4/1R6 b - - 0 1
1,1,0,0,0,0,0,1,-1,1,0,1,1,1,0,0,0,0,0,16,0,0,6,0,4,6,3,3,2,4,0,1,0,0,0,0,0,0,0,7,1,1,0,0,0,0,2,2,0,1,KRBKRNvK,DRAW,7R/1Bn5/8/K4r2/6k1/8/8/8 w - - 0 1
0,1,0,0,0,0,0,1,-1,1,0,1,1,1,0,0,0,0,0,16,0,0,6,7,0,7,6,6,5,3,0,1,0,0,0,0,0,0,0,7,1,1,0,0,0,0,2,1,1,0,KRBKRNvK,DRAW,8/7k/8/2n4R/B7/1r6/8/7K b - - 0 1
0,1,0,0,0,0,0,1,-1,1,0,1,1,1,0,0,0,0,0,16,0,0,3,3,3,1,0,0,5,21,22,0,0,0,0,0,0,0,0,7,1,1,0,0,0,0,3,2,0,1,KRBKRNvK,DRAW,R7/6B1/8/4r3/3K4/8/8/1k1n4 b - - 0 1
0,1,0,0,0,0,0,1,-1,1,0,1,1,1,0,0,0,0,0,16,0,0,7,0,1,7,2,5,4,2,0,1,0,0,0,0,0,0,0,7,1,1,0,0,0,0,1,1,2,1,KRBKRNvK,DRAW,8/8/8/5B1R/8/2rn3k/K7/8 b - - 0 1
0,1,0,0,0,0,0,1,-1,1,0,1,1,1,0,0,0,0,0,16,0,0,6,2,0,1,6,4,4,30,21,0,0,0,0,0,0,0,0,7,1,1,0,0,0,0,2,0,0,0,KRBKRNvK,DRAW,8/1k6/8/8/3n1R2/6r1/8/2K1B3 b - - 0 1
1,1,0,0,0,0,0,1,-1,1,0,1,1,1,0,0,0,0,0,16,0,0,4,4,1,0,3,2,3,5,0,1,0,0,0,0,0,0,0,7,1,1,0,0,0,0,2,2,2,2,KRBKRNvK,DRAW,8/8/8/2R5/kB3r2/8/4K3/6n1 w - - 0 1
1,1,0,0,0,0,0,1,-1,1,0,1,1,1,0,0,0,0,0,16,0,0,3,4,0,3,3,3,0,23,24,0,0,0,0,0,0,0,0,7,1,1,0,0,0,0,1,3,1,0,KRBKRNvK,DRAW,8/1r6/7n/8/3k4/3B4/8/4KR2 w - - 0 1
1,1,0,0,0,0,0,1,-1,1,0,1,1,1,0,0,0,0,0,16,0,0,5,6,0,6,5,5,3,23,14,0,0,0,0,0,0,0,0,7,1,1,0,0,0,0,3,0,1,1,KRBKRNvK,DRAW,8/8/4B1kr/3R4/8/8/8/4n1K1 w - - 0 1
1,1,0,0,0,0,0,1,-1,1,0,1,1,1,0,0,0,0,0,16,0,0,4,2,7,6,3,4,2,21,20,0,0,0,0,0,0,0,0,7,1,1,0,0,0,0,2,1,0,1,KRBKRNvK,DRAW,2K5/8/4n3/8/6kr/8/8/2BR4 w - - 0 1
1,1,0,0,0,0,0,1,-1,1,0,1,1,1,0,0,0,0,0,16,0,0,4,1,3,1,7,2,5,30,21,0,0,0,0,0,0,0,0,7,1,1,0,0,0,0,2,1,0,0,KRBKRNvK,DRAW,1k5r/8/5R2/8/1K6/5Bn1/8/8 w - - 0 1
0,1,0,0,0,0,0,1,-1,1,0,1,1,1,0,0,0,0,0,16,0,0,3,4,1,1,3,2,2,26,19,0,0,0,0,0,0,0,0,7,1,1,0,0,0,0,1,1,0,0,KRBKRNvK,DRAW,8/8/5rnR/8/1k6/8/4K3/1B6 b - - 0 1
1,1,0,0,0,0,0,1,-1,1,0,1,1,1,0,0,0,0,0,16,0,0,3,3,1,3,4,2,0,27,24,0,0,0,0,0,0,0,0,7,1,1,0,0,0,0,0,3,1,0,KRBKRNvK,DRAW,5B2/8/8/3k4/r7/1R6/3K2n1/8 w - - 0 1
0,1,0,0,0,0,0,1,-1,1,0,1,1,1,0,0,0,0,0,16,0,0,2,1,1,0,3,4,3,2,0,1,0,0,0,0,0,0,0,7,1,1,0,0,0,0,2,0,0,1,KRBKRNvK,DRAW,8/8/6r1/8/k6R/8/1K6/n3B3 b - - 0 1
0,1,0,0,0,0,0,1,-1,1,0,1,1,1,0,0,0,0,0,16,0,0,2,4,6,6,4,2,2,22,21,0,0,0,0,0,0,0,0,7,1,1,1,0,0,0,0,2,1,0,KRBKRNvK,DRAW,8/1R2K3/8/6k1/3n1r2/7B/8/8 b - - 0 1
0,1,0,0,0,0,0,1,-1,1,0,1,1,1,0,0,0,0,0,16,0,0,2,2,4,4,6,1,2,21,18,0,0,0,0,0,0,0,0,7,1,1,0,0,0,0,2,2,0,1,KRBKRNvK,DRAW,1R6/B3k3/8/2Kn4/8/8/8/3r4 b - - 0 1
1,1,0,0,0,0,0,1,-1,1,0,1,1,1,0,0,0,0,0,16,0,0,2,5,4,7,6,1,5,6,0,1,0,0,0,0,0,0,0,7,1,1,0,0,0,0,3,0,0,1,KRBKRNvK,DRAW,8/7k/r1B4n/5K2/8/6R1/8/8 w - - 0 1
0,1,0,0,0,0,0,1,-1,1,0,1,1,1,0,0,0,0,0,16,0,0,3,6,5,4,2,3,1,6,0,1,0,0,0,0,0,0,0,7,1,1,0,0,0,0,2,2,0,0,KRBKRNvK,DRAW,8/2r5/4R1K1/1n6/8/4k2B/8/8 b - - 0 1
0,1,0,0,0,0,0,1,-1,1,0,1,1,1,0,0,0,0,0,16,0,0,2,2,5,0,6,2,5,19,29,0,0,0,0,0,0,0,0,7,1,1,0,0,0,0,2,0,0,0,KRBKRNvK,DRAW,8/k7/2K3R1/4B3/8/1r6/7n/8 b - - 0 1
0,1,0,0,0,0,0,1,-1,1,0,1,1,1,0,0,0,0,0,16,0,0,2,4,3,4,1,0,2,4,0,1,0,0,0,0,0,0,0,7,1,1,1,0,0,0,4,0,1,0,KRBKRNvK,LOSS,8/4R3/n7/8/4K3/3B4/4k3/1r6 b - - 0 1
1,1,0,0,0,0,0,1,-1,1,0,1,1,1,0,0,0,0,0,16,0,0,2,6,1,4,3,4,0,22,18,0,0,0,0,0,0,0,0,7,1,1,0,0,0,0,0,4,1,0,KRBKRNvK,DRAW,8/8/8/6B1/3rk3/8/1n4KR/8 w - - 0 1
1,1,0,0,0,0,0,1,-1,1,0,1,1,1,0,0,0,0,0,16,0,0,7,7,2,0,3,4,3,24,23,0,0,0,0,0,0,0,0,7,1,1,0,0,0,0,1,0,0,0,KRBKRNvK,DRAW,8/B7/2r5/8/k7/7K/5R2/3n4 w - - 0 1
0,1,0,0,0,0,0,1,-1,1,0,1,1,1,0,0,0,0,0,16,0,0,3,0,1,3,1,5,2,22,23,0,0,0,0,0,0,0,0,7,1,1,0,0,0,0,1,2,0,1,KRBKRNvK,DRAW,4n3/8/2R5/8/1r6/8/K2k4/6B1 b - - 0 1
1,1,0,0,0,0,0,1,-1,1,0,1,1,1,0,0,0,0,0,16,0,0,5,0,2,5,6,4,3,27,18,0,0,0,0,0,0,0,0,7,1,1,0,0,0,0,1,0,1,0,KRBKRNvK,DRAW,6R1/5k2/1B3r2/8/8/K7/8/3n4 w - - 0 1
0,1,0,0,0,0,0,1,-1,1,0,1,1,1,0,0,0,0,0,16,0,0,5,2,7,7,7,4,6,20,27,0,0,0,0,0,0,0,0,7,1,1,0,0,0,0,2,2,0,1,KRBKRNvK,DRAW,2K4k/2n5/8/2r5/8/1B6/3R4/8 b - - 0 1
0,1,0,0,0,0,0,1,-1,1,0,1,1,1,0,0,0,0,0,16,0,0,3,4,2,1,2,1,3,7,0,1,0,0,0,0,0,0,0,7,1,1,1,0,0,0,2,2,1,1,KRBKRNvK,DRAW,8/nR6/8/B7/3r4/1k2K3/8/8 b - - 0 1
1,1,0,0,0,0,0,1,-1,1,0,1,1,1,0,0,0,0,0,16,0,0,3,6,0,4,3,5,0,4,0,1,0,0,0,0,0,0,0,7,1,1,0,0,0,0,0,4,0,0,KRBKRNvK,DRAW,8/8/6r1/1Rn5/B3k3/8/8/6K1 w - - 0 1
0,1,0,0,0,0,0,1,-1,1,0,1,1,1,0,0,0,0,0,16,0,0,5,0,3,5,6,3,3,26,25,0,0,0,0,0,0,0,0,7,1,1,0,0,0,0,2,2,0,0,KRBKRNvK,DRAW,3r4/5k2/8/8/KB5R/8/4n3/8 b - - 0 1
1,1,0,0,0,0,0,1,-1,1,0,1,1,1,0,0,0,0,0,16,0,0,4,3,0,5,4,3,1,28,27,0,0,0,0,0,0,0,0,7,1,1,0,0,0,0,1,2,1,0,KRBKRNvK,DRAW,8/2r5/8/4nk2/8/4B3/1R6/3K4 w - - 0 1
1,1,0,0,0,0,0,1,-1,1,0,1,1,1,0,0,0,0,0,16,0,0,2,3,5,1,5,1,3,24,17,0,0,0,0,0,0,0,0,7,1,1,0,0,0,0,4,0,0,2,KRBKRNvK,DRAW,3n1r2/8/1k1K4/8/4R3/5B2/8/8 w - - 0 1
1,1,0,0,0,0,0,1,-1,1,0,1,1,1,0,0,0,0,0,16,0,0,4,3,3,7,1,0,5,25,20,0,0,0,0,0,0,0,0,7,1,1,0,0,0,0,3,0,0,1,KRBKRNvK,DRAW,3B4/8/8/4R3/3K4/1r6/7k/7n w - - 0 1
0,1,0,0,0,0,0,1,-1,1,0,1,1,1,0,0,0,0,0,16,0,0,5,1,7,6,5,5,3,3,0,1,0,0,0,0,0,0,0,7,1,1,1,0,0,0,1,2,1,0,KRBKRNvK,DRAW,1K6/7R/6k1/7r/6n1/8/8/1B6 b - - 0 1
0,1,0,0,0,0,0,1,-1,1,0,1,1,1,0,0,0,0,0,16,0,0,3,6,1,7,4,4,3,25,24,0,0,0,0,0,0,0,0,7,1,1,0,0,0,0,2,1,0,1,KRBKRNvK,DRAW,8/8/1n6/7k/8/5r2/6KB/4R3 b - - 0 1
0,1,0,0,0,0,0,1,-1,1,0,1,1,1,0,0,0,0,0,16,0,0,5,2,6,7,6,3,5,20,27,0,0,0,0,0,0,0,0,7,1,1,0,1,0,0,2,0,0,1,KRBKRNvK,DRAW,1n1R4/2K4k/8/1B6/8/8/5r2/8 b - - 0 1
1,1,0,0,0,0,0,1,-1,1,0,1,1,1,0,0,0,0,0,16,0,0,2,5,7,3,7,4,3,22,21,0,0,0,0,0,0,0,0,7,1,1,0,0,0,0,2,0,1,0,KRBKRNvK,DRAW,3k1K2/8/5R2/8/n7/8/1B6/7r w - - 0 1
0,1,0,0,0,0,0,1,-1,1,0,1,1,1,0,0,0,0,0,16,0,0,4,5,7,4,3,4,0,22,24,0,0,0,0,0,0,0,0,7,1,1,1,0,0,0,1,4,1,0,KRBKRNvK,DRAW,5K2/2R5/8/2B5/4k3/2n5/8/4r3 b - - 0 1
1,1,0,0,0,0,0,1,-1,1,0,1,1,1,0,0,0,0,0,16,0,0,2,7,1,5,0,5,4,4,0,1,0,0,0,0,0,0,0,7,1,1,0,1,0,0,3,3,0,0,KRBKRNvK,DRAW,8/1B6/8/8/1R6/1n6/4r2K/5k2 w - - 0 1
0,1,0,0,0,0,0,1,-1,1,0,1,1,1,0,0,0,0,0,16,0,0,2,4,4,6,2,0,3,4,0,1,0,0,0,0,0,0,0,7,1,1,1,0,0,0,3,1,1,0,KRBKRNvK,DRAW,8/6R1/8/4K3/4B3/1r4k1/5n2/8 b - - 0 1
1,1,0,0,0,0,0,1,-1,1,0,1,1,1,0,0,0,0,0,16,0,0,3,7,2,7,5,4,4,22,20,0,0,0,0,0,0,0,0,7,1,1,1,0,0,0,2,2,1,0,KRBKRNvK,DRAW,8/4R3/7k/8/3r3B/7K/1n6/8 w - - 0 1
0,1,0,0,0,0,0,1,-1,1,0,1,1,1,0,0,0,0,0,16,0,0,6,1,0,7,4,5,3,2,0,1,0,0,0,0,0,0,0,7,1,1,0,0,0,0,2,1,1,0,KRBKRNvK,DRAW,8/7r/8/6Rk/6n1/8/3B4/1K6 b - - 0 1
1,1,0,0,0,0,0,1,-1,1,0,1,1,1,0,0,0,0,0,16,0,0,6,3,6,4,0,2,3,17,14,0,0,0,0,0,0,0,0,7,1,1,0,0,0,0,1,1,1,0,KRBKRNvK,DRAW,8/3K4/8/8/8/R2B4/4n3/3rk3 w - - 0 1
0,1,0,0,0,0,0,1,-1,1,0,1,1,1,0,0,0,0,0,16,0,0,7,7,7,7,0,6,6,2,0,1,0,0,0,0,0,0,0,7,1,1,1,0,0,0,1,1,0,0,KRBKRNvK,DRAW,7K/7R/8/1n6/4B3/5r2/8/7k b - - 0 1
1,1,0,0,0,0,0,1,-1,1,0,1,1,1,0,0,0,0,0,16,0,0,3,5,0,2,3,4,1,3,0,1,0,0,0,0,0,0,0,7,1,1,1,0,0,0,0,3,0,0,KRBKRNvK,DRAW,4B3/1R6/5r2/8/2k5/2n5/8/5K2 w - - 0 1
0,1,0,0,0,0,0,1,-1,1,0,1,1,1,0,0,0,0,0,16,0,0,7,6,0,1,7,5,5,4,0,1,0,0,0,0,0,0,0,7,1,1,0,1,0,0,1,0,0,0,KRBKRNvK,DRAW,1k5R/8/8/8/4n3/8/B1r5/6K1 b - - 0 1
1,1,0,0,0,0,0,1,-1,1,0,1,1,1,0,0,0,0,0,16,0,0,6,7,0,5,6,6,3,24,23,0,0,0,0,0,0,0,0,7,1,1,0,0,0,0,0,2,0,0,KRBKRNvK,DRAW,R7/5k2/8/3r4/8/8/8/2n1B2K w - - 0 1
0,1,0,0,0,0,0,1,-1,1,0,1,1,1,0,0,0,0,0,16,0,0,5,2,3,7,2,1,4,22,31,0,0,0,0,0,0,0,0,7,1,1,0,1,0,0,4,0,0,0,KRBKRNvK,DRAW,8/1B6/8/R6n/2K5/7k/5r2/8 b - - 0 1
0,1,0,0,0,0,0,1,-1,1,0,1,1,1,0,0,0,0,0,16,0,0,3,2,0,5,1,4,3,19,25,0,0,0,0,0,0,0,0,7,1,1,0,0,0,0,2,0,1,0,KRBKRNvK,DRAW,5r2/8/B7/8/n5R1/8/5k2/2K5 b - - 0 1
1,1,0,0,0,0,0,1,-1,1,0,1,1,1,0,0,0,0,0,16,0,0,6,7,1,1,0,5,5,24,23,0,0,0,0,0,0,0,0,7,1,1,0,0,0,0,1,3,0,0,KRBKRNvK,DRAW,5R2/4n3/4r3/8/8/8/7K/1k4B1 w - - 0 1
1,1,0,0,0,0,0,1,-1,1,0,1,1,1,0,0,0,0,0,16,0,0,7,4,7,0,0,3,6,6,0,1,0,0,0,0,0,0,0,7,1,1,0,0,0,0,2,3,0,0,KRBKRNvK,DRAW,1B2K3/8/8/3R4/5n2/8/8/k3r3 w - - 0 1
0,1,0,0,0,0,0,1,-1,1,0,1,1,1,0,0,0,0,0,16,0,0,2,7,2,5,1,4,3,4,0,1,0,0,0,0,0,0,0,7,1,1,0,0,0,0,1,3,1,0,KRBKRNvK,DRAW,8/8/8/8/8/1Bn4K/5kR1/3r4 b - - 0 1
1,1,0,0,0,0,0,1,-1,1,0,1,1,1,0,0,0,0,0,16,0,0,2,2,1,0,1,3,5,22,21,0,0,0,0,0,0,0,0,7,1,1,0,0,0,0,0,2,0,0,KRBKRNvK,WIN,7R/8/2n5/8/8/8/k1K5/3B2r1 w - - 0 1
0,1,0,0,0,0,0,1,-1,1,0,1,1,1,0,0,0,0,0,16,0,0,2,0,1,2,0,5,4,13,23,0,0,0,0,0,0,0,0,7,1,1,0,0,0,0,2,1,1,0,KRBKRNvK,DRAW,8/8/8/6n1/3R4/8/K7/1Bk3r1 b - - 0 1
1,1,0,0,0,0,0,1,-1,1,0,1,1,1,0,0,0,0,0,16,0,0,3,3,0,5,3,3,1,24,20,0,0,0,0,0,0,0,0,7,1,1,0,0,0,0,0,3,1,0,KRBKRNvK,DRAW,8/8/8/8/4rkB1/6n1/2R5/3K4 w - - 0 1
0,1,0,0,0,0,0,1,-1,1,0,1,1,1,0,0,0,0,0,16,0,0,3,0,7,2,4,6,1,20,24,0,0,0,0,0,0,0,0,7,1,1,0,0,0,0,1,3,0,0,KRBKRNvK,DRAW,K5B1/8/8/2k2r2/8/8/n6R/8 b - - 0 1
1,1,0,0,0,0,0,1,-1,1,0,1,1,1,0,0,0,0,0,16,0,0,2,2,0,3,2,4,1,25,20,0,0,0,0,0,0,0,0,7,1,1,0,0,0,0,1,2,1,1,KRBKRNvK,DRAW,8/8/8/8/4nB2/1r1k4/R7/2K5 w - - 0 1
1,1,0,0,0,0,0,1,-1,1,0,1,1,1,0,0,0,0,0,16,0,0,5,3,6,6,1,2,4,26,24,0,0,0,0,0,0,0,0,7,1,1,0,0,0,0,3,3,1,1,KRBKRNvK,DRAW,8/3K4/8/2r5/8/1B2R3/5nk1/8 w - - 0 1
0,1,0,0,0,0,0,1,-1,1,0,1,1,1,0,0,0,0,0,16,0,0,6,5,0,5,6,4,3,8,0,1,0,0,0,0,0,0,0,7,1,1,0,1,0,0,2,3,0,1,KRBKRNvK,DRAW,8/5k2/3n4/R7/8/1B6/3r4/5K2 b - - 0 1
0,1,0,0,0,0,0,1,-1,1,0,1,1,1,0,0,0,0,0,16,0,0,2,2,2,0,0,2,6,1,0,1,0,0,0,0,0,0,0,7,1,1,0,0,0,0,1,3,1,0,KRBKRNvK,DRAW,5B2/8/8/6r1/8/2K2n2/8/k1R5 b - - 0 1
1,1,0,0,0,0,0,1,-1,1,0,1,1,1,0,0,0,0,0,16,0,0,5,1,0,6,5,5,3,28,24,0,0,0,0,0,0,0,0,7,1,1,0,0,0,0,1,3,0,1,KRBKRNvK,DRAW,8/8/1B4k1/8/8/3r1n2/7R/1K6 w - - 0 1
0,1,0,0,0,0,0,1,-1,1,0,1,1,1,0,0,0,0,0,16,0,0,4,5,7,5,3,4,1,4,0,1,0,0,0,0,0,0,0,7,1,1,0,0,0,0,2,2,1,1,KRBKRNvK,DRAW,3n1K2/8/8/8/2R2k2/3B2r1/8/8 b - - 0 1
1,1,0,0,0,0,0,1,-1,1,0,1,1,1,0,0,0,0,0,16,0,0,3,5,4,2,3,1,1,28,14,0,0,0,0,0,0,0,0,7,1,1,0,0,0,0,4,2,2,1,KRBKRNvK,DRAW,8/7n/3B4/5K2/r1k5/8/3R4/8 w - - 0 1
0,1,0,0,0,0,0,1,-1,1,0,1,1,1,0,0,0,0,0,16,0,0,5,2,7,7,6,4,5,4,0,1,0,0,0,0,0,0,0,7,1,1,1,0,0,0,3,2,0,0,KRBKRNvK,DRAW,2K5/3R3k/8/8/6r1/2B5/8/7n b - - 0 1
0,1,0,0,0,0,0,1,-1,1,0,1,1,1,0,0,0,0,0,16,0,0,7,0,4,7,5,3,4,21,26,0,0,0,0,0,0,0,0,7,1,1,1,0,0,0,1,0,0,0,KRBKRNvK,DRAW,8/1R6/7k/K7/8/7n/7B/5r2 b - - 0 1
0,1,0,0,0,0,0,1,-1,1,0,1,1,1,0,0,0,0,0,16,0,0,4,4,7,0,3,3,3,4,0,1,0,0,0,0,0,0,0,7,1,1,0,1,0,0,3,1,1,0,KRBKRNvK,DRAW,4K3/8/8/2B5/k2R4/8/r2n4/8 b - - 0 1
1,1,0,0,0,0,0,1,-1,1,0,1,1,1,0,0,0,0,0,16,0,0,2,6,4,5,6,2,3,30,22,0,0,0,0,0,0,0,0,7,1,1,0,1,0,0,1,2,1,0,KRBKRNvK,DRAW,8/5k2/R7/5BK1/8/8/4r3/4n3 w - - 0 1
1,1,0,0,0,0,0,1,-1,1,0,1,1,1,0,0,0,0,0,16,0,0,3,4,4,1,3,0,2,24,20,0,0,0,0,0,0,0,0,7,1,1,0,0,0,0,3,0,1,0,KRBKRNvK,DRAW,8/4B3/3R4/4K2n/1k6/1r6/8/8 w - - 0 1
1,1,0,0,0,0,0,1,-1,1,0,1,1,1,0,0,0,0,0,16,0,0,5,6,7,4,2,5,1,27,25,0,0,0,0,0,0,0,0,7,1,1,0,0,0,0,2,4,0,0,KRBKRNvK,DRAW,6K1/8/2B2R2/8/2n5/4k3/8/3r4 w - - 0 1
1,1,0,0,0,0,0,1,-1,1,0,1,1,1,0,0,0,0,0,16,0,0,6,6,3,0,0,2,6,4,0,1,0,0,0,0,0,0,0,7,1,1,1,0,0,0,1,2,0,2,KRBKRNvK,DRAW,8/6R1/3B4/4r3/6K1/8/7n/k7 w - - 0 1
0,1,0,0,0,0,0,1,-1,1,0,1,1,1,0,0,0,0,0,16,0,0,2,4,3,2,2,0,2,5,0,1,0,0,0,0,0,0,0,7,1,1,0,0,0,0,4,3,1,0,KRBKRNvK,DRAW,4n3/8/8/1r6/4K1B1/2k1R3/8/8 b - - 0 1
1,1,0,0,0,0,0,1,-1,1,0,1,1,1,0,0,0,0,0,16,0,0,6,2,6,6,0,3,5,6,0,1,0,0,0,0,0,0,0,7,1,1,0,0,0,0,2,2,1,0,KRBKRNvK,DRAW,8/2K5/8/5B2/2r5/4R3/n7/6k1 w - - 0 1
0,1,0,0,0,0,0,1,-1,1,0,1,1,1,0,0,0,0,0,16,0,0,7,0,1,7,1,5,5,4,0,1,0,0,0,0,0,0,0,7,1,1,0,0,0,0,3,3,0,0,KRBKRNvK,DRAW,8/8/5n2/1r6/8/8/K2R3k/1B6 b - - 0 1
1,1,0,0,0,0,0,1,-1,1,0,1,1,1,0,0,0,0,0,16,0,0,4,1,1,5,0,4,4,29,15,0,0,0,0,0,0,0,0,7,1,1,0,0,0,0,2,0,0,0,KRBKRNvK,DRAW,8/8/2r5/2B5/2R5/8/1K5n/5k2 w - - 0 1
0,1,0,0,0,0,0,1,-1,1,0,1,1,1,0,0,0,0,0,16,0,0,4,4,2,0,6,1,5,4,0,1,0,0,0,0,0,0,0,7,1,1,1,1,0,0,3,2,1,2,KRBKRNvK,DRAW,8/k1R5/4B3/8/8/4K3/3r4/4n3 b - - 0 1
1,1,0,0,0,0,0,1,-1,1,0,1,1,1,0,0,0,0,0,16,0,0,3,7,1,4,2,5,1,28,19,0,0,0,0,0,0,0,0,7,1,1,0,0,0,0,2,3,1,1,KRBKRNvK,DRAW,8/4r3/8/8/7n/4kB2/R6K/8 w - - 0 1
0,1,0,0,0,0,0,1,-1,1,0,1,1,1,0,0,0,0,0,16,0,0,2,0,2,2,1,4,3,20,17,0,0,0,0,0,0,0,0,7,1,1,0,0,0,0,2,1,0,0,KRBKRNvK,DRAW,8/1r6/8/8/8/K7/2k1n2R/7B b - - 0 1
0,1,0,0,0,0,0,1,-1,1,0,1,1,1,0,0,0,0,0,16,0,0,3,1,7,1,4,5,2,25,26,0,0,0,0,0,0,0,0,7,1,1,0,0,0,0,0,2,0,0,KRBKRNvK,DRAW,1K6/4B3/5n2/1k6/8/6R1/8/5r2 b - - 0 1
0,1,0,0,0,0,0,1,-1,1,0,1,1,1,0,0,0,0,0,16,0,0,5,2,6,4,1,3,2,24,24,0,0,0,0,0,0,0,0,7,1,1,1,0,0,0,2,2,0,1,KRBKRNvK,DRAW,8/1BK2R2/4r3/8/8/3n4/4k3/8 b - - 0 1
1,1,0,0,0,0,0,1,-1,1,0,1,1,1,0,0,0,0,0,16,0,0,4,7,7,3,4,6,0,3,0,1,0,0,0,0,0,0,0,7,1,1,0,0,0,0,2,3,1,0,KRBKRNvK,LOSS,7K/8/8/3k1B2/7r/6n1/4R3/8 w - - 0 1
0,1,0,0,0,0,0,1,-1,1,0,1,1,1,0,0,0,0,0,16,0,0,2,1,7,1,5,5,3,5,0,1,0,0,0,0,0,0,0,7,1,1,0,1,0,0,1,2,0,0,KRBKRNvK,DRAW,1K6/8/1k5R/4n3/5B2/8/4r3/8 b - - 0 1
1,1,0,0,0,0,0,1,-1,1,0,1,1,1,0,0,0,0,0,16,0,0,5,7,7,2,5,6,2,27,20,0,0,0,0,0,0,0,0,7,1,1,1,0,0,0,3,2,1,0,KRBKRNvK,DRAW,7K/4R3/2k5/8/8/1rB3n1/8/8 w - - 0 1
0,1,0,0,0,0,0,1,-1,1,0,1,1,1,0,0,0,0,0,16,0,0,2,6,6,4,6,4,2,20,25,0,0,0,0,0,0,0,0,7,1,1,0,0,0,0,3,0,0,0,KRBKRNvK,DRAW,n7/4k1K1/8/8/1R6/1B6/8/2r5 b - - 0 1
0,1,0,0,0,0,0,1,-1,1,0,1,1,1,0,0,0,0,0,16,0,0,4,1,4,2,0,2,4,22,26,0,0,0,0,0,0,0,0,7,1,1,0,0,0,0,3,1,0,0,KRBKRNvK,DRAW,8/8/6B1/1K6/4R1n1/8/8/2k4r b - - 0 1
1,1,0,0,0,0,0,1,-1,1,0,1,1,1,0,0,0,0,0,16,0,0,3,0,1,3,1,5,2,24,25,0,0,0,0,0,0,0,0,7,1,1,0,0,0,0,1,3,1,1,KRBKRNvK,DRAW,8/8/1B6/8/2r5/5n2/K2k4/1R6 w - - 0 1
0,1,0,0,0,0,0,1,-1,1,0,1,1,1,0,0,0,0,0,16,0,0,2,6,6,6,4,4,2,22,18,0,0,0,0,0,0,0,0,7,1,1,0,0,0,0,0,2,0,1,KRBKRNvK,DRAW,6nB/6K1/8/6k1/r7/1R6/8/8 b - - 0 1
1,1,0,0,0,0,0,1,-1,1,0,1,1,1,0,0,0,0,0,16,0,0,7,0,6,7,3,5,3,23,20,0,0,0,0,0,0,0,0,7,1,1,0,0,0,0,2,2,0,0,KRBKRNvK,DRAW,3rB3/K7/8/5n2/7k/4R3/8/8 w - - 0 1
1,1,0,0,0,0,0,1,-1,1,0,1,1,1,0,0,0,0,0,16,0,0,2,6,4,4,3,2,0,27,18,0,0,0,0,0,0,0,0,7,1,1,0,0,0,0,1,3,0,0,KRBKRNvK,WIN,4n3/8/7R/6K1/4k3/1B6/8/1r6 w - - 0 1
0,1,0,0,0,0,0,1,-1,1,0,1,1,1,0,0,0,0,0,16,0,0,4,0,1,1,5,5,3,21,22,0,0,0,0,0,0,0,0,7,1,1,1,0,0,0,2,1,1,1,KRBKRNvK,DRAW,2B5/4R3/1k6/2n5/8/1r6/K7/8 b - - 0 1
0,1,0,0,0,0,0,1,-1,1,0,1,1,1,0,0,0,0,0,16,0,0,5,2,4,7,6,1,5,3,0,1,0,0,0,0,0,0,0,7,1,1,0,0,0,0,3,0,1,0,KRBKRNvK,DRAW,7n/7k/6r1/2K4R/8/8/8/5B2 b - - 0 1
0,1,0,0,0,0,0,1,-1,1,0,1,1,1,0,0,0,0,0,16,0,0,3,3,3,6,2,0,3,30,22,0,0,0,0,0,0,0,0,7,1,1,0,1,0,0,3,2,0,1,KRBKRNvK,DRAW,8/8/1R3n2/1B6/3K4/6k1/r7/8 b - - 0 1
0,1,0,0,0,0,0,1,-1,1,0,1,1,1,0,0,0,0,0,16,0,0,6,0,7,5,1,6,3,6,0,1,0,0,0,0,0,0,0,7,1,1,0,0,0,0,1,0,1,0,KRBKRNvK,DRAW,K7/8/5R2/8/8/2r5/5k1B/6n1 b - - 0 1
1,1,0,0,0,0,0,1,-1,1,0,1,1,1,0,0,0,0,0,16,0,0,5,1,1,6,0,4,5,5,0,1,0,0,0,0,0,0,0,7,1,1,0,0,0,0,2,3,0,2,KRBKRNvK,DRAW,8/8/8/B7/1r3R2/3n4/1K6/6k1 w - - 0 1
0,1,0,0,0,0,0,1,-1,1,0,1,1,1,0,0,0,0,0,16,0,0,2,7,2,7,4,4,3,2,0,1,0,0,0,0,0,0,0,7,1,1,0,0,0,0,2,2,0,0,KRBKRNvK,DRAW,5n2/8/8/2R4k/r7/7K/8/5B2 b - - 0 1
1,1,0,0,0,0,0,1,-1,1,0,1,1,1,0,0,0,0,0,16,0,0,4,1,5,2,1,3,3,25,24,0,0,0,0,0,0,0,0,7,1,1,1,0,0,0,0,1,0,0,KRBKRNvK,DRAW,5B2/R7/1K6/8/8/2r5/2kn4/8 w - - 0 1
1,1,0,0,0,0,0,1,-1,1,0,1,1,1,0,0,0,0,0,16,0,0,4,2,3,6,7,1,5,26,18,0,0,0,0,0,0,0,0,7,1,1,0,0,0,0,3,0,0,0,KRBKRNvK,DRAW,4n1k1/6r1/8/B7/2K2R2/8/8/8 w - - 0 1
0,1,0,0,0,0,0,1,-1,1,0,1,1,1,0,0,0,0,0,16,0,0,7,3,0,1,7,3,5,26,20,0,0,0,0,0,0,0,0,7,1,1,0,0,0,0,1,2,0,1,KRBKRNvK,DRAW,1k6/r7/8/8/8/1B3nR1/8/3K4 b - - 0 1
1,1,0,0,0,0,0,1,-1,1,0,1,1,1,0,0,0,0,0,16,0,0,5,5,6,0,3,3,3,24,18,0,0,0,0,0,0,0,0,7,1,1,1,0,0,0,0,2,0,0,KRBKRNvK,DRAW,8/2R2K2/8/r6B/k7/8/8/4n3 w - - 0 1
0,1,0,0,0,0,0,1,-1,1,0,1,1,1,0,0,0,0,0,16,0,0,6,2,1,6,7,3,5,24,25,0,0,0,0,0,0,0,0,7,1,1,0,0,0,0,0,2,0,1,KRBKRNvK,DRAW,6k1/8/1R6/6B1/3r1n2/8/2K5/8 b - - 0 1
1,1,0,0,0,0,0,1,-1,1,0,1,1,1,0,0,0,0,0,16,0,0,3,3,3,3,0,0,3,26,17,0,0,0,0,0,0,0,0,7,1,1,0,0,0,0,3,2,2,0,KRBKRNvK,WIN,8/8/8/r7/3K4/1B6/2R5/3k3n w - - 0 1
0,1,0,0,0,0,0,1,-1,1,0,1,1,1,0,0,0,0,0,16,0,0,2,5,1,3,1,3,2,25,26,0,0,0,0,0,0,0,0,7,1,1,0,0,0,0,2,2,0,0,KRBKRNvK,DRAW,R7/4n3/8/2r5/8/8/3k1KB1/8 b - - 0 1
0,1,0,0,0,0,0,1,-1,1,0,1,1,1,0,0,0,0,0,16,0,0,5,0,5,4,0,4,3,20,28,0,0,0,0,0,0,0,0,7,1,1,1,0,0,0,3,2,0,0,KRBKRNvK,DRAW,8/3R4/K7/8/6r1/8/1B6/1n2k3 b - - 0 1
0,1,0,0,0,0,0,1,-1,1,0,1,1,1,0,0,0,0,0,16,0,0,3,0,3,2,6,3,3,3,0,1,0,0,0,0,0,0,0,7,1,1,0,0,0,0,2,1,1,0,KRBKRNvK,DRAW,3B4/1rk5/8/8/K7/8/4n3/3R4 b - - 0 1
0,1,0,0,0,0,0,1,-1,1,0,1,1,1,0,0,0,0,0,16,0,0,4,2,6,3,2,3,1,24,25,0,0,0,0,0,0,0,0,7,1,1,0,0,0,0,0,3,0,2,KRBKRNvK,DRAW,8/2K5/R7/n3r3/6B1/3k4/8/8 b - - 0 1
0,1,0,0,0,0,0,1,-1,1,0,1,1,1,0,0,0,0,0,16,0,0,2,3,3,4,5,0,1,3,0,1,0,0,0,0,0,0,0,7,1,1,0,0,0,0,3,2,2,0,KRBKRNvK,DRAW,8/8/4k1B1/4R3/3K4/8/8/r5n1 b - - 0 1
0,1,0,0,0,0,0,1,-1,1,0,1,1,1,0,0,0,0,0,16,0,0,4,5,6,6,2,3,3,21,26,0,0,0,0,0,0,0,0,7,1,1,0,0,0,0,0,2,1,1,KRBKRNvK,DRAW,4n3/5K2/1R6/8/6r1/6k1/4B3/8 b - - 0 1
0,1,0,0,0,0,0,1,-1,1,0,1,1,1,0,0,0,0,0,16,0,0,4,0,5,3,1,4,2,16,28,0,0,0,0,0,0,0,0,7,1,1,0,1,0,0,1,1,1,0,KRBKRNvK,DRAW,8/5B2/K7/8/4n3/8/3kr3/1R6 b - - 0 1
0,1,0,0,0,0,0,1,-1,1,0,1,1,1,0,0,0,0,0,16,0,0,3,3,6,0,4,2,3,5,0,1,0,0,0,0,0,0,0,7,1,1,0,0,0,0,2,2,1,0,KRBKRNvK,DRAW,8/3K4/8/k7/4r3/2B4n/5R2/8 b - - 0 1
0,1,0,0,0,0,0,1,-1,1,0,1,1,1,0,0,0,0,0,16,0,0,4,6,3,7,7,2,6,2,0,1,0,0,0,0,0,0,0,7,1,1,0,1,0,0,3,0,0,0,KRBKRNvK,DRAW,4R2k/8/8/8/6K1/8/1r6/6nB b - - 0 1
0,1,0,0,0,0,0,1,-1,1,0,1,1,1,0,0,0,0,0,16,0,0,3,1,6,2,3,4,1,21,21,0,0,0,0,0,0,0,0,7,1,1,0,0,0,0,0,2,0,1,KRBKRNvK,DRAW,3B1R2/1K6/2r5/8/2k5/8/1n6/8 b - - 0 1
1,1,0,0,0,0,0,1,-1,1,0,1,1,1,0,0,0,0,0,16,0,0,4,2,4,0,0,1,6,7,0,1,0,0,0,0,0,0,0,7,1,1,0,0,0,0,3,0,0,1,KRBKRNvK,DRAW,8/n7/8/B1K5/7R/8/8/k1r5 w - - 0 1
0,1,0,0,0,0,0,1,-1,1,0,1,1,1,0,0,0,0,0,16,0,0,5,1,2,2,7,3,4,2,0,1,0,0,0,0,0,0,0,7,1,1,0,0,0,0,1,1,2,1,KRBKRNvK,DRAW,1Bk1R3/4n3/8/8/8/1K6/8/2r5 b - - 0 1
1,1,0,0,0,0,0,1,-1,1,0,1,1,1,0,0,0,0,0,16,0,0,6,1,5,7,4,3,3,7,0,1,0,0,0,0,0,0,0,7,1,1,0,0,0,0,0,2,0,1,KRBKRNvK,DRAW,n1B5/8/1K6/7k/4r3/8/2R5/8 w - - 0 1
0,1,0,0,0,0,0,1,-1,1,0,1,1,1,0,0,0,0,0,16,0,0,2,2,0,2,2,4,2,2,0,1,0,0,0,0,0,0,0,7,1,1,0,0,0,0,1,2,1,1,KRBKRNvK,DRAW,8/8/3B4/8/7r/R1k5/1n6/2K5 b - - 0 1
1,1,0,0,0,0,0,1,-1,1,0,1,1,1,0,0,0,0,0,16,0,0,4,5,7,1,3,4,2,24,23,0,0,0,0,0,0,0,0,7,1,1,0,1,0,0,2,2,1,0,KRBKRNvK,DRAW,5K2/8/2B2R2/8/1k6/8/4r3/2n5 w - - 0 1
0,1,0,0,0,0,0,1,-1,1,0,1,1,1,0,0,0,0,0,16,0,0,5,0,5,5,5,4,2,26,19,0,0,0,0,0,0,0,0,7,1,1,0,0,0,0,0,1,0,0,KRBKRNvK,WIN,7r/3n4/K4k2/8/8/8/8/1RB5 b - - 0 1
0,1,0,0,0,0,0,1,-1,1,0,1,1,1,0,0,0,0,0,16,0,0,5,1,4,6,3,2,2,28,23,0,0,0,0,0,0,0,0,7,1,1,0,0,0,0,3,2,1,1,KRBKRNvK,DRAW,8/8/4n3/1K6/2r3k1/8/4R3/6B1 b - - 0 1
1,1,0,0,0,0,0,1,-1,1,0,1,1,1,0,0,0,0,0,16,0,0,6,4,7,1,1,3,4,3,0,1,0,0,0,0,0,0,0,7,1,1,0,0,0,0,2,1,1,0,KRBKRNvK,DRAW,4K2r/8/8/2n5/6R1/3B4/1k6/8 w - - 0 1
1,1,0,0,0,0,0,1,-1,1,0,1,1,1,0,0,0,0,0,16,0,0,5,6,3,1,1,2,4,27,24,0,0,0,0,0,0,0,0,7,1,1,1,0,0,0,2,0,1,1,KRBKRNvK,DRAW,8/3R4/7r/8/6K1/1B6/1k6/5n2 w - - 0 1
1,1,0,0,0,0,0,1,-1,1,0,1,1,1,0,0,0,0,0,16,0,0,5,2,5,7,1,2,5,7,0,1,0,0,0,0,0,0,0,7,1,1,0,1,0,0,2,0,1,1,KRBKRNvK,DRAW,8/B7/2K5/4n3/8/8/5r1k/5R2 w - - 0 1
0,1,0,0,0,0,0,1,-1,1,0,1,1,1,0,0,0,0,0,16,0,0,6,1,6,3,0,4,3,2,0,1,0,0,0,0,0,0,0,7,1,1,0,0,0,0,1,2,1,1,KRBKRNvK,LOSS,8/1K6/6n1/3r4/8/1B6/8/R2k4 b - - 0 1
0,1,0,0,0,0,0,1,-1,1,0,1,1,1,0,0,0,0,0,16,0,0,4,5,0,7,4,4,3,2,0,1,0,0,0,0,0,0,0,7,1,1,0,0,0,0,3,2,1,0,KRBKRNvK,DRAW,8/8/4R3/n5rk/8/5B2/8/5K2 b - - 0 1
0,1,0,0,0,0,0,1,-1,1,0,1,1,1,0,0,0,0,0,16,0,0,5,0,0,5,4,6,1,19,27,0,0,0,0,0,0,0,0,7,1,1,0,0,0,0,1,2,2,0,KRBKRNvK,DRAW,8/5r2/3B4/5k2/8/7R/8/K2n4 b - - 0 1
0,1,0,0,0,0,0,1,-1,1,0,1,1,1,0,0,0,0,0,16,0,0,5,6,2,1,3,3,2,12,28,0,0,0,0,0,0,0,0,7,1,1,1,0,0,0,2,0,0,0,KRBKRNvK,DRAW,8/4R3/8/n3B3/rk6/6K1/8/8 b - - 0 1
0,1,0,0,0,0,0,1,-1,1,0,1,1,1,0,0,0,0,0,16,0,0,6,2,6,4,0,3,3,2,0,1,0,0,0,0,0,0,0,7,1,1,0,0,0,0,2,2,1,1,KRBKRNvK,DRAW,8/2K5/3n4/8/8/1B2r3/8/3Rk3 b - - 0 1
0,1,0,0,0,0,0,1,-1,1,0,1,1,1,0,0,0,0,0,16,0,0,3,3,4,6,5,0,3,7,0,1,0,0,0,0,0,0,0,7,1,1,0,1,0,0,3,1,0,1,KRBKRNvK,DRAW,8/8/R5k1/Bn1K4/8/8/6r1/8 b - - 0 1
0,1,0,0,0,0,0,1,-1,1,0,1,1,1,0,0,0,0,0,16,0,0,3,7,0,6,3,6,2,24,24,0,0,0,0,0,0,0,0,7,1,1,0,1,0,0,2,2,0,1,KRBKRNvK,DRAW,3R4/8/1B6/8/6k1/8/4r1n1/7K b - - 0 1
0,1,0,0,0,0,0,1,-1,1,0,1,1,1,0,0,0,0,0,16,0,0,4,5,0,7,4,4,3,25,24,0,0,0,0,0,0,0,0,7,1,1,0,0,0,0,2,3,2,0,KRBKRNvK,DRAW,4r3/8/5B2/5n1k/8/5R2/8/5K2 b - - 0 1
0,1,0,0,0,0,0,1,-1,1,0,1,1,1,0,0,0,0,0,16,0,0,2,1,0,1,2,5,3,6,0,1,0,0,0,0,0,0,0,7,1,1,0,0,0,0,1,0,0,1,KRBKRNvK,DRAW,2r5/5B2/8/8/8/1k6/1n3R2/1K6 b - - 0 1
1,1,0,0,0,0,0,1,-1,1,0,1,1,1,0,0,0,0,0,16,0,0,5,2,0,7,3,4,3,3,0,1,0,0,0,0,0,0,0,7,1,1,0,0,0,0,1,1,0,0,KRBKRNvK,DRAW,8/8/8/8/5n1k/1B6/1R6/2K4r w - - 0 1
0,1,0,0,0,0,0,1,-1,1,0,1,1,1,0,0,0,0,0,16,0,0,4,6,5,3,1,3,2,24,28,0,0,0,0,0,0,0,0,7,1,1,0,0,0,0,3,0,1,0,KRBKRNvK,DRAW,2r5/1n6/6K1/5R2/8/5B2/3k4/8 b - - 0 1
0,1,0,0,0,0,0,1,-1,1,0,1,1,1,0,0,0,0,0,16,0,0,4,1,7,3,3,5,0,21,25,0,0,0,0,0,0,0,0,7,1,1,0,0,0,0,1,3,1,0,KRBKRNvK,DRAW,1K6/8/1R6/8/3k4/8/B7/1n3r2 b - - 0 1
1,1,0,0,0,0,0,1,-1,1,0,1,1,1,0,0,0,0,0,16,0,0,2,2,4,2,6,1,3,22,24,0,0,0,0,0,0,0,0,7,1,1,0,0,0,0,2,3,1,1,KRBKRNvK,DRAW,8/2k5/1R6/2K5/6r1/4n3/B7/8 w - - 0 1
1,1,0,0,0,0,0,1,-1,1,0,1,1,1,0,0,0,0,0,16,0,0,2,4,1,5,3,2,1,6,0,1,0,0,0,0,0,0,0,7,1,1,0,0,0,0,0,2,1,1,KRBKRNvK,DRAW,r7/8/R7/8/3n1k2/7B/4K3/8 w - - 0 1
1,1,0,0,0,0,0,1,-1,1,0,1,1,1,0,0,0,0,0,16,0,0,3,1,5,4,6,3,2,3,0,1,0,0,0,0,0,0,0,7,1,1,0,0,0,0,0,2,0,2,KRBKRNvK,DRAW,8/4k3/1K6/r7/B1n5/8/8/7R w - - 0 1
1,1,0,0,0,0,0,1,-1,1,0,1,1,1,0,0,0,0,0,16,0,0,2,2,7,1,5,4,3,24,22,0,0,0,0,0,0,0,0,7,1,1,0,0,0,0,3,2,0,0,KRBKRNvK,DRAW,2K5/8/1k6/8/7R/5n2/B7/5r2 w - - 0 1
1,1,0,0,0,0,0,1,-1,1,0,1,1,1,0,0,0,0,0,16,0,0,4,6,4,2,5,2,2,27,24,0,0,0,0,0,0,0,0,7,1,1,0,0,0,0,2,1,1,0,KRBKRNvK,DRAW,3R4/r7/1nk5/6K1/8/8/8/2B5 w - - 0 1
1,1,0,0,0,0,0,1,-1,1,0,1,1,1,0,0,0,0,0,16,0,0,5,0,4,5,2,3,2,22,23,0,0,0,0,0,0,0,0,7,1,1,1,0,0,0,0,3,0,0,KRBKRNvK,DRAW,8/1R6/B2r4/K7/8/5k2/8/7n w - - 0 1
1,1,0,0,0,0,0,1,-1,1,0,1,1,1,0,0,0,0,0,16,0,0,6,6,6,7,0,4,6,6,0,1,0,0,0,0,0,0,0,7,1,1,0,0,0,0,2,2,0,1,KRBKRNvK,DRAW,3n4/4r1K1/8/8/R5B1/8/8/7k w - - 0 1
1,1,0,0,0,0,0,1,-1,1,0,1,1,1,0,0,0,0,0,16,0,0,4,1,6,1,2,4,3,26,25,0,0,0,0,0,0,0,0,7,1,1,0,0,0,0,2,0,0,0,KRBKRNvK,DRAW,8/1K5n/4R3/8/7B/1k6/8/2r5 w - - 0 1
0,1,0,0,0,0,0,1,-1,1,0,1,1,1,0,0,0,0,0,16,0,0,5,4,7,4,2,3,1,26,25,0,0,0,0,0,0,0,0,7,1,1,1,0,0,0,0,2,0,0,KRBKRNvK,DRAW,3BK3/R7/8/7n/8/4k3/8/2r5 b - - 0 1
0,1,0,0,0,0,0,1,-1,1,0,1,1,1,0,0,0,0,0,16,0,0,5,7,7,7,2,6,4,27,18,0,0,0,0,0,0,0,0,7,1,1,0,1,0,0,2,2,0,0,KRBKRNvK,DRAW,3R3K/8/8/8/8/5n1k/2r5/1B6 b - - 0 1
1,1,0,0,0,0,0,1,-1,1,0,1,1,1,0,0,0,0,0,16,0,0,3,2,0,1,3,4,2,5,0,1,0,0,0,0,0,0,0,7,1,1,0,0,0,0,0,0,0,1,KRBKRNvK,DRAW,7R/5r2/8/8/1k6/8/n3B3/2K5 w - - 0 1
0,1,0,0,0,0,0,1,-1,1,0,1,1,1,0,0,0,0,0,16,0,0,6,1,5,7,6,3,5,21,22,0,0,0,0,0,0,0,0,7,1,1,0,1,0,0,0,3,1,0,KRBKRNvK,DRAW,8/7k/RK6/6B1/8/8/3r1n2/8 b - - 0 1
0,1,0,0,0,0,0,1,-1,1,0,1,1,1,0,0,0,0,0,16,0,0,3,6,4,5,7,2,4,23,28,0,0,0,0,0,0,0,0,7,1,1,0,0,0,0,3,2,0,0,KRBKRNvK,DRAW,5k2/3r4/8/6K1/2B4R/1n6/8/8 b - - 0 1
0,1,0,0,0,0,0,1,-1,1,0,1,1,1,0,0,0,0,0,16,0,0,5,7,5,2,7,4,4,25,21,0,0,0,0,0,0,0,0,7,1,1,0,0,0,0,1,3,0,0,KRBKRNvK,DRAW,2k5/8/5B1K/4r3/2n5/8/5R2/8 b - - 0 1
1,1,0,0,0,0,0,1,-1,1,0,1,1,1,0,0,0,0,0,16,0,0,4,4,0,0,3,3,3,23,21,0,0,0,0,0,0,0,0,7,1,1,1,1,0,0,2,0,1,1,KRBKRNvK,DRAW,2n5/3R4/8/8/k7/8/B1r5/4K3 w - - 0 1
0,1,0,0,0,0,0,1,-1,1,0,1,1,1,0,0,0,0,0,16,0,0,4,3,2,7,5,1,4,17,31,0,0,0,0,0,0,0,0,7,1,1,0,0,0,0,3,0,1,0,KRBKRNvK,DRAW,r5n1/5B2/7k/8/1R6/3K4/8/8 b - - 0 1
1,1,0,0,0,0,0,1,-1,1,0,1,1,1,0,0,0,0,0,16,0,0,4,6,2,2,1,3,3,26,21,0,0,0,0,0,0,0,0,7,1,1,0,0,0,0,2,1,1,0,KRBKRNvK,DRAW,8/8/4n2r/8/8/6K1/2k3B1/1R6 w - - 0 1
1,1,0,0,0,0,0,1,-1,1,0,1,1,1,0,0,0,0,0,16,0,0,2,3,4,2,2,0,2,5,0,1,0,0,0,0,0,0,0,7,1,1,0,0,0,0,3,2,0,1,KRBKRNvK,DRAW,8/8/8/3K4/5nBr/2k5/7R/8 w - - 0 1
1,1,0,0,0,0,0,1,-1,1,0,1,1,1,0,0,0,0,0,16,0,0,3,2,7,4,4,4,0,20,24,0,0,0,0,0,0,0,0,7,1,1,1,0,0,0,0,3,1,0,KRBKRNvK,DRAW,2K5/1R1B4/8/4k3/8/8/6n1/5r2 w - - 0 1
1,1,0,0,0,0,0,1,-1,1,0,1,1,1,0,0,0,0,0,16,0,0,5,2,0,1,5,4,3,27,24,0,0,0,0,0,0,0,0,7,1,1,0,0,0,0,2,0,0,0,KRBKRNvK,DRAW,8/4B3/1k6/8/8/6r1/3R4/2K2n2 w - - 0 1
0,1,0,0,0,0,0,1,-1,1,0,1,1,1,0,0,0,0,0,16,0,0,2,1,2,3,0,3,3,23,26,0,0,0,0,0,0,0,0,7,1,1,1,0,0,0,3,1,0,0,KRBKRNvK,DRAW,B7/4R3/7r/8/8/1K6/4n3/3k4 b - - 0 1
0,1,0,0,0,0,0,1,-1,1,0,1,1,1,0,0,0,0,0,16,0,0,6,1,7,0,1,5,5,21,20,0,0,0,0,0,0,0,0,7,1,1,1,1,0,0,0,0,0,0,KRBKRNvK,DRAW,1K6/4B2R/8/n7/8/8/k1r5/8 b - - 0 1
0,1,0,0,0,0,0,1,-1,1,0,1,1,1,0,0,0,0,0,16,0,0,3,5,3,2,3,1,1,6,0,1,0,0,0,0,0,0,0,7,1,1,0,0,0,0,3,2,1,1,KRBKRNvK,DRAW,8/8/4B3/5n1R/2k2K2/r7/8/8 b - - 0 1
0,1,0,0,0,0,0,1,-1,1,0,1,1,1,0,0,0,0,0,16,0,0,3,7,4,4,5,3,1,26,31,0,0,0,0,0,0,0,0,7,1,1,0,1,0,0,1,2,1,0,KRBKRNvK,DRAW,8/8/1n2k3/7K/4B3/8/2r5/R7 b - - 0 1
1,1,0,0,0,0,0,1,-1,1,0,1,1,1,0,0,0,0,0,16,0,0,3,6,6,5,3,4,1,7,0,1,0,0,0,0,0,0,0,7,1,1,1,0,0,0,2,2,0,0,KRBKRNvK,DRAW,B7/r5KR/8/8/5k2/6n1/8/8 w - - 0 1
1,1,0,0,0,0,0,1,-1,1,0,1,1,1,0,0,0,0,0,16,0,0,4,2,1,0,5,3,4,6,0,1,0,0,0,0,0,0,0,7,1,1,0,1,0,0,2,0,0,0,KRBKRNvK,DRAW,8/4B3/k7/8/8/8/2K2rn1/3R4 w - - 0 1
1,1,0,0,0,0,0,1,-1,1,0,1,1,1,0,0,0,0,0,16,0,0,6,0,3,6,6,3,4,4,0,1,0,0,0,0,0,0,0,7,1,1,0,0,0,0,1,2,0,0,KRBKRNvK,DRAW,8/6k1/8/8/K2r4/2R3B1/8/1n6 w - - 0 1
0,1,0,0,0,0,0,1,-1,1,0,1,1,1,0,0,0,0,0,16,0,0,4,2,1,6,2,3,3,22,26,0,0,0,0,0,0,0,0,7,1,1,0,0,0,0,3,2,1,1,KRBKRNvK,DRAW,8/8/8/7R/1r6/3B2k1/2K5/5n2 b - - 0 1
1,1,0,0,0,0,0,1,-1,1,0,1,1,1,0,0,0,0,0,16,0,0,2,5,5,3,7,2,3,5,0,1,0,0,0,0,0,0,0,7,1,1,0,1,0,0,1,0,0,0,KRBKRNvK,DRAW,3k4/8/5K2/8/8/8/1n3r2/B6R w - - 0 1
1,1,0,0,0,0,0,1,-1,1,0,1,1,1,0,0,0,0,0,16,0,0,5,7,2,2,5,4,2,23,21,0,0,0,0,0,0,0,0,7,1,1,0,1,0,0,3,2,1,1,KRBKRNvK,DRAW,8/8/2k5/8/1R6/7K/3r4/B6n w - - 0 1
0,1,0,0,0,0,0,1,-1,1,0,1,1,1,0,0,0,0,0,16,0,0,2,5,5,7,7,2,6,21,25,0,0,0,0,0,0,0,0,7,1,1,0,0,0,0,3,1,0,0,KRBKRNvK,DRAW,7k/8/5K2/1R6/8/1n6/2B5/6r1 b - - 0 1
0,1,0,0,0,0,0,1,-1,1,0,1,1,1,0,0,0,0,0,16,0,0,5,0,2,5,4,4,1,22,26,0,0,0,0,0,0,0,0,7,1,1,0,0,0,0,1,3,1,0,KRBKRNvK,DRAW,8/8/3B3n/5k2/4r3/K1R5/8/8 b - - 0 1
0,1,0,0,0,0,0,1,-1,1,0,1,1,1,0,0,0,0,0,16,0,0,5,7,5,7,0,4,6,23,21,0,0,0,0,0,0,0,0,7,1,1,0,0,0,0,2,0,0,1,KRBKRNvK,DRAW,6r1/8/7K/3n4/2B5/8/3R4/7k b - - 0 1
0,1,0,0,0,0,0,1,-1,1,0,1,1,1,0,0,0,0,0,16,0,0,4,5,2,6,6,2,4,24,25,0,0,0,0,0,0,0,0,7,1,1,0,0,0,0,2,3,2,1,KRBKRNvK,DRAW,8/4B1k1/4R3/2r5/8/5Kn1/8/8 b - - 0 1
1,1,0,0,0,0,0,1,-1,1,0,1,1,1,0,0,0,0,0,16,0,0,2,0,3,2,5,3,2,3,0,1,0,0,0,0,0,0,0,7,1,1,0,0,0,0,2,3,0,0,KRBKRNvK,DRAW,8/8/2k5/8/K4r2/4R3/8/n5B1 w - - 0 1
1,1,0,0,0,0,0,1,-1,1,0,1,1,1,0,0,0,0,0,16,0,0,4,1,5,5,4,3,1,29,24,0,0,0,0,0,0,0,0,7,1,1,1,0,0,0,2,2,2,0,KRBKRNvK,DRAW,6r1/3R4/1K6/5k1B/8/8/8/2n5 w - - 0 1
0,1,0,0,0,0,0,1,-1,1,0,1,1,1,0,0,0,0,0,16,0,0,4,2,2,2,6,2,3,28,25,0,0,0,0,0,0,0,0,7,1,1,0,0,0,0,3,3,0,1,KRBKRNvK,DRAW,8/2k5/3r4/7R/2n5/2K5/8/2B5 b - - 0 1
0,1,0,0,0,0,0,1,-1,1,0,1,1,1,0,0,0,0,0,16,0,0,4,6,3,2,1,2,3,6,0,1,0,0,0,0,0,0,0,7,1,1,0,0,0,0,0,0,0,1,KRBKRNvK,LOSS,2n1B3/8/8/8/6K1/7r/2k3R1/8 b - - 0 1
1,1,0,0,0,0,0,1,-1,1,0,1,1,1,0,0,0,0,0,16,0,0,5,5,1,7,6,3,5,29,25,0,0,0,0,0,0,0,0,7,1,1,0,0,0,0,2,0,0,0,KRBKRNvK,WIN,r7/7k/2R5/4n3/8/5B2/5K2/8 w - - 0 1
0,1,0,0,0,0,0,1,-1,1,0,1,1,1,0,0,0,0,0,16,0,0,4,5,1,1,2,3,3,21,29,0,0,0,0,0,0,0,0,7,1,1,0,0,0,0,2,0,0,1,KRBKRNvK,DRAW,7r/8/8/4B3/4R3/1k6/5K2/4n3 b - - 0 1
1,1,0,0,0,0,0,1,-1,1,0,1,1,1,0,0,0,0,0,16,0,0,6,5,7,6,1,4,4,24,25,0,0,0,0,0,0,0,0,7,1,1,0,0,0,0,3,2,1,1,KRBKRNvK,DRAW,5K2/B7/5n2/8/8/r7/6k1/4R3 w - - 0 1
1,1,0,0,0,0,0,1,-1,1,0,1,1,1,0,0,0,0,0,16,0,0,6,6,4,0,4,2,3,28,20,0,0,0,0,0,0,0,0,7,1,1,0,0,0,0,3,2,0,0,KRBKRNvK,DRAW,8/8/8/k5K1/8/8/3R3B/1n2r3 w - - 0 1
1,1,0,0,0,0,0,1,-1,1,0,1,1,1,0,0,0,0,0,16,0,0,4,3,3,0,7,0,6,6,0,1,0,0,0,0,0,0,0,7,1,1,0,0,0,0,3,1,1,1,KRBKRNvK,DRAW,k7/2B2r2/8/2R5/3K4/8/4n3/8 w - - 0 1
1,1,0,0,0,0,0,1,-1,1,0,1,1,1,0,0,0,0,0,16,0,0,3,1,1,2,4,4,1,31,18,0,0,0,0,0,0,0,0,7,1,1,0,0,0,0,2,3,2,0,KRBKRNvK,DRAW,6n1/3B4/8/2kr4/8/4R3/1K6/8 w - - 0 1
1,1,0,0,0,0,0,1,-1,1,0,1,1,1,0,0,0,0,0,16,0,0,6,7,0,3,6,6,2,22,20,0,0,0,0,0,0,0,0,7,1,1,0,1,0,0,2,0,0,0,KRBKRNvK,DRAW,8/3k4/7B/8/6R1/n7/r7/7K w - - 0 1
1,1,0,0,0,0,0,1,-1,1,0,1,1,1,0,0,0,0,0,16,0,0,7,0,7,1,0,6,5,28,23,0,0,0,0,0,0,0,0,7,1,1,0,0,0,0,1,2,0,0,KRBKRNvK,DRAW,K7/8/6R1/8/5B2/2r2n2/8/1k6 w - - 0 1
1,1,0,0,0,0,0,1,-1,1,0,1,1,1,0,0,0,0,0,16,0,0,2,0,2,1,0,4,5,2,0,1,0,0,0,0,0,0,0,7,1,1,1,0,0,0,2,1,0,1,KRBKRNvK,DRAW,B7/5R2/8/8/6n1/K1r5/8/1k6 w - - 0 1
0,1,0,0,0,0,0,1,-1,1,0,1,1,1,0,0,0,0,0,16,0,0,6,1,6,2,0,4,4,25,27,0,0,0,0,0,0,0,0,7,1,1,0,1,0,0,1,1,0,0,KRBKRNvK,DRAW,8/1K6/R2B2n1/8/8/8/5r2/2k5 b - - 0 1
0,1,0,0,0,0,0,1,-1,1,0,1,1,1,0,0,0,0,0,16,0,0,4,4,0,1,4,3,2,25,21,0,0,0,0,0,0,0,0,7,1,1,0,0,0,0,2,3,1,0,KRBKRNvK,DRAW,8/8/8/1k6/2n2r2/3R4/8/3BK3 b - - 0 1
1,1,0,0,0,0,0,1,-1,1,0,1,1,1,0,0,0,0,0,16,0,0,2,6,5,5,7,3,4,4,0,1,0,0,0,0,0,0,0,7,1,1,0,0,0,0,2,0,0,0,KRBKRNvK,DRAW,1B3k2/8/2r3K1/7R/8/8/n7/8 w - - 0 1
1,1,0,0,0,0,0,1,-1,1,0,1,1,1,0,0,0,0,0,16,0,0,5,5,2,0,2,2,4,6,0,1,0,0,0,0,0,0,0,7,1,1,0,0,0,0,2,0,0,0,KRBKRNvK,DRAW,4Br2/8/8/8/8/k4K2/4R3/n7 w - - 0 1
1,1,0,0,0,0,0,1,-1,1,0,1,1,1,0,0,0,0,0,16,0,0,3,2,5,5,3,2,1,25,22,0,0,0,0,0,0,0,0,7,1,1,0,0,0,0,3,2,1,0,KRBKRNvK,DRAW,7B/8/2K5/3R4/5k2/n7/8/1r6 w - - 0 1
1,1,0,0,0,0,0,1,-1,1,0,1,1,1,0,0,0,0,0,16,0,0,6,0,4,6,7,3,5,4,0,1,0,0,0,0,0,0,0,7,1,1,0,0,0,0,2,2,1,0,KRBKRNvK,DRAW,6k1/4B3/8/K2r4/R7/5n2/8/8 w - - 0 1
1,1,0,0,0,0,0,1,-1,1,0,1,1,1,0,0,0,0,0,16,0,0,3,3,1,3,4,2,0,30,22,0,0,0,0,0,0,0,0,7,1,1,0,0,0,0,0,3,1,0,KRBKRNvK,DRAW,r7/4B3/7n/3k4/8/8/3K4/2R5 w - - 0 1
0,1,0,0,0,0,0,1,-1,1,0,1,1,1,0,0,0,0,0,16,0,0,2,7,0,5,0,6,4,25,16,0,0,0,0,0,0,0,0,7,1,1,1,0,0,0,0,3,0,0,KRBKRNvK,DRAW,8/1B5R/2n5/8/8/3r4/8/5k1K b - - 0 1
0,1,0,0,0,0,0,1,-1,1,0,1,1,1,0,0,0,0,0,16,0,0,2,7,2,5,4,4,1,18,22,0,0,0,0,0,0,0,0,7,1,1,0,0,0,0,0,3,0,0,KRBKRNvK,DRAW,8/8/1n6/1r3k2/8/7K/3B2R1/8 b - - 0 1
0,1,0,0,0,0,0,1,-1,1,0,1,1,1,0,0,0,0,0,16,0,0,4,6,1,6,5,4,3,5,0,1,0,0,0,0,0,0,0,7,1,1,0,0,0,0,3,2,1,1,KRBKRNvK,DRAW,7B/2r5/3R2k1/8/8/5n2/6K1/8 b - - 0 1
1,1,0,0,0,0,0,1,-1,1,0,1,1,1,0,0,0,0,0,16,0,0,4,5,5,5,1,2,3,28,23,0,0,0,0,0,0,0,0,7,1,1,0,0,0,0,2,0,0,0,KRBKRNvK,DRAW,8/r7/5K2/1R6/2B5/8/5kn1/8 w - - 0 1
1,1,0,0,0,0,0,1,-1,1,0,1,1,1,0,0,0,0,0,16,0,0,5,5,6,0,7,3,6,29,21,0,0,0,0,0,0,0,0,7,1,1,0,0,0,0,2,0,0,0,KRBKRNvK,DRAW,k2B4/5K2/8/4R3/8/8/6n1/2r5 w - - 0 1
0,1,0,0,0,0,0,1,-1,1,0,1,1,1,0,0,0,0,0,16,0,0,4,1,1,1,5,4,3,22,31,0,0,0,0,0,0,0,0,7,1,1,0,0,0,0,2,0,1,0,KRBKRNvK,DRAW,8/3B4/1k4r1/7n/8/4R3/1K6/8 b - - 0 1
0,1,0,0,0,0,0,1,-1,1,0,1,1,1,0,0,0,0,0,16,0,0,4,3,2,5,6,1,3,5,0,1,0,0,0,0,0,0,0,7,1,1,1,0,0,0,2,1,2,1,KRBKRNvK,DRAW,2r5/5k1R/8/6B1/8/3K4/2n5/8 b - - 0 1
0,1,0,0,0,0,0,1,-1,1,0,1,1,1,0,0,0,0,0,16,0,0,4,7,5,4,1,4,2,5,0,1,0,0,0,0,0,0,0,7,1,1,0,0,0,0,2,0,2,1,KRBKRNvK,DRAW,6r1/8/7K/8/4R3/8/4k3/2B3n1 b - - 0 1
0,1,0,0,0,0,0,1,-1,1,0,1,1,1,0,0,0,0,0,16,0,0,5,6,0,3,5,5,1,16,31,0,0,0,0,0,0,0,0,7,1,1,0,0,0,0,2,2,1,0,KRBKRNvK,DRAW,2n5/8/r2k4/8/3B4/8/4R3/6K1 b - - 0 1
1,1,0,0,0,0,0,1,-1,1,0,1,1,1,0,0,0,0,0,16,0,0,6,1,3,7,5,2,4,6,0,1,0,0,0,0,0,0,0,7,1,1,1,0,0,0,0,2,2,0,KRBKRNvK,DRAW,8/5R2/7k/7B/1K2r1n1/8/8/8 w - - 0 1
1,1,0,0,0,0,0,1,-1,1,0,1,1,1,0,0,0,0,0,16,0,0,3,5,1,2,4,3,1,30,19,0,0,0,0,0,0,0,0,7,1,1,0,0,0,0,2,3,0,0,KRBKRNvK,DRAW,8/8/1n6/2k1rB2/7R/8/5K2/8 w - - 0 1
0,1,0,0,0,0,0,1,-1,1,0,1,1,1,0,0,0,0,0,16,0,0,2,3,4,1,2,0,3,19,24,0,0,0,0,0,0,0,0,7,1,1,0,0,0,0,4,0,1,1,KRBKRNvK,DRAW,8/8/3B4/3K4/3R4/nkr5/8/8 b - - 0 1
1,1,0,0,0,0,0,1,-1,1,0,1,1,1,0,0,0,0,0,16,0,0,5,1,5,2,0,3,4,5,0,1,0,0,0,0,0,0,0,7,1,1,0,0,0,0,1,2,1,2,KRBKRNvK,DRAW,2n2R2/8/1K6/8/1r6/3B4/8/2k5 w - - 0 1
0,1,0,0,0,0,0,1,-1,1,0,1,1,1,0,0,0,0,0,16,0,0,5,4,2,3,7,1,3,22,15,0,0,0,0,0,0,0,0,7,1,1,0,1,0,0,3,2,0,1,KRBKRNvK,DRAW,B2k4/8/8/8/7n/4K2R/3r4/8 b - - 0 1
0,1,0,0,0,0,0,1,-1,1,0,1,1,1,0,0,0,0,0,16,0,0,5,6,1,1,0,4,5,23,24,0,0,0,0,0,0,0,0,7,1,1,1,0,0,0,1,2,0,0,KRBKRNvK,DRAW,8/6nR/8/3r4/8/8/5BK1/1k6 b - - 0 1
1,1,0,0,0,0,0,1,-1,1,0,1,1,1,0,0,0,0,0,16,0,0,3,7,6,5,3,5,1,23,23,0,0,0,0,0,0,0,0,7,1,1,0,0,0,0,2,2,0,0,KRBKRNvK,DRAW,8/7K/2R5/8/n4k2/4r3/8/7B w - - 0 1
1,1,0,0,0,0,0,1,-1,1,0,1,1,1,0,0,0,0,0,16,0,0,3,3,0,0,0,3,6,19,15,0,0,0,0,0,0,0,0,7,1,1,1,1,0,0,1,0,0,0,KRBKRNvK,WIN,8/1RB5/8/8/8/8/r7/k2K3n w - - 0 1
1,1,0,0,0,0,0,1,-1,1,0,1,1,1,0,0,0,0,0,16,0,0,3,4,5,4,2,1,1,25,24,0,0,0,0,0,0,0,0,7,1,1,1,0,0,0,3,2,1,0,KRBKRNvK,DRAW,8/3R4/4K3/3B4/8/n3k3/8/2r5 w - - 0 1
0,1,0,0,0,0,0,1,-1,1,0,1,1,1,0,0,0,0,0,16,0,0,5,6,2,1,1,3,4,23,29,0,0,0,0,0,0,0,0,7,1,1,0,0,0,0,3,2,1,1,KRBKRNvK,DRAW,8/8/6n1/5r2/2B5/6K1/1k6/4R3 b - - 0 1
0,1,0,0,0,0,0,1,-1,1,0,1,1,1,0,0,0,0,0,16,0,0,6,5,0,6,6,4,4,23,25,0,0,0,0,0,0,0,0,7,1,1,0,0,0,0,2,2,1,2,KRBKRNvK,DRAW,8/6k1/8/7R/B7/3r4/6n1/5K2 b - - 0 1
1,1,0,0,0,0,0,1,-1,1,0,1,1,1,0,0,0,0,0,16,0,0,4,7,0,3,0,6,3,29,18,0,0,0,0,0,0,0,0,7,1,1,0,0,0,0,1,0,1,0,KRBKRNvK,DRAW,8/7n/5r2/3B4/8/8/2R5/3k3K w - - 0 1
1,1,0,0,0,0,0,1,-1,1,0,1,1,1,0,0,0,0,0,16,0,0,3,2,4,3,7,1,3,5,0,1,0,0,0,0,0,0,0,7,1,1,0,1,0,0,3,0,0,1,KRBKRNvK,DRAW,3k4/1n6/8/2K5/5B2/8/2r5/6R1 w - - 0 1
1,1,0,0,0,0,0,1,-1,1,0,1,1,1,0,0,0,0,0,16,0,0,2,7,0,6,2,6,3,3,0,1,0,0,0,0,0,0,0,7,1,1,0,0,0,0,0,0,0,1,KRBKRNvK,DRAW,2B5/7r/8/8/8/6k1/1R6/5n1K w - - 0 1
1,1,0,0,0,0,0,1,-1,1,0,1,1,1,0,0,0,0,0,16,0,0,3,1,6,3,3,4,0,7,0,1,0,0,0,0,0,0,0,7,1,1,0,1,0,0,2,3,1,0,KRBKRNvK,DRAW,4R3/1K6/8/4n3/2Bk4/8/1r6/8 w - - 0 1
0,1,0,0,0,0,0,1,-1,1,0,1,1,1,0,0,0,0,0,16,0,0,6,0,0,6,2,6,3,27,23,0,0,0,0,0,0,0,0,7,1,1,1,0,0,0,3,1,0,0,KRBKRNvK,DRAW,2r5/B3R3/8/6n1/8/6k1/8/K7 b - - 0 1
0,1,0,0,0,0,0,1,-1,1,0,1,1,1,0,0,0,0,0,16,0,0,5,4,0,7,5,3,4,3,0,1,0,0,0,0,0,0,0,7,1,1,0,0,0,0,2,1,1,0,KRBKRNvK,DRAW,7R/8/2rn3k/8/8/5B2/8/4K3 b - - 0 1
0,1,0,0,0,0,0,1,-1,1,0,1,1,1,0,0,0,0,0,16,0,0,5,1,4,6,2,2,3,28,27,0,0,0,0,0,0,0,0,7,1,1,1,0,0,0,1,2,0,1,KRBKRNvK,DRAW,3r4/2R5/1n6/1K6/8/6k1/2B5/8 b - - 0 1
1,1,0,0,0,0,0,1,-1,1,0,1,1,1,0,0,0,0,0,16,0,0,4,4,3,0,7,0,6,6,0,1,0,0,0,0,0,0,0,7,1,1,0,0,0,0,3,2,0,0,KRBKRNvK,DRAW,k7/8/6R1/8/1r2K3/1n2B3/8/8 w - - 0 1
0,1,0,0,0,0,0,1,-1,1,0,1,1,1,0,0,0,0,0,16,0,0,4,6,1,5,5,4,2,28,22,0,0,0,0,0,0,0,0,7,1,1,0,0,0,0,1,2,0,0,KRBKRNvK,DRAW,8/8/5k2/2n5/2B5/8/6KR/1r6 b - - 0 1
0,1,0,0,0,0,0,1,-1,1,0,1,1,1,0,0,0,0,0,16,0,0,2,3,7,1,6,3,4,27,25,0,0,0,0,0,0,0,0,7,1,1,0,0,0,0,2,3,0,1,KRBKRNvK,DRAW,3K4/1k6/3nB3/7r/3R4/8/8/8 b - - 0 1
0,1,0,0,0,0,0,1,-1,1,0,1,1,1,0,0,0,0,0,16,0,0,4,7,3,3,4,3,0,6,0,1,0,0,0,0,0,0,0,7,1,1,0,0,0,0,1,4,0,1,KRBKRNvK,LOSS,B7/8/8/3k2r1/7K/8/Rn6/8 b - - 0 1
0,1,0,0,0,0,0,1,-1,1,0,1,1,1,0,0,0,0,0,16,0,0,4,7,2,3,2,4,1,19,22,0,0,0,0,0,0,0,0,7,1,1,1,1,0,0,0,2,1,0,KRBKRNvK,DRAW,8/7R/8/8/1B6/1n1k3K/3r4/8 b - - 0 1
0,1,0,0,0,0,0,1,-1,1,0,1,1,1,0,0,0,0,0,16,0,0,2,2,0,0,1,4,5,1,0,1,0,0,0,0,0,0,0,7,1,1,0,0,0,0,2,2,1,0,KRBKRNvK,DRAW,8/n2r4/7B/8/R7/8/k7/2K5 b - - 0 1
0,1,0,0,0,0,0,1,-1,1,0,1,1,1,0,0,0,0,0,16,0,0,4,2,0,6,4,4,2,22,16,0,0,0,0,0,0,0,0,7,1,1,0,0,0,0,1,2,0,0,KRBKRNvK,DRAW,3n4/8/8/3r2k1/8/8/5B2/2K2R2 b - - 0 1
0,1,0,0,0,0,0,1,-1,1,0,1,1,1,0,0,0,0,0,16,0,0,3,0,7,3,6,6,2,21,16,0,0,0,0,0,0,0,0,7,1,1,0,0,0,0,0,2,0,0,KRBKRNvK,DRAW,K6R/3k4/7B/n7/3r4/8/8/8 b - - 0 1
0,1,0,0,0,0,0,1,-1,1,0,1,1,1,0,0,0,0,0,16,0,0,2,4,6,4,4,2,0,25,25,0,0,0,0,0,0,0,0,7,1,1,0,0,0,0,1,3,1,0,KRBKRNvK,DRAW,r7/4K3/6B1/4k3/8/2n5/8/7R b - - 0 1
1,1,0,0,0,0,0,1,-1,1,0,1,1,1,0,0,0,0,0,16,0,0,4,4,3,1,7,0,5,23,22,0,0,0,0,0,0,0,0,7,1,1,0,1,0,0,3,0,0,1,KRBKRNvK,DRAW,1k4n1/8/7B/7R/4K3/8/5r2/8 w - - 0 1
0,1,0,0,0,0,0,1,-1,1,0,1,1,1,0,0,0,0,0,16,0,0,5,6,0,1,3,5,2,26,25,0,0,0,0,0,0,0,0,7,1,1,0,0,0,0,2,1,0,0,KRBKRNvK,DRAW,5r2/8/4R3/4B3/1k6/8/2n5/6K1 b - - 0 1
1,1,0,0,0,0,0,1,-1,1,0,1,1,1,0,0,0,0,0,16,0,0,2,3,4,4,2,0,1,4,0,1,0,0,0,0,0,0,0,7,1,1,0,1,0,0,3,3,0,1,KRBKRNvK,DRAW,5R2/8/3B4/3K4/8/1n2k3/3r4/8 w - - 0 1
0,1,0,0,0,0,0,1,-1,1,0,1,1,1,0,0,0,0,0,16,0,0,3,4,4,2,7,0,4,27,27,0,0,0,0,0,0,0,0,7,1,1,0,0,0,0,3,1,0,1,KRBKRNvK,DRAW,2k5/5B2/8/4K3/R4n2/8/8/6r1 b - - 0 1
0,1,0,0,0,0,0,1,-1,1,0,1,1,1,0,0,0,0,0,16,0,0,2,1,0,3,1,5,2,20,24,0,0,0,0,0,0,0,0,7,1,1,0,0,0,0,2,0,0,1,KRBKRNvK,DRAW,8/1n2B3/4R3/8/8/2r5/3k4/1K6 b - - 0 1
1,1,0,0,0,0,0,1,-1,1,0,1,1,1,0,0,0,0,0,16,0,0,4,4,5,0,6,1,5,28,20,0,0,0,0,0,0,0,0,7,1,1,0,0,0,0,3,0,2,0,KRBKRNvK,DRAW,8/kB6/4K3/2R5/8/8/n7/5r2 w - - 0 1
1,1,0,0,0,0,0,1,-1,1,0,1,1,1,0,0,0,0,0,16,0,0,5,2,5,7,5,2,4,26,22,0,0,0,0,0,0,0,0,7,1,1,0,0,0,0,2,2,0,0,KRBKRNvK,DRAW,2BR4/8/2K4k/8/8/8/n7/4r3 w - - 0 1
1,1,0,0,0,0,0,1,-1,1,0,1,1,1,0,0,0,0,0,16,0,0,4,3,3,1,7,0,5,30,20,0,0,0,0,0,0,0,0,7,1,1,0,0,0,0,3,2,0,0,KRBKRNvK,DRAW,1k3n2/8/8/5B2/3K4/R7/8/4r3 w - - 0 1
1,1,0,0,0,0,0,1,-1,1,0,1,1,1,0,0,0,0,0,16,0,0,2,2,5,2,7,2,4,18,21,0,0,0,0,0,0,0,0,7,1,1,0,0,0,0,1,2,1,1,KRBKRNvK,DRAW,2k5/3n4/1RK5/8/8/B3r3/8/8 w - - 0 1
0,1,0,0,0,0,0,1,-1,1,0,1,1,1,0,0,0,0,0,16,0,0,3,4,7,1,7,3,5,21,25,0,0,0,0,0,0,0,0,7,1,1,0,0,0,0,2,0,0,1,KRBKRNvK,DRAW,1k2K3/6r1/8/8/3RB3/7n/8/8 b - - 0 1
0,1,0,0,0,0,0,1,-1,1,0,1,1,1,0,0,0,0,0,16,0,0,2,7,4,5,2,3,2,6,0,1,0,0,0,0,0,0,0,7,1,1,0,0,0,0,2,2,0,2,KRBKRNvK,LOSS,6R1/8/2B5/7K/6r1/5k1n/8/8 b - - 0 1
1,1,0,0,0,0,0,1,-1,1,0,1,1,1,0,0,0,0,0,16,0,0,4,7,7,3,3,6,0,16,17,0,0,0,0,0,0,0,0,7,1,1,0,0,0,0,2,4,1,0,KRBKRNvK,DRAW,7K/7B/n7/8/3k3r/8/4R3/8 w - - 0 1
0,1,0,0,0,0,0,1,-1,1,0,1,1,1,0,0,0,0,0,16,0,0,6,5,6,6,0,3,5,5,0,1,0,0,0,0,0,0,0,7,1,1,0,0,0,0,2,0,0,1,KRBKRNvK,DRAW,r7/5K2/8/2Bn4/2R5/8/8/6k1 b - - 0 1
1,1,0,0,0,0,0,1,-1,1,0,1,1,1,0,0,0,0,0,16,0,0,3,3,0,5,3,3,1,27,22,0,0,0,0,0,0,0,0,7,1,1,0,0,0,0,1,3,0,0,KRBKRNvK,DRAW,7R/8/5n2/8/5kr1/1B6/8/3K4 w - - 0 1
0,1,0,0,0,0,0,1,-1,1,0,1,1,1,0,0,0,0,0,16,0,0,5,3,2,1,7,1,5,22,22,0,0,0,0,0,0,0,0,7,1,1,0,0,0,0,2,0,0,0,KRBKRNvK,DRAW,1k2n3/8/8/5B2/8/3K1R2/8/r7 b - - 0 1
0,1,0,0,0,0,0,1,-1,1,0,1,1,1,0,0,0,0,0,16,0,0,7,1,0,2,7,5,4,23,24,0,0,0,0,0,0,0,0,7,1,1,0,0,0,0,2,2,0,0,KRBKRNvK,DRAW,2k5/8/8/5r2/1R4n1/8/3B4/1K6 b - - 0 1
1,1,0,0,0,0,0,1,-1,1,0,1,1,1,0,0,0,0,0,16,0,0,2,1,0,3,0,5,3,23,16,0,0,0,0,0,0,0,0,7,1,1,0,0,0,0,1,2,2,0,KRBKRNvK,DRAW,8/8/8/3r3n/8/8/2R2B2/1K1k4 w - - 0 1
1,1,0,0,0,0,0,1,-1,1,0,1,1,1,0,0,0,0,0,16,0,0,2,7,5,6,7,4,5,3,0,1,0,0,0,0,0,0,0,7,1,1,0,0,0,0,2,1,1,0,KRBKRNvK,LOSS,6k1/8/6BK/8/2R5/8/3n4/7r w - - 0 1
1,1,0,0,0,0,0,1,-1,1,0,1,1,1,0,0,0,0,0,16,0,0,3,0,4,3,7,3,3,4,0,1,0,0,0,0,0,0,0,7,1,1,0,0,0,0,1,2,0,1,KRBKRNvK,DRAW,3k4/1n6/8/K5rR/8/6B1/8/8 w - - 0 1
1,1,0,0,0,0,0,1,-1,1,0,1,1,1,0,0,0,0,0,16,0,0,6,6,4,0,7,2,6,26,22,0,0,0,0,0,0,0,0,7,1,1,0,0,0,0,2,1,0,0,KRBKRNvK,WIN,k7/7B/4R3/6K1/1n6/8/8/7r w - - 0 1
0,1,0,0,0,0,0,1,-1,1,0,1,1,1,0,0,0,0,0,16,0,0,4,0,2,3,6,4,2,15,24,0,0,0,0,0,0,0,0,7,1,1,0,0,0,0,1,0,0,0,KRBKRNvK,DRAW,6R1/3k3r/8/8/8/K7/B7/7n b - - 0 1
0,1,0,0,0,0,0,1,-1,1,0,1,1,1,0,0,0,0,0,16,0,0,2,2,3,3,5,1,1,3,0,1,0,0,0,0,0,0,0,7,1,1,0,0,0,0,3,3,2,1,KRBKRNvK,DRAW,7n/1B6/3kr3/8/2KR4/8/8/8 b - - 0 1
0,1,0,0,0,0,0,1,-1,1,0,1,1,1,0,0,0,0,0,16,0,0,5,1,5,6,5,3,3,25,18,0,0,0,0,0,0,0,0,7,1,1,0,0,0,0,1,0,0,0,KRBKRNvK,DRAW,2R5/2B5/1K4k1/7n/8/r7/8/8 b - - 0 1
1,1,0,0,0,0,0,1,-1,1,0,1,1,1,0,0,0,0,0,16,0,0,5,0,0,5,0,6,4,23,22,0,0,0,0,0,0,0,0,7,1,1,0,0,0,0,3,0,1,0,KRBKRNvK,DRAW,2r5/6n1/8/7R/8/8/8/K4k1B w - - 0 1
1,1,0,0,0,0,0,1,-1,1,0,1,1,1,0,0,0,0,0,16,0,0,2,4,5,3,3,1,0,5,0,1,0,0,0,0,0,0,0,7,1,1,0,0,0,0,2,3,1,0,KRBKRNvK,DRAW,1B6/8/4K2r/n7/3k4/5R2/8/8 w - - 0 1
0,1,0,0,0,0,0,1,-1,1,0,1,1,1,0,0,0,0,0,16,0,0,4,5,4,1,2,1,3,30,24,0,0,0,0,0,0,0,0,7,1,1,0,0,0,0,3,3,0,2,KRBKRNvK,DRAW,6R1/B7/3r4/5K2/8/1k3n2/8/8 b - - 0 1
0,1,0,0,0,0,0,1,-1,1,0,1,1,1,0,0,0,0,0,16,0,0,5,3,5,1,0,1,5,24,19,0,0,0,0,0,0,0,0,7,1,1,0,1,0,0,3,1,1,1,KRBKRNvK,DRAW,4B3/3n4/3K4/8/8/3R4/2r5/1k6 b - - 0 1
1,1,0,0,0,0,0,1,-1,1,0,1,1,1,0,0,0,0,0,16,0,0,5,6,1,1,5,4,3,6,0,1,0,0,0,0,0,0,0,7,1,1,1,1,0,0,1,3,1,0,KRBKRNvK,DRAW,8/6R1/1k1B4/2n5/8/8/3r2K1/8 w - - 0 1
1,1,0,0,0,0,0,1,-1,1,0,1,1,1,0,0,0,0,0,16,0,0,3,7,4,4,5,3,1,4,0,1,0,0,0,0,0,0,0,7,1,1,0,0,0,0,0,3,0,1,KRBKRNvK,DRAW,3r4/8/4k3/7K/5n2/8/1R6/5B2 w - - 0 1
1,1,0,0,0,0,0,1,-1,1,0,1,1,1,0,0,0,0,0,16,0,0,5,0,3,5,0,3,4,6,0,1,0,0,0,0,0,0,0,7,1,1,0,0,0,0,1,2,0,0,KRBKRNvK,DRAW,8/2B5/8/8/K6r/8/8/1R1n1k2 w - - 0 1
1,1,0,0,0,0,0,1,-1,1,0,1,1,1,0,0,0,0,0,16,0,0,7,7,1,0,0,5,6,25,20,0,0,0,0,0,0,0,0,7,1,1,0,0,0,0,1,2,1,0,KRBKRNvK,DRAW,1B6/7n/8/5r2/8/2R5/7K/k7 w - - 0 1
0,1,0,0,0,0,0,1,-1,1,0,1,1,1,0,0,0,0,0,16,0,0,3,3,2,6,0,1,5,3,0,1,0,0,0,0,0,0,0,7,1,1,0,1,0,0,2,0,0,0,KRBKRNvK,DRAW,2B5/6n1/8/8/8/3K4/r7/3R2k1 b - - 0 1
1,1,0,0,0,0,0,1,-1,1,0,1,1,1,0,0,0,0,0,16,0,0,3,4,0,7,0,3,6,25,25,0,0,0,0,0,0,0,0,7,1,1,0,0,0,0,0,0,0,0,KRBKRNvK,DRAW,1R6/8/r7/8/3n4/8/8/2B1K2k w - - 0 1
0,1,0,0,0,0,0,1,-1,1,0,1,1,1,0,0,0,0,0,16,0,0,3,1,4,4,4,2,0,4,0,1,0,0,0,0,0,0,0,7,1,1,1,0,0,0,2,3,1,0,KRBKRNvK,DRAW,8/4R2B/8/1K2k3/5r2/8/8/2n5 b - - 0 1
0,1,0,0,0,0,0,1,-1,1,0,1,1,1,0,0,0,0,0,16,0,0,5,7,1,5,6,5,3,25,25,0,0,0,0,0,0,0,0,7,1,1,0,0,0,0,2,2,0,0,KRBKRNvK,DRAW,8/4nk2/8/8/8/3r4/1B5K/R7 b - - 0 1
0,1,0,0,0,0,0,1,-1,1,0,1,1,1,0,0,0,0,0,16,0,0,5,2,6,7,7,3,6,19,27,0,0,0,0,0,0,0,0,7,1,1,0,0,0,0,0,2,1,0,KRBKRNvK,DRAW,5B1k/2K5/8/7r/8/2R5/6n1/8 b - - 0 1
1,1,0,0,0,0,0,1,-1,1,0,1,1,1,0,0,0,0,0,16,0,0,3,4,6,4,3,2,0,6,0,1,0,0,0,0,0,0,0,7,1,1,0,0,0,0,2,3,1,1,KRBKRNvK,DRAW,3R4/4K1r1/8/8/2B1k3/8/8/1n6 w - - 0 1
1,1,0,0,0,0,0,1,-1,1,0,1,1,1,0,0,0,0,0,16,0,0,7,7,4,0,6,3,5,6,0,1,0,0,0,0,0,0,0,7,1,1,0,0,0,0,1,2,0,0,KRBKRNvK,DRAW,6R1/k4B2/8/1r5K/8/8/8/7n w - - 0 1
0,1,0,0,0,0,0,1,-1,1,0,1,1,1,0,0,0,0,0,16,0,0,3,2,3,5,6,1,3,23,22,0,0,0,0,0,0,0,0,7,1,1,0,0,0,0,2,2,0,0,KRBKRNvK,WIN,8/5k2/5r2/8/2K5/5n1B/8/5R2 b - - 0 1
1,1,0,0,0,0,0,1,-1,1,0,1,1,1,0,0,0,0,0,16,0,0,6,7,3,1,2,3,3,25,17,0,0,0,0,0,0,0,0,7,1,1,0,0,0,0,0,2,0,0,KRBKRNvK,DRAW,8/4B3/8/4r3/7K/1k6/5R2/n7 w - - 0 1
0,1,0,0,0,0,0,1,-1,1,0,1,1,1,0,0,0,0,0,16,0,0,3,3,4,0,4,0,3,4,0,1,0,0,0,0,0,0,0,7,1,1,0,0,0,0,3,0,0,0,KRBKRNvK,DRAW,3B4/7n/r7/k2K4/8/8/7R/8 b - - 0 1
1,1,0,0,0,0,0,1,-1,1,0,1,1,1,0,0,0,0,0,16,0,0,4,5,4,5,0,1,4,20,22,0,0,0,0,0,0,0,0,7,1,1,0,1,0,0,3,2,0,0,KRBKRNvK,DRAW,8/1n6/8/R4K2/8/8/4r3/1B3k2 w - - 0 1
1,1,0,0,0,0,0,1,-1,1,0,1,1,1,0,0,0,0,0,16,0,0,3,3,2,2,5,1,2,28,17,0,0,0,0,0,0,0,0,7,1,1,0,1,0,0,4,1,0,0,KRBKRNvK,DRAW,8/8/2k5/5R2/n7/3K4/5B1r/8 w - - 0 1
1,1,0,0,0,0,0,1,-1,1,0,1,1,1,0,0,0,0,0,16,0,0,2,5,3,3,5,1,1,4,0,1,0,0,0,0,0,0,0,7,1,1,1,0,0,0,3,2,2,2,KRBKRNvK,DRAW,8/5R2/1B1k4/3n4/5K2/7r/8/8 w - - 0 1
1,1,0,0,0,0,0,1,-1,1,0,1,1,1,0,0,0,0,0,16,0,0,2,2,2,0,0,2,6,24,18,0,0,0,0,0,0,0,0,7,1,1,0,0,0,0,3,0,0,0,KRBKRNvK,WIN,6n1/8/8/2R4B/8/2K5/8/k4r2 w - - 0 1
1,1,0,0,0,0,0,1,-1,1,0,1,1,1,0,0,0,0,0,16,0,0,4,2,5,2,1,2,3,29,23,0,0,0,0,0,0,0,0,7,1,1,0,0,0,0,3,1,1,1,KRBKRNvK,DRAW,6r1/8/2K5/8/2n3B1/4R3/2k5/8 w - - 0 1
0,1,0,0,0,0,0,1,-1,1,0,1,1,1,0,0,0,0,0,16,0,0,4,7,1,3,1,5,2,24,29,0,0,0,0,0,0,0,0,7,1,1,0,0,0,0,2,0,0,0,KRBKRNvK,DRAW,5r2/8/8/2B5/R7/8/n2k3K/8 b - - 0 1
1,1,0,0,0,0,0,1,-1,1,0,1,1,1,0,0,0,0,0,16,0,0,2,1,2,1,0,3,5,26,24,0,0,0,0,0,0,0,0,7,1,1,0,0,0,0,3,1,0,0,KRBKRNvK,WIN,r7/2B5/4n3/8/7R/1K6/8/1k6 w - - 0 1
1,1,0,0,0,0,0,1,-1,1,0,1,1,1,0,0,0,0,0,16,0,0,3,2,4,0,1,1,5,26,23,0,0,0,0,0,0,0,0,7,1,1,0,0,0,0,3,2,1,0,KRBKRNvK,DRAW,3r4/8/8/2K5/5n2/3B4/k7/2R5 w - - 0 1
0,1,0,0,0,0,0,1,-1,1,0,1,1,1,0,0,0,0,0,16,0,0,7,5,0,7,7,4,6,20,21,0,0,0,0,0,0,0,0,7,1,1,0,1,0,0,2,0,1,2,KRBKRNvK,DRAW,5B1k/8/8/5R2/8/7n/6r1/5K2 b - - 0 1
0,1,0,0,0,0,0,1,-1,1,0,1,1,1,0,0,0,0,0,16,0,0,2,6,4,7,6,2,5,19,24,0,0,0,0,0,0,0,0,7,1,1,0,0,0,0,0,2,0,0,KRBKRNvK,DRAW,R7/7k/8/6K1/n7/7B/8/4r3 b - - 0 1
1,1,0,0,0,0,0,1,-1,1,0,1,1,1,0,0,0,0,0,16,0,0,2,6,4,4,4,2,0,23,18,0,0,0,0,0,0,0,0,7,1,1,0,1,0,0,2,3,1,0,KRBKRNvK,DRAW,6B1/n7/8/4k1K1/3R4/8/7r/8 w - - 0 1
1,1,0,0,0,0,0,1,-1,1,0,1,1,1,0,0,0,0,0,16,0,0,4,0,0,4,4,6,0,28,18,0,0,0,0,0,0,0,0,7,1,1,1,0,0,0,2,4,1,0,KRBKRNvK,DRAW,4r3/7R/8/4k3/8/5B2/8/K5n1 w - - 0 1
0,1,0,0,0,0,0,1,-1,1,0,1,1,1,0,0,0,0,0,16,0,0,3,4,2,5,5,1,2,7,0,1,0,0,0,0,0,0,0,7,1,1,0,0,0,0,3,1,0,1,KRBKRNvK,DRAW,8/r7/5k2/8/8/4K3/5R2/6nB b - - 0 1
0,1,0,0,0,0,0,1,-1,1,0,1,1,1,0,0,0,0,0,16,0,0,2,1,4,0,6,2,5,4,0,1,0,0,0,0,0,0,0,7,1,1,0,1,0,0,1,0,0,0,KRBKRNvK,LOSS,8/k6n/5R2/1K6/8/8/7r/6B1 b - - 0 1
0,1,0,0,0,0,0,1,-1,1,0,1,1,1,0,0,0,0,0,16,0,0,5,2,7,4,2,4,1,25,23,0,0,0,0,0,0,0,0,7,1,1,0,1,0,0,2,2,1,0,KRBKRNvK,DRAW,2KB4/8/8/6R1/8/4k3/7r/3n4 b - - 0 1
1,1,0,0,0,0,0,1,-1,1,0,1,1,1,0,0,0,0,0,16,0,0,3,1,5,4,2,3,1,27,23,0,0,0,0,0,0,0,0,7,1,1,1,0,0,0,1,2,0,0,KRBKRNvK,DRAW,8/6RB/1K6/8/7r/n3k3/8/8 w - - 0 1
0,1,0,0,0,0,0,1,-1,1,0,1,1,1,0,0,0,0,0,16,0,0,3,4,4,7,5,0,4,21,15,0,0,0,0,0,0,0,0,7,1,1,0,0,0,0,4,1,1,1,KRBKRNvK,DRAW,1B4R1/8/r6k/4K1n1/8/8/8/8 b - - 0 1
0,1,0,0,0,0,0,1,-1,1,0,1,1,1,0,0,0,0,0,16,0,0,3,1,1,1,4,4,2,24,32,0,0,0,0,0,0,0,0,7,1,1,0,0,0,0,1,1,1,0,KRBKRNvK,DRAW,8/5n2/7r/1k6/5B2/2R5/1K6/8 b - - 0 1
1,1,0,0,0,0,0,1,-1,1,0,1,1,1,0,0,0,0,0,16,0,0,6,7,5,1,7,4,5,4,0,1,0,0,0,0,0,0,0,7,1,1,1,0,0,0,2,0,0,0,KRBKRNvK,DRAW,1k6/5R2/7K/8/8/5B1r/8/5n2 w - - 0 1
0,1,0,0,0,0,0,1,-1,1,0,1,1,1,0,0,0,0,0,16,0,0,4,3,6,4,2,2,1,23,22,0,0,0,0,0,0,0,0,7,1,1,0,0,0,0,0,2,0,1,KRBKRNvK,DRAW,4n3/3K4/8/8/1B6/4k3/1R6/2r5 b - - 0 1
1,1,0,0,0,0,0,1,-1,1,0,1,1,1,0,0,0,0,0,16,0,0,3,5,7,2,5,4,2,18,22,0,0,0,0,0,0,0,0,7,1,1,0,0,0,0,0,3,0,1,KRBKRNvK,DRAW,5K2/8/2k1r3/8/8/8/8/R1B1n3 w - - 0 1
0,1,0,0,0,0,0,1,-1,1,0,1,1,1,0,0,0,0,0,16,0,0,3,7,4,4,3,3,0,6,0,1,0,0,0,0,0,0,0,7,1,1,0,0,0,0,3,3,1,0,KRBKRNvK,DRAW,8/2r5/8/7K/4k2R/2B5/7n/8 b - - 0 1
0,1,0,0,0,0,0,1,-1,1,0,1,1,1,0,0,0,0,0,16,0,0,3,4,0,3,3,3,0,22,27,0,0,0,0,0,0,0,0,7,1,1,1,1,0,0,1,3,1,1,KRBKRNvK,DRAW,8/2R5/4B3/8/3k4/8/1r6/2n1K3 b - - 0 1
0,1,0,0,0,0,0,1,-1,1,0,1,1,1,0,0,0,0,0,16,0,0,2,0,6,1,4,5,2,22,25,0,0,0,0,0,0,0,0,7,1,1,1,1,0,0,1,1,1,0,KRBKRNvK,DRAW,8/K1R5/6B1/1k6/1n6/8/7r/8 b - - 0 1
0,1,0,0,0,0,0,1,-1,1,0,1,1,1,0,0,0,0,0,16,0,0,3,6,4,3,4,2,0,20,27,0,0,0,0,0,0,0,0,7,1,1,0,0,0,0,0,4,0,0,KRBKRNvK,DRAW,8/8/1n5R/3k2K1/8/1r6/8/5B2 b - - 0 1
1,1,0,0,0,0,0,1,-1,1,0,1,1,1,0,0,0,0,0,16,0,0,5,2,6,7,4,3,3,28,22,0,0,0,0,0,0,0,0,7,1,1,0,1,0,0,0,0,1,0,KRBKRNvK,DRAW,8/2K5/8/7k/4n2B/8/7r/1R6 w - - 0 1
0,1,0,0,0,0,0,1,-1,1,0,1,1,1,0,0,0,0,0,16,0,0,2,5,4,3,2,1,1,5,0,1,0,0,0,0,0,0,0,7,1,1,0,0,0,0,3,2,1,0,KRBKRNvK,DRAW,B7/1n6/8/3R1K2/8/3k4/8/r7 b - - 0 1
0,1,0,0,0,0,0,1,-1,1,0,1,1,1,0,0,0,0,0,16,0,0,3,6,5,3,7,3,3,19,28,0,0,0,0,0,0,0,0,7,1,1,0,0,0,0,1,0,1,0,KRBKRNvK,DRAW,3k4/2r5/n3B1K1/8/8/R7/8/8 b - - 0 1
0,1,0,0,0,0,0,1,-1,1,0,1,1,1,0,0,0,0,0,16,0,0,4,3,2,7,5,1,4,22,23,0,0,0,0,0,0,0,0,7,1,1,0,0,0,0,2,0,0,0,KRBKRNvK,DRAW,8/8/2r4k/1B6/7n/3K4/5R2/8 b - - 0 1
1,1,0,0,0,0,0,1,-1,1,0,1,1,1,0,0,0,0,0,16,0,0,7,1,7,2,0,5,4,25,24,0,0,0,0,0,0,0,0,7,1,1,0,0,0,0,2,2,1,0,KRBKRNvK,DRAW,1K6/1B6/8/5n2/7r/1R6/8/2k5 w - - 0 1
1,1,0,0,0,0,0,1,-1,1,0,1,1,1,0,0,0,0,0,16,0,0,6,6,6,0,6,4,5,26,21,0,0,0,0,0,0,0,0,7,1,1,0,1,0,0,0,1,0,0,KRBKRNvK,DRAW,8/k5K1/8/8/8/B7/3n3r/5R2 w - - 0 1
1,1,0,0,0,0,0,1,-1,1,0,1,1,1,0,0,0,0,0,16,0,0,4,6,3,2,2,2,2,25,18,0,0,0,0,0,0,0,0,7,1,1,1,0,0,0,2,1,0,1,KRBKRNvK,DRAW,7n/3R1B2/7r/8/6K1/2k5/8/8 w - - 0 1
1,1,0,0,0,0,0,1,-1,1,0,1,1,1,0,0,0,0,0,16,0,0,5,2,3,7,5,1,4,19,22,0,0,0,0,0,0,0,0,7,1,1,0,1,0,0,2,0,0,0,KRBKRNvK,DRAW,8/8/7k/RB6/2K5/8/5r2/6n1 w - - 0 1
1,1,0,0,0,0,0,1,-1,1,0,1,1,1,0,0,0,0,0,16,0,0,5,6,4,1,7,2,5,26,25,0,0,0,0,0,0,0,0,7,1,1,0,0,0,0,3,0,0,0,KRBKRNvK,DRAW,1k6/8/8/3n2K1/R7/8/1B6/7r w - - 0 1
0,1,0,0,0,0,0,1,-1,1,0,1,1,1,0,0,0,0,0,16,0,0,4,1,4,5,1,2,3,21,19,0,0,0,0,0,0,0,0,7,1,1,0,0,0,0,2,0,0,1,KRBKRNvK,DRAW,B7/8/8/1K6/8/2r5/1n3k2/1R6 b - - 0 1
1,1,0,0,0,0,0,1,-1,1,0,1,1,1,0,0,0,0,0,16,0,0,4,3,1,7,3,2,3,21,12,0,0,0,0,0,0,0,0,7,1,1,0,1,0,0,0,1,0,0,KRBKRNvK,DRAW,8/8/1R6/8/7k/6n1/3KB1r1/8 w - - 0 1
1,1,0,0,0,0,0,1,-1,1,0,1,1,1,0,0,0,0,0,16,0,0,4,0,6,4,3,5,0,24,25,0,0,0,0,0,0,0,0,7,1,1,0,0,0,0,2,4,0,0,KRBKRNvK,DRAW,6rB/K7/8/8/4k3/8/5n2/2R5 w - - 0 1
1,1,0,0,0,0,0,1,-1,1,0,1,1,1,0,0,0,0,0,16,0,0,3,3,2,0,5,1,4,29,16,0,0,0,0,0,0,0,0,7,1,1,1,0,0,0,3,1,0,2,KRBKRNvK,DRAW,8/3R4/k7/4B3/8/3K4/2n5/2r5 w - - 0 1
0,1,0,0,0,0,0,1,-1,1,0,1,1,1,0,0,0,0,0,16,0,0,2,7,5,7,3,4,3,19,22,0,0,0,0,0,0,0,0,7,1,1,0,0,0,0,2,2,0,0,KRBKRNvK,DRAW,2B5/4r3/n6K/3R4/7k/8/8/8 b - - 0 1
0,1,0,0,0,0,0,1,-1,1,0,1,1,1,0,0,0,0,0,16,0,0,3,3,3,6,0,0,5,21,24,0,0,0,0,0,0,0,0,7,1,1,0,0,0,0,3,2,0,1,KRBKRNvK,DRAW,2B5/8/8/1R6/3K4/4r3/8/5nk1 b - - 0 1
0,1,0,0,0,0,0,1,-1,1,0,1,1,1,0,0,0,0,0,16,0,0,3,5,7,2,4,4,1,25,22,0,0,0,0,0,0,0,0,7,1,1,0,0,0,0,0,2,0,2,KRBKRNvK,DRAW,3n1K2/3r4/7B/2k5/8/6R1/8/8 b - - 0 1
1,1,0,0,0,0,0,1,-1,1,0,1,1,1,0,0,0,0,0,16,0,0,6,4,1,6,7,2,5,25,23,0,0,0,0,0,0,0,0,7,1,1,0,0,0,0,2,1,0,1,KRBKRNvK,DRAW,6k1/8/2r5/8/R5B1/8/2n1K3/8 w - - 0 1
0,1,0,0,0,0,0,1,-1,1,0,1,1,1,0,0,0,0,0,16,0,0,3,3,2,5,5,1,2,5,0,1,0,0,0,0,0,0,0,7,1,1,0,1,0,0,3,1,0,1,KRBKRNvK,DRAW,8/8/R4k2/8/8/3K4/B5r1/5n2 b - - 0 1
0,1,0,0,0,0,0,1,-1,1,0,1,1,1,0,0,0,0,0,16,0,0,2,1,4,0,6,2,5,4,0,1,0,0,0,0,0,0,0,7,1,1,0,0,0,0,1,2,0,1,KRBKRNvK,DRAW,6R1/k2r4/4n3/1K6/8/8/5B2/8 b - - 0 1
1,1,0,0,0,0,0,1,-1,1,0,1,1,1,0,0,0,0,0,16,0,0,4,3,0,7,1,3,5,4,0,1,0,0,0,0,0,0,0,7,1,1,0,0,0,0,0,3,0,0,KRBKRNvK,DRAW,R7/3r4/8/8/2n5/8/B6k/3K4 w - - 0 1
0,1,0,0,0,0,0,1,-1,1,0,1,1,1,0,0,0,0,0,16,0,0,3,2,6,1,3,3,2,15,25,0,0,0,0,0,0,0,0,7,1,1,0,1,0,0,3,0,2,1,KRBKRNvK,DRAW,1n6/2K5/1B6/R7/1k6/8/1r6/8 b - - 0 1
1,1,0,0,0,0,0,1,-1,1,0,1,1,1,0,0,0,0,0,16,0,0,5,1,2,6,0,3,5,5,0,1,0,0,0,0,0,0,0,7,1,1,0,0,0,0,1,0,1,2,KRBKRNvK,DRAW,7R/8/8/8/8/1K4B1/8/r1n3k1 w - - 0 1
1,1,0,0,0,0,0,1,-1,1,0,1,1,1,0,0,0,0,0,16,0,0,5,6,5,6,0,3,5,29,21,0,0,0,0,0,0,0,0,7,1,1,0,1,0,0,2,2,0,0,KRBKRNvK,DRAW,1B6/8/6K1/R7/8/8/4r3/5nk1 w - - 0 1
0,1,0,0,0,0,0,1,-1,1,0,1,1,1,0,0,0,0,0,16,0,0,2,7,7,5,7,6,4,3,0,1,0,0,0,0,0,0,0,7,1,1,0,0,0,0,4,0,1,0,KRBKRNvK,DRAW,rn3k1K/6B1/8/8/3R4/8/8/8 b - - 0 1
1,1,0,0,0,0,0,1,-1,1,0,1,1,1,0,0,0,0,0,16,0,0,7,5,7,5,0,4,4,26,25,0,0,0,0,0,0,0,0,7,1,1,0,1,0,0,2,1,0,0,KRBKRNvK,DRAW,5K2/8/8/3R4/8/1n6/2r5/B4k2 w - - 0 1
0,1,0,0,0,0,0,1,-1,1,0,1,1,1,0,0,0,0,0,16,0,0,5,5,2,5,7,2,4,18,29,0,0,0,0,0,0,0,0,7,1,1,0,0,0,0,2,0,1,1,KRBKRNvK,DRAW,r4k2/3B4/8/4R2n/8/5K2/8/8 b - - 0 1
1,1,0,0,0,0,0,1,-1,1,0,1,1,1,0,0,0,0,0,16,0,0,4,7,6,3,5,5,1,22,24,0,0,0,0,0,0,0,0,7,1,1,0,1,0,0,0,2,0,0,KRBKRNvK,DRAW,8/7K/3k4/8/8/3n4/3r4/3B1R2 w - - 0 1
1,1,0,0,0,0,0,1,-1,1,0,1,1,1,0,0,0,0,0,16,0,0,3,0,5,0,2,4,4,25,19,0,0,0,0,0,0,0,0,7,1,1,1,0,0,0,1,1,0,0,KRBKRNvK,DRAW,8/2R4B/K7/8/8/k7/3n4/r7 w - - 0 1
1,1,0,0,0,0,0,1,-1,1,0,1,1,1,0,0,0,0,0,16,0,0,4,1,3,2,7,2,4,27,18,0,0,0,0,0,0,0,0,7,1,1,1,0,0,0,2,2,2,0,KRBKRNvK,DRAW,2k5/1R6/2B1r3/6n1/1K6/8/8/8 w - - 0 1
0,1,0,0,0,0,0,1,-1,1,0,1,1,1,0,0,0,0,0,16,0,0,5,4,1,6,6,2,4,24,29,0,0,0,0,0,0,0,0,7,1,1,0,0,0,0,0,0,0,0,KRBKRNvK,DRAW,1nB5/6k1/1r6/8/8/8/4K3/R7 b - - 0 1
1,1,0,0,0,0,0,1,-1,1,0,1,1,1,0,0,0,0,0,16,0,0,6,5,7,0,1,4,5,4,0,1,0,0,0,0,0,0,0,7,1,1,0,0,0,0,0,2,0,1,KRBKRNvK,DRAW,3r1K2/8/5R2/7B/8/8/k1n5/8 w - - 0 1
0,1,0,0,0,0,0,1,-1,1,0,1,1,1,0,0,0,0,0,16,0,0,5,5,6,0,3,3,3,17,24,0,0,0,0,0,0,0,0,7,1,1,0,0,0,0,1,0,0,0,KRBKRNvK,DRAW,1B6/1n3K2/r7/8/k7/6R1/8/8 b - - 0 1
0,1,0,0,0,0,0,1,-1,1,0,1,1,1,0,0,0,0,0,16,0,0,6,7,2,1,6,4,4,28,21,0,0,0,0,0,0,0,0,7,1,1,0,0,0,0,2,1,0,0,KRBKRNvK,DRAW,6B1/1k3n2/8/8/3R4/7K/8/2r5 b - - 0 1
1,1,0,0,0,0,0,1,-1,1,0,1,1,1,0,0,0,0,0,16,0,0,6,6,1,0,1,4,5,21,20,0,0,0,0,0,0,0,0,7,1,1,0,1,0,0,3,2,0,0,KRBKRNvK,DRAW,8/8/4R3/8/n7/8/k2r1BK1/8 w - - 0 1
0,1,0,0,0,0,0,1,-1,1,0,1,1,1,0,0,0,0,0,16,0,0,5,6,6,1,3,4,2,3,0,1,0,0,0,0,0,0,0,7,1,1,0,0,0,0,1,1,1,1,KRBKRNvK,DRAW,8/5nK1/3B4/8/1k6/2r5/8/1R6 b - - 0 1
1,1,0,0,0,0,0,1,-1,1,0,1,1,1,0,0,0,0,0,16,0,0,5,1,4,6,5,2,3,27,16,0,0,0,0,0,0,0,0,7,1,1,0,0,0,0,2,1,0,0,KRBKRNvK,DRAW,8/8/6kr/1K6/8/8/3n4/B4R2 w - - 0 1
0,1,0,0,0,0,0,1,-1,1,0,1,1,1,0,0,0,0,0,16,0,0,4,7,7,4,3,6,0,27,25,0,0,0,0,0,0,0,0,7,1,1,0,0,0,0,0,3,0,0,KRBKRNvK,DRAW,R6K/4B3/8/8/4k3/2r5/4n3/8 b - - 0 1
0,1,0,0,0,0,0,1,-1,1,0,1,1,1,0,0,0,0,0,16,0,0,3,5,1,6,4,3,2,6,0,1,0,0,0,0,0,0,0,7,1,1,0,0,0,0,3,2,0,2,KRBKRNvK,DRAW,8/8/8/2R3k1/8/2Br4/5K1n/8 b - - 0 1
1,1,0,0,0,0,0,1,-1,1,0,1,1,1,0,0,0,0,0,16,0,0,7,0,7,7,1,6,5,20,24,0,0,0,0,0,0,0,0,7,1,1,0,1,0,0,1,1,0,0,KRBKRNvK,DRAW,KR4B1/3n4/8/8/8/8/2r4k/8 w - - 0 1
1,1,0,0,0,0,0,1,-1,1,0,1,1,1,0,0,0,0,0,16,0,0,4,0,3,4,2,3,1,27,24,0,0,0,0,0,0,0,0,7,1,1,0,1,0,0,3,3,0,1,KRBKRNvK,DRAW,8/1B2n3/8/8/K6R/4k3/2r5/8 w - - 0 1
1,1,0,0,0,0,0,1,-1,1,0,1,1,1,0,0,0,0,0,16,0,0,5,5,5,7,0,2,6,25,18,0,0,0,0,0,0,0,0,7,1,1,0,0,0,0,2,0,0,0,KRBKRNvK,DRAW,r7/8/5K2/3R2B1/8/8/n7/7k w - - 0 1
0,1,0,0,0,0,0,1,-1,1,0,1,1,1,0,0,0,0,0,16,0,0,7,0,6,7,6,5,5,4,0,1,0,0,0,0,0,0,0,7,1,1,1,0,0,0,2,0,0,0,KRBKRNvK,DRAW,8/K3R2k/8/1B6/n7/7r/8/8 b - - 0 1
0,1,0,0,0,0,0,1,-1,1,0,1,1,1,0,0,0,0,0,16,0,0,5,1,5,5,0,3,4,4,0,1,0,0,0,0,0,0,0,7,1,1,0,0,0,0,0,2,0,1,KRBKRNvK,DRAW,3r4/8/1K6/8/6B1/8/1n6/1R3k2 b - - 0 1
1,1,0,0,0,0,0,1,-1,1,0,1,1,1,0,0,0,0,0,16,0,0,2,5,6,6,4,3,2,24,17,0,0,0,0,0,0,0,0,7,1,1,0,0,0,0,3,2,1,2,KRBKRNvK,DRAW,8/5K2/5nr1/6k1/8/4R3/8/7B w - - 0 1
1,1,0,0,0,0,0,1,-1,1,0,1,1,1,0,0,0,0,0,16,0,0,2,3,2,5,1,1,3,5,0,1,0,0,0,0,0,0,0,7,1,1,0,0,0,0,4,2,1,0,KRBKRNvK,DRAW,8/3r3n/8/R7/8/3K4/3B1k2/8 w - - 0 1
0,1,0,0,0,0,0,1,-1,1,0,1,1,1,0,0,0,0,0,16,0,0,5,7,1,2,5,5,2,5,0,1,0,0,0,0,0,0,0,7,1,1,0,0,0,0,1,3,1,0,KRBKRNvK,DRAW,nB6/8/2k5/3r4/8/8/2R4K/8 b - - 0 1
0,1,0,0,0,0,0,1,-1,1,0,1,1,1,0,0,0,0,0,16,0,0,6,0,3,6,0,3,5,4,0,1,0,0,0,0,0,0,0,7,1,1,0,0,0,0,1,2,0,0,KRBKRNvK,LOSS,8/8/6r1/8/K3B3/5n2/8/1R4k1 b - - 0 1
0,1,0,0,0,0,0,1,-1,1,0,1,1,1,0,0,0,0,0,16,0,0,3,1,7,4,7,5,3,23,24,0,0,0,0,0,0,0,0,7,1,1,0,0,0,0,1,3,1,0,KRBKRNvK,DRAW,1K2k1B1/8/8/8/3r4/1n6/6R1/8 b - - 0 1
0,1,0,0,0,0,0,1,-1,1,0,1,1,1,0,0,0,0,0,16,0,0,3,5,5,5,2,2,2,5,0,1,0,0,0,0,0,0,0,7,1,1,0,0,0,0,1,1,0,0,KRBKRNvK,DRAW,8/8/5K1B/8/8/2R2k1n/8/6r1 b - - 0 1
0,1,0,0,0,0,0,1,-1,1,0,1,1,1,0,0,0,0,0,16,0,0,2,0,5,2,3,4,1,21,21,0,0,0,0,0,0,0,0,7,1,1,0,1,0,0,2,2,1,0,KRBKRNvK,DRAW,8/8/K7/R7/2k4B/8/3r4/7n b - - 0 1
0,1,0,0,0,0,0,1,-1,1,0,1,1,1,0,0,0,0,0,16,0,0,6,0,7,6,7,6,5,24,24,0,0,0,0,0,0,0,0,7,1,1,0,0,0,0,3,2,0,0,KRBKRNvK,DRAW,K5k1/4n3/8/8/8/3r4/6B1/4R3 b - - 0 1
1,1,0,0,0,0,0,1,-1,1,0,1,1,1,0,0,0,0,0,16,0,0,2,7,3,6,1,3,4,1,0,1,0,0,0,0,0,0,0,7,1,1,1,0,0,0,0,1,1,0,KRBKRNvK,LOSS,8/5n1R/8/8/7K/8/4B1k1/7r w - - 0 1
0,1,0,0,0,0,0,1,-1,1,0,1,1,1,0,0,0,0,0,16,0,0,4,2,6,6,3,3,2,21,19,0,0,0,0,0,0,0,0,7,1,1,0,0,0,0,0,2,0,0,KRBKRNvK,DRAW,1B6/2K5/2R5/8/r5k1/n7/8/8 b - - 0 1
1,1,0,0,0,0,0,1,-1,1,0,1,1,1,0,0,0,0,0,16,0,0,2,5,5,5,7,2,4,19,16,0,0,0,0,0,0,0,0,7,1,1,0,0,0,0,1,2,2,1,KRBKRNvK,WIN,5k2/3B4/5KR1/8/4r3/8/8/7n w - - 0 1
1,1,0,0,0,0,0,1,-1,1,0,1,1,1,0,0,0,0,0,16,0,0,2,0,0,2,0,6,4,18,19,0,0,0,0,0,0,0,0,7,1,1,0,0,0,0,0,1,1,0,KRBKRNvK,DRAW,8/3n1r2/B7/8/8/R7/8/K1k5 w - - 0 1
0,1,0,0,0,0,0,1,-1,1,0,1,1,1,0,0,0,0,0,16,0,0,5,6,6,1,7,4,5,4,0,1,0,0,0,0,0,0,0,7,1,1,0,1,0,0,1,0,0,0,KRBKRNvK,DRAW,1k5R/6K1/8/8/8/8/2B2r2/n7 b - - 0 1
0,1,0,0,0,0,0,1,-1,1,0,1,1,1,0,0,0,0,0,16,0,0,3,1,1,4,3,4,0,5,0,1,0,0,0,0,0,0,0,7,1,1,0,0,0,0,3,3,1,0,KRBKRNvK,DRAW,5rn1/2B5/8/8/2R1k3/8/1K6/8 b - - 0 1
1,1,0,0,0,0,0,1,-1,1,0,1,1,1,0,0,0,0,0,16,0,0,3,5,4,3,7,1,3,4,0,1,0,0,0,0,0,0,0,7,1,1,0,0,0,0,3,2,0,2,KRBKRNvK,DRAW,3k4/4r1n1/8/2B2K2/5R2/8/8/8 w - - 0 1
0,1,0,0,0,0,0,1,-1,1,0,1,1,1,0,0,0,0,0,16,0,0,2,0,7,2,7,6,4,22,17,0,0,0,0,0,0,0,0,7,1,1,0,0,0,0,0,3,0,0,KRBKRNvK,WIN,K1k5/4n3/8/8/1r6/8/R2B4/8 b - - 0 1
0,1,0,0,0,0,0,1,-1,1,0,1,1,1,0,0,0,0,0,16,0,0,3,6,6,7,3,4,3,16,23,0,0,0,0,0,0,0,0,7,1,1,0,0,0,0,1,2,0,0,KRBKRNvK,DRAW,1B6/6K1/8/8/7k/8/8/3rn1R1 b - - 0 1
0,1,0,0,0,0,0,1,-1,1,0,1,1,1,0,0,0,0,0,16,0,0,3,3,4,0,6,0,5,16,20,0,0,0,0,0,0,0,0,7,1,1,0,0,0,0,4,2,1,0,KRBKRNvK,WIN,B5R1/k7/8/3K3n/7r/8/8/8 b - - 0 1
0,1,0,0,0,0,0,1,-1,1,0,1,1,1,0,0,0,0,0,16,0,0,5,4,0,0,5,3,4,24,26,0,0,0,0,0,0,0,0,7,1,1,0,0,0,0,3,1,0,0,KRBKRNvK,DRAW,3R4/8/k6r/8/8/1n6/2B5/4K3 b - - 0 1
1,1,0,0,0,0,0,1,-1,1,0,1,1,1,0,0,0,0,0,16,0,0,2,4,2,4,4,1,0,25,23,0,0,0,0,0,0,0,0,7,1,1,1,0,0,0,2,3,1,0,KRBKRNvK,DRAW,8/2R5/6r1/4k3/8/4K3/1n6/3B4 w - - 0 1
1,1,0,0,0,0,0,1,-1,1,0,1,1,1,0,0,0,0,0,16,0,0,4,3,1,7,2,2,4,33,18,0,0,0,0,0,0,0,0,7,1,1,0,0,0,0,1,0,0,0,KRBKRNvK,DRAW,1R6/8/7r/2B5/8/7k/3K3n/8 w - - 0 1
0,1,0,0,0,0,0,1,-1,1,0,1,1,1,0,0,0,0,0,16,0,0,2,3,2,1,1,1,4,6,0,1,0,0,0,0,0,0,0,7,1,1,1,0,0,0,2,0,0,1,KRBKRNvK,DRAW,5r2/1R6/8/3n1B2/8/3K4/1k6/8 b - - 0 1
1,1,0,0,0,0,0,1,-1,1,0,1,1,1,0,0,0,0,0,16,0,0,6,2,6,3,0,3,3,27,19,0,0,0,0,0,0,0,0,7,1,1,0,0,0,0,0,2,0,1,KRBKRNvK,DRAW,2B1r3/2K5/8/8/8/R7/8/3kn3 w - - 0 1
1,1,0,0,0,0,0,1,-1,1,0,1,1,1,0,0,0,0,0,16,0,0,4,6,6,2,7,4,4,27,19,0,0,0,0,0,0,0,0,7,1,1,0,0,0,0,2,2,2,0,KRBKRNvK,DRAW,1nk5/6K1/R1B5/8/8/8/8/4r3 w - - 0 1
1,1,0,0,0,0,0,1,-1,1,0,1,1,1,0,0,0,0,0,16,0,0,4,3,4,2,0,0,4,4,0,1,0,0,0,0,0,0,0,7,1,1,0,0,0,0,4,1,0,1,KRBKRNvK,DRAW,8/8/r5B1/R2K4/8/4n3/8/2k5 w - - 0 1
1,1,0,0,0,0,0,1,-1,1,0,1,1,1,0,0,0,0,0,16,0,0,2,7,2,5,4,4,1,22,21,0,0,0,0,0,0,0,0,7,1,1,0,0,0,0,2,2,0,0,KRBKRNvK,DRAW,8/8/6rn/5k2/8/7K/8/1R5B w - - 0 1
1,1,0,0,0,0,0,1,-1,1,0,1,1,1,0,0,0,0,0,16,0,0,7,3,0,0,7,3,6,28,21,0,0,0,0,0,0,0,0,7,1,1,0,0,0,0,1,2,1,0,KRBKRNvK,DRAW,k7/8/1R6/2r5/6n1/3B4/8/3K4 w - - 0 1
1,1,0,0,0,0,0,1,-1,1,0,1,1,1,0,0,0,0,0,16,0,0,2,1,2,2,4,3,1,3,0,1,0,0,0,0,0,0,0,7,1,1,1,0,0,0,0,3,1,1,KRBKRNvK,DRAW,8/R7/r7/2k5/6B1/1K6/3n4/8 w - - 0 1
0,1,0,0,0,0,0,1,-1,1,0,1,1,1,0,0,0,0,0,16,0,0,3,7,1,4,4,5,0,22,22,0,0,0,0,0,0,0,0,7,1,1,0,0,0,0,0,4,0,0,KRBKRNvK,DRAW,8/8/7R/3nk3/8/B7/7K/4r3 b - - 0 1
0,1,0,0,0,0,0,1,-1,1,0,1,1,1,0,0,0,0,0,16,0,0,3,7,2,4,1,4,2,6,0,1,0,0,0,0,0,0,0,7,1,1,0,0,0,0,2,2,1,0,KRBKRNvK,DRAW,7B/5n2/8/2r5/8/7K/4k1R1/8 b - - 0 1
