white_to_move,fullmove_number,halfmove_clock,w_p,b_p,diff_p,w_n,b_n,diff_n,w_b,b_b,diff_b,w_r,b_r,diff_r,w_q,b_q,diff_q,material_balance,total_material,bishop_pair_w,bishop_pair_b,king_distance,wk_file,wk_rank,bk_file,bk_rank,wk_center_dist,bk_center_dist,mobility_stm,mobility_other,in_check,w_passed_pawns,b_passed_pawns,w_isolated_pawns,b_isolated_pawns,w_doubled_pawns,b_doubled_pawns,w_most_advanced_pawn,b_most_advanced_pawn,w_rooks_open_file,b_rooks_open_file,w_rooks_7th,b_rooks_2nd,wk_pawn_shield,bk_pawn_shield,w_center_control,b_center_control,w_attackers_near_bk,b_attackers_near_wk,material_class,outcome,fen
1,1,0,0,0,0,0,1,-1,1,0,1,1,1,0,0,0,0,0,16,0,0,6,7,4,1,1,3,4,27,22,0,0,0,0,0,0,0,0,7,1,1,1,0,0,0,1,2,1,0,KRBKRNvK,DRAW,8/6R1/8/7K/8/1B1r4/1k5n/8 w - - 0 1
0,1,0,0,0,0,0,1,-1,1,0,1,1,1,0,0,0,0,0,16,0,0,7,7,6,0,2,5,4,20,21,0,0,0,0,0,0,0,0,7,1,1,0,0,0,0,2,0,0,0,KRBKRNvK,DRAW,3n3B/7K/2r5/8/8/k7/7R/8 b - - 0 1
1,1,0,0,0,0,0,1,-1,1,0,1,1,1,0,0,0,0,0,16,0,0,3,7,2,4,1,4,2,3,0,1,0,0,0,0,0,0,0,7,1,1,0,0,0,0,2,3,0,1,KRBKRNvK,DRAW,8/1B6/8/7r/8/1n5K/4k3/1R6 w - - 0 1
0,1,0,0,0,0,0,1,-1,1,0,1,1,1,0,0,0,0,0,16,0,0,2,3,3,1,5,0,3,23,26,0,0,0,0,0,0,0,0,7,1,1,0,0,0,0,3,2,0,2,KRBKRNvK,DRAW,8/8/1k6/2n1r3/3K4/R7/2B5/8 b - - 0 1
0,1,0,0,0,0,0,1,-1,1,0,1,1,1,0,0,0,0,0,16,0,0,6,7,6,2,0,5,4,20,24,0,0,0,0,0,0,0,0,7,1,1,0,0,0,0,3,0,1,1,KRBKRNvK,DRAW,8/7K/7n/2R5/8/5r2/2B5/2k5 b - - 0 1
0,1,0,0,0,0,0,1,-1,1,0,1,1,1,0,0,0,0,0,16,0,0,4,2,7,3,3,4,0,26,24,0,0,0,0,0,0,0,0,7,1,1,0,0,0,0,2,3,1,0,KRBKRNvK,DRAW,2K3R1/8/2B5/5r2/3k2n1/8/8/8 b - - 0 1
0,1,0,0,0,0,0,1,-1,1,0,1,1,1,0,0,0,0,0,16,0,0,4,0,6,3,2,5,1,5,0,1,0,0,0,0,0,0,0,7,1,1,0,0,0,0,2,2,0,1,KRBKRNvK,DRAW,1n6/KB6/5r2/8/8/R2k4/8/8 b - - 0 1
0,1,0,0,0,0,0,1,-1,1,0,1,1,1,0,0,0,0,0,16,0,0,2,7,7,5,5,6,2,25,23,0,0,0,0,0,0,0,0,7,1,1,0,0,0,0,2,2,0,1,KRBKRNvK,DRAW,7K/6n1/5k2/8/8/4r3/1R4B1/8 b - - 0 1
1,1,0,0,0,0,0,1,-1,1,0,1,1,1,0,0,0,0,0,16,0,0,3,0,0,1,3,6,2,25,22,0,0,0,0,0,0,0,0,7,1,1,0,0,0,0,2,1,2,0,KRBKRNvK,DRAW,8/4n3/2r5/R7/1k6/1B6/8/K7 w - - 0 1
0,1,0,0,0,0,0,1,-1,1,0,1,1,1,0,0,0,0,0,16,0,0,5,0,3,5,5,3,2,5,0,1,0,0,0,0,0,0,0,7,1,1,0,0,0,0,3,3,1,0,KRBKRNvK,DRAW,8/8/3R1k2/4r3/K7/4n3/2B5/8 b - - 0 1
1,1,0,0,0,0,0,1,-1,1,0,1,1,1,0,0,0,0,0,16,0,0,3,6,4,3,7,2,3,5,0,1,0,0,0,0,0,0,0,7,1,1,1,0,0,0,1,2,1,1,KRBKRNvK,DRAW,3k2r1/1R6/8/6K1/8/5n2/8/6B1 w - - 0 1
0,1,0,0,0,0,0,1,-1,1,0,1,1,1,0,0,0,0,0,16,0,0,5,5,6,5,1,3,3,23,28,0,0,0,0,0,0,0,0,7,1,1,0,0,0,0,3,0,1,0,KRBKRNvK,DRAW,8/5K2/r7/8/7R/n7/1B3k2/8 b - - 0 1
1,1,0,0,0,0,0,1,-1,1,0,1,1,1,0,0,0,0,0,16,0,0,5,7,4,2,2,3,2,2,0,1,0,0,0,0,0,0,0,7,1,1,0,0,0,0,3,1,0,1,KRBKRNvK,DRAW,8/7r/4B3/7K/6R1/2k5/1n6/8 w - - 0 1
0,1,0,0,0,0,0,1,-1,1,0,1,1,1,0,0,0,0,0,16,0,0,3,7,7,4,4,6,0,18,25,0,0,0,0,0,0,0,0,7,1,1,1,1,0,0,0,4,1,0,KRBKRNvK,DRAW,7K/1n3R2/8/4k3/1B6/8/4r3/8 b - - 0 1
0,1,0,0,0,0,0,1,-1,1,0,1,1,1,0,0,0,0,0,16,0,0,3,7,7,4,7,6,3,23,24,0,0,0,0,0,0,0,0,7,1,1,0,1,0,0,2,3,1,0,KRBKRNvK,DRAW,4k2K/6B1/1n6/8/8/8/4r3/2R5 b - - 0 1
1,1,0,0,0,0,0,1,-1,1,0,1,1,1,0,0,0,0,0,16,0,0,2,6,4,5,2,2,2,28,21,0,0,0,0,0,0,0,0,7,1,1,1,0,0,0,2,2,0,0,KRBKRNvK,DRAW,8/1R6/5B2/6K1/8/5k2/8/2n1r3 w - - 0 1
0,1,0,0,0,0,0,1,-1,1,0,1,1,1,0,0,0,0,0,16,0,0,7,0,0,4,7,6,3,6,0,1,0,0,0,0,0,0,0,7,1,1,0,0,0,0,2,1,0,0,KRBKRNvK,DRAW,4k3/8/8/8/2rn4/8/B7/K3R3 b - - 0 1
0,1,0,0,0,0,0,1,-1,1,0,1,1,1,0,0,0,0,0,16,0,0,3,5,2,4,5,2,1,5,0,1,0,0,0,0,0,0,0,7,1,1,1,0,0,0,1,4,0,0,KRBKRNvK,LOSS,7n/1R6/4k3/8/1r6/5K1B/8/8 b - - 0 1
1,1,0,0,0,0,0,1,-1,1,0,1,1,1,0,0,0,0,0,16,0,0,3,2,3,5,4,1,1,5,0,1,0,0,0,0,0,0,0,7,1,1,0,0,0,0,2,3,0,1,KRBKRNvK,DRAW,2R1B3/8/8/5k2/2K3r1/n7/8/8 w - - 0 1
0,1,0,0,0,0,0,1,-1,1,0,1,1,1,0,0,0,0,0,16,0,0,3,4,3,5,6,0,3,24,30,0,0,0,0,0,0,0,0,7,1,1,0,1,0,0,3,0,1,0,KRBKRNvK,DRAW,8/5k2/8/3R4/n3K1B1/8/1r6/8 b - - 0 1
1,1,0,0,0,0,0,1,-1,1,0,1,1,1,0,0,0,0,0,16,0,0,4,4,3,0,2,0,4,17,22,0,0,0,0,0,0,0,0,7,1,1,0,0,0,0,4,1,1,1,KRBKRNvK,DRAW,8/7B/5r2/1n6/2R1K3/k7/8/8 w - - 0 1
1,1,0,0,0,0,0,1,-1,1,0,1,1,1,0,0,0,0,0,16,0,0,6,0,7,6,1,6,4,26,28,0,0,0,0,0,0,0,0,7,1,1,0,0,0,0,0,3,0,0,KRBKRNvK,DRAW,K7/5n2/2R5/6B1/3r4/8/6k1/8 w - - 0 1
0,1,0,0,0,0,0,1,-1,1,0,1,1,1,0,0,0,0,0,16,0,0,2,7,3,7,5,3,4,23,22,0,0,0,0,0,0,0,0,7,1,1,0,0,0,0,1,3,0,1,KRBKRNvK,DRAW,8/8/7k/3r4/7K/1R6/5n1B/8 b - - 0 1
1,1,0,0,0,0,0,1,-1,1,0,1,1,1,0,0,0,0,0,16,0,0,5,6,5,5,0,3,4,5,0,1,0,0,0,0,0,0,0,7,1,1,0,0,0,0,2,0,0,1,KRBKRNvK,DRAW,6n1/8/1r4KB/7R/8/8/8/5k2 w - - 0 1
0,1,0,0,0,0,0,1,-1,1,0,1,1,1,0,0,0,0,0,16,0,0,4,4,7,0,7,3,6,3,0,1,0,0,0,0,0,0,0,7,1,1,0,0,0,0,0,2,0,1,KRBKRNvK,LOSS,k3Kn2/8/8/2r5/1B6/8/8/R7 b - - 0 1
0,1,0,0,0,0,0,1,-1,1,0,1,1,1,0,0,0,0,0,16,0,0,7,6,7,6,0,5,5,21,25,0,0,0,0,0,0,0,0,7,1,1,0,0,0,0,0,2,0,0,KRBKRNvK,DRAW,5RK1/8/8/1r6/n5B1/8/8/6k1 b - - 0 1
0,1,0,0,0,0,0,1,-1,1,0,1,1,1,0,0,0,0,0,16,0,0,7,6,7,0,0,5,6,3,0,1,0,0,0,0,0,0,0,7,1,1,0,1,0,0,1,0,0,0,KRBKRNvK,DRAW,2R3K1/8/8/4B3/8/8/5rn1/k7 b - - 0 1
0,1,0,0,0,0,0,1,-1,1,0,1,1,1,0,0,0,0,0,16,0,0,3,1,4,4,5,2,1,18,24,0,0,0,0,0,0,0,0,7,1,1,0,0,0,0,2,3,0,1,KRBKRNvK,DRAW,n7/1B6/3rk3/1K6/8/1R6/8/8 b - - 0 1
1,1,0,0,0,0,0,1,-1,1,0,1,1,1,0,0,0,0,0,16,0,0,4,3,6,3,2,2,1,6,0,1,0,0,0,0,0,0,0,7,1,1,0,0,0,0,2,2,0,1,KRBKRNvK,DRAW,1R6/3K1r2/8/8/8/3k4/7n/B7 w - - 0 1
1,1,0,0,0,0,0,1,-1,1,0,1,1,1,0,0,0,0,0,16,0,0,6,7,6,4,0,5,3,20,25,0,0,0,0,0,0,0,0,7,1,1,0,0,0,0,2,1,0,1,KRBKRNvK,DRAW,1r6/5n1K/8/8/7R/8/8/1B2k3 w - - 0 1
1,1,0,0,0,0,0,1,-1,1,0,1,1,1,0,0,0,0,0,16,0,0,3,4,3,7,6,0,5,5,0,1,0,0,0,0,0,0,0,7,1,1,0,0,0,0,3,1,0,1,KRBKRNvK,LOSS,8/5r1k/8/2B5/4K3/5R2/3n4/8 w - - 0 1
0,1,0,0,0,0,0,1,-1,1,0,1,1,1,0,0,0,0,0,16,0,0,4,2,3,6,5,1,3,6,0,1,0,0,0,0,0,0,0,7,1,1,0,0,0,0,2,0,1,0,KRBKRNvK,LOSS,7n/8/6k1/7B/2K5/5r2/8/7R b - - 0 1
1,1,0,0,0,0,0,1,-1,1,0,1,1,1,0,0,0,0,0,16,0,0,2,4,2,6,2,1,3,26,19,0,0,0,0,0,0,0,0,7,1,1,0,0,0,0,3,2,0,1,KRBKRNvK,DRAW,8/8/5B2/n7/2r5/4K1k1/1R6/8 w - - 0 1
0,1,0,0,0,0,0,1,-1,1,0,1,1,1,0,0,0,0,0,16,0,0,3,7,3,4,3,3,0,4,0,1,0,0,0,0,0,0,0,7,1,1,0,0,0,0,3,4,1,0,KRBKRNvK,DRAW,8/8/8/2R5/4k2K/4r3/8/1B4n1 b - - 0 1
0,1,0,0,0,0,0,1,-1,1,0,1,1,1,0,0,0,0,0,16,0,0,5,7,2,4,7,4,3,19,30,0,0,0,0,0,0,0,0,7,1,1,0,1,0,0,1,2,0,0,KRBKRNvK,DRAW,4k3/8/1R6/3B4/8/7K/n3r3/8 b - - 0 1
1,1,0,0,0,0,0,1,-1,1,0,1,1,1,0,0,0,0,0,16,0,0,2,6,5,7,7,3,6,4,0,1,0,0,0,0,0,0,0,7,1,1,0,1,0,0,3,0,0,1,KRBKRNvK,DRAW,B6k/8/6K1/6R1/7n/8/6r1/8 w - - 0 1
1,1,0,0,0,0,0,1,-1,1,0,1,1,1,0,0,0,0,0,16,0,0,3,3,5,6,5,1,3,26,15,0,0,0,0,0,0,0,0,7,1,1,0,0,0,0,3,0,1,0,KRBKRNvK,DRAW,8/n7/3K2k1/8/5Br1/3R4/8/8 w - - 0 1
1,1,0,0,0,0,0,1,-1,1,0,1,1,1,0,0,0,0,0,16,0,0,2,1,7,1,5,5,3,23,24,0,0,0,0,0,0,0,0,7,1,1,0,0,0,0,2,1,0,0,KRBKRNvK,DRAW,1K3B2/7r/1k6/8/8/1n6/8/4R3 w - - 0 1
1,1,0,0,0,0,0,1,-1,1,0,1,1,1,0,0,0,0,0,16,0,0,6,1,6,7,3,4,3,25,18,0,0,0,0,0,0,0,0,7,1,1,0,0,0,0,0,0,0,0,KRBKRNvK,DRAW,8/1K6/8/8/7k/2R5/1B6/5r1n w - - 0 1
1,1,0,0,0,0,0,1,-1,1,0,1,1,1,0,0,0,0,0,16,0,0,7,1,7,7,0,5,6,29,17,0,0,0,0,0,0,0,0,7,1,1,1,0,0,0,2,2,0,0,KRBKRNvK,DRAW,1K2n3/3R4/8/8/4r3/4B3/8/7k w - - 0 1
1,1,0,0,0,0,0,1,-1,1,0,1,1,1,0,0,0,0,0,16,0,0,5,6,5,1,2,3,3,28,25,0,0,0,0,0,0,0,0,7,1,1,0,1,0,0,2,2,0,0,KRBKRNvK,DRAW,B6R/8/6K1/8/8/nk6/4r3/8 w - - 0 1
1,1,0,0,0,0,0,1,-1,1,0,1,1,1,0,0,0,0,0,16,0,0,3,2,3,3,6,1,2,28,26,0,0,0,0,0,0,0,0,7,1,1,0,0,0,0,3,1,0,0,KRBKRNvK,DRAW,6r1/3k1n2/8/8/2K4R/8/6B1/8 w - - 0 1
0,1,0,0,0,0,0,1,-1,1,0,1,1,1,0,0,0,0,0,16,0,0,7,6,0,3,7,5,3,18,20,0,0,0,0,0,0,0,0,7,1,1,0,1,0,0,3,1,0,0,KRBKRNvK,DRAW,3k4/B7/8/8/1n6/8/1r6/4R1K1 b - - 0 1
0,1,0,0,0,0,0,1,-1,1,0,1,1,1,0,0,0,0,0,16,0,0,6,0,4,6,4,3,2,22,22,0,0,0,0,0,0,0,0,7,1,1,0,0,0,0,1,2,0,0,KRBKRNvK,DRAW,8/8/4r1n1/K5k1/8/8/8/5RB1 b - - 0 1
0,1,0,0,0,0,0,1,-1,1,0,1,1,1,0,0,0,0,0,16,0,0,4,4,5,1,1,1,4,27,28,0,0,0,0,0,0,0,0,7,1,1,0,0,0,0,4,3,1,0,KRBKRNvK,DRAW,8/8/4K3/8/7r/3RnB2/1k6/8 b - - 0 1
0,1,0,0,0,0,0,1,-1,1,0,1,1,1,0,0,0,0,0,16,0,0,2,2,0,4,2,4,1,24,19,0,0,0,0,0,0,0,0,7,1,1,0,0,0,0,0,4,0,0,KRBKRNvK,DRAW,4B1R1/8/8/7r/8/4k3/6n1/2K5 b - - 0 1
0,1,0,0,0,0,0,1,-1,1,0,1,1,1,0,0,0,0,0,16,0,0,2,0,6,0,4,5,3,23,19,0,0,0,0,0,0,0,0,7,1,1,0,0,0,0,3,1,0,0,KRBKRNvK,DRAW,4R1B1/K7/6n1/k7/8/1r6/8/8 b - - 0 1
0,1,0,0,0,0,0,1,-1,1,0,1,1,1,0,0,0,0,0,16,0,0,3,0,7,3,7,6,3,26,23,0,0,0,0,0,0,0,0,7,1,1,0,0,0,0,2,2,0,0,KRBKRNvK,DRAW,K2k4/8/8/8/1B1n2R1/8/8/4r3 b - - 0 1
0,1,0,0,0,0,0,1,-1,1,0,1,1,1,0,0,0,0,0,16,0,0,3,0,7,3,6,6,2,22,19,0,0,0,0,0,0,0,0,7,1,1,0,0,0,0,1,1,0,0,KRBKRNvK,DRAW,K7/B2k4/R7/8/8/4n2r/8/8 b - - 0 1
1,1,0,0,0,0,0,1,-1,1,0,1,1,1,0,0,0,0,0,16,0,0,2,5,1,7,1,3,5,22,12,0,0,0,0,0,0,0,0,7,1,1,1,0,0,0,1,1,0,2,KRBKRNvK,DRAW,8/R7/8/8/8/6nr/B4K1k/8 w - - 0 1
1,1,0,0,0,0,0,1,-1,1,0,1,1,1,0,0,0,0,0,16,0,0,5,4,5,4,0,1,3,22,23,0,0,0,0,0,0,0,0,7,1,1,0,1,0,0,2,1,0,0,KRBKRNvK,DRAW,2B2R2/8/4K3/8/8/1n6/r7/4k3 w - - 0 1
1,1,0,0,0,0,0,1,-1,1,0,1,1,1,0,0,0,0,0,16,0,0,2,4,2,2,2,1,2,23,11,0,0,0,0,0,0,0,0,7,1,1,0,0,0,0,2,1,0,0,KRBKRNvK,DRAW,8/8/8/8/7B/1rk1K3/5R2/n7 w - - 0 1
0,1,0,0,0,0,0,1,-1,1,0,1,1,1,0,0,0,0,0,16,0,0,3,6,4,5,7,2,4,20,29,0,0,0,0,0,0,0,0,7,1,1,0,0,0,0,3,2,0,0,KRBKRNvK,DRAW,3r1k2/B1n5/8/6K1/8/8/4R3/8 b - - 0 1
0,1,0,0,0,0,0,1,-1,1,0,1,1,1,0,0,0,0,0,16,0,0,2,4,4,2,2,0,2,5,0,1,0,0,0,0,0,0,0,7,1,1,0,0,0,0,3,1,2,0,KRBKRNvK,DRAW,5r2/8/8/2B1K3/8/2k5/8/n1R5 b - - 0 1
0,1,0,0,0,0,0,1,-1,1,0,1,1,1,0,0,0,0,0,16,0,0,3,6,4,4,7,2,3,24,25,0,0,0,0,0,0,0,0,7,1,1,0,0,0,0,0,2,0,1,KRBKRNvK,DRAW,4k3/8/2n4r/6K1/8/8/3B4/1R6 b - - 0 1
0,1,0,0,0,0,0,1,-1,1,0,1,1,1,0,0,0,0,0,16,0,0,7,0,0,7,2,6,4,2,0,1,0,0,0,0,0,0,0,7,1,1,0,0,0,0,0,0,1,0,KRBKRNvK,DRAW,6r1/n2B4/8/8/8/7k/8/K6R b - - 0 1
1,1,0,0,0,0,0,1,-1,1,0,1,1,1,0,0,0,0,0,16,0,0,4,5,3,3,7,1,3,30,21,0,0,0,0,0,0,0,0,7,1,1,0,1,0,0,3,0,0,1,KRBKRNvK,DRAW,3k4/8/8/4R3/5K1n/3B4/1r6/8 w - - 0 1
0,1,0,0,0,0,0,1,-1,1,0,1,1,1,0,0,0,0,0,16,0,0,7,7,6,0,3,5,3,26,21,0,0,0,0,0,0,0,0,7,1,1,0,0,0,0,2,3,0,0,KRBKRNvK,DRAW,8/7K/2n2R2/1r6/k7/8/8/B7 b - - 0 1
0,1,0,0,0,0,0,1,-1,1,0,1,1,1,0,0,0,0,0,16,0,0,4,6,3,2,5,2,2,29,25,0,0,0,0,0,0,0,0,7,1,1,0,0,0,0,1,3,0,1,KRBKRNvK,DRAW,8/8/2k5/8/3n2K1/4r3/5R2/1B6 b - - 0 1
1,1,0,0,0,0,0,1,-1,1,0,1,1,1,0,0,0,0,0,16,0,0,7,5,0,1,7,4,5,4,0,1,0,0,0,0,0,0,0,7,1,1,0,0,0,0,0,2,0,1,KRBKRNvK,DRAW,1k2B2R/3r4/8/8/8/4n3/8/5K2 w - - 0 1
0,1,0,0,0,0,0,1,-1,1,0,1,1,1,0,0,0,0,0,16,0,0,5,1,2,6,5,3,3,30,18,0,0,0,0,0,0,0,0,7,1,1,0,0,0,0,0,2,0,1,KRBKRNvK,DRAW,8/8/6k1/r7/8/1K2n3/4R3/4B3 b - - 0 1
0,1,0,0,0,0,0,1,-1,1,0,1,1,1,0,0,0,0,0,16,0,0,3,1,3,2,0,2,4,19,25,0,0,0,0,0,0,0,0,7,1,1,0,0,0,0,1,2,1,1,KRBKRNvK,DRAW,n7/8/8/2r5/1K6/5R2/B7/2k5 b - - 0 1
1,1,0,0,0,0,0,1,-1,1,0,1,1,1,0,0,0,0,0,16,0,0,4,4,4,7,0,0,6,21,23,0,0,0,0,0,0,0,0,7,1,1,0,0,0,0,4,2,0,1,KRBKRNvK,DRAW,8/3r4/7B/1n2K3/4R3/8/8/7k w - - 0 1
0,1,0,0,0,0,0,1,-1,1,0,1,1,1,0,0,0,0,0,16,0,0,3,0,4,2,7,3,4,23,20,0,0,0,0,0,0,0,0,7,1,1,0,0,0,0,1,0,1,1,KRBKRNvK,DRAW,2k5/8/3R4/K2n3B/8/2r5/8/8 b - - 0 1
1,1,0,0,0,0,0,1,-1,1,0,1,1,1,0,0,0,0,0,16,0,0,6,1,5,7,7,3,6,31,19,0,0,0,0,0,0,0,0,7,1,1,0,1,0,0,1,0,1,0,KRBKRNvK,DRAW,7k/5B2/1K6/8/8/R7/6r1/1n6 w - - 0 1
0,1,0,0,0,0,0,1,-1,1,0,1,1,1,0,0,0,0,0,16,0,0,6,7,1,1,1,5,4,8,23,0,0,0,0,0,0,0,0,7,1,1,0,0,0,0,3,2,0,0,KRBKRNvK,DRAW,8/8/5B2/8/3r4/8/1k1nR2K/8 b - - 0 1
1,1,0,0,0,0,0,1,-1,1,0,1,1,1,0,0,0,0,0,16,0,0,2,4,5,5,3,1,1,24,22,0,0,0,0,0,0,0,0,7,1,1,1,0,0,0,2,2,0,0,KRBKRNvK,DRAW,n7/1R6/4K3/8/5k2/8/B7/2r5 w - - 0 1
0,1,0,0,0,0,0,1,-1,1,0,1,1,1,0,0,0,0,0,16,0,0,6,2,7,4,1,4,2,19,28,0,0,0,0,0,0,0,0,7,1,1,0,0,0,0,1,2,2,0,KRBKRNvK,DRAW,2K5/6n1/8/4r3/3B4/8/4k3/2R5 b - - 0 1
0,1,0,0,0,0,0,1,-1,1,0,1,1,1,0,0,0,0,0,16,0,0,3,0,6,0,3,5,3,22,22,0,0,0,0,0,0,0,0,7,1,1,0,0,0,0,2,0,0,0,KRBKRNvK,DRAW,8/K7/3RB3/8/k7/1r6/6n1/8 b - - 0 1
1,1,0,0,0,0,0,1,-1,1,0,1,1,1,0,0,0,0,0,16,0,0,4,1,2,5,2,3,2,24,27,0,0,0,0,0,0,0,0,7,1,1,0,1,0,0,2,2,0,0,KRBKRNvK,DRAW,8/8/1n6/1BR5/8/1K3k2/7r/8 w - - 0 1
1,1,0,0,0,0,0,1,-1,1,0,1,1,1,0,0,0,0,0,16,0,0,4,3,7,7,5,3,4,24,24,0,0,0,0,0,0,0,0,7,1,1,1,0,0,0,2,2,0,0,KRBKRNvK,DRAW,3K4/4R3/7k/1r6/3n4/8/8/4B3 w - - 0 1
0,1,0,0,0,0,0,1,-1,1,0,1,1,1,0,0,0,0,0,16,0,0,7,0,6,7,7,5,6,1,0,1,0,0,0,0,0,0,0,7,1,1,0,0,0,0,2,1,0,0,KRBKRNvK,DRAW,6rk/K7/8/8/8/7R/3n4/7B b - - 0 1
0,1,0,0,0,0,0,1,-1,1,0,1,1,1,0,0,0,0,0,16,0,0,7,1,7,2,0,5,4,20,25,0,0,0,0,0,0,0,0,7,1,1,0,0,0,0,2,0,1,1,KRBKRNvK,DRAW,1K6/2r5/3R4/8/7n/8/4B3/2k5 b - - 0 1
0,1,0,0,0,0,0,1,-1,1,0,1,1,1,0,0,0,0,0,16,0,0,3,5,2,2,4,2,1,23,22,0,0,0,0,0,0,0,0,7,1,1,0,0,0,0,2,3,1,0,KRBKRNvK,DRAW,8/8/4R3/2k5/r7/5K1B/8/2n5 b - - 0 1
0,1,0,0,0,0,0,1,-1,1,0,1,1,1,0,0,0,0,0,16,0,0,4,5,2,2,6,2,3,4,0,1,0,0,0,0,0,0,0,7,1,1,0,0,0,0,3,2,1,1,KRBKRNvK,LOSS,8/2k5/8/B1n5/6r1/5K2/3R4/8 b - - 0 1
1,1,0,0,0,0,0,1,-1,1,0,1,1,1,0,0,0,0,0,16,0,0,2,1,0,3,0,5,3,26,25,0,0,0,0,0,0,0,0,7,1,1,0,0,0,0,0,2,0,0,KRBKRNvK,DRAW,R7/4B3/8/3n4/6r1/8/8/1K1k4 w - - 0 1
0,1,0,0,0,0,0,1,-1,1,0,1,1,1,0,0,0,0,0,16,0,0,2,5,7,7,6,4,5,18,25,0,0,0,0,0,0,0,0,7,1,1,0,1,0,0,2,0,1,0,KRBKRNvK,DRAW,5K2/5B1k/8/4R3/8/8/6r1/7n b - - 0 1
0,1,0,0,0,0,0,1,-1,1,0,1,1,1,0,0,0,0,0,16,0,0,6,1,1,0,7,4,6,19,25,0,0,0,0,0,0,0,0,7,1,1,1,0,0,0,1,2,0,0,KRBKRNvK,DRAW,k2r4/6R1/1n4B1/8/8/8/1K6/8 b - - 0 1
0,1,0,0,0,0,0,1,-1,1,0,1,1,1,0,0,0,0,0,16,0,0,4,4,1,1,5,2,3,5,0,1,0,0,0,0,0,0,0,7,1,1,0,0,0,0,1,1,0,1,KRBKRNvK,DRAW,8/8/1k6/8/8/3Bn2r/4K3/1R6 b - - 0 1
1,1,0,0,0,0,0,1,-1,1,0,1,1,1,0,0,0,0,0,16,0,0,3,6,6,6,3,4,2,26,30,0,0,0,0,0,0,0,0,7,1,1,0,0,0,0,3,1,0,0,KRBKRNvK,DRAW,8/6K1/8/2n5/6k1/2B5/3R4/7r w - - 0 1
0,1,0,0,0,0,0,1,-1,1,0,1,1,1,0,0,0,0,0,16,0,0,5,2,1,5,6,3,3,25,18,0,0,0,0,0,0,0,0,7,1,1,0,0,0,0,0,1,0,0,KRBKRNvK,WIN,2r5/5k2/8/R1n5/8/8/2K5/3B4 b - - 0 1
1,1,0,0,0,0,0,1,-1,1,0,1,1,1,0,0,0,0,0,16,0,0,2,2,5,2,7,2,4,4,0,1,0,0,0,0,0,0,0,7,1,1,0,0,0,0,3,1,0,1,KRBKRNvK,DRAW,2k5/4n2r/2K5/8/6R1/8/B7/8 w - - 0 1
0,1,0,0,0,0,0,1,-1,1,0,1,1,1,0,0,0,0,0,16,0,0,5,3,0,6,5,3,3,6,0,1,0,0,0,0,0,0,0,7,1,1,0,0,0,0,2,2,1,0,KRBKRNvK,DRAW,6R1/8/6k1/8/1r6/7n/8/3K3B b - - 0 1
0,1,0,0,0,0,0,1,-1,1,0,1,1,1,0,0,0,0,0,16,0,0,2,4,3,6,2,0,3,4,0,1,0,0,0,0,0,0,0,7,1,1,0,0,0,0,3,0,0,0,KRBKRNvK,DRAW,8/2B3n1/8/8/4K3/1R4kr/8/8 b - - 0 1
0,1,0,0,0,0,0,1,-1,1,0,1,1,1,0,0,0,0,0,16,0,0,3,4,5,1,3,1,2,4,0,1,0,0,0,0,0,0,0,7,1,1,0,0,0,0,4,0,1,0,KRBKRNvK,DRAW,8/7r/3BK3/8/1k4R1/8/6n1/8 b - - 0 1
0,1,0,0,0,0,0,1,-1,1,0,1,1,1,0,0,0,0,0,16,0,0,6,7,2,1,7,4,5,21,24,0,0,0,0,0,0,0,0,7,1,1,0,1,0,0,2,2,0,0,KRBKRNvK,DRAW,1k1n4/8/8/8/2R5/B6K/4r3/8 b - - 0 1
0,1,0,0,0,0,0,1,-1,1,0,1,1,1,0,0,0,0,0,16,0,0,4,7,0,3,0,6,3,18,22,0,0,0,0,0,0,0,0,7,1,1,1,1,0,0,0,1,0,0,KRBKRNvK,DRAW,8/5R2/B7/8/8/1n6/1r6/3k3K b - - 0 1
0,1,0,0,0,0,0,1,-1,1,0,1,1,1,0,0,0,0,0,16,0,0,5,6,7,2,2,5,2,5,0,1,0,0,0,0,0,0,0,7,1,1,0,0,0,0,0,1,0,0,KRBKRNvK,LOSS,2R3K1/8/7B/8/3n4/2k5/8/2r5 b - - 0 1
1,1,0,0,0,0,0,1,-1,1,0,1,1,1,0,0,0,0,0,16,0,0,7,0,0,6,7,6,5,3,0,1,0,0,0,0,0,0,0,7,1,1,0,0,0,0,2,1,1,1,KRBKRNvK,DRAW,6kB/6r1/8/4R3/8/1n6/8/K7 w - - 0 1
0,1,0,0,0,0,0,1,-1,1,0,1,1,1,0,0,0,0,0,16,0,0,4,4,5,0,1,1,5,26,22,0,0,0,0,0,0,0,0,7,1,1,0,0,0,0,2,4,0,1,KRBKRNvK,DRAW,8/8/4K3/1B3R2/3r4/5n2/k7/8 b - - 0 1
1,1,0,0,0,0,0,1,-1,1,0,1,1,1,0,0,0,0,0,16,0,0,2,2,5,0,5,2,4,22,23,0,0,0,0,0,0,0,0,7,1,1,0,0,0,0,1,2,0,0,KRBKRNvK,WIN,7r/8/k1K5/8/8/5n2/8/1R2B3 w - - 0 1
0,1,0,0,0,0,0,1,-1,1,0,1,1,1,0,0,0,0,0,16,0,0,5,6,6,1,2,4,3,18,29,0,0,0,0,0,0,0,0,7,1,1,0,0,0,0,2,0,1,0,KRBKRNvK,DRAW,rnB5/6K1/8/3R4/8/1k6/8/8 b - - 0 1
0,1,0,0,0,0,0,1,-1,1,0,1,1,1,0,0,0,0,0,16,0,0,7,7,6,0,7,5,6,21,24,0,0,0,0,0,0,0,0,7,1,1,0,0,0,0,2,3,0,0,KRBKRNvK,DRAW,k3B3/7K/8/8/3r2n1/8/8/4R3 b - - 0 1
0,1,0,0,0,0,0,1,-1,1,0,1,1,1,0,0,0,0,0,16,0,0,3,4,7,1,6,3,4,22,24,0,0,0,0,0,0,0,0,7,1,1,0,0,0,0,0,0,0,0,KRBKRNvK,DRAW,4K3/1k5n/8/8/8/5r2/R7/2B5 b - - 0 1
1,1,0,0,0,0,0,1,-1,1,0,1,1,1,0,0,0,0,0,16,0,0,7,7,5,0,1,4,5,27,20,0,0,0,0,0,0,0,0,7,1,1,0,0,0,0,2,2,1,0,KRBKRNvK,DRAW,8/8/2B4K/8/3r4/2R5/k7/3n4 w - - 0 1
0,1,0,0,0,0,0,1,-1,1,0,1,1,1,0,0,0,0,0,16,0,0,4,1,2,5,3,3,1,5,0,1,0,0,0,0,0,0,0,7,1,1,0,0,0,0,0,2,1,0,KRBKRNvK,DRAW,8/4r3/8/8/5k2/1K4n1/5R2/5B2 b - - 0 1
1,1,0,0,0,0,0,1,-1,1,0,1,1,1,0,0,0,0,0,16,0,0,6,6,6,6,0,4,5,7,0,1,0,0,0,0,0,0,0,7,1,1,0,0,0,0,2,2,0,0,KRBKRNvK,DRAW,8/6K1/8/7R/6r1/6n1/B7/6k1 w - - 0 1
1,1,0,0,0,0,0,1,-1,1,0,1,1,1,0,0,0,0,0,16,0,0,2,3,1,1,3,2,2,25,19,0,0,0,0,0,0,0,0,7,1,1,1,0,0,0,1,0,0,1,KRBKRNvK,DRAW,8/R7/8/8/1k6/8/3K3B/5r1n w - - 0 1
0,1,0,0,0,0,0,1,-1,1,0,1,1,1,0,0,0,0,0,16,0,0,7,5,0,6,7,4,5,21,25,0,0,0,0,0,0,0,0,7,1,1,0,0,0,0,1,2,0,0,KRBKRNvK,DRAW,1n4k1/8/4r3/2B5/8/8/8/1R3K2 b - - 0 1
1,1,0,0,0,0,0,1,-1,1,0,1,1,1,0,0,0,0,0,16,0,0,6,3,6,4,0,2,3,6,0,1,0,0,0,0,0,0,0,7,1,1,0,0,0,0,0,0,1,0,KRBKRNvK,LOSS,8/r2K4/8/8/6B1/8/5R2/4k1n1 w - - 0 1
1,1,0,0,0,0,0,1,-1,1,0,1,1,1,0,0,0,0,0,16,0,0,5,7,0,4,5,6,1,2,0,1,0,0,0,0,0,0,0,7,1,1,0,0,0,0,1,3,1,1,KRBKRNvK,DRAW,6R1/8/4k3/8/8/4B3/5n2/2r4K w - - 0 1
0,1,0,0,0,0,0,1,-1,1,0,1,1,1,0,0,0,0,0,16,0,0,4,5,5,7,1,2,5,19,29,0,0,0,0,0,0,0,0,7,1,1,0,0,0,0,2,0,0,1,KRBKRNvK,DRAW,8/8/5K1n/8/4B3/6r1/7k/1R6 b - - 0 1
1,1,0,0,0,0,0,1,-1,1,0,1,1,1,0,0,0,0,0,16,0,0,3,0,4,0,7,3,6,27,23,0,0,0,0,0,0,0,0,7,1,1,0,0,0,0,1,1,0,1,KRBKRNvK,DRAW,k7/2r2B2/8/K7/8/3n4/8/7R w - - 0 1
1,1,0,0,0,0,0,1,-1,1,0,1,1,1,0,0,0,0,0,16,0,0,3,3,1,0,2,2,4,7,0,1,0,0,0,0,0,0,0,7,1,1,0,0,0,0,2,2,0,1,KRBKRNvK,DRAW,8/3r4/8/6B1/6R1/k7/1n1K4/8 w - - 0 1
1,1,0,0,0,0,0,1,-1,1,0,1,1,1,0,0,0,0,0,16,0,0,5,6,2,7,7,3,6,20,9,0,0,0,0,0,0,0,0,7,1,1,0,0,0,0,0,0,0,2,KRBKRNvK,DRAW,7k/8/8/8/7B/2R3K1/8/6nr w - - 0 1
0,1,0,0,0,0,0,1,-1,1,0,1,1,1,0,0,0,0,0,16,0,0,3,4,7,7,6,3,5,16,22,0,0,0,0,0,0,0,0,7,1,1,0,0,0,0,1,0,1,0,KRBKRNvK,DRAW,4K1R1/1r5k/8/3B4/8/8/8/1n6 b - - 0 1
0,1,0,0,0,0,0,1,-1,1,0,1,1,1,0,0,0,0,0,16,0,0,2,7,5,5,5,4,2,21,20,0,0,0,0,0,0,0,0,7,1,1,0,0,0,0,2,2,0,1,KRBKRNvK,DRAW,8/1B6/5k1K/6r1/8/8/8/n6R b - - 0 1
1,1,0,0,0,0,0,1,-1,1,0,1,1,1,0,0,0,0,0,16,0,0,6,0,7,6,7,6,5,24,19,0,0,0,0,0,0,0,0,7,1,1,0,0,0,0,3,0,0,0,KRBKRNvK,DRAW,K5kn/8/8/1R6/8/6r1/8/6B1 w - - 0 1
1,1,0,0,0,0,0,1,-1,1,0,1,1,1,0,0,0,0,0,16,0,0,2,1,5,2,7,3,4,27,19,0,0,0,0,0,0,0,0,7,1,1,0,0,0,0,1,3,0,1,KRBKRNvK,DRAW,2k5/8/1K6/2n3r1/8/6B1/8/7R w - - 0 1
0,1,0,0,0,0,0,1,-1,1,0,1,1,1,0,0,0,0,0,16,0,0,2,6,0,6,2,5,3,4,0,1,0,0,0,0,0,0,0,7,1,1,0,0,0,0,2,1,2,1,KRBKRNvK,DRAW,8/8/1r6/8/8/6k1/4Rn1B/6K1 b - - 0 1
1,1,0,0,0,0,0,1,-1,1,0,1,1,1,0,0,0,0,0,16,0,0,4,2,3,6,2,1,3,24,11,0,0,0,0,0,0,0,0,7,1,1,0,0,0,0,3,0,0,0,KRBKRNvK,DRAW,8/8/8/8/2KR4/6k1/7n/3B2r1 w - - 0 1
1,1,0,0,0,0,0,1,-1,1,0,1,1,1,0,0,0,0,0,16,0,0,3,2,4,0,7,1,6,6,0,1,0,0,0,0,0,0,0,7,1,1,0,1,0,0,3,0,1,0,KRBKRNvK,DRAW,k5n1/B7/8/2K1R3/8/8/2r5/8 w - - 0 1
0,1,0,0,0,0,0,1,-1,1,0,1,1,1,0,0,0,0,0,16,0,0,4,5,0,1,0,4,5,19,26,0,0,0,0,0,0,0,0,7,1,1,0,0,0,0,2,0,1,1,KRBKRNvK,DRAW,1r6/8/8/8/3B4/3R4/8/1k3Kn1 b - - 0 1
1,1,0,0,0,0,0,1,-1,1,0,1,1,1,0,0,0,0,0,16,0,0,2,1,5,2,3,3,1,21,20,0,0,0,0,0,0,0,0,7,1,1,0,0,0,0,2,4,0,0,KRBKRNvK,DRAW,7B/4r3/1K6/8/2k4n/8/8/1R6 w - - 0 1
1,1,0,0,0,0,0,1,-1,1,0,1,1,1,0,0,0,0,0,16,0,0,2,5,5,7,7,2,6,5,0,1,0,0,0,0,0,0,0,7,1,1,0,0,0,0,2,1,1,1,KRBKRNvK,DRAW,5r1k/7B/5K2/8/1n6/8/R7/8 w - - 0 1
1,1,0,0,0,0,0,1,-1,1,0,1,1,1,0,0,0,0,0,16,0,0,2,3,0,3,2,3,1,23,18,0,0,0,0,0,0,0,0,7,1,1,1,0,0,0,0,2,0,0,KRBKRNvK,DRAW,r2n4/5R2/8/8/8/3k3B/8/3K4 w - - 0 1
1,1,0,0,0,0,0,1,-1,1,0,1,1,1,0,0,0,0,0,16,0,0,6,3,7,3,1,3,2,23,24,0,0,0,0,0,0,0,0,7,1,1,0,0,0,0,2,3,0,0,KRBKRNvK,DRAW,3K4/8/8/2r2n2/8/6R1/3k4/B7 w - - 0 1
1,1,0,0,0,0,0,1,-1,1,0,1,1,1,0,0,0,0,0,16,0,0,2,6,5,7,7,3,6,24,18,0,0,0,0,0,0,0,0,7,1,1,0,0,0,0,2,2,0,0,KRBKRNvK,WIN,7k/8/6K1/3r4/2R5/B7/8/3n4 w - - 0 1
1,1,0,0,0,0,0,1,-1,1,0,1,1,1,0,0,0,0,0,16,0,0,2,5,7,3,7,4,3,21,20,0,0,0,0,0,0,0,0,7,1,1,0,0,0,0,1,0,0,0,KRBKRNvK,DRAW,3k1K2/Br6/8/8/8/5R2/7n/8 w - - 0 1
0,1,0,0,0,0,0,1,-1,1,0,1,1,1,0,0,0,0,0,16,0,0,3,7,7,4,5,6,1,19,26,0,0,0,0,0,0,0,0,7,1,1,0,0,0,0,3,3,0,0,KRBKRNvK,DRAW,7K/1B6/n3k3/4r3/8/8/3R4/8 b - - 0 1
0,1,0,0,0,0,0,1,-1,1,0,1,1,1,0,0,0,0,0,16,0,0,5,0,5,5,4,4,1,21,26,0,0,0,0,0,0,0,0,7,1,1,0,0,0,0,2,4,1,0,KRBKRNvK,DRAW,8/6B1/K7/5k2/8/8/1R6/1n1r4 b - - 0 1
0,1,0,0,0,0,0,1,-1,1,0,1,1,1,0,0,0,0,0,16,0,0,2,5,5,4,7,2,3,2,0,1,0,0,0,0,0,0,0,7,1,1,0,0,0,0,1,0,0,0,KRBKRNvK,DRAW,R3k3/8/5K2/B7/8/1r6/8/1n6 b - - 0 1
1,1,0,0,0,0,0,1,-1,1,0,1,1,1,0,0,0,0,0,16,0,0,5,1,0,4,5,5,1,25,23,0,0,0,0,0,0,0,0,7,1,1,0,0,0,0,1,4,1,0,KRBKRNvK,DRAW,8/2B5/4k3/8/2r1n3/8/7R/1K6 w - - 0 1
1,1,0,0,0,0,0,1,-1,1,0,1,1,1,0,0,0,0,0,16,0,0,2,3,6,5,6,2,3,28,20,0,0,0,0,0,0,0,0,7,1,1,0,1,0,0,2,0,1,0,KRBKRNvK,DRAW,8/3K1kB1/8/8/8/1R6/r7/6n1 w - - 0 1
0,1,0,0,0,0,0,1,-1,1,0,1,1,1,0,0,0,0,0,16,0,0,4,2,5,6,5,2,3,26,19,0,0,0,0,0,0,0,0,7,1,1,0,0,0,0,2,2,0,1,KRBKRNvK,DRAW,8/8/2K3k1/4r3/8/6B1/1n6/6R1 b - - 0 1
1,1,0,0,0,0,0,1,-1,1,0,1,1,1,0,0,0,0,0,16,0,0,2,4,5,2,5,1,2,22,18,0,0,0,0,0,0,0,0,7,1,1,0,1,0,0,2,1,0,0,KRBKRNvK,DRAW,8/8/2k1K3/8/8/5R2/2r3B1/4n3 w - - 0 1
1,1,0,0,0,0,0,1,-1,1,0,1,1,1,0,0,0,0,0,16,0,0,3,2,5,5,3,2,1,23,26,0,0,0,0,0,0,0,0,7,1,1,0,1,0,0,1,4,0,0,KRBKRNvK,DRAW,5n2/8/B1K5/8/5k2/8/3r4/R7 w - - 0 1
0,1,0,0,0,0,0,1,-1,1,0,1,1,1,0,0,0,0,0,16,0,0,3,2,7,5,6,4,3,20,22,0,0,0,0,0,0,0,0,7,1,1,0,0,0,0,2,1,0,0,KRBKRNvK,DRAW,2K5/1B3k2/6nr/8/8/8/6R1/8 b - - 0 1
0,1,0,0,0,0,0,1,-1,1,0,1,1,1,0,0,0,0,0,16,0,0,2,0,5,0,3,4,3,4,0,1,0,0,0,0,0,0,0,7,1,1,0,1,0,0,0,0,0,0,KRBKRNvK,DRAW,8/8/K7/6B1/k7/8/1r6/R1n5 b - - 0 1
0,1,0,0,0,0,0,1,-1,1,0,1,1,1,0,0,0,0,0,16,0,0,6,0,5,6,6,4,4,22,23,0,0,0,0,0,0,0,0,7,1,1,0,0,0,0,2,1,1,0,KRBKRNvK,DRAW,8/6kr/K2n4/4R3/8/8/8/4B3 b - - 0 1
0,1,0,0,0,0,0,1,-1,1,0,1,1,1,0,0,0,0,0,16,0,0,5,3,1,4,6,2,2,21,27,0,0,0,0,0,0,0,0,7,1,1,0,0,0,0,3,0,1,1,KRBKRNvK,DRAW,B7/4k1r1/8/2R5/8/8/3K4/4n3 b - - 0 1
0,1,0,0,0,0,0,1,-1,1,0,1,1,1,0,0,0,0,0,16,0,0,7,0,0,3,7,6,3,23,23,0,0,0,0,0,0,0,0,7,1,1,0,0,0,0,0,0,0,1,KRBKRNvK,DRAW,3k4/6n1/8/8/8/1r6/4B3/K6R b - - 0 1
1,1,0,0,0,0,0,1,-1,1,0,1,1,1,0,0,0,0,0,16,0,0,4,6,4,3,0,2,3,21,22,0,0,0,0,0,0,0,0,7,1,1,1,0,0,0,0,0,0,0,KRBKRNvK,DRAW,8/5R2/2r4B/6K1/8/8/8/3kn3 w - - 0 1
0,1,0,0,0,0,0,1,-1,1,0,1,1,1,0,0,0,0,0,16,0,0,4,7,1,3,4,5,0,18,22,0,0,0,0,0,0,0,0,7,1,1,0,0,0,0,0,3,1,0,KRBKRNvK,DRAW,5nr1/4B3/8/3k4/8/7R/7K/8 b - - 0 1
0,1,0,0,0,0,0,1,-1,1,0,1,1,1,0,0,0,0,0,16,0,0,3,2,6,3,3,3,0,17,30,0,0,0,0,0,0,0,0,7,1,1,0,1,0,0,2,4,2,0,KRBKRNvK,DRAW,8/2K5/4B3/1R6/3k4/1n6/1r6/8 b - - 0 1
0,1,0,0,0,0,0,1,-1,1,0,1,1,1,0,0,0,0,0,16,0,0,7,0,5,7,3,4,3,18,18,0,0,0,0,0,0,0,0,7,1,1,0,1,0,0,0,2,0,1,KRBKRNvK,DRAW,n7/8/K7/8/7k/8/4r3/3B2R1 b - - 0 1
0,1,0,0,0,0,0,1,-1,1,0,1,1,1,0,0,0,0,0,16,0,0,4,2,3,5,7,1,4,22,30,0,0,0,0,0,0,0,0,7,1,1,0,0,0,0,3,0,0,0,KRBKRNvK,DRAW,2n2k2/8/2B5/8/2K5/7r/3R4/8 b - - 0 1
1,1,0,0,0,0,0,1,-1,1,0,1,1,1,0,0,0,0,0,16,0,0,4,0,2,4,0,4,3,25,26,0,0,0,0,0,0,0,0,7,1,1,0,0,0,0,2,1,1,0,KRBKRNvK,DRAW,5r2/8/4n3/8/8/K5R1/1B6/4k3 w - - 0 1
1,1,0,0,0,0,0,1,-1,1,0,1,1,1,0,0,0,0,0,16,0,0,7,0,0,7,0,6,6,24,24,0,0,0,0,0,0,0,0,7,1,1,0,0,0,0,1,3,0,0,KRBKRNvK,DRAW,1R6/7B/4n3/2r5/8/8/8/K6k w - - 0 1
0,1,0,0,0,0,0,1,-1,1,0,1,1,1,0,0,0,0,0,16,0,0,6,1,3,7,7,2,6,21,23,0,0,0,0,0,0,0,0,7,1,1,0,0,0,0,2,2,0,0,KRBKRNvK,DRAW,7k/1B6/8/6r1/1K6/8/8/R2n4 b - - 0 1
0,1,0,0,0,0,0,1,-1,1,0,1,1,1,0,0,0,0,0,16,0,0,4,6,5,2,6,3,3,6,0,1,0,0,0,0,0,0,0,7,1,1,1,0,0,0,0,2,0,1,KRBKRNvK,LOSS,8/2k2R2/6K1/7r/8/8/8/n3B3 b - - 0 1
0,1,0,0,0,0,0,1,-1,1,0,1,1,1,0,0,0,0,0,16,0,0,4,1,4,5,3,2,1,23,27,0,0,0,0,0,0,0,0,7,1,1,0,0,0,0,3,2,0,0,KRBKRNvK,DRAW,8/B7/8/1K6/5k2/7r/8/2n1R3 b - - 0 1
0,1,0,0,0,0,0,1,-1,1,0,1,1,1,0,0,0,0,0,16,0,0,6,4,0,0,6,3,5,25,22,0,0,0,0,0,0,0,0,7,1,1,0,0,0,0,3,3,1,1,KRBKRNvK,DRAW,3r4/k7/8/2R5/8/2B3n1/8/4K3 b - - 0 1
1,1,0,0,0,0,0,1,-1,1,0,1,1,1,0,0,0,0,0,16,0,0,4,2,5,4,1,2,2,27,24,0,0,0,0,0,0,0,0,7,1,1,0,0,0,0,2,0,1,1,KRBKRNvK,DRAW,7r/8/n1K5/6R1/8/8/4k3/4B3 w - - 0 1
0,1,0,0,0,0,0,1,-1,1,0,1,1,1,0,0,0,0,0,16,0,0,3,4,3,7,6,0,5,22,22,0,0,0,0,0,0,0,0,7,1,1,0,1,0,0,4,0,0,1,KRBKRNvK,DRAW,1n6/7k/1B6/4R3/4K3/8/5r2/8 b - - 0 1
0,1,0,0,0,0,0,1,-1,1,0,1,1,1,0,0,0,0,0,16,0,0,3,6,3,7,0,2,6,21,22,0,0,0,0,0,0,0,0,7,1,1,0,0,0,0,2,2,1,0,KRBKRNvK,DRAW,8/5n2/8/2R5/6K1/7B/8/4r2k b - - 0 1
1,1,0,0,0,0,0,1,-1,1,0,1,1,1,0,0,0,0,0,16,0,0,3,1,4,4,1,2,2,5,0,1,0,0,0,0,0,0,0,7,1,1,1,0,0,0,0,1,0,1,KRBKRNvK,DRAW,2B5/2R5/3n4/1K6/8/8/4k3/2r5 w - - 0 1
0,1,0,0,0,0,0,1,-1,1,0,1,1,1,0,0,0,0,0,16,0,0,3,3,3,0,1,0,5,3,0,1,0,0,0,0,0,0,0,7,1,1,0,0,0,0,4,1,1,0,KRBKRNvK,DRAW,8/2n5/8/8/B2K4/8/k2R4/6r1 b - - 0 1
1,1,0,0,0,0,0,1,-1,1,0,1,1,1,0,0,0,0,0,16,0,0,5,7,2,7,7,4,6,23,19,0,0,0,0,0,0,0,0,7,1,1,0,0,0,0,0,2,0,1,KRBKRNvK,DRAW,7k/3r4/8/7n/8/B5RK/8/8 w - - 0 1
0,1,0,0,0,0,0,1,-1,1,0,1,1,1,0,0,0,0,0,16,0,0,2,4,3,2,3,0,1,16,20,0,0,0,0,0,0,0,0,7,1,1,0,0,0,0,4,2,1,0,KRBKRNvK,DRAW,2r5/8/8/8/2k1K3/8/3B4/4R1n1 b - - 0 1
0,1,0,0,0,0,0,1,-1,1,0,1,1,1,0,0,0,0,0,16,0,0,3,0,4,2,1,3,3,25,29,0,0,0,0,0,0,0,0,7,1,1,0,0,0,0,3,3,0,0,KRBKRNvK,DRAW,8/3r4/8/K7/7R/3n1B2/2k5/8 b - - 0 1
0,1,0,0,0,0,0,1,-1,1,0,1,1,1,0,0,0,0,0,16,0,0,3,3,7,3,4,3,0,6,0,1,0,0,0,0,0,0,0,7,1,1,0,0,0,0,1,3,1,0,KRBKRNvK,DRAW,3K4/8/6n1/1R1k3B/5r2/8/8/8 b - - 0 1
1,1,0,0,0,0,0,1,-1,1,0,1,1,1,0,0,0,0,0,16,0,0,2,6,2,4,2,3,1,3,0,1,0,0,0,0,0,0,0,7,1,1,0,0,0,0,0,2,0,0,KRBKRNvK,DRAW,5B1R/8/6r1/8/n7/4k1K1/8/8 w - - 0 1
1,1,0,0,0,0,0,1,-1,1,0,1,1,1,0,0,0,0,0,16,0,0,6,7,3,1,3,3,2,21,22,0,0,0,0,0,0,0,0,7,1,1,0,1,0,0,2,1,2,1,KRBKRNvK,DRAW,8/5n2/8/R7/Bk5K/8/5r2/8 w - - 0 1
0,1,0,0,0,0,0,1,-1,1,0,1,1,1,0,0,0,0,0,16,0,0,6,1,1,7,2,4,4,7,0,1,0,0,0,0,0,0,0,7,1,1,0,0,0,0,0,2,0,0,KRBKRNvK,DRAW,8/8/8/B4n2/4r3/1R5k/1K6/8 b - - 0 1
1,1,0,0,0,0,0,1,-1,1,0,1,1,1,0,0,0,0,0,16,0,0,4,1,2,2,6,3,3,7,0,1,0,0,0,0,0,0,0,7,1,1,0,0,0,0,0,2,1,1,KRBKRNvK,DRAW,8/2k5/R7/8/3n1r2/1K6/8/2B5 w - - 0 1
0,1,0,0,0,0,0,1,-1,1,0,1,1,1,0,0,0,0,0,16,0,0,3,3,6,6,7,2,5,3,0,1,0,0,0,0,0,0,0,7,1,1,0,0,0,0,0,0,0,0,KRBKRNvK,DRAW,1R4k1/3K3n/7r/8/8/8/4B3/8 b - - 0 1
1,1,0,0,0,0,0,1,-1,1,0,1,1,1,0,0,0,0,0,16,0,0,2,2,4,4,4,1,0,2,0,1,0,0,0,0,0,0,0,7,1,1,0,0,0,0,3,4,1,2,KRBKRNvK,DRAW,8/8/2B5/2Krk3/R7/3n4/8/8 w - - 0 1
0,1,0,0,0,0,0,1,-1,1,0,1,1,1,0,0,0,0,0,16,0,0,5,0,5,5,4,4,1,22,27,0,0,0,0,0,0,0,0,7,1,1,0,0,0,0,2,2,1,1,KRBKRNvK,DRAW,7r/1n6/K7/5k2/8/6B1/4R3/8 b - - 0 1
0,1,0,0,0,0,0,1,-1,1,0,1,1,1,0,0,0,0,0,16,0,0,5,1,0,6,0,5,5,23,23,0,0,0,0,0,0,0,0,7,1,1,0,0,0,0,0,1,0,0,KRBKRNvK,DRAW,8/6r1/8/B7/8/4n3/1R6/1K4k1 b - - 0 1
0,1,0,0,0,0,0,1,-1,1,0,1,1,1,0,0,0,0,0,16,0,0,4,0,5,1,1,4,4,26,26,0,0,0,0,0,0,0,0,7,1,1,1,1,0,0,3,3,0,0,KRBKRNvK,DRAW,B7/4R3/K7/8/6n1/8/1k1r4/8 b - - 0 1
0,1,0,0,0,0,0,1,-1,1,0,1,1,1,0,0,0,0,0,16,0,0,4,3,3,7,0,0,6,20,17,0,0,0,0,0,0,0,0,7,1,1,0,0,0,0,4,0,0,0,KRBKRNvK,DRAW,4n3/8/8/8/2RK4/7r/1B6/7k b - - 0 1
0,1,0,0,0,0,0,1,-1,1,0,1,1,1,0,0,0,0,0,16,0,0,4,7,1,3,0,5,3,25,16,0,0,0,0,0,0,0,0,7,1,1,0,0,0,0,1,0,1,0,KRBKRNvK,DRAW,6r1/8/8/8/3n4/4B2R/7K/3k4 b - - 0 1
0,1,0,0,0,0,0,1,-1,1,0,1,1,1,0,0,0,0,0,16,0,0,5,0,7,3,2,6,1,21,23,0,0,0,0,0,0,0,0,7,1,1,0,0,0,0,0,3,1,0,KRBKRNvK,DRAW,K4Bn1/8/8/8/3r4/3k4/8/5R2 b - - 0 1
1,1,0,0,0,0,0,1,-1,1,0,1,1,1,0,0,0,0,0,16,0,0,5,3,7,7,2,3,4,17,22,0,0,0,0,0,0,0,0,7,1,1,0,0,0,0,1,0,1,0,KRBKRNvK,DRAW,1R1K4/r7/7n/8/8/7k/7B/8 w - - 0 1
1,1,0,0,0,0,0,1,-1,1,0,1,1,1,0,0,0,0,0,16,0,0,7,0,4,7,0,3,6,2,0,1,0,0,0,0,0,0,0,7,1,1,0,0,0,0,0,1,0,2,KRBKRNvK,LOSS,8/8/8/K7/2n5/1r6/1R6/3B3k w - - 0 1
0,1,0,0,0,0,0,1,-1,1,0,1,1,1,0,0,0,0,0,16,0,0,3,0,2,3,3,4,0,22,20,0,0,0,0,0,0,0,0,7,1,1,0,0,0,0,0,3,0,0,KRBKRNvK,DRAW,1r6/8/8/6B1/3k4/K5R1/8/6n1 b - - 0 1
1,1,0,0,0,0,0,1,-1,1,0,1,1,1,0,0,0,0,0,16,0,0,6,3,6,4,0,2,3,22,26,0,0,0,0,0,0,0,0,7,1,1,1,0,0,0,0,0,1,0,KRBKRNvK,DRAW,8/3K2R1/7r/8/4n3/8/8/4kB2 w - - 0 1
1,1,0,0,0,0,0,1,-1,1,0,1,1,1,0,0,0,0,0,16,0,0,2,6,7,5,5,5,2,24,18,0,0,0,0,0,0,0,0,7,1,1,1,0,0,0,2,1,1,0,KRBKRNvK,DRAW,6K1/4R3/n4k2/8/B7/8/8/r7 w - - 0 1
1,1,0,0,0,0,0,1,-1,1,0,1,1,1,0,0,0,0,0,16,0,0,4,4,5,7,1,1,5,27,17,0,0,0,0,0,0,0,0,7,1,1,0,1,0,0,2,1,0,1,KRBKRNvK,DRAW,8/8/4K2B/2R5/6n1/8/6rk/8 w - - 0 1
0,1,0,0,0,0,0,1,-1,1,0,1,1,1,0,0,0,0,0,16,0,0,3,3,4,0,4,0,3,23,16,0,0,0,0,0,0,0,0,7,1,1,1,0,0,0,4,2,1,2,KRBKRNvK,DRAW,6B1/1R6/8/kn1K4/2r5/8/8/8 b - - 0 1
0,1,0,0,0,0,0,1,-1,1,0,1,1,1,0,0,0,0,0,16,0,0,5,5,4,0,6,1,5,19,22,0,0,0,0,0,0,0,0,7,1,1,0,1,0,0,3,0,1,0,KRBKRNvK,DRAW,2B5/k7/8/5K2/2R5/8/6r1/7n b - - 0 1
0,1,0,0,0,0,0,1,-1,1,0,1,1,1,0,0,0,0,0,16,0,0,5,7,4,2,1,3,3,19,24,0,0,0,0,0,0,0,0,7,1,1,0,0,0,0,2,2,0,1,KRBKRNvK,DRAW,8/8/3R4/B6K/5r2/8/2k5/n7 b - - 0 1
0,1,0,0,0,0,0,1,-1,1,0,1,1,1,0,0,0,0,0,16,0,0,3,5,5,7,2,2,4,24,20,0,0,0,0,0,0,0,0,7,1,1,0,0,0,0,3,1,0,0,KRBKRNvK,DRAW,8/6B1/3R1K2/8/8/6nk/8/2r5 b - - 0 1
1,1,0,0,0,0,0,1,-1,1,0,1,1,1,0,0,0,0,0,16,0,0,4,4,7,0,6,3,5,20,21,0,0,0,0,0,0,0,0,7,1,1,0,0,0,0,0,3,2,0,KRBKRNvK,DRAW,2R1K3/k7/8/B7/3r4/3n4/8/8 w - - 0 1
1,1,0,0,0,0,0,1,-1,1,0,1,1,1,0,0,0,0,0,16,0,0,3,1,4,3,7,2,3,22,19,0,0,0,0,0,0,0,0,7,1,1,0,0,0,0,0,2,0,1,KRBKRNvK,DRAW,n2k4/8/8/1K5B/3r4/5R2/8/8 w - - 0 1
1,1,0,0,0,0,0,1,-1,1,0,1,1,1,0,0,0,0,0,16,0,0,6,7,4,1,1,3,4,19,24,0,0,0,0,0,0,0,0,7,1,1,0,1,0,0,3,0,0,0,KRBKRNvK,DRAW,8/5B2/8/3R3K/8/8/1k4r1/5n2 w - - 0 1
1,1,0,0,0,0,0,1,-1,1,0,1,1,1,0,0,0,0,0,16,0,0,2,1,4,3,2,2,1,6,0,1,0,0,0,0,0,0,0,7,1,1,0,0,0,0,1,2,1,0,KRBKRNvK,DRAW,1r6/8/8/1K1B4/8/3k4/R7/2n5 w - - 0 1
0,1,0,0,0,0,0,1,-1,1,0,1,1,1,0,0,0,0,0,16,0,0,5,0,7,5,7,6,4,3,0,1,0,0,0,0,0,0,0,7,1,1,0,0,0,0,1,1,0,0,KRBKRNvK,DRAW,K4kr1/8/8/2B5/8/R7/4n3/8 b - - 0 1
1,1,0,0,0,0,0,1,-1,1,0,1,1,1,0,0,0,0,0,16,0,0,5,7,3,2,0,3,4,3,0,1,0,0,0,0,0,0,0,7,1,1,0,0,0,0,1,2,0,0,KRBKRNvK,DRAW,8/7n/3B4/8/2r4K/7R/8/2k5 w - - 0 1
1,1,0,0,0,0,0,1,-1,1,0,1,1,1,0,0,0,0,0,16,0,0,6,7,6,1,6,5,4,28,25,0,0,0,0,0,0,0,0,7,1,1,0,0,0,0,1,2,0,1,KRBKRNvK,DRAW,8/1k5K/8/3r1n2/5B2/8/8/6R1 w - - 0 1
1,1,0,0,0,0,0,1,-1,1,0,1,1,1,0,0,0,0,0,16,0,0,5,4,0,7,5,3,4,23,24,0,0,0,0,0,0,0,0,7,1,1,0,0,0,0,2,3,1,0,KRBKRNvK,DRAW,B5R1/8/4n2k/5r2/8/8/8/4K3 w - - 0 1
0,1,0,0,0,0,0,1,-1,1,0,1,1,1,0,0,0,0,0,16,0,0,5,7,2,2,4,4,1,19,24,0,0,0,0,0,0,0,0,7,1,1,0,0,0,0,2,2,0,0,KRBKRNvK,DRAW,8/8/4n3/r1k5/6R1/7K/8/5B2 b - - 0 1
0,1,0,0,0,0,0,1,-1,1,0,1,1,1,0,0,0,0,0,16,0,0,5,2,5,5,0,2,4,20,27,0,0,0,0,0,0,0,0,7,1,1,0,0,0,0,4,0,0,0,KRBKRNvK,DRAW,6r1/2B5/2K5/8/2R5/8/8/5kn1 b - - 0 1
0,1,0,0,0,0,0,1,-1,1,0,1,1,1,0,0,0,0,0,16,0,0,2,7,6,5,5,5,2,22,20,0,0,0,0,0,0,0,0,7,1,1,0,1,0,0,0,2,0,0,KRBKRNvK,DRAW,R7/7K/5k2/8/B7/8/1r2n3/8 b - - 0 1
0,1,0,0,0,0,0,1,-1,1,0,1,1,1,0,0,0,0,0,16,0,0,6,6,5,0,5,3,4,19,35,0,0,0,0,0,0,0,0,7,1,1,1,1,0,0,2,0,0,0,KRBKRNvK,DRAW,n7/4R3/k5K1/3B4/8/8/2r5/8 b - - 0 1
1,1,0,0,0,0,0,1,-1,1,0,1,1,1,0,0,0,0,0,16,0,0,2,4,7,3,5,3,1,20,28,0,0,0,0,0,0,0,0,7,1,1,0,0,0,0,0,3,0,0,KRBKRNvK,DRAW,4K3/r7/3k4/8/8/5n2/8/1R3B2 w - - 0 1
0,1,0,0,0,0,0,1,-1,1,0,1,1,1,0,0,0,0,0,16,0,0,4,2,7,6,4,4,2,18,20,0,0,0,0,0,0,0,0,7,1,1,0,0,0,0,2,0,0,0,KRBKRNvK,DRAW,2K5/6r1/8/n5k1/R7/8/8/6B1 b - - 0 1
1,1,0,0,0,0,0,1,-1,1,0,1,1,1,0,0,0,0,0,16,0,0,6,7,1,1,5,5,3,5,0,1,0,0,0,0,0,0,0,7,1,1,0,1,0,0,3,1,0,1,KRBKRNvK,DRAW,8/8/1k6/5R2/6n1/8/1rB4K/8 w - - 0 1
1,1,0,0,0,0,0,1,-1,1,0,1,1,1,0,0,0,0,0,16,0,0,6,7,0,3,6,6,2,3,0,1,0,0,0,0,0,0,0,7,1,1,0,0,0,0,3,1,1,0,KRBKRNvK,DRAW,7r/1B1k4/1n6/8/8/8/4R3/7K w - - 0 1
1,1,0,0,0,0,0,1,-1,1,0,1,1,1,0,0,0,0,0,16,0,0,3,4,4,4,1,0,2,33,19,0,0,0,0,0,0,0,0,7,1,1,0,0,0,0,3,1,2,2,KRBKRNvK,DRAW,8/8/8/4K1n1/4B3/6r1/4k3/2R5 w - - 0 1
0,1,0,0,0,0,0,1,-1,1,0,1,1,1,0,0,0,0,0,16,0,0,2,0,4,2,5,3,2,2,0,1,0,0,0,0,0,0,0,7,1,1,0,0,0,0,0,3,1,0,KRBKRNvK,DRAW,B7/3n4/2kr4/K7/8/R7/8/8 b - - 0 1
1,1,0,0,0,0,0,1,-1,1,0,1,1,1,0,0,0,0,0,16,0,0,3,2,7,5,4,4,1,20,19,0,0,0,0,0,0,0,0,7,1,1,0,0,0,0,1,2,0,0,KRBKRNvK,DRAW,R1K3B1/8/8/5k1r/8/8/1n6/8 w - - 0 1
1,1,0,0,0,0,0,1,-1,1,0,1,1,1,0,0,0,0,0,16,0,0,3,4,6,7,6,2,5,29,22,0,0,0,0,0,0,0,0,7,1,1,0,0,0,0,2,0,0,0,KRBKRNvK,DRAW,8/4K2k/8/1B6/8/6rn/8/4R3 w - - 0 1
0,1,0,0,0,0,0,1,-1,1,0,1,1,1,0,0,0,0,0,16,0,0,4,2,3,0,7,1,6,1,0,1,0,0,0,0,0,0,0,7,1,1,0,0,0,0,3,1,1,0,KRBKRNvK,DRAW,krR5/8/8/5n2/2K5/8/8/7B b - - 0 1
1,1,0,0,0,0,0,1,-1,1,0,1,1,1,0,0,0,0,0,16,0,0,6,3,7,6,1,3,4,32,22,0,0,0,0,0,0,0,0,7,1,1,0,0,0,0,2,1,0,0,KRBKRNvK,DRAW,3K4/8/8/4B3/R7/5r2/5nk1/8 w - - 0 1
0,1,0,0,0,0,0,1,-1,1,0,1,1,1,0,0,0,0,0,16,0,0,4,1,2,0,6,3,5,4,0,1,0,0,0,0,0,0,0,7,1,1,0,0,0,0,2,0,0,0,KRBKRNvK,DRAW,3n3B/k7/5r2/8/R7/1K6/8/8 b - - 0 1
1,1,0,0,0,0,0,1,-1,1,0,1,1,1,0,0,0,0,0,16,0,0,7,7,2,0,0,4,6,21,25,0,0,0,0,0,0,0,0,7,1,1,0,1,0,0,0,0,0,0,KRBKRNvK,DRAW,8/8/7R/4n3/6B1/7K/2r5/k7 w - - 0 1
0,1,0,0,0,0,0,1,-1,1,0,1,1,1,0,0,0,0,0,16,0,0,5,7,1,7,6,5,5,4,0,1,0,0,0,0,0,0,0,7,1,1,1,0,0,0,2,0,0,1,KRBKRNvK,DRAW,8/4R2k/8/B7/7n/1r6/7K/8 b - - 0 1
1,1,0,0,0,0,0,1,-1,1,0,1,1,1,0,0,0,0,0,16,0,0,3,5,7,7,4,4,3,22,22,0,0,0,0,0,0,0,0,7,1,1,0,0,0,0,3,1,0,0,KRBKRNvK,DRAW,4RK2/8/8/7k/3n4/3r4/8/7B w - - 0 1
0,1,0,0,0,0,0,1,-1,1,0,1,1,1,0,0,0,0,0,16,0,0,6,7,4,1,1,3,4,3,0,1,0,0,0,0,0,0,0,7,1,1,0,0,0,0,3,0,0,0,KRBKRNvK,DRAW,7n/8/8/4B2K/8/8/1k2R3/1r6 b - - 0 1
0,1,0,0,0,0,0,1,-1,1,0,1,1,1,0,0,0,0,0,16,0,0,7,0,6,7,7,5,6,22,23,0,0,0,0,0,0,0,0,7,1,1,0,1,0,0,0,1,1,0,KRBKRNvK,DRAW,7k/K2n4/7B/8/8/8/5r2/2R5 b - - 0 1
1,1,0,0,0,0,0,1,-1,1,0,1,1,1,0,0,0,0,0,16,0,0,5,6,6,4,1,4,2,28,23,0,0,0,0,0,0,0,0,7,1,1,0,0,0,0,2,0,0,0,KRBKRNvK,DRAW,8/6K1/1r6/2R5/8/1B6/4k1n1/8 w - - 0 1
0,1,0,0,0,0,0,1,-1,1,0,1,1,1,0,0,0,0,0,16,0,0,3,3,3,1,0,0,5,24,27,0,0,0,0,0,0,0,0,7,1,1,0,0,0,0,3,1,0,1,KRBKRNvK,DRAW,5r2/8/8/8/B1nK4/8/6R1/1k6 b - - 0 1
0,1,0,0,0,0,0,1,-1,1,0,1,1,1,0,0,0,0,0,16,0,0,4,1,6,5,2,4,2,8,0,1,0,0,0,0,0,0,0,7,1,1,0,0,0,0,2,2,0,0,KRBKRNvK,DRAW,8/1K4B1/8/8/8/R4k2/3n4/4r3 b - - 0 1
0,1,0,0,0,0,0,1,-1,1,0,1,1,1,0,0,0,0,0,16,0,0,4,4,7,0,7,3,6,1,0,1,0,0,0,0,0,0,0,7,1,1,0,0,0,0,1,0,1,0,KRBKRNvK,DRAW,k1R1K3/8/7r/8/3B4/8/n7/8 b - - 0 1
1,1,0,0,0,0,0,1,-1,1,0,1,1,1,0,0,0,0,0,16,0,0,2,2,4,4,5,1,1,23,21,0,0,0,0,0,0,0,0,7,1,1,0,0,0,0,3,3,0,0,KRBKRNvK,DRAW,8/8/4k3/2K5/8/6n1/2R5/B3r3 w - - 0 1
0,1,0,0,0,0,0,1,-1,1,0,1,1,1,0,0,0,0,0,16,0,0,3,7,2,4,0,4,3,21,30,0,0,0,0,0,0,0,0,7,1,1,0,0,0,0,2,0,1,0,KRBKRNvK,DRAW,2r5/6n1/8/8/1R6/4B2K/8/4k3 b - - 0 1
0,1,0,0,0,0,0,1,-1,1,0,1,1,1,0,0,0,0,0,16,0,0,5,6,7,1,7,5,5,21,29,0,0,0,0,0,0,0,0,7,1,1,0,0,0,0,1,0,0,0,KRBKRNvK,DRAW,1k4K1/8/8/5B2/8/2r5/6R1/6n1 b - - 0 1
0,1,0,0,0,0,0,1,-1,1,0,1,1,1,0,0,0,0,0,16,0,0,3,2,5,5,7,2,4,20,23,0,0,0,0,0,0,0,0,7,1,1,0,0,0,0,2,0,1,1,KRBKRNvK,WIN,r4k2/8/2K4R/8/7n/8/8/1B6 b - - 0 1
0,1,0,0,0,0,0,1,-1,1,0,1,1,1,0,0,0,0,0,16,0,0,4,3,2,7,6,1,5,23,19,0,0,0,0,0,0,0,0,7,1,1,0,0,0,0,3,3,0,0,KRBKRNvK,DRAW,8/7k/1n2r3/8/8/3K4/7B/3R4 b - - 0 1
0,1,0,0,0,0,0,1,-1,1,0,1,1,1,0,0,0,0,0,16,0,0,4,6,3,4,7,2,3,2,0,1,0,0,0,0,0,0,0,7,1,1,0,0,0,0,2,0,1,1,KRBKRNvK,DRAW,4k2R/2r5/2B5/8/6K1/8/6n1/8 b - - 0 1
0,1,0,0,0,0,0,1,-1,1,0,1,1,1,0,0,0,0,0,16,0,0,4,2,6,6,7,3,5,24,28,0,0,0,0,0,0,0,0,7,1,1,0,0,0,0,3,1,0,1,KRBKRNvK,DRAW,6k1/2Kn4/8/8/R3B3/8/8/1r6 b - - 0 1
1,1,0,0,0,0,0,1,-1,1,0,1,1,1,0,0,0,0,0,16,0,0,5,2,1,7,1,3,5,24,22,0,0,0,0,0,0,0,0,7,1,1,1,0,0,0,0,2,0,1,KRBKRNvK,DRAW,3r4/6R1/8/8/8/B7/2K1n2k/8 w - - 0 1
1,1,0,0,0,0,0,1,-1,1,0,1,1,1,0,0,0,0,0,16,0,0,3,0,3,3,3,3,0,26,26,0,0,0,0,0,0,0,0,7,1,1,0,0,0,0,1,3,2,0,KRBKRNvK,DRAW,7r/8/3B1R2/8/K2k2n1/8/8/8 w - - 0 1
1,1,0,0,0,0,0,1,-1,1,0,1,1,1,0,0,0,0,0,16,0,0,6,0,3,6,2,3,3,5,0,1,0,0,0,0,0,0,0,7,1,1,0,0,0,0,0,2,0,1,KRBKRNvK,DRAW,8/3Br3/8/8/K7/6k1/1n6/2R5 w - - 0 1
0,1,0,0,0,0,0,1,-1,1,0,1,1,1,0,0,0,0,0,16,0,0,4,2,5,2,1,2,3,23,25,0,0,0,0,0,0,0,0,7,1,1,0,0,0,0,2,2,0,1,KRBKRNvK,DRAW,8/B5n1/2K5/1r6/8/5R2/2k5/8 b - - 0 1
0,1,0,0,0,0,0,1,-1,1,0,1,1,1,0,0,0,0,0,16,0,0,6,0,0,6,6,6,4,25,21,0,0,0,0,0,0,0,0,7,1,1,0,1,0,0,1,3,0,0,KRBKRNvK,DRAW,8/B5k1/8/8/8/1R6/3r1n2/K7 b - - 0 1
1,1,0,0,0,0,0,1,-1,1,0,1,1,1,0,0,0,0,0,16,0,0,3,1,4,4,6,2,2,8,0,1,0,0,0,0,0,0,0,7,1,1,0,0,0,0,2,3,0,0,KRBKRNvK,LOSS,7B/4k3/8/1K4r1/8/6n1/8/5R2 w - - 0 1
0,1,0,0,0,0,0,1,-1,1,0,1,1,1,0,0,0,0,0,16,0,0,4,0,2,4,2,4,1,28,23,0,0,0,0,0,0,0,0,7,1,1,0,0,0,0,2,3,0,0,KRBKRNvK,DRAW,7r/8/8/BR6/8/K2nk3/8/8 b - - 0 1
1,1,0,0,0,0,0,1,-1,1,0,1,1,1,0,0,0,0,0,16,0,0,4,3,6,6,2,2,3,28,27,0,0,0,0,0,0,0,0,7,1,1,0,0,0,0,2,0,1,1,KRBKRNvK,DRAW,8/3K4/1r6/8/3n4/3B2k1/4R3/8 w - - 0 1
1,1,0,0,0,0,0,1,-1,1,0,1,1,1,0,0,0,0,0,16,0,0,3,5,2,3,5,2,1,6,0,1,0,0,0,0,0,0,0,7,1,1,0,0,0,0,1,2,0,0,KRBKRNvK,DRAW,5r2/8/n2k4/8/8/5K2/8/R2B4 w - - 0 1
1,1,0,0,0,0,0,1,-1,1,0,1,1,1,0,0,0,0,0,16,0,0,2,6,1,5,3,4,1,27,21,0,0,0,0,0,0,0,0,7,1,1,1,0,0,0,1,2,1,0,KRBKRNvK,DRAW,3r4/R7/3n4/8/5k2/8/5BK1/8 w - - 0 1
1,1,0,0,0,0,0,1,-1,1,0,1,1,1,0,0,0,0,0,16,0,0,3,5,5,7,2,2,4,6,0,1,0,0,0,0,0,0,0,7,1,1,1,0,0,0,1,0,0,0,KRBKRNvK,DRAW,3B4/Rn6/5K2/8/8/5r1k/8/8 w - - 0 1
0,1,0,0,0,0,0,1,-1,1,0,1,1,1,0,0,0,0,0,16,0,0,4,6,6,6,2,4,3,7,0,1,0,0,0,0,0,0,0,7,1,1,0,0,0,0,0,2,0,2,KRBKRNvK,DRAW,8/6K1/B3r2n/8/8/R5k1/8/8 b - - 0 1
1,1,0,0,0,0,0,1,-1,1,0,1,1,1,0,0,0,0,0,16,0,0,4,2,4,6,1,1,4,27,24,0,0,0,0,0,0,0,0,7,1,1,0,1,0,0,2,1,1,0,KRBKRNvK,DRAW,3R4/5n2/8/2K5/8/8/r4Bk1/8 w - - 0 1
0,1,0,0,0,0,0,1,-1,1,0,1,1,1,0,0,0,0,0,16,0,0,2,4,2,5,4,1,1,22,27,0,0,0,0,0,0,0,0,7,1,1,0,0,0,0,3,4,0,1,KRBKRNvK,DRAW,8/8/2B5/r4k2/8/4Kn2/6R1/8 b - - 0 1
0,1,0,0,0,0,0,1,-1,1,0,1,1,1,0,0,0,0,0,16,0,0,2,1,3,3,5,2,1,5,0,1,0,0,0,0,0,0,0,7,1,1,1,0,0,0,0,3,1,1,KRBKRNvK,DRAW,1B6/4r2R/3k4/8/1K6/n7/8/8 b - - 0 1
0,1,0,0,0,0,0,1,-1,1,0,1,1,1,0,0,0,0,0,16,0,0,3,6,4,3,6,2,2,6,0,1,0,0,0,0,0,0,0,7,1,1,1,0,0,0,0,2,1,1,KRBKRNvK,DRAW,8/1R1kr3/8/6K1/8/8/5n2/5B2 b - - 0 1
1,1,0,0,0,0,0,1,-1,1,0,1,1,1,0,0,0,0,0,16,0,0,5,7,0,2,5,6,2,2,0,1,0,0,0,0,0,0,0,7,1,1,1,0,0,0,2,3,1,0,KRBKRNvK,DRAW,6n1/R7/2k5/8/7r/2B5/8/7K w - - 0 1
1,1,0,0,0,0,0,1,-1,1,0,1,1,1,0,0,0,0,0,16,0,0,5,0,5,4,0,4,3,4,0,1,0,0,0,0,0,0,0,7,1,1,0,0,0,0,2,3,0,1,KRBKRNvK,DRAW,3R2B1/2n5/K7/8/7r/8/8/4k3 w - - 0 1
1,1,0,0,0,0,0,1,-1,1,0,1,1,1,0,0,0,0,0,16,0,0,2,7,2,6,4,4,2,25,12,0,0,0,0,0,0,0,0,7,1,1,0,0,0,0,3,0,1,0,KRBKRNvK,DRAW,rn6/8/8/6k1/7R/2B4K/8/8 w - - 0 1
0,1,0,0,0,0,0,1,-1,1,0,1,1,1,0,0,0,0,0,16,0,0,2,5,5,7,6,2,5,1,0,1,0,0,0,0,0,0,0,7,1,1,1,0,0,0,1,1,1,1,KRBKRNvK,DRAW,7r/6Rk/5K2/8/2n5/7B/8/8 b - - 0 1
1,1,0,0,0,0,0,1,-1,1,0,1,1,1,0,0,0,0,0,16,0,0,4,5,4,1,3,1,2,7,0,1,0,0,0,0,0,0,0,7,1,1,0,0,0,0,2,1,0,1,KRBKRNvK,DRAW,8/8/3n3B/5K2/1k6/4R3/8/r7 w - - 0 1
1,1,0,0,0,0,0,1,-1,1,0,1,1,1,0,0,0,0,0,16,0,0,2,0,3,2,2,3,2,21,19,0,0,0,0,0,0,0,0,7,1,1,0,0,0,0,0,1,1,0,KRBKRNvK,DRAW,8/8/5r2/8/K5B1/2k5/R7/7n w - - 0 1
0,1,0,0,0,0,0,1,-1,1,0,1,1,1,0,0,0,0,0,16,0,0,4,0,5,4,6,4,2,25,23,0,0,0,0,0,0,0,0,7,1,1,0,0,0,0,3,2,0,0,KRBKRNvK,DRAW,8/4k3/K7/8/7r/8/3Rn3/1B6 b - - 0 1
1,1,0,0,0,0,0,1,-1,1,0,1,1,1,0,0,0,0,0,16,0,0,2,3,6,4,4,2,0,27,25,0,0,0,0,0,0,0,0,7,1,1,0,0,0,0,2,4,0,0,KRBKRNvK,DRAW,8/3K4/8/4k3/7r/3n4/R7/7B w - - 0 1
0,1,0,0,0,0,0,1,-1,1,0,1,1,1,0,0,0,0,0,16,0,0,4,4,1,4,5,2,1,22,26,0,0,0,0,0,0,0,0,7,1,1,0,0,0,0,2,2,0,0,KRBKRNvK,DRAW,5r1n/7B/4k3/8/1R6/8/4K3/8 b - - 0 1
1,1,0,0,0,0,0,1,-1,1,0,1,1,1,0,0,0,0,0,16,0,0,2,3,2,5,2,1,2,5,0,1,0,0,0,0,0,0,0,7,1,1,0,0,0,0,2,3,1,0,KRBKRNvK,DRAW,8/3r4/7n/4B3/8/3K1k2/8/R7 w - - 0 1
0,1,0,0,0,0,0,1,-1,1,0,1,1,1,0,0,0,0,0,16,0,0,5,7,1,6,6,5,4,6,0,1,0,0,0,0,0,0,0,7,1,1,0,0,0,0,3,0,0,2,KRBKRNvK,LOSS,8/6k1/8/8/8/2B5/7K/4R1rn b - - 0 1
1,1,0,0,0,0,0,1,-1,1,0,1,1,1,0,0,0,0,0,16,0,0,3,5,0,2,3,4,1,3,0,1,0,0,0,0,0,0,0,7,1,1,0,0,0,0,2,3,1,0,KRBKRNvK,DRAW,8/6B1/1R6/8/2k5/2n5/8/r4K2 w - - 0 1
1,1,0,0,0,0,0,1,-1,1,0,1,1,1,0,0,0,0,0,16,0,0,6,6,3,0,0,2,6,7,0,1,0,0,0,0,0,0,0,7,1,1,0,1,0,0,1,2,1,2,KRBKRNvK,DRAW,8/8/8/8/6K1/7R/B3rn2/k7 w - - 0 1
1,1,0,0,0,0,0,1,-1,1,0,1,1,1,0,0,0,0,0,16,0,0,2,0,6,2,7,5,4,1,0,1,0,0,0,0,0,0,0,7,1,1,0,0,0,0,1,1,0,0,KRBKRNvK,DRAW,2k5/K7/8/8/r2B4/7R/8/2n5 w - - 0 1
0,1,0,0,0,0,0,1,-1,1,0,1,1,1,0,0,0,0,0,16,0,0,5,0,6,3,1,5,2,23,24,0,0,0,0,0,0,0,0,7,1,1,0,0,0,0,1,2,0,1,KRBKRNvK,DRAW,3r4/Kn6/6R1/8/8/8/3k3B/8 b - - 0 1
1,1,0,0,0,0,0,1,-1,1,0,1,1,1,0,0,0,0,0,16,0,0,2,4,3,6,3,0,2,27,15,0,0,0,0,0,0,0,0,7,1,1,0,0,0,0,3,0,1,0,KRBKRNvK,DRAW,8/8/R7/6B1/4K1k1/8/1n6/1r6 w - - 0 1
0,1,0,0,0,0,0,1,-1,1,0,1,1,1,0,0,0,0,0,16,0,0,5,2,6,0,1,3,5,3,0,1,0,0,0,0,0,0,0,7,1,1,0,0,0,0,2,2,0,0,KRBKRNvK,DRAW,8/2K3B1/R7/6r1/8/8/k7/1n6 b - - 0 1
1,1,0,0,0,0,0,1,-1,1,0,1,1,1,0,0,0,0,0,16,0,0,2,5,3,4,5,1,1,3,0,1,0,0,0,0,0,0,0,7,1,1,0,0,0,0,4,2,0,1,KRBKRNvK,DRAW,8/2n5/4k3/8/5K1r/4B3/8/3R4 w - - 0 1
1,1,0,0,0,0,0,1,-1,1,0,1,1,1,0,0,0,0,0,16,0,0,2,4,7,3,5,3,1,5,0,1,0,0,0,0,0,0,0,7,1,1,0,0,0,0,0,3,0,0,KRBKRNvK,DRAW,4K3/8/3k4/8/2n5/8/1R6/4rB2 w - - 0 1
1,1,0,0,0,0,0,1,-1,1,0,1,1,1,0,0,0,0,0,16,0,0,3,3,0,1,3,3,2,4,0,1,0,0,0,0,0,0,0,7,1,1,0,0,0,0,2,3,0,1,KRBKRNvK,DRAW,8/8/8/8/1k3rR1/2n2B2/8/3K4 w - - 0 1
1,1,0,0,0,0,0,1,-1,1,0,1,1,1,0,0,0,0,0,16,0,0,2,3,4,5,2,0,2,23,18,0,0,0,0,0,0,0,0,7,1,1,0,1,0,0,3,1,0,0,KRBKRNvK,DRAW,1R2B3/8/8/3K4/8/n4k2/5r2/8 w - - 0 1
0,1,0,0,0,0,0,1,-1,1,0,1,1,1,0,0,0,0,0,16,0,0,3,3,5,6,6,1,4,28,26,0,0,0,0,0,0,0,0,7,1,1,0,0,0,0,4,1,0,2,KRBKRNvK,DRAW,1r6/4n1k1/3K4/8/8/3R4/6B1/8 b - - 0 1
0,1,0,0,0,0,0,1,-1,1,0,1,1,1,0,0,0,0,0,16,0,0,6,3,1,6,7,2,5,21,18,0,0,0,0,0,0,0,0,7,1,1,0,0,0,0,2,2,0,1,KRBKRNvK,DRAW,6k1/8/8/8/5r2/n7/RB1K4/8 b - - 0 1
0,1,0,0,0,0,0,1,-1,1,0,1,1,1,0,0,0,0,0,16,0,0,2,3,5,1,6,1,4,19,27,0,0,0,0,0,0,0,0,7,1,1,0,0,0,0,4,0,0,0,KRBKRNvK,DRAW,7B/1k6/3K4/8/8/8/4R3/4nr2 b - - 0 1
0,1,0,0,0,0,0,1,-1,1,0,1,1,1,0,0,0,0,0,16,0,0,5,0,2,5,4,4,1,23,22,0,0,0,0,0,0,0,0,7,1,1,0,0,0,0,1,4,0,1,KRBKRNvK,DRAW,6B1/8/8/3r1k2/1n6/K7/8/7R b - - 0 1
0,1,0,0,0,0,0,1,-1,1,0,1,1,1,0,0,0,0,0,16,0,0,5,3,2,1,7,1,5,22,22,0,0,0,0,0,0,0,0,7,1,1,0,0,0,0,2,0,0,0,KRBKRNvK,DRAW,1k3n2/8/1r6/7B/8/3K4/8/3R4 b - - 0 1
1,1,0,0,0,0,0,1,-1,1,0,1,1,1,0,0,0,0,0,16,0,0,3,5,0,3,3,4,0,3,0,1,0,0,0,0,0,0,0,7,1,1,0,0,0,0,0,4,0,1,KRBKRNvK,DRAW,7R/8/8/8/3k1r2/8/3n4/4BK2 w - - 0 1
1,1,0,0,0,0,0,1,-1,1,0,1,1,1,0,0,0,0,0,16,0,0,5,2,4,7,0,1,6,29,18,0,0,0,0,0,0,0,0,7,1,1,0,0,0,0,2,2,0,0,KRBKRNvK,DRAW,8/6n1/8/2K5/2B5/8/1R6/3r3k w - - 0 1
1,1,0,0,0,0,0,1,-1,1,0,1,1,1,0,0,0,0,0,16,0,0,3,4,1,1,3,2,2,18,28,0,0,0,0,0,0,0,0,7,1,1,0,0,0,0,1,1,0,1,KRBKRNvK,DRAW,8/8/8/5n2/1k6/2r5/4KB2/4R3 w - - 0 1
0,1,0,0,0,0,0,1,-1,1,0,1,1,1,0,0,0,0,0,16,0,0,3,4,3,3,6,0,2,6,0,1,0,0,0,0,0,0,0,7,1,1,1,0,0,0,3,2,1,1,KRBKRNvK,DRAW,2n5/3k3R/1B6/5r2/4K3/8/8/8 b - - 0 1
1,1,0,0,0,0,0,1,-1,1,0,1,1,1,0,0,0,0,0,16,0,0,3,3,5,6,2,1,3,22,23,0,0,0,0,0,0,0,0,7,1,1,1,1,0,0,2,2,0,0,KRBKRNvK,DRAW,8/2R5/3K4/8/8/B5k1/4r2n/8 w - - 0 1
1,1,0,0,0,0,0,1,-1,1,0,1,1,1,0,0,0,0,0,16,0,0,5,7,1,2,3,5,1,20,25,0,0,0,0,0,0,0,0,7,1,1,1,0,0,0,1,2,0,0,KRBKRNvK,DRAW,8/R1B5/2r5/5n2/2k5/8/7K/8 w - - 0 1
1,1,0,0,0,0,0,1,-1,1,0,1,1,1,0,0,0,0,0,16,0,0,2,5,5,6,3,2,2,4,0,1,0,0,0,0,0,0,0,7,1,1,0,0,0,0,1,2,0,2,KRBKRNvK,DRAW,8/3n4/5K2/5r2/6k1/8/3B4/2R5 w - - 0 1
1,1,0,0,0,0,0,1,-1,1,0,1,1,1,0,0,0,0,0,16,0,0,5,2,4,7,0,1,6,29,22,0,0,0,0,0,0,0,0,7,1,1,0,1,0,0,3,1,0,0,KRBKRNvK,DRAW,8/8/3R4/2K5/5Bn1/8/r7/7k w - - 0 1
1,1,0,0,0,0,0,1,-1,1,0,1,1,1,0,0,0,0,0,16,0,0,7,1,0,2,7,5,4,7,0,1,0,0,0,0,0,0,0,7,1,1,0,0,0,0,1,1,1,0,KRBKRNvK,DRAW,1rk5/3n4/R7/8/3B4/8/8/1K6 w - - 0 1
1,1,0,0,0,0,0,1,-1,1,0,1,1,1,0,0,0,0,0,16,0,0,5,3,5,0,0,1,6,28,19,0,0,0,0,0,0,0,0,7,1,1,0,0,0,0,3,0,0,0,KRBKRNvK,DRAW,4R3/6n1/B2K4/8/8/8/8/kr6 w - - 0 1
0,1,0,0,0,0,0,1,-1,1,0,1,1,1,0,0,0,0,0,16,0,0,4,5,1,5,5,3,2,22,22,0,0,0,0,0,0,0,0,7,1,1,0,0,0,0,3,3,0,1,KRBKRNvK,DRAW,4n3/B7/5k2/8/3r4/8/4RK2/8 b - - 0 1
0,1,0,0,0,0,0,1,-1,1,0,1,1,1,0,0,0,0,0,16,0,0,4,4,7,2,3,3,1,5,0,1,0,0,0,0,0,0,0,7,1,1,0,1,0,0,3,2,0,0,KRBKRNvK,DRAW,4K2B/8/8/8/2k2R2/8/2r5/7n b - - 0 1
1,1,0,0,0,0,0,1,-1,1,0,1,1,1,0,0,0,0,0,16,0,0,4,5,6,5,2,3,2,24,22,0,0,0,0,0,0,0,0,7,1,1,0,1,0,0,2,1,0,0,KRBKRNvK,DRAW,4R3/5K2/8/8/B7/5k2/6r1/2n5 w - - 0 1
0,1,0,0,0,0,0,1,-1,1,0,1,1,1,0,0,0,0,0,16,0,0,2,5,6,5,4,3,1,4,0,1,0,0,0,0,0,0,0,7,1,1,0,0,0,0,0,2,1,2,KRBKRNvK,DRAW,6nr/3B1K2/8/5k2/8/8/1R6/8 b - - 0 1
1,1,0,0,0,0,0,1,-1,1,0,1,1,1,0,0,0,0,0,16,0,0,2,4,0,6,1,3,4,25,20,0,0,0,0,0,0,0,0,7,1,1,0,0,0,0,0,1,0,2,KRBKRNvK,DRAW,8/3B4/7R/8/8/2r3n1/6k1/4K3 w - - 0 1
1,1,0,0,0,0,0,1,-1,1,0,1,1,1,0,0,0,0,0,16,0,0,5,6,0,1,0,5,5,26,22,0,0,0,0,0,0,0,0,7,1,1,1,0,0,0,0,2,0,1,KRBKRNvK,DRAW,1n6/5R2/B7/8/8/4r3/8/1k4K1 w - - 0 1
1,1,0,0,0,0,0,1,-1,1,0,1,1,1,0,0,0,0,0,16,0,0,4,3,5,7,3,1,3,23,20,0,0,0,0,0,0,0,0,7,1,1,0,0,0,0,2,2,1,1,KRBKRNvK,DRAW,1n6/5B2/3K1R2/8/r6k/8/8/8 w - - 0 1
1,1,0,0,0,0,0,1,-1,1,0,1,1,1,0,0,0,0,0,16,0,0,2,3,7,1,5,3,3,29,22,0,0,0,0,0,0,0,0,7,1,1,0,0,0,0,2,0,0,0,KRBKRNvK,DRAW,3K4/8/1k6/7n/5B2/1r6/4R3/8 w - - 0 1
0,1,0,0,0,0,0,1,-1,1,0,1,1,1,0,0,0,0,0,16,0,0,2,5,2,3,1,2,2,3,0,1,0,0,0,0,0,0,0,7,1,1,0,0,0,0,1,2,1,0,KRBKRNvK,DRAW,8/7r/2n5/8/1B6/5K2/R2k4/8 b - - 0 1
0,1,0,0,0,0,0,1,-1,1,0,1,1,1,0,0,0,0,0,16,0,0,3,4,3,3,6,0,2,5,0,1,0,0,0,0,0,0,0,7,1,1,1,0,0,0,4,0,0,0,KRBKRNvK,DRAW,3rn3/3k3R/6B1/8/4K3/8/8/8 b - - 0 1
0,1,0,0,0,0,0,1,-1,1,0,1,1,1,0,0,0,0,0,16,0,0,6,7,5,1,1,4,4,8,0,1,0,0,0,0,0,0,0,7,1,1,0,0,0,0,0,3,1,0,KRBKRNvK,DRAW,1R6/8/3n3K/8/8/3r4/1k6/3B4 b - - 0 1
1,1,0,0,0,0,0,1,-1,1,0,1,1,1,0,0,0,0,0,16,0,0,3,1,2,4,5,3,1,23,23,0,0,0,0,0,0,0,0,7,1,1,0,0,0,0,0,2,1,0,KRBKRNvK,DRAW,4B3/4n3/4k3/5r2/8/1K6/8/1R6 w - - 0 1
1,1,0,0,0,0,0,1,-1,1,0,1,1,1,0,0,0,0,0,16,0,0,5,0,0,5,2,6,2,3,0,1,0,0,0,0,0,0,0,7,1,1,1,0,0,0,3,2,1,1,KRBKRNvK,LOSS,8/4R1r1/8/8/8/4Bk2/2n5/K7 w - - 0 1
1,1,0,0,0,0,0,1,-1,1,0,1,1,1,0,0,0,0,0,16,0,0,3,5,6,2,4,3,1,6,0,1,0,0,0,0,0,0,0,7,1,1,0,0,0,0,3,3,1,1,KRBKRNvK,DRAW,8/2B2K2/8/2k2r2/7R/8/8/n7 w - - 0 1
0,1,0,0,0,0,0,1,-1,1,0,1,1,1,0,0,0,0,0,16,0,0,3,6,2,3,4,3,0,4,0,1,0,0,0,0,0,0,0,7,1,1,0,0,0,0,1,3,2,0,KRBKRNvK,DRAW,7r/5B2/1R6/3k4/3n4/6K1/8/8 b - - 0 1
1,1,0,0,0,0,0,1,-1,1,0,1,1,1,0,0,0,0,0,16,0,0,2,3,3,1,5,0,3,26,24,0,0,0,0,0,0,0,0,7,1,1,0,0,0,0,3,0,0,0,KRBKRNvK,DRAW,8/8/1k6/8/3K3n/6r1/3B4/4R3 w - - 0 1
0,1,0,0,0,0,0,1,-1,1,0,1,1,1,0,0,0,0,0,16,0,0,6,6,0,0,3,5,3,2,0,1,0,0,0,0,0,0,0,7,1,1,0,0,0,0,2,1,0,0,KRBKRNvK,DRAW,5r2/3B4/6n1/8/k7/4R3/8/6K1 b - - 0 1
0,1,0,0,0,0,0,1,-1,1,0,1,1,1,0,0,0,0,0,16,0,0,2,2,1,0,1,3,5,0,0,1,0,0,0,0,0,0,0,7,1,1,0,0,0,0,2,0,1,0,KRBKRNvK,LOSS,8/8/8/R7/8/1B4r1/k1K3n1/8 b - - 0 1
1,1,0,0,0,0,0,1,-1,1,0,1,1,1,0,0,0,0,0,16,0,0,5,2,2,7,2,2,4,7,0,1,0,0,0,0,0,0,0,7,1,1,0,0,0,0,3,1,0,2,KRBKRNvK,DRAW,8/7B/4R3/8/8/2K1n2k/8/2r5 w - - 0 1
1,1,0,0,0,0,0,1,-1,1,0,1,1,1,0,0,0,0,0,16,0,0,5,1,7,0,2,5,4,3,0,1,0,0,0,0,0,0,0,7,1,1,0,0,0,0,3,0,1,0,KRBKRNvK,DRAW,1K4r1/8/8/1R6/n7/k3B3/8/8 w - - 0 1
1,1,0,0,0,0,0,1,-1,1,0,1,1,1,0,0,0,0,0,16,0,0,3,6,1,7,4,4,3,29,20,0,0,0,0,0,0,0,0,7,1,1,0,0,0,0,2,1,0,0,KRBKRNvK,DRAW,4R3/7r/Bn6/7k/8/8/6K1/8 w - - 0 1
0,1,0,0,0,0,0,1,-1,1,0,1,1,1,0,0,0,0,0,16,0,0,6,0,3,6,2,3,3,24,19,0,0,0,0,0,0,0,0,7,1,1,0,0,0,0,2,3,0,0,KRBKRNvK,DRAW,8/8/3r4/R7/K7/6k1/3n4/3B4 b - - 0 1
0,1,0,0,0,0,0,1,-1,1,0,1,1,1,0,0,0,0,0,16,0,0,4,4,1,6,5,2,3,22,28,0,0,0,0,0,0,0,0,7,1,1,1,0,0,0,0,0,0,0,KRBKRNvK,DRAW,7r/R7/6k1/1B6/8/8/4K3/1n6 b - - 0 1
0,1,0,0,0,0,0,1,-1,1,0,1,1,1,0,0,0,0,0,16,0,0,2,4,7,2,6,3,3,4,0,1,0,0,0,0,0,0,0,7,1,1,1,0,0,0,2,0,2,0,KRBKRNvK,DRAW,4K3/2k1R3/8/1B6/8/n4r2/8/8 b - - 0 1
0,1,0,0,0,0,0,1,-1,1,0,1,1,1,0,0,0,0,0,16,0,0,3,7,2,4,4,4,0,4,0,1,0,0,0,0,0,0,0,7,1,1,0,0,0,0,1,3,2,0,KRBKRNvK,DRAW,8/6B1/6R1/4k3/8/7K/8/r2n4 b - - 0 1
1,1,0,0,0,0,0,1,-1,1,0,1,1,1,0,0,0,0,0,16,0,0,4,7,4,5,0,3,4,26,17,0,0,0,0,0,0,0,0,7,1,1,0,0,0,0,3,1,2,0,KRBKRNvK,DRAW,8/8/8/7K/rn6/3R4/8/5k1B w - - 0 1
0,1,0,0,0,0,0,1,-1,1,0,1,1,1,0,0,0,0,0,16,0,0,3,1,1,4,4,4,0,27,28,0,0,0,0,0,0,0,0,7,1,1,1,0,0,0,0,3,0,0,KRBKRNvK,DRAW,8/7R/2r5/4k3/1B6/8/1K2n3/8 b - - 0 1
1,1,0,0,0,0,0,1,-1,1,0,1,1,1,0,0,0,0,0,16,0,0,7,7,3,0,0,3,6,18,21,0,0,0,0,0,0,0,0,7,1,1,0,0,0,0,0,3,0,1,KRBKRNvK,DRAW,2RB4/8/8/8/7K/3r2n1/8/k7 w - - 0 1
1,1,0,0,0,0,0,1,-1,1,0,1,1,1,0,0,0,0,0,16,0,0,3,1,5,4,5,3,1,19,26,0,0,0,0,0,0,0,0,7,1,1,0,0,0,0,2,2,0,0,KRBKRNvK,DRAW,8/B7/1K2k3/7R/8/3n4/8/r7 w - - 0 1
0,1,0,0,0,0,0,1,-1,1,0,1,1,1,0,0,0,0,0,16,0,0,5,5,7,0,7,4,6,19,26,0,0,0,0,0,0,0,0,7,1,1,0,0,0,0,0,2,0,0,KRBKRNvK,DRAW,k4K2/8/8/3r4/B7/8/6n1/1R6 b - - 0 1
0,1,0,0,0,0,0,1,-1,1,0,1,1,1,0,0,0,0,0,16,0,0,6,1,6,2,0,4,4,5,0,1,0,0,0,0,0,0,0,7,1,1,0,0,0,0,1,0,0,0,KRBKRNvK,DRAW,2R1nr2/1K3B2/8/8/8/8/8/2k5 b - - 0 1
0,1,0,0,0,0,0,1,-1,1,0,1,1,1,0,0,0,0,0,16,0,0,3,4,2,6,5,1,3,21,26,0,0,0,0,0,0,0,0,7,1,1,1,0,0,0,3,2,0,0,KRBKRNvK,DRAW,n7/R7/6k1/8/1r6/4K3/7B/8 b - - 0 1
1,1,0,0,0,0,0,1,-1,1,0,1,1,1,0,0,0,0,0,16,0,0,3,4,2,7,5,1,4,26,26,0,0,0,0,0,0,0,0,7,1,1,0,1,0,0,3,1,0,1,KRBKRNvK,DRAW,8/8/4n2k/8/3B4/4K3/6r1/R7 w - - 0 1
1,1,0,0,0,0,0,1,-1,1,0,1,1,1,0,0,0,0,0,16,0,0,4,3,7,1,3,3,2,3,0,1,0,0,0,0,0,0,0,7,1,1,0,0,0,0,0,2,0,1,KRBKRNvK,DRAW,2BK4/8/5n2/8/1k1r4/8/6R1/8 w - - 0 1
0,1,0,0,0,0,0,1,-1,1,0,1,1,1,0,0,0,0,0,16,0,0,3,5,4,5,7,1,4,4,0,1,0,0,0,0,0,0,0,7,1,1,0,1,0,0,2,3,1,0,KRBKRNvK,LOSS,5k2/8/7B/5K2/8/2n5/3r3R/8 b - - 0 1
0,1,0,0,0,0,0,1,-1,1,0,1,1,1,0,0,0,0,0,16,0,0,5,4,6,1,1,2,4,27,23,0,0,0,0,0,0,0,0,7,1,1,0,0,0,0,2,3,0,1,KRBKRNvK,DRAW,1B6/4K3/5n2/8/8/3r4/1k6/4R3 b - - 0 1
0,1,0,0,0,0,0,1,-1,1,0,1,1,1,0,0,0,0,0,16,0,0,5,1,1,1,6,4,4,24,28,0,0,0,0,0,0,0,0,7,1,1,0,0,0,0,2,2,0,0,KRBKRNvK,DRAW,4R3/1k6/3r4/1n6/8/8/1KB5/8 b - - 0 1
0,1,0,0,0,0,0,1,-1,1,0,1,1,1,0,0,0,0,0,16,0,0,3,4,6,3,3,2,0,5,0,1,0,0,0,0,0,0,0,7,1,1,0,0,0,0,3,4,1,1,KRBKRNvK,DRAW,B7/4K2n/8/3r4/3k1R2/8/8/8 b - - 0 1
0,1,0,0,0,0,0,1,-1,1,0,1,1,1,0,0,0,0,0,16,0,0,3,4,5,2,2,1,2,27,16,0,0,0,0,0,0,0,0,7,1,1,0,0,0,0,3,3,0,2,KRBKRNvK,DRAW,8/B3n3/4KR2/8/3r4/2k5/8/8 b - - 0 1
0,1,0,0,0,0,0,1,-1,1,0,1,1,1,0,0,0,0,0,16,0,0,2,5,6,3,6,3,2,26,24,0,0,0,0,0,0,0,0,7,1,1,0,0,0,0,1,2,0,0,KRBKRNvK,DRAW,8/3k1K2/8/8/2n5/4r3/8/1B4R1 b - - 0 1
0,1,0,0,0,0,0,1,-1,1,0,1,1,1,0,0,0,0,0,16,0,0,2,6,4,4,6,2,2,15,25,0,0,0,0,0,0,0,0,7,1,1,0,0,0,0,0,0,0,1,KRBKRNvK,DRAW,1R6/4kr2/8/6K1/8/8/3B3n/8 b - - 0 1
1,1,0,0,0,0,0,1,-1,1,0,1,1,1,0,0,0,0,0,16,0,0,2,2,6,4,7,3,3,23,20,0,0,0,0,0,0,0,0,7,1,1,0,0,0,0,2,2,1,0,KRBKRNvK,DRAW,2B1k3/2K5/8/R7/1r6/8/8/6n1 w - - 0 1
1,1,0,0,0,0,0,1,-1,1,0,1,1,1,0,0,0,0,0,16,0,0,3,6,3,3,1,2,2,6,0,1,0,0,0,0,0,0,0,7,1,1,0,0,0,0,2,1,0,0,KRBKRNvK,DRAW,4R3/5nr1/8/8/6K1/8/3k3B/8 w - - 0 1
0,1,0,0,0,0,0,1,-1,1,0,1,1,1,0,0,0,0,0,16,0,0,2,3,0,2,2,3,2,6,0,1,0,0,0,0,0,0,0,7,1,1,1,0,0,0,1,3,1,0,KRBKRNvK,DRAW,8/2R5/8/5r2/4n3/2k1B3/8/3K4 b - - 0 1
0,1,0,0,0,0,0,1,-1,1,0,1,1,1,0,0,0,0,0,16,0,0,3,1,4,0,7,2,6,23,22,0,0,0,0,0,0,0,0,7,1,1,0,0,0,0,1,3,1,1,KRBKRNvK,DRAW,k7/2B5/8/1K6/r7/5n2/8/5R2 b - - 0 1
1,1,0,0,0,0,0,1,-1,1,0,1,1,1,0,0,0,0,0,16,0,0,4,5,1,7,5,3,4,29,20,0,0,0,0,0,0,0,0,7,1,1,0,0,0,0,2,2,0,1,KRBKRNvK,DRAW,8/6n1/7k/2R5/3r4/8/5K2/3B4 w - - 0 1
0,1,0,0,0,0,0,1,-1,1,0,1,1,1,0,0,0,0,0,16,0,0,7,7,7,0,7,6,6,21,25,0,0,0,0,0,0,0,0,7,1,1,1,0,0,0,3,2,0,0,KRBKRNvK,DRAW,k6K/4R3/8/8/1r6/2B5/3n4/8 b - - 0 1
0,1,0,0,0,0,0,1,-1,1,0,1,1,1,0,0,0,0,0,16,0,0,2,5,2,6,0,2,5,2,0,1,0,0,0,0,0,0,0,7,1,1,0,0,0,0,1,1,0,1,KRBKRNvK,DRAW,6R1/8/8/8/8/1n3K2/2B5/6kr b - - 0 1
1,1,0,0,0,0,0,1,-1,1,0,1,1,1,0,0,0,0,0,16,0,0,2,2,7,4,5,4,1,20,20,0,0,0,0,0,0,0,0,7,1,1,0,0,0,0,0,3,0,1,KRBKRNvK,WIN,2K5/8/r3k3/8/B7/6n1/8/R7 w - - 0 1
1,1,0,0,0,0,0,1,-1,1,0,1,1,1,0,0,0,0,0,16,0,0,4,4,1,4,5,2,1,25,23,0,0,0,0,0,0,0,0,7,1,1,0,0,0,0,3,2,0,0,KRBKRNvK,DRAW,B3n3/8/4k3/8/8/r7/4K3/3R4 w - - 0 1
0,1,0,0,0,0,0,1,-1,1,0,1,1,1,0,0,0,0,0,16,0,0,4,5,0,1,0,4,5,25,26,0,0,0,0,0,0,0,0,7,1,1,1,0,0,0,1,0,0,0,KRBKRNvK,DRAW,8/2R5/7r/4B3/3n4/8/8/1k3K2 b - - 0 1
0,1,0,0,0,0,0,1,-1,1,0,1,1,1,0,0,0,0,0,16,0,0,2,6,5,7,7,3,6,19,29,0,0,0,0,0,0,0,0,7,1,1,0,0,0,0,2,0,0,0,KRBKRNvK,DRAW,7k/8/n5K1/3R4/8/8/4B3/2r5 b - - 0 1
1,1,0,0,0,0,0,1,-1,1,0,1,1,1,0,0,0,0,0,16,0,0,7,0,5,7,0,4,6,24,17,0,0,0,0,0,0,0,0,7,1,1,0,0,0,0,1,0,1,1,KRBKRNvK,DRAW,7n/2r4B/K7/8/8/8/6R1/7k w - - 0 1
0,1,0,0,0,0,0,1,-1,1,0,1,1,1,0,0,0,0,0,16,0,0,3,5,3,2,0,1,4,23,25,0,0,0,0,0,0,0,0,7,1,1,0,0,0,0,2,2,0,0,KRBKRNvK,DRAW,8/4r3/n5R1/8/5K1B/8/8/2k5 b - - 0 1
1,1,0,0,0,0,0,1,-1,1,0,1,1,1,0,0,0,0,0,16,0,0,4,2,7,6,7,4,5,4,0,1,0,0,0,0,0,0,0,7,1,1,0,1,0,0,3,1,0,1,KRBKRNvK,DRAW,2K3k1/8/1n6/4B3/8/4R3/5r2/8 w - - 0 1
1,1,0,0,0,0,0,1,-1,1,0,1,1,1,0,0,0,0,0,16,0,0,3,7,2,4,5,4,1,26,21,0,0,0,0,0,0,0,0,7,1,1,0,0,0,0,1,3,0,0,KRBKRNvK,DRAW,R7/8/2n1k1r1/8/8/6BK/8/8 w - - 0 1
1,1,0,0,0,0,0,1,-1,1,0,1,1,1,0,0,0,0,0,16,0,0,6,7,6,1,4,5,2,23,26,0,0,0,0,0,0,0,0,7,1,1,0,0,0,0,2,1,0,1,KRBKRNvK,DRAW,5r2/2n4K/8/1k6/8/8/6B1/7R w - - 0 1
1,1,0,0,0,0,0,1,-1,1,0,1,1,1,0,0,0,0,0,16,0,0,3,2,7,5,7,4,4,23,21,0,0,0,0,0,0,0,0,7,1,1,0,0,0,0,0,2,1,1,KRBKRNvK,DRAW,2K1Bk2/4r3/8/8/8/7R/6n1/8 w - - 0 1
1,1,0,0,0,0,0,1,-1,1,0,1,1,1,0,0,0,0,0,16,0,0,3,2,4,2,1,1,3,6,0,1,0,0,0,0,0,0,0,7,1,1,0,0,0,0,3,2,2,0,KRBKRNvK,DRAW,8/8/8/2K4r/8/1RB5/n1k5/8 w - - 0 1
1,1,0,0,0,0,0,1,-1,1,0,1,1,1,0,0,0,0,0,16,0,0,4,5,4,4,0,1,3,6,0,1,0,0,0,0,0,0,0,7,1,1,0,0,0,0,3,0,0,0,KRBKRNvK,DRAW,8/8/1B6/2R2K2/8/8/8/4krn1 w - - 0 1
0,1,0,0,0,0,0,1,-1,1,0,1,1,1,0,0,0,0,0,16,0,0,5,5,6,1,1,3,4,26,25,0,0,0,0,0,0,0,0,7,1,1,0,0,0,0,0,4,0,0,KRBKRNvK,DRAW,8/1B3K2/2n5/8/3r4/6R1/1k6/8 b - - 0 1
0,1,0,0,0,0,0,1,-1,1,0,1,1,1,0,0,0,0,0,16,0,0,4,0,1,4,3,5,0,22,24,0,0,0,0,0,0,0,0,7,1,1,1,0,0,0,0,3,1,0,KRBKRNvK,DRAW,8/R7/8/8/4k3/6r1/K2B4/6n1 b - - 0 1
1,1,0,0,0,0,0,1,-1,1,0,1,1,1,0,0,0,0,0,16,0,0,4,6,3,2,2,2,2,27,23,0,0,0,0,0,0,0,0,7,1,1,0,0,0,0,0,1,0,0,KRBKRNvK,DRAW,2Bn4/8/8/8/6K1/2k5/5R2/r7 w - - 0 1
1,1,0,0,0,0,0,1,-1,1,0,1,1,1,0,0,0,0,0,16,0,0,4,6,4,2,2,2,2,26,25,0,0,0,0,0,0,0,0,7,1,1,1,0,0,0,2,2,0,0,KRBKRNvK,DRAW,4n3/5R2/8/6K1/1r6/2k2B2/8/8 w - - 0 1
0,1,0,0,0,0,0,1,-1,1,0,1,1,1,0,0,0,0,0,16,0,0,2,3,4,5,2,0,2,22,16,0,0,0,0,0,0,0,0,7,1,1,0,0,0,0,4,2,1,1,KRBKRNvK,DRAW,8/8/4r3/3K3n/8/5k2/B2R4/8 b - - 0 1
1,1,0,0,0,0,0,1,-1,1,0,1,1,1,0,0,0,0,0,16,0,0,4,3,0,7,3,3,3,29,20,0,0,0,0,0,0,0,0,7,1,1,0,0,0,0,2,0,0,1,KRBKRNvK,DRAW,3R4/7n/4B3/8/7k/5r2/8/3K4 w - - 0 1
1,1,0,0,0,0,0,1,-1,1,0,1,1,1,0,0,0,0,0,16,0,0,5,1,7,6,7,5,5,25,24,0,0,0,0,0,0,0,0,7,1,1,0,0,0,0,2,0,0,0,KRBKRNvK,DRAW,1K4k1/8/8/4n3/3R4/8/8/3B3r w - - 0 1
1,1,0,0,0,0,0,1,-1,1,0,1,1,1,0,0,0,0,0,16,0,0,3,6,0,5,3,5,1,26,24,0,0,0,0,0,0,0,0,7,1,1,0,0,0,0,0,4,0,0,KRBKRNvK,DRAW,8/8/1R6/8/5k2/n2r4/8/4B1K1 w - - 0 1
0,1,0,0,0,0,0,1,-1,1,0,1,1,1,0,0,0,0,0,16,0,0,5,6,2,6,7,3,5,25,23,0,0,0,0,0,0,0,0,7,1,1,0,0,0,0,2,2,0,0,KRBKRNvK,DRAW,6k1/8/3r4/8/Rn6/6K1/8/7B b - - 0 1
1,1,0,0,0,0,0,1,-1,1,0,1,1,1,0,0,0,0,0,16,0,0,5,6,6,5,1,4,3,6,0,1,0,0,0,0,0,0,0,7,1,1,0,0,0,0,2,2,2,1,KRBKRNvK,DRAW,8/4r1K1/8/8/3R2B1/8/5k2/6n1 w - - 0 1
0,1,0,0,0,0,0,1,-1,1,0,1,1,1,0,0,0,0,0,16,0,0,3,6,3,7,6,2,5,23,20,0,0,0,0,0,0,0,0,7,1,1,0,0,0,0,2,1,1,0,KRBKRNvK,DRAW,5B2/4n2k/r7/8/5RK1/8/8/8 b - - 0 1
1,1,0,0,0,0,0,1,-1,1,0,1,1,1,0,0,0,0,0,16,0,0,4,4,2,0,6,1,5,7,0,1,0,0,0,0,0,0,0,7,1,1,0,0,0,0,3,1,0,1,KRBKRNvK,DRAW,8/k7/5B2/8/r1n5/4K3/R7/8 w - - 0 1
0,1,0,0,0,0,0,1,-1,1,0,1,1,1,0,0,0,0,0,16,0,0,2,2,5,4,3,2,0,17,30,0,0,0,0,0,0,0,0,7,1,1,0,0,0,0,1,3,2,1,KRBKRNvK,DRAW,8/8/2K1B3/8/n3k3/r7/5R2/8 b - - 0 1
1,1,0,0,0,0,0,1,-1,1,0,1,1,1,0,0,0,0,0,16,0,0,3,5,4,2,4,1,1,20,23,0,0,0,0,0,0,0,0,7,1,1,0,0,0,0,2,2,0,2,KRBKRNvK,DRAW,5R2/8/3r4/2k2K1n/8/8/8/5B2 w - - 0 1
1,1,0,0,0,0,0,1,-1,1,0,1,1,1,0,0,0,0,0,16,0,0,4,1,6,0,2,4,4,31,12,0,0,0,0,0,0,0,0,7,1,1,0,0,0,0,1,1,1,2,KRBKRNvK,DRAW,8/1K6/8/rn6/3B4/k7/2R5/8 w - - 0 1
1,1,0,0,0,0,0,1,-1,1,0,1,1,1,0,0,0,0,0,16,0,0,2,6,2,7,0,3,6,26,18,0,0,0,0,0,0,0,0,7,1,1,0,1,0,0,3,2,0,0,KRBKRNvK,WIN,8/n4B2/8/8/8/4R1K1/3r4/7k w - - 0 1
0,1,0,0,0,0,0,1,-1,1,0,1,1,1,0,0,0,0,0,16,0,0,5,7,2,2,1,4,3,26,22,0,0,0,0,0,0,0,0,7,1,1,1,0,0,0,1,2,0,0,KRBKRNvK,DRAW,8/R7/nB6/4r3/8/7K/2k5/8 b - - 0 1
0,1,0,0,0,0,0,1,-1,1,0,1,1,1,0,0,0,0,0,16,0,0,3,7,7,5,4,6,1,22,17,0,0,0,0,0,0,0,0,7,1,1,0,0,0,0,2,2,0,0,KRBKRNvK,DRAW,7K/1r6/8/5k2/8/8/n3R3/5B2 b - - 0 1
1,1,0,0,0,0,0,1,-1,1,0,1,1,1,0,0,0,0,0,16,0,0,3,2,2,5,0,2,4,6,0,1,0,0,0,0,0,0,0,7,1,1,0,0,0,0,3,2,0,1,KRBKRNvK,DRAW,8/8/8/1R1B4/8/2K1r2n/8/5k2 w - - 0 1
0,1,0,0,0,0,0,1,-1,1,0,1,1,1,0,0,0,0,0,16,0,0,3,2,3,1,0,1,5,20,27,0,0,0,0,0,0,0,0,7,1,1,0,0,0,0,3,0,0,0,KRBKRNvK,DRAW,1B6/n7/7r/R7/2K5/8/8/1k6 b - - 0 1
1,1,0,0,0,0,0,1,-1,1,0,1,1,1,0,0,0,0,0,16,0,0,6,4,1,3,7,2,3,3,0,1,0,0,0,0,0,0,0,7,1,1,0,1,0,0,2,0,0,2,KRBKRNvK,DRAW,3k4/8/8/4R3/4n3/8/4Kr2/3B4 w - - 0 1
0,1,0,0,0,0,0,1,-1,1,0,1,1,1,0,0,0,0,0,16,0,0,3,7,7,4,6,6,2,25,21,0,0,0,0,0,0,0,0,7,1,1,0,1,0,0,0,0,0,0,KRBKRNvK,DRAW,7K/4k3/8/3n3B/8/5R2/r7/8 b - - 0 1
0,1,0,0,0,0,0,1,-1,1,0,1,1,1,0,0,0,0,0,16,0,0,4,7,7,3,4,6,0,5,0,1,0,0,0,0,0,0,0,7,1,1,0,0,0,0,3,4,0,0,KRBKRNvK,DRAW,7K/8/8/2nk1r2/6R1/8/6B1/8 b - - 0 1
0,1,0,0,0,0,0,1,-1,1,0,1,1,1,0,0,0,0,0,16,0,0,2,3,6,3,4,2,0,25,22,0,0,0,0,0,0,0,0,7,1,1,0,1,0,0,0,4,0,0,KRBKRNvK,DRAW,8/3K4/R7/3k4/8/4n2B/2r5/8 b - - 0 1
0,1,0,0,0,0,0,1,-1,1,0,1,1,1,0,0,0,0,0,16,0,0,3,4,2,7,5,1,4,20,27,0,0,0,0,0,0,0,0,7,1,1,0,0,0,0,3,0,0,0,KRBKRNvK,DRAW,8/8/1r5k/8/8/4K3/3R2B1/7n b - - 0 1
1,1,0,0,0,0,0,1,-1,1,0,1,1,1,0,0,0,0,0,16,0,0,3,7,1,5,4,5,1,24,20,0,0,0,0,0,0,0,0,7,1,1,0,0,0,0,0,3,0,0,KRBKRNvK,DRAW,8/5r2/2R5/5k2/8/B7/4n2K/8 w - - 0 1
1,1,0,0,0,0,0,1,-1,1,0,1,1,1,0,0,0,0,0,16,0,0,4,1,0,2,4,5,1,28,19,0,0,0,0,0,0,0,0,7,1,1,0,0,0,0,2,3,2,0,KRBKRNvK,DRAW,7n/8/3R4/1Bk5/4r3/8/8/1K6 w - - 0 1
0,1,0,0,0,0,0,1,-1,1,0,1,1,1,0,0,0,0,0,16,0,0,7,7,3,0,1,3,5,23,24,0,0,0,0,0,0,0,0,7,1,1,1,0,0,0,0,1,0,0,KRBKRNvK,DRAW,8/3n1R2/r7/1B6/7K/8/k7/8 b - - 0 1
1,1,0,0,0,0,0,1,-1,1,0,1,1,1,0,0,0,0,0,16,0,0,7,7,4,0,2,3,4,32,20,0,0,0,0,0,0,0,0,7,1,1,0,0,0,0,1,1,1,0,KRBKRNvK,DRAW,8/8/8/3n3K/3B4/k2r4/2R5/8 w - - 0 1
0,1,0,0,0,0,0,1,-1,1,0,1,1,1,0,0,0,0,0,16,0,0,3,0,2,3,1,4,2,24,23,0,0,0,0,0,0,0,0,7,1,1,0,0,0,0,1,1,0,0,KRBKRNvK,DRAW,8/1r6/6n1/2B5/8/K7/3k4/6R1 b - - 0 1
1,1,0,0,0,0,0,1,-1,1,0,1,1,1,0,0,0,0,0,16,0,0,2,0,7,2,7,6,4,21,19,0,0,0,0,0,0,0,0,7,1,1,0,0,0,0,2,2,0,1,KRBKRNvK,DRAW,Knk4B/8/8/8/1r6/8/R7/8 w - - 0 1
1,1,0,0,0,0,0,1,-1,1,0,1,1,1,0,0,0,0,0,16,0,0,3,3,5,3,2,1,1,28,19,0,0,0,0,0,0,0,0,7,1,1,0,0,0,0,4,2,0,0,KRBKRNvK,DRAW,8/7r/1B1K4/8/R7/3k4/8/7n w - - 0 1
1,1,0,0,0,0,0,1,-1,1,0,1,1,1,0,0,0,0,0,16,0,0,3,4,3,7,5,0,4,28,20,0,0,0,0,0,0,0,0,7,1,1,0,1,0,0,3,0,1,1,KRBKRNvK,DRAW,R7/8/7k/7B/4K3/8/6rn/8 w - - 0 1
0,1,0,0,0,0,0,1,-1,1,0,1,1,1,0,0,0,0,0,16,0,0,5,1,1,6,5,4,3,25,26,0,0,0,0,0,0,0,0,7,1,1,0,0,0,0,0,2,0,0,KRBKRNvK,DRAW,2R5/8/6k1/r7/8/8/1K5n/4B3 b - - 0 1
0,1,0,0,0,0,0,1,-1,1,0,1,1,1,0,0,0,0,0,16,0,0,2,4,6,3,4,2,0,4,0,1,0,0,0,0,0,0,0,7,1,1,0,1,0,0,1,4,1,1,KRBKRNvK,DRAW,8/4K3/3R1n2/3k4/8/8/3B1r2/8 b - - 0 1
1,1,0,0,0,0,0,1,-1,1,0,1,1,1,0,0,0,0,0,16,0,0,7,6,0,3,7,5,3,22,25,0,0,0,0,0,0,0,0,7,1,1,0,1,0,0,2,3,0,0,KRBKRNvK,DRAW,3k4/8/8/5R2/8/2n5/3r3B/6K1 w - - 0 1
1,1,0,0,0,0,0,1,-1,1,0,1,1,1,0,0,0,0,0,16,0,0,3,3,1,2,4,2,1,6,0,1,0,0,0,0,0,0,0,7,1,1,0,0,0,0,3,2,0,0,KRBKRNvK,DRAW,1n5B/8/3r4/2k5/8/8/3K4/4R3 w - - 0 1
0,1,0,0,0,0,0,1,-1,1,0,1,1,1,0,0,0,0,0,16,0,0,3,2,1,5,1,3,3,23,19,0,0,0,0,0,0,0,0,7,1,1,0,0,0,0,2,2,1,1,KRBKRNvK,DRAW,8/8/3r4/8/6R1/8/1nK2k2/1B6 b - - 0 1
0,1,0,0,0,0,0,1,-1,1,0,1,1,1,0,0,0,0,0,16,0,0,2,4,0,6,0,3,5,3,0,1,0,0,0,0,0,0,0,7,1,1,0,0,0,0,3,0,0,0,KRBKRNvK,DRAW,8/1r6/8/2B4R/7n/8/8/4K1k1 b - - 0 1
1,1,0,0,0,0,0,1,-1,1,0,1,1,1,0,0,0,0,0,16,0,0,2,0,5,0,7,4,6,25,16,0,0,0,0,0,0,0,0,7,1,1,0,0,0,0,1,2,0,0,KRBKRNvK,DRAW,k7/8/K7/8/6r1/8/2B4n/1R6 w - - 0 1
1,1,0,0,0,0,0,1,-1,1,0,1,1,1,0,0,0,0,0,16,0,0,7,7,7,3,0,6,3,17,17,0,0,0,0,0,0,0,0,7,1,1,0,0,0,0,0,2,0,1,KRBKRNvK,DRAW,4R2K/4B3/7n/8/8/8/8/3kr3 w - - 0 1
1,1,0,0,0,0,0,1,-1,1,0,1,1,1,0,0,0,0,0,16,0,0,2,4,6,6,5,2,3,29,17,0,0,0,0,0,0,0,0,7,1,1,0,0,0,0,3,0,2,0,KRBKRNvK,DRAW,8/4K3/5Bk1/7R/n7/8/8/5r2 w - - 0 1
0,1,0,0,0,0,0,1,-1,1,0,1,1,1,0,0,0,0,0,16,0,0,3,2,5,0,2,2,4,20,25,0,0,0,0,0,0,0,0,7,1,1,0,0,0,0,4,2,0,0,KRBKRNvK,DRAW,8/8/2K5/8/6R1/kr3nB1/8/8 b - - 0 1
0,1,0,0,0,0,0,1,-1,1,0,1,1,1,0,0,0,0,0,16,0,0,5,2,5,2,0,2,4,18,30,0,0,0,0,0,0,0,0,7,1,1,0,0,0,0,4,1,0,0,KRBKRNvK,DRAW,4R3/8/1BK5/6nr/8/8/8/2k5 b - - 0 1
0,1,0,0,0,0,0,1,-1,1,0,1,1,1,0,0,0,0,0,16,0,0,4,1,7,2,3,5,1,21,24,0,0,0,0,0,0,0,0,7,1,1,0,0,0,0,2,2,1,0,KRBKRNvK,DRAW,1K2B3/8/8/R7/2k5/n6r/8/8 b - - 0 1
0,1,0,0,0,0,0,1,-1,1,0,1,1,1,0,0,0,0,0,16,0,0,5,5,6,4,1,3,2,24,30,0,0,0,0,0,0,0,0,7,1,1,0,0,0,0,2,1,1,0,KRBKRNvK,DRAW,8/5K2/r7/5B2/3R4/8/4kn2/8 b - - 0 1
0,1,0,0,0,0,0,1,-1,1,0,1,1,1,0,0,0,0,0,16,0,0,4,3,3,5,7,0,4,4,0,1,0,0,0,0,0,0,0,7,1,1,0,0,0,0,3,0,0,0,KRBKRNvK,DRAW,5k2/5r2/8/8/3K4/B6R/7n/8 b - - 0 1
1,1,0,0,0,0,0,1,-1,1,0,1,1,1,0,0,0,0,0,16,0,0,6,6,6,7,0,4,6,5,0,1,0,0,0,0,0,0,0,7,1,1,0,0,0,0,0,1,1,1,KRBKRNvK,DRAW,r7/6K1/4n3/8/8/8/8/2R2B1k w - - 0 1
1,1,0,0,0,0,0,1,-1,1,0,1,1,1,0,0,0,0,0,16,0,0,2,2,2,0,4,2,3,5,0,1,0,0,0,0,0,0,0,7,1,1,1,0,0,0,1,2,1,0,KRBKRNvK,DRAW,8/1R6/2n4B/k7/8/2K3r1/8/8 w - - 0 1
1,1,0,0,0,0,0,1,-1,1,0,1,1,1,0,0,0,0,0,16,0,0,6,7,5,1,7,4,5,28,12,0,0,0,0,0,0,0,0,7,1,1,0,0,0,0,2,0,0,0,KRBKRNvK,DRAW,rk6/4B3/7K/8/6R1/8/n7/8 w - - 0 1
0,1,0,0,0,0,0,1,-1,1,0,1,1,1,0,0,0,0,0,16,0,0,2,6,3,6,5,2,3,20,16,0,0,0,0,0,0,0,0,7,1,1,0,0,0,0,0,0,0,0,KRBKRNvK,DRAW,8/1B6/2r3k1/8/6K1/8/8/2n3R1 b - - 0 1
0,1,0,0,0,0,0,1,-1,1,0,1,1,1,0,0,0,0,0,16,0,0,4,4,2,3,6,1,2,23,21,0,0,0,0,0,0,0,0,7,1,1,0,1,0,0,2,0,1,1,KRBKRNvK,DRAW,8/1n1k4/1R6/8/8/4K3/6r1/2B5 b - - 0 1
1,1,0,0,0,0,0,1,-1,1,0,1,1,1,0,0,0,0,0,16,0,0,6,7,5,1,7,4,5,3,0,1,0,0,0,0,0,0,0,7,1,1,0,0,0,0,2,0,0,1,KRBKRNvK,DRAW,1k4n1/r7/7K/B7/R7/8/8/8 w - - 0 1
0,1,0,0,0,0,0,1,-1,1,0,1,1,1,0,0,0,0,0,16,0,0,3,7,0,4,3,6,0,4,0,1,0,0,0,0,0,0,0,7,1,1,0,0,0,0,2,3,1,0,KRBKRNvK,DRAW,1r6/8/4B3/4n3/4k2R/8/8/7K b - - 0 1
0,1,0,0,0,0,0,1,-1,1,0,1,1,1,0,0,0,0,0,16,0,0,2,1,4,3,2,2,1,20,22,0,0,0,0,0,0,0,0,7,1,1,0,0,0,0,1,3,0,1,KRBKRNvK,DRAW,1n4R1/8/8/1K6/3r4/3k4/B7/8 b - - 0 1
1,1,0,0,0,0,0,1,-1,1,0,1,1,1,0,0,0,0,0,16,0,0,5,5,3,0,5,1,4,21,15,0,0,0,0,0,0,0,0,7,1,1,0,0,0,0,2,0,1,0,KRBKRNvK,DRAW,1B6/7n/k7/8/5K2/r7/1R6/8 w - - 0 1
1,1,0,0,0,0,0,1,-1,1,0,1,1,1,0,0,0,0,0,16,0,0,2,4,2,3,4,1,0,4,0,1,0,0,0,0,0,0,0,7,1,1,1,0,0,0,2,3,2,0,KRBKRNvK,LOSS,8/2R5/n7/3k4/1B6/4K2r/8/8 w - - 0 1
1,1,0,0,0,0,0,1,-1,1,0,1,1,1,0,0,0,0,0,16,0,0,3,1,1,4,4,4,0,28,24,0,0,0,0,0,0,0,0,7,1,1,0,0,0,0,2,3,0,0,KRBKRNvK,DRAW,8/8/8/4k3/5n2/1B4r1/1K6/3R4 w - - 0 1
0,1,0,0,0,0,0,1,-1,1,0,1,1,1,0,0,0,0,0,16,0,0,5,3,1,7,6,2,5,4,0,1,0,0,0,0,0,0,0,7,1,1,0,0,0,0,2,2,0,1,KRBKRNvK,LOSS,8/7k/8/8/1r1RB1n1/8/3K4/8 b - - 0 1
0,1,0,0,0,0,0,1,-1,1,0,1,1,1,0,0,0,0,0,16,0,0,6,6,1,5,7,4,4,15,26,0,0,0,0,0,0,0,0,7,1,1,0,0,0,0,2,0,0,2,KRBKRNvK,DRAW,5k2/8/8/8/3R4/3B4/6Kn/7r b - - 0 1
1,1,0,0,0,0,0,1,-1,1,0,1,1,1,0,0,0,0,0,16,0,0,4,1,1,5,2,4,2,7,0,1,0,0,0,0,0,0,0,7,1,1,0,0,0,0,1,3,1,1,KRBKRNvK,DRAW,8/8/6B1/8/2n1r3/5k2/1K2R3/8 w - - 0 1
0,1,0,0,0,0,0,1,-1,1,0,1,1,1,0,0,0,0,0,16,0,0,2,4,3,2,3,0,1,2,0,1,0,0,0,0,0,0,0,7,1,1,0,0,0,0,3,3,1,1,KRBKRNvK,DRAW,4B3/7r/8/8/2k1K3/5n2/2R5/8 b - - 0 1
0,1,0,0,0,0,0,1,-1,1,0,1,1,1,0,0,0,0,0,16,0,0,2,7,1,5,0,5,4,20,24,0,0,0,0,0,0,0,0,7,1,1,1,0,0,0,0,2,0,0,KRBKRNvK,DRAW,8/R7/3rn3/8/1B6/8/7K/5k2 b - - 0 1
1,1,0,0,0,0,0,1,-1,1,0,1,1,1,0,0,0,0,0,16,0,0,6,6,6,7,0,4,6,26,19,0,0,0,0,0,0,0,0,7,1,1,0,1,0,0,2,0,0,0,KRBKRNvK,DRAW,8/6K1/B7/8/4R3/8/5r2/n6k w - - 0 1
0,1,0,0,0,0,0,1,-1,1,0,1,1,1,0,0,0,0,0,16,0,0,4,6,2,4,6,3,2,26,34,0,0,0,0,0,0,0,0,7,1,1,0,0,0,0,1,0,0,0,KRBKRNvK,DRAW,2r5/4k3/7n/8/4B3/6K1/1R6/8 b - - 0 1
0,1,0,0,0,0,0,1,-1,1,0,1,1,1,0,0,0,0,0,16,0,0,3,3,1,0,4,2,3,20,29,0,0,0,0,0,0,0,0,7,1,1,0,0,0,0,3,0,1,0,KRBKRNvK,DRAW,B7/8/1r6/k7/2R5/7n/3K4/8 b - - 0 1
1,1,0,0,0,0,0,1,-1,1,0,1,1,1,0,0,0,0,0,16,0,0,3,0,1,3,3,5,0,4,0,1,0,0,0,0,0,0,0,7,1,1,0,1,0,0,0,3,0,0,KRBKRNvK,DRAW,8/8/3n4/8/3k4/7B/K4r2/6R1 w - - 0 1
0,1,0,0,0,0,0,1,-1,1,0,1,1,1,0,0,0,0,0,16,0,0,4,3,4,4,0,0,3,22,26,0,0,0,0,0,0,0,0,7,1,1,0,0,0,0,4,0,0,0,KRBKRNvK,WIN,8/1B6/8/3K4/6R1/7r/8/3nk3 b - - 0 1
1,1,0,0,0,0,0,1,-1,1,0,1,1,1,0,0,0,0,0,16,0,0,5,7,2,2,2,4,2,2,0,1,0,0,0,0,0,0,0,7,1,1,0,0,0,0,2,2,0,0,KRBKRNvK,DRAW,8/7r/5Rn1/8/8/2k4K/6B1/8 w - - 0 1
1,1,0,0,0,0,0,1,-1,1,0,1,1,1,0,0,0,0,0,16,0,0,3,3,5,6,4,1,2,25,22,0,0,0,0,0,0,0,0,7,1,1,0,0,0,0,3,2,1,1,KRBKRNvK,DRAW,8/8/1n1K4/r5k1/4R3/8/8/B7 w - - 0 1
1,1,0,0,0,0,0,1,-1,1,0,1,1,1,0,0,0,0,0,16,0,0,4,0,7,2,3,6,1,3,0,1,0,0,0,0,0,0,0,7,1,1,0,0,0,0,2,2,2,1,KRBKRNvK,DRAW,K7/8/r7/8/2kB4/4R3/8/7n w - - 0 1
0,1,0,0,0,0,0,1,-1,1,0,1,1,1,0,0,0,0,0,16,0,0,4,7,2,6,6,4,4,6,0,1,0,0,0,0,0,0,0,7,1,1,0,0,0,0,2,0,0,0,KRBKRNvK,LOSS,1n6/r5k1/8/8/3B4/7K/8/3R4 b - - 0 1
1,1,0,0,0,0,0,1,-1,1,0,1,1,1,0,0,0,0,0,16,0,0,2,2,7,2,5,4,2,1,0,1,0,0,0,0,0,0,0,7,1,1,1,0,0,0,2,1,1,0,KRBKRNvK,LOSS,2K2r1n/4R3/2k5/8/8/7B/8/8 w - - 0 1
0,1,0,0,0,0,0,1,-1,1,0,1,1,1,0,0,0,0,0,16,0,0,7,0,7,7,5,6,4,20,20,0,0,0,0,0,0,0,0,7,1,1,0,0,0,0,2,2,0,0,KRBKRNvK,DRAW,K7/6n1/7k/8/6r1/8/3R4/4B3 b - - 0 1
1,1,0,0,0,0,0,1,-1,1,0,1,1,1,0,0,0,0,0,16,0,0,3,2,5,1,2,2,3,23,23,0,0,0,0,0,0,0,0,7,1,1,0,1,0,0,1,2,1,0,KRBKRNvK,DRAW,4B3/8/2K5/8/7n/1k6/3r4/R7 w - - 0 1
1,1,0,0,0,0,0,1,-1,1,0,1,1,1,0,0,0,0,0,16,0,0,3,7,4,4,6,3,2,25,23,0,0,0,0,0,0,0,0,7,1,1,0,0,0,0,2,2,1,0,KRBKRNvK,DRAW,8/3Bk3/n7/1R5K/8/8/8/3r4 w - - 0 1
1,1,0,0,0,0,0,1,-1,1,0,1,1,1,0,0,0,0,0,16,0,0,2,6,4,4,3,2,0,5,0,1,0,0,0,0,0,0,0,7,1,1,0,1,0,0,0,4,1,1,KRBKRNvK,DRAW,8/7n/8/6K1/4k3/8/4rR2/4B3 w - - 0 1
0,1,0,0,0,0,0,1,-1,1,0,1,1,1,0,0,0,0,0,16,0,0,4,4,0,0,1,3,5,27,25,0,0,0,0,0,0,0,0,7,1,1,1,0,0,0,0,1,0,0,KRBKRNvK,DRAW,2r5/7R/8/5n2/8/8/k7/4KB2 b - - 0 1
1,1,0,0,0,0,0,1,-1,1,0,1,1,1,0,0,0,0,0,16,0,0,5,2,4,7,1,1,5,28,17,0,0,0,0,0,0,0,0,7,1,1,0,0,0,0,3,0,0,0,KRBKRNvK,DRAW,8/7B/1R6/2K5/8/8/7k/r1n5 w - - 0 1
1,1,0,0,0,0,0,1,-1,1,0,1,1,1,0,0,0,0,0,16,0,0,2,5,3,3,3,1,0,28,19,0,0,0,0,0,0,0,0,7,1,1,0,1,0,0,2,3,1,1,KRBKRNvK,DRAW,8/8/R7/8/3k1K2/3B4/1r1n4/8 w - - 0 1
1,1,0,0,0,0,0,1,-1,1,0,1,1,1,0,0,0,0,0,16,0,0,4,3,1,5,5,2,2,7,0,1,0,0,0,0,0,0,0,7,1,1,0,1,0,0,0,1,0,0,KRBKRNvK,DRAW,7n/8/5k2/8/B7/2R5/r2K4/8 w - - 0 1
1,1,0,0,0,0,0,1,-1,1,0,1,1,1,0,0,0,0,0,16,0,0,2,2,0,0,2,4,4,24,18,0,0,0,0,0,0,0,0,7,1,1,0,0,0,0,3,1,0,0,KRBKRNvK,DRAW,4n3/8/8/4B2r/8/k7/8/2K1R3 w - - 0 1
0,1,0,0,0,0,0,1,-1,1,0,1,1,1,0,0,0,0,0,16,0,0,5,5,7,3,2,4,1,6,0,1,0,0,0,0,0,0,0,7,1,1,0,0,0,0,2,4,0,0,KRBKRNvK,DRAW,3R1K2/8/8/2r5/B7/3k4/7n/8 b - - 0 1
1,1,0,0,0,0,0,1,-1,1,0,1,1,1,0,0,0,0,0,16,0,0,3,4,3,2,0,0,4,28,21,0,0,0,0,0,0,0,0,7,1,1,0,0,0,0,3,0,1,0,KRBKRNvK,DRAW,5r2/8/8/8/4K3/7R/4B3/2k3n1 w - - 0 1
0,1,0,0,0,0,0,1,-1,1,0,1,1,1,0,0,0,0,0,16,0,0,2,0,7,0,5,6,4,24,22,0,0,0,0,0,0,0,0,7,1,1,0,0,0,0,3,1,0,0,KRBKRNvK,WIN,K6B/8/k7/2n5/8/8/4R3/6r1 b - - 0 1
0,1,0,0,0,0,0,1,-1,1,0,1,1,1,0,0,0,0,0,16,0,0,3,1,3,0,6,2,5,2,0,1,0,0,0,0,0,0,0,7,1,1,0,0,0,0,2,0,1,0,KRBKRNvK,DRAW,5r2/k7/8/1R6/1K1B4/8/8/2n5 b - - 0 1
0,1,0,0,0,0,0,1,-1,1,0,1,1,1,0,0,0,0,0,16,0,0,3,6,6,4,3,4,0,4,0,1,0,0,0,0,0,0,0,7,1,1,1,0,0,0,1,3,0,1,KRBKRNvK,LOSS,5r2/5RK1/8/8/4k3/8/8/1B4n1 b - - 0 1
0,1,0,0,0,0,0,1,-1,1,0,1,1,1,0,0,0,0,0,16,0,0,6,3,0,3,6,3,2,6,0,1,0,0,0,0,0,0,0,7,1,1,0,1,0,0,3,1,0,1,KRBKRNvK,DRAW,8/3k4/1n6/8/8/3R1B2/1r6/3K4 b - - 0 1
0,1,0,0,0,0,0,1,-1,1,0,1,1,1,0,0,0,0,0,16,0,0,2,3,6,4,4,2,0,6,0,1,0,0,0,0,0,0,0,7,1,1,1,0,0,0,1,3,0,0,KRBKRNvK,DRAW,7r/1R1K4/8/4k3/8/7n/7B/8 b - - 0 1
1,1,0,0,0,0,0,1,-1,1,0,1,1,1,0,0,0,0,0,16,0,0,7,1,0,5,7,5,4,26,13,0,0,0,0,0,0,0,0,7,1,1,0,0,0,0,3,1,1,0,KRBKRNvK,DRAW,4rk2/4n3/3R4/8/8/3B4/8/1K6 w - - 0 1
1,1,0,0,0,0,0,1,-1,1,0,1,1,1,0,0,0,0,0,16,0,0,2,2,2,4,2,2,1,22,25,0,0,0,0,0,0,0,0,7,1,1,0,0,0,0,2,2,1,0,KRBKRNvK,DRAW,5B2/5r2/4n3/8/2R5/2K1k3/8/8 w - - 0 1
1,1,0,0,0,0,0,1,-1,1,0,1,1,1,0,0,0,0,0,16,0,0,5,0,1,4,6,5,2,23,18,0,0,0,0,0,0,0,0,7,1,1,0,0,0,0,0,0,2,1,KRBKRNvK,WIN,8/4k3/5R2/6B1/8/8/K7/1n5r w - - 0 1
0,1,0,0,0,0,0,1,-1,1,0,1,1,1,0,0,0,0,0,16,0,0,2,4,2,6,1,1,4,24,22,0,0,0,0,0,0,0,0,7,1,1,0,0,0,0,4,3,0,1,KRBKRNvK,DRAW,8/2B5/8/1r6/8/3RK3/4n1k1/8 b - - 0 1
0,1,0,0,0,0,0,1,-1,1,0,1,1,1,0,0,0,0,0,16,0,0,2,4,2,3,4,1,0,5,0,1,0,0,0,0,0,0,0,7,1,1,0,0,0,0,3,4,1,1,KRBKRNvK,DRAW,6R1/1B6/8/3k1r2/8/1n2K3/8/8 b - - 0 1
1,1,0,0,0,0,0,1,-1,1,0,1,1,1,0,0,0,0,0,16,0,0,3,4,2,3,5,1,1,6,0,1,0,0,0,0,0,0,0,7,1,1,0,0,0,0,2,3,1,0,KRBKRNvK,DRAW,8/8/1B1kr3/8/n7/4K3/8/1R6 w - - 0 1
0,1,0,0,0,0,0,1,-1,1,0,1,1,1,0,0,0,0,0,16,0,0,2,5,4,7,6,1,5,22,21,0,0,0,0,0,0,0,0,7,1,1,0,0,0,0,2,2,0,1,KRBKRNvK,DRAW,8/7k/1n1r4/5K2/7B/7R/8/8 b - - 0 1
0,1,0,0,0,0,0,1,-1,1,0,1,1,1,0,0,0,0,0,16,0,0,6,7,0,1,0,6,5,19,19,0,0,0,0,0,0,0,0,7,1,1,1,1,0,0,0,1,0,1,KRBKRNvK,DRAW,3B4/1R6/8/8/1n6/8/6r1/1k5K b - - 0 1
0,1,0,0,0,0,0,1,-1,1,0,1,1,1,0,0,0,0,0,16,0,0,2,6,0,5,2,5,2,26,24,0,0,0,0,0,0,0,0,7,1,1,0,0,0,0,0,2,0,0,KRBKRNvK,DRAW,5B2/8/8/4r3/3n4/5k2/R7/6K1 b - - 0 1
1,1,0,0,0,0,0,1,-1,1,0,1,1,1,0,0,0,0,0,16,0,0,4,5,0,1,3,4,2,22,26,0,0,0,0,0,0,0,0,7,1,1,0,0,0,0,3,3,0,1,KRBKRNvK,DRAW,1B1R4/4n3/8/8/1k6/4r3/8/5K2 w - - 0 1
1,1,0,0,0,0,0,1,-1,1,0,1,1,1,0,0,0,0,0,16,0,0,3,3,1,0,3,2,3,8,0,1,0,0,0,0,0,0,0,7,1,1,0,0,0,0,2,2,0,0,KRBKRNvK,DRAW,3r1n2/8/8/6R1/k4B2/8/3K4/8 w - - 0 1
0,1,0,0,0,0,0,1,-1,1,0,1,1,1,0,0,0,0,0,16,0,0,4,4,4,0,3,0,3,20,26,0,0,0,0,0,0,0,0,7,1,1,0,1,0,0,3,0,0,0,KRBKRNvK,DRAW,2B2R2/8/8/4K3/k7/8/1n4r1/8 b - - 0 1
1,1,0,0,0,0,0,1,-1,1,0,1,1,1,0,0,0,0,0,16,0,0,4,5,4,4,0,1,3,20,25,0,0,0,0,0,0,0,0,7,1,1,1,0,0,0,3,3,0,1,KRBKRNvK,DRAW,8/1R6/1B6/5K2/2r5/5n2/8/4k3 w - - 0 1
0,1,0,0,0,0,0,1,-1,1,0,1,1,1,0,0,0,0,0,16,0,0,4,1,4,2,0,2,4,24,22,0,0,0,0,0,0,0,0,7,1,1,0,0,0,0,1,2,0,1,KRBKRNvK,DRAW,8/5B2/r4n1R/1K6/8/8/8/2k5 b - - 0 1
0,1,0,0,0,0,0,1,-1,1,0,1,1,1,0,0,0,0,0,16,0,0,2,0,0,0,2,6,4,19,23,0,0,0,0,0,0,0,0,7,1,1,0,0,0,0,3,2,1,0,KRBKRNvK,DRAW,8/8/4r3/8/8/k1B5/3R4/K3n3 b - - 0 1
0,1,0,0,0,0,0,1,-1,1,0,1,1,1,0,0,0,0,0,16,0,0,3,4,4,7,5,0,4,17,24,0,0,0,0,0,0,0,0,7,1,1,0,0,0,0,4,0,0,0,KRBKRNvK,DRAW,7r/8/7k/1B1RK3/8/8/1n6/8 b - - 0 1
0,1,0,0,0,0,0,1,-1,1,0,1,1,1,0,0,0,0,0,16,0,0,5,0,0,5,2,6,2,4,0,1,0,0,0,0,0,0,0,7,1,1,0,0,0,0,0,3,2,1,KRBKRNvK,DRAW,8/3r4/8/8/8/n4k2/5R2/K3B3 b - - 0 1
1,1,0,0,0,0,0,1,-1,1,0,1,1,1,0,0,0,0,0,16,0,0,2,1,3,3,3,2,0,22,17,0,0,0,0,0,0,0,0,7,1,1,0,0,0,0,2,4,0,1,KRBKRNvK,DRAW,8/8/3r4/7R/1K1k3B/7n/8/8 w - - 0 1
0,1,0,0,0,0,0,1,-1,1,0,1,1,1,0,0,0,0,0,16,0,0,2,4,2,3,0,1,3,24,24,0,0,0,0,0,0,0,0,7,1,1,0,1,0,0,3,2,0,2,KRBKRNvK,DRAW,8/8/4B3/8/8/4KnR1/2r5/3k4 b - - 0 1
0,1,0,0,0,0,0,1,-1,1,0,1,1,1,0,0,0,0,0,16,0,0,5,5,6,4,1,3,2,23,33,0,0,0,0,0,0,0,0,7,1,1,0,0,0,0,3,2,0,0,KRBKRNvK,DRAW,8/5K2/2B5/6R1/1r6/8/4k3/6n1 b - - 0 1
0,1,0,0,0,0,0,1,-1,1,0,1,1,1,0,0,0,0,0,16,0,0,5,4,0,3,5,3,1,24,14,0,0,0,0,0,0,0,0,7,1,1,0,0,0,0,0,2,0,0,KRBKRNvK,DRAW,8/8/3k4/8/5n1r/8/8/3BKR2 b - - 0 1
1,1,0,0,0,0,0,1,-1,1,0,1,1,1,0,0,0,0,0,16,0,0,3,5,2,2,2,2,2,30,21,0,0,0,0,0,0,0,0,7,1,1,0,0,0,0,3,1,2,0,KRBKRNvK,DRAW,6n1/8/r7/2BR4/8/2k2K2/8/8 w - - 0 1
1,1,0,0,0,0,0,1,-1,1,0,1,1,1,0,0,0,0,0,16,0,0,3,6,3,3,5,2,1,7,0,1,0,0,0,0,0,0,0,7,1,1,0,0,0,0,1,2,0,1,KRBKRNvK,DRAW,3n4/8/3k2r1/8/6K1/R3B3/8/8 w - - 0 1
0,1,0,0,0,0,0,1,-1,1,0,1,1,1,0,0,0,0,0,16,0,0,5,2,1,7,3,3,3,17,32,0,0,0,0,0,0,0,0,7,1,1,0,0,0,0,1,1,0,0,KRBKRNvK,DRAW,8/8/8/2B2nr1/7k/1R6/2K5/8 b - - 0 1
0,1,0,0,0,0,0,1,-1,1,0,1,1,1,0,0,0,0,0,16,0,0,4,1,0,1,4,5,2,7,0,1,0,0,0,0,0,0,0,7,1,1,0,0,0,0,2,2,0,0,KRBKRNvK,DRAW,8/1n6/4B3/1k3R2/2r5/8/8/1K6 b - - 0 1
0,1,0,0,0,0,0,1,-1,1,0,1,1,1,0,0,0,0,0,16,0,0,6,6,0,0,3,5,3,3,0,1,0,0,0,0,0,0,0,7,1,1,0,1,0,0,2,2,0,1,KRBKRNvK,LOSS,R7/6B1/8/8/k7/2n5/5r2/6K1 b - - 0 1
1,1,0,0,0,0,0,1,-1,1,0,1,1,1,0,0,0,0,0,16,0,0,7,0,1,7,2,5,4,26,24,0,0,0,0,0,0,0,0,7,1,1,0,0,0,0,0,3,1,0,KRBKRNvK,DRAW,8/8/8/2n5/8/3r3k/K2B4/5R2 w - - 0 1
1,1,0,0,0,0,0,1,-1,1,0,1,1,1,0,0,0,0,0,16,0,0,6,7,4,1,3,3,2,24,26,0,0,0,0,0,0,0,0,7,1,1,0,0,0,0,2,0,1,0,KRBKRNvK,DRAW,4B3/2r5/8/R6K/1k1n4/8/8/8 w - - 0 1
1,1,0,0,0,0,0,1,-1,1,0,1,1,1,0,0,0,0,0,16,0,0,4,4,7,3,3,3,0,5,0,1,0,0,0,0,0,0,0,7,1,1,0,0,0,0,1,4,1,1,KRBKRNvK,LOSS,4K3/2n5/8/8/1r1k4/8/BR6/8 w - - 0 1
0,1,0,0,0,0,0,1,-1,1,0,1,1,1,0,0,0,0,0,16,0,0,3,1,5,4,3,3,0,6,0,1,0,0,0,0,0,0,0,7,1,1,0,1,0,0,2,4,1,0,KRBKRNvK,DRAW,R7/8/1KB5/8/4k3/8/4r1n1/8 b - - 0 1
1,1,0,0,0,0,0,1,-1,1,0,1,1,1,0,0,0,0,0,16,0,0,4,1,4,5,0,2,4,26,19,0,0,0,0,0,0,0,0,7,1,1,0,0,0,0,2,2,0,0,KRBKRNvK,DRAW,1n1Br3/8/8/1K6/R7/8/8/5k2 w - - 0 1
0,1,0,0,0,0,0,1,-1,1,0,1,1,1,0,0,0,0,0,16,0,0,6,3,0,7,6,3,5,3,0,1,0,0,0,0,0,0,0,7,1,1,0,0,0,0,3,0,1,0,KRBKRNvK,DRAW,8/7k/2r5/6R1/8/3B3n/8/3K4 b - - 0 1
1,1,0,0,0,0,0,1,-1,1,0,1,1,1,0,0,0,0,0,16,0,0,4,2,4,6,1,1,4,7,0,1,0,0,0,0,0,0,0,7,1,1,1,0,0,0,2,0,0,2,KRBKRNvK,LOSS,8/r5R1/n7/2K3B1/8/8/6k1/8 w - - 0 1
1,1,0,0,0,0,0,1,-1,1,0,1,1,1,0,0,0,0,0,16,0,0,2,5,3,7,5,1,4,30,19,0,0,0,0,0,0,0,0,7,1,1,0,0,0,0,3,0,0,0,KRBKRNvK,DRAW,4R3/7n/r6k/8/5K2/1B6/8/8 w - - 0 1
1,1,0,0,0,0,0,1,-1,1,0,1,1,1,0,0,0,0,0,16,0,0,6,1,2,7,1,3,5,5,0,1,0,0,0,0,0,0,0,7,1,1,0,0,0,0,2,2,0,0,KRBKRNvK,DRAW,8/8/3n4/3R4/B7/1K2r3/7k/8 w - - 0 1
0,1,0,0,0,0,0,1,-1,1,0,1,1,1,0,0,0,0,0,16,0,0,5,1,5,6,0,3,5,23,28,0,0,0,0,0,0,0,0,7,1,1,0,0,0,0,1,3,0,1,KRBKRNvK,DRAW,8/8/1Kn5/8/2B5/4r3/1R6/6k1 b - - 0 1
0,1,0,0,0,0,0,1,-1,1,0,1,1,1,0,0,0,0,0,16,0,0,5,0,0,1,5,6,3,20,22,0,0,0,0,0,0,0,0,7,1,1,0,0,0,0,2,0,0,1,KRBKRNvK,DRAW,1r6/8/1k6/8/8/n2R3B/8/K7 b - - 0 1
0,1,0,0,0,0,0,1,-1,1,0,1,1,1,0,0,0,0,0,16,0,0,6,7,2,1,1,4,4,6,0,1,0,0,0,0,0,0,0,7,1,1,0,0,0,0,1,0,0,0,KRBKRNvK,DRAW,3n4/5r2/1R6/8/8/7K/1k6/6B1 b - - 0 1
0,1,0,0,0,0,0,1,-1,1,0,1,1,1,0,0,0,0,0,16,0,0,4,4,2,0,2,1,4,4,0,1,0,0,0,0,0,0,0,7,1,1,0,0,0,0,3,2,0,2,KRBKRNvK,LOSS,R7/8/4B3/3rn3/8/k3K3/8/8 b - - 0 1
0,1,0,0,0,0,0,1,-1,1,0,1,1,1,0,0,0,0,0,16,0,0,5,4,0,0,5,3,4,5,0,1,0,0,0,0,0,0,0,7,1,1,0,0,0,0,0,3,0,0,KRBKRNvK,LOSS,8/5n2/k7/8/6r1/2R5/4B3/4K3 b - - 0 1
0,1,0,0,0,0,0,1,-1,1,0,1,1,1,0,0,0,0,0,16,0,0,2,5,5,7,7,2,6,20,24,0,0,0,0,0,0,0,0,7,1,1,0,0,0,0,3,0,0,1,KRBKRNvK,DRAW,7k/8/5K2/8/7n/6r1/1B6/3R4 b - - 0 1
1,1,0,0,0,0,0,1,-1,1,0,1,1,1,0,0,0,0,0,16,0,0,2,3,5,4,3,1,0,27,18,0,0,0,0,0,0,0,0,7,1,1,1,0,0,0,3,4,1,1,KRBKRNvK,DRAW,8/6R1/n2K4/4r3/4k3/4B3/8/8 w - - 0 1
1,1,0,0,0,0,0,1,-1,1,0,1,1,1,0,0,0,0,0,16,0,0,7,5,0,6,7,4,5,28,24,0,0,0,0,0,0,0,0,7,1,1,0,0,0,0,3,2,1,0,KRBKRNvK,DRAW,6k1/8/3n1B2/2R5/6r1/8/8/5K2 w - - 0 1
1,1,0,0,0,0,0,1,-1,1,0,1,1,1,0,0,0,0,0,16,0,0,4,1,0,2,4,5,1,29,17,0,0,0,0,0,0,0,0,7,1,1,0,0,0,0,2,2,1,0,KRBKRNvK,DRAW,4r3/4n3/8/2k5/7R/3B4/8/1K6 w - - 0 1
1,1,0,0,0,0,0,1,-1,1,0,1,1,1,0,0,0,0,0,16,0,0,4,1,4,5,2,2,2,24,26,0,0,0,0,0,0,0,0,7,1,1,0,1,0,0,1,1,1,0,KRBKRNvK,DRAW,8/8/8/1K6/4n3/1R2Bk2/7r/8 w - - 0 1
0,1,0,0,0,0,0,1,-1,1,0,1,1,1,0,0,0,0,0,16,0,0,6,0,3,6,1,3,4,6,0,1,0,0,0,0,0,0,0,7,1,1,0,0,0,0,0,2,0,0,KRBKRNvK,DRAW,8/3B4/6R1/3r4/K2n4/8/6k1/8 b - - 0 1
0,1,0,0,0,0,0,1,-1,1,0,1,1,1,0,0,0,0,0,16,0,0,4,1,4,1,0,2,5,3,0,1,0,0,0,0,0,0,0,7,1,1,0,0,0,0,3,0,0,0,KRBKRNvK,LOSS,1n6/8/6r1/1K6/2R1B3/8/8/1k6 b - - 0 1
0,1,0,0,0,0,0,1,-1,1,0,1,1,1,0,0,0,0,0,16,0,0,5,6,1,5,6,4,3,23,26,0,0,0,0,0,0,0,0,7,1,1,0,0,0,0,1,2,1,0,KRBKRNvK,DRAW,8/5k2/8/5B2/1r6/1n6/5RK1/8 b - - 0 1
0,1,0,0,0,0,0,1,-1,1,0,1,1,1,0,0,0,0,0,16,0,0,3,7,2,4,0,4,3,2,0,1,0,0,0,0,0,0,0,7,1,1,0,0,0,0,1,1,0,0,KRBKRNvK,DRAW,8/4n1r1/8/8/2B5/7K/8/1R2k3 b - - 0 1
0,1,0,0,0,0,0,1,-1,1,0,1,1,1,0,0,0,0,0,16,0,0,7,7,1,0,7,5,6,21,22,0,0,0,0,0,0,0,0,7,1,1,0,0,0,0,2,2,0,1,KRBKRNvK,DRAW,k4n2/8/8/8/6r1/4R3/7K/4B3 b - - 0 1
0,1,0,0,0,0,0,1,-1,1,0,1,1,1,0,0,0,0,0,16,0,0,4,4,3,0,5,0,4,24,26,0,0,0,0,0,0,0,0,7,1,1,0,0,0,0,3,1,0,0,KRBKRNvK,DRAW,2r5/8/k3B1R1/8/1n2K3/8/8/8 b - - 0 1
1,1,0,0,0,0,0,1,-1,1,0,1,1,1,0,0,0,0,0,16,0,0,3,3,6,4,3,2,0,26,28,0,0,0,0,0,0,0,0,7,1,1,0,0,0,0,0,3,0,1,KRBKRNvK,DRAW,8/3KBn2/6r1/8/4k3/8/1R6/8 w - - 0 1
0,1,0,0,0,0,0,1,-1,1,0,1,1,1,0,0,0,0,0,16,0,0,7,1,7,3,0,5,3,3,0,1,0,0,0,0,0,0,0,7,1,1,0,0,0,0,0,1,1,0,KRBKRNvK,DRAW,1K6/8/6r1/2n4B/8/2R5/8/3k4 b - - 0 1
0,1,0,0,0,0,0,1,-1,1,0,1,1,1,0,0,0,0,0,16,0,0,2,5,2,7,2,2,4,24,18,0,0,0,0,0,0,0,0,7,1,1,1,0,0,0,2,2,0,2,KRBKRNvK,DRAW,B7/R7/8/8/4r3/3n1K1k/8/8 b - - 0 1
0,1,0,0,0,0,0,1,-1,1,0,1,1,1,0,0,0,0,0,16,0,0,7,4,0,7,7,3,6,4,0,1,0,0,0,0,0,0,0,7,1,1,0,0,0,0,0,3,0,1,KRBKRNvK,DRAW,7k/5n2/8/8/8/3r4/8/3BK2R b - - 0 1
0,1,0,0,0,0,0,1,-1,1,0,1,1,1,0,0,0,0,0,16,0,0,6,7,0,1,4,6,2,4,0,1,0,0,0,0,0,0,0,7,1,1,0,0,0,0,0,0,0,0,KRBKRNvK,DRAW,rn6/8/6R1/1k6/8/8/4B3/7K b - - 0 1
1,1,0,0,0,0,0,1,-1,1,0,1,1,1,0,0,0,0,0,16,0,0,2,5,5,3,3,2,0,5,0,1,0,0,0,0,0,0,0,7,1,1,0,0,0,0,2,4,0,1,KRBKRNvK,DRAW,8/8/3r1K2/R7/3k2B1/5n2/8/8 w - - 0 1
1,1,0,0,0,0,0,1,-1,1,0,1,1,1,0,0,0,0,0,16,0,0,7,7,5,0,6,4,5,25,7,0,0,0,0,0,0,0,0,7,1,1,0,0,0,0,2,0,1,0,KRBKRNvK,DRAW,r1B5/k7/3R3K/8/8/8/1n6/8 w - - 0 1
0,1,0,0,0,0,0,1,-1,1,0,1,1,1,0,0,0,0,0,16,0,0,2,1,4,0,2,2,4,20,20,0,0,0,0,0,0,0,0,7,1,1,0,0,0,0,2,2,0,1,KRBKRNvK,DRAW,8/3r4/B3R3/1K6/8/k7/8/6n1 b - - 0 1
1,1,0,0,0,0,0,1,-1,1,0,1,1,1,0,0,0,0,0,16,0,0,4,1,3,2,7,2,4,7,0,1,0,0,0,0,0,0,0,7,1,1,0,0,0,0,2,1,0,1,KRBKRNvK,DRAW,2k5/8/1r4n1/5R2/1K6/6B1/8/8 w - - 0 1
1,1,0,0,0,0,0,1,-1,1,0,1,1,1,0,0,0,0,0,16,0,0,3,4,5,7,3,1,3,24,23,0,0,0,0,0,0,0,0,7,1,1,0,0,0,0,3,3,0,2,KRBKRNvK,DRAW,5R2/8/4K1n1/8/3r3k/8/8/7B w - - 0 1
0,1,0,0,0,0,0,1,-1,1,0,1,1,1,0,0,0,0,0,16,0,0,2,5,4,3,2,1,1,5,0,1,0,0,0,0,0,0,0,7,1,1,0,1,0,0,2,2,1,0,KRBKRNvK,DRAW,3B4/8/n7/5K2/8/1R1k4/r7/8 b - - 0 1
0,1,0,0,0,0,0,1,-1,1,0,1,1,1,0,0,0,0,0,16,0,0,3,6,7,3,6,5,2,28,28,0,0,0,0,0,0,0,0,7,1,1,0,0,0,0,1,1,1,0,KRBKRNvK,DRAW,6K1/3k4/1B6/8/5n2/r7/7R/8 b - - 0 1
0,1,0,0,0,0,0,1,-1,1,0,1,1,1,0,0,0,0,0,16,0,0,3,6,4,7,7,2,6,3,0,1,0,0,0,0,0,0,0,7,1,1,0,1,0,0,0,0,0,0,KRBKRNvK,DRAW,2n4k/8/8/6K1/8/B7/r7/7R b - - 0 1
1,1,0,0,0,0,0,1,-1,1,0,1,1,1,0,0,0,0,0,16,0,0,5,5,1,0,0,3,6,6,0,1,0,0,0,0,0,0,0,7,1,1,0,0,0,0,0,1,0,0,KRBKRNvK,DRAW,8/5r2/8/1B6/8/1n4R1/5K2/k7 w - - 0 1
1,1,0,0,0,0,0,1,-1,1,0,1,1,1,0,0,0,0,0,16,0,0,7,1,7,3,0,5,3,24,23,0,0,0,0,0,0,0,0,7,1,1,1,0,0,0,1,1,0,0,KRBKRNvK,DRAW,1K6/2R5/8/2B5/8/3n4/8/3k1r2 w - - 0 1
1,1,0,0,0,0,0,1,-1,1,0,1,1,1,0,0,0,0,0,16,0,0,5,5,2,1,7,2,5,24,26,0,0,0,0,0,0,0,0,7,1,1,0,0,0,0,1,2,0,0,KRBKRNvK,DRAW,1k6/2r5/5n2/8/8/5K2/6R1/5B2 w - - 0 1
0,1,0,0,0,0,0,1,-1,1,0,1,1,1,0,0,0,0,0,16,0,0,2,3,1,5,0,2,4,20,25,0,0,0,0,0,0,0,0,7,1,1,1,0,0,0,3,2,0,1,KRBKRNvK,DRAW,8/3R4/2B5/8/7r/8/3K4/3n1k2 b - - 0 1
0,1,0,0,0,0,0,1,-1,1,0,1,1,1,0,0,0,0,0,16,0,0,6,7,0,5,6,6,3,5,0,1,0,0,0,0,0,0,0,7,1,1,0,0,0,0,0,1,1,0,KRBKRNvK,DRAW,5r2/5k2/4n3/6B1/8/8/5R2/7K b - - 0 1
0,1,0,0,0,0,0,1,-1,1,0,1,1,1,0,0,0,0,0,16,0,0,4,7,2,3,3,4,0,15,24,0,0,0,0,0,0,0,0,7,1,1,0,0,0,0,0,4,2,0,KRBKRNvK,DRAW,n7/3r4/8/8/1B1k4/2R4K/8/8 b - - 0 1
0,1,0,0,0,0,0,1,-1,1,0,1,1,1,0,0,0,0,0,16,0,0,5,7,4,2,3,3,1,25,20,0,0,0,0,0,0,0,0,7,1,1,0,0,0,0,0,2,0,1,KRBKRNvK,DRAW,7R/3B4/6r1/7K/n1k5/8/8/8 b - - 0 1
0,1,0,0,0,0,0,1,-1,1,0,1,1,1,0,0,0,0,0,16,0,0,4,3,6,6,2,2,3,27,27,0,0,0,0,0,0,0,0,7,1,1,0,0,0,0,2,2,0,1,KRBKRNvK,DRAW,8/3K1B2/2n5/8/8/6k1/3R4/7r b - - 0 1
1,1,0,0,0,0,0,1,-1,1,0,1,1,1,0,0,0,0,0,16,0,0,2,2,3,1,1,1,4,5,0,1,0,0,0,0,0,0,0,7,1,1,0,0,0,0,3,1,0,1,KRBKRNvK,DRAW,8/3r4/3n4/7R/2K5/8/1k6/6B1 w - - 0 1
0,1,0,0,0,0,0,1,-1,1,0,1,1,1,0,0,0,0,0,16,0,0,7,4,7,0,0,3,6,19,21,0,0,0,0,0,0,0,0,7,1,1,0,0,0,0,2,1,0,0,KRBKRNvK,DRAW,3RK3/8/8/8/1rn5/8/8/k5B1 b - - 0 1
0,1,0,0,0,0,0,1,-1,1,0,1,1,1,0,0,0,0,0,16,0,0,5,6,5,1,1,3,4,23,26,0,0,0,0,0,0,0,0,7,1,1,0,0,0,0,0,0,0,0,KRBKRNvK,DRAW,2r5/8/n5K1/6B1/8/8/1k6/6R1 b - - 0 1
0,1,0,0,0,0,0,1,-1,1,0,1,1,1,0,0,0,0,0,16,0,0,7,7,6,0,1,5,5,4,0,1,0,0,0,0,0,0,0,7,1,1,0,1,0,0,2,1,0,0,KRBKRNvK,DRAW,8/7K/4R3/3B4/8/8/k1n2r2/8 b - - 0 1
0,1,0,0,0,0,0,1,-1,1,0,1,1,1,0,0,0,0,0,16,0,0,2,7,6,5,7,5,4,3,0,1,0,0,0,0,0,0,0,7,1,1,0,0,0,0,1,2,0,0,KRBKRNvK,DRAW,5k2/7K/8/8/3Br3/1n6/5R2/8 b - - 0 1
0,1,0,0,0,0,0,1,-1,1,0,1,1,1,0,0,0,0,0,16,0,0,2,5,1,3,3,3,0,21,25,0,0,0,0,0,0,0,0,7,1,1,0,0,0,0,0,4,2,1,KRBKRNvK,DRAW,8/8/1R6/8/2rk4/4n3/4BK2/8 b - - 0 1
1,1,0,0,0,0,0,1,-1,1,0,1,1,1,0,0,0,0,0,16,0,0,5,2,6,7,3,3,3,21,19,0,0,0,0,0,0,0,0,7,1,1,1,0,0,0,0,0,0,1,KRBKRNvK,DRAW,7r/2K2R2/8/n7/B6k/8/8/8 w - - 0 1
0,1,0,0,0,0,0,1,-1,1,0,1,1,1,0,0,0,0,0,16,0,0,6,4,0,3,6,3,2,6,0,1,0,0,0,0,0,0,0,7,1,1,0,0,0,0,2,0,0,0,KRBKRNvK,LOSS,8/3k4/8/8/1R4B1/1r6/8/1n2K3 b - - 0 1
1,1,0,0,0,0,0,1,-1,1,0,1,1,1,0,0,0,0,0,16,0,0,2,0,5,2,7,4,4,24,15,0,0,0,0,0,0,0,0,7,1,1,0,0,0,0,2,0,1,0,KRBKRNvK,DRAW,2k3r1/B7/K7/3R4/8/8/7n/8 w - - 0 1
1,1,0,0,0,0,0,1,-1,1,0,1,1,1,0,0,0,0,0,16,0,0,6,7,6,7,0,5,6,2,0,1,0,0,0,0,0,0,0,7,1,1,0,1,0,0,1,1,1,0,KRBKRNvK,DRAW,6B1/4n2K/8/8/8/5R2/7r/7k w - - 0 1
0,1,0,0,0,0,0,1,-1,1,0,1,1,1,0,0,0,0,0,16,0,0,2,3,3,5,1,0,3,4,0,1,0,0,0,0,0,0,0,7,1,1,0,0,0,0,3,2,1,0,KRBKRNvK,DRAW,n3r3/8/8/8/3K4/8/R4k1B/8 b - - 0 1
0,1,0,0,0,0,0,1,-1,1,0,1,1,1,0,0,0,0,0,16,0,0,7,3,0,7,7,3,6,20,20,0,0,0,0,0,0,0,0,7,1,1,0,0,0,0,1,2,0,0,KRBKRNvK,DRAW,7k/8/4r3/8/8/8/B1R5/3K2n1 b - - 0 1
0,1,0,0,0,0,0,1,-1,1,0,1,1,1,0,0,0,0,0,16,0,0,4,2,3,6,5,1,3,24,32,0,0,0,0,0,0,0,0,7,1,1,0,0,0,0,2,2,0,0,KRBKRNvK,DRAW,8/7n/6k1/2B5/2K5/8/1R6/4r3 b - - 0 1
0,1,0,0,0,0,0,1,-1,1,0,1,1,1,0,0,0,0,0,16,0,0,2,2,2,0,3,2,3,20,24,0,0,0,0,0,0,0,0,7,1,1,1,0,0,0,2,2,0,1,KRBKRNvK,DRAW,8/7R/7n/8/k7/2KB4/8/4r3 b - - 0 1
0,1,0,0,0,0,0,1,-1,1,0,1,1,1,0,0,0,0,0,16,0,0,5,5,6,5,1,3,3,18,25,0,0,0,0,0,0,0,0,7,1,1,0,0,0,0,2,0,0,2,KRBKRNvK,DRAW,6nr/5K2/6B1/8/R7/8/5k2/8 b - - 0 1
0,1,0,0,0,0,0,1,-1,1,0,1,1,1,0,0,0,0,0,16,0,0,6,7,1,5,7,5,4,13,22,0,0,0,0,0,0,0,0,7,1,1,0,0,0,0,2,0,0,0,KRBKRNvK,DRAW,1n3kr1/8/8/4R3/8/7B/7K/8 b - - 0 1
1,1,0,0,0,0,0,1,-1,1,0,1,1,1,0,0,0,0,0,16,0,0,3,4,2,1,5,1,3,27,22,0,0,0,0,0,0,0,0,7,1,1,1,0,0,0,3,0,1,0,KRBKRNvK,DRAW,8/3R4/1k6/8/8/4K2n/8/r6B w - - 0 1
0,1,0,0,0,0,0,1,-1,1,0,1,1,1,0,0,0,0,0,16,0,0,7,0,0,2,7,6,4,4,0,1,0,0,0,0,0,0,0,7,1,1,0,0,0,0,0,2,0,0,KRBKRNvK,DRAW,2k5/1n6/8/B7/8/3r4/2R5/K7 b - - 0 1
1,1,0,0,0,0,0,1,-1,1,0,1,1,1,0,0,0,0,0,16,0,0,4,7,5,7,1,4,5,20,19,0,0,0,0,0,0,0,0,7,1,1,1,0,0,0,0,1,0,1,KRBKRNvK,DRAW,8/7R/1r4nK/1B6/8/8/7k/8 w - - 0 1
1,1,0,0,0,0,0,1,-1,1,0,1,1,1,0,0,0,0,0,16,0,0,5,6,4,1,7,2,5,26,18,0,0,0,0,0,0,0,0,7,1,1,1,0,0,0,0,2,1,0,KRBKRNvK,DRAW,1kn5/R7/3r4/6K1/8/8/8/5B2 w - - 0 1
1,1,0,0,0,0,0,1,-1,1,0,1,1,1,0,0,0,0,0,16,0,0,4,2,4,0,0,1,6,3,0,1,0,0,0,0,0,0,0,7,1,1,0,0,0,0,2,0,1,2,KRBKRNvK,DRAW,7R/8/8/1rK5/8/n7/B7/k7 w - - 0 1
1,1,0,0,0,0,0,1,-1,1,0,1,1,1,0,0,0,0,0,16,0,0,2,6,0,4,1,5,2,25,24,0,0,0,0,0,0,0,0,7,1,1,0,0,0,0,3,1,0,1,KRBKRNvK,DRAW,8/8/2B5/6n1/R7/7r/4k3/6K1 w - - 0 1
0,1,0,0,0,0,0,1,-1,1,0,1,1,1,0,0,0,0,0,16,0,0,3,5,3,7,6,1,5,22,25,0,0,0,0,0,0,0,0,7,1,1,0,0,0,0,4,3,0,1,KRBKRNvK,DRAW,8/7k/8/2R5/5K2/4r3/1Bn5/8 b - - 0 1
1,1,0,0,0,0,0,1,-1,1,0,1,1,1,0,0,0,0,0,16,0,0,4,5,2,4,6,2,2,19,23,0,0,0,0,0,0,0,0,7,1,1,0,0,0,0,2,2,0,1,KRBKRNvK,DRAW,B7/4k2n/8/7r/8/5K2/5R2/8 w - - 0 1
1,1,0,0,0,0,0,1,-1,1,0,1,1,1,0,0,0,0,0,16,0,0,2,1,7,0,5,5,4,26,20,0,0,0,0,0,0,0,0,7,1,1,1,0,0,0,0,1,0,0,KRBKRNvK,DRAW,1K6/7R/k4r2/8/6B1/8/5n2/8 w - - 0 1
0,1,0,0,0,0,0,1,-1,1,0,1,1,1,0,0,0,0,0,16,0,0,7,0,5,7,7,4,6,19,23,0,0,0,0,0,0,0,0,7,1,1,0,0,0,0,2,1,0,0,KRBKRNvK,DRAW,7k/8/K3n2r/8/8/4R3/8/4B3 b - - 0 1
1,1,0,0,0,0,0,1,-1,1,0,1,1,1,0,0,0,0,0,16,0,0,6,1,1,2,7,4,4,23,20,0,0,0,0,0,0,0,0,7,1,1,0,0,0,0,3,1,1,1,KRBKRNvK,DRAW,2k5/B7/2r5/1R6/8/8/1Kn5/8 w - - 0 1
1,1,0,0,0,0,0,1,-1,1,0,1,1,1,0,0,0,0,0,16,0,0,3,0,3,1,6,3,4,26,23,0,0,0,0,0,0,0,0,7,1,1,0,0,0,0,2,0,0,0,KRBKRNvK,DRAW,6r1/1k6/8/4B2R/K7/8/8/1n6 w - - 0 1
1,1,0,0,0,0,0,1,-1,1,0,1,1,1,0,0,0,0,0,16,0,0,5,0,1,1,6,5,4,26,22,0,0,0,0,0,0,0,0,7,1,1,0,0,0,0,3,1,0,1,KRBKRNvK,DRAW,1r6/1k6/8/7R/2n5/8/KB6/8 w - - 0 1
1,1,0,0,0,0,0,1,-1,1,0,1,1,1,0,0,0,0,0,16,0,0,4,4,3,0,6,0,5,31,20,0,0,0,0,0,0,0,0,7,1,1,0,1,0,0,3,0,1,0,KRBKRNvK,DRAW,8/k1B5/8/8/n3K3/8/1r6/7R w - - 0 1
0,1,0,0,0,0,0,1,-1,1,0,1,1,1,0,0,0,0,0,16,0,0,2,3,1,3,3,2,0,20,20,0,0,0,0,0,0,0,0,7,1,1,1,0,0,0,2,3,0,2,KRBKRNvK,DRAW,1B6/4R3/8/8/3k1n2/8/3K4/5r2 b - - 0 1
1,1,0,0,0,0,0,1,-1,1,0,1,1,1,0,0,0,0,0,16,0,0,6,6,3,0,0,2,6,7,0,1,0,0,0,0,0,0,0,7,1,1,1,0,0,0,0,2,0,1,KRBKRNvK,DRAW,8/3R4/3r3n/1B6/6K1/8/8/k7 w - - 0 1
0,1,0,0,0,0,0,1,-1,1,0,1,1,1,0,0,0,0,0,16,0,0,4,6,4,5,0,2,4,3,0,1,0,0,0,0,0,0,0,7,1,1,1,0,0,0,1,3,0,0,KRBKRNvK,DRAW,8/2n2R2/8/6K1/r3B3/8/8/5k2 b - - 0 1
0,1,0,0,0,0,0,1,-1,1,0,1,1,1,0,0,0,0,0,16,0,0,2,2,3,4,4,1,0,4,0,1,0,0,0,0,0,0,0,7,1,1,1,0,0,0,3,3,0,0,KRBKRNvK,DRAW,8/n2r3R/8/4k3/2K5/8/7B/8 b - - 0 1
1,1,0,0,0,0,0,1,-1,1,0,1,1,1,0,0,0,0,0,16,0,0,2,7,6,6,4,5,2,24,27,0,0,0,0,0,0,0,0,7,1,1,0,0,0,0,2,1,1,0,KRBKRNvK,DRAW,2r5/7K/4R3/6k1/1B6/3n4/8/8 w - - 0 1
1,1,0,0,0,0,0,1,-1,1,0,1,1,1,0,0,0,0,0,16,0,0,4,5,5,6,1,2,4,30,22,0,0,0,0,0,0,0,0,7,1,1,0,0,0,0,3,0,0,1,KRBKRNvK,DRAW,7r/8/5K2/8/2B5/3R4/6k1/1n6 w - - 0 1
0,1,0,0,0,0,0,1,-1,1,0,1,1,1,0,0,0,0,0,16,0,0,7,7,3,0,6,3,5,19,25,0,0,0,0,0,0,0,0,7,1,1,0,0,0,0,1,0,1,0,KRBKRNvK,DRAW,1R1n4/k7/3B4/8/7K/8/8/5r2 b - - 0 1
1,1,0,0,0,0,0,1,-1,1,0,1,1,1,0,0,0,0,0,16,0,0,5,6,5,4,0,3,3,30,24,0,0,0,0,0,0,0,0,7,1,1,0,0,0,0,2,2,0,0,KRBKRNvK,DRAW,8/8/5BK1/3n4/2r5/8/1R6/4k3 w - - 0 1
0,1,0,0,0,0,0,1,-1,1,0,1,1,1,0,0,0,0,0,16,0,0,3,7,5,6,2,4,3,27,26,0,0,0,0,0,0,0,0,7,1,1,0,0,0,0,1,1,0,0,KRBKRNvK,DRAW,8/r7/2R4K/8/8/3B2k1/4n3/8 b - - 0 1
1,1,0,0,0,0,0,1,-1,1,0,1,1,1,0,0,0,0,0,16,0,0,4,0,3,3,7,3,3,5,0,1,0,0,0,0,0,0,0,7,1,1,0,0,0,0,2,0,2,1,KRBKRNvK,DRAW,3k3r/8/3BR3/8/K7/8/1n6/8 w - - 0 1
1,1,0,0,0,0,0,1,-1,1,0,1,1,1,0,0,0,0,0,16,0,0,4,7,6,5,2,5,2,26,21,0,0,0,0,0,0,0,0,7,1,1,1,1,0,0,2,2,0,0,KRBKRNvK,DRAW,8/3R3K/8/8/6n1/1B3k2/6r1/8 w - - 0 1
1,1,0,0,0,0,0,1,-1,1,0,1,1,1,0,0,0,0,0,16,0,0,5,3,7,2,2,3,2,5,0,1,0,0,0,0,0,0,0,7,1,1,0,0,0,0,4,1,1,1,KRBKRNvK,DRAW,3K1r2/8/2B5/n7/4R3/2k5/8/8 w - - 0 1
0,1,0,0,0,0,0,1,-1,1,0,1,1,1,0,0,0,0,0,16,0,0,6,7,2,1,1,4,4,22,23,0,0,0,0,0,0,0,0,7,1,1,0,0,0,0,2,0,1,1,KRBKRNvK,DRAW,4R3/1r6/8/8/B7/7K/1k6/5n2 b - - 0 1
1,1,0,0,0,0,0,1,-1,1,0,1,1,1,0,0,0,0,0,16,0,0,4,5,7,1,7,4,5,3,0,1,0,0,0,0,0,0,0,7,1,1,0,0,0,0,0,1,1,1,KRBKRNvK,DRAW,1k3K1r/3B4/8/8/8/8/3n4/R7 w - - 0 1
1,1,0,0,0,0,0,1,-1,1,0,1,1,1,0,0,0,0,0,16,0,0,3,2,3,5,0,1,4,23,21,0,0,0,0,0,0,0,0,7,1,1,0,0,0,0,2,2,1,1,KRBKRNvK,DRAW,2R5/8/8/4r3/2K5/8/5B2/3n1k2 w - - 0 1
0,1,0,0,0,0,0,1,-1,1,0,1,1,1,0,0,0,0,0,16,0,0,5,5,6,0,6,3,5,27,17,0,0,0,0,0,0,0,0,7,1,1,0,0,0,0,1,0,0,1,KRBKRNvK,DRAW,6r1/k4K1B/8/8/4n3/4R3/8/8 b - - 0 1
0,1,0,0,0,0,0,1,-1,1,0,1,1,1,0,0,0,0,0,16,0,0,5,6,4,1,3,2,2,26,28,0,0,0,0,0,0,0,0,7,1,1,0,0,0,0,2,2,0,0,KRBKRNvK,DRAW,7R/1B6/8/6K1/1k6/8/6n1/3r4 b - - 0 1
0,1,0,0,0,0,0,1,-1,1,0,1,1,1,0,0,0,0,0,16,0,0,2,6,6,5,4,4,1,4,0,1,0,0,0,0,0,0,0,7,1,1,0,0,0,0,0,3,1,1,KRBKRNvK,LOSS,7n/6K1/5R2/1B3k2/r7/8/8/8 b - - 0 1
0,1,0,0,0,0,0,1,-1,1,0,1,1,1,0,0,0,0,0,16,0,0,2,0,2,2,0,4,4,21,21,0,0,0,0,0,0,0,0,7,1,1,0,0,0,0,1,2,0,0,KRBKRNvK,DRAW,8/B7/7R/3r3n/8/K7/8/2k5 b - - 0 1
1,1,0,0,0,0,0,1,-1,1,0,1,1,1,0,0,0,0,0,16,0,0,5,2,6,4,1,3,2,22,27,0,0,0,0,0,0,0,0,7,1,1,0,0,0,0,0,0,1,1,KRBKRNvK,DRAW,5r2/2K5/8/4n3/8/7B/4k3/2R5 w - - 0 1
1,1,0,0,0,0,0,1,-1,1,0,1,1,1,0,0,0,0,0,16,0,0,5,0,7,5,4,6,1,3,0,1,0,0,0,0,0,0,0,7,1,1,0,0,0,0,2,2,0,0,KRBKRNvK,DRAW,K5r1/8/8/5k2/2R5/8/3B4/7n w - - 0 1
1,1,0,0,0,0,0,1,-1,1,0,1,1,1,0,0,0,0,0,16,0,0,5,6,4,1,2,2,3,19,22,0,0,0,0,0,0,0,0,7,1,1,0,1,0,0,2,0,0,0,KRBKRNvK,DRAW,8/1n6/8/6KB/6R1/1k6/2r5/8 w - - 0 1
1,1,0,0,0,0,0,1,-1,1,0,1,1,1,0,0,0,0,0,16,0,0,6,1,0,7,3,5,3,3,0,1,0,0,0,0,0,0,0,7,1,1,0,0,0,0,0,2,0,0,KRBKRNvK,DRAW,5B2/8/8/1r6/7k/8/8/RK2n3 w - - 0 1
0,1,0,0,0,0,0,1,-1,1,0,1,1,1,0,0,0,0,0,16,0,0,6,7,5,1,2,4,3,18,22,0,0,0,0,0,0,0,0,7,1,1,0,0,0,0,0,1,1,0,KRBKRNvK,DRAW,8/8/7K/B7/8/1k6/3n1R2/1r6 b - - 0 1
1,1,0,0,0,0,0,1,-1,1,0,1,1,1,0,0,0,0,0,16,0,0,6,7,2,1,5,4,3,5,0,1,0,0,0,0,0,0,0,7,1,1,0,0,0,0,0,0,1,2,KRBKRNvK,DRAW,2R5/8/1k6/8/8/7K/4B3/5rn1 w - - 0 1
1,1,0,0,0,0,0,1,-1,1,0,1,1,1,0,0,0,0,0,16,0,0,3,3,7,1,4,3,2,27,22,0,0,0,0,0,0,0,0,7,1,1,0,0,0,0,1,2,0,0,KRBKRNvK,DRAW,3K3R/8/8/1k2B3/8/4r3/n7/8 w - - 0 1
0,1,0,0,0,0,0,1,-1,1,0,1,1,1,0,0,0,0,0,16,0,0,3,7,4,5,7,3,4,3,0,1,0,0,0,0,0,0,0,7,1,1,0,0,0,0,1,2,0,0,KRBKRNvK,DRAW,4nk2/8/8/3rB2K/8/8/5R2/8 b - - 0 1
1,1,0,0,0,0,0,1,-1,1,0,1,1,1,0,0,0,0,0,16,0,0,6,6,1,0,3,4,3,22,24,0,0,0,0,0,0,0,0,7,1,1,0,0,0,0,3,2,0,0,KRBKRNvK,DRAW,B7/8/1n6/8/k7/8/4R1K1/3r4 w - - 0 1
0,1,0,0,0,0,0,1,-1,1,0,1,1,1,0,0,0,0,0,16,0,0,3,7,2,6,5,4,3,24,22,0,0,0,0,0,0,0,0,7,1,1,0,0,0,0,0,2,0,0,KRBKRNvK,DRAW,1B6/8/3r2k1/8/n7/7K/8/2R5 b - - 0 1
1,1,0,0,0,0,0,1,-1,1,0,1,1,1,0,0,0,0,0,16,0,0,2,1,2,3,1,3,2,21,22,0,0,0,0,0,0,0,0,7,1,1,1,0,0,0,1,2,1,2,KRBKRNvK,DRAW,8/1R6/8/2r5/2n5/1K6/3k4/1B6 w - - 0 1
1,1,0,0,0,0,0,1,-1,1,0,1,1,1,0,0,0,0,0,16,0,0,3,3,1,0,0,2,6,26,21,0,0,0,0,0,0,0,0,7,1,1,1,0,0,0,0,0,0,1,KRBKRNvK,DRAW,2B2n2/7R/8/8/8/1r6/3K4/k7 w - - 0 1
1,1,0,0,0,0,0,1,-1,1,0,1,1,1,0,0,0,0,0,16,0,0,4,1,5,3,1,3,2,29,25,0,0,0,0,0,0,0,0,7,1,1,0,0,0,0,2,1,0,0,KRBKRNvK,DRAW,5r2/8/1K4n1/8/R5B1/8/3k4/8 w - - 0 1
0,1,0,0,0,0,0,1,-1,1,0,1,1,1,0,0,0,0,0,16,0,0,2,7,3,6,5,3,3,18,21,0,0,0,0,0,0,0,0,7,1,1,0,0,0,0,3,2,2,0,KRBKRNvK,DRAW,n5B1/8/6k1/8/5R1K/4r3/8/8 b - - 0 1
0,1,0,0,0,0,0,1,-1,1,0,1,1,1,0,0,0,0,0,16,0,0,5,3,6,0,1,2,5,19,23,0,0,0,0,0,0,0,0,7,1,1,1,0,0,0,1,0,0,0,KRBKRNvK,DRAW,6n1/1RBK4/8/8/8/8/k7/7r b - - 0 1
1,1,0,0,0,0,0,1,-1,1,0,1,1,1,0,0,0,0,0,16,0,0,5,1,5,0,0,3,6,5,0,1,0,0,0,0,0,0,0,7,1,1,0,0,0,0,1,0,0,1,KRBKRNvK,DRAW,6R1/8/1K5r/3n4/4B3/8/8/k7 w - - 0 1
1,1,0,0,0,0,0,1,-1,1,0,1,1,1,0,0,0,0,0,16,0,0,3,3,5,6,3,1,2,24,25,0,0,0,0,0,0,0,0,7,1,1,0,0,0,0,3,1,2,0,KRBKRNvK,DRAW,r7/8/3KR1B1/8/6k1/6n1/8/8 w - - 0 1
0,1,0,0,0,0,0,1,-1,1,0,1,1,1,0,0,0,0,0,16,0,0,3,5,0,2,3,4,1,4,0,1,0,0,0,0,0,0,0,7,1,1,0,0,0,0,2,3,1,0,KRBKRNvK,DRAW,3R4/8/8/4r3/2k2n2/8/B7/5K2 b - - 0 1
0,1,0,0,0,0,0,1,-1,1,0,1,1,1,0,0,0,0,0,16,0,0,3,5,0,3,3,4,0,17,28,0,0,0,0,0,0,0,0,7,1,1,0,0,0,0,1,4,2,0,KRBKRNvK,DRAW,8/2n5/8/3r4/3k1B2/8/2R5/5K2 b - - 0 1
1,1,0,0,0,0,0,1,-1,1,0,1,1,1,0,0,0,0,0,16,0,0,2,5,7,3,7,4,3,2,0,1,0,0,0,0,0,0,0,7,1,1,0,0,0,0,2,2,0,1,KRBKRNvK,DRAW,3k1K2/8/5r2/8/8/2n5/8/3BR3 w - - 0 1
1,1,0,0,0,0,0,1,-1,1,0,1,1,1,0,0,0,0,0,16,0,0,6,4,7,7,1,3,5,23,22,0,0,0,0,0,0,0,0,7,1,1,0,1,0,0,2,1,0,0,KRBKRNvK,DRAW,4K3/8/R7/8/6n1/8/5r1k/B7 w - - 0 1
0,1,0,0,0,0,0,1,-1,1,0,1,1,1,0,0,0,0,0,16,0,0,2,5,3,3,1,1,2,5,0,1,0,0,0,0,0,0,0,7,1,1,0,0,0,0,2,0,0,1,KRBKRNvK,DRAW,n4R2/8/6r1/B7/5K2/8/3k4/8 b - - 0 1
1,1,0,0,0,0,0,1,-1,1,0,1,1,1,0,0,0,0,0,16,0,0,4,4,6,0,5,2,4,26,14,0,0,0,0,0,0,0,0,7,1,1,0,0,0,0,3,0,0,0,KRBKRNvK,DRAW,8/4K3/k7/8/4R3/5B2/8/r1n5 w - - 0 1
0,1,0,0,0,0,0,1,-1,1,0,1,1,1,0,0,0,0,0,16,0,0,5,2,0,4,5,4,1,3,0,1,0,0,0,0,0,0,0,7,1,1,0,0,0,0,1,2,2,0,KRBKRNvK,DRAW,8/6r1/2R1k1B1/3n4/8/8/8/2K5 b - - 0 1
0,1,0,0,0,0,0,1,-1,1,0,1,1,1,0,0,0,0,0,16,0,0,6,7,7,1,4,6,2,5,0,1,0,0,0,0,0,0,0,7,1,1,0,0,0,0,1,0,0,1,KRBKRNvK,DRAW,7K/8/6r1/1k6/8/4B3/8/1R5n b - - 0 1
1,1,0,0,0,0,0,1,-1,1,0,1,1,1,0,0,0,0,0,16,0,0,2,4,3,6,5,0,3,6,0,1,0,0,0,0,0,0,0,7,1,1,1,0,0,0,3,2,0,0,KRBKRNvK,DRAW,4r2n/3R4/B5k1/8/4K3/8/8/8 w - - 0 1
0,1,0,0,0,0,0,1,-1,1,0,1,1,1,0,0,0,0,0,16,0,0,3,4,1,6,4,2,2,17,31,0,0,0,0,0,0,0,0,7,1,1,0,0,0,0,2,2,0,0,KRBKRNvK,DRAW,8/7n/8/r5k1/1R6/8/2B1K3/8 b - - 0 1
1,1,0,0,0,0,0,1,-1,1,0,1,1,1,0,0,0,0,0,16,0,0,2,2,5,1,7,2,5,27,17,0,0,0,0,0,0,0,0,7,1,1,0,0,0,0,2,0,0,0,KRBKRNvK,DRAW,1k3r2/7B/2K5/8/3R4/8/8/n7 w - - 0 1
1,1,0,0,0,0,0,1,-1,1,0,1,1,1,0,0,0,0,0,16,0,0,4,4,0,0,1,3,5,22,23,0,0,0,0,0,0,0,0,7,1,1,1,0,0,0,2,0,0,0,KRBKRNvK,DRAW,2n5/4R3/5r2/B7/8/8/k7/4K3 w - - 0 1
0,1,0,0,0,0,0,1,-1,1,0,1,1,1,0,0,0,0,0,16,0,0,7,7,4,0,7,3,6,21,22,0,0,0,0,0,0,0,0,7,1,1,1,1,0,0,1,1,0,1,KRBKRNvK,DRAW,k7/7R/8/5B1K/6n1/8/1r6/8 b - - 0 1
0,1,0,0,0,0,0,1,-1,1,0,1,1,1,0,0,0,0,0,16,0,0,2,5,4,7,2,1,4,20,25,0,0,0,0,0,0,0,0,7,1,1,0,0,0,0,3,0,0,0,KRBKRNvK,DRAW,5B2/8/8/1R3K2/n7/2r4k/8/8 b - - 0 1
0,1,0,0,0,0,0,1,-1,1,0,1,1,1,0,0,0,0,0,16,0,0,2,2,4,0,2,1,4,20,21,0,0,0,0,0,0,0,0,7,1,1,0,0,0,0,4,0,0,0,KRBKRNvK,DRAW,8/8/6r1/2KR1B2/8/k7/6n1/8 b - - 0 1
0,1,0,0,0,0,0,1,-1,1,0,1,1,1,0,0,0,0,0,16,0,0,6,6,7,0,3,5,3,4,0,1,0,0,0,0,0,0,0,7,1,1,0,0,0,0,2,3,1,0,KRBKRNvK,DRAW,6K1/8/8/2B1r3/k5R1/1n6/8/8 b - - 0 1
1,1,0,0,0,0,0,1,-1,1,0,1,1,1,0,0,0,0,0,16,0,0,7,0,7,4,0,6,3,3,0,1,0,0,0,0,0,0,0,7,1,1,1,0,0,0,0,3,0,1,KRBKRNvK,DRAW,K3B3/5R2/1n6/3r4/8/8/8/4k3 w - - 0 1
1,1,0,0,0,0,0,1,-1,1,0,1,1,1,0,0,0,0,0,16,0,0,5,6,6,3,1,4,2,26,24,0,0,0,0,0,0,0,0,7,1,1,0,0,0,0,3,3,0,0,KRBKRNvK,DRAW,8/6K1/2nr4/1R6/8/8/3k4/6B1 w - - 0 1
1,1,0,0,0,0,0,1,-1,1,0,1,1,1,0,0,0,0,0,16,0,0,5,0,2,5,7,4,4,24,25,0,0,0,0,0,0,0,0,7,1,1,0,0,0,0,0,4,0,0,KRBKRNvK,DRAW,5k2/8/5n2/3r4/B7/K7/1R6/8 w - - 0 1
1,1,0,0,0,0,0,1,-1,1,0,1,1,1,0,0,0,0,0,16,0,0,6,1,2,7,1,3,5,6,0,1,0,0,0,0,0,0,0,7,1,1,0,0,0,0,3,1,0,1,KRBKRNvK,DRAW,3R4/1r6/8/8/8/1KBn4/7k/8 w - - 0 1
0,1,0,0,0,0,0,1,-1,1,0,1,1,1,0,0,0,0,0,16,0,0,3,4,0,7,1,3,5,21,24,0,0,0,0,0,0,0,0,7,1,1,0,0,0,0,0,0,0,1,KRBKRNvK,DRAW,8/8/5R2/B7/8/6r1/7k/1n2K3 b - - 0 1
0,1,0,0,0,0,0,1,-1,1,0,1,1,1,0,0,0,0,0,16,0,0,7,0,0,7,3,6,3,21,24,0,0,0,0,0,0,0,0,7,1,1,0,0,0,0,3,0,0,1,KRBKRNvK,DRAW,8/6B1/7n/1R6/7k/2r5/8/K7 b - - 0 1
0,1,0,0,0,0,0,1,-1,1,0,1,1,1,0,0,0,0,0,16,0,0,4,2,0,6,0,4,5,17,24,0,0,0,0,0,0,0,0,7,1,1,1,0,0,0,0,0,0,0,KRBKRNvK,DRAW,8/3B1R2/8/3n4/8/8/8/2K3kr b - - 0 1
1,1,0,0,0,0,0,1,-1,1,0,1,1,1,0,0,0,0,0,16,0,0,4,7,7,4,3,6,0,21,24,0,0,0,0,0,0,0,0,7,1,1,1,1,0,0,1,3,0,0,KRBKRNvK,DRAW,7K/R7/8/8/4k3/7n/6r1/6B1 w - - 0 1
0,1,0,0,0,0,0,1,-1,1,0,1,1,1,0,0,0,0,0,16,0,0,3,4,2,7,4,1,3,19,19,0,0,0,0,0,0,0,0,7,1,1,0,0,0,0,3,1,0,1,KRBKRNvK,DRAW,8/8/7r/7k/3R4/3nK3/8/B7 b - - 0 1
0,1,0,0,0,0,0,1,-1,1,0,1,1,1,0,0,0,0,0,16,0,0,5,7,6,2,4,5,1,4,0,1,0,0,0,0,0,0,0,7,1,1,0,0,0,0,0,2,2,0,KRBKRNvK,DRAW,8/1B5K/2R5/2k5/8/2r5/8/3n4 b - - 0 1
1,1,0,0,0,0,0,1,-1,1,0,1,1,1,0,0,0,0,0,16,0,0,4,3,3,1,7,0,5,26,23,0,0,0,0,0,0,0,0,7,1,1,0,0,0,0,4,1,1,0,KRBKRNvK,DRAW,1k6/2n2B2/3R4/8/3K4/8/8/5r2 w - - 0 1
0,1,0,0,0,0,0,1,-1,1,0,1,1,1,0,0,0,0,0,16,0,0,3,0,4,3,5,3,1,2,0,1,0,0,0,0,0,0,0,7,1,1,1,0,0,0,1,3,1,0,KRBKRNvK,DRAW,8/2R5/3k4/K7/3n4/6B1/8/3r4 b - - 0 1
1,1,0,0,0,0,0,1,-1,1,0,1,1,1,0,0,0,0,0,16,0,0,4,5,1,3,5,3,1,22,27,0,0,0,0,0,0,0,0,7,1,1,0,0,0,0,2,2,1,0,KRBKRNvK,WIN,8/7r/1n1k4/8/5R2/8/5K1B/8 w - - 0 1
0,1,0,0,0,0,0,1,-1,1,0,1,1,1,0,0,0,0,0,16,0,0,2,2,7,4,7,4,3,1,0,1,0,0,0,0,0,0,0,7,1,1,1,0,0,0,0,1,0,0,KRBKRNvK,LOSS,2K1k2r/7R/8/8/B7/1n6/8/8 b - - 0 1
0,1,0,0,0,0,0,1,-1,1,0,1,1,1,0,0,0,0,0,16,0,0,7,7,5,0,0,4,6,21,22,0,0,0,0,0,0,0,0,7,1,1,0,0,0,0,1,2,0,0,KRBKRNvK,DRAW,8/2B5/6RK/8/8/4r1n1/8/k7 b - - 0 1
1,1,0,0,0,0,0,1,-1,1,0,1,1,1,0,0,0,0,0,16,0,0,2,7,6,5,4,5,1,20,18,0,0,0,0,0,0,0,0,7,1,1,1,1,0,0,2,2,1,0,KRBKRNvK,WIN,3B4/4R2K/n7/5k2/8/8/5r2/8 w - - 0 1
0,1,0,0,0,0,0,1,-1,1,0,1,1,1,0,0,0,0,0,16,0,0,2,2,2,4,2,2,1,4,0,1,0,0,0,0,0,0,0,7,1,1,1,0,0,0,1,2,1,0,KRBKRNvK,LOSS,5n2/7R/7r/8/8/2K1k3/8/2B5 b - - 0 1
0,1,0,0,0,0,0,1,-1,1,0,1,1,1,0,0,0,0,0,16,0,0,4,6,2,2,4,3,1,25,29,0,0,0,0,0,0,0,0,7,1,1,0,0,0,0,3,4,1,1,KRBKRNvK,DRAW,4r3/8/8/2k5/5R2/2B3K1/5n2/8 b - - 0 1
0,1,0,0,0,0,0,1,-1,1,0,1,1,1,0,0,0,0,0,16,0,0,7,0,1,7,3,5,3,21,23,0,0,0,0,0,0,0,0,7,1,1,0,0,0,0,3,0,0,1,KRBKRNvK,DRAW,8/1n6/1B6/1R6/7k/2r5/K7/8 b - - 0 1
0,1,0,0,0,0,0,1,-1,1,0,1,1,1,0,0,0,0,0,16,0,0,2,1,2,0,0,3,6,0,0,1,0,0,0,0,0,0,0,7,1,1,0,0,0,0,1,2,0,0,KRBKRNvK,LOSS,8/7n/8/8/7r/1K2B3/8/k3R3 b - - 0 1
1,1,0,0,0,0,0,1,-1,1,0,1,1,1,0,0,0,0,0,16,0,0,4,3,5,1,1,1,4,26,27,0,0,0,0,0,0,0,0,7,1,1,0,0,0,0,4,4,0,1,KRBKRNvK,DRAW,8/5B2/3K4/4r3/6R1/5n2/1k6/8 w - - 0 1
1,1,0,0,0,0,0,1,-1,1,0,1,1,1,0,0,0,0,0,16,0,0,4,1,4,3,0,2,3,5,0,1,0,0,0,0,0,0,0,7,1,1,0,0,0,0,2,0,0,1,KRBKRNvK,DRAW,3n4/1r6/8/BK3R2/8/8/8/3k4 w - - 0 1
0,1,0,0,0,0,0,1,-1,1,0,1,1,1,0,0,0,0,0,16,0,0,2,2,3,1,1,1,4,25,21,0,0,0,0,0,0,0,0,7,1,1,0,0,0,0,3,2,0,1,KRBKRNvK,DRAW,8/2n5/3r4/2B1R3/2K5/8/1k6/8 b - - 0 1
0,1,0,0,0,0,0,1,-1,1,0,1,1,1,0,0,0,0,0,16,0,0,5,0,0,5,5,6,2,27,22,0,0,0,0,0,0,0,0,7,1,1,0,0,0,0,2,3,1,0,KRBKRNvK,DRAW,8/8/5k2/3R1n2/6r1/B7/8/K7 b - - 0 1
0,1,0,0,0,0,0,1,-1,1,0,1,1,1,0,0,0,0,0,16,0,0,2,4,0,6,0,3,5,3,0,1,0,0,0,0,0,0,0,7,1,1,1,0,0,0,3,1,0,0,KRBKRNvK,DRAW,6r1/3R4/1n6/8/3B4/8/8/4K1k1 b - - 0 1
0,1,0,0,0,0,0,1,-1,1,0,1,1,1,0,0,0,0,0,16,0,0,7,7,4,0,0,3,6,18,21,0,0,0,0,0,0,0,0,7,1,1,0,0,0,0,2,1,0,0,KRBKRNvK,DRAW,1B6/2n5/8/7K/8/8/4R3/k1r5 b - - 0 1
0,1,0,0,0,0,0,1,-1,1,0,1,1,1,0,0,0,0,0,16,0,0,6,7,3,1,5,3,3,23,25,0,0,0,0,0,0,0,0,7,1,1,0,0,0,0,2,1,1,1,KRBKRNvK,DRAW,8/r7/1k6/6n1/2R4K/8/3B4/8 b - - 0 1
0,1,0,0,0,0,0,1,-1,1,0,1,1,1,0,0,0,0,0,16,0,0,4,3,5,4,1,1,2,20,19,0,0,0,0,0,0,0,0,7,1,1,0,0,0,0,4,2,1,1,KRBKRNvK,DRAW,8/8/3K4/2r5/4R3/4n3/4k3/1B6 b - - 0 1
1,1,0,0,0,0,0,1,-1,1,0,1,1,1,0,0,0,0,0,16,0,0,6,4,1,5,7,2,4,7,0,1,0,0,0,0,0,0,0,7,1,1,0,0,0,0,3,1,0,1,KRBKRNvK,DRAW,r4k2/8/8/8/2R5/6n1/4K3/7B w - - 0 1
0,1,0,0,0,0,0,1,-1,1,0,1,1,1,0,0,0,0,0,16,0,0,5,6,5,1,7,3,5,23,24,0,0,0,0,0,0,0,0,7,1,1,0,0,0,0,2,3,0,1,KRBKRNvK,DRAW,1k6/5n2/6K1/B7/1r6/8/3R4/8 b - - 0 1
0,1,0,0,0,0,0,1,-1,1,0,1,1,1,0,0,0,0,0,16,0,0,6,7,2,1,1,4,4,6,0,1,0,0,0,0,0,0,0,7,1,1,0,0,0,0,2,2,1,0,KRBKRNvK,DRAW,7n/8/8/8/1r4B1/7K/1k1R4/8 b - - 0 1
1,1,0,0,0,0,0,1,-1,1,0,1,1,1,0,0,0,0,0,16,0,0,4,0,2,3,6,4,2,24,19,0,0,0,0,0,0,0,0,7,1,1,0,0,0,0,2,2,1,0,KRBKRNvK,DRAW,n7/3k4/5B2/8/4r3/K1R5/8/8 w - - 0 1
0,1,0,0,0,0,0,1,-1,1,0,1,1,1,0,0,0,0,0,16,0,0,5,7,6,5,1,5,3,20,18,0,0,0,0,0,0,0,0,7,1,1,1,0,0,0,0,1,0,0,KRBKRNvK,DRAW,8/R1n4K/8/8/8/B7/5k2/5r2 b - - 0 1
0,1,0,0,0,0,0,1,-1,1,0,1,1,1,0,0,0,0,0,16,0,0,3,4,2,4,5,1,1,4,0,1,0,0,0,0,0,0,0,7,1,1,0,0,0,0,3,2,1,0,KRBKRNvK,DRAW,6n1/8/4k2r/8/2B5/4KR2/8/8 b - - 0 1
0,1,0,0,0,0,0,1,-1,1,0,1,1,1,0,0,0,0,0,16,0,0,4,6,5,2,2,3,2,28,28,0,0,0,0,0,0,0,0,7,1,1,1,0,0,0,1,2,0,0,KRBKRNvK,DRAW,8/7R/6K1/5B2/8/2k2n2/8/1r6 b - - 0 1
0,1,0,0,0,0,0,1,-1,1,0,1,1,1,0,0,0,0,0,16,0,0,2,4,7,2,6,3,3,4,0,1,0,0,0,0,0,0,0,7,1,1,1,0,0,0,2,1,2,0,KRBKRNvK,DRAW,4K3/2k1R3/B7/8/8/4n3/8/7r b - - 0 1
0,1,0,0,0,0,0,1,-1,1,0,1,1,1,0,0,0,0,0,16,0,0,7,0,7,7,2,6,4,2,0,1,0,0,0,0,0,0,0,7,1,1,1,0,0,0,0,2,0,0,KRBKRNvK,DRAW,K7/3B3R/8/8/8/5n1k/8/7r b - - 0 1
1,1,0,0,0,0,0,1,-1,1,0,1,1,1,0,0,0,0,0,16,0,0,6,2,6,6,0,3,5,6,0,1,0,0,0,0,0,0,0,7,1,1,0,0,0,0,0,2,0,0,KRBKRNvK,DRAW,3B4/2K5/7R/8/2r5/8/7n/6k1 w - - 0 1
0,1,0,0,0,0,0,1,-1,1,0,1,1,1,0,0,0,0,0,16,0,0,4,2,5,6,1,2,4,17,33,0,0,0,0,0,0,0,0,7,1,1,0,1,0,0,1,1,0,0,KRBKRNvK,DRAW,8/8/2K1B1n1/8/8/R7/6kr/8 b - - 0 1
1,1,0,0,0,0,0,1,-1,1,0,1,1,1,0,0,0,0,0,16,0,0,5,4,5,7,0,1,6,25,21,0,0,0,0,0,0,0,0,7,1,1,0,0,0,0,3,2,0,2,KRBKRNvK,DRAW,3R4/8/4K3/4n3/4r3/8/8/3B3k w - - 0 1
0,1,0,0,0,0,0,1,-1,1,0,1,1,1,0,0,0,0,0,16,0,0,3,6,2,3,0,3,3,22,12,0,0,0,0,0,0,0,0,7,1,1,0,0,0,0,0,2,0,0,KRBKRNvK,DRAW,8/8/8/1r6/8/6KR/n6B/3k4 b - - 0 1
1,1,0,0,0,0,0,1,-1,1,0,1,1,1,0,0,0,0,0,16,0,0,2,2,2,4,2,2,1,25,16,0,0,0,0,0,0,0,0,7,1,1,0,0,0,0,3,2,1,0,KRBKRNvK,DRAW,8/6B1/8/8/8/2K1k1r1/7n/3R4 w - - 0 1
1,1,0,0,0,0,0,1,-1,1,0,1,1,1,0,0,0,0,0,16,0,0,3,4,4,2,7,0,4,24,15,0,0,0,0,0,0,0,0,7,1,1,0,0,0,0,3,0,0,0,KRBKRNvK,DRAW,1rk5/8/n5BR/4K3/8/8/8/8 w - - 0 1
0,1,0,0,0,0,0,1,-1,1,0,1,1,1,0,0,0,0,0,16,0,0,6,1,1,7,7,4,6,20,28,0,0,0,0,0,0,0,0,7,1,1,0,0,0,0,2,0,0,0,KRBKRNvK,DRAW,7k/8/8/1B6/4R3/7n/1K6/6r1 b - - 0 1
1,1,0,0,0,0,0,1,-1,1,0,1,1,1,0,0,0,0,0,16,0,0,2,0,1,2,1,5,3,27,22,0,0,0,0,0,0,0,0,7,1,1,0,0,0,0,1,0,0,0,KRBKRNvK,DRAW,R7/5r2/8/4B3/7n/8/K1k5/8 w - - 0 1
1,1,0,0,0,0,0,1,-1,1,0,1,1,1,0,0,0,0,0,16,0,0,4,2,1,5,5,3,2,24,16,0,0,0,0,0,0,0,0,7,1,1,0,0,0,0,1,1,1,1,KRBKRNvK,WIN,6R1/8/5k2/8/8/6B1/2K5/2n2r2 w - - 0 1
1,1,0,0,0,0,0,1,-1,1,0,1,1,1,0,0,0,0,0,16,0,0,6,7,0,1,3,6,2,22,18,0,0,0,0,0,0,0,0,7,1,1,0,0,0,0,2,0,0,0,KRBKRNvK,DRAW,8/8/r7/6R1/nk4B1/8/8/7K w - - 0 1
0,1,0,0,0,0,0,1,-1,1,0,1,1,1,0,0,0,0,0,16,0,0,2,5,5,3,4,2,0,20,24,0,0,0,0,0,0,0,0,7,1,1,0,0,0,0,2,3,0,0,KRBKRNvK,DRAW,n7/8/5K2/3k4/8/2r5/8/4RB2 b - - 0 1
0,1,0,0,0,0,0,1,-1,1,0,1,1,1,0,0,0,0,0,16,0,0,5,1,6,1,1,4,4,19,29,0,0,0,0,0,0,0,0,7,1,1,0,1,0,0,0,0,0,0,KRBKRNvK,DRAW,7n/1K6/R7/1B6/8/8/1k4r1/8 b - - 0 1
0,1,0,0,0,0,0,1,-1,1,0,1,1,1,0,0,0,0,0,16,0,0,4,1,4,5,6,2,3,27,26,0,0,0,0,0,0,0,0,7,1,1,0,0,0,0,1,2,0,1,KRBKRNvK,DRAW,8/5k2/2n5/1K6/8/8/2B3R1/7r b - - 0 1
0,1,0,0,0,0,0,1,-1,1,0,1,1,1,0,0,0,0,0,16,0,0,3,7,5,4,4,4,0,5,0,1,0,0,0,0,0,0,0,7,1,1,0,0,0,0,3,4,1,0,KRBKRNvK,LOSS,B7/8/7K/r3k1R1/n7/8/8/8 b - - 0 1
0,1,0,0,0,0,0,1,-1,1,0,1,1,1,0,0,0,0,0,16,0,0,6,0,1,6,2,5,3,27,20,0,0,0,0,0,0,0,0,7,1,1,0,0,0,0,0,2,0,0,KRBKRNvK,DRAW,5R2/8/5n2/8/1B6/6k1/K7/5r2 b - - 0 1
1,1,0,0,0,0,0,1,-1,1,0,1,1,1,0,0,0,0,0,16,0,0,4,1,0,5,0,5,4,26,18,0,0,0,0,0,0,0,0,7,1,1,0,0,0,0,2,2,1,0,KRBKRNvK,DRAW,8/6n1/8/8/B5r1/8/4R3/1K3k2 w - - 0 1
0,1,0,0,0,0,0,1,-1,1,0,1,1,1,0,0,0,0,0,16,0,0,3,5,3,2,2,1,2,24,21,0,0,0,0,0,0,0,0,7,1,1,0,0,0,0,2,3,2,1,KRBKRNvK,DRAW,2n5/8/4r3/8/5K2/2k5/8/R2B4 b - - 0 1
1,1,0,0,0,0,0,1,-1,1,0,1,1,1,0,0,0,0,0,16,0,0,5,7,2,2,6,4,3,5,0,1,0,0,0,0,0,0,0,7,1,1,0,0,0,0,1,3,2,1,KRBKRNvK,DRAW,8/2k5/R7/2B3n1/8/7K/8/3r4 w - - 0 1
0,1,0,0,0,0,0,1,-1,1,0,1,1,1,0,0,0,0,0,16,0,0,5,0,4,5,5,3,2,6,0,1,0,0,0,0,0,0,0,7,1,1,0,0,0,0,1,2,1,0,KRBKRNvK,DRAW,8/7r/5k2/K2B4/8/5Rn1/8/8 b - - 0 1
0,1,0,0,0,0,0,1,-1,1,0,1,1,1,0,0,0,0,0,16,0,0,7,3,7,7,0,3,6,22,23,0,0,0,0,0,0,0,0,7,1,1,0,0,0,0,2,1,0,1,KRBKRNvK,DRAW,3K4/8/2r5/B7/8/4R3/5n2/7k b - - 0 1
1,1,0,0,0,0,0,1,-1,1,0,1,1,1,0,0,0,0,0,16,0,0,2,2,2,0,1,2,5,26,25,0,0,0,0,0,0,0,0,7,1,1,0,0,0,0,3,3,0,1,KRBKRNvK,WIN,8/8/5n2/4R3/8/2K5/k5B1/3r4 w - - 0 1
1,1,0,0,0,0,0,1,-1,1,0,1,1,1,0,0,0,0,0,16,0,0,2,6,6,6,4,4,2,26,22,0,0,0,0,0,0,0,0,7,1,1,0,0,0,0,3,3,0,0,KRBKRNvK,DRAW,8/6K1/8/6k1/R7/1n6/8/4r2B w - - 0 1
0,1,0,0,0,0,0,1,-1,1,0,1,1,1,0,0,0,0,0,16,0,0,5,1,2,6,5,3,3,23,26,0,0,0,0,0,0,0,0,7,1,1,0,0,0,0,0,2,0,0,KRBKRNvK,DRAW,8/8/n5k1/B7/8/1K3R2/8/4r3 b - - 0 1
0,1,0,0,0,0,0,1,-1,1,0,1,1,1,0,0,0,0,0,16,0,0,4,2,0,0,4,4,3,24,25,0,0,0,0,0,0,0,0,7,1,1,0,0,0,0,2,1,1,0,KRBKRNvK,DRAW,8/1Bn5/6r1/k7/8/8/2R5/2K5 b - - 0 1
0,1,0,0,0,0,0,1,-1,1,0,1,1,1,0,0,0,0,0,16,0,0,6,4,7,4,1,3,2,4,0,1,0,0,0,0,0,0,0,7,1,1,0,0,0,0,0,2,1,0,KRBKRNvK,DRAW,4K3/8/8/5r1B/8/8/4k1R1/1n6 b - - 0 1
0,1,0,0,0,0,0,1,-1,1,0,1,1,1,0,0,0,0,0,16,0,0,2,0,1,0,3,5,3,19,18,0,0,0,0,0,0,0,0,7,1,1,0,0,0,0,0,2,0,0,KRBKRNvK,DRAW,1n6/8/7R/8/k4r2/8/K6B/8 b - - 0 1
0,1,0,0,0,0,0,1,-1,1,0,1,1,1,0,0,0,0,0,16,0,0,4,5,4,1,2,1,3,13,30,0,0,0,0,0,0,0,0,7,1,1,0,1,0,0,2,0,1,0,KRBKRNvK,DRAW,R7/8/8/1B3K2/8/1k6/nr6/8 b - - 0 1
0,1,0,0,0,0,0,1,-1,1,0,1,1,1,0,0,0,0,0,16,0,0,3,1,4,0,7,2,6,19,24,0,0,0,0,0,0,0,0,7,1,1,0,0,0,0,1,2,0,0,KRBKRNvK,DRAW,k7/8/6B1/1K4n1/6r1/8/1R6/8 b - - 0 1
0,1,0,0,0,0,0,1,-1,1,0,1,1,1,0,0,0,0,0,16,0,0,4,6,4,2,1,2,3,24,20,0,0,0,0,0,0,0,0,7,1,1,0,0,0,0,3,0,1,2,KRBKRNvK,DRAW,8/8/5r2/6K1/3B2Rn/8/2k5/8 b - - 0 1
0,1,0,0,0,0,0,1,-1,1,0,1,1,1,0,0,0,0,0,16,0,0,4,4,3,0,0,0,6,25,22,0,0,0,0,0,0,0,0,7,1,1,1,0,0,0,3,1,0,1,KRBKRNvK,DRAW,8/2BR4/8/8/4Kn2/1r6/8/k7 b - - 0 1
1,1,0,0,0,0,0,1,-1,1,0,1,1,1,0,0,0,0,0,16,0,0,4,4,7,0,5,3,4,24,22,0,0,0,0,0,0,0,0,7,1,1,0,0,0,0,2,0,0,0,KRBKRNvK,DRAW,4K3/7r/k7/8/8/6B1/4R3/6n1 w - - 0 1
0,1,0,0,0,0,0,1,-1,1,0,1,1,1,0,0,0,0,0,16,0,0,2,6,6,6,4,4,2,19,15,0,0,0,0,0,0,0,0,7,1,1,0,0,0,0,1,1,0,2,KRBKRNvK,DRAW,8/6K1/8/4nrk1/8/8/8/RB6 b - - 0 1
1,1,0,0,0,0,0,1,-1,1,0,1,1,1,0,0,0,0,0,16,0,0,2,3,4,4,6,0,2,24,19,0,0,0,0,0,0,0,0,7,1,1,0,0,0,0,4,0,1,0,KRBKRNvK,DRAW,2n4r/2B1k3/8/3K4/3R4/8/8/8 w - - 0 1
1,1,0,0,0,0,0,1,-1,1,0,1,1,1,0,0,0,0,0,16,0,0,3,5,4,5,7,1,4,26,22,0,0,0,0,0,0,0,0,7,1,1,0,0,0,0,2,2,0,1,KRBKRNvK,DRAW,5k2/8/8/1B3K1n/8/8/R7/4r3 w - - 0 1
1,1,0,0,0,0,0,1,-1,1,0,1,1,1,0,0,0,0,0,16,0,0,4,1,4,2,0,2,4,10,25,0,0,0,0,0,0,0,0,7,1,1,0,0,0,0,0,0,0,1,KRBKRNvK,DRAW,6r1/8/8/RK1n4/B7/8/8/2k5 w - - 0 1
1,1,0,0,0,0,0,1,-1,1,0,1,1,1,0,0,0,0,0,16,0,0,7,1,0,5,7,5,4,25,20,0,0,0,0,0,0,0,0,7,1,1,0,0,0,0,2,0,0,0,KRBKRNvK,DRAW,1n3k2/8/8/4R3/8/7r/8/1K2B3 w - - 0 1
0,1,0,0,0,0,0,1,-1,1,0,1,1,1,0,0,0,0,0,16,0,0,2,0,0,2,0,6,4,2,0,1,0,0,0,0,0,0,0,7,1,1,0,0,0,0,1,1,0,0,KRBKRNvK,LOSS,8/2B5/1r6/8/5n2/8/8/K1k4R b - - 0 1
0,1,0,0,0,0,0,1,-1,1,0,1,1,1,0,0,0,0,0,16,0,0,3,4,3,1,3,0,2,27,20,0,0,0,0,0,0,0,0,7,1,1,1,0,0,0,4,1,0,0,KRBKRNvK,DRAW,6r1/4R3/8/8/1k2K3/1n6/8/1B6 b - - 0 1
1,1,0,0,0,0,0,1,-1,1,0,1,1,1,0,0,0,0,0,16,0,0,4,6,6,2,2,4,2,30,21,0,0,0,0,0,0,0,0,7,1,1,0,0,0,0,2,3,0,0,KRBKRNvK,DRAW,8/6K1/7R/8/8/2k5/6B1/3nr3 w - - 0 1
1,1,0,0,0,0,0,1,-1,1,0,1,1,1,0,0,0,0,0,16,0,0,7,0,3,7,4,3,3,3,0,1,0,0,0,0,0,0,0,7,1,1,0,0,0,0,2,0,0,1,KRBKRNvK,DRAW,6B1/8/r7/7k/K3n3/8/8/4R3 w - - 0 1
1,1,0,0,0,0,0,1,-1,1,0,1,1,1,0,0,0,0,0,16,0,0,5,5,3,0,5,1,4,20,21,0,0,0,0,0,0,0,0,7,1,1,0,0,0,0,2,1,0,1,KRBKRNvK,DRAW,4B3/8/k7/8/1r1n1KR1/8/8/8 w - - 0 1
0,1,0,0,0,0,0,1,-1,1,0,1,1,1,0,0,0,0,0,16,0,0,5,5,0,5,5,4,2,8,0,1,0,0,0,0,0,0,0,7,1,1,0,0,0,0,3,2,1,0,KRBKRNvK,DRAW,8/3n4/5k2/7r/7R/8/8/B4K2 b - - 0 1
0,1,0,0,0,0,0,1,-1,1,0,1,1,1,0,0,0,0,0,16,0,0,5,0,2,5,7,4,4,23,21,0,0,0,0,0,0,0,0,7,1,1,0,0,0,0,2,2,0,0,KRBKRNvK,DRAW,5k2/8/8/5r2/6n1/K5R1/1B6/8 b - - 0 1
1,1,0,0,0,0,0,1,-1,1,0,1,1,1,0,0,0,0,0,16,0,0,2,3,0,3,2,3,1,23,15,0,0,0,0,0,0,0,0,7,1,1,0,0,0,0,2,3,1,0,KRBKRNvK,DRAW,8/B7/n2r4/8/5R2/3k4/8/3K4 w - - 0 1
1,1,0,0,0,0,0,1,-1,1,0,1,1,1,0,0,0,0,0,16,0,0,2,0,6,1,4,5,2,3,0,1,0,0,0,0,0,0,0,7,1,1,0,0,0,0,3,0,1,0,KRBKRNvK,LOSS,8/K5r1/8/1k2n3/R7/8/8/7B w - - 0 1
0,1,0,0,0,0,0,1,-1,1,0,1,1,1,0,0,0,0,0,16,0,0,4,3,6,5,2,2,2,24,20,0,0,0,0,0,0,0,0,7,1,1,0,0,0,0,2,1,1,1,KRBKRNvK,DRAW,2B5/3K4/1r6/7R/8/5k2/8/6n1 b - - 0 1
1,1,0,0,0,0,0,1,-1,1,0,1,1,1,0,0,0,0,0,16,0,0,2,6,5,7,3,3,3,24,18,0,0,0,0,0,0,0,0,7,1,1,0,0,0,0,2,1,1,0,KRBKRNvK,DRAW,8/1r6/6K1/8/1n5k/7B/4R3/8 w - - 0 1
0,1,0,0,0,0,0,1,-1,1,0,1,1,1,0,0,0,0,0,16,0,0,7,0,1,7,2,5,4,23,24,0,0,0,0,0,0,0,0,7,1,1,0,0,0,0,2,2,0,0,KRBKRNvK,DRAW,8/B2n4/8/6r1/8/7k/K2R4/8 b - - 0 1
0,1,0,0,0,0,0,1,-1,1,0,1,1,1,0,0,0,0,0,16,0,0,2,2,5,0,5,2,4,20,25,0,0,0,0,0,0,0,0,7,1,1,0,0,0,0,3,2,0,1,KRBKRNvK,DRAW,2n1R3/8/k1K5/8/5r2/1B6/8/8 b - - 0 1
0,1,0,0,0,0,0,1,-1,1,0,1,1,1,0,0,0,0,0,16,0,0,5,6,4,1,3,2,2,6,0,1,0,0,0,0,0,0,0,7,1,1,1,0,0,0,1,0,0,1,KRBKRNvK,DRAW,r7/1R4n1/6B1/6K1/1k6/8/8/8 b - - 0 1
0,1,0,0,0,0,0,1,-1,1,0,1,1,1,0,0,0,0,0,16,0,0,3,0,5,0,2,4,4,20,27,0,0,0,0,0,0,0,0,7,1,1,1,0,0,0,1,2,1,0,KRBKRNvK,DRAW,8/7R/K7/5r2/2B5/k7/8/5n2 b - - 0 1
1,1,0,0,0,0,0,1,-1,1,0,1,1,1,0,0,0,0,0,16,0,0,4,2,0,6,0,4,5,5,0,1,0,0,0,0,0,0,0,7,1,1,0,0,0,0,2,2,1,1,KRBKRNvK,DRAW,8/1B6/8/r7/8/7R/n7/2K3k1 w - - 0 1
1,1,0,0,0,0,0,1,-1,1,0,1,1,1,0,0,0,0,0,16,0,0,7,7,0,2,7,6,4,24,21,0,0,0,0,0,0,0,0,7,1,1,0,0,0,0,2,1,1,1,KRBKRNvK,DRAW,2k5/6B1/R7/6n1/8/6r1/8/7K w - - 0 1
1,1,0,0,0,0,0,1,-1,1,0,1,1,1,0,0,0,0,0,16,0,0,4,2,7,6,7,4,5,26,25,0,0,0,0,0,0,0,0,7,1,1,0,0,0,0,1,2,0,0,KRBKRNvK,DRAW,2K3k1/8/1R6/6n1/8/8/7B/4r3 w - - 0 1
0,1,0,0,0,0,0,1,-1,1,0,1,1,1,0,0,0,0,0,16,0,0,6,6,2,0,2,3,4,16,29,0,0,0,0,0,0,0,0,7,1,1,0,0,0,0,3,1,1,0,KRBKRNvK,WIN,4r3/4n3/8/8/2B4R/k5K1/8/8 b - - 0 1
0,1,0,0,0,0,0,1,-1,1,0,1,1,1,0,0,0,0,0,16,0,0,4,7,5,3,2,4,1,6,0,1,0,0,0,0,0,0,0,7,1,1,0,1,0,0,2,2,2,0,KRBKRNvK,DRAW,8/8/7K/2R5/2B5/3k4/4nr2/8 b - - 0 1
0,1,0,0,0,0,0,1,-1,1,0,1,1,1,0,0,0,0,0,16,0,0,6,2,0,0,6,4,5,5,0,1,0,0,0,0,0,0,0,7,1,1,0,0,0,0,2,2,0,1,KRBKRNvK,DRAW,8/k7/4r3/8/3B4/8/4R3/n1K5 b - - 0 1
0,1,0,0,0,0,0,1,-1,1,0,1,1,1,0,0,0,0,0,16,0,0,6,0,7,5,1,6,3,23,21,0,0,0,0,0,0,0,0,7,1,1,1,1,0,0,1,2,0,0,KRBKRNvK,DRAW,K7/R6B/8/8/8/8/3r1k2/2n5 b - - 0 1
0,1,0,0,0,0,0,1,-1,1,0,1,1,1,0,0,0,0,0,16,0,0,5,4,2,6,7,1,5,2,0,1,0,0,0,0,0,0,0,7,1,1,0,0,0,0,4,2,1,1,KRBKRNvK,DRAW,4R1k1/8/8/7r/4n3/4K3/B7/8 b - - 0 1
0,1,0,0,0,0,0,1,-1,1,0,1,1,1,0,0,0,0,0,16,0,0,3,2,1,3,4,3,0,20,27,0,0,0,0,0,0,0,0,7,1,1,0,0,0,0,1,4,2,0,KRBKRNvK,DRAW,8/4n2r/1B6/3k4/8/1R6/2K5/8 b - - 0 1
0,1,0,0,0,0,0,1,-1,1,0,1,1,1,0,0,0,0,0,16,0,0,2,2,4,3,6,1,2,17,20,0,0,0,0,0,0,0,0,7,1,1,0,0,0,0,4,0,2,1,KRBKRNvK,DRAW,8/n2k4/3B4/2K1R3/8/8/8/r7 b - - 0 1
0,1,0,0,0,0,0,1,-1,1,0,1,1,1,0,0,0,0,0,16,0,0,6,6,6,0,1,4,5,2,0,1,0,0,0,0,0,0,0,7,1,1,0,0,0,0,1,2,1,0,KRBKRNvK,DRAW,1R6/6K1/8/8/8/4r3/k7/1Bn5 b - - 0 1
1,1,0,0,0,0,0,1,-1,1,0,1,1,1,0,0,0,0,0,16,0,0,5,0,6,1,1,5,4,22,18,0,0,0,0,0,0,0,0,7,1,1,0,0,0,0,2,1,1,2,KRBKRNvK,WIN,2r5/K1n5/8/8/8/8/1kB1R3/8 w - - 0 1
0,1,0,0,0,0,0,1,-1,1,0,1,1,1,0,0,0,0,0,16,0,0,6,6,4,0,3,2,3,17,25,0,0,0,0,0,0,0,0,7,1,1,0,0,0,0,1,0,0,0,KRBKRNvK,DRAW,r7/8/3B4/6K1/k7/8/6n1/6R1 b - - 0 1
1,1,0,0,0,0,0,1,-1,1,0,1,1,1,0,0,0,0,0,16,0,0,2,1,3,0,1,2,5,28,21,0,0,0,0,0,0,0,0,7,1,1,1,0,0,0,0,0,0,0,KRBKRNvK,WIN,8/2R5/5r2/1B6/1K5n/8/k7/8 w - - 0 1
1,1,0,0,0,0,0,1,-1,1,0,1,1,1,0,0,0,0,0,16,0,0,3,7,3,4,1,3,2,24,25,0,0,0,0,0,0,0,0,7,1,1,0,0,0,0,3,1,0,1,KRBKRNvK,DRAW,8/5r2/8/1R6/5n1K/8/4k3/B7 w - - 0 1
0,1,0,0,0,0,0,1,-1,1,0,1,1,1,0,0,0,0,0,16,0,0,2,3,0,5,2,3,2,22,21,0,0,0,0,0,0,0,0,7,1,1,0,0,0,0,2,2,2,0,KRBKRNvK,DRAW,3n4/8/8/4r3/8/5k2/3R1B2/3K4 b - - 0 1
0,1,0,0,0,0,0,1,-1,1,0,1,1,1,0,0,0,0,0,16,0,0,2,7,1,5,3,5,1,18,21,0,0,0,0,0,0,0,0,7,1,1,1,0,0,0,1,2,1,0,KRBKRNvK,DRAW,5r2/5n1R/4B3/8/5k2/8/7K/8 b - - 0 1
1,1,0,0,0,0,0,1,-1,1,0,1,1,1,0,0,0,0,0,16,0,0,2,3,6,5,6,2,3,3,0,1,0,0,0,0,0,0,0,7,1,1,0,1,0,0,2,3,0,1,KRBKRNvK,DRAW,8/3K1k2/5n2/8/8/8/3r2BR/8 w - - 0 1
0,1,0,0,0,0,0,1,-1,1,0,1,1,1,0,0,0,0,0,16,0,0,3,6,4,3,7,2,3,17,24,0,0,0,0,0,0,0,0,7,1,1,1,0,0,0,1,2,1,0,KRBKRNvK,DRAW,3k3n/1R6/8/6K1/3r4/1B6/8/8 b - - 0 1
0,1,0,0,0,0,0,1,-1,1,0,1,1,1,0,0,0,0,0,16,0,0,4,1,5,5,2,3,2,21,16,0,0,0,0,0,0,0,0,7,1,1,0,0,0,0,1,2,1,0,KRBKRNvK,DRAW,8/5r2/1K6/8/8/1n3k2/1R3B2/8 b - - 0 1
1,1,0,0,0,0,0,1,-1,1,0,1,1,1,0,0,0,0,0,16,0,0,3,0,2,0,5,4,4,4,0,1,0,0,0,0,0,0,0,7,1,1,0,0,0,0,3,1,0,1,KRBKRNvK,DRAW,8/3n4/k7/6R1/8/K7/8/rB6 w - - 0 1
1,1,0,0,0,0,0,1,-1,1,0,1,1,1,0,0,0,0,0,16,0,0,3,3,7,0,7,3,6,20,21,0,0,0,0,0,0,0,0,7,1,1,0,0,0,0,2,2,0,2,KRBKRNvK,DRAW,k2K4/1r6/5n2/2R5/1B6/8/8/8 w - - 0 1
1,1,0,0,0,0,0,1,-1,1,0,1,1,1,0,0,0,0,0,16,0,0,3,1,5,3,2,3,1,5,0,1,0,0,0,0,0,0,0,7,1,1,0,0,0,0,0,2,1,1,KRBKRNvK,DRAW,4n3/8/1K5B/8/1r6/3k4/8/5R2 w - - 0 1
0,1,0,0,0,0,0,1,-1,1,0,1,1,1,0,0,0,0,0,16,0,0,5,3,7,6,2,3,3,6,0,1,0,0,0,0,0,0,0,7,1,1,0,1,0,0,1,1,1,0,KRBKRNvK,DRAW,3K4/8/8/4B3/8/R3n1k1/2r5/8 b - - 0 1
1,1,0,0,0,0,0,1,-1,1,0,1,1,1,0,0,0,0,0,16,0,0,3,7,6,4,5,5,1,18,22,0,0,0,0,0,0,0,0,7,1,1,0,1,0,0,0,3,0,0,KRBKRNvK,WIN,7R/7K/4k3/8/8/8/r1n5/5B2 w - - 0 1
0,1,0,0,0,0,0,1,-1,1,0,1,1,1,0,0,0,0,0,16,0,0,4,5,6,1,7,3,5,3,0,1,0,0,0,0,0,0,0,7,1,1,0,0,0,0,1,0,0,0,KRBKRNvK,DRAW,1k3R2/5K2/8/8/2B1n3/6r1/8/8 b - - 0 1
0,1,0,0,0,0,0,1,-1,1,0,1,1,1,0,0,0,0,0,16,0,0,7,7,0,0,0,6,6,24,22,0,0,0,0,0,0,0,0,7,1,1,0,0,0,0,2,3,0,0,KRBKRNvK,DRAW,8/3r4/2n5/8/4B1R1/8/8/k6K b - - 0 1
0,1,0,0,0,0,0,1,-1,1,0,1,1,1,0,0,0,0,0,16,0,0,6,5,7,1,1,4,4,28,20,0,0,0,0,0,0,0,0,7,1,1,0,0,0,0,2,2,0,0,KRBKRNvK,DRAW,5KB1/8/8/4n2R/r7/8/1k6/8 b - - 0 1
0,1,0,0,0,0,0,1,-1,1,0,1,1,1,0,0,0,0,0,16,0,0,4,4,3,0,4,0,3,27,21,0,0,0,0,0,0,0,0,7,1,1,0,0,0,0,4,0,0,1,KRBKRNvK,DRAW,2r5/8/8/k7/3nKRB1/8/8/8 b - - 0 1
1,1,0,0,0,0,0,1,-1,1,0,1,1,1,0,0,0,0,0,16,0,0,2,1,2,2,4,3,1,15,23,0,0,0,0,0,0,0,0,7,1,1,0,0,0,0,0,4,0,1,KRBKRNvK,DRAW,8/8/8/2k5/8/1Kn1r3/1R2B3/8 w - - 0 1
1,1,0,0,0,0,0,1,-1,1,0,1,1,1,0,0,0,0,0,16,0,0,4,6,5,3,1,3,2,23,26,0,0,0,0,0,0,0,0,7,1,1,0,0,0,0,1,1,0,1,KRBKRNvK,DRAW,1B6/8/1R4K1/5n2/8/8/3k4/5r2 w - - 0 1
0,1,0,0,0,0,0,1,-1,1,0,1,1,1,0,0,0,0,0,16,0,0,2,4,2,6,3,1,2,5,0,1,0,0,0,0,0,0,0,7,1,1,0,0,0,0,2,1,0,0,KRBKRNvK,DRAW,8/B2n3r/8/8/2R3k1/4K3/8/8 b - - 0 1
0,1,0,0,0,0,0,1,-1,1,0,1,1,1,0,0,0,0,0,16,0,0,7,2,0,6,7,4,5,3,0,1,0,0,0,0,0,0,0,7,1,1,0,0,0,0,2,3,0,0,KRBKRNvK,DRAW,4r1k1/8/5n2/6R1/1B6/8/8/2K5 b - - 0 1
0,1,0,0,0,0,0,1,-1,1,0,1,1,1,0,0,0,0,0,16,0,0,5,5,0,0,1,4,5,3,0,1,0,0,0,0,0,0,0,7,1,1,0,0,0,0,1,2,1,1,KRBKRNvK,LOSS,8/8/8/1r6/2B5/3n4/k2R4/5K2 b - - 0 1
1,1,0,0,0,0,0,1,-1,1,0,1,1,1,0,0,0,0,0,16,0,0,3,3,5,1,2,1,3,29,16,0,0,0,0,0,0,0,0,7,1,1,1,0,0,0,3,0,0,0,KRBKRNvK,DRAW,8/5RB1/3K4/8/8/1k6/8/6nr w - - 0 1
0,1,0,0,0,0,0,1,-1,1,0,1,1,1,0,0,0,0,0,16,0,0,3,3,4,1,1,0,4,23,15,0,0,0,0,0,0,0,0,7,1,1,0,0,0,0,4,2,0,0,KRBKRNvK,DRAW,6BR/8/8/3K4/8/8/1k6/4r2n b - - 0 1
1,1,0,0,0,0,0,1,-1,1,0,1,1,1,0,0,0,0,0,16,0,0,4,5,5,1,6,2,4,8,0,1,0,0,0,0,0,0,0,7,1,1,0,1,0,0,4,1,1,0,KRBKRNvK,WIN,8/1k6/1n3K2/3R4/8/8/5r2/7B w - - 0 1
1,1,0,0,0,0,0,1,-1,1,0,1,1,1,0,0,0,0,0,16,0,0,3,5,2,2,0,2,4,18,20,0,0,0,0,0,0,0,0,7,1,1,0,0,0,0,1,2,0,0,KRBKRNvK,DRAW,4r3/8/n7/8/6B1/5K2/6R1/2k5 w - - 0 1
0,1,0,0,0,0,0,1,-1,1,0,1,1,1,0,0,0,0,0,16,0,0,3,4,4,1,5,0,3,6,0,1,0,0,0,0,0,0,0,7,1,1,0,0,0,0,3,2,0,2,KRBKRNvK,LOSS,8/8/1k6/2n1K3/5r2/8/3B4/1R6 b - - 0 1
0,1,0,0,0,0,0,1,-1,1,0,1,1,1,0,0,0,0,0,16,0,0,6,0,3,6,3,3,2,6,0,1,0,0,0,0,0,0,0,7,1,1,0,0,0,0,1,2,1,0,KRBKRNvK,LOSS,8/6n1/8/1R1r4/K5k1/8/4B3/8 b - - 0 1
1,1,0,0,0,0,0,1,-1,1,0,1,1,1,0,0,0,0,0,16,0,0,5,7,1,2,5,5,2,24,21,0,0,0,0,0,0,0,0,7,1,1,0,0,0,0,2,1,1,1,KRBKRNvK,DRAW,8/8/2k5/7R/1B6/8/n6K/5r2 w - - 0 1
1,1,0,0,0,0,0,1,-1,1,0,1,1,1,0,0,0,0,0,16,0,0,6,0,4,6,2,3,3,25,20,0,0,0,0,0,0,0,0,7,1,1,0,0,0,0,2,2,1,0,KRBKRNvK,DRAW,8/8/B7/K3n3/7R/4r1k1/8/8 w - - 0 1
1,1,0,0,0,0,0,1,-1,1,0,1,1,1,0,0,0,0,0,16,0,0,4,7,7,6,3,6,2,25,25,0,0,0,0,0,0,0,0,7,1,1,0,0,0,0,1,3,0,0,KRBKRNvK,DRAW,R6K/8/8/1n6/3r2k1/1B6/8/8 w - - 0 1
0,1,0,0,0,0,0,1,-1,1,0,1,1,1,0,0,0,0,0,16,0,0,2,6,4,7,6,2,5,2,0,1,0,0,0,0,0,0,0,7,1,1,0,0,0,0,1,2,1,0,KRBKRNvK,DRAW,8/7k/3B4/2n3KR/8/8/8/4r3 b - - 0 1
0,1,0,0,0,0,0,1,-1,1,0,1,1,1,0,0,0,0,0,16,0,0,4,7,3,5,7,3,4,4,0,1,0,0,0,0,0,0,0,7,1,1,0,0,0,0,3,0,0,1,KRBKRNvK,DRAW,2n2k2/8/6r1/8/5R1K/1B6/8/8 b - - 0 1
0,1,0,0,0,0,0,1,-1,1,0,1,1,1,0,0,0,0,0,16,0,0,5,5,1,5,6,3,3,6,0,1,0,0,0,0,0,0,0,7,1,1,1,0,0,0,2,2,1,1,KRBKRNvK,DRAW,8/3R1k2/8/8/8/5n2/5K2/r3B3 b - - 0 1
0,1,0,0,0,0,0,1,-1,1,0,1,1,1,0,0,0,0,0,16,0,0,4,0,2,1,6,4,4,26,23,0,0,0,0,0,0,0,0,7,1,1,0,0,0,0,1,1,0,1,KRBKRNvK,DRAW,8/1k6/7r/8/1n6/K3B3/4R3/8 b - - 0 1
0,1,0,0,0,0,0,1,-1,1,0,1,1,1,0,0,0,0,0,16,0,0,7,0,0,7,4,6,3,4,0,1,0,0,0,0,0,0,0,7,1,1,0,0,0,0,0,2,0,0,KRBKRNvK,LOSS,8/3r4/8/7k/B7/8/8/K4n1R b - - 0 1
0,1,0,0,0,0,0,1,-1,1,0,1,1,1,0,0,0,0,0,16,0,0,5,5,7,7,2,4,4,21,21,0,0,0,0,0,0,0,0,7,1,1,0,0,0,0,2,1,1,0,KRBKRNvK,DRAW,5K2/2r5/8/6R1/8/7k/5n2/4B3 b - - 0 1
1,1,0,0,0,0,0,1,-1,1,0,1,1,1,0,0,0,0,0,16,0,0,4,1,4,5,1,2,3,18,22,0,0,0,0,0,0,0,0,7,1,1,0,0,0,0,2,0,0,0,KRBKRNvK,DRAW,7B/8/8/RK6/8/8/5k2/2r2n2 w - - 0 1
0,1,0,0,0,0,0,1,-1,1,0,1,1,1,0,0,0,0,0,16,0,0,2,1,4,2,6,2,3,4,0,1,0,0,0,0,0,0,0,7,1,1,1,1,0,0,1,0,0,0,KRBKRNvK,DRAW,8/2k2R2/8/1K6/4n3/1B6/6r1/8 b - - 0 1
0,1,0,0,0,0,0,1,-1,1,0,1,1,1,0,0,0,0,0,16,0,0,6,1,6,7,6,4,5,23,17,0,0,0,0,0,0,0,0,7,1,1,0,0,0,0,0,1,0,0,KRBKRNvK,DRAW,4R3/1K2n2k/5r2/8/7B/8/8/8 b - - 0 1
0,1,0,0,0,0,0,1,-1,1,0,1,1,1,0,0,0,0,0,16,0,0,3,1,5,4,3,3,0,26,20,0,0,0,0,0,0,0,0,7,1,1,0,0,0,0,1,3,1,1,KRBKRNvK,DRAW,7r/8/1K6/R1B5/1n2k3/8/8/8 b - - 0 1
0,1,0,0,0,0,0,1,-1,1,0,1,1,1,0,0,0,0,0,16,0,0,6,0,0,6,6,6,4,4,0,1,0,0,0,0,0,0,0,7,1,1,1,0,0,0,2,3,1,0,KRBKRNvK,DRAW,8/3R2k1/2n5/4B3/1r6/8/8/K7 b - - 0 1
0,1,0,0,0,0,0,1,-1,1,0,1,1,1,0,0,0,0,0,16,0,0,2,2,4,0,4,1,3,20,26,0,0,0,0,0,0,0,0,7,1,1,0,0,0,0,3,2,0,1,KRBKRNvK,DRAW,7R/8/5B2/k1K5/7n/4r3/8/8 b - - 0 1
0,1,0,0,0,0,0,1,-1,1,0,1,1,1,0,0,0,0,0,16,0,0,3,3,5,0,4,1,3,4,0,1,0,0,0,0,0,0,0,7,1,1,0,0,0,0,2,1,0,0,KRBKRNvK,DRAW,r1R5/8/3K4/k7/8/4n3/3B4/8 b - - 0 1
1,1,0,0,0,0,0,1,-1,1,0,1,1,1,0,0,0,0,0,16,0,0,2,1,2,3,0,3,3,28,22,0,0,0,0,0,0,0,0,7,1,1,0,1,0,0,1,3,0,0,KRBKRNvK,DRAW,R7/8/4B3/8/5n2/1K6/4r3/3k4 w - - 0 1
1,1,0,0,0,0,0,1,-1,1,0,1,1,1,0,0,0,0,0,16,0,0,6,0,2,6,3,4,2,2,0,1,0,0,0,0,0,0,0,7,1,1,0,0,0,0,1,3,1,0,KRBKRNvK,DRAW,8/8/2n5/8/6k1/K2rB3/R7/8 w - - 0 1
1,1,0,0,0,0,0,1,-1,1,0,1,1,1,0,0,0,0,0,16,0,0,2,6,5,4,3,3,0,26,27,0,0,0,0,0,0,0,0,7,1,1,0,0,0,0,2,3,0,1,KRBKRNvK,DRAW,8/8/R5K1/5n2/4k3/8/1B6/3r4 w - - 0 1
0,1,0,0,0,0,0,1,-1,1,0,1,1,1,0,0,0,0,0,16,0,0,7,5,7,7,0,4,6,20,20,0,0,0,0,0,0,0,0,7,1,1,0,0,0,0,0,2,1,1,KRBKRNvK,DRAW,5K2/8/4r3/8/8/7B/R5n1/7k b - - 0 1
1,1,0,0,0,0,0,1,-1,1,0,1,1,1,0,0,0,0,0,16,0,0,5,4,1,1,6,2,4,6,0,1,0,0,0,0,0,0,0,7,1,1,0,1,0,0,2,0,0,1,KRBKRNvK,DRAW,4B3/1k4n1/8/7R/8/8/2r1K3/8 w - - 0 1
0,1,0,0,0,0,0,1,-1,1,0,1,1,1,0,0,0,0,0,16,0,0,2,0,2,1,4,4,2,6,0,1,0,0,0,0,0,0,0,7,1,1,0,0,0,0,2,2,0,0,KRBKRNvK,DRAW,7B/2n5/8/1k6/3r4/K7/1R6/8 b - - 0 1
1,1,0,0,0,0,0,1,-1,1,0,1,1,1,0,0,0,0,0,16,0,0,5,5,0,4,5,4,1,25,27,0,0,0,0,0,0,0,0,7,1,1,0,0,0,0,1,2,1,0,KRBKRNvK,DRAW,8/r7/4k1B1/3n4/8/6R1/8/5K2 w - - 0 1
0,1,0,0,0,0,0,1,-1,1,0,1,1,1,0,0,0,0,0,16,0,0,4,6,1,2,5,4,2,4,0,1,0,0,0,0,0,0,0,7,1,1,0,0,0,0,3,2,0,0,KRBKRNvK,DRAW,8/r7/2k5/8/8/5B2/2nR2K1/8 b - - 0 1
0,1,0,0,0,0,0,1,-1,1,0,1,1,1,0,0,0,0,0,16,0,0,3,4,1,2,4,2,1,6,0,1,0,0,0,0,0,0,0,7,1,1,0,0,0,0,2,3,0,1,KRBKRNvK,DRAW,B7/6r1/8/2k5/8/8/3nK3/2R5 b - - 0 1
1,1,0,0,0,0,0,1,-1,1,0,1,1,1,0,0,0,0,0,16,0,0,3,6,5,3,4,3,0,25,20,0,0,0,0,0,0,0,0,7,1,1,0,1,0,0,0,3,2,1,KRBKRNvK,DRAW,8/3B4/1R4Kn/3k4/8/8/7r/8 w - - 0 1
0,1,0,0,0,0,0,1,-1,1,0,1,1,1,0,0,0,0,0,16,0,0,2,1,5,3,3,3,0,22,26,0,0,0,0,0,0,0,0,7,1,1,0,1,0,0,0,3,1,0,KRBKRNvK,DRAW,4nB2/8/1K6/8/3k4/5R2/7r/8 b - - 0 1
1,1,0,0,0,0,0,1,-1,1,0,1,1,1,0,0,0,0,0,16,0,0,2,3,0,5,2,3,2,29,15,0,0,0,0,0,0,0,0,7,1,1,0,0,0,0,1,2,1,1,KRBKRNvK,DRAW,8/8/6R1/8/1r1B4/1n3k2/8/3K4 w - - 0 1
1,1,0,0,0,0,0,1,-1,1,0,1,1,1,0,0,0,0,0,16,0,0,4,6,4,2,7,2,4,23,20,0,0,0,0,0,0,0,0,7,1,1,0,0,0,0,1,2,0,0,KRBKRNvK,DRAW,2k5/3r4/1n6/6K1/5B1R/8/8/8 w - - 0 1
0,1,0,0,0,0,0,1,-1,1,0,1,1,1,0,0,0,0,0,16,0,0,3,4,0,5,3,3,1,21,25,0,0,0,0,0,0,0,0,7,1,1,0,0,0,0,2,3,0,2,KRBKRNvK,DRAW,2R5/1B6/8/8/5k2/4n1r1/8/4K3 b - - 0 1
1,1,0,0,0,0,0,1,-1,1,0,1,1,1,0,0,0,0,0,16,0,0,6,6,5,0,7,3,6,30,14,0,0,0,0,0,0,0,0,7,1,1,0,0,0,0,3,0,0,0,KRBKRNvK,DRAW,k7/8/6K1/8/2R5/r1B5/7n/8 w - - 0 1
1,1,0,0,0,0,0,1,-1,1,0,1,1,1,0,0,0,0,0,16,0,0,4,0,4,1,0,3,5,4,0,1,0,0,0,0,0,0,0,7,1,1,1,0,0,0,3,0,0,0,KRBKRNvK,DRAW,8/4R2n/2B5/K7/8/8/8/rk6 w - - 0 1
0,1,0,0,0,0,0,1,-1,1,0,1,1,1,0,0,0,0,0,16,0,0,3,1,7,0,4,5,3,21,23,0,0,0,0,0,0,0,0,7,1,1,0,0,0,0,2,0,0,1,KRBKRNvK,DRAW,1K6/2r5/8/k7/n7/3RB3/8/8 b - - 0 1
1,1,0,0,0,0,0,1,-1,1,0,1,1,1,0,0,0,0,0,16,0,0,3,4,7,7,7,3,6,25,18,0,0,0,0,0,0,0,0,7,1,1,0,0,0,0,3,0,0,1,KRBKRNvK,WIN,4K2k/B7/2r4n/6R1/8/8/8/8 w - - 0 1
1,1,0,0,0,0,0,1,-1,1,0,1,1,1,0,0,0,0,0,16,0,0,2,2,2,0,3,2,3,3,0,1,0,0,0,0,0,0,0,7,1,1,0,0,0,0,2,2,0,1,KRBKRNvK,DRAW,8/8/3r1BR1/8/k7/2K5/8/1n6 w - - 0 1
1,1,0,0,0,0,0,1,-1,1,0,1,1,1,0,0,0,0,0,16,0,0,5,2,7,7,4,4,3,23,24,0,0,0,0,0,0,0,0,7,1,1,1,0,0,0,3,1,0,0,KRBKRNvK,DRAW,2K5/2BR4/8/7k/8/r7/2n5/8 w - - 0 1
1,1,0,0,0,0,0,1,-1,1,0,1,1,1,0,0,0,0,0,16,0,0,2,7,2,7,4,4,3,24,18,0,0,0,0,0,0,0,0,7,1,1,0,0,0,0,1,2,1,0,KRBKRNvK,DRAW,8/1n5B/8/3r3k/8/7K/8/6R1 w - - 0 1
0,1,0,0,0,0,0,1,-1,1,0,1,1,1,0,0,0,0,0,16,0,0,6,3,7,5,1,3,3,6,0,1,0,0,0,0,0,0,0,7,1,1,0,0,0,0,1,2,1,1,KRBKRNvK,DRAW,1n1K4/8/2R5/5r2/3B4/8/5k2/8 b - - 0 1
1,1,0,0,0,0,0,1,-1,1,0,1,1,1,0,0,0,0,0,16,0,0,2,5,7,3,6,4,2,3,0,1,0,0,0,0,0,0,0,7,1,1,0,0,0,0,2,0,1,0,KRBKRNvK,DRAW,1R3K2/3k4/8/8/8/n4r2/1B6/8 w - - 0 1
0,1,0,0,0,0,0,1,-1,1,0,1,1,1,0,0,0,0,0,16,0,0,4,0,5,4,2,4,1,5,0,1,0,0,0,0,0,0,0,7,1,1,0,0,0,0,1,2,1,0,KRBKRNvK,DRAW,8/5r1B/K2n4/8/8/4k3/8/4R3 b - - 0 1
0,1,0,0,0,0,0,1,-1,1,0,1,1,1,0,0,0,0,0,16,0,0,3,6,6,5,3,4,1,5,0,1,0,0,0,0,0,0,0,7,1,1,0,0,0,0,1,2,0,0,KRBKRNvK,DRAW,5R2/6K1/8/8/5k2/2rn4/8/6B1 b - - 0 1
0,1,0,0,0,0,0,1,-1,1,0,1,1,1,0,0,0,0,0,16,0,0,3,1,1,4,4,4,0,26,20,0,0,0,0,0,0,0,0,7,1,1,0,0,0,0,0,3,0,0,KRBKRNvK,DRAW,8/8/7n/4k3/B7/R7/1K6/6r1 b - - 0 1
0,1,0,0,0,0,0,1,-1,1,0,1,1,1,0,0,0,0,0,16,0,0,2,7,0,5,0,6,4,21,23,0,0,0,0,0,0,0,0,7,1,1,0,0,0,0,0,2,0,0,KRBKRNvK,DRAW,7R/4B3/8/8/2r5/8/2n5/5k1K b - - 0 1
1,1,0,0,0,0,0,1,-1,1,0,1,1,1,0,0,0,0,0,16,0,0,5,1,0,0,5,5,4,3,0,1,0,0,0,0,0,0,0,7,1,1,0,0,0,0,3,0,0,1,KRBKRNvK,DRAW,2r5/5B2/k7/8/6R1/n7/8/1K6 w - - 0 1
0,1,0,0,0,0,0,1,-1,1,0,1,1,1,0,0,0,0,0,16,0,0,3,6,6,6,3,4,2,21,23,0,0,0,0,0,0,0,0,7,1,1,0,0,0,0,1,0,0,0,KRBKRNvK,DRAW,6R1/6K1/8/3B4/3n2kr/8/8/8 b - - 0 1
1,1,0,0,0,0,0,1,-1,1,0,1,1,1,0,0,0,0,0,16,0,0,5,4,1,5,6,2,3,21,18,0,0,0,0,0,0,0,0,7,1,1,0,0,0,0,2,2,0,0,KRBKRNvK,DRAW,4n3/5k2/4r3/8/6R1/4B3/4K3/8 w - - 0 1
0,1,0,0,0,0,0,1,-1,1,0,1,1,1,0,0,0,0,0,16,0,0,4,0,0,4,4,6,0,25,22,0,0,0,0,0,0,0,0,7,1,1,0,1,0,0,0,3,0,0,KRBKRNvK,DRAW,6R1/8/8/n3k3/7B/8/3r4/K7 b - - 0 1
1,1,0,0,0,0,0,1,-1,1,0,1,1,1,0,0,0,0,0,16,0,0,5,1,6,6,7,4,5,26,23,0,0,0,0,0,0,0,0,7,1,1,0,0,0,0,2,3,0,1,KRBKRNvK,DRAW,6k1/1K6/8/2r5/7R/8/4n3/2B5 w - - 0 1
0,1,0,0,0,0,0,1,-1,1,0,1,1,1,0,0,0,0,0,16,0,0,2,7,2,5,3,4,1,21,26,0,0,0,0,0,0,0,0,7,1,1,0,0,0,0,3,3,2,0,KRBKRNvK,DRAW,3n4/8/6B1/4r3/5k2/7K/3R4/8 b - - 0 1
1,1,0,0,0,0,0,1,-1,1,0,1,1,1,0,0,0,0,0,16,0,0,4,4,6,0,6,2,5,26,24,0,0,0,0,0,0,0,0,7,1,1,0,1,0,0,0,2,0,0,KRBKRNvK,DRAW,8/k3K3/1n6/8/8/2R5/3r4/3B4 w - - 0 1
1,1,0,0,0,0,0,1,-1,1,0,1,1,1,0,0,0,0,0,16,0,0,7,7,4,0,6,3,5,5,0,1,0,0,0,0,0,0,0,7,1,1,0,0,0,0,2,2,0,1,KRBKRNvK,DRAW,4R3/k3r3/8/7K/8/2B3n1/8/8 w - - 0 1
1,1,0,0,0,0,0,1,-1,1,0,1,1,1,0,0,0,0,0,16,0,0,6,6,7,4,1,5,2,5,0,1,0,0,0,0,0,0,0,7,1,1,0,0,0,0,2,2,0,1,KRBKRNvK,DRAW,6K1/3Bn3/8/7R/8/3r4/4k3/8 w - - 0 1
0,1,0,0,0,0,0,1,-1,1,0,1,1,1,0,0,0,0,0,16,0,0,7,7,4,0,1,3,5,22,25,0,0,0,0,0,0,0,0,7,1,1,1,0,0,0,3,0,0,0,KRBKRNvK,DRAW,6r1/4R3/8/n1B4K/8/8/k7/8 b - - 0 1
1,1,0,0,0,0,0,1,-1,1,0,1,1,1,0,0,0,0,0,16,0,0,3,6,2,3,1,3,2,33,23,0,0,0,0,0,0,0,0,7,1,1,0,0,0,0,1,3,0,1,KRBKRNvK,DRAW,1R6/5n2/8/4rB2/8/6K1/3k4/8 w - - 0 1
1,1,0,0,0,0,0,1,-1,1,0,1,1,1,0,0,0,0,0,16,0,0,2,3,4,2,2,0,2,21,21,0,0,0,0,0,0,0,0,7,1,1,0,0,0,0,4,1,0,0,KRBKRNvK,DRAW,B3R3/8/8/3K4/8/2k5/8/5r1n w - - 0 1
0,1,0,0,0,0,0,1,-1,1,0,1,1,1,0,0,0,0,0,16,0,0,2,4,4,2,4,0,1,3,0,1,0,0,0,0,0,0,0,7,1,1,0,0,0,0,3,2,0,0,KRBKRNvK,DRAW,2R5/8/8/2k1K3/1n6/8/2B5/r7 b - - 0 1
1,1,0,0,0,0,0,1,-1,1,0,1,1,1,0,0,0,0,0,16,0,0,6,6,3,0,1,2,5,7,0,1,0,0,0,0,0,0,0,7,1,1,0,0,0,0,2,2,1,0,KRBKRNvK,DRAW,7R/8/3n4/8/r5K1/2B5/k7/8 w - - 0 1
0,1,0,0,0,0,0,1,-1,1,0,1,1,1,0,0,0,0,0,16,0,0,2,7,3,5,3,3,1,17,17,0,0,0,0,0,0,0,0,7,1,1,0,1,0,0,0,3,0,1,KRBKRNvK,WIN,8/8/1R6/8/5k1K/8/2n2r2/1B6 b - - 0 1
1,1,0,0,0,0,0,1,-1,1,0,1,1,1,0,0,0,0,0,16,0,0,5,6,3,1,3,2,2,7,0,1,0,0,0,0,0,0,0,7,1,1,0,1,0,0,2,3,0,1,KRBKRNvK,DRAW,2R5/8/8/8/1k4K1/8/3r1nB1/8 w - - 0 1
0,1,0,0,0,0,0,1,-1,1,0,1,1,1,0,0,0,0,0,16,0,0,5,6,6,7,1,4,5,21,23,0,0,0,0,0,0,0,0,7,1,1,0,0,0,0,2,1,1,2,KRBKRNvK,DRAW,5r2/6K1/6n1/8/6R1/8/2B4k/8 b - - 0 1
0,1,0,0,0,0,0,1,-1,1,0,1,1,1,0,0,0,0,0,16,0,0,5,1,1,3,6,4,2,7,0,1,0,0,0,0,0,0,0,7,1,1,0,0,0,0,0,2,0,0,KRBKRNvK,DRAW,8/3k4/8/6r1/B3n3/8/1K6/5R2 b - - 0 1
1,1,0,0,0,0,0,1,-1,1,0,1,1,1,0,0,0,0,0,16,0,0,3,5,4,2,3,1,1,5,0,1,0,0,0,0,0,0,0,7,1,1,0,0,0,0,2,3,1,1,KRBKRNvK,DRAW,R7/4n3/8/Br3K2/2k5/8/8/8 w - - 0 1
1,1,0,0,0,0,0,1,-1,1,0,1,1,1,0,0,0,0,0,16,0,0,2,5,6,7,5,3,4,5,0,1,0,0,0,0,0,0,0,7,1,1,0,0,0,0,3,1,0,0,KRBKRNvK,DRAW,8/5K2/7k/3R4/8/5r2/B4n2/8 w - - 0 1
0,1,0,0,0,0,0,1,-1,1,0,1,1,1,0,0,0,0,0,16,0,0,2,3,5,4,7,1,3,4,0,1,0,0,0,0,0,0,0,7,1,1,0,0,0,0,4,2,0,0,KRBKRNvK,DRAW,4k3/B7/3K4/n7/r7/8/4R3/8 b - - 0 1
1,1,0,0,0,0,0,1,-1,1,0,1,1,1,0,0,0,0,0,16,0,0,5,1,3,6,5,2,3,29,21,0,0,0,0,0,0,0,0,7,1,1,0,0,0,0,2,0,1,0,KRBKRNvK,DRAW,8/8/6k1/8/1K4B1/4R3/8/1n5r w - - 0 1
0,1,0,0,0,0,0,1,-1,1,0,1,1,1,0,0,0,0,0,16,0,0,3,6,2,4,5,3,1,28,22,0,0,0,0,0,0,0,0,7,1,1,0,1,0,0,2,3,1,0,KRBKRNvK,DRAW,2R5/8/4k3/2n5/8/6K1/r7/7B b - - 0 1
0,1,0,0,0,0,0,1,-1,1,0,1,1,1,0,0,0,0,0,16,0,0,5,3,1,4,6,2,2,6,0,1,0,0,0,0,0,0,0,7,1,1,1,0,0,0,2,2,0,1,KRBKRNvK,DRAW,B7/R3k3/8/7r/8/8/3K4/2n5 b - - 0 1
1,1,0,0,0,0,0,1,-1,1,0,1,1,1,0,0,0,0,0,16,0,0,2,1,7,3,5,5,1,25,16,0,0,0,0,0,0,0,0,7,1,1,0,0,0,0,3,3,0,0,KRBKRNvK,DRAW,1K4n1/8/3kr3/7R/8/8/8/1B6 w - - 0 1
0,1,0,0,0,0,0,1,-1,1,0,1,1,1,0,0,0,0,0,16,0,0,5,6,6,3,1,4,2,26,27,0,0,0,0,0,0,0,0,7,1,1,0,0,0,0,2,0,0,1,KRBKRNvK,DRAW,8/3B2K1/7n/8/7R/8/3k4/1r6 b - - 0 1
0,1,0,0,0,0,0,1,-1,1,0,1,1,1,0,0,0,0,0,16,0,0,2,7,2,5,1,4,3,4,0,1,0,0,0,0,0,0,0,7,1,1,0,0,0,0,0,0,0,0,KRBKRNvK,DRAW,8/8/8/7B/8/7K/1nR2k2/r7 b - - 0 1
0,1,0,0,0,0,0,1,-1,1,0,1,1,1,0,0,0,0,0,16,0,0,5,0,5,3,0,4,3,17,25,0,0,0,0,0,0,0,0,7,1,1,0,0,0,0,2,2,0,0,KRBKRNvK,DRAW,8/8/K7/B7/2R5/3r4/7n/3k4 b - - 0 1
0,1,0,0,0,0,0,1,-1,1,0,1,1,1,0,0,0,0,0,16,0,0,5,6,5,1,4,3,2,19,25,0,0,0,0,0,0,0,0,7,1,1,0,0,0,0,0,2,1,0,KRBKRNvK,DRAW,1nB5/8/6K1/1k1r4/8/2R5/8/8 b - - 0 1
1,1,0,0,0,0,0,1,-1,1,0,1,1,1,0,0,0,0,0,16,0,0,3,6,3,7,6,2,5,6,0,1,0,0,0,0,0,0,0,7,1,1,0,0,0,0,2,2,0,0,KRBKRNvK,DRAW,8/1B5k/R7/8/1r4K1/8/8/5n2 w - - 0 1
1,1,0,0,0,0,0,1,-1,1,0,1,1,1,0,0,0,0,0,16,0,0,5,7,3,2,7,3,4,27,20,0,0,0,0,0,0,0,0,7,1,1,0,0,0,0,1,1,0,1,KRBKRNvK,DRAW,1rk5/8/8/2B5/5n1K/8/8/6R1 w - - 0 1
1,1,0,0,0,0,0,1,-1,1,0,1,1,1,0,0,0,0,0,16,0,0,5,7,7,2,5,6,2,2,0,1,0,0,0,0,0,0,0,7,1,1,0,0,0,0,2,2,1,1,KRBKRNvK,DRAW,2B4K/3n4/2k4r/8/8/8/8/3R4 w - - 0 1
0,1,0,0,0,0,0,1,-1,1,0,1,1,1,0,0,0,0,0,16,0,0,4,5,5,1,5,2,3,20,26,0,0,0,0,0,0,0,0,7,1,1,0,1,0,0,2,1,1,0,KRBKRNvK,DRAW,8/8/1k3K2/3R4/8/8/4n2r/B7 b - - 0 1
1,1,0,0,0,0,0,1,-1,1,0,1,1,1,0,0,0,0,0,16,0,0,5,2,1,0,6,3,5,7,0,1,0,0,0,0,0,0,0,7,1,1,0,1,0,0,4,1,0,0,KRBKRNvK,DRAW,8/k7/5Bn1/8/3R4/8/2K3r1/8 w - - 0 1
1,1,0,0,0,0,0,1,-1,1,0,1,1,1,0,0,0,0,0,16,0,0,6,0,1,6,4,5,2,6,0,1,0,0,0,0,0,0,0,7,1,1,0,1,0,0,3,1,1,0,KRBKRNvK,LOSS,8/6B1/3R4/5nk1/8/8/K4r2/8 w - - 0 1
0,1,0,0,0,0,0,1,-1,1,0,1,1,1,0,0,0,0,0,16,0,0,3,5,4,3,7,1,3,5,0,1,0,0,0,0,0,0,0,7,1,1,0,0,0,0,4,2,0,0,KRBKRNvK,DRAW,3k4/8/8/5K2/r7/3R4/8/5n1B b - - 0 1
0,1,0,0,0,0,0,1,-1,1,0,1,1,1,0,0,0,0,0,16,0,0,3,5,6,4,3,3,0,23,28,0,0,0,0,0,0,0,0,7,1,1,0,0,0,0,0,3,0,1,KRBKRNvK,DRAW,5B2/5K2/8/3r4/4k3/8/8/nR6 b - - 0 1
0,1,0,0,0,0,0,1,-1,1,0,1,1,1,0,0,0,0,0,16,0,0,3,4,3,1,4,0,2,29,24,0,0,0,0,0,0,0,0,7,1,1,0,1,0,0,3,2,1,1,KRBKRNvK,DRAW,8/8/2nR4/1k6/4K3/6B1/r7/8 b - - 0 1
0,1,0,0,0,0,0,1,-1,1,0,1,1,1,0,0,0,0,0,16,0,0,2,7,1,5,1,5,3,17,23,0,0,0,0,0,0,0,0,7,1,1,1,0,0,0,3,0,0,0,KRBKRNvK,DRAW,8/4R1B1/r7/8/8/8/n4k1K/8 b - - 0 1
0,1,0,0,0,0,0,1,-1,1,0,1,1,1,0,0,0,0,0,16,0,0,5,6,1,1,6,4,4,20,26,0,0,0,0,0,0,0,0,7,1,1,1,0,0,0,0,3,0,0,KRBKRNvK,DRAW,8/1k1n1R2/8/8/1r6/8/6K1/3B4 b - - 0 1
1,1,0,0,0,0,0,1,-1,1,0,1,1,1,0,0,0,0,0,16,0,0,7,7,2,0,0,4,6,2,0,1,0,0,0,0,0,0,0,7,1,1,0,0,0,0,3,0,0,1,KRBKRNvK,DRAW,8/8/4B3/4n3/1R6/7K/8/k6r w - - 0 1
0,1,0,0,0,0,0,1,-1,1,0,1,1,1,0,0,0,0,0,16,0,0,3,0,6,3,6,5,2,18,27,0,0,0,0,0,0,0,0,7,1,1,0,0,0,0,2,2,1,1,KRBKRNvK,DRAW,1n2r3/K2k4/1R6/8/8/5B2/8/8 b - - 0 1
1,1,0,0,0,0,0,1,-1,1,0,1,1,1,0,0,0,0,0,16,0,0,6,0,6,6,0,5,5,16,19,0,0,0,0,0,0,0,0,7,1,1,0,0,0,0,2,0,0,0,KRBKRNvK,DRAW,8/K2B2r1/3R4/8/n7/8/8/6k1 w - - 0 1
1,1,0,0,0,0,0,1,-1,1,0,1,1,1,0,0,0,0,0,16,0,0,6,2,7,0,1,4,5,24,20,0,0,0,0,0,0,0,0,7,1,1,0,0,0,0,0,2,1,0,KRBKRNvK,DRAW,2K5/8/B7/6r1/8/8/kn6/2R5 w - - 0 1
1,1,0,0,0,0,0,1,-1,1,0,1,1,1,0,0,0,0,0,16,0,0,7,2,0,3,7,4,3,22,18,0,0,0,0,0,0,0,0,7,1,1,1,0,0,0,0,1,1,1,KRBKRNvK,DRAW,3k4/2R5/8/7B/3n4/3r4/8/2K5 w - - 0 1
0,1,0,0,0,0,0,1,-1,1,0,1,1,1,0,0,0,0,0,16,0,0,2,3,7,3,5,3,1,15,22,0,0,0,0,0,0,0,0,7,1,1,0,0,0,0,2,2,0,0,KRBKRNvK,DRAW,3K4/7n/3k3r/8/6R1/8/8/6B1 b - - 0 1
1,1,0,0,0,0,0,1,-1,1,0,1,1,1,0,0,0,0,0,16,0,0,4,2,5,6,2,2,3,27,22,0,0,0,0,0,0,0,0,7,1,1,0,1,0,0,3,0,1,1,KRBKRNvK,DRAW,2n5/8/2K5/8/4R3/B5k1/5r2/8 w - - 0 1
1,1,0,0,0,0,0,1,-1,1,0,1,1,1,0,0,0,0,0,16,0,0,4,0,2,4,1,4,2,27,17,0,0,0,0,0,0,0,0,7,1,1,0,0,0,0,2,0,0,0,KRBKRNvK,DRAW,8/4B3/8/3R4/8/K6n/4k3/7r w - - 0 1
0,1,0,0,0,0,0,1,-1,1,0,1,1,1,0,0,0,0,0,16,0,0,7,0,5,7,1,4,5,5,0,1,0,0,0,0,0,0,0,7,1,1,0,0,0,0,0,2,0,0,KRBKRNvK,DRAW,4n3/8/K7/8/8/B7/2R4k/3r4 b - - 0 1
0,1,0,0,0,0,0,1,-1,1,0,1,1,1,0,0,0,0,0,16,0,0,2,6,2,4,1,3,2,17,26,0,0,0,0,0,0,0,0,7,1,1,0,0,0,0,1,1,0,1,KRBKRNvK,DRAW,8/7B/1nR5/8/8/6K1/4k3/4r3 b - - 0 1
0,1,0,0,0,0,0,1,-1,1,0,1,1,1,0,0,0,0,0,16,0,0,4,3,7,0,3,3,3,2,0,1,0,0,0,0,0,0,0,7,1,1,1,0,0,0,0,0,0,2,KRBKRNvK,DRAW,3K1n2/R2B4/5r2/8/k7/8/8/8 b - - 0 1
0,1,0,0,0,0,0,1,-1,1,0,1,1,1,0,0,0,0,0,16,0,0,4,6,0,2,4,5,1,24,23,0,0,0,0,0,0,0,0,7,1,1,0,0,0,0,0,3,1,0,KRBKRNvK,DRAW,8/8/8/B1k5/5r2/n7/7R/6K1 b - - 0 1
1,1,0,0,0,0,0,1,-1,1,0,1,1,1,0,0,0,0,0,16,0,0,2,4,0,6,1,3,4,22,25,0,0,0,0,0,0,0,0,7,1,1,0,0,0,0,2,1,0,0,KRBKRNvK,DRAW,3B3r/8/8/R7/2n5/8/6k1/4K3 w - - 0 1
0,1,0,0,0,0,0,1,-1,1,0,1,1,1,0,0,0,0,0,16,0,0,5,0,7,5,7,6,4,20,21,0,0,0,0,0,0,0,0,7,1,1,0,0,0,0,2,0,0,0,KRBKRNvK,DRAW,K2n1k2/5r2/8/8/R7/7B/8/8 b - - 0 1
1,1,0,0,0,0,0,1,-1,1,0,1,1,1,0,0,0,0,0,16,0,0,2,5,3,6,1,1,4,24,22,0,0,0,0,0,0,0,0,7,1,1,0,0,0,0,2,0,0,0,KRBKRNvK,DRAW,1R6/n7/8/1B6/5K2/8/6k1/2r5 w - - 0 1
0,1,0,0,0,0,0,1,-1,1,0,1,1,1,0,0,0,0,0,16,0,0,7,7,6,0,5,5,4,21,25,0,0,0,0,0,0,0,0,7,1,1,0,1,0,0,3,0,0,0,KRBKRNvK,DRAW,8/7K/k7/8/6R1/6B1/nr6/8 b - - 0 1
0,1,0,0,0,0,0,1,-1,1,0,1,1,1,0,0,0,0,0,16,0,0,5,0,5,5,5,4,2,26,29,0,0,0,0,0,0,0,0,7,1,1,0,0,0,0,1,3,1,0,KRBKRNvK,DRAW,3r4/8/K4k2/8/4B3/8/2n4R/8 b - - 0 1
0,1,0,0,0,0,0,1,-1,1,0,1,1,1,0,0,0,0,0,16,0,0,2,3,7,1,7,3,5,23,24,0,0,0,0,0,0,0,0,7,1,1,0,1,0,0,2,3,0,0,KRBKRNvK,DRAW,1k1K4/8/6B1/8/7R/1n6/4r3/8 b - - 0 1
0,1,0,0,0,0,0,1,-1,1,0,1,1,1,0,0,0,0,0,16,0,0,5,0,5,5,2,4,2,22,22,0,0,0,0,0,0,0,0,7,1,1,0,0,0,0,0,2,0,0,KRBKRNvK,DRAW,R7/3B4/K7/8/8/3n1kr1/8/8 b - - 0 1
1,1,0,0,0,0,0,1,-1,1,0,1,1,1,0,0,0,0,0,16,0,0,2,1,6,3,6,4,2,28,15,0,0,0,0,0,0,0,0,7,1,1,0,0,0,0,0,0,0,0,KRBKRNvK,DRAW,7R/1K1k2r1/8/8/8/8/3B2n1/8 w - - 0 1
1,1,0,0,0,0,0,1,-1,1,0,1,1,1,0,0,0,0,0,16,0,0,5,6,7,1,3,5,2,3,0,1,0,0,0,0,0,0,0,7,1,1,0,0,0,0,3,2,1,0,KRBKRNvK,LOSS,3r2K1/8/n7/R7/1k6/8/5B2/8 w - - 0 1
1,1,0,0,0,0,0,1,-1,1,0,1,1,1,0,0,0,0,0,16,0,0,2,5,5,7,4,2,3,26,19,0,0,0,0,0,0,0,0,7,1,1,1,0,0,0,2,1,1,1,KRBKRNvK,DRAW,7r/6R1/5K2/7k/8/2B1n3/8/8 w - - 0 1
1,1,0,0,0,0,0,1,-1,1,0,1,1,1,0,0,0,0,0,16,0,0,3,1,2,4,4,3,0,31,15,0,0,0,0,0,0,0,0,7,1,1,0,0,0,0,3,3,1,0,KRBKRNvK,DRAW,3n4/8/8/4k3/5R2/1K6/6B1/6r1 w - - 0 1
1,1,0,0,0,0,0,1,-1,1,0,1,1,1,0,0,0,0,0,16,0,0,4,0,2,4,6,4,2,3,0,1,0,0,0,0,0,0,0,7,1,1,0,0,0,0,1,3,0,1,KRBKRNvK,DRAW,1B6/4k3/8/8/2n3r1/KR6/8/8 w - - 0 1
1,1,0,0,0,0,0,1,-1,1,0,1,1,1,0,0,0,0,0,16,0,0,3,1,3,4,5,2,1,6,0,1,0,0,0,0,0,0,0,7,1,1,1,0,0,0,2,3,0,1,KRBKRNvK,DRAW,8/1B5R/4k3/8/1K1r4/7n/8/8 w - - 0 1
0,1,0,0,0,0,0,1,-1,1,0,1,1,1,0,0,0,0,0,16,0,0,4,1,4,5,6,2,3,8,0,1,0,0,0,0,0,0,0,7,1,1,0,0,0,0,2,2,1,1,KRBKRNvK,DRAW,8/5k2/3r4/1K5R/8/8/B7/4n3 b - - 0 1
1,1,0,0,0,0,0,1,-1,1,0,1,1,1,0,0,0,0,0,16,0,0,3,6,3,3,6,2,2,5,0,1,0,0,0,0,0,0,0,7,1,1,0,0,0,0,2,1,0,0,KRBKRNvK,DRAW,6r1/3kn3/8/8/4R1K1/8/5B2/8 w - - 0 1
1,1,0,0,0,0,0,1,-1,1,0,1,1,1,0,0,0,0,0,16,0,0,4,0,6,4,5,5,1,22,22,0,0,0,0,0,0,0,0,7,1,1,0,0,0,0,2,4,1,0,KRBKRNvK,DRAW,8/K1B5/4k3/R7/1r2n3/8/8/8 w - - 0 1
1,1,0,0,0,0,0,1,-1,1,0,1,1,1,0,0,0,0,0,16,0,0,5,0,3,5,7,3,4,28,20,0,0,0,0,0,0,0,0,7,1,1,0,0,0,0,2,1,1,1,KRBKRNvK,DRAW,5k2/4nB2/2r5/6R1/K7/8/8/8 w - - 0 1
0,1,0,0,0,0,0,1,-1,1,0,1,1,1,0,0,0,0,0,16,0,0,2,1,2,2,0,3,4,15,23,0,0,0,0,0,0,0,0,7,1,1,0,0,0,0,3,0,0,1,KRBKRNvK,DRAW,8/1n6/8/6R1/8/1K6/8/r1k3B1 b - - 0 1
0,1,0,0,0,0,0,1,-1,1,0,1,1,1,0,0,0,0,0,16,0,0,2,6,2,7,4,3,3,1,0,1,0,0,0,0,0,0,0,7,1,1,0,0,0,0,2,2,2,1,KRBKRNvK,LOSS,8/5B2/5n2/5R1k/8/6K1/8/5r2 b - - 0 1
0,1,0,0,0,0,0,1,-1,1,0,1,1,1,0,0,0,0,0,16,0,0,3,0,3,2,6,3,3,28,25,0,0,0,0,0,0,0,0,7,1,1,0,0,0,0,3,1,0,0,KRBKRNvK,DRAW,8/2k5/5r2/6R1/K7/8/1B1n4/8 b - - 0 1
1,1,0,0,0,0,0,1,-1,1,0,1,1,1,0,0,0,0,0,16,0,0,5,1,4,6,6,2,4,4,0,1,0,0,0,0,0,0,0,7,1,1,0,0,0,0,2,2,0,0,KRBKRNvK,DRAW,8/6k1/8/1K3r2/1R6/4n3/8/2B5 w - - 0 1
1,1,0,0,0,0,0,1,-1,1,0,1,1,1,0,0,0,0,0,16,0,0,3,6,3,3,5,2,1,6,0,1,0,0,0,0,0,0,0,7,1,1,0,0,0,0,1,2,0,0,KRBKRNvK,DRAW,6r1/8/n2k4/8/6K1/8/6R1/6B1 w - - 0 1
0,1,0,0,0,0,0,1,-1,1,0,1,1,1,0,0,0,0,0,16,0,0,4,6,2,7,6,3,5,22,29,0,0,0,0,0,0,0,0,7,1,1,0,0,0,0,2,2,0,0,KRBKRNvK,DRAW,2n5/3r3k/8/8/1B6/4R1K1/8/8 b - - 0 1
0,1,0,0,0,0,0,1,-1,1,0,1,1,1,0,0,0,0,0,16,0,0,7,3,0,3,7,3,3,2,0,1,0,0,0,0,0,0,0,7,1,1,0,0,0,0,0,2,1,0,KRBKRNvK,DRAW,2nk1R2/4r3/8/8/6B1/8/8/3K4 b - - 0 1
0,1,0,0,0,0,0,1,-1,1,0,1,1,1,0,0,0,0,0,16,0,0,2,4,4,6,4,0,2,3,0,1,0,0,0,0,0,0,0,7,1,1,0,0,0,0,3,3,1,2,KRBKRNvK,DRAW,8/4B3/3n4/4K1k1/1R6/3r4/8/8 b - - 0 1
1,1,0,0,0,0,0,1,-1,1,0,1,1,1,0,0,0,0,0,16,0,0,5,7,6,4,1,5,2,17,16,0,0,0,0,0,0,0,0,7,1,1,0,0,0,0,1,2,1,0,KRBKRNvK,DRAW,8/1n2rB1K/8/8/8/5R2/4k3/8 w - - 0 1
1,1,0,0,0,0,0,1,-1,1,0,1,1,1,0,0,0,0,0,16,0,0,3,0,2,3,3,4,0,25,18,0,0,0,0,0,0,0,0,7,1,1,0,0,0,0,3,3,1,0,KRBKRNvK,DRAW,7n/1r6/6B1/2R5/3k4/K7/8/8 w - - 0 1
1,1,0,0,0,0,0,1,-1,1,0,1,1,1,0,0,0,0,0,16,0,0,4,1,0,5,4,5,1,3,0,1,0,0,0,0,0,0,0,7,1,1,0,0,0,0,0,3,0,1,KRBKRNvK,DRAW,3B4/8/8/2r2k2/8/8/3n4/1K5R w - - 0 1
0,1,0,0,0,0,0,1,-1,1,0,1,1,1,0,0,0,0,0,16,0,0,4,0,0,3,4,6,0,23,25,0,0,0,0,0,0,0,0,7,1,1,1,0,0,0,0,3,1,0,KRBKRNvK,DRAW,8/2R5/8/3k4/8/3n2r1/3B4/K7 b - - 0 1
0,1,0,0,0,0,0,1,-1,1,0,1,1,1,0,0,0,0,0,16,0,0,4,1,6,5,6,4,3,21,30,0,0,0,0,0,0,0,0,7,1,1,0,0,0,0,0,0,1,0,KRBKRNvK,DRAW,4n3/1K1B1k2/8/8/8/7r/6R1/8 b - - 0 1
0,1,0,0,0,0,0,1,-1,1,0,1,1,1,0,0,0,0,0,16,0,0,5,0,7,5,7,6,4,21,23,0,0,0,0,0,0,0,0,7,1,1,0,0,0,0,3,2,0,0,KRBKRNvK,DRAW,K4k2/8/1B4n1/5r2/8/4R3/8/8 b - - 0 1
0,1,0,0,0,0,0,1,-1,1,0,1,1,1,0,0,0,0,0,16,0,0,2,0,5,0,7,4,6,17,23,0,0,0,0,0,0,0,0,7,1,1,0,0,0,0,0,2,0,0,KRBKRNvK,DRAW,k7/3rn3/K7/B7/8/8/7R/8 b - - 0 1
1,1,0,0,0,0,0,1,-1,1,0,1,1,1,0,0,0,0,0,16,0,0,2,2,6,4,7,3,3,26,19,0,0,0,0,0,0,0,0,7,1,1,0,0,0,0,0,2,1,1,KRBKRNvK,DRAW,4k3/2K1B3/4r3/8/n7/8/8/6R1 w - - 0 1
0,1,0,0,0,0,0,1,-1,1,0,1,1,1,0,0,0,0,0,16,0,0,3,1,3,4,0,2,3,19,22,0,0,0,0,0,0,0,0,7,1,1,0,0,0,0,0,1,0,0,KRBKRNvK,DRAW,8/8/8/1B6/1K6/4n3/1R6/2r1k3 b - - 0 1
0,1,0,0,0,0,0,1,-1,1,0,1,1,1,0,0,0,0,0,16,0,0,5,3,1,2,6,2,3,26,26,0,0,0,0,0,0,0,0,7,1,1,0,0,0,0,2,2,1,0,KRBKRNvK,DRAW,8/2k5/5n2/1R6/8/B7/3K4/6r1 b - - 0 1
1,1,0,0,0,0,0,1,-1,1,0,1,1,1,0,0,0,0,0,16,0,0,2,4,4,3,6,0,2,17,21,0,0,0,0,0,0,0,0,7,1,1,0,0,0,0,4,2,1,1,KRBKRNvK,DRAW,8/3k4/3r3n/4KR2/8/8/8/5B2 w - - 0 1
0,1,0,0,0,0,0,1,-1,1,0,1,1,1,0,0,0,0,0,16,0,0,3,5,0,2,2,4,2,19,19,0,0,0,0,0,0,0,0,7,1,1,0,1,0,0,1,1,2,1,KRBKRNvK,DRAW,8/8/8/4B3/3n4/2k5/6r1/3R1K2 b - - 0 1
1,1,0,0,0,0,0,1,-1,1,0,1,1,1,0,0,0,0,0,16,0,0,3,5,1,2,2,3,2,6,0,1,0,0,0,0,0,0,0,7,1,1,0,1,0,0,2,1,1,1,KRBKRNvK,DRAW,8/7B/8/8/1R6/2k5/1n3K1r/8 w - - 0 1
0,1,0,0,0,0,0,1,-1,1,0,1,1,1,0,0,0,0,0,16,0,0,5,5,6,6,1,3,4,23,28,0,0,0,0,0,0,0,0,7,1,1,0,0,0,0,2,0,0,0,KRBKRNvK,DRAW,r7/5K2/8/8/1B6/3R3n/6k1/8 b - - 0 1
1,1,0,0,0,0,0,1,-1,1,0,1,1,1,0,0,0,0,0,16,0,0,7,3,7,5,0,3,4,4,0,1,0,0,0,0,0,0,0,7,1,1,1,0,0,0,1,1,0,1,KRBKRNvK,DRAW,3K4/rR6/4n3/8/8/8/8/1B3k2 w - - 0 1
0,1,0,0,0,0,0,1,-1,1,0,1,1,1,0,0,0,0,0,16,0,0,4,4,4,5,0,0,4,18,27,0,0,0,0,0,0,0,0,7,1,1,0,0,0,0,3,1,1,1,KRBKRNvK,DRAW,8/8/8/4K3/1B6/4n2r/3R4/5k2 b - - 0 1
0,1,0,0,0,0,0,1,-1,1,0,1,1,1,0,0,0,0,0,16,0,0,3,4,2,6,5,1,3,19,26,0,0,0,0,0,0,0,0,7,1,1,0,1,0,0,2,0,1,1,KRBKRNvK,DRAW,8/n7/6k1/B7/7R/4K3/6r1/8 b - - 0 1
0,1,0,0,0,0,0,1,-1,1,0,1,1,1,0,0,0,0,0,16,0,0,4,2,1,6,2,3,3,5,0,1,0,0,0,0,0,0,0,7,1,1,0,0,0,0,0,2,1,0,KRBKRNvK,DRAW,8/8/8/5n2/6r1/6k1/2K5/R3B3 b - - 0 1
1,1,0,0,0,0,0,1,-1,1,0,1,1,1,0,0,0,0,0,16,0,0,4,0,4,0,0,3,6,20,22,0,0,0,0,0,0,0,0,7,1,1,0,0,0,0,2,2,0,1,KRBKRNvK,WIN,2B5/8/4R3/K7/8/2n4r/8/k7 w - - 0 1
1,1,0,0,0,0,0,1,-1,1,0,1,1,1,0,0,0,0,0,16,0,0,6,1,1,1,7,4,5,3,0,1,0,0,0,0,0,0,0,7,1,1,0,0,0,0,2,0,0,1,KRBKRNvK,DRAW,1k5B/1r6/8/8/8/8/1K6/1nR5 w - - 0 1
1,1,0,0,0,0,0,1,-1,1,0,1,1,1,0,0,0,0,0,16,0,0,3,4,0,5,3,3,1,26,21,0,0,0,0,0,0,0,0,7,1,1,0,1,0,0,2,2,2,0,KRBKRNvK,DRAW,8/1n6/3R4/8/5k2/8/r3B3/4K3 w - - 0 1
0,1,0,0,0,0,0,1,-1,1,0,1,1,1,0,0,0,0,0,16,0,0,6,1,5,7,5,3,4,21,22,0,0,0,0,0,0,0,0,7,1,1,1,0,0,0,1,2,1,1,KRBKRNvK,DRAW,6B1/R7/1K5k/3r4/8/8/8/4n3 b - - 0 1
0,1,0,0,0,0,0,1,-1,1,0,1,1,1,0,0,0,0,0,16,0,0,7,7,3,0,5,3,4,4,0,1,0,0,0,0,0,0,0,7,1,1,0,0,0,0,2,2,1,0,KRBKRNvK,DRAW,8/8/k7/4r3/R6K/8/8/1B3n2 b - - 0 1
0,1,0,0,0,0,0,1,-1,1,0,1,1,1,0,0,0,0,0,16,0,0,4,6,2,2,4,3,1,22,25,0,0,0,0,0,0,0,0,7,1,1,0,0,0,0,1,2,1,1,KRBKRNvK,DRAW,8/8/8/r1k1B3/8/4n1K1/8/6R1 b - - 0 1
1,1,0,0,0,0,0,1,-1,1,0,1,1,1,0,0,0,0,0,16,0,0,5,5,1,3,6,3,2,24,21,0,0,0,0,0,0,0,0,7,1,1,0,0,0,0,1,0,0,0,KRBKRNvK,DRAW,8/3k4/8/8/5B1R/r7/5K2/n7 w - - 0 1
0,1,0,0,0,0,0,1,-1,1,0,1,1,1,0,0,0,0,0,16,0,0,6,1,4,7,4,2,3,24,23,0,0,0,0,0,0,0,0,7,1,1,0,0,0,0,1,0,0,1,KRBKRNvK,DRAW,8/8/R7/1K5k/4n3/2r5/6B1/8 b - - 0 1
0,1,0,0,0,0,0,1,-1,1,0,1,1,1,0,0,0,0,0,16,0,0,4,5,5,1,3,2,2,4,0,1,0,0,0,0,0,0,0,7,1,1,0,0,0,0,2,0,1,0,KRBKRNvK,LOSS,8/8/5K2/8/nk2R3/8/1B6/r7 b - - 0 1
1,1,0,0,0,0,0,1,-1,1,0,1,1,1,0,0,0,0,0,16,0,0,6,1,6,1,0,4,5,7,0,1,0,0,0,0,0,0,0,7,1,1,0,0,0,0,3,0,0,0,KRBKRNvK,DRAW,7B/1K6/8/2R5/n7/1r6/8/1k6 w - - 0 1
0,1,0,0,0,0,0,1,-1,1,0,1,1,1,0,0,0,0,0,16,0,0,3,2,0,4,3,4,0,25,11,0,0,0,0,0,0,0,0,7,1,1,0,1,0,0,0,3,0,2,KRBKRNvK,DRAW,8/8/B7/8/4k3/n7/3r4/R1K5 b - - 0 1
0,1,0,0,0,0,0,1,-1,1,0,1,1,1,0,0,0,0,0,16,0,0,3,5,7,7,4,4,3,3,0,1,0,0,0,0,0,0,0,7,1,1,1,1,0,0,2,2,1,0,KRBKRNvK,LOSS,5K2/7R/8/7k/8/2B2n2/1r6/8 b - - 0 1
1,1,0,0,0,0,0,1,-1,1,0,1,1,1,0,0,0,0,0,16,0,0,3,4,1,6,4,2,2,4,0,1,0,0,0,0,0,0,0,7,1,1,0,0,0,0,2,2,0,2,KRBKRNvK,DRAW,8/1B6/8/6k1/8/4r3/4K1nR/8 w - - 0 1
0,1,0,0,0,0,0,1,-1,1,0,1,1,1,0,0,0,0,0,16,0,0,3,5,7,2,4,4,1,4,0,1,0,0,0,0,0,0,0,7,1,1,0,0,0,0,1,3,0,0,KRBKRNvK,DRAW,5K2/8/8/2k5/r3n3/8/2R2B2/8 b - - 0 1
1,1,0,0,0,0,0,1,-1,1,0,1,1,1,0,0,0,0,0,16,0,0,2,3,7,2,5,3,2,1,0,1,0,0,0,0,0,0,0,7,1,1,0,0,0,0,2,1,0,0,KRBKRNvK,DRAW,r2K4/8/2k5/6B1/5n2/8/3R4/8 w - - 0 1
0,1,0,0,0,0,0,1,-1,1,0,1,1,1,0,0,0,0,0,16,0,0,3,0,1,2,4,5,1,4,0,1,0,0,0,0,0,0,0,7,1,1,0,0,0,0,4,3,1,0,KRBKRNvK,DRAW,8/8/7r/2kR4/8/6n1/K5B1/8 b - - 0 1
1,1,0,0,0,0,0,1,-1,1,0,1,1,1,0,0,0,0,0,16,0,0,4,0,6,4,7,5,3,30,17,0,0,0,0,0,0,0,0,7,1,1,0,0,0,0,1,2,1,0,KRBKRNvK,DRAW,4k3/K7/3B4/3r3n/8/8/5R2/8 w - - 0 1
0,1,0,0,0,0,0,1,-1,1,0,1,1,1,0,0,0,0,0,16,0,0,5,5,6,3,1,3,2,25,25,0,0,0,0,0,0,0,0,7,1,1,0,0,0,0,1,3,1,1,KRBKRNvK,DRAW,8/5K2/R7/5n2/3r4/8/3k4/1B6 b - - 0 1
1,1,0,0,0,0,0,1,-1,1,0,1,1,1,0,0,0,0,0,16,0,0,5,1,0,6,1,5,4,25,23,0,0,0,0,0,0,0,0,7,1,1,0,0,0,0,3,1,0,0,KRBKRNvK,DRAW,8/8/1r4B1/3R4/1n6/8/6k1/1K6 w - - 0 1
1,1,0,0,0,0,0,1,-1,1,0,1,1,1,0,0,0,0,0,16,0,0,4,3,2,2,6,1,3,28,12,0,0,0,0,0,0,0,0,7,1,1,0,0,0,0,3,0,1,1,KRBKRNvK,DRAW,R7/2k5/8/8/8/3K4/6B1/1n4r1 w - - 0 1
1,1,0,0,0,0,0,1,-1,1,0,1,1,1,0,0,0,0,0,16,0,0,3,7,1,4,2,5,1,26,19,0,0,0,0,0,0,0,0,7,1,1,0,0,0,0,2,2,1,0,KRBKRNvK,DRAW,nr6/8/8/8/6R1/4k3/7K/1B6 w - - 0 1
0,1,0,0,0,0,0,1,-1,1,0,1,1,1,0,0,0,0,0,16,0,0,2,3,0,5,0,3,4,24,20,0,0,0,0,0,0,0,0,7,1,1,0,1,0,0,3,0,0,0,KRBKRNvK,DRAW,8/8/8/3Rn3/4B3/8/r7/3K1k2 b - - 0 1
0,1,0,0,0,0,0,1,-1,1,0,1,1,1,0,0,0,0,0,16,0,0,2,2,3,3,1,1,2,5,0,1,0,0,0,0,0,0,0,7,1,1,0,0,0,0,2,2,1,2,KRBKRNvK,DRAW,8/8/r7/8/2K5/2n5/3k1R2/6B1 b - - 0 1
1,1,0,0,0,0,0,1,-1,1,0,1,1,1,0,0,0,0,0,16,0,0,4,7,6,4,2,5,1,28,25,0,0,0,0,0,0,0,0,7,1,1,0,0,0,0,1,4,1,1,KRBKRNvK,DRAW,1R6/7K/8/2n3r1/4B3/4k3/8/8 w - - 0 1
1,1,0,0,0,0,0,1,-1,1,0,1,1,1,0,0,0,0,0,16,0,0,3,6,3,6,6,2,4,32,23,0,0,0,0,0,0,0,0,7,1,1,0,0,0,0,2,3,0,1,KRBKRNvK,DRAW,8/6k1/2B1r3/8/1n4K1/8/8/7R w - - 0 1
1,1,0,0,0,0,0,1,-1,1,0,1,1,1,0,0,0,0,0,16,0,0,5,2,5,6,0,2,5,29,17,0,0,0,0,0,0,0,0,7,1,1,0,0,0,0,3,0,0,0,KRBKRNvK,DRAW,8/8/2K5/8/1B3R2/7r/7n/6k1 w - - 0 1
1,1,0,0,0,0,0,1,-1,1,0,1,1,1,0,0,0,0,0,16,0,0,2,6,1,4,2,4,1,5,0,1,0,0,0,0,0,0,0,7,1,1,1,1,0,0,3,3,0,1,KRBKRNvK,DRAW,8/3R4/2B5/8/8/4kn2/r5K1/8 w - - 0 1
0,1,0,0,0,0,0,1,-1,1,0,1,1,1,0,0,0,0,0,16,0,0,5,7,5,2,7,4,4,6,0,1,0,0,0,0,0,0,0,7,1,1,0,0,0,0,2,1,0,0,KRBKRNvK,DRAW,2k5/1r6/4n2K/8/8/2R2B2/8/8 b - - 0 1
0,1,0,0,0,0,0,1,-1,1,0,1,1,1,0,0,0,0,0,16,0,0,4,4,0,0,1,3,5,2,0,1,0,0,0,0,0,0,0,7,1,1,0,0,0,0,1,2,0,1,KRBKRNvK,DRAW,3r2B1/8/R7/8/8/8/k7/4Kn2 b - - 0 1
0,1,0,0,0,0,0,1,-1,1,0,1,1,1,0,0,0,0,0,16,0,0,5,6,1,1,0,4,5,22,28,0,0,0,0,0,0,0,0,7,1,1,0,0,0,0,3,1,0,0,KRBKRNvK,DRAW,8/2n3B1/8/5R2/8/1r6/6K1/1k6 b - - 0 1
0,1,0,0,0,0,0,1,-1,1,0,1,1,1,0,0,0,0,0,16,0,0,6,0,4,6,3,3,2,4,0,1,0,0,0,0,0,0,0,7,1,1,0,0,0,0,2,1,1,0,KRBKRNvK,DRAW,2r5/3n4/8/K7/6k1/3R4/4B3/8 b - - 0 1
0,1,0,0,0,0,0,1,-1,1,0,1,1,1,0,0,0,0,0,16,0,0,2,4,0,6,2,3,3,3,0,1,0,0,0,0,0,0,0,7,1,1,0,0,0,0,2,2,1,0,KRBKRNvK,DRAW,8/6n1/2B5/8/5r2/6k1/8/4K1R1 b - - 0 1
1,1,0,0,0,0,0,1,-1,1,0,1,1,1,0,0,0,0,0,16,0,0,4,3,5,6,1,1,4,20,27,0,0,0,0,0,0,0,0,7,1,1,1,0,0,0,2,0,0,1,KRBKRNvK,DRAW,8/2B2R2/3K4/8/3n4/8/6k1/1r6 w - - 0 1
1,1,0,0,0,0,0,1,-1,1,0,1,1,1,0,0,0,0,0,16,0,0,2,2,5,4,6,2,2,30,25,0,0,0,0,0,0,0,0,7,1,1,0,0,0,0,2,1,1,0,KRBKRNvK,DRAW,8/4k3/2K5/4B1n1/8/8/2R5/7r w - - 0 1
1,1,0,0,0,0,0,1,-1,1,0,1,1,1,0,0,0,0,0,16,0,0,6,6,2,0,1,3,5,18,24,0,0,0,0,0,0,0,0,7,1,1,0,0,0,0,0,2,0,1,KRBKRNvK,DRAW,4B1R1/4n3/8/5r2/8/6K1/k7/8 w - - 0 1
0,1,0,0,0,0,0,1,-1,1,0,1,1,1,0,0,0,0,0,16,0,0,4,7,0,7,4,6,3,26,18,0,0,0,0,0,0,0,0,7,1,1,0,0,0,0,0,1,0,0,KRBKRNvK,DRAW,1r6/8/8/2n4k/8/2R5/8/4B2K b - - 0 1
1,1,0,0,0,0,0,1,-1,1,0,1,1,1,0,0,0,0,0,16,0,0,2,5,3,7,4,1,3,5,0,1,0,0,0,0,0,0,0,7,1,1,0,0,0,0,3,1,0,1,KRBKRNvK,DRAW,6R1/8/8/7k/5K2/8/1B2n3/1r6 w - - 0 1
1,1,0,0,0,0,0,1,-1,1,0,1,1,1,0,0,0,0,0,16,0,0,3,3,5,2,2,1,2,22,14,0,0,0,0,0,0,0,0,7,1,1,0,0,0,0,2,1,0,0,KRBKRNvK,DRAW,8/8/3K4/8/8/2k5/6R1/rn5B w - - 0 1
1,1,0,0,0,0,0,1,-1,1,0,1,1,1,0,0,0,0,0,16,0,0,2,7,4,5,5,3,2,26,26,0,0,0,0,0,0,0,0,7,1,1,0,0,0,0,1,3,0,0,KRBKRNvK,DRAW,R7/2B5/5k2/7K/8/2n5/8/1r6 w - - 0 1
1,1,0,0,0,0,0,1,-1,1,0,1,1,1,0,0,0,0,0,16,0,0,6,1,6,7,6,4,5,18,18,0,0,0,0,0,0,0,0,7,1,1,0,1,0,0,0,1,1,0,KRBKRNvK,DRAW,1R6/1K5k/7B/8/8/8/r3n3/8 w - - 0 1
1,1,0,0,0,0,0,1,-1,1,0,1,1,1,0,0,0,0,0,16,0,0,3,1,3,4,2,2,1,23,25,0,0,0,0,0,0,0,0,7,1,1,0,0,0,0,2,3,0,1,KRBKRNvK,DRAW,2B5/8/1n6/8/1K5R/4k3/8/r7 w - - 0 1
1,1,0,0,0,0,0,1,-1,1,0,1,1,1,0,0,0,0,0,16,0,0,4,2,3,6,2,1,3,21,19,0,0,0,0,0,0,0,0,7,1,1,1,0,0,0,2,1,0,0,KRBKRNvK,DRAW,8/2R2B2/8/8/2K3n1/6kr/8/8 w - - 0 1
1,1,0,0,0,0,0,1,-1,1,0,1,1,1,0,0,0,0,0,16,0,0,4,4,1,7,5,2,4,23,12,0,0,0,0,0,0,0,0,7,1,1,0,0,0,0,1,0,1,0,KRBKRNvK,DRAW,8/8/7k/5B1r/8/8/1n2K3/4R3 w - - 0 1
1,1,0,0,0,0,0,1,-1,1,0,1,1,1,0,0,0,0,0,16,0,0,3,3,6,6,3,2,2,26,22,0,0,0,0,0,0,0,0,7,1,1,0,0,0,0,2,2,1,0,KRBKRNvK,DRAW,8/3K4/7R/8/2r3k1/8/3n4/B7 w - - 0 1
1,1,0,0,0,0,0,1,-1,1,0,1,1,1,0,0,0,0,0,16,0,0,4,2,2,1,6,2,4,25,23,0,0,0,0,0,0,0,0,7,1,1,0,1,0,0,1,1,0,0,KRBKRNvK,DRAW,4B3/1k6/7R/5n2/8/2K5/5r2/8 w - - 0 1
0,1,0,0,0,0,0,1,-1,1,0,1,1,1,0,0,0,0,0,16,0,0,2,1,3,3,4,2,0,5,0,1,0,0,0,0,0,0,0,7,1,1,0,0,0,0,1,3,0,1,KRBKRNvK,LOSS,8/8/7r/3k4/1K1n4/8/B7/7R b - - 0 1
1,1,0,0,0,0,0,1,-1,1,0,1,1,1,0,0,0,0,0,16,0,0,2,3,5,1,6,1,4,3,0,1,0,0,0,0,0,0,0,7,1,1,1,0,0,0,2,1,1,2,KRBKRNvK,DRAW,8/1krRB3/3K4/1n6/8/8/8/8 w - - 0 1
0,1,0,0,0,0,0,1,-1,1,0,1,1,1,0,0,0,0,0,16,0,0,5,5,7,6,2,4,3,21,24,0,0,0,0,0,0,0,0,7,1,1,0,1,0,0,1,2,1,0,KRBKRNvK,DRAW,5K2/8/8/8/8/6k1/3r2n1/2R3B1 b - - 0 1
1,1,0,0,0,0,0,1,-1,1,0,1,1,1,0,0,0,0,0,16,0,0,2,5,2,7,4,2,3,17,26,0,0,0,0,0,0,0,0,7,1,1,0,1,0,0,2,1,0,1,KRBKRNvK,DRAW,B7/8/8/5n1k/8/2R2K2/r7/8 w - - 0 1
1,1,0,0,0,0,0,1,-1,1,0,1,1,1,0,0,0,0,0,16,0,0,4,5,6,4,2,3,1,6,0,1,0,0,0,0,0,0,0,7,1,1,0,0,0,0,2,2,0,0,KRBKRNvK,DRAW,5B2/1r3K2/8/7R/8/4k3/8/1n6 w - - 0 1
1,1,0,0,0,0,0,1,-1,1,0,1,1,1,0,0,0,0,0,16,0,0,2,5,4,7,6,1,5,7,0,1,0,0,0,0,0,0,0,7,1,1,0,1,0,0,3,0,0,1,KRBKRNvK,DRAW,8/7k/8/1R3K2/7n/8/2r4B/8 w - - 0 1
1,1,0,0,0,0,0,1,-1,1,0,1,1,1,0,0,0,0,0,16,0,0,3,4,6,5,3,2,1,23,22,0,0,0,0,0,0,0,0,7,1,1,0,0,0,0,2,3,0,0,KRBKRNvK,DRAW,3RB3/n3K3/8/8/1r3k2/8/8/8 w - - 0 1
0,1,0,0,0,0,0,1,-1,1,0,1,1,1,0,0,0,0,0,16,0,0,4,4,5,0,7,1,6,18,21,0,0,0,0,0,0,0,0,7,1,1,0,0,0,0,3,2,0,0,KRBKRNvK,DRAW,k7/1n6/4K3/r7/4R3/1B6/8/8 b - - 0 1
0,1,0,0,0,0,0,1,-1,1,0,1,1,1,0,0,0,0,0,16,0,0,5,2,5,1,0,2,5,21,19,0,0,0,0,0,0,0,0,7,1,1,0,0,0,0,3,2,0,2,KRBKRNvK,DRAW,8/2nB4/2K5/1r6/2R5/8/8/1k6 b - - 0 1
0,1,0,0,0,0,0,1,-1,1,0,1,1,1,0,0,0,0,0,16,0,0,6,0,6,1,0,5,5,4,0,1,0,0,0,0,0,0,0,7,1,1,1,0,0,0,0,2,1,0,KRBKRNvK,DRAW,8/KR6/8/8/3r1n2/8/8/1k1B4 b - - 0 1
1,1,0,0,0,0,0,1,-1,1,0,1,1,1,0,0,0,0,0,16,0,0,7,7,5,0,5,4,4,3,0,1,0,0,0,0,0,0,0,7,1,1,0,0,0,0,0,1,0,1,KRBKRNvK,LOSS,7r/4B3/k6K/8/8/8/4n2R/8 w - - 0 1
0,1,0,0,0,0,0,1,-1,1,0,1,1,1,0,0,0,0,0,16,0,0,3,3,4,6,1,0,4,24,25,0,0,0,0,0,0,0,0,7,1,1,0,0,0,0,3,2,0,1,KRBKRNvK,DRAW,7n/8/2R2B2/3K4/4r3/8/6k1/8 b - - 0 1
1,1,0,0,0,0,0,1,-1,1,0,1,1,1,0,0,0,0,0,16,0,0,4,5,1,1,2,3,3,29,21,0,0,0,0,0,0,0,0,7,1,1,0,0,0,0,3,0,1,0,KRBKRNvK,DRAW,2r5/8/8/8/4R3/nk1B4/5K2/8 w - - 0 1
0,1,0,0,0,0,0,1,-1,1,0,1,1,1,0,0,0,0,0,16,0,0,3,3,2,0,4,1,3,21,28,0,0,0,0,0,0,0,0,7,1,1,0,0,0,0,3,2,0,1,KRBKRNvK,DRAW,2n5/8/8/kr6/8/3K4/5R1B/8 b - - 0 1
0,1,0,0,0,0,0,1,-1,1,0,1,1,1,0,0,0,0,0,16,0,0,6,6,4,0,5,2,4,25,20,0,0,0,0,0,0,0,0,7,1,1,0,0,0,0,2,1,0,0,KRBKRNvK,DRAW,7r/8/k2n4/3R2K1/5B2/8/8/8 b - - 0 1
0,1,0,0,0,0,0,1,-1,1,0,1,1,1,0,0,0,0,0,16,0,0,6,7,0,3,6,6,2,26,20,0,0,0,0,0,0,0,0,7,1,1,0,0,0,0,2,2,0,0,KRBKRNvK,DRAW,8/3k4/8/R4n2/5r2/8/8/2B4K b - - 0 1
0,1,0,0,0,0,0,1,-1,1,0,1,1,1,0,0,0,0,0,16,0,0,4,3,2,0,6,1,5,25,22,0,0,0,0,0,0,0,0,7,1,1,0,0,0,0,3,1,1,1,KRBKRNvK,DRAW,8/k1B5/8/5n2/8/3K1R2/8/7r b - - 0 1
1,1,0,0,0,0,0,1,-1,1,0,1,1,1,0,0,0,0,0,16,0,0,7,7,6,0,5,5,4,29,13,0,0,0,0,0,0,0,0,7,1,1,1,0,0,0,2,0,0,0,KRBKRNvK,WIN,8/3R3K/k7/8/8/4B3/8/r3n3 w - - 0 1
0,1,0,0,0,0,0,1,-1,1,0,1,1,1,0,0,0,0,0,16,0,0,2,5,1,7,0,3,6,1,0,1,0,0,0,0,0,0,0,7,1,1,0,0,0,0,0,1,0,0,KRBKRNvK,LOSS,4B3/7r/8/1n6/8/8/5K2/1R5k b - - 0 1
1,1,0,0,0,0,0,1,-1,1,0,1,1,1,0,0,0,0,0,16,0,0,4,3,6,3,2,2,1,26,26,0,0,0,0,0,0,0,0,7,1,1,0,0,0,0,3,3,1,0,KRBKRNvK,DRAW,B7/3K4/8/5R2/2r5/3kn3/8/8 w - - 0 1
0,1,0,0,0,0,0,1,-1,1,0,1,1,1,0,0,0,0,0,16,0,0,3,3,1,6,3,2,2,19,25,0,0,0,0,0,0,0,0,7,1,1,0,0,0,0,1,2,0,1,KRBKRNvK,DRAW,1B6/8/8/8/4r1k1/8/3K4/5Rn1 b - - 0 1
1,1,0,0,0,0,0,1,-1,1,0,1,1,1,0,0,0,0,0,16,0,0,6,5,7,2,1,4,3,23,22,0,0,0,0,0,0,0,0,7,1,1,0,0,0,0,0,1,0,0,KRBKRNvK,DRAW,4BK2/8/6R1/8/2n5/8/2k5/2r5 w - - 0 1
1,1,0,0,0,0,0,1,-1,1,0,1,1,1,0,0,0,0,0,16,0,0,3,3,2,6,4,1,2,23,22,0,0,0,0,0,0,0,0,7,1,1,0,0,0,0,3,2,0,1,KRBKRNvK,DRAW,Bn6/8/3R4/6k1/8/3K4/8/4r3 w - - 0 1
1,1,0,0,0,0,0,1,-1,1,0,1,1,1,0,0,0,0,0,16,0,0,6,0,6,6,6,5,4,21,23,0,0,0,0,0,0,0,0,7,1,1,0,0,0,0,2,2,0,0,KRBKRNvK,DRAW,8/K5k1/R1Br4/8/8/8/8/3n4 w - - 0 1
0,1,0,0,0,0,0,1,-1,1,0,1,1,1,0,0,0,0,0,16,0,0,3,7,1,4,4,5,0,18,27,0,0,0,0,0,0,0,0,7,1,1,0,0,0,0,1,4,1,0,KRBKRNvK,DRAW,2n5/8/8/r3k3/8/4B3/5R1K/8 b - - 0 1
0,1,0,0,0,0,0,1,-1,1,0,1,1,1,0,0,0,0,0,16,0,0,5,5,5,5,0,2,4,21,29,0,0,0,0,0,0,0,0,7,1,1,0,1,0,0,1,0,1,1,KRBKRNvK,DRAW,8/8/3B1K1n/8/8/6R1/2r5/5k2 b - - 0 1
1,1,0,0,0,0,0,1,-1,1,0,1,1,1,0,0,0,0,0,16,0,0,5,6,4,1,3,2,2,29,22,0,0,0,0,0,0,0,0,7,1,1,0,0,0,0,2,2,1,1,KRBKRNvK,DRAW,8/8/n7/6K1/1k6/4r3/2R3B1/8 w - - 0 1
0,1,0,0,0,0,0,1,-1,1,0,1,1,1,0,0,0,0,0,16,0,0,2,7,7,6,5,6,3,3,0,1,0,0,0,0,0,0,0,7,1,1,1,0,0,0,0,2,1,0,KRBKRNvK,DRAW,7K/6R1/6k1/8/8/8/6n1/3Br3 b - - 0 1
0,1,0,0,0,0,0,1,-1,1,0,1,1,1,0,0,0,0,0,16,0,0,3,0,5,3,5,4,1,17,22,0,0,0,0,0,0,0,0,7,1,1,0,0,0,0,2,2,1,1,KRBKRNvK,DRAW,2n2r2/8/K2k4/1B4R1/8/8/8/8 b - - 0 1
1,1,0,0,0,0,0,1,-1,1,0,1,1,1,0,0,0,0,0,16,0,0,6,4,6,6,0,2,5,21,23,0,0,0,0,0,0,0,0,7,1,1,0,0,0,0,0,1,0,0,KRBKRNvK,DRAW,3B4/4K3/7R/8/1n6/5r2/8/6k1 w - - 0 1
0,1,0,0,0,0,0,1,-1,1,0,1,1,1,0,0,0,0,0,16,0,0,2,5,1,5,3,3,1,23,23,0,0,0,0,0,0,0,0,7,1,1,1,0,0,0,1,4,0,1,KRBKRNvK,DRAW,8/2R5/7n/8/5k2/8/B4K2/3r4 b - - 0 1
0,1,0,0,0,0,0,1,-1,1,0,1,1,1,0,0,0,0,0,16,0,0,3,6,4,3,6,2,2,4,0,1,0,0,0,0,0,0,0,7,1,1,0,0,0,0,2,1,0,1,KRBKRNvK,LOSS,8/3k4/8/6K1/6B1/4n3/8/r2R4 b - - 0 1
1,1,0,0,0,0,0,1,-1,1,0,1,1,1,0,0,0,0,0,16,0,0,2,7,2,6,0,4,5,22,17,0,0,0,0,0,0,0,0,7,1,1,1,0,0,0,1,2,1,1,KRBKRNvK,DRAW,8/6R1/4r3/8/8/6BK/8/6kn w - - 0 1
1,1,0,0,0,0,0,1,-1,1,0,1,1,1,0,0,0,0,0,16,0,0,3,1,0,4,0,5,3,28,25,0,0,0,0,0,0,0,0,7,1,1,0,0,0,0,2,1,0,1,KRBKRNvK,DRAW,8/8/2B5/5n2/3R4/r7/8/1K2k3 w - - 0 1
0,1,0,0,0,0,0,1,-1,1,0,1,1,1,0,0,0,0,0,16,0,0,3,6,3,6,0,2,5,5,0,1,0,0,0,0,0,0,0,7,1,1,0,0,0,0,1,2,0,0,KRBKRNvK,LOSS,8/8/1Bn5/8/6K1/2r5/2R5/6k1 b - - 0 1
1,1,0,0,0,0,0,1,-1,1,0,1,1,1,0,0,0,0,0,16,0,0,3,6,5,3,3,3,0,7,0,1,0,0,0,0,0,0,0,7,1,1,0,0,0,0,0,4,0,0,KRBKRNvK,DRAW,3B4/8/2r3K1/8/3k4/8/2n5/2R5 w - - 0 1
0,1,0,0,0,0,0,1,-1,1,0,1,1,1,0,0,0,0,0,16,0,0,2,4,3,5,5,0,2,23,22,0,0,0,0,0,0,0,0,7,1,1,0,0,0,0,4,1,0,0,KRBKRNvK,DRAW,8/8/5k2/8/2R1K3/1r6/n4B2/8 b - - 0 1
0,1,0,0,0,0,0,1,-1,1,0,1,1,1,0,0,0,0,0,16,0,0,4,2,0,4,4,4,0,26,28,0,0,0,0,0,0,0,0,7,1,1,0,0,0,0,3,3,1,1,KRBKRNvK,DRAW,8/5r2/2B5/4k3/7R/2n5/8/2K5 b - - 0 1
0,1,0,0,0,0,0,1,-1,1,0,1,1,1,0,0,0,0,0,16,0,0,5,5,1,4,6,3,2,22,26,0,0,0,0,0,0,0,0,7,1,1,0,0,0,0,2,2,1,1,KRBKRNvK,DRAW,3r4/4k1B1/8/8/8/8/R4K1n/8 b - - 0 1
1,1,0,0,0,0,0,1,-1,1,0,1,1,1,0,0,0,0,0,16,0,0,2,5,2,4,0,2,3,3,0,1,0,0,0,0,0,0,0,7,1,1,0,0,0,0,2,2,0,1,KRBKRNvK,DRAW,8/8/8/7B/1r4R1/5K2/3n4/4k3 w - - 0 1
0,1,0,0,0,0,0,1,-1,1,0,1,1,1,0,0,0,0,0,16,0,0,5,7,0,2,1,6,3,20,23,0,0,0,0,0,0,0,0,7,1,1,0,1,0,0,3,2,1,0,KRBKRNvK,DRAW,1n6/8/4B3/8/4R3/8/2kr4/7K b - - 0 1
0,1,0,0,0,0,0,1,-1,1,0,1,1,1,0,0,0,0,0,16,0,0,3,4,4,7,1,0,5,20,26,0,0,0,0,0,0,0,0,7,1,1,0,1,0,0,4,0,0,0,KRBKRNvK,DRAW,R7/8/8/4K3/3B4/8/5r1k/n7 b - - 0 1
0,1,0,0,0,0,0,1,-1,1,0,1,1,1,0,0,0,0,0,16,0,0,4,5,6,2,2,3,2,23,28,0,0,0,0,0,0,0,0,7,1,1,0,1,0,0,2,1,0,0,KRBKRNvK,DRAW,5B2/5K2/8/7R/8/2k5/1r6/6n1 b - - 0 1
1,1,0,0,0,0,0,1,-1,1,0,1,1,1,0,0,0,0,0,16,0,0,7,0,4,7,7,3,6,22,18,0,0,0,0,0,0,0,0,7,1,1,0,0,0,0,2,0,0,1,KRBKRNvK,DRAW,4B2k/1r5n/8/K1R5/8/8/8/8 w - - 0 1
1,1,0,0,0,0,0,1,-1,1,0,1,1,1,0,0,0,0,0,16,0,0,5,6,5,5,0,3,4,19,21,0,0,0,0,0,0,0,0,7,1,1,0,0,0,0,0,2,2,0,KRBKRNvK,DRAW,3r4/8/1n4K1/8/8/8/6R1/5k1B w - - 0 1
0,1,0,0,0,0,0,1,-1,1,0,1,1,1,0,0,0,0,0,16,0,0,3,4,5,7,5,1,4,26,24,0,0,0,0,0,0,0,0,7,1,1,0,0,0,0,2,0,0,1,KRBKRNvK,DRAW,3B4/r7/4K2k/8/4n3/8/8/1R6 b - - 0 1
1,1,0,0,0,0,0,1,-1,1,0,1,1,1,0,0,0,0,0,16,0,0,7,5,7,2,0,4,4,4,0,1,0,0,0,0,0,0,0,7,1,1,0,1,0,0,3,1,0,1,KRBKRNvK,DRAW,5K2/B2n4/8/1R6/8/8/5r2/2k5 w - - 0 1
0,1,0,0,0,0,0,1,-1,1,0,1,1,1,0,0,0,0,0,16,0,0,2,4,5,6,6,1,4,4,0,1,0,0,0,0,0,0,0,7,1,1,0,0,0,0,2,2,1,0,KRBKRNvK,DRAW,5B2/6k1/4K3/n6r/8/8/8/5R2 b - - 0 1
0,1,0,0,0,0,0,1,-1,1,0,1,1,1,0,0,0,0,0,16,0,0,2,2,1,4,0,3,3,24,26,0,0,0,0,0,0,0,0,7,1,1,0,0,0,0,1,1,1,0,KRBKRNvK,DRAW,7r/8/1B1n4/8/8/2R5/2K5/4k3 b - - 0 1
1,1,0,0,0,0,0,1,-1,1,0,1,1,1,0,0,0,0,0,16,0,0,5,6,6,2,1,4,3,7,0,1,0,0,0,0,0,0,0,7,1,1,0,1,0,0,1,1,0,0,KRBKRNvK,DRAW,1B6/6K1/8/Rn6/8/8/2k3r1/8 w - - 0 1
1,1,0,0,0,0,0,1,-1,1,0,1,1,1,0,0,0,0,0,16,0,0,2,2,0,2,2,4,2,21,23,0,0,0,0,0,0,0,0,7,1,1,0,0,0,0,3,3,1,0,KRBKRNvK,DRAW,8/1B6/4r3/8/8/2k5/5n2/2KR4 w - - 0 1
1,1,0,0,0,0,0,1,-1,1,0,1,1,1,0,0,0,0,0,16,0,0,4,3,6,3,2,2,1,29,16,0,0,0,0,0,0,0,0,7,1,1,0,0,0,0,2,2,1,0,KRBKRNvK,DRAW,6Br/3K4/8/2R5/8/3k4/1n6/8 w - - 0 1
0,1,0,0,0,0,0,1,-1,1,0,1,1,1,0,0,0,0,0,16,0,0,6,0,1,6,3,5,2,6,0,1,0,0,0,0,0,0,0,7,1,1,0,0,0,0,2,2,1,0,KRBKRNvK,DRAW,8/8/8/2r5/4n1k1/8/K2RB3/8 b - - 0 1
1,1,0,0,0,0,0,1,-1,1,0,1,1,1,0,0,0,0,0,16,0,0,2,7,5,5,7,4,4,21,25,0,0,0,0,0,0,0,0,7,1,1,0,0,0,0,1,2,1,0,KRBKRNvK,DRAW,5k2/7B/7K/2n5/1r6/8/8/7R w - - 0 1
0,1,0,0,0,0,0,1,-1,1,0,1,1,1,0,0,0,0,0,16,0,0,7,7,0,5,7,6,4,3,0,1,0,0,0,0,0,0,0,7,1,1,0,1,0,0,2,1,0,1,KRBKRNvK,LOSS,5k2/8/8/8/1Bn2R2/8/6r1/7K b - - 0 1
0,1,0,0,0,0,0,1,-1,1,0,1,1,1,0,0,0,0,0,16,0,0,4,3,1,0,5,2,4,2,0,1,0,0,0,0,0,0,0,7,1,1,0,0,0,0,1,0,1,0,KRBKRNvK,DRAW,8/6n1/k7/8/2B5/7r/3K4/R7 b - - 0 1
0,1,0,0,0,0,0,1,-1,1,0,1,1,1,0,0,0,0,0,16,0,0,5,1,6,5,1,4,3,28,19,0,0,0,0,0,0,0,0,7,1,1,1,0,0,0,1,1,0,0,KRBKRNvK,DRAW,8/RK2n3/7r/8/8/1B6/5k2/8 b - - 0 1
0,1,0,0,0,0,0,1,-1,1,0,1,1,1,0,0,0,0,0,16,0,0,5,1,4,6,5,2,3,6,0,1,0,0,0,0,0,0,0,7,1,1,0,0,0,0,0,2,0,0,KRBKRNvK,DRAW,8/8/1R4k1/BK6/7r/7n/8/8 b - - 0 1
0,1,0,0,0,0,0,1,-1,1,0,1,1,1,0,0,0,0,0,16,0,0,2,5,5,6,3,2,2,21,27,0,0,0,0,0,0,0,0,7,1,1,0,0,0,0,3,0,1,1,KRBKRNvK,DRAW,7n/r7/5K2/8/6k1/4B3/8/3R4 b - - 0 1
0,1,0,0,0,0,0,1,-1,1,0,1,1,1,0,0,0,0,0,16,0,0,7,7,0,0,2,6,4,23,26,0,0,0,0,0,0,0,0,7,1,1,0,0,0,0,2,1,0,0,KRBKRNvK,DRAW,8/2n5/8/7R/5B2/kr6/8/7K b - - 0 1
1,1,0,0,0,0,0,1,-1,1,0,1,1,1,0,0,0,0,0,16,0,0,5,0,0,2,5,6,2,23,23,0,0,0,0,0,0,0,0,7,1,1,0,0,0,0,2,3,1,0,KRBKRNvK,DRAW,8/8/2k5/B7/n5r1/8/4R3/K7 w - - 0 1
0,1,0,0,0,0,0,1,-1,1,0,1,1,1,0,0,0,0,0,16,0,0,2,4,4,4,2,0,1,24,26,0,0,0,0,0,0,0,0,7,1,1,0,0,0,0,3,2,1,0,KRBKRNvK,DRAW,1r6/3B4/8/4K3/6R1/4k3/3n4/8 b - - 0 1
1,1,0,0,0,0,0,1,-1,1,0,1,1,1,0,0,0,0,0,16,0,0,6,3,1,4,7,2,3,5,0,1,0,0,0,0,0,0,0,7,1,1,0,0,0,0,1,2,0,1,KRBKRNvK,DRAW,4k3/8/1B6/3r4/8/5n2/R2K4/8 w - - 0 1
0,1,0,0,0,0,0,1,-1,1,0,1,1,1,0,0,0,0,0,16,0,0,2,7,5,5,4,4,1,23,24,0,0,0,0,0,0,0,0,7,1,1,0,0,0,0,3,4,0,1,KRBKRNvK,WIN,8/3r4/7K/5kn1/2B5/8/4R3/8 b - - 0 1
0,1,0,0,0,0,0,1,-1,1,0,1,1,1,0,0,0,0,0,16,0,0,2,2,4,0,4,1,3,18,27,0,0,0,0,0,0,0,0,7,1,1,0,0,0,0,3,2,0,1,KRBKRNvK,DRAW,8/4r3/6B1/k1K5/3R4/8/8/6n1 b - - 0 1
0,1,0,0,0,0,0,1,-1,1,0,1,1,1,0,0,0,0,0,16,0,0,3,3,1,0,0,2,6,1,0,1,0,0,0,0,0,0,0,7,1,1,0,0,0,0,1,1,1,0,KRBKRNvK,DRAW,8/5n2/8/8/8/1B5r/3K4/k4R2 b - - 0 1
0,1,0,0,0,0,0,1,-1,1,0,1,1,1,0,0,0,0,0,16,0,0,3,0,5,3,3,4,0,6,0,1,0,0,0,0,0,0,0,7,1,1,0,0,0,0,2,4,0,0,KRBKRNvK,DRAW,3B4/3r4/K7/8/3k2R1/8/8/3n4 b - - 0 1
0,1,0,0,0,0,0,1,-1,1,0,1,1,1,0,0,0,0,0,16,0,0,4,4,4,4,0,0,3,23,18,0,0,0,0,0,0,0,0,7,1,1,0,0,0,0,4,2,0,1,KRBKRNvK,DRAW,B1n1R3/8/8/4K3/6r1/8/8/4k3 b - - 0 1
1,1,0,0,0,0,0,1,-1,1,0,1,1,1,0,0,0,0,0,16,0,0,2,4,2,6,4,1,2,4,0,1,0,0,0,0,0,0,0,7,1,1,0,0,0,0,2,2,0,1,KRBKRNvK,DRAW,8/8/8/4r1k1/1B6/4K3/8/1n3R2 w - - 0 1
1,1,0,0,0,0,0,1,-1,1,0,1,1,1,0,0,0,0,0,16,0,0,2,1,3,2,5,2,2,26,19,0,0,0,0,0,0,0,0,7,1,1,0,0,0,0,0,3,0,0,KRBKRNvK,DRAW,8/7n/2k1r3/8/1K6/5R2/4B3/8 w - - 0 1
0,1,0,0,0,0,0,1,-1,1,0,1,1,1,0,0,0,0,0,16,0,0,4,3,3,7,1,0,5,4,0,1,0,0,0,0,0,0,0,7,1,1,0,0,0,0,4,1,0,0,KRBKRNvK,DRAW,8/2r4B/8/6n1/3K4/8/3R3k/8 b - - 0 1
1,1,0,0,0,0,0,1,-1,1,0,1,1,1,0,0,0,0,0,16,0,0,4,4,0,5,4,3,1,4,0,1,0,0,0,0,0,0,0,7,1,1,0,0,0,0,1,4,2,1,KRBKRNvK,DRAW,8/8/8/r4k2/8/5nBR/8/4K3 w - - 0 1
0,1,0,0,0,0,0,1,-1,1,0,1,1,1,0,0,0,0,0,16,0,0,4,6,1,2,4,4,1,23,19,0,0,0,0,0,0,0,0,7,1,1,0,0,0,0,2,2,1,0,KRBKRNvK,DRAW,8/3r4/8/2k5/R7/n7/6K1/7B b - - 0 1
0,1,0,0,0,0,0,1,-1,1,0,1,1,1,0,0,0,0,0,16,0,0,5,7,4,2,5,3,2,24,25,0,0,0,0,0,0,0,0,7,1,1,0,0,0,0,0,1,1,2,KRBKRNvK,DRAW,6R1/5r2/2k5/B6K/8/7n/8/8 b - - 0 1
1,1,0,0,0,0,0,1,-1,1,0,1,1,1,0,0,0,0,0,16,0,0,4,5,3,5,7,1,4,20,16,0,0,0,0,0,0,0,0,7,1,1,0,0,0,0,2,1,0,0,KRBKRNvK,DRAW,5kr1/8/8/8/5K2/1n6/4R2B/8 w - - 0 1
0,1,0,0,0,0,0,1,-1,1,0,1,1,1,0,0,0,0,0,16,0,0,5,1,2,3,7,3,3,16,19,0,0,0,0,0,0,0,0,7,1,1,0,0,0,0,0,1,0,0,KRBKRNvK,DRAW,3k4/8/8/8/B7/1K4nr/R7/8 b - - 0 1
1,1,0,0,0,0,0,1,-1,1,0,1,1,1,0,0,0,0,0,16,0,0,4,4,0,0,4,3,3,24,22,0,0,0,0,0,0,0,0,7,1,1,0,0,0,0,1,3,0,0,KRBKRNvK,DRAW,1BR5/8/8/kr3n2/8/8/8/4K3 w - - 0 1
0,1,0,0,0,0,0,1,-1,1,0,1,1,1,0,0,0,0,0,16,0,0,3,0,5,3,7,4,3,21,19,0,0,0,0,0,0,0,0,7,1,1,0,0,0,0,2,2,0,0,KRBKRNvK,DRAW,3k4/8/K5B1/5r2/R7/8/8/5n2 b - - 0 1
1,1,0,0,0,0,0,1,-1,1,0,1,1,1,0,0,0,0,0,16,0,0,3,2,6,5,4,3,1,29,17,0,0,0,0,0,0,0,0,7,1,1,0,1,0,0,2,2,1,0,KRBKRNvK,DRAW,5B2/2K5/8/5k2/4R3/8/5r2/6n1 w - - 0 1
1,1,0,0,0,0,0,1,-1,1,0,1,1,1,0,0,0,0,0,16,0,0,3,2,4,4,7,1,3,26,22,0,0,0,0,0,0,0,0,7,1,1,0,0,0,0,2,1,0,1,KRBKRNvK,DRAW,4k3/5n2/8/2K3B1/8/r7/8/6R1 w - - 0 1
1,1,0,0,0,0,0,1,-1,1,0,1,1,1,0,0,0,0,0,16,0,0,5,5,0,7,5,4,4,23,21,0,0,0,0,0,0,0,0,7,1,1,1,1,0,0,3,0,0,0,KRBKRNvK,DRAW,1B2n3/3R4/7k/8/8/8/2r5/5K2 w - - 0 1
1,1,0,0,0,0,0,1,-1,1,0,1,1,1,0,0,0,0,0,16,0,0,4,0,7,4,6,6,2,18,24,0,0,0,0,0,0,0,0,7,1,1,0,0,0,0,1,0,0,1,KRBKRNvK,DRAW,K3n3/4k3/1r6/8/8/6B1/8/6R1 w - - 0 1
0,1,0,0,0,0,0,1,-1,1,0,1,1,1,0,0,0,0,0,16,0,0,5,6,1,7,6,4,5,17,30,0,0,0,0,0,0,0,0,7,1,1,0,0,0,0,2,1,0,0,KRBKRNvK,DRAW,7r/4B2k/8/1n1R4/8/8/6K1/8 b - - 0 1
1,1,0,0,0,0,0,1,-1,1,0,1,1,1,0,0,0,0,0,16,0,0,4,1,3,1,7,2,5,28,21,0,0,0,0,0,0,0,0,7,1,1,0,0,0,0,1,2,0,0,KRBKRNvK,DRAW,1k2r3/8/8/8/1K6/8/2B3R1/5n2 w - - 0 1
0,1,0,0,0,0,0,1,-1,1,0,1,1,1,0,0,0,0,0,16,0,0,7,7,7,4,0,6,3,20,27,0,0,0,0,0,0,0,0,7,1,1,0,0,0,0,1,2,1,0,KRBKRNvK,DRAW,2R4K/8/8/r7/8/3B4/8/1n2k3 b - - 0 1
0,1,0,0,0,0,0,1,-1,1,0,1,1,1,0,0,0,0,0,16,0,0,4,3,0,7,3,3,3,24,28,0,0,0,0,0,0,0,0,7,1,1,0,0,0,0,2,3,0,1,KRBKRNvK,DRAW,R7/3r4/8/8/7k/2Bn4/8/3K4 b - - 0 1
1,1,0,0,0,0,0,1,-1,1,0,1,1,1,0,0,0,0,0,16,0,0,2,0,6,2,5,5,2,21,23,0,0,0,0,0,0,0,0,7,1,1,0,1,0,0,0,2,0,0,KRBKRNvK,DRAW,8/K7/2k3nB/8/8/8/2r5/7R w - - 0 1
0,1,0,0,0,0,0,1,-1,1,0,1,1,1,0,0,0,0,0,16,0,0,6,6,5,0,6,3,5,23,21,0,0,0,0,0,0,0,0,7,1,1,0,0,0,0,2,2,0,0,KRBKRNvK,DRAW,8/k7/6K1/2r5/8/8/8/1B1nR3 b - - 0 1
1,1,0,0,0,0,0,1,-1,1,0,1,1,1,0,0,0,0,0,16,0,0,2,2,4,3,2,1,1,25,13,0,0,0,0,0,0,0,0,7,1,1,0,0,0,0,3,2,1,0,KRBKRNvK,DRAW,8/8/8/2K5/2R5/3k4/1n4B1/1r6 w - - 0 1
0,1,0,0,0,0,0,1,-1,1,0,1,1,1,0,0,0,0,0,16,0,0,5,5,1,0,3,3,3,4,0,1,0,0,0,0,0,0,0,7,1,1,0,0,0,0,1,2,2,0,KRBKRNvK,DRAW,4rn2/8/2R5/8/k7/8/2B2K2/8 b - - 0 1
1,1,0,0,0,0,0,1,-1,1,0,1,1,1,0,0,0,0,0,16,0,0,5,7,0,4,5,6,1,3,0,1,0,0,0,0,0,0,0,7,1,1,0,0,0,0,2,3,2,1,KRBKRNvK,LOSS,8/2B5/2r1k3/3R4/8/8/5n2/7K w - - 0 1
0,1,0,0,0,0,0,1,-1,1,0,1,1,1,0,0,0,0,0,16,0,0,4,0,1,4,1,5,2,7,0,1,0,0,0,0,0,0,0,7,1,1,0,0,0,0,1,0,0,0,KRBKRNvK,DRAW,6B1/8/8/8/8/6r1/K3k2R/4n3 b - - 0 1
0,1,0,0,0,0,0,1,-1,1,0,1,1,1,0,0,0,0,0,16,0,0,5,3,2,6,7,1,5,23,15,0,0,0,0,0,0,0,0,7,1,1,0,0,0,0,2,3,0,2,KRBKRNvK,DRAW,6k1/8/8/2r5/8/3K4/2n1B3/2R5 b - - 0 1
0,1,0,0,0,0,0,1,-1,1,0,1,1,1,0,0,0,0,0,16,0,0,7,0,4,7,0,3,6,3,0,1,0,0,0,0,0,0,0,7,1,1,0,0,0,0,0,2,1,0,KRBKRNvK,DRAW,4B1r1/8/8/K7/8/5n1R/8/7k b - - 0 1
0,1,0,0,0,0,0,1,-1,1,0,1,1,1,0,0,0,0,0,16,0,0,6,1,6,7,5,4,4,3,0,1,0,0,0,0,0,0,0,7,1,1,0,0,0,0,2,1,0,0,KRBKRNvK,DRAW,8/1K6/7k/8/1n6/7R/8/2r4B b - - 0 1
1,1,0,0,0,0,0,1,-1,1,0,1,1,1,0,0,0,0,0,16,0,0,3,7,4,7,7,3,6,21,17,0,0,0,0,0,0,0,0,7,1,1,1,1,0,0,2,0,1,0,KRBKRNvK,WIN,5B1k/4R3/8/7K/8/8/1r6/1n6 w - - 0 1
0,1,0,0,0,0,0,1,-1,1,0,1,1,1,0,0,0,0,0,16,0,0,2,0,4,1,6,3,4,5,0,1,0,0,0,0,0,0,0,7,1,1,1,0,0,0,1,2,0,0,KRBKRNvK,DRAW,8/1k2R3/4n3/K7/2B1r3/8/8/8 b - - 0 1
0,1,0,0,0,0,0,1,-1,1,0,1,1,1,0,0,0,0,0,16,0,0,2,0,2,2,2,4,2,17,20,0,0,0,0,0,0,0,0,7,1,1,0,0,0,0,1,2,0,0,KRBKRNvK,DRAW,6n1/8/R7/8/8/K1kr4/8/6B1 b - - 0 1
0,1,0,0,0,0,0,1,-1,1,0,1,1,1,0,0,0,0,0,16,0,0,2,3,6,1,5,2,3,6,0,1,0,0,0,0,0,0,0,7,1,1,0,0,0,0,1,0,0,0,KRBKRNvK,DRAW,8/3K4/1k6/8/8/r5R1/6n1/6B1 b - - 0 1
0,1,0,0,0,0,0,1,-1,1,0,1,1,1,0,0,0,0,0,16,0,0,6,0,7,2,1,6,3,24,19,0,0,0,0,0,0,0,0,7,1,1,0,0,0,0,2,0,1,0,KRBKRNvK,DRAW,K7/7r/8/8/R5B1/n7/2k5/8 b - - 0 1
0,1,0,0,0,0,0,1,-1,1,0,1,1,1,0,0,0,0,0,16,0,0,3,3,2,0,3,1,3,24,20,0,0,0,0,0,0,0,0,7,1,1,0,0,0,0,3,1,0,0,KRBKRNvK,DRAW,3R4/7r/8/6n1/k7/3K4/8/1B6 b - - 0 1
0,1,0,0,0,0,0,1,-1,1,0,1,1,1,0,0,0,0,0,16,0,0,2,5,2,7,2,2,4,11,24,0,0,0,0,0,0,0,0,7,1,1,0,1,0,0,3,0,1,1,KRBKRNvK,DRAW,8/7n/8/8/6R1/5K1k/7r/B7 b - - 0 1
0,1,0,0,0,0,0,1,-1,1,0,1,1,1,0,0,0,0,0,16,0,0,4,5,3,1,4,1,2,24,21,0,0,0,0,0,0,0,0,7,1,1,1,0,0,0,2,0,1,1,KRBKRNvK,DRAW,8/2B4R/6r1/1k6/5K2/8/8/4n3 b - - 0 1
0,1,0,0,0,0,0,1,-1,1,0,1,1,1,0,0,0,0,0,16,0,0,3,3,5,6,7,1,5,19,22,0,0,0,0,0,0,0,0,7,1,1,0,0,0,0,2,0,2,1,KRBKRNvK,DRAW,3n2k1/8/3K1R1B/8/8/6r1/8/8 b - - 0 1
0,1,0,0,0,0,0,1,-1,1,0,1,1,1,0,0,0,0,0,16,0,0,5,1,3,6,7,2,5,25,21,0,0,0,0,0,0,0,0,7,1,1,0,0,0,0,2,0,1,1,KRBKRNvK,DRAW,6k1/8/5B2/8/1K1n4/7r/8/1R6 b - - 0 1
0,1,0,0,0,0,0,1,-1,1,0,1,1,1,0,0,0,0,0,16,0,0,5,5,6,0,1,3,5,5,0,1,0,0,0,0,0,0,0,7,1,1,0,0,0,0,1,2,0,1,KRBKRNvK,DRAW,3r4/5K2/4B2R/8/8/8/k7/7n b - - 0 1
0,1,0,0,0,0,0,1,-1,1,0,1,1,1,0,0,0,0,0,16,0,0,3,7,7,7,4,6,3,26,27,0,0,0,0,0,0,0,0,7,1,1,0,0,0,0,1,1,0,0,KRBKRNvK,DRAW,R6K/8/3nB3/7k/8/8/8/1r6 b - - 0 1
0,1,0,0,0,0,0,1,-1,1,0,1,1,1,0,0,0,0,0,16,0,0,7,5,7,4,0,4,3,5,0,1,0,0,0,0,0,0,0,7,1,1,0,0,0,0,2,2,0,0,KRBKRNvK,DRAW,5K2/8/B7/1n2R3/7r/8/8/4k3 b - - 0 1
0,1,0,0,0,0,0,1,-1,1,0,1,1,1,0,0,0,0,0,16,0,0,3,5,6,2,5,3,2,23,26,0,0,0,0,0,0,0,0,7,1,1,0,1,0,0,1,1,1,0,KRBKRNvK,DRAW,8/5K2/2k1B3/8/n7/8/1r6/R7 b - - 0 1
1,1,0,0,0,0,0,1,-1,1,0,1,1,1,0,0,0,0,0,16,0,0,6,1,0,0,6,5,5,0,0,1,0,0,0,0,0,0,0,7,1,1,0,0,0,0,1,1,0,0,KRBKRNvK,LOSS,8/k7/8/8/8/4n3/BR6/1K5r w - - 0 1
0,1,0,0,0,0,0,1,-1,1,0,1,1,1,0,0,0,0,0,16,0,0,5,2,2,7,4,2,3,4,0,1,0,0,0,0,0,0,0,7,1,1,0,1,0,0,3,2,1,0,KRBKRNvK,DRAW,5B2/8/8/5R1k/8/2K2n2/5r2/8 b - - 0 1
0,1,0,0,0,0,0,1,-1,1,0,1,1,1,0,0,0,0,0,16,0,0,3,5,6,2,7,3,4,23,27,0,0,0,0,0,0,0,0,7,1,1,0,1,0,0,1,0,0,0,KRBKRNvK,DRAW,2k5/5K2/n7/8/8/R3B3/1r6/8 b - - 0 1
1,1,0,0,0,0,0,1,-1,1,0,1,1,1,0,0,0,0,0,16,0,0,7,7,6,0,1,5,5,29,19,0,0,0,0,0,0,0,0,7,1,1,0,0,0,0,1,0,0,0,KRBKRNvK,DRAW,6R1/7K/8/3n4/8/4B3/k7/r7 w - - 0 1
1,1,0,0,0,0,0,1,-1,1,0,1,1,1,0,0,0,0,0,16,0,0,5,5,1,0,4,3,3,6,0,1,0,0,0,0,0,0,0,7,1,1,0,0,0,0,2,1,0,0,KRBKRNvK,DRAW,8/3n4/5r2/k7/8/4R3/5K2/5B2 w - - 0 1
0,1,0,0,0,0,0,1,-1,1,0,1,1,1,0,0,0,0,0,16,0,0,2,6,4,6,6,2,4,23,26,0,0,0,0,0,0,0,0,7,1,1,0,0,0,0,0,0,0,0,KRBKRNvK,DRAW,2r5/6k1/8/6K1/8/n7/1R6/5B2 b - - 0 1
0,1,0,0,0,0,0,1,-1,1,0,1,1,1,0,0,0,0,0,16,0,0,2,0,2,1,4,4,2,20,18,0,0,0,0,0,0,0,0,7,1,1,0,0,0,0,0,2,0,1,KRBKRNvK,DRAW,8/8/8/1k6/1r2n3/K7/8/3B3R b - - 0 1
1,1,0,0,0,0,0,1,-1,1,0,1,1,1,0,0,0,0,0,16,0,0,3,3,6,6,7,2,5,5,0,1,0,0,0,0,0,0,0,7,1,1,0,0,0,0,1,0,0,2,KRBKRNvK,LOSS,5nk1/3K4/1r6/8/8/8/1R3B2/8 w - - 0 1
1,1,0,0,0,0,0,1,-1,1,0,1,1,1,0,0,0,0,0,16,0,0,2,3,2,1,1,1,4,5,0,1,0,0,0,0,0,0,0,7,1,1,0,0,0,0,4,0,0,1,KRBKRNvK,DRAW,1B6/8/8/R7/8/1r1K4/1k6/n7 w - - 0 1
0,1,0,0,0,0,0,1,-1,1,0,1,1,1,0,0,0,0,0,16,0,0,4,2,4,6,7,1,5,17,24,0,0,0,0,0,0,0,0,7,1,1,0,0,0,0,3,1,0,0,KRBKRNvK,DRAW,6k1/6r1/8/2KR2nB/8/8/8/8 b - - 0 1
1,1,0,0,0,0,0,1,-1,1,0,1,1,1,0,0,0,0,0,16,0,0,3,5,4,5,1,1,3,5,0,1,0,0,0,0,0,0,0,7,1,1,0,0,0,0,2,2,1,1,KRBKRNvK,DRAW,8/n7/6R1/3r1K2/8/3B4/5k2/8 w - - 0 1
0,1,0,0,0,0,0,1,-1,1,0,1,1,1,0,0,0,0,0,16,0,0,2,7,4,5,3,3,1,21,24,0,0,0,0,0,0,0,0,7,1,1,1,0,0,0,2,2,0,0,KRBKRNvK,DRAW,2r5/6R1/8/7K/2n2k2/8/8/7B b - - 0 1
1,1,0,0,0,0,0,1,-1,1,0,1,1,1,0,0,0,0,0,16,0,0,5,7,5,2,7,4,4,26,20,0,0,0,0,0,0,0,0,7,1,1,0,0,0,0,2,2,0,0,KRBKRNvK,DRAW,2k5/8/5R1K/8/8/2B1r3/8/6n1 w - - 0 1
0,1,0,0,0,0,0,1,-1,1,0,1,1,1,0,0,0,0,0,16,0,0,4,5,3,7,7,1,6,15,29,0,0,0,0,0,0,0,0,7,1,1,0,0,0,0,2,0,1,0,KRBKRNvK,DRAW,r6k/8/2R3B1/8/n4K2/8/8/8 b - - 0 1
0,1,0,0,0,0,0,1,-1,1,0,1,1,1,0,0,0,0,0,16,0,0,4,5,3,1,1,1,4,9,26,0,0,0,0,0,0,0,0,7,1,1,0,1,0,0,4,0,1,0,KRBKRNvK,DRAW,3R4/8/8/8/5K2/n7/rk1B4/8 b - - 0 1
1,1,0,0,0,0,0,1,-1,1,0,1,1,1,0,0,0,0,0,16,0,0,3,2,2,5,4,2,1,23,21,0,0,0,0,0,0,0,0,7,1,1,0,0,0,0,1,2,0,0,KRBKRNvK,DRAW,8/1n6/8/5k2/8/R1K5/8/5B1r w - - 0 1
1,1,0,0,0,0,0,1,-1,1,0,1,1,1,0,0,0,0,0,16,0,0,5,5,0,0,0,4,6,22,18,0,0,0,0,0,0,0,0,7,1,1,0,1,0,0,2,0,0,0,KRBKRNvK,DRAW,1n6/8/8/5R2/7B/8/r7/k4K2 w - - 0 1
0,1,0,0,0,0,0,1,-1,1,0,1,1,1,0,0,0,0,0,16,0,0,7,4,0,3,7,3,3,23,25,0,0,0,0,0,0,0,0,7,1,1,0,0,0,0,2,1,0,0,KRBKRNvK,DRAW,3k4/1r6/6n1/8/4R3/8/8/4K1B1 b - - 0 1
0,1,0,0,0,0,0,1,-1,1,0,1,1,1,0,0,0,0,0,16,0,0,3,3,1,6,2,2,3,18,27,0,0,0,0,0,0,0,0,7,1,1,0,0,0,0,2,0,0,1,KRBKRNvK,DRAW,1R6/8/8/8/8/6kr/3K4/B1n5 b - - 0 1
0,1,0,0,0,0,0,1,-1,1,0,1,1,1,0,0,0,0,0,16,0,0,7,3,0,0,7,3,6,23,20,0,0,0,0,0,0,0,0,7,1,1,0,1,0,0,2,1,0,0,KRBKRNvK,DRAW,k7/8/6n1/8/6R1/8/7r/3KB3 b - - 0 1
1,1,0,0,0,0,0,1,-1,1,0,1,1,1,0,0,0,0,0,16,0,0,4,5,6,4,2,3,1,16,17,0,0,0,0,0,0,0,0,7,1,1,1,1,0,0,2,2,1,0,KRBKRNvK,DRAW,8/5K1R/8/8/8/4kB2/5r2/1n6 w - - 0 1
0,1,0,0,0,0,0,1,-1,1,0,1,1,1,0,0,0,0,0,16,0,0,2,5,7,6,5,4,3,2,0,1,0,0,0,0,0,0,0,7,1,1,0,0,0,0,2,0,1,0,KRBKRNvK,DRAW,5K2/8/6k1/R7/4B3/7r/7n/8 b - - 0 1
1,1,0,0,0,0,0,1,-1,1,0,1,1,1,0,0,0,0,0,16,0,0,5,2,2,2,7,2,4,5,0,1,0,0,0,0,0,0,0,7,1,1,0,1,0,0,2,0,0,2,KRBKRNvK,DRAW,2k5/8/8/3n4/8/2K5/r1B5/5R2 w - - 0 1
1,1,0,0,0,0,0,1,-1,1,0,1,1,1,0,0,0,0,0,16,0,0,4,0,7,4,3,6,0,2,0,1,0,0,0,0,0,0,0,7,1,1,0,0,0,0,2,3,2,0,KRBKRNvK,LOSS,K2r4/8/8/3n1R2/2B1k3/8/8/8 w - - 0 1
1,1,0,0,0,0,0,1,-1,1,0,1,1,1,0,0,0,0,0,16,0,0,5,0,7,5,5,6,2,22,17,0,0,0,0,0,0,0,0,7,1,1,0,0,0,0,1,1,1,0,KRBKRNvK,DRAW,K5R1/7n/5k2/8/8/8/B7/7r w - - 0 1
1,1,0,0,0,0,0,1,-1,1,0,1,1,1,0,0,0,0,0,16,0,0,6,6,0,1,6,5,4,25,25,0,0,0,0,0,0,0,0,7,1,1,0,0,0,0,2,2,0,0,KRBKRNvK,DRAW,3r4/1k4n1/8/8/8/4R3/8/5BK1 w - - 0 1
1,1,0,0,0,0,0,1,-1,1,0,1,1,1,0,0,0,0,0,16,0,0,3,2,0,0,3,4,3,22,19,0,0,0,0,0,0,0,0,7,1,1,0,0,0,0,1,2,0,0,KRBKRNvK,DRAW,5R2/8/8/8/kr3B2/8/8/2K2n2 w - - 0 1
0,1,0,0,0,0,0,1,-1,1,0,1,1,1,0,0,0,0,0,16,0,0,5,7,4,2,3,3,1,29,22,0,0,0,0,0,0,0,0,7,1,1,0,0,0,0,2,4,0,1,KRBKRNvK,DRAW,4r3/1B6/5R2/5n1K/2k5/8/8/8 b - - 0 1
1,1,0,0,0,0,0,1,-1,1,0,1,1,1,0,0,0,0,0,16,0,0,3,3,3,5,6,0,3,6,0,1,0,0,0,0,0,0,0,7,1,1,0,0,0,0,4,2,1,2,KRBKRNvK,DRAW,8/5k2/3r4/3R4/3K4/1n6/5B2/8 w - - 0 1
1,1,0,0,0,0,0,1,-1,1,0,1,1,1,0,0,0,0,0,16,0,0,5,7,0,2,2,6,2,1,0,1,0,0,0,0,0,0,0,7,1,1,0,0,0,0,0,2,0,1,KRBKRNvK,DRAW,5B2/8/8/8/6nR/2k5/8/5r1K w - - 0 1
0,1,0,0,0,0,0,1,-1,1,0,1,1,1,0,0,0,0,0,16,0,0,3,2,3,5,5,1,2,8,0,1,0,0,0,0,0,0,0,7,1,1,0,0,0,0,3,2,0,1,KRBKRNvK,DRAW,8/8/5k2/r7/2K4n/8/2B2R2/8 b - - 0 1
1,1,0,0,0,0,0,1,-1,1,0,1,1,1,0,0,0,0,0,16,0,0,2,6,7,7,5,5,4,21,19,0,0,0,0,0,0,0,0,7,1,1,1,0,0,0,0,2,1,0,KRBKRNvK,DRAW,6K1/3B2R1/7k/4r3/8/8/8/3n4 w - - 0 1
1,1,0,0,0,0,0,1,-1,1,0,1,1,1,0,0,0,0,0,16,0,0,3,5,4,3,7,1,3,33,16,0,0,0,0,0,0,0,0,7,1,1,1,0,0,0,3,0,0,0,KRBKRNvK,DRAW,3k4/7R/8/5K2/8/r4B2/8/1n6 w - - 0 1
0,1,0,0,0,0,0,1,-1,1,0,1,1,1,0,0,0,0,0,16,0,0,6,6,1,0,3,4,3,19,24,0,0,0,0,0,0,0,0,7,1,1,0,0,0,0,2,2,1,1,KRBKRNvK,DRAW,8/8/8/2r5/kB1R4/8/6K1/6n1 b - - 0 1
0,1,0,0,0,0,0,1,-1,1,0,1,1,1,0,0,0,0,0,16,0,0,5,0,7,3,2,6,1,26,28,0,0,0,0,0,0,0,0,7,1,1,1,1,0,0,1,2,1,0,KRBKRNvK,DRAW,K7/6R1/8/4B3/8/1n1k4/7r/8 b - - 0 1
0,1,0,0,0,0,0,1,-1,1,0,1,1,1,0,0,0,0,0,16,0,0,7,6,7,5,0,5,4,27,30,0,0,0,0,0,0,0,0,7,1,1,0,1,0,0,1,1,0,0,KRBKRNvK,DRAW,6K1/8/2R5/5B2/5n2/8/1r6/5k2 b - - 0 1
1,1,0,0,0,0,0,1,-1,1,0,1,1,1,0,0,0,0,0,16,0,0,5,6,7,1,4,5,2,22,25,0,0,0,0,0,0,0,0,7,1,1,0,0,0,0,3,3,0,0,KRBKRNvK,DRAW,6K1/2n5/8/1k6/7r/8/8/4R1B1 w - - 0 1
0,1,0,0,0,0,0,1,-1,1,0,1,1,1,0,0,0,0,0,16,0,0,3,3,2,6,1,1,4,23,28,0,0,0,0,0,0,0,0,7,1,1,0,0,0,0,3,0,0,0,KRBKRNvK,DRAW,1B6/6n1/1R6/8/8/3K4/6k1/7r b - - 0 1
1,1,0,0,0,0,0,1,-1,1,0,1,1,1,0,0,0,0,0,16,0,0,2,4,2,2,2,1,2,3,0,1,0,0,0,0,0,0,0,7,1,1,1,0,0,0,2,4,0,2,KRBKRNvK,DRAW,8/2R5/8/4rB2/2n5/2k1K3/8/8 w - - 0 1
0,1,0,0,0,0,0,1,-1,1,0,1,1,1,0,0,0,0,0,16,0,0,3,3,3,0,1,0,5,3,0,1,0,0,0,0,0,0,0,7,1,1,0,1,0,0,3,2,0,1,KRBKRNvK,DRAW,8/6n1/2B5/R7/3K4/8/k3r3/8 b - - 0 1
0,1,0,0,0,0,0,1,-1,1,0,1,1,1,0,0,0,0,0,16,0,0,6,0,6,0,0,5,6,21,25,0,0,0,0,0,0,0,0,7,1,1,0,0,0,0,2,0,0,0,KRBKRNvK,DRAW,4n3/K3B3/6r1/8/7R/8/8/k7 b - - 0 1
1,1,0,0,0,0,0,1,-1,1,0,1,1,1,0,0,0,0,0,16,0,0,2,6,3,6,1,2,4,26,21,0,0,0,0,0,0,0,0,7,1,1,1,0,0,0,1,2,0,0,KRBKRNvK,DRAW,5n2/7R/3r4/8/6K1/8/B5k1/8 w - - 0 1
1,1,0,0,0,0,0,1,-1,1,0,1,1,1,0,0,0,0,0,16,0,0,2,6,6,5,4,4,1,24,23,0,0,0,0,0,0,0,0,7,1,1,0,0,0,0,0,2,0,0,KRBKRNvK,DRAW,8/6K1/8/5k2/8/4r3/7n/R4B2 w - - 0 1
1,1,0,0,0,0,0,1,-1,1,0,1,1,1,0,0,0,0,0,16,0,0,5,5,1,0,4,3,3,22,18,0,0,0,0,0,0,0,0,7,1,1,0,0,0,0,1,2,0,1,KRBKRNvK,DRAW,7n/8/8/k7/6r1/8/1R3K2/1B6 w - - 0 1
1,1,0,0,0,0,0,1,-1,1,0,1,1,1,0,0,0,0,0,16,0,0,2,0,3,0,5,3,4,21,18,0,0,0,0,0,0,0,0,7,1,1,0,0,0,0,0,0,0,1,KRBKRNvK,DRAW,8/8/k6B/8/K7/7r/n7/5R2 w - - 0 1
1,1,0,0,0,0,0,1,-1,1,0,1,1,1,0,0,0,0,0,16,0,0,2,2,1,0,3,3,3,4,0,1,0,0,0,0,0,0,0,7,1,1,0,0,0,0,2,2,1,2,KRBKRNvK,DRAW,8/1B6/1R6/8/k2r4/8/2K5/4n3 w - - 0 1
1,1,0,0,0,0,0,1,-1,1,0,1,1,1,0,0,0,0,0,16,0,0,3,4,7,7,5,3,4,23,22,0,0,0,0,0,0,0,0,7,1,1,1,0,0,0,2,1,2,0,KRBKRNvK,DRAW,4K3/5R2/5B1k/1n6/8/8/8/2r5 w - - 0 1
1,1,0,0,0,0,0,1,-1,1,0,1,1,1,0,0,0,0,0,16,0,0,4,2,4,6,7,1,5,7,0,1,0,0,0,0,0,0,0,7,1,1,0,0,0,0,3,2,0,0,KRBKRNvK,DRAW,6k1/8/8/2K2r2/8/8/6BR/n7 w - - 0 1
1,1,0,0,0,0,0,1,-1,1,0,1,1,1,0,0,0,0,0,16,0,0,5,6,6,1,1,4,4,6,0,1,0,0,0,0,0,0,0,7,1,1,0,0,0,0,3,2,1,1,KRBKRNvK,DRAW,8/1n2r1K1/8/8/2R1B3/8/1k6/8 w - - 0 1
0,1,0,0,0,0,0,1,-1,1,0,1,1,1,0,0,0,0,0,16,0,0,6,4,7,0,1,3,5,25,27,0,0,0,0,0,0,0,0,7,1,1,0,0,0,0,2,1,0,2,KRBKRNvK,DRAW,4K3/3n4/6r1/8/7R/8/k3B3/8 b - - 0 1
0,1,0,0,0,0,0,1,-1,1,0,1,1,1,0,0,0,0,0,16,0,0,5,7,6,2,3,5,1,21,28,0,0,0,0,0,0,0,0,7,1,1,0,0,0,0,0,2,2,0,KRBKRNvK,DRAW,n7/7K/R7/8/2k5/1r6/3B4/8 b - - 0 1
1,1,0,0,0,0,0,1,-1,1,0,1,1,1,0,0,0,0,0,16,0,0,6,3,7,3,1,3,2,6,0,1,0,0,0,0,0,0,0,7,1,1,0,0,0,0,0,2,0,0,KRBKRNvK,DRAW,3K4/8/5R2/3r4/B7/8/3k4/3n4 w - - 0 1
0,1,0,0,0,0,0,1,-1,1,0,1,1,1,0,0,0,0,0,16,0,0,5,0,5,5,5,4,2,4,0,1,0,0,0,0,0,0,0,7,1,1,0,0,0,0,0,1,1,2,KRBKRNvK,DRAW,nr6/8/K4k1B/8/8/8/8/5R2 b - - 0 1
1,1,0,0,0,0,0,1,-1,1,0,1,1,1,0,0,0,0,0,16,0,0,4,4,5,3,1,1,2,28,23,0,0,0,0,0,0,0,0,7,1,1,0,0,0,0,4,0,2,0,KRBKRNvK,DRAW,8/n7/4K3/8/1R6/5r2/2Bk4/8 w - - 0 1
0,1,0,0,0,0,0,1,-1,1,0,1,1,1,0,0,0,0,0,16,0,0,4,7,4,3,3,3,0,17,26,0,0,0,0,0,0,0,0,7,1,1,0,0,0,0,2,3,1,0,KRBKRNvK,DRAW,8/8/8/6RK/nB1k4/8/8/r7 b - - 0 1
1,1,0,0,0,0,0,1,-1,1,0,1,1,1,0,0,0,0,0,16,0,0,4,1,4,0,0,2,6,28,18,0,0,0,0,0,0,0,0,7,1,1,0,1,0,0,3,2,0,0,KRBKRNvK,DRAW,B7/8/8/1K6/7R/8/n3r3/k7 w - - 0 1
1,1,0,0,0,0,0,1,-1,1,0,1,1,1,0,0,0,0,0,16,0,0,3,1,2,2,5,3,2,26,24,0,0,0,0,0,0,0,0,7,1,1,0,0,0,0,2,3,2,1,KRBKRNvK,DRAW,2B5/8/2k5/2r5/4R3/1K3n2/8/8 w - - 0 1
1,1,0,0,0,0,0,1,-1,1,0,1,1,1,0,0,0,0,0,16,0,0,3,0,0,1,3,6,2,2,0,1,0,0,0,0,0,0,0,7,1,1,0,0,0,0,2,2,0,0,KRBKRNvK,DRAW,8/8/7R/r6n/1k6/5B2/8/K7 w - - 0 1
1,1,0,0,0,0,0,1,-1,1,0,1,1,1,0,0,0,0,0,16,0,0,3,7,6,4,3,5,0,4,0,1,0,0,0,0,0,0,0,7,1,1,0,0,0,0,0,4,0,0,KRBKRNvK,DRAW,R7/4r2K/B7/8/n3k3/8/8/8 w - - 0 1
1,1,0,0,0,0,0,1,-1,1,0,1,1,1,0,0,0,0,0,16,0,0,7,0,2,7,6,4,5,2,0,1,0,0,0,0,0,0,0,7,1,1,0,0,0,0,1,0,1,0,KRBKRNvK,DRAW,r7/7k/8/6B1/3n4/K7/3R4/8 w - - 0 1
0,1,0,0,0,0,0,1,-1,1,0,1,1,1,0,0,0,0,0,16,0,0,7,0,0,7,7,6,6,2,0,1,0,0,0,0,0,0,0,7,1,1,0,1,0,0,1,1,0,1,KRBKRNvK,LOSS,7k/8/1R6/4B3/1n6/8/1r6/K7 b - - 0 1
1,1,0,0,0,0,0,1,-1,1,0,1,1,1,0,0,0,0,0,16,0,0,4,6,7,3,3,5,0,3,0,1,0,0,0,0,0,0,0,7,1,1,0,0,0,0,0,4,1,0,KRBKRNvK,DRAW,3r2K1/8/B7/8/3k4/4n3/4R3/8 w - - 0 1
1,1,0,0,0,0,0,1,-1,1,0,1,1,1,0,0,0,0,0,16,0,0,5,1,0,2,5,5,2,25,21,0,0,0,0,0,0,0,0,7,1,1,0,0,0,0,1,4,0,0,KRBKRNvK,DRAW,8/8/2k5/3r2n1/8/1R6/8/1K4B1 w - - 0 1
1,1,0,0,0,0,0,1,-1,1,0,1,1,1,0,0,0,0,0,16,0,0,2,0,7,1,5,6,3,24,21,0,0,0,0,0,0,0,0,7,1,1,0,1,0,0,2,1,1,0,KRBKRNvK,DRAW,K7/8/1k6/1B4n1/4R3/8/1r6/8 w - - 0 1
1,1,0,0,0,0,0,1,-1,1,0,1,1,1,0,0,0,0,0,16,0,0,3,2,7,1,4,4,2,4,0,1,0,0,0,0,0,0,0,7,1,1,0,0,0,0,0,1,0,1,KRBKRNvK,DRAW,R1K5/8/2r5/1k6/8/3n4/8/5B2 w - - 0 1
0,1,0,0,0,0,0,1,-1,1,0,1,1,1,0,0,0,0,0,16,0,0,5,6,1,2,6,4,3,25,26,0,0,0,0,0,0,0,0,7,1,1,0,0,0,0,2,2,1,0,KRBKRNvK,DRAW,8/n1k5/8/4R3/3r4/8/6K1/5B2 b - - 0 1
1,1,0,0,0,0,0,1,-1,1,0,1,1,1,0,0,0,0,0,16,0,0,3,7,4,7,1,3,5,6,0,1,0,0,0,0,0,0,0,7,1,1,0,0,0,0,1,2,1,0,KRBKRNvK,DRAW,5R2/8/8/1r5K/8/8/5B1k/n7 w - - 0 1
0,1,0,0,0,0,0,1,-1,1,0,1,1,1,0,0,0,0,0,16,0,0,5,6,5,1,5,3,3,6,0,1,0,0,0,0,0,0,0,7,1,1,0,0,0,0,2,2,1,1,KRBKRNvK,DRAW,1R6/8/1k4K1/8/5r2/8/nB6/8 b - - 0 1
0,1,0,0,0,0,0,1,-1,1,0,1,1,1,0,0,0,0,0,16,0,0,6,4,6,6,0,2,5,18,27,0,0,0,0,0,0,0,0,7,1,1,0,0,0,0,0,0,1,0,KRBKRNvK,DRAW,7r/4K3/R7/8/8/7n/4B3/6k1 b - - 0 1
1,1,0,0,0,0,0,1,-1,1,0,1,1,1,0,0,0,0,0,16,0,0,6,0,0,6,6,6,4,3,0,1,0,0,0,0,0,0,0,7,1,1,0,0,0,0,1,2,0,0,KRBKRNvK,DRAW,8/6k1/8/8/8/1R5n/5B2/K2r4 w - - 0 1
0,1,0,0,0,0,0,1,-1,1,0,1,1,1,0,0,0,0,0,16,0,0,6,6,2,0,7,3,6,18,23,0,0,0,0,0,0,0,0,7,1,1,0,0,0,0,2,0,0,1,KRBKRNvK,DRAW,k7/8/7n/2R5/1B6/6K1/8/7r b - - 0 1
1,1,0,0,0,0,0,1,-1,1,0,1,1,1,0,0,0,0,0,16,0,0,6,2,0,0,6,4,5,30,18,0,0,0,0,0,0,0,0,7,1,1,0,0,0,0,1,2,0,0,KRBKRNvK,WIN,8/k7/n7/3B4/6r1/1R6/8/2K5 w - - 0 1
0,1,0,0,0,0,0,1,-1,1,0,1,1,1,0,0,0,0,0,16,0,0,2,7,7,5,6,6,3,5,0,1,0,0,0,0,0,0,0,7,1,1,0,0,0,0,2,2,1,0,KRBKRNvK,DRAW,6BK/3r1k2/8/8/7n/8/3R4/8 b - - 0 1
1,1,0,0,0,0,0,1,-1,1,0,1,1,1,0,0,0,0,0,16,0,0,7,5,0,3,7,4,3,32,21,0,0,0,0,0,0,0,0,7,1,1,0,0,0,0,1,2,0,0,KRBKRNvK,DRAW,3k4/8/6n1/r2B4/8/7R/8/5K2 w - - 0 1
1,1,0,0,0,0,0,1,-1,1,0,1,1,1,0,0,0,0,0,16,0,0,5,0,1,5,6,5,3,26,19,0,0,0,0,0,0,0,0,7,1,1,0,0,0,0,3,0,0,0,KRBKRNvK,DRAW,8/n4k2/8/8/7R/8/K5B1/6r1 w - - 0 1
1,1,0,0,0,0,0,1,-1,1,0,1,1,1,0,0,0,0,0,16,0,0,5,2,5,3,0,2,3,25,19,0,0,0,0,0,0,0,0,7,1,1,0,0,0,0,3,0,0,0,KRBKRNvK,DRAW,7B/8/2K5/2R5/8/r7/8/1n1k4 w - - 0 1
0,1,0,0,0,0,0,1,-1,1,0,1,1,1,0,0,0,0,0,16,0,0,4,7,1,3,3,5,0,19,22,0,0,0,0,0,0,0,0,7,1,1,0,0,0,0,1,4,0,0,KRBKRNvK,DRAW,8/7n/8/3r4/3k4/8/B6K/6R1 b - - 0 1
1,1,0,0,0,0,0,1,-1,1,0,1,1,1,0,0,0,0,0,16,0,0,3,1,4,0,7,2,6,6,0,1,0,0,0,0,0,0,0,7,1,1,0,0,0,0,2,0,1,0,KRBKRNvK,DRAW,kr6/8/B7/1K6/8/4R3/7n/8 w - - 0 1
0,1,0,0,0,0,0,1,-1,1,0,1,1,1,0,0,0,0,0,16,0,0,3,2,4,3,7,1,3,1,0,1,0,0,0,0,0,0,0,7,1,1,0,0,0,0,3,0,1,1,KRBKRNvK,LOSS,2Rk2r1/8/8/2K1nB2/8/8/8/8 b - - 0 1
0,1,0,0,0,0,0,1,-1,1,0,1,1,1,0,0,0,0,0,16,0,0,3,0,1,3,0,5,3,4,0,1,0,0,0,0,0,0,0,7,1,1,0,0,0,0,2,2,1,0,KRBKRNvK,DRAW,8/8/4Bn1r/8/8/3R4/K7/3k4 b - - 0 1
0,1,0,0,0,0,0,1,-1,1,0,1,1,1,0,0,0,0,0,16,0,0,4,2,5,6,4,2,2,6,0,1,0,0,0,0,0,0,0,7,1,1,0,0,0,0,2,1,0,2,KRBKRNvK,DRAW,1r6/8/2K5/1nR3k1/2B5/8/8/8 b - - 0 1
1,1,0,0,0,0,0,1,-1,1,0,1,1,1,0,0,0,0,0,16,0,0,4,6,1,2,5,4,2,31,20,0,0,0,0,0,0,0,0,7,1,1,0,0,0,0,2,3,1,0,KRBKRNvK,DRAW,8/8/n1k1r3/6B1/3R4/8/6K1/8 w - - 0 1
1,1,0,0,0,0,0,1,-1,1,0,1,1,1,0,0,0,0,0,16,0,0,2,5,2,7,3,2,3,24,20,0,0,0,0,0,0,0,0,7,1,1,0,0,0,0,1,2,1,0,KRBKRNvK,DRAW,2n5/8/8/2r4B/7k/5K2/8/1R6 w - - 0 1
1,1,0,0,0,0,0,1,-1,1,0,1,1,1,0,0,0,0,0,16,0,0,4,5,2,3,6,2,2,28,24,0,0,0,0,0,0,0,0,7,1,1,0,0,0,0,2,0,1,0,KRBKRNvK,DRAW,8/3kB3/7n/8/1R6/5K2/8/r7 w - - 0 1
0,1,0,0,0,0,0,1,-1,1,0,1,1,1,0,0,0,0,0,16,0,0,7,5,7,7,0,4,6,2,0,1,0,0,0,0,0,0,0,7,1,1,0,0,0,0,0,0,1,1,KRBKRNvK,DRAW,3n1K2/8/1r6/8/8/8/4B3/5R1k b - - 0 1
1,1,0,0,0,0,0,1,-1,1,0,1,1,1,0,0,0,0,0,16,0,0,5,4,1,0,6,2,5,5,0,1,0,0,0,0,0,0,0,7,1,1,0,1,0,0,0,1,0,1,KRBKRNvK,DRAW,8/k2B4/8/6n1/8/8/4K1r1/7R w - - 0 1
0,1,0,0,0,0,0,1,-1,1,0,1,1,1,0,0,0,0,0,16,0,0,2,7,3,6,1,3,4,23,19,0,0,0,0,0,0,0,0,7,1,1,0,0,0,0,0,1,0,0,KRBKRNvK,DRAW,6R1/8/8/6B1/7K/1r1n4/6k1/8 b - - 0 1
1,1,0,0,0,0,0,1,-1,1,0,1,1,1,0,0,0,0,0,16,0,0,3,4,4,5,7,0,4,6,0,1,0,0,0,0,0,0,0,7,1,1,0,0,0,0,4,1,0,0,KRBKRNvK,DRAW,3nrk2/8/8/4K3/4R3/8/8/B7 w - - 0 1
0,1,0,0,0,0,0,1,-1,1,0,1,1,1,0,0,0,0,0,16,0,0,5,5,6,0,2,3,4,21,27,0,0,0,0,0,0,0,0,7,1,1,0,0,0,0,2,3,0,0,KRBKRNvK,DRAW,8/5K2/7B/8/8/k2r4/4Rn2/8 b - - 0 1
1,1,0,0,0,0,0,1,-1,1,0,1,1,1,0,0,0,0,0,16,0,0,4,3,0,0,4,3,3,21,20,0,0,0,0,0,0,0,0,7,1,1,1,1,0,0,2,0,0,1,KRBKRNvK,DRAW,4B3/4R3/8/k7/8/n7/2r5/3K4 w - - 0 1
1,1,0,0,0,0,0,1,-1,1,0,1,1,1,0,0,0,0,0,16,0,0,7,7,7,0,5,6,4,22,22,0,0,0,0,0,0,0,0,7,1,1,0,0,0,0,2,1,0,1,KRBKRNvK,DRAW,7K/5r2/k7/4R3/6n1/8/8/7B w - - 0 1
0,1,0,0,0,0,0,1,-1,1,0,1,1,1,0,0,0,0,0,16,0,0,6,7,1,7,7,5,6,3,0,1,0,0,0,0,0,0,0,7,1,1,0,0,0,0,2,2,0,0,KRBKRNvK,DRAW,7k/8/8/B2n2r1/7R/8/7K/8 b - - 0 1
0,1,0,0,0,0,0,1,-1,1,0,1,1,1,0,0,0,0,0,16,0,0,5,3,6,3,1,2,2,26,21,0,0,0,0,0,0,0,0,7,1,1,0,0,0,0,1,3,1,0,KRBKRNvK,DRAW,6B1/3K4/8/8/1Rn2r2/8/3k4/8 b - - 0 1
1,1,0,0,0,0,0,1,-1,1,0,1,1,1,0,0,0,0,0,16,0,0,6,0,1,6,1,5,4,26,22,0,0,0,0,0,0,0,0,7,1,1,0,0,0,0,3,1,1,1,KRBKRNvK,DRAW,8/2B5/8/8/7R/8/K3n1k1/2r5 w - - 0 1
1,1,0,0,0,0,0,1,-1,1,0,1,1,1,0,0,0,0,0,16,0,0,3,2,0,4,3,4,0,3,0,1,0,0,0,0,0,0,0,7,1,1,0,0,0,0,2,3,0,2,KRBKRNvK,DRAW,4B3/8/8/7R/4k3/1nr5/8/2K5 w - - 0 1
1,1,0,0,0,0,0,1,-1,1,0,1,1,1,0,0,0,0,0,16,0,0,2,3,4,1,6,0,4,6,0,1,0,0,0,0,0,0,0,7,1,1,0,1,0,0,3,1,0,1,KRBKRNvK,LOSS,8/1kn1B3/8/3K4/8/8/r7/R7 w - - 0 1
0,1,0,0,0,0,0,1,-1,1,0,1,1,1,0,0,0,0,0,16,0,0,4,5,3,1,6,1,4,22,23,0,0,0,0,0,0,0,0,7,1,1,0,0,0,0,3,0,0,0,KRBKRNvK,DRAW,2n3r1/1k6/8/5R2/5K2/1B6/8/8 b - - 0 1
0,1,0,0,0,0,0,1,-1,1,0,1,1,1,0,0,0,0,0,16,0,0,2,4,5,2,7,1,4,1,0,1,0,0,0,0,0,0,0,7,1,1,0,1,0,0,3,1,2,0,KRBKRNvK,DRAW,2k1R3/8/2B1K3/8/1n6/8/7r/8 b - - 0 1
1,1,0,0,0,0,0,1,-1,1,0,1,1,1,0,0,0,0,0,16,0,0,6,7,1,4,7,5,3,26,13,0,0,0,0,0,0,0,0,7,1,1,0,0,0,0,2,1,1,0,KRBKRNvK,DRAW,4k1r1/6B1/8/8/8/R7/4n2K/8 w - - 0 1
1,1,0,0,0,0,0,1,-1,1,0,1,1,1,0,0,0,0,0,16,0,0,5,0,5,2,0,4,4,19,16,0,0,0,0,0,0,0,0,7,1,1,0,0,0,0,3,0,0,0,KRBKRNvK,DRAW,8/8/K3B1r1/3R4/8/8/1n6/2k5 w - - 0 1
0,1,0,0,0,0,0,1,-1,1,0,1,1,1,0,0,0,0,0,16,0,0,4,4,0,0,1,3,5,2,0,1,0,0,0,0,0,0,0,7,1,1,0,0,0,0,1,2,0,0,KRBKRNvK,DRAW,R7/8/7n/3B3r/8/8/k7/4K3 b - - 0 1
1,1,0,0,0,0,0,1,-1,1,0,1,1,1,0,0,0,0,0,16,0,0,3,3,2,0,0,1,6,7,0,1,0,0,0,0,0,0,0,7,1,1,0,0,0,0,4,2,0,0,KRBKRNvK,DRAW,8/3rn3/4R3/8/4B3/3K4/8/k7 w - - 0 1
1,1,0,0,0,0,0,1,-1,1,0,1,1,1,0,0,0,0,0,16,0,0,3,1,1,4,3,4,0,26,18,0,0,0,0,0,0,0,0,7,1,1,1,0,0,0,0,4,0,0,KRBKRNvK,DRAW,6n1/7R/8/8/4k3/4r3/1K6/3B4 w - - 0 1
0,1,0,0,0,0,0,1,-1,1,0,1,1,1,0,0,0,0,0,16,0,0,5,3,7,7,2,3,4,21,24,0,0,0,0,0,0,0,0,7,1,1,0,0,0,0,3,3,1,0,KRBKRNvK,DRAW,B2K4/8/8/2r5/5R2/2n4k/8/8 b - - 0 1
1,1,0,0,0,0,0,1,-1,1,0,1,1,1,0,0,0,0,0,16,0,0,4,5,1,2,5,3,2,28,16,0,0,0,0,0,0,0,0,7,1,1,1,0,0,0,3,1,1,0,KRBKRNvK,DRAW,4n3/3R3B/r1k5/8/8/8/5K2/8 w - - 0 1
1,1,0,0,0,0,0,1,-1,1,0,1,1,1,0,0,0,0,0,16,0,0,4,3,3,6,7,0,5,24,19,0,0,0,0,0,0,0,0,7,1,1,1,0,0,0,3,2,1,1,KRBKRNvK,WIN,6k1/5R2/8/8/3K4/1B6/1n6/4r3 w - - 0 1
0,1,0,0,0,0,0,1,-1,1,0,1,1,1,0,0,0,0,0,16,0,0,2,0,6,2,6,5,3,21,22,0,0,0,0,0,0,0,0,7,1,1,0,0,0,0,2,0,2,0,KRBKRNvK,WIN,B7/K1k5/8/4R3/8/6r1/n7/8 b - - 0 1
1,1,0,0,0,0,0,1,-1,1,0,1,1,1,0,0,0,0,0,16,0,0,3,0,2,3,1,4,2,23,28,0,0,0,0,0,0,0,0,7,1,1,0,0,0,0,2,2,0,1,KRBKRNvK,DRAW,8/8/8/6R1/8/K1n3B1/3k4/7r w - - 0 1
0,1,0,0,0,0,0,1,-1,1,0,1,1,1,0,0,0,0,0,16,0,0,4,5,4,1,6,1,4,5,0,1,0,0,0,0,0,0,0,7,1,1,1,0,0,0,2,0,0,0,KRBKRNvK,DRAW,8/rk2R3/8/5K2/8/6B1/8/2n5 b - - 0 1
1,1,0,0,0,0,0,1,-1,1,0,1,1,1,0,0,0,0,0,16,0,0,2,3,3,5,4,0,1,6,0,1,0,0,0,0,0,0,0,7,1,1,0,0,0,0,4,3,0,1,KRBKRNvK,DRAW,8/r7/8/5k2/3K4/5n2/2R2B2/8 w - - 0 1
1,1,0,0,0,0,0,1,-1,1,0,1,1,1,0,0,0,0,0,16,0,0,3,5,4,5,7,1,4,30,17,0,0,0,0,0,0,0,0,7,1,1,1,0,0,0,2,2,0,1,KRBKRNvK,DRAW,5kn1/R7/8/5K2/8/3r4/3B4/8 w - - 0 1
1,1,0,0,0,0,0,1,-1,1,0,1,1,1,0,0,0,0,0,16,0,0,5,2,6,4,1,3,2,22,26,0,0,0,0,0,0,0,0,7,1,1,1,0,0,0,2,0,0,0,KRBKRNvK,DRAW,6B1/2KR4/5r2/8/4n3/8/4k3/8 w - - 0 1
0,1,0,0,0,0,0,1,-1,1,0,1,1,1,0,0,0,0,0,16,0,0,2,4,2,2,1,1,3,22,23,0,0,0,0,0,0,0,0,7,1,1,0,0,0,0,3,0,0,0,KRBKRNvK,DRAW,4B2n/1r6/8/4R3/8/4K3/2k5/8 b - - 0 1
1,1,0,0,0,0,0,1,-1,1,0,1,1,1,0,0,0,0,0,16,0,0,6,1,5,7,0,3,6,5,0,1,0,0,0,0,0,0,0,7,1,1,0,0,0,0,1,0,0,1,KRBKRNvK,DRAW,2n5/8/1K5r/8/8/3B4/R7/7k w - - 0 1
0,1,0,0,0,0,0,1,-1,1,0,1,1,1,0,0,0,0,0,16,0,0,2,4,7,4,5,3,1,14,21,0,0,0,0,0,0,0,0,7,1,1,0,0,0,0,3,2,1,0,KRBKRNvK,WIN,4K3/8/4k1B1/8/8/3R4/8/5n1r b - - 0 1
1,1,0,0,0,0,0,1,-1,1,0,1,1,1,0,0,0,0,0,16,0,0,4,7,2,3,6,4,2,23,22,0,0,0,0,0,0,0,0,7,1,1,0,0,0,0,2,2,0,1,KRBKRNvK,DRAW,8/n2k4/8/8/5r2/4R2K/8/3B4 w - - 0 1
1,1,0,0,0,0,0,1,-1,1,0,1,1,1,0,0,0,0,0,16,0,0,2,2,0,0,0,4,6,25,22,0,0,0,0,0,0,0,0,7,1,1,0,0,0,0,2,2,0,0,KRBKRNvK,DRAW,3R4/r7/8/1B6/8/5n2/8/k1K5 w - - 0 1
0,1,0,0,0,0,0,1,-1,1,0,1,1,1,0,0,0,0,0,16,0,0,2,3,0,5,0,3,4,25,23,0,0,0,0,0,0,0,0,7,1,1,0,0,0,0,0,0,0,0,KRBKRNvK,DRAW,6r1/8/7B/8/3n4/2R5/8/3K1k2 b - - 0 1
1,1,0,0,0,0,0,1,-1,1,0,1,1,1,0,0,0,0,0,16,0,0,5,7,5,3,0,4,3,23,17,0,0,0,0,0,0,0,0,7,1,1,1,0,0,0,1,0,0,0,KRBKRNvK,DRAW,8/7R/7K/8/2B5/2r5/8/3k2n1 w - - 0 1
1,1,0,0,0,0,0,1,-1,1,0,1,1,1,0,0,0,0,0,16,0,0,2,6,6,4,5,4,1,4,0,1,0,0,0,0,0,0,0,7,1,1,0,0,0,0,1,4,0,0,KRBKRNvK,LOSS,1B6/6K1/4k3/8/6r1/8/1R6/3n4 w - - 0 1
1,1,0,0,0,0,0,1,-1,1,0,1,1,1,0,0,0,0,0,16,0,0,3,5,4,3,7,1,3,28,12,0,0,0,0,0,0,0,0,7,1,1,0,0,0,0,3,0,0,0,KRBKRNvK,DRAW,1r1k4/8/8/5K2/1B2R3/8/8/6n1 w - - 0 1
0,1,0,0,0,0,0,1,-1,1,0,1,1,1,0,0,0,0,0,16,0,0,7,0,0,7,4,6,3,5,0,1,0,0,0,0,0,0,0,7,1,1,0,0,0,0,2,2,0,0,KRBKRNvK,DRAW,5B2/1n6/4r3/1R5k/8/8/8/K7 b - - 0 1
1,1,0,0,0,0,0,1,-1,1,0,1,1,1,0,0,0,0,0,16,0,0,2,6,4,6,2,2,3,3,0,1,0,0,0,0,0,0,0,7,1,1,0,0,0,0,2,3,0,0,KRBKRNvK,DRAW,8/8/3n2R1/2r3K1/8/2B3k1/8/8 w - - 0 1
0,1,0,0,0,0,0,1,-1,1,0,1,1,1,0,0,0,0,0,16,0,0,4,0,5,1,1,4,4,28,27,0,0,0,0,0,0,0,0,7,1,1,0,0,0,0,1,3,0,1,KRBKRNvK,DRAW,6R1/8/Kn6/8/8/8/1k3B2/4r3 b - - 0 1
1,1,0,0,0,0,0,1,-1,1,0,1,1,1,0,0,0,0,0,16,0,0,7,0,0,7,5,6,4,24,16,0,0,0,0,0,0,0,0,7,1,1,0,0,0,0,0,2,0,0,KRBKRNvK,DRAW,8/8/7k/7r/8/1R6/8/K3B2n w - - 0 1
1,1,0,0,0,0,0,1,-1,1,0,1,1,1,0,0,0,0,0,16,0,0,6,5,0,1,6,4,4,5,0,1,0,0,0,0,0,0,0,7,1,1,0,0,0,0,2,3,0,1,KRBKRNvK,DRAW,8/1k6/8/1r6/1R1B4/8/3n4/5K2 w - - 0 1
1,1,0,0,0,0,0,1,-1,1,0,1,1,1,0,0,0,0,0,16,0,0,7,4,0,5,7,3,4,25,15,0,0,0,0,0,0,0,0,7,1,1,0,0,0,0,3,0,1,0,KRBKRNvK,DRAW,1r3k1B/7n/8/8/8/4R3/8/4K3 w - - 0 1
1,1,0,0,0,0,0,1,-1,1,0,1,1,1,0,0,0,0,0,16,0,0,3,2,5,4,2,2,1,8,0,1,0,0,0,0,0,0,0,7,1,1,0,0,0,0,2,2,1,0,KRBKRNvK,DRAW,5B2/8/2K2r2/8/8/4k1n1/3R4/8 w - - 0 1
1,1,0,0,0,0,0,1,-1,1,0,1,1,1,0,0,0,0,0,16,0,0,4,2,2,6,1,2,4,27,30,0,0,0,0,0,0,0,0,7,1,1,0,0,0,0,3,1,0,1,KRBKRNvK,DRAW,3B4/8/4n3/8/3R4/2K5/6k1/r7 w - - 0 1
0,1,0,0,0,0,0,1,-1,1,0,1,1,1,0,0,0,0,0,16,0,0,4,7,2,3,4,4,0,22,22,0,0,0,0,0,0,0,0,7,1,1,0,1,0,0,0,3,0,1,KRBKRNvK,DRAW,2R5/8/7B/3k4/8/7K/6r1/4n3 b - - 0 1
1,1,0,0,0,0,0,1,-1,1,0,1,1,1,0,0,0,0,0,16,0,0,7,7,2,0,0,4,6,5,0,1,0,0,0,0,0,0,0,7,1,1,0,0,0,0,3,0,0,1,KRBKRNvK,DRAW,8/2r5/8/8/5B2/3R3K/8/k5n1 w - - 0 1
1,1,0,0,0,0,0,1,-1,1,0,1,1,1,0,0,0,0,0,16,0,0,4,2,2,6,2,2,3,31,28,0,0,0,0,0,0,0,0,7,1,1,0,0,0,0,2,1,1,1,KRBKRNvK,DRAW,1R6/8/7r/5B2/8/2K1n1k1/8/8 w - - 0 1
1,1,0,0,0,0,0,1,-1,1,0,1,1,1,0,0,0,0,0,16,0,0,4,1,3,5,7,2,4,25,21,0,0,0,0,0,0,0,0,7,1,1,0,0,0,0,2,1,0,1,KRBKRNvK,DRAW,1B3k2/8/8/8/1K6/1n5r/4R3/8 w - - 0 1
0,1,0,0,0,0,0,1,-1,1,0,1,1,1,0,0,0,0,0,16,0,0,4,0,3,4,7,3,3,4,0,1,0,0,0,0,0,0,0,7,1,1,0,0,0,0,0,1,1,0,KRBKRNvK,DRAW,2r1k3/8/2R1n3/7B/K7/8/8/8 b - - 0 1
0,1,0,0,0,0,0,1,-1,1,0,1,1,1,0,0,0,0,0,16,0,0,6,6,6,0,6,4,5,3,0,1,0,0,0,0,0,0,0,7,1,1,0,0,0,0,1,1,0,1,KRBKRNvK,LOSS,7r/k5K1/8/8/8/R2B4/3n4/8 b - - 0 1
1,1,0,0,0,0,0,1,-1,1,0,1,1,1,0,0,0,0,0,16,0,0,4,1,7,5,6,5,3,28,20,0,0,0,0,0,0,0,0,7,1,1,0,0,0,0,1,1,1,0,KRBKRNvK,DRAW,1K6/5k2/6R1/5n2/8/8/5B2/5r2 w - - 0 1
1,1,0,0,0,0,0,1,-1,1,0,1,1,1,0,0,0,0,0,16,0,0,2,3,7,5,6,3,3,3,0,1,0,0,0,0,0,0,0,7,1,1,0,0,0,0,2,2,0,0,KRBKRNvK,DRAW,3K4/5k2/1B6/n1R5/3r4/8/8/8 w - - 0 1
0,1,0,0,0,0,0,1,-1,1,0,1,1,1,0,0,0,0,0,16,0,0,7,0,7,5,0,6,4,26,12,0,0,0,0,0,0,0,0,7,1,1,0,0,0,0,0,2,0,0,KRBKRNvK,DRAW,K7/8/5r2/8/8/R1n5/8/B4k2 b - - 0 1
1,1,0,0,0,0,0,1,-1,1,0,1,1,1,0,0,0,0,0,16,0,0,3,6,1,3,3,4,0,21,24,0,0,0,0,0,0,0,0,7,1,1,1,0,0,0,2,3,0,0,KRBKRNvK,DRAW,8/RB6/4r3/7n/3k4/8/6K1/8 w - - 0 1
0,1,0,0,0,0,0,1,-1,1,0,1,1,1,0,0,0,0,0,16,0,0,7,7,2,0,0,4,6,20,24,0,0,0,0,0,0,0,0,7,1,1,0,0,0,0,3,2,0,0,KRBKRNvK,DRAW,8/7n/2B5/7R/1r6/7K/8/k7 b - - 0 1
1,1,0,0,0,0,0,1,-1,1,0,1,1,1,0,0,0,0,0,16,0,0,6,7,6,4,0,5,3,4,0,1,0,0,0,0,0,0,0,7,1,1,0,0,0,0,0,2,1,0,KRBKRNvK,DRAW,8/4r2K/2R5/8/8/8/8/3nkB2 w - - 0 1
0,1,0,0,0,0,0,1,-1,1,0,1,1,1,0,0,0,0,0,16,0,0,5,1,6,6,2,4,3,5,0,1,0,0,0,0,0,0,0,7,1,1,0,0,0,0,1,0,1,1,KRBKRNvK,LOSS,8/1K6/R1r5/4B3/7n/6k1/8/8 b - - 0 1
0,1,0,0,0,0,0,1,-1,1,0,1,1,1,0,0,0,0,0,16,0,0,5,0,1,5,3,5,1,6,0,1,0,0,0,0,0,0,0,7,1,1,0,0,0,0,0,3,1,0,KRBKRNvK,DRAW,1r1B4/8/5R2/8/5k2/5n2/K7/8 b - - 0 1
1,1,0,0,0,0,0,1,-1,1,0,1,1,1,0,0,0,0,0,16,0,0,4,3,2,7,0,1,6,5,0,1,0,0,0,0,0,0,0,7,1,1,0,0,0,0,3,0,0,1,KRBKRNvK,DRAW,8/6r1/8/4n3/3R4/2BK4/8/7k w - - 0 1
1,1,0,0,0,0,0,1,-1,1,0,1,1,1,0,0,0,0,0,16,0,0,2,4,7,4,5,3,1,19,19,0,0,0,0,0,0,0,0,7,1,1,0,0,0,0,0,3,0,1,KRBKRNvK,DRAW,1R2K3/8/B1r1k3/8/8/8/2n5/8 w - - 0 1
0,1,0,0,0,0,0,1,-1,1,0,1,1,1,0,0,0,0,0,16,0,0,7,5,7,4,0,4,3,16,24,0,0,0,0,0,0,0,0,7,1,1,0,0,0,0,2,0,0,0,KRBKRNvK,DRAW,5K2/6B1/8/8/8/8/1n5R/2r1k3 b - - 0 1
1,1,0,0,0,0,0,1,-1,1,0,1,1,1,0,0,0,0,0,16,0,0,2,1,4,0,6,2,5,3,0,1,0,0,0,0,0,0,0,7,1,1,0,0,0,0,0,2,1,0,KRBKRNvK,LOSS,1R6/k4n2/8/1K5r/B7/8/8/8 w - - 0 1
1,1,0,0,0,0,0,1,-1,1,0,1,1,1,0,0,0,0,0,16,0,0,4,0,7,4,5,6,1,21,27,0,0,0,0,0,0,0,0,7,1,1,0,0,0,0,0,2,0,0,KRBKRNvK,DRAW,K7/8/4k3/4n3/1B6/1R6/8/5r2 w - - 0 1
1,1,0,0,0,0,0,1,-1,1,0,1,1,1,0,0,0,0,0,16,0,0,7,2,7,7,0,4,6,21,17,0,0,0,0,0,0,0,0,7,1,1,0,0,0,0,1,2,0,1,KRBKRNvK,DRAW,R1K5/4r3/8/8/8/4B3/6n1/7k w - - 0 1
0,1,0,0,0,0,0,1,-1,1,0,1,1,1,0,0,0,0,0,16,0,0,2,2,4,1,6,1,4,5,0,1,0,0,0,0,0,0,0,7,1,1,0,0,0,0,3,2,0,0,KRBKRNvK,DRAW,4r3/1k5n/8/2K5/1R6/8/8/3B4 b - - 0 1
1,1,0,0,0,0,0,1,-1,1,0,1,1,1,0,0,0,0,0,16,0,0,2,6,4,6,6,2,4,21,23,0,0,0,0,0,0,0,0,7,1,1,0,0,0,0,2,0,0,2,KRBKRNvK,DRAW,8/5rk1/8/4n1K1/3R4/8/3B4/8 w - - 0 1
1,1,0,0,0,0,0,1,-1,1,0,1,1,1,0,0,0,0,0,16,0,0,4,7,4,4,0,3,3,26,22,0,0,0,0,0,0,0,0,7,1,1,0,0,0,0,1,0,0,0,KRBKRNvK,DRAW,2r5/8/7R/3B3K/8/8/8/2n1k3 w - - 0 1
0,1,0,0,0,0,0,1,-1,1,0,1,1,1,0,0,0,0,0,16,0,0,5,2,7,7,4,4,3,5,0,1,0,0,0,0,0,0,0,7,1,1,0,0,0,0,2,3,0,1,KRBKRNvK,DRAW,2K5/3r4/8/4R2k/8/6n1/8/5B2 b - - 0 1
0,1,0,0,0,0,0,1,-1,1,0,1,1,1,0,0,0,0,0,16,0,0,5,7,2,4,7,4,3,23,28,0,0,0,0,0,0,0,0,7,1,1,0,0,0,0,1,0,0,1,KRBKRNvK,DRAW,4k3/8/8/7n/4B3/7K/6R1/1r6 b - - 0 1
0,1,0,0,0,0,0,1,-1,1,0,1,1,1,0,0,0,0,0,16,0,0,4,3,3,7,4,0,3,22,24,0,0,0,0,0,0,0,0,7,1,1,0,0,0,0,3,0,0,0,KRBKRNvK,DRAW,8/r7/8/7k/3K3n/8/4R3/5B2 b - - 0 1
1,1,0,0,0,0,0,1,-1,1,0,1,1,1,0,0,0,0,0,16,0,0,4,6,1,2,1,4,3,17,23,0,0,0,0,0,0,0,0,7,1,1,0,0,0,0,0,2,0,2,KRBKRNvK,DRAW,5B2/8/8/8/8/4r1n1/2k3K1/6R1 w - - 0 1
0,1,0,0,0,0,0,1,-1,1,0,1,1,1,0,0,0,0,0,16,0,0,4,2,2,0,6,2,5,3,0,1,0,0,0,0,0,0,0,7,1,1,0,0,0,0,2,0,0,0,KRBKRNvK,DRAW,5r2/k7/8/8/R7/2K4n/8/5B2 b - - 0 1
0,1,0,0,0,0,0,1,-1,1,0,1,1,1,0,0,0,0,0,16,0,0,4,1,0,0,4,5,3,25,27,0,0,0,0,0,0,0,0,7,1,1,0,0,0,0,1,1,1,0,KRBKRNvK,DRAW,8/8/6r1/k4n2/2B5/5R2/8/1K6 b - - 0 1
1,1,0,0,0,0,0,1,-1,1,0,1,1,1,0,0,0,0,0,16,0,0,5,0,1,4,6,5,2,22,17,0,0,0,0,0,0,0,0,7,1,1,0,0,0,0,0,0,0,0,KRBKRNvK,DRAW,8/r3k3/8/n7/8/2R5/K7/4B3 w - - 0 1
0,1,0,0,0,0,0,1,-1,1,0,1,1,1,0,0,0,0,0,16,0,0,5,1,6,6,3,4,2,25,27,0,0,0,0,0,0,0,0,7,1,1,0,0,0,0,2,1,0,1,KRBKRNvK,DRAW,2r5/1K6/8/3R4/3B2k1/8/3n4/8 b - - 0 1
0,1,0,0,0,0,0,1,-1,1,0,1,1,1,0,0,0,0,0,16,0,0,4,7,4,3,0,3,3,19,25,0,0,0,0,0,0,0,0,7,1,1,0,0,0,0,0,0,1,0,KRBKRNvK,DRAW,2n5/8/7B/7K/8/r7/1R6/3k4 b - - 0 1
1,1,0,0,0,0,0,1,-1,1,0,1,1,1,0,0,0,0,0,16,0,0,3,4,1,3,4,2,0,19,17,0,0,0,0,0,0,0,0,7,1,1,0,0,0,0,0,4,0,0,KRBKRNvK,DRAW,n7/8/B7/2rk4/8/8/4K3/4R3 w - - 0 1
1,1,0,0,0,0,0,1,-1,1,0,1,1,1,0,0,0,0,0,16,0,0,2,5,2,3,3,2,0,23,19,0,0,0,0,0,0,0,0,7,1,1,0,0,0,0,3,3,0,2,KRBKRNvK,DRAW,5B2/8/8/R7/3k1n1r/5K2/8/8 w - - 0 1
0,1,0,0,0,0,0,1,-1,1,0,1,1,1,0,0,0,0,0,16,0,0,4,4,4,4,0,0,3,22,25,0,0,0,0,0,0,0,0,7,1,1,0,0,0,0,3,0,0,0,KRBKRNvK,DRAW,6r1/8/B7/4K3/2R5/8/8/3nk3 b - - 0 1
0,1,0,0,0,0,0,1,-1,1,0,1,1,1,0,0,0,0,0,16,0,0,2,2,6,3,4,3,0,23,21,0,0,0,0,0,0,0,0,7,1,1,0,0,0,0,1,3,2,1,KRBKRNvK,WIN,8/2K5/1Bn5/3k4/8/1R6/8/2r5 b - - 0 1
0,1,0,0,0,0,0,1,-1,1,0,1,1,1,0,0,0,0,0,16,0,0,4,0,2,4,6,4,2,24,20,0,0,0,0,0,0,0,0,7,1,1,0,1,0,0,2,1,0,0,KRBKRNvK,DRAW,8/4k3/8/1R6/8/K7/3n2r1/2B5 b - - 0 1
1,1,0,0,0,0,0,1,-1,1,0,1,1,1,0,0,0,0,0,16,0,0,6,6,6,6,0,4,5,27,27,0,0,0,0,0,0,0,0,7,1,1,0,1,0,0,2,3,0,0,KRBKRNvK,DRAW,8/6K1/1R6/2n5/8/8/3r4/B5k1 w - - 0 1
1,1,0,0,0,0,0,1,-1,1,0,1,1,1,0,0,0,0,0,16,0,0,4,5,3,5,7,1,4,26,20,0,0,0,0,0,0,0,0,7,1,1,0,0,0,0,4,2,0,0,KRBKRNvK,DRAW,5k2/n3r3/B7/8/5K2/8/3R4/8 w - - 0 1
1,1,0,0,0,0,0,1,-1,1,0,1,1,1,0,0,0,0,0,16,0,0,5,5,5,3,0,2,3,18,23,0,0,0,0,0,0,0,0,7,1,1,0,0,0,0,2,2,0,1,KRBKRNvK,DRAW,4r3/6B1/5K2/6R1/8/8/8/3k1n2 w - - 0 1
0,1,0,0,0,0,0,1,-1,1,0,1,1,1,0,0,0,0,0,16,0,0,5,7,6,2,4,5,1,23,23,0,0,0,0,0,0,0,0,7,1,1,0,0,0,0,2,4,0,0,KRBKRNvK,DRAW,8/6BK/n3r3/2k5/8/6R1/8/8 b - - 0 1
0,1,0,0,0,0,0,1,-1,1,0,1,1,1,0,0,0,0,0,16,0,0,5,3,7,6,2,3,3,6,0,1,0,0,0,0,0,0,0,7,1,1,0,0,0,0,2,0,2,0,KRBKRNvK,DRAW,3K2n1/r7/8/7R/7B/6k1/8/8 b - - 0 1
0,1,0,0,0,0,0,1,-1,1,0,1,1,1,0,0,0,0,0,16,0,0,4,2,6,3,2,3,1,7,0,1,0,0,0,0,0,0,0,7,1,1,0,1,0,0,0,3,0,0,KRBKRNvK,DRAW,5B2/2K5/8/8/2n5/3k3R/5r2/8 b - - 0 1
0,1,0,0,0,0,0,1,-1,1,0,1,1,1,0,0,0,0,0,16,0,0,6,3,1,0,7,2,6,1,0,1,0,0,0,0,0,0,0,7,1,1,1,0,0,0,2,2,0,1,KRBKRNvK,DRAW,k7/4R3/8/3B4/5r2/8/3K4/7n b - - 0 1
0,1,0,0,0,0,0,1,-1,1,0,1,1,1,0,0,0,0,0,16,0,0,2,4,5,3,7,1,3,4,0,1,0,0,0,0,0,0,0,7,1,1,0,0,0,0,2,0,0,0,KRBKRNvK,DRAW,3k4/8/4K3/6B1/8/n7/1R6/5r2 b - - 0 1
0,1,0,0,0,0,0,1,-1,1,0,1,1,1,0,0,0,0,0,16,0,0,3,0,3,3,3,3,0,4,0,1,0,0,0,0,0,0,0,7,1,1,0,0,0,0,1,3,2,0,KRBKRNvK,DRAW,4r1n1/8/8/8/K2k4/3R4/2B5/8 b - - 0 1
0,1,0,0,0,0,0,1,-1,1,0,1,1,1,0,0,0,0,0,16,0,0,3,3,7,0,4,3,3,4,0,1,0,0,0,0,0,0,0,7,1,1,0,1,0,0,2,0,1,0,KRBKRNvK,LOSS,3K4/8/8/k7/8/2B5/1n3rR1/8 b - - 0 1
0,1,0,0,0,0,0,1,-1,1,0,1,1,1,0,0,0,0,0,16,0,0,5,1,1,6,0,4,5,3,0,1,0,0,0,0,0,0,0,7,1,1,0,0,0,0,1,2,0,1,KRBKRNvK,LOSS,8/8/1B6/r7/8/n7/1KR5/6k1 b - - 0 1
0,1,0,0,0,0,0,1,-1,1,0,1,1,1,0,0,0,0,0,16,0,0,4,4,1,4,5,2,1,15,25,0,0,0,0,0,0,0,0,7,1,1,0,0,0,0,2,3,1,0,KRBKRNvK,DRAW,8/8/2B1kn1R/5r2/8/8/4K3/8 b - - 0 1
1,1,0,0,0,0,0,1,-1,1,0,1,1,1,0,0,0,0,0,16,0,0,5,4,0,7,5,3,4,17,19,0,0,0,0,0,0,0,0,7,1,1,0,0,0,0,1,2,1,0,KRBKRNvK,DRAW,8/3r4/6Bk/8/8/7n/8/4K1R1 w - - 0 1
1,1,0,0,0,0,0,1,-1,1,0,1,1,1,0,0,0,0,0,16,0,0,4,1,1,5,2,4,2,25,18,0,0,0,0,0,0,0,0,7,1,1,0,0,0,0,3,2,1,0,KRBKRNvK,DRAW,8/6Br/8/1n6/6R1/5k2/1K6/8 w - - 0 1
0,1,0,0,0,0,0,1,-1,1,0,1,1,1,0,0,0,0,0,16,0,0,6,6,1,7,7,4,6,2,0,1,0,0,0,0,0,0,0,7,1,1,0,0,0,0,3,1,0,1,KRBKRNvK,LOSS,7k/1Bn5/8/8/7R/5r2/6K1/8 b - - 0 1
0,1,0,0,0,0,0,1,-1,1,0,1,1,1,0,0,0,0,0,16,0,0,4,3,2,7,2,1,4,21,31,0,0,0,0,0,0,0,0,7,1,1,0,1,0,0,2,0,0,0,KRBKRNvK,DRAW,8/n7/5R2/3B4/8/3K3k/6r1/8 b - - 0 1
1,1,0,0,0,0,0,1,-1,1,0,1,1,1,0,0,0,0,0,16,0,0,2,7,6,5,7,5,4,29,18,0,0,0,0,0,0,0,0,7,1,1,0,0,0,0,1,2,1,0,KRBKRNvK,DRAW,5k2/7K/6R1/8/3Br3/7n/8/8 w - - 0 1
1,1,0,0,0,0,0,1,-1,1,0,1,1,1,0,0,0,0,0,16,0,0,3,2,3,4,0,1,3,27,20,0,0,0,0,0,0,0,0,7,1,1,0,0,0,0,2,0,1,0,KRBKRNvK,DRAW,5R2/6r1/8/8/2K5/8/8/2nBk3 w - - 0 1
1,1,0,0,0,0,0,1,-1,1,0,1,1,1,0,0,0,0,0,16,0,0,5,4,6,6,1,2,4,26,17,0,0,0,0,0,0,0,0,7,1,1,0,0,0,0,0,0,1,0,KRBKRNvK,DRAW,8/4K3/7n/8/7B/2R5/6k1/7r w - - 0 1
1,1,0,0,0,0,0,1,-1,1,0,1,1,1,0,0,0,0,0,16,0,0,4,4,5,2,1,1,3,29,22,0,0,0,0,0,0,0,0,7,1,1,1,0,0,0,2,0,0,0,KRBKRNvK,DRAW,8/6R1/4K3/8/n6B/2r5/2k5/8 w - - 0 1
1,1,0,0,0,0,0,1,-1,1,0,1,1,1,0,0,0,0,0,16,0,0,6,6,2,0,1,3,5,17,22,0,0,0,0,0,0,0,0,7,1,1,0,1,0,0,0,0,0,0,KRBKRNvK,DRAW,8/8/6R1/8/n7/6K1/k1r4B/8 w - - 0 1
0,1,0,0,0,0,0,1,-1,1,0,1,1,1,0,0,0,0,0,16,0,0,4,4,3,0,1,0,5,26,16,0,0,0,0,0,0,0,0,7,1,1,0,0,0,0,3,0,0,2,KRBKRNvK,DRAW,8/7B/8/3n1R2/4K3/2r5/k7/8 b - - 0 1
0,1,0,0,0,0,0,1,-1,1,0,1,1,1,0,0,0,0,0,16,0,0,5,0,2,5,2,4,2,25,24,0,0,0,0,0,0,0,0,7,1,1,0,0,0,0,3,3,0,0,KRBKRNvK,DRAW,5n1B/8/8/1R6/4r3/K4k2/8/8 b - - 0 1
0,1,0,0,0,0,0,1,-1,1,0,1,1,1,0,0,0,0,0,16,0,0,6,7,4,1,2,3,3,23,17,0,0,0,0,0,0,0,0,7,1,1,0,1,0,0,0,0,0,0,KRBKRNvK,DRAW,8/8/B7/7K/8/1k6/6rn/7R b - - 0 1
0,1,0,0,0,0,0,1,-1,1,0,1,1,1,0,0,0,0,0,16,0,0,2,4,3,2,2,0,2,6,0,1,0,0,0,0,0,0,0,7,1,1,0,0,0,0,3,2,0,0,KRBKRNvK,DRAW,8/3r4/8/1n6/4K3/2k4R/5B2/8 b - - 0 1
1,1,0,0,0,0,0,1,-1,1,0,1,1,1,0,0,0,0,0,16,0,0,4,7,6,3,5,5,1,27,26,0,0,0,0,0,0,0,0,7,1,1,0,0,0,0,3,4,1,0,KRBKRNvK,DRAW,8/7K/3k4/3Bn3/r7/3R4/8/8 w - - 0 1
1,1,0,0,0,0,0,1,-1,1,0,1,1,1,0,0,0,0,0,16,0,0,3,6,5,3,3,3,0,29,14,0,0,0,0,0,0,0,0,7,1,1,0,0,0,0,2,4,1,0,KRBKRNvK,DRAW,8/8/n5K1/6R1/r2kB3/8/8/8 w - - 0 1
1,1,0,0,0,0,0,1,-1,1,0,1,1,1,0,0,0,0,0,16,0,0,7,7,3,0,7,3,6,4,0,1,0,0,0,0,0,0,0,7,1,1,1,1,0,0,2,0,0,1,KRBKRNvK,DRAW,k6n/4R3/8/5B2/7K/8/7r/8 w - - 0 1
1,1,0,0,0,0,0,1,-1,1,0,1,1,1,0,0,0,0,0,16,0,0,6,7,7,1,7,6,5,5,0,1,0,0,0,0,0,0,0,7,1,1,0,0,0,0,1,0,1,0,KRBKRNvK,DRAW,1k5K/8/3R4/3n2B1/8/7r/8/8 w - - 0 1
1,1,0,0,0,0,0,1,-1,1,0,1,1,1,0,0,0,0,0,16,0,0,5,4,6,6,1,2,4,21,24,0,0,0,0,0,0,0,0,7,1,1,1,0,0,0,1,3,0,0,KRBKRNvK,DRAW,1B6/R3K3/8/8/8/8/5nk1/3r4 w - - 0 1
0,1,0,0,0,0,0,1,-1,1,0,1,1,1,0,0,0,0,0,16,0,0,3,0,0,2,3,6,1,21,23,0,0,0,0,0,0,0,0,7,1,1,1,0,0,0,0,3,0,1,KRBKRNvK,DRAW,5B2/1R6/8/6r1/2k5/n7/8/K7 b - - 0 1
1,1,0,0,0,0,0,1,-1,1,0,1,1,1,0,0,0,0,0,16,0,0,2,4,3,2,2,0,2,3,0,1,0,0,0,0,0,0,0,7,1,1,0,0,0,0,4,2,2,1,KRBKRNvK,DRAW,8/8/8/8/4Kr2/2k4n/8/RB6 w - - 0 1
1,1,0,0,0,0,0,1,-1,1,0,1,1,1,0,0,0,0,0,16,0,0,6,0,5,6,7,4,5,4,0,1,0,0,0,0,0,0,0,7,1,1,0,0,0,0,2,3,0,0,KRBKRNvK,DRAW,6k1/8/K2r4/7R/6n1/8/4B3/8 w - - 0 1
1,1,0,0,0,0,0,1,-1,1,0,1,1,1,0,0,0,0,0,16,0,0,5,4,2,0,7,1,6,6,0,1,0,0,0,0,0,0,0,7,1,1,0,0,0,0,2,2,0,0,KRBKRNvK,DRAW,k3r1n1/8/8/8/8/4K3/1R6/5B2 w - - 0 1
0,1,0,0,0,0,0,1,-1,1,0,1,1,1,0,0,0,0,0,16,0,0,3,1,0,4,0,5,3,22,21,0,0,0,0,0,0,0,0,7,1,1,0,0,0,0,3,2,0,0,KRBKRNvK,DRAW,7B/8/8/4r1n1/1R6/8/8/1K2k3 b - - 0 1
1,1,0,0,0,0,0,1,-1,1,0,1,1,1,0,0,0,0,0,16,0,0,4,0,1,4,3,5,0,4,0,1,0,0,0,0,0,0,0,7,1,1,0,1,0,0,0,3,0,0,KRBKRNvK,DRAW,1n6/8/8/8/B3k3/1R6/K2r4/8 w - - 0 1
0,1,0,0,0,0,0,1,-1,1,0,1,1,1,0,0,0,0,0,16,0,0,6,3,7,6,1,3,4,25,24,0,0,0,0,0,0,0,0,7,1,1,0,0,0,0,2,2,0,0,KRBKRNvK,DRAW,3K4/8/4R3/2r5/B7/8/6k1/5n2 b - - 0 1
1,1,0,0,0,0,0,1,-1,1,0,1,1,1,0,0,0,0,0,16,0,0,3,7,0,7,3,6,3,2,0,1,0,0,0,0,0,0,0,7,1,1,0,0,0,0,1,1,0,0,KRBKRNvK,DRAW,8/8/8/4n3/4B2k/1R6/8/4r2K w - - 0 1
0,1,0,0,0,0,0,1,-1,1,0,1,1,1,0,0,0,0,0,16,0,0,5,0,5,5,7,4,4,18,22,0,0,0,0,0,0,0,0,7,1,1,1,0,0,0,0,2,0,0,KRBKRNvK,DRAW,2B2k2/1R6/K7/8/6r1/8/7n/8 b - - 0 1
0,1,0,0,0,0,0,1,-1,1,0,1,1,1,0,0,0,0,0,16,0,0,3,2,1,5,4,3,1,5,0,1,0,0,0,0,0,0,0,7,1,1,0,0,0,0,1,3,1,0,KRBKRNvK,LOSS,1n6/2B5/8/1r3k1R/8/8/2K5/8 b - - 0 1
0,1,0,0,0,0,0,1,-1,1,0,1,1,1,0,0,0,0,0,16,0,0,4,0,3,4,5,3,1,7,0,1,0,0,0,0,0,0,0,7,1,1,0,0,0,0,1,2,1,0,KRBKRNvK,DRAW,2r3R1/8/4k3/8/K7/8/B7/4n3 b - - 0 1
1,1,0,0,0,0,0,1,-1,1,0,1,1,1,0,0,0,0,0,16,0,0,4,0,4,3,0,3,3,21,19,0,0,0,0,0,0,0,0,7,1,1,0,0,0,0,0,0,0,2,KRBKRNvK,DRAW,4B3/n7/8/K7/8/2r5/R7/3k4 w - - 0 1
1,1,0,0,0,0,0,1,-1,1,0,1,1,1,0,0,0,0,0,16,0,0,7,7,3,0,7,3,6,25,17,0,0,0,0,0,0,0,0,7,1,1,0,0,0,0,3,0,1,0,KRBKRNvK,DRAW,k7/B6n/r7/1R6/7K/8/8/8 w - - 0 1
0,1,0,0,0,0,0,1,-1,1,0,1,1,1,0,0,0,0,0,16,0,0,4,6,2,2,2,3,2,11,31,0,0,0,0,0,0,0,0,7,1,1,0,0,0,0,1,2,1,0,KRBKRNvK,DRAW,8/8/8/2B5/1n6/1rk3K1/7R/8 b - - 0 1
0,1,0,0,0,0,0,1,-1,1,0,1,1,1,0,0,0,0,0,16,0,0,6,0,1,4,7,5,3,21,25,0,0,0,0,0,0,0,0,7,1,1,0,0,0,0,2,2,1,1,KRBKRNvK,DRAW,3nk3/6B1/8/8/1r6/8/K7/7R b - - 0 1
0,1,0,0,0,0,0,1,-1,1,0,1,1,1,0,0,0,0,0,16,0,0,4,3,4,7,6,0,5,25,22,0,0,0,0,0,0,0,0,7,1,1,0,0,0,0,4,1,0,1,KRBKRNvK,DRAW,8/7k/8/3K4/7B/5r2/2nR4/8 b - - 0 1
1,1,0,0,0,0,0,1,-1,1,0,1,1,1,0,0,0,0,0,16,0,0,5,0,5,5,2,4,2,23,24,0,0,0,0,0,0,0,0,7,1,1,0,1,0,0,2,3,1,0,KRBKRNvK,DRAW,8/8/K3n2B/7R/8/5k2/4r3/8 w - - 0 1
0,1,0,0,0,0,0,1,-1,1,0,1,1,1,0,0,0,0,0,16,0,0,6,0,0,6,4,6,2,10,19,0,0,0,0,0,0,0,0,7,1,1,0,0,0,0,0,2,0,0,KRBKRNvK,LOSS,7R/8/7n/6k1/5r2/8/3B4/K7 b - - 0 1
1,1,0,0,0,0,0,1,-1,1,0,1,1,1,0,0,0,0,0,16,0,0,4,2,3,6,6,1,4,7,0,1,0,0,0,0,0,0,0,7,1,1,0,0,0,0,2,1,0,0,KRBKRNvK,DRAW,8/6k1/8/8/2K1B3/8/1R3n2/2r5 w - - 0 1
0,1,0,0,0,0,0,1,-1,1,0,1,1,1,0,0,0,0,0,16,0,0,4,1,4,1,0,2,5,25,22,0,0,0,0,0,0,0,0,7,1,1,1,0,0,0,1,2,0,0,KRBKRNvK,DRAW,8/4R3/4B3/1K2n3/6r1/8/8/1k6 b - - 0 1
0,1,0,0,0,0,0,1,-1,1,0,1,1,1,0,0,0,0,0,16,0,0,5,2,1,7,1,3,5,3,0,1,0,0,0,0,0,0,0,7,1,1,0,0,0,0,3,1,0,0,KRBKRNvK,DRAW,6r1/8/1n1B4/8/8/8/2K4k/3R4 b - - 0 1
1,1,0,0,0,0,0,1,-1,1,0,1,1,1,0,0,0,0,0,16,0,0,4,7,5,6,1,4,4,22,23,0,0,0,0,0,0,0,0,7,1,1,0,0,0,0,0,0,1,0,KRBKRNvK,WIN,6R1/1r6/7K/8/6B1/8/6k1/5n2 w - - 0 1
1,1,0,0,0,0,0,1,-1,1,0,1,1,1,0,0,0,0,0,16,0,0,2,2,1,4,1,3,2,22,24,0,0,0,0,0,0,0,0,7,1,1,1,0,0,0,1,2,1,1,KRBKRNvK,DRAW,8/2R5/4n3/8/8/3r2B1/2K1k3/8 w - - 0 1
1,1,0,0,0,0,0,1,-1,1,0,1,1,1,0,0,0,0,0,16,0,0,5,6,1,1,3,4,2,7,0,1,0,0,0,0,0,0,0,7,1,1,0,0,0,0,1,0,1,0,KRBKRNvK,DRAW,6r1/8/8/8/nk6/3B4/6K1/3R4 w - - 0 1
0,1,0,0,0,0,0,1,-1,1,0,1,1,1,0,0,0,0,0,16,0,0,2,5,6,7,4,3,3,20,30,0,0,0,0,0,0,0,0,7,1,1,0,0,0,0,1,0,0,0,KRBKRNvK,DRAW,8/5K2/1R6/n6k/8/4B3/8/2r5 b - - 0 1
0,1,0,0,0,0,0,1,-1,1,0,1,1,1,0,0,0,0,0,16,0,0,4,6,3,2,5,2,2,22,23,0,0,0,0,0,0,0,0,7,1,1,0,0,0,0,2,1,0,0,KRBKRNvK,DRAW,8/8/2k5/5B2/5RK1/8/8/nr6 b - - 0 1
1,1,0,0,0,0,0,1,-1,1,0,1,1,1,0,0,0,0,0,16,0,0,2,1,5,1,7,3,5,24,22,0,0,0,0,0,0,0,0,7,1,1,0,0,0,0,2,2,0,0,KRBKRNvK,WIN,1k6/8/1K5R/8/8/8/3n4/B3r3 w - - 0 1
1,1,0,0,0,0,0,1,-1,1,0,1,1,1,0,0,0,0,0,16,0,0,5,7,1,6,6,5,4,23,24,0,0,0,0,0,0,0,0,7,1,1,0,0,0,0,2,1,1,0,KRBKRNvK,DRAW,8/6k1/8/5R2/5B2/8/2n4K/1r6 w - - 0 1
0,1,0,0,0,0,0,1,-1,1,0,1,1,1,0,0,0,0,0,16,0,0,3,3,0,0,0,3,6,3,0,1,0,0,0,0,0,0,0,7,1,1,0,0,0,0,2,2,0,0,KRBKRNvK,LOSS,8/2n5/5B1R/7r/8/8/8/k2K4 b - - 0 1
0,1,0,0,0,0,0,1,-1,1,0,1,1,1,0,0,0,0,0,16,0,0,4,1,3,5,6,2,3,6,0,1,0,0,0,0,0,0,0,7,1,1,1,0,0,0,0,1,0,0,KRBKRNvK,DRAW,8/R4k1r/8/8/1K3n2/8/7B/8 b - - 0 1
0,1,0,0,0,0,0,1,-1,1,0,1,1,1,0,0,0,0,0,16,0,0,7,7,6,0,1,5,5,19,25,0,0,0,0,0,0,0,0,7,1,1,0,0,0,0,3,0,0,0,KRBKRNvK,DRAW,2r5/6BK/n7/1R6/8/8/k7/8 b - - 0 1
0,1,0,0,0,0,0,1,-1,1,0,1,1,1,0,0,0,0,0,16,0,0,4,7,0,3,0,6,3,3,0,1,0,0,0,0,0,0,0,7,1,1,0,0,0,0,2,0,0,0,KRBKRNvK,DRAW,8/n7/2B5/8/8/1r6/8/3k2RK b - - 0 1
0,1,0,0,0,0,0,1,-1,1,0,1,1,1,0,0,0,0,0,16,0,0,5,6,5,2,0,3,4,20,31,0,0,0,0,0,0,0,0,7,1,1,0,0,0,0,0,0,1,0,KRBKRNvK,DRAW,1R6/8/6K1/8/8/r7/4B3/2k1n3 b - - 0 1
1,1,0,0,0,0,0,1,-1,1,0,1,1,1,0,0,0,0,0,16,0,0,3,1,5,4,5,3,1,3,0,1,0,0,0,0,0,0,0,7,1,1,0,0,0,0,3,2,0,2,KRBKRNvK,DRAW,8/8/1K2k3/2r5/n7/8/8/1B1R4 w - - 0 1
0,1,0,0,0,0,0,1,-1,1,0,1,1,1,0,0,0,0,0,16,0,0,6,0,3,6,5,3,3,23,28,0,0,0,0,0,0,0,0,7,1,1,0,0,0,0,3,0,0,0,KRBKRNvK,DRAW,3R4/7r/6k1/8/K2B4/8/8/4n3 b - - 0 1
0,1,0,0,0,0,0,1,-1,1,0,1,1,1,0,0,0,0,0,16,0,0,7,4,7,1,0,3,5,22,32,0,0,0,0,0,0,0,0,7,1,1,0,0,0,0,1,2,0,0,KRBKRNvK,DRAW,4K3/8/n7/3B4/7r/6R1/8/1k6 b - - 0 1
1,1,0,0,0,0,0,1,-1,1,0,1,1,1,0,0,0,0,0,16,0,0,6,7,1,4,7,5,3,2,0,1,0,0,0,0,0,0,0,7,1,1,0,0,0,0,1,1,1,0,KRBKRNvK,DRAW,4k3/2B4r/8/8/8/5R2/4n2K/8 w - - 0 1
1,1,0,0,0,0,0,1,-1,1,0,1,1,1,0,0,0,0,0,16,0,0,2,7,1,6,3,5,2,4,0,1,0,0,0,0,0,0,0,7,1,1,0,0,0,0,2,1,1,0,KRBKRNvK,DRAW,8/8/5B1r/3R4/2n3k1/8/7K/8 w - - 0 1
1,1,0,0,0,0,0,1,-1,1,0,1,1,1,0,0,0,0,0,16,0,0,4,0,5,0,1,4,5,25,21,0,0,0,0,0,0,0,0,7,1,1,0,0,0,0,2,2,0,1,KRBKRNvK,DRAW,n7/8/K6B/4R3/8/3r4/k7/8 w - - 0 1
0,1,0,0,0,0,0,1,-1,1,0,1,1,1,0,0,0,0,0,16,0,0,5,2,7,7,3,4,3,3,0,1,0,0,0,0,0,0,0,7,1,1,1,0,0,0,1,2,1,2,KRBKRNvK,DRAW,2Kn4/7R/4r1B1/8/7k/8/8/8 b - - 0 1
1,1,0,0,0,0,0,1,-1,1,0,1,1,1,0,0,0,0,0,16,0,0,3,1,4,4,1,2,2,26,25,0,0,0,0,0,0,0,0,7,1,1,0,0,0,0,2,0,1,0,KRBKRNvK,DRAW,8/8/8/1K2n3/1B3R2/8/4k3/6r1 w - - 0 1
1,1,0,0,0,0,0,1,-1,1,0,1,1,1,0,0,0,0,0,16,0,0,4,7,4,3,6,3,2,4,0,1,0,0,0,0,0,0,0,7,1,1,0,0,0,0,2,2,0,0,KRBKRNvK,DRAW,8/3k4/8/1r5K/7R/8/5B2/1n6 w - - 0 1
0,1,0,0,0,0,0,1,-1,1,0,1,1,1,0,0,0,0,0,16,0,0,4,0,2,0,6,4,5,23,23,0,0,0,0,0,0,0,0,7,1,1,0,0,0,0,2,3,0,1,KRBKRNvK,DRAW,8/k7/8/5R2/1n5r/K7/8/2B5 b - - 0 1
1,1,0,0,0,0,0,1,-1,1,0,1,1,1,0,0,0,0,0,16,0,0,3,6,2,7,5,3,4,26,22,0,0,0,0,0,0,0,0,7,1,1,0,0,0,0,2,2,1,0,KRBKRNvK,DRAW,7B/8/7k/8/2r5/6K1/2n5/1R6 w - - 0 1
0,1,0,0,0,0,0,1,-1,1,0,1,1,1,0,0,0,0,0,16,0,0,3,0,6,1,3,5,2,25,27,0,0,0,0,0,0,0,0,7,1,1,1,0,0,0,3,1,1,0,KRBKRNvK,DRAW,8/K2R4/8/8/1k6/1n6/1B6/6r1 b - - 0 1
0,1,0,0,0,0,0,1,-1,1,0,1,1,1,0,0,0,0,0,16,0,0,4,4,0,0,2,3,4,3,0,1,0,0,0,0,0,0,0,7,1,1,0,0,0,0,1,0,1,0,KRBKRNvK,DRAW,8/8/8/1rB5/4n3/k6R/8/4K3 b - - 0 1
1,1,0,0,0,0,0,1,-1,1,0,1,1,1,0,0,0,0,0,16,0,0,5,6,3,1,4,2,2,17,24,0,0,0,0,0,0,0,0,7,1,1,0,0,0,0,0,3,0,1,KRBKRNvK,DRAW,2B3R1/5n2/8/1k2r3/6K1/8/8/8 w - - 0 1
1,1,0,0,0,0,0,1,-1,1,0,1,1,1,0,0,0,0,0,16,0,0,5,5,1,0,0,3,6,29,14,0,0,0,0,0,0,0,0,7,1,1,0,0,0,0,2,0,0,0,KRBKRNvK,DRAW,3r4/8/3B4/n7/8/8/4RK2/k7 w - - 0 1
1,1,0,0,0,0,0,1,-1,1,0,1,1,1,0,0,0,0,0,16,0,0,5,2,5,0,0,2,6,25,17,0,0,0,0,0,0,0,0,7,1,1,1,0,0,0,3,0,0,0,KRBKRNvK,DRAW,3B4/4R3/2K4n/8/8/8/8/k6r w - - 0 1
0,1,0,0,0,0,0,1,-1,1,0,1,1,1,0,0,0,0,0,16,0,0,6,1,7,7,2,5,4,4,0,1,0,0,0,0,0,0,0,7,1,1,0,0,0,0,0,2,1,0,KRBKRNvK,DRAW,1K6/8/8/1Br5/8/5R1k/8/n7 b - - 0 1
1,1,0,0,0,0,0,1,-1,1,0,1,1,1,0,0,0,0,0,16,0,0,6,0,1,6,0,5,5,4,0,1,0,0,0,0,0,0,0,7,1,1,0,0,0,0,3,3,1,1,KRBKRNvK,LOSS,B7/8/8/8/8/2nrR3/K7/6k1 w - - 0 1
1,1,0,0,0,0,0,1,-1,1,0,1,1,1,0,0,0,0,0,16,0,0,3,0,2,3,5,4,1,4,0,1,0,0,0,0,0,0,0,7,1,1,0,0,0,0,0,3,1,0,KRBKRNvK,DRAW,4B3/8/3k4/8/8/K5r1/5n2/R7 w - - 0 1
1,1,0,0,0,0,0,1,-1,1,0,1,1,1,0,0,0,0,0,16,0,0,6,7,7,7,1,6,5,2,0,1,0,0,0,0,0,0,0,7,1,1,0,0,0,0,4,1,0,0,KRBKRNvK,DRAW,4r2K/4n3/8/4R3/8/8/1B5k/8 w - - 0 1
0,1,0,0,0,0,0,1,-1,1,0,1,1,1,0,0,0,0,0,16,0,0,3,2,0,5,0,4,4,22,23,0,0,0,0,0,0,0,0,7,1,1,0,0,0,0,3,0,1,0,KRBKRNvK,DRAW,8/8/1r6/2R5/7n/8/8/2K2k1B b - - 0 1
1,1,0,0,0,0,0,1,-1,1,0,1,1,1,0,0,0,0,0,16,0,0,6,0,6,4,0,5,3,26,18,0,0,0,0,0,0,0,0,7,1,1,0,0,0,0,2,2,1,0,KRBKRNvK,DRAW,8/K7/3r3n/8/8/5B2/R7/4k3 w - - 0 1
0,1,0,0,0,0,0,1,-1,1,0,1,1,1,0,0,0,0,0,16,0,0,5,3,1,7,6,2,5,23,27,0,0,0,0,0,0,0,0,7,1,1,0,0,0,0,2,1,1,1,KRBKRNvK,DRAW,1B6/5r1k/8/6R1/8/3n4/3K4/8 b - - 0 1
0,1,0,0,0,0,0,1,-1,1,0,1,1,1,0,0,0,0,0,16,0,0,7,0,0,6,7,6,5,22,26,0,0,0,0,0,0,0,0,7,1,1,0,0,0,0,3,2,0,1,KRBKRNvK,DRAW,6k1/8/2B5/7r/R7/8/8/Kn6 b - - 0 1
1,1,0,0,0,0,0,1,-1,1,0,1,1,1,0,0,0,0,0,16,0,0,4,4,7,5,3,3,1,24,21,0,0,0,0,0,0,0,0,7,1,1,0,0,0,0,2,2,0,0,KRBKRNvK,DRAW,4K3/8/8/4n3/5k2/R7/8/4r2B w - - 0 1
1,1,0,0,0,0,0,1,-1,1,0,1,1,1,0,0,0,0,0,16,0,0,2,6,6,4,6,4,2,29,15,0,0,0,0,0,0,0,0,7,1,1,0,0,0,0,1,2,0,0,KRBKRNvK,DRAW,8/1n1rk1K1/8/8/5B2/8/7R/8 w - - 0 1
0,1,0,0,0,0,0,1,-1,1,0,1,1,1,0,0,0,0,0,16,0,0,3,7,5,4,3,4,0,6,0,1,0,0,0,0,0,0,0,7,1,1,0,0,0,0,2,3,2,0,KRBKRNvK,LOSS,r7/8/2B4K/8/4k3/5n2/5R2/8 b - - 0 1
0,1,0,0,0,0,0,1,-1,1,0,1,1,1,0,0,0,0,0,16,0,0,4,0,0,0,4,6,3,21,19,0,0,0,0,0,0,0,0,7,1,1,0,0,0,0,0,1,1,0,KRBKRNvK,WIN,r7/8/7B/k7/2n5/2R5/8/K7 b - - 0 1
1,1,0,0,0,0,0,1,-1,1,0,1,1,1,0,0,0,0,0,16,0,0,5,7,2,6,7,4,5,24,23,0,0,0,0,0,0,0,0,7,1,1,0,0,0,0,2,3,0,0,KRBKRNvK,DRAW,4r1k1/8/5n2/8/1R6/7K/8/5B2 w - - 0 1
1,1,0,0,0,0,0,1,-1,1,0,1,1,1,0,0,0,0,0,16,0,0,4,5,1,1,3,3,2,21,20,0,0,0,0,0,0,0,0,7,1,1,0,0,0,0,2,0,2,1,KRBKRNvK,DRAW,8/8/6r1/8/1k6/8/1BR2K2/6n1 w - - 0 1
0,1,0,0,0,0,0,1,-1,1,0,1,1,1,0,0,0,0,0,16,0,0,2,0,5,0,7,4,6,21,20,0,0,0,0,0,0,0,0,7,1,1,0,1,0,0,0,1,0,0,KRBKRNvK,DRAW,k7/4n3/K7/8/8/8/6r1/3B1R2 b - - 0 1
0,1,0,0,0,0,0,1,-1,1,0,1,1,1,0,0,0,0,0,16,0,0,2,2,5,4,4,2,0,4,0,1,0,0,0,0,0,0,0,7,1,1,0,0,0,0,2,4,0,0,KRBKRNvK,DRAW,8/8/2K3n1/R3k3/8/5r2/3B4/8 b - - 0 1
1,1,0,0,0,0,0,1,-1,1,0,1,1,1,0,0,0,0,0,16,0,0,7,0,7,0,0,6,6,2,0,1,0,0,0,0,0,0,0,7,1,1,0,0,0,0,2,2,1,0,KRBKRNvK,DRAW,K2r1n2/8/8/8/8/4R3/2B5/k7 w - - 0 1
1,1,0,0,0,0,0,1,-1,1,0,1,1,1,0,0,0,0,0,16,0,0,7,2,7,1,0,4,5,26,19,0,0,0,0,0,0,0,0,7,1,1,1,0,0,0,0,0,1,0,KRBKRNvK,DRAW,2K5/2R5/6r1/8/8/8/3B2n1/1k6 w - - 0 1
0,1,0,0,0,0,0,1,-1,1,0,1,1,1,0,0,0,0,0,16,0,0,6,7,6,1,3,5,2,22,26,0,0,0,0,0,0,0,0,7,1,1,0,0,0,0,2,2,0,0,KRBKRNvK,DRAW,6R1/7K/5B2/8/1k1r4/8/8/7n b - - 0 1
1,1,0,0,0,0,0,1,-1,1,0,1,1,1,0,0,0,0,0,16,0,0,7,6,7,3,0,5,3,29,21,0,0,0,0,0,0,0,0,7,1,1,1,0,0,0,2,0,0,1,KRBKRNvK,DRAW,4n1K1/1R6/2r2B2/8/8/8/8/3k4 w - - 0 1
1,1,0,0,0,0,0,1,-1,1,0,1,1,1,0,0,0,0,0,16,0,0,2,5,5,4,3,2,0,4,0,1,0,0,0,0,0,0,0,7,1,1,0,0,0,0,3,3,1,0,KRBKRNvK,DRAW,8/8/r4K2/7R/4k3/2B5/8/5n2 w - - 0 1
0,1,0,0,0,0,0,1,-1,1,0,1,1,1,0,0,0,0,0,16,0,0,3,3,5,1,2,1,3,27,24,0,0,0,0,0,0,0,0,7,1,1,0,0,0,0,4,3,0,1,KRBKRNvK,DRAW,4R3/8/3K2n1/8/2r5/1k6/8/6B1 b - - 0 1
1,1,0,0,0,0,0,1,-1,1,0,1,1,1,0,0,0,0,0,16,0,0,5,4,0,0,5,3,4,4,0,1,0,0,0,0,0,0,0,7,1,1,1,0,0,0,0,2,1,0,KRBKRNvK,DRAW,8/2RB4/k7/4r1n1/8/8/8/4K3 w - - 0 1
0,1,0,0,0,0,0,1,-1,1,0,1,1,1,0,0,0,0,0,16,0,0,4,3,0,7,0,3,6,3,0,1,0,0,0,0,0,0,0,7,1,1,0,0,0,0,2,2,0,0,KRBKRNvK,DRAW,7B/8/7R/1r6/8/8/6n1/3K3k b - - 0 1
1,1,0,0,0,0,0,1,-1,1,0,1,1,1,0,0,0,0,0,16,0,0,3,4,3,4,0,0,3,25,17,0,0,0,0,0,0,0,0,7,1,1,0,0,0,0,4,0,0,0,KRBKRNvK,DRAW,3B4/8/8/8/R3K3/8/8/1r2k2n w - - 0 1
0,1,0,0,0,0,0,1,-1,1,0,1,1,1,0,0,0,0,0,16,0,0,6,2,1,0,7,3,6,21,28,0,0,0,0,0,0,0,0,7,1,1,0,0,0,0,0,1,1,0,KRBKRNvK,DRAW,k4r2/8/1R2n3/8/8/8/2K1B3/8 b - - 0 1
0,1,0,0,0,0,0,1,-1,1,0,1,1,1,0,0,0,0,0,16,0,0,5,0,6,4,1,5,2,23,22,0,0,0,0,0,0,0,0,7,1,1,0,0,0,0,2,0,0,1,KRBKRNvK,DRAW,2r5/K7/8/1R6/1B6/8/4k2n/8 b - - 0 1
1,1,0,0,0,0,0,1,-1,1,0,1,1,1,0,0,0,0,0,16,0,0,3,5,7,2,7,4,4,5,0,1,0,0,0,0,0,0,0,7,1,1,0,1,0,0,2,1,0,1,KRBKRNvK,DRAW,2k2K2/3n4/8/7R/8/8/r6B/8 w - - 0 1
0,1,0,0,0,0,0,1,-1,1,0,1,1,1,0,0,0,0,0,16,0,0,3,3,7,0,4,3,3,6,0,1,0,0,0,0,0,0,0,7,1,1,0,0,0,0,4,1,0,2,KRBKRNvK,DRAW,3K4/2r5/3n4/k2R4/8/8/6B1/8 b - - 0 1
1,1,0,0,0,0,0,1,-1,1,0,1,1,1,0,0,0,0,0,16,0,0,4,4,4,0,0,0,6,6,0,1,0,0,0,0,0,0,0,7,1,1,0,1,0,0,4,3,1,0,KRBKRNvK,DRAW,8/8/4R3/4K3/8/1n6/4r3/k1B5 w - - 0 1
1,1,0,0,0,0,0,1,-1,1,0,1,1,1,0,0,0,0,0,16,0,0,4,3,3,7,3,0,3,25,19,0,0,0,0,0,0,0,0,7,1,1,0,0,0,0,3,2,1,0,KRBKRNvK,DRAW,4r3/8/8/8/3K3k/B4R2/8/n7 w - - 0 1
0,1,0,0,0,0,0,1,-1,1,0,1,1,1,0,0,0,0,0,16,0,0,4,7,1,4,5,5,1,24,25,0,0,0,0,0,0,0,0,7,1,1,0,0,0,0,0,4,1,0,KRBKRNvK,DRAW,5B2/1n6/4k3/8/r7/1R6/7K/8 b - - 0 1
1,1,0,0,0,0,0,1,-1,1,0,1,1,1,0,0,0,0,0,16,0,0,3,7,2,5,5,4,2,23,16,0,0,0,0,0,0,0,0,7,1,1,0,0,0,0,3,1,1,0,KRBKRNvK,WIN,8/B7/r4k2/7R/8/7K/n7/8 w - - 0 1
0,1,0,0,0,0,0,1,-1,1,0,1,1,1,0,0,0,0,0,16,0,0,6,5,7,7,1,4,5,2,0,1,0,0,0,0,0,0,0,7,1,1,0,0,0,0,3,0,1,0,KRBKRNvK,DRAW,2n2K2/r1B5/8/8/7R/8/7k/8 b - - 0 1
1,1,0,0,0,0,0,1,-1,1,0,1,1,1,0,0,0,0,0,16,0,0,4,7,6,5,2,5,2,1,0,1,0,0,0,0,0,0,0,7,1,1,0,1,0,0,1,2,0,1,KRBKRNvK,DRAW,2R5/7K/5nB1/8/8/5k2/7r/8 w - - 0 1
1,1,0,0,0,0,0,1,-1,1,0,1,1,1,0,0,0,0,0,16,0,0,5,6,2,1,1,3,4,26,21,0,0,0,0,0,0,0,0,7,1,1,0,0,0,0,3,2,1,1,KRBKRNvK,DRAW,7n/8/3B4/8/8/3R2K1/1k6/4r3 w - - 0 1
1,1,0,0,0,0,0,1,-1,1,0,1,1,1,0,0,0,0,0,16,0,0,2,3,6,5,4,2,1,4,0,1,0,0,0,0,0,0,0,7,1,1,0,1,0,0,2,4,0,1,KRBKRNvK,DRAW,8/1B1K4/8/4nk2/8/1R6/3r4/8 w - - 0 1
1,1,0,0,0,0,0,1,-1,1,0,1,1,1,0,0,0,0,0,16,0,0,2,3,6,4,4,2,0,27,19,0,0,0,0,0,0,0,0,7,1,1,0,1,0,0,0,3,0,1,KRBKRNvK,DRAW,5R2/3K4/8/1n2k3/1B6/8/1r6/8 w - - 0 1
1,1,0,0,0,0,0,1,-1,1,0,1,1,1,0,0,0,0,0,16,0,0,2,5,2,7,0,2,6,28,20,0,0,0,0,0,0,0,0,7,1,1,0,0,0,0,3,0,0,0,KRBKRNvK,DRAW,8/1n1B4/6r1/R7/8/5K2/8/7k w - - 0 1
1,1,0,0,0,0,0,1,-1,1,0,1,1,1,0,0,0,0,0,16,0,0,6,0,6,5,0,5,4,23,25,0,0,0,0,0,0,0,0,7,1,1,0,0,0,0,1,2,1,0,KRBKRNvK,DRAW,8/K7/1R6/5r2/8/3n4/8/5kB1 w - - 0 1
0,1,0,0,0,0,0,1,-1,1,0,1,1,1,0,0,0,0,0,16,0,0,4,7,1,3,1,5,2,4,0,1,0,0,0,0,0,0,0,7,1,1,0,0,0,0,1,0,2,1,KRBKRNvK,DRAW,8/8/2r5/8/5B2/5R2/3k3K/6n1 b - - 0 1
1,1,0,0,0,0,0,1,-1,1,0,1,1,1,0,0,0,0,0,16,0,0,2,2,6,0,6,3,5,27,15,0,0,0,0,0,0,0,0,7,1,1,0,0,0,0,1,1,0,2,KRBKRNvK,DRAW,8/k1K5/r2n4/3B4/8/8/2R5/8 w - - 0 1
1,1,0,0,0,0,0,1,-1,1,0,1,1,1,0,0,0,0,0,16,0,0,5,7,3,2,2,3,2,22,27,0,0,0,0,0,0,0,0,7,1,1,0,0,0,0,3,3,0,1,KRBKRNvK,DRAW,8/8/1r3n2/7R/7K/2k5/6B1/8 w - - 0 1
1,1,0,0,0,0,0,1,-1,1,0,1,1,1,0,0,0,0,0,16,0,0,4,0,7,1,3,6,2,19,24,0,0,0,0,0,0,0,0,7,1,1,0,0,0,0,2,2,0,0,KRBKRNvK,DRAW,K5n1/3r4/5R2/8/1k6/8/8/B7 w - - 0 1
0,1,0,0,0,0,0,1,-1,1,0,1,1,1,0,0,0,0,0,16,0,0,4,3,5,7,1,1,5,4,0,1,0,0,0,0,0,0,0,7,1,1,1,0,0,0,3,2,0,1,KRBKRNvK,DRAW,7B/2n4R/3K4/6r1/8/8/7k/8 b - - 0 1
1,1,0,0,0,0,0,1,-1,1,0,1,1,1,0,0,0,0,0,16,0,0,5,4,6,2,1,2,3,6,0,1,0,0,0,0,0,0,0,7,1,1,0,0,0,0,2,0,2,0,KRBKRNvK,DRAW,8/1r2K3/8/8/1B6/8/2k4n/4R3 w - - 0 1
0,1,0,0,0,0,0,1,-1,1,0,1,1,1,0,0,0,0,0,16,0,0,4,4,3,0,0,0,6,16,23,0,0,0,0,0,0,0,0,7,1,1,0,0,0,0,4,1,0,1,KRBKRNvK,DRAW,3B4/8/4R3/8/4K1nr/8/8/k7 b - - 0 1
0,1,0,0,0,0,0,1,-1,1,0,1,1,1,0,0,0,0,0,16,0,0,3,0,5,3,6,4,2,26,15,0,0,0,0,0,0,0,0,7,1,1,0,0,0,0,0,2,2,1,KRBKRNvK,DRAW,1R6/3k4/KB6/2r5/5n2/8/8/8 b - - 0 1
1,1,0,0,0,0,0,1,-1,1,0,1,1,1,0,0,0,0,0,16,0,0,3,2,7,1,4,4,2,5,0,1,0,0,0,0,0,0,0,7,1,1,0,0,0,0,3,1,1,1,KRBKRNvK,LOSS,2K5/4n3/8/1k6/R7/8/6B1/6r1 w - - 0 1
0,1,0,0,0,0,0,1,-1,1,0,1,1,1,0,0,0,0,0,16,0,0,3,6,7,3,7,5,3,3,0,1,0,0,0,0,0,0,0,7,1,1,0,0,0,0,2,1,0,0,KRBKRNvK,DRAW,R2k2K1/8/8/8/1n6/1r3B2/8/8 b - - 0 1
0,1,0,0,0,0,0,1,-1,1,0,1,1,1,0,0,0,0,0,16,0,0,5,6,7,7,2,5,4,20,23,0,0,0,0,0,0,0,0,7,1,1,1,0,0,0,1,2,0,0,KRBKRNvK,DRAW,6K1/R6B/8/8/8/4r2k/8/n7 b - - 0 1
1,1,0,0,0,0,0,1,-1,1,0,1,1,1,0,0,0,0,0,16,0,0,4,4,1,5,5,2,2,23,18,0,0,0,0,0,0,0,0,7,1,1,0,0,0,0,2,3,1,0,KRBKRNvK,DRAW,8/8/3r1k2/R6B/8/8/1n2K3/8 w - - 0 1
0,1,0,0,0,0,0,1,-1,1,0,1,1,1,0,0,0,0,0,16,0,0,4,1,4,5,3,2,1,6,0,1,0,0,0,0,0,0,0,7,1,1,0,0,0,0,2,2,0,1,KRBKRNvK,LOSS,8/8/r7/1K6/2R2k2/B7/6n1/8 b - - 0 1
1,1,0,0,0,0,0,1,-1,1,0,1,1,1,0,0,0,0,0,16,0,0,7,3,7,0,0,3,6,24,19,0,0,0,0,0,0,0,0,7,1,1,0,0,0,0,2,2,0,0,KRBKRNvK,DRAW,3K4/8/8/5r2/8/8/3R4/k1nB4 w - - 0 1
0,1,0,0,0,0,0,1,-1,1,0,1,1,1,0,0,0,0,0,16,0,0,3,4,4,6,1,0,4,27,27,0,0,0,0,0,0,0,0,7,1,1,0,0,0,0,3,1,1,2,KRBKRNvK,DRAW,8/2r5/8/4K3/R4nB1/8/6k1/8 b - - 0 1
0,1,0,0,0,0,0,1,-1,1,0,1,1,1,0,0,0,0,0,16,0,0,6,6,0,0,5,5,4,22,17,0,0,0,0,0,0,0,0,7,1,1,0,0,0,0,0,3,0,0,KRBKRNvK,DRAW,8/3n4/k7/8/7r/8/1R6/B5K1 b - - 0 1
1,1,0,0,0,0,0,1,-1,1,0,1,1,1,0,0,0,0,0,16,0,0,4,1,3,1,7,2,5,28,19,0,0,0,0,0,0,0,0,7,1,1,0,0,0,0,2,0,0,0,KRBKRNvK,DRAW,1k6/8/5r1n/8/1K6/8/8/R6B w - - 0 1
1,1,0,0,0,0,0,1,-1,1,0,1,1,1,0,0,0,0,0,16,0,0,4,3,1,7,0,2,6,20,21,0,0,0,0,0,0,0,0,7,1,1,0,0,0,0,0,0,0,2,KRBKRNvK,DRAW,2RB4/8/8/8/8/5r2/1n1K4/7k w - - 0 1
1,1,0,0,0,0,0,1,-1,1,0,1,1,1,0,0,0,0,0,16,0,0,2,7,4,5,3,3,1,22,22,0,0,0,0,0,0,0,0,7,1,1,0,0,0,0,0,3,1,1,KRBKRNvK,DRAW,R7/8/8/7K/1r3knB/8/8/8 w - - 0 1
0,1,0,0,0,0,0,1,-1,1,0,1,1,1,0,0,0,0,0,16,0,0,2,1,5,3,5,3,1,5,0,1,0,0,0,0,0,0,0,7,1,1,0,1,0,0,1,3,0,0,KRBKRNvK,DRAW,8/8/1K1k2R1/8/8/8/4r3/nB6 b - - 0 1
1,1,0,0,0,0,0,1,-1,1,0,1,1,1,0,0,0,0,0,16,0,0,5,0,2,0,7,4,6,7,0,1,0,0,0,0,0,0,0,7,1,1,0,0,0,0,2,1,0,0,KRBKRNvK,DRAW,k7/5n2/8/2R5/8/K5r1/8/3B4 w - - 0 1
1,1,0,0,0,0,0,1,-1,1,0,1,1,1,0,0,0,0,0,16,0,0,5,7,0,4,5,6,1,27,23,0,0,0,0,0,0,0,0,7,1,1,1,0,0,0,1,3,1,0,KRBKRNvK,DRAW,8/R7/4k3/1r6/5B2/8/4n3/7K w - - 0 1
0,1,0,0,0,0,0,1,-1,1,0,1,1,1,0,0,0,0,0,16,0,0,5,7,6,2,7,5,4,24,20,0,0,0,0,0,0,0,0,7,1,1,0,0,0,0,3,2,1,1,KRBKRNvK,DRAW,B1k5/5n1K/8/3r4/6R1/8/8/8 b - - 0 1
0,1,0,0,0,0,0,1,-1,1,0,1,1,1,0,0,0,0,0,16,0,0,2,2,6,0,6,3,5,16,21,0,0,0,0,0,0,0,0,7,1,1,0,0,0,0,2,1,0,0,KRBKRNvK,DRAW,6r1/k1K5/6n1/8/2R5/8/8/2B5 b - - 0 1
1,1,0,0,0,0,0,1,-1,1,0,1,1,1,0,0,0,0,0,16,0,0,2,6,4,4,6,2,2,17,24,0,0,0,0,0,0,0,0,7,1,1,0,0,0,0,1,2,1,1,KRBKRNvK,DRAW,6R1/4k2B/8/6K1/r7/6n1/8/8 w - - 0 1
1,1,0,0,0,0,0,1,-1,1,0,1,1,1,0,0,0,0,0,16,0,0,2,5,4,3,3,1,0,21,15,0,0,0,0,0,0,0,0,7,1,1,0,0,0,0,3,4,2,0,KRBKRNvK,DRAW,3r4/8/8/2R2K2/3k4/8/2B5/6n1 w - - 0 1
0,1,0,0,0,0,0,1,-1,1,0,1,1,1,0,0,0,0,0,16,0,0,2,3,7,5,6,3,3,5,0,1,0,0,0,0,0,0,0,7,1,1,1,0,0,0,2,2,0,0,KRBKRNvK,DRAW,B2K4/2R2k2/8/8/6r1/8/8/n7 b - - 0 1
0,1,0,0,0,0,0,1,-1,1,0,1,1,1,0,0,0,0,0,16,0,0,6,7,7,1,5,6,3,26,9,0,0,0,0,0,0,0,0,7,1,1,0,0,0,0,0,2,0,0,KRBKRNvK,DRAW,7K/4r3/1k6/8/8/8/6n1/6RB b - - 0 1
0,1,0,0,0,0,0,1,-1,1,0,1,1,1,0,0,0,0,0,16,0,0,5,0,4,5,7,3,4,4,0,1,0,0,0,0,0,0,0,7,1,1,0,0,0,0,2,1,0,1,KRBKRNvK,DRAW,5k2/2n5/6r1/K7/B4R2/8/8/8 b - - 0 1
1,1,0,0,0,0,0,1,-1,1,0,1,1,1,0,0,0,0,0,16,0,0,5,1,5,3,0,3,3,24,23,0,0,0,0,0,0,0,0,7,1,1,0,0,0,0,1,1,1,0,KRBKRNvK,DRAW,7r/8/RK6/8/8/3B2n1/8/3k4 w - - 0 1
0,1,0,0,0,0,0,1,-1,1,0,1,1,1,0,0,0,0,0,16,0,0,3,1,1,4,2,4,1,5,0,1,0,0,0,0,0,0,0,7,1,1,0,0,0,0,1,2,2,0,KRBKRNvK,DRAW,6r1/6n1/8/8/2B5/4k3/1K6/4R3 b - - 0 1
1,1,0,0,0,0,0,1,-1,1,0,1,1,1,0,0,0,0,0,16,0,0,7,6,7,6,0,5,5,25,20,0,0,0,0,0,0,0,0,7,1,1,0,0,0,0,0,2,0,1,KRBKRNvK,DRAW,6K1/4r3/5R2/8/6B1/8/n7/6k1 w - - 0 1
1,1,0,0,0,0,0,1,-1,1,0,1,1,1,0,0,0,0,0,16,0,0,5,2,6,7,6,3,5,5,0,1,0,0,0,0,0,0,0,7,1,1,0,0,0,0,2,0,0,1,KRBKRNvK,DRAW,4n3/2K3rk/4R3/8/8/B7/8/8 w - - 0 1
0,1,0,0,0,0,0,1,-1,1,0,1,1,1,0,0,0,0,0,16,0,0,2,3,1,5,3,2,1,5,0,1,0,0,0,0,0,0,0,7,1,1,0,0,0,0,2,2,1,1,KRBKRNvK,DRAW,5n2/8/B7/8/3R1k2/1r6/3K4/8 b - - 0 1
0,1,0,0,0,0,0,1,-1,1,0,1,1,1,0,0,0,0,0,16,0,0,3,6,2,3,3,3,0,4,0,1,0,0,0,0,0,0,0,7,1,1,0,0,0,0,1,3,2,0,KRBKRNvK,DRAW,8/7n/5r2/8/3k4/3R2K1/4B3/8 b - - 0 1
0,1,0,0,0,0,0,1,-1,1,0,1,1,1,0,0,0,0,0,16,0,0,5,5,2,7,7,2,6,16,28,0,0,0,0,0,0,0,0,7,1,1,0,0,0,0,2,0,0,0,KRBKRNvK,DRAW,n3B2k/8/1r6/8/6R1/5K2/8/8 b - - 0 1
0,1,0,0,0,0,0,1,-1,1,0,1,1,1,0,0,0,0,0,16,0,0,2,3,7,5,6,3,3,17,28,0,0,0,0,0,0,0,0,7,1,1,0,0,0,0,2,0,0,0,KRBKRNvK,DRAW,3K4/5k1r/8/8/R7/3B4/8/5n2 b - - 0 1
1,1,0,0,0,0,0,1,-1,1,0,1,1,1,0,0,0,0,0,16,0,0,7,7,1,0,2,5,4,4,0,1,0,0,0,0,0,0,0,7,1,1,0,0,0,0,1,0,1,1,KRBKRNvK,DRAW,7R/8/r7/8/8/kB6/7K/5n2 w - - 0 1
1,1,0,0,0,0,0,1,-1,1,0,1,1,1,0,0,0,0,0,16,0,0,2,7,5,6,7,4,5,28,17,0,0,0,0,0,0,0,0,7,1,1,0,0,0,0,1,0,0,1,KRBKRNvK,DRAW,5rk1/8/7K/8/3B4/8/1R6/3n4 w - - 0 1
0,1,0,0,0,0,0,1,-1,1,0,1,1,1,0,0,0,0,0,16,0,0,6,7,1,1,7,5,5,26,28,0,0,0,0,0,0,0,0,7,1,1,0,0,0,0,2,1,0,0,KRBKRNvK,DRAW,1k6/8/r7/2n5/8/8/1B5K/5R2 b - - 0 1
0,1,0,0,0,0,0,1,-1,1,0,1,1,1,0,0,0,0,0,16,0,0,2,5,4,7,4,1,3,20,24,0,0,0,0,0,0,0,0,7,1,1,0,0,0,0,2,0,1,0,KRBKRNvK,DRAW,6r1/2B5/8/5K1k/8/5R2/1n6/8 b - - 0 1
0,1,0,0,0,0,0,1,-1,1,0,1,1,1,0,0,0,0,0,16,0,0,5,7,0,2,4,6,1,6,0,1,0,0,0,0,0,0,0,7,1,1,0,0,0,0,1,4,1,0,KRBKRNvK,DRAW,4n3/4r3/6B1/R1k5/8/8/8/7K b - - 0 1
1,1,0,0,0,0,0,1,-1,1,0,1,1,1,0,0,0,0,0,16,0,0,3,6,3,6,6,2,4,5,0,1,0,0,0,0,0,0,0,7,1,1,0,0,0,0,1,0,1,0,KRBKRNvK,DRAW,6B1/6k1/3R4/3n4/6K1/8/8/6r1 w - - 0 1
1,1,0,0,0,0,0,1,-1,1,0,1,1,1,0,0,0,0,0,16,0,0,4,4,2,5,6,1,3,29,10,0,0,0,0,0,0,0,0,7,1,1,0,0,0,0,4,0,1,0,KRBKRNvK,DRAW,3n1r2/5k2/8/6R1/8/4K3/6B1/8 w - - 0 1
0,1,0,0,0,0,0,1,-1,1,0,1,1,1,0,0,0,0,0,16,0,0,5,4,5,0,0,1,6,21,28,0,0,0,0,0,0,0,0,7,1,1,0,0,0,0,3,2,0,1,KRBKRNvK,DRAW,8/8/2n1K3/8/8/3B4/6R1/k4r2 b - - 0 1
0,1,0,0,0,0,0,1,-1,1,0,1,1,1,0,0,0,0,0,16,0,0,6,7,1,7,7,5,6,4,0,1,0,0,0,0,0,0,0,7,1,1,0,0,0,0,2,0,0,1,KRBKRNvK,LOSS,7k/8/1R6/8/8/6r1/1B5K/4n3 b - - 0 1
1,1,0,0,0,0,0,1,-1,1,0,1,1,1,0,0,0,0,0,16,0,0,5,1,7,5,2,5,2,21,22,0,0,0,0,0,0,0,0,7,1,1,0,0,0,0,2,2,0,0,KRBKRNvK,DRAW,1K6/4r3/8/1B6/1R6/5k2/8/2n5 w - - 0 1
1,1,0,0,0,0,0,1,-1,1,0,1,1,1,0,0,0,0,0,16,0,0,4,2,7,2,3,4,1,27,20,0,0,0,0,0,0,0,0,7,1,1,0,0,0,0,1,3,1,0,KRBKRNvK,DRAW,2K5/8/1B6/4n3/2k1r3/8/6R1/8 w - - 0 1
1,1,0,0,0,0,0,1,-1,1,0,1,1,1,0,0,0,0,0,16,0,0,4,2,7,4,3,4,0,26,20,0,0,0,0,0,0,0,0,7,1,1,1,1,0,0,0,3,1,0,KRBKRNvK,DRAW,2K5/1R6/8/8/4k1B1/8/6r1/2n5 w - - 0 1
0,1,0,0,0,0,0,1,-1,1,0,1,1,1,0,0,0,0,0,16,0,0,3,1,6,4,4,4,0,20,28,0,0,0,0,0,0,0,0,7,1,1,0,0,0,0,0,4,0,0,KRBKRNvK,DRAW,4r3/1K6/8/4k3/8/n6R/3B4/8 b - - 0 1
0,1,0,0,0,0,0,1,-1,1,0,1,1,1,0,0,0,0,0,16,0,0,4,2,0,6,1,4,4,22,28,0,0,0,0,0,0,0,0,7,1,1,1,0,0,0,2,0,1,0,KRBKRNvK,DRAW,2n5/3R4/6r1/8/8/8/4B1k1/2K5 b - - 0 1
1,1,0,0,0,0,0,1,-1,1,0,1,1,1,0,0,0,0,0,16,0,0,6,0,7,2,1,6,3,24,22,0,0,0,0,0,0,0,0,7,1,1,0,0,0,0,0,2,0,0,KRBKRNvK,DRAW,K1B5/8/7n/8/8/3r4/2k5/6R1 w - - 0 1
0,1,0,0,0,0,0,1,-1,1,0,1,1,1,0,0,0,0,0,16,0,0,2,1,1,3,1,4,2,20,29,0,0,0,0,0,0,0,0,7,1,1,0,0,0,0,2,0,0,0,KRBKRNvK,DRAW,4R3/r7/8/3B4/8/8/1K1k4/4n3 b - - 0 1
0,1,0,0,0,0,0,1,-1,1,0,1,1,1,0,0,0,0,0,16,0,0,5,0,6,4,1,5,2,26,18,0,0,0,0,0,0,0,0,7,1,1,0,0,0,0,0,0,0,0,KRBKRNvK,DRAW,3nB1R1/K7/8/8/8/8/4k3/1r6 b - - 0 1
1,1,0,0,0,0,0,1,-1,1,0,1,1,1,0,0,0,0,0,16,0,0,3,2,6,2,3,3,1,28,23,0,0,0,0,0,0,0,0,7,1,1,0,0,0,0,0,3,1,1,KRBKRNvK,DRAW,8/2K5/1R6/4r3/2k4B/4n3/8/8 w - - 0 1
0,1,0,0,0,0,0,1,-1,1,0,1,1,1,0,0,0,0,0,16,0,0,3,5,1,5,4,3,1,24,29,0,0,0,0,0,0,0,0,7,1,1,0,0,0,0,2,2,1,0,KRBKRNvK,DRAW,7r/5n2/B7/5k2/3R4/8/5K2/8 b - - 0 1
0,1,0,0,0,0,0,1,-1,1,0,1,1,1,0,0,0,0,0,16,0,0,6,6,7,5,1,5,3,22,20,0,0,0,0,0,0,0,0,7,1,1,0,0,0,0,2,2,0,0,KRBKRNvK,DRAW,6KB/8/8/8/n3r3/8/5k2/R7 b - - 0 1
0,1,0,0,0,0,0,1,-1,1,0,1,1,1,0,0,0,0,0,16,0,0,2,5,7,7,5,4,4,25,23,0,0,0,0,0,0,0,0,7,1,1,0,0,0,0,0,4,0,0,KRBKRNvK,DRAW,2B2K2/8/2n4k/4r3/8/8/8/R7 b - - 0 1
0,1,0,0,0,0,0,1,-1,1,0,1,1,1,0,0,0,0,0,16,0,0,4,4,7,0,6,3,5,3,0,1,0,0,0,0,0,0,0,7,1,1,0,0,0,0,2,2,0,0,KRBKRNvK,DRAW,4K3/k7/8/5n2/7r/R7/8/7B b - - 0 1
1,1,0,0,0,0,0,1,-1,1,0,1,1,1,0,0,0,0,0,16,0,0,3,0,4,3,2,3,1,22,22,0,0,0,0,0,0,0,0,7,1,1,0,0,0,0,0,2,1,0,KRBKRNvK,DRAW,8/5r2/8/K7/1B6/3k4/R7/3n4 w - - 0 1
0,1,0,0,0,0,0,1,-1,1,0,1,1,1,0,0,0,0,0,16,0,0,5,5,0,0,2,4,4,5,0,1,0,0,0,0,0,0,0,7,1,1,0,0,0,0,1,0,0,0,KRBKRNvK,DRAW,1r6/6n1/8/8/8/k6R/5B2/5K2 b - - 0 1
0,1,0,0,0,0,0,1,-1,1,0,1,1,1,0,0,0,0,0,16,0,0,3,3,4,0,4,0,3,19,32,0,0,0,0,0,0,0,0,7,1,1,0,0,0,0,3,0,0,0,KRBKRNvK,DRAW,8/7n/8/k2K4/7R/4B3/8/6r1 b - - 0 1
0,1,0,0,0,0,0,1,-1,1,0,1,1,1,0,0,0,0,0,16,0,0,3,0,2,3,4,4,0,4,0,1,0,0,0,0,0,0,0,7,1,1,0,0,0,0,1,4,0,0,KRBKRNvK,DRAW,8/8/8/3k3r/6n1/K7/B1R5/8 b - - 0 1
0,1,0,0,0,0,0,1,-1,1,0,1,1,1,0,0,0,0,0,16,0,0,4,4,1,4,5,2,1,6,0,1,0,0,0,0,0,0,0,7,1,1,0,0,0,0,1,2,0,0,KRBKRNvK,DRAW,4rn2/8/4k3/8/8/7R/B3K3/8 b - - 0 1
0,1,0,0,0,0,0,1,-1,1,0,1,1,1,0,0,0,0,0,16,0,0,7,7,4,0,6,3,5,5,0,1,0,0,0,0,0,0,0,7,1,1,0,0,0,0,0,1,1,1,KRBKRNvK,DRAW,8/k7/5r2/R1n4K/8/8/4B3/8 b - - 0 1
0,1,0,0,0,0,0,1,-1,1,0,1,1,1,0,0,0,0,0,16,0,0,7,3,7,2,0,3,4,27,21,0,0,0,0,0,0,0,0,7,1,1,0,0,0,0,2,0,0,0,KRBKRNvK,DRAW,3K4/8/B7/3n2R1/8/7r/8/2k5 b - - 0 1
0,1,0,0,0,0,0,1,-1,1,0,1,1,1,0,0,0,0,0,16,0,0,7,6,0,1,7,5,5,3,0,1,0,0,0,0,0,0,0,7,1,1,0,0,0,0,2,2,0,0,KRBKRNvK,LOSS,1k6/8/6n1/1R1B4/4r3/8/8/6K1 b - - 0 1
1,1,0,0,0,0,0,1,-1,1,0,1,1,1,0,0,0,0,0,16,0,0,4,2,4,5,0,1,4,28,21,0,0,0,0,0,0,0,0,7,1,1,0,0,0,0,3,2,1,0,KRBKRNvK,DRAW,7B/5n2/8/2K5/8/3R4/8/4rk2 w - - 0 1
0,1,0,0,0,0,0,1,-1,1,0,1,1,1,0,0,0,0,0,16,0,0,4,3,4,1,0,0,5,4,0,1,0,0,0,0,0,0,0,7,1,1,0,1,0,0,4,1,0,1,KRBKRNvK,DRAW,8/8/8/1R1K2B1/2n5/8/2r5/1k6 b - - 0 1
0,1,0,0,0,0,0,1,-1,1,0,1,1,1,0,0,0,0,0,16,0,0,3,2,2,5,2,2,2,20,30,0,0,0,0,0,0,0,0,7,1,1,0,0,0,0,2,2,1,0,KRBKRNvK,DRAW,8/n7/4r3/5B2/8/2K2k2/1R6/8 b - - 0 1
1,1,0,0,0,0,0,1,-1,1,0,1,1,1,0,0,0,0,0,16,0,0,3,6,4,3,6,2,2,23,22,0,0,0,0,0,0,0,0,7,1,1,0,0,0,0,2,0,0,2,KRBKRNvK,DRAW,8/3k1r2/8/4n1K1/7R/B7/8/8 w - - 0 1
1,1,0,0,0,0,0,1,-1,1,0,1,1,1,0,0,0,0,0,16,0,0,7,3,0,5,7,3,4,21,19,0,0,0,0,0,0,0,0,7,1,1,0,0,0,0,2,2,0,0,KRBKRNvK,DRAW,5k2/8/8/6R1/n1r3B1/8/8/3K4 w - - 0 1
0,1,0,0,0,0,0,1,-1,1,0,1,1,1,0,0,0,0,0,16,0,0,3,4,2,4,5,1,1,20,23,0,0,0,0,0,0,0,0,7,1,1,0,0,0,0,2,3,0,0,KRBKRNvK,DRAW,8/3n4/3rk2B/8/1R6/4K3/8/8 b - - 0 1
1,1,0,0,0,0,0,1,-1,1,0,1,1,1,0,0,0,0,0,16,0,0,4,1,4,5,6,2,3,25,25,0,0,0,0,0,0,0,0,7,1,1,0,0,0,0,2,1,0,1,KRBKRNvK,DRAW,8/5k2/8/1K6/1R6/2r1B1n1/8/8 w - - 0 1
0,1,0,0,0,0,0,1,-1,1,0,1,1,1,0,0,0,0,0,16,0,0,4,4,6,2,2,2,2,5,0,1,0,0,0,0,0,0,0,7,1,1,0,0,0,0,1,3,0,1,KRBKRNvK,DRAW,8/B3K3/n7/6r1/8/2k2R2/8/8 b - - 0 1
0,1,0,0,0,0,0,1,-1,1,0,1,1,1,0,0,0,0,0,16,0,0,5,1,5,2,0,3,4,3,0,1,0,0,0,0,0,0,0,7,1,1,0,0,0,0,0,0,0,0,KRBKRNvK,DRAW,2R5/B7/1K6/8/8/8/1n6/1rk5 b - - 0 1
0,1,0,0,0,0,0,1,-1,1,0,1,1,1,0,0,0,0,0,16,0,0,6,6,2,0,0,3,6,3,0,1,0,0,0,0,0,0,0,7,1,1,0,1,0,0,0,2,0,0,KRBKRNvK,DRAW,8/8/5n1B/8/8/6K1/2r5/k6R b - - 0 1
0,1,0,0,0,0,0,1,-1,1,0,1,1,1,0,0,0,0,0,16,0,0,4,4,6,0,7,2,6,23,27,0,0,0,0,0,0,0,0,7,1,1,0,1,0,0,0,1,0,1,KRBKRNvK,DRAW,k7/4K3/3n3B/8/8/1R6/2r5/8 b - - 0 1
1,1,0,0,0,0,0,1,-1,1,0,1,1,1,0,0,0,0,0,16,0,0,3,7,0,5,3,6,1,27,27,0,0,0,0,0,0,0,0,7,1,1,0,0,0,0,3,3,2,0,KRBKRNvK,DRAW,8/r7/4n3/8/5k2/5B2/3R4/7K w - - 0 1
0,1,0,0,0,0,0,1,-1,1,0,1,1,1,0,0,0,0,0,16,0,0,4,5,4,2,0,1,4,22,28,0,0,0,0,0,0,0,0,7,1,1,0,0,0,0,2,2,1,1,KRBKRNvK,DRAW,6R1/8/3r4/5K2/8/n7/4B3/2k5 b - - 0 1
0,1,0,0,0,0,0,1,-1,1,0,1,1,1,0,0,0,0,0,16,0,0,3,4,7,1,7,3,5,5,0,1,0,0,0,0,0,0,0,7,1,1,0,1,0,0,3,0,0,0,KRBKRNvK,LOSS,1k2K3/8/8/8/8/6B1/5r2/3Rn3 b - - 0 1
1,1,0,0,0,0,0,1,-1,1,0,1,1,1,0,0,0,0,0,16,0,0,5,7,7,7,2,6,4,23,25,0,0,0,0,0,0,0,0,7,1,1,0,0,0,0,0,3,1,0,KRBKRNvK,DRAW,5B1K/3n4/8/8/2r5/7k/8/5R2 w - - 0 1
0,1,0,0,0,0,0,1,-1,1,0,1,1,1,0,0,0,0,0,16,0,0,5,5,5,5,0,2,4,21,25,0,0,0,0,0,0,0,0,7,1,1,0,0,0,0,3,2,0,0,KRBKRNvK,DRAW,B6R/8/5K2/1r6/8/8/n7/5k2 b - - 0 1
1,1,0,0,0,0,0,1,-1,1,0,1,1,1,0,0,0,0,0,16,0,0,3,2,3,2,0,1,4,8,0,1,0,0,0,0,0,0,0,7,1,1,0,0,0,0,3,2,0,0,KRBKRNvK,DRAW,2n5/8/2B5/4R3/2K4r/8/8/2k5 w - - 0 1
0,1,0,0,0,0,0,1,-1,1,0,1,1,1,0,0,0,0,0,16,0,0,5,1,3,6,0,2,5,1,0,1,0,0,0,0,0,0,0,7,1,1,0,1,0,0,1,0,1,0,KRBKRNvK,DRAW,n7/8/8/8/1K6/4B3/7r/1R4k1 b - - 0 1
0,1,0,0,0,0,0,1,-1,1,0,1,1,1,0,0,0,0,0,16,0,0,6,1,6,7,2,4,4,22,28,0,0,0,0,0,0,0,0,7,1,1,0,0,0,0,1,2,0,0,KRBKRNvK,DRAW,8/1K6/2R5/5r1n/2B5/7k/8/8 b - - 0 1
0,1,0,0,0,0,0,1,-1,1,0,1,1,1,0,0,0,0,0,16,0,0,2,4,4,2,3,0,1,23,18,0,0,0,0,0,0,0,0,7,1,1,0,1,0,0,3,2,0,0,KRBKRNvK,DRAW,1n6/8/8/4K3/2k5/8/3r4/4B2R b - - 0 1
1,1,0,0,0,0,0,1,-1,1,0,1,1,1,0,0,0,0,0,16,0,0,7,5,7,6,0,4,5,4,0,1,0,0,0,0,0,0,0,7,1,1,1,0,0,0,2,0,0,1,KRBKRNvK,DRAW,3r1K2/3BR3/8/8/8/8/8/n5k1 w - - 0 1
0,1,0,0,0,0,0,1,-1,1,0,1,1,1,0,0,0,0,0,16,0,0,4,7,5,3,5,4,1,18,23,0,0,0,0,0,0,0,0,7,1,1,0,1,0,0,2,2,0,0,KRBKRNvK,DRAW,8/1n6/3k3K/6R1/6B1/8/1r6/8 b - - 0 1
1,1,0,0,0,0,0,1,-1,1,0,1,1,1,0,0,0,0,0,16,0,0,7,6,0,3,7,5,3,26,20,0,0,0,0,0,0,0,0,7,1,1,1,0,0,0,3,0,1,0,KRBKRNvK,DRAW,3k1nB1/4R3/r7/8/8/8/8/6K1 w - - 0 1
1,1,0,0,0,0,0,1,-1,1,0,1,1,1,0,0,0,0,0,16,0,0,3,5,7,6,4,4,2,27,21,0,0,0,0,0,0,0,0,7,1,1,0,0,0,0,2,0,0,0,KRBKRNvK,DRAW,5K2/8/R7/3n2k1/8/8/1B6/1r6 w - - 0 1
1,1,0,0,0,0,0,1,-1,1,0,1,1,1,0,0,0,0,0,16,0,0,5,2,5,0,0,2,6,26,15,0,0,0,0,0,0,0,0,7,1,1,0,0,0,0,2,2,0,0,KRBKRNvK,DRAW,8/8/2K5/6R1/8/8/8/k2rB2n w - - 0 1
0,1,0,0,0,0,0,1,-1,1,0,1,1,1,0,0,0,0,0,16,0,0,5,7,7,3,2,6,1,4,0,1,0,0,0,0,0,0,0,7,1,1,0,1,0,0,2,2,0,0,KRBKRNvK,DRAW,7K/8/5B2/8/8/3k2R1/2r5/1n6 b - - 0 1
1,1,0,0,0,0,0,1,-1,1,0,1,1,1,0,0,0,0,0,16,0,0,3,0,4,3,2,3,1,2,0,1,0,0,0,0,0,0,0,7,1,1,1,0,0,0,0,3,1,0,KRBKRNvK,DRAW,r7/3n2R1/8/K7/8/3k4/8/4B3 w - - 0 1
0,1,0,0,0,0,0,1,-1,1,0,1,1,1,0,0,0,0,0,16,0,0,2,2,3,4,3,1,0,21,31,0,0,0,0,0,0,0,0,7,1,1,0,0,0,0,3,3,1,0,KRBKRNvK,DRAW,5r2/8/R7/8/2KBk3/8/8/3n4 b - - 0 1
0,1,0,0,0,0,0,1,-1,1,0,1,1,1,0,0,0,0,0,16,0,0,5,6,1,7,6,4,5,18,31,0,0,0,0,0,0,0,0,7,1,1,0,0,0,0,2,2,1,0,KRBKRNvK,DRAW,4r1n1/7k/8/6B1/3R4/8/6K1/8 b - - 0 1
0,1,0,0,0,0,0,1,-1,1,0,1,1,1,0,0,0,0,0,16,0,0,5,6,6,1,7,4,5,5,0,1,0,0,0,0,0,0,0,7,1,1,0,0,0,0,2,2,0,1,KRBKRNvK,LOSS,1k6/6K1/2n2r2/8/8/1RB5/8/8 b - - 0 1
0,1,0,0,0,0,0,1,-1,1,0,1,1,1,0,0,0,0,0,16,0,0,6,4,0,1,6,3,4,7,0,1,0,0,0,0,0,0,0,7,1,1,1,0,0,0,0,2,0,0,KRBKRNvK,DRAW,5B2/1k5R/2n2r2/8/8/8/8/4K3 b - - 0 1
1,1,0,0,0,0,0,1,-1,1,0,1,1,1,0,0,0,0,0,16,0,0,3,2,3,5,4,1,1,25,21,0,0,0,0,0,0,0,0,7,1,1,0,0,0,0,2,2,1,0,KRBKRNvK,DRAW,6r1/8/7R/5k2/2K5/1B6/6n1/8 w - - 0 1
1,1,0,0,0,0,0,1,-1,1,0,1,1,1,0,0,0,0,0,16,0,0,7,0,3,7,7,3,6,25,21,0,0,0,0,0,0,0,0,7,1,1,0,0,0,0,3,3,0,0,KRBKRNvK,DRAW,7k/8/2B5/1R6/K7/4r3/4n3/8 w - - 0 1
1,1,0,0,0,0,0,1,-1,1,0,1,1,1,0,0,0,0,0,16,0,0,3,0,2,3,4,4,0,21,23,0,0,0,0,0,0,0,0,7,1,1,0,0,0,0,0,3,0,2,KRBKRNvK,DRAW,3B2R1/8/8/3k4/8/K7/8/n1r5 w - - 0 1
0,1,0,0,0,0,0,1,-1,1,0,1,1,1,0,0,0,0,0,16,0,0,4,7,5,3,4,4,0,22,19,0,0,0,0,0,0,0,0,7,1,1,0,0,0,0,0,3,0,0,KRBKRNvK,DRAW,8/8/7K/3k4/4r3/8/1nR5/1B6 b - - 0 1
1,1,0,0,0,0,0,1,-1,1,0,1,1,1,0,0,0,0,0,16,0,0,3,3,2,0,0,1,6,27,15,0,0,0,0,0,0,0,0,7,1,1,0,0,0,0,2,0,1,0,KRBKRNvK,DRAW,8/1r6/7n/1B6/8/3K4/2R5/k7 w - - 0 1
0,1,0,0,0,0,0,1,-1,1,0,1,1,1,0,0,0,0,0,16,0,0,4,6,7,2,3,5,1,6,0,1,0,0,0,0,0,0,0,7,1,1,0,1,0,0,0,2,2,0,KRBKRNvK,DRAW,6K1/8/8/8/2k5/1B6/1Rr5/1n6 b - - 0 1
1,1,0,0,0,0,0,1,-1,1,0,1,1,1,0,0,0,0,0,16,0,0,6,5,6,0,0,3,6,29,21,0,0,0,0,0,0,0,0,7,1,1,0,0,0,0,1,1,0,1,KRBKRNvK,DRAW,2r5/3n1K2/8/8/5B2/8/6R1/k7 w - - 0 1
1,1,0,0,0,0,0,1,-1,1,0,1,1,1,0,0,0,0,0,16,0,0,2,3,4,1,2,0,3,4,0,1,0,0,0,0,0,0,0,7,1,1,0,1,0,0,4,2,0,0,KRBKRNvK,DRAW,4R3/8/2B5/3K4/8/1k6/3r4/6n1 w - - 0 1
0,1,0,0,0,0,0,1,-1,1,0,1,1,1,0,0,0,0,0,16,0,0,5,6,4,1,5,2,3,12,29,0,0,0,0,0,0,0,0,7,1,1,1,0,0,0,0,0,0,0,KRBKRNvK,DRAW,4B3/7R/rk6/6K1/8/8/8/6n1 b - - 0 1
0,1,0,0,0,0,0,1,-1,1,0,1,1,1,0,0,0,0,0,16,0,0,6,1,4,7,5,2,4,19,26,0,0,0,0,0,0,0,0,7,1,1,0,0,0,0,1,0,0,2,KRBKRNvK,DRAW,8/8/2r4k/nK6/8/3B4/5R2/8 b - - 0 1
0,1,0,0,0,0,0,1,-1,1,0,1,1,1,0,0,0,0,0,16,0,0,2,3,2,1,1,1,4,5,0,1,0,0,0,0,0,0,0,7,1,1,0,0,0,0,2,0,0,0,KRBKRNvK,DRAW,8/8/8/8/n7/3K4/1k4R1/5B1r b - - 0 1
0,1,0,0,0,0,0,1,-1,1,0,1,1,1,0,0,0,0,0,16,0,0,6,6,7,0,2,5,4,17,23,0,0,0,0,0,0,0,0,7,1,1,0,0,0,0,3,0,1,1,KRBKRNvK,DRAW,6K1/7r/3R4/7n/8/k7/8/B7 b - - 0 1
1,1,0,0,0,0,0,1,-1,1,0,1,1,1,0,0,0,0,0,16,0,0,5,0,7,1,2,6,3,22,22,0,0,0,0,0,0,0,0,7,1,1,0,0,0,0,2,0,0,1,KRBKRNvK,DRAW,K2R4/8/n6B/8/8/1k5r/8/8 w - - 0 1
1,1,0,0,0,0,0,1,-1,1,0,1,1,1,0,0,0,0,0,16,0,0,7,5,7,6,0,4,5,5,0,1,0,0,0,0,0,0,0,7,1,1,0,0,0,0,3,0,0,0,KRBKRNvK,DRAW,5K2/8/2B5/8/R2n4/8/8/5rk1 w - - 0 1
0,1,0,0,0,0,0,1,-1,1,0,1,1,1,0,0,0,0,0,16,0,0,3,6,6,3,6,4,2,24,17,0,0,0,0,0,0,0,0,7,1,1,0,0,0,0,1,1,0,1,KRBKRNvK,DRAW,8/3k2K1/5r2/8/8/8/5nRB/8 b - - 0 1
0,1,0,0,0,0,0,1,-1,1,0,1,1,1,0,0,0,0,0,16,0,0,7,6,7,0,0,5,6,23,24,0,0,0,0,0,0,0,0,7,1,1,0,0,0,0,0,2,1,0,KRBKRNvK,DRAW,6K1/8/1R6/7r/3n4/B7/8/k7 b - - 0 1
1,1,0,0,0,0,0,1,-1,1,0,1,1,1,0,0,0,0,0,16,0,0,6,6,6,0,5,4,4,29,24,0,0,0,0,0,0,0,0,7,1,1,0,1,0,0,0,2,0,0,KRBKRNvK,DRAW,8/4B1K1/k7/8/6n1/2R5/4r3/8 w - - 0 1
1,1,0,0,0,0,0,1,-1,1,0,1,1,1,0,0,0,0,0,16,0,0,6,6,7,0,6,5,5,19,22,0,0,0,0,0,0,0,0,7,1,1,0,0,0,0,0,0,0,0,KRBKRNvK,DRAW,3n2K1/k7/1r6/8/8/B7/8/R7 w - - 0 1
1,1,0,0,0,0,0,1,-1,1,0,1,1,1,0,0,0,0,0,16,0,0,2,2,4,4,6,1,2,26,25,0,0,0,0,0,0,0,0,7,1,1,0,0,0,0,2,1,1,1,KRBKRNvK,DRAW,4B3/2n1k3/8/2K5/8/5r2/8/7R w - - 0 1
0,1,0,0,0,0,0,1,-1,1,0,1,1,1,0,0,0,0,0,16,0,0,5,6,1,7,6,4,5,20,26,0,0,0,0,0,0,0,0,7,1,1,0,0,0,0,2,2,1,0,KRBKRNvK,DRAW,8/7k/8/6R1/r7/8/6KB/2n5 b - - 0 1
0,1,0,0,0,0,0,1,-1,1,0,1,1,1,0,0,0,0,0,16,0,0,6,6,1,0,4,4,3,15,27,0,0,0,0,0,0,0,0,7,1,1,0,0,0,0,1,0,0,0,KRBKRNvK,DRAW,7r/8/8/k6n/8/8/B5K1/1R6 b - - 0 1
1,1,0,0,0,0,0,1,-1,1,0,1,1,1,0,0,0,0,0,16,0,0,5,5,2,0,5,2,4,19,20,0,0,0,0,0,0,0,0,7,1,1,0,1,0,0,3,2,1,2,KRBKRNvK,DRAW,8/8/k7/2R5/8/5K2/3r4/3n3B w - - 0 1
0,1,0,0,0,0,0,1,-1,1,0,1,1,1,0,0,0,0,0,16,0,0,6,6,5,0,7,3,6,19,24,0,0,0,0,0,0,0,0,7,1,1,0,0,0,0,3,2,0,2,KRBKRNvK,DRAW,k7/8/3R2Kn/5r2/3B4/8/8/8 b - - 0 1
1,1,0,0,0,0,0,1,-1,1,0,1,1,1,0,0,0,0,0,16,0,0,2,5,6,4,4,3,0,24,12,0,0,0,0,0,0,0,0,7,1,1,0,0,0,0,2,4,0,1,KRBKRNvK,WIN,5B2/5K2/8/4k2r/1R6/8/8/7n w - - 0 1
0,1,0,0,0,0,0,1,-1,1,0,1,1,1,0,0,0,0,0,16,0,0,6,0,1,6,4,5,2,26,27,0,0,0,0,0,0,0,0,7,1,1,0,0,0,0,3,1,1,0,KRBKRNvK,DRAW,2r5/8/8/3B1nk1/4R3/8/K7/8 b - - 0 1
0,1,0,0,0,0,0,1,-1,1,0,1,1,1,0,0,0,0,0,16,0,0,6,6,1,0,3,4,3,22,21,0,0,0,0,0,0,0,0,7,1,1,0,0,0,0,0,2,0,0,KRBKRNvK,DRAW,8/8/7B/3r4/k7/8/6K1/3n3R b - - 0 1
1,1,0,0,0,0,0,1,-1,1,0,1,1,1,0,0,0,0,0,16,0,0,2,1,5,3,7,3,3,31,22,0,0,0,0,0,0,0,0,7,1,1,0,0,0,0,2,4,0,1,KRBKRNvK,DRAW,3k4/8/1K6/R7/3r1B2/5n2/8/8 w - - 0 1
1,1,0,0,0,0,0,1,-1,1,0,1,1,1,0,0,0,0,0,16,0,0,4,2,2,2,6,2,3,28,24,0,0,0,0,0,0,0,0,7,1,1,0,0,0,0,3,2,0,0,KRBKRNvK,DRAW,8/2k5/1r3n2/8/R3B3/2K5/8/8 w - - 0 1
1,1,0,0,0,0,0,1,-1,1,0,1,1,1,0,0,0,0,0,16,0,0,4,1,6,3,2,4,1,26,21,0,0,0,0,0,0,0,0,7,1,1,0,0,0,0,0,2,1,1,KRBKRNvK,DRAW,2n2r2/1K6/6R1/8/8/3k4/8/2B5 w - - 0 1
0,1,0,0,0,0,0,1,-1,1,0,1,1,1,0,0,0,0,0,16,0,0,3,4,1,4,4,2,0,16,25,0,0,0,0,0,0,0,0,7,1,1,0,0,0,0,3,3,1,0,KRBKRNvK,DRAW,8/8/2B5/4k3/8/n7/3RK3/r7 b - - 0 1
0,1,0,0,0,0,0,1,-1,1,0,1,1,1,0,0,0,0,0,16,0,0,7,3,7,7,0,3,6,2,0,1,0,0,0,0,0,0,0,7,1,1,0,0,0,0,0,0,1,0,KRBKRNvK,DRAW,3K4/8/r7/8/7n/8/8/3B1R1k b - - 0 1
0,1,0,0,0,0,0,1,-1,1,0,1,1,1,0,0,0,0,0,16,0,0,3,6,4,3,5,2,1,23,27,0,0,0,0,0,0,0,0,7,1,1,0,0,0,0,2,3,1,0,KRBKRNvK,DRAW,5r2/8/3k4/1B4K1/8/1n2R3/8/8 b - - 0 1
1,1,0,0,0,0,0,1,-1,1,0,1,1,1,0,0,0,0,0,16,0,0,4,6,4,5,0,2,4,7,0,1,0,0,0,0,0,0,0,7,1,1,0,0,0,0,2,3,1,0,KRBKRNvK,LOSS,8/8/8/r5K1/8/2n5/1B2R3/5k2 w - - 0 1
1,1,0,0,0,0,0,1,-1,1,0,1,1,1,0,0,0,0,0,16,0,0,6,7,6,1,2,5,3,18,24,0,0,0,0,0,0,0,0,7,1,1,0,0,0,0,0,2,0,0,KRBKRNvK,DRAW,8/1n5K/8/8/r7/1k6/8/5B1R w - - 0 1
0,1,0,0,0,0,0,1,-1,1,0,1,1,1,0,0,0,0,0,16,0,0,2,3,2,5,3,1,1,22,28,0,0,0,0,0,0,0,0,7,1,1,0,0,0,0,3,2,1,1,KRBKRNvK,DRAW,7r/8/4B3/8/5k2/3K4/8/2R2n2 b - - 0 1
0,1,0,0,0,0,0,1,-1,1,0,1,1,1,0,0,0,0,0,16,0,0,6,0,1,6,1,5,4,24,25,0,0,0,0,0,0,0,0,7,1,1,0,0,0,0,2,2,0,1,KRBKRNvK,DRAW,3R4/8/4r3/8/B7/8/K5k1/n7 b - - 0 1
1,1,0,0,0,0,0,1,-1,1,0,1,1,1,0,0,0,0,0,16,0,0,4,4,6,2,2,2,2,27,22,0,0,0,0,0,0,0,0,7,1,1,0,0,0,0,2,1,1,0,KRBKRNvK,DRAW,8/4K3/8/3R4/4n3/2k4r/7B/8 w - - 0 1
0,1,0,0,0,0,0,1,-1,1,0,1,1,1,0,0,0,0,0,16,0,0,6,3,0,5,6,3,3,6,0,1,0,0,0,0,0,0,0,7,1,1,0,0,0,0,3,2,0,0,KRBKRNvK,DRAW,8/5k2/8/8/6r1/nB2R3/8/3K4 b - - 0 1
1,1,0,0,0,0,0,1,-1,1,0,1,1,1,0,0,0,0,0,16,0,0,3,1,5,0,2,3,4,28,21,0,0,0,0,0,0,0,0,7,1,1,0,0,0,0,2,1,0,0,KRBKRNvK,DRAW,8/8/1K6/4B1R1/8/kn5r/8/8 w - - 0 1
0,1,0,0,0,0,0,1,-1,1,0,1,1,1,0,0,0,0,0,16,0,0,2,5,1,7,1,3,5,20,20,0,0,0,0,0,0,0,0,7,1,1,0,0,0,0,2,0,0,0,KRBKRNvK,DRAW,7B/6r1/4R2n/8/8/8/5K1k/8 b - - 0 1
0,1,0,0,0,0,0,1,-1,1,0,1,1,1,0,0,0,0,0,16,0,0,7,0,4,7,6,3,5,3,0,1,0,0,0,0,0,0,0,7,1,1,0,0,0,0,0,2,0,1,KRBKRNvK,DRAW,8/3r3k/8/K7/1n6/7R/4B3/8 b - - 0 1
1,1,0,0,0,0,0,1,-1,1,0,1,1,1,0,0,0,0,0,16,0,0,4,5,6,2,2,3,2,6,0,1,0,0,0,0,0,0,0,7,1,1,0,0,0,0,1,3,1,0,KRBKRNvK,DRAW,8/5K2/8/2B5/5r2/2k2nR1/8/8 w - - 0 1
0,1,0,0,0,0,0,1,-1,1,0,1,1,1,0,0,0,0,0,16,0,0,5,4,6,0,1,2,5,5,22,0,0,0,0,0,0,0,0,7,1,1,0,0,0,0,1,2,0,1,KRBKRNvK,LOSS,8/4KB2/8/3r4/8/8/k1n4R/8 b - - 0 1
1,1,0,0,0,0,0,1,-1,1,0,1,1,1,0,0,0,0,0,16,0,0,4,6,1,5,5,4,2,27,27,0,0,0,0,0,0,0,0,7,1,1,0,0,0,0,0,3,0,0,KRBKRNvK,DRAW,8/8/5k2/2r5/8/2n5/R5K1/3B4 w - - 0 1
1,1,0,0,0,0,0,1,-1,1,0,1,1,1,0,0,0,0,0,16,0,0,3,2,5,1,2,2,3,28,20,0,0,0,0,0,0,0,0,7,1,1,0,0,0,0,2,0,0,0,KRBKRNvK,DRAW,8/6r1/2K3B1/4R3/7n/1k6/8/8 w - - 0 1
0,1,0,0,0,0,0,1,-1,1,0,1,1,1,0,0,0,0,0,16,0,0,6,7,0,1,4,6,2,5,0,1,0,0,0,0,0,0,0,7,1,1,0,0,0,0,2,0,0,0,KRBKRNvK,DRAW,1B6/8/1r6/1k3R1n/8/8/8/7K b - - 0 1
1,1,0,0,0,0,0,1,-1,1,0,1,1,1,0,0,0,0,0,16,0,0,5,7,4,2,0,3,4,26,17,0,0,0,0,0,0,0,0,7,1,1,0,0,0,0,1,2,0,0,KRBKRNvK,DRAW,8/2B1r3/1R6/7K/8/8/n7/2k5 w - - 0 1
0,1,0,0,0,0,0,1,-1,1,0,1,1,1,0,0,0,0,0,16,0,0,6,0,6,4,0,5,3,23,26,0,0,0,0,0,0,0,0,7,1,1,0,0,0,0,2,0,0,0,KRBKRNvK,DRAW,8/K7/8/8/6R1/7r/8/1Bn1k3 b - - 0 1
0,1,0,0,0,0,0,1,-1,1,0,1,1,1,0,0,0,0,0,16,0,0,2,5,5,3,5,2,1,22,28,0,0,0,0,0,0,0,0,7,1,1,0,0,0,0,3,4,0,1,KRBKRNvK,DRAW,8/8/3k1Kn1/7R/2r5/8/6B1/8 b - - 0 1
1,1,0,0,0,0,0,1,-1,1,0,1,1,1,0,0,0,0,0,16,0,0,3,0,7,3,4,6,0,17,20,0,0,0,0,0,0,0,0,7,1,1,0,0,0,0,0,3,0,0,KRBKRNvK,DRAW,K3n3/8/7R/B2k4/8/r7/8/8 w - - 0 1
0,1,0,0,0,0,0,1,-1,1,0,1,1,1,0,0,0,0,0,16,0,0,6,2,0,5,6,4,3,23,22,0,0,0,0,0,0,0,0,7,1,1,0,0,0,0,2,0,0,0,KRBKRNvK,DRAW,n6r/5k2/8/B7/8/8/8/2KR4 b - - 0 1
1,1,0,0,0,0,0,1,-1,1,0,1,1,1,0,0,0,0,0,16,0,0,2,0,5,2,5,4,2,23,19,0,0,0,0,0,0,0,0,7,1,1,1,0,0,0,1,2,1,0,KRBKRNvK,DRAW,8/1R6/K1kr4/8/4n3/8/8/6B1 w - - 0 1
1,1,0,0,0,0,0,1,-1,1,0,1,1,1,0,0,0,0,0,16,0,0,4,2,7,0,3,4,3,27,21,0,0,0,0,0,0,0,0,7,1,1,1,0,0,0,2,2,1,0,KRBKRNvK,DRAW,2K5/3R4/8/8/kB4r1/1n6/8/8 w - - 0 1
1,1,0,0,0,0,0,1,-1,1,0,1,1,1,0,0,0,0,0,16,0,0,2,3,6,5,7,2,4,20,20,0,0,0,0,0,0,0,0,7,1,1,0,1,0,0,2,0,2,0,KRBKRNvK,DRAW,5k2/3K1B2/4R3/8/n7/8/2r5/8 w - - 0 1
1,1,0,0,0,0,0,1,-1,1,0,1,1,1,0,0,0,0,0,16,0,0,6,7,4,1,2,3,3,26,20,0,0,0,0,0,0,0,0,7,1,1,0,0,0,0,2,0,1,0,KRBKRNvK,DRAW,3n4/1r6/4R3/7K/8/Bk6/8/8 w - - 0 1
1,1,0,0,0,0,0,1,-1,1,0,1,1,1,0,0,0,0,0,16,0,0,3,1,6,2,3,4,1,27,24,0,0,0,0,0,0,0,0,7,1,1,0,0,0,0,0,3,2,0,KRBKRNvK,DRAW,8/1K6/8/B3r3/2k5/1R6/2n5/8 w - - 0 1
0,1,0,0,0,0,0,1,-1,1,0,1,1,1,0,0,0,0,0,16,0,0,4,2,4,6,2,1,3,5,0,1,0,0,0,0,0,0,0,7,1,1,0,0,0,0,2,2,1,0,KRBKRNvK,DRAW,8/8/8/2K2n2/6r1/6k1/2R2B2/8 b - - 0 1
0,1,0,0,0,0,0,1,-1,1,0,1,1,1,0,0,0,0,0,16,0,0,7,7,5,0,0,4,6,17,19,0,0,0,0,0,0,0,0,7,1,1,0,0,0,0,1,2,0,1,KRBKRNvK,DRAW,8/7n/7K/3r4/1RB5/8/8/k7 b - - 0 1
1,1,0,0,0,0,0,1,-1,1,0,1,1,1,0,0,0,0,0,16,0,0,6,6,4,0,6,2,5,25,19,0,0,0,0,0,0,0,0,7,1,1,0,0,0,0,3,0,0,0,KRBKRNvK,DRAW,6n1/k7/r7/6K1/8/8/8/B2R4 w - - 0 1
1,1,0,0,0,0,0,1,-1,1,0,1,1,1,0,0,0,0,0,16,0,0,6,1,4,7,0,2,6,5,0,1,0,0,0,0,0,0,0,7,1,1,0,0,0,0,1,2,0,0,KRBKRNvK,DRAW,2R5/8/6B1/1K2r3/8/8/1n6/7k w - - 0 1
0,1,0,0,0,0,0,1,-1,1,0,1,1,1,0,0,0,0,0,16,0,0,4,5,5,6,1,2,4,24,26,0,0,0,0,0,0,0,0,7,1,1,0,0,0,0,3,0,0,1,KRBKRNvK,DRAW,8/7r/5K2/R4B2/8/8/6k1/1n6 b - - 0 1
1,1,0,0,0,0,0,1,-1,1,0,1,1,1,0,0,0,0,0,16,0,0,2,2,3,3,1,1,2,17,23,0,0,0,0,0,0,0,0,7,1,1,0,0,0,0,2,2,1,0,KRBKRNvK,DRAW,8/8/2R5/5r2/2K2n2/8/3k4/5B2 w - - 0 1
0,1,0,0,0,0,0,1,-1,1,0,1,1,1,0,0,0,0,0,16,0,0,3,5,4,3,1,1,2,25,21,0,0,0,0,0,0,0,0,7,1,1,0,0,0,0,3,0,0,0,KRBKRNvK,DRAW,8/8/2r5/R4K2/8/8/B2k4/5n2 b - - 0 1
0,1,0,0,0,0,0,1,-1,1,0,1,1,1,0,0,0,0,0,16,0,0,7,2,0,0,7,4,6,18,26,0,0,0,0,0,0,0,0,7,1,1,0,0,0,0,0,2,1,0,KRBKRNvK,DRAW,k7/n7/B7/4r3/8/8/6R1/2K5 b - - 0 1
1,1,0,0,0,0,0,1,-1,1,0,1,1,1,0,0,0,0,0,16,0,0,3,3,4,1,1,0,4,5,0,1,0,0,0,0,0,0,0,7,1,1,0,0,0,0,4,1,0,0,KRBKRNvK,DRAW,3r4/8/2R5/3K4/4B3/8/1k6/1n6 w - - 0 1
0,1,0,0,0,0,0,1,-1,1,0,1,1,1,0,0,0,0,0,16,0,0,6,2,7,1,1,4,4,22,24,0,0,0,0,0,0,0,0,7,1,1,0,0,0,0,2,0,1,1,KRBKRNvK,DRAW,B1K4n/8/1r6/8/3R4/8/1k6/8 b - - 0 1
0,1,0,0,0,0,0,1,-1,1,0,1,1,1,0,0,0,0,0,16,0,0,2,3,0,1,0,3,5,22,23,0,0,0,0,0,0,0,0,7,1,1,0,0,0,0,3,1,0,1,KRBKRNvK,DRAW,8/r7/8/8/3R1B2/8/3n4/1k1K4 b - - 0 1
0,1,0,0,0,0,0,1,-1,1,0,1,1,1,0,0,0,0,0,16,0,0,3,3,3,1,0,0,5,20,22,0,0,0,0,0,0,0,0,7,1,1,0,1,0,0,4,0,0,1,KRBKRNvK,DRAW,8/4B3/8/8/3K3R/8/2r5/1kn5 b - - 0 1
0,1,0,0,0,0,0,1,-1,1,0,1,1,1,0,0,0,0,0,16,0,0,2,4,2,5,4,1,1,25,17,0,0,0,0,0,0,0,0,7,1,1,0,0,0,0,2,4,0,0,KRBKRNvK,DRAW,3r4/8/6n1/5k2/8/4K3/R4B2/8 b - - 0 1
1,1,0,0,0,0,0,1,-1,1,0,1,1,1,0,0,0,0,0,16,0,0,4,5,5,4,1,2,2,4,0,1,0,0,0,0,0,0,0,7,1,1,0,0,0,0,3,2,1,1,KRBKRNvK,DRAW,8/7n/4BK2/2r5/3R4/8/4k3/8 w - - 0 1
1,1,0,0,0,0,0,1,-1,1,0,1,1,1,0,0,0,0,0,16,0,0,3,3,5,0,6,1,5,4,0,1,0,0,0,0,0,0,0,7,1,1,0,0,0,0,2,2,0,2,KRBKRNvK,DRAW,3n4/k7/3Kr3/8/8/B7/R7/8 w - - 0 1
1,1,0,0,0,0,0,1,-1,1,0,1,1,1,0,0,0,0,0,16,0,0,3,0,6,2,3,5,1,25,21,0,0,0,0,0,0,0,0,7,1,1,0,0,0,0,0,2,1,0,KRBKRNvK,DRAW,5B2/K7/8/8/n1k5/1R6/8/3r4 w - - 0 1
1,1,0,0,0,0,0,1,-1,1,0,1,1,1,0,0,0,0,0,16,0,0,2,6,5,4,7,3,3,24,13,0,0,0,0,0,0,0,0,7,1,1,0,0,0,0,2,0,0,2,KRBKRNvK,DRAW,4krnB/8/6K1/8/8/8/8/R7 w - - 0 1
0,1,0,0,0,0,0,1,-1,1,0,1,1,1,0,0,0,0,0,16,0,0,3,3,1,0,1,2,5,17,27,0,0,0,0,0,0,0,0,7,1,1,0,0,0,0,2,0,0,0,KRBKRNvK,DRAW,8/n1r5/1R3B2/8/8/8/k2K4/8 b - - 0 1
1,1,0,0,0,0,0,1,-1,1,0,1,1,1,0,0,0,0,0,16,0,0,3,3,3,0,5,0,4,24,22,0,0,0,0,0,0,0,0,7,1,1,0,0,0,0,4,0,0,0,KRBKRNvK,DRAW,5n2/7r/k7/8/3K4/8/1B4R1/8 w - - 0 1
0,1,0,0,0,0,0,1,-1,1,0,1,1,1,0,0,0,0,0,16,0,0,4,3,2,7,1,1,5,24,21,0,0,0,0,0,0,0,0,7,1,1,0,1,0,0,2,1,0,1,KRBKRNvK,DRAW,2R1B3/8/6n1/8/8/3K4/5r1k/8 b - - 0 1
0,1,0,0,0,0,0,1,-1,1,0,1,1,1,0,0,0,0,0,16,0,0,4,7,7,3,7,6,3,22,24,0,0,0,0,0,0,0,0,7,1,1,0,0,0,0,3,2,0,1,KRBKRNvK,DRAW,3k2nK/8/8/8/2B4R/8/8/4r3 b - - 0 1
0,1,0,0,0,0,0,1,-1,1,0,1,1,1,0,0,0,0,0,16,0,0,6,0,7,6,6,6,4,20,25,0,0,0,0,0,0,0,0,7,1,1,0,0,0,0,2,0,0,2,KRBKRNvK,DRAW,Knr5/6k1/8/1B6/7R/8/8/8 b - - 0 1
1,1,0,0,0,0,0,1,-1,1,0,1,1,1,0,0,0,0,0,16,0,0,7,7,6,0,4,5,3,3,0,1,0,0,0,0,0,0,0,7,1,1,1,0,0,0,0,0,2,2,KRBKRNvK,DRAW,5n2/2R4K/B4r2/k7/8/8/8/8 w - - 0 1
0,1,0,0,0,0,0,1,-1,1,0,1,1,1,0,0,0,0,0,16,0,0,4,0,7,2,3,6,1,2,0,1,0,0,0,0,0,0,0,7,1,1,0,0,0,0,1,2,2,0,KRBKRNvK,DRAW,K7/7r/8/1R1n4/2k5/8/4B3/8 b - - 0 1
1,1,0,0,0,0,0,1,-1,1,0,1,1,1,0,0,0,0,0,16,0,0,5,0,7,3,2,6,1,19,26,0,0,0,0,0,0,0,0,7,1,1,0,0,0,0,0,3,2,0,KRBKRNvK,DRAW,K7/8/5r2/8/2n5/3k4/3B4/3R4 w - - 0 1
1,1,0,0,0,0,0,1,-1,1,0,1,1,1,0,0,0,0,0,16,0,0,3,4,4,7,1,0,5,24,22,0,0,0,0,0,0,0,0,7,1,1,0,0,0,0,4,0,0,0,KRBKRNvK,DRAW,4B3/8/8/R3K3/7n/8/7k/6r1 w - - 0 1
0,1,0,0,0,0,0,1,-1,1,0,1,1,1,0,0,0,0,0,16,0,0,6,2,1,4,7,3,3,21,25,0,0,0,0,0,0,0,0,7,1,1,0,0,0,0,0,2,0,0,KRBKRNvK,DRAW,4k3/8/8/B7/5r1n/8/2K5/R7 b - - 0 1
1,1,0,0,0,0,0,1,-1,1,0,1,1,1,0,0,0,0,0,16,0,0,3,3,3,0,4,0,3,25,11,0,0,0,0,0,0,0,0,7,1,1,0,0,0,0,4,0,0,0,KRBKRNvK,WIN,3R4/8/8/k7/3K4/8/7n/3B3r w - - 0 1
1,1,0,0,0,0,0,1,-1,1,0,1,1,1,0,0,0,0,0,16,0,0,2,3,1,5,3,2,1,29,25,0,0,0,0,0,0,0,0,7,1,1,0,0,0,0,2,3,1,0,KRBKRNvK,DRAW,8/8/2n1B3/R7/5k2/8/3K4/6r1 w - - 0 1
1,1,0,0,0,0,0,1,-1,1,0,1,1,1,0,0,0,0,0,16,0,0,5,6,4,1,1,2,4,28,22,0,0,0,0,0,0,0,0,7,1,1,0,1,0,0,2,1,0,0,KRBKRNvK,DRAW,8/1B6/8/4R1K1/8/8/1kr2n2/8 w - - 0 1
0,1,0,0,0,0,0,1,-1,1,0,1,1,1,0,0,0,0,0,16,0,0,4,7,4,3,2,3,1,22,24,0,0,0,0,0,0,0,0,7,1,1,0,0,0,0,1,3,1,1,KRBKRNvK,DRAW,8/8/1R6/7K/8/3k1n2/5B2/3r4 b - - 0 1
1,1,0,0,0,0,0,1,-1,1,0,1,1,1,0,0,0,0,0,16,0,0,2,6,7,6,5,5,3,29,18,0,0,0,0,0,0,0,0,7,1,1,0,0,0,0,1,2,0,0,KRBKRNvK,DRAW,6K1/8/n5k1/r7/3B4/8/8/5R2 w - - 0 1
0,1,0,0,0,0,0,1,-1,1,0,1,1,1,0,0,0,0,0,16,0,0,2,1,5,1,3,3,2,23,19,0,0,0,0,0,0,0,0,7,1,1,0,0,0,0,0,2,0,1,KRBKRNvK,DRAW,2r5/8/1K5R/8/1k6/2n4B/8/8 b - - 0 1
1,1,0,0,0,0,0,1,-1,1,0,1,1,1,0,0,0,0,0,16,0,0,5,2,2,7,3,2,3,25,26,0,0,0,0,0,0,0,0,7,1,1,0,0,0,0,2,1,0,1,KRBKRNvK,DRAW,1r4B1/8/R7/2n5/7k/2K5/8/8 w - - 0 1
1,1,0,0,0,0,0,1,-1,1,0,1,1,1,0,0,0,0,0,16,0,0,5,4,5,5,0,1,4,5,0,1,0,0,0,0,0,0,0,7,1,1,1,0,0,0,2,2,0,2,KRBKRNvK,DRAW,1B3n2/4R3/4K3/8/4r3/8/8/5k2 w - - 0 1
0,1,0,0,0,0,0,1,-1,1,0,1,1,1,0,0,0,0,0,16,0,0,5,7,5,2,0,4,4,17,23,0,0,0,0,0,0,0,0,7,1,1,0,0,0,0,2,2,0,0,KRBKRNvK,DRAW,8/8/7K/8/1B5R/8/8/2knr3 b - - 0 1
0,1,0,0,0,0,0,1,-1,1,0,1,1,1,0,0,0,0,0,16,0,0,3,1,2,0,5,3,4,21,28,0,0,0,0,0,0,0,0,7,1,1,0,0,0,0,3,2,0,0,KRBKRNvK,DRAW,8/6n1/k7/7r/8/1K2RB2/8/8 b - - 0 1
0,1,0,0,0,0,0,1,-1,1,0,1,1,1,0,0,0,0,0,16,0,0,3,2,4,2,1,1,3,24,26,0,0,0,0,0,0,0,0,7,1,1,1,0,0,0,3,3,0,0,KRBKRNvK,DRAW,8/5R2/6n1/2K5/6r1/5B2/2k5/8 b - - 0 1
1,1,0,0,0,0,0,1,-1,1,0,1,1,1,0,0,0,0,0,16,0,0,2,2,5,4,3,2,0,26,19,0,0,0,0,0,0,0,0,7,1,1,0,0,0,0,3,3,1,2,KRBKRNvK,DRAW,5B2/8/2K5/3R4/r1n1k3/8/8/8 w - - 0 1
0,1,0,0,0,0,0,1,-1,1,0,1,1,1,0,0,0,0,0,16,0,0,4,5,1,5,5,3,2,21,24,0,0,0,0,0,0,0,0,7,1,1,0,0,0,0,2,1,1,1,KRBKRNvK,DRAW,8/8/1r3k2/8/4B3/8/4RK2/4n3 b - - 0 1
0,1,0,0,0,0,0,1,-1,1,0,1,1,1,0,0,0,0,0,16,0,0,4,1,2,0,6,3,5,21,27,0,0,0,0,0,0,0,0,7,1,1,0,0,0,0,3,2,0,1,KRBKRNvK,DRAW,8/k5B1/8/r7/8/1K6/4R3/4n3 b - - 0 1
1,1,0,0,0,0,0,1,-1,1,0,1,1,1,0,0,0,0,0,16,0,0,6,2,1,0,7,3,6,23,20,0,0,0,0,0,0,0,0,7,1,1,0,0,0,0,3,1,0,0,KRBKRNvK,DRAW,k7/5n2/8/8/8/5r2/2K1R3/6B1 w - - 0 1
1,1,0,0,0,0,0,1,-1,1,0,1,1,1,0,0,0,0,0,16,0,0,2,3,0,5,0,3,4,3,0,1,0,0,0,0,0,0,0,7,1,1,0,0,0,0,2,1,0,1,KRBKRNvK,LOSS,7r/8/8/8/4B2R/8/5n2/3K1k2 w - - 0 1
0,1,0,0,0,0,0,1,-1,1,0,1,1,1,0,0,0,0,0,16,0,0,2,5,2,7,3,2,3,22,27,0,0,0,0,0,0,0,0,7,1,1,0,1,0,0,2,1,1,0,KRBKRNvK,DRAW,8/5n2/1R6/8/5B1k/5K2/r7/8 b - - 0 1
0,1,0,0,0,0,0,1,-1,1,0,1,1,1,0,0,0,0,0,16,0,0,7,7,0,0,3,6,3,3,0,1,0,0,0,0,0,0,0,7,1,1,0,0,0,0,1,1,1,0,KRBKRNvK,DRAW,6r1/8/R7/8/k4B2/3n4/8/7K b - - 0 1
1,1,0,0,0,0,0,1,-1,1,0,1,1,1,0,0,0,0,0,16,0,0,6,0,5,6,2,4,3,24,22,0,0,0,0,0,0,0,0,7,1,1,0,0,0,0,3,2,0,0,KRBKRNvK,DRAW,4r3/1B6/K7/8/1R6/6k1/5n2/8 w - - 0 1
1,1,0,0,0,0,0,1,-1,1,0,1,1,1,0,0,0,0,0,16,0,0,4,3,2,2,6,1,3,5,0,1,0,0,0,0,0,0,0,7,1,1,0,0,0,0,4,3,1,0,KRBKRNvK,DRAW,8/2k5/3r4/R7/7B/3K2n1/8/8 w - - 0 1
0,1,0,0,0,0,0,1,-1,1,0,1,1,1,0,0,0,0,0,16,0,0,5,1,4,6,4,2,2,24,18,0,0,0,0,0,0,0,0,7,1,1,1,0,0,0,0,0,0,2,KRBKRNvK,DRAW,8/Rn1B4/2r5/1K4k1/8/8/8/8 b - - 0 1
0,1,0,0,0,0,0,1,-1,1,0,1,1,1,0,0,0,0,0,16,0,0,3,3,7,6,6,3,4,6,0,1,0,0,0,0,0,0,0,7,1,1,0,0,0,0,2,1,1,1,KRBKRNvK,DRAW,3K4/1r4k1/R4B2/5n2/8/8/8/8 b - - 0 1
0,1,0,0,0,0,0,1,-1,1,0,1,1,1,0,0,0,0,0,16,0,0,2,1,4,2,2,2,2,21,22,0,0,0,0,0,0,0,0,7,1,1,1,0,0,0,1,1,1,1,KRBKRNvK,DRAW,8/7R/r6n/1K6/8/2k1B3/8/8 b - - 0 1
1,1,0,0,0,0,0,1,-1,1,0,1,1,1,0,0,0,0,0,16,0,0,7,0,6,7,0,5,6,26,21,0,0,0,0,0,0,0,0,7,1,1,0,0,0,0,1,2,0,0,KRBKRNvK,WIN,2R5/K7/7n/3r4/8/8/2B5/7k w - - 0 1
1,1,0,0,0,0,0,1,-1,1,0,1,1,1,0,0,0,0,0,16,0,0,6,5,6,3,0,3,3,9,0,1,0,0,0,0,0,0,0,7,1,1,0,0,0,0,2,0,0,0,KRBKRNvK,DRAW,8/5K2/8/6B1/R7/5r2/8/1n1k4 w - - 0 1
0,1,0,0,0,0,0,1,-1,1,0,1,1,1,0,0,0,0,0,16,0,0,3,7,7,4,6,6,2,21,25,0,0,0,0,0,0,0,0,7,1,1,0,0,0,0,0,2,0,0,KRBKRNvK,DRAW,R6K/4k3/8/4r3/4n3/8/4B3/8 b - - 0 1
0,1,0,0,0,0,0,1,-1,1,0,1,1,1,0,0,0,0,0,16,0,0,7,0,2,7,1,4,5,20,20,0,0,0,0,0,0,0,0,7,1,1,0,0,0,0,0,0,1,0,KRBKRNvK,DRAW,8/8/2r5/7n/7B/K7/7k/R7 b - - 0 1
0,1,0,0,0,0,0,1,-1,1,0,1,1,1,0,0,0,0,0,16,0,0,5,6,6,5,1,4,3,4,0,1,0,0,0,0,0,0,0,7,1,1,0,0,0,0,1,1,2,0,KRBKRNvK,DRAW,8/6K1/8/2n5/3B4/8/5k1R/2r5 b - - 0 1
0,1,0,0,0,0,0,1,-1,1,0,1,1,1,0,0,0,0,0,16,0,0,4,1,3,5,1,2,3,4,0,1,0,0,0,0,0,0,0,7,1,1,0,0,0,0,3,0,2,0,KRBKRNvK,DRAW,8/1nr5/8/8/1K6/8/3R1k1B/8 b - - 0 1
0,1,0,0,0,0,0,1,-1,1,0,1,1,1,0,0,0,0,0,16,0,0,5,5,1,6,6,3,4,15,16,0,0,0,0,0,0,0,0,7,1,1,0,0,0,0,2,1,0,0,KRBKRNvK,DRAW,B7/6k1/8/6nr/8/8/5KR1/8 b - - 0 1
1,1,0,0,0,0,0,1,-1,1,0,1,1,1,0,0,0,0,0,16,0,0,4,2,3,6,4,1,2,26,27,0,0,0,0,0,0,0,0,7,1,1,0,0,0,0,3,1,0,2,KRBKRNvK,DRAW,7B/8/r7/6k1/2K5/3R4/2n5/8 w - - 0 1
0,1,0,0,0,0,0,1,-1,1,0,1,1,1,0,0,0,0,0,16,0,0,7,1,0,4,7,5,3,20,22,0,0,0,0,0,0,0,0,7,1,1,0,0,0,0,1,0,0,1,KRBKRNvK,DRAW,4k3/8/n7/8/8/r7/2B5/1K4R1 b - - 0 1
0,1,0,0,0,0,0,1,-1,1,0,1,1,1,0,0,0,0,0,16,0,0,4,0,0,1,4,6,2,24,20,0,0,0,0,0,0,0,0,7,1,1,0,0,0,0,2,2,0,1,KRBKRNvK,DRAW,4r3/8/8/1k6/8/n4B2/R7/K7 b - - 0 1
0,1,0,0,0,0,0,1,-1,1,0,1,1,1,0,0,0,0,0,16,0,0,2,6,4,6,6,2,4,21,23,0,0,0,0,0,0,0,0,7,1,1,0,0,0,0,0,0,0,0,KRBKRNvK,DRAW,2B5/6k1/r7/6K1/8/8/8/3n1R2 b - - 0 1
0,1,0,0,0,0,0,1,-1,1,0,1,1,1,0,0,0,0,0,16,0,0,3,4,2,1,4,1,2,4,0,1,0,0,0,0,0,0,0,7,1,1,0,0,0,0,3,2,1,2,KRBKRNvK,LOSS,4B3/8/3R4/1k6/3r4/2n1K3/8/8 b - - 0 1
1,1,0,0,0,0,0,1,-1,1,0,1,1,1,0,0,0,0,0,16,0,0,4,5,0,1,0,4,5,22,23,0,0,0,0,0,0,0,0,7,1,1,1,1,0,0,1,0,0,2,KRBKRNvK,DRAW,8/2R5/8/2B5/8/8/7r/1k1n1K2 w - - 0 1
0,1,0,0,0,0,0,1,-1,1,0,1,1,1,0,0,0,0,0,16,0,0,2,5,1,3,0,3,3,24,28,0,0,0,0,0,0,0,0,7,1,1,1,0,0,0,1,3,0,0,KRBKRNvK,DRAW,8/7R/2n3B1/1r6/8/8/5K2/3k4 b - - 0 1
0,1,0,0,0,0,0,1,-1,1,0,1,1,1,0,0,0,0,0,16,0,0,5,4,7,3,2,3,1,4,0,1,0,0,0,0,0,0,0,7,1,1,1,0,0,0,1,2,1,0,KRBKRNvK,DRAW,4K3/2R5/8/5B1n/8/3k4/8/3r4 b - - 0 1
0,1,0,0,0,0,0,1,-1,1,0,1,1,1,0,0,0,0,0,16,0,0,3,6,5,7,2,3,4,24,24,0,0,0,0,0,0,0,0,7,1,1,1,0,0,0,2,3,0,0,KRBKRNvK,DRAW,8/3R4/6K1/2r5/B7/7k/5n2/8 b - - 0 1
0,1,0,0,0,0,0,1,-1,1,0,1,1,1,0,0,0,0,0,16,0,0,4,1,4,5,6,2,3,6,0,1,0,0,0,0,0,0,0,7,1,1,1,0,0,0,2,0,1,0,KRBKRNvK,DRAW,2r3n1/3R1k2/8/1K6/8/8/4B3/8 b - - 0 1
0,1,0,0,0,0,0,1,-1,1,0,1,1,1,0,0,0,0,0,16,0,0,2,2,6,2,4,3,1,21,19,0,0,0,0,0,0,0,0,7,1,1,0,0,0,0,0,3,0,1,KRBKRNvK,DRAW,8/2K4B/6n1/2kr4/8/8/8/5R2 b - - 0 1
1,1,0,0,0,0,0,1,-1,1,0,1,1,1,0,0,0,0,0,16,0,0,6,0,3,6,2,3,3,25,24,0,0,0,0,0,0,0,0,7,1,1,0,0,0,0,3,0,0,1,KRBKRNvK,DRAW,7n/8/2r5/R7/K7/3B2k1/8/8 w - - 0 1
0,1,0,0,0,0,0,1,-1,1,0,1,1,1,0,0,0,0,0,16,0,0,4,5,0,3,4,4,0,26,24,0,0,0,0,0,0,0,0,7,1,1,0,0,0,0,3,3,1,0,KRBKRNvK,DRAW,8/2B5/7r/3k4/3n2R1/8/8/5K2 b - - 0 1
1,1,0,0,0,0,0,1,-1,1,0,1,1,1,0,0,0,0,0,16,0,0,4,1,3,2,7,2,4,30,23,0,0,0,0,0,0,0,0,7,1,1,0,0,0,0,0,1,0,0,KRBKRNvK,DRAW,2k2r2/8/4n3/8/1K6/8/4B3/R7 w - - 0 1
0,1,0,0,0,0,0,1,-1,1,0,1,1,1,0,0,0,0,0,16,0,0,3,2,5,5,4,2,1,7,0,1,0,0,0,0,0,0,0,7,1,1,0,0,0,0,2,3,0,1,KRBKRNvK,DRAW,8/1B6/2K5/R4k2/3r4/8/8/2n5 b - - 0 1
0,1,0,0,0,0,0,1,-1,1,0,1,1,1,0,0,0,0,0,16,0,0,4,7,7,6,3,6,2,28,24,0,0,0,0,0,0,0,0,7,1,1,0,0,0,0,2,1,0,0,KRBKRNvK,DRAW,7K/5B2/3R4/8/6k1/3n4/8/2r5 b - - 0 1
0,1,0,0,0,0,0,1,-1,1,0,1,1,1,0,0,0,0,0,16,0,0,4,5,2,4,6,2,2,18,32,0,0,0,0,0,0,0,0,7,1,1,0,0,0,0,1,2,1,0,KRBKRNvK,DRAW,8/n2rk3/8/5B2/8/5K2/7R/8 b - - 0 1
0,1,0,0,0,0,0,1,-1,1,0,1,1,1,0,0,0,0,0,16,0,0,3,6,0,3,3,5,0,29,24,0,0,0,0,0,0,0,0,7,1,1,0,0,0,0,0,4,0,0,KRBKRNvK,DRAW,8/8/4n3/8/3k3B/r7/6R1/6K1 b - - 0 1
0,1,0,0,0,0,0,1,-1,1,0,1,1,1,0,0,0,0,0,16,0,0,3,6,4,7,1,2,5,24,20,0,0,0,0,0,0,0,0,7,1,1,0,0,0,0,0,3,0,0,KRBKRNvK,DRAW,R7/8/B1nr4/6K1/8/8/7k/8 b - - 0 1
1,1,0,0,0,0,0,1,-1,1,0,1,1,1,0,0,0,0,0,16,0,0,2,3,0,2,2,3,2,4,0,1,0,0,0,0,0,0,0,7,1,1,0,0,0,0,1,2,2,0,KRBKRNvK,DRAW,8/8/n7/3r4/8/2k5/2B5/1R1K4 w - - 0 1
0,1,0,0,0,0,0,1,-1,1,0,1,1,1,0,0,0,0,0,16,0,0,4,3,1,7,2,2,4,18,26,0,0,0,0,0,0,0,0,7,1,1,0,0,0,0,1,0,0,0,KRBKRNvK,DRAW,R1n3r1/2B5/8/8/8/7k/3K4/8 b - - 0 1
1,1,0,0,0,0,0,1,-1,1,0,1,1,1,0,0,0,0,0,16,0,0,5,2,2,2,7,2,4,28,22,0,0,0,0,0,0,0,0,7,1,1,0,0,0,0,1,1,0,0,KRBKRNvK,DRAW,2k3r1/5n2/8/8/8/2K4R/5B2/8 w - - 0 1
0,1,0,0,0,0,0,1,-1,1,0,1,1,1,0,0,0,0,0,16,0,0,3,2,2,5,5,2,2,21,13,0,0,0,0,0,0,0,0,7,1,1,0,0,0,0,1,1,0,0,KRBKRNvK,DRAW,1r1n4/8/5k2/8/8/2K5/2R5/B7 b - - 0 1
0,1,0,0,0,0,0,1,-1,1,0,1,1,1,0,0,0,0,0,16,0,0,5,1,6,6,6,4,4,22,24,0,0,0,0,0,0,0,0,7,1,1,0,0,0,0,2,0,1,1,KRBKRNvK,DRAW,2n5/1K4k1/8/1B5R/8/8/8/2r5 b - - 0 1
0,1,0,0,0,0,0,1,-1,1,0,1,1,1,0,0,0,0,0,16,0,0,3,7,6,7,3,5,3,20,25,0,0,0,0,0,0,0,0,7,1,1,0,0,0,0,3,2,0,2,KRBKRNvK,DRAW,8/7K/3R4/6rn/3B3k/8/8/8 b - - 0 1
0,1,0,0,0,0,0,1,-1,1,0,1,1,1,0,0,0,0,0,16,0,0,4,3,4,7,1,0,5,21,22,0,0,0,0,0,0,0,0,7,1,1,0,0,0,0,4,2,0,1,KRBKRNvK,DRAW,8/8/2n1B3/3K2R1/8/7r/7k/8 b - - 0 1
0,1,0,0,0,0,0,1,-1,1,0,1,1,1,0,0,0,0,0,16,0,0,5,4,5,5,0,1,4,22,15,0,0,0,0,0,0,0,0,7,1,1,0,0,0,0,3,2,0,1,KRBKRNvK,DRAW,8/3B4/3RK3/5r2/n7/8/8/5k2 b - - 0 1
0,1,0,0,0,0,0,1,-1,1,0,1,1,1,0,0,0,0,0,16,0,0,4,5,7,5,3,4,1,23,24,0,0,0,0,0,0,0,0,7,1,1,0,0,0,0,1,3,1,0,KRBKRNvK,DRAW,5K2/5B2/7R/8/3r1k1n/8/8/8 b - - 0 1
0,1,0,0,0,0,0,1,-1,1,0,1,1,1,0,0,0,0,0,16,0,0,4,7,1,3,1,5,2,25,25,0,0,0,0,0,0,0,0,7,1,1,0,0,0,0,0,0,0,0,KRBKRNvK,DRAW,8/1r6/8/7B/4n3/8/3k3K/R7 b - - 0 1
0,1,0,0,0,0,0,1,-1,1,0,1,1,1,0,0,0,0,0,16,0,0,2,1,4,0,6,2,5,25,21,0,0,0,0,0,0,0,0,7,1,1,0,0,0,0,2,3,0,1,KRBKRNvK,DRAW,3r4/k7/8/1Kn1R3/8/B7/8/8 b - - 0 1
1,1,0,0,0,0,0,1,-1,1,0,1,1,1,0,0,0,0,0,16,0,0,7,7,7,5,0,6,4,22,18,0,0,0,0,0,0,0,0,7,1,1,0,0,0,0,0,1,0,0,KRBKRNvK,DRAW,7K/8/2R5/7B/8/4n3/8/5kr1 w - - 0 1
0,1,0,0,0,0,0,1,-1,1,0,1,1,1,0,0,0,0,0,16,0,0,3,5,6,2,4,3,1,12,21,0,0,0,0,0,0,0,0,7,1,1,0,0,0,0,0,2,2,1,KRBKRNvK,DRAW,8/4BK2/3r4/2k5/8/1R2n3/8/8 b - - 0 1
0,1,0,0,0,0,0,1,-1,1,0,1,1,1,0,0,0,0,0,16,0,0,2,3,3,1,4,0,2,19,27,0,0,0,0,0,0,0,0,7,1,1,0,0,0,0,3,0,2,0,KRBKRNvK,DRAW,7n/8/3R4/1k1B4/3K4/8/8/5r2 b - - 0 1
1,1,0,0,0,0,0,1,-1,1,0,1,1,1,0,0,0,0,0,16,0,0,7,5,7,2,0,4,4,25,21,0,0,0,0,0,0,0,0,7,1,1,1,0,0,0,2,2,1,0,KRBKRNvK,DRAW,5K2/4R3/8/8/3r4/8/3n4/2kB4 w - - 0 1
0,1,0,0,0,0,0,1,-1,1,0,1,1,1,0,0,0,0,0,16,0,0,5,7,2,2,6,4,3,5,0,1,0,0,0,0,0,0,0,7,1,1,0,0,0,0,0,1,1,1,KRBKRNvK,DRAW,4Br2/2k5/8/5n2/8/2R4K/8/8 b - - 0 1
1,1,0,0,0,0,0,1,-1,1,0,1,1,1,0,0,0,0,0,16,0,0,5,0,0,3,5,6,1,1,0,1,0,0,0,0,0,0,0,7,1,1,0,1,0,0,3,3,0,1,KRBKRNvK,DRAW,7B/8/3k4/8/7R/1n6/6r1/K7 w - - 0 1
1,1,0,0,0,0,0,1,-1,1,0,1,1,1,0,0,0,0,0,16,0,0,2,4,1,4,3,2,0,24,23,0,0,0,0,0,0,0,0,7,1,1,0,0,0,0,1,3,1,0,KRBKRNvK,DRAW,8/8/6n1/7r/4kB2/8/4K3/5R2 w - - 0 1
1,1,0,0,0,0,0,1,-1,1,0,1,1,1,0,0,0,0,0,16,0,0,6,3,7,6,1,3,4,18,20,0,0,0,0,0,0,0,0,7,1,1,0,0,0,0,1,2,0,0,KRBKRNvK,DRAW,3K4/8/n2B4/3r4/8/2R5/6k1/8 w - - 0 1
0,1,0,0,0,0,0,1,-1,1,0,1,1,1,0,0,0,0,0,16,0,0,7,5,0,0,7,4,6,20,25,0,0,0,0,0,0,0,0,7,1,1,0,0,0,0,0,2,0,0,KRBKRNvK,DRAW,k5n1/3r4/8/8/8/8/2R5/2B2K2 b - - 0 1
0,1,0,0,0,0,0,1,-1,1,0,1,1,1,0,0,0,0,0,16,0,0,4,6,5,3,1,3,2,6,0,1,0,0,0,0,0,0,0,7,1,1,0,0,0,0,2,2,0,1,KRBKRNvK,DRAW,7B/8/6K1/3R4/5r2/7n/3k4/8 b - - 0 1
0,1,0,0,0,0,0,1,-1,1,0,1,1,1,0,0,0,0,0,16,0,0,3,2,6,5,6,3,3,25,27,0,0,0,0,0,0,0,0,7,1,1,0,0,0,0,2,2,0,1,KRBKRNvK,DRAW,8/2K2k2/8/4r3/8/5BR1/5n2/8 b - - 0 1
1,1,0,0,0,0,0,1,-1,1,0,1,1,1,0,0,0,0,0,16,0,0,4,4,6,1,2,2,3,7,0,1,0,0,0,0,0,0,0,7,1,1,0,0,0,0,3,0,1,0,KRBKRNvK,DRAW,8/r3KB2/8/n2R4/8/1k6/8/8 w - - 0 1
0,1,0,0,0,0,0,1,-1,1,0,1,1,1,0,0,0,0,0,16,0,0,2,7,2,5,2,4,2,3,0,1,0,0,0,0,0,0,0,7,1,1,0,0,0,0,1,3,1,2,KRBKRNvK,DRAW,8/8/8/3B1r2/7n/1R3k1K/8/8 b - - 0 1
1,1,0,0,0,0,0,1,-1,1,0,1,1,1,0,0,0,0,0,16,0,0,6,2,0,1,6,4,4,25,28,0,0,0,0,0,0,0,0,7,1,1,0,0,0,0,0,2,0,1,KRBKRNvK,DRAW,8/1k1n4/8/8/8/B3r3/7R/2K5 w - - 0 1
0,1,0,0,0,0,0,1,-1,1,0,1,1,1,0,0,0,0,0,16,0,0,5,6,4,1,5,2,3,27,27,0,0,0,0,0,0,0,0,7,1,1,0,0,0,0,1,1,0,1,KRBKRNvK,DRAW,5r2/8/1k6/6K1/8/1B2n3/8/2R5 b - - 0 1
1,1,0,0,0,0,0,1,-1,1,0,1,1,1,0,0,0,0,0,16,0,0,2,4,2,2,3,1,1,5,0,1,0,0,0,0,0,0,0,7,1,1,0,0,0,0,4,2,0,1,KRBKRNvK,DRAW,r2R4/8/8/8/2k5/4K3/7B/5n2 w - - 0 1
0,1,0,0,0,0,0,1,-1,1,0,1,1,1,0,0,0,0,0,16,0,0,3,5,5,2,6,2,3,25,23,0,0,0,0,0,0,0,0,7,1,1,0,1,0,0,1,2,0,0,KRBKRNvK,DRAW,8/2k5/5K1R/8/3B4/8/4r3/5n2 b - - 0 1
0,1,0,0,0,0,0,1,-1,1,0,1,1,1,0,0,0,0,0,16,0,0,2,6,3,6,1,2,4,18,20,0,0,0,0,0,0,0,0,7,1,1,0,0,0,0,1,0,1,0,KRBKRNvK,DRAW,8/n7/6B1/8/6KR/8/6k1/r7 b - - 0 1
1,1,0,0,0,0,0,1,-1,1,0,1,1,1,0,0,0,0,0,16,0,0,2,2,3,4,2,1,1,3,0,1,0,0,0,0,0,0,0,7,1,1,0,0,0,0,2,2,1,1,KRBKRNvK,LOSS,2r3R1/8/3n4/8/2K3B1/4k3/8/8 w - - 0 1
1,1,0,0,0,0,0,1,-1,1,0,1,1,1,0,0,0,0,0,16,0,0,2,1,4,1,2,2,3,19,23,0,0,0,0,0,0,0,0,7,1,1,1,0,0,0,1,2,0,1,KRBKRNvK,DRAW,8/1R6/1B6/1K6/r7/1k6/6n1/8 w - - 0 1
0,1,0,0,0,0,0,1,-1,1,0,1,1,1,0,0,0,0,0,16,0,0,7,2,0,5,7,4,4,24,21,0,0,0,0,0,0,0,0,7,1,1,0,0,0,0,3,1,0,0,KRBKRNvK,DRAW,1B3k2/4n3/r7/4R3/8/8/8/2K5 b - - 0 1
0,1,0,0,0,0,0,1,-1,1,0,1,1,1,0,0,0,0,0,16,0,0,7,0,1,7,1,5,5,4,0,1,0,0,0,0,0,0,0,7,1,1,0,0,0,0,2,0,1,1,KRBKRNvK,DRAW,8/6B1/8/8/8/8/Kn3R1k/6r1 b - - 0 1
1,1,0,0,0,0,0,1,-1,1,0,1,1,1,0,0,0,0,0,16,0,0,3,6,5,4,2,3,1,7,0,1,0,0,0,0,0,0,0,7,1,1,0,0,0,0,1,2,1,1,KRBKRNvK,DRAW,7n/8/1R4K1/3B4/1r6/4k3/8/8 w - - 0 1
1,1,0,0,0,0,0,1,-1,1,0,1,1,1,0,0,0,0,0,16,0,0,4,7,2,3,2,4,1,23,18,0,0,0,0,0,0,0,0,7,1,1,0,0,0,0,0,2,1,0,KRBKRNvK,DRAW,3n1Br1/8/8/8/8/3k3K/1R6/8 w - - 0 1
1,1,0,0,0,0,0,1,-1,1,0,1,1,1,0,0,0,0,0,16,0,0,2,6,6,6,4,4,2,26,15,0,0,0,0,0,0,0,0,7,1,1,0,0,0,0,4,2,1,0,KRBKRNvK,DRAW,8/6K1/2B5/2r3k1/4R3/8/8/6n1 w - - 0 1
0,1,0,0,0,0,0,1,-1,1,0,1,1,1,0,0,0,0,0,16,0,0,3,6,7,6,4,5,2,27,22,0,0,0,0,0,0,0,0,7,1,1,0,0,0,0,2,1,0,1,KRBKRNvK,DRAW,6K1/5r2/8/6k1/6n1/8/8/R6B b - - 0 1
1,1,0,0,0,0,0,1,-1,1,0,1,1,1,0,0,0,0,0,16,0,0,2,6,3,5,1,2,3,20,20,0,0,0,0,0,0,0,0,7,1,1,0,0,0,0,2,1,0,0,KRBKRNvK,DRAW,8/5n1r/8/R7/6K1/B7/5k2/8 w - - 0 1
0,1,0,0,0,0,0,1,-1,1,0,1,1,1,0,0,0,0,0,16,0,0,5,5,3,0,4,1,3,19,27,0,0,0,0,0,0,0,0,7,1,1,0,1,0,0,3,1,0,1,KRBKRNvK,DRAW,8/8/8/k7/5K2/5B2/2n3r1/1R6 b - - 0 1
1,1,0,0,0,0,0,1,-1,1,0,1,1,1,0,0,0,0,0,16,0,0,7,6,7,2,0,5,4,5,0,1,0,0,0,0,0,0,0,7,1,1,0,0,0,0,3,1,1,1,KRBKRNvK,DRAW,6K1/4n3/8/8/6R1/2B5/8/r1k5 w - - 0 1
1,1,0,0,0,0,0,1,-1,1,0,1,1,1,0,0,0,0,0,16,0,0,3,5,3,2,2,1,2,7,0,1,0,0,0,0,0,0,0,7,1,1,0,0,0,0,3,2,1,0,KRBKRNvK,DRAW,8/8/8/1R5B/r4K2/1nk5/8/8 w - - 0 1
1,1,0,0,0,0,0,1,-1,1,0,1,1,1,0,0,0,0,0,16,0,0,4,5,1,6,5,3,3,25,19,0,0,0,0,0,0,0,0,7,1,1,1,0,0,0,1,1,0,0,KRBKRNvK,DRAW,8/BR6/4r1k1/4n3/8/8/5K2/8 w - - 0 1
1,1,0,0,0,0,0,1,-1,1,0,1,1,1,0,0,0,0,0,16,0,0,5,5,0,1,5,4,3,5,0,1,0,0,0,0,0,0,0,7,1,1,0,0,0,0,0,1,0,0,KRBKRNvK,DRAW,8/5r2/1k6/6n1/8/2R5/1B6/5K2 w - - 0 1
1,1,0,0,0,0,0,1,-1,1,0,1,1,1,0,0,0,0,0,16,0,0,2,5,0,5,2,4,2,1,0,1,0,0,0,0,0,0,0,7,1,1,0,0,0,0,1,1,2,0,KRBKRNvK,LOSS,n7/8/8/5B2/8/5k2/8/r4KR1 w - - 0 1
0,1,0,0,0,0,0,1,-1,1,0,1,1,1,0,0,0,0,0,16,0,0,3,4,3,7,5,0,4,3,0,1,0,0,0,0,0,0,0,7,1,1,0,0,0,0,3,0,0,0,KRBKRNvK,DRAW,8/8/2R4k/8/4K3/7n/4B3/4r3 b - - 0 1
0,1,0,0,0,0,0,1,-1,1,0,1,1,1,0,0,0,0,0,16,0,0,6,7,4,1,3,3,2,25,21,0,0,0,0,0,0,0,0,7,1,1,0,0,0,0,1,3,0,0,KRBKRNvK,DRAW,2R5/7B/8/7K/1knr4/8/8/8 b - - 0 1
0,1,0,0,0,0,0,1,-1,1,0,1,1,1,0,0,0,0,0,16,0,0,4,4,3,6,7,0,5,3,0,1,0,0,0,0,0,0,0,7,1,1,0,0,0,0,3,1,1,1,KRBKRNvK,DRAW,6kr/8/4B1n1/R7/4K3/8/8/8 b - - 0 1
1,1,0,0,0,0,0,1,-1,1,0,1,1,1,0,0,0,0,0,16,0,0,5,5,5,1,0,2,5,7,0,1,0,0,0,0,0,0,0,7,1,1,0,0,0,0,3,1,1,0,KRBKRNvK,DRAW,8/8/5K2/8/2R5/5r2/5n2/Bk6 w - - 0 1
0,1,0,0,0,0,0,1,-1,1,0,1,1,1,0,0,0,0,0,16,0,0,5,2,4,7,3,1,3,24,26,0,0,0,0,0,0,0,0,7,1,1,0,0,0,0,3,1,1,0,KRBKRNvK,DRAW,R7/8/8/2K5/7k/8/4n1B1/1r6 b - - 0 1
1,1,0,0,0,0,0,1,-1,1,0,1,1,1,0,0,0,0,0,16,0,0,6,1,2,7,4,3,3,29,20,0,0,0,0,0,0,0,0,7,1,1,0,0,0,0,0,0,0,0,KRBKRNvK,DRAW,R7/7n/6r1/7k/8/1K6/8/4B3 w - - 0 1
1,1,0,0,0,0,0,1,-1,1,0,1,1,1,0,0,0,0,0,16,0,0,4,1,4,5,7,2,4,8,0,1,0,0,0,0,0,0,0,7,1,1,0,0,0,0,1,2,0,1,KRBKRNvK,DRAW,5k2/3n4/8/1K5r/8/4B3/2R5/8 w - - 0 1
0,1,0,0,0,0,0,1,-1,1,0,1,1,1,0,0,0,0,0,16,0,0,3,4,7,2,4,3,1,6,0,1,0,0,0,0,0,0,0,7,1,1,0,1,0,0,3,2,1,0,KRBKRNvK,DRAW,4K3/8/8/2k1R3/8/8/2r4B/6n1 b - - 0 1
0,1,0,0,0,0,0,1,-1,1,0,1,1,1,0,0,0,0,0,16,0,0,3,5,0,6,3,4,2,6,0,1,0,0,0,0,0,0,0,7,1,1,0,0,0,0,2,0,0,0,KRBKRNvK,DRAW,8/1r6/n7/8/6k1/2B5/8/5KR1 b - - 0 1
0,1,0,0,0,0,0,1,-1,1,0,1,1,1,0,0,0,0,0,16,0,0,2,2,5,3,3,2,0,24,21,0,0,0,0,0,0,0,0,7,1,1,0,1,0,0,1,3,0,0,KRBKRNvK,DRAW,8/8/2K5/8/3k2Bn/8/1r6/6R1 b - - 0 1
1,1,0,0,0,0,0,1,-1,1,0,1,1,1,0,0,0,0,0,16,0,0,4,4,5,0,1,1,5,17,20,0,0,0,0,0,0,0,0,7,1,1,0,1,0,0,3,0,0,0,KRBKRNvK,DRAW,2B5/8/3RK3/8/8/8/k4r1n/8 w - - 0 1
0,1,0,0,0,0,0,1,-1,1,0,1,1,1,0,0,0,0,0,16,0,0,4,0,4,2,0,3,4,20,23,0,0,0,0,0,0,0,0,7,1,1,0,1,0,0,0,0,0,0,KRBKRNvK,DRAW,8/8/7R/K7/8/7B/2r5/2kn4 b - - 0 1
0,1,0,0,0,0,0,1,-1,1,0,1,1,1,0,0,0,0,0,16,0,0,3,2,1,2,4,3,1,23,30,0,0,0,0,0,0,0,0,7,1,1,0,0,0,0,3,2,0,0,KRBKRNvK,DRAW,2n5/8/r7/2k5/7R/8/1BK5/8 b - - 0 1
0,1,0,0,0,0,0,1,-1,1,0,1,1,1,0,0,0,0,0,16,0,0,6,0,5,6,6,4,4,11,26,0,0,0,0,0,0,0,0,7,1,1,0,0,0,0,3,0,0,0,KRBKRNvK,DRAW,8/6kr/K7/R6n/8/4B3/8/8 b - - 0 1
0,1,0,0,0,0,0,1,-1,1,0,1,1,1,0,0,0,0,0,16,0,0,3,3,3,0,5,0,4,3,0,1,0,0,0,0,0,0,0,7,1,1,0,0,0,0,4,1,0,0,KRBKRNvK,DRAW,8/2n5/k2R4/8/3K4/3B3r/8/8 b - - 0 1
0,1,0,0,0,0,0,1,-1,1,0,1,1,1,0,0,0,0,0,16,0,0,3,3,2,1,5,1,3,7,0,1,0,0,0,0,0,0,0,7,1,1,0,1,0,0,2,3,0,2,KRBKRNvK,LOSS,8/8/1k3R2/1n5B/8/3K4/4r3/8 b - - 0 1
0,1,0,0,0,0,0,1,-1,1,0,1,1,1,0,0,0,0,0,16,0,0,3,5,4,3,7,1,3,4,0,1,0,0,0,0,0,0,0,7,1,1,0,0,0,0,2,2,0,2,KRBKRNvK,DRAW,3k4/4r3/8/B4K2/8/3n4/8/1R6 b - - 0 1
1,1,0,0,0,0,0,1,-1,1,0,1,1,1,0,0,0,0,0,16,0,0,6,6,1,4,7,4,3,28,22,0,0,0,0,0,0,0,0,7,1,1,0,0,0,0,2,2,0,0,KRBKRNvK,DRAW,3rk2B/8/8/5n2/8/1R6/6K1/8 w - - 0 1
1,1,0,0,0,0,0,1,-1,1,0,1,1,1,0,0,0,0,0,16,0,0,2,4,5,3,3,1,0,6,0,1,0,0,0,0,0,0,0,7,1,1,0,1,0,0,3,3,0,1,KRBKRNvK,DRAW,8/8/4K3/8/3k1n2/8/1r6/3BR3 w - - 0 1
0,1,0,0,0,0,0,1,-1,1,0,1,1,1,0,0,0,0,0,16,0,0,4,4,4,0,2,0,4,21,27,0,0,0,0,0,0,0,0,7,1,1,1,1,0,0,3,2,1,0,KRBKRNvK,DRAW,3n4/2R5/8/1B2K3/8/k7/3r4/8 b - - 0 1
0,1,0,0,0,0,0,1,-1,1,0,1,1,1,0,0,0,0,0,16,0,0,5,7,5,6,0,4,5,5,0,1,0,0,0,0,0,0,0,7,1,1,0,0,0,0,1,3,0,1,KRBKRNvK,DRAW,7R/8/7K/5r2/3B4/8/3n4/6k1 b - - 0 1
0,1,0,0,0,0,0,1,-1,1,0,1,1,1,0,0,0,0,0,16,0,0,3,7,6,5,3,5,1,23,23,0,0,0,0,0,0,0,0,7,1,1,1,0,0,0,2,2,0,0,KRBKRNvK,DRAW,8/R5BK/8/8/5k2/2r5/8/n7 b - - 0 1
0,1,0,0,0,0,0,1,-1,1,0,1,1,1,0,0,0,0,0,16,0,0,5,6,4,1,6,2,4,23,20,0,0,0,0,0,0,0,0,7,1,1,0,1,0,0,0,0,0,0,KRBKRNvK,DRAW,1n4R1/1k6/8/6K1/8/7B/5r2/8 b - - 0 1
0,1,0,0,0,0,0,1,-1,1,0,1,1,1,0,0,0,0,0,16,0,0,5,6,3,1,0,2,5,4,0,1,0,0,0,0,0,0,0,7,1,1,0,0,0,0,0,0,0,0,KRBKRNvK,DRAW,3B4/8/2r5/8/6K1/8/8/nk5R b - - 0 1
0,1,0,0,0,0,0,1,-1,1,0,1,1,1,0,0,0,0,0,16,0,0,4,7,5,3,5,4,1,24,25,0,0,0,0,0,0,0,0,7,1,1,0,0,0,0,3,2,1,0,KRBKRNvK,DRAW,8/2n5/3k3K/1r6/5R2/5B2/8/8 b - - 0 1
1,1,0,0,0,0,0,1,-1,1,0,1,1,1,0,0,0,0,0,16,0,0,6,4,1,6,7,2,5,23,19,0,0,0,0,0,0,0,0,7,1,1,0,0,0,0,2,2,0,0,KRBKRNvK,DRAW,6k1/8/8/n7/1r6/8/4KR2/B7 w - - 0 1
1,1,0,0,0,0,0,1,-1,1,0,1,1,1,0,0,0,0,0,16,0,0,6,6,0,0,6,5,5,27,22,0,0,0,0,0,0,0,0,7,1,1,0,0,0,0,2,3,0,0,KRBKRNvK,DRAW,8/k4B2/3R4/8/4rn2/8/8/6K1 w - - 0 1
0,1,0,0,0,0,0,1,-1,1,0,1,1,1,0,0,0,0,0,16,0,0,5,3,0,0,5,3,4,2,0,1,0,0,0,0,0,0,0,7,1,1,0,1,0,0,0,1,2,2,KRBKRNvK,DRAW,R7/8/k7/B7/8/3n4/2r5/3K4 b - - 0 1
1,1,0,0,0,0,0,1,-1,1,0,1,1,1,0,0,0,0,0,16,0,0,2,5,4,7,3,1,3,22,22,0,0,0,0,0,0,0,0,7,1,1,0,0,0,0,3,2,1,1,KRBKRNvK,WIN,8/3n4/8/2R2K2/7k/8/6B1/4r3 w - - 0 1
0,1,0,0,0,0,0,1,-1,1,0,1,1,1,0,0,0,0,0,16,0,0,2,1,1,0,3,4,3,20,22,0,0,0,0,0,0,0,0,7,1,1,0,0,0,0,2,0,0,0,KRBKRNvK,DRAW,2r5/8/8/n7/k7/5B2/1K6/5R2 b - - 0 1
0,1,0,0,0,0,0,1,-1,1,0,1,1,1,0,0,0,0,0,16,0,0,4,7,0,3,4,6,0,7,0,1,0,0,0,0,0,0,0,7,1,1,0,0,0,0,2,3,0,0,KRBKRNvK,DRAW,5n2/4r3/8/3k4/8/8/6B1/R6K b - - 0 1
0,1,0,0,0,0,0,1,-1,1,0,1,1,1,0,0,0,0,0,16,0,0,3,2,6,5,3,3,1,20,26,0,0,0,0,0,0,0,0,7,1,1,0,0,0,0,2,3,1,0,KRBKRNvK,DRAW,3R3n/2K5/8/3B4/4rk2/8/8/8 b - - 0 1
0,1,0,0,0,0,0,1,-1,1,0,1,1,1,0,0,0,0,0,16,0,0,5,1,6,6,5,4,3,19,21,0,0,0,0,0,0,0,0,7,1,1,0,1,0,0,0,0,2,1,KRBKRNvK,DRAW,2n2B1R/1K6/6k1/8/8/8/6r1/8 b - - 0 1
1,1,0,0,0,0,0,1,-1,1,0,1,1,1,0,0,0,0,0,16,0,0,3,3,6,5,3,2,1,24,23,0,0,0,0,0,0,0,0,7,1,1,1,0,0,0,0,2,1,0,KRBKRNvK,DRAW,8/1R1K3n/8/7B/5k2/8/8/6r1 w - - 0 1
0,1,0,0,0,0,0,1,-1,1,0,1,1,1,0,0,0,0,0,16,0,0,5,1,1,6,0,4,5,21,29,0,0,0,0,0,0,0,0,7,1,1,0,0,0,0,2,0,0,0,KRBKRNvK,DRAW,n7/4B3/7r/4R3/8/8/1K6/6k1 b - - 0 1
0,1,0,0,0,0,0,1,-1,1,0,1,1,1,0,0,0,0,0,16,0,0,4,1,1,2,5,4,2,23,26,0,0,0,0,0,0,0,0,7,1,1,0,0,0,0,2,3,0,1,KRBKRNvK,DRAW,8/8/1nk4B/8/r7/8/1K6/3R4 b - - 0 1
1,1,0,0,0,0,0,1,-1,1,0,1,1,1,0,0,0,0,0,16,0,0,5,1,5,6,6,3,4,28,23,0,0,0,0,0,0,0,0,7,1,1,0,0,0,0,1,2,1,0,KRBKRNvK,DRAW,8/6k1/1K4B1/8/5r2/8/5n2/6R1 w - - 0 1
0,1,0,0,0,0,0,1,-1,1,0,1,1,1,0,0,0,0,0,16,0,0,3,3,2,4,5,1,1,14,27,0,0,0,0,0,0,0,0,7,1,1,0,0,0,0,4,2,0,0,KRBKRNvK,DRAW,8/8/4kr1n/7R/8/B2K4/8/8 b - - 0 1
1,1,0,0,0,0,0,1,-1,1,0,1,1,1,0,0,0,0,0,16,0,0,2,4,5,6,4,1,2,21,23,0,0,0,0,0,0,0,0,7,1,1,0,0,0,0,2,2,0,0,KRBKRNvK,DRAW,8/8/4K3/6k1/nr6/2R5/8/B7 w - - 0 1
0,1,0,0,0,0,0,1,-1,1,0,1,1,1,0,0,0,0,0,16,0,0,6,1,5,7,2,3,4,3,0,1,0,0,0,0,0,0,0,7,1,1,0,0,0,0,1,2,1,1,KRBKRNvK,DRAW,6B1/8/1K1n4/8/8/4r2k/8/7R b - - 0 1
1,1,0,0,0,0,0,1,-1,1,0,1,1,1,0,0,0,0,0,16,0,0,2,7,3,7,5,3,4,23,21,0,0,0,0,0,0,0,0,7,1,1,0,0,0,0,1,0,0,0,KRBKRNvK,DRAW,6r1/8/7k/8/7K/R7/5B2/3n4 w - - 0 1
0,1,0,0,0,0,0,1,-1,1,0,1,1,1,0,0,0,0,0,16,0,0,4,1,0,5,0,5,4,5,0,1,0,0,0,0,0,0,0,7,1,1,0,1,0,0,2,2,0,0,KRBKRNvK,DRAW,8/3B4/2n5/8/5R2/8/7r/1K3k2 b - - 0 1
0,1,0,0,0,0,0,1,-1,1,0,1,1,1,0,0,0,0,0,16,0,0,7,0,6,7,3,5,3,3,0,1,0,0,0,0,0,0,0,7,1,1,0,1,0,0,0,2,0,1,KRBKRNvK,DRAW,7R/K1n5/B7/8/7k/8/3r4/8 b - - 0 1
0,1,0,0,0,0,0,1,-1,1,0,1,1,1,0,0,0,0,0,16,0,0,5,1,2,6,7,3,5,19,27,0,0,0,0,0,0,0,0,7,1,1,1,0,0,0,3,2,0,0,KRBKRNvK,DRAW,6k1/3R4/6n1/6r1/8/1K6/2B5/8 b - - 0 1
1,1,0,0,0,0,0,1,-1,1,0,1,1,1,0,0,0,0,0,16,0,0,4,6,5,4,1,3,2,6,0,1,0,0,0,0,0,0,0,7,1,1,0,0,0,0,0,1,1,1,KRBKRNvK,DRAW,2r5/4n3/6KR/8/8/8/3Bk3/8 w - - 0 1
0,1,0,0,0,0,0,1,-1,1,0,1,1,1,0,0,0,0,0,16,0,0,5,0,5,5,5,4,2,25,19,0,0,0,0,0,0,0,0,7,1,1,0,0,0,0,0,4,1,0,KRBKRNvK,DRAW,8/8/K4k1B/8/5r2/2n5/8/7R b - - 0 1
1,1,0,0,0,0,0,1,-1,1,0,1,1,1,0,0,0,0,0,16,0,0,3,6,0,3,0,5,3,5,0,1,0,0,0,0,0,0,0,7,1,1,0,0,0,0,2,1,0,1,KRBKRNvK,DRAW,7r/8/8/8/R7/7B/4n3/3k2K1 w - - 0 1
0,1,0,0,0,0,0,1,-1,1,0,1,1,1,0,0,0,0,0,16,0,0,4,2,4,6,7,1,5,18,24,0,0,0,0,0,0,0,0,7,1,1,0,0,0,0,3,0,1,0,KRBKRNvK,DRAW,6kB/8/8/2K4R/8/5r2/7n/8 b - - 0 1
1,1,0,0,0,0,0,1,-1,1,0,1,1,1,0,0,0,0,0,16,0,0,6,6,0,0,0,5,6,26,21,0,0,0,0,0,0,0,0,7,1,1,0,0,0,0,2,0,0,0,KRBKRNvK,DRAW,8/8/5r2/3n4/8/3B4/4R3/k5K1 w - - 0 1
0,1,0,0,0,0,0,1,-1,1,0,1,1,1,0,0,0,0,0,16,0,0,6,1,3,7,2,2,4,27,25,0,0,0,0,0,0,0,0,7,1,1,0,1,0,0,3,3,1,2,KRBKRNvK,DRAW,8/8/8/2B2R2/1K6/2n4k/3r4/8 b - - 0 1
0,1,0,0,0,0,0,1,-1,1,0,1,1,1,0,0,0,0,0,16,0,0,3,7,5,5,2,4,2,25,20,0,0,0,0,0,0,0,0,7,1,1,0,0,0,0,0,2,1,0,KRBKRNvK,DRAW,7R/8/3n3K/6B1/3r4/5k2/8/8 b - - 0 1
1,1,0,0,0,0,0,1,-1,1,0,1,1,1,0,0,0,0,0,16,0,0,5,1,7,6,5,5,3,30,14,0,0,0,0,0,0,0,0,7,1,1,0,0,0,0,2,0,1,0,KRBKRNvK,DRAW,1K6/8/4B1kr/2R5/8/8/6n1/8 w - - 0 1
1,1,0,0,0,0,0,1,-1,1,0,1,1,1,0,0,0,0,0,16,0,0,2,6,3,4,4,2,0,20,21,0,0,0,0,0,0,0,0,7,1,1,0,0,0,0,0,4,1,1,KRBKRNvK,DRAW,8/8/B5n1/4k3/6K1/6R1/8/4r3 w - - 0 1
0,1,0,0,0,0,0,1,-1,1,0,1,1,1,0,0,0,0,0,16,0,0,2,4,2,2,4,1,1,18,27,0,0,0,0,0,0,0,0,7,1,1,0,0,0,0,2,2,0,0,KRBKRNvK,DRAW,5R2/8/2r5/2k4n/8/4K3/8/4B3 b - - 0 1
0,1,0,0,0,0,0,1,-1,1,0,1,1,1,0,0,0,0,0,16,0,0,7,3,0,2,7,3,4,3,0,1,0,0,0,0,0,0,0,7,1,1,0,0,0,0,2,0,1,1,KRBKRNvK,LOSS,2k1R3/7B/6r1/8/8/8/8/3Kn3 b - - 0 1
1,1,0,0,0,0,0,1,-1,1,0,1,1,1,0,0,0,0,0,16,0,0,7,7,4,0,1,3,5,24,24,0,0,0,0,0,0,0,0,7,1,1,0,1,0,0,0,2,0,1,KRBKRNvK,DRAW,8/8/B7/5n1K/8/6R1/k2r4/8 w - - 0 1
0,1,0,0,0,0,0,1,-1,1,0,1,1,1,0,0,0,0,0,16,0,0,3,5,5,2,4,2,1,20,23,0,0,0,0,0,0,0,0,7,1,1,0,0,0,0,3,2,1,0,KRBKRNvK,DRAW,8/8/3R1K2/2k5/n7/8/7B/1r6 b - - 0 1
1,1,0,0,0,0,0,1,-1,1,0,1,1,1,0,0,0,0,0,16,0,0,2,2,4,2,6,1,3,5,0,1,0,0,0,0,0,0,0,7,1,1,0,0,0,0,2,0,0,0,KRBKRNvK,LOSS,5B2/2k5/8/2K5/8/8/5R2/2r4n w - - 0 1
1,1,0,0,0,0,0,1,-1,1,0,1,1,1,0,0,0,0,0,16,0,0,5,6,0,1,4,5,2,3,0,1,0,0,0,0,0,0,0,7,1,1,0,0,0,0,2,0,0,1,KRBKRNvK,DRAW,5R2/6B1/8/1k6/8/6r1/8/3n2K1 w - - 0 1
1,1,0,0,0,0,0,1,-1,1,0,1,1,1,0,0,0,0,0,16,0,0,3,2,3,5,6,1,3,31,18,0,0,0,0,0,0,0,0,7,1,1,0,0,0,0,2,0,1,0,KRBKRNvK,DRAW,6n1/r2B1k2/8/8/2K5/8/7R/8 w - - 0 1
1,1,0,0,0,0,0,1,-1,1,0,1,1,1,0,0,0,0,0,16,0,0,6,1,6,7,2,4,4,25,25,0,0,0,0,0,0,0,0,7,1,1,0,0,0,0,0,3,0,0,KRBKRNvK,DRAW,2R2B2/1K6/8/5r2/8/1n5k/8/8 w - - 0 1
1,1,0,0,0,0,0,1,-1,1,0,1,1,1,0,0,0,0,0,16,0,0,5,1,6,6,7,4,5,7,0,1,0,0,0,0,0,0,0,7,1,1,0,0,0,0,2,2,0,0,KRBKRNvK,DRAW,6k1/1K6/8/5R2/7B/1r3n2/8/8 w - - 0 1
1,1,0,0,0,0,0,1,-1,1,0,1,1,1,0,0,0,0,0,16,0,0,2,1,0,3,0,5,3,24,19,0,0,0,0,0,0,0,0,7,1,1,0,0,0,0,2,1,0,0,KRBKRNvK,DRAW,B7/8/3n1r2/4R3/8/8/8/1K1k4 w - - 0 1
1,1,0,0,0,0,0,1,-1,1,0,1,1,1,0,0,0,0,0,16,0,0,3,5,3,7,0,1,6,22,20,0,0,0,0,0,0,0,0,7,1,1,1,0,0,0,4,2,0,0,KRBKRNvK,DRAW,4B3/3R4/8/2r5/5K2/8/8/2n4k w - - 0 1
0,1,0,0,0,0,0,1,-1,1,0,1,1,1,0,0,0,0,0,16,0,0,2,7,0,6,2,6,3,3,0,1,0,0,0,0,0,0,0,7,1,1,0,0,0,0,2,1,1,0,KRBKRNvK,DRAW,8/5r2/8/8/3R4/4n1k1/7B/7K b - - 0 1
0,1,0,0,0,0,0,1,-1,1,0,1,1,1,0,0,0,0,0,16,0,0,6,1,1,7,1,4,5,3,0,1,0,0,0,0,0,0,0,7,1,1,0,0,0,0,3,2,1,0,KRBKRNvK,DRAW,8/n7/8/7R/8/4r3/1K5k/7B b - - 0 1
1,1,0,0,0,0,0,1,-1,1,0,1,1,1,0,0,0,0,0,16,0,0,4,2,1,6,5,3,3,26,21,0,0,0,0,0,0,0,0,7,1,1,0,0,0,0,0,3,2,0,KRBKRNvK,DRAW,5R2/8/2nr2k1/8/7B/8/2K5/8 w - - 0 1
1,1,0,0,0,0,0,1,-1,1,0,1,1,1,0,0,0,0,0,16,0,0,3,3,4,3,7,0,3,7,0,1,0,0,0,0,0,0,0,7,1,1,0,0,0,0,4,2,1,1,KRBKRNvK,DRAW,3k4/3n1B2/8/r2K4/1R6/8/8/8 w - - 0 1
0,1,0,0,0,0,0,1,-1,1,0,1,1,1,0,0,0,0,0,16,0,0,4,5,6,5,2,3,2,15,22,0,0,0,0,0,0,0,0,7,1,1,0,0,0,0,2,1,0,0,KRBKRNvK,DRAW,2B1R3/5K2/n7/8/8/5kr1/8/8 b - - 0 1
0,1,0,0,0,0,0,1,-1,1,0,1,1,1,0,0,0,0,0,16,0,0,3,3,4,0,1,0,5,6,0,1,0,0,0,0,0,0,0,7,1,1,0,0,0,0,3,2,0,0,KRBKRNvK,LOSS,8/3B4/8/3K4/6r1/8/k6R/6n1 b - - 0 1
1,1,0,0,0,0,0,1,-1,1,0,1,1,1,0,0,0,0,0,16,0,0,3,3,0,6,3,3,2,19,26,0,0,0,0,0,0,0,0,7,1,1,0,0,0,0,0,0,0,0,KRBKRNvK,DRAW,8/8/B6r/8/6k1/n7/8/2RK4 w - - 0 1
1,1,0,0,0,0,0,1,-1,1,0,1,1,1,0,0,0,0,0,16,0,0,5,1,1,1,6,4,4,6,0,1,0,0,0,0,0,0,0,7,1,1,0,1,0,0,0,2,0,1,KRBKRNvK,DRAW,8/1k6/4n1R1/8/8/7B/1K1r4/8 w - - 0 1
0,1,0,0,0,0,0,1,-1,1,0,1,1,1,0,0,0,0,0,16,0,0,4,3,3,7,4,0,3,4,0,1,0,0,0,0,0,0,0,7,1,1,0,0,0,0,3,1,0,0,KRBKRNvK,DRAW,8/8/8/R6k/B2K2n1/8/8/r7 b - - 0 1
1,1,0,0,0,0,0,1,-1,1,0,1,1,1,0,0,0,0,0,16,0,0,4,5,4,1,6,1,4,33,15,0,0,0,0,0,0,0,0,7,1,1,0,0,0,0,3,0,1,0,KRBKRNvK,DRAW,8/1k6/8/2B2K2/8/8/R7/1r1n4 w - - 0 1
1,1,0,0,0,0,0,1,-1,1,0,1,1,1,0,0,0,0,0,16,0,0,3,0,3,2,6,3,3,24,22,0,0,0,0,0,0,0,0,7,1,1,0,0,0,0,3,2,1,0,KRBKRNvK,DRAW,8/2k5/3R4/4r3/K7/8/8/1B3n2 w - - 0 1
0,1,0,0,0,0,0,1,-1,1,0,1,1,1,0,0,0,0,0,16,0,0,5,5,2,0,0,2,6,25,17,0,0,0,0,0,0,0,0,7,1,1,0,0,0,0,1,2,0,2,KRBKRNvK,DRAW,6R1/8/6B1/8/4r3/3n1K2/8/k7 b - - 0 1
0,1,0,0,0,0,0,1,-1,1,0,1,1,1,0,0,0,0,0,16,0,0,2,3,4,5,6,0,3,20,26,0,0,0,0,0,0,0,0,7,1,1,0,0,0,0,3,2,0,0,KRBKRNvK,DRAW,4r3/5k2/8/3K4/3B4/8/3R4/7n b - - 0 1
0,1,0,0,0,0,0,1,-1,1,0,1,1,1,0,0,0,0,0,16,0,0,5,5,2,3,7,2,3,18,28,0,0,0,0,0,0,0,0,7,1,1,0,0,0,0,1,1,0,0,KRBKRNvK,DRAW,3k3r/8/B5n1/8/8/5K2/2R5/8 b - - 0 1
0,1,0,0,0,0,0,1,-1,1,0,1,1,1,0,0,0,0,0,16,0,0,7,5,0,0,7,4,6,23,21,0,0,0,0,0,0,0,0,7,1,1,0,0,0,0,0,3,1,0,KRBKRNvK,DRAW,k2B4/4r3/2R5/1n6/8/8/8/5K2 b - - 0 1
0,1,0,0,0,0,0,1,-1,1,0,1,1,1,0,0,0,0,0,16,0,0,7,5,7,3,0,4,3,4,0,1,0,0,0,0,0,0,0,7,1,1,0,0,0,0,1,1,0,1,KRBKRNvK,DRAW,5K2/6r1/3B4/1n6/8/8/8/3k3R b - - 0 1
1,1,0,0,0,0,0,1,-1,1,0,1,1,1,0,0,0,0,0,16,0,0,4,1,7,0,3,5,3,23,21,0,0,0,0,0,0,0,0,7,1,1,0,0,0,0,0,3,2,0,KRBKRNvK,DRAW,1K6/8/4r3/1n6/kB6/2R5/8/8 w - - 0 1
0,1,0,0,0,0,0,1,-1,1,0,1,1,1,0,0,0,0,0,16,0,0,2,1,5,3,5,3,1,19,25,0,0,0,0,0,0,0,0,7,1,1,0,0,0,0,3,2,2,1,KRBKRNvK,DRAW,2r4n/8/1K1k4/8/1R2B3/8/8/8 b - - 0 1
0,1,0,0,0,0,0,1,-1,1,0,1,1,1,0,0,0,0,0,16,0,0,2,6,3,6,5,2,3,2,0,1,0,0,0,0,0,0,0,7,1,1,0,0,0,0,3,2,2,0,KRBKRNvK,DRAW,7r/8/4R1k1/8/4B1K1/2n5/8/8 b - - 0 1
0,1,0,0,0,0,0,1,-1,1,0,1,1,1,0,0,0,0,0,16,0,0,3,3,6,6,7,2,5,3,0,1,0,0,0,0,0,0,0,7,1,1,0,0,0,0,1,0,0,0,KRBKRNvK,DRAW,2R3k1/3K4/1B6/8/8/7n/8/7r b - - 0 1
0,1,0,0,0,0,0,1,-1,1,0,1,1,1,0,0,0,0,0,16,0,0,6,3,0,1,6,3,4,27,21,0,0,0,0,0,0,0,0,7,1,1,0,0,0,0,0,1,0,0,KRBKRNvK,DRAW,8/1k5B/6r1/5n2/8/8/R7/3K4 b - - 0 1
0,1,0,0,0,0,0,1,-1,1,0,1,1,1,0,0,0,0,0,16,0,0,2,4,1,6,1,2,4,2,0,1,0,0,0,0,0,0,0,7,1,1,0,0,0,0,3,0,0,0,KRBKRNvK,DRAW,5n2/8/1B6/6R1/8/8/4K1k1/7r b - - 0 1
0,1,0,0,0,0,0,1,-1,1,0,1,1,1,0,0,0,0,0,16,0,0,6,5,7,7,1,4,5,5,0,1,0,0,0,0,0,0,0,7,1,1,0,0,0,0,1,0,0,1,KRBKRNvK,LOSS,1Bn2K2/6r1/8/8/8/8/7k/R7 b - - 0 1
1,1,0,0,0,0,0,1,-1,1,0,1,1,1,0,0,0,0,0,16,0,0,3,1,7,4,4,5,0,23,24,0,0,0,0,0,0,0,0,7,1,1,0,1,0,0,0,4,0,0,KRBKRNvK,DRAW,1KR5/8/5n1B/4k3/8/8/4r3/8 w - - 0 1
0,1,0,0,0,0,0,1,-1,1,0,1,1,1,0,0,0,0,0,16,0,0,4,7,4,4,0,3,3,22,16,0,0,0,0,0,0,0,0,7,1,1,0,0,0,0,1,2,0,0,KRBKRNvK,DRAW,1n6/8/3r4/7K/8/7R/7B/4k3 b - - 0 1
1,1,0,0,0,0,0,1,-1,1,0,1,1,1,0,0,0,0,0,16,0,0,7,0,4,7,6,3,5,17,27,0,0,0,0,0,0,0,0,7,1,1,0,0,0,0,1,0,0,0,KRBKRNvK,DRAW,2r5/7k/R2B4/K2n4/8/8/8/8 w - - 0 1
0,1,0,0,0,0,0,1,-1,1,0,1,1,1,0,0,0,0,0,16,0,0,2,2,5,2,7,2,4,3,0,1,0,0,0,0,0,0,0,7,1,1,1,1,0,0,3,0,2,0,KRBKRNvK,DRAW,2k5/4R3/B1K4n/8/8/8/1r6/8 b - - 0 1
0,1,0,0,0,0,0,1,-1,1,0,1,1,1,0,0,0,0,0,16,0,0,2,2,2,4,4,2,0,26,23,0,0,0,0,0,0,0,0,7,1,1,0,0,0,0,1,3,0,1,KRBKRNvK,DRAW,8/r7/8/4k3/7B/2K5/3n2R1/8 b - - 0 1
1,1,0,0,0,0,0,1,-1,1,0,1,1,1,0,0,0,0,0,16,0,0,2,0,5,2,5,4,2,2,0,1,0,0,0,0,0,0,0,7,1,1,1,0,0,0,1,1,0,1,KRBKRNvK,DRAW,r7/6R1/K1k5/8/8/4B3/8/4n3 w - - 0 1
1,1,0,0,0,0,0,1,-1,1,0,1,1,1,0,0,0,0,0,16,0,0,3,7,5,4,6,4,2,23,24,0,0,0,0,0,0,0,0,7,1,1,0,0,0,0,2,3,0,0,KRBKRNvK,DRAW,B7/4k3/1R5K/4r3/8/3n4/8/8 w - - 0 1
0,1,0,0,0,0,0,1,-1,1,0,1,1,1,0,0,0,0,0,16,0,0,2,5,2,3,2,2,1,6,0,1,0,0,0,0,0,0,0,7,1,1,0,0,0,0,1,3,0,0,KRBKRNvK,DRAW,8/7B/4r2n/8/8/3k1K2/6R1/8 b - - 0 1
1,1,0,0,0,0,0,1,-1,1,0,1,1,1,0,0,0,0,0,16,0,0,4,5,5,2,1,2,3,27,22,0,0,0,0,0,0,0,0,7,1,1,0,0,0,0,1,3,0,1,KRBKRNvK,DRAW,8/8/1R3K2/2n5/4rB2/8/2k5/8 w - - 0 1
0,1,0,0,0,0,0,1,-1,1,0,1,1,1,0,0,0,0,0,16,0,0,2,5,0,7,1,4,5,22,18,0,0,0,0,0,0,0,0,7,1,1,0,0,0,0,0,3,0,0,KRBKRNvK,DRAW,4BR2/8/8/8/2nr4/8/7k/5K2 b - - 0 1
0,1,0,0,0,0,0,1,-1,1,0,1,1,1,0,0,0,0,0,16,0,0,5,5,7,6,2,4,3,21,25,0,0,0,0,0,0,0,0,7,1,1,0,0,0,0,2,2,1,0,KRBKRNvK,DRAW,5K2/8/8/8/1B6/4Rnk1/8/2r5 b - - 0 1
1,1,0,0,0,0,0,1,-1,1,0,1,1,1,0,0,0,0,0,16,0,0,2,1,3,3,1,2,2,25,24,0,0,0,0,0,0,0,0,7,1,1,0,0,0,0,3,0,1,0,KRBKRNvK,DRAW,8/2B4n/6r1/8/1K3R2/8/3k4/8 w - - 0 1
0,1,0,0,0,0,0,1,-1,1,0,1,1,1,0,0,0,0,0,16,0,0,3,4,0,5,3,3,1,6,0,1,0,0,0,0,0,0,0,7,1,1,0,0,0,0,2,4,0,1,KRBKRNvK,DRAW,5R2/8/8/1r6/5k2/8/4n3/B3K3 b - - 0 1
1,1,0,0,0,0,0,1,-1,1,0,1,1,1,0,0,0,0,0,16,0,0,6,4,1,6,7,2,5,26,18,0,0,0,0,0,0,0,0,7,1,1,0,0,0,0,2,0,0,2,KRBKRNvK,DRAW,6k1/8/8/3R4/3B4/8/4K3/2r2n2 w - - 0 1
0,1,0,0,0,0,0,1,-1,1,0,1,1,1,0,0,0,0,0,16,0,0,4,6,5,2,7,3,4,5,0,1,0,0,0,0,0,0,0,7,1,1,0,0,0,0,2,2,0,1,KRBKRNvK,DRAW,2k5/n7/4rBK1/8/8/8/2R5/8 b - - 0 1
0,1,0,0,0,0,0,1,-1,1,0,1,1,1,0,0,0,0,0,16,0,0,4,2,3,6,7,1,5,2,0,1,0,0,0,0,0,0,0,7,1,1,0,0,0,0,4,0,1,0,KRBKRNvK,DRAW,4R1k1/6r1/8/8/2K5/5B2/8/n7 b - - 0 1
0,1,0,0,0,0,0,1,-1,1,0,1,1,1,0,0,0,0,0,16,0,0,4,1,3,3,7,2,3,20,26,0,0,0,0,0,0,0,0,7,1,1,0,0,0,0,2,0,0,0,KRBKRNvK,DRAW,3k4/8/8/8/1K6/7r/1B6/1nR5 b - - 0 1
0,1,0,0,0,0,0,1,-1,1,0,1,1,1,0,0,0,0,0,16,0,0,3,4,6,1,4,2,2,24,17,0,0,0,0,0,0,0,0,7,1,1,0,0,0,0,1,2,0,0,KRBKRNvK,DRAW,n6R/4K2B/8/1k6/8/3r4/8/8 b - - 0 1
1,1,0,0,0,0,0,1,-1,1,0,1,1,1,0,0,0,0,0,16,0,0,2,4,5,4,7,1,3,18,21,0,0,0,0,0,0,0,0,7,1,1,0,1,0,0,2,1,1,1,KRBKRNvK,WIN,4k3/8/B1R1K3/8/6n1/8/5r2/8 w - - 0 1
1,1,0,0,0,0,0,1,-1,1,0,1,1,1,0,0,0,0,0,16,0,0,2,5,4,7,3,1,3,27,15,0,0,0,0,0,0,0,0,7,1,1,1,0,0,0,3,0,0,0,KRBKRNvK,DRAW,8/2R5/8/5K2/r1B4k/8/8/6n1 w - - 0 1
0,1,0,0,0,0,0,1,-1,1,0,1,1,1,0,0,0,0,0,16,0,0,5,3,0,3,5,3,1,7,0,1,0,0,0,0,0,0,0,7,1,1,0,0,0,0,0,3,1,0,KRBKRNvK,DRAW,5B2/8/3k2r1/5n2/8/8/8/1R1K4 b - - 0 1
1,1,0,0,0,0,0,1,-1,1,0,1,1,1,0,0,0,0,0,16,0,0,3,4,0,3,3,3,0,29,16,0,0,0,0,0,0,0,0,7,1,1,0,0,0,0,1,3,1,0,KRBKRNvK,DRAW,8/8/r2B4/8/3k4/7R/8/1n2K3 w - - 0 1
0,1,0,0,0,0,0,1,-1,1,0,1,1,1,0,0,0,0,0,16,0,0,5,7,0,7,5,6,4,3,0,1,0,0,0,0,0,0,0,7,1,1,0,1,0,0,2,2,1,0,KRBKRNvK,DRAW,7R/8/2B4k/8/2n5/8/4r3/7K b - - 0 1
0,1,0,0,0,0,0,1,-1,1,0,1,1,1,0,0,0,0,0,16,0,0,5,0,2,5,5,4,2,28,18,0,0,0,0,0,0,0,0,7,1,1,0,0,0,0,2,1,0,0,KRBKRNvK,DRAW,8/2r5/B4k2/3n4/8/K2R4/8/8 b - - 0 1
1,1,0,0,0,0,0,1,-1,1,0,1,1,1,0,0,0,0,0,16,0,0,2,0,6,2,7,5,4,20,18,0,0,0,0,0,0,0,0,7,1,1,0,0,0,0,2,2,0,0,KRBKRNvK,DRAW,2k5/K7/4r3/8/8/8/3R1B2/1n6 w - - 0 1
0,1,0,0,0,0,0,1,-1,1,0,1,1,1,0,0,0,0,0,16,0,0,7,7,1,0,0,5,6,1,0,1,0,0,0,0,0,0,0,7,1,1,0,0,0,0,2,2,2,0,KRBKRNvK,DRAW,3r4/7n/8/8/8/R1B5/7K/k7 b - - 0 1
0,1,0,0,0,0,0,1,-1,1,0,1,1,1,0,0,0,0,0,16,0,0,6,1,1,1,7,4,5,17,20,0,0,0,0,0,0,0,0,7,1,1,0,0,0,0,2,2,0,0,KRBKRNvK,DRAW,1k3n1R/8/8/8/8/4r3/1K6/7B b - - 0 1
0,1,0,0,0,0,0,1,-1,1,0,1,1,1,0,0,0,0,0,16,0,0,3,2,0,3,3,4,0,21,27,0,0,0,0,0,0,0,0,7,1,1,0,0,0,0,2,3,1,0,KRBKRNvK,WIN,8/8/2B5/1rn5/3k4/8/7R/2K5 b - - 0 1
0,1,0,0,0,0,0,1,-1,1,0,1,1,1,0,0,0,0,0,16,0,0,3,0,4,3,4,3,0,20,27,0,0,0,0,0,0,0,0,7,1,1,0,0,0,0,3,4,0,0,KRBKRNvK,DRAW,4R3/6B1/8/K2k1r2/8/8/2n5/8 b - - 0 1
0,1,0,0,0,0,0,1,-1,1,0,1,1,1,0,0,0,0,0,16,0,0,6,2,6,4,0,3,3,19,26,0,0,0,0,0,0,0,0,7,1,1,0,0,0,0,3,0,1,0,KRBKRNvK,DRAW,8/2K5/6r1/8/5B2/n7/3R4/4k3 b - - 0 1
0,1,0,0,0,0,0,1,-1,1,0,1,1,1,0,0,0,0,0,16,0,0,7,1,0,4,7,5,3,20,32,0,0,0,0,0,0,0,0,7,1,1,0,0,0,0,2,1,0,0,KRBKRNvK,DRAW,4k1r1/8/8/4B3/2R5/8/5n2/1K6 b - - 0 1
1,1,0,0,0,0,0,1,-1,1,0,1,1,1,0,0,0,0,0,16,0,0,5,3,2,0,7,1,6,29,16,0,0,0,0,0,0,0,0,7,1,1,1,0,0,0,2,2,1,0,KRBKRNvK,DRAW,k4B2/1R6/n7/r7/8/3K4/8/8 w - - 0 1
1,1,0,0,0,0,0,1,-1,1,0,1,1,1,0,0,0,0,0,16,0,0,2,1,4,0,2,2,4,4,0,1,0,0,0,0,0,0,0,7,1,1,1,1,0,0,1,1,0,1,KRBKRNvK,DRAW,8/6R1/1B1n4/1K6/8/k7/1r6/8 w - - 0 1
0,1,0,0,0,0,0,1,-1,1,0,1,1,1,0,0,0,0,0,16,0,0,5,2,1,1,6,3,4,6,0,1,0,0,0,0,0,0,0,7,1,1,1,0,0,0,2,0,1,0,KRBKRNvK,DRAW,5r2/1k1R4/4B3/8/8/8/2K4n/8 b - - 0 1
0,1,0,0,0,0,0,1,-1,1,0,1,1,1,0,0,0,0,0,16,0,0,2,3,7,2,5,3,2,24,23,0,0,0,0,0,0,0,0,7,1,1,0,0,0,0,1,1,2,0,KRBKRNvK,WIN,1R1K4/8/2k5/8/2B1n3/8/8/7r b - - 0 1
0,1,0,0,0,0,0,1,-1,1,0,1,1,1,0,0,0,0,0,16,0,0,4,4,0,0,2,3,4,5,0,1,0,0,0,0,0,0,0,7,1,1,0,1,0,0,1,0,1,1,KRBKRNvK,DRAW,8/8/8/n7/8/k5R1/2B2r2/4K3 b - - 0 1
0,1,0,0,0,0,0,1,-1,1,0,1,1,1,0,0,0,0,0,16,0,0,5,7,2,2,0,4,4,22,20,0,0,0,0,0,0,0,0,7,1,1,0,0,0,0,1,3,1,2,KRBKRNvK,DRAW,6B1/8/8/5r2/8/1R3n1K/8/2k5 b - - 0 1
1,1,0,0,0,0,0,1,-1,1,0,1,1,1,0,0,0,0,0,16,0,0,5,2,4,7,3,1,3,5,0,1,0,0,0,0,0,0,0,7,1,1,0,0,0,0,3,2,0,1,KRBKRNvK,DRAW,1R6/1nB5/8/2K3r1/7k/8/8/8 w - - 0 1
0,1,0,0,0,0,0,1,-1,1,0,1,1,1,0,0,0,0,0,16,0,0,3,2,3,5,1,1,3,6,0,1,0,0,0,0,0,0,0,7,1,1,0,1,0,0,2,0,1,1,KRBKRNvK,DRAW,8/8/8/2B5/2K5/8/1r3k2/6nR b - - 0 1
1,1,0,0,0,0,0,1,-1,1,0,1,1,1,0,0,0,0,0,16,0,0,5,6,1,4,6,4,2,27,25,0,0,0,0,0,0,0,0,7,1,1,0,0,0,0,0,1,0,1,KRBKRNvK,DRAW,8/4k3/5r2/8/8/8/4BnK1/2R5 w - - 0 1
1,1,0,0,0,0,0,1,-1,1,0,1,1,1,0,0,0,0,0,16,0,0,2,5,4,4,2,1,1,5,0,1,0,0,0,0,0,0,0,7,1,1,0,0,0,0,2,2,0,2,KRBKRNvK,DRAW,6R1/7r/3B3n/5K2/8/4k3/8/8 w - - 0 1
0,1,0,0,0,0,0,1,-1,1,0,1,1,1,0,0,0,0,0,16,0,0,4,3,2,2,6,1,3,23,28,0,0,0,0,0,0,0,0,7,1,1,0,0,0,0,3,0,0,1,KRBKRNvK,DRAW,6n1/2k5/8/8/B7/3K4/4R3/1r6 b - - 0 1
1,1,0,0,0,0,0,1,-1,1,0,1,1,1,0,0,0,0,0,16,0,0,3,1,5,0,2,3,4,7,0,1,0,0,0,0,0,0,0,7,1,1,0,1,0,0,3,3,0,1,KRBKRNvK,DRAW,8/3n4/1K6/8/8/k7/3r2B1/4R3 w - - 0 1
1,1,0,0,0,0,0,1,-1,1,0,1,1,1,0,0,0,0,0,16,0,0,3,0,4,3,4,3,0,24,18,0,0,0,0,0,0,0,0,7,1,1,0,1,0,0,2,4,0,0,KRBKRNvK,WIN,4R3/8/7n/K2k4/B7/8/3r4/8 w - - 0 1
1,1,0,0,0,0,0,1,-1,1,0,1,1,1,0,0,0,0,0,16,0,0,2,3,6,3,4,2,0,23,21,0,0,0,0,0,0,0,0,7,1,1,0,0,0,0,1,4,0,1,KRBKRNvK,DRAW,8/3K4/4n3/r2k4/8/8/1R5B/8 w - - 0 1
0,1,0,0,0,0,0,1,-1,1,0,1,1,1,0,0,0,0,0,16,0,0,3,5,4,3,1,1,2,24,25,0,0,0,0,0,0,0,0,7,1,1,0,0,0,0,2,2,1,2,KRBKRNvK,DRAW,8/8/4n3/3B1K2/4r3/8/3k4/1R6 b - - 0 1
1,1,0,0,0,0,0,1,-1,1,0,1,1,1,0,0,0,0,0,16,0,0,4,3,6,3,2,2,1,30,23,0,0,0,0,0,0,0,0,7,1,1,0,0,0,0,0,4,0,0,KRBKRNvK,DRAW,R7/3KB3/7n/7r/8/3k4/8/8 w - - 0 1
0,1,0,0,0,0,0,1,-1,1,0,1,1,1,0,0,0,0,0,16,0,0,6,1,1,0,7,4,6,3,0,1,0,0,0,0,0,0,0,7,1,1,0,0,0,0,0,1,0,1,KRBKRNvK,DRAW,k5R1/8/5r2/8/8/7B/1K1n4/8 b - - 0 1
0,1,0,0,0,0,0,1,-1,1,0,1,1,1,0,0,0,0,0,16,0,0,5,7,7,3,2,6,1,19,22,0,0,0,0,0,0,0,0,7,1,1,0,0,0,0,2,2,0,0,KRBKRNvK,DRAW,6BK/8/8/n6R/8/2rk4/8/8 b - - 0 1
1,1,0,0,0,0,0,1,-1,1,0,1,1,1,0,0,0,0,0,16,0,0,5,1,2,2,7,3,4,7,0,1,0,0,0,0,0,0,0,7,1,1,0,0,0,0,1,2,0,0,KRBKRNvK,DRAW,2k5/8/6R1/8/8/1K2r3/8/1B5n w - - 0 1
0,1,0,0,0,0,0,1,-1,1,0,1,1,1,0,0,0,0,0,16,0,0,4,4,3,2,7,0,4,21,26,0,0,0,0,0,0,0,0,7,1,1,0,0,0,0,4,0,1,0,KRBKRNvK,DRAW,2k5/2r5/4R3/8/1B2K3/7n/8/8 b - - 0 1
1,1,0,0,0,0,0,1,-1,1,0,1,1,1,0,0,0,0,0,16,0,0,2,2,6,3,4,3,0,28,26,0,0,0,0,0,0,0,0,7,1,1,0,0,0,0,0,3,1,1,KRBKRNvK,DRAW,8/2K5/8/1B1kn3/5r2/7R/8/8 w - - 0 1
0,1,0,0,0,0,0,1,-1,1,0,1,1,1,0,0,0,0,0,16,0,0,6,7,7,1,5,6,3,6,0,1,0,0,0,0,0,0,0,7,1,1,0,0,0,0,2,2,1,0,KRBKRNvK,DRAW,1R5K/8/1k6/8/6r1/8/3n4/B7 b - - 0 1
1,1,0,0,0,0,0,1,-1,1,0,1,1,1,0,0,0,0,0,16,0,0,2,4,5,2,7,1,4,23,19,0,0,0,0,0,0,0,0,7,1,1,0,0,0,0,2,2,0,1,KRBKRNvK,DRAW,2k4n/8/4K3/7B/2r5/8/8/7R w - - 0 1
0,1,0,0,0,0,0,1,-1,1,0,1,1,1,0,0,0,0,0,16,0,0,5,2,1,4,6,3,2,29,24,0,0,0,0,0,0,0,0,7,1,1,0,0,0,0,2,1,0,0,KRBKRNvK,DRAW,8/4k3/B2n4/8/3R4/6r1/2K5/8 b - - 0 1
0,1,0,0,0,0,0,1,-1,1,0,1,1,1,0,0,0,0,0,16,0,0,3,0,1,3,0,5,3,20,24,0,0,0,0,0,0,0,0,7,1,1,0,0,0,0,0,1,0,0,KRBKRNvK,DRAW,8/3n4/R7/1B6/8/8/K7/3k3r b - - 0 1
1,1,0,0,0,0,0,1,-1,1,0,1,1,1,0,0,0,0,0,16,0,0,3,2,4,5,3,1,1,7,0,1,0,0,0,0,0,0,0,7,1,1,0,0,0,0,3,2,1,0,KRBKRNvK,DRAW,Bnr5/8/8/2K5/5k2/3R4/8/8 w - - 0 1
1,1,0,0,0,0,0,1,-1,1,0,1,1,1,0,0,0,0,0,16,0,0,3,2,2,2,5,2,2,26,21,0,0,0,0,0,0,0,0,7,1,1,0,1,0,0,1,1,1,0,KRBKRNvK,DRAW,2B4n/8/2k5/8/8/2K5/7r/5R2 w - - 0 1
0,1,0,0,0,0,0,1,-1,1,0,1,1,1,0,0,0,0,0,16,0,0,6,3,0,6,6,3,4,19,23,0,0,0,0,0,0,0,0,7,1,1,0,1,0,0,0,1,1,2,KRBKRNvK,DRAW,8/6k1/R7/7B/8/8/2rn4/3K4 b - - 0 1
1,1,0,0,0,0,0,1,-1,1,0,1,1,1,0,0,0,0,0,16,0,0,3,2,5,5,5,2,2,30,23,0,0,0,0,0,0,0,0,7,1,1,0,0,0,0,2,1,0,0,KRBKRNvK,DRAW,6r1/8/2K2k2/1R6/8/8/3B4/3n4 w - - 0 1
1,1,0,0,0,0,0,1,-1,1,0,1,1,1,0,0,0,0,0,16,0,0,5,1,2,2,7,3,4,29,20,0,0,0,0,0,0,0,0,7,1,1,0,1,0,0,3,2,1,0,KRBKRNvK,DRAW,2k5/8/3B4/8/R7/1K6/4r3/4n3 w - - 0 1
1,1,0,0,0,0,0,1,-1,1,0,1,1,1,0,0,0,0,0,16,0,0,2,2,5,3,3,2,0,26,20,0,0,0,0,0,0,0,0,7,1,1,0,0,0,0,1,3,0,1,KRBKRNvK,DRAW,8/8/2K5/8/3kn2r/8/R7/5B2 w - - 0 1
1,1,0,0,0,0,0,1,-1,1,0,1,1,1,0,0,0,0,0,16,0,0,6,7,1,1,1,5,4,26,21,0,0,0,0,0,0,0,0,7,1,1,1,0,0,0,0,2,0,0,KRBKRNvK,DRAW,8/2R5/3r4/7B/8/8/1k5K/1n6 w - - 0 1
1,1,0,0,0,0,0,1,-1,1,0,1,1,1,0,0,0,0,0,16,0,0,5,2,2,7,7,2,6,20,18,0,0,0,0,0,0,0,0,7,1,1,0,0,0,0,2,0,0,0,KRBKRNvK,DRAW,7k/1r5n/3R4/8/8/2K5/8/B7 w - - 0 1
1,1,0,0,0,0,0,1,-1,1,0,1,1,1,0,0,0,0,0,16,0,0,5,6,2,3,7,3,3,3,0,1,0,0,0,0,0,0,0,7,1,1,0,0,0,0,0,2,0,2,KRBKRNvK,DRAW,3k4/8/8/4n3/6r1/6K1/3B4/1R6 w - - 0 1
0,1,0,0,0,0,0,1,-1,1,0,1,1,1,0,0,0,0,0,16,0,0,2,4,4,6,5,0,3,24,28,0,0,0,0,0,0,0,0,7,1,1,0,0,0,0,3,1,1,0,KRBKRNvK,DRAW,8/7r/4B1k1/1n2K3/R7/8/8/8 b - - 0 1
1,1,0,0,0,0,0,1,-1,1,0,1,1,1,0,0,0,0,0,16,0,0,4,4,6,0,5,2,4,29,23,0,0,0,0,0,0,0,0,7,1,1,0,0,0,0,3,3,0,0,KRBKRNvK,DRAW,8/4K3/kn3B2/8/2r5/8/8/3R4 w - - 0 1
1,1,0,0,0,0,0,1,-1,1,0,1,1,1,0,0,0,0,0,16,0,0,6,0,6,6,1,5,4,26,15,0,0,0,0,0,0,0,0,7,1,1,0,0,0,0,2,0,0,0,KRBKRNvK,DRAW,8/K7/8/7R/8/B7/n5k1/r7 w - - 0 1
1,1,0,0,0,0,0,1,-1,1,0,1,1,1,0,0,0,0,0,16,0,0,4,0,5,4,7,4,3,22,25,0,0,0,0,0,0,0,0,7,1,1,0,0,0,0,1,3,0,0,KRBKRNvK,DRAW,4k3/8/KB2n3/6r1/8/8/8/R7 w - - 0 1
0,1,0,0,0,0,0,1,-1,1,0,1,1,1,0,0,0,0,0,16,0,0,6,7,7,5,1,6,3,21,23,0,0,0,0,0,0,0,0,7,1,1,0,0,0,0,0,1,1,0,KRBKRNvK,DRAW,4B2K/8/8/r1n5/8/8/5k2/7R b - - 0 1
1,1,0,0,0,0,0,1,-1,1,0,1,1,1,0,0,0,0,0,16,0,0,2,7,4,5,6,3,3,26,22,0,0,0,0,0,0,0,0,7,1,1,0,0,0,0,2,1,1,0,KRBKRNvK,DRAW,8/5k2/R4B2/7K/8/1n6/8/2r5 w - - 0 1
0,1,0,0,0,0,0,1,-1,1,0,1,1,1,0,0,0,0,0,16,0,0,2,0,4,2,5,3,2,5,0,1,0,0,0,0,0,0,0,7,1,1,0,1,0,0,0,3,1,1,KRBKRNvK,LOSS,8/8/B1k2R2/K7/n7/8/4r3/8 b - - 0 1
0,1,0,0,0,0,0,1,-1,1,0,1,1,1,0,0,0,0,0,16,0,0,4,2,5,1,1,2,4,25,29,0,0,0,0,0,0,0,0,7,1,1,0,0,0,0,2,1,0,0,KRBKRNvK,DRAW,3B4/8/2K3n1/5R2/8/6r1/1k6/8 b - - 0 1
1,1,0,0,0,0,0,1,-1,1,0,1,1,1,0,0,0,0,0,16,0,0,2,2,3,4,1,1,2,30,17,0,0,0,0,0,0,0,0,7,1,1,1,1,0,0,3,0,0,0,KRBKRNvK,DRAW,8/6R1/5B1n/8/2K5/8/4kr2/8 w - - 0 1
0,1,0,0,0,0,0,1,-1,1,0,1,1,1,0,0,0,0,0,16,0,0,5,4,7,3,2,3,1,19,18,0,0,0,0,0,0,0,0,7,1,1,0,0,0,0,0,2,0,0,KRBKRNvK,DRAW,4K3/8/7n/8/7B/3k2r1/7R/8 b - - 0 1
0,1,0,0,0,0,0,1,-1,1,0,1,1,1,0,0,0,0,0,16,0,0,5,6,3,1,1,2,4,25,20,0,0,0,0,0,0,0,0,7,1,1,0,0,0,0,0,0,0,1,KRBKRNvK,DRAW,8/n7/B5R1/8/6K1/7r/1k6/8 b - - 0 1
1,1,0,0,0,0,0,1,-1,1,0,1,1,1,0,0,0,0,0,16,0,0,4,3,3,5,7,0,4,23,19,0,0,0,0,0,0,0,0,7,1,1,0,0,0,0,4,0,0,0,KRBKRNvK,DRAW,5k2/8/7r/8/3K4/3R4/B7/n7 w - - 0 1
1,1,0,0,0,0,0,1,-1,1,0,1,1,1,0,0,0,0,0,16,0,0,4,6,1,2,4,4,1,29,20,0,0,0,0,0,0,0,0,7,1,1,0,0,0,0,2,3,0,0,KRBKRNvK,DRAW,8/8/5B2/2k2r2/8/7R/6K1/3n4 w - - 0 1
0,1,0,0,0,0,0,1,-1,1,0,1,1,1,0,0,0,0,0,16,0,0,3,4,3,7,3,0,3,26,18,0,0,0,0,0,0,0,0,7,1,1,0,0,0,0,4,3,1,1,KRBKRNvK,DRAW,8/1B6/8/8/4K2k/5n2/5R2/3r4 b - - 0 1
1,1,0,0,0,0,0,1,-1,1,0,1,1,1,0,0,0,0,0,16,0,0,5,6,6,1,3,4,2,25,24,0,0,0,0,0,0,0,0,7,1,1,0,0,0,0,2,2,0,1,KRBKRNvK,DRAW,4r3/1B4K1/6R1/8/1k6/8/n7/8 w - - 0 1
0,1,0,0,0,0,0,1,-1,1,0,1,1,1,0,0,0,0,0,16,0,0,3,5,0,4,3,4,0,19,25,0,0,0,0,0,0,0,0,7,1,1,0,0,0,0,2,4,0,0,KRBKRNvK,DRAW,5B2/8/8/7R/3rk3/8/2n5/5K2 b - - 0 1
1,1,0,0,0,0,0,1,-1,1,0,1,1,1,0,0,0,0,0,16,0,0,7,2,7,2,0,4,4,26,17,0,0,0,0,0,0,0,0,7,1,1,0,0,0,0,1,1,0,0,KRBKRNvK,DRAW,2K5/B7/6r1/6n1/8/8/7R/2k5 w - - 0 1
1,1,0,0,0,0,0,1,-1,1,0,1,1,1,0,0,0,0,0,16,0,0,5,6,0,3,5,5,1,30,14,0,0,0,0,0,0,0,0,7,1,1,0,0,0,0,1,3,2,1,KRBKRNvK,DRAW,2R5/8/3k4/8/3B4/8/8/3rn1K1 w - - 0 1
0,1,0,0,0,0,0,1,-1,1,0,1,1,1,0,0,0,0,0,16,0,0,5,0,5,5,4,4,1,5,0,1,0,0,0,0,0,0,0,7,1,1,0,0,0,0,1,2,2,2,KRBKRNvK,DRAW,2r5/1n6/K7/5k1R/3B4/8/8/8 b - - 0 1
0,1,0,0,0,0,0,1,-1,1,0,1,1,1,0,0,0,0,0,16,0,0,3,1,1,4,4,4,0,7,0,1,0,0,0,0,0,0,0,7,1,1,0,0,0,0,2,3,0,0,KRBKRNvK,DRAW,8/3r4/7n/1R2k3/8/8/1K6/5B2 b - - 0 1
1,1,0,0,0,0,0,1,-1,1,0,1,1,1,0,0,0,0,0,16,0,0,3,5,6,2,5,3,2,7,0,1,0,0,0,0,0,0,0,7,1,1,1,0,0,0,0,2,1,0,KRBKRNvK,DRAW,8/1r3KR1/2k5/B7/8/6n1/8/8 w - - 0 1
1,1,0,0,0,0,0,1,-1,1,0,1,1,1,0,0,0,0,0,16,0,0,4,6,5,6,1,3,4,29,19,0,0,0,0,0,0,0,0,7,1,1,0,1,0,0,2,0,0,0,KRBKRNvK,DRAW,1n6/8/4R1K1/8/1B6/8/1r4k1/8 w - - 0 1
1,1,0,0,0,0,0,1,-1,1,0,1,1,1,0,0,0,0,0,16,0,0,3,2,3,5,6,1,3,29,21,0,0,0,0,0,0,0,0,7,1,1,0,0,0,0,4,1,0,1,KRBKRNvK,DRAW,8/5k2/r7/B7/2K5/6n1/4R3/8 w - - 0 1
0,1,0,0,0,0,0,1,-1,1,0,1,1,1,0,0,0,0,0,16,0,0,5,6,1,1,3,4,2,23,21,0,0,0,0,0,0,0,0,7,1,1,0,0,0,0,2,0,1,0,KRBKRNvK,DRAW,r7/8/7n/8/1k6/3R4/6K1/7B b - - 0 1
0,1,0,0,0,0,0,1,-1,1,0,1,1,1,0,0,0,0,0,16,0,0,4,6,1,6,5,4,3,24,31,0,0,0,0,0,0,0,0,7,1,1,0,0,0,0,1,0,0,1,KRBKRNvK,DRAW,8/8/1r4k1/8/3Bn3/5R2/6K1/8 b - - 0 1
1,1,0,0,0,0,0,1,-1,1,0,1,1,1,0,0,0,0,0,16,0,0,4,2,3,6,1,1,4,7,0,1,0,0,0,0,0,0,0,7,1,1,0,0,0,0,3,2,0,2,KRBKRNvK,DRAW,5R2/8/2nB4/8/r1K5/8/6k1/8 w - - 0 1
1,1,0,0,0,0,0,1,-1,1,0,1,1,1,0,0,0,0,0,16,0,0,4,3,1,7,0,2,6,32,19,0,0,0,0,0,0,0,0,7,1,1,0,0,0,0,2,3,0,0,KRBKRNvK,DRAW,8/2n1r3/8/R7/3B4/8/3K4/7k w - - 0 1
0,1,0,0,0,0,0,1,-1,1,0,1,1,1,0,0,0,0,0,16,0,0,3,1,2,1,5,3,3,21,25,0,0,0,0,0,0,0,0,7,1,1,0,0,0,0,2,1,0,0,KRBKRNvK,DRAW,8/5nr1/1k6/8/8/1K2R3/3B4/8 b - - 0 1
0,1,0,0,0,0,0,1,-1,1,0,1,1,1,0,0,0,0,0,16,0,0,2,0,6,1,4,5,2,4,0,1,0,0,0,0,0,0,0,7,1,1,0,0,0,0,1,1,1,0,KRBKRNvK,DRAW,8/K7/1R6/1k3n2/8/7r/7B/8 b - - 0 1
1,1,0,0,0,0,0,1,-1,1,0,1,1,1,0,0,0,0,0,16,0,0,6,0,6,0,0,5,6,23,19,0,0,0,0,0,0,0,0,7,1,1,0,0,0,0,2,0,0,0,KRBKRNvK,DRAW,8/K6B/8/8/3R4/nr6/8/k7 w - - 0 1
0,1,0,0,0,0,0,1,-1,1,0,1,1,1,0,0,0,0,0,16,0,0,4,1,4,5,3,2,1,6,0,1,0,0,0,0,0,0,0,7,1,1,0,0,0,0,1,2,0,1,KRBKRNvK,DRAW,5R2/8/8/1K6/n4k2/8/B7/6r1 b - - 0 1
1,1,0,0,0,0,0,1,-1,1,0,1,1,1,0,0,0,0,0,16,0,0,2,3,1,5,3,2,1,5,0,1,0,0,0,0,0,0,0,7,1,1,0,0,0,0,0,2,0,1,KRBKRNvK,DRAW,8/8/1R6/B7/5k2/r7/3K4/5n2 w - - 0 1
0,1,0,0,0,0,0,1,-1,1,0,1,1,1,0,0,0,0,0,16,0,0,2,6,5,6,7,3,5,20,24,0,0,0,0,0,0,0,0,7,1,1,0,0,0,0,2,2,0,1,KRBKRNvK,DRAW,6k1/6n1/6K1/8/3r4/8/R7/7B b - - 0 1
0,1,0,0,0,0,0,1,-1,1,0,1,1,1,0,0,0,0,0,16,0,0,4,3,5,6,1,1,4,18,20,0,0,0,0,0,0,0,0,7,1,1,0,1,0,0,3,1,0,1,KRBKRNvK,DRAW,8/2B5/3K4/8/1n6/8/1r4k1/3R4 b - - 0 1
0,1,0,0,0,0,0,1,-1,1,0,1,1,1,0,0,0,0,0,16,0,0,4,5,7,1,3,4,2,26,23,0,0,0,0,0,0,0,0,7,1,1,1,0,0,0,0,0,0,0,KRBKRNvK,DRAW,5K2/6R1/r7/8/1k4B1/8/8/5n2 b - - 0 1
0,1,0,0,0,0,0,1,-1,1,0,1,1,1,0,0,0,0,0,16,0,0,2,4,6,4,4,2,0,19,26,0,0,0,0,0,0,0,0,7,1,1,0,1,0,0,3,3,1,0,KRBKRNvK,DRAW,B7/4K3/8/4k3/6R1/8/1r6/5n2 b - - 0 1
0,1,0,0,0,0,0,1,-1,1,0,1,1,1,0,0,0,0,0,16,0,0,3,3,3,6,1,0,4,11,21,0,0,0,0,0,0,0,0,7,1,1,0,0,0,0,4,0,0,0,KRBKRNvK,DRAW,6B1/8/8/8/3K4/8/6k1/3R1nr1 b - - 0 1
0,1,0,0,0,0,0,1,-1,1,0,1,1,1,0,0,0,0,0,16,0,0,3,7,5,4,6,4,2,5,0,1,0,0,0,0,0,0,0,7,1,1,1,0,0,0,0,1,0,0,KRBKRNvK,DRAW,8/R3k3/7K/1B6/8/8/4n3/6r1 b - - 0 1
1,1,0,0,0,0,0,1,-1,1,0,1,1,1,0,0,0,0,0,16,0,0,3,2,6,0,3,3,3,26,24,0,0,0,0,0,0,0,0,7,1,1,0,1,0,0,0,3,0,0,KRBKRNvK,DRAW,8/2K5/8/8/kn5B/8/4r3/2R5 w - - 0 1
0,1,0,0,0,0,0,1,-1,1,0,1,1,1,0,0,0,0,0,16,0,0,4,3,6,7,3,2,3,3,0,1,0,0,0,0,0,0,0,7,1,1,0,0,0,0,2,1,0,2,KRBKRNvK,DRAW,5r2/3Kn3/8/8/7k/8/8/B6R b - - 0 1
1,1,0,0,0,0,0,1,-1,1,0,1,1,1,0,0,0,0,0,16,0,0,5,0,0,5,4,6,1,22,19,0,0,0,0,0,0,0,0,7,1,1,0,0,0,0,0,2,1,0,KRBKRNvK,DRAW,7r/8/8/5kB1/8/7n/6R1/K7 w - - 0 1
1,1,0,0,0,0,0,1,-1,1,0,1,1,1,0,0,0,0,0,16,0,0,2,3,2,2,4,1,1,19,20,0,0,0,0,0,0,0,0,7,1,1,1,1,0,0,2,2,2,1,KRBKRNvK,DRAW,8/R7/8/2k5/B7/3K4/nr6/8 w - - 0 1
0,1,0,0,0,0,0,1,-1,1,0,1,1,1,0,0,0,0,0,16,0,0,3,0,5,0,2,4,4,23,26,0,0,0,0,0,0,0,0,7,1,1,0,0,0,0,0,1,0,0,KRBKRNvK,DRAW,7R/8/K7/8/8/kn6/4B3/2r5 b - - 0 1
1,1,0,0,0,0,0,1,-1,1,0,1,1,1,0,0,0,0,0,16,0,0,3,1,5,4,2,3,1,28,23,0,0,0,0,0,0,0,0,7,1,1,0,0,0,0,2,2,1,0,KRBKRNvK,DRAW,6n1/8/1K6/2R5/7r/4k3/7B/8 w - - 0 1
1,1,0,0,0,0,0,1,-1,1,0,1,1,1,0,0,0,0,0,16,0,0,2,3,3,5,1,0,3,17,23,0,0,0,0,0,0,0,0,7,1,1,0,0,0,0,4,1,2,1,KRBKRNvK,DRAW,8/8/8/8/3K1n2/3R4/5k2/r4B2 w - - 0 1
1,1,0,0,0,0,0,1,-1,1,0,1,1,1,0,0,0,0,0,16,0,0,2,5,5,7,4,2,3,26,22,0,0,0,0,0,0,0,0,7,1,1,0,0,0,0,1,1,0,0,KRBKRNvK,WIN,2B5/8/1n3K2/7k/8/2R5/8/r7 w - - 0 1
1,1,0,0,0,0,0,1,-1,1,0,1,1,1,0,0,0,0,0,16,0,0,3,4,1,1,2,2,3,6,0,1,0,0,0,0,0,0,0,7,1,1,0,0,0,0,1,2,0,1,KRBKRNvK,DRAW,1B6/8/6n1/8/4r3/1k6/4K1R1/8 w - - 0 1
0,1,0,0,0,0,0,1,-1,1,0,1,1,1,0,0,0,0,0,16,0,0,3,0,2,3,2,4,1,24,23,0,0,0,0,0,0,0,0,7,1,1,0,0,0,0,2,2,0,1,KRBKRNvK,DRAW,5n2/8/8/6RB/2r5/K2k4/8/8 b - - 0 1
0,1,0,0,0,0,0,1,-1,1,0,1,1,1,0,0,0,0,0,16,0,0,4,6,0,2,0,5,4,3,0,1,0,0,0,0,0,0,0,7,1,1,0,0,0,0,0,3,2,0,KRBKRNvK,DRAW,8/8/5n2/8/8/B1Rr4/8/2k3K1 b - - 0 1
0,1,0,0,0,0,0,1,-1,1,0,1,1,1,0,0,0,0,0,16,0,0,2,7,2,7,0,4,6,16,26,0,0,0,0,0,0,0,0,7,1,1,0,0,0,0,1,0,1,1,KRBKRNvK,DRAW,8/7n/8/2B5/8/6RK/8/5r1k b - - 0 1
1,1,0,0,0,0,0,1,-1,1,0,1,1,1,0,0,0,0,0,16,0,0,4,4,4,0,6,0,5,25,17,0,0,0,0,0,0,0,0,7,1,1,0,0,0,0,4,0,1,0,KRBKRNvK,DRAW,8/knB4r/5R2/4K3/8/8/8/8 w - - 0 1
0,1,0,0,0,0,0,1,-1,1,0,1,1,1,0,0,0,0,0,16,0,0,5,0,7,5,3,6,1,19,24,0,0,0,0,0,0,0,0,7,1,1,0,0,0,0,2,3,2,0,KRBKRNvK,DRAW,K7/8/3R4/8/4rk2/7B/7n/8 b - - 0 1
1,1,0,0,0,0,0,1,-1,1,0,1,1,1,0,0,0,0,0,16,0,0,2,4,1,2,1,2,3,29,27,0,0,0,0,0,0,0,0,7,1,1,0,0,0,0,2,0,1,0,KRBKRNvK,DRAW,8/7r/2B5/4n3/3R4/8/2k1K3/8 w - - 0 1
0,1,0,0,0,0,0,1,-1,1,0,1,1,1,0,0,0,0,0,16,0,0,5,7,0,7,5,6,4,23,24,0,0,0,0,0,0,0,0,7,1,1,0,0,0,0,1,2,0,0,KRBKRNvK,DRAW,2R2n2/8/7k/8/4r3/8/5B2/7K b - - 0 1
1,1,0,0,0,0,0,1,-1,1,0,1,1,1,0,0,0,0,0,16,0,0,2,3,2,4,4,1,0,27,18,0,0,0,0,0,0,0,0,7,1,1,0,0,0,0,2,3,0,0,KRBKRNvK,DRAW,8/n5r1/8/4k3/8/3K3B/5R2/8 w - - 0 1
1,1,0,0,0,0,0,1,-1,1,0,1,1,1,0,0,0,0,0,16,0,0,2,7,1,6,3,5,2,24,19,0,0,0,0,0,0,0,0,7,1,1,0,0,0,0,2,0,0,0,KRBKRNvK,DRAW,3B2n1/5r2/8/2R5/6k1/8/7K/8 w - - 0 1
0,1,0,0,0,0,0,1,-1,1,0,1,1,1,0,0,0,0,0,16,0,0,4,5,0,6,4,4,2,24,21,0,0,0,0,0,0,0,0,7,1,1,0,0,0,0,1,2,1,1,KRBKRNvK,DRAW,5R2/5B2/8/6kn/8/3r4/8/5K2 b - - 0 1
0,1,0,0,0,0,0,1,-1,1,0,1,1,1,0,0,0,0,0,16,0,0,4,0,5,4,7,4,3,22,19,0,0,0,0,0,0,0,0,7,1,1,0,0,0,0,3,2,0,0,KRBKRNvK,DRAW,4k3/8/K7/5r2/R7/8/B7/4n3 b - - 0 1
1,1,0,0,0,0,0,1,-1,1,0,1,1,1,0,0,0,0,0,16,0,0,6,0,2,6,4,4,2,3,0,1,0,0,0,0,0,0,0,7,1,1,0,0,0,0,1,1,1,0,KRBKRNvK,DRAW,1R6/r7/3n4/6k1/4B3/K7/8/8 w - - 0 1
1,1,0,0,0,0,0,1,-1,1,0,1,1,1,0,0,0,0,0,16,0,0,3,4,7,7,6,3,5,28,24,0,0,0,0,0,0,0,0,7,1,1,0,0,0,0,2,1,0,0,KRBKRNvK,DRAW,4K3/7k/8/8/2R5/1r6/3B1n2/8 w - - 0 1
0,1,0,0,0,0,0,1,-1,1,0,1,1,1,0,0,0,0,0,16,0,0,6,0,0,6,0,6,5,22,19,0,0,0,0,0,0,0,0,7,1,1,0,1,0,0,2,0,1,0,KRBKRNvK,DRAW,3n4/8/7B/8/8/4R3/5r2/K5k1 b - - 0 1
1,1,0,0,0,0,0,1,-1,1,0,1,1,1,0,0,0,0,0,16,0,0,3,5,4,5,7,1,4,29,20,0,0,0,0,0,0,0,0,7,1,1,0,0,0,0,3,0,0,1,KRBKRNvK,DRAW,4nk2/8/8/2RB1K2/8/7r/8/8 w - - 0 1
1,1,0,0,0,0,0,1,-1,1,0,1,1,1,0,0,0,0,0,16,0,0,3,0,2,2,5,4,2,3,0,1,0,0,0,0,0,0,0,7,1,1,0,0,0,0,2,2,0,2,KRBKRNvK,DRAW,8/8/2k2B2/8/8/K1r5/2n5/1R6 w - - 0 1
0,1,0,0,0,0,0,1,-1,1,0,1,1,1,0,0,0,0,0,16,0,0,4,0,5,0,1,4,5,20,25,0,0,0,0,0,0,0,0,7,1,1,0,0,0,0,2,0,0,0,KRBKRNvK,DRAW,8/6r1/K7/2BR4/8/8/k7/7n b - - 0 1
0,1,0,0,0,0,0,1,-1,1,0,1,1,1,0,0,0,0,0,16,0,0,3,4,5,7,6,1,5,3,0,1,0,0,0,0,0,0,0,7,1,1,0,0,0,0,2,0,0,1,KRBKRNvK,LOSS,8/3r3k/3BK3/8/8/7R/1n6/8 b - - 0 1
0,1,0,0,0,0,0,1,-1,1,0,1,1,1,0,0,0,0,0,16,0,0,4,3,1,7,3,2,3,6,0,1,0,0,0,0,0,0,0,7,1,1,0,0,0,0,2,0,0,0,KRBKRNvK,DRAW,2B5/5r2/8/4n3/R6k/8/3K4/8 b - - 0 1
0,1,0,0,0,0,0,1,-1,1,0,1,1,1,0,0,0,0,0,16,0,0,4,3,4,7,0,0,6,19,26,0,0,0,0,0,0,0,0,7,1,1,0,0,0,0,3,0,0,1,KRBKRNvK,DRAW,4B3/8/1r6/3K3n/6R1/8/8/7k b - - 0 1
0,1,0,0,0,0,0,1,-1,1,0,1,1,1,0,0,0,0,0,16,0,0,4,2,5,2,1,2,3,22,32,0,0,0,0,0,0,0,0,7,1,1,0,0,0,0,2,0,0,0,KRBKRNvK,DRAW,6n1/8/2KB4/8/8/7r/2k5/6R1 b - - 0 1
1,1,0,0,0,0,0,1,-1,1,0,1,1,1,0,0,0,0,0,16,0,0,3,4,1,7,1,2,5,29,21,0,0,0,0,0,0,0,0,7,1,1,0,0,0,0,0,2,1,0,KRBKRNvK,DRAW,8/8/2r2n2/B7/8/6R1/4K2k/8 w - - 0 1
0,1,0,0,0,0,0,1,-1,1,0,1,1,1,0,0,0,0,0,16,0,0,3,4,5,4,2,1,1,14,29,0,0,0,0,0,0,0,0,7,1,1,0,0,0,0,2,2,0,0,KRBKRNvK,DRAW,5R2/8/4K3/8/8/4k3/7B/n3r3 b - - 0 1
1,1,0,0,0,0,0,1,-1,1,0,1,1,1,0,0,0,0,0,16,0,0,5,5,1,3,6,3,2,21,20,0,0,0,0,0,0,0,0,7,1,1,0,1,0,0,0,0,0,0,KRBKRNvK,DRAW,n7/3k4/8/8/8/6R1/1r1B1K2/8 w - - 0 1
0,1,0,0,0,0,0,1,-1,1,0,1,1,1,0,0,0,0,0,16,0,0,2,4,2,2,2,1,2,25,23,0,0,0,0,0,0,0,0,7,1,1,1,0,0,0,3,2,1,1,KRBKRNvK,DRAW,7r/R7/8/8/5n2/2k1K3/B7/8 b - - 0 1
1,1,0,0,0,0,0,1,-1,1,0,1,1,1,0,0,0,0,0,16,0,0,2,3,2,1,1,1,4,3,0,1,0,0,0,0,0,0,0,7,1,1,0,0,0,0,4,1,0,0,KRBKRNvK,DRAW,8/8/3nR3/8/4B3/r2K4/1k6/8 w - - 0 1
0,1,0,0,0,0,0,1,-1,1,0,1,1,1,0,0,0,0,0,16,0,0,6,7,1,1,6,5,4,26,28,0,0,0,0,0,0,0,0,7,1,1,0,0,0,0,2,2,0,0,KRBKRNvK,DRAW,8/1k6/4r3/8/6R1/8/3n1B1K/8 b - - 0 1
1,1,0,0,0,0,0,1,-1,1,0,1,1,1,0,0,0,0,0,16,0,0,2,3,6,5,4,2,1,4,0,1,0,0,0,0,0,0,0,7,1,1,0,0,0,0,0,2,0,1,KRBKRNvK,DRAW,8/3K1r2/8/5k2/1Rn5/8/8/2B5 w - - 0 1
1,1,0,0,0,0,0,1,-1,1,0,1,1,1,0,0,0,0,0,16,0,0,6,4,7,6,1,3,4,26,21,0,0,0,0,0,0,0,0,7,1,1,1,0,0,0,0,0,1,0,KRBKRNvK,DRAW,1n2K3/5R2/8/8/6B1/8/6k1/r7 w - - 0 1
0,1,0,0,0,0,0,1,-1,1,0,1,1,1,0,0,0,0,0,16,0,0,4,3,5,7,7,1,6,15,29,0,0,0,0,0,0,0,0,7,1,1,0,1,0,0,3,1,1,0,KRBKRNvK,DRAW,7k/8/3K2R1/8/8/5B2/1rn5/8 b - - 0 1
1,1,0,0,0,0,0,1,-1,1,0,1,1,1,0,0,0,0,0,16,0,0,5,1,4,6,4,2,2,27,24,0,0,0,0,0,0,0,0,7,1,1,1,1,0,0,1,0,0,0,KRBKRNvK,DRAW,8/2R5/8/1K4k1/8/8/5r1B/1n6 w - - 0 1
1,1,0,0,0,0,0,1,-1,1,0,1,1,1,0,0,0,0,0,16,0,0,7,4,7,0,0,3,6,25,23,0,0,0,0,0,0,0,0,7,1,1,0,0,0,0,2,2,0,0,KRBKRNvK,DRAW,4K3/8/8/1r6/8/3n4/7R/k6B w - - 0 1
0,1,0,0,0,0,0,1,-1,1,0,1,1,1,0,0,0,0,0,16,0,0,2,1,7,3,6,5,2,21,24,0,0,0,0,0,0,0,0,7,1,1,0,1,0,0,1,2,1,0,KRBKRNvK,DRAW,1K6/3k1B2/8/8/8/1n4R1/3r4/8 b - - 0 1
0,1,0,0,0,0,0,1,-1,1,0,1,1,1,0,0,0,0,0,16,0,0,3,3,3,5,6,0,3,21,30,0,0,0,0,0,0,0,0,7,1,1,0,1,0,0,3,0,0,0,KRBKRNvK,DRAW,1n6/5k2/8/8/1B1K4/8/6r1/4R3 b - - 0 1
0,1,0,0,0,0,0,1,-1,1,0,1,1,1,0,0,0,0,0,16,0,0,4,6,5,4,1,3,2,16,26,0,0,0,0,0,0,0,0,7,1,1,0,1,0,0,3,0,1,0,KRBKRNvK,DRAW,8/8/3B2K1/8/3R4/7n/4kr2/8 b - - 0 1
1,1,0,0,0,0,0,1,-1,1,0,1,1,1,0,0,0,0,0,16,0,0,5,6,6,1,5,4,3,28,24,0,0,0,0,0,0,0,0,7,1,1,0,0,0,0,0,0,1,0,KRBKRNvK,DRAW,3n4/6K1/1k6/1B6/8/8/6R1/2r5 w - - 0 1
0,1,0,0,0,0,0,1,-1,1,0,1,1,1,0,0,0,0,0,16,0,0,6,0,1,6,1,5,4,25,17,0,0,0,0,0,0,0,0,7,1,1,0,0,0,0,2,2,0,1,KRBKRNvK,DRAW,8/8/8/8/4r3/8/KBn3k1/1R6 b - - 0 1
1,1,0,0,0,0,0,1,-1,1,0,1,1,1,0,0,0,0,0,16,0,0,3,4,4,1,7,0,5,31,19,0,0,0,0,0,0,0,0,7,1,1,0,1,0,0,3,1,0,0,KRBKRNvK,DRAW,1k6/8/8/2B1K3/5R2/8/r2n4/8 w - - 0 1
1,1,0,0,0,0,0,1,-1,1,0,1,1,1,0,0,0,0,0,16,0,0,6,1,5,7,3,3,3,26,20,0,0,0,0,0,0,0,0,7,1,1,0,0,0,0,0,1,1,0,KRBKRNvK,DRAW,4B3/8/1K6/8/7k/6R1/4n3/2r5 w - - 0 1
1,1,0,0,0,0,0,1,-1,1,0,1,1,1,0,0,0,0,0,16,0,0,2,3,0,1,0,3,5,24,23,0,0,0,0,0,0,0,0,7,1,1,0,0,0,0,0,0,0,0,KRBKRNvK,DRAW,2R5/8/1r6/3n4/8/8/4B3/1k1K4 w - - 0 1
0,1,0,0,0,0,0,1,-1,1,0,1,1,1,0,0,0,0,0,16,0,0,2,3,0,5,2,3,2,15,25,0,0,0,0,0,0,0,0,7,1,1,0,0,0,0,2,1,0,0,KRBKRNvK,DRAW,3R4/7n/1B6/8/8/5kr1/8/3K4 b - - 0 1
0,1,0,0,0,0,0,1,-1,1,0,1,1,1,0,0,0,0,0,16,0,0,3,7,2,4,0,4,3,17,31,0,0,0,0,0,0,0,0,7,1,1,0,0,0,0,1,0,0,1,KRBKRNvK,DRAW,2R5/8/8/8/4B3/7K/8/r3k2n b - - 0 1
0,1,0,0,0,0,0,1,-1,1,0,1,1,1,0,0,0,0,0,16,0,0,6,4,1,3,7,2,3,21,28,0,0,0,0,0,0,0,0,7,1,1,0,0,0,0,2,2,1,0,KRBKRNvK,DRAW,3k4/1B6/3r4/8/n7/7R/4K3/8 b - - 0 1
1,1,0,0,0,0,0,1,-1,1,0,1,1,1,0,0,0,0,0,16,0,0,2,6,1,6,3,4,2,24,23,0,0,0,0,0,0,0,0,7,1,1,0,0,0,0,1,2,0,0,KRBKRNvK,DRAW,6B1/8/1n6/8/3r2k1/8/2R3K1/8 w - - 0 1
1,1,0,0,0,0,0,1,-1,1,0,1,1,1,0,0,0,0,0,16,0,0,2,2,1,0,1,3,5,2,0,1,0,0,0,0,0,0,0,7,1,1,0,1,0,0,3,1,0,2,KRBKRNvK,DRAW,8/6B1/8/4R3/8/8/krK1n3/8 w - - 0 1
0,1,0,0,0,0,0,1,-1,1,0,1,1,1,0,0,0,0,0,16,0,0,4,3,1,7,2,2,4,21,23,0,0,0,0,0,0,0,0,7,1,1,0,0,0,0,0,0,1,1,KRBKRNvK,DRAW,8/8/5R2/6B1/7n/1r5k/3K4/8 b - - 0 1
1,1,0,0,0,0,0,1,-1,1,0,1,1,1,0,0,0,0,0,16,0,0,3,0,0,2,3,6,1,27,16,0,0,0,0,0,0,0,0,7,1,1,0,0,0,0,1,2,1,0,KRBKRNvK,DRAW,8/3r4/3B4/8/2k5/5R2/8/K2n4 w - - 0 1
0,1,0,0,0,0,0,1,-1,1,0,1,1,1,0,0,0,0,0,16,0,0,6,1,1,6,7,4,5,4,0,1,0,0,0,0,0,0,0,7,1,1,0,0,0,0,0,2,0,1,KRBKRNvK,DRAW,6k1/8/8/8/8/8/1K4R1/n3rB2 b - - 0 1
0,1,0,0,0,0,0,1,-1,1,0,1,1,1,0,0,0,0,0,16,0,0,4,7,7,5,3,6,1,5,0,1,0,0,0,0,0,0,0,7,1,1,0,0,0,0,1,2,1,0,KRBKRNvK,DRAW,7K/8/8/8/3n1k1R/2r5/2B5/8 b - - 0 1
0,1,0,0,0,0,0,1,-1,1,0,1,1,1,0,0,0,0,0,16,0,0,5,5,3,0,4,1,3,17,27,0,0,0,0,0,0,0,0,7,1,1,1,0,0,0,3,0,0,0,KRBKRNvK,DRAW,5n1r/6R1/8/k7/5K2/8/8/B7 b - - 0 1
1,1,0,0,0,0,0,1,-1,1,0,1,1,1,0,0,0,0,0,16,0,0,5,7,5,7,0,4,6,5,0,1,0,0,0,0,0,0,0,7,1,1,1,1,0,0,2,2,0,1,KRBKRNvK,DRAW,4B3/3R4/7K/8/6n1/8/4r3/7k w - - 0 1
0,1,0,0,0,0,0,1,-1,1,0,1,1,1,0,0,0,0,0,16,0,0,7,6,0,4,7,5,3,22,28,0,0,0,0,0,0,0,0,7,1,1,0,0,0,0,3,2,0,0,KRBKRNvK,DRAW,4k3/3r4/7n/8/7R/2B5/8/6K1 b - - 0 1
0,1,0,0,0,0,0,1,-1,1,0,1,1,1,0,0,0,0,0,16,0,0,2,1,2,3,1,3,2,3,0,1,0,0,0,0,0,0,0,7,1,1,0,0,0,0,0,1,0,1,KRBKRNvK,LOSS,8/6r1/8/B7/8/1K1n4/3k4/6R1 b - - 0 1
1,1,0,0,0,0,0,1,-1,1,0,1,1,1,0,0,0,0,0,16,0,0,3,4,2,1,3,1,2,28,21,0,0,0,0,0,0,0,0,7,1,1,0,0,0,0,3,0,2,1,KRBKRNvK,DRAW,8/8/2BR4/8/1k6/4K3/8/r5n1 w - - 0 1
1,1,0,0,0,0,0,1,-1,1,0,1,1,1,0,0,0,0,0,16,0,0,7,1,0,5,7,5,4,22,26,0,0,0,0,0,0,0,0,7,1,1,0,0,0,0,2,0,0,0,KRBKRNvK,DRAW,5k2/8/2r5/4n3/8/3R4/4B3/1K6 w - - 0 1
1,1,0,0,0,0,0,1,-1,1,0,1,1,1,0,0,0,0,0,16,0,0,3,1,3,4,5,2,1,5,0,1,0,0,0,0,0,0,0,7,1,1,1,0,0,0,2,4,1,0,KRBKRNvK,DRAW,8/1n4R1/4k3/8/1K3r2/8/1B6/8 w - - 0 1
0,1,0,0,0,0,0,1,-1,1,0,1,1,1,0,0,0,0,0,16,0,0,5,1,1,5,6,4,3,6,0,1,0,0,0,0,0,0,0,7,1,1,1,0,0,0,2,0,1,1,KRBKRNvK,DRAW,8/1n1R1k2/1B6/8/8/8/1K6/2r5 b - - 0 1
1,1,0,0,0,0,0,1,-1,1,0,1,1,1,0,0,0,0,0,16,0,0,4,1,1,5,2,4,2,28,22,0,0,0,0,0,0,0,0,7,1,1,0,0,0,0,2,1,2,0,KRBKRNvK,DRAW,8/r7/8/3R4/8/5kB1/1K6/6n1 w - - 0 1
1,1,0,0,0,0,0,1,-1,1,0,1,1,1,0,0,0,0,0,16,0,0,3,2,0,5,1,4,3,27,23,0,0,0,0,0,0,0,0,7,1,1,0,0,0,0,2,0,0,1,KRBKRNvK,DRAW,8/8/r7/7R/8/1B6/5k2/n1K5 w - - 0 1
1,1,0,0,0,0,0,1,-1,1,0,1,1,1,0,0,0,0,0,16,0,0,2,5,7,6,5,4,3,20,20,0,0,0,0,0,0,0,0,7,1,1,0,0,0,0,2,1,0,0,KRBKRNvK,DRAW,3R1K2/8/6k1/6n1/8/8/8/r2B4 w - - 0 1
0,1,0,0,0,0,0,1,-1,1,0,1,1,1,0,0,0,0,0,16,0,0,4,3,2,7,4,1,3,3,0,1,0,0,0,0,0,0,0,7,1,1,0,0,0,0,2,2,0,1,KRBKRNvK,DRAW,8/8/4r3/3n3k/8/3K4/7R/5B2 b - - 0 1
0,1,0,0,0,0,0,1,-1,1,0,1,1,1,0,0,0,0,0,16,0,0,7,0,6,7,3,5,3,4,0,1,0,0,0,0,0,0,0,7,1,1,0,0,0,0,3,2,1,0,KRBKRNvK,LOSS,8/K5n1/8/3r4/2R4k/8/6B1/8 b - - 0 1
1,1,0,0,0,0,0,1,-1,1,0,1,1,1,0,0,0,0,0,16,0,0,4,6,6,2,4,4,1,25,21,0,0,0,0,0,0,0,0,7,1,1,0,0,0,0,0,3,0,0,KRBKRNvK,DRAW,8/6K1/2n5/2k5/8/6R1/8/2r1B3 w - - 0 1
0,1,0,0,0,0,0,1,-1,1,0,1,1,1,0,0,0,0,0,16,0,0,3,7,1,4,4,5,0,25,22,0,0,0,0,0,0,0,0,7,1,1,0,0,0,0,0,3,1,0,KRBKRNvK,DRAW,8/8/8/4k3/8/2R4B/3n3K/1r6 b - - 0 1
0,1,0,0,0,0,0,1,-1,1,0,1,1,1,0,0,0,0,0,16,0,0,6,3,7,5,1,3,3,28,15,0,0,0,0,0,0,0,0,7,1,1,0,0,0,0,1,1,0,0,KRBKRNvK,DRAW,3K1R2/5B2/8/8/1n6/2r5/5k2/8 b - - 0 1
1,1,0,0,0,0,0,1,-1,1,0,1,1,1,0,0,0,0,0,16,0,0,4,5,5,6,1,2,4,5,0,1,0,0,0,0,0,0,0,7,1,1,0,1,0,0,1,1,0,1,KRBKRNvK,DRAW,6R1/8/5K2/7B/6n1/8/5rk1/8 w - - 0 1
0,1,0,0,0,0,0,1,-1,1,0,1,1,1,0,0,0,0,0,16,0,0,4,1,3,5,3,2,1,22,23,0,0,0,0,0,0,0,0,7,1,1,0,1,0,0,0,2,1,1,KRBKRNvK,DRAW,8/B7/6R1/2n5/1K3k2/8/5r2/8 b - - 0 1
0,1,0,0,0,0,0,1,-1,1,0,1,1,1,0,0,0,0,0,16,0,0,5,7,1,4,6,5,2,14,25,0,0,0,0,0,0,0,0,7,1,1,0,0,0,0,1,0,0,1,KRBKRNvK,DRAW,4r3/4k3/7R/8/8/8/5B1K/6n1 b - - 0 1
0,1,0,0,0,0,0,1,-1,1,0,1,1,1,0,0,0,0,0,16,0,0,2,3,4,5,3,0,1,17,18,0,0,0,0,0,0,0,0,7,1,1,0,0,0,0,4,2,1,0,KRBKRNvK,DRAW,8/8/r7/3K3R/5k2/n7/8/3B4 b - - 0 1
1,1,0,0,0,0,0,1,-1,1,0,1,1,1,0,0,0,0,0,16,0,0,2,5,5,3,7,2,3,5,0,1,0,0,0,0,0,0,0,7,1,1,0,0,0,0,3,0,0,0,KRBKRNvK,DRAW,3k4/8/1r3K2/4B3/8/4R3/8/6n1 w - - 0 1
0,1,0,0,0,0,0,1,-1,1,0,1,1,1,0,0,0,0,0,16,0,0,5,2,1,7,0,3,6,13,28,0,0,0,0,0,0,0,0,7,1,1,0,0,0,0,1,0,0,0,KRBKRNvK,DRAW,7r/5B1n/8/8/8/1R6/2K5/7k b - - 0 1
0,1,0,0,0,0,0,1,-1,1,0,1,1,1,0,0,0,0,0,16,0,0,7,0,6,7,1,5,5,23,26,0,0,0,0,0,0,0,0,7,1,1,0,0,0,0,3,2,0,0,KRBKRNvK,DRAW,4R3/K7/8/8/2r5/4B1n1/7k/8 b - - 0 1
1,1,0,0,0,0,0,1,-1,1,0,1,1,1,0,0,0,0,0,16,0,0,2,4,1,6,0,2,5,24,21,0,0,0,0,0,0,0,0,7,1,1,0,0,0,0,0,2,0,0,KRBKRNvK,DRAW,4n3/8/2R5/8/Br6/8/4K3/6k1 w - - 0 1
0,1,0,0,0,0,0,1,-1,1,0,1,1,1,0,0,0,0,0,16,0,0,7,0,1,7,1,5,5,6,0,1,0,0,0,0,0,0,0,7,1,1,0,0,0,0,2,2,0,1,KRBKRNvK,DRAW,8/8/3BR3/8/6r1/1n6/K6k/8 b - - 0 1
1,1,0,0,0,0,0,1,-1,1,0,1,1,1,0,0,0,0,0,16,0,0,7,5,0,5,7,4,4,26,26,0,0,0,0,0,0,0,0,7,1,1,0,0,0,0,0,0,1,0,KRBKRNvK,DRAW,3B1k2/8/r7/4n3/8/8/1R6/5K2 w - - 0 1
0,1,0,0,0,0,0,1,-1,1,0,1,1,1,0,0,0,0,0,16,0,0,6,6,6,0,4,4,3,23,27,0,0,0,0,0,0,0,0,7,1,1,0,1,0,0,1,1,1,1,KRBKRNvK,DRAW,8/4n1K1/8/k1B5/8/8/7r/5R2 b - - 0 1
0,1,0,0,0,0,0,1,-1,1,0,1,1,1,0,0,0,0,0,16,0,0,5,6,2,2,7,3,4,22,26,0,0,0,0,0,0,0,0,7,1,1,1,0,0,0,2,3,0,1,KRBKRNvK,DRAW,2k5/6R1/8/1n6/8/6K1/1B6/4r3 b - - 0 1
1,1,0,0,0,0,0,1,-1,1,0,1,1,1,0,0,0,0,0,16,0,0,4,3,7,7,5,3,4,26,18,0,0,0,0,0,0,0,0,7,1,1,0,0,0,0,1,2,0,0,KRBKRNvK,DRAW,3K4/2B5/7k/7n/7r/8/R7/8 w - - 0 1
1,1,0,0,0,0,0,1,-1,1,0,1,1,1,0,0,0,0,0,16,0,0,4,0,3,1,7,3,5,22,17,0,0,0,0,0,0,0,0,7,1,1,0,1,0,0,3,2,0,0,KRBKRNvK,DRAW,1k6/8/8/R7/K7/5n2/2B2r2/8 w - - 0 1
1,1,0,0,0,0,0,1,-1,1,0,1,1,1,0,0,0,0,0,16,0,0,6,7,2,1,3,4,2,25,24,0,0,0,0,0,0,0,0,7,1,1,0,0,0,0,0,0,0,0,KRBKRNvK,DRAW,8/2r5/6R1/8/1k5B/7K/8/n7 w - - 0 1
0,1,0,0,0,0,0,1,-1,1,0,1,1,1,0,0,0,0,0,16,0,0,3,1,1,4,3,4,0,5,0,1,0,0,0,0,0,0,0,7,1,1,0,0,0,0,3,3,1,1,KRBKRNvK,LOSS,8/8/8/8/1R2kB2/7n/1K6/2r5 b - - 0 1
0,1,0,0,0,0,0,1,-1,1,0,1,1,1,0,0,0,0,0,16,0,0,2,2,5,1,3,2,2,3,0,1,0,0,0,0,0,0,0,7,1,1,0,0,0,0,1,0,0,0,KRBKRNvK,LOSS,R4B2/8/2K5/8/1k6/n5r1/8/8 b - - 0 1
1,1,0,0,0,0,0,1,-1,1,0,1,1,1,0,0,0,0,0,16,0,0,4,3,5,5,1,1,3,5,0,1,0,0,0,0,0,0,0,7,1,1,0,0,0,0,3,0,0,2,KRBKRNvK,DRAW,4n3/7B/1r1K4/8/8/8/5k2/2R5 w - - 0 1
0,1,0,0,0,0,0,1,-1,1,0,1,1,1,0,0,0,0,0,16,0,0,6,3,0,7,6,3,5,4,0,1,0,0,0,0,0,0,0,7,1,1,0,0,0,0,1,2,0,1,KRBKRNvK,DRAW,8/7k/8/8/5r2/8/8/1B1K1nR1 b - - 0 1
0,1,0,0,0,0,0,1,-1,1,0,1,1,1,0,0,0,0,0,16,0,0,4,2,6,1,2,3,3,27,21,0,0,0,0,0,0,0,0,7,1,1,0,0,0,0,0,3,0,1,KRBKRNvK,DRAW,3B1R2/2K5/8/4r3/8/1k6/2n5/8 b - - 0 1
1,1,0,0,0,0,0,1,-1,1,0,1,1,1,0,0,0,0,0,16,0,0,4,2,3,6,1,1,4,25,19,0,0,0,0,0,0,0,0,7,1,1,0,0,0,0,2,0,1,0,KRBKRNvK,DRAW,5R2/1n6/8/8/2K5/6r1/6k1/6B1 w - - 0 1
0,1,0,0,0,0,0,1,-1,1,0,1,1,1,0,0,0,0,0,16,0,0,5,2,3,7,2,1,4,22,17,0,0,0,0,0,0,0,0,7,1,1,0,0,0,0,3,1,0,1,KRBKRNvK,DRAW,5B2/4n3/8/8/2K1R3/r6k/8/8 b - - 0 1
1,1,0,0,0,0,0,1,-1,1,0,1,1,1,0,0,0,0,0,16,0,0,7,2,7,2,0,4,4,5,0,1,0,0,0,0,0,0,0,7,1,1,1,0,0,0,2,2,0,0,KRBKRNvK,DRAW,2K5/R5B1/8/8/2r5/8/5n2/2k5 w - - 0 1
1,1,0,0,0,0,0,1,-1,1,0,1,1,1,0,0,0,0,0,16,0,0,2,1,5,0,7,3,6,24,20,0,0,0,0,0,0,0,0,7,1,1,0,0,0,0,2,1,0,1,KRBKRNvK,DRAW,k1r5/8/1K4n1/8/8/8/1B3R2/8 w - - 0 1
1,1,0,0,0,0,0,1,-1,1,0,1,1,1,0,0,0,0,0,16,0,0,4,3,5,7,3,1,3,7,0,1,0,0,0,0,0,0,0,7,1,1,0,0,0,0,3,0,1,2,KRBKRNvK,DRAW,2n2r2/6B1/3K4/6R1/7k/8/8/8 w - - 0 1
1,1,0,0,0,0,0,1,-1,1,0,1,1,1,0,0,0,0,0,16,0,0,6,7,1,4,7,5,3,23,24,0,0,0,0,0,0,0,0,7,1,1,0,0,0,0,2,0,0,0,KRBKRNvK,DRAW,4k3/8/8/7R/4n3/8/7K/1r2B3 w - - 0 1
0,1,0,0,0,0,0,1,-1,1,0,1,1,1,0,0,0,0,0,16,0,0,5,7,0,2,5,6,2,14,26,0,0,0,0,0,0,0,0,7,1,1,0,0,0,0,2,1,1,0,KRBKRNvK,DRAW,1n6/2r5/2k5/8/1R6/8/4B3/7K b - - 0 1
0,1,0,0,0,0,0,1,-1,1,0,1,1,1,0,0,0,0,0,16,0,0,5,0,5,5,0,4,4,27,29,0,0,0,0,0,0,0,0,7,1,1,1,0,0,0,1,2,0,0,KRBKRNvK,DRAW,8/2R5/K7/3B4/4r3/5n2/8/5k2 b - - 0 1
1,1,0,0,0,0,0,1,-1,1,0,1,1,1,0,0,0,0,0,16,0,0,4,3,7,6,3,3,2,29,22,0,0,0,0,0,0,0,0,7,1,1,0,0,0,0,3,2,0,0,KRBKRNvK,DRAW,3K4/8/2B5/r7/6k1/n7/8/3R4 w - - 0 1
1,1,0,0,0,0,0,1,-1,1,0,1,1,1,0,0,0,0,0,16,0,0,2,7,4,7,6,3,5,21,21,0,0,0,0,0,0,0,0,7,1,1,0,1,0,0,2,1,0,0,KRBKRNvK,DRAW,8/4n2k/8/7K/6R1/8/5r2/3B4 w - - 0 1
0,1,0,0,0,0,0,1,-1,1,0,1,1,1,0,0,0,0,0,16,0,0,6,1,1,0,7,4,6,21,27,0,0,0,0,0,0,0,0,7,1,1,0,0,0,0,2,0,0,0,KRBKRNvK,DRAW,k7/8/5r2/8/8/4R2B/1K6/4n3 b - - 0 1
0,1,0,0,0,0,0,1,-1,1,0,1,1,1,0,0,0,0,0,16,0,0,6,7,1,6,7,5,5,18,22,0,0,0,0,0,0,0,0,7,1,1,0,0,0,0,1,1,0,1,KRBKRNvK,DRAW,6k1/8/3B4/6n1/8/5r2/6RK/8 b - - 0 1
1,1,0,0,0,0,0,1,-1,1,0,1,1,1,0,0,0,0,0,16,0,0,3,4,0,1,0,3,5,6,0,1,0,0,0,0,0,0,0,7,1,1,0,0,0,0,1,2,0,0,KRBKRNvK,DRAW,8/4r3/7R/8/2n2B2/8/8/1k2K3 w - - 0 1
1,1,0,0,0,0,0,1,-1,1,0,1,1,1,0,0,0,0,0,16,0,0,2,4,2,6,1,1,4,17,23,0,0,0,0,0,0,0,0,7,1,1,0,0,0,0,2,2,0,0,KRBKRNvK,DRAW,8/8/B6n/8/1r6/R3K3/6k1/8 w - - 0 1
0,1,0,0,0,0,0,1,-1,1,0,1,1,1,0,0,0,0,0,16,0,0,4,4,6,0,7,2,6,19,24,0,0,0,0,0,0,0,0,7,1,1,0,0,0,0,2,0,0,1,KRBKRNvK,DRAW,k5r1/4K2n/8/3R4/8/8/8/3B4 b - - 0 1
0,1,0,0,0,0,0,1,-1,1,0,1,1,1,0,0,0,0,0,16,0,0,5,7,5,6,0,4,5,4,0,1,0,0,0,0,0,0,0,7,1,1,0,0,0,0,2,0,1,1,KRBKRNvK,DRAW,8/5r2/7K/8/4n3/8/B7/4R1k1 b - - 0 1
1,1,0,0,0,0,0,1,-1,1,0,1,1,1,0,0,0,0,0,16,0,0,3,2,6,0,3,3,3,26,20,0,0,0,0,0,0,0,0,7,1,1,0,0,0,0,1,2,0,1,KRBKRNvK,DRAW,8/2K5/8/1r6/k6n/5R2/8/6B1 w - - 0 1
0,1,0,0,0,0,0,1,-1,1,0,1,1,1,0,0,0,0,0,16,0,0,7,1,0,4,7,5,3,21,22,0,0,0,0,0,0,0,0,7,1,1,0,1,0,0,3,0,0,1,KRBKRNvK,DRAW,4k3/7B/8/3R4/8/7n/2r5/1K6 b - - 0 1
0,1,0,0,0,0,0,1,-1,1,0,1,1,1,0,0,0,0,0,16,0,0,5,2,5,6,0,2,5,22,17,0,0,0,0,0,0,0,0,7,1,1,0,0,0,0,1,2,0,1,KRBKRNvK,DRAW,8/3B4/1RK5/4r3/8/8/8/4n1k1 b - - 0 1
1,1,0,0,0,0,0,1,-1,1,0,1,1,1,0,0,0,0,0,16,0,0,2,1,2,3,4,3,0,24,21,0,0,0,0,0,0,0,0,7,1,1,0,0,0,0,1,4,0,1,KRBKRNvK,DRAW,8/3n4/8/3k4/3r4/1K5R/8/1B6 w - - 0 1
1,1,0,0,0,0,0,1,-1,1,0,1,1,1,0,0,0,0,0,16,0,0,5,2,7,7,7,4,6,2,0,1,0,0,0,0,0,0,0,7,1,1,1,0,0,0,1,0,1,1,KRBKRNvK,DRAW,r1K4k/5R2/8/4n3/8/8/B7/8 w - - 0 1
0,1,0,0,0,0,0,1,-1,1,0,1,1,1,0,0,0,0,0,16,0,0,2,1,2,2,4,3,1,21,27,0,0,0,0,0,0,0,0,7,1,1,0,0,0,0,2,3,1,2,KRBKRNvK,DRAW,8/1B6/8/2k5/3r4/nK6/7R/8 b - - 0 1
0,1,0,0,0,0,0,1,-1,1,0,1,1,1,0,0,0,0,0,16,0,0,6,1,2,7,5,3,4,4,0,1,0,0,0,0,0,0,0,7,1,1,0,0,0,0,0,0,2,1,KRBKRNvK,DRAW,6BR/5r2/7k/8/n7/1K6/8/8 b - - 0 1
1,1,0,0,0,0,0,1,-1,1,0,1,1,1,0,0,0,0,0,16,0,0,4,7,6,4,2,5,1,28,19,0,0,0,0,0,0,0,0,7,1,1,0,0,0,0,1,3,1,1,KRBKRNvK,DRAW,8/7K/8/4B1r1/8/4k2n/8/R7 w - - 0 1
1,1,0,0,0,0,0,1,-1,1,0,1,1,1,0,0,0,0,0,16,0,0,5,1,1,1,6,4,4,27,17,0,0,0,0,0,0,0,0,7,1,1,0,0,0,0,3,2,0,0,KRBKRNvK,DRAW,7B/1kr5/2n5/8/R7/8/1K6/8 w - - 0 1
0,1,0,0,0,0,0,1,-1,1,0,1,1,1,0,0,0,0,0,16,0,0,4,6,1,5,5,4,2,28,23,0,0,0,0,0,0,0,0,7,1,1,0,0,0,0,0,2,1,1,KRBKRNvK,DRAW,5B2/8/2n2k2/8/8/7r/1R4K1/8 b - - 0 1
0,1,0,0,0,0,0,1,-1,1,0,1,1,1,0,0,0,0,0,16,0,0,3,3,4,3,7,0,3,2,0,1,0,0,0,0,0,0,0,7,1,1,0,0,0,0,3,0,0,0,KRBKRNvK,LOSS,3k3R/r7/8/3K4/1B6/8/6n1/8 b - - 0 1
1,1,0,0,0,0,0,1,-1,1,0,1,1,1,0,0,0,0,0,16,0,0,2,2,7,4,5,4,1,22,22,0,0,0,0,0,0,0,0,7,1,1,0,0,0,0,0,2,1,0,KRBKRNvK,DRAW,2KB4/5r2/4k3/7n/8/8/1R6/8 w - - 0 1
0,1,0,0,0,0,0,1,-1,1,0,1,1,1,0,0,0,0,0,16,0,0,5,0,7,2,2,6,2,5,0,1,0,0,0,0,0,0,0,7,1,1,0,0,0,0,0,1,0,2,KRBKRNvK,DRAW,K4B2/2r5/n7/8/8/2k3R1/8/8 b - - 0 1
1,1,0,0,0,0,0,1,-1,1,0,1,1,1,0,0,0,0,0,16,0,0,5,6,3,1,0,2,5,30,14,0,0,0,0,0,0,0,0,7,1,1,0,0,0,0,2,0,0,0,KRBKRNvK,DRAW,1rn5/8/8/5R2/1B4K1/8/8/1k6 w - - 0 1
0,1,0,0,0,0,0,1,-1,1,0,1,1,1,0,0,0,0,0,16,0,0,3,0,4,3,3,3,0,5,0,1,0,0,0,0,0,0,0,7,1,1,0,0,0,0,2,3,2,0,KRBKRNvK,DRAW,8/4r3/8/K7/1R1k2n1/8/2B5/8 b - - 0 1
1,1,0,0,0,0,0,1,-1,1,0,1,1,1,0,0,0,0,0,16,0,0,4,2,4,6,1,1,4,5,0,1,0,0,0,0,0,0,0,7,1,1,0,0,0,0,2,0,0,1,KRBKRNvK,DRAW,4n3/8/8/r1K5/8/B7/6k1/3R4 w - - 0 1
1,1,0,0,0,0,0,1,-1,1,0,1,1,1,0,0,0,0,0,16,0,0,3,1,0,4,2,5,1,26,21,0,0,0,0,0,0,0,0,7,1,1,0,0,0,0,0,3,1,0,KRBKRNvK,DRAW,5B2/8/8/8/3r4/4k3/6R1/1K3n2 w - - 0 1
1,1,0,0,0,0,0,1,-1,1,0,1,1,1,0,0,0,0,0,16,0,0,5,7,7,2,4,6,1,20,26,0,0,0,0,0,0,0,0,7,1,1,0,0,0,0,1,3,0,0,KRBKRNvK,DRAW,6BK/1r6/3n4/2k5/8/8/6R1/8 w - - 0 1
1,1,0,0,0,0,0,1,-1,1,0,1,1,1,0,0,0,0,0,16,0,0,5,6,5,1,7,3,5,20,17,0,0,0,0,0,0,0,0,7,1,1,0,0,0,0,2,0,0,0,KRBKRNvK,DRAW,1k6/8/6K1/8/4R1B1/8/n7/6r1 w - - 0 1
0,1,0,0,0,0,0,1,-1,1,0,1,1,1,0,0,0,0,0,16,0,0,3,1,1,0,4,4,3,27,23,0,0,0,0,0,0,0,0,7,1,1,0,0,0,0,2,0,0,0,KRBKRNvK,DRAW,4R1B1/8/5r2/k3n3/8/8/1K6/8 b - - 0 1
0,1,0,0,0,0,0,1,-1,1,0,1,1,1,0,0,0,0,0,16,0,0,3,3,1,6,1,2,4,23,28,0,0,0,0,0,0,0,0,7,1,1,0,0,0,0,2,1,0,0,KRBKRNvK,DRAW,8/2rnB3/8/1R6/8/8/3K2k1/8 b - - 0 1
0,1,0,0,0,0,0,1,-1,1,0,1,1,1,0,0,0,0,0,16,0,0,5,6,0,1,5,5,3,24,25,0,0,0,0,0,0,0,0,7,1,1,0,0,0,0,2,2,1,1,KRBKRNvK,DRAW,2B5/8/1k6/8/4R3/3r4/8/5nK1 b - - 0 1
0,1,0,0,0,0,0,1,-1,1,0,1,1,1,0,0,0,0,0,16,0,0,7,7,6,0,7,5,6,1,0,1,0,0,0,0,0,0,0,7,1,1,0,0,0,0,2,2,0,1,KRBKRNvK,DRAW,k6R/7K/8/6r1/n7/8/6B1/8 b - - 0 1
0,1,0,0,0,0,0,1,-1,1,0,1,1,1,0,0,0,0,0,16,0,0,2,6,3,4,4,2,0,3,0,1,0,0,0,0,0,0,0,7,1,1,0,0,0,0,3,3,0,0,KRBKRNvK,DRAW,8/8/rB6/n3k3/6K1/8/4R3/8 b - - 0 1
0,1,0,0,0,0,0,1,-1,1,0,1,1,1,0,0,0,0,0,16,0,0,3,7,5,4,3,4,0,5,0,1,0,0,0,0,0,0,0,7,1,1,0,0,0,0,3,3,2,1,KRBKRNvK,DRAW,5r2/8/7K/8/4k3/2B5/1n2R3/8 b - - 0 1
0,1,0,0,0,0,0,1,-1,1,0,1,1,1,0,0,0,0,0,16,0,0,5,5,3,0,4,1,3,3,0,1,0,0,0,0,0,0,0,7,1,1,0,0,0,0,2,2,0,1,KRBKRNvK,DRAW,8/4n2B/3r4/k7/5K2/8/8/R7 b - - 0 1
1,1,0,0,0,0,0,1,-1,1,0,1,1,1,0,0,0,0,0,16,0,0,4,7,1,3,2,5,1,26,28,0,0,0,0,0,0,0,0,7,1,1,0,0,0,0,0,2,0,0,KRBKRNvK,DRAW,5R2/8/8/2n5/r6B/3k4/7K/8 w - - 0 1
0,1,0,0,0,0,0,1,-1,1,0,1,1,1,0,0,0,0,0,16,0,0,4,2,1,6,5,3,3,21,29,0,0,0,0,0,0,0,0,7,1,1,0,0,0,0,0,2,0,0,KRBKRNvK,DRAW,2nB4/8/6k1/8/5r2/8/2K5/7R b - - 0 1
0,1,0,0,0,0,0,1,-1,1,0,1,1,1,0,0,0,0,0,16,0,0,2,3,4,5,4,0,1,21,24,0,0,0,0,0,0,0,0,7,1,1,0,0,0,0,3,2,0,0,KRBKRNvK,DRAW,1r6/n7/8/3K1k2/8/8/7B/R7 b - - 0 1
0,1,0,0,0,0,0,1,-1,1,0,1,1,1,0,0,0,0,0,16,0,0,5,4,2,2,7,1,4,4,0,1,0,0,0,0,0,0,0,7,1,1,0,0,0,0,2,2,1,1,KRBKRNvK,DRAW,2k5/8/B7/8/5r2/4K2n/R7/8 b - - 0 1
1,1,0,0,0,0,0,1,-1,1,0,1,1,1,0,0,0,0,0,16,0,0,4,3,5,7,5,1,4,27,19,0,0,0,0,0,0,0,0,7,1,1,0,0,0,0,3,2,0,0,KRBKRNvK,DRAW,8/8/3K3k/2B3r1/8/7n/8/5R2 w - - 0 1
0,1,0,0,0,0,0,1,-1,1,0,1,1,1,0,0,0,0,0,16,0,0,4,6,2,6,6,3,4,27,31,0,0,0,0,0,0,0,0,7,1,1,0,0,0,0,0,2,0,0,KRBKRNvK,DRAW,8/5nk1/4r3/1B6/8/6K1/R7/8 b - - 0 1
0,1,0,0,0,0,0,1,-1,1,0,1,1,1,0,0,0,0,0,16,0,0,4,7,2,5,6,4,3,16,25,0,0,0,0,0,0,0,0,7,1,1,0,0,0,0,3,0,0,0,KRBKRNvK,DRAW,5r2/5kn1/8/8/7R/2B4K/8/8 b - - 0 1
0,1,0,0,0,0,0,1,-1,1,0,1,1,1,0,0,0,0,0,16,0,0,3,2,3,5,5,1,2,22,23,0,0,0,0,0,0,0,0,7,1,1,0,0,0,0,3,3,1,2,KRBKRNvK,DRAW,2B5/8/5k2/3nr3/2K4R/8/8/8 b - - 0 1
0,1,0,0,0,0,0,1,-1,1,0,1,1,1,0,0,0,0,0,16,0,0,3,7,5,4,7,4,3,17,26,0,0,0,0,0,0,0,0,7,1,1,0,0,0,0,3,1,0,1,KRBKRNvK,DRAW,4kr2/2n5/7K/8/6R1/8/B7/8 b - - 0 1
0,1,0,0,0,0,0,1,-1,1,0,1,1,1,0,0,0,0,0,16,0,0,7,7,0,0,6,6,5,20,26,0,0,0,0,0,0,0,0,7,1,1,0,0,0,0,2,0,1,0,KRBKRNvK,DRAW,8/kn6/2B5/8/3R4/r7/8/7K b - - 0 1
0,1,0,0,0,0,0,1,-1,1,0,1,1,1,0,0,0,0,0,16,0,0,7,0,3,7,0,3,6,19,22,0,0,0,0,0,0,0,0,7,1,1,0,0,0,0,3,0,0,0,KRBKRNvK,DRAW,8/1r6/8/8/K5Rn/8/8/B6k b - - 0 1
1,1,0,0,0,0,0,1,-1,1,0,1,1,1,0,0,0,0,0,16,0,0,4,5,1,3,5,3,1,6,0,1,0,0,0,0,0,0,0,7,1,1,0,1,0,0,2,2,1,0,KRBKRNvK,DRAW,8/5n2/3k1B2/8/8/8/2r2K1R/8 w - - 0 1
0,1,0,0,0,0,0,1,-1,1,0,1,1,1,0,0,0,0,0,16,0,0,3,1,6,2,3,4,1,16,26,0,0,0,0,0,0,0,0,7,1,1,0,0,0,0,3,2,2,0,KRBKRNvK,DRAW,8/1K6/4R3/8/2k1B3/8/8/rn6 b - - 0 1
0,1,0,0,0,0,0,1,-1,1,0,1,1,1,0,0,0,0,0,16,0,0,5,2,6,4,1,3,2,6,0,1,0,0,0,0,0,0,0,7,1,1,0,0,0,0,2,2,1,0,KRBKRNvK,DRAW,8/1BK5/8/8/7r/8/2R1k3/1n6 b - - 0 1
1,1,0,0,0,0,0,1,-1,1,0,1,1,1,0,0,0,0,0,16,0,0,6,5,7,3,1,4,2,5,0,1,0,0,0,0,0,0,0,7,1,1,1,0,0,0,2,0,0,0,KRBKRNvK,DRAW,1r3K2/1BR5/8/8/8/8/3k4/7n w - - 0 1
0,1,0,0,0,0,0,1,-1,1,0,1,1,1,0,0,0,0,0,16,0,0,4,0,3,4,1,3,2,25,23,0,0,0,0,0,0,0,0,7,1,1,0,0,0,0,2,3,0,0,KRBKRNvK,DRAW,2R5/8/8/4r3/K5n1/8/1B2k3/8 b - - 0 1
1,1,0,0,0,0,0,1,-1,1,0,1,1,1,0,0,0,0,0,16,0,0,5,6,5,4,0,3,3,28,15,0,0,0,0,0,0,0,0,7,1,1,1,0,0,0,1,0,0,0,KRBKRNvK,DRAW,8/5R2/6K1/8/8/8/7B/2rnk3 w - - 0 1
0,1,0,0,0,0,0,1,-1,1,0,1,1,1,0,0,0,0,0,16,0,0,4,4,5,0,4,1,3,18,32,0,0,0,0,0,0,0,0,7,1,1,1,0,0,0,3,0,1,0,KRBKRNvK,DRAW,8/2R5/4K3/k3B3/8/8/8/4n2r b - - 0 1
0,1,0,0,0,0,0,1,-1,1,0,1,1,1,0,0,0,0,0,16,0,0,5,7,7,4,2,6,1,5,0,1,0,0,0,0,0,0,0,7,1,1,0,1,0,0,2,3,1,0,KRBKRNvK,DRAW,7K/3n4/8/8/1R6/4k3/6r1/2B5 b - - 0 1
0,1,0,0,0,0,0,1,-1,1,0,1,1,1,0,0,0,0,0,16,0,0,7,7,7,7,0,6,6,23,24,0,0,0,0,0,0,0,0,7,1,1,0,1,0,0,0,1,0,0,KRBKRNvK,DRAW,7K/8/1n5B/8/8/R7/2r5/7k b - - 0 1
0,1,0,0,0,0,0,1,-1,1,0,1,1,1,0,0,0,0,0,16,0,0,2,7,1,7,3,5,3,3,0,1,0,0,0,0,0,0,0,7,1,1,0,0,0,0,2,3,0,0,KRBKRNvK,DRAW,8/8/8/3B2n1/R6k/3r4/7K/8 b - - 0 1
1,1,0,0,0,0,0,1,-1,1,0,1,1,1,0,0,0,0,0,16,0,0,3,6,1,3,0,4,3,26,20,0,0,0,0,0,0,0,0,7,1,1,0,0,0,0,2,2,0,0,KRBKRNvK,DRAW,8/7n/8/5R2/7B/3r4/6K1/3k4 w - - 0 1
1,1,0,0,0,0,0,1,-1,1,0,1,1,1,0,0,0,0,0,16,0,0,4,2,3,4,7,1,3,6,0,1,0,0,0,0,0,0,0,7,1,1,0,0,0,0,3,1,0,1,KRBKRNvK,DRAW,4k3/8/8/4n2r/2KR4/8/2B5/8 w - - 0 1
0,1,0,0,0,0,0,1,-1,1,0,1,1,1,0,0,0,0,0,16,0,0,6,6,0,0,1,5,5,2,0,1,0,0,0,0,0,0,0,7,1,1,0,0,0,0,1,0,0,0,KRBKRNvK,DRAW,Rn2r3/8/4B3/8/8/8/k7/6K1 b - - 0 1
1,1,0,0,0,0,0,1,-1,1,0,1,1,1,0,0,0,0,0,16,0,0,2,4,0,4,2,3,1,17,20,0,0,0,0,0,0,0,0,7,1,1,1,0,0,0,2,3,0,0,KRBKRNvK,DRAW,6n1/3r2BR/8/8/8/4k3/8/4K3 w - - 0 1
0,1,0,0,0,0,0,1,-1,1,0,1,1,1,0,0,0,0,0,16,0,0,4,0,2,4,6,4,2,23,24,0,0,0,0,0,0,0,0,7,1,1,0,1,0,0,1,0,1,1,KRBKRNvK,DRAW,4n3/4k3/8/3B4/8/K7/2r5/R7 b - - 0 1
1,1,0,0,0,0,0,1,-1,1,0,1,1,1,0,0,0,0,0,16,0,0,4,5,0,1,0,4,5,28,22,0,0,0,0,0,0,0,0,7,1,1,0,0,0,0,1,2,1,0,KRBKRNvK,DRAW,6r1/8/5n2/8/4B3/8/2R5/1k3K2 w - - 0 1
0,1,0,0,0,0,0,1,-1,1,0,1,1,1,0,0,0,0,0,16,0,0,4,7,0,4,4,6,0,22,21,0,0,0,0,0,0,0,0,7,1,1,0,1,0,0,2,3,0,0,KRBKRNvK,DRAW,6B1/8/n7/4k3/8/8/1r6/3R3K b - - 0 1
0,1,0,0,0,0,0,1,-1,1,0,1,1,1,0,0,0,0,0,16,0,0,4,5,7,1,3,4,2,23,23,0,0,0,0,0,0,0,0,7,1,1,1,0,0,0,2,2,0,0,KRBKRNvK,DRAW,1n3K2/4R3/8/8/1k4r1/8/8/1B6 b - - 0 1
1,1,0,0,0,0,0,1,-1,1,0,1,1,1,0,0,0,0,0,16,0,0,6,4,1,6,7,2,5,16,20,0,0,0,0,0,0,0,0,7,1,1,0,0,0,0,0,2,0,1,KRBKRNvK,DRAW,6kn/8/8/8/3r4/8/2R1K3/1B6 w - - 0 1
0,1,0,0,0,0,0,1,-1,1,0,1,1,1,0,0,0,0,0,16,0,0,4,5,4,1,3,1,2,23,29,0,0,0,0,0,0,0,0,7,1,1,1,0,0,0,3,0,0,1,KRBKRNvK,DRAW,8/4R3/8/5K2/1k6/7r/8/n5B1 b - - 0 1
1,1,0,0,0,0,0,1,-1,1,0,1,1,1,0,0,0,0,0,16,0,0,4,6,1,2,2,4,2,31,22,0,0,0,0,0,0,0,0,7,1,1,0,0,0,0,2,2,0,0,KRBKRNvK,DRAW,8/4B3/8/1n1r4/5R2/2k5/6K1/8 w - - 0 1
1,1,0,0,0,0,0,1,-1,1,0,1,1,1,0,0,0,0,0,16,0,0,3,7,2,5,5,4,2,26,16,0,0,0,0,0,0,0,0,7,1,1,0,0,0,0,3,1,1,0,KRBKRNvK,DRAW,B7/8/r4k2/6R1/8/n6K/8/8 w - - 0 1
1,1,0,0,0,0,0,1,-1,1,0,1,1,1,0,0,0,0,0,16,0,0,4,5,5,6,1,2,4,29,23,0,0,0,0,0,0,0,0,7,1,1,1,0,0,0,2,2,1,1,KRBKRNvK,DRAW,8/R7/5K2/7r/8/4B3/6k1/5n2 w - - 0 1
0,1,0,0,0,0,0,1,-1,1,0,1,1,1,0,0,0,0,0,16,0,0,6,1,1,5,7,4,4,20,25,0,0,0,0,0,0,0,0,7,1,1,0,0,0,0,1,0,0,0,KRBKRNvK,DRAW,1B3k2/n7/r7/8/8/2R5/1K6/8 b - - 0 1
1,1,0,0,0,0,0,1,-1,1,0,1,1,1,0,0,0,0,0,16,0,0,2,6,3,4,1,2,2,27,18,0,0,0,0,0,0,0,0,7,1,1,0,0,0,0,2,0,0,0,KRBKRNvK,DRAW,8/r7/8/n7/6K1/7R/4k3/B7 w - - 0 1
0,1,0,0,0,0,0,1,-1,1,0,1,1,1,0,0,0,0,0,16,0,0,2,3,0,4,2,3,1,16,23,0,0,0,0,0,0,0,0,7,1,1,0,0,0,0,2,3,1,0,KRBKRNvK,DRAW,8/1n2r3/8/5R2/8/B3k3/8/3K4 b - - 0 1
0,1,0,0,0,0,0,1,-1,1,0,1,1,1,0,0,0,0,0,16,0,0,4,4,3,1,7,0,5,3,0,1,0,0,0,0,0,0,0,7,1,1,0,0,0,0,4,1,0,1,KRBKRNvK,DRAW,1kr5/8/8/8/1R2K3/3Bn3/8/8 b - - 0 1
0,1,0,0,0,0,0,1,-1,1,0,1,1,1,0,0,0,0,0,16,0,0,5,5,5,0,0,2,6,18,22,0,0,0,0,0,0,0,0,7,1,1,0,0,0,0,1,2,1,0,KRBKRNvK,DRAW,3B4/8/5K2/8/8/7n/2R5/k3r3 b - - 0 1
0,1,0,0,0,0,0,1,-1,1,0,1,1,1,0,0,0,0,0,16,0,0,2,0,7,2,5,6,2,29,20,0,0,0,0,0,0,0,0,7,1,1,0,0,0,0,0,2,0,0,KRBKRNvK,DRAW,K7/8/2k5/8/8/R2n4/3B4/6r1 b - - 0 1
0,1,0,0,0,0,0,1,-1,1,0,1,1,1,0,0,0,0,0,16,0,0,4,0,6,2,2,5,2,6,0,1,0,0,0,0,0,0,0,7,1,1,0,1,0,0,0,1,0,0,KRBKRNvK,DRAW,2R1B3/K7/8/8/3n4/2k5/2r5/8 b - - 0 1
1,1,0,0,0,0,0,1,-1,1,0,1,1,1,0,0,0,0,0,16,0,0,5,4,5,2,0,1,4,21,20,0,0,0,0,0,0,0,0,7,1,1,0,0,0,0,4,2,1,1,KRBKRNvK,DRAW,8/8/3RK3/8/5r2/8/8/1Bk1n3 w - - 0 1
0,1,0,0,0,0,0,1,-1,1,0,1,1,1,0,0,0,0,0,16,0,0,2,4,1,2,3,2,1,18,29,0,0,0,0,0,0,0,0,7,1,1,1,0,0,0,2,3,0,0,KRBKRNvK,DRAW,8/7R/5B2/2r5/2k5/7n/4K3/8 b - - 0 1
1,1,0,0,0,0,0,1,-1,1,0,1,1,1,0,0,0,0,0,16,0,0,5,2,1,6,6,3,4,28,23,0,0,0,0,0,0,0,0,7,1,1,0,0,0,0,1,2,0,0,KRBKRNvK,DRAW,2r5/6k1/2n5/8/5B2/5R2/2K5/8 w - - 0 1
0,1,0,0,0,0,0,1,-1,1,0,1,1,1,0,0,0,0,0,16,0,0,3,6,3,4,6,2,2,23,25,0,0,0,0,0,0,0,0,7,1,1,0,0,0,0,2,3,1,0,KRBKRNvK,DRAW,2B5/4k3/3r4/7R/6K1/8/3n4/8 b - - 0 1
0,1,0,0,0,0,0,1,-1,1,0,1,1,1,0,0,0,0,0,16,0,0,5,1,3,6,0,2,5,17,29,0,0,0,0,0,0,0,0,7,1,1,0,1,0,0,1,0,0,0,KRBKRNvK,DRAW,8/6n1/5R2/8/1K6/8/6r1/1B4k1 b - - 0 1
1,1,0,0,0,0,0,1,-1,1,0,1,1,1,0,0,0,0,0,16,0,0,4,3,5,7,4,1,3,25,24,0,0,0,0,0,0,0,0,7,1,1,0,0,0,0,2,1,0,1,KRBKRNvK,DRAW,5r2/8/3K4/6nk/8/R7/7B/8 w - - 0 1
1,1,0,0,0,0,0,1,-1,1,0,1,1,1,0,0,0,0,0,16,0,0,4,7,1,3,5,5,1,29,22,0,0,0,0,0,0,0,0,7,1,1,0,0,0,0,1,2,1,0,KRBKRNvK,DRAW,1r6/8/3k4/8/4B3/5R2/1n5K/8 w - - 0 1
0,1,0,0,0,0,0,1,-1,1,0,1,1,1,0,0,0,0,0,16,0,0,6,6,6,7,0,4,6,20,22,0,0,0,0,0,0,0,0,7,1,1,0,1,0,0,2,2,1,1,KRBKRNvK,WIN,8/6K1/5n2/8/8/6R1/5r2/B6k b - - 0 1
1,1,0,0,0,0,0,1,-1,1,0,1,1,1,0,0,0,0,0,16,0,0,6,6,6,4,0,4,3,23,20,0,0,0,0,0,0,0,0,7,1,1,1,1,0,0,2,2,1,0,KRBKRNvK,DRAW,8/6KR/n7/8/8/8/3r2B1/4k3 w - - 0 1
1,1,0,0,0,0,0,1,-1,1,0,1,1,1,0,0,0,0,0,16,0,0,6,7,6,1,3,5,2,26,27,0,0,0,0,0,0,0,0,7,1,1,1,1,0,0,2,1,0,0,KRBKRNvK,DRAW,8/6RK/5B2/8/1k6/4n3/5r2/8 w - - 0 1
0,1,0,0,0,0,0,1,-1,1,0,1,1,1,0,0,0,0,0,16,0,0,2,4,2,6,2,1,3,24,18,0,0,0,0,0,0,0,0,7,1,1,0,0,0,0,2,2,1,1,KRBKRNvK,DRAW,8/2r5/B7/8/8/2n1K1k1/8/4R3 b - - 0 1
1,1,0,0,0,0,0,1,-1,1,0,1,1,1,0,0,0,0,0,16,0,0,4,3,6,7,3,2,3,29,20,0,0,0,0,0,0,0,0,7,1,1,0,1,0,0,3,0,0,0,KRBKRNvK,DRAW,8/3K4/8/7n/7k/4R3/1r6/7B w - - 0 1
0,1,0,0,0,0,0,1,-1,1,0,1,1,1,0,0,0,0,0,16,0,0,6,0,1,6,4,5,2,27,21,0,0,0,0,0,0,0,0,7,1,1,1,0,0,0,2,1,0,0,KRBKRNvK,DRAW,B7/R7/6n1/6k1/8/8/K7/5r2 b - - 0 1
0,1,0,0,0,0,0,1,-1,1,0,1,1,1,0,0,0,0,0,16,0,0,2,0,1,2,1,5,3,23,23,0,0,0,0,0,0,0,0,7,1,1,0,0,0,0,2,1,0,0,KRBKRNvK,WIN,5R2/2r5/1n6/8/8/8/K1k5/7B b - - 0 1
1,1,0,0,0,0,0,1,-1,1,0,1,1,1,0,0,0,0,0,16,0,0,4,4,4,0,6,0,5,5,0,1,0,0,0,0,0,0,0,7,1,1,0,0,0,0,4,2,2,0,KRBKRNvK,DRAW,8/k7/B7/1R2K3/8/8/6n1/4r3 w - - 0 1
1,1,0,0,0,0,0,1,-1,1,0,1,1,1,0,0,0,0,0,16,0,0,5,5,2,0,0,2,6,30,19,0,0,0,0,0,0,0,0,7,1,1,0,1,0,0,3,0,0,0,KRBKRNvK,DRAW,5n2/8/8/7R/2B5/5K2/1r6/k7 w - - 0 1
1,1,0,0,0,0,0,1,-1,1,0,1,1,1,0,0,0,0,0,16,0,0,3,4,5,7,3,1,3,29,20,0,0,0,0,0,0,0,0,7,1,1,0,1,0,0,3,0,1,0,KRBKRNvK,DRAW,8/8/4K3/2B2R2/7k/8/6r1/1n6 w - - 0 1
0,1,0,0,0,0,0,1,-1,1,0,1,1,1,0,0,0,0,0,16,0,0,7,7,6,0,6,5,5,23,26,0,0,0,0,0,0,0,0,7,1,1,0,1,0,0,2,0,0,1,KRBKRNvK,DRAW,8/k5nK/6B1/8/3R4/8/1r6/8 b - - 0 1
0,1,0,0,0,0,0,1,-1,1,0,1,1,1,0,0,0,0,0,16,0,0,5,1,6,6,2,4,3,20,25,0,0,0,0,0,0,0,0,7,1,1,1,0,0,0,0,0,1,1,KRBKRNvK,DRAW,n7/1K3R2/7r/8/8/6k1/4B3/8 b - - 0 1
1,1,0,0,0,0,0,1,-1,1,0,1,1,1,0,0,0,0,0,16,0,0,5,7,1,3,6,5,2,20,21,0,0,0,0,0,0,0,0,7,1,1,0,0,0,0,0,2,1,0,KRBKRNvK,DRAW,4n3/B2k4/1R6/8/r7/8/7K/8 w - - 0 1
0,1,0,0,0,0,0,1,-1,1,0,1,1,1,0,0,0,0,0,16,0,0,3,4,4,5,1,0,3,21,22,0,0,0,0,0,0,0,0,7,1,1,0,1,0,0,4,2,0,0,KRBKRNvK,DRAW,8/7B/8/2R1K3/8/8/3r1k2/5n2 b - - 0 1
0,1,0,0,0,0,0,1,-1,1,0,1,1,1,0,0,0,0,0,16,0,0,6,0,0,6,0,6,5,3,0,1,0,0,0,0,0,0,0,7,1,1,0,0,0,0,2,1,0,0,KRBKRNvK,DRAW,7r/8/8/6R1/4B3/8/5n2/K5k1 b - - 0 1
1,1,0,0,0,0,0,1,-1,1,0,1,1,1,0,0,0,0,0,16,0,0,2,2,1,0,3,3,3,21,20,0,0,0,0,0,0,0,0,7,1,1,0,0,0,0,1,2,0,1,KRBKRNvK,WIN,3n4/8/8/5B1R/k2r4/8/2K5/8 w - - 0 1
1,1,0,0,0,0,0,1,-1,1,0,1,1,1,0,0,0,0,0,16,0,0,5,1,2,4,7,3,3,32,8,0,0,0,0,0,0,0,0,7,1,1,0,0,0,0,2,0,1,0,KRBKRNvK,DRAW,n3kr2/8/5B2/8/8/1K6/2R5/8 w - - 0 1
1,1,0,0,0,0,0,1,-1,1,0,1,1,1,0,0,0,0,0,16,0,0,3,3,0,6,3,3,2,23,19,0,0,0,0,0,0,0,0,7,1,1,0,0,0,0,1,0,0,0,KRBKRNvK,DRAW,7r/8/1B5n/8/6k1/8/8/R2K4 w - - 0 1
0,1,0,0,0,0,0,1,-1,1,0,1,1,1,0,0,0,0,0,16,0,0,6,7,5,1,6,4,4,17,22,0,0,0,0,0,0,0,0,7,1,1,0,0,0,0,0,1,2,1,KRBKRNvK,DRAW,8/rk1B4/2R4K/8/5n2/8/8/8 b - - 0 1
1,1,0,0,0,0,0,1,-1,1,0,1,1,1,0,0,0,0,0,16,0,0,6,7,0,1,1,6,4,3,0,1,0,0,0,0,0,0,0,7,1,1,0,0,0,0,1,0,0,1,KRBKRNvK,DRAW,1R6/8/1B6/8/8/8/1k6/2n2r1K w - - 0 1
0,1,0,0,0,0,0,1,-1,1,0,1,1,1,0,0,0,0,0,16,0,0,6,0,5,6,5,4,3,28,23,0,0,0,0,0,0,0,0,7,1,1,0,0,0,0,1,2,0,0,KRBKRNvK,DRAW,8/8/KR1B2k1/8/4r3/8/2n5/8 b - - 0 1
0,1,0,0,0,0,0,1,-1,1,0,1,1,1,0,0,0,0,0,16,0,0,3,5,6,2,3,3,1,6,0,1,0,0,0,0,0,0,0,7,1,1,1,0,0,0,0,2,0,0,KRBKRNvK,DRAW,8/2R2K2/8/8/1rk1n3/7B/8/8 b - - 0 1
0,1,0,0,0,0,0,1,-1,1,0,1,1,1,0,0,0,0,0,16,0,0,3,6,6,3,3,4,0,21,28,0,0,0,0,0,0,0,0,7,1,1,0,0,0,0,0,3,1,1,KRBKRNvK,DRAW,8/4B1K1/8/6n1/3k4/8/2R5/6r1 b - - 0 1
1,1,0,0,0,0,0,1,-1,1,0,1,1,1,0,0,0,0,0,16,0,0,2,4,5,5,7,1,4,4,0,1,0,0,0,0,0,0,0,7,1,1,0,0,0,0,2,0,0,0,KRBKRNvK,DRAW,5k2/8/1r2K3/7R/6B1/8/8/4n3 w - - 0 1
0,1,0,0,0,0,0,1,-1,1,0,1,1,1,0,0,0,0,0,16,0,0,4,7,4,3,0,3,3,27,28,0,0,0,0,0,0,0,0,7,1,1,0,0,0,0,2,0,0,0,KRBKRNvK,DRAW,5r2/8/8/3B3K/R2n4/8/8/3k4 b - - 0 1
0,1,0,0,0,0,0,1,-1,1,0,1,1,1,0,0,0,0,0,16,0,0,3,1,2,4,5,3,1,25,20,0,0,0,0,0,0,0,0,7,1,1,0,1,0,0,0,2,0,0,KRBKRNvK,DRAW,R2n4/8/4k3/8/8/1K6/6r1/3B4 b - - 0 1
1,1,0,0,0,0,0,1,-1,1,0,1,1,1,0,0,0,0,0,16,0,0,7,7,2,0,6,4,5,19,26,0,0,0,0,0,0,0,0,7,1,1,0,0,0,0,0,2,0,0,KRBKRNvK,DRAW,8/k7/8/2r5/3n4/7K/8/5BR1 w - - 0 1
1,1,0,0,0,0,0,1,-1,1,0,1,1,1,0,0,0,0,0,16,0,0,4,7,5,3,7,4,3,4,0,1,0,0,0,0,0,0,0,7,1,1,0,0,0,0,2,2,1,1,KRBKRNvK,DRAW,3k4/5n2/2B4K/8/4r3/1R6/8/8 w - - 0 1
0,1,0,0,0,0,0,1,-1,1,0,1,1,1,0,0,0,0,0,16,0,0,3,4,4,4,1,0,2,24,28,0,0,0,0,0,0,0,0,7,1,1,0,0,0,0,3,0,0,0,KRBKRNvK,DRAW,5r2/8/2R5/4K3/1B6/8/4k1n1/8 b - - 0 1
1,1,0,0,0,0,0,1,-1,1,0,1,1,1,0,0,0,0,0,16,0,0,3,3,2,4,5,1,1,26,22,0,0,0,0,0,0,0,0,7,1,1,1,0,0,0,2,4,0,1,KRBKRNvK,DRAW,8/R7/4k2n/8/5r1B/3K4/8/8 w - - 0 1
0,1,0,0,0,0,0,1,-1,1,0,1,1,1,0,0,0,0,0,16,0,0,5,2,1,0,6,3,5,4,0,1,0,0,0,0,0,0,0,7,1,1,0,0,0,0,2,0,0,1,KRBKRNvK,DRAW,8/k7/8/8/3B4/6r1/2K5/1n2R3 b - - 0 1
1,1,0,0,0,0,0,1,-1,1,0,1,1,1,0,0,0,0,0,16,0,0,4,5,3,1,0,1,5,30,22,0,0,0,0,0,0,0,0,7,1,1,0,0,0,0,3,2,0,0,KRBKRNvK,DRAW,8/3r4/8/6R1/5K2/8/4B3/1kn5 w - - 0 1
1,1,0,0,0,0,0,1,-1,1,0,1,1,1,0,0,0,0,0,16,0,0,6,3,7,3,1,3,2,2,0,1,0,0,0,0,0,0,0,7,1,1,0,0,0,0,3,1,1,0,KRBKRNvK,DRAW,r2K4/8/6n1/4R3/3B4/8/3k4/8 w - - 0 1
0,1,0,0,0,0,0,1,-1,1,0,1,1,1,0,0,0,0,0,16,0,0,5,0,7,3,2,6,1,5,0,1,0,0,0,0,0,0,0,7,1,1,0,0,0,0,2,2,0,1,KRBKRNvK,DRAW,K2R4/8/n7/8/6Br/3k4/8/8 b - - 0 1
0,1,0,0,0,0,0,1,-1,1,0,1,1,1,0,0,0,0,0,16,0,0,2,4,2,6,3,1,2,24,27,0,0,0,0,0,0,0,0,7,1,1,0,0,0,0,3,0,0,0,KRBKRNvK,DRAW,1R6/2r5/8/n7/6k1/4K3/1B6/8 b - - 0 1
1,1,0,0,0,0,0,1,-1,1,0,1,1,1,0,0,0,0,0,16,0,0,2,2,3,2,5,1,2,4,0,1,0,0,0,0,0,0,0,7,1,1,0,0,0,0,2,1,0,1,KRBKRNvK,DRAW,8/8/2k5/n7/2K4B/8/8/2R4r w - - 0 1
0,1,0,0,0,0,0,1,-1,1,0,1,1,1,0,0,0,0,0,16,0,0,2,2,2,4,4,2,0,21,23,0,0,0,0,0,0,0,0,7,1,1,0,0,0,0,3,3,1,0,KRBKRNvK,DRAW,8/8/1r6/4k2n/3R4/2K5/5B2/8 b - - 0 1
0,1,0,0,0,0,0,1,-1,1,0,1,1,1,0,0,0,0,0,16,0,0,4,2,6,6,2,3,3,6,0,1,0,0,0,0,0,0,0,7,1,1,0,0,0,0,1,2,1,1,KRBKRNvK,LOSS,8/2K5/8/1R1r4/8/6k1/1n6/4B3 b - - 0 1
0,1,0,0,0,0,0,1,-1,1,0,1,1,1,0,0,0,0,0,16,0,0,5,5,4,0,2,1,4,25,24,0,0,0,0,0,0,0,0,7,1,1,0,0,0,0,4,1,0,1,KRBKRNvK,DRAW,8/5n2/1r6/5K2/7B/k7/8/3R4 b - - 0 1
0,1,0,0,0,0,0,1,-1,1,0,1,1,1,0,0,0,0,0,16,0,0,4,6,6,2,3,4,1,24,26,0,0,0,0,0,0,0,0,7,1,1,0,0,0,0,2,2,0,0,KRBKRNvK,DRAW,B2n4/6K1/8/8/2k5/1r6/8/6R1 b - - 0 1
1,1,0,0,0,0,0,1,-1,1,0,1,1,1,0,0,0,0,0,16,0,0,7,1,0,1,7,5,5,5,0,1,0,0,0,0,0,0,0,7,1,1,0,0,0,0,2,3,1,0,KRBKRNvK,DRAW,1kB5/8/8/1r6/8/4Rn2/8/1K6 w - - 0 1
0,1,0,0,0,0,0,1,-1,1,0,1,1,1,0,0,0,0,0,16,0,0,5,6,2,1,5,3,3,21,29,0,0,0,0,0,0,0,0,7,1,1,0,0,0,0,1,3,0,0,KRBKRNvK,DRAW,3r4/8/1kn2R2/8/8/1B4K1/8/8 b - - 0 1
0,1,0,0,0,0,0,1,-1,1,0,1,1,1,0,0,0,0,0,16,0,0,5,1,1,1,6,4,4,6,0,1,0,0,0,0,0,0,0,7,1,1,0,0,0,0,1,0,1,1,KRBKRNvK,DRAW,8/1k6/r7/3B4/8/8/1K3R2/2n5 b - - 0 1
1,1,0,0,0,0,0,1,-1,1,0,1,1,1,0,0,0,0,0,16,0,0,4,3,0,0,4,3,3,23,26,0,0,0,0,0,0,0,0,7,1,1,1,0,0,0,2,3,1,0,KRBKRNvK,DRAW,4r3/3R4/B7/k4n2/8/8/8/3K4 w - - 0 1
0,1,0,0,0,0,0,1,-1,1,0,1,1,1,0,0,0,0,0,16,0,0,4,7,3,3,1,3,2,21,24,0,0,0,0,0,0,0,0,7,1,1,0,0,0,0,2,0,1,0,KRBKRNvK,DRAW,4B3/8/r7/8/4R2K/8/3k4/1n6 b - - 0 1
0,1,0,0,0,0,0,1,-1,1,0,1,1,1,0,0,0,0,0,16,0,0,6,6,6,0,1,4,5,20,26,0,0,0,0,0,0,0,0,7,1,1,0,0,0,0,2,0,0,1,KRBKRNvK,DRAW,6n1/6K1/1r6/7B/8/4R3/k7/8 b - - 0 1
1,1,0,0,0,0,0,1,-1,1,0,1,1,1,0,0,0,0,0,16,0,0,3,4,3,7,5,0,4,22,21,0,0,0,0,0,0,0,0,7,1,1,0,0,0,0,4,0,0,0,KRBKRNvK,DRAW,8/8/7k/4R3/4K3/n7/2B5/6r1 w - - 0 1
1,1,0,0,0,0,0,1,-1,1,0,1,1,1,0,0,0,0,0,16,0,0,3,2,3,1,0,1,5,6,0,1,0,0,0,0,0,0,0,7,1,1,0,0,0,0,2,0,1,1,KRBKRNvK,DRAW,8/5r2/8/n7/2K5/2R5/8/1k2B3 w - - 0 1
0,1,0,0,0,0,0,1,-1,1,0,1,1,1,0,0,0,0,0,16,0,0,5,7,5,2,2,4,2,5,0,1,0,0,0,0,0,0,0,7,1,1,0,0,0,0,2,2,2,0,KRBKRNvK,DRAW,8/8/rn5K/8/8/2k1R3/8/1B6 b - - 0 1
0,1,0,0,0,0,0,1,-1,1,0,1,1,1,0,0,0,0,0,16,0,0,2,1,2,3,2,3,1,21,13,0,0,0,0,0,0,0,0,7,1,1,1,0,0,0,0,3,0,0,KRBKRNvK,DRAW,5B2/r3n1R1/8/8/8/1K1k4/8/8 b - - 0 1
1,1,0,0,0,0,0,1,-1,1,0,1,1,1,0,0,0,0,0,16,0,0,3,6,5,3,6,3,2,29,13,0,0,0,0,0,0,0,0,7,1,1,0,0,0,0,3,0,2,0,KRBKRNvK,DRAW,3r4/1B1k4/4R1K1/8/8/8/8/3n4 w - - 0 1
1,1,0,0,0,0,0,1,-1,1,0,1,1,1,0,0,0,0,0,16,0,0,7,0,6,7,6,5,5,26,24,0,0,0,0,0,0,0,0,7,1,1,0,0,0,0,2,2,0,0,KRBKRNvK,DRAW,8/K6k/3R4/4n3/5r2/8/B7/8 w - - 0 1
0,1,0,0,0,0,0,1,-1,1,0,1,1,1,0,0,0,0,0,16,0,0,5,7,6,4,1,5,2,11,19,0,0,0,0,0,0,0,0,7,1,1,0,0,0,0,0,2,0,0,KRBKRNvK,DRAW,8/7K/B6R/8/2r5/8/4k3/3n4 b - - 0 1
0,1,0,0,0,0,0,1,-1,1,0,1,1,1,0,0,0,0,0,16,0,0,3,1,7,1,4,5,2,26,20,0,0,0,0,0,0,0,0,7,1,1,0,0,0,0,2,2,0,1,KRBKRNvK,DRAW,1K6/8/2r5/1k5B/5R2/5n2/8/8 b - - 0 1
0,1,0,0,0,0,0,1,-1,1,0,1,1,1,0,0,0,0,0,16,0,0,4,0,4,4,2,3,1,6,0,1,0,0,0,0,0,0,0,7,1,1,0,0,0,0,1,2,1,0,KRBKRNvK,LOSS,8/B7/8/K7/8/4k3/n7/2R3r1 b - - 0 1
0,1,0,0,0,0,0,1,-1,1,0,1,1,1,0,0,0,0,0,16,0,0,3,1,4,1,7,2,5,22,28,0,0,0,0,0,0,0,0,7,1,1,0,0,0,0,2,0,0,0,KRBKRNvK,DRAW,1k6/6r1/7n/1K6/1R6/4B3/8/8 b - - 0 1
1,1,0,0,0,0,0,1,-1,1,0,1,1,1,0,0,0,0,0,16,0,0,3,3,5,6,5,1,3,26,28,0,0,0,0,0,0,0,0,7,1,1,0,0,0,0,3,1,0,0,KRBKRNvK,DRAW,1R6/8/3K2k1/8/8/6n1/8/2r4B w - - 0 1
1,1,0,0,0,0,0,1,-1,1,0,1,1,1,0,0,0,0,0,16,0,0,4,1,1,2,5,4,2,7,0,1,0,0,0,0,0,0,0,7,1,1,0,1,0,0,1,2,0,0,KRBKRNvK,DRAW,8/8/2k5/1n6/8/4B3/1K5r/6R1 w - - 0 1
0,1,0,0,0,0,0,1,-1,1,0,1,1,1,0,0,0,0,0,16,0,0,5,7,7,2,4,6,1,6,0,1,0,0,0,0,0,0,0,7,1,1,0,0,0,0,2,4,1,0,KRBKRNvK,DRAW,7K/8/4r3/2k4R/B7/8/8/7n b - - 0 1
0,1,0,0,0,0,0,1,-1,1,0,1,1,1,0,0,0,0,0,16,0,0,7,6,7,2,0,5,4,20,17,0,0,0,0,0,0,0,0,7,1,1,0,1,0,0,1,1,0,0,KRBKRNvK,DRAW,6K1/7B/8/8/8/8/2r2nR1/2k5 b - - 0 1
1,1,0,0,0,0,0,1,-1,1,0,1,1,1,0,0,0,0,0,16,0,0,5,0,4,5,3,3,1,4,0,1,0,0,0,0,0,0,0,7,1,1,0,1,0,0,1,2,1,1,KRBKRNvK,DRAW,7R/8/8/K7/2nB1k2/8/7r/8 w - - 0 1
0,1,0,0,0,0,0,1,-1,1,0,1,1,1,0,0,0,0,0,16,0,0,6,1,2,7,5,3,4,23,28,0,0,0,0,0,0,0,0,7,1,1,0,0,0,0,1,1,0,0,KRBKRNvK,DRAW,8/5n2/r6k/3B4/8/1K6/5R2/8 b - - 0 1
1,1,0,0,0,0,0,1,-1,1,0,1,1,1,0,0,0,0,0,16,0,0,7,0,1,7,7,5,6,25,18,0,0,0,0,0,0,0,0,7,1,1,0,0,0,0,2,2,0,1,KRBKRNvK,DRAW,7k/1B6/7n/8/1r6/8/K7/6R1 w - - 0 1
0,1,0,0,0,0,0,1,-1,1,0,1,1,1,0,0,0,0,0,16,0,0,6,6,0,0,1,5,5,20,30,0,0,0,0,0,0,0,0,7,1,1,0,0,0,0,1,0,0,0,KRBKRNvK,DRAW,5R2/1r4n1/8/8/8/3B4/k7/6K1 b - - 0 1
0,1,0,0,0,0,0,1,-1,1,0,1,1,1,0,0,0,0,0,16,0,0,3,7,4,5,7,3,4,4,0,1,0,0,0,0,0,0,0,7,1,1,0,0,0,0,2,0,0,1,KRBKRNvK,DRAW,5k2/8/r7/7K/1B2R2n/8/8/8 b - - 0 1
1,1,0,0,0,0,0,1,-1,1,0,1,1,1,0,0,0,0,0,16,0,0,7,0,7,6,0,6,5,25,21,0,0,0,0,0,0,0,0,7,1,1,1,0,0,0,2,0,0,2,KRBKRNvK,DRAW,K1n5/3R4/1r6/8/2B5/8/8/6k1 w - - 0 1
0,1,0,0,0,0,0,1,-1,1,0,1,1,1,0,0,0,0,0,16,0,0,6,6,0,0,6,5,5,24,24,0,0,0,0,0,0,0,0,7,1,1,0,0,0,0,2,1,0,0,KRBKRNvK,DRAW,5B2/k7/7r/1n6/8/8/4R3/6K1 b - - 0 1
0,1,0,0,0,0,0,1,-1,1,0,1,1,1,0,0,0,0,0,16,0,0,2,2,2,0,3,2,3,25,28,0,0,0,0,0,0,0,0,7,1,1,1,0,0,0,3,2,0,0,KRBKRNvK,DRAW,8/3R4/2n5/8/k7/2K2B2/8/7r b - - 0 1
0,1,0,0,0,0,0,1,-1,1,0,1,1,1,0,0,0,0,0,16,0,0,5,7,5,2,7,4,4,27,21,0,0,0,0,0,0,0,0,7,1,1,0,1,0,0,2,2,0,0,KRBKRNvK,DRAW,2k5/8/7K/3n2R1/8/1B6/4r3/8 b - - 0 1
1,1,0,0,0,0,0,1,-1,1,0,1,1,1,0,0,0,0,0,16,0,0,4,5,3,5,7,1,4,30,17,0,0,0,0,0,0,0,0,7,1,1,0,0,0,0,2,0,0,1,KRBKRNvK,DRAW,r4k2/8/8/5B2/5K2/8/7n/6R1 w - - 0 1
0,1,0,0,0,0,0,1,-1,1,0,1,1,1,0,0,0,0,0,16,0,0,4,1,6,0,2,4,4,3,0,1,0,0,0,0,0,0,0,7,1,1,0,0,0,0,2,2,0,0,KRBKRNvK,DRAW,7B/1K6/8/7r/8/k4R2/n7/8 b - - 0 1
1,1,0,0,0,0,0,1,-1,1,0,1,1,1,0,0,0,0,0,16,0,0,2,4,1,5,3,2,1,21,24,0,0,0,0,0,0,0,0,7,1,1,0,0,0,0,0,3,0,1,KRBKRNvK,DRAW,8/3B4/8/3r4/4nk2/8/2R1K3/8 w - - 0 1
0,1,0,0,0,0,0,1,-1,1,0,1,1,1,0,0,0,0,0,16,0,0,3,7,3,7,0,3,6,19,24,0,0,0,0,0,0,0,0,7,1,1,0,1,0,0,2,1,0,1,KRBKRNvK,DRAW,8/8/8/1B1R4/7K/8/2r2n2/7k b - - 0 1
0,1,0,0,0,0,0,1,-1,1,0,1,1,1,0,0,0,0,0,16,0,0,4,7,7,6,3,6,2,22,22,0,0,0,0,0,0,0,0,7,1,1,0,0,0,0,0,0,0,1,KRBKRNvK,DRAW,1R5K/7n/8/B7/6k1/7r/8/8 b - - 0 1
1,1,0,0,0,0,0,1,-1,1,0,1,1,1,0,0,0,0,0,16,0,0,2,1,5,3,5,3,1,23,20,0,0,0,0,0,0,0,0,7,1,1,0,0,0,0,2,3,0,1,KRBKRNvK,DRAW,8/8/BK1k4/2r5/8/8/2n5/4R3 w - - 0 1
1,1,0,0,0,0,0,1,-1,1,0,1,1,1,0,0,0,0,0,16,0,0,3,1,3,4,2,2,1,20,22,0,0,0,0,0,0,0,0,7,1,1,0,0,0,0,1,3,0,1,KRBKRNvK,DRAW,8/8/1R4B1/4r3/1K6/4k3/3n4/8 w - - 0 1
1,1,0,0,0,0,0,1,-1,1,0,1,1,1,0,0,0,0,0,16,0,0,6,0,7,6,2,6,3,24,23,0,0,0,0,0,0,0,0,7,1,1,0,0,0,0,3,2,0,0,KRBKRNvK,DRAW,K7/7B/8/8/7n/4r1k1/8/3R4 w - - 0 1
0,1,0,0,0,0,0,1,-1,1,0,1,1,1,0,0,0,0,0,16,0,0,4,3,4,7,6,0,5,4,0,1,0,0,0,0,0,0,0,7,1,1,1,0,0,0,4,0,0,1,KRBKRNvK,LOSS,8/B2R3k/1r6/3K4/8/8/1n6/8 b - - 0 1
0,1,0,0,0,0,0,1,-1,1,0,1,1,1,0,0,0,0,0,16,0,0,6,7,0,4,6,6,2,24,27,0,0,0,0,0,0,0,0,7,1,1,0,0,0,0,1,0,0,1,KRBKRNvK,DRAW,6r1/4k3/8/8/4B3/R7/8/6nK b - - 0 1
1,1,0,0,0,0,0,1,-1,1,0,1,1,1,0,0,0,0,0,16,0,0,6,3,7,0,1,3,5,22,21,0,0,0,0,0,0,0,0,7,1,1,0,0,0,0,0,2,0,0,KRBKRNvK,DRAW,3K4/6n1/8/8/2r5/5R1B/k7/8 w - - 0 1
0,1,0,0,0,0,0,1,-1,1,0,1,1,1,0,0,0,0,0,16,0,0,4,5,5,6,1,2,4,20,25,0,0,0,0,0,0,0,0,7,1,1,0,1,0,0,2,1,0,0,KRBKRNvK,DRAW,8/8/1B3K1R/8/1n6/8/2r3k1/8 b - - 0 1
1,1,0,0,0,0,0,1,-1,1,0,1,1,1,0,0,0,0,0,16,0,0,5,0,1,5,5,5,2,26,15,0,0,0,0,0,0,0,0,7,1,1,1,0,0,0,3,1,1,0,KRBKRNvK,DRAW,8/3R4/5k2/8/8/8/K7/4nr1B w - - 0 1
0,1,0,0,0,0,0,1,-1,1,0,1,1,1,0,0,0,0,0,16,0,0,6,0,3,6,2,3,3,5,0,1,0,0,0,0,0,0,0,7,1,1,0,0,0,0,1,0,0,0,KRBKRNvK,LOSS,8/2B5/6rR/8/K7/6k1/6n1/8 b - - 0 1
1,1,0,0,0,0,0,1,-1,1,0,1,1,1,0,0,0,0,0,16,0,0,6,0,0,5,6,6,3,2,0,1,0,0,0,0,0,0,0,7,1,1,0,0,0,0,2,1,0,1,KRBKRNvK,DRAW,8/5k2/B7/8/7R/8/2n5/K5r1 w - - 0 1
0,1,0,0,0,0,0,1,-1,1,0,1,1,1,0,0,0,0,0,16,0,0,2,7,6,5,5,5,2,17,24,0,0,0,0,0,0,0,0,7,1,1,0,1,0,0,4,1,1,1,KRBKRNvK,DRAW,7n/7K/5k2/4R3/8/2B5/r7/8 b - - 0 1
0,1,0,0,0,0,0,1,-1,1,0,1,1,1,0,0,0,0,0,16,0,0,5,5,5,0,1,2,5,18,28,0,0,0,0,0,0,0,0,7,1,1,0,0,0,0,2,0,0,1,KRBKRNvK,DRAW,8/r7/5K1n/8/3B4/8/k7/4R3 b - - 0 1
1,1,0,0,0,0,0,1,-1,1,0,1,1,1,0,0,0,0,0,16,0,0,5,5,3,0,0,1,6,17,20,0,0,0,0,0,0,0,0,7,1,1,0,0,0,0,2,1,0,0,KRBKRNvK,DRAW,1B6/4n3/8/8/5K2/r7/5R2/k7 w - - 0 1
0,1,0,0,0,0,0,1,-1,1,0,1,1,1,0,0,0,0,0,16,0,0,3,2,2,5,2,2,2,21,24,0,0,0,0,0,0,0,0,7,1,1,0,0,0,0,3,1,1,0,KRBKRNvK,DRAW,8/r7/8/8/1B1R4/2K2k2/8/6n1 b - - 0 1
0,1,0,0,0,0,0,1,-1,1,0,1,1,1,0,0,0,0,0,16,0,0,4,6,6,4,2,4,1,23,25,0,0,0,0,0,0,0,0,7,1,1,0,0,0,0,0,2,0,0,KRBKRNvK,DRAW,4B3/6K1/2R5/8/4n3/4k3/8/4r3 b - - 0 1
0,1,0,0,0,0,0,1,-1,1,0,1,1,1,0,0,0,0,0,16,0,0,5,6,7,4,2,5,1,6,0,1,0,0,0,0,0,0,0,7,1,1,0,0,0,0,2,3,1,1,KRBKRNvK,DRAW,5nK1/3r4/8/4R3/8/B3k3/8/8 b - - 0 1
0,1,0,0,0,0,0,1,-1,1,0,1,1,1,0,0,0,0,0,16,0,0,5,2,7,1,2,4,3,9,0,1,0,0,0,0,0,0,0,7,1,1,0,0,0,0,2,2,0,1,KRBKRNvK,DRAW,2Kn2B1/8/8/r5R1/8/1k6/8/8 b - - 0 1
1,1,0,0,0,0,0,1,-1,1,0,1,1,1,0,0,0,0,0,16,0,0,4,1,7,1,3,5,2,30,27,0,0,0,0,0,0,0,0,7,1,1,1,0,0,0,1,1,0,1,KRBKRNvK,DRAW,1K6/5R2/r7/8/1k2B3/1n6/8/8 w - - 0 1
0,1,0,0,0,0,0,1,-1,1,0,1,1,1,0,0,0,0,0,16,0,0,6,7,7,1,4,6,2,6,0,1,0,0,0,0,0,0,0,7,1,1,0,0,0,0,4,0,0,0,KRBKRNvK,DRAW,7K/1r6/8/1k2R3/8/8/1B5n/8 b - - 0 1
1,1,0,0,0,0,0,1,-1,1,0,1,1,1,0,0,0,0,0,16,0,0,3,5,5,2,5,2,2,6,0,1,0,0,0,0,0,0,0,7,1,1,0,0,0,0,1,2,1,0,KRBKRNvK,DRAW,1R6/8/2k2K2/8/8/2n2r2/8/5B2 w - - 0 1
1,1,0,0,0,0,0,1,-1,1,0,1,1,1,0,0,0,0,0,16,0,0,4,1,2,5,1,3,3,7,0,1,0,0,0,0,0,0,0,7,1,1,0,0,0,0,0,2,0,1,KRBKRNvK,DRAW,8/8/B6R/6r1/8/1K6/5k2/n7 w - - 0 1
0,1,0,0,0,0,0,1,-1,1,0,1,1,1,0,0,0,0,0,16,0,0,2,4,5,5,7,1,4,20,24,0,0,0,0,0,0,0,0,7,1,1,0,0,0,0,2,0,1,1,KRBKRNvK,DRAW,3B1k2/5r2/4K3/nR6/8/8/8/8 b - - 0 1
1,1,0,0,0,0,0,1,-1,1,0,1,1,1,0,0,0,0,0,16,0,0,5,4,0,7,5,3,4,22,22,0,0,0,0,0,0,0,0,7,1,1,0,0,0,0,3,0,0,1,KRBKRNvK,DRAW,4n3/8/7k/8/8/2r3B1/8/3RK3 w - - 0 1
1,1,0,0,0,0,0,1,-1,1,0,1,1,1,0,0,0,0,0,16,0,0,3,3,7,3,4,3,0,19,24,0,0,0,0,0,0,0,0,7,1,1,0,0,0,0,1,3,0,0,KRBKRNvK,DRAW,3K4/8/8/3k4/1r6/8/8/RB4n1 w - - 0 1
1,1,0,0,0,0,0,1,-1,1,0,1,1,1,0,0,0,0,0,16,0,0,4,3,1,6,5,2,3,24,22,0,0,0,0,0,0,0,0,7,1,1,0,0,0,0,1,2,0,0,KRBKRNvK,DRAW,8/4r3/6k1/8/n7/4B3/1R1K4/8 w - - 0 1
0,1,0,0,0,0,0,1,-1,1,0,1,1,1,0,0,0,0,0,16,0,0,3,4,4,6,7,0,5,19,26,0,0,0,0,0,0,0,0,7,1,1,0,0,0,0,4,2,0,1,KRBKRNvK,DRAW,6k1/8/8/R3K3/6r1/3B4/8/7n b - - 0 1
0,1,0,0,0,0,0,1,-1,1,0,1,1,1,0,0,0,0,0,16,0,0,2,2,2,1,0,2,5,2,0,1,0,0,0,0,0,0,0,7,1,1,0,0,0,0,1,2,1,0,KRBKRNvK,DRAW,8/5r2/8/8/B7/2K2n2/1R6/1k6 b - - 0 1
0,1,0,0,0,0,0,1,-1,1,0,1,1,1,0,0,0,0,0,16,0,0,3,3,6,6,6,2,4,19,27,0,0,0,0,0,0,0,0,7,1,1,0,0,0,0,2,1,0,0,KRBKRNvK,DRAW,6r1/3K2k1/8/2B5/1n2R3/8/8/8 b - - 0 1
0,1,0,0,0,0,0,1,-1,1,0,1,1,1,0,0,0,0,0,16,0,0,6,7,0,3,6,6,2,22,23,0,0,0,0,0,0,0,0,7,1,1,0,0,0,0,1,1,0,0,KRBKRNvK,DRAW,2r5/3k4/8/2n5/2B5/2R5/8/7K b - - 0 1
0,1,0,0,0,0,0,1,-1,1,0,1,1,1,0,0,0,0,0,16,0,0,5,0,4,5,5,3,2,5,0,1,0,0,0,0,0,0,0,7,1,1,0,0,0,0,0,2,2,0,KRBKRNvK,DRAW,8/6n1/5k2/K5BR/8/8/8/4r3 b - - 0 1
0,1,0,0,0,0,0,1,-1,1,0,1,1,1,0,0,0,0,0,16,0,0,6,5,6,4,0,3,3,13,23,0,0,0,0,0,0,0,0,7,1,1,1,0,0,0,3,0,0,2,KRBKRNvK,DRAW,B5nr/3R1K2/8/8/8/8/8/4k3 b - - 0 1
1,1,0,0,0,0,0,1,-1,1,0,1,1,1,0,0,0,0,0,16,0,0,5,5,2,6,7,2,5,27,20,0,0,0,0,0,0,0,0,7,1,1,1,1,0,0,2,0,1,0,KRBKRNvK,DRAW,6k1/7R/8/n7/8/5KB1/2r5/8 w - - 0 1
1,1,0,0,0,0,0,1,-1,1,0,1,1,1,0,0,0,0,0,16,0,0,3,4,3,7,4,0,3,5,0,1,0,0,0,0,0,0,0,7,1,1,0,0,0,0,4,3,0,1,KRBKRNvK,DRAW,8/8/8/B6k/r3Kn2/8/8/4R3 w - - 0 1
0,1,0,0,0,0,0,1,-1,1,0,1,1,1,0,0,0,0,0,16,0,0,2,4,4,2,2,0,2,5,0,1,0,0,0,0,0,0,0,7,1,1,1,0,0,0,3,1,0,0,KRBKRNvK,DRAW,r1n5/2R5/8/4K3/7B/2k5/8/8 b - - 0 1
0,1,0,0,0,0,0,1,-1,1,0,1,1,1,0,0,0,0,0,16,0,0,2,2,0,1,2,4,3,23,20,0,0,0,0,0,0,0,0,7,1,1,0,0,0,0,2,2,0,0,KRBKRNvK,DRAW,5B2/8/3R4/7n/r7/1k6/8/2K5 b - - 0 1
1,1,0,0,0,0,0,1,-1,1,0,1,1,1,0,0,0,0,0,16,0,0,6,1,5,7,1,3,5,7,0,1,0,0,0,0,0,0,0,7,1,1,0,0,0,0,2,2,0,1,KRBKRNvK,DRAW,8/8/1K6/4R1B1/1r6/7n/7k/8 w - - 0 1
1,1,0,0,0,0,0,1,-1,1,0,1,1,1,0,0,0,0,0,16,0,0,3,0,7,3,5,6,1,22,24,0,0,0,0,0,0,0,0,7,1,1,0,0,0,0,1,2,0,1,KRBKRNvK,WIN,K7/B1r5/3k4/n7/8/7R/8/8 w - - 0 1
0,1,0,0,0,0,0,1,-1,1,0,1,1,1,0,0,0,0,0,16,0,0,3,5,4,2,7,1,4,3,0,1,0,0,0,0,0,0,0,7,1,1,0,0,0,0,3,1,0,1,KRBKRNvK,DRAW,2k2R2/8/7r/2B2K2/8/8/2n5/8 b - - 0 1
0,1,0,0,0,0,0,1,-1,1,0,1,1,1,0,0,0,0,0,16,0,0,5,6,4,1,3,2,2,21,29,0,0,0,0,0,0,0,0,7,1,1,0,0,0,0,1,1,0,2,KRBKRNvK,DRAW,R7/8/5r2/4BnK1/1k6/8/8/8 b - - 0 1
0,1,0,0,0,0,0,1,-1,1,0,1,1,1,0,0,0,0,0,16,0,0,2,5,2,6,4,2,2,26,16,0,0,0,0,0,0,0,0,7,1,1,0,0,0,0,1,3,0,0,KRBKRNvK,DRAW,3R4/3n4/8/6k1/2r5/5K2/B7/8 b - - 0 1
0,1,0,0,0,0,0,1,-1,1,0,1,1,1,0,0,0,0,0,16,0,0,3,4,3,7,1,0,5,4,0,1,0,0,0,0,0,0,0,7,1,1,0,0,0,0,4,1,0,0,KRBKRNvK,DRAW,5B2/5n2/8/8/4K3/8/4R2k/r7 b - - 0 1
0,1,0,0,0,0,0,1,-1,1,0,1,1,1,0,0,0,0,0,16,0,0,7,1,7,6,0,5,5,18,22,0,0,0,0,0,0,0,0,7,1,1,0,0,0,0,3,1,1,0,KRBKRNvK,DRAW,1K6/8/8/r1n5/7R/8/8/6kB b - - 0 1
0,1,0,0,0,0,0,1,-1,1,0,1,1,1,0,0,0,0,0,16,0,0,2,3,3,2,1,0,3,20,25,0,0,0,0,0,0,0,0,7,1,1,0,1,0,0,4,1,1,1,KRBKRNvK,DRAW,8/8/5B2/8/3K4/R7/2kn2r1/8 b - - 0 1
0,1,0,0,0,0,0,1,-1,1,0,1,1,1,0,0,0,0,0,16,0,0,3,0,3,0,6,3,5,24,25,0,0,0,0,0,0,0,0,7,1,1,0,1,0,0,1,1,0,0,KRBKRNvK,DRAW,6B1/k7/3n4/8/K7/8/5r2/1R6 b - - 0 1
0,1,0,0,0,0,0,1,-1,1,0,1,1,1,0,0,0,0,0,16,0,0,5,5,1,0,6,3,5,20,28,0,0,0,0,0,0,0,0,7,1,1,0,0,0,0,3,2,0,0,KRBKRNvK,DRAW,8/k7/3r3n/8/7R/8/5KB1/8 b - - 0 1
0,1,0,0,0,0,0,1,-1,1,0,1,1,1,0,0,0,0,0,16,0,0,4,0,6,0,2,5,4,21,28,0,0,0,0,0,0,0,0,7,1,1,0,0,0,0,2,1,0,1,KRBKRNvK,DRAW,8/K7/1r6/3B4/5Rn1/k7/8/8 b - - 0 1
0,1,0,0,0,0,0,1,-1,1,0,1,1,1,0,0,0,0,0,16,0,0,2,4,4,4,6,0,2,21,24,0,0,0,0,0,0,0,0,7,1,1,0,0,0,0,3,2,0,1,KRBKRNvK,DRAW,8/B3k3/8/4K3/8/3r4/8/n1R5 b - - 0 1
1,1,0,0,0,0,0,1,-1,1,0,1,1,1,0,0,0,0,0,16,0,0,5,7,6,2,6,5,3,27,18,0,0,0,0,0,0,0,0,7,1,1,0,0,0,0,3,0,0,0,KRBKRNvK,DRAW,8/r1k4K/8/8/2B3R1/8/8/7n w - - 0 1
0,1,0,0,0,0,0,1,-1,1,0,1,1,1,0,0,0,0,0,16,0,0,4,1,6,1,2,4,3,25,28,0,0,0,0,0,0,0,0,7,1,1,0,0,0,0,3,2,0,1,KRBKRNvK,DRAW,8/nK6/8/8/6r1/1k3B2/8/4R3 b - - 0 1
1,1,0,0,0,0,0,1,-1,1,0,1,1,1,0,0,0,0,0,16,0,0,6,1,4,7,2,2,4,6,0,1,0,0,0,0,0,0,0,7,1,1,0,1,0,0,1,3,0,1,KRBKRNvK,DRAW,8/B7/8/RK6/8/2n4k/4r3/8 w - - 0 1
1,1,0,0,0,0,0,1,-1,1,0,1,1,1,0,0,0,0,0,16,0,0,4,3,7,6,3,3,2,16,24,0,0,0,0,0,0,0,0,7,1,1,0,1,0,0,1,2,0,1,KRBKRNvK,DRAW,1n1K4/8/8/8/6k1/8/4r3/RB6 w - - 0 1
0,1,0,0,0,0,0,1,-1,1,0,1,1,1,0,0,0,0,0,16,0,0,2,5,0,3,1,4,2,4,0,1,0,0,0,0,0,0,0,7,1,1,0,0,0,0,2,0,0,0,KRBKRNvK,DRAW,2r5/n7/8/6B1/6R1/8/3k4/5K2 b - - 0 1
0,1,0,0,0,0,0,1,-1,1,0,1,1,1,0,0,0,0,0,16,0,0,2,3,6,1,4,2,2,22,23,0,0,0,0,0,0,0,0,7,1,1,0,0,0,0,2,3,1,1,KRBKRNvK,DRAW,8/2nK4/8/1k6/2r5/1B6/8/4R3 b - - 0 1
0,1,0,0,0,0,0,1,-1,1,0,1,1,1,0,0,0,0,0,16,0,0,2,5,6,4,4,3,0,20,26,0,0,0,0,0,0,0,0,7,1,1,0,1,0,0,2,3,2,0,KRBKRNvK,DRAW,8/5K2/2B5/4k3/8/n4R2/3r4/8 b - - 0 1
0,1,0,0,0,0,0,1,-1,1,0,1,1,1,0,0,0,0,0,16,0,0,6,5,1,1,7,3,5,2,0,1,0,0,0,0,0,0,0,7,1,1,1,0,0,0,2,1,2,1,KRBKRNvK,DRAW,1k6/B2R4/8/8/8/1n4r1/5K2/8 b - - 0 1
0,1,0,0,0,0,0,1,-1,1,0,1,1,1,0,0,0,0,0,16,0,0,7,4,0,3,7,3,3,4,0,1,0,0,0,0,0,0,0,7,1,1,0,1,0,0,0,0,1,1,KRBKRNvK,DRAW,3k1R2/6n1/B7/8/8/8/2r5/4K3 b - - 0 1
1,1,0,0,0,0,0,1,-1,1,0,1,1,1,0,0,0,0,0,16,0,0,2,2,4,3,2,1,1,26,21,0,0,0,0,0,0,0,0,7,1,1,1,0,0,0,3,2,1,0,KRBKRNvK,DRAW,8/1R6/8/2K5/6r1/3k4/1B6/6n1 w - - 0 1
0,1,0,0,0,0,0,1,-1,1,0,1,1,1,0,0,0,0,0,16,0,0,3,5,3,2,5,1,2,4,0,1,0,0,0,0,0,0,0,7,1,1,1,0,0,0,2,1,1,0,KRBKRNvK,LOSS,8/1B3R2/r1k5/8/5K2/8/8/7n b - - 0 1
1,1,0,0,0,0,0,1,-1,1,0,1,1,1,0,0,0,0,0,16,0,0,3,3,2,0,4,1,3,27,20,0,0,0,0,0,0,0,0,7,1,1,0,0,0,0,2,2,0,1,KRBKRNvK,DRAW,2R5/3B4/n7/k7/8/3K4/8/4r3 w - - 0 1
0,1,0,0,0,0,0,1,-1,1,0,1,1,1,0,0,0,0,0,16,0,0,5,2,4,7,2,1,4,23,23,0,0,0,0,0,0,0,0,7,1,1,0,0,0,0,3,0,0,0,KRBKRNvK,DRAW,8/8/6r1/2K1R2n/B7/7k/8/8 b - - 0 1
1,1,0,0,0,0,0,1,-1,1,0,1,1,1,0,0,0,0,0,16,0,0,2,6,4,4,3,2,0,25,23,0,0,0,0,0,0,0,0,7,1,1,0,1,0,0,1,4,1,1,KRBKRNvK,DRAW,8/8/8/6K1/2B1k3/6n1/3r4/2R5 w - - 0 1
1,1,0,0,0,0,0,1,-1,1,0,1,1,1,0,0,0,0,0,16,0,0,4,6,3,3,7,2,3,3,0,1,0,0,0,0,0,0,0,7,1,1,1,0,0,0,0,1,1,2,KRBKRNvK,DRAW,3k4/5R2/B7/8/6K1/6r1/4n3/8 w - - 0 1
0,1,0,0,0,0,0,1,-1,1,0,1,1,1,0,0,0,0,0,16,0,0,5,2,6,7,1,3,5,22,28,0,0,0,0,0,0,0,0,7,1,1,0,0,0,0,2,3,1,1,KRBKRNvK,DRAW,8/1BK5/1n6/8/6r1/8/7k/5R2 b - - 0 1
1,1,0,0,0,0,0,1,-1,1,0,1,1,1,0,0,0,0,0,16,0,0,4,7,1,5,5,5,2,29,20,0,0,0,0,0,0,0,0,7,1,1,0,0,0,0,1,1,0,0,KRBKRNvK,WIN,8/7n/5k2/8/8/2r1B3/1R5K/8 w - - 0 1
0,1,0,0,0,0,0,1,-1,1,0,1,1,1,0,0,0,0,0,16,0,0,5,7,6,2,6,5,3,24,28,0,0,0,0,0,0,0,0,7,1,1,0,0,0,0,2,1,1,0,KRBKRNvK,DRAW,8/2k1B2K/8/8/6R1/8/3n4/2r5 b - - 0 1
0,1,0,0,0,0,0,1,-1,1,0,1,1,1,0,0,0,0,0,16,0,0,7,7,5,0,6,4,5,19,26,0,0,0,0,0,0,0,0,7,1,1,0,1,0,0,2,0,0,0,KRBKRNvK,DRAW,6R1/k7/7K/8/8/8/2r5/B6n b - - 0 1
1,1,0,0,0,0,0,1,-1,1,0,1,1,1,0,0,0,0,0,16,0,0,3,6,3,7,6,2,5,7,0,1,0,0,0,0,0,0,0,7,1,1,0,0,0,0,2,1,1,1,KRBKRNvK,DRAW,5B2/7k/6r1/1R6/2n3K1/8/8/8 w - - 0 1
0,1,0,0,0,0,0,1,-1,1,0,1,1,1,0,0,0,0,0,16,0,0,5,2,5,7,2,2,4,22,21,0,0,0,0,0,0,0,0,7,1,1,0,0,0,0,1,1,0,1,KRBKRNvK,DRAW,8/8/2K5/2n5/8/2r4k/R2B4/8 b - - 0 1
0,1,0,0,0,0,0,1,-1,1,0,1,1,1,0,0,0,0,0,16,0,0,2,2,2,0,1,2,5,3,0,1,0,0,0,0,0,0,0,7,1,1,0,0,0,0,2,0,0,0,KRBKRNvK,DRAW,8/8/7n/8/8/2K1B3/k2R4/5r2 b - - 0 1
0,1,0,0,0,0,0,1,-1,1,0,1,1,1,0,0,0,0,0,16,0,0,3,4,7,7,7,3,6,22,26,0,0,0,0,0,0,0,0,7,1,1,0,0,0,0,2,1,0,1,KRBKRNvK,DRAW,4K2k/5n2/8/5R2/1B6/r7/8/8 b - - 0 1
1,1,0,0,0,0,0,1,-1,1,0,1,1,1,0,0,0,0,0,16,0,0,3,3,4,2,7,0,4,21,20,0,0,0,0,0,0,0,0,7,1,1,0,0,0,0,4,0,0,1,KRBKRNvK,DRAW,2k2n2/8/5r2/3K4/3R4/8/7B/8 w - - 0 1
0,1,0,0,0,0,0,1,-1,1,0,1,1,1,0,0,0,0,0,16,0,0,4,2,3,5,7,1,4,22,20,0,0,0,0,0,0,0,0,7,1,1,0,0,0,0,3,2,0,1,KRBKRNvK,DRAW,5k2/8/8/3B4/2K5/1r3n2/8/3R4 b - - 0 1
1,1,0,0,0,0,0,1,-1,1,0,1,1,1,0,0,0,0,0,16,0,0,2,4,4,3,6,0,2,4,0,1,0,0,0,0,0,0,0,7,1,1,0,0,0,0,4,3,0,2,KRBKRNvK,DRAW,B7/3k4/4n3/4K1R1/8/4r3/8/8 w - - 0 1
1,1,0,0,0,0,0,1,-1,1,0,1,1,1,0,0,0,0,0,16,0,0,2,2,5,1,7,2,5,5,0,1,0,0,0,0,0,0,0,7,1,1,0,0,0,0,1,0,0,1,KRBKRNvK,LOSS,1k1n4/8/2K5/1B6/8/8/1R6/1r6 w - - 0 1
1,1,0,0,0,0,0,1,-1,1,0,1,1,1,0,0,0,0,0,16,0,0,4,0,5,4,5,4,1,5,0,1,0,0,0,0,0,0,0,7,1,1,0,0,0,0,1,2,2,1,KRBKRNvK,DRAW,6R1/8/K3k3/8/1n2B3/1r6/8/8 w - - 0 1
0,1,0,0,0,0,0,1,-1,1,0,1,1,1,0,0,0,0,0,16,0,0,3,2,7,2,4,4,1,6,0,1,0,0,0,0,0,0,0,7,1,1,0,0,0,0,0,2,1,0,KRBKRNvK,DRAW,2K5/8/7B/R1k5/8/5r2/8/2n5 b - - 0 1
1,1,0,0,0,0,0,1,-1,1,0,1,1,1,0,0,0,0,0,16,0,0,6,6,6,4,0,4,3,25,25,0,0,0,0,0,0,0,0,7,1,1,0,0,0,0,0,3,0,1,KRBKRNvK,DRAW,4r3/6K1/2n5/8/8/R6B/8/4k3 w - - 0 1
1,1,0,0,0,0,0,1,-1,1,0,1,1,1,0,0,0,0,0,16,0,0,4,1,7,5,5,5,2,27,24,0,0,0,0,0,0,0,0,7,1,1,0,0,0,0,2,2,0,0,KRBKRNvK,DRAW,1K4n1/8/5k2/7r/8/8/6B1/1R6 w - - 0 1
0,1,0,0,0,0,0,1,-1,1,0,1,1,1,0,0,0,0,0,16,0,0,7,7,2,0,5,4,4,5,0,1,0,0,0,0,0,0,0,7,1,1,0,0,0,0,0,0,1,0,KRBKRNvK,DRAW,1r2B3/8/k1R5/8/8/7K/8/1n6 b - - 0 1
0,1,0,0,0,0,0,1,-1,1,0,1,1,1,0,0,0,0,0,16,0,0,6,7,6,1,7,5,5,21,21,0,0,0,0,0,0,0,0,7,1,1,0,0,0,0,1,1,0,0,KRBKRNvK,DRAW,1k6/7K/8/8/5nr1/1B6/5R2/8 b - - 0 1
0,1,0,0,0,0,0,1,-1,1,0,1,1,1,0,0,0,0,0,16,0,0,3,2,3,1,0,1,5,19,27,0,0,0,0,0,0,0,0,7,1,1,0,0,0,0,3,1,1,1,KRBKRNvK,DRAW,R7/1r6/8/8/2K5/1nB5/8/1k6 b - - 0 1
0,1,0,0,0,0,0,1,-1,1,0,1,1,1,0,0,0,0,0,16,0,0,7,0,5,7,0,4,6,4,0,1,0,0,0,0,0,0,0,7,1,1,0,0,0,0,2,3,0,1,KRBKRNvK,DRAW,B7/8/K7/1n4r1/3R4/8/8/7k b - - 0 1
1,1,0,0,0,0,0,1,-1,1,0,1,1,1,0,0,0,0,0,16,0,0,2,2,7,3,5,4,1,25,22,0,0,0,0,0,0,0,0,7,1,1,0,0,0,0,1,2,0,0,KRBKRNvK,DRAW,2K5/5r2/3k4/7n/8/4B3/8/2R5 w - - 0 1
0,1,0,0,0,0,0,1,-1,1,0,1,1,1,0,0,0,0,0,16,0,0,7,0,4,7,2,3,4,24,24,0,0,0,0,0,0,0,0,7,1,1,0,0,0,0,3,2,1,0,KRBKRNvK,DRAW,8/4r3/3n4/K7/1R6/7k/8/7B b - - 0 1
0,1,0,0,0,0,0,1,-1,1,0,1,1,1,0,0,0,0,0,16,0,0,6,7,7,2,1,6,3,27,24,0,0,0,0,0,0,0,0,7,1,1,0,0,0,0,1,2,0,0,KRBKRNvK,DRAW,7K/5B2/1n5R/4r3/8/8/2k5/8 b - - 0 1
0,1,0,0,0,0,0,1,-1,1,0,1,1,1,0,0,0,0,0,16,0,0,4,2,4,6,3,1,2,16,27,0,0,0,0,0,0,0,0,7,1,1,0,0,0,0,3,0,0,0,KRBKRNvK,DRAW,8/1B6/8/2K5/6kr/8/2R5/1n6 b - - 0 1
1,1,0,0,0,0,0,1,-1,1,0,1,1,1,0,0,0,0,0,16,0,0,2,2,2,3,0,2,3,16,18,0,0,0,0,0,0,0,0,7,1,1,0,0,0,0,1,2,1,1,KRBKRNvK,DRAW,8/8/2R5/8/4r3/2K5/1B6/3k3n w - - 0 1
0,1,0,0,0,0,0,1,-1,1,0,1,1,1,0,0,0,0,0,16,0,0,2,2,2,4,2,2,1,23,24,0,0,0,0,0,0,0,0,7,1,1,0,0,0,0,2,2,0,1,KRBKRNvK,DRAW,8/8/6R1/8/r7/2K1k3/5n1B/8 b - - 0 1
0,1,0,0,0,0,0,1,-1,1,0,1,1,1,0,0,0,0,0,16,0,0,5,6,2,1,0,3,5,2,0,1,0,0,0,0,0,0,0,7,1,1,0,0,0,0,1,1,1,1,KRBKRNvK,DRAW,7r/8/8/6n1/8/6K1/B4R2/1k6 b - - 0 1
0,1,0,0,0,0,0,1,-1,1,0,1,1,1,0,0,0,0,0,16,0,0,2,4,5,2,5,1,2,4,0,1,0,0,0,0,0,0,0,7,1,1,0,0,0,0,2,2,1,0,KRBKRNvK,LOSS,8/8/R1k1K3/8/8/3rn3/8/1B6 b - - 0 1
1,1,0,0,0,0,0,1,-1,1,0,1,1,1,0,0,0,0,0,16,0,0,5,7,5,5,0,4,4,25,15,0,0,0,0,0,0,0,0,7,1,1,0,0,0,0,2,0,1,0,KRBKRNvK,DRAW,8/8/7K/6R1/8/8/3B4/r2n1k2 w - - 0 1
1,1,0,0,0,0,0,1,-1,1,0,1,1,1,0,0,0,0,0,16,0,0,6,1,5,7,7,3,6,28,18,0,0,0,0,0,0,0,0,7,1,1,1,0,0,0,0,1,1,0,KRBKRNvK,DRAW,7k/5R2/1K6/8/4n3/4r3/8/4B3 w - - 0 1
0,1,0,0,0,0,0,1,-1,1,0,1,1,1,0,0,0,0,0,16,0,0,4,1,0,5,3,5,1,21,23,0,0,0,0,0,0,0,0,7,1,1,0,0,0,0,0,2,0,0,KRBKRNvK,DRAW,3B4/r7/8/8/5k2/1R6/7n/1K6 b - - 0 1
1,1,0,0,0,0,0,1,-1,1,0,1,1,1,0,0,0,0,0,16,0,0,2,0,2,0,0,4,6,22,23,0,0,0,0,0,0,0,0,7,1,1,0,0,0,0,0,0,0,0,KRBKRNvK,WIN,5R2/8/7r/8/1B1n4/K7/8/k7 w - - 0 1
0,1,0,0,0,0,0,1,-1,1,0,1,1,1,0,0,0,0,0,16,0,0,2,3,2,1,0,1,5,18,28,0,0,0,0,0,0,0,0,7,1,1,1,0,0,0,3,0,0,0,KRBKRNvK,DRAW,8/2R3B1/1r6/8/7n/3K4/8/1k6 b - - 0 1
1,1,0,0,0,0,0,1,-1,1,0,1,1,1,0,0,0,0,0,16,0,0,3,4,3,7,6,0,5,25,23,0,0,0,0,0,0,0,0,7,1,1,0,0,0,0,3,2,0,2,KRBKRNvK,DRAW,8/7k/8/2r1n3/B3K3/8/3R4/8 w - - 0 1
0,1,0,0,0,0,0,1,-1,1,0,1,1,1,0,0,0,0,0,16,0,0,2,4,5,6,4,1,2,3,0,1,0,0,0,0,0,0,0,7,1,1,0,0,0,0,3,0,2,1,KRBKRNvK,DRAW,8/5r2/4K3/6k1/4R2B/n7/8/8 b - - 0 1
1,1,0,0,0,0,0,1,-1,1,0,1,1,1,0,0,0,0,0,16,0,0,3,4,4,1,5,0,3,22,20,0,0,0,0,0,0,0,0,7,1,1,0,0,0,0,4,0,1,1,KRBKRNvK,DRAW,7n/8/1k6/2R1K3/8/5r2/2B5/8 w - - 0 1
0,1,0,0,0,0,0,1,-1,1,0,1,1,1,0,0,0,0,0,16,0,0,2,2,7,0,5,4,4,19,26,0,0,0,0,0,0,0,0,7,1,1,0,1,0,0,1,0,0,1,KRBKRNvK,DRAW,2K5/1n6/k5B1/8/8/7R/r7/8 b - - 0 1
0,1,0,0,0,0,0,1,-1,1,0,1,1,1,0,0,0,0,0,16,0,0,5,7,4,2,6,3,3,6,0,1,0,0,0,0,0,0,0,7,1,1,1,1,0,0,2,1,0,1,KRBKRNvK,DRAW,8/2k4R/6n1/7K/8/8/r5B1/8 b - - 0 1
0,1,0,0,0,0,0,1,-1,1,0,1,1,1,0,0,0,0,0,16,0,0,3,3,7,4,4,3,0,5,0,1,0,0,0,0,0,0,0,7,1,1,1,0,0,0,1,3,1,1,KRBKRNvK,DRAW,3K4/4R3/5r2/4k3/8/1n5B/8/8 b - - 0 1
1,1,0,0,0,0,0,1,-1,1,0,1,1,1,0,0,0,0,0,16,0,0,6,0,1,6,0,5,5,26,18,0,0,0,0,0,0,0,0,7,1,1,0,0,0,0,0,0,1,0,KRBKRNvK,DRAW,8/8/6r1/B7/8/5R2/K6n/6k1 w - - 0 1
1,1,0,0,0,0,0,1,-1,1,0,1,1,1,0,0,0,0,0,16,0,0,3,7,3,4,2,3,1,24,20,0,0,0,0,0,0,0,0,7,1,1,0,0,0,0,0,3,1,0,KRBKRNvK,DRAW,8/8/8/4r3/7K/B3k3/2R5/4n3 w - - 0 1
1,1,0,0,0,0,0,1,-1,1,0,1,1,1,0,0,0,0,0,16,0,0,2,2,4,0,6,1,5,22,19,0,0,0,0,0,0,0,0,7,1,1,0,0,0,0,2,0,1,0,KRBKRNvK,DRAW,8/k5r1/8/1RK5/2B4n/8/8/8 w - - 0 1
0,1,0,0,0,0,0,1,-1,1,0,1,1,1,0,0,0,0,0,16,0,0,6,6,4,0,4,2,3,21,25,0,0,0,0,0,0,0,0,7,1,1,0,0,0,0,0,0,0,0,KRBKRNvK,DRAW,1n5R/1r6/8/k5K1/8/7B/8/8 b - - 0 1
0,1,0,0,0,0,0,1,-1,1,0,1,1,1,0,0,0,0,0,16,0,0,5,6,6,3,1,4,2,5,0,1,0,0,0,0,0,0,0,7,1,1,0,0,0,0,3,2,1,0,KRBKRNvK,DRAW,8/6K1/3R4/8/r7/8/1B1k4/4n3 b - - 0 1
0,1,0,0,0,0,0,1,-1,1,0,1,1,1,0,0,0,0,0,16,0,0,6,1,7,7,4,5,3,5,0,1,0,0,0,0,0,0,0,7,1,1,0,0,0,0,1,1,0,0,KRBKRNvK,DRAW,1K5R/6r1/8/5n1k/2B5/8/8/8 b - - 0 1
1,1,0,0,0,0,0,1,-1,1,0,1,1,1,0,0,0,0,0,16,0,0,5,7,7,6,2,6,3,23,19,0,0,0,0,0,0,0,0,7,1,1,0,0,0,0,0,2,1,1,KRBKRNvK,DRAW,7K/4r1n1/8/7B/8/6k1/1R6/8 w - - 0 1
0,1,0,0,0,0,0,1,-1,1,0,1,1,1,0,0,0,0,0,16,0,0,3,3,4,6,4,0,2,23,26,0,0,0,0,0,0,0,0,7,1,1,0,0,0,0,3,0,1,0,KRBKRNvK,DRAW,3n4/8/r7/3K2k1/8/5R2/8/6B1 b - - 0 1
0,1,0,0,0,0,0,1,-1,1,0,1,1,1,0,0,0,0,0,16,0,0,2,2,3,0,3,1,3,20,29,0,0,0,0,0,0,0,0,7,1,1,1,0,0,0,3,2,0,1,KRBKRNvK,LOSS,8/1R6/8/3n1r2/k1KB4/8/8/8 b - - 0 1
0,1,0,0,0,0,0,1,-1,1,0,1,1,1,0,0,0,0,0,16,0,0,6,4,1,2,7,2,4,23,27,0,0,0,0,0,0,0,0,7,1,1,0,0,0,0,3,1,1,0,KRBKRNvK,DRAW,2k5/1r6/3R4/2n5/8/8/4K3/7B b - - 0 1
1,1,0,0,0,0,0,1,-1,1,0,1,1,1,0,0,0,0,0,16,0,0,4,4,1,7,5,2,4,22,17,0,0,0,0,0,0,0,0,7,1,1,0,0,0,0,3,0,0,2,KRBKRNvK,DRAW,8/8/7k/8/8/8/3RK3/5nrB w - - 0 1
1,1,0,0,0,0,0,1,-1,1,0,1,1,1,0,0,0,0,0,16,0,0,7,0,6,7,3,5,3,22,22,0,0,0,0,0,0,0,0,7,1,1,1,0,0,0,0,2,0,0,KRBKRNvK,DRAW,8/K1RBr3/8/8/3n3k/8/8/8 w - - 0 1
0,1,0,0,0,0,0,1,-1,1,0,1,1,1,0,0,0,0,0,16,0,0,3,0,5,3,7,4,3,2,0,1,0,0,0,0,0,0,0,7,1,1,0,0,0,0,1,2,1,0,KRBKRNvK,DRAW,3k1R2/8/K7/4B3/3n2r1/8/8/8 b - - 0 1
0,1,0,0,0,0,0,1,-1,1,0,1,1,1,0,0,0,0,0,16,0,0,2,4,6,2,4,2,1,24,21,0,0,0,0,0,0,0,0,7,1,1,0,0,0,0,2,2,1,0,KRBKRNvK,DRAW,4R3/4K3/8/2k5/8/1nB5/8/5r2 b - - 0 1
0,1,0,0,0,0,0,1,-1,1,0,1,1,1,0,0,0,0,0,16,0,0,6,0,2,6,3,4,2,26,23,0,0,0,0,0,0,0,0,7,1,1,0,0,0,0,0,1,0,0,KRBKRNvK,DRAW,1r6/3n4/2R5/8/6k1/K7/8/5B2 b - - 0 1
0,1,0,0,0,0,0,1,-1,1,0,1,1,1,0,0,0,0,0,16,0,0,5,1,7,6,2,5,3,5,0,1,0,0,0,0,0,0,0,7,1,1,0,0,0,0,1,3,1,0,KRBKRNvK,DRAW,1K6/8/R7/4B3/8/3r2k1/5n2/8 b - - 0 1
1,1,0,0,0,0,0,1,-1,1,0,1,1,1,0,0,0,0,0,16,0,0,7,0,0,7,0,6,6,22,20,0,0,0,0,0,0,0,0,7,1,1,0,0,0,0,2,2,0,0,KRBKRNvK,WIN,3R2B1/n7/8/8/4r3/8/8/K6k w - - 0 1
1,1,0,0,0,0,0,1,-1,1,0,1,1,1,0,0,0,0,0,16,0,0,6,7,1,1,6,5,4,26,21,0,0,0,0,0,0,0,0,7,1,1,0,0,0,0,2,0,0,1,KRBKRNvK,DRAW,8/1k4r1/4B3/8/3R4/8/7K/6n1 w - - 0 1
0,1,0,0,0,0,0,1,-1,1,0,1,1,1,0,0,0,0,0,16,0,0,5,2,4,7,4,1,3,21,23,0,0,0,0,0,0,0,0,7,1,1,0,0,0,0,3,2,0,0,KRBKRNvK,DRAW,1n3R2/8/3B4/2K4k/6r1/8/8/8 b - - 0 1
0,1,0,0,0,0,0,1,-1,1,0,1,1,1,0,0,0,0,0,16,0,0,2,6,4,7,2,2,4,21,21,0,0,0,0,0,0,0,0,7,1,1,0,1,0,0,2,0,0,0,KRBKRNvK,DRAW,3B1n2/8/8/3R2K1/8/7k/r7/8 b - - 0 1
1,1,0,0,0,0,0,1,-1,1,0,1,1,1,0,0,0,0,0,16,0,0,5,1,2,2,7,3,4,26,18,0,0,0,0,0,0,0,0,7,1,1,0,0,0,0,1,2,1,0,KRBKRNvK,DRAW,2k5/3r4/3B1n2/8/8/1K6/1R6/8 w - - 0 1
0,1,0,0,0,0,0,1,-1,1,0,1,1,1,0,0,0,0,0,16,0,0,3,4,0,1,0,3,5,18,25,0,0,0,0,0,0,0,0,7,1,1,0,0,0,0,1,0,0,0,KRBKRNvK,DRAW,6R1/1r4n1/8/4B3/8/8/8/1k2K3 b - - 0 1
1,1,0,0,0,0,0,1,-1,1,0,1,1,1,0,0,0,0,0,16,0,0,6,5,1,2,7,3,4,31,20,0,0,0,0,0,0,0,0,7,1,1,0,0,0,0,3,1,0,0,KRBKRNvK,DRAW,2k5/4n3/2r5/R3B3/8/8/5K2/8 w - - 0 1
1,1,0,0,0,0,0,1,-1,1,0,1,1,1,0,0,0,0,0,16,0,0,4,3,3,7,4,0,3,21,17,0,0,0,0,0,0,0,0,7,1,1,0,0,0,0,4,0,0,0,KRBKRNvK,DRAW,3n4/8/7r/7k/3K4/2B5/8/2R5 w - - 0 1
1,1,0,0,0,0,0,1,-1,1,0,1,1,1,0,0,0,0,0,16,0,0,3,7,5,5,2,4,2,23,19,0,0,0,0,0,0,0,0,7,1,1,0,0,0,0,2,3,1,1,KRBKRNvK,DRAW,2n1B3/8/7K/5r2/8/5k2/4R3/8 w - - 0 1
1,1,0,0,0,0,0,1,-1,1,0,1,1,1,0,0,0,0,0,16,0,0,4,4,5,7,1,1,5,22,17,0,0,0,0,0,0,0,0,7,1,1,0,0,0,0,2,0,2,0,KRBKRNvK,DRAW,8/8/4K3/7n/8/8/7k/2r2BR1 w - - 0 1
1,1,0,0,0,0,0,1,-1,1,0,1,1,1,0,0,0,0,0,16,0,0,7,7,7,0,6,6,5,22,24,0,0,0,0,0,0,0,0,7,1,1,0,0,0,0,1,2,1,0,KRBKRNvK,DRAW,2R4K/k7/4n3/8/5r2/8/8/1B6 w - - 0 1
1,1,0,0,0,0,0,1,-1,1,0,1,1,1,0,0,0,0,0,16,0,0,5,7,4,2,5,3,2,23,21,0,0,0,0,0,0,0,0,7,1,1,0,0,0,0,2,1,1,0,KRBKRNvK,DRAW,3n2r1/8/2k5/7K/4R3/8/8/B7 w - - 0 1
0,1,0,0,0,0,0,1,-1,1,0,1,1,1,0,0,0,0,0,16,0,0,6,1,0,7,1,5,5,4,0,1,0,0,0,0,0,0,0,7,1,1,0,0,0,0,0,1,0,0,KRBKRNvK,DRAW,7r/8/8/2n5/B7/8/2R4k/1K6 b - - 0 1
1,1,0,0,0,0,0,1,-1,1,0,1,1,1,0,0,0,0,0,16,0,0,2,3,3,2,5,0,2,4,0,1,0,0,0,0,0,0,0,7,1,1,0,0,0,0,3,2,0,1,KRBKRNvK,DRAW,8/8/2kr4/8/3K4/n7/7R/3B4 w - - 0 1
0,1,0,0,0,0,0,1,-1,1,0,1,1,1,0,0,0,0,0,16,0,0,5,6,2,2,7,3,4,24,23,0,0,0,0,0,0,0,0,7,1,1,1,0,0,0,0,3,0,0,KRBKRNvK,DRAW,2k5/3n3R/8/8/r7/6K1/8/3B4 b - - 0 1
0,1,0,0,0,0,0,1,-1,1,0,1,1,1,0,0,0,0,0,16,0,0,4,7,4,6,0,3,5,20,30,0,0,0,0,0,0,0,0,7,1,1,0,0,0,0,1,2,0,0,KRBKRNvK,DRAW,5R2/8/8/3B3K/8/8/5n2/4r1k1 b - - 0 1
0,1,0,0,0,0,0,1,-1,1,0,1,1,1,0,0,0,0,0,16,0,0,4,7,4,3,3,3,0,4,0,1,0,0,0,0,0,0,0,7,1,1,0,1,0,0,3,4,0,0,KRBKRNvK,DRAW,8/6B1/8/R6K/3k4/8/3rn3/8 b - - 0 1
1,1,0,0,0,0,0,1,-1,1,0,1,1,1,0,0,0,0,0,16,0,0,6,0,7,4,1,6,2,3,0,1,0,0,0,0,0,0,0,7,1,1,1,1,0,0,2,1,1,1,KRBKRNvK,DRAW,K7/7R/1n6/8/8/2B5/4k2r/8 w - - 0 1
0,1,0,0,0,0,0,1,-1,1,0,1,1,1,0,0,0,0,0,16,0,0,5,7,6,2,4,5,1,6,0,1,0,0,0,0,0,0,0,7,1,1,0,0,0,0,2,4,0,1,KRBKRNvK,DRAW,3R1B2/5n1K/8/2k1r3/8/8/8/8 b - - 0 1
1,1,0,0,0,0,0,1,-1,1,0,1,1,1,0,0,0,0,0,16,0,0,4,7,6,4,2,5,1,25,22,0,0,0,0,0,0,0,0,7,1,1,0,0,0,0,2,3,0,1,KRBKRNvK,DRAW,8/7K/8/3r3n/1R6/4k2B/8/8 w - - 0 1
1,1,0,0,0,0,0,1,-1,1,0,1,1,1,0,0,0,0,0,16,0,0,2,5,6,3,5,3,1,7,0,1,0,0,0,0,0,0,0,7,1,1,0,0,0,0,0,2,0,0,KRBKRNvK,DRAW,8/5K2/3k4/8/3n2B1/R7/8/5r2 w - - 0 1
1,1,0,0,0,0,0,1,-1,1,0,1,1,1,0,0,0,0,0,16,0,0,5,4,2,7,7,1,6,24,18,0,0,0,0,0,0,0,0,7,1,1,0,1,0,0,3,0,0,1,KRBKRNvK,DRAW,7k/8/8/4R3/8/4K3/r3B3/4n3 w - - 0 1
0,1,0,0,0,0,0,1,-1,1,0,1,1,1,0,0,0,0,0,16,0,0,3,5,4,2,7,1,4,22,18,0,0,0,0,0,0,0,0,7,1,1,0,0,0,0,3,2,0,1,KRBKRNvK,DRAW,2k4B/1n6/4r3/5K1R/8/8/8/8 b - - 0 1
0,1,0,0,0,0,0,1,-1,1,0,1,1,1,0,0,0,0,0,16,0,0,6,6,5,0,2,3,4,19,29,0,0,0,0,0,0,0,0,7,1,1,1,0,0,0,0,2,0,0,KRBKRNvK,DRAW,8/5R2/6K1/6B1/8/k7/8/3rn3 b - - 0 1
0,1,0,0,0,0,0,1,-1,1,0,1,1,1,0,0,0,0,0,16,0,0,4,4,2,5,6,1,3,23,27,0,0,0,0,0,0,0,0,7,1,1,0,0,0,0,2,1,0,0,KRBKRNvK,DRAW,8/5k2/1nr5/8/8/4K3/8/1B4R1 b - - 0 1
1,1,0,0,0,0,0,1,-1,1,0,1,1,1,0,0,0,0,0,16,0,0,2,0,4,2,2,3,2,5,0,1,0,0,0,0,0,0,0,7,1,1,1,0,0,0,1,3,0,0,KRBKRNvK,DRAW,8/R7/8/K6r/3n1B2/2k5/8/8 w - - 0 1
0,1,0,0,0,0,0,1,-1,1,0,1,1,1,0,0,0,0,0,16,0,0,3,0,0,0,3,6,3,27,27,0,0,0,0,0,0,0,0,7,1,1,0,1,0,0,1,0,0,0,KRBKRNvK,DRAW,8/8/7R/3n4/k2B4/8/6r1/K7 b - - 0 1
1,1,0,0,0,0,0,1,-1,1,0,1,1,1,0,0,0,0,0,16,0,0,3,4,3,7,5,0,4,3,0,1,0,0,0,0,0,0,0,7,1,1,1,0,0,0,4,1,0,1,KRBKRNvK,DRAW,8/3R4/7k/3B3n/4Kr2/8/8/8 w - - 0 1
0,1,0,0,0,0,0,1,-1,1,0,1,1,1,0,0,0,0,0,16,0,0,5,7,0,6,5,6,3,19,24,0,0,0,0,0,0,0,0,7,1,1,0,0,0,0,3,0,1,0,KRBKRNvK,DRAW,8/8/1r4k1/8/5R2/8/n7/B6K b - - 0 1
1,1,0,0,0,0,0,1,-1,1,0,1,1,1,0,0,0,0,0,16,0,0,5,3,0,5,5,3,2,24,25,0,0,0,0,0,0,0,0,7,1,1,0,0,0,0,2,2,0,1,KRBKRNvK,DRAW,B1R5/8/5k2/7r/8/8/8/1n1K4 w - - 0 1
0,1,0,0,0,0,0,1,-1,1,0,1,1,1,0,0,0,0,0,16,0,0,7,2,0,2,7,4,4,3,0,1,0,0,0,0,0,0,0,7,1,1,0,0,0,0,3,2,1,1,KRBKRNvK,DRAW,2k1R2B/8/8/8/r7/8/1n6/2K5 b - - 0 1
0,1,0,0,0,0,0,1,-1,1,0,1,1,1,0,0,0,0,0,16,0,0,3,4,7,1,7,3,5,25,19,0,0,0,0,0,0,0,0,7,1,1,0,0,0,0,0,2,0,0,KRBKRNvK,DRAW,1k2K3/8/7B/5r2/R1n5/8/8/8 b - - 0 1
0,1,0,0,0,0,0,1,-1,1,0,1,1,1,0,0,0,0,0,16,0,0,2,7,2,6,0,4,5,1,0,1,0,0,0,0,0,0,0,7,1,1,0,0,0,0,2,1,0,0,KRBKRNvK,DRAW,8/7B/4n1r1/8/8/7K/8/3R2k1 b - - 0 1
0,1,0,0,0,0,0,1,-1,1,0,1,1,1,0,0,0,0,0,16,0,0,2,6,2,4,4,3,0,5,0,1,0,0,0,0,0,0,0,7,1,1,0,1,0,0,1,4,1,2,KRBKRNvK,LOSS,8/6B1/8/4k3/8/5nKR/5r2/8 b - - 0 1
0,1,0,0,0,0,0,1,-1,1,0,1,1,1,0,0,0,0,0,16,0,0,6,7,7,1,3,6,2,20,23,0,0,0,0,0,0,0,0,7,1,1,0,1,0,0,1,2,0,0,KRBKRNvK,DRAW,7K/2B5/8/8/1k6/6R1/3r2n1/8 b - - 0 1
0,1,0,0,0,0,0,1,-1,1,0,1,1,1,0,0,0,0,0,16,0,0,5,6,0,5,5,5,2,23,22,0,0,0,0,0,0,0,0,7,1,1,0,0,0,0,3,4,2,0,KRBKRNvK,DRAW,8/7B/5k2/7R/8/2nr4/8/6K1 b - - 0 1
0,1,0,0,0,0,0,1,-1,1,0,1,1,1,0,0,0,0,0,16,0,0,5,3,1,3,6,2,2,7,0,1,0,0,0,0,0,0,0,7,1,1,0,0,0,0,2,1,0,1,KRBKRNvK,DRAW,8/3k4/6r1/8/BR6/8/3K1n2/8 b - - 0 1
0,1,0,0,0,0,0,1,-1,1,0,1,1,1,0,0,0,0,0,16,0,0,7,5,7,7,0,4,6,4,0,1,0,0,0,0,0,0,0,7,1,1,1,0,0,0,2,1,0,0,KRBKRNvK,LOSS,5K2/1r3R2/2B5/8/8/8/3n4/7k b - - 0 1
1,1,0,0,0,0,0,1,-1,1,0,1,1,1,0,0,0,0,0,16,0,0,2,2,4,2,2,1,2,21,16,0,0,0,0,0,0,0,0,7,1,1,0,0,0,0,4,2,1,2,KRBKRNvK,DRAW,5B2/1r6/1n6/2K5/8/2k5/4R3/8 w - - 0 1
1,1,0,0,0,0,0,1,-1,1,0,1,1,1,0,0,0,0,0,16,0,0,7,7,6,0,2,5,4,22,24,0,0,0,0,0,0,0,0,7,1,1,0,0,0,0,1,2,1,0,KRBKRNvK,DRAW,8/7K/7R/8/5r2/k7/3n4/1B6 w - - 0 1
1,1,0,0,0,0,0,1,-1,1,0,1,1,1,0,0,0,0,0,16,0,0,4,7,3,7,7,3,6,22,20,0,0,0,0,0,0,0,0,7,1,1,0,0,0,0,2,2,0,0,KRBKRNvK,DRAW,2n4k/8/3r4/8/7K/4R3/8/2B5 w - - 0 1
1,1,0,0,0,0,0,1,-1,1,0,1,1,1,0,0,0,0,0,16,0,0,5,6,5,1,6,3,4,4,0,1,0,0,0,0,0,0,0,7,1,1,0,0,0,0,2,3,1,2,KRBKRNvK,DRAW,8/1k2n3/3R2K1/8/7r/8/B7/8 w - - 0 1
0,1,0,0,0,0,0,1,-1,1,0,1,1,1,0,0,0,0,0,16,0,0,4,6,2,6,6,3,4,8,0,1,0,0,0,0,0,0,0,7,1,1,1,0,0,0,2,0,0,0,KRBKRNvK,DRAW,4n3/1R4k1/8/8/8/2r2BK1/8/8 b - - 0 1
0,1,0,0,0,0,0,1,-1,1,0,1,1,1,0,0,0,0,0,16,0,0,7,2,7,4,0,4,3,22,21,0,0,0,0,0,0,0,0,7,1,1,0,0,0,0,1,0,0,0,KRBKRNvK,DRAW,1RK5/5B1n/8/8/8/6r1/8/4k3 b - - 0 1
0,1,0,0,0,0,0,1,-1,1,0,1,1,1,0,0,0,0,0,16,0,0,7,3,7,2,0,3,4,18,21,0,0,0,0,0,0,0,0,7,1,1,0,0,0,0,2,0,1,1,KRBKRNvK,DRAW,3K3B/8/2r5/n7/8/8/R7/2k5 b - - 0 1
1,1,0,0,0,0,0,1,-1,1,0,1,1,1,0,0,0,0,0,16,0,0,4,5,4,5,0,1,4,23,20,0,0,0,0,0,0,0,0,7,1,1,0,0,0,0,3,1,0,2,KRBKRNvK,DRAW,8/8/8/1R3K2/6n1/B5r1/8/5k2 w - - 0 1
1,1,0,0,0,0,0,1,-1,1,0,1,1,1,0,0,0,0,0,16,0,0,3,5,2,6,5,2,3,29,24,0,0,0,0,0,0,0,0,7,1,1,0,1,0,0,1,1,0,1,KRBKRNvK,DRAW,R7/8/6k1/8/8/3n1K2/2rB4/8 w - - 0 1
0,1,0,0,0,0,0,1,-1,1,0,1,1,1,0,0,0,0,0,16,0,0,4,5,6,2,2,3,2,24,22,0,0,0,0,0,0,0,0,7,1,1,1,1,0,0,1,3,0,1,KRBKRNvK,DRAW,8/R4K1n/1B6/8/8/2k5/4r3/8 b - - 0 1
0,1,0,0,0,0,0,1,-1,1,0,1,1,1,0,0,0,0,0,16,0,0,3,1,3,1,6,2,4,23,27,0,0,0,0,0,0,0,0,7,1,1,0,0,0,0,2,2,1,1,KRBKRNvK,DRAW,8/1kn5/3r4/R7/1K6/7B/8/8 b - - 0 1
1,1,0,0,0,0,0,1,-1,1,0,1,1,1,0,0,0,0,0,16,0,0,2,7,2,5,1,4,3,1,0,1,0,0,0,0,0,0,0,7,1,1,0,0,0,0,0,0,0,0,KRBKRNvK,LOSS,7r/8/8/1B6/3n4/1R5K/5k2/8 w - - 0 1
1,1,0,0,0,0,0,1,-1,1,0,1,1,1,0,0,0,0,0,16,0,0,2,5,2,4,4,2,0,4,0,1,0,0,0,0,0,0,0,7,1,1,1,0,0,0,1,3,1,1,KRBKRNvK,DRAW,1B6/1nR5/8/4k3/8/3r1K2/8/8 w - - 0 1
1,1,0,0,0,0,0,1,-1,1,0,1,1,1,0,0,0,0,0,16,0,0,2,5,4,7,5,1,4,4,0,1,0,0,0,0,0,0,0,7,1,1,0,0,0,0,2,0,0,1,KRBKRNvK,DRAW,8/8/7k/1B3K1r/8/1R6/7n/8 w - - 0 1
0,1,0,0,0,0,0,1,-1,1,0,1,1,1,0,0,0,0,0,16,0,0,5,7,5,2,5,4,2,22,26,0,0,0,0,0,0,0,0,7,1,1,1,0,0,0,0,3,1,0,KRBKRNvK,DRAW,2B5/5R2/2k4K/8/8/8/n7/4r3 b - - 0 1
1,1,0,0,0,0,0,1,-1,1,0,1,1,1,0,0,0,0,0,16,0,0,2,2,7,2,5,4,2,23,19,0,0,0,0,0,0,0,0,7,1,1,0,0,0,0,3,2,0,0,KRBKRNvK,DRAW,2K4B/8/2k4r/6R1/8/8/4n3/8 w - - 0 1
0,1,0,0,0,0,0,1,-1,1,0,1,1,1,0,0,0,0,0,16,0,0,4,4,2,3,6,1,2,8,0,1,0,0,0,0,0,0,0,7,1,1,0,0,0,0,3,1,0,0,KRBKRNvK,DRAW,1r6/3k4/8/1n6/8/3RK3/3B4/8 b - - 0 1
0,1,0,0,0,0,0,1,-1,1,0,1,1,1,0,0,0,0,0,16,0,0,4,2,7,6,3,4,2,24,22,0,0,0,0,0,0,0,0,7,1,1,0,0,0,0,3,1,1,1,KRBKRNvK,DRAW,2K5/4r3/1B6/4n3/6k1/8/4R3/8 b - - 0 1
1,1,0,0,0,0,0,1,-1,1,0,1,1,1,0,0,0,0,0,16,0,0,5,6,0,1,3,5,2,20,23,0,0,0,0,0,0,0,0,7,1,1,1,0,0,0,2,1,0,0,KRBKRNvK,DRAW,3B3r/4R3/8/1n6/1k6/8/8/6K1 w - - 0 1
0,1,0,0,0,0,0,1,-1,1,0,1,1,1,0,0,0,0,0,16,0,0,7,2,7,5,0,4,4,5,0,1,0,0,0,0,0,0,0,7,1,1,0,1,0,0,1,0,1,0,KRBKRNvK,DRAW,2K5/8/7n/8/5B2/5R2/1r6/5k2 b - - 0 1
1,1,0,0,0,0,0,1,-1,1,0,1,1,1,0,0,0,0,0,16,0,0,2,1,7,0,5,5,4,26,14,0,0,0,0,0,0,0,0,7,1,1,0,0,0,0,1,1,0,1,KRBKRNvK,WIN,1K6/r4n2/k7/5B2/8/8/6R1/8 w - - 0 1
0,1,0,0,0,0,0,1,-1,1,0,1,1,1,0,0,0,0,0,16,0,0,2,1,2,0,4,3,3,1,0,1,0,0,0,0,0,0,0,7,1,1,0,1,0,0,2,0,1,0,KRBKRNvK,DRAW,8/3B4/8/kR6/8/1K6/5r2/5n2 b - - 0 1
1,1,0,0,0,0,0,1,-1,1,0,1,1,1,0,0,0,0,0,16,0,0,3,3,0,5,3,3,1,28,17,0,0,0,0,0,0,0,0,7,1,1,0,0,0,0,2,2,1,0,KRBKRNvK,DRAW,8/n2B3r/8/4R3/5k2/8/8/3K4 w - - 0 1
0,1,0,0,0,0,0,1,-1,1,0,1,1,1,0,0,0,0,0,16,0,0,3,7,5,4,5,4,1,18,28,0,0,0,0,0,0,0,0,7,1,1,0,0,0,0,1,3,1,1,KRBKRNvK,DRAW,5n2/8/4k2K/8/3B4/8/5R2/4r3 b - - 0 1
1,1,0,0,0,0,0,1,-1,1,0,1,1,1,0,0,0,0,0,16,0,0,4,6,3,2,1,2,3,27,24,0,0,0,0,0,0,0,0,7,1,1,0,0,0,0,3,2,0,0,KRBKRNvK,DRAW,4R3/3r2n1/8/8/6K1/8/2k5/6B1 w - - 0 1
0,1,0,0,0,0,0,1,-1,1,0,1,1,1,0,0,0,0,0,16,0,0,3,4,3,1,3,0,2,6,0,1,0,0,0,0,0,0,0,7,1,1,0,0,0,0,3,0,1,0,KRBKRNvK,DRAW,1n3R2/8/8/8/1k2K3/8/3B4/6r1 b - - 0 1
0,1,0,0,0,0,0,1,-1,1,0,1,1,1,0,0,0,0,0,16,0,0,3,4,7,1,6,3,4,23,28,0,0,0,0,0,0,0,0,7,1,1,0,0,0,0,3,0,0,0,KRBKRNvK,DRAW,4K3/1k4B1/8/8/8/r7/n7/3R4 b - - 0 1
0,1,0,0,0,0,0,1,-1,1,0,1,1,1,0,0,0,0,0,16,0,0,3,4,4,2,7,0,4,4,0,1,0,0,0,0,0,0,0,7,1,1,0,1,0,0,3,0,1,0,KRBKRNvK,DRAW,2k5/8/4B3/4K3/8/5R2/7r/3n4 b - - 0 1
0,1,0,0,0,0,0,1,-1,1,0,1,1,1,0,0,0,0,0,16,0,0,6,7,7,7,1,6,5,20,21,0,0,0,0,0,0,0,0,7,1,1,0,0,0,0,0,2,0,0,KRBKRNvK,DRAW,7K/8/8/6B1/8/8/7k/1Rnr4 b - - 0 1
0,1,0,0,0,0,0,1,-1,1,0,1,1,1,0,0,0,0,0,16,0,0,3,4,4,5,7,0,4,24,20,0,0,0,0,0,0,0,0,7,1,1,0,0,0,0,3,2,0,2,KRBKRNvK,DRAW,5k2/8/4n3/4K3/8/3r4/8/4B1R1 b - - 0 1
1,1,0,0,0,0,0,1,-1,1,0,1,1,1,0,0,0,0,0,16,0,0,3,2,2,5,1,2,3,26,20,0,0,0,0,0,0,0,0,7,1,1,0,1,0,0,3,0,0,1,KRBKRNvK,DRAW,8/8/8/1R6/8/2K5/r4k2/2B3n1 w - - 0 1
0,1,0,0,0,0,0,1,-1,1,0,1,1,1,0,0,0,0,0,16,0,0,3,4,2,3,5,1,1,4,0,1,0,0,0,0,0,0,0,7,1,1,0,0,0,0,4,2,2,0,KRBKRNvK,DRAW,8/n5r1/3k4/3R4/4B3/4K3/8/8 b - - 0 1
1,1,0,0,0,0,0,1,-1,1,0,1,1,1,0,0,0,0,0,16,0,0,7,7,2,0,6,4,5,24,23,0,0,0,0,0,0,0,0,7,1,1,0,0,0,0,2,3,0,0,KRBKRNvK,DRAW,5B2/k1n5/8/8/2r5/7K/8/4R3 w - - 0 1
1,1,0,0,0,0,0,1,-1,1,0,1,1,1,0,0,0,0,0,16,0,0,3,5,2,2,1,2,3,7,0,1,0,0,0,0,0,0,0,7,1,1,1,0,0,0,3,1,0,0,KRBKRNvK,DRAW,8/4R3/3n1B2/8/8/r4K2/2k5/8 w - - 0 1
0,1,0,0,0,0,0,1,-1,1,0,1,1,1,0,0,0,0,0,16,0,0,6,1,3,7,1,2,5,20,26,0,0,0,0,0,0,0,0,7,1,1,0,0,0,0,1,2,0,0,KRBKRNvK,DRAW,8/8/6R1/4r3/1K2n3/3B4/7k/8 b - - 0 1
1,1,0,0,0,0,0,1,-1,1,0,1,1,1,0,0,0,0,0,16,0,0,2,7,2,6,4,4,2,23,21,0,0,0,0,0,0,0,0,7,1,1,0,1,0,0,0,2,1,0,KRBKRNvK,DRAW,6n1/8/8/6k1/6B1/7K/3r4/1R6 w - - 0 1
0,1,0,0,0,0,0,1,-1,1,0,1,1,1,0,0,0,0,0,16,0,0,3,0,2,3,0,4,3,19,19,0,0,0,0,0,0,0,0,7,1,1,0,0,0,0,0,2,0,0,KRBKRNvK,DRAW,8/8/4r2n/8/8/K7/6R1/3k3B b - - 0 1
0,1,0,0,0,0,0,1,-1,1,0,1,1,1,0,0,0,0,0,16,0,0,6,1,1,2,7,4,4,22,27,0,0,0,0,0,0,0,0,7,1,1,0,0,0,0,3,1,0,0,KRBKRNvK,DRAW,2k5/8/8/8/5R2/4n1r1/BK6/8 b - - 0 1
1,1,0,0,0,0,0,1,-1,1,0,1,1,1,0,0,0,0,0,16,0,0,4,4,7,1,3,3,2,22,22,0,0,0,0,0,0,0,0,7,1,1,0,0,0,0,1,1,1,0,KRBKRNvK,DRAW,4K3/8/8/6n1/1k6/3B1r2/8/3R4 w - - 0 1
0,1,0,0,0,0,0,1,-1,1,0,1,1,1,0,0,0,0,0,16,0,0,5,6,5,6,0,3,5,24,28,0,0,0,0,0,0,0,0,7,1,1,0,0,0,0,0,3,1,0,KRBKRNvK,DRAW,8/2n5/2R3K1/8/1r6/8/4B3/6k1 b - - 0 1
0,1,0,0,0,0,0,1,-1,1,0,1,1,1,0,0,0,0,0,16,0,0,4,1,5,5,5,3,2,22,20,0,0,0,0,0,0,0,0,7,1,1,0,0,0,0,0,1,1,0,KRBKRNvK,DRAW,6B1/5r2/1K3k2/8/4n3/8/8/R7 b - - 0 1
1,1,0,0,0,0,0,1,-1,1,0,1,1,1,0,0,0,0,0,16,0,0,2,1,4,0,2,2,4,23,21,0,0,0,0,0,0,0,0,7,1,1,0,0,0,0,3,2,1,1,KRBKRNvK,DRAW,6B1/3r4/8/1K5n/2R5/k7/8/8 w - - 0 1
1,1,0,0,0,0,0,1,-1,1,0,1,1,1,0,0,0,0,0,16,0,0,4,4,0,0,1,3,5,25,23,0,0,0,0,0,0,0,0,7,1,1,0,0,0,0,2,0,0,0,KRBKRNvK,DRAW,8/1n6/2r5/7R/8/8/k7/4KB2 w - - 0 1
0,1,0,0,0,0,0,1,-1,1,0,1,1,1,0,0,0,0,0,16,0,0,2,3,4,2,6,0,3,1,0,1,0,0,0,0,0,0,0,7,1,1,1,0,0,0,4,0,2,0,KRBKRNvK,LOSS,2n5/1Rk5/2B5/3K4/8/7r/8/8 b - - 0 1
0,1,0,0,0,0,0,1,-1,1,0,1,1,1,0,0,0,0,0,16,0,0,3,4,0,7,2,3,4,18,24,0,0,0,0,0,0,0,0,7,1,1,0,1,0,0,2,1,1,1,KRBKRNvK,DRAW,6R1/8/8/8/8/7k/1r2n3/4K2B b - - 0 1
1,1,0,0,0,0,0,1,-1,1,0,1,1,1,0,0,0,0,0,16,0,0,3,0,5,0,2,4,4,26,20,0,0,0,0,0,0,0,0,7,1,1,0,1,0,0,2,2,1,0,KRBKRNvK,DRAW,8/8/K7/2R5/8/kn6/3rB3/8 w - - 0 1
1,1,0,0,0,0,0,1,-1,1,0,1,1,1,0,0,0,0,0,16,0,0,7,1,7,6,0,5,5,22,19,0,0,0,0,0,0,0,0,7,1,1,0,0,0,0,3,1,0,0,KRBKRNvK,DRAW,BK2R3/8/8/8/r1n5/8/8/6k1 w - - 0 1
0,1,0,0,0,0,0,1,-1,1,0,1,1,1,0,0,0,0,0,16,0,0,6,4,1,1,7,2,5,6,0,1,0,0,0,0,0,0,0,7,1,1,0,0,0,0,0,1,1,0,KRBKRNvK,DRAW,1k6/6r1/B7/2n5/8/8/1R2K3/8 b - - 0 1
0,1,0,0,0,0,0,1,-1,1,0,1,1,1,0,0,0,0,0,16,0,0,5,2,0,0,5,4,4,20,27,0,0,0,0,0,0,0,0,7,1,1,0,0,0,0,3,2,0,0,KRBKRNvK,DRAW,3R4/8/k6n/8/7r/8/2B5/2K5 b - - 0 1
0,1,0,0,0,0,0,1,-1,1,0,1,1,1,0,0,0,0,0,16,0,0,5,7,2,2,3,4,1,4,0,1,0,0,0,0,0,0,0,7,1,1,0,0,0,0,2,2,2,1,KRBKRNvK,DRAW,2r5/8/B7/8/2k4n/4R2K/8/8 b - - 0 1
1,1,0,0,0,0,0,1,-1,1,0,1,1,1,0,0,0,0,0,16,0,0,5,4,5,2,0,1,4,7,0,1,0,0,0,0,0,0,0,7,1,1,1,0,0,0,2,2,0,0,KRBKRNvK,DRAW,8/4R3/4K3/8/6B1/8/8/2knr3 w - - 0 1
1,1,0,0,0,0,0,1,-1,1,0,1,1,1,0,0,0,0,0,16,0,0,6,4,7,2,1,3,3,20,23,0,0,0,0,0,0,0,0,7,1,1,0,1,0,0,1,0,1,0,KRBKRNvK,DRAW,1R2K3/8/8/8/4n3/8/B1k2r2/8 w - - 0 1
1,1,0,0,0,0,0,1,-1,1,0,1,1,1,0,0,0,0,0,16,0,0,2,0,2,0,4,4,3,24,17,0,0,0,0,0,0,0,0,7,1,1,0,0,0,0,0,2,1,0,KRBKRNvK,DRAW,3r1n2/8/B7/k7/8/K7/6R1/8 w - - 0 1
1,1,0,0,0,0,0,1,-1,1,0,1,1,1,0,0,0,0,0,16,0,0,5,1,2,6,2,3,3,5,0,1,0,0,0,0,0,0,0,7,1,1,0,0,0,0,1,2,0,2,KRBKRNvK,DRAW,8/8/1B6/8/8/1K1r2k1/8/R1n5 w - - 0 1
1,1,0,0,0,0,0,1,-1,1,0,1,1,1,0,0,0,0,0,16,0,0,4,2,5,6,2,2,3,26,26,0,0,0,0,0,0,0,0,7,1,1,0,0,0,0,1,3,0,1,KRBKRNvK,DRAW,R7/8/2K5/1n5r/8/1B4k1/8/8 w - - 0 1
0,1,0,0,0,0,0,1,-1,1,0,1,1,1,0,0,0,0,0,16,0,0,3,7,2,5,5,4,2,20,25,0,0,0,0,0,0,0,0,7,1,1,0,1,0,0,2,1,2,0,KRBKRNvK,DRAW,8/8/3B1k2/3R4/8/7K/n1r5/8 b - - 0 1
0,1,0,0,0,0,0,1,-1,1,0,1,1,1,0,0,0,0,0,16,0,0,3,5,6,4,3,3,0,26,33,0,0,0,0,0,0,0,0,7,1,1,0,0,0,0,3,3,1,0,KRBKRNvK,WIN,8/5K2/8/1R6/2n1k3/2B5/8/7r b - - 0 1
0,1,0,0,0,0,0,1,-1,1,0,1,1,1,0,0,0,0,0,16,0,0,2,7,4,6,2,3,3,25,25,0,0,0,0,0,0,0,0,7,1,1,0,1,0,0,3,1,1,0,KRBKRNvK,DRAW,8/2n5/8/4R2K/3B4/6k1/r7/8 b - - 0 1
1,1,0,0,0,0,0,1,-1,1,0,1,1,1,0,0,0,0,0,16,0,0,6,2,1,3,7,3,3,29,20,0,0,0,0,0,0,0,0,7,1,1,1,0,0,0,0,1,2,0,KRBKRNvK,DRAW,3k1B2/1R6/r5n1/8/8/8/2K5/8 w - - 0 1
0,1,0,0,0,0,0,1,-1,1,0,1,1,1,0,0,0,0,0,16,0,0,5,5,4,0,2,1,4,22,28,0,0,0,0,0,0,0,0,7,1,1,0,0,0,0,3,1,0,0,KRBKRNvK,DRAW,3B4/8/8/5K2/6R1/k7/2n5/7r b - - 0 1
0,1,0,0,0,0,0,1,-1,1,0,1,1,1,0,0,0,0,0,16,0,0,6,7,2,1,1,4,4,9,16,0,0,0,0,0,0,0,0,7,1,1,0,0,0,0,0,0,1,0,KRBKRNvK,DRAW,8/8/8/8/8/7K/1k6/1rnB3R b - - 0 1
0,1,0,0,0,0,0,1,-1,1,0,1,1,1,0,0,0,0,0,16,0,0,6,6,1,0,5,4,4,4,0,1,0,0,0,0,0,0,0,7,1,1,0,0,0,0,2,1,1,1,KRBKRNvK,DRAW,2B5/8/k3n3/8/3R4/8/6K1/7r b - - 0 1
0,1,0,0,0,0,0,1,-1,1,0,1,1,1,0,0,0,0,0,16,0,0,3,5,0,2,3,4,1,18,26,0,0,0,0,0,0,0,0,7,1,1,0,0,0,0,1,2,0,0,KRBKRNvK,DRAW,6R1/8/8/8/1rk5/8/2n2B2/5K2 b - - 0 1
1,1,0,0,0,0,0,1,-1,1,0,1,1,1,0,0,0,0,0,16,0,0,2,3,2,3,0,1,3,25,17,0,0,0,0,0,0,0,0,7,1,1,0,0,0,0,3,0,0,0,KRBKRNvK,WIN,2r3n1/8/5B2/8/5R2/3K4/8/3k4 w - - 0 1
0,1,0,0,0,0,0,1,-1,1,0,1,1,1,0,0,0,0,0,16,0,0,7,7,0,0,6,6,5,20,20,0,0,0,0,0,0,0,0,7,1,1,0,0,0,0,0,2,0,0,KRBKRNvK,DRAW,8/k5B1/5R2/8/2r5/8/n7/7K b - - 0 1
0,1,0,0,0,0,0,1,-1,1,0,1,1,1,0,0,0,0,0,16,0,0,3,3,5,3,2,1,1,21,27,0,0,0,0,0,0,0,0,7,1,1,0,0,0,0,3,2,0,0,KRBKRNvK,WIN,8/8/3K3R/8/8/3k2n1/6B1/3r4 b - - 0 1
1,1,0,0,0,0,0,1,-1,1,0,1,1,1,0,0,0,0,0,16,0,0,2,7,4,5,6,3,3,24,26,0,0,0,0,0,0,0,0,7,1,1,0,0,0,0,0,1,1,0,KRBKRNvK,DRAW,1r6/5k2/7B/7K/8/3n4/6R1/8 w - - 0 1
1,1,0,0,0,0,0,1,-1,1,0,1,1,1,0,0,0,0,0,16,0,0,7,5,7,6,0,4,5,24,22,0,0,0,0,0,0,0,0,7,1,1,0,0,0,0,2,2,0,0,KRBKRNvK,DRAW,5K2/8/8/4r2n/2B5/3R4/8/6k1 w - - 0 1
1,1,0,0,0,0,0,1,-1,1,0,1,1,1,0,0,0,0,0,16,0,0,7,3,7,6,0,3,5,4,0,1,0,0,0,0,0,0,0,7,1,1,0,0,0,0,2,1,0,2,KRBKRNvK,DRAW,3K1B2/8/1r2n3/R7/8/8/8/6k1 w - - 0 1
0,1,0,0,0,0,0,1,-1,1,0,1,1,1,0,0,0,0,0,16,0,0,3,4,4,4,1,0,2,4,0,1,0,0,0,0,0,0,0,7,1,1,0,0,0,0,3,0,1,1,KRBKRNvK,DRAW,8/2r5/8/1B2K3/8/8/4k3/2n2R2 b - - 0 1
1,1,0,0,0,0,0,1,-1,1,0,1,1,1,0,0,0,0,0,16,0,0,2,5,7,4,5,4,1,3,0,1,0,0,0,0,0,0,0,7,1,1,0,0,0,0,2,2,1,0,KRBKRNvK,DRAW,3R1K2/8/4k3/8/8/B3n3/8/5r2 w - - 0 1
0,1,0,0,0,0,0,1,-1,1,0,1,1,1,0,0,0,0,0,16,0,0,6,6,6,7,0,4,6,19,27,0,0,0,0,0,0,0,0,7,1,1,0,0,0,0,1,1,1,0,KRBKRNvK,DRAW,8/6K1/1n6/8/8/1r6/R4B2/7k b - - 0 1
1,1,0,0,0,0,0,1,-1,1,0,1,1,1,0,0,0,0,0,16,0,0,7,3,0,4,7,3,3,25,18,0,0,0,0,0,0,0,0,7,1,1,1,0,0,0,0,2,0,0,KRBKRNvK,DRAW,4k3/1R6/8/8/3nr3/8/4B3/3K4 w - - 0 1
1,1,0,0,0,0,0,1,-1,1,0,1,1,1,0,0,0,0,0,16,0,0,3,3,1,5,4,2,1,28,24,0,0,0,0,0,0,0,0,7,1,1,0,0,0,0,3,3,1,0,KRBKRNvK,DRAW,8/1nB5/8/5k2/r7/3R4/3K4/8 w - - 0 1
0,1,0,0,0,0,0,1,-1,1,0,1,1,1,0,0,0,0,0,16,0,0,2,0,7,2,7,6,4,25,16,0,0,0,0,0,0,0,0,7,1,1,0,0,0,0,1,3,0,0,KRBKRNvK,WIN,K1k5/7B/8/8/1r6/4n2R/8/8 b - - 0 1
0,1,0,0,0,0,0,1,-1,1,0,1,1,1,0,0,0,0,0,16,0,0,6,7,6,6,0,5,5,5,0,1,0,0,0,0,0,0,0,7,1,1,0,0,0,0,1,0,0,0,KRBKRNvK,DRAW,8/7K/6R1/8/8/2r5/8/1Bn3k1 b - - 0 1
1,1,0,0,0,0,0,1,-1,1,0,1,1,1,0,0,0,0,0,16,0,0,2,3,5,3,3,1,0,4,0,1,0,0,0,0,0,0,0,7,1,1,0,0,0,0,2,3,2,0,KRBKRNvK,DRAW,8/8/1R1K2r1/8/2Bk4/8/8/5n2 w - - 0 1
0,1,0,0,0,0,0,1,-1,1,0,1,1,1,0,0,0,0,0,16,0,0,6,6,4,0,5,2,4,2,0,1,0,0,0,0,0,0,0,7,1,1,0,0,0,0,0,1,0,0,KRBKRNvK,DRAW,1r2B3/8/k7/6K1/8/8/R2n4/8 b - - 0 1
1,1,0,0,0,0,0,1,-1,1,0,1,1,1,0,0,0,0,0,16,0,0,4,4,0,2,4,3,1,28,23,0,0,0,0,0,0,0,0,7,1,1,0,0,0,0,1,3,0,0,KRBKRNvK,DRAW,2n5/5B2/8/2k5/1r6/7R/8/4K3 w - - 0 1
0,1,0,0,0,0,0,1,-1,1,0,1,1,1,0,0,0,0,0,16,0,0,3,2,3,5,0,1,4,23,21,0,0,0,0,0,0,0,0,7,1,1,0,0,0,0,2,3,1,1,KRBKRNvK,DRAW,8/8/2n5/6r1/2K4B/8/3R4/5k2 b - - 0 1
1,1,0,0,0,0,0,1,-1,1,0,1,1,1,0,0,0,0,0,16,0,0,5,0,7,2,2,6,2,2,0,1,0,0,0,0,0,0,0,7,1,1,0,0,0,0,2,3,2,1,KRBKRNvK,LOSS,K3r3/8/2n5/8/3R4/2k5/2B5/8 w - - 0 1
0,1,0,0,0,0,0,1,-1,1,0,1,1,1,0,0,0,0,0,16,0,0,5,4,2,0,7,1,6,19,24,0,0,0,0,0,0,0,0,7,1,1,0,0,0,0,4,2,0,0,KRBKRNvK,DRAW,k7/8/8/2B3R1/7r/4K3/n7/8 b - - 0 1
0,1,0,0,0,0,0,1,-1,1,0,1,1,1,0,0,0,0,0,16,0,0,4,1,4,2,0,2,4,21,28,0,0,0,0,0,0,0,0,7,1,1,0,0,0,0,2,0,0,0,KRBKRNvK,DRAW,7n/8/7R/1K6/8/6r1/8/2k4B b - - 0 1
0,1,0,0,0,0,0,1,-1,1,0,1,1,1,0,0,0,0,0,16,0,0,4,0,2,3,6,4,2,4,0,1,0,0,0,0,0,0,0,7,1,1,0,0,0,0,2,1,0,1,KRBKRNvK,LOSS,1n6/3k4/8/8/B1rR4/K7/8/8 b - - 0 1
1,1,0,0,0,0,0,1,-1,1,0,1,1,1,0,0,0,0,0,16,0,0,6,5,0,6,6,4,4,25,25,0,0,0,0,0,0,0,0,7,1,1,0,0,0,0,2,2,0,0,KRBKRNvK,DRAW,8/n5k1/3r4/8/6B1/8/4R3/5K2 w - - 0 1
1,1,0,0,0,0,0,1,-1,1,0,1,1,1,0,0,0,0,0,16,0,0,2,2,5,1,3,2,2,26,24,0,0,0,0,0,0,0,0,7,1,1,0,0,0,0,2,3,0,0,KRBKRNvK,DRAW,3R4/8/2K5/7r/1k6/7B/5n2/8 w - - 0 1
1,1,0,0,0,0,0,1,-1,1,0,1,1,1,0,0,0,0,0,16,0,0,5,7,0,3,5,6,1,28,23,0,0,0,0,0,0,0,0,7,1,1,0,0,0,0,2,3,2,1,KRBKRNvK,DRAW,8/8/3k4/4R3/2B5/5r2/3n4/7K w - - 0 1
1,1,0,0,0,0,0,1,-1,1,0,1,1,1,0,0,0,0,0,16,0,0,7,0,0,2,7,6,4,25,27,0,0,0,0,0,0,0,0,7,1,1,0,0,0,0,1,2,0,0,KRBKRNvK,DRAW,2k5/8/8/6r1/3n4/1B6/8/K4R2 w - - 0 1
1,1,0,0,0,0,0,1,-1,1,0,1,1,1,0,0,0,0,0,16,0,0,2,4,5,2,5,1,2,25,25,0,0,0,0,0,0,0,0,7,1,1,0,1,0,0,2,2,2,0,KRBKRNvK,DRAW,4R3/8/2k1K3/8/3B4/3n4/7r/8 w - - 0 1
0,1,0,0,0,0,0,1,-1,1,0,1,1,1,0,0,0,0,0,16,0,0,3,4,7,7,6,3,5,20,24,0,0,0,0,0,0,0,0,7,1,1,0,0,0,0,2,0,1,0,KRBKRNvK,DRAW,4K3/7k/r6n/7B/8/3R4/8/8 b - - 0 1
0,1,0,0,0,0,0,1,-1,1,0,1,1,1,0,0,0,0,0,16,0,0,5,5,5,0,5,2,4,20,29,0,0,0,0,0,0,0,0,7,1,1,0,0,0,0,3,2,1,1,KRBKRNvK,DRAW,5n2/8/k4K2/8/1R6/8/2B5/3r4 b - - 0 1
0,1,0,0,0,0,0,1,-1,1,0,1,1,1,0,0,0,0,0,16,0,0,2,3,7,4,5,3,1,22,22,0,0,0,0,0,0,0,0,7,1,1,0,0,0,0,1,2,0,0,KRBKRNvK,WIN,n2K4/B7/4k3/8/8/7r/8/6R1 b - - 0 1
1,1,0,0,0,0,0,1,-1,1,0,1,1,1,0,0,0,0,0,16,0,0,5,5,0,3,5,4,1,2,0,1,0,0,0,0,0,0,0,7,1,1,0,0,0,0,3,2,0,1,KRBKRNvK,DRAW,8/8/3k4/7R/8/8/8/B1r2K1n w - - 0 1
1,1,0,0,0,0,0,1,-1,1,0,1,1,1,0,0,0,0,0,16,0,0,2,3,5,1,5,1,3,15,24,0,0,0,0,0,0,0,0,7,1,1,0,1,0,0,3,2,0,0,KRBKRNvK,DRAW,6B1/8/1k1KR3/8/8/5n2/1r6/8 w - - 0 1
0,1,0,0,0,0,0,1,-1,1,0,1,1,1,0,0,0,0,0,16,0,0,4,3,4,1,0,0,5,18,21,0,0,0,0,0,0,0,0,7,1,1,1,0,0,0,3,1,0,0,KRBKRNvK,WIN,8/6R1/8/3K4/6n1/7B/8/1k4r1 b - - 0 1
0,1,0,0,0,0,0,1,-1,1,0,1,1,1,0,0,0,0,0,16,0,0,2,2,1,1,3,3,2,19,21,0,0,0,0,0,0,0,0,7,1,1,0,0,0,0,2,2,0,1,KRBKRNvK,DRAW,8/4r3/8/8/1kn3RB/8/2K5/8 b - - 0 1
0,1,0,0,0,0,0,1,-1,1,0,1,1,1,0,0,0,0,0,16,0,0,5,4,7,4,2,3,1,4,0,1,0,0,0,0,0,0,0,7,1,1,0,0,0,0,2,2,1,0,KRBKRNvK,DRAW,4K3/7r/4R3/8/8/n3k3/8/6B1 b - - 0 1
0,1,0,0,0,0,0,1,-1,1,0,1,1,1,0,0,0,0,0,16,0,0,2,2,2,2,0,2,4,22,21,0,0,0,0,0,0,0,0,7,1,1,0,0,0,0,1,1,0,1,KRBKRNvK,WIN,2B5/r7/8/8/8/2K5/3n1R2/2k5 b - - 0 1
1,1,0,0,0,0,0,1,-1,1,0,1,1,1,0,0,0,0,0,16,0,0,2,5,2,6,4,2,2,5,0,1,0,0,0,0,0,0,0,7,1,1,0,0,0,0,2,3,0,1,KRBKRNvK,DRAW,2B5/8/4n3/5rk1/8/5K2/8/4R3 w - - 0 1
1,1,0,0,0,0,0,1,-1,1,0,1,1,1,0,0,0,0,0,16,0,0,2,0,1,2,1,5,3,2,0,1,0,0,0,0,0,0,0,7,1,1,0,1,0,0,0,0,1,1,KRBKRNvK,DRAW,7R/1n6/8/8/1B6/8/Krk5/8 w - - 0 1
0,1,0,0,0,0,0,1,-1,1,0,1,1,1,0,0,0,0,0,16,0,0,6,3,6,2,0,2,4,24,26,0,0,0,0,0,0,0,0,7,1,1,0,0,0,0,3,1,0,1,KRBKRNvK,DRAW,5r2/3K4/2B5/8/R7/8/3n4/2k5 b - - 0 1
1,1,0,0,0,0,0,1,-1,1,0,1,1,1,0,0,0,0,0,16,0,0,4,0,6,4,5,5,1,24,23,0,0,0,0,0,0,0,0,7,1,1,1,0,0,0,2,3,0,0,KRBKRNvK,DRAW,8/KR6/4k3/8/8/6r1/5nB1/8 w - - 0 1
1,1,0,0,0,0,0,1,-1,1,0,1,1,1,0,0,0,0,0,16,0,0,2,5,3,7,2,1,4,5,0,1,0,0,0,0,0,0,0,7,1,1,0,0,0,0,4,0,0,0,KRBKRNvK,WIN,5r2/7B/8/8/n4K2/7k/3R4/8 w - - 0 1
1,1,0,0,0,0,0,1,-1,1,0,1,1,1,0,0,0,0,0,16,0,0,3,0,0,3,0,6,3,20,26,0,0,0,0,0,0,0,0,7,1,1,1,1,0,0,2,1,0,1,KRBKRNvK,DRAW,8/1R6/8/8/5n2/8/2r5/K2k3B w - - 0 1
0,1,0,0,0,0,0,1,-1,1,0,1,1,1,0,0,0,0,0,16,0,0,5,1,2,6,0,3,5,21,26,0,0,0,0,0,0,0,0,7,1,1,0,0,0,0,0,2,0,0,KRBKRNvK,DRAW,4B3/8/R7/8/6rn/1K6/8/6k1 b - - 0 1
0,1,0,0,0,0,0,1,-1,1,0,1,1,1,0,0,0,0,0,16,0,0,3,4,3,6,6,0,4,6,0,1,0,0,0,0,0,0,0,7,1,1,0,0,0,0,3,0,0,0,KRBKRNvK,DRAW,8/6k1/3R4/8/4K3/1r6/7n/B7 b - - 0 1
1,1,0,0,0,0,0,1,-1,1,0,1,1,1,0,0,0,0,0,16,0,0,7,7,7,0,7,6,6,23,22,0,0,0,0,0,0,0,0,7,1,1,0,0,0,0,0,2,0,0,KRBKRNvK,DRAW,k6K/r7/2n5/6B1/8/8/8/7R w - - 0 1
1,1,0,0,0,0,0,1,-1,1,0,1,1,1,0,0,0,0,0,16,0,0,3,3,4,5,7,0,4,4,0,1,0,0,0,0,0,0,0,7,1,1,1,0,0,0,3,3,0,1,KRBKRNvK,DRAW,5k2/1R1n4/8/3K4/8/6B1/8/3r4 w - - 0 1
1,1,0,0,0,0,0,1,-1,1,0,1,1,1,0,0,0,0,0,16,0,0,4,6,1,4,5,4,1,6,0,1,0,0,0,0,0,0,0,7,1,1,0,1,0,0,3,2,1,1,KRBKRNvK,DRAW,8/6B1/4k3/8/R5n1/8/2r3K1/8 w - - 0 1
0,1,0,0,0,0,0,1,-1,1,0,1,1,1,0,0,0,0,0,16,0,0,6,6,3,0,3,2,3,19,25,0,0,0,0,0,0,0,0,7,1,1,0,0,0,0,2,1,0,1,KRBKRNvK,DRAW,8/8/8/4BR2/k5K1/r7/4n3/8 b - - 0 1
1,1,0,0,0,0,0,1,-1,1,0,1,1,1,0,0,0,0,0,16,0,0,2,4,7,5,5,3,2,27,23,0,0,0,0,0,0,0,0,7,1,1,0,0,0,0,2,3,0,0,KRBKRNvK,DRAW,4K3/8/5k2/2n5/5r2/5B2/1R6/8 w - - 0 1
0,1,0,0,0,0,0,1,-1,1,0,1,1,1,0,0,0,0,0,16,0,0,6,4,0,7,6,3,5,18,23,0,0,0,0,0,0,0,0,7,1,1,0,0,0,0,2,2,1,0,KRBKRNvK,DRAW,1n6/7k/3r4/4B1R1/8/8/8/4K3 b - - 0 1
1,1,0,0,0,0,0,1,-1,1,0,1,1,1,0,0,0,0,0,16,0,0,5,1,2,6,0,3,5,26,17,0,0,0,0,0,0,0,0,7,1,1,0,0,0,0,0,0,1,0,KRBKRNvK,DRAW,1nr5/8/8/B7/8/1K6/7R/6k1 w - - 0 1
1,1,0,0,0,0,0,1,-1,1,0,1,1,1,0,0,0,0,0,16,0,0,5,7,5,2,4,4,1,6,0,1,0,0,0,0,0,0,0,7,1,1,0,0,0,0,1,2,1,0,KRBKRNvK,DRAW,5R2/8/r6K/2k5/8/1B6/4n3/8 w - - 0 1
1,1,0,0,0,0,0,1,-1,1,0,1,1,1,0,0,0,0,0,16,0,0,2,7,2,5,3,4,1,0,0,1,0,0,0,0,0,0,0,7,1,1,0,0,0,0,2,2,1,0,KRBKRNvK,LOSS,8/7r/8/8/5k2/7K/nB4R1/8 w - - 0 1
0,1,0,0,0,0,0,1,-1,1,0,1,1,1,0,0,0,0,0,16,0,0,4,4,2,4,6,1,2,20,26,0,0,0,0,0,0,0,0,7,1,1,0,0,0,0,3,2,1,0,KRBKRNvK,DRAW,1B6/4k3/2R5/8/r7/n3K3/8/8 b - - 0 1
0,1,0,0,0,0,0,1,-1,1,0,1,1,1,0,0,0,0,0,16,0,0,4,5,1,4,5,3,1,24,29,0,0,0,0,0,0,0,0,7,1,1,0,0,0,0,3,2,0,1,KRBKRNvK,DRAW,8/6n1/4k3/8/1R6/5B2/5K2/7r b - - 0 1
0,1,0,0,0,0,0,1,-1,1,0,1,1,1,0,0,0,0,0,16,0,0,3,2,4,2,7,1,4,18,23,0,0,0,0,0,0,0,0,7,1,1,0,0,0,0,3,0,0,2,KRBKRNvK,DRAW,2k5/8/8/n1K5/8/r7/2R3B1/8 b - - 0 1
0,1,0,0,0,0,0,1,-1,1,0,1,1,1,0,0,0,0,0,16,0,0,5,3,1,5,6,2,3,7,0,1,0,0,0,0,0,0,0,7,1,1,0,0,0,0,2,0,0,0,KRBKRNvK,DRAW,8/5kn1/1B5r/8/5R2/8/3K4/8 b - - 0 1
0,1,0,0,0,0,0,1,-1,1,0,1,1,1,0,0,0,0,0,16,0,0,7,7,0,0,2,6,4,19,30,0,0,0,0,0,0,0,0,7,1,1,0,0,0,0,1,0,0,1,KRBKRNvK,DRAW,2R5/8/8/4B3/8/k4r2/8/1n5K b - - 0 1
0,1,0,0,0,0,0,1,-1,1,0,1,1,1,0,0,0,0,0,16,0,0,7,3,0,1,7,3,5,18,28,0,0,0,0,0,0,0,0,7,1,1,0,0,0,0,2,0,0,1,KRBKRNvK,DRAW,1k6/8/5B2/8/8/7R/8/3Kn1r1 b - - 0 1
1,1,0,0,0,0,0,1,-1,1,0,1,1,1,0,0,0,0,0,16,0,0,4,3,7,0,3,3,3,3,0,1,0,0,0,0,0,0,0,7,1,1,1,0,0,0,1,1,1,0,KRBKRNvK,DRAW,r2K4/5R2/8/2B5/k7/8/2n5/8 w - - 0 1
1,1,0,0,0,0,0,1,-1,1,0,1,1,1,0,0,0,0,0,16,0,0,6,7,3,1,2,3,3,22,20,0,0,0,0,0,0,0,0,7,1,1,0,0,0,0,4,0,1,1,KRBKRNvK,DRAW,8/8/8/4R3/7K/1k3r2/1B6/6n1 w - - 0 1
0,1,0,0,0,0,0,1,-1,1,0,1,1,1,0,0,0,0,0,16,0,0,4,7,4,3,1,3,2,21,18,0,0,0,0,0,0,0,0,7,1,1,0,0,0,0,0,2,2,0,KRBKRNvK,DRAW,6n1/8/8/7K/1r6/8/3k4/3B1R2 b - - 0 1
0,1,0,0,0,0,0,1,-1,1,0,1,1,1,0,0,0,0,0,16,0,0,4,1,4,5,4,2,1,4,0,1,0,0,0,0,0,0,0,7,1,1,0,0,0,0,2,2,1,0,KRBKRNvK,DRAW,2B5/8/8/1K3k2/7R/6n1/8/6r1 b - - 0 1
1,1,0,0,0,0,0,1,-1,1,0,1,1,1,0,0,0,0,0,16,0,0,5,4,1,3,6,2,2,21,18,0,0,0,0,0,0,0,0,7,1,1,0,0,0,0,2,0,0,0,KRBKRNvK,DRAW,3r4/3k4/8/7R/8/8/1n2K3/5B2 w - - 0 1
0,1,0,0,0,0,0,1,-1,1,0,1,1,1,0,0,0,0,0,16,0,0,2,4,6,2,4,2,1,4,0,1,0,0,0,0,0,0,0,7,1,1,0,0,0,0,0,3,1,2,KRBKRNvK,DRAW,6r1/4K3/5n2/R1k5/8/8/4B3/8 b - - 0 1
0,1,0,0,0,0,0,1,-1,1,0,1,1,1,0,0,0,0,0,16,0,0,2,4,4,5,2,0,2,17,22,0,0,0,0,0,0,0,0,7,1,1,0,0,0,0,4,2,0,0,KRBKRNvK,WIN,2B5/8/8/R3K3/1n6/1r3k2/8/8 b - - 0 1
0,1,0,0,0,0,0,1,-1,1,0,1,1,1,0,0,0,0,0,16,0,0,7,0,7,7,7,6,6,0,0,1,0,0,0,0,0,0,0,7,1,1,0,0,0,0,3,0,0,0,KRBKRNvK,LOSS,K5nk/8/8/8/3B3R/8/8/6r1 b - - 0 1
1,1,0,0,0,0,0,1,-1,1,0,1,1,1,0,0,0,0,0,16,0,0,6,7,0,1,5,6,3,22,25,0,0,0,0,0,0,0,0,7,1,1,0,0,0,0,1,2,0,0,KRBKRNvK,DRAW,4R3/8/1k2B3/8/8/n2r4/8/7K w - - 0 1
0,1,0,0,0,0,0,1,-1,1,0,1,1,1,0,0,0,0,0,16,0,0,7,7,0,4,7,6,3,4,0,1,0,0,0,0,0,0,0,7,1,1,0,0,0,0,3,2,0,0,KRBKRNvK,DRAW,4k3/8/8/4R3/2r4n/8/7B/7K b - - 0 1
1,1,0,0,0,0,0,1,-1,1,0,1,1,1,0,0,0,0,0,16,0,0,3,2,7,0,4,4,3,20,25,0,0,0,0,0,0,0,0,7,1,1,0,1,0,0,0,3,0,0,KRBKRNvK,DRAW,2K5/8/5n2/k7/8/8/3r4/2R2B2 w - - 0 1
0,1,0,0,0,0,0,1,-1,1,0,1,1,1,0,0,0,0,0,16,0,0,6,1,0,3,6,5,2,23,23,0,0,0,0,0,0,0,0,7,1,1,0,0,0,0,2,2,1,1,KRBKRNvK,DRAW,8/3k4/8/2R5/1B6/3r4/4n3/1K6 b - - 0 1
0,1,0,0,0,0,0,1,-1,1,0,1,1,1,0,0,0,0,0,16,0,0,2,4,2,6,3,1,2,24,19,0,0,0,0,0,0,0,0,7,1,1,0,0,0,0,2,4,0,1,KRBKRNvK,DRAW,8/7B/2n5/8/3r2k1/4K3/2R5/8 b - - 0 1
1,1,0,0,0,0,0,1,-1,1,0,1,1,1,0,0,0,0,0,16,0,0,3,3,4,3,7,0,3,7,0,1,0,0,0,0,0,0,0,7,1,1,0,0,0,0,3,2,1,1,KRBKRNvK,DRAW,3k1B2/8/5n1r/3K4/8/1R6/8/8 w - - 0 1
1,1,0,0,0,0,0,1,-1,1,0,1,1,1,0,0,0,0,0,16,0,0,4,0,0,4,0,6,3,23,17,0,0,0,0,0,0,0,0,7,1,1,0,0,0,0,2,1,0,0,KRBKRNvK,DRAW,8/7r/8/3R3B/8/8/5n2/K3k3 w - - 0 1
1,1,0,0,0,0,0,1,-1,1,0,1,1,1,0,0,0,0,0,16,0,0,4,7,4,6,0,3,5,3,0,1,0,0,0,0,0,0,0,7,1,1,0,1,0,0,1,0,1,0,KRBKRNvK,DRAW,8/8/8/3B3K/4n3/4R3/7r/6k1 w - - 0 1
1,1,0,0,0,0,0,1,-1,1,0,1,1,1,0,0,0,0,0,16,0,0,3,3,2,3,5,1,1,28,16,0,0,0,0,0,0,0,0,7,1,1,0,0,0,0,2,2,1,0,KRBKRNvK,DRAW,8/8/3k4/rB5n/8/3K4/8/2R5 w - - 0 1
1,1,0,0,0,0,0,1,-1,1,0,1,1,1,0,0,0,0,0,16,0,0,7,1,7,1,0,5,5,23,25,0,0,0,0,0,0,0,0,7,1,1,1,0,0,0,2,1,0,0,KRBKRNvK,DRAW,1K6/B2R4/8/8/2n5/8/8/1k3r2 w - - 0 1
1,1,0,0,0,0,0,1,-1,1,0,1,1,1,0,0,0,0,0,16,0,0,4,6,0,6,4,5,2,26,21,0,0,0,0,0,0,0,0,7,1,1,0,0,0,0,3,2,0,0,KRBKRNvK,DRAW,1n6/8/3R4/6k1/r7/8/8/1B4K1 w - - 0 1
1,1,0,0,0,0,0,1,-1,1,0,1,1,1,0,0,0,0,0,16,0,0,3,4,3,1,3,0,2,16,24,0,0,0,0,0,0,0,0,7,1,1,0,1,0,0,4,0,0,1,KRBKRNvK,DRAW,6n1/8/8/8/1k2K3/8/5rB1/6R1 w - - 0 1
1,1,0,0,0,0,0,1,-1,1,0,1,1,1,0,0,0,0,0,16,0,0,3,7,4,7,1,3,5,21,21,0,0,0,0,0,0,0,0,7,1,1,0,0,0,0,2,1,1,2,KRBKRNvK,DRAW,8/8/5rn1/1R5K/8/8/7k/5B2 w - - 0 1
1,1,0,0,0,0,0,1,-1,1,0,1,1,1,0,0,0,0,0,16,0,0,6,1,4,7,5,2,4,23,18,0,0,0,0,0,0,0,0,7,1,1,0,0,0,0,0,1,0,0,KRBKRNvK,DRAW,6r1/8/6nk/1K6/8/5R2/8/7B w - - 0 1
1,1,0,0,0,0,0,1,-1,1,0,1,1,1,0,0,0,0,0,16,0,0,4,5,2,1,1,2,4,7,0,1,0,0,0,0,0,0,0,7,1,1,1,0,0,0,4,0,0,0,KRBKRNvK,DRAW,7n/3R4/8/8/8/r4K2/1k5B/8 w - - 0 1
0,1,0,0,0,0,0,1,-1,1,0,1,1,1,0,0,0,0,0,16,0,0,4,7,7,3,5,6,1,22,24,0,0,0,0,0,0,0,0,7,1,1,0,0,0,0,2,2,0,0,KRBKRNvK,DRAW,7K/8/3k4/2r5/n7/5B2/8/R7 b - - 0 1
0,1,0,0,0,0,0,1,-1,1,0,1,1,1,0,0,0,0,0,16,0,0,6,0,6,0,0,5,6,21,22,0,0,0,0,0,0,0,0,7,1,1,0,0,0,0,2,0,0,0,KRBKRNvK,DRAW,5n2/K7/B7/8/4R3/1r6/8/k7 b - - 0 1
0,1,0,0,0,0,0,1,-1,1,0,1,1,1,0,0,0,0,0,16,0,0,3,6,6,3,4,4,0,6,0,1,0,0,0,0,0,0,0,7,1,1,1,0,0,0,1,4,1,0,KRBKRNvK,DRAW,3r4/R4BK1/8/3k4/8/5n2/8/8 b - - 0 1
0,1,0,0,0,0,0,1,-1,1,0,1,1,1,0,0,0,0,0,16,0,0,7,1,0,3,7,5,3,4,0,1,0,0,0,0,0,0,0,7,1,1,0,0,0,0,3,2,1,0,KRBKRNvK,DRAW,3k3n/8/2B5/8/8/4r3/3R4/1K6 b - - 0 1
0,1,0,0,0,0,0,1,-1,1,0,1,1,1,0,0,0,0,0,16,0,0,3,2,5,5,7,2,4,17,29,0,0,0,0,0,0,0,0,7,1,1,0,0,0,0,2,1,0,0,KRBKRNvK,DRAW,1B3k1r/8/2K3n1/8/8/8/8/R7 b - - 0 1
0,1,0,0,0,0,0,1,-1,1,0,1,1,1,0,0,0,0,0,16,0,0,5,0,6,5,5,5,2,6,0,1,0,0,0,0,0,0,0,7,1,1,0,1,0,0,2,1,1,0,KRBKRNvK,DRAW,8/K4n2/5k2/8/B4R2/8/7r/8 b - - 0 1
0,1,0,0,0,0,0,1,-1,1,0,1,1,1,0,0,0,0,0,16,0,0,2,3,5,1,3,1,2,7,0,1,0,0,0,0,0,0,0,7,1,1,0,1,0,0,4,3,0,1,KRBKRNvK,DRAW,8/8/1n1K4/8/1k3R2/8/4r3/5B2 b - - 0 1
0,1,0,0,0,0,0,1,-1,1,0,1,1,1,0,0,0,0,0,16,0,0,5,2,2,7,6,2,5,1,0,1,0,0,0,0,0,0,0,7,1,1,0,1,0,0,2,1,1,2,KRBKRNvK,DRAW,7R/7k/8/8/3B4/2K5/2nr4/8 b - - 0 1
0,1,0,0,0,0,0,1,-1,1,0,1,1,1,0,0,0,0,0,16,0,0,3,5,4,2,1,1,3,18,24,0,0,0,0,0,0,0,0,7,1,1,1,1,0,0,3,2,0,1,KRBKRNvK,DRAW,7B/1R5n/8/5K2/8/8/2k1r3/8 b - - 0 1
0,1,0,0,0,0,0,1,-1,1,0,1,1,1,0,0,0,0,0,16,0,0,6,0,5,6,0,4,5,21,25,0,0,0,0,0,0,0,0,7,1,1,0,0,0,0,3,2,0,1,KRBKRNvK,DRAW,8/8/K7/5R2/n7/3r4/8/B5k1 b - - 0 1
0,1,0,0,0,0,0,1,-1,1,0,1,1,1,0,0,0,0,0,16,0,0,7,6,0,0,7,5,6,20,24,0,0,0,0,0,0,0,0,7,1,1,0,0,0,0,0,2,0,0,KRBKRNvK,DRAW,k4n2/8/8/7B/r7/8/6R1/6K1 b - - 0 1
0,1,0,0,0,0,0,1,-1,1,0,1,1,1,0,0,0,0,0,16,0,0,3,3,6,6,6,2,4,20,21,0,0,0,0,0,0,0,0,7,1,1,0,0,0,0,1,1,0,0,KRBKRNvK,DRAW,6r1/3K2k1/8/8/1n6/1R4B1/8/8 b - - 0 1
0,1,0,0,0,0,0,1,-1,1,0,1,1,1,0,0,0,0,0,16,0,0,3,6,6,3,5,4,1,4,0,1,0,0,0,0,0,0,0,7,1,1,0,0,0,0,1,3,2,0,KRBKRNvK,DRAW,3R4/6K1/1B1k4/8/8/8/3n4/r7 b - - 0 1
1,1,0,0,0,0,0,1,-1,1,0,1,1,1,0,0,0,0,0,16,0,0,7,0,5,7,2,4,4,26,16,0,0,0,0,0,0,0,0,7,1,1,1,0,0,0,0,0,0,0,KRBKRNvK,DRAW,8/6R1/K7/8/8/B6k/8/3n1r2 w - - 0 1
0,1,0,0,0,0,0,1,-1,1,0,1,1,1,0,0,0,0,0,16,0,0,2,0,3,2,3,3,1,3,0,1,0,0,0,0,0,0,0,7,1,1,0,0,0,0,1,4,1,0,KRBKRNvK,DRAW,8/B7/4r3/8/KRk5/8/8/7n b - - 0 1
0,1,0,0,0,0,0,1,-1,1,0,1,1,1,0,0,0,0,0,16,0,0,3,2,0,5,3,4,1,5,0,1,0,0,0,0,0,0,0,7,1,1,0,0,0,0,2,3,1,0,KRBKRNvK,DRAW,5r2/8/4n3/8/5k1R/8/8/2K4B b - - 0 1
0,1,0,0,0,0,0,1,-1,1,0,1,1,1,0,0,0,0,0,16,0,0,2,2,5,3,3,2,0,6,0,1,0,0,0,0,0,0,0,7,1,1,0,0,0,0,3,3,1,0,KRBKRNvK,DRAW,7B/8/2K5/6r1/3k4/8/5R2/3n4 b - - 0 1
1,1,0,0,0,0,0,1,-1,1,0,1,1,1,0,0,0,0,0,16,0,0,3,3,7,1,4,3,2,19,23,0,0,0,0,0,0,0,0,7,1,1,1,0,0,0,1,2,2,0,KRBKRNvK,DRAW,3K4/1R6/1B6/1k1n3r/8/8/8/8 w - - 0 1
1,1,0,0,0,0,0,1,-1,1,0,1,1,1,0,0,0,0,0,16,0,0,2,5,2,3,2,2,1,25,12,0,0,0,0,0,0,0,0,7,1,1,0,0,0,0,2,2,1,0,KRBKRNvK,DRAW,5R2/8/n7/8/8/rB1k1K2/8/8 w - - 0 1
1,1,0,0,0,0,0,1,-1,1,0,1,1,1,0,0,0,0,0,16,0,0,4,2,4,6,4,1,2,20,21,0,0,0,0,0,0,0,0,7,1,1,1,0,0,0,3,1,0,0,KRBKRNvK,DRAW,7B/2R5/6r1/2K3k1/8/8/3n4/8 w - - 0 1
0,1,0,0,0,0,0,1,-1,1,0,1,1,1,0,0,0,0,0,16,0,0,4,1,6,4,2,4,1,25,25,0,0,0,0,0,0,0,0,7,1,1,0,0,0,0,1,3,0,1,KRBKRNvK,DRAW,6B1/1K6/R7/3r4/8/4k3/8/1n6 b - - 0 1
0,1,0,0,0,0,0,1,-1,1,0,1,1,1,0,0,0,0,0,16,0,0,3,4,3,5,6,0,3,5,0,1,0,0,0,0,0,0,0,7,1,1,0,0,0,0,3,0,2,1,KRBKRNvK,LOSS,7B/5k2/n7/5R2/4K3/2r5/8/8 b - - 0 1
1,1,0,0,0,0,0,1,-1,1,0,1,1,1,0,0,0,0,0,16,0,0,7,6,0,3,7,5,3,26,17,0,0,0,0,0,0,0,0,7,1,1,1,0,0,0,0,1,1,0,KRBKRNvK,DRAW,3k4/1R6/8/r1n5/8/7B/8/6K1 w - - 0 1
1,1,0,0,0,0,0,1,-1,1,0,1,1,1,0,0,0,0,0,16,0,0,4,5,0,4,4,4,0,30,24,0,0,0,0,0,0,0,0,7,1,1,0,0,0,0,1,3,1,0,KRBKRNvK,DRAW,6R1/8/7n/4kB2/1r6/8/8/5K2 w - - 0 1
0,1,0,0,0,0,0,1,-1,1,0,1,1,1,0,0,0,0,0,16,0,0,4,2,3,1,7,1,5,25,19,0,0,0,0,0,0,0,0,7,1,1,1,1,0,0,2,1,1,2,KRBKRNvK,DRAW,1k6/3B1R2/4n3/8/2K5/8/1r6/8 b - - 0 1
1,1,0,0,0,0,0,1,-1,1,0,1,1,1,0,0,0,0,0,16,0,0,5,7,6,2,4,5,1,28,21,0,0,0,0,0,0,0,0,7,1,1,0,0,0,0,3,3,1,0,KRBKRNvK,DRAW,8/7K/8/1rk1B3/8/5n2/4R3/8 w - - 0 1
1,1,0,0,0,0,0,1,-1,1,0,1,1,1,0,0,0,0,0,16,0,0,7,0,3,7,4,3,3,4,0,1,0,0,0,0,0,0,0,7,1,1,1,0,0,0,1,3,1,1,KRBKRNvK,DRAW,1B6/6R1/1n6/7k/K4r2/8/8/8 w - - 0 1
1,1,0,0,0,0,0,1,-1,1,0,1,1,1,0,0,0,0,0,16,0,0,2,5,2,7,2,2,4,25,19,0,0,0,0,0,0,0,0,7,1,1,1,0,0,0,2,0,0,0,KRBKRNvK,WIN,2r5/4R3/n7/8/8/5K1k/8/4B3 w - - 0 1
1,1,0,0,0,0,0,1,-1,1,0,1,1,1,0,0,0,0,0,16,0,0,6,7,7,1,3,6,2,26,25,0,0,0,0,0,0,0,0,7,1,1,0,0,0,0,1,2,0,0,KRBKRNvK,DRAW,6RK/n7/8/5B2/1k6/8/8/4r3 w - - 0 1
0,1,0,0,0,0,0,1,-1,1,0,1,1,1,0,0,0,0,0,16,0,0,3,3,2,6,5,1,3,23,30,0,0,0,0,0,0,0,0,7,1,1,0,0,0,0,3,0,0,0,KRBKRNvK,DRAW,5n2/8/6k1/8/1R6/2BK4/8/7r b - - 0 1
0,1,0,0,0,0,0,1,-1,1,0,1,1,1,0,0,0,0,0,16,0,0,2,1,0,1,2,5,3,22,19,0,0,0,0,0,0,0,0,7,1,1,0,0,0,0,0,1,1,0,KRBKRNvK,DRAW,4B3/r7/8/8/6n1/1k6/8/1KR5 b - - 0 1
0,1,0,0,0,0,0,1,-1,1,0,1,1,1,0,0,0,0,0,16,0,0,5,0,1,5,2,5,2,17,25,0,0,0,0,0,0,0,0,7,1,1,0,0,0,0,3,2,1,0,KRBKRNvK,DRAW,8/8/6n1/2B3R1/8/5k1r/K7/8 b - - 0 1
0,1,0,0,0,0,0,1,-1,1,0,1,1,1,0,0,0,0,0,16,0,0,2,5,4,3,4,1,0,20,23,0,0,0,0,0,0,0,0,7,1,1,0,0,0,0,2,3,0,1,KRBKRNvK,DRAW,2n5/8/B6R/3k1K2/4r3/8/8/8 b - - 0 1
0,1,0,0,0,0,0,1,-1,1,0,1,1,1,0,0,0,0,0,16,0,0,3,4,3,5,0,0,4,22,23,0,0,0,0,0,0,0,0,7,1,1,0,0,0,0,4,0,2,0,KRBKRNvK,DRAW,5n2/r7/8/8/4K3/3R4/8/5k1B b - - 0 1
0,1,0,0,0,0,0,1,-1,1,0,1,1,1,0,0,0,0,0,16,0,0,4,6,1,4,5,4,1,6,0,1,0,0,0,0,0,0,0,7,1,1,0,0,0,0,1,2,1,1,KRBKRNvK,DRAW,8/8/2R1k3/8/8/n7/6K1/5rB1 b - - 0 1
0,1,0,0,0,0,0,1,-1,1,0,1,1,1,0,0,0,0,0,16,0,0,2,4,0,2,2,3,2,23,19,0,0,0,0,0,0,0,0,7,1,1,0,0,0,0,0,3,0,0,KRBKRNvK,DRAW,4n2R/8/8/1r6/8/2k5/8/4KB2 b - - 0 1
1,1,0,0,0,0,0,1,-1,1,0,1,1,1,0,0,0,0,0,16,0,0,5,2,2,1,7,2,5,27,23,0,0,0,0,0,0,0,0,7,1,1,0,0,0,0,1,0,0,0,KRBKRNvK,DRAW,1k6/8/5r2/8/1B6/2K4n/6R1/8 w - - 0 1
1,1,0,0,0,0,0,1,-1,1,0,1,1,1,0,0,0,0,0,16,0,0,4,4,4,0,2,0,4,17,22,0,0,0,0,0,0,0,0,7,1,1,0,0,0,0,4,2,1,0,KRBKRNvK,DRAW,3r4/8/8/4K1R1/8/k7/8/B1n5 w - - 0 1
1,1,0,0,0,0,0,1,-1,1,0,1,1,1,0,0,0,0,0,16,0,0,2,5,4,4,6,1,2,3,0,1,0,0,0,0,0,0,0,7,1,1,0,0,0,0,4,3,0,2,KRBKRNvK,LOSS,8/4k3/3n4/3r1K2/8/1B6/3R4/8 w - - 0 1
1,1,0,0,0,0,0,1,-1,1,0,1,1,1,0,0,0,0,0,16,0,0,3,2,6,5,3,3,1,29,17,0,0,0,0,0,0,0,0,7,1,1,0,0,0,0,0,2,0,0,KRBKRNvK,DRAW,6R1/2K5/8/8/5k1r/8/1n6/5B2 w - - 0 1
0,1,0,0,0,0,0,1,-1,1,0,1,1,1,0,0,0,0,0,16,0,0,4,3,4,5,0,0,4,19,26,0,0,0,0,0,0,0,0,7,1,1,0,1,0,0,4,0,1,0,KRBKRNvK,DRAW,7n/8/R7/3K4/8/5B2/2r5/5k2 b - - 0 1
0,1,0,0,0,0,0,1,-1,1,0,1,1,1,0,0,0,0,0,16,0,0,6,0,6,3,0,5,3,5,0,1,0,0,0,0,0,0,0,7,1,1,0,1,0,0,0,2,1,1,KRBKRNvK,DRAW,8/K7/8/n7/B7/8/4rR2/3k4 b - - 0 1
1,1,0,0,0,0,0,1,-1,1,0,1,1,1,0,0,0,0,0,16,0,0,6,7,1,1,0,5,5,26,24,0,0,0,0,0,0,0,0,7,1,1,0,0,0,0,1,2,0,0,KRBKRNvK,DRAW,5R2/B7/8/r7/1n6/8/7K/1k6 w - - 0 1
1,1,0,0,0,0,0,1,-1,1,0,1,1,1,0,0,0,0,0,16,0,0,2,5,2,3,4,2,0,6,0,1,0,0,0,0,0,0,0,7,1,1,1,0,0,0,2,3,1,0,KRBKRNvK,DRAW,8/R7/1B6/3k4/8/n1r2K2/8/8 w - - 0 1
1,1,0,0,0,0,0,1,-1,1,0,1,1,1,0,0,0,0,0,16,0,0,5,5,6,4,1,3,2,26,21,0,0,0,0,0,0,0,0,7,1,1,0,0,0,0,0,0,1,0,KRBKRNvK,DRAW,1r6/3B1K2/8/8/8/5R2/4k3/2n5 w - - 0 1
1,1,0,0,0,0,0,1,-1,1,0,1,1,1,0,0,0,0,0,16,0,0,7,0,0,7,5,6,4,26,24,0,0,0,0,0,0,0,0,7,1,1,0,1,0,0,1,2,0,0,KRBKRNvK,WIN,R7/8/7k/4B3/1n6/8/3r4/K7 w - - 0 1
0,1,0,0,0,0,0,1,-1,1,0,1,1,1,0,0,0,0,0,16,0,0,5,5,5,0,5,2,4,2,0,1,0,0,0,0,0,0,0,7,1,1,0,0,0,0,2,1,1,1,KRBKRNvK,DRAW,1r6/4n3/k4K2/R7/8/8/8/4B3 b - - 0 1
1,1,0,0,0,0,0,1,-1,1,0,1,1,1,0,0,0,0,0,16,0,0,6,1,7,1,1,5,4,22,27,0,0,0,0,0,0,0,0,7,1,1,0,0,0,0,2,2,0,0,KRBKRNvK,DRAW,1K6/8/8/2n1r3/5R2/6B1/1k6/8 w - - 0 1
0,1,0,0,0,0,0,1,-1,1,0,1,1,1,0,0,0,0,0,16,0,0,3,0,5,3,5,4,1,7,0,1,0,0,0,0,0,0,0,7,1,1,0,0,0,0,2,4,0,0,KRBKRNvK,DRAW,8/7n/K2k4/8/7r/3R4/2B5/8 b - - 0 1
0,1,0,0,0,0,0,1,-1,1,0,1,1,1,0,0,0,0,0,16,0,0,5,7,7,2,4,6,1,19,17,0,0,0,0,0,0,0,0,7,1,1,0,1,0,0,0,3,0,0,KRBKRNvK,DRAW,7K/8/8/2k4B/8/8/2rn3R/8 b - - 0 1
0,1,0,0,0,0,0,1,-1,1,0,1,1,1,0,0,0,0,0,16,0,0,5,6,3,1,7,2,5,3,0,1,0,0,0,0,0,0,0,7,1,1,0,0,0,0,2,3,1,2,KRBKRNvK,DRAW,Bk5R/8/4r3/5n2/6K1/8/8/8 b - - 0 1
1,1,0,0,0,0,0,1,-1,1,0,1,1,1,0,0,0,0,0,16,0,0,6,6,3,0,3,2,3,4,0,1,0,0,0,0,0,0,0,7,1,1,0,1,0,0,3,0,1,1,KRBKRNvK,DRAW,8/8/8/8/k1B3K1/8/6r1/4R1n1 w - - 0 1
0,1,0,0,0,0,0,1,-1,1,0,1,1,1,0,0,0,0,0,16,0,0,7,0,2,7,4,4,3,21,26,0,0,0,0,0,0,0,0,7,1,1,0,0,0,0,2,3,2,0,KRBKRNvK,DRAW,8/8/3r4/5RBk/6n1/K7/8/8 b - - 0 1
0,1,0,0,0,0,0,1,-1,1,0,1,1,1,0,0,0,0,0,16,0,0,5,4,1,0,6,2,5,23,26,0,0,0,0,0,0,0,0,7,1,1,0,0,0,0,4,1,0,0,KRBKRNvK,DRAW,8/k7/5Bn1/8/3R4/8/4K3/r7 b - - 0 1
0,1,0,0,0,0,0,1,-1,1,0,1,1,1,0,0,0,0,0,16,0,0,5,1,2,6,7,3,5,20,26,0,0,0,0,0,0,0,0,7,1,1,0,0,0,0,0,0,0,1,KRBKRNvK,DRAW,6k1/6n1/8/6B1/8/1K5R/8/2r5 b - - 0 1
0,1,0,0,0,0,0,1,-1,1,0,1,1,1,0,0,0,0,0,16,0,0,5,4,6,3,1,2,2,24,18,0,0,0,0,0,0,0,0,7,1,1,1,0,0,0,0,2,0,1,KRBKRNvK,DRAW,8/4K2R/3r4/8/8/Bn6/3k4/8 b - - 0 1
0,1,0,0,0,0,0,1,-1,1,0,1,1,1,0,0,0,0,0,16,0,0,4,1,5,4,1,3,2,23,21,0,0,0,0,0,0,0,0,7,1,1,0,0,0,0,0,3,0,0,KRBKRNvK,DRAW,8/4n3/1K6/B7/6r1/1R6/4k3/8 b - - 0 1
0,1,0,0,0,0,0,1,-1,1,0,1,1,1,0,0,0,0,0,16,0,0,3,5,2,4,5,2,1,4,0,1,0,0,0,0,0,0,0,7,1,1,0,0,0,0,3,4,1,1,KRBKRNvK,LOSS,6B1/8/4k3/1R6/2r2n2/5K2/8/8 b - - 0 1
0,1,0,0,0,0,0,1,-1,1,0,1,1,1,0,0,0,0,0,16,0,0,5,6,0,4,5,5,1,23,23,0,0,0,0,0,0,0,0,7,1,1,0,1,0,0,2,2,0,1,KRBKRNvK,DRAW,8/8/4k3/1R6/8/8/r7/4BnK1 b - - 0 1
1,1,0,0,0,0,0,1,-1,1,0,1,1,1,0,0,0,0,0,16,0,0,3,0,3,2,6,3,3,24,30,0,0,0,0,0,0,0,0,7,1,1,0,0,0,0,1,2,0,0,KRBKRNvK,DRAW,8/2k5/8/7r/K3n3/1B6/8/6R1 w - - 0 1
1,1,0,0,0,0,0,1,-1,1,0,1,1,1,0,0,0,0,0,16,0,0,6,1,1,0,7,4,6,7,0,1,0,0,0,0,0,0,0,7,1,1,0,0,0,0,2,2,0,1,KRBKRNvK,LOSS,k7/6B1/6R1/8/n5r1/8/1K6/8 w - - 0 1
0,1,0,0,0,0,0,1,-1,1,0,1,1,1,0,0,0,0,0,16,0,0,2,3,3,3,5,0,1,19,24,0,0,0,0,0,0,0,0,7,1,1,0,0,0,0,3,2,1,0,KRBKRNvK,DRAW,4R3/2r5/3k4/8/3K4/8/n3B3/8 b - - 0 1
0,1,0,0,0,0,0,1,-1,1,0,1,1,1,0,0,0,0,0,16,0,0,4,7,4,3,7,3,3,15,25,0,0,0,0,0,0,0,0,7,1,1,0,0,0,0,2,1,0,0,KRBKRNvK,DRAW,3kr3/8/4n3/7K/4R3/8/1B6/8 b - - 0 1
0,1,0,0,0,0,0,1,-1,1,0,1,1,1,0,0,0,0,0,16,0,0,2,2,2,4,3,2,0,25,15,0,0,0,0,0,0,0,0,7,1,1,0,0,0,0,1,3,0,1,KRBKRNvK,DRAW,R1B5/3r4/8/8/4k3/2Kn4/8/8 b - - 0 1
1,1,0,0,0,0,0,1,-1,1,0,1,1,1,0,0,0,0,0,16,0,0,4,1,5,2,1,3,3,7,0,1,0,0,0,0,0,0,0,7,1,1,0,0,0,0,3,2,0,2,KRBKRNvK,DRAW,2nr4/8/1K6/5R2/8/8/2k5/7B w - - 0 1
0,1,0,0,0,0,0,1,-1,1,0,1,1,1,0,0,0,0,0,16,0,0,3,7,2,6,5,4,3,6,0,1,0,0,0,0,0,0,0,7,1,1,0,0,0,0,2,1,0,0,KRBKRNvK,DRAW,8/r7/4n1k1/8/3R4/3B3K/8/8 b - - 0 1
1,1,0,0,0,0,0,1,-1,1,0,1,1,1,0,0,0,0,0,16,0,0,2,7,6,5,7,5,4,23,19,0,0,0,0,0,0,0,0,7,1,1,0,0,0,0,2,1,1,0,KRBKRNvK,DRAW,3B1k2/7K/2r1n3/8/8/8/3R4/8 w - - 0 1
0,1,0,0,0,0,0,1,-1,1,0,1,1,1,0,0,0,0,0,16,0,0,2,0,2,2,3,4,1,17,24,0,0,0,0,0,0,0,0,7,1,1,0,0,0,0,3,3,1,0,KRBKRNvK,DRAW,8/7B/3R4/8/2k3r1/K5n1/8/8 b - - 0 1
0,1,0,0,0,0,0,1,-1,1,0,1,1,1,0,0,0,0,0,16,0,0,5,7,4,2,6,3,3,26,25,0,0,0,0,0,0,0,0,7,1,1,0,0,0,0,2,1,1,1,KRBKRNvK,DRAW,8/2k5/8/4R2K/2B5/1n4r1/8/8 b - - 0 1
0,1,0,0,0,0,0,1,-1,1,0,1,1,1,0,0,0,0,0,16,0,0,6,5,7,1,1,4,4,6,0,1,0,0,0,0,0,0,0,7,1,1,0,0,0,0,2,0,1,1,KRBKRNvK,DRAW,5Kn1/8/rB6/8/1R6/8/1k6/8 b - - 0 1
1,1,0,0,0,0,0,1,-1,1,0,1,1,1,0,0,0,0,0,16,0,0,5,0,2,5,4,4,1,4,0,1,0,0,0,0,0,0,0,7,1,1,1,0,0,0,1,4,1,1,KRBKRNvK,LOSS,8/2Br2R1/8/5k2/2n5/K7/8/8 w - - 0 1
0,1,0,0,0,0,0,1,-1,1,0,1,1,1,0,0,0,0,0,16,0,0,7,7,1,0,5,5,4,25,22,0,0,0,0,0,0,0,0,7,1,1,0,0,0,0,0,3,1,0,KRBKRNvK,DRAW,8/8/k7/2n5/1B6/6R1/7K/3r4 b - - 0 1
0,1,0,0,0,0,0,1,-1,1,0,1,1,1,0,0,0,0,0,16,0,0,2,4,0,6,0,3,5,20,18,0,0,0,0,0,0,0,0,7,1,1,0,0,0,0,0,2,0,0,KRBKRNvK,DRAW,1RB5/7n/8/8/r7/8/8/4K1k1 b - - 0 1
1,1,0,0,0,0,0,1,-1,1,0,1,1,1,0,0,0,0,0,16,0,0,2,3,3,5,4,0,1,21,18,0,0,0,0,0,0,0,0,7,1,1,1,0,0,0,3,2,0,0,KRBKRNvK,DRAW,8/RB6/8/5k1r/3K4/8/8/5n2 w - - 0 1
0,1,0,0,0,0,0,1,-1,1,0,1,1,1,0,0,0,0,0,16,0,0,2,7,1,7,3,5,3,2,0,1,0,0,0,0,0,0,0,7,1,1,0,0,0,0,2,0,0,1,KRBKRNvK,DRAW,8/8/8/8/3R3k/6r1/4B2K/2n5 b - - 0 1
1,1,0,0,0,0,0,1,-1,1,0,1,1,1,0,0,0,0,0,16,0,0,7,7,0,0,7,6,6,20,21,0,0,0,0,0,0,0,0,7,1,1,0,1,0,0,0,2,0,0,KRBKRNvK,DRAW,k3n3/8/8/8/8/7B/3r4/5R1K w - - 0 1
0,1,0,0,0,0,0,1,-1,1,0,1,1,1,0,0,0,0,0,16,0,0,3,2,3,1,0,1,5,21,27,0,0,0,0,0,0,0,0,7,1,1,1,0,0,0,3,2,0,1,KRBKRNvK,DRAW,3n4/2R5/4r3/8/2K2B2/8/8/1k6 b - - 0 1
0,1,0,0,0,0,0,1,-1,1,0,1,1,1,0,0,0,0,0,16,0,0,2,7,0,7,2,6,4,23,18,0,0,0,0,0,0,0,0,7,1,1,0,0,0,0,2,1,0,0,KRBKRNvK,DRAW,r7/8/2B5/8/8/7k/3n4/3R3K b - - 0 1
1,1,0,0,0,0,0,1,-1,1,0,1,1,1,0,0,0,0,0,16,0,0,5,5,4,0,4,1,3,6,0,1,0,0,0,0,0,0,0,7,1,1,0,0,0,0,2,1,0,2,KRBKRNvK,DRAW,8/8/6R1/k4K1r/8/3n4/8/2B5 w - - 0 1
0,1,0,0,0,0,0,1,-1,1,0,1,1,1,0,0,0,0,0,16,0,0,7,6,7,3,0,5,3,15,22,0,0,0,0,0,0,0,0,7,1,1,0,0,0,0,1,0,1,0,KRBKRNvK,DRAW,6KR/8/8/8/8/n2B4/8/2rk4 b - - 0 1
1,1,0,0,0,0,0,1,-1,1,0,1,1,1,0,0,0,0,0,16,0,0,5,4,0,0,5,3,4,5,0,1,0,0,0,0,0,0,0,7,1,1,0,0,0,0,0,2,0,0,KRBKRNvK,LOSS,4B3/8/k3r3/n7/8/1R6/8/4K3 w - - 0 1
1,1,0,0,0,0,0,1,-1,1,0,1,1,1,0,0,0,0,0,16,0,0,2,3,2,1,2,1,3,4,0,1,0,0,0,0,0,0,0,7,1,1,0,0,0,0,4,0,1,1,KRBKRNvK,DRAW,8/8/8/1B3R1n/8/1krK4/8/8 w - - 0 1
0,1,0,0,0,0,0,1,-1,1,0,1,1,1,0,0,0,0,0,16,0,0,6,1,2,7,5,3,4,2,0,1,0,0,0,0,0,0,0,7,1,1,0,0,0,0,0,1,1,1,KRBKRNvK,DRAW,7R/4B3/r6k/8/8/1K6/2n5/8 b - - 0 1
0,1,0,0,0,0,0,1,-1,1,0,1,1,1,0,0,0,0,0,16,0,0,3,2,6,2,3,3,1,20,22,0,0,0,0,0,0,0,0,7,1,1,0,0,0,0,0,2,1,1,KRBKRNvK,DRAW,3B4/2K5/r7/8/2k5/8/nR6/8 b - - 0 1
1,1,0,0,0,0,0,1,-1,1,0,1,1,1,0,0,0,0,0,16,0,0,4,3,7,5,3,3,1,25,19,0,0,0,0,0,0,0,0,7,1,1,0,0,0,0,0,3,1,1,KRBKRNvK,DRAW,3K1n2/8/8/r7/B4k2/6R1/8/8 w - - 0 1
0,1,0,0,0,0,0,1,-1,1,0,1,1,1,0,0,0,0,0,16,0,0,3,3,3,3,0,0,3,17,25,0,0,0,0,0,0,0,0,7,1,1,1,0,0,0,4,1,1,0,KRBKRNvK,DRAW,8/4R3/8/6n1/3K4/8/1B6/r2k4 b - - 0 1
0,1,0,0,0,0,0,1,-1,1,0,1,1,1,0,0,0,0,0,16,0,0,3,7,4,4,2,3,1,25,23,0,0,0,0,0,0,0,0,7,1,1,0,0,0,0,2,2,0,0,KRBKRNvK,DRAW,2n5/8/2r5/1R5K/8/4k2B/8/8 b - - 0 1
0,1,0,0,0,0,0,1,-1,1,0,1,1,1,0,0,0,0,0,16,0,0,4,4,2,4,6,1,2,26,13,0,0,0,0,0,0,0,0,7,1,1,0,0,0,0,2,3,0,1,KRBKRNvK,WIN,8/B3k3/8/8/Rn3r2/4K3/8/8 b - - 0 1
0,1,0,0,0,0,0,1,-1,1,0,1,1,1,0,0,0,0,0,16,0,0,3,4,3,7,3,0,3,22,26,0,0,0,0,0,0,0,0,7,1,1,0,0,0,0,3,0,0,0,KRBKRNvK,DRAW,5r2/8/8/4B3/4K2k/n7/R7/8 b - - 0 1
1,1,0,0,0,0,0,1,-1,1,0,1,1,1,0,0,0,0,0,16,0,0,5,5,5,0,0,2,6,30,15,0,0,0,0,0,0,0,0,7,1,1,0,0,0,0,3,1,0,0,KRBKRNvK,DRAW,1r6/5B2/1n3K2/8/8/8/4R3/k7 w - - 0 1
1,1,0,0,0,0,0,1,-1,1,0,1,1,1,0,0,0,0,0,16,0,0,3,0,3,3,1,3,2,3,0,1,0,0,0,0,0,0,0,7,1,1,0,0,0,0,1,1,1,0,KRBKRNvK,DRAW,r7/8/2R5/8/K7/1B6/3kn3/8 w - - 0 1
0,1,0,0,0,0,0,1,-1,1,0,1,1,1,0,0,0,0,0,16,0,0,2,0,4,2,4,3,1,18,21,0,0,0,0,0,0,0,0,7,1,1,0,0,0,0,1,4,0,0,KRBKRNvK,DRAW,R7/8/8/K1kr2n1/5B2/8/8/8 b - - 0 1
0,1,0,0,0,0,0,1,-1,1,0,1,1,1,0,0,0,0,0,16,0,0,4,2,7,6,3,4,2,6,0,1,0,0,0,0,0,0,0,7,1,1,0,0,0,0,0,2,1,1,KRBKRNvK,DRAW,1nK5/4B3/6R1/1r6/6k1/8/8/8 b - - 0 1
1,1,0,0,0,0,0,1,-1,1,0,1,1,1,0,0,0,0,0,16,0,0,4,2,3,0,7,1,6,29,19,0,0,0,0,0,0,0,0,7,1,1,0,0,0,0,3,0,0,0,KRBKRNvK,DRAW,k5n1/8/7R/8/2K5/8/8/B5r1 w - - 0 1
0,1,0,0,0,0,0,1,-1,1,0,1,1,1,0,0,0,0,0,16,0,0,3,5,0,4,3,4,0,22,25,0,0,0,0,0,0,0,0,7,1,1,0,0,0,0,0,4,1,0,KRBKRNvK,DRAW,2r5/8/8/2n3B1/4k3/8/8/R4K2 b - - 0 1
1,1,0,0,0,0,0,1,-1,1,0,1,1,1,0,0,0,0,0,16,0,0,5,2,6,4,1,3,2,7,0,1,0,0,0,0,0,0,0,7,1,1,1,0,0,0,3,2,0,1,KRBKRNvK,LOSS,8/r1KR4/5n2/8/8/8/4k3/7B w - - 0 1
1,1,0,0,0,0,0,1,-1,1,0,1,1,1,0,0,0,0,0,16,0,0,4,0,1,4,2,5,1,27,20,0,0,0,0,0,0,0,0,7,1,1,0,1,0,0,2,2,2,1,KRBKRNvK,DRAW,8/8/8/8/3RB3/4k3/Kn5r/8 w - - 0 1
0,1,0,0,0,0,0,1,-1,1,0,1,1,1,0,0,0,0,0,16,0,0,5,1,3,6,3,2,2,4,0,1,0,0,0,0,0,0,0,7,1,1,0,0,0,0,1,0,1,0,KRBKRNvK,DRAW,6R1/8/4B3/4n3/1K4k1/8/8/5r2 b - - 0 1
0,1,0,0,0,0,0,1,-1,1,0,1,1,1,0,0,0,0,0,16,0,0,5,2,5,7,5,2,4,3,0,1,0,0,0,0,0,0,0,7,1,1,0,0,0,0,2,3,0,0,KRBKRNvK,DRAW,8/B7/2K4k/6r1/8/7R/4n3/8 b - - 0 1
1,1,0,0,0,0,0,1,-1,1,0,1,1,1,0,0,0,0,0,16,0,0,6,0,6,2,0,5,4,25,22,0,0,0,0,0,0,0,0,7,1,1,0,0,0,0,1,2,1,2,KRBKRNvK,DRAW,8/K7/1n1B4/1r6/8/R7/8/2k5 w - - 0 1
0,1,0,0,0,0,0,1,-1,1,0,1,1,1,0,0,0,0,0,16,0,0,6,1,6,7,0,4,6,1,0,1,0,0,0,0,0,0,0,7,1,1,0,0,0,0,2,1,0,0,KRBKRNvK,DRAW,8/1K6/8/8/7R/8/2Bn4/6rk b - - 0 1
0,1,0,0,0,0,0,1,-1,1,0,1,1,1,0,0,0,0,0,16,0,0,3,1,6,2,3,4,1,25,18,0,0,0,0,0,0,0,0,7,1,1,0,0,0,0,1,2,0,2,KRBKRNvK,DRAW,8/1Knr4/8/8/2k5/8/7B/7R b - - 0 1
0,1,0,0,0,0,0,1,-1,1,0,1,1,1,0,0,0,0,0,16,0,0,2,7,0,5,1,6,3,5,0,1,0,0,0,0,0,0,0,7,1,1,0,0,0,0,2,2,1,1,KRBKRNvK,DRAW,8/8/4r3/8/8/8/1B3k1R/6nK b - - 0 1
1,1,0,0,0,0,0,1,-1,1,0,1,1,1,0,0,0,0,0,16,0,0,5,4,1,7,6,2,5,29,20,0,0,0,0,0,0,0,0,7,1,1,0,0,0,0,0,2,0,0,KRBKRNvK,DRAW,4Bn2/7k/1R6/2r5/8/8/4K3/8 w - - 0 1
0,1,0,0,0,0,0,1,-1,1,0,1,1,1,0,0,0,0,0,16,0,0,4,2,4,3,0,1,3,3,0,1,0,0,0,0,0,0,0,7,1,1,0,0,0,0,3,3,0,1,KRBKRNvK,DRAW,B7/8/1n6/2K5/8/8/8/R2kr3 b - - 0 1
0,1,0,0,0,0,0,1,-1,1,0,1,1,1,0,0,0,0,0,16,0,0,5,3,5,0,0,1,6,19,27,0,0,0,0,0,0,0,0,7,1,1,0,0,0,0,3,0,0,0,KRBKRNvK,DRAW,3R4/8/3K4/8/7n/4B3/8/kr6 b - - 0 1
0,1,0,0,0,0,0,1,-1,1,0,1,1,1,0,0,0,0,0,16,0,0,3,5,6,3,3,3,0,19,27,0,0,0,0,0,0,0,0,7,1,1,0,0,0,0,0,4,0,0,KRBKRNvK,DRAW,8/5K2/B7/8/n2k4/3r4/8/1R6 b - - 0 1
1,1,0,0,0,0,0,1,-1,1,0,1,1,1,0,0,0,0,0,16,0,0,7,2,7,5,0,4,4,4,0,1,0,0,0,0,0,0,0,7,1,1,0,0,0,0,1,3,0,0,KRBKRNvK,DRAW,2K4R/8/4B3/2r5/8/8/4n3/5k2 w - - 0 1
0,1,0,0,0,0,0,1,-1,1,0,1,1,1,0,0,0,0,0,16,0,0,4,3,6,1,2,2,3,6,0,1,0,0,0,0,0,0,0,7,1,1,0,0,0,0,0,1,0,0,KRBKRNvK,DRAW,8/B2K4/1R6/8/8/1k6/5n2/7r b - - 0 1
0,1,0,0,0,0,0,1,-1,1,0,1,1,1,0,0,0,0,0,16,0,0,4,5,3,1,2,1,3,29,20,0,0,0,0,0,0,0,0,7,1,1,0,0,0,0,3,3,0,2,KRBKRNvK,DRAW,5R2/B7/8/6r1/5K2/1k3n2/8/8 b - - 0 1
0,1,0,0,0,0,0,1,-1,1,0,1,1,1,0,0,0,0,0,16,0,0,3,4,4,4,7,0,3,7,25,0,0,0,0,0,0,0,0,7,1,1,0,0,0,0,3,0,0,1,KRBKRNvK,LOSS,4k3/5r2/8/4K2B/8/8/R7/1n6 b - - 0 1
1,1,0,0,0,0,0,1,-1,1,0,1,1,1,0,0,0,0,0,16,0,0,3,6,3,3,2,2,1,30,25,0,0,0,0,0,0,0,0,7,1,1,0,1,0,0,2,2,0,0,KRBKRNvK,DRAW,8/8/8/R7/6K1/3k2B1/2r5/5n2 w - - 0 1
0,1,0,0,0,0,0,1,-1,1,0,1,1,1,0,0,0,0,0,16,0,0,4,2,6,6,3,3,2,25,28,0,0,0,0,0,0,0,0,7,1,1,0,0,0,0,1,2,1,0,KRBKRNvK,DRAW,8/2K5/5R2/8/6k1/1B6/4n3/3r4 b - - 0 1
0,1,0,0,0,0,0,1,-1,1,0,1,1,1,0,0,0,0,0,16,0,0,3,5,6,5,3,3,1,20,28,0,0,0,0,0,0,0,0,7,1,1,0,0,0,0,1,2,0,0,KRBKRNvK,DRAW,8/B4K2/8/8/5k2/2rn4/8/6R1 b - - 0 1
0,1,0,0,0,0,0,1,-1,1,0,1,1,1,0,0,0,0,0,16,0,0,7,3,7,0,0,3,6,20,23,0,0,0,0,0,0,0,0,7,1,1,0,0,0,0,1,2,0,0,KRBKRNvK,DRAW,3K3R/8/8/3B4/4r3/8/6n1/k7 b - - 0 1
0,1,0,0,0,0,0,1,-1,1,0,1,1,1,0,0,0,0,0,16,0,0,5,7,6,2,4,5,1,21,26,0,0,0,0,0,0,0,0,7,1,1,0,0,0,0,3,2,0,0,KRBKRNvK,DRAW,8/5B1K/8/2k5/7R/n2r4/8/8 b - - 0 1
1,1,0,0,0,0,0,1,-1,1,0,1,1,1,0,0,0,0,0,16,0,0,6,3,1,0,7,2,6,4,0,1,0,0,0,0,0,0,0,7,1,1,0,1,0,0,1,1,0,1,KRBKRNvK,DRAW,k7/8/8/8/2n5/3B1R2/3K3r/8 w - - 0 1
1,1,0,0,0,0,0,1,-1,1,0,1,1,1,0,0,0,0,0,16,0,0,7,7,0,4,7,6,3,2,0,1,0,0,0,0,0,0,0,7,1,1,0,0,0,0,2,1,1,0,KRBKRNvK,DRAW,4k3/6B1/R7/5n2/8/8/8/2r4K w - - 0 1
1,1,0,0,0,0,0,1,-1,1,0,1,1,1,0,0,0,0,0,16,0,0,3,3,6,4,3,2,0,6,0,1,0,0,0,0,0,0,0,7,1,1,0,0,0,0,0,3,1,0,KRBKRNvK,DRAW,n6B/r2K4/5R2/8/4k3/8/8/8 w - - 0 1
0,1,0,0,0,0,0,1,-1,1,0,1,1,1,0,0,0,0,0,16,0,0,4,4,6,1,2,2,3,6,0,1,0,0,0,0,0,0,0,7,1,1,0,1,0,0,1,1,0,0,KRBKRNvK,DRAW,6B1/4K3/8/8/8/1k1n4/2r3R1/8 b - - 0 1
0,1,0,0,0,0,0,1,-1,1,0,1,1,1,0,0,0,0,0,16,0,0,3,3,2,0,3,1,3,15,33,0,0,0,0,0,0,0,0,7,1,1,0,0,0,0,4,0,0,0,KRBKRNvK,DRAW,8/r7/n4B2/7R/k7/3K4/8/8 b - - 0 1
0,1,0,0,0,0,0,1,-1,1,0,1,1,1,0,0,0,0,0,16,0,0,3,6,7,6,4,5,2,22,22,0,0,0,0,0,0,0,0,7,1,1,0,0,0,0,1,2,0,0,KRBKRNvK,DRAW,2n3K1/8/8/4r1k1/8/8/1RB5/8 b - - 0 1
0,1,0,0,0,0,0,1,-1,1,0,1,1,1,0,0,0,0,0,16,0,0,6,5,1,4,7,3,3,23,24,0,0,0,0,0,0,0,0,7,1,1,0,0,0,0,0,2,0,1,KRBKRNvK,DRAW,4k3/8/8/3r4/3n4/8/R4K2/3B4 b - - 0 1
0,1,0,0,0,0,0,1,-1,1,0,1,1,1,0,0,0,0,0,16,0,0,2,5,1,3,1,3,2,19,28,0,0,0,0,0,0,0,0,7,1,1,1,0,0,0,3,2,1,0,KRBKRNvK,DRAW,8/4R3/3r4/8/8/8/1B1k1K2/2n5 b - - 0 1
1,1,0,0,0,0,0,1,-1,1,0,1,1,1,0,0,0,0,0,16,0,0,3,7,0,4,1,6,2,1,0,1,0,0,0,0,0,0,0,7,1,1,0,1,0,0,1,0,0,2,KRBKRNvK,DRAW,1R6/8/8/2B5/8/8/4k2r/5n1K w - - 0 1
1,1,0,0,0,0,0,1,-1,1,0,1,1,1,0,0,0,0,0,16,0,0,2,6,3,5,1,2,3,23,21,0,0,0,0,0,0,0,0,7,1,1,0,0,0,0,1,0,1,1,KRBKRNvK,DRAW,8/8/7r/8/6K1/2RB4/n4k2/8 w - - 0 1
1,1,0,0,0,0,0,1,-1,1,0,1,1,1,0,0,0,0,0,16,0,0,4,4,7,5,3,3,1,26,20,0,0,0,0,0,0,0,0,7,1,1,0,0,0,0,2,2,1,0,KRBKRNvK,DRAW,4K3/8/8/1R6/5k2/6r1/4B3/4n3 w - - 0 1
0,1,0,0,0,0,0,1,-1,1,0,1,1,1,0,0,0,0,0,16,0,0,2,0,7,2,6,6,3,22,22,0,0,0,0,0,0,0,0,7,1,1,0,0,0,0,2,2,0,0,KRBKRNvK,WIN,K4B2/2k5/8/nr6/8/4R3/8/8 b - - 0 1
1,1,0,0,0,0,0,1,-1,1,0,1,1,1,0,0,0,0,0,16,0,0,5,1,1,6,1,4,4,28,23,0,0,0,0,0,0,0,0,7,1,1,0,0,0,0,3,2,0,0,KRBKRNvK,DRAW,8/2B2n2/8/2r5/8/3R4/1K4k1/8 w - - 0 1
0,1,0,0,0,0,0,1,-1,1,0,1,1,1,0,0,0,0,0,16,0,0,2,4,1,3,3,2,0,25,28,0,0,0,0,0,0,0,0,7,1,1,0,0,0,0,1,3,1,1,KRBKRNvK,DRAW,8/7r/8/8/2nk1B2/6R1/4K3/8 b - - 0 1
1,1,0,0,0,0,0,1,-1,1,0,1,1,1,0,0,0,0,0,16,0,0,6,6,0,3,6,5,2,27,23,0,0,0,0,0,0,0,0,7,1,1,0,0,0,0,3,2,0,0,KRBKRNvK,DRAW,8/3k4/4r1n1/8/R4B2/8/8/6K1 w - - 0 1
0,1,0,0,0,0,0,1,-1,1,0,1,1,1,0,0,0,0,0,16,0,0,3,1,0,2,3,5,1,21,20,0,0,0,0,0,0,0,0,7,1,1,0,0,0,0,2,2,0,0,KRBKRNvK,DRAW,4n3/8/2r5/8/2k5/5B2/8/RK6 b - - 0 1
1,1,0,0,0,0,0,1,-1,1,0,1,1,1,0,0,0,0,0,16,0,0,3,2,4,1,1,1,4,25,25,0,0,0,0,0,0,0,0,7,1,1,0,0,0,0,3,2,0,1,KRBKRNvK,DRAW,1n1B4/8/4r3/2K5/7R/8/1k6/8 w - - 0 1
0,1,0,0,0,0,0,1,-1,1,0,1,1,1,0,0,0,0,0,16,0,0,3,6,7,3,5,5,1,19,28,0,0,0,0,0,0,0,0,7,1,1,0,0,0,0,0,3,0,0,KRBKRNvK,DRAW,6K1/8/3k4/6B1/8/R7/8/3r2n1 b - - 0 1
1,1,0,0,0,0,0,1,-1,1,0,1,1,1,0,0,0,0,0,16,0,0,2,3,6,1,5,2,3,32,17,0,0,0,0,0,0,0,0,7,1,1,0,0,0,0,1,1,0,1,KRBKRNvK,DRAW,8/3K4/1k6/rn2B3/8/5R2/8/8 w - - 0 1
1,1,0,0,0,0,0,1,-1,1,0,1,1,1,0,0,0,0,0,16,0,0,4,2,2,6,2,2,3,6,0,1,0,0,0,0,0,0,0,7,1,1,0,0,0,0,1,0,1,1,KRBKRNvK,DRAW,8/3B4/8/8/8/r1K3kn/5R2/8 w - - 0 1
0,1,0,0,0,0,0,1,-1,1,0,1,1,1,0,0,0,0,0,16,0,0,3,6,3,5,0,2,4,4,0,1,0,0,0,0,0,0,0,7,1,1,0,0,0,0,1,3,0,2,KRBKRNvK,LOSS,6R1/8/4n3/5r2/2B3K1/8/8/5k2 b - - 0 1
1,1,0,0,0,0,0,1,-1,1,0,1,1,1,0,0,0,0,0,16,0,0,4,6,3,6,7,2,5,21,14,0,0,0,0,0,0,0,0,7,1,1,0,0,0,0,1,1,0,0,KRBKRNvK,DRAW,6kr/5n2/8/8/6K1/6R1/2B5/8 w - - 0 1
1,1,0,0,0,0,0,1,-1,1,0,1,1,1,0,0,0,0,0,16,0,0,4,3,2,7,6,1,5,27,18,0,0,0,0,0,0,0,0,7,1,1,0,0,0,0,3,1,0,1,KRBKRNvK,DRAW,8/7k/1r6/1n6/2R5/2BK4/8/8 w - - 0 1
0,1,0,0,0,0,0,1,-1,1,0,1,1,1,0,0,0,0,0,16,0,0,4,1,3,0,7,2,6,14,30,0,0,0,0,0,0,0,0,7,1,1,1,1,0,0,3,0,0,0,KRBKRNvK,DRAW,k7/4R3/8/8/1K5n/1B6/7r/8 b - - 0 1
0,1,0,0,0,0,0,1,-1,1,0,1,1,1,0,0,0,0,0,16,0,0,4,1,4,0,0,2,6,17,21,0,0,0,0,0,0,0,0,7,1,1,0,0,0,0,0,2,0,1,KRBKRNvK,DRAW,n7/8/8/1K6/3r4/8/6R1/k4B2 b - - 0 1
1,1,0,0,0,0,0,1,-1,1,0,1,1,1,0,0,0,0,0,16,0,0,3,3,7,0,7,3,6,25,18,0,0,0,0,0,0,0,0,7,1,1,0,0,0,0,1,2,1,0,KRBKRNvK,DRAW,kB1K4/8/8/1n6/1r6/8/5R2/8 w - - 0 1
1,1,0,0,0,0,0,1,-1,1,0,1,1,1,0,0,0,0,0,16,0,0,4,4,4,0,0,0,6,28,20,0,0,0,0,0,0,0,0,7,1,1,0,0,0,0,3,0,1,0,KRBKRNvK,DRAW,2r5/8/8/n3K3/8/B4R2/8/k7 w - - 0 1
1,1,0,0,0,0,0,1,-1,1,0,1,1,1,0,0,0,0,0,16,0,0,5,4,0,4,5,3,1,24,22,0,0,0,0,0,0,0,0,7,1,1,1,0,0,0,0,2,0,1,KRBKRNvK,DRAW,8/1R6/4k3/8/8/4n2r/8/3BK3 w - - 0 1
1,1,0,0,0,0,0,1,-1,1,0,1,1,1,0,0,0,0,0,16,0,0,2,4,0,2,2,3,2,3,0,1,0,0,0,0,0,0,0,7,1,1,0,0,0,0,2,3,0,1,KRBKRNvK,DRAW,7n/8/2B2R2/8/8/2k1r3/8/4K3 w - - 0 1
1,1,0,0,0,0,0,1,-1,1,0,1,1,1,0,0,0,0,0,16,0,0,2,1,5,3,4,3,0,27,26,0,0,0,0,0,0,0,0,7,1,1,0,0,0,0,1,3,0,1,KRBKRNvK,DRAW,6R1/8/1K1n4/3k4/5r2/8/2B5/8 w - - 0 1
1,1,0,0,0,0,0,1,-1,1,0,1,1,1,0,0,0,0,0,16,0,0,5,3,6,6,1,2,4,5,0,1,0,0,0,0,0,0,0,7,1,1,0,0,0,0,1,2,2,1,KRBKRNvK,DRAW,8/3K4/8/4n3/3r4/8/5Bk1/7R w - - 0 1
0,1,0,0,0,0,0,1,-1,1,0,1,1,1,0,0,0,0,0,16,0,0,4,6,4,7,0,2,6,18,25,0,0,0,0,0,0,0,0,7,1,1,0,0,0,0,2,1,0,2,KRBKRNvK,DRAW,8/8/1B6/6K1/8/4nr2/3R4/7k b - - 0 1
0,1,0,0,0,0,0,1,-1,1,0,1,1,1,0,0,0,0,0,16,0,0,7,7,0,0,4,6,3,4,0,1,0,0,0,0,0,0,0,7,1,1,0,0,0,0,2,1,0,0,KRBKRNvK,DRAW,8/8/1r6/k4R2/8/6B1/4n3/7K b - - 0 1
1,1,0,0,0,0,0,1,-1,1,0,1,1,1,0,0,0,0,0,16,0,0,7,0,7,0,0,6,6,22,19,0,0,0,0,0,0,0,0,7,1,1,0,0,0,0,1,0,1,0,KRBKRNvK,DRAW,K7/5r2/8/8/8/1R4Bn/8/k7 w - - 0 1
0,1,0,0,0,0,0,1,-1,1,0,1,1,1,0,0,0,0,0,16,0,0,2,3,2,5,0,1,4,21,23,0,0,0,0,0,0,0,0,7,1,1,0,0,0,0,3,0,0,1,KRBKRNvK,DRAW,6r1/3B4/8/3R4/8/3K4/8/1n3k2 b - - 0 1
0,1,0,0,0,0,0,1,-1,1,0,1,1,1,0,0,0,0,0,16,0,0,4,1,1,5,3,4,1,21,28,0,0,0,0,0,0,0,0,7,1,1,0,0,0,0,3,2,1,0,KRBKRNvK,DRAW,r7/1B6/8/7n/5k2/3R4/1K6/8 b - - 0 1
1,1,0,0,0,0,0,1,-1,1,0,1,1,1,0,0,0,0,0,16,0,0,5,6,1,7,6,4,5,30,22,0,0,0,0,0,0,0,0,7,1,1,0,0,0,0,3,1,0,0,KRBKRNvK,DRAW,4R3/7k/6n1/2B5/8/8/6K1/r7 w - - 0 1
0,1,0,0,0,0,0,1,-1,1,0,1,1,1,0,0,0,0,0,16,0,0,4,4,1,6,5,2,3,28,23,0,0,0,0,0,0,0,0,7,1,1,0,0,0,0,1,3,0,0,KRBKRNvK,DRAW,3r4/8/5nk1/8/2B5/2R5/4K3/8 b - - 0 1
0,1,0,0,0,0,0,1,-1,1,0,1,1,1,0,0,0,0,0,16,0,0,5,2,5,7,6,2,5,26,21,0,0,0,0,0,0,0,0,7,1,1,0,0,0,0,3,3,0,1,KRBKRNvK,DRAW,4B3/7k/2K5/r7/5R2/5n2/8/8 b - - 0 1
1,1,0,0,0,0,0,1,-1,1,0,1,1,1,0,0,0,0,0,16,0,0,3,4,0,1,3,3,2,23,23,0,0,0,0,0,0,0,0,7,1,1,0,0,0,0,1,1,0,1,KRBKRNvK,DRAW,8/8/8/5n2/1k3B2/5r2/8/2R1K3 w - - 0 1
1,1,0,0,0,0,0,1,-1,1,0,1,1,1,0,0,0,0,0,16,0,0,4,0,3,0,7,3,6,24,20,0,0,0,0,0,0,0,0,7,1,1,0,0,0,0,2,0,0,1,KRBKRNvK,DRAW,k7/8/1r6/8/K4B2/4R3/6n1/8 w - - 0 1
1,1,0,0,0,0,0,1,-1,1,0,1,1,1,0,0,0,0,0,16,0,0,4,3,4,0,0,0,6,3,0,1,0,0,0,0,0,0,0,7,1,1,0,0,0,0,4,3,1,2,KRBKRNvK,LOSS,8/8/8/3K4/2r5/4nB2/1R6/k7 w - - 0 1
0,1,0,0,0,0,0,1,-1,1,0,1,1,1,0,0,0,0,0,16,0,0,4,6,5,2,5,3,2,17,26,0,0,0,0,0,0,0,0,7,1,1,0,0,0,0,0,1,0,0,KRBKRNvK,DRAW,2r5/8/2k3KB/8/8/8/8/1R3n2 b - - 0 1
1,1,0,0,0,0,0,1,-1,1,0,1,1,1,0,0,0,0,0,16,0,0,4,1,0,0,4,5,3,22,21,0,0,0,0,0,0,0,0,7,1,1,0,0,0,0,3,2,0,0,KRBKRNvK,DRAW,8/8/4r3/k6n/3R4/8/8/1K4B1 w - - 0 1
0,1,0,0,0,0,0,1,-1,1,0,1,1,1,0,0,0,0,0,16,0,0,4,5,5,1,5,2,3,5,0,1,0,0,0,0,0,0,0,7,1,1,0,0,0,0,2,0,1,1,KRBKRNvK,WIN,1R1n4/8/rk3K2/8/4B3/8/8/8 b - - 0 1
1,1,0,0,0,0,0,1,-1,1,0,1,1,1,0,0,0,0,0,16,0,0,7,7,4,0,1,3,5,25,22,0,0,0,0,0,0,0,0,7,1,1,0,0,0,0,0,1,0,0,KRBKRNvK,DRAW,2R5/8/1r1n4/7K/8/7B/k7/8 w - - 0 1
1,1,0,0,0,0,0,1,-1,1,0,1,1,1,0,0,0,0,0,16,0,0,5,0,2,0,7,4,6,23,18,0,0,0,0,0,0,0,0,7,1,1,1,0,0,0,0,2,0,1,KRBKRNvK,WIN,k7/3B3R/8/3r4/8/K7/8/n7 w - - 0 1
0,1,0,0,0,0,0,1,-1,1,0,1,1,1,0,0,0,0,0,16,0,0,4,1,2,4,6,3,2,28,27,0,0,0,0,0,0,0,0,7,1,1,0,0,0,0,2,1,1,0,KRBKRNvK,DRAW,7r/4k3/2R1n3/8/8/1K3B2/8/8 b - - 0 1
1,1,0,0,0,0,0,1,-1,1,0,1,1,1,0,0,0,0,0,16,0,0,3,3,2,1,5,1,3,25,25,0,0,0,0,0,0,0,0,7,1,1,0,0,0,0,3,2,0,0,KRBKRNvK,DRAW,6RB/1n6/1k6/8/r7/3K4/8/8 w - - 0 1
1,1,0,0,0,0,0,1,-1,1,0,1,1,1,0,0,0,0,0,16,0,0,2,1,7,2,5,5,2,20,25,0,0,0,0,0,0,0,0,7,1,1,0,1,0,0,2,2,0,0,KRBKRNvK,DRAW,1K3R2/8/2k2B2/8/1n6/8/3r4/8 w - - 0 1
0,1,0,0,0,0,0,1,-1,1,0,1,1,1,0,0,0,0,0,16,0,0,5,4,5,7,0,1,6,2,0,1,0,0,0,0,0,0,0,7,1,1,0,0,0,0,3,0,0,1,KRBKRNvK,DRAW,2r5/8/4K3/8/8/n7/2B5/2R4k b - - 0 1
1,1,0,0,0,0,0,1,-1,1,0,1,1,1,0,0,0,0,0,16,0,0,2,3,4,1,3,0,2,23,21,0,0,0,0,0,0,0,0,7,1,1,0,0,0,0,4,0,1,0,KRBKRNvK,DRAW,8/8/6r1/R2K4/1k6/4B3/1n6/8 w - - 0 1
0,1,0,0,0,0,0,1,-1,1,0,1,1,1,0,0,0,0,0,16,0,0,3,4,4,4,7,0,3,20,26,0,0,0,0,0,0,0,0,7,1,1,1,0,0,0,3,0,1,1,KRBKRNvK,DRAW,B3k3/6R1/8/4K3/8/2r5/6n1/8 b - - 0 1
1,1,0,0,0,0,0,1,-1,1,0,1,1,1,0,0,0,0,0,16,0,0,3,6,0,3,0,5,3,23,18,0,0,0,0,0,0,0,0,7,1,1,0,1,0,0,2,0,0,0,KRBKRNvK,DRAW,8/8/7B/7n/4R3/8/2r5/3k2K1 w - - 0 1
0,1,0,0,0,0,0,1,-1,1,0,1,1,1,0,0,0,0,0,16,0,0,6,4,6,2,0,2,4,21,25,0,0,0,0,0,0,0,0,7,1,1,0,0,0,0,0,2,0,1,KRBKRNvK,DRAW,8/B3K3/8/2r5/1n6/8/5R2/2k5 b - - 0 1
1,1,0,0,0,0,0,1,-1,1,0,1,1,1,0,0,0,0,0,16,0,0,7,4,7,0,0,3,6,13,22,0,0,0,0,0,0,0,0,7,1,1,1,0,0,0,0,3,0,0,KRBKRNvK,DRAW,4K3/4B1R1/8/8/8/5n2/8/k3r3 w - - 0 1
1,1,0,0,0,0,0,1,-1,1,0,1,1,1,0,0,0,0,0,16,0,0,7,7,7,0,0,6,6,26,18,0,0,0,0,0,0,0,0,7,1,1,0,0,0,0,1,2,0,0,KRBKRNvK,DRAW,7K/5B2/1R6/2r5/8/8/8/k4n2 w - - 0 1
1,1,0,0,0,0,0,1,-1,1,0,1,1,1,0,0,0,0,0,16,0,0,3,4,4,1,1,0,4,5,0,1,0,0,0,0,0,0,0,7,1,1,0,0,0,0,4,1,0,1,KRBKRNvK,DRAW,2B5/8/1r2R3/4K3/8/3n4/1k6/8 w - - 0 1
1,1,0,0,0,0,0,1,-1,1,0,1,1,1,0,0,0,0,0,16,0,0,2,4,3,2,4,0,1,5,0,1,0,0,0,0,0,0,0,7,1,1,0,0,0,0,4,3,0,1,KRBKRNvK,DRAW,6R1/8/8/2k5/4K3/8/2Bn4/3r4 w - - 0 1
0,1,0,0,0,0,0,1,-1,1,0,1,1,1,0,0,0,0,0,16,0,0,2,4,7,3,5,3,1,23,16,0,0,0,0,0,0,0,0,7,1,1,0,0,0,0,0,4,0,0,KRBKRNvK,DRAW,4K3/8/3k4/8/n4r2/8/R3B3/8 b - - 0 1
0,1,0,0,0,0,0,1,-1,1,0,1,1,1,0,0,0,0,0,16,0,0,2,1,6,0,4,4,3,21,27,0,0,0,0,0,0,0,0,7,1,1,0,1,0,0,2,1,0,0,KRBKRNvK,DRAW,8/1K4B1/8/k5n1/8/8/7r/1R6 b - - 0 1
0,1,0,0,0,0,0,1,-1,1,0,1,1,1,0,0,0,0,0,16,0,0,5,1,2,6,2,3,3,19,27,0,0,0,0,0,0,0,0,7,1,1,1,0,0,0,0,1,0,0,KRBKRNvK,DRAW,8/R7/8/6nr/8/1K4k1/8/3B4 b - - 0 1
0,1,0,0,0,0,0,1,-1,1,0,1,1,1,0,0,0,0,0,16,0,0,3,0,4,0,1,3,5,2,0,1,0,0,0,0,0,0,0,7,1,1,0,0,0,0,1,2,1,0,KRBKRNvK,DRAW,1R6/4r1n1/8/K7/2B5/8/k7/8 b - - 0 1
1,1,0,0,0,0,0,1,-1,1,0,1,1,1,0,0,0,0,0,16,0,0,7,7,7,4,0,6,3,29,24,0,0,0,0,0,0,0,0,7,1,1,0,0,0,0,2,1,0,0,KRBKRNvK,DRAW,7K/8/r7/4B3/1R6/8/4n3/4k3 w - - 0 1
0,1,0,0,0,0,0,1,-1,1,0,1,1,1,0,0,0,0,0,16,0,0,2,4,2,5,0,1,4,18,28,0,0,0,0,0,0,0,0,7,1,1,1,0,0,0,3,1,0,2,KRBKRNvK,DRAW,8/1R6/8/8/3B1n2/4K3/8/5kr1 b - - 0 1
1,1,0,0,0,0,0,1,-1,1,0,1,1,1,0,0,0,0,0,16,0,0,5,7,1,2,5,5,2,20,27,0,0,0,0,0,0,0,0,7,1,1,0,0,0,0,2,4,0,0,KRBKRNvK,DRAW,8/4r3/2k5/1n5B/7R/8/7K/8 w - - 0 1
1,1,0,0,0,0,0,1,-1,1,0,1,1,1,0,0,0,0,0,16,0,0,2,4,7,6,7,3,5,22,17,0,0,0,0,0,0,0,0,7,1,1,0,1,0,0,2,0,0,0,KRBKRNvK,DRAW,4K1k1/7n/8/8/BR6/8/7r/8 w - - 0 1
1,1,0,0,0,0,0,1,-1,1,0,1,1,1,0,0,0,0,0,16,0,0,5,3,6,4,1,2,2,7,0,1,0,0,0,0,0,0,0,7,1,1,1,0,0,0,1,0,0,1,KRBKRNvK,DRAW,8/3K3R/6B1/4n3/8/1r6/4k3/8 w - - 0 1
1,1,0,0,0,0,0,1,-1,1,0,1,1,1,0,0,0,0,0,16,0,0,6,1,5,7,3,3,3,22,21,0,0,0,0,0,0,0,0,7,1,1,0,0,0,0,0,3,0,0,KRBKRNvK,DRAW,8/B4n2/1K6/8/6rk/2R5/8/8 w - - 0 1
0,1,0,0,0,0,0,1,-1,1,0,1,1,1,0,0,0,0,0,16,0,0,3,7,1,5,4,5,1,24,17,0,0,0,0,0,0,0,0,7,1,1,0,0,0,0,1,4,0,0,KRBKRNvK,DRAW,1B2n2R/8/8/5k2/8/8/7K/3r4 b - - 0 1
1,1,0,0,0,0,0,1,-1,1,0,1,1,1,0,0,0,0,0,16,0,0,4,1,4,5,6,2,3,7,0,1,0,0,0,0,0,0,0,7,1,1,0,0,0,0,1,0,1,1,KRBKRNvK,DRAW,2n5/1r3k2/7R/1K6/8/8/7B/8 w - - 0 1
1,1,0,0,0,0,0,1,-1,1,0,1,1,1,0,0,0,0,0,16,0,0,4,4,3,0,0,0,6,7,0,1,0,0,0,0,0,0,0,7,1,1,0,0,0,0,3,2,0,0,KRBKRNvK,DRAW,8/n7/8/8/r3K3/8/8/k3B1R1 w - - 0 1
0,1,0,0,0,0,0,1,-1,1,0,1,1,1,0,0,0,0,0,16,0,0,4,3,6,3,2,2,1,26,29,0,0,0,0,0,0,0,0,7,1,1,0,0,0,0,0,3,1,0,KRBKRNvK,DRAW,8/3K4/8/6B1/8/3kn3/1R6/r7 b - - 0 1
1,1,0,0,0,0,0,1,-1,1,0,1,1,1,0,0,0,0,0,16,0,0,5,2,7,7,3,4,3,26,20,0,0,0,0,0,0,0,0,7,1,1,0,0,0,0,1,0,1,0,KRBKRNvK,DRAW,2K5/8/5R2/8/7k/8/8/r5Bn w - - 0 1
0,1,0,0,0,0,0,1,-1,1,0,1,1,1,0,0,0,0,0,16,0,0,3,5,1,2,0,3,4,3,0,1,0,0,0,0,0,0,0,7,1,1,0,0,0,0,2,0,1,0,KRBKRNvK,LOSS,6n1/8/2r5/2R5/8/B7/5K2/2k5 b - - 0 1
1,1,0,0,0,0,0,1,-1,1,0,1,1,1,0,0,0,0,0,16,0,0,2,3,4,1,5,0,3,2,0,1,0,0,0,0,0,0,0,7,1,1,0,0,0,0,3,3,1,2,KRBKRNvK,DRAW,R7/8/1k6/2nK4/6B1/3r4/8/8 w - - 0 1
0,1,0,0,0,0,0,1,-1,1,0,1,1,1,0,0,0,0,0,16,0,0,2,2,6,1,4,3,2,21,25,0,0,0,0,0,0,0,0,7,1,1,0,0,0,0,0,2,0,0,KRBKRNvK,DRAW,8/2K5/8/1k5n/5r2/7B/2R5/8 b - - 0 1
1,1,0,0,0,0,0,1,-1,1,0,1,1,1,0,0,0,0,0,16,0,0,3,0,4,0,1,3,5,22,26,0,0,0,0,0,0,0,0,7,1,1,1,0,0,0,1,2,0,0,KRBKRNvK,DRAW,8/R7/8/K2n1B2/7r/8/k7/8 w - - 0 1
1,1,0,0,0,0,0,1,-1,1,0,1,1,1,0,0,0,0,0,16,0,0,4,3,6,5,2,2,2,30,20,0,0,0,0,0,0,0,0,7,1,1,0,0,0,0,3,1,0,0,KRBKRNvK,DRAW,4R3/3K4/1B6/8/8/5k2/3n4/1r6 w - - 0 1
1,1,0,0,0,0,0,1,-1,1,0,1,1,1,0,0,0,0,0,16,0,0,2,0,6,2,4,5,1,22,25,0,0,0,0,0,0,0,0,7,1,1,0,0,0,0,0,3,1,1,KRBKRNvK,DRAW,8/K2B4/1r6/2k5/2n5/8/8/R7 w - - 0 1
1,1,0,0,0,0,0,1,-1,1,0,1,1,1,0,0,0,0,0,16,0,0,6,5,0,7,6,4,5,24,18,0,0,0,0,0,0,0,0,7,1,1,0,0,0,0,0,0,1,0,KRBKRNvK,DRAW,n7/6rk/8/7B/8/8/1R6/5K2 w - - 0 1
0,1,0,0,0,0,0,1,-1,1,0,1,1,1,0,0,0,0,0,16,0,0,3,4,4,4,1,0,2,6,0,1,0,0,0,0,0,0,0,7,1,1,0,0,0,0,3,0,1,1,KRBKRNvK,DRAW,8/r7/8/2B1K3/4n3/8/4k1R1/8 b - - 0 1
1,1,0,0,0,0,0,1,-1,1,0,1,1,1,0,0,0,0,0,16,0,0,6,1,7,7,3,5,3,2,0,1,0,0,0,0,0,0,0,7,1,1,0,0,0,0,3,0,0,1,KRBKRNvK,DRAW,1K2r3/8/nB2R3/8/7k/8/8/8 w - - 0 1
1,1,0,0,0,0,0,1,-1,1,0,1,1,1,0,0,0,0,0,16,0,0,3,2,2,3,5,2,1,5,0,1,0,0,0,0,0,0,0,7,1,1,0,0,0,0,1,2,0,1,KRBKRNvK,DRAW,2r5/8/3k4/8/8/2K5/n7/2B2R2 w - - 0 1
0,1,0,0,0,0,0,1,-1,1,0,1,1,1,0,0,0,0,0,16,0,0,4,7,4,6,0,3,5,22,26,0,0,0,0,0,0,0,0,7,1,1,0,1,0,0,2,0,0,0,KRBKRNvK,DRAW,8/3B4/8/7K/3R4/n7/2r5/6k1 b - - 0 1
0,1,0,0,0,0,0,1,-1,1,0,1,1,1,0,0,0,0,0,16,0,0,3,6,0,3,3,5,0,24,24,0,0,0,0,0,0,0,0,7,1,1,0,1,0,0,1,3,1,0,KRBKRNvK,DRAW,8/8/R7/8/3k4/1B6/2r5/3n2K1 b - - 0 1
0,1,0,0,0,0,0,1,-1,1,0,1,1,1,0,0,0,0,0,16,0,0,2,3,5,1,5,1,3,16,22,0,0,0,0,0,0,0,0,7,1,1,0,0,0,0,4,0,0,1,KRBKRNvK,DRAW,1r6/8/1k1K3B/8/n4R2/8/8/8 b - - 0 1
0,1,0,0,0,0,0,1,-1,1,0,1,1,1,0,0,0,0,0,16,0,0,4,3,2,4,6,1,2,21,29,0,0,0,0,0,0,0,0,7,1,1,0,0,0,0,2,0,0,0,KRBKRNvK,DRAW,2n5/4k3/8/B7/8/3K4/5R2/6r1 b - - 0 1
1,1,0,0,0,0,0,1,-1,1,0,1,1,1,0,0,0,0,0,16,0,0,3,3,1,0,4,2,3,7,0,1,0,0,0,0,0,0,0,7,1,1,1,0,0,0,0,2,1,0,KRBKRNvK,DRAW,8/5R2/2n5/kB1r4/8/8/3K4/8 w - - 0 1
0,1,0,0,0,0,0,1,-1,1,0,1,1,1,0,0,0,0,0,16,0,0,5,0,2,3,7,4,3,22,21,0,0,0,0,0,0,0,0,7,1,1,0,0,0,0,2,1,0,0,KRBKRNvK,WIN,3k4/8/8/8/8/K3nr2/1B6/4R3 b - - 0 1
0,1,0,0,0,0,0,1,-1,1,0,1,1,1,0,0,0,0,0,16,0,0,4,6,0,2,2,5,2,4,0,1,0,0,0,0,0,0,0,7,1,1,0,0,0,0,1,2,1,0,KRBKRNvK,DRAW,8/8/8/6n1/1r3B2/2k5/8/2R3K1 b - - 0 1
0,1,0,0,0,0,0,1,-1,1,0,1,1,1,0,0,0,0,0,16,0,0,4,3,1,7,3,2,3,22,25,0,0,0,0,0,0,0,0,7,1,1,0,0,0,0,3,0,0,0,KRBKRNvK,DRAW,4R1n1/2r5/8/8/7k/8/B2K4/8 b - - 0 1
1,1,0,0,0,0,0,1,-1,1,0,1,1,1,0,0,0,0,0,16,0,0,6,1,2,7,0,3,6,31,17,0,0,0,0,0,0,0,0,7,1,1,0,0,0,0,3,2,1,0,KRBKRNvK,DRAW,8/8/6n1/6r1/3R4/1K4B1/8/7k w - - 0 1
0,1,0,0,0,0,0,1,-1,1,0,1,1,1,0,0,0,0,0,16,0,0,4,0,0,4,1,6,2,23,23,0,0,0,0,0,0,0,0,7,1,1,0,0,0,0,2,2,1,0,KRBKRNvK,DRAW,8/8/3r3n/8/2R4B/8/4k3/K7 b - - 0 1
0,1,0,0,0,0,0,1,-1,1,0,1,1,1,0,0,0,0,0,16,0,0,2,6,6,7,4,4,3,14,24,0,0,0,0,0,0,0,0,7,1,1,0,0,0,0,3,0,0,1,KRBKRNvK,DRAW,7r/6K1/8/7k/4R2n/8/B7/8 b - - 0 1
1,1,0,0,0,0,0,1,-1,1,0,1,1,1,0,0,0,0,0,16,0,0,4,7,1,3,4,5,0,4,0,1,0,0,0,0,0,0,0,7,1,1,0,0,0,0,0,3,0,1,KRBKRNvK,DRAW,8/r7/8/3k4/8/6R1/7K/2B2n2 w - - 0 1
0,1,0,0,0,0,0,1,-1,1,0,1,1,1,0,0,0,0,0,16,0,0,2,0,3,2,4,3,1,27,20,0,0,0,0,0,0,0,0,7,1,1,0,0,0,0,1,3,0,1,KRBKRNvK,DRAW,8/8/2n5/2k2B2/K7/7r/R7/8 b - - 0 1
1,1,0,0,0,0,0,1,-1,1,0,1,1,1,0,0,0,0,0,16,0,0,3,3,4,6,5,0,3,7,0,1,0,0,0,0,0,0,0,7,1,1,0,0,0,0,4,1,0,1,KRBKRNvK,DRAW,8/4n1r1/2B3k1/3K4/8/1R6/8/8 w - - 0 1
0,1,0,0,0,0,0,1,-1,1,0,1,1,1,0,0,0,0,0,16,0,0,3,2,4,3,1,1,2,16,26,0,0,0,0,0,0,0,0,7,1,1,0,0,0,0,3,2,0,0,KRBKRNvK,DRAW,3r3n/7B/8/2K5/8/8/3k4/6R1 b - - 0 1
1,1,0,0,0,0,0,1,-1,1,0,1,1,1,0,0,0,0,0,16,0,0,5,7,1,2,1,5,3,24,22,0,0,0,0,0,0,0,0,7,1,1,0,0,0,0,1,2,0,0,KRBKRNvK,DRAW,3n4/5B2/8/8/8/4r3/2k4K/5R2 w - - 0 1
0,1,0,0,0,0,0,1,-1,1,0,1,1,1,0,0,0,0,0,16,0,0,5,0,7,2,2,6,2,20,17,0,0,0,0,0,0,0,0,7,1,1,1,0,0,0,2,4,0,0,KRBKRNvK,DRAW,K7/B2Rn3/8/8/8/2k1r3/8/8 b - - 0 1
0,1,0,0,0,0,0,1,-1,1,0,1,1,1,0,0,0,0,0,16,0,0,2,0,4,2,4,3,1,19,18,0,0,0,0,0,0,0,0,7,1,1,0,0,0,0,3,4,1,0,KRBKRNvK,DRAW,B7/8/8/K1k5/R6n/4r3/8/8 b - - 0 1
0,1,0,0,0,0,0,1,-1,1,0,1,1,1,0,0,0,0,0,16,0,0,5,0,6,5,7,5,4,23,25,0,0,0,0,0,0,0,0,7,1,1,1,1,0,0,2,1,1,0,KRBKRNvK,DRAW,5k2/K6R/8/8/8/4n3/2r5/B7 b - - 0 1
0,1,0,0,0,0,0,1,-1,1,0,1,1,1,0,0,0,0,0,16,0,0,3,3,2,0,0,1,6,21,22,0,0,0,0,0,0,0,0,7,1,1,0,0,0,0,2,2,1,2,KRBKRNvK,DRAW,8/8/2R5/8/5r2/3K4/2n5/k1B5 b - - 0 1
1,1,0,0,0,0,0,1,-1,1,0,1,1,1,0,0,0,0,0,16,0,0,2,2,4,4,6,1,2,27,20,0,0,0,0,0,0,0,0,7,1,1,0,0,0,0,3,1,0,1,KRBKRNvK,DRAW,4r3/4k3/3n4/2K5/1R6/8/2B5/8 w - - 0 1
1,1,0,0,0,0,0,1,-1,1,0,1,1,1,0,0,0,0,0,16,0,0,4,6,5,2,7,3,4,24,23,0,0,0,0,0,0,0,0,7,1,1,0,0,0,0,1,2,0,1,KRBKRNvK,DRAW,2k5/8/6K1/2r5/4nB2/5R2/8/8 w - - 0 1
1,1,0,0,0,0,0,1,-1,1,0,1,1,1,0,0,0,0,0,16,0,0,3,4,0,1,3,3,2,22,23,0,0,0,0,0,0,0,0,7,1,1,0,0,0,0,1,2,0,0,KRBKRNvK,DRAW,8/8/8/3r4/1k3B2/7n/8/2R1K3 w - - 0 1
1,1,0,0,0,0,0,1,-1,1,0,1,1,1,0,0,0,0,0,16,0,0,7,7,6,0,6,5,5,4,0,1,0,0,0,0,0,0,0,7,1,1,0,0,0,0,1,3,1,0,KRBKRNvK,LOSS,8/k3r2K/1R6/3B4/5n2/8/8/8 w - - 0 1
1,1,0,0,0,0,0,1,-1,1,0,1,1,1,0,0,0,0,0,16,0,0,2,5,3,3,3,1,0,26,20,0,0,0,0,0,0,0,0,7,1,1,0,0,0,0,2,3,0,0,KRBKRNvK,DRAW,8/8/8/8/3k1KB1/7R/n7/1r6 w - - 0 1
0,1,0,0,0,0,0,1,-1,1,0,1,1,1,0,0,0,0,0,16,0,0,2,6,4,6,2,2,3,23,18,0,0,0,0,0,0,0,0,7,1,1,0,0,0,0,2,2,0,2,KRBKRNvK,DRAW,8/6B1/6R1/6K1/4r1n1/6k1/8/8 b - - 0 1
1,1,0,0,0,0,0,1,-1,1,0,1,1,1,0,0,0,0,0,16,0,0,3,3,5,0,6,1,5,7,0,1,0,0,0,0,0,0,0,7,1,1,0,1,0,0,2,1,0,1,KRBKRNvK,DRAW,8/k4n2/3K4/8/8/6B1/5r2/7R w - - 0 1
0,1,0,0,0,0,0,1,-1,1,0,1,1,1,0,0,0,0,0,16,0,0,5,2,0,4,5,4,1,5,0,1,0,0,0,0,0,0,0,7,1,1,0,0,0,0,0,2,1,0,KRBKRNvK,DRAW,r2B4/8/nR2k3/8/8/8/8/2K5 b - - 0 1
0,1,0,0,0,0,0,1,-1,1,0,1,1,1,0,0,0,0,0,16,0,0,5,6,4,1,6,2,4,4,0,1,0,0,0,0,0,0,0,7,1,1,0,0,0,0,2,0,1,1,KRBKRNvK,DRAW,4n3/1k6/7r/1R4K1/4B3/8/8/8 b - - 0 1
1,1,0,0,0,0,0,1,-1,1,0,1,1,1,0,0,0,0,0,16,0,0,5,0,4,5,7,3,4,21,20,0,0,0,0,0,0,0,0,7,1,1,1,0,0,0,0,1,0,0,KRBKRNvK,DRAW,5k2/R7/8/K5n1/8/5r1B/8/8 w - - 0 1
0,1,0,0,0,0,0,1,-1,1,0,1,1,1,0,0,0,0,0,16,0,0,5,5,2,0,7,2,6,18,33,0,0,0,0,0,0,0,0,7,1,1,0,0,0,0,2,2,1,0,KRBKRNvK,DRAW,k2n4/3r4/1R6/8/2B5/5K2/8/8 b - - 0 1
1,1,0,0,0,0,0,1,-1,1,0,1,1,1,0,0,0,0,0,16,0,0,6,3,7,7,1,3,5,23,26,0,0,0,0,0,0,0,0,7,1,1,0,0,0,0,0,2,0,0,KRBKRNvK,DRAW,3K4/8/5R2/B1r5/8/3n4/7k/8 w - - 0 1
0,1,0,0,0,0,0,1,-1,1,0,1,1,1,0,0,0,0,0,16,0,0,4,4,2,2,6,1,3,6,0,1,0,0,0,0,0,0,0,7,1,1,0,0,0,0,4,0,1,0,KRBKRNvK,DRAW,n1r5/2k5/7B/2R5/8/4K3/8/8 b - - 0 1
0,1,0,0,0,0,0,1,-1,1,0,1,1,1,0,0,0,0,0,16,0,0,3,3,6,6,6,2,4,25,28,0,0,0,0,0,0,0,0,7,1,1,0,0,0,0,2,1,1,0,KRBKRNvK,DRAW,8/3K2k1/4R3/8/6nB/1r6/8/8 b - - 0 1
0,1,0,0,0,0,0,1,-1,1,0,1,1,1,0,0,0,0,0,16,0,0,6,0,0,2,6,6,3,27,20,0,0,0,0,0,0,0,0,7,1,1,0,1,0,0,2,0,1,1,KRBKRNvK,DRAW,8/2k5/8/3nR3/8/5B2/2r5/K7 b - - 0 1
0,1,0,0,0,0,0,1,-1,1,0,1,1,1,0,0,0,0,0,16,0,0,4,3,0,2,4,3,1,25,25,0,0,0,0,0,0,0,0,7,1,1,0,0,0,0,1,2,0,1,KRBKRNvK,DRAW,8/5r2/7R/2k5/8/8/4n3/1B1K4 b - - 0 1
1,1,0,0,0,0,0,1,-1,1,0,1,1,1,0,0,0,0,0,16,0,0,7,1,0,1,7,5,5,29,18,0,0,0,0,0,0,0,0,7,1,1,0,0,0,0,1,2,0,1,KRBKRNvK,DRAW,1k6/8/6R1/8/8/3rB3/8/1K2n3 w - - 0 1
0,1,0,0,0,0,0,1,-1,1,0,1,1,1,0,0,0,0,0,16,0,0,5,5,1,5,6,3,3,4,0,1,0,0,0,0,0,0,0,7,1,1,0,0,0,0,2,1,2,0,KRBKRNvK,DRAW,4B3/5k2/8/n3R1r1/8/8/5K2/8 b - - 0 1
1,1,0,0,0,0,0,1,-1,1,0,1,1,1,0,0,0,0,0,16,0,0,4,1,5,0,1,3,5,29,13,0,0,0,0,0,0,0,0,7,1,1,0,0,0,0,2,0,1,0,KRBKRNvK,DRAW,4B2r/8/1K5n/8/2R5/8/k7/8 w - - 0 1
1,1,0,0,0,0,0,1,-1,1,0,1,1,1,0,0,0,0,0,16,0,0,6,1,6,7,6,4,5,5,0,1,0,0,0,0,0,0,0,7,1,1,0,0,0,0,1,2,1,2,KRBKRNvK,DRAW,5R2/1K5k/3r4/n3B3/8/8/8/8 w - - 0 1
1,1,0,0,0,0,0,1,-1,1,0,1,1,1,0,0,0,0,0,16,0,0,3,5,2,2,1,2,3,24,25,0,0,0,0,0,0,0,0,7,1,1,0,0,0,0,2,1,0,0,KRBKRNvK,DRAW,8/1r3n2/8/4R3/8/5K2/2k3B1/8 w - - 0 1
1,1,0,0,0,0,0,1,-1,1,0,1,1,1,0,0,0,0,0,16,0,0,5,5,7,5,2,4,2,4,0,1,0,0,0,0,0,0,0,7,1,1,1,0,0,0,2,1,1,0,KRBKRNvK,DRAW,1r3K2/4R3/8/8/4n3/5k1B/8/8 w - - 0 1
0,1,0,0,0,0,0,1,-1,1,0,1,1,1,0,0,0,0,0,16,0,0,6,2,7,0,1,4,5,4,0,1,0,0,0,0,0,0,0,7,1,1,1,1,0,0,3,2,0,0,KRBKRNvK,DRAW,2K5/4RB2/8/8/8/8/k2r4/1n6 b - - 0 1
1,1,0,0,0,0,0,1,-1,1,0,1,1,1,0,0,0,0,0,16,0,0,3,1,1,2,4,4,1,7,0,1,0,0,0,0,0,0,0,7,1,1,0,0,0,0,3,4,2,1,KRBKRNvK,DRAW,8/1B6/4r3/2k5/2n5/3R4/1K6/8 w - - 0 1
1,1,0,0,0,0,0,1,-1,1,0,1,1,1,0,0,0,0,0,16,0,0,4,5,3,1,1,1,4,6,0,1,0,0,0,0,0,0,0,7,1,1,0,0,0,0,3,1,0,1,KRBKRNvK,LOSS,1r5R/8/6n1/8/5K2/5B2/1k6/8 w - - 0 1
0,1,0,0,0,0,0,1,-1,1,0,1,1,1,0,0,0,0,0,16,0,0,3,6,7,6,4,5,2,27,22,0,0,0,0,0,0,0,0,7,1,1,0,0,0,0,2,1,0,0,KRBKRNvK,DRAW,6K1/2r5/8/6k1/8/3n4/8/5R1B b - - 0 1
1,1,0,0,0,0,0,1,-1,1,0,1,1,1,0,0,0,0,0,16,0,0,5,4,6,4,1,2,2,29,28,0,0,0,0,0,0,0,0,7,1,1,0,0,0,0,1,0,0,1,KRBKRNvK,DRAW,8/4K3/R7/4n3/8/1Br5/4k3/8 w - - 0 1
1,1,0,0,0,0,0,1,-1,1,0,1,1,1,0,0,0,0,0,16,0,0,4,6,4,6,0,2,5,25,23,0,0,0,0,0,0,0,0,7,1,1,0,0,0,0,3,2,0,0,KRBKRNvK,DRAW,5nB1/8/8/6K1/2R5/3r4/8/6k1 w - - 0 1
1,1,0,0,0,0,0,1,-1,1,0,1,1,1,0,0,0,0,0,16,0,0,6,0,1,6,4,5,2,24,25,0,0,0,0,0,0,0,0,7,1,1,0,0,0,0,2,0,0,1,KRBKRNvK,DRAW,8/B7/8/6k1/8/2r5/K6n/3R4 w - - 0 1
0,1,0,0,0,0,0,1,-1,1,0,1,1,1,0,0,0,0,0,16,0,0,7,7,3,0,5,3,4,22,23,0,0,0,0,0,0,0,0,7,1,1,0,1,0,0,2,3,1,0,KRBKRNvK,DRAW,8/4n3/k7/8/B5RK/8/4r3/8 b - - 0 1
1,1,0,0,0,0,0,1,-1,1,0,1,1,1,0,0,0,0,0,16,0,0,5,6,2,1,6,3,4,31,21,0,0,0,0,0,0,0,0,7,1,1,0,0,0,0,3,1,0,1,KRBKRNvK,DRAW,8/rk6/8/5B2/8/4n1K1/8/3R4 w - - 0 1
0,1,0,0,0,0,0,1,-1,1,0,1,1,1,0,0,0,0,0,16,0,0,4,2,2,6,2,2,3,24,23,0,0,0,0,0,0,0,0,7,1,1,0,1,0,0,2,0,0,0,KRBKRNvK,DRAW,3n4/8/8/8/8/2K3k1/5r2/2BR4 b - - 0 1
1,1,0,0,0,0,0,1,-1,1,0,1,1,1,0,0,0,0,0,16,0,0,2,3,4,5,6,0,3,4,0,1,0,0,0,0,0,0,0,7,1,1,1,0,0,0,3,1,0,2,KRBKRNvK,LOSS,8/2Rrnk2/8/3K4/8/8/4B3/8 w - - 0 1
0,1,0,0,0,0,0,1,-1,1,0,1,1,1,0,0,0,0,0,16,0,0,6,7,3,1,7,3,5,19,25,0,0,0,0,0,0,0,0,7,1,1,0,0,0,0,2,1,0,0,KRBKRNvK,DRAW,1k6/8/3n4/8/5B1K/8/4R3/6r1 b - - 0 1
1,1,0,0,0,0,0,1,-1,1,0,1,1,1,0,0,0,0,0,16,0,0,5,2,2,7,7,2,6,27,17,0,0,0,0,0,0,0,0,7,1,1,1,0,0,0,1,0,1,0,KRBKRNvK,DRAW,7k/5R2/6r1/8/8/2K5/3B2n1/8 w - - 0 1
0,1,0,0,0,0,0,1,-1,1,0,1,1,1,0,0,0,0,0,16,0,0,4,2,1,6,1,3,4,6,0,1,0,0,0,0,0,0,0,7,1,1,0,0,0,0,2,3,0,1,KRBKRNvK,DRAW,8/8/2B3n1/8/3r4/R7/2K3k1/8 b - - 0 1
1,1,0,0,0,0,0,1,-1,1,0,1,1,1,0,0,0,0,0,16,0,0,3,4,3,2,6,0,3,25,22,0,0,0,0,0,0,0,0,7,1,1,0,0,0,0,3,2,0,2,KRBKRNvK,DRAW,5R2/2k5/6n1/6r1/4K3/8/B7/8 w - - 0 1
0,1,0,0,0,0,0,1,-1,1,0,1,1,1,0,0,0,0,0,16,0,0,2,3,5,5,4,1,1,22,18,0,0,0,0,0,0,0,0,7,1,1,0,0,0,0,4,3,0,0,KRBKRNvK,DRAW,8/8/3K4/B4k2/R7/2r5/4n3/8 b - - 0 1
0,1,0,0,0,0,0,1,-1,1,0,1,1,1,0,0,0,0,0,16,0,0,6,0,1,0,7,5,6,4,0,1,0,0,0,0,0,0,0,7,1,1,0,0,0,0,0,2,0,1,KRBKRNvK,DRAW,k7/8/4r3/8/R1n5/8/K7/3B4 b - - 0 1
0,1,0,0,0,0,0,1,-1,1,0,1,1,1,0,0,0,0,0,16,0,0,7,7,2,0,6,4,5,26,22,0,0,0,0,0,0,0,0,7,1,1,0,0,0,0,1,2,0,0,KRBKRNvK,DRAW,4r3/k7/8/8/8/3n2BK/8/3R4 b - - 0 1
1,1,0,0,0,0,0,1,-1,1,0,1,1,1,0,0,0,0,0,16,0,0,2,4,6,2,4,2,1,19,23,0,0,0,0,0,0,0,0,7,1,1,0,0,0,0,0,2,0,0,KRBKRNvK,DRAW,8/4K3/7R/2k5/7B/8/6n1/5r2 w - - 0 1
0,1,0,0,0,0,0,1,-1,1,0,1,1,1,0,0,0,0,0,16,0,0,3,3,0,2,3,3,1,19,32,0,0,0,0,0,0,0,0,7,1,1,1,0,0,0,1,3,1,0,KRBKRNvK,DRAW,8/R7/8/4B3/2k3r1/8/7n/3K4 b - - 0 1
1,1,0,0,0,0,0,1,-1,1,0,1,1,1,0,0,0,0,0,16,0,0,5,2,4,7,7,1,6,20,17,0,0,0,0,0,0,0,0,7,1,1,0,0,0,0,2,2,0,0,KRBKRNvK,DRAW,2B4k/7n/8/R1K5/7r/8/8/8 w - - 0 1
0,1,0,0,0,0,0,1,-1,1,0,1,1,1,0,0,0,0,0,16,0,0,2,6,2,4,4,3,0,4,0,1,0,0,0,0,0,0,0,7,1,1,0,0,0,0,3,3,2,0,KRBKRNvK,DRAW,6n1/8/3r4/4k3/2R5/2B3K1/8/8 b - - 0 1
0,1,0,0,0,0,0,1,-1,1,0,1,1,1,0,0,0,0,0,16,0,0,5,4,6,7,1,2,5,26,24,0,0,0,0,0,0,0,0,7,1,1,0,1,0,0,0,3,0,1,KRBKRNvK,DRAW,4B3/4K3/1R6/2n5/8/8/3r3k/8 b - - 0 1
1,1,0,0,0,0,0,1,-1,1,0,1,1,1,0,0,0,0,0,16,0,0,5,2,7,1,2,4,3,26,16,0,0,0,0,0,0,0,0,7,1,1,1,0,0,0,3,0,0,0,KRBKRNvK,DRAW,2K4B/4R3/8/8/8/rk5n/8/8 w - - 0 1
1,1,0,0,0,0,0,1,-1,1,0,1,1,1,0,0,0,0,0,16,0,0,6,1,7,4,1,5,2,22,28,0,0,0,0,0,0,0,0,7,1,1,0,0,0,0,1,0,1,0,KRBKRNvK,DRAW,1KR5/8/8/3n4/8/r7/4kB2/8 w - - 0 1
0,1,0,0,0,0,0,1,-1,1,0,1,1,1,0,0,0,0,0,16,0,0,2,4,0,2,2,3,2,4,0,1,0,0,0,0,0,0,0,7,1,1,0,0,0,0,2,1,2,0,KRBKRNvK,DRAW,8/8/6r1/2R5/8/2k4n/8/2B1K3 b - - 0 1
0,1,0,0,0,0,0,1,-1,1,0,1,1,1,0,0,0,0,0,16,0,0,6,1,3,7,5,2,4,25,27,0,0,0,0,0,0,0,0,7,1,1,0,0,0,0,0,2,0,1,KRBKRNvK,DRAW,2B5/8/6rk/8/1K6/2n5/5R2/8 b - - 0 1
0,1,0,0,0,0,0,1,-1,1,0,1,1,1,0,0,0,0,0,16,0,0,6,5,1,3,7,3,3,18,26,0,0,0,0,0,0,0,0,7,1,1,1,0,0,0,0,1,0,0,KRBKRNvK,DRAW,3k4/7R/Bn6/8/8/1r6/5K2/8 b - - 0 1
1,1,0,0,0,0,0,1,-1,1,0,1,1,1,0,0,0,0,0,16,0,0,4,4,4,0,5,0,4,6,0,1,0,0,0,0,0,0,0,7,1,1,0,0,0,0,3,2,0,1,KRBKRNvK,DRAW,8/4r3/k7/4K3/8/8/3n3R/7B w - - 0 1
1,1,0,0,0,0,0,1,-1,1,0,1,1,1,0,0,0,0,0,16,0,0,2,6,4,4,6,2,2,24,23,0,0,0,0,0,0,0,0,7,1,1,0,0,0,0,1,2,1,1,KRBKRNvK,DRAW,8/4kB2/8/6K1/8/3rn3/6R1/8 w - - 0 1
1,1,0,0,0,0,0,1,-1,1,0,1,1,1,0,0,0,0,0,16,0,0,5,2,1,0,6,3,5,28,23,0,0,0,0,0,0,0,0,7,1,1,0,0,0,0,1,0,0,0,KRBKRNvK,DRAW,3n4/k4B2/8/8/8/7r/2K5/6R1 w - - 0 1
0,1,0,0,0,0,0,1,-1,1,0,1,1,1,0,0,0,0,0,16,0,0,4,6,3,7,7,2,6,25,28,0,0,0,0,0,0,0,0,7,1,1,0,0,0,0,2,3,0,0,KRBKRNvK,DRAW,7k/8/3r4/R7/6K1/2n3B1/8/8 b - - 0 1
1,1,0,0,0,0,0,1,-1,1,0,1,1,1,0,0,0,0,0,16,0,0,5,0,0,5,5,6,2,23,16,0,0,0,0,0,0,0,0,7,1,1,0,0,0,0,0,2,0,0,KRBKRNvK,DRAW,8/5r2/1n3k2/8/8/7B/8/K5R1 w - - 0 1
0,1,0,0,0,0,0,1,-1,1,0,1,1,1,0,0,0,0,0,16,0,0,5,6,5,7,0,3,6,17,32,0,0,0,0,0,0,0,0,7,1,1,0,0,0,0,1,2,0,2,KRBKRNvK,DRAW,8/8/6K1/4B1n1/6r1/8/R7/7k b - - 0 1
0,1,0,0,0,0,0,1,-1,1,0,1,1,1,0,0,0,0,0,16,0,0,4,0,7,4,5,6,1,6,0,1,0,0,0,0,0,0,0,7,1,1,0,0,0,0,1,2,0,0,KRBKRNvK,LOSS,KR4rn/8/4k3/8/8/1B6/8/8 b - - 0 1
1,1,0,0,0,0,0,1,-1,1,0,1,1,1,0,0,0,0,0,16,0,0,6,2,6,0,0,3,6,24,22,0,0,0,0,0,0,0,0,7,1,1,0,0,0,0,1,3,0,0,KRBKRNvK,DRAW,8/2K5/7R/8/1n6/8/7B/k3r3 w - - 0 1
0,1,0,0,0,0,0,1,-1,1,0,1,1,1,0,0,0,0,0,16,0,0,2,0,6,2,5,5,2,7,0,1,0,0,0,0,0,0,0,7,1,1,0,0,0,0,3,2,1,1,KRBKRNvK,DRAW,4R3/K7/n1k5/8/3r4/8/6B1/8 b - - 0 1
0,1,0,0,0,0,0,1,-1,1,0,1,1,1,0,0,0,0,0,16,0,0,2,2,3,4,1,1,2,5,0,1,0,0,0,0,0,0,0,7,1,1,1,0,0,0,4,2,1,1,KRBKRNvK,LOSS,8/4R3/8/6r1/n1K5/8/4k3/2B5 b - - 0 1
0,1,0,0,0,0,0,1,-1,1,0,1,1,1,0,0,0,0,0,16,0,0,4,4,0,0,1,3,5,20,27,0,0,0,0,0,0,0,0,7,1,1,1,0,0,0,1,1,0,0,KRBKRNvK,DRAW,2r5/1R6/6B1/8/2n5/8/k7/4K3 b - - 0 1
1,1,0,0,0,0,0,1,-1,1,0,1,1,1,0,0,0,0,0,16,0,0,4,7,5,3,4,4,0,28,23,0,0,0,0,0,0,0,0,7,1,1,0,1,0,0,1,3,0,0,KRBKRNvK,DRAW,6R1/8/3n3K/3k4/8/8/1rB5/8 w - - 0 1
0,1,0,0,0,0,0,1,-1,1,0,1,1,1,0,0,0,0,0,16,0,0,4,6,3,2,4,2,1,5,0,1,0,0,0,0,0,0,0,7,1,1,0,0,0,0,0,2,1,1,KRBKRNvK,DRAW,3B4/8/8/R1k5/6K1/3r4/4n3/8 b - - 0 1
1,1,0,0,0,0,0,1,-1,1,0,1,1,1,0,0,0,0,0,16,0,0,4,5,4,7,0,1,6,24,19,0,0,0,0,0,0,0,0,7,1,1,0,0,0,0,2,0,0,1,KRBKRNvK,DRAW,8/8/2R5/B4K1n/8/8/8/6rk w - - 0 1
0,1,0,0,0,0,0,1,-1,1,0,1,1,1,0,0,0,0,0,16,0,0,3,1,0,0,3,5,3,2,0,1,0,0,0,0,0,0,0,7,1,1,0,0,0,0,2,0,0,0,KRBKRNvK,DRAW,3n4/r7/8/5R2/k7/8/8/1K1B4 b - - 0 1
1,1,0,0,0,0,0,1,-1,1,0,1,1,1,0,0,0,0,0,16,0,0,2,2,3,0,4,1,3,3,0,1,0,0,0,0,0,0,0,7,1,1,0,0,0,0,2,0,1,1,KRBKRNvK,LOSS,8/8/8/k6B/1RK5/n5r1/8/8 w - - 0 1
1,1,0,0,0,0,0,1,-1,1,0,1,1,1,0,0,0,0,0,16,0,0,2,1,5,3,4,3,0,27,24,0,0,0,0,0,0,0,0,7,1,1,0,0,0,0,2,3,0,0,KRBKRNvK,DRAW,8/7B/1K6/3kn3/6R1/8/8/5r2 w - - 0 1
0,1,0,0,0,0,0,1,-1,1,0,1,1,1,0,0,0,0,0,16,0,0,2,6,7,4,7,5,3,19,24,0,0,0,0,0,0,0,0,7,1,1,1,1,0,0,2,0,1,0,KRBKRNvK,DRAW,4k1K1/5R2/8/8/8/7n/r7/7B b - - 0 1
1,1,0,0,0,0,0,1,-1,1,0,1,1,1,0,0,0,0,0,16,0,0,5,0,7,5,2,6,2,24,19,0,0,0,0,0,0,0,0,7,1,1,0,0,0,0,2,1,1,1,KRBKRNvK,DRAW,K7/2rB4/8/6R1/8/n4k2/8/8 w - - 0 1
0,1,0,0,0,0,0,1,-1,1,0,1,1,1,0,0,0,0,0,16,0,0,2,5,1,3,3,3,0,3,0,1,0,0,0,0,0,0,0,7,1,1,0,0,0,0,1,3,1,1,KRBKRNvK,LOSS,8/8/5n2/8/3k4/6r1/1B3K2/3R4 b - - 0 1
0,1,0,0,0,0,0,1,-1,1,0,1,1,1,0,0,0,0,0,16,0,0,5,6,4,1,0,2,5,21,28,0,0,0,0,0,0,0,0,7,1,1,0,0,0,0,2,1,0,2,KRBKRNvK,DRAW,8/5r2/4R3/3B1nK1/8/8/8/1k6 b - - 0 1
0,1,0,0,0,0,0,1,-1,1,0,1,1,1,0,0,0,0,0,16,0,0,7,1,0,3,7,5,3,5,0,1,0,0,0,0,0,0,0,7,1,1,0,1,0,0,3,1,0,0,KRBKRNvK,DRAW,3k2B1/8/8/3R4/2n5/8/6r1/1K6 b - - 0 1
1,1,0,0,0,0,0,1,-1,1,0,1,1,1,0,0,0,0,0,16,0,0,4,4,5,0,1,1,5,6,0,1,0,0,0,0,0,0,0,7,1,1,0,1,0,0,3,0,0,1,KRBKRNvK,DRAW,5n2/8/4K3/4B1R1/8/8/kr6/8 w - - 0 1
0,1,0,0,0,0,0,1,-1,1,0,1,1,1,0,0,0,0,0,16,0,0,6,1,4,7,1,2,5,20,28,0,0,0,0,0,0,0,0,7,1,1,1,1,0,0,2,0,0,0,KRBKRNvK,DRAW,8/R7/8/1K6/7n/8/6rk/B7 b - - 0 1
1,1,0,0,0,0,0,1,-1,1,0,1,1,1,0,0,0,0,0,16,0,0,2,4,6,3,4,2,0,27,20,0,0,0,0,0,0,0,0,7,1,1,0,0,0,0,2,3,1,0,KRBKRNvK,DRAW,8/4K3/8/3k3B/2R5/6r1/1n6/8 w - - 0 1
0,1,0,0,0,0,0,1,-1,1,0,1,1,1,0,0,0,0,0,16,0,0,3,6,4,3,2,2,1,28,30,0,0,0,0,0,0,0,0,7,1,1,0,0,0,0,2,2,1,1,KRBKRNvK,DRAW,8/r7/8/5nK1/8/3k1B2/8/7R b - - 0 1
1,1,0,0,0,0,0,1,-1,1,0,1,1,1,0,0,0,0,0,16,0,0,2,5,3,5,1,1,3,29,19,0,0,0,0,0,0,0,0,7,1,1,1,1,0,0,3,2,0,1,KRBKRNvK,DRAW,8/R7/2n5/8/2B2K2/8/5k1r/8 w - - 0 1
1,1,0,0,0,0,0,1,-1,1,0,1,1,1,0,0,0,0,0,16,0,0,3,2,3,1,6,1,4,5,0,1,0,0,0,0,0,0,0,7,1,1,0,0,0,0,3,0,1,1,KRBKRNvK,DRAW,2R5/1k6/8/n4B2/2K5/8/8/2r5 w - - 0 1
1,1,0,0,0,0,0,1,-1,1,0,1,1,1,0,0,0,0,0,16,0,0,5,2,2,7,1,2,5,5,0,1,0,0,0,0,0,0,0,7,1,1,0,0,0,0,2,0,0,1,KRBKRNvK,DRAW,2r1B3/8/8/8/8/2K5/7k/1n1R4 w - - 0 1
1,1,0,0,0,0,0,1,-1,1,0,1,1,1,0,0,0,0,0,16,0,0,2,6,4,5,2,2,2,24,20,0,0,0,0,0,0,0,0,7,1,1,0,0,0,0,2,3,2,0,KRBKRNvK,DRAW,3r4/8/8/6K1/8/n4k2/8/4RB2 w - - 0 1
1,1,0,0,0,0,0,1,-1,1,0,1,1,1,0,0,0,0,0,16,0,0,7,0,6,7,3,5,3,28,18,0,0,0,0,0,0,0,0,7,1,1,0,0,0,0,2,2,0,0,KRBKRNvK,DRAW,7n/K7/2B5/8/5r1k/R7/8/8 w - - 0 1
1,1,0,0,0,0,0,1,-1,1,0,1,1,1,0,0,0,0,0,16,0,0,4,4,2,7,6,1,5,7,0,1,0,0,0,0,0,0,0,7,1,1,0,0,0,0,2,3,0,1,KRBKRNvK,DRAW,4r3/7k/1R6/3B4/8/4K3/4n3/8 w - - 0 1
1,1,0,0,0,0,0,1,-1,1,0,1,1,1,0,0,0,0,0,16,0,0,7,6,7,5,0,5,4,20,19,0,0,0,0,0,0,0,0,7,1,1,0,0,0,0,3,0,0,0,KRBKRNvK,DRAW,6KB/8/8/4R3/8/2r5/n7/5k2 w - - 0 1
0,1,0,0,0,0,0,1,-1,1,0,1,1,1,0,0,0,0,0,16,0,0,5,7,3,2,4,3,1,25,15,0,0,0,0,0,0,0,0,7,1,1,0,0,0,0,0,2,0,1,KRBKRNvK,DRAW,8/8/6r1/2k5/7K/n7/R2B4/8 b - - 0 1
0,1,0,0,0,0,0,1,-1,1,0,1,1,1,0,0,0,0,0,16,0,0,5,2,7,7,2,4,4,5,0,1,0,0,0,0,0,0,0,7,1,1,0,0,0,0,0,2,0,1,KRBKRNvK,DRAW,2K1B3/1n6/8/8/8/1R5k/8/4r3 b - - 0 1
0,1,0,0,0,0,0,1,-1,1,0,1,1,1,0,0,0,0,0,16,0,0,7,7,0,3,7,6,3,19,26,0,0,0,0,0,0,0,0,7,1,1,0,0,0,0,3,0,0,0,KRBKRNvK,DRAW,3k4/r6n/8/3B4/4R3/8/8/7K b - - 0 1
1,1,0,0,0,0,0,1,-1,1,0,1,1,1,0,0,0,0,0,16,0,0,6,4,0,7,6,3,5,4,0,1,0,0,0,0,0,0,0,7,1,1,0,0,0,0,2,0,0,1,KRBKRNvK,DRAW,8/7k/8/R6n/2B5/8/8/4K1r1 w - - 0 1
1,1,0,0,0,0,0,1,-1,1,0,1,1,1,0,0,0,0,0,16,0,0,5,4,5,0,0,1,6,26,17,0,0,0,0,0,0,0,0,7,1,1,0,0,0,0,2,0,0,1,KRBKRNvK,DRAW,6n1/8/4K3/8/8/7R/8/k1r2B2 w - - 0 1
0,1,0,0,0,0,0,1,-1,1,0,1,1,1,0,0,0,0,0,16,0,0,3,4,3,7,2,0,4,22,23,0,0,0,0,0,0,0,0,7,1,1,0,0,0,0,3,2,1,2,KRBKRNvK,DRAW,8/8/3rn3/8/4K3/7k/8/2R3B1 b - - 0 1
0,1,0,0,0,0,0,1,-1,1,0,1,1,1,0,0,0,0,0,16,0,0,3,7,3,4,1,3,2,7,0,1,0,0,0,0,0,0,0,7,1,1,0,0,0,0,1,2,0,0,KRBKRNvK,DRAW,8/8/4B3/8/7K/3r4/R3k3/1n6 b - - 0 1
1,1,0,0,0,0,0,1,-1,1,0,1,1,1,0,0,0,0,0,16,0,0,2,6,3,4,4,2,0,26,18,0,0,0,0,0,0,0,0,7,1,1,0,0,0,0,2,3,2,0,KRBKRNvK,DRAW,8/4Br2/8/1n2k3/3R2K1/8/8/8 w - - 0 1
0,1,0,0,0,0,0,1,-1,1,0,1,1,1,0,0,0,0,0,16,0,0,2,2,1,0,0,3,6,0,0,1,0,0,0,0,0,0,0,7,1,1,0,0,0,0,2,2,0,0,KRBKRNvK,LOSS,8/8/8/4r3/R7/7n/2K5/k4B2 b - - 0 1
0,1,0,0,0,0,0,1,-1,1,0,1,1,1,0,0,0,0,0,16,0,0,6,7,6,1,0,5,5,22,27,0,0,0,0,0,0,0,0,7,1,1,0,1,0,0,1,2,0,0,KRBKRNvK,DRAW,8/n1B4K/6R1/8/8/8/4r3/1k6 b - - 0 1
1,1,0,0,0,0,0,1,-1,1,0,1,1,1,0,0,0,0,0,16,0,0,6,7,1,2,7,5,4,26,22,0,0,0,0,0,0,0,0,7,1,1,0,0,0,0,3,2,0,1,KRBKRNvK,DRAW,2k5/8/7n/R7/6r1/2B5/7K/8 w - - 0 1
1,1,0,0,0,0,0,1,-1,1,0,1,1,1,0,0,0,0,0,16,0,0,4,7,4,3,1,3,2,22,26,0,0,0,0,0,0,0,0,7,1,1,0,0,0,0,3,2,0,0,KRBKRNvK,DRAW,8/8/1B6/1R5K/4r3/8/2nk4/8 w - - 0 1
1,1,0,0,0,0,0,1,-1,1,0,1,1,1,0,0,0,0,0,16,0,0,2,3,1,1,2,2,3,5,0,1,0,0,0,0,0,0,0,7,1,1,0,0,0,0,2,0,0,1,KRBKRNvK,DRAW,r7/8/7B/7R/8/1k6/3K4/5n2 w - - 0 1
1,1,0,0,0,0,0,1,-1,1,0,1,1,1,0,0,0,0,0,16,0,0,4,2,4,6,7,1,5,28,19,0,0,0,0,0,0,0,0,7,1,1,0,0,0,0,2,0,0,1,KRBKRNvK,DRAW,6k1/6r1/8/nBK5/8/8/7R/8 w - - 0 1
1,1,0,0,0,0,0,1,-1,1,0,1,1,1,0,0,0,0,0,16,0,0,3,7,3,7,6,3,5,24,18,0,0,0,0,0,0,0,0,7,1,1,0,0,0,0,3,1,0,0,KRBKRNvK,DRAW,5r2/5n1k/8/8/7K/8/8/4R2B w - - 0 1
1,1,0,0,0,0,0,1,-1,1,0,1,1,1,0,0,0,0,0,16,0,0,2,3,6,1,4,2,2,25,21,0,0,0,0,0,0,0,0,7,1,1,0,0,0,0,0,2,1,1,KRBKRNvK,DRAW,7R/3K4/8/Bk2r1n1/8/8/8/8 w - - 0 1
1,1,0,0,0,0,0,1,-1,1,0,1,1,1,0,0,0,0,0,16,0,0,6,7,7,6,1,6,4,22,27,0,0,0,0,0,0,0,0,7,1,1,0,0,0,0,2,1,0,0,KRBKRNvK,DRAW,2B4K/r7/8/6n1/1R6/8/6k1/8 w - - 0 1
1,1,0,0,0,0,0,1,-1,1,0,1,1,1,0,0,0,0,0,16,0,0,6,0,1,6,7,5,5,21,23,0,0,0,0,0,0,0,0,7,1,1,0,0,0,0,0,3,0,0,KRBKRNvK,DRAW,6k1/8/4n3/2r3BR/8/8/K7/8 w - - 0 1
0,1,0,0,0,0,0,1,-1,1,0,1,1,1,0,0,0,0,0,16,0,0,3,5,7,2,7,4,4,24,27,0,0,0,0,0,0,0,0,7,1,1,0,0,0,0,1,2,0,1,KRBKRNvK,DRAW,2k2K2/5n2/8/3B4/8/4r3/6R1/8 b - - 0 1
0,1,0,0,0,0,0,1,-1,1,0,1,1,1,0,0,0,0,0,16,0,0,2,2,5,4,5,2,1,17,20,0,0,0,0,0,0,0,0,7,1,1,0,0,0,0,2,2,1,0,KRBKRNvK,DRAW,8/5r2/2K1k3/2R5/7B/8/8/6n1 b - - 0 1
0,1,0,0,0,0,0,1,-1,1,0,1,1,1,0,0,0,0,0,16,0,0,5,7,5,2,4,4,1,29,21,0,0,0,0,0,0,0,0,7,1,1,0,0,0,0,0,4,0,1,KRBKRNvK,DRAW,8/8/7K/2k5/6r1/3n4/2B5/R7 b - - 0 1
1,1,0,0,0,0,0,1,-1,1,0,1,1,1,0,0,0,0,0,16,0,0,6,7,1,1,7,5,5,6,0,1,0,0,0,0,0,0,0,7,1,1,0,1,0,0,3,1,0,0,KRBKRNvK,DRAW,1k6/8/1n6/R7/8/4B3/1r5K/8 w - - 0 1
0,1,0,0,0,0,0,1,-1,1,0,1,1,1,0,0,0,0,0,16,0,0,4,0,6,4,5,5,1,6,0,1,0,0,0,0,0,0,0,7,1,1,0,0,0,0,0,2,1,1,KRBKRNvK,LOSS,1n6/K7/4k3/8/6B1/7r/2R5/8 b - - 0 1
1,1,0,0,0,0,0,1,-1,1,0,1,1,1,0,0,0,0,0,16,0,0,4,4,2,0,6,1,5,4,0,1,0,0,0,0,0,0,0,7,1,1,0,0,0,0,3,1,1,1,KRBKRNvK,DRAW,1R6/k7/4B3/8/8/1n2K3/8/4r3 w - - 0 1
0,1,0,0,0,0,0,1,-1,1,0,1,1,1,0,0,0,0,0,16,0,0,4,5,7,7,3,4,3,2,0,1,0,0,0,0,0,0,0,7,1,1,0,0,0,0,2,0,2,1,KRBKRNvK,DRAW,3n1K2/8/8/8/7k/1r3B2/7R/8 b - - 0 1
1,1,0,0,0,0,0,1,-1,1,0,1,1,1,0,0,0,0,0,16,0,0,3,2,3,3,0,1,3,7,0,1,0,0,0,0,0,0,0,7,1,1,0,1,0,0,3,2,0,2,KRBKRNvK,DRAW,8/3B4/8/n7/2K2R2/8/4r3/3k4 w - - 0 1
0,1,0,0,0,0,0,1,-1,1,0,1,1,1,0,0,0,0,0,16,0,0,7,7,6,0,2,5,4,20,19,0,0,0,0,0,0,0,0,7,1,1,1,0,0,0,2,0,0,0,KRBKRNvK,DRAW,3B4/4R2K/r7/8/8/k6n/8/8 b - - 0 1
0,1,0,0,0,0,0,1,-1,1,0,1,1,1,0,0,0,0,0,16,0,0,3,3,5,0,6,1,5,3,0,1,0,0,0,0,0,0,0,7,1,1,0,0,0,0,2,2,0,0,KRBKRNvK,DRAW,8/k7/3K4/8/RB6/3n4/8/4r3 b - - 0 1
0,1,0,0,0,0,0,1,-1,1,0,1,1,1,0,0,0,0,0,16,0,0,3,3,7,1,4,3,2,21,26,0,0,0,0,0,0,0,0,7,1,1,0,0,0,0,2,2,1,0,KRBKRNvK,WIN,3K4/n7/8/1k3B2/3R4/4r3/8/8 b - - 0 1
0,1,0,0,0,0,0,1,-1,1,0,1,1,1,0,0,0,0,0,16,0,0,2,1,2,3,0,3,3,23,24,0,0,0,0,0,0,0,0,7,1,1,0,0,0,0,0,3,0,0,KRBKRNvK,DRAW,6R1/2n5/8/8/7r/BK6/8/3k4 b - - 0 1
0,1,0,0,0,0,0,1,-1,1,0,1,1,1,0,0,0,0,0,16,0,0,5,0,1,1,6,5,4,25,25,0,0,0,0,0,0,0,0,7,1,1,0,0,0,0,2,3,0,0,KRBKRNvK,DRAW,8/1k6/3r4/8/R7/8/K1B2n2/8 b - - 0 1
0,1,0,0,0,0,0,1,-1,1,0,1,1,1,0,0,0,0,0,16,0,0,7,3,0,4,7,3,3,23,16,0,0,0,0,0,0,0,0,7,1,1,0,1,0,0,0,2,0,1,KRBKRNvK,DRAW,4k3/8/8/8/3n3B/8/4r3/2RK4 b - - 0 1
1,1,0,0,0,0,0,1,-1,1,0,1,1,1,0,0,0,0,0,16,0,0,4,1,1,5,0,4,4,26,19,0,0,0,0,0,0,0,0,7,1,1,1,0,0,0,2,2,0,1,KRBKRNvK,DRAW,B4n2/7R/8/8/8/8/1K6/3r1k2 w - - 0 1
1,1,0,0,0,0,0,1,-1,1,0,1,1,1,0,0,0,0,0,16,0,0,2,4,1,2,1,2,3,21,24,0,0,0,0,0,0,0,0,7,1,1,0,0,0,0,2,2,0,1,KRBKRNvK,DRAW,B7/8/3n4/8/3r4/8/2k1K2R/8 w - - 0 1
0,1,0,0,0,0,0,1,-1,1,0,1,1,1,0,0,0,0,0,16,0,0,2,5,4,7,3,1,3,21,21,0,0,0,0,0,0,0,0,7,1,1,0,0,0,0,3,2,0,0,KRBKRNvK,DRAW,3r4/8/B7/R4K2/7k/8/1n6/8 b - - 0 1
1,1,0,0,0,0,0,1,-1,1,0,1,1,1,0,0,0,0,0,16,0,0,6,1,1,1,7,4,5,23,17,0,0,0,0,0,0,0,0,7,1,1,0,0,0,0,1,2,0,1,KRBKRNvK,DRAW,1k6/8/8/8/8/8/1KR5/3r2Bn w - - 0 1
0,1,0,0,0,0,0,1,-1,1,0,1,1,1,0,0,0,0,0,16,0,0,5,7,6,6,1,5,4,8,0,1,0,0,0,0,0,0,0,7,1,1,0,0,0,0,2,2,0,0,KRBKRNvK,DRAW,8/6BK/8/8/1n6/3r4/1R4k1/8 b - - 0 1
0,1,0,0,0,0,0,1,-1,1,0,1,1,1,0,0,0,0,0,16,0,0,6,1,7,7,3,5,3,6,0,1,0,0,0,0,0,0,0,7,1,1,0,1,0,0,2,0,0,0,KRBKRNvK,DRAW,1K6/8/8/8/1R5k/B7/2r3n1/8 b - - 0 1
0,1,0,0,0,0,0,1,-1,1,0,1,1,1,0,0,0,0,0,16,0,0,5,7,1,2,4,5,1,3,0,1,0,0,0,0,0,0,0,7,1,1,0,0,0,0,2,4,1,0,KRBKRNvK,DRAW,8/8/2R3n1/2k5/2r5/5B2/7K/8 b - - 0 1
0,1,0,0,0,0,0,1,-1,1,0,1,1,1,0,0,0,0,0,16,0,0,5,1,7,6,2,5,3,17,24,0,0,0,0,0,0,0,0,7,1,1,1,1,0,0,0,0,0,0,KRBKRNvK,DRAW,1K6/7R/8/8/8/B5kn/6r1/8 b - - 0 1
1,1,0,0,0,0,0,1,-1,1,0,1,1,1,0,0,0,0,0,16,0,0,2,1,4,3,3,2,0,27,19,0,0,0,0,0,0,0,0,7,1,1,0,1,0,0,3,3,1,0,KRBKRNvK,DRAW,8/1B6/8/1KR5/3k4/8/7r/1n6 w - - 0 1
0,1,0,0,0,0,0,1,-1,1,0,1,1,1,0,0,0,0,0,16,0,0,3,3,0,5,3,3,1,23,23,0,0,0,0,0,0,0,0,7,1,1,0,1,0,0,3,2,0,0,KRBKRNvK,DRAW,8/5n2/2B5/2R5/5k2/8/6r1/3K4 b - - 0 1
0,1,0,0,0,0,0,1,-1,1,0,1,1,1,0,0,0,0,0,16,0,0,5,5,4,0,0,1,6,3,0,1,0,0,0,0,0,0,0,7,1,1,0,1,0,0,2,1,0,0,KRBKRNvK,DRAW,8/8/1n6/5K2/8/3B4/2r5/k2R4 b - - 0 1
0,1,0,0,0,0,0,1,-1,1,0,1,1,1,0,0,0,0,0,16,0,0,4,2,2,5,6,2,3,21,22,0,0,0,0,0,0,0,0,7,1,1,0,0,0,0,2,2,0,0,KRBKRNvK,DRAW,8/3r1k2/7n/8/8/2K5/8/1B5R b - - 0 1
1,1,0,0,0,0,0,1,-1,1,0,1,1,1,0,0,0,0,0,16,0,0,5,7,4,2,1,3,3,3,0,1,0,0,0,0,0,0,0,7,1,1,0,0,0,0,2,2,0,2,KRBKRNvK,DRAW,R7/1B6/8/5r1K/5n2/8/2k5/8 w - - 0 1
1,1,0,0,0,0,0,1,-1,1,0,1,1,1,0,0,0,0,0,16,0,0,6,6,2,0,2,3,4,29,23,0,0,0,0,0,0,0,0,7,1,1,0,0,0,0,2,2,1,0,KRBKRNvK,DRAW,4R3/3n4/8/B1r5/8/k5K1/8/8 w - - 0 1
1,1,0,0,0,0,0,1,-1,1,0,1,1,1,0,0,0,0,0,16,0,0,6,4,7,5,1,3,3,26,21,0,0,0,0,0,0,0,0,7,1,1,0,0,0,0,1,1,0,0,KRBKRNvK,DRAW,R3K3/8/8/8/1rB5/8/3n1k2/8 w - - 0 1
1,1,0,0,0,0,0,1,-1,1,0,1,1,1,0,0,0,0,0,16,0,0,3,1,3,4,2,2,1,23,26,0,0,0,0,0,0,0,0,7,1,1,0,0,0,0,0,3,1,0,KRBKRNvK,DRAW,3r4/8/8/4n3/1K6/4k3/1R6/3B4 w - - 0 1
1,1,0,0,0,0,0,1,-1,1,0,1,1,1,0,0,0,0,0,16,0,0,2,1,6,3,6,4,2,22,27,0,0,0,0,0,0,0,0,7,1,1,0,0,0,0,2,2,0,1,KRBKRNvK,DRAW,6r1/1K1k4/2n5/8/8/8/8/B6R w - - 0 1
1,1,0,0,0,0,0,1,-1,1,0,1,1,1,0,0,0,0,0,16,0,0,7,0,3,7,0,3,6,3,0,1,0,0,0,0,0,0,0,7,1,1,0,0,0,0,0,1,0,0,KRBKRNvK,DRAW,8/2n5/8/8/KB6/8/2R5/r6k w - - 0 1
1,1,0,0,0,0,0,1,-1,1,0,1,1,1,0,0,0,0,0,16,0,0,5,3,6,4,1,2,2,31,20,0,0,0,0,0,0,0,0,7,1,1,0,0,0,0,1,3,0,0,KRBKRNvK,DRAW,5R2/3K4/8/8/1r4n1/1B6/4k3/8 w - - 0 1
1,1,0,0,0,0,0,1,-1,1,0,1,1,1,0,0,0,0,0,16,0,0,4,0,2,4,4,4,0,19,26,0,0,0,0,0,0,0,0,7,1,1,0,0,0,0,0,3,0,0,KRBKRNvK,DRAW,3r4/8/8/4k3/8/K6n/6R1/7B w - - 0 1
1,1,0,0,0,0,0,1,-1,1,0,1,1,1,0,0,0,0,0,16,0,0,5,2,3,7,7,1,6,6,0,1,0,0,0,0,0,0,0,7,1,1,0,0,0,0,3,0,0,0,KRBKRNvK,DRAW,7k/8/3B4/6R1/2K5/8/8/2rn4 w - - 0 1
0,1,0,0,0,0,0,1,-1,1,0,1,1,1,0,0,0,0,0,16,0,0,2,2,7,0,7,4,6,19,23,0,0,0,0,0,0,0,0,7,1,1,0,0,0,0,2,2,0,1,KRBKRNvK,DRAW,k1K1n3/8/8/1r6/7R/8/8/3B4 b - - 0 1
0,1,0,0,0,0,0,1,-1,1,0,1,1,1,0,0,0,0,0,16,0,0,6,0,6,5,0,5,4,21,25,0,0,0,0,0,0,0,0,7,1,1,0,0,0,0,2,0,0,0,KRBKRNvK,DRAW,8/K5n1/7B/8/2R5/6r1/8/5k2 b - - 0 1
1,1,0,0,0,0,0,1,-1,1,0,1,1,1,0,0,0,0,0,16,0,0,2,4,4,2,3,0,1,21,20,0,0,0,0,0,0,0,0,7,1,1,0,0,0,0,4,2,0,0,KRBKRNvK,DRAW,1n6/8/8/4K3/2k5/7R/7B/r7 w - - 0 1
1,1,0,0,0,0,0,1,-1,1,0,1,1,1,0,0,0,0,0,16,0,0,3,3,3,0,0,0,6,23,21,0,0,0,0,0,0,0,0,7,1,1,0,1,0,0,3,1,0,0,KRBKRNvK,WIN,6B1/8/4R3/8/3K4/6n1/r7/k7 w - - 0 1
1,1,0,0,0,0,0,1,-1,1,0,1,1,1,0,0,0,0,0,16,0,0,5,5,3,0,4,1,3,27,18,0,0,0,0,0,0,0,0,7,1,1,0,0,0,0,2,1,1,1,KRBKRNvK,DRAW,8/4B1r1/1R6/k7/5K2/8/5n2/8 w - - 0 1
0,1,0,0,0,0,0,1,-1,1,0,1,1,1,0,0,0,0,0,16,0,0,3,0,2,2,5,4,2,23,23,0,0,0,0,0,0,0,0,7,1,1,0,1,0,0,2,1,2,0,KRBKRNvK,DRAW,8/4B3/2k5/8/4R3/K7/7r/5n2 b - - 0 1
1,1,0,0,0,0,0,1,-1,1,0,1,1,1,0,0,0,0,0,16,0,0,5,1,3,6,2,2,3,28,24,0,0,0,0,0,0,0,0,7,1,1,0,1,0,0,0,2,0,1,KRBKRNvK,DRAW,2B5/6n1/R7/8/1K6/6k1/3r4/8 w - - 0 1
1,1,0,0,0,0,0,1,-1,1,0,1,1,1,0,0,0,0,0,16,0,0,6,7,3,1,7,3,5,28,21,0,0,0,0,0,0,0,0,7,1,1,0,0,0,0,1,2,0,0,KRBKRNvK,DRAW,1k2r3/8/6R1/8/7K/1B6/1n6/8 w - - 0 1
0,1,0,0,0,0,0,1,-1,1,0,1,1,1,0,0,0,0,0,16,0,0,4,3,4,2,0,0,4,23,22,0,0,0,0,0,0,0,0,7,1,1,0,0,0,0,4,0,0,0,KRBKRNvK,DRAW,6r1/4B3/8/n2KR3/8/8/8/2k5 b - - 0 1
0,1,0,0,0,0,0,1,-1,1,0,1,1,1,0,0,0,0,0,16,0,0,7,5,7,0,0,4,6,18,19,0,0,0,0,0,0,0,0,7,1,1,0,0,0,0,2,2,0,0,KRBKRNvK,DRAW,5K2/8/8/6r1/8/7n/4R3/k4B2 b - - 0 1
1,1,0,0,0,0,0,1,-1,1,0,1,1,1,0,0,0,0,0,16,0,0,4,4,4,6,0,0,5,25,21,0,0,0,0,0,0,0,0,7,1,1,1,0,0,0,4,1,0,0,KRBKRNvK,DRAW,8/4R3/1n5r/4K3/4B3/8/8/6k1 w - - 0 1
0,1,0,0,0,0,0,1,-1,1,0,1,1,1,0,0,0,0,0,16,0,0,6,7,7,6,1,6,4,25,22,0,0,0,0,0,0,0,0,7,1,1,0,1,0,0,2,2,0,0,KRBKRNvK,DRAW,7K/8/4n3/7R/B7/8/3r2k1/8 b - - 0 1
0,1,0,0,0,0,0,1,-1,1,0,1,1,1,0,0,0,0,0,16,0,0,3,0,3,2,6,3,3,25,22,0,0,0,0,0,0,0,0,7,1,1,0,0,0,0,2,2,0,0,KRBKRNvK,DRAW,8/2k5/8/6r1/K6n/B3R3/8/8 b - - 0 1
1,1,0,0,0,0,0,1,-1,1,0,1,1,1,0,0,0,0,0,16,0,0,5,4,7,5,2,3,2,6,0,1,0,0,0,0,0,0,0,7,1,1,1,0,0,0,1,2,1,0,KRBKRNvK,DRAW,4K3/6R1/8/8/8/5k2/3n4/4r1B1 w - - 0 1
0,1,0,0,0,0,0,1,-1,1,0,1,1,1,0,0,0,0,0,16,0,0,3,1,4,0,1,2,5,17,30,0,0,0,0,0,0,0,0,7,1,1,0,0,0,0,3,0,0,0,KRBKRNvK,DRAW,3n1r2/2B5/8/1K6/8/8/k7/3R4 b - - 0 1
1,1,0,0,0,0,0,1,-1,1,0,1,1,1,0,0,0,0,0,16,0,0,2,1,5,1,3,3,2,24,23,0,0,0,0,0,0,0,0,7,1,1,0,0,0,0,2,0,1,1,KRBKRNvK,DRAW,2r5/8/1K5n/3R4/1k6/8/7B/8 w - - 0 1
1,1,0,0,0,0,0,1,-1,1,0,1,1,1,0,0,0,0,0,16,0,0,3,5,4,2,7,1,4,7,0,1,0,0,0,0,0,0,0,7,1,1,1,1,0,0,4,1,1,1,KRBKRNvK,DRAW,2k5/3R4/8/5K2/8/4n3/2B4r/8 w - - 0 1
1,1,0,0,0,0,0,1,-1,1,0,1,1,1,0,0,0,0,0,16,0,0,7,7,0,0,2,6,4,20,24,0,0,0,0,0,0,0,0,7,1,1,0,0,0,0,1,2,0,1,KRBKRNvK,DRAW,8/8/5r2/8/8/k4n2/7B/6RK w - - 0 1
1,1,0,0,0,0,0,1,-1,1,0,1,1,1,0,0,0,0,0,16,0,0,3,5,5,2,7,2,4,28,20,0,0,0,0,0,0,0,0,7,1,1,1,0,0,0,3,2,1,1,KRBKRNvK,DRAW,2k3B1/4R3/5K2/8/7r/n7/8/8 w - - 0 1
1,1,0,0,0,0,0,1,-1,1,0,1,1,1,0,0,0,0,0,16,0,0,4,3,3,3,7,0,3,5,0,1,0,0,0,0,0,0,0,7,1,1,0,1,0,0,3,1,0,1,KRBKRNvK,DRAW,3k2n1/8/8/2R5/3K4/6B1/3r4/8 w - - 0 1
1,1,0,0,0,0,0,1,-1,1,0,1,1,1,0,0,0,0,0,16,0,0,2,5,7,7,6,4,5,23,19,0,0,0,0,0,0,0,0,7,1,1,0,0,0,0,0,2,0,0,KRBKRNvK,DRAW,n4K2/7k/8/8/1r5B/8/8/5R2 w - - 0 1
1,1,0,0,0,0,0,1,-1,1,0,1,1,1,0,0,0,0,0,16,0,0,5,7,6,5,1,5,3,26,16,0,0,0,0,0,0,0,0,7,1,1,0,0,0,0,2,0,0,0,KRBKRNvK,DRAW,8/7K/8/7B/2R5/n7/5k2/5r2 w - - 0 1
0,1,0,0,0,0,0,1,-1,1,0,1,1,1,0,0,0,0,0,16,0,0,3,4,7,1,4,3,2,26,24,0,0,0,0,0,0,0,0,7,1,1,1,0,0,0,1,3,0,0,KRBKRNvK,DRAW,4K3/5R2/8/1k6/r4n2/8/2B5/8 b - - 0 1
1,1,0,0,0,0,0,1,-1,1,0,1,1,1,0,0,0,0,0,16,0,0,5,2,7,7,3,4,3,4,0,1,0,0,0,0,0,0,0,7,1,1,0,0,0,0,2,2,0,0,KRBKRNvK,DRAW,2K5/6nB/8/8/2r4k/8/4R3/8 w - - 0 1
1,1,0,0,0,0,0,1,-1,1,0,1,1,1,0,0,0,0,0,16,0,0,6,2,6,1,0,3,5,22,17,0,0,0,0,0,0,0,0,7,1,1,0,1,0,0,1,0,0,0,KRBKRNvK,DRAW,2R5/2K5/8/8/8/4B3/1r6/nk6 w - - 0 1
0,1,0,0,0,0,0,1,-1,1,0,1,1,1,0,0,0,0,0,16,0,0,2,4,1,5,3,2,1,20,25,0,0,0,0,0,0,0,0,7,1,1,0,0,0,0,2,2,1,1,KRBKRNvK,DRAW,4Bn2/8/8/7R/5k2/6r1/4K3/8 b - - 0 1
0,1,0,0,0,0,0,1,-1,1,0,1,1,1,0,0,0,0,0,16,0,0,2,4,5,2,4,1,1,23,21,0,0,0,0,0,0,0,0,7,1,1,0,0,0,0,2,3,1,1,KRBKRNvK,DRAW,8/8/R2nK3/2k5/7B/8/8/3r4 b - - 0 1
0,1,0,0,0,0,0,1,-1,1,0,1,1,1,0,0,0,0,0,16,0,0,4,3,1,0,5,2,4,23,25,0,0,0,0,0,0,0,0,7,1,1,0,0,0,0,2,1,1,1,KRBKRNvK,DRAW,8/5n2/k7/2R5/8/8/B2K4/1r6 b - - 0 1
0,1,0,0,0,0,0,1,-1,1,0,1,1,1,0,0,0,0,0,16,0,0,5,2,7,7,6,4,5,16,28,0,0,0,0,0,0,0,0,7,1,1,0,1,0,0,1,0,1,1,KRBKRNvK,DRAW,n1K2R2/7k/8/4B3/8/8/7r/8 b - - 0 1
0,1,0,0,0,0,0,1,-1,1,0,1,1,1,0,0,0,0,0,16,0,0,6,7,7,7,1,6,5,21,26,0,0,0,0,0,0,0,0,7,1,1,1,0,0,0,1,0,0,1,KRBKRNvK,DRAW,7K/5R2/6r1/8/8/4B3/n6k/8 b - - 0 1
1,1,0,0,0,0,0,1,-1,1,0,1,1,1,0,0,0,0,0,16,0,0,6,6,2,0,0,3,6,22,19,0,0,0,0,0,0,0,0,7,1,1,0,0,0,0,3,2,1,1,KRBKRNvK,DRAW,8/8/8/8/3r4/1B2R1K1/8/k5n1 w - - 0 1
0,1,0,0,0,0,0,1,-1,1,0,1,1,1,0,0,0,0,0,16,0,0,2,2,4,3,2,1,1,22,31,0,0,0,0,0,0,0,0,7,1,1,1,0,0,0,3,2,1,0,KRBKRNvK,DRAW,7r/6R1/8/2K5/8/3k1B2/8/3n4 b - - 0 1
1,1,0,0,0,0,0,1,-1,1,0,1,1,1,0,0,0,0,0,16,0,0,2,1,2,3,1,3,2,25,21,0,0,0,0,0,0,0,0,7,1,1,0,0,0,0,2,1,0,1,KRBKRNvK,DRAW,3B4/1r6/8/2R5/1n6/1K6/3k4/8 w - - 0 1
0,1,0,0,0,0,0,1,-1,1,0,1,1,1,0,0,0,0,0,16,0,0,3,1,1,3,4,4,0,23,27,0,0,0,0,0,0,0,0,7,1,1,0,0,0,0,2,3,1,0,KRBKRNvK,DRAW,8/8/4r3/3k2n1/5RB1/8/1K6/8 b - - 0 1
0,1,0,0,0,0,0,1,-1,1,0,1,1,1,0,0,0,0,0,16,0,0,2,2,6,4,4,3,0,4,0,1,0,0,0,0,0,0,0,7,1,1,0,0,0,0,3,4,1,0,KRBKRNvK,DRAW,8/2K5/3B4/4k1r1/8/8/3R4/7n b - - 0 1
0,1,0,0,0,0,0,1,-1,1,0,1,1,1,0,0,0,0,0,16,0,0,3,2,7,5,6,4,3,24,24,0,0,0,0,0,0,0,0,7,1,1,0,0,0,0,1,2,1,0,KRBKRNvK,DRAW,2K5/5k2/8/5B2/8/n7/R7/4r3 b - - 0 1
0,1,0,0,0,0,0,1,-1,1,0,1,1,1,0,0,0,0,0,16,0,0,2,3,2,3,4,1,0,16,29,0,0,0,0,0,0,0,0,7,1,1,1,0,0,0,3,4,2,0,KRBKRNvK,DRAW,8/1R6/5B2/r2k4/8/3K4/8/6n1 b - - 0 1
1,1,0,0,0,0,0,1,-1,1,0,1,1,1,0,0,0,0,0,16,0,0,6,2,7,1,1,4,4,4,0,1,0,0,0,0,0,0,0,7,1,1,0,0,0,0,1,1,0,1,KRBKRNvK,DRAW,r1K5/B7/8/8/1n6/8/1k6/5R2 w - - 0 1
0,1,0,0,0,0,0,1,-1,1,0,1,1,1,0,0,0,0,0,16,0,0,4,6,7,2,6,5,3,4,0,1,0,0,0,0,0,0,0,7,1,1,0,1,0,0,2,2,2,0,KRBKRNvK,DRAW,3B2K1/2k5/8/3R4/8/2n5/1r6/8 b - - 0 1
1,1,0,0,0,0,0,1,-1,1,0,1,1,1,0,0,0,0,0,16,0,0,5,1,6,6,3,4,2,22,19,0,0,0,0,0,0,0,0,7,1,1,0,0,0,0,2,0,0,0,KRBKRNvK,DRAW,8/1K2B2r/8/8/6k1/8/n7/3R4 w - - 0 1
0,1,0,0,0,0,0,1,-1,1,0,1,1,1,0,0,0,0,0,16,0,0,3,6,4,3,1,2,2,5,0,1,0,0,0,0,0,0,0,7,1,1,0,0,0,0,1,0,0,0,KRBKRNvK,DRAW,5n2/8/8/5BK1/8/r7/3k2R1/8 b - - 0 1
1,1,0,0,0,0,0,1,-1,1,0,1,1,1,0,0,0,0,0,16,0,0,2,1,7,0,5,5,4,1,0,1,0,0,0,0,0,0,0,7,1,1,0,0,0,0,3,2,1,0,KRBKRNvK,DRAW,1K5r/8/k7/8/1R2B3/2n5/8/8 w - - 0 1
1,1,0,0,0,0,0,1,-1,1,0,1,1,1,0,0,0,0,0,16,0,0,6,3,1,4,7,2,3,24,14,0,0,0,0,0,0,0,0,7,1,1,0,0,0,0,2,2,1,0,KRBKRNvK,DRAW,2r1k3/4B3/2n5/8/8/8/3KR3/8 w - - 0 1
1,1,0,0,0,0,0,1,-1,1,0,1,1,1,0,0,0,0,0,16,0,0,7,3,0,7,7,3,6,2,0,1,0,0,0,0,0,0,0,7,1,1,0,0,0,0,0,2,0,2,KRBKRNvK,DRAW,7k/8/8/8/B7/5n2/8/2RK1r2 w - - 0 1
1,1,0,0,0,0,0,1,-1,1,0,1,1,1,0,0,0,0,0,16,0,0,4,2,4,6,4,1,2,6,0,1,0,0,0,0,0,0,0,7,1,1,0,0,0,0,3,2,1,1,KRBKRNvK,DRAW,8/8/7R/2K1r1k1/8/8/7n/1B6 w - - 0 1
1,1,0,0,0,0,0,1,-1,1,0,1,1,1,0,0,0,0,0,16,0,0,6,6,2,0,0,3,6,5,0,1,0,0,0,0,0,0,0,7,1,1,0,0,0,0,3,1,0,0,KRBKRNvK,DRAW,8/6r1/4R3/2B5/8/3n2K1/8/k7 w - - 0 1
0,1,0,0,0,0,0,1,-1,1,0,1,1,1,0,0,0,0,0,16,0,0,5,4,5,4,0,1,3,26,18,0,0,0,0,0,0,0,0,7,1,1,1,1,0,0,2,1,0,1,KRBKRNvK,DRAW,8/2R1B3/4K3/8/2n5/8/5r2/4k3 b - - 0 1
1,1,0,0,0,0,0,1,-1,1,0,1,1,1,0,0,0,0,0,16,0,0,7,0,2,7,1,4,5,3,0,1,0,0,0,0,0,0,0,7,1,1,1,0,0,0,3,0,0,0,KRBKRNvK,DRAW,n7/3R2B1/r7/8/8/K7/7k/8 w - - 0 1
0,1,0,0,0,0,0,1,-1,1,0,1,1,1,0,0,0,0,0,16,0,0,5,1,3,6,1,2,4,4,0,1,0,0,0,0,0,0,0,7,1,1,0,0,0,0,2,2,0,1,KRBKRNvK,LOSS,8/8/2B5/2r5/1K6/8/2R3kn/8 b - - 0 1
1,1,0,0,0,0,0,1,-1,1,0,1,1,1,0,0,0,0,0,16,0,0,7,7,3,0,0,3,6,21,25,0,0,0,0,0,0,0,0,7,1,1,0,0,0,0,2,0,0,0,KRBKRNvK,DRAW,8/6r1/8/4n3/3R3K/7B/8/k7 w - - 0 1
0,1,0,0,0,0,0,1,-1,1,0,1,1,1,0,0,0,0,0,16,0,0,2,7,1,5,3,5,1,20,17,0,0,0,0,0,0,0,0,7,1,1,0,0,0,0,0,2,0,0,KRBKRNvK,DRAW,5r2/8/8/8/5k2/B7/n6K/7R b - - 0 1
1,1,0,0,0,0,0,1,-1,1,0,1,1,1,0,0,0,0,0,16,0,0,4,2,2,4,6,2,2,31,20,0,0,0,0,0,0,0,0,7,1,1,0,0,0,0,4,0,0,1,KRBKRNvK,DRAW,5n2/4k3/8/7R/8/2KB4/8/3r4 w - - 0 1
1,1,0,0,0,0,0,1,-1,1,0,1,1,1,0,0,0,0,0,16,0,0,2,6,5,4,7,3,3,23,14,0,0,0,0,0,0,0,0,7,1,1,0,0,0,0,2,1,1,0,KRBKRNvK,WIN,3Bk3/8/6K1/8/8/6nr/3R4/8 w - - 0 1
0,1,0,0,0,0,0,1,-1,1,0,1,1,1,0,0,0,0,0,16,0,0,2,2,5,1,3,2,2,20,25,0,0,0,0,0,0,0,0,7,1,1,0,0,0,0,2,0,1,0,KRBKRNvK,DRAW,7r/8/R1K5/5B2/1k6/8/8/6n1 b - - 0 1
0,1,0,0,0,0,0,1,-1,1,0,1,1,1,0,0,0,0,0,16,0,0,4,2,4,3,0,1,3,21,24,0,0,0,0,0,0,0,0,7,1,1,0,0,0,0,2,2,0,1,KRBKRNvK,DRAW,8/4r3/8/R1K3B1/8/8/8/2nk4 b - - 0 1
0,1,0,0,0,0,0,1,-1,1,0,1,1,1,0,0,0,0,0,16,0,0,5,6,2,1,7,3,5,27,32,0,0,0,0,0,0,0,0,7,1,1,0,0,0,0,2,1,0,0,KRBKRNvK,DRAW,1k6/8/5B2/8/2n5/6K1/7R/r7 b - - 0 1
1,1,0,0,0,0,0,1,-1,1,0,1,1,1,0,0,0,0,0,16,0,0,4,4,0,7,4,3,3,25,18,0,0,0,0,0,0,0,0,7,1,1,0,0,0,0,3,1,0,0,KRBKRNvK,DRAW,8/6r1/3R4/7k/6n1/8/8/4K2B w - - 0 1
0,1,0,0,0,0,0,1,-1,1,0,1,1,1,0,0,0,0,0,16,0,0,4,0,4,4,1,3,2,22,19,0,0,0,0,0,0,0,0,7,1,1,0,0,0,0,1,0,0,0,KRBKRNvK,WIN,n7/8/R5B1/K7/8/8/4k3/5r2 b - - 0 1
1,1,0,0,0,0,0,1,-1,1,0,1,1,1,0,0,0,0,0,16,0,0,4,6,1,2,1,4,3,20,23,0,0,0,0,0,0,0,0,7,1,1,0,0,0,0,2,2,1,0,KRBKRNvK,DRAW,8/3n4/8/r7/8/8/2k3K1/B5R1 w - - 0 1
0,1,0,0,0,0,0,1,-1,1,0,1,1,1,0,0,0,0,0,16,0,0,2,2,2,4,1,2,2,28,25,0,0,0,0,0,0,0,0,7,1,1,0,0,0,0,2,2,0,0,KRBKRNvK,DRAW,6r1/3B4/2n5/8/7R/2K5/4k3/8 b - - 0 1
1,1,0,0,0,0,0,1,-1,1,0,1,1,1,0,0,0,0,0,16,0,0,3,6,6,3,4,4,0,27,21,0,0,0,0,0,0,0,0,7,1,1,1,0,0,0,2,4,1,0,KRBKRNvK,DRAW,8/4R1K1/8/3k4/B1n5/3r4/8/8 w - - 0 1
0,1,0,0,0,0,0,1,-1,1,0,1,1,1,0,0,0,0,0,16,0,0,3,6,7,7,4,5,3,21,26,0,0,0,0,0,0,0,0,7,1,1,0,0,0,0,1,0,0,0,KRBKRNvK,DRAW,nB4K1/8/8/7k/8/2r5/5R2/8 b - - 0 1
1,1,0,0,0,0,0,1,-1,1,0,1,1,1,0,0,0,0,0,16,0,0,5,0,7,5,4,6,1,24,16,0,0,0,0,0,0,0,0,7,1,1,0,0,0,0,2,2,2,0,KRBKRNvK,DRAW,K7/8/5r1B/5k2/6R1/n7/8/8 w - - 0 1
1,1,0,0,0,0,0,1,-1,1,0,1,1,1,0,0,0,0,0,16,0,0,4,4,2,2,6,1,3,6,0,1,0,0,0,0,0,0,0,7,1,1,0,0,0,0,2,2,0,0,KRBKRNvK,DRAW,2n1r3/2k5/8/8/8/4K3/R7/4B3 w - - 0 1
0,1,0,0,0,0,0,1,-1,1,0,1,1,1,0,0,0,0,0,16,0,0,3,2,3,5,5,1,2,20,27,0,0,0,0,0,0,0,0,7,1,1,0,1,0,0,3,2,0,0,KRBKRNvK,DRAW,8/8/5k2/8/2K5/6n1/6r1/1B1R4 b - - 0 1
0,1,0,0,0,0,0,1,-1,1,0,1,1,1,0,0,0,0,0,16,0,0,7,0,4,7,0,3,6,20,25,0,0,0,0,0,0,0,0,7,1,1,0,0,0,0,2,3,0,0,KRBKRNvK,WIN,8/4r3/5B2/K7/8/4n3/R7/7k b - - 0 1
1,1,0,0,0,0,0,1,-1,1,0,1,1,1,0,0,0,0,0,16,0,0,7,7,0,5,7,6,4,2,0,1,0,0,0,0,0,0,0,7,1,1,0,0,0,0,0,3,0,0,KRBKRNvK,DRAW,5k2/8/8/8/7r/4n3/1R6/B6K w - - 0 1
1,1,0,0,0,0,0,1,-1,1,0,1,1,1,0,0,0,0,0,16,0,0,5,1,1,6,1,4,4,18,28,0,0,0,0,0,0,0,0,7,1,1,0,0,0,0,0,2,0,0,KRBKRNvK,DRAW,2B5/8/8/2r5/8/4n3/RK4k1/8 w - - 0 1
0,1,0,0,0,0,0,1,-1,1,0,1,1,1,0,0,0,0,0,16,0,0,5,2,0,7,5,4,4,21,23,0,0,0,0,0,0,0,0,7,1,1,0,0,0,0,3,0,0,2,KRBKRNvK,WIN,8/8/2B4k/2R5/8/1r6/8/2K1n3 b - - 0 1
1,1,0,0,0,0,0,1,-1,1,0,1,1,1,0,0,0,0,0,16,0,0,7,3,7,2,0,3,4,6,0,1,0,0,0,0,0,0,0,7,1,1,0,1,0,0,3,2,0,0,KRBKRNvK,DRAW,3K3B/8/7n/8/6R1/8/3r4/2k5 w - - 0 1
0,1,0,0,0,0,0,1,-1,1,0,1,1,1,0,0,0,0,0,16,0,0,2,4,4,6,3,0,2,6,0,1,0,0,0,0,0,0,0,7,1,1,0,0,0,0,3,0,0,0,KRBKRNvK,DRAW,2B5/7r/R7/4K3/6k1/n7/8/8 b - - 0 1
0,1,0,0,0,0,0,1,-1,1,0,1,1,1,0,0,0,0,0,16,0,0,2,2,5,4,3,2,0,19,22,0,0,0,0,0,0,0,0,7,1,1,0,0,0,0,1,3,1,0,KRBKRNvK,DRAW,8/7r/2K2R2/8/4k3/8/8/3B3n b - - 0 1
0,1,0,0,0,0,0,1,-1,1,0,1,1,1,0,0,0,0,0,16,0,0,4,1,0,2,4,5,1,5,0,1,0,0,0,0,0,0,0,7,1,1,0,1,0,0,3,2,0,1,KRBKRNvK,LOSS,3n4/8/5B2/2k3R1/8/8/2r5/1K6 b - - 0 1
0,1,0,0,0,0,0,1,-1,1,0,1,1,1,0,0,0,0,0,16,0,0,5,2,6,7,7,3,6,3,0,1,0,0,0,0,0,0,0,7,1,1,0,0,0,0,2,1,0,0,KRBKRNvK,DRAW,5r1k/2K5/8/8/8/2B1n3/8/5R2 b - - 0 1
0,1,0,0,0,0,0,1,-1,1,0,1,1,1,0,0,0,0,0,16,0,0,5,6,6,1,5,4,3,21,24,0,0,0,0,0,0,0,0,7,1,1,0,0,0,0,2,2,0,0,KRBKRNvK,DRAW,8/6K1/1k1r4/7R/8/B7/8/2n5 b - - 0 1
1,1,0,0,0,0,0,1,-1,1,0,1,1,1,0,0,0,0,0,16,0,0,3,0,4,3,1,3,2,26,21,0,0,0,0,0,0,0,0,7,1,1,0,0,0,0,1,3,0,0,KRBKRNvK,DRAW,2R5/8/4r1B1/K7/8/4n3/3k4/8 w - - 0 1
0,1,0,0,0,0,0,1,-1,1,0,1,1,1,0,0,0,0,0,16,0,0,2,6,0,4,1,5,2,24,18,0,0,0,0,0,0,0,0,7,1,1,0,0,0,0,0,1,0,0,KRBKRNvK,DRAW,8/r7/7B/6n1/8/8/4k3/1R4K1 b - - 0 1
0,1,0,0,0,0,0,1,-1,1,0,1,1,1,0,0,0,0,0,16,0,0,5,6,7,1,4,5,2,6,0,1,0,0,0,0,0,0,0,7,1,1,1,1,0,0,1,3,1,0,KRBKRNvK,LOSS,6K1/5R2/1n6/1k6/8/3B4/4r3/8 b - - 0 1
0,1,0,0,0,0,0,1,-1,1,0,1,1,1,0,0,0,0,0,16,0,0,2,0,7,2,6,6,3,2,0,1,0,0,0,0,0,0,0,7,1,1,0,0,0,0,2,1,2,0,KRBKRNvK,DRAW,K7/2k1n2r/8/B1R5/8/8/8/8 b - - 0 1
1,1,0,0,0,0,0,1,-1,1,0,1,1,1,0,0,0,0,0,16,0,0,4,5,1,4,5,3,1,7,0,1,0,0,0,0,0,0,0,7,1,1,0,0,0,0,0,2,0,1,KRBKRNvK,DRAW,R7/1r6/4k3/8/6nB/8/5K2/8 w - - 0 1
0,1,0,0,0,0,0,1,-1,1,0,1,1,1,0,0,0,0,0,16,0,0,4,3,3,3,7,0,3,3,0,1,0,0,0,0,0,0,0,7,1,1,0,0,0,0,4,0,1,1,KRBKRNvK,DRAW,3k4/8/B2R4/8/3K4/n4r2/8/8 b - - 0 1
0,1,0,0,0,0,0,1,-1,1,0,1,1,1,0,0,0,0,0,16,0,0,7,5,0,0,7,4,6,20,21,0,0,0,0,0,0,0,0,7,1,1,0,0,0,0,3,2,0,1,KRBKRNvK,DRAW,k3r3/8/8/5R2/8/7n/8/B4K2 b - - 0 1
1,1,0,0,0,0,0,1,-1,1,0,1,1,1,0,0,0,0,0,16,0,0,5,2,6,1,1,3,4,17,22,0,0,0,0,0,0,0,0,7,1,1,0,0,0,0,0,2,0,1,KRBKRNvK,DRAW,2R1B3/2K5/8/r7/8/8/nk6/8 w - - 0 1
1,1,0,0,0,0,0,1,-1,1,0,1,1,1,0,0,0,0,0,16,0,0,5,5,5,4,0,2,3,6,0,1,0,0,0,0,0,0,0,7,1,1,0,0,0,0,1,0,1,1,KRBKRNvK,DRAW,2B5/8/5K1r/8/8/n1R5/8/4k3 w - - 0 1
1,1,0,0,0,0,0,1,-1,1,0,1,1,1,0,0,0,0,0,16,0,0,2,5,6,7,4,3,3,23,18,0,0,0,0,0,0,0,0,7,1,1,0,0,0,0,1,2,2,0,KRBKRNvK,WIN,8/5K2/5R2/7k/5Br1/2n5/8/8 w - - 0 1
1,1,0,0,0,0,0,1,-1,1,0,1,1,1,0,0,0,0,0,16,0,0,7,3,7,2,0,3,4,23,18,0,0,0,0,0,0,0,0,7,1,1,0,0,0,0,3,1,0,0,KRBKRNvK,DRAW,3K4/2B5/8/8/5R2/4n3/8/2k1r3 w - - 0 1
0,1,0,0,0,0,0,1,-1,1,0,1,1,1,0,0,0,0,0,16,0,0,6,2,7,6,1,4,4,24,27,0,0,0,0,0,0,0,0,7,1,1,1,0,0,0,2,2,1,0,KRBKRNvK,DRAW,2K5/3R4/8/8/r7/8/4B1k1/3n4 b - - 0 1
0,1,0,0,0,0,0,1,-1,1,0,1,1,1,0,0,0,0,0,16,0,0,4,5,3,1,4,1,2,24,25,0,0,0,0,0,0,0,0,7,1,1,0,0,0,0,3,0,0,1,KRBKRNvK,DRAW,8/8/6r1/nk6/4BK2/8/8/4R3 b - - 0 1
0,1,0,0,0,0,0,1,-1,1,0,1,1,1,0,0,0,0,0,16,0,0,4,3,4,6,0,0,5,3,0,1,0,0,0,0,0,0,0,7,1,1,0,0,0,0,3,0,1,0,KRBKRNvK,DRAW,8/8/8/3K4/3B4/5R2/8/2r1n1k1 b - - 0 1
0,1,0,0,0,0,0,1,-1,1,0,1,1,1,0,0,0,0,0,16,0,0,4,6,4,2,2,2,2,24,20,0,0,0,0,0,0,0,0,7,1,1,0,0,0,0,0,3,0,1,KRBKRNvK,DRAW,n1B4R/8/4r3/6K1/8/2k5/8/8 b - - 0 1
1,1,0,0,0,0,0,1,-1,1,0,1,1,1,0,0,0,0,0,16,0,0,5,2,3,7,7,1,6,29,20,0,0,0,0,0,0,0,0,7,1,1,0,0,0,0,2,0,0,0,KRBKRNvK,DRAW,7k/3B4/7r/8/2K5/1R6/8/2n5 w - - 0 1
1,1,0,0,0,0,0,1,-1,1,0,1,1,1,0,0,0,0,0,16,0,0,2,5,6,7,4,3,3,26,20,0,0,0,0,0,0,0,0,7,1,1,0,0,0,0,3,2,0,1,KRBKRNvK,DRAW,8/5K2/7r/7k/8/5n2/7B/3R4 w - - 0 1
1,1,0,0,0,0,0,1,-1,1,0,1,1,1,0,0,0,0,0,16,0,0,2,5,4,3,4,1,0,22,22,0,0,0,0,0,0,0,0,7,1,1,0,0,0,0,2,3,1,0,KRBKRNvK,DRAW,8/8/n7/3k1K2/8/5R2/7B/2r5 w - - 0 1
1,1,0,0,0,0,0,1,-1,1,0,1,1,1,0,0,0,0,0,16,0,0,5,1,0,6,4,5,2,26,20,0,0,0,0,0,0,0,0,7,1,1,0,0,0,0,2,0,0,2,KRBKRNvK,DRAW,5R2/8/8/6k1/8/r7/n5B1/1K6 w - - 0 1
1,1,0,0,0,0,0,1,-1,1,0,1,1,1,0,0,0,0,0,16,0,0,6,4,0,5,6,3,3,23,26,0,0,0,0,0,0,0,0,7,1,1,0,1,0,0,2,0,0,0,KRBKRNvK,DRAW,8/B4k2/8/8/2R5/n7/1r6/4K3 w - - 0 1
0,1,0,0,0,0,0,1,-1,1,0,1,1,1,0,0,0,0,0,16,0,0,4,6,7,2,6,5,3,25,20,0,0,0,0,0,0,0,0,7,1,1,0,0,0,0,2,2,0,0,KRBKRNvK,DRAW,6K1/2k5/3r4/8/6R1/7B/1n6/8 b - - 0 1
0,1,0,0,0,0,0,1,-1,1,0,1,1,1,0,0,0,0,0,16,0,0,5,6,4,1,7,2,5,1,0,1,0,0,0,0,0,0,0,7,1,1,0,0,0,0,2,0,1,0,KRBKRNvK,DRAW,Rk6/8/1r6/6K1/8/5B2/1n6/8 b - - 0 1
0,1,0,0,0,0,0,1,-1,1,0,1,1,1,0,0,0,0,0,16,0,0,2,5,4,4,6,1,2,23,26,0,0,0,0,0,0,0,0,7,1,1,0,0,0,0,3,0,0,0,KRBKRNvK,DRAW,2r5/4k3/8/5K2/8/8/6B1/2n4R b - - 0 1
1,1,0,0,0,0,0,1,-1,1,0,1,1,1,0,0,0,0,0,16,0,0,7,5,7,3,0,4,3,4,0,1,0,0,0,0,0,0,0,7,1,1,0,0,0,0,2,2,1,1,KRBKRNvK,DRAW,3r1K2/8/4R3/8/8/3B4/7n/3k4 w - - 0 1
0,1,0,0,0,0,0,1,-1,1,0,1,1,1,0,0,0,0,0,16,0,0,6,6,1,0,6,4,5,22,25,0,0,0,0,0,0,0,0,7,1,1,0,0,0,0,1,2,0,2,KRBKRNvK,DRAW,8/k6B/8/8/5r2/2R4n/6K1/8 b - - 0 1
1,1,0,0,0,0,0,1,-1,1,0,1,1,1,0,0,0,0,0,16,0,0,3,3,4,0,1,0,5,22,24,0,0,0,0,0,0,0,0,7,1,1,1,0,0,0,4,1,0,2,KRBKRNvK,DRAW,8/5R2/1r2B3/3K4/8/3n4/k7/8 w - - 0 1
0,1,0,0,0,0,0,1,-1,1,0,1,1,1,0,0,0,0,0,16,0,0,6,5,0,1,6,4,4,5,0,1,0,0,0,0,0,0,0,7,1,1,0,0,0,0,2,1,0,0,KRBKRNvK,DRAW,8/rk6/8/8/1R4n1/8/8/3B1K2 b - - 0 1
0,1,0,0,0,0,0,1,-1,1,0,1,1,1,0,0,0,0,0,16,0,0,5,7,1,2,4,5,1,24,23,0,0,0,0,0,0,0,0,7,1,1,0,0,0,0,0,3,1,0,KRBKRNvK,DRAW,8/8/B5R1/2k5/8/2n5/7K/3r4 b - - 0 1
1,1,0,0,0,0,0,1,-1,1,0,1,1,1,0,0,0,0,0,16,0,0,7,0,1,7,5,5,4,28,24,0,0,0,0,0,0,0,0,7,1,1,0,0,0,0,0,1,0,0,KRBKRNvK,DRAW,8/2r5/7k/6n1/1B6/8/K7/5R2 w - - 0 1
0,1,0,0,0,0,0,1,-1,1,0,1,1,1,0,0,0,0,0,16,0,0,6,6,3,0,3,2,3,3,0,1,0,0,0,0,0,0,0,7,1,1,0,1,0,0,1,1,1,1,KRBKRNvK,DRAW,8/8/R7/8/k5K1/8/r3n3/6B1 b - - 0 1
1,1,0,0,0,0,0,1,-1,1,0,1,1,1,0,0,0,0,0,16,0,0,4,1,3,5,0,2,4,31,22,0,0,0,0,0,0,0,0,7,1,1,0,0,0,0,3,2,0,0,KRBKRNvK,DRAW,8/4rn2/8/7R/1K6/8/2B5/5k2 w - - 0 1
1,1,0,0,0,0,0,1,-1,1,0,1,1,1,0,0,0,0,0,16,0,0,3,3,3,1,6,0,4,7,0,1,0,0,0,0,0,0,0,7,1,1,0,0,0,0,3,2,0,0,KRBKRNvK,DRAW,8/1k1r4/7R/7n/3K4/8/2B5/8 w - - 0 1
1,1,0,0,0,0,0,1,-1,1,0,1,1,1,0,0,0,0,0,16,0,0,4,0,5,4,7,4,3,22,21,0,0,0,0,0,0,0,0,7,1,1,0,1,0,0,2,0,0,0,KRBKRNvK,DRAW,4k3/B7/K7/7n/5R2/8/1r6/8 w - - 0 1
1,1,0,0,0,0,0,1,-1,1,0,1,1,1,0,0,0,0,0,16,0,0,5,5,5,1,0,2,5,25,21,0,0,0,0,0,0,0,0,7,1,1,0,1,0,0,2,0,1,0,KRBKRNvK,DRAW,8/8/4RK2/8/n7/8/2r5/1kB5 w - - 0 1
0,1,0,0,0,0,0,1,-1,1,0,1,1,1,0,0,0,0,0,16,0,0,6,0,7,6,1,6,4,4,0,1,0,0,0,0,0,0,0,7,1,1,0,0,0,0,1,0,1,0,KRBKRNvK,DRAW,K7/2B2r2/8/8/n7/6R1/6k1/8 b - - 0 1
1,1,0,0,0,0,0,1,-1,1,0,1,1,1,0,0,0,0,0,16,0,0,4,7,3,3,3,3,0,3,0,1,0,0,0,0,0,0,0,7,1,1,0,0,0,0,0,3,0,0,KRBKRNvK,DRAW,6n1/4B3/8/8/3k3K/6R1/8/7r w - - 0 1
0,1,0,0,0,0,0,1,-1,1,0,1,1,1,0,0,0,0,0,16,0,0,3,6,0,4,3,5,0,25,21,0,0,0,0,0,0,0,0,7,1,1,0,0,0,0,2,3,1,0,KRBKRNvK,DRAW,8/5r2/8/1R2n3/4k3/8/4B3/6K1 b - - 0 1
1,1,0,0,0,0,0,1,-1,1,0,1,1,1,0,0,0,0,0,16,0,0,3,0,4,3,1,3,2,27,23,0,0,0,0,0,0,0,0,7,1,1,0,0,0,0,0,3,0,0,KRBKRNvK,DRAW,8/4n3/1R6/K7/6B1/4r3/3k4/8 w - - 0 1
0,1,0,0,0,0,0,1,-1,1,0,1,1,1,0,0,0,0,0,16,0,0,2,6,0,7,2,5,4,17,22,0,0,0,0,0,0,0,0,7,1,1,0,0,0,0,0,1,1,0,KRBKRNvK,DRAW,8/8/8/r1n5/1B6/7k/6R1/6K1 b - - 0 1
0,1,0,0,0,0,0,1,-1,1,0,1,1,1,0,0,0,0,0,16,0,0,3,3,3,0,6,0,5,3,0,1,0,0,0,0,0,0,0,7,1,1,1,0,0,0,4,2,0,2,KRBKRNvK,DRAW,3B4/k2R4/8/8/2nK4/4r3/8/8 b - - 0 1
1,1,0,0,0,0,0,1,-1,1,0,1,1,1,0,0,0,0,0,16,0,0,4,2,4,6,3,1,2,23,20,0,0,0,0,0,0,0,0,7,1,1,0,0,0,0,2,0,0,1,KRBKRNvK,DRAW,r2B4/8/8/2K1n3/6k1/2R5/8/8 w - - 0 1
0,1,0,0,0,0,0,1,-1,1,0,1,1,1,0,0,0,0,0,16,0,0,5,1,1,6,0,4,5,18,27,0,0,0,0,0,0,0,0,7,1,1,0,0,0,0,1,0,0,0,KRBKRNvK,DRAW,8/8/6R1/5B2/8/7r/1K4n1/6k1 b - - 0 1
0,1,0,0,0,0,0,1,-1,1,0,1,1,1,0,0,0,0,0,16,0,0,2,6,0,7,2,5,4,2,0,1,0,0,0,0,0,0,0,7,1,1,0,0,0,0,2,1,0,0,KRBKRNvK,LOSS,8/3B1n2/8/8/8/7k/8/2r1R1K1 b - - 0 1
0,1,0,0,0,0,0,1,-1,1,0,1,1,1,0,0,0,0,0,16,0,0,7,1,7,6,0,5,5,3,0,1,0,0,0,0,0,0,0,7,1,1,0,0,0,0,3,0,0,0,KRBKRNvK,DRAW,1K6/6B1/8/8/8/r7/6n1/3R2k1 b - - 0 1
0,1,0,0,0,0,0,1,-1,1,0,1,1,1,0,0,0,0,0,16,0,0,4,2,4,6,5,1,3,17,28,0,0,0,0,0,0,0,0,7,1,1,0,0,0,0,2,0,0,1,KRBKRNvK,DRAW,r7/n7/6k1/2K5/8/8/4B3/3R4 b - - 0 1
0,1,0,0,0,0,0,1,-1,1,0,1,1,1,0,0,0,0,0,16,0,0,5,2,2,7,0,2,6,21,24,0,0,0,0,0,0,0,0,7,1,1,0,1,0,0,2,1,0,1,KRBKRNvK,DRAW,8/8/7B/8/1n4R1/2K5/5r2/7k b - - 0 1
1,1,0,0,0,0,0,1,-1,1,0,1,1,1,0,0,0,0,0,16,0,0,3,6,2,7,5,3,4,6,0,1,0,0,0,0,0,0,0,7,1,1,0,0,0,0,1,0,1,1,KRBKRNvK,DRAW,8/2r5/6Bk/8/8/5RK1/8/7n w - - 0 1
0,1,0,0,0,0,0,1,-1,1,0,1,1,1,0,0,0,0,0,16,0,0,5,5,0,2,5,4,2,21,27,0,0,0,0,0,0,0,0,7,1,1,0,0,0,0,1,2,0,0,KRBKRNvK,DRAW,8/8/2k5/1rn2B2/8/8/8/R4K2 b - - 0 1
0,1,0,0,0,0,0,1,-1,1,0,1,1,1,0,0,0,0,0,16,0,0,5,7,5,2,6,4,3,4,0,1,0,0,0,0,0,0,0,7,1,1,0,0,0,0,0,2,2,0,KRBKRNvK,DRAW,3R4/2knr3/7K/B7/8/8/8/8 b - - 0 1
0,1,0,0,0,0,0,1,-1,1,0,1,1,1,0,0,0,0,0,16,0,0,2,5,5,7,7,2,6,15,18,0,0,0,0,0,0,0,0,7,1,1,0,0,0,0,1,0,0,1,KRBKRNvK,DRAW,r2n3k/8/5K2/8/7B/7R/8/8 b - - 0 1
1,1,0,0,0,0,0,1,-1,1,0,1,1,1,0,0,0,0,0,16,0,0,4,6,7,2,5,5,2,22,28,0,0,0,0,0,0,0,0,7,1,1,0,0,0,0,1,3,0,1,KRBKRNvK,DRAW,6K1/8/2k1n3/7r/8/5R2/8/6B1 w - - 0 1
0,1,0,0,0,0,0,1,-1,1,0,1,1,1,0,0,0,0,0,16,0,0,4,1,7,5,4,5,1,7,0,1,0,0,0,0,0,0,0,7,1,1,0,0,0,0,1,3,1,0,KRBKRNvK,DRAW,1K5R/8/8/5k2/r7/3B4/n7/8 b - - 0 1
1,1,0,0,0,0,0,1,-1,1,0,1,1,1,0,0,0,0,0,16,0,0,4,7,5,3,6,4,2,27,22,0,0,0,0,0,0,0,0,7,1,1,0,0,0,0,2,3,2,0,KRBKRNvK,DRAW,8/3k1B2/7K/4R3/8/3r1n2/8/8 w - - 0 1
0,1,0,0,0,0,0,1,-1,1,0,1,1,1,0,0,0,0,0,16,0,0,4,1,5,5,3,3,1,5,0,1,0,0,0,0,0,0,0,7,1,1,0,0,0,0,1,3,1,0,KRBKRNvK,DRAW,2R5/8/1K1B4/8/5kr1/8/4n3/8 b - - 0 1
0,1,0,0,0,0,0,1,-1,1,0,1,1,1,0,0,0,0,0,16,0,0,5,0,1,5,1,5,3,5,0,1,0,0,0,0,0,0,0,7,1,1,0,0,0,0,3,2,1,1,KRBKRNvK,DRAW,8/8/8/8/5R2/8/K4k2/Bn2r3 b - - 0 1
0,1,0,0,0,0,0,1,-1,1,0,1,1,1,0,0,0,0,0,16,0,0,4,4,1,4,5,2,1,5,0,1,0,0,0,0,0,0,0,7,1,1,0,0,0,0,1,2,1,0,KRBKRNvK,DRAW,4R2n/8/4k3/8/8/r7/4K2B/8 b - - 0 1
1,1,0,0,0,0,0,1,-1,1,0,1,1,1,0,0,0,0,0,16,0,0,4,1,4,3,0,2,3,27,27,0,0,0,0,0,0,0,0,7,1,1,1,0,0,0,1,3,0,0,KRBKRNvK,DRAW,4r3/R7/8/1K6/8/5n2/B7/3k4 w - - 0 1
0,1,0,0,0,0,0,1,-1,1,0,1,1,1,0,0,0,0,0,16,0,0,6,3,0,5,6,3,3,5,0,1,0,0,0,0,0,0,0,7,1,1,0,0,0,0,3,3,0,0,KRBKRNvK,LOSS,8/5k2/8/8/r3R1n1/1B6/8/3K4 b - - 0 1
0,1,0,0,0,0,0,1,-1,1,0,1,1,1,0,0,0,0,0,16,0,0,6,6,0,0,1,5,5,25,24,0,0,0,0,0,0,0,0,7,1,1,1,0,0,0,0,1,0,1,KRBKRNvK,DRAW,8/7R/8/B7/8/5r2/k1n5/6K1 b - - 0 1
1,1,0,0,0,0,0,1,-1,1,0,1,1,1,0,0,0,0,0,16,0,0,7,0,2,7,7,4,6,25,17,0,0,0,0,0,0,0,0,7,1,1,0,0,0,0,2,0,0,1,KRBKRNvK,DRAW,6rk/8/8/2R5/8/K7/8/n3B3 w - - 0 1
0,1,0,0,0,0,0,1,-1,1,0,1,1,1,0,0,0,0,0,16,0,0,4,5,5,1,1,2,4,19,32,0,0,0,0,0,0,0,0,7,1,1,0,1,0,0,3,0,1,0,KRBKRNvK,DRAW,8/8/5K2/5B2/2R5/8/1k5r/3n4 b - - 0 1
0,1,0,0,0,0,0,1,-1,1,0,1,1,1,0,0,0,0,0,16,0,0,4,0,2,3,6,4,2,26,23,0,0,0,0,0,0,0,0,7,1,1,0,0,0,0,2,4,0,0,KRBKRNvK,DRAW,8/3k4/2n5/7R/3r4/K7/8/2B5 b - - 0 1
1,1,0,0,0,0,0,1,-1,1,0,1,1,1,0,0,0,0,0,16,0,0,2,4,3,2,3,0,1,25,19,0,0,0,0,0,0,0,0,7,1,1,1,0,0,0,3,2,0,0,KRBKRNvK,DRAW,3B4/1R6/8/8/2k1K3/8/7n/6r1 w - - 0 1
1,1,0,0,0,0,0,1,-1,1,0,1,1,1,0,0,0,0,0,16,0,0,6,1,5,7,7,3,6,4,0,1,0,0,0,0,0,0,0,7,1,1,0,0,0,0,1,0,0,0,KRBKRNvK,DRAW,7k/2B3n1/1KR5/8/8/1r6/8/8 w - - 0 1
1,1,0,0,0,0,0,1,-1,1,0,1,1,1,0,0,0,0,0,16,0,0,4,4,4,4,0,0,3,4,0,1,0,0,0,0,0,0,0,7,1,1,0,0,0,0,3,1,0,2,KRBKRNvK,DRAW,8/3B4/3R4/4K1r1/6n1/8/8/4k3 w - - 0 1
1,1,0,0,0,0,0,1,-1,1,0,1,1,1,0,0,0,0,0,16,0,0,3,0,6,3,5,5,1,5,0,1,0,0,0,0,0,0,0,7,1,1,0,0,0,0,1,2,1,0,KRBKRNvK,DRAW,2R5/K2r2n1/3k4/8/8/8/5B2/8 w - - 0 1
0,1,0,0,0,0,0,1,-1,1,0,1,1,1,0,0,0,0,0,16,0,0,5,2,1,5,6,3,3,20,23,0,0,0,0,0,0,0,0,7,1,1,0,0,0,0,0,0,0,0,KRBKRNvK,DRAW,R7/5k2/1r6/8/8/B7/2K5/7n b - - 0 1
1,1,0,0,0,0,0,1,-1,1,0,1,1,1,0,0,0,0,0,16,0,0,4,5,2,1,5,2,3,13,21,0,0,0,0,0,0,0,0,7,1,1,0,0,0,0,3,0,0,1,KRBKRNvK,DRAW,5r2/8/1k3B2/7n/8/5K2/5R2/8 w - - 0 1
1,1,0,0,0,0,0,1,-1,1,0,1,1,1,0,0,0,0,0,16,0,0,5,1,0,4,5,5,1,21,25,0,0,0,0,0,0,0,0,7,1,1,0,0,0,0,0,4,0,0,KRBKRNvK,DRAW,8/6n1/4k3/8/7r/8/1R6/1KB5 w - - 0 1
0,1,0,0,0,0,0,1,-1,1,0,1,1,1,0,0,0,0,0,16,0,0,4,6,6,2,6,4,3,6,0,1,0,0,0,0,0,0,0,7,1,1,0,0,0,0,2,0,0,0,KRBKRNvK,DRAW,8/2k3K1/8/8/2R5/7r/8/1B1n4 b - - 0 1
0,1,0,0,0,0,0,1,-1,1,0,1,1,1,0,0,0,0,0,16,0,0,3,7,7,4,4,6,0,25,22,0,0,0,0,0,0,0,0,7,1,1,0,0,0,0,0,3,0,1,KRBKRNvK,DRAW,7K/8/5r2/1B2k3/n7/1R6/8/8 b - - 0 1
1,1,0,0,0,0,0,1,-1,1,0,1,1,1,0,0,0,0,0,16,0,0,4,7,7,3,5,6,1,25,20,0,0,0,0,0,0,0,0,7,1,1,1,0,0,0,1,4,1,0,KRBKRNvK,DRAW,2n4K/6R1/1B1k4/8/2r5/8/8/8 w - - 0 1
1,1,0,0,0,0,0,1,-1,1,0,1,1,1,0,0,0,0,0,16,0,0,5,5,3,0,6,1,5,24,21,0,0,0,0,0,0,0,0,7,1,1,0,1,0,0,3,0,0,1,KRBKRNvK,DRAW,2n5/k7/8/8/2B2K2/5R2/6r1/8 w - - 0 1
0,1,0,0,0,0,0,1,-1,1,0,1,1,1,0,0,0,0,0,16,0,0,3,3,6,6,4,2,2,6,0,1,0,0,0,0,0,0,0,7,1,1,0,0,0,0,2,2,0,0,KRBKRNvK,DRAW,8/3K4/8/1R4k1/2B2r2/8/5n2/8 b - - 0 1
0,1,0,0,0,0,0,1,-1,1,0,1,1,1,0,0,0,0,0,16,0,0,2,7,0,5,0,6,4,22,27,0,0,0,0,0,0,0,0,7,1,1,1,0,0,0,1,1,0,0,KRBKRNvK,DRAW,8/R7/8/3B1n2/8/8/8/2r2k1K b - - 0 1
0,1,0,0,0,0,0,1,-1,1,0,1,1,1,0,0,0,0,0,16,0,0,7,7,7,1,0,6,5,20,21,0,0,0,0,0,0,0,0,7,1,1,0,0,0,0,3,2,0,0,KRBKRNvK,DRAW,7K/n7/8/2R5/8/3r4/8/1k4B1 b - - 0 1
1,1,0,0,0,0,0,1,-1,1,0,1,1,1,0,0,0,0,0,16,0,0,3,0,3,2,6,3,3,6,0,1,0,0,0,0,0,0,0,7,1,1,0,0,0,0,1,2,2,0,KRBKRNvK,DRAW,8/2k5/1R2B3/8/K2r4/8/7n/8 w - - 0 1
0,1,0,0,0,0,0,1,-1,1,0,1,1,1,0,0,0,0,0,16,0,0,2,4,4,4,6,0,2,19,25,0,0,0,0,0,0,0,0,7,1,1,0,0,0,0,3,0,0,0,KRBKRNvK,DRAW,8/4k3/8/4K3/2B4R/8/8/5rn1 b - - 0 1
1,1,0,0,0,0,0,1,-1,1,0,1,1,1,0,0,0,0,0,16,0,0,5,4,2,3,7,1,3,6,0,1,0,0,0,0,0,0,0,7,1,1,0,0,0,0,2,0,0,1,KRBKRNvK,DRAW,3k4/8/8/1B6/8/4KR2/8/n3r3 w - - 0 1
1,1,0,0,0,0,0,1,-1,1,0,1,1,1,0,0,0,0,0,16,0,0,4,6,5,5,1,3,3,24,21,0,0,0,0,0,0,0,0,7,1,1,1,1,0,0,0,0,0,0,KRBKRNvK,DRAW,8/R7/6K1/B7/8/8/2r2k2/1n6 w - - 0 1
0,1,0,0,0,0,0,1,-1,1,0,1,1,1,0,0,0,0,0,16,0,0,2,2,3,4,3,1,0,4,0,1,0,0,0,0,0,0,0,7,1,1,0,1,0,0,3,4,0,2,KRBKRNvK,DRAW,8/7B/R1n5/8/2K1k3/8/4r3/8 b - - 0 1
1,1,0,0,0,0,0,1,-1,1,0,1,1,1,0,0,0,0,0,16,0,0,2,2,4,4,3,1,0,4,0,1,0,0,0,0,0,0,0,7,1,1,0,0,0,0,3,3,1,1,KRBKRNvK,DRAW,8/3B4/8/2K3R1/4k3/2r4n/8/8 w - - 0 1
1,1,0,0,0,0,0,1,-1,1,0,1,1,1,0,0,0,0,0,16,0,0,2,7,4,5,3,3,1,25,18,0,0,0,0,0,0,0,0,7,1,1,0,0,0,0,3,2,1,1,KRBKRNvK,DRAW,8/8/8/1R5K/5k2/r6n/5B2/8 w - - 0 1
0,1,0,0,0,0,0,1,-1,1,0,1,1,1,0,0,0,0,0,16,0,0,2,3,0,5,0,3,4,1,0,1,0,0,0,0,0,0,0,7,1,1,0,0,0,0,3,3,1,0,KRBKRNvK,DRAW,8/1B6/8/1r3n2/8/8/8/3KRk2 b - - 0 1
1,1,0,0,0,0,0,1,-1,1,0,1,1,1,0,0,0,0,0,16,0,0,3,3,2,6,2,1,3,25,23,0,0,0,0,0,0,0,0,7,1,1,1,0,0,0,3,2,0,1,KRBKRNvK,DRAW,B7/5R2/8/2r5/6n1/3K2k1/8/8 w - - 0 1
0,1,0,0,0,0,0,1,-1,1,0,1,1,1,0,0,0,0,0,16,0,0,2,2,6,0,6,3,5,18,21,0,0,0,0,0,0,0,0,7,1,1,0,0,0,0,2,2,0,1,KRBKRNvK,DRAW,7n/k1K5/8/3r4/8/1R3B2/8/8 b - - 0 1
1,1,0,0,0,0,0,1,-1,1,0,1,1,1,0,0,0,0,0,16,0,0,3,1,0,4,1,5,2,3,0,1,0,0,0,0,0,0,0,7,1,1,0,0,0,0,0,2,0,1,KRBKRNvK,LOSS,5B2/8/8/8/R1r5/8/3nk3/1K6 w - - 0 1
1,1,0,0,0,0,0,1,-1,1,0,1,1,1,0,0,0,0,0,16,0,0,2,0,6,2,5,5,2,2,0,1,0,0,0,0,0,0,0,7,1,1,0,0,0,0,2,1,0,0,KRBKRNvK,DRAW,8/K7/2k4B/8/5R2/r7/8/7n w - - 0 1
1,1,0,0,0,0,0,1,-1,1,0,1,1,1,0,0,0,0,0,16,0,0,3,4,1,1,0,2,5,26,22,0,0,0,0,0,0,0,0,7,1,1,0,0,0,0,0,2,0,1,KRBKRNvK,DRAW,5r2/8/2R5/8/8/5n2/4K3/1k2B3 w - - 0 1
0,1,0,0,0,0,0,1,-1,1,0,1,1,1,0,0,0,0,0,16,0,0,2,2,7,4,6,4,2,6,0,1,0,0,0,0,0,0,0,7,1,1,1,0,0,0,0,2,0,0,KRBKRNvK,LOSS,2K5/4k2R/8/r6n/8/8/3B4/8 b - - 0 1
1,1,0,0,0,0,0,1,-1,1,0,1,1,1,0,0,0,0,0,16,0,0,3,4,3,1,3,0,2,5,0,1,0,0,0,0,0,0,0,7,1,1,0,1,0,0,4,1,0,2,KRBKRNvK,DRAW,3B4/8/8/4R3/1k2K3/8/4r1n1/8 w - - 0 1
1,1,0,0,0,0,0,1,-1,1,0,1,1,1,0,0,0,0,0,16,0,0,7,7,7,0,1,6,5,21,21,0,0,0,0,0,0,0,0,7,1,1,0,0,0,0,0,0,0,0,KRBKRNvK,DRAW,2R4K/8/8/8/8/n5r1/k7/5B2 w - - 0 1
0,1,0,0,0,0,0,1,-1,1,0,1,1,1,0,0,0,0,0,16,0,0,4,1,0,5,2,5,2,22,19,0,0,0,0,0,0,0,0,7,1,1,0,1,0,0,2,1,0,1,KRBKRNvK,DRAW,2nBR3/8/8/8/8/5k2/2r5/1K6 b - - 0 1
1,1,0,0,0,0,0,1,-1,1,0,1,1,1,0,0,0,0,0,16,0,0,2,3,7,4,5,3,1,20,17,0,0,0,0,0,0,0,0,7,1,1,0,0,0,0,1,2,2,1,KRBKRNvK,DRAW,3K1R2/4r3/4k1B1/3n4/8/8/8/8 w - - 0 1
1,1,0,0,0,0,0,1,-1,1,0,1,1,1,0,0,0,0,0,16,0,0,2,4,7,6,5,3,3,23,21,0,0,0,0,0,0,0,0,7,1,1,0,1,0,0,2,1,0,0,KRBKRNvK,DRAW,4K3/8/6k1/B7/8/6n1/6r1/4R3 w - - 0 1
0,1,0,0,0,0,0,1,-1,1,0,1,1,1,0,0,0,0,0,16,0,0,4,4,4,2,0,0,4,3,0,1,0,0,0,0,0,0,0,7,1,1,0,1,0,0,3,0,1,0,KRBKRNvK,DRAW,n7/8/8/4K3/8/8/B5r1/2k2R2 b - - 0 1
1,1,0,0,0,0,0,1,-1,1,0,1,1,1,0,0,0,0,0,16,0,0,2,2,1,4,2,3,1,18,17,0,0,0,0,0,0,0,0,7,1,1,0,0,0,0,2,2,0,1,KRBKRNvK,DRAW,8/8/8/1R6/B7/r3k3/2K2n2/8 w - - 0 1
0,1,0,0,0,0,0,1,-1,1,0,1,1,1,0,0,0,0,0,16,0,0,7,3,7,1,0,3,5,18,24,0,0,0,0,0,0,0,0,7,1,1,0,0,0,0,2,0,0,1,KRBKRNvK,DRAW,3K1B2/8/2r5/8/8/8/4R3/1k5n b - - 0 1
0,1,0,0,0,0,0,1,-1,1,0,1,1,1,0,0,0,0,0,16,0,0,2,7,7,5,6,6,3,6,0,1,0,0,0,0,0,0,0,7,1,1,1,1,0,0,0,3,0,0,KRBKRNvK,DRAW,7K/1R3k2/8/8/8/8/3r1n2/3B4 b - - 0 1
1,1,0,0,0,0,0,1,-1,1,0,1,1,1,0,0,0,0,0,16,0,0,3,1,2,4,0,3,3,20,20,0,0,0,0,0,0,0,0,7,1,1,0,0,0,0,0,0,0,1,KRBKRNvK,DRAW,2r5/8/8/RB6/8/1K6/8/3nk3 w - - 0 1
0,1,0,0,0,0,0,1,-1,1,0,1,1,1,0,0,0,0,0,16,0,0,3,2,3,5,1,1,3,21,25,0,0,0,0,0,0,0,0,7,1,1,0,0,0,0,3,2,1,1,KRBKRNvK,DRAW,8/8/8/7R/2K5/4r3/5k2/3Bn3 b - - 0 1
0,1,0,0,0,0,0,1,-1,1,0,1,1,1,0,0,0,0,0,16,0,0,3,0,3,3,0,3,3,3,0,1,0,0,0,0,0,0,0,7,1,1,0,0,0,0,0,0,0,1,KRBKRNvK,DRAW,8/8/8/6B1/K7/n5r1/8/R2k4 b - - 0 1
1,1,0,0,0,0,0,1,-1,1,0,1,1,1,0,0,0,0,0,16,0,0,2,5,3,5,1,1,3,3,0,1,0,0,0,0,0,0,0,7,1,1,0,0,0,0,2,2,0,1,KRBKRNvK,DRAW,1B6/8/6R1/8/2r2K2/8/3n1k2/8 w - - 0 1
0,1,0,0,0,0,0,1,-1,1,0,1,1,1,0,0,0,0,0,16,0,0,3,3,7,6,7,3,5,4,0,1,0,0,0,0,0,0,0,7,1,1,0,0,0,0,0,1,0,1,KRBKRNvK,DRAW,3K2k1/8/1n6/8/B7/6R1/8/5r2 b - - 0 1
1,1,0,0,0,0,0,1,-1,1,0,1,1,1,0,0,0,0,0,16,0,0,5,7,6,2,4,5,1,26,20,0,0,0,0,0,0,0,0,7,1,1,0,0,0,0,2,2,0,0,KRBKRNvK,DRAW,B7/7K/8/2k5/8/r7/1R6/6n1 w - - 0 1
0,1,0,0,0,0,0,1,-1,1,0,1,1,1,0,0,0,0,0,16,0,0,6,4,7,5,1,3,3,24,23,0,0,0,0,0,0,0,0,7,1,1,1,0,0,0,2,2,0,0,KRBKRNvK,DRAW,4K1B1/1n1R4/8/8/1r6/8/5k2/8 b - - 0 1
0,1,0,0,0,0,0,1,-1,1,0,1,1,1,0,0,0,0,0,16,0,0,6,6,6,6,0,4,5,9,28,0,0,0,0,0,0,0,0,7,1,1,0,0,0,0,1,2,0,0,KRBKRNvK,LOSS,2n5/6K1/8/8/3B4/R3r3/8/6k1 b - - 0 1
1,1,0,0,0,0,0,1,-1,1,0,1,1,1,0,0,0,0,0,16,0,0,2,7,5,7,7,4,6,26,16,0,0,0,0,0,0,0,0,7,1,1,0,0,0,0,2,0,0,0,KRBKRNvK,DRAW,4n2k/1r2B3/7K/8/3R4/8/8/8 w - - 0 1
1,1,0,0,0,0,0,1,-1,1,0,1,1,1,0,0,0,0,0,16,0,0,3,1,5,4,7,3,3,26,23,0,0,0,0,0,0,0,0,7,1,1,0,0,0,0,2,2,0,1,KRBKRNvK,DRAW,4k2B/8/1K5n/3r4/8/R7/8/8 w - - 0 1
0,1,0,0,0,0,0,1,-1,1,0,1,1,1,0,0,0,0,0,16,0,0,5,2,6,7,2,3,4,17,32,0,0,0,0,0,0,0,0,7,1,1,0,0,0,0,2,0,1,1,KRBKRNvK,DRAW,8/2K5/r7/3B4/5R2/n6k/8/8 b - - 0 1
0,1,0,0,0,0,0,1,-1,1,0,1,1,1,0,0,0,0,0,16,0,0,2,3,4,1,2,0,3,22,21,0,0,0,0,0,0,0,0,7,1,1,0,0,0,0,4,2,2,2,KRBKRNvK,DRAW,8/1n6/8/1B1K4/8/1k2r3/8/3R4 b - - 0 1
0,1,0,0,0,0,0,1,-1,1,0,1,1,1,0,0,0,0,0,16,0,0,3,3,2,6,5,1,3,19,31,0,0,0,0,0,0,0,0,7,1,1,0,0,0,0,2,0,1,0,KRBKRNvK,DRAW,8/8/r5k1/8/7R/3KB3/7n/8 b - - 0 1
1,1,0,0,0,0,0,1,-1,1,0,1,1,1,0,0,0,0,0,16,0,0,6,4,7,4,1,3,2,6,0,1,0,0,0,0,0,0,0,7,1,1,0,0,0,0,0,2,0,0,KRBKRNvK,DRAW,4K3/8/6R1/4r3/1B6/8/4k3/1n6 w - - 0 1
0,1,0,0,0,0,0,1,-1,1,0,1,1,1,0,0,0,0,0,16,0,0,4,5,0,2,4,4,1,4,0,1,0,0,0,0,0,0,0,7,1,1,0,0,0,0,0,3,2,0,KRBKRNvK,DRAW,8/B7/2n3r1/2k5/8/2R5/8/5K2 b - - 0 1
0,1,0,0,0,0,0,1,-1,1,0,1,1,1,0,0,0,0,0,16,0,0,5,6,0,1,2,5,3,14,10,0,0,0,0,0,0,0,0,7,1,1,0,0,0,0,0,1,0,0,KRBKRNvK,LOSS,5RB1/5r2/8/8/6n1/1k6/8/6K1 b - - 0 1
1,1,0,0,0,0,0,1,-1,1,0,1,1,1,0,0,0,0,0,16,0,0,5,5,5,6,0,2,5,21,18,0,0,0,0,0,0,0,0,7,1,1,1,0,0,0,3,0,1,1,KRBKRNvK,DRAW,7n/5R2/5K2/8/8/8/8/1r4kB w - - 0 1
1,1,0,0,0,0,0,1,-1,1,0,1,1,1,0,0,0,0,0,16,0,0,2,7,0,6,2,6,3,24,27,0,0,0,0,0,0,0,0,7,1,1,0,0,0,0,1,2,0,0,KRBKRNvK,DRAW,8/8/5nB1/4r3/8/6k1/R7/7K w - - 0 1
1,1,0,0,0,0,0,1,-1,1,0,1,1,1,0,0,0,0,0,16,0,0,6,4,7,6,1,3,4,26,27,0,0,0,0,0,0,0,0,7,1,1,0,0,0,0,1,3,0,0,KRBKRNvK,DRAW,4K3/8/R3B3/1r6/8/8/2n3k1/8 w - - 0 1
1,1,0,0,0,0,0,1,-1,1,0,1,1,1,0,0,0,0,0,16,0,0,6,6,0,0,6,5,5,4,0,1,0,0,0,0,0,0,0,7,1,1,0,0,0,0,2,2,0,0,KRBKRNvK,DRAW,5n2/k7/8/6r1/8/1RB5/8/6K1 w - - 0 1
1,1,0,0,0,0,0,1,-1,1,0,1,1,1,0,0,0,0,0,16,0,0,3,4,7,1,4,3,2,23,27,0,0,0,0,0,0,0,0,7,1,1,1,1,0,0,1,3,0,1,KRBKRNvK,DRAW,4K3/6RB/4n3/1k6/8/8/4r3/8 w - - 0 1
0,1,0,0,0,0,0,1,-1,1,0,1,1,1,0,0,0,0,0,16,0,0,3,0,5,3,5,4,1,22,19,0,0,0,0,0,0,0,0,7,1,1,0,0,0,0,3,3,1,1,KRBKRNvK,DRAW,4R2B/8/K2k4/8/1r1n4/8/8/8 b - - 0 1
1,1,0,0,0,0,0,1,-1,1,0,1,1,1,0,0,0,0,0,16,0,0,3,6,4,6,7,2,5,27,22,0,0,0,0,0,0,0,0,7,1,1,0,0,0,0,0,0,0,0,KRBKRNvK,DRAW,r5k1/8/8/6K1/3n4/B1R5/8/8 w - - 0 1
1,1,0,0,0,0,0,1,-1,1,0,1,1,1,0,0,0,0,0,16,0,0,2,6,0,4,2,5,1,21,27,0,0,0,0,0,0,0,0,7,1,1,0,0,0,0,1,3,0,0,KRBKRNvK,DRAW,8/8/3B4/8/2r5/3nk3/8/6KR w - - 0 1
0,1,0,0,0,0,0,1,-1,1,0,1,1,1,0,0,0,0,0,16,0,0,4,7,6,6,2,5,3,6,0,1,0,0,0,0,0,0,0,7,1,1,0,0,0,0,1,3,0,0,KRBKRNvK,DRAW,6R1/B6K/8/8/r7/2n3k1/8/8 b - - 0 1
1,1,0,0,0,0,0,1,-1,1,0,1,1,1,0,0,0,0,0,16,0,0,4,2,4,6,4,1,2,24,28,0,0,0,0,0,0,0,0,7,1,1,0,0,0,0,2,1,0,1,KRBKRNvK,DRAW,8/4n3/B7/2K3k1/8/R7/8/7r w - - 0 1
1,1,0,0,0,0,0,1,-1,1,0,1,1,1,0,0,0,0,0,16,0,0,3,4,4,4,1,0,2,6,0,1,0,0,0,0,0,0,0,7,1,1,0,0,0,0,3,1,1,1,KRBKRNvK,DRAW,n7/8/8/4K1r1/4B3/7R/4k3/8 w - - 0 1
1,1,0,0,0,0,0,1,-1,1,0,1,1,1,0,0,0,0,0,16,0,0,5,6,7,1,5,5,3,24,19,0,0,0,0,0,0,0,0,7,1,1,0,0,0,0,3,0,1,0,KRBKRNvK,DRAW,6KB/8/1k6/2R5/8/8/8/1n5r w - - 0 1
0,1,0,0,0,0,0,1,-1,1,0,1,1,1,0,0,0,0,0,16,0,0,7,0,0,7,1,6,5,7,0,1,0,0,0,0,0,0,0,7,1,1,0,0,0,0,0,1,0,0,KRBKRNvK,DRAW,8/8/8/8/4n3/B3r3/R6k/K7 b - - 0 1
0,1,0,0,0,0,0,1,-1,1,0,1,1,1,0,0,0,0,0,16,0,0,4,0,0,3,4,6,0,4,0,1,0,0,0,0,0,0,0,7,1,1,0,0,0,0,2,3,1,0,KRBKRNvK,DRAW,8/8/8/3k1Rn1/6r1/8/B7/K7 b - - 0 1
1,1,0,0,0,0,0,1,-1,1,0,1,1,1,0,0,0,0,0,16,0,0,5,7,6,2,6,5,3,5,0,1,0,0,0,0,0,0,0,7,1,1,0,0,0,0,2,3,1,2,KRBKRNvK,DRAW,R7/2k4K/8/5rn1/8/8/1B6/8 w - - 0 1
1,1,0,0,0,0,0,1,-1,1,0,1,1,1,0,0,0,0,0,16,0,0,5,4,5,7,0,1,6,27,21,0,0,0,0,0,0,0,0,7,1,1,0,0,0,0,4,3,0,1,KRBKRNvK,DRAW,3R4/8/4K3/8/1n3r2/8/2B5/7k w - - 0 1
0,1,0,0,0,0,0,1,-1,1,0,1,1,1,0,0,0,0,0,16,0,0,6,6,4,0,6,2,5,5,0,1,0,0,0,0,0,0,0,7,1,1,0,0,0,0,0,3,0,1,KRBKRNvK,LOSS,5B2/k7/8/6K1/2n4r/8/R7/8 b - - 0 1
1,1,0,0,0,0,0,1,-1,1,0,1,1,1,0,0,0,0,0,16,0,0,7,6,0,0,7,5,6,25,17,0,0,0,0,0,0,0,0,7,1,1,0,0,0,0,3,0,0,0,KRBKRNvK,DRAW,k1r2n1B/8/8/7R/8/8/8/6K1 w - - 0 1
0,1,0,0,0,0,0,1,-1,1,0,1,1,1,0,0,0,0,0,16,0,0,5,5,6,0,7,3,6,18,27,0,0,0,0,0,0,0,0,7,1,1,0,0,0,0,3,0,0,1,KRBKRNvK,DRAW,k6r/5K2/3B4/8/8/8/n2R4/8 b - - 0 1
0,1,0,0,0,0,0,1,-1,1,0,1,1,1,0,0,0,0,0,16,0,0,6,6,3,0,2,2,4,23,27,0,0,0,0,0,0,0,0,7,1,1,0,1,0,0,3,0,0,1,KRBKRNvK,DRAW,2n5/8/8/5B2/6K1/k7/7r/3R4 b - - 0 1
1,1,0,0,0,0,0,1,-1,1,0,1,1,1,0,0,0,0,0,16,0,0,3,5,4,6,1,1,4,7,0,1,0,0,0,0,0,0,0,7,1,1,0,0,0,0,2,0,1,1,KRBKRNvK,DRAW,8/8/8/5K2/7n/1r6/B5k1/4R3 w - - 0 1
0,1,0,0,0,0,0,1,-1,1,0,1,1,1,0,0,0,0,0,16,0,0,4,3,7,1,3,3,2,5,0,1,0,0,0,0,0,0,0,7,1,1,0,0,0,0,0,2,1,0,KRBKRNvK,DRAW,3KB3/8/8/5r2/1k6/7n/1R6/8 b - - 0 1
1,1,0,0,0,0,0,1,-1,1,0,1,1,1,0,0,0,0,0,16,0,0,4,4,6,0,6,2,5,29,23,0,0,0,0,0,0,0,0,7,1,1,0,0,0,0,2,1,0,0,KRBKRNvK,DRAW,6B1/k3K3/8/7R/1n6/8/8/r7 w - - 0 1
1,1,0,0,0,0,0,1,-1,1,0,1,1,1,0,0,0,0,0,16,0,0,3,7,3,5,6,3,3,24,18,0,0,0,0,0,0,0,0,7,1,1,0,0,0,0,0,0,2,0,KRBKRNvK,DRAW,n7/3B1k2/7R/8/7K/8/8/5r2 w - - 0 1
1,1,0,0,0,0,0,1,-1,1,0,1,1,1,0,0,0,0,0,16,0,0,3,0,0,3,2,6,1,2,0,1,0,0,0,0,0,0,0,7,1,1,0,0,0,0,1,4,0,1,KRBKRNvK,DRAW,1R6/2B5/8/r7/8/1n1k4/8/K7 w - - 0 1
1,1,0,0,0,0,0,1,-1,1,0,1,1,1,0,0,0,0,0,16,0,0,2,4,0,2,1,3,3,23,20,0,0,0,0,0,0,0,0,7,1,1,0,0,0,0,1,2,1,1,KRBKRNvK,DRAW,1R6/8/8/7r/8/8/B1k5/2n1K3 w - - 0 1
0,1,0,0,0,0,0,1,-1,1,0,1,1,1,0,0,0,0,0,16,0,0,5,2,0,7,3,4,3,26,25,0,0,0,0,0,0,0,0,7,1,1,1,0,0,0,2,1,0,0,KRBKRNvK,DRAW,6r1/4R3/3n4/4B3/7k/8/8/2K5 b - - 0 1
1,1,0,0,0,0,0,1,-1,1,0,1,1,1,0,0,0,0,0,16,0,0,3,4,5,7,6,1,5,7,0,1,0,0,0,0,0,0,0,7,1,1,0,0,0,0,2,0,1,0,KRBKRNvK,DRAW,3B4/7k/r3K3/6R1/8/7n/8/8 w - - 0 1
0,1,0,0,0,0,0,1,-1,1,0,1,1,1,0,0,0,0,0,16,0,0,5,2,0,7,1,4,5,22,24,0,0,0,0,0,0,0,0,7,1,1,0,0,0,0,2,2,0,1,KRBKRNvK,DRAW,8/n7/8/8/R2B4/4r3/7k/2K5 b - - 0 1
0,1,0,0,0,0,0,1,-1,1,0,1,1,1,0,0,0,0,0,16,0,0,3,6,7,6,4,5,2,4,0,1,0,0,0,0,0,0,0,7,1,1,0,1,0,0,2,0,0,0,KRBKRNvK,DRAW,6K1/8/8/R5k1/8/7n/2r5/2B5 b - - 0 1
1,1,0,0,0,0,0,1,-1,1,0,1,1,1,0,0,0,0,0,16,0,0,6,6,1,2,7,4,4,21,19,0,0,0,0,0,0,0,0,7,1,1,1,0,0,0,2,2,1,0,KRBKRNvK,DRAW,2k1n3/3R4/8/4r3/8/8/6K1/7B w - - 0 1
0,1,0,0,0,0,0,1,-1,1,0,1,1,1,0,0,0,0,0,16,0,0,5,1,6,4,1,4,2,23,28,0,0,0,0,0,0,0,0,7,1,1,0,0,0,0,0,0,1,0,KRBKRNvK,DRAW,8/1K6/8/8/1B5n/2R5/4k3/6r1 b - - 0 1
0,1,0,0,0,0,0,1,-1,1,0,1,1,1,0,0,0,0,0,16,0,0,3,5,2,2,2,2,2,20,22,0,0,0,0,0,0,0,0,7,1,1,1,0,0,0,1,2,0,0,KRBKRNvK,DRAW,8/1R2B3/rn6/8/8/2k2K2/8/8 b - - 0 1
1,1,0,0,0,0,0,1,-1,1,0,1,1,1,0,0,0,0,0,16,0,0,4,3,0,2,4,3,1,22,21,0,0,0,0,0,0,0,0,7,1,1,0,0,0,0,3,4,0,1,KRBKRNvK,DRAW,8/4r3/8/2k5/6R1/6B1/8/1n1K4 w - - 0 1
1,1,0,0,0,0,0,1,-1,1,0,1,1,1,0,0,0,0,0,16,0,0,6,0,4,6,6,3,4,24,24,0,0,0,0,0,0,0,0,7,1,1,0,0,0,0,3,0,0,1,KRBKRNvK,DRAW,8/n5k1/5r2/K7/1R6/6B1/8/8 w - - 0 1
0,1,0,0,0,0,0,1,-1,1,0,1,1,1,0,0,0,0,0,16,0,0,5,1,4,6,4,2,2,6,0,1,0,0,0,0,0,0,0,7,1,1,0,1,0,0,2,1,0,1,KRBKRNvK,DRAW,8/2B5/8/1K1R2k1/8/3n4/2r5/8 b - - 0 1
1,1,0,0,0,0,0,1,-1,1,0,1,1,1,0,0,0,0,0,16,0,0,3,2,6,0,3,3,3,7,0,1,0,0,0,0,0,0,0,7,1,1,0,0,0,0,0,2,1,1,KRBKRNvK,DRAW,8/2K5/n7/7r/k7/B7/6R1/8 w - - 0 1
1,1,0,0,0,0,0,1,-1,1,0,1,1,1,0,0,0,0,0,16,0,0,3,3,2,2,5,1,2,6,0,1,0,0,0,0,0,0,0,7,1,1,0,0,0,0,3,2,0,2,KRBKRNvK,DRAW,8/8/2k5/1n6/8/3K1rB1/8/4R3 w - - 0 1
0,1,0,0,0,0,0,1,-1,1,0,1,1,1,0,0,0,0,0,16,0,0,6,1,2,7,5,3,4,3,0,1,0,0,0,0,0,0,0,7,1,1,0,0,0,0,2,0,0,0,KRBKRNvK,DRAW,4n3/1B5r/7k/8/8/1K5R/8/8 b - - 0 1
1,1,0,0,0,0,0,1,-1,1,0,1,1,1,0,0,0,0,0,16,0,0,3,5,3,3,6,1,2,25,25,0,0,0,0,0,0,0,0,7,1,1,0,0,0,0,3,3,0,2,KRBKRNvK,DRAW,8/B2k4/4rn2/8/5K2/8/6R1/8 w - - 0 1
0,1,0,0,0,0,0,1,-1,1,0,1,1,1,0,0,0,0,0,16,0,0,3,0,7,3,6,6,2,23,19,0,0,0,0,0,0,0,0,7,1,1,0,0,0,0,2,0,0,0,KRBKRNvK,DRAW,K6B/3k4/5r2/8/8/4R3/8/2n5 b - - 0 1
0,1,0,0,0,0,0,1,-1,1,0,1,1,1,0,0,0,0,0,16,0,0,4,2,6,4,2,3,1,6,0,1,0,0,0,0,0,0,0,7,1,1,0,0,0,0,1,2,1,2,KRBKRNvK,LOSS,1r6/n1K5/8/2B5/8/4k3/8/R7 b - - 0 1
0,1,0,0,0,0,0,1,-1,1,0,1,1,1,0,0,0,0,0,16,0,0,4,1,0,4,4,5,0,25,22,0,0,0,0,0,0,0,0,7,1,1,1,0,0,0,0,3,0,0,KRBKRNvK,DRAW,8/R7/8/4k3/6rn/7B/8/1K6 b - - 0 1
0,1,0,0,0,0,0,1,-1,1,0,1,1,1,0,0,0,0,0,16,0,0,6,7,0,2,6,6,3,21,21,0,0,0,0,0,0,0,0,7,1,1,0,0,0,0,0,2,1,0,KRBKRNvK,DRAW,8/2k5/B7/8/2r5/6R1/8/2n4K b - - 0 1
1,1,0,0,0,0,0,1,-1,1,0,1,1,1,0,0,0,0,0,16,0,0,5,2,4,7,6,1,5,7,0,1,0,0,0,0,0,0,0,7,1,1,0,0,0,0,4,2,0,0,KRBKRNvK,DRAW,8/7k/4R3/2K4r/3B1n2/8/8/8 w - - 0 1
1,1,0,0,0,0,0,1,-1,1,0,1,1,1,0,0,0,0,0,16,0,0,5,6,3,1,2,2,3,7,0,1,0,0,0,0,0,0,0,7,1,1,1,0,0,0,0,1,0,1,KRBKRNvK,DRAW,1B6/2R5/2r5/8/6K1/1k2n3/8/8 w - - 0 1
0,1,0,0,0,0,0,1,-1,1,0,1,1,1,0,0,0,0,0,16,0,0,3,2,4,0,1,1,5,18,26,0,0,0,0,0,0,0,0,7,1,1,1,0,0,0,2,0,0,0,KRBKRNvK,DRAW,n7/1R6/B7/2K5/8/6r1/k7/8 b - - 0 1
0,1,0,0,0,0,0,1,-1,1,0,1,1,1,0,0,0,0,0,16,0,0,7,6,7,0,0,5,6,4,0,1,0,0,0,0,0,0,0,7,1,1,0,0,0,0,0,2,0,0,KRBKRNvK,DRAW,R5K1/1n1B4/3r4/8/8/8/8/k7 b - - 0 1
0,1,0,0,0,0,0,1,-1,1,0,1,1,1,0,0,0,0,0,16,0,0,2,4,4,3,6,0,2,22,22,0,0,0,0,0,0,0,0,7,1,1,0,0,0,0,4,0,0,0,KRBKRNvK,DRAW,8/3k3n/8/R3K2B/8/1r6/8/8 b - - 0 1
1,1,0,0,0,0,0,1,-1,1,0,1,1,1,0,0,0,0,0,16,0,0,2,1,3,3,2,2,1,18,23,0,0,0,0,0,0,0,0,7,1,1,0,1,0,0,0,2,0,1,KRBKRNvK,DRAW,8/8/7n/8/RK6/3k3B/2r5/8 w - - 0 1
0,1,0,0,0,0,0,1,-1,1,0,1,1,1,0,0,0,0,0,16,0,0,3,2,7,5,6,4,3,23,26,0,0,0,0,0,0,0,0,7,1,1,0,0,0,0,2,1,1,0,KRBKRNvK,DRAW,2K5/5k2/2R2Bn1/8/8/8/8/7r b - - 0 1
0,1,0,0,0,0,0,1,-1,1,0,1,1,1,0,0,0,0,0,16,0,0,6,7,7,7,1,6,5,27,18,0,0,0,0,0,0,0,0,7,1,1,1,0,0,0,0,1,0,0,KRBKRNvK,DRAW,7K/4R3/4n3/8/1B6/r7/7k/8 b - - 0 1
0,1,0,0,0,0,0,1,-1,1,0,1,1,1,0,0,0,0,0,16,0,0,2,4,5,5,3,1,1,18,26,0,0,0,0,0,0,0,0,7,1,1,0,0,0,0,2,2,0,0,KRBKRNvK,DRAW,5B2/8/4K3/8/5k2/R7/8/nr6 b - - 0 1
0,1,0,0,0,0,0,1,-1,1,0,1,1,1,0,0,0,0,0,16,0,0,7,0,7,4,0,6,3,25,23,0,0,0,0,0,0,0,0,7,1,1,0,0,0,0,2,2,0,0,KRBKRNvK,DRAW,K7/5n2/8/3r4/1R6/8/8/1B2k3 b - - 0 1
0,1,0,0,0,0,0,1,-1,1,0,1,1,1,0,0,0,0,0,16,0,0,4,2,0,6,3,4,2,20,18,0,0,0,0,0,0,0,0,7,1,1,0,0,0,0,1,2,1,0,KRBKRNvK,DRAW,4r3/8/8/8/6k1/8/5Bn1/2K3R1 b - - 0 1
1,1,0,0,0,0,0,1,-1,1,0,1,1,1,0,0,0,0,0,16,0,0,5,3,0,2,5,3,2,25,28,0,0,0,0,0,0,0,0,7,1,1,0,0,0,0,0,2,1,0,KRBKRNvK,DRAW,2B5/8/2k5/7r/4n3/R7/8/3K4 w - - 0 1
1,1,0,0,0,0,0,1,-1,1,0,1,1,1,0,0,0,0,0,16,0,0,7,7,1,0,3,5,3,25,26,0,0,0,0,0,0,0,0,7,1,1,1,0,0,0,1,2,0,0,KRBKRNvK,DRAW,8/B1R5/8/1r6/k7/3n4/7K/8 w - - 0 1
0,1,0,0,0,0,0,1,-1,1,0,1,1,1,0,0,0,0,0,16,0,0,4,0,1,0,5,5,4,20,28,0,0,0,0,0,0,0,0,7,1,1,0,0,0,0,2,1,1,0,KRBKRNvK,DRAW,3R4/6r1/k7/8/1B4n1/8/K7/8 b - - 0 1
1,1,0,0,0,0,0,1,-1,1,0,1,1,1,0,0,0,0,0,16,0,0,2,0,6,2,7,5,4,23,21,0,0,0,0,0,0,0,0,7,1,1,0,1,0,0,2,0,1,0,KRBKRNvK,DRAW,B1k5/K5n1/8/8/8/1R6/7r/8 w - - 0 1
1,1,0,0,0,0,0,1,-1,1,0,1,1,1,0,0,0,0,0,16,0,0,2,6,1,5,3,4,1,4,0,1,0,0,0,0,0,0,0,7,1,1,1,1,0,0,2,2,1,1,KRBKRNvK,DRAW,8/1R6/8/8/5k2/5B2/2r3Kn/8 w - - 0 1
1,1,0,0,0,0,0,1,-1,1,0,1,1,1,0,0,0,0,0,16,0,0,3,0,0,0,3,6,3,22,25,0,0,0,0,0,0,0,0,7,1,1,0,0,0,0,2,0,0,0,KRBKRNvK,DRAW,8/1r6/8/7R/k3n3/8/8/K4B2 w - - 0 1
0,1,0,0,0,0,0,1,-1,1,0,1,1,1,0,0,0,0,0,16,0,0,3,3,5,4,2,1,1,24,22,0,0,0,0,0,0,0,0,7,1,1,0,1,0,0,2,2,0,0,KRBKRNvK,DRAW,1B6/8/3K4/8/8/4k3/5r2/1R4n1 b - - 0 1
1,1,0,0,0,0,0,1,-1,1,0,1,1,1,0,0,0,0,0,16,0,0,2,5,2,3,0,2,3,6,0,1,0,0,0,0,0,0,0,7,1,1,0,0,0,0,3,0,1,1,KRBKRNvK,LOSS,7B/5r2/8/8/8/5K1n/2R5/3k4 w - - 0 1
1,1,0,0,0,0,0,1,-1,1,0,1,1,1,0,0,0,0,0,16,0,0,6,6,5,0,4,3,3,9,0,1,0,0,0,0,0,0,0,7,1,1,0,0,0,0,0,0,1,0,KRBKRNvK,LOSS,8/3B4/1r4K1/k2n4/8/2R5/8/8 w - - 0 1
0,1,0,0,0,0,0,1,-1,1,0,1,1,1,0,0,0,0,0,16,0,0,3,0,3,3,6,3,2,28,28,0,0,0,0,0,0,0,0,7,1,1,0,0,0,0,1,2,0,0,KRBKRNvK,DRAW,8/3k4/8/3r4/K7/4Bn2/1R6/8 b - - 0 1
0,1,0,0,0,0,0,1,-1,1,0,1,1,1,0,0,0,0,0,16,0,0,3,7,7,5,4,6,1,5,0,1,0,0,0,0,0,0,0,7,1,1,1,0,0,0,0,3,1,0,KRBKRNvK,DRAW,7K/2R4B/3n4/5k2/5r2/8/8/8 b - - 0 1
0,1,0,0,0,0,0,1,-1,1,0,1,1,1,0,0,0,0,0,16,0,0,5,6,2,3,7,3,3,20,23,0,0,0,0,0,0,0,0,7,1,1,0,0,0,0,0,2,0,1,KRBKRNvK,DRAW,3k4/8/8/1B6/r7/6K1/1R5n/8 b - - 0 1
0,1,0,0,0,0,0,1,-1,1,0,1,1,1,0,0,0,0,0,16,0,0,5,2,2,3,7,2,3,3,0,1,0,0,0,0,0,0,0,7,1,1,0,0,0,0,2,2,1,1,KRBKRNvK,DRAW,3k4/6n1/5B2/1r6/4R3/2K5/8/8 b - - 0 1
1,1,0,0,0,0,0,1,-1,1,0,1,1,1,0,0,0,0,0,16,0,0,3,3,6,6,7,2,5,28,16,0,0,0,0,0,0,0,0,7,1,1,0,0,0,0,2,2,0,1,KRBKRNvK,DRAW,2n3k1/3K4/8/8/2r5/2B5/8/5R2 w - - 0 1
1,1,0,0,0,0,0,1,-1,1,0,1,1,1,0,0,0,0,0,16,0,0,2,2,5,0,5,2,4,5,0,1,0,0,0,0,0,0,0,7,1,1,0,1,0,0,1,0,0,1,KRBKRNvK,LOSS,8/8/k1K5/8/3n4/1R5B/r7/8 w - - 0 1
1,1,0,0,0,0,0,1,-1,1,0,1,1,1,0,0,0,0,0,16,0,0,7,3,7,3,0,3,3,23,18,0,0,0,0,0,0,0,0,7,1,1,0,0,0,0,3,1,2,2,KRBKRNvK,DRAW,3K4/8/2rn4/8/8/8/1B2R3/3k4 w - - 0 1
1,1,0,0,0,0,0,1,-1,1,0,1,1,1,0,0,0,0,0,16,0,0,2,6,6,5,4,4,1,5,0,1,0,0,0,0,0,0,0,7,1,1,0,0,0,0,1,3,0,0,KRBKRNvK,DRAW,8/2n3K1/8/2B2k2/8/6r1/8/2R5 w - - 0 1
0,1,0,0,0,0,0,1,-1,1,0,1,1,1,0,0,0,0,0,16,0,0,6,0,6,3,0,5,3,20,30,0,0,0,0,0,0,0,0,7,1,1,0,0,0,0,2,0,0,0,KRBKRNvK,DRAW,7n/K7/7r/4B3/1R6/8/8/3k4 b - - 0 1
0,1,0,0,0,0,0,1,-1,1,0,1,1,1,0,0,0,0,0,16,0,0,3,7,4,7,7,3,6,2,0,1,0,0,0,0,0,0,0,7,1,1,0,0,0,0,2,0,0,0,KRBKRNvK,DRAW,7k/8/8/7K/3B4/1r2R3/8/n7 b - - 0 1
0,1,0,0,0,0,0,1,-1,1,0,1,1,1,0,0,0,0,0,16,0,0,4,4,5,1,1,1,4,27,27,0,0,0,0,0,0,0,0,7,1,1,0,0,0,0,3,2,1,2,KRBKRNvK,DRAW,1B6/8/4K3/5n2/6r1/3R4/1k6/8 b - - 0 1
0,1,0,0,0,0,0,1,-1,1,0,1,1,1,0,0,0,0,0,16,0,0,3,5,1,2,1,3,3,5,0,1,0,0,0,0,0,0,0,7,1,1,0,0,0,0,3,0,0,0,KRBKRNvK,DRAW,5n2/8/1r3B2/2R5/8/8/2k2K2/8 b - - 0 1
0,1,0,0,0,0,0,1,-1,1,0,1,1,1,0,0,0,0,0,16,0,0,3,7,2,4,1,4,2,3,0,1,0,0,0,0,0,0,0,7,1,1,0,0,0,0,1,0,1,0,KRBKRNvK,DRAW,r7/8/8/2B1n3/8/7K/4kR2/8 b - - 0 1
0,1,0,0,0,0,0,1,-1,1,0,1,1,1,0,0,0,0,0,16,0,0,6,1,4,7,5,2,4,4,0,1,0,0,0,0,0,0,0,7,1,1,0,0,0,0,2,0,1,0,KRBKRNvK,DRAW,3n1B2/8/7k/1K6/R7/8/8/2r5 b - - 0 1
0,1,0,0,0,0,0,1,-1,1,0,1,1,1,0,0,0,0,0,16,0,0,3,3,5,0,4,1,3,4,0,1,0,0,0,0,0,0,0,7,1,1,0,0,0,0,2,1,0,0,KRBKRNvK,DRAW,8/8/3KB2r/k4R2/8/8/5n2/8 b - - 0 1
1,1,0,0,0,0,0,1,-1,1,0,1,1,1,0,0,0,0,0,16,0,0,3,0,1,1,4,5,2,4,0,1,0,0,0,0,0,0,0,7,1,1,0,1,0,0,1,3,0,1,KRBKRNvK,DRAW,8/7B/8/1k6/2n5/8/K2r4/7R w - - 0 1
0,1,0,0,0,0,0,1,-1,1,0,1,1,1,0,0,0,0,0,16,0,0,5,5,2,1,7,2,5,21,28,0,0,0,0,0,0,0,0,7,1,1,0,0,0,0,2,2,0,1,KRBKRNvK,DRAW,1k6/8/8/8/n6r/4BK2/8/6R1 b - - 0 1
0,1,0,0,0,0,0,1,-1,1,0,1,1,1,0,0,0,0,0,16,0,0,2,0,2,0,4,4,3,25,20,0,0,0,0,0,0,0,0,7,1,1,0,0,0,0,1,2,0,1,KRBKRNvK,DRAW,8/4r3/8/k1n5/3B4/K7/8/R7 b - - 0 1
0,1,0,0,0,0,0,1,-1,1,0,1,1,1,0,0,0,0,0,16,0,0,2,2,0,0,0,4,6,18,19,0,0,0,0,0,0,0,0,7,1,1,0,0,0,0,1,3,1,1,KRBKRNvK,WIN,3r4/8/1B6/8/8/8/2Rn4/k1K5 b - - 0 1
1,1,0,0,0,0,0,1,-1,1,0,1,1,1,0,0,0,0,0,16,0,0,4,3,0,7,4,3,3,19,26,0,0,0,0,0,0,0,0,7,1,1,0,0,0,0,1,3,0,0,KRBKRNvK,DRAW,8/B7/5n2/7k/2r5/8/8/1R1K4 w - - 0 1
1,1,0,0,0,0,0,1,-1,1,0,1,1,1,0,0,0,0,0,16,0,0,3,1,2,4,0,3,3,31,17,0,0,0,0,0,0,0,0,7,1,1,0,0,0,0,2,0,0,0,KRBKRNvK,DRAW,8/7r/8/3R4/6B1/1K6/8/4k2n w - - 0 1
0,1,0,0,0,0,0,1,-1,1,0,1,1,1,0,0,0,0,0,16,0,0,7,4,0,4,7,3,3,5,0,1,0,0,0,0,0,0,0,7,1,1,0,0,0,0,2,0,0,1,KRBKRNvK,DRAW,1B2k3/8/r7/8/4R3/8/8/3nK3 b - - 0 1
1,1,0,0,0,0,0,1,-1,1,0,1,1,1,0,0,0,0,0,16,0,0,7,7,6,0,3,5,3,23,22,0,0,0,0,0,0,0,0,7,1,1,1,1,0,0,3,0,0,0,KRBKRNvK,DRAW,1n6/4R2K/8/8/k7/4B3/6r1/8 w - - 0 1
1,1,0,0,0,0,0,1,-1,1,0,1,1,1,0,0,0,0,0,16,0,0,5,0,1,4,6,5,2,3,0,1,0,0,0,0,0,0,0,7,1,1,0,0,0,0,2,2,1,1,KRBKRNvK,DRAW,8/4k3/8/3R4/r7/4B3/K7/4n3 w - - 0 1
0,1,0,0,0,0,0,1,-1,1,0,1,1,1,0,0,0,0,0,16,0,0,4,4,6,0,4,2,3,21,25,0,0,0,0,0,0,0,0,7,1,1,0,0,0,0,2,2,0,0,KRBKRNvK,DRAW,8/4K3/8/k7/1r5n/3R4/8/5B2 b - - 0 1
0,1,0,0,0,0,0,1,-1,1,0,1,1,1,0,0,0,0,0,16,0,0,5,5,6,5,1,3,3,22,24,0,0,0,0,0,0,0,0,7,1,1,1,0,0,0,1,0,0,0,KRBKRNvK,DRAW,8/2B2KR1/8/8/8/8/5k1n/1r6 b - - 0 1
0,1,0,0,0,0,0,1,-1,1,0,1,1,1,0,0,0,0,0,16,0,0,3,5,3,5,6,1,3,23,24,0,0,0,0,0,0,0,0,7,1,1,0,0,0,0,2,2,0,0,KRBKRNvK,DRAW,3r4/5k1n/8/8/1B3K2/5R2/8/8 b - - 0 1
1,1,0,0,0,0,0,1,-1,1,0,1,1,1,0,0,0,0,0,16,0,0,5,6,5,1,7,3,5,5,0,1,0,0,0,0,0,0,0,7,1,1,1,0,0,0,2,1,2,2,KRBKRNvK,DRAW,1k4r1/3R4/1B4K1/8/5n2/8/8/8 w - - 0 1
1,1,0,0,0,0,0,1,-1,1,0,1,1,1,0,0,0,0,0,16,0,0,7,0,0,0,7,6,6,0,0,1,0,0,0,0,0,0,0,7,1,1,0,0,0,0,2,2,0,2,KRBKRNvK,LOSS,k7/4B3/8/8/5R2/2n5/8/Kr6 w - - 0 1
0,1,0,0,0,0,0,1,-1,1,0,1,1,1,0,0,0,0,0,16,0,0,4,1,7,0,3,5,3,4,0,1,0,0,0,0,0,0,0,7,1,1,0,0,0,0,2,0,0,0,KRBKRNvK,DRAW,1K3n2/6r1/8/8/k2R2B1/8/8/8 b - - 0 1
1,1,0,0,0,0,0,1,-1,1,0,1,1,1,0,0,0,0,0,16,0,0,4,0,6,4,5,5,1,25,26,0,0,0,0,0,0,0,0,7,1,1,1,1,0,0,0,3,2,0,KRBKRNvK,DRAW,3B4/K5R1/4k3/8/8/2n5/7r/8 w - - 0 1
0,1,0,0,0,0,0,1,-1,1,0,1,1,1,0,0,0,0,0,16,0,0,5,5,2,1,7,2,5,19,25,0,0,0,0,0,0,0,0,7,1,1,0,0,0,0,2,2,1,1,KRBKRNvK,DRAW,1k6/1B1n4/8/3r4/8/5K2/8/1R6 b - - 0 1
0,1,0,0,0,0,0,1,-1,1,0,1,1,1,0,0,0,0,0,16,0,0,5,7,2,7,7,4,6,3,0,1,0,0,0,0,0,0,0,7,1,1,0,0,0,0,2,0,0,0,KRBKRNvK,DRAW,7k/6n1/2r5/5B2/7R/7K/8/8 b - - 0 1
0,1,0,0,0,0,0,1,-1,1,0,1,1,1,0,0,0,0,0,16,0,0,5,5,5,0,2,2,4,15,29,0,0,0,0,0,0,0,0,7,1,1,0,0,0,0,2,1,1,0,KRBKRNvK,DRAW,8/8/5K2/1R6/8/k6B/3n4/3r4 b - - 0 1
0,1,0,0,0,0,0,1,-1,1,0,1,1,1,0,0,0,0,0,16,0,0,2,1,4,2,2,2,2,27,23,0,0,0,0,0,0,0,0,7,1,1,0,0,0,0,0,3,1,0,KRBKRNvK,DRAW,8/8/5R2/1K6/8/2k2n2/4B3/3r4 b - - 0 1
0,1,0,0,0,0,0,1,-1,1,0,1,1,1,0,0,0,0,0,16,0,0,5,7,0,2,5,6,2,27,18,0,0,0,0,0,0,0,0,7,1,1,0,0,0,0,0,4,1,0,KRBKRNvK,DRAW,4r3/8/2k5/Rn6/8/8/8/3B3K b - - 0 1
0,1,0,0,0,0,0,1,-1,1,0,1,1,1,0,0,0,0,0,16,0,0,3,3,6,3,3,2,0,23,20,0,0,0,0,0,0,0,0,7,1,1,1,0,0,0,0,3,0,2,KRBKRNvK,DRAW,8/1R1K4/8/3nr3/3k4/B7/8/8 b - - 0 1
0,1,0,0,0,0,0,1,-1,1,0,1,1,1,0,0,0,0,0,16,0,0,4,2,6,0,2,3,4,5,0,1,0,0,0,0,0,0,0,7,1,1,0,0,0,0,0,2,0,1,KRBKRNvK,DRAW,8/2K5/8/n5r1/8/k4R2/6B1/8 b - - 0 1
0,1,0,0,0,0,0,1,-1,1,0,1,1,1,0,0,0,0,0,16,0,0,6,7,2,1,2,4,3,5,0,1,0,0,0,0,0,0,0,7,1,1,0,0,0,0,2,2,1,1,KRBKRNvK,DRAW,1R6/3r4/8/7n/8/1k5K/1B6/8 b - - 0 1
0,1,0,0,0,0,0,1,-1,1,0,1,1,1,0,0,0,0,0,16,0,0,5,1,4,6,2,2,3,18,18,0,0,0,0,0,0,0,0,7,1,1,0,0,0,0,0,2,1,0,KRBKRNvK,DRAW,1R4n1/8/8/1K6/6r1/6k1/8/5B2 b - - 0 1
1,1,0,0,0,0,0,1,-1,1,0,1,1,1,0,0,0,0,0,16,0,0,6,3,1,5,7,2,4,28,22,0,0,0,0,0,0,0,0,7,1,1,0,0,0,0,2,1,0,1,KRBKRNvK,DRAW,r4k2/8/8/4RB2/5n2/8/3K4/8 w - - 0 1
1,1,0,0,0,0,0,1,-1,1,0,1,1,1,0,0,0,0,0,16,0,0,2,5,5,5,7,2,4,26,17,0,0,0,0,0,0,0,0,7,1,1,0,0,0,0,3,2,1,1,KRBKRNvK,WIN,5k2/7B/5K2/1R6/7r/8/n7/8 w - - 0 1
0,1,0,0,0,0,0,1,-1,1,0,1,1,1,0,0,0,0,0,16,0,0,5,7,2,2,1,4,3,23,24,0,0,0,0,0,0,0,0,7,1,1,0,0,0,0,0,2,1,1,KRBKRNvK,DRAW,1n6/8/6R1/8/5r2/B6K/2k5/8 b - - 0 1
0,1,0,0,0,0,0,1,-1,1,0,1,1,1,0,0,0,0,0,16,0,0,4,2,7,5,3,4,1,23,28,0,0,0,0,0,0,0,0,7,1,1,1,0,0,0,3,3,0,0,KRBKRNvK,DRAW,2K5/4R3/8/3r4/5k1n/2B5/8/8 b - - 0 1
0,1,0,0,0,0,0,1,-1,1,0,1,1,1,0,0,0,0,0,16,0,0,6,0,1,2,7,5,4,21,22,0,0,0,0,0,0,0,0,7,1,1,0,0,0,0,3,0,1,1,KRBKRNvK,DRAW,2k5/B7/8/8/8/n6r/K3R3/8 b - - 0 1
1,1,0,0,0,0,0,1,-1,1,0,1,1,1,0,0,0,0,0,16,0,0,3,2,5,5,6,2,3,24,22,0,0,0,0,0,0,0,0,7,1,1,0,0,0,0,2,0,0,0,KRBKRNvK,DRAW,7r/5k2/2K5/8/7n/2R2B2/8/8 w - - 0 1
1,1,0,0,0,0,0,1,-1,1,0,1,1,1,0,0,0,0,0,16,0,0,2,2,2,4,2,2,1,4,0,1,0,0,0,0,0,0,0,7,1,1,0,0,0,0,1,2,0,1,KRBKRNvK,DRAW,5B1R/8/r7/8/8/2K1k3/n7/8 w - - 0 1
1,1,0,0,0,0,0,1,-1,1,0,1,1,1,0,0,0,0,0,16,0,0,3,1,0,4,0,5,3,29,23,0,0,0,0,0,0,0,0,7,1,1,0,1,0,0,1,0,1,0,KRBKRNvK,DRAW,4n3/8/8/3B4/8/2R5/7r/1K2k3 w - - 0 1
0,1,0,0,0,0,0,1,-1,1,0,1,1,1,0,0,0,0,0,16,0,0,3,4,7,7,6,3,5,22,25,0,0,0,0,0,0,0,0,7,1,1,0,1,0,0,0,1,1,0,KRBKRNvK,DRAW,4K3/7k/2R4B/8/8/6n1/1r6/8 b - - 0 1
1,1,0,0,0,0,0,1,-1,1,0,1,1,1,0,0,0,0,0,16,0,0,3,0,1,1,4,5,2,28,26,0,0,0,0,0,0,0,0,7,1,1,0,0,0,0,3,2,0,0,KRBKRNvK,DRAW,8/5nB1/8/1k5r/8/8/K7/4R3 w - - 0 1
0,1,0,0,0,0,0,1,-1,1,0,1,1,1,0,0,0,0,0,16,0,0,6,4,0,1,6,3,4,20,25,0,0,0,0,0,0,0,0,7,1,1,0,0,0,0,2,0,2,0,KRBKRNvK,DRAW,5r2/1k5n/3R4/2B5/8/8/8/4K3 b - - 0 1
0,1,0,0,0,0,0,1,-1,1,0,1,1,1,0,0,0,0,0,16,0,0,5,6,7,2,2,5,2,20,28,0,0,0,0,0,0,0,0,7,1,1,0,0,0,0,3,3,0,0,KRBKRNvK,DRAW,3R2K1/8/2B5/8/7n/2k1r3/8/8 b - - 0 1
0,1,0,0,0,0,0,1,-1,1,0,1,1,1,0,0,0,0,0,16,0,0,6,1,5,7,0,3,6,21,22,0,0,0,0,0,0,0,0,7,1,1,0,0,0,0,1,2,0,0,KRBKRNvK,DRAW,RB6/8/1K6/8/8/8/3n4/4r2k b - - 0 1
0,1,0,0,0,0,0,1,-1,1,0,1,1,1,0,0,0,0,0,16,0,0,5,7,1,7,6,5,5,18,20,0,0,0,0,0,0,0,0,7,1,1,0,0,0,0,0,2,1,0,KRBKRNvK,DRAW,1R3Bn1/7k/8/6r1/8/8/7K/8 b - - 0 1
0,1,0,0,0,0,0,1,-1,1,0,1,1,1,0,0,0,0,0,16,0,0,3,5,0,4,3,4,0,25,21,0,0,0,0,0,0,0,0,7,1,1,0,0,0,0,0,3,1,0,KRBKRNvK,DRAW,8/7n/8/1r6/B3k3/8/2R5/5K2 b - - 0 1
0,1,0,0,0,0,0,1,-1,1,0,1,1,1,0,0,0,0,0,16,0,0,6,5,6,1,0,3,5,21,24,0,0,0,0,0,0,0,0,7,1,1,0,0,0,0,0,2,0,0,KRBKRNvK,DRAW,2R5/5K2/8/7B/n7/4r3/8/1k6 b - - 0 1
0,1,0,0,0,0,0,1,-1,1,0,1,1,1,0,0,0,0,0,16,0,0,3,0,5,2,2,4,2,4,0,1,0,0,0,0,0,0,0,7,1,1,0,1,0,0,0,3,2,0,KRBKRNvK,DRAW,8/8/K7/8/8/R1k5/n3r3/4B3 b - - 0 1
0,1,0,0,0,0,0,1,-1,1,0,1,1,1,0,0,0,0,0,16,0,0,3,2,1,3,4,3,0,4,0,1,0,0,0,0,0,0,0,7,1,1,0,0,0,0,1,3,1,1,KRBKRNvK,DRAW,r7/8/8/2Rk4/8/B7/2K1n3/8 b - - 0 1
0,1,0,0,0,0,0,1,-1,1,0,1,1,1,0,0,0,0,0,16,0,0,3,1,2,4,0,3,3,26,23,0,0,0,0,0,0,0,0,7,1,1,0,1,0,0,3,2,0,1,KRBKRNvK,DRAW,8/7B/8/7R/8/1Kn5/5r2/4k3 b - - 0 1
0,1,0,0,0,0,0,1,-1,1,0,1,1,1,0,0,0,0,0,16,0,0,7,4,0,2,7,3,4,22,20,0,0,0,0,0,0,0,0,7,1,1,0,0,0,0,2,1,0,0,KRBKRNvK,DRAW,2k5/8/1r6/5R2/8/1n6/B7/4K3 b - - 0 1
1,1,0,0,0,0,0,1,-1,1,0,1,1,1,0,0,0,0,0,16,0,0,2,3,2,3,0,1,3,26,21,0,0,0,0,0,0,0,0,7,1,1,1,0,0,0,3,1,0,0,KRBKRNvK,WIN,r7/4R3/1n6/4B3/8/3K4/8/3k4 w - - 0 1
0,1,0,0,0,0,0,1,-1,1,0,1,1,1,0,0,0,0,0,16,0,0,4,7,3,3,1,3,2,24,20,0,0,0,0,0,0,0,0,7,1,1,1,0,0,0,0,0,0,0,KRBKRNvK,DRAW,1n3B2/7R/8/8/7K/2r5/3k4/8 b - - 0 1
0,1,0,0,0,0,0,1,-1,1,0,1,1,1,0,0,0,0,0,16,0,0,4,2,0,6,0,4,5,21,25,0,0,0,0,0,0,0,0,7,1,1,0,0,0,0,2,2,0,1,KRBKRNvK,DRAW,4B3/8/8/3R4/6r1/8/8/1nK3k1 b - - 0 1
1,1,0,0,0,0,0,1,-1,1,0,1,1,1,0,0,0,0,0,16,0,0,6,3,0,4,6,3,2,28,26,0,0,0,0,0,0,0,0,7,1,1,0,0,0,0,3,1,0,0,KRBKRNvK,DRAW,1r6/3nk3/8/7R/8/8/6B1/3K4 w - - 0 1
0,1,0,0,0,0,0,1,-1,1,0,1,1,1,0,0,0,0,0,16,0,0,2,2,1,4,2,3,1,22,28,0,0,0,0,0,0,0,0,7,1,1,0,0,0,0,1,2,1,0,KRBKRNvK,DRAW,7R/1r6/8/8/2B5/4k3/2K3n1/8 b - - 0 1
1,1,0,0,0,0,0,1,-1,1,0,1,1,1,0,0,0,0,0,16,0,0,3,2,4,4,1,1,2,7,0,1,0,0,0,0,0,0,0,7,1,1,0,0,0,0,3,0,2,1,KRBKRNvK,DRAW,8/8/n7/2K5/6R1/6r1/4k3/2B5 w - - 0 1
0,1,0,0,0,0,0,1,-1,1,0,1,1,1,0,0,0,0,0,16,0,0,4,0,1,2,5,5,2,4,0,1,0,0,0,0,0,0,0,7,1,1,0,0,0,0,2,1,1,1,KRBKRNvK,LOSS,8/3B4/2k5/8/8/n2R2r1/K7/8 b - - 0 1
1,1,0,0,0,0,0,1,-1,1,0,1,1,1,0,0,0,0,0,16,0,0,3,2,1,3,4,3,0,7,0,1,0,0,0,0,0,0,0,7,1,1,0,0,0,0,2,4,0,0,KRBKRNvK,DRAW,3n4/6B1/8/2rk4/8/8/2K3R1/8 w - - 0 1
0,1,0,0,0,0,0,1,-1,1,0,1,1,1,0,0,0,0,0,16,0,0,3,4,3,1,6,0,4,28,27,0,0,0,0,0,0,0,0,7,1,1,0,0,0,0,3,1,0,0,KRBKRNvK,DRAW,8/1k6/8/5R2/4K3/Bn6/8/6r1 b - - 0 1
1,1,0,0,0,0,0,1,-1,1,0,1,1,1,0,0,0,0,0,16,0,0,4,5,1,5,5,3,2,7,0,1,0,0,0,0,0,0,0,7,1,1,0,0,0,0,1,1,1,1,KRBKRNvK,DRAW,4r3/8/4Bk2/8/8/8/1R3K2/7n w - - 0 1
0,1,0,0,0,0,0,1,-1,1,0,1,1,1,0,0,0,0,0,16,0,0,4,6,4,7,0,2,6,3,0,1,0,0,0,0,0,0,0,7,1,1,0,1,0,0,2,0,0,0,KRBKRNvK,DRAW,4n3/8/8/6K1/4B3/3R4/1r6/7k b - - 0 1
1,1,0,0,0,0,0,1,-1,1,0,1,1,1,0,0,0,0,0,16,0,0,5,2,5,7,3,2,3,25,19,0,0,0,0,0,0,0,0,7,1,1,0,0,0,0,2,0,0,0,KRBKRNvK,DRAW,5r2/8/2K5/2R5/7k/8/8/5Bn1 w - - 0 1
1,1,0,0,0,0,0,1,-1,1,0,1,1,1,0,0,0,0,0,16,0,0,3,4,7,7,4,3,3,26,14,0,0,0,0,0,0,0,0,7,1,1,0,0,0,0,2,1,0,1,KRBKRNvK,WIN,4K3/5n1r/8/7k/8/8/6B1/2R5 w - - 0 1
1,1,0,0,0,0,0,1,-1,1,0,1,1,1,0,0,0,0,0,16,0,0,4,7,7,6,3,6,2,28,18,0,0,0,0,0,0,0,0,7,1,1,0,0,0,0,2,0,1,0,KRBKRNvK,DRAW,7K/1n6/r2B4/8/6k1/4R3/8/8 w - - 0 1
1,1,0,0,0,0,0,1,-1,1,0,1,1,1,0,0,0,0,0,16,0,0,3,4,0,7,0,3,6,30,24,0,0,0,0,0,0,0,0,7,1,1,1,0,0,0,1,3,0,0,KRBKRNvK,DRAW,8/R7/2n5/1r6/5B2/8/8/4K2k w - - 0 1
1,1,0,0,0,0,0,1,-1,1,0,1,1,1,0,0,0,0,0,16,0,0,7,4,7,6,0,3,5,6,0,1,0,0,0,0,0,0,0,7,1,1,0,0,0,0,3,2,1,0,KRBKRNvK,DRAW,4K3/8/8/R7/7n/4rB2/8/6k1 w - - 0 1
0,1,0,0,0,0,0,1,-1,1,0,1,1,1,0,0,0,0,0,16,0,0,4,5,1,2,5,3,2,25,24,0,0,0,0,0,0,0,0,7,1,1,0,0,0,0,2,3,0,0,KRBKRNvK,DRAW,8/8/2kr4/7B/2n2R2/8/5K2/8 b - - 0 1
0,1,0,0,0,0,0,1,-1,1,0,1,1,1,0,0,0,0,0,16,0,0,4,6,4,6,0,2,5,14,28,0,0,0,0,0,0,0,0,7,1,1,0,0,0,0,2,1,1,0,KRBKRNvK,DRAW,8/8/8/6K1/1B6/1n6/4R3/6kr b - - 0 1
0,1,0,0,0,0,0,1,-1,1,0,1,1,1,0,0,0,0,0,16,0,0,4,3,6,7,6,2,5,4,0,1,0,0,0,0,0,0,0,7,1,1,0,0,0,0,0,2,0,0,KRBKRNvK,DRAW,8/3K2nk/8/r7/8/8/7R/3B4 b - - 0 1
0,1,0,0,0,0,0,1,-1,1,0,1,1,1,0,0,0,0,0,16,0,0,5,7,2,4,7,4,3,20,26,0,0,0,0,0,0,0,0,7,1,1,0,0,0,0,2,2,0,1,KRBKRNvK,DRAW,4k3/8/1B6/8/4r1n1/7K/3R4/8 b - - 0 1
0,1,0,0,0,0,0,1,-1,1,0,1,1,1,0,0,0,0,0,16,0,0,2,0,2,2,4,4,1,23,17,0,0,0,0,0,0,0,0,7,1,1,0,0,0,0,0,3,0,1,KRBKRNvK,DRAW,8/8/8/2k2r2/6BR/Kn6/8/8 b - - 0 1
1,1,0,0,0,0,0,1,-1,1,0,1,1,1,0,0,0,0,0,16,0,0,3,7,1,4,2,5,1,24,22,0,0,0,0,0,0,0,0,7,1,1,0,0,0,0,2,3,1,0,KRBKRNvK,DRAW,8/8/8/1B2nr2/2R5/4k3/7K/8 w - - 0 1
0,1,0,0,0,0,0,1,-1,1,0,1,1,1,0,0,0,0,0,16,0,0,4,5,7,2,3,4,1,19,24,0,0,0,0,0,0,0,0,7,1,1,0,1,0,0,2,2,2,0,KRBKRNvK,DRAW,5K2/8/8/8/2k5/B3R3/7r/n7 b - - 0 1
1,1,0,0,0,0,0,1,-1,1,0,1,1,1,0,0,0,0,0,16,0,0,5,6,6,1,4,4,2,30,22,0,0,0,0,0,0,0,0,7,1,1,0,0,0,0,2,2,1,0,KRBKRNvK,DRAW,8/6K1/3r4/1k6/R7/1n2B3/8/8 w - - 0 1
1,1,0,0,0,0,0,1,-1,1,0,1,1,1,0,0,0,0,0,16,0,0,3,1,5,4,6,3,2,6,0,1,0,0,0,0,0,0,0,7,1,1,0,0,0,0,2,0,1,0,KRBKRNvK,LOSS,8/1B2k3/1K3R1n/8/8/1r6/8/8 w - - 0 1
1,1,0,0,0,0,0,1,-1,1,0,1,1,1,0,0,0,0,0,16,0,0,3,3,5,3,2,1,1,29,18,0,0,0,0,0,0,0,0,7,1,1,1,1,0,0,3,2,1,0,KRBKRNvK,DRAW,8/5R2/3K4/2B5/8/3k4/2r4n/8 w - - 0 1
1,1,0,0,0,0,0,1,-1,1,0,1,1,1,0,0,0,0,0,16,0,0,6,6,7,0,1,5,5,26,22,0,0,0,0,0,0,0,0,7,1,1,0,0,0,0,2,2,1,0,KRBKRNvK,DRAW,6K1/8/8/3R4/5r2/8/kB2n3/8 w - - 0 1
0,1,0,0,0,0,0,1,-1,1,0,1,1,1,0,0,0,0,0,16,0,0,5,7,7,3,2,6,1,4,0,1,0,0,0,0,0,0,0,7,1,1,0,0,0,0,2,3,1,0,KRBKRNvK,DRAW,7K/8/8/5B2/R7/2nk4/8/2r5 b - - 0 1
1,1,0,0,0,0,0,1,-1,1,0,1,1,1,0,0,0,0,0,16,0,0,3,2,2,1,5,2,3,20,20,0,0,0,0,0,0,0,0,7,1,1,1,0,0,0,1,2,1,0,KRBKRNvK,DRAW,3r4/2R5/1k6/8/8/2K5/8/4B2n w - - 0 1
1,1,0,0,0,0,0,1,-1,1,0,1,1,1,0,0,0,0,0,16,0,0,2,4,2,2,1,1,3,24,27,0,0,0,0,0,0,0,0,7,1,1,0,0,0,0,2,0,1,1,KRBKRNvK,DRAW,8/8/1R6/4n3/1B6/4K3/2k5/r7 w - - 0 1
0,1,0,0,0,0,0,1,-1,1,0,1,1,1,0,0,0,0,0,16,0,0,6,4,7,0,1,3,5,22,21,0,0,0,0,0,0,0,0,7,1,1,1,0,0,0,3,2,0,0,KRBKRNvK,DRAW,4K3/4R3/8/8/3r3n/8/k4B2/8 b - - 0 1
1,1,0,0,0,0,0,1,-1,1,0,1,1,1,0,0,0,0,0,16,0,0,4,5,7,1,3,4,2,26,16,0,0,0,0,0,0,0,0,7,1,1,0,1,0,0,2,0,1,0,KRBKRNvK,DRAW,5K2/8/3R4/7B/1k6/8/6nr/8 w - - 0 1
1,1,0,0,0,0,0,1,-1,1,0,1,1,1,0,0,0,0,0,16,0,0,7,4,7,4,0,3,3,30,19,0,0,0,0,0,0,0,0,7,1,1,1,0,0,0,2,0,0,0,KRBKRNvK,DRAW,4K3/1R6/5B2/7n/8/8/8/2r1k3 w - - 0 1
0,1,0,0,0,0,0,1,-1,1,0,1,1,1,0,0,0,0,0,16,0,0,3,2,7,5,6,4,3,20,25,0,0,0,0,0,0,0,0,7,1,1,0,0,0,0,3,0,1,0,KRBKRNvK,DRAW,2K4B/5k2/8/nR6/8/r7/8/8 b - - 0 1
1,1,0,0,0,0,0,1,-1,1,0,1,1,1,0,0,0,0,0,16,0,0,2,4,5,6,4,1,2,21,16,0,0,0,0,0,0,0,0,7,1,1,0,0,0,0,4,0,2,1,KRBKRNvK,DRAW,8/6r1/4K3/6k1/5RB1/8/n7/8 w - - 0 1
0,1,0,0,0,0,0,1,-1,1,0,1,1,1,0,0,0,0,0,16,0,0,6,1,1,2,7,4,4,22,24,0,0,0,0,0,0,0,0,7,1,1,0,0,0,0,0,2,0,1,KRBKRNvK,DRAW,2k5/8/8/3r4/8/8/nK2B1R1/8 b - - 0 1
1,1,0,0,0,0,0,1,-1,1,0,1,1,1,0,0,0,0,0,16,0,0,6,1,1,1,7,4,5,24,20,0,0,0,0,0,0,0,0,7,1,1,0,0,0,0,0,2,0,0,KRBKRNvK,DRAW,1k2r3/6n1/8/8/8/8/1K3R2/4B3 w - - 0 1
0,1,0,0,0,0,0,1,-1,1,0,1,1,1,0,0,0,0,0,16,0,0,2,6,4,6,2,2,3,15,26,0,0,0,0,0,0,0,0,7,1,1,0,0,0,0,3,0,1,0,KRBKRNvK,DRAW,1rn5/8/8/3R2K1/4B3/6k1/8/8 b - - 0 1
1,1,0,0,0,0,0,1,-1,1,0,1,1,1,0,0,0,0,0,16,0,0,3,0,1,3,1,5,2,26,29,0,0,0,0,0,0,0,0,7,1,1,0,0,0,0,1,0,0,0,KRBKRNvK,DRAW,2r5/8/1R6/8/4n3/8/K2k3B/8 w - - 0 1
0,1,0,0,0,0,0,1,-1,1,0,1,1,1,0,0,0,0,0,16,0,0,4,2,0,6,0,4,5,23,19,0,0,0,0,0,0,0,0,7,1,1,0,1,0,0,2,2,0,1,KRBKRNvK,DRAW,8/8/8/n7/R5B1/8/4r3/2K3k1 b - - 0 1
0,1,0,0,0,0,0,1,-1,1,0,1,1,1,0,0,0,0,0,16,0,0,3,3,1,0,1,2,5,21,29,0,0,0,0,0,0,0,0,7,1,1,0,0,0,0,2,0,0,1,KRBKRNvK,DRAW,r7/1B6/5R2/8/8/8/k2K4/3n4 b - - 0 1
1,1,0,0,0,0,0,1,-1,1,0,1,1,1,0,0,0,0,0,16,0,0,4,7,2,3,3,4,0,23,20,0,0,0,0,0,0,0,0,7,1,1,0,0,0,0,0,4,0,1,KRBKRNvK,DRAW,2R5/5r2/8/5n2/3k4/7K/8/2B5 w - - 0 1
0,1,0,0,0,0,0,1,-1,1,0,1,1,1,0,0,0,0,0,16,0,0,5,7,6,2,7,5,4,1,0,1,0,0,0,0,0,0,0,7,1,1,0,0,0,0,2,2,2,0,KRBKRNvK,DRAW,2kR4/7K/1B2r3/8/8/8/n7/8 b - - 0 1
1,1,0,0,0,0,0,1,-1,1,0,1,1,1,0,0,0,0,0,16,0,0,3,5,1,3,4,3,0,15,25,0,0,0,0,0,0,0,0,7,1,1,0,0,0,0,0,3,0,0,KRBKRNvK,WIN,8/7n/r7/3k4/8/8/5KR1/7B w - - 0 1
0,1,0,0,0,0,0,1,-1,1,0,1,1,1,0,0,0,0,0,16,0,0,5,3,6,6,1,2,4,24,22,0,0,0,0,0,0,0,0,7,1,1,0,1,0,0,2,1,0,0,KRBKRNvK,DRAW,4B3/3K4/8/4R3/8/8/1r2n1k1/8 b - - 0 1
1,1,0,0,0,0,0,1,-1,1,0,1,1,1,0,0,0,0,0,16,0,0,4,5,5,1,7,2,5,7,0,1,0,0,0,0,0,0,0,7,1,1,0,1,0,0,1,1,1,0,KRBKRNvK,DRAW,1k6/3B4/5K2/8/8/8/3n1r2/2R5 w - - 0 1
0,1,0,0,0,0,0,1,-1,1,0,1,1,1,0,0,0,0,0,16,0,0,6,7,7,1,5,6,3,6,0,1,0,0,0,0,0,0,0,7,1,1,0,1,0,0,1,2,0,0,KRBKRNvK,DRAW,2n4K/8/1k6/4B3/8/8/3r4/1R6 b - - 0 1
0,1,0,0,0,0,0,1,-1,1,0,1,1,1,0,0,0,0,0,16,0,0,7,6,0,0,7,5,6,23,26,0,0,0,0,0,0,0,0,7,1,1,1,0,0,0,1,0,0,1,KRBKRNvK,DRAW,k7/6R1/8/3n4/3B4/5r2/8/6K1 b - - 0 1
0,1,0,0,0,0,0,1,-1,1,0,1,1,1,0,0,0,0,0,16,0,0,6,7,6,5,0,5,4,26,26,0,0,0,0,0,0,0,0,7,1,1,0,0,0,0,3,1,0,0,KRBKRNvK,DRAW,r7/7K/8/2R1B3/8/4n3/8/5k2 b - - 0 1
1,1,0,0,0,0,0,1,-1,1,0,1,1,1,0,0,0,0,0,16,0,0,5,4,6,4,1,2,2,24,22,0,0,0,0,0,0,0,0,7,1,1,1,0,0,0,1,2,0,0,KRBKRNvK,DRAW,8/4K1R1/8/7r/7n/8/B3k3/8 w - - 0 1
0,1,0,0,0,0,0,1,-1,1,0,1,1,1,0,0,0,0,0,16,0,0,4,3,3,0,7,0,6,19,22,0,0,0,0,0,0,0,0,7,1,1,0,0,0,0,4,2,0,1,KRBKRNvK,DRAW,k5B1/8/8/1r6/3K3R/8/8/n7 b - - 0 1
0,1,0,0,0,0,0,1,-1,1,0,1,1,1,0,0,0,0,0,16,0,0,3,4,3,7,3,0,3,19,29,0,0,0,0,0,0,0,0,7,1,1,0,0,0,0,3,0,0,0,KRBKRNvK,DRAW,8/6rn/1R6/8/4K2k/8/8/3B4 b - - 0 1
0,1,0,0,0,0,0,1,-1,1,0,1,1,1,0,0,0,0,0,16,0,0,4,1,0,4,4,5,0,25,24,0,0,0,0,0,0,0,0,7,1,1,0,0,0,0,2,3,0,0,KRBKRNvK,WIN,8/2r5/7B/3nk3/R7/8/8/1K6 b - - 0 1
0,1,0,0,0,0,0,1,-1,1,0,1,1,1,0,0,0,0,0,16,0,0,6,3,6,5,0,2,4,2,0,1,0,0,0,0,0,0,0,7,1,1,0,1,0,0,0,0,1,0,KRBKRNvK,DRAW,8/3K2n1/8/1B6/8/8/2r5/5k1R b - - 0 1
1,1,0,0,0,0,0,1,-1,1,0,1,1,1,0,0,0,0,0,16,0,0,3,4,1,1,2,2,3,7,0,1,0,0,0,0,0,0,0,7,1,1,0,0,0,0,3,0,0,1,KRBKRNvK,DRAW,6r1/8/5B2/4R3/8/1k6/4K3/6n1 w - - 0 1
1,1,0,0,0,0,0,1,-1,1,0,1,1,1,0,0,0,0,0,16,0,0,5,2,3,7,4,1,3,23,17,0,0,0,0,0,0,0,0,7,1,1,1,0,0,0,2,1,1,1,KRBKRNvK,DRAW,8/2R5/7B/7k/2K5/8/4n3/4r3 w - - 0 1
0,1,0,0,0,0,0,1,-1,1,0,1,1,1,0,0,0,0,0,16,0,0,6,2,6,2,0,3,4,17,23,0,0,0,0,0,0,0,0,7,1,1,1,0,0,0,1,0,0,0,KRBKRNvK,DRAW,5rn1/1RK5/8/8/4B3/8/8/2k5 b - - 0 1
0,1,0,0,0,0,0,1,-1,1,0,1,1,1,0,0,0,0,0,16,0,0,6,7,6,1,3,5,2,6,0,1,0,0,0,0,0,0,0,7,1,1,0,0,0,0,3,1,1,1,KRBKRNvK,LOSS,4r2n/7K/8/2B1R3/1k6/8/8/8 b - - 0 1
1,1,0,0,0,0,0,1,-1,1,0,1,1,1,0,0,0,0,0,16,0,0,3,3,3,0,6,0,5,7,0,1,0,0,0,0,0,0,0,7,1,1,0,0,0,0,3,2,0,1,KRBKRNvK,LOSS,r7/k7/8/5B2/3K4/5n2/8/4R3 w - - 0 1
1,1,0,0,0,0,0,1,-1,1,0,1,1,1,0,0,0,0,0,16,0,0,7,6,0,6,7,5,5,26,18,0,0,0,0,0,0,0,0,7,1,1,0,0,0,0,2,2,0,0,KRBKRNvK,DRAW,6k1/8/8/4rB2/5R2/8/8/n5K1 w - - 0 1
0,1,0,0,0,0,0,1,-1,1,0,1,1,1,0,0,0,0,0,16,0,0,2,2,2,4,2,2,1,17,22,0,0,0,0,0,0,0,0,7,1,1,0,1,0,0,3,2,1,0,KRBKRNvK,DRAW,7n/1B6/8/8/2R5/2K1k3/7r/8 b - - 0 1
0,1,0,0,0,0,0,1,-1,1,0,1,1,1,0,0,0,0,0,16,0,0,5,4,6,5,1,2,3,4,0,1,0,0,0,0,0,0,0,7,1,1,0,0,0,0,2,0,1,0,KRBKRNvK,DRAW,1r6/4K3/4R3/8/3B4/8/5k2/4n3 b - - 0 1
1,1,0,0,0,0,0,1,-1,1,0,1,1,1,0,0,0,0,0,16,0,0,2,7,2,6,4,4,2,25,23,0,0,0,0,0,0,0,0,7,1,1,0,0,0,0,0,2,0,0,KRBKRNvK,DRAW,8/8/8/1r4k1/1B6/4n2K/2R5/8 w - - 0 1
0,1,0,0,0,0,0,1,-1,1,0,1,1,1,0,0,0,0,0,16,0,0,3,5,3,3,0,1,3,3,0,1,0,0,0,0,0,0,0,7,1,1,0,0,0,0,2,3,1,1,KRBKRNvK,DRAW,8/8/1n1B4/8/5K2/4r3/8/1R1k4 b - - 0 1
0,1,0,0,0,0,0,1,-1,1,0,1,1,1,0,0,0,0,0,16,0,0,3,4,6,1,3,2,2,24,27,0,0,0,0,0,0,0,0,7,1,1,0,0,0,0,2,1,0,1,KRBKRNvK,DRAW,B7/4K3/8/2n5/1k6/8/7R/1r6 b - - 0 1
0,1,0,0,0,0,0,1,-1,1,0,1,1,1,0,0,0,0,0,16,0,0,3,0,3,1,0,3,5,21,25,0,0,0,0,0,0,0,0,7,1,1,1,1,0,0,2,0,0,1,KRBKRNvK,DRAW,8/3R1Bn1/8/8/K7/8/2r5/1k6 b - - 0 1
1,1,0,0,0,0,0,1,-1,1,0,1,1,1,0,0,0,0,0,16,0,0,3,1,2,4,2,3,1,18,23,0,0,0,0,0,0,0,0,7,1,1,0,0,0,0,2,4,0,0,KRBKRNvK,DRAW,8/4n3/4r3/1R6/B7/1K2k3/8/8 w - - 0 1
0,1,0,0,0,0,0,1,-1,1,0,1,1,1,0,0,0,0,0,16,0,0,4,4,0,0,2,3,4,5,0,1,0,0,0,0,0,0,0,7,1,1,0,0,0,0,2,2,0,0,KRBKRNvK,DRAW,8/8/8/2r5/6n1/k2RB3/8/4K3 b - - 0 1
1,1,0,0,0,0,0,1,-1,1,0,1,1,1,0,0,0,0,0,16,0,0,3,3,2,1,5,1,3,7,0,1,0,0,0,0,0,0,0,7,1,1,1,0,0,0,2,0,1,1,KRBKRNvK,LOSS,1r6/2R5/1k6/8/6B1/3K4/1n6/8 w - - 0 1
0,1,0,0,0,0,0,1,-1,1,0,1,1,1,0,0,0,0,0,16,0,0,4,4,2,0,1,1,5,13,23,0,0,0,0,0,0,0,0,7,1,1,0,0,0,0,2,0,0,0,KRBKRNvK,DRAW,rn6/8/8/8/8/4K3/k7/5BR1 b - - 0 1
0,1,0,0,0,0,0,1,-1,1,0,1,1,1,0,0,0,0,0,16,0,0,2,4,6,6,7,2,5,2,0,1,0,0,0,0,0,0,0,7,1,1,0,1,0,0,1,0,0,0,KRBKRNvK,DRAW,2R3k1/4K3/8/8/8/4B3/4r1n1/8 b - - 0 1
0,1,0,0,0,0,0,1,-1,1,0,1,1,1,0,0,0,0,0,16,0,0,4,4,2,0,1,1,5,2,0,1,0,0,0,0,0,0,0,7,1,1,0,0,0,0,2,2,1,0,KRBKRNvK,DRAW,8/8/Rn1r4/8/8/4K3/k1B5/8 b - - 0 1
0,1,0,0,0,0,0,1,-1,1,0,1,1,1,0,0,0,0,0,16,0,0,6,5,6,7,0,3,6,23,20,0,0,0,0,0,0,0,0,7,1,1,0,0,0,0,0,1,0,1,KRBKRNvK,DRAW,3R4/3n1K2/8/8/8/6r1/3B4/7k b - - 0 1
1,1,0,0,0,0,0,1,-1,1,0,1,1,1,0,0,0,0,0,16,0,0,5,2,0,7,0,4,6,28,14,0,0,0,0,0,0,0,0,7,1,1,1,0,0,0,2,0,0,1,KRBKRNvK,DRAW,8/3R4/8/8/8/4B3/8/2K1nr1k w - - 0 1
0,1,0,0,0,0,0,1,-1,1,0,1,1,1,0,0,0,0,0,16,0,0,6,5,0,4,6,4,2,30,18,0,0,0,0,0,0,0,0,7,1,1,0,0,0,0,2,2,0,0,KRBKRNvK,DRAW,8/4k3/B7/1r6/2R1n3/8/8/5K2 b - - 0 1
0,1,0,0,0,0,0,1,-1,1,0,1,1,1,0,0,0,0,0,16,0,0,5,7,4,2,7,3,4,17,24,0,0,0,0,0,0,0,0,7,1,1,0,0,0,0,2,1,1,2,KRBKRNvK,DRAW,B1k5/6r1/6n1/7K/8/8/1R6/8 b - - 0 1
0,1,0,0,0,0,0,1,-1,1,0,1,1,1,0,0,0,0,0,16,0,0,3,5,0,2,0,4,4,4,0,1,0,0,0,0,0,0,0,7,1,1,0,0,0,0,2,0,1,0,KRBKRNvK,DRAW,4R3/1n5r/8/8/8/B7/8/2k2K2 b - - 0 1
1,1,0,0,0,0,0,1,-1,1,0,1,1,1,0,0,0,0,0,16,0,0,5,1,1,6,5,4,3,7,0,1,0,0,0,0,0,0,0,7,1,1,1,0,0,0,2,2,0,1,KRBKRNvK,DRAW,8/3R4/6k1/6r1/2n5/8/1K6/4B3 w - - 0 1
1,1,0,0,0,0,0,1,-1,1,0,1,1,1,0,0,0,0,0,16,0,0,5,2,4,7,1,1,5,20,22,0,0,0,0,0,0,0,0,7,1,1,0,1,0,0,3,3,0,0,KRBKRNvK,DRAW,8/8/7B/2K3R1/8/5n2/4r2k/8 w - - 0 1
1,1,0,0,0,0,0,1,-1,1,0,1,1,1,0,0,0,0,0,16,0,0,4,2,4,6,7,1,5,5,0,1,0,0,0,0,0,0,0,7,1,1,0,0,0,0,3,2,0,1,KRBKRNvK,DRAW,6k1/8/8/2K2r2/4n3/8/7B/7R w - - 0 1
1,1,0,0,0,0,0,1,-1,1,0,1,1,1,0,0,0,0,0,16,0,0,7,0,7,5,0,6,4,3,0,1,0,0,0,0,0,0,0,7,1,1,0,0,0,0,1,1,1,0,KRBKRNvK,DRAW,K5r1/8/8/8/8/2R5/3n1B2/5k2 w - - 0 1
0,1,0,0,0,0,0,1,-1,1,0,1,1,1,0,0,0,0,0,16,0,0,4,4,3,0,0,0,6,9,30,0,0,0,0,0,0,0,0,7,1,1,0,1,0,0,3,1,0,1,KRBKRNvK,DRAW,7R/8/8/8/2nBK3/8/1r6/k7 b - - 0 1
0,1,0,0,0,0,0,1,-1,1,0,1,1,1,0,0,0,0,0,16,0,0,7,7,4,0,1,3,5,18,24,0,0,0,0,0,0,0,0,7,1,1,0,0,0,0,2,0,0,0,KRBKRNvK,DRAW,8/8/8/6BK/8/4R3/k7/2r4n b - - 0 1
1,1,0,0,0,0,0,1,-1,1,0,1,1,1,0,0,0,0,0,16,0,0,6,1,6,7,0,4,6,25,23,0,0,0,0,0,0,0,0,7,1,1,0,0,0,0,0,0,0,0,KRBKRNvK,DRAW,8/1K6/8/8/3n4/6r1/2R5/3B3k w - - 0 1
0,1,0,0,0,0,0,1,-1,1,0,1,1,1,0,0,0,0,0,16,0,0,4,6,1,2,2,4,2,4,0,1,0,0,0,0,0,0,0,7,1,1,0,0,0,0,0,2,1,0,KRBKRNvK,DRAW,8/3r4/8/4n3/8/2k2R2/6K1/4B3 b - - 0 1
0,1,0,0,0,0,0,1,-1,1,0,1,1,1,0,0,0,0,0,16,0,0,4,7,5,3,6,4,2,20,31,0,0,0,0,0,0,0,0,7,1,1,0,0,0,0,1,0,1,0,KRBKRNvK,DRAW,1n6/3k4/5R1K/8/4B3/1r6/8/8 b - - 0 1
0,1,0,0,0,0,0,1,-1,1,0,1,1,1,0,0,0,0,0,16,0,0,6,0,6,6,4,5,2,26,22,0,0,0,0,0,0,0,0,7,1,1,0,0,0,0,2,2,0,0,KRBKRNvK,DRAW,3n4/K7/8/R2B2k1/2r5/8/8/8 b - - 0 1
1,1,0,0,0,0,0,1,-1,1,0,1,1,1,0,0,0,0,0,16,0,0,4,2,1,6,2,3,3,31,20,0,0,0,0,0,0,0,0,7,1,1,0,0,0,0,0,1,1,0,KRBKRNvK,DRAW,1r6/8/1n6/8/8/6k1/2K1B3/R7 w - - 0 1
1,1,0,0,0,0,0,1,-1,1,0,1,1,1,0,0,0,0,0,16,0,0,2,4,4,2,3,0,1,29,22,0,0,0,0,0,0,0,0,7,1,1,1,0,0,0,3,2,0,1,KRBKRNvK,DRAW,8/5R2/8/4K1B1/1nk5/6r1/8/8 w - - 0 1
1,1,0,0,0,0,0,1,-1,1,0,1,1,1,0,0,0,0,0,16,0,0,5,2,0,0,5,4,4,23,26,0,0,0,0,0,0,0,0,7,1,1,0,0,0,0,2,1,0,0,KRBKRNvK,DRAW,8/8/k5r1/5n2/8/1B6/8/2KR4 w - - 0 1
0,1,0,0,0,0,0,1,-1,1,0,1,1,1,0,0,0,0,0,16,0,0,2,7,3,6,5,3,3,27,24,0,0,0,0,0,0,0,0,7,1,1,0,0,0,0,2,2,0,0,KRBKRNvK,DRAW,8/1r6/2n3k1/8/7K/8/4R3/2B5 b - - 0 1
1,1,0,0,0,0,0,1,-1,1,0,1,1,1,0,0,0,0,0,16,0,0,2,4,5,6,5,1,3,20,20,0,0,0,0,0,0,0,0,7,1,1,0,0,0,0,2,3,1,1,KRBKRNvK,DRAW,6B1/8/4K1k1/8/1r4n1/8/7R/8 w - - 0 1
1,1,0,0,0,0,0,1,-1,1,0,1,1,1,0,0,0,0,0,16,0,0,2,3,4,5,5,0,2,6,0,1,0,0,0,0,0,0,0,7,1,1,0,0,0,0,3,2,1,1,KRBKRNvK,DRAW,1R6/7B/5kr1/3K4/5n2/8/8/8 w - - 0 1
1,1,0,0,0,0,0,1,-1,1,0,1,1,1,0,0,0,0,0,16,0,0,4,2,0,6,1,4,4,3,0,1,0,0,0,0,0,0,0,7,1,1,0,0,0,0,1,3,0,0,KRBKRNvK,DRAW,8/2B5/1R6/2r5/8/8/5nk1/2K5 w - - 0 1
0,1,0,0,0,0,0,1,-1,1,0,1,1,1,0,0,0,0,0,16,0,0,6,0,6,1,0,5,5,21,20,0,0,0,0,0,0,0,0,7,1,1,0,0,0,0,2,1,0,0,KRBKRNvK,DRAW,4B3/K4n2/8/8/8/1r6/4R3/1k6 b - - 0 1
0,1,0,0,0,0,0,1,-1,1,0,1,1,1,0,0,0,0,0,16,0,0,3,0,7,0,4,6,3,2,0,1,0,0,0,0,0,0,0,7,1,1,0,0,0,0,2,0,0,0,KRBKRNvK,DRAW,K2B4/7n/8/k7/5R2/6r1/8/8 b - - 0 1
1,1,0,0,0,0,0,1,-1,1,0,1,1,1,0,0,0,0,0,16,0,0,6,7,1,7,7,5,6,26,19,0,0,0,0,0,0,0,0,7,1,1,0,0,0,0,3,2,1,1,KRBKRNvK,DRAW,1n4Bk/8/8/8/5r2/8/7K/4R3 w - - 0 1
1,1,0,0,0,0,0,1,-1,1,0,1,1,1,0,0,0,0,0,16,0,0,2,1,3,3,2,2,1,23,22,0,0,0,0,0,0,0,0,7,1,1,0,0,0,0,3,2,0,0,KRBKRNvK,DRAW,5n2/8/8/8/1K5R/3k2B1/8/r7 w - - 0 1
0,1,0,0,0,0,0,1,-1,1,0,1,1,1,0,0,0,0,0,16,0,0,4,5,7,1,7,4,5,22,26,0,0,0,0,0,0,0,0,7,1,1,0,0,0,0,2,2,0,0,KRBKRNvK,DRAW,1k3K2/8/8/n1r5/8/4R3/4B3/8 b - - 0 1
0,1,0,0,0,0,0,1,-1,1,0,1,1,1,0,0,0,0,0,16,0,0,4,0,2,0,6,4,5,19,30,0,0,0,0,0,0,0,0,7,1,1,0,0,0,0,2,2,0,0,KRBKRNvK,DRAW,2n1r3/k7/5B2/8/8/K7/8/7R b - - 0 1
0,1,0,0,0,0,0,1,-1,1,0,1,1,1,0,0,0,0,0,16,0,0,4,5,2,6,6,2,4,25,24,0,0,0,0,0,0,0,0,7,1,1,0,0,0,0,1,2,0,0,KRBKRNvK,DRAW,1R6/6k1/1n6/2r5/8/5K2/8/5B2 b - - 0 1
1,1,0,0,0,0,0,1,-1,1,0,1,1,1,0,0,0,0,0,16,0,0,5,1,3,6,1,2,4,6,0,1,0,0,0,0,0,0,0,7,1,1,0,0,0,0,1,2,1,0,KRBKRNvK,LOSS,8/8/8/2B2n2/1K2r3/8/6k1/5R2 w - - 0 1
0,1,0,0,0,0,0,1,-1,1,0,1,1,1,0,0,0,0,0,16,0,0,5,7,0,2,1,6,3,8,0,1,0,0,0,0,0,0,0,7,1,1,0,0,0,0,0,1,0,1,KRBKRNvK,DRAW,8/8/8/8/2n4B/5r2/2k3R1/7K b - - 0 1
0,1,0,0,0,0,0,1,-1,1,0,1,1,1,0,0,0,0,0,16,0,0,5,7,3,2,4,3,1,6,0,1,0,0,0,0,0,0,0,7,1,1,0,0,0,0,2,3,0,1,KRBKRNvK,DRAW,8/8/1r3n2/2k2R2/7K/8/8/2B5 b - - 0 1
1,1,0,0,0,0,0,1,-1,1,0,1,1,1,0,0,0,0,0,16,0,0,2,6,5,7,3,3,3,26,22,0,0,0,0,0,0,0,0,7,1,1,0,0,0,0,0,0,0,2,KRBKRNvK,DRAW,5r2/8/6K1/8/4n2k/1R6/4B3/8 w - - 0 1
0,1,0,0,0,0,0,1,-1,1,0,1,1,1,0,0,0,0,0,16,0,0,3,4,4,7,2,0,4,26,27,0,0,0,0,0,0,0,0,7,1,1,0,0,0,0,3,1,0,1,KRBKRNvK,DRAW,2r5/8/4n3/4K3/4B3/7k/8/4R3 b - - 0 1
1,1,0,0,0,0,0,1,-1,1,0,1,1,1,0,0,0,0,0,16,0,0,4,7,5,3,7,4,3,3,0,1,0,0,0,0,0,0,0,7,1,1,0,0,0,0,0,1,0,1,KRBKRNvK,DRAW,3k3r/8/7K/8/1B6/8/4nR2/8 w - - 0 1
1,1,0,0,0,0,0,1,-1,1,0,1,1,1,0,0,0,0,0,16,0,0,4,0,6,0,2,5,4,4,0,1,0,0,0,0,0,0,0,7,1,1,0,0,0,0,1,1,0,1,KRBKRNvK,DRAW,8/K1r5/8/6n1/8/k2B1R2/8/8 w - - 0 1
0,1,0,0,0,0,0,1,-1,1,0,1,1,1,0,0,0,0,0,16,0,0,2,0,3,1,5,3,3,25,22,0,0,0,0,0,0,0,0,7,1,1,1,1,0,0,0,0,0,0,KRBKRNvK,DRAW,8/6R1/1k6/8/K3n1B1/8/7r/8 b - - 0 1
1,1,0,0,0,0,0,1,-1,1,0,1,1,1,0,0,0,0,0,16,0,0,5,6,4,1,2,2,3,7,0,1,0,0,0,0,0,0,0,7,1,1,0,1,0,0,2,0,1,1,KRBKRNvK,LOSS,8/8/8/2R3K1/4n3/1k6/1r2B3/8 w - - 0 1
0,1,0,0,0,0,0,1,-1,1,0,1,1,1,0,0,0,0,0,16,0,0,3,0,5,3,4,4,0,20,25,0,0,0,0,0,0,0,0,7,1,1,0,0,0,0,0,4,0,0,KRBKRNvK,DRAW,3B4/8/K7/3k2r1/8/7R/8/n7 b - - 0 1
1,1,0,0,0,0,0,1,-1,1,0,1,1,1,0,0,0,0,0,16,0,0,5,2,5,7,6,2,5,7,0,1,0,0,0,0,0,0,0,7,1,1,0,0,0,0,1,0,2,1,KRBKRNvK,LOSS,3n1rR1/7k/2K5/7B/8/8/8/8 w - - 0 1
0,1,0,0,0,0,0,1,-1,1,0,1,1,1,0,0,0,0,0,16,0,0,4,1,3,5,6,2,3,24,21,0,0,0,0,0,0,0,0,7,1,1,0,0,0,0,2,3,1,1,KRBKRNvK,DRAW,8/4rk2/8/Bn5R/1K6/8/8/8 b - - 0 1
1,1,0,0,0,0,0,1,-1,1,0,1,1,1,0,0,0,0,0,16,0,0,7,7,7,1,0,6,5,23,20,0,0,0,0,0,0,0,0,7,1,1,1,0,0,0,2,1,1,1,KRBKRNvK,DRAW,7K/3R4/4nr2/8/8/B7/8/1k6 w - - 0 1
0,1,0,0,0,0,0,1,-1,1,0,1,1,1,0,0,0,0,0,16,0,0,4,4,0,6,4,3,2,25,26,0,0,0,0,0,0,0,0,7,1,1,0,0,0,0,1,0,0,0,KRBKRNvK,DRAW,8/2r5/8/3B2k1/8/7n/7R/4K3 b - - 0 1
0,1,0,0,0,0,0,1,-1,1,0,1,1,1,0,0,0,0,0,16,0,0,5,5,1,2,6,3,3,25,28,0,0,0,0,0,0,0,0,7,1,1,0,0,0,0,1,2,0,0,KRBKRNvK,DRAW,6B1/2k5/3r4/7n/8/R7/5K2/8 b - - 0 1
1,1,0,0,0,0,0,1,-1,1,0,1,1,1,0,0,0,0,0,16,0,0,5,2,7,7,3,4,3,25,19,0,0,0,0,0,0,0,0,7,1,1,0,0,0,0,2,0,0,0,KRBKRNvK,DRAW,1BK5/8/8/3R4/7k/n4r2/8/8 w - - 0 1
0,1,0,0,0,0,0,1,-1,1,0,1,1,1,0,0,0,0,0,16,0,0,2,6,6,5,4,4,1,19,30,0,0,0,0,0,0,0,0,7,1,1,0,1,0,0,1,2,1,0,KRBKRNvK,DRAW,8/6K1/8/3B1k2/8/8/7r/2R4n b - - 0 1
1,1,0,0,0,0,0,1,-1,1,0,1,1,1,0,0,0,0,0,16,0,0,5,6,4,1,2,2,3,21,21,0,0,0,0,0,0,0,0,7,1,1,0,0,0,0,0,0,1,0,KRBKRNvK,DRAW,r5n1/8/8/6KR/1B6/1k6/8/8 w - - 0 1
0,1,0,0,0,0,0,1,-1,1,0,1,1,1,0,0,0,0,0,16,0,0,3,7,3,4,3,3,0,5,0,1,0,0,0,0,0,0,0,7,1,1,0,0,0,0,2,3,2,0,KRBKRNvK,DRAW,8/7n/4R3/8/4k2K/r5B1/8/8 b - - 0 1
0,1,0,0,0,0,0,1,-1,1,0,1,1,1,0,0,0,0,0,16,0,0,2,3,3,4,5,0,1,22,26,0,0,0,0,0,0,0,0,7,1,1,0,0,0,0,3,2,1,1,KRBKRNvK,DRAW,1R6/8/4k1B1/8/3K4/8/1n6/r7 b - - 0 1
1,1,0,0,0,0,0,1,-1,1,0,1,1,1,0,0,0,0,0,16,0,0,4,6,3,5,7,2,4,26,21,0,0,0,0,0,0,0,0,7,1,1,0,0,0,0,2,3,2,0,KRBKRNvK,DRAW,3r1k2/5B2/4R3/2n5/6K1/8/8/8 w - - 0 1
1,1,0,0,0,0,0,1,-1,1,0,1,1,1,0,0,0,0,0,16,0,0,5,1,2,6,3,3,2,30,19,0,0,0,0,0,0,0,0,7,1,1,0,0,0,0,2,1,0,0,KRBKRNvK,DRAW,8/2r2n2/2B5/8/6k1/1K6/8/2R5 w - - 0 1
0,1,0,0,0,0,0,1,-1,1,0,1,1,1,0,0,0,0,0,16,0,0,3,2,5,1,2,2,3,20,26,0,0,0,0,0,0,0,0,7,1,1,0,1,0,0,3,0,1,0,KRBKRNvK,DRAW,7B/8/2K5/8/8/1k6/6r1/2R4n b - - 0 1
0,1,0,0,0,0,0,1,-1,1,0,1,1,1,0,0,0,0,0,16,0,0,2,3,4,4,2,0,1,19,26,0,0,0,0,0,0,0,0,7,1,1,0,0,0,0,3,3,0,1,KRBKRNvK,DRAW,8/8/7R/1B1K4/4r3/4k3/8/2n5 b - - 0 1
1,1,0,0,0,0,0,1,-1,1,0,1,1,1,0,0,0,0,0,16,0,0,7,7,6,0,5,5,4,16,14,0,0,0,0,0,0,0,0,7,1,1,0,0,0,0,3,0,0,0,KRBKRNvK,DRAW,4n3/r4B1K/k7/8/7R/8/8/8 w - - 0 1
0,1,0,0,0,0,0,1,-1,1,0,1,1,1,0,0,0,0,0,16,0,0,5,7,6,2,4,5,1,6,0,1,0,0,0,0,0,0,0,7,1,1,0,0,0,0,0,3,1,0,KRBKRNvK,DRAW,8/B6K/8/2k5/4r3/8/8/2n2R2 b - - 0 1
0,1,0,0,0,0,0,1,-1,1,0,1,1,1,0,0,0,0,0,16,0,0,5,3,5,1,0,1,5,20,22,0,0,0,0,0,0,0,0,7,1,1,0,0,0,0,2,2,1,0,KRBKRNvK,DRAW,8/n7/3K4/7r/8/2R5/8/1k2B3 b - - 0 1
0,1,0,0,0,0,0,1,-1,1,0,1,1,1,0,0,0,0,0,16,0,0,5,1,2,6,7,3,5,19,19,0,0,0,0,0,0,0,0,7,1,1,0,0,0,0,0,2,0,0,KRBKRNvK,DRAW,1Rn3k1/8/8/7r/8/1K6/8/3B4 b - - 0 1
0,1,0,0,0,0,0,1,-1,1,0,1,1,1,0,0,0,0,0,16,0,0,6,0,5,6,7,4,5,26,21,0,0,0,0,0,0,0,0,7,1,1,0,0,0,0,2,1,1,0,KRBKRNvK,DRAW,6k1/8/K3R3/8/8/4n3/5B2/6r1 b - - 0 1
0,1,0,0,0,0,0,1,-1,1,0,1,1,1,0,0,0,0,0,16,0,0,3,3,4,0,3,0,3,18,28,0,0,0,0,0,0,0,0,7,1,1,0,0,0,0,3,0,0,1,KRBKRNvK,DRAW,1R6/8/2r5/n2KB3/k7/8/8/8 b - - 0 1
1,1,0,0,0,0,0,1,-1,1,0,1,1,1,0,0,0,0,0,16,0,0,4,2,1,6,4,3,2,6,0,1,0,0,0,0,0,0,0,7,1,1,0,0,0,0,1,0,1,0,KRBKRNvK,DRAW,1n6/2r5/8/5Bk1/8/8/R1K5/8 w - - 0 1
0,1,0,0,0,0,0,1,-1,1,0,1,1,1,0,0,0,0,0,16,0,0,2,0,7,0,5,6,4,23,20,0,0,0,0,0,0,0,0,7,1,1,0,0,0,0,0,1,0,0,KRBKRNvK,WIN,K7/4B3/k7/8/6n1/7r/6R1/8 b - - 0 1
1,1,0,0,0,0,0,1,-1,1,0,1,1,1,0,0,0,0,0,16,0,0,2,1,3,2,5,2,2,4,0,1,0,0,0,0,0,0,0,7,1,1,0,0,0,0,0,3,1,1,KRBKRNvK,DRAW,5R2/4B3/n1k5/8/1K2r3/8/8/8 w - - 0 1
0,1,0,0,0,0,0,1,-1,1,0,1,1,1,0,0,0,0,0,16,0,0,5,0,5,5,5,4,2,22,22,0,0,0,0,0,0,0,0,7,1,1,0,0,0,0,2,2,2,0,KRBKRNvK,DRAW,8/8/K4k2/7B/7R/4r3/8/n7 b - - 0 1
1,1,0,0,0,0,0,1,-1,1,0,1,1,1,0,0,0,0,0,16,0,0,2,1,2,2,4,3,1,26,22,0,0,0,0,0,0,0,0,7,1,1,0,0,0,0,1,3,0,0,KRBKRNvK,DRAW,8/8/8/2k3r1/8/1K6/4n2B/5R2 w - - 0 1
1,1,0,0,0,0,0,1,-1,1,0,1,1,1,0,0,0,0,0,16,0,0,5,5,1,5,6,3,3,28,13,0,0,0,0,0,0,0,0,7,1,1,0,0,0,0,2,0,1,0,KRBKRNvK,DRAW,8/r3Bk2/n7/8/8/4R3/5K2/8 w - - 0 1
1,1,0,0,0,0,0,1,-1,1,0,1,1,1,0,0,0,0,0,16,0,0,4,3,5,4,1,1,2,31,21,0,0,0,0,0,0,0,0,7,1,1,0,0,0,0,3,2,2,1,KRBKRNvK,DRAW,8/8/3K4/n7/1r6/4B3/4k3/6R1 w - - 0 1
0,1,0,0,0,0,0,1,-1,1,0,1,1,1,0,0,0,0,0,16,0,0,2,2,7,3,5,4,1,18,24,0,0,0,0,0,0,0,0,7,1,1,1,0,0,0,1,2,1,0,KRBKRNvK,DRAW,2K5/5R2/3k4/r7/n7/8/5B2/8 b - - 0 1
0,1,0,0,0,0,0,1,-1,1,0,1,1,1,0,0,0,0,0,16,0,0,2,7,0,5,1,6,3,25,21,0,0,0,0,0,0,0,0,7,1,1,1,0,0,0,2,1,0,0,KRBKRNvK,WIN,r7/3R4/8/6n1/8/8/5k2/2B4K b - - 0 1
0,1,0,0,0,0,0,1,-1,1,0,1,1,1,0,0,0,0,0,16,0,0,5,7,2,4,7,4,3,6,0,1,0,0,0,0,0,0,0,7,1,1,0,0,0,0,2,0,0,0,KRBKRNvK,DRAW,2n1k3/1r6/8/8/4RB2/7K/8/8 b - - 0 1
1,1,0,0,0,0,0,1,-1,1,0,1,1,1,0,0,0,0,0,16,0,0,3,4,7,7,7,3,6,28,16,0,0,0,0,0,0,0,0,7,1,1,0,0,0,0,3,1,0,0,KRBKRNvK,DRAW,4K2k/1B6/8/8/8/3R4/4n3/4r3 w - - 0 1
0,1,0,0,0,0,0,1,-1,1,0,1,1,1,0,0,0,0,0,16,0,0,3,5,3,2,2,1,2,6,0,1,0,0,0,0,0,0,0,7,1,1,0,0,0,0,3,3,1,2,KRBKRNvK,DRAW,B7/8/8/7r/5K2/2k1Rn2/8/8 b - - 0 1
0,1,0,0,0,0,0,1,-1,1,0,1,1,1,0,0,0,0,0,16,0,0,5,3,1,1,6,2,4,7,0,1,0,0,0,0,0,0,0,7,1,1,0,0,0,0,2,1,0,0,KRBKRNvK,DRAW,1r6/1k6/3n4/8/1R6/8/3K4/1B6 b - - 0 1
0,1,0,0,0,0,0,1,-1,1,0,1,1,1,0,0,0,0,0,16,0,0,7,7,0,0,4,6,3,25,18,0,0,0,0,0,0,0,0,7,1,1,0,0,0,0,2,1,0,0,KRBKRNvK,DRAW,8/8/5r2/k7/8/8/1B2n1R1/7K b - - 0 1
0,1,0,0,0,0,0,1,-1,1,0,1,1,1,0,0,0,0,0,16,0,0,5,2,5,7,5,2,4,17,28,0,0,0,0,0,0,0,0,7,1,1,0,0,0,0,2,1,1,0,KRBKRNvK,DRAW,6r1/8/2K4k/5Bn1/8/8/2R5/8 b - - 0 1
1,1,0,0,0,0,0,1,-1,1,0,1,1,1,0,0,0,0,0,16,0,0,3,6,3,6,0,2,5,25,20,0,0,0,0,0,0,0,0,7,1,1,0,0,0,0,0,0,0,0,KRBKRNvK,DRAW,8/6n1/2r5/8/6K1/8/R7/3B2k1 w - - 0 1
1,1,0,0,0,0,0,1,-1,1,0,1,1,1,0,0,0,0,0,16,0,0,5,0,0,5,3,6,1,3,0,1,0,0,0,0,0,0,0,7,1,1,0,0,0,0,1,3,1,1,KRBKRNvK,LOSS,r7/8/8/8/5k2/R7/2n2B2/K7 w - - 0 1
1,1,0,0,0,0,0,1,-1,1,0,1,1,1,0,0,0,0,0,16,0,0,3,1,0,4,0,5,3,28,21,0,0,0,0,0,0,0,0,7,1,1,0,0,0,0,3,0,0,0,KRBKRNvK,DRAW,3R4/8/n5r1/8/3B4/8/8/1K2k3 w - - 0 1
1,1,0,0,0,0,0,1,-1,1,0,1,1,1,0,0,0,0,0,16,0,0,4,4,2,0,6,1,5,7,0,1,0,0,0,0,0,0,0,7,1,1,0,0,0,0,2,0,0,1,KRBKRNvK,DRAW,6r1/k7/8/3n4/8/4K3/2B4R/8 w - - 0 1
0,1,0,0,0,0,0,1,-1,1,0,1,1,1,0,0,0,0,0,16,0,0,6,1,3,7,6,2,5,25,21,0,0,0,0,0,0,0,0,7,1,1,0,1,0,0,0,1,0,0,KRBKRNvK,DRAW,8/3n3k/8/8/1K6/B7/6r1/2R5 b - - 0 1
1,1,0,0,0,0,0,1,-1,1,0,1,1,1,0,0,0,0,0,16,0,0,5,2,2,7,7,2,6,8,0,1,0,0,0,0,0,0,0,7,1,1,1,0,0,0,2,2,0,1,KRBKRNvK,DRAW,7k/1R6/4Bn2/8/8/r1K5/8/8 w - - 0 1
1,1,0,0,0,0,0,1,-1,1,0,1,1,1,0,0,0,0,0,16,0,0,5,7,3,2,1,3,3,24,21,0,0,0,0,0,0,0,0,7,1,1,0,0,0,0,0,0,0,0,KRBKRNvK,DRAW,5R2/8/B7/8/7K/2r5/1nk5/8 w - - 0 1
0,1,0,0,0,0,0,1,-1,1,0,1,1,1,0,0,0,0,0,16,0,0,7,7,6,0,7,5,6,22,24,0,0,0,0,0,0,0,0,7,1,1,0,0,0,0,3,1,0,0,KRBKRNvK,DRAW,k7/7K/r7/8/2B2Rn1/8/8/8 b - - 0 1
0,1,0,0,0,0,0,1,-1,1,0,1,1,1,0,0,0,0,0,16,0,0,5,4,1,1,6,2,4,6,0,1,0,0,0,0,0,0,0,7,1,1,1,0,0,0,2,1,0,0,KRBKRNvK,DRAW,8/1k2R3/5r2/6n1/1B6/8/4K3/8 b - - 0 1
0,1,0,0,0,0,0,1,-1,1,0,1,1,1,0,0,0,0,0,16,0,0,3,5,2,2,5,2,2,5,0,1,0,0,0,0,0,0,0,7,1,1,0,0,0,0,2,2,0,1,KRBKRNvK,DRAW,8/8/2k3R1/8/8/1B3K2/5n2/r7 b - - 0 1
0,1,0,0,0,0,0,1,-1,1,0,1,1,1,0,0,0,0,0,16,0,0,7,6,0,0,7,5,6,20,23,0,0,0,0,0,0,0,0,7,1,1,0,0,0,0,1,0,1,0,KRBKRNvK,DRAW,k7/2r5/1B5R/8/8/8/8/3n2K1 b - - 0 1
1,1,0,0,0,0,0,1,-1,1,0,1,1,1,0,0,0,0,0,16,0,0,3,4,3,7,3,0,3,25,24,0,0,0,0,0,0,0,0,7,1,1,0,0,0,0,3,1,1,1,KRBKRNvK,DRAW,8/3n4/8/8/4K2k/2r5/7B/5R2 w - - 0 1
1,1,0,0,0,0,0,1,-1,1,0,1,1,1,0,0,0,0,0,16,0,0,4,4,7,0,6,3,5,2,0,1,0,0,0,0,0,0,0,7,1,1,0,0,0,0,2,2,0,2,KRBKRNvK,DRAW,2r1K3/k7/5n2/8/7R/8/8/4B3 w - - 0 1
1,1,0,0,0,0,0,1,-1,1,0,1,1,1,0,0,0,0,0,16,0,0,6,1,0,5,6,5,3,19,26,0,0,0,0,0,0,0,0,7,1,1,0,0,0,0,0,3,0,0,KRBKRNvK,DRAW,8/B4k2/1R6/8/7r/5n2/8/1K6 w - - 0 1
1,1,0,0,0,0,0,1,-1,1,0,1,1,1,0,0,0,0,0,16,0,0,2,5,6,4,4,3,0,5,0,1,0,0,0,0,0,0,0,7,1,1,0,0,0,0,1,3,1,0,KRBKRNvK,DRAW,8/5K2/8/4k3/RnB5/5r2/8/8 w - - 0 1
1,1,0,0,0,0,0,1,-1,1,0,1,1,1,0,0,0,0,0,16,0,0,2,2,2,0,4,2,3,27,23,0,0,0,0,0,0,0,0,7,1,1,0,0,0,0,4,1,0,0,KRBKRNvK,DRAW,B5r1/8/1n6/k7/8/2K5/4R3/8 w - - 0 1
0,1,0,0,0,0,0,1,-1,1,0,1,1,1,0,0,0,0,0,16,0,0,2,7,3,5,4,3,1,18,26,0,0,0,0,0,0,0,0,7,1,1,0,0,0,0,0,3,0,1,KRBKRNvK,DRAW,8/8/1n3r2/5k2/1B5K/8/R7/8 b - - 0 1
0,1,0,0,0,0,0,1,-1,1,0,1,1,1,0,0,0,0,0,16,0,0,4,0,0,1,4,6,2,6,0,1,0,0,0,0,0,0,0,7,1,1,0,0,0,0,2,0,0,0,KRBKRNvK,DRAW,7r/8/8/1k2R3/6B1/8/8/K3n3 b - - 0 1
0,1,0,0,0,0,0,1,-1,1,0,1,1,1,0,0,0,0,0,16,0,0,3,7,0,4,2,6,1,7,0,1,0,0,0,0,0,0,0,7,1,1,0,0,0,0,0,4,0,0,KRBKRNvK,DRAW,2B5/8/8/5r2/4n3/4k2R/8/7K b - - 0 1
0,1,0,0,0,0,0,1,-1,1,0,1,1,1,0,0,0,0,0,16,0,0,4,5,2,1,4,2,2,20,19,0,0,0,0,0,0,0,0,7,1,1,1,1,0,0,2,0,1,2,KRBKRNvK,DRAW,8/B6R/8/1k5n/8/5K2/7r/8 b - - 0 1
1,1,0,0,0,0,0,1,-1,1,0,1,1,1,0,0,0,0,0,16,0,0,2,0,2,2,4,4,1,21,21,0,0,0,0,0,0,0,0,7,1,1,0,0,0,0,0,3,0,0,KRBKRNvK,DRAW,R7/8/8/2k5/3r4/K7/8/5Bn1 w - - 0 1
0,1,0,0,0,0,0,1,-1,1,0,1,1,1,0,0,0,0,0,16,0,0,6,7,6,1,2,5,3,25,23,0,0,0,0,0,0,0,0,7,1,1,0,0,0,0,2,1,0,0,KRBKRNvK,DRAW,8/5B1K/4R3/r2n4/8/1k6/8/8 b - - 0 1
1,1,0,0,0,0,0,1,-1,1,0,1,1,1,0,0,0,0,0,16,0,0,5,0,7,1,2,6,3,22,21,0,0,0,0,0,0,0,0,7,1,1,0,0,0,0,2,1,1,0,KRBKRNvK,DRAW,K3B3/4n3/8/8/R7/1k3r2/8/8 w - - 0 1
0,1,0,0,0,0,0,1,-1,1,0,1,1,1,0,0,0,0,0,16,0,0,7,0,6,7,7,5,6,19,25,0,0,0,0,0,0,0,0,7,1,1,0,0,0,0,1,2,0,0,KRBKRNvK,DRAW,7k/K7/8/5r2/2B5/8/2R4n/8 b - - 0 1
1,1,0,0,0,0,0,1,-1,1,0,1,1,1,0,0,0,0,0,16,0,0,4,0,2,4,5,4,1,29,24,0,0,0,0,0,0,0,0,7,1,1,0,0,0,0,1,2,0,1,KRBKRNvK,DRAW,8/8/4k3/7r/8/K3B3/2R5/n7 w - - 0 1
1,1,0,0,0,0,0,1,-1,1,0,1,1,1,0,0,0,0,0,16,0,0,4,2,5,6,3,2,2,5,0,1,0,0,0,0,0,0,0,7,1,1,0,0,0,0,1,2,2,2,KRBKRNvK,DRAW,8/8/2K5/6B1/2r1n1k1/5R2/8/8 w - - 0 1
1,1,0,0,0,0,0,1,-1,1,0,1,1,1,0,0,0,0,0,16,0,0,3,7,4,7,1,3,5,24,21,0,0,0,0,0,0,0,0,7,1,1,1,0,0,0,1,0,0,0,KRBKRNvK,DRAW,7n/R6B/8/7K/8/1r6/7k/8 w - - 0 1
0,1,0,0,0,0,0,1,-1,1,0,1,1,1,0,0,0,0,0,16,0,0,4,7,0,3,3,6,0,24,26,0,0,0,0,0,0,0,0,7,1,1,1,0,0,0,0,3,1,0,KRBKRNvK,DRAW,8/5R2/8/1B5n/3k4/r7/8/7K b - - 0 1
1,1,0,0,0,0,0,1,-1,1,0,1,1,1,0,0,0,0,0,16,0,0,2,6,6,4,6,4,2,3,0,1,0,0,0,0,0,0,0,7,1,1,0,0,0,0,0,0,0,0,KRBKRNvK,DRAW,8/4k1K1/8/8/8/6r1/7R/2n2B2 w - - 0 1
0,1,0,0,0,0,0,1,-1,1,0,1,1,1,0,0,0,0,0,16,0,0,4,6,5,2,7,3,4,22,19,0,0,0,0,0,0,0,0,7,1,1,0,0,0,0,2,0,1,1,KRBKRNvK,DRAW,2k1B3/5r2/6K1/n5R1/8/8/8/8 b - - 0 1
1,1,0,0,0,0,0,1,-1,1,0,1,1,1,0,0,0,0,0,16,0,0,5,6,4,1,6,2,4,17,24,0,0,0,0,0,0,0,0,7,1,1,0,0,0,0,2,2,1,1,KRBKRNvK,DRAW,7n/1k6/7B/3R2K1/4r3/8/8/8 w - - 0 1
0,1,0,0,0,0,0,1,-1,1,0,1,1,1,0,0,0,0,0,16,0,0,3,1,1,2,4,4,1,4,0,1,0,0,0,0,0,0,0,7,1,1,0,0,0,0,1,3,1,0,KRBKRNvK,DRAW,2r5/2B5/5n2/2k5/8/8/1KR5/8 b - - 0 1
1,1,0,0,0,0,0,1,-1,1,0,1,1,1,0,0,0,0,0,16,0,0,6,2,6,6,0,3,5,20,20,0,0,0,0,0,0,0,0,7,1,1,0,1,0,0,1,0,0,0,KRBKRNvK,DRAW,2R5/2K2B2/8/8/8/8/1r5n/6k1 w - - 0 1
0,1,0,0,0,0,0,1,-1,1,0,1,1,1,0,0,0,0,0,16,0,0,4,6,3,2,7,2,4,6,0,1,0,0,0,0,0,0,0,7,1,1,0,0,0,0,1,1,0,1,KRBKRNvK,DRAW,2k5/8/2r5/5B2/5nK1/8/6R1/8 b - - 0 1
1,1,0,0,0,0,0,1,-1,1,0,1,1,1,0,0,0,0,0,16,0,0,6,0,5,6,7,4,5,26,17,0,0,0,0,0,0,0,0,7,1,1,0,0,0,0,2,2,0,0,KRBKRNvK,DRAW,3r2k1/7n/K7/8/5RB1/8/8/8 w - - 0 1
1,1,0,0,0,0,0,1,-1,1,0,1,1,1,0,0,0,0,0,16,0,0,2,2,1,0,1,3,5,24,19,0,0,0,0,0,0,0,0,7,1,1,0,0,0,0,2,0,0,1,KRBKRNvK,DRAW,8/5r2/1B1R4/8/8/8/k1K5/1n6 w - - 0 1
0,1,0,0,0,0,0,1,-1,1,0,1,1,1,0,0,0,0,0,16,0,0,3,3,2,5,5,1,2,3,0,1,0,0,0,0,0,0,0,7,1,1,0,0,0,0,4,1,2,0,KRBKRNvK,LOSS,3B4/2r5/5k2/6R1/8/3K4/8/6n1 b - - 0 1
1,1,0,0,0,0,0,1,-1,1,0,1,1,1,0,0,0,0,0,16,0,0,5,2,5,7,1,2,5,29,19,0,0,0,0,0,0,0,0,7,1,1,0,0,0,0,2,0,0,0,KRBKRNvK,DRAW,8/8/2K5/R7/8/7r/6nk/3B4 w - - 0 1
0,1,0,0,0,0,0,1,-1,1,0,1,1,1,0,0,0,0,0,16,0,0,3,2,3,5,5,1,2,6,0,1,0,0,0,0,0,0,0,7,1,1,0,0,0,0,3,2,1,1,KRBKRNvK,DRAW,r7/8/5k2/8/2K2R2/8/2n5/1B6 b - - 0 1
0,1,0,0,0,0,0,1,-1,1,0,1,1,1,0,0,0,0,0,16,0,0,2,0,5,2,6,4,3,6,0,1,0,0,0,0,0,0,0,7,1,1,0,1,0,0,0,0,0,0,KRBKRNvK,DRAW,8/2k5/K7/4n3/8/8/3B3r/2R5 b - - 0 1
0,1,0,0,0,0,0,1,-1,1,0,1,1,1,0,0,0,0,0,16,0,0,7,1,7,2,0,5,4,4,0,1,0,0,0,0,0,0,0,7,1,1,0,0,0,0,0,2,0,1,KRBKRNvK,DRAW,1K6/1n6/7B/8/8/3r4/6R1/2k5 b - - 0 1
0,1,0,0,0,0,0,1,-1,1,0,1,1,1,0,0,0,0,0,16,0,0,2,3,6,5,4,2,1,18,28,0,0,0,0,0,0,0,0,7,1,1,0,0,0,0,3,3,2,0,KRBKRNvK,DRAW,8/3K4/4R3/r4k2/8/4B3/5n2/8 b - - 0 1
1,1,0,0,0,0,0,1,-1,1,0,1,1,1,0,0,0,0,0,16,0,0,3,6,4,3,5,2,1,31,20,0,0,0,0,0,0,0,0,7,1,1,0,0,0,0,3,3,0,0,KRBKRNvK,DRAW,2r5/6B1/2nk4/6K1/8/4R3/8/8 w - - 0 1
1,1,0,0,0,0,0,1,-1,1,0,1,1,1,0,0,0,0,0,16,0,0,3,3,3,1,0,0,5,31,20,0,0,0,0,0,0,0,0,7,1,1,0,0,0,0,3,0,0,0,KRBKRNvK,DRAW,8/3B4/r7/7n/3K4/8/6R1/1k6 w - - 0 1
1,1,0,0,0,0,0,1,-1,1,0,1,1,1,0,0,0,0,0,16,0,0,2,7,4,5,2,3,2,22,24,0,0,0,0,0,0,0,0,7,1,1,0,0,0,0,0,1,1,0,KRBKRNvK,DRAW,6r1/8/8/4n2K/7B/5k2/R7/8 w - - 0 1
0,1,0,0,0,0,0,1,-1,1,0,1,1,1,0,0,0,0,0,16,0,0,3,7,4,4,7,3,3,4,0,1,0,0,0,0,0,0,0,7,1,1,0,0,0,0,0,1,0,2,KRBKRNvK,DRAW,4k3/8/8/5n1K/B7/5r2/6R1/8 b - - 0 1
0,1,0,0,0,0,0,1,-1,1,0,1,1,1,0,0,0,0,0,16,0,0,4,2,3,6,2,1,3,25,21,0,0,0,0,0,0,0,0,7,1,1,1,0,0,0,2,0,0,0,KRBKRNvK,DRAW,8/2R5/7r/1B6/2K5/6k1/8/1n6 b - - 0 1
0,1,0,0,0,0,0,1,-1,1,0,1,1,1,0,0,0,0,0,16,0,0,7,0,1,7,6,5,5,21,22,0,0,0,0,0,0,0,0,7,1,1,0,0,0,0,2,2,0,0,KRBKRNvK,DRAW,2R5/7k/8/3nr3/8/8/K7/B7 b - - 0 1
1,1,0,0,0,0,0,1,-1,1,0,1,1,1,0,0,0,0,0,16,0,0,7,6,7,2,0,5,4,26,17,0,0,0,0,0,0,0,0,7,1,1,0,0,0,0,1,0,0,0,KRBKRNvK,DRAW,5RK1/8/8/r1B5/8/8/7n/2k5 w - - 0 1
0,1,0,0,0,0,0,1,-1,1,0,1,1,1,0,0,0,0,0,16,0,0,5,0,7,5,4,6,1,28,20,0,0,0,0,0,0,0,0,7,1,1,0,0,0,0,3,3,0,1,KRBKRNvK,DRAW,K2R4/2r5/5n2/5k2/8/8/8/7B b - - 0 1
1,1,0,0,0,0,0,1,-1,1,0,1,1,1,0,0,0,0,0,16,0,0,2,1,2,0,4,3,3,23,22,0,0,0,0,0,0,0,0,7,1,1,0,1,0,0,0,3,0,0,KRBKRNvK,DRAW,8/8/4n2B/k7/8/1K6/4r3/2R5 w - - 0 1
0,1,0,0,0,0,0,1,-1,1,0,1,1,1,0,0,0,0,0,16,0,0,5,0,7,5,6,6,3,7,0,1,0,0,0,0,0,0,0,7,1,1,0,1,0,0,2,1,0,0,KRBKRNvK,DRAW,K7/5k2/3n4/8/5R2/8/1r5B/8 b - - 0 1
1,1,0,0,0,0,0,1,-1,1,0,1,1,1,0,0,0,0,0,16,0,0,4,4,3,0,3,0,3,4,0,1,0,0,0,0,0,0,0,7,1,1,0,0,0,0,3,2,0,2,KRBKRNvK,DRAW,1R6/8/5n2/8/k3K3/6r1/8/5B2 w - - 0 1
0,1,0,0,0,0,0,1,-1,1,0,1,1,1,0,0,0,0,0,16,0,0,5,0,0,0,5,6,4,20,15,0,0,0,0,0,0,0,0,7,1,1,0,0,0,0,0,0,0,0,KRBKRNvK,DRAW,5rnR/8/k7/8/8/7B/8/K7 b - - 0 1
1,1,0,0,0,0,0,1,-1,1,0,1,1,1,0,0,0,0,0,16,0,0,6,0,0,5,6,6,3,23,19,0,0,0,0,0,0,0,0,7,1,1,0,0,0,0,0,2,1,0,KRBKRNvK,DRAW,3B4/5kr1/R7/8/8/5n2/8/K7 w - - 0 1
1,1,0,0,0,0,0,1,-1,1,0,1,1,1,0,0,0,0,0,16,0,0,7,0,7,2,0,6,4,25,13,0,0,0,0,0,0,0,0,7,1,1,0,1,0,0,3,0,1,0,KRBKRNvK,DRAW,K3R3/8/8/8/8/1B6/1r4n1/2k5 w - - 0 1
0,1,0,0,0,0,0,1,-1,1,0,1,1,1,0,0,0,0,0,16,0,0,4,2,0,6,2,4,3,4,0,1,0,0,0,0,0,0,0,7,1,1,0,0,0,0,1,1,1,1,KRBKRNvK,DRAW,8/8/1r6/4B3/8/4n1k1/2R5/2K5 b - - 0 1
0,1,0,0,0,0,0,1,-1,1,0,1,1,1,0,0,0,0,0,16,0,0,6,7,5,1,2,4,3,21,23,0,0,0,0,0,0,0,0,7,1,1,0,0,0,0,1,0,0,2,KRBKRNvK,DRAW,8/5rn1/2R4K/8/8/1k6/7B/8 b - - 0 1
1,1,0,0,0,0,0,1,-1,1,0,1,1,1,0,0,0,0,0,16,0,0,4,1,1,5,3,4,1,28,23,0,0,0,0,0,0,0,0,7,1,1,0,0,0,0,3,3,1,0,KRBKRNvK,DRAW,3R4/8/4n1B1/8/5k2/4r3/1K6/8 w - - 0 1
1,1,0,0,0,0,0,1,-1,1,0,1,1,1,0,0,0,0,0,16,0,0,7,0,6,7,3,5,3,5,0,1,0,0,0,0,0,0,0,7,1,1,1,0,0,0,0,0,0,0,KRBKRNvK,DRAW,8/K4R2/8/8/1B5k/8/6n1/r7 w - - 0 1
0,1,0,0,0,0,0,1,-1,1,0,1,1,1,0,0,0,0,0,16,0,0,4,7,5,3,3,4,0,25,23,0,0,0,0,0,0,0,0,7,1,1,0,1,0,0,0,3,1,1,KRBKRNvK,DRAW,8/8/7K/6n1/3k4/1R6/2r5/3B4 b - - 0 1
0,1,0,0,0,0,0,1,-1,1,0,1,1,1,0,0,0,0,0,16,0,0,6,6,3,0,3,2,3,2,0,1,0,0,0,0,0,0,0,7,1,1,0,1,0,0,1,0,2,1,KRBKRNvK,DRAW,8/8/8/8/k5K1/8/R1B4r/n7 b - - 0 1
0,1,0,0,0,0,0,1,-1,1,0,1,1,1,0,0,0,0,0,16,0,0,4,5,1,1,4,3,2,21,29,0,0,0,0,0,0,0,0,7,1,1,0,0,0,0,2,2,1,0,KRBKRNvK,DRAW,1r6/4B3/5n2/1k6/3R4/8/5K2/8 b - - 0 1
0,1,0,0,0,0,0,1,-1,1,0,1,1,1,0,0,0,0,0,16,0,0,2,7,4,5,4,3,1,2,0,1,0,0,0,0,0,0,0,7,1,1,0,0,0,0,2,2,2,0,KRBKRNvK,DRAW,r7/7B/8/5k1K/n7/4R3/8/8 b - - 0 1
0,1,0,0,0,0,0,1,-1,1,0,1,1,1,0,0,0,0,0,16,0,0,4,0,0,4,4,6,0,26,21,0,0,0,0,0,0,0,0,7,1,1,0,0,0,0,1,3,0,0,KRBKRNvK,DRAW,3r4/7B/8/4k3/1n6/8/7R/K7 b - - 0 1
1,1,0,0,0,0,0,1,-1,1,0,1,1,1,0,0,0,0,0,16,0,0,3,6,4,5,7,2,4,7,0,1,0,0,0,0,0,0,0,7,1,1,0,0,0,0,2,0,0,1,KRBKRNvK,DRAW,5k2/1r5n/8/6K1/8/8/6B1/R7 w - - 0 1
1,1,0,0,0,0,0,1,-1,1,0,1,1,1,0,0,0,0,0,16,0,0,3,0,2,2,5,4,2,19,18,0,0,0,0,0,0,0,0,7,1,1,0,0,0,0,0,3,1,1,KRBKRNvK,DRAW,1n6/8/2k5/8/1Br5/KR6/8/8 w - - 0 1
1,1,0,0,0,0,0,1,-1,1,0,1,1,1,0,0,0,0,0,16,0,0,6,6,5,0,5,3,4,26,19,0,0,0,0,0,0,0,0,7,1,1,0,0,0,0,1,2,1,0,KRBKRNvK,DRAW,8/1nB5/k5K1/8/2r5/6R1/8/8 w - - 0 1
1,1,0,0,0,0,0,1,-1,1,0,1,1,1,0,0,0,0,0,16,0,0,4,3,4,7,5,0,4,31,19,0,0,0,0,0,0,0,0,7,1,1,1,1,0,0,3,0,0,0,KRBKRNvK,DRAW,6n1/1R6/7k/3KB3/8/8/2r5/8 w - - 0 1
1,1,0,0,0,0,0,1,-1,1,0,1,1,1,0,0,0,0,0,16,0,0,7,7,0,0,0,6,6,3,0,1,0,0,0,0,0,0,0,7,1,1,0,0,0,0,3,3,0,0,KRBKRNvK,LOSS,8/8/2n5/4R3/8/4B3/8/k2r3K w - - 0 1
0,1,0,0,0,0,0,1,-1,1,0,1,1,1,0,0,0,0,0,16,0,0,4,4,3,0,0,0,6,19,24,0,0,0,0,0,0,0,0,7,1,1,1,0,0,0,3,0,0,1,KRBKRNvK,DRAW,2B5/1R6/5r2/8/4K2n/8/8/k7 b - - 0 1
0,1,0,0,0,0,0,1,-1,1,0,1,1,1,0,0,0,0,0,16,0,0,3,1,3,2,6,2,3,7,0,1,0,0,0,0,0,0,0,7,1,1,1,0,0,0,0,0,0,0,KRBKRNvK,DRAW,5r2/1nk3R1/8/8/1K6/B7/8/8 b - - 0 1
1,1,0,0,0,0,0,1,-1,1,0,1,1,1,0,0,0,0,0,16,0,0,2,6,5,5,3,3,1,5,0,1,0,0,0,0,0,0,0,7,1,1,0,0,0,0,1,4,1,1,KRBKRNvK,DRAW,7n/8/4B1K1/8/5k2/8/8/R2r4 w - - 0 1
0,1,0,0,0,0,0,1,-1,1,0,1,1,1,0,0,0,0,0,16,0,0,3,7,6,4,6,5,2,28,26,0,0,0,0,0,0,0,0,7,1,1,0,0,0,0,1,0,0,0,KRBKRNvK,DRAW,8/4k2K/1r6/8/2Bn4/8/8/7R b - - 0 1
0,1,0,0,0,0,0,1,-1,1,0,1,1,1,0,0,0,0,0,16,0,0,3,6,5,3,3,3,0,24,20,0,0,0,0,0,0,0,0,7,1,1,0,0,0,0,0,3,1,0,KRBKRNvK,DRAW,r7/7B/1R4K1/8/3k4/8/8/7n b - - 0 1
0,1,0,0,0,0,0,1,-1,1,0,1,1,1,0,0,0,0,0,16,0,0,6,0,6,0,0,5,6,1,0,1,0,0,0,0,0,0,0,7,1,1,0,0,0,0,1,1,1,0,KRBKRNvK,DRAW,8/K7/8/4B3/1n6/7r/8/k1R5 b - - 0 1
1,1,0,0,0,0,0,1,-1,1,0,1,1,1,0,0,0,0,0,16,0,0,5,5,5,0,2,2,4,28,21,0,0,0,0,0,0,0,0,7,1,1,1,0,0,0,2,2,0,0,KRBKRNvK,DRAW,1n6/2R5/5K2/1r6/8/k7/5B2/8 w - - 0 1
0,1,0,0,0,0,0,1,-1,1,0,1,1,1,0,0,0,0,0,16,0,0,3,3,4,5,1,0,3,26,25,0,0,0,0,0,0,0,0,7,1,1,0,0,0,0,3,2,0,1,KRBKRNvK,DRAW,8/8/1R4Bn/3K4/2r5/8/5k2/8 b - - 0 1
0,1,0,0,0,0,0,1,-1,1,0,1,1,1,0,0,0,0,0,16,0,0,5,3,6,4,1,2,2,23,18,0,0,0,0,0,0,0,0,7,1,1,0,0,0,0,0,3,2,1,KRBKRNvK,DRAW,8/3K4/8/1r6/8/6n1/4k3/4B1R1 b - - 0 1
1,1,0,0,0,0,0,1,-1,1,0,1,1,1,0,0,0,0,0,16,0,0,4,5,3,4,7,1,3,5,0,1,0,0,0,0,0,0,0,7,1,1,0,0,0,0,3,2,1,1,KRBKRNvK,DRAW,3Bk3/4n3/8/R7/3r1K2/8/8/8 w - - 0 1
1,1,0,0,0,0,0,1,-1,1,0,1,1,1,0,0,0,0,0,16,0,0,3,3,4,0,4,0,3,27,20,0,0,0,0,0,0,0,0,7,1,1,0,0,0,0,3,3,0,0,KRBKRNvK,WIN,4R3/8/6n1/k2K2B1/r7/8/8/8 w - - 0 1
0,1,0,0,0,0,0,1,-1,1,0,1,1,1,0,0,0,0,0,16,0,0,2,7,0,5,0,6,4,20,23,0,0,0,0,0,0,0,0,7,1,1,0,0,0,0,2,2,0,0,KRBKRNvK,WIN,8/4r3/8/6R1/1B6/8/8/2n2k1K b - - 0 1
1,1,0,0,0,0,0,1,-1,1,0,1,1,1,0,0,0,0,0,16,0,0,2,7,4,5,6,3,3,20,25,0,0,0,0,0,0,0,0,7,1,1,0,1,0,0,0,1,0,0,KRBKRNvK,DRAW,8/5k2/1n6/7K/1B6/1R6/6r1/8 w - - 0 1
1,1,0,0,0,0,0,1,-1,1,0,1,1,1,0,0,0,0,0,16,0,0,3,6,0,3,0,5,3,28,27,0,0,0,0,0,0,0,0,7,1,1,0,0,0,0,0,0,1,0,KRBKRNvK,DRAW,8/3B4/1r6/8/3n4/5R2/8/3k2K1 w - - 0 1
0,1,0,0,0,0,0,1,-1,1,0,1,1,1,0,0,0,0,0,16,0,0,5,1,7,6,6,5,4,7,0,1,0,0,0,0,0,0,0,7,1,1,0,0,0,0,1,2,0,0,KRBKRNvK,DRAW,1K6/4r1k1/8/8/3B4/8/1R6/7n b - - 0 1
0,1,0,0,0,0,0,1,-1,1,0,1,1,1,0,0,0,0,0,16,0,0,5,6,6,1,7,4,5,4,0,1,0,0,0,0,0,0,0,7,1,1,0,1,0,0,1,0,0,0,KRBKRNvK,LOSS,1k6/6K1/8/4B3/8/n7/1r5R/8 b - - 0 1
0,1,0,0,0,0,0,1,-1,1,0,1,1,1,0,0,0,0,0,16,0,0,3,0,4,0,7,3,6,18,25,0,0,0,0,0,0,0,0,7,1,1,0,1,0,0,2,0,0,0,KRBKRNvK,DRAW,k7/8/8/K7/5R2/8/2r5/n4B2 b - - 0 1
1,1,0,0,0,0,0,1,-1,1,0,1,1,1,0,0,0,0,0,16,0,0,4,3,5,6,1,1,4,5,0,1,0,0,0,0,0,0,0,7,1,1,0,0,0,0,2,1,0,1,KRBKRNvK,DRAW,3r4/8/3K4/7R/2B5/1n6/6k1/8 w - - 0 1
1,1,0,0,0,0,0,1,-1,1,0,1,1,1,0,0,0,0,0,16,0,0,7,2,7,4,0,4,3,21,22,0,0,0,0,0,0,0,0,7,1,1,0,0,0,0,1,2,0,0,KRBKRNvK,DRAW,1BK4R/8/8/8/1r6/8/8/3nk3 w - - 0 1
0,1,0,0,0,0,0,1,-1,1,0,1,1,1,0,0,0,0,0,16,0,0,3,3,5,6,3,1,2,5,0,1,0,0,0,0,0,0,0,7,1,1,1,0,0,0,2,2,1,0,KRBKRNvK,DRAW,8/6R1/3K4/8/4B1k1/5n2/8/r7 b - - 0 1
0,1,0,0,0,0,0,1,-1,1,0,1,1,1,0,0,0,0,0,16,0,0,6,7,1,1,0,5,5,22,23,0,0,0,0,0,0,0,0,7,1,1,0,0,0,0,0,1,1,0,KRBKRNvK,DRAW,8/5r2/8/B7/8/2R5/3n3K/1k6 b - - 0 1
1,1,0,0,0,0,0,1,-1,1,0,1,1,1,0,0,0,0,0,16,0,0,3,4,4,3,1,0,2,26,24,0,0,0,0,0,0,0,0,7,1,1,0,0,0,0,3,2,1,2,KRBKRNvK,DRAW,8/8/8/4K2B/5R2/2n3r1/3k4/8 w - - 0 1
1,1,0,0,0,0,0,1,-1,1,0,1,1,1,0,0,0,0,0,16,0,0,5,7,3,2,1,3,3,24,25,0,0,0,0,0,0,0,0,7,1,1,0,0,0,0,2,1,0,0,KRBKRNvK,DRAW,4R3/8/8/B1n5/7K/r7/2k5/8 w - - 0 1
0,1,0,0,0,0,0,1,-1,1,0,1,1,1,0,0,0,0,0,16,0,0,3,3,6,6,4,2,2,23,18,0,0,0,0,0,0,0,0,7,1,1,0,0,0,0,1,0,0,0,KRBKRNvK,DRAW,3R2B1/3K4/n7/6k1/8/r7/8/8 b - - 0 1
1,1,0,0,0,0,0,1,-1,1,0,1,1,1,0,0,0,0,0,16,0,0,4,4,2,6,6,1,4,28,24,0,0,0,0,0,0,0,0,7,1,1,0,0,0,0,4,1,0,0,KRBKRNvK,DRAW,3B4/3n2k1/6r1/R7/8/4K3/8/8 w - - 0 1
1,1,0,0,0,0,0,1,-1,1,0,1,1,1,0,0,0,0,0,16,0,0,6,7,1,1,5,5,3,23,21,0,0,0,0,0,0,0,0,7,1,1,0,0,0,0,2,0,2,1,KRBKRNvK,DRAW,2B5/8/1k6/3R4/7n/8/7K/r7 w - - 0 1
0,1,0,0,0,0,0,1,-1,1,0,1,1,1,0,0,0,0,0,16,0,0,7,3,7,3,0,3,3,5,0,1,0,0,0,0,0,0,0,7,1,1,0,0,0,0,2,0,0,0,KRBKRNvK,DRAW,2BK4/8/8/8/3R4/r7/8/3k2n1 b - - 0 1
0,1,0,0,0,0,0,1,-1,1,0,1,1,1,0,0,0,0,0,16,0,0,6,7,0,7,6,6,5,4,0,1,0,0,0,0,0,0,0,7,1,1,1,0,0,0,3,2,0,0,KRBKRNvK,DRAW,8/r1BR3k/8/8/8/2n5/8/7K b - - 0 1
0,1,0,0,0,0,0,1,-1,1,0,1,1,1,0,0,0,0,0,16,0,0,3,4,4,5,1,0,3,27,18,0,0,0,0,0,0,0,0,7,1,1,0,0,0,0,4,2,0,2,KRBKRNvK,DRAW,8/6B1/8/2n1K3/3r4/8/5k2/2R5 b - - 0 1
0,1,0,0,0,0,0,1,-1,1,0,1,1,1,0,0,0,0,0,16,0,0,3,3,0,6,0,3,5,21,23,0,0,0,0,0,0,0,0,7,1,1,0,0,0,0,0,1,0,1,KRBKRNvK,DRAW,7R/8/8/8/1B6/2r3n1/8/3K2k1 b - - 0 1
1,1,0,0,0,0,0,1,-1,1,0,1,1,1,0,0,0,0,0,16,0,0,7,6,7,6,0,5,5,28,18,0,0,0,0,0,0,0,0,7,1,1,0,0,0,0,0,2,0,0,KRBKRNvK,DRAW,6K1/8/8/6B1/8/1R6/8/3r2kn w - - 0 1
1,1,0,0,0,0,0,1,-1,1,0,1,1,1,0,0,0,0,0,16,0,0,6,0,1,3,7,5,3,4,0,1,0,0,0,0,0,0,0,7,1,1,0,0,0,0,3,1,0,0,KRBKRNvK,DRAW,3k4/r1n5/8/8/7R/8/K6B/8 w - - 0 1
0,1,0,0,0,0,0,1,-1,1,0,1,1,1,0,0,0,0,0,16,0,0,3,2,4,5,1,1,3,4,0,1,0,0,0,0,0,0,0,7,1,1,0,0,0,0,3,0,2,1,KRBKRNvK,DRAW,8/r7/8/2K5/3B4/8/3R1k2/n7 b - - 0 1
1,1,0,0,0,0,0,1,-1,1,0,1,1,1,0,0,0,0,0,16,0,0,6,1,5,7,4,3,3,5,0,1,0,0,0,0,0,0,0,7,1,1,0,0,0,0,1,0,0,0,KRBKRNvK,DRAW,8/8/RK6/7k/8/4B2n/8/1r6 w - - 0 1
0,1,0,0,0,0,0,1,-1,1,0,1,1,1,0,0,0,0,0,16,0,0,4,4,4,7,0,0,6,20,20,0,0,0,0,0,0,0,0,7,1,1,0,0,0,0,4,1,1,1,KRBKRNvK,DRAW,8/8/1n4r1/4K3/8/4R2B/8/7k b - - 0 1
0,1,0,0,0,0,0,1,-1,1,0,1,1,1,0,0,0,0,0,16,0,0,3,6,0,7,3,5,3,2,0,1,0,0,0,0,0,0,0,7,1,1,0,0,0,0,0,2,1,0,KRBKRNvK,DRAW,8/1r6/2n4R/8/7k/8/8/2B3K1 b - - 0 1
1,1,0,0,0,0,0,1,-1,1,0,1,1,1,0,0,0,0,0,16,0,0,5,2,5,7,5,2,4,26,20,0,0,0,0,0,0,0,0,7,1,1,0,0,0,0,3,2,0,2,KRBKRNvK,DRAW,4r3/8/2K4k/1R6/n7/8/8/B7 w - - 0 1
1,1,0,0,0,0,0,1,-1,1,0,1,1,1,0,0,0,0,0,16,0,0,3,0,1,3,0,5,3,25,21,0,0,0,0,0,0,0,0,7,1,1,0,0,0,0,3,2,1,1,KRBKRNvK,DRAW,B7/8/8/7r/n7/4R3/K7/3k4 w - - 0 1
0,1,0,0,0,0,0,1,-1,1,0,1,1,1,0,0,0,0,0,16,0,0,3,0,0,3,0,6,3,20,23,0,0,0,0,0,0,0,0,7,1,1,0,0,0,0,3,2,0,0,KRBKRNvK,DRAW,6n1/1B6/8/2R5/4r3/8/8/K2k4 b - - 0 1
0,1,0,0,0,0,0,1,-1,1,0,1,1,1,0,0,0,0,0,16,0,0,5,6,3,1,2,2,3,6,0,1,0,0,0,0,0,0,0,7,1,1,0,0,0,0,0,3,0,1,KRBKRNvK,DRAW,8/8/1R6/2r5/6K1/1k6/4n3/4B3 b - - 0 1
0,1,0,0,0,0,0,1,-1,1,0,1,1,1,0,0,0,0,0,16,0,0,3,6,6,4,3,4,0,26,27,0,0,0,0,0,0,0,0,7,1,1,0,1,0,0,2,3,1,0,KRBKRNvK,DRAW,R7/6K1/8/8/1n2k3/2B5/7r/8 b - - 0 1
1,1,0,0,0,0,0,1,-1,1,0,1,1,1,0,0,0,0,0,16,0,0,5,7,1,2,3,5,1,27,17,0,0,0,0,0,0,0,0,7,1,1,0,0,0,0,0,2,1,0,KRBKRNvK,DRAW,n7/3rB3/8/8/2k5/8/1R5K/8 w - - 0 1
0,1,0,0,0,0,0,1,-1,1,0,1,1,1,0,0,0,0,0,16,0,0,2,5,3,7,2,1,4,3,0,1,0,0,0,0,0,0,0,7,1,1,0,0,0,0,2,2,0,1,KRBKRNvK,DRAW,8/n7/8/3r4/1B3K2/4R2k/8/8 b - - 0 1
1,1,0,0,0,0,0,1,-1,1,0,1,1,1,0,0,0,0,0,16,0,0,2,1,4,3,6,2,2,25,21,0,0,0,0,0,0,0,0,7,1,1,0,0,0,0,3,0,0,0,KRBKRNvK,DRAW,8/3k1r2/8/1K5n/1R6/8/6B1/8 w - - 0 1
0,1,0,0,0,0,0,1,-1,1,0,1,1,1,0,0,0,0,0,16,0,0,2,0,3,2,3,3,1,13,25,0,0,0,0,0,0,0,0,7,1,1,0,0,0,0,2,2,2,0,KRBKRNvK,DRAW,8/2r4n/8/8/K1k5/4B3/3R4/8 b - - 0 1
0,1,0,0,0,0,0,1,-1,1,0,1,1,1,0,0,0,0,0,16,0,0,2,5,3,7,4,1,3,20,26,0,0,0,0,0,0,0,0,7,1,1,0,0,0,0,3,2,1,1,KRBKRNvK,DRAW,8/6B1/n7/7k/5K2/3r4/8/2R5 b - - 0 1
1,1,0,0,0,0,0,1,-1,1,0,1,1,1,0,0,0,0,0,16,0,0,5,2,5,7,1,2,5,7,0,1,0,0,0,0,0,0,0,7,1,1,0,0,0,0,2,0,1,1,KRBKRNvK,DRAW,1n5r/8/2K5/8/8/3B1R2/7k/8 w - - 0 1
1,1,0,0,0,0,0,1,-1,1,0,1,1,1,0,0,0,0,0,16,0,0,4,1,0,2,4,5,1,19,25,0,0,0,0,0,0,0,0,7,1,1,0,0,0,0,0,3,0,0,KRBKRNvK,DRAW,5n2/8/8/2k5/4r3/8/3B4/1K1R4 w - - 0 1
0,1,0,0,0,0,0,1,-1,1,0,1,1,1,0,0,0,0,0,16,0,0,2,6,2,5,0,3,4,2,0,1,0,0,0,0,0,0,0,7,1,1,0,0,0,0,2,0,0,0,KRBKRNvK,DRAW,8/1r6/8/n4R2/3B4/6K1/8/5k2 b - - 0 1
1,1,0,0,0,0,0,1,-1,1,0,1,1,1,0,0,0,0,0,16,0,0,3,4,6,7,5,2,4,6,0,1,0,0,0,0,0,0,0,7,1,1,0,0,0,0,2,1,0,0,KRBKRNvK,DRAW,B3R3/r3K3/7k/8/8/8/4n3/8 w - - 0 1
1,1,0,0,0,0,0,1,-1,1,0,1,1,1,0,0,0,0,0,16,0,0,4,1,2,5,4,3,1,5,0,1,0,0,0,0,0,0,0,7,1,1,0,0,0,0,1,4,0,1,KRBKRNvK,DRAW,8/8/8/5k2/4n3/1K1r4/1R5B/8 w - - 0 1
1,1,0,0,0,0,0,1,-1,1,0,1,1,1,0,0,0,0,0,16,0,0,3,3,2,5,5,1,2,30,23,0,0,0,0,0,0,0,0,7,1,1,0,0,0,0,3,1,2,1,KRBKRNvK,DRAW,8/r7/3B1k2/8/4R3/3K4/8/3n4 w - - 0 1
0,1,0,0,0,0,0,1,-1,1,0,1,1,1,0,0,0,0,0,16,0,0,5,3,6,2,1,2,3,6,0,1,0,0,0,0,0,0,0,7,1,1,0,0,0,0,2,0,1,0,KRBKRNvK,DRAW,6r1/3K4/1B6/8/2R5/8/2k5/1n6 b - - 0 1
1,1,0,0,0,0,0,1,-1,1,0,1,1,1,0,0,0,0,0,16,0,0,5,3,6,0,1,2,5,24,24,0,0,0,0,0,0,0,0,7,1,1,0,0,0,0,2,1,0,0,KRBKRNvK,DRAW,6R1/3K2B1/8/8/8/4n3/k7/5r2 w - - 0 1
0,1,0,0,0,0,0,1,-1,1,0,1,1,1,0,0,0,0,0,16,0,0,2,1,0,3,1,5,2,17,24,0,0,0,0,0,0,0,0,7,1,1,0,1,0,0,1,2,2,0,KRBKRNvK,DRAW,8/5n2/8/8/8/5R2/2Bkr3/1K6 b - - 0 1
1,1,0,0,0,0,0,1,-1,1,0,1,1,1,0,0,0,0,0,16,0,0,3,4,7,3,4,3,0,23,21,0,0,0,0,0,0,0,0,7,1,1,0,0,0,0,0,3,0,0,KRBKRNvK,DRAW,4K3/8/R7/3k4/5r2/8/8/5Bn1 w - - 0 1
0,1,0,0,0,0,0,1,-1,1,0,1,1,1,0,0,0,0,0,16,0,0,3,6,3,4,0,2,3,19,24,0,0,0,0,0,0,0,0,7,1,1,0,1,0,0,2,0,1,1,KRBKRNvK,DRAW,3B4/8/8/8/6K1/3R4/5r2/4k1n1 b - - 0 1
0,1,0,0,0,0,0,1,-1,1,0,1,1,1,0,0,0,0,0,16,0,0,6,5,6,5,0,3,4,21,25,0,0,0,0,0,0,0,0,7,1,1,0,0,0,0,3,0,1,0,KRBKRNvK,DRAW,1r6/5K2/8/5R2/8/n4B2/8/5k2 b - - 0 1
1,1,0,0,0,0,0,1,-1,1,0,1,1,1,0,0,0,0,0,16,0,0,5,2,2,7,6,2,5,26,17,0,0,0,0,0,0,0,0,7,1,1,0,0,0,0,1,2,0,0,KRBKRNvK,DRAW,8/7k/8/7r/8/1RK1B3/7n/8 w - - 0 1
1,1,0,0,0,0,0,1,-1,1,0,1,1,1,0,0,0,0,0,16,0,0,4,7,7,3,7,6,3,30,21,0,0,0,0,0,0,0,0,7,1,1,0,0,0,0,1,0,0,0,KRBKRNvK,DRAW,3k3K/8/8/8/4B3/1r6/1n6/6R1 w - - 0 1
0,1,0,0,0,0,0,1,-1,1,0,1,1,1,0,0,0,0,0,16,0,0,7,3,7,5,0,3,4,22,25,0,0,0,0,0,0,0,0,7,1,1,0,1,0,0,2,0,1,0,KRBKRNvK,DRAW,3K4/8/8/7n/1B6/3R4/2r5/5k2 b - - 0 1
0,1,0,0,0,0,0,1,-1,1,0,1,1,1,0,0,0,0,0,16,0,0,4,5,4,1,6,1,4,27,23,0,0,0,0,0,0,0,0,7,1,1,0,0,0,0,4,1,0,0,KRBKRNvK,DRAW,8/1k6/2r5/5K2/8/1n1R4/4B3/8 b - - 0 1
1,1,0,0,0,0,0,1,-1,1,0,1,1,1,0,0,0,0,0,16,0,0,7,0,3,7,4,3,3,28,15,0,0,0,0,0,0,0,0,7,1,1,0,0,0,0,1,0,0,1,KRBKRNvK,DRAW,1n6/8/8/7k/K7/2rB4/6R1/8 w - - 0 1
0,1,0,0,0,0,0,1,-1,1,0,1,1,1,0,0,0,0,0,16,0,0,2,1,7,1,5,5,3,20,20,0,0,0,0,0,0,0,0,7,1,1,0,0,0,0,2,0,0,1,KRBKRNvK,DRAW,nK6/6r1/1k6/8/8/4R3/5B2/8 b - - 0 1
0,1,0,0,0,0,0,1,-1,1,0,1,1,1,0,0,0,0,0,16,0,0,3,2,0,5,3,4,1,4,0,1,0,0,0,0,0,0,0,7,1,1,0,0,0,0,2,2,1,0,KRBKRNvK,DRAW,4R3/3n4/r7/8/5k2/8/3B4/2K5 b - - 0 1
1,1,0,0,0,0,0,1,-1,1,0,1,1,1,0,0,0,0,0,16,0,0,3,7,6,7,3,5,3,29,17,0,0,0,0,0,0,0,0,7,1,1,0,1,0,0,2,0,0,0,KRBKRNvK,DRAW,4R3/7K/8/8/7k/3B3n/3r4/8 w - - 0 1
1,1,0,0,0,0,0,1,-1,1,0,1,1,1,0,0,0,0,0,16,0,0,6,7,4,1,6,3,4,26,26,0,0,0,0,0,0,0,0,7,1,1,0,0,0,0,0,3,0,0,KRBKRNvK,DRAW,3r4/1k6/5R2/2n4K/8/8/8/2B5 w - - 0 1
1,1,0,0,0,0,0,1,-1,1,0,1,1,1,0,0,0,0,0,16,0,0,6,7,1,1,2,5,3,26,28,0,0,0,0,0,0,0,0,7,1,1,1,0,0,0,3,1,0,0,KRBKRNvK,DRAW,8/4R3/5r2/6n1/8/1k6/6BK/8 w - - 0 1
0,1,0,0,0,0,0,1,-1,1,0,1,1,1,0,0,0,0,0,16,0,0,6,6,5,0,4,3,3,4,0,1,0,0,0,0,0,0,0,7,1,1,0,1,0,0,2,3,0,1,KRBKRNvK,DRAW,8/8/4n1K1/k2R4/8/8/4r3/6B1 b - - 0 1
0,1,0,0,0,0,0,1,-1,1,0,1,1,1,0,0,0,0,0,16,0,0,4,7,6,3,3,5,0,7,0,1,0,0,0,0,0,0,0,7,1,1,0,0,0,0,2,3,0,0,KRBKRNvK,DRAW,8/7K/8/8/3k4/1r6/7B/3R1n2 b - - 0 1
0,1,0,0,0,0,0,1,-1,1,0,1,1,1,0,0,0,0,0,16,0,0,3,6,6,7,3,4,3,23,30,0,0,0,0,0,0,0,0,7,1,1,0,0,0,0,1,1,1,0,KRBKRNvK,DRAW,8/6K1/8/4B3/7k/8/3n1R2/1r6 b - - 0 1
1,1,0,0,0,0,0,1,-1,1,0,1,1,1,0,0,0,0,0,16,0,0,7,4,0,2,7,3,4,22,18,0,0,0,0,0,0,0,0,7,1,1,1,0,0,0,0,2,2,0,KRBKRNvK,DRAW,2k5/R3B3/8/8/2r1n3/8/8/4K3 w - - 0 1
1,1,0,0,0,0,0,1,-1,1,0,1,1,1,0,0,0,0,0,16,0,0,3,3,7,4,4,3,0,24,22,0,0,0,0,0,0,0,0,7,1,1,0,0,0,0,3,3,2,0,KRBKRNvK,DRAW,3K4/8/6B1/4k3/5n2/3R4/8/6r1 w - - 0 1
0,1,0,0,0,0,0,1,-1,1,0,1,1,1,0,0,0,0,0,16,0,0,6,1,2,7,2,3,4,19,27,0,0,0,0,0,0,0,0,7,1,1,0,1,0,0,2,0,0,1,KRBKRNvK,DRAW,7n/8/8/1B6/3R4/1K5k/r7/8 b - - 0 1
1,1,0,0,0,0,0,1,-1,1,0,1,1,1,0,0,0,0,0,16,0,0,4,7,1,5,5,5,2,24,27,0,0,0,0,0,0,0,0,7,1,1,0,0,0,0,1,2,0,0,KRBKRNvK,DRAW,R7/8/3n1k2/8/8/8/7K/1B2r3 w - - 0 1
1,1,0,0,0,0,0,1,-1,1,0,1,1,1,0,0,0,0,0,16,0,0,5,5,7,3,2,4,1,26,19,0,0,0,0,0,0,0,0,7,1,1,1,0,0,0,0,3,0,0,KRBKRNvK,WIN,3B1K2/1R6/8/8/6n1/3k2r1/8/8 w - - 0 1
0,1,0,0,0,0,0,1,-1,1,0,1,1,1,0,0,0,0,0,16,0,0,3,5,4,2,7,1,4,25,28,0,0,0,0,0,0,0,0,7,1,1,0,0,0,0,3,2,0,0,KRBKRNvK,DRAW,2k5/8/2n5/5K2/8/r7/6B1/1R6 b - - 0 1
1,1,0,0,0,0,0,1,-1,1,0,1,1,1,0,0,0,0,0,16,0,0,5,7,6,2,1,5,3,4,0,1,0,0,0,0,0,0,0,7,1,1,0,0,0,0,0,2,0,0,KRBKRNvK,DRAW,8/4r2K/R7/1B6/8/6n1/2k5/8 w - - 0 1
0,1,0,0,0,0,0,1,-1,1,0,1,1,1,0,0,0,0,0,16,0,0,2,5,1,7,3,3,3,14,25,0,0,0,0,0,0,0,0,7,1,1,0,0,0,0,2,2,0,0,KRBKRNvK,DRAW,8/7n/8/7r/7k/B7/3R1K2/8 b - - 0 1
1,1,0,0,0,0,0,1,-1,1,0,1,1,1,0,0,0,0,0,16,0,0,3,4,0,1,2,3,3,3,0,1,0,0,0,0,0,0,0,7,1,1,0,0,0,0,2,0,0,1,KRBKRNvK,DRAW,5n2/5B2/4R3/8/8/1k6/8/4K1r1 w - - 0 1
1,1,0,0,0,0,0,1,-1,1,0,1,1,1,0,0,0,0,0,16,0,0,4,2,5,2,1,2,3,4,0,1,0,0,0,0,0,0,0,7,1,1,0,0,0,0,3,2,1,2,KRBKRNvK,DRAW,1n6/4B3/2K5/r7/4R3/8/2k5/8 w - - 0 1
0,1,0,0,0,0,0,1,-1,1,0,1,1,1,0,0,0,0,0,16,0,0,3,6,5,4,2,3,1,5,0,1,0,0,0,0,0,0,0,7,1,1,0,0,0,0,0,2,1,0,KRBKRNvK,LOSS,8/8/6K1/3n3B/8/r3k1R1/8/8 b - - 0 1
0,1,0,0,0,0,0,1,-1,1,0,1,1,1,0,0,0,0,0,16,0,0,6,3,7,3,1,3,2,23,25,0,0,0,0,0,0,0,0,7,1,1,0,0,0,0,0,0,0,0,KRBKRNvK,DRAW,3K4/8/n1R5/8/8/B7/3k4/7r b - - 0 1
0,1,0,0,0,0,0,1,-1,1,0,1,1,1,0,0,0,0,0,16,0,0,6,2,7,6,1,4,4,26,17,0,0,0,0,0,0,0,0,7,1,1,0,0,0,0,1,0,0,1,KRBKRNvK,DRAW,R1K1n1B1/8/8/8/8/8/6k1/1r6 b - - 0 1
1,1,0,0,0,0,0,1,-1,1,0,1,1,1,0,0,0,0,0,16,0,0,4,3,2,1,6,1,4,5,0,1,0,0,0,0,0,0,0,7,1,1,0,0,0,0,3,1,1,1,KRBKRNvK,DRAW,8/1k6/3R4/8/5n1B/3K2r1/8/8 w - - 0 1
0,1,0,0,0,0,0,1,-1,1,0,1,1,1,0,0,0,0,0,16,0,0,5,2,0,6,5,4,3,23,24,0,0,0,0,0,0,0,0,7,1,1,0,0,0,0,1,2,1,1,KRBKRNvK,DRAW,6B1/8/6k1/8/1r6/5R2/2n5/2K5 b - - 0 1
0,1,0,0,0,0,0,1,-1,1,0,1,1,1,0,0,0,0,0,16,0,0,6,7,2,1,7,4,5,17,30,0,0,0,0,0,0,0,0,7,1,1,0,0,0,0,2,2,0,0,KRBKRNvK,DRAW,1k6/3rn3/8/8/8/5B1K/2R5/8 b - - 0 1
0,1,0,0,0,0,0,1,-1,1,0,1,1,1,0,0,0,0,0,16,0,0,6,7,0,1,3,6,2,26,24,0,0,0,0,0,0,0,0,7,1,1,1,0,0,0,1,0,0,0,KRBKRNvK,DRAW,1B3n2/6R1/2r5/8/1k6/8/8/7K b - - 0 1
0,1,0,0,0,0,0,1,-1,1,0,1,1,1,0,0,0,0,0,16,0,0,3,3,6,1,3,2,2,22,25,0,0,0,0,0,0,0,0,7,1,1,0,0,0,0,1,1,0,0,KRBKRNvK,DRAW,8/3K4/6R1/5B2/1k4n1/1r6/8/8 b - - 0 1
0,1,0,0,0,0,0,1,-1,1,0,1,1,1,0,0,0,0,0,16,0,0,5,2,3,7,0,1,6,2,0,1,0,0,0,0,0,0,0,7,1,1,0,1,0,0,3,2,1,2,KRBKRNvK,DRAW,8/8/8/8/n1K5/8/4r3/1B3R1k b - - 0 1
1,1,0,0,0,0,0,1,-1,1,0,1,1,1,0,0,0,0,0,16,0,0,2,4,0,2,0,3,4,19,25,0,0,0,0,0,0,0,0,7,1,1,1,0,0,0,2,2,0,0,KRBKRNvK,DRAW,8/RB6/4n3/8/6r1/8/8/2k1K3 w - - 0 1
0,1,0,0,0,0,0,1,-1,1,0,1,1,1,0,0,0,0,0,16,0,0,5,6,1,1,4,4,2,21,27,0,0,0,0,0,0,0,0,7,1,1,0,0,0,0,2,0,0,0,KRBKRNvK,DRAW,4R3/8/8/1k6/8/8/6KB/r2n4 b - - 0 1
0,1,0,0,0,0,0,1,-1,1,0,1,1,1,0,0,0,0,0,16,0,0,2,3,5,1,3,1,2,26,29,0,0,0,0,0,0,0,0,7,1,1,0,1,0,0,3,1,1,1,KRBKRNvK,DRAW,8/3n4/3K4/8/1k1BR3/8/6r1/8 b - - 0 1
1,1,0,0,0,0,0,1,-1,1,0,1,1,1,0,0,0,0,0,16,0,0,6,0,7,3,1,6,2,26,27,0,0,0,0,0,0,0,0,7,1,1,1,0,0,0,1,1,0,0,KRBKRNvK,DRAW,K7/5R2/6n1/2B5/8/1r6/3k4/8 w - - 0 1
1,1,0,0,0,0,0,1,-1,1,0,1,1,1,0,0,0,0,0,16,0,0,3,1,0,4,3,5,0,26,23,0,0,0,0,0,0,0,0,7,1,1,1,0,0,0,0,3,0,0,KRBKRNvK,DRAW,8/5R2/7n/6r1/4k3/B7/8/1K6 w - - 0 1
1,1,0,0,0,0,0,1,-1,1,0,1,1,1,0,0,0,0,0,16,0,0,6,1,0,7,6,5,5,28,16,0,0,0,0,0,0,0,0,7,1,1,0,0,0,0,1,2,0,0,KRBKRNvK,DRAW,8/7k/n7/4B3/r7/8/8/1K4R1 w - - 0 1
1,1,0,0,0,0,0,1,-1,1,0,1,1,1,0,0,0,0,0,16,0,0,6,7,0,4,6,6,2,24,22,0,0,0,0,0,0,0,0,7,1,1,0,0,0,0,2,0,1,0,KRBKRNvK,DRAW,4n2B/4k3/2R5/8/8/1r6/8/7K w - - 0 1
1,1,0,0,0,0,0,1,-1,1,0,1,1,1,0,0,0,0,0,16,0,0,4,6,1,2,5,4,2,5,0,1,0,0,0,0,0,0,0,7,1,1,1,0,0,0,2,1,1,0,KRBKRNvK,DRAW,8/4R3/2k3r1/8/8/8/6K1/2n4B w - - 0 1
0,1,0,0,0,0,0,1,-1,1,0,1,1,1,0,0,0,0,0,16,0,0,3,5,5,5,2,2,2,21,26,0,0,0,0,0,0,0,0,7,1,1,0,0,0,0,1,3,1,1,KRBKRNvK,DRAW,8/8/5K2/3r4/8/B4k2/7n/6R1 b - - 0 1
1,1,0,0,0,0,0,1,-1,1,0,1,1,1,0,0,0,0,0,16,0,0,3,2,3,5,4,1,1,6,0,1,0,0,0,0,0,0,0,7,1,1,0,0,0,0,4,3,0,0,KRBKRNvK,DRAW,2r5/B7/8/5k2/2K5/5n2/4R3/8 w - - 0 1
1,1,0,0,0,0,0,1,-1,1,0,1,1,1,0,0,0,0,0,16,0,0,7,0,4,7,7,3,6,2,0,1,0,0,0,0,0,0,0,7,1,1,0,0,0,0,0,3,2,1,KRBKRNvK,DRAW,5B1k/8/3n2R1/Kr6/8/8/8/8 w - - 0 1
0,1,0,0,0,0,0,1,-1,1,0,1,1,1,0,0,0,0,0,16,0,0,6,4,6,5,0,2,4,20,22,0,0,0,0,0,0,0,0,7,1,1,0,0,0,0,1,2,0,1,KRBKRNvK,DRAW,2R3B1/4K1n1/8/8/8/8/8/3r1k2 b - - 0 1
0,1,0,0,0,0,0,1,-1,1,0,1,1,1,0,0,0,0,0,16,0,0,3,2,1,5,3,3,1,18,25,0,0,0,0,0,0,0,0,7,1,1,0,0,0,0,2,3,1,1,KRBKRNvK,DRAW,8/8/4R3/7n/3r1k2/8/2K5/4B3 b - - 0 1
0,1,0,0,0,0,0,1,-1,1,0,1,1,1,0,0,0,0,0,16,0,0,3,7,3,4,6,3,2,3,0,1,0,0,0,0,0,0,0,7,1,1,1,0,0,0,1,0,1,0,KRBKRNvK,DRAW,8/1r2kR2/8/n7/7K/8/B7/8 b - - 0 1
0,1,0,0,0,0,0,1,-1,1,0,1,1,1,0,0,0,0,0,16,0,0,3,7,4,5,1,3,3,6,0,1,0,0,0,0,0,0,0,7,1,1,0,0,0,0,2,3,1,0,KRBKRNvK,DRAW,8/4r3/7B/1n5K/8/8/3R1k2/8 b - - 0 1
0,1,0,0,0,0,0,1,-1,1,0,1,1,1,0,0,0,0,0,16,0,0,4,3,2,0,6,1,5,23,22,0,0,0,0,0,0,0,0,7,1,1,0,0,0,0,2,3,0,1,KRBKRNvK,DRAW,7R/k2n4/8/8/1r6/3K3B/8/8 b - - 0 1
0,1,0,0,0,0,0,1,-1,1,0,1,1,1,0,0,0,0,0,16,0,0,5,6,3,1,2,2,3,28,24,0,0,0,0,0,0,0,0,7,1,1,0,1,0,0,2,2,0,1,KRBKRNvK,DRAW,8/8/B7/5R2/6K1/1k3n2/2r5/8 b - - 0 1
0,1,0,0,0,0,0,1,-1,1,0,1,1,1,0,0,0,0,0,16,0,0,7,7,7,0,5,6,4,20,26,0,0,0,0,0,0,0,0,7,1,1,0,0,0,0,2,0,1,0,KRBKRNvK,DRAW,7K/8/k7/4B3/1R6/6r1/8/3n4 b - - 0 1
1,1,0,0,0,0,0,1,-1,1,0,1,1,1,0,0,0,0,0,16,0,0,5,6,4,1,2,2,3,7,0,1,0,0,0,0,0,0,0,7,1,1,0,0,0,0,2,1,0,1,KRBKRNvK,DRAW,4r3/6B1/4n3/6K1/8/1k6/5R2/8 w - - 0 1
0,1,0,0,0,0,0,1,-1,1,0,1,1,1,0,0,0,0,0,16,0,0,3,6,6,3,5,4,1,6,0,1,0,0,0,0,0,0,0,7,1,1,0,0,0,0,2,2,2,0,KRBKRNvK,DRAW,1B6/1n4K1/3k4/2r5/5R2/8/8/8 b - - 0 1
0,1,0,0,0,0,0,1,-1,1,0,1,1,1,0,0,0,0,0,16,0,0,5,2,6,2,1,3,3,22,11,0,0,0,0,0,0,0,0,7,1,1,1,0,0,0,0,0,0,0,KRBKRNvK,DRAW,1B6/1RK5/6r1/8/8/8/2k4n/8 b - - 0 1
1,1,0,0,0,0,0,1,-1,1,0,1,1,1,0,0,0,0,0,16,0,0,7,5,0,4,7,4,3,23,27,0,0,0,0,0,0,0,0,7,1,1,0,0,0,0,1,3,0,1,KRBKRNvK,DRAW,4k3/8/8/2r5/8/5nB1/8/R4K2 w - - 0 1
0,1,0,0,0,0,0,1,-1,1,0,1,1,1,0,0,0,0,0,16,0,0,5,0,7,0,2,6,4,19,24,0,0,0,0,0,0,0,0,7,1,1,0,1,0,0,3,2,1,0,KRBKRNvK,DRAW,K6B/7n/8/8/2R5/k7/4r3/8 b - - 0 1
0,1,0,0,0,0,0,1,-1,1,0,1,1,1,0,0,0,0,0,16,0,0,2,3,5,1,3,1,2,26,27,0,0,0,0,0,0,0,0,7,1,1,0,1,0,0,2,1,0,0,KRBKRNvK,DRAW,5R2/8/3K4/8/1k6/3n4/6r1/3B4 b - - 0 1
1,1,0,0,0,0,0,1,-1,1,0,1,1,1,0,0,0,0,0,16,0,0,4,4,1,3,5,2,1,22,22,0,0,0,0,0,0,0,0,7,1,1,0,0,0,0,0,2,1,1,KRBKRNvK,DRAW,7n/3B4/3k4/8/8/2r5/4KR2/8 w - - 0 1
1,1,0,0,0,0,0,1,-1,1,0,1,1,1,0,0,0,0,0,16,0,0,3,0,7,3,4,6,0,26,18,0,0,0,0,0,0,0,0,7,1,1,0,0,0,0,2,4,1,0,KRBKRNvK,DRAW,K7/8/8/2rk4/8/5R2/1B4n1/8 w - - 0 1
1,1,0,0,0,0,0,1,-1,1,0,1,1,1,0,0,0,0,0,16,0,0,4,6,7,2,7,5,4,28,18,0,0,0,0,0,0,0,0,7,1,1,0,1,0,0,2,1,0,0,KRBKRNvK,DRAW,2k3K1/8/5R2/8/8/8/2rn2B1/8 w - - 0 1
0,1,0,0,0,0,0,1,-1,1,0,1,1,1,0,0,0,0,0,16,0,0,4,0,0,4,1,6,2,30,25,0,0,0,0,0,0,0,0,7,1,1,0,0,0,0,0,1,0,0,KRBKRNvK,DRAW,7R/4B3/6r1/8/2n5/8/4k3/K7 b - - 0 1
1,1,0,0,0,0,0,1,-1,1,0,1,1,1,0,0,0,0,0,16,0,0,2,7,5,5,5,4,2,23,13,0,0,0,0,0,0,0,0,7,1,1,0,0,0,0,2,1,1,1,KRBKRNvK,DRAW,8/8/5k1K/8/5Br1/4R3/8/n7 w - - 0 1
0,1,0,0,0,0,0,1,-1,1,0,1,1,1,0,0,0,0,0,16,0,0,2,7,4,7,2,3,4,4,0,1,0,0,0,0,0,0,0,7,1,1,0,0,0,0,2,1,0,0,KRBKRNvK,DRAW,7B/8/8/7K/8/1R5k/4n3/4r3 b - - 0 1
1,1,0,0,0,0,0,1,-1,1,0,1,1,1,0,0,0,0,0,16,0,0,3,1,2,4,3,3,0,24,20,0,0,0,0,0,0,0,0,7,1,1,0,0,0,0,2,3,1,0,KRBKRNvK,DRAW,8/2r5/8/8/4k3/1K3R2/6n1/B7 w - - 0 1
1,1,0,0,0,0,0,1,-1,1,0,1,1,1,0,0,0,0,0,16,0,0,2,5,4,3,2,1,1,19,25,0,0,0,0,0,0,0,0,7,1,1,0,0,0,0,2,3,0,0,KRBKRNvK,DRAW,2n5/8/8/5KR1/8/B2k4/8/4r3 w - - 0 1
1,1,0,0,0,0,0,1,-1,1,0,1,1,1,0,0,0,0,0,16,0,0,5,7,2,2,4,4,1,27,19,0,0,0,0,0,0,0,0,7,1,1,0,0,0,0,1,2,1,0,KRBKRNvK,DRAW,7R/1r6/1n6/2k5/2B5/7K/8/8 w - - 0 1
0,1,0,0,0,0,0,1,-1,1,0,1,1,1,0,0,0,0,0,16,0,0,3,5,7,2,6,4,3,4,0,1,0,0,0,0,0,0,0,7,1,1,0,0,0,0,3,0,2,0,KRBKRNvK,DRAW,5K2/n1k5/1B2R3/8/8/2r5/8/8 b - - 0 1
1,1,0,0,0,0,0,1,-1,1,0,1,1,1,0,0,0,0,0,16,0,0,5,6,2,1,0,3,5,28,21,0,0,0,0,0,0,0,0,7,1,1,0,0,0,0,2,3,0,0,KRBKRNvK,DRAW,7B/8/7R/1nr5/8/6K1/8/1k6 w - - 0 1
1,1,0,0,0,0,0,1,-1,1,0,1,1,1,0,0,0,0,0,16,0,0,5,3,0,2,5,3,2,28,16,0,0,0,0,0,0,0,0,7,1,1,0,0,0,0,3,1,0,0,KRBKRNvK,DRAW,1nr5/8/2k5/8/5R2/8/1B6/3K4 w - - 0 1
0,1,0,0,0,0,0,1,-1,1,0,1,1,1,0,0,0,0,0,16,0,0,4,4,3,0,2,0,4,5,0,1,0,0,0,0,0,0,0,7,1,1,0,0,0,0,4,0,0,0,KRBKRNvK,DRAW,7n/8/8/8/4K3/k3R2B/8/1r6 b - - 0 1
1,1,0,0,0,0,0,1,-1,1,0,1,1,1,0,0,0,0,0,16,0,0,3,1,4,2,7,2,4,6,0,1,0,0,0,0,0,0,0,7,1,1,0,0,0,0,1,0,0,0,KRBKRNvK,DRAW,1rk5/5B2/8/1K6/8/8/R6n/8 w - - 0 1
1,1,0,0,0,0,0,1,-1,1,0,1,1,1,0,0,0,0,0,16,0,0,3,1,3,2,0,2,4,22,15,0,0,0,0,0,0,0,0,7,1,1,0,0,0,0,1,2,0,0,KRBKRNvK,DRAW,8/8/8/8/1K1B1r2/8/6R1/2k4n w - - 0 1
0,1,0,0,0,0,0,1,-1,1,0,1,1,1,0,0,0,0,0,16,0,0,2,3,2,2,0,1,4,4,0,1,0,0,0,0,0,0,0,7,1,1,0,1,0,0,2,0,0,1,KRBKRNvK,DRAW,6R1/1n6/8/6B1/8/3K4/2r5/2k5 b - - 0 1
1,1,0,0,0,0,0,1,-1,1,0,1,1,1,0,0,0,0,0,16,0,0,2,5,2,3,0,2,3,4,0,1,0,0,0,0,0,0,0,7,1,1,0,0,0,0,1,2,1,1,KRBKRNvK,DRAW,8/8/8/4n3/r5B1/5K2/1R6/3k4 w - - 0 1
1,1,0,0,0,0,0,1,-1,1,0,1,1,1,0,0,0,0,0,16,0,0,3,7,5,4,5,4,1,19,22,0,0,0,0,0,0,0,0,7,1,1,0,0,0,0,0,3,0,0,KRBKRNvK,DRAW,3n4/8/4k2K/8/8/4r3/6R1/7B w - - 0 1
1,1,0,0,0,0,0,1,-1,1,0,1,1,1,0,0,0,0,0,16,0,0,2,4,1,2,1,2,3,2,0,1,0,0,0,0,0,0,0,7,1,1,0,0,0,0,2,2,0,0,KRBKRNvK,DRAW,B7/8/8/4r3/8/7n/2k1K3/5R2 w - - 0 1
0,1,0,0,0,0,0,1,-1,1,0,1,1,1,0,0,0,0,0,16,0,0,7,0,5,7,7,4,6,20,19,0,0,0,0,0,0,0,0,7,1,1,0,0,0,0,0,2,0,1,KRBKRNvK,DRAW,7k/1n6/K7/8/7r/8/2R5/1B6 b - - 0 1
0,1,0,0,0,0,0,1,-1,1,0,1,1,1,0,0,0,0,0,16,0,0,2,4,4,6,5,0,3,17,31,0,0,0,0,0,0,0,0,7,1,1,0,0,0,0,3,0,0,1,KRBKRNvK,DRAW,8/6r1/6k1/2B1K3/8/1R6/8/5n2 b - - 0 1
1,1,0,0,0,0,0,1,-1,1,0,1,1,1,0,0,0,0,0,16,0,0,6,6,2,0,2,3,4,24,23,0,0,0,0,0,0,0,0,7,1,1,0,1,0,0,1,1,1,0,KRBKRNvK,DRAW,8/3n4/8/8/8/k5K1/1r6/1B3R2 w - - 0 1
1,1,0,0,0,0,0,1,-1,1,0,1,1,1,0,0,0,0,0,16,0,0,6,7,2,1,5,4,3,23,24,0,0,0,0,0,0,0,0,7,1,1,0,0,0,0,2,2,1,0,KRBKRNvK,DRAW,3R1B2/1n6/1k6/8/8/7K/8/4r3 w - - 0 1
0,1,0,0,0,0,0,1,-1,1,0,1,1,1,0,0,0,0,0,16,0,0,4,4,3,2,7,0,4,5,0,1,0,0,0,0,0,0,0,7,1,1,0,0,0,0,3,1,0,2,KRBKRNvK,LOSS,2k5/8/7B/8/2RnK3/3r4/8/8 b - - 0 1
0,1,0,0,0,0,0,1,-1,1,0,1,1,1,0,0,0,0,0,16,0,0,3,3,5,0,7,1,6,25,14,0,0,0,0,0,0,0,0,7,1,1,0,0,0,0,2,1,1,0,KRBKRNvK,DRAW,k4B2/6r1/2RK4/8/8/4n3/8/8 b - - 0 1
1,1,0,0,0,0,0,1,-1,1,0,1,1,1,0,0,0,0,0,16,0,0,2,4,5,6,3,1,2,4,0,1,0,0,0,0,0,0,0,7,1,1,0,0,0,0,3,1,0,2,KRBKRNvK,DRAW,5r2/2n5/4K3/8/B5k1/8/3R4/8 w - - 0 1
0,1,0,0,0,0,0,1,-1,1,0,1,1,1,0,0,0,0,0,16,0,0,3,6,7,3,7,5,3,2,0,1,0,0,0,0,0,0,0,7,1,1,0,0,0,0,2,3,0,1,KRBKRNvK,DRAW,3k2K1/3r4/6n1/B7/8/8/4R3/8 b - - 0 1
0,1,0,0,0,0,0,1,-1,1,0,1,1,1,0,0,0,0,0,16,0,0,3,4,2,5,5,1,2,23,24,0,0,0,0,0,0,0,0,7,1,1,0,0,0,0,2,2,0,1,KRBKRNvK,DRAW,8/8/r4k2/8/5n2/4K1R1/2B5/8 b - - 0 1
1,1,0,0,0,0,0,1,-1,1,0,1,1,1,0,0,0,0,0,16,0,0,5,5,0,0,5,4,4,23,22,0,0,0,0,0,0,0,0,7,1,1,0,0,0,0,1,2,0,0,KRBKRNvK,DRAW,8/8/k7/2r5/n7/8/B4R2/5K2 w - - 0 1
0,1,0,0,0,0,0,1,-1,1,0,1,1,1,0,0,0,0,0,16,0,0,6,7,0,2,6,6,3,26,21,0,0,0,0,0,0,0,0,7,1,1,0,0,0,0,2,3,0,0,KRBKRNvK,DRAW,8/2k5/8/1r6/8/7B/3nR3/7K b - - 0 1
0,1,0,0,0,0,0,1,-1,1,0,1,1,1,0,0,0,0,0,16,0,0,2,0,2,2,0,4,4,15,26,0,0,0,0,0,0,0,0,7,1,1,1,0,0,0,2,0,0,1,KRBKRNvK,DRAW,8/7R/2B5/8/8/K7/6n1/1rk5 b - - 0 1
0,1,0,0,0,0,0,1,-1,1,0,1,1,1,0,0,0,0,0,16,0,0,3,5,3,2,0,1,4,5,0,1,0,0,0,0,0,0,0,7,1,1,0,1,0,0,2,0,0,1,KRBKRNvK,DRAW,2R2B1n/8/8/8/5K2/8/6r1/2k5 b - - 0 1
1,1,0,0,0,0,0,1,-1,1,0,1,1,1,0,0,0,0,0,16,0,0,7,1,0,5,7,5,4,26,25,0,0,0,0,0,0,0,0,7,1,1,0,0,0,0,2,2,0,0,KRBKRNvK,DRAW,5k2/8/3r4/5n2/8/R7/1B6/1K6 w - - 0 1
0,1,0,0,0,0,0,1,-1,1,0,1,1,1,0,0,0,0,0,16,0,0,3,5,6,2,7,3,4,20,21,0,0,0,0,0,0,0,0,7,1,1,0,0,0,0,2,1,0,2,KRBKRNvK,DRAW,2k5/5K2/4n2r/8/8/3R4/2B5/8 b - - 0 1
0,1,0,0,0,0,0,1,-1,1,0,1,1,1,0,0,0,0,0,16,0,0,6,7,5,1,1,4,4,21,24,0,0,0,0,0,0,0,0,7,1,1,0,0,0,0,0,0,0,0,KRBKRNvK,DRAW,n1R5/3B4/7K/8/8/8/1k6/6r1 b - - 0 1
1,1,0,0,0,0,0,1,-1,1,0,1,1,1,0,0,0,0,0,16,0,0,7,7,2,0,2,4,4,30,18,0,0,0,0,0,0,0,0,7,1,1,0,0,0,0,1,3,0,0,KRBKRNvK,DRAW,8/8/8/r7/3B4/kn5K/5R2/8 w - - 0 1
1,1,0,0,0,0,0,1,-1,1,0,1,1,1,0,0,0,0,0,16,0,0,5,2,1,7,6,3,5,26,22,0,0,0,0,0,0,0,0,7,1,1,0,0,0,0,2,1,1,0,KRBKRNvK,DRAW,1B6/7k/6n1/5R2/8/7r/2K5/8 w - - 0 1
1,1,0,0,0,0,0,1,-1,1,0,1,1,1,0,0,0,0,0,16,0,0,3,1,1,4,4,4,0,26,20,0,0,0,0,0,0,0,0,7,1,1,0,0,0,0,2,3,1,0,KRBKRNvK,DRAW,8/8/7r/1n2k3/3R3B/8/1K6/8 w - - 0 1
0,1,0,0,0,0,0,1,-1,1,0,1,1,1,0,0,0,0,0,16,0,0,4,0,7,3,3,6,0,21,24,0,0,0,0,0,0,0,0,7,1,1,0,0,0,0,3,3,1,0,KRBKRNvK,DRAW,K7/4r3/2B5/R7/3k4/8/8/6n1 b - - 0 1
0,1,0,0,0,0,0,1,-1,1,0,1,1,1,0,0,0,0,0,16,0,0,2,3,5,1,7,1,5,19,29,0,0,0,0,0,0,0,0,7,1,1,0,1,0,0,4,0,0,0,KRBKRNvK,DRAW,1k6/8/3K4/8/2R5/2B5/6r1/6n1 b - - 0 1
0,1,0,0,0,0,0,1,-1,1,0,1,1,1,0,0,0,0,0,16,0,0,4,3,5,7,4,1,3,21,25,0,0,0,0,0,0,0,0,7,1,1,0,0,0,0,3,2,0,0,KRBKRNvK,DRAW,8/8/3K3n/r6k/1B6/8/4R3/8 b - - 0 1
0,1,0,0,0,0,0,1,-1,1,0,1,1,1,0,0,0,0,0,16,0,0,3,5,7,6,4,4,2,26,26,0,0,0,0,0,0,0,0,7,1,1,0,0,0,0,1,3,0,1,KRBKRNvK,DRAW,1B3K2/5n2/8/6k1/8/R7/8/3r4 b - - 0 1
0,1,0,0,0,0,0,1,-1,1,0,1,1,1,0,0,0,0,0,16,0,0,3,4,4,2,1,0,3,26,20,0,0,0,0,0,0,0,0,7,1,1,0,0,0,0,4,2,0,1,KRBKRNvK,DRAW,3n4/8/R4B2/4K3/6r1/8/2k5/8 b - - 0 1
0,1,0,0,0,0,0,1,-1,1,0,1,1,1,0,0,0,0,0,16,0,0,5,7,3,2,6,3,3,7,0,1,0,0,0,0,0,0,0,7,1,1,0,0,0,0,3,0,1,0,KRBKRNvK,LOSS,5r2/2k3B1/8/2R5/3n3K/8/8/8 b - - 0 1
1,1,0,0,0,0,0,1,-1,1,0,1,1,1,0,0,0,0,0,16,0,0,7,7,6,0,6,5,5,26,20,0,0,0,0,0,0,0,0,7,1,1,0,0,0,0,1,0,0,0,KRBKRNvK,DRAW,8/k6K/5R2/8/5B2/2r5/6n1/8 w - - 0 1
1,1,0,0,0,0,0,1,-1,1,0,1,1,1,0,0,0,0,0,16,0,0,6,6,1,0,7,4,6,7,0,1,0,0,0,0,0,0,0,7,1,1,0,0,0,0,0,2,0,1,KRBKRNvK,DRAW,k7/8/5R2/8/1r6/B7/6K1/4n3 w - - 0 1
0,1,0,0,0,0,0,1,-1,1,0,1,1,1,0,0,0,0,0,16,0,0,7,0,0,4,7,6,3,20,23,0,0,0,0,0,0,0,0,7,1,1,0,0,0,0,3,2,0,0,KRBKRNvK,DRAW,4k3/8/8/8/3B1R2/4r1n1/8/K7 b - - 0 1
1,1,0,0,0,0,0,1,-1,1,0,1,1,1,0,0,0,0,0,16,0,0,4,0,6,1,2,5,3,22,19,0,0,0,0,0,0,0,0,7,1,1,0,1,0,0,1,1,1,0,KRBKRNvK,DRAW,8/K3n3/8/8/8/1k6/R4B1r/8 w - - 0 1
1,1,0,0,0,0,0,1,-1,1,0,1,1,1,0,0,0,0,0,16,0,0,2,0,6,2,7,5,4,26,20,0,0,0,0,0,0,0,0,7,1,1,0,1,0,0,3,0,0,0,KRBKRNvK,DRAW,2k5/K7/5B2/R7/8/8/6r1/5n2 w - - 0 1
0,1,0,0,0,0,0,1,-1,1,0,1,1,1,0,0,0,0,0,16,0,0,3,5,5,2,7,2,4,10,25,0,0,0,0,0,0,0,0,7,1,1,1,0,0,0,1,0,1,0,KRBKRNvK,DRAW,nrk5/R7/5K2/8/B7/8/8/8 b - - 0 1
1,1,0,0,0,0,0,1,-1,1,0,1,1,1,0,0,0,0,0,16,0,0,3,4,3,6,6,0,4,31,19,0,0,0,0,0,0,0,0,7,1,1,0,0,0,0,3,1,1,0,KRBKRNvK,DRAW,1r6/6k1/5R2/1n6/4K3/4B3/8/8 w - - 0 1
0,1,0,0,0,0,0,1,-1,1,0,1,1,1,0,0,0,0,0,16,0,0,2,6,7,5,5,5,2,16,23,0,0,0,0,0,0,0,0,7,1,1,0,0,0,0,3,1,1,0,KRBKRNvK,DRAW,6K1/B7/5k2/7R/8/8/7n/5r2 b - - 0 1
0,1,0,0,0,0,0,1,-1,1,0,1,1,1,0,0,0,0,0,16,0,0,5,7,7,3,2,6,1,27,21,0,0,0,0,0,0,0,0,7,1,1,0,1,0,0,2,3,0,0,KRBKRNvK,DRAW,4R2K/8/2n5/8/7B/3k4/6r1/8 b - - 0 1
0,1,0,0,0,0,0,1,-1,1,0,1,1,1,0,0,0,0,0,16,0,0,3,2,1,5,2,3,2,6,0,1,0,0,0,0,0,0,0,7,1,1,0,0,0,0,0,2,0,1,KRBKRNvK,DRAW,8/7n/8/8/r7/2R2k2/2K5/1B6 b - - 0 1
0,1,0,0,0,0,0,1,-1,1,0,1,1,1,0,0,0,0,0,16,0,0,4,4,6,0,7,2,6,20,24,0,0,0,0,0,0,0,0,7,1,1,0,0,0,0,2,2,0,1,KRBKRNvK,DRAW,k3B3/4K3/3r4/8/7R/8/8/6n1 b - - 0 1
1,1,0,0,0,0,0,1,-1,1,0,1,1,1,0,0,0,0,0,16,0,0,3,4,4,5,7,0,4,29,17,0,0,0,0,0,0,0,0,7,1,1,0,0,0,0,3,0,0,0,KRBKRNvK,DRAW,B4k1r/8/8/4K3/8/n7/8/1R6 w - - 0 1
0,1,0,0,0,0,0,1,-1,1,0,1,1,1,0,0,0,0,0,16,0,0,5,0,6,1,1,5,4,4,0,1,0,0,0,0,0,0,0,7,1,1,0,0,0,0,1,2,1,0,KRBKRNvK,DRAW,6n1/K7/R7/6r1/3B4/8/1k6/8 b - - 0 1
0,1,0,0,0,0,0,1,-1,1,0,1,1,1,0,0,0,0,0,16,0,0,6,7,6,1,6,5,4,27,30,0,0,0,0,0,0,0,0,7,1,1,0,0,0,0,3,1,0,0,KRBKRNvK,DRAW,8/1kn4K/5B2/8/8/4R3/8/r7 b - - 0 1
0,1,0,0,0,0,0,1,-1,1,0,1,1,1,0,0,0,0,0,16,0,0,4,4,0,3,4,3,0,28,20,0,0,0,0,0,0,0,0,7,1,1,0,0,0,0,0,3,0,0,KRBKRNvK,DRAW,8/8/5r2/3k4/7B/1n6/6R1/4K3 b - - 0 1
0,1,0,0,0,0,0,1,-1,1,0,1,1,1,0,0,0,0,0,16,0,0,7,3,7,7,0,3,6,16,23,0,0,0,0,0,0,0,0,7,1,1,1,0,0,0,2,1,0,0,KRBKRNvK,DRAW,3K4/3R4/7B/rn6/8/8/8/7k b - - 0 1
1,1,0,0,0,0,0,1,-1,1,0,1,1,1,0,0,0,0,0,16,0,0,4,7,3,5,7,3,4,4,0,1,0,0,0,0,0,0,0,7,1,1,0,0,0,0,0,3,1,0,KRBKRNvK,DRAW,5k2/4n3/7R/B7/4r2K/8/8/8 w - - 0 1
1,1,0,0,0,0,0,1,-1,1,0,1,1,1,0,0,0,0,0,16,0,0,5,5,3,0,7,1,6,5,0,1,0,0,0,0,0,0,0,7,1,1,0,0,0,0,3,2,0,0,KRBKRNvK,DRAW,k7/8/8/7R/r4KB1/8/8/6n1 w - - 0 1
0,1,0,0,0,0,0,1,-1,1,0,1,1,1,0,0,0,0,0,16,0,0,6,7,6,1,5,5,3,21,20,0,0,0,0,0,0,0,0,7,1,1,0,1,0,0,2,0,1,1,KRBKRNvK,DRAW,7n/7K/1kB4R/8/8/8/6r1/8 b - - 0 1
0,1,0,0,0,0,0,1,-1,1,0,1,1,1,0,0,0,0,0,16,0,0,3,4,7,4,4,3,0,8,0,1,0,0,0,0,0,0,0,7,1,1,0,0,0,0,1,4,1,1,KRBKRNvK,DRAW,4K3/8/6n1/4k3/1r6/6B1/2R5/8 b - - 0 1
0,1,0,0,0,0,0,1,-1,1,0,1,1,1,0,0,0,0,0,16,0,0,2,0,3,0,1,3,5,19,19,0,0,0,0,0,0,0,0,7,1,1,0,1,0,0,0,0,0,0,KRBKRNvK,DRAW,8/8/R6B/8/K7/8/k4r2/2n5 b - - 0 1
0,1,0,0,0,0,0,1,-1,1,0,1,1,1,0,0,0,0,0,16,0,0,6,0,5,6,0,4,5,27,18,0,0,0,0,0,0,0,0,7,1,1,0,0,0,0,0,0,0,0,KRBKRNvK,DRAW,2R5/8/K7/8/4n3/1r6/B7/6k1 b - - 0 1
1,1,0,0,0,0,0,1,-1,1,0,1,1,1,0,0,0,0,0,16,0,0,4,0,6,4,3,5,0,6,0,1,0,0,0,0,0,0,0,7,1,1,0,0,0,0,0,3,1,0,KRBKRNvK,DRAW,8/K6r/2R5/7B/4k2n/8/8/8 w - - 0 1
0,1,0,0,0,0,0,1,-1,1,0,1,1,1,0,0,0,0,0,16,0,0,4,7,4,5,0,3,4,3,0,1,0,0,0,0,0,0,0,7,1,1,1,0,0,0,0,0,1,0,KRBKRNvK,DRAW,8/5R2/8/3n3K/8/2r4B/8/5k2 b - - 0 1
0,1,0,0,0,0,0,1,-1,1,0,1,1,1,0,0,0,0,0,16,0,0,6,7,1,1,7,5,5,20,28,0,0,0,0,0,0,0,0,7,1,1,0,0,0,0,2,2,0,0,KRBKRNvK,DRAW,1k6/8/6B1/r7/3R4/8/n6K/8 b - - 0 1
0,1,0,0,0,0,0,1,-1,1,0,1,1,1,0,0,0,0,0,16,0,0,5,6,1,4,6,4,2,30,22,0,0,0,0,0,0,0,0,7,1,1,0,0,0,0,1,0,0,0,KRBKRNvK,DRAW,8/4k3/8/4n3/8/2r5/6KB/1R6 b - - 0 1
0,1,0,0,0,0,0,1,-1,1,0,1,1,1,0,0,0,0,0,16,0,0,5,2,0,7,2,4,4,23,20,0,0,0,0,0,0,0,0,7,1,1,0,1,0,0,1,2,0,1,KRBKRNvK,DRAW,8/1n6/8/8/8/1R1B3k/4r3/2K5 b - - 0 1
0,1,0,0,0,0,0,1,-1,1,0,1,1,1,0,0,0,0,0,16,0,0,2,5,5,3,7,2,3,21,26,0,0,0,0,0,0,0,0,7,1,1,0,1,0,0,2,0,0,0,KRBKRNvK,DRAW,1n1k4/8/5K2/1R6/8/8/7r/5B2 b - - 0 1
0,1,0,0,0,0,0,1,-1,1,0,1,1,1,0,0,0,0,0,16,0,0,3,3,7,6,6,3,4,19,21,0,0,0,0,0,0,0,0,7,1,1,0,0,0,0,0,0,0,0,KRBKRNvK,DRAW,3K4/6k1/8/8/6BR/8/8/1r2n3 b - - 0 1
0,1,0,0,0,0,0,1,-1,1,0,1,1,1,0,0,0,0,0,16,0,0,7,7,5,0,3,4,3,19,28,0,0,0,0,0,0,0,0,7,1,1,0,0,0,0,3,0,1,0,KRBKRNvK,DRAW,n7/1r6/7K/2B5/k7/8/8/4R3 b - - 0 1
0,1,0,0,0,0,0,1,-1,1,0,1,1,1,0,0,0,0,0,16,0,0,3,2,0,1,3,4,2,22,23,0,0,0,0,0,0,0,0,7,1,1,0,1,0,0,2,2,0,1,KRBKRNvK,DRAW,8/8/8/n3R3/1k6/8/3r4/2K2B2 b - - 0 1
0,1,0,0,0,0,0,1,-1,1,0,1,1,1,0,0,0,0,0,16,0,0,4,2,4,3,0,1,3,19,22,0,0,0,0,0,0,0,0,7,1,1,0,1,0,0,2,3,0,0,KRBKRNvK,DRAW,8/8/8/2K5/1B6/6R1/3r1n2/3k4 b - - 0 1
0,1,0,0,0,0,0,1,-1,1,0,1,1,1,0,0,0,0,0,16,0,0,6,6,5,0,1,3,5,23,25,0,0,0,0,0,0,0,0,7,1,1,0,0,0,0,2,3,0,1,KRBKRNvK,DRAW,8/B7/6K1/1r4n1/5R2/8/k7/8 b - - 0 1
1,1,0,0,0,0,0,1,-1,1,0,1,1,1,0,0,0,0,0,16,0,0,3,6,4,3,2,2,1,20,23,0,0,0,0,0,0,0,0,7,1,1,0,0,0,0,2,3,1,1,KRBKRNvK,DRAW,8/4n3/8/6K1/6R1/3k4/3B4/5r2 w - - 0 1
0,1,0,0,0,0,0,1,-1,1,0,1,1,1,0,0,0,0,0,16,0,0,4,4,7,2,3,3,1,5,0,1,0,0,0,0,0,0,0,7,1,1,0,1,0,0,3,2,0,0,KRBKRNvK,DRAW,B3K3/8/8/8/2k4R/8/r7/2n5 b - - 0 1
1,1,0,0,0,0,0,1,-1,1,0,1,1,1,0,0,0,0,0,16,0,0,7,7,7,0,4,6,3,24,18,0,0,0,0,0,0,0,0,7,1,1,0,0,0,0,1,2,0,0,KRBKRNvK,DRAW,7K/8/6R1/kr6/8/8/2B5/4n3 w - - 0 1
1,1,0,0,0,0,0,1,-1,1,0,1,1,1,0,0,0,0,0,16,0,0,2,7,1,6,3,5,2,24,24,0,0,0,0,0,0,0,0,7,1,1,0,0,0,0,1,1,0,0,KRBKRNvK,DRAW,8/7B/5r2/8/1n4k1/R7/7K/8 w - - 0 1
1,1,0,0,0,0,0,1,-1,1,0,1,1,1,0,0,0,0,0,16,0,0,3,3,7,6,7,3,5,3,0,1,0,0,0,0,0,0,0,7,1,1,0,0,0,0,2,2,0,1,KRBKRNvK,DRAW,3K2k1/1n6/3R4/2r5/7B/8/8/8 w - - 0 1
1,1,0,0,0,0,0,1,-1,1,0,1,1,1,0,0,0,0,0,16,0,0,5,6,0,4,5,5,1,22,16,0,0,0,0,0,0,0,0,7,1,1,0,0,0,0,0,2,1,0,KRBKRNvK,DRAW,5R2/8/4k2B/8/6nr/8/8/6K1 w - - 0 1
0,1,0,0,0,0,0,1,-1,1,0,1,1,1,0,0,0,0,0,16,0,0,4,3,4,6,0,0,5,4,0,1,0,0,0,0,0,0,0,7,1,1,0,0,0,0,3,0,0,0,KRBKRNvK,DRAW,r7/7B/n5R1/3K4/8/8/8/6k1 b - - 0 1
0,1,0,0,0,0,0,1,-1,1,0,1,1,1,0,0,0,0,0,16,0,0,4,3,6,7,2,2,4,24,26,0,0,0,0,0,0,0,0,7,1,1,0,0,0,0,2,2,0,1,KRBKRNvK,DRAW,6B1/3K4/3n4/R7/3r4/7k/8/8 b - - 0 1
1,1,0,0,0,0,0,1,-1,1,0,1,1,1,0,0,0,0,0,16,0,0,2,1,7,0,5,5,4,25,22,0,0,0,0,0,0,0,0,7,1,1,0,0,0,0,2,3,1,0,KRBKRNvK,DRAW,1K6/8/k3r3/1R6/8/5n2/3B4/8 w - - 0 1
1,1,0,0,0,0,0,1,-1,1,0,1,1,1,0,0,0,0,0,16,0,0,4,1,4,5,0,2,4,24,16,0,0,0,0,0,0,0,0,7,1,1,0,0,0,0,2,0,0,1,KRBKRNvK,DRAW,r7/8/8/nKB5/2R5/8/8/5k2 w - - 0 1
1,1,0,0,0,0,0,1,-1,1,0,1,1,1,0,0,0,0,0,16,0,0,3,3,0,3,3,3,0,4,0,1,0,0,0,0,0,0,0,7,1,1,0,0,0,0,1,3,1,1,KRBKRNvK,DRAW,1r6/8/4B3/8/3k4/2n5/8/R2K4 w - - 0 1
1,1,0,0,0,0,0,1,-1,1,0,1,1,1,0,0,0,0,0,16,0,0,4,5,3,3,7,1,3,26,18,0,0,0,0,0,0,0,0,7,1,1,0,0,0,0,4,0,1,1,KRBKRNvK,WIN,n2k4/3B4/6r1/8/5K2/8/8/3R4 w - - 0 1
0,1,0,0,0,0,0,1,-1,1,0,1,1,1,0,0,0,0,0,16,0,0,4,1,6,2,2,4,2,29,26,0,0,0,0,0,0,0,0,7,1,1,0,0,0,0,1,3,0,0,KRBKRNvK,DRAW,8/BK6/5R2/8/8/2k2n2/8/3r4 b - - 0 1
1,1,0,0,0,0,0,1,-1,1,0,1,1,1,0,0,0,0,0,16,0,0,5,0,3,5,1,3,3,28,25,0,0,0,0,0,0,0,0,7,1,1,0,0,0,0,2,0,0,0,KRBKRNvK,DRAW,8/8/5B1n/3R4/K7/6r1/5k2/8 w - - 0 1
0,1,0,0,0,0,0,1,-1,1,0,1,1,1,0,0,0,0,0,16,0,0,3,1,7,4,4,5,0,22,25,0,0,0,0,0,0,0,0,7,1,1,0,0,0,0,0,3,1,1,KRBKRNvK,DRAW,1K6/8/1nR5/4k3/1r6/8/4B3/8 b - - 0 1
0,1,0,0,0,0,0,1,-1,1,0,1,1,1,0,0,0,0,0,16,0,0,3,1,5,4,2,3,1,18,21,0,0,0,0,0,0,0,0,7,1,1,1,0,0,0,2,2,0,1,KRBKRNvK,DRAW,8/1R6/nKB5/8/8/4k3/8/4r3 b - - 0 1
1,1,0,0,0,0,0,1,-1,1,0,1,1,1,0,0,0,0,0,16,0,0,6,6,2,0,2,3,4,7,0,1,0,0,0,0,0,0,0,7,1,1,0,1,0,0,3,1,1,1,KRBKRNvK,DRAW,8/8/4B3/8/2R5/k5K1/r3n3/8 w - - 0 1
0,1,0,0,0,0,0,1,-1,1,0,1,1,1,0,0,0,0,0,16,0,0,4,0,4,4,3,3,0,6,0,1,0,0,0,0,0,0,0,7,1,1,0,1,0,0,2,3,0,0,KRBKRNvK,DRAW,B1R5/8/8/K7/4k3/8/5rn1/8 b - - 0 1
0,1,0,0,0,0,0,1,-1,1,0,1,1,1,0,0,0,0,0,16,0,0,5,2,2,0,7,2,6,21,23,0,0,0,0,0,0,0,0,7,1,1,0,1,0,0,1,2,1,1,KRBKRNvK,DRAW,k7/8/n1R5/8/6B1/2K5/4r3/8 b - - 0 1
0,1,0,0,0,0,0,1,-1,1,0,1,1,1,0,0,0,0,0,16,0,0,2,5,2,7,2,2,4,17,27,0,0,0,0,0,0,0,0,7,1,1,0,0,0,0,3,0,0,0,KRBKRNvK,DRAW,8/8/8/R7/8/5K1k/3B4/n1r5 b - - 0 1
1,1,0,0,0,0,0,1,-1,1,0,1,1,1,0,0,0,0,0,16,0,0,4,7,7,3,4,6,0,1,0,1,0,0,0,0,0,0,0,7,1,1,0,0,0,0,3,3,1,2,KRBKRNvK,DRAW,6rK/8/7n/3k4/4R3/8/6B1/8 w - - 0 1
0,1,0,0,0,0,0,1,-1,1,0,1,1,1,0,0,0,0,0,16,0,0,5,4,7,3,2,3,1,26,14,0,0,0,0,0,0,0,0,7,1,1,0,0,0,0,0,2,0,0,KRBKRNvK,DRAW,4KR2/8/8/8/2r5/3k4/5n2/6B1 b - - 0 1
1,1,0,0,0,0,0,1,-1,1,0,1,1,1,0,0,0,0,0,16,0,0,3,6,4,3,1,2,2,5,0,1,0,0,0,0,0,0,0,7,1,1,1,0,0,0,0,1,1,2,KRBKRNvK,DRAW,8/1R6/4n3/6K1/8/5r2/3kB3/8 w - - 0 1
1,1,0,0,0,0,0,1,-1,1,0,1,1,1,0,0,0,0,0,16,0,0,3,7,3,4,1,3,2,26,24,0,0,0,0,0,0,0,0,7,1,1,1,0,0,0,1,1,1,0,KRBKRNvK,DRAW,8/2R5/8/8/7K/1n6/4k3/r5B1 w - - 0 1
0,1,0,0,0,0,0,1,-1,1,0,1,1,1,0,0,0,0,0,16,0,0,2,1,5,3,4,3,0,27,23,0,0,0,0,0,0,0,0,7,1,1,0,0,0,0,0,3,0,0,KRBKRNvK,DRAW,6r1/8/1K6/3k3B/4n3/8/8/7R b - - 0 1
0,1,0,0,0,0,0,1,-1,1,0,1,1,1,0,0,0,0,0,16,0,0,4,2,5,6,4,2,2,6,0,1,0,0,0,0,0,0,0,7,1,1,0,0,0,0,2,0,1,1,KRBKRNvK,LOSS,1R6/8/2K5/6k1/n7/4B3/8/6r1 b - - 0 1
1,1,0,0,0,0,0,1,-1,1,0,1,1,1,0,0,0,0,0,16,0,0,3,7,3,4,4,3,0,26,24,0,0,0,0,0,0,0,0,7,1,1,0,0,0,0,0,3,0,0,KRBKRNvK,DRAW,8/8/3r4/B3k3/3n3K/8/8/6R1 w - - 0 1
0,1,0,0,0,0,0,1,-1,1,0,1,1,1,0,0,0,0,0,16,0,0,4,2,1,6,0,3,5,21,31,0,0,0,0,0,0,0,0,7,1,1,0,0,0,0,3,0,1,1,KRBKRNvK,DRAW,7r/8/8/8/2B5/4R3/2K5/1n4k1 b - - 0 1
1,1,0,0,0,0,0,1,-1,1,0,1,1,1,0,0,0,0,0,16,0,0,7,0,6,7,7,5,6,1,0,1,0,0,0,0,0,0,0,7,1,1,0,1,0,0,1,0,0,1,KRBKRNvK,DRAW,2n4k/K7/R7/2B5/8/8/1r6/8 w - - 0 1
0,1,0,0,0,0,0,1,-1,1,0,1,1,1,0,0,0,0,0,16,0,0,3,5,3,4,6,1,2,5,0,1,0,0,0,0,0,0,0,7,1,1,1,0,0,0,2,0,0,0,KRBKRNvK,DRAW,4r3/1R2k3/8/8/5K2/8/8/3B2n1 b - - 0 1
1,1,0,0,0,0,0,1,-1,1,0,1,1,1,0,0,0,0,0,16,0,0,4,7,7,3,3,6,0,26,16,0,0,0,0,0,0,0,0,7,1,1,0,0,0,0,1,3,2,0,KRBKRNvK,DRAW,1rn4K/8/8/8/3k4/1B6/5R2/8 w - - 0 1
1,1,0,0,0,0,0,1,-1,1,0,1,1,1,0,0,0,0,0,16,0,0,6,1,0,7,4,5,3,3,0,1,0,0,0,0,0,0,0,7,1,1,0,0,0,0,1,0,1,1,KRBKRNvK,DRAW,1r6/8/6R1/7k/8/n7/7B/1K6 w - - 0 1
0,1,0,0,0,0,0,1,-1,1,0,1,1,1,0,0,0,0,0,16,0,0,2,4,0,2,0,3,4,23,24,0,0,0,0,0,0,0,0,7,1,1,0,0,0,0,1,1,1,0,KRBKRNvK,DRAW,5r2/8/3B4/2n5/8/8/R7/2k1K3 b - - 0 1
0,1,0,0,0,0,0,1,-1,1,0,1,1,1,0,0,0,0,0,16,0,0,4,6,6,2,2,4,2,20,19,0,0,0,0,0,0,0,0,7,1,1,0,0,0,0,0,2,0,1,KRBKRNvK,DRAW,8/6K1/2r3nB/8/8/2k5/7R/8 b - - 0 1
0,1,0,0,0,0,0,1,-1,1,0,1,1,1,0,0,0,0,0,16,0,0,2,4,5,4,7,1,3,18,20,0,0,0,0,0,0,0,0,7,1,1,0,0,0,0,4,0,0,0,KRBKRNvK,WIN,4k3/1n5r/4K3/8/R7/8/B7/8 b - - 0 1
0,1,0,0,0,0,0,1,-1,1,0,1,1,1,0,0,0,0,0,16,0,0,7,7,2,0,2,4,4,4,0,1,0,0,0,0,0,0,0,7,1,1,0,0,0,0,0,2,0,0,KRBKRNvK,DRAW,4B3/8/1n6/8/3r4/k4R1K/8/8 b - - 0 1
1,1,0,0,0,0,0,1,-1,1,0,1,1,1,0,0,0,0,0,16,0,0,3,1,0,4,3,5,0,30,20,0,0,0,0,0,0,0,0,7,1,1,0,0,0,0,2,3,1,0,KRBKRNvK,DRAW,8/1n6/5B2/3r4/4k3/R7/8/1K6 w - - 0 1
1,1,0,0,0,0,0,1,-1,1,0,1,1,1,0,0,0,0,0,16,0,0,6,2,6,6,0,3,5,7,0,1,0,0,0,0,0,0,0,7,1,1,0,0,0,0,2,1,1,0,KRBKRNvK,DRAW,8/2K3r1/8/8/1n5B/4R3/8/6k1 w - - 0 1
1,1,0,0,0,0,0,1,-1,1,0,1,1,1,0,0,0,0,0,16,0,0,5,5,4,0,1,1,5,6,0,1,0,0,0,0,0,0,0,7,1,1,0,0,0,0,3,0,1,1,KRBKRNvK,DRAW,8/8/8/2R2K1n/8/B7/k7/5r2 w - - 0 1
0,1,0,0,0,0,0,1,-1,1,0,1,1,1,0,0,0,0,0,16,0,0,6,6,1,0,7,4,6,4,0,1,0,0,0,0,0,0,0,7,1,1,0,0,0,0,1,1,0,0,KRBKRNvK,DRAW,k6R/8/1n6/8/3B4/8/6K1/2r5 b - - 0 1
0,1,0,0,0,0,0,1,-1,1,0,1,1,1,0,0,0,0,0,16,0,0,2,4,0,6,0,3,5,13,19,0,0,0,0,0,0,0,0,7,1,1,0,1,0,0,3,0,0,0,KRBKRNvK,WIN,B7/8/8/R7/8/n7/r7/4K1k1 b - - 0 1
1,1,0,0,0,0,0,1,-1,1,0,1,1,1,0,0,0,0,0,16,0,0,5,6,0,1,5,5,3,4,0,1,0,0,0,0,0,0,0,7,1,1,0,0,0,0,2,0,0,1,KRBKRNvK,DRAW,8/7r/1k6/8/8/7n/2B5/4R1K1 w - - 0 1
0,1,0,0,0,0,0,1,-1,1,0,1,1,1,0,0,0,0,0,16,0,0,5,6,7,1,5,5,3,21,15,0,0,0,0,0,0,0,0,7,1,1,0,0,0,0,0,0,0,0,KRBKRNvK,DRAW,6KR/n1r5/1k6/8/8/B7/8/8 b - - 0 1
1,1,0,0,0,0,0,1,-1,1,0,1,1,1,0,0,0,0,0,16,0,0,6,7,6,4,0,5,3,31,21,0,0,0,0,0,0,0,0,7,1,1,0,1,0,0,1,2,0,0,KRBKRNvK,DRAW,8/7K/8/3B4/7n/R7/4r3/4k3 w - - 0 1
1,1,0,0,0,0,0,1,-1,1,0,1,1,1,0,0,0,0,0,16,0,0,3,7,6,5,3,5,1,26,17,0,0,0,0,0,0,0,0,7,1,1,0,0,0,0,0,3,1,0,KRBKRNvK,DRAW,8/7K/8/8/3r1k1B/2R5/8/7n w - - 0 1
0,1,0,0,0,0,0,1,-1,1,0,1,1,1,0,0,0,0,0,16,0,0,7,7,1,0,3,5,3,19,27,0,0,0,0,0,0,0,0,7,1,1,0,0,0,0,3,2,0,0,KRBKRNvK,DRAW,1n6/8/4B3/8/k2r4/4R3/7K/8 b - - 0 1
0,1,0,0,0,0,0,1,-1,1,0,1,1,1,0,0,0,0,0,16,0,0,3,3,3,4,0,0,3,20,29,0,0,0,0,0,0,0,0,7,1,1,0,1,0,0,3,0,0,1,KRBKRNvK,DRAW,n4R2/8/8/8/3K1B2/8/1r6/4k3 b - - 0 1
0,1,0,0,0,0,0,1,-1,1,0,1,1,1,0,0,0,0,0,16,0,0,3,2,4,5,6,1,3,21,29,0,0,0,0,0,0,0,0,7,1,1,0,0,0,0,2,0,1,0,KRBKRNvK,DRAW,7n/5k2/7B/2K5/8/6r1/8/3R4 b - - 0 1
0,1,0,0,0,0,0,1,-1,1,0,1,1,1,0,0,0,0,0,16,0,0,6,3,1,4,7,2,3,4,0,1,0,0,0,0,0,0,0,7,1,1,0,0,0,0,1,0,0,1,KRBKRNvK,LOSS,1B2k2R/8/8/8/8/6r1/3K4/3n4 b - - 0 1
0,1,0,0,0,0,0,1,-1,1,0,1,1,1,0,0,0,0,0,16,0,0,2,0,7,1,5,6,3,26,14,0,0,0,0,0,0,0,0,7,1,1,0,0,0,0,0,2,0,0,KRBKRNvK,WIN,K7/8/1k6/8/6r1/8/4n2R/5B2 b - - 0 1
0,1,0,0,0,0,0,1,-1,1,0,1,1,1,0,0,0,0,0,16,0,0,3,5,7,2,7,4,4,22,26,0,0,0,0,0,0,0,0,7,1,1,0,1,0,0,1,0,1,0,KRBKRNvK,DRAW,2k2K2/B7/n7/8/8/8/1r6/7R b - - 0 1
1,1,0,0,0,0,0,1,-1,1,0,1,1,1,0,0,0,0,0,16,0,0,7,7,0,0,5,6,4,24,20,0,0,0,0,0,0,0,0,7,1,1,0,0,0,0,3,0,0,0,KRBKRNvK,DRAW,8/r7/k7/8/4n3/8/1B1R4/7K w - - 0 1
1,1,0,0,0,0,0,1,-1,1,0,1,1,1,0,0,0,0,0,16,0,0,3,0,4,0,1,3,5,4,0,1,0,0,0,0,0,0,0,7,1,1,1,0,0,0,0,2,0,1,KRBKRNvK,DRAW,8/7R/8/K1r5/8/8/k5n1/3B4 w - - 0 1
0,1,0,0,0,0,0,1,-1,1,0,1,1,1,0,0,0,0,0,16,0,0,3,3,2,0,4,1,3,4,0,1,0,0,0,0,0,0,0,7,1,1,0,0,0,0,4,0,0,0,KRBKRNvK,DRAW,3n2r1/8/6B1/k4R2/8/3K4/8/8 b - - 0 1
1,1,0,0,0,0,0,1,-1,1,0,1,1,1,0,0,0,0,0,16,0,0,7,0,2,7,5,4,4,4,0,1,0,0,0,0,0,0,0,7,1,1,0,0,0,0,2,0,0,0,KRBKRNvK,DRAW,8/3B4/r6k/8/8/K7/4R3/4n3 w - - 0 1
0,1,0,0,0,0,0,1,-1,1,0,1,1,1,0,0,0,0,0,16,0,0,5,4,2,1,7,1,5,22,25,0,0,0,0,0,0,0,0,7,1,1,0,0,0,0,3,0,0,0,KRBKRNvK,DRAW,1k6/8/2r5/5B2/8/n2RK3/8/8 b - - 0 1
1,1,0,0,0,0,0,1,-1,1,0,1,1,1,0,0,0,0,0,16,0,0,3,4,1,7,4,2,3,30,17,0,0,0,0,0,0,0,0,7,1,1,0,0,0,0,2,2,0,0,KRBKRNvK,DRAW,8/7n/8/2B2r1k/R7/8/4K3/8 w - - 0 1
0,1,0,0,0,0,0,1,-1,1,0,1,1,1,0,0,0,0,0,16,0,0,3,2,5,2,2,2,2,8,0,1,0,0,0,0,0,0,0,7,1,1,1,1,0,0,3,3,0,0,KRBKRNvK,DRAW,8/7R/2K2Bn1/8/8/2k5/4r3/8 b - - 0 1
1,1,0,0,0,0,0,1,-1,1,0,1,1,1,0,0,0,0,0,16,0,0,4,4,2,0,6,1,5,24,24,0,0,0,0,0,0,0,0,7,1,1,0,1,0,0,4,1,1,0,KRBKRNvK,DRAW,8/k7/4n3/1R6/8/B3K3/7r/8 w - - 0 1
1,1,0,0,0,0,0,1,-1,1,0,1,1,1,0,0,0,0,0,16,0,0,5,2,2,2,7,2,4,22,21,0,0,0,0,0,0,0,0,7,1,1,0,1,0,0,2,0,1,1,KRBKRNvK,DRAW,2k4B/8/1R6/8/8/n1K5/6r1/8 w - - 0 1
0,1,0,0,0,0,0,1,-1,1,0,1,1,1,0,0,0,0,0,16,0,0,3,3,6,4,3,2,0,5,0,1,0,0,0,0,0,0,0,7,1,1,0,0,0,0,1,3,1,0,KRBKRNvK,DRAW,8/3K4/8/6B1/4k2R/1r6/8/6n1 b - - 0 1
1,1,0,0,0,0,0,1,-1,1,0,1,1,1,0,0,0,0,0,16,0,0,6,1,2,7,6,3,5,30,21,0,0,0,0,0,0,0,0,7,1,1,0,0,0,0,0,2,0,0,KRBKRNvK,DRAW,2R5/7k/8/4r3/6B1/1K6/6n1/8 w - - 0 1
0,1,0,0,0,0,0,1,-1,1,0,1,1,1,0,0,0,0,0,16,0,0,4,0,6,2,2,5,2,28,20,0,0,0,0,0,0,0,0,7,1,1,0,0,0,0,1,3,0,0,KRBKRNvK,DRAW,8/K1B5/8/4r3/8/2k3n1/8/6R1 b - - 0 1
0,1,0,0,0,0,0,1,-1,1,0,1,1,1,0,0,0,0,0,16,0,0,6,0,7,6,6,6,4,23,21,0,0,0,0,0,0,0,0,7,1,1,0,1,0,0,2,0,0,0,KRBKRNvK,DRAW,K6n/6k1/8/8/8/8/2r5/3R1B2 b - - 0 1
1,1,0,0,0,0,0,1,-1,1,0,1,1,1,0,0,0,0,0,16,0,0,4,2,2,1,6,2,4,22,16,0,0,0,0,0,0,0,0,7,1,1,0,0,0,0,1,1,0,2,KRBKRNvK,DRAW,8/1k6/8/1rn1B3/8/R1K5/8/8 w - - 0 1
0,1,0,0,0,0,0,1,-1,1,0,1,1,1,0,0,0,0,0,16,0,0,3,5,5,2,6,2,3,16,22,0,0,0,0,0,0,0,0,7,1,1,0,0,0,0,2,0,1,0,KRBKRNvK,DRAW,8/r1k5/4RK2/8/8/7B/7n/8 b - - 0 1
0,1,0,0,0,0,0,1,-1,1,0,1,1,1,0,0,0,0,0,16,0,0,5,0,0,3,5,6,1,20,22,0,0,0,0,0,0,0,0,7,1,1,0,1,0,0,3,2,2,1,KRBKRNvK,DRAW,8/1B6/3k4/1R6/2n5/8/2r5/K7 b - - 0 1
0,1,0,0,0,0,0,1,-1,1,0,1,1,1,0,0,0,0,0,16,0,0,4,6,5,7,1,3,5,27,27,0,0,0,0,0,0,0,0,7,1,1,1,0,0,0,0,3,0,2,KRBKRNvK,DRAW,4r3/2R5/6K1/5n2/8/B7/7k/8 b - - 0 1
1,1,0,0,0,0,0,1,-1,1,0,1,1,1,0,0,0,0,0,16,0,0,2,4,6,2,6,2,3,26,21,0,0,0,0,0,0,0,0,7,1,1,0,0,0,0,3,2,0,1,KRBKRNvK,DRAW,8/2k1K3/3r4/n7/6R1/5B2/8/8 w - - 0 1
1,1,0,0,0,0,0,1,-1,1,0,1,1,1,0,0,0,0,0,16,0,0,6,6,7,7,1,5,5,23,21,0,0,0,0,0,0,0,0,7,1,1,0,1,0,0,3,2,0,0,KRBKRNvK,DRAW,6K1/5B2/8/8/2R5/8/4r2k/5n2 w - - 0 1
1,1,0,0,0,0,0,1,-1,1,0,1,1,1,0,0,0,0,0,16,0,0,5,1,3,6,6,2,4,4,0,1,0,0,0,0,0,0,0,7,1,1,0,0,0,0,2,2,1,1,KRBKRNvK,DRAW,8/6k1/8/4n1B1/1Kr5/8/8/3R4 w - - 0 1
1,1,0,0,0,0,0,1,-1,1,0,1,1,1,0,0,0,0,0,16,0,0,2,4,0,2,1,3,3,23,24,0,0,0,0,0,0,0,0,7,1,1,1,0,0,0,2,1,1,1,KRBKRNvK,DRAW,8/3R4/1n6/8/1B6/5r2/2k5/4K3 w - - 0 1
1,1,0,0,0,0,0,1,-1,1,0,1,1,1,0,0,0,0,0,16,0,0,4,5,0,4,4,4,0,26,18,0,0,0,0,0,0,0,0,7,1,1,0,0,0,0,3,4,2,0,KRBKRNvK,DRAW,8/r4n2/3R4/4k3/8/3B4/8/5K2 w - - 0 1
1,1,0,0,0,0,0,1,-1,1,0,1,1,1,0,0,0,0,0,16,0,0,5,4,6,5,1,2,3,29,23,0,0,0,0,0,0,0,0,7,1,1,0,1,0,0,2,2,0,0,KRBKRNvK,DRAW,8/4K3/5B2/8/8/5n2/2r2k2/R7 w - - 0 1
0,1,0,0,0,0,0,1,-1,1,0,1,1,1,0,0,0,0,0,16,0,0,4,2,0,6,4,4,2,25,21,0,0,0,0,0,0,0,0,7,1,1,0,0,0,0,2,1,0,0,KRBKRNvK,DRAW,8/8/1r1n4/6k1/8/8/3R4/2K2B2 b - - 0 1
0,1,0,0,0,0,0,1,-1,1,0,1,1,1,0,0,0,0,0,16,0,0,5,5,4,0,0,1,6,3,0,1,0,0,0,0,0,0,0,7,1,1,0,0,0,0,2,0,0,0,KRBKRNvK,DRAW,2r5/8/8/5K2/3B4/5R2/6n1/k7 b - - 0 1
0,1,0,0,0,0,0,1,-1,1,0,1,1,1,0,0,0,0,0,16,0,0,5,1,7,3,2,5,1,16,25,0,0,0,0,0,0,0,0,7,1,1,1,1,0,0,2,2,0,0,KRBKRNvK,DRAW,BK6/7R/8/8/8/3k4/3r1n2/8 b - - 0 1
0,1,0,0,0,0,0,1,-1,1,0,1,1,1,0,0,0,0,0,16,0,0,4,1,3,5,1,2,3,13,26,0,0,0,0,0,0,0,0,7,1,1,0,0,0,0,3,0,1,0,KRBKRNvK,DRAW,8/7B/8/8/1K6/3R4/5k1n/5r2 b - - 0 1
0,1,0,0,0,0,0,1,-1,1,0,1,1,1,0,0,0,0,0,16,0,0,6,0,6,6,6,5,4,21,24,0,0,0,0,0,0,0,0,7,1,1,0,0,0,0,2,1,0,0,KRBKRNvK,DRAW,8/K5k1/3R4/2B5/8/4n3/8/4r3 b - - 0 1
1,1,0,0,0,0,0,1,-1,1,0,1,1,1,0,0,0,0,0,16,0,0,3,5,4,4,7,1,3,5,0,1,0,0,0,0,0,0,0,7,1,1,0,0,0,0,2,0,0,0,KRBKRNvK,DRAW,4kr2/1n6/8/5KR1/8/8/8/3B4 w - - 0 1
0,1,0,0,0,0,0,1,-1,1,0,1,1,1,0,0,0,0,0,16,0,0,4,7,0,5,4,6,1,17,22,0,0,0,0,0,0,0,0,7,1,1,0,0,0,0,0,2,0,0,KRBKRNvK,DRAW,8/r7/n7/5k2/8/B7/8/6RK b - - 0 1
0,1,0,0,0,0,0,1,-1,1,0,1,1,1,0,0,0,0,0,16,0,0,2,2,0,0,1,4,5,3,0,1,0,0,0,0,0,0,0,7,1,1,0,0,0,0,2,2,0,0,KRBKRNvK,DRAW,8/8/1B6/6r1/8/8/k2R4/2K3n1 b - - 0 1
0,1,0,0,0,0,0,1,-1,1,0,1,1,1,0,0,0,0,0,16,0,0,3,3,4,3,7,0,3,23,22,0,0,0,0,0,0,0,0,7,1,1,0,0,0,0,3,1,0,1,KRBKRNvK,DRAW,3k4/7B/6n1/3K4/4R3/1r6/8/8 b - - 0 1
1,1,0,0,0,0,0,1,-1,1,0,1,1,1,0,0,0,0,0,16,0,0,4,1,0,1,4,5,2,23,18,0,0,0,0,0,0,0,0,7,1,1,0,0,0,0,3,0,0,0,KRBKRNvK,DRAW,8/8/8/rk6/8/8/1B1R4/1K3n2 w - - 0 1
0,1,0,0,0,0,0,1,-1,1,0,1,1,1,0,0,0,0,0,16,0,0,4,4,0,7,4,3,3,22,23,0,0,0,0,0,0,0,0,7,1,1,0,1,0,0,0,2,0,2,KRBKRNvK,DRAW,5R2/8/B7/7k/8/8/3r4/4K1n1 b - - 0 1
1,1,0,0,0,0,0,1,-1,1,0,1,1,1,0,0,0,0,0,16,0,0,2,0,3,1,1,3,4,23,18,0,0,0,0,0,0,0,0,7,1,1,0,0,0,0,3,2,1,0,KRBKRNvK,DRAW,8/8/6n1/6r1/K1R5/6B1/1k6/8 w - - 0 1
0,1,0,0,0,0,0,1,-1,1,0,1,1,1,0,0,0,0,0,16,0,0,4,5,1,1,1,3,4,26,27,0,0,0,0,0,0,0,0,7,1,1,0,0,0,0,3,1,0,1,KRBKRNvK,DRAW,8/7B/2r5/6R1/8/8/1k2nK2/8 b - - 0 1
1,1,0,0,0,0,0,1,-1,1,0,1,1,1,0,0,0,0,0,16,0,0,6,0,6,6,6,5,4,3,0,1,0,0,0,0,0,0,0,7,1,1,0,0,0,0,1,1,0,2,KRBKRNvK,DRAW,8/K5k1/8/rn6/5B2/8/2R5/8 w - - 0 1
0,1,0,0,0,0,0,1,-1,1,0,1,1,1,0,0,0,0,0,16,0,0,3,1,1,4,0,4,3,3,0,1,0,0,0,0,0,0,0,7,1,1,0,0,0,0,1,1,0,1,KRBKRNvK,DRAW,r7/8/8/4B3/1n6/8/1K6/1R2k3 b - - 0 1
0,1,0,0,0,0,0,1,-1,1,0,1,1,1,0,0,0,0,0,16,0,0,5,2,1,7,4,3,3,22,25,0,0,0,0,0,0,0,0,7,1,1,0,0,0,0,1,2,0,2,KRBKRNvK,DRAW,1B3R2/8/8/7k/4r3/8/n1K5/8 b - - 0 1
1,1,0,0,0,0,0,1,-1,1,0,1,1,1,0,0,0,0,0,16,0,0,6,7,3,1,6,3,4,4,0,1,0,0,0,0,0,0,0,7,1,1,0,0,0,0,1,3,2,1,KRBKRNvK,DRAW,8/1kB5/R7/4rn2/7K/8/8/8 w - - 0 1
1,1,0,0,0,0,0,1,-1,1,0,1,1,1,0,0,0,0,0,16,0,0,4,2,4,1,0,1,5,25,23,0,0,0,0,0,0,0,0,7,1,1,0,0,0,0,2,2,0,0,KRBKRNvK,DRAW,4r3/8/3R4/2K4n/8/8/8/1k4B1 w - - 0 1
1,1,0,0,0,0,0,1,-1,1,0,1,1,1,0,0,0,0,0,16,0,0,4,4,0,0,0,3,6,30,17,0,0,0,0,0,0,0,0,7,1,1,0,0,0,0,2,0,1,0,KRBKRNvK,DRAW,8/8/n7/8/8/1r3B2/2R5/k3K3 w - - 0 1
1,1,0,0,0,0,0,1,-1,1,0,1,1,1,0,0,0,0,0,16,0,0,2,4,3,6,5,0,3,24,20,0,0,0,0,0,0,0,0,7,1,1,0,0,0,0,4,1,0,1,KRBKRNvK,DRAW,8/8/3B2k1/8/1R2K1nr/8/8/8 w - - 0 1
1,1,0,0,0,0,0,1,-1,1,0,1,1,1,0,0,0,0,0,16,0,0,3,3,0,0,3,3,3,25,19,0,0,0,0,0,0,0,0,7,1,1,0,0,0,0,2,2,0,0,KRBKRNvK,DRAW,8/8/8/8/k6r/6R1/n5B1/3K4 w - - 0 1
0,1,0,0,0,0,0,1,-1,1,0,1,1,1,0,0,0,0,0,16,0,0,3,6,5,3,7,3,3,2,0,1,0,0,0,0,0,0,0,7,1,1,0,0,0,0,0,3,1,0,KRBKRNvK,DRAW,3k1R2/3r4/2n3K1/8/8/7B/8/8 b - - 0 1
1,1,0,0,0,0,0,1,-1,1,0,1,1,1,0,0,0,0,0,16,0,0,5,1,6,6,3,4,2,29,23,0,0,0,0,0,0,0,0,7,1,1,0,1,0,0,3,0,0,0,KRBKRNvK,DRAW,8/1K5B/8/R7/6k1/8/5r2/4n3 w - - 0 1
0,1,0,0,0,0,0,1,-1,1,0,1,1,1,0,0,0,0,0,16,0,0,4,0,2,3,6,4,2,5,0,1,0,0,0,0,0,0,0,7,1,1,1,0,0,0,1,2,0,0,KRBKRNvK,DRAW,8/R2k4/8/8/3r1B2/K6n/8/8 b - - 0 1
0,1,0,0,0,0,0,1,-1,1,0,1,1,1,0,0,0,0,0,16,0,0,4,5,1,1,3,3,2,5,0,1,0,0,0,0,0,0,0,7,1,1,0,0,0,0,0,2,1,0,KRBKRNvK,DRAW,8/5r2/1R3n2/8/1k6/8/5K2/3B4 b - - 0 1
0,1,0,0,0,0,0,1,-1,1,0,1,1,1,0,0,0,0,0,16,0,0,4,0,7,0,3,6,3,21,22,0,0,0,0,0,0,0,0,7,1,1,0,0,0,0,2,1,1,1,KRBKRNvK,DRAW,K7/1r6/8/8/k7/1nR5/6B1/8 b - - 0 1
0,1,0,0,0,0,0,1,-1,1,0,1,1,1,0,0,0,0,0,16,0,0,2,2,5,0,7,2,6,19,25,0,0,0,0,0,0,0,0,7,1,1,1,0,0,0,1,3,0,1,KRBKRNvK,DRAW,k3r3/5R2/2K5/8/8/4n3/B7/8 b - - 0 1
0,1,0,0,0,0,0,1,-1,1,0,1,1,1,0,0,0,0,0,16,0,0,2,6,2,4,2,3,1,2,0,1,0,0,0,0,0,0,0,7,1,1,0,0,0,0,2,2,1,0,KRBKRNvK,DRAW,1n6/8/Br6/8/8/3Rk1K1/8/8 b - - 0 1
0,1,0,0,0,0,0,1,-1,1,0,1,1,1,0,0,0,0,0,16,0,0,4,5,1,4,5,3,1,7,0,1,0,0,0,0,0,0,0,7,1,1,0,0,0,0,2,4,2,0,KRBKRNvK,DRAW,2B5/8/4k3/2n5/2r3R1/8/5K2/8 b - - 0 1
1,1,0,0,0,0,0,1,-1,1,0,1,1,1,0,0,0,0,0,16,0,0,3,4,0,1,3,3,2,3,0,1,0,0,0,0,0,0,0,7,1,1,0,0,0,0,3,2,0,1,KRBKRNvK,DRAW,8/1r4B1/8/8/1k6/5n2/4R3/4K3 w - - 0 1
0,1,0,0,0,0,0,1,-1,1,0,1,1,1,0,0,0,0,0,16,0,0,6,7,0,1,1,6,4,22,22,0,0,0,0,0,0,0,0,7,1,1,0,0,0,0,0,2,1,0,KRBKRNvK,DRAW,8/3rn3/7R/8/B7/8/1k6/7K b - - 0 1
0,1,0,0,0,0,0,1,-1,1,0,1,1,1,0,0,0,0,0,16,0,0,4,5,2,1,0,2,5,20,24,0,0,0,0,0,0,0,0,7,1,1,1,1,0,0,1,2,0,2,KRBKRNvK,DRAW,8/2R5/8/8/8/5K1B/3r4/1k3n2 b - - 0 1
0,1,0,0,0,0,0,1,-1,1,0,1,1,1,0,0,0,0,0,16,0,0,4,7,2,3,1,4,2,6,0,1,0,0,0,0,0,0,0,7,1,1,0,0,0,0,1,0,1,0,KRBKRNvK,LOSS,2n5/8/2r4R/8/5B2/7K/3k4/8 b - - 0 1
0,1,0,0,0,0,0,1,-1,1,0,1,1,1,0,0,0,0,0,16,0,0,7,5,7,4,0,4,3,2,0,1,0,0,0,0,0,0,0,7,1,1,1,0,0,0,0,3,0,0,KRBKRNvK,DRAW,5K2/5R2/8/7r/1B6/8/4n3/4k3 b - - 0 1
1,1,0,0,0,0,0,1,-1,1,0,1,1,1,0,0,0,0,0,16,0,0,4,1,6,3,2,4,1,26,25,0,0,0,0,0,0,0,0,7,1,1,1,1,0,0,0,3,0,0,KRBKRNvK,DRAW,8/1K4R1/8/8/n7/B2k4/4r3/8 w - - 0 1
1,1,0,0,0,0,0,1,-1,1,0,1,1,1,0,0,0,0,0,16,0,0,3,3,4,6,2,0,3,6,0,1,0,0,0,0,0,0,0,7,1,1,0,0,0,0,4,2,0,1,KRBKRNvK,DRAW,8/5B2/8/1R1K1r2/8/6k1/n7/8 w - - 0 1
1,1,0,0,0,0,0,1,-1,1,0,1,1,1,0,0,0,0,0,16,0,0,7,0,7,2,0,6,4,24,20,0,0,0,0,0,0,0,0,7,1,1,0,0,0,0,2,2,1,0,KRBKRNvK,DRAW,K7/8/B7/7r/8/n7/3R4/2k5 w - - 0 1
1,1,0,0,0,0,0,1,-1,1,0,1,1,1,0,0,0,0,0,16,0,0,2,5,2,3,0,2,3,25,20,0,0,0,0,0,0,0,0,7,1,1,0,0,0,0,1,2,1,1,KRBKRNvK,DRAW,8/8/7n/4r3/8/5K2/R7/3k1B2 w - - 0 1
0,1,0,0,0,0,0,1,-1,1,0,1,1,1,0,0,0,0,0,16,0,0,4,4,4,0,6,0,5,23,22,0,0,0,0,0,0,0,0,7,1,1,0,0,0,0,3,2,0,2,KRBKRNvK,DRAW,8/k7/8/4K3/BR3n2/3r4/8/8 b - - 0 1
1,1,0,0,0,0,0,1,-1,1,0,1,1,1,0,0,0,0,0,16,0,0,4,1,1,2,5,4,2,27,28,0,0,0,0,0,0,0,0,7,1,1,0,0,0,0,0,3,1,1,KRBKRNvK,DRAW,8/4B3/2k5/8/r7/4n3/1K6/7R w - - 0 1
0,1,0,0,0,0,0,1,-1,1,0,1,1,1,0,0,0,0,0,16,0,0,5,2,4,7,0,1,6,25,22,0,0,0,0,0,0,0,0,7,1,1,0,1,0,0,2,2,0,1,KRBKRNvK,DRAW,2B2R2/8/2n5/2K5/8/8/1r6/7k b - - 0 1
1,1,0,0,0,0,0,1,-1,1,0,1,1,1,0,0,0,0,0,16,0,0,4,4,5,5,1,1,3,25,13,0,0,0,0,0,0,0,0,7,1,1,0,1,0,0,3,1,1,0,KRBKRNvK,DRAW,8/8/4K3/6B1/8/4R3/2n2kr1/8 w - - 0 1
0,1,0,0,0,0,0,1,-1,1,0,1,1,1,0,0,0,0,0,16,0,0,6,7,3,1,0,3,5,17,24,0,0,0,0,0,0,0,0,7,1,1,0,0,0,0,2,3,0,0,KRBKRNvK,DRAW,8/6B1/1R6/r7/7K/1n6/8/1k6 b - - 0 1
1,1,0,0,0,0,0,1,-1,1,0,1,1,1,0,0,0,0,0,16,0,0,3,2,4,5,4,1,1,5,0,1,0,0,0,0,0,0,0,7,1,1,0,0,0,0,3,2,2,0,KRBKRNvK,DRAW,3n4/8/3B3R/2K2k2/8/8/8/2r5 w - - 0 1
0,1,0,0,0,0,0,1,-1,1,0,1,1,1,0,0,0,0,0,16,0,0,7,0,7,0,0,6,6,17,17,0,0,0,0,0,0,0,0,7,1,1,0,0,0,0,1,0,0,1,KRBKRNvK,DRAW,K7/2r5/8/8/8/6B1/6R1/kn6 b - - 0 1
1,1,0,0,0,0,0,1,-1,1,0,1,1,1,0,0,0,0,0,16,0,0,2,2,6,4,7,3,3,25,19,0,0,0,0,0,0,0,0,7,1,1,1,0,0,0,3,2,1,1,KRBKRNvK,DRAW,4k3/2KR4/8/r7/8/3B4/8/4n3 w - - 0 1
1,1,0,0,0,0,0,1,-1,1,0,1,1,1,0,0,0,0,0,16,0,0,4,5,7,1,6,4,4,20,20,0,0,0,0,0,0,0,0,7,1,1,0,0,0,0,3,1,0,0,KRBKRNvK,DRAW,4RK2/1kr5/8/8/8/4B3/4n3/8 w - - 0 1
0,1,0,0,0,0,0,1,-1,1,0,1,1,1,0,0,0,0,0,16,0,0,4,2,5,3,1,2,2,19,26,0,0,0,0,0,0,0,0,7,1,1,0,1,0,0,3,0,0,0,KRBKRNvK,DRAW,8/6nB/2K5/R7/8/8/1r1k4/8 b - - 0 1
0,1,0,0,0,0,0,1,-1,1,0,1,1,1,0,0,0,0,0,16,0,0,3,3,3,4,0,0,3,3,0,1,0,0,0,0,0,0,0,7,1,1,1,0,0,0,3,0,0,0,KRBKRNvK,DRAW,8/n3R3/8/8/3K2B1/8/8/4k2r b - - 0 1
0,1,0,0,0,0,0,1,-1,1,0,1,1,1,0,0,0,0,0,16,0,0,3,4,3,6,6,0,4,24,25,0,0,0,0,0,0,0,0,7,1,1,0,0,0,0,3,0,0,0,KRBKRNvK,DRAW,5r2/6k1/8/1R6/4K3/8/8/4Bn2 b - - 0 1
1,1,0,0,0,0,0,1,-1,1,0,1,1,1,0,0,0,0,0,16,0,0,3,6,3,6,6,2,4,27,21,0,0,0,0,0,0,0,0,7,1,1,0,0,0,0,2,0,1,0,KRBKRNvK,DRAW,4R3/6kn/1r6/8/B5K1/8/8/8 w - - 0 1
0,1,0,0,0,0,0,1,-1,1,0,1,1,1,0,0,0,0,0,16,0,0,6,1,6,7,1,4,5,17,26,0,0,0,0,0,0,0,0,7,1,1,0,0,0,0,2,2,0,0,KRBKRNvK,DRAW,8/1K6/B7/7r/8/8/7k/3R3n b - - 0 1
0,1,0,0,0,0,0,1,-1,1,0,1,1,1,0,0,0,0,0,16,0,0,3,1,3,2,0,2,4,23,22,0,0,0,0,0,0,0,0,7,1,1,0,0,0,0,2,0,0,0,KRBKRNvK,DRAW,3n4/6r1/8/1R6/1K6/8/8/2k2B2 b - - 0 1
0,1,0,0,0,0,0,1,-1,1,0,1,1,1,0,0,0,0,0,16,0,0,2,7,2,5,0,4,4,17,24,0,0,0,0,0,0,0,0,7,1,1,0,0,0,0,2,0,2,0,KRBKRNvK,DRAW,8/8/r7/8/8/7K/3R4/n2B1k2 b - - 0 1
0,1,0,0,0,0,0,1,-1,1,0,1,1,1,0,0,0,0,0,16,0,0,4,4,0,2,4,3,1,24,23,0,0,0,0,0,0,0,0,7,1,1,0,0,0,0,1,3,0,0,KRBKRNvK,DRAW,5R2/8/8/2k5/1r2n3/8/2B5/4K3 b - - 0 1
0,1,0,0,0,0,0,1,-1,1,0,1,1,1,0,0,0,0,0,16,0,0,5,4,7,4,2,3,1,5,0,1,0,0,0,0,0,0,0,7,1,1,0,0,0,0,1,4,0,0,KRBKRNvK,DRAW,4K3/8/1B6/6r1/8/4k1n1/1R6/8 b - - 0 1
0,1,0,0,0,0,0,1,-1,1,0,1,1,1,0,0,0,0,0,16,0,0,4,6,6,2,6,4,3,6,0,1,0,0,0,0,0,0,0,7,1,1,0,0,0,0,0,0,1,0,KRBKRNvK,LOSS,8/2k3K1/8/B7/8/8/8/R1r4n b - - 0 1
0,1,0,0,0,0,0,1,-1,1,0,1,1,1,0,0,0,0,0,16,0,0,2,4,5,6,6,1,4,24,21,0,0,0,0,0,0,0,0,7,1,1,0,0,0,0,2,3,0,1,KRBKRNvK,DRAW,8/6k1/4K3/2r5/8/1n6/5R2/4B3 b - - 0 1
0,1,0,0,0,0,0,1,-1,1,0,1,1,1,0,0,0,0,0,16,0,0,5,7,5,2,1,4,3,28,16,0,0,0,0,0,0,0,0,7,1,1,0,0,0,0,1,3,0,0,KRBKRNvK,DRAW,1B5R/8/7K/2r5/8/5n2/2k5/8 b - - 0 1
0,1,0,0,0,0,0,1,-1,1,0,1,1,1,0,0,0,0,0,16,0,0,5,2,1,5,6,3,3,23,30,0,0,0,0,0,0,0,0,7,1,1,0,0,0,0,3,2,0,0,KRBKRNvK,DRAW,8/5k2/8/5r2/7R/6B1/2K5/6n1 b - - 0 1
1,1,0,0,0,0,0,1,-1,1,0,1,1,1,0,0,0,0,0,16,0,0,2,5,6,7,7,3,6,27,11,0,0,0,0,0,0,0,0,7,1,1,0,0,0,0,2,1,0,0,KRBKRNvK,WIN,7k/5K2/8/B7/8/rn6/8/3R4 w - - 0 1
1,1,0,0,0,0,0,1,-1,1,0,1,1,1,0,0,0,0,0,16,0,0,2,0,3,2,5,3,2,22,21,0,0,0,0,0,0,0,0,7,1,1,0,0,0,0,1,2,0,0,KRBKRNvK,DRAW,8/8/2k5/5nr1/K7/8/5B2/R7 w - - 0 1
1,1,0,0,0,0,0,1,-1,1,0,1,1,1,0,0,0,0,0,16,0,0,4,7,0,3,3,6,0,23,25,0,0,0,0,0,0,0,0,7,1,1,0,0,0,0,1,3,0,0,KRBKRNvK,DRAW,4r3/8/8/3n4/3k4/R7/7B/7K w - - 0 1
1,1,0,0,0,0,0,1,-1,1,0,1,1,1,0,0,0,0,0,16,0,0,7,7,3,0,5,3,4,30,19,0,0,0,0,0,0,0,0,7,1,1,0,0,0,0,1,2,0,0,KRBKRNvK,DRAW,5R2/8/k2rB3/8/n6K/8/8/8 w - - 0 1
1,1,0,0,0,0,0,1,-1,1,0,1,1,1,0,0,0,0,0,16,0,0,2,5,7,3,7,4,3,3,0,1,0,0,0,0,0,0,0,7,1,1,0,0,0,0,2,3,1,0,KRBKRNvK,DRAW,B2k1K2/2n5/1R6/8/5r2/8/8/8 w - - 0 1
0,1,0,0,0,0,0,1,-1,1,0,1,1,1,0,0,0,0,0,16,0,0,4,4,2,3,6,1,2,6,0,1,0,0,0,0,0,0,0,7,1,1,0,0,0,0,3,2,0,0,KRBKRNvK,DRAW,1r6/3k4/2n5/8/4B3/3RK3/8/8 b - - 0 1
1,1,0,0,0,0,0,1,-1,1,0,1,1,1,0,0,0,0,0,16,0,0,2,3,4,5,6,0,3,27,20,0,0,0,0,0,0,0,0,7,1,1,0,1,0,0,3,2,1,0,KRBKRNvK,DRAW,n7/5kB1/2R5/3K4/8/8/4r3/8 w - - 0 1
1,1,0,0,0,0,0,1,-1,1,0,1,1,1,0,0,0,0,0,16,0,0,6,6,1,4,7,4,3,31,19,0,0,0,0,0,0,0,0,7,1,1,0,0,0,0,3,2,1,0,KRBKRNvK,DRAW,4k3/4r1B1/8/7R/n7/8/6K1/8 w - - 0 1
0,1,0,0,0,0,0,1,-1,1,0,1,1,1,0,0,0,0,0,16,0,0,2,5,5,6,7,2,5,3,0,1,0,0,0,0,0,0,0,7,1,1,0,0,0,0,2,3,2,1,KRBKRNvK,DRAW,6k1/5B2/4RK2/8/4r3/8/3n4/8 b - - 0 1
1,1,0,0,0,0,0,1,-1,1,0,1,1,1,0,0,0,0,0,16,0,0,3,3,3,0,6,0,5,7,0,1,0,0,0,0,0,0,0,7,1,1,0,0,0,0,3,2,0,0,KRBKRNvK,DRAW,8/k2r4/8/8/3K4/1B5n/8/1R6 w - - 0 1
0,1,0,0,0,0,0,1,-1,1,0,1,1,1,0,0,0,0,0,16,0,0,4,7,3,3,4,3,0,6,0,1,0,0,0,0,0,0,0,7,1,1,0,0,0,0,2,4,1,0,KRBKRNvK,DRAW,8/2n5/2r5/3k4/7K/5B2/5R2/8 b - - 0 1
0,1,0,0,0,0,0,1,-1,1,0,1,1,1,0,0,0,0,0,16,0,0,4,6,3,5,7,2,4,23,32,0,0,0,0,0,0,0,0,7,1,1,0,0,0,0,1,0,0,0,KRBKRNvK,DRAW,2n2k2/1r6/8/8/5BK1/2R5/8/8 b - - 0 1
0,1,0,0,0,0,0,1,-1,1,0,1,1,1,0,0,0,0,0,16,0,0,5,5,6,0,3,3,3,18,22,0,0,0,0,0,0,0,0,7,1,1,1,0,0,0,1,0,0,0,KRBKRNvK,DRAW,8/BR3K2/8/8/k7/6r1/8/n7 b - - 0 1
1,1,0,0,0,0,0,1,-1,1,0,1,1,1,0,0,0,0,0,16,0,0,3,6,0,5,3,5,1,26,22,0,0,0,0,0,0,0,0,7,1,1,0,0,0,0,2,4,0,0,KRBKRNvK,DRAW,1n6/8/B2r4/2R5/5k2/8/8/6K1 w - - 0 1
1,1,0,0,0,0,0,1,-1,1,0,1,1,1,0,0,0,0,0,16,0,0,3,0,1,0,4,5,3,24,19,0,0,0,0,0,0,0,0,7,1,1,0,0,0,0,0,0,0,1,KRBKRNvK,DRAW,1n6/8/7R/k7/8/2r5/K7/3B4 w - - 0 1
1,1,0,0,0,0,0,1,-1,1,0,1,1,1,0,0,0,0,0,16,0,0,5,5,2,0,4,2,3,29,25,0,0,0,0,0,0,0,0,7,1,1,0,0,0,0,2,2,1,0,KRBKRNvK,DRAW,7r/8/8/k7/3R4/1Bn2K2/8/8 w - - 0 1
1,1,0,0,0,0,0,1,-1,1,0,1,1,1,0,0,0,0,0,16,0,0,3,4,3,2,0,0,4,6,0,1,0,0,0,0,0,0,0,7,1,1,1,0,0,0,3,2,0,0,KRBKRNvK,DRAW,5n2/6R1/8/8/1r2K3/6B1/8/2k5 w - - 0 1
0,1,0,0,0,0,0,1,-1,1,0,1,1,1,0,0,0,0,0,16,0,0,6,6,0,3,6,5,2,24,23,0,0,0,0,0,0,0,0,7,1,1,0,0,0,0,0,1,0,0,KRBKRNvK,DRAW,r7/3kn3/8/8/8/2R5/8/4B1K1 b - - 0 1
1,1,0,0,0,0,0,1,-1,1,0,1,1,1,0,0,0,0,0,16,0,0,5,5,6,6,1,3,4,29,25,0,0,0,0,0,0,0,0,7,1,1,0,0,0,0,2,2,0,0,KRBKRNvK,DRAW,8/5K2/5B2/8/8/2R5/4n1k1/3r4 w - - 0 1
1,1,0,0,0,0,0,1,-1,1,0,1,1,1,0,0,0,0,0,16,0,0,4,6,0,2,2,5,2,28,22,0,0,0,0,0,0,0,0,7,1,1,0,0,0,0,1,3,1,0,KRBKRNvK,DRAW,8/2B1r3/8/1n6/8/2k5/R7/6K1 w - - 0 1
1,1,0,0,0,0,0,1,-1,1,0,1,1,1,0,0,0,0,0,16,0,0,4,6,0,2,4,5,1,24,26,0,0,0,0,0,0,0,0,7,1,1,0,0,0,0,3,3,0,0,KRBKRNvK,DRAW,8/5r2/2n5/2k5/7R/8/8/B5K1 w - - 0 1
1,1,0,0,0,0,0,1,-1,1,0,1,1,1,0,0,0,0,0,16,0,0,4,1,5,4,1,3,2,6,0,1,0,0,0,0,0,0,0,7,1,1,0,0,0,0,2,2,1,1,KRBKRNvK,DRAW,8/8/1K1r4/6Rn/8/8/3Bk3/8 w - - 0 1
0,1,0,0,0,0,0,1,-1,1,0,1,1,1,0,0,0,0,0,16,0,0,4,0,4,1,0,3,5,19,19,0,0,0,0,0,0,0,0,7,1,1,1,0,0,0,2,2,0,0,KRBKRNvK,DRAW,7B/R7/8/K2n4/8/8/8/1k1r4 b - - 0 1
1,1,0,0,0,0,0,1,-1,1,0,1,1,1,0,0,0,0,0,16,0,0,5,5,0,1,5,4,3,24,24,0,0,0,0,0,0,0,0,7,1,1,0,0,0,0,2,2,1,0,KRBKRNvK,DRAW,B5R1/8/1k6/7r/8/8/8/2n2K2 w - - 0 1
0,1,0,0,0,0,0,1,-1,1,0,1,1,1,0,0,0,0,0,16,0,0,5,2,1,7,6,3,5,23,30,0,0,0,0,0,0,0,0,7,1,1,0,0,0,0,0,0,0,0,KRBKRNvK,DRAW,R7/5r1k/8/4n3/8/8/2K1B3/8 b - - 0 1
0,1,0,0,0,0,0,1,-1,1,0,1,1,1,0,0,0,0,0,16,0,0,3,5,0,6,3,4,2,26,22,0,0,0,0,0,0,0,0,7,1,1,0,0,0,0,0,1,0,0,KRBKRNvK,DRAW,6r1/8/R2n4/8/1B4k1/8/8/5K2 b - - 0 1
1,1,0,0,0,0,0,1,-1,1,0,1,1,1,0,0,0,0,0,16,0,0,5,4,7,2,2,3,2,3,0,1,0,0,0,0,0,0,0,7,1,1,0,0,0,0,2,2,1,1,KRBKRNvK,DRAW,4K1r1/8/1n6/5R2/8/2k5/4B3/8 w - - 0 1
1,1,0,0,0,0,0,1,-1,1,0,1,1,1,0,0,0,0,0,16,0,0,6,7,0,7,6,6,5,28,20,0,0,0,0,0,0,0,0,7,1,1,0,0,0,0,3,0,1,0,KRBKRNvK,DRAW,8/r6k/5B2/8/8/4R3/8/2n4K w - - 0 1
1,1,0,0,0,0,0,1,-1,1,0,1,1,1,0,0,0,0,0,16,0,0,4,7,0,3,3,6,0,26,24,0,0,0,0,0,0,0,0,7,1,1,0,0,0,0,1,3,1,0,KRBKRNvK,DRAW,R7/6r1/8/8/3k1B2/8/1n6/7K w - - 0 1
0,1,0,0,0,0,0,1,-1,1,0,1,1,1,0,0,0,0,0,16,0,0,2,3,7,4,5,3,1,3,0,1,0,0,0,0,0,0,0,7,1,1,0,0,0,0,2,3,1,1,KRBKRNvK,DRAW,B2K4/2r5/4k1R1/6n1/8/8/8/8 b - - 0 1
0,1,0,0,0,0,0,1,-1,1,0,1,1,1,0,0,0,0,0,16,0,0,3,4,6,6,3,2,2,17,25,0,0,0,0,0,0,0,0,7,1,1,0,0,0,0,2,1,0,0,KRBKRNvK,DRAW,8/4K3/2B5/8/3Rn1k1/8/8/4r3 b - - 0 1
0,1,0,0,0,0,0,1,-1,1,0,1,1,1,0,0,0,0,0,16,0,0,3,1,2,3,5,3,1,21,24,0,0,0,0,0,0,0,0,7,1,1,0,0,0,0,0,2,0,0,KRBKRNvK,DRAW,8/8/1n1k3r/8/8/1KR5/8/5B2 b - - 0 1
1,1,0,0,0,0,0,1,-1,1,0,1,1,1,0,0,0,0,0,16,0,0,4,2,6,6,4,3,2,7,0,1,0,0,0,0,0,0,0,7,1,1,0,0,0,0,1,2,0,1,KRBKRNvK,DRAW,8/2K5/8/3n2k1/3r4/8/5R1B/8 w - - 0 1
1,1,0,0,0,0,0,1,-1,1,0,1,1,1,0,0,0,0,0,16,0,0,5,2,3,7,6,1,5,26,24,0,0,0,0,0,0,0,0,7,1,1,0,0,0,0,2,1,0,1,KRBKRNvK,DRAW,3R4/5r1k/4n3/8/2K4B/8/8/8 w - - 0 1
0,1,0,0,0,0,0,1,-1,1,0,1,1,1,0,0,0,0,0,16,0,0,7,7,7,0,4,6,3,1,0,1,0,0,0,0,0,0,0,7,1,1,0,0,0,0,1,2,2,0,KRBKRNvK,DRAW,7K/8/8/k1B5/8/R7/8/3rn3 b - - 0 1
0,1,0,0,0,0,0,1,-1,1,0,1,1,1,0,0,0,0,0,16,0,0,5,1,2,2,7,3,4,4,0,1,0,0,0,0,0,0,0,7,1,1,0,1,0,0,1,1,0,2,KRBKRNvK,LOSS,2k5/8/8/5B2/2n5/1K6/r7/5R2 b - - 0 1
1,1,0,0,0,0,0,1,-1,1,0,1,1,1,0,0,0,0,0,16,0,0,5,7,2,2,2,4,2,4,0,1,0,0,0,0,0,0,0,7,1,1,0,0,0,0,0,3,0,0,KRBKRNvK,DRAW,8/3B4/8/8/8/2k1r2K/3n4/7R w - - 0 1
1,1,0,0,0,0,0,1,-1,1,0,1,1,1,0,0,0,0,0,16,0,0,7,3,0,4,7,3,3,28,17,0,0,0,0,0,0,0,0,7,1,1,0,0,0,0,1,0,1,1,KRBKRNvK,DRAW,4k3/8/6R1/8/2B5/n1r5/8/3K4 w - - 0 1
0,1,0,0,0,0,0,1,-1,1,0,1,1,1,0,0,0,0,0,16,0,0,6,1,2,7,1,3,5,24,27,0,0,0,0,0,0,0,0,7,1,1,0,0,0,0,2,1,1,0,KRBKRNvK,DRAW,2r5/8/1n6/8/5R2/1K6/4B2k/8 b - - 0 1
0,1,0,0,0,0,0,1,-1,1,0,1,1,1,0,0,0,0,0,16,0,0,3,4,3,1,2,0,3,22,28,0,0,0,0,0,0,0,0,7,1,1,1,0,0,0,3,0,1,0,KRBKRNvK,DRAW,8/2R5/8/8/4K3/1kB5/1n6/6r1 b - - 0 1
1,1,0,0,0,0,0,1,-1,1,0,1,1,1,0,0,0,0,0,16,0,0,3,7,2,4,4,4,0,2,0,1,0,0,0,0,0,0,0,7,1,1,0,0,0,0,2,4,0,1,KRBKRNvK,DRAW,8/2n5/8/4k2r/8/7K/1R4B1/8 w - - 0 1
0,1,0,0,0,0,0,1,-1,1,0,1,1,1,0,0,0,0,0,16,0,0,5,5,7,0,6,4,5,25,23,0,0,0,0,0,0,0,0,7,1,1,0,0,0,0,2,2,0,1,KRBKRNvK,DRAW,5K2/k4n2/8/7r/8/3R4/2B5/8 b - - 0 1
0,1,0,0,0,0,0,1,-1,1,0,1,1,1,0,0,0,0,0,16,0,0,2,3,0,1,2,3,3,4,0,1,0,0,0,0,0,0,0,7,1,1,0,1,0,0,1,0,0,0,KRBKRNvK,DRAW,8/8/1R1B4/8/8/1k5n/6r1/3K4 b - - 0 1
0,1,0,0,0,0,0,1,-1,1,0,1,1,1,0,0,0,0,0,16,0,0,3,5,6,4,3,3,0,4,0,1,0,0,0,0,0,0,0,7,1,1,0,1,0,0,3,3,1,0,KRBKRNvK,DRAW,7B/5K2/8/4R3/4k3/7n/1r6/8 b - - 0 1
1,1,0,0,0,0,0,1,-1,1,0,1,1,1,0,0,0,0,0,16,0,0,3,5,4,2,6,1,3,7,0,1,0,0,0,0,0,0,0,7,1,1,0,0,0,0,3,1,0,1,KRBKRNvK,DRAW,8/2k5/1r1n4/5K2/8/2B5/8/5R2 w - - 0 1
1,1,0,0,0,0,0,1,-1,1,0,1,1,1,0,0,0,0,0,16,0,0,2,6,0,4,1,5,2,25,18,0,0,0,0,0,0,0,0,7,1,1,0,0,0,0,3,2,1,0,KRBKRNvK,DRAW,8/8/3B4/r7/3R4/8/4k3/n5K1 w - - 0 1
0,1,0,0,0,0,0,1,-1,1,0,1,1,1,0,0,0,0,0,16,0,0,6,0,1,1,7,5,5,22,24,0,0,0,0,0,0,0,0,7,1,1,0,0,0,0,2,1,1,0,KRBKRNvK,DRAW,1k4r1/8/R7/8/8/4n3/K7/7B b - - 0 1
1,1,0,0,0,0,0,1,-1,1,0,1,1,1,0,0,0,0,0,16,0,0,3,3,7,5,4,3,1,6,0,1,0,0,0,0,0,0,0,7,1,1,0,0,0,0,3,4,2,0,KRBKRNvK,DRAW,3K4/8/5B2/5k2/6R1/8/1n6/3r4 w - - 0 1
0,1,0,0,0,0,0,1,-1,1,0,1,1,1,0,0,0,0,0,16,0,0,3,7,4,7,7,3,6,21,22,0,0,0,0,0,0,0,0,7,1,1,0,0,0,0,2,2,0,1,KRBKRNvK,DRAW,5r1k/8/8/2R4K/8/5n2/8/2B5 b - - 0 1
1,1,0,0,0,0,0,1,-1,1,0,1,1,1,0,0,0,0,0,16,0,0,2,6,5,5,7,3,4,5,0,1,0,0,0,0,0,0,0,7,1,1,0,1,0,0,3,2,0,1,KRBKRNvK,DRAW,5k2/8/6K1/3R4/2B4n/8/3r4/8 w - - 0 1
1,1,0,0,0,0,0,1,-1,1,0,1,1,1,0,0,0,0,0,16,0,0,4,3,1,7,3,2,3,26,19,0,0,0,0,0,0,0,0,7,1,1,0,0,0,0,2,1,0,0,KRBKRNvK,DRAW,4R3/2rn4/8/8/7k/8/3K4/5B2 w - - 0 1
0,1,0,0,0,0,0,1,-1,1,0,1,1,1,0,0,0,0,0,16,0,0,3,0,2,3,1,4,2,17,24,0,0,0,0,0,0,0,0,7,1,1,0,1,0,0,2,0,1,1,KRBKRNvK,DRAW,1B6/8/8/8/4R3/K7/2rk2n1/8 b - - 0 1
0,1,0,0,0,0,0,1,-1,1,0,1,1,1,0,0,0,0,0,16,0,0,2,0,7,2,7,6,4,3,0,1,0,0,0,0,0,0,0,7,1,1,0,0,0,0,1,1,0,0,KRBKRNvK,DRAW,K1k4R/8/6B1/8/8/3n1r2/8/8 b - - 0 1
0,1,0,0,0,0,0,1,-1,1,0,1,1,1,0,0,0,0,0,16,0,0,2,1,0,3,1,5,2,16,22,0,0,0,0,0,0,0,0,7,1,1,0,0,0,0,2,0,1,0,KRBKRNvK,DRAW,r2n3B/8/8/8/8/5R2/3k4/1K6 b - - 0 1
1,1,0,0,0,0,0,1,-1,1,0,1,1,1,0,0,0,0,0,16,0,0,3,4,7,7,6,3,5,25,20,0,0,0,0,0,0,0,0,7,1,1,0,0,0,0,2,0,0,1,KRBKRNvK,DRAW,4K3/7k/6r1/4R3/7B/8/8/7n w - - 0 1
0,1,0,0,0,0,0,1,-1,1,0,1,1,1,0,0,0,0,0,16,0,0,6,2,0,0,6,4,5,2,0,1,0,0,0,0,0,0,0,7,1,1,0,0,0,0,1,1,1,0,KRBKRNvK,DRAW,8/k7/8/2B5/4n2r/R7/8/2K5 b - - 0 1
1,1,0,0,0,0,0,1,-1,1,0,1,1,1,0,0,0,0,0,16,0,0,2,4,5,2,5,1,2,3,0,1,0,0,0,0,0,0,0,7,1,1,0,0,0,0,4,2,1,2,KRBKRNvK,DRAW,3n4/8/2krK3/8/3B1R2/8/8/8 w - - 0 1
1,1,0,0,0,0,0,1,-1,1,0,1,1,1,0,0,0,0,0,16,0,0,6,1,0,7,1,5,5,5,0,1,0,0,0,0,0,0,0,7,1,1,0,0,0,0,2,3,0,0,KRBKRNvK,LOSS,8/8/3n3B/1r6/4R3/8/7k/1K6 w - - 0 1
0,1,0,0,0,0,0,1,-1,1,0,1,1,1,0,0,0,0,0,16,0,0,2,5,3,3,4,1,0,5,0,1,0,0,0,0,0,0,0,7,1,1,0,0,0,0,3,3,0,2,KRBKRNvK,DRAW,6R1/8/8/3k4/5Kn1/4r3/B7/8 b - - 0 1
1,1,0,0,0,0,0,1,-1,1,0,1,1,1,0,0,0,0,0,16,0,0,4,5,1,1,4,3,2,4,0,1,0,0,0,0,0,0,0,7,1,1,0,1,0,0,1,1,1,2,KRBKRNvK,DRAW,8/8/8/1k6/3B4/6R1/3r1K2/3n4 w - - 0 1
0,1,0,0,0,0,0,1,-1,1,0,1,1,1,0,0,0,0,0,16,0,0,2,3,3,5,3,0,1,2,0,1,0,0,0,0,0,0,0,7,1,1,0,0,0,0,3,2,1,0,KRBKRNvK,DRAW,B7/n7/5R2/8/3K1kr1/8/8/8 b - - 0 1
1,1,0,0,0,0,0,1,-1,1,0,1,1,1,0,0,0,0,0,16,0,0,2,2,4,0,6,1,5,29,20,0,0,0,0,0,0,0,0,7,1,1,0,0,0,0,3,1,0,0,KRBKRNvK,DRAW,8/k4rB1/8/2K5/5n2/8/8/3R4 w - - 0 1
1,1,0,0,0,0,0,1,-1,1,0,1,1,1,0,0,0,0,0,16,0,0,6,1,7,7,1,5,5,3,0,1,0,0,0,0,0,0,0,7,1,1,0,0,0,0,2,2,1,1,KRBKRNvK,DRAW,1K6/8/n7/Br6/5R2/8/7k/8 w - - 0 1
1,1,0,0,0,0,0,1,-1,1,0,1,1,1,0,0,0,0,0,16,0,0,2,5,5,5,7,2,4,18,19,0,0,0,0,0,0,0,0,7,1,1,0,0,0,0,3,1,1,1,KRBKRNvK,DRAW,5k1B/r4n2/5K2/8/8/8/8/3R4 w - - 0 1
0,1,0,0,0,0,0,1,-1,1,0,1,1,1,0,0,0,0,0,16,0,0,6,6,1,0,7,4,6,2,0,1,0,0,0,0,0,0,0,7,1,1,1,0,0,0,2,2,1,1,KRBKRNvK,DRAW,k7/1B4R1/8/8/8/4r3/n5K1/8 b - - 0 1
1,1,0,0,0,0,0,1,-1,1,0,1,1,1,0,0,0,0,0,16,0,0,5,2,1,7,1,3,5,6,0,1,0,0,0,0,0,0,0,7,1,1,0,1,0,0,1,1,0,0,KRBKRNvK,DRAW,8/8/2R3n1/8/8/3B4/2K3rk/8 w - - 0 1
0,1,0,0,0,0,0,1,-1,1,0,1,1,1,0,0,0,0,0,16,0,0,5,3,6,2,1,2,3,23,26,0,0,0,0,0,0,0,0,7,1,1,0,0,0,0,2,0,0,0,KRBKRNvK,DRAW,5B2/n2K4/8/8/5R2/8/2k5/r7 b - - 0 1
0,1,0,0,0,0,0,1,-1,1,0,1,1,1,0,0,0,0,0,16,0,0,4,4,5,0,7,1,6,4,0,1,0,0,0,0,0,0,0,7,1,1,0,0,0,0,3,3,0,1,KRBKRNvK,DRAW,k7/8/4K3/5B2/2n4r/8/8/R7 b - - 0 1
0,1,0,0,0,0,0,1,-1,1,0,1,1,1,0,0,0,0,0,16,0,0,3,5,5,2,5,2,2,6,0,1,0,0,0,0,0,0,0,7,1,1,0,0,0,0,1,1,1,1,KRBKRNvK,DRAW,2Rn4/8/2k2K2/8/8/1r6/8/3B4 b - - 0 1
1,1,0,0,0,0,0,1,-1,1,0,1,1,1,0,0,0,0,0,16,0,0,4,7,3,3,1,3,2,4,0,1,0,0,0,0,0,0,0,7,1,1,0,0,0,0,1,2,1,1,KRBKRNvK,DRAW,R7/8/8/8/3B1r1K/8/3k4/3n4 w - - 0 1
0,1,0,0,0,0,0,1,-1,1,0,1,1,1,0,0,0,0,0,16,0,0,6,0,3,6,1,3,4,20,25,0,0,0,0,0,0,0,0,7,1,1,0,0,0,0,2,2,2,0,KRBKRNvK,DRAW,6n1/4r3/8/8/K4RB1/8/6k1/8 b - - 0 1
0,1,0,0,0,0,0,1,-1,1,0,1,1,1,0,0,0,0,0,16,0,0,4,3,5,7,4,1,3,21,28,0,0,0,0,0,0,0,0,7,1,1,0,0,0,0,3,0,0,1,KRBKRNvK,DRAW,1n6/8/3K4/7k/4B3/4R3/8/r7 b - - 0 1
0,1,0,0,0,0,0,1,-1,1,0,1,1,1,0,0,0,0,0,16,0,0,4,4,1,6,5,2,3,27,28,0,0,0,0,0,0,0,0,7,1,1,1,0,0,0,1,3,0,0,KRBKRNvK,DRAW,8/2R2n2/6k1/8/7r/1B6/4K3/8 b - - 0 1
1,1,0,0,0,0,0,1,-1,1,0,1,1,1,0,0,0,0,0,16,0,0,2,4,5,5,7,1,4,5,0,1,0,0,0,0,0,0,0,7,1,1,0,0,0,0,3,2,0,1,KRBKRNvK,DRAW,5k2/8/4K3/8/R1n5/4r3/6B1/8 w - - 0 1
1,1,0,0,0,0,0,1,-1,1,0,1,1,1,0,0,0,0,0,16,0,0,2,3,4,4,6,0,2,29,21,0,0,0,0,0,0,0,0,7,1,1,0,0,0,0,3,0,0,0,KRBKRNvK,DRAW,8/4k3/8/1B1K4/8/r7/7n/6R1 w - - 0 1
0,1,0,0,0,0,0,1,-1,1,0,1,1,1,0,0,0,0,0,16,0,0,4,2,6,5,2,3,2,24,21,0,0,0,0,0,0,0,0,7,1,1,0,0,0,0,0,2,0,0,KRBKRNvK,DRAW,5B2/2K5/8/8/8/1r3k2/2R1n3/8 b - - 0 1
0,1,0,0,0,0,0,1,-1,1,0,1,1,1,0,0,0,0,0,16,0,0,3,3,6,1,3,2,2,3,0,1,0,0,0,0,0,0,0,7,1,1,0,0,0,0,0,0,0,1,KRBKRNvK,LOSS,1r6/3KB3/8/n7/1k6/8/8/1R6 b - - 0 1
0,1,0,0,0,0,0,1,-1,1,0,1,1,1,0,0,0,0,0,16,0,0,2,6,0,7,2,5,4,2,0,1,0,0,0,0,0,0,0,7,1,1,0,0,0,0,1,2,0,0,KRBKRNvK,DRAW,8/4rB2/7R/3n4/8/7k/8/6K1 b - - 0 1
0,1,0,0,0,0,0,1,-1,1,0,1,1,1,0,0,0,0,0,16,0,0,7,5,0,1,7,4,5,21,26,0,0,0,0,0,0,0,0,7,1,1,0,0,0,0,1,2,0,1,KRBKRNvK,DRAW,1k6/8/4B3/8/r7/8/6n1/2R2K2 b - - 0 1
1,1,0,0,0,0,0,1,-1,1,0,1,1,1,0,0,0,0,0,16,0,0,3,2,3,2,0,1,4,5,0,1,0,0,0,0,0,0,0,7,1,1,0,0,0,0,2,3,0,1,KRBKRNvK,DRAW,3R1B2/8/1n6/8/2K3r1/8/8/2k5 w - - 0 1
1,1,0,0,0,0,0,1,-1,1,0,1,1,1,0,0,0,0,0,16,0,0,4,6,6,5,2,4,2,28,10,0,0,0,0,0,0,0,0,7,1,1,0,1,0,0,0,1,1,0,KRBKRNvK,DRAW,8/6K1/6R1/8/7n/5k2/3B1r2/8 w - - 0 1
0,1,0,0,0,0,0,1,-1,1,0,1,1,1,0,0,0,0,0,16,0,0,4,2,1,2,5,3,2,8,0,1,0,0,0,0,0,0,0,7,1,1,0,0,0,0,3,1,0,1,KRBKRNvK,DRAW,8/8/2k5/8/7R/6r1/2K5/3n3B b - - 0 1
0,1,0,0,0,0,0,1,-1,1,0,1,1,1,0,0,0,0,0,16,0,0,7,3,0,4,7,3,3,17,26,0,0,0,0,0,0,0,0,7,1,1,0,0,0,0,3,0,0,0,KRBKRNvK,DRAW,r3k2B/8/8/5R2/8/7n/8/3K4 b - - 0 1
1,1,0,0,0,0,0,1,-1,1,0,1,1,1,0,0,0,0,0,16,0,0,2,4,2,6,4,1,2,28,20,0,0,0,0,0,0,0,0,7,1,1,0,0,0,0,2,0,1,0,KRBKRNvK,DRAW,8/5r1n/8/6k1/6B1/4K3/2R5/8 w - - 0 1
0,1,0,0,0,0,0,1,-1,1,0,1,1,1,0,0,0,0,0,16,0,0,2,3,5,2,3,1,1,22,27,0,0,0,0,0,0,0,0,7,1,1,0,0,0,0,3,3,0,0,KRBKRNvK,DRAW,6R1/8/3K4/8/2k4r/8/3n2B1/8 b - - 0 1
1,1,0,0,0,0,0,1,-1,1,0,1,1,1,0,0,0,0,0,16,0,0,5,4,7,0,2,3,4,27,18,0,0,0,0,0,0,0,0,7,1,1,0,0,0,0,1,2,0,0,KRBKRNvK,DRAW,4K2R/8/8/1n1B4/r7/k7/8/8 w - - 0 1
0,1,0,0,0,0,0,1,-1,1,0,1,1,1,0,0,0,0,0,16,0,0,2,4,2,4,0,1,3,19,17,0,0,0,0,0,0,0,0,7,1,1,0,0,0,0,2,2,0,1,KRBKRNvK,DRAW,4B1R1/8/8/8/r7/4K3/8/4k1n1 b - - 0 1
0,1,0,0,0,0,0,1,-1,1,0,1,1,1,0,0,0,0,0,16,0,0,6,1,1,7,0,4,6,24,29,0,0,0,0,0,0,0,0,7,1,1,0,0,0,0,2,3,0,1,KRBKRNvK,DRAW,4R3/8/B7/5n2/3r4/8/1K6/7k b - - 0 1
0,1,0,0,0,0,0,1,-1,1,0,1,1,1,0,0,0,0,0,16,0,0,3,6,4,3,5,2,1,6,0,1,0,0,0,0,0,0,0,7,1,1,0,0,0,0,0,2,1,0,KRBKRNvK,DRAW,5B2/8/3k4/6K1/8/8/6R1/1r5n b - - 0 1
1,1,0,0,0,0,0,1,-1,1,0,1,1,1,0,0,0,0,0,16,0,0,2,3,3,2,5,0,2,4,0,1,0,0,0,0,0,0,0,7,1,1,0,0,0,0,3,3,1,2,KRBKRNvK,DRAW,2B5/8/2k5/5r2/3K4/R7/4n3/8 w - - 0 1
1,1,0,0,0,0,0,1,-1,1,0,1,1,1,0,0,0,0,0,16,0,0,5,1,1,6,6,4,4,19,17,0,0,0,0,0,0,0,0,7,1,1,0,1,0,0,1,1,0,0,KRBKRNvK,DRAW,2R5/6k1/8/8/8/4n3/1KB1r3/8 w - - 0 1
1,1,0,0,0,0,0,1,-1,1,0,1,1,1,0,0,0,0,0,16,0,0,6,1,4,7,2,2,4,21,19,0,0,0,0,0,0,0,0,7,1,1,0,0,0,0,0,0,0,1,KRBKRNvK,DRAW,3n4/8/8/1K6/8/r6k/1R6/3B4 w - - 0 1
1,1,0,0,0,0,0,1,-1,1,0,1,1,1,0,0,0,0,0,16,0,0,2,2,1,0,2,3,4,4,0,1,0,0,0,0,0,0,0,7,1,1,1,0,0,0,2,2,0,1,KRBKRNvK,DRAW,n7/1B4R1/8/8/2r5/k7/2K5/8 w - - 0 1
0,1,0,0,0,0,0,1,-1,1,0,1,1,1,0,0,0,0,0,16,0,0,5,1,0,4,5,5,1,23,23,0,0,0,0,0,0,0,0,7,1,1,0,1,0,0,3,2,1,1,KRBKRNvK,DRAW,7B/3n4/4k3/6R1/8/8/r7/1K6 b - - 0 1
0,1,0,0,0,0,0,1,-1,1,0,1,1,1,0,0,0,0,0,16,0,0,6,0,6,6,7,5,5,4,0,1,0,0,0,0,0,0,0,7,1,1,0,0,0,0,2,1,1,0,KRBKRNvK,DRAW,4R1k1/K2n4/8/8/8/1r6/7B/8 b - - 0 1
0,1,0,0,0,0,0,1,-1,1,0,1,1,1,0,0,0,0,0,16,0,0,5,2,3,7,0,1,6,22,27,0,0,0,0,0,0,0,0,7,1,1,1,1,0,0,4,1,0,1,KRBKRNvK,DRAW,7B/4R3/8/8/2K5/1n6/6r1/7k b - - 0 1
0,1,0,0,0,0,0,1,-1,1,0,1,1,1,0,0,0,0,0,16,0,0,3,2,5,4,2,2,1,26,22,0,0,0,0,0,0,0,0,7,1,1,0,0,0,0,1,3,1,1,KRBKRNvK,DRAW,5B2/8/2K5/3r4/8/4kn2/2R5/8 b - - 0 1
0,1,0,0,0,0,0,1,-1,1,0,1,1,1,0,0,0,0,0,16,0,0,5,2,0,7,5,4,4,18,27,0,0,0,0,0,0,0,0,7,1,1,0,0,0,0,0,1,0,0,KRBKRNvK,DRAW,8/3B4/6rk/8/6n1/8/R7/2K5 b - - 0 1
1,1,0,0,0,0,0,1,-1,1,0,1,1,1,0,0,0,0,0,16,0,0,5,0,2,3,7,4,3,24,26,0,0,0,0,0,0,0,0,7,1,1,0,0,0,0,1,2,1,1,KRBKRNvK,DRAW,3k4/8/1R4B1/8/8/K1n5/8/7r w - - 0 1
1,1,0,0,0,0,0,1,-1,1,0,1,1,1,0,0,0,0,0,16,0,0,5,5,4,0,2,1,4,5,0,1,0,0,0,0,0,0,0,7,1,1,0,0,0,0,3,2,1,1,KRBKRNvK,LOSS,6B1/6n1/8/5K2/8/k7/1R6/4r3 w - - 0 1
0,1,0,0,0,0,0,1,-1,1,0,1,1,1,0,0,0,0,0,16,0,0,2,6,4,4,6,2,2,4,0,1,0,0,0,0,0,0,0,7,1,1,0,0,0,0,3,0,1,0,KRBKRNvK,DRAW,8/4k3/5B2/6K1/3n4/4R3/8/r7 b - - 0 1
1,1,0,0,0,0,0,1,-1,1,0,1,1,1,0,0,0,0,0,16,0,0,6,7,5,1,0,4,5,21,18,0,0,0,0,0,0,0,0,7,1,1,0,0,0,0,0,0,1,1,KRBKRNvK,DRAW,3n4/5r2/7K/8/8/B7/7R/1k6 w - - 0 1
1,1,0,0,0,0,0,1,-1,1,0,1,1,1,0,0,0,0,0,16,0,0,3,3,3,0,3,0,3,7,0,1,0,0,0,0,0,0,0,7,1,1,0,0,0,0,3,1,0,1,KRBKRNvK,LOSS,8/4B3/7r/1n6/k2K4/8/8/7R w - - 0 1
0,1,0,0,0,0,0,1,-1,1,0,1,1,1,0,0,0,0,0,16,0,0,5,2,6,5,1,3,3,6,0,1,0,0,0,0,0,0,0,7,1,1,0,0,0,0,2,2,0,1,KRBKRNvK,DRAW,7B/2K5/3n4/8/6r1/8/1R3k2/8 b - - 0 1
0,1,0,0,0,0,0,1,-1,1,0,1,1,1,0,0,0,0,0,16,0,0,3,7,0,7,3,6,3,20,26,0,0,0,0,0,0,0,0,7,1,1,0,0,0,0,0,2,0,0,KRBKRNvK,DRAW,1R6/7n/8/8/r6k/8/3B4/7K b - - 0 1
1,1,0,0,0,0,0,1,-1,1,0,1,1,1,0,0,0,0,0,16,0,0,3,4,6,1,7,2,5,27,19,0,0,0,0,0,0,0,0,7,1,1,0,1,0,0,2,2,0,0,KRBKRNvK,DRAW,1k6/4KB2/8/R7/8/8/1n1r4/8 w - - 0 1
0,1,0,0,0,0,0,1,-1,1,0,1,1,1,0,0,0,0,0,16,0,0,4,4,4,7,0,0,6,18,22,0,0,0,0,0,0,0,0,7,1,1,0,0,0,0,3,3,0,1,KRBKRNvK,DRAW,8/8/3n4/4K3/8/4B3/4R3/3r3k b - - 0 1
0,1,0,0,0,0,0,1,-1,1,0,1,1,1,0,0,0,0,0,16,0,0,2,2,1,0,3,3,3,13,31,0,0,0,0,0,0,0,0,7,1,1,0,0,0,0,1,0,0,1,KRBKRNvK,DRAW,1R6/8/8/4B3/k7/r7/2K5/6n1 b - - 0 1
0,1,0,0,0,0,0,1,-1,1,0,1,1,1,0,0,0,0,0,16,0,0,2,7,5,6,3,4,2,3,0,1,0,0,0,0,0,0,0,7,1,1,0,0,0,0,0,0,1,1,KRBKRNvK,LOSS,2B3r1/8/6RK/8/6k1/8/8/6n1 b - - 0 1
0,1,0,0,0,0,0,1,-1,1,0,1,1,1,0,0,0,0,0,16,0,0,2,6,7,4,7,5,3,2,0,1,0,0,0,0,0,0,0,7,1,1,0,0,0,0,2,2,0,0,KRBKRNvK,LOSS,1R2k1K1/8/8/7r/8/5B2/1n6/8 b - - 0 1
0,1,0,0,0,0,0,1,-1,1,0,1,1,1,0,0,0,0,0,16,0,0,2,0,4,1,2,3,3,18,22,0,0,0,0,0,0,0,0,7,1,1,0,0,0,0,0,2,0,0,KRBKRNvK,DRAW,8/8/8/K7/4r3/1k5B/6R1/n7 b - - 0 1
1,1,0,0,0,0,0,1,-1,1,0,1,1,1,0,0,0,0,0,16,0,0,4,1,5,2,1,3,3,28,17,0,0,0,0,0,0,0,0,7,1,1,0,1,0,0,3,0,1,0,KRBKRNvK,DRAW,8/7n/1K6/8/8/8/2k4r/4R2B w - - 0 1
0,1,0,0,0,0,0,1,-1,1,0,1,1,1,0,0,0,0,0,16,0,0,3,2,1,5,2,3,2,8,0,1,0,0,0,0,0,0,0,7,1,1,1,0,0,0,2,3,0,0,KRBKRNvK,DRAW,8/3n1R2/8/4r3/8/5k2/2K5/B7 b - - 0 1
1,1,0,0,0,0,0,1,-1,1,0,1,1,1,0,0,0,0,0,16,0,0,2,4,3,4,1,0,2,21,15,0,0,0,0,0,0,0,0,7,1,1,0,0,0,0,4,0,0,0,KRBKRNvK,DRAW,8/8/1R4B1/8/4K3/7n/4k3/4r3 w - - 0 1
1,1,0,0,0,0,0,1,-1,1,0,1,1,1,0,0,0,0,0,16,0,0,7,0,7,3,0,6,3,3,0,1,0,0,0,0,0,0,0,7,1,1,0,0,0,0,3,0,1,0,KRBKRNvK,DRAW,K5r1/8/8/8/8/4R2n/6B1/3k4 w - - 0 1
0,1,0,0,0,0,0,1,-1,1,0,1,1,1,0,0,0,0,0,16,0,0,4,1,1,1,5,4,3,25,29,0,0,0,0,0,0,0,0,7,1,1,0,0,0,0,1,2,0,0,KRBKRNvK,DRAW,8/8/1k6/3n3r/8/5R2/1KB5/8 b - - 0 1
0,1,0,0,0,0,0,1,-1,1,0,1,1,1,0,0,0,0,0,16,0,0,6,6,6,3,0,4,3,18,31,0,0,0,0,0,0,0,0,7,1,1,0,0,0,0,0,1,1,0,KRBKRNvK,DRAW,8/3B2K1/8/8/8/5R2/2n5/r2k4 b - - 0 1
1,1,0,0,0,0,0,1,-1,1,0,1,1,1,0,0,0,0,0,16,0,0,4,1,4,5,2,2,2,21,23,0,0,0,0,0,0,0,0,7,1,1,0,1,0,0,0,2,0,0,KRBKRNvK,WIN,4B2n/8/1R6/1K6/8/5k2/4r3/8 w - - 0 1
1,1,0,0,0,0,0,1,-1,1,0,1,1,1,0,0,0,0,0,16,0,0,3,6,2,3,3,3,0,33,16,0,0,0,0,0,0,0,0,7,1,1,0,0,0,0,3,4,1,0,KRBKRNvK,DRAW,4R3/3r4/8/8/2Bk4/6K1/8/1n6 w - - 0 1
0,1,0,0,0,0,0,1,-1,1,0,1,1,1,0,0,0,0,0,16,0,0,5,5,2,6,7,2,5,4,0,1,0,0,0,0,0,0,0,7,1,1,0,0,0,0,2,1,0,0,KRBKRNvK,DRAW,6k1/8/2r5/8/1B4R1/5K2/2n5/8 b - - 0 1
1,1,0,0,0,0,0,1,-1,1,0,1,1,1,0,0,0,0,0,16,0,0,2,4,3,6,5,0,3,7,0,1,0,0,0,0,0,0,0,7,1,1,0,0,0,0,3,2,1,0,KRBKRNvK,DRAW,8/4r3/n5k1/7R/4K3/8/7B/8 w - - 0 1
0,1,0,0,0,0,0,1,-1,1,0,1,1,1,0,0,0,0,0,16,0,0,2,0,5,2,3,4,1,24,22,0,0,0,0,0,0,0,0,7,1,1,0,0,0,0,2,3,1,0,KRBKRNvK,DRAW,3R4/8/KB6/6r1/2k5/4n3/8/8 b - - 0 1
0,1,0,0,0,0,0,1,-1,1,0,1,1,1,0,0,0,0,0,16,0,0,2,1,5,1,7,3,5,0,0,1,0,0,0,0,0,0,0,7,1,1,0,0,0,0,3,2,1,0,KRBKRNvK,LOSS,1k1R4/8/1K6/5r2/8/6B1/8/1n6 b - - 0 1
0,1,0,0,0,0,0,1,-1,1,0,1,1,1,0,0,0,0,0,16,0,0,6,7,4,1,7,3,5,24,21,0,0,0,0,0,0,0,0,7,1,1,0,1,0,0,1,3,0,0,KRBKRNvK,DRAW,1k6/8/4n3/7K/2B5/2R5/4r3/8 b - - 0 1
1,1,0,0,0,0,0,1,-1,1,0,1,1,1,0,0,0,0,0,16,0,0,7,0,7,7,3,6,3,24,20,0,0,0,0,0,0,0,0,7,1,1,0,0,0,0,2,3,0,0,KRBKRNvK,DRAW,K7/8/3R4/7r/B6k/8/5n2/8 w - - 0 1
0,1,0,0,0,0,0,1,-1,1,0,1,1,1,0,0,0,0,0,16,0,0,3,7,4,4,6,3,2,25,24,0,0,0,0,0,0,0,0,7,1,1,0,0,0,0,0,2,0,0,KRBKRNvK,DRAW,3r4/4k3/8/7K/8/8/4B3/R3n3 b - - 0 1
1,1,0,0,0,0,0,1,-1,1,0,1,1,1,0,0,0,0,0,16,0,0,2,2,3,2,1,1,3,4,0,1,0,0,0,0,0,0,0,7,1,1,0,0,0,0,2,0,1,1,KRBKRNvK,DRAW,5n2/8/8/8/2K5/2r5/2k2B2/3R4 w - - 0 1
0,1,0,0,0,0,0,1,-1,1,0,1,1,1,0,0,0,0,0,16,0,0,4,4,2,7,6,1,5,19,26,0,0,0,0,0,0,0,0,7,1,1,0,0,0,0,3,0,0,0,KRBKRNvK,DRAW,5r2/7k/2R5/8/3B4/4K3/1n6/8 b - - 0 1
1,1,0,0,0,0,0,1,-1,1,0,1,1,1,0,0,0,0,0,16,0,0,2,3,0,5,0,3,4,4,0,1,0,0,0,0,0,0,0,7,1,1,0,0,0,0,1,3,0,1,KRBKRNvK,DRAW,8/3r4/1R6/8/8/1B3n2/8/3K1k2 w - - 0 1
1,1,0,0,0,0,0,1,-1,1,0,1,1,1,0,0,0,0,0,16,0,0,6,7,0,6,6,6,4,4,0,1,0,0,0,0,0,0,0,7,1,1,0,0,0,0,2,3,0,0,KRBKRNvK,DRAW,8/6k1/2n5/7r/1R6/8/8/4B2K w - - 0 1
0,1,0,0,0,0,0,1,-1,1,0,1,1,1,0,0,0,0,0,16,0,0,2,3,6,3,4,2,0,16,22,0,0,0,0,0,0,0,0,7,1,1,0,0,0,0,1,4,1,0,KRBKRNvK,DRAW,1R6/3K4/1B6/3k3r/8/8/n7/8 b - - 0 1
0,1,0,0,0,0,0,1,-1,1,0,1,1,1,0,0,0,0,0,16,0,0,2,3,0,3,2,3,1,19,22,0,0,0,0,0,0,0,0,7,1,1,1,0,0,0,0,2,0,1,KRBKRNvK,WIN,5B2/2R5/8/8/8/1n1k2r1/8/3K4 b - - 0 1
0,1,0,0,0,0,0,1,-1,1,0,1,1,1,0,0,0,0,0,16,0,0,7,2,7,6,0,4,5,18,19,0,0,0,0,0,0,0,0,7,1,1,0,0,0,0,0,2,1,0,KRBKRNvK,DRAW,2K3R1/8/8/6n1/1r6/8/4B3/6k1 b - - 0 1
0,1,0,0,0,0,0,1,-1,1,0,1,1,1,0,0,0,0,0,16,0,0,3,1,0,4,1,5,2,23,26,0,0,0,0,0,0,0,0,7,1,1,0,0,0,0,2,2,0,1,KRBKRNvK,DRAW,8/6B1/8/3R4/8/r4n2/4k3/1K6 b - - 0 1
1,1,0,0,0,0,0,1,-1,1,0,1,1,1,0,0,0,0,0,16,0,0,3,3,4,2,7,0,4,28,15,0,0,0,0,0,0,0,0,7,1,1,0,0,0,0,3,0,1,0,KRBKRNvK,DRAW,1rkB4/8/8/3K4/7R/8/8/2n5 w - - 0 1
0,1,0,0,0,0,0,1,-1,1,0,1,1,1,0,0,0,0,0,16,0,0,3,4,0,7,2,3,4,23,24,0,0,0,0,0,0,0,0,7,1,1,0,0,0,0,2,2,0,0,KRBKRNvK,DRAW,8/8/8/5r2/1n1B4/7k/3R4/4K3 b - - 0 1
1,1,0,0,0,0,0,1,-1,1,0,1,1,1,0,0,0,0,0,16,0,0,3,1,4,0,1,2,5,29,21,0,0,0,0,0,0,0,0,7,1,1,0,1,0,0,3,0,0,0,KRBKRNvK,DRAW,1B6/8/8/1K6/3R4/8/k4r2/2n5 w - - 0 1
1,1,0,0,0,0,0,1,-1,1,0,1,1,1,0,0,0,0,0,16,0,0,5,0,0,4,5,6,1,3,0,1,0,0,0,0,0,0,0,7,1,1,0,0,0,0,2,2,2,0,KRBKRNvK,DRAW,8/8/4k1B1/8/2R1n3/8/8/K4r2 w - - 0 1
0,1,0,0,0,0,0,1,-1,1,0,1,1,1,0,0,0,0,0,16,0,0,5,5,1,4,6,3,2,4,0,1,0,0,0,0,0,0,0,7,1,1,0,0,0,0,3,2,0,0,KRBKRNvK,DRAW,7B/3rk2n/8/8/8/8/5K2/4R3 b - - 0 1
0,1,0,0,0,0,0,1,-1,1,0,1,1,1,0,0,0,0,0,16,0,0,2,2,0,0,0,4,6,20,24,0,0,0,0,0,0,0,0,7,1,1,0,0,0,0,2,3,0,1,KRBKRNvK,DRAW,8/7B/8/r7/6R1/8/3n4/k1K5 b - - 0 1
0,1,0,0,0,0,0,1,-1,1,0,1,1,1,0,0,0,0,0,16,0,0,3,6,6,7,3,4,3,22,29,0,0,0,0,0,0,0,0,7,1,1,0,0,0,0,2,2,0,0,KRBKRNvK,DRAW,1R6/6K1/8/8/7k/3r4/8/3n3B b - - 0 1
1,1,0,0,0,0,0,1,-1,1,0,1,1,1,0,0,0,0,0,16,0,0,6,1,3,7,5,2,4,20,22,0,0,0,0,0,0,0,0,7,1,1,0,1,0,0,2,1,0,0,KRBKRNvK,DRAW,8/3n4/7k/8/1K2R3/B7/7r/8 w - - 0 1
1,1,0,0,0,0,0,1,-1,1,0,1,1,1,0,0,0,0,0,16,0,0,4,6,4,2,3,2,1,23,25,0,0,0,0,0,0,0,0,7,1,1,0,1,0,0,2,2,1,0,KRBKRNvK,DRAW,5n2/8/4R3/6K1/2k5/8/5r2/2B5 w - - 0 1
0,1,0,0,0,0,0,1,-1,1,0,1,1,1,0,0,0,0,0,16,0,0,6,5,0,2,6,4,3,6,0,1,0,0,0,0,0,0,0,7,1,1,0,1,0,0,2,0,0,0,KRBKRNvK,DRAW,4n3/2k5/8/8/2R5/8/1rB5/5K2 b - - 0 1
1,1,0,0,0,0,0,1,-1,1,0,1,1,1,0,0,0,0,0,16,0,0,3,5,4,6,7,1,5,19,21,0,0,0,0,0,0,0,0,7,1,1,1,0,0,0,2,1,0,2,KRBKRNvK,DRAW,6k1/1R1B4/8/5Kn1/8/6r1/8/8 w - - 0 1
0,1,0,0,0,0,0,1,-1,1,0,1,1,1,0,0,0,0,0,16,0,0,4,2,5,6,4,2,2,26,19,0,0,0,0,0,0,0,0,7,1,1,0,0,0,0,1,2,1,2,KRBKRNvK,DRAW,B7/8/2K5/3n2k1/1r6/7R/8/8 b - - 0 1
0,1,0,0,0,0,0,1,-1,1,0,1,1,1,0,0,0,0,0,16,0,0,7,6,0,6,7,5,5,24,26,0,0,0,0,0,0,0,0,7,1,1,0,0,0,0,1,2,0,0,KRBKRNvK,DRAW,6k1/8/1n1B4/2r5/8/8/8/R5K1 b - - 0 1
1,1,0,0,0,0,0,1,-1,1,0,1,1,1,0,0,0,0,0,16,0,0,5,6,1,2,6,4,3,25,23,0,0,0,0,0,0,0,0,7,1,1,0,0,0,0,2,1,0,0,KRBKRNvK,DRAW,8/2k5/8/8/R7/1nr5/6K1/6B1 w - - 0 1
1,1,0,0,0,0,0,1,-1,1,0,1,1,1,0,0,0,0,0,16,0,0,2,1,4,3,3,2,0,23,17,0,0,0,0,0,0,0,0,7,1,1,0,0,0,0,2,3,1,0,KRBKRNvK,DRAW,8/8/2R5/1K6/3k4/8/8/3n1r1B w - - 0 1
1,1,0,0,0,0,0,1,-1,1,0,1,1,1,0,0,0,0,0,16,0,0,5,0,6,3,1,5,2,25,26,0,0,0,0,0,0,0,0,7,1,1,0,0,0,0,2,0,0,0,KRBKRNvK,DRAW,3R4/K7/5r2/3B4/8/n7/3k4/8 w - - 0 1
1,1,0,0,0,0,0,1,-1,1,0,1,1,1,0,0,0,0,0,16,0,0,2,3,5,4,7,1,3,6,0,1,0,0,0,0,0,0,0,7,1,1,0,0,0,0,2,3,0,0,KRBKRNvK,DRAW,4k3/8/3K4/6B1/6n1/R7/8/3r4 w - - 0 1
0,1,0,0,0,0,0,1,-1,1,0,1,1,1,0,0,0,0,0,16,0,0,6,5,0,5,6,4,3,18,22,0,0,0,0,0,0,0,0,7,1,1,0,0,0,0,0,0,0,0,KRBKRNvK,DRAW,5r2/5k2/n7/B7/8/R7/8/5K2 b - - 0 1
1,1,0,0,0,0,0,1,-1,1,0,1,1,1,0,0,0,0,0,16,0,0,3,2,4,2,7,1,4,6,0,1,0,0,0,0,0,0,0,7,1,1,0,0,0,0,4,1,0,1,KRBKRNvK,DRAW,2k5/2r5/8/2K5/5R2/8/5n2/B7 w - - 0 1
0,1,0,0,0,0,0,1,-1,1,0,1,1,1,0,0,0,0,0,16,0,0,4,1,0,4,4,5,0,22,25,0,0,0,0,0,0,0,0,7,1,1,0,0,0,0,0,3,1,0,KRBKRNvK,DRAW,6Rn/4B3/3r4/4k3/8/8/8/1K6 b - - 0 1
1,1,0,0,0,0,0,1,-1,1,0,1,1,1,0,0,0,0,0,16,0,0,5,1,2,0,7,3,6,20,24,0,0,0,0,0,0,0,0,7,1,1,0,0,0,0,0,2,0,1,KRBKRNvK,DRAW,k3r3/8/8/3n4/7B/1K5R/8/8 w - - 0 1
0,1,0,0,0,0,0,1,-1,1,0,1,1,1,0,0,0,0,0,16,0,0,3,3,2,6,4,1,2,26,31,0,0,0,0,0,0,0,0,7,1,1,0,1,0,0,3,0,0,1,KRBKRNvK,DRAW,8/8/8/3B2k1/8/n2K4/5r2/4R3 b - - 0 1
1,1,0,0,0,0,0,1,-1,1,0,1,1,1,0,0,0,0,0,16,0,0,5,1,2,6,4,3,2,5,0,1,0,0,0,0,0,0,0,7,1,1,0,0,0,0,0,2,0,0,KRBKRNvK,DRAW,8/8/1r3n2/6k1/8/1K6/BR6/8 w - - 0 1
0,1,0,0,0,0,0,1,-1,1,0,1,1,1,0,0,0,0,0,16,0,0,5,7,0,4,5,6,1,17,22,0,0,0,0,0,0,0,0,7,1,1,0,0,0,0,2,2,0,0,KRBKRNvK,DRAW,8/8/2r1k3/B7/8/8/3R4/n6K b - - 0 1
1,1,0,0,0,0,0,1,-1,1,0,1,1,1,0,0,0,0,0,16,0,0,3,0,7,1,4,6,2,20,25,0,0,0,0,0,0,0,0,7,1,1,0,0,0,0,0,1,1,0,KRBKRNvK,DRAW,K7/7r/8/1k6/8/R7/5n2/2B5 w - - 0 1
0,1,0,0,0,0,0,1,-1,1,0,1,1,1,0,0,0,0,0,16,0,0,2,0,3,0,1,3,5,2,0,1,0,0,0,0,0,0,0,7,1,1,0,1,0,0,0,2,1,0,KRBKRNvK,LOSS,8/6n1/8/8/K5B1/R7/k3r3/8 b - - 0 1
1,1,0,0,0,0,0,1,-1,1,0,1,1,1,0,0,0,0,0,16,0,0,4,7,2,5,6,4,3,2,0,1,0,0,0,0,0,0,0,7,1,1,0,0,0,0,3,3,0,1,KRBKRNvK,DRAW,8/5k2/5n2/7r/5B2/7K/8/3R4 w - - 0 1
1,1,0,0,0,0,0,1,-1,1,0,1,1,1,0,0,0,0,0,16,0,0,3,2,4,5,5,1,2,26,19,0,0,0,0,0,0,0,0,7,1,1,0,0,0,0,2,1,0,0,KRBKRNvK,DRAW,r7/8/B4k2/2K5/8/3R4/8/n7 w - - 0 1
0,1,0,0,0,0,0,1,-1,1,0,1,1,1,0,0,0,0,0,16,0,0,2,5,0,4,2,4,1,6,0,1,0,0,0,0,0,0,0,7,1,1,0,1,0,0,2,3,1,1,KRBKRNvK,DRAW,8/8/8/4R3/8/2n1k2B/7r/5K2 b - - 0 1
0,1,0,0,0,0,0,1,-1,1,0,1,1,1,0,0,0,0,0,16,0,0,3,3,0,2,3,3,1,26,29,0,0,0,0,0,0,0,0,7,1,1,0,0,0,0,2,3,2,0,KRBKRNvK,DRAW,6r1/3n4/3B4/8/2k5/8/4R3/3K4 b - - 0 1
1,1,0,0,0,0,0,1,-1,1,0,1,1,1,0,0,0,0,0,16,0,0,2,7,5,5,7,4,4,25,22,0,0,0,0,0,0,0,0,7,1,1,0,0,0,0,3,3,0,1,KRBKRNvK,DRAW,5k2/8/4rn1K/8/6R1/5B2/8/8 w - - 0 1
0,1,0,0,0,0,0,1,-1,1,0,1,1,1,0,0,0,0,0,16,0,0,6,6,1,0,7,4,6,24,23,0,0,0,0,0,0,0,0,7,1,1,0,0,0,0,1,0,0,0,KRBKRNvK,DRAW,k6r/8/6R1/8/3n4/8/B5K1/8 b - - 0 1
1,1,0,0,0,0,0,1,-1,1,0,1,1,1,0,0,0,0,0,16,0,0,3,3,1,0,4,2,3,7,0,1,0,0,0,0,0,0,0,7,1,1,0,0,0,0,2,2,1,1,KRBKRNvK,LOSS,8/3r4/1R6/k7/1n6/8/1B1K4/8 w - - 0 1
0,1,0,0,0,0,0,1,-1,1,0,1,1,1,0,0,0,0,0,16,0,0,4,1,5,5,7,3,4,25,29,0,0,0,0,0,0,0,0,7,1,1,0,0,0,0,3,3,0,0,KRBKRNvK,DRAW,5k2/8/1K6/1R6/7r/2B2n2/8/8 b - - 0 1
0,1,0,0,0,0,0,1,-1,1,0,1,1,1,0,0,0,0,0,16,0,0,5,2,4,7,5,1,4,23,26,0,0,0,0,0,0,0,0,7,1,1,0,0,0,0,2,2,0,2,KRBKRNvK,DRAW,8/8/4B2k/2Kn4/8/3r4/8/1R6 b - - 0 1
0,1,0,0,0,0,0,1,-1,1,0,1,1,1,0,0,0,0,0,16,0,0,7,2,7,3,0,4,3,21,15,0,0,0,0,0,0,0,0,7,1,1,0,0,0,0,1,2,1,1,KRBKRNvK,DRAW,2K2B2/4r3/8/8/4n3/4R3/8/3k4 b - - 0 1
1,1,0,0,0,0,0,1,-1,1,0,1,1,1,0,0,0,0,0,16,0,0,7,0,1,7,1,5,5,27,25,0,0,0,0,0,0,0,0,7,1,1,1,0,0,0,3,1,0,0,KRBKRNvK,DRAW,2r5/3R4/8/8/8/8/KB3n1k/8 w - - 0 1
1,1,0,0,0,0,0,1,-1,1,0,1,1,1,0,0,0,0,0,16,0,0,7,2,0,7,7,4,6,22,19,0,0,0,0,0,0,0,0,7,1,1,0,0,0,0,2,0,0,0,KRBKRNvK,DRAW,4n2k/7r/8/8/8/3R4/8/2K2B2 w - - 0 1
1,1,0,0,0,0,0,1,-1,1,0,1,1,1,0,0,0,0,0,16,0,0,3,4,4,4,1,0,2,29,25,0,0,0,0,0,0,0,0,7,1,1,1,0,0,0,3,1,1,1,KRBKRNvK,DRAW,1r6/7R/8/4K3/8/6n1/4k1B1/8 w - - 0 1
1,1,0,0,0,0,0,1,-1,1,0,1,1,1,0,0,0,0,0,16,0,0,6,7,6,1,7,5,5,5,0,1,0,0,0,0,0,0,0,7,1,1,0,0,0,0,1,1,0,0,KRBKRNvK,DRAW,1k6/r6K/3n4/8/5B2/8/8/6R1 w - - 0 1
0,1,0,0,0,0,0,1,-1,1,0,1,1,1,0,0,0,0,0,16,0,0,3,5,1,2,0,3,4,22,25,0,0,0,0,0,0,0,0,7,1,1,1,0,0,0,1,2,0,1,KRBKRNvK,DRAW,8/2B4R/8/8/n3r3/8/5K2/2k5 b - - 0 1
0,1,0,0,0,0,0,1,-1,1,0,1,1,1,0,0,0,0,0,16,0,0,4,1,3,5,1,2,3,23,28,0,0,0,0,0,0,0,0,7,1,1,0,0,0,0,2,2,0,0,KRBKRNvK,DRAW,4rn2/8/3R4/8/BK6/8/5k2/8 b - - 0 1
1,1,0,0,0,0,0,1,-1,1,0,1,1,1,0,0,0,0,0,16,0,0,7,7,5,0,6,4,5,4,0,1,0,0,0,0,0,0,0,7,1,1,0,1,0,0,1,1,0,0,KRBKRNvK,DRAW,8/k7/4B2K/8/8/1R4n1/7r/8 w - - 0 1
0,1,0,0,0,0,0,1,-1,1,0,1,1,1,0,0,0,0,0,16,0,0,6,6,5,0,3,3,3,20,24,0,0,0,0,0,0,0,0,7,1,1,0,0,0,0,1,1,1,0,KRBKRNvK,DRAW,2r5/B7/6K1/8/k7/8/1Rn5/8 b - - 0 1
1,1,0,0,0,0,0,1,-1,1,0,1,1,1,0,0,0,0,0,16,0,0,2,5,7,7,5,4,4,16,19,0,0,0,0,0,0,0,0,7,1,1,0,0,0,0,1,2,2,0,KRBKRNvK,DRAW,5KR1/1n3B2/7k/8/8/4r3/8/8 w - - 0 1
1,1,0,0,0,0,0,1,-1,1,0,1,1,1,0,0,0,0,0,16,0,0,4,4,0,0,1,3,5,28,20,0,0,0,0,0,0,0,0,7,1,1,0,0,0,0,2,2,0,0,KRBKRNvK,DRAW,2n5/4B3/8/3R4/r7/8/k7/4K3 w - - 0 1
1,1,0,0,0,0,0,1,-1,1,0,1,1,1,0,0,0,0,0,16,0,0,6,0,7,6,5,6,3,28,22,0,0,0,0,0,0,0,0,7,1,1,0,1,0,0,1,2,0,0,KRBKRNvK,DRAW,K7/8/6k1/2B5/8/7R/3r4/5n2 w - - 0 1
0,1,0,0,0,0,0,1,-1,1,0,1,1,1,0,0,0,0,0,16,0,0,3,3,3,0,0,0,6,16,25,0,0,0,0,0,0,0,0,7,1,1,0,1,0,0,3,0,0,1,KRBKRNvK,DRAW,R7/n1B5/8/8/3K4/8/1r6/k7 b - - 0 1
1,1,0,0,0,0,0,1,-1,1,0,1,1,1,0,0,0,0,0,16,0,0,2,2,6,2,4,3,1,19,21,0,0,0,0,0,0,0,0,7,1,1,0,0,0,0,0,2,0,1,KRBKRNvK,DRAW,8/2K5/1n6/2k5/7B/2r5/7R/8 w - - 0 1
1,1,0,0,0,0,0,1,-1,1,0,1,1,1,0,0,0,0,0,16,0,0,3,0,6,3,6,5,2,29,18,0,0,0,0,0,0,0,0,7,1,1,0,0,0,0,1,2,1,0,KRBKRNvK,DRAW,8/K2k4/6R1/2B5/2r4n/8/8/8 w - - 0 1
1,1,0,0,0,0,0,1,-1,1,0,1,1,1,0,0,0,0,0,16,0,0,3,3,6,6,7,2,5,23,23,0,0,0,0,0,0,0,0,7,1,1,1,0,0,0,2,3,1,1,KRBKRNvK,DRAW,6k1/R2K4/5B2/1n6/8/4r3/8/8 w - - 0 1
0,1,0,0,0,0,0,1,-1,1,0,1,1,1,0,0,0,0,0,16,0,0,4,3,1,7,2,2,4,26,23,0,0,0,0,0,0,0,0,7,1,1,1,0,0,0,0,1,0,1,KRBKRNvK,DRAW,8/2R5/1r6/B7/5n2/7k/3K4/8 b - - 0 1
1,1,0,0,0,0,0,1,-1,1,0,1,1,1,0,0,0,0,0,16,0,0,7,7,3,0,6,3,5,25,19,0,0,0,0,0,0,0,0,7,1,1,0,0,0,0,2,2,0,1,KRBKRNvK,DRAW,8/k7/8/6R1/5B1K/2n2r2/8/8 w - - 0 1
1,1,0,0,0,0,0,1,-1,1,0,1,1,1,0,0,0,0,0,16,0,0,5,4,0,5,5,3,2,28,20,0,0,0,0,0,0,0,0,7,1,1,0,0,0,0,0,2,1,0,KRBKRNvK,DRAW,8/8/5k2/8/1n4Br/R7/8/4K3 w - - 0 1
1,1,0,0,0,0,0,1,-1,1,0,1,1,1,0,0,0,0,0,16,0,0,4,6,2,3,6,3,2,29,25,0,0,0,0,0,0,0,0,7,1,1,0,0,0,0,1,3,1,1,KRBKRNvK,DRAW,8/3k4/4n3/2B4r/8/6K1/8/1R6 w - - 0 1
0,1,0,0,0,0,0,1,-1,1,0,1,1,1,0,0,0,0,0,16,0,0,3,5,4,2,1,1,3,20,22,0,0,0,0,0,0,0,0,7,1,1,0,1,0,0,3,1,0,0,KRBKRNvK,DRAW,7B/8/1n6/5K2/8/8/2k3r1/5R2 b - - 0 1
1,1,0,0,0,0,0,1,-1,1,0,1,1,1,0,0,0,0,0,16,0,0,2,6,0,4,0,5,3,24,23,0,0,0,0,0,0,0,0,7,1,1,0,0,0,0,2,1,0,0,KRBKRNvK,DRAW,8/2r5/8/5Bn1/5R2/8/8/4k1K1 w - - 0 1
0,1,0,0,0,0,0,1,-1,1,0,1,1,1,0,0,0,0,0,16,0,0,5,2,2,6,7,2,5,19,24,0,0,0,0,0,0,0,0,7,1,1,0,1,0,0,2,2,0,1,KRBKRNvK,DRAW,6k1/7n/8/8/5R1B/2K5/3r4/8 b - - 0 1
1,1,0,0,0,0,0,1,-1,1,0,1,1,1,0,0,0,0,0,16,0,0,2,7,2,6,4,4,2,26,22,0,0,0,0,0,0,0,0,7,1,1,1,0,0,0,1,1,0,1,KRBKRNvK,DRAW,8/1R6/3Bn3/6k1/8/7K/8/6r1 w - - 0 1
1,1,0,0,0,0,0,1,-1,1,0,1,1,1,0,0,0,0,0,16,0,0,5,1,5,6,7,3,5,24,25,0,0,0,0,0,0,0,0,7,1,1,0,0,0,0,1,2,0,1,KRBKRNvK,DRAW,6k1/2Br4/1K2n3/8/8/8/8/1R6 w - - 0 1
1,1,0,0,0,0,0,1,-1,1,0,1,1,1,0,0,0,0,0,16,0,0,4,3,5,7,1,1,5,7,0,1,0,0,0,0,0,0,0,7,1,1,0,0,0,0,2,0,0,0,KRBKRNvK,LOSS,8/n7/3K2r1/1R6/8/8/B6k/8 w - - 0 1
1,1,0,0,0,0,0,1,-1,1,0,1,1,1,0,0,0,0,0,16,0,0,3,5,2,2,5,2,2,6,0,1,0,0,0,0,0,0,0,7,1,1,0,0,0,0,2,2,0,2,KRBKRNvK,DRAW,8/7B/2k5/6n1/5R2/5K2/8/7r w - - 0 1
1,1,0,0,0,0,0,1,-1,1,0,1,1,1,0,0,0,0,0,16,0,0,6,1,5,7,1,3,5,8,0,1,0,0,0,0,0,0,0,7,1,1,1,0,0,0,2,0,1,0,KRBKRNvK,DRAW,8/3R4/1K5r/7n/6B1/8/7k/8 w - - 0 1
0,1,0,0,0,0,0,1,-1,1,0,1,1,1,0,0,0,0,0,16,0,0,2,5,2,7,2,2,4,5,0,1,0,0,0,0,0,0,0,7,1,1,0,0,0,0,1,2,0,1,KRBKRNvK,DRAW,2B2R2/8/7n/8/8/5K1k/8/3r4 b - - 0 1
1,1,0,0,0,0,0,1,-1,1,0,1,1,1,0,0,0,0,0,16,0,0,3,3,3,1,0,0,5,17,19,0,0,0,0,0,0,0,0,7,1,1,0,0,0,0,4,2,0,1,KRBKRNvK,DRAW,6n1/8/8/1r6/R2K4/8/8/1k4B1 w - - 0 1
0,1,0,0,0,0,0,1,-1,1,0,1,1,1,0,0,0,0,0,16,0,0,2,4,3,2,4,0,1,20,25,0,0,0,0,0,0,0,0,7,1,1,0,1,0,0,4,2,1,0,KRBKRNvK,DRAW,8/8/8/2kB3R/n3K3/8/1r6/8 b - - 0 1
1,1,0,0,0,0,0,1,-1,1,0,1,1,1,0,0,0,0,0,16,0,0,3,1,3,1,0,2,5,26,17,0,0,0,0,0,0,0,0,7,1,1,0,0,0,0,2,0,0,0,KRBKRNvK,DRAW,4R3/6n1/8/8/1K6/8/8/1k2B1r1 w - - 0 1
0,1,0,0,0,0,0,1,-1,1,0,1,1,1,0,0,0,0,0,16,0,0,6,7,1,1,5,5,3,23,25,0,0,0,0,0,0,0,0,7,1,1,0,0,0,0,2,2,0,0,KRBKRNvK,DRAW,8/8/1k6/6RB/2r5/8/7K/3n4 b - - 0 1
1,1,0,0,0,0,0,1,-1,1,0,1,1,1,0,0,0,0,0,16,0,0,5,2,5,7,2,2,4,27,23,0,0,0,0,0,0,0,0,7,1,1,0,1,0,0,3,2,1,0,KRBKRNvK,DRAW,8/6B1/2K5/5R2/8/n6k/3r4/8 w - - 0 1
1,1,0,0,0,0,0,1,-1,1,0,1,1,1,0,0,0,0,0,16,0,0,4,4,5,0,3,1,3,26,16,0,0,0,0,0,0,0,0,7,1,1,0,0,0,0,2,2,1,1,KRBKRNvK,DRAW,5B1n/8/4K3/1R6/k4r2/8/8/8 w - - 0 1
0,1,0,0,0,0,0,1,-1,1,0,1,1,1,0,0,0,0,0,16,0,0,3,1,5,2,2,3,2,17,22,0,0,0,0,0,0,0,0,7,1,1,0,1,0,0,2,1,0,0,KRBKRNvK,DRAW,7n/B7/1K6/6R1/8/2k5/2r5/8 b - - 0 1
1,1,0,0,0,0,0,1,-1,1,0,1,1,1,0,0,0,0,0,16,0,0,3,5,2,4,5,2,1,30,20,0,0,0,0,0,0,0,0,7,1,1,0,0,0,0,4,2,2,0,KRBKRNvK,DRAW,3R4/2B3n1/4k3/2r5/8/5K2/8/8 w - - 0 1
0,1,0,0,0,0,0,1,-1,1,0,1,1,1,0,0,0,0,0,16,0,0,2,5,2,3,1,2,2,20,26,0,0,0,0,0,0,0,0,7,1,1,0,0,0,0,1,0,0,1,KRBKRNvK,DRAW,8/7r/2R5/3B4/8/5K2/3k4/3n4 b - - 0 1
0,1,0,0,0,0,0,1,-1,1,0,1,1,1,0,0,0,0,0,16,0,0,3,6,0,6,3,5,2,28,22,0,0,0,0,0,0,0,0,7,1,1,0,0,0,0,1,3,0,0,KRBKRNvK,DRAW,8/3r4/6n1/8/6k1/1B6/1R6/6K1 b - - 0 1
1,1,0,0,0,0,0,1,-1,1,0,1,1,1,0,0,0,0,0,16,0,0,4,3,5,7,6,1,5,4,0,1,0,0,0,0,0,0,0,7,1,1,0,0,0,0,3,1,0,2,KRBKRNvK,DRAW,2r5/7k/3K4/8/2n5/8/5B2/6R1 w - - 0 1
1,1,0,0,0,0,0,1,-1,1,0,1,1,1,0,0,0,0,0,16,0,0,5,2,5,7,6,2,5,7,0,1,0,0,0,0,0,0,0,7,1,1,0,1,0,0,3,0,0,1,KRBKRNvK,DRAW,8/7k/2K5/B3n3/R7/8/5r2/8 w - - 0 1
1,1,0,0,0,0,0,1,-1,1,0,1,1,1,0,0,0,0,0,16,0,0,2,2,6,4,7,3,3,21,21,0,0,0,0,0,0,0,0,7,1,1,0,0,0,0,0,2,0,0,KRBKRNvK,DRAW,4k3/2K5/8/7r/8/8/6n1/2R1B3 w - - 0 1
0,1,0,0,0,0,0,1,-1,1,0,1,1,1,0,0,0,0,0,16,0,0,7,7,7,0,5,6,4,4,0,1,0,0,0,0,0,0,0,7,1,1,0,0,0,0,0,2,1,1,KRBKRNvK,DRAW,2B2n1K/8/k7/8/3r4/5R2/8/8 b - - 0 1
1,1,0,0,0,0,0,1,-1,1,0,1,1,1,0,0,0,0,0,16,0,0,5,6,2,1,2,3,3,6,0,1,0,0,0,0,0,0,0,7,1,1,0,0,0,0,2,0,1,1,KRBKRNvK,DRAW,8/8/6r1/8/7R/1k4K1/8/2B1n3 w - - 0 1
0,1,0,0,0,0,0,1,-1,1,0,1,1,1,0,0,0,0,0,16,0,0,5,5,5,0,5,2,4,20,21,0,0,0,0,0,0,0,0,7,1,1,0,0,0,0,3,2,0,0,KRBKRNvK,DRAW,8/6B1/k4K2/nr6/8/3R4/8/8 b - - 0 1
0,1,0,0,0,0,0,1,-1,1,0,1,1,1,0,0,0,0,0,16,0,0,6,6,1,0,7,4,6,23,29,0,0,0,0,0,0,0,0,7,1,1,0,0,0,0,0,2,0,0,KRBKRNvK,DRAW,k7/8/5R2/1n6/2r5/8/6K1/4B3 b - - 0 1
0,1,0,0,0,0,0,1,-1,1,0,1,1,1,0,0,0,0,0,16,0,0,6,3,0,0,6,3,5,19,25,0,0,0,0,0,0,0,0,7,1,1,0,0,0,0,2,2,0,0,KRBKRNvK,DRAW,n2R4/k7/8/7r/8/8/B7/3K4 b - - 0 1
0,1,0,0,0,0,0,1,-1,1,0,1,1,1,0,0,0,0,0,16,0,0,4,5,0,2,4,4,1,21,20,0,0,0,0,0,0,0,0,7,1,1,0,0,0,0,1,2,0,0,KRBKRNvK,DRAW,2R5/2n5/3r4/2k5/8/6B1/8/5K2 b - - 0 1
1,1,0,0,0,0,0,1,-1,1,0,1,1,1,0,0,0,0,0,16,0,0,4,4,5,0,1,1,5,8,0,1,0,0,0,0,0,0,0,7,1,1,0,0,0,0,4,2,1,0,KRBKRNvK,DRAW,8/8/4K3/8/1R6/8/k5B1/4rn2 w - - 0 1
1,1,0,0,0,0,0,1,-1,1,0,1,1,1,0,0,0,0,0,16,0,0,4,2,7,1,3,4,2,2,0,1,0,0,0,0,0,0,0,7,1,1,1,0,0,0,0,2,0,2,KRBKRNvK,LOSS,2K5/4r2R/3n4/8/1k4B1/8/8/8 w - - 0 1
0,1,0,0,0,0,0,1,-1,1,0,1,1,1,0,0,0,0,0,16,0,0,3,1,0,4,2,5,1,25,23,0,0,0,0,0,0,0,0,7,1,1,0,1,0,0,0,2,0,0,KRBKRNvK,DRAW,4n3/8/R7/8/7B/4k3/6r1/1K6 b - - 0 1
0,1,0,0,0,0,0,1,-1,1,0,1,1,1,0,0,0,0,0,16,0,0,5,3,2,2,7,1,4,4,0,1,0,0,0,0,0,0,0,7,1,1,0,1,0,0,2,3,0,2,KRBKRNvK,LOSS,2k3R1/8/8/5n2/8/3K3B/4r3/8 b - - 0 1
0,1,0,0,0,0,0,1,-1,1,0,1,1,1,0,0,0,0,0,16,0,0,2,7,7,5,5,6,2,24,23,0,0,0,0,0,0,0,0,7,1,1,0,0,0,0,0,2,1,0,KRBKRNvK,DRAW,5B1K/8/5k2/n7/8/4r3/8/1R6 b - - 0 1
1,1,0,0,0,0,0,1,-1,1,0,1,1,1,0,0,0,0,0,16,0,0,5,5,0,0,1,4,5,21,20,0,0,0,0,0,0,0,0,7,1,1,0,0,0,0,3,0,0,0,KRBKRNvK,DRAW,8/1B4r1/8/3R4/8/8/k7/1n3K2 w - - 0 1
1,1,0,0,0,0,0,1,-1,1,0,1,1,1,0,0,0,0,0,16,0,0,6,6,2,0,7,3,6,22,24,0,0,0,0,0,0,0,0,7,1,1,0,0,0,0,2,0,0,1,KRBKRNvK,DRAW,k6r/8/8/4n3/B4R2/6K1/8/8 w - - 0 1
0,1,0,0,0,0,0,1,-1,1,0,1,1,1,0,0,0,0,0,16,0,0,6,5,7,7,1,4,5,20,23,0,0,0,0,0,0,0,0,7,1,1,0,1,0,0,0,2,0,1,KRBKRNvK,DRAW,5K2/6n1/B7/8/8/8/4r2k/1R6 b - - 0 1
1,1,0,0,0,0,0,1,-1,1,0,1,1,1,0,0,0,0,0,16,0,0,4,0,0,4,2,6,1,21,23,0,0,0,0,0,0,0,0,7,1,1,0,0,0,0,1,4,1,0,KRBKRNvK,DRAW,6R1/8/8/1r6/8/4k1B1/8/K4n2 w - - 0 1
0,1,0,0,0,0,0,1,-1,1,0,1,1,1,0,0,0,0,0,16,0,0,2,4,2,6,2,1,3,3,0,1,0,0,0,0,0,0,0,7,1,1,0,0,0,0,3,0,2,1,KRBKRNvK,DRAW,8/8/8/4BRr1/7n/4K1k1/8/8 b - - 0 1
1,1,0,0,0,0,0,1,-1,1,0,1,1,1,0,0,0,0,0,16,0,0,4,6,2,2,1,3,3,19,20,0,0,0,0,0,0,0,0,7,1,1,0,0,0,0,0,2,2,2,KRBKRNvK,DRAW,8/8/8/4r3/8/1R4K1/B1k5/6n1 w - - 0 1
0,1,0,0,0,0,0,1,-1,1,0,1,1,1,0,0,0,0,0,16,0,0,3,2,7,3,4,4,0,20,27,0,0,0,0,0,0,0,0,7,1,1,0,0,0,0,0,4,2,0,KRBKRNvK,DRAW,2K5/8/5R2/1n1k4/1B6/3r4/8/8 b - - 0 1
1,1,0,0,0,0,0,1,-1,1,0,1,1,1,0,0,0,0,0,16,0,0,2,3,4,3,6,0,2,24,16,0,0,0,0,0,0,0,0,7,1,1,0,0,0,0,3,2,0,1,KRBKRNvK,DRAW,8/3kr3/8/3K4/8/2R5/7B/5n2 w - - 0 1
0,1,0,0,0,0,0,1,-1,1,0,1,1,1,0,0,0,0,0,16,0,0,5,4,1,0,6,2,5,19,26,0,0,0,0,0,0,0,0,7,1,1,0,0,0,0,2,0,1,0,KRBKRNvK,DRAW,1nB5/k7/7r/8/8/4R3/4K3/8 b - - 0 1
1,1,0,0,0,0,0,1,-1,1,0,1,1,1,0,0,0,0,0,16,0,0,5,7,6,5,1,5,3,26,23,0,0,0,0,0,0,0,0,7,1,1,0,0,0,0,1,3,0,0,KRBKRNvK,DRAW,3r4/5B1K/8/8/8/3n4/5k2/R7 w - - 0 1
1,1,0,0,0,0,0,1,-1,1,0,1,1,1,0,0,0,0,0,16,0,0,4,0,5,0,1,4,5,3,0,1,0,0,0,0,0,0,0,7,1,1,1,0,0,0,3,0,0,0,KRBKRNvK,DRAW,8/3R4/K5B1/8/8/r7/k7/2n5 w - - 0 1
1,1,0,0,0,0,0,1,-1,1,0,1,1,1,0,0,0,0,0,16,0,0,5,6,4,1,0,2,5,24,19,0,0,0,0,0,0,0,0,7,1,1,0,0,0,0,0,0,1,1,KRBKRNvK,DRAW,1n1B4/8/8/6K1/8/5r2/2R5/1k6 w - - 0 1
1,1,0,0,0,0,0,1,-1,1,0,1,1,1,0,0,0,0,0,16,0,0,2,5,5,3,7,2,3,27,17,0,0,0,0,0,0,0,0,7,1,1,0,1,0,0,3,1,0,0,KRBKRNvK,DRAW,3k4/8/5K2/4R3/8/8/Brn5/8 w - - 0 1
1,1,0,0,0,0,0,1,-1,1,0,1,1,1,0,0,0,0,0,16,0,0,3,3,2,0,1,1,5,4,0,1,0,0,0,0,0,0,0,7,1,1,1,0,0,0,2,2,0,1,KRBKRNvK,DRAW,8/1R6/8/B7/6r1/3K4/k7/2n5 w - - 0 1
1,1,0,0,0,0,0,1,-1,1,0,1,1,1,0,0,0,0,0,16,0,0,5,5,7,0,5,4,4,16,23,0,0,0,0,0,0,0,0,7,1,1,0,0,0,0,2,1,0,0,KRBKRNvK,DRAW,2r1BK2/8/k7/5n2/6R1/8/8/8 w - - 0 1
0,1,0,0,0,0,0,1,-1,1,0,1,1,1,0,0,0,0,0,16,0,0,5,2,1,7,5,3,4,2,0,1,0,0,0,0,0,0,0,7,1,1,0,0,0,0,0,0,0,0,KRBKRNvK,DRAW,8/6rn/7k/8/8/8/2K5/3B3R b - - 0 1
0,1,0,0,0,0,0,1,-1,1,0,1,1,1,0,0,0,0,0,16,0,0,3,1,4,1,7,2,5,20,28,0,0,0,0,0,0,0,0,7,1,1,0,0,0,0,0,0,0,0,KRBKRNvK,DRAW,1kn5/8/8/1K6/8/7r/R7/3B4 b - - 0 1
0,1,0,0,0,0,0,1,-1,1,0,1,1,1,0,0,0,0,0,16,0,0,6,5,0,3,6,4,2,25,23,0,0,0,0,0,0,0,0,7,1,1,0,0,0,0,0,2,0,0,KRBKRNvK,DRAW,8/n2k4/8/8/1r6/8/6R1/4BK2 b - - 0 1
1,1,0,0,0,0,0,1,-1,1,0,1,1,1,0,0,0,0,0,16,0,0,2,3,4,2,2,0,2,5,0,1,0,0,0,0,0,0,0,7,1,1,0,0,0,0,3,3,0,1,KRBKRNvK,DRAW,8/3r2B1/5R2/3K4/8/2k3n1/8/8 w - - 0 1
0,1,0,0,0,0,0,1,-1,1,0,1,1,1,0,0,0,0,0,16,0,0,3,5,5,4,2,2,1,4,0,1,0,0,0,0,0,0,0,7,1,1,0,0,0,0,3,3,1,0,KRBKRNvK,DRAW,3R4/8/5K2/8/1r6/2n1k3/8/2B5 b - - 0 1
0,1,0,0,0,0,0,1,-1,1,0,1,1,1,0,0,0,0,0,16,0,0,5,5,4,0,2,1,4,2,0,1,0,0,0,0,0,0,0,7,1,1,0,0,0,0,3,0,2,0,KRBKRNvK,DRAW,8/8/8/5K2/2B5/k7/8/Rn5r b - - 0 1
0,1,0,0,0,0,0,1,-1,1,0,1,1,1,0,0,0,0,0,16,0,0,5,6,5,1,6,3,4,7,0,1,0,0,0,0,0,0,0,7,1,1,0,0,0,0,0,3,0,1,KRBKRNvK,LOSS,8/1k6/5nK1/8/2r5/1R6/8/5B2 b - - 0 1
0,1,0,0,0,0,0,1,-1,1,0,1,1,1,0,0,0,0,0,16,0,0,5,3,1,3,6,2,2,29,25,0,0,0,0,0,0,0,0,7,1,1,0,0,0,0,2,2,0,0,KRBKRNvK,WIN,7r/3k4/2n5/8/8/2B5/R2K4/8 b - - 0 1
0,1,0,0,0,0,0,1,-1,1,0,1,1,1,0,0,0,0,0,16,0,0,7,3,7,2,0,3,4,24,22,0,0,0,0,0,0,0,0,7,1,1,0,1,0,0,0,1,0,0,KRBKRNvK,DRAW,3K4/8/1R6/8/B7/1n6/6r1/2k5 b - - 0 1
1,1,0,0,0,0,0,1,-1,1,0,1,1,1,0,0,0,0,0,16,0,0,2,5,4,7,4,1,3,3,0,1,0,0,0,0,0,0,0,7,1,1,0,0,0,0,4,2,0,1,KRBKRNvK,DRAW,3R4/8/8/5K1k/r7/6n1/1B6/8 w - - 0 1
0,1,0,0,0,0,0,1,-1,1,0,1,1,1,0,0,0,0,0,16,0,0,4,2,0,6,2,4,3,23,25,0,0,0,0,0,0,0,0,7,1,1,0,0,0,0,2,0,1,1,KRBKRNvK,DRAW,7r/8/8/B7/8/6k1/4R3/2Kn4 b - - 0 1
0,1,0,0,0,0,0,1,-1,1,0,1,1,1,0,0,0,0,0,16,0,0,4,2,5,6,7,2,5,5,0,1,0,0,0,0,0,0,0,7,1,1,0,1,0,0,2,3,0,1,KRBKRNvK,DRAW,R5k1/8/2K1n3/8/5B2/8/4r3/8 b - - 0 1
0,1,0,0,0,0,0,1,-1,1,0,1,1,1,0,0,0,0,0,16,0,0,5,2,5,7,5,2,4,24,29,0,0,0,0,0,0,0,0,7,1,1,0,0,0,0,3,1,1,0,KRBKRNvK,DRAW,8/8/2K4k/8/5R2/r7/2n5/6B1 b - - 0 1
1,1,0,0,0,0,0,1,-1,1,0,1,1,1,0,0,0,0,0,16,0,0,3,1,5,4,6,3,2,20,21,0,0,0,0,0,0,0,0,7,1,1,0,0,0,0,0,3,0,1,KRBKRNvK,DRAW,8/4k3/1K6/1n4r1/6BR/8/8/8 w - - 0 1
1,1,0,0,0,0,0,1,-1,1,0,1,1,1,0,0,0,0,0,16,0,0,2,4,6,6,7,2,5,25,6,0,0,0,0,0,0,0,0,7,1,1,0,0,0,0,2,0,0,0,KRBKRNvK,DRAW,6kr/4K3/7n/1B2R3/8/8/8/8 w - - 0 1
1,1,0,0,0,0,0,1,-1,1,0,1,1,1,0,0,0,0,0,16,0,0,3,0,0,3,0,6,3,26,24,0,0,0,0,0,0,0,0,7,1,1,0,0,0,0,0,2,1,0,KRBKRNvK,DRAW,8/8/8/1B6/3n4/4r3/2R5/K2k4 w - - 0 1
1,1,0,0,0,0,0,1,-1,1,0,1,1,1,0,0,0,0,0,16,0,0,2,3,4,1,6,0,4,24,20,0,0,0,0,0,0,0,0,7,1,1,0,0,0,0,3,1,0,1,KRBKRNvK,DRAW,6R1/1k6/8/1n1K4/8/8/8/2rB4 w - - 0 1
0,1,0,0,0,0,0,1,-1,1,0,1,1,1,0,0,0,0,0,16,0,0,3,0,1,0,4,5,3,23,24,0,0,0,0,0,0,0,0,7,1,1,0,0,0,0,3,0,0,0,KRBKRNvK,DRAW,2n5/1r6/8/k7/8/3R4/K5B1/8 b - - 0 1
0,1,0,0,0,0,0,1,-1,1,0,1,1,1,0,0,0,0,0,16,0,0,3,1,3,0,6,2,5,4,0,1,0,0,0,0,0,0,0,7,1,1,0,1,0,0,2,1,1,0,KRBKRNvK,DRAW,8/k1n5/8/R7/1K6/8/5r2/3B4 b - - 0 1
0,1,0,0,0,0,0,1,-1,1,0,1,1,1,0,0,0,0,0,16,0,0,2,6,7,6,5,5,3,16,24,0,0,0,0,0,0,0,0,7,1,1,0,0,0,0,3,1,2,0,KRBKRNvK,WIN,6K1/r1n5/5Bk1/8/5R2/8/8/8 b - - 0 1
1,1,0,0,0,0,0,1,-1,1,0,1,1,1,0,0,0,0,0,16,0,0,5,2,1,2,6,3,3,6,0,1,0,0,0,0,0,0,0,7,1,1,0,1,0,0,2,2,2,1,KRBKRNvK,DRAW,8/2k2n2/1RB5/8/8/8/2K1r3/8 w - - 0 1
0,1,0,0,0,0,0,1,-1,1,0,1,1,1,0,0,0,0,0,16,0,0,5,3,0,7,5,3,4,17,28,0,0,0,0,0,0,0,0,7,1,1,1,0,0,0,1,0,1,0,KRBKRNvK,DRAW,1n6/1R6/2r4k/5B2/8/8/8/3K4 b - - 0 1
0,1,0,0,0,0,0,1,-1,1,0,1,1,1,0,0,0,0,0,16,0,0,5,0,5,4,0,4,3,3,0,1,0,0,0,0,0,0,0,7,1,1,0,0,0,0,2,0,1,1,KRBKRNvK,DRAW,2r5/8/K7/B7/8/4R3/8/4k2n b - - 0 1
1,1,0,0,0,0,0,1,-1,1,0,1,1,1,0,0,0,0,0,16,0,0,5,5,7,5,2,4,2,24,16,0,0,0,0,0,0,0,0,7,1,1,1,0,0,0,2,2,1,0,KRBKRNvK,DRAW,5K2/4R3/8/1n6/8/1r3k2/8/4B3 w - - 0 1
0,1,0,0,0,0,0,1,-1,1,0,1,1,1,0,0,0,0,0,16,0,0,5,5,7,1,2,4,3,22,26,0,0,0,0,0,0,0,0,7,1,1,0,0,0,0,2,1,1,1,KRBKRNvK,DRAW,5K2/2r2n2/8/1B6/7R/1k6/8/8 b - - 0 1
0,1,0,0,0,0,0,1,-1,1,0,1,1,1,0,0,0,0,0,16,0,0,6,6,5,0,4,3,3,2,0,1,0,0,0,0,0,0,0,7,1,1,1,0,0,0,1,1,1,1,KRBKRNvK,DRAW,8/R4n2/6K1/k7/8/3B4/8/1r6 b - - 0 1
0,1,0,0,0,0,0,1,-1,1,0,1,1,1,0,0,0,0,0,16,0,0,2,3,1,4,3,2,0,26,15,0,0,0,0,0,0,0,0,7,1,1,0,0,0,0,0,3,0,0,KRBKRNvK,DRAW,3B4/4n3/8/8/4k3/7r/3K4/3R4 b - - 0 1
1,1,0,0,0,0,0,1,-1,1,0,1,1,1,0,0,0,0,0,16,0,0,5,7,7,2,2,6,2,2,0,1,0,0,0,0,0,0,0,7,1,1,0,0,0,0,1,2,2,0,KRBKRNvK,DRAW,2n4K/8/8/1RB5/7r/2k5/8/8 w - - 0 1
1,1,0,0,0,0,0,1,-1,1,0,1,1,1,0,0,0,0,0,16,0,0,2,1,4,3,4,2,0,26,27,0,0,0,0,0,0,0,0,7,1,1,1,1,0,0,0,3,0,0,KRBKRNvK,DRAW,8/7R/8/1K1k1n2/8/8/4r3/4B3 w - - 0 1
1,1,0,0,0,0,0,1,-1,1,0,1,1,1,0,0,0,0,0,16,0,0,4,3,6,5,2,2,2,4,0,1,0,0,0,0,0,0,0,7,1,1,0,0,0,0,0,2,1,0,KRBKRNvK,DRAW,6R1/n2K4/8/8/3r4/5k1B/8/8 w - - 0 1
1,1,0,0,0,0,0,1,-1,1,0,1,1,1,0,0,0,0,0,16,0,0,4,5,0,5,4,4,1,26,26,0,0,0,0,0,0,0,0,7,1,1,0,0,0,0,2,3,1,1,KRBKRNvK,DRAW,8/6B1/8/5k2/1n6/4r3/2R5/5K2 w - - 0 1
0,1,0,0,0,0,0,1,-1,1,0,1,1,1,0,0,0,0,0,16,0,0,7,6,0,7,7,5,6,16,25,0,0,0,0,0,0,0,0,7,1,1,0,0,0,0,0,0,0,0,KRBKRNvK,DRAW,2r3nk/8/8/8/B7/6R1/8/6K1 b - - 0 1
0,1,0,0,0,0,0,1,-1,1,0,1,1,1,0,0,0,0,0,16,0,0,5,5,3,0,4,1,3,23,28,0,0,0,0,0,0,0,0,7,1,1,0,0,0,0,3,1,0,1,KRBKRNvK,DRAW,6R1/8/8/k7/1n3K2/7r/5B2/8 b - - 0 1
0,1,0,0,0,0,0,1,-1,1,0,1,1,1,0,0,0,0,0,16,0,0,6,6,0,3,6,5,2,24,29,0,0,0,0,0,0,0,0,7,1,1,0,0,0,0,1,2,1,0,KRBKRNvK,DRAW,8/3k4/8/3B4/2r5/6R1/2n5/6K1 b - - 0 1
1,1,0,0,0,0,0,1,-1,1,0,1,1,1,0,0,0,0,0,16,0,0,3,2,0,5,3,4,1,25,18,0,0,0,0,0,0,0,0,7,1,1,0,0,0,0,2,2,1,0,KRBKRNvK,DRAW,8/7n/3R4/8/1B3kr1/8/8/2K5 w - - 0 1
0,1,0,0,0,0,0,1,-1,1,0,1,1,1,0,0,0,0,0,16,0,0,2,2,2,1,4,2,2,24,21,0,0,0,0,0,0,0,0,7,1,1,1,0,0,0,1,2,0,2,KRBKRNvK,DRAW,8/5R2/8/1k6/1n1r4/2K5/8/4B3 b - - 0 1
1,1,0,0,0,0,0,1,-1,1,0,1,1,1,0,0,0,0,0,16,0,0,4,1,5,3,1,3,2,5,0,1,0,0,0,0,0,0,0,7,1,1,0,0,0,0,3,1,1,2,KRBKRNvK,DRAW,B7/8/1K6/8/1r1n4/4R3/3k4/8 w - - 0 1
1,1,0,0,0,0,0,1,-1,1,0,1,1,1,0,0,0,0,0,16,0,0,3,5,3,2,3,1,1,23,30,0,0,0,0,0,0,0,0,7,1,1,1,0,0,0,2,3,0,1,KRBKRNvK,DRAW,8/2B4R/5n2/8/2k2K2/8/8/3r4 w - - 0 1
1,1,0,0,0,0,0,1,-1,1,0,1,1,1,0,0,0,0,0,16,0,0,6,0,6,6,0,5,5,4,0,1,0,0,0,0,0,0,0,7,1,1,0,0,0,0,1,1,0,1,KRBKRNvK,DRAW,8/K4r2/8/Rn6/4B3/8/8/6k1 w - - 0 1
0,1,0,0,0,0,0,1,-1,1,0,1,1,1,0,0,0,0,0,16,0,0,2,3,5,4,7,1,3,1,0,1,0,0,0,0,0,0,0,7,1,1,0,0,0,0,2,2,1,0,KRBKRNvK,DRAW,R3k3/4B3/3K4/8/8/3n4/8/4r3 b - - 0 1
1,1,0,0,0,0,0,1,-1,1,0,1,1,1,0,0,0,0,0,16,0,0,6,1,6,7,1,4,5,4,0,1,0,0,0,0,0,0,0,7,1,1,0,0,0,0,0,0,0,1,KRBKRNvK,DRAW,2R5/1K6/7r/nB6/8/8/7k/8 w - - 0 1
0,1,0,0,0,0,0,1,-1,1,0,1,1,1,0,0,0,0,0,16,0,0,5,6,1,1,1,4,4,25,31,0,0,0,0,0,0,0,0,7,1,1,0,0,0,0,1,2,0,0,KRBKRNvK,DRAW,6R1/3r4/8/8/8/4B3/1k4K1/2n5 b - - 0 1
0,1,0,0,0,0,0,1,-1,1,0,1,1,1,0,0,0,0,0,16,0,0,2,4,2,4,0,1,3,19,24,0,0,0,0,0,0,0,0,7,1,1,1,0,0,0,3,2,1,0,KRBKRNvK,DRAW,8/1n1R4/8/7r/8/4K3/8/3Bk3 b - - 0 1
1,1,0,0,0,0,0,1,-1,1,0,1,1,1,0,0,0,0,0,16,0,0,2,4,6,6,6,2,4,26,25,0,0,0,0,0,0,0,0,7,1,1,0,1,0,0,2,1,1,0,KRBKRNvK,DRAW,8/4K1k1/8/1B3R2/8/6n1/r7/8 w - - 0 1
0,1,0,0,0,0,0,1,-1,1,0,1,1,1,0,0,0,0,0,16,0,0,5,1,3,6,7,2,5,23,29,0,0,0,0,0,0,0,0,7,1,1,0,1,0,0,1,3,1,1,KRBKRNvK,DRAW,6k1/B7/5R2/8/1K6/6n1/3r4/8 b - - 0 1
1,1,0,0,0,0,0,1,-1,1,0,1,1,1,0,0,0,0,0,16,0,0,5,7,3,2,4,3,1,26,24,0,0,0,0,0,0,0,0,7,1,1,0,0,0,0,2,2,1,1,KRBKRNvK,DRAW,8/5r2/2B5/2k5/5n1K/8/6R1/8 w - - 0 1
1,1,0,0,0,0,0,1,-1,1,0,1,1,1,0,0,0,0,0,16,0,0,5,3,7,1,2,3,3,28,21,0,0,0,0,0,0,0,0,7,1,1,1,0,0,0,0,2,1,0,KRBKRNvK,DRAW,3K4/R7/7n/5r2/1B6/1k6/8/8 w - - 0 1
0,1,0,0,0,0,0,1,-1,1,0,1,1,1,0,0,0,0,0,16,0,0,3,7,5,4,5,4,1,22,26,0,0,0,0,0,0,0,0,7,1,1,0,0,0,0,2,2,0,1,KRBKRNvK,DRAW,8/5r2/4k2K/8/8/1R6/6B1/7n b - - 0 1
0,1,0,0,0,0,0,1,-1,1,0,1,1,1,0,0,0,0,0,16,0,0,2,2,4,0,5,1,4,19,24,0,0,0,0,0,0,0,0,7,1,1,1,0,0,0,2,0,0,0,KRBKRNvK,DRAW,5r2/3R4/k7/2K5/8/7B/1n6/8 b - - 0 1
0,1,0,0,0,0,0,1,-1,1,0,1,1,1,0,0,0,0,0,16,0,0,4,0,5,4,6,4,2,25,25,0,0,0,0,0,0,0,0,7,1,1,0,0,0,0,2,2,0,0,KRBKRNvK,DRAW,BR6/4k3/K7/8/5r2/8/2n5/8 b - - 0 1
0,1,0,0,0,0,0,1,-1,1,0,1,1,1,0,0,0,0,0,16,0,0,5,5,4,0,1,1,5,25,19,0,0,0,0,0,0,0,0,7,1,1,0,0,0,0,2,3,0,1,KRBKRNvK,DRAW,8/8/5n2/5K2/2r5/5R2/k3B3/8 b - - 0 1
0,1,0,0,0,0,0,1,-1,1,0,1,1,1,0,0,0,0,0,16,0,0,4,2,3,6,3,1,2,22,23,0,0,0,0,0,0,0,0,7,1,1,0,0,0,0,2,0,0,0,KRBKRNvK,DRAW,6B1/8/8/7n/2K3k1/R7/8/1r6 b - - 0 1
0,1,0,0,0,0,0,1,-1,1,0,1,1,1,0,0,0,0,0,16,0,0,2,3,4,5,6,0,3,19,23,0,0,0,0,0,0,0,0,7,1,1,0,0,0,0,3,1,0,2,KRBKRNvK,DRAW,8/5k2/1r6/1n1K4/8/4B1R1/8/8 b - - 0 1
1,1,0,0,0,0,0,1,-1,1,0,1,1,1,0,0,0,0,0,16,0,0,3,4,4,1,5,0,3,28,18,0,0,0,0,0,0,0,0,7,1,1,0,0,0,0,3,0,1,0,KRBKRNvK,DRAW,5Bn1/8/1k6/4K3/R7/1r6/8/8 w - - 0 1
1,1,0,0,0,0,0,1,-1,1,0,1,1,1,0,0,0,0,0,16,0,0,3,6,0,3,3,5,0,3,0,1,0,0,0,0,0,0,0,7,1,1,0,0,0,0,1,4,0,0,KRBKRNvK,DRAW,8/8/8/5nr1/3k4/8/7B/6KR w - - 0 1
0,1,0,0,0,0,0,1,-1,1,0,1,1,1,0,0,0,0,0,16,0,0,2,4,4,2,6,0,3,23,24,0,0,0,0,0,0,0,0,7,1,1,0,0,0,0,4,2,1,2,KRBKRNvK,DRAW,R7/2k5/5B2/4K3/8/2n3r1/8/8 b - - 0 1
0,1,0,0,0,0,0,1,-1,1,0,1,1,1,0,0,0,0,0,16,0,0,6,0,5,6,0,4,5,22,18,0,0,0,0,0,0,0,0,7,1,1,1,0,0,0,1,2,0,0,KRBKRNvK,DRAW,1B6/R7/K7/8/4r3/8/1n6/6k1 b - - 0 1
1,1,0,0,0,0,0,1,-1,1,0,1,1,1,0,0,0,0,0,16,0,0,4,4,5,0,2,1,4,23,21,0,0,0,0,0,0,0,0,7,1,1,0,0,0,0,4,0,0,0,KRBKRNvK,DRAW,8/7r/4K3/8/8/k7/4R3/2n3B1 w - - 0 1
1,1,0,0,0,0,0,1,-1,1,0,1,1,1,0,0,0,0,0,16,0,0,6,5,0,6,6,4,4,4,0,1,0,0,0,0,0,0,0,7,1,1,0,0,0,0,1,1,0,2,KRBKRNvK,DRAW,8/6k1/R7/8/4B3/4n2r/8/5K2 w - - 0 1
0,1,0,0,0,0,0,1,-1,1,0,1,1,1,0,0,0,0,0,16,0,0,6,6,4,0,2,2,4,19,30,0,0,0,0,0,0,0,0,7,1,1,0,0,0,0,1,2,0,0,KRBKRNvK,DRAW,8/5B2/2R5/6K1/8/k2r4/7n/8 b - - 0 1
1,1,0,0,0,0,0,1,-1,1,0,1,1,1,0,0,0,0,0,16,0,0,5,0,6,4,1,5,2,26,23,0,0,0,0,0,0,0,0,7,1,1,0,0,0,0,0,2,0,0,KRBKRNvK,DRAW,5B2/K7/2R5/8/4r3/8/4k3/1n6 w - - 0 1
1,1,0,0,0,0,0,1,-1,1,0,1,1,1,0,0,0,0,0,16,0,0,4,2,0,0,4,4,3,21,24,0,0,0,0,0,0,0,0,7,1,1,0,0,0,0,0,2,0,0,KRBKRNvK,DRAW,8/8/3r4/k4n2/8/8/4B1R1/2K5 w - - 0 1
0,1,0,0,0,0,0,1,-1,1,0,1,1,1,0,0,0,0,0,16,0,0,4,1,6,1,2,4,3,22,21,0,0,0,0,0,0,0,0,7,1,1,0,0,0,0,2,2,1,0,KRBKRNvK,DRAW,B7/1K6/8/8/7r/1k6/n2R4/8 b - - 0 1
0,1,0,0,0,0,0,1,-1,1,0,1,1,1,0,0,0,0,0,16,0,0,3,4,3,7,0,0,6,22,26,0,0,0,0,0,0,0,0,7,1,1,1,0,0,0,3,3,1,2,KRBKRNvK,DRAW,8/1R6/8/6r1/4K3/8/4nB2/7k b - - 0 1
1,1,0,0,0,0,0,1,-1,1,0,1,1,1,0,0,0,0,0,16,0,0,3,3,3,1,6,0,4,22,20,0,0,0,0,0,0,0,0,7,1,1,0,0,0,0,4,0,0,0,KRBKRNvK,DRAW,8/1k3r2/7B/8/2RK4/8/8/5n2 w - - 0 1
1,1,0,0,0,0,0,1,-1,1,0,1,1,1,0,0,0,0,0,16,0,0,2,4,4,6,6,0,4,30,17,0,0,0,0,0,0,0,0,7,1,1,0,0,0,0,3,0,0,0,KRBKRNvK,DRAW,8/1r4k1/8/1B2K3/8/8/2R5/7n w - - 0 1
0,1,0,0,0,0,0,1,-1,1,0,1,1,1,0,0,0,0,0,16,0,0,3,4,7,4,4,3,0,26,18,0,0,0,0,0,0,0,0,7,1,1,0,0,0,0,2,3,1,0,KRBKRNvK,DRAW,4KR2/8/2B5/4kn2/8/8/8/6r1 b - - 0 1
0,1,0,0,0,0,0,1,-1,1,0,1,1,1,0,0,0,0,0,16,0,0,6,0,6,3,0,5,3,3,0,1,0,0,0,0,0,0,0,7,1,1,0,1,0,0,2,0,0,0,KRBKRNvK,DRAW,8/K7/8/7B/3R4/8/1r6/3k1n2 b - - 0 1
1,1,0,0,0,0,0,1,-1,1,0,1,1,1,0,0,0,0,0,16,0,0,3,4,3,7,2,0,4,27,21,0,0,0,0,0,0,0,0,7,1,1,0,0,0,0,4,0,0,0,KRBKRNvK,DRAW,5r2/8/n7/4B3/2R1K3/7k/8/8 w - - 0 1
1,1,0,0,0,0,0,1,-1,1,0,1,1,1,0,0,0,0,0,16,0,0,2,4,2,3,4,1,0,6,0,1,0,0,0,0,0,0,0,7,1,1,1,0,0,0,3,3,1,1,KRBKRNvK,DRAW,8/1n2R3/8/3k3B/8/4K3/8/4r3 w - - 0 1
0,1,0,0,0,0,0,1,-1,1,0,1,1,1,0,0,0,0,0,16,0,0,2,5,3,7,2,1,4,1,0,1,0,0,0,0,0,0,0,7,1,1,0,0,0,0,3,1,2,0,KRBKRNvK,DRAW,1r6/8/8/7R/2n2KB1/7k/8/8 b - - 0 1
0,1,0,0,0,0,0,1,-1,1,0,1,1,1,0,0,0,0,0,16,0,0,2,2,5,4,6,2,2,6,0,1,0,0,0,0,0,0,0,7,1,1,0,0,0,0,1,2,0,1,KRBKRNvK,DRAW,8/4k3/2K5/4r3/7B/7n/8/7R b - - 0 1
1,1,0,0,0,0,0,1,-1,1,0,1,1,1,0,0,0,0,0,16,0,0,2,3,3,3,1,0,2,26,21,0,0,0,0,0,0,0,0,7,1,1,0,0,0,0,3,0,0,0,KRBKRNvK,DRAW,3B4/6rn/8/1R6/3K4/8/3k4/8 w - - 0 1
1,1,0,0,0,0,0,1,-1,1,0,1,1,1,0,0,0,0,0,16,0,0,3,0,3,1,0,3,5,24,23,0,0,0,0,0,0,0,0,7,1,1,0,0,0,0,3,0,0,1,KRBKRNvK,DRAW,8/8/n7/2B4R/K7/5r2/8/1k6 w - - 0 1
1,1,0,0,0,0,0,1,-1,1,0,1,1,1,0,0,0,0,0,16,0,0,5,6,0,6,5,5,3,25,23,0,0,0,0,0,0,0,0,7,1,1,0,0,0,0,2,0,0,0,KRBKRNvK,DRAW,8/8/2r3kn/8/8/B3R3/8/6K1 w - - 0 1
0,1,0,0,0,0,0,1,-1,1,0,1,1,1,0,0,0,0,0,16,0,0,7,1,0,5,7,5,4,5,0,1,0,0,0,0,0,0,0,7,1,1,0,0,0,0,3,2,1,0,KRBKRNvK,DRAW,5k2/7n/4B3/2r5/5R2/8/8/1K6 b - - 0 1
0,1,0,0,0,0,0,1,-1,1,0,1,1,1,0,0,0,0,0,16,0,0,2,5,1,7,3,3,3,20,26,0,0,0,0,0,0,0,0,7,1,1,1,0,0,0,3,2,0,1,KRBKRNvK,DRAW,8/4R3/1B6/8/2r4k/8/5K1n/8 b - - 0 1
1,1,0,0,0,0,0,1,-1,1,0,1,1,1,0,0,0,0,0,16,0,0,4,1,0,5,3,5,1,5,0,1,0,0,0,0,0,0,0,7,1,1,0,0,0,0,2,2,0,1,KRBKRNvK,DRAW,R6B/8/8/2n5/5k2/1r6/8/1K6 w - - 0 1
1,1,0,0,0,0,0,1,-1,1,0,1,1,1,0,0,0,0,0,16,0,0,6,7,6,1,0,5,5,20,24,0,0,0,0,0,0,0,0,7,1,1,0,0,0,0,2,1,0,0,KRBKRNvK,DRAW,r7/7K/7B/8/8/4R3/2n5/1k6 w - - 0 1
1,1,0,0,0,0,0,1,-1,1,0,1,1,1,0,0,0,0,0,16,0,0,3,2,4,5,1,1,3,24,21,0,0,0,0,0,0,0,0,7,1,1,0,1,0,0,2,1,0,1,KRBKRNvK,DRAW,8/4n3/R7/2K5/1B6/8/5k1r/8 w - - 0 1
0,1,0,0,0,0,0,1,-1,1,0,1,1,1,0,0,0,0,0,16,0,0,6,6,5,0,0,3,6,22,22,0,0,0,0,0,0,0,0,7,1,1,0,0,0,0,2,1,0,2,KRBKRNvK,DRAW,3B4/7r/6K1/6n1/3R4/8/8/k7 b - - 0 1
0,1,0,0,0,0,0,1,-1,1,0,1,1,1,0,0,0,0,0,16,0,0,7,7,7,5,0,6,4,21,23,0,0,0,0,0,0,0,0,7,1,1,1,0,0,0,2,0,1,1,KRBKRNvK,DRAW,7K/5R2/6r1/8/8/5B2/1n6/5k2 b - - 0 1
0,1,0,0,0,0,0,1,-1,1,0,1,1,1,0,0,0,0,0,16,0,0,4,2,5,6,7,2,5,18,23,0,0,0,0,0,0,0,0,7,1,1,0,0,0,0,1,0,0,1,KRBKRNvK,DRAW,r4nk1/1B6/2K5/8/8/5R2/8/8 b - - 0 1
0,1,0,0,0,0,0,1,-1,1,0,1,1,1,0,0,0,0,0,16,0,0,4,2,5,0,1,2,5,20,32,0,0,0,0,0,0,0,0,7,1,1,0,0,0,0,3,2,0,1,KRBKRNvK,DRAW,5n2/8/2K2B2/8/4r3/8/k7/3R4 b - - 0 1
0,1,0,0,0,0,0,1,-1,1,0,1,1,1,0,0,0,0,0,16,0,0,3,2,6,5,4,3,1,19,28,0,0,0,0,0,0,0,0,7,1,1,0,0,0,0,2,2,1,0,KRBKRNvK,WIN,5n2/2K5/B7/5k2/3R4/5r2/8/8 b - - 0 1
1,1,0,0,0,0,0,1,-1,1,0,1,1,1,0,0,0,0,0,16,0,0,2,4,4,5,2,0,2,5,0,1,0,0,0,0,0,0,0,7,1,1,0,0,0,0,3,3,1,1,KRBKRNvK,DRAW,1r6/4B3/2n5/4K3/7R/5k2/8/8 w - - 0 1
1,1,0,0,0,0,0,1,-1,1,0,1,1,1,0,0,0,0,0,16,0,0,5,7,5,2,0,4,4,5,0,1,0,0,0,0,0,0,0,7,1,1,0,0,0,0,4,0,1,0,KRBKRNvK,DRAW,8/8/r6K/4R3/8/2B5/8/2k1n3 w - - 0 1
1,1,0,0,0,0,0,1,-1,1,0,1,1,1,0,0,0,0,0,16,0,0,4,5,6,1,6,3,4,31,25,0,0,0,0,0,0,0,0,7,1,1,0,0,0,0,2,2,0,0,KRBKRNvK,DRAW,8/1k3K2/6R1/1r6/5n2/2B5/8/8 w - - 0 1
1,1,0,0,0,0,0,1,-1,1,0,1,1,1,0,0,0,0,0,16,0,0,4,4,5,6,1,1,4,23,21,0,0,0,0,0,0,0,0,7,1,1,0,1,0,0,3,0,0,1,KRBKRNvK,DRAW,4n3/8/4K3/4R3/8/8/2B2rk1/8 w - - 0 1
0,1,0,0,0,0,0,1,-1,1,0,1,1,1,0,0,0,0,0,16,0,0,7,0,3,7,5,3,4,5,0,1,0,0,0,0,0,0,0,7,1,1,0,0,0,0,2,2,0,1,KRBKRNvK,DRAW,8/8/2nR3k/8/K7/6r1/7B/8 b - - 0 1
0,1,0,0,0,0,0,1,-1,1,0,1,1,1,0,0,0,0,0,16,0,0,3,3,6,0,4,2,3,22,21,0,0,0,0,0,0,0,0,7,1,1,0,0,0,0,0,2,0,0,KRBKRNvK,DRAW,8/3K4/8/k5r1/7n/7B/8/7R b - - 0 1
1,1,0,0,0,0,0,1,-1,1,0,1,1,1,0,0,0,0,0,16,0,0,2,2,3,0,4,1,3,4,0,1,0,0,0,0,0,0,0,7,1,1,0,0,0,0,2,2,0,2,KRBKRNvK,DRAW,2B5/8/5R2/k3r3/2K5/4n3/8/8 w - - 0 1
1,1,0,0,0,0,0,1,-1,1,0,1,1,1,0,0,0,0,0,16,0,0,5,1,5,6,7,3,5,28,25,0,0,0,0,0,0,0,0,7,1,1,0,0,0,0,3,2,0,0,KRBKRNvK,DRAW,6k1/8/1K4n1/5r2/R7/8/6B1/8 w - - 0 1
0,1,0,0,0,0,0,1,-1,1,0,1,1,1,0,0,0,0,0,16,0,0,3,4,2,2,5,1,2,7,0,1,0,0,0,0,0,0,0,7,1,1,0,0,0,0,2,2,0,0,KRBKRNvK,DRAW,6r1/8/2k1n3/8/8/2R1K3/8/4B3 b - - 0 1
0,1,0,0,0,0,0,1,-1,1,0,1,1,1,0,0,0,0,0,16,0,0,4,6,5,7,1,3,5,21,26,0,0,0,0,0,0,0,0,7,1,1,0,1,0,0,2,0,0,0,KRBKRNvK,DRAW,8/8/6K1/3R4/8/8/2r4k/1n1B4 b - - 0 1
1,1,0,0,0,0,0,1,-1,1,0,1,1,1,0,0,0,0,0,16,0,0,3,5,4,5,7,1,4,7,0,1,0,0,0,0,0,0,0,7,1,1,0,0,0,0,3,0,0,1,KRBKRNvK,DRAW,r4k2/6n1/8/5K2/8/1B6/8/2R5 w - - 0 1
1,1,0,0,0,0,0,1,-1,1,0,1,1,1,0,0,0,0,0,16,0,0,6,4,7,7,1,3,5,28,23,0,0,0,0,0,0,0,0,7,1,1,0,0,0,0,2,2,1,0,KRBKRNvK,DRAW,4K3/1B6/8/r7/5n2/6R1/7k/8 w - - 0 1
1,1,0,0,0,0,0,1,-1,1,0,1,1,1,0,0,0,0,0,16,0,0,5,0,7,5,5,6,2,23,23,0,0,0,0,0,0,0,0,7,1,1,0,1,0,0,2,1,1,0,KRBKRNvK,DRAW,K7/8/5k1n/8/3R4/8/7r/7B w - - 0 1
0,1,0,0,0,0,0,1,-1,1,0,1,1,1,0,0,0,0,0,16,0,0,5,2,2,7,0,2,6,2,0,1,0,0,0,0,0,0,0,7,1,1,0,0,0,0,1,0,0,1,KRBKRNvK,DRAW,8/8/1r6/8/8/2K5/3B4/n2R3k b - - 0 1
1,1,0,0,0,0,0,1,-1,1,0,1,1,1,0,0,0,0,0,16,0,0,7,0,6,7,3,5,3,24,19,0,0,0,0,0,0,0,0,7,1,1,0,0,0,0,1,2,1,0,KRBKRNvK,DRAW,8/K7/6R1/3r4/7k/8/7n/1B6 w - - 0 1
0,1,0,0,0,0,0,1,-1,1,0,1,1,1,0,0,0,0,0,16,0,0,3,6,7,3,6,5,2,22,21,0,0,0,0,0,0,0,0,7,1,1,0,0,0,0,1,2,1,1,KRBKRNvK,DRAW,1R3nK1/3k4/8/8/4r3/8/6B1/8 b - - 0 1
0,1,0,0,0,0,0,1,-1,1,0,1,1,1,0,0,0,0,0,16,0,0,5,1,5,6,0,3,5,19,31,0,0,0,0,0,0,0,0,7,1,1,0,0,0,0,2,1,0,0,KRBKRNvK,DRAW,3R4/8/1K6/8/8/1B2n3/8/6kr b - - 0 1
0,1,0,0,0,0,0,1,-1,1,0,1,1,1,0,0,0,0,0,16,0,0,2,2,3,4,1,1,2,22,20,0,0,0,0,0,0,0,0,7,1,1,1,0,0,0,2,2,1,0,KRBKRNvK,DRAW,8/2R5/8/5r2/2K5/8/4k3/3n2B1 b - - 0 1
0,1,0,0,0,0,0,1,-1,1,0,1,1,1,0,0,0,0,0,16,0,0,5,3,1,3,6,2,2,21,29,0,0,0,0,0,0,0,0,7,1,1,0,0,0,0,1,0,0,0,KRBKRNvK,DRAW,8/3k4/6r1/8/8/3B4/3K4/n1R5 b - - 0 1
0,1,0,0,0,0,0,1,-1,1,0,1,1,1,0,0,0,0,0,16,0,0,3,4,7,1,6,3,4,28,20,0,0,0,0,0,0,0,0,7,1,1,0,0,0,0,0,2,0,0,KRBKRNvK,DRAW,4K3/1k6/8/5n2/1r6/B6R/8/8 b - - 0 1
1,1,0,0,0,0,0,1,-1,1,0,1,1,1,0,0,0,0,0,16,0,0,3,3,6,6,5,2,3,26,22,0,0,0,0,0,0,0,0,7,1,1,0,0,0,0,0,1,0,0,KRBKRNvK,DRAW,6r1/3K4/6k1/8/8/R7/2n5/4B3 w - - 0 1
1,1,0,0,0,0,0,1,-1,1,0,1,1,1,0,0,0,0,0,16,0,0,5,7,2,2,5,4,2,3,0,1,0,0,0,0,0,0,0,7,1,1,0,0,0,0,1,1,0,0,KRBKRNvK,DRAW,3n4/7r/2k5/8/8/7K/8/5RB1 w - - 0 1
0,1,0,0,0,0,0,1,-1,1,0,1,1,1,0,0,0,0,0,16,0,0,7,0,4,7,7,3,6,4,0,1,0,0,0,0,0,0,0,7,1,1,0,0,0,0,2,0,0,1,KRBKRNvK,DRAW,7k/8/2r5/K2R4/8/7n/8/B7 b - - 0 1
0,1,0,0,0,0,0,1,-1,1,0,1,1,1,0,0,0,0,0,16,0,0,2,5,7,7,5,4,4,18,20,0,0,0,0,0,0,0,0,7,1,1,0,0,0,0,0,0,0,1,KRBKRNvK,DRAW,4BK2/1n4r1/7k/8/8/8/5R2/8 b - - 0 1
0,1,0,0,0,0,0,1,-1,1,0,1,1,1,0,0,0,0,0,16,0,0,2,6,2,6,0,3,5,24,23,0,0,0,0,0,0,0,0,7,1,1,1,1,0,0,1,2,0,1,KRBKRNvK,WIN,8/6R1/8/8/8/1Bn3K1/5r2/6k1 b - - 0 1
1,1,0,0,0,0,0,1,-1,1,0,1,1,1,0,0,0,0,0,16,0,0,2,2,3,0,5,1,4,22,20,0,0,0,0,0,0,0,0,7,1,1,0,0,0,0,4,2,0,1,KRBKRNvK,DRAW,3n4/8/k2r4/8/2K3R1/8/8/B7 w - - 0 1
1,1,0,0,0,0,0,1,-1,1,0,1,1,1,0,0,0,0,0,16,0,0,2,0,1,1,3,5,2,20,21,0,0,0,0,0,0,0,0,7,1,1,1,0,0,0,1,2,0,0,KRBKRNvK,DRAW,8/6R1/n5B1/6r1/1k6/8/K7/8 w - - 0 1
0,1,0,0,0,0,0,1,-1,1,0,1,1,1,0,0,0,0,0,16,0,0,2,5,6,3,6,3,2,26,25,0,0,0,0,0,0,0,0,7,1,1,0,0,0,0,1,3,0,0,KRBKRNvK,DRAW,8/3k1K2/R1n5/1r6/8/4B3/8/8 b - - 0 1
1,1,0,0,0,0,0,1,-1,1,0,1,1,1,0,0,0,0,0,16,0,0,5,2,0,0,5,4,4,29,21,0,0,0,0,0,0,0,0,7,1,1,0,0,0,0,1,1,0,1,KRBKRNvK,DRAW,8/4n3/k7/8/4B3/r7/8/2K2R2 w - - 0 1
1,1,0,0,0,0,0,1,-1,1,0,1,1,1,0,0,0,0,0,16,0,0,3,5,0,2,3,4,1,2,0,1,0,0,0,0,0,0,0,7,1,1,0,0,0,0,2,2,1,1,KRBKRNvK,DRAW,7B/6n1/8/8/2k5/8/4R3/5K1r w - - 0 1
1,1,0,0,0,0,0,1,-1,1,0,1,1,1,0,0,0,0,0,16,0,0,2,2,5,2,3,2,1,3,0,1,0,0,0,0,0,0,0,7,1,1,0,0,0,0,4,3,1,2,KRBKRNvK,DRAW,3n3B/8/2K5/1r6/2k5/8/4R3/8 w - - 0 1
0,1,0,0,0,0,0,1,-1,1,0,1,1,1,0,0,0,0,0,16,0,0,2,4,7,2,7,3,4,19,25,0,0,0,0,0,0,0,0,7,1,1,1,0,0,0,0,3,0,0,KRBKRNvK,DRAW,2k1K3/6R1/1n6/1B6/r7/8/8/8 b - - 0 1
1,1,0,0,0,0,0,1,-1,1,0,1,1,1,0,0,0,0,0,16,0,0,2,5,0,6,2,4,3,24,19,0,0,0,0,0,0,0,0,7,1,1,1,0,0,0,3,0,0,0,KRBKRNvK,DRAW,n6B/3R4/8/8/8/r5k1/8/5K2 w - - 0 1
0,1,0,0,0,0,0,1,-1,1,0,1,1,1,0,0,0,0,0,16,0,0,2,5,2,3,3,2,0,20,21,0,0,0,0,0,0,0,0,7,1,1,0,1,0,0,3,3,1,0,KRBKRNvK,DRAW,1n6/8/8/5RB1/3k4/5K2/r7/8 b - - 0 1
0,1,0,0,0,0,0,1,-1,1,0,1,1,1,0,0,0,0,0,16,0,0,6,2,6,1,0,3,5,3,0,1,0,0,0,0,0,0,0,7,1,1,0,0,0,0,1,1,0,1,KRBKRNvK,DRAW,8/2K5/1n6/5B2/8/6R1/8/rk6 b - - 0 1
0,1,0,0,0,0,0,1,-1,1,0,1,1,1,0,0,0,0,0,16,0,0,5,3,1,2,6,2,3,6,0,1,0,0,0,0,0,0,0,7,1,1,1,0,0,0,1,0,0,1,KRBKRNvK,DRAW,8/2k3R1/5r2/5B2/8/8/3K4/4n3 b - - 0 1
1,1,0,0,0,0,0,1,-1,1,0,1,1,1,0,0,0,0,0,16,0,0,7,3,7,5,0,3,4,23,17,0,0,0,0,0,0,0,0,7,1,1,0,0,0,0,2,0,0,0,KRBKRNvK,DRAW,3K4/8/4R3/7n/7B/8/8/2r2k2 w - - 0 1
1,1,0,0,0,0,0,1,-1,1,0,1,1,1,0,0,0,0,0,16,0,0,5,6,0,1,0,5,5,6,0,1,0,0,0,0,0,0,0,7,1,1,0,0,0,0,3,0,0,0,KRBKRNvK,DRAW,8/1B6/6r1/8/n6R/8/8/1k4K1 w - - 0 1
0,1,0,0,0,0,0,1,-1,1,0,1,1,1,0,0,0,0,0,16,0,0,5,1,1,3,6,4,2,17,28,0,0,0,0,0,0,0,0,7,1,1,0,0,0,0,0,0,0,0,KRBKRNvK,DRAW,3n1r2/3k4/8/7B/8/2R5/1K6/8 b - - 0 1
1,1,0,0,0,0,0,1,-1,1,0,1,1,1,0,0,0,0,0,16,0,0,3,4,1,3,4,2,0,26,24,0,0,0,0,0,0,0,0,7,1,1,0,0,0,0,1,3,0,0,KRBKRNvK,DRAW,2R5/B7/5r2/3k2n1/8/8/4K3/8 w - - 0 1
0,1,0,0,0,0,0,1,-1,1,0,1,1,1,0,0,0,0,0,16,0,0,3,4,0,1,3,3,2,24,25,0,0,0,0,0,0,0,0,7,1,1,0,0,0,0,0,2,0,0,KRBKRNvK,DRAW,R7/3r4/8/4n3/1k6/8/4B3/4K3 b - - 0 1
0,1,0,0,0,0,0,1,-1,1,0,1,1,1,0,0,0,0,0,16,0,0,7,0,0,3,7,6,3,22,21,0,0,0,0,0,0,0,0,7,1,1,0,0,0,0,0,2,0,0,KRBKRNvK,DRAW,3k4/4r3/8/8/8/8/R5n1/K1B5 b - - 0 1
0,1,0,0,0,0,0,1,-1,1,0,1,1,1,0,0,0,0,0,16,0,0,5,5,5,0,0,2,6,2,0,1,0,0,0,0,0,0,0,7,1,1,0,0,0,0,2,3,0,2,KRBKRNvK,DRAW,8/8/3n1K2/7r/4B3/8/8/k4R2 b - - 0 1
1,1,0,0,0,0,0,1,-1,1,0,1,1,1,0,0,0,0,0,16,0,0,3,4,3,3,0,0,3,28,23,0,0,0,0,0,0,0,0,7,1,1,0,0,0,0,3,1,0,0,KRBKRNvK,DRAW,8/3n4/r6B/8/4K3/6R1/8/3k4 w - - 0 1
0,1,0,0,0,0,0,1,-1,1,0,1,1,1,0,0,0,0,0,16,0,0,5,6,7,1,7,5,5,20,23,0,0,0,0,0,0,0,0,7,1,1,0,0,0,0,1,0,0,2,KRBKRNvK,DRAW,1k4K1/5r1n/8/2B5/8/8/8/2R5 b - - 0 1
0,1,0,0,0,0,0,1,-1,1,0,1,1,1,0,0,0,0,0,16,0,0,2,4,7,6,5,3,3,21,14,0,0,0,0,0,0,0,0,7,1,1,0,0,0,0,0,0,0,0,KRBKRNvK,WIN,R3K3/7r/6k1/8/B7/8/8/7n b - - 0 1
0,1,0,0,0,0,0,1,-1,1,0,1,1,1,0,0,0,0,0,16,0,0,4,0,4,4,5,3,1,20,26,0,0,0,0,0,0,0,0,7,1,1,1,1,0,0,2,2,1,0,KRBKRNvK,DRAW,6n1/1R4B1/4k3/K7/8/8/2r5/8 b - - 0 1
0,1,0,0,0,0,0,1,-1,1,0,1,1,1,0,0,0,0,0,16,0,0,6,7,0,1,6,6,4,6,0,1,0,0,0,0,0,0,0,7,1,1,1,0,0,0,2,1,0,0,KRBKRNvK,DRAW,6r1/1k2R3/8/7B/8/1n6/8/7K b - - 0 1
1,1,0,0,0,0,0,1,-1,1,0,1,1,1,0,0,0,0,0,16,0,0,2,6,6,4,6,4,2,30,23,0,0,0,0,0,0,0,0,7,1,1,0,0,0,0,1,2,1,0,KRBKRNvK,DRAW,8/4k1K1/1n6/5B2/8/R7/8/3r4 w - - 0 1
0,1,0,0,0,0,0,1,-1,1,0,1,1,1,0,0,0,0,0,16,0,0,5,2,2,7,2,2,4,21,24,0,0,0,0,0,0,0,0,7,1,1,0,1,0,0,2,0,1,1,KRBKRNvK,DRAW,8/7n/8/3R3B/8/2K4k/1r6/8 b - - 0 1
1,1,0,0,0,0,0,1,-1,1,0,1,1,1,0,0,0,0,0,16,0,0,3,3,3,0,3,0,3,24,15,0,0,0,0,0,0,0,0,7,1,1,0,0,0,0,3,2,0,0,KRBKRNvK,DRAW,8/7B/8/r7/k2K4/8/6n1/1R6 w - - 0 1
0,1,0,0,0,0,0,1,-1,1,0,1,1,1,0,0,0,0,0,16,0,0,2,3,2,2,0,1,4,9,27,0,0,0,0,0,0,0,0,7,1,1,1,0,0,0,3,0,1,0,KRBKRNvK,DRAW,8/2R5/8/8/8/2BK4/7n/2k4r b - - 0 1
1,1,0,0,0,0,0,1,-1,1,0,1,1,1,0,0,0,0,0,16,0,0,4,2,4,5,0,1,4,7,0,1,0,0,0,0,0,0,0,7,1,1,0,0,0,0,2,0,0,1,KRBKRNvK,DRAW,3B3R/8/n7/2K5/8/8/8/r4k2 w - - 0 1
1,1,0,0,0,0,0,1,-1,1,0,1,1,1,0,0,0,0,0,16,0,0,2,7,3,7,1,3,5,20,16,0,0,0,0,0,0,0,0,7,1,1,0,0,0,0,2,1,0,0,KRBKRNvK,DRAW,3RB3/8/rn6/8/7K/8/7k/8 w - - 0 1
1,1,0,0,0,0,0,1,-1,1,0,1,1,1,0,0,0,0,0,16,0,0,4,3,2,7,2,1,4,7,0,1,0,0,0,0,0,0,0,7,1,1,0,0,0,0,2,1,0,1,KRBKRNvK,DRAW,2R1B3/1r6/8/8/8/3K3k/5n2/8 w - - 0 1
1,1,0,0,0,0,0,1,-1,1,0,1,1,1,0,0,0,0,0,16,0,0,3,6,0,6,3,5,2,25,24,0,0,0,0,0,0,0,0,7,1,1,1,0,0,0,0,2,0,0,KRBKRNvK,DRAW,6n1/2R5/8/3r4/6k1/8/8/5BK1 w - - 0 1
0,1,0,0,0,0,0,1,-1,1,0,1,1,1,0,0,0,0,0,16,0,0,3,5,6,2,3,3,1,24,22,0,0,0,0,0,0,0,0,7,1,1,1,0,0,0,0,3,0,0,KRBKRNvK,DRAW,2B5/5KR1/8/8/2k4r/8/3n4/8 b - - 0 1
0,1,0,0,0,0,0,1,-1,1,0,1,1,1,0,0,0,0,0,16,0,0,4,5,5,1,3,2,2,26,21,0,0,0,0,0,0,0,0,7,1,1,0,0,0,0,3,3,2,1,KRBKRNvK,DRAW,8/8/3R1K2/7r/1k1B4/8/5n2/8 b - - 0 1
0,1,0,0,0,0,0,1,-1,1,0,1,1,1,0,0,0,0,0,16,0,0,5,5,2,0,2,2,4,19,26,0,0,0,0,0,0,0,0,7,1,1,0,0,0,0,1,2,1,1,KRBKRNvK,DRAW,6R1/8/8/1B6/r7/k4K2/6n1/8 b - - 0 1
0,1,0,0,0,0,0,1,-1,1,0,1,1,1,0,0,0,0,0,16,0,0,5,2,1,4,6,3,2,23,27,0,0,0,0,0,0,0,0,7,1,1,0,0,0,0,1,1,1,0,KRBKRNvK,DRAW,1R6/4k3/8/1n2B3/8/5r2/2K5/8 b - - 0 1
1,1,0,0,0,0,0,1,-1,1,0,1,1,1,0,0,0,0,0,16,0,0,2,2,3,0,3,1,3,23,18,0,0,0,0,0,0,0,0,7,1,1,0,1,0,0,2,3,0,1,KRBKRNvK,DRAW,8/8/8/7B/k1K5/6R1/3r1n2/8 w - - 0 1
1,1,0,0,0,0,0,1,-1,1,0,1,1,1,0,0,0,0,0,16,0,0,3,4,1,2,4,2,1,7,0,1,0,0,0,0,0,0,0,7,1,1,0,0,0,0,0,4,1,1,KRBKRNvK,DRAW,8/8/8/2k3r1/B7/6n1/4K3/5R2 w - - 0 1
0,1,0,0,0,0,0,1,-1,1,0,1,1,1,0,0,0,0,0,16,0,0,2,6,6,4,6,4,2,4,0,1,0,0,0,0,0,0,0,7,1,1,0,0,0,0,2,3,1,1,KRBKRNvK,LOSS,8/4k1K1/5B2/7r/8/8/2n5/7R b - - 0 1
0,1,0,0,0,0,0,1,-1,1,0,1,1,1,0,0,0,0,0,16,0,0,3,6,5,3,5,3,1,22,22,0,0,0,0,0,0,0,0,7,1,1,1,0,0,0,2,2,2,1,KRBKRNvK,DRAW,7r/5R2/3k1BK1/8/8/8/6n1/8 b - - 0 1
1,1,0,0,0,0,0,1,-1,1,0,1,1,1,0,0,0,0,0,16,0,0,4,3,4,7,4,0,3,5,0,1,0,0,0,0,0,0,0,7,1,1,0,0,0,0,4,1,0,2,KRBKRNvK,WIN,8/2r5/8/R2K3k/1n6/8/8/5B2 w - - 0 1
1,1,0,0,0,0,0,1,-1,1,0,1,1,1,0,0,0,0,0,16,0,0,4,1,3,0,7,2,6,33,14,0,0,0,0,0,0,0,0,7,1,1,0,0,0,0,2,0,0,0,KRBKRNvK,DRAW,k7/8/4R3/8/1K3B2/7n/8/7r w - - 0 1
0,1,0,0,0,0,0,1,-1,1,0,1,1,1,0,0,0,0,0,16,0,0,5,5,0,0,2,4,4,5,0,1,0,0,0,0,0,0,0,7,1,1,0,0,0,0,3,2,0,0,KRBKRNvK,DRAW,1B6/n7/8/2r5/8/k2R4/8/5K2 b - - 0 1
0,1,0,0,0,0,0,1,-1,1,0,1,1,1,0,0,0,0,0,16,0,0,4,2,0,6,4,4,2,20,24,0,0,0,0,0,0,0,0,7,1,1,0,0,0,0,1,2,0,1,KRBKRNvK,DRAW,8/8/2R5/5rk1/8/8/8/2K1n1B1 b - - 0 1
0,1,0,0,0,0,0,1,-1,1,0,1,1,1,0,0,0,0,0,16,0,0,3,2,6,0,3,3,3,3,0,1,0,0,0,0,0,0,0,7,1,1,0,0,0,0,2,2,0,0,KRBKRNvK,LOSS,8/2K5/8/8/k2R4/4r2n/8/2B5 b - - 0 1
0,1,0,0,0,0,0,1,-1,1,0,1,1,1,0,0,0,0,0,16,0,0,2,2,4,4,4,1,0,3,0,1,0,0,0,0,0,0,0,7,1,1,0,0,0,0,3,3,2,0,KRBKRNvK,LOSS,8/6r1/2R2B2/2K1k3/8/8/4n3/8 b - - 0 1
0,1,0,0,0,0,0,1,-1,1,0,1,1,1,0,0,0,0,0,16,0,0,4,5,1,3,5,3,1,6,0,1,0,0,0,0,0,0,0,7,1,1,0,0,0,0,0,2,1,2,KRBKRNvK,DRAW,8/8/B2k1R2/8/8/7r/5K2/4n3 b - - 0 1
1,1,0,0,0,0,0,1,-1,1,0,1,1,1,0,0,0,0,0,16,0,0,5,2,1,5,6,3,3,27,25,0,0,0,0,0,0,0,0,7,1,1,0,0,0,0,2,3,1,1,KRBKRNvK,DRAW,8/2n2k2/3R4/2B5/8/8/2K5/4r3 w - - 0 1
0,1,0,0,0,0,0,1,-1,1,0,1,1,1,0,0,0,0,0,16,0,0,2,5,4,5,2,1,2,22,27,0,0,0,0,0,0,0,0,7,1,1,0,0,0,0,2,2,0,2,KRBKRNvK,DRAW,8/2B5/8/5K2/3r4/5k1n/8/R7 b - - 0 1
0,1,0,0,0,0,0,1,-1,1,0,1,1,1,0,0,0,0,0,16,0,0,5,4,1,1,6,2,4,23,27,0,0,0,0,0,0,0,0,7,1,1,0,0,0,0,2,0,0,1,KRBKRNvK,DRAW,8/1k6/8/8/n1R5/6r1/3BK3/8 b - - 0 1
0,1,0,0,0,0,0,1,-1,1,0,1,1,1,0,0,0,0,0,16,0,0,3,3,6,5,3,2,1,26,23,0,0,0,0,0,0,0,0,7,1,1,0,0,0,0,2,2,0,0,KRBKRNvK,DRAW,r7/3K4/2B5/8/4nk2/8/8/6R1 b - - 0 1
1,1,0,0,0,0,0,1,-1,1,0,1,1,1,0,0,0,0,0,16,0,0,2,5,4,7,2,1,4,5,0,1,0,0,0,0,0,0,0,7,1,1,0,0,0,0,3,2,0,1,KRBKRNvK,DRAW,8/8/2B5/5K2/2r5/6nk/1R6/8 w - - 0 1
0,1,0,0,0,0,0,1,-1,1,0,1,1,1,0,0,0,0,0,16,0,0,5,1,6,0,1,4,5,3,0,1,0,0,0,0,0,0,0,7,1,1,0,0,0,0,1,1,1,0,KRBKRNvK,DRAW,8/1K6/8/4n2r/3B4/8/k1R5/8 b - - 0 1
1,1,0,0,0,0,0,1,-1,1,0,1,1,1,0,0,0,0,0,16,0,0,6,1,6,7,0,4,6,5,0,1,0,0,0,0,0,0,0,7,1,1,0,1,0,0,0,0,0,1,KRBKRNvK,DRAW,3R4/1K1B4/8/n7/8/8/1r6/7k w - - 0 1
0,1,0,0,0,0,0,1,-1,1,0,1,1,1,0,0,0,0,0,16,0,0,6,6,1,0,3,4,3,20,27,0,0,0,0,0,0,0,0,7,1,1,0,0,0,0,2,2,0,0,KRBKRNvK,DRAW,8/n7/5B2/1r6/k7/8/5RK1/8 b - - 0 1
1,1,0,0,0,0,0,1,-1,1,0,1,1,1,0,0,0,0,0,16,0,0,5,2,7,7,7,4,6,3,0,1,0,0,0,0,0,0,0,7,1,1,0,0,0,0,2,0,0,0,KRBKRNvK,DRAW,2K2r1k/8/8/6R1/3n3B/8/8/8 w - - 0 1
0,1,0,0,0,0,0,1,-1,1,0,1,1,1,0,0,0,0,0,16,0,0,3,7,0,4,3,6,0,6,0,1,0,0,0,0,0,0,0,7,1,1,0,0,0,0,1,3,1,0,KRBKRNvK,DRAW,3B1n2/8/8/8/4k1R1/2r5/8/7K b - - 0 1
0,1,0,0,0,0,0,1,-1,1,0,1,1,1,0,0,0,0,0,16,0,0,2,7,1,6,3,5,2,17,22,0,0,0,0,0,0,0,0,7,1,1,0,0,0,0,2,0,1,1,KRBKRNvK,DRAW,3R4/8/n6B/8/6k1/8/7K/6r1 b - - 0 1
0,1,0,0,0,0,0,1,-1,1,0,1,1,1,0,0,0,0,0,16,0,0,7,3,7,2,0,3,4,16,23,0,0,0,0,0,0,0,0,7,1,1,0,1,0,0,2,1,1,0,KRBKRNvK,DRAW,2BK4/8/8/8/8/8/1rn1R3/2k5 b - - 0 1
0,1,0,0,0,0,0,1,-1,1,0,1,1,1,0,0,0,0,0,16,0,0,4,2,1,5,5,3,2,22,26,0,0,0,0,0,0,0,0,7,1,1,0,0,0,0,3,2,2,0,KRBKRNvK,DRAW,1n1R4/7B/5k2/6r1/8/8/2K5/8 b - - 0 1
0,1,0,0,0,0,0,1,-1,1,0,1,1,1,0,0,0,0,0,16,0,0,2,7,7,6,5,6,3,19,21,0,0,0,0,0,0,0,0,7,1,1,0,0,0,0,1,0,0,0,KRBKRNvK,DRAW,1R5K/8/6k1/8/8/8/8/2rn2B1 b - - 0 1
0,1,0,0,0,0,0,1,-1,1,0,1,1,1,0,0,0,0,0,16,0,0,2,2,5,0,5,2,4,24,17,0,0,0,0,0,0,0,0,7,1,1,0,0,0,0,1,2,0,1,KRBKRNvK,DRAW,8/8/k1K5/1r6/8/3n4/6R1/7B b - - 0 1
1,1,0,0,0,0,0,1,-1,1,0,1,1,1,0,0,0,0,0,16,0,0,2,2,5,0,5,2,4,24,12,0,0,0,0,0,0,0,0,7,1,1,0,0,0,0,3,0,1,0,KRBKRNvK,WIN,8/8/kBK5/8/3R4/n7/8/r7 w - - 0 1
0,1,0,0,0,0,0,1,-1,1,0,1,1,1,0,0,0,0,0,16,0,0,7,0,5,7,6,4,5,3,0,1,0,0,0,0,0,0,0,7,1,1,0,0,0,0,1,2,0,0,KRBKRNvK,DRAW,8/7k/K7/7r/8/3B4/8/6Rn b - - 0 1
0,1,0,0,0,0,0,1,-1,1,0,1,1,1,0,0,0,0,0,16,0,0,6,7,0,1,1,6,4,5,0,1,0,0,0,0,0,0,0,7,1,1,0,0,0,0,0,0,0,0,KRBKRNvK,DRAW,8/r7/7B/8/8/8/1k4R1/1n5K b - - 0 1
1,1,0,0,0,0,0,1,-1,1,0,1,1,1,0,0,0,0,0,16,0,0,3,5,3,4,6,1,2,21,26,0,0,0,0,0,0,0,0,7,1,1,0,0,0,0,2,3,0,1,KRBKRNvK,DRAW,8/4k3/8/1n5r/5K2/8/2B5/2R5 w - - 0 1
0,1,0,0,0,0,0,1,-1,1,0,1,1,1,0,0,0,0,0,16,0,0,5,0,2,2,7,4,4,24,20,0,0,0,0,0,0,0,0,7,1,1,0,0,0,0,2,3,0,0,KRBKRNvK,DRAW,2k5/8/1n5B/8/5r2/K3R3/8/8 b - - 0 1
0,1,0,0,0,0,0,1,-1,1,0,1,1,1,0,0,0,0,0,16,0,0,2,2,1,0,1,3,5,22,27,0,0,0,0,0,0,0,0,7,1,1,0,0,0,0,1,3,0,0,KRBKRNvK,DRAW,4r3/8/5n2/8/8/8/k1K2B2/6R1 b - - 0 1
1,1,0,0,0,0,0,1,-1,1,0,1,1,1,0,0,0,0,0,16,0,0,2,1,1,3,0,4,3,6,0,1,0,0,0,0,0,0,0,7,1,1,0,0,0,0,3,2,1,1,KRBKRNvK,LOSS,4r3/8/8/8/8/3n4/1K2R3/3k3B w - - 0 1
1,1,0,0,0,0,0,1,-1,1,0,1,1,1,0,0,0,0,0,16,0,0,3,4,4,1,3,0,2,23,22,0,0,0,0,0,0,0,0,7,1,1,0,0,0,0,3,2,0,0,KRBKRNvK,DRAW,3r4/8/8/4K3/nk4B1/6R1/8/8 w - - 0 1
1,1,0,0,0,0,0,1,-1,1,0,1,1,1,0,0,0,0,0,16,0,0,4,5,4,1,7,1,5,20,21,0,0,0,0,0,0,0,0,7,1,1,0,0,0,0,3,0,0,1,KRBKRNvK,DRAW,1k4n1/6r1/8/4RK2/8/8/8/4B3 w - - 0 1
0,1,0,0,0,0,0,1,-1,1,0,1,1,1,0,0,0,0,0,16,0,0,6,7,4,1,1,3,4,28,25,0,0,0,0,0,0,0,0,7,1,1,1,0,0,0,0,1,1,1,KRBKRNvK,DRAW,8/6R1/8/2n4K/1B6/5r2/1k6/8 b - - 0 1
1,1,0,0,0,0,0,1,-1,1,0,1,1,1,0,0,0,0,0,16,0,0,3,1,2,4,5,3,1,30,18,0,0,0,0,0,0,0,0,7,1,1,0,1,0,0,2,2,2,0,KRBKRNvK,DRAW,8/8/4kB2/3R4/8/1K6/5r2/5n2 w - - 0 1
1,1,0,0,0,0,0,1,-1,1,0,1,1,1,0,0,0,0,0,16,0,0,6,4,1,5,7,2,4,7,0,1,0,0,0,0,0,0,0,7,1,1,0,0,0,0,2,2,1,1,KRBKRNvK,LOSS,5k2/8/3R4/3r4/3n4/5B2/4K3/8 w - - 0 1
0,1,0,0,0,0,0,1,-1,1,0,1,1,1,0,0,0,0,0,16,0,0,6,5,7,7,1,4,5,18,27,0,0,0,0,0,0,0,0,7,1,1,0,0,0,0,2,0,0,1,KRBKRNvK,DRAW,5K2/7r/8/5B2/8/4R3/n6k/8 b - - 0 1
1,1,0,0,0,0,0,1,-1,1,0,1,1,1,0,0,0,0,0,16,0,0,3,4,2,7,1,1,5,25,17,0,0,0,0,0,0,0,0,7,1,1,0,0,0,0,2,0,0,0,KRBKRNvK,WIN,2r5/8/8/2B4n/8/4K3/7k/2R5 w - - 0 1
0,1,0,0,0,0,0,1,-1,1,0,1,1,1,0,0,0,0,0,16,0,0,6,6,0,4,6,5,2,15,27,0,0,0,0,0,0,0,0,7,1,1,0,0,0,0,1,0,0,1,KRBKRNvK,DRAW,4r3/4k3/8/8/3B4/2R5/8/6Kn b - - 0 1
0,1,0,0,0,0,0,1,-1,1,0,1,1,1,0,0,0,0,0,16,0,0,3,4,0,7,1,3,5,22,23,0,0,0,0,0,0,0,0,7,1,1,0,1,0,0,2,0,0,1,KRBKRNvK,DRAW,6B1/8/8/5R2/n7/8/2r4k/4K3 b - - 0 1
0,1,0,0,0,0,0,1,-1,1,0,1,1,1,0,0,0,0,0,16,0,0,4,0,3,4,6,3,2,25,19,0,0,0,0,0,0,0,0,7,1,1,0,0,0,0,0,1,0,0,KRBKRNvK,DRAW,8/3nk3/5r2/8/K7/8/6R1/7B b - - 0 1
1,1,0,0,0,0,0,1,-1,1,0,1,1,1,0,0,0,0,0,16,0,0,4,3,4,7,7,0,6,19,19,0,0,0,0,0,0,0,0,7,1,1,0,0,0,0,4,2,1,0,KRBKRNvK,DRAW,1R4Bk/8/8/3K4/8/n7/8/4r3 w - - 0 1
1,1,0,0,0,0,0,1,-1,1,0,1,1,1,0,0,0,0,0,16,0,0,5,7,2,5,7,4,4,4,0,1,0,0,0,0,0,0,0,7,1,1,0,0,0,0,3,1,0,0,KRBKRNvK,DRAW,5k2/2B5/4n3/8/7R/r6K/8/8 w - - 0 1
1,1,0,0,0,0,0,1,-1,1,0,1,1,1,0,0,0,0,0,16,0,0,3,7,6,7,3,5,3,26,24,0,0,0,0,0,0,0,0,7,1,1,0,0,0,0,1,2,0,0,KRBKRNvK,DRAW,8/5B1K/3r4/8/7k/8/2n5/R7 w - - 0 1
0,1,0,0,0,0,0,1,-1,1,0,1,1,1,0,0,0,0,0,16,0,0,5,6,4,1,6,2,4,6,0,1,0,0,0,0,0,0,0,7,1,1,1,1,0,0,3,1,0,0,KRBKRNvK,DRAW,7B/1k2R3/1n6/6K1/8/8/r7/8 b - - 0 1
1,1,0,0,0,0,0,1,-1,1,0,1,1,1,0,0,0,0,0,16,0,0,2,1,3,2,1,2,3,26,16,0,0,0,0,0,0,0,0,7,1,1,0,0,0,0,3,0,0,0,KRBKRNvK,DRAW,8/8/2B2r2/3R4/1K6/8/2k5/n7 w - - 0 1
0,1,0,0,0,0,0,1,-1,1,0,1,1,1,0,0,0,0,0,16,0,0,3,2,7,5,6,4,3,6,0,1,0,0,0,0,0,0,0,7,1,1,0,0,0,0,1,2,0,1,KRBKRNvK,DRAW,2K5/5k2/3r4/8/2B5/1n6/6R1/8 b - - 0 1
1,1,0,0,0,0,0,1,-1,1,0,1,1,1,0,0,0,0,0,16,0,0,6,5,6,5,0,3,4,5,0,1,0,0,0,0,0,0,0,7,1,1,0,0,0,0,2,0,0,2,KRBKRNvK,DRAW,7n/5K1r/8/6RB/8/8/8/5k2 w - - 0 1
0,1,0,0,0,0,0,1,-1,1,0,1,1,1,0,0,0,0,0,16,0,0,5,7,4,2,6,3,3,20,25,0,0,0,0,0,0,0,0,7,1,1,0,0,0,0,3,1,0,0,KRBKRNvK,DRAW,1r6/2k5/8/1n4RK/8/8/5B2/8 b - - 0 1
0,1,0,0,0,0,0,1,-1,1,0,1,1,1,0,0,0,0,0,16,0,0,2,1,4,3,5,2,1,17,21,0,0,0,0,0,0,0,0,7,1,1,0,0,0,0,0,4,0,0,KRBKRNvK,DRAW,8/8/3k4/1K6/8/6n1/R6B/3r4 b - - 0 1
0,1,0,0,0,0,0,1,-1,1,0,1,1,1,0,0,0,0,0,16,0,0,2,1,2,0,0,3,6,18,29,0,0,0,0,0,0,0,0,7,1,1,0,0,0,0,3,2,0,0,KRBKRNvK,DRAW,8/1B6/8/6r1/8/1K6/4R2n/k7 b - - 0 1
0,1,0,0,0,0,0,1,-1,1,0,1,1,1,0,0,0,0,0,16,0,0,2,5,7,3,5,4,1,22,24,0,0,0,0,0,0,0,0,7,1,1,0,1,0,0,1,3,0,0,KRBKRNvK,DRAW,5K2/7B/3k4/8/8/n4R2/3r4/8 b - - 0 1
0,1,0,0,0,0,0,1,-1,1,0,1,1,1,0,0,0,0,0,16,0,0,6,0,1,6,6,5,4,22,22,0,0,0,0,0,0,0,0,7,1,1,0,0,0,0,0,0,0,1,KRBKRNvK,DRAW,4n3/6k1/R7/8/8/2r5/K2B4/8 b - - 0 1
0,1,0,0,0,0,0,1,-1,1,0,1,1,1,0,0,0,0,0,16,0,0,2,4,4,5,6,0,3,5,0,1,0,0,0,0,0,0,0,7,1,1,0,0,0,0,3,0,0,0,KRBKRNvK,LOSS,5r2/5k2/8/4K3/1B6/5R2/6n1/8 b - - 0 1
1,1,0,0,0,0,0,1,-1,1,0,1,1,1,0,0,0,0,0,16,0,0,3,2,0,2,3,4,1,30,23,0,0,0,0,0,0,0,0,7,1,1,0,0,0,0,3,2,2,0,KRBKRNvK,DRAW,6n1/8/8/2B5/2k5/7r/4R3/2K5 w - - 0 1
0,1,0,0,0,0,0,1,-1,1,0,1,1,1,0,0,0,0,0,16,0,0,3,3,6,6,7,2,5,5,0,1,0,0,0,0,0,0,0,7,1,1,0,0,0,0,1,0,0,0,KRBKRNvK,DRAW,6k1/3K4/8/8/8/n6r/B7/5R2 b - - 0 1
1,1,0,0,0,0,0,1,-1,1,0,1,1,1,0,0,0,0,0,16,0,0,5,0,2,5,4,4,1,32,23,0,0,0,0,0,0,0,0,7,1,1,0,0,0,0,1,4,1,0,KRBKRNvK,DRAW,2R5/8/8/3B1k2/8/K7/4n3/3r4 w - - 0 1
0,1,0,0,0,0,0,1,-1,1,0,1,1,1,0,0,0,0,0,16,0,0,5,6,0,2,5,5,2,6,0,1,0,0,0,0,0,0,0,7,1,1,0,0,0,0,3,3,0,0,KRBKRNvK,DRAW,8/8/2k1r3/5R2/5n2/5B2/8/6K1 b - - 0 1
1,1,0,0,0,0,0,1,-1,1,0,1,1,1,0,0,0,0,0,16,0,0,6,2,7,6,1,4,4,25,22,0,0,0,0,0,0,0,0,7,1,1,0,0,0,0,2,1,0,1,KRBKRNvK,DRAW,2K5/8/1r6/1n3B2/2R5/8/6k1/8 w - - 0 1
0,1,0,0,0,0,0,1,-1,1,0,1,1,1,0,0,0,0,0,16,0,0,4,7,2,3,4,4,0,23,18,0,0,0,0,0,0,0,0,7,1,1,0,0,0,0,0,3,0,1,KRBKRNvK,DRAW,2RB4/8/8/3k4/n7/7K/8/6r1 b - - 0 1
0,1,0,0,0,0,0,1,-1,1,0,1,1,1,0,0,0,0,0,16,0,0,3,3,5,3,2,1,1,6,0,1,0,0,0,0,0,0,0,7,1,1,0,1,0,0,3,3,1,0,KRBKRNvK,DRAW,8/8/3K4/2B5/6n1/3k2R1/r7/8 b - - 0 1
1,1,0,0,0,0,0,1,-1,1,0,1,1,1,0,0,0,0,0,16,0,0,3,4,1,7,3,2,3,29,16,0,0,0,0,0,0,0,0,7,1,1,0,0,0,0,3,0,1,0,KRBKRNvK,WIN,7r/8/8/8/2R2B1k/8/4K3/1n6 w - - 0 1
0,1,0,0,0,0,0,1,-1,1,0,1,1,1,0,0,0,0,0,16,0,0,5,2,5,3,0,2,3,20,24,0,0,0,0,0,0,0,0,7,1,1,0,0,0,0,2,1,0,2,KRBKRNvK,DRAW,3B4/r2n4/2K5/7R/8/8/8/3k4 b - - 0 1
0,1,0,0,0,0,0,1,-1,1,0,1,1,1,0,0,0,0,0,16,0,0,2,3,2,3,0,1,3,20,28,0,0,0,0,0,0,0,0,7,1,1,0,0,0,0,3,0,0,0,KRBKRNvK,DRAW,4n3/r7/1R6/8/8/3K4/6B1/3k4 b - - 0 1
1,1,0,0,0,0,0,1,-1,1,0,1,1,1,0,0,0,0,0,16,0,0,5,3,1,7,6,2,5,24,21,0,0,0,0,0,0,0,0,7,1,1,0,0,0,0,1,0,1,0,KRBKRNvK,DRAW,1B3R2/7k/2r5/8/7n/8/3K4/8 w - - 0 1
0,1,0,0,0,0,0,1,-1,1,0,1,1,1,0,0,0,0,0,16,0,0,2,5,6,3,4,3,0,24,19,0,0,0,0,0,0,0,0,7,1,1,0,0,0,0,0,3,0,1,KRBKRNvK,DRAW,6r1/5K2/8/3k4/8/n7/4BR2/8 b - - 0 1
1,1,0,0,0,0,0,1,-1,1,0,1,1,1,0,0,0,0,0,16,0,0,2,5,0,7,1,4,5,22,16,0,0,0,0,0,0,0,0,7,1,1,0,1,0,0,2,2,0,1,KRBKRNvK,DRAW,8/8/8/3n4/8/4R3/3rB2k/5K2 w - - 0 1
0,1,0,0,0,0,0,1,-1,1,0,1,1,1,0,0,0,0,0,16,0,0,6,1,3,7,4,2,3,20,20,0,0,0,0,0,0,0,0,7,1,1,0,0,0,0,0,0,0,1,KRBKRNvK,DRAW,8/8/BR6/7k/1K6/2r5/8/2n5 b - - 0 1
1,1,0,0,0,0,0,1,-1,1,0,1,1,1,0,0,0,0,0,16,0,0,4,7,7,7,3,6,3,2,0,1,0,0,0,0,0,0,0,7,1,1,0,0,0,0,0,0,1,1,KRBKRNvK,DRAW,7K/8/7r/7B/7k/8/7n/6R1 w - - 0 1
1,1,0,0,0,0,0,1,-1,1,0,1,1,1,0,0,0,0,0,16,0,0,4,4,3,0,4,0,3,24,15,0,0,0,0,0,0,0,0,7,1,1,0,0,0,0,4,0,0,0,KRBKRNvK,DRAW,8/8/8/k7/4K3/r7/n1B5/6R1 w - - 0 1
1,1,0,0,0,0,0,1,-1,1,0,1,1,1,0,0,0,0,0,16,0,0,5,6,6,5,1,4,3,6,0,1,0,0,0,0,0,0,0,7,1,1,0,0,0,0,2,0,1,0,KRBKRNvK,LOSS,8/r5K1/8/8/7n/8/5k2/1B2R3 w - - 0 1
0,1,0,0,0,0,0,1,-1,1,0,1,1,1,0,0,0,0,0,16,0,0,5,1,5,5,0,3,4,21,27,0,0,0,0,0,0,0,0,7,1,1,0,0,0,0,1,2,0,0,KRBKRNvK,DRAW,8/4r3/1KR5/8/5B2/8/8/5k1n b - - 0 1
1,1,0,0,0,0,0,1,-1,1,0,1,1,1,0,0,0,0,0,16,0,0,2,4,6,6,6,2,4,4,0,1,0,0,0,0,0,0,0,7,1,1,0,0,0,0,0,0,0,1,KRBKRNvK,LOSS,2n5/4K1k1/8/8/8/rR6/8/2B5 w - - 0 1
1,1,0,0,0,0,0,1,-1,1,0,1,1,1,0,0,0,0,0,16,0,0,2,5,7,4,5,4,1,23,21,0,0,0,0,0,0,0,0,7,1,1,0,0,0,0,2,2,0,0,KRBKRNvK,DRAW,5K1B/8/4k3/nr6/8/8/8/7R w - - 0 1
1,1,0,0,0,0,0,1,-1,1,0,1,1,1,0,0,0,0,0,16,0,0,6,0,1,6,7,5,5,19,18,0,0,0,0,0,0,0,0,7,1,1,0,0,0,0,0,0,0,1,KRBKRNvK,DRAW,6k1/6r1/8/8/n5B1/8/K7/R7 w - - 0 1
1,1,0,0,0,0,0,1,-1,1,0,1,1,1,0,0,0,0,0,16,0,0,3,6,4,3,1,2,2,6,0,1,0,0,0,0,0,0,0,7,1,1,1,1,0,0,2,0,1,0,KRBKRNvK,DRAW,8/R7/8/6K1/8/8/1B1k2rn/8 w - - 0 1
1,1,0,0,0,0,0,1,-1,1,0,1,1,1,0,0,0,0,0,16,0,0,4,4,2,2,6,1,3,27,20,0,0,0,0,0,0,0,0,7,1,1,0,0,0,0,3,2,2,2,KRBKRNvK,DRAW,3R4/2k5/8/1B3r2/8/4K3/8/4n3 w - - 0 1
0,1,0,0,0,0,0,1,-1,1,0,1,1,1,0,0,0,0,0,16,0,0,4,5,6,4,2,3,1,4,0,1,0,0,0,0,0,0,0,7,1,1,0,1,0,0,4,3,1,1,KRBKRNvK,DRAW,8/3n1K2/2B5/8/4R3/4k3/6r1/8 b - - 0 1
1,1,0,0,0,0,0,1,-1,1,0,1,1,1,0,0,0,0,0,16,0,0,6,7,1,7,7,5,6,26,18,0,0,0,0,0,0,0,0,7,1,1,1,0,0,0,0,1,1,0,KRBKRNvK,DRAW,7k/R7/4nr1B/8/8/8/7K/8 w - - 0 1
0,1,0,0,0,0,0,1,-1,1,0,1,1,1,0,0,0,0,0,16,0,0,6,7,6,1,7,5,5,2,0,1,0,0,0,0,0,0,0,7,1,1,0,0,0,0,2,2,0,0,KRBKRNvK,DRAW,1k4R1/7K/8/8/r7/8/3n4/7B b - - 0 1
1,1,0,0,0,0,0,1,-1,1,0,1,1,1,0,0,0,0,0,16,0,0,4,3,1,7,1,2,5,24,19,0,0,0,0,0,0,0,0,7,1,1,0,0,0,0,2,2,1,0,KRBKRNvK,DRAW,1n6/8/8/2r5/7B/8/3K3k/4R3 w - - 0 1
1,1,0,0,0,0,0,1,-1,1,0,1,1,1,0,0,0,0,0,16,0,0,4,7,1,3,2,5,1,22,27,0,0,0,0,0,0,0,0,7,1,1,0,0,0,0,0,4,0,0,KRBKRNvK,DRAW,2R1B3/8/4n3/5r2/8/3k4/7K/8 w - - 0 1
0,1,0,0,0,0,0,1,-1,1,0,1,1,1,0,0,0,0,0,16,0,0,2,4,4,3,6,0,2,20,21,0,0,0,0,0,0,0,0,7,1,1,0,0,0,0,3,1,0,2,KRBKRNvK,DRAW,8/2nk1r2/8/4K3/8/2R5/8/2B5 b - - 0 1
0,1,0,0,0,0,0,1,-1,1,0,1,1,1,0,0,0,0,0,16,0,0,4,4,2,0,0,1,6,20,30,0,0,0,0,0,0,0,0,7,1,1,0,0,0,0,3,0,0,0,KRBKRNvK,DRAW,7r/5Bn1/8/8/6R1/4K3/8/k7 b - - 0 1
1,1,0,0,0,0,0,1,-1,1,0,1,1,1,0,0,0,0,0,16,0,0,6,1,2,7,5,3,4,7,0,1,0,0,0,0,0,0,0,7,1,1,0,0,0,0,3,0,0,1,KRBKRNvK,DRAW,8/7r/4B2k/n7/8/1K6/8/4R3 w - - 0 1
1,1,0,0,0,0,0,1,-1,1,0,1,1,1,0,0,0,0,0,16,0,0,5,6,2,3,7,3,3,7,0,1,0,0,0,0,0,0,0,7,1,1,0,0,0,0,2,1,2,1,KRBKRNvK,DRAW,3kB3/8/4R3/5n2/8/6K1/8/r7 w - - 0 1
1,1,0,0,0,0,0,1,-1,1,0,1,1,1,0,0,0,0,0,16,0,0,4,6,4,2,5,2,2,27,24,0,0,0,0,0,0,0,0,7,1,1,1,0,0,0,0,3,1,0,KRBKRNvK,DRAW,3B4/7R/2k5/2n3K1/8/3r4/8/8 w - - 0 1
0,1,0,0,0,0,0,1,-1,1,0,1,1,1,0,0,0,0,0,16,0,0,3,7,3,5,6,3,3,25,23,0,0,0,0,0,0,0,0,7,1,1,0,0,0,0,3,1,0,1,KRBKRNvK,DRAW,B7/5k2/8/2R5/7K/4n1r1/8/8 b - - 0 1
0,1,0,0,0,0,0,1,-1,1,0,1,1,1,0,0,0,0,0,16,0,0,6,1,7,7,1,5,5,19,20,0,0,0,0,0,0,0,0,7,1,1,1,1,0,0,0,2,0,0,KRBKRNvK,DRAW,1K6/R7/8/B7/8/8/4r2k/6n1 b - - 0 1
0,1,0,0,0,0,0,1,-1,1,0,1,1,1,0,0,0,0,0,16,0,0,4,3,1,6,5,2,3,20,21,0,0,0,0,0,0,0,0,7,1,1,0,0,0,0,2,2,0,1,KRBKRNvK,DRAW,2B5/8/4r1k1/1R6/8/8/3K4/4n3 b - - 0 1
0,1,0,0,0,0,0,1,-1,1,0,1,1,1,0,0,0,0,0,16,0,0,4,2,3,6,1,1,4,8,0,1,0,0,0,0,0,0,0,7,1,1,0,0,0,0,4,1,0,1,KRBKRNvK,LOSS,B7/8/4R1r1/8/1nK5/8/6k1/8 b - - 0 1
0,1,0,0,0,0,0,1,-1,1,0,1,1,1,0,0,0,0,0,16,0,0,2,0,2,1,0,4,5,4,0,1,0,0,0,0,0,0,0,7,1,1,0,0,0,0,1,2,0,0,KRBKRNvK,DRAW,n6R/7B/8/4r3/8/K7/8/1k6 b - - 0 1
0,1,0,0,0,0,0,1,-1,1,0,1,1,1,0,0,0,0,0,16,0,0,5,2,2,0,7,2,6,2,0,1,0,0,0,0,0,0,0,7,1,1,0,0,0,0,2,2,0,1,KRBKRNvK,DRAW,k7/8/8/3B4/r7/2K4n/6R1/8 b - - 0 1
1,1,0,0,0,0,0,1,-1,1,0,1,1,1,0,0,0,0,0,16,0,0,3,7,0,6,3,6,2,3,0,1,0,0,0,0,0,0,0,7,1,1,1,0,0,0,2,0,1,0,KRBKRNvK,DRAW,8/2R5/5B1r/8/3n2k1/8/8/7K w - - 0 1
1,1,0,0,0,0,0,1,-1,1,0,1,1,1,0,0,0,0,0,16,0,0,5,4,2,6,7,1,5,29,17,0,0,0,0,0,0,0,0,7,1,1,0,0,0,0,2,0,1,1,KRBKRNvK,DRAW,6kr/8/5R2/1B2n3/8/4K3/8/8 w - - 0 1
0,1,0,0,0,0,0,1,-1,1,0,1,1,1,0,0,0,0,0,16,0,0,7,7,6,0,6,5,5,9,28,0,0,0,0,0,0,0,0,7,1,1,0,0,0,0,0,0,1,0,KRBKRNvK,DRAW,r2n4/k6K/8/1B6/8/8/8/6R1 b - - 0 1
0,1,0,0,0,0,0,1,-1,1,0,1,1,1,0,0,0,0,0,16,0,0,6,6,6,7,0,4,6,3,0,1,0,0,0,0,0,0,0,7,1,1,0,1,0,0,0,2,0,0,KRBKRNvK,LOSS,8/6K1/8/3n4/1B6/8/3r4/R6k b - - 0 1
0,1,0,0,0,0,0,1,-1,1,0,1,1,1,0,0,0,0,0,16,0,0,2,6,4,4,4,2,0,19,25,0,0,0,0,0,0,0,0,7,1,1,1,1,0,0,1,3,2,0,KRBKRNvK,DRAW,8/6R1/8/1n2kBK1/8/8/1r6/8 b - - 0 1
0,1,0,0,0,0,0,1,-1,1,0,1,1,1,0,0,0,0,0,16,0,0,3,2,5,5,6,2,3,25,28,0,0,0,0,0,0,0,0,7,1,1,0,0,0,0,3,3,0,0,KRBKRNvK,DRAW,8/5k2/2K5/6n1/8/2B5/1R6/3r4 b - - 0 1
1,1,0,0,0,0,0,1,-1,1,0,1,1,1,0,0,0,0,0,16,0,0,2,0,7,1,5,6,3,0,0,1,0,0,0,0,0,0,0,7,1,1,0,0,0,0,2,0,1,2,KRBKRNvK,LOSS,K7/r7/nk5B/8/2R5/8/8/8 w - - 0 1
0,1,0,0,0,0,0,1,-1,1,0,1,1,1,0,0,0,0,0,16,0,0,4,4,5,3,1,1,2,7,0,1,0,0,0,0,0,0,0,7,1,1,0,0,0,0,3,0,0,1,KRBKRNvK,DRAW,8/n5r1/2B1K3/8/8/8/3k3R/8 b - - 0 1
1,1,0,0,0,0,0,1,-1,1,0,1,1,1,0,0,0,0,0,16,0,0,7,7,7,0,4,6,3,24,16,0,0,0,0,0,0,0,0,7,1,1,0,0,0,0,0,0,0,0,KRBKRNvK,DRAW,7K/8/r7/k7/8/5R2/7n/2B5 w - - 0 1
1,1,0,0,0,0,0,1,-1,1,0,1,1,1,0,0,0,0,0,16,0,0,4,7,1,7,5,5,4,30,17,0,0,0,0,0,0,0,0,7,1,1,1,0,0,0,3,2,0,0,KRBKRNvK,DRAW,8/4R3/2Br3k/8/8/8/7K/1n6 w - - 0 1
1,1,0,0,0,0,0,1,-1,1,0,1,1,1,0,0,0,0,0,16,0,0,3,5,0,7,3,4,3,2,0,1,0,0,0,0,0,0,0,7,1,1,0,0,0,0,0,2,1,0,KRBKRNvK,DRAW,8/8/5n2/8/7k/8/5R2/1r3KB1 w - - 0 1
1,1,0,0,0,0,0,1,-1,1,0,1,1,1,0,0,0,0,0,16,0,0,6,7,6,7,0,5,6,27,18,0,0,0,0,0,0,0,0,7,1,1,0,0,0,0,2,0,1,1,KRBKRNvK,DRAW,8/6BK/8/7n/8/8/5R2/1r5k w - - 0 1
0,1,0,0,0,0,0,1,-1,1,0,1,1,1,0,0,0,0,0,16,0,0,6,0,2,6,0,4,5,3,0,1,0,0,0,0,0,0,0,7,1,1,0,0,0,0,2,0,0,0,KRBKRNvK,DRAW,7B/8/6r1/8/3n4/K7/8/3R2k1 b - - 0 1
1,1,0,0,0,0,0,1,-1,1,0,1,1,1,0,0,0,0,0,16,0,0,4,3,4,7,5,0,4,28,12,0,0,0,0,0,0,0,0,7,1,1,0,0,0,0,3,0,0,0,KRBKRNvK,DRAW,r7/n7/7k/3K4/8/8/6R1/4B3 w - - 0 1
1,1,0,0,0,0,0,1,-1,1,0,1,1,1,0,0,0,0,0,16,0,0,4,3,7,0,3,3,3,6,0,1,0,0,0,0,0,0,0,7,1,1,0,0,0,0,1,2,0,0,KRBKRNvK,DRAW,3K4/8/6R1/3r1B2/k7/1n6/8/8 w - - 0 1
0,1,0,0,0,0,0,1,-1,1,0,1,1,1,0,0,0,0,0,16,0,0,4,3,0,2,4,3,1,24,22,0,0,0,0,0,0,0,0,7,1,1,0,0,0,0,2,4,0,1,KRBKRNvK,DRAW,8/7n/8/2k5/8/4r3/1B6/3K2R1 b - - 0 1
0,1,0,0,0,0,0,1,-1,1,0,1,1,1,0,0,0,0,0,16,0,0,3,3,2,3,5,1,1,25,25,0,0,0,0,0,0,0,0,7,1,1,0,0,0,0,3,3,0,1,KRBKRNvK,DRAW,5n2/6B1/3k4/8/4r3/3K4/6R1/8 b - - 0 1
1,1,0,0,0,0,0,1,-1,1,0,1,1,1,0,0,0,0,0,16,0,0,6,3,6,1,0,2,5,32,20,0,0,0,0,0,0,0,0,7,1,1,0,0,0,0,2,0,0,1,KRBKRNvK,DRAW,8/3K3n/5r2/3B4/6R1/8/8/1k6 w - - 0 1
1,1,0,0,0,0,0,1,-1,1,0,1,1,1,0,0,0,0,0,16,0,0,4,4,2,0,3,1,3,4,0,1,0,0,0,0,0,0,0,7,1,1,0,0,0,0,3,0,0,1,KRBKRNvK,DRAW,8/8/8/4R3/k7/4Kr2/7n/6B1 w - - 0 1
0,1,0,0,0,0,0,1,-1,1,0,1,1,1,0,0,0,0,0,16,0,0,5,3,0,7,5,3,4,21,27,0,0,0,0,0,0,0,0,7,1,1,0,0,0,0,2,1,0,0,KRBKRNvK,WIN,3r4/8/7k/3n4/2RB4/8/8/3K4 b - - 0 1
0,1,0,0,0,0,0,1,-1,1,0,1,1,1,0,0,0,0,0,16,0,0,2,1,6,3,4,4,0,18,27,0,0,0,0,0,0,0,0,7,1,1,0,0,0,0,0,4,0,1,KRBKRNvK,DRAW,1n6/1K6/8/3k4/7B/3r4/2R5/8 b - - 0 1
0,1,0,0,0,0,0,1,-1,1,0,1,1,1,0,0,0,0,0,16,0,0,4,7,1,3,4,5,0,20,26,0,0,0,0,0,0,0,0,7,1,1,0,0,0,0,0,4,1,1,KRBKRNvK,DRAW,3B4/8/8/2rk4/8/5R2/6nK/8 b - - 0 1
1,1,0,0,0,0,0,1,-1,1,0,1,1,1,0,0,0,0,0,16,0,0,4,3,2,6,6,1,4,4,0,1,0,0,0,0,0,0,0,7,1,1,0,0,0,0,3,2,0,2,KRBKRNvK,DRAW,B7/6k1/8/8/5r2/3K1R2/8/2n5 w - - 0 1
1,1,0,0,0,0,0,1,-1,1,0,1,1,1,0,0,0,0,0,16,0,0,4,0,5,1,1,4,4,18,17,0,0,0,0,0,0,0,0,7,1,1,0,1,0,0,0,0,2,0,KRBKRNvK,DRAW,6n1/8/K7/8/8/8/1k3r2/R2B4 w - - 0 1
1,1,0,0,0,0,0,1,-1,1,0,1,1,1,0,0,0,0,0,16,0,0,4,6,3,7,7,2,6,7,0,1,0,0,0,0,0,0,0,7,1,1,0,0,0,0,1,0,0,1,KRBKRNvK,DRAW,7k/2r5/7n/8/6K1/8/7B/1R6 w - - 0 1
0,1,0,0,0,0,0,1,-1,1,0,1,1,1,0,0,0,0,0,16,0,0,6,5,0,4,6,4,2,29,26,0,0,0,0,0,0,0,0,7,1,1,0,0,0,0,1,2,0,0,KRBKRNvK,DRAW,8/B3k3/4n3/8/2r5/8/7R/5K2 b - - 0 1
0,1,0,0,0,0,0,1,-1,1,0,1,1,1,0,0,0,0,0,16,0,0,2,3,2,4,0,1,3,19,22,0,0,0,0,0,0,0,0,7,1,1,0,1,0,0,2,0,0,1,KRBKRNvK,DRAW,7R/8/8/8/8/n2K3B/5r2/4k3 b - - 0 1
0,1,0,0,0,0,0,1,-1,1,0,1,1,1,0,0,0,0,0,16,0,0,5,1,2,0,7,3,6,20,29,0,0,0,0,0,0,0,0,7,1,1,1,0,0,0,2,2,0,0,KRBKRNvK,DRAW,k7/3R4/8/2B5/6r1/1K6/5n2/8 b - - 0 1
1,1,0,0,0,0,0,1,-1,1,0,1,1,1,0,0,0,0,0,16,0,0,5,4,0,6,5,3,3,22,25,0,0,0,0,0,0,0,0,7,1,1,0,1,0,0,2,1,0,0,KRBKRNvK,DRAW,8/8/6k1/2R5/6n1/8/r7/4KB2 w - - 0 1
0,1,0,0,0,0,0,1,-1,1,0,1,1,1,0,0,0,0,0,16,0,0,6,0,0,6,5,6,3,22,24,0,0,0,0,0,0,0,0,7,1,1,0,0,0,0,2,2,0,0,KRBKRNvK,DRAW,4n3/3r4/6k1/8/8/2B2R2/8/K7 b - - 0 1
0,1,0,0,0,0,0,1,-1,1,0,1,1,1,0,0,0,0,0,16,0,0,6,0,2,6,0,4,5,18,26,0,0,0,0,0,0,0,0,7,1,1,0,0,0,0,0,2,1,0,KRBKRNvK,DRAW,1n6/8/1R6/8/8/K6B/8/3r2k1 b - - 0 1
1,1,0,0,0,0,0,1,-1,1,0,1,1,1,0,0,0,0,0,16,0,0,3,4,6,4,3,2,0,28,12,0,0,0,0,0,0,0,0,7,1,1,0,1,0,0,1,4,2,0,KRBKRNvK,DRAW,8/4K3/5R2/8/4k3/8/n3rB2/8 w - - 0 1
1,1,0,0,0,0,0,1,-1,1,0,1,1,1,0,0,0,0,0,16,0,0,4,5,3,1,2,1,3,7,0,1,0,0,0,0,0,0,0,7,1,1,0,0,0,0,2,2,0,2,KRBKRNvK,DRAW,4R3/8/B2r4/8/5K2/1k5n/8/8 w - - 0 1
1,1,0,0,0,0,0,1,-1,1,0,1,1,1,0,0,0,0,0,16,0,0,4,4,5,0,3,1,3,28,24,0,0,0,0,0,0,0,0,7,1,1,1,0,0,0,2,1,0,0,KRBKRNvK,DRAW,8/7R/4K3/8/k7/5rB1/4n3/8 w - - 0 1
1,1,0,0,0,0,0,1,-1,1,0,1,1,1,0,0,0,0,0,16,0,0,3,2,5,5,5,2,2,27,26,0,0,0,0,0,0,0,0,7,1,1,0,0,0,0,2,1,1,1,KRBKRNvK,DRAW,3R4/8/2K2k2/8/2n5/B7/8/5r2 w - - 0 1
1,1,0,0,0,0,0,1,-1,1,0,1,1,1,0,0,0,0,0,16,0,0,3,7,7,4,4,6,0,24,24,0,0,0,0,0,0,0,0,7,1,1,1,1,0,0,0,3,1,0,KRBKRNvK,DRAW,4B2K/2R5/8/4k3/8/8/3r4/1n6 w - - 0 1
1,1,0,0,0,0,0,1,-1,1,0,1,1,1,0,0,0,0,0,16,0,0,5,1,7,0,2,5,4,3,0,1,0,0,0,0,0,0,0,7,1,1,1,1,0,0,0,1,1,1,KRBKRNvK,DRAW,1K6/R2n4/8/B7/8/k7/1r6/8 w - - 0 1
0,1,0,0,0,0,0,1,-1,1,0,1,1,1,0,0,0,0,0,16,0,0,2,1,5,3,4,3,0,4,0,1,0,0,0,0,0,0,0,7,1,1,0,0,0,0,1,4,1,0,KRBKRNvK,LOSS,8/5B2/1K6/3k3r/8/8/6R1/2n5 b - - 0 1
1,1,0,0,0,0,0,1,-1,1,0,1,1,1,0,0,0,0,0,16,0,0,5,0,1,5,6,5,3,22,21,0,0,0,0,0,0,0,0,7,1,1,0,0,0,0,0,1,1,1,KRBKRNvK,DRAW,R7/5k2/1r5B/8/8/1n6/K7/8 w - - 0 1
1,1,0,0,0,0,0,1,-1,1,0,1,1,1,0,0,0,0,0,16,0,0,7,2,0,4,7,4,3,2,0,1,0,0,0,0,0,0,0,7,1,1,0,0,0,0,0,1,0,2,KRBKRNvK,DRAW,4k3/8/8/8/8/3n2R1/4B3/r1K5 w - - 0 1
0,1,0,0,0,0,0,1,-1,1,0,1,1,1,0,0,0,0,0,16,0,0,2,5,0,7,1,4,5,0,0,1,0,0,0,0,0,0,0,7,1,1,1,0,0,0,1,2,0,0,KRBKRNvK,LOSS,8/7R/3B4/6n1/r7/8/7k/5K2 b - - 0 1
0,1,0,0,0,0,0,1,-1,1,0,1,1,1,0,0,0,0,0,16,0,0,4,5,7,5,3,4,1,21,23,0,0,0,0,0,0,0,0,7,1,1,0,0,0,0,1,4,1,0,KRBKRNvK,DRAW,5K2/8/6B1/8/1n2rk2/8/8/2R5 b - - 0 1
0,1,0,0,0,0,0,1,-1,1,0,1,1,1,0,0,0,0,0,16,0,0,7,5,0,5,7,4,4,25,21,0,0,0,0,0,0,0,0,7,1,1,0,1,0,0,1,1,0,0,KRBKRNvK,DRAW,5k2/8/8/2n2BR1/8/8/r7/5K2 b - - 0 1
0,1,0,0,0,0,0,1,-1,1,0,1,1,1,0,0,0,0,0,16,0,0,4,5,5,6,1,2,4,17,24,0,0,0,0,0,0,0,0,7,1,1,0,1,0,0,2,1,0,0,KRBKRNvK,DRAW,5R2/8/1B3K2/8/8/6n1/6kr/8 b - - 0 1
0,1,0,0,0,0,0,1,-1,1,0,1,1,1,0,0,0,0,0,16,0,0,3,1,2,1,5,3,3,7,0,1,0,0,0,0,0,0,0,7,1,1,0,0,0,0,1,0,0,0,KRBKRNvK,DRAW,2r3B1/8/1k5R/8/8/1K6/6n1/8 b - - 0 1
0,1,0,0,0,0,0,1,-1,1,0,1,1,1,0,0,0,0,0,16,0,0,3,7,6,4,3,5,0,27,26,0,0,0,0,0,0,0,0,7,1,1,1,0,0,0,2,3,1,2,KRBKRNvK,DRAW,8/1R5K/6r1/5n2/4k3/2B5/8/8 b - - 0 1
1,1,0,0,0,0,0,1,-1,1,0,1,1,1,0,0,0,0,0,16,0,0,5,3,7,0,2,3,4,28,21,0,0,0,0,0,0,0,0,7,1,1,1,0,0,0,1,2,0,1,KRBKRNvK,DRAW,3K4/5R2/4r3/7n/8/k3B3/8/8 w - - 0 1
1,1,0,0,0,0,0,1,-1,1,0,1,1,1,0,0,0,0,0,16,0,0,6,6,5,0,4,3,3,27,19,0,0,0,0,0,0,0,0,7,1,1,0,0,0,0,2,1,1,0,KRBKRNvK,DRAW,8/1B6/5RK1/k7/8/4n3/8/4r3 w - - 0 1
1,1,0,0,0,0,0,1,-1,1,0,1,1,1,0,0,0,0,0,16,0,0,6,1,6,7,3,4,3,8,0,1,0,0,0,0,0,0,0,7,1,1,0,0,0,0,1,0,2,0,KRBKRNvK,LOSS,8/1K4r1/8/8/7k/7n/5R1B/8 w - - 0 1
0,1,0,0,0,0,0,1,-1,1,0,1,1,1,0,0,0,0,0,16,0,0,4,3,4,6,0,0,5,20,27,0,0,0,0,0,0,0,0,7,1,1,1,0,0,0,3,1,0,1,KRBKRNvK,DRAW,1r6/4R3/8/1n1K2B1/8/8/8/6k1 b - - 0 1
0,1,0,0,0,0,0,1,-1,1,0,1,1,1,0,0,0,0,0,16,0,0,7,7,3,0,5,3,4,22,21,0,0,0,0,0,0,0,0,7,1,1,0,0,0,0,2,0,0,0,KRBKRNvK,DRAW,6r1/8/k7/8/4R2K/7B/n7/8 b - - 0 1
0,1,0,0,0,0,0,1,-1,1,0,1,1,1,0,0,0,0,0,16,0,0,5,2,7,6,2,4,3,6,0,1,0,0,0,0,0,0,0,7,1,1,0,1,0,0,2,2,1,0,KRBKRNvK,LOSS,2K5/7n/8/8/1B6/4R1k1/3r4/8 b - - 0 1
1,1,0,0,0,0,0,1,-1,1,0,1,1,1,0,0,0,0,0,16,0,0,3,4,4,1,3,0,2,26,25,0,0,0,0,0,0,0,0,7,1,1,0,0,0,0,4,0,1,0,KRBKRNvK,DRAW,8/7r/8/4K3/nk3B2/8/3R4/8 w - - 0 1
1,1,0,0,0,0,0,1,-1,1,0,1,1,1,0,0,0,0,0,16,0,0,3,0,4,3,1,3,2,25,23,0,0,0,0,0,0,0,0,7,1,1,1,0,0,0,0,1,0,1,KRBKRNvK,DRAW,8/5R2/8/K7/B7/2r3n1/3k4/8 w - - 0 1
0,1,0,0,0,0,0,1,-1,1,0,1,1,1,0,0,0,0,0,16,0,0,6,6,2,0,0,3,6,2,0,1,0,0,0,0,0,0,0,7,1,1,0,0,0,0,0,3,0,1,KRBKRNvK,LOSS,8/5n2/8/B7/7r/6K1/8/k4R2 b - - 0 1
0,1,0,0,0,0,0,1,-1,1,0,1,1,1,0,0,0,0,0,16,0,0,3,4,7,6,4,3,2,26,23,0,0,0,0,0,0,0,0,7,1,1,0,0,0,0,2,2,1,0,KRBKRNvK,DRAW,4K3/6B1/1n6/6k1/3r4/8/R7/8 b - - 0 1
1,1,0,0,0,0,0,1,-1,1,0,1,1,1,0,0,0,0,0,16,0,0,3,6,2,3,1,3,2,7,0,1,0,0,0,0,0,0,0,7,1,1,0,0,0,0,2,3,0,1,KRBKRNvK,DRAW,8/8/4R3/1r2B3/8/6K1/3kn3/8 w - - 0 1
0,1,0,0,0,0,0,1,-1,1,0,1,1,1,0,0,0,0,0,16,0,0,2,1,1,3,0,4,3,20,22,0,0,0,0,0,0,0,0,7,1,1,0,0,0,0,0,0,1,0,KRBKRNvK,DRAW,5r2/8/n7/8/8/R7/1K6/2Bk4 b - - 0 1
1,1,0,0,0,0,0,1,-1,1,0,1,1,1,0,0,0,0,0,16,0,0,4,4,4,0,1,0,5,7,0,1,0,0,0,0,0,0,0,7,1,1,0,0,0,0,3,1,1,1,KRBKRNvK,DRAW,5B2/8/8/4K3/8/r2n4/k7/2R5 w - - 0 1
1,1,0,0,0,0,0,1,-1,1,0,1,1,1,0,0,0,0,0,16,0,0,6,6,1,5,7,4,4,6,0,1,0,0,0,0,0,0,0,7,1,1,0,1,0,0,0,0,2,0,KRBKRNvK,DRAW,3B1k2/8/6R1/8/8/8/1r4K1/2n5 w - - 0 1
1,1,0,0,0,0,0,1,-1,1,0,1,1,1,0,0,0,0,0,16,0,0,3,3,2,0,3,1,3,5,0,1,0,0,0,0,0,0,0,7,1,1,1,0,0,0,3,0,0,2,KRBKRNvK,DRAW,8/7R/8/8/k7/3K4/7B/3r1n2 w - - 0 1
1,1,0,0,0,0,0,1,-1,1,0,1,1,1,0,0,0,0,0,16,0,0,3,2,4,5,7,1,4,6,0,1,0,0,0,0,0,0,0,7,1,1,0,0,0,0,3,2,0,2,KRBKRNvK,DRAW,5k2/1B6/8/1RK5/8/3nr3/8/8 w - - 0 1
1,1,0,0,0,0,0,1,-1,1,0,1,1,1,0,0,0,0,0,16,0,0,3,3,4,0,6,0,5,7,0,1,0,0,0,0,0,0,0,7,1,1,0,0,0,0,3,1,0,1,KRBKRNvK,WIN,n7/k2r4/8/3K4/8/6B1/2R5/8 w - - 0 1
0,1,0,0,0,0,0,1,-1,1,0,1,1,1,0,0,0,0,0,16,0,0,3,5,1,2,1,3,3,24,27,0,0,0,0,0,0,0,0,7,1,1,0,0,0,0,0,0,0,0,KRBKRNvK,DRAW,r7/8/7R/8/8/8/2k2K2/2n2B2 b - - 0 1
0,1,0,0,0,0,0,1,-1,1,0,1,1,1,0,0,0,0,0,16,0,0,2,6,5,4,3,3,0,20,19,0,0,0,0,0,0,0,0,7,1,1,1,0,0,0,0,3,0,0,KRBKRNvK,DRAW,r7/5R1B/6K1/8/4k3/8/8/n7 b - - 0 1
0,1,0,0,0,0,0,1,-1,1,0,1,1,1,0,0,0,0,0,16,0,0,5,0,1,1,6,5,4,6,0,1,0,0,0,0,0,0,0,7,1,1,0,0,0,0,2,2,0,0,KRBKRNvK,DRAW,8/1k6/3r4/8/1R1B4/8/K3n3/8 b - - 0 1
1,1,0,0,0,0,0,1,-1,1,0,1,1,1,0,0,0,0,0,16,0,0,2,1,5,0,7,3,6,6,0,1,0,0,0,0,0,0,0,7,1,1,0,0,0,0,0,2,0,1,KRBKRNvK,DRAW,k1n5/8/1K5B/8/4r3/8/8/7R w - - 0 1
0,1,0,0,0,0,0,1,-1,1,0,1,1,1,0,0,0,0,0,16,0,0,5,2,3,7,1,1,5,21,20,0,0,0,0,0,0,0,0,7,1,1,0,0,0,0,3,1,0,2,KRBKRNvK,DRAW,7B/8/1r6/2R5/1nK5/8/7k/8 b - - 0 1
1,1,0,0,0,0,0,1,-1,1,0,1,1,1,0,0,0,0,0,16,0,0,3,0,3,0,6,3,5,22,19,0,0,0,0,0,0,0,0,7,1,1,0,0,0,0,2,1,0,0,KRBKRNvK,DRAW,3rB3/k7/8/3n4/K3R3/8/8/8 w - - 0 1
1,1,0,0,0,0,0,1,-1,1,0,1,1,1,0,0,0,0,0,16,0,0,2,4,1,5,3,2,1,26,25,0,0,0,0,0,0,0,0,7,1,1,1,0,0,0,2,3,0,1,KRBKRNvK,DRAW,8/1R6/6r1/8/5k2/8/1Bn1K3/8 w - - 0 1
0,1,0,0,0,0,0,1,-1,1,0,1,1,1,0,0,0,0,0,16,0,0,3,4,2,7,5,1,4,22,25,0,0,0,0,0,0,0,0,7,1,1,0,0,0,0,2,0,1,0,KRBKRNvK,DRAW,3n1R2/6r1/7k/8/8/B3K3/8/8 b - - 0 1
0,1,0,0,0,0,0,1,-1,1,0,1,1,1,0,0,0,0,0,16,0,0,6,7,0,2,6,6,3,4,0,1,0,0,0,0,0,0,0,7,1,1,0,0,0,0,2,0,1,0,KRBKRNvK,DRAW,5r2/n1k5/8/B7/8/8/3R4/7K b - - 0 1
1,1,0,0,0,0,0,1,-1,1,0,1,1,1,0,0,0,0,0,16,0,0,2,2,5,0,7,2,6,3,0,1,0,0,0,0,0,0,0,7,1,1,0,0,0,0,2,0,0,2,KRBKRNvK,DRAW,kr6/8/2KR4/1B2n3/8/8/8/8 w - - 0 1
0,1,0,0,0,0,0,1,-1,1,0,1,1,1,0,0,0,0,0,16,0,0,2,5,2,7,2,2,4,16,20,0,0,0,0,0,0,0,0,7,1,1,0,0,0,0,1,2,0,1,KRBKRNvK,DRAW,2B5/8/6R1/1r6/6n1/5K1k/8/8 b - - 0 1
1,1,0,0,0,0,0,1,-1,1,0,1,1,1,0,0,0,0,0,16,0,0,4,0,6,4,7,5,3,21,23,0,0,0,0,0,0,0,0,7,1,1,0,1,0,0,1,1,1,0,KRBKRNvK,DRAW,4k3/K7/2R5/2B3n1/8/8/1r6/8 w - - 0 1
0,1,0,0,0,0,0,1,-1,1,0,1,1,1,0,0,0,0,0,16,0,0,5,6,2,1,2,3,3,5,0,1,0,0,0,0,0,0,0,7,1,1,0,0,0,0,1,2,1,0,KRBKRNvK,DRAW,5r2/7B/5n2/8/8/1k4K1/8/1R6 b - - 0 1
0,1,0,0,0,0,0,1,-1,1,0,1,1,1,0,0,0,0,0,16,0,0,4,2,2,6,3,2,2,5,0,1,0,0,0,0,0,0,0,7,1,1,0,0,0,0,3,2,1,1,KRBKRNvK,DRAW,1n4R1/8/8/r7/6k1/2K5/6B1/8 b - - 0 1
0,1,0,0,0,0,0,1,-1,1,0,1,1,1,0,0,0,0,0,16,0,0,4,0,3,4,5,3,1,4,0,1,0,0,0,0,0,0,0,7,1,1,0,1,0,0,2,2,2,0,KRBKRNvK,DRAW,2B5/5n2/4k3/8/K4R2/8/6r1/8 b - - 0 1
0,1,0,0,0,0,0,1,-1,1,0,1,1,1,0,0,0,0,0,16,0,0,2,4,4,6,6,0,4,5,0,1,0,0,0,0,0,0,0,7,1,1,1,0,0,0,4,0,1,0,KRBKRNvK,DRAW,8/4R1k1/3B4/4K3/8/8/8/1n4r1 b - - 0 1
1,1,0,0,0,0,0,1,-1,1,0,1,1,1,0,0,0,0,0,16,0,0,2,5,5,3,7,2,3,22,21,0,0,0,0,0,0,0,0,7,1,1,0,0,0,0,1,2,0,1,KRBKRNvK,WIN,3k4/4r3/5K2/8/8/7n/1R5B/8 w - - 0 1
0,1,0,0,0,0,0,1,-1,1,0,1,1,1,0,0,0,0,0,16,0,0,2,3,2,4,4,1,0,19,28,0,0,0,0,0,0,0,0,7,1,1,0,0,0,0,2,3,1,1,KRBKRNvK,DRAW,8/3B4/1R6/4k3/8/3K4/n7/5r2 b - - 0 1
1,1,0,0,0,0,0,1,-1,1,0,1,1,1,0,0,0,0,0,16,0,0,3,1,5,4,2,3,1,21,23,0,0,0,0,0,0,0,0,7,1,1,0,0,0,0,1,3,0,1,KRBKRNvK,DRAW,8/8/1K6/8/3rn3/4k3/7B/7R w - - 0 1
0,1,0,0,0,0,0,1,-1,1,0,1,1,1,0,0,0,0,0,16,0,0,5,6,0,7,5,5,4,22,21,0,0,0,0,0,0,0,0,7,1,1,0,1,0,0,0,0,0,0,KRBKRNvK,DRAW,8/6n1/7k/8/8/7B/1r6/2R3K1 b - - 0 1
1,1,0,0,0,0,0,1,-1,1,0,1,1,1,0,0,0,0,0,16,0,0,4,2,6,6,5,3,3,8,0,1,0,0,0,0,0,0,0,7,1,1,0,1,0,0,2,1,0,0,KRBKRNvK,DRAW,8/2K5/6k1/8/8/5R2/1Br1n3/8 w - - 0 1
1,1,0,0,0,0,0,1,-1,1,0,1,1,1,0,0,0,0,0,16,0,0,6,2,1,7,7,3,6,4,0,1,0,0,0,0,0,0,0,7,1,1,0,0,0,0,1,2,0,1,KRBKRNvK,DRAW,3r3k/8/8/8/8/2R5/2K5/4n1B1 w - - 0 1
0,1,0,0,0,0,0,1,-1,1,0,1,1,1,0,0,0,0,0,16,0,0,6,7,0,4,6,6,2,27,24,0,0,0,0,0,0,0,0,7,1,1,0,0,0,0,3,3,1,0,KRBKRNvK,DRAW,7B/4k3/8/5R2/2r5/3n4/8/7K b - - 0 1
1,1,0,0,0,0,0,1,-1,1,0,1,1,1,0,0,0,0,0,16,0,0,3,5,5,6,2,2,3,27,22,0,0,0,0,0,0,0,0,7,1,1,0,0,0,0,4,2,0,0,KRBKRNvK,DRAW,1n6/5B2/5K2/8/R7/6k1/8/4r3 w - - 0 1
1,1,0,0,0,0,0,1,-1,1,0,1,1,1,0,0,0,0,0,16,0,0,4,0,3,3,7,3,3,22,23,0,0,0,0,0,0,0,0,7,1,1,0,0,0,0,1,3,0,1,KRBKRNvK,DRAW,3k4/4r3/R7/8/K7/6B1/2n5/8 w - - 0 1
0,1,0,0,0,0,0,1,-1,1,0,1,1,1,0,0,0,0,0,16,0,0,4,0,7,3,3,6,0,21,18,0,0,0,0,0,0,0,0,7,1,1,0,0,0,0,0,3,0,0,KRBKRNvK,DRAW,K7/8/B7/8/3k4/8/8/4r1nR b - - 0 1
1,1,0,0,0,0,0,1,-1,1,0,1,1,1,0,0,0,0,0,16,0,0,3,5,4,2,2,1,2,8,0,1,0,0,0,0,0,0,0,7,1,1,0,0,0,0,4,3,0,0,KRBKRNvK,DRAW,3R4/8/1n6/1r3K2/8/2k5/5B2/8 w - - 0 1
0,1,0,0,0,0,0,1,-1,1,0,1,1,1,0,0,0,0,0,16,0,0,6,6,1,0,1,4,5,14,25,0,0,0,0,0,0,0,0,7,1,1,1,0,0,0,2,0,0,1,KRBKRNvK,DRAW,8/4R3/7B/8/8/8/k5Kn/r7 b - - 0 1
1,1,0,0,0,0,0,1,-1,1,0,1,1,1,0,0,0,0,0,16,0,0,3,3,0,6,2,3,3,3,0,1,0,0,0,0,0,0,0,7,1,1,0,0,0,0,2,2,2,1,KRBKRNvK,DRAW,3r4/8/8/5B2/8/6k1/1n6/3KR3 w - - 0 1
0,1,0,0,0,0,0,1,-1,1,0,1,1,1,0,0,0,0,0,16,0,0,4,6,0,2,4,5,1,5,0,1,0,0,0,0,0,0,0,7,1,1,0,0,0,0,2,3,0,0,KRBKRNvK,DRAW,8/8/8/2k1r3/8/n7/3R1B2/6K1 b - - 0 1
0,1,0,0,0,0,0,1,-1,1,0,1,1,1,0,0,0,0,0,16,0,0,4,4,4,5,0,0,4,20,29,0,0,0,0,0,0,0,0,7,1,1,0,0,0,0,3,2,1,0,KRBKRNvK,DRAW,7n/8/4B3/4K3/7r/3R4/8/5k2 b - - 0 1
0,1,0,0,0,0,0,1,-1,1,0,1,1,1,0,0,0,0,0,16,0,0,3,6,5,4,2,3,1,21,24,0,0,0,0,0,0,0,0,7,1,1,1,1,0,0,1,3,0,1,KRBKRNvK,DRAW,8/6R1/3B2K1/8/6n1/4k3/6r1/8 b - - 0 1
1,1,0,0,0,0,0,1,-1,1,0,1,1,1,0,0,0,0,0,16,0,0,2,0,3,0,5,3,4,1,0,1,0,0,0,0,0,0,0,7,1,1,0,0,0,0,1,2,0,1,KRBKRNvK,DRAW,8/8/k2B4/r7/K7/2R5/8/n7 w - - 0 1
0,1,0,0,0,0,0,1,-1,1,0,1,1,1,0,0,0,0,0,16,0,0,6,5,0,1,6,4,4,28,23,0,0,0,0,0,0,0,0,7,1,1,0,0,0,0,2,1,0,0,KRBKRNvK,DRAW,8/1k5r/8/5n2/8/8/4R3/4BK2 b - - 0 1
1,1,0,0,0,0,0,1,-1,1,0,1,1,1,0,0,0,0,0,16,0,0,4,1,5,5,1,3,3,3,0,1,0,0,0,0,0,0,0,7,1,1,0,0,0,0,2,2,0,2,KRBKRNvK,DRAW,8/3r4/1K6/1R6/n7/8/B4k2/8 w - - 0 1
0,1,0,0,0,0,0,1,-1,1,0,1,1,1,0,0,0,0,0,16,0,0,2,3,3,5,1,0,3,24,20,0,0,0,0,0,0,0,0,7,1,1,1,0,0,0,4,2,0,1,KRBKRNvK,DRAW,8/3R4/8/8/3K4/4r1n1/5k2/1B6 b - - 0 1
0,1,0,0,0,0,0,1,-1,1,0,1,1,1,0,0,0,0,0,16,0,0,4,2,4,4,0,1,3,21,29,0,0,0,0,0,0,0,0,7,1,1,0,0,0,0,3,2,0,1,KRBKRNvK,DRAW,6R1/3r4/8/2K2B2/8/8/8/3nk3 b - - 0 1
0,1,0,0,0,0,0,1,-1,1,0,1,1,1,0,0,0,0,0,16,0,0,3,3,5,6,4,1,2,4,0,1,0,0,0,0,0,0,0,7,1,1,1,0,0,0,2,1,2,0,KRBKRNvK,DRAW,8/4B2R/3K4/6k1/8/r3n3/8/8 b - - 0 1
0,1,0,0,0,0,0,1,-1,1,0,1,1,1,0,0,0,0,0,16,0,0,3,0,4,3,6,3,2,17,27,0,0,0,0,0,0,0,0,7,1,1,0,0,0,0,2,0,1,0,KRBKRNvK,DRAW,8/3k2r1/2R4n/K7/8/5B2/8/8 b - - 0 1
0,1,0,0,0,0,0,1,-1,1,0,1,1,1,0,0,0,0,0,16,0,0,3,0,0,3,2,6,1,5,0,1,0,0,0,0,0,0,0,7,1,1,0,1,0,0,1,2,1,1,KRBKRNvK,DRAW,8/8/3n4/8/8/3k1R2/1r6/K5B1 b - - 0 1
1,1,0,0,0,0,0,1,-1,1,0,1,1,1,0,0,0,0,0,16,0,0,5,6,2,1,4,3,2,29,24,0,0,0,0,0,0,0,0,7,1,1,0,0,0,0,3,2,1,0,KRBKRNvK,DRAW,8/B7/2n5/1k6/8/6K1/4R3/2r5 w - - 0 1
0,1,0,0,0,0,0,1,-1,1,0,1,1,1,0,0,0,0,0,16,0,0,6,1,6,3,0,4,3,2,0,1,0,0,0,0,0,0,0,7,1,1,0,0,0,0,0,0,0,1,KRBKRNvK,LOSS,6r1/1K6/8/3n4/B7/8/8/3k2R1 b - - 0 1
0,1,0,0,0,0,0,1,-1,1,0,1,1,1,0,0,0,0,0,16,0,0,2,7,3,6,1,3,4,3,0,1,0,0,0,0,0,0,0,7,1,1,0,0,0,0,0,0,0,0,KRBKRNvK,DRAW,7r/8/8/n6B/7K/8/R5k1/8 b - - 0 1
0,1,0,0,0,0,0,1,-1,1,0,1,1,1,0,0,0,0,0,16,0,0,3,4,1,7,3,2,3,21,20,0,0,0,0,0,0,0,0,7,1,1,0,0,0,0,0,0,0,0,KRBKRNvK,DRAW,8/7n/6r1/8/7k/8/4K3/2R2B2 b - - 0 1
1,1,0,0,0,0,0,1,-1,1,0,1,1,1,0,0,0,0,0,16,0,0,3,4,5,7,3,1,3,29,20,0,0,0,0,0,0,0,0,7,1,1,0,0,0,0,2,0,1,0,KRBKRNvK,DRAW,8/8/4K3/n7/B6k/6R1/8/2r5 w - - 0 1
0,1,0,0,0,0,0,1,-1,1,0,1,1,1,0,0,0,0,0,16,0,0,5,7,2,2,4,4,1,6,0,1,0,0,0,0,0,0,0,7,1,1,0,0,0,0,0,2,0,0,KRBKRNvK,LOSS,2R1B3/8/6r1/2k5/8/7K/8/2n5 b - - 0 1
0,1,0,0,0,0,0,1,-1,1,0,1,1,1,0,0,0,0,0,16,0,0,5,1,4,6,4,2,2,5,0,1,0,0,0,0,0,0,0,7,1,1,0,0,0,0,2,0,1,0,KRBKRNvK,DRAW,8/8/8/1K2R1k1/8/8/2B5/r1n5 b - - 0 1
0,1,0,0,0,0,0,1,-1,1,0,1,1,1,0,0,0,0,0,16,0,0,2,0,3,2,5,3,2,21,23,0,0,0,0,0,0,0,0,7,1,1,0,0,0,0,2,1,1,0,KRBKRNvK,DRAW,8/5r2/2k5/8/K2R4/1B6/7n/8 b - - 0 1
0,1,0,0,0,0,0,1,-1,1,0,1,1,1,0,0,0,0,0,16,0,0,6,6,4,0,7,2,6,18,22,0,0,0,0,0,0,0,0,7,1,1,0,0,0,0,2,2,0,0,KRBKRNvK,DRAW,kn6/8/8/5RKB/r7/8/8/8 b - - 0 1
1,1,0,0,0,0,0,1,-1,1,0,1,1,1,0,0,0,0,0,16,0,0,6,6,1,3,7,4,3,27,18,0,0,0,0,0,0,0,0,7,1,1,1,0,0,0,2,2,1,0,KRBKRNvK,DRAW,B2k4/2R5/8/8/1r6/8/6K1/n7 w - - 0 1
1,1,0,0,0,0,0,1,-1,1,0,1,1,1,0,0,0,0,0,16,0,0,4,2,6,0,2,3,4,3,0,1,0,0,0,0,0,0,0,7,1,1,0,0,0,0,0,1,0,1,KRBKRNvK,DRAW,2R5/2K5/4n3/8/8/k7/8/1r3B2 w - - 0 1
0,1,0,0,0,0,0,1,-1,1,0,1,1,1,0,0,0,0,0,16,0,0,5,2,7,6,2,4,3,25,24,0,0,0,0,0,0,0,0,7,1,1,0,0,0,0,1,2,0,1,KRBKRNvK,DRAW,1nK5/8/1R6/r7/8/1B4k1/8/8 b - - 0 1
0,1,0,0,0,0,0,1,-1,1,0,1,1,1,0,0,0,0,0,16,0,0,5,6,0,7,5,5,4,6,0,1,0,0,0,0,0,0,0,7,1,1,0,0,0,0,2,0,0,0,KRBKRNvK,DRAW,4R2r/8/7k/8/4n3/8/8/2B3K1 b - - 0 1
0,1,0,0,0,0,0,1,-1,1,0,1,1,1,0,0,0,0,0,16,0,0,4,2,3,6,6,1,4,24,23,0,0,0,0,0,0,0,0,7,1,1,0,0,0,0,3,0,0,0,KRBKRNvK,DRAW,8/n5k1/5r2/R7/2K5/1B6/8/8 b - - 0 1
0,1,0,0,0,0,0,1,-1,1,0,1,1,1,0,0,0,0,0,16,0,0,4,6,0,5,4,5,1,21,25,0,0,0,0,0,0,0,0,7,1,1,0,0,0,0,3,2,1,0,KRBKRNvK,DRAW,1n6/7r/8/5k2/8/2B1R3/8/6K1 b - - 0 1
0,1,0,0,0,0,0,1,-1,1,0,1,1,1,0,0,0,0,0,16,0,0,5,7,1,3,6,5,2,25,25,0,0,0,0,0,0,0,0,7,1,1,0,0,0,0,1,2,0,0,KRBKRNvK,DRAW,8/3k4/1n6/8/3r4/2B5/7K/6R1 b - - 0 1
1,1,0,0,0,0,0,1,-1,1,0,1,1,1,0,0,0,0,0,16,0,0,4,7,2,5,6,4,3,26,20,0,0,0,0,0,0,0,0,7,1,1,0,0,0,0,1,2,0,1,KRBKRNvK,DRAW,8/n4k2/1R6/8/5r2/7K/2B5/8 w - - 0 1
0,1,0,0,0,0,0,1,-1,1,0,1,1,1,0,0,0,0,0,16,0,0,4,3,6,3,2,2,1,5,0,1,0,0,0,0,0,0,0,7,1,1,0,0,0,0,2,3,1,0,KRBKRNvK,DRAW,8/3K4/8/3R4/6n1/B1rk4/8/8 b - - 0 1
1,1,0,0,0,0,0,1,-1,1,0,1,1,1,0,0,0,0,0,16,0,0,3,7,4,4,3,3,0,30,26,0,0,0,0,0,0,0,0,7,1,1,0,0,0,0,1,3,1,0,KRBKRNvK,DRAW,1R6/4n3/8/4B2K/4k3/8/8/2r5 w - - 0 1
1,1,0,0,0,0,0,1,-1,1,0,1,1,1,0,0,0,0,0,16,0,0,5,2,6,5,1,3,3,33,17,0,0,0,0,0,0,0,0,7,1,1,0,1,0,0,1,1,1,0,KRBKRNvK,DRAW,R7/2K5/8/8/8/3B2n1/3r1k2/8 w - - 0 1
0,1,0,0,0,0,0,1,-1,1,0,1,1,1,0,0,0,0,0,16,0,0,4,5,2,5,6,2,3,4,0,1,0,0,0,0,0,0,0,7,1,1,0,0,0,0,1,2,2,2,KRBKRNvK,LOSS,8/5k2/7R/3B4/7r/5K1n/8/8 b - - 0 1
0,1,0,0,0,0,0,1,-1,1,0,1,1,1,0,0,0,0,0,16,0,0,3,4,7,4,4,3,0,6,0,1,0,0,0,0,0,0,0,7,1,1,0,1,0,0,1,3,0,0,KRBKRNvK,DRAW,4K2B/8/8/1n2k3/8/8/2r5/6R1 b - - 0 1
1,1,0,0,0,0,0,1,-1,1,0,1,1,1,0,0,0,0,0,16,0,0,6,0,7,6,1,6,4,25,21,0,0,0,0,0,0,0,0,7,1,1,0,0,0,0,3,2,1,1,KRBKRNvK,DRAW,K1n5/8/8/6r1/7R/8/1B4k1/8 w - - 0 1
0,1,0,0,0,0,0,1,-1,1,0,1,1,1,0,0,0,0,0,16,0,0,5,5,6,0,5,3,4,23,25,0,0,0,0,0,0,0,0,7,1,1,0,0,0,0,1,0,0,1,KRBKRNvK,DRAW,4n3/5K2/k7/5BR1/8/8/8/7r b - - 0 1
1,1,0,0,0,0,0,1,-1,1,0,1,1,1,0,0,0,0,0,16,0,0,4,1,7,5,4,5,1,29,19,0,0,0,0,0,0,0,0,7,1,1,0,0,0,0,3,4,1,0,KRBKRNvK,DRAW,1K6/8/3B3n/5k2/R7/3r4/8/8 w - - 0 1
0,1,0,0,0,0,0,1,-1,1,0,1,1,1,0,0,0,0,0,16,0,0,6,3,1,1,7,2,5,25,19,0,0,0,0,0,0,0,0,7,1,1,0,0,0,0,2,1,0,1,KRBKRNvK,DRAW,1k6/8/7B/7R/1n6/8/3K4/6r1 b - - 0 1
0,1,0,0,0,0,0,1,-1,1,0,1,1,1,0,0,0,0,0,16,0,0,4,2,4,2,0,1,4,21,26,0,0,0,0,0,0,0,0,7,1,1,0,0,0,0,2,2,0,1,KRBKRNvK,DRAW,2BR4/6n1/8/2K5/8/4r3/8/2k5 b - - 0 1
1,1,0,0,0,0,0,1,-1,1,0,1,1,1,0,0,0,0,0,16,0,0,4,4,5,0,6,1,5,28,16,0,0,0,0,0,0,0,0,7,1,1,0,0,0,0,3,2,1,0,KRBKRNvK,DRAW,8/kB6/4K3/r7/3R4/n7/8/8 w - - 0 1
0,1,0,0,0,0,0,1,-1,1,0,1,1,1,0,0,0,0,0,16,0,0,3,2,3,5,4,1,1,7,0,1,0,0,0,0,0,0,0,7,1,1,0,1,0,0,3,3,0,2,KRBKRNvK,DRAW,8/8/8/5k2/2Kn4/8/3r3B/5R2 b - - 0 1
0,1,0,0,0,0,0,1,-1,1,0,1,1,1,0,0,0,0,0,16,0,0,4,6,3,7,7,2,6,19,25,0,0,0,0,0,0,0,0,7,1,1,0,0,0,0,1,1,1,1,KRBKRNvK,DRAW,7k/8/R5B1/8/6K1/1n5r/8/8 b - - 0 1
1,1,0,0,0,0,0,1,-1,1,0,1,1,1,0,0,0,0,0,16,0,0,4,5,4,1,2,1,3,6,0,1,0,0,0,0,0,0,0,7,1,1,0,0,0,0,2,2,1,0,KRBKRNvK,DRAW,8/8/8/r4K2/8/1k6/n5R1/2B5 w - - 0 1
0,1,0,0,0,0,0,1,-1,1,0,1,1,1,0,0,0,0,0,16,0,0,2,6,2,4,0,3,3,20,26,0,0,0,0,0,0,0,0,7,1,1,0,1,0,0,0,2,0,1,KRBKRNvK,DRAW,8/1n6/2R5/8/6B1/6K1/4r3/4k3 b - - 0 1
0,1,0,0,0,0,0,1,-1,1,0,1,1,1,0,0,0,0,0,16,0,0,2,5,6,4,4,3,0,4,0,1,0,0,0,0,0,0,0,7,1,1,0,0,0,0,2,4,0,1,KRBKRNvK,DRAW,8/5K2/5n2/1R2k3/B3r3/8/8/8 b - - 0 1
0,1,0,0,0,0,0,1,-1,1,0,1,1,1,0,0,0,0,0,16,0,0,3,4,0,7,3,3,3,20,23,0,0,0,0,0,0,0,0,7,1,1,0,0,0,0,1,3,1,1,KRBKRNvK,DRAW,8/8/8/8/2r4k/2n5/2B3R1/4K3 b - - 0 1
0,1,0,0,0,0,0,1,-1,1,0,1,1,1,0,0,0,0,0,16,0,0,4,4,2,1,6,1,4,26,24,0,0,0,0,0,0,0,0,7,1,1,0,0,0,0,2,1,1,0,KRBKRNvK,DRAW,7r/1k1B4/8/8/1n6/4KR2/8/8 b - - 0 1
0,1,0,0,0,0,0,1,-1,1,0,1,1,1,0,0,0,0,0,16,0,0,3,3,4,4,1,0,2,18,21,0,0,0,0,0,0,0,0,7,1,1,0,0,0,0,4,2,1,0,KRBKRNvK,DRAW,4r3/8/8/3K1R2/8/8/2B1k3/1n6 b - - 0 1
1,1,0,0,0,0,0,1,-1,1,0,1,1,1,0,0,0,0,0,16,0,0,2,3,5,2,3,1,1,28,19,0,0,0,0,0,0,0,0,7,1,1,0,0,0,0,2,2,0,0,KRBKRNvK,DRAW,r7/8/3K4/7R/n1k2B2/8/8/8 w - - 0 1
1,1,0,0,0,0,0,1,-1,1,0,1,1,1,0,0,0,0,0,16,0,0,2,6,4,6,6,2,4,26,22,0,0,0,0,0,0,0,0,7,1,1,0,0,0,0,2,0,0,0,KRBKRNvK,DRAW,B4n2/6k1/1r6/6K1/8/8/8/2R5 w - - 0 1
1,1,0,0,0,0,0,1,-1,1,0,1,1,1,0,0,0,0,0,16,0,0,2,2,6,3,4,3,0,5,0,1,0,0,0,0,0,0,0,7,1,1,0,0,0,0,2,4,0,0,KRBKRNvK,LOSS,3B4/2K5/8/3k4/6R1/4n3/8/2r5 w - - 0 1
0,1,0,0,0,0,0,1,-1,1,0,1,1,1,0,0,0,0,0,16,0,0,5,1,4,6,5,2,3,22,25,0,0,0,0,0,0,0,0,7,1,1,0,0,0,0,0,1,0,0,KRBKRNvK,WIN,8/5r2/6k1/1K3n2/8/8/4B3/1R6 b - - 0 1
0,1,0,0,0,0,0,1,-1,1,0,1,1,1,0,0,0,0,0,16,0,0,3,5,6,2,7,3,4,14,25,0,0,0,0,0,0,0,0,7,1,1,0,0,0,0,2,1,0,0,KRBKRNvK,DRAW,1rk5/5K2/8/5R2/1n4B1/8/8/8 b - - 0 1
1,1,0,0,0,0,0,1,-1,1,0,1,1,1,0,0,0,0,0,16,0,0,4,2,6,1,2,3,3,26,21,0,0,0,0,0,0,0,0,7,1,1,0,0,0,0,2,0,0,0,KRBKRNvK,DRAW,8/2K5/1B4r1/8/4R3/nk6/8/8 w - - 0 1
1,1,0,0,0,0,0,1,-1,1,0,1,1,1,0,0,0,0,0,16,0,0,6,3,6,7,0,2,6,21,20,0,0,0,0,0,0,0,0,7,1,1,0,0,0,0,2,1,0,2,KRBKRNvK,DRAW,4B3/3K4/8/1r1n4/8/4R3/8/7k w - - 0 1
0,1,0,0,0,0,0,1,-1,1,0,1,1,1,0,0,0,0,0,16,0,0,2,1,5,3,3,3,0,3,0,1,0,0,0,0,0,0,0,7,1,1,0,0,0,0,2,3,1,0,KRBKRNvK,LOSS,8/8/1K3B2/8/R2k4/6n1/8/r7 b - - 0 1
1,1,0,0,0,0,0,1,-1,1,0,1,1,1,0,0,0,0,0,16,0,0,4,3,3,5,7,0,4,24,15,0,0,0,0,0,0,0,0,7,1,1,0,0,0,0,4,1,0,1,KRBKRNvK,DRAW,5kr1/8/3n4/6B1/3K4/8/8/3R4 w - - 0 1
1,1,0,0,0,0,0,1,-1,1,0,1,1,1,0,0,0,0,0,16,0,0,4,2,7,0,3,4,3,22,24,0,0,0,0,0,0,0,0,7,1,1,0,0,0,0,2,3,0,0,KRBKRNvK,DRAW,B1K5/8/8/8/kr6/3n4/6R1/8 w - - 0 1
0,1,0,0,0,0,0,1,-1,1,0,1,1,1,0,0,0,0,0,16,0,0,5,0,6,2,1,5,3,4,0,1,0,0,0,0,0,0,0,7,1,1,0,0,0,0,1,2,1,1,KRBKRNvK,DRAW,8/K7/1n6/8/3rB3/8/2k3R1/8 b - - 0 1
1,1,0,0,0,0,0,1,-1,1,0,1,1,1,0,0,0,0,0,16,0,0,7,7,1,0,0,5,6,23,20,0,0,0,0,0,0,0,0,7,1,1,0,0,0,0,0,0,0,0,KRBKRNvK,DRAW,5R2/8/8/8/8/2r5/1n5K/k4B2 w - - 0 1
1,1,0,0,0,0,0,1,-1,1,0,1,1,1,0,0,0,0,0,16,0,0,3,3,5,4,2,1,1,22,23,0,0,0,0,0,0,0,0,7,1,1,0,0,0,0,2,4,0,1,KRBKRNvK,DRAW,8/5B2/3K1R2/1r6/n7/4k3/8/8 w - - 0 1
1,1,0,0,0,0,0,1,-1,1,0,1,1,1,0,0,0,0,0,16,0,0,6,4,0,6,6,3,4,21,25,0,0,0,0,0,0,0,0,7,1,1,0,0,0,0,2,0,0,0,KRBKRNvK,DRAW,8/6k1/2r5/8/1R6/B7/n7/4K3 w - - 0 1
0,1,0,0,0,0,0,1,-1,1,0,1,1,1,0,0,0,0,0,16,0,0,2,7,6,6,4,5,2,20,24,0,0,0,0,0,0,0,0,7,1,1,0,0,0,0,2,2,0,1,KRBKRNvK,DRAW,8/B6K/8/n4rk1/8/3R4/8/8 b - - 0 1
1,1,0,0,0,0,0,1,-1,1,0,1,1,1,0,0,0,0,0,16,0,0,2,4,3,2,1,0,3,24,20,0,0,0,0,0,0,0,0,7,1,1,1,0,0,0,4,2,0,0,KRBKRNvK,DRAW,n7/4R3/5B2/8/4K3/8/2k5/3r4 w - - 0 1
0,1,0,0,0,0,0,1,-1,1,0,1,1,1,0,0,0,0,0,16,0,0,4,6,4,6,0,2,5,18,23,0,0,0,0,0,0,0,0,7,1,1,0,0,0,0,0,1,1,0,KRBKRNvK,DRAW,8/8/8/6K1/8/2Rn4/4B3/3r2k1 b - - 0 1
0,1,0,0,0,0,0,1,-1,1,0,1,1,1,0,0,0,0,0,16,0,0,6,3,7,7,1,3,5,16,25,0,0,0,0,0,0,0,0,7,1,1,0,1,0,0,0,0,1,0,KRBKRNvK,DRAW,3K4/8/8/8/7B/8/6rk/R6n b - - 0 1
1,1,0,0,0,0,0,1,-1,1,0,1,1,1,0,0,0,0,0,16,0,0,3,3,0,4,3,3,0,25,25,0,0,0,0,0,0,0,0,7,1,1,1,0,0,0,1,3,1,0,KRBKRNvK,DRAW,1r6/5R2/8/8/2n1k3/8/5B2/3K4 w - - 0 1
1,1,0,0,0,0,0,1,-1,1,0,1,1,1,0,0,0,0,0,16,0,0,6,6,6,0,0,4,6,23,19,0,0,0,0,0,0,0,0,7,1,1,1,1,0,0,2,0,0,0,KRBKRNvK,DRAW,8/B2R2K1/8/8/8/8/7r/kn6 w - - 0 1
0,1,0,0,0,0,0,1,-1,1,0,1,1,1,0,0,0,0,0,16,0,0,5,5,3,0,3,1,3,19,27,0,0,0,0,0,0,0,0,7,1,1,0,0,0,0,4,2,1,0,KRBKRNvK,DRAW,8/r7/2n5/8/k4K2/B2R4/8/8 b - - 0 1
1,1,0,0,0,0,0,1,-1,1,0,1,1,1,0,0,0,0,0,16,0,0,2,3,1,3,3,2,0,5,0,1,0,0,0,0,0,0,0,7,1,1,0,0,0,0,2,3,0,1,KRBKRNvK,DRAW,4R3/8/1r6/8/B1nk4/8/3K4/8 w - - 0 1
0,1,0,0,0,0,0,1,-1,1,0,1,1,1,0,0,0,0,0,16,0,0,4,1,4,5,4,2,1,27,21,0,0,0,0,0,0,0,0,7,1,1,0,0,0,0,2,2,1,0,KRBKRNvK,DRAW,6r1/8/8/1K2nk2/8/4R3/7B/8 b - - 0 1
1,1,0,0,0,0,0,1,-1,1,0,1,1,1,0,0,0,0,0,16,0,0,5,0,5,5,0,4,4,4,0,1,0,0,0,0,0,0,0,7,1,1,0,0,0,0,2,1,1,1,KRBKRNvK,DRAW,8/8/K1B5/2n5/8/8/6R1/5kr1 w - - 0 1
1,1,0,0,0,0,0,1,-1,1,0,1,1,1,0,0,0,0,0,16,0,0,5,4,7,4,2,3,1,2,0,1,0,0,0,0,0,0,0,7,1,1,0,0,0,0,1,3,0,1,KRBKRNvK,DRAW,4K3/4r3/2B5/3n4/8/4k3/8/7R w - - 0 1
1,1,0,0,0,0,0,1,-1,1,0,1,1,1,0,0,0,0,0,16,0,0,3,6,1,3,0,4,3,7,0,1,0,0,0,0,0,0,0,7,1,1,0,0,0,0,2,1,0,0,KRBKRNvK,DRAW,8/8/B5r1/1n6/5R2/8/6K1/3k4 w - - 0 1
1,1,0,0,0,0,0,1,-1,1,0,1,1,1,0,0,0,0,0,16,0,0,5,2,2,7,6,2,5,27,26,0,0,0,0,0,0,0,0,7,1,1,0,0,0,0,2,2,0,1,KRBKRNvK,DRAW,8/7k/8/1B2n3/6r1/2K5/8/3R4 w - - 0 1
1,1,0,0,0,0,0,1,-1,1,0,1,1,1,0,0,0,0,0,16,0,0,4,1,3,3,7,2,3,6,0,1,0,0,0,0,0,0,0,7,1,1,0,0,0,0,1,2,0,1,KRBKRNvK,DRAW,3k4/2r5/2n5/8/1K6/1R6/5B2/8 w - - 0 1
1,1,0,0,0,0,0,1,-1,1,0,1,1,1,0,0,0,0,0,16,0,0,4,6,2,6,6,3,4,29,27,0,0,0,0,0,0,0,0,7,1,1,0,0,0,0,2,1,0,0,KRBKRNvK,DRAW,8/3n2k1/1r6/2R5/8/6K1/8/3B4 w - - 0 1
1,1,0,0,0,0,0,1,-1,1,0,1,1,1,0,0,0,0,0,16,0,0,3,5,3,2,3,1,1,29,20,0,0,0,0,0,0,0,0,7,1,1,0,1,0,0,4,2,1,1,KRBKRNvK,DRAW,2n5/8/3R4/7B/2k2K2/8/7r/8 w - - 0 1
0,1,0,0,0,0,0,1,-1,1,0,1,1,1,0,0,0,0,0,16,0,0,3,5,5,2,2,2,2,24,27,0,0,0,0,0,0,0,0,7,1,1,0,1,0,0,3,3,0,0,KRBKRNvK,DRAW,8/8/5K2/8/8/2k2B2/3r1n2/5R2 b - - 0 1
1,1,0,0,0,0,0,1,-1,1,0,1,1,1,0,0,0,0,0,16,0,0,6,0,6,6,3,5,2,23,26,0,0,0,0,0,0,0,0,7,1,1,0,1,0,0,2,1,1,0,KRBKRNvK,DRAW,8/K7/6n1/8/6k1/8/1r5B/4R3 w - - 0 1
0,1,0,0,0,0,0,1,-1,1,0,1,1,1,0,0,0,0,0,16,0,0,3,3,4,0,3,0,3,17,29,0,0,0,0,0,0,0,0,7,1,1,0,0,0,0,3,1,0,0,KRBKRNvK,DRAW,8/8/7R/3K4/k7/r5n1/5B2/8 b - - 0 1
1,1,0,0,0,0,0,1,-1,1,0,1,1,1,0,0,0,0,0,16,0,0,7,7,6,0,5,5,4,18,22,0,0,0,0,0,0,0,0,7,1,1,0,0,0,0,0,0,0,0,KRBKRNvK,DRAW,8/7K/k1r5/8/8/n7/5R2/6B1 w - - 0 1
1,1,0,0,0,0,0,1,-1,1,0,1,1,1,0,0,0,0,0,16,0,0,2,5,3,5,1,1,3,3,0,1,0,0,0,0,0,0,0,7,1,1,0,0,0,0,3,0,0,1,KRBKRNvK,DRAW,8/6B1/8/8/5K1r/1R6/5k2/5n2 w - - 0 1
1,1,0,0,0,0,0,1,-1,1,0,1,1,1,0,0,0,0,0,16,0,0,4,1,7,4,3,5,0,25,25,0,0,0,0,0,0,0,0,7,1,1,0,0,0,0,0,3,1,1,KRBKRNvK,DRAW,1K1n4/8/8/7B/4k3/8/2R5/5r2 w - - 0 1
0,1,0,0,0,0,0,1,-1,1,0,1,1,1,0,0,0,0,0,16,0,0,6,3,7,7,1,3,5,15,21,0,0,0,0,0,0,0,0,7,1,1,0,0,0,0,2,0,0,0,KRBKRNvK,DRAW,3K4/7r/8/B5R1/8/8/7k/7n b - - 0 1
1,1,0,0,0,0,0,1,-1,1,0,1,1,1,0,0,0,0,0,16,0,0,5,0,0,5,1,6,3,24,20,0,0,0,0,0,0,0,0,7,1,1,0,0,0,0,0,2,1,0,KRBKRNvK,DRAW,7n/8/2R5/8/5r2/8/5k2/K2B4 w - - 0 1
0,1,0,0,0,0,0,1,-1,1,0,1,1,1,0,0,0,0,0,16,0,0,3,5,2,6,5,2,3,30,18,0,0,0,0,0,0,0,0,7,1,1,0,0,0,0,2,2,0,0,KRBKRNvK,DRAW,8/4r3/6k1/2n5/2R5/5K2/6B1/8 b - - 0 1
0,1,0,0,0,0,0,1,-1,1,0,1,1,1,0,0,0,0,0,16,0,0,5,5,2,3,7,2,3,20,28,0,0,0,0,0,0,0,0,7,1,1,0,0,0,0,2,0,0,1,KRBKRNvK,DRAW,3k4/7r/8/8/3B4/5K1n/8/7R b - - 0 1
0,1,0,0,0,0,0,1,-1,1,0,1,1,1,0,0,0,0,0,16,0,0,5,2,0,7,3,4,3,23,21,0,0,0,0,0,0,0,0,7,1,1,0,1,0,0,3,2,0,1,KRBKRNvK,DRAW,2nR4/8/8/8/7k/3B4/4r3/2K5 b - - 0 1
0,1,0,0,0,0,0,1,-1,1,0,1,1,1,0,0,0,0,0,16,0,0,5,1,5,6,1,3,4,28,30,0,0,0,0,0,0,0,0,7,1,1,0,0,0,0,3,2,0,0,KRBKRNvK,DRAW,4r3/8/1K1R4/5B2/6n1/8/6k1/8 b - - 0 1
1,1,0,0,0,0,0,1,-1,1,0,1,1,1,0,0,0,0,0,16,0,0,2,0,3,1,5,3,3,2,0,1,0,0,0,0,0,0,0,7,1,1,0,0,0,0,3,0,1,0,KRBKRNvK,DRAW,8/8/1k1B4/4R3/K7/8/8/r1n5 w - - 0 1
0,1,0,0,0,0,0,1,-1,1,0,1,1,1,0,0,0,0,0,16,0,0,4,0,7,4,6,6,2,26,20,0,0,0,0,0,0,0,0,7,1,1,0,0,0,0,2,2,0,0,KRBKRNvK,DRAW,K7/4k3/8/4n3/4r3/8/8/B5R1 b - - 0 1
0,1,0,0,0,0,0,1,-1,1,0,1,1,1,0,0,0,0,0,16,0,0,2,2,0,3,2,4,1,3,0,1,0,0,0,0,0,0,0,7,1,1,0,0,0,0,4,4,1,1,KRBKRNvK,DRAW,8/6B1/8/r7/3R4/3k4/8/2Kn4 b - - 0 1
0,1,0,0,0,0,0,1,-1,1,0,1,1,1,0,0,0,0,0,16,0,0,5,6,1,2,6,4,3,21,22,0,0,0,0,0,0,0,0,7,1,1,0,0,0,0,1,1,0,0,KRBKRNvK,DRAW,8/r1k5/8/6n1/8/4B3/6KR/8 b - - 0 1
1,1,0,0,0,0,0,1,-1,1,0,1,1,1,0,0,0,0,0,16,0,0,2,5,1,3,2,3,1,19,17,0,0,0,0,0,0,0,0,7,1,1,1,0,0,0,0,2,0,0,KRBKRNvK,DRAW,8/6R1/8/1n6/8/1r1k4/5K2/6B1 w - - 0 1
0,1,0,0,0,0,0,1,-1,1,0,1,1,1,0,0,0,0,0,16,0,0,4,2,3,0,7,1,6,22,21,0,0,0,0,0,0,0,0,7,1,1,0,0,0,0,3,2,0,0,KRBKRNvK,DRAW,k2r4/4n3/8/2R5/2K5/8/8/B7 b - - 0 1
0,1,0,0,0,0,0,1,-1,1,0,1,1,1,0,0,0,0,0,16,0,0,3,3,4,6,7,0,5,3,0,1,0,0,0,0,0,0,0,7,1,1,0,0,0,0,3,1,0,1,KRBKRNvK,DRAW,3R2k1/8/3n4/3K4/8/8/8/1B4r1 b - - 0 1
0,1,0,0,0,0,0,1,-1,1,0,1,1,1,0,0,0,0,0,16,0,0,3,1,6,4,3,4,0,18,30,0,0,0,0,0,0,0,0,7,1,1,0,0,0,0,0,4,0,0,KRBKRNvK,DRAW,R7/1K6/8/8/1B2kr2/8/8/n7 b - - 0 1
0,1,0,0,0,0,0,1,-1,1,0,1,1,1,0,0,0,0,0,16,0,0,7,0,4,7,7,3,6,17,23,0,0,0,0,0,0,0,0,7,1,1,1,0,0,0,2,1,0,0,KRBKRNvK,DRAW,7k/3R4/6n1/K7/B7/8/8/6r1 b - - 0 1
1,1,0,0,0,0,0,1,-1,1,0,1,1,1,0,0,0,0,0,16,0,0,7,0,0,7,4,6,3,22,21,0,0,0,0,0,0,0,0,7,1,1,0,1,0,0,0,0,2,1,KRBKRNvK,DRAW,6n1/8/8/7k/7B/5R2/2r5/K7 w - - 0 1
0,1,0,0,0,0,0,1,-1,1,0,1,1,1,0,0,0,0,0,16,0,0,6,1,1,1,7,4,5,25,22,0,0,0,0,0,0,0,0,7,1,1,0,0,0,0,0,3,0,1,KRBKRNvK,DRAW,1k1r4/8/8/8/8/2n5/1K5R/2B5 b - - 0 1
1,1,0,0,0,0,0,1,-1,1,0,1,1,1,0,0,0,0,0,16,0,0,6,7,4,1,6,3,4,23,19,0,0,0,0,0,0,0,0,7,1,1,0,0,0,0,2,1,1,0,KRBKRNvK,DRAW,8/rk2B3/4n3/2R4K/8/8/8/8 w - - 0 1
0,1,0,0,0,0,0,1,-1,1,0,1,1,1,0,0,0,0,0,16,0,0,2,4,4,4,6,0,2,22,27,0,0,0,0,0,0,0,0,7,1,1,0,0,0,0,3,0,0,1,KRBKRNvK,DRAW,8/4k3/8/4K3/2R5/6r1/5B2/1n6 b - - 0 1
0,1,0,0,0,0,0,1,-1,1,0,1,1,1,0,0,0,0,0,16,0,0,4,4,3,0,7,0,6,23,29,0,0,0,0,0,0,0,0,7,1,1,0,0,0,0,3,1,1,1,KRBKRNvK,DRAW,k7/6r1/1B2n3/8/4K3/8/8/3R4 b - - 0 1
1,1,0,0,0,0,0,1,-1,1,0,1,1,1,0,0,0,0,0,16,0,0,5,5,7,0,5,4,4,4,0,1,0,0,0,0,0,0,0,7,1,1,0,0,0,0,0,3,0,1,KRBKRNvK,DRAW,3B1K2/8/k5n1/8/3r4/8/8/5R2 w - - 0 1
1,1,0,0,0,0,0,1,-1,1,0,1,1,1,0,0,0,0,0,16,0,0,6,3,1,4,7,2,3,30,18,0,0,0,0,0,0,0,0,7,1,1,1,0,0,0,2,2,0,1,KRBKRNvK,DRAW,4k3/R7/8/7n/2r5/2B5/3K4/8 w - - 0 1
1,1,0,0,0,0,0,1,-1,1,0,1,1,1,0,0,0,0,0,16,0,0,4,0,3,0,7,3,6,23,18,0,0,0,0,0,0,0,0,7,1,1,0,0,0,0,0,2,0,0,KRBKRNvK,DRAW,k7/8/8/5r2/K7/1R6/8/4B1n1 w - - 0 1
0,1,0,0,0,0,0,1,-1,1,0,1,1,1,0,0,0,0,0,16,0,0,4,6,6,2,4,4,1,23,26,0,0,0,0,0,0,0,0,7,1,1,1,0,0,0,3,2,1,1,KRBKRNvK,DRAW,8/3R2K1/5B1n/2k5/8/r7/8/8 b - - 0 1
0,1,0,0,0,0,0,1,-1,1,0,1,1,1,0,0,0,0,0,16,0,0,4,6,5,7,1,3,5,4,0,1,0,0,0,0,0,0,0,7,1,1,0,0,0,0,0,0,0,0,KRBKRNvK,DRAW,r7/8/6K1/8/8/B7/1R5k/7n b - - 0 1
0,1,0,0,0,0,0,1,-1,1,0,1,1,1,0,0,0,0,0,16,0,0,4,2,3,3,7,1,3,13,33,0,0,0,0,0,0,0,0,7,1,1,1,0,0,0,3,0,2,0,KRBKRNvK,DRAW,3k2r1/5R2/2B5/8/2K5/8/8/7n b - - 0 1
0,1,0,0,0,0,0,1,-1,1,0,1,1,1,0,0,0,0,0,16,0,0,6,7,6,6,0,5,5,20,29,0,0,0,0,0,0,0,0,7,1,1,1,1,0,0,1,0,0,0,KRBKRNvK,DRAW,8/1R5K/3B4/8/8/8/5r2/3n2k1 b - - 0 1
0,1,0,0,0,0,0,1,-1,1,0,1,1,1,0,0,0,0,0,16,0,0,3,3,6,0,6,2,5,23,16,0,0,0,0,0,0,0,0,7,1,1,1,0,0,0,0,3,1,1,KRBKRNvK,DRAW,8/k2KR3/4n3/1B6/8/4r3/8/8 b - - 0 1
0,1,0,0,0,0,0,1,-1,1,0,1,1,1,0,0,0,0,0,16,0,0,4,4,7,5,3,3,1,25,22,0,0,0,0,0,0,0,0,7,1,1,1,0,0,0,2,2,0,0,KRBKRNvK,DRAW,4K3/3R4/8/8/5k2/2r5/1B6/2n5 b - - 0 1
1,1,0,0,0,0,0,1,-1,1,0,1,1,1,0,0,0,0,0,16,0,0,3,3,3,6,5,0,3,7,0,1,0,0,0,0,0,0,0,7,1,1,0,0,0,0,3,1,0,0,KRBKRNvK,DRAW,8/8/6k1/8/r2K4/8/3B1R2/7n w - - 0 1
1,1,0,0,0,0,0,1,-1,1,0,1,1,1,0,0,0,0,0,16,0,0,5,4,0,6,5,3,3,5,0,1,0,0,0,0,0,0,0,7,1,1,1,0,0,0,0,2,2,1,KRBKRNvK,DRAW,8/5R2/6kB/6r1/8/8/6n1/4K3 w - - 0 1
0,1,0,0,0,0,0,1,-1,1,0,1,1,1,0,0,0,0,0,16,0,0,3,3,4,3,7,0,3,19,27,0,0,0,0,0,0,0,0,7,1,1,1,0,0,0,3,0,0,1,KRBKRNvK,DRAW,3k4/R7/2r4n/3K4/8/8/4B3/8 b - - 0 1
0,1,0,0,0,0,0,1,-1,1,0,1,1,1,0,0,0,0,0,16,0,0,4,2,6,6,3,3,2,22,24,0,0,0,0,0,0,0,0,7,1,1,1,0,0,0,2,0,0,0,KRBKRNvK,DRAW,8/2K4R/2B5/8/6kn/5r2/8/8 b - - 0 1
1,1,0,0,0,0,0,1,-1,1,0,1,1,1,0,0,0,0,0,16,0,0,3,4,3,5,6,0,3,6,0,1,0,0,0,0,0,0,0,7,1,1,0,0,0,0,3,2,0,0,KRBKRNvK,DRAW,4rn2/5k2/8/8/4KB2/2R5/8/8 w - - 0 1
0,1,0,0,0,0,0,1,-1,1,0,1,1,1,0,0,0,0,0,16,0,0,3,3,2,0,4,1,3,3,0,1,0,0,0,0,0,0,0,7,1,1,0,0,0,0,2,3,1,2,KRBKRNvK,DRAW,8/8/8/k3B3/1r6/R2K1n2/8/8 b - - 0 1
1,1,0,0,0,0,0,1,-1,1,0,1,1,1,0,0,0,0,0,16,0,0,4,3,5,1,1,1,4,27,15,0,0,0,0,0,0,0,0,7,1,1,0,0,0,0,4,0,1,1,KRBKRNvK,DRAW,5n2/8/3K4/8/R7/7B/1k6/1r6 w - - 0 1
1,1,0,0,0,0,0,1,-1,1,0,1,1,1,0,0,0,0,0,16,0,0,4,4,1,0,1,2,5,24,18,0,0,0,0,0,0,0,0,7,1,1,1,0,0,0,1,2,0,0,KRBKRNvK,DRAW,8/1RB5/8/8/r7/7n/k3K3/8 w - - 0 1
0,1,0,0,0,0,0,1,-1,1,0,1,1,1,0,0,0,0,0,16,0,0,2,4,0,5,2,3,2,3,0,1,0,0,0,0,0,0,0,7,1,1,0,0,0,0,1,1,0,0,KRBKRNvK,DRAW,4n3/8/1r2B3/8/8/2R2k2/8/4K3 b - - 0 1
0,1,0,0,0,0,0,1,-1,1,0,1,1,1,0,0,0,0,0,16,0,0,2,5,1,6,3,3,2,22,25,0,0,0,0,0,0,0,0,7,1,1,0,0,0,0,0,3,0,2,KRBKRNvK,DRAW,8/8/R7/1B6/4r1k1/4n3/5K2/8 b - - 0 1
0,1,0,0,0,0,0,1,-1,1,0,1,1,1,0,0,0,0,0,16,0,0,4,0,6,4,2,5,1,28,23,0,0,0,0,0,0,0,0,7,1,1,1,0,0,0,0,4,0,0,KRBKRNvK,DRAW,8/K5R1/B2n4/7r/8/4k3/8/8 b - - 0 1
1,1,0,0,0,0,0,1,-1,1,0,1,1,1,0,0,0,0,0,16,0,0,4,3,7,4,3,3,0,27,18,0,0,0,0,0,0,0,0,7,1,1,0,0,0,0,3,4,2,0,KRBKRNvK,DRAW,3K4/8/8/2R5/4k3/1rB5/5n2/8 w - - 0 1
1,1,0,0,0,0,0,1,-1,1,0,1,1,1,0,0,0,0,0,16,0,0,6,7,1,1,3,5,2,23,20,0,0,0,0,0,0,0,0,7,1,1,0,0,0,0,3,2,1,0,KRBKRNvK,DRAW,6n1/8/8/2R5/1k6/3r4/5B1K/8 w - - 0 1
1,1,0,0,0,0,0,1,-1,1,0,1,1,1,0,0,0,0,0,16,0,0,3,4,4,7,5,0,4,22,21,0,0,0,0,0,0,0,0,7,1,1,0,0,0,0,4,0,1,0,KRBKRNvK,DRAW,5n2/r7/3R1B1k/4K3/8/8/8/8 w - - 0 1
1,1,0,0,0,0,0,1,-1,1,0,1,1,1,0,0,0,0,0,16,0,0,2,6,5,4,6,3,2,13,25,0,0,0,0,0,0,0,0,7,1,1,0,0,0,0,0,3,0,0,KRBKRNvK,DRAW,7R/4k2B/6K1/8/2r5/3n4/8/8 w - - 0 1
1,1,0,0,0,0,0,1,-1,1,0,1,1,1,0,0,0,0,0,16,0,0,4,1,1,4,5,4,1,6,0,1,0,0,0,0,0,0,0,7,1,1,0,1,0,0,2,3,2,0,KRBKRNvK,LOSS,8/4B3/4k2n/8/6R1/8/1K2r3/8 w - - 0 1
1,1,0,0,0,0,0,1,-1,1,0,1,1,1,0,0,0,0,0,16,0,0,5,1,6,6,1,4,4,25,24,0,0,0,0,0,0,0,0,7,1,1,0,0,0,0,1,1,1,1,KRBKRNvK,DRAW,6B1/1K6/8/1n6/8/5R2/6k1/r7 w - - 0 1
0,1,0,0,0,0,0,1,-1,1,0,1,1,1,0,0,0,0,0,16,0,0,4,3,3,1,7,0,5,20,26,0,0,0,0,0,0,0,0,7,1,1,0,0,0,0,4,0,1,0,KRBKRNvK,DRAW,1k6/8/1B6/n7/3K4/8/2R5/5r2 b - - 0 1
1,1,0,0,0,0,0,1,-1,1,0,1,1,1,0,0,0,0,0,16,0,0,5,1,2,6,4,3,2,9,0,1,0,0,0,0,0,0,0,7,1,1,0,0,0,0,1,0,1,1,KRBKRNvK,DRAW,8/8/8/6k1/4B3/1K5r/8/1n3R2 w - - 0 1
0,1,0,0,0,0,0,1,-1,1,0,1,1,1,0,0,0,0,0,16,0,0,2,4,4,3,2,0,1,6,0,1,0,0,0,0,0,0,0,7,1,1,0,0,0,0,3,3,1,1,KRBKRNvK,LOSS,8/7B/8/4K3/3r1R2/3k4/8/n7 b - - 0 1
0,1,0,0,0,0,0,1,-1,1,0,1,1,1,0,0,0,0,0,16,0,0,3,3,4,0,5,0,4,20,25,0,0,0,0,0,0,0,0,7,1,1,0,0,0,0,3,2,0,0,KRBKRNvK,DRAW,8/8/k7/3K4/5R1B/8/8/2n1r3 b - - 0 1
1,1,0,0,0,0,0,1,-1,1,0,1,1,1,0,0,0,0,0,16,0,0,6,1,4,7,6,2,5,28,22,0,0,0,0,0,0,0,0,7,1,1,0,0,0,0,3,2,1,0,KRBKRNvK,DRAW,3r4/7k/4n3/1K4R1/8/8/1B6/8 w - - 0 1
0,1,0,0,0,0,0,1,-1,1,0,1,1,1,0,0,0,0,0,16,0,0,5,1,2,5,7,3,4,21,28,0,0,0,0,0,0,0,0,7,1,1,1,0,0,0,0,3,0,0,KRBKRNvK,DRAW,5k2/R7/1n6/1B6/4r3/1K6/8/8 b - - 0 1
1,1,0,0,0,0,0,1,-1,1,0,1,1,1,0,0,0,0,0,16,0,0,6,6,7,0,5,5,4,24,20,0,0,0,0,0,0,0,0,7,1,1,0,0,0,0,1,2,0,0,KRBKRNvK,DRAW,6K1/8/k7/4r3/8/8/n7/5RB1 w - - 0 1
0,1,0,0,0,0,0,1,-1,1,0,1,1,1,0,0,0,0,0,16,0,0,7,7,7,3,0,6,3,3,0,1,0,0,0,0,0,0,0,7,1,1,0,0,0,0,3,2,1,0,KRBKRNvK,DRAW,7K/8/n7/8/8/3R2B1/8/3kr3 b - - 0 1
0,1,0,0,0,0,0,1,-1,1,0,1,1,1,0,0,0,0,0,16,0,0,2,1,3,3,2,2,1,19,24,0,0,0,0,0,0,0,0,7,1,1,0,0,0,0,0,3,0,0,KRBKRNvK,DRAW,3B4/4n3/8/8/1K6/3k3r/R7/8 b - - 0 1
1,1,0,0,0,0,0,1,-1,1,0,1,1,1,0,0,0,0,0,16,0,0,4,5,7,7,3,4,3,22,22,0,0,0,0,0,0,0,0,7,1,1,0,0,0,0,0,2,0,0,KRBKRNvK,DRAW,5K2/8/8/6r1/B6k/8/2R5/5n2 w - - 0 1
0,1,0,0,0,0,0,1,-1,1,0,1,1,1,0,0,0,0,0,16,0,0,4,4,1,7,5,2,4,4,0,1,0,0,0,0,0,0,0,7,1,1,0,0,0,0,2,2,0,0,KRBKRNvK,DRAW,8/8/4R2k/8/nr6/6B1/4K3/8 b - - 0 1
1,1,0,0,0,0,0,1,-1,1,0,1,1,1,0,0,0,0,0,16,0,0,4,2,4,3,0,1,3,7,0,1,0,0,0,0,0,0,0,7,1,1,0,0,0,0,2,0,1,1,KRBKRNvK,DRAW,8/1n6/5R2/2K5/8/4B3/8/3k2r1 w - - 0 1
0,1,0,0,0,0,0,1,-1,1,0,1,1,1,0,0,0,0,0,16,0,0,3,2,1,5,1,3,3,20,28,0,0,0,0,0,0,0,0,7,1,1,0,0,0,0,2,2,1,0,KRBKRNvK,DRAW,n2r4/6B1/8/8/8/7R/2K2k2/8 b - - 0 1
1,1,0,0,0,0,0,1,-1,1,0,1,1,1,0,0,0,0,0,16,0,0,3,5,7,3,4,4,0,25,19,0,0,0,0,0,0,0,0,7,1,1,0,0,0,0,1,3,1,0,KRBKRNvK,DRAW,1B3K2/8/1R6/3k4/7r/7n/8/8 w - - 0 1
0,1,0,0,0,0,0,1,-1,1,0,1,1,1,0,0,0,0,0,16,0,0,5,1,5,1,0,3,5,3,0,1,0,0,0,0,0,0,0,7,1,1,0,0,0,0,0,2,0,2,KRBKRNvK,DRAW,3r4/n7/1K6/8/B7/8/8/1k4R1 b - - 0 1
1,1,0,0,0,0,0,1,-1,1,0,1,1,1,0,0,0,0,0,16,0,0,7,0,7,7,7,6,6,28,17,0,0,0,0,0,0,0,0,7,1,1,1,1,0,0,1,2,1,0,KRBKRNvK,DRAW,K6k/6R1/3B4/8/7n/8/3r4/8 w - - 0 1
0,1,0,0,0,0,0,1,-1,1,0,1,1,1,0,0,0,0,0,16,0,0,5,5,2,0,7,2,6,23,27,0,0,0,0,0,0,0,0,7,1,1,1,0,0,0,1,0,0,2,KRBKRNvK,DRAW,k7/7R/8/3n1B2/8/5K2/8/6r1 b - - 0 1
1,1,0,0,0,0,0,1,-1,1,0,1,1,1,0,0,0,0,0,16,0,0,4,3,5,7,6,1,5,28,22,0,0,0,0,0,0,0,0,7,1,1,0,0,0,0,3,0,0,0,KRBKRNvK,DRAW,B7/6nk/3K4/8/8/2R5/8/r7 w - - 0 1
0,1,0,0,0,0,0,1,-1,1,0,1,1,1,0,0,0,0,0,16,0,0,6,3,1,2,7,2,4,18,27,0,0,0,0,0,0,0,0,7,1,1,0,0,0,0,1,0,1,1,KRBKRNvK,DRAW,2k3n1/8/1R6/8/5B2/8/3K4/2r5 b - - 0 1
0,1,0,0,0,0,0,1,-1,1,0,1,1,1,0,0,0,0,0,16,0,0,3,3,3,4,6,0,2,21,23,0,0,0,0,0,0,0,0,7,1,1,0,0,0,0,4,0,1,0,KRBKRNvK,DRAW,r7/4k3/8/4B3/2RK4/8/n7/8 b - - 0 1
0,1,0,0,0,0,0,1,-1,1,0,1,1,1,0,0,0,0,0,16,0,0,4,6,7,6,3,5,2,23,25,0,0,0,0,0,0,0,0,7,1,1,0,1,0,0,2,1,0,0,KRBKRNvK,DRAW,6K1/8/3R4/8/1B3nk1/8/6r1/8 b - - 0 1
0,1,0,0,0,0,0,1,-1,1,0,1,1,1,0,0,0,0,0,16,0,0,6,0,1,6,2,5,3,6,0,1,0,0,0,0,0,0,0,7,1,1,0,0,0,0,2,0,0,0,KRBKRNvK,DRAW,4R3/2B5/8/8/8/5rk1/K7/7n b - - 0 1
1,1,0,0,0,0,0,1,-1,1,0,1,1,1,0,0,0,0,0,16,0,0,4,3,2,7,1,1,5,28,20,0,0,0,0,0,0,0,0,7,1,1,0,0,0,0,3,0,0,0,KRBKRNvK,DRAW,8/7r/8/n7/3BR3/3K4/7k/8 w - - 0 1
0,1,0,0,0,0,0,1,-1,1,0,1,1,1,0,0,0,0,0,16,0,0,2,7,7,6,5,6,3,21,19,0,0,0,0,0,0,0,0,7,1,1,1,1,0,0,0,1,0,0,KRBKRNvK,DRAW,7K/2RB4/6k1/8/8/3n4/3r4/8 b - - 0 1
1,1,0,0,0,0,0,1,-1,1,0,1,1,1,0,0,0,0,0,16,0,0,5,0,0,3,5,6,1,21,19,0,0,0,0,0,0,0,0,7,1,1,1,1,0,0,1,3,0,1,KRBKRNvK,DRAW,8/R7/3k4/8/8/8/2rn1B2/K7 w - - 0 1
1,1,0,0,0,0,0,1,-1,1,0,1,1,1,0,0,0,0,0,16,0,0,5,7,2,2,7,4,4,26,20,0,0,0,0,0,0,0,0,7,1,1,0,0,0,0,0,1,0,0,KRBKRNvK,DRAW,2k5/3n4/6R1/8/8/7K/8/r2B4 w - - 0 1
0,1,0,0,0,0,0,1,-1,1,0,1,1,1,0,0,0,0,0,16,0,0,3,3,2,6,3,1,2,21,27,0,0,0,0,0,0,0,0,7,1,1,0,0,0,0,3,2,0,1,KRBKRNvK,DRAW,8/8/3B4/8/nr4k1/3K4/2R5/8 b - - 0 1
0,1,0,0,0,0,0,1,-1,1,0,1,1,1,0,0,0,0,0,16,0,0,4,6,4,3,0,2,3,19,29,0,0,0,0,0,0,0,0,7,1,1,0,1,0,0,3,2,0,0,KRBKRNvK,DRAW,8/n7/8/6K1/2R5/8/4r3/B2k4 b - - 0 1
1,1,0,0,0,0,0,1,-1,1,0,1,1,1,0,0,0,0,0,16,0,0,4,3,2,7,4,1,3,28,23,0,0,0,0,0,0,0,0,7,1,1,1,0,0,0,3,0,0,1,KRBKRNvK,DRAW,8/3R4/1r6/3B3k/8/3K4/8/5n2 w - - 0 1
1,1,0,0,0,0,0,1,-1,1,0,1,1,1,0,0,0,0,0,16,0,0,3,6,2,3,5,3,1,28,18,0,0,0,0,0,0,0,0,7,1,1,0,0,0,0,2,2,0,0,KRBKRNvK,DRAW,6nB/8/2rk4/8/8/6K1/5R2/8 w - - 0 1
0,1,0,0,0,0,0,1,-1,1,0,1,1,1,0,0,0,0,0,16,0,0,4,3,7,4,3,3,0,27,26,0,0,0,0,0,0,0,0,7,1,1,0,0,0,0,2,3,1,0,KRBKRNvK,WIN,3K2R1/8/8/8/4k3/2B2n2/8/1r6 b - - 0 1
1,1,0,0,0,0,0,1,-1,1,0,1,1,1,0,0,0,0,0,16,0,0,7,4,7,2,0,3,4,29,24,0,0,0,0,0,0,0,0,7,1,1,0,0,0,0,3,3,1,0,KRBKRNvK,DRAW,4K3/8/4R3/8/6r1/2Bn4/8/2k5 w - - 0 1
0,1,0,0,0,0,0,1,-1,1,0,1,1,1,0,0,0,0,0,16,0,0,7,0,1,7,7,5,6,3,0,1,0,0,0,0,0,0,0,7,1,1,0,0,0,0,1,2,0,0,KRBKRNvK,DRAW,R6k/n7/8/8/3r4/8/K7/1B6 b - - 0 1
1,1,0,0,0,0,0,1,-1,1,0,1,1,1,0,0,0,0,0,16,0,0,4,4,1,0,3,2,3,26,27,0,0,0,0,0,0,0,0,7,1,1,1,0,0,0,2,2,0,0,KRBKRNvK,DRAW,7B/5R2/2n5/8/k7/8/4K3/1r6 w - - 0 1
1,1,0,0,0,0,0,1,-1,1,0,1,1,1,0,0,0,0,0,16,0,0,5,5,0,0,0,4,6,4,0,1,0,0,0,0,0,0,0,7,1,1,1,0,0,0,0,3,0,0,KRBKRNvK,DRAW,8/3B3R/8/8/5rn1/8/8/k4K2 w - - 0 1
1,1,0,0,0,0,0,1,-1,1,0,1,1,1,0,0,0,0,0,16,0,0,2,4,4,2,4,0,1,3,0,1,0,0,0,0,0,0,0,7,1,1,0,0,0,0,3,3,0,0,KRBKRNvK,DRAW,4r3/8/8/2k1K3/6R1/8/B5n1/8 w - - 0 1
1,1,0,0,0,0,0,1,-1,1,0,1,1,1,0,0,0,0,0,16,0,0,2,4,4,4,6,0,2,2,0,1,0,0,0,0,0,0,0,7,1,1,0,0,0,0,3,2,0,1,KRBKRNvK,DRAW,8/4k3/2n5/B3K2r/8/8/3R4/8 w - - 0 1
0,1,0,0,0,0,0,1,-1,1,0,1,1,1,0,0,0,0,0,16,0,0,3,5,4,6,7,1,5,20,23,0,0,0,0,0,0,0,0,7,1,1,0,0,0,0,3,0,0,0,KRBKRNvK,DRAW,6k1/3B4/8/3R1K2/8/8/8/r6n b - - 0 1
0,1,0,0,0,0,0,1,-1,1,0,1,1,1,0,0,0,0,0,16,0,0,2,2,2,3,0,2,3,15,21,0,0,0,0,0,0,0,0,7,1,1,0,0,0,0,4,1,0,0,KRBKRNvK,DRAW,8/1rn3B1/8/4R3/8/2K5/8/3k4 b - - 0 1
1,1,0,0,0,0,0,1,-1,1,0,1,1,1,0,0,0,0,0,16,0,0,4,6,1,2,0,4,4,26,21,0,0,0,0,0,0,0,0,7,1,1,0,0,0,0,2,1,0,0,KRBKRNvK,DRAW,8/5n1B/7r/4R3/8/8/6K1/2k5 w - - 0 1
0,1,0,0,0,0,0,1,-1,1,0,1,1,1,0,0,0,0,0,16,0,0,4,7,5,3,7,4,3,2,0,1,0,0,0,0,0,0,0,7,1,1,0,0,0,0,3,1,1,0,KRBKRNvK,LOSS,3k4/2n5/5B1K/8/8/8/4R3/r7 b - - 0 1
1,1,0,0,0,0,0,1,-1,1,0,1,1,1,0,0,0,0,0,16,0,0,3,3,2,6,2,1,3,4,0,1,0,0,0,0,0,0,0,7,1,1,1,0,0,0,3,2,0,2,KRBKRNvK,DRAW,8/3R4/8/1B6/1r6/3K2k1/8/4n3 w - - 0 1
1,1,0,0,0,0,0,1,-1,1,0,1,1,1,0,0,0,0,0,16,0,0,5,1,6,1,1,4,4,31,22,0,0,0,0,0,0,0,0,7,1,1,0,0,0,0,2,0,0,0,KRBKRNvK,DRAW,8/1K3B2/3R4/8/8/5r1n/1k6/8 w - - 0 1
0,1,0,0,0,0,0,1,-1,1,0,1,1,1,0,0,0,0,0,16,0,0,2,3,1,4,3,2,0,4,0,1,0,0,0,0,0,0,0,7,1,1,0,0,0,0,1,4,1,2,KRBKRNvK,DRAW,8/8/8/8/1r2k3/8/R2Kn1B1/8 b - - 0 1
1,1,0,0,0,0,0,1,-1,1,0,1,1,1,0,0,0,0,0,16,0,0,6,4,6,3,0,2,3,20,21,0,0,0,0,0,0,0,0,7,1,1,0,0,0,0,2,1,2,1,KRBKRNvK,DRAW,8/2n1K3/8/8/8/1r6/4R3/3k1B2 w - - 0 1
1,1,0,0,0,0,0,1,-1,1,0,1,1,1,0,0,0,0,0,16,0,0,2,3,6,5,6,2,3,3,0,1,0,0,0,0,0,0,0,7,1,1,0,0,0,0,2,2,0,2,KRBKRNvK,DRAW,8/3K1k2/1r3n2/8/3R4/B7/8/8 w - - 0 1
1,1,0,0,0,0,0,1,-1,1,0,1,1,1,0,0,0,0,0,16,0,0,6,4,0,7,6,3,5,3,0,1,0,0,0,0,0,0,0,7,1,1,0,0,0,0,1,1,0,2,KRBKRNvK,DRAW,1R6/7k/8/3B4/8/4n3/8/2r1K3 w - - 0 1
1,1,0,0,0,0,0,1,-1,1,0,1,1,1,0,0,0,0,0,16,0,0,5,7,5,2,2,4,2,26,22,0,0,0,0,0,0,0,0,7,1,1,0,1,0,0,3,1,0,0,KRBKRNvK,DRAW,Bn6/8/7K/8/6R1/2k5/r7/8 w - - 0 1
1,1,0,0,0,0,0,1,-1,1,0,1,1,1,0,0,0,0,0,16,0,0,2,7,3,5,2,3,2,24,20,0,0,0,0,0,0,0,0,7,1,1,0,0,0,0,2,1,1,0,KRBKRNvK,DRAW,8/8/8/2n5/7K/5k2/1B4R1/1r6 w - - 0 1
0,1,0,0,0,0,0,1,-1,1,0,1,1,1,0,0,0,0,0,16,0,0,4,1,6,4,2,4,1,5,0,1,0,0,0,0,0,0,0,7,1,1,0,0,0,0,1,2,1,1,KRBKRNvK,LOSS,2r5/1K6/3B4/8/8/4k1R1/6n1/8 b - - 0 1
1,1,0,0,0,0,0,1,-1,1,0,1,1,1,0,0,0,0,0,16,0,0,5,1,2,6,4,3,2,6,0,1,0,0,0,0,0,0,0,7,1,1,0,0,0,0,0,2,0,1,KRBKRNvK,DRAW,7R/8/8/1r4k1/8/BK6/8/5n2 w - - 0 1
1,1,0,0,0,0,0,1,-1,1,0,1,1,1,0,0,0,0,0,16,0,0,5,1,5,1,0,3,5,29,24,0,0,0,0,0,0,0,0,7,1,1,0,0,0,0,2,0,0,1,KRBKRNvK,DRAW,5r2/3B4/1K6/8/3n4/8/4R3/1k6 w - - 0 1
1,1,0,0,0,0,0,1,-1,1,0,1,1,1,0,0,0,0,0,16,0,0,3,4,5,1,4,1,2,35,23,0,0,0,0,0,0,0,0,7,1,1,0,0,0,0,3,0,0,0,KRBKRNvK,DRAW,8/n7/4K3/1k6/4B3/8/3R4/6r1 w - - 0 1
0,1,0,0,0,0,0,1,-1,1,0,1,1,1,0,0,0,0,0,16,0,0,5,2,5,6,0,2,5,23,28,0,0,0,0,0,0,0,0,7,1,1,0,0,0,0,3,0,0,0,KRBKRNvK,DRAW,5r2/8/2K5/3R2B1/8/8/8/3n2k1 b - - 0 1
0,1,0,0,0,0,0,1,-1,1,0,1,1,1,0,0,0,0,0,16,0,0,5,1,7,6,7,5,5,4,0,1,0,0,0,0,0,0,0,7,1,1,0,0,0,0,1,3,1,0,KRBKRNvK,LOSS,1K4k1/8/4B3/8/8/R2r1n2/8/8 b - - 0 1
1,1,0,0,0,0,0,1,-1,1,0,1,1,1,0,0,0,0,0,16,0,0,6,7,5,1,7,4,5,6,0,1,0,0,0,0,0,0,0,7,1,1,0,0,0,0,3,0,1,0,KRBKRNvK,DRAW,Bk6/8/r6K/8/8/3R4/8/7n w - - 0 1
0,1,0,0,0,0,0,1,-1,1,0,1,1,1,0,0,0,0,0,16,0,0,6,6,1,0,5,4,4,5,0,1,0,0,0,0,0,0,0,7,1,1,0,0,0,0,0,2,1,1,KRBKRNvK,DRAW,8/8/k1n5/8/1B6/7r/R5K1/8 b - - 0 1
0,1,0,0,0,0,0,1,-1,1,0,1,1,1,0,0,0,0,0,16,0,0,3,5,3,7,6,1,5,18,22,0,0,0,0,0,0,0,0,7,1,1,1,0,0,0,2,2,0,1,KRBKRNvK,DRAW,2B5/2R3nk/8/8/5K2/4r3/8/8 b - - 0 1
0,1,0,0,0,0,0,1,-1,1,0,1,1,1,0,0,0,0,0,16,0,0,2,6,7,4,5,5,1,5,0,1,0,0,0,0,0,0,0,7,1,1,0,0,0,0,2,3,2,0,KRBKRNvK,DRAW,6K1/8/r3k3/6R1/2B5/2n5/8/8 b - - 0 1
1,1,0,0,0,0,0,1,-1,1,0,1,1,1,0,0,0,0,0,16,0,0,4,4,3,0,7,0,6,26,16,0,0,0,0,0,0,0,0,7,1,1,0,0,0,0,3,2,2,0,KRBKRNvK,DRAW,k7/B7/2R5/r7/4K3/8/8/n7 w - - 0 1
0,1,0,0,0,0,0,1,-1,1,0,1,1,1,0,0,0,0,0,16,0,0,2,2,2,0,4,2,3,3,0,1,0,0,0,0,0,0,0,7,1,1,1,0,0,0,3,1,1,1,KRBKRNvK,DRAW,B7/R7/7r/k7/8/1nK5/8/8 b - - 0 1
1,1,0,0,0,0,0,1,-1,1,0,1,1,1,0,0,0,0,0,16,0,0,6,1,1,4,7,4,3,7,0,1,0,0,0,0,0,0,0,7,1,1,0,0,0,0,2,3,0,1,KRBKRNvK,DRAW,4k3/8/3r4/2R5/3B4/3n4/1K6/8 w - - 0 1
1,1,0,0,0,0,0,1,-1,1,0,1,1,1,0,0,0,0,0,16,0,0,4,4,3,0,7,0,6,28,12,0,0,0,0,0,0,0,0,7,1,1,1,0,0,0,3,1,0,0,KRBKRNvK,DRAW,k7/6R1/8/1n6/4K3/8/8/1rB5 w - - 0 1
1,1,0,0,0,0,0,1,-1,1,0,1,1,1,0,0,0,0,0,16,0,0,4,1,7,5,5,5,2,19,24,0,0,0,0,0,0,0,0,7,1,1,0,0,0,0,1,2,1,0,KRBKRNvK,DRAW,1K4R1/7r/5k2/8/8/6B1/2n5/8 w - - 0 1
0,1,0,0,0,0,0,1,-1,1,0,1,1,1,0,0,0,0,0,16,0,0,3,3,6,1,3,2,2,22,34,0,0,0,0,0,0,0,0,7,1,1,0,1,0,0,1,0,0,0,KRBKRNvK,DRAW,8/3K4/8/n7/1k2B3/6R1/5r2/8 b - - 0 1
1,1,0,0,0,0,0,1,-1,1,0,1,1,1,0,0,0,0,0,16,0,0,4,3,3,4,7,0,3,4,0,1,0,0,0,0,0,0,0,7,1,1,0,0,0,0,3,2,0,2,KRBKRNvK,DRAW,4k3/8/2n5/8/3K4/Br6/R7/8 w - - 0 1
0,1,0,0,0,0,0,1,-1,1,0,1,1,1,0,0,0,0,0,16,0,0,2,0,3,0,1,3,5,3,0,1,0,0,0,0,0,0,0,7,1,1,0,0,0,0,1,0,0,1,KRBKRNvK,DRAW,8/B7/n4r2/8/K7/8/k6R/8 b - - 0 1
1,1,0,0,0,0,0,1,-1,1,0,1,1,1,0,0,0,0,0,16,0,0,2,2,3,0,4,1,3,3,0,1,0,0,0,0,0,0,0,7,1,1,0,0,0,0,4,2,0,1,KRBKRNvK,DRAW,2r5/8/8/k7/2K5/2n1R3/2B5/8 w - - 0 1
1,1,0,0,0,0,0,1,-1,1,0,1,1,1,0,0,0,0,0,16,0,0,3,6,3,7,0,2,6,24,20,0,0,0,0,0,0,0,0,7,1,1,0,0,0,0,2,1,0,0,KRBKRNvK,DRAW,8/8/1n6/8/3R2K1/Br6/8/7k w - - 0 1
1,1,0,0,0,0,0,1,-1,1,0,1,1,1,0,0,0,0,0,16,0,0,3,5,7,2,4,4,1,26,22,0,0,0,0,0,0,0,0,7,1,1,1,0,0,0,0,3,1,0,KRBKRNvK,DRAW,5K2/5R2/8/1Bk5/8/6n1/8/2r5 w - - 0 1
0,1,0,0,0,0,0,1,-1,1,0,1,1,1,0,0,0,0,0,16,0,0,6,1,7,7,2,5,4,20,26,0,0,0,0,0,0,0,0,7,1,1,0,0,0,0,2,0,0,0,KRBKRNvK,DRAW,1K6/8/3R4/8/8/1B5k/8/r6n b - - 0 1
0,1,0,0,0,0,0,1,-1,1,0,1,1,1,0,0,0,0,0,16,0,0,4,5,5,1,5,2,3,26,22,0,0,0,0,0,0,0,0,7,1,1,0,0,0,0,3,2,0,1,KRBKRNvK,DRAW,8/3r4/1k3K2/8/7R/7n/1B6/8 b - - 0 1
1,1,0,0,0,0,0,1,-1,1,0,1,1,1,0,0,0,0,0,16,0,0,6,6,6,1,0,4,5,7,0,1,0,0,0,0,0,0,0,7,1,1,0,1,0,0,2,0,0,0,KRBKRNvK,DRAW,3n4/6K1/8/7R/8/8/6r1/1k2B3 w - - 0 1
1,1,0,0,0,0,0,1,-1,1,0,1,1,1,0,0,0,0,0,16,0,0,3,4,4,2,1,0,3,5,0,1,0,0,0,0,0,0,0,7,1,1,1,0,0,0,4,2,0,2,KRBKRNvK,DRAW,8/4R3/2B5/4K3/2n5/4r3/2k5/8 w - - 0 1
1,1,0,0,0,0,0,1,-1,1,0,1,1,1,0,0,0,0,0,16,0,0,2,0,4,2,2,3,2,24,27,0,0,0,0,0,0,0,0,7,1,1,0,0,0,0,3,2,0,1,KRBKRNvK,DRAW,8/1B6/6r1/K1n5/5R2/2k5/8/8 w - - 0 1
0,1,0,0,0,0,0,1,-1,1,0,1,1,1,0,0,0,0,0,16,0,0,4,2,6,3,2,3,1,23,29,0,0,0,0,0,0,0,0,7,1,1,0,0,0,0,1,2,1,0,KRBKRNvK,DRAW,7r/2K5/8/2B5/8/3k4/n7/6R1 b - - 0 1
0,1,0,0,0,0,0,1,-1,1,0,1,1,1,0,0,0,0,0,16,0,0,6,1,5,7,3,3,3,20,26,0,0,0,0,0,0,0,0,7,1,1,0,0,0,0,0,1,0,1,KRBKRNvK,DRAW,7r/8/1K6/1n6/7k/8/2R5/5B2 b - - 0 1
1,1,0,0,0,0,0,1,-1,1,0,1,1,1,0,0,0,0,0,16,0,0,7,7,7,4,0,6,3,19,24,0,0,0,0,0,0,0,0,7,1,1,0,0,0,0,0,2,0,0,KRBKRNvK,DRAW,6RK/8/3r4/6B1/8/1n6/8/4k3 w - - 0 1
0,1,0,0,0,0,0,1,-1,1,0,1,1,1,0,0,0,0,0,16,0,0,4,6,4,2,0,2,4,19,24,0,0,0,0,0,0,0,0,7,1,1,0,0,0,0,0,0,0,0,KRBKRNvK,DRAW,4B3/8/2r5/6K1/8/n7/7R/2k5 b - - 0 1
1,1,0,0,0,0,0,1,-1,1,0,1,1,1,0,0,0,0,0,16,0,0,3,2,3,2,0,1,4,21,20,0,0,0,0,0,0,0,0,7,1,1,0,0,0,0,3,2,0,0,KRBKRNvK,DRAW,4n3/8/8/2RB2r1/2K5/8/8/2k5 w - - 0 1
0,1,0,0,0,0,0,1,-1,1,0,1,1,1,0,0,0,0,0,16,0,0,6,2,1,0,7,3,6,20,28,0,0,0,0,0,0,0,0,7,1,1,0,0,0,0,0,1,0,0,KRBKRNvK,DRAW,k7/2r5/8/1Bn5/8/8/2K5/5R2 b - - 0 1
0,1,0,0,0,0,0,1,-1,1,0,1,1,1,0,0,0,0,0,16,0,0,2,0,7,0,5,6,4,19,28,0,0,0,0,0,0,0,0,7,1,1,1,1,0,0,1,0,1,0,KRBKRNvK,DRAW,K7/1R6/k6n/8/3B4/8/6r1/8 b - - 0 1
0,1,0,0,0,0,0,1,-1,1,0,1,1,1,0,0,0,0,0,16,0,0,4,0,4,0,0,3,6,25,22,0,0,0,0,0,0,0,0,7,1,1,0,0,0,0,0,2,0,0,KRBKRNvK,DRAW,5B2/8/7R/K2n4/4r3/8/8/k7 b - - 0 1
0,1,0,0,0,0,0,1,-1,1,0,1,1,1,0,0,0,0,0,16,0,0,6,3,7,7,1,3,5,1,0,1,0,0,0,0,0,0,0,7,1,1,0,1,0,0,2,1,1,0,KRBKRNvK,DRAW,3K4/8/8/7R/5Bn1/8/6rk/8 b - - 0 1
1,1,0,0,0,0,0,1,-1,1,0,1,1,1,0,0,0,0,0,16,0,0,3,5,3,2,1,1,3,5,0,1,0,0,0,0,0,0,0,7,1,1,0,0,0,0,3,1,0,1,KRBKRNvK,DRAW,8/3n1B2/5R2/8/5K1r/8/2k5/8 w - - 0 1
1,1,0,0,0,0,0,1,-1,1,0,1,1,1,0,0,0,0,0,16,0,0,2,1,4,3,5,2,1,4,0,1,0,0,0,0,0,0,0,7,1,1,0,0,0,0,3,2,0,1,KRBKRNvK,DRAW,8/8/3k4/1Kr4n/8/5B2/8/4R3 w - - 0 1
0,1,0,0,0,0,0,1,-1,1,0,1,1,1,0,0,0,0,0,16,0,0,6,7,5,1,3,4,2,8,0,1,0,0,0,0,0,0,0,7,1,1,0,0,0,0,0,2,0,0,KRBKRNvK,DRAW,1R6/8/7K/3r2B1/1k1n4/8/8/8 b - - 0 1
1,1,0,0,0,0,0,1,-1,1,0,1,1,1,0,0,0,0,0,16,0,0,3,5,4,2,5,1,2,26,19,0,0,0,0,0,0,0,0,7,1,1,0,0,0,0,3,1,2,0,KRBKRNvK,DRAW,1B6/8/1nk5/3R1K2/8/1r6/8/8 w - - 0 1
1,1,0,0,0,0,0,1,-1,1,0,1,1,1,0,0,0,0,0,16,0,0,5,5,0,0,1,4,5,4,0,1,0,0,0,0,0,0,0,7,1,1,0,0,0,0,2,1,0,1,KRBKRNvK,DRAW,8/1r6/5BR1/8/8/4n3/k7/5K2 w - - 0 1
0,1,0,0,0,0,0,1,-1,1,0,1,1,1,0,0,0,0,0,16,0,0,4,4,4,1,0,0,5,25,21,0,0,0,0,0,0,0,0,7,1,1,0,0,0,0,3,2,0,1,KRBKRNvK,DRAW,8/B7/5R2/4K3/5n2/8/8/1k1r4 b - - 0 1
0,1,0,0,0,0,0,1,-1,1,0,1,1,1,0,0,0,0,0,16,0,0,5,0,5,3,0,4,3,3,0,1,0,0,0,0,0,0,0,7,1,1,0,1,0,0,0,1,1,1,KRBKRNvK,DRAW,8/8/Kn6/8/6B1/8/1r3R2/3k4 b - - 0 1
1,1,0,0,0,0,0,1,-1,1,0,1,1,1,0,0,0,0,0,16,0,0,5,2,4,7,7,1,6,7,0,1,0,0,0,0,0,0,0,7,1,1,0,0,0,0,3,0,0,1,KRBKRNvK,DRAW,7k/8/8/2K5/3R4/2r5/6n1/5B2 w - - 0 1
1,1,0,0,0,0,0,1,-1,1,0,1,1,1,0,0,0,0,0,16,0,0,4,7,4,5,0,3,4,3,0,1,0,0,0,0,0,0,0,7,1,1,0,0,0,0,3,2,0,1,KRBKRNvK,DRAW,8/8/1B3n2/6RK/8/8/8/5kr1 w - - 0 1
0,1,0,0,0,0,0,1,-1,1,0,1,1,1,0,0,0,0,0,16,0,0,5,5,5,3,0,2,3,5,0,1,0,0,0,0,0,0,0,7,1,1,0,1,0,0,3,0,1,0,KRBKRNvK,DRAW,1R6/1n6/5K2/8/8/5B2/7r/3k4 b - - 0 1
0,1,0,0,0,0,0,1,-1,1,0,1,1,1,0,0,0,0,0,16,0,0,3,1,7,4,6,5,2,4,0,1,0,0,0,0,0,0,0,7,1,1,0,0,0,0,2,1,2,0,KRBKRNvK,DRAW,1K6/4k3/2R2B2/2n5/8/6r1/8/8 b - - 0 1
1,1,0,0,0,0,0,1,-1,1,0,1,1,1,0,0,0,0,0,16,0,0,3,0,7,1,4,6,2,24,23,0,0,0,0,0,0,0,0,7,1,1,0,0,0,0,3,2,0,0,KRBKRNvK,DRAW,K7/8/8/1k6/6R1/7n/B7/3r4 w - - 0 1
1,1,0,0,0,0,0,1,-1,1,0,1,1,1,0,0,0,0,0,16,0,0,2,7,3,5,3,3,1,27,17,0,0,0,0,0,0,0,0,7,1,1,0,0,0,0,2,2,1,0,KRBKRNvK,DRAW,8/n7/8/8/5k1K/r4B2/1R6/8 w - - 0 1
0,1,0,0,0,0,0,1,-1,1,0,1,1,1,0,0,0,0,0,16,0,0,3,3,1,2,4,2,1,27,18,0,0,0,0,0,0,0,0,7,1,1,0,0,0,0,0,3,1,0,KRBKRNvK,WIN,8/8/3n4/B1k5/7r/8/R2K4/8 b - - 0 1
0,1,0,0,0,0,0,1,-1,1,0,1,1,1,0,0,0,0,0,16,0,0,3,3,1,0,1,2,5,22,20,0,0,0,0,0,0,0,0,7,1,1,0,0,0,0,1,0,0,1,KRBKRNvK,WIN,8/6n1/8/8/8/1r6/k2K2RB/8 b - - 0 1
1,1,0,0,0,0,0,1,-1,1,0,1,1,1,0,0,0,0,0,16,0,0,4,2,2,2,6,2,3,17,29,0,0,0,0,0,0,0,0,7,1,1,0,0,0,0,1,2,0,1,KRBKRNvK,DRAW,8/2k5/8/1r6/5n1B/2K4R/8/8 w - - 0 1
0,1,0,0,0,0,0,1,-1,1,0,1,1,1,0,0,0,0,0,16,0,0,3,0,6,2,3,5,1,21,29,0,0,0,0,0,0,0,0,7,1,1,0,0,0,0,1,2,1,0,KRBKRNvK,DRAW,8/K7/5R2/4B3/2k5/8/8/3r2n1 b - - 0 1
0,1,0,0,0,0,0,1,-1,1,0,1,1,1,0,0,0,0,0,16,0,0,6,7,6,1,4,5,2,25,23,0,0,0,0,0,0,0,0,7,1,1,0,0,0,0,2,2,0,1,KRBKRNvK,DRAW,3r4/7K/7n/1k6/8/8/8/5R1B b - - 0 1
0,1,0,0,0,0,0,1,-1,1,0,1,1,1,0,0,0,0,0,16,0,0,6,3,0,1,6,3,4,25,20,0,0,0,0,0,0,0,0,7,1,1,0,0,0,0,2,3,0,0,KRBKRNvK,DRAW,8/1k3n2/8/8/2r5/8/1B6/R2K4 b - - 0 1
0,1,0,0,0,0,0,1,-1,1,0,1,1,1,0,0,0,0,0,16,0,0,3,4,3,7,1,0,5,2,0,1,0,0,0,0,0,0,0,7,1,1,0,1,0,0,3,2,0,1,KRBKRNvK,DRAW,2n5/8/8/4B3/4K3/8/3r3k/1R6 b - - 0 1
1,1,0,0,0,0,0,1,-1,1,0,1,1,1,0,0,0,0,0,16,0,0,2,3,0,1,1,3,4,25,19,0,0,0,0,0,0,0,0,7,1,1,1,0,0,0,1,2,0,0,KRBKRNvK,DRAW,8/R7/8/1r6/1n6/8/1k3B2/3K4 w - - 0 1
1,1,0,0,0,0,0,1,-1,1,0,1,1,1,0,0,0,0,0,16,0,0,5,4,6,5,1,2,3,17,24,0,0,0,0,0,0,0,0,7,1,1,0,0,0,0,0,2,0,1,KRBKRNvK,DRAW,4R3/4K3/8/3r2Bn/8/8/5k2/8 w - - 0 1
1,1,0,0,0,0,0,1,-1,1,0,1,1,1,0,0,0,0,0,16,0,0,4,0,4,4,6,3,2,24,25,0,0,0,0,0,0,0,0,7,1,1,0,1,0,0,2,0,1,0,KRBKRNvK,DRAW,1n6/4k3/8/K5R1/8/8/7r/5B2 w - - 0 1
1,1,0,0,0,0,0,1,-1,1,0,1,1,1,0,0,0,0,0,16,0,0,3,3,3,0,1,0,5,29,12,0,0,0,0,0,0,0,0,7,1,1,0,0,0,0,3,0,0,1,KRBKRNvK,DRAW,8/8/8/8/3K4/7R/kn1B4/r7 w - - 0 1
0,1,0,0,0,0,0,1,-1,1,0,1,1,1,0,0,0,0,0,16,0,0,2,7,3,7,1,3,5,19,24,0,0,0,0,0,0,0,0,7,1,1,0,0,0,0,3,1,1,0,KRBKRNvK,DRAW,4R3/1r3n2/8/8/7K/8/5B1k/8 b - - 0 1
1,1,0,0,0,0,0,1,-1,1,0,1,1,1,0,0,0,0,0,16,0,0,2,1,4,3,2,2,1,5,0,1,0,0,0,0,0,0,0,7,1,1,0,0,0,0,0,2,0,0,KRBKRNvK,DRAW,8/8/7R/BK4n1/8/3k4/8/1r6 w - - 0 1
0,1,0,0,0,0,0,1,-1,1,0,1,1,1,0,0,0,0,0,16,0,0,3,2,7,5,6,4,3,24,26,0,0,0,0,0,0,0,0,7,1,1,0,0,0,0,0,2,0,1,KRBKRNvK,DRAW,2K5/5k2/n7/5r2/8/1R6/3B4/8 b - - 0 1
1,1,0,0,0,0,0,1,-1,1,0,1,1,1,0,0,0,0,0,16,0,0,3,4,4,7,4,0,3,7,0,1,0,0,0,0,0,0,0,7,1,1,0,1,0,0,3,2,0,0,KRBKRNvK,DRAW,8/8/8/2B1K2k/8/8/4r3/3R3n w - - 0 1
0,1,0,0,0,0,0,1,-1,1,0,1,1,1,0,0,0,0,0,16,0,0,2,5,5,5,7,2,4,17,18,0,0,0,0,0,0,0,0,7,1,1,0,0,0,0,1,2,1,0,KRBKRNvK,DRAW,5k2/8/5K1R/8/8/8/7B/1n1r4 b - - 0 1
1,1,0,0,0,0,0,1,-1,1,0,1,1,1,0,0,0,0,0,16,0,0,6,1,1,1,7,4,5,7,0,1,0,0,0,0,0,0,0,7,1,1,0,0,0,0,0,3,0,1,KRBKRNvK,DRAW,1k6/8/8/8/2n2r1B/R7/1K6/8 w - - 0 1
1,1,0,0,0,0,0,1,-1,1,0,1,1,1,0,0,0,0,0,16,0,0,7,5,0,0,7,4,6,25,19,0,0,0,0,0,0,0,0,7,1,1,0,0,0,0,1,0,0,0,KRBKRNvK,DRAW,k7/8/7n/8/8/r7/2R4B/5K2 w - - 0 1
1,1,0,0,0,0,0,1,-1,1,0,1,1,1,0,0,0,0,0,16,0,0,3,4,0,7,3,3,3,2,0,1,0,0,0,0,0,0,0,7,1,1,1,0,0,0,1,0,0,0,KRBKRNvK,DRAW,8/6R1/8/8/4n2k/8/B7/4K2r w - - 0 1
1,1,0,0,0,0,0,1,-1,1,0,1,1,1,0,0,0,0,0,16,0,0,3,4,3,1,4,0,2,23,22,0,0,0,0,0,0,0,0,7,1,1,0,0,0,0,4,0,0,0,KRBKRNvK,DRAW,7r/8/8/1k6/4K3/8/2R5/6nB w - - 0 1
0,1,0,0,0,0,0,1,-1,1,0,1,1,1,0,0,0,0,0,16,0,0,5,0,1,5,5,5,2,19,21,0,0,0,0,0,0,0,0,7,1,1,0,0,0,0,3,1,1,0,KRBKRNvK,DRAW,8/8/n1r2k2/8/4R3/8/K7/7B b - - 0 1
0,1,0,0,0,0,0,1,-1,1,0,1,1,1,0,0,0,0,0,16,0,0,3,4,3,4,0,0,3,20,27,0,0,0,0,0,0,0,0,7,1,1,1,0,0,0,3,0,1,0,KRBKRNvK,DRAW,6r1/5R2/8/8/4K2n/8/8/2B1k3 b - - 0 1
1,1,0,0,0,0,0,1,-1,1,0,1,1,1,0,0,0,0,0,16,0,0,7,1,7,0,0,5,6,5,0,1,0,0,0,0,0,0,0,7,1,1,0,0,0,0,2,1,0,0,KRBKRNvK,DRAW,1K6/B7/8/8/7R/8/2n5/kr6 w - - 0 1
0,1,0,0,0,0,0,1,-1,1,0,1,1,1,0,0,0,0,0,16,0,0,5,0,0,0,5,6,4,21,20,0,0,0,0,0,0,0,0,7,1,1,0,0,0,0,0,0,0,0,KRBKRNvK,DRAW,8/5r2/k6n/8/8/8/3B3R/K7 b - - 0 1
1,1,0,0,0,0,0,1,-1,1,0,1,1,1,0,0,0,0,0,16,0,0,6,0,6,6,7,5,5,25,19,0,0,0,0,0,0,0,0,7,1,1,0,0,0,0,2,0,0,0,KRBKRNvK,DRAW,2B3kr/K7/8/3n4/8/8/8/4R3 w - - 0 1
0,1,0,0,0,0,0,1,-1,1,0,1,1,1,0,0,0,0,0,16,0,0,4,6,1,2,0,4,4,20,24,0,0,0,0,0,0,0,0,7,1,1,0,0,0,0,0,2,0,0,KRBKRNvK,DRAW,4B2R/8/8/2r5/8/8/6K1/1nk5 b - - 0 1
0,1,0,0,0,0,0,1,-1,1,0,1,1,1,0,0,0,0,0,16,0,0,3,4,3,7,5,0,4,19,29,0,0,0,0,0,0,0,0,7,1,1,0,1,0,0,3,0,1,1,KRBKRNvK,DRAW,8/5B2/7k/8/4K3/1R6/6r1/7n b - - 0 1
1,1,0,0,0,0,0,1,-1,1,0,1,1,1,0,0,0,0,0,16,0,0,2,0,5,2,5,4,2,22,16,0,0,0,0,0,0,0,0,7,1,1,1,0,0,0,2,2,1,0,KRBKRNvK,DRAW,8/3R4/K1k5/6r1/6Bn/8/8/8 w - - 0 1
1,1,0,0,0,0,0,1,-1,1,0,1,1,1,0,0,0,0,0,16,0,0,7,1,7,2,0,5,4,26,12,0,0,0,0,0,0,0,0,7,1,1,0,0,0,0,3,0,0,0,KRBKRNvK,DRAW,1K6/8/8/8/6R1/8/6B1/2k1n1r1 w - - 0 1
0,1,0,0,0,0,0,1,-1,1,0,1,1,1,0,0,0,0,0,16,0,0,4,2,4,6,3,1,2,6,0,1,0,0,0,0,0,0,0,7,1,1,0,0,0,0,3,2,2,1,KRBKRNvK,DRAW,8/2n5/5R2/2K2B2/6k1/8/8/3r4 b - - 0 1
1,1,0,0,0,0,0,1,-1,1,0,1,1,1,0,0,0,0,0,16,0,0,6,1,6,7,5,4,4,26,16,0,0,0,0,0,0,0,0,7,1,1,0,0,0,0,3,2,0,0,KRBKRNvK,DRAW,8/1KB5/7k/4R3/7r/8/8/n7 w - - 0 1
0,1,0,0,0,0,0,1,-1,1,0,1,1,1,0,0,0,0,0,16,0,0,3,2,0,2,3,4,1,6,0,1,0,0,0,0,0,0,0,7,1,1,0,0,0,0,2,2,0,0,KRBKRNvK,DRAW,5n2/8/8/8/2k2R1B/7r/8/2K5 b - - 0 1
1,1,0,0,0,0,0,1,-1,1,0,1,1,1,0,0,0,0,0,16,0,0,4,4,3,6,7,0,5,20,25,0,0,0,0,0,0,0,0,7,1,1,0,0,0,0,4,3,0,2,KRBKRNvK,DRAW,3B2k1/8/3r4/8/1R2K1n1/8/8/8 w - - 0 1
1,1,0,0,0,0,0,1,-1,1,0,1,1,1,0,0,0,0,0,16,0,0,4,1,3,3,7,2,3,25,25,0,0,0,0,0,0,0,0,7,1,1,0,0,0,0,1,0,1,1,KRBKRNvK,DRAW,3k4/5r2/3B3R/8/1K1n4/8/8/8 w - - 0 1
0,1,0,0,0,0,0,1,-1,1,0,1,1,1,0,0,0,0,0,16,0,0,4,7,1,5,5,5,2,6,0,1,0,0,0,0,0,0,0,7,1,1,0,0,0,0,1,1,1,0,KRBKRNvK,DRAW,8/3n4/5kr1/8/3B4/8/7K/1R6 b - - 0 1
1,1,0,0,0,0,0,1,-1,1,0,1,1,1,0,0,0,0,0,16,0,0,6,1,6,7,7,4,6,28,19,0,0,0,0,0,0,0,0,7,1,1,0,1,0,0,2,0,0,0,KRBKRNvK,DRAW,7k/1K6/8/3R4/8/6B1/r5n1/8 w - - 0 1
0,1,0,0,0,0,0,1,-1,1,0,1,1,1,0,0,0,0,0,16,0,0,2,1,5,3,3,3,0,27,24,0,0,0,0,0,0,0,0,7,1,1,0,0,0,0,0,3,1,2,KRBKRNvK,DRAW,2r5/8/1K1n3B/8/3k4/8/5R2/8 b - - 0 1
1,1,0,0,0,0,0,1,-1,1,0,1,1,1,0,0,0,0,0,16,0,0,6,0,0,6,5,6,3,22,26,0,0,0,0,0,0,0,0,7,1,1,0,1,0,0,0,2,1,0,KRBKRNvK,DRAW,8/8/6k1/8/2n4B/5R2/4r3/K7 w - - 0 1
0,1,0,0,0,0,0,1,-1,1,0,1,1,1,0,0,0,0,0,16,0,0,4,5,5,2,1,2,3,26,25,0,0,0,0,0,0,0,0,7,1,1,1,0,0,0,1,2,0,2,KRBKRNvK,DRAW,3n4/R7/3B1K2/4r3/8/8/2k5/8 b - - 0 1
0,1,0,0,0,0,0,1,-1,1,0,1,1,1,0,0,0,0,0,16,0,0,3,3,0,0,2,3,4,5,0,1,0,0,0,0,0,0,0,7,1,1,1,1,0,0,0,3,1,1,KRBKRNvK,LOSS,8/5R2/4n3/8/8/k7/4r3/2BK4 b - - 0 1
0,1,0,0,0,0,0,1,-1,1,0,1,1,1,0,0,0,0,0,16,0,0,3,6,5,3,6,3,2,18,31,0,0,0,0,0,0,0,0,7,1,1,0,0,0,0,1,2,1,0,KRBKRNvK,DRAW,7R/3k4/6K1/4B3/3r4/8/8/6n1 b - - 0 1
0,1,0,0,0,0,0,1,-1,1,0,1,1,1,0,0,0,0,0,16,0,0,4,6,0,4,4,5,0,17,25,0,0,0,0,0,0,0,0,7,1,1,0,0,0,0,0,4,1,0,KRBKRNvK,DRAW,4r3/8/2R4B/4k3/n7/8/8/6K1 b - - 0 1
1,1,0,0,0,0,0,1,-1,1,0,1,1,1,0,0,0,0,0,16,0,0,4,6,6,2,3,4,1,26,19,0,0,0,0,0,0,0,0,7,1,1,1,0,0,0,2,3,1,0,KRBKRNvK,DRAW,8/3R2K1/8/8/1Bk5/5n1r/8/8 w - - 0 1
1,1,0,0,0,0,0,1,-1,1,0,1,1,1,0,0,0,0,0,16,0,0,6,7,0,1,3,6,2,25,16,0,0,0,0,0,0,0,0,7,1,1,1,0,0,0,0,2,0,1,KRBKRNvK,DRAW,8/2R5/8/6B1/1k4r1/8/6n1/7K w - - 0 1
0,1,0,0,0,0,0,1,-1,1,0,1,1,1,0,0,0,0,0,16,0,0,6,0,1,0,7,5,6,19,32,0,0,0,0,0,0,0,0,7,1,1,0,0,0,0,2,1,0,0,KRBKRNvK,DRAW,k7/8/1n4r1/4B3/7R/8/K7/8 b - - 0 1
1,1,0,0,0,0,0,1,-1,1,0,1,1,1,0,0,0,0,0,16,0,0,5,5,1,0,3,3,3,7,0,1,0,0,0,0,0,0,0,7,1,1,0,0,0,0,2,1,0,1,KRBKRNvK,LOSS,7B/8/3r4/3R4/k7/7n/5K2/8 w - - 0 1
0,1,0,0,0,0,0,1,-1,1,0,1,1,1,0,0,0,0,0,16,0,0,4,3,0,0,4,3,3,18,27,0,0,0,0,0,0,0,0,7,1,1,0,0,0,0,3,1,1,0,KRBKRNvK,DRAW,7r/6B1/8/knR5/8/8/8/3K4 b - - 0 1
0,1,0,0,0,0,0,1,-1,1,0,1,1,1,0,0,0,0,0,16,0,0,5,7,6,2,7,5,4,19,23,0,0,0,0,0,0,0,0,7,1,1,0,0,0,0,1,2,0,0,KRBKRNvK,DRAW,2kr4/7K/8/8/8/8/B4R2/4n3 b - - 0 1
1,1,0,0,0,0,0,1,-1,1,0,1,1,1,0,0,0,0,0,16,0,0,7,0,0,7,2,6,4,17,21,0,0,0,0,0,0,0,0,7,1,1,0,0,0,0,1,0,0,1,KRBKRNvK,DRAW,8/8/1r6/8/8/RB5k/8/K1n5 w - - 0 1
1,1,0,0,0,0,0,1,-1,1,0,1,1,1,0,0,0,0,0,16,0,0,4,7,0,3,4,6,0,2,0,1,0,0,0,0,0,0,0,7,1,1,0,0,0,0,1,3,0,0,KRBKRNvK,DRAW,5R2/B7/3n4/3k4/7r/8/8/7K w - - 0 1
0,1,0,0,0,0,0,1,-1,1,0,1,1,1,0,0,0,0,0,16,0,0,2,1,4,0,2,2,4,25,24,0,0,0,0,0,0,0,0,7,1,1,0,1,0,0,1,1,0,1,KRBKRNvK,DRAW,2R5/8/8/1Kn5/8/k3B3/7r/8 b - - 0 1
1,1,0,0,0,0,0,1,-1,1,0,1,1,1,0,0,0,0,0,16,0,0,4,6,4,2,1,2,3,6,0,1,0,0,0,0,0,0,0,7,1,1,0,0,0,0,2,1,1,0,KRBKRNvK,LOSS,8/8/3n4/5RK1/8/8/2k5/4B1r1 w - - 0 1
1,1,0,0,0,0,0,1,-1,1,0,1,1,1,0,0,0,0,0,16,0,0,2,0,3,2,1,3,3,19,23,0,0,0,0,0,0,0,0,7,1,1,0,0,0,0,2,2,0,0,KRBKRNvK,DRAW,8/8/B2r4/1R6/K7/7n/2k5/8 w - - 0 1
1,1,0,0,0,0,0,1,-1,1,0,1,1,1,0,0,0,0,0,16,0,0,4,2,0,6,1,4,4,26,25,0,0,0,0,0,0,0,0,7,1,1,0,0,0,0,3,0,0,0,KRBKRNvK,DRAW,8/7B/5r2/1R6/7n/8/6k1/2K5 w - - 0 1
0,1,0,0,0,0,0,1,-1,1,0,1,1,1,0,0,0,0,0,16,0,0,5,7,2,2,2,4,2,6,0,1,0,0,0,0,0,0,0,7,1,1,0,0,0,0,0,3,0,0,KRBKRNvK,DRAW,1r6/8/2R2n2/7B/8/2k4K/8/8 b - - 0 1
1,1,0,0,0,0,0,1,-1,1,0,1,1,1,0,0,0,0,0,16,0,0,5,5,4,0,7,1,6,28,18,0,0,0,0,0,0,0,0,7,1,1,0,0,0,0,3,0,1,1,KRBKRNvK,DRAW,k5n1/8/1R6/5K2/8/7r/8/B7 w - - 0 1
0,1,0,0,0,0,0,1,-1,1,0,1,1,1,0,0,0,0,0,16,0,0,3,0,2,3,2,4,1,29,22,0,0,0,0,0,0,0,0,7,1,1,0,0,0,0,0,2,0,0,KRBKRNvK,DRAW,3B4/8/1R6/4n3/5r2/K2k4/8/8 b - - 0 1
0,1,0,0,0,0,0,1,-1,1,0,1,1,1,0,0,0,0,0,16,0,0,4,4,0,0,2,3,4,16,20,0,0,0,0,0,0,0,0,7,1,1,0,0,0,0,0,1,1,0,KRBKRNvK,DRAW,8/8/8/r1n5/8/k7/2R1B3/4K3 b - - 0 1
0,1,0,0,0,0,0,1,-1,1,0,1,1,1,0,0,0,0,0,16,0,0,2,5,3,7,3,1,3,1,0,1,0,0,0,0,0,0,0,7,1,1,0,0,0,0,2,1,0,1,KRBKRNvK,LOSS,8/7n/8/8/3B1K1k/3r4/8/7R b - - 0 1
1,1,0,0,0,0,0,1,-1,1,0,1,1,1,0,0,0,0,0,16,0,0,4,7,3,3,5,3,1,17,19,0,0,0,0,0,0,0,0,7,1,1,0,0,0,0,0,2,1,0,KRBKRNvK,DRAW,3nB2R/8/r2k4/8/7K/8/8/8 w - - 0 1
1,1,0,0,0,0,0,1,-1,1,0,1,1,1,0,0,0,0,0,16,0,0,5,2,4,7,0,1,6,6,0,1,0,0,0,0,0,0,0,7,1,1,0,1,0,0,2,0,1,1,KRBKRNvK,DRAW,8/n7/8/2K5/8/8/2r5/R4B1k w - - 0 1
1,1,0,0,0,0,0,1,-1,1,0,1,1,1,0,0,0,0,0,16,0,0,6,6,6,0,6,4,5,25,23,0,0,0,0,0,0,0,0,7,1,1,0,0,0,0,0,2,0,1,KRBKRNvK,DRAW,4r3/k5K1/8/8/1B2n3/6R1/8/8 w - - 0 1
0,1,0,0,0,0,0,1,-1,1,0,1,1,1,0,0,0,0,0,16,0,0,5,5,5,3,0,2,3,23,31,0,0,0,0,0,0,0,0,7,1,1,1,0,0,0,1,0,0,0,KRBKRNvK,DRAW,8/6R1/n4K2/8/3B4/1r6/8/3k4 b - - 0 1
0,1,0,0,0,0,0,1,-1,1,0,1,1,1,0,0,0,0,0,16,0,0,6,1,4,7,1,2,5,24,22,0,0,0,0,0,0,0,0,7,1,1,0,0,0,0,2,1,0,0,KRBKRNvK,DRAW,8/1B6/8/RK6/8/4n3/7k/6r1 b - - 0 1
1,1,0,0,0,0,0,1,-1,1,0,1,1,1,0,0,0,0,0,16,0,0,2,4,1,6,2,2,3,27,19,0,0,0,0,0,0,0,0,7,1,1,0,0,0,0,3,0,0,0,KRBKRNvK,DRAW,8/1n4r1/8/R7/8/6k1/4K3/1B6 w - - 0 1
1,1,0,0,0,0,0,1,-1,1,0,1,1,1,0,0,0,0,0,16,0,0,5,0,3,5,0,3,4,19,13,0,0,0,0,0,0,0,0,7,1,1,0,0,0,0,0,0,0,0,KRBKRNvK,DRAW,7n/8/8/8/K6B/7r/R7/5k2 w - - 0 1
0,1,0,0,0,0,0,1,-1,1,0,1,1,1,0,0,0,0,0,16,0,0,4,2,1,6,1,3,4,24,29,0,0,0,0,0,0,0,0,7,1,1,0,0,0,0,1,3,1,0,KRBKRNvK,DRAW,7R/8/8/3r4/5B2/6n1/2K3k1/8 b - - 0 1
0,1,0,0,0,0,0,1,-1,1,0,1,1,1,0,0,0,0,0,16,0,0,4,1,0,5,4,5,1,4,0,1,0,0,0,0,0,0,0,7,1,1,0,0,0,0,2,2,1,0,KRBKRNvK,DRAW,8/7r/8/1R3k2/8/7B/7n/1K6 b - - 0 1
0,1,0,0,0,0,0,1,-1,1,0,1,1,1,0,0,0,0,0,16,0,0,3,1,5,1,2,3,3,22,22,0,0,0,0,0,0,0,0,7,1,1,1,1,0,0,0,2,0,0,KRBKRNvK,DRAW,1B6/2R5/1K6/8/8/1k6/4rn2/8 b - - 0 1
0,1,0,0,0,0,0,1,-1,1,0,1,1,1,0,0,0,0,0,16,0,0,2,3,0,5,2,3,2,23,23,0,0,0,0,0,0,0,0,7,1,1,1,0,0,0,3,1,0,0,KRBKRNvK,DRAW,8/4R1n1/2r5/8/8/5k2/1B6/3K4 b - - 0 1
1,1,0,0,0,0,0,1,-1,1,0,1,1,1,0,0,0,0,0,16,0,0,5,0,2,3,7,4,3,25,22,0,0,0,0,0,0,0,0,7,1,1,0,0,0,0,3,2,0,0,KRBKRNvK,DRAW,3k2B1/3n4/8/6r1/8/K3R3/8/8 w - - 0 1
1,1,0,0,0,0,0,1,-1,1,0,1,1,1,0,0,0,0,0,16,0,0,6,1,1,0,7,4,6,28,17,0,0,0,0,0,0,0,0,7,1,1,0,0,0,0,0,0,0,0,KRBKRNvK,DRAW,k7/1n6/8/6B1/8/6r1/1K6/7R w - - 0 1
0,1,0,0,0,0,0,1,-1,1,0,1,1,1,0,0,0,0,0,16,0,0,3,3,3,6,0,0,5,16,23,0,0,0,0,0,0,0,0,7,1,1,1,0,0,0,4,1,0,0,KRBKRNvK,DRAW,8/6R1/8/4B1n1/3K4/8/8/1r4k1 b - - 0 1
0,1,0,0,0,0,0,1,-1,1,0,1,1,1,0,0,0,0,0,16,0,0,4,0,0,2,4,6,1,26,18,0,0,0,0,0,0,0,0,7,1,1,0,0,0,0,1,4,0,0,KRBKRNvK,DRAW,8/8/8/2k1n3/5B2/4r3/5R2/K7 b - - 0 1
0,1,0,0,0,0,0,1,-1,1,0,1,1,1,0,0,0,0,0,16,0,0,4,4,4,2,0,0,4,21,20,0,0,0,0,0,0,0,0,7,1,1,0,0,0,0,4,2,1,2,KRBKRNvK,DRAW,1B6/8/8/4Kn2/5r2/1R6/8/2k5 b - - 0 1
0,1,0,0,0,0,0,1,-1,1,0,1,1,1,0,0,0,0,0,16,0,0,4,1,4,2,0,2,4,16,23,0,0,0,0,0,0,0,0,7,1,1,0,0,0,0,0,1,0,0,KRBKRNvK,DRAW,8/8/1R6/1K6/8/6nB/8/2k3r1 b - - 0 1
1,1,0,0,0,0,0,1,-1,1,0,1,1,1,0,0,0,0,0,16,0,0,6,3,0,6,6,3,4,3,0,1,0,0,0,0,0,0,0,7,1,1,0,0,0,0,1,2,1,1,KRBKRNvK,LOSS,7R/6k1/8/8/8/3r4/B5n1/3K4 w - - 0 1
1,1,0,0,0,0,0,1,-1,1,0,1,1,1,0,0,0,0,0,16,0,0,2,7,4,6,2,3,3,18,20,0,0,0,0,0,0,0,0,7,1,1,0,0,0,0,3,3,1,0,KRBKRNvK,DRAW,8/8/4r3/5R1K/8/6k1/4n3/1B6 w - - 0 1
1,1,0,0,0,0,0,1,-1,1,0,1,1,1,0,0,0,0,0,16,0,0,2,3,0,5,1,3,3,3,0,1,0,0,0,0,0,0,0,7,1,1,0,0,0,0,0,2,1,0,KRBKRNvK,DRAW,8/n7/3r4/8/6B1/1R6/5k2/3K4 w - - 0 1
1,1,0,0,0,0,0,1,-1,1,0,1,1,1,0,0,0,0,0,16,0,0,6,0,0,4,6,6,2,1,0,1,0,0,0,0,0,0,0,7,1,1,0,0,0,0,2,2,1,0,KRBKRNvK,DRAW,8/4k3/6B1/r7/2n2R2/8/8/K7 w - - 0 1
0,1,0,0,0,0,0,1,-1,1,0,1,1,1,0,0,0,0,0,16,0,0,7,7,3,0,1,3,5,21,21,0,0,0,0,0,0,0,0,7,1,1,0,0,0,0,2,0,1,0,KRBKRNvK,DRAW,3B4/8/8/8/1R5K/2r5/kn6/8 b - - 0 1
0,1,0,0,0,0,0,1,-1,1,0,1,1,1,0,0,0,0,0,16,0,0,6,7,2,1,6,4,4,23,21,0,0,0,0,0,0,0,0,7,1,1,0,0,0,0,1,3,0,0,KRBKRNvK,DRAW,8/1k6/2n5/8/2r5/R2B3K/8/8 b - - 0 1
1,1,0,0,0,0,0,1,-1,1,0,1,1,1,0,0,0,0,0,16,0,0,2,7,7,5,7,6,4,21,19,0,0,0,0,0,0,0,0,7,1,1,0,0,0,0,2,2,0,0,KRBKRNvK,DRAW,5k1K/4r3/8/1R6/8/8/B7/5n2 w - - 0 1
1,1,0,0,0,0,0,1,-1,1,0,1,1,1,0,0,0,0,0,16,0,0,7,0,0,7,6,6,5,26,18,0,0,0,0,0,0,0,0,7,1,1,0,0,0,0,1,2,1,0,KRBKRNvK,DRAW,8/4rB1k/1R6/8/4n3/8/8/K7 w - - 0 1
0,1,0,0,0,0,0,1,-1,1,0,1,1,1,0,0,0,0,0,16,0,0,4,0,1,3,5,5,1,19,22,0,0,0,0,0,0,0,0,7,1,1,0,0,0,0,0,2,0,0,KRBKRNvK,DRAW,8/8/1r1k4/8/B7/8/K5R1/5n2 b - - 0 1
0,1,0,0,0,0,0,1,-1,1,0,1,1,1,0,0,0,0,0,16,0,0,6,0,4,6,1,3,4,18,26,0,0,0,0,0,0,0,0,7,1,1,0,1,0,0,1,0,0,0,KRBKRNvK,DRAW,8/8/3B1R2/K7/8/7n/2r3k1/8 b - - 0 1
1,1,0,0,0,0,0,1,-1,1,0,1,1,1,0,0,0,0,0,16,0,0,2,5,6,7,7,3,6,27,16,0,0,0,0,0,0,0,0,7,1,1,0,0,0,0,2,0,0,0,KRBKRNvK,WIN,n6k/5K2/8/6R1/8/8/3B4/7r w - - 0 1
0,1,0,0,0,0,0,1,-1,1,0,1,1,1,0,0,0,0,0,16,0,0,2,1,2,2,4,3,1,21,25,0,0,0,0,0,0,0,0,7,1,1,0,0,0,0,2,2,1,0,KRBKRNvK,DRAW,4n3/5r2/7B/2k5/8/1K1R4/8/8 b - - 0 1
1,1,0,0,0,0,0,1,-1,1,0,1,1,1,0,0,0,0,0,16,0,0,4,2,0,6,3,4,2,3,0,1,0,0,0,0,0,0,0,7,1,1,0,0,0,0,2,1,1,0,KRBKRNvK,DRAW,2r5/8/6n1/8/6kB/8/8/2KR4 w - - 0 1
0,1,0,0,0,0,0,1,-1,1,0,1,1,1,0,0,0,0,0,16,0,0,6,2,0,1,6,4,4,25,26,0,0,0,0,0,0,0,0,7,1,1,0,0,0,0,2,2,0,0,KRBKRNvK,DRAW,4r3/1k4n1/8/8/7R/8/3B4/2K5 b - - 0 1
0,1,0,0,0,0,0,1,-1,1,0,1,1,1,0,0,0,0,0,16,0,0,3,3,3,0,1,0,5,4,0,1,0,0,0,0,0,0,0,7,1,1,0,0,0,0,4,0,0,0,KRBKRNvK,DRAW,7n/8/8/8/3K4/5B2/k2R4/1r6 b - - 0 1
1,1,0,0,0,0,0,1,-1,1,0,1,1,1,0,0,0,0,0,16,0,0,6,0,2,6,1,4,4,3,0,1,0,0,0,0,0,0,0,7,1,1,0,0,0,0,3,2,0,1,KRBKRNvK,DRAW,2n5/8/3R4/r7/8/K7/6k1/1B6 w - - 0 1
0,1,0,0,0,0,0,1,-1,1,0,1,1,1,0,0,0,0,0,16,0,0,4,2,4,3,0,1,3,23,19,0,0,0,0,0,0,0,0,7,1,1,0,0,0,0,2,2,1,1,KRBKRNvK,DRAW,8/8/8/2K5/8/4r3/3n1R2/3k2B1 b - - 0 1
1,1,0,0,0,0,0,1,-1,1,0,1,1,1,0,0,0,0,0,16,0,0,2,6,2,7,0,3,6,4,0,1,0,0,0,0,0,0,0,7,1,1,0,1,0,0,0,0,0,1,KRBKRNvK,DRAW,7n/8/8/8/8/6K1/6r1/R1B4k w - - 0 1
0,1,0,0,0,0,0,1,-1,1,0,1,1,1,0,0,0,0,0,16,0,0,2,2,4,4,3,1,0,4,0,1,0,0,0,0,0,0,0,7,1,1,0,0,0,0,3,4,0,1,KRBKRNvK,DRAW,8/7B/8/2K5/r3k3/8/3n4/3R4 b - - 0 1
1,1,0,0,0,0,0,1,-1,1,0,1,1,1,0,0,0,0,0,16,0,0,3,1,4,4,3,2,0,25,22,0,0,0,0,0,0,0,0,7,1,1,1,0,0,0,0,4,0,0,KRBKRNvK,DRAW,8/2R5/8/1K2n3/4k3/4r3/8/5B2 w - - 0 1
0,1,0,0,0,0,0,1,-1,1,0,1,1,1,0,0,0,0,0,16,0,0,2,4,6,2,7,2,4,24,25,0,0,0,0,0,0,0,0,7,1,1,0,1,0,0,3,2,1,0,KRBKRNvK,DRAW,2k5/4K3/4R3/8/8/2n1B3/r7/8 b - - 0 1
1,1,0,0,0,0,0,1,-1,1,0,1,1,1,0,0,0,0,0,16,0,0,3,4,5,6,2,1,3,25,19,0,0,0,0,0,0,0,0,7,1,1,0,0,0,0,3,2,1,1,KRBKRNvK,DRAW,6n1/8/4K3/2B4R/8/3r2k1/8/8 w - - 0 1
0,1,0,0,0,0,0,1,-1,1,0,1,1,1,0,0,0,0,0,16,0,0,5,7,0,6,5,6,3,6,0,1,0,0,0,0,0,0,0,7,1,1,0,0,0,0,1,3,1,0,KRBKRNvK,DRAW,8/8/6k1/8/4rB2/4n1R1/8/7K b - - 0 1
1,1,0,0,0,0,0,1,-1,1,0,1,1,1,0,0,0,0,0,16,0,0,5,6,6,1,4,4,2,27,23,0,0,0,0,0,0,0,0,7,1,1,0,0,0,0,0,2,0,0,KRBKRNvK,DRAW,8/6K1/n7/1k6/8/8/6R1/2B1r3 w - - 0 1
1,1,0,0,0,0,0,1,-1,1,0,1,1,1,0,0,0,0,0,16,0,0,3,1,0,4,0,5,3,28,25,0,0,0,0,0,0,0,0,7,1,1,0,0,0,0,2,3,0,0,KRBKRNvK,DRAW,2R5/6B1/1n6/8/7r/8/8/1K2k3 w - - 0 1
1,1,0,0,0,0,0,1,-1,1,0,1,1,1,0,0,0,0,0,16,0,0,3,7,5,4,3,4,0,4,0,1,0,0,0,0,0,0,0,7,1,1,0,0,0,0,2,3,1,0,KRBKRNvK,DRAW,8/8/2r4K/7R/4k1B1/8/8/4n3 w - - 0 1
0,1,0,0,0,0,0,1,-1,1,0,1,1,1,0,0,0,0,0,16,0,0,6,3,1,1,7,2,5,18,31,0,0,0,0,0,0,0,0,7,1,1,0,0,0,0,3,2,0,0,KRBKRNvK,DRAW,1k6/8/7n/5r2/2R5/8/3K2B1/8 b - - 0 1
1,1,0,0,0,0,0,1,-1,1,0,1,1,1,0,0,0,0,0,16,0,0,2,4,6,2,5,2,2,5,0,1,0,0,0,0,0,0,0,7,1,1,0,0,0,0,3,1,1,0,KRBKRNvK,DRAW,8/4K2r/2k5/8/3R4/4B2n/8/8 w - - 0 1
1,1,0,0,0,0,0,1,-1,1,0,1,1,1,0,0,0,0,0,16,0,0,5,6,3,1,3,2,2,5,0,1,0,0,0,0,0,0,0,7,1,1,0,0,0,0,0,2,0,1,KRBKRNvK,DRAW,R1B5/8/8/8/1k1r2K1/4n3/8/8 w - - 0 1
0,1,0,0,0,0,0,1,-1,1,0,1,1,1,0,0,0,0,0,16,0,0,2,7,4,5,2,3,2,7,0,1,0,0,0,0,0,0,0,7,1,1,0,0,0,0,0,3,0,1,KRBKRNvK,DRAW,8/4r3/8/5n1K/1B6/R4k2/8/8 b - - 0 1
0,1,0,0,0,0,0,1,-1,1,0,1,1,1,0,0,0,0,0,16,0,0,3,6,4,3,1,2,2,23,23,0,0,0,0,0,0,0,0,7,1,1,0,1,0,0,1,0,0,1,KRBKRNvK,DRAW,8/8/5R2/4nBK1/8/8/2rk4/8 b - - 0 1
1,1,0,0,0,0,0,1,-1,1,0,1,1,1,0,0,0,0,0,16,0,0,4,5,5,4,1,2,2,22,24,0,0,0,0,0,0,0,0,7,1,1,1,0,0,0,2,2,1,1,KRBKRNvK,DRAW,2n5/5R2/5K2/3r4/8/4B3/4k3/8 w - - 0 1
0,1,0,0,0,0,0,1,-1,1,0,1,1,1,0,0,0,0,0,16,0,0,4,1,0,5,0,5,4,21,28,0,0,0,0,0,0,0,0,7,1,1,0,0,0,0,2,2,0,0,KRBKRNvK,DRAW,3r4/8/1B6/7n/2R5/8/8/1K3k2 b - - 0 1
0,1,0,0,0,0,0,1,-1,1,0,1,1,1,0,0,0,0,0,16,0,0,2,4,4,4,2,0,1,23,21,0,0,0,0,0,0,0,0,7,1,1,1,1,0,0,3,2,1,1,KRBKRNvK,DRAW,8/R7/8/4K1n1/8/4k3/5r2/4B3 b - - 0 1
1,1,0,0,0,0,0,1,-1,1,0,1,1,1,0,0,0,0,0,16,0,0,3,5,4,6,7,1,5,3,0,1,0,0,0,0,0,0,0,7,1,1,0,0,0,0,3,0,0,2,KRBKRNvK,DRAW,B5k1/8/8/5Kr1/8/7n/7R/8 w - - 0 1
1,1,0,0,0,0,0,1,-1,1,0,1,1,1,0,0,0,0,0,16,0,0,4,7,4,6,0,3,5,3,0,1,0,0,0,0,0,0,0,7,1,1,0,0,0,0,2,1,0,1,KRBKRNvK,DRAW,8/8/8/5R1K/1n6/7r/B7/6k1 w - - 0 1
0,1,0,0,0,0,0,1,-1,1,0,1,1,1,0,0,0,0,0,16,0,0,6,2,7,2,1,4,3,14,21,0,0,0,0,0,0,0,0,7,1,1,0,0,0,0,2,0,0,0,KRBKRNvK,DRAW,2KR4/6n1/8/B7/8/8/2k5/2r5 b - - 0 1
1,1,0,0,0,0,0,1,-1,1,0,1,1,1,0,0,0,0,0,16,0,0,3,7,1,4,0,5,3,22,21,0,0,0,0,0,0,0,0,7,1,1,0,0,0,0,2,3,1,0,KRBKRNvK,DRAW,8/8/8/8/1n6/4r3/6RK/B3k3 w - - 0 1
0,1,0,0,0,0,0,1,-1,1,0,1,1,1,0,0,0,0,0,16,0,0,5,2,2,7,2,2,4,4,0,1,0,0,0,0,0,0,0,7,1,1,0,1,0,0,2,2,0,0,KRBKRNvK,DRAW,8/8/7R/8/8/2K2n1k/B6r/8 b - - 0 1
0,1,0,0,0,0,0,1,-1,1,0,1,1,1,0,0,0,0,0,16,0,0,4,0,3,4,7,3,3,22,17,0,0,0,0,0,0,0,0,7,1,1,0,1,0,0,1,0,0,1,KRBKRNvK,DRAW,4kn2/B7/R7/8/K7/8/1r6/8 b - - 0 1
1,1,0,0,0,0,0,1,-1,1,0,1,1,1,0,0,0,0,0,16,0,0,6,5,6,5,0,3,4,20,18,0,0,0,0,0,0,0,0,7,1,1,0,0,0,0,2,1,0,0,KRBKRNvK,DRAW,5R1B/5K2/8/rn6/8/8/8/5k2 w - - 0 1
0,1,0,0,0,0,0,1,-1,1,0,1,1,1,0,0,0,0,0,16,0,0,3,3,2,6,0,1,5,23,19,0,0,0,0,0,0,0,0,7,1,1,0,0,0,0,3,0,0,1,KRBKRNvK,DRAW,2r5/8/8/8/4R3/3K4/8/1B1n2k1 b - - 0 1
0,1,0,0,0,0,0,1,-1,1,0,1,1,1,0,0,0,0,0,16,0,0,3,2,6,1,3,3,2,6,0,1,0,0,0,0,0,0,0,7,1,1,0,0,0,0,0,0,0,0,KRBKRNvK,LOSS,1RB5/2K5/8/8/1k2n3/8/8/1r6 b - - 0 1
0,1,0,0,0,0,0,1,-1,1,0,1,1,1,0,0,0,0,0,16,0,0,4,7,4,3,1,3,2,22,30,0,0,0,0,0,0,0,0,7,1,1,0,0,0,0,1,3,0,0,KRBKRNvK,DRAW,3r4/8/2n5/5B1K/8/8/3k4/6R1 b - - 0 1
1,1,0,0,0,0,0,1,-1,1,0,1,1,1,0,0,0,0,0,16,0,0,4,0,1,4,3,5,0,26,26,0,0,0,0,0,0,0,0,7,1,1,0,0,0,0,1,3,1,1,KRBKRNvK,DRAW,8/8/8/3n4/4kB2/2r5/K6R/8 w - - 0 1
1,1,0,0,0,0,0,1,-1,1,0,1,1,1,0,0,0,0,0,16,0,0,6,2,6,7,0,3,6,6,0,1,0,0,0,0,0,0,0,7,1,1,1,0,0,0,0,2,1,1,KRBKRNvK,DRAW,8/R1K1r3/8/8/8/8/8/1n3B1k w - - 0 1
1,1,0,0,0,0,0,1,-1,1,0,1,1,1,0,0,0,0,0,16,0,0,3,5,7,4,4,4,0,23,21,0,0,0,0,0,0,0,0,7,1,1,0,0,0,0,2,3,0,0,KRBKRNvK,DRAW,5K2/8/8/B3k1n1/8/8/3R4/6r1 w - - 0 1
0,1,0,0,0,0,0,1,-1,1,0,1,1,1,0,0,0,0,0,16,0,0,2,0,2,2,1,4,3,17,21,0,0,0,0,0,0,0,0,7,1,1,0,1,0,0,3,0,0,1,KRBKRNvK,DRAW,2n5/6B1/8/8/6R1/K7/1rk5/8 b - - 0 1
0,1,0,0,0,0,0,1,-1,1,0,1,1,1,0,0,0,0,0,16,0,0,5,2,5,6,0,2,5,23,29,0,0,0,0,0,0,0,0,7,1,1,0,0,0,0,2,1,0,0,KRBKRNvK,DRAW,6B1/8/2K5/5R2/6n1/7r/8/6k1 b - - 0 1
0,1,0,0,0,0,0,1,-1,1,0,1,1,1,0,0,0,0,0,16,0,0,6,1,2,7,7,3,6,23,23,0,0,0,0,0,0,0,0,7,1,1,0,0,0,0,2,1,0,0,KRBKRNvK,DRAW,7k/7r/3R4/8/8/1K2n3/8/6B1 b - - 0 1
0,1,0,0,0,0,0,1,-1,1,0,1,1,1,0,0,0,0,0,16,0,0,4,6,1,3,5,4,1,28,18,0,0,0,0,0,0,0,0,7,1,1,0,0,0,0,0,4,0,0,KRBKRNvK,DRAW,8/8/3k2n1/8/r7/8/6K1/2B3R1 b - - 0 1
0,1,0,0,0,0,0,1,-1,1,0,1,1,1,0,0,0,0,0,16,0,0,5,3,2,3,7,1,3,25,26,0,0,0,0,0,0,0,0,7,1,1,0,0,0,0,3,3,0,2,KRBKRNvK,DRAW,3k4/8/8/8/1r6/2BK1n2/4R3/8 b - - 0 1
0,1,0,0,0,0,0,1,-1,1,0,1,1,1,0,0,0,0,0,16,0,0,2,5,4,4,6,1,2,5,0,1,0,0,0,0,0,0,0,7,1,1,1,0,0,0,3,2,0,2,KRBKRNvK,DRAW,8/R3k3/8/4nK2/8/4r3/8/B7 b - - 0 1
0,1,0,0,0,0,0,1,-1,1,0,1,1,1,0,0,0,0,0,16,0,0,2,3,2,1,1,1,4,3,0,1,0,0,0,0,0,0,0,7,1,1,0,0,0,0,2,0,0,0,KRBKRNvK,DRAW,r3nB2/8/1R6/8/8/3K4/1k6/8 b - - 0 1
1,1,0,0,0,0,0,1,-1,1,0,1,1,1,0,0,0,0,0,16,0,0,6,7,2,1,4,4,2,2,0,1,0,0,0,0,0,0,0,7,1,1,0,0,0,0,3,0,1,1,KRBKRNvK,LOSS,8/1B4r1/8/1k6/8/7K/4R3/6n1 w - - 0 1
1,1,0,0,0,0,0,1,-1,1,0,1,1,1,0,0,0,0,0,16,0,0,7,6,7,5,0,5,4,4,0,1,0,0,0,0,0,0,0,7,1,1,0,0,0,0,0,2,0,0,KRBKRNvK,LOSS,5BK1/8/8/8/6r1/1R6/8/2n2k2 w - - 0 1
1,1,0,0,0,0,0,1,-1,1,0,1,1,1,0,0,0,0,0,16,0,0,4,6,7,2,6,5,3,4,0,1,0,0,0,0,0,0,0,7,1,1,0,0,0,0,2,0,0,0,KRBKRNvK,DRAW,1nr3K1/2k5/8/8/8/2B5/8/5R2 w - - 0 1
1,1,0,0,0,0,0,1,-1,1,0,1,1,1,0,0,0,0,0,16,0,0,4,5,2,5,6,2,3,4,0,1,0,0,0,0,0,0,0,7,1,1,0,0,0,0,2,2,0,1,KRBKRNvK,DRAW,8/5k2/2B5/8/r6n/5K2/1R6/8 w - - 0 1
0,1,0,0,0,0,0,1,-1,1,0,1,1,1,0,0,0,0,0,16,0,0,6,1,1,4,7,4,3,21,24,0,0,0,0,0,0,0,0,7,1,1,0,0,0,0,2,2,0,1,KRBKRNvK,DRAW,B2nk3/8/1R6/8/8/8/1K6/3r4 b - - 0 1
1,1,0,0,0,0,0,1,-1,1,0,1,1,1,0,0,0,0,0,16,0,0,2,1,3,1,1,2,4,22,18,0,0,0,0,0,0,0,0,7,1,1,1,0,0,0,0,1,0,0,KRBKRNvK,DRAW,4B3/1R6/8/8/1K6/8/1k3n2/5r2 w - - 0 1
1,1,0,0,0,0,0,1,-1,1,0,1,1,1,0,0,0,0,0,16,0,0,5,2,2,0,7,2,6,5,0,1,0,0,0,0,0,0,0,7,1,1,0,0,0,0,2,0,0,1,KRBKRNvK,DRAW,k5B1/8/2r5/8/8/2KR4/8/n7 w - - 0 1
1,1,0,0,0,0,0,1,-1,1,0,1,1,1,0,0,0,0,0,16,0,0,7,7,4,0,2,3,4,4,0,1,0,0,0,0,0,0,0,7,1,1,0,0,0,0,3,1,0,1,KRBKRNvK,DRAW,8/8/8/7K/3R4/kn5r/7B/8 w - - 0 1
1,1,0,0,0,0,0,1,-1,1,0,1,1,1,0,0,0,0,0,16,0,0,3,3,1,5,4,2,1,29,19,0,0,0,0,0,0,0,0,7,1,1,0,0,0,0,0,2,1,0,KRBKRNvK,DRAW,8/6r1/6n1/5k2/7B/R7/3K4/8 w - - 0 1
0,1,0,0,0,0,0,1,-1,1,0,1,1,1,0,0,0,0,0,16,0,0,5,5,5,0,5,2,4,25,23,0,0,0,0,0,0,0,0,7,1,1,0,0,0,0,2,2,1,2,KRBKRNvK,DRAW,2R5/5n2/k4K2/3r4/8/8/8/B7 b - - 0 1
1,1,0,0,0,0,0,1,-1,1,0,1,1,1,0,0,0,0,0,16,0,0,6,7,4,1,7,3,5,2,0,1,0,0,0,0,0,0,0,7,1,1,0,0,0,0,0,2,1,1,KRBKRNvK,DRAW,1k2B3/8/2R5/6rK/4n3/8/8/8 w - - 0 1
0,1,0,0,0,0,0,1,-1,1,0,1,1,1,0,0,0,0,0,16,0,0,6,6,2,0,3,3,3,5,0,1,0,0,0,0,0,0,0,7,1,1,0,1,0,0,0,1,0,1,KRBKRNvK,LOSS,8/3Bn3/8/8/k7/6K1/7r/2R5 b - - 0 1
1,1,0,0,0,0,0,1,-1,1,0,1,1,1,0,0,0,0,0,16,0,0,6,0,3,6,1,3,4,20,21,0,0,0,0,0,0,0,0,7,1,1,0,0,0,0,0,2,1,0,KRBKRNvK,DRAW,8/8/8/4r2B/K3n3/8/6k1/7R w - - 0 1
0,1,0,0,0,0,0,1,-1,1,0,1,1,1,0,0,0,0,0,16,0,0,5,6,5,4,0,3,3,19,23,0,0,0,0,0,0,0,0,7,1,1,0,0,0,0,1,1,0,0,KRBKRNvK,DRAW,8/r2n4/6KR/8/5B2/8/8/4k3 b - - 0 1
0,1,0,0,0,0,0,1,-1,1,0,1,1,1,0,0,0,0,0,16,0,0,2,5,1,6,3,3,2,3,0,1,0,0,0,0,0,0,0,7,1,1,0,0,0,0,0,1,2,1,KRBKRNvK,LOSS,8/8/8/2n5/6k1/6R1/4BK2/4r3 b - - 0 1
1,1,0,0,0,0,0,1,-1,1,0,1,1,1,0,0,0,0,0,16,0,0,2,3,4,5,6,0,3,4,0,1,0,0,0,0,0,0,0,7,1,1,0,0,0,0,4,1,0,2,KRBKRNvK,DRAW,8/3r1k2/8/1R1K4/8/4n3/8/2B5 w - - 0 1
1,1,0,0,0,0,0,1,-1,1,0,1,1,1,0,0,0,0,0,16,0,0,6,1,0,5,6,5,3,4,0,1,0,0,0,0,0,0,0,7,1,1,0,0,0,0,2,0,1,0,KRBKRNvK,DRAW,8/5k2/8/5B2/8/8/4R1n1/1K3r2 w - - 0 1
1,1,0,0,0,0,0,1,-1,1,0,1,1,1,0,0,0,0,0,16,0,0,7,0,7,7,4,6,3,26,17,0,0,0,0,0,0,0,0,7,1,1,0,0,0,0,3,2,0,0,KRBKRNvK,DRAW,K7/8/8/7k/7r/8/1B4n1/4R3 w - - 0 1
1,1,0,0,0,0,0,1,-1,1,0,1,1,1,0,0,0,0,0,16,0,0,6,2,6,4,0,3,3,32,18,0,0,0,0,0,0,0,0,7,1,1,0,0,0,0,2,0,0,0,KRBKRNvK,DRAW,7R/2K5/5Br1/8/8/8/8/2n1k3 w - - 0 1
0,1,0,0,0,0,0,1,-1,1,0,1,1,1,0,0,0,0,0,16,0,0,3,3,3,5,6,0,3,7,0,1,0,0,0,0,0,0,0,7,1,1,1,0,0,0,4,0,1,0,KRBKRNvK,DRAW,2n5/3R1k1r/8/1B6/3K4/8/8/8 b - - 0 1
1,1,0,0,0,0,0,1,-1,1,0,1,1,1,0,0,0,0,0,16,0,0,4,0,3,4,3,3,0,2,0,1,0,0,0,0,0,0,0,7,1,1,1,0,0,0,3,4,0,2,KRBKRNvK,DRAW,8/2BR4/r7/8/K3k3/2n5/8/8 w - - 0 1
0,1,0,0,0,0,0,1,-1,1,0,1,1,1,0,0,0,0,0,16,0,0,7,6,7,5,0,5,4,4,0,1,0,0,0,0,0,0,0,7,1,1,0,0,0,0,2,2,2,0,KRBKRNvK,DRAW,6K1/8/8/8/r7/8/3RB3/3n1k2 b - - 0 1
1,1,0,0,0,0,0,1,-1,1,0,1,1,1,0,0,0,0,0,16,0,0,5,6,2,5,7,3,4,20,19,0,0,0,0,0,0,0,0,7,1,1,0,0,0,0,2,1,0,0,KRBKRNvK,DRAW,2r2k2/8/4n3/7B/6R1/6K1/8/8 w - - 0 1
0,1,0,0,0,0,0,1,-1,1,0,1,1,1,0,0,0,0,0,16,0,0,4,3,3,7,0,0,6,1,0,1,0,0,0,0,0,0,0,7,1,1,0,0,0,0,3,2,0,0,KRBKRNvK,LOSS,4r2R/3n4/2B5/8/3K4/8/8/7k b - - 0 1
1,1,0,0,0,0,0,1,-1,1,0,1,1,1,0,0,0,0,0,16,0,0,2,7,3,5,1,3,3,27,22,0,0,0,0,0,0,0,0,7,1,1,0,0,0,0,1,0,0,0,KRBKRNvK,DRAW,8/6r1/4B3/8/7K/2R5/5k2/5n2 w - - 0 1
0,1,0,0,0,0,0,1,-1,1,0,1,1,1,0,0,0,0,0,16,0,0,7,0,1,7,0,5,6,21,17,0,0,0,0,0,0,0,0,7,1,1,0,0,0,0,0,0,0,0,KRBKRNvK,DRAW,5n2/8/8/8/8/6r1/K7/1RB4k b - - 0 1
0,1,0,0,0,0,0,1,-1,1,0,1,1,1,0,0,0,0,0,16,0,0,6,1,1,4,7,4,3,21,23,0,0,0,0,0,0,0,0,7,1,1,0,0,0,0,1,1,0,1,KRBKRNvK,DRAW,4k3/2r5/8/8/8/1B6/1Kn2R2/8 b - - 0 1
0,1,0,0,0,0,0,1,-1,1,0,1,1,1,0,0,0,0,0,16,0,0,2,0,2,0,0,4,6,16,18,0,0,0,0,0,0,0,0,7,1,1,0,0,0,0,3,0,0,1,KRBKRNvK,DRAW,8/n6B/8/8/4R3/K7/8/kr6 b - - 0 1
0,1,0,0,0,0,0,1,-1,1,0,1,1,1,0,0,0,0,0,16,0,0,4,7,1,3,2,5,1,23,24,0,0,0,0,0,0,0,0,7,1,1,0,0,0,0,2,3,0,0,KRBKRNvK,DRAW,1r6/4n3/8/8/8/3k4/6RK/B7 b - - 0 1
0,1,0,0,0,0,0,1,-1,1,0,1,1,1,0,0,0,0,0,16,0,0,5,7,5,2,1,4,3,23,22,0,0,0,0,0,0,0,0,7,1,1,0,0,0,0,2,0,0,0,KRBKRNvK,DRAW,1n6/8/7K/6B1/6R1/8/2k5/r7 b - - 0 1
1,1,0,0,0,0,0,1,-1,1,0,1,1,1,0,0,0,0,0,16,0,0,3,3,6,2,3,2,1,20,19,0,0,0,0,0,0,0,0,7,1,1,1,0,0,0,0,2,0,0,KRBKRNvK,DRAW,4B3/3K3R/8/8/1rk5/8/8/2n5 w - - 0 1
0,1,0,0,0,0,0,1,-1,1,0,1,1,1,0,0,0,0,0,16,0,0,2,6,5,5,7,3,4,15,26,0,0,0,0,0,0,0,0,7,1,1,0,0,0,0,0,0,0,1,KRBKRNvK,DRAW,3n1k1r/8/6K1/8/6B1/R7/8/8 b - - 0 1
0,1,0,0,0,0,0,1,-1,1,0,1,1,1,0,0,0,0,0,16,0,0,6,1,1,6,7,4,5,20,25,0,0,0,0,0,0,0,0,7,1,1,0,0,0,0,1,0,1,0,KRBKRNvK,DRAW,6k1/5r2/6B1/8/8/8/1K4Rn/8 b - - 0 1
1,1,0,0,0,0,0,1,-1,1,0,1,1,1,0,0,0,0,0,16,0,0,2,5,3,3,1,1,2,6,0,1,0,0,0,0,0,0,0,7,1,1,0,0,0,0,3,0,1,1,KRBKRNvK,DRAW,8/8/B7/3n4/4RK2/8/3k4/2r5 w - - 0 1
0,1,0,0,0,0,0,1,-1,1,0,1,1,1,0,0,0,0,0,16,0,0,6,1,4,7,0,2,6,2,0,1,0,0,0,0,0,0,0,7,1,1,0,0,0,0,2,2,0,1,KRBKRNvK,DRAW,8/8/B6n/1K6/3r4/8/8/4R2k b - - 0 1
0,1,0,0,0,0,0,1,-1,1,0,1,1,1,0,0,0,0,0,16,0,0,3,3,2,6,2,1,3,23,29,0,0,0,0,0,0,0,0,7,1,1,0,0,0,0,2,2,1,0,KRBKRNvK,DRAW,7R/6r1/2n5/5B2/8/3K2k1/8/8 b - - 0 1
0,1,0,0,0,0,0,1,-1,1,0,1,1,1,0,0,0,0,0,16,0,0,4,5,0,5,4,4,1,7,0,1,0,0,0,0,0,0,0,7,1,1,0,0,0,0,2,2,1,0,KRBKRNvK,DRAW,3R4/6nB/1r6/5k2/8/8/8/5K2 b - - 0 1
0,1,0,0,0,0,0,1,-1,1,0,1,1,1,0,0,0,0,0,16,0,0,5,4,1,7,6,2,5,27,16,0,0,0,0,0,0,0,0,7,1,1,0,0,0,0,2,3,0,0,KRBKRNvK,DRAW,8/7k/3n4/2r5/8/8/3RK3/3B4 b - - 0 1
1,1,0,0,0,0,0,1,-1,1,0,1,1,1,0,0,0,0,0,16,0,0,4,5,6,1,4,3,2,29,21,0,0,0,0,0,0,0,0,7,1,1,0,0,0,0,1,2,1,1,KRBKRNvK,DRAW,8/B4K2/8/1k1r4/8/6R1/8/3n4 w - - 0 1
1,1,0,0,0,0,0,1,-1,1,0,1,1,1,0,0,0,0,0,16,0,0,4,6,0,2,3,5,1,26,26,0,0,0,0,0,0,0,0,7,1,1,0,0,0,0,1,3,1,0,KRBKRNvK,DRAW,8/8/R7/5r2/2k5/3n4/5B2/6K1 w - - 0 1
0,1,0,0,0,0,0,1,-1,1,0,1,1,1,0,0,0,0,0,16,0,0,5,2,5,7,2,2,4,4,0,1,0,0,0,0,0,0,0,7,1,1,0,0,0,0,2,0,0,0,KRBKRNvK,DRAW,8/3B4/2K5/8/3R4/n6k/8/5r2 b - - 0 1
1,1,0,0,0,0,0,1,-1,1,0,1,1,1,0,0,0,0,0,16,0,0,4,4,5,0,2,1,4,26,18,0,0,0,0,0,0,0,0,7,1,1,1,0,0,0,2,2,0,0,KRBKRNvK,DRAW,8/6R1/4K3/8/8/k7/8/n2r1B2 w - - 0 1
1,1,0,0,0,0,0,1,-1,1,0,1,1,1,0,0,0,0,0,16,0,0,5,2,7,2,2,4,2,21,26,0,0,0,0,0,0,0,0,7,1,1,0,0,0,0,3,3,1,2,KRBKRNvK,DRAW,1BK5/4r3/2n5/8/R7/2k5/8/8 w - - 0 1
0,1,0,0,0,0,0,1,-1,1,0,1,1,1,0,0,0,0,0,16,0,0,4,6,2,3,6,3,2,21,25,0,0,0,0,0,0,0,0,7,1,1,0,0,0,0,0,2,0,1,KRBKRNvK,DRAW,8/3k4/7R/B7/4r3/6K1/8/3n4 b - - 0 1
0,1,0,0,0,0,0,1,-1,1,0,1,1,1,0,0,0,0,0,16,0,0,3,2,1,4,4,3,0,4,0,1,0,0,0,0,0,0,0,7,1,1,0,0,0,0,3,3,2,1,KRBKRNvK,LOSS,8/2r5/8/4k3/8/2nR2B1/2K5/8 b - - 0 1
0,1,0,0,0,0,0,1,-1,1,0,1,1,1,0,0,0,0,0,16,0,0,5,6,7,3,2,5,1,17,24,0,0,0,0,0,0,0,0,7,1,1,0,0,0,0,2,2,1,0,KRBKRNvK,DRAW,6K1/5B2/8/2R5/8/3k4/8/5n1r b - - 0 1
0,1,0,0,0,0,0,1,-1,1,0,1,1,1,0,0,0,0,0,16,0,0,2,2,2,0,3,2,3,20,24,0,0,0,0,0,0,0,0,7,1,1,0,0,0,0,2,2,0,1,KRBKRNvK,DRAW,4nR2/8/8/1r6/k7/2KB4/8/8 b - - 0 1
0,1,0,0,0,0,0,1,-1,1,0,1,1,1,0,0,0,0,0,16,0,0,6,1,4,7,7,2,6,20,26,0,0,0,0,0,0,0,0,7,1,1,0,0,0,0,2,2,0,0,KRBKRNvK,DRAW,1n5k/8/8/1K1R4/1B6/8/8/4r3 b - - 0 1
1,1,0,0,0,0,0,1,-1,1,0,1,1,1,0,0,0,0,0,16,0,0,6,6,0,0,2,5,4,21,17,0,0,0,0,0,0,0,0,7,1,1,0,0,0,0,0,2,1,0,KRBKRNvK,DRAW,6n1/4r3/8/8/8/k7/8/1R1B2K1 w - - 0 1
0,1,0,0,0,0,0,1,-1,1,0,1,1,1,0,0,0,0,0,16,0,0,3,4,4,1,6,0,4,7,0,1,0,0,0,0,0,0,0,7,1,1,0,0,0,0,3,1,0,2,KRBKRNvK,DRAW,8/1k1r4/8/3nK3/8/3B4/1R6/8 b - - 0 1
0,1,0,0,0,0,0,1,-1,1,0,1,1,1,0,0,0,0,0,16,0,0,5,5,2,0,3,2,3,3,0,1,0,0,0,0,0,0,0,7,1,1,1,0,0,0,3,0,1,0,KRBKRNvK,LOSS,4n2r/R7/8/8/k7/5K2/1B6/8 b - - 0 1
1,1,0,0,0,0,0,1,-1,1,0,1,1,1,0,0,0,0,0,16,0,0,3,6,4,4,7,2,3,27,19,0,0,0,0,0,0,0,0,7,1,1,1,0,0,0,0,1,0,0,KRBKRNvK,WIN,4k2r/R7/8/6K1/2n3B1/8/8/8 w - - 0 1
1,1,0,0,0,0,0,1,-1,1,0,1,1,1,0,0,0,0,0,16,0,0,4,2,2,6,3,2,2,22,21,0,0,0,0,0,0,0,0,7,1,1,0,0,0,0,2,2,0,1,KRBKRNvK,DRAW,4B3/8/4n3/8/4r1k1/2KR4/8/8 w - - 0 1
1,1,0,0,0,0,0,1,-1,1,0,1,1,1,0,0,0,0,0,16,0,0,5,2,4,7,5,1,4,5,0,1,0,0,0,0,0,0,0,7,1,1,0,0,0,0,3,0,0,1,KRBKRNvK,DRAW,2n5/8/7k/2K5/R7/2r5/5B2/8 w - - 0 1
1,1,0,0,0,0,0,1,-1,1,0,1,1,1,0,0,0,0,0,16,0,0,3,0,6,3,3,5,0,26,19,0,0,0,0,0,0,0,0,7,1,1,0,0,0,0,0,4,0,0,KRBKRNvK,DRAW,2R5/K7/8/8/3k1r2/B7/4n3/8 w - - 0 1
0,1,0,0,0,0,0,1,-1,1,0,1,1,1,0,0,0,0,0,16,0,0,3,7,5,4,7,4,3,23,27,0,0,0,0,0,0,0,0,7,1,1,1,0,0,0,1,2,1,0,KRBKRNvK,DRAW,4k3/6R1/7K/3n4/8/8/5B2/4r3 b - - 0 1
1,1,0,0,0,0,0,1,-1,1,0,1,1,1,0,0,0,0,0,16,0,0,7,0,2,7,3,4,3,17,22,0,0,0,0,0,0,0,0,7,1,1,0,1,0,0,1,2,1,0,KRBKRNvK,DRAW,8/8/n7/8/7k/K7/4r2B/R7 w - - 0 1
0,1,0,0,0,0,0,1,-1,1,0,1,1,1,0,0,0,0,0,16,0,0,4,7,7,3,6,6,2,26,17,0,0,0,0,0,0,0,0,7,1,1,0,0,0,0,0,3,0,0,KRBKRNvK,DRAW,6RK/3k4/4r3/8/8/5n2/8/7B b - - 0 1
1,1,0,0,0,0,0,1,-1,1,0,1,1,1,0,0,0,0,0,16,0,0,3,5,4,6,1,1,4,27,25,0,0,0,0,0,0,0,0,7,1,1,1,0,0,0,3,0,0,1,KRBKRNvK,DRAW,5n1B/4R3/8/5K2/8/7r/6k1/8 w - - 0 1
1,1,0,0,0,0,0,1,-1,1,0,1,1,1,0,0,0,0,0,16,0,0,3,4,5,7,6,1,5,6,0,1,0,0,0,0,0,0,0,7,1,1,0,0,0,0,3,0,1,1,KRBKRNvK,WIN,4r3/6Bk/4K3/8/n7/8/8/5R2 w - - 0 1
0,1,0,0,0,0,0,1,-1,1,0,1,1,1,0,0,0,0,0,16,0,0,2,4,2,2,2,1,2,22,24,0,0,0,0,0,0,0,0,7,1,1,0,1,0,0,2,1,0,1,KRBKRNvK,DRAW,8/8/5R2/7B/8/2k1K3/1r6/2n5 b - - 0 1
0,1,0,0,0,0,0,1,-1,1,0,1,1,1,0,0,0,0,0,16,0,0,4,1,5,0,1,3,5,25,27,0,0,0,0,0,0,0,0,7,1,1,0,1,0,0,2,1,0,0,KRBKRNvK,DRAW,8/8/1K2n3/5R2/8/8/k6r/3B4 b - - 0 1
1,1,0,0,0,0,0,1,-1,1,0,1,1,1,0,0,0,0,0,16,0,0,7,0,0,7,3,6,3,4,0,1,0,0,0,0,0,0,0,7,1,1,0,0,0,0,2,0,0,0,KRBKRNvK,DRAW,1n6/8/3R4/8/1B5k/8/8/K4r2 w - - 0 1
1,1,0,0,0,0,0,1,-1,1,0,1,1,1,0,0,0,0,0,16,0,0,4,6,1,2,5,4,2,7,0,1,0,0,0,0,0,0,0,7,1,1,0,1,0,0,1,1,1,0,KRBKRNvK,DRAW,5R2/B7/2k5/4n3/8/8/r5K1/8 w - - 0 1
1,1,0,0,0,0,0,1,-1,1,0,1,1,1,0,0,0,0,0,16,0,0,7,7,5,0,0,4,6,26,23,0,0,0,0,0,0,0,0,7,1,1,0,1,0,0,0,0,0,0,KRBKRNvK,DRAW,1R6/8/7K/B2n4/8/8/5r2/k7 w - - 0 1
0,1,0,0,0,0,0,1,-1,1,0,1,1,1,0,0,0,0,0,16,0,0,4,4,6,1,2,2,3,22,23,0,0,0,0,0,0,0,0,7,1,1,0,0,0,0,0,1,1,0,KRBKRNvK,DRAW,8/4K3/1nR5/1B6/8/1k3r2/8/8 b - - 0 1
0,1,0,0,0,0,0,1,-1,1,0,1,1,1,0,0,0,0,0,16,0,0,4,5,2,4,6,2,2,14,35,0,0,0,0,0,0,0,0,7,1,1,0,0,0,0,2,0,1,0,KRBKRNvK,DRAW,8/r3k3/n7/4B3/8/5K2/2R5/8 b - - 0 1
0,1,0,0,0,0,0,1,-1,1,0,1,1,1,0,0,0,0,0,16,0,0,4,2,3,3,7,1,3,5,0,1,0,0,0,0,0,0,0,7,1,1,0,0,0,0,2,0,0,0,KRBKRNvK,DRAW,3k2r1/8/7R/8/2K4B/8/8/3n4 b - - 0 1
1,1,0,0,0,0,0,1,-1,1,0,1,1,1,0,0,0,0,0,16,0,0,7,6,7,6,0,5,5,26,19,0,0,0,0,0,0,0,0,7,1,1,0,0,0,0,3,0,0,0,KRBKRNvK,DRAW,6K1/8/8/8/n7/1r6/1B1R4/6k1 w - - 0 1
1,1,0,0,0,0,0,1,-1,1,0,1,1,1,0,0,0,0,0,16,0,0,2,6,1,4,3,4,0,22,20,0,0,0,0,0,0,0,0,7,1,1,0,0,0,0,2,3,1,0,KRBKRNvK,DRAW,5B1n/8/8/2R5/4k3/8/6K1/r7 w - - 0 1
1,1,0,0,0,0,0,1,-1,1,0,1,1,1,0,0,0,0,0,16,0,0,6,4,1,7,7,2,6,7,0,1,0,0,0,0,0,0,0,7,1,1,0,0,0,0,0,1,0,1,KRBKRNvK,DRAW,2B4k/8/8/8/r2n4/8/R3K3/8 w - - 0 1
0,1,0,0,0,0,0,1,-1,1,0,1,1,1,0,0,0,0,0,16,0,0,2,4,7,2,7,3,4,16,25,0,0,0,0,0,0,0,0,7,1,1,0,0,0,0,2,0,1,0,KRBKRNvK,DRAW,2k1K3/8/3R4/3B4/8/8/8/n1r5 b - - 0 1
1,1,0,0,0,0,0,1,-1,1,0,1,1,1,0,0,0,0,0,16,0,0,4,7,3,7,7,3,6,26,20,0,0,0,0,0,0,0,0,7,1,1,0,1,0,0,1,0,0,0,KRBKRNvK,DRAW,5n1k/B7/8/8/7K/2R5/r7/8 w - - 0 1
0,1,0,0,0,0,0,1,-1,1,0,1,1,1,0,0,0,0,0,16,0,0,4,4,5,0,5,1,4,4,0,1,0,0,0,0,0,0,0,7,1,1,1,0,0,0,3,2,1,1,KRBKRNvK,DRAW,6n1/1B3R2/k3K3/7r/8/8/8/8 b - - 0 1
1,1,0,0,0,0,0,1,-1,1,0,1,1,1,0,0,0,0,0,16,0,0,2,2,4,1,2,1,3,23,23,0,0,0,0,0,0,0,0,7,1,1,0,0,0,0,2,1,0,0,KRBKRNvK,DRAW,8/8/7R/2K5/8/1k3r1B/2n5/8 w - - 0 1
0,1,0,0,0,0,0,1,-1,1,0,1,1,1,0,0,0,0,0,16,0,0,4,1,3,4,7,2,3,21,25,0,0,0,0,0,0,0,0,7,1,1,0,0,0,0,0,2,0,1,KRBKRNvK,DRAW,n3k3/8/B7/2r5/1K6/8/6R1/8 b - - 0 1
1,1,0,0,0,0,0,1,-1,1,0,1,1,1,0,0,0,0,0,16,0,0,3,2,5,4,2,2,1,30,16,0,0,0,0,0,0,0,0,7,1,1,0,1,0,0,3,2,1,0,KRBKRNvK,DRAW,8/8/2K5/1R6/8/3Bk3/6nr/8 w - - 0 1
0,1,0,0,0,0,0,1,-1,1,0,1,1,1,0,0,0,0,0,16,0,0,3,1,3,4,6,2,2,22,23,0,0,0,0,0,0,0,0,7,1,1,0,0,0,0,2,1,0,1,KRBKRNvK,DRAW,8/4k3/2r3n1/8/1K6/8/8/5R1B b - - 0 1
0,1,0,0,0,0,0,1,-1,1,0,1,1,1,0,0,0,0,0,16,0,0,4,3,3,7,5,0,4,18,30,0,0,0,0,0,0,0,0,7,1,1,1,0,0,0,3,0,0,0,KRBKRNvK,DRAW,8/R7/7k/1B6/3K4/8/8/2n3r1 b - - 0 1
1,1,0,0,0,0,0,1,-1,1,0,1,1,1,0,0,0,0,0,16,0,0,2,0,6,2,6,5,3,20,19,0,0,0,0,0,0,0,0,7,1,1,0,0,0,0,0,1,1,0,KRBKRNvK,DRAW,8/K1k5/R7/8/8/6nB/8/2r5 w - - 0 1
0,1,0,0,0,0,0,1,-1,1,0,1,1,1,0,0,0,0,0,16,0,0,4,5,0,3,4,4,0,7,0,1,0,0,0,0,0,0,0,7,1,1,0,0,0,0,2,4,2,0,KRBKRNvK,DRAW,8/8/1n6/3k4/1r6/1R3B2/8/5K2 b - - 0 1
1,1,0,0,0,0,0,1,-1,1,0,1,1,1,0,0,0,0,0,16,0,0,4,6,6,2,3,4,1,24,23,0,0,0,0,0,0,0,0,7,1,1,0,0,0,0,0,4,1,0,KRBKRNvK,DRAW,R7/6K1/8/B7/2k5/4r3/1n6/8 w - - 0 1
0,1,0,0,0,0,0,1,-1,1,0,1,1,1,0,0,0,0,0,16,0,0,3,3,1,6,0,2,5,18,28,0,0,0,0,0,0,0,0,7,1,1,0,0,0,0,2,0,0,0,KRBKRNvK,DRAW,6r1/8/8/5R2/8/B7/3K4/n5k1 b - - 0 1
0,1,0,0,0,0,0,1,-1,1,0,1,1,1,0,0,0,0,0,16,0,0,6,6,2,0,5,3,4,1,0,1,0,0,0,0,0,0,0,7,1,1,0,0,0,0,2,1,1,0,KRBKRNvK,DRAW,8/8/k7/1n6/R7/4B1K1/8/1r6 b - - 0 1
0,1,0,0,0,0,0,1,-1,1,0,1,1,1,0,0,0,0,0,16,0,0,5,0,5,1,0,4,5,22,24,0,0,0,0,0,0,0,0,7,1,1,0,0,0,0,2,2,1,1,KRBKRNvK,DRAW,2n5/8/K7/8/5R2/4r3/8/1k1B4 b - - 0 1
1,1,0,0,0,0,0,1,-1,1,0,1,1,1,0,0,0,0,0,16,0,0,2,4,7,6,5,3,3,21,21,0,0,0,0,0,0,0,0,7,1,1,0,0,0,0,0,0,2,1,KRBKRNvK,DRAW,4K2R/8/2r3k1/4n3/6B1/8/8/8 w - - 0 1
0,1,0,0,0,0,0,1,-1,1,0,1,1,1,0,0,0,0,0,16,0,0,6,1,0,7,3,5,3,19,26,0,0,0,0,0,0,0,0,7,1,1,0,1,0,0,2,1,0,0,KRBKRNvK,DRAW,3R4/8/B7/8/7k/8/5nr1/1K6 b - - 0 1
0,1,0,0,0,0,0,1,-1,1,0,1,1,1,0,0,0,0,0,16,0,0,6,0,2,6,3,4,2,7,0,1,0,0,0,0,0,0,0,7,1,1,0,0,0,0,1,1,1,1,KRBKRNvK,LOSS,8/8/4B3/8/6k1/Kn6/8/R4r2 b - - 0 1
1,1,0,0,0,0,0,1,-1,1,0,1,1,1,0,0,0,0,0,16,0,0,3,4,5,7,5,1,4,7,0,1,0,0,0,0,0,0,0,7,1,1,0,1,0,0,4,2,1,0,KRBKRNvK,DRAW,8/8/4K2k/8/6R1/B7/4r1n1/8 w - - 0 1
0,1,0,0,0,0,0,1,-1,1,0,1,1,1,0,0,0,0,0,16,0,0,6,6,1,0,1,4,5,27,23,0,0,0,0,0,0,0,0,7,1,1,1,0,0,0,2,2,0,1,KRBKRNvK,DRAW,8/2R5/2B5/5n2/4r3/8/k5K1/8 b - - 0 1
1,1,0,0,0,0,0,1,-1,1,0,1,1,1,0,0,0,0,0,16,0,0,6,4,0,6,6,3,4,23,26,0,0,0,0,0,0,0,0,7,1,1,0,0,0,0,2,0,0,0,KRBKRNvK,DRAW,8/6k1/8/B7/n7/1r6/4R3/4K3 w - - 0 1
1,1,0,0,0,0,0,1,-1,1,0,1,1,1,0,0,0,0,0,16,0,0,3,0,5,3,4,4,0,23,25,0,0,0,0,0,0,0,0,7,1,1,0,0,0,0,0,4,1,0,KRBKRNvK,DRAW,6r1/8/KR6/3k4/8/B1n5/8/8 w - - 0 1
1,1,0,0,0,0,0,1,-1,1,0,1,1,1,0,0,0,0,0,16,0,0,5,6,7,1,6,5,4,28,20,0,0,0,0,0,0,0,0,7,1,1,0,1,0,0,2,0,1,0,KRBKRNvK,DRAW,6K1/1k6/8/3R4/8/8/1r3B2/5n2 w - - 0 1
0,1,0,0,0,0,0,1,-1,1,0,1,1,1,0,0,0,0,0,16,0,0,2,2,3,4,2,1,1,21,27,0,0,0,0,0,0,0,0,7,1,1,0,1,0,0,3,2,1,1,KRBKRNvK,DRAW,8/8/n4R2/8/2K5/4k1B1/7r/8 b - - 0 1
1,1,0,0,0,0,0,1,-1,1,0,1,1,1,0,0,0,0,0,16,0,0,4,1,0,5,2,5,2,26,20,0,0,0,0,0,0,0,0,7,1,1,0,0,0,0,3,1,1,1,KRBKRNvK,DRAW,8/2r5/8/2B4R/8/5k2/8/1K1n4 w - - 0 1
0,1,0,0,0,0,0,1,-1,1,0,1,1,1,0,0,0,0,0,16,0,0,5,5,7,2,2,4,2,7,0,1,0,0,0,0,0,0,0,7,1,1,0,0,0,0,0,2,1,0,KRBKRNvK,DRAW,5K2/8/8/B7/6r1/2k5/6n1/7R b - - 0 1
1,1,0,0,0,0,0,1,-1,1,0,1,1,1,0,0,0,0,0,16,0,0,5,0,5,5,5,4,2,28,22,0,0,0,0,0,0,0,0,7,1,1,1,0,0,0,2,2,1,1,KRBKRNvK,DRAW,8/6R1/K4k2/2r5/7n/5B2/8/8 w - - 0 1
0,1,0,0,0,0,0,1,-1,1,0,1,1,1,0,0,0,0,0,16,0,0,2,2,3,4,1,1,2,20,22,0,0,0,0,0,0,0,0,7,1,1,1,0,0,0,2,2,0,1,KRBKRNvK,DRAW,n7/1R6/8/r7/1BK5/8/4k3/8 b - - 0 1
0,1,0,0,0,0,0,1,-1,1,0,1,1,1,0,0,0,0,0,16,0,0,4,3,2,1,6,1,4,30,19,0,0,0,0,0,0,0,0,7,1,1,0,1,0,0,2,0,0,2,KRBKRNvK,DRAW,8/1k6/8/8/3n3R/3K4/5r2/B7 b - - 0 1
0,1,0,0,0,0,0,1,-1,1,0,1,1,1,0,0,0,0,0,16,0,0,5,0,7,5,3,6,1,5,0,1,0,0,0,0,0,0,0,7,1,1,0,0,0,0,2,3,0,0,KRBKRNvK,DRAW,K7/3B1n2/8/4r3/R4k2/8/8/8 b - - 0 1
1,1,0,0,0,0,0,1,-1,1,0,1,1,1,0,0,0,0,0,16,0,0,3,1,7,0,4,5,3,29,17,0,0,0,0,0,0,0,0,7,1,1,0,0,0,0,1,2,0,0,KRBKRNvK,DRAW,1K6/8/8/k7/4r2n/4B3/8/1R6 w - - 0 1
1,1,0,0,0,0,0,1,-1,1,0,1,1,1,0,0,0,0,0,16,0,0,2,1,5,3,4,3,0,23,23,0,0,0,0,0,0,0,0,7,1,1,0,0,0,0,0,3,0,0,KRBKRNvK,DRAW,R3B1n1/8/1K6/3k4/7r/8/8/8 w - - 0 1
0,1,0,0,0,0,0,1,-1,1,0,1,1,1,0,0,0,0,0,16,0,0,5,5,4,0,5,1,4,14,30,0,0,0,0,0,0,0,0,7,1,1,0,0,0,0,4,0,1,1,KRBKRNvK,DRAW,8/r7/k1B5/5K1n/6R1/8/8/8 b - - 0 1
0,1,0,0,0,0,0,1,-1,1,0,1,1,1,0,0,0,0,0,16,0,0,3,4,2,7,4,1,3,4,0,1,0,0,0,0,0,0,0,7,1,1,1,0,0,0,3,2,0,1,KRBKRNvK,DRAW,2n5/3R4/8/2r4k/8/4K3/4B3/8 b - - 0 1
1,1,0,0,0,0,0,1,-1,1,0,1,1,1,0,0,0,0,0,16,0,0,6,1,1,3,7,4,3,22,25,0,0,0,0,0,0,0,0,7,1,1,0,0,0,0,0,3,0,0,KRBKRNvK,DRAW,3k4/8/1n6/8/8/4r3/1K4R1/5B2 w - - 0 1
0,1,0,0,0,0,0,1,-1,1,0,1,1,1,0,0,0,0,0,16,0,0,5,0,7,5,3,6,1,22,22,0,0,0,0,0,0,0,0,7,1,1,0,0,0,0,1,3,0,1,KRBKRNvK,DRAW,K7/7B/2n5/8/2r2k2/8/1R6/8 b - - 0 1
1,1,0,0,0,0,0,1,-1,1,0,1,1,1,0,0,0,0,0,16,0,0,2,3,7,5,6,3,3,2,0,1,0,0,0,0,0,0,0,7,1,1,0,0,0,0,2,0,0,1,KRBKRNvK,DRAW,3K1rn1/5k2/8/8/3R4/7B/8/8 w - - 0 1
1,1,0,0,0,0,0,1,-1,1,0,1,1,1,0,0,0,0,0,16,0,0,5,6,6,1,2,4,3,5,0,1,0,0,0,0,0,0,0,7,1,1,0,0,0,0,1,2,1,2,KRBKRNvK,DRAW,4n3/6K1/8/6r1/8/1k6/5B2/R7 w - - 0 1
0,1,0,0,0,0,0,1,-1,1,0,1,1,1,0,0,0,0,0,16,0,0,5,2,4,7,5,1,4,27,25,0,0,0,0,0,0,0,0,7,1,1,0,0,0,0,2,2,0,1,KRBKRNvK,DRAW,8/8/4B2k/2Kn4/6r1/R7/8/8 b - - 0 1
1,1,0,0,0,0,0,1,-1,1,0,1,1,1,0,0,0,0,0,16,0,0,6,0,6,1,0,5,5,26,21,0,0,0,0,0,0,0,0,7,1,1,0,0,0,0,2,2,0,0,KRBKRNvK,DRAW,3B4/K7/8/2R5/5r2/8/8/1k1n4 w - - 0 1
0,1,0,0,0,0,0,1,-1,1,0,1,1,1,0,0,0,0,0,16,0,0,5,5,6,0,1,3,5,7,0,1,0,0,0,0,0,0,0,7,1,1,0,0,0,0,2,2,0,0,KRBKRNvK,DRAW,8/5K2/4R3/3B4/r7/8/k2n4/8 b - - 0 1
0,1,0,0,0,0,0,1,-1,1,0,1,1,1,0,0,0,0,0,16,0,0,7,1,7,5,0,5,4,23,20,0,0,0,0,0,0,0,0,7,1,1,0,0,0,0,3,1,0,0,KRBKRNvK,DRAW,1K6/8/6r1/1n6/4R3/8/8/1B3k2 b - - 0 1
0,1,0,0,0,0,0,1,-1,1,0,1,1,1,0,0,0,0,0,16,0,0,6,0,1,6,6,5,4,8,0,1,0,0,0,0,0,0,0,7,1,1,0,0,0,0,2,1,0,1,KRBKRNvK,DRAW,8/6k1/1r6/8/2n5/2B5/K7/2R5 b - - 0 1
0,1,0,0,0,0,0,1,-1,1,0,1,1,1,0,0,0,0,0,16,0,0,3,7,4,5,7,3,4,26,21,0,0,0,0,0,0,0,0,7,1,1,0,1,0,0,2,3,0,0,KRBKRNvK,DRAW,5k2/8/8/1R5K/B1n5/8/3r4/8 b - - 0 1
0,1,0,0,0,0,0,1,-1,1,0,1,1,1,0,0,0,0,0,16,0,0,3,1,5,4,6,3,2,6,0,1,0,0,0,0,0,0,0,7,1,1,0,0,0,0,2,0,0,0,KRBKRNvK,DRAW,8/4k3/1K6/8/8/n3R3/8/5rB1 b - - 0 1
0,1,0,0,0,0,0,1,-1,1,0,1,1,1,0,0,0,0,0,16,0,0,5,0,5,5,1,4,3,24,21,0,0,0,0,0,0,0,0,7,1,1,0,0,0,0,0,0,0,0,KRBKRNvK,DRAW,1R6/8/K6n/1B6/8/2r5/5k2/8 b - - 0 1
0,1,0,0,0,0,0,1,-1,1,0,1,1,1,0,0,0,0,0,16,0,0,2,5,2,7,1,2,5,3,0,1,0,0,0,0,0,0,0,7,1,1,0,0,0,0,3,0,0,1,KRBKRNvK,LOSS,1B6/2r5/8/8/8/5K2/3R3k/7n b - - 0 1
0,1,0,0,0,0,0,1,-1,1,0,1,1,1,0,0,0,0,0,16,0,0,5,0,5,5,5,4,2,4,0,1,0,0,0,0,0,0,0,7,1,1,1,1,0,0,0,1,1,1,KRBKRNvK,DRAW,n6B/2R5/K4k2/8/8/8/1r6/8 b - - 0 1
1,1,0,0,0,0,0,1,-1,1,0,1,1,1,0,0,0,0,0,16,0,0,5,5,1,0,0,3,6,25,18,0,0,0,0,0,0,0,0,7,1,1,0,0,0,0,0,0,0,0,KRBKRNvK,DRAW,3n4/8/BR6/8/8/8/5K2/k1r5 w - - 0 1
0,1,0,0,0,0,0,1,-1,1,0,1,1,1,0,0,0,0,0,16,0,0,6,1,6,0,0,4,6,20,22,0,0,0,0,0,0,0,0,7,1,1,0,0,0,0,2,3,0,1,KRBKRNvK,DRAW,5B2/1K6/8/r7/1R6/6n1/8/k7 b - - 0 1
1,1,0,0,0,0,0,1,-1,1,0,1,1,1,0,0,0,0,0,16,0,0,3,3,3,0,2,0,4,4,0,1,0,0,0,0,0,0,0,7,1,1,0,0,0,0,4,2,1,0,KRBKRNvK,DRAW,3r4/8/8/8/3K4/k1B3R1/8/3n4 w - - 0 1
0,1,0,0,0,0,0,1,-1,1,0,1,1,1,0,0,0,0,0,16,0,0,3,4,1,5,4,2,1,16,29,0,0,0,0,0,0,0,0,7,1,1,0,0,0,0,3,3,1,0,KRBKRNvK,DRAW,8/8/4nr2/5k2/8/5B2/4K3/3R4 b - - 0 1
0,1,0,0,0,0,0,1,-1,1,0,1,1,1,0,0,0,0,0,16,0,0,2,3,2,1,4,1,2,24,19,0,0,0,0,0,0,0,0,7,1,1,0,0,0,0,2,1,1,0,KRBKRNvK,DRAW,8/4n3/7r/1k6/8/R2K4/8/5B2 b - - 0 1
1,1,0,0,0,0,0,1,-1,1,0,1,1,1,0,0,0,0,0,16,0,0,5,5,5,3,0,2,3,25,23,0,0,0,0,0,0,0,0,7,1,1,0,0,0,0,1,1,1,0,KRBKRNvK,DRAW,8/2r5/5K2/8/8/BR6/5n2/3k4 w - - 0 1
1,1,0,0,0,0,0,1,-1,1,0,1,1,1,0,0,0,0,0,16,0,0,3,4,3,6,6,0,4,5,0,1,0,0,0,0,0,0,0,7,1,1,0,1,0,0,3,2,0,1,KRBKRNvK,DRAW,8/2n3k1/8/R7/4K3/8/4r2B/8 w - - 0 1
1,1,0,0,0,0,0,1,-1,1,0,1,1,1,0,0,0,0,0,16,0,0,5,5,5,5,0,2,4,28,21,0,0,0,0,0,0,0,0,7,1,1,0,0,0,0,2,0,0,0,KRBKRNvK,DRAW,8/n7/5K2/1R6/8/1B5r/8/5k2 w - - 0 1
1,1,0,0,0,0,0,1,-1,1,0,1,1,1,0,0,0,0,0,16,0,0,4,4,7,7,3,3,3,19,17,0,0,0,0,0,0,0,0,7,1,1,0,0,0,0,0,1,0,0,KRBKRNvK,DRAW,4K3/8/8/8/5n1k/2R5/4B3/4r3 w - - 0 1
1,1,0,0,0,0,0,1,-1,1,0,1,1,1,0,0,0,0,0,16,0,0,4,6,1,2,3,4,1,25,28,0,0,0,0,0,0,0,0,7,1,1,0,0,0,0,1,3,0,1,KRBKRNvK,DRAW,8/2B5/8/7r/2k3n1/8/5RK1/8 w - - 0 1
1,1,0,0,0,0,0,1,-1,1,0,1,1,1,0,0,0,0,0,16,0,0,2,5,6,6,4,3,2,21,21,0,0,0,0,0,0,0,0,7,1,1,0,0,0,0,1,2,0,0,KRBKRNvK,DRAW,5R2/2B2K2/8/6k1/1r6/8/1n6/8 w - - 0 1
1,1,0,0,0,0,0,1,-1,1,0,1,1,1,0,0,0,0,0,16,0,0,4,1,1,5,0,4,4,6,0,1,0,0,0,0,0,0,0,7,1,1,0,0,0,0,0,2,0,0,KRBKRNvK,DRAW,2R3n1/8/8/1r6/6B1/8/1K6/5k2 w - - 0 1
1,1,0,0,0,0,0,1,-1,1,0,1,1,1,0,0,0,0,0,16,0,0,3,5,4,2,3,1,1,23,26,0,0,0,0,0,0,0,0,7,1,1,0,0,0,0,2,2,1,0,KRBKRNvK,DRAW,7r/8/3B1R2/5K2/2k5/8/2n5/8 w - - 0 1
0,1,0,0,0,0,0,1,-1,1,0,1,1,1,0,0,0,0,0,16,0,0,5,1,7,6,2,5,3,5,0,1,0,0,0,0,0,0,0,7,1,1,0,0,0,0,0,0,1,1,KRBKRNvK,DRAW,1K1n3r/8/8/8/8/6k1/8/2B3R1 b - - 0 1
1,1,0,0,0,0,0,1,-1,1,0,1,1,1,0,0,0,0,0,16,0,0,4,3,2,0,6,1,5,19,22,0,0,0,0,0,0,0,0,7,1,1,0,0,0,0,3,3,1,1,KRBKRNvK,DRAW,B7/k4n2/8/8/5r2/3K4/3R4/8 w - - 0 1
0,1,0,0,0,0,0,1,-1,1,0,1,1,1,0,0,0,0,0,16,0,0,2,5,5,7,5,2,4,0,0,1,0,0,0,0,0,0,0,7,1,1,0,0,0,0,1,1,1,0,KRBKRNvK,LOSS,7R/8/5K1k/B7/8/1n6/8/1r6 b - - 0 1
0,1,0,0,0,0,0,1,-1,1,0,1,1,1,0,0,0,0,0,16,0,0,6,7,7,1,5,6,3,27,21,0,0,0,0,0,0,0,0,7,1,1,0,0,0,0,2,2,0,0,KRBKRNvK,DRAW,7K/8/1k3BR1/1n6/2r5/8/8/8 b - - 0 1
1,1,0,0,0,0,0,1,-1,1,0,1,1,1,0,0,0,0,0,16,0,0,4,1,0,1,4,5,2,28,28,0,0,0,0,0,0,0,0,7,1,1,1,0,0,0,2,2,1,0,KRBKRNvK,DRAW,r7/7R/8/1k6/8/2B2n2/8/1K6 w - - 0 1
1,1,0,0,0,0,0,1,-1,1,0,1,1,1,0,0,0,0,0,16,0,0,2,2,4,3,2,1,1,5,0,1,0,0,0,0,0,0,0,7,1,1,0,0,0,0,4,4,0,0,KRBKRNvK,DRAW,3n4/8/4R3/2K3r1/8/3k4/8/7B w - - 0 1
0,1,0,0,0,0,0,1,-1,1,0,1,1,1,0,0,0,0,0,16,0,0,4,4,3,2,7,0,4,3,0,1,0,0,0,0,0,0,0,7,1,1,0,0,0,0,3,1,0,0,KRBKRNvK,DRAW,r1k2R2/2n5/8/8/4K3/8/8/B7 b - - 0 1
0,1,0,0,0,0,0,1,-1,1,0,1,1,1,0,0,0,0,0,16,0,0,2,2,4,0,4,1,3,3,0,1,0,0,0,0,0,0,0,7,1,1,0,1,0,0,3,2,1,1,KRBKRNvK,DRAW,8/8/2n5/k1K4R/8/2B5/6r1/8 b - - 0 1
1,1,0,0,0,0,0,1,-1,1,0,1,1,1,0,0,0,0,0,16,0,0,3,5,4,2,4,1,1,20,21,0,0,0,0,0,0,0,0,7,1,1,0,1,0,0,3,3,0,1,KRBKRNvK,DRAW,8/5n2/8/2k2K2/8/5B2/5r2/6R1 w - - 0 1
0,1,0,0,0,0,0,1,-1,1,0,1,1,1,0,0,0,0,0,16,0,0,6,0,6,6,4,5,2,18,28,0,0,0,0,0,0,0,0,7,1,1,0,0,0,0,3,1,2,0,KRBKRNvK,DRAW,6r1/K7/4R3/6k1/8/1n3B2/8/8 b - - 0 1
0,1,0,0,0,0,0,1,-1,1,0,1,1,1,0,0,0,0,0,16,0,0,3,4,5,2,2,1,2,6,0,1,0,0,0,0,0,0,0,7,1,1,0,0,0,0,2,1,0,0,KRBKRNvK,DRAW,8/8/4K3/n7/8/2k4R/8/5Br1 b - - 0 1
1,1,0,0,0,0,0,1,-1,1,0,1,1,1,0,0,0,0,0,16,0,0,3,6,3,3,2,2,1,7,0,1,0,0,0,0,0,0,0,7,1,1,0,0,0,0,1,3,2,1,KRBKRNvK,LOSS,8/8/r7/8/6K1/1B1kn3/8/5R2 w - - 0 1
1,1,0,0,0,0,0,1,-1,1,0,1,1,1,0,0,0,0,0,16,0,0,3,3,5,5,2,1,2,30,23,0,0,0,0,0,0,0,0,7,1,1,0,0,0,0,2,2,0,0,KRBKRNvK,DRAW,8/3B4/3K4/8/8/r4k2/2n5/1R6 w - - 0 1
0,1,0,0,0,0,0,1,-1,1,0,1,1,1,0,0,0,0,0,16,0,0,4,1,0,5,1,5,3,27,22,0,0,0,0,0,0,0,0,7,1,1,0,0,0,0,2,2,1,0,KRBKRNvK,DRAW,3R4/8/8/8/3n4/4r3/5k2/1K1B4 b - - 0 1
1,1,0,0,0,0,0,1,-1,1,0,1,1,1,0,0,0,0,0,16,0,0,2,3,6,1,4,2,2,6,0,1,0,0,0,0,0,0,0,7,1,1,1,0,0,0,0,1,0,1,KRBKRNvK,DRAW,8/3K1R2/1n6/1k6/8/8/8/r3B3 w - - 0 1
1,1,0,0,0,0,0,1,-1,1,0,1,1,1,0,0,0,0,0,16,0,0,5,3,5,7,0,1,6,5,0,1,0,0,0,0,0,0,0,7,1,1,0,0,0,0,3,0,0,2,KRBKRNvK,DRAW,3rn3/8/3K4/3R4/8/1B6/8/7k w - - 0 1
0,1,0,0,0,0,0,1,-1,1,0,1,1,1,0,0,0,0,0,16,0,0,4,1,0,5,2,5,2,29,26,0,0,0,0,0,0,0,0,7,1,1,0,0,0,0,1,2,0,0,KRBKRNvK,DRAW,R7/8/4n3/8/6r1/1B3k2/8/1K6 b - - 0 1
1,1,0,0,0,0,0,1,-1,1,0,1,1,1,0,0,0,0,0,16,0,0,3,4,7,1,6,3,4,29,22,0,0,0,0,0,0,0,0,7,1,1,0,0,0,0,2,2,1,0,KRBKRNvK,DRAW,4K3/1k6/3B4/1n1r4/8/8/8/4R3 w - - 0 1
0,1,0,0,0,0,0,1,-1,1,0,1,1,1,0,0,0,0,0,16,0,0,6,6,3,0,7,2,6,21,26,0,0,0,0,0,0,0,0,7,1,1,0,0,0,0,2,0,0,0,KRBKRNvK,DRAW,k1n5/3B4/8/8/6K1/8/4R3/5r2 b - - 0 1
0,1,0,0,0,0,0,1,-1,1,0,1,1,1,0,0,0,0,0,16,0,0,2,4,0,6,2,3,3,26,22,0,0,0,0,0,0,0,0,7,1,1,0,0,0,0,2,1,0,1,KRBKRNvK,DRAW,8/8/3R4/B7/5n2/2r3k1/8/4K3 b - - 0 1
1,1,0,0,0,0,0,1,-1,1,0,1,1,1,0,0,0,0,0,16,0,0,6,1,7,7,5,5,4,5,0,1,0,0,0,0,0,0,0,7,1,1,0,0,0,0,1,0,0,0,KRBKRNvK,DRAW,1K2r3/8/2R1B2k/8/8/7n/8/8 w - - 0 1
0,1,0,0,0,0,0,1,-1,1,0,1,1,1,0,0,0,0,0,16,0,0,3,2,1,5,3,3,1,21,22,0,0,0,0,0,0,0,0,7,1,1,0,0,0,0,0,2,1,1,KRBKRNvK,DRAW,6B1/5r2/8/8/5k2/7R/2Kn4/8 b - - 0 1
1,1,0,0,0,0,0,1,-1,1,0,1,1,1,0,0,0,0,0,16,0,0,3,3,4,0,6,0,5,5,0,1,0,0,0,0,0,0,0,7,1,1,0,0,0,0,4,1,0,2,KRBKRNvK,DRAW,8/k7/1r6/3K3R/1n6/8/2B5/8 w - - 0 1
1,1,0,0,0,0,0,1,-1,1,0,1,1,1,0,0,0,0,0,16,0,0,5,0,1,0,6,5,5,24,20,0,0,0,0,0,0,0,0,7,1,1,0,0,0,0,3,0,0,1,KRBKRNvK,DRAW,4R3/k7/n7/8/8/8/K7/B1r5 w - - 0 1
0,1,0,0,0,0,0,1,-1,1,0,1,1,1,0,0,0,0,0,16,0,0,7,7,6,0,6,5,5,4,0,1,0,0,0,0,0,0,0,7,1,1,1,0,0,0,0,2,0,0,KRBKRNvK,DRAW,8/k4R1K/8/8/4r3/8/n3B3/8 b - - 0 1
1,1,0,0,0,0,0,1,-1,1,0,1,1,1,0,0,0,0,0,16,0,0,2,6,7,7,5,5,4,24,17,0,0,0,0,0,0,0,0,7,1,1,0,1,0,0,1,0,0,0,KRBKRNvK,DRAW,6K1/8/7k/n7/8/2R5/r6B/8 w - - 0 1
0,1,0,0,0,0,0,1,-1,1,0,1,1,1,0,0,0,0,0,16,0,0,6,6,0,0,6,5,5,4,0,1,0,0,0,0,0,0,0,7,1,1,0,0,0,0,1,0,0,0,KRBKRNvK,DRAW,7r/k7/8/8/8/4B3/n7/R5K1 b - - 0 1
0,1,0,0,0,0,0,1,-1,1,0,1,1,1,0,0,0,0,0,16,0,0,5,1,0,6,5,5,3,18,25,0,0,0,0,0,0,0,0,7,1,1,0,0,0,0,2,2,0,0,KRBKRNvK,DRAW,6n1/8/6k1/8/6r1/8/5R2/BK6 b - - 0 1
0,1,0,0,0,0,0,1,-1,1,0,1,1,1,0,0,0,0,0,16,0,0,2,7,1,5,2,5,2,6,0,1,0,0,0,0,0,0,0,7,1,1,0,0,0,0,2,3,0,0,KRBKRNvK,DRAW,8/1B6/1n4R1/1r6/8/5k2/7K/8 b - - 0 1
0,1,0,0,0,0,0,1,-1,1,0,1,1,1,0,0,0,0,0,16,0,0,5,7,3,2,6,3,3,27,28,0,0,0,0,0,0,0,0,7,1,1,0,0,0,0,0,1,0,0,KRBKRNvK,DRAW,5r2/2k5/8/8/7K/3n4/3B4/1R6 b - - 0 1
0,1,0,0,0,0,0,1,-1,1,0,1,1,1,0,0,0,0,0,16,0,0,3,3,2,5,5,1,2,27,18,0,0,0,0,0,0,0,0,7,1,1,0,0,0,0,2,1,1,2,KRBKRNvK,DRAW,8/8/5k2/7B/4n3/3KR3/8/1r6 b - - 0 1
0,1,0,0,0,0,0,1,-1,1,0,1,1,1,0,0,0,0,0,16,0,0,4,1,6,4,2,4,1,4,0,1,0,0,0,0,0,0,0,7,1,1,0,1,0,0,0,3,1,1,KRBKRNvK,DRAW,8/1Kn5/8/6B1/8/1R2k3/2r5/8 b - - 0 1
0,1,0,0,0,0,0,1,-1,1,0,1,1,1,0,0,0,0,0,16,0,0,4,4,5,0,7,1,6,19,31,0,0,0,0,0,0,0,0,7,1,1,0,1,0,0,2,0,0,0,KRBKRNvK,DRAW,k7/8/4K3/8/1B6/8/1n4r1/2R5 b - - 0 1
1,1,0,0,0,0,0,1,-1,1,0,1,1,1,0,0,0,0,0,16,0,0,3,5,3,2,6,1,3,7,0,1,0,0,0,0,0,0,0,7,1,1,0,0,0,0,2,1,1,1,KRBKRNvK,DRAW,1Rr5/2k5/4n3/8/5K2/8/8/3B4 w - - 0 1
0,1,0,0,0,0,0,1,-1,1,0,1,1,1,0,0,0,0,0,16,0,0,3,2,3,5,0,1,4,22,35,0,0,0,0,0,0,0,0,7,1,1,0,0,0,0,2,0,0,0,KRBKRNvK,DRAW,8/7r/1R6/4B3/2K5/8/6n1/5k2 b - - 0 1
0,1,0,0,0,0,0,1,-1,1,0,1,1,1,0,0,0,0,0,16,0,0,4,0,6,0,2,5,4,21,24,0,0,0,0,0,0,0,0,7,1,1,0,0,0,0,3,0,0,1,KRBKRNvK,DRAW,8/Kn6/6B1/8/4R3/k7/8/7r b - - 0 1
1,1,0,0,0,0,0,1,-1,1,0,1,1,1,0,0,0,0,0,16,0,0,7,2,7,2,0,4,4,24,21,0,0,0,0,0,0,0,0,7,1,1,0,0,0,0,2,2,0,1,KRBKRNvK,DRAW,1nK2R2/8/2B5/8/1r6/8/8/2k5 w - - 0 1
0,1,0,0,0,0,0,1,-1,1,0,1,1,1,0,0,0,0,0,16,0,0,5,1,2,6,0,3,5,4,0,1,0,0,0,0,0,0,0,7,1,1,0,0,0,0,1,2,0,0,KRBKRNvK,DRAW,4n3/8/4B3/8/4r3/1K6/8/R5k1 b - - 0 1
1,1,0,0,0,0,0,1,-1,1,0,1,1,1,0,0,0,0,0,16,0,0,3,2,3,5,5,1,2,7,0,1,0,0,0,0,0,0,0,7,1,1,0,0,0,0,3,1,0,0,KRBKRNvK,DRAW,8/1Brn4/5k2/8/2K5/8/R7/8 w - - 0 1
1,1,0,0,0,0,0,1,-1,1,0,1,1,1,0,0,0,0,0,16,0,0,4,3,7,1,3,3,2,24,19,0,0,0,0,0,0,0,0,7,1,1,0,0,0,0,1,0,0,0,KRBKRNvK,DRAW,3K4/6n1/8/8/1k6/1r6/7R/6B1 w - - 0 1
1,1,0,0,0,0,0,1,-1,1,0,1,1,1,0,0,0,0,0,16,0,0,6,6,7,0,5,5,4,24,23,0,0,0,0,0,0,0,0,7,1,1,0,0,0,0,0,3,2,0,KRBKRNvK,DRAW,2R3K1/8/k7/B7/8/4rn2/8/8 w - - 0 1
1,1,0,0,0,0,0,1,-1,1,0,1,1,1,0,0,0,0,0,16,0,0,4,5,4,1,4,1,2,27,24,0,0,0,0,0,0,0,0,7,1,1,0,0,0,0,3,3,1,1,KRBKRNvK,DRAW,8/3r4/7B/1k3K2/2R5/8/5n2/8 w - - 0 1
1,1,0,0,0,0,0,1,-1,1,0,1,1,1,0,0,0,0,0,16,0,0,2,6,6,4,5,4,1,31,18,0,0,0,0,0,0,0,0,7,1,1,0,0,0,0,1,2,1,0,KRBKRNvK,DRAW,8/1n4K1/2r1k3/8/3B4/8/8/5R2 w - - 0 1
1,1,0,0,0,0,0,1,-1,1,0,1,1,1,0,0,0,0,0,16,0,0,5,6,7,1,3,5,2,26,21,0,0,0,0,0,0,0,0,7,1,1,0,0,0,0,2,2,0,0,KRBKRNvK,DRAW,n1B3K1/8/8/7R/1k6/4r3/8/8 w - - 0 1
1,1,0,0,0,0,0,1,-1,1,0,1,1,1,0,0,0,0,0,16,0,0,3,0,7,3,7,6,3,27,17,0,0,0,0,0,0,0,0,7,1,1,1,0,0,0,1,3,0,0,KRBKRNvK,DRAW,K2kr3/7R/8/1n6/5B2/8/8/8 w - - 0 1
1,1,0,0,0,0,0,1,-1,1,0,1,1,1,0,0,0,0,0,16,0,0,3,4,5,1,7,1,5,23,17,0,0,0,0,0,0,0,0,7,1,1,0,1,0,0,3,0,1,0,KRBKRNvK,DRAW,1k6/8/3RK3/8/1B6/8/1r6/7n w - - 0 1
1,1,0,0,0,0,0,1,-1,1,0,1,1,1,0,0,0,0,0,16,0,0,4,6,5,2,7,3,4,32,27,0,0,0,0,0,0,0,0,7,1,1,0,1,0,0,2,0,0,0,KRBKRNvK,DRAW,2k5/8/6K1/2Bn4/5R2/8/1r6/8 w - - 0 1
1,1,0,0,0,0,0,1,-1,1,0,1,1,1,0,0,0,0,0,16,0,0,2,2,2,1,0,2,5,4,0,1,0,0,0,0,0,0,0,7,1,1,0,0,0,0,2,0,0,2,KRBKRNvK,DRAW,8/2B5/8/8/8/r1K5/7R/1k1n4 w - - 0 1
1,1,0,0,0,0,0,1,-1,1,0,1,1,1,0,0,0,0,0,16,0,0,6,1,0,7,6,5,5,24,19,0,0,0,0,0,0,0,0,7,1,1,0,0,0,0,3,2,0,0,KRBKRNvK,DRAW,6n1/7k/4R3/8/2r5/8/8/1K4B1 w - - 0 1
1,1,0,0,0,0,0,1,-1,1,0,1,1,1,0,0,0,0,0,16,0,0,2,3,2,2,0,1,4,25,22,0,0,0,0,0,0,0,0,7,1,1,0,0,0,0,2,1,0,1,KRBKRNvK,DRAW,5R2/8/r7/7B/8/3K4/3n4/2k5 w - - 0 1
1,1,0,0,0,0,0,1,-1,1,0,1,1,1,0,0,0,0,0,16,0,0,3,6,2,3,5,3,1,5,0,1,0,0,0,0,0,0,0,7,1,1,0,0,0,0,2,3,0,0,KRBKRNvK,DRAW,8/8/3kn1B1/8/6R1/r5K1/8/8 w - - 0 1
1,1,0,0,0,0,0,1,-1,1,0,1,1,1,0,0,0,0,0,16,0,0,3,5,6,3,3,3,0,31,21,0,0,0,0,0,0,0,0,7,1,1,0,0,0,0,0,3,1,0,KRBKRNvK,DRAW,8/5K2/7R/8/3k4/r7/4B3/n7 w - - 0 1
0,1,0,0,0,0,0,1,-1,1,0,1,1,1,0,0,0,0,0,16,0,0,2,5,3,5,5,1,2,22,21,0,0,0,0,0,0,0,0,7,1,1,0,0,0,0,2,1,0,0,KRBKRNvK,DRAW,2n5/2r5/5k2/B7/5K2/8/8/R7 b - - 0 1
1,1,0,0,0,0,0,1,-1,1,0,1,1,1,0,0,0,0,0,16,0,0,6,0,0,5,6,6,3,2,0,1,0,0,0,0,0,0,0,7,1,1,0,0,0,0,0,1,0,1,KRBKRNvK,DRAW,8/r4k2/8/1B6/8/1n6/2R5/K7 w - - 0 1
1,1,0,0,0,0,0,1,-1,1,0,1,1,1,0,0,0,0,0,16,0,0,4,4,1,0,0,2,6,4,0,1,0,0,0,0,0,0,0,7,1,1,0,0,0,0,2,3,0,1,KRBKRNvK,DRAW,B7/8/6R1/5r2/8/2n5/4K3/k7 w - - 0 1
0,1,0,0,0,0,0,1,-1,1,0,1,1,1,0,0,0,0,0,16,0,0,3,0,4,1,1,3,4,30,20,0,0,0,0,0,0,0,0,7,1,1,0,0,0,0,0,1,0,0,KRBKRNvK,DRAW,4B3/8/5r2/K7/8/4n2R/1k6/8 b - - 0 1
1,1,0,0,0,0,0,1,-1,1,0,1,1,1,0,0,0,0,0,16,0,0,5,1,2,1,7,3,5,22,21,0,0,0,0,0,0,0,0,7,1,1,0,0,0,0,0,1,1,0,KRBKRNvK,DRAW,1kB5/8/8/4n1r1/8/1K6/8/1R6 w - - 0 1
1,1,0,0,0,0,0,1,-1,1,0,1,1,1,0,0,0,0,0,16,0,0,6,7,7,2,1,6,3,2,0,1,0,0,0,0,0,0,0,7,1,1,0,0,0,0,3,2,1,0,KRBKRNvK,LOSS,1B2r2K/n7/8/8/8/8/2k5/3R4 w - - 0 1
0,1,0,0,0,0,0,1,-1,1,0,1,1,1,0,0,0,0,0,16,0,0,4,7,1,4,5,5,1,24,17,0,0,0,0,0,0,0,0,7,1,1,0,0,0,0,2,3,0,1,KRBKRNvK,DRAW,8/8/4k3/8/8/1r4n1/6RK/B7 b - - 0 1
0,1,0,0,0,0,0,1,-1,1,0,1,1,1,0,0,0,0,0,16,0,0,6,6,1,0,1,4,5,5,0,1,0,0,0,0,0,0,0,7,1,1,1,0,0,0,0,2,0,0,KRBKRNvK,DRAW,4r3/R7/8/2n5/8/8/k2B2K1/8 b - - 0 1
0,1,0,0,0,0,0,1,-1,1,0,1,1,1,0,0,0,0,0,16,0,0,2,1,6,3,6,4,2,3,0,1,0,0,0,0,0,0,0,7,1,1,0,0,0,0,2,0,0,0,KRBKRNvK,DRAW,6r1/1K1k4/7B/8/3R4/8/8/5n2 b - - 0 1
0,1,0,0,0,0,0,1,-1,1,0,1,1,1,0,0,0,0,0,16,0,0,6,7,7,5,1,6,3,23,26,0,0,0,0,0,0,0,0,7,1,1,0,0,0,0,1,2,1,0,KRBKRNvK,DRAW,2R4K/8/8/1r6/8/3B3n/5k2/8 b - - 0 1
0,1,0,0,0,0,0,1,-1,1,0,1,1,1,0,0,0,0,0,16,0,0,4,1,3,0,7,2,6,2,0,1,0,0,0,0,0,0,0,7,1,1,0,1,0,0,2,1,0,1,KRBKRNvK,DRAW,k2R4/8/8/8/1Kn5/8/3B1r2/8 b - - 0 1
1,1,0,0,0,0,0,1,-1,1,0,1,1,1,0,0,0,0,0,16,0,0,3,6,0,6,3,5,2,28,26,0,0,0,0,0,0,0,0,7,1,1,0,0,0,0,2,1,1,0,KRBKRNvK,DRAW,7r/8/8/1R6/2n2Bk1/8/8/6K1 w - - 0 1
1,1,0,0,0,0,0,1,-1,1,0,1,1,1,0,0,0,0,0,16,0,0,3,3,0,6,0,3,5,24,22,0,0,0,0,0,0,0,0,7,1,1,0,1,0,0,0,1,1,0,KRBKRNvK,DRAW,5R2/8/8/2n5/8/8/r3B3/3K2k1 w - - 0 1
1,1,0,0,0,0,0,1,-1,1,0,1,1,1,0,0,0,0,0,16,0,0,5,0,0,5,1,6,3,23,25,0,0,0,0,0,0,0,0,7,1,1,1,0,0,0,2,0,0,0,KRBKRNvK,DRAW,2r5/3R1B2/8/8/8/7n/5k2/K7 w - - 0 1
1,1,0,0,0,0,0,1,-1,1,0,1,1,1,0,0,0,0,0,16,0,0,6,7,2,1,1,4,4,23,20,0,0,0,0,0,0,0,0,7,1,1,0,0,0,0,0,0,1,1,KRBKRNvK,DRAW,6r1/8/8/1B6/8/2R4K/1k4n1/8 w - - 0 1
1,1,0,0,0,0,0,1,-1,1,0,1,1,1,0,0,0,0,0,16,0,0,3,4,2,2,5,1,2,1,0,1,0,0,0,0,0,0,0,7,1,1,0,0,0,0,3,3,0,2,KRBKRNvK,DRAW,8/8/2k5/8/5r2/3RK3/4B1n1/8 w - - 0 1
1,1,0,0,0,0,0,1,-1,1,0,1,1,1,0,0,0,0,0,16,0,0,7,7,3,0,5,3,4,23,20,0,0,0,0,0,0,0,0,7,1,1,1,0,0,0,1,1,1,0,KRBKRNvK,DRAW,8/B5R1/k7/8/2n4K/r7/8/8 w - - 0 1
0,1,0,0,0,0,0,1,-1,1,0,1,1,1,0,0,0,0,0,16,0,0,7,0,6,7,1,5,5,23,22,0,0,0,0,0,0,0,0,7,1,1,0,0,0,0,0,3,0,1,KRBKRNvK,DRAW,8/K7/R7/2r3n1/1B6/8/7k/8 b - - 0 1
0,1,0,0,0,0,0,1,-1,1,0,1,1,1,0,0,0,0,0,16,0,0,6,0,0,6,3,6,2,21,24,0,0,0,0,0,0,0,0,7,1,1,0,0,0,0,2,2,0,0,KRBKRNvK,DRAW,2n5/8/8/6r1/6k1/B7/3R4/K7 b - - 0 1
1,1,0,0,0,0,0,1,-1,1,0,1,1,1,0,0,0,0,0,16,0,0,2,2,6,4,5,3,1,24,16,0,0,0,0,0,0,0,0,7,1,1,0,0,0,0,2,3,1,2,KRBKRNvK,DRAW,8/2Kn4/B2rk3/5R2/8/8/8/8 w - - 0 1
1,1,0,0,0,0,0,1,-1,1,0,1,1,1,0,0,0,0,0,16,0,0,5,6,2,4,7,3,3,6,0,1,0,0,0,0,0,0,0,7,1,1,0,0,0,0,3,2,0,1,KRBKRNvK,DRAW,1n2k3/8/8/6r1/8/6K1/3R4/7B w - - 0 1
0,1,0,0,0,0,0,1,-1,1,0,1,1,1,0,0,0,0,0,16,0,0,5,6,2,1,7,3,5,2,0,1,0,0,0,0,0,0,0,7,1,1,0,0,0,0,2,0,0,0,KRBKRNvK,DRAW,rk6/n7/8/5R2/5B2/6K1/8/8 b - - 0 1
0,1,0,0,0,0,0,1,-1,1,0,1,1,1,0,0,0,0,0,16,0,0,7,7,0,0,1,6,5,23,22,0,0,0,0,0,0,0,0,7,1,1,0,0,0,0,2,0,0,0,KRBKRNvK,DRAW,1B6/8/2r5/7R/8/8/k7/4n2K b - - 0 1
1,1,0,0,0,0,0,1,-1,1,0,1,1,1,0,0,0,0,0,16,0,0,2,6,3,4,1,2,2,20,24,0,0,0,0,0,0,0,0,7,1,1,0,0,0,0,1,0,0,0,KRBKRNvK,DRAW,8/8/1r6/8/n5KR/8/B3k3/8 w - - 0 1
0,1,0,0,0,0,0,1,-1,1,0,1,1,1,0,0,0,0,0,16,0,0,5,4,1,5,6,2,3,5,0,1,0,0,0,0,0,0,0,7,1,1,1,0,0,0,2,0,1,0,KRBKRNvK,DRAW,n7/3R1k2/8/8/1B6/1r6/4K3/8 b - - 0 1
0,1,0,0,0,0,0,1,-1,1,0,1,1,1,0,0,0,0,0,16,0,0,2,2,3,0,2,1,4,19,24,0,0,0,0,0,0,0,0,7,1,1,0,0,0,0,2,0,0,1,KRBKRNvK,DRAW,8/B7/8/8/2K5/kr6/7n/3R4 b - - 0 1
1,1,0,0,0,0,0,1,-1,1,0,1,1,1,0,0,0,0,0,16,0,0,6,2,0,0,6,4,5,24,20,0,0,0,0,0,0,0,0,7,1,1,0,0,0,0,2,2,0,0,KRBKRNvK,DRAW,8/k2r4/7R/n7/8/8/8/B1K5 w - - 0 1
1,1,0,0,0,0,0,1,-1,1,0,1,1,1,0,0,0,0,0,16,0,0,5,7,6,5,1,5,3,23,20,0,0,0,0,0,0,0,0,7,1,1,0,0,0,0,2,0,1,0,KRBKRNvK,DRAW,8/7K/1r6/8/8/8/5k1n/R6B w - - 0 1
0,1,0,0,0,0,0,1,-1,1,0,1,1,1,0,0,0,0,0,16,0,0,5,2,6,3,1,3,2,16,23,0,0,0,0,0,0,0,0,7,1,1,0,1,0,0,0,2,1,0,KRBKRNvK,DRAW,3B4/2K5/8/8/8/1R3n2/3k1r2/8 b - - 0 1
0,1,0,0,0,0,0,1,-1,1,0,1,1,1,0,0,0,0,0,16,0,0,5,0,3,5,4,3,1,27,23,0,0,0,0,0,0,0,0,7,1,1,1,1,0,0,1,2,0,0,KRBKRNvK,DRAW,8/2R2n2/8/5k2/K1B5/8/6r1/8 b - - 0 1
1,1,0,0,0,0,0,1,-1,1,0,1,1,1,0,0,0,0,0,16,0,0,5,4,7,2,2,3,2,25,19,0,0,0,0,0,0,0,0,7,1,1,0,0,0,0,0,2,0,0,KRBKRNvK,DRAW,4K3/8/BR6/8/8/2k2n1r/8/8 w - - 0 1
1,1,0,0,0,0,0,1,-1,1,0,1,1,1,0,0,0,0,0,16,0,0,6,3,0,0,6,3,5,24,17,0,0,0,0,0,0,0,0,7,1,1,0,0,0,0,0,0,0,0,KRBKRNvK,DRAW,2r2n2/k7/8/8/8/1R6/8/2BK4 w - - 0 1
1,1,0,0,0,0,0,1,-1,1,0,1,1,1,0,0,0,0,0,16,0,0,7,0,1,7,6,5,5,26,17,0,0,0,0,0,0,0,0,7,1,1,0,0,0,0,2,0,1,0,KRBKRNvK,DRAW,7n/7k/8/6B1/8/7r/K7/3R4 w - - 0 1
1,1,0,0,0,0,0,1,-1,1,0,1,1,1,0,0,0,0,0,16,0,0,3,4,5,7,4,1,3,29,17,0,0,0,0,0,0,0,0,7,1,1,0,0,0,0,2,0,0,0,KRBKRNvK,DRAW,5R2/8/4K3/7k/8/8/8/1r2B2n w - - 0 1
1,1,0,0,0,0,0,1,-1,1,0,1,1,1,0,0,0,0,0,16,0,0,6,0,7,0,1,6,5,21,19,0,0,0,0,0,0,0,0,7,1,1,1,0,0,0,1,2,0,0,KRBKRNvK,DRAW,K7/2R4B/8/8/1r6/8/kn6/8 w - - 0 1
1,1,0,0,0,0,0,1,-1,1,0,1,1,1,0,0,0,0,0,16,0,0,3,2,1,5,1,3,3,13,22,0,0,0,0,0,0,0,0,7,1,1,0,0,0,0,0,0,0,0,KRBKRNvK,DRAW,8/7n/8/8/8/8/R1K2k2/1B5r w - - 0 1
0,1,0,0,0,0,0,1,-1,1,0,1,1,1,0,0,0,0,0,16,0,0,4,4,3,0,7,0,6,22,29,0,0,0,0,0,0,0,0,7,1,1,1,0,0,0,3,2,1,1,KRBKRNvK,DRAW,k7/6R1/1B6/8/4K3/5n2/8/r7 b - - 0 1
1,1,0,0,0,0,0,1,-1,1,0,1,1,1,0,0,0,0,0,16,0,0,3,5,7,5,4,4,1,24,20,0,0,0,0,0,0,0,0,7,1,1,0,0,0,0,0,3,1,1,KRBKRNvK,DRAW,5K2/4B3/7n/3r1k2/8/8/2R5/8 w - - 0 1
0,1,0,0,0,0,0,1,-1,1,0,1,1,1,0,0,0,0,0,16,0,0,6,6,6,0,6,4,5,5,0,1,0,0,0,0,0,0,0,7,1,1,1,0,0,0,2,1,0,0,KRBKRNvK,DRAW,8/k2R2K1/4B3/1n6/8/5r2/8/8 b - - 0 1
1,1,0,0,0,0,0,1,-1,1,0,1,1,1,0,0,0,0,0,16,0,0,3,7,4,6,1,3,4,26,17,0,0,0,0,0,0,0,0,7,1,1,0,0,0,0,1,1,0,2,KRBKRNvK,DRAW,8/8/1B6/6nK/8/6r1/6k1/2R5 w - - 0 1
0,1,0,0,0,0,0,1,-1,1,0,1,1,1,0,0,0,0,0,16,0,0,5,1,6,1,1,4,4,7,0,1,0,0,0,0,0,0,0,7,1,1,0,0,0,0,3,0,1,0,KRBKRNvK,DRAW,6n1/1K6/8/4R3/3B4/7r/1k6/8 b - - 0 1
0,1,0,0,0,0,0,1,-1,1,0,1,1,1,0,0,0,0,0,16,0,0,3,7,1,4,4,5,0,25,28,0,0,0,0,0,0,0,0,7,1,1,0,0,0,0,1,3,0,0,KRBKRNvK,DRAW,R7/8/2r5/4k3/8/2n5/2B4K/8 b - - 0 1
1,1,0,0,0,0,0,1,-1,1,0,1,1,1,0,0,0,0,0,16,0,0,4,6,2,2,1,3,3,22,22,0,0,0,0,0,0,0,0,7,1,1,0,0,0,0,3,1,1,0,KRBKRNvK,DRAW,8/8/3n4/R7/8/2r1B1K1/2k5/8 w - - 0 1
1,1,0,0,0,0,0,1,-1,1,0,1,1,1,0,0,0,0,0,16,0,0,2,2,6,0,5,3,4,25,25,0,0,0,0,0,0,0,0,7,1,1,0,0,0,0,1,1,1,0,KRBKRNvK,DRAW,6R1/B1K5/k7/5n2/8/8/8/1r6 w - - 0 1
0,1,0,0,0,0,0,1,-1,1,0,1,1,1,0,0,0,0,0,16,0,0,3,4,4,7,5,0,4,3,0,1,0,0,0,0,0,0,0,7,1,1,0,0,0,0,3,1,1,1,KRBKRNvK,DRAW,1r6/8/7k/1B2K3/7R/4n3/8/8 b - - 0 1
0,1,0,0,0,0,0,1,-1,1,0,1,1,1,0,0,0,0,0,16,0,0,2,6,6,4,4,4,0,6,0,1,0,0,0,0,0,0,0,7,1,1,0,0,0,0,1,3,2,1,KRBKRNvK,DRAW,2r5/4n1K1/5BR1/4k3/8/8/8/8 b - - 0 1
0,1,0,0,0,0,0,1,-1,1,0,1,1,1,0,0,0,0,0,16,0,0,6,6,7,7,1,5,5,18,20,0,0,0,0,0,0,0,0,7,1,1,1,0,0,0,2,2,0,1,KRBKRNvK,DRAW,5nK1/6R1/8/8/7r/8/7k/B7 b - - 0 1
0,1,0,0,0,0,0,1,-1,1,0,1,1,1,0,0,0,0,0,16,0,0,5,6,0,3,5,5,1,6,0,1,0,0,0,0,0,0,0,7,1,1,0,0,0,0,2,4,0,0,KRBKRNvK,DRAW,8/6n1/3k4/8/r7/7B/3R4/6K1 b - - 0 1
1,1,0,0,0,0,0,1,-1,1,0,1,1,1,0,0,0,0,0,16,0,0,2,4,2,5,4,1,1,2,0,1,0,0,0,0,0,0,0,7,1,1,0,0,0,0,2,4,1,1,KRBKRNvK,DRAW,3r4/8/8/5k2/6nB/4K3/8/1R6 w - - 0 1
0,1,0,0,0,0,0,1,-1,1,0,1,1,1,0,0,0,0,0,16,0,0,2,3,6,2,4,2,1,2,0,1,0,0,0,0,0,0,0,7,1,1,0,0,0,0,2,3,1,0,KRBKRNvK,DRAW,8/3K4/3B4/2k2R1n/3r4/8/8/8 b - - 0 1
0,1,0,0,0,0,0,1,-1,1,0,1,1,1,0,0,0,0,0,16,0,0,4,5,5,1,5,2,3,20,26,0,0,0,0,0,0,0,0,7,1,1,0,0,0,0,1,2,1,0,KRBKRNvK,DRAW,1r6/8/1k3K2/8/1B6/R4n2/8/8 b - - 0 1
1,1,0,0,0,0,0,1,-1,1,0,1,1,1,0,0,0,0,0,16,0,0,6,4,0,5,6,3,3,4,0,1,0,0,0,0,0,0,0,7,1,1,0,0,0,0,0,1,0,1,KRBKRNvK,DRAW,8/5k2/r7/8/B7/3n4/2R5/4K3 w - - 0 1
1,1,0,0,0,0,0,1,-1,1,0,1,1,1,0,0,0,0,0,16,0,0,2,2,2,4,3,2,0,27,20,0,0,0,0,0,0,0,0,7,1,1,1,0,0,0,2,4,0,1,KRBKRNvK,WIN,8/R7/5n2/8/4k3/2K5/7B/4r3 w - - 0 1
0,1,0,0,0,0,0,1,-1,1,0,1,1,1,0,0,0,0,0,16,0,0,4,1,2,0,6,3,5,20,20,0,0,0,0,0,0,0,0,7,1,1,0,0,0,0,2,0,0,0,KRBKRNvK,DRAW,8/knr5/8/8/8/1K6/4R3/3B4 b - - 0 1
0,1,0,0,0,0,0,1,-1,1,0,1,1,1,0,0,0,0,0,16,0,0,5,1,3,6,6,2,4,6,0,1,0,0,0,0,0,0,0,7,1,1,0,0,0,0,2,0,0,0,KRBKRNvK,DRAW,8/B5k1/8/8/1K4R1/8/8/5r1n b - - 0 1
1,1,0,0,0,0,0,1,-1,1,0,1,1,1,0,0,0,0,0,16,0,0,2,1,4,2,6,2,3,23,22,0,0,0,0,0,0,0,0,7,1,1,0,0,0,0,2,2,1,0,KRBKRNvK,DRAW,5r2/2k5/5n2/1K2R3/8/8/8/5B2 w - - 0 1
1,1,0,0,0,0,0,1,-1,1,0,1,1,1,0,0,0,0,0,16,0,0,2,2,5,4,7,2,3,26,16,0,0,0,0,0,0,0,0,7,1,1,1,0,0,0,3,2,1,2,KRBKRNvK,DRAW,n3k2B/3R4/2K5/8/4r3/8/8/8 w - - 0 1
1,1,0,0,0,0,0,1,-1,1,0,1,1,1,0,0,0,0,0,16,0,0,6,7,1,1,1,5,4,3,0,1,0,0,0,0,0,0,0,7,1,1,0,0,0,0,1,2,0,1,KRBKRNvK,DRAW,R7/8/6B1/8/7r/8/1k5K/3n4 w - - 0 1
1,1,0,0,0,0,0,1,-1,1,0,1,1,1,0,0,0,0,0,16,0,0,6,6,5,0,7,3,6,20,18,0,0,0,0,0,0,0,0,7,1,1,0,0,0,0,1,2,0,0,KRBKRNvK,DRAW,kn6/8/6K1/2r5/8/8/2B3R1/8 w - - 0 1
0,1,0,0,0,0,0,1,-1,1,0,1,1,1,0,0,0,0,0,16,0,0,3,7,6,4,6,5,2,21,27,0,0,0,0,0,0,0,0,7,1,1,0,1,0,0,2,1,0,0,KRBKRNvK,DRAW,8/4k2K/8/1B6/4n3/8/4r3/3R4 b - - 0 1
1,1,0,0,0,0,0,1,-1,1,0,1,1,1,0,0,0,0,0,16,0,0,2,1,5,1,3,3,2,24,21,0,0,0,0,0,0,0,0,7,1,1,0,0,0,0,2,0,1,0,KRBKRNvK,DRAW,7R/5r2/1K6/8/1k6/8/1B6/3n4 w - - 0 1
0,1,0,0,0,0,0,1,-1,1,0,1,1,1,0,0,0,0,0,16,0,0,6,4,6,5,0,2,4,18,26,0,0,0,0,0,0,0,0,7,1,1,0,1,0,0,0,0,0,0,KRBKRNvK,DRAW,7n/4K3/8/8/7B/R7/6r1/5k2 b - - 0 1
0,1,0,0,0,0,0,1,-1,1,0,1,1,1,0,0,0,0,0,16,0,0,7,1,0,0,7,5,6,21,20,0,0,0,0,0,0,0,0,7,1,1,0,0,0,0,0,2,0,0,KRBKRNvK,DRAW,k1n2B1R/8/8/8/6r1/8/8/1K6 b - - 0 1
0,1,0,0,0,0,0,1,-1,1,0,1,1,1,0,0,0,0,0,16,0,0,6,3,1,7,7,2,6,21,25,0,0,0,0,0,0,0,0,7,1,1,0,0,0,0,2,2,0,1,KRBKRNvK,DRAW,7k/1n6/8/5R1B/4r3/8/3K4/8 b - - 0 1
1,1,0,0,0,0,0,1,-1,1,0,1,1,1,0,0,0,0,0,16,0,0,2,5,2,6,0,2,5,22,19,0,0,0,0,0,0,0,0,7,1,1,0,1,0,0,2,0,1,0,KRBKRNvK,DRAW,7n/7B/8/8/8/4RK2/r7/6k1 w - - 0 1
0,1,0,0,0,0,0,1,-1,1,0,1,1,1,0,0,0,0,0,16,0,0,2,0,4,2,6,3,3,18,22,0,0,0,0,0,0,0,0,7,1,1,0,0,0,0,2,0,1,0,KRBKRNvK,DRAW,1r5n/2k5/7B/K2R4/8/8/8/8 b - - 0 1
1,1,0,0,0,0,0,1,-1,1,0,1,1,1,0,0,0,0,0,16,0,0,7,7,7,0,3,6,3,22,20,0,0,0,0,0,0,0,0,7,1,1,0,0,0,0,3,2,0,1,KRBKRNvK,DRAW,5nBK/8/8/8/kr6/8/4R3/8 w - - 0 1
1,1,0,0,0,0,0,1,-1,1,0,1,1,1,0,0,0,0,0,16,0,0,3,4,5,7,3,1,3,26,23,0,0,0,0,0,0,0,0,7,1,1,0,1,0,0,2,0,0,0,KRBKRNvK,DRAW,1R6/8/4K3/8/n6k/8/B1r5/8 w - - 0 1
0,1,0,0,0,0,0,1,-1,1,0,1,1,1,0,0,0,0,0,16,0,0,7,0,3,7,5,3,4,4,0,1,0,0,0,0,0,0,0,7,1,1,0,0,0,0,0,0,0,1,KRBKRNvK,LOSS,8/4B3/2R4k/8/K6n/1r6/8/8 b - - 0 1
0,1,0,0,0,0,0,1,-1,1,0,1,1,1,0,0,0,0,0,16,0,0,7,0,0,7,5,6,4,19,19,0,0,0,0,0,0,0,0,7,1,1,0,0,0,0,1,0,1,0,KRBKRNvK,DRAW,8/7r/7k/8/R2n3B/8/8/K7 b - - 0 1
0,1,0,0,0,0,0,1,-1,1,0,1,1,1,0,0,0,0,0,16,0,0,2,7,5,5,5,4,2,3,0,1,0,0,0,0,0,0,0,7,1,1,0,0,0,0,2,2,0,1,KRBKRNvK,DRAW,8/8/R4knK/8/4r3/8/1B6/8 b - - 0 1
1,1,0,0,0,0,0,1,-1,1,0,1,1,1,0,0,0,0,0,16,0,0,5,5,0,2,5,4,2,3,0,1,0,0,0,0,0,0,0,7,1,1,0,0,0,0,1,1,0,0,KRBKRNvK,DRAW,8/5B1n/2k5/8/8/6R1/8/r4K2 w - - 0 1
1,1,0,0,0,0,0,1,-1,1,0,1,1,1,0,0,0,0,0,16,0,0,5,3,0,4,5,3,1,3,0,1,0,0,0,0,0,0,0,7,1,1,0,0,0,0,2,2,2,1,KRBKRNvK,DRAW,8/8/4k3/2B5/6R1/8/1n6/r2K4 w - - 0 1
0,1,0,0,0,0,0,1,-1,1,0,1,1,1,0,0,0,0,0,16,0,0,2,2,0,0,1,4,5,19,20,0,0,0,0,0,0,0,0,7,1,1,0,0,0,0,3,0,0,0,KRBKRNvK,DRAW,nB6/8/8/4R3/8/7r/k7/2K5 b - - 0 1
1,1,0,0,0,0,0,1,-1,1,0,1,1,1,0,0,0,0,0,16,0,0,7,0,7,7,3,6,3,19,25,0,0,0,0,0,0,0,0,7,1,1,0,0,0,0,1,3,0,1,KRBKRNvK,DRAW,KB3R2/4r3/2n5/8/7k/8/8/8 w - - 0 1
1,1,0,0,0,0,0,1,-1,1,0,1,1,1,0,0,0,0,0,16,0,0,3,3,0,6,0,3,5,26,20,0,0,0,0,0,0,0,0,7,1,1,0,0,0,0,2,0,0,0,KRBKRNvK,DRAW,1r6/8/7B/8/R7/8/8/3K2kn w - - 0 1
1,1,0,0,0,0,0,1,-1,1,0,1,1,1,0,0,0,0,0,16,0,0,2,5,4,5,6,1,3,20,26,0,0,0,0,0,0,0,0,7,1,1,0,0,0,0,4,2,0,1,KRBKRNvK,DRAW,8/5k2/4n3/5K2/r5B1/8/3R4/8 w - - 0 1
0,1,0,0,0,0,0,1,-1,1,0,1,1,1,0,0,0,0,0,16,0,0,5,6,1,1,1,4,4,6,0,1,0,0,0,0,0,0,0,7,1,1,1,0,0,0,1,1,0,0,KRBKRNvK,DRAW,8/1Rn5/8/5B1r/8/8/1k4K1/8 b - - 0 1
0,1,0,0,0,0,0,1,-1,1,0,1,1,1,0,0,0,0,0,16,0,0,6,7,7,7,1,6,5,3,0,1,0,0,0,0,0,0,0,7,1,1,0,0,0,0,1,2,0,0,KRBKRNvK,DRAW,7K/8/r7/4B3/8/2n5/2R4k/8 b - - 0 1
1,1,0,0,0,0,0,1,-1,1,0,1,1,1,0,0,0,0,0,16,0,0,5,5,5,4,0,2,3,5,0,1,0,0,0,0,0,0,0,7,1,1,0,0,0,0,3,0,2,1,KRBKRNvK,DRAW,8/8/r4K2/7n/8/2R2B2/8/4k3 w - - 0 1
1,1,0,0,0,0,0,1,-1,1,0,1,1,1,0,0,0,0,0,16,0,0,5,5,6,0,2,3,4,6,0,1,0,0,0,0,0,0,0,7,1,1,0,0,0,0,0,1,0,0,KRBKRNvK,DRAW,8/r4K2/6R1/8/6B1/k7/2n5/8 w - - 0 1
0,1,0,0,0,0,0,1,-1,1,0,1,1,1,0,0,0,0,0,16,0,0,6,7,2,1,6,4,4,25,22,0,0,0,0,0,0,0,0,7,1,1,0,0,0,0,1,1,0,0,KRBKRNvK,DRAW,2r5/1k6/8/8/8/6BK/3n1R2/8 b - - 0 1
0,1,0,0,0,0,0,1,-1,1,0,1,1,1,0,0,0,0,0,16,0,0,3,2,7,5,5,4,2,22,24,0,0,0,0,0,0,0,0,7,1,1,1,0,0,0,0,4,1,1,KRBKRNvK,DRAW,2K5/7R/3r1k2/B7/8/6n1/8/8 b - - 0 1
0,1,0,0,0,0,0,1,-1,1,0,1,1,1,0,0,0,0,0,16,0,0,7,0,5,7,6,4,5,2,0,1,0,0,0,0,0,0,0,7,1,1,1,0,0,0,2,0,0,1,KRBKRNvK,DRAW,2r5/4R2k/K6n/8/8/3B4/8/8 b - - 0 1
1,1,0,0,0,0,0,1,-1,1,0,1,1,1,0,0,0,0,0,16,0,0,5,5,5,0,0,2,6,8,0,1,0,0,0,0,0,0,0,7,1,1,0,0,0,0,2,0,0,0,KRBKRNvK,DRAW,8/3B4/5K2/3R4/n7/8/8/k4r2 w - - 0 1
0,1,0,0,0,0,0,1,-1,1,0,1,1,1,0,0,0,0,0,16,0,0,5,6,6,2,1,4,3,25,19,0,0,0,0,0,0,0,0,7,1,1,0,0,0,0,2,0,0,1,KRBKRNvK,DRAW,8/6K1/5r2/6R1/7B/8/2k5/2n5 b - - 0 1
1,1,0,0,0,0,0,1,-1,1,0,1,1,1,0,0,0,0,0,16,0,0,3,5,7,2,6,4,3,26,22,0,0,0,0,0,0,0,0,7,1,1,0,0,0,0,3,2,0,0,KRBKRNvK,DRAW,1n3K2/2k4B/8/6R1/2r5/8/8/8 w - - 0 1
0,1,0,0,0,0,0,1,-1,1,0,1,1,1,0,0,0,0,0,16,0,0,2,4,2,6,3,1,2,24,23,0,0,0,0,0,0,0,0,7,1,1,0,0,0,0,4,3,1,0,KRBKRNvK,DRAW,8/5n2/2B1R3/8/r5k1/4K3/8/8 b - - 0 1
0,1,0,0,0,0,0,1,-1,1,0,1,1,1,0,0,0,0,0,16,0,0,3,3,6,0,3,2,3,3,0,1,0,0,0,0,0,0,0,7,1,1,0,0,0,0,2,0,0,0,KRBKRNvK,DRAW,8/3KB3/8/8/k2R4/5r2/8/5n2 b - - 0 1
1,1,0,0,0,0,0,1,-1,1,0,1,1,1,0,0,0,0,0,16,0,0,5,0,7,5,5,6,2,23,22,0,0,0,0,0,0,0,0,7,1,1,0,0,0,0,3,3,1,0,KRBKRNvK,DRAW,K3R3/1B4n1/5k2/8/7r/8/8/8 w - - 0 1
1,1,0,0,0,0,0,1,-1,1,0,1,1,1,0,0,0,0,0,16,0,0,3,7,1,7,4,5,3,29,23,0,0,0,0,0,0,0,0,7,1,1,0,0,0,0,1,2,0,0,KRBKRNvK,DRAW,8/3r4/1n6/7k/4B3/8/2R4K/8 w - - 0 1
0,1,0,0,0,0,0,1,-1,1,0,1,1,1,0,0,0,0,0,16,0,0,6,6,2,0,2,3,4,25,29,0,0,0,0,0,0,0,0,7,1,1,0,0,0,0,3,1,0,0,KRBKRNvK,DRAW,2r5/B4n2/4R3/8/8/k5K1/8/8 b - - 0 1
0,1,0,0,0,0,0,1,-1,1,0,1,1,1,0,0,0,0,0,16,0,0,6,1,3,7,3,2,3,3,0,1,0,0,0,0,0,0,0,7,1,1,0,0,0,0,0,2,1,1,KRBKRNvK,LOSS,3B4/4r3/7R/8/1K5k/n7/8/8 b - - 0 1
1,1,0,0,0,0,0,1,-1,1,0,1,1,1,0,0,0,0,0,16,0,0,4,3,0,4,4,3,0,22,18,0,0,0,0,0,0,0,0,7,1,1,0,0,0,0,2,4,1,0,KRBKRNvK,DRAW,3B4/8/6n1/2r1k3/3R4/8/8/3K4 w - - 0 1
0,1,0,0,0,0,0,1,-1,1,0,1,1,1,0,0,0,0,0,16,0,0,4,1,3,5,4,2,1,27,20,0,0,0,0,0,0,0,0,7,1,1,1,0,0,0,2,2,2,1,KRBKRNvK,DRAW,8/6BR/8/5k2/1Kn5/4r3/8/8 b - - 0 1
0,1,0,0,0,0,0,1,-1,1,0,1,1,1,0,0,0,0,0,16,0,0,5,3,5,7,0,1,6,17,22,0,0,0,0,0,0,0,0,7,1,1,0,0,0,0,3,3,0,0,KRBKRNvK,DRAW,8/8/2RK4/3B4/r7/5n2/8/7k b - - 0 1
0,1,0,0,0,0,0,1,-1,1,0,1,1,1,0,0,0,0,0,16,0,0,2,6,3,6,5,2,3,3,0,1,0,0,0,0,0,0,0,7,1,1,1,0,0,0,1,2,1,0,KRBKRNvK,LOSS,8/1R5n/6k1/3r4/4B1K1/8/8/8 b - - 0 1
0,1,0,0,0,0,0,1,-1,1,0,1,1,1,0,0,0,0,0,16,0,0,4,6,1,6,5,4,3,26,25,0,0,0,0,0,0,0,0,7,1,1,0,0,0,0,3,1,1,1,KRBKRNvK,DRAW,6B1/2n5/6k1/8/8/4R3/6K1/5r2 b - - 0 1
0,1,0,0,0,0,0,1,-1,1,0,1,1,1,0,0,0,0,0,16,0,0,6,5,0,1,6,4,4,5,0,1,0,0,0,0,0,0,0,7,1,1,0,0,0,0,3,1,1,0,KRBKRNvK,DRAW,r7/1k6/8/1R3B2/2n5/8/8/5K2 b - - 0 1
1,1,0,0,0,0,0,1,-1,1,0,1,1,1,0,0,0,0,0,16,0,0,3,7,0,4,1,6,2,3,0,1,0,0,0,0,0,0,0,7,1,1,1,0,0,0,2,0,0,0,KRBKRNvK,DRAW,3B4/3R4/7n/8/8/8/4k3/1r5K w - - 0 1
0,1,0,0,0,0,0,1,-1,1,0,1,1,1,0,0,0,0,0,16,0,0,5,5,3,0,6,1,5,21,19,0,0,0,0,0,0,0,0,7,1,1,0,0,0,0,2,0,1,2,KRBKRNvK,DRAW,8/k7/6rn/1B6/5K1R/8/8/8 b - - 0 1
0,1,0,0,0,0,0,1,-1,1,0,1,1,1,0,0,0,0,0,16,0,0,6,6,7,3,1,5,2,25,19,0,0,0,0,0,0,0,0,7,1,1,0,0,0,0,2,2,0,0,KRBKRNvK,DRAW,B5K1/8/8/8/1r2n2R/8/3k4/8 b - - 0 1
0,1,0,0,0,0,0,1,-1,1,0,1,1,1,0,0,0,0,0,16,0,0,3,4,3,4,0,0,3,3,0,1,0,0,0,0,0,0,0,7,1,1,0,0,0,0,4,2,0,0,KRBKRNvK,DRAW,n2r4/8/6B1/8/4K3/8/8/4k2R b - - 0 1
0,1,0,0,0,0,0,1,-1,1,0,1,1,1,0,0,0,0,0,16,0,0,7,3,7,0,0,3,6,2,0,1,0,0,0,0,0,0,0,7,1,1,0,1,0,0,3,1,0,0,KRBKRNvK,DRAW,3K3B/8/8/8/5R2/8/r2n4/k7 b - - 0 1
0,1,0,0,0,0,0,1,-1,1,0,1,1,1,0,0,0,0,0,16,0,0,7,7,3,0,5,3,4,21,25,0,0,0,0,0,0,0,0,7,1,1,0,0,0,0,0,2,0,0,KRBKRNvK,DRAW,7n/3r4/k7/7B/7K/8/2R5/8 b - - 0 1
1,1,0,0,0,0,0,1,-1,1,0,1,1,1,0,0,0,0,0,16,0,0,5,2,2,7,4,2,3,21,20,0,0,0,0,0,0,0,0,7,1,1,0,0,0,0,2,2,0,0,KRBKRNvK,DRAW,8/2B5/8/7k/7r/2K5/5n2/2R5 w - - 0 1
1,1,0,0,0,0,0,1,-1,1,0,1,1,1,0,0,0,0,0,16,0,0,2,3,2,4,0,1,3,4,0,1,0,0,0,0,0,0,0,7,1,1,0,0,0,0,3,0,0,1,KRBKRNvK,LOSS,1B6/1n6/8/8/8/R2K1r2/8/4k3 w - - 0 1
0,1,0,0,0,0,0,1,-1,1,0,1,1,1,0,0,0,0,0,16,0,0,3,1,1,2,4,4,1,25,28,0,0,0,0,0,0,0,0,7,1,1,0,0,0,0,1,3,1,0,KRBKRNvK,DRAW,7r/2B5/6R1/2k5/8/6n1/1K6/8 b - - 0 1
1,1,0,0,0,0,0,1,-1,1,0,1,1,1,0,0,0,0,0,16,0,0,2,3,1,5,3,2,1,22,23,0,0,0,0,0,0,0,0,7,1,1,0,0,0,0,2,2,1,1,KRBKRNvK,DRAW,6n1/4B3/3R4/8/5k2/1r6/3K4/8 w - - 0 1
1,1,0,0,0,0,0,1,-1,1,0,1,1,1,0,0,0,0,0,16,0,0,2,5,7,6,5,4,3,0,0,1,0,0,0,0,0,0,0,7,1,1,1,0,0,0,2,0,1,1,KRBKRNvK,LOSS,5K1r/4R3/6k1/4n3/8/2B5/8/8 w - - 0 1
0,1,0,0,0,0,0,1,-1,1,0,1,1,1,0,0,0,0,0,16,0,0,7,0,5,7,7,4,6,18,26,0,0,0,0,0,0,0,0,7,1,1,0,0,0,0,2,0,0,1,KRBKRNvK,DRAW,6nk/2r5/K7/8/8/5B2/6R1/8 b - - 0 1
1,1,0,0,0,0,0,1,-1,1,0,1,1,1,0,0,0,0,0,16,0,0,4,3,5,7,5,1,4,4,0,1,0,0,0,0,0,0,0,7,1,1,0,0,0,0,2,0,0,1,KRBKRNvK,LOSS,8/r7/3K3k/8/4n3/8/R3B3/8 w - - 0 1
0,1,0,0,0,0,0,1,-1,1,0,1,1,1,0,0,0,0,0,16,0,0,4,6,1,2,5,4,2,23,22,0,0,0,0,0,0,0,0,7,1,1,0,0,0,0,1,2,0,1,KRBKRNvK,DRAW,8/3n4/2k5/8/8/8/BR4K1/5r2 b - - 0 1
1,1,0,0,0,0,0,1,-1,1,0,1,1,1,0,0,0,0,0,16,0,0,3,1,3,4,4,2,0,30,16,0,0,0,0,0,0,0,0,7,1,1,0,0,0,0,0,3,2,0,KRBKRNvK,DRAW,r7/n2B4/8/4k3/1K6/6R1/8/8 w - - 0 1
1,1,0,0,0,0,0,1,-1,1,0,1,1,1,0,0,0,0,0,16,0,0,3,3,4,4,1,0,2,23,27,0,0,0,0,0,0,0,0,7,1,1,1,0,0,0,4,1,0,0,KRBKRNvK,DRAW,1B3r2/3R4/8/3K4/8/8/2n1k3/8 w - - 0 1
0,1,0,0,0,0,0,1,-1,1,0,1,1,1,0,0,0,0,0,16,0,0,3,0,0,3,2,6,1,20,25,0,0,0,0,0,0,0,0,7,1,1,0,0,0,0,2,4,0,1,KRBKRNvK,DRAW,4R3/8/8/r7/8/n2k2B1/8/K7 b - - 0 1
0,1,0,0,0,0,0,1,-1,1,0,1,1,1,0,0,0,0,0,16,0,0,6,6,2,0,3,3,3,4,0,1,0,0,0,0,0,0,0,7,1,1,0,0,0,0,2,2,0,0,KRBKRNvK,LOSS,8/3r4/8/8/k7/3R2K1/8/2nB4 b - - 0 1
0,1,0,0,0,0,0,1,-1,1,0,1,1,1,0,0,0,0,0,16,0,0,2,0,7,2,5,6,2,20,23,0,0,0,0,0,0,0,0,7,1,1,0,0,0,0,1,3,0,0,KRBKRNvK,DRAW,K7/8/2k5/8/4r3/1R4B1/8/1n6 b - - 0 1
1,1,0,0,0,0,0,1,-1,1,0,1,1,1,0,0,0,0,0,16,0,0,6,1,7,2,1,5,3,1,0,1,0,0,0,0,0,0,0,7,1,1,0,0,0,0,3,1,1,2,KRBKRNvK,DRAW,1Kr5/8/3n4/8/3R1B2/8/2k5/8 w - - 0 1
1,1,0,0,0,0,0,1,-1,1,0,1,1,1,0,0,0,0,0,16,0,0,6,6,1,0,0,4,6,31,23,0,0,0,0,0,0,0,0,7,1,1,1,0,0,0,2,1,0,0,KRBKRNvK,DRAW,2r5/3R4/6n1/8/8/8/4B1K1/k7 w - - 0 1
0,1,0,0,0,0,0,1,-1,1,0,1,1,1,0,0,0,0,0,16,0,0,2,6,5,4,3,3,0,19,25,0,0,0,0,0,0,0,0,7,1,1,0,0,0,0,1,4,0,1,KRBKRNvK,DRAW,8/8/3n2K1/4r3/4k3/R7/8/6B1 b - - 0 1
0,1,0,0,0,0,0,1,-1,1,0,1,1,1,0,0,0,0,0,16,0,0,2,5,3,3,2,1,1,5,0,1,0,0,0,0,0,0,0,7,1,1,0,1,0,0,2,2,1,2,KRBKRNvK,DRAW,8/2B5/8/5n2/5K2/3k1R2/3r4/8 b - - 0 1
0,1,0,0,0,0,0,1,-1,1,0,1,1,1,0,0,0,0,0,16,0,0,3,0,0,0,3,6,3,18,24,0,0,0,0,0,0,0,0,7,1,1,0,0,0,0,0,2,1,1,KRBKRNvK,DRAW,3B4/8/8/8/k6r/2R5/1n6/K7 b - - 0 1
1,1,0,0,0,0,0,1,-1,1,0,1,1,1,0,0,0,0,0,16,0,0,6,0,2,6,2,4,3,28,21,0,0,0,0,0,0,0,0,7,1,1,1,0,0,0,1,2,0,0,KRBKRNvK,DRAW,8/1R6/8/8/6r1/K2B2k1/6n1/8 w - - 0 1
0,1,0,0,0,0,0,1,-1,1,0,1,1,1,0,0,0,0,0,16,0,0,3,1,5,4,2,3,1,6,0,1,0,0,0,0,0,0,0,7,1,1,0,1,0,0,0,2,1,0,KRBKRNvK,DRAW,8/6n1/1K6/8/1B6/4k3/7r/4R3 b - - 0 1
0,1,0,0,0,0,0,1,-1,1,0,1,1,1,0,0,0,0,0,16,0,0,4,3,1,0,5,2,4,23,23,0,0,0,0,0,0,0,0,7,1,1,0,0,0,0,0,2,0,0,KRBKRNvK,DRAW,5B2/8/k7/8/7r/n7/3K1R2/8 b - - 0 1
0,1,0,0,0,0,0,1,-1,1,0,1,1,1,0,0,0,0,0,16,0,0,5,6,1,5,6,4,3,22,26,0,0,0,0,0,0,0,0,7,1,1,0,0,0,0,2,2,0,1,KRBKRNvK,DRAW,R7/1B3k2/8/4n3/4r3/8/6K1/8 b - - 0 1
0,1,0,0,0,0,0,1,-1,1,0,1,1,1,0,0,0,0,0,16,0,0,6,2,6,7,0,3,6,19,25,0,0,0,0,0,0,0,0,7,1,1,0,1,0,0,3,3,0,0,KRBKRNvK,DRAW,8/2K2B2/8/8/5R2/8/3r1n2/7k b - - 0 1
0,1,0,0,0,0,0,1,-1,1,0,1,1,1,0,0,0,0,0,16,0,0,5,0,0,5,4,6,1,20,26,0,0,0,0,0,0,0,0,7,1,1,0,0,0,0,2,2,1,0,KRBKRNvK,DRAW,8/8/5r2/5k2/8/5B2/5n2/KR6 b - - 0 1
1,1,0,0,0,0,0,1,-1,1,0,1,1,1,0,0,0,0,0,16,0,0,4,5,4,1,1,1,4,6,0,1,0,0,0,0,0,0,0,7,1,1,0,0,0,0,3,2,0,0,KRBKRNvK,DRAW,7R/8/8/2r2K2/1n2B3/8/1k6/8 w - - 0 1
1,1,0,0,0,0,0,1,-1,1,0,1,1,1,0,0,0,0,0,16,0,0,4,6,0,4,4,5,0,3,0,1,0,0,0,0,0,0,0,7,1,1,1,0,0,0,2,3,2,0,KRBKRNvK,DRAW,8/2R5/1nB5/4k3/8/8/8/1r4K1 w - - 0 1
0,1,0,0,0,0,0,1,-1,1,0,1,1,1,0,0,0,0,0,16,0,0,5,7,5,2,4,4,1,7,0,1,0,0,0,0,0,0,0,7,1,1,0,0,0,0,2,2,1,0,KRBKRNvK,DRAW,1r6/2n5/7K/R1k5/8/5B2/8/8 b - - 0 1
1,1,0,0,0,0,0,1,-1,1,0,1,1,1,0,0,0,0,0,16,0,0,2,0,2,2,0,4,4,24,19,0,0,0,0,0,0,0,0,7,1,1,0,0,0,0,3,1,0,0,KRBKRNvK,DRAW,8/3n3r/8/8/1R6/K7/8/2k4B w - - 0 1
0,1,0,0,0,0,0,1,-1,1,0,1,1,1,0,0,0,0,0,16,0,0,2,4,3,3,5,0,1,23,29,0,0,0,0,0,0,0,0,7,1,1,0,0,0,0,3,2,1,0,KRBKRNvK,DRAW,R7/1r6/3k1B2/8/4K2n/8/8/8 b - - 0 1
1,1,0,0,0,0,0,1,-1,1,0,1,1,1,0,0,0,0,0,16,0,0,3,4,4,7,4,0,3,24,19,0,0,0,0,0,0,0,0,7,1,1,1,0,0,0,4,1,1,0,KRBKRNvK,DRAW,1B5r/5R2/8/4K2k/8/8/3n4/8 w - - 0 1
0,1,0,0,0,0,0,1,-1,1,0,1,1,1,0,0,0,0,0,16,0,0,3,6,5,3,5,3,1,6,0,1,0,0,0,0,0,0,0,7,1,1,0,0,0,0,2,2,2,0,KRBKRNvK,WIN,1Bn5/8/r2k2K1/8/1R6/8/8/8 b - - 0 1
0,1,0,0,0,0,0,1,-1,1,0,1,1,1,0,0,0,0,0,16,0,0,3,4,3,1,0,0,5,21,22,0,0,0,0,0,0,0,0,7,1,1,0,0,0,0,4,0,0,0,KRBKRNvK,DRAW,8/2r3n1/B7/8/4KR2/8/8/1k6 b - - 0 1
0,1,0,0,0,0,0,1,-1,1,0,1,1,1,0,0,0,0,0,16,0,0,5,0,5,5,3,4,1,25,22,0,0,0,0,0,0,0,0,7,1,1,1,0,0,0,2,3,0,1,KRBKRNvK,DRAW,4B3/3R4/K7/8/2r2k2/8/5n2/8 b - - 0 1
1,1,0,0,0,0,0,1,-1,1,0,1,1,1,0,0,0,0,0,16,0,0,3,3,5,3,2,1,1,6,0,1,0,0,0,0,0,0,0,7,1,1,0,0,0,0,3,2,0,1,KRBKRNvK,DRAW,3r4/B7/3K4/7R/8/3k3n/8/8 w - - 0 1
0,1,0,0,0,0,0,1,-1,1,0,1,1,1,0,0,0,0,0,16,0,0,6,4,6,1,0,2,5,23,27,0,0,0,0,0,0,0,0,7,1,1,0,0,0,0,1,0,0,1,KRBKRNvK,DRAW,4n3/B3K3/7R/8/8/2r5/8/1k6 b - - 0 1
1,1,0,0,0,0,0,1,-1,1,0,1,1,1,0,0,0,0,0,16,0,0,2,5,1,7,3,3,3,16,18,0,0,0,0,0,0,0,0,7,1,1,0,0,0,0,2,2,0,2,KRBKRNvK,DRAW,8/8/8/3R4/4r2k/8/5K2/4n1B1 w - - 0 1
1,1,0,0,0,0,0,1,-1,1,0,1,1,1,0,0,0,0,0,16,0,0,5,5,2,0,3,2,3,6,0,1,0,0,0,0,0,0,0,7,1,1,0,0,0,0,2,1,0,1,KRBKRNvK,DRAW,8/8/5R2/8/k7/5KB1/3n4/1r6 w - - 0 1
0,1,0,0,0,0,0,1,-1,1,0,1,1,1,0,0,0,0,0,16,0,0,3,6,2,6,5,3,3,27,25,0,0,0,0,0,0,0,0,7,1,1,0,0,0,0,2,2,0,1,KRBKRNvK,DRAW,3R4/8/6k1/1n6/7r/6K1/B7/8 b - - 0 1
1,1,0,0,0,0,0,1,-1,1,0,1,1,1,0,0,0,0,0,16,0,0,2,4,2,5,0,1,4,26,23,0,0,0,0,0,0,0,0,7,1,1,0,0,0,0,3,3,0,1,KRBKRNvK,DRAW,8/8/4B3/7r/2R5/4K3/4n3/5k2 w - - 0 1
1,1,0,0,0,0,0,1,-1,1,0,1,1,1,0,0,0,0,0,16,0,0,2,2,5,0,7,2,6,4,0,1,0,0,0,0,0,0,0,7,1,1,0,0,0,0,1,0,0,2,KRBKRNvK,DRAW,k7/8/r1K5/4n3/8/7B/5R2/8 w - - 0 1
0,1,0,0,0,0,0,1,-1,1,0,1,1,1,0,0,0,0,0,16,0,0,4,5,0,7,4,4,3,3,0,1,0,0,0,0,0,0,0,7,1,1,1,0,0,0,0,1,1,0,KRBKRNvK,DRAW,2B5/7R/1r6/1n5k/8/8/8/5K2 b - - 0 1
0,1,0,0,0,0,0,1,-1,1,0,1,1,1,0,0,0,0,0,16,0,0,4,3,2,7,6,1,5,21,30,0,0,0,0,0,0,0,0,7,1,1,0,0,0,0,3,0,0,1,KRBKRNvK,DRAW,2n5/7k/4R3/8/8/3K4/3B4/1r6 b - - 0 1
0,1,0,0,0,0,0,1,-1,1,0,1,1,1,0,0,0,0,0,16,0,0,6,0,0,6,4,6,2,27,20,0,0,0,0,0,0,0,0,7,1,1,0,0,0,0,2,0,0,0,KRBKRNvK,DRAW,2B5/5r2/8/4n1k1/8/8/8/K3R3 b - - 0 1
0,1,0,0,0,0,0,1,-1,1,0,1,1,1,0,0,0,0,0,16,0,0,4,7,0,3,1,6,2,7,0,1,0,0,0,0,0,0,0,7,1,1,0,0,0,0,0,2,0,0,KRBKRNvK,LOSS,7R/4r3/8/6B1/8/8/n2k4/7K b - - 0 1
0,1,0,0,0,0,0,1,-1,1,0,1,1,1,0,0,0,0,0,16,0,0,7,6,0,5,7,5,4,3,0,1,0,0,0,0,0,0,0,7,1,1,0,0,0,0,0,1,1,1,KRBKRNvK,DRAW,5k1R/3n4/8/8/8/5r2/6B1/6K1 b - - 0 1
0,1,0,0,0,0,0,1,-1,1,0,1,1,1,0,0,0,0,0,16,0,0,2,4,3,2,5,0,2,4,0,1,0,0,0,0,0,0,0,7,1,1,0,0,0,0,3,2,2,1,KRBKRNvK,DRAW,1BR5/8/2k5/6r1/1n2K3/8/8/8 b - - 0 1
1,1,0,0,0,0,0,1,-1,1,0,1,1,1,0,0,0,0,0,16,0,0,5,5,0,0,4,4,3,3,0,1,0,0,0,0,0,0,0,7,1,1,0,0,0,0,2,2,0,1,KRBKRNvK,DRAW,8/8/8/k3n1B1/8/8/4R3/3r1K2 w - - 0 1
1,1,0,0,0,0,0,1,-1,1,0,1,1,1,0,0,0,0,0,16,0,0,3,2,2,5,3,2,1,7,0,1,0,0,0,0,0,0,0,7,1,1,0,0,0,0,3,3,2,0,KRBKRNvK,DRAW,2r5/8/1n6/8/3RBk2/2K5/8/8 w - - 0 1
0,1,0,0,0,0,0,1,-1,1,0,1,1,1,0,0,0,0,0,16,0,0,3,3,1,6,1,2,4,22,28,0,0,0,0,0,0,0,0,7,1,1,0,0,0,0,2,0,0,0,KRBKRNvK,DRAW,2r5/8/8/3R4/3B4/8/3K2kn/8 b - - 0 1
0,1,0,0,0,0,0,1,-1,1,0,1,1,1,0,0,0,0,0,16,0,0,3,4,7,4,4,3,0,6,0,1,0,0,0,0,0,0,0,7,1,1,1,0,0,0,2,3,0,0,KRBKRNvK,DRAW,4K3/1R6/7r/4k2n/8/8/1B6/8 b - - 0 1
1,1,0,0,0,0,0,1,-1,1,0,1,1,1,0,0,0,0,0,16,0,0,3,3,5,6,5,1,3,24,16,0,0,0,0,0,0,0,0,7,1,1,0,1,0,0,2,0,2,0,KRBKRNvK,DRAW,8/8/3K2k1/8/6BR/n7/r7/8 w - - 0 1
1,1,0,0,0,0,0,1,-1,1,0,1,1,1,0,0,0,0,0,16,0,0,7,0,7,7,0,6,6,23,20,0,0,0,0,0,0,0,0,7,1,1,1,0,0,0,0,2,0,0,KRBKRNvK,DRAW,K1B2n2/2R5/8/7r/8/8/8/7k w - - 0 1
1,1,0,0,0,0,0,1,-1,1,0,1,1,1,0,0,0,0,0,16,0,0,3,2,4,5,4,1,1,26,16,0,0,0,0,0,0,0,0,7,1,1,1,0,0,0,4,3,1,0,KRBKRNvK,DRAW,8/4R3/8/2K2k2/B4r2/8/8/n7 w - - 0 1
1,1,0,0,0,0,0,1,-1,1,0,1,1,1,0,0,0,0,0,16,0,0,6,7,6,6,0,5,5,4,0,1,0,0,0,0,0,0,0,7,1,1,0,1,0,0,1,1,0,0,KRBKRNvK,DRAW,8/7K/1R6/8/4B3/6n1/7r/6k1 w - - 0 1
1,1,0,0,0,0,0,1,-1,1,0,1,1,1,0,0,0,0,0,16,0,0,2,2,2,1,0,2,5,24,18,0,0,0,0,0,0,0,0,7,1,1,0,0,0,0,3,2,0,2,KRBKRNvK,DRAW,8/8/8/8/B2R4/n1K5/8/1k2r3 w - - 0 1
1,1,0,0,0,0,0,1,-1,1,0,1,1,1,0,0,0,0,0,16,0,0,2,3,1,3,3,2,0,18,19,0,0,0,0,0,0,0,0,7,1,1,0,0,0,0,0,3,0,0,KRBKRNvK,WIN,7R/8/7B/4n2r/3k4/8/3K4/8 w - - 0 1
1,1,0,0,0,0,0,1,-1,1,0,1,1,1,0,0,0,0,0,16,0,0,6,3,1,3,7,2,3,28,12,0,0,0,0,0,0,0,0,7,1,1,0,0,0,0,3,0,0,0,KRBKRNvK,DRAW,3k1r2/8/8/1R3B2/8/8/n2K4/8 w - - 0 1
0,1,0,0,0,0,0,1,-1,1,0,1,1,1,0,0,0,0,0,16,0,0,6,4,0,1,6,3,4,6,0,1,0,0,0,0,0,0,0,7,1,1,0,0,0,0,0,2,1,0,KRBKRNvK,DRAW,4n3/1k6/B7/8/6r1/8/R7/4K3 b - - 0 1
1,1,0,0,0,0,0,1,-1,1,0,1,1,1,0,0,0,0,0,16,0,0,5,6,1,2,6,4,3,24,22,0,0,0,0,0,0,0,0,7,1,1,0,0,0,0,2,1,0,0,KRBKRNvK,DRAW,8/2k5/3n4/6Br/5R2/8/6K1/8 w - - 0 1
0,1,0,0,0,0,0,1,-1,1,0,1,1,1,0,0,0,0,0,16,0,0,5,5,1,3,6,3,2,22,29,0,0,0,0,0,0,0,0,7,1,1,0,0,0,0,2,0,1,0,KRBKRNvK,DRAW,5R2/3k4/7r/n7/8/5B2/5K2/8 b - - 0 1
1,1,0,0,0,0,0,1,-1,1,0,1,1,1,0,0,0,0,0,16,0,0,7,7,7,2,0,6,4,24,19,0,0,0,0,0,0,0,0,7,1,1,1,1,0,0,0,1,1,0,KRBKRNvK,DRAW,7K/5R2/8/8/8/1n6/4B1r1/2k5 w - - 0 1
1,1,0,0,0,0,0,1,-1,1,0,1,1,1,0,0,0,0,0,16,0,0,3,7,6,4,3,5,0,26,22,0,0,0,0,0,0,0,0,7,1,1,0,0,0,0,0,3,2,0,KRBKRNvK,DRAW,8/7K/1r6/6B1/4k3/8/2R5/n7 w - - 0 1
1,1,0,0,0,0,0,1,-1,1,0,1,1,1,0,0,0,0,0,16,0,0,5,4,6,4,1,2,2,25,20,0,0,0,0,0,0,0,0,7,1,1,1,1,0,0,1,1,0,0,KRBKRNvK,DRAW,8/4K2R/6B1/8/8/1n6/4k1r1/8 w - - 0 1
1,1,0,0,0,0,0,1,-1,1,0,1,1,1,0,0,0,0,0,16,0,0,5,6,5,2,0,3,4,4,0,1,0,0,0,0,0,0,0,7,1,1,0,0,0,0,3,0,0,1,KRBKRNvK,DRAW,5n2/8/5BK1/8/R7/8/8/2k4r w - - 0 1
0,1,0,0,0,0,0,1,-1,1,0,1,1,1,0,0,0,0,0,16,0,0,6,0,4,6,4,3,2,4,0,1,0,0,0,0,0,0,0,7,1,1,0,0,0,0,0,2,1,1,KRBKRNvK,LOSS,8/4B3/8/K5k1/1r6/8/4n2R/8 b - - 0 1
1,1,0,0,0,0,0,1,-1,1,0,1,1,1,0,0,0,0,0,16,0,0,2,5,5,7,5,2,4,3,0,1,0,0,0,0,0,0,0,7,1,1,0,1,0,0,2,1,1,0,KRBKRNvK,DRAW,6R1/8/5K1k/8/8/2B5/3n1r2/8 w - - 0 1
1,1,0,0,0,0,0,1,-1,1,0,1,1,1,0,0,0,0,0,16,0,0,2,5,4,7,5,1,4,3,0,1,0,0,0,0,0,0,0,7,1,1,0,0,0,0,2,1,1,1,KRBKRNvK,DRAW,2R5/8/r6k/5K1B/8/6n1/8/8 w - - 0 1
1,1,0,0,0,0,0,1,-1,1,0,1,1,1,0,0,0,0,0,16,0,0,4,1,6,5,4,4,1,5,0,1,0,0,0,0,0,0,0,7,1,1,0,0,0,0,0,2,0,0,KRBKRNvK,DRAW,B7/1K6/8/5k2/8/1r6/3n4/2R5 w - - 0 1
0,1,0,0,0,0,0,1,-1,1,0,1,1,1,0,0,0,0,0,16,0,0,3,4,1,5,4,2,1,4,0,1,0,0,0,0,0,0,0,7,1,1,1,0,0,0,2,2,2,0,KRBKRNvK,DRAW,2r5/5R2/8/5k2/8/5B2/4K3/1n6 b - - 0 1
1,1,0,0,0,0,0,1,-1,1,0,1,1,1,0,0,0,0,0,16,0,0,5,1,7,6,4,5,2,3,0,1,0,0,0,0,0,0,0,7,1,1,0,0,0,0,0,3,1,1,KRBKRNvK,DRAW,1K1r4/8/8/6k1/8/5R2/5nB1/8 w - - 0 1
1,1,0,0,0,0,0,1,-1,1,0,1,1,1,0,0,0,0,0,16,0,0,5,2,6,4,1,3,2,7,0,1,0,0,0,0,0,0,0,7,1,1,0,0,0,0,0,0,0,0,KRBKRNvK,DRAW,8/2K4r/7B/7n/8/R7/4k3/8 w - - 0 1
1,1,0,0,0,0,0,1,-1,1,0,1,1,1,0,0,0,0,0,16,0,0,3,1,3,2,6,2,3,5,0,1,0,0,0,0,0,0,0,7,1,1,0,0,0,0,2,0,0,1,KRBKRNvK,DRAW,8/2k5/8/8/1K2R3/6r1/n3B3/8 w - - 0 1
0,1,0,0,0,0,0,1,-1,1,0,1,1,1,0,0,0,0,0,16,0,0,5,2,3,7,5,1,4,20,31,0,0,0,0,0,0,0,0,7,1,1,0,0,0,0,3,2,0,0,KRBKRNvK,DRAW,n3r3/8/7k/3B4/2K5/8/8/R7 b - - 0 1
1,1,0,0,0,0,0,1,-1,1,0,1,1,1,0,0,0,0,0,16,0,0,6,2,7,3,1,4,2,25,26,0,0,0,0,0,0,0,0,7,1,1,0,0,0,0,2,1,0,2,KRBKRNvK,DRAW,2K2B2/2n5/2r5/8/6R1/8/3k4/8 w - - 0 1
1,1,0,0,0,0,0,1,-1,1,0,1,1,1,0,0,0,0,0,16,0,0,3,4,4,1,1,0,4,6,0,1,0,0,0,0,0,0,0,7,1,1,0,0,0,0,4,1,0,0,KRBKRNvK,DRAW,8/8/8/R3K2r/5B2/8/1k5n/8 w - - 0 1
1,1,0,0,0,0,0,1,-1,1,0,1,1,1,0,0,0,0,0,16,0,0,5,1,5,6,7,3,5,30,25,0,0,0,0,0,0,0,0,7,1,1,0,0,0,0,3,1,0,0,KRBKRNvK,DRAW,6k1/8/1K6/8/5Bn1/2r5/8/3R4 w - - 0 1
1,1,0,0,0,0,0,1,-1,1,0,1,1,1,0,0,0,0,0,16,0,0,6,7,1,3,7,5,3,28,21,0,0,0,0,0,0,0,0,7,1,1,0,0,0,0,2,0,0,2,KRBKRNvK,DRAW,3k4/8/8/4B3/6R1/5r1n/7K/8 w - - 0 1
1,1,0,0,0,0,0,1,-1,1,0,1,1,1,0,0,0,0,0,16,0,0,5,7,0,2,0,6,4,23,22,0,0,0,0,0,0,0,0,7,1,1,0,0,0,0,2,1,1,0,KRBKRNvK,DRAW,8/5r2/1n6/8/8/8/6R1/B1k4K w - - 0 1
1,1,0,0,0,0,0,1,-1,1,0,1,1,1,0,0,0,0,0,16,0,0,7,7,0,0,1,6,5,24,24,0,0,0,0,0,0,0,0,7,1,1,0,0,0,0,0,3,1,0,KRBKRNvK,DRAW,4r3/8/8/5n2/8/1R6/k7/5B1K w - - 0 1
0,1,0,0,0,0,0,1,-1,1,0,1,1,1,0,0,0,0,0,16,0,0,7,2,7,6,0,4,5,15,25,0,0,0,0,0,0,0,0,7,1,1,0,0,0,0,2,1,1,0,KRBKRNvK,DRAW,2K5/8/8/1n6/8/5R2/8/B5kr b - - 0 1
1,1,0,0,0,0,0,1,-1,1,0,1,1,1,0,0,0,0,0,16,0,0,3,1,3,4,3,2,0,25,18,0,0,0,0,0,0,0,0,7,1,1,0,0,0,0,0,4,1,0,KRBKRNvK,DRAW,8/8/7n/4r3/BK2k3/6R1/8/8 w - - 0 1
1,1,0,0,0,0,0,1,-1,1,0,1,1,1,0,0,0,0,0,16,0,0,3,3,4,0,4,0,3,5,0,1,0,0,0,0,0,0,0,7,1,1,1,0,0,0,3,1,0,2,KRBKRNvK,LOSS,1B6/2r4R/8/k2K4/1n6/8/8/8 w - - 0 1
0,1,0,0,0,0,0,1,-1,1,0,1,1,1,0,0,0,0,0,16,0,0,5,0,7,5,2,6,2,6,0,1,0,0,0,0,0,0,0,7,1,1,1,0,0,0,0,3,1,1,KRBKRNvK,DRAW,K1n5/2R5/3r4/8/8/5k2/8/7B b - - 0 1
1,1,0,0,0,0,0,1,-1,1,0,1,1,1,0,0,0,0,0,16,0,0,6,4,1,3,7,2,3,6,0,1,0,0,0,0,0,0,0,7,1,1,0,1,0,0,3,1,0,1,KRBKRNvK,DRAW,3k4/8/6n1/8/7R/8/1B2K1r1/8 w - - 0 1
0,1,0,0,0,0,0,1,-1,1,0,1,1,1,0,0,0,0,0,16,0,0,3,3,4,6,4,0,2,6,0,1,0,0,0,0,0,0,0,7,1,1,0,0,0,0,3,0,1,0,KRBKRNvK,DRAW,6r1/8/8/3K2k1/5B2/8/n4R2/8 b - - 0 1
1,1,0,0,0,0,0,1,-1,1,0,1,1,1,0,0,0,0,0,16,0,0,4,5,4,1,6,1,4,7,0,1,0,0,0,0,0,0,0,7,1,1,0,0,0,0,2,2,0,2,KRBKRNvK,DRAW,8/1k1r4/7n/5K2/8/7B/2R5/8 w - - 0 1
0,1,0,0,0,0,0,1,-1,1,0,1,1,1,0,0,0,0,0,16,0,0,2,3,1,1,1,2,4,21,30,0,0,0,0,0,0,0,0,7,1,1,0,0,0,0,3,2,0,0,KRBKRNvK,DRAW,7n/8/8/6r1/7R/5B2/1k1K4/8 b - - 0 1
0,1,0,0,0,0,0,1,-1,1,0,1,1,1,0,0,0,0,0,16,0,0,4,0,2,1,6,4,4,8,0,1,0,0,0,0,0,0,0,7,1,1,1,0,0,0,2,2,0,0,KRBKRNvK,LOSS,4n3/1k3R2/8/4r3/8/K7/8/B7 b - - 0 1
1,1,0,0,0,0,0,1,-1,1,0,1,1,1,0,0,0,0,0,16,0,0,7,6,0,4,7,5,3,26,20,0,0,0,0,0,0,0,0,7,1,1,0,0,0,0,2,0,0,0,KRBKRNvK,DRAW,4k3/8/1Br4n/8/6R1/8/8/6K1 w - - 0 1
0,1,0,0,0,0,0,1,-1,1,0,1,1,1,0,0,0,0,0,16,0,0,3,3,2,6,3,1,2,13,29,0,0,0,0,0,0,0,0,7,1,1,0,0,0,0,4,0,0,0,KRBKRNvK,DRAW,n7/8/8/1R6/6kr/3K4/8/6B1 b - - 0 1
0,1,0,0,0,0,0,1,-1,1,0,1,1,1,0,0,0,0,0,16,0,0,6,1,6,4,0,4,3,22,24,0,0,0,0,0,0,0,0,7,1,1,0,0,0,0,3,1,0,0,KRBKRNvK,DRAW,5r2/1K6/3R4/8/8/8/4n3/4k2B b - - 0 1
1,1,0,0,0,0,0,1,-1,1,0,1,1,1,0,0,0,0,0,16,0,0,3,4,4,2,1,0,3,27,20,0,0,0,0,0,0,0,0,7,1,1,1,0,0,0,3,0,0,0,KRBKRNvK,DRAW,2r5/3R4/8/4K3/8/7B/2k5/4n3 w - - 0 1
1,1,0,0,0,0,0,1,-1,1,0,1,1,1,0,0,0,0,0,16,0,0,7,7,1,0,4,5,3,25,27,0,0,0,0,0,0,0,0,7,1,1,0,0,0,0,1,2,0,0,KRBKRNvK,DRAW,7R/8/5n2/k7/5B2/2r5/7K/8 w - - 0 1
0,1,0,0,0,0,0,1,-1,1,0,1,1,1,0,0,0,0,0,16,0,0,6,6,1,6,7,4,5,22,28,0,0,0,0,0,0,0,0,7,1,1,0,0,0,0,0,2,1,0,KRBKRNvK,DRAW,6k1/4n3/1R5B/r7/8/8/6K1/8 b - - 0 1
0,1,0,0,0,0,0,1,-1,1,0,1,1,1,0,0,0,0,0,16,0,0,7,0,0,7,3,6,3,22,24,0,0,0,0,0,0,0,0,7,1,1,0,0,0,0,0,1,0,0,KRBKRNvK,DRAW,1R6/8/2r5/B1n5/7k/8/8/K7 b - - 0 1
0,1,0,0,0,0,0,1,-1,1,0,1,1,1,0,0,0,0,0,16,0,0,2,5,4,5,2,1,2,21,23,0,0,0,0,0,0,0,0,7,1,1,0,0,0,0,2,1,0,0,KRBKRNvK,DRAW,7r/3B4/4R3/5K2/8/5k2/8/5n2 b - - 0 1
0,1,0,0,0,0,0,1,-1,1,0,1,1,1,0,0,0,0,0,16,0,0,4,3,5,3,1,1,2,22,15,0,0,0,0,0,0,0,0,7,1,1,1,0,0,0,2,0,0,0,KRBKRNvK,DRAW,8/2BR4/3K4/8/8/8/3k4/r4n2 b - - 0 1
1,1,0,0,0,0,0,1,-1,1,0,1,1,1,0,0,0,0,0,16,0,0,3,3,2,6,4,1,2,5,0,1,0,0,0,0,0,0,0,7,1,1,1,0,0,0,3,0,1,2,KRBKRNvK,DRAW,B7/7R/8/4n1k1/8/3K4/8/3r4 w - - 0 1
0,1,0,0,0,0,0,1,-1,1,0,1,1,1,0,0,0,0,0,16,0,0,3,0,7,3,7,6,3,20,24,0,0,0,0,0,0,0,0,7,1,1,0,0,0,0,2,2,0,0,KRBKRNvK,DRAW,K2k4/8/3r4/7B/5R2/8/8/6n1 b - - 0 1
1,1,0,0,0,0,0,1,-1,1,0,1,1,1,0,0,0,0,0,16,0,0,3,3,0,5,3,3,1,3,0,1,0,0,0,0,0,0,0,7,1,1,0,0,0,0,2,3,2,1,KRBKRNvK,LOSS,8/8/8/8/3Rrk2/3B4/5n2/3K4 w - - 0 1
1,1,0,0,0,0,0,1,-1,1,0,1,1,1,0,0,0,0,0,16,0,0,2,2,5,4,7,2,3,27,25,0,0,0,0,0,0,0,0,7,1,1,0,0,0,0,3,2,0,1,KRBKRNvK,DRAW,4k2B/8/2K5/5n2/4r3/1R6/8/8 w - - 0 1
1,1,0,0,0,0,0,1,-1,1,0,1,1,1,0,0,0,0,0,16,0,0,2,5,4,5,2,1,2,25,27,0,0,0,0,0,0,0,0,7,1,1,0,0,0,0,3,2,0,1,KRBKRNvK,DRAW,7r/8/4B3/5K2/5n2/5k2/8/R7 w - - 0 1
0,1,0,0,0,0,0,1,-1,1,0,1,1,1,0,0,0,0,0,16,0,0,3,4,4,5,1,0,3,6,0,1,0,0,0,0,0,0,0,7,1,1,0,0,0,0,4,1,1,2,KRBKRNvK,LOSS,8/2n5/5r2/4K2R/3B4/8/5k2/8 b - - 0 1
0,1,0,0,0,0,0,1,-1,1,0,1,1,1,0,0,0,0,0,16,0,0,4,5,1,3,5,3,1,22,22,0,0,0,0,0,0,0,0,7,1,1,0,0,0,0,0,2,0,0,KRBKRNvK,DRAW,8/8/3k4/n6r/8/2R5/5K2/4B3 b - - 0 1
1,1,0,0,0,0,0,1,-1,1,0,1,1,1,0,0,0,0,0,16,0,0,2,6,2,4,4,3,0,24,29,0,0,0,0,0,0,0,0,7,1,1,1,0,0,0,0,3,1,1,KRBKRNvK,DRAW,8/2R5/7r/4k3/B4n2/6K1/8/8 w - - 0 1
0,1,0,0,0,0,0,1,-1,1,0,1,1,1,0,0,0,0,0,16,0,0,5,7,5,4,0,4,3,15,22,0,0,0,0,0,0,0,0,7,1,1,0,1,0,0,3,0,0,0,KRBKRNvK,DRAW,8/1B6/7K/3R4/8/7n/7r/4k3 b - - 0 1
0,1,0,0,0,0,0,1,-1,1,0,1,1,1,0,0,0,0,0,16,0,0,3,2,6,5,7,3,4,17,34,0,0,0,0,0,0,0,0,7,1,1,0,1,0,0,2,0,0,0,KRBKRNvK,DRAW,5k2/2K5/8/3B4/8/8/6r1/n3R3 b - - 0 1
0,1,0,0,0,0,0,1,-1,1,0,1,1,1,0,0,0,0,0,16,0,0,2,0,3,0,5,3,4,19,16,0,0,0,0,0,0,0,0,7,1,1,0,1,0,0,0,1,0,0,KRBKRNvK,WIN,8/8/k7/8/K7/R7/3n3r/3B4 b - - 0 1
1,1,0,0,0,0,0,1,-1,1,0,1,1,1,0,0,0,0,0,16,0,0,6,7,6,2,0,5,4,25,20,0,0,0,0,0,0,0,0,7,1,1,0,0,0,0,2,0,0,1,KRBKRNvK,DRAW,1r4n1/7K/2B5/8/8/5R2/8/2k5 w - - 0 1
1,1,0,0,0,0,0,1,-1,1,0,1,1,1,0,0,0,0,0,16,0,0,4,3,5,2,1,1,3,19,29,0,0,0,0,0,0,0,0,7,1,1,0,0,0,0,4,1,0,0,KRBKRNvK,DRAW,8/6r1/3K4/8/7R/3n4/2k4B/8 w - - 0 1
0,1,0,0,0,0,0,1,-1,1,0,1,1,1,0,0,0,0,0,16,0,0,2,6,5,4,4,3,0,20,19,0,0,0,0,0,0,0,0,7,1,1,0,0,0,0,0,3,0,1,KRBKRNvK,DRAW,8/8/6K1/4kn1R/r7/8/8/5B2 b - - 0 1
0,1,0,0,0,0,0,1,-1,1,0,1,1,1,0,0,0,0,0,16,0,0,3,0,2,3,1,4,2,20,29,0,0,0,0,0,0,0,0,7,1,1,1,1,0,0,1,0,1,1,KRBKRNvK,DRAW,8/1R6/8/8/n1B5/K7/3k1r2/8 b - - 0 1
0,1,0,0,0,0,0,1,-1,1,0,1,1,1,0,0,0,0,0,16,0,0,2,1,5,1,3,3,2,5,0,1,0,0,0,0,0,0,0,7,1,1,0,0,0,0,2,1,0,0,KRBKRNvK,DRAW,8/8/1K6/8/1k5R/4n3/5B2/4r3 b - - 0 1
1,1,0,0,0,0,0,1,-1,1,0,1,1,1,0,0,0,0,0,16,0,0,3,4,5,7,4,1,3,27,20,0,0,0,0,0,0,0,0,7,1,1,1,0,0,0,3,2,0,1,KRBKRNvK,WIN,3B4/3R4/4K3/7k/6r1/n7/8/8 w - - 0 1
0,1,0,0,0,0,0,1,-1,1,0,1,1,1,0,0,0,0,0,16,0,0,4,4,2,0,1,1,5,25,25,0,0,0,0,0,0,0,0,7,1,1,0,0,0,0,2,3,0,2,KRBKRNvK,DRAW,4B3/8/8/8/2r5/3nK3/k7/5R2 b - - 0 1
1,1,0,0,0,0,0,1,-1,1,0,1,1,1,0,0,0,0,0,16,0,0,3,5,3,4,6,1,2,5,0,1,0,0,0,0,0,0,0,7,1,1,0,0,0,0,2,0,1,2,KRBKRNvK,DRAW,4B3/4k3/5r2/8/5KRn/8/8/8 w - - 0 1
1,1,0,0,0,0,0,1,-1,1,0,1,1,1,0,0,0,0,0,16,0,0,2,2,0,0,2,4,4,24,19,0,0,0,0,0,0,0,0,7,1,1,0,0,0,0,2,0,1,0,KRBKRNvK,DRAW,5n2/8/5r2/7B/2R5/k7/8/2K5 w - - 0 1
1,1,0,0,0,0,0,1,-1,1,0,1,1,1,0,0,0,0,0,16,0,0,5,5,3,0,6,1,5,5,0,1,0,0,0,0,0,0,0,7,1,1,0,0,0,0,4,2,0,1,KRBKRNvK,DRAW,8/k7/3n1B2/6R1/1r3K2/8/8/8 w - - 0 1
0,1,0,0,0,0,0,1,-1,1,0,1,1,1,0,0,0,0,0,16,0,0,4,4,0,2,4,3,1,21,24,0,0,0,0,0,0,0,0,7,1,1,0,0,0,0,1,2,0,0,KRBKRNvK,DRAW,8/2n5/8/r1k5/5B2/8/8/4K1R1 b - - 0 1
1,1,0,0,0,0,0,1,-1,1,0,1,1,1,0,0,0,0,0,16,0,0,2,3,4,5,2,0,2,4,0,1,0,0,0,0,0,0,0,7,1,1,0,0,0,0,4,3,1,1,KRBKRNvK,DRAW,8/B7/8/3K1r2/3R4/5kn1/8/8 w - - 0 1
1,1,0,0,0,0,0,1,-1,1,0,1,1,1,0,0,0,0,0,16,0,0,6,6,6,0,0,4,6,26,20,0,0,0,0,0,0,0,0,7,1,1,0,0,0,0,3,0,1,0,KRBKRNvK,DRAW,8/6K1/2r5/8/n7/4R3/B7/k7 w - - 0 1
0,1,0,0,0,0,0,1,-1,1,0,1,1,1,0,0,0,0,0,16,0,0,4,1,6,5,2,4,2,27,30,0,0,0,0,0,0,0,0,7,1,1,0,0,0,0,1,3,0,0,KRBKRNvK,DRAW,6R1/1K3B2/8/8/7r/3n1k2/8/8 b - - 0 1
1,1,0,0,0,0,0,1,-1,1,0,1,1,1,0,0,0,0,0,16,0,0,3,1,2,0,5,3,4,27,22,0,0,0,0,0,0,0,0,7,1,1,0,0,0,0,2,2,1,0,KRBKRNvK,DRAW,5n2/B7/k7/4r3/8/1K1R4/8/8 w - - 0 1
0,1,0,0,0,0,0,1,-1,1,0,1,1,1,0,0,0,0,0,16,0,0,2,4,7,2,7,3,4,20,21,0,0,0,0,0,0,0,0,7,1,1,0,0,0,0,2,0,0,0,KRBKRNvK,DRAW,2k1K3/8/8/8/R6B/6r1/7n/8 b - - 0 1
1,1,0,0,0,0,0,1,-1,1,0,1,1,1,0,0,0,0,0,16,0,0,6,6,1,6,7,4,5,8,0,1,0,0,0,0,0,0,0,7,1,1,0,1,0,0,2,0,0,0,KRBKRNvK,DRAW,1n4k1/8/8/4R3/6B1/8/1r4K1/8 w - - 0 1
0,1,0,0,0,0,0,1,-1,1,0,1,1,1,0,0,0,0,0,16,0,0,6,1,6,5,0,4,4,17,21,0,0,0,0,0,0,0,0,7,1,1,0,0,0,0,1,0,0,0,KRBKRNvK,DRAW,8/1K6/8/8/8/1B6/1R4n1/r4k2 b - - 0 1
0,1,0,0,0,0,0,1,-1,1,0,1,1,1,0,0,0,0,0,16,0,0,3,5,1,2,2,3,2,5,0,1,0,0,0,0,0,0,0,7,1,1,0,0,0,0,1,2,0,0,KRBKRNvK,DRAW,5n2/8/8/5B2/r7/2k3R1/5K2/8 b - - 0 1
0,1,0,0,0,0,0,1,-1,1,0,1,1,1,0,0,0,0,0,16,0,0,5,1,2,6,4,3,2,8,0,1,0,0,0,0,0,0,0,7,1,1,0,0,0,0,0,0,1,0,KRBKRNvK,DRAW,8/4B2n/r7/6k1/8/RK6/8/8 b - - 0 1
0,1,0,0,0,0,0,1,-1,1,0,1,1,1,0,0,0,0,0,16,0,0,4,1,6,5,4,4,1,22,29,0,0,0,0,0,0,0,0,7,1,1,0,0,0,0,3,2,0,0,KRBKRNvK,DRAW,8/1K6/8/5k2/8/7r/1B2R3/5n2 b - - 0 1
1,1,0,0,0,0,0,1,-1,1,0,1,1,1,0,0,0,0,0,16,0,0,3,6,0,6,3,5,2,23,23,0,0,0,0,0,0,0,0,7,1,1,0,1,0,0,3,0,0,0,KRBKRNvK,DRAW,3R4/1n6/8/8/6k1/8/1r6/1B4K1 w - - 0 1
1,1,0,0,0,0,0,1,-1,1,0,1,1,1,0,0,0,0,0,16,0,0,3,4,1,7,0,2,6,7,0,1,0,0,0,0,0,0,0,7,1,1,0,1,0,0,0,1,0,0,KRBKRNvK,DRAW,8/5B2/1R2n3/8/8/8/r3K3/7k w - - 0 1
1,1,0,0,0,0,0,1,-1,1,0,1,1,1,0,0,0,0,0,16,0,0,2,6,5,5,7,3,4,4,0,1,0,0,0,0,0,0,0,7,1,1,0,0,0,0,1,0,0,1,KRBKRNvK,DRAW,1B3k2/8/r5K1/4n3/8/8/1R6/8 w - - 0 1
0,1,0,0,0,0,0,1,-1,1,0,1,1,1,0,0,0,0,0,16,0,0,3,3,6,6,6,2,4,22,22,0,0,0,0,0,0,0,0,7,1,1,0,0,0,0,0,0,0,1,KRBKRNvK,DRAW,7r/1n1K2k1/BR6/8/8/8/8/8 b - - 0 1
1,1,0,0,0,0,0,1,-1,1,0,1,1,1,0,0,0,0,0,16,0,0,4,6,4,2,6,2,3,24,22,0,0,0,0,0,0,0,0,7,1,1,0,0,0,0,2,2,1,1,KRBKRNvK,DRAW,1R6/2k5/4r3/6K1/8/8/6n1/B7 w - - 0 1
0,1,0,0,0,0,0,1,-1,1,0,1,1,1,0,0,0,0,0,16,0,0,3,6,4,3,4,2,0,25,21,0,0,0,0,0,0,0,0,7,1,1,1,0,0,0,0,3,1,1,KRBKRNvK,DRAW,1B6/2R5/8/3k2K1/8/6n1/8/r7 b - - 0 1
0,1,0,0,0,0,0,1,-1,1,0,1,1,1,0,0,0,0,0,16,0,0,3,5,3,2,2,1,2,4,0,1,0,0,0,0,0,0,0,7,1,1,0,0,0,0,3,2,1,1,KRBKRNvK,DRAW,7B/2n5/6r1/8/5K2/2k5/1R6/8 b - - 0 1
0,1,0,0,0,0,0,1,-1,1,0,1,1,1,0,0,0,0,0,16,0,0,5,7,1,2,3,5,1,25,27,0,0,0,0,0,0,0,0,7,1,1,1,0,0,0,3,2,0,1,KRBKRNvK,DRAW,8/4R3/8/8/n1k5/5B2/7K/6r1 b - - 0 1
0,1,0,0,0,0,0,1,-1,1,0,1,1,1,0,0,0,0,0,16,0,0,7,0,0,0,7,6,6,25,20,0,0,0,0,0,0,0,0,7,1,1,0,0,0,0,1,2,0,0,KRBKRNvK,DRAW,k7/7B/3r4/8/8/4nR2/8/K7 b - - 0 1
0,1,0,0,0,0,0,1,-1,1,0,1,1,1,0,0,0,0,0,16,0,0,4,4,1,4,5,2,1,21,27,0,0,0,0,0,0,0,0,7,1,1,0,0,0,0,3,4,1,1,KRBKRNvK,DRAW,1B1R4/8/4k3/8/n1r5/8/4K3/8 b - - 0 1
1,1,0,0,0,0,0,1,-1,1,0,1,1,1,0,0,0,0,0,16,0,0,6,6,0,0,3,5,3,26,19,0,0,0,0,0,0,0,0,7,1,1,0,0,0,0,2,0,1,0,KRBKRNvK,DRAW,8/6n1/2r5/1R6/k7/8/4B3/6K1 w - - 0 1
1,1,0,0,0,0,0,1,-1,1,0,1,1,1,0,0,0,0,0,16,0,0,7,2,0,6,7,4,5,3,0,1,0,0,0,0,0,0,0,7,1,1,0,0,0,0,2,3,0,1,KRBKRNvK,DRAW,3B2k1/8/8/1r6/7R/8/4n3/2K5 w - - 0 1
0,1,0,0,0,0,0,1,-1,1,0,1,1,1,0,0,0,0,0,16,0,0,6,6,0,0,5,5,4,21,24,0,0,0,0,0,0,0,0,7,1,1,0,0,0,0,0,0,0,0,KRBKRNvK,DRAW,4B3/8/k7/8/n7/2r5/6R1/6K1 b - - 0 1
0,1,0,0,0,0,0,1,-1,1,0,1,1,1,0,0,0,0,0,16,0,0,3,3,3,0,1,0,5,17,28,0,0,0,0,0,0,0,0,7,1,1,1,0,0,0,3,0,0,0,KRBKRNvK,DRAW,2r2n2/1R6/8/8/3K2B1/8/k7/8 b - - 0 1
0,1,0,0,0,0,0,1,-1,1,0,1,1,1,0,0,0,0,0,16,0,0,2,2,1,4,3,3,0,21,21,0,0,0,0,0,0,0,0,7,1,1,0,0,0,0,0,4,0,1,KRBKRNvK,DRAW,1B6/8/3n4/8/4k3/7R/2K5/4r3 b - - 0 1
0,1,0,0,0,0,0,1,-1,1,0,1,1,1,0,0,0,0,0,16,0,0,2,7,3,5,5,3,2,27,23,0,0,0,0,0,0,0,0,7,1,1,0,0,0,0,0,3,0,0,KRBKRNvK,DRAW,R7/8/5k2/1n6/7K/3r4/8/2B5 b - - 0 1
1,1,0,0,0,0,0,1,-1,1,0,1,1,1,0,0,0,0,0,16,0,0,2,1,3,0,5,2,4,16,23,0,0,0,0,0,0,0,0,7,1,1,0,1,0,0,1,1,0,1,KRBKRNvK,DRAW,6B1/8/k7/6n1/1K6/1R6/2r5/8 w - - 0 1
1,1,0,0,0,0,0,1,-1,1,0,1,1,1,0,0,0,0,0,16,0,0,7,7,1,0,1,5,5,5,0,1,0,0,0,0,0,0,0,7,1,1,0,1,0,0,2,2,0,1,KRBKRNvK,DRAW,8/8/5n2/4R3/8/5B2/k4r1K/8 w - - 0 1
0,1,0,0,0,0,0,1,-1,1,0,1,1,1,0,0,0,0,0,16,0,0,4,7,0,5,4,6,1,7,0,1,0,0,0,0,0,0,0,7,1,1,0,0,0,0,0,2,0,0,KRBKRNvK,DRAW,2B5/1n6/1r6/5k2/8/8/R7/7K b - - 0 1
1,1,0,0,0,0,0,1,-1,1,0,1,1,1,0,0,0,0,0,16,0,0,4,2,6,1,2,3,3,5,0,1,0,0,0,0,0,0,0,7,1,1,0,0,0,0,1,2,1,1,KRBKRNvK,DRAW,8/2K2n2/6R1/2r5/8/1k6/8/1B6 w - - 0 1
1,1,0,0,0,0,0,1,-1,1,0,1,1,1,0,0,0,0,0,16,0,0,3,3,5,0,4,1,3,26,22,0,0,0,0,0,0,0,0,7,1,1,0,0,0,0,3,3,0,1,KRBKRNvK,DRAW,8/3B4/3K4/k1n4r/8/4R3/8/8 w - - 0 1
1,1,0,0,0,0,0,1,-1,1,0,1,1,1,0,0,0,0,0,16,0,0,4,7,4,6,0,3,5,25,22,0,0,0,0,0,0,0,0,7,1,1,0,0,0,0,2,2,0,1,KRBKRNvK,DRAW,8/8/2r5/R6K/2B5/5n2/8/6k1 w - - 0 1
1,1,0,0,0,0,0,1,-1,1,0,1,1,1,0,0,0,0,0,16,0,0,3,2,7,5,6,4,3,26,24,0,0,0,0,0,0,0,0,7,1,1,0,0,0,0,0,2,0,0,KRBKRNvK,DRAW,2K5/5k2/R7/8/2n1r3/8/8/3B4 w - - 0 1
1,1,0,0,0,0,0,1,-1,1,0,1,1,1,0,0,0,0,0,16,0,0,3,3,4,1,1,0,4,6,0,1,0,0,0,0,0,0,0,7,1,1,0,1,0,0,3,2,2,0,KRBKRNvK,LOSS,n7/8/8/3K4/8/8/1k1r4/2RB4 w - - 0 1
1,1,0,0,0,0,0,1,-1,1,0,1,1,1,0,0,0,0,0,16,0,0,2,7,6,5,5,5,2,2,0,1,0,0,0,0,0,0,0,7,1,1,0,0,0,0,1,1,0,2,KRBKRNvK,DRAW,8/5r1K/1B3kn1/8/8/2R5/8/8 w - - 0 1
1,1,0,0,0,0,0,1,-1,1,0,1,1,1,0,0,0,0,0,16,0,0,3,7,2,4,2,4,1,4,0,1,0,0,0,0,0,0,0,7,1,1,0,0,0,0,2,2,1,1,KRBKRNvK,LOSS,8/8/3R4/3B4/4n3/4kr1K/8/8 w - - 0 1
0,1,0,0,0,0,0,1,-1,1,0,1,1,1,0,0,0,0,0,16,0,0,3,3,4,6,6,0,4,19,25,0,0,0,0,0,0,0,0,7,1,1,0,0,0,0,4,0,0,1,KRBKRNvK,DRAW,8/6kr/3R4/3Kn3/8/4B3/8/8 b - - 0 1
1,1,0,0,0,0,0,1,-1,1,0,1,1,1,0,0,0,0,0,16,0,0,2,5,5,3,6,2,2,3,0,1,0,0,0,0,0,0,0,7,1,1,0,0,0,0,1,1,0,0,KRBKRNvK,DRAW,8/3k2B1/1n3K1R/8/8/8/8/5r2 w - - 0 1
1,1,0,0,0,0,0,1,-1,1,0,1,1,1,0,0,0,0,0,16,0,0,5,2,7,1,2,4,3,3,0,1,0,0,0,0,0,0,0,7,1,1,0,0,0,0,2,2,0,1,KRBKRNvK,DRAW,2K1r3/8/5R2/8/8/1k3B2/1n6/8 w - - 0 1
0,1,0,0,0,0,0,1,-1,1,0,1,1,1,0,0,0,0,0,16,0,0,5,1,6,6,3,4,2,23,26,0,0,0,0,0,0,0,0,7,1,1,0,1,0,0,2,0,0,0,KRBKRNvK,DRAW,3B4/1K6/7n/8/6k1/8/r7/4R3 b - - 0 1
0,1,0,0,0,0,0,1,-1,1,0,1,1,1,0,0,0,0,0,16,0,0,3,3,3,0,6,0,5,11,28,0,0,0,0,0,0,0,0,7,1,1,0,0,0,0,3,0,0,0,KRBKRNvK,DRAW,r7/k7/8/8/B2K4/8/nR6/8 b - - 0 1
1,1,0,0,0,0,0,1,-1,1,0,1,1,1,0,0,0,0,0,16,0,0,5,1,0,2,5,5,2,4,0,1,0,0,0,0,0,0,0,7,1,1,0,0,0,0,0,1,1,1,KRBKRNvK,DRAW,1R5B/6r1/2k5/8/8/n7/8/1K6 w - - 0 1
1,1,0,0,0,0,0,1,-1,1,0,1,1,1,0,0,0,0,0,16,0,0,4,4,0,1,4,3,2,28,19,0,0,0,0,0,0,0,0,7,1,1,0,0,0,0,3,1,1,0,KRBKRNvK,DRAW,4n3/8/8/1k6/r2B2R1/8/8/4K3 w - - 0 1
1,1,0,0,0,0,0,1,-1,1,0,1,1,1,0,0,0,0,0,16,0,0,3,4,6,1,7,2,5,27,20,0,0,0,0,0,0,0,0,7,1,1,0,0,0,0,2,0,0,1,KRBKRNvK,DRAW,1kr5/4K3/4R3/8/8/n2B4/8/8 w - - 0 1
0,1,0,0,0,0,0,1,-1,1,0,1,1,1,0,0,0,0,0,16,0,0,7,0,0,7,3,6,3,19,27,0,0,0,0,0,0,0,0,7,1,1,0,0,0,0,3,2,0,0,KRBKRNvK,DRAW,1n6/3r4/8/R7/7k/4B3/8/K7 b - - 0 1
1,1,0,0,0,0,0,1,-1,1,0,1,1,1,0,0,0,0,0,16,0,0,3,5,1,2,3,3,1,27,24,0,0,0,0,0,0,0,0,7,1,1,0,0,0,0,3,3,2,0,KRBKRNvK,DRAW,3r4/8/6n1/4R3/2k5/4B3/5K2/8 w - - 0 1
0,1,0,0,0,0,0,1,-1,1,0,1,1,1,0,0,0,0,0,16,0,0,4,1,0,5,2,5,2,4,0,1,0,0,0,0,0,0,0,7,1,1,0,0,0,0,3,1,0,0,KRBKRNvK,LOSS,r7/7n/2B5/8/R7/5k2/8/1K6 b - - 0 1
1,1,0,0,0,0,0,1,-1,1,0,1,1,1,0,0,0,0,0,16,0,0,5,7,2,2,3,4,1,22,17,0,0,0,0,0,0,0,0,7,1,1,0,0,0,0,2,3,0,0,KRBKRNvK,DRAW,n7/8/8/6R1/2kr4/6BK/8/8 w - - 0 1
1,1,0,0,0,0,0,1,-1,1,0,1,1,1,0,0,0,0,0,16,0,0,5,2,6,7,2,3,4,5,0,1,0,0,0,0,0,0,0,7,1,1,0,0,0,0,3,2,1,1,KRBKRNvK,DRAW,8/2K1r3/8/8/3n4/7k/3R4/7B w - - 0 1
1,1,0,0,0,0,0,1,-1,1,0,1,1,1,0,0,0,0,0,16,0,0,6,7,4,1,1,3,4,3,0,1,0,0,0,0,0,0,0,7,1,1,0,0,0,0,2,1,0,1,KRBKRNvK,DRAW,8/8/2r5/7K/5n2/4R3/1k6/5B2 w - - 0 1
1,1,0,0,0,0,0,1,-1,1,0,1,1,1,0,0,0,0,0,16,0,0,5,3,7,6,2,3,3,24,26,0,0,0,0,0,0,0,0,7,1,1,0,1,0,0,4,2,1,0,KRBKRNvK,DRAW,3K4/8/8/4R3/8/5nk1/1B5r/8 w - - 0 1
0,1,0,0,0,0,0,1,-1,1,0,1,1,1,0,0,0,0,0,16,0,0,7,7,0,2,7,6,4,21,24,0,0,0,0,0,0,0,0,7,1,1,1,1,0,0,2,2,1,1,KRBKRNvK,DRAW,2k5/R7/5n2/8/8/2B5/5r2/7K b - - 0 1
0,1,0,0,0,0,0,1,-1,1,0,1,1,1,0,0,0,0,0,16,0,0,3,4,2,7,5,1,4,9,27,0,0,0,0,0,0,0,0,7,1,1,0,0,0,0,2,0,0,1,KRBKRNvK,DRAW,8/8/7k/8/8/4K3/6R1/4B1nr b - - 0 1
1,1,0,0,0,0,0,1,-1,1,0,1,1,1,0,0,0,0,0,16,0,0,3,4,1,1,2,2,3,33,25,0,0,0,0,0,0,0,0,7,1,1,0,0,0,0,1,1,0,1,KRBKRNvK,DRAW,8/7r/6R1/4B3/8/1k6/2n1K3/8 w - - 0 1
0,1,0,0,0,0,0,1,-1,1,0,1,1,1,0,0,0,0,0,16,0,0,6,6,0,2,6,5,3,25,28,0,0,0,0,0,0,0,0,7,1,1,0,0,0,0,3,0,0,0,KRBKRNvK,DRAW,1r6/2k3B1/8/7R/8/n7/8/6K1 b - - 0 1
1,1,0,0,0,0,0,1,-1,1,0,1,1,1,0,0,0,0,0,16,0,0,4,6,4,5,0,2,4,23,19,0,0,0,0,0,0,0,0,7,1,1,0,0,0,0,2,0,0,0,KRBKRNvK,DRAW,5r1n/3B4/8/3R2K1/8/8/8/5k2 w - - 0 1
0,1,0,0,0,0,0,1,-1,1,0,1,1,1,0,0,0,0,0,16,0,0,7,0,0,3,7,6,3,13,21,0,0,0,0,0,0,0,0,7,1,1,1,0,0,0,0,2,0,1,KRBKRNvK,DRAW,3kr3/7R/8/8/8/7B/8/Kn6 b - - 0 1
1,1,0,0,0,0,0,1,-1,1,0,1,1,1,0,0,0,0,0,16,0,0,6,2,0,3,6,4,2,25,18,0,0,0,0,0,0,0,0,7,1,1,0,0,0,0,2,0,0,1,KRBKRNvK,DRAW,8/3k4/8/8/2R5/8/2B5/2K1nr2 w - - 0 1
1,1,0,0,0,0,0,1,-1,1,0,1,1,1,0,0,0,0,0,16,0,0,3,6,6,4,3,4,0,28,23,0,0,0,0,0,0,0,0,7,1,1,0,0,0,0,1,4,0,2,KRBKRNvK,DRAW,8/2B3K1/5n2/5r2/4k3/8/R7/8 w - - 0 1
0,1,0,0,0,0,0,1,-1,1,0,1,1,1,0,0,0,0,0,16,0,0,6,7,0,6,6,6,4,25,24,0,0,0,0,0,0,0,0,7,1,1,0,0,0,0,0,2,1,0,KRBKRNvK,DRAW,8/3r2k1/8/5nB1/8/8/8/2R4K b - - 0 1
0,1,0,0,0,0,0,1,-1,1,0,1,1,1,0,0,0,0,0,16,0,0,5,3,0,7,5,3,4,4,0,1,0,0,0,0,0,0,0,7,1,1,0,0,0,0,3,1,1,0,KRBKRNvK,DRAW,2r5/3n4/7k/8/R4B2/8/8/3K4 b - - 0 1
0,1,0,0,0,0,0,1,-1,1,0,1,1,1,0,0,0,0,0,16,0,0,3,3,4,6,5,0,3,24,24,0,0,0,0,0,0,0,0,7,1,1,0,0,0,0,3,1,0,2,KRBKRNvK,DRAW,8/8/6k1/2BK4/1rn5/2R5/8/8 b - - 0 1
0,1,0,0,0,0,0,1,-1,1,0,1,1,1,0,0,0,0,0,16,0,0,4,6,1,2,5,4,2,6,0,1,0,0,0,0,0,0,0,7,1,1,0,0,0,0,0,1,1,0,KRBKRNvK,DRAW,n7/8/2k5/8/B7/8/R5K1/2r5 b - - 0 1
1,1,0,0,0,0,0,1,-1,1,0,1,1,1,0,0,0,0,0,16,0,0,3,1,4,4,3,2,0,7,0,1,0,0,0,0,0,0,0,7,1,1,0,0,0,0,0,4,1,1,KRBKRNvK,DRAW,6R1/4r3/8/1K6/4k1B1/2n5/8/8 w - - 0 1
1,1,0,0,0,0,0,1,-1,1,0,1,1,1,0,0,0,0,0,16,0,0,4,3,2,7,2,1,4,27,20,0,0,0,0,0,0,0,0,7,1,1,0,0,0,0,3,2,0,1,KRBKRNvK,DRAW,2R5/8/8/7r/8/3K3k/B7/5n2 w - - 0 1
0,1,0,0,0,0,0,1,-1,1,0,1,1,1,0,0,0,0,0,16,0,0,6,1,6,7,5,4,4,4,0,1,0,0,0,0,0,0,0,7,1,1,0,1,0,0,1,0,0,0,KRBKRNvK,DRAW,8/1K6/7k/8/2B5/8/r7/2n4R b - - 0 1
0,1,0,0,0,0,0,1,-1,1,0,1,1,1,0,0,0,0,0,16,0,0,2,5,2,3,2,2,1,3,0,1,0,0,0,0,0,0,0,7,1,1,1,0,0,0,4,2,1,1,KRBKRNvK,DRAW,8/3R4/8/8/n6r/3k1K2/1B6/8 b - - 0 1
0,1,0,0,0,0,0,1,-1,1,0,1,1,1,0,0,0,0,0,16,0,0,4,1,7,3,3,5,0,24,16,0,0,0,0,0,0,0,0,7,1,1,1,0,0,0,0,4,0,1,KRBKRNvK,DRAW,1K6/R1n5/7B/8/3k1r2/8/8/8 b - - 0 1
0,1,0,0,0,0,0,1,-1,1,0,1,1,1,0,0,0,0,0,16,0,0,4,2,2,6,6,2,4,22,23,0,0,0,0,0,0,0,0,7,1,1,1,0,0,0,2,1,0,1,KRBKRNvK,DRAW,8/1RB3kr/8/8/2n5/2K5/8/8 b - - 0 1
1,1,0,0,0,0,0,1,-1,1,0,1,1,1,0,0,0,0,0,16,0,0,4,6,3,2,5,2,2,5,0,1,0,0,0,0,0,0,0,7,1,1,0,0,0,0,1,3,1,2,KRBKRNvK,DRAW,6R1/8/2k5/8/2B1r1K1/8/7n/8 w - - 0 1
1,1,0,0,0,0,0,1,-1,1,0,1,1,1,0,0,0,0,0,16,0,0,2,3,4,1,2,0,3,26,21,0,0,0,0,0,0,0,0,7,1,1,1,0,0,0,4,0,0,0,KRBKRNvK,DRAW,8/7R/2B5/3K4/8/1k4r1/8/5n2 w - - 0 1
1,1,0,0,0,0,0,1,-1,1,0,1,1,1,0,0,0,0,0,16,0,0,3,2,0,5,2,4,2,21,23,0,0,0,0,0,0,0,0,7,1,1,0,0,0,0,2,4,2,1,KRBKRNvK,DRAW,8/8/6n1/7R/8/3r1k1B/8/2K5 w - - 0 1
1,1,0,0,0,0,0,1,-1,1,0,1,1,1,0,0,0,0,0,16,0,0,2,7,5,5,3,4,1,22,21,0,0,0,0,0,0,0,0,7,1,1,0,0,0,0,2,2,1,1,KRBKRNvK,DRAW,6r1/1B6/7K/n7/5k2/7R/8/8 w - - 0 1
0,1,0,0,0,0,0,1,-1,1,0,1,1,1,0,0,0,0,0,16,0,0,4,3,4,1,0,0,5,18,25,0,0,0,0,0,0,0,0,7,1,1,0,0,0,0,4,0,1,0,KRBKRNvK,WIN,6n1/6r1/8/3K3B/8/8/3R4/1k6 b - - 0 1
1,1,0,0,0,0,0,1,-1,1,0,1,1,1,0,0,0,0,0,16,0,0,4,4,7,4,3,3,0,20,20,0,0,0,0,0,0,0,0,7,1,1,0,1,0,0,2,3,0,0,KRBKRNvK,DRAW,3RK3/8/8/8/4k3/8/1n5r/3B4 w - - 0 1
0,1,0,0,0,0,0,1,-1,1,0,1,1,1,0,0,0,0,0,16,0,0,4,2,7,6,4,4,2,24,27,0,0,0,0,0,0,0,0,7,1,1,0,0,0,0,3,2,0,0,KRBKRNvK,DRAW,2K5/8/8/6k1/7r/2B5/8/2n1R3 b - - 0 1
1,1,0,0,0,0,0,1,-1,1,0,1,1,1,0,0,0,0,0,16,0,0,3,4,6,2,3,2,1,28,22,0,0,0,0,0,0,0,0,7,1,1,0,0,0,0,2,3,0,1,KRBKRNvK,DRAW,8/4K3/2r5/6R1/2k2B2/3n4/8/8 w - - 0 1
1,1,0,0,0,0,0,1,-1,1,0,1,1,1,0,0,0,0,0,16,0,0,3,4,4,1,7,0,5,26,19,0,0,0,0,0,0,0,0,7,1,1,0,1,0,0,3,0,1,1,KRBKRNvK,DRAW,1kB5/6n1/8/4K3/8/2R5/1r6/8 w - - 0 1
1,1,0,0,0,0,0,1,-1,1,0,1,1,1,0,0,0,0,0,16,0,0,2,1,7,2,5,5,2,21,20,0,0,0,0,0,0,0,0,7,1,1,0,0,0,0,2,2,0,2,KRBKRNvK,DRAW,1K6/n2r4/2k5/8/8/8/8/B5R1 w - - 0 1
0,1,0,0,0,0,0,1,-1,1,0,1,1,1,0,0,0,0,0,16,0,0,2,4,2,4,0,1,3,19,26,0,0,0,0,0,0,0,0,7,1,1,0,0,0,0,4,2,0,0,KRBKRNvK,DRAW,5n2/8/3B4/5R2/1r6/4K3/8/4k3 b - - 0 1
0,1,0,0,0,0,0,1,-1,1,0,1,1,1,0,0,0,0,0,16,0,0,6,7,0,2,6,6,3,6,0,1,0,0,0,0,0,0,0,7,1,1,1,1,0,0,0,1,0,0,KRBKRNvK,DRAW,8/2k3R1/6n1/8/1B6/8/r7/7K b - - 0 1
0,1,0,0,0,0,0,1,-1,1,0,1,1,1,0,0,0,0,0,16,0,0,4,2,1,6,0,3,5,20,31,0,0,0,0,0,0,0,0,7,1,1,0,0,0,0,2,0,1,0,KRBKRNvK,DRAW,4n3/5r2/8/8/7R/8/2K1B3/6k1 b - - 0 1
0,1,0,0,0,0,0,1,-1,1,0,1,1,1,0,0,0,0,0,16,0,0,4,7,0,3,3,6,0,22,19,0,0,0,0,0,0,0,0,7,1,1,0,0,0,0,0,3,0,0,KRBKRNvK,DRAW,2R2n2/8/B7/6r1/3k4/8/8/7K b - - 0 1
0,1,0,0,0,0,0,1,-1,1,0,1,1,1,0,0,0,0,0,16,0,0,3,0,3,3,4,3,0,14,30,0,0,0,0,0,0,0,0,7,1,1,0,0,0,0,3,4,2,0,KRBKRNvK,DRAW,1n1r4/8/5B2/3k4/K7/4R3/8/8 b - - 0 1
0,1,0,0,0,0,0,1,-1,1,0,1,1,1,0,0,0,0,0,16,0,0,5,1,6,2,1,4,3,7,0,1,0,0,0,0,0,0,0,7,1,1,0,0,0,0,0,2,0,0,KRBKRNvK,DRAW,4r3/1K6/B7/8/8/8/2k3R1/7n b - - 0 1
0,1,0,0,0,0,0,1,-1,1,0,1,1,1,0,0,0,0,0,16,0,0,4,1,3,3,7,2,3,19,22,0,0,0,0,0,0,0,0,7,1,1,0,0,0,0,1,2,0,0,KRBKRNvK,DRAW,3k4/1n2r3/8/8/RKB5/8/8/8 b - - 0 1
1,1,0,0,0,0,0,1,-1,1,0,1,1,1,0,0,0,0,0,16,0,0,2,6,6,6,4,4,2,3,0,1,0,0,0,0,0,0,0,7,1,1,0,0,0,0,0,2,1,1,KRBKRNvK,DRAW,n7/4r1K1/7R/6k1/B7/8/8/8 w - - 0 1
0,1,0,0,0,0,0,1,-1,1,0,1,1,1,0,0,0,0,0,16,0,0,4,0,4,0,0,3,6,23,25,0,0,0,0,0,0,0,0,7,1,1,0,0,0,0,0,3,0,0,KRBKRNvK,DRAW,2R5/8/3r4/K7/6B1/6n1/8/k7 b - - 0 1
0,1,0,0,0,0,0,1,-1,1,0,1,1,1,0,0,0,0,0,16,0,0,2,5,0,7,0,4,6,19,23,0,0,0,0,0,0,0,0,7,1,1,0,0,0,0,0,2,0,0,KRBKRNvK,DRAW,2n5/3B4/8/6r1/8/8/8/1R3K1k b - - 0 1
0,1,0,0,0,0,0,1,-1,1,0,1,1,1,0,0,0,0,0,16,0,0,4,0,3,4,0,3,3,21,22,0,0,0,0,0,0,0,0,7,1,1,0,0,0,0,0,2,1,0,KRBKRNvK,DRAW,2R5/8/8/6r1/K7/8/7n/2B1k3 b - - 0 1
1,1,0,0,0,0,0,1,-1,1,0,1,1,1,0,0,0,0,0,16,0,0,5,7,2,7,7,4,6,28,18,0,0,0,0,0,0,0,0,7,1,1,1,0,0,0,1,0,0,0,KRBKRNvK,WIN,7k/1R6/5r2/8/8/n6K/5B2/8 w - - 0 1
0,1,0,0,0,0,0,1,-1,1,0,1,1,1,0,0,0,0,0,16,0,0,3,4,1,4,4,2,0,27,26,0,0,0,0,0,0,0,0,7,1,1,0,0,0,0,0,3,0,1,KRBKRNvK,DRAW,8/2n5/8/4k3/8/5r2/3BK3/6R1 b - - 0 1
1,1,0,0,0,0,0,1,-1,1,0,1,1,1,0,0,0,0,0,16,0,0,3,2,4,5,2,1,2,27,22,0,0,0,0,0,0,0,0,7,1,1,0,0,0,0,3,3,1,1,KRBKRNvK,DRAW,4R3/8/8/2K1B1n1/8/3r1k2/8/8 w - - 0 1
0,1,0,0,0,0,0,1,-1,1,0,1,1,1,0,0,0,0,0,16,0,0,2,6,5,6,3,3,2,3,0,1,0,0,0,0,0,0,0,7,1,1,0,1,0,0,2,0,1,0,KRBKRNvK,DRAW,8/8/6K1/8/4R1k1/B7/1r6/4n3 b - - 0 1
1,1,0,0,0,0,0,1,-1,1,0,1,1,1,0,0,0,0,0,16,0,0,2,4,1,6,3,2,2,27,25,0,0,0,0,0,0,0,0,7,1,1,0,0,0,0,2,2,1,0,KRBKRNvK,DRAW,8/8/1n5B/2r5/6k1/8/4K3/3R4 w - - 0 1
1,1,0,0,0,0,0,1,-1,1,0,1,1,1,0,0,0,0,0,16,0,0,6,0,1,6,6,5,4,27,16,0,0,0,0,0,0,0,0,7,1,1,0,0,0,0,0,0,1,0,KRBKRNvK,DRAW,6n1/6k1/8/6Br/8/8/K7/1R6 w - - 0 1
0,1,0,0,0,0,0,1,-1,1,0,1,1,1,0,0,0,0,0,16,0,0,2,0,0,2,2,6,2,20,22,0,0,0,0,0,0,0,0,7,1,1,1,0,0,0,0,3,0,0,KRBKRNvK,DRAW,3B4/7R/8/8/1nr5/2k5/8/K7 b - - 0 1
0,1,0,0,0,0,0,1,-1,1,0,1,1,1,0,0,0,0,0,16,0,0,2,3,3,2,5,0,2,23,29,0,0,0,0,0,0,0,0,7,1,1,0,1,0,0,3,1,1,0,KRBKRNvK,DRAW,2n5/5B2/2k5/R7/3K4/8/6r1/8 b - - 0 1
0,1,0,0,0,0,0,1,-1,1,0,1,1,1,0,0,0,0,0,16,0,0,7,4,7,6,0,3,5,23,25,0,0,0,0,0,0,0,0,7,1,1,0,0,0,0,0,2,0,0,KRBKRNvK,DRAW,4K3/4B3/7R/2r5/1n6/8/8/6k1 b - - 0 1
1,1,0,0,0,0,0,1,-1,1,0,1,1,1,0,0,0,0,0,16,0,0,5,6,7,1,7,5,5,23,20,0,0,0,0,0,0,0,0,7,1,1,0,0,0,0,0,0,0,0,KRBKRNvK,DRAW,1kn1B1K1/r7/8/8/8/5R2/8/8 w - - 0 1
0,1,0,0,0,0,0,1,-1,1,0,1,1,1,0,0,0,0,0,16,0,0,4,4,3,0,5,0,4,22,31,0,0,0,0,0,0,0,0,7,1,1,0,0,0,0,3,0,0,1,KRBKRNvK,DRAW,6R1/8/k1r5/8/4KB2/8/1n6/8 b - - 0 1
0,1,0,0,0,0,0,1,-1,1,0,1,1,1,0,0,0,0,0,16,0,0,3,4,4,7,1,0,5,3,0,1,0,0,0,0,0,0,0,7,1,1,0,0,0,0,3,2,2,1,KRBKRNvK,DRAW,5n2/8/8/4K3/2r3B1/8/5R1k/8 b - - 0 1
1,1,0,0,0,0,0,1,-1,1,0,1,1,1,0,0,0,0,0,16,0,0,3,7,6,4,7,5,3,2,0,1,0,0,0,0,0,0,0,7,1,1,0,0,0,0,3,1,0,1,KRBKRNvK,DRAW,4k3/7K/4n3/2R2B1r/8/8/8/8 w - - 0 1
0,1,0,0,0,0,0,1,-1,1,0,1,1,1,0,0,0,0,0,16,0,0,4,4,6,0,6,2,5,4,0,1,0,0,0,0,0,0,0,7,1,1,0,1,0,0,2,0,1,0,KRBKRNvK,DRAW,8/k3K3/8/1R6/n2B4/8/5r2/8 b - - 0 1
1,1,0,0,0,0,0,1,-1,1,0,1,1,1,0,0,0,0,0,16,0,0,5,0,1,3,6,5,2,5,0,1,0,0,0,0,0,0,0,7,1,1,0,0,0,0,1,0,1,0,KRBKRNvK,DRAW,8/r1Bk4/8/3n4/8/2R5/K7/8 w - - 0 1
0,1,0,0,0,0,0,1,-1,1,0,1,1,1,0,0,0,0,0,16,0,0,5,7,7,7,2,6,4,22,20,0,0,0,0,0,0,0,0,7,1,1,1,0,0,0,0,3,0,0,KRBKRNvK,DRAW,7K/R7/8/8/8/3r3k/3n4/2B5 b - - 0 1
1,1,0,0,0,0,0,1,-1,1,0,1,1,1,0,0,0,0,0,16,0,0,4,1,0,5,3,5,1,24,23,0,0,0,0,0,0,0,0,7,1,1,1,0,0,0,0,3,0,0,KRBKRNvK,DRAW,8/6R1/8/5n2/B1r2k2/8/8/1K6 w - - 0 1
0,1,0,0,0,0,0,1,-1,1,0,1,1,1,0,0,0,0,0,16,0,0,4,3,0,1,4,3,2,7,0,1,0,0,0,0,0,0,0,7,1,1,0,1,0,0,0,0,0,0,KRBKRNvK,DRAW,4B3/n7/8/1k6/8/6R1/r7/3K4 b - - 0 1
1,1,0,0,0,0,0,1,-1,1,0,1,1,1,0,0,0,0,0,16,0,0,6,4,0,6,6,3,4,2,0,1,0,0,0,0,0,0,0,7,1,1,0,0,0,0,2,1,1,1,KRBKRNvK,DRAW,8/5nk1/4R3/8/8/8/3B4/4K1r1 w - - 0 1
1,1,0,0,0,0,0,1,-1,1,0,1,1,1,0,0,0,0,0,16,0,0,2,4,4,4,6,0,2,28,20,0,0,0,0,0,0,0,0,7,1,1,0,0,0,0,3,0,0,0,KRBKRNvK,DRAW,6n1/4k3/1B6/4K3/8/7r/8/2R5 w - - 0 1
1,1,0,0,0,0,0,1,-1,1,0,1,1,1,0,0,0,0,0,16,0,0,2,4,4,2,2,0,2,4,0,1,0,0,0,0,0,0,0,7,1,1,0,0,0,0,4,2,2,0,KRBKRNvK,DRAW,n7/8/8/4K2r/B3R3/2k5/8/8 w - - 0 1
0,1,0,0,0,0,0,1,-1,1,0,1,1,1,0,0,0,0,0,16,0,0,3,4,3,3,0,0,3,21,17,0,0,0,0,0,0,0,0,7,1,1,0,1,0,0,4,2,0,1,KRBKRNvK,DRAW,B4n2/8/8/4R3/4K3/8/3r4/3k4 b - - 0 1
0,1,0,0,0,0,0,1,-1,1,0,1,1,1,0,0,0,0,0,16,0,0,3,4,2,7,2,1,4,27,24,0,0,0,0,0,0,0,0,7,1,1,0,0,0,0,2,0,0,1,KRBKRNvK,DRAW,8/8/2R5/8/4n3/4K2k/2B5/1r6 b - - 0 1
1,1,0,0,0,0,0,1,-1,1,0,1,1,1,0,0,0,0,0,16,0,0,5,2,1,7,1,3,5,18,21,0,0,0,0,0,0,0,0,7,1,1,0,0,0,0,2,2,0,0,KRBKRNvK,DRAW,B7/8/8/1r6/6n1/8/2K4k/2R5 w - - 0 1
0,1,0,0,0,0,0,1,-1,1,0,1,1,1,0,0,0,0,0,16,0,0,4,3,7,7,6,3,5,22,25,0,0,0,0,0,0,0,0,7,1,1,0,0,0,0,0,1,0,0,KRBKRNvK,DRAW,3K4/7k/8/4n1r1/B7/8/8/1R6 b - - 0 1
0,1,0,0,0,0,0,1,-1,1,0,1,1,1,0,0,0,0,0,16,0,0,6,6,4,0,3,2,3,20,18,0,0,0,0,0,0,0,0,7,1,1,0,0,0,0,0,2,1,2,KRBKRNvK,DRAW,8/8/4r2n/6K1/k7/2R5/8/B7 b - - 0 1
1,1,0,0,0,0,0,1,-1,1,0,1,1,1,0,0,0,0,0,16,0,0,2,4,2,2,3,1,1,26,19,0,0,0,0,0,0,0,0,7,1,1,0,0,0,0,3,3,1,0,KRBKRNvK,DRAW,8/8/1rn5/3R4/2k5/4K3/8/3B4 w - - 0 1
1,1,0,0,0,0,0,1,-1,1,0,1,1,1,0,0,0,0,0,16,0,0,3,6,7,6,4,5,2,26,23,0,0,0,0,0,0,0,0,7,1,1,0,0,0,0,2,0,1,0,KRBKRNvK,DRAW,6K1/8/8/1B4k1/8/4R3/8/2n4r w - - 0 1
0,1,0,0,0,0,0,1,-1,1,0,1,1,1,0,0,0,0,0,16,0,0,5,2,1,2,6,3,3,29,28,0,0,0,0,0,0,0,0,7,1,1,0,0,0,0,2,1,0,0,KRBKRNvK,DRAW,8/2k3B1/3n4/8/8/7r/2K5/5R2 b - - 0 1
0,1,0,0,0,0,0,1,-1,1,0,1,1,1,0,0,0,0,0,16,0,0,7,7,0,7,7,6,6,19,26,0,0,0,0,0,0,0,0,7,1,1,0,0,0,0,3,0,1,0,KRBKRNvK,DRAW,6nk/5B2/1r6/8/8/8/4R3/7K b - - 0 1
1,1,0,0,0,0,0,1,-1,1,0,1,1,1,0,0,0,0,0,16,0,0,3,4,5,7,7,1,6,24,20,0,0,0,0,0,0,0,0,7,1,1,0,0,0,0,2,0,0,0,KRBKRNvK,DRAW,2B4k/8/4K3/7n/8/6r1/8/1R6 w - - 0 1
0,1,0,0,0,0,0,1,-1,1,0,1,1,1,0,0,0,0,0,16,0,0,7,7,0,0,3,6,3,24,20,0,0,0,0,0,0,0,0,7,1,1,1,0,0,0,0,0,0,1,KRBKRNvK,DRAW,2B5/1R6/8/8/k2n4/6r1/8/7K b - - 0 1
1,1,0,0,0,0,0,1,-1,1,0,1,1,1,0,0,0,0,0,16,0,0,6,6,7,2,1,5,3,26,19,0,0,0,0,0,0,0,0,7,1,1,0,0,0,0,3,0,0,0,KRBKRNvK,DRAW,6K1/8/3R1B2/7n/8/8/2k5/5r2 w - - 0 1
0,1,0,0,0,0,0,1,-1,1,0,1,1,1,0,0,0,0,0,16,0,0,2,2,1,4,1,3,2,26,25,0,0,0,0,0,0,0,0,7,1,1,0,0,0,0,2,2,0,1,KRBKRNvK,DRAW,8/3B4/8/7R/8/5n2/2K1k3/1r6 b - - 0 1
1,1,0,0,0,0,0,1,-1,1,0,1,1,1,0,0,0,0,0,16,0,0,5,7,6,2,6,5,3,28,22,0,0,0,0,0,0,0,0,7,1,1,0,1,0,0,2,0,1,0,KRBKRNvK,DRAW,8/2k4K/8/R7/6B1/8/2r5/5n2 w - - 0 1
0,1,0,0,0,0,0,1,-1,1,0,1,1,1,0,0,0,0,0,16,0,0,4,7,2,3,5,4,1,30,28,0,0,0,0,0,0,0,0,7,1,1,0,0,0,0,1,2,0,1,KRBKRNvK,DRAW,R7/8/3k2B1/8/3n4/7K/8/5r2 b - - 0 1
0,1,0,0,0,0,0,1,-1,1,0,1,1,1,0,0,0,0,0,16,0,0,6,7,6,5,0,5,4,20,22,0,0,0,0,0,0,0,0,7,1,1,0,0,0,0,1,2,1,0,KRBKRNvK,DRAW,8/7K/6B1/n7/8/3r4/7R/5k2 b - - 0 1
0,1,0,0,0,0,0,1,-1,1,0,1,1,1,0,0,0,0,0,16,0,0,5,1,1,6,5,4,3,19,29,0,0,0,0,0,0,0,0,7,1,1,0,0,0,0,2,2,1,0,KRBKRNvK,DRAW,1n3B2/8/6k1/6r1/R7/8/1K6/8 b - - 0 1
0,1,0,0,0,0,0,1,-1,1,0,1,1,1,0,0,0,0,0,16,0,0,4,0,6,4,6,5,2,22,28,0,0,0,0,0,0,0,0,7,1,1,0,0,0,0,2,0,0,0,KRBKRNvK,DRAW,7n/K3k3/8/1R6/2B5/5r2/8/8 b - - 0 1
1,1,0,0,0,0,0,1,-1,1,0,1,1,1,0,0,0,0,0,16,0,0,2,2,5,0,5,2,4,25,14,0,0,0,0,0,0,0,0,7,1,1,1,0,0,0,2,2,0,1,KRBKRNvK,WIN,n7/5R2/k1K5/3B4/8/8/8/3r4 w - - 0 1
0,1,0,0,0,0,0,1,-1,1,0,1,1,1,0,0,0,0,0,16,0,0,5,0,2,5,4,4,1,18,28,0,0,0,0,0,0,0,0,7,1,1,0,0,0,0,3,2,2,1,KRBKRNvK,DRAW,8/8/3R4/5k2/8/K4B2/8/2n4r b - - 0 1
1,1,0,0,0,0,0,1,-1,1,0,1,1,1,0,0,0,0,0,16,0,0,7,0,7,0,0,6,6,3,0,1,0,0,0,0,0,0,0,7,1,1,0,0,0,0,0,3,0,1,KRBKRNvK,DRAW,K7/2n5/8/8/4r3/8/5R2/k2B4 w - - 0 1
1,1,0,0,0,0,0,1,-1,1,0,1,1,1,0,0,0,0,0,16,0,0,4,3,4,7,1,0,5,5,0,1,0,0,0,0,0,0,0,7,1,1,0,1,0,0,4,2,1,1,KRBKRNvK,DRAW,B7/8/1n6/3K4/5R2/8/3r3k/8 w - - 0 1
0,1,0,0,0,0,0,1,-1,1,0,1,1,1,0,0,0,0,0,16,0,0,5,0,0,5,0,6,4,6,0,1,0,0,0,0,0,0,0,7,1,1,0,1,0,0,2,0,0,1,KRBKRNvK,DRAW,4n3/8/B7/8/3R4/8/2r5/K4k2 b - - 0 1
1,1,0,0,0,0,0,1,-1,1,0,1,1,1,0,0,0,0,0,16,0,0,4,2,4,5,0,1,4,28,18,0,0,0,0,0,0,0,0,7,1,1,1,0,0,0,4,2,0,0,KRBKRNvK,DRAW,8/4R3/5n2/2K4B/8/8/8/5kr1 w - - 0 1
0,1,0,0,0,0,0,1,-1,1,0,1,1,1,0,0,0,0,0,16,0,0,5,1,2,6,0,3,5,17,26,0,0,0,0,0,0,0,0,7,1,1,0,0,0,0,2,0,0,0,KRBKRNvK,DRAW,r7/8/n7/4R3/8/1K6/8/3B2k1 b - - 0 1
1,1,0,0,0,0,0,1,-1,1,0,1,1,1,0,0,0,0,0,16,0,0,5,2,2,4,7,2,3,6,0,1,0,0,0,0,0,0,0,7,1,1,0,0,0,0,2,0,0,0,KRBKRNvK,DRAW,4k3/8/n1r5/8/R2B4/2K5/8/8 w - - 0 1
1,1,0,0,0,0,0,1,-1,1,0,1,1,1,0,0,0,0,0,16,0,0,3,1,7,4,4,5,0,26,24,0,0,0,0,0,0,0,0,7,1,1,1,0,0,0,2,4,1,0,KRBKRNvK,DRAW,1K4B1/3R4/8/4k3/8/5n2/8/6r1 w - - 0 1
0,1,0,0,0,0,0,1,-1,1,0,1,1,1,0,0,0,0,0,16,0,0,6,2,1,2,7,3,4,21,28,0,0,0,0,0,0,0,0,7,1,1,0,0,0,0,3,2,0,0,KRBKRNvK,DRAW,2k5/8/8/6r1/8/7n/2K5/4R2B b - - 0 1
0,1,0,0,0,0,0,1,-1,1,0,1,1,1,0,0,0,0,0,16,0,0,5,0,5,5,6,4,3,4,0,1,0,0,0,0,0,0,0,7,1,1,1,0,0,0,2,0,2,0,KRBKRNvK,DRAW,8/4Rk2/K2B3r/7n/8/8/8/8 b - - 0 1
1,1,0,0,0,0,0,1,-1,1,0,1,1,1,0,0,0,0,0,16,0,0,7,0,3,7,4,3,3,20,24,0,0,0,0,0,0,0,0,7,1,1,0,0,0,0,1,2,0,0,KRBKRNvK,DRAW,8/8/8/6nk/K7/R7/7B/4r3 w - - 0 1
0,1,0,0,0,0,0,1,-1,1,0,1,1,1,0,0,0,0,0,16,0,0,5,6,1,5,6,4,3,21,29,0,0,0,0,0,0,0,0,7,1,1,0,0,0,0,3,0,0,0,KRBKRNvK,DRAW,2n5/2r2k2/8/8/R3B3/8/6K1/8 b - - 0 1
0,1,0,0,0,0,0,1,-1,1,0,1,1,1,0,0,0,0,0,16,0,0,3,5,3,2,0,1,4,14,29,0,0,0,0,0,0,0,0,7,1,1,1,0,0,0,3,0,1,1,KRBKRNvK,DRAW,8/6R1/8/8/5K1n/2B5/8/1rk5 b - - 0 1
0,1,0,0,0,0,0,1,-1,1,0,1,1,1,0,0,0,0,0,16,0,0,4,6,6,4,2,4,1,6,0,1,0,0,0,0,0,0,0,7,1,1,0,0,0,0,0,3,1,1,KRBKRNvK,DRAW,8/5nK1/8/3r4/6B1/R3k3/8/8 b - - 0 1
0,1,0,0,0,0,0,1,-1,1,0,1,1,1,0,0,0,0,0,16,0,0,4,6,4,2,5,2,2,22,26,0,0,0,0,0,0,0,0,7,1,1,0,1,0,0,3,3,1,0,KRBKRNvK,DRAW,6n1/8/2k5/6K1/3R4/2B5/4r3/8 b - - 0 1
0,1,0,0,0,0,0,1,-1,1,0,1,1,1,0,0,0,0,0,16,0,0,6,6,6,0,1,4,5,25,21,0,0,0,0,0,0,0,0,7,1,1,0,0,0,0,0,1,0,0,KRBKRNvK,DRAW,R7/6K1/2r5/B7/8/6n1/k7/8 b - - 0 1
0,1,0,0,0,0,0,1,-1,1,0,1,1,1,0,0,0,0,0,16,0,0,6,6,7,5,1,5,3,29,22,0,0,0,0,0,0,0,0,7,1,1,0,0,0,0,3,3,0,0,KRBKRNvK,DRAW,3R2K1/7B/8/1r6/8/2n5/5k2/8 b - - 0 1
0,1,0,0,0,0,0,1,-1,1,0,1,1,1,0,0,0,0,0,16,0,0,2,2,4,0,5,1,4,16,30,0,0,0,0,0,0,0,0,7,1,1,0,0,0,0,3,1,0,0,KRBKRNvK,DRAW,5r2/5n2/k4B2/2K5/8/6R1/8/8 b - - 0 1
0,1,0,0,0,0,0,1,-1,1,0,1,1,1,0,0,0,0,0,16,0,0,6,7,5,1,2,4,3,6,0,1,0,0,0,0,0,0,0,7,1,1,0,0,0,0,2,0,0,0,KRBKRNvK,DRAW,8/8/3B3K/8/8/1k2R3/8/2r3n1 b - - 0 1
1,1,0,0,0,0,0,1,-1,1,0,1,1,1,0,0,0,0,0,16,0,0,6,0,7,4,1,6,2,26,21,0,0,0,0,0,0,0,0,7,1,1,0,0,0,0,1,0,1,0,KRBKRNvK,DRAW,K7/8/5r2/8/8/7n/4kB2/1R6 w - - 0 1
1,1,0,0,0,0,0,1,-1,1,0,1,1,1,0,0,0,0,0,16,0,0,7,7,2,0,6,4,5,29,25,0,0,0,0,0,0,0,0,7,1,1,0,0,0,0,2,0,0,1,KRBKRNvK,WIN,3R4/k7/8/4B3/4n3/7K/8/6r1 w - - 0 1
1,1,0,0,0,0,0,1,-1,1,0,1,1,1,0,0,0,0,0,16,0,0,2,0,3,2,4,3,1,19,22,0,0,0,0,0,0,0,0,7,1,1,1,0,0,0,2,3,1,0,KRBKRNvK,WIN,5B2/4R3/8/2k5/K7/8/5n2/2r5 w - - 0 1
0,1,0,0,0,0,0,1,-1,1,0,1,1,1,0,0,0,0,0,16,0,0,6,7,3,1,6,3,4,23,27,0,0,0,0,0,0,0,0,7,1,1,0,0,0,0,0,3,0,0,KRBKRNvK,DRAW,8/1kn5/8/8/6BK/8/R7/4r3 b - - 0 1
1,1,0,0,0,0,0,1,-1,1,0,1,1,1,0,0,0,0,0,16,0,0,6,5,1,5,7,3,4,29,21,0,0,0,0,0,0,0,0,7,1,1,0,0,0,0,1,2,0,0,KRBKRNvK,DRAW,5k2/3r4/2R5/8/8/8/2B2K2/n7 w - - 0 1
1,1,0,0,0,0,0,1,-1,1,0,1,1,1,0,0,0,0,0,16,0,0,3,4,4,7,2,0,4,6,0,1,0,0,0,0,0,0,0,7,1,1,0,0,0,0,4,2,0,1,KRBKRNvK,DRAW,8/8/8/1r2K3/8/2B1n2k/8/2R5 w - - 0 1
0,1,0,0,0,0,0,1,-1,1,0,1,1,1,0,0,0,0,0,16,0,0,4,6,4,2,6,2,3,4,0,1,0,0,0,0,0,0,0,7,1,1,0,0,0,0,1,1,2,1,KRBKRNvK,DRAW,R7/2k2r2/8/4B1K1/8/8/4n3/8 b - - 0 1
0,1,0,0,0,0,0,1,-1,1,0,1,1,1,0,0,0,0,0,16,0,0,4,0,3,4,4,3,0,4,0,1,0,0,0,0,0,0,0,7,1,1,0,1,0,0,1,3,2,0,KRBKRNvK,LOSS,8/2B5/6R1/4k3/K7/8/4n1r1/8 b - - 0 1
1,1,0,0,0,0,0,1,-1,1,0,1,1,1,0,0,0,0,0,16,0,0,2,3,0,1,2,3,3,21,18,0,0,0,0,0,0,0,0,7,1,1,0,0,0,0,0,2,2,0,KRBKRNvK,DRAW,8/8/8/4r3/8/1k6/2R5/2BK3n w - - 0 1
1,1,0,0,0,0,0,1,-1,1,0,1,1,1,0,0,0,0,0,16,0,0,2,4,3,2,1,0,3,6,0,1,0,0,0,0,0,0,0,7,1,1,0,0,0,0,3,2,0,0,KRBKRNvK,DRAW,8/8/B7/7R/r3K3/8/2k5/2n5 w - - 0 1
0,1,0,0,0,0,0,1,-1,1,0,1,1,1,0,0,0,0,0,16,0,0,4,0,7,4,4,6,0,23,17,0,0,0,0,0,0,0,0,7,1,1,0,0,0,0,0,3,0,0,KRBKRNvK,DRAW,K2n4/8/8/4k3/7r/8/5R2/6B1 b - - 0 1
1,1,0,0,0,0,0,1,-1,1,0,1,1,1,0,0,0,0,0,16,0,0,2,2,7,0,5,4,4,22,11,0,0,0,0,0,0,0,0,7,1,1,0,0,0,0,3,0,1,1,KRBKRNvK,DRAW,2K4n/r7/k7/2R5/8/8/8/7B w - - 0 1
0,1,0,0,0,0,0,1,-1,1,0,1,1,1,0,0,0,0,0,16,0,0,6,0,7,6,7,6,5,16,25,0,0,0,0,0,0,0,0,7,1,1,0,0,0,0,0,1,0,0,KRBKRNvK,DRAW,K5k1/4nr2/8/6B1/8/8/8/7R b - - 0 1
0,1,0,0,0,0,0,1,-1,1,0,1,1,1,0,0,0,0,0,16,0,0,5,6,7,3,2,5,1,22,23,0,0,0,0,0,0,0,0,7,1,1,0,0,0,0,2,3,0,0,KRBKRNvK,DRAW,6K1/8/2B5/Rn6/8/3kr3/8/8 b - - 0 1
