white_to_move,fullmove_number,halfmove_clock,w_p,b_p,diff_p,w_n,b_n,diff_n,w_b,b_b,diff_b,w_r,b_r,diff_r,w_q,b_q,diff_q,material_balance,total_material,bishop_pair_w,bishop_pair_b,king_distance,wk_file,wk_rank,bk_file,bk_rank,wk_center_dist,bk_center_dist,mobility_stm,mobility_other,in_check,w_passed_pawns,b_passed_pawns,w_isolated_pawns,b_isolated_pawns,w_doubled_pawns,b_doubled_pawns,w_most_advanced_pawn,b_most_advanced_pawn,w_rooks_open_file,b_rooks_open_file,w_rooks_7th,b_rooks_2nd,wk_pawn_shield,bk_pawn_shield,w_center_control,b_center_control,w_attackers_near_bk,b_attackers_near_wk,material_class,outcome,fen
0,1,0,0,0,0,0,1,-1,1,0,1,1,1,0,0,0,0,0,16,0,0,3,0,1,3,3,5,0,4,0,1,0,0,0,0,0,0,0,7,1,1,0,0,0,0,3,3,1,0,KRBKRNvK,DRAW,5r2/n7/8/R7/3k4/8/KB6/8 b - - 0 1
0,1,0,0,0,0,0,1,-1,1,0,1,1,1,0,0,0,0,0,16,0,0,6,4,7,7,1,3,5,25,21,0,0,0,0,0,0,0,0,7,1,1,1,0,0,0,0,2,0,0,KRBKRNvK,DRAW,4K3/1R6/8/1n6/8/8/4B2k/3r4 b - - 0 1
0,1,0,0,0,0,0,1,-1,1,0,1,1,1,0,0,0,0,0,16,0,0,6,5,6,5,0,3,4,4,0,1,0,0,0,0,0,0,0,7,1,1,0,0,0,0,1,2,0,0,KRBKRNvK,DRAW,8/5K2/8/2r5/4nRB1/8/8/5k2 b - - 0 1
1,1,0,0,0,0,0,1,-1,1,0,1,1,1,0,0,0,0,0,16,0,0,3,6,4,4,7,2,3,6,0,1,0,0,0,0,0,0,0,7,1,1,1,0,0,0,1,2,1,0,KRBKRNvK,DRAW,4k3/6R1/2n5/6K1/8/3B4/8/6r1 w - - 0 1
0,1,0,0,0,0,0,1,-1,1,0,1,1,1,0,0,0,0,0,16,0,0,5,6,0,1,2,5,3,5,0,1,0,0,0,0,0,0,0,7,1,1,0,1,0,0,2,2,0,1,KRBKRNvK,LOSS,8/8/B1n5/8/8/1k2R3/5r2/6K1 b - - 0 1
0,1,0,0,0,0,0,1,-1,1,0,1,1,1,0,0,0,0,0,16,0,0,5,1,6,1,1,4,4,28,30,0,0,0,0,0,0,0,0,7,1,1,0,0,0,0,2,2,0,0,KRBKRNvK,DRAW,5R2/1K6/2B5/8/7r/8/1k1n4/8 b - - 0 1
1,1,0,0,0,0,0,1,-1,1,0,1,1,1,0,0,0,0,0,16,0,0,6,3,0,7,6,3,5,28,19,0,0,0,0,0,0,0,0,7,1,1,0,0,0,0,3,0,0,1,KRBKRNvK,DRAW,5n2/7k/8/R7/8/5r2/1B6/3K4 w - - 0 1
1,1,0,0,0,0,0,1,-1,1,0,1,1,1,0,0,0,0,0,16,0,0,5,0,5,3,0,4,3,23,21,0,0,0,0,0,0,0,0,7,1,1,0,0,0,0,1,3,0,0,KRBKRNvK,DRAW,8/8/K7/1RB5/8/2n5/8/3kr3 w - - 0 1
0,1,0,0,0,0,0,1,-1,1,0,1,1,1,0,0,0,0,0,16,0,0,3,2,3,1,6,1,4,6,0,1,0,0,0,0,0,0,0,7,1,1,0,0,0,0,3,1,1,0,KRBKRNvK,LOSS,8/1k1n4/8/3B4/2K5/5r2/2R5/8 b - - 0 1
0,1,0,0,0,0,0,1,-1,1,0,1,1,1,0,0,0,0,0,16,0,0,5,7,0,3,5,6,1,28,21,0,0,0,0,0,0,0,0,7,1,1,0,0,0,0,1,4,0,0,KRBKRNvK,DRAW,8/8/3kn3/8/6r1/4BR2/8/7K b - - 0 1
0,1,0,0,0,0,0,1,-1,1,0,1,1,1,0,0,0,0,0,16,0,0,2,1,1,1,3,4,2,3,0,1,0,0,0,0,0,0,0,7,1,1,0,0,0,0,1,1,2,1,KRBKRNvK,DRAW,8/8/R2B4/8/1k6/1n3r2/1K6/8 b - - 0 1
1,1,0,0,0,0,0,1,-1,1,0,1,1,1,0,0,0,0,0,16,0,0,4,3,7,7,4,3,3,1,0,1,0,0,0,0,0,0,0,7,1,1,1,0,0,0,1,1,1,0,KRBKRNvK,DRAW,3K3r/2R5/6n1/7k/8/6B1/8/8 w - - 0 1
0,1,0,0,0,0,0,1,-1,1,0,1,1,1,0,0,0,0,0,16,0,0,2,6,3,7,1,2,5,3,0,1,0,0,0,0,0,0,0,7,1,1,1,0,0,0,1,2,0,1,KRBKRNvK,LOSS,7B/7R/8/4r3/6K1/8/7k/4n3 b - - 0 1
0,1,0,0,0,0,0,1,-1,1,0,1,1,1,0,0,0,0,0,16,0,0,2,3,5,1,3,1,2,23,21,0,0,0,0,0,0,0,0,7,1,1,0,0,0,0,2,0,0,1,KRBKRNvK,DRAW,8/2r5/3K4/8/1k4B1/8/n7/R7 b - - 0 1
0,1,0,0,0,0,0,1,-1,1,0,1,1,1,0,0,0,0,0,16,0,0,3,0,0,2,3,6,1,6,0,1,0,0,0,0,0,0,0,7,1,1,0,0,0,0,2,3,0,1,KRBKRNvK,WIN,8/8/8/8/2k2R1B/2r5/5n2/K7 b - - 0 1
0,1,0,0,0,0,0,1,-1,1,0,1,1,1,0,0,0,0,0,16,0,0,2,2,7,4,5,4,1,26,20,0,0,0,0,0,0,0,0,7,1,1,0,0,0,0,2,3,1,1,KRBKRNvK,DRAW,2K5/r7/2B1k3/8/8/8/5nR1/8 b - - 0 1
1,1,0,0,0,0,0,1,-1,1,0,1,1,1,0,0,0,0,0,16,0,0,4,0,0,4,2,6,1,23,25,0,0,0,0,0,0,0,0,7,1,1,1,1,0,0,0,2,0,1,KRBKRNvK,DRAW,8/R7/8/8/1B6/4k2n/2r5/K7 w - - 0 1
1,1,0,0,0,0,0,1,-1,1,0,1,1,1,0,0,0,0,0,16,0,0,4,7,3,3,2,3,1,24,24,0,0,0,0,0,0,0,0,7,1,1,0,0,0,0,1,3,0,0,KRBKRNvK,DRAW,5R2/B7/8/4r3/n6K/3k4/8/8 w - - 0 1
0,1,0,0,0,0,0,1,-1,1,0,1,1,1,0,0,0,0,0,16,0,0,4,3,7,7,6,3,5,4,0,1,0,0,0,0,0,0,0,7,1,1,0,0,0,0,0,3,0,1,KRBKRNvK,DRAW,3K4/3n3k/8/1B6/6r1/7R/8/8 b - - 0 1
0,1,0,0,0,0,0,1,-1,1,0,1,1,1,0,0,0,0,0,16,0,0,2,6,6,6,4,4,2,24,25,0,0,0,0,0,0,0,0,7,1,1,0,0,0,0,2,2,0,0,KRBKRNvK,DRAW,8/3B2K1/3n4/6k1/2r5/3R4/8/8 b - - 0 1
1,1,0,0,0,0,0,1,-1,1,0,1,1,1,0,0,0,0,0,16,0,0,2,3,2,5,1,1,3,24,23,0,0,0,0,0,0,0,0,7,1,1,0,0,0,0,4,0,0,1,KRBKRNvK,DRAW,5Bn1/8/8/1R6/8/3K4/5k2/2r5 w - - 0 1
1,1,0,0,0,0,0,1,-1,1,0,1,1,1,0,0,0,0,0,16,0,0,2,4,6,2,4,2,1,4,0,1,0,0,0,0,0,0,0,7,1,1,0,0,0,0,3,3,0,2,KRBKRNvK,DRAW,8/4K1r1/3n4/2k5/5B2/8/3R4/8 w - - 0 1
1,1,0,0,0,0,0,1,-1,1,0,1,1,1,0,0,0,0,0,16,0,0,7,7,5,0,0,4,6,22,18,0,0,0,0,0,0,0,0,7,1,1,0,0,0,0,2,0,0,1,KRBKRNvK,DRAW,7n/8/1B5K/2R5/8/r7/8/k7 w - - 0 1
1,1,0,0,0,0,0,1,-1,1,0,1,1,1,0,0,0,0,0,16,0,0,5,7,7,2,5,6,2,23,25,0,0,0,0,0,0,0,0,7,1,1,0,1,0,0,2,1,1,0,KRBKRNvK,DRAW,4R2K/8/2k4B/8/n7/8/1r6/8 w - - 0 1
0,1,0,0,0,0,0,1,-1,1,0,1,1,1,0,0,0,0,0,16,0,0,5,5,1,0,2,3,4,15,23,0,0,0,0,0,0,0,0,7,1,1,1,0,0,0,0,2,0,0,KRBKRNvK,DRAW,1B6/2R5/8/n7/r7/k7/5K2/8 b - - 0 1
0,1,0,0,0,0,0,1,-1,1,0,1,1,1,0,0,0,0,0,16,0,0,2,3,2,1,0,1,5,18,28,0,0,0,0,0,0,0,0,7,1,1,1,0,0,0,3,0,0,1,KRBKRNvK,DRAW,8/n6R/8/8/8/3K4/6B1/1kr5 b - - 0 1
1,1,0,0,0,0,0,1,-1,1,0,1,1,1,0,0,0,0,0,16,0,0,2,7,5,7,7,4,6,19,19,0,0,0,0,0,0,0,0,7,1,1,0,0,0,0,2,2,0,1,KRBKRNvK,WIN,7k/8/7K/r7/7n/8/3RB3/8 w - - 0 1
1,1,0,0,0,0,0,1,-1,1,0,1,1,1,0,0,0,0,0,16,0,0,4,2,2,6,3,2,2,29,16,0,0,0,0,0,0,0,0,7,1,1,0,0,0,0,4,0,1,0,KRBKRNvK,DRAW,5nr1/8/4R3/8/2B3k1/2K5/8/8 w - - 0 1
0,1,0,0,0,0,0,1,-1,1,0,1,1,1,0,0,0,0,0,16,0,0,7,7,4,0,3,3,3,21,23,0,0,0,0,0,0,0,0,7,1,1,0,1,0,0,3,1,1,1,KRBKRNvK,DRAW,B7/5n2/8/2R4K/k7/8/5r2/8 b - - 0 1
0,1,0,0,0,0,0,1,-1,1,0,1,1,1,0,0,0,0,0,16,0,0,6,0,0,6,3,6,2,7,0,1,0,0,0,0,0,0,0,7,1,1,0,0,0,0,0,3,0,0,KRBKRNvK,DRAW,8/4n3/R3r3/8/6k1/8/8/K2B4 b - - 0 1
1,1,0,0,0,0,0,1,-1,1,0,1,1,1,0,0,0,0,0,16,0,0,5,2,3,7,1,1,5,29,20,0,0,0,0,0,0,0,0,7,1,1,0,0,0,0,4,2,1,1,KRBKRNvK,DRAW,6n1/8/3r4/1R6/2K5/5B2/7k/8 w - - 0 1
1,1,0,0,0,0,0,1,-1,1,0,1,1,1,0,0,0,0,0,16,0,0,5,4,7,4,2,3,1,25,22,0,0,0,0,0,0,0,0,7,1,1,0,0,0,0,3,2,0,0,KRBKRNvK,DRAW,4K3/8/8/5n2/1R6/4k3/1B6/5r2 w - - 0 1
0,1,0,0,0,0,0,1,-1,1,0,1,1,1,0,0,0,0,0,16,0,0,3,2,5,4,2,2,1,22,23,0,0,0,0,0,0,0,0,7,1,1,1,0,0,0,2,2,0,2,KRBKRNvK,DRAW,3B4/3R4/2K5/8/nr6/4k3/8/8 b - - 0 1
1,1,0,0,0,0,0,1,-1,1,0,1,1,1,0,0,0,0,0,16,0,0,3,0,6,3,5,5,1,2,0,1,0,0,0,0,0,0,0,7,1,1,1,0,0,0,3,4,1,1,KRBKRNvK,LOSS,n5B1/K3R3/3k4/8/r7/8/8/8 w - - 0 1
1,1,0,0,0,0,0,1,-1,1,0,1,1,1,0,0,0,0,0,16,0,0,3,1,1,1,4,4,2,24,21,0,0,0,0,0,0,0,0,7,1,1,0,0,0,0,3,2,0,1,KRBKRNvK,DRAW,8/8/8/1k6/6R1/n3r3/1K5B/8 w - - 0 1
0,1,0,0,0,0,0,1,-1,1,0,1,1,1,0,0,0,0,0,16,0,0,6,3,7,1,1,3,4,6,0,1,0,0,0,0,0,0,0,7,1,1,0,0,0,0,3,1,1,1,KRBKRNvK,DRAW,3K4/3n4/r7/8/3B3R/8/1k6/8 b - - 0 1
0,1,0,0,0,0,0,1,-1,1,0,1,1,1,0,0,0,0,0,16,0,0,2,2,2,0,1,2,5,18,26,0,0,0,0,0,0,0,0,7,1,1,0,0,0,0,2,2,1,1,KRBKRNvK,DRAW,3n4/8/8/r7/1R6/2K5/k7/3B4 b - - 0 1
0,1,0,0,0,0,0,1,-1,1,0,1,1,1,0,0,0,0,0,16,0,0,4,0,1,1,5,5,3,20,20,0,0,0,0,0,0,0,0,7,1,1,0,0,0,0,0,0,0,0,KRBKRNvK,DRAW,6n1/8/1k5r/8/8/8/K3B3/R7 b - - 0 1
0,1,0,0,0,0,0,1,-1,1,0,1,1,1,0,0,0,0,0,16,0,0,3,2,4,5,3,1,1,30,18,0,0,0,0,0,0,0,0,7,1,1,0,0,0,0,2,4,0,2,KRBKRNvK,DRAW,8/3r4/8/B1K5/5k2/1Rn5/8/8 b - - 0 1
1,1,0,0,0,0,0,1,-1,1,0,1,1,1,0,0,0,0,0,16,0,0,5,5,5,2,0,2,4,7,0,1,0,0,0,0,0,0,0,7,1,1,0,0,0,0,2,2,0,1,KRBKRNvK,DRAW,2B5/8/3r1K2/R7/8/8/1n6/2k5 w - - 0 1
1,1,0,0,0,0,0,1,-1,1,0,1,1,1,0,0,0,0,0,16,0,0,6,1,3,7,0,2,6,27,24,0,0,0,0,0,0,0,0,7,1,1,0,0,0,0,0,2,0,1,KRBKRNvK,DRAW,8/3B4/R7/7r/1K1n4/8/8/7k w - - 0 1
1,1,0,0,0,0,0,1,-1,1,0,1,1,1,0,0,0,0,0,16,0,0,2,2,4,3,6,1,2,28,14,0,0,0,0,0,0,0,0,7,1,1,0,0,0,0,2,0,0,1,KRBKRNvK,DRAW,6R1/n2k4/8/2K5/8/8/3B4/3r4 w - - 0 1
0,1,0,0,0,0,0,1,-1,1,0,1,1,1,0,0,0,0,0,16,0,0,4,1,6,3,2,4,1,21,15,0,0,0,0,0,0,0,0,7,1,1,1,0,0,0,0,3,0,0,KRBKRNvK,DRAW,B7/1K5R/8/7n/8/3kr3/8/8 b - - 0 1
1,1,0,0,0,0,0,1,-1,1,0,1,1,1,0,0,0,0,0,16,0,0,5,7,7,2,6,6,3,21,23,0,0,0,0,0,0,0,0,7,1,1,0,0,0,0,0,0,0,1,KRBKRNvK,DRAW,3n3K/2k5/6r1/8/8/5R1B/8/8 w - - 0 1
0,1,0,0,0,0,0,1,-1,1,0,1,1,1,0,0,0,0,0,16,0,0,4,6,7,2,7,5,4,19,25,0,0,0,0,0,0,0,0,7,1,1,0,0,0,0,2,0,1,0,KRBKRNvK,DRAW,2k3K1/2r5/R7/8/8/8/1B6/n7 b - - 0 1
1,1,0,0,0,0,0,1,-1,1,0,1,1,1,0,0,0,0,0,16,0,0,2,2,1,3,3,3,0,24,18,0,0,0,0,0,0,0,0,7,1,1,0,0,0,0,0,3,0,0,KRBKRNvK,DRAW,1rn5/8/R7/8/3k3B/8/2K5/8 w - - 0 1
0,1,0,0,0,0,0,1,-1,1,0,1,1,1,0,0,0,0,0,16,0,0,6,4,7,3,1,3,2,22,17,0,0,0,0,0,0,0,0,7,1,1,1,1,0,0,1,0,0,0,KRBKRNvK,WIN,4K3/4R3/8/4n2B/8/8/2rk4/8 b - - 0 1
0,1,0,0,0,0,0,1,-1,1,0,1,1,1,0,0,0,0,0,16,0,0,7,0,3,7,5,3,4,5,0,1,0,0,0,0,0,0,0,7,1,1,0,0,0,0,2,0,0,1,KRBKRNvK,DRAW,8/8/1B1R3k/8/K7/8/n7/6r1 b - - 0 1
0,1,0,0,0,0,0,1,-1,1,0,1,1,1,0,0,0,0,0,16,0,0,4,4,6,5,2,2,2,5,0,1,0,0,0,0,0,0,0,7,1,1,0,0,0,0,0,2,1,0,KRBKRNvK,DRAW,8/4K3/5R2/8/3r4/5k2/8/2n2B2 b - - 0 1
0,1,0,0,0,0,0,1,-1,1,0,1,1,1,0,0,0,0,0,16,0,0,3,2,7,5,4,4,1,23,19,0,0,0,0,0,0,0,0,7,1,1,0,0,0,0,2,4,0,1,KRBKRNvK,DRAW,2K1R3/8/3r4/5k2/8/B7/6n1/8 b - - 0 1
1,1,0,0,0,0,0,1,-1,1,0,1,1,1,0,0,0,0,0,16,0,0,6,7,0,7,6,6,5,19,21,0,0,0,0,0,0,0,0,7,1,1,0,0,0,0,0,2,0,0,KRBKRNvK,DRAW,4R3/1n2B2k/8/3r4/8/8/8/7K w - - 0 1
1,1,0,0,0,0,0,1,-1,1,0,1,1,1,0,0,0,0,0,16,0,0,3,4,7,7,7,3,6,26,18,0,0,0,0,0,0,0,0,7,1,1,0,0,0,0,2,0,0,1,KRBKRNvK,DRAW,4K1nk/8/8/8/4R3/1r4B1/8/8 w - - 0 1
1,1,0,0,0,0,0,1,-1,1,0,1,1,1,0,0,0,0,0,16,0,0,2,0,3,2,1,3,3,26,21,0,0,0,0,0,0,0,0,7,1,1,0,0,0,0,3,1,1,0,KRBKRNvK,DRAW,8/8/8/4n1r1/K7/3R1B2/2k5/8 w - - 0 1
0,1,0,0,0,0,0,1,-1,1,0,1,1,1,0,0,0,0,0,16,0,0,5,5,0,7,5,4,4,26,19,0,0,0,0,0,0,0,0,7,1,1,0,1,0,0,0,1,0,0,KRBKRNvK,DRAW,8/3B4/7k/5n2/8/5R2/r7/5K2 b - - 0 1
0,1,0,0,0,0,0,1,-1,1,0,1,1,1,0,0,0,0,0,16,0,0,6,1,3,7,6,2,5,23,25,0,0,0,0,0,0,0,0,7,1,1,0,0,0,0,2,2,0,0,KRBKRNvK,DRAW,8/7k/8/4n3/1K6/R7/1B6/4r3 b - - 0 1
1,1,0,0,0,0,0,1,-1,1,0,1,1,1,0,0,0,0,0,16,0,0,2,5,7,3,6,4,2,22,22,0,0,0,0,0,0,0,0,7,1,1,0,0,0,0,0,2,1,0,KRBKRNvK,DRAW,5K2/3k4/B4R2/8/8/8/3n4/4r3 w - - 0 1
0,1,0,0,0,0,0,1,-1,1,0,1,1,1,0,0,0,0,0,16,0,0,6,6,6,6,0,4,5,22,29,0,0,0,0,0,0,0,0,7,1,1,0,0,0,0,2,2,1,1,KRBKRNvK,DRAW,5R2/6K1/8/4r3/8/5B2/5n2/6k1 b - - 0 1
1,1,0,0,0,0,0,1,-1,1,0,1,1,1,0,0,0,0,0,16,0,0,3,2,0,5,1,4,3,22,23,0,0,0,0,0,0,0,0,7,1,1,0,0,0,0,1,3,1,1,KRBKRNvK,DRAW,8/8/8/2r5/8/2n5/2B2k2/2K3R1 w - - 0 1
1,1,0,0,0,0,0,1,-1,1,0,1,1,1,0,0,0,0,0,16,0,0,5,0,5,5,0,4,4,26,27,0,0,0,0,0,0,0,0,7,1,1,0,0,0,0,3,2,0,0,KRBKRNvK,DRAW,4r3/8/K7/8/2R5/3n4/8/B4k2 w - - 0 1
0,1,0,0,0,0,0,1,-1,1,0,1,1,1,0,0,0,0,0,16,0,0,4,3,5,7,5,1,4,2,0,1,0,0,0,0,0,0,0,7,1,1,0,0,0,0,4,0,1,0,KRBKRNvK,DRAW,8/n7/3K3k/8/7R/2B2r2/8/8 b - - 0 1
0,1,0,0,0,0,0,1,-1,1,0,1,1,1,0,0,0,0,0,16,0,0,5,5,6,0,4,3,3,20,29,0,0,0,0,0,0,0,0,7,1,1,0,0,0,0,0,1,0,0,KRBKRNvK,DRAW,8/2n2K2/8/k7/6B1/2r5/8/1R6 b - - 0 1
0,1,0,0,0,0,0,1,-1,1,0,1,1,1,0,0,0,0,0,16,0,0,5,3,0,0,5,3,4,6,0,1,0,0,0,0,0,0,0,7,1,1,0,0,0,0,1,2,0,0,KRBKRNvK,DRAW,8/8/k7/4r3/3n4/3B4/8/3K3R b - - 0 1
0,1,0,0,0,0,0,1,-1,1,0,1,1,1,0,0,0,0,0,16,0,0,4,1,1,0,5,4,4,23,20,0,0,0,0,0,0,0,0,7,1,1,0,0,0,0,2,3,0,0,KRBKRNvK,DRAW,8/8/k7/1n6/8/1R6/1K4B1/4r3 b - - 0 1
0,1,0,0,0,0,0,1,-1,1,0,1,1,1,0,0,0,0,0,16,0,0,5,6,7,2,2,5,2,6,0,1,0,0,0,0,0,0,0,7,1,1,0,0,0,0,0,3,0,0,KRBKRNvK,DRAW,n1B3K1/8/8/8/3r4/2k3R1/8/8 b - - 0 1
1,1,0,0,0,0,0,1,-1,1,0,1,1,1,0,0,0,0,0,16,0,0,2,2,4,1,6,1,4,30,21,0,0,0,0,0,0,0,0,7,1,1,0,0,0,0,3,2,0,0,KRBKRNvK,DRAW,8/1k6/5n2/2K5/5B1r/8/6R1/8 w - - 0 1
0,1,0,0,0,0,0,1,-1,1,0,1,1,1,0,0,0,0,0,16,0,0,6,6,7,0,6,5,5,19,26,0,0,0,0,0,0,0,0,7,1,1,0,0,0,0,2,0,1,0,KRBKRNvK,DRAW,6K1/k7/8/1B6/8/8/4R3/2r4n b - - 0 1
0,1,0,0,0,0,0,1,-1,1,0,1,1,1,0,0,0,0,0,16,0,0,6,7,5,1,3,4,2,23,27,0,0,0,0,0,0,0,0,7,1,1,1,0,0,0,3,3,1,0,KRBKRNvK,DRAW,8/3R4/7K/8/1k2r3/6n1/1B6/8 b - - 0 1
0,1,0,0,0,0,0,1,-1,1,0,1,1,1,0,0,0,0,0,16,0,0,3,1,6,3,3,4,0,21,25,0,0,0,0,0,0,0,0,7,1,1,0,0,0,0,0,4,0,1,KRBKRNvK,DRAW,8/1K6/3r4/8/1n1k4/R6B/8/8 b - - 0 1
0,1,0,0,0,0,0,1,-1,1,0,1,1,1,0,0,0,0,0,16,0,0,7,4,7,0,0,3,6,1,0,1,0,0,0,0,0,0,0,7,1,1,1,0,0,0,1,0,0,1,KRBKRNvK,LOSS,4Kn2/R6B/8/8/8/8/8/kr6 b - - 0 1
1,1,0,0,0,0,0,1,-1,1,0,1,1,1,0,0,0,0,0,16,0,0,2,3,4,5,4,0,1,20,20,0,0,0,0,0,0,0,0,7,1,1,0,0,0,0,3,2,1,1,KRBKRNvK,DRAW,7R/8/8/n2K1k2/7B/1r6/8/8 w - - 0 1
1,1,0,0,0,0,0,1,-1,1,0,1,1,1,0,0,0,0,0,16,0,0,2,4,6,6,7,2,5,5,0,1,0,0,0,0,0,0,0,7,1,1,0,1,0,0,3,2,0,1,KRBKRNvK,DRAW,6k1/4Kn2/8/8/R4B2/8/4r3/8 w - - 0 1
0,1,0,0,0,0,0,1,-1,1,0,1,1,1,0,0,0,0,0,16,0,0,7,5,7,5,0,4,4,21,18,0,0,0,0,0,0,0,0,7,1,1,0,0,0,0,0,2,0,0,KRBKRNvK,DRAW,4BK1R/8/8/3r4/8/8/7n/5k2 b - - 0 1
1,1,0,0,0,0,0,1,-1,1,0,1,1,1,0,0,0,0,0,16,0,0,3,3,7,4,4,3,0,4,0,1,0,0,0,0,0,0,0,7,1,1,0,0,0,0,0,3,0,1,KRBKRNvK,DRAW,3KB3/1n6/8/4k3/8/1r6/8/2R5 w - - 0 1
0,1,0,0,0,0,0,1,-1,1,0,1,1,1,0,0,0,0,0,16,0,0,2,1,5,2,7,3,4,1,0,1,0,0,0,0,0,0,0,7,1,1,0,0,0,0,1,1,0,0,KRBKRNvK,DRAW,2k4R/8/1K6/6n1/8/8/8/r5B1 b - - 0 1
1,1,0,0,0,0,0,1,-1,1,0,1,1,1,0,0,0,0,0,16,0,0,5,1,5,4,0,3,3,29,20,0,0,0,0,0,0,0,0,7,1,1,0,0,0,0,2,2,0,0,KRBKRNvK,DRAW,8/8/1K6/3R4/8/4r2B/5n2/4k3 w - - 0 1
1,1,0,0,0,0,0,1,-1,1,0,1,1,1,0,0,0,0,0,16,0,0,3,5,4,6,7,1,5,28,17,0,0,0,0,0,0,0,0,7,1,1,0,1,0,0,3,0,1,1,KRBKRNvK,DRAW,6k1/6B1/8/5K1n/8/8/7r/R7 w - - 0 1
0,1,0,0,0,0,0,1,-1,1,0,1,1,1,0,0,0,0,0,16,0,0,2,2,6,4,5,3,1,15,24,0,0,0,0,0,0,0,0,7,1,1,0,0,0,0,1,2,0,1,KRBKRNvK,DRAW,4r3/2K5/4k3/8/8/5R2/8/2n3B1 b - - 0 1
1,1,0,0,0,0,0,1,-1,1,0,1,1,1,0,0,0,0,0,16,0,0,3,0,5,3,5,4,1,24,23,0,0,0,0,0,0,0,0,7,1,1,0,0,0,0,2,2,0,0,KRBKRNvK,DRAW,8/6r1/K2k4/8/8/7n/4R3/1B6 w - - 0 1
0,1,0,0,0,0,0,1,-1,1,0,1,1,1,0,0,0,0,0,16,0,0,7,0,2,7,1,4,5,5,0,1,0,0,0,0,0,0,0,7,1,1,0,0,0,0,1,2,0,1,KRBKRNvK,DRAW,8/3r4/8/8/1n6/K3B3/1R5k/8 b - - 0 1
1,1,0,0,0,0,0,1,-1,1,0,1,1,1,0,0,0,0,0,16,0,0,3,6,6,6,3,4,2,6,0,1,0,0,0,0,0,0,0,7,1,1,0,0,0,0,3,2,0,1,KRBKRNvK,DRAW,8/6K1/8/6r1/6k1/8/n7/B2R4 w - - 0 1
1,1,0,0,0,0,0,1,-1,1,0,1,1,1,0,0,0,0,0,16,0,0,2,2,2,4,1,2,2,26,21,0,0,0,0,0,0,0,0,7,1,1,0,1,0,0,3,1,0,1,KRBKRNvK,DRAW,8/8/5B2/7R/8/2K1n3/4k1r1/8 w - - 0 1
1,1,0,0,0,0,0,1,-1,1,0,1,1,1,0,0,0,0,0,16,0,0,3,1,7,4,7,5,3,26,23,0,0,0,0,0,0,0,0,7,1,1,1,0,0,0,2,0,1,0,KRBKRNvK,DRAW,1K2k3/3R4/7r/8/4n3/B7/8/8 w - - 0 1
0,1,0,0,0,0,0,1,-1,1,0,1,1,1,0,0,0,0,0,16,0,0,2,4,3,4,1,0,2,19,25,0,0,0,0,0,0,0,0,7,1,1,0,1,0,0,3,1,0,1,KRBKRNvK,DRAW,8/2Bn4/6R1/8/4K3/8/4kr2/8 b - - 0 1
1,1,0,0,0,0,0,1,-1,1,0,1,1,1,0,0,0,0,0,16,0,0,2,0,7,0,5,6,4,20,24,0,0,0,0,0,0,0,0,7,1,1,0,0,0,0,1,0,0,0,KRBKRNvK,DRAW,K7/8/k5B1/8/3n4/1r6/8/6R1 w - - 0 1
0,1,0,0,0,0,0,1,-1,1,0,1,1,1,0,0,0,0,0,16,0,0,4,7,0,3,1,6,2,4,0,1,0,0,0,0,0,0,0,7,1,1,1,0,0,0,2,0,0,0,KRBKRNvK,DRAW,3n4/3R4/6r1/6B1/8/8/3k4/7K b - - 0 1
0,1,0,0,0,0,0,1,-1,1,0,1,1,1,0,0,0,0,0,16,0,0,3,4,3,7,2,0,4,25,22,0,0,0,0,0,0,0,0,7,1,1,0,0,0,0,3,1,1,1,KRBKRNvK,DRAW,r7/8/8/8/4K3/4n2k/1R3B2/8 b - - 0 1
0,1,0,0,0,0,0,1,-1,1,0,1,1,1,0,0,0,0,0,16,0,0,2,1,3,3,4,2,0,17,27,0,0,0,0,0,0,0,0,7,1,1,0,0,0,0,1,4,0,0,KRBKRNvK,DRAW,8/3r4/8/3k4/1K5n/8/7B/5R2 b - - 0 1
1,1,0,0,0,0,0,1,-1,1,0,1,1,1,0,0,0,0,0,16,0,0,4,6,0,5,4,5,1,4,0,1,0,0,0,0,0,0,0,7,1,1,0,0,0,0,0,2,2,0,KRBKRNvK,LOSS,8/6n1/6RB/5k2/8/8/8/r5K1 w - - 0 1
1,1,0,0,0,0,0,1,-1,1,0,1,1,1,0,0,0,0,0,16,0,0,2,5,3,7,4,1,3,17,13,0,0,0,0,0,0,0,0,7,1,1,0,0,0,0,2,0,0,1,KRBKRNvK,DRAW,8/8/8/7k/5K2/7r/8/RB5n w - - 0 1
1,1,0,0,0,0,0,1,-1,1,0,1,1,1,0,0,0,0,0,16,0,0,6,0,6,6,4,5,2,25,21,0,0,0,0,0,0,0,0,7,1,1,0,0,0,0,2,2,1,2,KRBKRNvK,DRAW,8/K7/3RB3/n1r3k1/8/8/8/8 w - - 0 1
1,1,0,0,0,0,0,1,-1,1,0,1,1,1,0,0,0,0,0,16,0,0,2,6,5,5,3,3,1,24,21,0,0,0,0,0,0,0,0,7,1,1,0,0,0,0,0,3,1,0,KRBKRNvK,DRAW,r2B4/8/2n3K1/8/5k2/6R1/8/8 w - - 0 1
1,1,0,0,0,0,0,1,-1,1,0,1,1,1,0,0,0,0,0,16,0,0,4,1,7,5,7,5,4,26,24,0,0,0,0,0,0,0,0,7,1,1,0,1,0,0,0,1,0,0,KRBKRNvK,DRAW,1K3k2/8/R7/6B1/8/6n1/2r5/8 w - - 0 1
1,1,0,0,0,0,0,1,-1,1,0,1,1,1,0,0,0,0,0,16,0,0,6,7,2,1,7,4,5,7,0,1,0,0,0,0,0,0,0,7,1,1,0,0,0,0,1,0,0,0,KRBKRNvK,DRAW,nk6/8/8/8/4B3/1r5K/8/6R1 w - - 0 1
0,1,0,0,0,0,0,1,-1,1,0,1,1,1,0,0,0,0,0,16,0,0,7,7,0,0,0,6,6,21,14,0,0,0,0,0,0,0,0,7,1,1,0,0,0,0,1,2,0,0,KRBKRNvK,DRAW,7R/7B/8/8/8/3rn3/8/k6K b - - 0 1
0,1,0,0,0,0,0,1,-1,1,0,1,1,1,0,0,0,0,0,16,0,0,6,0,1,6,4,5,2,22,22,0,0,0,0,0,0,0,0,7,1,1,0,0,0,0,2,0,0,0,KRBKRNvK,DRAW,4n3/8/7r/B5k1/1R6/8/K7/8 b - - 0 1
1,1,0,0,0,0,0,1,-1,1,0,1,1,1,0,0,0,0,0,16,0,0,5,7,7,2,7,6,4,22,21,0,0,0,0,0,0,0,0,7,1,1,0,0,0,0,2,1,0,0,KRBKRNvK,DRAW,2k4K/8/8/6n1/8/2B4R/8/6r1 w - - 0 1
0,1,0,0,0,0,0,1,-1,1,0,1,1,1,0,0,0,0,0,16,0,0,5,7,5,7,0,4,6,3,0,1,0,0,0,0,0,0,0,7,1,1,0,1,0,0,1,1,0,0,KRBKRNvK,LOSS,8/8/4B2K/8/8/8/r1n5/2R4k b - - 0 1
0,1,0,0,0,0,0,1,-1,1,0,1,1,1,0,0,0,0,0,16,0,0,2,6,5,7,3,3,3,2,0,1,0,0,0,0,0,0,0,7,1,1,0,0,0,0,1,2,1,0,KRBKRNvK,DRAW,6R1/8/6K1/3r4/7k/n7/5B2/8 b - - 0 1
0,1,0,0,0,0,0,1,-1,1,0,1,1,1,0,0,0,0,0,16,0,0,2,0,0,2,1,6,3,27,21,0,0,0,0,0,0,0,0,7,1,1,1,0,0,0,1,2,0,0,KRBKRNvK,DRAW,6B1/7R/3n4/8/5r2/8/2k5/K7 b - - 0 1
0,1,0,0,0,0,0,1,-1,1,0,1,1,1,0,0,0,0,0,16,0,0,5,6,5,1,3,3,2,6,0,1,0,0,0,0,0,0,0,7,1,1,0,0,0,0,0,2,1,0,KRBKRNvK,DRAW,8/4B3/2R3K1/8/1kr5/7n/8/8 b - - 0 1
0,1,0,0,0,0,0,1,-1,1,0,1,1,1,0,0,0,0,0,16,0,0,5,7,1,2,5,5,2,23,19,0,0,0,0,0,0,0,0,7,1,1,0,0,0,0,1,2,0,0,KRBKRNvK,DRAW,8/8/2k2r2/8/8/1n4B1/7K/6R1 b - - 0 1
0,1,0,0,0,0,0,1,-1,1,0,1,1,1,0,0,0,0,0,16,0,0,5,2,2,2,7,2,4,23,27,0,0,0,0,0,0,0,0,7,1,1,0,0,0,0,1,2,0,1,KRBKRNvK,DRAW,2k5/8/7n/8/8/B1K5/7R/4r3 b - - 0 1
0,1,0,0,0,0,0,1,-1,1,0,1,1,1,0,0,0,0,0,16,0,0,5,0,6,5,4,5,1,18,24,0,0,0,0,0,0,0,0,7,1,1,0,0,0,0,3,2,0,0,KRBKRNvK,DRAW,8/K7/7r/5k1n/1R6/8/8/7B b - - 0 1
1,1,0,0,0,0,0,1,-1,1,0,1,1,1,0,0,0,0,0,16,0,0,3,0,3,3,5,3,1,24,27,0,0,0,0,0,0,0,0,7,1,1,0,0,0,0,1,3,0,0,KRBKRNvK,DRAW,8/B7/3kn3/6r1/K7/8/8/5R2 w - - 0 1
0,1,0,0,0,0,0,1,-1,1,0,1,1,1,0,0,0,0,0,16,0,0,2,3,0,3,2,3,1,3,0,1,0,0,0,0,0,0,0,7,1,1,0,0,0,0,0,2,1,0,KRBKRNvK,DRAW,1B6/8/3n4/8/5r2/1R1k4/8/3K4 b - - 0 1
1,1,0,0,0,0,0,1,-1,1,0,1,1,1,0,0,0,0,0,16,0,0,5,2,6,3,1,3,2,27,23,0,0,0,0,0,0,0,0,7,1,1,0,0,0,0,3,2,1,1,KRBKRNvK,WIN,8/2K5/4r3/3R4/8/3B4/3k2n1/8 w - - 0 1
0,1,0,0,0,0,0,1,-1,1,0,1,1,1,0,0,0,0,0,16,0,0,2,3,7,1,7,3,5,17,19,0,0,0,0,0,0,0,0,7,1,1,0,0,0,0,0,0,1,0,KRBKRNvK,DRAW,1k1K4/6n1/R7/8/B7/8/8/6r1 b - - 0 1
1,1,0,0,0,0,0,1,-1,1,0,1,1,1,0,0,0,0,0,16,0,0,4,0,7,4,4,6,0,23,18,0,0,0,0,0,0,0,0,7,1,1,0,0,0,0,1,4,1,0,KRBKRNvK,DRAW,K7/8/6R1/4kr2/8/8/2n5/6B1 w - - 0 1
1,1,0,0,0,0,0,1,-1,1,0,1,1,1,0,0,0,0,0,16,0,0,4,0,4,4,7,3,3,4,0,1,0,0,0,0,0,0,0,7,1,1,0,0,0,0,2,3,0,1,KRBKRNvK,DRAW,4k3/8/8/KR2r3/8/1n6/3B4/8 w - - 0 1
1,1,0,0,0,0,0,1,-1,1,0,1,1,1,0,0,0,0,0,16,0,0,5,1,5,6,4,3,2,31,22,0,0,0,0,0,0,0,0,7,1,1,0,1,0,0,3,1,0,0,KRBKRNvK,DRAW,8/5n2/1K1R4/6k1/8/2B5/5r2/8 w - - 0 1
0,1,0,0,0,0,0,1,-1,1,0,1,1,1,0,0,0,0,0,16,0,0,4,3,3,4,7,0,3,25,19,0,0,0,0,0,0,0,0,7,1,1,0,0,0,0,4,2,0,1,KRBKRNvK,DRAW,4k3/8/B7/2r5/3K2n1/8/3R4/8 b - - 0 1
1,1,0,0,0,0,0,1,-1,1,0,1,1,1,0,0,0,0,0,16,0,0,3,6,2,6,5,3,3,26,17,0,0,0,0,0,0,0,0,7,1,1,1,0,0,0,0,1,0,0,KRBKRNvK,DRAW,8/2R5/1n4kr/8/8/B5K1/8/8 w - - 0 1
0,1,0,0,0,0,0,1,-1,1,0,1,1,1,0,0,0,0,0,16,0,0,5,0,1,0,6,5,5,23,30,0,0,0,0,0,0,0,0,7,1,1,0,0,0,0,2,2,1,0,KRBKRNvK,DRAW,8/k7/2B5/6n1/3r4/8/K7/5R2 b - - 0 1
1,1,0,0,0,0,0,1,-1,1,0,1,1,1,0,0,0,0,0,16,0,0,5,7,0,2,0,6,4,27,22,0,0,0,0,0,0,0,0,7,1,1,0,0,0,0,2,3,1,0,KRBKRNvK,DRAW,8/8/3n4/1r6/8/5B2/R7/2k4K w - - 0 1
0,1,0,0,0,0,0,1,-1,1,0,1,1,1,0,0,0,0,0,16,0,0,5,5,7,0,5,4,4,2,0,1,0,0,0,0,0,0,0,7,1,1,0,0,0,0,1,0,0,1,KRBKRNvK,LOSS,5K2/1n5r/k6R/8/8/3B4/8/8 b - - 0 1
0,1,0,0,0,0,0,1,-1,1,0,1,1,1,0,0,0,0,0,16,0,0,2,7,4,5,5,3,2,15,28,0,0,0,0,0,0,0,0,7,1,1,0,0,0,0,1,1,0,0,KRBKRNvK,DRAW,n7/8/r4k2/7K/2B5/8/6R1/8 b - - 0 1
0,1,0,0,0,0,0,1,-1,1,0,1,1,1,0,0,0,0,0,16,0,0,4,4,4,0,4,0,3,15,25,0,0,0,0,0,0,0,0,7,1,1,0,0,0,0,4,0,0,0,KRBKRNvK,DRAW,7n/r7/8/k3K2R/3B4/8/8/8 b - - 0 1
0,1,0,0,0,0,0,1,-1,1,0,1,1,1,0,0,0,0,0,16,0,0,4,3,2,7,5,1,4,5,0,1,0,0,0,0,0,0,0,7,1,1,0,0,0,0,2,0,0,0,KRBKRNvK,DRAW,1r6/1n6/R6k/8/8/3K4/2B5/8 b - - 0 1
0,1,0,0,0,0,0,1,-1,1,0,1,1,1,0,0,0,0,0,16,0,0,6,0,6,6,7,5,5,5,0,1,0,0,0,0,0,0,0,7,1,1,0,0,0,0,1,0,0,1,KRBKRNvK,DRAW,6k1/K7/8/n2B4/8/8/2R5/5r2 b - - 0 1
0,1,0,0,0,0,0,1,-1,1,0,1,1,1,0,0,0,0,0,16,0,0,5,4,2,6,7,1,5,3,0,1,0,0,0,0,0,0,0,7,1,1,0,0,0,0,2,2,0,0,KRBKRNvK,DRAW,1R4k1/B7/8/8/7r/4K3/7n/8 b - - 0 1
0,1,0,0,0,0,0,1,-1,1,0,1,1,1,0,0,0,0,0,16,0,0,5,6,2,1,2,3,3,26,25,0,0,0,0,0,0,0,0,7,1,1,0,0,0,0,0,3,0,1,KRBKRNvK,DRAW,5R2/3B1n2/8/4r3/8/1k4K1/8/8 b - - 0 1
1,1,0,0,0,0,0,1,-1,1,0,1,1,1,0,0,0,0,0,16,0,0,2,2,5,4,3,2,0,17,25,0,0,0,0,0,0,0,0,7,1,1,0,1,0,0,2,3,1,0,KRBKRNvK,DRAW,8/B7/2K5/2R5/4k3/5n2/3r4/8 w - - 0 1
0,1,0,0,0,0,0,1,-1,1,0,1,1,1,0,0,0,0,0,16,0,0,2,5,7,7,7,4,6,2,0,1,0,0,0,0,0,0,0,7,1,1,0,0,0,0,1,2,0,1,KRBKRNvK,DRAW,1B3K1k/6n1/8/r7/8/8/8/7R b - - 0 1
1,1,0,0,0,0,0,1,-1,1,0,1,1,1,0,0,0,0,0,16,0,0,7,5,0,1,7,4,5,23,26,0,0,0,0,0,0,0,0,7,1,1,0,1,0,0,3,1,0,2,KRBKRNvK,DRAW,1k6/8/8/2B1R3/8/3n4/7r/5K2 w - - 0 1
0,1,0,0,0,0,0,1,-1,1,0,1,1,1,0,0,0,0,0,16,0,0,4,2,2,3,6,2,2,23,26,0,0,0,0,0,0,0,0,7,1,1,0,0,0,0,2,1,0,0,KRBKRNvK,DRAW,6B1/3k3r/8/8/6n1/2K2R2/8/8 b - - 0 1
1,1,0,0,0,0,0,1,-1,1,0,1,1,1,0,0,0,0,0,16,0,0,4,3,2,4,6,1,2,7,0,1,0,0,0,0,0,0,0,7,1,1,0,0,0,0,4,1,1,1,KRBKRNvK,LOSS,8/r3k3/4B3/8/5n2/3K4/4R3/8 w - - 0 1
1,1,0,0,0,0,0,1,-1,1,0,1,1,1,0,0,0,0,0,16,0,0,7,1,0,1,7,5,5,30,18,0,0,0,0,0,0,0,0,7,1,1,0,0,0,0,2,0,1,0,KRBKRNvK,DRAW,1kn5/8/R7/8/8/2B2r2/8/1K6 w - - 0 1
0,1,0,0,0,0,0,1,-1,1,0,1,1,1,0,0,0,0,0,16,0,0,3,2,2,0,5,2,4,3,0,1,0,0,0,0,0,0,0,7,1,1,0,1,0,0,2,0,2,1,KRBKRNvK,DRAW,8/8/k1R5/8/2Bn4/2K5/5r2/8 b - - 0 1
1,1,0,0,0,0,0,1,-1,1,0,1,1,1,0,0,0,0,0,16,0,0,4,0,5,2,1,4,3,24,25,0,0,0,0,0,0,0,0,7,1,1,0,0,0,0,2,3,0,0,KRBKRNvK,DRAW,8/8/K4n2/B2R4/6r1/8/2k5/8 w - - 0 1
1,1,0,0,0,0,0,1,-1,1,0,1,1,1,0,0,0,0,0,16,0,0,5,1,5,6,2,3,3,25,25,0,0,0,0,0,0,0,0,7,1,1,0,0,0,0,0,3,0,0,KRBKRNvK,DRAW,2R5/8/1K6/5r2/8/5nk1/8/2B5 w - - 0 1
0,1,0,0,0,0,0,1,-1,1,0,1,1,1,0,0,0,0,0,16,0,0,6,0,6,2,0,5,4,3,0,1,0,0,0,0,0,0,0,7,1,1,0,0,0,0,3,1,1,0,KRBKRNvK,DRAW,8/K7/2B5/8/5n2/8/8/1rk1R3 b - - 0 1
0,1,0,0,0,0,0,1,-1,1,0,1,1,1,0,0,0,0,0,16,0,0,4,6,2,2,0,3,4,5,0,1,0,0,0,0,0,0,0,7,1,1,0,0,0,0,2,3,0,1,KRBKRNvK,DRAW,8/2n5/8/2R5/5r2/6K1/8/2k2B2 b - - 0 1
1,1,0,0,0,0,0,1,-1,1,0,1,1,1,0,0,0,0,0,16,0,0,7,7,6,0,7,5,6,3,0,1,0,0,0,0,0,0,0,7,1,1,1,1,0,0,1,3,1,1,KRBKRNvK,DRAW,k7/6RK/1B3n2/8/8/8/4r3/8 w - - 0 1
1,1,0,0,0,0,0,1,-1,1,0,1,1,1,0,0,0,0,0,16,0,0,4,5,3,1,2,1,3,31,19,0,0,0,0,0,0,0,0,7,1,1,0,0,0,0,3,0,1,0,KRBKRNvK,DRAW,n7/8/r7/4B3/5K2/1k6/8/2R5 w - - 0 1
0,1,0,0,0,0,0,1,-1,1,0,1,1,1,0,0,0,0,0,16,0,0,6,7,3,1,2,3,3,19,23,0,0,0,0,0,0,0,0,7,1,1,0,1,0,0,2,2,1,0,KRBKRNvK,DRAW,7B/8/8/8/7K/1k6/4r3/R5n1 b - - 0 1
0,1,0,0,0,0,0,1,-1,1,0,1,1,1,0,0,0,0,0,16,0,0,4,4,5,0,4,1,3,27,27,0,0,0,0,0,0,0,0,7,1,1,0,0,0,0,3,1,0,2,KRBKRNvK,DRAW,8/2r5/3nK3/k2B4/8/6R1/8/8 b - - 0 1
1,1,0,0,0,0,0,1,-1,1,0,1,1,1,0,0,0,0,0,16,0,0,3,5,4,3,7,1,3,6,0,1,0,0,0,0,0,0,0,7,1,1,0,0,0,0,3,1,0,1,KRBKRNvK,DRAW,3k4/4n3/8/4BK2/8/1r6/8/5R2 w - - 0 1
0,1,0,0,0,0,0,1,-1,1,0,1,1,1,0,0,0,0,0,16,0,0,3,3,3,3,0,0,3,20,28,0,0,0,0,0,0,0,0,7,1,1,0,0,0,0,3,1,0,0,KRBKRNvK,DRAW,8/1r1n4/8/8/3K4/R7/6B1/3k4 b - - 0 1
0,1,0,0,0,0,0,1,-1,1,0,1,1,1,0,0,0,0,0,16,0,0,6,6,2,0,2,3,4,21,29,0,0,0,0,0,0,0,0,7,1,1,0,0,0,0,3,2,1,0,KRBKRNvK,DRAW,6n1/8/8/2R1B3/8/k5K1/8/3r4 b - - 0 1
0,1,0,0,0,0,0,1,-1,1,0,1,1,1,0,0,0,0,0,16,0,0,4,2,0,6,3,4,2,21,24,0,0,0,0,0,0,0,0,7,1,1,0,0,0,0,2,0,2,0,KRBKRNvK,DRAW,1r6/8/5B2/8/6k1/8/5R2/2K2n2 b - - 0 1
0,1,0,0,0,0,0,1,-1,1,0,1,1,1,0,0,0,0,0,16,0,0,4,7,4,4,0,3,3,17,26,0,0,0,0,0,0,0,0,7,1,1,0,0,0,0,1,1,1,0,KRBKRNvK,DRAW,1r6/8/8/1nB4K/8/8/2R5/4k3 b - - 0 1
1,1,0,0,0,0,0,1,-1,1,0,1,1,1,0,0,0,0,0,16,0,0,3,2,0,5,1,4,3,2,0,1,0,0,0,0,0,0,0,7,1,1,0,0,0,0,0,2,0,0,KRBKRNvK,DRAW,8/8/8/8/B7/1R3n2/5k2/2K2r2 w - - 0 1
0,1,0,0,0,0,0,1,-1,1,0,1,1,1,0,0,0,0,0,16,0,0,2,2,3,0,5,1,4,19,24,0,0,0,0,0,0,0,0,7,1,1,0,0,0,0,3,0,0,0,KRBKRNvK,DRAW,8/1n3r2/k7/8/2K4R/3B4/8/8 b - - 0 1
1,1,0,0,0,0,0,1,-1,1,0,1,1,1,0,0,0,0,0,16,0,0,3,6,0,6,3,5,2,31,25,0,0,0,0,0,0,0,0,7,1,1,0,0,0,0,2,0,0,0,KRBKRNvK,DRAW,4R3/8/8/n7/3B2k1/1r6/8/6K1 w - - 0 1
0,1,0,0,0,0,0,1,-1,1,0,1,1,1,0,0,0,0,0,16,0,0,3,4,0,7,3,3,3,24,23,0,0,0,0,0,0,0,0,7,1,1,0,0,0,0,1,3,0,0,KRBKRNvK,DRAW,6B1/2n5/8/8/5r1k/8/R7/4K3 b - - 0 1
1,1,0,0,0,0,0,1,-1,1,0,1,1,1,0,0,0,0,0,16,0,0,5,0,6,0,1,5,5,25,20,0,0,0,0,0,0,0,0,7,1,1,0,0,0,0,0,2,0,0,KRBKRNvK,DRAW,4r3/K7/1R6/8/4n3/8/k2B4/8 w - - 0 1
1,1,0,0,0,0,0,1,-1,1,0,1,1,1,0,0,0,0,0,16,0,0,4,5,1,5,5,3,2,28,15,0,0,0,0,0,0,0,0,7,1,1,0,0,0,0,1,1,1,0,KRBKRNvK,DRAW,2n2r2/8/5kB1/8/8/8/1R3K2/8 w - - 0 1
0,1,0,0,0,0,0,1,-1,1,0,1,1,1,0,0,0,0,0,16,0,0,5,6,1,1,3,4,2,19,21,0,0,0,0,0,0,0,0,7,1,1,0,0,0,0,2,0,1,0,KRBKRNvK,DRAW,5nR1/8/2B5/8/1k6/8/6K1/1r6 b - - 0 1
0,1,0,0,0,0,0,1,-1,1,0,1,1,1,0,0,0,0,0,16,0,0,2,0,6,2,7,5,4,20,24,0,0,0,0,0,0,0,0,7,1,1,0,0,0,0,2,2,0,0,KRBKRNvK,DRAW,2k5/K7/8/7R/3r4/B7/n7/8 b - - 0 1
1,1,0,0,0,0,0,1,-1,1,0,1,1,1,0,0,0,0,0,16,0,0,6,4,6,4,0,2,3,30,20,0,0,0,0,0,0,0,0,7,1,1,0,0,0,0,1,0,1,0,KRBKRNvK,DRAW,8/4K3/n2B4/8/8/1r6/2R5/4k3 w - - 0 1
0,1,0,0,0,0,0,1,-1,1,0,1,1,1,0,0,0,0,0,16,0,0,5,5,5,4,0,2,3,20,23,0,0,0,0,0,0,0,0,7,1,1,0,0,0,0,1,0,0,1,KRBKRNvK,DRAW,6r1/8/1R3K1B/8/8/8/8/n3k3 b - - 0 1
0,1,0,0,0,0,0,1,-1,1,0,1,1,1,0,0,0,0,0,16,0,0,7,7,5,0,7,4,6,21,19,0,0,0,0,0,0,0,0,7,1,1,0,0,0,0,0,2,1,0,KRBKRNvK,DRAW,k7/8/B6K/8/2n1r3/2R5/8/8 b - - 0 1
1,1,0,0,0,0,0,1,-1,1,0,1,1,1,0,0,0,0,0,16,0,0,5,0,2,5,3,4,1,3,0,1,0,0,0,0,0,0,0,7,1,1,0,0,0,0,2,2,0,0,KRBKRNvK,DRAW,8/r6n/8/8/5k2/K7/8/2R4B w - - 0 1
1,1,0,0,0,0,0,1,-1,1,0,1,1,1,0,0,0,0,0,16,0,0,2,6,2,6,4,3,2,26,17,0,0,0,0,0,0,0,0,7,1,1,0,0,0,0,2,2,0,0,KRBKRNvK,DRAW,8/8/n7/r5k1/8/6K1/B7/3R4 w - - 0 1
0,1,0,0,0,0,0,1,-1,1,0,1,1,1,0,0,0,0,0,16,0,0,6,6,0,7,6,5,5,18,29,0,0,0,0,0,0,0,0,7,1,1,0,0,0,0,1,1,0,0,KRBKRNvK,DRAW,7r/7k/3n4/3B4/8/5R2/8/6K1 b - - 0 1
1,1,0,0,0,0,0,1,-1,1,0,1,1,1,0,0,0,0,0,16,0,0,4,5,3,1,2,1,3,4,0,1,0,0,0,0,0,0,0,7,1,1,0,0,0,0,3,0,1,1,KRBKRNvK,DRAW,8/8/8/8/5K1r/1kB2R2/8/3n4 w - - 0 1
1,1,0,0,0,0,0,1,-1,1,0,1,1,1,0,0,0,0,0,16,0,0,3,7,0,4,1,6,2,21,27,0,0,0,0,0,0,0,0,7,1,1,1,0,0,0,2,1,0,0,KRBKRNvK,DRAW,5r2/1B5R/8/8/6n1/8/4k3/7K w - - 0 1
1,1,0,0,0,0,0,1,-1,1,0,1,1,1,0,0,0,0,0,16,0,0,5,3,0,2,5,3,2,26,15,0,0,0,0,0,0,0,0,7,1,1,0,0,0,0,3,1,1,1,KRBKRNvK,DRAW,8/8/2k5/3R4/8/1r1B4/8/n2K4 w - - 0 1
1,1,0,0,0,0,0,1,-1,1,0,1,1,1,0,0,0,0,0,16,0,0,6,1,1,2,7,4,4,7,0,1,0,0,0,0,0,0,0,7,1,1,0,1,0,0,1,1,0,1,KRBKRNvK,DRAW,2k5/8/8/6n1/8/3B4/RK1r4/8 w - - 0 1
1,1,0,0,0,0,0,1,-1,1,0,1,1,1,0,0,0,0,0,16,0,0,6,1,0,3,6,5,2,24,20,0,0,0,0,0,0,0,0,7,1,1,0,0,0,0,1,0,0,0,KRBKRNvK,DRAW,1n6/3k4/2r3B1/8/8/8/R7/1K6 w - - 0 1
1,1,0,0,0,0,0,1,-1,1,0,1,1,1,0,0,0,0,0,16,0,0,3,3,3,6,6,0,4,30,25,0,0,0,0,0,0,0,0,7,1,1,0,0,0,0,3,0,0,1,KRBKRNvK,DRAW,8/6k1/2r5/1R6/3K1B2/7n/8/8 w - - 0 1
1,1,0,0,0,0,0,1,-1,1,0,1,1,1,0,0,0,0,0,16,0,0,2,1,4,2,2,2,2,22,22,0,0,0,0,0,0,0,0,7,1,1,0,0,0,0,2,2,0,0,KRBKRNvK,DRAW,1R6/8/2B5/1K6/6r1/2k5/8/1n6 w - - 0 1
0,1,0,0,0,0,0,1,-1,1,0,1,1,1,0,0,0,0,0,16,0,0,6,4,1,3,7,2,3,23,30,0,0,0,0,0,0,0,0,7,1,1,0,0,0,0,2,1,0,0,KRBKRNvK,DRAW,3k4/r7/8/5B2/6R1/1n6/4K3/8 b - - 0 1
0,1,0,0,0,0,0,1,-1,1,0,1,1,1,0,0,0,0,0,16,0,0,5,6,2,2,7,3,4,18,22,0,0,0,0,0,0,0,0,7,1,1,0,1,0,0,2,0,0,0,KRBKRNvK,DRAW,2k5/8/8/8/n5R1/6K1/r7/5B2 b - - 0 1
0,1,0,0,0,0,0,1,-1,1,0,1,1,1,0,0,0,0,0,16,0,0,3,7,4,4,1,3,2,6,0,1,0,0,0,0,0,0,0,7,1,1,0,0,0,0,2,1,0,2,KRBKRNvK,DRAW,8/8/8/B3Rn1K/8/5r2/4k3/8 b - - 0 1
1,1,0,0,0,0,0,1,-1,1,0,1,1,1,0,0,0,0,0,16,0,0,2,6,7,4,5,5,1,27,21,0,0,0,0,0,0,0,0,7,1,1,1,0,0,0,0,3,0,0,KRBKRNvK,DRAW,6K1/R7/4k3/8/4r3/8/2n1B3/8 w - - 0 1
0,1,0,0,0,0,0,1,-1,1,0,1,1,1,0,0,0,0,0,16,0,0,3,2,2,5,2,2,2,5,0,1,0,0,0,0,0,0,0,7,1,1,0,0,0,0,2,2,1,0,KRBKRNvK,DRAW,1B6/1r6/1n6/8/8/2K2k1R/8/8 b - - 0 1
1,1,0,0,0,0,0,1,-1,1,0,1,1,1,0,0,0,0,0,16,0,0,6,5,7,1,1,4,4,22,26,0,0,0,0,0,0,0,0,7,1,1,0,0,0,0,1,1,0,0,KRBKRNvK,DRAW,5KR1/8/8/2B5/8/7r/1kn5/8 w - - 0 1
1,1,0,0,0,0,0,1,-1,1,0,1,1,1,0,0,0,0,0,16,0,0,4,6,2,2,2,3,2,5,0,1,0,0,0,0,0,0,0,7,1,1,0,0,0,0,2,3,1,1,KRBKRNvK,DRAW,8/8/8/1B4r1/5R2/2k3K1/8/3n4 w - - 0 1
1,1,0,0,0,0,0,1,-1,1,0,1,1,1,0,0,0,0,0,16,0,0,5,0,2,5,0,4,4,3,0,1,0,0,0,0,0,0,0,7,1,1,0,0,0,0,1,1,1,0,KRBKRNvK,DRAW,1R6/8/r7/8/8/K5n1/5B2/5k2 w - - 0 1
1,1,0,0,0,0,0,1,-1,1,0,1,1,1,0,0,0,0,0,16,0,0,5,0,7,5,5,6,2,2,0,1,0,0,0,0,0,0,0,7,1,1,0,0,0,0,0,2,1,1,KRBKRNvK,DRAW,K1r2B2/8/5k2/8/5n2/6R1/8/8 w - - 0 1
1,1,0,0,0,0,0,1,-1,1,0,1,1,1,0,0,0,0,0,16,0,0,4,3,0,7,3,3,3,22,25,0,0,0,0,0,0,0,0,7,1,1,0,1,0,0,3,2,0,0,KRBKRNvK,DRAW,8/8/1B3n2/8/7k/4R3/r7/3K4 w - - 0 1
1,1,0,0,0,0,0,1,-1,1,0,1,1,1,0,0,0,0,0,16,0,0,6,6,1,7,7,4,6,29,16,0,0,0,0,0,0,0,0,7,1,1,0,0,0,0,2,2,0,0,KRBKRNvK,DRAW,1n5k/3rB3/4R3/8/8/8/6K1/8 w - - 0 1
0,1,0,0,0,0,0,1,-1,1,0,1,1,1,0,0,0,0,0,16,0,0,6,7,1,1,7,5,5,22,19,0,0,0,0,0,0,0,0,7,1,1,0,0,0,0,2,0,1,0,KRBKRNvK,DRAW,1k1BR3/2r5/8/8/8/8/7K/4n3 b - - 0 1
1,1,0,0,0,0,0,1,-1,1,0,1,1,1,0,0,0,0,0,16,0,0,5,7,2,3,7,4,3,6,0,1,0,0,0,0,0,0,0,7,1,1,0,0,0,0,0,0,0,0,KRBKRNvK,DRAW,3k4/8/7B/n7/8/r6K/8/6R1 w - - 0 1
0,1,0,0,0,0,0,1,-1,1,0,1,1,1,0,0,0,0,0,16,0,0,3,0,2,1,5,4,3,30,22,0,0,0,0,0,0,0,0,7,1,1,0,0,0,0,0,2,0,0,KRBKRNvK,DRAW,8/6B1/1k3n2/4r3/8/K6R/8/8 b - - 0 1
0,1,0,0,0,0,0,1,-1,1,0,1,1,1,0,0,0,0,0,16,0,0,4,0,7,4,3,6,0,20,23,0,0,0,0,0,0,0,0,7,1,1,1,0,0,0,2,3,1,1,KRBKRNvK,DRAW,K7/3R4/2r5/n7/4k3/8/3B4/8 b - - 0 1
1,1,0,0,0,0,0,1,-1,1,0,1,1,1,0,0,0,0,0,16,0,0,2,7,1,7,3,5,3,26,16,0,0,0,0,0,0,0,0,7,1,1,0,0,0,0,3,1,1,1,KRBKRNvK,DRAW,4R3/8/8/8/7k/1n3B2/7K/5r2 w - - 0 1
1,1,0,0,0,0,0,1,-1,1,0,1,1,1,0,0,0,0,0,16,0,0,4,6,1,2,3,4,1,6,0,1,0,0,0,0,0,0,0,7,1,1,0,0,0,0,0,3,0,0,KRBKRNvK,DRAW,7B/3n4/5R2/6r1/2k5/8/6K1/8 w - - 0 1
0,1,0,0,0,0,0,1,-1,1,0,1,1,1,0,0,0,0,0,16,0,0,4,3,6,7,5,2,4,22,24,0,0,0,0,0,0,0,0,7,1,1,1,0,0,0,1,0,0,0,KRBKRNvK,DRAW,8/2RK4/3B3k/7n/8/8/8/1r6 b - - 0 1
1,1,0,0,0,0,0,1,-1,1,0,1,1,1,0,0,0,0,0,16,0,0,2,0,2,1,0,4,5,21,20,0,0,0,0,0,0,0,0,7,1,1,0,0,0,0,2,0,0,0,KRBKRNvK,DRAW,8/1r6/4R3/8/6B1/K7/6n1/1k6 w - - 0 1
1,1,0,0,0,0,0,1,-1,1,0,1,1,1,0,0,0,0,0,16,0,0,5,0,6,4,1,5,2,3,0,1,0,0,0,0,0,0,0,7,1,1,0,0,0,0,2,2,0,1,KRBKRNvK,DRAW,8/K7/8/r7/8/8/1B2k3/6nR w - - 0 1
1,1,0,0,0,0,0,1,-1,1,0,1,1,1,0,0,0,0,0,16,0,0,7,1,0,1,7,5,5,23,27,0,0,0,0,0,0,0,0,7,1,1,0,0,0,0,2,2,0,0,KRBKRNvK,DRAW,1k6/7B/8/2r5/3n4/8/4R3/1K6 w - - 0 1
1,1,0,0,0,0,0,1,-1,1,0,1,1,1,0,0,0,0,0,16,0,0,2,2,3,1,5,1,3,4,0,1,0,0,0,0,0,0,0,7,1,1,0,0,0,0,4,2,2,1,KRBKRNvK,DRAW,8/8/1k1B4/n7/2KR2r1/8/8/8 w - - 0 1
0,1,0,0,0,0,0,1,-1,1,0,1,1,1,0,0,0,0,0,16,0,0,7,7,3,0,5,3,4,25,27,0,0,0,0,0,0,0,0,7,1,1,0,0,0,0,2,1,0,0,KRBKRNvK,DRAW,5r2/8/k7/2nB4/3R3K/8/8/8 b - - 0 1
0,1,0,0,0,0,0,1,-1,1,0,1,1,1,0,0,0,0,0,16,0,0,2,3,5,5,4,1,1,23,19,0,0,0,0,0,0,0,0,7,1,1,1,0,0,0,2,3,1,0,KRBKRNvK,DRAW,6B1/n2R4/3K4/5k2/7r/8/8/8 b - - 0 1
0,1,0,0,0,0,0,1,-1,1,0,1,1,1,0,0,0,0,0,16,0,0,7,7,0,0,7,6,6,25,25,0,0,0,0,0,0,0,0,7,1,1,0,0,0,0,3,2,0,0,KRBKRNvK,DRAW,k7/8/3r4/2R5/5n2/8/1B6/7K b - - 0 1
1,1,0,0,0,0,0,1,-1,1,0,1,1,1,0,0,0,0,0,16,0,0,7,2,0,4,7,4,3,3,0,1,0,0,0,0,0,0,0,7,1,1,0,0,0,0,3,2,0,1,KRBKRNvK,DRAW,4k2B/8/3r4/8/2R5/8/n7/2K5 w - - 0 1
0,1,0,0,0,0,0,1,-1,1,0,1,1,1,0,0,0,0,0,16,0,0,6,7,4,1,1,3,4,5,0,1,0,0,0,0,0,0,0,7,1,1,0,0,0,0,2,2,0,0,KRBKRNvK,DRAW,8/6B1/R7/7K/1r6/8/1k6/5n2 b - - 0 1
0,1,0,0,0,0,0,1,-1,1,0,1,1,1,0,0,0,0,0,16,0,0,5,5,6,3,1,3,2,23,22,0,0,0,0,0,0,0,0,7,1,1,0,0,0,0,2,2,0,2,KRBKRNvK,DRAW,3r4/4nK2/8/4R3/8/8/B2k4/8 b - - 0 1
1,1,0,0,0,0,0,1,-1,1,0,1,1,1,0,0,0,0,0,16,0,0,5,3,6,0,1,2,5,6,0,1,0,0,0,0,0,0,0,7,1,1,0,0,0,0,1,3,1,0,KRBKRNvK,DRAW,8/3K4/8/6n1/8/3r4/k7/2R3B1 w - - 0 1
0,1,0,0,0,0,0,1,-1,1,0,1,1,1,0,0,0,0,0,16,0,0,5,4,0,5,5,3,2,24,23,0,0,0,0,0,0,0,0,7,1,1,0,1,0,0,1,1,1,0,KRBKRNvK,DRAW,8/7B/5k2/8/7n/2R5/r7/4K3 b - - 0 1
1,1,0,0,0,0,0,1,-1,1,0,1,1,1,0,0,0,0,0,16,0,0,3,7,1,5,4,5,1,5,0,1,0,0,0,0,0,0,0,7,1,1,1,1,0,0,2,2,1,0,KRBKRNvK,DRAW,3B4/4R3/8/5k2/n7/8/r6K/8 w - - 0 1
1,1,0,0,0,0,0,1,-1,1,0,1,1,1,0,0,0,0,0,16,0,0,3,7,4,7,7,3,6,2,0,1,0,0,0,0,0,0,0,7,1,1,0,0,0,0,2,1,0,1,KRBKRNvK,DRAW,6rk/4B3/3R4/7K/8/6n1/8/8 w - - 0 1
1,1,0,0,0,0,0,1,-1,1,0,1,1,1,0,0,0,0,0,16,0,0,3,7,4,7,7,3,6,24,23,0,0,0,0,0,0,0,0,7,1,1,0,0,0,0,3,2,0,0,KRBKRNvK,DRAW,7k/8/8/7K/2r5/8/4n2B/3R4 w - - 0 1
0,1,0,0,0,0,0,1,-1,1,0,1,1,1,0,0,0,0,0,16,0,0,4,7,1,7,5,5,4,21,27,0,0,0,0,0,0,0,0,7,1,1,0,0,0,0,1,0,0,0,KRBKRNvK,DRAW,2n5/8/7k/8/4B3/1r6/2R4K/8 b - - 0 1
1,1,0,0,0,0,0,1,-1,1,0,1,1,1,0,0,0,0,0,16,0,0,4,2,2,6,1,2,4,5,0,1,0,0,0,0,0,0,0,7,1,1,0,0,0,0,2,2,0,1,KRBKRNvK,DRAW,7R/3r3B/8/8/8/2K5/4n1k1/8 w - - 0 1
0,1,0,0,0,0,0,1,-1,1,0,1,1,1,0,0,0,0,0,16,0,0,4,2,2,6,0,2,5,17,20,0,0,0,0,0,0,0,0,7,1,1,0,0,0,0,2,0,0,0,KRBKRNvK,DRAW,5rn1/7B/8/8/8/2K5/2R5/6k1 b - - 0 1
1,1,0,0,0,0,0,1,-1,1,0,1,1,1,0,0,0,0,0,16,0,0,6,6,2,0,5,3,4,19,23,0,0,0,0,0,0,0,0,7,1,1,0,0,0,0,0,2,1,1,KRBKRNvK,DRAW,8/8/kn6/5r2/B7/6K1/6R1/8 w - - 0 1
0,1,0,0,0,0,0,1,-1,1,0,1,1,1,0,0,0,0,0,16,0,0,2,1,2,3,4,3,0,19,20,0,0,0,0,0,0,0,0,7,1,1,0,0,0,0,0,4,1,2,KRBKRNvK,DRAW,8/8/1B6/2rk4/8/1K6/8/3n2R1 b - - 0 1
1,1,0,0,0,0,0,1,-1,1,0,1,1,1,0,0,0,0,0,16,0,0,2,7,6,5,5,5,2,28,17,0,0,0,0,0,0,0,0,7,1,1,0,0,0,0,2,1,0,0,KRBKRNvK,DRAW,8/7K/5k2/8/2B5/n1r5/8/3R4 w - - 0 1
1,1,0,0,0,0,0,1,-1,1,0,1,1,1,0,0,0,0,0,16,0,0,6,7,6,4,0,5,3,27,24,0,0,0,0,0,0,0,0,7,1,1,1,0,0,0,1,2,0,1,KRBKRNvK,DRAW,8/R6K/8/5r2/1n6/1B6/8/4k3 w - - 0 1
0,1,0,0,0,0,0,1,-1,1,0,1,1,1,0,0,0,0,0,16,0,0,4,7,2,5,6,4,3,24,22,0,0,0,0,0,0,0,0,7,1,1,0,0,0,0,2,2,1,1,KRBKRNvK,DRAW,8/3n1k1B/8/5r2/R7/7K/8/8 b - - 0 1
0,1,0,0,0,0,0,1,-1,1,0,1,1,1,0,0,0,0,0,16,0,0,5,6,6,7,1,4,5,23,24,0,0,0,0,0,0,0,0,7,1,1,0,0,0,0,2,2,0,1,KRBKRNvK,DRAW,8/6K1/2r2n2/5R2/8/8/7k/4B3 b - - 0 1
0,1,0,0,0,0,0,1,-1,1,0,1,1,1,0,0,0,0,0,16,0,0,2,4,0,3,2,3,1,3,0,1,0,0,0,0,0,0,0,7,1,1,0,0,0,0,1,2,2,0,KRBKRNvK,DRAW,8/nr6/8/8/5B2/3k4/3R4/4K3 b - - 0 1
0,1,0,0,0,0,0,1,-1,1,0,1,1,1,0,0,0,0,0,16,0,0,5,5,6,1,1,3,4,26,26,0,0,0,0,0,0,0,0,7,1,1,1,0,0,0,2,3,0,1,KRBKRNvK,DRAW,8/2R2K2/8/5n2/3r4/8/1k4B1/8 b - - 0 1
1,1,0,0,0,0,0,1,-1,1,0,1,1,1,0,0,0,0,0,16,0,0,5,5,6,4,1,3,2,5,0,1,0,0,0,0,0,0,0,7,1,1,0,0,0,0,1,0,0,1,KRBKRNvK,DRAW,3n4/2r2K2/8/2B5/8/1R6/4k3/8 w - - 0 1
0,1,0,0,0,0,0,1,-1,1,0,1,1,1,0,0,0,0,0,16,0,0,3,2,2,4,5,2,1,19,23,0,0,0,0,0,0,0,0,7,1,1,0,0,0,0,1,2,0,0,KRBKRNvK,DRAW,8/nr6/4k3/8/8/B1K2R2/8/8 b - - 0 1
0,1,0,0,0,0,0,1,-1,1,0,1,1,1,0,0,0,0,0,16,0,0,7,6,0,6,7,5,5,23,21,0,0,0,0,0,0,0,0,7,1,1,0,0,0,0,1,2,0,0,KRBKRNvK,DRAW,6k1/3n4/8/1r6/8/6BR/8/6K1 b - - 0 1
0,1,0,0,0,0,0,1,-1,1,0,1,1,1,0,0,0,0,0,16,0,0,5,5,4,0,0,1,6,15,27,0,0,0,0,0,0,0,0,7,1,1,0,0,0,0,3,1,0,0,KRBKRNvK,DRAW,3B4/8/8/5K2/6R1/8/4n3/k3r3 b - - 0 1
1,1,0,0,0,0,0,1,-1,1,0,1,1,1,0,0,0,0,0,16,0,0,5,5,4,0,5,1,4,27,17,0,0,0,0,0,0,0,0,7,1,1,0,0,0,0,3,2,0,0,KRBKRNvK,DRAW,8/8/k4B2/5K2/r7/8/1R6/3n4 w - - 0 1
1,1,0,0,0,0,0,1,-1,1,0,1,1,1,0,0,0,0,0,16,0,0,6,6,1,5,7,4,4,30,27,0,0,0,0,0,0,0,0,7,1,1,0,0,0,0,2,3,0,0,KRBKRNvK,DRAW,5k2/8/5n2/3R4/2r5/8/5BK1/8 w - - 0 1
0,1,0,0,0,0,0,1,-1,1,0,1,1,1,0,0,0,0,0,16,0,0,7,1,0,7,7,5,6,3,0,1,0,0,0,0,0,0,0,7,1,1,0,0,0,0,3,1,0,0,KRBKRNvK,DRAW,7k/8/6nr/8/8/2B5/3R4/1K6 b - - 0 1
0,1,0,0,0,0,0,1,-1,1,0,1,1,1,0,0,0,0,0,16,0,0,4,3,5,7,1,1,5,20,21,0,0,0,0,0,0,0,0,7,1,1,0,0,0,0,3,2,0,1,KRBKRNvK,DRAW,8/8/3K4/1B6/2r5/8/7k/1n1R4 b - - 0 1
0,1,0,0,0,0,0,1,-1,1,0,1,1,1,0,0,0,0,0,16,0,0,4,2,6,6,6,3,4,27,28,0,0,0,0,0,0,0,0,7,1,1,1,1,0,0,1,3,0,0,KRBKRNvK,DRAW,8/R1K3k1/8/3B1n2/8/8/4r3/8 b - - 0 1
0,1,0,0,0,0,0,1,-1,1,0,1,1,1,0,0,0,0,0,16,0,0,3,4,4,3,7,0,3,25,27,0,0,0,0,0,0,0,0,7,1,1,0,0,0,0,3,1,0,0,KRBKRNvK,DRAW,3k4/8/8/4K3/6R1/8/2B1n3/5r2 b - - 0 1
0,1,0,0,0,0,0,1,-1,1,0,1,1,1,0,0,0,0,0,16,0,0,4,4,6,0,7,2,6,21,28,0,0,0,0,0,0,0,0,7,1,1,0,0,0,0,1,2,0,1,KRBKRNvK,DRAW,k5B1/4K3/8/2r5/8/n7/6R1/8 b - - 0 1
0,1,0,0,0,0,0,1,-1,1,0,1,1,1,0,0,0,0,0,16,0,0,4,2,5,6,5,2,3,22,24,0,0,0,0,0,0,0,0,7,1,1,0,0,0,0,1,0,0,1,KRBKRNvK,DRAW,8/1r6/B1K3kn/8/8/5R2/8/8 b - - 0 1
1,1,0,0,0,0,0,1,-1,1,0,1,1,1,0,0,0,0,0,16,0,0,3,7,7,5,4,6,1,2,0,1,0,0,0,0,0,0,0,7,1,1,0,0,0,0,2,2,2,0,KRBKRNvK,DRAW,r6K/8/8/5k2/7R/4B3/8/2n5 w - - 0 1
0,1,0,0,0,0,0,1,-1,1,0,1,1,1,0,0,0,0,0,16,0,0,6,7,1,1,1,5,4,28,25,0,0,0,0,0,0,0,0,7,1,1,0,0,0,0,2,1,0,0,KRBKRNvK,DRAW,6R1/5r2/2B3n1/8/8/8/1k5K/8 b - - 0 1
1,1,0,0,0,0,0,1,-1,1,0,1,1,1,0,0,0,0,0,16,0,0,6,0,4,6,7,3,5,3,0,1,0,0,0,0,0,0,0,7,1,1,0,1,0,0,1,1,1,0,KRBKRNvK,DRAW,6k1/8/7R/K4B2/8/6n1/r7/8 w - - 0 1
1,1,0,0,0,0,0,1,-1,1,0,1,1,1,0,0,0,0,0,16,0,0,7,7,1,0,6,5,5,4,0,1,0,0,0,0,0,0,0,7,1,1,0,1,0,0,0,1,1,1,KRBKRNvK,DRAW,8/k7/1R6/6B1/6n1/8/1r5K/8 w - - 0 1
1,1,0,0,0,0,0,1,-1,1,0,1,1,1,0,0,0,0,0,16,0,0,6,0,6,2,0,5,4,3,0,1,0,0,0,0,0,0,0,7,1,1,1,0,0,0,2,0,0,0,KRBKRNvK,DRAW,B7/K6R/8/8/8/r7/8/2k1n3 w - - 0 1
1,1,0,0,0,0,0,1,-1,1,0,1,1,1,0,0,0,0,0,16,0,0,4,3,7,3,3,3,0,19,21,0,0,0,0,0,0,0,0,7,1,1,0,0,0,0,0,3,0,0,KRBKRNvK,DRAW,2RK4/8/8/5r2/3k4/8/8/2B3n1 w - - 0 1
0,1,0,0,0,0,0,1,-1,1,0,1,1,1,0,0,0,0,0,16,0,0,3,7,7,7,4,6,3,4,0,1,0,0,0,0,0,0,0,7,1,1,0,0,0,0,2,2,0,0,KRBKRNvK,DRAW,2B4K/8/8/1R5k/8/8/8/3nr3 b - - 0 1
0,1,0,0,0,0,0,1,-1,1,0,1,1,1,0,0,0,0,0,16,0,0,5,0,4,5,7,3,4,24,20,0,0,0,0,0,0,0,0,7,1,1,0,0,0,0,1,3,0,0,KRBKRNvK,DRAW,1B3k2/5n2/R7/K7/8/8/8/3r4 b - - 0 1
0,1,0,0,0,0,0,1,-1,1,0,1,1,1,0,0,0,0,0,16,0,0,5,7,4,2,4,3,1,17,25,0,0,0,0,0,0,0,0,7,1,1,0,1,0,0,1,2,0,0,KRBKRNvK,DRAW,8/5B2/8/2k4K/8/5R2/2r5/n7 b - - 0 1
0,1,0,0,0,0,0,1,-1,1,0,1,1,1,0,0,0,0,0,16,0,0,2,3,7,5,5,3,2,5,0,1,0,0,0,0,0,0,0,7,1,1,0,0,0,0,3,4,1,0,KRBKRNvK,DRAW,3K4/8/3R1k2/4r3/8/5n2/7B/8 b - - 0 1
1,1,0,0,0,0,0,1,-1,1,0,1,1,1,0,0,0,0,0,16,0,0,3,3,4,0,2,0,4,6,0,1,0,0,0,0,0,0,0,7,1,1,1,0,0,0,3,2,0,1,KRBKRNvK,DRAW,8/2B1R3/8/3K4/8/k2r4/4n3/8 w - - 0 1
0,1,0,0,0,0,0,1,-1,1,0,1,1,1,0,0,0,0,0,16,0,0,4,5,6,1,2,3,3,4,0,1,0,0,0,0,0,0,0,7,1,1,0,0,0,0,2,3,1,0,KRBKRNvK,DRAW,5B2/5K2/1n6/8/1R6/1k6/8/4r3 b - - 0 1
0,1,0,0,0,0,0,1,-1,1,0,1,1,1,0,0,0,0,0,16,0,0,5,1,5,4,0,3,3,23,25,0,0,0,0,0,0,0,0,7,1,1,0,1,0,0,2,2,0,1,KRBKRNvK,DRAW,3B4/8/1K1n4/8/5R2/8/4r3/4k3 b - - 0 1
1,1,0,0,0,0,0,1,-1,1,0,1,1,1,0,0,0,0,0,16,0,0,2,1,1,3,3,4,0,6,0,1,0,0,0,0,0,0,0,7,1,1,0,0,0,0,1,3,1,0,KRBKRNvK,DRAW,1r6/8/8/5B2/3k4/7R/1K5n/8 w - - 0 1
0,1,0,0,0,0,0,1,-1,1,0,1,1,1,0,0,0,0,0,16,0,0,4,1,7,0,3,5,3,23,29,0,0,0,0,0,0,0,0,7,1,1,0,0,0,0,2,2,0,0,KRBKRNvK,DRAW,1K3n2/8/8/7r/k4B2/8/4R3/8 b - - 0 1
0,1,0,0,0,0,0,1,-1,1,0,1,1,1,0,0,0,0,0,16,0,0,6,6,4,0,5,2,4,4,0,1,0,0,0,0,0,0,0,7,1,1,0,0,0,0,0,1,0,0,KRBKRNvK,LOSS,8/8/k7/6K1/8/rn6/4B3/R7 b - - 0 1
0,1,0,0,0,0,0,1,-1,1,0,1,1,1,0,0,0,0,0,16,0,0,4,4,5,5,1,1,3,23,24,0,0,0,0,0,0,0,0,7,1,1,0,0,0,0,4,2,1,1,KRBKRNvK,DRAW,2n2B2/8/4K3/r7/6R1/8/5k2/8 b - - 0 1
0,1,0,0,0,0,0,1,-1,1,0,1,1,1,0,0,0,0,0,16,0,0,2,0,5,1,3,4,2,4,0,1,0,0,0,0,0,0,0,7,1,1,0,0,0,0,3,2,0,0,KRBKRNvK,DRAW,7B/8/K7/8/1k3R2/8/8/3rn3 b - - 0 1
1,1,0,0,0,0,0,1,-1,1,0,1,1,1,0,0,0,0,0,16,0,0,4,4,0,5,4,3,1,24,25,0,0,0,0,0,0,0,0,7,1,1,1,0,0,0,2,4,0,1,KRBKRNvK,DRAW,3r4/1BR5/8/5k2/8/8/3n4/4K3 w - - 0 1
0,1,0,0,0,0,0,1,-1,1,0,1,1,1,0,0,0,0,0,16,0,0,3,4,4,1,4,0,2,17,23,0,0,0,0,0,0,0,0,7,1,1,0,0,0,0,3,1,0,0,KRBKRNvK,DRAW,1r6/8/8/1k2K2B/8/1n6/1R6/8 b - - 0 1
0,1,0,0,0,0,0,1,-1,1,0,1,1,1,0,0,0,0,0,16,0,0,5,5,6,2,1,3,3,8,0,1,0,0,0,0,0,0,0,7,1,1,1,0,0,0,2,2,1,0,KRBKRNvK,DRAW,8/2R2K2/8/r7/n7/8/2k5/B7 b - - 0 1
0,1,0,0,0,0,0,1,-1,1,0,1,1,1,0,0,0,0,0,16,0,0,7,5,7,3,0,4,3,24,28,0,0,0,0,0,0,0,0,7,1,1,0,0,0,0,0,0,0,0,KRBKRNvK,DRAW,5K2/3B4/8/8/4n3/7r/R7/3k4 b - - 0 1
0,1,0,0,0,0,0,1,-1,1,0,1,1,1,0,0,0,0,0,16,0,0,4,7,5,3,2,4,1,22,26,0,0,0,0,0,0,0,0,7,1,1,0,1,0,0,0,2,0,0,KRBKRNvK,DRAW,8/4B3/6RK/8/8/3k4/1nr5/8 b - - 0 1
1,1,0,0,0,0,0,1,-1,1,0,1,1,1,0,0,0,0,0,16,0,0,2,3,3,1,1,0,4,4,0,1,0,0,0,0,0,0,0,7,1,1,1,0,0,0,4,1,0,0,KRBKRNvK,DRAW,8/6R1/8/2B5/3K4/7n/1k6/3r4 w - - 0 1
1,1,0,0,0,0,0,1,-1,1,0,1,1,1,0,0,0,0,0,16,0,0,3,4,5,1,5,1,3,6,0,1,0,0,0,0,0,0,0,7,1,1,0,0,0,0,3,0,2,1,KRBKRNvK,DRAW,8/8/1k2K1r1/8/B2R4/8/8/5n2 w - - 0 1
1,1,0,0,0,0,0,1,-1,1,0,1,1,1,0,0,0,0,0,16,0,0,6,4,0,2,6,3,3,19,24,0,0,0,0,0,0,0,0,7,1,1,0,0,0,0,1,2,0,0,KRBKRNvK,DRAW,8/2k5/5n2/8/8/6R1/8/rB2K3 w - - 0 1
1,1,0,0,0,0,0,1,-1,1,0,1,1,1,0,0,0,0,0,16,0,0,3,0,5,3,6,4,2,25,19,0,0,0,0,0,0,0,0,7,1,1,0,0,0,0,2,2,2,1,KRBKRNvK,DRAW,8/2Bk4/K7/2R5/n2r4/8/8/8 w - - 0 1
1,1,0,0,0,0,0,1,-1,1,0,1,1,1,0,0,0,0,0,16,0,0,3,3,0,0,3,3,3,21,18,0,0,0,0,0,0,0,0,7,1,1,0,0,0,0,1,0,0,1,KRBKRNvK,WIN,8/8/r5B1/8/k7/8/8/2RK1n2 w - - 0 1
0,1,0,0,0,0,0,1,-1,1,0,1,1,1,0,0,0,0,0,16,0,0,3,7,6,7,3,5,3,26,24,0,0,0,0,0,0,0,0,7,1,1,1,0,0,0,1,0,0,0,KRBKRNvK,DRAW,8/2R4K/3B4/8/3n3k/8/8/6r1 b - - 0 1
0,1,0,0,0,0,0,1,-1,1,0,1,1,1,0,0,0,0,0,16,0,0,2,3,1,1,2,2,3,20,23,0,0,0,0,0,0,0,0,7,1,1,0,0,0,0,2,0,1,0,KRBKRNvK,DRAW,4B3/8/2r5/R7/8/1k6/3K4/6n1 b - - 0 1
0,1,0,0,0,0,0,1,-1,1,0,1,1,1,0,0,0,0,0,16,0,0,7,0,6,7,3,5,3,22,23,0,0,0,0,0,0,0,0,7,1,1,0,0,0,0,0,2,0,0,KRBKRNvK,DRAW,8/K7/8/8/2n1r2k/8/R7/2B5 b - - 0 1
1,1,0,0,0,0,0,1,-1,1,0,1,1,1,0,0,0,0,0,16,0,0,2,7,2,5,1,4,3,27,26,0,0,0,0,0,0,0,0,7,1,1,0,0,0,0,3,2,1,0,KRBKRNvK,DRAW,8/8/8/2r5/R7/4nB1K/5k2/8 w - - 0 1
1,1,0,0,0,0,0,1,-1,1,0,1,1,1,0,0,0,0,0,16,0,0,2,7,0,6,2,6,3,23,26,0,0,0,0,0,0,0,0,7,1,1,0,1,0,0,1,3,0,1,KRBKRNvK,LOSS,2R5/8/6B1/8/8/5nk1/3r4/7K w - - 0 1
1,1,0,0,0,0,0,1,-1,1,0,1,1,1,0,0,0,0,0,16,0,0,4,5,5,1,4,2,2,23,23,0,0,0,0,0,0,0,0,7,1,1,0,0,0,0,1,3,0,0,KRBKRNvK,DRAW,2R5/8/5K2/1k6/7B/1n2r3/8/8 w - - 0 1
0,1,0,0,0,0,0,1,-1,1,0,1,1,1,0,0,0,0,0,16,0,0,5,1,6,6,5,4,3,17,30,0,0,0,0,0,0,0,0,7,1,1,0,0,0,0,0,2,1,0,KRBKRNvK,DRAW,8/1K2B2n/6k1/8/6r1/8/8/7R b - - 0 1
0,1,0,0,0,0,0,1,-1,1,0,1,1,1,0,0,0,0,0,16,0,0,4,1,2,5,6,3,3,25,24,0,0,0,0,0,0,0,0,7,1,1,0,0,0,0,2,2,0,1,KRBKRNvK,DRAW,2n5/5k2/8/8/2r5/1K6/R7/7B b - - 0 1
1,1,0,0,0,0,0,1,-1,1,0,1,1,1,0,0,0,0,0,16,0,0,3,6,0,3,3,5,0,27,19,0,0,0,0,0,0,0,0,7,1,1,0,0,0,0,0,4,1,0,KRBKRNvK,WIN,8/8/8/6B1/r2k4/8/5R2/1n4K1 w - - 0 1
1,1,0,0,0,0,0,1,-1,1,0,1,1,1,0,0,0,0,0,16,0,0,2,2,1,0,1,3,5,5,0,1,0,0,0,0,0,0,0,7,1,1,0,0,0,0,1,0,0,1,KRBKRNvK,DRAW,8/5r2/8/8/4B3/n7/k1K5/6R1 w - - 0 1
0,1,0,0,0,0,0,1,-1,1,0,1,1,1,0,0,0,0,0,16,0,0,4,0,2,2,6,4,3,5,0,1,0,0,0,0,0,0,0,7,1,1,0,0,0,0,0,3,2,1,KRBKRNvK,DRAW,8/2k2n2/R7/B7/1r6/K7/8/8 b - - 0 1
0,1,0,0,0,0,0,1,-1,1,0,1,1,1,0,0,0,0,0,16,0,0,3,1,7,3,4,5,0,24,19,0,0,0,0,0,0,0,0,7,1,1,0,0,0,0,0,3,1,0,KRBKRNvK,DRAW,BK6/8/2R5/3k4/8/5n2/8/6r1 b - - 0 1
0,1,0,0,0,0,0,1,-1,1,0,1,1,1,0,0,0,0,0,16,0,0,2,1,2,3,2,3,1,21,26,0,0,0,0,0,0,0,0,7,1,1,1,0,0,0,1,4,0,0,KRBKRNvK,DRAW,nB6/5R2/8/7r/8/1K1k4/8/8 b - - 0 1
1,1,0,0,0,0,0,1,-1,1,0,1,1,1,0,0,0,0,0,16,0,0,6,7,3,1,4,3,2,19,20,0,0,0,0,0,0,0,0,7,1,1,0,0,0,0,2,1,1,1,KRBKRNvK,DRAW,8/6r1/2R5/1k6/7K/6n1/8/7B w - - 0 1
0,1,0,0,0,0,0,1,-1,1,0,1,1,1,0,0,0,0,0,16,0,0,3,6,3,3,3,2,0,23,26,0,0,0,0,0,0,0,0,7,1,1,0,0,0,0,1,3,0,0,KRBKRNvK,DRAW,6R1/8/2r5/8/3k2K1/6B1/8/n7 b - - 0 1
1,1,0,0,0,0,0,1,-1,1,0,1,1,1,0,0,0,0,0,16,0,0,5,2,5,0,0,2,6,6,0,1,0,0,0,0,0,0,0,7,1,1,0,0,0,0,1,1,0,0,KRBKRNvK,DRAW,8/3B4/2K3r1/8/8/7R/4n3/k7 w - - 0 1
0,1,0,0,0,0,0,1,-1,1,0,1,1,1,0,0,0,0,0,16,0,0,2,0,4,1,2,3,3,23,16,0,0,0,0,0,0,0,0,7,1,1,1,1,0,0,0,0,0,0,KRBKRNvK,DRAW,8/R5n1/B7/K7/8/1k6/5r2/8 b - - 0 1
1,1,0,0,0,0,0,1,-1,1,0,1,1,1,0,0,0,0,0,16,0,0,3,7,4,4,3,3,0,23,25,0,0,0,0,0,0,0,0,7,1,1,1,0,0,0,1,3,0,0,KRBKRNvK,DRAW,8/7R/1Bn5/7K/4k3/8/8/2r5 w - - 0 1
0,1,0,0,0,0,0,1,-1,1,0,1,1,1,0,0,0,0,0,16,0,0,7,7,1,0,2,5,4,7,0,1,0,0,0,0,0,0,0,7,1,1,0,0,0,0,1,3,0,0,KRBKRNvK,DRAW,8/3r4/8/2n5/4B3/k5R1/7K/8 b - - 0 1
1,1,0,0,0,0,0,1,-1,1,0,1,1,1,0,0,0,0,0,16,0,0,7,7,5,0,7,4,6,6,0,1,0,0,0,0,0,0,0,7,1,1,0,0,0,0,2,1,0,0,KRBKRNvK,DRAW,k7/4n3/1r5K/8/6R1/8/8/1B6 w - - 0 1
0,1,0,0,0,0,0,1,-1,1,0,1,1,1,0,0,0,0,0,16,0,0,3,1,5,4,4,3,0,6,0,1,0,0,0,0,0,0,0,7,1,1,0,0,0,0,2,3,1,0,KRBKRNvK,DRAW,8/5r2/1K6/4k3/8/4R3/n7/2B5 b - - 0 1
1,1,0,0,0,0,0,1,-1,1,0,1,1,1,0,0,0,0,0,16,0,0,4,7,2,3,4,4,0,4,0,1,0,0,0,0,0,0,0,7,1,1,0,0,0,0,0,3,0,0,KRBKRNvK,DRAW,3n1R2/7r/8/3k4/8/7K/8/2B5 w - - 0 1
1,1,0,0,0,0,0,1,-1,1,0,1,1,1,0,0,0,0,0,16,0,0,4,5,4,1,0,1,5,7,0,1,0,0,0,0,0,0,0,7,1,1,0,0,0,0,2,0,0,0,KRBKRNvK,DRAW,2n2B2/8/8/5K2/8/7R/8/1k3r2 w - - 0 1
0,1,0,0,0,0,0,1,-1,1,0,1,1,1,0,0,0,0,0,16,0,0,7,1,0,7,7,5,6,20,26,0,0,0,0,0,0,0,0,7,1,1,0,0,0,0,2,2,0,0,KRBKRNvK,DRAW,7k/n7/8/8/3R2B1/4r3/8/1K6 b - - 0 1
1,1,0,0,0,0,0,1,-1,1,0,1,1,1,0,0,0,0,0,16,0,0,4,1,2,2,6,3,3,5,0,1,0,0,0,0,0,0,0,7,1,1,0,0,0,0,2,2,0,1,KRBKRNvK,DRAW,2n5/2k5/8/6B1/R7/1K1r4/8/8 w - - 0 1
0,1,0,0,0,0,0,1,-1,1,0,1,1,1,0,0,0,0,0,16,0,0,4,4,5,0,1,1,5,3,0,1,0,0,0,0,0,0,0,7,1,1,0,0,0,0,2,3,0,1,KRBKRNvK,DRAW,R7/8/4K3/5r2/3B4/6n1/k7/8 b - - 0 1
1,1,0,0,0,0,0,1,-1,1,0,1,1,1,0,0,0,0,0,16,0,0,7,7,4,0,5,3,4,30,17,0,0,0,0,0,0,0,0,7,1,1,0,0,0,0,2,0,2,0,KRBKRNvK,DRAW,1R6/8/k1B5/n6K/8/2r5/8/8 w - - 0 1
0,1,0,0,0,0,0,1,-1,1,0,1,1,1,0,0,0,0,0,16,0,0,4,4,5,0,3,1,3,4,0,1,0,0,0,0,0,0,0,7,1,1,1,0,0,0,3,3,1,1,KRBKRNvK,DRAW,8/6R1/4K3/2r5/k7/2n5/2B5/8 b - - 0 1
0,1,0,0,0,0,0,1,-1,1,0,1,1,1,0,0,0,0,0,16,0,0,3,7,2,4,5,4,1,7,0,1,0,0,0,0,0,0,0,7,1,1,0,0,0,0,0,2,1,1,KRBKRNvK,DRAW,8/8/4k3/8/6BR/7K/8/4nr2 b - - 0 1
1,1,0,0,0,0,0,1,-1,1,0,1,1,1,0,0,0,0,0,16,0,0,3,2,2,1,5,2,3,29,20,0,0,0,0,0,0,0,0,7,1,1,0,0,0,0,3,0,0,0,KRBKRNvK,DRAW,8/5rn1/1k6/4R3/8/2K5/4B3/8 w - - 0 1
1,1,0,0,0,0,0,1,-1,1,0,1,1,1,0,0,0,0,0,16,0,0,4,3,2,3,6,1,2,27,18,0,0,0,0,0,0,0,0,7,1,1,0,0,0,0,3,0,0,0,KRBKRNvK,WIN,8/3k2r1/8/8/5B2/1R1K4/8/6n1 w - - 0 1
1,1,0,0,0,0,0,1,-1,1,0,1,1,1,0,0,0,0,0,16,0,0,4,7,3,3,2,3,1,3,0,1,0,0,0,0,0,0,0,7,1,1,0,0,0,0,0,2,0,1,KRBKRNvK,DRAW,8/8/7r/3n4/B6K/3k4/8/6R1 w - - 0 1
0,1,0,0,0,0,0,1,-1,1,0,1,1,1,0,0,0,0,0,16,0,0,2,0,4,1,2,3,3,18,24,0,0,0,0,0,0,0,0,7,1,1,0,0,0,0,0,0,0,1,KRBKRNvK,DRAW,5R2/8/8/K6B/8/1kr5/n7/8 b - - 0 1
0,1,0,0,0,0,0,1,-1,1,0,1,1,1,0,0,0,0,0,16,0,0,2,2,3,1,5,1,3,23,17,0,0,0,0,0,0,0,0,7,1,1,0,0,0,0,2,2,0,1,KRBKRNvK,DRAW,6B1/1n6/1k6/4r3/2K5/2R5/8/8 b - - 0 1
1,1,0,0,0,0,0,1,-1,1,0,1,1,1,0,0,0,0,0,16,0,0,3,4,7,1,5,3,3,6,0,1,0,0,0,0,0,0,0,7,1,1,0,0,0,0,0,2,0,0,KRBKRNvK,LOSS,4K3/8/1k6/7B/8/R7/8/1n2r3 w - - 0 1
1,1,0,0,0,0,0,1,-1,1,0,1,1,1,0,0,0,0,0,16,0,0,2,3,0,1,2,3,3,24,24,0,0,0,0,0,0,0,0,7,1,1,0,0,0,0,2,2,0,1,KRBKRNvK,DRAW,8/8/5R2/8/6r1/1k6/8/1n1K3B w - - 0 1
0,1,0,0,0,0,0,1,-1,1,0,1,1,1,0,0,0,0,0,16,0,0,6,7,2,1,7,4,5,27,21,0,0,0,0,0,0,0,0,7,1,1,0,1,0,0,0,1,0,0,KRBKRNvK,DRAW,1k3B2/8/5R2/2n5/8/7K/r7/8 b - - 0 1
1,1,0,0,0,0,0,1,-1,1,0,1,1,1,0,0,0,0,0,16,0,0,3,6,5,6,2,3,3,26,20,0,0,0,0,0,0,0,0,7,1,1,0,0,0,0,2,1,0,0,KRBKRNvK,DRAW,2B5/2r5/6K1/2n5/8/6k1/3R4/8 w - - 0 1
1,1,0,0,0,0,0,1,-1,1,0,1,1,1,0,0,0,0,0,16,0,0,5,0,5,3,0,4,3,3,0,1,0,0,0,0,0,0,0,7,1,1,0,1,0,0,2,1,0,0,KRBKRNvK,DRAW,8/8/K4B1R/8/8/4n3/r7/3k4 w - - 0 1
0,1,0,0,0,0,0,1,-1,1,0,1,1,1,0,0,0,0,0,16,0,0,2,5,7,7,5,4,4,4,0,1,0,0,0,0,0,0,0,7,1,1,0,0,0,0,3,1,1,1,KRBKRNvK,LOSS,5K2/4n1B1/7k/8/r1R5/8/8/8 b - - 0 1
0,1,0,0,0,0,0,1,-1,1,0,1,1,1,0,0,0,0,0,16,0,0,6,6,1,7,7,4,6,25,18,0,0,0,0,0,0,0,0,7,1,1,0,0,0,0,0,1,0,0,KRBKRNvK,DRAW,7k/8/8/8/2n5/2R4B/6K1/1r6 b - - 0 1
1,1,0,0,0,0,0,1,-1,1,0,1,1,1,0,0,0,0,0,16,0,0,2,4,2,2,4,1,1,32,15,0,0,0,0,0,0,0,0,7,1,1,0,0,0,0,4,2,0,0,KRBKRNvK,DRAW,8/8/5B2/1rk5/n7/4K3/8/3R4 w - - 0 1
0,1,0,0,0,0,0,1,-1,1,0,1,1,1,0,0,0,0,0,16,0,0,7,7,4,0,2,3,4,21,28,0,0,0,0,0,0,0,0,7,1,1,0,0,0,0,2,2,0,0,KRBKRNvK,DRAW,8/1n6/1B6/7K/5R2/k7/8/4r3 b - - 0 1
0,1,0,0,0,0,0,1,-1,1,0,1,1,1,0,0,0,0,0,16,0,0,3,4,1,7,1,2,5,13,20,0,0,0,0,0,0,0,0,7,1,1,0,0,0,0,2,0,0,0,KRBKRNvK,DRAW,1R4n1/1B6/8/8/8/8/4K2k/7r b - - 0 1
0,1,0,0,0,0,0,1,-1,1,0,1,1,1,0,0,0,0,0,16,0,0,3,1,4,4,1,2,2,4,0,1,0,0,0,0,0,0,0,7,1,1,0,0,0,0,1,1,1,1,KRBKRNvK,LOSS,8/8/8/1K6/2B5/1n6/4k3/1r5R b - - 0 1
0,1,0,0,0,0,0,1,-1,1,0,1,1,1,0,0,0,0,0,16,0,0,4,3,1,7,4,2,3,19,31,0,0,0,0,0,0,0,0,7,1,1,0,0,0,0,2,2,0,0,KRBKRNvK,DRAW,R7/8/8/6nk/7r/8/1B1K4/8 b - - 0 1
0,1,0,0,0,0,0,1,-1,1,0,1,1,1,0,0,0,0,0,16,0,0,2,1,5,3,5,3,1,26,24,0,0,0,0,0,0,0,0,7,1,1,0,0,0,0,2,4,0,1,KRBKRNvK,DRAW,8/8/1K1k1n2/8/r7/8/6B1/7R b - - 0 1
1,1,0,0,0,0,0,1,-1,1,0,1,1,1,0,0,0,0,0,16,0,0,4,6,0,7,4,5,3,5,0,1,0,0,0,0,0,0,0,7,1,1,0,0,0,0,2,0,1,0,KRBKRNvK,DRAW,8/1n6/8/6Bk/8/8/4R3/r5K1 w - - 0 1
0,1,0,0,0,0,0,1,-1,1,0,1,1,1,0,0,0,0,0,16,0,0,4,4,0,6,4,3,2,5,0,1,0,0,0,0,0,0,0,7,1,1,0,0,0,0,0,2,1,0,KRBKRNvK,DRAW,1nBr4/8/8/6k1/8/6R1/8/4K3 b - - 0 1
1,1,0,0,0,0,0,1,-1,1,0,1,1,1,0,0,0,0,0,16,0,0,4,5,3,1,1,1,4,6,0,1,0,0,0,0,0,0,0,7,1,1,0,0,0,0,2,1,0,1,KRBKRNvK,DRAW,8/8/5r2/8/1n3K2/8/1k2B3/5R2 w - - 0 1
0,1,0,0,0,0,0,1,-1,1,0,1,1,1,0,0,0,0,0,16,0,0,3,0,7,3,7,6,3,22,25,0,0,0,0,0,0,0,0,7,1,1,0,0,0,0,2,0,0,0,KRBKRNvK,DRAW,K2k4/7r/8/8/R7/4B3/8/1n6 b - - 0 1
1,1,0,0,0,0,0,1,-1,1,0,1,1,1,0,0,0,0,0,16,0,0,2,3,1,5,0,2,4,4,0,1,0,0,0,0,0,0,0,7,1,1,1,0,0,0,0,2,0,0,KRBKRNvK,DRAW,8/7R/8/n2r4/B7/8/3K4/5k2 w - - 0 1
0,1,0,0,0,0,0,1,-1,1,0,1,1,1,0,0,0,0,0,16,0,0,3,6,1,3,1,4,2,23,25,0,0,0,0,0,0,0,0,7,1,1,0,0,0,0,2,0,0,1,KRBKRNvK,DRAW,8/8/8/7R/B7/5r2/n2k2K1/8 b - - 0 1
0,1,0,0,0,0,0,1,-1,1,0,1,1,1,0,0,0,0,0,16,0,0,5,1,1,0,6,4,5,4,0,1,0,0,0,0,0,0,0,7,1,1,1,0,0,0,2,2,0,1,KRBKRNvK,LOSS,8/k6R/8/r7/8/2B5/nK6/8 b - - 0 1
0,1,0,0,0,0,0,1,-1,1,0,1,1,1,0,0,0,0,0,16,0,0,2,3,2,5,4,1,1,4,0,1,0,0,0,0,0,0,0,7,1,1,0,0,0,0,3,2,1,1,KRBKRNvK,DRAW,r7/8/8/3R1k2/4n3/3K4/8/3B4 b - - 0 1
0,1,0,0,0,0,0,1,-1,1,0,1,1,1,0,0,0,0,0,16,0,0,7,5,7,0,0,4,6,3,0,1,0,0,0,0,0,0,0,7,1,1,0,0,0,0,3,0,0,0,KRBKRNvK,DRAW,2n2K2/6B1/1r1R4/8/8/8/8/k7 b - - 0 1
0,1,0,0,0,0,0,1,-1,1,0,1,1,1,0,0,0,0,0,16,0,0,5,2,2,7,6,2,5,2,0,1,0,0,0,0,0,0,0,7,1,1,0,0,0,0,1,2,1,1,KRBKRNvK,DRAW,8/7k/3n3R/8/r7/2K5/3B4/8 b - - 0 1
0,1,0,0,0,0,0,1,-1,1,0,1,1,1,0,0,0,0,0,16,0,0,5,1,5,5,0,3,4,4,0,1,0,0,0,0,0,0,0,7,1,1,0,0,0,0,0,2,1,1,KRBKRNvK,DRAW,3r4/4n3/1KR5/8/8/7B/8/5k2 b - - 0 1
0,1,0,0,0,0,0,1,-1,1,0,1,1,1,0,0,0,0,0,16,0,0,4,1,2,5,6,3,3,29,19,0,0,0,0,0,0,0,0,7,1,1,0,0,0,0,3,1,0,0,KRBKRNvK,DRAW,r7/5k2/3n4/8/3R4/1K6/1B6/8 b - - 0 1
0,1,0,0,0,0,0,1,-1,1,0,1,1,1,0,0,0,0,0,16,0,0,4,6,2,2,3,3,1,5,0,1,0,0,0,0,0,0,0,7,1,1,0,0,0,0,2,2,1,1,KRBKRNvK,DRAW,8/8/8/8/1Bk4R/6Kn/8/1r6 b - - 0 1
0,1,0,0,0,0,0,1,-1,1,0,1,1,1,0,0,0,0,0,16,0,0,3,7,0,6,3,6,2,23,24,0,0,0,0,0,0,0,0,7,1,1,0,0,0,0,2,2,0,0,KRBKRNvK,DRAW,8/6n1/B7/2R5/6k1/4r3/8/7K b - - 0 1
0,1,0,0,0,0,0,1,-1,1,0,1,1,1,0,0,0,0,0,16,0,0,6,7,7,1,7,6,5,25,23,0,0,0,0,0,0,0,0,7,1,1,0,1,0,0,2,1,0,0,KRBKRNvK,DRAW,1k2B2K/8/1n6/8/8/4R3/2r5/8 b - - 0 1
0,1,0,0,0,0,0,1,-1,1,0,1,1,1,0,0,0,0,0,16,0,0,5,1,6,0,1,4,5,26,22,0,0,0,0,0,0,0,0,7,1,1,0,0,0,0,3,2,0,0,KRBKRNvK,DRAW,8/1K6/5r2/2R5/8/2n5/k7/7B b - - 0 1
1,1,0,0,0,0,0,1,-1,1,0,1,1,1,0,0,0,0,0,16,0,0,3,2,3,3,6,1,2,7,0,1,0,0,0,0,0,0,0,7,1,1,0,0,0,0,2,2,0,0,KRBKRNvK,DRAW,8/3k4/8/7n/2K4r/8/2R5/3B4 w - - 0 1
0,1,0,0,0,0,0,1,-1,1,0,1,1,1,0,0,0,0,0,16,0,0,5,7,4,2,6,3,3,23,24,0,0,0,0,0,0,0,0,7,1,1,0,0,0,0,0,2,0,0,KRBKRNvK,DRAW,3n4/2k5/3r4/7K/1B6/6R1/8/8 b - - 0 1
1,1,0,0,0,0,0,1,-1,1,0,1,1,1,0,0,0,0,0,16,0,0,4,7,1,6,5,5,3,27,29,0,0,0,0,0,0,0,0,7,1,1,0,0,0,0,2,1,0,0,KRBKRNvK,DRAW,5r2/3B4/6k1/8/1R6/4n3/7K/8 w - - 0 1
0,1,0,0,0,0,0,1,-1,1,0,1,1,1,0,0,0,0,0,16,0,0,2,2,1,0,3,3,3,4,0,1,0,0,0,0,0,0,0,7,1,1,0,0,0,0,0,3,0,1,KRBKRNvK,DRAW,7R/3B4/8/8/k4r2/2n5/2K5/8 b - - 0 1
1,1,0,0,0,0,0,1,-1,1,0,1,1,1,0,0,0,0,0,16,0,0,2,2,2,0,4,2,3,21,19,0,0,0,0,0,0,0,0,7,1,1,0,0,0,0,3,1,1,2,KRBKRNvK,DRAW,B7/8/8/k7/2R5/2Kn4/8/3r4 w - - 0 1
1,1,0,0,0,0,0,1,-1,1,0,1,1,1,0,0,0,0,0,16,0,0,6,6,3,0,7,2,6,26,18,0,0,0,0,0,0,0,0,7,1,1,0,0,0,0,1,0,1,0,KRBKRNvK,DRAW,k7/n7/2R5/8/6K1/1r6/7B/8 w - - 0 1
0,1,0,0,0,0,0,1,-1,1,0,1,1,1,0,0,0,0,0,16,0,0,3,7,6,5,3,5,1,20,24,0,0,0,0,0,0,0,0,7,1,1,1,0,0,0,0,2,0,1,KRBKRNvK,DRAW,8/2R4K/6n1/8/5k2/5r2/8/4B3 b - - 0 1
0,1,0,0,0,0,0,1,-1,1,0,1,1,1,0,0,0,0,0,16,0,0,3,4,1,4,4,2,0,22,26,0,0,0,0,0,0,0,0,7,1,1,0,0,0,0,3,3,1,1,KRBKRNvK,DRAW,8/8/8/4k3/n6R/5B2/4K3/3r4 b - - 0 1
0,1,0,0,0,0,0,1,-1,1,0,1,1,1,0,0,0,0,0,16,0,0,4,7,0,4,4,6,0,5,0,1,0,0,0,0,0,0,0,7,1,1,0,0,0,0,3,3,0,0,KRBKRNvK,DRAW,n2r4/1B6/8/4k3/8/8/4R3/7K b - - 0 1
1,1,0,0,0,0,0,1,-1,1,0,1,1,1,0,0,0,0,0,16,0,0,7,0,7,7,7,6,6,22,21,0,0,0,0,0,0,0,0,7,1,1,0,0,0,0,2,3,0,0,KRBKRNvK,DRAW,K3B2k/8/8/8/R7/3r4/3n4/8 w - - 0 1
1,1,0,0,0,0,0,1,-1,1,0,1,1,1,0,0,0,0,0,16,0,0,4,4,2,4,6,1,2,23,23,0,0,0,0,0,0,0,0,7,1,1,0,0,0,0,3,2,0,0,KRBKRNvK,DRAW,8/4k3/8/1r6/8/4K2R/8/Bn6 w - - 0 1
0,1,0,0,0,0,0,1,-1,1,0,1,1,1,0,0,0,0,0,16,0,0,3,4,4,3,1,0,2,21,28,0,0,0,0,0,0,0,0,7,1,1,0,0,0,0,3,2,0,0,KRBKRNvK,DRAW,3r4/8/1R6/4K3/6B1/8/3k4/5n2 b - - 0 1
1,1,0,0,0,0,0,1,-1,1,0,1,1,1,0,0,0,0,0,16,0,0,2,7,5,5,5,4,2,22,22,0,0,0,0,0,0,0,0,7,1,1,0,0,0,0,2,3,1,0,KRBKRNvK,DRAW,8/4r3/5k1K/6R1/8/8/2n5/4B3 w - - 0 1
0,1,0,0,0,0,0,1,-1,1,0,1,1,1,0,0,0,0,0,16,0,0,7,7,2,0,2,4,4,20,21,0,0,0,0,0,0,0,0,7,1,1,0,0,0,0,1,2,1,0,KRBKRNvK,DRAW,2R5/7n/8/8/3r4/k1B4K/8/8 b - - 0 1
1,1,0,0,0,0,0,1,-1,1,0,1,1,1,0,0,0,0,0,16,0,0,5,7,4,2,7,3,4,26,20,0,0,0,0,0,0,0,0,7,1,1,0,0,0,0,0,1,0,0,KRBKRNvK,DRAW,2k5/8/8/7K/r2n4/1R6/8/4B3 w - - 0 1
1,1,0,0,0,0,0,1,-1,1,0,1,1,1,0,0,0,0,0,16,0,0,2,6,1,4,1,4,2,26,15,0,0,0,0,0,0,0,0,7,1,1,0,0,0,0,2,0,1,0,KRBKRNvK,DRAW,r3n3/8/8/8/8/8/B3k1K1/3R4 w - - 0 1
0,1,0,0,0,0,0,1,-1,1,0,1,1,1,0,0,0,0,0,16,0,0,5,0,4,5,7,3,4,20,19,0,0,0,0,0,0,0,0,7,1,1,0,0,0,0,0,0,1,1,KRBKRNvK,DRAW,3B1k2/8/2r5/K7/8/8/R7/n7 b - - 0 1
0,1,0,0,0,0,0,1,-1,1,0,1,1,1,0,0,0,0,0,16,0,0,5,5,5,5,0,2,4,21,27,0,0,0,0,0,0,0,0,7,1,1,0,1,0,0,3,1,1,1,KRBKRNvK,DRAW,8/8/5K2/R7/3n4/8/3r4/5k1B b - - 0 1
0,1,0,0,0,0,0,1,-1,1,0,1,1,1,0,0,0,0,0,16,0,0,5,2,1,7,1,3,5,20,26,0,0,0,0,0,0,0,0,7,1,1,0,0,0,0,2,0,0,1,KRBKRNvK,DRAW,8/1n6/8/8/3B4/3R4/2K4k/r7 b - - 0 1
0,1,0,0,0,0,0,1,-1,1,0,1,1,1,0,0,0,0,0,16,0,0,5,2,1,2,6,3,3,4,0,1,0,0,0,0,0,0,0,7,1,1,0,0,0,0,2,2,2,0,KRBKRNvK,DRAW,4r3/2k5/8/BR6/8/8/2K4n/8 b - - 0 1
0,1,0,0,0,0,0,1,-1,1,0,1,1,1,0,0,0,0,0,16,0,0,5,5,1,0,2,3,4,24,23,0,0,0,0,0,0,0,0,7,1,1,1,0,0,0,0,1,0,1,KRBKRNvK,DRAW,8/6R1/7B/8/8/k7/4nK2/2r5 b - - 0 1
1,1,0,0,0,0,0,1,-1,1,0,1,1,1,0,0,0,0,0,16,0,0,2,2,5,4,5,2,1,17,21,0,0,0,0,0,0,0,0,7,1,1,0,0,0,0,1,3,1,0,KRBKRNvK,DRAW,3B4/8/1RK1k3/8/8/5rn1/8/8 w - - 0 1
0,1,0,0,0,0,0,1,-1,1,0,1,1,1,0,0,0,0,0,16,0,0,3,6,4,3,6,2,2,22,32,0,0,0,0,0,0,0,0,7,1,1,0,0,0,0,1,3,0,0,KRBKRNvK,DRAW,7R/3k4/3r4/6K1/2n1B3/8/8/8 b - - 0 1
1,1,0,0,0,0,0,1,-1,1,0,1,1,1,0,0,0,0,0,16,0,0,3,6,7,6,4,5,2,28,21,0,0,0,0,0,0,0,0,7,1,1,1,0,0,0,0,0,1,0,KRBKRNvK,DRAW,6K1/1R6/8/6k1/6B1/8/8/n1r5 w - - 0 1
0,1,0,0,0,0,0,1,-1,1,0,1,1,1,0,0,0,0,0,16,0,0,4,4,4,0,4,0,3,3,0,1,0,0,0,0,0,0,0,7,1,1,0,0,0,0,4,2,1,0,KRBKRNvK,DRAW,3r4/8/8/k1R1K3/1n6/8/3B4/8 b - - 0 1
1,1,0,0,0,0,0,1,-1,1,0,1,1,1,0,0,0,0,0,16,0,0,5,7,2,4,7,4,3,30,13,0,0,0,0,0,0,0,0,7,1,1,1,0,0,0,1,0,1,0,KRBKRNvK,DRAW,1n2k3/6R1/2r5/2B5/8/7K/8/8 w - - 0 1
1,1,0,0,0,0,0,1,-1,1,0,1,1,1,0,0,0,0,0,16,0,0,4,4,4,0,0,0,6,20,18,0,0,0,0,0,0,0,0,7,1,1,0,0,0,0,4,0,0,0,KRBKRNvK,DRAW,5n2/2B5/r7/4K3/8/8/4R3/k7 w - - 0 1
0,1,0,0,0,0,0,1,-1,1,0,1,1,1,0,0,0,0,0,16,0,0,2,0,1,0,3,5,3,3,0,1,0,0,0,0,0,0,0,7,1,1,1,0,0,0,0,0,0,1,KRBKRNvK,LOSS,4B3/6R1/8/8/k7/1r6/K7/7n b - - 0 1
0,1,0,0,0,0,0,1,-1,1,0,1,1,1,0,0,0,0,0,16,0,0,4,6,5,6,1,3,4,4,0,1,0,0,0,0,0,0,0,7,1,1,0,0,0,0,2,0,1,0,KRBKRNvK,DRAW,1r6/8/6K1/n2B4/7R/8/6k1/8 b - - 0 1
0,1,0,0,0,0,0,1,-1,1,0,1,1,1,0,0,0,0,0,16,0,0,3,3,5,6,3,1,2,22,27,0,0,0,0,0,0,0,0,7,1,1,0,0,0,0,3,0,1,1,KRBKRNvK,DRAW,8/2r5/3K2B1/8/6k1/8/7n/4R3 b - - 0 1
1,1,0,0,0,0,0,1,-1,1,0,1,1,1,0,0,0,0,0,16,0,0,4,6,1,2,3,4,1,5,0,1,0,0,0,0,0,0,0,7,1,1,0,0,0,0,2,3,0,1,KRBKRNvK,DRAW,8/6B1/4n3/8/2k3r1/8/6K1/7R w - - 0 1
0,1,0,0,0,0,0,1,-1,1,0,1,1,1,0,0,0,0,0,16,0,0,4,3,3,5,7,0,4,22,24,0,0,0,0,0,0,0,0,7,1,1,0,0,0,0,3,1,0,2,KRBKRNvK,DRAW,5k2/8/4r3/4n3/3K4/8/3B3R/8 b - - 0 1
1,1,0,0,0,0,0,1,-1,1,0,1,1,1,0,0,0,0,0,16,0,0,7,7,0,0,3,6,3,26,22,0,0,0,0,0,0,0,0,7,1,1,1,0,0,0,1,0,0,1,KRBKRNvK,DRAW,8/1R6/8/4n3/k7/5r2/5B2/7K w - - 0 1
0,1,0,0,0,0,0,1,-1,1,0,1,1,1,0,0,0,0,0,16,0,0,5,6,5,1,2,3,3,4,0,1,0,0,0,0,0,0,0,7,1,1,0,0,0,0,1,0,1,2,KRBKRNvK,DRAW,8/4r3/4B1K1/8/4n3/1k6/8/1R6 b - - 0 1
0,1,0,0,0,0,0,1,-1,1,0,1,1,1,0,0,0,0,0,16,0,0,2,6,0,5,2,5,2,4,0,1,0,0,0,0,0,0,0,7,1,1,0,0,0,0,2,1,1,0,KRBKRNvK,DRAW,8/1r6/8/R7/7n/5k2/8/3B2K1 b - - 0 1
0,1,0,0,0,0,0,1,-1,1,0,1,1,1,0,0,0,0,0,16,0,0,4,5,4,1,1,1,4,19,27,0,0,0,0,0,0,0,0,7,1,1,0,0,0,0,2,0,1,0,KRBKRNvK,DRAW,n7/4B3/2r5/5K2/8/R7/1k6/8 b - - 0 1
1,1,0,0,0,0,0,1,-1,1,0,1,1,1,0,0,0,0,0,16,0,0,5,2,6,7,2,3,4,7,0,1,0,0,0,0,0,0,0,7,1,1,0,0,0,0,2,2,0,2,KRBKRNvK,DRAW,8/2K5/n7/r7/3B4/7k/8/3R4 w - - 0 1
1,1,0,0,0,0,0,1,-1,1,0,1,1,1,0,0,0,0,0,16,0,0,3,3,5,0,6,1,5,28,25,0,0,0,0,0,0,0,0,7,1,1,0,0,0,0,3,2,0,0,KRBKRNvK,DRAW,8/k7/3K4/6n1/7r/2R5/8/1B6 w - - 0 1
1,1,0,0,0,0,0,1,-1,1,0,1,1,1,0,0,0,0,0,16,0,0,7,0,2,7,5,4,4,24,22,0,0,0,0,0,0,0,0,7,1,1,0,1,0,0,3,0,0,0,KRBKRNvK,DRAW,3n4/8/7k/8/R7/K1B5/5r2/8 w - - 0 1
1,1,0,0,0,0,0,1,-1,1,0,1,1,1,0,0,0,0,0,16,0,0,4,5,0,1,4,4,2,5,0,1,0,0,0,0,0,0,0,7,1,1,1,0,0,0,2,0,0,1,KRBKRNvK,DRAW,8/4R3/8/1k6/8/8/3B4/1n1r1K2 w - - 0 1
0,1,0,0,0,0,0,1,-1,1,0,1,1,1,0,0,0,0,0,16,0,0,3,4,3,7,4,0,3,4,0,1,0,0,0,0,0,0,0,7,1,1,0,0,0,0,4,2,1,1,KRBKRNvK,DRAW,2r5/5B2/2n5/7k/4K3/8/4R3/8 b - - 0 1
0,1,0,0,0,0,0,1,-1,1,0,1,1,1,0,0,0,0,0,16,0,0,3,3,4,6,3,0,2,22,27,0,0,0,0,0,0,0,0,7,1,1,0,0,0,0,3,2,1,1,KRBKRNvK,DRAW,8/8/5R2/2BK4/6k1/4r3/6n1/8 b - - 0 1
0,1,0,0,0,0,0,1,-1,1,0,1,1,1,0,0,0,0,0,16,0,0,4,3,3,3,7,0,3,22,18,0,0,0,0,0,0,0,0,7,1,1,0,0,0,0,4,2,0,1,KRBKRNvK,DRAW,3k4/8/8/1r5n/3K4/8/7R/6B1 b - - 0 1
1,1,0,0,0,0,0,1,-1,1,0,1,1,1,0,0,0,0,0,16,0,0,7,7,6,0,7,5,6,24,20,0,0,0,0,0,0,0,0,7,1,1,0,0,0,0,2,0,0,1,KRBKRNvK,DRAW,k4r2/7K/8/8/8/8/1BR5/3n4 w - - 0 1
0,1,0,0,0,0,0,1,-1,1,0,1,1,1,0,0,0,0,0,16,0,0,5,7,3,2,4,3,1,5,0,1,0,0,0,0,0,0,0,7,1,1,0,0,0,0,2,2,0,1,KRBKRNvK,DRAW,1n6/6B1/6r1/2k5/7K/8/8/2R5 b - - 0 1
0,1,0,0,0,0,0,1,-1,1,0,1,1,1,0,0,0,0,0,16,0,0,5,7,2,2,0,4,4,23,24,0,0,0,0,0,0,0,0,7,1,1,0,0,0,0,2,2,0,0,KRBKRNvK,DRAW,8/8/8/R7/3r4/6BK/8/2k1n3 b - - 0 1
0,1,0,0,0,0,0,1,-1,1,0,1,1,1,0,0,0,0,0,16,0,0,5,6,0,1,2,5,3,3,0,1,0,0,0,0,0,0,0,7,1,1,0,0,0,0,2,0,2,0,KRBKRNvK,DRAW,5n2/8/8/8/B2R4/1kr5/8/6K1 b - - 0 1
0,1,0,0,0,0,0,1,-1,1,0,1,1,1,0,0,0,0,0,16,0,0,5,6,6,1,5,4,3,21,31,0,0,0,0,0,0,0,0,7,1,1,0,0,0,0,3,0,1,0,KRBKRNvK,DRAW,3R4/6K1/1k6/n7/8/6B1/8/1r6 b - - 0 1
0,1,0,0,0,0,0,1,-1,1,0,1,1,1,0,0,0,0,0,16,0,0,3,7,5,4,2,4,1,4,0,1,0,0,0,0,0,0,0,7,1,1,0,0,0,0,3,4,0,1,KRBKRNvK,DRAW,4R3/8/1B5K/5r2/1n6/4k3/8/8 b - - 0 1
1,1,0,0,0,0,0,1,-1,1,0,1,1,1,0,0,0,0,0,16,0,0,5,0,2,2,7,4,4,21,22,0,0,0,0,0,0,0,0,7,1,1,0,1,0,0,2,2,0,0,KRBKRNvK,DRAW,2k5/8/8/8/5R2/K5B1/3r4/3n4 w - - 0 1
1,1,0,0,0,0,0,1,-1,1,0,1,1,1,0,0,0,0,0,16,0,0,2,5,0,3,2,4,1,25,20,0,0,0,0,0,0,0,0,7,1,1,0,0,0,0,2,2,1,0,KRBKRNvK,DRAW,7r/8/8/8/nB4R1/3k4/8/5K2 w - - 0 1
1,1,0,0,0,0,0,1,-1,1,0,1,1,1,0,0,0,0,0,16,0,0,5,5,3,0,1,1,5,6,0,1,0,0,0,0,0,0,0,7,1,1,0,0,0,0,2,2,1,1,KRBKRNvK,DRAW,1R6/8/8/8/3r1K2/2n5/kB6/8 w - - 0 1
1,1,0,0,0,0,0,1,-1,1,0,1,1,1,0,0,0,0,0,16,0,0,2,2,5,0,3,2,3,4,0,1,0,0,0,0,0,0,0,7,1,1,0,0,0,0,2,1,1,1,KRBKRNvK,DRAW,8/4n3/2K5/8/k7/8/1R3B2/2r5 w - - 0 1
1,1,0,0,0,0,0,1,-1,1,0,1,1,1,0,0,0,0,0,16,0,0,5,6,6,5,1,4,3,25,28,0,0,0,0,0,0,0,0,7,1,1,0,0,0,0,2,1,0,0,KRBKRNvK,DRAW,4R3/6K1/1r6/4B3/8/4n3/5k2/8 w - - 0 1
1,1,0,0,0,0,0,1,-1,1,0,1,1,1,0,0,0,0,0,16,0,0,3,4,5,6,2,1,3,7,0,1,0,0,0,0,0,0,0,7,1,1,0,0,0,0,2,1,1,1,KRBKRNvK,DRAW,8/8/1R2K3/6n1/8/6kr/4B3/8 w - - 0 1
1,1,0,0,0,0,0,1,-1,1,0,1,1,1,0,0,0,0,0,16,0,0,3,5,2,2,3,2,1,20,24,0,0,0,0,0,0,0,0,7,1,1,0,0,0,0,2,3,1,1,KRBKRNvK,DRAW,8/8/8/3r4/2k5/4RK2/2n3B1/8 w - - 0 1
0,1,0,0,0,0,0,1,-1,1,0,1,1,1,0,0,0,0,0,16,0,0,2,2,6,0,5,3,4,15,24,0,0,0,0,0,0,0,0,7,1,1,0,0,0,0,2,0,0,1,KRBKRNvK,DRAW,r7/2K5/k6B/8/8/8/1n6/4R3 b - - 0 1
0,1,0,0,0,0,0,1,-1,1,0,1,1,1,0,0,0,0,0,16,0,0,3,4,2,7,5,1,4,27,27,0,0,0,0,0,0,0,0,7,1,1,0,0,0,0,3,3,0,1,KRBKRNvK,DRAW,3R4/8/7k/1B6/r7/4Kn2/8/8 b - - 0 1
0,1,0,0,0,0,0,1,-1,1,0,1,1,1,0,0,0,0,0,16,0,0,4,5,4,2,0,1,4,23,22,0,0,0,0,0,0,0,0,7,1,1,0,1,0,0,3,2,0,0,KRBKRNvK,DRAW,8/8/R7/n4K2/8/8/4r3/2k4B b - - 0 1
1,1,0,0,0,0,0,1,-1,1,0,1,1,1,0,0,0,0,0,16,0,0,3,5,1,5,4,3,1,27,25,0,0,0,0,0,0,0,0,7,1,1,0,0,0,0,2,4,1,1,KRBKRNvK,DRAW,8/8/8/5kB1/R7/2n5/5K2/3r4 w - - 0 1
0,1,0,0,0,0,0,1,-1,1,0,1,1,1,0,0,0,0,0,16,0,0,2,2,1,3,3,3,0,5,0,1,0,0,0,0,0,0,0,7,1,1,1,0,0,0,2,3,0,2,KRBKRNvK,LOSS,2B5/3R4/8/8/3k4/1r6/2K5/1n6 b - - 0 1
1,1,0,0,0,0,0,1,-1,1,0,1,1,1,0,0,0,0,0,16,0,0,6,0,3,6,1,3,4,24,23,0,0,0,0,0,0,0,0,7,1,1,0,0,0,0,2,0,0,1,KRBKRNvK,DRAW,6r1/8/n7/7B/KR6/8/6k1/8 w - - 0 1
1,1,0,0,0,0,0,1,-1,1,0,1,1,1,0,0,0,0,0,16,0,0,5,3,1,4,6,2,2,23,24,0,0,0,0,0,0,0,0,7,1,1,0,0,0,0,1,0,0,0,KRBKRNvK,DRAW,1B6/4k3/6r1/8/7n/8/2RK4/8 w - - 0 1
1,1,0,0,0,0,0,1,-1,1,0,1,1,1,0,0,0,0,0,16,0,0,6,0,7,3,1,6,2,4,0,1,0,0,0,0,0,0,0,7,1,1,0,0,0,0,0,1,1,0,KRBKRNvK,DRAW,K5r1/8/8/8/7B/4n3/3k4/1R6 w - - 0 1
1,1,0,0,0,0,0,1,-1,1,0,1,1,1,0,0,0,0,0,16,0,0,3,7,1,7,4,5,3,22,22,0,0,0,0,0,0,0,0,7,1,1,0,0,0,0,0,3,1,0,KRBKRNvK,DRAW,8/5n2/7B/7k/8/8/6RK/3r4 w - - 0 1
1,1,0,0,0,0,0,1,-1,1,0,1,1,1,0,0,0,0,0,16,0,0,4,5,2,5,6,2,3,29,19,0,0,0,0,0,0,0,0,7,1,1,0,0,0,0,2,0,0,0,KRBKRNvK,DRAW,r5n1/5k2/1R6/8/8/5K2/7B/8 w - - 0 1
0,1,0,0,0,0,0,1,-1,1,0,1,1,1,0,0,0,0,0,16,0,0,4,7,2,3,5,4,1,6,0,1,0,0,0,0,0,0,0,7,1,1,0,0,0,0,2,4,1,1,KRBKRNvK,DRAW,8/1n6/3k4/1R6/5r2/B6K/8/8 b - - 0 1
0,1,0,0,0,0,0,1,-1,1,0,1,1,1,0,0,0,0,0,16,0,0,6,2,0,7,6,4,5,22,23,0,0,0,0,0,0,0,0,7,1,1,0,1,0,0,2,0,0,0,KRBKRNvK,DRAW,8/n6k/8/R7/1B6/8/5r2/2K5 b - - 0 1
1,1,0,0,0,0,0,1,-1,1,0,1,1,1,0,0,0,0,0,16,0,0,3,5,4,2,4,1,1,5,0,1,0,0,0,0,0,0,0,7,1,1,0,0,0,0,2,4,1,2,KRBKRNvK,DRAW,1B6/6n1/8/2k2K2/8/R3r3/8/8 w - - 0 1
1,1,0,0,0,0,0,1,-1,1,0,1,1,1,0,0,0,0,0,16,0,0,6,0,0,6,2,6,3,22,21,0,0,0,0,0,0,0,0,7,1,1,0,0,0,0,2,2,1,0,KRBKRNvK,DRAW,8/8/8/R7/8/4r1k1/8/K2n1B2 w - - 0 1
1,1,0,0,0,0,0,1,-1,1,0,1,1,1,0,0,0,0,0,16,0,0,6,0,6,6,1,5,4,5,0,1,0,0,0,0,0,0,0,7,1,1,0,0,0,0,2,1,1,0,KRBKRNvK,DRAW,8/K5r1/8/8/3R4/8/4Bnk1/8 w - - 0 1
0,1,0,0,0,0,0,1,-1,1,0,1,1,1,0,0,0,0,0,16,0,0,2,5,2,3,3,2,0,17,26,0,0,0,0,0,0,0,0,7,1,1,0,0,0,0,2,3,1,0,KRBKRNvK,DRAW,8/6n1/6r1/8/3kB3/5K2/8/2R5 b - - 0 1
0,1,0,0,0,0,0,1,-1,1,0,1,1,1,0,0,0,0,0,16,0,0,4,6,0,2,1,5,3,22,21,0,0,0,0,0,0,0,0,7,1,1,0,0,0,0,2,1,0,0,KRBKRNvK,DRAW,3R4/8/1B6/8/2rn4/8/2k5/6K1 b - - 0 1
0,1,0,0,0,0,0,1,-1,1,0,1,1,1,0,0,0,0,0,16,0,0,7,0,4,7,1,3,5,18,27,0,0,0,0,0,0,0,0,7,1,1,0,0,0,0,2,0,1,0,KRBKRNvK,DRAW,n6r/8/6B1/K7/5R2/8/7k/8 b - - 0 1
1,1,0,0,0,0,0,1,-1,1,0,1,1,1,0,0,0,0,0,16,0,0,7,0,3,7,1,3,5,22,21,0,0,0,0,0,0,0,0,7,1,1,0,0,0,0,0,2,0,0,KRBKRNvK,WIN,8/8/3r4/B7/K6n/2R5/7k/8 w - - 0 1
0,1,0,0,0,0,0,1,-1,1,0,1,1,1,0,0,0,0,0,16,0,0,2,4,3,6,4,0,2,2,0,1,0,0,0,0,0,0,0,7,1,1,0,0,0,0,3,1,0,1,KRBKRNvK,DRAW,3B3R/8/8/6k1/4K3/r7/4n3/8 b - - 0 1
1,1,0,0,0,0,0,1,-1,1,0,1,1,1,0,0,0,0,0,16,0,0,7,3,0,0,7,3,6,25,17,0,0,0,0,0,0,0,0,7,1,1,1,0,0,0,0,0,0,1,KRBKRNvK,DRAW,k2B4/7R/r7/8/8/8/8/1n1K4 w - - 0 1
1,1,0,0,0,0,0,1,-1,1,0,1,1,1,0,0,0,0,0,16,0,0,2,2,2,3,0,2,3,22,20,0,0,0,0,0,0,0,0,7,1,1,0,0,0,0,2,1,0,1,KRBKRNvK,DRAW,3B4/8/4r3/4n3/2R5/2K5/8/3k4 w - - 0 1
0,1,0,0,0,0,0,1,-1,1,0,1,1,1,0,0,0,0,0,16,0,0,5,7,1,2,0,5,4,24,21,0,0,0,0,0,0,0,0,7,1,1,0,0,0,0,0,2,0,0,KRBKRNvK,DRAW,2B3R1/8/3r4/8/8/8/4n2K/2k5 b - - 0 1
0,1,0,0,0,0,0,1,-1,1,0,1,1,1,0,0,0,0,0,16,0,0,7,4,7,0,0,3,6,17,29,0,0,0,0,0,0,0,0,7,1,1,1,0,0,0,2,0,0,0,KRBKRNvK,DRAW,n3K3/3R4/8/8/8/4B3/8/kr6 b - - 0 1
0,1,0,0,0,0,0,1,-1,1,0,1,1,1,0,0,0,0,0,16,0,0,5,6,6,6,1,4,4,4,0,1,0,0,0,0,0,0,0,7,1,1,0,1,0,0,2,1,1,0,KRBKRNvK,DRAW,8/6K1/8/3B4/1n6/8/1r2R1k1/8 b - - 0 1
0,1,0,0,0,0,0,1,-1,1,0,1,1,1,0,0,0,0,0,16,0,0,4,3,0,6,4,3,2,4,0,1,0,0,0,0,0,0,0,7,1,1,0,0,0,0,0,0,1,0,KRBKRNvK,DRAW,7R/8/5r2/n5k1/7B/8/8/3K4 b - - 0 1
1,1,0,0,0,0,0,1,-1,1,0,1,1,1,0,0,0,0,0,16,0,0,2,4,6,2,4,2,1,22,18,0,0,0,0,0,0,0,0,7,1,1,1,0,0,0,1,2,0,0,KRBKRNvK,DRAW,8/4KR2/6Bn/1rk5/8/8/8/8 w - - 0 1
0,1,0,0,0,0,0,1,-1,1,0,1,1,1,0,0,0,0,0,16,0,0,4,3,6,7,7,2,6,24,19,0,0,0,0,0,0,0,0,7,1,1,0,0,0,0,3,3,0,2,KRBKRNvK,DRAW,4r2k/3K4/2n5/3R4/8/8/B7/8 b - - 0 1
1,1,0,0,0,0,0,1,-1,1,0,1,1,1,0,0,0,0,0,16,0,0,2,1,0,0,2,5,4,20,25,0,0,0,0,0,0,0,0,7,1,1,0,0,0,0,2,0,0,0,KRBKRNvK,DRAW,8/8/6r1/8/3n4/k7/8/1K3R1B w - - 0 1
1,1,0,0,0,0,0,1,-1,1,0,1,1,1,0,0,0,0,0,16,0,0,2,5,1,3,3,3,0,32,17,0,0,0,0,0,0,0,0,7,1,1,0,0,0,0,2,3,1,0,KRBKRNvK,DRAW,4R3/8/8/5B2/rn1k4/8/5K2/8 w - - 0 1
0,1,0,0,0,0,0,1,-1,1,0,1,1,1,0,0,0,0,0,16,0,0,6,4,6,2,0,2,4,2,0,1,0,0,0,0,0,0,0,7,1,1,0,0,0,0,0,0,1,1,KRBKRNvK,LOSS,8/4K3/5r2/6B1/8/8/8/R1kn4 b - - 0 1
1,1,0,0,0,0,0,1,-1,1,0,1,1,1,0,0,0,0,0,16,0,0,5,0,2,5,6,4,3,28,23,0,0,0,0,0,0,0,0,7,1,1,0,0,0,0,1,0,0,0,KRBKRNvK,DRAW,8/5k2/5r2/3n4/8/K3B3/8/6R1 w - - 0 1
1,1,0,0,0,0,0,1,-1,1,0,1,1,1,0,0,0,0,0,16,0,0,2,4,4,6,3,0,2,2,0,1,0,0,0,0,0,0,0,7,1,1,0,0,0,0,3,2,0,2,KRBKRNvK,DRAW,8/8/2R5/4Krn1/6k1/8/8/6B1 w - - 0 1
0,1,0,0,0,0,0,1,-1,1,0,1,1,1,0,0,0,0,0,16,0,0,4,2,5,0,1,2,5,20,26,0,0,0,0,0,0,0,0,7,1,1,0,0,0,0,3,0,0,0,KRBKRNvK,DRAW,8/8/2K5/B7/7R/1r6/k7/2n5 b - - 0 1
1,1,0,0,0,0,0,1,-1,1,0,1,1,1,0,0,0,0,0,16,0,0,3,2,4,3,1,1,2,20,18,0,0,0,0,0,0,0,0,7,1,1,0,0,0,0,2,2,1,0,KRBKRNvK,DRAW,3rn3/8/8/R1K5/8/8/3k4/3B4 w - - 0 1
0,1,0,0,0,0,0,1,-1,1,0,1,1,1,0,0,0,0,0,16,0,0,5,5,6,6,1,3,4,21,25,0,0,0,0,0,0,0,0,7,1,1,0,1,0,0,1,0,0,1,KRBKRNvK,DRAW,3R4/5K1n/3B4/8/8/8/r5k1/8 b - - 0 1
1,1,0,0,0,0,0,1,-1,1,0,1,1,1,0,0,0,0,0,16,0,0,3,3,2,6,0,1,5,27,21,0,0,0,0,0,0,0,0,7,1,1,0,0,0,0,3,0,0,1,KRBKRNvK,DRAW,8/8/8/n7/4R3/B2K4/8/1r4k1 w - - 0 1
1,1,0,0,0,0,0,1,-1,1,0,1,1,1,0,0,0,0,0,16,0,0,3,3,6,0,3,2,3,5,0,1,0,0,0,0,0,0,0,7,1,1,0,0,0,0,0,1,0,1,KRBKRNvK,WIN,4B3/1r1K4/8/8/k7/4n2R/8/8 w - - 0 1
0,1,0,0,0,0,0,1,-1,1,0,1,1,1,0,0,0,0,0,16,0,0,2,2,0,1,2,4,3,4,0,1,0,0,0,0,0,0,0,7,1,1,0,0,0,0,0,0,2,0,KRBKRNvK,DRAW,4n3/8/5r2/8/8/1k6/3B4/1RK5 b - - 0 1
1,1,0,0,0,0,0,1,-1,1,0,1,1,1,0,0,0,0,0,16,0,0,2,1,6,0,4,4,3,25,16,0,0,0,0,0,0,0,0,7,1,1,1,0,0,0,2,0,0,0,KRBKRNvK,DRAW,8/1K2R3/8/k7/8/7n/8/3B2r1 w - - 0 1
0,1,0,0,0,0,0,1,-1,1,0,1,1,1,0,0,0,0,0,16,0,0,2,2,1,4,0,3,3,2,0,1,0,0,0,0,0,0,0,7,1,1,0,0,0,0,2,2,0,0,KRBKRNvK,DRAW,3R4/8/8/5r2/5n1B/8/2K5/4k3 b - - 0 1
0,1,0,0,0,0,0,1,-1,1,0,1,1,1,0,0,0,0,0,16,0,0,3,4,5,5,2,1,2,23,25,0,0,0,0,0,0,0,0,7,1,1,0,0,0,0,2,1,1,0,KRBKRNvK,DRAW,8/8/4K3/R7/7n/5k1B/8/6r1 b - - 0 1
0,1,0,0,0,0,0,1,-1,1,0,1,1,1,0,0,0,0,0,16,0,0,5,2,3,7,5,1,4,20,17,0,0,0,0,0,0,0,0,7,1,1,0,0,0,0,3,2,1,1,KRBKRNvK,DRAW,B7/6n1/7k/3r4/2K3R1/8/8/8 b - - 0 1
1,1,0,0,0,0,0,1,-1,1,0,1,1,1,0,0,0,0,0,16,0,0,4,1,4,5,1,2,3,6,0,1,0,0,0,0,0,0,0,7,1,1,0,0,0,0,1,2,0,0,KRBKRNvK,DRAW,n5B1/8/8/1K2r3/8/1R6/5k2/8 w - - 0 1
0,1,0,0,0,0,0,1,-1,1,0,1,1,1,0,0,0,0,0,16,0,0,5,7,3,2,5,3,2,27,23,0,0,0,0,0,0,0,0,7,1,1,0,1,0,0,1,2,1,0,KRBKRNvK,DRAW,8/8/2knB3/8/7K/7R/r7/8 b - - 0 1
1,1,0,0,0,0,0,1,-1,1,0,1,1,1,0,0,0,0,0,16,0,0,6,1,5,7,7,3,6,28,21,0,0,0,0,0,0,0,0,7,1,1,0,0,0,0,1,1,0,0,KRBKRNvK,DRAW,7k/7r/1K6/8/6n1/4B3/8/5R2 w - - 0 1
1,1,0,0,0,0,0,1,-1,1,0,1,1,1,0,0,0,0,0,16,0,0,5,6,2,1,3,3,2,6,0,1,0,0,0,0,0,0,0,7,1,1,0,0,0,0,1,0,2,0,KRBKRNvK,LOSS,8/6r1/8/8/1k6/1BR3K1/8/n7 w - - 0 1
1,1,0,0,0,0,0,1,-1,1,0,1,1,1,0,0,0,0,0,16,0,0,6,1,6,0,0,4,6,29,17,0,0,0,0,0,0,0,0,7,1,1,0,0,0,0,0,2,1,0,KRBKRNvK,DRAW,8/1K6/7B/8/7r/8/2R5/k3n3 w - - 0 1
0,1,0,0,0,0,0,1,-1,1,0,1,1,1,0,0,0,0,0,16,0,0,3,7,5,4,3,4,0,24,22,0,0,0,0,0,0,0,0,7,1,1,0,0,0,0,0,4,0,0,KRBKRNvK,DRAW,8/2r5/7K/8/4k3/R7/5n2/4B3 b - - 0 1
1,1,0,0,0,0,0,1,-1,1,0,1,1,1,0,0,0,0,0,16,0,0,3,3,3,4,0,0,3,21,18,0,0,0,0,0,0,0,0,7,1,1,0,0,0,0,4,2,1,0,KRBKRNvK,DRAW,4r2n/8/8/3R4/3K4/8/8/2B1k3 w - - 0 1
0,1,0,0,0,0,0,1,-1,1,0,1,1,1,0,0,0,0,0,16,0,0,2,2,2,3,4,2,0,4,0,1,0,0,0,0,0,0,0,7,1,1,0,0,0,0,3,3,1,1,KRBKRNvK,DRAW,8/8/6r1/3k4/2nR4/2K5/8/6B1 b - - 0 1
1,1,0,0,0,0,0,1,-1,1,0,1,1,1,0,0,0,0,0,16,0,0,5,2,5,7,5,2,4,23,21,0,0,0,0,0,0,0,0,7,1,1,0,0,0,0,3,0,0,0,KRBKRNvK,DRAW,8/5r2/2K4k/8/1BR5/8/8/7n w - - 0 1
0,1,0,0,0,0,0,1,-1,1,0,1,1,1,0,0,0,0,0,16,0,0,3,1,3,4,3,2,0,3,0,1,0,0,0,0,0,0,0,7,1,1,0,0,0,0,2,3,0,0,KRBKRNvK,DRAW,8/1B6/8/5n2/1K2k3/1R6/8/6r1 b - - 0 1
0,1,0,0,0,0,0,1,-1,1,0,1,1,1,0,0,0,0,0,16,0,0,3,7,2,7,5,4,4,24,22,0,0,0,0,0,0,0,0,7,1,1,0,0,0,0,3,3,0,0,KRBKRNvK,DRAW,8/8/3n3k/3r4/8/7K/8/4R2B b - - 0 1
0,1,0,0,0,0,0,1,-1,1,0,1,1,1,0,0,0,0,0,16,0,0,4,6,4,2,7,2,4,16,30,0,0,0,0,0,0,0,0,7,1,1,1,0,0,0,2,0,1,0,KRBKRNvK,DRAW,2k2r2/7R/2B5/6K1/8/8/n7/8 b - - 0 1
0,1,0,0,0,0,0,1,-1,1,0,1,1,1,0,0,0,0,0,16,0,0,3,4,1,3,4,2,0,26,23,0,0,0,0,0,0,0,0,7,1,1,0,0,0,0,0,3,1,1,KRBKRNvK,DRAW,8/3n4/8/3k4/1B6/6r1/4K3/1R6 b - - 0 1
1,1,0,0,0,0,0,1,-1,1,0,1,1,1,0,0,0,0,0,16,0,0,7,3,7,3,0,3,3,24,21,0,0,0,0,0,0,0,0,7,1,1,0,0,0,0,3,1,1,0,KRBKRNvK,DRAW,3K4/8/8/1n6/8/2r5/4R3/3k2B1 w - - 0 1
1,1,0,0,0,0,0,1,-1,1,0,1,1,1,0,0,0,0,0,16,0,0,7,0,0,7,5,6,4,22,13,0,0,0,0,0,0,0,0,7,1,1,0,0,0,0,3,1,0,0,KRBKRNvK,DRAW,8/8/7k/3R4/8/1B4nr/8/K7 w - - 0 1
1,1,0,0,0,0,0,1,-1,1,0,1,1,1,0,0,0,0,0,16,0,0,7,7,2,0,6,4,5,3,0,1,0,0,0,0,0,0,0,7,1,1,0,0,0,0,3,2,0,1,KRBKRNvK,DRAW,8/k7/2n5/6R1/8/7K/8/1B5r w - - 0 1
0,1,0,0,0,0,0,1,-1,1,0,1,1,1,0,0,0,0,0,16,0,0,2,3,5,1,5,1,3,19,24,0,0,0,0,0,0,0,0,7,1,1,0,0,0,0,3,0,2,1,KRBKRNvK,DRAW,5n2/r7/1kBK4/2R5/8/8/8/8 b - - 0 1
0,1,0,0,0,0,0,1,-1,1,0,1,1,1,0,0,0,0,0,16,0,0,3,4,3,2,6,0,3,20,22,0,0,0,0,0,0,0,0,7,1,1,0,0,0,0,4,1,0,2,KRBKRNvK,DRAW,8/2k5/8/6B1/3RK1n1/6r1/8/8 b - - 0 1
1,1,0,0,0,0,0,1,-1,1,0,1,1,1,0,0,0,0,0,16,0,0,5,6,2,1,3,3,2,29,21,0,0,0,0,0,0,0,0,7,1,1,0,0,0,0,2,2,1,0,KRBKRNvK,DRAW,2r5/8/8/R7/1k6/2n3K1/8/5B2 w - - 0 1
0,1,0,0,0,0,0,1,-1,1,0,1,1,1,0,0,0,0,0,16,0,0,6,4,0,0,6,3,5,24,23,0,0,0,0,0,0,0,0,7,1,1,0,0,0,0,3,1,0,1,KRBKRNvK,DRAW,8/k7/1n6/5R2/8/2r5/8/1B2K3 b - - 0 1
1,1,0,0,0,0,0,1,-1,1,0,1,1,1,0,0,0,0,0,16,0,0,4,5,5,6,1,2,4,29,17,0,0,0,0,0,0,0,0,7,1,1,0,1,0,0,1,2,0,0,KRBKRNvK,DRAW,1B6/8/5K2/8/8/R7/3r2k1/7n w - - 0 1
0,1,0,0,0,0,0,1,-1,1,0,1,1,1,0,0,0,0,0,16,0,0,4,3,0,6,4,3,2,27,24,0,0,0,0,0,0,0,0,7,1,1,0,0,0,0,3,1,0,0,KRBKRNvK,DRAW,4R3/8/2r5/6k1/6n1/8/B7/3K4 b - - 0 1
1,1,0,0,0,0,0,1,-1,1,0,1,1,1,0,0,0,0,0,16,0,0,5,7,1,7,6,5,5,30,22,0,0,0,0,0,0,0,0,7,1,1,0,0,0,0,1,2,0,0,KRBKRNvK,DRAW,4n3/7k/4B3/r7/8/8/7K/5R2 w - - 0 1
0,1,0,0,0,0,0,1,-1,1,0,1,1,1,0,0,0,0,0,16,0,0,7,1,0,1,7,5,5,2,0,1,0,0,0,0,0,0,0,7,1,1,0,0,0,0,3,2,2,0,KRBKRNvK,DRAW,1k1R4/4r3/n1B5/8/8/8/8/1K6 b - - 0 1
1,1,0,0,0,0,0,1,-1,1,0,1,1,1,0,0,0,0,0,16,0,0,6,7,6,1,5,5,3,20,23,0,0,0,0,0,0,0,0,7,1,1,0,0,0,0,0,2,1,0,KRBKRNvK,DRAW,7R/7K/1k6/1B6/5r2/8/n7/8 w - - 0 1
0,1,0,0,0,0,0,1,-1,1,0,1,1,1,0,0,0,0,0,16,0,0,2,3,5,1,7,1,5,2,0,1,0,0,0,0,0,0,0,7,1,1,0,0,0,0,3,2,0,0,KRBKRNvK,LOSS,1k4R1/8/3K4/8/8/1r3n2/2B5/8 b - - 0 1
0,1,0,0,0,0,0,1,-1,1,0,1,1,1,0,0,0,0,0,16,0,0,4,6,7,5,3,5,1,22,16,0,0,0,0,0,0,0,0,7,1,1,0,0,0,0,0,3,0,0,KRBKRNvK,DRAW,6K1/8/8/4n3/2r2k2/8/8/5BR1 b - - 0 1
1,1,0,0,0,0,0,1,-1,1,0,1,1,1,0,0,0,0,0,16,0,0,2,0,5,2,6,4,3,4,0,1,0,0,0,0,0,0,0,7,1,1,1,0,0,0,2,1,0,0,KRBKRNvK,DRAW,8/2k2n1R/K5r1/8/8/8/8/B7 w - - 0 1
1,1,0,0,0,0,0,1,-1,1,0,1,1,1,0,0,0,0,0,16,0,0,3,3,5,0,3,1,3,20,18,0,0,0,0,0,0,0,0,7,1,1,0,0,0,0,2,2,1,0,KRBKRNvK,DRAW,8/8/3K4/8/kB6/4r3/7n/1R6 w - - 0 1
1,1,0,0,0,0,0,1,-1,1,0,1,1,1,0,0,0,0,0,16,0,0,7,2,7,4,0,4,3,6,0,1,0,0,0,0,0,0,0,7,1,1,0,0,0,0,1,1,0,0,KRBKRNvK,DRAW,2K2R2/8/8/8/3B4/8/4n3/2r1k3 w - - 0 1
0,1,0,0,0,0,0,1,-1,1,0,1,1,1,0,0,0,0,0,16,0,0,6,3,6,7,0,2,6,20,27,0,0,0,0,0,0,0,0,7,1,1,0,1,0,0,0,0,0,0,KRBKRNvK,DRAW,1R6/3K4/8/8/1B6/8/6r1/2n4k b - - 0 1
1,1,0,0,0,0,0,1,-1,1,0,1,1,1,0,0,0,0,0,16,0,0,5,0,5,5,4,4,1,21,26,0,0,0,0,0,0,0,0,7,1,1,0,0,0,0,1,4,0,0,KRBKRNvK,DRAW,8/3n4/K7/5k2/8/3r4/5B1R/8 w - - 0 1
1,1,0,0,0,0,0,1,-1,1,0,1,1,1,0,0,0,0,0,16,0,0,2,4,2,5,4,1,1,26,20,0,0,0,0,0,0,0,0,7,1,1,0,0,0,0,3,2,0,0,KRBKRNvK,DRAW,1r4B1/8/8/5k2/8/4K3/2R5/7n w - - 0 1
1,1,0,0,0,0,0,1,-1,1,0,1,1,1,0,0,0,0,0,16,0,0,7,0,5,7,0,4,6,26,20,0,0,0,0,0,0,0,0,7,1,1,0,0,0,0,3,0,0,0,KRBKRNvK,DRAW,8/2B5/K7/8/2R5/5r2/8/3n3k w - - 0 1
0,1,0,0,0,0,0,1,-1,1,0,1,1,1,0,0,0,0,0,16,0,0,2,2,4,0,2,1,4,23,20,0,0,0,0,0,0,0,0,7,1,1,1,0,0,0,2,1,0,0,KRBKRNvK,DRAW,4B3/2R5/5r2/2K3n1/8/k7/8/8 b - - 0 1
1,1,0,0,0,0,0,1,-1,1,0,1,1,1,0,0,0,0,0,16,0,0,2,3,6,1,7,2,5,21,18,0,0,0,0,0,0,0,0,7,1,1,0,1,0,0,0,1,1,0,KRBKRNvK,DRAW,1kB5/3K4/6R1/8/8/8/2r1n3/8 w - - 0 1
0,1,0,0,0,0,0,1,-1,1,0,1,1,1,0,0,0,0,0,16,0,0,3,0,5,3,5,4,1,19,21,0,0,0,0,0,0,0,0,7,1,1,0,0,0,0,0,2,0,0,KRBKRNvK,DRAW,8/8/K2k2nR/8/8/8/3B4/6r1 b - - 0 1
1,1,0,0,0,0,0,1,-1,1,0,1,1,1,0,0,0,0,0,16,0,0,3,7,2,4,5,4,1,25,25,0,0,0,0,0,0,0,0,7,1,1,1,1,0,0,1,4,0,0,KRBKRNvK,DRAW,8/7R/4k3/8/8/2n4K/3r1B2/8 w - - 0 1
0,1,0,0,0,0,0,1,-1,1,0,1,1,1,0,0,0,0,0,16,0,0,5,5,7,0,4,4,3,3,0,1,0,0,0,0,0,0,0,7,1,1,0,0,0,0,2,3,0,1,KRBKRNvK,DRAW,B4K2/8/4r3/k7/1n6/8/8/R7 b - - 0 1
0,1,0,0,0,0,0,1,-1,1,0,1,1,1,0,0,0,0,0,16,0,0,2,4,3,2,1,0,3,13,20,0,0,0,0,0,0,0,0,7,1,1,0,1,0,0,4,1,0,0,KRBKRNvK,DRAW,8/8/2B1R3/8/4K3/1n6/1rk5/8 b - - 0 1
0,1,0,0,0,0,0,1,-1,1,0,1,1,1,0,0,0,0,0,16,0,0,6,4,6,1,0,2,5,22,23,0,0,0,0,0,0,0,0,7,1,1,0,0,0,0,2,2,0,1,KRBKRNvK,DRAW,8/4K3/8/3r4/8/1n6/4R3/1k2B3 b - - 0 1
1,1,0,0,0,0,0,1,-1,1,0,1,1,1,0,0,0,0,0,16,0,0,2,6,0,4,2,5,1,25,20,0,0,0,0,0,0,0,0,7,1,1,0,0,0,0,3,2,0,0,KRBKRNvK,DRAW,8/1n5r/3R4/8/8/4k3/1B6/6K1 w - - 0 1
1,1,0,0,0,0,0,1,-1,1,0,1,1,1,0,0,0,0,0,16,0,0,7,4,7,6,0,3,5,16,19,0,0,0,0,0,0,0,0,7,1,1,0,0,0,0,0,2,1,0,KRBKRNvK,DRAW,4K2R/8/8/8/8/n6B/8/3r2k1 w - - 0 1
1,1,0,0,0,0,0,1,-1,1,0,1,1,1,0,0,0,0,0,16,0,0,4,1,2,5,5,3,2,28,18,0,0,0,0,0,0,0,0,7,1,1,0,0,0,0,3,3,0,0,KRBKRNvK,DRAW,3n4/8/5k2/8/5r2/1K3B2/4R3/8 w - - 0 1
1,1,0,0,0,0,0,1,-1,1,0,1,1,1,0,0,0,0,0,16,0,0,3,4,3,1,3,0,2,23,24,0,0,0,0,0,0,0,0,7,1,1,0,0,0,0,4,0,0,0,KRBKRNvK,DRAW,8/8/8/6B1/1k2K3/n6r/4R3/8 w - - 0 1
1,1,0,0,0,0,0,1,-1,1,0,1,1,1,0,0,0,0,0,16,0,0,2,5,1,3,0,3,3,3,0,1,0,0,0,0,0,0,0,7,1,1,0,1,0,0,2,2,0,1,KRBKRNvK,DRAW,8/8/8/3R3n/3B4/8/4rK2/3k4 w - - 0 1
0,1,0,0,0,0,0,1,-1,1,0,1,1,1,0,0,0,0,0,16,0,0,5,6,1,1,5,4,3,27,14,0,0,0,0,0,0,0,0,7,1,1,0,0,0,0,2,1,0,0,KRBKRNvK,DRAW,8/8/1k3r2/2n3R1/8/8/6K1/7B b - - 0 1
0,1,0,0,0,0,0,1,-1,1,0,1,1,1,0,0,0,0,0,16,0,0,4,4,2,0,5,1,4,24,28,0,0,0,0,0,0,0,0,7,1,1,0,0,0,0,2,2,0,0,KRBKRNvK,DRAW,3r4/2n1B3/k7/8/8/4K3/7R/8 b - - 0 1
0,1,0,0,0,0,0,1,-1,1,0,1,1,1,0,0,0,0,0,16,0,0,3,0,0,0,3,6,3,24,20,0,0,0,0,0,0,0,0,7,1,1,0,1,0,0,1,0,0,1,KRBKRNvK,DRAW,8/4B3/8/8/k3n3/4R3/2r5/K7 b - - 0 1
0,1,0,0,0,0,0,1,-1,1,0,1,1,1,0,0,0,0,0,16,0,0,5,4,1,5,6,2,3,29,25,0,0,0,0,0,0,0,0,7,1,1,0,0,0,0,3,3,0,2,KRBKRNvK,DRAW,8/5k2/2B5/1R6/8/5n2/4K3/3r4 b - - 0 1
0,1,0,0,0,0,0,1,-1,1,0,1,1,1,0,0,0,0,0,16,0,0,5,7,7,2,3,6,1,22,23,0,0,0,0,0,0,0,0,7,1,1,0,0,0,0,0,4,0,0,KRBKRNvK,DRAW,5B1K/8/8/8/2k5/n3r3/8/5R2 b - - 0 1
0,1,0,0,0,0,0,1,-1,1,0,1,1,1,0,0,0,0,0,16,0,0,5,6,2,7,7,3,6,21,23,0,0,0,0,0,0,0,0,7,1,1,0,0,0,0,2,2,0,1,KRBKRNvK,DRAW,2n4k/8/R1B5/8/5r2/6K1/8/8 b - - 0 1
0,1,0,0,0,0,0,1,-1,1,0,1,1,1,0,0,0,0,0,16,0,0,5,4,0,7,5,3,4,19,23,0,0,0,0,0,0,0,0,7,1,1,0,0,0,0,3,0,0,0,KRBKRNvK,DRAW,8/n4r2/7k/4R3/8/8/8/4K1B1 b - - 0 1
1,1,0,0,0,0,0,1,-1,1,0,1,1,1,0,0,0,0,0,16,0,0,3,5,7,2,6,4,3,24,25,0,0,0,0,0,0,0,0,7,1,1,0,0,0,0,0,2,1,1,KRBKRNvK,DRAW,5K2/2k5/B3r3/2n5/8/8/1R6/8 w - - 0 1
1,1,0,0,0,0,0,1,-1,1,0,1,1,1,0,0,0,0,0,16,0,0,5,0,6,3,1,5,2,4,0,1,0,0,0,0,0,0,0,7,1,1,0,0,0,0,1,0,0,1,KRBKRNvK,DRAW,2n5/K7/3B1R2/8/8/8/3k4/7r w - - 0 1
1,1,0,0,0,0,0,1,-1,1,0,1,1,1,0,0,0,0,0,16,0,0,4,7,5,3,3,4,0,15,23,0,0,0,0,0,0,0,0,7,1,1,0,0,0,0,0,3,0,1,KRBKRNvK,WIN,6r1/8/7K/8/3k2BR/8/8/5n2 w - - 0 1
0,1,0,0,0,0,0,1,-1,1,0,1,1,1,0,0,0,0,0,16,0,0,4,0,1,0,5,5,4,22,27,0,0,0,0,0,0,0,0,7,1,1,0,0,0,0,2,0,0,0,KRBKRNvK,DRAW,8/8/k1r5/6B1/8/8/K3R3/4n3 b - - 0 1
0,1,0,0,0,0,0,1,-1,1,0,1,1,1,0,0,0,0,0,16,0,0,7,0,7,4,0,6,3,2,0,1,0,0,0,0,0,0,0,7,1,1,0,0,0,0,2,2,2,0,KRBKRNvK,DRAW,K7/8/8/8/1r6/5B2/6n1/2R1k3 b - - 0 1
0,1,0,0,0,0,0,1,-1,1,0,1,1,1,0,0,0,0,0,16,0,0,6,7,5,1,0,4,5,4,0,1,0,0,0,0,0,0,0,7,1,1,0,0,0,0,2,3,1,0,KRBKRNvK,DRAW,8/8/2B4K/8/8/1R3n2/8/1k1r4 b - - 0 1
0,1,0,0,0,0,0,1,-1,1,0,1,1,1,0,0,0,0,0,16,0,0,3,7,7,4,4,6,0,3,0,1,0,0,0,0,0,0,0,7,1,1,0,0,0,0,4,4,2,0,KRBKRNvK,DRAW,7K/8/1nB5/2r1k3/4R3/8/8/8 b - - 0 1
1,1,0,0,0,0,0,1,-1,1,0,1,1,1,0,0,0,0,0,16,0,0,3,6,1,4,4,4,0,33,23,0,0,0,0,0,0,0,0,7,1,1,0,0,0,0,1,3,1,0,KRBKRNvK,DRAW,8/n7/8/4kB2/2r5/1R6/6K1/8 w - - 0 1
0,1,0,0,0,0,0,1,-1,1,0,1,1,1,0,0,0,0,0,16,0,0,2,6,2,6,0,3,5,19,27,0,0,0,0,0,0,0,0,7,1,1,1,0,0,0,2,2,0,0,KRBKRNvK,DRAW,8/6R1/2B5/r7/8/6K1/1n6/6k1 b - - 0 1
1,1,0,0,0,0,0,1,-1,1,0,1,1,1,0,0,0,0,0,16,0,0,2,0,4,0,2,3,4,25,18,0,0,0,0,0,0,0,0,7,1,1,0,0,0,0,2,1,0,0,KRBKRNvK,DRAW,2r5/8/2B4R/K5n1/8/k7/8/8 w - - 0 1
0,1,0,0,0,0,0,1,-1,1,0,1,1,1,0,0,0,0,0,16,0,0,4,0,1,4,1,5,2,23,22,0,0,0,0,0,0,0,0,7,1,1,0,0,0,0,2,2,0,0,KRBKRNvK,DRAW,5R2/8/5B2/8/8/3r4/K3k3/4n3 b - - 0 1
0,1,0,0,0,0,0,1,-1,1,0,1,1,1,0,0,0,0,0,16,0,0,5,2,6,7,3,3,3,26,27,0,0,0,0,0,0,0,0,7,1,1,0,0,0,0,2,2,0,0,KRBKRNvK,DRAW,8/1BK5/8/5r2/7k/R3n3/8/8 b - - 0 1
0,1,0,0,0,0,0,1,-1,1,0,1,1,1,0,0,0,0,0,16,0,0,3,4,7,3,4,3,0,23,25,0,0,0,0,0,0,0,0,7,1,1,1,1,0,0,0,3,1,0,KRBKRNvK,DRAW,4K3/n4R2/8/3k4/8/B7/7r/8 b - - 0 1
0,1,0,0,0,0,0,1,-1,1,0,1,1,1,0,0,0,0,0,16,0,0,3,4,4,3,1,0,2,21,22,0,0,0,0,0,0,0,0,7,1,1,1,0,0,0,3,2,0,0,KRBKRNvK,DRAW,3r4/n5R1/6B1/4K3/8/8/3k4/8 b - - 0 1
0,1,0,0,0,0,0,1,-1,1,0,1,1,1,0,0,0,0,0,16,0,0,5,0,2,5,5,4,2,21,30,0,0,0,0,0,0,0,0,7,1,1,0,0,0,0,1,1,1,0,KRBKRNvK,DRAW,2R5/8/5kr1/3B4/8/K2n4/8/8 b - - 0 1
0,1,0,0,0,0,0,1,-1,1,0,1,1,1,0,0,0,0,0,16,0,0,3,4,0,4,3,3,0,15,17,0,0,0,0,0,0,0,0,7,1,1,0,0,0,0,2,4,0,0,KRBKRNvK,WIN,8/8/8/8/4k2r/8/8/1nBRK3 b - - 0 1
0,1,0,0,0,0,0,1,-1,1,0,1,1,1,0,0,0,0,0,16,0,0,3,1,3,0,6,2,5,20,22,0,0,0,0,0,0,0,0,7,1,1,1,0,0,0,1,0,0,0,KRBKRNvK,DRAW,2r3n1/k4BR1/8/8/1K6/8/8/8 b - - 0 1
1,1,0,0,0,0,0,1,-1,1,0,1,1,1,0,0,0,0,0,16,0,0,4,1,4,1,0,2,5,21,19,0,0,0,0,0,0,0,0,7,1,1,0,0,0,0,2,3,0,0,KRBKRNvK,DRAW,8/5n2/8/1K1Br3/2R5/8/8/1k6 w - - 0 1
1,1,0,0,0,0,0,1,-1,1,0,1,1,1,0,0,0,0,0,16,0,0,2,0,3,2,3,3,1,21,24,0,0,0,0,0,0,0,0,7,1,1,0,0,0,0,1,4,0,0,KRBKRNvK,DRAW,8/8/5n2/5r2/K1k5/8/6RB/8 w - - 0 1
0,1,0,0,0,0,0,1,-1,1,0,1,1,1,0,0,0,0,0,16,0,0,2,2,4,0,6,1,5,20,25,0,0,0,0,0,0,0,0,7,1,1,0,0,0,0,3,1,1,1,KRBKRNvK,DRAW,8/k4r2/1R6/2K5/1n6/6B1/8/8 b - - 0 1
0,1,0,0,0,0,0,1,-1,1,0,1,1,1,0,0,0,0,0,16,0,0,6,7,0,1,2,6,3,4,0,1,0,0,0,0,0,0,0,7,1,1,0,0,0,0,1,0,0,0,KRBKRNvK,DRAW,8/r6n/4B3/8/8/1k6/5R2/7K b - - 0 1
1,1,0,0,0,0,0,1,-1,1,0,1,1,1,0,0,0,0,0,16,0,0,2,5,3,6,5,1,3,26,19,0,0,0,0,0,0,0,0,7,1,1,0,0,0,0,2,0,1,0,KRBKRNvK,DRAW,8/4B1n1/6k1/8/5K2/2r5/8/7R w - - 0 1
0,1,0,0,0,0,0,1,-1,1,0,1,1,1,0,0,0,0,0,16,0,0,3,6,4,3,6,2,2,5,0,1,0,0,0,0,0,0,0,7,1,1,1,0,0,0,1,2,1,0,KRBKRNvK,DRAW,1n6/3k1R2/3r4/6K1/8/8/8/1B6 b - - 0 1
1,1,0,0,0,0,0,1,-1,1,0,1,1,1,0,0,0,0,0,16,0,0,6,6,0,2,6,5,3,4,0,1,0,0,0,0,0,0,0,7,1,1,0,0,0,0,0,0,1,0,KRBKRNvK,DRAW,2B3r1/2k5/8/4n3/8/8/8/6KR w - - 0 1
1,1,0,0,0,0,0,1,-1,1,0,1,1,1,0,0,0,0,0,16,0,0,6,7,7,2,1,6,3,24,27,0,0,0,0,0,0,0,0,7,1,1,0,0,0,0,2,2,1,0,KRBKRNvK,DRAW,7K/8/3n4/8/1r6/R7/2k5/7B w - - 0 1
1,1,0,0,0,0,0,1,-1,1,0,1,1,1,0,0,0,0,0,16,0,0,5,7,6,2,7,5,4,23,19,0,0,0,0,0,0,0,0,7,1,1,0,0,0,0,0,0,0,1,KRBKRNvK,DRAW,2k2r2/7K/6R1/8/7B/8/8/2n5 w - - 0 1
1,1,0,0,0,0,0,1,-1,1,0,1,1,1,0,0,0,0,0,16,0,0,5,2,5,0,0,2,6,7,0,1,0,0,0,0,0,0,0,7,1,1,0,1,0,0,3,1,1,0,KRBKRNvK,DRAW,8/8/2K5/8/R4n2/8/B1r5/k7 w - - 0 1
1,1,0,0,0,0,0,1,-1,1,0,1,1,1,0,0,0,0,0,16,0,0,4,0,3,2,7,3,4,25,20,0,0,0,0,0,0,0,0,7,1,1,0,1,0,0,2,0,1,0,KRBKRNvK,DRAW,2k3B1/8/3R4/8/K7/8/6r1/1n6 w - - 0 1
1,1,0,0,0,0,0,1,-1,1,0,1,1,1,0,0,0,0,0,16,0,0,2,3,2,1,4,1,2,26,18,0,0,0,0,0,0,0,0,7,1,1,0,0,0,0,2,0,0,0,KRBKRNvK,DRAW,3n2r1/8/8/1k6/8/3K4/8/2R3B1 w - - 0 1
1,1,0,0,0,0,0,1,-1,1,0,1,1,1,0,0,0,0,0,16,0,0,4,5,7,1,4,4,2,26,23,0,0,0,0,0,0,0,0,7,1,1,1,0,0,0,0,1,1,1,KRBKRNvK,DRAW,5K2/2R5/6r1/1k4B1/8/3n4/8/8 w - - 0 1
1,1,0,0,0,0,0,1,-1,1,0,1,1,1,0,0,0,0,0,16,0,0,5,6,1,6,6,4,4,30,18,0,0,0,0,0,0,0,0,7,1,1,0,1,0,0,1,1,1,0,KRBKRNvK,DRAW,7R/6k1/8/8/8/6B1/r1n3K1/8 w - - 0 1
1,1,0,0,0,0,0,1,-1,1,0,1,1,1,0,0,0,0,0,16,0,0,4,6,2,3,6,3,2,26,22,0,0,0,0,0,0,0,0,7,1,1,0,0,0,0,1,2,0,0,KRBKRNvK,DRAW,R7/3k3B/1n6/8/3r4/6K1/8/8 w - - 0 1
0,1,0,0,0,0,0,1,-1,1,0,1,1,1,0,0,0,0,0,16,0,0,4,6,7,2,3,5,1,15,25,0,0,0,0,0,0,0,0,7,1,1,0,1,0,0,3,2,0,0,KRBKRNvK,DRAW,1n4K1/8/8/6R1/2k5/8/2r5/B7 b - - 0 1
0,1,0,0,0,0,0,1,-1,1,0,1,1,1,0,0,0,0,0,16,0,0,4,1,4,5,1,2,3,20,27,0,0,0,0,0,0,0,0,7,1,1,0,0,0,0,2,0,0,1,KRBKRNvK,DRAW,7B/8/n7/1K6/8/5r2/5k2/2R5 b - - 0 1
1,1,0,0,0,0,0,1,-1,1,0,1,1,1,0,0,0,0,0,16,0,0,4,3,1,1,5,2,3,18,25,0,0,0,0,0,0,0,0,7,1,1,0,0,0,0,0,2,0,0,KRBKRNvK,DRAW,8/8/1k6/6r1/n7/8/3K1R2/2B5 w - - 0 1
0,1,0,0,0,0,0,1,-1,1,0,1,1,1,0,0,0,0,0,16,0,0,5,0,1,2,6,5,3,4,0,1,0,0,0,0,0,0,0,7,1,1,0,0,0,0,0,1,1,1,KRBKRNvK,DRAW,1B6/2k5/7r/8/8/8/K1n5/1R6 b - - 0 1
0,1,0,0,0,0,0,1,-1,1,0,1,1,1,0,0,0,0,0,16,0,0,2,3,7,1,6,3,4,18,19,0,0,0,0,0,0,0,0,7,1,1,0,1,0,0,2,1,1,0,KRBKRNvK,DRAW,3K4/1k6/8/2R5/8/B7/1r1n4/8 b - - 0 1
1,1,0,0,0,0,0,1,-1,1,0,1,1,1,0,0,0,0,0,16,0,0,2,4,4,3,2,0,1,27,12,0,0,0,0,0,0,0,0,7,1,1,0,0,0,0,3,2,2,0,KRBKRNvK,DRAW,rn6/8/8/4K3/8/3k4/2R5/4B3 w - - 0 1
0,1,0,0,0,0,0,1,-1,1,0,1,1,1,0,0,0,0,0,16,0,0,3,3,1,0,1,2,5,22,23,0,0,0,0,0,0,0,0,7,1,1,0,0,0,0,1,1,0,1,KRBKRNvK,DRAW,r7/8/8/8/1n6/4B2R/k2K4/8 b - - 0 1
1,1,0,0,0,0,0,1,-1,1,0,1,1,1,0,0,0,0,0,16,0,0,5,0,7,5,2,6,2,24,20,0,0,0,0,0,0,0,0,7,1,1,0,0,0,0,2,1,1,0,KRBKRNvK,DRAW,K2B4/8/7r/8/8/5k1n/8/4R3 w - - 0 1
1,1,0,0,0,0,0,1,-1,1,0,1,1,1,0,0,0,0,0,16,0,0,3,4,4,1,6,0,4,25,17,0,0,0,0,0,0,0,0,7,1,1,0,0,0,0,3,1,1,0,KRBKRNvK,DRAW,2R5/1k6/1n5r/4K2B/8/8/8/8 w - - 0 1
0,1,0,0,0,0,0,1,-1,1,0,1,1,1,0,0,0,0,0,16,0,0,2,6,3,4,4,2,0,3,0,1,0,0,0,0,0,0,0,7,1,1,0,0,0,0,1,3,1,0,KRBKRNvK,DRAW,4R3/2B5/8/4k3/6K1/8/8/n4r2 b - - 0 1
1,1,0,0,0,0,0,1,-1,1,0,1,1,1,0,0,0,0,0,16,0,0,2,6,5,5,7,3,4,6,0,1,0,0,0,0,0,0,0,7,1,1,0,0,0,0,2,0,0,1,KRBKRNvK,DRAW,r4k2/8/6K1/4n3/2R5/1B6/8/8 w - - 0 1
0,1,0,0,0,0,0,1,-1,1,0,1,1,1,0,0,0,0,0,16,0,0,3,1,3,4,5,2,1,21,26,0,0,0,0,0,0,0,0,7,1,1,0,0,0,0,2,2,1,0,KRBKRNvK,DRAW,5R2/r7/4k3/8/1K6/8/8/6nB b - - 0 1
0,1,0,0,0,0,0,1,-1,1,0,1,1,1,0,0,0,0,0,16,0,0,7,0,0,7,6,6,5,22,24,0,0,0,0,0,0,0,0,7,1,1,0,0,0,0,2,0,1,1,KRBKRNvK,DRAW,8/7k/8/6B1/2R5/1r6/8/K3n3 b - - 0 1
0,1,0,0,0,0,0,1,-1,1,0,1,1,1,0,0,0,0,0,16,0,0,4,3,4,7,6,0,5,5,0,1,0,0,0,0,0,0,0,7,1,1,0,0,0,0,3,1,0,0,KRBKRNvK,DRAW,8/7k/r7/3K4/2R5/8/4n3/1B6 b - - 0 1
1,1,0,0,0,0,0,1,-1,1,0,1,1,1,0,0,0,0,0,16,0,0,5,1,7,2,2,5,2,24,19,0,0,0,0,0,0,0,0,7,1,1,0,0,0,0,4,1,1,1,KRBKRNvK,WIN,1K6/1n5r/5B2/8/3R4/2k5/8/8 w - - 0 1
0,1,0,0,0,0,0,1,-1,1,0,1,1,1,0,0,0,0,0,16,0,0,7,7,6,0,0,5,6,21,22,0,0,0,0,0,0,0,0,7,1,1,1,0,0,0,2,0,0,0,KRBKRNvK,DRAW,8/4R2K/n7/B7/8/6r1/8/k7 b - - 0 1
0,1,0,0,0,0,0,1,-1,1,0,1,1,1,0,0,0,0,0,16,0,0,5,1,7,4,2,5,1,22,24,0,0,0,0,0,0,0,0,7,1,1,0,0,0,0,3,3,0,0,KRBKRNvK,DRAW,1K6/7B/4r3/7R/6n1/4k3/8/8 b - - 0 1
0,1,0,0,0,0,0,1,-1,1,0,1,1,1,0,0,0,0,0,16,0,0,2,3,7,4,5,3,1,23,19,0,0,0,0,0,0,0,0,7,1,1,0,0,0,0,3,2,2,0,KRBKRNvK,WIN,3K4/2B5/4k3/6r1/2n2R2/8/8/8 b - - 0 1
1,1,0,0,0,0,0,1,-1,1,0,1,1,1,0,0,0,0,0,16,0,0,5,0,7,4,2,6,1,26,20,0,0,0,0,0,0,0,0,7,1,1,0,0,0,0,2,3,1,0,KRBKRNvK,DRAW,K4n2/8/8/6R1/8/1B1rk3/8/8 w - - 0 1
0,1,0,0,0,0,0,1,-1,1,0,1,1,1,0,0,0,0,0,16,0,0,4,5,6,1,6,3,4,25,27,0,0,0,0,0,0,0,0,7,1,1,0,0,0,0,2,1,1,1,KRBKRNvK,DRAW,8/1k3K2/8/2R2nB1/8/1r6/8/8 b - - 0 1
0,1,0,0,0,0,0,1,-1,1,0,1,1,1,0,0,0,0,0,16,0,0,5,2,7,6,2,4,3,24,23,0,0,0,0,0,0,0,0,7,1,1,0,0,0,0,2,2,1,0,KRBKRNvK,DRAW,2K5/8/8/8/4n3/3r2k1/8/B6R b - - 0 1
1,1,0,0,0,0,0,1,-1,1,0,1,1,1,0,0,0,0,0,16,0,0,2,3,1,1,2,2,3,21,24,0,0,0,0,0,0,0,0,7,1,1,0,0,0,0,0,0,2,0,KRBKRNvK,DRAW,8/7r/8/3n4/8/Bk6/2RK4/8 w - - 0 1
0,1,0,0,0,0,0,1,-1,1,0,1,1,1,0,0,0,0,0,16,0,0,4,3,5,0,1,1,5,23,22,0,0,0,0,0,0,0,0,7,1,1,0,0,0,0,2,2,0,1,KRBKRNvK,DRAW,1R3n2/8/3K4/1B6/6r1/8/k7/8 b - - 0 1
1,1,0,0,0,0,0,1,-1,1,0,1,1,1,0,0,0,0,0,16,0,0,2,7,2,5,4,4,1,3,0,1,0,0,0,0,0,0,0,7,1,1,0,0,0,0,2,4,1,1,KRBKRNvK,LOSS,8/8/8/5k2/1Br2n2/3R3K/8/8 w - - 0 1
1,1,0,0,0,0,0,1,-1,1,0,1,1,1,0,0,0,0,0,16,0,0,6,0,3,6,4,3,2,2,0,1,0,0,0,0,0,0,0,7,1,1,0,0,0,0,2,2,2,1,KRBKRNvK,LOSS,r7/8/8/6kB/K6R/2n5/8/8 w - - 0 1
0,1,0,0,0,0,0,1,-1,1,0,1,1,1,0,0,0,0,0,16,0,0,4,4,3,0,7,0,6,2,0,1,0,0,0,0,0,0,0,7,1,1,0,0,0,0,4,1,1,0,KRBKRNvK,DRAW,k7/8/1nB5/4R3/4K3/8/8/6r1 b - - 0 1
0,1,0,0,0,0,0,1,-1,1,0,1,1,1,0,0,0,0,0,16,0,0,2,4,6,6,5,2,3,26,23,0,0,0,0,0,0,0,0,7,1,1,0,0,0,0,0,3,0,0,KRBKRNvK,DRAW,8/4K3/6k1/r7/8/8/4n3/1R2B3 b - - 0 1
0,1,0,0,0,0,0,1,-1,1,0,1,1,1,0,0,0,0,0,16,0,0,3,5,0,2,3,4,1,4,0,1,0,0,0,0,0,0,0,7,1,1,0,0,0,0,1,2,1,0,KRBKRNvK,LOSS,6B1/2n5/8/8/2k5/rR6/8/5K2 b - - 0 1
1,1,0,0,0,0,0,1,-1,1,0,1,1,1,0,0,0,0,0,16,0,0,2,7,4,7,6,3,5,2,0,1,0,0,0,0,0,0,0,7,1,1,0,0,0,0,3,0,1,1,KRBKRNvK,DRAW,n7/5B1k/8/7K/6R1/7r/8/8 w - - 0 1
1,1,0,0,0,0,0,1,-1,1,0,1,1,1,0,0,0,0,0,16,0,0,3,3,6,6,5,2,3,4,0,1,0,0,0,0,0,0,0,7,1,1,0,1,0,0,2,2,2,0,KRBKRNvK,DRAW,4R3/3K4/6k1/8/1n4B1/8/3r4/8 w - - 0 1
0,1,0,0,0,0,0,1,-1,1,0,1,1,1,0,0,0,0,0,16,0,0,3,4,4,1,5,0,3,30,26,0,0,0,0,0,0,0,0,7,1,1,0,0,0,0,3,0,0,1,KRBKRNvK,DRAW,6B1/7r/1k6/4K3/3n4/8/8/6R1 b - - 0 1
1,1,0,0,0,0,0,1,-1,1,0,1,1,1,0,0,0,0,0,16,0,0,5,2,1,7,0,3,6,33,19,0,0,0,0,0,0,0,0,7,1,1,0,0,0,0,2,2,0,0,KRBKRNvK,DRAW,8/3nr3/8/R7/2B5/8/2K5/7k w - - 0 1
0,1,0,0,0,0,0,1,-1,1,0,1,1,1,0,0,0,0,0,16,0,0,2,6,2,4,3,3,0,3,0,1,0,0,0,0,0,0,0,7,1,1,0,0,0,0,2,4,1,2,KRBKRNvK,DRAW,8/8/8/8/1R2k3/6Kn/2B5/4r3 b - - 0 1
0,1,0,0,0,0,0,1,-1,1,0,1,1,1,0,0,0,0,0,16,0,0,3,1,3,4,0,2,3,22,29,0,0,0,0,0,0,0,0,7,1,1,1,0,0,0,1,2,0,0,KRBKRNvK,DRAW,3r4/1R6/8/5B2/1K6/8/8/4k1n1 b - - 0 1
1,1,0,0,0,0,0,1,-1,1,0,1,1,1,0,0,0,0,0,16,0,0,2,4,2,5,4,1,1,27,18,0,0,0,0,0,0,0,0,7,1,1,0,0,0,0,2,2,0,0,KRBKRNvK,DRAW,4B1r1/n7/8/5k2/8/4K3/8/1R6 w - - 0 1
0,1,0,0,0,0,0,1,-1,1,0,1,1,1,0,0,0,0,0,16,0,0,4,5,0,1,2,4,3,9,0,1,0,0,0,0,0,0,0,7,1,1,0,0,0,0,2,3,1,0,KRBKRNvK,DRAW,8/8/3nB3/2r5/8/1k6/8/3R1K2 b - - 0 1
0,1,0,0,0,0,0,1,-1,1,0,1,1,1,0,0,0,0,0,16,0,0,6,2,6,5,0,3,4,4,0,1,0,0,0,0,0,0,0,7,1,1,0,1,0,0,3,2,0,0,KRBKRNvK,DRAW,8/2K5/8/8/5R2/1Bn5/6r1/5k2 b - - 0 1
1,1,0,0,0,0,0,1,-1,1,0,1,1,1,0,0,0,0,0,16,0,0,4,6,0,2,0,5,4,30,21,0,0,0,0,0,0,0,0,7,1,1,0,0,0,0,1,2,0,0,KRBKRNvK,DRAW,8/6n1/R7/5B2/1r6/8/8/2k3K1 w - - 0 1
1,1,0,0,0,0,0,1,-1,1,0,1,1,1,0,0,0,0,0,16,0,0,5,7,3,2,3,3,1,24,19,0,0,0,0,0,0,0,0,7,1,1,0,0,0,0,0,2,2,0,KRBKRNvK,DRAW,8/8/8/B7/2k4K/r7/1R6/5n2 w - - 0 1
1,1,0,0,0,0,0,1,-1,1,0,1,1,1,0,0,0,0,0,16,0,0,2,5,1,3,2,3,1,18,18,0,0,0,0,0,0,0,0,7,1,1,0,0,0,0,0,3,0,1,KRBKRNvK,DRAW,8/8/8/8/B7/3kr3/5K1R/2n5 w - - 0 1
1,1,0,0,0,0,0,1,-1,1,0,1,1,1,0,0,0,0,0,16,0,0,5,0,3,5,0,3,4,4,0,1,0,0,0,0,0,0,0,7,1,1,0,0,0,0,1,2,1,1,KRBKRNvK,DRAW,8/8/1B6/4n3/K1r5/6R1/8/5k2 w - - 0 1
1,1,0,0,0,0,0,1,-1,1,0,1,1,1,0,0,0,0,0,16,0,0,5,0,0,5,3,6,1,5,0,1,0,0,0,0,0,0,0,7,1,1,0,0,0,0,2,2,1,0,KRBKRNvK,DRAW,8/r7/8/3R4/1B3k2/8/8/K4n2 w - - 0 1
0,1,0,0,0,0,0,1,-1,1,0,1,1,1,0,0,0,0,0,16,0,0,6,1,0,7,6,5,5,16,26,0,0,0,0,0,0,0,0,7,1,1,0,0,0,0,2,2,1,0,KRBKRNvK,DRAW,5R2/7k/8/7r/8/7n/8/1K5B b - - 0 1
1,1,0,0,0,0,0,1,-1,1,0,1,1,1,0,0,0,0,0,16,0,0,4,2,4,4,0,1,3,22,20,0,0,0,0,0,0,0,0,7,1,1,0,1,0,0,2,2,0,0,KRBKRNvK,DRAW,2B5/8/2R5/2K5/8/8/4r3/3nk3 w - - 0 1
1,1,0,0,0,0,0,1,-1,1,0,1,1,1,0,0,0,0,0,16,0,0,5,1,0,3,5,5,1,30,24,0,0,0,0,0,0,0,0,7,1,1,0,0,0,0,2,3,1,0,KRBKRNvK,DRAW,7r/8/3k4/6R1/4B3/8/4n3/1K6 w - - 0 1
0,1,0,0,0,0,0,1,-1,1,0,1,1,1,0,0,0,0,0,16,0,0,2,0,2,0,0,4,6,0,0,1,0,0,0,0,0,0,0,7,1,1,0,1,0,0,1,1,0,0,KRBKRNvK,LOSS,8/4n3/8/8/8/K3B3/7r/k3R3 b - - 0 1
0,1,0,0,0,0,0,1,-1,1,0,1,1,1,0,0,0,0,0,16,0,0,2,0,4,2,6,3,3,24,24,0,0,0,0,0,0,0,0,7,1,1,0,0,0,0,3,3,1,0,KRBKRNvK,DRAW,8/2k5/3R4/K7/8/5nB1/8/4r3 b - - 0 1
1,1,0,0,0,0,0,1,-1,1,0,1,1,1,0,0,0,0,0,16,0,0,4,5,2,1,4,2,2,5,0,1,0,0,0,0,0,0,0,7,1,1,0,0,0,0,2,0,1,2,KRBKRNvK,DRAW,8/8/1B6/1k2n3/8/5K1r/8/2R5 w - - 0 1
1,1,0,0,0,0,0,1,-1,1,0,1,1,1,0,0,0,0,0,16,0,0,4,4,3,4,7,0,3,3,0,1,0,0,0,0,0,0,0,7,1,1,1,0,0,0,4,1,1,2,KRBKRNvK,LOSS,4k3/3R4/5r2/3B4/4K3/8/5n2/8 w - - 0 1
1,1,0,0,0,0,0,1,-1,1,0,1,1,1,0,0,0,0,0,16,0,0,6,1,1,7,7,4,6,29,21,0,0,0,0,0,0,0,0,7,1,1,0,0,0,0,1,3,0,1,KRBKRNvK,DRAW,7k/8/R7/7r/8/1B6/1K1n4/8 w - - 0 1
0,1,0,0,0,0,0,1,-1,1,0,1,1,1,0,0,0,0,0,16,0,0,4,3,3,6,7,0,5,22,21,0,0,0,0,0,0,0,0,7,1,1,0,0,0,0,3,0,0,0,KRBKRNvK,DRAW,6k1/2r5/8/8/3K4/5B2/8/2n2R2 b - - 0 1
0,1,0,0,0,0,0,1,-1,1,0,1,1,1,0,0,0,0,0,16,0,0,4,4,5,7,1,1,5,23,25,0,0,0,0,0,0,0,0,7,1,1,0,0,0,0,2,2,0,0,KRBKRNvK,DRAW,5R2/8/4K3/8/8/Bn1r4/7k/8 b - - 0 1
0,1,0,0,0,0,0,1,-1,1,0,1,1,1,0,0,0,0,0,16,0,0,5,0,6,5,3,5,1,5,0,1,0,0,0,0,0,0,0,7,1,1,0,0,0,0,1,3,0,0,KRBKRNvK,LOSS,1B6/K7/4n3/8/5k2/R5r1/8/8 b - - 0 1
1,1,0,0,0,0,0,1,-1,1,0,1,1,1,0,0,0,0,0,16,0,0,3,3,6,0,7,2,6,30,21,0,0,0,0,0,0,0,0,7,1,1,0,0,0,0,2,3,0,0,KRBKRNvK,WIN,k7/3K4/5B2/8/8/1n2r3/2R5/8 w - - 0 1
0,1,0,0,0,0,0,1,-1,1,0,1,1,1,0,0,0,0,0,16,0,0,5,6,1,3,6,4,2,6,0,1,0,0,0,0,0,0,0,7,1,1,0,0,0,0,3,0,0,0,KRBKRNvK,DRAW,8/3k4/8/8/3R4/r7/5BK1/1n6 b - - 0 1
0,1,0,0,0,0,0,1,-1,1,0,1,1,1,0,0,0,0,0,16,0,0,7,0,1,7,2,5,4,24,29,0,0,0,0,0,0,0,0,7,1,1,0,0,0,0,2,3,1,0,KRBKRNvK,DRAW,2R5/8/8/4r3/8/3n1B1k/K7/8 b - - 0 1
0,1,0,0,0,0,0,1,-1,1,0,1,1,1,0,0,0,0,0,16,0,0,6,1,1,7,1,4,5,24,17,0,0,0,0,0,0,0,0,7,1,1,0,0,0,0,0,3,0,0,KRBKRNvK,DRAW,8/8/R3n3/4r3/8/8/1K5k/B7 b - - 0 1
1,1,0,0,0,0,0,1,-1,1,0,1,1,1,0,0,0,0,0,16,0,0,5,5,7,6,2,4,3,25,20,0,0,0,0,0,0,0,0,7,1,1,0,0,0,0,2,0,1,0,KRBKRNvK,DRAW,5K2/8/8/7n/4R3/r5k1/8/B7 w - - 0 1
0,1,0,0,0,0,0,1,-1,1,0,1,1,1,0,0,0,0,0,16,0,0,2,4,4,4,6,0,2,25,26,0,0,0,0,0,0,0,0,7,1,1,0,1,0,0,3,1,1,1,KRBKRNvK,WIN,8/4k3/5R2/2n1K3/8/5B2/r7/8 b - - 0 1
0,1,0,0,0,0,0,1,-1,1,0,1,1,1,0,0,0,0,0,16,0,0,3,0,5,3,3,4,0,7,0,1,0,0,0,0,0,0,0,7,1,1,0,0,0,0,2,3,1,0,KRBKRNvK,DRAW,3B4/8/K2R4/8/3k1n2/8/8/6r1 b - - 0 1
0,1,0,0,0,0,0,1,-1,1,0,1,1,1,0,0,0,0,0,16,0,0,5,3,5,6,0,1,5,21,29,0,0,0,0,0,0,0,0,7,1,1,1,0,0,0,3,1,0,0,KRBKRNvK,DRAW,7B/1R6/3K4/8/8/6n1/8/5rk1 b - - 0 1
1,1,0,0,0,0,0,1,-1,1,0,1,1,1,0,0,0,0,0,16,0,0,4,4,2,0,2,1,4,28,20,0,0,0,0,0,0,0,0,7,1,1,0,0,0,0,4,2,1,0,KRBKRNvK,DRAW,8/3r1B2/1n6/2R5/8/k3K3/8/8 w - - 0 1
1,1,0,0,0,0,0,1,-1,1,0,1,1,1,0,0,0,0,0,16,0,0,4,2,4,2,0,1,4,8,0,1,0,0,0,0,0,0,0,7,1,1,0,0,0,0,2,2,0,0,KRBKRNvK,DRAW,2B5/8/8/2K3r1/8/8/5R2/2k4n w - - 0 1
0,1,0,0,0,0,0,1,-1,1,0,1,1,1,0,0,0,0,0,16,0,0,4,4,6,0,6,2,5,8,24,0,0,0,0,0,0,0,0,7,1,1,0,0,0,0,1,1,1,0,KRBKRNvK,DRAW,6R1/k3K3/1r6/2B5/6n1/8/8/8 b - - 0 1
0,1,0,0,0,0,0,1,-1,1,0,1,1,1,0,0,0,0,0,16,0,0,3,0,3,0,0,3,6,6,0,1,0,0,0,0,0,0,0,7,1,1,0,0,0,0,3,2,0,0,KRBKRNvK,DRAW,7B/4r3/8/6Rn/K7/8/8/k7 b - - 0 1
0,1,0,0,0,0,0,1,-1,1,0,1,1,1,0,0,0,0,0,16,0,0,2,2,2,4,3,2,0,20,20,0,0,0,0,0,0,0,0,7,1,1,0,0,0,0,1,4,0,1,KRBKRNvK,DRAW,2Rn4/8/8/1B6/r3k3/2K5/8/8 b - - 0 1
0,1,0,0,0,0,0,1,-1,1,0,1,1,1,0,0,0,0,0,16,0,0,3,2,4,1,1,1,4,25,24,0,0,0,0,0,0,0,0,7,1,1,0,0,0,0,3,2,0,0,KRBKRNvK,DRAW,2R5/2B4n/8/2K5/8/8/1k6/4r3 b - - 0 1
0,1,0,0,0,0,0,1,-1,1,0,1,1,1,0,0,0,0,0,16,0,0,4,7,2,3,1,4,2,4,0,1,0,0,0,0,0,0,0,7,1,1,0,0,0,0,2,3,2,0,KRBKRNvK,LOSS,8/4n3/8/8/r3R3/7K/3k4/4B3 b - - 0 1
0,1,0,0,0,0,0,1,-1,1,0,1,1,1,0,0,0,0,0,16,0,0,3,5,2,2,1,2,3,26,29,0,0,0,0,0,0,0,0,7,1,1,0,0,0,0,2,1,1,0,KRBKRNvK,DRAW,5R2/8/8/1n6/8/4BK2/2k5/r7 b - - 0 1
1,1,0,0,0,0,0,1,-1,1,0,1,1,1,0,0,0,0,0,16,0,0,2,2,7,3,5,4,1,1,0,1,0,0,0,0,0,0,0,7,1,1,0,0,0,0,2,2,0,0,KRBKRNvK,DRAW,B1K4r/8/3k4/8/8/R7/1n6/8 w - - 0 1
1,1,0,0,0,0,0,1,-1,1,0,1,1,1,0,0,0,0,0,16,0,0,5,5,2,0,6,2,5,23,20,0,0,0,0,0,0,0,0,7,1,1,0,0,0,0,3,3,1,1,KRBKRNvK,DRAW,8/k2n4/8/1R6/3r4/5K2/8/3B4 w - - 0 1
0,1,0,0,0,0,0,1,-1,1,0,1,1,1,0,0,0,0,0,16,0,0,5,5,4,0,1,1,5,18,28,0,0,0,0,0,0,0,0,7,1,1,0,0,0,0,2,0,0,1,KRBKRNvK,DRAW,3B3n/7r/8/5K2/8/4R3/k7/8 b - - 0 1
1,1,0,0,0,0,0,1,-1,1,0,1,1,1,0,0,0,0,0,16,0,0,5,5,2,7,7,2,6,20,20,0,0,0,0,0,0,0,0,7,1,1,0,0,0,0,2,1,0,0,KRBKRNvK,DRAW,7k/6r1/8/8/1n6/5KB1/5R2/8 w - - 0 1
1,1,0,0,0,0,0,1,-1,1,0,1,1,1,0,0,0,0,0,16,0,0,3,6,3,3,0,2,3,25,26,0,0,0,0,0,0,0,0,7,1,1,1,0,0,0,0,2,0,1,KRBKRNvK,DRAW,8/5R2/B2n4/8/6K1/4r3/8/3k4 w - - 0 1
1,1,0,0,0,0,0,1,-1,1,0,1,1,1,0,0,0,0,0,16,0,0,6,2,0,1,6,4,4,6,0,1,0,0,0,0,0,0,0,7,1,1,0,0,0,0,2,2,0,0,KRBKRNvK,DRAW,5n2/1k6/8/2r1B3/4R3/8/8/2K5 w - - 0 1
1,1,0,0,0,0,0,1,-1,1,0,1,1,1,0,0,0,0,0,16,0,0,4,3,1,6,5,2,3,27,18,0,0,0,0,0,0,0,0,7,1,1,0,0,0,0,2,1,2,0,KRBKRNvK,DRAW,1r6/8/1n4k1/6B1/5R2/8/3K4/8 w - - 0 1
0,1,0,0,0,0,0,1,-1,1,0,1,1,1,0,0,0,0,0,16,0,0,3,2,4,5,4,1,1,6,0,1,0,0,0,0,0,0,0,7,1,1,0,0,0,0,2,2,0,1,KRBKRNvK,DRAW,5R2/8/8/1BK2k2/8/1r6/8/1n6 b - - 0 1
0,1,0,0,0,0,0,1,-1,1,0,1,1,1,0,0,0,0,0,16,0,0,3,4,7,7,7,3,6,22,21,0,0,0,0,0,0,0,0,7,1,1,0,0,0,0,0,3,1,0,KRBKRNvK,DRAW,R3KB1k/8/8/6r1/8/8/5n2/8 b - - 0 1
0,1,0,0,0,0,0,1,-1,1,0,1,1,1,0,0,0,0,0,16,0,0,2,3,3,5,4,0,1,3,0,1,0,0,0,0,0,0,0,7,1,1,0,0,0,0,4,3,2,0,KRBKRNvK,DRAW,8/8/8/r3Bk2/3K1R2/8/7n/8 b - - 0 1
0,1,0,0,0,0,0,1,-1,1,0,1,1,1,0,0,0,0,0,16,0,0,4,5,0,1,0,4,5,20,28,0,0,0,0,0,0,0,0,7,1,1,0,0,0,0,0,2,0,0,KRBKRNvK,DRAW,8/4B3/8/8/7r/6R1/8/nk3K2 b - - 0 1
0,1,0,0,0,0,0,1,-1,1,0,1,1,1,0,0,0,0,0,16,0,0,2,5,3,7,1,1,5,23,22,0,0,0,0,0,0,0,0,7,1,1,0,0,0,0,2,1,0,0,KRBKRNvK,DRAW,8/4n3/1R6/B7/5K2/8/7k/6r1 b - - 0 1
0,1,0,0,0,0,0,1,-1,1,0,1,1,1,0,0,0,0,0,16,0,0,3,4,0,1,2,3,3,15,26,0,0,0,0,0,0,0,0,7,1,1,1,1,0,0,1,0,0,1,KRBKRNvK,DRAW,8/R7/8/8/8/1k2B3/1r6/2n1K3 b - - 0 1
0,1,0,0,0,0,0,1,-1,1,0,1,1,1,0,0,0,0,0,16,0,0,4,7,3,6,7,3,5,20,26,0,0,0,0,0,0,0,0,7,1,1,0,1,0,0,3,0,0,1,KRBKRNvK,DRAW,n5k1/8/8/2B1R3/7K/8/5r2/8 b - - 0 1
0,1,0,0,0,0,0,1,-1,1,0,1,1,1,0,0,0,0,0,16,0,0,4,1,1,0,5,4,4,21,27,0,0,0,0,0,0,0,0,7,1,1,0,0,0,0,0,1,1,2,KRBKRNvK,DRAW,8/8/k7/8/1B1n4/3r4/1K6/6R1 b - - 0 1
1,1,0,0,0,0,0,1,-1,1,0,1,1,1,0,0,0,0,0,16,0,0,7,3,0,5,7,3,4,24,24,0,0,0,0,0,0,0,0,7,1,1,0,0,0,0,3,2,0,0,KRBKRNvK,DRAW,B4k2/4r3/8/1R6/8/6n1/8/3K4 w - - 0 1
0,1,0,0,0,0,0,1,-1,1,0,1,1,1,0,0,0,0,0,16,0,0,4,1,3,5,6,2,3,16,30,0,0,0,0,0,0,0,0,7,1,1,0,0,0,0,2,2,2,0,KRBKRNvK,DRAW,7n/4rk2/3R4/6B1/1K6/8/8/8 b - - 0 1
1,1,0,0,0,0,0,1,-1,1,0,1,1,1,0,0,0,0,0,16,0,0,2,2,0,0,0,4,6,22,18,0,0,0,0,0,0,0,0,7,1,1,0,0,0,0,2,2,0,0,KRBKRNvK,WIN,8/7n/8/4r3/3R4/8/8/k1KB4 w - - 0 1
0,1,0,0,0,0,0,1,-1,1,0,1,1,1,0,0,0,0,0,16,0,0,6,1,6,7,1,4,5,23,27,0,0,0,0,0,0,0,0,7,1,1,1,0,0,0,2,1,0,0,KRBKRNvK,DRAW,8/1K2R3/8/3B4/8/r7/4n2k/8 b - - 0 1
1,1,0,0,0,0,0,1,-1,1,0,1,1,1,0,0,0,0,0,16,0,0,4,5,7,2,3,4,1,24,22,0,0,0,0,0,0,0,0,7,1,1,0,0,0,0,1,2,1,0,KRBKRNvK,DRAW,5K2/8/r2B1R2/8/2k5/8/4n3/8 w - - 0 1
0,1,0,0,0,0,0,1,-1,1,0,1,1,1,0,0,0,0,0,16,0,0,4,5,0,1,3,4,2,6,0,1,0,0,0,0,0,0,0,7,1,1,0,0,0,0,1,0,1,1,KRBKRNvK,DRAW,1R6/8/r7/3B4/1k6/7n/8/5K2 b - - 0 1
1,1,0,0,0,0,0,1,-1,1,0,1,1,1,0,0,0,0,0,16,0,0,3,3,0,6,1,3,4,25,27,0,0,0,0,0,0,0,0,7,1,1,0,0,0,0,2,0,0,0,KRBKRNvK,DRAW,8/8/8/5R2/3n4/r7/3B2k1/3K4 w - - 0 1
1,1,0,0,0,0,0,1,-1,1,0,1,1,1,0,0,0,0,0,16,0,0,2,2,3,4,4,1,0,6,0,1,0,0,0,0,0,0,0,7,1,1,1,1,0,0,3,3,1,1,KRBKRNvK,DRAW,8/1B3R2/1n6/4k3/2K5/8/6r1/8 w - - 0 1
1,1,0,0,0,0,0,1,-1,1,0,1,1,1,0,0,0,0,0,16,0,0,3,7,3,4,2,3,1,26,20,0,0,0,0,0,0,0,0,7,1,1,1,0,0,0,1,2,0,0,KRBKRNvK,DRAW,8/5R2/8/8/7K/4k3/1n6/1Br5 w - - 0 1
0,1,0,0,0,0,0,1,-1,1,0,1,1,1,0,0,0,0,0,16,0,0,4,2,3,0,7,1,6,1,0,1,0,0,0,0,0,0,0,7,1,1,1,0,0,0,3,2,0,0,KRBKRNvK,LOSS,k7/3Rr3/8/3B2n1/2K5/8/8/8 b - - 0 1
0,1,0,0,0,0,0,1,-1,1,0,1,1,1,0,0,0,0,0,16,0,0,2,3,1,5,1,2,3,25,21,0,0,0,0,0,0,0,0,7,1,1,0,0,0,0,2,2,0,1,KRBKRNvK,DRAW,8/8/2B5/6r1/8/2R1n3/3K1k2/8 b - - 0 1
0,1,0,0,0,0,0,1,-1,1,0,1,1,1,0,0,0,0,0,16,0,0,3,4,6,7,4,2,3,23,27,0,0,0,0,0,0,0,0,7,1,1,0,0,0,0,2,0,0,0,KRBKRNvK,DRAW,B4R2/4K3/n7/7k/8/6r1/8/8 b - - 0 1
1,1,0,0,0,0,0,1,-1,1,0,1,1,1,0,0,0,0,0,16,0,0,3,6,3,3,1,2,2,4,0,1,0,0,0,0,0,0,0,7,1,1,0,0,0,0,1,2,1,1,KRBKRNvK,DRAW,8/8/1R6/8/3nr1K1/8/3k1B2/8 w - - 0 1
0,1,0,0,0,0,0,1,-1,1,0,1,1,1,0,0,0,0,0,16,0,0,7,0,7,7,1,6,5,23,26,0,0,0,0,0,0,0,0,7,1,1,1,0,0,0,2,2,0,0,KRBKRNvK,DRAW,K7/5R2/8/3r4/8/n7/1B5k/8 b - - 0 1
1,1,0,0,0,0,0,1,-1,1,0,1,1,1,0,0,0,0,0,16,0,0,3,0,4,3,6,3,2,3,0,1,0,0,0,0,0,0,0,7,1,1,0,1,0,0,3,0,2,0,KRBKRNvK,DRAW,8/3k4/5B2/K3R3/8/8/r7/2n5 w - - 0 1
1,1,0,0,0,0,0,1,-1,1,0,1,1,1,0,0,0,0,0,16,0,0,4,5,6,1,3,3,2,23,24,0,0,0,0,0,0,0,0,7,1,1,0,0,0,0,0,0,0,0,KRBKRNvK,DRAW,5R2/1n1B1K2/8/8/1k6/8/8/r7 w - - 0 1
1,1,0,0,0,0,0,1,-1,1,0,1,1,1,0,0,0,0,0,16,0,0,4,1,1,5,1,4,3,29,25,0,0,0,0,0,0,0,0,7,1,1,0,0,0,0,3,2,1,0,KRBKRNvK,DRAW,8/8/r4n2/7R/8/5B2/1K3k2/8 w - - 0 1
1,1,0,0,0,0,0,1,-1,1,0,1,1,1,0,0,0,0,0,16,0,0,7,4,7,3,0,3,3,25,19,0,0,0,0,0,0,0,0,7,1,1,0,1,0,0,2,0,0,0,KRBKRNvK,DRAW,4K3/8/7R/8/8/8/1nr5/3k3B w - - 0 1
0,1,0,0,0,0,0,1,-1,1,0,1,1,1,0,0,0,0,0,16,0,0,2,0,1,1,3,5,2,15,22,0,0,0,0,0,0,0,0,7,1,1,0,0,0,0,1,2,1,1,KRBKRNvK,DRAW,6B1/8/2R5/r7/nk6/8/K7/8 b - - 0 1
1,1,0,0,0,0,0,1,-1,1,0,1,1,1,0,0,0,0,0,16,0,0,3,5,4,6,7,1,5,26,23,0,0,0,0,0,0,0,0,7,1,1,0,0,0,0,3,2,0,0,KRBKRNvK,DRAW,4n1k1/8/8/1R3K2/r7/5B2/8/8 w - - 0 1
0,1,0,0,0,0,0,1,-1,1,0,1,1,1,0,0,0,0,0,16,0,0,3,6,1,3,4,4,0,22,17,0,0,0,0,0,0,0,0,7,1,1,0,0,0,0,1,3,0,2,KRBKRNvK,DRAW,7R/7B/8/3k4/8/8/6K1/5r1n b - - 0 1
1,1,0,0,0,0,0,1,-1,1,0,1,1,1,0,0,0,0,0,16,0,0,5,1,1,0,6,4,5,31,19,0,0,0,0,0,0,0,0,7,1,1,0,0,0,0,2,0,0,0,KRBKRNvK,DRAW,8/k2B1r2/8/8/2R5/8/1K5n/8 w - - 0 1
0,1,0,0,0,0,0,1,-1,1,0,1,1,1,0,0,0,0,0,16,0,0,2,5,2,7,3,2,3,1,0,1,0,0,0,0,0,0,0,7,1,1,0,0,0,0,1,1,1,1,KRBKRNvK,DRAW,8/5r2/8/5n2/7k/5K2/7R/3B4 b - - 0 1
1,1,0,0,0,0,0,1,-1,1,0,1,1,1,0,0,0,0,0,16,0,0,2,4,2,6,3,1,2,23,20,0,0,0,0,0,0,0,0,7,1,1,1,0,0,0,3,0,0,0,KRBKRNvK,DRAW,1r6/4R3/8/8/6k1/4K3/1n6/4B3 w - - 0 1
0,1,0,0,0,0,0,1,-1,1,0,1,1,1,0,0,0,0,0,16,0,0,4,2,7,6,6,4,4,6,0,1,0,0,0,0,0,0,0,7,1,1,1,0,0,0,0,0,0,1,KRBKRNvK,DRAW,2K5/1R4k1/r6n/B7/8/8/8/8 b - - 0 1
1,1,0,0,0,0,0,1,-1,1,0,1,1,1,0,0,0,0,0,16,0,0,6,2,6,3,0,3,3,4,0,1,0,0,0,0,0,0,0,7,1,1,0,0,0,0,2,1,0,2,KRBKRNvK,DRAW,8/2K5/r3n3/2B5/6R1/8/8/3k4 w - - 0 1
0,1,0,0,0,0,0,1,-1,1,0,1,1,1,0,0,0,0,0,16,0,0,5,1,6,6,3,4,2,27,23,0,0,0,0,0,0,0,0,7,1,1,1,0,0,0,3,2,0,2,KRBKRNvK,DRAW,8/1KnR3B/8/r7/6k1/8/8/8 b - - 0 1
0,1,0,0,0,0,0,1,-1,1,0,1,1,1,0,0,0,0,0,16,0,0,2,3,2,3,4,1,0,20,29,0,0,0,0,0,0,0,0,7,1,1,1,1,0,0,3,3,2,0,KRBKRNvK,DRAW,6n1/5R2/8/3k4/3B4/3K4/7r/8 b - - 0 1
0,1,0,0,0,0,0,1,-1,1,0,1,1,1,0,0,0,0,0,16,0,0,5,0,5,5,4,4,1,3,0,1,0,0,0,0,0,0,0,7,1,1,0,1,0,0,1,2,1,0,KRBKRNvK,DRAW,8/8/K7/5k1R/6n1/8/2B3r1/8 b - - 0 1
1,1,0,0,0,0,0,1,-1,1,0,1,1,1,0,0,0,0,0,16,0,0,6,7,3,1,6,3,4,30,18,0,0,0,0,0,0,0,0,7,1,1,0,0,0,0,2,1,0,0,KRBKRNvK,DRAW,4R3/1k6/8/1rn2B2/7K/8/8/8 w - - 0 1
1,1,0,0,0,0,0,1,-1,1,0,1,1,1,0,0,0,0,0,16,0,0,7,1,7,2,0,5,4,25,22,0,0,0,0,0,0,0,0,7,1,1,0,0,0,0,2,0,0,0,KRBKRNvK,DRAW,1K2B3/8/8/7R/8/6r1/1n6/2k5 w - - 0 1
0,1,0,0,0,0,0,1,-1,1,0,1,1,1,0,0,0,0,0,16,0,0,3,3,5,6,7,1,5,4,0,1,0,0,0,0,0,0,0,7,1,1,0,0,0,0,4,0,0,1,KRBKRNvK,DRAW,1n4k1/8/3K4/8/6R1/8/8/5B1r b - - 0 1
0,1,0,0,0,0,0,1,-1,1,0,1,1,1,0,0,0,0,0,16,0,0,3,1,3,1,6,2,4,12,22,0,0,0,0,0,0,0,0,7,1,1,0,0,0,0,2,2,0,2,KRBKRNvK,LOSS,8/1k6/8/3r4/1K2B2R/8/1n6/8 b - - 0 1
0,1,0,0,0,0,0,1,-1,1,0,1,1,1,0,0,0,0,0,16,0,0,3,1,2,4,3,3,0,6,0,1,0,0,0,0,0,0,0,7,1,1,0,0,0,0,3,3,0,1,KRBKRNvK,DRAW,4R3/6B1/8/2r5/4k3/1K6/8/6n1 b - - 0 1
0,1,0,0,0,0,0,1,-1,1,0,1,1,1,0,0,0,0,0,16,0,0,7,6,7,0,0,5,6,14,28,0,0,0,0,0,0,0,0,7,1,1,0,0,0,0,2,0,0,0,KRBKRNvK,DRAW,6K1/3B4/8/8/5R2/8/8/kr1n4 b - - 0 1
1,1,0,0,0,0,0,1,-1,1,0,1,1,1,0,0,0,0,0,16,0,0,2,6,3,4,2,2,1,21,17,0,0,0,0,0,0,0,0,7,1,1,0,0,0,0,0,2,0,0,KRBKRNvK,WIN,8/1n6/8/8/6KB/1r2k3/8/7R w - - 0 1
0,1,0,0,0,0,0,1,-1,1,0,1,1,1,0,0,0,0,0,16,0,0,2,0,2,2,3,4,1,25,21,0,0,0,0,0,0,0,0,7,1,1,0,0,0,0,2,3,1,0,KRBKRNvK,DRAW,1r6/2B5/8/R7/2k5/K4n2/8/8 b - - 0 1
0,1,0,0,0,0,0,1,-1,1,0,1,1,1,0,0,0,0,0,16,0,0,3,4,5,7,5,1,4,22,24,0,0,0,0,0,0,0,0,7,1,1,0,1,0,0,3,1,0,1,KRBKRNvK,DRAW,8/8/4K2k/5n2/4R3/8/7r/3B4 b - - 0 1
0,1,0,0,0,0,0,1,-1,1,0,1,1,1,0,0,0,0,0,16,0,0,5,2,7,7,2,4,4,19,24,0,0,0,0,0,0,0,0,7,1,1,0,0,0,0,2,3,1,0,KRBKRNvK,DRAW,2K5/1B6/8/8/7r/2n4k/6R1/8 b - - 0 1
1,1,0,0,0,0,0,1,-1,1,0,1,1,1,0,0,0,0,0,16,0,0,5,1,6,6,3,4,2,7,0,1,0,0,0,0,0,0,0,7,1,1,0,0,0,0,1,2,1,1,KRBKRNvK,DRAW,8/1K6/3n4/4r3/6k1/6B1/R7/8 w - - 0 1
1,1,0,0,0,0,0,1,-1,1,0,1,1,1,0,0,0,0,0,16,0,0,6,6,0,0,4,5,3,5,0,1,0,0,0,0,0,0,0,7,1,1,0,0,0,0,0,2,0,1,KRBKRNvK,DRAW,2B4R/8/8/k7/1r6/8/4n3/6K1 w - - 0 1
1,1,0,0,0,0,0,1,-1,1,0,1,1,1,0,0,0,0,0,16,0,0,5,6,4,1,3,2,2,22,22,0,0,0,0,0,0,0,0,7,1,1,0,0,0,0,2,2,0,0,KRBKRNvK,DRAW,8/8/8/1n4K1/1kr5/8/8/3BR3 w - - 0 1
0,1,0,0,0,0,0,1,-1,1,0,1,1,1,0,0,0,0,0,16,0,0,5,7,3,2,4,3,1,20,25,0,0,0,0,0,0,0,0,7,1,1,0,0,0,0,3,2,1,0,KRBKRNvK,DRAW,6r1/2B5/8/2k5/7K/8/3R4/7n b - - 0 1
1,1,0,0,0,0,0,1,-1,1,0,1,1,1,0,0,0,0,0,16,0,0,4,5,5,1,6,2,4,5,0,1,0,0,0,0,0,0,0,7,1,1,0,0,0,0,3,0,0,0,KRBKRNvK,DRAW,2n5/1k4B1/2r2K2/8/8/8/3R4/8 w - - 0 1
1,1,0,0,0,0,0,1,-1,1,0,1,1,1,0,0,0,0,0,16,0,0,3,6,6,3,4,4,0,28,18,0,0,0,0,0,0,0,0,7,1,1,0,1,0,0,0,4,1,0,KRBKRNvK,WIN,8/4B1K1/6R1/3k4/8/8/3r4/2n5 w - - 0 1
1,1,0,0,0,0,0,1,-1,1,0,1,1,1,0,0,0,0,0,16,0,0,4,4,7,0,5,3,4,28,20,0,0,0,0,0,0,0,0,7,1,1,0,0,0,0,1,0,1,0,KRBKRNvK,DRAW,4K3/7n/k7/2B5/8/8/6R1/5r2 w - - 0 1
0,1,0,0,0,0,0,1,-1,1,0,1,1,1,0,0,0,0,0,16,0,0,5,7,6,4,1,5,2,28,23,0,0,0,0,0,0,0,0,7,1,1,0,0,0,0,2,1,1,0,KRBKRNvK,DRAW,5B2/7K/8/1n6/2R5/6r1/4k3/8 b - - 0 1
0,1,0,0,0,0,0,1,-1,1,0,1,1,1,0,0,0,0,0,16,0,0,3,4,1,7,0,2,6,17,25,0,0,0,0,0,0,0,0,7,1,1,0,0,0,0,2,0,0,1,KRBKRNvK,DRAW,1n2R3/2B5/8/8/8/8/4K3/6rk b - - 0 1
1,1,0,0,0,0,0,1,-1,1,0,1,1,1,0,0,0,0,0,16,0,0,3,5,5,2,4,2,1,29,23,0,0,0,0,0,0,0,0,7,1,1,0,0,0,0,3,3,1,0,KRBKRNvK,DRAW,4B3/8/5K2/2k5/1R6/8/3n4/r7 w - - 0 1
0,1,0,0,0,0,0,1,-1,1,0,1,1,1,0,0,0,0,0,16,0,0,4,6,7,4,3,5,0,5,0,1,0,0,0,0,0,0,0,7,1,1,0,0,0,0,3,3,1,1,KRBKRNvK,DRAW,6K1/8/7r/8/n3k1R1/8/8/B7 b - - 0 1
1,1,0,0,0,0,0,1,-1,1,0,1,1,1,0,0,0,0,0,16,0,0,2,4,5,2,4,1,1,21,26,0,0,0,0,0,0,0,0,7,1,1,0,0,0,0,3,3,1,1,KRBKRNvK,DRAW,8/8/3nK3/B1k5/8/1r6/8/4R3 w - - 0 1
0,1,0,0,0,0,0,1,-1,1,0,1,1,1,0,0,0,0,0,16,0,0,5,5,0,6,5,4,3,16,24,0,0,0,0,0,0,0,0,7,1,1,0,0,0,0,0,0,1,0,KRBKRNvK,DRAW,8/r7/n5k1/8/6B1/5R2/8/5K2 b - - 0 1
0,1,0,0,0,0,0,1,-1,1,0,1,1,1,0,0,0,0,0,16,0,0,3,6,6,7,3,4,3,25,21,0,0,0,0,0,0,0,0,7,1,1,0,0,0,0,2,2,1,0,KRBKRNvK,DRAW,8/2B3K1/3r4/5R2/5n1k/8/8/8 b - - 0 1
0,1,0,0,0,0,0,1,-1,1,0,1,1,1,0,0,0,0,0,16,0,0,7,7,1,0,4,5,3,4,0,1,0,0,0,0,0,0,0,7,1,1,0,0,0,0,2,2,0,0,KRBKRNvK,DRAW,8/8/8/k5R1/3B4/8/n6K/4r3 b - - 0 1
0,1,0,0,0,0,0,1,-1,1,0,1,1,1,0,0,0,0,0,16,0,0,3,4,1,6,4,2,2,22,25,0,0,0,0,0,0,0,0,7,1,1,0,0,0,0,1,2,0,1,KRBKRNvK,DRAW,1R3n2/8/8/6k1/5r2/3B4/4K3/8 b - - 0 1
0,1,0,0,0,0,0,1,-1,1,0,1,1,1,0,0,0,0,0,16,0,0,3,3,0,1,3,3,2,18,25,0,0,0,0,0,0,0,0,7,1,1,0,0,0,0,1,0,0,0,KRBKRNvK,DRAW,8/8/7r/8/1k5n/4B3/8/R2K4 b - - 0 1
1,1,0,0,0,0,0,1,-1,1,0,1,1,1,0,0,0,0,0,16,0,0,6,1,6,5,0,4,4,4,0,1,0,0,0,0,0,0,0,7,1,1,1,0,0,0,1,2,0,1,KRBKRNvK,DRAW,3n4/1KB3R1/8/8/1r6/8/8/5k2 w - - 0 1
0,1,0,0,0,0,0,1,-1,1,0,1,1,1,0,0,0,0,0,16,0,0,3,1,2,1,5,3,3,22,32,0,0,0,0,0,0,0,0,7,1,1,0,0,0,0,2,2,0,0,KRBKRNvK,DRAW,8/1n6/1k3B2/7r/8/1K6/R7/8 b - - 0 1
0,1,0,0,0,0,0,1,-1,1,0,1,1,1,0,0,0,0,0,16,0,0,4,1,1,5,2,4,2,19,33,0,0,0,0,0,0,0,0,7,1,1,1,0,0,0,1,1,1,0,KRBKRNvK,DRAW,n7/6R1/7r/8/8/3B1k2/1K6/8 b - - 0 1
1,1,0,0,0,0,0,1,-1,1,0,1,1,1,0,0,0,0,0,16,0,0,4,5,7,1,7,4,5,4,0,1,0,0,0,0,0,0,0,7,1,1,0,0,0,0,2,0,1,1,KRBKRNvK,WIN,1k3KR1/7n/2B5/8/8/8/8/7r w - - 0 1
1,1,0,0,0,0,0,1,-1,1,0,1,1,1,0,0,0,0,0,16,0,0,4,1,0,0,4,5,3,27,16,0,0,0,0,0,0,0,0,7,1,1,0,0,0,0,2,1,1,1,KRBKRNvK,DRAW,8/8/2B5/k7/3R4/r3n3/8/1K6 w - - 0 1
1,1,0,0,0,0,0,1,-1,1,0,1,1,1,0,0,0,0,0,16,0,0,3,3,2,6,4,1,2,4,0,1,0,0,0,0,0,0,0,7,1,1,0,0,0,0,3,1,0,1,KRBKRNvK,LOSS,1Rr5/8/8/6k1/5n2/3K4/8/7B w - - 0 1
0,1,0,0,0,0,0,1,-1,1,0,1,1,1,0,0,0,0,0,16,0,0,3,7,0,5,3,6,1,20,24,0,0,0,0,0,0,0,0,7,1,1,0,0,0,0,2,3,1,0,KRBKRNvK,DRAW,7n/8/8/2r5/5k2/1R6/6B1/7K b - - 0 1
1,1,0,0,0,0,0,1,-1,1,0,1,1,1,0,0,0,0,0,16,0,0,6,7,5,1,3,4,2,26,29,0,0,0,0,0,0,0,0,7,1,1,0,0,0,0,0,1,0,0,KRBKRNvK,DRAW,r7/8/7K/8/1kn4B/8/8/6R1 w - - 0 1
1,1,0,0,0,0,0,1,-1,1,0,1,1,1,0,0,0,0,0,16,0,0,4,4,1,2,5,2,2,6,0,1,0,0,0,0,0,0,0,7,1,1,0,0,0,0,1,4,0,1,KRBKRNvK,DRAW,8/8/2k5/2n5/4r3/1R6/4K2B/8 w - - 0 1
1,1,0,0,0,0,0,1,-1,1,0,1,1,1,0,0,0,0,0,16,0,0,7,7,5,0,0,4,6,27,21,0,0,0,0,0,0,0,0,7,1,1,0,0,0,0,3,2,0,0,KRBKRNvK,DRAW,8/8/4R2K/n7/1r6/8/6B1/k7 w - - 0 1
0,1,0,0,0,0,0,1,-1,1,0,1,1,1,0,0,0,0,0,16,0,0,3,2,4,4,1,1,2,21,26,0,0,0,0,0,0,0,0,7,1,1,0,0,0,0,3,2,0,0,KRBKRNvK,DRAW,1n2r3/8/8/2K5/R7/8/B3k3/8 b - - 0 1
0,1,0,0,0,0,0,1,-1,1,0,1,1,1,0,0,0,0,0,16,0,0,3,7,5,4,6,4,2,24,19,0,0,0,0,0,0,0,0,7,1,1,0,1,0,0,3,0,0,1,KRBKRNvK,DRAW,7B/4k2n/7K/7R/8/8/6r1/8 b - - 0 1
1,1,0,0,0,0,0,1,-1,1,0,1,1,1,0,0,0,0,0,16,0,0,4,2,5,6,5,2,3,22,22,0,0,0,0,0,0,0,0,7,1,1,0,0,0,0,1,2,0,0,KRBKRNvK,DRAW,8/8/2K3k1/6r1/1B6/2R5/8/4n3 w - - 0 1
1,1,0,0,0,0,0,1,-1,1,0,1,1,1,0,0,0,0,0,16,0,0,3,0,3,3,6,3,2,24,24,0,0,0,0,0,0,0,0,7,1,1,0,0,0,0,1,2,1,0,KRBKRNvK,DRAW,5R2/2nk4/8/6r1/K7/8/8/1B6 w - - 0 1
0,1,0,0,0,0,0,1,-1,1,0,1,1,1,0,0,0,0,0,16,0,0,2,0,0,2,2,6,2,20,23,0,0,0,0,0,0,0,0,7,1,1,0,0,0,0,2,1,0,0,KRBKRNvK,DRAW,3n3r/8/8/5R2/5B2/2k5/8/K7 b - - 0 1
1,1,0,0,0,0,0,1,-1,1,0,1,1,1,0,0,0,0,0,16,0,0,2,1,3,3,4,2,0,5,0,1,0,0,0,0,0,0,0,7,1,1,0,0,0,0,2,3,2,1,KRBKRNvK,DRAW,7r/8/2nB4/3k4/1K2R3/8/8/8 w - - 0 1
0,1,0,0,0,0,0,1,-1,1,0,1,1,1,0,0,0,0,0,16,0,0,3,4,6,7,7,2,6,3,0,1,0,0,0,0,0,0,0,7,1,1,0,0,0,0,3,0,0,2,KRBKRNvK,DRAW,4n2k/4K3/6r1/7R/8/8/8/6B1 b - - 0 1
0,1,0,0,0,0,0,1,-1,1,0,1,1,1,0,0,0,0,0,16,0,0,2,1,4,0,2,2,4,2,0,1,0,0,0,0,0,0,0,7,1,1,1,1,0,0,1,0,1,0,KRBKRNvK,DRAW,3n4/R7/8/1K6/8/k7/6r1/1B6 b - - 0 1
1,1,0,0,0,0,0,1,-1,1,0,1,1,1,0,0,0,0,0,16,0,0,5,1,6,6,7,4,5,24,23,0,0,0,0,0,0,0,0,7,1,1,0,0,0,0,1,0,0,0,KRBKRNvK,DRAW,5rk1/1K6/8/4n3/8/8/R4B2/8 w - - 0 1
1,1,0,0,0,0,0,1,-1,1,0,1,1,1,0,0,0,0,0,16,0,0,3,0,7,1,4,6,2,24,26,0,0,0,0,0,0,0,0,7,1,1,0,0,0,0,2,1,0,1,KRBKRNvK,DRAW,K7/2r5/8/1k6/8/8/1Bn5/5R2 w - - 0 1
0,1,0,0,0,0,0,1,-1,1,0,1,1,1,0,0,0,0,0,16,0,0,6,0,4,6,2,3,3,24,22,0,0,0,0,0,0,0,0,7,1,1,0,0,0,0,2,1,0,0,KRBKRNvK,WIN,B7/7r/6n1/K7/8/6k1/R7/8 b - - 0 1
1,1,0,0,0,0,0,1,-1,1,0,1,1,1,0,0,0,0,0,16,0,0,2,2,0,0,2,4,4,2,0,1,0,0,0,0,0,0,0,7,1,1,1,0,0,0,1,2,0,1,KRBKRNvK,DRAW,8/1R6/8/3r4/8/k7/4n2B/2K5 w - - 0 1
1,1,0,0,0,0,0,1,-1,1,0,1,1,1,0,0,0,0,0,16,0,0,5,5,0,3,5,4,1,4,0,1,0,0,0,0,0,0,0,7,1,1,0,0,0,0,2,2,2,1,KRBKRNvK,DRAW,8/3B4/3k4/1R6/8/r3n3/8/5K2 w - - 0 1
1,1,0,0,0,0,0,1,-1,1,0,1,1,1,0,0,0,0,0,16,0,0,6,7,6,1,4,5,2,24,26,0,0,0,0,0,0,0,0,7,1,1,0,0,0,0,1,2,1,1,KRBKRNvK,DRAW,8/7K/8/1k3n2/r7/2R5/7B/8 w - - 0 1
1,1,0,0,0,0,0,1,-1,1,0,1,1,1,0,0,0,0,0,16,0,0,3,1,1,4,4,4,0,29,20,0,0,0,0,0,0,0,0,7,1,1,1,0,0,0,2,3,0,0,KRBKRNvK,DRAW,B2n1r2/7R/8/4k3/8/8/1K6/8 w - - 0 1
0,1,0,0,0,0,0,1,-1,1,0,1,1,1,0,0,0,0,0,16,0,0,2,1,2,0,0,3,6,1,0,1,0,0,0,0,0,0,0,7,1,1,0,0,0,0,2,2,0,1,KRBKRNvK,LOSS,8/3r4/R1B5/8/8/1K6/8/kn6 b - - 0 1
0,1,0,0,0,0,0,1,-1,1,0,1,1,1,0,0,0,0,0,16,0,0,5,4,5,0,0,1,6,22,23,0,0,0,0,0,0,0,0,7,1,1,0,0,0,0,2,2,0,1,KRBKRNvK,DRAW,7R/3r4/4K3/8/8/1n6/7B/k7 b - - 0 1
0,1,0,0,0,0,0,1,-1,1,0,1,1,1,0,0,0,0,0,16,0,0,4,3,2,7,5,1,4,25,25,0,0,0,0,0,0,0,0,7,1,1,1,0,0,0,3,1,0,0,KRBKRNvK,WIN,8/1B1R4/4n2k/8/8/3K4/8/r7 b - - 0 1
1,1,0,0,0,0,0,1,-1,1,0,1,1,1,0,0,0,0,0,16,0,0,5,4,2,4,7,1,3,29,19,0,0,0,0,0,0,0,0,7,1,1,1,0,0,0,2,2,1,0,KRBKRNvK,DRAW,4k3/6R1/8/4B3/7r/4K3/8/1n6 w - - 0 1
1,1,0,0,0,0,0,1,-1,1,0,1,1,1,0,0,0,0,0,16,0,0,2,3,2,3,0,1,3,3,0,1,0,0,0,0,0,0,0,7,1,1,0,0,0,0,4,0,1,1,KRBKRNvK,DRAW,8/8/8/6R1/8/1r1KB3/n7/3k4 w - - 0 1
0,1,0,0,0,0,0,1,-1,1,0,1,1,1,0,0,0,0,0,16,0,0,5,2,6,3,1,3,2,21,20,0,0,0,0,0,0,0,0,7,1,1,0,1,0,0,0,1,0,1,KRBKRNvK,DRAW,8/2Kn4/8/8/8/7R/3k2r1/7B b - - 0 1
1,1,0,0,0,0,0,1,-1,1,0,1,1,1,0,0,0,0,0,16,0,0,3,3,6,0,6,2,5,6,0,1,0,0,0,0,0,0,0,7,1,1,0,0,0,0,0,2,0,1,KRBKRNvK,DRAW,6R1/k2K1r2/8/8/8/2n5/8/5B2 w - - 0 1
0,1,0,0,0,0,0,1,-1,1,0,1,1,1,0,0,0,0,0,16,0,0,6,7,6,2,0,5,4,21,24,0,0,0,0,0,0,0,0,7,1,1,1,0,0,0,2,0,0,0,KRBKRNvK,DRAW,4B3/n3R2K/8/8/8/2r5/8/2k5 b - - 0 1
0,1,0,0,0,0,0,1,-1,1,0,1,1,1,0,0,0,0,0,16,0,0,5,7,2,2,7,4,4,4,0,1,0,0,0,0,0,0,0,7,1,1,0,1,0,0,0,1,1,0,KRBKRNvK,DRAW,2k5/8/2R5/8/2n5/7K/1r1B4/8 b - - 0 1
0,1,0,0,0,0,0,1,-1,1,0,1,1,1,0,0,0,0,0,16,0,0,2,1,4,3,3,2,0,3,0,1,0,0,0,0,0,0,0,7,1,1,0,0,0,0,2,3,1,0,KRBKRNvK,DRAW,5r2/8/3R4/1K4B1/3k3n/8/8/8 b - - 0 1
0,1,0,0,0,0,0,1,-1,1,0,1,1,1,0,0,0,0,0,16,0,0,5,3,0,3,5,3,1,4,0,1,0,0,0,0,0,0,0,7,1,1,0,0,0,0,0,3,0,0,KRBKRNvK,DRAW,8/8/3k2R1/2r5/8/6nB/8/3K4 b - - 0 1
0,1,0,0,0,0,0,1,-1,1,0,1,1,1,0,0,0,0,0,16,0,0,3,3,1,5,4,2,1,21,22,0,0,0,0,0,0,0,0,7,1,1,0,0,0,0,3,3,0,2,KRBKRNvK,DRAW,8/8/8/5k2/1R3n2/8/1B1K4/5r2 b - - 0 1
1,1,0,0,0,0,0,1,-1,1,0,1,1,1,0,0,0,0,0,16,0,0,2,2,5,4,4,2,0,15,27,0,0,0,0,0,0,0,0,7,1,1,0,0,0,0,1,3,0,1,KRBKRNvK,DRAW,8/8/1RK5/B3k3/4n3/8/8/3r4 w - - 0 1
1,1,0,0,0,0,0,1,-1,1,0,1,1,1,0,0,0,0,0,16,0,0,2,3,0,5,2,3,2,13,20,0,0,0,0,0,0,0,0,7,1,1,0,0,0,0,2,3,2,0,KRBKRNvK,DRAW,1n6/8/3r4/8/8/3B1k2/8/3KR3 w - - 0 1
1,1,0,0,0,0,0,1,-1,1,0,1,1,1,0,0,0,0,0,16,0,0,3,5,1,5,4,3,1,28,24,0,0,0,0,0,0,0,0,7,1,1,0,0,0,0,2,2,0,0,KRBKRNvK,DRAW,R7/8/2B3r1/4nk2/8/8/5K2/8 w - - 0 1
0,1,0,0,0,0,0,1,-1,1,0,1,1,1,0,0,0,0,0,16,0,0,2,4,0,4,2,3,1,3,0,1,0,0,0,0,0,0,0,7,1,1,0,0,0,0,3,2,0,1,KRBKRNvK,DRAW,8/8/1B6/7R/8/4kr2/8/4K2n b - - 0 1
0,1,0,0,0,0,0,1,-1,1,0,1,1,1,0,0,0,0,0,16,0,0,6,7,7,1,2,6,3,24,23,0,0,0,0,0,0,0,0,7,1,1,0,1,0,0,2,0,0,0,KRBKRNvK,DRAW,7K/n7/8/6RB/8/1k6/2r5/8 b - - 0 1
1,1,0,0,0,0,0,1,-1,1,0,1,1,1,0,0,0,0,0,16,0,0,4,4,1,0,3,2,3,7,0,1,0,0,0,0,0,0,0,7,1,1,0,0,0,0,2,2,0,1,KRBKRNvK,DRAW,8/8/7B/6R1/k6r/8/4K3/2n5 w - - 0 1
0,1,0,0,0,0,0,1,-1,1,0,1,1,1,0,0,0,0,0,16,0,0,3,4,6,7,5,2,4,4,0,1,0,0,0,0,0,0,0,7,1,1,0,0,0,0,1,0,0,0,KRBKRNvK,LOSS,8/4K3/7k/8/8/4BR2/7n/2r5 b - - 0 1
0,1,0,0,0,0,0,1,-1,1,0,1,1,1,0,0,0,0,0,16,0,0,6,0,2,6,7,4,5,22,27,0,0,0,0,0,0,0,0,7,1,1,0,0,0,0,3,0,0,0,KRBKRNvK,DRAW,6k1/6n1/8/8/1R6/K5B1/8/7r b - - 0 1
0,1,0,0,0,0,0,1,-1,1,0,1,1,1,0,0,0,0,0,16,0,0,3,1,1,3,4,4,0,23,33,0,0,0,0,0,0,0,0,7,1,1,0,0,0,0,2,3,1,0,KRBKRNvK,DRAW,8/4r3/8/3k4/R7/3B4/1K4n1/8 b - - 0 1
1,1,0,0,0,0,0,1,-1,1,0,1,1,1,0,0,0,0,0,16,0,0,3,1,7,0,4,5,3,5,0,1,0,0,0,0,0,0,0,7,1,1,0,0,0,0,2,0,1,0,KRBKRNvK,DRAW,1K5r/8/8/k7/2B5/n7/8/3R4 w - - 0 1
0,1,0,0,0,0,0,1,-1,1,0,1,1,1,0,0,0,0,0,16,0,0,6,6,6,0,2,4,4,21,27,0,0,0,0,0,0,0,0,7,1,1,0,0,0,0,2,0,0,1,KRBKRNvK,DRAW,8/6K1/7r/8/3R4/k7/6B1/3n4 b - - 0 1
1,1,0,0,0,0,0,1,-1,1,0,1,1,1,0,0,0,0,0,16,0,0,5,3,1,2,6,2,3,27,25,0,0,0,0,0,0,0,0,7,1,1,0,0,0,0,3,1,0,0,KRBKRNvK,DRAW,8/2k5/6n1/5R2/8/2B5/3K4/6r1 w - - 0 1
1,1,0,0,0,0,0,1,-1,1,0,1,1,1,0,0,0,0,0,16,0,0,6,1,3,7,6,2,5,28,20,0,0,0,0,0,0,0,0,7,1,1,0,0,0,0,0,1,0,0,KRBKRNvK,DRAW,8/r4n1k/2R5/8/1K4B1/8/8/8 w - - 0 1
1,1,0,0,0,0,0,1,-1,1,0,1,1,1,0,0,0,0,0,16,0,0,3,1,3,4,3,2,0,26,19,0,0,0,0,0,0,0,0,7,1,1,1,0,0,0,0,4,0,0,KRBKRNvK,DRAW,8/6R1/8/4r3/1K2k3/7B/7n/8 w - - 0 1
1,1,0,0,0,0,0,1,-1,1,0,1,1,1,0,0,0,0,0,16,0,0,6,2,6,6,0,3,5,26,21,0,0,0,0,0,0,0,0,7,1,1,0,0,0,0,2,0,1,1,KRBKRNvK,DRAW,r7/2K5/8/8/1R6/7B/8/3n2k1 w - - 0 1
0,1,0,0,0,0,0,1,-1,1,0,1,1,1,0,0,0,0,0,16,0,0,4,5,6,1,6,3,4,23,31,0,0,0,0,0,0,0,0,7,1,1,0,0,0,0,2,2,2,0,KRBKRNvK,DRAW,3R4/1k3K2/8/1B6/r7/8/2n5/8 b - - 0 1
0,1,0,0,0,0,0,1,-1,1,0,1,1,1,0,0,0,0,0,16,0,0,6,7,1,1,0,5,5,22,25,0,0,0,0,0,0,0,0,7,1,1,0,0,0,0,3,1,0,0,KRBKRNvK,DRAW,1B6/8/8/8/6R1/r2n4/7K/1k6 b - - 0 1
1,1,0,0,0,0,0,1,-1,1,0,1,1,1,0,0,0,0,0,16,0,0,4,5,4,6,0,1,5,30,21,0,0,0,0,0,0,0,0,7,1,1,0,0,0,0,4,1,0,0,KRBKRNvK,DRAW,8/1B6/3R4/5K2/8/1r6/4n3/6k1 w - - 0 1
1,1,0,0,0,0,0,1,-1,1,0,1,1,1,0,0,0,0,0,16,0,0,4,0,5,0,1,4,5,24,24,0,0,0,0,0,0,0,0,7,1,1,1,0,0,0,2,1,0,0,KRBKRNvK,DRAW,8/3RB3/K5n1/8/8/2r5/k7/8 w - - 0 1
0,1,0,0,0,0,0,1,-1,1,0,1,1,1,0,0,0,0,0,16,0,0,5,5,2,0,6,2,5,22,24,0,0,0,0,0,0,0,0,7,1,1,0,0,0,0,2,1,0,1,KRBKRNvK,DRAW,8/k7/6R1/8/8/5KB1/5n2/2r5 b - - 0 1
0,1,0,0,0,0,0,1,-1,1,0,1,1,1,0,0,0,0,0,16,0,0,3,4,1,1,0,2,5,22,26,0,0,0,0,0,0,0,0,7,1,1,0,0,0,0,2,0,0,1,KRBKRNvK,DRAW,8/2B5/8/5R2/8/6r1/1n2K3/1k6 b - - 0 1
0,1,0,0,0,0,0,1,-1,1,0,1,1,1,0,0,0,0,0,16,0,0,5,7,6,7,1,5,5,3,0,1,0,0,0,0,0,0,0,7,1,1,0,0,0,0,3,1,1,0,KRBKRNvK,DRAW,8/6BK/8/8/7R/4n3/7k/r7 b - - 0 1
0,1,0,0,0,0,0,1,-1,1,0,1,1,1,0,0,0,0,0,16,0,0,7,7,7,0,5,6,4,22,21,0,0,0,0,0,0,0,0,7,1,1,0,0,0,0,3,2,1,0,KRBKRNvK,DRAW,B3R2K/8/k7/8/2r5/8/6n1/8 b - - 0 1
1,1,0,0,0,0,0,1,-1,1,0,1,1,1,0,0,0,0,0,16,0,0,5,6,5,1,4,3,2,22,21,0,0,0,0,0,0,0,0,7,1,1,0,0,0,0,0,2,0,1,KRBKRNvK,DRAW,3B1R2/8/6K1/1k2r3/8/8/8/6n1 w - - 0 1
1,1,0,0,0,0,0,1,-1,1,0,1,1,1,0,0,0,0,0,16,0,0,2,5,4,6,2,1,3,4,0,1,0,0,0,0,0,0,0,7,1,1,0,0,0,0,3,1,0,2,KRBKRNvK,DRAW,8/8/1B6/5K2/8/3n1rk1/2R5/8 w - - 0 1
1,1,0,0,0,0,0,1,-1,1,0,1,1,1,0,0,0,0,0,16,0,0,2,6,1,6,3,4,2,22,23,0,0,0,0,0,0,0,0,7,1,1,0,0,0,0,2,3,0,0,KRBKRNvK,DRAW,B7/3n4/8/8/6k1/3r4/1R4K1/8 w - - 0 1
0,1,0,0,0,0,0,1,-1,1,0,1,1,1,0,0,0,0,0,16,0,0,4,1,4,5,5,2,2,25,25,0,0,0,0,0,0,0,0,7,1,1,0,0,0,0,0,4,1,1,KRBKRNvK,DRAW,8/4n3/5k2/1K5B/2r5/R7/8/8 b - - 0 1
1,1,0,0,0,0,0,1,-1,1,0,1,1,1,0,0,0,0,0,16,0,0,6,4,0,1,6,3,4,5,0,1,0,0,0,0,0,0,0,7,1,1,0,0,0,0,1,0,1,0,KRBKRNvK,DRAW,8/1k6/5R2/2B5/8/8/n7/4K2r w - - 0 1
0,1,0,0,0,0,0,1,-1,1,0,1,1,1,0,0,0,0,0,16,0,0,3,4,6,7,5,2,4,23,18,0,0,0,0,0,0,0,0,7,1,1,1,0,0,0,0,0,0,0,KRBKRNvK,DRAW,8/R3K3/7k/8/B7/5r2/6n1/8 b - - 0 1
0,1,0,0,0,0,0,1,-1,1,0,1,1,1,0,0,0,0,0,16,0,0,3,1,3,4,0,2,3,21,26,0,0,0,0,0,0,0,0,7,1,1,0,0,0,0,0,0,1,1,KRBKRNvK,DRAW,8/2r5/8/7B/nK6/6R1/8/4k3 b - - 0 1
0,1,0,0,0,0,0,1,-1,1,0,1,1,1,0,0,0,0,0,16,0,0,4,3,1,6,5,2,3,5,0,1,0,0,0,0,0,0,0,7,1,1,0,0,0,0,2,0,0,0,KRBKRNvK,LOSS,8/6r1/2R3k1/8/8/8/3K4/B5n1 b - - 0 1
0,1,0,0,0,0,0,1,-1,1,0,1,1,1,0,0,0,0,0,16,0,0,2,2,3,4,3,1,0,22,24,0,0,0,0,0,0,0,0,7,1,1,0,0,0,0,2,3,0,0,KRBKRNvK,DRAW,R2n4/8/1B6/8/2K1k3/8/8/7r b - - 0 1
1,1,0,0,0,0,0,1,-1,1,0,1,1,1,0,0,0,0,0,16,0,0,5,1,2,6,1,3,4,23,21,0,0,0,0,0,0,0,0,7,1,1,1,0,0,0,0,2,0,1,KRBKRNvK,DRAW,8/6R1/8/6B1/8/1Kn3r1/6k1/8 w - - 0 1
0,1,0,0,0,0,0,1,-1,1,0,1,1,1,0,0,0,0,0,16,0,0,3,3,6,3,3,2,0,27,28,0,0,0,0,0,0,0,0,7,1,1,0,0,0,0,0,4,0,0,KRBKRNvK,DRAW,5R2/3K4/8/7r/3k2B1/8/4n3/8 b - - 0 1
0,1,0,0,0,0,0,1,-1,1,0,1,1,1,0,0,0,0,0,16,0,0,3,5,4,3,7,1,3,22,29,0,0,0,0,0,0,0,0,7,1,1,0,0,0,0,3,2,0,1,KRBKRNvK,DRAW,3k4/3r4/1n6/5K2/8/6R1/8/B7 b - - 0 1
1,1,0,0,0,0,0,1,-1,1,0,1,1,1,0,0,0,0,0,16,0,0,2,6,4,7,6,2,5,26,24,0,0,0,0,0,0,0,0,7,1,1,0,0,0,0,3,2,0,1,KRBKRNvK,DRAW,8/4r2k/8/R5K1/8/3n4/6B1/8 w - - 0 1
0,1,0,0,0,0,0,1,-1,1,0,1,1,1,0,0,0,0,0,16,0,0,2,4,5,4,7,1,3,19,20,0,0,0,0,0,0,0,0,7,1,1,0,0,0,0,3,2,1,1,KRBKRNvK,DRAW,4k3/B7/4KR2/8/2r5/8/8/3n4 b - - 0 1
0,1,0,0,0,0,0,1,-1,1,0,1,1,1,0,0,0,0,0,16,0,0,4,0,6,3,2,5,1,25,20,0,0,0,0,0,0,0,0,7,1,1,0,0,0,0,1,3,0,0,KRBKRNvK,DRAW,1B1n1R2/K7/8/8/4r3/3k4/8/8 b - - 0 1
0,1,0,0,0,0,0,1,-1,1,0,1,1,1,0,0,0,0,0,16,0,0,4,1,5,5,4,3,1,4,0,1,0,0,0,0,0,0,0,7,1,1,0,1,0,0,2,3,1,1,KRBKRNvK,DRAW,2B5/8/1K6/1n3k2/3R4/8/7r/8 b - - 0 1
0,1,0,0,0,0,0,1,-1,1,0,1,1,1,0,0,0,0,0,16,0,0,5,2,1,7,0,3,6,24,30,0,0,0,0,0,0,0,0,7,1,1,0,0,0,0,3,3,0,0,KRBKRNvK,DRAW,4R3/3r4/8/2B5/8/5n2/2K5/7k b - - 0 1
0,1,0,0,0,0,0,1,-1,1,0,1,1,1,0,0,0,0,0,16,0,0,7,0,3,7,4,3,3,23,23,0,0,0,0,0,0,0,0,7,1,1,1,0,0,0,3,2,0,0,KRBKRNvK,DRAW,8/2BR4/6n1/5r1k/K7/8/8/8 b - - 0 1
1,1,0,0,0,0,0,1,-1,1,0,1,1,1,0,0,0,0,0,16,0,0,4,0,4,4,7,3,3,4,0,1,0,0,0,0,0,0,0,7,1,1,0,1,0,0,1,0,0,0,KRBKRNvK,DRAW,1B2k3/6n1/8/K7/8/1R6/r7/8 w - - 0 1
0,1,0,0,0,0,0,1,-1,1,0,1,1,1,0,0,0,0,0,16,0,0,4,4,0,5,4,3,1,26,21,0,0,0,0,0,0,0,0,7,1,1,0,1,0,0,0,2,0,0,KRBKRNvK,DRAW,2n5/8/8/1B3k2/8/8/7r/2R1K3 b - - 0 1
1,1,0,0,0,0,0,1,-1,1,0,1,1,1,0,0,0,0,0,16,0,0,5,0,2,5,7,4,4,23,15,0,0,0,0,0,0,0,0,7,1,1,1,0,0,0,0,1,1,0,KRBKRNvK,DRAW,3B1kr1/R7/8/8/8/K7/4n3/8 w - - 0 1
0,1,0,0,0,0,0,1,-1,1,0,1,1,1,0,0,0,0,0,16,0,0,5,5,2,0,7,2,6,1,0,1,0,0,0,0,0,0,0,7,1,1,1,0,0,0,3,1,1,1,KRBKRNvK,DRAW,k2r4/4R3/2B5/3n4/8/5K2/8/8 b - - 0 1
1,1,0,0,0,0,0,1,-1,1,0,1,1,1,0,0,0,0,0,16,0,0,6,0,7,6,5,6,3,2,0,1,0,0,0,0,0,0,0,7,1,1,0,0,0,0,2,2,0,0,KRBKRNvK,DRAW,K2r4/8/6k1/8/8/8/3BR3/7n w - - 0 1
1,1,0,0,0,0,0,1,-1,1,0,1,1,1,0,0,0,0,0,16,0,0,5,6,3,1,4,2,2,27,24,0,0,0,0,0,0,0,0,7,1,1,1,0,0,0,2,2,1,2,KRBKRNvK,DRAW,8/3R4/4r3/1k6/6K1/8/3B2n1/8 w - - 0 1
1,1,0,0,0,0,0,1,-1,1,0,1,1,1,0,0,0,0,0,16,0,0,6,6,1,0,7,4,6,25,20,0,0,0,0,0,0,0,0,7,1,1,0,0,0,0,2,0,0,0,KRBKRNvK,DRAW,k7/3B4/8/7n/3R4/8/6K1/r7 w - - 0 1
1,1,0,0,0,0,0,1,-1,1,0,1,1,1,0,0,0,0,0,16,0,0,2,4,5,6,3,1,2,6,0,1,0,0,0,0,0,0,0,7,1,1,0,1,0,0,3,1,1,1,KRBKRNvK,DRAW,6B1/8/4K3/6n1/6k1/4R3/r7/8 w - - 0 1
0,1,0,0,0,0,0,1,-1,1,0,1,1,1,0,0,0,0,0,16,0,0,5,2,4,7,0,1,6,22,22,0,0,0,0,0,0,0,0,7,1,1,0,0,0,0,3,2,0,0,KRBKRNvK,DRAW,1B6/8/1R6/2K5/5r2/6n1/8/7k b - - 0 1
0,1,0,0,0,0,0,1,-1,1,0,1,1,1,0,0,0,0,0,16,0,0,3,2,3,2,0,1,4,4,0,1,0,0,0,0,0,0,0,7,1,1,0,0,0,0,2,0,1,1,KRBKRNvK,DRAW,8/8/n7/8/2K5/8/3B3R/r1k5 b - - 0 1
0,1,0,0,0,0,0,1,-1,1,0,1,1,1,0,0,0,0,0,16,0,0,5,6,0,1,0,5,5,4,0,1,0,0,0,0,0,0,0,7,1,1,0,0,0,0,1,1,1,0,KRBKRNvK,DRAW,8/2r5/1B6/5n2/8/1R6/8/1k4K1 b - - 0 1
1,1,0,0,0,0,0,1,-1,1,0,1,1,1,0,0,0,0,0,16,0,0,6,7,4,1,7,3,5,22,21,0,0,0,0,0,0,0,0,7,1,1,1,0,0,0,0,2,1,0,KRBKRNvK,DRAW,1k6/3B2R1/8/7K/1r6/8/8/2n5 w - - 0 1
0,1,0,0,0,0,0,1,-1,1,0,1,1,1,0,0,0,0,0,16,0,0,5,3,0,4,5,3,1,19,28,0,0,0,0,0,0,0,0,7,1,1,0,0,0,0,1,3,0,0,KRBKRNvK,DRAW,8/8/4kr2/6n1/8/6B1/R7/3K4 b - - 0 1
0,1,0,0,0,0,0,1,-1,1,0,1,1,1,0,0,0,0,0,16,0,0,6,6,2,0,0,3,6,2,0,1,0,0,0,0,0,0,0,7,1,1,0,0,0,0,3,1,1,1,KRBKRNvK,DRAW,8/8/1r6/8/R7/1B4K1/5n2/k7 b - - 0 1
0,1,0,0,0,0,0,1,-1,1,0,1,1,1,0,0,0,0,0,16,0,0,6,6,6,0,5,4,4,2,0,1,0,0,0,0,0,0,0,7,1,1,0,0,0,0,2,2,1,0,KRBKRNvK,DRAW,2B5/6K1/k7/5R2/3r3n/8/8/8 b - - 0 1
1,1,0,0,0,0,0,1,-1,1,0,1,1,1,0,0,0,0,0,16,0,0,4,5,0,5,4,4,1,23,22,0,0,0,0,0,0,0,0,7,1,1,1,0,0,0,2,3,0,0,KRBKRNvK,DRAW,B7/R7/8/5k2/5n1r/8/8/5K2 w - - 0 1
0,1,0,0,0,0,0,1,-1,1,0,1,1,1,0,0,0,0,0,16,0,0,3,3,4,0,3,0,3,21,21,0,0,0,0,0,0,0,0,7,1,1,0,0,0,0,4,0,0,0,KRBKRNvK,DRAW,n7/4B3/3R4/3K4/k7/8/8/5r2 b - - 0 1
0,1,0,0,0,0,0,1,-1,1,0,1,1,1,0,0,0,0,0,16,0,0,2,4,4,6,4,0,2,17,20,0,0,0,0,0,0,0,0,7,1,1,0,1,0,0,4,0,0,0,KRBKRNvK,DRAW,8/8/8/B2RK1k1/8/8/1n4r1/8 b - - 0 1
0,1,0,0,0,0,0,1,-1,1,0,1,1,1,0,0,0,0,0,16,0,0,7,1,0,3,7,5,3,4,0,1,0,0,0,0,0,0,0,7,1,1,0,0,0,0,3,0,0,0,KRBKRNvK,DRAW,n2k2r1/8/8/8/3R4/8/5B2/1K6 b - - 0 1
1,1,0,0,0,0,0,1,-1,1,0,1,1,1,0,0,0,0,0,16,0,0,3,4,3,3,6,0,2,6,0,1,0,0,0,0,0,0,0,7,1,1,0,0,0,0,4,1,1,1,KRBKRNvK,DRAW,8/3k4/4R3/n7/2B1K1r1/8/8/8 w - - 0 1
1,1,0,0,0,0,0,1,-1,1,0,1,1,1,0,0,0,0,0,16,0,0,3,5,4,5,7,1,4,24,24,0,0,0,0,0,0,0,0,7,1,1,0,1,0,0,3,1,0,1,KRBKRNvK,DRAW,5k2/5n2/8/5K2/R7/8/1r6/1B6 w - - 0 1
1,1,0,0,0,0,0,1,-1,1,0,1,1,1,0,0,0,0,0,16,0,0,2,1,5,1,3,3,2,28,23,0,0,0,0,0,0,0,0,7,1,1,1,0,0,0,2,1,0,0,KRBKRNvK,DRAW,8/7R/1K3B2/8/1k6/8/4n3/2r5 w - - 0 1
0,1,0,0,0,0,0,1,-1,1,0,1,1,1,0,0,0,0,0,16,0,0,5,7,4,2,3,3,1,20,23,0,0,0,0,0,0,0,0,7,1,1,0,0,0,0,1,3,0,1,KRBKRNvK,DRAW,1R6/8/7n/7K/2k1r3/5B2/8/8 b - - 0 1
1,1,0,0,0,0,0,1,-1,1,0,1,1,1,0,0,0,0,0,16,0,0,7,1,7,4,0,5,3,25,21,0,0,0,0,0,0,0,0,7,1,1,0,1,0,0,1,0,1,0,KRBKRNvK,DRAW,1K6/8/8/8/5B2/6R1/2r5/1n2k3 w - - 0 1
0,1,0,0,0,0,0,1,-1,1,0,1,1,1,0,0,0,0,0,16,0,0,5,5,5,7,0,2,6,17,23,0,0,0,0,0,0,0,0,7,1,1,0,0,0,0,2,0,0,1,KRBKRNvK,DRAW,8/7r/5K2/8/2RB4/7n/8/7k b - - 0 1
1,1,0,0,0,0,0,1,-1,1,0,1,1,1,0,0,0,0,0,16,0,0,5,7,6,4,1,5,2,4,0,1,0,0,0,0,0,0,0,7,1,1,0,0,0,0,4,2,1,0,KRBKRNvK,DRAW,8/n6K/8/3R4/7r/8/4k1B1/8 w - - 0 1
0,1,0,0,0,0,0,1,-1,1,0,1,1,1,0,0,0,0,0,16,0,0,4,1,1,5,2,4,2,22,23,0,0,0,0,0,0,0,0,7,1,1,0,0,0,0,0,3,1,1,KRBKRNvK,DRAW,8/8/6B1/5r2/1n6/5k2/1K5R/8 b - - 0 1
0,1,0,0,0,0,0,1,-1,1,0,1,1,1,0,0,0,0,0,16,0,0,3,3,7,0,6,3,5,3,0,1,0,0,0,0,0,0,0,7,1,1,1,0,0,0,0,2,1,0,KRBKRNvK,DRAW,2BK4/k6R/8/8/r7/8/8/6n1 b - - 0 1
0,1,0,0,0,0,0,1,-1,1,0,1,1,1,0,0,0,0,0,16,0,0,5,2,4,7,3,1,3,21,24,0,0,0,0,0,0,0,0,7,1,1,1,0,0,0,3,1,1,1,KRBKRNvK,DRAW,8/2R5/6B1/2K5/2n4k/8/8/7r b - - 0 1
0,1,0,0,0,0,0,1,-1,1,0,1,1,1,0,0,0,0,0,16,0,0,6,7,1,1,5,5,3,20,26,0,0,0,0,0,0,0,0,7,1,1,0,0,0,0,3,0,1,0,KRBKRNvK,DRAW,n7/5r2/1k2B3/8/2R5/8/7K/8 b - - 0 1
1,1,0,0,0,0,0,1,-1,1,0,1,1,1,0,0,0,0,0,16,0,0,5,7,2,5,7,4,4,26,23,0,0,0,0,0,0,0,0,7,1,1,0,0,0,0,0,2,1,0,KRBKRNvK,DRAW,3B1k2/5n2/8/3r4/8/7K/1R6/8 w - - 0 1
1,1,0,0,0,0,0,1,-1,1,0,1,1,1,0,0,0,0,0,16,0,0,3,2,2,3,5,2,1,29,12,0,0,0,0,0,0,0,0,7,1,1,0,0,0,0,3,2,1,0,KRBKRNvK,DRAW,8/1n1r4/3k4/8/4R3/2K5/B7/8 w - - 0 1
1,1,0,0,0,0,0,1,-1,1,0,1,1,1,0,0,0,0,0,16,0,0,2,1,2,3,0,3,3,6,0,1,0,0,0,0,0,0,0,7,1,1,0,0,0,0,1,0,0,1,KRBKRNvK,LOSS,R7/r4B2/8/n7/8/1K6/8/3k4 w - - 0 1
0,1,0,0,0,0,0,1,-1,1,0,1,1,1,0,0,0,0,0,16,0,0,4,6,5,3,1,3,2,6,0,1,0,0,0,0,0,0,0,7,1,1,0,0,0,0,1,3,1,0,KRBKRNvK,DRAW,8/8/6K1/8/3r4/1n2B2R/3k4/8 b - - 0 1
1,1,0,0,0,0,0,1,-1,1,0,1,1,1,0,0,0,0,0,16,0,0,3,3,5,5,2,1,2,23,19,0,0,0,0,0,0,0,0,7,1,1,0,1,0,0,3,2,1,0,KRBKRNvK,DRAW,4B3/8/3K4/8/3R4/5k2/4r3/6n1 w - - 0 1
0,1,0,0,0,0,0,1,-1,1,0,1,1,1,0,0,0,0,0,16,0,0,6,6,2,0,4,3,3,22,25,0,0,0,0,0,0,0,0,7,1,1,0,0,0,0,1,2,0,2,KRBKRNvK,DRAW,6B1/8/8/k7/8/6K1/5Rn1/4r3 b - - 0 1
1,1,0,0,0,0,0,1,-1,1,0,1,1,1,0,0,0,0,0,16,0,0,5,2,2,2,7,2,4,28,20,0,0,0,0,0,0,0,0,7,1,1,1,0,0,0,2,2,0,1,KRBKRNvK,DRAW,2k5/7R/8/8/r7/2KB4/6n1/8 w - - 0 1
0,1,0,0,0,0,0,1,-1,1,0,1,1,1,0,0,0,0,0,16,0,0,5,1,4,6,1,2,4,6,0,1,0,0,0,0,0,0,0,7,1,1,0,0,0,0,2,2,2,1,KRBKRNvK,DRAW,2n5/3r4/8/1K6/8/8/6k1/4RB2 b - - 0 1
0,1,0,0,0,0,0,1,-1,1,0,1,1,1,0,0,0,0,0,16,0,0,2,2,6,0,7,3,6,18,17,0,0,0,0,0,0,0,0,7,1,1,1,0,0,0,2,2,1,1,KRBKRNvK,DRAW,k6B/1RK5/3r4/8/8/8/6n1/8 b - - 0 1
1,1,0,0,0,0,0,1,-1,1,0,1,1,1,0,0,0,0,0,16,0,0,2,7,3,7,5,3,4,22,21,0,0,0,0,0,0,0,0,7,1,1,0,0,0,0,1,2,0,0,KRBKRNvK,DRAW,8/8/3B3k/8/n6K/7R/8/4r3 w - - 0 1
0,1,0,0,0,0,0,1,-1,1,0,1,1,1,0,0,0,0,0,16,0,0,4,2,2,6,2,2,3,6,0,1,0,0,0,0,0,0,0,7,1,1,0,0,0,0,3,2,2,0,KRBKRNvK,DRAW,3r4/8/8/4R3/8/2K3k1/8/4B1n1 b - - 0 1
0,1,0,0,0,0,0,1,-1,1,0,1,1,1,0,0,0,0,0,16,0,0,2,4,4,6,2,0,3,22,24,0,0,0,0,0,0,0,0,7,1,1,0,0,0,0,4,1,0,1,KRBKRNvK,DRAW,8/6r1/5B2/4K3/R7/6k1/3n4/8 b - - 0 1
1,1,0,0,0,0,0,1,-1,1,0,1,1,1,0,0,0,0,0,16,0,0,6,1,7,6,1,5,4,5,0,1,0,0,0,0,0,0,0,7,1,1,0,0,0,0,1,3,1,0,KRBKRNvK,DRAW,1K6/8/7R/8/1r6/5n2/6kB/8 w - - 0 1
0,1,0,0,0,0,0,1,-1,1,0,1,1,1,0,0,0,0,0,16,0,0,4,1,2,5,0,3,4,4,0,1,0,0,0,0,0,0,0,7,1,1,0,1,0,0,0,2,0,0,KRBKRNvK,DRAW,n4R2/8/7B/8/8/1K6/4r3/5k2 b - - 0 1
1,1,0,0,0,0,0,1,-1,1,0,1,1,1,0,0,0,0,0,16,0,0,6,1,4,7,2,2,4,28,20,0,0,0,0,0,0,0,0,7,1,1,0,0,0,0,1,2,1,0,KRBKRNvK,DRAW,8/8/8/1K6/4r3/6Bk/n7/2R5 w - - 0 1
0,1,0,0,0,0,0,1,-1,1,0,1,1,1,0,0,0,0,0,16,0,0,2,4,2,5,0,1,4,18,28,0,0,0,0,0,0,0,0,7,1,1,0,0,0,0,3,2,0,0,KRBKRNvK,DRAW,3R4/8/5n1r/8/1B6/4K3/8/5k2 b - - 0 1
0,1,0,0,0,0,0,1,-1,1,0,1,1,1,0,0,0,0,0,16,0,0,7,5,7,7,0,4,6,23,23,0,0,0,0,0,0,0,0,7,1,1,1,0,0,0,1,3,1,0,KRBKRNvK,DRAW,5K2/5R2/2n5/8/1r6/8/5B2/7k b - - 0 1
0,1,0,0,0,0,0,1,-1,1,0,1,1,1,0,0,0,0,0,16,0,0,4,4,5,0,1,1,5,21,26,0,0,0,0,0,0,0,0,7,1,1,0,0,0,0,2,0,1,0,KRBKRNvK,DRAW,3B4/7r/4K3/8/8/n1R5/k7/8 b - - 0 1
1,1,0,0,0,0,0,1,-1,1,0,1,1,1,0,0,0,0,0,16,0,0,4,3,0,7,4,3,3,3,0,1,0,0,0,0,0,0,0,7,1,1,0,0,0,0,0,0,1,0,KRBKRNvK,DRAW,3B4/8/8/7k/8/n5R1/8/3K3r w - - 0 1
0,1,0,0,0,0,0,1,-1,1,0,1,1,1,0,0,0,0,0,16,0,0,6,2,0,5,6,4,3,27,22,0,0,0,0,0,0,0,0,7,1,1,0,0,0,0,0,0,0,1,KRBKRNvK,DRAW,8/5k2/8/3n4/8/1r6/6R1/2K2B2 b - - 0 1
0,1,0,0,0,0,0,1,-1,1,0,1,1,1,0,0,0,0,0,16,0,0,3,1,7,1,4,5,2,25,29,0,0,0,0,0,0,0,0,7,1,1,0,0,0,0,2,0,0,0,KRBKRNvK,DRAW,1K6/8/6r1/1k6/5B2/8/7n/4R3 b - - 0 1
0,1,0,0,0,0,0,1,-1,1,0,1,1,1,0,0,0,0,0,16,0,0,3,0,6,3,3,5,0,5,0,1,0,0,0,0,0,0,0,7,1,1,0,0,0,0,3,3,1,1,KRBKRNvK,DRAW,8/K7/8/2r3n1/3k3R/5B2/8/8 b - - 0 1
0,1,0,0,0,0,0,1,-1,1,0,1,1,1,0,0,0,0,0,16,0,0,3,5,6,3,3,3,0,27,26,0,0,0,0,0,0,0,0,7,1,1,0,0,0,0,2,3,0,1,KRBKRNvK,DRAW,8/5K2/7r/6R1/3k1n2/8/8/3B4 b - - 0 1
0,1,0,0,0,0,0,1,-1,1,0,1,1,1,0,0,0,0,0,16,0,0,3,5,4,2,6,1,3,24,28,0,0,0,0,0,0,0,0,7,1,1,0,0,0,0,3,1,0,0,KRBKRNvK,DRAW,6R1/2k5/r7/5K2/8/1n6/5B2/8 b - - 0 1
1,1,0,0,0,0,0,1,-1,1,0,1,1,1,0,0,0,0,0,16,0,0,4,0,6,0,2,5,4,26,22,0,0,0,0,0,0,0,0,7,1,1,0,0,0,0,2,2,0,0,KRBKRNvK,DRAW,8/K7/4R3/7B/2r5/k7/8/2n5 w - - 0 1
1,1,0,0,0,0,0,1,-1,1,0,1,1,1,0,0,0,0,0,16,0,0,2,7,6,5,7,5,4,13,23,0,0,0,0,0,0,0,0,7,1,1,0,0,0,0,1,1,0,0,KRBKRNvK,DRAW,5k2/7K/r7/8/8/8/4n3/6BR w - - 0 1
0,1,0,0,0,0,0,1,-1,1,0,1,1,1,0,0,0,0,0,16,0,0,4,5,1,1,3,3,2,25,29,0,0,0,0,0,0,0,0,7,1,1,0,0,0,0,3,1,2,0,KRBKRNvK,DRAW,r7/8/3n4/3R4/1k6/8/2B2K2/8 b - - 0 1
0,1,0,0,0,0,0,1,-1,1,0,1,1,1,0,0,0,0,0,16,0,0,6,5,0,4,6,4,2,22,26,0,0,0,0,0,0,0,0,7,1,1,0,0,0,0,1,2,0,0,KRBKRNvK,DRAW,4n3/4k3/1B6/4r3/8/7R/8/5K2 b - - 0 1
1,1,0,0,0,0,0,1,-1,1,0,1,1,1,0,0,0,0,0,16,0,0,4,5,4,1,5,1,3,26,10,0,0,0,0,0,0,0,0,7,1,1,0,0,0,0,3,1,1,0,KRBKRNvK,DRAW,8/1rn5/1k2B3/R4K2/8/8/8/8 w - - 0 1
1,1,0,0,0,0,0,1,-1,1,0,1,1,1,0,0,0,0,0,16,0,0,5,0,7,0,2,6,4,3,0,1,0,0,0,0,0,0,0,7,1,1,0,0,0,0,3,1,0,0,KRBKRNvK,DRAW,K3r3/B7/8/4n3/3R4/k7/8/8 w - - 0 1
0,1,0,0,0,0,0,1,-1,1,0,1,1,1,0,0,0,0,0,16,0,0,2,5,1,7,0,3,6,1,0,1,0,0,0,0,0,0,0,7,1,1,0,0,0,0,3,2,1,0,KRBKRNvK,LOSS,8/8/3R4/8/8/2n5/5KB1/r6k b - - 0 1
0,1,0,0,0,0,0,1,-1,1,0,1,1,1,0,0,0,0,0,16,0,0,4,0,3,4,4,3,0,5,0,1,0,0,0,0,0,0,0,7,1,1,1,0,0,0,1,3,1,0,KRBKRNvK,DRAW,8/4R3/8/4k3/K7/5r2/8/n1B5 b - - 0 1
0,1,0,0,0,0,0,1,-1,1,0,1,1,1,0,0,0,0,0,16,0,0,4,7,5,3,4,4,0,7,0,1,0,0,0,0,0,0,0,7,1,1,0,0,0,0,2,3,0,1,KRBKRNvK,DRAW,8/8/n6K/3k3R/6r1/8/3B4/8 b - - 0 1
1,1,0,0,0,0,0,1,-1,1,0,1,1,1,0,0,0,0,0,16,0,0,2,0,4,2,5,3,2,19,15,0,0,0,0,0,0,0,0,7,1,1,1,0,0,0,0,1,1,0,KRBKRNvK,WIN,3n4/R7/2k4r/K7/8/B7/8/8 w - - 0 1
0,1,0,0,0,0,0,1,-1,1,0,1,1,1,0,0,0,0,0,16,0,0,4,4,7,0,5,3,4,3,0,1,0,0,0,0,0,0,0,7,1,1,0,1,0,0,1,3,0,1,KRBKRNvK,DRAW,4K3/4n3/k7/8/8/R7/2B1r3/8 b - - 0 1
0,1,0,0,0,0,0,1,-1,1,0,1,1,1,0,0,0,0,0,16,0,0,2,1,1,2,3,4,1,2,0,1,0,0,0,0,0,0,0,7,1,1,0,0,0,0,2,3,1,0,KRBKRNvK,DRAW,7r/8/3R4/8/2k5/5n2/1K6/5B2 b - - 0 1
0,1,0,0,0,0,0,1,-1,1,0,1,1,1,0,0,0,0,0,16,0,0,6,6,2,0,5,3,4,18,28,0,0,0,0,0,0,0,0,7,1,1,1,1,0,0,3,0,0,1,KRBKRNvK,DRAW,8/3R4/k7/8/8/2B3K1/1r4n1/8 b - - 0 1
1,1,0,0,0,0,0,1,-1,1,0,1,1,1,0,0,0,0,0,16,0,0,3,1,1,4,3,4,0,6,0,1,0,0,0,0,0,0,0,7,1,1,0,0,0,0,0,3,1,0,KRBKRNvK,DRAW,5B2/4n3/8/1r6/4k3/2R5/1K6/8 w - - 0 1
1,1,0,0,0,0,0,1,-1,1,0,1,1,1,0,0,0,0,0,16,0,0,4,7,4,5,0,3,4,27,26,0,0,0,0,0,0,0,0,7,1,1,0,0,0,0,2,1,0,0,KRBKRNvK,DRAW,8/8/3R4/2n3BK/8/1r6/8/5k2 w - - 0 1
0,1,0,0,0,0,0,1,-1,1,0,1,1,1,0,0,0,0,0,16,0,0,3,0,7,1,4,6,2,23,23,0,0,0,0,0,0,0,0,7,1,1,0,0,0,0,1,2,1,1,KRBKRNvK,DRAW,K7/8/n7/1k6/3r4/2B5/8/6R1 b - - 0 1
0,1,0,0,0,0,0,1,-1,1,0,1,1,1,0,0,0,0,0,16,0,0,5,6,7,1,4,5,2,23,27,0,0,0,0,0,0,0,0,7,1,1,0,0,0,0,1,2,0,1,KRBKRNvK,DRAW,6K1/6n1/8/1k6/6r1/5R2/2B5/8 b - - 0 1
1,1,0,0,0,0,0,1,-1,1,0,1,1,1,0,0,0,0,0,16,0,0,6,5,0,5,6,4,3,3,0,1,0,0,0,0,0,0,0,7,1,1,0,0,0,0,0,0,0,1,KRBKRNvK,DRAW,8/5k2/8/1B2n3/8/2R5/8/5K1r w - - 0 1
1,1,0,0,0,0,0,1,-1,1,0,1,1,1,0,0,0,0,0,16,0,0,2,2,5,1,3,2,2,32,25,0,0,0,0,0,0,0,0,7,1,1,1,0,0,0,2,3,1,0,KRBKRNvK,DRAW,8/5R2/2K5/7r/1k1B4/8/3n4/8 w - - 0 1
1,1,0,0,0,0,0,1,-1,1,0,1,1,1,0,0,0,0,0,16,0,0,5,0,4,5,7,3,4,23,14,0,0,0,0,0,0,0,0,7,1,1,0,0,0,0,2,1,0,0,KRBKRNvK,WIN,3r1k2/3n4/8/K7/7R/8/8/4B3 w - - 0 1
0,1,0,0,0,0,0,1,-1,1,0,1,1,1,0,0,0,0,0,16,0,0,6,4,6,7,0,2,6,19,26,0,0,0,0,0,0,0,0,7,1,1,0,1,0,0,3,0,0,0,KRBKRNvK,DRAW,1n6/4K3/8/8/4R3/3B4/1r6/7k b - - 0 1
0,1,0,0,0,0,0,1,-1,1,0,1,1,1,0,0,0,0,0,16,0,0,6,3,6,6,0,2,5,20,26,0,0,0,0,0,0,0,0,7,1,1,0,0,0,0,2,0,0,0,KRBKRNvK,DRAW,1R6/3K4/r7/8/8/8/1B6/n5k1 b - - 0 1
0,1,0,0,0,0,0,1,-1,1,0,1,1,1,0,0,0,0,0,16,0,0,3,7,3,4,6,3,2,6,0,1,0,0,0,0,0,0,0,7,1,1,1,0,0,0,0,3,0,0,KRBKRNvK,LOSS,8/1R2k3/1B6/2r5/7K/8/2n5/8 b - - 0 1
1,1,0,0,0,0,0,1,-1,1,0,1,1,1,0,0,0,0,0,16,0,0,3,1,7,3,4,5,0,20,23,0,0,0,0,0,0,0,0,7,1,1,0,0,0,0,0,4,0,0,KRBKRNvK,DRAW,1K1B3R/8/8/1n1kr3/8/8/8/8 w - - 0 1
0,1,0,0,0,0,0,1,-1,1,0,1,1,1,0,0,0,0,0,16,0,0,5,2,3,7,4,1,3,19,18,0,0,0,0,0,0,0,0,7,1,1,0,1,0,0,3,0,0,1,KRBKRNvK,DRAW,8/8/8/7k/2KR4/8/1r6/6Bn b - - 0 1
1,1,0,0,0,0,0,1,-1,1,0,1,1,1,0,0,0,0,0,16,0,0,2,4,1,2,1,2,3,3,0,1,0,0,0,0,0,0,0,7,1,1,1,1,0,0,1,2,0,1,KRBKRNvK,DRAW,8/B6R/8/5n2/8/8/2krK3/8 w - - 0 1
0,1,0,0,0,0,0,1,-1,1,0,1,1,1,0,0,0,0,0,16,0,0,5,6,7,1,6,5,4,20,29,0,0,0,0,0,0,0,0,7,1,1,0,0,0,0,1,0,0,1,KRBKRNvK,DRAW,6K1/1k4n1/1r6/8/2B5/R7/8/8 b - - 0 1
1,1,0,0,0,0,0,1,-1,1,0,1,1,1,0,0,0,0,0,16,0,0,2,2,4,4,4,1,0,4,0,1,0,0,0,0,0,0,0,7,1,1,1,0,0,0,2,4,0,0,KRBKRNvK,DRAW,2r5/1R6/6n1/2K1k3/8/8/8/3B4 w - - 0 1
1,1,0,0,0,0,0,1,-1,1,0,1,1,1,0,0,0,0,0,16,0,0,5,5,1,7,6,3,5,28,20,0,0,0,0,0,0,0,0,7,1,1,0,0,0,0,2,2,0,0,KRBKRNvK,DRAW,8/7k/8/1r6/8/8/n4K2/B1R5 w - - 0 1
1,1,0,0,0,0,0,1,-1,1,0,1,1,1,0,0,0,0,0,16,0,0,4,3,7,7,3,3,3,26,20,0,0,0,0,0,0,0,0,7,1,1,0,1,0,0,0,0,2,0,KRBKRNvK,DRAW,3K4/8/7B/n7/7k/6R1/5r2/8 w - - 0 1
0,1,0,0,0,0,0,1,-1,1,0,1,1,1,0,0,0,0,0,16,0,0,3,1,6,4,6,4,2,18,24,0,0,0,0,0,0,0,0,7,1,1,0,0,0,0,0,3,2,0,KRBKRNvK,DRAW,6R1/1K2k3/5n2/6B1/7r/8/8/8 b - - 0 1
0,1,0,0,0,0,0,1,-1,1,0,1,1,1,0,0,0,0,0,16,0,0,4,4,7,0,5,3,4,4,0,1,0,0,0,0,0,0,0,7,1,1,0,0,0,0,2,0,0,0,KRBKRNvK,DRAW,4K3/1r4B1/k5R1/8/8/8/8/n7 b - - 0 1
1,1,0,0,0,0,0,1,-1,1,0,1,1,1,0,0,0,0,0,16,0,0,4,2,4,6,6,1,4,4,0,1,0,0,0,0,0,0,0,7,1,1,0,0,0,0,2,2,0,2,KRBKRNvK,DRAW,2B5/6k1/4r3/R1K5/8/3n4/8/8 w - - 0 1
1,1,0,0,0,0,0,1,-1,1,0,1,1,1,0,0,0,0,0,16,0,0,6,7,6,1,2,5,3,28,27,0,0,0,0,0,0,0,0,7,1,1,0,1,0,0,1,2,0,0,KRBKRNvK,DRAW,8/7K/3B4/8/8/1k3n2/2r5/7R w - - 0 1
1,1,0,0,0,0,0,1,-1,1,0,1,1,1,0,0,0,0,0,16,0,0,5,4,0,1,5,3,3,2,0,1,0,0,0,0,0,0,0,7,1,1,0,0,0,0,2,0,0,0,KRBKRNvK,LOSS,7B/8/1k6/8/8/8/8/1nR1K2r w - - 0 1
1,1,0,0,0,0,0,1,-1,1,0,1,1,1,0,0,0,0,0,16,0,0,6,7,0,1,4,6,2,24,23,0,0,0,0,0,0,0,0,7,1,1,0,0,0,0,0,0,1,0,KRBKRNvK,DRAW,8/8/6R1/Bk1n4/8/r7/8/7K w - - 0 1
0,1,0,0,0,0,0,1,-1,1,0,1,1,1,0,0,0,0,0,16,0,0,4,6,3,2,2,2,2,25,22,0,0,0,0,0,0,0,0,7,1,1,0,0,0,0,2,3,0,0,KRBKRNvK,DRAW,8/8/2B5/r7/6K1/2k5/8/3n2R1 b - - 0 1
0,1,0,0,0,0,0,1,-1,1,0,1,1,1,0,0,0,0,0,16,0,0,3,6,5,4,2,3,1,5,0,1,0,0,0,0,0,0,0,7,1,1,0,0,0,0,3,2,2,0,KRBKRNvK,DRAW,8/8/6K1/2B2R2/r7/4k2n/8/8 b - - 0 1
0,1,0,0,0,0,0,1,-1,1,0,1,1,1,0,0,0,0,0,16,0,0,4,7,3,3,2,3,1,24,22,0,0,0,0,0,0,0,0,7,1,1,0,1,0,0,1,3,1,0,KRBKRNvK,DRAW,8/8/8/4n3/7K/3k2B1/4r3/5R2 b - - 0 1
0,1,0,0,0,0,0,1,-1,1,0,1,1,1,0,0,0,0,0,16,0,0,6,6,0,0,0,5,6,21,21,0,0,0,0,0,0,0,0,7,1,1,0,0,0,0,2,0,0,0,KRBKRNvK,DRAW,7r/2B5/3R4/8/8/8/8/k1n3K1 b - - 0 1
0,1,0,0,0,0,0,1,-1,1,0,1,1,1,0,0,0,0,0,16,0,0,4,0,6,0,2,5,4,20,21,0,0,0,0,0,0,0,0,7,1,1,0,0,0,0,2,0,0,0,KRBKRNvK,DRAW,5r2/K7/8/7B/n7/k7/4R3/8 b - - 0 1
0,1,0,0,0,0,0,1,-1,1,0,1,1,1,0,0,0,0,0,16,0,0,5,2,6,7,6,3,5,25,24,0,0,0,0,0,0,0,0,7,1,1,0,0,0,0,2,1,0,2,KRBKRNvK,DRAW,8/2Kn3k/r7/8/7B/8/8/4R3 b - - 0 1
1,1,0,0,0,0,0,1,-1,1,0,1,1,1,0,0,0,0,0,16,0,0,3,5,5,6,2,2,3,27,22,0,0,0,0,0,0,0,0,7,1,1,0,0,0,0,2,2,0,2,KRBKRNvK,DRAW,7n/8/B4K2/2R5/7r/6k1/8/8 w - - 0 1
0,1,0,0,0,0,0,1,-1,1,0,1,1,1,0,0,0,0,0,16,0,0,4,4,3,0,3,0,3,18,20,0,0,0,0,0,0,0,0,7,1,1,0,0,0,0,4,2,0,0,KRBKRNvK,DRAW,n7/8/8/7r/k3K3/4R3/8/5B2 b - - 0 1
1,1,0,0,0,0,0,1,-1,1,0,1,1,1,0,0,0,0,0,16,0,0,7,1,0,4,7,5,3,21,27,0,0,0,0,0,0,0,0,7,1,1,0,1,0,0,1,2,0,0,KRBKRNvK,DRAW,4k3/8/2n5/8/8/R2B4/6r1/1K6 w - - 0 1
0,1,0,0,0,0,0,1,-1,1,0,1,1,1,0,0,0,0,0,16,0,0,4,4,3,6,7,0,5,3,0,1,0,0,0,0,0,0,0,7,1,1,0,0,0,0,4,0,1,0,KRBKRNvK,DRAW,6kn/7B/8/8/4K2R/1r6/8/8 b - - 0 1
0,1,0,0,0,0,0,1,-1,1,0,1,1,1,0,0,0,0,0,16,0,0,2,7,0,5,0,6,4,2,0,1,0,0,0,0,0,0,0,7,1,1,0,0,0,0,0,0,1,0,KRBKRNvK,DRAW,2B5/8/8/3n4/8/5R2/8/r4k1K b - - 0 1
1,1,0,0,0,0,0,1,-1,1,0,1,1,1,0,0,0,0,0,16,0,0,5,7,4,2,4,3,1,19,19,0,0,0,0,0,0,0,0,7,1,1,0,0,0,0,0,2,0,0,KRBKRNvK,DRAW,7R/2r5/7B/2k4K/8/8/8/n7 w - - 0 1
1,1,0,0,0,0,0,1,-1,1,0,1,1,1,0,0,0,0,0,16,0,0,4,2,1,5,5,3,2,20,27,0,0,0,0,0,0,0,0,7,1,1,0,0,0,0,2,2,1,0,KRBKRNvK,DRAW,8/8/4nk1B/8/8/6r1/2KR4/8 w - - 0 1
1,1,0,0,0,0,0,1,-1,1,0,1,1,1,0,0,0,0,0,16,0,0,7,5,0,5,7,4,4,3,0,1,0,0,0,0,0,0,0,7,1,1,0,0,0,0,2,0,0,0,KRBKRNvK,DRAW,5k2/8/2B5/8/8/n7/8/r4KR1 w - - 0 1
1,1,0,0,0,0,0,1,-1,1,0,1,1,1,0,0,0,0,0,16,0,0,2,2,3,0,2,1,4,6,0,1,0,0,0,0,0,0,0,7,1,1,0,0,0,0,3,0,0,1,KRBKRNvK,DRAW,6n1/B7/2r5/5R2/2K5/k7/8/8 w - - 0 1
1,1,0,0,0,0,0,1,-1,1,0,1,1,1,0,0,0,0,0,16,0,0,2,3,4,5,3,0,1,3,0,1,0,0,0,0,0,0,0,7,1,1,0,0,0,0,3,4,0,1,KRBKRNvK,DRAW,8/4B3/nR6/3K4/5k2/3r4/8/8 w - - 0 1
0,1,0,0,0,0,0,1,-1,1,0,1,1,1,0,0,0,0,0,16,0,0,6,5,7,7,1,4,5,23,21,0,0,0,0,0,0,0,0,7,1,1,0,0,0,0,3,3,0,0,KRBKRNvK,DRAW,3R1K2/6B1/8/8/1n2r3/8/7k/8 b - - 0 1
0,1,0,0,0,0,0,1,-1,1,0,1,1,1,0,0,0,0,0,16,0,0,2,4,5,2,4,1,1,27,23,0,0,0,0,0,0,0,0,7,1,1,0,1,0,0,3,2,1,1,KRBKRNvK,DRAW,5R2/1B6/4K3/2k2n2/8/8/6r1/8 b - - 0 1
1,1,0,0,0,0,0,1,-1,1,0,1,1,1,0,0,0,0,0,16,0,0,3,3,4,2,1,0,3,7,0,1,0,0,0,0,0,0,0,7,1,1,0,0,0,0,3,1,1,1,KRBKRNvK,LOSS,8/2n5/8/3K4/8/1R4rB/2k5/8 w - - 0 1
1,1,0,0,0,0,0,1,-1,1,0,1,1,1,0,0,0,0,0,16,0,0,5,2,0,7,3,4,3,31,22,0,0,0,0,0,0,0,0,7,1,1,0,0,0,0,1,0,0,0,KRBKRNvK,DRAW,5R2/7r/8/4B3/4n2k/8/8/2K5 w - - 0 1
0,1,0,0,0,0,0,1,-1,1,0,1,1,1,0,0,0,0,0,16,0,0,4,7,3,3,2,3,1,23,21,0,0,0,0,0,0,0,0,7,1,1,0,0,0,0,1,3,1,1,KRBKRNvK,DRAW,8/8/8/4r3/7K/1B1k4/R4n2/8 b - - 0 1
0,1,0,0,0,0,0,1,-1,1,0,1,1,1,0,0,0,0,0,16,0,0,3,2,0,5,3,4,1,24,21,0,0,0,0,0,0,0,0,7,1,1,0,0,0,0,0,3,0,0,KRBKRNvK,DRAW,5r2/8/5n2/8/B4k2/8/R7/2K5 b - - 0 1
1,1,0,0,0,0,0,1,-1,1,0,1,1,1,0,0,0,0,0,16,0,0,5,0,2,5,1,4,3,3,0,1,0,0,0,0,0,0,0,7,1,1,0,0,0,0,2,0,1,1,KRBKRNvK,DRAW,r7/8/8/8/2BR4/K7/5k2/n7 w - - 0 1
0,1,0,0,0,0,0,1,-1,1,0,1,1,1,0,0,0,0,0,16,0,0,5,3,7,0,2,3,4,23,23,0,0,0,0,0,0,0,0,7,1,1,0,1,0,0,2,0,0,0,KRBKRNvK,DRAW,2BK4/8/n7/8/8/k7/6r1/3R4 b - - 0 1
1,1,0,0,0,0,0,1,-1,1,0,1,1,1,0,0,0,0,0,16,0,0,3,4,3,7,2,0,4,25,15,0,0,0,0,0,0,0,0,7,1,1,0,0,0,0,4,0,1,0,KRBKRNvK,DRAW,8/6n1/8/4R3/4K3/7k/5B2/5r2 w - - 0 1
0,1,0,0,0,0,0,1,-1,1,0,1,1,1,0,0,0,0,0,16,0,0,2,2,5,3,7,2,3,21,19,0,0,0,0,0,0,0,0,7,1,1,0,0,0,0,2,0,0,0,KRBKRNvK,DRAW,3k3B/6r1/2K5/1R6/8/7n/8/8 b - - 0 1
1,1,0,0,0,0,0,1,-1,1,0,1,1,1,0,0,0,0,0,16,0,0,5,7,7,2,2,6,2,28,26,0,0,0,0,0,0,0,0,7,1,1,0,0,0,0,3,2,1,0,KRBKRNvK,DRAW,7K/8/3r4/8/8/n1k2B2/8/4R3 w - - 0 1
0,1,0,0,0,0,0,1,-1,1,0,1,1,1,0,0,0,0,0,16,0,0,6,3,7,2,1,3,3,6,0,1,0,0,0,0,0,0,0,7,1,1,0,0,0,0,0,1,0,1,KRBKRNvK,DRAW,3KB3/8/1n6/8/8/r7/2k2R2/8 b - - 0 1
0,1,0,0,0,0,0,1,-1,1,0,1,1,1,0,0,0,0,0,16,0,0,7,7,3,0,7,3,6,2,0,1,0,0,0,0,0,0,0,7,1,1,0,0,0,0,2,2,0,0,KRBKRNvK,DRAW,k7/8/8/R7/7K/7B/8/3nr3 b - - 0 1
0,1,0,0,0,0,0,1,-1,1,0,1,1,1,0,0,0,0,0,16,0,0,3,7,6,4,7,5,3,23,21,0,0,0,0,0,0,0,0,7,1,1,1,0,0,0,1,0,1,0,KRBKRNvK,DRAW,4k3/6RK/2r5/4n3/8/8/8/6B1 b - - 0 1
1,1,0,0,0,0,0,1,-1,1,0,1,1,1,0,0,0,0,0,16,0,0,4,2,5,5,1,2,3,30,19,0,0,0,0,0,0,0,0,7,1,1,0,0,0,0,1,0,2,1,KRBKRNvK,DRAW,2n4r/8/2K5/8/4B3/6R1/5k2/8 w - - 0 1
0,1,0,0,0,0,0,1,-1,1,0,1,1,1,0,0,0,0,0,16,0,0,2,3,5,2,3,1,1,3,0,1,0,0,0,0,0,0,0,7,1,1,0,0,0,0,2,3,0,0,KRBKRNvK,DRAW,1R6/5B2/3K4/8/2k4r/8/8/4n3 b - - 0 1
1,1,0,0,0,0,0,1,-1,1,0,1,1,1,0,0,0,0,0,16,0,0,5,6,2,1,7,3,5,29,20,0,0,0,0,0,0,0,0,7,1,1,0,0,0,0,2,2,0,0,KRBKRNvK,DRAW,1k6/8/8/7R/6B1/r1n3K1/8/8 w - - 0 1
0,1,0,0,0,0,0,1,-1,1,0,1,1,1,0,0,0,0,0,16,0,0,3,5,7,2,4,4,1,7,0,1,0,0,0,0,0,0,0,7,1,1,0,0,0,0,1,4,0,1,KRBKRNvK,DRAW,5K2/1n6/4r3/2k5/8/8/8/6BR b - - 0 1
0,1,0,0,0,0,0,1,-1,1,0,1,1,1,0,0,0,0,0,16,0,0,2,6,5,4,3,3,0,5,0,1,0,0,0,0,0,0,0,7,1,1,0,0,0,0,1,4,0,0,KRBKRNvK,LOSS,8/8/6K1/n7/r3k2R/8/8/4B3 b - - 0 1
1,1,0,0,0,0,0,1,-1,1,0,1,1,1,0,0,0,0,0,16,0,0,2,2,5,0,3,2,3,25,23,0,0,0,0,0,0,0,0,7,1,1,0,0,0,0,3,2,0,0,KRBKRNvK,DRAW,8/5n1B/2K5/6r1/k7/8/8/4R3 w - - 0 1
0,1,0,0,0,0,0,1,-1,1,0,1,1,1,0,0,0,0,0,16,0,0,5,1,5,6,7,3,5,27,20,0,0,0,0,0,0,0,0,7,1,1,0,0,0,0,2,1,0,1,KRBKRNvK,DRAW,6k1/8/1K6/2n5/8/r7/4R3/5B2 b - - 0 1
1,1,0,0,0,0,0,1,-1,1,0,1,1,1,0,0,0,0,0,16,0,0,5,7,0,4,5,6,1,21,25,0,0,0,0,0,0,0,0,7,1,1,1,0,0,0,1,4,0,0,KRBKRNvK,DRAW,8/1R6/4k3/3n4/6r1/8/8/1B5K w - - 0 1
0,1,0,0,0,0,0,1,-1,1,0,1,1,1,0,0,0,0,0,16,0,0,5,5,6,6,1,3,4,6,0,1,0,0,0,0,0,0,0,7,1,1,0,0,0,0,1,0,0,0,KRBKRNvK,DRAW,8/1n3K2/8/8/3B4/1r6/R5k1/8 b - - 0 1
0,1,0,0,0,0,0,1,-1,1,0,1,1,1,0,0,0,0,0,16,0,0,6,3,1,4,7,2,3,21,28,0,0,0,0,0,0,0,0,7,1,1,0,0,0,0,2,2,1,1,KRBKRNvK,DRAW,4k3/8/4B2n/R7/2r5/8/3K4/8 b - - 0 1
0,1,0,0,0,0,0,1,-1,1,0,1,1,1,0,0,0,0,0,16,0,0,6,6,1,4,7,4,3,6,0,1,0,0,0,0,0,0,0,7,1,1,0,0,0,0,2,3,0,0,KRBKRNvK,DRAW,4k3/3r4/8/8/8/2n3B1/6K1/4R3 b - - 0 1
1,1,0,0,0,0,0,1,-1,1,0,1,1,1,0,0,0,0,0,16,0,0,6,0,7,6,4,6,2,2,0,1,0,0,0,0,0,0,0,7,1,1,0,0,0,0,2,2,0,0,KRBKRNvK,DRAW,K7/8/8/r5k1/2R5/3n4/B7/8 w - - 0 1
1,1,0,0,0,0,0,1,-1,1,0,1,1,1,0,0,0,0,0,16,0,0,2,3,2,3,4,1,0,5,0,1,0,0,0,0,0,0,0,7,1,1,0,1,0,0,2,3,1,1,KRBKRNvK,LOSS,8/8/2R5/3k4/8/3K4/5nr1/3B4 w - - 0 1
0,1,0,0,0,0,0,1,-1,1,0,1,1,1,0,0,0,0,0,16,0,0,5,7,6,5,1,5,3,25,25,0,0,0,0,0,0,0,0,7,1,1,0,0,0,0,1,1,0,0,KRBKRNvK,DRAW,8/2B4K/8/8/8/2R5/2n2k2/1r6 b - - 0 1
0,1,0,0,0,0,0,1,-1,1,0,1,1,1,0,0,0,0,0,16,0,0,4,6,3,2,5,2,2,23,28,0,0,0,0,0,0,0,0,7,1,1,0,0,0,0,0,1,1,0,KRBKRNvK,DRAW,5r2/8/2k5/8/1B4K1/8/7R/1n6 b - - 0 1
0,1,0,0,0,0,0,1,-1,1,0,1,1,1,0,0,0,0,0,16,0,0,5,0,5,5,7,4,4,23,23,0,0,0,0,0,0,0,0,7,1,1,0,0,0,0,0,2,0,0,KRBKRNvK,DRAW,5k2/8/K7/8/7r/R7/8/4Bn2 b - - 0 1
0,1,0,0,0,0,0,1,-1,1,0,1,1,1,0,0,0,0,0,16,0,0,5,0,4,5,2,3,2,8,25,0,0,0,0,0,0,0,0,7,1,1,0,0,0,0,2,3,1,1,KRBKRNvK,DRAW,8/8/n1B5/K7/4r3/5k2/8/6R1 b - - 0 1
0,1,0,0,0,0,0,1,-1,1,0,1,1,1,0,0,0,0,0,16,0,0,4,5,3,2,7,1,4,18,29,0,0,0,0,0,0,0,0,7,1,1,0,0,0,0,2,0,1,0,KRBKRNvK,DRAW,2k5/4B3/8/8/5K2/7R/8/2r2n2 b - - 0 1
1,1,0,0,0,0,0,1,-1,1,0,1,1,1,0,0,0,0,0,16,0,0,3,0,4,3,4,3,0,29,19,0,0,0,0,0,0,0,0,7,1,1,0,0,0,0,1,3,2,0,KRBKRNvK,DRAW,8/8/5R2/K2kB2n/8/4r3/8/8 w - - 0 1
1,1,0,0,0,0,0,1,-1,1,0,1,1,1,0,0,0,0,0,16,0,0,3,3,2,4,5,1,1,6,0,1,0,0,0,0,0,0,0,7,1,1,0,0,0,0,2,4,0,0,KRBKRNvK,DRAW,8/8/3rk3/6n1/8/3K2R1/5B2/8 w - - 0 1
1,1,0,0,0,0,0,1,-1,1,0,1,1,1,0,0,0,0,0,16,0,0,2,5,6,7,5,3,4,21,19,0,0,0,0,0,0,0,0,7,1,1,0,0,0,0,1,1,1,0,KRBKRNvK,WIN,5R2/5K2/7k/8/8/8/2Bn4/7r w - - 0 1
0,1,0,0,0,0,0,1,-1,1,0,1,1,1,0,0,0,0,0,16,0,0,5,6,3,1,7,2,5,26,28,0,0,0,0,0,0,0,0,7,1,1,0,1,0,0,1,1,0,1,KRBKRNvK,DRAW,1k6/8/7R/8/2B3K1/3n4/5r2/8 b - - 0 1
0,1,0,0,0,0,0,1,-1,1,0,1,1,1,0,0,0,0,0,16,0,0,3,3,5,6,5,1,3,6,0,1,0,0,0,0,0,0,0,7,1,1,0,0,0,0,3,2,0,1,KRBKRNvK,LOSS,8/8/3K2k1/7n/2r5/R2B4/8/8 b - - 0 1
0,1,0,0,0,0,0,1,-1,1,0,1,1,1,0,0,0,0,0,16,0,0,4,6,2,6,6,3,4,21,26,0,0,0,0,0,0,0,0,7,1,1,0,1,0,0,0,0,0,0,KRBKRNvK,DRAW,3B4/6kn/8/8/8/6K1/2r5/5R2 b - - 0 1
0,1,0,0,0,0,0,1,-1,1,0,1,1,1,0,0,0,0,0,16,0,0,3,6,3,7,0,2,6,1,0,1,0,0,0,0,0,0,0,7,1,1,0,0,0,0,2,0,1,0,KRBKRNvK,DRAW,8/8/r1B5/8/n5K1/7R/8/7k b - - 0 1
0,1,0,0,0,0,0,1,-1,1,0,1,1,1,0,0,0,0,0,16,0,0,2,3,1,5,2,2,2,22,26,0,0,0,0,0,0,0,0,7,1,1,0,0,0,0,0,2,0,0,KRBKRNvK,DRAW,8/3B4/8/4r3/8/5k2/n2K4/1R6 b - - 0 1
0,1,0,0,0,0,0,1,-1,1,0,1,1,1,0,0,0,0,0,16,0,0,5,5,3,0,6,1,5,5,0,1,0,0,0,0,0,0,0,7,1,1,1,0,0,0,2,1,0,0,KRBKRNvK,DRAW,8/k5R1/8/8/1rn2K2/B7/8/8 b - - 0 1
0,1,0,0,0,0,0,1,-1,1,0,1,1,1,0,0,0,0,0,16,0,0,3,1,7,4,6,5,2,18,26,0,0,0,0,0,0,0,0,7,1,1,0,0,0,0,3,0,2,0,KRBKRNvK,DRAW,1K6/4k3/6B1/3R4/8/8/8/r4n2 b - - 0 1
1,1,0,0,0,0,0,1,-1,1,0,1,1,1,0,0,0,0,0,16,0,0,6,6,0,1,6,5,4,23,26,0,0,0,0,0,0,0,0,7,1,1,0,0,0,0,1,2,1,0,KRBKRNvK,DRAW,1B6/1k6/8/1r6/8/3n4/7R/6K1 w - - 0 1
1,1,0,0,0,0,0,1,-1,1,0,1,1,1,0,0,0,0,0,16,0,0,4,6,7,3,3,5,0,24,18,0,0,0,0,0,0,0,0,7,1,1,0,0,0,0,2,4,0,0,KRBKRNvK,DRAW,4R1K1/1n6/3r4/8/3k4/8/8/3B4 w - - 0 1
1,1,0,0,0,0,0,1,-1,1,0,1,1,1,0,0,0,0,0,16,0,0,2,6,0,6,2,5,3,20,22,0,0,0,0,0,0,0,0,7,1,1,0,1,0,0,0,0,0,1,KRBKRNvK,WIN,1n3B2/8/8/8/8/6k1/7r/R5K1 w - - 0 1
0,1,0,0,0,0,0,1,-1,1,0,1,1,1,0,0,0,0,0,16,0,0,7,5,0,2,7,4,4,24,19,0,0,0,0,0,0,0,0,7,1,1,0,0,0,0,0,2,0,0,KRBKRNvK,DRAW,2k5/4n3/8/6r1/8/8/4B2R/5K2 b - - 0 1
1,1,0,0,0,0,0,1,-1,1,0,1,1,1,0,0,0,0,0,16,0,0,7,7,6,0,3,5,3,27,21,0,0,0,0,0,0,0,0,7,1,1,0,0,0,0,1,3,0,1,KRBKRNvK,DRAW,8/7K/3B4/6r1/k7/8/2n5/1R6 w - - 0 1
0,1,0,0,0,0,0,1,-1,1,0,1,1,1,0,0,0,0,0,16,0,0,7,0,3,7,0,3,6,7,23,0,0,0,0,0,0,0,0,7,1,1,0,0,0,0,1,1,1,0,KRBKRNvK,LOSS,8/4n3/8/8/K3B3/5r2/5R2/7k b - - 0 1
0,1,0,0,0,0,0,1,-1,1,0,1,1,1,0,0,0,0,0,16,0,0,3,1,4,4,6,2,2,3,0,1,0,0,0,0,0,0,0,7,1,1,0,0,0,0,1,0,1,0,KRBKRNvK,DRAW,8/4kr2/3B3R/1K6/8/8/7n/8 b - - 0 1
1,1,0,0,0,0,0,1,-1,1,0,1,1,1,0,0,0,0,0,16,0,0,5,5,1,5,6,3,3,6,0,1,0,0,0,0,0,0,0,7,1,1,0,0,0,0,3,2,0,2,KRBKRNvK,DRAW,8/5k2/8/8/7r/7n/5K2/B3R3 w - - 0 1
1,1,0,0,0,0,0,1,-1,1,0,1,1,1,0,0,0,0,0,16,0,0,3,7,2,4,0,4,3,23,20,0,0,0,0,0,0,0,0,7,1,1,0,0,0,0,3,2,0,0,KRBKRNvK,WIN,8/n7/4B3/3R4/2r5/7K/8/4k3 w - - 0 1
1,1,0,0,0,0,0,1,-1,1,0,1,1,1,0,0,0,0,0,16,0,0,3,5,5,5,2,2,2,24,21,0,0,0,0,0,0,0,0,7,1,1,0,0,0,0,1,1,1,0,KRBKRNvK,DRAW,8/8/2R2K2/6B1/8/1r3k2/8/3n4 w - - 0 1
0,1,0,0,0,0,0,1,-1,1,0,1,1,1,0,0,0,0,0,16,0,0,3,3,0,6,3,3,2,7,0,1,0,0,0,0,0,0,0,7,1,1,0,0,0,0,2,1,1,1,KRBKRNvK,DRAW,8/B7/7r/8/4R1k1/8/4n3/3K4 b - - 0 1
0,1,0,0,0,0,0,1,-1,1,0,1,1,1,0,0,0,0,0,16,0,0,4,3,0,7,4,3,3,25,18,0,0,0,0,0,0,0,0,7,1,1,0,1,0,0,1,2,0,1,KRBKRNvK,DRAW,8/5n2/8/7k/8/1B6/4r3/R2K4 b - - 0 1
1,1,0,0,0,0,0,1,-1,1,0,1,1,1,0,0,0,0,0,16,0,0,6,0,4,6,2,3,3,29,24,0,0,0,0,0,0,0,0,7,1,1,1,0,0,0,2,2,0,0,KRBKRNvK,DRAW,8/2R5/5B2/K7/8/6k1/n7/4r3 w - - 0 1
1,1,0,0,0,0,0,1,-1,1,0,1,1,1,0,0,0,0,0,16,0,0,3,1,6,4,6,4,2,27,25,0,0,0,0,0,0,0,0,7,1,1,0,0,0,0,1,2,0,0,KRBKRNvK,DRAW,8/1K2k3/8/7r/8/1R4B1/6n1/8 w - - 0 1
0,1,0,0,0,0,0,1,-1,1,0,1,1,1,0,0,0,0,0,16,0,0,4,4,5,5,1,1,3,29,24,0,0,0,0,0,0,0,0,7,1,1,0,0,0,0,3,2,0,0,KRBKRNvK,DRAW,8/1r6/4K3/R7/8/5n2/5k2/B7 b - - 0 1
0,1,0,0,0,0,0,1,-1,1,0,1,1,1,0,0,0,0,0,16,0,0,6,1,0,7,4,5,3,5,0,1,0,0,0,0,0,0,0,7,1,1,0,0,0,0,1,1,1,0,KRBKRNvK,DRAW,8/5B2/2r5/7k/8/R7/4n3/1K6 b - - 0 1
1,1,0,0,0,0,0,1,-1,1,0,1,1,1,0,0,0,0,0,16,0,0,6,6,1,3,7,4,3,5,0,1,0,0,0,0,0,0,0,7,1,1,0,0,0,0,0,0,0,1,KRBKRNvK,LOSS,3k4/8/8/8/8/1r5B/2R3K1/4n3 w - - 0 1
1,1,0,0,0,0,0,1,-1,1,0,1,1,1,0,0,0,0,0,16,0,0,4,1,4,3,0,2,3,6,0,1,0,0,0,0,0,0,0,7,1,1,0,0,0,0,0,2,0,1,KRBKRNvK,DRAW,3B1R2/8/8/1K1r4/8/8/8/1n1k4 w - - 0 1
1,1,0,0,0,0,0,1,-1,1,0,1,1,1,0,0,0,0,0,16,0,0,6,6,7,0,3,5,3,5,0,1,0,0,0,0,0,0,0,7,1,1,0,0,0,0,3,0,0,0,KRBKRNvK,DRAW,6K1/B7/8/4R3/k7/6rn/8/8 w - - 0 1
0,1,0,0,0,0,0,1,-1,1,0,1,1,1,0,0,0,0,0,16,0,0,5,7,5,2,6,4,3,19,29,0,0,0,0,0,0,0,0,7,1,1,0,1,0,0,2,1,1,0,KRBKRNvK,DRAW,8/2k5/7K/3B4/7R/8/2rn4/8 b - - 0 1
1,1,0,0,0,0,0,1,-1,1,0,1,1,1,0,0,0,0,0,16,0,0,4,6,3,2,5,2,2,25,17,0,0,0,0,0,0,0,0,7,1,1,1,0,0,0,1,1,0,0,KRBKRNvK,DRAW,8/6R1/2k5/8/6K1/8/7B/r2n4 w - - 0 1
1,1,0,0,0,0,0,1,-1,1,0,1,1,1,0,0,0,0,0,16,0,0,5,0,4,5,4,3,1,25,23,0,0,0,0,0,0,0,0,7,1,1,0,0,0,0,1,2,1,0,KRBKRNvK,DRAW,8/5r2/8/K2nBk2/8/8/8/R7 w - - 0 1
0,1,0,0,0,0,0,1,-1,1,0,1,1,1,0,0,0,0,0,16,0,0,3,5,4,5,7,1,4,26,27,0,0,0,0,0,0,0,0,7,1,1,0,0,0,0,4,2,2,1,KRBKRNvK,DRAW,5k1B/8/3R4/5K2/8/5n2/8/r7 b - - 0 1
1,1,0,0,0,0,0,1,-1,1,0,1,1,1,0,0,0,0,0,16,0,0,3,0,6,3,5,5,1,18,19,0,0,0,0,0,0,0,0,7,1,1,1,0,0,0,0,3,0,0,KRBKRNvK,DRAW,7B/K5R1/3k4/3r4/8/8/8/5n2 w - - 0 1
0,1,0,0,0,0,0,1,-1,1,0,1,1,1,0,0,0,0,0,16,0,0,7,0,7,7,2,6,4,17,20,0,0,0,0,0,0,0,0,7,1,1,0,0,0,0,2,2,1,0,KRBKRNvK,DRAW,K6R/8/8/7n/1r6/5B1k/8/8 b - - 0 1
0,1,0,0,0,0,0,1,-1,1,0,1,1,1,0,0,0,0,0,16,0,0,3,2,1,5,4,3,1,21,31,0,0,0,0,0,0,0,0,7,1,1,0,0,0,0,0,2,0,0,KRBKRNvK,DRAW,6R1/8/4r3/1B3k2/8/8/2K5/6n1 b - - 0 1
0,1,0,0,0,0,0,1,-1,1,0,1,1,1,0,0,0,0,0,16,0,0,4,4,4,0,5,0,4,21,22,0,0,0,0,0,0,0,0,7,1,1,0,0,0,0,4,0,0,0,KRBKRNvK,WIN,2r5/7B/k7/4K2R/8/8/8/n7 b - - 0 1
1,1,0,0,0,0,0,1,-1,1,0,1,1,1,0,0,0,0,0,16,0,0,2,6,2,4,2,3,1,26,20,0,0,0,0,0,0,0,0,7,1,1,0,0,0,0,0,3,0,0,KRBKRNvK,DRAW,3nB3/4r3/R7/8/8/4k1K1/8/8 w - - 0 1
1,1,0,0,0,0,0,1,-1,1,0,1,1,1,0,0,0,0,0,16,0,0,7,7,5,0,3,4,3,25,21,0,0,0,0,0,0,0,0,7,1,1,0,0,0,0,2,0,0,0,KRBKRNvK,DRAW,8/8/7K/3R4/k3n3/8/8/2r1B3 w - - 0 1
0,1,0,0,0,0,0,1,-1,1,0,1,1,1,0,0,0,0,0,16,0,0,3,6,3,3,3,2,0,26,22,0,0,0,0,0,0,0,0,7,1,1,1,0,0,0,2,3,0,1,KRBKRNvK,DRAW,B7/3n1R2/8/7r/3k2K1/8/8/8 b - - 0 1
0,1,0,0,0,0,0,1,-1,1,0,1,1,1,0,0,0,0,0,16,0,0,4,4,2,0,5,1,4,1,0,1,0,0,0,0,0,0,0,7,1,1,0,1,0,0,4,1,2,1,KRBKRNvK,DRAW,8/2B2n2/k7/R7/8/4K3/6r1/8 b - - 0 1
1,1,0,0,0,0,0,1,-1,1,0,1,1,1,0,0,0,0,0,16,0,0,3,3,6,1,3,2,2,29,22,0,0,0,0,0,0,0,0,7,1,1,0,0,0,0,3,0,0,0,KRBKRNvK,DRAW,6n1/3K4/8/8/1k6/2r2B2/8/4R3 w - - 0 1
1,1,0,0,0,0,0,1,-1,1,0,1,1,1,0,0,0,0,0,16,0,0,4,3,4,7,7,0,6,20,17,0,0,0,0,0,0,0,0,7,1,1,0,0,0,0,4,2,1,0,KRBKRNvK,DRAW,B6k/8/5R2/n2K4/r7/8/8/8 w - - 0 1
1,1,0,0,0,0,0,1,-1,1,0,1,1,1,0,0,0,0,0,16,0,0,4,3,3,7,6,0,5,5,0,1,0,0,0,0,0,0,0,7,1,1,0,0,0,0,3,2,0,1,KRBKRNvK,DRAW,8/3r3k/8/5n2/3K2B1/6R1/8/8 w - - 0 1
0,1,0,0,0,0,0,1,-1,1,0,1,1,1,0,0,0,0,0,16,0,0,3,4,2,5,5,1,2,7,0,1,0,0,0,0,0,0,0,7,1,1,0,0,0,0,3,2,1,1,KRBKRNvK,DRAW,5R1n/8/5k2/2r5/8/4KB2/8/8 b - - 0 1
0,1,0,0,0,0,0,1,-1,1,0,1,1,1,0,0,0,0,0,16,0,0,5,3,2,1,7,1,5,20,21,0,0,0,0,0,0,0,0,7,1,1,0,0,0,0,2,0,0,0,KRBKRNvK,DRAW,1k6/8/7r/8/8/3K2Rn/8/5B2 b - - 0 1
1,1,0,0,0,0,0,1,-1,1,0,1,1,1,0,0,0,0,0,16,0,0,2,3,0,1,1,3,4,27,16,0,0,0,0,0,0,0,0,7,1,1,0,0,0,0,1,2,2,0,KRBKRNvK,DRAW,n7/8/8/8/3B2r1/2R5/1k6/3K4 w - - 0 1
1,1,0,0,0,0,0,1,-1,1,0,1,1,1,0,0,0,0,0,16,0,0,5,0,1,1,6,5,4,24,21,0,0,0,0,0,0,0,0,7,1,1,0,0,0,0,1,2,0,0,KRBKRNvK,DRAW,8/1k3Bn1/8/5r2/8/R7/K7/8 w - - 0 1
1,1,0,0,0,0,0,1,-1,1,0,1,1,1,0,0,0,0,0,16,0,0,6,0,4,6,4,3,2,25,18,0,0,0,0,0,0,0,0,7,1,1,0,0,0,0,1,0,0,0,KRBKRNvK,DRAW,8/8/8/K5k1/8/7n/1R5B/7r w - - 0 1
1,1,0,0,0,0,0,1,-1,1,0,1,1,1,0,0,0,0,0,16,0,0,6,4,0,3,6,3,2,23,27,0,0,0,0,0,0,0,0,7,1,1,0,1,0,0,2,1,0,1,KRBKRNvK,DRAW,8/B2kn3/8/8/1R6/8/6r1/4K3 w - - 0 1
0,1,0,0,0,0,0,1,-1,1,0,1,1,1,0,0,0,0,0,16,0,0,3,5,5,2,7,2,4,19,19,0,0,0,0,0,0,0,0,7,1,1,0,0,0,0,2,0,0,0,KRBKRNvK,DRAW,2k4B/r7/5K2/7R/n7/8/8/8 b - - 0 1
1,1,0,0,0,0,0,1,-1,1,0,1,1,1,0,0,0,0,0,16,0,0,4,0,1,1,5,5,3,4,0,1,0,0,0,0,0,0,0,7,1,1,0,1,0,0,0,2,0,1,KRBKRNvK,DRAW,8/8/1k6/7B/1n6/8/K2r4/5R2 w - - 0 1
1,1,0,0,0,0,0,1,-1,1,0,1,1,1,0,0,0,0,0,16,0,0,5,3,7,4,2,3,1,4,0,1,0,0,0,0,0,0,0,7,1,1,0,0,0,0,1,3,1,0,KRBKRNvK,DRAW,r2K4/8/4B3/8/2n5/4k3/6R1/8 w - - 0 1
1,1,0,0,0,0,0,1,-1,1,0,1,1,1,0,0,0,0,0,16,0,0,4,6,0,2,1,5,3,24,18,0,0,0,0,0,0,0,0,7,1,1,0,0,0,0,3,0,1,0,KRBKRNvK,DRAW,B1r3n1/8/8/8/8/8/2k5/4R1K1 w - - 0 1
1,1,0,0,0,0,0,1,-1,1,0,1,1,1,0,0,0,0,0,16,0,0,4,3,2,2,6,1,3,22,23,0,0,0,0,0,0,0,0,7,1,1,0,0,0,0,3,2,1,0,KRBKRNvK,DRAW,B7/2k1r3/8/6n1/8/3K3R/8/8 w - - 0 1
0,1,0,0,0,0,0,1,-1,1,0,1,1,1,0,0,0,0,0,16,0,0,4,2,3,6,4,1,2,25,21,0,0,0,0,0,0,0,0,7,1,1,0,0,0,0,3,1,2,1,KRBKRNvK,DRAW,8/8/8/2n3k1/2K2R2/4B3/8/1r6 b - - 0 1
0,1,0,0,0,0,0,1,-1,1,0,1,1,1,0,0,0,0,0,16,0,0,2,1,3,3,5,2,1,21,19,0,0,0,0,0,0,0,0,7,1,1,0,0,0,0,2,2,1,0,KRBKRNvK,DRAW,8/8/3k1r2/8/1KR1n3/3B4/8/8 b - - 0 1
1,1,0,0,0,0,0,1,-1,1,0,1,1,1,0,0,0,0,0,16,0,0,2,4,4,2,4,0,1,25,21,0,0,0,0,0,0,0,0,7,1,1,0,0,0,0,3,2,1,0,KRBKRNvK,DRAW,8/7r/B5R1/2k1K3/8/8/2n5/8 w - - 0 1
0,1,0,0,0,0,0,1,-1,1,0,1,1,1,0,0,0,0,0,16,0,0,3,7,0,4,3,6,0,4,0,1,0,0,0,0,0,0,0,7,1,1,0,1,0,0,1,3,0,0,KRBKRNvK,DRAW,8/1n5B/8/8/4k3/1R6/3r4/7K b - - 0 1
1,1,0,0,0,0,0,1,-1,1,0,1,1,1,0,0,0,0,0,16,0,0,6,6,5,0,4,3,3,24,22,0,0,0,0,0,0,0,0,7,1,1,0,0,0,0,2,3,1,1,KRBKRNvK,DRAW,8/4r3/2B2RK1/k7/8/1n6/8/8 w - - 0 1
1,1,0,0,0,0,0,1,-1,1,0,1,1,1,0,0,0,0,0,16,0,0,3,7,4,4,6,3,2,26,21,0,0,0,0,0,0,0,0,7,1,1,0,1,0,0,1,1,2,0,KRBKRNvK,DRAW,2R5/4kB2/8/7K/4n3/8/4r3/8 w - - 0 1
1,1,0,0,0,0,0,1,-1,1,0,1,1,1,0,0,0,0,0,16,0,0,5,6,1,1,5,4,3,7,0,1,0,0,0,0,0,0,0,7,1,1,1,0,0,0,1,2,1,1,KRBKRNvK,DRAW,8/R7/1k1r4/8/4Bn2/8/6K1/8 w - - 0 1
1,1,0,0,0,0,0,1,-1,1,0,1,1,1,0,0,0,0,0,16,0,0,4,3,5,7,3,1,3,27,20,0,0,0,0,0,0,0,0,7,1,1,1,0,0,0,3,1,0,2,KRBKRNvK,DRAW,4r3/2R5/3Kn3/4B3/7k/8/8/8 w - - 0 1
0,1,0,0,0,0,0,1,-1,1,0,1,1,1,0,0,0,0,0,16,0,0,3,1,7,4,7,5,3,18,26,0,0,0,0,0,0,0,0,7,1,1,0,1,0,0,2,2,1,0,KRBKRNvK,DRAW,1K2k3/8/3R4/8/7B/8/4r3/2n5 b - - 0 1
0,1,0,0,0,0,0,1,-1,1,0,1,1,1,0,0,0,0,0,16,0,0,4,5,7,5,3,4,1,24,30,0,0,0,0,0,0,0,0,7,1,1,0,1,0,0,1,3,0,0,KRBKRNvK,DRAW,5K2/8/1R6/8/2B2k2/2n5/2r5/8 b - - 0 1
0,1,0,0,0,0,0,1,-1,1,0,1,1,1,0,0,0,0,0,16,0,0,6,7,0,2,6,6,3,25,25,0,0,0,0,0,0,0,0,7,1,1,0,0,0,0,2,1,0,0,KRBKRNvK,DRAW,8/2k5/6r1/8/2n1B3/8/8/3R3K b - - 0 1
1,1,0,0,0,0,0,1,-1,1,0,1,1,1,0,0,0,0,0,16,0,0,3,1,5,4,4,3,0,30,20,0,0,0,0,0,0,0,0,7,1,1,0,0,0,0,2,4,0,0,KRBKRNvK,DRAW,8/8/1K6/4k2r/8/4n3/6B1/5R2 w - - 0 1
0,1,0,0,0,0,0,1,-1,1,0,1,1,1,0,0,0,0,0,16,0,0,4,1,3,5,0,2,4,17,20,0,0,0,0,0,0,0,0,7,1,1,0,0,0,0,1,0,0,0,KRBKRNvK,DRAW,8/Bnr5/8/8/1K6/8/1R6/5k2 b - - 0 1
1,1,0,0,0,0,0,1,-1,1,0,1,1,1,0,0,0,0,0,16,0,0,3,4,4,7,5,0,4,6,0,1,0,0,0,0,0,0,0,7,1,1,0,1,0,0,3,3,0,1,KRBKRNvK,DRAW,8/8/7k/4K3/8/2n2R2/4r1B1/8 w - - 0 1
0,1,0,0,0,0,0,1,-1,1,0,1,1,1,0,0,0,0,0,16,0,0,3,0,5,3,7,4,3,25,27,0,0,0,0,0,0,0,0,7,1,1,0,0,0,0,2,2,0,0,KRBKRNvK,DRAW,3k4/6B1/K7/8/8/1R4n1/8/4r3 b - - 0 1
0,1,0,0,0,0,0,1,-1,1,0,1,1,1,0,0,0,0,0,16,0,0,5,2,0,6,5,4,3,25,20,0,0,0,0,0,0,0,0,7,1,1,0,0,0,0,0,2,0,1,KRBKRNvK,DRAW,8/8/6k1/8/8/4r3/1R3B2/2K3n1 b - - 0 1
0,1,0,0,0,0,0,1,-1,1,0,1,1,1,0,0,0,0,0,16,0,0,2,3,5,5,5,1,2,5,0,1,0,0,0,0,0,0,0,7,1,1,0,1,0,0,3,1,0,0,KRBKRNvK,LOSS,8/8/3K1k2/8/8/7n/R6r/B7 b - - 0 1
0,1,0,0,0,0,0,1,-1,1,0,1,1,1,0,0,0,0,0,16,0,0,5,6,2,4,7,3,3,3,0,1,0,0,0,0,0,0,0,7,1,1,0,0,0,0,1,0,0,0,KRBKRNvK,DRAW,1R2k3/8/7r/8/3B4/6K1/8/1n6 b - - 0 1
1,1,0,0,0,0,0,1,-1,1,0,1,1,1,0,0,0,0,0,16,0,0,4,0,1,4,3,5,0,26,24,0,0,0,0,0,0,0,0,7,1,1,0,0,0,0,2,3,1,0,KRBKRNvK,DRAW,8/2r5/8/8/4k1n1/2B5/KR6/8 w - - 0 1
1,1,0,0,0,0,0,1,-1,1,0,1,1,1,0,0,0,0,0,16,0,0,5,5,0,0,5,4,4,30,19,0,0,0,0,0,0,0,0,7,1,1,0,0,0,0,1,0,1,1,KRBKRNvK,DRAW,1R6/8/k7/n7/4B3/6r1/8/5K2 w - - 0 1
0,1,0,0,0,0,0,1,-1,1,0,1,1,1,0,0,0,0,0,16,0,0,6,6,3,0,0,2,6,24,23,0,0,0,0,0,0,0,0,7,1,1,0,0,0,0,0,1,0,1,KRBKRNvK,DRAW,8/2r5/4n2B/8/6K1/7R/8/k7 b - - 0 1
1,1,0,0,0,0,0,1,-1,1,0,1,1,1,0,0,0,0,0,16,0,0,5,2,1,6,6,3,4,26,26,0,0,0,0,0,0,0,0,7,1,1,0,0,0,0,2,0,0,1,KRBKRNvK,DRAW,8/6k1/8/8/1R6/r7/2K3n1/6B1 w - - 0 1
1,1,0,0,0,0,0,1,-1,1,0,1,1,1,0,0,0,0,0,16,0,0,3,1,3,2,6,2,3,20,18,0,0,0,0,0,0,0,0,7,1,1,0,0,0,0,2,0,0,0,KRBKRNvK,DRAW,8/2k5/8/8/1K2R3/8/8/rn2B3 w - - 0 1
1,1,0,0,0,0,0,1,-1,1,0,1,1,1,0,0,0,0,0,16,0,0,4,2,0,6,1,4,4,27,28,0,0,0,0,0,0,0,0,7,1,1,0,0,0,0,2,3,0,0,KRBKRNvK,DRAW,8/8/2n5/7r/R2B4/8/6k1/2K5 w - - 0 1
0,1,0,0,0,0,0,1,-1,1,0,1,1,1,0,0,0,0,0,16,0,0,6,7,5,1,0,4,5,4,0,1,0,0,0,0,0,0,0,7,1,1,0,1,0,0,2,3,1,0,KRBKRNvK,DRAW,8/8/1n5K/8/1R6/8/4r3/1k1B4 b - - 0 1
1,1,0,0,0,0,0,1,-1,1,0,1,1,1,0,0,0,0,0,16,0,0,6,1,1,7,1,4,5,25,22,0,0,0,0,0,0,0,0,7,1,1,0,0,0,0,2,2,0,0,KRBKRNvK,DRAW,8/8/n7/2r5/B2R4/8/1K5k/8 w - - 0 1
0,1,0,0,0,0,0,1,-1,1,0,1,1,1,0,0,0,0,0,16,0,0,4,1,3,4,7,2,3,22,19,0,0,0,0,0,0,0,0,7,1,1,0,0,0,0,0,0,0,1,KRBKRNvK,DRAW,4k3/n7/8/8/1K6/2r5/1B4R1/8 b - - 0 1
0,1,0,0,0,0,0,1,-1,1,0,1,1,1,0,0,0,0,0,16,0,0,2,3,6,4,4,2,0,21,25,0,0,0,0,0,0,0,0,7,1,1,0,0,0,0,0,3,1,0,KRBKRNvK,DRAW,8/3K4/8/4k1B1/3n1r2/8/8/7R b - - 0 1
1,1,0,0,0,0,0,1,-1,1,0,1,1,1,0,0,0,0,0,16,0,0,2,2,5,0,5,2,4,30,20,0,0,0,0,0,0,0,0,7,1,1,0,0,0,0,3,1,0,0,KRBKRNvK,DRAW,8/8/k1K2B2/7R/8/8/3n4/1r6 w - - 0 1
0,1,0,0,0,0,0,1,-1,1,0,1,1,1,0,0,0,0,0,16,0,0,4,6,1,6,5,4,3,27,25,0,0,0,0,0,0,0,0,7,1,1,1,0,0,0,3,1,2,1,KRBKRNvK,DRAW,6B1/4R3/3n2k1/8/8/8/6K1/5r2 b - - 0 1
0,1,0,0,0,0,0,1,-1,1,0,1,1,1,0,0,0,0,0,16,0,0,2,0,5,0,7,4,6,14,25,0,0,0,0,0,0,0,0,7,1,1,0,0,0,0,1,0,0,2,KRBKRNvK,DRAW,k1n4R/2r5/K7/5B2/8/8/8/8 b - - 0 1
1,1,0,0,0,0,0,1,-1,1,0,1,1,1,0,0,0,0,0,16,0,0,4,3,4,7,4,0,3,5,0,1,0,0,0,0,0,0,0,7,1,1,0,0,0,0,3,2,0,1,KRBKRNvK,DRAW,8/8/8/1r1K3k/4R3/8/5nB1/8 w - - 0 1
1,1,0,0,0,0,0,1,-1,1,0,1,1,1,0,0,0,0,0,16,0,0,2,6,3,7,5,2,4,21,19,0,0,0,0,0,0,0,0,7,1,1,0,0,0,0,1,0,0,0,KRBKRNvK,DRAW,r7/7n/7k/8/6K1/1B4R1/8/8 w - - 0 1
1,1,0,0,0,0,0,1,-1,1,0,1,1,1,0,0,0,0,0,16,0,0,4,7,7,6,3,6,2,23,22,0,0,0,0,0,0,0,0,7,1,1,0,1,0,0,3,2,0,0,KRBKRNvK,DRAW,7K/8/8/2R5/6k1/8/4r3/B3n3 w - - 0 1
0,1,0,0,0,0,0,1,-1,1,0,1,1,1,0,0,0,0,0,16,0,0,2,7,5,6,3,4,2,25,25,0,0,0,0,0,0,0,0,7,1,1,0,1,0,0,2,1,1,0,KRBKRNvK,DRAW,8/5B2/7K/1n2R3/6k1/8/r7/8 b - - 0 1
1,1,0,0,0,0,0,1,-1,1,0,1,1,1,0,0,0,0,0,16,0,0,4,0,7,3,3,6,0,21,18,0,0,0,0,0,0,0,0,7,1,1,1,0,0,0,2,3,0,0,KRBKRNvK,WIN,K2n1r2/4R3/8/8/3k4/B7/8/8 w - - 0 1
0,1,0,0,0,0,0,1,-1,1,0,1,1,1,0,0,0,0,0,16,0,0,7,0,4,7,6,3,5,2,0,1,0,0,0,0,0,0,0,7,1,1,0,0,0,0,1,1,0,1,KRBKRNvK,DRAW,8/2n4k/8/K7/8/5r2/7R/1B6 b - - 0 1
0,1,0,0,0,0,0,1,-1,1,0,1,1,1,0,0,0,0,0,16,0,0,4,6,0,2,3,5,1,5,0,1,0,0,0,0,0,0,0,7,1,1,0,0,0,0,2,3,0,1,KRBKRNvK,DRAW,3B4/8/8/1r6/2k2R2/8/8/5nK1 b - - 0 1
0,1,0,0,0,0,0,1,-1,1,0,1,1,1,0,0,0,0,0,16,0,0,7,7,4,0,0,3,6,3,0,1,0,0,0,0,0,0,0,7,1,1,0,1,0,0,2,1,0,1,KRBKRNvK,DRAW,8/8/1B4n1/7K/R7/8/6r1/k7 b - - 0 1
1,1,0,0,0,0,0,1,-1,1,0,1,1,1,0,0,0,0,0,16,0,0,7,0,7,7,4,6,3,25,20,0,0,0,0,0,0,0,0,7,1,1,0,0,0,0,3,2,1,0,KRBKRNvK,DRAW,K3n3/8/8/7k/2R2B2/8/8/4r3 w - - 0 1
1,1,0,0,0,0,0,1,-1,1,0,1,1,1,0,0,0,0,0,16,0,0,6,0,3,6,2,3,3,26,19,0,0,0,0,0,0,0,0,7,1,1,0,0,0,0,2,0,0,1,KRBKRNvK,DRAW,8/8/1r2B3/2R5/K7/6k1/8/1n6 w - - 0 1
1,1,0,0,0,0,0,1,-1,1,0,1,1,1,0,0,0,0,0,16,0,0,3,4,1,1,4,2,2,6,0,1,0,0,0,0,0,0,0,7,1,1,0,1,0,0,2,1,0,1,KRBKRNvK,DRAW,8/8/3n4/1k5B/7R/8/4K1r1/8 w - - 0 1
1,1,0,0,0,0,0,1,-1,1,0,1,1,1,0,0,0,0,0,16,0,0,4,4,6,7,2,2,4,5,0,1,0,0,0,0,0,0,0,7,1,1,0,0,0,0,2,1,0,1,KRBKRNvK,DRAW,1B6/4K2r/3R4/5n2/8/7k/8/8 w - - 0 1
0,1,0,0,0,0,0,1,-1,1,0,1,1,1,0,0,0,0,0,16,0,0,3,3,7,4,4,3,0,23,25,0,0,0,0,0,0,0,0,7,1,1,0,0,0,0,1,3,1,1,KRBKRNvK,WIN,R2K4/8/5r2/4k3/2B5/7n/8/8 b - - 0 1
0,1,0,0,0,0,0,1,-1,1,0,1,1,1,0,0,0,0,0,16,0,0,2,5,3,3,5,1,1,3,0,1,0,0,0,0,0,0,0,7,1,1,0,0,0,0,2,2,1,0,KRBKRNvK,DRAW,8/1n5r/3k1R2/8/5K2/B7/8/8 b - - 0 1
0,1,0,0,0,0,0,1,-1,1,0,1,1,1,0,0,0,0,0,16,0,0,2,4,7,5,5,3,2,17,26,0,0,0,0,0,0,0,0,7,1,1,0,0,0,0,3,1,0,0,KRBKRNvK,DRAW,4K3/8/5k2/1R6/8/3B4/8/2r2n2 b - - 0 1
1,1,0,0,0,0,0,1,-1,1,0,1,1,1,0,0,0,0,0,16,0,0,4,0,6,1,2,5,3,24,27,0,0,0,0,0,0,0,0,7,1,1,0,0,0,0,2,0,0,0,KRBKRNvK,DRAW,8/K6B/7r/8/3n4/1k6/8/4R3 w - - 0 1
1,1,0,0,0,0,0,1,-1,1,0,1,1,1,0,0,0,0,0,16,0,0,4,4,7,0,7,3,6,28,17,0,0,0,0,0,0,0,0,7,1,1,0,0,0,0,3,2,0,0,KRBKRNvK,DRAW,k3K3/8/8/r7/2R5/6B1/8/7n w - - 0 1
0,1,0,0,0,0,0,1,-1,1,0,1,1,1,0,0,0,0,0,16,0,0,4,6,1,2,5,4,2,25,22,0,0,0,0,0,0,0,0,7,1,1,0,0,0,0,0,1,1,1,KRBKRNvK,DRAW,1R6/8/2k5/4n2B/8/5r2/6K1/8 b - - 0 1
1,1,0,0,0,0,0,1,-1,1,0,1,1,1,0,0,0,0,0,16,0,0,2,0,3,0,5,3,4,26,19,0,0,0,0,0,0,0,0,7,1,1,0,0,0,0,2,1,0,0,KRBKRNvK,DRAW,4r3/4B3/k7/8/K4n2/8/8/3R4 w - - 0 1
1,1,0,0,0,0,0,1,-1,1,0,1,1,1,0,0,0,0,0,16,0,0,4,4,7,1,3,3,2,24,23,0,0,0,0,0,0,0,0,7,1,1,1,0,0,0,1,0,0,0,KRBKRNvK,DRAW,4K3/5R2/8/4n3/1k6/8/5B2/5r2 w - - 0 1
1,1,0,0,0,0,0,1,-1,1,0,1,1,1,0,0,0,0,0,16,0,0,5,1,0,6,1,5,4,4,0,1,0,0,0,0,0,0,0,7,1,1,0,0,0,0,3,0,1,1,KRBKRNvK,DRAW,7n/8/8/5R2/8/1r2B3/6k1/1K6 w - - 0 1
0,1,0,0,0,0,0,1,-1,1,0,1,1,1,0,0,0,0,0,16,0,0,4,2,5,4,1,2,2,19,21,0,0,0,0,0,0,0,0,7,1,1,0,1,0,0,2,1,1,1,KRBKRNvK,DRAW,8/8/2K5/8/1Rn5/8/2r1k1B1/8 b - - 0 1
1,1,0,0,0,0,0,1,-1,1,0,1,1,1,0,0,0,0,0,16,0,0,2,1,4,0,2,2,4,24,20,0,0,0,0,0,0,0,0,7,1,1,0,0,0,0,2,1,1,0,KRBKRNvK,DRAW,r7/8/8/1K4nB/2R5/k7/8/8 w - - 0 1
1,1,0,0,0,0,0,1,-1,1,0,1,1,1,0,0,0,0,0,16,0,0,3,2,1,5,1,3,3,25,27,0,0,0,0,0,0,0,0,7,1,1,0,0,0,0,3,2,0,0,KRBKRNvK,DRAW,4r1B1/8/6n1/3R4/8/8/2K2k2/8 w - - 0 1
1,1,0,0,0,0,0,1,-1,1,0,1,1,1,0,0,0,0,0,16,0,0,4,1,2,5,4,3,1,21,22,0,0,0,0,0,0,0,0,7,1,1,0,0,0,0,0,2,0,0,KRBKRNvK,DRAW,2n5/8/1r6/5k2/1B6/1K6/7R/8 w - - 0 1
1,1,0,0,0,0,0,1,-1,1,0,1,1,1,0,0,0,0,0,16,0,0,7,6,7,1,0,5,5,3,0,1,0,0,0,0,0,0,0,7,1,1,0,0,0,0,3,1,0,1,KRBKRNvK,DRAW,4r1K1/8/8/4B3/8/4R2n/8/1k6 w - - 0 1
1,1,0,0,0,0,0,1,-1,1,0,1,1,1,0,0,0,0,0,16,0,0,5,2,5,4,0,2,3,4,0,1,0,0,0,0,0,0,0,7,1,1,0,0,0,0,1,2,0,1,KRBKRNvK,DRAW,2r5/8/2K5/8/B7/1Rn5/8/4k3 w - - 0 1
0,1,0,0,0,0,0,1,-1,1,0,1,1,1,0,0,0,0,0,16,0,0,6,3,7,0,1,3,5,1,0,1,0,0,0,0,0,0,0,7,1,1,1,0,0,0,1,0,0,0,KRBKRNvK,LOSS,3K4/R7/8/3B4/8/8/k7/1n5r b - - 0 1
1,1,0,0,0,0,0,1,-1,1,0,1,1,1,0,0,0,0,0,16,0,0,3,2,3,5,1,1,3,5,0,1,0,0,0,0,0,0,0,7,1,1,1,0,0,0,2,2,0,1,KRBKRNvK,DRAW,8/6R1/8/7B/2K2r2/8/4nk2/8 w - - 0 1
1,1,0,0,0,0,0,1,-1,1,0,1,1,1,0,0,0,0,0,16,0,0,7,1,0,6,7,5,5,25,18,0,0,0,0,0,0,0,0,7,1,1,1,0,0,0,3,0,1,0,KRBKRNvK,DRAW,5nk1/B3R3/8/8/8/5r2/8/1K6 w - - 0 1
0,1,0,0,0,0,0,1,-1,1,0,1,1,1,0,0,0,0,0,16,0,0,2,3,4,4,6,0,2,20,27,0,0,0,0,0,0,0,0,7,1,1,0,0,0,0,4,0,1,0,KRBKRNvK,DRAW,5r2/4k3/4B3/3K4/8/8/2R4n/8 b - - 0 1
0,1,0,0,0,0,0,1,-1,1,0,1,1,1,0,0,0,0,0,16,0,0,5,7,7,2,6,6,3,23,27,0,0,0,0,0,0,0,0,7,1,1,0,0,0,0,2,2,0,0,KRBKRNvK,DRAW,4n2K/2k5/8/5B2/8/8/4R3/3r4 b - - 0 1
1,1,0,0,0,0,0,1,-1,1,0,1,1,1,0,0,0,0,0,16,0,0,3,2,1,5,1,3,3,29,27,0,0,0,0,0,0,0,0,7,1,1,0,0,0,0,2,1,0,0,KRBKRNvK,DRAW,6r1/8/4n3/8/8/R7/1BK2k2/8 w - - 0 1
0,1,0,0,0,0,0,1,-1,1,0,1,1,1,0,0,0,0,0,16,0,0,2,2,6,3,4,3,0,19,24,0,0,0,0,0,0,0,0,7,1,1,0,0,0,0,0,4,1,0,KRBKRNvK,DRAW,8/2K5/B1R5/3k1r2/6n1/8/8/8 b - - 0 1
0,1,0,0,0,0,0,1,-1,1,0,1,1,1,0,0,0,0,0,16,0,0,4,2,2,6,3,2,2,19,30,0,0,0,0,0,0,0,0,7,1,1,0,0,0,0,2,0,0,0,KRBKRNvK,DRAW,8/6rn/1R6/8/6k1/2K5/2B5/8 b - - 0 1
1,1,0,0,0,0,0,1,-1,1,0,1,1,1,0,0,0,0,0,16,0,0,3,1,6,4,4,4,0,26,15,0,0,0,0,0,0,0,0,7,1,1,0,0,0,0,1,4,1,1,KRBKRNvK,DRAW,7n/1K3B2/8/2r1k3/8/8/5R2/8 w - - 0 1
1,1,0,0,0,0,0,1,-1,1,0,1,1,1,0,0,0,0,0,16,0,0,2,6,6,6,4,4,2,5,0,1,0,0,0,0,0,0,0,7,1,1,0,1,0,0,2,0,0,1,KRBKRNvK,LOSS,8/B5K1/8/6kn/8/3R4/3r4/8 w - - 0 1
1,1,0,0,0,0,0,1,-1,1,0,1,1,1,0,0,0,0,0,16,0,0,5,7,3,2,6,3,3,24,26,0,0,0,0,0,0,0,0,7,1,1,0,0,0,0,0,3,0,0,KRBKRNvK,DRAW,4r3/2k5/8/1n6/7K/B5R1/8/8 w - - 0 1
0,1,0,0,0,0,0,1,-1,1,0,1,1,1,0,0,0,0,0,16,0,0,4,0,5,4,3,4,0,22,19,0,0,0,0,0,0,0,0,7,1,1,1,1,0,0,0,4,0,0,KRBKRNvK,DRAW,8/R7/K7/1B4n1/4k3/8/6r1/8 b - - 0 1
0,1,0,0,0,0,0,1,-1,1,0,1,1,1,0,0,0,0,0,16,0,0,2,7,3,7,1,3,5,15,23,0,0,0,0,0,0,0,0,7,1,1,0,0,0,0,1,1,0,0,KRBKRNvK,DRAW,6B1/8/1nR5/8/7K/8/7k/7r b - - 0 1
1,1,0,0,0,0,0,1,-1,1,0,1,1,1,0,0,0,0,0,16,0,0,5,3,6,2,1,2,3,27,21,0,0,0,0,0,0,0,0,7,1,1,0,0,0,0,1,0,2,0,KRBKRNvK,DRAW,8/3K4/8/8/1RB5/8/2k4n/6r1 w - - 0 1
0,1,0,0,0,0,0,1,-1,1,0,1,1,1,0,0,0,0,0,16,0,0,3,1,3,1,0,2,5,19,29,0,0,0,0,0,0,0,0,7,1,1,0,0,0,0,1,0,0,0,KRBKRNvK,DRAW,2R5/1n6/1B6/8/1K6/8/8/1k3r2 b - - 0 1
0,1,0,0,0,0,0,1,-1,1,0,1,1,1,0,0,0,0,0,16,0,0,3,2,1,4,4,3,0,26,27,0,0,0,0,0,0,0,0,7,1,1,0,0,0,0,0,3,0,1,KRBKRNvK,DRAW,8/1n6/8/1B2k3/8/R7/2K5/3r4 b - - 0 1
1,1,0,0,0,0,0,1,-1,1,0,1,1,1,0,0,0,0,0,16,0,0,2,3,1,1,0,2,5,21,20,0,0,0,0,0,0,0,0,7,1,1,0,0,0,0,3,2,1,0,KRBKRNvK,DRAW,B3n3/4r3/8/8/8/3R4/3K4/1k6 w - - 0 1
1,1,0,0,0,0,0,1,-1,1,0,1,1,1,0,0,0,0,0,16,0,0,6,6,0,0,6,5,5,26,21,0,0,0,0,0,0,0,0,7,1,1,0,0,0,0,2,2,0,0,KRBKRNvK,DRAW,8/k7/8/3BR3/7r/n7/8/6K1 w - - 0 1
1,1,0,0,0,0,0,1,-1,1,0,1,1,1,0,0,0,0,0,16,0,0,7,6,0,4,7,5,3,6,0,1,0,0,0,0,0,0,0,7,1,1,0,0,0,0,1,0,1,0,KRBKRNvK,DRAW,1n2k3/8/5R2/8/8/3B4/8/r5K1 w - - 0 1
1,1,0,0,0,0,0,1,-1,1,0,1,1,1,0,0,0,0,0,16,0,0,7,7,4,0,6,3,5,22,19,0,0,0,0,0,0,0,0,7,1,1,0,0,0,0,1,2,0,0,KRBKRNvK,DRAW,1n6/k6B/8/7K/r7/8/2R5/8 w - - 0 1
0,1,0,0,0,0,0,1,-1,1,0,1,1,1,0,0,0,0,0,16,0,0,6,4,0,6,6,3,4,4,0,1,0,0,0,0,0,0,0,7,1,1,0,0,0,0,1,1,1,0,KRBKRNvK,DRAW,5r2/6k1/1R6/4Bn2/8/8/8/4K3 b - - 0 1
0,1,0,0,0,0,0,1,-1,1,0,1,1,1,0,0,0,0,0,16,0,0,3,0,7,1,4,6,2,5,0,1,0,0,0,0,0,0,0,7,1,1,1,0,0,0,1,0,1,0,KRBKRNvK,DRAW,K5n1/1R6/8/1k6/8/8/B7/6r1 b - - 0 1
1,1,0,0,0,0,0,1,-1,1,0,1,1,1,0,0,0,0,0,16,0,0,2,3,2,4,0,1,3,23,20,0,0,0,0,0,0,0,0,7,1,1,1,0,0,0,3,2,0,1,KRBKRNvK,DRAW,8/7R/8/4r3/8/n2K4/B7/4k3 w - - 0 1
1,1,0,0,0,0,0,1,-1,1,0,1,1,1,0,0,0,0,0,16,0,0,2,3,2,5,0,1,4,26,18,0,0,0,0,0,0,0,0,7,1,1,0,0,0,0,2,1,0,0,KRBKRNvK,DRAW,1R6/3n1r2/8/8/1B6/3K4/8/5k2 w - - 0 1
0,1,0,0,0,0,0,1,-1,1,0,1,1,1,0,0,0,0,0,16,0,0,4,4,2,0,1,1,5,3,0,1,0,0,0,0,0,0,0,7,1,1,0,0,0,0,4,0,0,0,KRBKRNvK,DRAW,n2B2r1/8/8/R7/8/4K3/k7/8 b - - 0 1
1,1,0,0,0,0,0,1,-1,1,0,1,1,1,0,0,0,0,0,16,0,0,5,7,6,2,4,5,1,3,0,1,0,0,0,0,0,0,0,7,1,1,0,0,0,0,0,3,1,0,KRBKRNvK,DRAW,8/7K/n7/2k5/7r/R7/8/5B2 w - - 0 1
1,1,0,0,0,0,0,1,-1,1,0,1,1,1,0,0,0,0,0,16,0,0,3,3,1,6,4,2,2,6,0,1,0,0,0,0,0,0,0,7,1,1,0,1,0,0,2,1,0,1,KRBKRNvK,DRAW,8/8/8/6k1/8/6n1/3K1rB1/7R w - - 0 1
1,1,0,0,0,0,0,1,-1,1,0,1,1,1,0,0,0,0,0,16,0,0,5,2,5,7,0,2,6,5,0,1,0,0,0,0,0,0,0,7,1,1,0,0,0,0,2,2,1,1,KRBKRNvK,DRAW,5n2/8/2KB4/8/2r5/8/5R2/7k w - - 0 1
0,1,0,0,0,0,0,1,-1,1,0,1,1,1,0,0,0,0,0,16,0,0,7,3,7,4,0,3,3,24,20,0,0,0,0,0,0,0,0,7,1,1,1,0,0,0,0,2,0,1,KRBKRNvK,DRAW,3K4/2Rn4/8/r7/8/7B/8/4k3 b - - 0 1
0,1,0,0,0,0,0,1,-1,1,0,1,1,1,0,0,0,0,0,16,0,0,2,4,6,6,4,2,2,7,0,1,0,0,0,0,0,0,0,7,1,1,0,1,0,0,0,1,0,1,KRBKRNvK,DRAW,8/4K3/3n4/6k1/8/2R5/5r2/2B5 b - - 0 1
0,1,0,0,0,0,0,1,-1,1,0,1,1,1,0,0,0,0,0,16,0,0,6,3,7,4,1,3,2,24,21,0,0,0,0,0,0,0,0,7,1,1,0,0,0,0,2,2,0,0,KRBKRNvK,DRAW,3K4/n7/8/R7/2r5/1B6/4k3/8 b - - 0 1
0,1,0,0,0,0,0,1,-1,1,0,1,1,1,0,0,0,0,0,16,0,0,2,6,2,5,0,3,4,19,20,0,0,0,0,0,0,0,0,7,1,1,0,0,0,0,1,1,1,0,KRBKRNvK,DRAW,8/8/8/B7/2rn4/3R2K1/8/5k2 b - - 0 1
0,1,0,0,0,0,0,1,-1,1,0,1,1,1,0,0,0,0,0,16,0,0,3,3,7,0,5,3,4,19,24,0,0,0,0,0,0,0,0,7,1,1,1,0,0,0,2,0,0,0,KRBKRNvK,DRAW,n2K4/4R3/k7/4B3/8/6r1/8/8 b - - 0 1
1,1,0,0,0,0,0,1,-1,1,0,1,1,1,0,0,0,0,0,16,0,0,2,4,5,2,5,1,2,26,21,0,0,0,0,0,0,0,0,7,1,1,0,1,0,0,2,2,0,0,KRBKRNvK,DRAW,5R2/8/2k1K3/8/8/8/1r2n3/4B3 w - - 0 1
1,1,0,0,0,0,0,1,-1,1,0,1,1,1,0,0,0,0,0,16,0,0,4,3,7,7,6,3,5,6,0,1,0,0,0,0,0,0,0,7,1,1,0,0,0,0,1,2,1,0,KRBKRNvK,DRAW,3K4/7k/6R1/8/2Br4/8/8/5n2 w - - 0 1
0,1,0,0,0,0,0,1,-1,1,0,1,1,1,0,0,0,0,0,16,0,0,5,0,7,0,2,6,4,5,0,1,0,0,0,0,0,0,0,7,1,1,0,1,0,0,1,1,0,0,KRBKRNvK,DRAW,K7/8/8/5B2/8/k6R/1rn5/8 b - - 0 1
0,1,0,0,0,0,0,1,-1,1,0,1,1,1,0,0,0,0,0,16,0,0,6,7,0,1,2,6,3,3,0,1,0,0,0,0,0,0,0,7,1,1,0,0,0,0,2,2,2,0,KRBKRNvK,LOSS,8/8/8/8/B2Rr3/1k6/n7/7K b - - 0 1
1,1,0,0,0,0,0,1,-1,1,0,1,1,1,0,0,0,0,0,16,0,0,5,7,7,2,2,6,2,21,21,0,0,0,0,0,0,0,0,7,1,1,0,0,0,0,1,1,0,0,KRBKRNvK,DRAW,5R1K/B7/8/8/8/2k3r1/7n/8 w - - 0 1
1,1,0,0,0,0,0,1,-1,1,0,1,1,1,0,0,0,0,0,16,0,0,7,0,1,7,5,5,4,23,22,0,0,0,0,0,0,0,0,7,1,1,0,0,0,0,3,3,0,1,KRBKRNvK,DRAW,8/8/2n4k/8/2r5/8/K2R4/1B6 w - - 0 1
0,1,0,0,0,0,0,1,-1,1,0,1,1,1,0,0,0,0,0,16,0,0,3,0,2,3,4,4,0,20,25,0,0,0,0,0,0,0,0,7,1,1,0,0,0,0,1,3,0,0,KRBKRNvK,DRAW,8/B4n1r/8/3k4/8/K7/8/5R2 b - - 0 1
0,1,0,0,0,0,0,1,-1,1,0,1,1,1,0,0,0,0,0,16,0,0,7,0,5,7,7,4,6,25,23,0,0,0,0,0,0,0,0,7,1,1,0,0,0,0,4,1,0,0,KRBKRNvK,DRAW,7k/8/K2n4/4R3/8/2B5/8/1r6 b - - 0 1
1,1,0,0,0,0,0,1,-1,1,0,1,1,1,0,0,0,0,0,16,0,0,2,2,0,4,1,4,2,26,23,0,0,0,0,0,0,0,0,7,1,1,0,0,0,0,3,1,0,0,KRBKRNvK,DRAW,8/8/8/3B2R1/8/7r/4kn2/2K5 w - - 0 1
1,1,0,0,0,0,0,1,-1,1,0,1,1,1,0,0,0,0,0,16,0,0,3,1,2,2,5,3,2,29,20,0,0,0,0,0,0,0,0,7,1,1,0,0,0,0,2,1,2,0,KRBKRNvK,DRAW,4R3/8/B1k2r2/7n/8/1K6/8/8 w - - 0 1
0,1,0,0,0,0,0,1,-1,1,0,1,1,1,0,0,0,0,0,16,0,0,3,7,1,4,1,5,2,25,28,0,0,0,0,0,0,0,0,7,1,1,0,0,0,0,0,0,0,0,KRBKRNvK,DRAW,1R6/4B3/r7/8/8/8/4k2K/1n6 b - - 0 1
1,1,0,0,0,0,0,1,-1,1,0,1,1,1,0,0,0,0,0,16,0,0,3,5,0,2,3,4,1,26,19,0,0,0,0,0,0,0,0,7,1,1,0,0,0,0,3,2,1,0,KRBKRNvK,DRAW,8/2n4B/2r5/8/2k5/8/3R4/5K2 w - - 0 1
1,1,0,0,0,0,0,1,-1,1,0,1,1,1,0,0,0,0,0,16,0,0,4,3,7,2,3,3,1,2,0,1,0,0,0,0,0,0,0,7,1,1,0,0,0,0,3,2,1,2,KRBKRNvK,DRAW,1n1K1r2/8/8/6R1/2k5/8/2B5/8 w - - 0 1
1,1,0,0,0,0,0,1,-1,1,0,1,1,1,0,0,0,0,0,16,0,0,7,0,0,2,7,6,4,21,22,0,0,0,0,0,0,0,0,7,1,1,1,1,0,0,2,1,2,1,KRBKRNvK,DRAW,2k5/2B1R3/8/5n2/8/8/2r5/K7 w - - 0 1
0,1,0,0,0,0,0,1,-1,1,0,1,1,1,0,0,0,0,0,16,0,0,2,7,6,5,7,5,4,20,23,0,0,0,0,0,0,0,0,7,1,1,0,0,0,0,2,2,1,0,KRBKRNvK,DRAW,1n3k2/7K/7R/8/6r1/5B2/8/8 b - - 0 1
0,1,0,0,0,0,0,1,-1,1,0,1,1,1,0,0,0,0,0,16,0,0,3,0,1,3,3,5,0,24,26,0,0,0,0,0,0,0,0,7,1,1,0,0,0,0,3,3,1,1,KRBKRNvK,DRAW,8/1B6/1n6/5R2/3k4/8/K7/2r5 b - - 0 1
1,1,0,0,0,0,0,1,-1,1,0,1,1,1,0,0,0,0,0,16,0,0,6,7,0,1,0,6,5,24,21,0,0,0,0,0,0,0,0,7,1,1,0,0,0,0,0,0,0,0,KRBKRNvK,DRAW,4Bn2/8/R7/8/8/2r5/8/1k5K w - - 0 1
1,1,0,0,0,0,0,1,-1,1,0,1,1,1,0,0,0,0,0,16,0,0,7,6,7,1,0,5,5,26,17,0,0,0,0,0,0,0,0,7,1,1,0,0,0,0,2,1,1,0,KRBKRNvK,DRAW,6K1/1r1n4/8/8/8/6R1/1B6/1k6 w - - 0 1
1,1,0,0,0,0,0,1,-1,1,0,1,1,1,0,0,0,0,0,16,0,0,7,1,0,0,7,5,6,20,22,0,0,0,0,0,0,0,0,7,1,1,0,1,0,0,2,3,0,0,KRBKRNvK,DRAW,k7/2n5/8/8/8/8/4r3/BK5R w - - 0 1
1,1,0,0,0,0,0,1,-1,1,0,1,1,1,0,0,0,0,0,16,0,0,5,7,7,4,2,6,1,26,24,0,0,0,0,0,0,0,0,7,1,1,0,0,0,0,3,2,2,0,KRBKRNvK,DRAW,7K/8/r7/2n5/8/4k3/6B1/3R4 w - - 0 1
1,1,0,0,0,0,0,1,-1,1,0,1,1,1,0,0,0,0,0,16,0,0,5,2,2,7,2,2,4,27,20,0,0,0,0,0,0,0,0,7,1,1,0,0,0,0,2,2,0,1,KRBKRNvK,DRAW,6R1/8/n7/1r6/8/2K4k/2B5/8 w - - 0 1
1,1,0,0,0,0,0,1,-1,1,0,1,1,1,0,0,0,0,0,16,0,0,6,7,0,3,6,6,2,24,26,0,0,0,0,0,0,0,0,7,1,1,0,0,0,0,2,0,1,1,KRBKRNvK,DRAW,8/3k4/n7/5R2/8/6r1/3B4/7K w - - 0 1
0,1,0,0,0,0,0,1,-1,1,0,1,1,1,0,0,0,0,0,16,0,0,6,1,3,7,1,2,5,6,0,1,0,0,0,0,0,0,0,7,1,1,0,0,0,0,0,2,0,1,KRBKRNvK,LOSS,4B3/8/8/2r5/1K6/8/1R5k/5n2 b - - 0 1
1,1,0,0,0,0,0,1,-1,1,0,1,1,1,0,0,0,0,0,16,0,0,2,1,0,1,2,5,3,0,0,1,0,0,0,0,0,0,0,7,1,1,0,0,0,0,0,0,1,1,KRBKRNvK,LOSS,2R5/8/8/1B6/8/nk6/8/1K3r2 w - - 0 1
1,1,0,0,0,0,0,1,-1,1,0,1,1,1,0,0,0,0,0,16,0,0,5,1,6,6,1,4,4,6,0,1,0,0,0,0,0,0,0,7,1,1,0,0,0,0,0,2,0,1,KRBKRNvK,DRAW,2B5/1K6/8/n7/6r1/8/6k1/2R5 w - - 0 1
0,1,0,0,0,0,0,1,-1,1,0,1,1,1,0,0,0,0,0,16,0,0,5,0,0,5,3,6,1,6,0,1,0,0,0,0,0,0,0,7,1,1,0,0,0,0,0,3,1,0,KRBKRNvK,LOSS,5r2/2n5/7B/8/5k2/8/8/K6R b - - 0 1
0,1,0,0,0,0,0,1,-1,1,0,1,1,1,0,0,0,0,0,16,0,0,4,6,1,2,5,4,2,7,0,1,0,0,0,0,0,0,0,7,1,1,0,0,0,0,2,3,1,0,KRBKRNvK,DRAW,B6n/8/2k5/8/1r4R1/8/6K1/8 b - - 0 1
1,1,0,0,0,0,0,1,-1,1,0,1,1,1,0,0,0,0,0,16,0,0,3,2,1,2,4,3,1,28,19,0,0,0,0,0,0,0,0,7,1,1,0,0,0,0,2,3,1,0,KRBKRNvK,DRAW,2n5/8/3R4/2k2r2/8/8/2K5/2B5 w - - 0 1
1,1,0,0,0,0,0,1,-1,1,0,1,1,1,0,0,0,0,0,16,0,0,2,2,2,4,2,2,1,20,22,0,0,0,0,0,0,0,0,7,1,1,1,0,0,0,2,3,0,1,KRBKRNvK,DRAW,3n4/2R3B1/8/8/8/2K1k3/8/3r4 w - - 0 1
0,1,0,0,0,0,0,1,-1,1,0,1,1,1,0,0,0,0,0,16,0,0,3,2,0,5,0,4,4,19,22,0,0,0,0,0,0,0,0,7,1,1,0,0,0,0,1,0,0,1,KRBKRNvK,DRAW,5r2/8/6B1/8/8/8/1nR5/2K2k2 b - - 0 1
0,1,0,0,0,0,0,1,-1,1,0,1,1,1,0,0,0,0,0,16,0,0,6,1,7,1,1,5,4,26,21,0,0,0,0,0,0,0,0,7,1,1,0,0,0,0,2,0,0,1,KRBKRNvK,DRAW,1K6/2r5/8/B7/3n4/8/1k6/4R3 b - - 0 1
1,1,0,0,0,0,0,1,-1,1,0,1,1,1,0,0,0,0,0,16,0,0,2,7,3,5,5,3,2,29,20,0,0,0,0,0,0,0,0,7,1,1,0,0,0,0,2,2,1,0,KRBKRNvK,DRAW,5r2/8/3nBk2/2R5/7K/8/8/8 w - - 0 1
0,1,0,0,0,0,0,1,-1,1,0,1,1,1,0,0,0,0,0,16,0,0,7,0,4,7,3,3,3,21,26,0,0,0,0,0,0,0,0,7,1,1,0,0,0,0,2,2,2,0,KRBKRNvK,DRAW,8/8/8/K6n/7k/4r3/5RB1/8 b - - 0 1
0,1,0,0,0,0,0,1,-1,1,0,1,1,1,0,0,0,0,0,16,0,0,3,2,4,5,7,1,4,24,26,0,0,0,0,0,0,0,0,7,1,1,0,0,0,0,3,2,0,0,KRBKRNvK,DRAW,5k2/2B5/8/2K5/5r2/8/2n5/1R6 b - - 0 1
0,1,0,0,0,0,0,1,-1,1,0,1,1,1,0,0,0,0,0,16,0,0,2,4,3,6,5,0,3,24,26,0,0,0,0,0,0,0,0,7,1,1,0,0,0,0,3,0,0,0,KRBKRNvK,DRAW,8/1r6/6k1/8/4K3/n2R4/8/3B4 b - - 0 1
1,1,0,0,0,0,0,1,-1,1,0,1,1,1,0,0,0,0,0,16,0,0,5,2,7,1,2,4,3,25,22,0,0,0,0,0,0,0,0,7,1,1,0,0,0,0,2,0,1,0,KRBKRNvK,DRAW,1BK5/8/5r1n/R7/8/1k6/8/8 w - - 0 1
1,1,0,0,0,0,0,1,-1,1,0,1,1,1,0,0,0,0,0,16,0,0,3,7,1,7,4,5,3,24,22,0,0,0,0,0,0,0,0,7,1,1,1,0,0,0,2,2,0,0,KRBKRNvK,DRAW,8/2B1R3/8/5r1k/8/8/7K/3n4 w - - 0 1
0,1,0,0,0,0,0,1,-1,1,0,1,1,1,0,0,0,0,0,16,0,0,6,5,6,5,0,3,4,27,21,0,0,0,0,0,0,0,0,7,1,1,1,0,0,0,1,0,0,1,KRBKRNvK,DRAW,8/5K1R/2B5/3n4/8/r7/8/5k2 b - - 0 1
0,1,0,0,0,0,0,1,-1,1,0,1,1,1,0,0,0,0,0,16,0,0,2,3,3,1,4,0,2,22,20,0,0,0,0,0,0,0,0,7,1,1,0,0,0,0,4,2,0,1,KRBKRNvK,DRAW,8/8/5B2/1k6/3K4/2n5/3R4/1r6 b - - 0 1
1,1,0,0,0,0,0,1,-1,1,0,1,1,1,0,0,0,0,0,16,0,0,4,6,0,6,4,5,2,26,16,0,0,0,0,0,0,0,0,7,1,1,0,0,0,0,0,1,0,0,KRBKRNvK,DRAW,5R2/8/rn6/6k1/8/8/8/3B2K1 w - - 0 1
0,1,0,0,0,0,0,1,-1,1,0,1,1,1,0,0,0,0,0,16,0,0,3,2,6,5,6,3,3,25,25,0,0,0,0,0,0,0,0,7,1,1,0,0,0,0,2,3,1,1,KRBKRNvK,DRAW,B6R/2K2k2/8/1r6/8/8/3n4/8 b - - 0 1
0,1,0,0,0,0,0,1,-1,1,0,1,1,1,0,0,0,0,0,16,0,0,2,4,1,6,3,2,2,28,26,0,0,0,0,0,0,0,0,7,1,1,0,0,0,0,3,1,0,0,KRBKRNvK,DRAW,4R3/8/8/2n5/6k1/7r/1B2K3/8 b - - 0 1
1,1,0,0,0,0,0,1,-1,1,0,1,1,1,0,0,0,0,0,16,0,0,2,3,4,5,5,0,2,4,0,1,0,0,0,0,0,0,0,7,1,1,0,0,0,0,4,3,2,1,KRBKRNvK,DRAW,6B1/8/5k2/1r1K2n1/6R1/8/8/8 w - - 0 1
1,1,0,0,0,0,0,1,-1,1,0,1,1,1,0,0,0,0,0,16,0,0,4,3,4,0,0,0,6,28,19,0,0,0,0,0,0,0,0,7,1,1,0,0,0,0,3,2,0,1,KRBKRNvK,DRAW,6n1/4r3/8/3K4/8/5R2/3B4/k7 w - - 0 1
0,1,0,0,0,0,0,1,-1,1,0,1,1,1,0,0,0,0,0,16,0,0,6,4,6,4,0,2,3,2,0,1,0,0,0,0,0,0,0,7,1,1,1,0,0,0,3,0,1,1,KRBKRNvK,LOSS,8/2rRK3/8/8/8/6B1/7n/4k3 b - - 0 1
0,1,0,0,0,0,0,1,-1,1,0,1,1,1,0,0,0,0,0,16,0,0,5,6,1,2,6,4,3,3,0,1,0,0,0,0,0,0,0,7,1,1,0,0,0,0,3,2,0,0,KRBKRNvK,DRAW,1n1r4/2k5/8/8/2R5/8/6KB/8 b - - 0 1
1,1,0,0,0,0,0,1,-1,1,0,1,1,1,0,0,0,0,0,16,0,0,4,3,1,6,5,2,3,24,28,0,0,0,0,0,0,0,0,7,1,1,0,0,0,0,3,1,0,0,KRBKRNvK,DRAW,r7/8/1B4k1/1n6/3R4/8/3K4/8 w - - 0 1
0,1,0,0,0,0,0,1,-1,1,0,1,1,1,0,0,0,0,0,16,0,0,2,3,5,5,4,1,1,21,15,0,0,0,0,0,0,0,0,7,1,1,0,0,0,0,2,2,0,1,KRBKRNvK,DRAW,8/n1r5/1R1K4/5k2/8/8/7B/8 b - - 0 1
0,1,0,0,0,0,0,1,-1,1,0,1,1,1,0,0,0,0,0,16,0,0,4,0,4,4,4,3,0,7,0,1,0,0,0,0,0,0,0,7,1,1,0,0,0,0,2,4,0,0,KRBKRNvK,DRAW,2B5/8/4r3/K3k1n1/8/8/4R3/8 b - - 0 1
1,1,0,0,0,0,0,1,-1,1,0,1,1,1,0,0,0,0,0,16,0,0,5,2,2,6,7,2,5,6,0,1,0,0,0,0,0,0,0,7,1,1,0,0,0,0,4,0,0,0,KRBKRNvK,DRAW,3n2k1/8/8/7R/8/2K2r2/2B5/8 w - - 0 1
0,1,0,0,0,0,0,1,-1,1,0,1,1,1,0,0,0,0,0,16,0,0,4,0,2,4,3,4,0,4,0,1,0,0,0,0,0,0,0,7,1,1,0,0,0,0,1,3,0,1,KRBKRNvK,LOSS,8/7r/8/8/4k3/Kn6/8/1B2R3 b - - 0 1
0,1,0,0,0,0,0,1,-1,1,0,1,1,1,0,0,0,0,0,16,0,0,5,4,0,3,5,3,1,22,26,0,0,0,0,0,0,0,0,7,1,1,0,0,0,0,1,2,1,0,KRBKRNvK,DRAW,6n1/5B2/3k4/2r5/8/1R6/8/4K3 b - - 0 1
1,1,0,0,0,0,0,1,-1,1,0,1,1,1,0,0,0,0,0,16,0,0,2,7,1,5,3,5,1,22,18,0,0,0,0,0,0,0,0,7,1,1,0,0,0,0,0,2,1,0,KRBKRNvK,DRAW,8/4B1r1/n7/8/5k2/7R/7K/8 w - - 0 1
1,1,0,0,0,0,0,1,-1,1,0,1,1,1,0,0,0,0,0,16,0,0,2,7,6,6,4,5,2,3,0,1,0,0,0,0,0,0,0,7,1,1,0,0,0,0,1,0,1,1,KRBKRNvK,DRAW,5n2/7K/8/4B1k1/8/R7/8/r7 w - - 0 1
1,1,0,0,0,0,0,1,-1,1,0,1,1,1,0,0,0,0,0,16,0,0,2,3,0,5,1,3,3,24,23,0,0,0,0,0,0,0,0,7,1,1,0,0,0,0,2,1,0,1,KRBKRNvK,DRAW,8/3n4/8/6R1/8/Br6/5k2/3K4 w - - 0 1
0,1,0,0,0,0,0,1,-1,1,0,1,1,1,0,0,0,0,0,16,0,0,6,1,0,7,0,5,6,24,26,0,0,0,0,0,0,0,0,7,1,1,0,0,0,0,2,3,0,0,KRBKRNvK,DRAW,5B2/8/2n5/8/7r/3R4/8/1K5k b - - 0 1
1,1,0,0,0,0,0,1,-1,1,0,1,1,1,0,0,0,0,0,16,0,0,4,5,6,1,4,3,2,30,22,0,0,0,0,0,0,0,0,7,1,1,0,1,0,0,2,1,0,0,KRBKRNvK,DRAW,8/5K2/8/1k2B2R/8/8/r1n5/8 w - - 0 1
1,1,0,0,0,0,0,1,-1,1,0,1,1,1,0,0,0,0,0,16,0,0,7,6,7,4,0,5,3,25,17,0,0,0,0,0,0,0,0,7,1,1,0,0,0,0,2,0,0,0,KRBKRNvK,DRAW,1n2B1K1/8/8/8/R7/8/8/1r2k3 w - - 0 1
0,1,0,0,0,0,0,1,-1,1,0,1,1,1,0,0,0,0,0,16,0,0,4,1,1,3,5,4,1,21,20,0,0,0,0,0,0,0,0,7,1,1,0,0,0,0,2,2,1,1,KRBKRNvK,DRAW,6r1/8/B2k4/1R6/8/8/1K6/n7 b - - 0 1
0,1,0,0,0,0,0,1,-1,1,0,1,1,1,0,0,0,0,0,16,0,0,4,4,3,0,7,0,6,25,25,0,0,0,0,0,0,0,0,7,1,1,0,1,0,0,3,1,0,2,KRBKRNvK,DRAW,k7/8/4nB1R/8/4K3/8/6r1/8 b - - 0 1
1,1,0,0,0,0,0,1,-1,1,0,1,1,1,0,0,0,0,0,16,0,0,2,3,5,5,5,1,2,17,23,0,0,0,0,0,0,0,0,7,1,1,0,0,0,0,3,4,1,2,KRBKRNvK,DRAW,8/4n3/3K1k1B/8/2r5/8/3R4/8 w - - 0 1
1,1,0,0,0,0,0,1,-1,1,0,1,1,1,0,0,0,0,0,16,0,0,3,6,1,3,0,4,3,27,21,0,0,0,0,0,0,0,0,7,1,1,0,0,0,0,0,2,1,0,KRBKRNvK,DRAW,6R1/n7/8/8/2r5/8/6K1/2Bk4 w - - 0 1
0,1,0,0,0,0,0,1,-1,1,0,1,1,1,0,0,0,0,0,16,0,0,2,4,1,4,3,2,0,3,0,1,0,0,0,0,0,0,0,7,1,1,0,0,0,0,2,4,1,2,KRBKRNvK,DRAW,8/B7/8/8/2R1k3/6r1/4Kn2/8 b - - 0 1
1,1,0,0,0,0,0,1,-1,1,0,1,1,1,0,0,0,0,0,16,0,0,4,2,7,6,6,4,4,23,21,0,0,0,0,0,0,0,0,7,1,1,0,0,0,0,3,0,0,1,KRBKRNvK,DRAW,2Kn3r/6k1/8/2R5/8/8/8/7B w - - 0 1
1,1,0,0,0,0,0,1,-1,1,0,1,1,1,0,0,0,0,0,16,0,0,7,7,0,5,7,6,4,22,22,0,0,0,0,0,0,0,0,7,1,1,0,0,0,0,2,0,2,1,KRBKRNvK,DRAW,4Bk2/1n6/3R4/8/8/6r1/8/7K w - - 0 1
0,1,0,0,0,0,0,1,-1,1,0,1,1,1,0,0,0,0,0,16,0,0,7,4,7,5,0,3,4,6,0,1,0,0,0,0,0,0,0,7,1,1,1,1,0,0,0,0,0,0,KRBKRNvK,DRAW,4K3/7R/8/1B5n/8/8/2r5/5k2 b - - 0 1
0,1,0,0,0,0,0,1,-1,1,0,1,1,1,0,0,0,0,0,16,0,0,7,1,7,6,0,5,5,13,24,0,0,0,0,0,0,0,0,7,1,1,0,0,0,0,1,2,0,0,KRBKRNvK,DRAW,1K6/8/1R6/2B1n3/3r4/8/8/6k1 b - - 0 1
1,1,0,0,0,0,0,1,-1,1,0,1,1,1,0,0,0,0,0,16,0,0,6,2,6,7,0,3,6,19,16,0,0,0,0,0,0,0,0,7,1,1,1,0,0,0,0,0,0,0,KRBKRNvK,DRAW,3B3r/R1K5/8/8/8/8/6n1/7k w - - 0 1
1,1,0,0,0,0,0,1,-1,1,0,1,1,1,0,0,0,0,0,16,0,0,4,5,1,1,2,3,3,24,24,0,0,0,0,0,0,0,0,7,1,1,0,0,0,0,0,1,2,0,KRBKRNvK,DRAW,8/2r5/1n6/RB6/8/1k6/5K2/8 w - - 0 1
1,1,0,0,0,0,0,1,-1,1,0,1,1,1,0,0,0,0,0,16,0,0,3,5,5,2,2,2,2,4,0,1,0,0,0,0,0,0,0,7,1,1,0,0,0,0,2,1,1,1,KRBKRNvK,DRAW,8/8/5K1r/1B3R2/8/2k4n/8/8 w - - 0 1
0,1,0,0,0,0,0,1,-1,1,0,1,1,1,0,0,0,0,0,16,0,0,4,7,6,5,2,5,2,5,0,1,0,0,0,0,0,0,0,7,1,1,0,0,0,0,1,1,0,1,KRBKRNvK,DRAW,5r2/7K/1B1n4/8/8/R4k2/8/8 b - - 0 1
1,1,0,0,0,0,0,1,-1,1,0,1,1,1,0,0,0,0,0,16,0,0,7,7,7,4,0,6,3,24,18,0,0,0,0,0,0,0,0,7,1,1,0,0,0,0,2,2,1,0,KRBKRNvK,DRAW,7K/4r3/8/8/6B1/3R4/7n/4k3 w - - 0 1
1,1,0,0,0,0,0,1,-1,1,0,1,1,1,0,0,0,0,0,16,0,0,2,0,0,2,0,6,4,20,22,0,0,0,0,0,0,0,0,7,1,1,0,1,0,0,0,3,0,0,KRBKRNvK,DRAW,R7/5n2/8/8/8/7B/3r4/K1k5 w - - 0 1
0,1,0,0,0,0,0,1,-1,1,0,1,1,1,0,0,0,0,0,16,0,0,3,3,6,6,6,2,4,23,25,0,0,0,0,0,0,0,0,7,1,1,0,0,0,0,1,0,0,0,KRBKRNvK,DRAW,R7/3K2k1/n7/8/8/6B1/8/7r b - - 0 1
0,1,0,0,0,0,0,1,-1,1,0,1,1,1,0,0,0,0,0,16,0,0,6,0,4,6,5,3,3,24,30,0,0,0,0,0,0,0,0,7,1,1,0,1,0,0,1,0,0,0,KRBKRNvK,DRAW,8/8/6k1/K2B4/8/1R6/7r/6n1 b - - 0 1
1,1,0,0,0,0,0,1,-1,1,0,1,1,1,0,0,0,0,0,16,0,0,3,4,0,7,0,3,6,25,18,0,0,0,0,0,0,0,0,7,1,1,0,0,0,0,2,0,0,0,KRBKRNvK,DRAW,8/8/7r/2R5/8/8/8/n2BK2k w - - 0 1
1,1,0,0,0,0,0,1,-1,1,0,1,1,1,0,0,0,0,0,16,0,0,4,7,0,7,4,6,3,18,22,0,0,0,0,0,0,0,0,7,1,1,0,0,0,0,0,2,0,0,KRBKRNvK,DRAW,8/8/8/4r2k/n7/8/2R5/1B5K w - - 0 1
0,1,0,0,0,0,0,1,-1,1,0,1,1,1,0,0,0,0,0,16,0,0,3,4,6,7,3,2,3,3,0,1,0,0,0,0,0,0,0,7,1,1,0,0,0,0,1,1,1,0,KRBKRNvK,LOSS,8/4K3/8/2B5/2n4k/8/7R/6r1 b - - 0 1
0,1,0,0,0,0,0,1,-1,1,0,1,1,1,0,0,0,0,0,16,0,0,5,6,7,1,3,5,2,6,0,1,0,0,0,0,0,0,0,7,1,1,0,1,0,0,0,0,1,0,KRBKRNvK,DRAW,2B3K1/8/1R6/8/1k6/8/1nr5/8 b - - 0 1
0,1,0,0,0,0,0,1,-1,1,0,1,1,1,0,0,0,0,0,16,0,0,3,3,7,1,4,3,2,21,29,0,0,0,0,0,0,0,0,7,1,1,0,0,0,0,2,2,1,0,KRBKRNvK,DRAW,3K4/6n1/3B4/1k5r/8/4R3/8/8 b - - 0 1
1,1,0,0,0,0,0,1,-1,1,0,1,1,1,0,0,0,0,0,16,0,0,5,2,4,7,6,1,5,25,18,0,0,0,0,0,0,0,0,7,1,1,0,0,0,0,2,0,0,0,KRBKRNvK,DRAW,6n1/6rk/1B6/2K5/8/3R4/8/8 w - - 0 1
1,1,0,0,0,0,0,1,-1,1,0,1,1,1,0,0,0,0,0,16,0,0,2,2,5,3,7,2,3,6,0,1,0,0,0,0,0,0,0,7,1,1,0,0,0,0,1,2,0,1,KRBKRNvK,LOSS,1n1k4/8/2K5/8/5r1R/8/B7/8 w - - 0 1
1,1,0,0,0,0,0,1,-1,1,0,1,1,1,0,0,0,0,0,16,0,0,4,2,7,6,3,4,2,26,19,0,0,0,0,0,0,0,0,7,1,1,0,0,0,0,1,2,2,0,KRBKRNvK,DRAW,2K5/8/5R2/8/3r2k1/6B1/8/3n4 w - - 0 1
0,1,0,0,0,0,0,1,-1,1,0,1,1,1,0,0,0,0,0,16,0,0,4,7,4,3,7,3,3,2,0,1,0,0,0,0,0,0,0,7,1,1,0,1,0,0,1,0,1,0,KRBKRNvK,DRAW,3k3R/8/1B6/7K/8/8/2r5/7n b - - 0 1
1,1,0,0,0,0,0,1,-1,1,0,1,1,1,0,0,0,0,0,16,0,0,5,5,4,0,4,1,3,23,22,0,0,0,0,0,0,0,0,7,1,1,0,0,0,0,2,2,0,1,KRBKRNvK,WIN,r7/8/8/k4K2/8/5n1B/4R3/8 w - - 0 1
1,1,0,0,0,0,0,1,-1,1,0,1,1,1,0,0,0,0,0,16,0,0,7,0,2,7,4,4,3,24,20,0,0,0,0,0,0,0,0,7,1,1,0,0,0,0,1,0,0,0,KRBKRNvK,DRAW,8/8/8/3n3k/8/K1R1B3/8/4r3 w - - 0 1
0,1,0,0,0,0,0,1,-1,1,0,1,1,1,0,0,0,0,0,16,0,0,4,1,2,5,6,3,3,27,23,0,0,0,0,0,0,0,0,7,1,1,0,0,0,0,2,3,0,1,KRBKRNvK,DRAW,8/5k2/8/8/7r/1K1n4/3BR3/8 b - - 0 1
1,1,0,0,0,0,0,1,-1,1,0,1,1,1,0,0,0,0,0,16,0,0,2,6,4,6,6,2,4,26,21,0,0,0,0,0,0,0,0,7,1,1,0,0,0,0,1,0,1,0,KRBKRNvK,DRAW,8/6k1/5R2/6K1/8/1r6/8/4n1B1 w - - 0 1
0,1,0,0,0,0,0,1,-1,1,0,1,1,1,0,0,0,0,0,16,0,0,5,5,2,0,5,2,4,20,25,0,0,0,0,0,0,0,0,7,1,1,0,1,0,0,1,0,0,0,KRBKRNvK,DRAW,8/8/k6n/8/7B/5K2/2r5/1R6 b - - 0 1
1,1,0,0,0,0,0,1,-1,1,0,1,1,1,0,0,0,0,0,16,0,0,3,0,1,3,1,5,2,3,0,1,0,0,0,0,0,0,0,7,1,1,0,0,0,0,2,2,0,2,KRBKRNvK,LOSS,8/8/5B2/8/r7/8/K1nk4/R7 w - - 0 1
0,1,0,0,0,0,0,1,-1,1,0,1,1,1,0,0,0,0,0,16,0,0,2,0,1,2,1,5,3,4,0,1,0,0,0,0,0,0,0,7,1,1,0,1,0,0,1,3,1,0,KRBKRNvK,DRAW,8/2B5/8/8/8/5n2/KRkr4/8 b - - 0 1
1,1,0,0,0,0,0,1,-1,1,0,1,1,1,0,0,0,0,0,16,0,0,2,3,6,5,4,2,1,5,0,1,0,0,0,0,0,0,0,7,1,1,0,0,0,0,0,2,0,0,KRBKRNvK,DRAW,R7/3K2r1/8/5k2/8/8/8/2nB4 w - - 0 1
0,1,0,0,0,0,0,1,-1,1,0,1,1,1,0,0,0,0,0,16,0,0,3,4,4,1,7,0,5,23,23,0,0,0,0,0,0,0,0,7,1,1,0,0,0,0,3,2,0,0,KRBKRNvK,DRAW,1k6/5B2/8/4K3/8/8/R3n3/3r4 b - - 0 1
1,1,0,0,0,0,0,1,-1,1,0,1,1,1,0,0,0,0,0,16,0,0,7,1,7,2,0,5,4,24,20,0,0,0,0,0,0,0,0,7,1,1,0,1,0,0,2,1,2,0,KRBKRNvK,DRAW,1K6/8/8/8/8/4n3/3RB2r/2k5 w - - 0 1
1,1,0,0,0,0,0,1,-1,1,0,1,1,1,0,0,0,0,0,16,0,0,3,4,3,1,2,0,3,5,0,1,0,0,0,0,0,0,0,7,1,1,0,0,0,0,4,1,0,2,KRBKRNvK,DRAW,8/8/8/4B3/4K3/1kr1R3/5n2/8 w - - 0 1
0,1,0,0,0,0,0,1,-1,1,0,1,1,1,0,0,0,0,0,16,0,0,6,7,6,2,0,5,4,23,26,0,0,0,0,0,0,0,0,7,1,1,0,0,0,0,0,3,0,0,KRBKRNvK,DRAW,4B3/7K/5R2/8/2n5/8/8/2kr4 b - - 0 1
0,1,0,0,0,0,0,1,-1,1,0,1,1,1,0,0,0,0,0,16,0,0,3,2,4,5,7,1,4,26,28,0,0,0,0,0,0,0,0,7,1,1,0,0,0,0,4,2,0,0,KRBKRNvK,DRAW,5k2/7r/5n2/2K5/R7/8/1B6/8 b - - 0 1
0,1,0,0,0,0,0,1,-1,1,0,1,1,1,0,0,0,0,0,16,0,0,3,3,1,6,2,2,3,27,28,0,0,0,0,0,0,0,0,7,1,1,0,0,0,0,1,3,0,0,KRBKRNvK,DRAW,8/2n5/1R6/8/7r/1B4k1/3K4/8 b - - 0 1
0,1,0,0,0,0,0,1,-1,1,0,1,1,1,0,0,0,0,0,16,0,0,3,5,7,6,4,4,2,6,0,1,0,0,0,0,0,0,0,7,1,1,0,0,0,0,1,3,0,0,KRBKRNvK,DRAW,5KR1/8/8/3B2k1/r7/2n5/8/8 b - - 0 1
1,1,0,0,0,0,0,1,-1,1,0,1,1,1,0,0,0,0,0,16,0,0,5,0,6,5,2,5,2,26,26,0,0,0,0,0,0,0,0,7,1,1,0,0,0,0,0,2,1,0,KRBKRNvK,DRAW,5B2/K7/8/4r3/8/2n2k2/6R1/8 w - - 0 1
0,1,0,0,0,0,0,1,-1,1,0,1,1,1,0,0,0,0,0,16,0,0,2,6,0,4,0,5,3,16,24,0,0,0,0,0,0,0,0,7,1,1,0,0,0,0,0,0,1,1,KRBKRNvK,DRAW,8/8/7n/1B6/8/7r/5R2/4k1K1 b - - 0 1
0,1,0,0,0,0,0,1,-1,1,0,1,1,1,0,0,0,0,0,16,0,0,4,6,1,4,5,4,1,4,0,1,0,0,0,0,0,0,0,7,1,1,0,0,0,0,2,3,2,1,KRBKRNvK,DRAW,2Bn4/8/4k3/6R1/8/8/6K1/4r3 b - - 0 1
1,1,0,0,0,0,0,1,-1,1,0,1,1,1,0,0,0,0,0,16,0,0,4,0,4,4,4,3,0,3,0,1,0,0,0,0,0,0,0,7,1,1,0,1,0,0,0,3,0,0,KRBKRNvK,DRAW,2RB4/8/8/K3k3/8/8/r4n2/8 w - - 0 1
1,1,0,0,0,0,0,1,-1,1,0,1,1,1,0,0,0,0,0,16,0,0,2,6,4,4,4,2,0,28,14,0,0,0,0,0,0,0,0,7,1,1,0,0,0,0,1,3,0,0,KRBKRNvK,DRAW,8/rn6/8/4k1K1/8/1B6/7R/8 w - - 0 1
0,1,0,0,0,0,0,1,-1,1,0,1,1,1,0,0,0,0,0,16,0,0,3,2,5,5,5,2,2,7,0,1,0,0,0,0,0,0,0,7,1,1,0,0,0,0,2,2,1,0,KRBKRNvK,DRAW,8/8/2KR1k2/2B5/7n/8/8/4r3 b - - 0 1
0,1,0,0,0,0,0,1,-1,1,0,1,1,1,0,0,0,0,0,16,0,0,3,3,3,0,6,0,5,3,0,1,0,0,0,0,0,0,0,7,1,1,0,1,0,0,3,0,0,0,KRBKRNvK,DRAW,8/k7/8/6B1/3K4/R7/6r1/6n1 b - - 0 1
1,1,0,0,0,0,0,1,-1,1,0,1,1,1,0,0,0,0,0,16,0,0,5,4,5,1,0,1,5,28,17,0,0,0,0,0,0,0,0,7,1,1,0,0,0,0,3,1,1,0,KRBKRNvK,DRAW,3B4/8/4K3/8/8/3R4/5n2/rk6 w - - 0 1
0,1,0,0,0,0,0,1,-1,1,0,1,1,1,0,0,0,0,0,16,0,0,7,0,2,7,3,4,3,4,0,1,0,0,0,0,0,0,0,7,1,1,0,0,0,0,2,1,0,0,KRBKRNvK,DRAW,r7/4n3/B7/8/R6k/K7/8/8 b - - 0 1
0,1,0,0,0,0,0,1,-1,1,0,1,1,1,0,0,0,0,0,16,0,0,6,3,1,3,7,2,3,18,24,0,0,0,0,0,0,0,0,7,1,1,1,0,0,0,1,2,2,1,KRBKRNvK,DRAW,1B1k4/1R6/8/8/4r3/8/3K4/n7 b - - 0 1
1,1,0,0,0,0,0,1,-1,1,0,1,1,1,0,0,0,0,0,16,0,0,6,5,6,1,0,3,5,5,0,1,0,0,0,0,0,0,0,7,1,1,0,0,0,0,2,0,1,1,KRBKRNvK,DRAW,3R4/1r3K2/8/4n3/8/8/3B4/1k6 w - - 0 1
0,1,0,0,0,0,0,1,-1,1,0,1,1,1,0,0,0,0,0,16,0,0,2,2,4,4,5,1,1,5,0,1,0,0,0,0,0,0,0,7,1,1,0,0,0,0,4,2,0,0,KRBKRNvK,DRAW,8/8/4k3/2K5/8/7r/4R3/n1B5 b - - 0 1
1,1,0,0,0,0,0,1,-1,1,0,1,1,1,0,0,0,0,0,16,0,0,7,1,0,4,7,5,3,25,24,0,0,0,0,0,0,0,0,7,1,1,1,0,0,0,0,2,2,0,KRBKRNvK,DRAW,2B1k3/6R1/8/3r4/2n5/8/8/1K6 w - - 0 1
1,1,0,0,0,0,0,1,-1,1,0,1,1,1,0,0,0,0,0,16,0,0,3,1,4,1,1,2,4,22,26,0,0,0,0,0,0,0,0,7,1,1,0,0,0,0,0,2,1,1,KRBKRNvK,DRAW,8/3n4/6R1/1K6/B7/8/1k6/4r3 w - - 0 1
1,1,0,0,0,0,0,1,-1,1,0,1,1,1,0,0,0,0,0,16,0,0,2,4,4,2,4,0,1,24,18,0,0,0,0,0,0,0,0,7,1,1,0,0,0,0,4,2,0,1,KRBKRNvK,DRAW,8/2r5/8/2k1K3/8/6B1/3R4/5n2 w - - 0 1
1,1,0,0,0,0,0,1,-1,1,0,1,1,1,0,0,0,0,0,16,0,0,2,5,0,5,2,4,2,22,22,0,0,0,0,0,0,0,0,7,1,1,1,0,0,0,0,2,1,0,KRBKRNvK,DRAW,5r2/6R1/8/8/2n5/5k2/8/4BK2 w - - 0 1
1,1,0,0,0,0,0,1,-1,1,0,1,1,1,0,0,0,0,0,16,0,0,2,3,1,5,3,2,1,24,22,0,0,0,0,0,0,0,0,7,1,1,0,0,0,0,2,2,1,1,KRBKRNvK,DRAW,8/8/8/1R6/5k2/r7/3KBn2/8 w - - 0 1
0,1,0,0,0,0,0,1,-1,1,0,1,1,1,0,0,0,0,0,16,0,0,7,7,0,4,7,6,3,21,24,0,0,0,0,0,0,0,0,7,1,1,0,0,0,0,0,0,0,0,KRBKRNvK,DRAW,4k3/5r2/7n/8/8/1R6/8/4B2K b - - 0 1
0,1,0,0,0,0,0,1,-1,1,0,1,1,1,0,0,0,0,0,16,0,0,6,6,0,6,6,5,4,23,23,0,0,0,0,0,0,0,0,7,1,1,0,1,0,0,0,1,0,1,KRBKRNvK,DRAW,1R6/6k1/6n1/8/8/8/5r2/2B3K1 b - - 0 1
1,1,0,0,0,0,0,1,-1,1,0,1,1,1,0,0,0,0,0,16,0,0,3,6,4,5,7,2,4,24,18,0,0,0,0,0,0,0,0,7,1,1,0,0,0,0,2,0,0,0,KRBKRNvK,DRAW,1r2nk2/8/8/B5K1/R7/8/8/8 w - - 0 1
1,1,0,0,0,0,0,1,-1,1,0,1,1,1,0,0,0,0,0,16,0,0,6,7,0,6,6,6,4,2,0,1,0,0,0,0,0,0,0,7,1,1,1,0,0,0,2,0,1,2,KRBKRNvK,DRAW,8/3R1Bk1/8/8/8/7r/8/5n1K w - - 0 1
1,1,0,0,0,0,0,1,-1,1,0,1,1,1,0,0,0,0,0,16,0,0,2,4,3,6,3,0,2,4,0,1,0,0,0,0,0,0,0,7,1,1,0,1,0,0,3,1,1,1,KRBKRNvK,DRAW,8/Bn6/8/5R2/4K1k1/8/4r3/8 w - - 0 1
1,1,0,0,0,0,0,1,-1,1,0,1,1,1,0,0,0,0,0,16,0,0,7,6,0,1,7,5,5,26,11,0,0,0,0,0,0,0,0,7,1,1,1,0,0,0,0,0,0,0,KRBKRNvK,DRAW,rk2B3/7R/8/8/8/8/8/1n4K1 w - - 0 1
1,1,0,0,0,0,0,1,-1,1,0,1,1,1,0,0,0,0,0,16,0,0,3,3,1,6,1,2,4,26,23,0,0,0,0,0,0,0,0,7,1,1,0,0,0,0,2,0,0,0,KRBKRNvK,DRAW,8/8/n5r1/8/B2R4/8/3K2k1/8 w - - 0 1
0,1,0,0,0,0,0,1,-1,1,0,1,1,1,0,0,0,0,0,16,0,0,5,0,2,5,5,4,2,21,25,0,0,0,0,0,0,0,0,7,1,1,0,0,0,0,3,1,0,0,KRBKRNvK,DRAW,5n2/6r1/5k2/8/8/K7/B7/4R3 b - - 0 1
0,1,0,0,0,0,0,1,-1,1,0,1,1,1,0,0,0,0,0,16,0,0,3,2,2,5,5,2,2,18,20,0,0,0,0,0,0,0,0,7,1,1,0,0,0,0,1,1,0,0,KRBKRNvK,DRAW,8/8/5kr1/8/8/1RK5/7n/3B4 b - - 0 1
1,1,0,0,0,0,0,1,-1,1,0,1,1,1,0,0,0,0,0,16,0,0,4,2,6,6,5,3,3,29,23,0,0,0,0,0,0,0,0,7,1,1,0,0,0,0,2,3,1,0,KRBKRNvK,DRAW,8/2K5/6k1/3R2B1/8/8/2n5/4r3 w - - 0 1
0,1,0,0,0,0,0,1,-1,1,0,1,1,1,0,0,0,0,0,16,0,0,2,5,2,5,4,2,1,25,28,0,0,0,0,0,0,0,0,7,1,1,1,0,0,0,2,3,1,1,KRBKRNvK,DRAW,8/6R1/r7/2B2k2/5n2/5K2/8/8 b - - 0 1
1,1,0,0,0,0,0,1,-1,1,0,1,1,1,0,0,0,0,0,16,0,0,6,5,1,1,7,3,5,20,22,0,0,0,0,0,0,0,0,7,1,1,0,0,0,0,0,0,0,0,KRBKRNvK,DRAW,1k6/r7/8/7n/8/8/5K2/5BR1 w - - 0 1
0,1,0,0,0,0,0,1,-1,1,0,1,1,1,0,0,0,0,0,16,0,0,4,7,5,4,1,4,2,25,28,0,0,0,0,0,0,0,0,7,1,1,0,0,0,0,3,2,0,0,KRBKRNvK,DRAW,3r4/8/7K/R7/8/8/1B2k2n/8 b - - 0 1
1,1,0,0,0,0,0,1,-1,1,0,1,1,1,0,0,0,0,0,16,0,0,5,5,6,6,1,3,4,7,0,1,0,0,0,0,0,0,0,7,1,1,0,0,0,0,1,2,0,1,KRBKRNvK,DRAW,8/5K2/7R/r3n3/8/8/6k1/1B6 w - - 0 1
1,1,0,0,0,0,0,1,-1,1,0,1,1,1,0,0,0,0,0,16,0,0,4,1,7,5,3,5,1,4,0,1,0,0,0,0,0,0,0,7,1,1,0,0,0,0,3,3,1,0,KRBKRNvK,DRAW,1K3r2/4n3/3R4/8/5k2/8/2B5/8 w - - 0 1
1,1,0,0,0,0,0,1,-1,1,0,1,1,1,0,0,0,0,0,16,0,0,7,4,7,3,0,3,3,24,26,0,0,0,0,0,0,0,0,7,1,1,0,0,0,0,2,3,1,0,KRBKRNvK,DRAW,R3K3/8/8/8/2r5/5n2/1B6/3k4 w - - 0 1
1,1,0,0,0,0,0,1,-1,1,0,1,1,1,0,0,0,0,0,16,0,0,2,3,4,4,2,0,1,21,24,0,0,0,0,0,0,0,0,7,1,1,1,0,0,0,3,2,0,0,KRBKRNvK,DRAW,4n3/4B1R1/r7/3K4/8/4k3/8/8 w - - 0 1
1,1,0,0,0,0,0,1,-1,1,0,1,1,1,0,0,0,0,0,16,0,0,6,5,0,6,6,4,4,24,19,0,0,0,0,0,0,0,0,7,1,1,0,0,0,0,0,3,1,0,KRBKRNvK,DRAW,4B3/6k1/8/8/1n4r1/7R/8/5K2 w - - 0 1
1,1,0,0,0,0,0,1,-1,1,0,1,1,1,0,0,0,0,0,16,0,0,4,5,1,7,5,3,4,26,20,0,0,0,0,0,0,0,0,7,1,1,0,0,0,0,0,1,1,0,KRBKRNvK,DRAW,5R2/8/3r3k/3n4/8/8/5K2/3B4 w - - 0 1
0,1,0,0,0,0,0,1,-1,1,0,1,1,1,0,0,0,0,0,16,0,0,6,6,1,0,7,4,6,2,0,1,0,0,0,0,0,0,0,7,1,1,0,0,0,0,2,2,0,2,KRBKRNvK,DRAW,k4R2/8/8/8/7r/8/6K1/B6n b - - 0 1
1,1,0,0,0,0,0,1,-1,1,0,1,1,1,0,0,0,0,0,16,0,0,4,1,6,2,2,4,2,6,0,1,0,0,0,0,0,0,0,7,1,1,1,0,0,0,3,2,0,0,KRBKRNvK,DRAW,8/1K1R4/8/5B2/1r6/2k5/8/n7 w - - 0 1
1,1,0,0,0,0,0,1,-1,1,0,1,1,1,0,0,0,0,0,16,0,0,5,2,6,7,3,3,3,23,18,0,0,0,0,0,0,0,0,7,1,1,1,0,0,0,0,0,0,0,KRBKRNvK,DRAW,8/2K3R1/5r2/8/7k/8/7n/5B2 w - - 0 1
0,1,0,0,0,0,0,1,-1,1,0,1,1,1,0,0,0,0,0,16,0,0,4,1,4,5,1,2,3,6,0,1,0,0,0,0,0,0,0,7,1,1,1,1,0,0,1,0,1,0,KRBKRNvK,DRAW,8/7R/8/1K6/3B4/8/5k1r/6n1 b - - 0 1
0,1,0,0,0,0,0,1,-1,1,0,1,1,1,0,0,0,0,0,16,0,0,3,7,5,6,2,4,3,20,27,0,0,0,0,0,0,0,0,7,1,1,0,0,0,0,2,0,0,0,KRBKRNvK,DRAW,8/n7/7K/8/3B4/6k1/3R4/r7 b - - 0 1
0,1,0,0,0,0,0,1,-1,1,0,1,1,1,0,0,0,0,0,16,0,0,2,3,4,1,4,0,2,26,24,0,0,0,0,0,0,0,0,7,1,1,1,0,0,0,3,2,0,1,KRBKRNvK,DRAW,7r/6R1/2n5/1k1K4/8/8/8/3B4 b - - 0 1
1,1,0,0,0,0,0,1,-1,1,0,1,1,1,0,0,0,0,0,16,0,0,6,1,2,7,0,3,6,25,18,0,0,0,0,0,0,0,0,7,1,1,1,0,0,0,3,0,0,1,KRBKRNvK,DRAW,8/B3R3/8/7n/8/1K6/8/r6k w - - 0 1
0,1,0,0,0,0,0,1,-1,1,0,1,1,1,0,0,0,0,0,16,0,0,6,7,0,1,3,6,2,18,22,0,0,0,0,0,0,0,0,7,1,1,0,0,0,0,2,0,0,0,KRBKRNvK,DRAW,8/8/8/7R/rk1n4/8/8/3B3K b - - 0 1
0,1,0,0,0,0,0,1,-1,1,0,1,1,1,0,0,0,0,0,16,0,0,5,0,5,5,4,4,1,22,23,0,0,0,0,0,0,0,0,7,1,1,0,0,0,0,2,2,0,1,KRBKRNvK,DRAW,n6B/4r3/K7/5k2/8/8/8/2R5 b - - 0 1
0,1,0,0,0,0,0,1,-1,1,0,1,1,1,0,0,0,0,0,16,0,0,6,6,2,0,5,3,4,20,28,0,0,0,0,0,0,0,0,7,1,1,0,0,0,0,1,2,1,1,KRBKRNvK,DRAW,1R6/8/k4B2/4r3/8/6K1/8/3n4 b - - 0 1
0,1,0,0,0,0,0,1,-1,1,0,1,1,1,0,0,0,0,0,16,0,0,5,1,7,3,2,5,1,5,0,1,0,0,0,0,0,0,0,7,1,1,0,0,0,0,2,3,1,0,KRBKRNvK,DRAW,1K6/6B1/8/8/4r3/1n1k1R2/8/8 b - - 0 1
1,1,0,0,0,0,0,1,-1,1,0,1,1,1,0,0,0,0,0,16,0,0,2,1,0,2,2,5,2,2,0,1,0,0,0,0,0,0,0,7,1,1,0,0,0,0,2,2,1,0,KRBKRNvK,LOSS,8/8/6n1/8/7R/2kB4/8/1K4r1 w - - 0 1
0,1,0,0,0,0,0,1,-1,1,0,1,1,1,0,0,0,0,0,16,0,0,7,6,0,6,7,5,5,4,0,1,0,0,0,0,0,0,0,7,1,1,0,0,0,0,1,0,1,1,KRBKRNvK,DRAW,1B4k1/8/6R1/8/8/5r2/n7/6K1 b - - 0 1
0,1,0,0,0,0,0,1,-1,1,0,1,1,1,0,0,0,0,0,16,0,0,3,5,3,3,0,1,3,3,0,1,0,0,0,0,0,0,0,7,1,1,0,0,0,0,3,1,0,0,KRBKRNvK,DRAW,8/8/1n6/8/r1BR1K2/8/8/3k4 b - - 0 1
0,1,0,0,0,0,0,1,-1,1,0,1,1,1,0,0,0,0,0,16,0,0,5,0,7,5,6,6,3,6,0,1,0,0,0,0,0,0,0,7,1,1,0,0,0,0,1,0,1,0,KRBKRNvK,LOSS,K7/5k2/6B1/8/n7/r5R1/8/8 b - - 0 1
1,1,0,0,0,0,0,1,-1,1,0,1,1,1,0,0,0,0,0,16,0,0,2,5,1,4,3,3,0,22,25,0,0,0,0,0,0,0,0,7,1,1,0,0,0,0,0,3,1,0,KRBKRNvK,DRAW,r7/5n2/8/6BR/4k3/8/5K2/8 w - - 0 1
1,1,0,0,0,0,0,1,-1,1,0,1,1,1,0,0,0,0,0,16,0,0,5,6,2,1,7,3,5,28,23,0,0,0,0,0,0,0,0,7,1,1,0,0,0,0,1,2,0,0,KRBKRNvK,DRAW,1k6/8/8/3r4/n7/6K1/5R2/1B6 w - - 0 1
1,1,0,0,0,0,0,1,-1,1,0,1,1,1,0,0,0,0,0,16,0,0,5,1,0,0,5,5,4,3,0,1,0,0,0,0,0,0,0,7,1,1,0,0,0,0,0,2,0,1,KRBKRNvK,DRAW,8/8/k7/8/6B1/n3r3/1R6/1K6 w - - 0 1
1,1,0,0,0,0,0,1,-1,1,0,1,1,1,0,0,0,0,0,16,0,0,5,2,3,7,4,1,3,22,21,0,0,0,0,0,0,0,0,7,1,1,0,0,0,0,2,1,0,1,KRBKRNvK,DRAW,8/3B4/2R5/7k/2K5/8/4n3/6r1 w - - 0 1
1,1,0,0,0,0,0,1,-1,1,0,1,1,1,0,0,0,0,0,16,0,0,5,3,7,6,2,3,3,23,22,0,0,0,0,0,0,0,0,7,1,1,0,0,0,0,2,0,0,1,KRBKRNvK,DRAW,2nK4/8/8/1R6/8/2r3k1/8/2B5 w - - 0 1
0,1,0,0,0,0,0,1,-1,1,0,1,1,1,0,0,0,0,0,16,0,0,2,5,2,7,0,2,6,1,0,1,0,0,0,0,0,0,0,7,1,1,0,0,0,0,3,2,1,0,KRBKRNvK,DRAW,7B/8/8/r7/8/5K2/8/1n3R1k b - - 0 1
0,1,0,0,0,0,0,1,-1,1,0,1,1,1,0,0,0,0,0,16,0,0,3,5,0,4,3,4,0,20,26,0,0,0,0,0,0,0,0,7,1,1,1,0,0,0,3,4,0,0,KRBKRNvK,DRAW,4r3/3R2B1/6n1/8/4k3/8/8/5K2 b - - 0 1
0,1,0,0,0,0,0,1,-1,1,0,1,1,1,0,0,0,0,0,16,0,0,4,5,1,2,5,3,2,6,0,1,0,0,0,0,0,0,0,7,1,1,0,0,0,0,0,2,0,0,KRBKRNvK,DRAW,8/8/2k5/5nr1/8/2R5/5K2/B7 b - - 0 1
1,1,0,0,0,0,0,1,-1,1,0,1,1,1,0,0,0,0,0,16,0,0,2,2,3,4,3,1,0,4,0,1,0,0,0,0,0,0,0,7,1,1,0,0,0,0,2,3,2,1,KRBKRNvK,DRAW,8/8/2R5/4B3/n1K1k3/8/8/2r5 w - - 0 1
0,1,0,0,0,0,0,1,-1,1,0,1,1,1,0,0,0,0,0,16,0,0,4,2,5,0,1,2,5,25,26,0,0,0,0,0,0,0,0,7,1,1,0,0,0,0,3,2,0,1,KRBKRNvK,DRAW,7B/8/2Kn4/7R/5r2/8/k7/8 b - - 0 1
1,1,0,0,0,0,0,1,-1,1,0,1,1,1,0,0,0,0,0,16,0,0,4,6,1,2,0,4,4,27,24,0,0,0,0,0,0,0,0,7,1,1,0,0,0,0,0,2,0,0,KRBKRNvK,DRAW,1R6/8/6n1/3r4/1B6/8/6K1/2k5 w - - 0 1
1,1,0,0,0,0,0,1,-1,1,0,1,1,1,0,0,0,0,0,16,0,0,3,4,6,1,5,2,3,4,0,1,0,0,0,0,0,0,0,7,1,1,0,1,0,0,1,0,0,1,KRBKRNvK,LOSS,2n5/4K3/1k6/8/8/8/2B2rR1/8 w - - 0 1
1,1,0,0,0,0,0,1,-1,1,0,1,1,1,0,0,0,0,0,16,0,0,4,2,7,4,3,4,0,3,0,1,0,0,0,0,0,0,0,7,1,1,0,0,0,0,2,3,0,1,KRBKRNvK,DRAW,2K3r1/8/4n3/R7/1B2k3/8/8/8 w - - 0 1
1,1,0,0,0,0,0,1,-1,1,0,1,1,1,0,0,0,0,0,16,0,0,5,2,7,7,7,4,6,3,0,1,0,0,0,0,0,0,0,7,1,1,0,0,0,0,0,2,0,1,KRBKRNvK,DRAW,2K4k/4n3/8/8/3r4/2R5/4B3/8 w - - 0 1
1,1,0,0,0,0,0,1,-1,1,0,1,1,1,0,0,0,0,0,16,0,0,3,2,3,0,0,1,6,20,18,0,0,0,0,0,0,0,0,7,1,1,0,1,0,0,2,1,1,1,KRBKRNvK,DRAW,7R/8/8/8/2K5/8/Br3n2/k7 w - - 0 1
1,1,0,0,0,0,0,1,-1,1,0,1,1,1,0,0,0,0,0,16,0,0,2,6,3,6,5,2,3,28,18,0,0,0,0,0,0,0,0,7,1,1,0,0,0,0,3,1,0,0,KRBKRNvK,DRAW,6r1/2B2n2/6k1/8/6K1/8/3R4/8 w - - 0 1
0,1,0,0,0,0,0,1,-1,1,0,1,1,1,0,0,0,0,0,16,0,0,5,1,6,6,5,4,3,19,28,0,0,0,0,0,0,0,0,7,1,1,0,0,0,0,1,2,0,0,KRBKRNvK,DRAW,1B6/1K3n2/6k1/6r1/8/8/8/7R b - - 0 1
1,1,0,0,0,0,0,1,-1,1,0,1,1,1,0,0,0,0,0,16,0,0,2,1,1,0,3,4,3,28,20,0,0,0,0,0,0,0,0,7,1,1,0,0,0,0,1,2,1,0,KRBKRNvK,DRAW,8/5n2/3B4/5r2/k7/8/1KR5/8 w - - 0 1
1,1,0,0,0,0,0,1,-1,1,0,1,1,1,0,0,0,0,0,16,0,0,5,4,1,0,6,2,5,6,0,1,0,0,0,0,0,0,0,7,1,1,0,1,0,0,1,0,1,1,KRBKRNvK,DRAW,5n2/k1B5/8/8/8/8/2r1KR2/8 w - - 0 1
1,1,0,0,0,0,0,1,-1,1,0,1,1,1,0,0,0,0,0,16,0,0,5,2,5,5,0,2,4,20,27,0,0,0,0,0,0,0,0,7,1,1,1,0,0,0,1,1,0,1,KRBKRNvK,DRAW,7r/R2B4/2K5/8/2n5/8/8/5k2 w - - 0 1
1,1,0,0,0,0,0,1,-1,1,0,1,1,1,0,0,0,0,0,16,0,0,6,4,7,0,1,3,5,23,20,0,0,0,0,0,0,0,0,7,1,1,1,0,0,0,2,1,0,0,KRBKRNvK,DRAW,4K3/4R2B/8/8/1rn5/8/k7/8 w - - 0 1
1,1,0,0,0,0,0,1,-1,1,0,1,1,1,0,0,0,0,0,16,0,0,6,7,4,1,7,3,5,32,18,0,0,0,0,0,0,0,0,7,1,1,0,0,0,0,2,2,0,0,KRBKRNvK,DRAW,1k6/8/8/3B3K/5R2/8/8/n3r3 w - - 0 1
0,1,0,0,0,0,0,1,-1,1,0,1,1,1,0,0,0,0,0,16,0,0,3,5,7,5,4,4,1,21,23,0,0,0,0,0,0,0,0,7,1,1,0,0,0,0,3,2,0,1,KRBKRNvK,DRAW,1n3K2/8/6r1/5k2/8/8/8/4R2B b - - 0 1
0,1,0,0,0,0,0,1,-1,1,0,1,1,1,0,0,0,0,0,16,0,0,5,2,0,6,5,4,3,20,28,0,0,0,0,0,0,0,0,7,1,1,0,0,0,0,1,2,0,0,KRBKRNvK,DRAW,8/n7/6k1/8/6r1/4B3/1R6/2K5 b - - 0 1
1,1,0,0,0,0,0,1,-1,1,0,1,1,1,0,0,0,0,0,16,0,0,2,3,4,5,2,0,2,6,0,1,0,0,0,0,0,0,0,7,1,1,0,0,0,0,3,3,0,0,KRBKRNvK,DRAW,8/6B1/8/3K2r1/8/5k2/8/1nR5 w - - 0 1
0,1,0,0,0,0,0,1,-1,1,0,1,1,1,0,0,0,0,0,16,0,0,3,0,3,1,0,3,5,23,24,0,0,0,0,0,0,0,0,7,1,1,0,0,0,0,2,3,2,0,KRBKRNvK,DRAW,8/8/8/5n2/K7/B2R4/8/1k2r3 b - - 0 1
0,1,0,0,0,0,0,1,-1,1,0,1,1,1,0,0,0,0,0,16,0,0,3,2,0,4,3,4,0,6,0,1,0,0,0,0,0,0,0,7,1,1,1,0,0,0,2,3,1,1,KRBKRNvK,DRAW,8/R7/2B5/8/4k3/1r6/8/2K4n b - - 0 1
0,1,0,0,0,0,0,1,-1,1,0,1,1,1,0,0,0,0,0,16,0,0,5,6,7,5,2,5,2,21,25,0,0,0,0,0,0,0,0,7,1,1,0,1,0,0,2,2,0,0,KRBKRNvK,DRAW,6K1/5B2/1n1R4/8/8/5k2/5r2/8 b - - 0 1
1,1,0,0,0,0,0,1,-1,1,0,1,1,1,0,0,0,0,0,16,0,0,3,0,1,0,4,5,3,18,22,0,0,0,0,0,0,0,0,7,1,1,0,0,0,0,0,3,1,0,KRBKRNvK,DRAW,8/8/B7/k7/5rn1/8/K7/R7 w - - 0 1
1,1,0,0,0,0,0,1,-1,1,0,1,1,1,0,0,0,0,0,16,0,0,4,1,4,5,1,2,3,20,21,0,0,0,0,0,0,0,0,7,1,1,0,0,0,0,2,1,0,0,KRBKRNvK,DRAW,8/8/8/1K6/1R6/6n1/5k2/rB6 w - - 0 1
1,1,0,0,0,0,0,1,-1,1,0,1,1,1,0,0,0,0,0,16,0,0,3,3,2,6,4,1,2,25,22,0,0,0,0,0,0,0,0,7,1,1,1,0,0,0,3,2,1,1,KRBKRNvK,DRAW,4n3/7R/8/6k1/8/3K4/8/4r2B w - - 0 1
0,1,0,0,0,0,0,1,-1,1,0,1,1,1,0,0,0,0,0,16,0,0,2,5,2,4,4,2,0,17,24,0,0,0,0,0,0,0,0,7,1,1,1,0,0,0,2,4,1,0,KRBKRNvK,DRAW,8/5Rn1/8/1r2k3/8/5K2/5B2/8 b - - 0 1
0,1,0,0,0,0,0,1,-1,1,0,1,1,1,0,0,0,0,0,16,0,0,7,7,5,0,0,4,6,16,27,0,0,0,0,0,0,0,0,7,1,1,0,1,0,0,1,0,0,0,KRBKRNvK,DRAW,8/5B2/1R5K/8/8/8/r7/k1n5 b - - 0 1
0,1,0,0,0,0,0,1,-1,1,0,1,1,1,0,0,0,0,0,16,0,0,7,0,1,7,2,5,4,20,22,0,0,0,0,0,0,0,0,7,1,1,0,0,0,0,3,3,0,0,KRBKRNvK,DRAW,8/B7/8/5rn1/3R4/7k/K7/8 b - - 0 1
0,1,0,0,0,0,0,1,-1,1,0,1,1,1,0,0,0,0,0,16,0,0,3,5,2,4,5,2,1,6,0,1,0,0,0,0,0,0,0,7,1,1,0,0,0,0,1,3,0,1,KRBKRNvK,DRAW,3r4/8/4k2R/8/8/5K2/3Bn3/8 b - - 0 1
1,1,0,0,0,0,0,1,-1,1,0,1,1,1,0,0,0,0,0,16,0,0,3,5,4,3,7,1,3,23,17,0,0,0,0,0,0,0,0,7,1,1,0,0,0,0,2,0,0,1,KRBKRNvK,DRAW,3k4/7n/8/5K2/8/5R2/8/1rB5 w - - 0 1
0,1,0,0,0,0,0,1,-1,1,0,1,1,1,0,0,0,0,0,16,0,0,6,6,1,1,7,4,5,19,22,0,0,0,0,0,0,0,0,7,1,1,1,0,0,0,2,2,1,0,KRBKRNvK,DRAW,1kn5/1B4R1/8/8/8/8/6K1/3r4 b - - 0 1
0,1,0,0,0,0,0,1,-1,1,0,1,1,1,0,0,0,0,0,16,0,0,5,2,2,3,7,2,3,19,27,0,0,0,0,0,0,0,0,7,1,1,0,0,0,0,2,0,0,1,KRBKRNvK,DRAW,3k3r/8/6R1/8/8/n1K5/B7/8 b - - 0 1
0,1,0,0,0,0,0,1,-1,1,0,1,1,1,0,0,0,0,0,16,0,0,2,3,2,3,0,1,3,22,21,0,0,0,0,0,0,0,0,7,1,1,1,0,0,0,3,2,0,1,KRBKRNvK,DRAW,8/1B4R1/6n1/5r2/8/3K4/8/3k4 b - - 0 1
1,1,0,0,0,0,0,1,-1,1,0,1,1,1,0,0,0,0,0,16,0,0,3,3,3,2,6,0,3,6,0,1,0,0,0,0,0,0,0,7,1,1,0,0,0,0,3,1,1,1,KRBKRNvK,DRAW,3n4/2k5/4R3/8/1r1K4/3B4/8/8 w - - 0 1
1,1,0,0,0,0,0,1,-1,1,0,1,1,1,0,0,0,0,0,16,0,0,6,7,1,7,7,5,6,26,20,0,0,0,0,0,0,0,0,7,1,1,0,0,0,0,3,2,1,0,KRBKRNvK,DRAW,7k/5B2/n7/8/8/3r4/7K/4R3 w - - 0 1
0,1,0,0,0,0,0,1,-1,1,0,1,1,1,0,0,0,0,0,16,0,0,5,7,2,2,2,4,2,6,0,1,0,0,0,0,0,0,0,7,1,1,0,0,0,0,0,3,1,1,KRBKRNvK,DRAW,8/8/2R5/1B2rn2/8/2k4K/8/8 b - - 0 1
0,1,0,0,0,0,0,1,-1,1,0,1,1,1,0,0,0,0,0,16,0,0,3,3,3,0,3,0,3,16,22,0,0,0,0,0,0,0,0,7,1,1,0,0,0,0,4,2,1,0,KRBKRNvK,DRAW,8/8/8/r7/k2K4/n6R/1B6/8 b - - 0 1
0,1,0,0,0,0,0,1,-1,1,0,1,1,1,0,0,0,0,0,16,0,0,3,1,4,4,3,2,0,18,25,0,0,0,0,0,0,0,0,7,1,1,0,0,0,0,1,4,2,0,KRBKRNvK,DRAW,8/4r3/8/1K6/4k3/6B1/6R1/n7 b - - 0 1
1,1,0,0,0,0,0,1,-1,1,0,1,1,1,0,0,0,0,0,16,0,0,3,7,3,4,3,3,0,25,20,0,0,0,0,0,0,0,0,7,1,1,0,1,0,0,2,3,1,0,KRBKRNvK,DRAW,8/8/B2R4/8/4k2K/8/r7/2n5 w - - 0 1
1,1,0,0,0,0,0,1,-1,1,0,1,1,1,0,0,0,0,0,16,0,0,5,1,4,6,4,2,2,7,0,1,0,0,0,0,0,0,0,7,1,1,0,0,0,0,0,1,0,1,KRBKRNvK,DRAW,8/8/8/1K4k1/6n1/1r6/8/2R1B3 w - - 0 1
0,1,0,0,0,0,0,1,-1,1,0,1,1,1,0,0,0,0,0,16,0,0,4,3,5,4,1,1,2,8,0,1,0,0,0,0,0,0,0,7,1,1,0,0,0,0,2,2,0,1,KRBKRNvK,DRAW,R7/8/3K4/7B/5r2/8/n3k3/8 b - - 0 1
1,1,0,0,0,0,0,1,-1,1,0,1,1,1,0,0,0,0,0,16,0,0,2,4,2,6,0,1,5,24,20,0,0,0,0,0,0,0,0,7,1,1,0,0,0,0,3,0,0,0,KRBKRNvK,WIN,3R4/1r6/8/8/8/4K3/8/n1B3k1 w - - 0 1
0,1,0,0,0,0,0,1,-1,1,0,1,1,1,0,0,0,0,0,16,0,0,3,0,3,2,0,3,4,21,24,0,0,0,0,0,0,0,0,7,1,1,0,0,0,0,1,2,0,0,KRBKRNvK,DRAW,1B6/8/6R1/8/K7/4r3/8/1nk5 b - - 0 1
0,1,0,0,0,0,0,1,-1,1,0,1,1,1,0,0,0,0,0,16,0,0,7,7,7,5,0,6,4,21,22,0,0,0,0,0,0,0,0,7,1,1,1,0,0,0,0,0,0,0,KRBKRNvK,DRAW,n6K/1R6/8/8/8/6r1/8/2B2k2 b - - 0 1
0,1,0,0,0,0,0,1,-1,1,0,1,1,1,0,0,0,0,0,16,0,0,7,0,0,7,3,6,3,22,22,0,0,0,0,0,0,0,0,7,1,1,0,0,0,0,1,1,1,0,KRBKRNvK,DRAW,6B1/1r6/8/8/6nk/5R2/8/K7 b - - 0 1
1,1,0,0,0,0,0,1,-1,1,0,1,1,1,0,0,0,0,0,16,0,0,4,2,7,4,3,4,0,3,0,1,0,0,0,0,0,0,0,7,1,1,0,0,0,0,2,3,0,1,KRBKRNvK,DRAW,2KR4/8/2r4n/8/4k3/8/8/3B4 w - - 0 1
1,1,0,0,0,0,0,1,-1,1,0,1,1,1,0,0,0,0,0,16,0,0,3,2,0,5,1,4,3,2,0,1,0,0,0,0,0,0,0,7,1,1,0,0,0,0,1,0,0,0,KRBKRNvK,DRAW,1B6/8/1R6/8/3n4/8/5k2/2K4r w - - 0 1
0,1,0,0,0,0,0,1,-1,1,0,1,1,1,0,0,0,0,0,16,0,0,4,2,5,6,5,2,3,5,0,1,0,0,0,0,0,0,0,7,1,1,0,0,0,0,3,0,1,0,KRBKRNvK,DRAW,8/7r/2K1R1k1/8/8/7n/8/7B b - - 0 1
1,1,0,0,0,0,0,1,-1,1,0,1,1,1,0,0,0,0,0,16,0,0,5,6,6,1,5,4,3,6,0,1,0,0,0,0,0,0,0,7,1,1,0,0,0,0,3,3,0,2,KRBKRNvK,DRAW,8/6K1/1k2rB2/5n2/8/8/8/3R4 w - - 0 1
0,1,0,0,0,0,0,1,-1,1,0,1,1,1,0,0,0,0,0,16,0,0,2,1,2,3,1,3,2,12,25,0,0,0,0,0,0,0,0,7,1,1,0,1,0,0,0,0,0,2,KRBKRNvK,DRAW,8/8/8/1B6/8/1K6/rn1k4/6R1 b - - 0 1
1,1,0,0,0,0,0,1,-1,1,0,1,1,1,0,0,0,0,0,16,0,0,3,3,4,5,1,0,3,16,25,0,0,0,0,0,0,0,0,7,1,1,0,0,0,0,4,0,0,1,KRBKRNvK,DRAW,8/7n/3R4/3K4/8/2r5/B4k2/8 w - - 0 1
0,1,0,0,0,0,0,1,-1,1,0,1,1,1,0,0,0,0,0,16,0,0,3,0,7,3,6,6,2,7,0,1,0,0,0,0,0,0,0,7,1,1,1,0,0,0,2,0,0,0,KRBKRNvK,DRAW,K7/R2k4/8/8/8/1rB5/8/2n5 b - - 0 1
0,1,0,0,0,0,0,1,-1,1,0,1,1,1,0,0,0,0,0,16,0,0,5,0,7,5,2,6,2,6,0,1,0,0,0,0,0,0,0,7,1,1,0,0,0,0,0,1,1,1,KRBKRNvK,DRAW,K2n4/2r1B3/8/8/8/5k2/8/5R2 b - - 0 1
1,1,0,0,0,0,0,1,-1,1,0,1,1,1,0,0,0,0,0,16,0,0,4,1,2,5,5,3,2,25,23,0,0,0,0,0,0,0,0,7,1,1,0,1,0,0,1,2,1,0,KRBKRNvK,DRAW,1R6/8/4Bk2/8/5n2/1K6/5r2/8 w - - 0 1
1,1,0,0,0,0,0,1,-1,1,0,1,1,1,0,0,0,0,0,16,0,0,2,1,5,2,7,3,4,22,23,0,0,0,0,0,0,0,0,7,1,1,1,0,0,0,1,3,1,0,KRBKRNvK,DRAW,2k5/R4B2/1K6/4r3/8/3n4/8/8 w - - 0 1
0,1,0,0,0,0,0,1,-1,1,0,1,1,1,0,0,0,0,0,16,0,0,7,1,0,1,7,5,5,19,25,0,0,0,0,0,0,0,0,7,1,1,0,0,0,0,2,2,2,0,KRBKRNvK,DRAW,1k6/1B6/1R6/7r/8/8/8/1K4n1 b - - 0 1
1,1,0,0,0,0,0,1,-1,1,0,1,1,1,0,0,0,0,0,16,0,0,7,2,7,4,0,4,3,23,23,0,0,0,0,0,0,0,0,7,1,1,0,0,0,0,2,1,0,2,KRBKRNvK,DRAW,2KB4/8/r3n3/2R5/8/8/8/4k3 w - - 0 1
1,1,0,0,0,0,0,1,-1,1,0,1,1,1,0,0,0,0,0,16,0,0,7,6,7,3,0,5,3,3,0,1,0,0,0,0,0,0,0,7,1,1,1,0,0,0,1,0,0,1,KRBKRNvK,DRAW,6K1/6R1/7n/8/8/8/7B/1r1k4 w - - 0 1
0,1,0,0,0,0,0,1,-1,1,0,1,1,1,0,0,0,0,0,16,0,0,3,4,3,4,6,0,2,23,28,0,0,0,0,0,0,0,0,7,1,1,0,0,0,0,3,1,1,1,KRBKRNvK,DRAW,8/4k3/2R5/8/4K1B1/8/2n5/r7 b - - 0 1
0,1,0,0,0,0,0,1,-1,1,0,1,1,1,0,0,0,0,0,16,0,0,5,7,0,6,5,6,3,6,0,1,0,0,0,0,0,0,0,7,1,1,0,0,0,0,2,2,0,0,KRBKRNvK,DRAW,3r4/8/2B3k1/8/8/8/8/n5RK b - - 0 1
1,1,0,0,0,0,0,1,-1,1,0,1,1,1,0,0,0,0,0,16,0,0,2,7,2,5,4,4,1,5,0,1,0,0,0,0,0,0,0,7,1,1,0,0,0,0,3,2,0,0,KRBKRNvK,DRAW,3R4/2B5/8/5k2/8/r6K/n7/8 w - - 0 1
0,1,0,0,0,0,0,1,-1,1,0,1,1,1,0,0,0,0,0,16,0,0,5,0,0,4,5,6,1,27,17,0,0,0,0,0,0,0,0,7,1,1,0,0,0,0,1,4,0,0,KRBKRNvK,DRAW,8/8/4k3/1n6/3r4/8/1R6/K5B1 b - - 0 1
1,1,0,0,0,0,0,1,-1,1,0,1,1,1,0,0,0,0,0,16,0,0,3,3,3,5,0,0,4,28,16,0,0,0,0,0,0,0,0,7,1,1,0,0,0,0,3,0,0,0,KRBKRNvK,DRAW,r1B5/8/7n/4R3/3K4/8/8/5k2 w - - 0 1
0,1,0,0,0,0,0,1,-1,1,0,1,1,1,0,0,0,0,0,16,0,0,5,1,0,6,2,5,3,23,26,0,0,0,0,0,0,0,0,7,1,1,0,0,0,0,2,0,0,1,KRBKRNvK,DRAW,8/8/5r2/2R5/3B4/6k1/8/nK6 b - - 0 1
1,1,0,0,0,0,0,1,-1,1,0,1,1,1,0,0,0,0,0,16,0,0,6,7,1,1,1,5,4,30,17,0,0,0,0,0,0,0,0,7,1,1,1,0,0,0,1,1,0,0,KRBKRNvK,DRAW,2n5/R7/8/8/4B3/8/1k5K/4r3 w - - 0 1
0,1,0,0,0,0,0,1,-1,1,0,1,1,1,0,0,0,0,0,16,0,0,3,4,2,1,4,1,2,28,27,0,0,0,0,0,0,0,0,7,1,1,0,0,0,0,3,1,0,0,KRBKRNvK,DRAW,8/2r5/6n1/1k6/8/4K3/5R2/B7 b - - 0 1
0,1,0,0,0,0,0,1,-1,1,0,1,1,1,0,0,0,0,0,16,0,0,5,4,7,6,2,3,3,7,0,1,0,0,0,0,0,0,0,7,1,1,0,0,0,0,1,2,0,0,KRBKRNvK,LOSS,4K3/2B4n/1R6/1r6/8/6k1/8/8 b - - 0 1
0,1,0,0,0,0,0,1,-1,1,0,1,1,1,0,0,0,0,0,16,0,0,7,7,7,2,0,6,4,3,0,1,0,0,0,0,0,0,0,7,1,1,0,0,0,0,1,0,0,0,KRBKRNvK,DRAW,2n4K/1r6/2R5/8/3B4/8/8/2k5 b - - 0 1
0,1,0,0,0,0,0,1,-1,1,0,1,1,1,0,0,0,0,0,16,0,0,3,0,3,0,0,3,6,21,20,0,0,0,0,0,0,0,0,7,1,1,0,0,0,0,2,1,0,0,KRBKRNvK,DRAW,2r5/8/B7/1R6/K7/6n1/8/k7 b - - 0 1
1,1,0,0,0,0,0,1,-1,1,0,1,1,1,0,0,0,0,0,16,0,0,5,5,2,0,4,2,3,4,0,1,0,0,0,0,0,0,0,7,1,1,1,0,0,0,1,2,1,2,KRBKRNvK,DRAW,8/2R5/8/k4r2/7n/5K2/4B3/8 w - - 0 1
0,1,0,0,0,0,0,1,-1,1,0,1,1,1,0,0,0,0,0,16,0,0,2,5,7,7,7,4,6,21,20,0,0,0,0,0,0,0,0,7,1,1,0,0,0,0,2,2,0,0,KRBKRNvK,DRAW,5K1k/8/R1B5/8/8/4r3/3n4/8 b - - 0 1
0,1,0,0,0,0,0,1,-1,1,0,1,1,1,0,0,0,0,0,16,0,0,4,4,5,4,1,1,2,8,0,1,0,0,0,0,0,0,0,7,1,1,0,1,0,0,2,0,0,0,KRBKRNvK,LOSS,8/8/B3K3/7R/8/8/1n2k2r/8 b - - 0 1
0,1,0,0,0,0,0,1,-1,1,0,1,1,1,0,0,0,0,0,16,0,0,5,0,3,5,5,3,2,25,26,0,0,0,0,0,0,0,0,7,1,1,0,1,0,0,1,4,1,0,KRBKRNvK,DRAW,8/8/1R2Bk2/8/K7/6n1/3r4/8 b - - 0 1
0,1,0,0,0,0,0,1,-1,1,0,1,1,1,0,0,0,0,0,16,0,0,3,2,4,2,1,1,3,21,13,0,0,0,0,0,0,0,0,7,1,1,0,1,0,0,2,2,0,1,KRBKRNvK,DRAW,5B2/8/8/R1K5/8/n7/2kr4/8 b - - 0 1
0,1,0,0,0,0,0,1,-1,1,0,1,1,1,0,0,0,0,0,16,0,0,7,7,5,0,5,4,4,2,0,1,0,0,0,0,0,0,0,7,1,1,1,0,0,0,2,2,0,1,KRBKRNvK,DRAW,8/3R2n1/k6K/r7/8/8/4B3/8 b - - 0 1
1,1,0,0,0,0,0,1,-1,1,0,1,1,1,0,0,0,0,0,16,0,0,6,2,0,7,6,4,5,21,24,0,0,0,0,0,0,0,0,7,1,1,0,0,0,0,4,1,0,0,KRBKRNvK,DRAW,8/7k/6r1/4R3/8/8/5n2/B1K5 w - - 0 1
1,1,0,0,0,0,0,1,-1,1,0,1,1,1,0,0,0,0,0,16,0,0,3,6,2,6,5,3,3,27,17,0,0,0,0,0,0,0,0,7,1,1,0,0,0,0,2,0,1,0,KRBKRNvK,DRAW,n6B/8/2r3k1/8/8/6K1/7R/8 w - - 0 1
0,1,0,0,0,0,0,1,-1,1,0,1,1,1,0,0,0,0,0,16,0,0,4,7,4,3,5,3,1,23,24,0,0,0,0,0,0,0,0,7,1,1,0,0,0,0,2,2,2,0,KRBKRNvK,DRAW,5R2/1n6/3k1B2/7K/8/r7/8/8 b - - 0 1
0,1,0,0,0,0,0,1,-1,1,0,1,1,1,0,0,0,0,0,16,0,0,5,6,2,1,3,3,2,6,0,1,0,0,0,0,0,0,0,7,1,1,0,0,0,0,3,0,1,0,KRBKRNvK,DRAW,8/r7/8/4B3/1k1R4/6K1/8/2n5 b - - 0 1
0,1,0,0,0,0,0,1,-1,1,0,1,1,1,0,0,0,0,0,16,0,0,6,7,6,1,7,5,5,4,0,1,0,0,0,0,0,0,0,7,1,1,0,0,0,0,2,1,1,0,KRBKRNvK,DRAW,1k6/7K/B1r5/8/1R6/8/3n4/8 b - - 0 1
1,1,0,0,0,0,0,1,-1,1,0,1,1,1,0,0,0,0,0,16,0,0,2,5,5,4,7,2,3,21,22,0,0,0,0,0,0,0,0,7,1,1,0,0,0,0,3,2,0,1,KRBKRNvK,DRAW,4k3/4r3/5K2/2n5/8/8/3R4/B7 w - - 0 1
1,1,0,0,0,0,0,1,-1,1,0,1,1,1,0,0,0,0,0,16,0,0,3,6,4,3,5,2,1,9,0,1,0,0,0,0,0,0,0,7,1,1,0,0,0,0,0,2,0,0,KRBKRNvK,DRAW,8/n7/3k4/6K1/8/7B/2R5/6r1 w - - 0 1
0,1,0,0,0,0,0,1,-1,1,0,1,1,1,0,0,0,0,0,16,0,0,2,1,4,2,2,2,2,3,0,1,0,0,0,0,0,0,0,7,1,1,0,0,0,0,2,3,2,0,KRBKRNvK,DRAW,8/8/5n1r/1K6/2R5/2k5/8/4B3 b - - 0 1
1,1,0,0,0,0,0,1,-1,1,0,1,1,1,0,0,0,0,0,16,0,0,3,2,7,5,4,4,1,26,21,0,0,0,0,0,0,0,0,7,1,1,1,0,0,0,2,3,0,0,KRBKRNvK,DRAW,2K5/R7/8/5kr1/8/4n3/8/7B w - - 0 1
1,1,0,0,0,0,0,1,-1,1,0,1,1,1,0,0,0,0,0,16,0,0,3,4,7,7,6,3,5,3,0,1,0,0,0,0,0,0,0,7,1,1,0,0,0,0,1,1,0,1,KRBKRNvK,DRAW,2r1K3/7k/8/1n6/8/4B3/6R1/8 w - - 0 1
1,1,0,0,0,0,0,1,-1,1,0,1,1,1,0,0,0,0,0,16,0,0,5,2,1,6,6,3,4,6,0,1,0,0,0,0,0,0,0,7,1,1,0,0,0,0,3,3,1,1,KRBKRNvK,DRAW,8/6k1/4r3/5R2/8/3Bn3/2K5/8 w - - 0 1
1,1,0,0,0,0,0,1,-1,1,0,1,1,1,0,0,0,0,0,16,0,0,5,6,0,1,5,5,3,27,22,0,0,0,0,0,0,0,0,7,1,1,0,0,0,0,3,3,1,0,KRBKRNvK,DRAW,8/8/1k6/8/2R5/3r2B1/3n4/6K1 w - - 0 1
1,1,0,0,0,0,0,1,-1,1,0,1,1,1,0,0,0,0,0,16,0,0,3,0,4,3,7,3,3,26,23,0,0,0,0,0,0,0,0,7,1,1,0,1,0,0,0,2,1,0,KRBKRNvK,DRAW,3kB3/8/8/K4n2/8/2R5/3r4/8 w - - 0 1
1,1,0,0,0,0,0,1,-1,1,0,1,1,1,0,0,0,0,0,16,0,0,5,0,2,4,7,4,3,18,27,0,0,0,0,0,0,0,0,7,1,1,0,0,0,0,2,2,0,0,KRBKRNvK,DRAW,B3k3/8/8/4n3/3r4/K7/8/R7 w - - 0 1
1,1,0,0,0,0,0,1,-1,1,0,1,1,1,0,0,0,0,0,16,0,0,7,1,7,2,0,5,4,1,0,1,0,0,0,0,0,0,0,7,1,1,0,0,0,0,3,2,0,1,KRBKRNvK,DRAW,1K1r4/6B1/8/1n6/7R/8/8/2k5 w - - 0 1
1,1,0,0,0,0,0,1,-1,1,0,1,1,1,0,0,0,0,0,16,0,0,5,1,1,6,5,4,3,19,21,0,0,0,0,0,0,0,0,7,1,1,0,0,0,0,2,2,0,0,KRBKRNvK,DRAW,8/8/3nr1k1/1R6/8/8/1K6/B7 w - - 0 1
1,1,0,0,0,0,0,1,-1,1,0,1,1,1,0,0,0,0,0,16,0,0,4,5,1,1,1,3,4,26,19,0,0,0,0,0,0,0,0,7,1,1,1,0,0,0,0,2,0,0,KRBKRNvK,DRAW,2B5/R7/2n5/8/8/8/1k3K2/1r6 w - - 0 1
1,1,0,0,0,0,0,1,-1,1,0,1,1,1,0,0,0,0,0,16,0,0,5,7,4,2,0,3,4,23,24,0,0,0,0,0,0,0,0,7,1,1,0,1,0,0,0,1,1,1,KRBKRNvK,DRAW,8/5n2/8/7K/7B/R7/1r6/2k5 w - - 0 1
0,1,0,0,0,0,0,1,-1,1,0,1,1,1,0,0,0,0,0,16,0,0,3,6,7,3,4,5,0,7,0,1,0,0,0,0,0,0,0,7,1,1,0,0,0,0,2,3,0,0,KRBKRNvK,DRAW,6K1/8/n7/B2k4/8/4r3/8/3R4 b - - 0 1
1,1,0,0,0,0,0,1,-1,1,0,1,1,1,0,0,0,0,0,16,0,0,5,5,6,0,4,3,3,5,0,1,0,0,0,0,0,0,0,7,1,1,0,0,0,0,2,1,0,1,KRBKRNvK,DRAW,8/3B1K2/1r6/k5n1/8/8/3R4/8 w - - 0 1
0,1,0,0,0,0,0,1,-1,1,0,1,1,1,0,0,0,0,0,16,0,0,5,2,2,2,7,2,4,24,24,0,0,0,0,0,0,0,0,7,1,1,0,0,0,0,1,2,0,2,KRBKRNvK,DRAW,2k5/8/6R1/B7/8/2Kn4/8/4r3 b - - 0 1
0,1,0,0,0,0,0,1,-1,1,0,1,1,1,0,0,0,0,0,16,0,0,6,0,7,6,1,6,4,6,0,1,0,0,0,0,0,0,0,7,1,1,0,0,0,0,2,2,1,0,KRBKRNvK,DRAW,K7/8/8/6R1/7B/3r4/1n4k1/8 b - - 0 1
0,1,0,0,0,0,0,1,-1,1,0,1,1,1,0,0,0,0,0,16,0,0,5,0,5,5,6,4,3,21,25,0,0,0,0,0,0,0,0,7,1,1,0,0,0,0,0,2,1,0,KRBKRNvK,DRAW,8/4rk2/K6R/8/6B1/8/3n4/8 b - - 0 1
0,1,0,0,0,0,0,1,-1,1,0,1,1,1,0,0,0,0,0,16,0,0,4,3,5,1,1,1,4,19,23,0,0,0,0,0,0,0,0,7,1,1,0,0,0,0,2,2,0,1,KRBKRNvK,DRAW,8/8/3K4/6B1/1r6/8/1k2n1R1/8 b - - 0 1
1,1,0,0,0,0,0,1,-1,1,0,1,1,1,0,0,0,0,0,16,0,0,3,3,2,0,0,1,6,6,0,1,0,0,0,0,0,0,0,7,1,1,0,0,0,0,2,0,1,2,KRBKRNvK,DRAW,8/8/8/8/8/3K4/2B3R1/k1n2r2 w - - 0 1
1,1,0,0,0,0,0,1,-1,1,0,1,1,1,0,0,0,0,0,16,0,0,4,1,2,1,6,3,4,5,0,1,0,0,0,0,0,0,0,7,1,1,0,0,0,0,2,2,0,0,KRBKRNvK,DRAW,8/1k6/8/7B/R7/1K2r3/5n2/8 w - - 0 1
0,1,0,0,0,0,0,1,-1,1,0,1,1,1,0,0,0,0,0,16,0,0,5,5,5,7,0,2,6,8,27,0,0,0,0,0,0,0,0,7,1,1,1,1,0,0,2,1,0,1,KRBKRNvK,LOSS,8/2R1n3/5K2/8/4B3/8/6r1/7k b - - 0 1
1,1,0,0,0,0,0,1,-1,1,0,1,1,1,0,0,0,0,0,16,0,0,5,1,5,6,0,3,5,27,16,0,0,0,0,0,0,0,0,7,1,1,1,0,0,0,2,1,0,2,KRBKRNvK,DRAW,8/7R/1K6/8/rn6/8/1B6/6k1 w - - 0 1
0,1,0,0,0,0,0,1,-1,1,0,1,1,1,0,0,0,0,0,16,0,0,7,7,7,0,6,6,5,18,22,0,0,0,0,0,0,0,0,7,1,1,0,0,0,0,2,0,0,0,KRBKRNvK,DRAW,6RK/k7/8/8/8/7n/6B1/r7 b - - 0 1
0,1,0,0,0,0,0,1,-1,1,0,1,1,1,0,0,0,0,0,16,0,0,7,0,0,2,7,6,4,23,25,0,0,0,0,0,0,0,0,7,1,1,0,0,0,0,0,0,1,0,KRBKRNvK,DRAW,2k5/4B3/2r5/8/4n3/8/1R6/K7 b - - 0 1
0,1,0,0,0,0,0,1,-1,1,0,1,1,1,0,0,0,0,0,16,0,0,6,0,3,6,2,3,3,26,26,0,0,0,0,0,0,0,0,7,1,1,0,0,0,0,2,1,0,2,KRBKRNvK,DRAW,4R3/8/8/3B4/K1n5/1r4k1/8/8 b - - 0 1
1,1,0,0,0,0,0,1,-1,1,0,1,1,1,0,0,0,0,0,16,0,0,3,2,4,4,7,1,3,5,0,1,0,0,0,0,0,0,0,7,1,1,0,0,0,0,2,0,1,0,KRBKRNvK,DRAW,2n1k3/4B3/8/2K5/8/8/1R6/2r5 w - - 0 1
0,1,0,0,0,0,0,1,-1,1,0,1,1,1,0,0,0,0,0,16,0,0,3,2,3,5,1,1,3,19,29,0,0,0,0,0,0,0,0,7,1,1,0,1,0,0,2,1,0,1,KRBKRNvK,DRAW,6R1/4B3/8/8/2K5/1n6/5k1r/8 b - - 0 1
1,1,0,0,0,0,0,1,-1,1,0,1,1,1,0,0,0,0,0,16,0,0,5,3,0,2,5,3,2,17,15,0,0,0,0,0,0,0,0,7,1,1,1,0,0,0,0,2,0,1,KRBKRNvK,DRAW,7B/6R1/1rk5/8/8/1n6/8/3K4 w - - 0 1
1,1,0,0,0,0,0,1,-1,1,0,1,1,1,0,0,0,0,0,16,0,0,3,6,6,3,3,4,0,29,20,0,0,0,0,0,0,0,0,7,1,1,0,0,0,0,3,3,1,0,KRBKRNvK,DRAW,8/6K1/8/n7/3k4/4R3/B7/2r5 w - - 0 1
0,1,0,0,0,0,0,1,-1,1,0,1,1,1,0,0,0,0,0,16,0,0,5,0,7,3,2,6,1,25,25,0,0,0,0,0,0,0,0,7,1,1,0,0,0,0,1,2,0,0,KRBKRNvK,DRAW,K6R/8/3B4/8/2r5/3k3n/8/8 b - - 0 1
0,1,0,0,0,0,0,1,-1,1,0,1,1,1,0,0,0,0,0,16,0,0,3,0,6,2,3,5,1,21,25,0,0,0,0,0,0,0,0,7,1,1,1,0,0,0,0,2,1,0,KRBKRNvK,DRAW,8/K4R2/8/B7/2k5/8/8/1n1r4 b - - 0 1
0,1,0,0,0,0,0,1,-1,1,0,1,1,1,0,0,0,0,0,16,0,0,6,6,1,4,7,4,3,2,0,1,0,0,0,0,0,0,0,7,1,1,0,0,0,0,2,2,1,0,KRBKRNvK,LOSS,4k3/8/2B5/6n1/r7/8/6K1/5R2 b - - 0 1
0,1,0,0,0,0,0,1,-1,1,0,1,1,1,0,0,0,0,0,16,0,0,6,3,0,2,6,3,3,23,29,0,0,0,0,0,0,0,0,7,1,1,0,1,0,0,1,0,0,0,KRBKRNvK,DRAW,8/2k5/8/8/4B3/6R1/7r/3K2n1 b - - 0 1
0,1,0,0,0,0,0,1,-1,1,0,1,1,1,0,0,0,0,0,16,0,0,6,6,5,0,4,3,3,4,0,1,0,0,0,0,0,0,0,7,1,1,0,0,0,0,2,3,1,2,KRBKRNvK,DRAW,8/8/5nK1/k1RB4/5r2/8/8/8 b - - 0 1
1,1,0,0,0,0,0,1,-1,1,0,1,1,1,0,0,0,0,0,16,0,0,5,1,6,2,1,4,3,19,19,0,0,0,0,0,0,0,0,7,1,1,0,0,0,0,2,1,0,0,KRBKRNvK,DRAW,1R6/1K6/8/8/1n6/8/2k3B1/2r5 w - - 0 1
1,1,0,0,0,0,0,1,-1,1,0,1,1,1,0,0,0,0,0,16,0,0,6,7,0,1,0,6,5,28,22,0,0,0,0,0,0,0,0,7,1,1,0,0,0,0,3,0,0,1,KRBKRNvK,DRAW,4R3/8/8/2B5/8/5r2/8/1kn4K w - - 0 1
1,1,0,0,0,0,0,1,-1,1,0,1,1,1,0,0,0,0,0,16,0,0,4,7,0,3,4,6,0,26,26,0,0,0,0,0,0,0,0,7,1,1,0,0,0,0,0,3,0,0,KRBKRNvK,DRAW,4r3/8/8/3k2B1/8/8/R7/3n3K w - - 0 1
0,1,0,0,0,0,0,1,-1,1,0,1,1,1,0,0,0,0,0,16,0,0,3,7,4,7,7,3,6,20,20,0,0,0,0,0,0,0,0,7,1,1,0,0,0,0,2,0,0,0,KRBKRNvK,DRAW,7k/8/r7/7K/8/8/3RB2n/8 b - - 0 1
1,1,0,0,0,0,0,1,-1,1,0,1,1,1,0,0,0,0,0,16,0,0,2,0,1,2,3,5,1,23,20,0,0,0,0,0,0,0,0,7,1,1,0,0,0,0,2,2,1,0,KRBKRNvK,DRAW,8/8/8/5n2/2k5/R4Br1/K7/8 w - - 0 1
0,1,0,0,0,0,0,1,-1,1,0,1,1,1,0,0,0,0,0,16,0,0,3,6,6,3,7,4,3,20,24,0,0,0,0,0,0,0,0,7,1,1,0,0,0,0,2,2,2,0,KRBKRNvK,DRAW,3k4/6K1/1RB5/8/5r2/7n/8/8 b - - 0 1
0,1,0,0,0,0,0,1,-1,1,0,1,1,1,0,0,0,0,0,16,0,0,3,4,5,3,2,1,1,4,0,1,0,0,0,0,0,0,0,7,1,1,0,0,0,0,3,2,1,1,KRBKRNvK,DRAW,6n1/8/4K1B1/8/8/3k1R2/8/3r4 b - - 0 1
1,1,0,0,0,0,0,1,-1,1,0,1,1,1,0,0,0,0,0,16,0,0,6,6,0,4,6,5,2,3,0,1,0,0,0,0,0,0,0,7,1,1,0,0,0,0,3,1,1,1,KRBKRNvK,DRAW,8/4k3/3R4/8/8/2B5/4n3/2r3K1 w - - 0 1
0,1,0,0,0,0,0,1,-1,1,0,1,1,1,0,0,0,0,0,16,0,0,5,1,3,6,3,2,2,18,22,0,0,0,0,0,0,0,0,7,1,1,0,0,0,0,1,2,0,0,KRBKRNvK,DRAW,8/5B2/8/6r1/1K4k1/8/1R6/n7 b - - 0 1
1,1,0,0,0,0,0,1,-1,1,0,1,1,1,0,0,0,0,0,16,0,0,5,0,7,5,6,6,3,21,23,0,0,0,0,0,0,0,0,7,1,1,0,0,0,0,2,2,0,1,KRBKRNvK,DRAW,K7/5kr1/2n5/8/R7/8/8/4B3 w - - 0 1
1,1,0,0,0,0,0,1,-1,1,0,1,1,1,0,0,0,0,0,16,0,0,3,2,4,3,1,1,2,6,0,1,0,0,0,0,0,0,0,7,1,1,0,0,0,0,2,0,0,1,KRBKRNvK,DRAW,8/1n6/2R3r1/2K4B/8/8/3k4/8 w - - 0 1
0,1,0,0,0,0,0,1,-1,1,0,1,1,1,0,0,0,0,0,16,0,0,5,7,2,2,1,4,3,23,23,0,0,0,0,0,0,0,0,7,1,1,0,0,0,0,0,2,0,0,KRBKRNvK,DRAW,8/8/8/6B1/1r6/7K/2k5/3n1R2 b - - 0 1
1,1,0,0,0,0,0,1,-1,1,0,1,1,1,0,0,0,0,0,16,0,0,5,1,2,6,4,3,2,7,0,1,0,0,0,0,0,0,0,7,1,1,0,0,0,0,1,0,1,1,KRBKRNvK,LOSS,6r1/8/3B4/6k1/3n4/1K3R2/8/8 w - - 0 1
0,1,0,0,0,0,0,1,-1,1,0,1,1,1,0,0,0,0,0,16,0,0,4,7,5,3,2,4,1,22,26,0,0,0,0,0,0,0,0,7,1,1,0,0,0,0,2,3,2,0,KRBKRNvK,DRAW,8/n7/7K/5R2/4r3/3k4/8/3B4 b - - 0 1
0,1,0,0,0,0,0,1,-1,1,0,1,1,1,0,0,0,0,0,16,0,0,5,0,5,5,5,4,2,23,22,0,0,0,0,0,0,0,0,7,1,1,0,0,0,0,1,2,0,1,KRBKRNvK,DRAW,R7/8/K4k2/1n6/8/3B4/8/5r2 b - - 0 1
0,1,0,0,0,0,0,1,-1,1,0,1,1,1,0,0,0,0,0,16,0,0,5,0,0,3,5,6,1,20,24,0,0,0,0,0,0,0,0,7,1,1,1,0,0,0,2,2,1,0,KRBKRNvK,DRAW,5n2/1B4R1/3k4/2r5/8/8/8/K7 b - - 0 1
0,1,0,0,0,0,0,1,-1,1,0,1,1,1,0,0,0,0,0,16,0,0,4,5,1,7,5,3,4,20,21,0,0,0,0,0,0,0,0,7,1,1,0,0,0,0,2,1,0,1,KRBKRNvK,DRAW,8/8/7k/1n6/8/7r/2B1RK2/8 b - - 0 1
1,1,0,0,0,0,0,1,-1,1,0,1,1,1,0,0,0,0,0,16,0,0,6,1,6,7,0,4,6,5,0,1,0,0,0,0,0,0,0,7,1,1,0,0,0,0,1,1,0,1,KRBKRNvK,DRAW,6R1/1K5r/8/2n2B2/8/8/8/7k w - - 0 1
1,1,0,0,0,0,0,1,-1,1,0,1,1,1,0,0,0,0,0,16,0,0,4,4,5,0,5,1,4,26,20,0,0,0,0,0,0,0,0,7,1,1,0,0,0,0,3,0,0,0,KRBKRNvK,DRAW,7n/1r6/k3K3/5B2/8/8/8/6R1 w - - 0 1
0,1,0,0,0,0,0,1,-1,1,0,1,1,1,0,0,0,0,0,16,0,0,7,7,3,0,7,3,6,24,16,0,0,0,0,0,0,0,0,7,1,1,0,0,0,0,0,3,0,1,KRBKRNvK,DRAW,k7/8/4n3/6r1/7K/8/8/4BR2 b - - 0 1
0,1,0,0,0,0,0,1,-1,1,0,1,1,1,0,0,0,0,0,16,0,0,4,7,2,5,6,4,3,5,0,1,0,0,0,0,0,0,0,7,1,1,1,0,0,0,1,2,1,0,KRBKRNvK,DRAW,8/1R3k2/4r3/4B3/1n6/7K/8/8 b - - 0 1
1,1,0,0,0,0,0,1,-1,1,0,1,1,1,0,0,0,0,0,16,0,0,4,4,5,0,2,1,4,26,20,0,0,0,0,0,0,0,0,7,1,1,0,1,0,0,3,0,0,0,KRBKRNvK,DRAW,3B4/n7/4K3/8/4R3/k7/2r5/8 w - - 0 1
1,1,0,0,0,0,0,1,-1,1,0,1,1,1,0,0,0,0,0,16,0,0,7,7,2,0,1,4,5,29,21,0,0,0,0,0,0,0,0,7,1,1,0,0,0,0,2,1,0,0,KRBKRNvK,DRAW,8/r7/2B5/8/8/7K/k3n3/5R2 w - - 0 1
1,1,0,0,0,0,0,1,-1,1,0,1,1,1,0,0,0,0,0,16,0,0,4,7,7,4,3,6,0,3,0,1,0,0,0,0,0,0,0,7,1,1,0,1,0,0,0,3,1,0,KRBKRNvK,LOSS,7K/8/8/3n4/1B2k3/5R2/7r/8 w - - 0 1
1,1,0,0,0,0,0,1,-1,1,0,1,1,1,0,0,0,0,0,16,0,0,2,4,6,2,7,2,4,2,0,1,0,0,0,0,0,0,0,7,1,1,0,0,0,0,2,2,0,0,KRBKRNvK,DRAW,2k5/4K2n/8/8/8/4r3/8/3R1B2 w - - 0 1
0,1,0,0,0,0,0,1,-1,1,0,1,1,1,0,0,0,0,0,16,0,0,4,5,6,3,2,3,1,18,31,0,0,0,0,0,0,0,0,7,1,1,0,0,0,0,0,2,0,0,KRBKRNvK,DRAW,7R/5K2/8/8/n5B1/2rk4/8/8 b - - 0 1
0,1,0,0,0,0,0,1,-1,1,0,1,1,1,0,0,0,0,0,16,0,0,2,2,4,1,6,1,4,23,22,0,0,0,0,0,0,0,0,7,1,1,0,0,0,0,2,2,0,0,KRBKRNvK,DRAW,4nR2/1k6/8/2K5/8/8/4B3/3r4 b - - 0 1
0,1,0,0,0,0,0,1,-1,1,0,1,1,1,0,0,0,0,0,16,0,0,3,5,2,2,0,2,4,25,33,0,0,0,0,0,0,0,0,7,1,1,0,0,0,0,2,2,0,0,KRBKRNvK,DRAW,R7/3n4/3B4/1r6/8/5K2/8/2k5 b - - 0 1
0,1,0,0,0,0,0,1,-1,1,0,1,1,1,0,0,0,0,0,16,0,0,7,2,7,0,0,4,6,16,27,0,0,0,0,0,0,0,0,7,1,1,0,0,0,0,2,1,0,2,KRBKRNvK,DRAW,2K5/r1n5/3B4/8/8/4R3/8/k7 b - - 0 1
0,1,0,0,0,0,0,1,-1,1,0,1,1,1,0,0,0,0,0,16,0,0,3,4,1,1,0,2,5,27,29,0,0,0,0,0,0,0,0,7,1,1,0,0,0,0,2,2,0,1,KRBKRNvK,WIN,8/8/4n3/3R4/2r5/8/4K3/1k4B1 b - - 0 1
0,1,0,0,0,0,0,1,-1,1,0,1,1,1,0,0,0,0,0,16,0,0,3,2,3,5,0,1,4,20,26,0,0,0,0,0,0,0,0,7,1,1,0,0,0,0,2,0,0,1,KRBKRNvK,DRAW,5r2/8/2R5/8/2K1B3/8/n7/5k2 b - - 0 1
0,1,0,0,0,0,0,1,-1,1,0,1,1,1,0,0,0,0,0,16,0,0,3,5,6,7,3,3,3,3,0,1,0,0,0,0,0,0,0,7,1,1,0,0,0,0,3,2,1,0,KRBKRNvK,LOSS,8/5K2/5B2/2r5/2R4k/8/8/3n4 b - - 0 1
0,1,0,0,0,0,0,1,-1,1,0,1,1,1,0,0,0,0,0,16,0,0,2,1,0,3,1,5,2,22,26,0,0,0,0,0,0,0,0,7,1,1,1,0,0,0,1,2,1,0,KRBKRNvK,DRAW,2n5/2R5/8/6r1/8/1B6/3k4/1K6 b - - 0 1
1,1,0,0,0,0,0,1,-1,1,0,1,1,1,0,0,0,0,0,16,0,0,4,2,7,6,4,4,2,26,23,0,0,0,0,0,0,0,0,7,1,1,0,0,0,0,2,2,0,0,KRBKRNvK,DRAW,2K2B2/8/8/6k1/5r2/8/3R4/5n2 w - - 0 1
1,1,0,0,0,0,0,1,-1,1,0,1,1,1,0,0,0,0,0,16,0,0,6,0,1,0,7,5,6,25,20,0,0,0,0,0,0,0,0,7,1,1,0,0,0,0,1,2,1,0,KRBKRNvK,DRAW,k4n2/B7/8/6r1/8/8/K6R/8 w - - 0 1
0,1,0,0,0,0,0,1,-1,1,0,1,1,1,0,0,0,0,0,16,0,0,3,5,4,2,7,1,4,2,0,1,0,0,0,0,0,0,0,7,1,1,0,0,0,0,2,2,0,0,KRBKRNvK,DRAW,2k2R2/8/8/5K2/8/2n5/7B/1r6 b - - 0 1
1,1,0,0,0,0,0,1,-1,1,0,1,1,1,0,0,0,0,0,16,0,0,2,2,3,4,1,1,2,4,0,1,0,0,0,0,0,0,0,7,1,1,1,1,0,0,2,1,1,2,KRBKRNvK,DRAW,8/6R1/4n3/8/2K5/4B3/2r1k3/8 w - - 0 1
0,1,0,0,0,0,0,1,-1,1,0,1,1,1,0,0,0,0,0,16,0,0,3,5,5,2,2,2,2,6,0,1,0,0,0,0,0,0,0,7,1,1,0,0,0,0,2,1,1,1,KRBKRNvK,DRAW,6r1/8/5K2/5B2/8/R1k5/8/n7 b - - 0 1
1,1,0,0,0,0,0,1,-1,1,0,1,1,1,0,0,0,0,0,16,0,0,3,3,3,4,6,0,2,28,23,0,0,0,0,0,0,0,0,7,1,1,0,1,0,0,3,0,1,1,KRBKRNvK,DRAW,8/4k3/6R1/8/3K4/8/1r5B/5n2 w - - 0 1
0,1,0,0,0,0,0,1,-1,1,0,1,1,1,0,0,0,0,0,16,0,0,2,6,5,4,4,3,0,23,29,0,0,0,0,0,0,0,0,7,1,1,0,0,0,0,0,3,1,0,KRBKRNvK,DRAW,2r5/3B4/6K1/4k3/8/n7/8/7R b - - 0 1
0,1,0,0,0,0,0,1,-1,1,0,1,1,1,0,0,0,0,0,16,0,0,6,0,6,6,3,5,2,25,17,0,0,0,0,0,0,0,0,7,1,1,0,0,0,0,0,1,1,0,KRBKRNvK,DRAW,8/K2n4/8/8/6k1/1r6/5R2/6B1 b - - 0 1
0,1,0,0,0,0,0,1,-1,1,0,1,1,1,0,0,0,0,0,16,0,0,6,4,1,6,7,2,5,22,31,0,0,0,0,0,0,0,0,7,1,1,0,0,0,0,3,3,0,1,KRBKRNvK,DRAW,6k1/8/8/6r1/R7/2B5/4Kn2/8 b - - 0 1
1,1,0,0,0,0,0,1,-1,1,0,1,1,1,0,0,0,0,0,16,0,0,2,4,5,6,6,1,4,5,0,1,0,0,0,0,0,0,0,7,1,1,0,1,0,0,4,2,0,0,KRBKRNvK,DRAW,8/6k1/4K3/8/1R5B/8/4r3/3n4 w - - 0 1
0,1,0,0,0,0,0,1,-1,1,0,1,1,1,0,0,0,0,0,16,0,0,7,7,0,0,3,6,3,22,19,0,0,0,0,0,0,0,0,7,1,1,0,0,0,0,0,2,0,1,KRBKRNvK,DRAW,3B2R1/8/8/5r2/k7/8/6n1/7K b - - 0 1
1,1,0,0,0,0,0,1,-1,1,0,1,1,1,0,0,0,0,0,16,0,0,6,2,1,7,7,3,6,27,21,0,0,0,0,0,0,0,0,7,1,1,0,0,0,0,1,1,0,0,KRBKRNvK,DRAW,7k/8/8/1n3B2/8/R7/2K5/7r w - - 0 1
0,1,0,0,0,0,0,1,-1,1,0,1,1,1,0,0,0,0,0,16,0,0,2,2,3,2,5,1,2,4,0,1,0,0,0,0,0,0,0,7,1,1,0,0,0,0,3,1,2,0,KRBKRNvK,DRAW,2n5/8/2k5/2R5/2KB4/5r2/8/8 b - - 0 1
1,1,0,0,0,0,0,1,-1,1,0,1,1,1,0,0,0,0,0,16,0,0,6,7,3,1,4,3,2,20,26,0,0,0,0,0,0,0,0,7,1,1,0,0,0,0,0,0,0,0,KRBKRNvK,DRAW,8/4B3/2r5/1k2n3/7K/7R/8/8 w - - 0 1
1,1,0,0,0,0,0,1,-1,1,0,1,1,1,0,0,0,0,0,16,0,0,4,4,4,0,4,0,3,5,0,1,0,0,0,0,0,0,0,7,1,1,0,0,0,0,4,2,0,2,KRBKRNvK,LOSS,8/4r3/8/k1n1K3/4RB2/8/8/8 w - - 0 1
0,1,0,0,0,0,0,1,-1,1,0,1,1,1,0,0,0,0,0,16,0,0,4,5,0,1,1,4,4,6,0,1,0,0,0,0,0,0,0,7,1,1,0,0,0,0,2,0,1,1,KRBKRNvK,DRAW,8/8/8/2B5/8/n5r1/1k1R4/5K2 b - - 0 1
0,1,0,0,0,0,0,1,-1,1,0,1,1,1,0,0,0,0,0,16,0,0,7,7,6,0,0,5,6,20,20,0,0,0,0,0,0,0,0,7,1,1,0,0,0,0,2,1,0,0,KRBKRNvK,DRAW,1B6/2n4K/8/8/1R6/r7/8/k7 b - - 0 1
1,1,0,0,0,0,0,1,-1,1,0,1,1,1,0,0,0,0,0,16,0,0,6,0,0,5,6,6,3,23,23,0,0,0,0,0,0,0,0,7,1,1,0,0,0,0,3,0,1,0,KRBKRNvK,DRAW,7B/n4k2/7r/8/1R6/8/8/K7 w - - 0 1
0,1,0,0,0,0,0,1,-1,1,0,1,1,1,0,0,0,0,0,16,0,0,6,0,6,6,1,5,4,6,0,1,0,0,0,0,0,0,0,7,1,1,0,0,0,0,2,1,0,0,KRBKRNvK,DRAW,8/K7/8/6n1/8/5r2/3R2k1/3B4 b - - 0 1
0,1,0,0,0,0,0,1,-1,1,0,1,1,1,0,0,0,0,0,16,0,0,6,6,6,5,0,4,4,23,21,0,0,0,0,0,0,0,0,7,1,1,0,0,0,0,2,2,0,1,KRBKRNvK,DRAW,2R5/1Bn3K1/8/5r2/8/8/8/5k2 b - - 0 1
1,1,0,0,0,0,0,1,-1,1,0,1,1,1,0,0,0,0,0,16,0,0,6,4,0,1,6,3,4,5,0,1,0,0,0,0,0,0,0,7,1,1,0,0,0,0,1,2,0,1,KRBKRNvK,DRAW,8/1k5B/8/6n1/8/4r3/R7/4K3 w - - 0 1
1,1,0,0,0,0,0,1,-1,1,0,1,1,1,0,0,0,0,0,16,0,0,2,0,6,2,4,5,1,3,0,1,0,0,0,0,0,0,0,7,1,1,0,0,0,0,2,2,1,1,KRBKRNvK,DRAW,2n5/K7/5r2/B1k5/8/8/3R4/8 w - - 0 1
0,1,0,0,0,0,0,1,-1,1,0,1,1,1,0,0,0,0,0,16,0,0,2,1,6,3,7,4,3,2,0,1,0,0,0,0,0,0,0,7,1,1,0,0,0,0,2,2,1,0,KRBKRNvK,DRAW,3k1R2/1K6/8/6n1/r7/8/1B6/8 b - - 0 1
0,1,0,0,0,0,0,1,-1,1,0,1,1,1,0,0,0,0,0,16,0,0,2,6,5,5,7,3,4,2,0,1,0,0,0,0,0,0,0,7,1,1,0,1,0,0,0,0,0,0,KRBKRNvK,DRAW,5k2/8/6K1/6B1/8/5R2/1r6/7n b - - 0 1
1,1,0,0,0,0,0,1,-1,1,0,1,1,1,0,0,0,0,0,16,0,0,3,3,3,4,0,0,3,21,24,0,0,0,0,0,0,0,0,7,1,1,0,0,0,0,4,1,0,1,KRBKRNvK,DRAW,2r5/8/1n6/8/3K3R/8/B7/4k3 w - - 0 1
1,1,0,0,0,0,0,1,-1,1,0,1,1,1,0,0,0,0,0,16,0,0,5,0,2,3,7,4,3,24,18,0,0,0,0,0,0,0,0,7,1,1,0,1,0,0,2,2,1,0,KRBKRNvK,DRAW,1B1k4/8/8/8/4R3/K7/3r4/3n4 w - - 0 1
1,1,0,0,0,0,0,1,-1,1,0,1,1,1,0,0,0,0,0,16,0,0,5,6,2,1,5,3,3,31,16,0,0,0,0,0,0,0,0,7,1,1,0,0,0,0,3,1,2,0,KRBKRNvK,DRAW,8/rB6/1k6/2R5/8/1n4K1/8/8 w - - 0 1
0,1,0,0,0,0,0,1,-1,1,0,1,1,1,0,0,0,0,0,16,0,0,5,5,2,6,7,2,5,19,29,0,0,0,0,0,0,0,0,7,1,1,0,0,0,0,3,2,0,0,KRBKRNvK,DRAW,n5k1/3r4/8/7R/8/5K2/8/2B5 b - - 0 1
0,1,0,0,0,0,0,1,-1,1,0,1,1,1,0,0,0,0,0,16,0,0,4,5,6,1,3,3,2,23,22,0,0,0,0,0,0,0,0,7,1,1,1,0,0,0,1,2,0,1,KRBKRNvK,DRAW,8/2R1nK2/8/8/1k1r4/8/7B/8 b - - 0 1
1,1,0,0,0,0,0,1,-1,1,0,1,1,1,0,0,0,0,0,16,0,0,4,5,4,5,0,1,4,27,19,0,0,0,0,0,0,0,0,7,1,1,0,0,0,0,2,0,0,0,KRBKRNvK,DRAW,4B3/8/4R3/5K2/8/r7/8/5kn1 w - - 0 1
1,1,0,0,0,0,0,1,-1,1,0,1,1,1,0,0,0,0,0,16,0,0,2,5,2,7,4,2,3,26,19,0,0,0,0,0,0,0,0,7,1,1,0,0,0,0,2,0,0,1,KRBKRNvK,DRAW,8/B1r5/8/7k/1R6/5K2/8/7n w - - 0 1
1,1,0,0,0,0,0,1,-1,1,0,1,1,1,0,0,0,0,0,16,0,0,2,2,3,0,3,1,3,23,17,0,0,0,0,0,0,0,0,7,1,1,0,1,0,0,2,1,0,2,KRBKRNvK,DRAW,8/8/8/1n6/k1K5/4B2R/r7/8 w - - 0 1
1,1,0,0,0,0,0,1,-1,1,0,1,1,1,0,0,0,0,0,16,0,0,5,2,4,7,3,1,3,29,15,0,0,0,0,0,0,0,0,7,1,1,0,0,0,0,3,0,2,0,KRBKRNvK,DRAW,6n1/8/5R2/2K5/5B1k/8/8/7r w - - 0 1
0,1,0,0,0,0,0,1,-1,1,0,1,1,1,0,0,0,0,0,16,0,0,5,0,4,5,2,3,2,22,26,0,0,0,0,0,0,0,0,7,1,1,0,0,0,0,2,1,1,0,KRBKRNvK,DRAW,5r2/8/3R4/K7/8/5kn1/8/6B1 b - - 0 1
0,1,0,0,0,0,0,1,-1,1,0,1,1,1,0,0,0,0,0,16,0,0,3,4,0,7,0,3,6,24,22,0,0,0,0,0,0,0,0,7,1,1,0,1,0,0,1,2,0,1,KRBKRNvK,DRAW,8/8/8/4B3/8/2n5/1r6/R3K2k b - - 0 1
1,1,0,0,0,0,0,1,-1,1,0,1,1,1,0,0,0,0,0,16,0,0,2,5,6,7,7,3,6,25,15,0,0,0,0,0,0,0,0,7,1,1,0,0,0,0,2,1,1,0,KRBKRNvK,DRAW,7k/1rn2K1B/8/4R3/8/8/8/8 w - - 0 1
1,1,0,0,0,0,0,1,-1,1,0,1,1,1,0,0,0,0,0,16,0,0,7,0,0,7,4,6,3,23,26,0,0,0,0,0,0,0,0,7,1,1,0,0,0,0,1,1,0,0,KRBKRNvK,DRAW,8/8/2r5/7k/8/1R1Bn3/8/K7 w - - 0 1
0,1,0,0,0,0,0,1,-1,1,0,1,1,1,0,0,0,0,0,16,0,0,3,5,5,2,6,2,3,5,0,1,0,0,0,0,0,0,0,7,1,1,1,1,0,0,3,0,0,1,KRBKRNvK,DRAW,8/2k3R1/5K2/8/7n/5B2/1r6/8 b - - 0 1
0,1,0,0,0,0,0,1,-1,1,0,1,1,1,0,0,0,0,0,16,0,0,5,3,5,0,0,1,6,21,25,0,0,0,0,0,0,0,0,7,1,1,0,0,0,0,2,0,0,1,KRBKRNvK,DRAW,6R1/2r5/3K4/8/8/n7/8/k4B2 b - - 0 1
0,1,0,0,0,0,0,1,-1,1,0,1,1,1,0,0,0,0,0,16,0,0,7,7,3,0,1,3,5,24,22,0,0,0,0,0,0,0,0,7,1,1,0,0,0,0,3,1,0,2,KRBKRNvK,DRAW,8/8/5r2/8/4R1nK/8/k5B1/8 b - - 0 1
1,1,0,0,0,0,0,1,-1,1,0,1,1,1,0,0,0,0,0,16,0,0,2,0,6,0,4,5,3,23,19,0,0,0,0,0,0,0,0,7,1,1,0,0,0,0,2,2,1,0,KRBKRNvK,DRAW,3n4/K7/8/k7/2R5/4r2B/8/8 w - - 0 1
1,1,0,0,0,0,0,1,-1,1,0,1,1,1,0,0,0,0,0,16,0,0,4,4,1,1,5,2,3,23,25,0,0,0,0,0,0,0,0,7,1,1,0,0,0,0,2,1,0,0,KRBKRNvK,DRAW,8/8/1k6/4R3/1n4B1/8/4K3/r7 w - - 0 1
0,1,0,0,0,0,0,1,-1,1,0,1,1,1,0,0,0,0,0,16,0,0,3,3,4,6,5,0,3,24,23,0,0,0,0,0,0,0,0,7,1,1,1,0,0,0,4,1,0,0,KRBKRNvK,DRAW,r7/3R4/6k1/3K4/8/6n1/8/3B4 b - - 0 1
0,1,0,0,0,0,0,1,-1,1,0,1,1,1,0,0,0,0,0,16,0,0,6,4,7,0,1,3,5,21,24,0,0,0,0,0,0,0,0,7,1,1,0,0,0,0,1,3,0,0,KRBKRNvK,DRAW,1B2K3/8/1R6/2n4r/8/8/k7/8 b - - 0 1
0,1,0,0,0,0,0,1,-1,1,0,1,1,1,0,0,0,0,0,16,0,0,2,1,2,3,2,3,1,4,0,1,0,0,0,0,0,0,0,7,1,1,0,0,0,0,1,3,2,1,KRBKRNvK,DRAW,8/2n5/8/5B2/3r4/1K1k4/8/1R6 b - - 0 1
0,1,0,0,0,0,0,1,-1,1,0,1,1,1,0,0,0,0,0,16,0,0,3,1,6,2,3,4,1,22,18,0,0,0,0,0,0,0,0,7,1,1,0,1,0,0,0,4,0,0,KRBKRNvK,DRAW,1R3B2/1K6/8/8/2k5/8/4r2n/8 b - - 0 1
1,1,0,0,0,0,0,1,-1,1,0,1,1,1,0,0,0,0,0,16,0,0,3,2,4,4,1,1,2,30,22,0,0,0,0,0,0,0,0,7,1,1,0,0,0,0,3,0,1,0,KRBKRNvK,DRAW,n6r/8/8/2K2B2/6R1/8/4k3/8 w - - 0 1
0,1,0,0,0,0,0,1,-1,1,0,1,1,1,0,0,0,0,0,16,0,0,7,7,7,4,0,6,3,5,0,1,0,0,0,0,0,0,0,7,1,1,0,0,0,0,2,1,0,0,KRBKRNvK,DRAW,3B3K/8/8/8/4R3/1n4r1/8/4k3 b - - 0 1
1,1,0,0,0,0,0,1,-1,1,0,1,1,1,0,0,0,0,0,16,0,0,5,3,6,5,1,2,3,29,25,0,0,0,0,0,0,0,0,7,1,1,0,0,0,0,1,2,1,0,KRBKRNvK,DRAW,7r/3K4/3B4/8/8/5n2/5k2/6R1 w - - 0 1
1,1,0,0,0,0,0,1,-1,1,0,1,1,1,0,0,0,0,0,16,0,0,2,7,3,5,1,3,3,5,0,1,0,0,0,0,0,0,0,7,1,1,0,0,0,0,0,2,1,0,KRBKRNvK,DRAW,2B5/8/8/8/4r2K/6R1/2n2k2/8 w - - 0 1
0,1,0,0,0,0,0,1,-1,1,0,1,1,1,0,0,0,0,0,16,0,0,7,2,7,6,0,4,5,4,0,1,0,0,0,0,0,0,0,7,1,1,0,0,0,0,1,0,0,1,KRBKRNvK,DRAW,2K3R1/8/1r6/8/8/3B4/8/1n4k1 b - - 0 1
0,1,0,0,0,0,0,1,-1,1,0,1,1,1,0,0,0,0,0,16,0,0,4,7,0,3,3,6,0,24,23,0,0,0,0,0,0,0,0,7,1,1,0,0,0,0,2,3,2,0,KRBKRNvK,DRAW,8/6r1/8/5R2/1B1k4/8/3n4/7K b - - 0 1
1,1,0,0,0,0,0,1,-1,1,0,1,1,1,0,0,0,0,0,16,0,0,6,5,6,6,0,3,5,23,18,0,0,0,0,0,0,0,0,7,1,1,0,1,0,0,2,0,0,1,KRBKRNvK,DRAW,8/5K1n/8/R7/B7/8/r7/6k1 w - - 0 1
0,1,0,0,0,0,0,1,-1,1,0,1,1,1,0,0,0,0,0,16,0,0,6,3,0,7,6,3,5,3,0,1,0,0,0,0,0,0,0,7,1,1,0,0,0,0,1,0,0,1,KRBKRNvK,DRAW,8/7k/r7/8/8/1B6/7R/2nK4 b - - 0 1
0,1,0,0,0,0,0,1,-1,1,0,1,1,1,0,0,0,0,0,16,0,0,6,1,3,7,4,2,3,25,26,0,0,0,0,0,0,0,0,7,1,1,0,0,0,0,1,2,1,1,KRBKRNvK,DRAW,1R6/8/r7/5B1k/1K6/5n2/8/8 b - - 0 1
1,1,0,0,0,0,0,1,-1,1,0,1,1,1,0,0,0,0,0,16,0,0,6,1,2,7,1,3,5,29,18,0,0,0,0,0,0,0,0,7,1,1,0,0,0,0,3,0,1,0,KRBKRNvK,DRAW,2n5/8/7r/8/8/1K6/4R1Bk/8 w - - 0 1
0,1,0,0,0,0,0,1,-1,1,0,1,1,1,0,0,0,0,0,16,0,0,5,6,6,1,7,4,5,3,0,1,0,0,0,0,0,0,0,7,1,1,0,0,0,0,1,0,0,1,KRBKRNvK,LOSS,1k1n4/6K1/7r/8/8/6B1/R7/8 b - - 0 1
1,1,0,0,0,0,0,1,-1,1,0,1,1,1,0,0,0,0,0,16,0,0,4,6,1,2,2,4,2,30,20,0,0,0,0,0,0,0,0,7,1,1,0,0,0,0,1,2,1,1,KRBKRNvK,DRAW,R7/8/8/8/2B4r/2k5/6K1/1n6 w - - 0 1
1,1,0,0,0,0,0,1,-1,1,0,1,1,1,0,0,0,0,0,16,0,0,6,5,7,6,1,4,4,2,0,1,0,0,0,0,0,0,0,7,1,1,0,0,0,0,0,1,0,0,KRBKRNvK,DRAW,2r2K2/8/8/6n1/8/8/R2B2k1/8 w - - 0 1
1,1,0,0,0,0,0,1,-1,1,0,1,1,1,0,0,0,0,0,16,0,0,3,2,7,3,4,4,0,4,0,1,0,0,0,0,0,0,0,7,1,1,1,1,0,0,0,3,0,1,KRBKRNvK,DRAW,2K5/6R1/n7/3k2B1/8/8/2r5/8 w - - 0 1
0,1,0,0,0,0,0,1,-1,1,0,1,1,1,0,0,0,0,0,16,0,0,2,3,3,1,1,0,4,24,21,0,0,0,0,0,0,0,0,7,1,1,0,0,0,0,4,0,0,0,KRBKRNvK,DRAW,8/B7/8/7R/n2K4/6r1/1k6/8 b - - 0 1
0,1,0,0,0,0,0,1,-1,1,0,1,1,1,0,0,0,0,0,16,0,0,2,0,0,2,0,6,4,19,22,0,0,0,0,0,0,0,0,7,1,1,0,0,0,0,3,2,0,0,KRBKRNvK,WIN,8/7B/8/1R6/8/4r3/8/K1k1n3 b - - 0 1
1,1,0,0,0,0,0,1,-1,1,0,1,1,1,0,0,0,0,0,16,0,0,4,1,0,0,4,5,3,30,19,0,0,0,0,0,0,0,0,7,1,1,1,0,0,0,2,2,1,0,KRBKRNvK,DRAW,6n1/3R4/8/k1B5/6r1/8/8/1K6 w - - 0 1
0,1,0,0,0,0,0,1,-1,1,0,1,1,1,0,0,0,0,0,16,0,0,3,6,1,6,4,4,2,24,27,0,0,0,0,0,0,0,0,7,1,1,0,0,0,0,1,0,0,0,KRBKRNvK,DRAW,1R2n3/8/8/6k1/8/3B4/6K1/r7 b - - 0 1
0,1,0,0,0,0,0,1,-1,1,0,1,1,1,0,0,0,0,0,16,0,0,5,1,5,6,0,3,5,22,31,0,0,0,0,0,0,0,0,7,1,1,0,0,0,0,2,2,1,1,KRBKRNvK,DRAW,3r4/8/1K6/8/8/4R2n/2B5/6k1 b - - 0 1
0,1,0,0,0,0,0,1,-1,1,0,1,1,1,0,0,0,0,0,16,0,0,6,0,6,6,3,5,2,25,22,0,0,0,0,0,0,0,0,7,1,1,0,0,0,0,1,1,2,1,KRBKRNvK,DRAW,2r5/K7/5R2/8/5Bk1/4n3/8/8 b - - 0 1
1,1,0,0,0,0,0,1,-1,1,0,1,1,1,0,0,0,0,0,16,0,0,2,4,2,5,0,1,4,6,0,1,0,0,0,0,0,0,0,7,1,1,0,0,0,0,3,1,0,1,KRBKRNvK,DRAW,8/6r1/8/8/6n1/4K3/2R5/B4k2 w - - 0 1
0,1,0,0,0,0,0,1,-1,1,0,1,1,1,0,0,0,0,0,16,0,0,4,0,0,2,4,6,1,5,0,1,0,0,0,0,0,0,0,7,1,1,0,1,0,0,0,4,1,0,KRBKRNvK,DRAW,2R5/3B4/8/2k5/8/3n4/4r3/K7 b - - 0 1
1,1,0,0,0,0,0,1,-1,1,0,1,1,1,0,0,0,0,0,16,0,0,6,0,1,6,1,5,4,26,22,0,0,0,0,0,0,0,0,7,1,1,0,0,0,0,2,2,0,0,KRBKRNvK,DRAW,3R4/8/8/8/7r/8/K2B2kn/8 w - - 0 1
0,1,0,0,0,0,0,1,-1,1,0,1,1,1,0,0,0,0,0,16,0,0,2,3,3,4,5,0,1,4,0,1,0,0,0,0,0,0,0,7,1,1,0,0,0,0,4,2,1,0,KRBKRNvK,DRAW,8/6n1/4k1R1/8/3K4/8/1B6/1r6 b - - 0 1
0,1,0,0,0,0,0,1,-1,1,0,1,1,1,0,0,0,0,0,16,0,0,5,3,2,1,7,1,5,20,29,0,0,0,0,0,0,0,0,7,1,1,0,0,0,0,3,2,0,1,KRBKRNvK,DRAW,1k6/6n1/8/1r6/8/3K4/5RB1/8 b - - 0 1
1,1,0,0,0,0,0,1,-1,1,0,1,1,1,0,0,0,0,0,16,0,0,7,0,2,7,2,4,4,25,21,0,0,0,0,0,0,0,0,7,1,1,0,0,0,0,1,2,0,1,KRBKRNvK,DRAW,7r/2B5/8/8/8/K1n4k/1R6/8 w - - 0 1
0,1,0,0,0,0,0,1,-1,1,0,1,1,1,0,0,0,0,0,16,0,0,4,2,1,0,5,3,4,3,0,1,0,0,0,0,0,0,0,7,1,1,0,0,0,0,1,3,2,0,KRBKRNvK,DRAW,8/8/k1R5/1n4r1/2B5/8/2K5/8 b - - 0 1
0,1,0,0,0,0,0,1,-1,1,0,1,1,1,0,0,0,0,0,16,0,0,3,4,5,7,4,1,3,22,20,0,0,0,0,0,0,0,0,7,1,1,0,0,0,0,3,3,0,1,KRBKRNvK,DRAW,8/8/4K3/2r4k/8/Rn6/8/1B6 b - - 0 1
1,1,0,0,0,0,0,1,-1,1,0,1,1,1,0,0,0,0,0,16,0,0,5,6,1,1,2,4,3,29,19,0,0,0,0,0,0,0,0,7,1,1,0,0,0,0,2,2,1,0,KRBKRNvK,DRAW,2nr4/8/8/7B/R7/1k6/6K1/8 w - - 0 1
1,1,0,0,0,0,0,1,-1,1,0,1,1,1,0,0,0,0,0,16,0,0,5,1,2,6,4,3,2,33,20,0,0,0,0,0,0,0,0,7,1,1,0,0,0,0,1,1,2,0,KRBKRNvK,DRAW,8/5r2/7R/5Bk1/5n2/1K6/8/8 w - - 0 1
1,1,0,0,0,0,0,1,-1,1,0,1,1,1,0,0,0,0,0,16,0,0,4,7,4,7,0,3,6,23,20,0,0,0,0,0,0,0,0,7,1,1,0,0,0,0,2,0,0,2,KRBKRNvK,DRAW,8/8/8/7K/5R2/6rn/8/1B5k w - - 0 1
0,1,0,0,0,0,0,1,-1,1,0,1,1,1,0,0,0,0,0,16,0,0,5,1,0,6,0,5,5,3,0,1,0,0,0,0,0,0,0,7,1,1,0,0,0,0,2,0,1,0,KRBKRNvK,DRAW,2B5/2r5/8/8/8/7n/8/1K2R1k1 b - - 0 1
1,1,0,0,0,0,0,1,-1,1,0,1,1,1,0,0,0,0,0,16,0,0,3,1,4,2,7,2,4,32,19,0,0,0,0,0,0,0,0,7,1,1,0,0,0,0,1,0,1,0,KRBKRNvK,DRAW,2k5/6n1/R7/1K6/8/4Br2/8/8 w - - 0 1
0,1,0,0,0,0,0,1,-1,1,0,1,1,1,0,0,0,0,0,16,0,0,6,4,7,4,1,3,2,23,22,0,0,0,0,0,0,0,0,7,1,1,0,0,0,0,1,2,1,1,KRBKRNvK,DRAW,4K1B1/3r4/8/8/8/n7/4k3/6R1 b - - 0 1
0,1,0,0,0,0,0,1,-1,1,0,1,1,1,0,0,0,0,0,16,0,0,3,2,1,4,4,3,0,4,0,1,0,0,0,0,0,0,0,7,1,1,0,0,0,0,1,3,1,0,KRBKRNvK,DRAW,7n/6B1/7R/4k3/5r2/8/2K5/8 b - - 0 1
0,1,0,0,0,0,0,1,-1,1,0,1,1,1,0,0,0,0,0,16,0,0,2,4,1,2,2,2,2,3,0,1,0,0,0,0,0,0,0,7,1,1,0,0,0,0,1,3,1,2,KRBKRNvK,DRAW,8/5B2/8/8/3r4/R1k5/4K3/3n4 b - - 0 1
1,1,0,0,0,0,0,1,-1,1,0,1,1,1,0,0,0,0,0,16,0,0,4,6,4,2,6,2,3,21,23,0,0,0,0,0,0,0,0,7,1,1,0,0,0,0,2,2,1,0,KRBKRNvK,DRAW,6n1/1Bk5/8/6KR/8/3r4/8/8 w - - 0 1
1,1,0,0,0,0,0,1,-1,1,0,1,1,1,0,0,0,0,0,16,0,0,3,0,3,2,6,3,3,5,0,1,0,0,0,0,0,0,0,7,1,1,0,0,0,0,2,2,1,0,KRBKRNvK,DRAW,4RB2/2k5/8/8/K2r4/7n/8/8 w - - 0 1
0,1,0,0,0,0,0,1,-1,1,0,1,1,1,0,0,0,0,0,16,0,0,6,0,7,2,1,6,3,22,23,0,0,0,0,0,0,0,0,7,1,1,0,0,0,0,2,0,0,0,KRBKRNvK,DRAW,K7/8/8/B3R3/8/5r2/2k5/7n b - - 0 1
0,1,0,0,0,0,0,1,-1,1,0,1,1,1,0,0,0,0,0,16,0,0,5,0,5,0,0,4,6,21,23,0,0,0,0,0,0,0,0,7,1,1,0,0,0,0,2,2,0,1,KRBKRNvK,DRAW,8/8/K2R4/1r6/7n/8/4B3/k7 b - - 0 1
0,1,0,0,0,0,0,1,-1,1,0,1,1,1,0,0,0,0,0,16,0,0,2,7,5,7,3,4,3,17,20,0,0,0,0,0,0,0,0,7,1,1,0,0,0,0,2,1,0,1,KRBKRNvK,DRAW,8/8/7K/8/1B2Rn1k/8/8/6r1 b - - 0 1
0,1,0,0,0,0,0,1,-1,1,0,1,1,1,0,0,0,0,0,16,0,0,3,0,4,0,1,3,5,25,19,0,0,0,0,0,0,0,0,7,1,1,0,1,0,0,2,1,1,0,KRBKRNvK,DRAW,8/8/8/K4n2/8/8/kr6/2BR4 b - - 0 1
0,1,0,0,0,0,0,1,-1,1,0,1,1,1,0,0,0,0,0,16,0,0,2,7,6,5,4,5,1,16,18,0,0,0,0,0,0,0,0,7,1,1,1,0,0,0,1,2,1,0,KRBKRNvK,WIN,3r4/3n2RK/8/5k2/8/8/7B/8 b - - 0 1
0,1,0,0,0,0,0,1,-1,1,0,1,1,1,0,0,0,0,0,16,0,0,2,5,2,5,0,2,4,1,0,1,0,0,0,0,0,0,0,7,1,1,0,0,0,0,3,1,0,0,KRBKRNvK,DRAW,r7/8/8/6R1/2B5/5K2/2n5/5k2 b - - 0 1
1,1,0,0,0,0,0,1,-1,1,0,1,1,1,0,0,0,0,0,16,0,0,5,7,1,2,0,5,4,27,15,0,0,0,0,0,0,0,0,7,1,1,0,0,0,0,2,1,0,0,KRBKRNvK,DRAW,8/1Brn4/8/8/8/8/5R1K/2k5 w - - 0 1
1,1,0,0,0,0,0,1,-1,1,0,1,1,1,0,0,0,0,0,16,0,0,7,2,7,4,0,4,3,30,13,0,0,0,0,0,0,0,0,7,1,1,0,0,0,0,2,0,0,0,KRBKRNvK,DRAW,2K3n1/8/2B5/8/8/8/7R/4kr2 w - - 0 1
0,1,0,0,0,0,0,1,-1,1,0,1,1,1,0,0,0,0,0,16,0,0,5,5,7,2,2,4,2,27,20,0,0,0,0,0,0,0,0,7,1,1,0,1,0,0,2,3,1,1,KRBKRNvK,DRAW,5KB1/5n2/8/8/8/2k5/3r4/4R3 b - - 0 1
0,1,0,0,0,0,0,1,-1,1,0,1,1,1,0,0,0,0,0,16,0,0,4,3,5,7,7,1,6,21,25,0,0,0,0,0,0,0,0,7,1,1,0,0,0,0,3,0,0,1,KRBKRNvK,DRAW,7k/5r2/n2K4/1R6/8/8/8/7B b - - 0 1
0,1,0,0,0,0,0,1,-1,1,0,1,1,1,0,0,0,0,0,16,0,0,6,0,0,2,6,6,3,3,0,1,0,0,0,0,0,0,0,7,1,1,1,0,0,0,0,2,1,0,KRBKRNvK,DRAW,1n6/2k3R1/8/B1r5/8/8/8/K7 b - - 0 1
0,1,0,0,0,0,0,1,-1,1,0,1,1,1,0,0,0,0,0,16,0,0,2,3,0,2,2,3,2,27,25,0,0,0,0,0,0,0,0,7,1,1,0,0,0,0,2,2,1,0,KRBKRNvK,DRAW,8/1B6/7r/8/5n2/2k5/R7/3K4 b - - 0 1
1,1,0,0,0,0,0,1,-1,1,0,1,1,1,0,0,0,0,0,16,0,0,3,1,4,3,1,2,2,20,19,0,0,0,0,0,0,0,0,7,1,1,0,1,0,0,0,0,0,0,KRBKRNvK,DRAW,R3B3/7n/8/1K6/8/8/2rk4/8 w - - 0 1
0,1,0,0,0,0,0,1,-1,1,0,1,1,1,0,0,0,0,0,16,0,0,5,1,2,3,7,3,3,3,0,1,0,0,0,0,0,0,0,7,1,1,0,1,0,0,2,2,0,0,KRBKRNvK,DRAW,n2k4/8/6B1/8/3R4/1K6/4r3/8 b - - 0 1
1,1,0,0,0,0,0,1,-1,1,0,1,1,1,0,0,0,0,0,16,0,0,4,6,2,4,6,3,2,28,25,0,0,0,0,0,0,0,0,7,1,1,0,0,0,0,1,0,1,0,KRBKRNvK,DRAW,1r6/4k3/R5B1/8/3n4/6K1/8/8 w - - 0 1
1,1,0,0,0,0,0,1,-1,1,0,1,1,1,0,0,0,0,0,16,0,0,5,1,1,6,0,4,5,26,18,0,0,0,0,0,0,0,0,7,1,1,0,0,0,0,2,1,0,0,KRBKRNvK,DRAW,7B/8/7R/8/5nr1/8/1K6/6k1 w - - 0 1
1,1,0,0,0,0,0,1,-1,1,0,1,1,1,0,0,0,0,0,16,0,0,4,2,3,3,7,1,3,27,19,0,0,0,0,0,0,0,0,7,1,1,1,0,0,0,3,2,1,2,KRBKRNvK,DRAW,3k4/1R4B1/4r3/8/2K5/8/n7/8 w - - 0 1
0,1,0,0,0,0,0,1,-1,1,0,1,1,1,0,0,0,0,0,16,0,0,5,6,2,2,7,3,4,23,24,0,0,0,0,0,0,0,0,7,1,1,0,0,0,0,1,0,0,0,KRBKRNvK,DRAW,2k1n3/8/7r/8/8/3B2K1/8/3R4 b - - 0 1
1,1,0,0,0,0,0,1,-1,1,0,1,1,1,0,0,0,0,0,16,0,0,5,1,2,5,7,3,4,24,20,0,0,0,0,0,0,0,0,7,1,1,0,0,0,0,3,0,1,1,KRBKRNvK,DRAW,3n1kB1/8/8/8/4R3/1K6/8/r7 w - - 0 1
1,1,0,0,0,0,0,1,-1,1,0,1,1,1,0,0,0,0,0,16,0,0,7,3,7,7,0,3,6,20,18,0,0,0,0,0,0,0,0,7,1,1,0,0,0,0,0,2,0,0,KRBKRNvK,DRAW,3K4/7n/8/8/1r6/8/2R5/1B5k w - - 0 1
1,1,0,0,0,0,0,1,-1,1,0,1,1,1,0,0,0,0,0,16,0,0,5,7,2,2,1,4,3,6,0,1,0,0,0,0,0,0,0,7,1,1,1,0,0,0,1,3,0,0,KRBKRNvK,DRAW,1B6/5R2/8/8/8/1n2r2K/2k5/8 w - - 0 1
0,1,0,0,0,0,0,1,-1,1,0,1,1,1,0,0,0,0,0,16,0,0,5,1,4,6,7,2,5,14,27,0,0,0,0,0,0,0,0,7,1,1,0,1,0,0,2,0,1,0,KRBKRNvK,DRAW,6k1/1B6/7R/1K6/8/8/rn6/8 b - - 0 1
0,1,0,0,0,0,0,1,-1,1,0,1,1,1,0,0,0,0,0,16,0,0,5,0,7,4,2,6,1,22,24,0,0,0,0,0,0,0,0,7,1,1,0,0,0,0,0,3,0,0,KRBKRNvK,DRAW,K4B2/8/8/3n4/4r3/4k3/1R6/8 b - - 0 1
1,1,0,0,0,0,0,1,-1,1,0,1,1,1,0,0,0,0,0,16,0,0,2,7,3,6,1,3,4,2,0,1,0,0,0,0,0,0,0,7,1,1,0,0,0,0,2,2,0,1,KRBKRNvK,DRAW,8/8/3B2n1/R7/4r2K/8/6k1/8 w - - 0 1
1,1,0,0,0,0,0,1,-1,1,0,1,1,1,0,0,0,0,0,16,0,0,2,4,0,4,2,3,1,23,20,0,0,0,0,0,0,0,0,7,1,1,0,1,0,0,2,3,0,1,KRBKRNvK,WIN,5R2/6B1/8/8/n7/4k3/3r4/4K3 w - - 0 1
1,1,0,0,0,0,0,1,-1,1,0,1,1,1,0,0,0,0,0,16,0,0,5,2,0,7,4,4,3,20,25,0,0,0,0,0,0,0,0,7,1,1,1,0,0,0,1,2,0,0,KRBKRNvK,DRAW,8/1RB1r3/8/7k/2n5/8/8/2K5 w - - 0 1
0,1,0,0,0,0,0,1,-1,1,0,1,1,1,0,0,0,0,0,16,0,0,2,4,3,2,5,0,2,22,26,0,0,0,0,0,0,0,0,7,1,1,0,0,0,0,4,1,2,0,KRBKRNvK,DRAW,8/1r6/2k5/4R3/2B1K3/8/8/3n4 b - - 0 1
1,1,0,0,0,0,0,1,-1,1,0,1,1,1,0,0,0,0,0,16,0,0,5,1,0,0,5,5,4,4,0,1,0,0,0,0,0,0,0,7,1,1,0,0,0,0,3,2,0,1,KRBKRNvK,LOSS,8/5r2/k7/5R2/8/2n5/5B2/1K6 w - - 0 1
1,1,0,0,0,0,0,1,-1,1,0,1,1,1,0,0,0,0,0,16,0,0,5,0,3,5,3,3,1,19,22,0,0,0,0,0,0,0,0,7,1,1,1,0,0,0,2,2,0,0,KRBKRNvK,DRAW,B5n1/R7/8/8/K4k2/4r3/8/8 w - - 0 1
1,1,0,0,0,0,0,1,-1,1,0,1,1,1,0,0,0,0,0,16,0,0,3,2,4,4,7,1,3,29,21,0,0,0,0,0,0,0,0,7,1,1,0,0,0,0,3,2,1,1,KRBKRNvK,DRAW,4k3/4r3/6R1/2K5/8/7n/8/B7 w - - 0 1
0,1,0,0,0,0,0,1,-1,1,0,1,1,1,0,0,0,0,0,16,0,0,4,6,3,6,7,2,5,21,24,0,0,0,0,0,0,0,0,7,1,1,0,0,0,0,2,0,0,0,KRBKRNvK,DRAW,5nk1/2r5/8/7B/6K1/3R4/8/8 b - - 0 1
0,1,0,0,0,0,0,1,-1,1,0,1,1,1,0,0,0,0,0,16,0,0,7,7,7,0,6,6,5,17,20,0,0,0,0,0,0,0,0,7,1,1,0,0,0,0,0,2,0,0,KRBKRNvK,DRAW,4B2K/k7/r1n2R2/8/8/8/8/8 b - - 0 1
1,1,0,0,0,0,0,1,-1,1,0,1,1,1,0,0,0,0,0,16,0,0,5,5,4,0,3,1,3,28,22,0,0,0,0,0,0,0,0,7,1,1,1,0,0,0,3,2,0,1,KRBKRNvK,DRAW,4n3/2R5/4B3/5K2/k7/3r4/8/8 w - - 0 1
0,1,0,0,0,0,0,1,-1,1,0,1,1,1,0,0,0,0,0,16,0,0,3,4,4,1,2,0,3,22,19,0,0,0,0,0,0,0,0,7,1,1,0,0,0,0,4,0,1,0,KRBKRNvK,DRAW,1B6/7r/8/4K3/8/1k6/8/Rn6 b - - 0 1
1,1,0,0,0,0,0,1,-1,1,0,1,1,1,0,0,0,0,0,16,0,0,6,6,7,5,1,5,3,5,0,1,0,0,0,0,0,0,0,7,1,1,1,0,0,0,2,0,0,0,KRBKRNvK,DRAW,2r3K1/2B1R3/8/8/8/8/5k2/3n4 w - - 0 1
0,1,0,0,0,0,0,1,-1,1,0,1,1,1,0,0,0,0,0,16,0,0,3,7,3,4,5,3,1,27,24,0,0,0,0,0,0,0,0,7,1,1,0,0,0,0,0,2,0,1,KRBKRNvK,DRAW,8/3n4/4k3/B7/7K/5r2/1R6/8 b - - 0 1
1,1,0,0,0,0,0,1,-1,1,0,1,1,1,0,0,0,0,0,16,0,0,2,3,4,5,5,0,2,4,0,1,0,0,0,0,0,0,0,7,1,1,1,0,0,0,4,2,1,0,KRBKRNvK,DRAW,8/3R4/2B2k2/3K2r1/8/8/8/2n5 w - - 0 1
0,1,0,0,0,0,0,1,-1,1,0,1,1,1,0,0,0,0,0,16,0,0,6,6,5,0,1,3,5,21,21,0,0,0,0,0,0,0,0,7,1,1,0,0,0,0,0,0,0,0,KRBKRNvK,DRAW,8/8/6KR/8/8/1r6/k7/5Bn1 b - - 0 1
1,1,0,0,0,0,0,1,-1,1,0,1,1,1,0,0,0,0,0,16,0,0,4,4,4,6,0,0,5,5,0,1,0,0,0,0,0,0,0,7,1,1,0,1,0,0,4,2,0,0,KRBKRNvK,DRAW,7R/8/8/4K2n/5B2/8/4r3/6k1 w - - 0 1
0,1,0,0,0,0,0,1,-1,1,0,1,1,1,0,0,0,0,0,16,0,0,4,0,1,1,5,5,3,23,27,0,0,0,0,0,0,0,0,7,1,1,0,0,0,0,0,2,0,0,KRBKRNvK,DRAW,8/8/1k2r3/8/8/7R/K2B4/3n4 b - - 0 1
0,1,0,0,0,0,0,1,-1,1,0,1,1,1,0,0,0,0,0,16,0,0,4,7,1,4,5,5,1,17,26,0,0,0,0,0,0,0,0,7,1,1,0,0,0,0,2,2,1,0,KRBKRNvK,DRAW,4r3/5n2/4k3/8/3R4/B7/7K/8 b - - 0 1
0,1,0,0,0,0,0,1,-1,1,0,1,1,1,0,0,0,0,0,16,0,0,4,5,4,1,0,1,5,4,0,1,0,0,0,0,0,0,0,7,1,1,0,0,0,0,2,0,0,0,KRBKRNvK,DRAW,8/8/8/5K2/7B/1r6/6n1/1k4R1 b - - 0 1
0,1,0,0,0,0,0,1,-1,1,0,1,1,1,0,0,0,0,0,16,0,0,4,5,3,1,7,1,5,22,26,0,0,0,0,0,0,0,0,7,1,1,0,0,0,0,3,2,0,1,KRBKRNvK,DRAW,1k6/1n6/4r3/7R/5K2/8/8/5B2 b - - 0 1
0,1,0,0,0,0,0,1,-1,1,0,1,1,1,0,0,0,0,0,16,0,0,3,6,1,3,0,4,3,19,30,0,0,0,0,0,0,0,0,7,1,1,0,0,0,0,2,0,0,0,KRBKRNvK,DRAW,8/8/8/n1B5/7R/r7/6K1/3k4 b - - 0 1
0,1,0,0,0,0,0,1,-1,1,0,1,1,1,0,0,0,0,0,16,0,0,4,6,0,2,0,5,4,19,30,0,0,0,0,0,0,0,0,7,1,1,0,0,0,0,2,2,0,0,KRBKRNvK,DRAW,4R3/8/8/5B2/1r6/8/8/n1k3K1 b - - 0 1
0,1,0,0,0,0,0,1,-1,1,0,1,1,1,0,0,0,0,0,16,0,0,5,5,4,0,5,1,4,23,15,0,0,0,0,0,0,0,0,7,1,1,0,0,0,0,2,2,0,1,KRBKRNvK,DRAW,4n3/8/k7/5K2/6r1/8/8/1B3R2 b - - 0 1
0,1,0,0,0,0,0,1,-1,1,0,1,1,1,0,0,0,0,0,16,0,0,3,4,6,7,7,2,6,1,0,1,0,0,0,0,0,0,0,7,1,1,0,0,0,0,2,0,0,0,KRBKRNvK,LOSS,r6k/4K3/8/8/8/8/1B5R/7n b - - 0 1
0,1,0,0,0,0,0,1,-1,1,0,1,1,1,0,0,0,0,0,16,0,0,3,5,6,2,3,3,1,21,30,0,0,0,0,0,0,0,0,7,1,1,0,0,0,0,2,3,1,0,KRBKRNvK,DRAW,R7/5K2/8/2r5/2k3n1/8/1B6/8 b - - 0 1
1,1,0,0,0,0,0,1,-1,1,0,1,1,1,0,0,0,0,0,16,0,0,5,4,7,6,2,3,3,4,0,1,0,0,0,0,0,0,0,7,1,1,0,0,0,0,2,1,2,1,KRBKRNvK,DRAW,4K3/8/3n3r/8/6B1/6k1/4R3/8 w - - 0 1
1,1,0,0,0,0,0,1,-1,1,0,1,1,1,0,0,0,0,0,16,0,0,3,2,2,5,3,2,1,23,24,0,0,0,0,0,0,0,0,7,1,1,0,0,0,0,3,4,0,1,KRBKRNvK,DRAW,4B3/8/8/2R5/5k2/2K3n1/8/3r4 w - - 0 1
1,1,0,0,0,0,0,1,-1,1,0,1,1,1,0,0,0,0,0,16,0,0,3,4,0,1,3,3,2,24,23,0,0,0,0,0,0,0,0,7,1,1,0,0,0,0,3,1,1,1,KRBKRNvK,DRAW,2r5/8/4R3/8/1kB5/6n1/8/4K3 w - - 0 1
0,1,0,0,0,0,0,1,-1,1,0,1,1,1,0,0,0,0,0,16,0,0,3,1,6,4,4,4,0,5,0,1,0,0,0,0,0,0,0,7,1,1,0,0,0,0,3,3,0,1,KRBKRNvK,DRAW,8/1K6/3r4/4k3/8/7n/3R4/B7 b - - 0 1
0,1,0,0,0,0,0,1,-1,1,0,1,1,1,0,0,0,0,0,16,0,0,4,3,5,7,3,1,3,17,19,0,0,0,0,0,0,0,0,7,1,1,0,0,0,0,3,2,0,2,KRBKRNvK,DRAW,1r6/4B3/3K1n2/8/7k/3R4/8/8 b - - 0 1
0,1,0,0,0,0,0,1,-1,1,0,1,1,1,0,0,0,0,0,16,0,0,5,2,0,4,5,4,1,17,24,0,0,0,0,0,0,0,0,7,1,1,0,0,0,0,2,2,0,0,KRBKRNvK,DRAW,3n4/8/1B2k1r1/8/8/8/8/2KR4 b - - 0 1
0,1,0,0,0,0,0,1,-1,1,0,1,1,1,0,0,0,0,0,16,0,0,5,6,1,3,6,4,2,19,29,0,0,0,0,0,0,0,0,7,1,1,0,0,0,0,1,2,0,0,KRBKRNvK,DRAW,8/3k4/7R/n7/r7/8/6K1/1B6 b - - 0 1
0,1,0,0,0,0,0,1,-1,1,0,1,1,1,0,0,0,0,0,16,0,0,2,5,3,7,5,1,4,24,27,0,0,0,0,0,0,0,0,7,1,1,0,0,0,0,3,2,0,1,KRBKRNvK,DRAW,3r4/8/7k/8/4nK2/4B3/6R1/8 b - - 0 1
0,1,0,0,0,0,0,1,-1,1,0,1,1,1,0,0,0,0,0,16,0,0,5,0,7,2,2,6,2,25,20,0,0,0,0,0,0,0,0,7,1,1,0,0,0,0,0,3,0,0,KRBKRNvK,DRAW,K4R2/8/7B/1r2n3/8/2k5/8/8 b - - 0 1
0,1,0,0,0,0,0,1,-1,1,0,1,1,1,0,0,0,0,0,16,0,0,5,7,0,2,3,6,1,24,24,0,0,0,0,0,0,0,0,7,1,1,0,0,0,0,2,3,1,0,KRBKRNvK,DRAW,8/7n/8/1r6/2k5/7B/4R3/7K b - - 0 1
1,1,0,0,0,0,0,1,-1,1,0,1,1,1,0,0,0,0,0,16,0,0,6,6,3,0,3,2,3,26,23,0,0,0,0,0,0,0,0,7,1,1,1,0,0,0,2,2,0,0,KRBKRNvK,DRAW,2B5/4R3/3r4/8/k5K1/8/8/5n2 w - - 0 1
0,1,0,0,0,0,0,1,-1,1,0,1,1,1,0,0,0,0,0,16,0,0,6,7,4,1,2,3,3,6,0,1,0,0,0,0,0,0,0,7,1,1,0,0,0,0,2,0,1,1,KRBKRNvK,LOSS,8/1r6/8/7K/8/1k3B1n/8/1R6 b - - 0 1
1,1,0,0,0,0,0,1,-1,1,0,1,1,1,0,0,0,0,0,16,0,0,7,6,0,6,7,5,5,23,19,0,0,0,0,0,0,0,0,7,1,1,0,0,0,0,0,1,0,0,KRBKRNvK,DRAW,6k1/r7/8/B7/8/8/2n5/5RK1 w - - 0 1
1,1,0,0,0,0,0,1,-1,1,0,1,1,1,0,0,0,0,0,16,0,0,2,5,5,3,3,2,0,29,26,0,0,0,0,0,0,0,0,7,1,1,0,0,0,0,1,3,1,0,KRBKRNvK,DRAW,8/8/5K2/2n5/3k4/r7/3B4/1R6 w - - 0 1
1,1,0,0,0,0,0,1,-1,1,0,1,1,1,0,0,0,0,0,16,0,0,7,6,7,7,0,5,6,27,20,0,0,0,0,0,0,0,0,7,1,1,0,0,0,0,1,2,0,0,KRBKRNvK,DRAW,6K1/2n5/8/7r/2B5/8/1R6/7k w - - 0 1
1,1,0,0,0,0,0,1,-1,1,0,1,1,1,0,0,0,0,0,16,0,0,4,4,0,3,4,3,0,29,20,0,0,0,0,0,0,0,0,7,1,1,0,1,0,0,1,3,1,1,KRBKRNvK,DRAW,2n5/8/6R1/3k4/3B4/8/2r5/4K3 w - - 0 1
0,1,0,0,0,0,0,1,-1,1,0,1,1,1,0,0,0,0,0,16,0,0,4,2,1,6,1,3,4,6,0,1,0,0,0,0,0,0,0,7,1,1,0,0,0,0,2,2,1,0,KRBKRNvK,DRAW,4n3/8/8/r7/6R1/8/2KB2k1/8 b - - 0 1
1,1,0,0,0,0,0,1,-1,1,0,1,1,1,0,0,0,0,0,16,0,0,5,6,2,1,4,3,2,29,29,0,0,0,0,0,0,0,0,7,1,1,1,0,0,0,1,1,0,1,KRBKRNvK,DRAW,r7/5R2/8/1k6/8/4n1K1/2B5/8 w - - 0 1
0,1,0,0,0,0,0,1,-1,1,0,1,1,1,0,0,0,0,0,16,0,0,5,6,7,6,2,5,3,4,0,1,0,0,0,0,0,0,0,7,1,1,0,0,0,0,2,0,1,1,KRBKRNvK,DRAW,4n1K1/8/8/8/8/3R2k1/8/1r2B3 b - - 0 1
0,1,0,0,0,0,0,1,-1,1,0,1,1,1,0,0,0,0,0,16,0,0,5,2,2,1,7,2,5,6,0,1,0,0,0,0,0,0,0,7,1,1,0,0,0,0,2,2,0,0,KRBKRNvK,DRAW,1k3n2/4r3/7R/8/8/2K3B1/8/8 b - - 0 1
0,1,0,0,0,0,0,1,-1,1,0,1,1,1,0,0,0,0,0,16,0,0,6,7,4,1,5,3,3,30,26,0,0,0,0,0,0,0,0,7,1,1,0,0,0,0,1,0,0,0,KRBKRNvK,DRAW,8/7B/1k6/7K/3n4/r7/6R1/8 b - - 0 1
1,1,0,0,0,0,0,1,-1,1,0,1,1,1,0,0,0,0,0,16,0,0,4,4,0,2,4,3,1,3,0,1,0,0,0,0,0,0,0,7,1,1,0,0,0,0,0,3,1,0,KRBKRNvK,DRAW,5R2/5n2/B7/2k5/8/8/8/r3K3 w - - 0 1
0,1,0,0,0,0,0,1,-1,1,0,1,1,1,0,0,0,0,0,16,0,0,4,4,1,2,5,2,2,6,0,1,0,0,0,0,0,0,0,7,1,1,0,0,0,0,1,1,1,0,KRBKRNvK,DRAW,5r2/8/R1k5/8/8/8/2B1K3/1n6 b - - 0 1
1,1,0,0,0,0,0,1,-1,1,0,1,1,1,0,0,0,0,0,16,0,0,4,3,2,6,6,1,4,27,23,0,0,0,0,0,0,0,0,7,1,1,0,0,0,0,2,2,0,0,KRBKRNvK,DRAW,2n5/B5k1/R7/7r/8/3K4/8/8 w - - 0 1
0,1,0,0,0,0,0,1,-1,1,0,1,1,1,0,0,0,0,0,16,0,0,5,7,0,2,5,6,2,18,19,0,0,0,0,0,0,0,0,7,1,1,0,0,0,0,2,2,0,0,KRBKRNvK,DRAW,8/8/1rk5/7B/6n1/8/8/3R3K b - - 0 1
0,1,0,0,0,0,0,1,-1,1,0,1,1,1,0,0,0,0,0,16,0,0,5,1,3,6,5,2,3,17,31,0,0,0,0,0,0,0,0,7,1,1,0,0,0,0,1,2,0,0,KRBKRNvK,DRAW,8/7n/6k1/6r1/1K1B4/8/8/R7 b - - 0 1
1,1,0,0,0,0,0,1,-1,1,0,1,1,1,0,0,0,0,0,16,0,0,3,3,5,0,3,1,3,25,25,0,0,0,0,0,0,0,0,7,1,1,1,1,0,0,3,1,0,0,KRBKRNvK,DRAW,8/7R/3K4/8/k5n1/8/2r5/B7 w - - 0 1
0,1,0,0,0,0,0,1,-1,1,0,1,1,1,0,0,0,0,0,16,0,0,7,0,7,7,4,6,3,3,0,1,0,0,0,0,0,0,0,7,1,1,0,0,0,0,1,1,2,0,KRBKRNvK,DRAW,K7/4n3/8/7k/8/6BR/8/5r2 b - - 0 1
0,1,0,0,0,0,0,1,-1,1,0,1,1,1,0,0,0,0,0,16,0,0,3,0,7,3,4,6,0,4,0,1,0,0,0,0,0,0,0,7,1,1,0,0,0,0,1,3,1,0,KRBKRNvK,DRAW,K1R5/5B2/8/3k4/4r3/8/3n4/8 b - - 0 1
0,1,0,0,0,0,0,1,-1,1,0,1,1,1,0,0,0,0,0,16,0,0,5,5,4,0,7,1,6,20,28,0,0,0,0,0,0,0,0,7,1,1,0,1,0,0,4,0,0,0,KRBKRNvK,DRAW,k5n1/8/3R4/5K2/8/8/1r6/4B3 b - - 0 1
1,1,0,0,0,0,0,1,-1,1,0,1,1,1,0,0,0,0,0,16,0,0,7,0,2,7,1,4,5,5,0,1,0,0,0,0,0,0,0,7,1,1,0,0,0,0,2,2,0,0,KRBKRNvK,DRAW,8/8/8/3BR3/4n3/K2r4/7k/8 w - - 0 1
0,1,0,0,0,0,0,1,-1,1,0,1,1,1,0,0,0,0,0,16,0,0,3,3,5,6,6,1,4,22,27,0,0,0,0,0,0,0,0,7,1,1,0,0,0,0,3,0,1,0,KRBKRNvK,DRAW,8/6k1/3K4/4R3/6B1/8/8/2r1n3 b - - 0 1
0,1,0,0,0,0,0,1,-1,1,0,1,1,1,0,0,0,0,0,16,0,0,3,3,2,6,0,1,5,18,30,0,0,0,0,0,0,0,0,7,1,1,0,0,0,0,3,0,1,0,KRBKRNvK,DRAW,3R4/8/7r/8/8/3K1B2/8/6kn b - - 0 1
1,1,0,0,0,0,0,1,-1,1,0,1,1,1,0,0,0,0,0,16,0,0,3,0,6,3,3,5,0,24,21,0,0,0,0,0,0,0,0,7,1,1,0,0,0,0,2,3,0,0,KRBKRNvK,DRAW,8/K2nr3/8/6R1/3k4/8/8/3B4 w - - 0 1
1,1,0,0,0,0,0,1,-1,1,0,1,1,1,0,0,0,0,0,16,0,0,3,3,6,6,4,2,2,33,19,0,0,0,0,0,0,0,0,7,1,1,0,0,0,0,2,2,0,1,KRBKRNvK,DRAW,8/3K3n/R7/1r4k1/8/2B5/8/8 w - - 0 1
1,1,0,0,0,0,0,1,-1,1,0,1,1,1,0,0,0,0,0,16,0,0,6,1,2,7,4,3,3,28,11,0,0,0,0,0,0,0,0,7,1,1,1,0,0,0,1,0,1,0,KRBKRNvK,DRAW,3n3r/6R1/8/7k/8/1K6/8/6B1 w - - 0 1
0,1,0,0,0,0,0,1,-1,1,0,1,1,1,0,0,0,0,0,16,0,0,3,7,2,4,0,4,3,3,0,1,0,0,0,0,0,0,0,7,1,1,0,0,0,0,1,2,0,1,KRBKRNvK,DRAW,n5B1/8/8/6r1/8/7K/8/R3k3 b - - 0 1
1,1,0,0,0,0,0,1,-1,1,0,1,1,1,0,0,0,0,0,16,0,0,3,6,5,4,2,3,1,28,19,0,0,0,0,0,0,0,0,7,1,1,0,0,0,0,2,4,0,0,KRBKRNvK,DRAW,5R2/1B6/6K1/r7/8/4k3/n7/8 w - - 0 1
1,1,0,0,0,0,0,1,-1,1,0,1,1,1,0,0,0,0,0,16,0,0,3,3,7,0,6,3,5,4,0,1,0,0,0,0,0,0,0,7,1,1,0,0,0,0,3,2,0,2,KRBKRNvK,DRAW,3K1n2/k7/3r4/8/2R5/8/6B1/8 w - - 0 1
0,1,0,0,0,0,0,1,-1,1,0,1,1,1,0,0,0,0,0,16,0,0,2,2,4,4,6,1,2,26,19,0,0,0,0,0,0,0,0,7,1,1,0,0,0,0,3,3,0,0,KRBKRNvK,DRAW,8/4k2B/8/1RK5/8/8/5n2/3r4 b - - 0 1
0,1,0,0,0,0,0,1,-1,1,0,1,1,1,0,0,0,0,0,16,0,0,3,4,5,7,4,1,3,22,25,0,0,0,0,0,0,0,0,7,1,1,0,0,0,0,2,3,0,0,KRBKRNvK,DRAW,8/3B4/4K3/7k/7r/2n5/5R2/8 b - - 0 1
1,1,0,0,0,0,0,1,-1,1,0,1,1,1,0,0,0,0,0,16,0,0,2,6,5,7,3,3,3,25,15,0,0,0,0,0,0,0,0,7,1,1,1,0,0,0,1,1,1,0,KRBKRNvK,DRAW,8/2R5/6K1/8/7k/8/4n2B/4r3 w - - 0 1
0,1,0,0,0,0,0,1,-1,1,0,1,1,1,0,0,0,0,0,16,0,0,7,0,7,1,0,6,5,27,21,0,0,0,0,0,0,0,0,7,1,1,0,0,0,0,1,2,0,1,KRBKRNvK,DRAW,KB5R/8/2r5/8/8/5n2/8/1k6 b - - 0 1
1,1,0,0,0,0,0,1,-1,1,0,1,1,1,0,0,0,0,0,16,0,0,3,6,7,4,4,5,0,25,18,0,0,0,0,0,0,0,0,7,1,1,0,0,0,0,0,3,2,0,KRBKRNvK,DRAW,6K1/r2B4/2R5/4k3/8/8/8/4n3 w - - 0 1
1,1,0,0,0,0,0,1,-1,1,0,1,1,1,0,0,0,0,0,16,0,0,6,7,0,1,3,6,2,26,25,0,0,0,0,0,0,0,0,7,1,1,0,0,0,0,3,1,0,0,KRBKRNvK,DRAW,8/5r2/8/8/1k6/5B2/2n5/4R2K w - - 0 1
0,1,0,0,0,0,0,1,-1,1,0,1,1,1,0,0,0,0,0,16,0,0,4,1,4,5,0,2,4,19,28,0,0,0,0,0,0,0,0,7,1,1,0,1,0,0,0,2,0,0,KRBKRNvK,WIN,5B2/8/2R5/1K6/8/5n2/5r2/5k2 b - - 0 1
0,1,0,0,0,0,0,1,-1,1,0,1,1,1,0,0,0,0,0,16,0,0,3,0,6,1,3,5,2,22,28,0,0,0,0,0,0,0,0,7,1,1,0,0,0,0,2,2,0,0,KRBKRNvK,DRAW,8/K7/8/8/1k1r4/5B2/6R1/n7 b - - 0 1
1,1,0,0,0,0,0,1,-1,1,0,1,1,1,0,0,0,0,0,16,0,0,4,5,1,1,5,3,3,23,21,0,0,0,0,0,0,0,0,7,1,1,0,0,0,0,2,1,1,0,KRBKRNvK,DRAW,2B5/4n1r1/1k6/8/8/8/3R1K2/8 w - - 0 1
0,1,0,0,0,0,0,1,-1,1,0,1,1,1,0,0,0,0,0,16,0,0,4,2,4,6,1,1,4,6,0,1,0,0,0,0,0,0,0,7,1,1,0,0,0,0,2,0,0,0,KRBKRNvK,DRAW,5r2/8/8/2K5/2B5/8/R5k1/6n1 b - - 0 1
1,1,0,0,0,0,0,1,-1,1,0,1,1,1,0,0,0,0,0,16,0,0,6,5,6,0,0,3,6,31,20,0,0,0,0,0,0,0,0,7,1,1,0,0,0,0,3,2,0,0,KRBKRNvK,DRAW,8/1B3K2/8/2r5/8/3R4/7n/k7 w - - 0 1
0,1,0,0,0,0,0,1,-1,1,0,1,1,1,0,0,0,0,0,16,0,0,3,5,4,7,1,1,5,3,0,1,0,0,0,0,0,0,0,7,1,1,0,0,0,0,2,1,0,1,KRBKRNvK,DRAW,8/r7/3Bn3/5K2/8/8/7k/4R3 b - - 0 1
0,1,0,0,0,0,0,1,-1,1,0,1,1,1,0,0,0,0,0,16,0,0,3,7,0,4,1,6,2,24,27,0,0,0,0,0,0,0,0,7,1,1,0,1,0,0,3,1,0,0,KRBKRNvK,DRAW,8/8/3B4/6n1/7R/8/1r2k3/7K b - - 0 1
1,1,0,0,0,0,0,1,-1,1,0,1,1,1,0,0,0,0,0,16,0,0,5,2,2,7,7,2,6,31,18,0,0,0,0,0,0,0,0,7,1,1,0,0,0,0,1,1,0,0,KRBKRNvK,DRAW,7k/6r1/8/2B5/6n1/2K5/5R2/8 w - - 0 1
1,1,0,0,0,0,0,1,-1,1,0,1,1,1,0,0,0,0,0,16,0,0,4,5,3,1,6,1,4,28,16,0,0,0,0,0,0,0,0,7,1,1,0,0,0,0,2,0,0,0,KRBKRNvK,DRAW,2rn4/1k6/8/8/5K2/8/3B4/R7 w - - 0 1
1,1,0,0,0,0,0,1,-1,1,0,1,1,1,0,0,0,0,0,16,0,0,5,6,5,5,0,3,4,9,0,1,0,0,0,0,0,0,0,7,1,1,0,0,0,0,1,0,0,0,KRBKRNvK,DRAW,8/8/n5K1/8/5B1R/8/8/5kr1 w - - 0 1
0,1,0,0,0,0,0,1,-1,1,0,1,1,1,0,0,0,0,0,16,0,0,6,6,1,3,7,4,3,23,21,0,0,0,0,0,0,0,0,7,1,1,0,0,0,0,2,2,1,2,KRBKRNvK,DRAW,3k4/8/2B5/8/8/6nR/6K1/4r3 b - - 0 1
1,1,0,0,0,0,0,1,-1,1,0,1,1,1,0,0,0,0,0,16,0,0,7,0,4,7,6,3,5,18,17,0,0,0,0,0,0,0,0,7,1,1,0,0,0,0,0,0,1,0,KRBKRNvK,DRAW,R7/7k/7r/K6B/3n4/8/8/8 w - - 0 1
1,1,0,0,0,0,0,1,-1,1,0,1,1,1,0,0,0,0,0,16,0,0,4,4,5,1,1,1,4,23,25,0,0,0,0,0,0,0,0,7,1,1,0,0,0,0,3,0,0,0,KRBKRNvK,DRAW,7r/n7/3RK3/8/6B1/8/1k6/8 w - - 0 1
0,1,0,0,0,0,0,1,-1,1,0,1,1,1,0,0,0,0,0,16,0,0,3,5,6,2,3,3,1,15,28,0,0,0,0,0,0,0,0,7,1,1,0,0,0,0,1,2,1,0,KRBKRNvK,DRAW,8/5K2/1B4R1/8/r1k5/8/n7/8 b - - 0 1
0,1,0,0,0,0,0,1,-1,1,0,1,1,1,0,0,0,0,0,16,0,0,3,5,2,7,5,2,4,17,29,0,0,0,0,0,0,0,0,7,1,1,0,0,0,0,3,2,0,1,KRBKRNvK,DRAW,n7/8/4B2k/7r/8/5K2/4R3/8 b - - 0 1
0,1,0,0,0,0,0,1,-1,1,0,1,1,1,0,0,0,0,0,16,0,0,5,0,1,1,6,5,4,6,0,1,0,0,0,0,0,0,0,7,1,1,1,0,0,0,2,0,1,0,KRBKRNvK,DRAW,2r5/1k1R2n1/8/8/8/8/K7/4B3 b - - 0 1
1,1,0,0,0,0,0,1,-1,1,0,1,1,1,0,0,0,0,0,16,0,0,5,3,5,6,0,1,5,26,17,0,0,0,0,0,0,0,0,7,1,1,0,0,0,0,2,0,1,0,KRBKRNvK,DRAW,n7/8/3K4/8/8/1B5R/8/2r3k1 w - - 0 1
1,1,0,0,0,0,0,1,-1,1,0,1,1,1,0,0,0,0,0,16,0,0,2,4,3,2,4,0,1,24,26,0,0,0,0,0,0,0,0,7,1,1,0,0,0,0,4,3,1,1,KRBKRNvK,DRAW,R7/7r/2B5/2k5/2n1K3/8/8/8 w - - 0 1
1,1,0,0,0,0,0,1,-1,1,0,1,1,1,0,0,0,0,0,16,0,0,5,2,7,2,2,4,2,26,23,0,0,0,0,0,0,0,0,7,1,1,0,0,0,0,2,3,0,0,KRBKRNvK,DRAW,2K5/8/8/7r/6R1/2k5/2n5/5B2 w - - 0 1
0,1,0,0,0,0,0,1,-1,1,0,1,1,1,0,0,0,0,0,16,0,0,6,2,7,4,1,4,2,6,0,1,0,0,0,0,0,0,0,7,1,1,0,1,0,0,1,0,1,0,KRBKRNvK,DRAW,2K5/8/8/8/3B4/8/1R2k1r1/1n6 b - - 0 1
0,1,0,0,0,0,0,1,-1,1,0,1,1,1,0,0,0,0,0,16,0,0,4,5,5,1,4,2,2,8,0,1,0,0,0,0,0,0,0,7,1,1,0,0,0,0,2,3,0,2,KRBKRNvK,DRAW,8/5n2/5K2/1k3R2/3r4/8/7B/8 b - - 0 1
0,1,0,0,0,0,0,1,-1,1,0,1,1,1,0,0,0,0,0,16,0,0,4,2,6,0,2,3,4,19,31,0,0,0,0,0,0,0,0,7,1,1,0,0,0,0,1,0,1,0,KRBKRNvK,DRAW,8/2K5/5r2/7n/4B3/k7/8/1R6 b - - 0 1
1,1,0,0,0,0,0,1,-1,1,0,1,1,1,0,0,0,0,0,16,0,0,6,3,6,3,0,2,3,29,19,0,0,0,0,0,0,0,0,7,1,1,0,0,0,0,3,2,0,0,KRBKRNvK,DRAW,4R3/3K4/2B5/8/6r1/8/7n/3k4 w - - 0 1
0,1,0,0,0,0,0,1,-1,1,0,1,1,1,0,0,0,0,0,16,0,0,6,1,4,7,5,2,4,2,0,1,0,0,0,0,0,0,0,7,1,1,0,0,0,0,0,0,1,0,KRBKRNvK,DRAW,5n1R/8/7k/1K6/8/8/3B4/6r1 b - - 0 1
0,1,0,0,0,0,0,1,-1,1,0,1,1,1,0,0,0,0,0,16,0,0,5,5,5,2,0,2,4,22,21,0,0,0,0,0,0,0,0,7,1,1,0,0,0,0,1,3,1,0,KRBKRNvK,DRAW,8/6B1/5K2/8/1n6/R7/8/2k1r3 b - - 0 1
0,1,0,0,0,0,0,1,-1,1,0,1,1,1,0,0,0,0,0,16,0,0,2,4,0,6,2,3,3,25,25,0,0,0,0,0,0,0,0,7,1,1,0,0,0,0,0,1,0,0,KRBKRNvK,DRAW,8/1r6/8/2n5/8/6k1/R7/2B1K3 b - - 0 1
1,1,0,0,0,0,0,1,-1,1,0,1,1,1,0,0,0,0,0,16,0,0,4,3,5,6,1,1,4,25,22,0,0,0,0,0,0,0,0,7,1,1,0,1,0,0,3,1,0,0,KRBKRNvK,DRAW,8/8/3K4/B7/8/1n6/5rk1/3R4 w - - 0 1
0,1,0,0,0,0,0,1,-1,1,0,1,1,1,0,0,0,0,0,16,0,0,4,7,7,3,5,6,1,28,24,0,0,0,0,0,0,0,0,7,1,1,0,0,0,0,2,3,0,0,KRBKRNvK,DRAW,7K/8/3k4/6n1/6R1/3B4/8/r7 b - - 0 1
0,1,0,0,0,0,0,1,-1,1,0,1,1,1,0,0,0,0,0,16,0,0,3,4,6,1,3,2,2,25,22,0,0,0,0,0,0,0,0,7,1,1,0,0,0,0,2,0,0,0,KRBKRNvK,DRAW,8/4K3/8/8/1k6/r7/4R3/4nB2 b - - 0 1
0,1,0,0,0,0,0,1,-1,1,0,1,1,1,0,0,0,0,0,16,0,0,6,6,6,0,0,4,6,19,29,0,0,0,0,0,0,0,0,7,1,1,0,0,0,0,1,2,0,0,KRBKRNvK,DRAW,8/6K1/8/3B4/n6r/5R2/8/k7 b - - 0 1
1,1,0,0,0,0,0,1,-1,1,0,1,1,1,0,0,0,0,0,16,0,0,5,1,0,3,5,5,1,26,22,0,0,0,0,0,0,0,0,7,1,1,0,0,0,0,2,4,0,0,KRBKRNvK,DRAW,8/5n2/3k4/7R/5r2/8/8/1K3B2 w - - 0 1
0,1,0,0,0,0,0,1,-1,1,0,1,1,1,0,0,0,0,0,16,0,0,3,2,4,5,7,1,4,3,0,1,0,0,0,0,0,0,0,7,1,1,0,0,0,0,3,2,0,0,KRBKRNvK,DRAW,1R3k2/8/7r/2K5/8/5n2/8/1B6 b - - 0 1
1,1,0,0,0,0,0,1,-1,1,0,1,1,1,0,0,0,0,0,16,0,0,5,2,1,7,1,3,5,6,0,1,0,0,0,0,0,0,0,7,1,1,0,1,0,0,2,1,0,1,KRBKRNvK,DRAW,8/3B1n2/8/8/8/4R3/r1K4k/8 w - - 0 1
1,1,0,0,0,0,0,1,-1,1,0,1,1,1,0,0,0,0,0,16,0,0,6,6,1,0,1,4,5,28,21,0,0,0,0,0,0,0,0,7,1,1,0,0,0,0,2,0,0,0,KRBKRNvK,DRAW,8/2r5/8/n7/8/3R4/k5K1/6B1 w - - 0 1
1,1,0,0,0,0,0,1,-1,1,0,1,1,1,0,0,0,0,0,16,0,0,4,2,0,6,4,4,2,24,19,0,0,0,0,0,0,0,0,7,1,1,1,1,0,0,0,0,1,1,KRBKRNvK,DRAW,8/2R5/8/6k1/6B1/8/6r1/2K1n3 w - - 0 1
1,1,0,0,0,0,0,1,-1,1,0,1,1,1,0,0,0,0,0,16,0,0,4,4,0,0,3,3,3,27,24,0,0,0,0,0,0,0,0,7,1,1,1,0,0,0,3,2,0,0,KRBKRNvK,DRAW,8/3R4/8/5n2/k5r1/6B1/8/4K3 w - - 0 1
1,1,0,0,0,0,0,1,-1,1,0,1,1,1,0,0,0,0,0,16,0,0,6,7,4,1,4,3,2,21,21,0,0,0,0,0,0,0,0,7,1,1,0,0,0,0,2,0,0,0,KRBKRNvK,DRAW,8/8/n7/1k5K/8/4R3/8/r5B1 w - - 0 1
0,1,0,0,0,0,0,1,-1,1,0,1,1,1,0,0,0,0,0,16,0,0,4,5,4,1,0,1,5,14,27,0,0,0,0,0,0,0,0,7,1,1,0,1,0,0,3,1,0,0,KRBKRNvK,DRAW,8/B7/8/5K2/R7/8/1rn5/1k6 b - - 0 1
1,1,0,0,0,0,0,1,-1,1,0,1,1,1,0,0,0,0,0,16,0,0,5,2,4,7,4,1,3,6,0,1,0,0,0,0,0,0,0,7,1,1,0,0,0,0,2,3,0,0,KRBKRNvK,DRAW,8/8/5n2/2K2r1k/B7/2R5/8/8 w - - 0 1
1,1,0,0,0,0,0,1,-1,1,0,1,1,1,0,0,0,0,0,16,0,0,6,0,1,6,5,5,3,28,24,0,0,0,0,0,0,0,0,7,1,1,1,0,0,0,1,2,1,1,KRBKRNvK,DRAW,8/7R/6k1/2Br4/2n5/8/K7/8 w - - 0 1
0,1,0,0,0,0,0,1,-1,1,0,1,1,1,0,0,0,0,0,16,0,0,2,0,3,0,5,3,4,19,20,0,0,0,0,0,0,0,0,7,1,1,0,0,0,0,0,0,0,2,KRBKRNvK,DRAW,8/8/k1r5/n7/K5B1/8/8/R7 b - - 0 1
0,1,0,0,0,0,0,1,-1,1,0,1,1,1,0,0,0,0,0,16,0,0,3,4,0,2,3,3,1,20,25,0,0,0,0,0,0,0,0,7,1,1,0,0,0,0,3,2,2,0,KRBKRNvK,DRAW,6n1/3r4/2B5/1R6/2k5/8/8/4K3 b - - 0 1
0,1,0,0,0,0,0,1,-1,1,0,1,1,1,0,0,0,0,0,16,0,0,7,7,0,0,7,6,6,3,0,1,0,0,0,0,0,0,0,7,1,1,0,0,0,0,0,1,0,0,KRBKRNvK,DRAW,k2R4/8/r2n4/8/7B/8/8/7K b - - 0 1
1,1,0,0,0,0,0,1,-1,1,0,1,1,1,0,0,0,0,0,16,0,0,5,1,2,1,7,3,5,29,22,0,0,0,0,0,0,0,0,7,1,1,0,0,0,0,3,2,0,0,KRBKRNvK,DRAW,1k6/6B1/8/5r2/7n/1K2R3/8/8 w - - 0 1
0,1,0,0,0,0,0,1,-1,1,0,1,1,1,0,0,0,0,0,16,0,0,6,0,7,0,1,6,5,20,23,0,0,0,0,0,0,0,0,7,1,1,0,1,0,0,3,0,0,0,KRBKRNvK,DRAW,K2R4/7B/8/8/8/n7/k5r1/8 b - - 0 1
1,1,0,0,0,0,0,1,-1,1,0,1,1,1,0,0,0,0,0,16,0,0,2,1,3,1,1,2,4,32,19,0,0,0,0,0,0,0,0,7,1,1,0,0,0,0,2,2,0,1,KRBKRNvK,DRAW,8/8/3r4/7R/1K2B3/8/1k6/3n4 w - - 0 1
0,1,0,0,0,0,0,1,-1,1,0,1,1,1,0,0,0,0,0,16,0,0,7,7,0,0,5,6,4,21,24,0,0,0,0,0,0,0,0,7,1,1,0,0,0,0,2,0,0,0,KRBKRNvK,DRAW,1r6/8/k7/n2R4/8/8/8/4B2K b - - 0 1
1,1,0,0,0,0,0,1,-1,1,0,1,1,1,0,0,0,0,0,16,0,0,5,2,2,3,7,2,3,32,22,0,0,0,0,0,0,0,0,7,1,1,0,0,0,0,3,0,0,1,KRBKRNvK,DRAW,1n1k4/8/8/5R2/4B3/2K5/8/r7 w - - 0 1
1,1,0,0,0,0,0,1,-1,1,0,1,1,1,0,0,0,0,0,16,0,0,2,2,3,4,2,1,1,4,0,1,0,0,0,0,0,0,0,7,1,1,0,0,0,0,2,3,0,2,KRBKRNvK,DRAW,8/8/7R/7B/2Kr4/4k3/2n5/8 w - - 0 1
1,1,0,0,0,0,0,1,-1,1,0,1,1,1,0,0,0,0,0,16,0,0,2,3,5,1,3,1,2,7,0,1,0,0,0,0,0,0,0,7,1,1,0,0,0,0,2,0,1,1,KRBKRNvK,DRAW,5R2/8/3K4/8/1kB1n3/8/8/r7 w - - 0 1
0,1,0,0,0,0,0,1,-1,1,0,1,1,1,0,0,0,0,0,16,0,0,7,3,0,4,7,3,3,18,21,0,0,0,0,0,0,0,0,7,1,1,0,0,0,0,2,1,1,0,KRBKRNvK,DRAW,3Bk3/2n4r/8/8/8/8/3R4/3K4 b - - 0 1
0,1,0,0,0,0,0,1,-1,1,0,1,1,1,0,0,0,0,0,16,0,0,7,7,6,0,0,5,6,16,25,0,0,0,0,0,0,0,0,7,1,1,0,1,0,0,2,0,0,0,KRBKRNvK,DRAW,8/7K/n7/8/8/4R2B/r7/k7 b - - 0 1
1,1,0,0,0,0,0,1,-1,1,0,1,1,1,0,0,0,0,0,16,0,0,5,1,5,4,0,3,3,29,19,0,0,0,0,0,0,0,0,7,1,1,0,1,0,0,1,2,0,0,KRBKRNvK,DRAW,4n3/8/1KR5/8/3B4/8/4r3/4k3 w - - 0 1
0,1,0,0,0,0,0,1,-1,1,0,1,1,1,0,0,0,0,0,16,0,0,6,1,1,7,1,4,5,3,0,1,0,0,0,0,0,0,0,7,1,1,0,0,0,0,2,2,1,1,KRBKRNvK,DRAW,8/8/8/7R/5r2/1n6/1K5k/5B2 b - - 0 1
0,1,0,0,0,0,0,1,-1,1,0,1,1,1,0,0,0,0,0,16,0,0,4,3,1,7,2,2,4,19,23,0,0,0,0,0,0,0,0,7,1,1,0,0,0,0,2,1,1,2,KRBKRNvK,DRAW,8/8/8/1B4R1/8/2rn3k/3K4/8 b - - 0 1
1,1,0,0,0,0,0,1,-1,1,0,1,1,1,0,0,0,0,0,16,0,0,6,5,6,0,0,3,6,23,18,0,0,0,0,0,0,0,0,7,1,1,0,1,0,0,0,0,0,0,KRBKRNvK,DRAW,5R2/3B1K2/8/8/8/8/1n5r/k7 w - - 0 1
0,1,0,0,0,0,0,1,-1,1,0,1,1,1,0,0,0,0,0,16,0,0,5,2,0,7,1,4,5,4,0,1,0,0,0,0,0,0,0,7,1,1,0,0,0,0,1,3,1,0,KRBKRNvK,DRAW,8/8/3B4/8/5r2/5n2/5R1k/2K5 b - - 0 1
1,1,0,0,0,0,0,1,-1,1,0,1,1,1,0,0,0,0,0,16,0,0,6,1,7,0,1,5,5,4,0,1,0,0,0,0,0,0,0,7,1,1,0,0,0,0,0,1,1,0,KRBKRNvK,DRAW,1K3r2/8/R5n1/8/B7/8/k7/8 w - - 0 1
1,1,0,0,0,0,0,1,-1,1,0,1,1,1,0,0,0,0,0,16,0,0,3,5,5,6,2,2,3,5,0,1,0,0,0,0,0,0,0,7,1,1,0,0,0,0,3,1,0,1,KRBKRNvK,DRAW,5r2/2n5/5KB1/1R6/8/6k1/8/8 w - - 0 1
0,1,0,0,0,0,0,1,-1,1,0,1,1,1,0,0,0,0,0,16,0,0,5,2,7,0,2,4,4,21,25,0,0,0,0,0,0,0,0,7,1,1,0,0,0,0,1,0,0,1,KRBKRNvK,DRAW,2K2R2/1r6/7n/3B4/8/k7/8/8 b - - 0 1
0,1,0,0,0,0,0,1,-1,1,0,1,1,1,0,0,0,0,0,16,0,0,5,2,7,4,2,4,1,14,32,0,0,0,0,0,0,0,0,7,1,1,0,0,0,0,1,2,1,0,KRBKRNvK,DRAW,2K5/8/6R1/3B4/8/4k3/8/4rn2 b - - 0 1
1,1,0,0,0,0,0,1,-1,1,0,1,1,1,0,0,0,0,0,16,0,0,5,1,5,5,0,3,4,26,23,0,0,0,0,0,0,0,0,7,1,1,1,0,0,0,1,0,0,1,KRBKRNvK,DRAW,6B1/6R1/1K6/8/3n4/5r2/8/5k2 w - - 0 1
0,1,0,0,0,0,0,1,-1,1,0,1,1,1,0,0,0,0,0,16,0,0,3,3,3,0,3,0,3,18,22,0,0,0,0,0,0,0,0,7,1,1,0,0,0,0,4,2,0,0,KRBKRNvK,DRAW,5R2/6B1/8/r7/k2K4/8/8/4n3 b - - 0 1
0,1,0,0,0,0,0,1,-1,1,0,1,1,1,0,0,0,0,0,16,0,0,6,5,7,2,1,4,3,18,26,0,0,0,0,0,0,0,0,7,1,1,1,0,0,0,0,1,0,0,KRBKRNvK,DRAW,5K2/7R/8/B7/6n1/8/2k5/2r5 b - - 0 1
0,1,0,0,0,0,0,1,-1,1,0,1,1,1,0,0,0,0,0,16,0,0,3,7,2,6,5,4,3,26,20,0,0,0,0,0,0,0,0,7,1,1,0,0,0,0,2,2,0,0,KRBKRNvK,DRAW,8/8/6k1/3r4/3n4/7K/3R3B/8 b - - 0 1
0,1,0,0,0,0,0,1,-1,1,0,1,1,1,0,0,0,0,0,16,0,0,7,1,7,0,0,5,6,3,0,1,0,0,0,0,0,0,0,7,1,1,0,0,0,0,2,0,0,1,KRBKRNvK,DRAW,1K1n4/8/5BR1/8/8/8/8/k1r5 b - - 0 1
1,1,0,0,0,0,0,1,-1,1,0,1,1,1,0,0,0,0,0,16,0,0,4,6,5,7,1,3,5,7,0,1,0,0,0,0,0,0,0,7,1,1,0,0,0,0,0,2,0,1,KRBKRNvK,DRAW,8/8/B5K1/4n3/r7/1R6/7k/8 w - - 0 1
0,1,0,0,0,0,0,1,-1,1,0,1,1,1,0,0,0,0,0,16,0,0,3,1,3,1,0,2,5,4,0,1,0,0,0,0,0,0,0,7,1,1,0,0,0,0,0,0,1,0,KRBKRNvK,DRAW,n7/r7/8/8/1K6/1R6/4B3/1k6 b - - 0 1
0,1,0,0,0,0,0,1,-1,1,0,1,1,1,0,0,0,0,0,16,0,0,5,4,7,1,2,3,3,6,0,1,0,0,0,0,0,0,0,7,1,1,0,0,0,0,3,2,0,1,KRBKRNvK,DRAW,3nK3/8/1B6/1r6/8/1k2R3/8/8 b - - 0 1
0,1,0,0,0,0,0,1,-1,1,0,1,1,1,0,0,0,0,0,16,0,0,2,4,2,2,2,1,2,2,0,1,0,0,0,0,0,0,0,7,1,1,0,0,0,0,2,2,1,1,KRBKRNvK,DRAW,1R1n4/8/8/8/6r1/2k1K3/3B4/8 b - - 0 1
0,1,0,0,0,0,0,1,-1,1,0,1,1,1,0,0,0,0,0,16,0,0,3,5,0,6,3,4,2,7,0,1,0,0,0,0,0,0,0,7,1,1,0,0,0,0,2,2,0,0,KRBKRNvK,DRAW,2B1R1r1/8/5n2/8/6k1/8/8/5K2 b - - 0 1
0,1,0,0,0,0,0,1,-1,1,0,1,1,1,0,0,0,0,0,16,0,0,6,1,0,7,2,5,4,26,24,0,0,0,0,0,0,0,0,7,1,1,1,1,0,0,1,1,0,1,KRBKRNvK,DRAW,8/R7/1B6/8/5n2/7k/2r5/1K6 b - - 0 1
0,1,0,0,0,0,0,1,-1,1,0,1,1,1,0,0,0,0,0,16,0,0,4,4,2,0,6,1,5,5,0,1,0,0,0,0,0,0,0,7,1,1,1,0,0,0,2,1,0,1,KRBKRNvK,DRAW,8/k4R2/8/6B1/8/4K3/4n3/1r6 b - - 0 1
0,1,0,0,0,0,0,1,-1,1,0,1,1,1,0,0,0,0,0,16,0,0,3,2,1,2,4,3,1,5,0,1,0,0,0,0,0,0,0,7,1,1,0,0,0,0,0,3,0,1,KRBKRNvK,DRAW,2R5/8/8/1rk5/7B/3n4/2K5/8 b - - 0 1
1,1,0,0,0,0,0,1,-1,1,0,1,1,1,0,0,0,0,0,16,0,0,7,7,7,0,3,6,3,25,27,0,0,0,0,0,0,0,0,7,1,1,0,0,0,0,0,0,0,0,KRBKRNvK,DRAW,5R1K/8/8/6B1/k3n3/8/8/1r6 w - - 0 1
1,1,0,0,0,0,0,1,-1,1,0,1,1,1,0,0,0,0,0,16,0,0,3,6,5,3,2,3,1,6,0,1,0,0,0,0,0,0,0,7,1,1,1,0,0,0,0,2,0,1,KRBKRNvK,DRAW,2r4n/6R1/6K1/8/6B1/3k4/8/8 w - - 0 1
1,1,0,0,0,0,0,1,-1,1,0,1,1,1,0,0,0,0,0,16,0,0,2,4,3,2,2,0,2,26,17,0,0,0,0,0,0,0,0,7,1,1,0,1,0,0,4,1,0,1,KRBKRNvK,DRAW,8/8/7R/n4B2/4K3/2k5/2r5/8 w - - 0 1
1,1,0,0,0,0,0,1,-1,1,0,1,1,1,0,0,0,0,0,16,0,0,4,0,1,4,1,5,2,22,23,0,0,0,0,0,0,0,0,7,1,1,0,0,0,0,4,0,1,0,KRBKRNvK,DRAW,6rB/8/n7/8/3R4/8/K3k3/8 w - - 0 1
0,1,0,0,0,0,0,1,-1,1,0,1,1,1,0,0,0,0,0,16,0,0,6,0,3,6,0,3,5,26,18,0,0,0,0,0,0,0,0,7,1,1,0,0,0,0,0,1,0,1,KRBKRNvK,DRAW,3R4/8/B2n4/8/K7/2r5/8/6k1 b - - 0 1
0,1,0,0,0,0,0,1,-1,1,0,1,1,1,0,0,0,0,0,16,0,0,2,6,2,6,4,3,2,21,25,0,0,0,0,0,0,0,0,7,1,1,0,0,0,0,1,2,0,0,KRBKRNvK,DRAW,5R2/8/1n1r4/6k1/8/6K1/8/6B1 b - - 0 1
0,1,0,0,0,0,0,1,-1,1,0,1,1,1,0,0,0,0,0,16,0,0,4,4,1,6,5,2,3,23,22,0,0,0,0,0,0,0,0,7,1,1,0,0,0,0,2,0,0,0,KRBKRNvK,DRAW,5n2/5r2/6k1/8/8/8/R3K3/7B b - - 0 1
0,1,0,0,0,0,0,1,-1,1,0,1,1,1,0,0,0,0,0,16,0,0,2,2,3,2,1,1,3,13,25,0,0,0,0,0,0,0,0,7,1,1,0,0,0,0,2,0,1,0,KRBKRNvK,DRAW,7r/7n/7R/8/2K5/B7/2k5/8 b - - 0 1
1,1,0,0,0,0,0,1,-1,1,0,1,1,1,0,0,0,0,0,16,0,0,2,4,0,2,1,3,3,2,0,1,0,0,0,0,0,0,0,7,1,1,0,0,0,0,1,3,1,1,KRBKRNvK,DRAW,1R6/8/8/8/2r5/3nB3/2k5/4K3 w - - 0 1
0,1,0,0,0,0,0,1,-1,1,0,1,1,1,0,0,0,0,0,16,0,0,5,3,6,6,1,2,4,26,22,0,0,0,0,0,0,0,0,7,1,1,1,0,0,0,1,2,0,0,KRBKRNvK,DRAW,8/2RK1B2/8/8/4r3/8/6k1/3n4 b - - 0 1
1,1,0,0,0,0,0,1,-1,1,0,1,1,1,0,0,0,0,0,16,0,0,2,5,0,6,2,4,3,27,21,0,0,0,0,0,0,0,0,7,1,1,0,0,0,0,2,1,1,0,KRBKRNvK,DRAW,R7/8/5r2/5n2/8/5Bk1/8/5K2 w - - 0 1
1,1,0,0,0,0,0,1,-1,1,0,1,1,1,0,0,0,0,0,16,0,0,2,1,3,3,5,2,1,23,20,0,0,0,0,0,0,0,0,7,1,1,0,1,0,0,3,2,0,1,KRBKRNvK,DRAW,B7/8/3k4/8/1K5R/8/2r5/n7 w - - 0 1
0,1,0,0,0,0,0,1,-1,1,0,1,1,1,0,0,0,0,0,16,0,0,2,5,4,5,2,1,2,20,18,0,0,0,0,0,0,0,0,7,1,1,0,0,0,0,3,1,0,0,KRBKRNvK,DRAW,n7/8/B7/R4K2/8/5k2/8/6r1 b - - 0 1
1,1,0,0,0,0,0,1,-1,1,0,1,1,1,0,0,0,0,0,16,0,0,2,4,4,2,6,0,3,24,17,0,0,0,0,0,0,0,0,7,1,1,0,0,0,0,3,0,0,0,KRBKRNvK,DRAW,4n3/2k4r/8/4K3/7B/6R1/8/8 w - - 0 1
0,1,0,0,0,0,0,1,-1,1,0,1,1,1,0,0,0,0,0,16,0,0,3,5,1,2,3,3,1,23,28,0,0,0,0,0,0,0,0,7,1,1,0,0,0,0,2,3,0,0,KRBKRNvK,DRAW,2B5/8/8/r7/2k5/8/5K2/n3R3 b - - 0 1
1,1,0,0,0,0,0,1,-1,1,0,1,1,1,0,0,0,0,0,16,0,0,5,0,6,5,2,5,2,25,20,0,0,0,0,0,0,0,0,7,1,1,0,1,0,0,3,1,1,0,KRBKRNvK,DRAW,7n/K7/8/8/3R4/2B2k2/6r1/8 w - - 0 1
1,1,0,0,0,0,0,1,-1,1,0,1,1,1,0,0,0,0,0,16,0,0,3,5,3,2,1,1,3,26,27,0,0,0,0,0,0,0,0,7,1,1,0,0,0,0,3,2,0,0,KRBKRNvK,DRAW,8/B3n3/7R/r7/5K2/8/2k5/8 w - - 0 1
1,1,0,0,0,0,0,1,-1,1,0,1,1,1,0,0,0,0,0,16,0,0,5,3,1,3,6,2,2,31,15,0,0,0,0,0,0,0,0,7,1,1,0,0,0,0,1,0,1,0,KRBKRNvK,DRAW,8/3k4/1R6/8/5Br1/8/3K4/7n w - - 0 1
0,1,0,0,0,0,0,1,-1,1,0,1,1,1,0,0,0,0,0,16,0,0,4,5,6,4,2,3,1,6,0,1,0,0,0,0,0,0,0,7,1,1,0,1,0,0,1,2,0,1,KRBKRNvK,DRAW,8/5Kn1/1B4R1/8/8/4k3/6r1/8 b - - 0 1
1,1,0,0,0,0,0,1,-1,1,0,1,1,1,0,0,0,0,0,16,0,0,7,1,0,1,7,5,5,4,0,1,0,0,0,0,0,0,0,7,1,1,0,0,0,0,2,2,0,1,KRBKRNvK,DRAW,1k6/8/8/3R4/8/2n3r1/7B/1K6 w - - 0 1
1,1,0,0,0,0,0,1,-1,1,0,1,1,1,0,0,0,0,0,16,0,0,2,6,0,4,0,5,3,24,22,0,0,0,0,0,0,0,0,7,1,1,0,0,0,0,3,3,0,0,KRBKRNvK,DRAW,8/5B2/8/r7/5R2/8/3n4/4k1K1 w - - 0 1
0,1,0,0,0,0,0,1,-1,1,0,1,1,1,0,0,0,0,0,16,0,0,5,2,6,1,1,3,4,23,25,0,0,0,0,0,0,0,0,7,1,1,1,0,0,0,2,2,0,0,KRBKRNvK,DRAW,8/R1K5/2B5/5r2/8/8/nk6/8 b - - 0 1
1,1,0,0,0,0,0,1,-1,1,0,1,1,1,0,0,0,0,0,16,0,0,5,5,7,4,2,4,1,23,20,0,0,0,0,0,0,0,0,7,1,1,0,0,0,0,0,3,0,0,KRBKRNvK,DRAW,2B2K2/2n5/8/8/8/4k1r1/R7/8 w - - 0 1
0,1,0,0,0,0,0,1,-1,1,0,1,1,1,0,0,0,0,0,16,0,0,4,3,2,1,6,1,4,21,32,0,0,0,0,0,0,0,0,7,1,1,0,0,0,0,3,1,0,0,KRBKRNvK,DRAW,3r4/1k1n4/8/8/5R2/2BK4/8/8 b - - 0 1
0,1,0,0,0,0,0,1,-1,1,0,1,1,1,0,0,0,0,0,16,0,0,5,0,1,0,6,5,5,4,0,1,0,0,0,0,0,0,0,7,1,1,1,0,0,0,0,3,1,1,KRBKRNvK,DRAW,8/k5R1/8/B7/3r4/1n6/K7/8 b - - 0 1
1,1,0,0,0,0,0,1,-1,1,0,1,1,1,0,0,0,0,0,16,0,0,5,6,2,5,7,3,4,7,0,1,0,0,0,0,0,0,0,7,1,1,0,0,0,0,0,3,0,1,KRBKRNvK,DRAW,5k2/8/4r3/8/8/6K1/3Bn3/R7 w - - 0 1
0,1,0,0,0,0,0,1,-1,1,0,1,1,1,0,0,0,0,0,16,0,0,6,6,1,0,1,4,5,23,22,0,0,0,0,0,0,0,0,7,1,1,0,0,0,0,2,0,0,0,KRBKRNvK,DRAW,8/8/n7/B7/6R1/2r5/k5K1/8 b - - 0 1
0,1,0,0,0,0,0,1,-1,1,0,1,1,1,0,0,0,0,0,16,0,0,3,4,2,1,0,1,5,4,0,1,0,0,0,0,0,0,0,7,1,1,1,0,0,0,2,0,1,0,KRBKRNvK,DRAW,n6r/1R6/8/8/8/4K3/8/1k1B4 b - - 0 1
0,1,0,0,0,0,0,1,-1,1,0,1,1,1,0,0,0,0,0,16,0,0,3,4,3,2,0,0,4,6,0,1,0,0,0,0,0,0,0,7,1,1,0,0,0,0,3,2,0,1,KRBKRNvK,DRAW,2R5/8/B7/r7/4K3/3n4/8/2k5 b - - 0 1
1,1,0,0,0,0,0,1,-1,1,0,1,1,1,0,0,0,0,0,16,0,0,6,1,3,7,5,2,4,29,21,0,0,0,0,0,0,0,0,7,1,1,0,0,0,0,0,2,0,0,KRBKRNvK,DRAW,2B4n/8/7k/8/1K6/8/R7/4r3 w - - 0 1
0,1,0,0,0,0,0,1,-1,1,0,1,1,1,0,0,0,0,0,16,0,0,6,6,5,0,1,3,5,19,32,0,0,0,0,0,0,0,0,7,1,1,0,0,0,0,3,2,0,0,KRBKRNvK,DRAW,n3R3/8/5BK1/8/1r6/8/k7/8 b - - 0 1
1,1,0,0,0,0,0,1,-1,1,0,1,1,1,0,0,0,0,0,16,0,0,7,7,3,0,5,3,4,20,22,0,0,0,0,0,0,0,0,7,1,1,0,0,0,0,0,3,0,0,KRBKRNvK,DRAW,7R/8/k7/1n2r3/7K/8/8/3B4 w - - 0 1
1,1,0,0,0,0,0,1,-1,1,0,1,1,1,0,0,0,0,0,16,0,0,3,4,3,7,0,0,6,6,0,1,0,0,0,0,0,0,0,7,1,1,0,0,0,0,4,2,0,0,KRBKRNvK,DRAW,5n2/4r3/B7/8/4K3/8/4R3/7k w - - 0 1
1,1,0,0,0,0,0,1,-1,1,0,1,1,1,0,0,0,0,0,16,0,0,3,6,7,5,4,5,1,29,20,0,0,0,0,0,0,0,0,7,1,1,0,0,0,0,2,2,2,0,KRBKRNvK,DRAW,6K1/8/2r2B2/5k2/8/6R1/8/4n3 w - - 0 1
0,1,0,0,0,0,0,1,-1,1,0,1,1,1,0,0,0,0,0,16,0,0,4,6,5,6,1,3,4,27,20,0,0,0,0,0,0,0,0,7,1,1,1,0,0,0,1,3,0,0,KRBKRNvK,DRAW,3r4/2B3R1/6K1/8/8/5n2/6k1/8 b - - 0 1
1,1,0,0,0,0,0,1,-1,1,0,1,1,1,0,0,0,0,0,16,0,0,6,0,1,1,7,5,5,26,22,0,0,0,0,0,0,0,0,7,1,1,1,0,0,0,2,2,2,0,KRBKRNvK,DRAW,1k6/1BR5/8/8/7r/8/K4n2/8 w - - 0 1
0,1,0,0,0,0,0,1,-1,1,0,1,1,1,0,0,0,0,0,16,0,0,6,3,0,1,6,3,4,6,0,1,0,0,0,0,0,0,0,7,1,1,0,0,0,0,0,2,0,0,KRBKRNvK,DRAW,4r3/1k6/8/8/8/1R4n1/7B/3K4 b - - 0 1
0,1,0,0,0,0,0,1,-1,1,0,1,1,1,0,0,0,0,0,16,0,0,4,3,4,4,0,0,3,19,24,0,0,0,0,0,0,0,0,7,1,1,0,0,0,0,3,2,0,1,KRBKRNvK,DRAW,8/4r3/5R1B/3K4/8/n7/8/4k3 b - - 0 1
1,1,0,0,0,0,0,1,-1,1,0,1,1,1,0,0,0,0,0,16,0,0,5,5,3,0,7,1,6,4,0,1,0,0,0,0,0,0,0,7,1,1,0,0,0,0,2,1,0,1,KRBKRNvK,DRAW,k7/8/5r2/2n5/5K2/6R1/8/5B2 w - - 0 1
0,1,0,0,0,0,0,1,-1,1,0,1,1,1,0,0,0,0,0,16,0,0,3,0,6,3,7,5,3,20,23,0,0,0,0,0,0,0,0,7,1,1,1,0,0,0,1,2,1,0,KRBKRNvK,DRAW,3k4/KR6/7n/6r1/8/8/8/1B6 b - - 0 1
0,1,0,0,0,0,0,1,-1,1,0,1,1,1,0,0,0,0,0,16,0,0,2,2,7,3,5,4,1,23,20,0,0,0,0,0,0,0,0,7,1,1,0,0,0,0,1,3,0,1,KRBKRNvK,WIN,2K5/8/2nk2r1/8/8/8/1R6/1B6 b - - 0 1
0,1,0,0,0,0,0,1,-1,1,0,1,1,1,0,0,0,0,0,16,0,0,4,6,3,5,7,2,4,24,33,0,0,0,0,0,0,0,0,7,1,1,0,0,0,0,3,1,1,0,KRBKRNvK,DRAW,5k2/1r6/4R3/8/2n3K1/2B5/8/8 b - - 0 1
0,1,0,0,0,0,0,1,-1,1,0,1,1,1,0,0,0,0,0,16,0,0,5,5,5,0,0,2,6,21,28,0,0,0,0,0,0,0,0,7,1,1,0,0,0,0,2,0,0,0,KRBKRNvK,DRAW,5R2/8/5K2/3B4/8/1r6/8/k4n2 b - - 0 1
0,1,0,0,0,0,0,1,-1,1,0,1,1,1,0,0,0,0,0,16,0,0,2,1,1,3,2,4,1,24,19,0,0,0,0,0,0,0,0,7,1,1,0,0,0,0,0,2,0,0,KRBKRNvK,DRAW,r7/6n1/8/8/7B/3k4/1K6/7R b - - 0 1
0,1,0,0,0,0,0,1,-1,1,0,1,1,1,0,0,0,0,0,16,0,0,3,3,1,6,3,2,2,20,17,0,0,0,0,0,0,0,0,7,1,1,0,0,0,0,0,1,0,0,KRBKRNvK,DRAW,8/8/1n6/8/6kr/8/2RK4/1B6 b - - 0 1
0,1,0,0,0,0,0,1,-1,1,0,1,1,1,0,0,0,0,0,16,0,0,7,5,7,4,0,4,3,21,23,0,0,0,0,0,0,0,0,7,1,1,0,0,0,0,1,2,0,1,KRBKRNvK,DRAW,5Kn1/5B2/8/4r3/8/1R6/8/4k3 b - - 0 1
0,1,0,0,0,0,0,1,-1,1,0,1,1,1,0,0,0,0,0,16,0,0,5,3,0,6,5,3,3,6,0,1,0,0,0,0,0,0,0,7,1,1,0,0,0,0,2,0,1,1,KRBKRNvK,LOSS,4B1n1/8/6k1/8/8/1r1R4/8/3K4 b - - 0 1
1,1,0,0,0,0,0,1,-1,1,0,1,1,1,0,0,0,0,0,16,0,0,4,2,7,6,3,4,2,24,19,0,0,0,0,0,0,0,0,7,1,1,0,0,0,0,2,1,1,0,KRBKRNvK,DRAW,R1K5/8/5B2/8/6k1/8/2n5/2r5 w - - 0 1
0,1,0,0,0,0,0,1,-1,1,0,1,1,1,0,0,0,0,0,16,0,0,3,7,6,7,3,5,3,24,25,0,0,0,0,0,0,0,0,7,1,1,0,0,0,0,1,3,0,1,KRBKRNvK,DRAW,8/7K/R2B4/5r2/7k/1n6/8/8 b - - 0 1
0,1,0,0,0,0,0,1,-1,1,0,1,1,1,0,0,0,0,0,16,0,0,5,1,4,6,0,2,5,23,22,0,0,0,0,0,0,0,0,7,1,1,0,0,0,0,2,0,0,0,KRBKRNvK,DRAW,3n4/8/B7/1K6/4R3/7r/8/6k1 b - - 0 1
0,1,0,0,0,0,0,1,-1,1,0,1,1,1,0,0,0,0,0,16,0,0,6,1,6,3,0,4,3,20,27,0,0,0,0,0,0,0,0,7,1,1,0,0,0,0,2,2,0,0,KRBKRNvK,DRAW,8/1K6/8/6B1/5R2/3r4/8/n2k4 b - - 0 1
1,1,0,0,0,0,0,1,-1,1,0,1,1,1,0,0,0,0,0,16,0,0,2,2,4,0,6,1,5,26,20,0,0,0,0,0,0,0,0,7,1,1,0,0,0,0,3,2,0,1,KRBKRNvK,DRAW,8/k3B3/8/2K5/3R4/4r3/8/1n6 w - - 0 1
1,1,0,0,0,0,0,1,-1,1,0,1,1,1,0,0,0,0,0,16,0,0,3,1,6,2,3,4,1,4,0,1,0,0,0,0,0,0,0,7,1,1,1,1,0,0,1,2,0,0,KRBKRNvK,DRAW,8/1K2n2R/8/8/2k5/8/1r5B/8 w - - 0 1
0,1,0,0,0,0,0,1,-1,1,0,1,1,1,0,0,0,0,0,16,0,0,3,7,0,7,3,6,3,20,24,0,0,0,0,0,0,0,0,7,1,1,0,0,0,0,3,2,1,0,KRBKRNvK,DRAW,4R3/7n/8/8/2r4k/8/6B1/7K b - - 0 1
0,1,0,0,0,0,0,1,-1,1,0,1,1,1,0,0,0,0,0,16,0,0,4,5,5,1,5,2,3,5,0,1,0,0,0,0,0,0,0,7,1,1,0,1,0,0,3,1,1,0,KRBKRNvK,DRAW,5B2/8/1k1R1K2/2n5/8/8/7r/8 b - - 0 1
0,1,0,0,0,0,0,1,-1,1,0,1,1,1,0,0,0,0,0,16,0,0,5,5,0,1,5,4,3,5,0,1,0,0,0,0,0,0,0,7,1,1,0,0,0,0,1,2,1,1,KRBKRNvK,DRAW,1B6/8/1k6/3r4/8/8/8/1R2nK2 b - - 0 1
1,1,0,0,0,0,0,1,-1,1,0,1,1,1,0,0,0,0,0,16,0,0,2,4,4,6,3,0,2,5,0,1,0,0,0,0,0,0,0,7,1,1,1,0,0,0,4,2,1,0,KRBKRNvK,DRAW,8/R7/8/1r2K3/6k1/8/1n5B/8 w - - 0 1
1,1,0,0,0,0,0,1,-1,1,0,1,1,1,0,0,0,0,0,16,0,0,2,2,7,2,5,4,2,2,0,1,0,0,0,0,0,0,0,7,1,1,0,0,0,0,3,2,0,1,KRBKRNvK,LOSS,2K5/8/2kn2r1/5R2/8/4B3/8/8 w - - 0 1
0,1,0,0,0,0,0,1,-1,1,0,1,1,1,0,0,0,0,0,16,0,0,4,2,7,6,3,4,2,29,23,0,0,0,0,0,0,0,0,7,1,1,0,0,0,0,2,3,0,0,KRBKRNvK,DRAW,2K5/1B6/R7/8/2n3k1/3r4/8/8 b - - 0 1
1,1,0,0,0,0,0,1,-1,1,0,1,1,1,0,0,0,0,0,16,0,0,5,2,1,7,6,3,5,28,23,0,0,0,0,0,0,0,0,7,1,1,0,0,0,0,2,2,0,0,KRBKRNvK,DRAW,8/7k/2n5/8/3BR3/8/2K5/7r w - - 0 1
0,1,0,0,0,0,0,1,-1,1,0,1,1,1,0,0,0,0,0,16,0,0,3,1,6,4,4,4,0,4,0,1,0,0,0,0,0,0,0,7,1,1,0,0,0,0,1,3,1,1,KRBKRNvK,DRAW,8/1K6/2r1n3/4k3/8/6B1/5R2/8 b - - 0 1
1,1,0,0,0,0,0,1,-1,1,0,1,1,1,0,0,0,0,0,16,0,0,5,0,4,5,1,3,3,24,17,0,0,0,0,0,0,0,0,7,1,1,0,0,0,0,1,0,0,0,KRBKRNvK,DRAW,8/8/6Br/K7/8/R7/5k2/2n5 w - - 0 1
0,1,0,0,0,0,0,1,-1,1,0,1,1,1,0,0,0,0,0,16,0,0,2,0,4,2,4,3,1,4,0,1,0,0,0,0,0,0,0,7,1,1,1,0,0,0,3,3,1,0,KRBKRNvK,DRAW,8/4R3/8/K1kr4/8/8/8/1n4B1 b - - 0 1
1,1,0,0,0,0,0,1,-1,1,0,1,1,1,0,0,0,0,0,16,0,0,4,2,2,0,6,2,5,27,22,0,0,0,0,0,0,0,0,7,1,1,0,0,0,0,2,0,0,1,KRBKRNvK,DRAW,7r/k7/8/8/8/2KB1R2/8/2n5 w - - 0 1
1,1,0,0,0,0,0,1,-1,1,0,1,1,1,0,0,0,0,0,16,0,0,2,0,3,2,5,3,2,24,23,0,0,0,0,0,0,0,0,7,1,1,0,0,0,0,2,2,0,0,KRBKRNvK,DRAW,7B/8/2k5/8/K7/3n2r1/8/1R6 w - - 0 1
1,1,0,0,0,0,0,1,-1,1,0,1,1,1,0,0,0,0,0,16,0,0,6,1,1,2,7,4,4,21,27,0,0,0,0,0,0,0,0,7,1,1,0,0,0,0,0,1,0,0,KRBKRNvK,DRAW,2k5/8/8/5n2/RB6/8/1K6/7r w - - 0 1
0,1,0,0,0,0,0,1,-1,1,0,1,1,1,0,0,0,0,0,16,0,0,5,3,1,6,6,2,4,22,30,0,0,0,0,0,0,0,0,7,1,1,0,0,0,0,1,0,0,0,KRBKRNvK,DRAW,8/nr4k1/8/8/8/6B1/3K4/2R5 b - - 0 1
1,1,0,0,0,0,0,1,-1,1,0,1,1,1,0,0,0,0,0,16,0,0,6,1,4,7,4,2,3,26,25,0,0,0,0,0,0,0,0,7,1,1,1,0,0,0,2,2,1,1,KRBKRNvK,DRAW,8/R5B1/3r4/1K3n1k/8/8/8/8 w - - 0 1
0,1,0,0,0,0,0,1,-1,1,0,1,1,1,0,0,0,0,0,16,0,0,4,0,7,4,7,6,3,4,0,1,0,0,0,0,0,0,0,7,1,1,0,1,0,0,3,0,0,1,KRBKRNvK,DRAW,K3k3/7B/n7/8/4R3/8/6r1/8 b - - 0 1
0,1,0,0,0,0,0,1,-1,1,0,1,1,1,0,0,0,0,0,16,0,0,3,6,3,5,0,2,4,5,0,1,0,0,0,0,0,0,0,7,1,1,1,0,0,0,0,2,0,1,KRBKRNvK,LOSS,8/2r4R/8/1B6/6K1/5n2/8/5k2 b - - 0 1
1,1,0,0,0,0,0,1,-1,1,0,1,1,1,0,0,0,0,0,16,0,0,5,4,0,4,5,3,1,3,0,1,0,0,0,0,0,0,0,7,1,1,0,0,0,0,2,2,1,0,KRBKRNvK,DRAW,5B2/7n/4k3/8/8/3R4/8/4K2r w - - 0 1
1,1,0,0,0,0,0,1,-1,1,0,1,1,1,0,0,0,0,0,16,0,0,2,5,3,7,2,1,4,20,22,0,0,0,0,0,0,0,0,7,1,1,1,0,0,0,4,1,1,0,KRBKRNvK,DRAW,8/3R4/1n6/8/5K2/2r4k/7B/8 w - - 0 1
1,1,0,0,0,0,0,1,-1,1,0,1,1,1,0,0,0,0,0,16,0,0,4,6,0,2,1,5,3,25,30,0,0,0,0,0,0,0,0,7,1,1,0,0,0,0,3,3,0,0,KRBKRNvK,DRAW,B7/3r4/8/6R1/2n5/8/2k5/6K1 w - - 0 1
1,1,0,0,0,0,0,1,-1,1,0,1,1,1,0,0,0,0,0,16,0,0,2,7,3,5,1,3,3,3,0,1,0,0,0,0,0,0,0,7,1,1,0,0,0,0,2,3,1,1,KRBKRNvK,DRAW,8/8/6n1/4B3/2r3RK/8/5k2/8 w - - 0 1
0,1,0,0,0,0,0,1,-1,1,0,1,1,1,0,0,0,0,0,16,0,0,3,5,5,2,4,2,1,28,21,0,0,0,0,0,0,0,0,7,1,1,0,0,0,0,2,3,0,2,KRBKRNvK,DRAW,4R3/3r4/5K1B/2k3n1/8/8/8/8 b - - 0 1
0,1,0,0,0,0,0,1,-1,1,0,1,1,1,0,0,0,0,0,16,0,0,2,3,4,3,2,0,1,17,24,0,0,0,0,0,0,0,0,7,1,1,0,0,0,0,4,2,1,0,KRBKRNvK,DRAW,1r4n1/8/8/3K4/8/3k1B2/6R1/8 b - - 0 1
1,1,0,0,0,0,0,1,-1,1,0,1,1,1,0,0,0,0,0,16,0,0,4,6,0,2,3,5,1,25,22,0,0,0,0,0,0,0,0,7,1,1,0,0,0,0,2,2,1,0,KRBKRNvK,DRAW,8/8/r7/6R1/2k5/1n6/3B4/6K1 w - - 0 1
0,1,0,0,0,0,0,1,-1,1,0,1,1,1,0,0,0,0,0,16,0,0,4,0,5,0,1,4,5,23,23,0,0,0,0,0,0,0,0,7,1,1,0,0,0,0,2,2,0,1,KRBKRNvK,DRAW,8/1B6/K5R1/8/2r5/8/k5n1/8 b - - 0 1
0,1,0,0,0,0,0,1,-1,1,0,1,1,1,0,0,0,0,0,16,0,0,3,2,1,5,4,3,1,4,0,1,0,0,0,0,0,0,0,7,1,1,0,0,0,0,3,3,1,0,KRBKRNvK,DRAW,8/8/8/2R2k2/6r1/4B1n1/2K5/8 b - - 0 1
0,1,0,0,0,0,0,1,-1,1,0,1,1,1,0,0,0,0,0,16,0,0,2,1,0,2,2,5,2,4,0,1,0,0,0,0,0,0,0,7,1,1,0,0,0,0,0,1,1,0,KRBKRNvK,DRAW,8/r7/8/4n3/8/2k5/1B5R/1K6 b - - 0 1
0,1,0,0,0,0,0,1,-1,1,0,1,1,1,0,0,0,0,0,16,0,0,6,0,6,6,5,5,3,27,21,0,0,0,0,0,0,0,0,7,1,1,0,0,0,0,1,2,0,1,KRBKRNvK,DRAW,1B6/K7/1n4k1/7r/8/1R6/8/8 b - - 0 1
0,1,0,0,0,0,0,1,-1,1,0,1,1,1,0,0,0,0,0,16,0,0,6,3,7,2,1,3,3,26,23,0,0,0,0,0,0,0,0,7,1,1,1,0,0,0,1,3,0,0,KRBKRNvK,DRAW,1B1K4/R7/8/8/4r3/4n3/2k5/8 b - - 0 1
1,1,0,0,0,0,0,1,-1,1,0,1,1,1,0,0,0,0,0,16,0,0,7,0,4,7,5,3,4,25,19,0,0,0,0,0,0,0,0,7,1,1,0,1,0,0,2,2,1,0,KRBKRNvK,DRAW,8/8/7k/K5R1/8/8/B3r3/4n3 w - - 0 1
1,1,0,0,0,0,0,1,-1,1,0,1,1,1,0,0,0,0,0,16,0,0,4,1,7,1,3,5,2,23,29,0,0,0,0,0,0,0,0,7,1,1,0,0,0,0,1,3,0,0,KRBKRNvK,DRAW,1K3R2/7B/4n3/6r1/1k6/8/8/8 w - - 0 1
0,1,0,0,0,0,0,1,-1,1,0,1,1,1,0,0,0,0,0,16,0,0,3,7,4,4,4,3,0,4,0,1,0,0,0,0,0,0,0,7,1,1,1,0,0,0,1,3,2,0,KRBKRNvK,LOSS,8/nr3RB1/8/4k2K/8/8/8/8 b - - 0 1
1,1,0,0,0,0,0,1,-1,1,0,1,1,1,0,0,0,0,0,16,0,0,5,1,0,1,5,5,3,25,25,0,0,0,0,0,0,0,0,7,1,1,0,0,0,0,3,2,0,0,KRBKRNvK,DRAW,4R3/8/1k6/r7/8/8/1B6/1K3n2 w - - 0 1
0,1,0,0,0,0,0,1,-1,1,0,1,1,1,0,0,0,0,0,16,0,0,2,2,3,0,2,1,4,14,30,0,0,0,0,0,0,0,0,7,1,1,0,0,0,0,3,0,0,0,KRBKRNvK,DRAW,7R/n7/8/8/2K2B2/k7/8/r7 b - - 0 1
1,1,0,0,0,0,0,1,-1,1,0,1,1,1,0,0,0,0,0,16,0,0,3,5,4,5,7,1,4,24,22,0,0,0,0,0,0,0,0,7,1,1,0,0,0,0,3,2,0,1,KRBKRNvK,WIN,B3nk2/8/8/5K2/8/3r4/5R2/8 w - - 0 1
0,1,0,0,0,0,0,1,-1,1,0,1,1,1,0,0,0,0,0,16,0,0,4,5,3,1,7,1,5,4,0,1,0,0,0,0,0,0,0,7,1,1,0,0,0,0,2,2,0,1,KRBKRNvK,DRAW,1k5R/8/r4n2/3B4/5K2/8/8/8 b - - 0 1
0,1,0,0,0,0,0,1,-1,1,0,1,1,1,0,0,0,0,0,16,0,0,6,6,7,0,2,5,4,21,26,0,0,0,0,0,0,0,0,7,1,1,0,0,0,0,2,0,0,1,KRBKRNvK,DRAW,6K1/6n1/8/8/8/k6B/4R3/1r6 b - - 0 1
1,1,0,0,0,0,0,1,-1,1,0,1,1,1,0,0,0,0,0,16,0,0,4,3,5,7,1,1,5,26,21,0,0,0,0,0,0,0,0,7,1,1,0,0,0,0,2,0,0,1,KRBKRNvK,DRAW,8/5r2/3K4/7n/8/1R6/7k/4B3 w - - 0 1
1,1,0,0,0,0,0,1,-1,1,0,1,1,1,0,0,0,0,0,16,0,0,5,0,4,5,7,3,4,29,18,0,0,0,0,0,0,0,0,7,1,1,0,0,0,0,2,0,0,0,KRBKRNvK,DRAW,5k2/7r/8/K3R3/2B5/8/8/6n1 w - - 0 1
1,1,0,0,0,0,0,1,-1,1,0,1,1,1,0,0,0,0,0,16,0,0,2,1,5,3,4,3,0,6,0,1,0,0,0,0,0,0,0,7,1,1,0,0,0,0,2,4,1,2,KRBKRNvK,DRAW,1n6/8/1K1r4/3k4/2R5/8/8/2B5 w - - 0 1
0,1,0,0,0,0,0,1,-1,1,0,1,1,1,0,0,0,0,0,16,0,0,2,6,2,6,0,3,5,20,13,0,0,0,0,0,0,0,0,7,1,1,0,0,0,0,0,2,1,1,KRBKRNvK,DRAW,8/8/2n4B/8/8/6KR/8/5rk1 b - - 0 1
0,1,0,0,0,0,0,1,-1,1,0,1,1,1,0,0,0,0,0,16,0,0,4,6,7,2,6,5,3,5,0,1,0,0,0,0,0,0,0,7,1,1,1,0,0,0,1,1,1,0,KRBKRNvK,DRAW,6K1/R1k4B/2r5/8/8/8/4n3/8 b - - 0 1
0,1,0,0,0,0,0,1,-1,1,0,1,1,1,0,0,0,0,0,16,0,0,2,1,2,1,0,3,5,18,30,0,0,0,0,0,0,0,0,7,1,1,0,0,0,0,2,2,0,0,KRBKRNvK,DRAW,7R/n2r4/8/8/8/1K3B2/8/1k6 b - - 0 1
0,1,0,0,0,0,0,1,-1,1,0,1,1,1,0,0,0,0,0,16,0,0,3,1,4,1,7,2,5,4,0,1,0,0,0,0,0,0,0,7,1,1,0,0,0,0,0,2,0,1,KRBKRNvK,DRAW,1k2R3/4B3/3r4/1K6/8/8/7n/8 b - - 0 1
1,1,0,0,0,0,0,1,-1,1,0,1,1,1,0,0,0,0,0,16,0,0,2,5,5,3,5,2,1,5,0,1,0,0,0,0,0,0,0,7,1,1,0,0,0,0,1,4,0,1,KRBKRNvK,LOSS,8/8/3k1K2/3n4/1r5B/2R5/8/8 w - - 0 1
1,1,0,0,0,0,0,1,-1,1,0,1,1,1,0,0,0,0,0,16,0,0,5,4,0,5,5,3,2,24,22,0,0,0,0,0,0,0,0,7,1,1,0,0,0,0,2,1,1,1,KRBKRNvK,WIN,8/8/2r2k2/8/7R/8/5B2/2n1K3 w - - 0 1
1,1,0,0,0,0,0,1,-1,1,0,1,1,1,0,0,0,0,0,16,0,0,4,3,2,7,4,1,3,5,0,1,0,0,0,0,0,0,0,7,1,1,0,0,0,0,3,3,1,1,KRBKRNvK,DRAW,3r4/8/8/2n4k/8/3K2R1/8/B7 w - - 0 1
1,1,0,0,0,0,0,1,-1,1,0,1,1,1,0,0,0,0,0,16,0,0,3,2,3,0,6,1,5,30,20,0,0,0,0,0,0,0,0,7,1,1,0,0,0,0,2,2,0,1,KRBKRNvK,DRAW,5R2/k2r4/8/4B3/n1K5/8/8/8 w - - 0 1
0,1,0,0,0,0,0,1,-1,1,0,1,1,1,0,0,0,0,0,16,0,0,3,1,4,4,5,2,1,22,23,0,0,0,0,0,0,0,0,7,1,1,0,0,0,0,1,4,1,2,KRBKRNvK,DRAW,5R2/8/4k3/1Kn5/2r5/8/5B2/8 b - - 0 1
1,1,0,0,0,0,0,1,-1,1,0,1,1,1,0,0,0,0,0,16,0,0,3,3,2,3,5,1,1,27,19,0,0,0,0,0,0,0,0,7,1,1,0,0,0,0,3,3,1,0,KRBKRNvK,DRAW,2R5/8/1r1k4/8/8/3K2n1/8/7B w - - 0 1
0,1,0,0,0,0,0,1,-1,1,0,1,1,1,0,0,0,0,0,16,0,0,3,3,1,6,1,2,4,5,0,1,0,0,0,0,0,0,0,7,1,1,0,0,0,0,2,3,0,1,KRBKRNvK,DRAW,4r3/1B6/8/8/8/8/2nK2k1/3R4 b - - 0 1
1,1,0,0,0,0,0,1,-1,1,0,1,1,1,0,0,0,0,0,16,0,0,3,4,4,3,7,0,3,25,23,0,0,0,0,0,0,0,0,7,1,1,0,0,0,0,3,2,0,0,KRBKRNvK,DRAW,3k4/8/8/4K3/1r6/4B1R1/8/5n2 w - - 0 1
1,1,0,0,0,0,0,1,-1,1,0,1,1,1,0,0,0,0,0,16,0,0,4,2,6,6,2,3,3,26,21,0,0,0,0,0,0,0,0,7,1,1,0,0,0,0,2,2,2,1,KRBKRNvK,DRAW,8/2K5/8/3r4/4R1Bn/6k1/8/8 w - - 0 1
1,1,0,0,0,0,0,1,-1,1,0,1,1,1,0,0,0,0,0,16,0,0,6,6,4,0,0,2,6,27,20,0,0,0,0,0,0,0,0,7,1,1,1,0,0,0,1,2,0,1,KRBKRNvK,DRAW,8/7R/8/6K1/3r4/3B2n1/8/k7 w - - 0 1
0,1,0,0,0,0,0,1,-1,1,0,1,1,1,0,0,0,0,0,16,0,0,7,0,5,7,6,4,5,22,19,0,0,0,0,0,0,0,0,7,1,1,0,0,0,0,0,1,1,0,KRBKRNvK,DRAW,3B4/7k/K4R2/8/8/1r6/3n4/8 b - - 0 1
1,1,0,0,0,0,0,1,-1,1,0,1,1,1,0,0,0,0,0,16,0,0,7,7,4,0,1,3,5,3,0,1,0,0,0,0,0,0,0,7,1,1,0,0,0,0,2,1,1,1,KRBKRNvK,DRAW,8/7r/5B2/1n5K/8/1R6/k7/8 w - - 0 1
0,1,0,0,0,0,0,1,-1,1,0,1,1,1,0,0,0,0,0,16,0,0,2,2,0,0,2,4,4,17,24,0,0,0,0,0,0,0,0,7,1,1,0,0,0,0,1,2,1,1,KRBKRNvK,DRAW,8/8/4r3/8/8/k7/1R6/1nK3B1 b - - 0 1
1,1,0,0,0,0,0,1,-1,1,0,1,1,1,0,0,0,0,0,16,0,0,4,6,2,2,1,3,3,18,22,0,0,0,0,0,0,0,0,7,1,1,0,0,0,0,1,0,0,0,KRBKRNvK,DRAW,1B6/7r/8/8/8/n5K1/2k5/6R1 w - - 0 1
0,1,0,0,0,0,0,1,-1,1,0,1,1,1,0,0,0,0,0,16,0,0,4,1,3,5,3,2,1,28,22,0,0,0,0,0,0,0,0,7,1,1,1,1,0,0,2,3,0,1,KRBKRNvK,DRAW,4B3/3R4/8/8/1K3k2/4n3/2r5/8 b - - 0 1
1,1,0,0,0,0,0,1,-1,1,0,1,1,1,0,0,0,0,0,16,0,0,2,2,0,2,2,4,2,21,24,0,0,0,0,0,0,0,0,7,1,1,0,1,0,0,0,1,0,0,KRBKRNvK,DRAW,8/8/5R1B/8/3n4/2k5/7r/2K5 w - - 0 1
0,1,0,0,0,0,0,1,-1,1,0,1,1,1,0,0,0,0,0,16,0,0,5,6,4,1,2,2,3,20,26,0,0,0,0,0,0,0,0,7,1,1,0,0,0,0,0,0,1,0,KRBKRNvK,DRAW,n4B2/8/2r5/6K1/8/1k6/8/R7 b - - 0 1
0,1,0,0,0,0,0,1,-1,1,0,1,1,1,0,0,0,0,0,16,0,0,5,7,0,2,3,6,1,6,0,1,0,0,0,0,0,0,0,7,1,1,0,0,0,0,0,4,1,0,KRBKRNvK,DRAW,6R1/4r3/8/8/2k2n2/8/B7/7K b - - 0 1
1,1,0,0,0,0,0,1,-1,1,0,1,1,1,0,0,0,0,0,16,0,0,3,6,1,6,4,4,2,7,0,1,0,0,0,0,0,0,0,7,1,1,0,0,0,0,2,1,2,1,KRBKRNvK,DRAW,8/r7/6B1/6k1/7R/4n3/6K1/8 w - - 0 1
0,1,0,0,0,0,0,1,-1,1,0,1,1,1,0,0,0,0,0,16,0,0,5,5,0,0,4,4,3,3,0,1,0,0,0,0,0,0,0,7,1,1,0,0,0,0,0,2,1,0,KRBKRNvK,DRAW,8/8/7n/k5rB/8/R7/8/5K2 b - - 0 1
1,1,0,0,0,0,0,1,-1,1,0,1,1,1,0,0,0,0,0,16,0,0,7,0,4,7,5,3,4,22,17,0,0,0,0,0,0,0,0,7,1,1,0,0,0,0,1,1,1,1,KRBKRNvK,DRAW,6B1/1r2n3/7k/K7/8/8/8/6R1 w - - 0 1
1,1,0,0,0,0,0,1,-1,1,0,1,1,1,0,0,0,0,0,16,0,0,3,5,2,2,0,2,4,24,23,0,0,0,0,0,0,0,0,7,1,1,1,1,0,0,1,0,0,1,KRBKRNvK,DRAW,8/6R1/8/7n/7B/5K2/r7/2k5 w - - 0 1
1,1,0,0,0,0,0,1,-1,1,0,1,1,1,0,0,0,0,0,16,0,0,2,3,5,1,7,1,5,22,17,0,0,0,0,0,0,0,0,7,1,1,0,0,0,0,4,0,0,1,KRBKRNvK,DRAW,1k3r1n/8/3K4/8/3R4/8/1B6/8 w - - 0 1
0,1,0,0,0,0,0,1,-1,1,0,1,1,1,0,0,0,0,0,16,0,0,3,4,0,5,3,3,1,23,22,0,0,0,0,0,0,0,0,7,1,1,0,0,0,0,0,3,1,0,KRBKRNvK,DRAW,R1n5/8/8/2r5/5k2/8/4B3/4K3 b - - 0 1
1,1,0,0,0,0,0,1,-1,1,0,1,1,1,0,0,0,0,0,16,0,0,5,6,1,1,3,4,2,6,0,1,0,0,0,0,0,0,0,7,1,1,0,1,0,0,0,2,0,1,KRBKRNvK,DRAW,5R2/8/8/8/1k1n4/8/4r1K1/2B5 w - - 0 1
1,1,0,0,0,0,0,1,-1,1,0,1,1,1,0,0,0,0,0,16,0,0,5,2,7,7,2,4,4,5,0,1,0,0,0,0,0,0,0,7,1,1,1,0,0,0,1,2,1,0,KRBKRNvK,DRAW,2K5/R7/5n2/8/8/2r3Bk/8/8 w - - 0 1
1,1,0,0,0,0,0,1,-1,1,0,1,1,1,0,0,0,0,0,16,0,0,4,0,7,4,3,6,0,27,24,0,0,0,0,0,0,0,0,7,1,1,0,0,0,0,2,3,1,0,KRBKRNvK,DRAW,K7/8/3r4/8/4k3/2Bn4/R7/8 w - - 0 1
1,1,0,0,0,0,0,1,-1,1,0,1,1,1,0,0,0,0,0,16,0,0,4,3,6,2,2,2,2,5,0,1,0,0,0,0,0,0,0,7,1,1,0,0,0,0,2,1,0,1,KRBKRNvK,DRAW,B2R4/3K1r2/8/8/8/2k5/8/2n5 w - - 0 1
1,1,0,0,0,0,0,1,-1,1,0,1,1,1,0,0,0,0,0,16,0,0,4,2,6,1,2,3,3,6,0,1,0,0,0,0,0,0,0,7,1,1,0,0,0,0,1,2,0,1,KRBKRNvK,DRAW,8/2K1r3/7R/8/4B3/1k6/1n6/8 w - - 0 1
0,1,0,0,0,0,0,1,-1,1,0,1,1,1,0,0,0,0,0,16,0,0,5,5,1,0,0,3,6,21,24,0,0,0,0,0,0,0,0,7,1,1,0,0,0,0,2,3,0,0,KRBKRNvK,DRAW,8/8/B3R3/1nr5/8/8/5K2/k7 b - - 0 1
1,1,0,0,0,0,0,1,-1,1,0,1,1,1,0,0,0,0,0,16,0,0,3,0,6,3,6,5,2,29,21,0,0,0,0,0,0,0,0,7,1,1,0,0,0,0,3,0,1,0,KRBKRNvK,DRAW,8/K2k4/5B2/8/7R/5r2/8/4n3 w - - 0 1
1,1,0,0,0,0,0,1,-1,1,0,1,1,1,0,0,0,0,0,16,0,0,7,7,4,0,5,3,4,26,19,0,0,0,0,0,0,0,0,7,1,1,0,0,0,0,2,1,1,1,KRBKRNvK,DRAW,8/1r6/kB6/5n1K/8/8/3R4/8 w - - 0 1
1,1,0,0,0,0,0,1,-1,1,0,1,1,1,0,0,0,0,0,16,0,0,4,4,0,0,1,3,5,22,18,0,0,0,0,0,0,0,0,7,1,1,1,0,0,0,0,2,0,0,KRBKRNvK,DRAW,8/1R2B3/8/5r1n/8/8/k7/4K3 w - - 0 1
0,1,0,0,0,0,0,1,-1,1,0,1,1,1,0,0,0,0,0,16,0,0,3,2,3,5,1,1,3,5,0,1,0,0,0,0,0,0,0,7,1,1,0,0,0,0,2,0,0,0,KRBKRNvK,DRAW,5R2/8/8/8/B1K5/8/5k2/1n4r1 b - - 0 1
1,1,0,0,0,0,0,1,-1,1,0,1,1,1,0,0,0,0,0,16,0,0,5,3,2,2,7,1,4,25,23,0,0,0,0,0,0,0,0,7,1,1,0,0,0,0,2,2,0,1,KRBKRNvK,DRAW,2k1n3/8/7R/1r6/8/3K4/8/5B2 w - - 0 1
0,1,0,0,0,0,0,1,-1,1,0,1,1,1,0,0,0,0,0,16,0,0,4,4,3,5,7,0,4,20,27,0,0,0,0,0,0,0,0,7,1,1,0,1,0,0,3,0,0,1,KRBKRNvK,DRAW,5k2/8/8/8/4K3/7R/2r4n/B7 b - - 0 1
1,1,0,0,0,0,0,1,-1,1,0,1,1,1,0,0,0,0,0,16,0,0,4,3,1,2,5,2,2,6,0,1,0,0,0,0,0,0,0,7,1,1,0,1,0,0,1,2,1,0,KRBKRNvK,DRAW,8/8/2k5/2n1B3/8/8/r2K4/7R w - - 0 1
1,1,0,0,0,0,0,1,-1,1,0,1,1,1,0,0,0,0,0,16,0,0,2,2,7,1,5,4,3,2,0,1,0,0,0,0,0,0,0,7,1,1,0,0,0,0,2,1,1,1,KRBKRNvK,DRAW,2K5/2r5/1k6/3R4/8/3n3B/8/8 w - - 0 1
1,1,0,0,0,0,0,1,-1,1,0,1,1,1,0,0,0,0,0,16,0,0,6,7,7,1,1,6,4,28,19,0,0,0,0,0,0,0,0,7,1,1,1,0,0,0,1,2,1,0,KRBKRNvK,DRAW,7K/R7/8/8/3r4/3B3n/1k6/8 w - - 0 1
0,1,0,0,0,0,0,1,-1,1,0,1,1,1,0,0,0,0,0,16,0,0,3,2,3,3,0,1,3,16,31,0,0,0,0,0,0,0,0,7,1,1,0,0,0,0,2,0,0,0,KRBKRNvK,DRAW,8/3B2n1/8/8/2K5/8/R7/3k3r b - - 0 1
0,1,0,0,0,0,0,1,-1,1,0,1,1,1,0,0,0,0,0,16,0,0,5,5,7,0,5,4,4,23,19,0,0,0,0,0,0,0,0,7,1,1,0,0,0,0,1,0,0,1,KRBKRNvK,DRAW,5K2/6r1/k7/8/7n/8/7R/1B6 b - - 0 1
0,1,0,0,0,0,0,1,-1,1,0,1,1,1,0,0,0,0,0,16,0,0,3,2,1,5,0,3,4,21,28,0,0,0,0,0,0,0,0,7,1,1,1,0,0,0,1,0,0,1,KRBKRNvK,DRAW,8/R7/4B3/8/8/1r6/2K5/5kn1 b - - 0 1
0,1,0,0,0,0,0,1,-1,1,0,1,1,1,0,0,0,0,0,16,0,0,6,1,1,2,7,4,4,24,30,0,0,0,0,0,0,0,0,7,1,1,0,0,0,0,2,2,1,0,KRBKRNvK,DRAW,2k5/3n4/3R4/5r2/8/8/1K2B3/8 b - - 0 1
1,1,0,0,0,0,0,1,-1,1,0,1,1,1,0,0,0,0,0,16,0,0,2,4,0,5,2,3,2,19,23,0,0,0,0,0,0,0,0,7,1,1,0,0,0,0,3,1,1,0,KRBKRNvK,DRAW,2n4B/2r5/8/8/8/5k2/8/3RK3 w - - 0 1
0,1,0,0,0,0,0,1,-1,1,0,1,1,1,0,0,0,0,0,16,0,0,6,6,0,1,6,5,4,24,26,0,0,0,0,0,0,0,0,7,1,1,0,0,0,0,2,2,0,0,KRBKRNvK,DRAW,1n6/1k6/8/2r5/8/5R2/8/B5K1 b - - 0 1
1,1,0,0,0,0,0,1,-1,1,0,1,1,1,0,0,0,0,0,16,0,0,3,7,1,4,0,5,3,5,0,1,0,0,0,0,0,0,0,7,1,1,0,1,0,0,0,1,0,0,KRBKRNvK,DRAW,4B3/8/5R2/8/8/3n4/2r4K/4k3 w - - 0 1
0,1,0,0,0,0,0,1,-1,1,0,1,1,1,0,0,0,0,0,16,0,0,5,0,5,5,2,4,2,25,26,0,0,0,0,0,0,0,0,7,1,1,0,0,0,0,1,2,1,0,KRBKRNvK,DRAW,7R/8/K7/8/6n1/3B1k2/8/1r6 b - - 0 1
0,1,0,0,0,0,0,1,-1,1,0,1,1,1,0,0,0,0,0,16,0,0,3,6,3,5,0,2,4,2,0,1,0,0,0,0,0,0,0,7,1,1,0,0,0,0,1,0,1,2,KRBKRNvK,DRAW,8/8/1B5r/8/6K1/5R2/6n1/5k2 b - - 0 1
0,1,0,0,0,0,0,1,-1,1,0,1,1,1,0,0,0,0,0,16,0,0,6,7,3,1,5,3,3,26,20,0,0,0,0,0,0,0,0,7,1,1,0,0,0,0,0,0,0,1,KRBKRNvK,DRAW,8/8/1k3r2/4n3/7K/8/4B3/4R3 b - - 0 1
1,1,0,0,0,0,0,1,-1,1,0,1,1,1,0,0,0,0,0,16,0,0,3,2,0,5,0,4,4,21,25,0,0,0,0,0,0,0,0,7,1,1,0,1,0,0,2,0,0,0,KRBKRNvK,DRAW,3R2B1/8/8/4n3/8/8/5r2/2K2k2 w - - 0 1
0,1,0,0,0,0,0,1,-1,1,0,1,1,1,0,0,0,0,0,16,0,0,4,1,7,5,6,5,3,21,21,0,0,0,0,0,0,0,0,7,1,1,0,0,0,0,2,1,1,0,KRBKRNvK,DRAW,1K6/5k2/4n3/4R3/8/8/B7/6r1 b - - 0 1
1,1,0,0,0,0,0,1,-1,1,0,1,1,1,0,0,0,0,0,16,0,0,3,3,5,0,4,1,3,7,0,1,0,0,0,0,0,0,0,7,1,1,0,0,0,0,2,0,1,0,KRBKRNvK,DRAW,n7/5B2/3K3r/k7/8/2R5/8/8 w - - 0 1
0,1,0,0,0,0,0,1,-1,1,0,1,1,1,0,0,0,0,0,16,0,0,3,0,4,1,7,3,5,6,0,1,0,0,0,0,0,0,0,7,1,1,1,0,0,0,1,2,0,0,KRBKRNvK,LOSS,1k6/4rR2/8/K7/8/6B1/5n2/8 b - - 0 1
0,1,0,0,0,0,0,1,-1,1,0,1,1,1,0,0,0,0,0,16,0,0,7,2,7,4,0,4,3,20,28,0,0,0,0,0,0,0,0,7,1,1,0,1,0,0,3,0,0,0,KRBKRNvK,DRAW,2K5/6B1/8/5R2/8/8/7r/4kn2 b - - 0 1
1,1,0,0,0,0,0,1,-1,1,0,1,1,1,0,0,0,0,0,16,0,0,2,5,6,7,4,3,3,5,0,1,0,0,0,0,0,0,0,7,1,1,1,0,0,0,0,2,1,2,KRBKRNvK,DRAW,7n/3r1KR1/B7/7k/8/8/8/8 w - - 0 1
0,1,0,0,0,0,0,1,-1,1,0,1,1,1,0,0,0,0,0,16,0,0,6,3,7,7,1,3,5,21,26,0,0,0,0,0,0,0,0,7,1,1,0,0,0,0,1,0,0,0,KRBKRNvK,DRAW,3K4/8/8/8/n3B3/5r2/7k/R7 b - - 0 1
1,1,0,0,0,0,0,1,-1,1,0,1,1,1,0,0,0,0,0,16,0,0,7,3,7,0,0,3,6,22,25,0,0,0,0,0,0,0,0,7,1,1,0,0,0,0,0,2,0,0,KRBKRNvK,DRAW,3K1R2/8/8/2n3B1/1r6/8/8/k7 w - - 0 1
0,1,0,0,0,0,0,1,-1,1,0,1,1,1,0,0,0,0,0,16,0,0,5,6,5,1,4,3,2,25,26,0,0,0,0,0,0,0,0,7,1,1,0,0,0,0,0,2,0,0,KRBKRNvK,DRAW,8/8/2n3K1/1k6/6B1/1r6/8/6R1 b - - 0 1
1,1,0,0,0,0,0,1,-1,1,0,1,1,1,0,0,0,0,0,16,0,0,4,6,6,7,2,4,4,29,16,0,0,0,0,0,0,0,0,7,1,1,0,0,0,0,2,1,1,0,KRBKRNvK,DRAW,8/6K1/4R3/6B1/6n1/6rk/8/8 w - - 0 1
1,1,0,0,0,0,0,1,-1,1,0,1,1,1,0,0,0,0,0,16,0,0,6,0,4,6,1,3,4,23,25,0,0,0,0,0,0,0,0,7,1,1,1,0,0,0,2,2,0,2,KRBKRNvK,DRAW,8/1R6/8/K7/n1r5/8/6k1/B7 w - - 0 1
1,1,0,0,0,0,0,1,-1,1,0,1,1,1,0,0,0,0,0,16,0,0,3,4,4,1,5,0,3,4,0,1,0,0,0,0,0,0,0,7,1,1,0,0,0,0,3,3,0,1,KRBKRNvK,DRAW,5R2/8/1k2B3/1r2K3/8/5n2/8/8 w - - 0 1
0,1,0,0,0,0,0,1,-1,1,0,1,1,1,0,0,0,0,0,16,0,0,4,7,2,4,6,4,2,21,26,0,0,0,0,0,0,0,0,7,1,1,0,0,0,0,3,2,1,0,KRBKRNvK,DRAW,7B/4k3/4r3/6R1/8/7K/n7/8 b - - 0 1
0,1,0,0,0,0,0,1,-1,1,0,1,1,1,0,0,0,0,0,16,0,0,5,1,0,6,3,5,2,26,23,0,0,0,0,0,0,0,0,7,1,1,1,0,0,0,1,3,0,1,KRBKRNvK,DRAW,6B1/1R6/8/2r5/6k1/8/2n5/1K6 b - - 0 1
1,1,0,0,0,0,0,1,-1,1,0,1,1,1,0,0,0,0,0,16,0,0,3,4,7,6,4,3,2,22,20,0,0,0,0,0,0,0,0,7,1,1,0,0,0,0,1,0,0,0,KRBKRNvK,DRAW,4K2n/7r/8/6k1/8/8/B4R2/8 w - - 0 1
1,1,0,0,0,0,0,1,-1,1,0,1,1,1,0,0,0,0,0,16,0,0,4,6,4,4,0,2,3,28,23,0,0,0,0,0,0,0,0,7,1,1,0,0,0,0,1,2,0,1,KRBKRNvK,DRAW,8/6n1/3r4/5BK1/8/R7/8/4k3 w - - 0 1
0,1,0,0,0,0,0,1,-1,1,0,1,1,1,0,0,0,0,0,16,0,0,3,2,0,5,0,4,4,15,23,0,0,0,0,0,0,0,0,7,1,1,0,0,0,0,1,0,0,0,KRBKRNvK,DRAW,1R4nr/8/8/8/8/8/8/1BK2k2 b - - 0 1
0,1,0,0,0,0,0,1,-1,1,0,1,1,1,0,0,0,0,0,16,0,0,2,0,5,0,7,4,6,22,25,0,0,0,0,0,0,0,0,7,1,1,0,0,0,0,0,2,0,1,KRBKRNvK,DRAW,k7/3B4/K2n4/8/2r5/8/5R2/8 b - - 0 1
1,1,0,0,0,0,0,1,-1,1,0,1,1,1,0,0,0,0,0,16,0,0,4,1,3,5,6,2,3,8,0,1,0,0,0,0,0,0,0,7,1,1,0,0,0,0,2,0,1,0,KRBKRNvK,LOSS,1r1n4/5k2/6R1/8/1K6/5B2/8/8 w - - 0 1
0,1,0,0,0,0,0,1,-1,1,0,1,1,1,0,0,0,0,0,16,0,0,3,5,7,2,6,4,3,25,27,0,0,0,0,0,0,0,0,7,1,1,0,0,0,0,2,2,0,0,KRBKRNvK,DRAW,5K2/2k5/8/r7/5R2/8/2B5/6n1 b - - 0 1
0,1,0,0,0,0,0,1,-1,1,0,1,1,1,0,0,0,0,0,16,0,0,2,3,2,1,0,1,5,22,27,0,0,0,0,0,0,0,0,7,1,1,0,0,0,0,3,0,0,1,KRBKRNvK,DRAW,2r5/8/8/8/6R1/3K1B2/8/1k1n4 b - - 0 1
0,1,0,0,0,0,0,1,-1,1,0,1,1,1,0,0,0,0,0,16,0,0,2,6,7,4,7,5,3,5,0,1,0,0,0,0,0,0,0,7,1,1,0,0,0,0,3,2,0,0,KRBKRNvK,DRAW,4k1K1/8/8/2B3n1/5r2/8/4R3/8 b - - 0 1
1,1,0,0,0,0,0,1,-1,1,0,1,1,1,0,0,0,0,0,16,0,0,5,7,0,2,4,6,1,24,17,0,0,0,0,0,0,0,0,7,1,1,1,0,0,0,2,2,0,0,KRBKRNvK,DRAW,n6B/5R2/2r5/2k5/8/8/8/7K w - - 0 1
0,1,0,0,0,0,0,1,-1,1,0,1,1,1,0,0,0,0,0,16,0,0,3,6,6,5,3,4,1,24,23,0,0,0,0,0,0,0,0,7,1,1,1,1,0,0,0,2,0,0,KRBKRNvK,DRAW,n7/R5K1/8/8/5k2/8/4r3/5B2 b - - 0 1
1,1,0,0,0,0,0,1,-1,1,0,1,1,1,0,0,0,0,0,16,0,0,4,2,2,4,6,2,2,27,15,0,0,0,0,0,0,0,0,7,1,1,0,0,0,0,3,0,1,0,KRBKRNvK,DRAW,1B1R4/4kr2/7n/8/8/2K5/8/8 w - - 0 1
1,1,0,0,0,0,0,1,-1,1,0,1,1,1,0,0,0,0,0,16,0,0,5,4,5,3,0,1,3,6,0,1,0,0,0,0,0,0,0,7,1,1,0,0,0,0,3,1,1,1,KRBKRNvK,DRAW,8/8/4K3/5Bn1/8/2R5/8/3k2r1 w - - 0 1
0,1,0,0,0,0,0,1,-1,1,0,1,1,1,0,0,0,0,0,16,0,0,2,5,4,3,2,1,1,20,26,0,0,0,0,0,0,0,0,7,1,1,0,0,0,0,2,3,0,0,KRBKRNvK,DRAW,2R5/8/8/5K2/7B/2nk4/8/3r4 b - - 0 1
0,1,0,0,0,0,0,1,-1,1,0,1,1,1,0,0,0,0,0,16,0,0,2,5,0,5,2,4,2,4,0,1,0,0,0,0,0,0,0,7,1,1,0,0,0,0,0,3,0,0,KRBKRNvK,DRAW,3r4/8/7B/4n3/8/1R3k2/8/5K2 b - - 0 1
0,1,0,0,0,0,0,1,-1,1,0,1,1,1,0,0,0,0,0,16,0,0,3,7,4,4,2,3,1,6,0,1,0,0,0,0,0,0,0,7,1,1,0,0,0,0,1,3,0,1,KRBKRNvK,DRAW,8/5n2/8/7K/1r6/1B2k2R/8/8 b - - 0 1
0,1,0,0,0,0,0,1,-1,1,0,1,1,1,0,0,0,0,0,16,0,0,3,3,1,6,3,2,2,26,24,0,0,0,0,0,0,0,0,7,1,1,0,0,0,0,2,0,1,0,KRBKRNvK,DRAW,1r6/8/8/4n3/6k1/4R3/3K4/5B2 b - - 0 1
1,1,0,0,0,0,0,1,-1,1,0,1,1,1,0,0,0,0,0,16,0,0,4,3,2,4,6,1,2,7,0,1,0,0,0,0,0,0,0,7,1,1,0,0,0,0,2,2,0,0,KRBKRNvK,DRAW,3r4/4k1n1/8/8/5R2/3K4/3B4/8 w - - 0 1
1,1,0,0,0,0,0,1,-1,1,0,1,1,1,0,0,0,0,0,16,0,0,7,0,1,7,3,5,3,5,0,1,0,0,0,0,0,0,0,7,1,1,0,0,0,0,1,1,0,0,KRBKRNvK,DRAW,rB6/8/2R5/5n2/7k/8/K7/8 w - - 0 1
1,1,0,0,0,0,0,1,-1,1,0,1,1,1,0,0,0,0,0,16,0,0,5,4,6,6,1,2,4,19,18,0,0,0,0,0,0,0,0,7,1,1,0,1,0,0,0,2,1,0,KRBKRNvK,DRAW,n4B2/4K3/8/8/8/5R2/3r2k1/8 w - - 0 1
0,1,0,0,0,0,0,1,-1,1,0,1,1,1,0,0,0,0,0,16,0,0,4,1,6,5,6,4,3,25,31,0,0,0,0,0,0,0,0,7,1,1,0,1,0,0,2,0,0,0,KRBKRNvK,DRAW,5n2/1K3k2/8/1R6/5B2/8/6r1/8 b - - 0 1
1,1,0,0,0,0,0,1,-1,1,0,1,1,1,0,0,0,0,0,16,0,0,6,4,6,5,0,2,4,5,0,1,0,0,0,0,0,0,0,7,1,1,0,0,0,0,0,0,0,0,KRBKRNvK,DRAW,5B2/4K2r/8/7n/8/8/R7/5k2 w - - 0 1
0,1,0,0,0,0,0,1,-1,1,0,1,1,1,0,0,0,0,0,16,0,0,2,5,0,7,1,4,5,18,27,0,0,0,0,0,0,0,0,7,1,1,0,0,0,0,2,2,1,1,KRBKRNvK,DRAW,8/8/1R6/7r/8/5B2/7k/3n1K2 b - - 0 1
1,1,0,0,0,0,0,1,-1,1,0,1,1,1,0,0,0,0,0,16,0,0,5,4,5,7,0,1,6,32,19,0,0,0,0,0,0,0,0,7,1,1,0,0,0,0,2,0,0,0,KRBKRNvK,DRAW,8/8/3BK3/1R6/8/2r5/6n1/7k w - - 0 1
1,1,0,0,0,0,0,1,-1,1,0,1,1,1,0,0,0,0,0,16,0,0,3,3,2,1,5,1,3,29,26,0,0,0,0,0,0,0,0,7,1,1,0,0,0,0,2,2,0,1,KRBKRNvK,DRAW,4n3/8/1k6/5r2/8/3K4/7R/2B5 w - - 0 1
0,1,0,0,0,0,0,1,-1,1,0,1,1,1,0,0,0,0,0,16,0,0,4,0,7,4,4,6,0,6,0,1,0,0,0,0,0,0,0,7,1,1,0,0,0,0,1,4,1,0,KRBKRNvK,DRAW,K3n3/8/8/4k2r/8/6B1/8/1R6 b - - 0 1
1,1,0,0,0,0,0,1,-1,1,0,1,1,1,0,0,0,0,0,16,0,0,5,0,5,5,3,4,1,4,0,1,0,0,0,0,0,0,0,7,1,1,0,0,0,0,2,3,1,1,KRBKRNvK,DRAW,8/8/K1r5/7R/5k2/4n3/8/2B5 w - - 0 1
1,1,0,0,0,0,0,1,-1,1,0,1,1,1,0,0,0,0,0,16,0,0,3,3,4,0,4,0,3,21,20,0,0,0,0,0,0,0,0,7,1,1,0,0,0,0,4,0,0,0,KRBKRNvK,DRAW,8/8/8/k2K4/3RB3/8/n7/6r1 w - - 0 1
1,1,0,0,0,0,0,1,-1,1,0,1,1,1,0,0,0,0,0,16,0,0,5,1,5,1,0,3,5,30,21,0,0,0,0,0,0,0,0,7,1,1,0,0,0,0,2,2,1,0,KRBKRNvK,DRAW,8/8/1K6/8/6r1/2B4R/8/1k1n4 w - - 0 1
0,1,0,0,0,0,0,1,-1,1,0,1,1,1,0,0,0,0,0,16,0,0,7,7,0,0,5,6,4,23,21,0,0,0,0,0,0,0,0,7,1,1,0,0,0,0,1,2,0,0,KRBKRNvK,DRAW,4n3/8/k7/3r4/8/6R1/B7/7K b - - 0 1
1,1,0,0,0,0,0,1,-1,1,0,1,1,1,0,0,0,0,0,16,0,0,3,6,3,3,6,2,2,25,24,0,0,0,0,0,0,0,0,7,1,1,0,0,0,0,2,0,0,1,KRBKRNvK,DRAW,B4n2/3k4/7r/8/6K1/R7/8/8 w - - 0 1
1,1,0,0,0,0,0,1,-1,1,0,1,1,1,0,0,0,0,0,16,0,0,3,1,2,1,5,3,3,7,0,1,0,0,0,0,0,0,0,7,1,1,1,0,0,0,0,1,0,0,KRBKRNvK,DRAW,6B1/5R2/1k6/8/8/1K5r/5n2/8 w - - 0 1
0,1,0,0,0,0,0,1,-1,1,0,1,1,1,0,0,0,0,0,16,0,0,2,2,5,0,4,2,3,1,0,1,0,0,0,0,0,0,0,7,1,1,0,0,0,0,2,2,1,1,KRBKRNvK,DRAW,8/8/2KB4/k7/4r3/R4n2/8/8 b - - 0 1
1,1,0,0,0,0,0,1,-1,1,0,1,1,1,0,0,0,0,0,16,0,0,5,1,6,6,4,4,2,31,17,0,0,0,0,0,0,0,0,7,1,1,0,0,0,0,3,2,0,0,KRBKRNvK,DRAW,4R3/1K6/5nr1/6k1/8/1B6/8/8 w - - 0 1
0,1,0,0,0,0,0,1,-1,1,0,1,1,1,0,0,0,0,0,16,0,0,3,4,6,1,5,2,3,22,24,0,0,0,0,0,0,0,0,7,1,1,0,0,0,0,0,2,0,2,KRBKRNvK,DRAW,3nB3/4K3/1k6/5r2/8/8/2R5/8 b - - 0 1
1,1,0,0,0,0,0,1,-1,1,0,1,1,1,0,0,0,0,0,16,0,0,2,3,0,5,2,3,2,24,24,0,0,0,0,0,0,0,0,7,1,1,0,1,0,0,0,3,0,1,KRBKRNvK,WIN,6R1/8/1n6/8/1B6/5k2/4r3/3K4 w - - 0 1
0,1,0,0,0,0,0,1,-1,1,0,1,1,1,0,0,0,0,0,16,0,0,6,2,0,5,6,4,3,23,26,0,0,0,0,0,0,0,0,7,1,1,0,0,0,0,0,0,1,0,KRBKRNvK,DRAW,1r6/n2B1k2/8/8/8/8/7R/2K5 b - - 0 1
0,1,0,0,0,0,0,1,-1,1,0,1,1,1,0,0,0,0,0,16,0,0,2,5,1,4,3,3,0,16,26,0,0,0,0,0,0,0,0,7,1,1,0,0,0,0,3,4,0,1,KRBKRNvK,DRAW,8/8/4r3/7R/4k3/8/5K2/B4n2 b - - 0 1
0,1,0,0,0,0,0,1,-1,1,0,1,1,1,0,0,0,0,0,16,0,0,4,5,5,1,2,2,3,22,19,0,0,0,0,0,0,0,0,7,1,1,0,0,0,0,1,0,0,1,KRBKRNvK,DRAW,8/4B3/5K2/8/3n4/1k4r1/5R2/8 b - - 0 1
0,1,0,0,0,0,0,1,-1,1,0,1,1,1,0,0,0,0,0,16,0,0,3,4,3,7,5,0,4,2,0,1,0,0,0,0,0,0,0,7,1,1,0,0,0,0,3,0,1,1,KRBKRNvK,LOSS,7r/8/7k/4n3/4KB2/8/7R/8 b - - 0 1
0,1,0,0,0,0,0,1,-1,1,0,1,1,1,0,0,0,0,0,16,0,0,5,4,1,7,6,2,5,21,23,0,0,0,0,0,0,0,0,7,1,1,0,0,0,0,1,0,0,1,KRBKRNvK,DRAW,5n2/7k/8/8/8/4BR2/4K3/6r1 b - - 0 1
1,1,0,0,0,0,0,1,-1,1,0,1,1,1,0,0,0,0,0,16,0,0,4,3,0,4,4,3,0,18,22,0,0,0,0,0,0,0,0,7,1,1,0,0,0,0,0,4,0,0,KRBKRNvK,DRAW,5BR1/8/8/1n2k3/4r3/8/8/3K4 w - - 0 1
1,1,0,0,0,0,0,1,-1,1,0,1,1,1,0,0,0,0,0,16,0,0,7,0,2,7,7,4,6,21,19,0,0,0,0,0,0,0,0,7,1,1,0,0,0,0,3,0,0,0,KRBKRNvK,DRAW,7k/8/8/8/R7/K7/B5n1/7r w - - 0 1
1,1,0,0,0,0,0,1,-1,1,0,1,1,1,0,0,0,0,0,16,0,0,2,4,5,5,3,1,1,4,0,1,0,0,0,0,0,0,0,7,1,1,1,0,0,0,3,3,0,1,KRBKRNvK,DRAW,8/R1n5/4K3/8/5k2/8/8/B3r3 w - - 0 1
0,1,0,0,0,0,0,1,-1,1,0,1,1,1,0,0,0,0,0,16,0,0,2,3,4,5,2,0,2,21,20,0,0,0,0,0,0,0,0,7,1,1,0,0,0,0,3,1,1,1,KRBKRNvK,DRAW,1B6/n1r5/8/3K4/8/5k2/8/4R3 b - - 0 1
0,1,0,0,0,0,0,1,-1,1,0,1,1,1,0,0,0,0,0,16,0,0,2,5,7,3,6,4,2,22,27,0,0,0,0,0,0,0,0,7,1,1,0,0,0,0,1,2,2,0,KRBKRNvK,DRAW,1R3K2/3k4/8/3B4/7r/8/5n2/8 b - - 0 1
1,1,0,0,0,0,0,1,-1,1,0,1,1,1,0,0,0,0,0,16,0,0,4,4,2,2,6,1,3,5,0,1,0,0,0,0,0,0,0,7,1,1,0,0,0,0,3,0,0,2,KRBKRNvK,DRAW,6R1/2k5/8/8/2B1n3/4K3/8/4r3 w - - 0 1
0,1,0,0,0,0,0,1,-1,1,0,1,1,1,0,0,0,0,0,16,0,0,2,1,2,3,3,3,0,4,0,1,0,0,0,0,0,0,0,7,1,1,0,0,0,0,2,4,1,0,KRBKRNvK,DRAW,3r4/8/6B1/8/1R1k4/1K6/6n1/8 b - - 0 1
1,1,0,0,0,0,0,1,-1,1,0,1,1,1,0,0,0,0,0,16,0,0,2,0,3,2,3,3,1,22,22,0,0,0,0,0,0,0,0,7,1,1,0,0,0,0,0,4,0,0,KRBKRNvK,DRAW,8/2n1r3/8/8/K1k5/8/5R2/3B4 w - - 0 1
0,1,0,0,0,0,0,1,-1,1,0,1,1,1,0,0,0,0,0,16,0,0,5,0,0,5,2,6,2,19,23,0,0,0,0,0,0,0,0,7,1,1,0,0,0,0,3,2,1,1,KRBKRNvK,DRAW,8/8/3B4/8/8/n3rk2/8/K2R4 b - - 0 1
1,1,0,0,0,0,0,1,-1,1,0,1,1,1,0,0,0,0,0,16,0,0,2,7,3,5,3,3,1,20,17,0,0,0,0,0,0,0,0,7,1,1,0,1,0,0,1,2,0,1,KRBKRNvK,DRAW,8/8/8/3n4/5k1K/8/2B2r2/7R w - - 0 1
1,1,0,0,0,0,0,1,-1,1,0,1,1,1,0,0,0,0,0,16,0,0,7,6,7,7,0,5,6,26,21,0,0,0,0,0,0,0,0,7,1,1,0,1,0,0,2,1,0,0,KRBKRNvK,DRAW,6K1/B7/8/3R4/8/1n6/r7/7k w - - 0 1
1,1,0,0,0,0,0,1,-1,1,0,1,1,1,0,0,0,0,0,16,0,0,2,4,7,6,6,3,4,3,0,1,0,0,0,0,0,0,0,7,1,1,0,1,0,0,2,3,1,0,KRBKRNvK,LOSS,4K3/5Bk1/8/8/8/2n5/4r3/3R4 w - - 0 1
0,1,0,0,0,0,0,1,-1,1,0,1,1,1,0,0,0,0,0,16,0,0,2,7,3,6,5,3,3,20,23,0,0,0,0,0,0,0,0,7,1,1,0,0,0,0,0,2,0,0,KRBKRNvK,DRAW,3r4/n7/6k1/8/7K/8/5R2/5B2 b - - 0 1
1,1,0,0,0,0,0,1,-1,1,0,1,1,1,0,0,0,0,0,16,0,0,2,5,2,3,2,2,1,26,22,0,0,0,0,0,0,0,0,7,1,1,0,0,0,0,1,4,1,1,KRBKRNvK,DRAW,R7/8/8/7r/8/3k1K2/2n5/4B3 w - - 0 1
0,1,0,0,0,0,0,1,-1,1,0,1,1,1,0,0,0,0,0,16,0,0,2,0,5,2,4,4,1,3,0,1,0,0,0,0,0,0,0,7,1,1,0,0,0,0,2,2,1,1,KRBKRNvK,DRAW,2r5/8/K7/2k2R2/8/B7/8/3n4 b - - 0 1
0,1,0,0,0,0,0,1,-1,1,0,1,1,1,0,0,0,0,0,16,0,0,3,2,5,5,2,2,2,20,29,0,0,0,0,0,0,0,0,7,1,1,0,0,0,0,2,3,0,0,KRBKRNvK,DRAW,8/2B5/2K5/5n2/8/4rk2/1R6/8 b - - 0 1
1,1,0,0,0,0,0,1,-1,1,0,1,1,1,0,0,0,0,0,16,0,0,7,2,0,4,7,4,3,3,0,1,0,0,0,0,0,0,0,7,1,1,0,0,0,0,1,0,1,0,KRBKRNvK,DRAW,4k3/6n1/4B2R/8/8/8/8/2K2r2 w - - 0 1
0,1,0,0,0,0,0,1,-1,1,0,1,1,1,0,0,0,0,0,16,0,0,6,5,0,6,6,4,4,21,23,0,0,0,0,0,0,0,0,7,1,1,0,0,0,0,0,2,0,0,KRBKRNvK,WIN,3B4/6k1/7n/7r/8/8/8/R4K2 b - - 0 1
1,1,0,0,0,0,0,1,-1,1,0,1,1,1,0,0,0,0,0,16,0,0,6,1,0,2,6,5,3,24,20,0,0,0,0,0,0,0,0,7,1,1,0,0,0,0,3,2,1,0,KRBKRNvK,DRAW,1n5B/2k5/3R4/8/r7/8/8/1K6 w - - 0 1
0,1,0,0,0,0,0,1,-1,1,0,1,1,1,0,0,0,0,0,16,0,0,4,7,5,3,6,4,2,23,22,0,0,0,0,0,0,0,0,7,1,1,0,1,0,0,2,1,0,0,KRBKRNvK,DRAW,8/3k4/7K/8/R6B/8/2n3r1/8 b - - 0 1
0,1,0,0,0,0,0,1,-1,1,0,1,1,1,0,0,0,0,0,16,0,0,4,5,2,1,6,2,4,25,25,0,0,0,0,0,0,0,0,7,1,1,0,1,0,0,2,0,0,1,KRBKRNvK,DRAW,4B3/1k6/8/8/3R4/n4K2/6r1/8 b - - 0 1
1,1,0,0,0,0,0,1,-1,1,0,1,1,1,0,0,0,0,0,16,0,0,5,5,7,0,4,4,3,21,23,0,0,0,0,0,0,0,0,7,1,1,0,0,0,0,1,3,0,1,KRBKRNvK,DRAW,1R3K2/8/5n2/k7/8/8/8/3r2B1 w - - 0 1
1,1,0,0,0,0,0,1,-1,1,0,1,1,1,0,0,0,0,0,16,0,0,3,7,4,4,5,3,1,25,20,0,0,0,0,0,0,0,0,7,1,1,0,1,0,0,1,2,0,0,KRBKRNvK,DRAW,8/8/4k3/7K/8/8/n4Br1/2R5 w - - 0 1
0,1,0,0,0,0,0,1,-1,1,0,1,1,1,0,0,0,0,0,16,0,0,3,4,0,7,0,3,6,25,25,0,0,0,0,0,0,0,0,7,1,1,0,0,0,0,1,3,0,1,KRBKRNvK,DRAW,2R5/8/4B3/8/1r6/2n5/8/4K2k b - - 0 1
1,1,0,0,0,0,0,1,-1,1,0,1,1,1,0,0,0,0,0,16,0,0,6,5,1,3,7,3,3,5,0,1,0,0,0,0,0,0,0,7,1,1,0,1,0,0,2,0,0,1,KRBKRNvK,DRAW,n2k4/8/8/8/8/4R3/5K1r/3B4 w - - 0 1
0,1,0,0,0,0,0,1,-1,1,0,1,1,1,0,0,0,0,0,16,0,0,4,0,3,4,6,3,2,22,22,0,0,0,0,0,0,0,0,7,1,1,0,0,0,0,0,2,0,0,KRBKRNvK,DRAW,4n2R/4k3/3r4/8/K7/8/8/2B5 b - - 0 1
0,1,0,0,0,0,0,1,-1,1,0,1,1,1,0,0,0,0,0,16,0,0,5,5,2,2,7,2,4,20,31,0,0,0,0,0,0,0,0,7,1,1,1,0,0,0,1,2,0,0,KRBKRNvK,DRAW,2k5/6R1/7n/1r6/8/3B1K2/8/8 b - - 0 1
1,1,0,0,0,0,0,1,-1,1,0,1,1,1,0,0,0,0,0,16,0,0,5,2,1,4,6,3,2,5,0,1,0,0,0,0,0,0,0,7,1,1,0,1,0,0,1,1,1,2,KRBKRNvK,DRAW,8/4k3/8/4B3/1n6/R7/r1K5/8 w - - 0 1
0,1,0,0,0,0,0,1,-1,1,0,1,1,1,0,0,0,0,0,16,0,0,2,2,6,0,4,3,3,15,27,0,0,0,0,0,0,0,0,7,1,1,0,1,0,0,2,0,0,0,KRBKRNvK,DRAW,8/2K5/8/k7/4RB1n/8/7r/8 b - - 0 1
1,1,0,0,0,0,0,1,-1,1,0,1,1,1,0,0,0,0,0,16,0,0,4,3,4,4,0,0,3,21,16,0,0,0,0,0,0,0,0,7,1,1,0,0,0,0,4,0,1,0,KRBKRNvK,DRAW,8/1B4n1/8/3K4/8/3R4/8/4k2r w - - 0 1
0,1,0,0,0,0,0,1,-1,1,0,1,1,1,0,0,0,0,0,16,0,0,3,4,2,7,3,1,3,23,26,0,0,0,0,0,0,0,0,7,1,1,0,0,0,0,2,2,0,2,KRBKRNvK,DRAW,1R6/8/8/5r2/5n1k/4K3/2B5/8 b - - 0 1
0,1,0,0,0,0,0,1,-1,1,0,1,1,1,0,0,0,0,0,16,0,0,4,5,3,6,7,1,5,19,15,0,0,0,0,0,0,0,0,7,1,1,0,1,0,0,2,2,0,2,KRBKRNvK,DRAW,6k1/8/8/6B1/5K1R/8/3nr3/8 b - - 0 1
0,1,0,0,0,0,0,1,-1,1,0,1,1,1,0,0,0,0,0,16,0,0,5,2,1,7,4,3,3,24,20,0,0,0,0,0,0,0,0,7,1,1,0,0,0,0,0,2,0,1,KRBKRNvK,DRAW,8/8/2R5/2n4k/8/4r3/2K2B2/8 b - - 0 1
1,1,0,0,0,0,0,1,-1,1,0,1,1,1,0,0,0,0,0,16,0,0,3,6,2,7,5,3,4,26,23,0,0,0,0,0,0,0,0,7,1,1,0,0,0,0,1,3,1,1,KRBKRNvK,DRAW,5R2/2B1n3/7k/8/4r3/6K1/8/8 w - - 0 1
1,1,0,0,0,0,0,1,-1,1,0,1,1,1,0,0,0,0,0,16,0,0,4,4,3,7,7,0,6,6,0,1,0,0,0,0,0,0,0,7,1,1,0,0,0,0,4,2,0,1,KRBKRNvK,DRAW,7k/3B4/8/8/4KR2/2n5/8/r7 w - - 0 1
0,1,0,0,0,0,0,1,-1,1,0,1,1,1,0,0,0,0,0,16,0,0,3,6,6,3,4,4,0,11,17,0,0,0,0,0,0,0,0,7,1,1,0,0,0,0,0,4,0,1,KRBKRNvK,DRAW,6B1/3r1nK1/6R1/3k4/8/8/8/8 b - - 0 1
0,1,0,0,0,0,0,1,-1,1,0,1,1,1,0,0,0,0,0,16,0,0,7,7,2,0,7,4,6,17,26,0,0,0,0,0,0,0,0,7,1,1,0,0,0,0,2,0,0,0,KRBKRNvK,DRAW,k7/nr6/8/8/6B1/7K/8/4R3 b - - 0 1
1,1,0,0,0,0,0,1,-1,1,0,1,1,1,0,0,0,0,0,16,0,0,3,4,5,7,3,1,3,29,24,0,0,0,0,0,0,0,0,7,1,1,0,1,0,0,2,1,1,1,KRBKRNvK,DRAW,8/8/4K3/6R1/1Bn4k/8/r7/8 w - - 0 1
0,1,0,0,0,0,0,1,-1,1,0,1,1,1,0,0,0,0,0,16,0,0,3,6,1,4,4,4,0,6,0,1,0,0,0,0,0,0,0,7,1,1,0,0,0,0,1,4,1,0,KRBKRNvK,LOSS,7R/8/8/3nk2r/8/6B1/6K1/8 b - - 0 1
1,1,0,0,0,0,0,1,-1,1,0,1,1,1,0,0,0,0,0,16,0,0,7,7,0,0,3,6,3,23,20,0,0,0,0,0,0,0,0,7,1,1,0,0,0,0,1,2,1,0,KRBKRNvK,DRAW,1Bn5/8/4r3/8/k7/1R6/8/7K w - - 0 1
1,1,0,0,0,0,0,1,-1,1,0,1,1,1,0,0,0,0,0,16,0,0,7,4,7,2,0,3,4,24,19,0,0,0,0,0,0,0,0,7,1,1,0,0,0,0,2,2,0,0,KRBKRNvK,DRAW,B3K3/8/8/8/7r/8/6R1/2kn4 w - - 0 1
0,1,0,0,0,0,0,1,-1,1,0,1,1,1,0,0,0,0,0,16,0,0,4,0,4,4,1,3,2,21,22,0,0,0,0,0,0,0,0,7,1,1,0,0,0,0,2,0,0,1,KRBKRNvK,DRAW,8/8/1r6/K7/8/7R/4k3/1n5B b - - 0 1
0,1,0,0,0,0,0,1,-1,1,0,1,1,1,0,0,0,0,0,16,0,0,4,3,6,3,2,2,1,6,0,1,0,0,0,0,0,0,0,7,1,1,0,0,0,0,0,2,0,1,KRBKRNvK,DRAW,8/3K4/8/B2n4/8/R2k4/8/7r b - - 0 1
0,1,0,0,0,0,0,1,-1,1,0,1,1,1,0,0,0,0,0,16,0,0,5,5,3,0,5,1,4,22,19,0,0,0,0,0,0,0,0,7,1,1,0,0,0,0,2,2,0,2,KRBKRNvK,DRAW,7R/8/k3r3/8/5K1n/7B/8/8 b - - 0 1
0,1,0,0,0,0,0,1,-1,1,0,1,1,1,0,0,0,0,0,16,0,0,2,0,3,2,5,3,2,23,23,0,0,0,0,0,0,0,0,7,1,1,0,0,0,0,1,2,1,1,KRBKRNvK,DRAW,8/8/2k5/4B3/K7/1r4n1/8/6R1 b - - 0 1
0,1,0,0,0,0,0,1,-1,1,0,1,1,1,0,0,0,0,0,16,0,0,5,6,6,1,7,4,5,19,31,0,0,0,0,0,0,0,0,7,1,1,0,0,0,0,2,0,1,1,KRBKRNvK,DRAW,1k3r2/6K1/3R4/8/4B3/8/8/4n3 b - - 0 1
1,1,0,0,0,0,0,1,-1,1,0,1,1,1,0,0,0,0,0,16,0,0,6,7,7,4,1,6,2,22,21,0,0,0,0,0,0,0,0,7,1,1,0,0,0,0,3,0,0,0,KRBKRNvK,DRAW,7K/8/8/3R4/8/1Br4n/4k3/8 w - - 0 1
0,1,0,0,0,0,0,1,-1,1,0,1,1,1,0,0,0,0,0,16,0,0,5,5,1,0,6,3,5,17,23,0,0,0,0,0,0,0,0,7,1,1,0,0,0,0,0,2,0,0,KRBKRNvK,DRAW,5R2/k7/8/8/8/r1n5/1B3K2/8 b - - 0 1
0,1,0,0,0,0,0,1,-1,1,0,1,1,1,0,0,0,0,0,16,0,0,4,5,3,3,7,1,3,24,17,0,0,0,0,0,0,0,0,7,1,1,0,0,0,0,2,1,0,0,KRBKRNvK,DRAW,3k4/2n5/1r6/8/5KR1/8/7B/8 b - - 0 1
0,1,0,0,0,0,0,1,-1,1,0,1,1,1,0,0,0,0,0,16,0,0,4,0,4,3,0,3,3,23,21,0,0,0,0,0,0,0,0,7,1,1,0,1,0,0,2,0,0,0,KRBKRNvK,DRAW,8/3B4/8/K4R1n/8/8/1r6/3k4 b - - 0 1
1,1,0,0,0,0,0,1,-1,1,0,1,1,1,0,0,0,0,0,16,0,0,2,6,2,4,4,3,0,29,28,0,0,0,0,0,0,0,0,7,1,1,1,0,0,0,0,3,0,0,KRBKRNvK,DRAW,8/7R/1r6/4k3/3n4/6K1/3B4/8 w - - 0 1
0,1,0,0,0,0,0,1,-1,1,0,1,1,1,0,0,0,0,0,16,0,0,3,6,1,3,1,4,2,21,31,0,0,0,0,0,0,0,0,7,1,1,1,0,0,0,2,2,1,0,KRBKRNvK,DRAW,6n1/7R/8/3r4/8/8/1B1k2K1/8 b - - 0 1
0,1,0,0,0,0,0,1,-1,1,0,1,1,1,0,0,0,0,0,16,0,0,2,3,5,5,5,1,2,20,18,0,0,0,0,0,0,0,0,7,1,1,0,0,0,0,4,2,1,2,KRBKRNvK,DRAW,8/3nr3/3K1k2/8/3R4/8/1B6/8 b - - 0 1
0,1,0,0,0,0,0,1,-1,1,0,1,1,1,0,0,0,0,0,16,0,0,7,7,0,0,7,6,6,3,0,1,0,0,0,0,0,0,0,7,1,1,0,0,0,0,1,2,0,0,KRBKRNvK,DRAW,k5n1/5B2/8/4r3/8/8/R7/7K b - - 0 1
0,1,0,0,0,0,0,1,-1,1,0,1,1,1,0,0,0,0,0,16,0,0,3,7,6,4,6,5,2,28,21,0,0,0,0,0,0,0,0,7,1,1,0,0,0,0,0,3,0,0,KRBKRNvK,DRAW,8/4k2K/1n6/B7/6r1/8/8/2R5 b - - 0 1
1,1,0,0,0,0,0,1,-1,1,0,1,1,1,0,0,0,0,0,16,0,0,2,1,7,2,5,5,2,25,24,0,0,0,0,0,0,0,0,7,1,1,1,0,0,0,2,2,2,0,KRBKRNvK,DRAW,1K6/4R3/2kB2n1/8/8/8/8/7r w - - 0 1
1,1,0,0,0,0,0,1,-1,1,0,1,1,1,0,0,0,0,0,16,0,0,5,7,2,7,7,4,6,29,18,0,0,0,0,0,0,0,0,7,1,1,0,0,0,0,2,2,0,0,KRBKRNvK,DRAW,7k/8/2Br3n/8/8/7K/1R6/8 w - - 0 1
1,1,0,0,0,0,0,1,-1,1,0,1,1,1,0,0,0,0,0,16,0,0,4,1,6,0,2,4,4,25,23,0,0,0,0,0,0,0,0,7,1,1,1,1,0,0,3,2,0,0,KRBKRNvK,DRAW,5n2/1K1R4/8/8/8/k7/4r3/7B w - - 0 1
1,1,0,0,0,0,0,1,-1,1,0,1,1,1,0,0,0,0,0,16,0,0,6,2,6,5,0,3,4,6,0,1,0,0,0,0,0,0,0,7,1,1,0,0,0,0,2,0,0,1,KRBKRNvK,DRAW,1R6/2K5/5B2/3n4/8/7r/8/5k2 w - - 0 1
1,1,0,0,0,0,0,1,-1,1,0,1,1,1,0,0,0,0,0,16,0,0,4,2,5,5,1,2,3,7,0,1,0,0,0,0,0,0,0,7,1,1,0,1,0,0,3,0,1,1,KRBKRNvK,DRAW,1n6/8/2K5/6R1/8/8/r4k2/7B w - - 0 1
1,1,0,0,0,0,0,1,-1,1,0,1,1,1,0,0,0,0,0,16,0,0,7,0,3,7,0,3,6,25,20,0,0,0,0,0,0,0,0,7,1,1,0,0,0,0,0,1,0,0,KRBKRNvK,DRAW,5R2/3r4/8/3n4/K6B/8/8/7k w - - 0 1
0,1,0,0,0,0,0,1,-1,1,0,1,1,1,0,0,0,0,0,16,0,0,5,0,6,2,1,5,3,22,29,0,0,0,0,0,0,0,0,7,1,1,0,0,0,0,1,2,0,0,KRBKRNvK,DRAW,5n2/K7/8/4B3/1r6/7R/2k5/8 b - - 0 1
1,1,0,0,0,0,0,1,-1,1,0,1,1,1,0,0,0,0,0,16,0,0,2,4,3,6,4,0,2,4,0,1,0,0,0,0,0,0,0,7,1,1,0,0,0,0,3,2,1,0,KRBKRNvK,DRAW,8/2n5/8/6k1/2B1K2r/5R2/8/8 w - - 0 1
0,1,0,0,0,0,0,1,-1,1,0,1,1,1,0,0,0,0,0,16,0,0,6,1,7,7,7,5,6,19,23,0,0,0,0,0,0,0,0,7,1,1,0,0,0,0,3,3,0,1,KRBKRNvK,DRAW,1K5k/5n2/3r4/8/6R1/6B1/8/8 b - - 0 1
0,1,0,0,0,0,0,1,-1,1,0,1,1,1,0,0,0,0,0,16,0,0,2,2,2,0,1,2,5,20,28,0,0,0,0,0,0,0,0,7,1,1,0,0,0,0,4,0,0,0,KRBKRNvK,DRAW,1r6/7n/8/7R/8/2K2B2/k7/8 b - - 0 1
1,1,0,0,0,0,0,1,-1,1,0,1,1,1,0,0,0,0,0,16,0,0,6,6,7,1,1,5,4,4,0,1,0,0,0,0,0,0,0,7,1,1,0,0,0,0,1,1,0,1,KRBKRNvK,LOSS,6K1/4n3/8/5BrR/8/8/1k6/8 w - - 0 1
0,1,0,0,0,0,0,1,-1,1,0,1,1,1,0,0,0,0,0,16,0,0,2,4,0,5,2,3,2,14,16,0,0,0,0,0,0,0,0,7,1,1,0,0,0,0,0,1,0,1,KRBKRNvK,WIN,8/8/8/6n1/1B6/5kr1/8/1R2K3 b - - 0 1
0,1,0,0,0,0,0,1,-1,1,0,1,1,1,0,0,0,0,0,16,0,0,2,2,7,3,5,4,1,6,0,1,0,0,0,0,0,0,0,7,1,1,0,0,0,0,3,4,0,0,KRBKRNvK,DRAW,2K5/8/3k4/8/7r/8/1n1R2B1/8 b - - 0 1
1,1,0,0,0,0,0,1,-1,1,0,1,1,1,0,0,0,0,0,16,0,0,4,3,6,0,2,2,4,25,20,0,0,0,0,0,0,0,0,7,1,1,0,0,0,0,3,0,0,0,KRBKRNvK,DRAW,8/2BK4/7r/8/8/k7/3R4/6n1 w - - 0 1
0,1,0,0,0,0,0,1,-1,1,0,1,1,1,0,0,0,0,0,16,0,0,5,0,2,3,7,4,3,4,0,1,0,0,0,0,0,0,0,7,1,1,0,0,0,0,3,0,1,0,KRBKRNvK,DRAW,3k2n1/8/1B6/6R1/8/K7/8/7r b - - 0 1
1,1,0,0,0,0,0,1,-1,1,0,1,1,1,0,0,0,0,0,16,0,0,3,5,2,2,2,2,2,29,25,0,0,0,0,0,0,0,0,7,1,1,0,0,0,0,1,2,1,0,KRBKRNvK,DRAW,2B5/5n2/1r6/8/8/2k2K2/R7/8 w - - 0 1
0,1,0,0,0,0,0,1,-1,1,0,1,1,1,0,0,0,0,0,16,0,0,3,2,6,2,3,3,1,5,0,1,0,0,0,0,0,0,0,7,1,1,0,0,0,0,2,2,1,0,KRBKRNvK,DRAW,8/1BK4n/5r2/8/R1k5/8/8/8 b - - 0 1
0,1,0,0,0,0,0,1,-1,1,0,1,1,1,0,0,0,0,0,16,0,0,5,3,0,4,5,3,1,25,17,0,0,0,0,0,0,0,0,7,1,1,0,0,0,0,0,2,0,0,KRBKRNvK,DRAW,1r6/8/B3k3/8/8/8/8/R2K2n1 b - - 0 1
1,1,0,0,0,0,0,1,-1,1,0,1,1,1,0,0,0,0,0,16,0,0,6,0,6,2,0,5,4,26,23,0,0,0,0,0,0,0,0,7,1,1,0,0,0,0,1,2,0,0,KRBKRNvK,DRAW,5R2/K7/1B2n3/8/8/8/8/2kr4 w - - 0 1
1,1,0,0,0,0,0,1,-1,1,0,1,1,1,0,0,0,0,0,16,0,0,3,0,2,3,1,4,2,1,0,1,0,0,0,0,0,0,0,7,1,1,0,0,0,0,2,2,1,1,KRBKRNvK,DRAW,8/8/8/1n6/5r2/K7/RB1k4/8 w - - 0 1
1,1,0,0,0,0,0,1,-1,1,0,1,1,1,0,0,0,0,0,16,0,0,6,7,4,1,3,3,2,23,18,0,0,0,0,0,0,0,0,7,1,1,0,0,0,0,2,0,1,0,KRBKRNvK,DRAW,8/5B2/8/2R4K/1k6/8/8/n5r1 w - - 0 1
0,1,0,0,0,0,0,1,-1,1,0,1,1,1,0,0,0,0,0,16,0,0,3,2,6,1,3,3,2,6,0,1,0,0,0,0,0,0,0,7,1,1,0,1,0,0,0,0,0,0,KRBKRNvK,DRAW,1R6/2K5/8/8/1k1n4/8/7r/5B2 b - - 0 1
1,1,0,0,0,0,0,1,-1,1,0,1,1,1,0,0,0,0,0,16,0,0,4,6,0,2,1,5,3,24,23,0,0,0,0,0,0,0,0,7,1,1,0,0,0,0,2,1,2,0,KRBKRNvK,DRAW,8/1r6/8/8/6n1/3R4/2k5/2B3K1 w - - 0 1
1,1,0,0,0,0,0,1,-1,1,0,1,1,1,0,0,0,0,0,16,0,0,6,1,6,1,0,4,5,29,21,0,0,0,0,0,0,0,0,7,1,1,0,0,0,0,0,2,1,1,KRBKRNvK,DRAW,8/1K6/7B/3r4/8/3n4/2R5/1k6 w - - 0 1
1,1,0,0,0,0,0,1,-1,1,0,1,1,1,0,0,0,0,0,16,0,0,7,0,0,1,7,6,5,24,19,0,0,0,0,0,0,0,0,7,1,1,0,0,0,0,2,2,0,0,KRBKRNvK,DRAW,1k3r2/8/5n2/1B5R/8/8/8/K7 w - - 0 1
0,1,0,0,0,0,0,1,-1,1,0,1,1,1,0,0,0,0,0,16,0,0,6,7,3,1,7,3,5,5,0,1,0,0,0,0,0,0,0,7,1,1,0,0,0,0,1,2,0,0,KRBKRNvK,DRAW,1k6/8/8/8/5BRK/8/8/1n1r4 b - - 0 1
0,1,0,0,0,0,0,1,-1,1,0,1,1,1,0,0,0,0,0,16,0,0,4,4,7,5,3,3,1,5,0,1,0,0,0,0,0,0,0,7,1,1,0,1,0,0,2,2,0,0,KRBKRNvK,DRAW,4K3/8/8/8/2R2kn1/8/5r2/1B6 b - - 0 1
1,1,0,0,0,0,0,1,-1,1,0,1,1,1,0,0,0,0,0,16,0,0,5,2,5,4,0,2,3,23,27,0,0,0,0,0,0,0,0,7,1,1,1,0,0,0,2,1,0,0,KRBKRNvK,DRAW,8/2R5/2K5/3B1n2/8/7r/8/4k3 w - - 0 1
0,1,0,0,0,0,0,1,-1,1,0,1,1,1,0,0,0,0,0,16,0,0,3,7,2,4,2,4,1,23,23,0,0,0,0,0,0,0,0,7,1,1,0,0,0,0,1,2,0,2,KRBKRNvK,DRAW,R7/8/8/8/6rn/4k2K/8/1B6 b - - 0 1
0,1,0,0,0,0,0,1,-1,1,0,1,1,1,0,0,0,0,0,16,0,0,3,4,6,2,3,2,1,24,26,0,0,0,0,0,0,0,0,7,1,1,0,0,0,0,2,3,1,0,KRBKRNvK,DRAW,8/4K3/8/8/2k3n1/7r/3R4/3B4 b - - 0 1
0,1,0,0,0,0,0,1,-1,1,0,1,1,1,0,0,0,0,0,16,0,0,6,4,1,4,7,2,3,14,31,0,0,0,0,0,0,0,0,7,1,1,0,0,0,0,3,2,0,0,KRBKRNvK,DRAW,4kr2/1B6/5n2/2R5/8/8/4K3/8 b - - 0 1
0,1,0,0,0,0,0,1,-1,1,0,1,1,1,0,0,0,0,0,16,0,0,6,6,1,0,7,4,6,3,0,1,0,0,0,0,0,0,0,7,1,1,0,0,0,0,1,3,0,0,KRBKRNvK,DRAW,k6R/5B2/8/8/2nr4/8/6K1/8 b - - 0 1
1,1,0,0,0,0,0,1,-1,1,0,1,1,1,0,0,0,0,0,16,0,0,5,6,0,1,0,5,5,26,4,0,0,0,0,0,0,0,0,7,1,1,0,0,0,0,2,0,1,0,KRBKRNvK,DRAW,8/8/8/8/7R/B7/n7/rk4K1 w - - 0 1
1,1,0,0,0,0,0,1,-1,1,0,1,1,1,0,0,0,0,0,16,0,0,2,3,6,5,7,2,4,27,20,0,0,0,0,0,0,0,0,7,1,1,0,0,0,0,2,2,0,1,KRBKRNvK,DRAW,5k2/3K4/8/3nB2R/8/4r3/8/8 w - - 0 1
1,1,0,0,0,0,0,1,-1,1,0,1,1,1,0,0,0,0,0,16,0,0,5,7,3,2,0,3,4,19,22,0,0,0,0,0,0,0,0,7,1,1,0,0,0,0,2,2,0,0,KRBKRNvK,DRAW,5n2/3r4/8/8/7K/7R/8/2k4B w - - 0 1
0,1,0,0,0,0,0,1,-1,1,0,1,1,1,0,0,0,0,0,16,0,0,2,4,6,6,4,2,2,22,23,0,0,0,0,0,0,0,0,7,1,1,0,0,0,0,1,2,1,1,KRBKRNvK,DRAW,8/4K3/3r4/6k1/3n4/6B1/5R2/8 b - - 0 1
1,1,0,0,0,0,0,1,-1,1,0,1,1,1,0,0,0,0,0,16,0,0,4,2,4,6,6,1,4,23,25,0,0,0,0,0,0,0,0,7,1,1,0,0,0,0,3,2,0,0,KRBKRNvK,DRAW,8/1B4k1/8/2K2n2/5r2/8/2R5/8 w - - 0 1
1,1,0,0,0,0,0,1,-1,1,0,1,1,1,0,0,0,0,0,16,0,0,3,0,4,0,1,3,5,4,0,1,0,0,0,0,0,0,0,7,1,1,0,0,0,0,2,2,0,1,KRBKRNvK,DRAW,7B/8/8/K7/2n5/4r3/k7/6R1 w - - 0 1
0,1,0,0,0,0,0,1,-1,1,0,1,1,1,0,0,0,0,0,16,0,0,2,4,2,6,1,1,4,19,26,0,0,0,0,0,0,0,0,7,1,1,0,0,0,0,2,0,0,0,KRBKRNvK,DRAW,8/1r6/B7/8/8/4K3/6k1/2R4n b - - 0 1
0,1,0,0,0,0,0,1,-1,1,0,1,1,1,0,0,0,0,0,16,0,0,2,7,4,7,6,3,5,20,22,0,0,0,0,0,0,0,0,7,1,1,0,0,0,0,2,0,0,0,KRBKRNvK,DRAW,4Bn2/7k/8/2R4K/8/8/8/r7 b - - 0 1
1,1,0,0,0,0,0,1,-1,1,0,1,1,1,0,0,0,0,0,16,0,0,2,7,6,7,4,5,3,21,18,0,0,0,0,0,0,0,0,7,1,1,1,1,0,0,2,1,1,0,KRBKRNvK,DRAW,8/4R2K/8/7k/7B/1n6/7r/8 w - - 0 1
1,1,0,0,0,0,0,1,-1,1,0,1,1,1,0,0,0,0,0,16,0,0,2,1,3,3,5,2,1,27,19,0,0,0,0,0,0,0,0,7,1,1,0,0,0,0,0,3,0,1,KRBKRNvK,DRAW,7R/8/3k4/8/1K4B1/3r4/8/2n5 w - - 0 1
1,1,0,0,0,0,0,1,-1,1,0,1,1,1,0,0,0,0,0,16,0,0,5,2,5,7,3,2,3,6,0,1,0,0,0,0,0,0,0,7,1,1,0,0,0,0,2,2,1,1,KRBKRNvK,DRAW,8/n7/2K3R1/3B2r1/7k/8/8/8 w - - 0 1
0,1,0,0,0,0,0,1,-1,1,0,1,1,1,0,0,0,0,0,16,0,0,4,6,6,2,2,4,2,4,0,1,0,0,0,0,0,0,0,7,1,1,0,0,0,0,2,2,1,1,KRBKRNvK,DRAW,3R4/6K1/8/6n1/8/2k4r/8/4B3 b - - 0 1
1,1,0,0,0,0,0,1,-1,1,0,1,1,1,0,0,0,0,0,16,0,0,2,4,7,2,6,3,3,2,0,1,0,0,0,0,0,0,0,7,1,1,0,0,0,0,0,3,0,0,KRBKRNvK,DRAW,4K3/2k5/8/8/8/4r3/4n3/5B1R w - - 0 1
1,1,0,0,0,0,0,1,-1,1,0,1,1,1,0,0,0,0,0,16,0,0,7,4,0,7,7,3,6,25,25,0,0,0,0,0,0,0,0,7,1,1,0,0,0,0,3,1,0,1,KRBKRNvK,WIN,7k/2B5/4n3/8/5R2/6r1/8/4K3 w - - 0 1
0,1,0,0,0,0,0,1,-1,1,0,1,1,1,0,0,0,0,0,16,0,0,4,5,3,2,7,1,4,3,0,1,0,0,0,0,0,0,0,7,1,1,0,1,0,0,2,0,2,0,KRBKRNvK,DRAW,2k2n2/8/B1R5/8/5K2/8/1r6/8 b - - 0 1
1,1,0,0,0,0,0,1,-1,1,0,1,1,1,0,0,0,0,0,16,0,0,6,0,1,2,7,5,4,26,20,0,0,0,0,0,0,0,0,7,1,1,0,0,0,0,2,1,0,0,KRBKRNvK,DRAW,2k5/6B1/1r6/1n6/8/8/K4R2/8 w - - 0 1
0,1,0,0,0,0,0,1,-1,1,0,1,1,1,0,0,0,0,0,16,0,0,3,2,7,5,7,4,4,19,26,0,0,0,0,0,0,0,0,7,1,1,0,0,0,0,0,2,2,0,KRBKRNvK,DRAW,2K2k2/3B4/6R1/4r3/8/8/7n/8 b - - 0 1
0,1,0,0,0,0,0,1,-1,1,0,1,1,1,0,0,0,0,0,16,0,0,2,4,6,6,4,2,2,4,0,1,0,0,0,0,0,0,0,7,1,1,0,0,0,0,0,2,1,0,KRBKRNvK,LOSS,4B3/4K3/n5R1/6k1/r7/8/8/8 b - - 0 1
1,1,0,0,0,0,0,1,-1,1,0,1,1,1,0,0,0,0,0,16,0,0,7,0,5,7,6,4,5,22,21,0,0,0,0,0,0,0,0,7,1,1,0,0,0,0,0,2,0,0,KRBKRNvK,DRAW,2R1B3/7k/K7/8/8/4r3/7n/8 w - - 0 1
0,1,0,0,0,0,0,1,-1,1,0,1,1,1,0,0,0,0,0,16,0,0,6,0,6,6,2,5,3,4,0,1,0,0,0,0,0,0,0,7,1,1,0,0,0,0,1,1,1,0,KRBKRNvK,DRAW,6R1/K7/8/4Br1n/8/6k1/8/8 b - - 0 1
1,1,0,0,0,0,0,1,-1,1,0,1,1,1,0,0,0,0,0,16,0,0,3,3,5,6,5,1,3,29,23,0,0,0,0,0,0,0,0,7,1,1,0,1,0,0,4,0,0,0,KRBKRNvK,DRAW,8/8/3K2k1/8/R7/8/6r1/3nB3 w - - 0 1
0,1,0,0,0,0,0,1,-1,1,0,1,1,1,0,0,0,0,0,16,0,0,2,6,4,4,4,2,0,21,15,0,0,0,0,0,0,0,0,7,1,1,0,0,0,0,2,3,0,0,KRBKRNvK,DRAW,8/8/1r6/4k1KR/8/8/8/4n2B b - - 0 1
0,1,0,0,0,0,0,1,-1,1,0,1,1,1,0,0,0,0,0,16,0,0,5,6,4,1,3,2,2,26,27,0,0,0,0,0,0,0,0,7,1,1,0,0,0,0,1,1,1,2,KRBKRNvK,DRAW,8/5r2/1B6/6K1/1k4n1/8/8/7R b - - 0 1
1,1,0,0,0,0,0,1,-1,1,0,1,1,1,0,0,0,0,0,16,0,0,4,7,3,3,4,3,0,4,0,1,0,0,0,0,0,0,0,7,1,1,0,0,0,0,0,3,0,1,KRBKRNvK,DRAW,8/r7/7R/3k1n2/7K/8/4B3/8 w - - 0 1
1,1,0,0,0,0,0,1,-1,1,0,1,1,1,0,0,0,0,0,16,0,0,5,2,3,7,2,1,4,29,20,0,0,0,0,0,0,0,0,7,1,1,0,0,0,0,3,0,1,1,KRBKRNvK,DRAW,3n3B/8/r7/8/2K5/7k/8/6R1 w - - 0 1
1,1,0,0,0,0,0,1,-1,1,0,1,1,1,0,0,0,0,0,16,0,0,6,6,2,0,2,3,4,28,18,0,0,0,0,0,0,0,0,7,1,1,0,0,0,0,0,2,2,1,KRBKRNvK,DRAW,n7/8/8/1B6/4r3/k5K1/2R5/8 w - - 0 1
0,1,0,0,0,0,0,1,-1,1,0,1,1,1,0,0,0,0,0,16,0,0,5,1,0,6,0,5,5,2,0,1,0,0,0,0,0,0,0,7,1,1,0,1,0,0,3,0,0,1,KRBKRNvK,DRAW,8/B7/8/6R1/8/8/1n5r/1K4k1 b - - 0 1
0,1,0,0,0,0,0,1,-1,1,0,1,1,1,0,0,0,0,0,16,0,0,3,4,5,7,5,1,4,23,23,0,0,0,0,0,0,0,0,7,1,1,0,0,0,0,3,3,1,0,KRBKRNvK,DRAW,7B/8/1R2K2k/8/7r/4n3/8/8 b - - 0 1
0,1,0,0,0,0,0,1,-1,1,0,1,1,1,0,0,0,0,0,16,0,0,2,3,1,2,3,2,1,3,0,1,0,0,0,0,0,0,0,7,1,1,0,0,0,0,2,2,1,0,KRBKRNvK,DRAW,3R4/8/B7/8/2k5/8/3K4/n6r b - - 0 1
0,1,0,0,0,0,0,1,-1,1,0,1,1,1,0,0,0,0,0,16,0,0,6,0,6,6,1,5,4,19,24,0,0,0,0,0,0,0,0,7,1,1,0,0,0,0,2,0,1,1,KRBKRNvK,DRAW,1r5n/K7/8/8/8/8/4B1k1/3R4 b - - 0 1
0,1,0,0,0,0,0,1,-1,1,0,1,1,1,0,0,0,0,0,16,0,0,4,6,5,2,4,3,1,18,29,0,0,0,0,0,0,0,0,7,1,1,0,0,0,0,2,3,1,2,KRBKRNvK,DRAW,1R6/7n/6K1/2k2r2/8/2B5/8/8 b - - 0 1
1,1,0,0,0,0,0,1,-1,1,0,1,1,1,0,0,0,0,0,16,0,0,2,2,2,3,4,2,0,4,0,1,0,0,0,0,0,0,0,7,1,1,0,0,0,0,2,3,1,2,KRBKRNvK,DRAW,8/8/5R2/3k4/8/2K3B1/8/1nr5 w - - 0 1
0,1,0,0,0,0,0,1,-1,1,0,1,1,1,0,0,0,0,0,16,0,0,5,0,5,5,3,4,1,6,0,1,0,0,0,0,0,0,0,7,1,1,0,0,0,0,0,3,1,0,KRBKRNvK,DRAW,8/8/K3n3/8/5k2/6r1/5R2/4B3 b - - 0 1
0,1,0,0,0,0,0,1,-1,1,0,1,1,1,0,0,0,0,0,16,0,0,4,7,5,5,1,4,3,6,0,1,0,0,0,0,0,0,0,7,1,1,0,0,0,0,1,1,1,0,KRBKRNvK,DRAW,8/8/1n5K/8/8/1r1B4/R4k2/8 b - - 0 1
0,1,0,0,0,0,0,1,-1,1,0,1,1,1,0,0,0,0,0,16,0,0,5,6,7,6,2,5,3,5,0,1,0,0,0,0,0,0,0,7,1,1,0,1,0,0,1,0,1,0,KRBKRNvK,DRAW,6K1/8/6R1/3n1B2/8/6k1/2r5/8 b - - 0 1
0,1,0,0,0,0,0,1,-1,1,0,1,1,1,0,0,0,0,0,16,0,0,2,3,2,2,4,1,1,5,0,1,0,0,0,0,0,0,0,7,1,1,1,0,0,0,3,4,1,0,KRBKRNvK,DRAW,8/2R5/4r3/2k5/n7/3K4/B7/8 b - - 0 1
1,1,0,0,0,0,0,1,-1,1,0,1,1,1,0,0,0,0,0,16,0,0,4,4,4,5,0,0,4,20,22,0,0,0,0,0,0,0,0,7,1,1,0,0,0,0,4,0,0,0,KRBKRNvK,WIN,4R3/8/r7/4K2n/8/8/B7/5k2 w - - 0 1
1,1,0,0,0,0,0,1,-1,1,0,1,1,1,0,0,0,0,0,16,0,0,3,3,5,6,3,1,2,28,20,0,0,0,0,0,0,0,0,7,1,1,0,1,0,0,2,0,1,0,KRBKRNvK,DRAW,3B2n1/8/3K4/8/6k1/7R/r7/8 w - - 0 1
1,1,0,0,0,0,0,1,-1,1,0,1,1,1,0,0,0,0,0,16,0,0,6,0,7,6,4,6,2,22,21,0,0,0,0,0,0,0,0,7,1,1,0,1,0,0,2,0,1,0,KRBKRNvK,DRAW,K7/8/8/6k1/7R/8/1r6/3B2n1 w - - 0 1
0,1,0,0,0,0,0,1,-1,1,0,1,1,1,0,0,0,0,0,16,0,0,4,5,4,3,0,1,3,4,0,1,0,0,0,0,0,0,0,7,1,1,0,0,0,0,4,0,0,0,KRBKRNvK,DRAW,2B3n1/8/3R4/5K2/8/8/8/r2k4 b - - 0 1
1,1,0,0,0,0,0,1,-1,1,0,1,1,1,0,0,0,0,0,16,0,0,3,6,6,3,6,4,2,22,21,0,0,0,0,0,0,0,0,7,1,1,1,0,0,0,1,2,0,0,KRBKRNvK,DRAW,8/n2k2KR/3r4/8/2B5/8/8/8 w - - 0 1
1,1,0,0,0,0,0,1,-1,1,0,1,1,1,0,0,0,0,0,16,0,0,5,7,2,2,1,4,3,26,24,0,0,0,0,0,0,0,0,7,1,1,1,0,0,0,2,0,0,0,KRBKRNvK,WIN,B7/6R1/8/8/8/7K/n1k5/1r6 w - - 0 1
0,1,0,0,0,0,0,1,-1,1,0,1,1,1,0,0,0,0,0,16,0,0,5,4,1,4,6,2,2,22,28,0,0,0,0,0,0,0,0,7,1,1,0,0,0,0,1,2,0,0,KRBKRNvK,DRAW,8/4k3/n6R/5r2/8/1B6/4K3/8 b - - 0 1
0,1,0,0,0,0,0,1,-1,1,0,1,1,1,0,0,0,0,0,16,0,0,3,5,0,2,1,4,3,5,0,1,0,0,0,0,0,0,0,7,1,1,0,0,0,0,0,0,1,0,KRBKRNvK,DRAW,8/1n4r1/8/6B1/8/8/R1k5/5K2 b - - 0 1
1,1,0,0,0,0,0,1,-1,1,0,1,1,1,0,0,0,0,0,16,0,0,7,7,0,3,7,6,3,24,26,0,0,0,0,0,0,0,0,7,1,1,0,1,0,0,2,1,0,1,KRBKRNvK,DRAW,3k4/8/R7/8/2n5/8/1B3r2/7K w - - 0 1
1,1,0,0,0,0,0,1,-1,1,0,1,1,1,0,0,0,0,0,16,0,0,7,2,7,4,0,4,3,28,16,0,0,0,0,0,0,0,0,7,1,1,0,0,0,0,1,0,1,0,KRBKRNvK,WIN,2K5/8/8/8/3B4/2R5/6n1/4k2r w - - 0 1
1,1,0,0,0,0,0,1,-1,1,0,1,1,1,0,0,0,0,0,16,0,0,2,6,6,4,7,4,3,7,0,1,0,0,0,0,0,0,0,7,1,1,0,0,0,0,2,1,0,1,KRBKRNvK,DRAW,4k3/1r4K1/8/6n1/8/1B1R4/8/8 w - - 0 1
0,1,0,0,0,0,0,1,-1,1,0,1,1,1,0,0,0,0,0,16,0,0,2,3,7,1,5,3,3,20,20,0,0,0,0,0,0,0,0,7,1,1,0,0,0,0,0,0,0,1,KRBKRNvK,DRAW,3K3R/8/1kr5/8/8/8/8/n2B4 b - - 0 1
1,1,0,0,0,0,0,1,-1,1,0,1,1,1,0,0,0,0,0,16,0,0,2,5,2,7,0,2,6,3,0,1,0,0,0,0,0,0,0,7,1,1,0,0,0,0,2,1,0,2,KRBKRNvK,DRAW,8/7B/8/4Rn2/8/5K2/8/5r1k w - - 0 1
0,1,0,0,0,0,0,1,-1,1,0,1,1,1,0,0,0,0,0,16,0,0,4,4,4,0,3,0,3,22,25,0,0,0,0,0,0,0,0,7,1,1,0,0,0,0,3,2,0,1,KRBKRNvK,DRAW,4n1B1/3r4/8/4K3/k7/8/8/7R b - - 0 1
1,1,0,0,0,0,0,1,-1,1,0,1,1,1,0,0,0,0,0,16,0,0,2,0,0,2,0,6,4,22,20,0,0,0,0,0,0,0,0,7,1,1,0,0,0,0,3,2,0,0,KRBKRNvK,DRAW,B7/n7/4R3/7r/8/8/8/K1k5 w - - 0 1
1,1,0,0,0,0,0,1,-1,1,0,1,1,1,0,0,0,0,0,16,0,0,3,2,4,5,6,1,3,27,26,0,0,0,0,0,0,0,0,7,1,1,0,0,0,0,3,2,1,1,KRBKRNvK,DRAW,1B6/5k2/6R1/2K5/8/2n5/8/r7 w - - 0 1
0,1,0,0,0,0,0,1,-1,1,0,1,1,1,0,0,0,0,0,16,0,0,4,0,0,4,4,6,0,18,24,0,0,0,0,0,0,0,0,7,1,1,0,0,0,0,0,4,0,0,KRBKRNvK,DRAW,4r3/8/8/4k3/8/8/3B4/KR5n b - - 0 1
0,1,0,0,0,0,0,1,-1,1,0,1,1,1,0,0,0,0,0,16,0,0,5,5,5,1,0,2,5,21,24,0,0,0,0,0,0,0,0,7,1,1,1,0,0,0,2,2,0,2,KRBKRNvK,DRAW,1B5n/4R3/5K2/8/6r1/8/8/1k6 b - - 0 1
1,1,0,0,0,0,0,1,-1,1,0,1,1,1,0,0,0,0,0,16,0,0,3,0,2,3,1,4,2,22,24,0,0,0,0,0,0,0,0,7,1,1,0,0,0,0,2,0,0,0,KRBKRNvK,WIN,7r/8/5R2/8/8/K7/3k4/B2n4 w - - 0 1
1,1,0,0,0,0,0,1,-1,1,0,1,1,1,0,0,0,0,0,16,0,0,4,0,4,4,6,3,2,2,0,1,0,0,0,0,0,0,0,7,1,1,0,0,0,0,1,4,0,1,KRBKRNvK,DRAW,8/4k3/1Bn4R/K3r3/8/8/8/8 w - - 0 1
0,1,0,0,0,0,0,1,-1,1,0,1,1,1,0,0,0,0,0,16,0,0,2,3,2,5,3,1,1,20,31,0,0,0,0,0,0,0,0,7,1,1,0,0,0,0,4,2,0,0,KRBKRNvK,DRAW,8/6r1/2B5/R7/5k1n/3K4/8/8 b - - 0 1
0,1,0,0,0,0,0,1,-1,1,0,1,1,1,0,0,0,0,0,16,0,0,6,3,7,4,1,3,2,24,25,0,0,0,0,0,0,0,0,7,1,1,0,0,0,0,3,0,0,0,KRBKRNvK,DRAW,B2K4/n7/8/2R5/8/6r1/4k3/8 b - - 0 1
0,1,0,0,0,0,0,1,-1,1,0,1,1,1,0,0,0,0,0,16,0,0,4,4,0,0,1,3,5,4,0,1,0,0,0,0,0,0,0,7,1,1,0,0,0,0,1,2,0,0,KRBKRNvK,DRAW,8/2Bn4/R7/3r4/8/8/k7/4K3 b - - 0 1
1,1,0,0,0,0,0,1,-1,1,0,1,1,1,0,0,0,0,0,16,0,0,3,6,2,3,3,3,0,17,18,0,0,0,0,0,0,0,0,7,1,1,0,1,0,0,1,4,0,1,KRBKRNvK,DRAW,6BR/8/8/8/3k4/6K1/3r4/6n1 w - - 0 1
1,1,0,0,0,0,0,1,-1,1,0,1,1,1,0,0,0,0,0,16,0,0,3,2,3,5,0,1,4,22,23,0,0,0,0,0,0,0,0,7,1,1,0,0,0,0,2,1,0,0,KRBKRNvK,DRAW,8/7r/8/B7/2K2n2/8/2R5/5k2 w - - 0 1
1,1,0,0,0,0,0,1,-1,1,0,1,1,1,0,0,0,0,0,16,0,0,4,5,3,1,4,1,2,21,26,0,0,0,0,0,0,0,0,7,1,1,0,0,0,0,3,1,0,0,KRBKRNvK,DRAW,5R2/3n4/8/1k6/5K2/2r5/8/6B1 w - - 0 1
1,1,0,0,0,0,0,1,-1,1,0,1,1,1,0,0,0,0,0,16,0,0,6,6,6,3,0,4,3,27,24,0,0,0,0,0,0,0,0,7,1,1,0,0,0,0,2,2,1,1,KRBKRNvK,DRAW,R7/6K1/8/6n1/2r5/8/1B6/3k4 w - - 0 1
0,1,0,0,0,0,0,1,-1,1,0,1,1,1,0,0,0,0,0,16,0,0,2,3,6,1,5,2,3,18,21,0,0,0,0,0,0,0,0,7,1,1,0,0,0,0,0,2,0,1,KRBKRNvK,DRAW,8/3K4/1k6/1r6/1n6/8/1R6/2B5 b - - 0 1
0,1,0,0,0,0,0,1,-1,1,0,1,1,1,0,0,0,0,0,16,0,0,6,6,1,7,7,4,6,20,26,0,0,0,0,0,0,0,0,7,1,1,0,0,0,0,1,2,1,1,KRBKRNvK,DRAW,7k/8/1B3R2/8/7r/n7/6K1/8 b - - 0 1
0,1,0,0,0,0,0,1,-1,1,0,1,1,1,0,0,0,0,0,16,0,0,5,7,6,2,2,5,2,5,0,1,0,0,0,0,0,0,0,7,1,1,0,1,0,0,0,2,1,0,KRBKRNvK,DRAW,8/7K/8/8/6n1/B1k2R2/r7/8 b - - 0 1
0,1,0,0,0,0,0,1,-1,1,0,1,1,1,0,0,0,0,0,16,0,0,3,3,1,1,4,2,2,23,27,0,0,0,0,0,0,0,0,7,1,1,1,0,0,0,0,0,0,0,KRBKRNvK,DRAW,1n6/6R1/r7/1k6/6B1/8/3K4/8 b - - 0 1
1,1,0,0,0,0,0,1,-1,1,0,1,1,1,0,0,0,0,0,16,0,0,4,0,0,4,4,6,0,20,25,0,0,0,0,0,0,0,0,7,1,1,1,0,0,0,2,3,1,0,KRBKRNvK,DRAW,4B3/3R4/7r/4k3/8/8/4n3/K7 w - - 0 1
0,1,0,0,0,0,0,1,-1,1,0,1,1,1,0,0,0,0,0,16,0,0,4,1,0,5,4,5,1,4,0,1,0,0,0,0,0,0,0,7,1,1,0,1,0,0,0,4,2,1,KRBKRNvK,DRAW,8/3B4/8/5k2/n7/5R2/3r4/1K6 b - - 0 1
0,1,0,0,0,0,0,1,-1,1,0,1,1,1,0,0,0,0,0,16,0,0,5,2,6,0,1,3,5,20,26,0,0,0,0,0,0,0,0,7,1,1,0,0,0,0,1,2,0,0,KRBKRNvK,DRAW,8/2K5/6R1/8/7r/6B1/k6n/8 b - - 0 1
0,1,0,0,0,0,0,1,-1,1,0,1,1,1,0,0,0,0,0,16,0,0,4,3,5,7,7,1,6,21,25,0,0,0,0,0,0,0,0,7,1,1,0,0,0,0,2,2,0,1,KRBKRNvK,DRAW,7k/8/3K4/4r3/6B1/8/8/2R2n2 b - - 0 1
1,1,0,0,0,0,0,1,-1,1,0,1,1,1,0,0,0,0,0,16,0,0,2,5,0,5,2,4,2,22,19,0,0,0,0,0,0,0,0,7,1,1,0,0,0,0,2,3,0,0,KRBKRNvK,DRAW,3rB3/8/1n6/8/R7/5k2/8/5K2 w - - 0 1
0,1,0,0,0,0,0,1,-1,1,0,1,1,1,0,0,0,0,0,16,0,0,2,2,2,0,3,2,3,17,19,0,0,0,0,0,0,0,0,7,1,1,0,1,0,0,1,0,0,1,KRBKRNvK,DRAW,R7/n7/7B/8/k7/2K5/1r6/8 b - - 0 1
0,1,0,0,0,0,0,1,-1,1,0,1,1,1,0,0,0,0,0,16,0,0,2,1,0,3,2,5,1,17,25,0,0,0,0,0,0,0,0,7,1,1,0,0,0,0,2,2,1,0,KRBKRNvK,DRAW,8/3B4/7r/7n/8/3k4/8/1K2R3 b - - 0 1
0,1,0,0,0,0,0,1,-1,1,0,1,1,1,0,0,0,0,0,16,0,0,2,5,7,7,7,4,6,19,21,0,0,0,0,0,0,0,0,7,1,1,0,0,0,0,2,1,0,0,KRBKRNvK,LOSS,5K1k/8/8/8/3R4/2r1n3/1B6/8 b - - 0 1
0,1,0,0,0,0,0,1,-1,1,0,1,1,1,0,0,0,0,0,16,0,0,6,1,1,7,3,4,3,20,30,0,0,0,0,0,0,0,0,7,1,1,0,0,0,0,1,3,0,0,KRBKRNvK,DRAW,8/8/1B6/4rn2/7k/8/1K6/6R1 b - - 0 1
1,1,0,0,0,0,0,1,-1,1,0,1,1,1,0,0,0,0,0,16,0,0,2,0,0,0,2,6,4,21,21,0,0,0,0,0,0,0,0,7,1,1,0,0,0,0,2,0,0,0,KRBKRNvK,DRAW,4R3/8/1r5B/n7/8/k7/8/K7 w - - 0 1
0,1,0,0,0,0,0,1,-1,1,0,1,1,1,0,0,0,0,0,16,0,0,2,4,1,5,3,2,1,19,25,0,0,0,0,0,0,0,0,7,1,1,1,0,0,0,1,2,1,0,KRBKRNvK,DRAW,8/5R2/1r6/5B2/5k2/8/4K3/7n b - - 0 1
0,1,0,0,0,0,0,1,-1,1,0,1,1,1,0,0,0,0,0,16,0,0,3,1,0,4,2,5,1,22,21,0,0,0,0,0,0,0,0,7,1,1,0,0,0,0,0,3,2,0,KRBKRNvK,DRAW,8/8/4r3/2n5/8/4k3/8/1K2BR2 b - - 0 1
0,1,0,0,0,0,0,1,-1,1,0,1,1,1,0,0,0,0,0,16,0,0,2,3,3,1,3,0,2,17,24,0,0,0,0,0,0,0,0,7,1,1,0,0,0,0,3,2,0,0,KRBKRNvK,DRAW,7R/n7/8/r7/1k1K4/8/8/3B4 b - - 0 1
1,1,0,0,0,0,0,1,-1,1,0,1,1,1,0,0,0,0,0,16,0,0,2,2,6,4,5,3,1,27,22,0,0,0,0,0,0,0,0,7,1,1,0,0,0,0,2,3,0,1,KRBKRNvK,DRAW,8/2K5/4kn2/4r3/7R/8/8/1B6 w - - 0 1
0,1,0,0,0,0,0,1,-1,1,0,1,1,1,0,0,0,0,0,16,0,0,5,0,1,5,5,5,2,20,25,0,0,0,0,0,0,0,0,7,1,1,0,0,0,0,1,1,0,0,KRBKRNvK,DRAW,4n1r1/B7/5k2/8/8/8/K1R5/8 b - - 0 1
0,1,0,0,0,0,0,1,-1,1,0,1,1,1,0,0,0,0,0,16,0,0,2,3,4,2,2,0,2,3,0,1,0,0,0,0,0,0,0,7,1,1,0,0,0,0,3,2,0,1,KRBKRNvK,DRAW,8/3n4/8/3K1B2/8/2k3R1/8/7r b - - 0 1
0,1,0,0,0,0,0,1,-1,1,0,1,1,1,0,0,0,0,0,16,0,0,5,4,6,1,1,2,4,29,24,0,0,0,0,0,0,0,0,7,1,1,0,0,0,0,0,3,0,1,KRBKRNvK,DRAW,5R2/4K3/8/B1n5/8/8/1k6/3r4 b - - 0 1
0,1,0,0,0,0,0,1,-1,1,0,1,1,1,0,0,0,0,0,16,0,0,5,0,4,5,7,3,4,20,25,0,0,0,0,0,0,0,0,7,1,1,0,0,0,0,1,0,1,1,KRBKRNvK,DRAW,5k2/8/6B1/K7/8/2r4n/6R1/8 b - - 0 1
0,1,0,0,0,0,0,1,-1,1,0,1,1,1,0,0,0,0,0,16,0,0,2,2,3,2,1,1,3,4,0,1,0,0,0,0,0,0,0,7,1,1,0,0,0,0,3,0,1,0,KRBKRNvK,LOSS,n7/7r/8/8/2K4R/3B4/2k5/8 b - - 0 1
1,1,0,0,0,0,0,1,-1,1,0,1,1,1,0,0,0,0,0,16,0,0,3,2,6,1,3,3,2,5,0,1,0,0,0,0,0,0,0,7,1,1,0,0,0,0,0,0,2,0,KRBKRNvK,DRAW,8/2K3r1/2R5/1B6/1k6/8/8/3n4 w - - 0 1
0,1,0,0,0,0,0,1,-1,1,0,1,1,1,0,0,0,0,0,16,0,0,2,0,5,2,6,4,3,24,29,0,0,0,0,0,0,0,0,7,1,1,0,0,0,0,2,1,1,1,KRBKRNvK,DRAW,1r6/2k5/K7/3B2n1/7R/8/8/8 b - - 0 1
1,1,0,0,0,0,0,1,-1,1,0,1,1,1,0,0,0,0,0,16,0,0,3,4,2,1,1,1,4,25,25,0,0,0,0,0,0,0,0,7,1,1,1,1,0,0,2,1,0,1,KRBKRNvK,DRAW,8/2R5/3n4/7B/8/4K3/1k4r1/8 w - - 0 1
1,1,0,0,0,0,0,1,-1,1,0,1,1,1,0,0,0,0,0,16,0,0,4,0,5,3,1,4,2,3,0,1,0,0,0,0,0,0,0,7,1,1,0,1,0,0,0,1,0,0,KRBKRNvK,DRAW,1R6/8/K7/6n1/7B/8/r2k4/8 w - - 0 1
1,1,0,0,0,0,0,1,-1,1,0,1,1,1,0,0,0,0,0,16,0,0,4,7,1,6,5,5,3,26,27,0,0,0,0,0,0,0,0,7,1,1,0,0,0,0,0,3,0,0,KRBKRNvK,DRAW,3r4/8/6k1/8/8/B1n5/7K/5R2 w - - 0 1
1,1,0,0,0,0,0,1,-1,1,0,1,1,1,0,0,0,0,0,16,0,0,3,6,1,3,0,4,3,27,23,0,0,0,0,0,0,0,0,7,1,1,0,0,0,0,0,1,1,1,KRBKRNvK,DRAW,7r/8/5R2/8/6n1/8/3B2K1/3k4 w - - 0 1
0,1,0,0,0,0,0,1,-1,1,0,1,1,1,0,0,0,0,0,16,0,0,3,0,3,3,6,3,2,24,29,0,0,0,0,0,0,0,0,7,1,1,0,0,0,0,3,0,0,0,KRBKRNvK,DRAW,1n6/3k4/8/8/K5R1/2B5/8/7r b - - 0 1
0,1,0,0,0,0,0,1,-1,1,0,1,1,1,0,0,0,0,0,16,0,0,6,7,5,1,3,4,2,6,0,1,0,0,0,0,0,0,0,7,1,1,0,0,0,0,1,1,1,1,KRBKRNvK,DRAW,1R6/5r2/7K/8/1k6/6n1/2B5/8 b - - 0 1
1,1,0,0,0,0,0,1,-1,1,0,1,1,1,0,0,0,0,0,16,0,0,3,3,3,6,3,0,2,21,26,0,0,0,0,0,0,0,0,7,1,1,1,1,0,0,4,2,0,1,KRBKRNvK,DRAW,8/2R3B1/n7/8/3K2k1/8/4r3/8 w - - 0 1
0,1,0,0,0,0,0,1,-1,1,0,1,1,1,0,0,0,0,0,16,0,0,2,4,7,3,5,3,1,20,23,0,0,0,0,0,0,0,0,7,1,1,0,0,0,0,2,2,0,0,KRBKRNvK,DRAW,4K3/8/3k4/2r5/8/8/n7/5R1B b - - 0 1
0,1,0,0,0,0,0,1,-1,1,0,1,1,1,0,0,0,0,0,16,0,0,2,3,5,5,4,1,1,18,24,0,0,0,0,0,0,0,0,7,1,1,1,0,0,0,2,3,2,0,KRBKRNvK,DRAW,7n/7R/3K4/r4k2/8/6B1/8/8 b - - 0 1
1,1,0,0,0,0,0,1,-1,1,0,1,1,1,0,0,0,0,0,16,0,0,7,7,3,0,5,3,4,5,0,1,0,0,0,0,0,0,0,7,1,1,0,0,0,0,0,2,0,0,KRBKRNvK,DRAW,4B3/8/k7/2n5/2r4K/5R2/8/8 w - - 0 1
0,1,0,0,0,0,0,1,-1,1,0,1,1,1,0,0,0,0,0,16,0,0,4,5,5,1,5,2,3,22,24,0,0,0,0,0,0,0,0,7,1,1,0,0,0,0,1,2,0,1,KRBKRNvK,DRAW,8/1n4B1/1k3K2/8/7r/2R5/8/8 b - - 0 1
1,1,0,0,0,0,0,1,-1,1,0,1,1,1,0,0,0,0,0,16,0,0,4,7,1,4,5,5,1,3,0,1,0,0,0,0,0,0,0,7,1,1,0,0,0,0,3,2,1,1,KRBKRNvK,DRAW,7B/7r/4k3/6R1/6n1/8/7K/8 w - - 0 1
0,1,0,0,0,0,0,1,-1,1,0,1,1,1,0,0,0,0,0,16,0,0,3,5,3,2,6,1,3,23,30,0,0,0,0,0,0,0,0,7,1,1,0,0,0,0,3,0,0,1,KRBKRNvK,DRAW,8/2k5/7r/8/5K2/8/1B6/4R2n b - - 0 1
0,1,0,0,0,0,0,1,-1,1,0,1,1,1,0,0,0,0,0,16,0,0,3,3,4,6,5,0,3,23,27,0,0,0,0,0,0,0,0,7,1,1,0,1,0,0,3,2,0,0,KRBKRNvK,DRAW,8/3B4/6k1/3K4/8/8/4r3/2R3n1 b - - 0 1
1,1,0,0,0,0,0,1,-1,1,0,1,1,1,0,0,0,0,0,16,0,0,2,0,3,2,2,3,2,0,0,1,0,0,0,0,0,0,0,7,1,1,0,1,0,0,2,1,1,1,KRBKRNvK,LOSS,8/n7/8/1B3R2/K7/2k5/r7/8 w - - 0 1
0,1,0,0,0,0,0,1,-1,1,0,1,1,1,0,0,0,0,0,16,0,0,3,6,7,7,4,5,3,22,26,0,0,0,0,0,0,0,0,7,1,1,0,0,0,0,1,3,0,0,KRBKRNvK,DRAW,6K1/8/1B6/1n3r1k/8/8/R7/8 b - - 0 1
0,1,0,0,0,0,0,1,-1,1,0,1,1,1,0,0,0,0,0,16,0,0,3,4,1,1,1,2,4,20,25,0,0,0,0,0,0,0,0,7,1,1,1,0,0,0,1,0,0,0,KRBKRNvK,DRAW,6B1/6R1/8/8/8/r7/nk2K3/8 b - - 0 1
0,1,0,0,0,0,0,1,-1,1,0,1,1,1,0,0,0,0,0,16,0,0,7,7,1,0,2,5,4,21,23,0,0,0,0,0,0,0,0,7,1,1,0,1,0,0,0,1,0,0,KRBKRNvK,DRAW,5R2/8/8/7B/8/k7/2r1n2K/8 b - - 0 1
1,1,0,0,0,0,0,1,-1,1,0,1,1,1,0,0,0,0,0,16,0,0,4,4,5,0,7,1,6,29,18,0,0,0,0,0,0,0,0,7,1,1,0,1,0,0,3,1,0,0,KRBKRNvK,DRAW,k7/8/4K3/8/8/7R/r3n3/B7 w - - 0 1
1,1,0,0,0,0,0,1,-1,1,0,1,1,1,0,0,0,0,0,16,0,0,2,0,2,2,4,4,1,29,22,0,0,0,0,0,0,0,0,7,1,1,0,0,0,0,1,4,1,0,KRBKRNvK,DRAW,8/4r3/8/2k5/8/K2B4/5R2/6n1 w - - 0 1
0,1,0,0,0,0,0,1,-1,1,0,1,1,1,0,0,0,0,0,16,0,0,2,3,3,4,5,0,1,20,28,0,0,0,0,0,0,0,0,7,1,1,0,0,0,0,3,2,0,0,KRBKRNvK,DRAW,8/5r2/4k3/8/3K4/8/2B5/1R5n b - - 0 1
1,1,0,0,0,0,0,1,-1,1,0,1,1,1,0,0,0,0,0,16,0,0,6,4,7,1,1,3,4,5,0,1,0,0,0,0,0,0,0,7,1,1,0,0,0,0,3,0,0,0,KRBKRNvK,DRAW,r3K3/8/3R4/5B2/7n/8/1k6/8 w - - 0 1
1,1,0,0,0,0,0,1,-1,1,0,1,1,1,0,0,0,0,0,16,0,0,3,6,7,3,5,5,1,5,0,1,0,0,0,0,0,0,0,7,1,1,0,0,0,0,2,2,2,0,KRBKRNvK,LOSS,3r2K1/2n5/3k4/1B2R3/8/8/8/8 w - - 0 1
0,1,0,0,0,0,0,1,-1,1,0,1,1,1,0,0,0,0,0,16,0,0,2,6,4,4,3,2,0,16,22,0,0,0,0,0,0,0,0,7,1,1,0,0,0,0,1,4,0,0,KRBKRNvK,DRAW,4r3/B7/8/6K1/4k3/8/8/6Rn b - - 0 1
1,1,0,0,0,0,0,1,-1,1,0,1,1,1,0,0,0,0,0,16,0,0,5,5,1,7,6,3,5,6,0,1,0,0,0,0,0,0,0,7,1,1,0,0,0,0,0,2,0,1,KRBKRNvK,DRAW,8/7k/B7/5r2/8/8/5K1n/1R6 w - - 0 1
0,1,0,0,0,0,0,1,-1,1,0,1,1,1,0,0,0,0,0,16,0,0,4,4,6,0,6,2,5,1,0,1,0,0,0,0,0,0,0,7,1,1,0,0,0,0,3,1,2,1,KRBKRNvK,DRAW,Br6/k3K3/4n3/R7/8/8/8/8 b - - 0 1
0,1,0,0,0,0,0,1,-1,1,0,1,1,1,0,0,0,0,0,16,0,0,6,6,2,0,4,3,3,3,0,1,0,0,0,0,0,0,0,7,1,1,0,0,0,0,2,0,1,0,KRBKRNvK,DRAW,r7/8/8/k7/2R5/6K1/1n6/4B3 b - - 0 1
1,1,0,0,0,0,0,1,-1,1,0,1,1,1,0,0,0,0,0,16,0,0,6,6,1,0,3,4,3,6,0,1,0,0,0,0,0,0,0,7,1,1,0,0,0,0,1,1,0,1,KRBKRNvK,DRAW,8/1r6/8/5B2/k7/4n3/6KR/8 w - - 0 1
0,1,0,0,0,0,0,1,-1,1,0,1,1,1,0,0,0,0,0,16,0,0,2,3,1,1,0,2,5,17,23,0,0,0,0,0,0,0,0,7,1,1,0,0,0,0,1,1,0,2,KRBKRNvK,DRAW,8/8/1R6/8/1n3B2/1r6/3K4/1k6 b - - 0 1
0,1,0,0,0,0,0,1,-1,1,0,1,1,1,0,0,0,0,0,16,0,0,5,1,5,6,0,3,5,4,0,1,0,0,0,0,0,0,0,7,1,1,0,0,0,0,1,1,0,0,KRBKRNvK,DRAW,8/8/1K3R2/8/3B4/3n4/8/2r3k1 b - - 0 1
1,1,0,0,0,0,0,1,-1,1,0,1,1,1,0,0,0,0,0,16,0,0,4,5,6,2,2,3,2,6,0,1,0,0,0,0,0,0,0,7,1,1,0,0,0,0,3,3,1,1,KRBKRNvK,DRAW,8/5K2/8/5r2/8/2k2B2/4R3/n7 w - - 0 1
1,1,0,0,0,0,0,1,-1,1,0,1,1,1,0,0,0,0,0,16,0,0,3,3,1,6,1,2,4,7,0,1,0,0,0,0,0,0,0,7,1,1,0,0,0,0,4,2,0,0,KRBKRNvK,DRAW,3r4/8/7n/4R3/8/2B5/3K2k1/8 w - - 0 1
1,1,0,0,0,0,0,1,-1,1,0,1,1,1,0,0,0,0,0,16,0,0,6,1,1,7,0,4,6,27,23,0,0,0,0,0,0,0,0,7,1,1,0,0,0,0,2,1,0,0,KRBKRNvK,DRAW,6r1/8/1n6/1B6/2R5/8/1K6/7k w - - 0 1
1,1,0,0,0,0,0,1,-1,1,0,1,1,1,0,0,0,0,0,16,0,0,7,5,7,3,0,4,3,18,23,0,0,0,0,0,0,0,0,7,1,1,0,0,0,0,2,2,0,0,KRBKRNvK,WIN,5K2/7B/8/5R2/4r3/7n/8/3k4 w - - 0 1
1,1,0,0,0,0,0,1,-1,1,0,1,1,1,0,0,0,0,0,16,0,0,3,3,1,0,0,2,6,28,22,0,0,0,0,0,0,0,0,7,1,1,0,0,0,0,0,3,0,0,KRBKRNvK,DRAW,8/2n5/7R/6B1/r7/8/3K4/k7 w - - 0 1
0,1,0,0,0,0,0,1,-1,1,0,1,1,1,0,0,0,0,0,16,0,0,6,1,6,0,0,4,6,17,28,0,0,0,0,0,0,0,0,7,1,1,0,1,0,0,2,0,0,0,KRBKRNvK,DRAW,8/1K6/6R1/8/8/5B2/r7/k6n b - - 0 1
0,1,0,0,0,0,0,1,-1,1,0,1,1,1,0,0,0,0,0,16,0,0,2,5,3,4,5,1,1,24,25,0,0,0,0,0,0,0,0,7,1,1,0,0,0,0,2,3,0,1,KRBKRNvK,DRAW,8/8/r3k3/5n2/5K2/2R5/8/3B4 b - - 0 1
0,1,0,0,0,0,0,1,-1,1,0,1,1,1,0,0,0,0,0,16,0,0,7,2,0,2,7,4,4,5,0,1,0,0,0,0,0,0,0,7,1,1,0,0,0,0,0,1,0,0,KRBKRNvK,LOSS,2k5/8/3n3r/8/8/8/2RB4/2K5 b - - 0 1
1,1,0,0,0,0,0,1,-1,1,0,1,1,1,0,0,0,0,0,16,0,0,2,6,3,4,3,2,0,23,18,0,0,0,0,0,0,0,0,7,1,1,0,0,0,0,2,3,1,0,KRBKRNvK,DRAW,n2B4/8/8/8/4k1K1/1r6/3R4/8 w - - 0 1
1,1,0,0,0,0,0,1,-1,1,0,1,1,1,0,0,0,0,0,16,0,0,5,6,5,3,0,3,3,35,17,0,0,0,0,0,0,0,0,7,1,1,0,0,0,0,1,2,0,1,KRBKRNvK,DRAW,2R5/8/6K1/4B3/4r3/8/n7/3k4 w - - 0 1
0,1,0,0,0,0,0,1,-1,1,0,1,1,1,0,0,0,0,0,16,0,0,2,5,5,4,3,2,0,5,0,1,0,0,0,0,0,0,0,7,1,1,0,0,0,0,2,4,1,1,KRBKRNvK,LOSS,3Br3/8/5K2/8/4k3/8/3nR3/8 b - - 0 1
0,1,0,0,0,0,0,1,-1,1,0,1,1,1,0,0,0,0,0,16,0,0,5,1,6,4,1,4,2,22,29,0,0,0,0,0,0,0,0,7,1,1,0,0,0,0,2,3,1,0,KRBKRNvK,DRAW,8/1K6/8/5r2/8/6n1/4k1B1/R7 b - - 0 1
0,1,0,0,0,0,0,1,-1,1,0,1,1,1,0,0,0,0,0,16,0,0,2,3,3,5,3,0,1,19,18,0,0,0,0,0,0,0,0,7,1,1,0,0,0,0,4,2,1,0,KRBKRNvK,DRAW,8/5B2/6r1/3R4/3K1k2/8/8/7n b - - 0 1
0,1,0,0,0,0,0,1,-1,1,0,1,1,1,0,0,0,0,0,16,0,0,4,4,7,5,3,3,1,6,0,1,0,0,0,0,0,0,0,7,1,1,0,0,0,0,0,3,1,0,KRBKRNvK,DRAW,2R1K3/8/8/3r4/n4k2/8/7B/8 b - - 0 1
0,1,0,0,0,0,0,1,-1,1,0,1,1,1,0,0,0,0,0,16,0,0,3,6,6,3,4,4,0,23,21,0,0,0,0,0,0,0,0,7,1,1,0,0,0,0,2,3,0,1,KRBKRNvK,DRAW,8/n5K1/7r/3k4/8/8/1B4R1/8 b - - 0 1
1,1,0,0,0,0,0,1,-1,1,0,1,1,1,0,0,0,0,0,16,0,0,5,7,6,2,3,5,1,26,23,0,0,0,0,0,0,0,0,7,1,1,0,0,0,0,3,2,0,0,KRBKRNvK,DRAW,8/7K/1r2n3/7R/2k5/5B2/8/8 w - - 0 1
1,1,0,0,0,0,0,1,-1,1,0,1,1,1,0,0,0,0,0,16,0,0,2,2,4,4,6,1,2,28,17,0,0,0,0,0,0,0,0,7,1,1,0,1,0,0,2,0,1,1,KRBKRNvK,DRAW,8/3Bk3/8/2K5/8/n7/r7/7R w - - 0 1
1,1,0,0,0,0,0,1,-1,1,0,1,1,1,0,0,0,0,0,16,0,0,2,4,6,6,4,2,2,21,20,0,0,0,0,0,0,0,0,7,1,1,0,0,0,0,0,1,1,0,KRBKRNvK,DRAW,5B2/4K3/7R/6k1/8/2rn4/8/8 w - - 0 1
0,1,0,0,0,0,0,1,-1,1,0,1,1,1,0,0,0,0,0,16,0,0,3,0,0,1,3,6,2,21,28,0,0,0,0,0,0,0,0,7,1,1,0,0,0,0,1,0,0,1,KRBKRNvK,DRAW,5R2/1r6/8/8/1k2B3/n7/8/K7 b - - 0 1
1,1,0,0,0,0,0,1,-1,1,0,1,1,1,0,0,0,0,0,16,0,0,6,6,6,2,0,4,4,24,24,0,0,0,0,0,0,0,0,7,1,1,1,0,0,0,0,0,0,0,KRBKRNvK,WIN,2B5/R5K1/8/8/3n4/8/8/2k4r w - - 0 1
0,1,0,0,0,0,0,1,-1,1,0,1,1,1,0,0,0,0,0,16,0,0,2,3,2,4,0,1,3,18,21,0,0,0,0,0,0,0,0,7,1,1,1,0,0,0,2,2,0,1,KRBKRNvK,DRAW,5n2/5R2/B7/8/4r3/3K4/8/4k3 b - - 0 1
1,1,0,0,0,0,0,1,-1,1,0,1,1,1,0,0,0,0,0,16,0,0,3,7,1,7,4,5,3,7,0,1,0,0,0,0,0,0,0,7,1,1,0,1,0,0,1,0,0,0,KRBKRNvK,DRAW,5R2/8/8/7k/3n4/3B4/1r5K/8 w - - 0 1
0,1,0,0,0,0,0,1,-1,1,0,1,1,1,0,0,0,0,0,16,0,0,7,1,0,0,7,5,6,19,23,0,0,0,0,0,0,0,0,7,1,1,0,0,0,0,1,0,1,0,KRBKRNvK,DRAW,k7/2B5/r7/7n/8/7R/8/1K6 b - - 0 1
0,1,0,0,0,0,0,1,-1,1,0,1,1,1,0,0,0,0,0,16,0,0,5,2,4,7,7,1,6,19,25,0,0,0,0,0,0,0,0,7,1,1,0,0,0,0,3,2,1,0,KRBKRNvK,DRAW,B2n3k/8/6R1/2K5/5r2/8/8/8 b - - 0 1
0,1,0,0,0,0,0,1,-1,1,0,1,1,1,0,0,0,0,0,16,0,0,3,3,6,6,4,2,2,5,0,1,0,0,0,0,0,0,0,7,1,1,0,0,0,0,2,1,1,0,KRBKRNvK,DRAW,7B/3K4/6n1/6k1/8/6R1/8/r7 b - - 0 1
1,1,0,0,0,0,0,1,-1,1,0,1,1,1,0,0,0,0,0,16,0,0,2,3,7,1,5,3,3,27,20,0,0,0,0,0,0,0,0,7,1,1,0,0,0,0,1,0,0,0,KRBKRNvK,DRAW,3K4/8/1k6/8/n7/3B4/2R5/7r w - - 0 1
0,1,0,0,0,0,0,1,-1,1,0,1,1,1,0,0,0,0,0,16,0,0,7,4,0,0,7,3,6,16,25,0,0,0,0,0,0,0,0,7,1,1,0,0,0,0,3,1,0,0,KRBKRNvK,DRAW,k7/8/4B1nr/8/8/8/4R3/4K3 b - - 0 1
0,1,0,0,0,0,0,1,-1,1,0,1,1,1,0,0,0,0,0,16,0,0,4,5,5,3,1,2,2,21,28,0,0,0,0,0,0,0,0,7,1,1,0,0,0,0,2,0,1,2,KRBKRNvK,DRAW,7n/7r/1R3K2/8/4B3/8/3k4/8 b - - 0 1
0,1,0,0,0,0,0,1,-1,1,0,1,1,1,0,0,0,0,0,16,0,0,5,5,2,7,7,2,6,3,0,1,0,0,0,0,0,0,0,7,1,1,0,0,0,0,2,0,0,0,KRBKRNvK,DRAW,4R2k/r2B4/7n/8/8/5K2/8/8 b - - 0 1
0,1,0,0,0,0,0,1,-1,1,0,1,1,1,0,0,0,0,0,16,0,0,7,2,0,5,7,4,4,22,21,0,0,0,0,0,0,0,0,7,1,1,0,0,0,0,0,0,0,0,KRBKRNvK,DRAW,5k2/8/7n/8/B7/6r1/R7/2K5 b - - 0 1
0,1,0,0,0,0,0,1,-1,1,0,1,1,1,0,0,0,0,0,16,0,0,5,1,2,4,7,3,3,20,24,0,0,0,0,0,0,0,0,7,1,1,0,0,0,0,3,2,0,1,KRBKRNvK,DRAW,4k3/8/8/r7/8/1K1R4/7B/6n1 b - - 0 1
1,1,0,0,0,0,0,1,-1,1,0,1,1,1,0,0,0,0,0,16,0,0,4,0,5,0,1,4,5,3,0,1,0,0,0,0,0,0,0,7,1,1,1,0,0,0,1,2,0,1,KRBKRNvK,DRAW,4n3/6R1/K7/2B5/r7/8/k7/8 w - - 0 1
0,1,0,0,0,0,0,1,-1,1,0,1,1,1,0,0,0,0,0,16,0,0,4,5,1,1,1,3,4,22,26,0,0,0,0,0,0,0,0,7,1,1,1,0,0,0,0,2,0,0,KRBKRNvK,DRAW,5B2/2R5/3r3n/8/8/8/1k3K2/8 b - - 0 1
1,1,0,0,0,0,0,1,-1,1,0,1,1,1,0,0,0,0,0,16,0,0,6,1,1,1,7,4,5,5,0,1,0,0,0,0,0,0,0,7,1,1,0,1,0,0,2,2,0,1,KRBKRNvK,DRAW,1k6/8/8/3n2RB/8/8/1K1r4/8 w - - 0 1
0,1,0,0,0,0,0,1,-1,1,0,1,1,1,0,0,0,0,0,16,0,0,6,1,0,7,5,5,4,18,26,0,0,0,0,0,0,0,0,7,1,1,0,0,0,0,2,0,0,1,KRBKRNvK,DRAW,n7/3B4/7k/2R5/8/r7/8/1K6 b - - 0 1
1,1,0,0,0,0,0,1,-1,1,0,1,1,1,0,0,0,0,0,16,0,0,4,5,1,6,5,3,3,20,26,0,0,0,0,0,0,0,0,7,1,1,0,0,0,0,0,0,0,0,KRBKRNvK,DRAW,7r/8/6k1/8/n7/8/5K2/2R3B1 w - - 0 1
0,1,0,0,0,0,0,1,-1,1,0,1,1,1,0,0,0,0,0,16,0,0,3,7,7,4,7,6,3,15,24,0,0,0,0,0,0,0,0,7,1,1,0,0,0,0,2,0,1,0,KRBKRNvK,DRAW,r3k2K/4B3/8/8/8/4R3/8/1n6 b - - 0 1
1,1,0,0,0,0,0,1,-1,1,0,1,1,1,0,0,0,0,0,16,0,0,2,4,4,3,6,0,2,27,15,0,0,0,0,0,0,0,0,7,1,1,0,0,0,0,3,0,0,0,KRBKRNvK,DRAW,8/1n1k3r/7B/4K3/8/8/5R2/8 w - - 0 1
1,1,0,0,0,0,0,1,-1,1,0,1,1,1,0,0,0,0,0,16,0,0,6,2,1,5,7,3,4,26,18,0,0,0,0,0,0,0,0,7,1,1,0,0,0,0,3,0,0,0,KRBKRNvK,DRAW,5k2/8/8/7n/8/3R4/1BK5/7r w - - 0 1
1,1,0,0,0,0,0,1,-1,1,0,1,1,1,0,0,0,0,0,16,0,0,2,3,5,4,3,1,0,5,0,1,0,0,0,0,0,0,0,7,1,1,0,0,0,0,3,3,2,0,KRBKRNvK,LOSS,8/8/r2K2R1/8/4k3/8/5B2/2n5 w - - 0 1
0,1,0,0,0,0,0,1,-1,1,0,1,1,1,0,0,0,0,0,16,0,0,2,5,3,7,3,1,3,15,25,0,0,0,0,0,0,0,0,7,1,1,0,1,0,0,3,1,0,1,KRBKRNvK,DRAW,8/5B2/8/8/5K1k/4R3/1r1n4/8 b - - 0 1
1,1,0,0,0,0,0,1,-1,1,0,1,1,1,0,0,0,0,0,16,0,0,6,0,1,6,4,5,2,4,0,1,0,0,0,0,0,0,0,7,1,1,0,0,0,0,2,0,1,1,KRBKRNvK,DRAW,8/3B4/r7/6k1/5R2/8/K7/n7 w - - 0 1
0,1,0,0,0,0,0,1,-1,1,0,1,1,1,0,0,0,0,0,16,0,0,7,7,6,0,2,5,4,4,0,1,0,0,0,0,0,0,0,7,1,1,0,0,0,0,2,2,0,0,KRBKRNvK,DRAW,8/1n5K/R7/8/8/k3r3/6B1/8 b - - 0 1
1,1,0,0,0,0,0,1,-1,1,0,1,1,1,0,0,0,0,0,16,0,0,3,5,0,6,3,4,2,4,0,1,0,0,0,0,0,0,0,7,1,1,0,0,0,0,2,0,1,1,KRBKRNvK,LOSS,8/8/8/4n2R/6k1/5r2/B7/5K2 w - - 0 1
0,1,0,0,0,0,0,1,-1,1,0,1,1,1,0,0,0,0,0,16,0,0,2,2,1,0,3,3,3,1,0,1,0,0,0,0,0,0,0,7,1,1,0,0,0,0,2,3,1,0,KRBKRNvK,DRAW,B7/8/R7/1n4r1/k7/8/2K5/8 b - - 0 1
0,1,0,0,0,0,0,1,-1,1,0,1,1,1,0,0,0,0,0,16,0,0,6,6,3,0,6,2,5,5,0,1,0,0,0,0,0,0,0,7,1,1,0,0,0,0,3,1,1,0,KRBKRNvK,DRAW,8/k7/8/2B5/2n3K1/r7/8/4R3 b - - 0 1
0,1,0,0,0,0,0,1,-1,1,0,1,1,1,0,0,0,0,0,16,0,0,2,3,3,4,5,0,1,22,22,0,0,0,0,0,0,0,0,7,1,1,0,0,0,0,3,2,0,0,KRBKRNvK,DRAW,8/n6r/4k3/8/3K4/2R5/1B6/8 b - - 0 1
1,1,0,0,0,0,0,1,-1,1,0,1,1,1,0,0,0,0,0,16,0,0,4,5,0,1,4,4,2,4,0,1,0,0,0,0,0,0,0,7,1,1,0,0,0,0,0,0,0,0,KRBKRNvK,DRAW,5R2/8/7n/1k5B/8/8/8/1r3K2 w - - 0 1
1,1,0,0,0,0,0,1,-1,1,0,1,1,1,0,0,0,0,0,16,0,0,2,5,4,7,5,1,4,27,15,0,0,0,0,0,0,0,0,7,1,1,1,0,0,0,3,0,0,0,KRBKRNvK,DRAW,n7/2R5/7k/5K2/8/r7/B7/8 w - - 0 1
0,1,0,0,0,0,0,1,-1,1,0,1,1,1,0,0,0,0,0,16,0,0,7,0,7,7,3,6,3,21,22,0,0,0,0,0,0,0,0,7,1,1,0,0,0,0,0,1,0,0,KRBKRNvK,DRAW,K1B5/5n2/R7/8/7k/5r2/8/8 b - - 0 1
1,1,0,0,0,0,0,1,-1,1,0,1,1,1,0,0,0,0,0,16,0,0,2,6,4,5,2,2,2,27,22,0,0,0,0,0,0,0,0,7,1,1,0,0,0,0,0,1,1,0,KRBKRNvK,DRAW,8/n7/1R6/6K1/8/5k1B/8/2r5 w - - 0 1
1,1,0,0,0,0,0,1,-1,1,0,1,1,1,0,0,0,0,0,16,0,0,2,1,2,1,0,3,5,26,22,0,0,0,0,0,0,0,0,7,1,1,0,0,0,0,2,2,0,1,KRBKRNvK,WIN,6R1/8/2B5/8/7r/1K6/2n5/1k6 w - - 0 1
0,1,0,0,0,0,0,1,-1,1,0,1,1,1,0,0,0,0,0,16,0,0,6,2,7,5,1,4,3,6,0,1,0,0,0,0,0,0,0,7,1,1,0,0,0,0,1,3,1,0,KRBKRNvK,DRAW,2K5/8/8/4rn2/8/3B4/2R2k2/8 b - - 0 1
1,1,0,0,0,0,0,1,-1,1,0,1,1,1,0,0,0,0,0,16,0,0,4,5,3,1,3,1,2,33,20,0,0,0,0,0,0,0,0,7,1,1,0,0,0,0,2,0,1,0,KRBKRNvK,DRAW,1r6/8/7R/3B4/1k3K2/8/8/5n2 w - - 0 1
0,1,0,0,0,0,0,1,-1,1,0,1,1,1,0,0,0,0,0,16,0,0,6,5,0,6,6,4,4,17,28,0,0,0,0,0,0,0,0,7,1,1,0,0,0,0,2,1,1,0,KRBKRNvK,DRAW,8/6kr/4R3/8/1n6/6B1/8/5K2 b - - 0 1
0,1,0,0,0,0,0,1,-1,1,0,1,1,1,0,0,0,0,0,16,0,0,3,2,4,4,7,1,3,2,0,1,0,0,0,0,0,0,0,7,1,1,0,0,0,0,3,1,2,0,KRBKRNvK,DRAW,2R1k3/8/5B2/2K5/8/8/3n4/7r b - - 0 1
1,1,0,0,0,0,0,1,-1,1,0,1,1,1,0,0,0,0,0,16,0,0,5,4,6,0,1,2,5,27,20,0,0,0,0,0,0,0,0,7,1,1,0,0,0,0,3,0,0,1,KRBKRNvK,DRAW,3R4/4K3/n1r3B1/8/8/8/k7/8 w - - 0 1
1,1,0,0,0,0,0,1,-1,1,0,1,1,1,0,0,0,0,0,16,0,0,2,4,4,6,5,0,3,23,14,0,0,0,0,0,0,0,0,7,1,1,0,0,0,0,4,0,0,0,KRBKRNvK,DRAW,n5r1/8/6k1/4K3/8/5R2/8/B7 w - - 0 1
0,1,0,0,0,0,0,1,-1,1,0,1,1,1,0,0,0,0,0,16,0,0,7,0,5,7,0,4,6,23,21,0,0,0,0,0,0,0,0,7,1,1,0,1,0,0,2,2,0,0,KRBKRNvK,DRAW,8/8/K2R4/8/1B6/2n5/7r/7k b - - 0 1
1,1,0,0,0,0,0,1,-1,1,0,1,1,1,0,0,0,0,0,16,0,0,4,0,1,4,5,5,1,21,23,0,0,0,0,0,0,0,0,7,1,1,0,0,0,0,0,3,1,0,KRBKRNvK,DRAW,8/8/2r1k3/5nBR/8/8/K7/8 w - - 0 1
1,1,0,0,0,0,0,1,-1,1,0,1,1,1,0,0,0,0,0,16,0,0,5,2,5,0,0,2,6,8,0,1,0,0,0,0,0,0,0,7,1,1,0,0,0,0,3,1,0,0,KRBKRNvK,DRAW,8/8/2K5/5n2/7R/3B4/8/k1r5 w - - 0 1
0,1,0,0,0,0,0,1,-1,1,0,1,1,1,0,0,0,0,0,16,0,0,2,3,2,3,4,1,0,22,23,0,0,0,0,0,0,0,0,7,1,1,0,0,0,0,2,3,0,0,KRBKRNvK,DRAW,3n4/7r/8/3k4/8/R2K4/5B2/8 b - - 0 1
1,1,0,0,0,0,0,1,-1,1,0,1,1,1,0,0,0,0,0,16,0,0,5,5,2,0,1,2,5,31,13,0,0,0,0,0,0,0,0,7,1,1,1,0,0,0,2,0,0,0,KRBKRNvK,DRAW,8/5R2/8/4B3/8/5K2/k7/1rn5 w - - 0 1
0,1,0,0,0,0,0,1,-1,1,0,1,1,1,0,0,0,0,0,16,0,0,4,0,0,4,3,6,0,21,26,0,0,0,0,0,0,0,0,7,1,1,0,0,0,0,2,3,1,0,KRBKRNvK,DRAW,8/6r1/n7/1R6/4k3/8/3B4/K7 b - - 0 1
1,1,0,0,0,0,0,1,-1,1,0,1,1,1,0,0,0,0,0,16,0,0,3,3,3,0,1,0,5,7,0,1,0,0,0,0,0,0,0,7,1,1,0,0,0,0,3,1,0,1,KRBKRNvK,DRAW,1rR5/8/8/1n6/3K2B1/8/k7/8 w - - 0 1
1,1,0,0,0,0,0,1,-1,1,0,1,1,1,0,0,0,0,0,16,0,0,5,1,3,6,3,2,2,26,22,0,0,0,0,0,0,0,0,7,1,1,0,0,0,0,0,2,0,1,KRBKRNvK,DRAW,7n/4B3/R7/8/1K4k1/3r4/8/8 w - - 0 1
1,1,0,0,0,0,0,1,-1,1,0,1,1,1,0,0,0,0,0,16,0,0,4,7,2,3,2,4,1,4,0,1,0,0,0,0,0,0,0,7,1,1,0,0,0,0,0,2,0,1,KRBKRNvK,DRAW,R7/8/8/B7/8/3k3K/5n2/2r5 w - - 0 1
0,1,0,0,0,0,0,1,-1,1,0,1,1,1,0,0,0,0,0,16,0,0,4,6,1,3,5,4,1,23,29,0,0,0,0,0,0,0,0,7,1,1,0,0,0,0,2,3,0,0,KRBKRNvK,DRAW,8/8/3k4/2n3B1/3r4/8/4R1K1/8 b - - 0 1
0,1,0,0,0,0,0,1,-1,1,0,1,1,1,0,0,0,0,0,16,0,0,5,1,2,2,7,3,4,24,30,0,0,0,0,0,0,0,0,7,1,1,1,0,0,0,2,2,0,1,KRBKRNvK,DRAW,2k5/7R/4n3/8/8/1K6/1B6/3r4 b - - 0 1
0,1,0,0,0,0,0,1,-1,1,0,1,1,1,0,0,0,0,0,16,0,0,3,5,3,2,0,1,4,22,26,0,0,0,0,0,0,0,0,7,1,1,0,0,0,0,4,0,0,0,KRBKRNvK,DRAW,8/8/1r6/n7/R4K2/5B2/8/2k5 b - - 0 1
0,1,0,0,0,0,0,1,-1,1,0,1,1,1,0,0,0,0,0,16,0,0,6,5,6,6,0,3,5,19,23,0,0,0,0,0,0,0,0,7,1,1,0,0,0,0,0,2,1,1,KRBKRNvK,DRAW,5R2/5K2/8/3r4/8/8/4B3/6kn b - - 0 1
1,1,0,0,0,0,0,1,-1,1,0,1,1,1,0,0,0,0,0,16,0,0,5,6,7,1,3,5,2,25,21,0,0,0,0,0,0,0,0,7,1,1,0,0,0,0,2,2,0,0,KRBKRNvK,DRAW,6K1/n5B1/8/r7/1k6/8/6R1/8 w - - 0 1
1,1,0,0,0,0,0,1,-1,1,0,1,1,1,0,0,0,0,0,16,0,0,4,4,5,0,1,1,5,4,0,1,0,0,0,0,0,0,0,7,1,1,1,0,0,0,2,0,0,2,KRBKRNvK,DRAW,8/1Rr5/4K3/8/3n4/8/k7/4B3 w - - 0 1
0,1,0,0,0,0,0,1,-1,1,0,1,1,1,0,0,0,0,0,16,0,0,3,5,7,2,6,4,3,23,26,0,0,0,0,0,0,0,0,7,1,1,0,0,0,0,2,2,1,0,KRBKRNvK,DRAW,B4K2/2k5/n7/7r/8/8/8/6R1 b - - 0 1
0,1,0,0,0,0,0,1,-1,1,0,1,1,1,0,0,0,0,0,16,0,0,6,5,6,0,0,3,6,3,0,1,0,0,0,0,0,0,0,7,1,1,1,0,0,0,1,3,0,0,KRBKRNvK,DRAW,8/R4K1B/8/2r5/8/1n6/8/k7 b - - 0 1
1,1,0,0,0,0,0,1,-1,1,0,1,1,1,0,0,0,0,0,16,0,0,3,4,1,7,4,2,3,7,0,1,0,0,0,0,0,0,0,7,1,1,0,0,0,0,1,2,0,1,KRBKRNvK,DRAW,8/4r3/8/7k/3B4/1R6/4K3/4n3 w - - 0 1
0,1,0,0,0,0,0,1,-1,1,0,1,1,1,0,0,0,0,0,16,0,0,6,7,2,1,7,4,5,22,24,0,0,0,0,0,0,0,0,7,1,1,0,0,0,0,3,2,0,0,KRBKRNvK,DRAW,1k6/2n5/8/1r6/4R3/7K/2B5/8 b - - 0 1
0,1,0,0,0,0,0,1,-1,1,0,1,1,1,0,0,0,0,0,16,0,0,5,0,4,5,4,3,1,25,26,0,0,0,0,0,0,0,0,7,1,1,0,0,0,0,2,2,0,0,KRBKRNvK,WIN,8/7r/2B5/K4k2/8/8/R7/4n3 b - - 0 1
0,1,0,0,0,0,0,1,-1,1,0,1,1,1,0,0,0,0,0,16,0,0,4,2,0,3,4,4,0,4,0,1,0,0,0,0,0,0,0,7,1,1,1,0,0,0,2,4,1,1,KRBKRNvK,DRAW,8/2Rr4/8/3k4/8/8/6B1/n1K5 b - - 0 1
1,1,0,0,0,0,0,1,-1,1,0,1,1,1,0,0,0,0,0,16,0,0,4,2,6,6,5,3,3,29,23,0,0,0,0,0,0,0,0,7,1,1,0,0,0,0,2,3,0,0,KRBKRNvK,DRAW,8/2K5/6k1/1R6/5r2/5n2/B7/8 w - - 0 1
0,1,0,0,0,0,0,1,-1,1,0,1,1,1,0,0,0,0,0,16,0,0,3,2,4,5,1,1,3,22,28,0,0,0,0,0,0,0,0,7,1,1,0,1,0,0,4,1,0,0,KRBKRNvK,DRAW,8/8/8/2KB2R1/8/6n1/r4k2/8 b - - 0 1
1,1,0,0,0,0,0,1,-1,1,0,1,1,1,0,0,0,0,0,16,0,0,4,3,0,7,0,3,6,24,23,0,0,0,0,0,0,0,0,7,1,1,1,0,0,0,0,0,0,0,KRBKRNvK,DRAW,1r3B2/5R2/8/8/4n3/8/8/3K3k w - - 0 1
1,1,0,0,0,0,0,1,-1,1,0,1,1,1,0,0,0,0,0,16,0,0,7,1,0,0,7,5,6,23,23,0,0,0,0,0,0,0,0,7,1,1,0,0,0,0,2,3,0,0,KRBKRNvK,DRAW,k7/8/3R4/2r5/8/6n1/8/1K1B4 w - - 0 1
1,1,0,0,0,0,0,1,-1,1,0,1,1,1,0,0,0,0,0,16,0,0,3,6,1,3,1,4,2,25,27,0,0,0,0,0,0,0,0,7,1,1,0,0,0,0,1,3,1,1,KRBKRNvK,DRAW,8/8/2n5/8/7r/1R6/3k2K1/6B1 w - - 0 1
1,1,0,0,0,0,0,1,-1,1,0,1,1,1,0,0,0,0,0,16,0,0,4,1,6,1,2,4,3,6,0,1,0,0,0,0,0,0,0,7,1,1,0,0,0,0,0,2,1,1,KRBKRNvK,DRAW,2R5/1K6/8/n3r3/8/1k6/8/2B5 w - - 0 1
0,1,0,0,0,0,0,1,-1,1,0,1,1,1,0,0,0,0,0,16,0,0,5,4,2,7,7,1,6,20,24,0,0,0,0,0,0,0,0,7,1,1,0,0,0,0,4,1,0,2,KRBKRNvK,WIN,7k/8/8/R3n1r1/8/4K3/8/7B b - - 0 1
0,1,0,0,0,0,0,1,-1,1,0,1,1,1,0,0,0,0,0,16,0,0,3,2,4,4,7,1,3,3,0,1,0,0,0,0,0,0,0,7,1,1,0,0,0,0,4,0,0,0,KRBKRNvK,DRAW,4k3/6r1/8/2K4B/8/8/n7/4R3 b - - 0 1
0,1,0,0,0,0,0,1,-1,1,0,1,1,1,0,0,0,0,0,16,0,0,4,6,3,2,7,2,4,26,19,0,0,0,0,0,0,0,0,7,1,1,0,0,0,0,0,2,0,0,KRBKRNvK,DRAW,2k5/8/2n5/6BR/6K1/1r6/8/8 b - - 0 1
1,1,0,0,0,0,0,1,-1,1,0,1,1,1,0,0,0,0,0,16,0,0,5,6,0,1,0,5,5,27,17,0,0,0,0,0,0,0,0,7,1,1,0,0,0,0,2,0,1,0,KRBKRNvK,DRAW,1r3n2/8/6R1/8/8/8/1B6/1k4K1 w - - 0 1
1,1,0,0,0,0,0,1,-1,1,0,1,1,1,0,0,0,0,0,16,0,0,2,0,5,0,3,4,3,22,19,0,0,0,0,0,0,0,0,7,1,1,0,0,0,0,0,1,1,0,KRBKRNvK,DRAW,8/8/K2n1r2/8/k7/1R5B/8/8 w - - 0 1
0,1,0,0,0,0,0,1,-1,1,0,1,1,1,0,0,0,0,0,16,0,0,2,3,0,5,2,3,2,20,23,0,0,0,0,0,0,0,0,7,1,1,0,0,0,0,3,3,1,1,KRBKRNvK,DRAW,7B/8/8/1r6/7R/5k2/8/1n1K4 b - - 0 1
0,1,0,0,0,0,0,1,-1,1,0,1,1,1,0,0,0,0,0,16,0,0,4,1,1,4,5,4,1,19,20,0,0,0,0,0,0,0,0,7,1,1,1,0,0,0,0,2,0,1,KRBKRNvK,DRAW,8/R7/4k2B/n7/8/8/1K6/r7 b - - 0 1
1,1,0,0,0,0,0,1,-1,1,0,1,1,1,0,0,0,0,0,16,0,0,4,0,4,4,4,3,0,20,23,0,0,0,0,0,0,0,0,7,1,1,0,0,0,0,0,3,0,1,KRBKRNvK,DRAW,8/8/7n/K3k3/2r5/8/8/3B1R2 w - - 0 1
0,1,0,0,0,0,0,1,-1,1,0,1,1,1,0,0,0,0,0,16,0,0,4,5,6,1,4,3,2,21,26,0,0,0,0,0,0,0,0,7,1,1,1,0,0,0,3,0,1,0,KRBKRNvK,DRAW,1r6/3R1K2/8/1k6/5B1n/8/8/8 b - - 0 1
0,1,0,0,0,0,0,1,-1,1,0,1,1,1,0,0,0,0,0,16,0,0,6,6,0,0,4,5,3,5,0,1,0,0,0,0,0,0,0,7,1,1,1,1,0,0,2,0,0,1,KRBKRNvK,DRAW,3B4/4R3/8/k7/8/8/1r4n1/6K1 b - - 0 1
1,1,0,0,0,0,0,1,-1,1,0,1,1,1,0,0,0,0,0,16,0,0,5,1,4,6,7,2,5,34,20,0,0,0,0,0,0,0,0,7,1,1,0,0,0,0,2,2,0,1,KRBKRNvK,DRAW,6k1/8/8/1K2B3/R7/3r4/8/1n6 w - - 0 1
1,1,0,0,0,0,0,1,-1,1,0,1,1,1,0,0,0,0,0,16,0,0,6,7,5,1,5,4,3,23,18,0,0,0,0,0,0,0,0,7,1,1,0,0,0,0,2,0,0,0,KRBKRNvK,DRAW,8/8/rk5K/6B1/8/4R3/8/5n2 w - - 0 1
0,1,0,0,0,0,0,1,-1,1,0,1,1,1,0,0,0,0,0,16,0,0,6,0,2,6,2,4,3,30,24,0,0,0,0,0,0,0,0,7,1,1,0,0,0,0,3,1,0,0,KRBKRNvK,DRAW,5r2/8/6B1/1R6/8/K2n2k1/8/8 b - - 0 1
1,1,0,0,0,0,0,1,-1,1,0,1,1,1,0,0,0,0,0,16,0,0,3,6,7,7,4,5,3,3,0,1,0,0,0,0,0,0,0,7,1,1,0,0,0,0,0,2,0,1,KRBKRNvK,DRAW,4r1K1/8/8/7k/8/8/1R4n1/4B3 w - - 0 1
1,1,0,0,0,0,0,1,-1,1,0,1,1,1,0,0,0,0,0,16,0,0,7,7,4,0,6,3,5,27,19,0,0,0,0,0,0,0,0,7,1,1,0,0,0,0,3,2,1,0,KRBKRNvK,DRAW,8/k7/2B5/7K/2R5/3r4/8/n7 w - - 0 1
1,1,0,0,0,0,0,1,-1,1,0,1,1,1,0,0,0,0,0,16,0,0,4,5,4,1,1,1,4,6,0,1,0,0,0,0,0,0,0,7,1,1,1,0,0,0,3,0,0,1,KRBKRNvK,DRAW,8/5R2/1B6/5K2/8/7n/1k6/5r2 w - - 0 1
0,1,0,0,0,0,0,1,-1,1,0,1,1,1,0,0,0,0,0,16,0,0,3,2,1,1,4,3,2,29,29,0,0,0,0,0,0,0,0,7,1,1,0,0,0,0,1,3,0,1,KRBKRNvK,DRAW,6R1/3r4/8/1k6/5B2/2n5/2K5/8 b - - 0 1
0,1,0,0,0,0,0,1,-1,1,0,1,1,1,0,0,0,0,0,16,0,0,4,6,7,2,3,5,1,21,28,0,0,0,0,0,0,0,0,7,1,1,0,0,0,0,3,2,0,0,KRBKRNvK,DRAW,6K1/n7/8/5R2/2k5/1r6/6B1/8 b - - 0 1
1,1,0,0,0,0,0,1,-1,1,0,1,1,1,0,0,0,0,0,16,0,0,2,5,1,5,3,3,1,25,20,0,0,0,0,0,0,0,0,7,1,1,0,0,0,0,3,3,0,1,KRBKRNvK,DRAW,8/5r2/8/2R5/5k2/2B2n2/5K2/8 w - - 0 1
1,1,0,0,0,0,0,1,-1,1,0,1,1,1,0,0,0,0,0,16,0,0,4,2,0,6,0,4,5,28,26,0,0,0,0,0,0,0,0,7,1,1,0,0,0,0,3,2,0,0,KRBKRNvK,DRAW,8/8/4r3/2n5/1R6/2B5/8/2K3k1 w - - 0 1
0,1,0,0,0,0,0,1,-1,1,0,1,1,1,0,0,0,0,0,16,0,0,2,7,2,5,4,4,1,17,25,0,0,0,0,0,0,0,0,7,1,1,0,1,0,0,2,3,0,1,KRBKRNvK,DRAW,R7/8/2B5/5k2/8/7K/4nr2/8 b - - 0 1
1,1,0,0,0,0,0,1,-1,1,0,1,1,1,0,0,0,0,0,16,0,0,6,7,0,2,6,6,3,2,0,1,0,0,0,0,0,0,0,7,1,1,0,0,0,0,0,0,1,1,KRBKRNvK,DRAW,8/2kB4/7R/8/8/7n/8/1r5K w - - 0 1
1,1,0,0,0,0,0,1,-1,1,0,1,1,1,0,0,0,0,0,16,0,0,2,7,4,5,2,3,2,3,0,1,0,0,0,0,0,0,0,7,1,1,0,0,0,0,1,3,0,0,KRBKRNvK,DRAW,1B6/8/7R/3r3K/2n5/5k2/8/8 w - - 0 1
0,1,0,0,0,0,0,1,-1,1,0,1,1,1,0,0,0,0,0,16,0,0,4,5,7,5,3,4,1,6,0,1,0,0,0,0,0,0,0,7,1,1,1,0,0,0,0,4,1,0,KRBKRNvK,DRAW,5K2/2R5/1n6/8/4rk2/8/3B4/8 b - - 0 1
0,1,0,0,0,0,0,1,-1,1,0,1,1,1,0,0,0,0,0,16,0,0,4,7,6,3,7,5,3,19,26,0,0,0,0,0,0,0,0,7,1,1,1,0,0,0,1,2,0,0,KRBKRNvK,DRAW,3k4/6RK/8/4r3/8/8/5B2/4n3 b - - 0 1
0,1,0,0,0,0,0,1,-1,1,0,1,1,1,0,0,0,0,0,16,0,0,3,2,3,5,5,1,2,17,24,0,0,0,0,0,0,0,0,7,1,1,0,0,0,0,2,1,0,0,KRBKRNvK,DRAW,2B5/5r2/5k2/8/2K5/8/8/4n2R b - - 0 1
1,1,0,0,0,0,0,1,-1,1,0,1,1,1,0,0,0,0,0,16,0,0,5,5,0,0,2,4,4,2,0,1,0,0,0,0,0,0,0,7,1,1,0,1,0,0,2,1,0,1,KRBKRNvK,DRAW,8/8/8/4R3/8/k5n1/r5B1/5K2 w - - 0 1
0,1,0,0,0,0,0,1,-1,1,0,1,1,1,0,0,0,0,0,16,0,0,4,1,5,5,5,3,2,26,21,0,0,0,0,0,0,0,0,7,1,1,0,1,0,0,0,1,0,1,KRBKRNvK,DRAW,3n4/8/1K3k2/1B6/8/8/r7/1R6 b - - 0 1
0,1,0,0,0,0,0,1,-1,1,0,1,1,1,0,0,0,0,0,16,0,0,4,7,1,4,5,5,1,21,23,0,0,0,0,0,0,0,0,7,1,1,0,0,0,0,0,3,0,0,KRBKRNvK,DRAW,8/8/4k3/8/1B6/7R/7K/2nr4 b - - 0 1
1,1,0,0,0,0,0,1,-1,1,0,1,1,1,0,0,0,0,0,16,0,0,3,4,4,5,1,0,3,24,22,0,0,0,0,0,0,0,0,7,1,1,1,0,0,0,4,0,0,0,KRBKRNvK,DRAW,8/4R3/8/4K3/B7/8/5k2/1r4n1 w - - 0 1
0,1,0,0,0,0,0,1,-1,1,0,1,1,1,0,0,0,0,0,16,0,0,4,0,1,1,5,5,3,26,24,0,0,0,0,0,0,0,0,7,1,1,0,0,0,0,2,2,0,0,KRBKRNvK,DRAW,8/8/1k2r3/6B1/8/3R4/K2n4/8 b - - 0 1
1,1,0,0,0,0,0,1,-1,1,0,1,1,1,0,0,0,0,0,16,0,0,4,4,7,7,3,3,3,23,25,0,0,0,0,0,0,0,0,7,1,1,0,0,0,0,3,1,0,1,KRBKRNvK,DRAW,3RK3/1B6/6r1/8/1n5k/8/8/8 w - - 0 1
0,1,0,0,0,0,0,1,-1,1,0,1,1,1,0,0,0,0,0,16,0,0,4,2,1,3,5,3,1,20,25,0,0,0,0,0,0,0,0,7,1,1,0,0,0,0,0,3,0,0,KRBKRNvK,DRAW,8/8/3kr3/8/8/R7/2K5/3B2n1 b - - 0 1
0,1,0,0,0,0,0,1,-1,1,0,1,1,1,0,0,0,0,0,16,0,0,2,5,3,7,3,1,3,19,23,0,0,0,0,0,0,0,0,7,1,1,0,0,0,0,2,2,0,1,KRBKRNvK,DRAW,8/8/4r3/B7/5K1k/1R6/8/5n2 b - - 0 1
1,1,0,0,0,0,0,1,-1,1,0,1,1,1,0,0,0,0,0,16,0,0,3,2,5,3,2,2,1,26,22,0,0,0,0,0,0,0,0,7,1,1,0,0,0,0,1,4,2,1,KRBKRNvK,DRAW,3r4/8/2K3n1/8/8/3k4/5R2/3B4 w - - 0 1
1,1,0,0,0,0,0,1,-1,1,0,1,1,1,0,0,0,0,0,16,0,0,2,0,7,0,5,6,4,23,17,0,0,0,0,0,0,0,0,7,1,1,0,0,0,0,1,1,0,0,KRBKRNvK,DRAW,K4R2/8/k5Br/8/8/8/4n3/8 w - - 0 1
0,1,0,0,0,0,0,1,-1,1,0,1,1,1,0,0,0,0,0,16,0,0,2,3,5,1,7,1,5,0,0,1,0,0,0,0,0,0,0,7,1,1,1,0,0,0,3,2,2,1,KRBKRNvK,LOSS,nk6/B1R5/3K4/4r3/8/8/8/8 b - - 0 1
1,1,0,0,0,0,0,1,-1,1,0,1,1,1,0,0,0,0,0,16,0,0,3,7,0,4,1,6,2,24,23,0,0,0,0,0,0,0,0,7,1,1,0,1,0,0,2,2,0,0,KRBKRNvK,DRAW,2B5/4n3/8/1R6/8/8/3rk3/7K w - - 0 1
0,1,0,0,0,0,0,1,-1,1,0,1,1,1,0,0,0,0,0,16,0,0,2,3,3,4,5,0,1,18,27,0,0,0,0,0,0,0,0,7,1,1,0,0,0,0,3,2,0,0,KRBKRNvK,DRAW,8/7B/4k3/8/3K3n/8/1R6/7r b - - 0 1
0,1,0,0,0,0,0,1,-1,1,0,1,1,1,0,0,0,0,0,16,0,0,3,4,6,7,6,2,5,23,24,0,0,0,0,0,0,0,0,7,1,1,0,0,0,0,0,2,0,0,KRBKRNvK,DRAW,8/4K2k/8/8/8/7n/2R1B3/3r4 b - - 0 1
1,1,0,0,0,0,0,1,-1,1,0,1,1,1,0,0,0,0,0,16,0,0,4,3,5,2,1,1,3,7,0,1,0,0,0,0,0,0,0,7,1,1,0,1,0,0,3,1,0,1,KRBKRNvK,DRAW,7R/8/1B1K4/5n2/8/8/r1k5/8 w - - 0 1
0,1,0,0,0,0,0,1,-1,1,0,1,1,1,0,0,0,0,0,16,0,0,3,1,1,4,1,4,2,17,32,0,0,0,0,0,0,0,0,7,1,1,1,1,0,0,2,1,0,0,KRBKRNvK,DRAW,8/3R4/8/2B5/6n1/8/1K2kr2/8 b - - 0 1
0,1,0,0,0,0,0,1,-1,1,0,1,1,1,0,0,0,0,0,16,0,0,2,0,0,2,1,6,3,5,0,1,0,0,0,0,0,0,0,7,1,1,0,0,0,0,3,1,1,0,KRBKRNvK,DRAW,1r6/B7/4n3/8/8/8/2k1R3/K7 b - - 0 1
0,1,0,0,0,0,0,1,-1,1,0,1,1,1,0,0,0,0,0,16,0,0,5,7,3,2,0,3,4,21,23,0,0,0,0,0,0,0,0,7,1,1,0,0,0,0,3,0,0,0,KRBKRNvK,DRAW,2n3B1/8/8/8/5R1K/2r5/8/2k5 b - - 0 1
0,1,0,0,0,0,0,1,-1,1,0,1,1,1,0,0,0,0,0,16,0,0,3,1,5,0,2,3,4,24,28,0,0,0,0,0,0,0,0,7,1,1,0,0,0,0,0,1,1,0,KRBKRNvK,DRAW,8/4n3/1K6/7B/8/k5r1/8/2R5 b - - 0 1
0,1,0,0,0,0,0,1,-1,1,0,1,1,1,0,0,0,0,0,16,0,0,4,0,3,4,7,3,3,23,18,0,0,0,0,0,0,0,0,7,1,1,0,0,0,0,2,0,0,0,KRBKRNvK,DRAW,4k3/2r5/8/8/K5R1/7B/6n1/8 b - - 0 1
0,1,0,0,0,0,0,1,-1,1,0,1,1,1,0,0,0,0,0,16,0,0,2,6,1,6,3,4,2,22,24,0,0,0,0,0,0,0,0,7,1,1,0,0,0,0,2,0,0,0,KRBKRNvK,DRAW,8/5r2/2B5/8/6k1/8/1R4K1/1n6 b - - 0 1
0,1,0,0,0,0,0,1,-1,1,0,1,1,1,0,0,0,0,0,16,0,0,2,6,1,4,0,4,3,17,24,0,0,0,0,0,0,0,0,7,1,1,0,0,0,0,0,0,0,0,KRBKRNvK,DRAW,3B4/8/5R2/8/8/8/1n4K1/2r1k3 b - - 0 1
1,1,0,0,0,0,0,1,-1,1,0,1,1,1,0,0,0,0,0,16,0,0,2,2,0,1,2,4,3,19,26,0,0,0,0,0,0,0,0,7,1,1,0,0,0,0,0,2,1,0,KRBKRNvK,DRAW,3r4/8/1R6/1B6/5n2/1k6/8/2K5 w - - 0 1
0,1,0,0,0,0,0,1,-1,1,0,1,1,1,0,0,0,0,0,16,0,0,5,6,7,6,2,5,3,24,17,0,0,0,0,0,0,0,0,7,1,1,0,0,0,0,0,0,0,0,KRBKRNvK,DRAW,2n3K1/r7/8/8/8/6k1/8/1RB5 b - - 0 1
1,1,0,0,0,0,0,1,-1,1,0,1,1,1,0,0,0,0,0,16,0,0,3,0,1,3,0,5,3,28,24,0,0,0,0,0,0,0,0,7,1,1,0,0,0,0,1,2,1,1,KRBKRNvK,DRAW,8/8/8/2Br4/2n5/5R2/K7/3k4 w - - 0 1
0,1,0,0,0,0,0,1,-1,1,0,1,1,1,0,0,0,0,0,16,0,0,4,6,4,2,0,2,4,4,0,1,0,0,0,0,0,0,0,7,1,1,0,1,0,0,2,0,0,0,KRBKRNvK,DRAW,8/8/8/B2n2K1/2R5/8/1r6/2k5 b - - 0 1
1,1,0,0,0,0,0,1,-1,1,0,1,1,1,0,0,0,0,0,16,0,0,3,0,2,3,2,4,1,30,17,0,0,0,0,0,0,0,0,7,1,1,0,0,0,0,3,3,1,0,KRBKRNvK,DRAW,n7/3r4/5B2/8/2R5/K2k4/8/8 w - - 0 1
1,1,0,0,0,0,0,1,-1,1,0,1,1,1,0,0,0,0,0,16,0,0,5,3,1,0,6,2,5,30,18,0,0,0,0,0,0,0,0,7,1,1,0,0,0,0,1,0,0,0,KRBKRNvK,DRAW,8/k7/4B3/8/n7/r7/3K4/6R1 w - - 0 1
1,1,0,0,0,0,0,1,-1,1,0,1,1,1,0,0,0,0,0,16,0,0,6,7,3,1,3,3,2,24,25,0,0,0,0,0,0,0,0,7,1,1,1,0,0,0,1,0,1,0,KRBKRNvK,DRAW,8/7R/2r5/8/1kB1n2K/8/8/8 w - - 0 1
0,1,0,0,0,0,0,1,-1,1,0,1,1,1,0,0,0,0,0,16,0,0,3,3,3,0,0,0,6,19,26,0,0,0,0,0,0,0,0,7,1,1,0,1,0,0,3,2,1,1,KRBKRNvK,DRAW,8/6n1/8/8/3K4/1R3B2/4r3/k7 b - - 0 1
1,1,0,0,0,0,0,1,-1,1,0,1,1,1,0,0,0,0,0,16,0,0,5,0,2,5,2,4,2,4,0,1,0,0,0,0,0,0,0,7,1,1,0,0,0,0,1,1,1,0,KRBKRNvK,DRAW,r1n5/8/5R2/8/5B2/K4k2/8/8 w - - 0 1
0,1,0,0,0,0,0,1,-1,1,0,1,1,1,0,0,0,0,0,16,0,0,3,1,5,0,2,3,4,20,24,0,0,0,0,0,0,0,0,7,1,1,0,1,0,0,0,0,0,0,KRBKRNvK,DRAW,3B4/8/1KR5/8/8/k7/1n3r2/8 b - - 0 1
1,1,0,0,0,0,0,1,-1,1,0,1,1,1,0,0,0,0,0,16,0,0,3,1,4,3,7,2,3,7,0,1,0,0,0,0,0,0,0,7,1,1,0,0,0,0,0,2,0,2,KRBKRNvK,DRAW,3k4/3r4/8/1K6/3n2B1/8/6R1/8 w - - 0 1
1,1,0,0,0,0,0,1,-1,1,0,1,1,1,0,0,0,0,0,16,0,0,3,1,4,4,4,2,0,21,21,0,0,0,0,0,0,0,0,7,1,1,1,0,0,0,2,3,0,0,KRBKRNvK,DRAW,7n/RB6/8/1K2k3/5r2/8/8/8 w - - 0 1
1,1,0,0,0,0,0,1,-1,1,0,1,1,1,0,0,0,0,0,16,0,0,7,0,2,7,0,4,6,4,0,1,0,0,0,0,0,0,0,7,1,1,0,0,0,0,3,2,0,0,KRBKRNvK,DRAW,8/8/1B6/5R2/4n3/K2r4/8/7k w - - 0 1
1,1,0,0,0,0,0,1,-1,1,0,1,1,1,0,0,0,0,0,16,0,0,3,0,4,2,7,3,4,19,14,0,0,0,0,0,0,0,0,7,1,1,0,0,0,0,1,1,1,0,KRBKRNvK,DRAW,r1k5/B7/5R2/K7/8/4n3/8/8 w - - 0 1
0,1,0,0,0,0,0,1,-1,1,0,1,1,1,0,0,0,0,0,16,0,0,2,5,4,5,2,1,2,22,16,0,0,0,0,0,0,0,0,7,1,1,0,0,0,0,2,2,0,2,KRBKRNvK,DRAW,2R3B1/8/4n2r/5K2/8/5k2/8/8 b - - 0 1
0,1,0,0,0,0,0,1,-1,1,0,1,1,1,0,0,0,0,0,16,0,0,4,6,6,2,7,4,4,21,27,0,0,0,0,0,0,0,0,7,1,1,0,0,0,0,3,1,0,1,KRBKRNvK,DRAW,2k2r2/6K1/3n4/8/1R6/8/6B1/8 b - - 0 1
1,1,0,0,0,0,0,1,-1,1,0,1,1,1,0,0,0,0,0,16,0,0,3,5,5,4,2,2,1,25,24,0,0,0,0,0,0,0,0,7,1,1,0,0,0,0,2,4,0,0,KRBKRNvK,DRAW,8/8/5K2/n1r5/8/4k3/1B6/7R w - - 0 1
0,1,0,0,0,0,0,1,-1,1,0,1,1,1,0,0,0,0,0,16,0,0,6,7,0,3,6,6,2,22,22,0,0,0,0,0,0,0,0,7,1,1,0,0,0,0,3,2,0,1,KRBKRNvK,DRAW,B7/3k4/8/2r5/8/8/4R1n1/7K b - - 0 1
0,1,0,0,0,0,0,1,-1,1,0,1,1,1,0,0,0,0,0,16,0,0,2,2,0,0,2,4,4,2,0,1,0,0,0,0,0,0,0,7,1,1,0,0,0,0,3,0,0,1,KRBKRNvK,DRAW,8/r7/3B4/8/3R4/k7/8/n1K5 b - - 0 1
1,1,0,0,0,0,0,1,-1,1,0,1,1,1,0,0,0,0,0,16,0,0,3,4,5,4,2,1,1,22,24,0,0,0,0,0,0,0,0,7,1,1,0,0,0,0,3,3,0,0,KRBKRNvK,DRAW,8/7B/1R2K3/n7/8/4k3/8/3r4 w - - 0 1
1,1,0,0,0,0,0,1,-1,1,0,1,1,1,0,0,0,0,0,16,0,0,5,7,3,2,4,3,1,3,0,1,0,0,0,0,0,0,0,7,1,1,0,1,0,0,0,2,0,1,KRBKRNvK,DRAW,2B5/8/8/2k1n3/7K/8/7r/R7 w - - 0 1
0,1,0,0,0,0,0,1,-1,1,0,1,1,1,0,0,0,0,0,16,0,0,4,4,5,4,1,1,2,2,0,1,0,0,0,0,0,0,0,7,1,1,0,0,0,0,2,1,2,1,KRBKRNvK,LOSS,5r2/8/4K3/8/2B5/8/2n1k3/5R2 b - - 0 1
1,1,0,0,0,0,0,1,-1,1,0,1,1,1,0,0,0,0,0,16,0,0,4,5,7,1,7,4,5,13,22,0,0,0,0,0,0,0,0,7,1,1,0,0,0,0,1,2,0,0,KRBKRNvK,DRAW,1k3K1R/7B/8/8/n1r5/8/8/8 w - - 0 1
1,1,0,0,0,0,0,1,-1,1,0,1,1,1,0,0,0,0,0,16,0,0,7,7,3,0,3,3,3,26,25,0,0,0,0,0,0,0,0,7,1,1,0,0,0,0,3,1,0,0,KRBKRNvK,DRAW,8/5r2/4R3/8/k6K/8/2n5/6B1 w - - 0 1
0,1,0,0,0,0,0,1,-1,1,0,1,1,1,0,0,0,0,0,16,0,0,2,7,3,7,5,3,4,24,20,0,0,0,0,0,0,0,0,7,1,1,0,0,0,0,0,2,1,0,KRBKRNvK,DRAW,6B1/3r4/4n2k/8/7K/8/5R2/8 b - - 0 1
0,1,0,0,0,0,0,1,-1,1,0,1,1,1,0,0,0,0,0,16,0,0,6,7,6,6,0,5,5,4,0,1,0,0,0,0,0,0,0,7,1,1,1,0,0,0,1,1,0,0,KRBKRNvK,DRAW,8/5R1K/3n4/8/3B4/8/8/5rk1 b - - 0 1
0,1,0,0,0,0,0,1,-1,1,0,1,1,1,0,0,0,0,0,16,0,0,4,0,2,0,6,4,5,4,0,1,0,0,0,0,0,0,0,7,1,1,0,0,0,0,2,2,2,0,KRBKRNvK,LOSS,3n4/k7/1B6/1R1r4/8/K7/8/8 b - - 0 1
0,1,0,0,0,0,0,1,-1,1,0,1,1,1,0,0,0,0,0,16,0,0,6,6,1,0,3,4,3,26,22,0,0,0,0,0,0,0,0,7,1,1,1,0,0,0,0,2,0,1,KRBKRNvK,DRAW,8/2R5/8/2n4B/k7/4r3/6K1/8 b - - 0 1
1,1,0,0,0,0,0,1,-1,1,0,1,1,1,0,0,0,0,0,16,0,0,3,4,1,7,4,2,3,7,0,1,0,0,0,0,0,0,0,7,1,1,0,0,0,0,0,1,1,1,KRBKRNvK,DRAW,6R1/8/7r/7k/5n1B/8/4K3/8 w - - 0 1
1,1,0,0,0,0,0,1,-1,1,0,1,1,1,0,0,0,0,0,16,0,0,5,0,0,0,5,6,4,23,13,0,0,0,0,0,0,0,0,7,1,1,0,0,0,0,3,0,1,0,KRBKRNvK,DRAW,2n5/8/krB1R3/8/8/8/8/K7 w - - 0 1
0,1,0,0,0,0,0,1,-1,1,0,1,1,1,0,0,0,0,0,16,0,0,3,0,6,0,3,5,3,24,25,0,0,0,0,0,0,0,0,7,1,1,0,0,0,0,1,3,0,0,KRBKRNvK,DRAW,7R/K3n3/8/8/k1r5/8/8/6B1 b - - 0 1
0,1,0,0,0,0,0,1,-1,1,0,1,1,1,0,0,0,0,0,16,0,0,6,5,6,1,0,3,5,21,27,0,0,0,0,0,0,0,0,7,1,1,0,0,0,0,2,3,1,0,KRBKRNvK,DRAW,8/5K2/8/8/2r5/B1n1R3/8/1k6 b - - 0 1
1,1,0,0,0,0,0,1,-1,1,0,1,1,1,0,0,0,0,0,16,0,0,2,4,3,5,1,0,3,4,0,1,0,0,0,0,0,0,0,7,1,1,0,0,0,0,3,3,1,1,KRBKRNvK,DRAW,2R5/4r3/8/8/4K3/2n5/3B1k2/8 w - - 0 1
1,1,0,0,0,0,0,1,-1,1,0,1,1,1,0,0,0,0,0,16,0,0,5,0,7,5,4,6,1,25,24,0,0,0,0,0,0,0,0,7,1,1,0,0,0,0,2,2,0,1,KRBKRNvK,DRAW,K7/8/n3r3/5k2/8/8/5B2/3R4 w - - 0 1
0,1,0,0,0,0,0,1,-1,1,0,1,1,1,0,0,0,0,0,16,0,0,4,6,1,7,5,4,4,18,25,0,0,0,0,0,0,0,0,7,1,1,0,0,0,0,1,2,0,1,KRBKRNvK,DRAW,1Rn5/8/7k/8/7r/3B4/6K1/8 b - - 0 1
1,1,0,0,0,0,0,1,-1,1,0,1,1,1,0,0,0,0,0,16,0,0,7,3,7,7,0,3,6,3,0,1,0,0,0,0,0,0,0,7,1,1,0,0,0,0,2,1,0,1,KRBKRNvK,DRAW,3K4/5n1B/8/8/R7/2r5/8/7k w - - 0 1
1,1,0,0,0,0,0,1,-1,1,0,1,1,1,0,0,0,0,0,16,0,0,2,6,6,4,7,4,3,26,19,0,0,0,0,0,0,0,0,7,1,1,0,0,0,0,1,2,0,0,KRBKRNvK,DRAW,4k3/6K1/8/8/8/5nBr/8/R7 w - - 0 1
1,1,0,0,0,0,0,1,-1,1,0,1,1,1,0,0,0,0,0,16,0,0,5,5,2,1,7,2,5,23,18,0,0,0,0,0,0,0,0,7,1,1,0,1,0,0,1,0,0,1,KRBKRNvK,DRAW,1k3n2/8/8/8/8/3B1KR1/3r4/8 w - - 0 1
0,1,0,0,0,0,0,1,-1,1,0,1,1,1,0,0,0,0,0,16,0,0,7,0,0,7,4,6,3,27,22,0,0,0,0,0,0,0,0,7,1,1,0,0,0,0,0,1,0,0,KRBKRNvK,DRAW,6r1/8/B7/5n1k/8/8/8/KR6 b - - 0 1
1,1,0,0,0,0,0,1,-1,1,0,1,1,1,0,0,0,0,0,16,0,0,4,1,6,5,6,4,3,6,0,1,0,0,0,0,0,0,0,7,1,1,0,0,0,0,3,2,1,1,KRBKRNvK,DRAW,8/1K3k2/8/1r2B3/7n/8/8/4R3 w - - 0 1
0,1,0,0,0,0,0,1,-1,1,0,1,1,1,0,0,0,0,0,16,0,0,2,3,3,3,5,0,1,22,21,0,0,0,0,0,0,0,0,7,1,1,0,0,0,0,3,3,0,1,KRBKRNvK,DRAW,B5R1/8/3k4/2n5/3K4/8/8/2r5 b - - 0 1
0,1,0,0,0,0,0,1,-1,1,0,1,1,1,0,0,0,0,0,16,0,0,4,7,7,4,3,6,0,21,21,0,0,0,0,0,0,0,0,7,1,1,0,1,0,0,2,4,1,0,KRBKRNvK,DRAW,7K/8/B1n5/2R5/4k3/8/4r3/8 b - - 0 1
0,1,0,0,0,0,0,1,-1,1,0,1,1,1,0,0,0,0,0,16,0,0,7,0,7,7,3,6,3,27,22,0,0,0,0,0,0,0,0,7,1,1,0,0,0,0,1,2,0,0,KRBKRNvK,DRAW,K7/4r3/2R5/8/7k/3n4/B7/8 b - - 0 1
1,1,0,0,0,0,0,1,-1,1,0,1,1,1,0,0,0,0,0,16,0,0,3,2,3,4,6,1,2,29,23,0,0,0,0,0,0,0,0,7,1,1,0,0,0,0,3,1,1,0,KRBKRNvK,DRAW,8/4k3/6n1/3R4/2KB4/8/8/7r w - - 0 1
1,1,0,0,0,0,0,1,-1,1,0,1,1,1,0,0,0,0,0,16,0,0,6,0,1,5,7,5,4,28,15,0,0,0,0,0,0,0,0,7,1,1,0,0,0,0,2,0,1,1,KRBKRNvK,DRAW,5k2/8/r4B2/8/n7/8/K6R/8 w - - 0 1
0,1,0,0,0,0,0,1,-1,1,0,1,1,1,0,0,0,0,0,16,0,0,2,6,3,5,1,2,3,22,33,0,0,0,0,0,0,0,0,7,1,1,1,0,0,0,1,1,1,0,KRBKRNvK,DRAW,8/2R5/1r6/8/4B1K1/1n6/5k2/8 b - - 0 1
0,1,0,0,0,0,0,1,-1,1,0,1,1,1,0,0,0,0,0,16,0,0,6,1,7,7,6,5,5,4,0,1,0,0,0,0,0,0,0,7,1,1,0,0,0,0,1,0,0,1,KRBKRNvK,LOSS,1K6/1n5k/3B4/8/8/6r1/8/7R b - - 0 1
1,1,0,0,0,0,0,1,-1,1,0,1,1,1,0,0,0,0,0,16,0,0,6,6,4,0,2,2,4,6,0,1,0,0,0,0,0,0,0,7,1,1,0,0,0,0,1,1,0,0,KRBKRNvK,DRAW,6r1/8/8/1n4K1/8/k3B3/8/5R2 w - - 0 1
1,1,0,0,0,0,0,1,-1,1,0,1,1,1,0,0,0,0,0,16,0,0,6,4,0,7,6,3,5,26,19,0,0,0,0,0,0,0,0,7,1,1,0,0,0,0,3,1,0,1,KRBKRNvK,DRAW,8/7k/6r1/R7/8/2B3n1/8/4K3 w - - 0 1
0,1,0,0,0,0,0,1,-1,1,0,1,1,1,0,0,0,0,0,16,0,0,4,5,3,1,3,1,2,22,20,0,0,0,0,0,0,0,0,7,1,1,0,0,0,0,2,1,0,0,KRBKRNvK,DRAW,8/2B5/5R2/8/1kn2K2/2r5/8/8 b - - 0 1
0,1,0,0,0,0,0,1,-1,1,0,1,1,1,0,0,0,0,0,16,0,0,5,2,1,7,6,3,5,20,29,0,0,0,0,0,0,0,0,7,1,1,0,0,0,0,2,1,1,0,KRBKRNvK,DRAW,8/4r2k/8/4n1B1/R7/8/2K5/8 b - - 0 1
1,1,0,0,0,0,0,1,-1,1,0,1,1,1,0,0,0,0,0,16,0,0,3,4,2,1,0,1,5,25,19,0,0,0,0,0,0,0,0,7,1,1,1,0,0,0,3,0,0,0,KRBKRNvK,DRAW,8/5R2/8/8/5B2/4K3/n7/1k5r w - - 0 1
1,1,0,0,0,0,0,1,-1,1,0,1,1,1,0,0,0,0,0,16,0,0,2,1,3,3,4,2,0,4,0,1,0,0,0,0,0,0,0,7,1,1,0,1,0,0,2,3,2,1,KRBKRNvK,DRAW,5n2/8/8/3k4/1K3R2/3B4/1r6/8 w - - 0 1
1,1,0,0,0,0,0,1,-1,1,0,1,1,1,0,0,0,0,0,16,0,0,4,1,3,5,7,2,4,25,20,0,0,0,0,0,0,0,0,7,1,1,0,0,0,0,0,0,0,1,KRBKRNvK,DRAW,2B2k2/8/2r5/8/1K6/8/6R1/1n6 w - - 0 1
1,1,0,0,0,0,0,1,-1,1,0,1,1,1,0,0,0,0,0,16,0,0,3,4,1,2,4,2,1,31,22,0,0,0,0,0,0,0,0,7,1,1,0,0,0,0,2,2,1,0,KRBKRNvK,DRAW,1r6/8/4B3/2k5/7n/8/4K3/3R4 w - - 0 1
1,1,0,0,0,0,0,1,-1,1,0,1,1,1,0,0,0,0,0,16,0,0,6,1,3,7,4,2,3,24,22,0,0,0,0,0,0,0,0,7,1,1,0,0,0,0,0,2,0,0,KRBKRNvK,DRAW,1R6/3Bn3/8/6rk/1K6/8/8/8 w - - 0 1
0,1,0,0,0,0,0,1,-1,1,0,1,1,1,0,0,0,0,0,16,0,0,5,3,1,4,6,2,2,21,16,0,0,0,0,0,0,0,0,7,1,1,0,0,0,0,2,2,0,1,KRBKRNvK,DRAW,8/4k3/B3n3/8/2r5/8/3KR3/8 b - - 0 1
1,1,0,0,0,0,0,1,-1,1,0,1,1,1,0,0,0,0,0,16,0,0,4,6,1,6,5,4,3,21,24,0,0,0,0,0,0,0,0,7,1,1,0,0,0,0,0,2,0,0,KRBKRNvK,WIN,8/8/3r2k1/8/n7/8/2R3K1/1B6 w - - 0 1
1,1,0,0,0,0,0,1,-1,1,0,1,1,1,0,0,0,0,0,16,0,0,3,3,0,2,3,3,1,22,22,0,0,0,0,0,0,0,0,7,1,1,0,0,0,0,2,3,1,0,KRBKRNvK,DRAW,8/8/6n1/8/2k1r3/7B/3R4/3K4 w - - 0 1
1,1,0,0,0,0,0,1,-1,1,0,1,1,1,0,0,0,0,0,16,0,0,5,3,5,3,0,1,3,31,12,0,0,0,0,0,0,0,0,7,1,1,0,0,0,0,4,0,1,0,KRBKRNvK,DRAW,8/8/3K4/8/R7/7n/5B2/3k1r2 w - - 0 1
1,1,0,0,0,0,0,1,-1,1,0,1,1,1,0,0,0,0,0,16,0,0,3,5,4,2,4,1,1,5,0,1,0,0,0,0,0,0,0,7,1,1,0,1,0,0,3,2,1,1,KRBKRNvK,DRAW,3B4/4n3/8/2k2K2/R7/8/5r2/8 w - - 0 1
1,1,0,0,0,0,0,1,-1,1,0,1,1,1,0,0,0,0,0,16,0,0,3,3,3,6,6,0,4,7,0,1,0,0,0,0,0,0,0,7,1,1,0,0,0,0,4,2,0,0,KRBKRNvK,DRAW,B1n5/6k1/8/8/R2K2r1/8/8/8 w - - 0 1
1,1,0,0,0,0,0,1,-1,1,0,1,1,1,0,0,0,0,0,16,0,0,4,0,3,4,7,3,3,14,22,0,0,0,0,0,0,0,0,7,1,1,0,0,0,0,0,0,0,1,KRBKRNvK,DRAW,3nk3/8/1r6/8/K7/8/8/R3B3 w - - 0 1
0,1,0,0,0,0,0,1,-1,1,0,1,1,1,0,0,0,0,0,16,0,0,5,7,0,2,2,6,2,20,24,0,0,0,0,0,0,0,0,7,1,1,0,0,0,0,1,1,1,0,KRBKRNvK,DRAW,8/8/1r6/1nB5/8/2k5/8/6RK b - - 0 1
0,1,0,0,0,0,0,1,-1,1,0,1,1,1,0,0,0,0,0,16,0,0,2,4,3,3,5,0,1,17,22,0,0,0,0,0,0,0,0,7,1,1,0,0,0,0,3,3,1,1,KRBKRNvK,DRAW,8/8/3k4/1B4R1/4K3/3r4/n7/8 b - - 0 1
1,1,0,0,0,0,0,1,-1,1,0,1,1,1,0,0,0,0,0,16,0,0,4,7,3,7,7,3,6,27,13,0,0,0,0,0,0,0,0,7,1,1,1,0,0,0,3,0,0,1,KRBKRNvK,DRAW,7k/3R4/5r2/5B2/7K/8/8/7n w - - 0 1
0,1,0,0,0,0,0,1,-1,1,0,1,1,1,0,0,0,0,0,16,0,0,3,5,2,3,5,2,1,7,0,1,0,0,0,0,0,0,0,7,1,1,0,0,0,0,1,3,0,0,KRBKRNvK,DRAW,7B/1r6/R2k1n2/8/8/5K2/8/8 b - - 0 1
0,1,0,0,0,0,0,1,-1,1,0,1,1,1,0,0,0,0,0,16,0,0,6,1,0,7,5,5,4,5,0,1,0,0,0,0,0,0,0,7,1,1,0,0,0,0,0,2,0,0,KRBKRNvK,DRAW,8/1n6/2R4k/3r4/8/8/4B3/1K6 b - - 0 1
1,1,0,0,0,0,0,1,-1,1,0,1,1,1,0,0,0,0,0,16,0,0,3,3,7,5,4,3,1,5,0,1,0,0,0,0,0,0,0,7,1,1,1,0,0,0,2,3,0,0,KRBKRNvK,DRAW,3K4/2R5/8/5k2/3r1n2/8/6B1/8 w - - 0 1
0,1,0,0,0,0,0,1,-1,1,0,1,1,1,0,0,0,0,0,16,0,0,4,4,2,0,5,1,4,3,0,1,0,0,0,0,0,0,0,7,1,1,0,0,0,0,3,0,1,1,KRBKRNvK,DRAW,2B2r2/8/k2R4/8/4n3/4K3/8/8 b - - 0 1
0,1,0,0,0,0,0,1,-1,1,0,1,1,1,0,0,0,0,0,16,0,0,7,5,0,2,7,4,4,3,0,1,0,0,0,0,0,0,0,7,1,1,0,0,0,0,2,1,1,0,KRBKRNvK,DRAW,R1k5/5nr1/8/8/8/2B5/8/5K2 b - - 0 1
1,1,0,0,0,0,0,1,-1,1,0,1,1,1,0,0,0,0,0,16,0,0,4,3,2,6,6,1,4,6,0,1,0,0,0,0,0,0,0,7,1,1,0,0,0,0,3,0,0,1,KRBKRNvK,DRAW,8/6k1/2R5/8/8/r2K4/6B1/1n6 w - - 0 1
0,1,0,0,0,0,0,1,-1,1,0,1,1,1,0,0,0,0,0,16,0,0,4,3,6,7,5,2,4,23,22,0,0,0,0,0,0,0,0,7,1,1,0,0,0,0,2,2,0,1,KRBKRNvK,DRAW,8/3Kn3/7k/6r1/8/8/8/3BR3 b - - 0 1
0,1,0,0,0,0,0,1,-1,1,0,1,1,1,0,0,0,0,0,16,0,0,3,1,6,4,3,4,0,22,26,0,0,0,0,0,0,0,0,7,1,1,0,0,0,0,2,4,0,0,KRBKRNvK,DRAW,8/1K3nB1/4r3/8/4k3/8/8/1R6 b - - 0 1
1,1,0,0,0,0,0,1,-1,1,0,1,1,1,0,0,0,0,0,16,0,0,7,0,4,7,4,3,3,5,0,1,0,0,0,0,0,0,0,7,1,1,0,0,0,0,1,2,0,0,KRBKRNvK,DRAW,8/8/8/K3r2k/8/4B3/3n4/6R1 w - - 0 1
0,1,0,0,0,0,0,1,-1,1,0,1,1,1,0,0,0,0,0,16,0,0,4,2,3,6,1,1,4,4,0,1,0,0,0,0,0,0,0,7,1,1,0,0,0,0,4,0,0,1,KRBKRNvK,DRAW,8/8/8/3B3R/2K5/6r1/n5k1/8 b - - 0 1
1,1,0,0,0,0,0,1,-1,1,0,1,1,1,0,0,0,0,0,16,0,0,5,1,2,6,4,3,2,26,26,0,0,0,0,0,0,0,0,7,1,1,0,0,0,0,3,2,1,0,KRBKRNvK,DRAW,8/r7/5n2/3B2k1/4R3/1K6/8/8 w - - 0 1
0,1,0,0,0,0,0,1,-1,1,0,1,1,1,0,0,0,0,0,16,0,0,4,5,3,1,5,1,3,23,19,0,0,0,0,0,0,0,0,7,1,1,0,0,0,0,2,2,0,0,KRBKRNvK,DRAW,8/4r3/1k6/8/5K2/R7/1n6/B7 b - - 0 1
0,1,0,0,0,0,0,1,-1,1,0,1,1,1,0,0,0,0,0,16,0,0,5,4,6,2,1,2,3,22,21,0,0,0,0,0,0,0,0,7,1,1,0,1,0,0,1,0,0,0,KRBKRNvK,DRAW,7R/4K2n/8/2B5/8/8/2k2r2/8 b - - 0 1
0,1,0,0,0,0,0,1,-1,1,0,1,1,1,0,0,0,0,0,16,0,0,4,6,0,7,4,5,3,5,0,1,0,0,0,0,0,0,0,7,1,1,0,0,0,0,1,2,1,0,KRBKRNvK,LOSS,5n2/8/8/7k/4r3/5B2/5R2/6K1 b - - 0 1
0,1,0,0,0,0,0,1,-1,1,0,1,1,1,0,0,0,0,0,16,0,0,2,0,6,2,5,5,2,25,24,0,0,0,0,0,0,0,0,7,1,1,0,0,0,0,2,3,0,0,KRBKRNvK,DRAW,8/K7/2kn4/8/6B1/4r3/3R4/8 b - - 0 1
0,1,0,0,0,0,0,1,-1,1,0,1,1,1,0,0,0,0,0,16,0,0,4,1,7,2,3,5,1,24,15,0,0,0,0,0,0,0,0,7,1,1,0,0,0,0,0,4,0,1,KRBKRNvK,DRAW,1K1B1R2/n3r3/8/8/2k5/8/8/8 b - - 0 1
1,1,0,0,0,0,0,1,-1,1,0,1,1,1,0,0,0,0,0,16,0,0,6,0,0,3,6,6,2,22,22,0,0,0,0,0,0,0,0,7,1,1,0,0,0,0,1,2,1,0,KRBKRNvK,DRAW,5RB1/1n1k4/8/4r3/8/8/8/K7 w - - 0 1
0,1,0,0,0,0,0,1,-1,1,0,1,1,1,0,0,0,0,0,16,0,0,4,2,6,3,2,3,1,25,28,0,0,0,0,0,0,0,0,7,1,1,0,0,0,0,2,3,0,0,KRBKRNvK,DRAW,8/2K3n1/8/6R1/4r3/3k3B/8/8 b - - 0 1
1,1,0,0,0,0,0,1,-1,1,0,1,1,1,0,0,0,0,0,16,0,0,3,0,7,0,4,6,3,22,23,0,0,0,0,0,0,0,0,7,1,1,0,0,0,0,2,2,0,0,KRBKRNvK,DRAW,K7/8/8/k7/3r4/8/1n6/2R4B w - - 0 1
1,1,0,0,0,0,0,1,-1,1,0,1,1,1,0,0,0,0,0,16,0,0,5,1,5,6,7,3,5,5,0,1,0,0,0,0,0,0,0,7,1,1,0,0,0,0,2,2,0,1,KRBKRNvK,DRAW,6k1/8/1K1r4/B7/1R6/8/8/7n w - - 0 1
1,1,0,0,0,0,0,1,-1,1,0,1,1,1,0,0,0,0,0,16,0,0,5,2,6,7,1,3,5,5,0,1,0,0,0,0,0,0,0,7,1,1,0,0,0,0,2,1,0,1,KRBKRNvK,DRAW,8/2K2r2/7B/1n4R1/8/8/7k/8 w - - 0 1
1,1,0,0,0,0,0,1,-1,1,0,1,1,1,0,0,0,0,0,16,0,0,5,5,0,0,5,4,4,21,23,0,0,0,0,0,0,0,0,7,1,1,0,0,0,0,0,2,0,1,KRBKRNvK,DRAW,8/8/k6n/8/7B/3r4/7R/5K2 w - - 0 1
1,1,0,0,0,0,0,1,-1,1,0,1,1,1,0,0,0,0,0,16,0,0,7,0,7,4,0,6,3,2,0,1,0,0,0,0,0,0,0,7,1,1,0,0,0,0,1,3,2,0,KRBKRNvK,LOSS,K3r3/8/8/8/8/4n3/2B3R1/4k3 w - - 0 1
0,1,0,0,0,0,0,1,-1,1,0,1,1,1,0,0,0,0,0,16,0,0,5,1,7,6,5,5,3,7,0,1,0,0,0,0,0,0,0,7,1,1,0,0,0,0,0,1,0,1,KRBKRNvK,DRAW,1K6/2n5/2R3k1/8/8/5r2/8/2B5 b - - 0 1
0,1,0,0,0,0,0,1,-1,1,0,1,1,1,0,0,0,0,0,16,0,0,3,7,7,4,5,6,1,6,0,1,0,0,0,0,0,0,0,7,1,1,0,0,0,0,3,4,0,1,KRBKRNvK,DRAW,B6K/8/4k2n/8/r7/8/8/4R3 b - - 0 1
0,1,0,0,0,0,0,1,-1,1,0,1,1,1,0,0,0,0,0,16,0,0,4,7,1,4,5,5,1,22,25,0,0,0,0,0,0,0,0,7,1,1,0,0,0,0,2,2,2,1,KRBKRNvK,DRAW,7n/8/4k3/8/2RB4/5r2/7K/8 b - - 0 1
1,1,0,0,0,0,0,1,-1,1,0,1,1,1,0,0,0,0,0,16,0,0,4,1,1,0,5,4,4,7,0,1,0,0,0,0,0,0,0,7,1,1,1,1,0,0,1,2,0,1,KRBKRNvK,DRAW,8/4nR2/k7/5B2/8/8/1K1r4/8 w - - 0 1
1,1,0,0,0,0,0,1,-1,1,0,1,1,1,0,0,0,0,0,16,0,0,5,0,6,5,6,5,3,5,0,1,0,0,0,0,0,0,0,7,1,1,0,0,0,0,3,1,1,1,KRBKRNvK,DRAW,8/K1n2k2/8/7R/8/8/8/rB6 w - - 0 1
0,1,0,0,0,0,0,1,-1,1,0,1,1,1,0,0,0,0,0,16,0,0,5,1,2,2,7,3,4,23,24,0,0,0,0,0,0,0,0,7,1,1,0,0,0,0,3,2,0,1,KRBKRNvK,DRAW,2k5/8/8/3nr3/6R1/1K6/7B/8 b - - 0 1
0,1,0,0,0,0,0,1,-1,1,0,1,1,1,0,0,0,0,0,16,0,0,2,5,4,3,6,1,2,27,21,0,0,0,0,0,0,0,0,7,1,1,0,1,0,0,3,1,0,1,KRBKRNvK,DRAW,8/3k1n2/8/5K1B/7R/8/1r6/8 b - - 0 1
1,1,0,0,0,0,0,1,-1,1,0,1,1,1,0,0,0,0,0,16,0,0,4,1,6,5,7,4,4,26,21,0,0,0,0,0,0,0,0,7,1,1,0,0,0,0,3,0,0,0,KRBKRNvK,DRAW,5k2/1K6/8/4n3/1R6/8/6B1/6r1 w - - 0 1
0,1,0,0,0,0,0,1,-1,1,0,1,1,1,0,0,0,0,0,16,0,0,7,5,0,1,7,4,5,22,22,0,0,0,0,0,0,0,0,7,1,1,1,0,0,0,1,1,0,0,KRBKRNvK,DRAW,1k6/6R1/8/8/6n1/2r5/8/1B3K2 b - - 0 1
0,1,0,0,0,0,0,1,-1,1,0,1,1,1,0,0,0,0,0,16,0,0,3,1,3,3,0,2,3,3,0,1,0,0,0,0,0,0,0,7,1,1,0,0,0,0,3,1,0,0,KRBKRNvK,DRAW,5r2/8/3R4/5Bn1/1K6/8/8/3k4 b - - 0 1
0,1,0,0,0,0,0,1,-1,1,0,1,1,1,0,0,0,0,0,16,0,0,2,0,3,2,2,3,2,5,0,1,0,0,0,0,0,0,0,7,1,1,1,0,0,0,2,2,0,1,KRBKRNvK,DRAW,7B/1R6/8/8/Kn6/2k5/8/6r1 b - - 0 1
0,1,0,0,0,0,0,1,-1,1,0,1,1,1,0,0,0,0,0,16,0,0,4,5,3,1,0,1,5,27,26,0,0,0,0,0,0,0,0,7,1,1,0,0,0,0,2,0,0,2,KRBKRNvK,DRAW,6R1/8/7r/8/4nK2/5B2/8/1k6 b - - 0 1
0,1,0,0,0,0,0,1,-1,1,0,1,1,1,0,0,0,0,0,16,0,0,2,2,7,2,5,4,2,24,23,0,0,0,0,0,0,0,0,7,1,1,0,0,0,0,2,2,0,0,KRBKRNvK,DRAW,2K5/8/2k5/2n5/8/5r2/B7/3R4 b - - 0 1
0,1,0,0,0,0,0,1,-1,1,0,1,1,1,0,0,0,0,0,16,0,0,4,1,4,5,7,2,4,19,27,0,0,0,0,0,0,0,0,7,1,1,0,0,0,0,0,2,0,0,KRBKRNvK,DRAW,5k2/8/5n2/1K4B1/8/8/5R2/7r b - - 0 1
1,1,0,0,0,0,0,1,-1,1,0,1,1,1,0,0,0,0,0,16,0,0,4,3,7,7,3,3,3,4,0,1,0,0,0,0,0,0,0,7,1,1,0,0,0,0,0,2,0,0,KRBKRNvK,DRAW,1RBK4/8/8/8/7k/8/8/3rn3 w - - 0 1
0,1,0,0,0,0,0,1,-1,1,0,1,1,1,0,0,0,0,0,16,0,0,3,4,5,1,2,1,3,7,0,1,0,0,0,0,0,0,0,7,1,1,0,0,0,0,3,2,0,1,KRBKRNvK,DRAW,8/8/4K3/6r1/1n6/1k5R/8/6B1 b - - 0 1
1,1,0,0,0,0,0,1,-1,1,0,1,1,1,0,0,0,0,0,16,0,0,2,1,2,3,4,3,0,24,23,0,0,0,0,0,0,0,0,7,1,1,1,0,0,0,1,3,1,0,KRBKRNvK,DRAW,2n5/1R6/r7/3k4/8/1K4B1/8/8 w - - 0 1
0,1,0,0,0,0,0,1,-1,1,0,1,1,1,0,0,0,0,0,16,0,0,2,7,1,5,1,5,3,17,25,0,0,0,0,0,0,0,0,7,1,1,1,0,0,0,3,0,0,1,KRBKRNvK,DRAW,8/4R3/5r2/8/8/2B4n/5k1K/8 b - - 0 1
1,1,0,0,0,0,0,1,-1,1,0,1,1,1,0,0,0,0,0,16,0,0,4,4,2,7,6,1,5,28,22,0,0,0,0,0,0,0,0,7,1,1,0,0,0,0,3,1,2,0,KRBKRNvK,DRAW,5R1B/3n3k/8/8/8/4K3/8/1r6 w - - 0 1
1,1,0,0,0,0,0,1,-1,1,0,1,1,1,0,0,0,0,0,16,0,0,3,7,0,4,3,6,0,24,22,0,0,0,0,0,0,0,0,7,1,1,0,0,0,0,2,3,2,1,KRBKRNvK,DRAW,8/8/1n6/6R1/4k3/5r2/3B4/7K w - - 0 1
1,1,0,0,0,0,0,1,-1,1,0,1,1,1,0,0,0,0,0,16,0,0,4,2,0,3,4,4,0,25,17,0,0,0,0,0,0,0,0,7,1,1,0,0,0,0,0,4,0,0,KRBKRNvK,DRAW,2R5/8/3r4/3k3n/B7/8/8/2K5 w - - 0 1
1,1,0,0,0,0,0,1,-1,1,0,1,1,1,0,0,0,0,0,16,0,0,2,0,3,2,4,3,1,4,0,1,0,0,0,0,0,0,0,7,1,1,1,0,0,0,0,3,2,0,KRBKRNvK,DRAW,8/R7/8/1Bk5/K3r3/8/8/5n2 w - - 0 1
0,1,0,0,0,0,0,1,-1,1,0,1,1,1,0,0,0,0,0,16,0,0,5,4,0,3,5,3,1,6,0,1,0,0,0,0,0,0,0,7,1,1,0,0,0,0,1,2,1,0,KRBKRNvK,DRAW,8/n7/3k4/8/5B2/1r6/8/R3K3 b - - 0 1
0,1,0,0,0,0,0,1,-1,1,0,1,1,1,0,0,0,0,0,16,0,0,5,7,3,2,5,3,2,20,25,0,0,0,0,0,0,0,0,7,1,1,0,0,0,0,1,3,0,0,KRBKRNvK,DRAW,4r1n1/8/2k5/8/7K/8/1R6/1B6 b - - 0 1
0,1,0,0,0,0,0,1,-1,1,0,1,1,1,0,0,0,0,0,16,0,0,5,2,0,7,3,4,3,21,19,0,0,0,0,0,0,0,0,7,1,1,1,0,0,0,2,1,0,1,KRBKRNvK,DRAW,2B5/3R4/7r/8/7k/8/3n4/2K5 b - - 0 1
0,1,0,0,0,0,0,1,-1,1,0,1,1,1,0,0,0,0,0,16,0,0,5,5,5,3,0,2,3,3,0,1,0,0,0,0,0,0,0,7,1,1,0,0,0,0,1,2,0,1,KRBKRNvK,LOSS,8/3B4/5K1n/8/r7/8/8/3k2R1 b - - 0 1
1,1,0,0,0,0,0,1,-1,1,0,1,1,1,0,0,0,0,0,16,0,0,4,1,6,5,2,4,2,27,25,0,0,0,0,0,0,0,0,7,1,1,0,0,0,0,3,3,0,1,KRBKRNvK,DRAW,8/1K6/8/3r4/1R6/5k2/1Bn5/8 w - - 0 1
0,1,0,0,0,0,0,1,-1,1,0,1,1,1,0,0,0,0,0,16,0,0,5,1,5,6,4,3,2,17,26,0,0,0,0,0,0,0,0,7,1,1,0,0,0,0,3,2,0,0,KRBKRNvK,DRAW,8/8/1K6/6k1/6r1/8/8/1B1R2n1 b - - 0 1
0,1,0,0,0,0,0,1,-1,1,0,1,1,1,0,0,0,0,0,16,0,0,2,5,0,7,1,4,5,13,24,0,0,0,0,0,0,0,0,7,1,1,0,0,0,0,3,0,0,0,KRBKRNvK,DRAW,7r/7n/8/8/1R6/8/B6k/5K2 b - - 0 1
1,1,0,0,0,0,0,1,-1,1,0,1,1,1,0,0,0,0,0,16,0,0,4,4,5,0,5,1,4,7,0,1,0,0,0,0,0,0,0,7,1,1,0,0,0,0,3,0,1,1,KRBKRNvK,DRAW,8/8/k1r1K3/2B5/n7/8/8/7R w - - 0 1
1,1,0,0,0,0,0,1,-1,1,0,1,1,1,0,0,0,0,0,16,0,0,6,6,7,0,5,5,4,29,24,0,0,0,0,0,0,0,0,7,1,1,0,0,0,0,2,3,0,0,KRBKRNvK,DRAW,6K1/8/k4B2/2r2n2/8/8/8/7R w - - 0 1
0,1,0,0,0,0,0,1,-1,1,0,1,1,1,0,0,0,0,0,16,0,0,4,2,7,4,3,4,0,20,24,0,0,0,0,0,0,0,0,7,1,1,0,0,0,0,0,4,0,1,KRBKRNvK,DRAW,2K5/8/2n5/8/2r1k3/7R/8/3B4 b - - 0 1
1,1,0,0,0,0,0,1,-1,1,0,1,1,1,0,0,0,0,0,16,0,0,3,0,5,3,6,4,2,22,27,0,0,0,0,0,0,0,0,7,1,1,0,0,0,0,2,1,0,0,KRBKRNvK,DRAW,8/3kn3/K7/8/8/8/R7/B4r2 w - - 0 1
0,1,0,0,0,0,0,1,-1,1,0,1,1,1,0,0,0,0,0,16,0,0,4,1,0,3,4,5,0,7,0,1,0,0,0,0,0,0,0,7,1,1,0,0,0,0,1,3,1,0,KRBKRNvK,DRAW,8/8/3n4/3k4/6r1/1B6/8/1K4R1 b - - 0 1
1,1,0,0,0,0,0,1,-1,1,0,1,1,1,0,0,0,0,0,16,0,0,4,6,7,2,7,5,4,23,22,0,0,0,0,0,0,0,0,7,1,1,1,0,0,0,2,1,1,0,KRBKRNvK,DRAW,2k3K1/4R3/8/6n1/B7/8/8/5r2 w - - 0 1
1,1,0,0,0,0,0,1,-1,1,0,1,1,1,0,0,0,0,0,16,0,0,4,2,6,6,6,3,4,24,24,0,0,0,0,0,0,0,0,7,1,1,0,0,0,0,2,2,0,1,KRBKRNvK,DRAW,8/2K3k1/4r3/1R6/8/8/8/n4B2 w - - 0 1
0,1,0,0,0,0,0,1,-1,1,0,1,1,1,0,0,0,0,0,16,0,0,3,0,4,3,7,3,3,16,17,0,0,0,0,0,0,0,0,7,1,1,0,0,0,0,2,0,0,0,KRBKRNvK,DRAW,1r1k3n/8/8/K7/R7/8/8/4B3 b - - 0 1
0,1,0,0,0,0,0,1,-1,1,0,1,1,1,0,0,0,0,0,16,0,0,4,0,2,4,5,4,1,23,26,0,0,0,0,0,0,0,0,7,1,1,0,0,0,0,3,3,0,0,KRBKRNvK,DRAW,8/2r5/4k3/6n1/8/K7/3R4/1B6 b - - 0 1
0,1,0,0,0,0,0,1,-1,1,0,1,1,1,0,0,0,0,0,16,0,0,5,5,1,0,0,3,6,1,0,1,0,0,0,0,0,0,0,7,1,1,0,0,0,0,2,3,2,0,KRBKRNvK,DRAW,3r4/8/2n5/8/8/2B5/5K2/k1R5 b - - 0 1
1,1,0,0,0,0,0,1,-1,1,0,1,1,1,0,0,0,0,0,16,0,0,4,2,5,6,6,2,4,26,26,0,0,0,0,0,0,0,0,7,1,1,0,0,0,0,1,2,0,1,KRBKRNvK,DRAW,2n5/6k1/2K5/5r2/8/R7/4B3/8 w - - 0 1
1,1,0,0,0,0,0,1,-1,1,0,1,1,1,0,0,0,0,0,16,0,0,4,4,2,1,6,1,4,24,23,0,0,0,0,0,0,0,0,7,1,1,0,1,0,0,3,0,0,0,KRBKRNvK,DRAW,8/1k4Bn/8/8/4R3/4K3/7r/8 w - - 0 1
0,1,0,0,0,0,0,1,-1,1,0,1,1,1,0,0,0,0,0,16,0,0,6,7,5,1,2,4,3,6,0,1,0,0,0,0,0,0,0,7,1,1,1,1,0,0,1,1,0,1,KRBKRNvK,DRAW,8/4R3/4B1nK/8/8/1k6/5r2/8 b - - 0 1
0,1,0,0,0,0,0,1,-1,1,0,1,1,1,0,0,0,0,0,16,0,0,3,2,3,3,6,1,2,23,20,0,0,0,0,0,0,0,0,7,1,1,0,0,0,0,3,2,0,0,KRBKRNvK,DRAW,8/3k3n/7B/8/2K4R/8/8/3r4 b - - 0 1
1,1,0,0,0,0,0,1,-1,1,0,1,1,1,0,0,0,0,0,16,0,0,2,5,5,7,7,2,6,28,19,0,0,0,0,0,0,0,0,7,1,1,0,0,0,0,3,2,0,0,KRBKRNvK,WIN,7k/8/n4K2/8/1r6/4R3/8/7B w - - 0 1
0,1,0,0,0,0,0,1,-1,1,0,1,1,1,0,0,0,0,0,16,0,0,2,2,0,3,2,4,1,1,0,1,0,0,0,0,0,0,0,7,1,1,0,1,0,0,0,2,2,0,KRBKRNvK,DRAW,8/8/8/8/4n3/1R1k4/7r/2K2B2 b - - 0 1
0,1,0,0,0,0,0,1,-1,1,0,1,1,1,0,0,0,0,0,16,0,0,3,5,7,2,7,4,4,23,20,0,0,0,0,0,0,0,0,7,1,1,1,0,0,0,1,0,2,0,KRBKRNvK,DRAW,2k2K2/3R4/4B3/3n4/8/1r6/8/8 b - - 0 1
0,1,0,0,0,0,0,1,-1,1,0,1,1,1,0,0,0,0,0,16,0,0,4,1,7,5,4,5,1,6,0,1,0,0,0,0,0,0,0,7,1,1,0,0,0,0,3,3,0,0,KRBKRNvK,DRAW,BK6/8/8/R4k2/3r4/8/5n2/8 b - - 0 1
0,1,0,0,0,0,0,1,-1,1,0,1,1,1,0,0,0,0,0,16,0,0,2,5,5,7,6,2,5,19,22,0,0,0,0,0,0,0,0,7,1,1,0,1,0,0,2,2,1,1,KRBKRNvK,DRAW,8/6Bk/5K2/8/7n/4R3/3r4/8 b - - 0 1
1,1,0,0,0,0,0,1,-1,1,0,1,1,1,0,0,0,0,0,16,0,0,4,7,4,4,0,3,3,3,0,1,0,0,0,0,0,0,0,7,1,1,0,0,0,0,1,3,0,1,KRBKRNvK,LOSS,8/8/1B3n2/7K/r7/8/R7/4k3 w - - 0 1
0,1,0,0,0,0,0,1,-1,1,0,1,1,1,0,0,0,0,0,16,0,0,3,0,3,3,3,3,0,22,26,0,0,0,0,0,0,0,0,7,1,1,0,0,0,0,0,3,0,0,KRBKRNvK,DRAW,2n5/8/B7/8/K2k4/7R/8/4r3 b - - 0 1
1,1,0,0,0,0,0,1,-1,1,0,1,1,1,0,0,0,0,0,16,0,0,2,5,0,7,1,4,5,28,10,0,0,0,0,0,0,0,0,7,1,1,0,0,0,0,1,0,0,0,KRBKRNvK,DRAW,1R6/8/7n/5B1r/8/8/7k/5K2 w - - 0 1
0,1,0,0,0,0,0,1,-1,1,0,1,1,1,0,0,0,0,0,16,0,0,3,4,1,1,3,2,2,6,0,1,0,0,0,0,0,0,0,7,1,1,0,0,0,0,0,0,1,0,KRBKRNvK,DRAW,8/8/6R1/8/1k5n/8/3BK3/1r6 b - - 0 1
0,1,0,0,0,0,0,1,-1,1,0,1,1,1,0,0,0,0,0,16,0,0,4,3,7,3,3,3,0,20,28,0,0,0,0,0,0,0,0,7,1,1,0,0,0,0,2,3,0,0,KRBKRNvK,DRAW,3K4/8/6B1/8/3k4/5r2/8/n3R3 b - - 0 1
1,1,0,0,0,0,0,1,-1,1,0,1,1,1,0,0,0,0,0,16,0,0,7,2,7,4,0,4,3,24,23,0,0,0,0,0,0,0,0,7,1,1,0,0,0,0,2,1,0,0,KRBKRNvK,DRAW,2K5/1B4r1/7R/8/8/8/4n3/4k3 w - - 0 1
1,1,0,0,0,0,0,1,-1,1,0,1,1,1,0,0,0,0,0,16,0,0,2,6,1,6,3,4,2,22,25,0,0,0,0,0,0,0,0,7,1,1,0,0,0,0,0,1,0,1,KRBKRNvK,DRAW,8/1r6/8/8/6k1/B5n1/2R3K1/8 w - - 0 1
0,1,0,0,0,0,0,1,-1,1,0,1,1,1,0,0,0,0,0,16,0,0,7,0,7,7,6,6,5,25,24,0,0,0,0,0,0,0,0,7,1,1,0,0,0,0,0,2,1,0,KRBKRNvK,DRAW,K7/7k/5n2/6B1/8/1R6/8/2r5 b - - 0 1
0,1,0,0,0,0,0,1,-1,1,0,1,1,1,0,0,0,0,0,16,0,0,3,4,6,7,3,2,3,20,26,0,0,0,0,0,0,0,0,7,1,1,1,0,0,0,3,0,1,0,KRBKRNvK,DRAW,8/3RK3/8/5B2/7k/7n/8/6r1 b - - 0 1
0,1,0,0,0,0,0,1,-1,1,0,1,1,1,0,0,0,0,0,16,0,0,2,0,6,1,4,5,2,22,22,0,0,0,0,0,0,0,0,7,1,1,1,0,0,0,2,0,1,0,KRBKRNvK,DRAW,8/K2R4/7r/1k6/8/8/n7/3B4 b - - 0 1
1,1,0,0,0,0,0,1,-1,1,0,1,1,1,0,0,0,0,0,16,0,0,5,5,1,0,3,3,3,24,22,0,0,0,0,0,0,0,0,7,1,1,0,0,0,0,2,3,0,0,KRBKRNvK,DRAW,8/8/6n1/8/kr6/8/5K2/4RB2 w - - 0 1
1,1,0,0,0,0,0,1,-1,1,0,1,1,1,0,0,0,0,0,16,0,0,4,5,0,1,2,4,3,23,24,0,0,0,0,0,0,0,0,7,1,1,0,0,0,0,2,2,0,0,KRBKRNvK,DRAW,3n4/3r4/8/8/4B3/1k6/8/4RK2 w - - 0 1
0,1,0,0,0,0,0,1,-1,1,0,1,1,1,0,0,0,0,0,16,0,0,4,0,2,0,6,4,5,24,20,0,0,0,0,0,0,0,0,7,1,1,0,0,0,0,1,0,2,0,KRBKRNvK,DRAW,B1R5/k7/8/3n4/8/K7/8/5r2 b - - 0 1
0,1,0,0,0,0,0,1,-1,1,0,1,1,1,0,0,0,0,0,16,0,0,3,2,4,3,7,1,3,22,25,0,0,0,0,0,0,0,0,7,1,1,0,0,0,0,3,2,0,1,KRBKRNvK,DRAW,3k4/7B/8/2K5/3r4/1R6/6n1/8 b - - 0 1
0,1,0,0,0,0,0,1,-1,1,0,1,1,1,0,0,0,0,0,16,0,0,6,4,6,4,0,2,3,22,22,0,0,0,0,0,0,0,0,7,1,1,0,0,0,0,2,2,0,1,KRBKRNvK,DRAW,3r4/4K3/8/R5Bn/8/8/8/4k3 b - - 0 1
0,1,0,0,0,0,0,1,-1,1,0,1,1,1,0,0,0,0,0,16,0,0,4,2,0,5,4,4,1,6,0,1,0,0,0,0,0,0,0,7,1,1,0,0,0,0,3,4,0,0,KRBKRNvK,DRAW,8/3r4/8/2R2k2/8/6n1/8/B1K5 b - - 0 1
0,1,0,0,0,0,0,1,-1,1,0,1,1,1,0,0,0,0,0,16,0,0,2,3,2,1,1,1,4,5,0,1,0,0,0,0,0,0,0,7,1,1,0,0,0,0,3,0,0,1,KRBKRNvK,DRAW,8/5B2/8/8/8/3K3n/1k5R/2r5 b - - 0 1
0,1,0,0,0,0,0,1,-1,1,0,1,1,1,0,0,0,0,0,16,0,0,5,6,7,1,5,5,3,26,28,0,0,0,0,0,0,0,0,7,1,1,0,0,0,0,2,2,0,0,KRBKRNvK,DRAW,6K1/8/1k4B1/3r4/8/4R3/1n6/8 b - - 0 1
1,1,0,0,0,0,0,1,-1,1,0,1,1,1,0,0,0,0,0,16,0,0,4,3,3,7,6,0,5,22,25,0,0,0,0,0,0,0,0,7,1,1,0,0,0,0,4,1,0,1,KRBKRNvK,DRAW,8/7k/B7/8/1R1K4/8/3n4/6r1 w - - 0 1
0,1,0,0,0,0,0,1,-1,1,0,1,1,1,0,0,0,0,0,16,0,0,5,1,2,6,3,3,2,6,0,1,0,0,0,0,0,0,0,7,1,1,0,0,0,0,2,0,0,0,KRBKRNvK,DRAW,r1n5/8/B7/8/1R4k1/1K6/8/8 b - - 0 1
1,1,0,0,0,0,0,1,-1,1,0,1,1,1,0,0,0,0,0,16,0,0,5,1,2,3,7,3,3,4,0,1,0,0,0,0,0,0,0,7,1,1,0,0,0,0,2,0,0,1,KRBKRNvK,DRAW,3k4/8/r7/2R5/2B5/1K6/8/2n5 w - - 0 1
0,1,0,0,0,0,0,1,-1,1,0,1,1,1,0,0,0,0,0,16,0,0,2,2,2,0,4,2,3,22,25,0,0,0,0,0,0,0,0,7,1,1,0,0,0,0,3,3,1,1,KRBKRNvK,DRAW,5R2/1B6/1n6/k7/4r3/2K5/8/8 b - - 0 1
1,1,0,0,0,0,0,1,-1,1,0,1,1,1,0,0,0,0,0,16,0,0,6,6,6,0,5,4,4,29,23,0,0,0,0,0,0,0,0,7,1,1,0,0,0,0,1,1,0,1,KRBKRNvK,DRAW,8/4n1K1/kr6/5B2/8/8/7R/8 w - - 0 1
0,1,0,0,0,0,0,1,-1,1,0,1,1,1,0,0,0,0,0,16,0,0,6,6,0,5,6,5,3,4,0,1,0,0,0,0,0,0,0,7,1,1,0,0,0,0,2,0,2,0,KRBKRNvK,DRAW,4B3/5k2/7r/4R3/8/8/n7/6K1 b - - 0 1
0,1,0,0,0,0,0,1,-1,1,0,1,1,1,0,0,0,0,0,16,0,0,2,5,6,3,7,3,3,1,0,1,0,0,0,0,0,0,0,7,1,1,0,0,0,0,1,3,2,0,KRBKRNvK,DRAW,3k1R2/5K2/1B6/8/4r3/4n3/8/8 b - - 0 1
0,1,0,0,0,0,0,1,-1,1,0,1,1,1,0,0,0,0,0,16,0,0,4,5,5,2,1,2,3,7,0,1,0,0,0,0,0,0,0,7,1,1,1,0,0,0,1,2,0,0,KRBKRNvK,DRAW,8/1nR5/5K2/8/8/8/2k4B/4r3 b - - 0 1
0,1,0,0,0,0,0,1,-1,1,0,1,1,1,0,0,0,0,0,16,0,0,3,4,7,1,5,3,3,6,0,1,0,0,0,0,0,0,0,7,1,1,0,0,0,0,1,2,0,1,KRBKRNvK,LOSS,4K3/3r4/1k4R1/8/5B2/4n3/8/8 b - - 0 1
0,1,0,0,0,0,0,1,-1,1,0,1,1,1,0,0,0,0,0,16,0,0,3,4,3,7,3,0,3,22,26,0,0,0,0,0,0,0,0,7,1,1,0,0,0,0,4,0,0,0,KRBKRNvK,DRAW,1n6/8/1B6/8/4K2k/8/4R3/6r1 b - - 0 1
1,1,0,0,0,0,0,1,-1,1,0,1,1,1,0,0,0,0,0,16,0,0,2,2,3,2,1,1,3,1,0,1,0,0,0,0,0,0,0,7,1,1,1,0,0,0,3,0,0,2,KRBKRNvK,DRAW,8/6R1/8/3B4/r1K5/n7/2k5/8 w - - 0 1
1,1,0,0,0,0,0,1,-1,1,0,1,1,1,0,0,0,0,0,16,0,0,3,6,6,3,3,4,0,8,0,1,0,0,0,0,0,0,0,7,1,1,0,0,0,0,2,3,0,0,KRBKRNvK,DRAW,8/r5K1/8/8/3k4/2n3B1/8/4R3 w - - 0 1
1,1,0,0,0,0,0,1,-1,1,0,1,1,1,0,0,0,0,0,16,0,0,3,2,3,3,0,1,3,30,21,0,0,0,0,0,0,0,0,7,1,1,0,0,0,0,2,1,0,0,KRBKRNvK,DRAW,5R2/8/4B2r/6n1/2K5/8/8/3k4 w - - 0 1
1,1,0,0,0,0,0,1,-1,1,0,1,1,1,0,0,0,0,0,16,0,0,4,6,3,2,5,2,2,4,0,1,0,0,0,0,0,0,0,7,1,1,0,0,0,0,1,3,0,1,KRBKRNvK,DRAW,6B1/8/2k5/1r6/6K1/R7/5n2/8 w - - 0 1
1,1,0,0,0,0,0,1,-1,1,0,1,1,1,0,0,0,0,0,16,0,0,5,5,2,7,7,2,6,5,0,1,0,0,0,0,0,0,0,7,1,1,1,0,0,0,2,0,1,1,KRBKRNvK,DRAW,5r1k/1B4R1/8/4n3/8/5K2/8/8 w - - 0 1
1,1,0,0,0,0,0,1,-1,1,0,1,1,1,0,0,0,0,0,16,0,0,5,5,5,0,2,2,4,5,0,1,0,0,0,0,0,0,0,7,1,1,0,0,0,0,2,0,0,1,KRBKRNvK,DRAW,4n3/1r6/5K2/8/8/k2B4/8/6R1 w - - 0 1
0,1,0,0,0,0,0,1,-1,1,0,1,1,1,0,0,0,0,0,16,0,0,4,4,7,4,3,3,0,20,25,0,0,0,0,0,0,0,0,7,1,1,1,0,0,0,2,3,0,0,KRBKRNvK,DRAW,4K1B1/n2R4/8/8/4k3/8/8/r7 b - - 0 1
0,1,0,0,0,0,0,1,-1,1,0,1,1,1,0,0,0,0,0,16,0,0,6,3,6,7,0,2,6,3,0,1,0,0,0,0,0,0,0,7,1,1,0,1,0,0,0,2,1,1,KRBKRNvK,DRAW,4B3/3K4/8/3n4/8/7R/4r3/7k b - - 0 1
1,1,0,0,0,0,0,1,-1,1,0,1,1,1,0,0,0,0,0,16,0,0,3,3,6,3,3,2,0,7,0,1,0,0,0,0,0,0,0,7,1,1,0,0,0,0,0,3,0,1,KRBKRNvK,DRAW,7R/3K4/8/4n2B/3k4/7r/8/8 w - - 0 1
1,1,0,0,0,0,0,1,-1,1,0,1,1,1,0,0,0,0,0,16,0,0,2,2,0,4,0,4,3,24,19,0,0,0,0,0,0,0,0,7,1,1,0,0,0,0,2,0,0,0,KRBKRNvK,DRAW,8/5B2/n7/5R2/8/6r1/8/2K1k3 w - - 0 1
1,1,0,0,0,0,0,1,-1,1,0,1,1,1,0,0,0,0,0,16,0,0,3,1,4,4,5,2,1,5,0,1,0,0,0,0,0,0,0,7,1,1,0,0,0,0,2,3,1,2,KRBKRNvK,DRAW,3R4/8/3nk3/1K6/8/1r6/1B6/8 w - - 0 1
0,1,0,0,0,0,0,1,-1,1,0,1,1,1,0,0,0,0,0,16,0,0,6,1,6,7,7,4,6,22,25,0,0,0,0,0,0,0,0,7,1,1,0,0,0,0,1,1,1,0,KRBKRNvK,DRAW,7k/1K3B2/1R6/8/8/8/4n3/r7 b - - 0 1
1,1,0,0,0,0,0,1,-1,1,0,1,1,1,0,0,0,0,0,16,0,0,5,5,2,0,3,2,3,8,0,1,0,0,0,0,0,0,0,7,1,1,0,0,0,0,3,0,0,0,KRBKRNvK,DRAW,5r2/6n1/7B/3R4/k7/5K2/8/8 w - - 0 1
1,1,0,0,0,0,0,1,-1,1,0,1,1,1,0,0,0,0,0,16,0,0,4,5,4,1,7,1,5,21,20,0,0,0,0,0,0,0,0,7,1,1,0,0,0,0,4,0,0,2,KRBKRNvK,DRAW,1k6/7r/8/4RK2/8/7n/1B6/8 w - - 0 1
1,1,0,0,0,0,0,1,-1,1,0,1,1,1,0,0,0,0,0,16,0,0,3,4,5,1,6,1,4,6,0,1,0,0,0,0,0,0,0,7,1,1,0,0,0,0,3,0,1,1,KRBKRNvK,DRAW,8/nk4B1/2r1K3/3R4/8/8/8/8 w - - 0 1
0,1,0,0,0,0,0,1,-1,1,0,1,1,1,0,0,0,0,0,16,0,0,5,1,0,1,5,5,3,22,25,0,0,0,0,0,0,0,0,7,1,1,0,0,0,0,2,1,0,0,KRBKRNvK,DRAW,8/6r1/1k4n1/8/8/1B6/8/1K1R4 b - - 0 1
0,1,0,0,0,0,0,1,-1,1,0,1,1,1,0,0,0,0,0,16,0,0,4,1,6,2,2,4,2,6,0,1,0,0,0,0,0,0,0,7,1,1,0,0,0,0,0,2,1,1,KRBKRNvK,DRAW,8/1K6/7R/3r4/7n/2k5/8/B7 b - - 0 1
0,1,0,0,0,0,0,1,-1,1,0,1,1,1,0,0,0,0,0,16,0,0,5,2,1,7,4,3,3,4,0,1,0,0,0,0,0,0,0,7,1,1,0,0,0,0,1,2,2,1,KRBKRNvK,LOSS,8/8/1r3RB1/7k/8/2n5/2K5/8 b - - 0 1
1,1,0,0,0,0,0,1,-1,1,0,1,1,1,0,0,0,0,0,16,0,0,5,7,1,2,3,5,1,26,20,0,0,0,0,0,0,0,0,7,1,1,0,0,0,0,2,2,1,0,KRBKRNvK,DRAW,3R4/8/5r2/8/B1k5/8/7K/1n6 w - - 0 1
0,1,0,0,0,0,0,1,-1,1,0,1,1,1,0,0,0,0,0,16,0,0,5,5,2,5,7,2,4,20,30,0,0,0,0,0,0,0,0,7,1,1,0,0,0,0,1,1,0,1,KRBKRNvK,DRAW,2r2k2/8/8/3B4/8/5Kn1/1R6/8 b - - 0 1
1,1,0,0,0,0,0,1,-1,1,0,1,1,1,0,0,0,0,0,16,0,0,4,1,4,5,0,2,4,31,22,0,0,0,0,0,0,0,0,7,1,1,1,0,0,0,1,2,1,0,KRBKRNvK,DRAW,6r1/7R/5n2/1K6/8/6B1/8/5k2 w - - 0 1
0,1,0,0,0,0,0,1,-1,1,0,1,1,1,0,0,0,0,0,16,0,0,6,7,6,4,0,5,3,21,27,0,0,0,0,0,0,0,0,7,1,1,0,0,0,0,0,0,0,0,KRBKRNvK,DRAW,8/n6K/R7/6B1/8/5r2/8/4k3 b - - 0 1
1,1,0,0,0,0,0,1,-1,1,0,1,1,1,0,0,0,0,0,16,0,0,4,1,2,0,6,3,5,28,22,0,0,0,0,0,0,0,0,7,1,1,0,0,0,0,2,1,0,0,KRBKRNvK,DRAW,8/k6r/3R4/3B4/5n2/1K6/8/8 w - - 0 1
1,1,0,0,0,0,0,1,-1,1,0,1,1,1,0,0,0,0,0,16,0,0,3,6,4,3,6,2,2,30,16,0,0,0,0,0,0,0,0,7,1,1,0,0,0,0,2,1,0,0,KRBKRNvK,WIN,8/1r1k4/1n6/6K1/7R/8/4B3/8 w - - 0 1
0,1,0,0,0,0,0,1,-1,1,0,1,1,1,0,0,0,0,0,16,0,0,6,2,1,2,7,3,4,18,28,0,0,0,0,0,0,0,0,7,1,1,0,0,0,0,2,2,0,0,KRBKRNvK,DRAW,2k5/1n2r3/8/8/8/8/B1K5/3R4 b - - 0 1
0,1,0,0,0,0,0,1,-1,1,0,1,1,1,0,0,0,0,0,16,0,0,5,1,0,4,5,5,1,23,32,0,0,0,0,0,0,0,0,7,1,1,0,0,0,0,1,2,1,0,KRBKRNvK,DRAW,5r2/8/4k3/8/3B4/8/6R1/1K3n2 b - - 0 1
0,1,0,0,0,0,0,1,-1,1,0,1,1,1,0,0,0,0,0,16,0,0,6,2,0,1,6,4,4,23,24,0,0,0,0,0,0,0,0,7,1,1,0,1,0,0,0,2,0,1,KRBKRNvK,DRAW,8/1k4n1/8/6B1/8/R7/3r4/2K5 b - - 0 1
0,1,0,0,0,0,0,1,-1,1,0,1,1,1,0,0,0,0,0,16,0,0,5,1,5,6,0,3,5,22,29,0,0,0,0,0,0,0,0,7,1,1,0,1,0,0,3,2,0,0,KRBKRNvK,DRAW,1B6/8/1K5n/8/3R4/8/4r3/6k1 b - - 0 1
1,1,0,0,0,0,0,1,-1,1,0,1,1,1,0,0,0,0,0,16,0,0,7,0,5,7,2,4,4,29,20,0,0,0,0,0,0,0,0,7,1,1,0,1,0,0,2,3,0,0,KRBKRNvK,DRAW,8/8/K7/4B3/R7/5n1k/4r3/8 w - - 0 1
1,1,0,0,0,0,0,1,-1,1,0,1,1,1,0,0,0,0,0,16,0,0,2,4,4,4,2,0,1,24,20,0,0,0,0,0,0,0,0,7,1,1,0,1,0,0,4,2,1,0,KRBKRNvK,DRAW,6n1/8/5B2/4K3/8/4k3/7r/3R4 w - - 0 1
0,1,0,0,0,0,0,1,-1,1,0,1,1,1,0,0,0,0,0,16,0,0,2,5,5,7,3,2,3,16,32,0,0,0,0,0,0,0,0,7,1,1,0,1,0,0,2,0,1,0,KRBKRNvK,DRAW,4R3/8/5K2/8/5B1k/8/7r/4n3 b - - 0 1
1,1,0,0,0,0,0,1,-1,1,0,1,1,1,0,0,0,0,0,16,0,0,5,2,3,7,1,1,5,7,0,1,0,0,0,0,0,0,0,7,1,1,0,1,0,0,3,0,0,1,KRBKRNvK,DRAW,2nR4/8/5B2/8/2K5/8/2r4k/8 w - - 0 1
0,1,0,0,0,0,0,1,-1,1,0,1,1,1,0,0,0,0,0,16,0,0,2,1,5,2,7,3,4,2,0,1,0,0,0,0,0,0,0,7,1,1,1,0,0,0,1,2,1,1,KRBKRNvK,DRAW,2k5/2R5/1K6/3rn3/8/8/8/6B1 b - - 0 1
1,1,0,0,0,0,0,1,-1,1,0,1,1,1,0,0,0,0,0,16,0,0,4,3,3,7,5,0,4,18,22,0,0,0,0,0,0,0,0,7,1,1,0,0,0,0,4,0,0,0,KRBKRNvK,DRAW,8/8/7k/8/3K4/3R4/6n1/5rB1 w - - 0 1
1,1,0,0,0,0,0,1,-1,1,0,1,1,1,0,0,0,0,0,16,0,0,4,1,0,5,3,5,1,4,0,1,0,0,0,0,0,0,0,7,1,1,0,0,0,0,0,2,2,1,KRBKRNvK,DRAW,4r3/8/7R/8/5k2/n7/4B3/1K6 w - - 0 1
1,1,0,0,0,0,0,1,-1,1,0,1,1,1,0,0,0,0,0,16,0,0,7,3,7,3,0,3,3,26,23,0,0,0,0,0,0,0,0,7,1,1,0,0,0,0,1,3,0,0,KRBKRNvK,DRAW,3K4/8/2R5/8/2B4r/2n5/8/3k4 w - - 0 1
0,1,0,0,0,0,0,1,-1,1,0,1,1,1,0,0,0,0,0,16,0,0,5,2,1,7,0,3,6,18,22,0,0,0,0,0,0,0,0,7,1,1,0,0,0,0,0,1,0,0,KRBKRNvK,DRAW,8/2n2r2/6R1/8/8/8/2K5/1B5k b - - 0 1
1,1,0,0,0,0,0,1,-1,1,0,1,1,1,0,0,0,0,0,16,0,0,7,4,7,2,0,3,4,32,17,0,0,0,0,0,0,0,0,7,1,1,0,0,0,0,1,2,1,0,KRBKRNvK,DRAW,4K3/8/8/2r1B3/2n5/8/R7/2k5 w - - 0 1
0,1,0,0,0,0,0,1,-1,1,0,1,1,1,0,0,0,0,0,16,0,0,7,3,0,6,7,3,5,27,17,0,0,0,0,0,0,0,0,7,1,1,0,0,0,0,0,1,0,0,KRBKRNvK,DRAW,6k1/3B4/2r5/5n2/8/8/8/R2K4 b - - 0 1
0,1,0,0,0,0,0,1,-1,1,0,1,1,1,0,0,0,0,0,16,0,0,2,7,3,5,1,3,3,4,0,1,0,0,0,0,0,0,0,7,1,1,0,0,0,0,1,3,1,0,KRBKRNvK,DRAW,8/4n3/4r3/8/7K/1R4B1/5k2/8 b - - 0 1
0,1,0,0,0,0,0,1,-1,1,0,1,1,1,0,0,0,0,0,16,0,0,4,0,6,3,2,5,1,6,0,1,0,0,0,0,0,0,0,7,1,1,0,1,0,0,1,3,1,0,KRBKRNvK,DRAW,8/K4n2/5R2/5B2/8/3k4/4r3/8 b - - 0 1
0,1,0,0,0,0,0,1,-1,1,0,1,1,1,0,0,0,0,0,16,0,0,5,1,4,6,7,2,5,21,25,0,0,0,0,0,0,0,0,7,1,1,0,0,0,0,0,0,0,1,KRBKRNvK,DRAW,6k1/8/r7/1K4B1/8/8/8/2n2R2 b - - 0 1
1,1,0,0,0,0,0,1,-1,1,0,1,1,1,0,0,0,0,0,16,0,0,7,1,0,7,7,5,6,28,21,0,0,0,0,0,0,0,0,7,1,1,0,0,0,0,0,3,0,0,KRBKRNvK,DRAW,7k/4B3/8/8/3r2n1/2R5/8/1K6 w - - 0 1
1,1,0,0,0,0,0,1,-1,1,0,1,1,1,0,0,0,0,0,16,0,0,3,1,2,4,1,3,2,30,18,0,0,0,0,0,0,0,0,7,1,1,0,0,0,0,2,0,0,0,KRBKRNvK,DRAW,8/6n1/6r1/6B1/R7/1K6/4k3/8 w - - 0 1
1,1,0,0,0,0,0,1,-1,1,0,1,1,1,0,0,0,0,0,16,0,0,2,1,0,3,0,5,3,24,24,0,0,0,0,0,0,0,0,7,1,1,0,0,0,0,0,0,0,0,KRBKRNvK,DRAW,R7/5r2/8/8/4n2B/8/8/1K1k4 w - - 0 1
0,1,0,0,0,0,0,1,-1,1,0,1,1,1,0,0,0,0,0,16,0,0,4,4,5,0,2,1,4,22,25,0,0,0,0,0,0,0,0,7,1,1,0,0,0,0,3,1,1,0,KRBKRNvK,DRAW,8/8/4K3/2RB4/8/k7/2n5/6r1 b - - 0 1
1,1,0,0,0,0,0,1,-1,1,0,1,1,1,0,0,0,0,0,16,0,0,3,7,3,4,0,3,3,25,20,0,0,0,0,0,0,0,0,7,1,1,0,0,0,0,3,0,0,0,KRBKRNvK,DRAW,1B6/8/r7/8/3R3K/8/8/1n2k3 w - - 0 1
0,1,0,0,0,0,0,1,-1,1,0,1,1,1,0,0,0,0,0,16,0,0,7,1,7,3,0,5,3,21,26,0,0,0,0,0,0,0,0,7,1,1,0,1,0,0,1,0,2,0,KRBKRNvK,DRAW,1K6/8/8/8/8/5R2/6r1/1Bnk4 b - - 0 1
0,1,0,0,0,0,0,1,-1,1,0,1,1,1,0,0,0,0,0,16,0,0,2,1,0,1,2,5,3,20,23,0,0,0,0,0,0,0,0,7,1,1,0,0,0,0,3,0,0,0,KRBKRNvK,DRAW,8/B7/4R3/n7/8/1k4r1/8/1K6 b - - 0 1
0,1,0,0,0,0,0,1,-1,1,0,1,1,1,0,0,0,0,0,16,0,0,5,2,7,7,4,4,3,19,15,0,0,0,0,0,0,0,0,7,1,1,0,1,0,0,0,1,0,0,KRBKRNvK,DRAW,R1K5/8/8/B6k/6n1/8/6r1/8 b - - 0 1
0,1,0,0,0,0,0,1,-1,1,0,1,1,1,0,0,0,0,0,16,0,0,4,1,4,5,6,2,3,26,21,0,0,0,0,0,0,0,0,7,1,1,0,0,0,0,2,0,1,1,KRBKRNvK,DRAW,8/5k2/8/BK5R/8/2r5/6n1/8 b - - 0 1
0,1,0,0,0,0,0,1,-1,1,0,1,1,1,0,0,0,0,0,16,0,0,4,0,7,4,7,6,3,21,20,0,0,0,0,0,0,0,0,7,1,1,0,0,0,0,0,3,0,0,KRBKRNvK,DRAW,K3k3/8/8/8/1B6/3r2nR/8/8 b - - 0 1
0,1,0,0,0,0,0,1,-1,1,0,1,1,1,0,0,0,0,0,16,0,0,4,1,6,3,2,4,1,18,26,0,0,0,0,0,0,0,0,7,1,1,0,0,0,0,1,2,2,1,KRBKRNvK,DRAW,r3n3/1K6/8/8/8/1B1k4/5R2/8 b - - 0 1
0,1,0,0,0,0,0,1,-1,1,0,1,1,1,0,0,0,0,0,16,0,0,4,7,0,4,4,6,0,25,24,0,0,0,0,0,0,0,0,7,1,1,0,0,0,0,0,3,0,0,KRBKRNvK,DRAW,5r2/6n1/8/4k3/7B/R7/8/7K b - - 0 1
0,1,0,0,0,0,0,1,-1,1,0,1,1,1,0,0,0,0,0,16,0,0,4,4,5,5,1,1,3,6,0,1,0,0,0,0,0,0,0,7,1,1,0,0,0,0,2,0,0,0,KRBKRNvK,DRAW,2B5/8/4K3/8/8/7r/1R3k2/6n1 b - - 0 1
1,1,0,0,0,0,0,1,-1,1,0,1,1,1,0,0,0,0,0,16,0,0,6,6,1,0,1,4,5,22,18,0,0,0,0,0,0,0,0,7,1,1,1,0,0,0,0,2,1,1,KRBKRNvK,DRAW,8/R7/8/8/B7/8/k5K1/1n2r3 w - - 0 1
0,1,0,0,0,0,0,1,-1,1,0,1,1,1,0,0,0,0,0,16,0,0,6,1,1,5,7,4,4,24,30,0,0,0,0,0,0,0,0,7,1,1,0,0,0,0,1,3,0,0,KRBKRNvK,DRAW,5k2/2n5/8/3r4/2B5/8/1K6/7R b - - 0 1
1,1,0,0,0,0,0,1,-1,1,0,1,1,1,0,0,0,0,0,16,0,0,4,7,6,7,2,5,4,28,24,0,0,0,0,0,0,0,0,7,1,1,0,0,0,0,2,2,0,0,KRBKRNvK,WIN,2r5/7K/8/R7/2B5/5n1k/8/8 w - - 0 1
1,1,0,0,0,0,0,1,-1,1,0,1,1,1,0,0,0,0,0,16,0,0,6,7,7,5,1,6,3,23,24,0,0,0,0,0,0,0,0,7,1,1,0,0,0,0,1,3,0,0,KRBKRNvK,DRAW,7K/8/6R1/4rn2/8/8/B4k2/8 w - - 0 1
0,1,0,0,0,0,0,1,-1,1,0,1,1,1,0,0,0,0,0,16,0,0,5,0,5,1,0,4,5,23,24,0,0,0,0,0,0,0,0,7,1,1,0,0,0,0,2,2,0,1,KRBKRNvK,DRAW,8/8/K7/7R/n7/4r3/8/1k3B2 b - - 0 1
1,1,0,0,0,0,0,1,-1,1,0,1,1,1,0,0,0,0,0,16,0,0,4,1,5,2,1,3,3,30,21,0,0,0,0,0,0,0,0,7,1,1,0,0,0,0,3,0,1,0,KRBKRNvK,DRAW,5r2/7n/1K2B3/8/8/4R3/2k5/8 w - - 0 1
0,1,0,0,0,0,0,1,-1,1,0,1,1,1,0,0,0,0,0,16,0,0,4,3,3,3,7,0,3,3,0,1,0,0,0,0,0,0,0,7,1,1,0,1,0,0,3,0,0,0,KRBKRNvK,DRAW,3k2R1/8/8/8/3K4/8/7r/2Bn4 b - - 0 1
0,1,0,0,0,0,0,1,-1,1,0,1,1,1,0,0,0,0,0,16,0,0,5,1,7,3,2,5,1,20,23,0,0,0,0,0,0,0,0,7,1,1,0,0,0,0,2,2,0,0,KRBKRNvK,DRAW,1K1B4/8/8/R7/8/2rk4/6n1/8 b - - 0 1
1,1,0,0,0,0,0,1,-1,1,0,1,1,1,0,0,0,0,0,16,0,0,3,4,3,7,1,0,5,22,21,0,0,0,0,0,0,0,0,7,1,1,0,0,0,0,4,0,0,0,KRBKRNvK,DRAW,2r5/8/n7/8/4K3/4R3/7k/4B3 w - - 0 1
0,1,0,0,0,0,0,1,-1,1,0,1,1,1,0,0,0,0,0,16,0,0,5,2,6,4,1,3,2,6,0,1,0,0,0,0,0,0,0,7,1,1,0,0,0,0,1,1,0,1,KRBKRNvK,DRAW,8/2K5/7n/1r1B4/8/8/R3k3/8 b - - 0 1
0,1,0,0,0,0,0,1,-1,1,0,1,1,1,0,0,0,0,0,16,0,0,2,0,3,1,1,3,4,3,0,1,0,0,0,0,0,0,0,7,1,1,0,0,0,0,0,0,2,0,KRBKRNvK,LOSS,n7/8/8/8/K7/BR4r1/1k6/8 b - - 0 1
1,1,0,0,0,0,0,1,-1,1,0,1,1,1,0,0,0,0,0,16,0,0,3,4,2,4,5,1,1,26,26,0,0,0,0,0,0,0,0,7,1,1,0,0,0,0,2,2,0,0,KRBKRNvK,DRAW,8/1r6/4k3/8/7R/n3K3/3B4/8 w - - 0 1
1,1,0,0,0,0,0,1,-1,1,0,1,1,1,0,0,0,0,0,16,0,0,6,7,7,1,2,6,3,3,0,1,0,0,0,0,0,0,0,7,1,1,1,1,0,0,0,0,0,0,KRBKRNvK,DRAW,7K/6R1/8/8/3n4/1k6/7r/5B2 w - - 0 1
0,1,0,0,0,0,0,1,-1,1,0,1,1,1,0,0,0,0,0,16,0,0,5,2,6,6,1,3,4,23,25,0,0,0,0,0,0,0,0,7,1,1,0,0,0,0,2,2,0,2,KRBKRNvK,DRAW,7B/2K5/3nr3/8/8/8/6k1/R7 b - - 0 1
0,1,0,0,0,0,0,1,-1,1,0,1,1,1,0,0,0,0,0,16,0,0,3,4,0,4,3,3,0,6,0,1,0,0,0,0,0,0,0,7,1,1,1,0,0,0,3,3,0,0,KRBKRNvK,DRAW,8/4R3/1B6/r7/4k3/8/8/1n2K3 b - - 0 1
0,1,0,0,0,0,0,1,-1,1,0,1,1,1,0,0,0,0,0,16,0,0,5,7,2,7,7,4,6,18,28,0,0,0,0,0,0,0,0,7,1,1,0,0,0,0,1,2,1,0,KRBKRNvK,DRAW,n6k/8/5R2/3r4/8/7K/2B5/8 b - - 0 1
1,1,0,0,0,0,0,1,-1,1,0,1,1,1,0,0,0,0,0,16,0,0,7,6,7,1,0,5,5,26,20,0,0,0,0,0,0,0,0,7,1,1,0,0,0,0,3,3,0,0,KRBKRNvK,DRAW,B5K1/8/8/1r6/2R5/1n6/8/1k6 w - - 0 1
0,1,0,0,0,0,0,1,-1,1,0,1,1,1,0,0,0,0,0,16,0,0,4,1,3,4,7,2,3,22,28,0,0,0,0,0,0,0,0,7,1,1,0,1,0,0,0,0,0,1,KRBKRNvK,DRAW,4k3/8/8/8/nK4B1/7R/5r2/8 b - - 0 1
1,1,0,0,0,0,0,1,-1,1,0,1,1,1,0,0,0,0,0,16,0,0,5,3,5,5,0,1,4,6,0,1,0,0,0,0,0,0,0,7,1,1,0,0,0,0,3,2,2,1,KRBKRNvK,DRAW,8/8/3K4/6n1/3r4/4RB2/8/5k2 w - - 0 1
1,1,0,0,0,0,0,1,-1,1,0,1,1,1,0,0,0,0,0,16,0,0,6,0,0,6,1,6,4,26,26,0,0,0,0,0,0,0,0,7,1,1,0,0,0,0,1,2,0,0,KRBKRNvK,DRAW,8/3n1B2/1R6/6r1/8/8/6k1/K7 w - - 0 1
1,1,0,0,0,0,0,1,-1,1,0,1,1,1,0,0,0,0,0,16,0,0,7,3,0,6,7,3,5,25,18,0,0,0,0,0,0,0,0,7,1,1,0,0,0,0,1,2,0,0,KRBKRNvK,DRAW,6k1/8/1R6/n7/r7/8/8/1B1K4 w - - 0 1
1,1,0,0,0,0,0,1,-1,1,0,1,1,1,0,0,0,0,0,16,0,0,5,6,5,4,0,3,3,26,16,0,0,0,0,0,0,0,0,7,1,1,0,0,0,0,2,0,1,1,KRBKRNvK,DRAW,n4rB1/8/6K1/8/8/8/3R4/4k3 w - - 0 1
0,1,0,0,0,0,0,1,-1,1,0,1,1,1,0,0,0,0,0,16,0,0,7,5,7,0,0,4,6,19,21,0,0,0,0,0,0,0,0,7,1,1,0,0,0,0,2,0,0,0,KRBKRNvK,DRAW,B4K2/n7/2r5/8/8/3R4/8/k7 b - - 0 1
1,1,0,0,0,0,0,1,-1,1,0,1,1,1,0,0,0,0,0,16,0,0,2,3,6,5,6,2,3,25,21,0,0,0,0,0,0,0,0,7,1,1,0,0,0,0,1,2,0,0,KRBKRNvK,DRAW,8/3K1k2/1R6/8/8/2r2n2/2B5/8 w - - 0 1
0,1,0,0,0,0,0,1,-1,1,0,1,1,1,0,0,0,0,0,16,0,0,2,3,3,4,5,0,1,1,0,1,0,0,0,0,0,0,0,7,1,1,1,0,0,0,3,2,1,0,KRBKRNvK,DRAW,7n/5R2/4k1r1/8/3K4/8/B7/8 b - - 0 1
0,1,0,0,0,0,0,1,-1,1,0,1,1,1,0,0,0,0,0,16,0,0,3,2,3,3,0,1,3,16,25,0,0,0,0,0,0,0,0,7,1,1,0,0,0,0,2,0,0,1,KRBKRNvK,DRAW,8/8/5R2/8/2K5/B7/n7/1r1k4 b - - 0 1
0,1,0,0,0,0,0,1,-1,1,0,1,1,1,0,0,0,0,0,16,0,0,2,5,5,7,7,2,6,23,25,0,0,0,0,0,0,0,0,7,1,1,0,0,0,0,2,1,0,0,KRBKRNvK,DRAW,7k/8/5K2/8/2n1R3/r7/8/3B4 b - - 0 1
0,1,0,0,0,0,0,1,-1,1,0,1,1,1,0,0,0,0,0,16,0,0,5,7,6,2,3,5,1,6,0,1,0,0,0,0,0,0,0,7,1,1,0,0,0,0,1,2,1,1,KRBKRNvK,DRAW,R7/7K/4B2n/8/2k5/r7/8/8 b - - 0 1
0,1,0,0,0,0,0,1,-1,1,0,1,1,1,0,0,0,0,0,16,0,0,2,0,5,1,7,4,5,20,24,0,0,0,0,0,0,0,0,7,1,1,0,0,0,0,2,0,1,1,KRBKRNvK,DRAW,1k6/1n6/KB6/8/8/5r2/8/3R4 b - - 0 1
0,1,0,0,0,0,0,1,-1,1,0,1,1,1,0,0,0,0,0,16,0,0,4,0,1,4,3,5,0,17,27,0,0,0,0,0,0,0,0,7,1,1,0,0,0,0,1,4,0,0,KRBKRNvK,DRAW,1R6/5B2/8/8/4k2r/7n/K7/8 b - - 0 1
1,1,0,0,0,0,0,1,-1,1,0,1,1,1,0,0,0,0,0,16,0,0,6,4,0,3,6,3,2,21,25,0,0,0,0,0,0,0,0,7,1,1,0,0,0,0,1,0,0,0,KRBKRNvK,DRAW,8/3k2n1/1r6/8/8/8/B7/4K2R w - - 0 1
0,1,0,0,0,0,0,1,-1,1,0,1,1,1,0,0,0,0,0,16,0,0,5,5,1,0,2,3,4,21,26,0,0,0,0,0,0,0,0,7,1,1,0,0,0,0,0,3,1,1,KRBKRNvK,DRAW,4r3/8/8/6B1/8/k3n3/5K2/1R6 b - - 0 1
0,1,0,0,0,0,0,1,-1,1,0,1,1,1,0,0,0,0,0,16,0,0,5,0,7,5,2,6,2,6,0,1,0,0,0,0,0,0,0,7,1,1,0,0,0,0,0,3,1,0,KRBKRNvK,DRAW,K7/8/3n3R/8/8/3r1k2/8/7B b - - 0 1
0,1,0,0,0,0,0,1,-1,1,0,1,1,1,0,0,0,0,0,16,0,0,3,6,4,5,1,2,3,24,25,0,0,0,0,0,0,0,0,7,1,1,0,1,0,0,1,3,1,0,KRBKRNvK,DRAW,8/8/R1n5/6K1/5B2/8/4rk2/8 b - - 0 1
1,1,0,0,0,0,0,1,-1,1,0,1,1,1,0,0,0,0,0,16,0,0,7,0,2,7,6,4,5,24,22,0,0,0,0,0,0,0,0,7,1,1,0,0,0,0,0,2,0,0,KRBKRNvK,DRAW,5n2/7k/8/B7/3r4/K7/8/1R6 w - - 0 1
0,1,0,0,0,0,0,1,-1,1,0,1,1,1,0,0,0,0,0,16,0,0,4,0,3,0,7,3,6,2,0,1,0,0,0,0,0,0,0,7,1,1,0,0,0,0,3,1,0,0,KRBKRNvK,DRAW,kr6/8/3Rn3/8/K7/8/6B1/8 b - - 0 1
0,1,0,0,0,0,0,1,-1,1,0,1,1,1,0,0,0,0,0,16,0,0,6,1,2,7,7,3,6,23,22,0,0,0,0,0,0,0,0,7,1,1,1,0,0,0,0,3,0,0,KRBKRNvK,DRAW,7k/1R6/4r3/5n2/B7/1K6/8/8 b - - 0 1
1,1,0,0,0,0,0,1,-1,1,0,1,1,1,0,0,0,0,0,16,0,0,7,7,3,0,1,3,5,26,15,0,0,0,0,0,0,0,0,7,1,1,1,0,0,0,2,0,0,0,KRBKRNvK,DRAW,8/6R1/8/8/7K/8/k7/1rn4B w - - 0 1
0,1,0,0,0,0,0,1,-1,1,0,1,1,1,0,0,0,0,0,16,0,0,4,6,4,2,2,2,2,25,20,0,0,0,0,0,0,0,0,7,1,1,0,0,0,0,2,1,2,1,KRBKRNvK,DRAW,8/8/5r2/1n2R1K1/8/2k5/8/2B5 b - - 0 1
0,1,0,0,0,0,0,1,-1,1,0,1,1,1,0,0,0,0,0,16,0,0,2,5,7,3,6,4,2,3,0,1,0,0,0,0,0,0,0,7,1,1,0,0,0,0,0,0,0,2,KRBKRNvK,DRAW,3rnK2/3k4/8/8/6B1/5R2/8/8 b - - 0 1
1,1,0,0,0,0,0,1,-1,1,0,1,1,1,0,0,0,0,0,16,0,0,3,5,2,2,3,2,1,29,24,0,0,0,0,0,0,0,0,7,1,1,1,0,0,0,3,2,0,0,KRBKRNvK,DRAW,2n5/7R/r7/8/2k5/5K2/8/B7 w - - 0 1
0,1,0,0,0,0,0,1,-1,1,0,1,1,1,0,0,0,0,0,16,0,0,4,2,2,6,1,2,4,26,23,0,0,0,0,0,0,0,0,7,1,1,0,0,0,0,2,0,0,1,KRBKRNvK,DRAW,3R1B2/8/7n/8/8/2K5/6k1/1r6 b - - 0 1
0,1,0,0,0,0,0,1,-1,1,0,1,1,1,0,0,0,0,0,16,0,0,6,1,0,2,6,5,3,5,0,1,0,0,0,0,0,0,0,7,1,1,0,0,0,0,1,1,1,0,KRBKRNvK,DRAW,1r6/2k5/8/1n1B4/8/8/8/1KR5 b - - 0 1
0,1,0,0,0,0,0,1,-1,1,0,1,1,1,0,0,0,0,0,16,0,0,3,7,5,4,7,4,3,20,21,0,0,0,0,0,0,0,0,7,1,1,0,1,0,0,1,0,0,0,KRBKRNvK,DRAW,4k3/8/1B5K/8/8/8/6r1/1R4n1 b - - 0 1
0,1,0,0,0,0,0,1,-1,1,0,1,1,1,0,0,0,0,0,16,0,0,3,1,5,4,5,3,1,4,0,1,0,0,0,0,0,0,0,7,1,1,0,1,0,0,0,2,2,0,KRBKRNvK,DRAW,4n1B1/8/1K2k1R1/8/8/8/2r5/8 b - - 0 1
0,1,0,0,0,0,0,1,-1,1,0,1,1,1,0,0,0,0,0,16,0,0,2,3,0,2,2,3,2,2,0,1,0,0,0,0,0,0,0,7,1,1,0,0,0,0,0,1,1,0,KRBKRNvK,DRAW,1r6/1n6/8/8/8/2k4R/8/B2K4 b - - 0 1
1,1,0,0,0,0,0,1,-1,1,0,1,1,1,0,0,0,0,0,16,0,0,6,6,2,0,1,3,5,5,0,1,0,0,0,0,0,0,0,7,1,1,0,0,0,0,2,1,0,1,KRBKRNvK,DRAW,4R3/8/8/5n2/8/r5K1/k7/3B4 w - - 0 1
0,1,0,0,0,0,0,1,-1,1,0,1,1,1,0,0,0,0,0,16,0,0,4,4,2,3,6,1,2,20,26,0,0,0,0,0,0,0,0,7,1,1,0,1,0,0,3,2,1,1,KRBKRNvK,DRAW,n7/3k4/8/4B1R1/8/4K3/3r4/8 b - - 0 1
1,1,0,0,0,0,0,1,-1,1,0,1,1,1,0,0,0,0,0,16,0,0,3,3,6,6,3,2,2,24,11,0,0,0,0,0,0,0,0,7,1,1,1,0,0,0,0,0,0,0,KRBKRNvK,DRAW,5B2/3K1R2/8/8/6kr/8/7n/8 w - - 0 1
1,1,0,0,0,0,0,1,-1,1,0,1,1,1,0,0,0,0,0,16,0,0,2,4,6,4,4,2,0,3,0,1,0,0,0,0,0,0,0,7,1,1,1,0,0,0,0,3,1,0,KRBKRNvK,DRAW,8/1r2KR2/8/4k3/8/8/3B4/2n5 w - - 0 1
1,1,0,0,0,0,0,1,-1,1,0,1,1,1,0,0,0,0,0,16,0,0,7,3,0,6,7,3,5,20,20,0,0,0,0,0,0,0,0,7,1,1,0,0,0,0,0,2,1,0,KRBKRNvK,DRAW,6k1/8/7R/4r3/7B/8/7n/3K4 w - - 0 1
0,1,0,0,0,0,0,1,-1,1,0,1,1,1,0,0,0,0,0,16,0,0,7,0,4,7,3,3,3,19,26,0,0,0,0,0,0,0,0,7,1,1,1,0,0,0,2,2,1,1,KRBKRNvK,DRAW,6n1/1R6/8/K7/2r4k/5B2/8/8 b - - 0 1
1,1,0,0,0,0,0,1,-1,1,0,1,1,1,0,0,0,0,0,16,0,0,6,1,7,7,3,5,3,26,25,0,0,0,0,0,0,0,0,7,1,1,1,1,0,0,3,1,0,0,KRBKRNvK,DRAW,1K6/3R4/8/8/7k/1n6/5r2/1B6 w - - 0 1
1,1,0,0,0,0,0,1,-1,1,0,1,1,1,0,0,0,0,0,16,0,0,3,2,4,5,5,1,2,27,21,0,0,0,0,0,0,0,0,7,1,1,0,0,0,0,3,1,1,1,KRBKRNvK,DRAW,8/8/3B1k2/n1K5/8/8/1R6/5r2 w - - 0 1
0,1,0,0,0,0,0,1,-1,1,0,1,1,1,0,0,0,0,0,16,0,0,5,6,3,1,6,2,4,13,29,0,0,0,0,0,0,0,0,7,1,1,1,0,0,0,3,1,1,0,KRBKRNvK,DRAW,8/rknR4/6B1/8/6K1/8/8/8 b - - 0 1
1,1,0,0,0,0,0,1,-1,1,0,1,1,1,0,0,0,0,0,16,0,0,4,4,6,0,3,2,3,5,0,1,0,0,0,0,0,0,0,7,1,1,0,0,0,0,0,0,0,1,KRBKRNvK,DRAW,2B3n1/1r2K3/8/8/k7/8/7R/8 w - - 0 1
0,1,0,0,0,0,0,1,-1,1,0,1,1,1,0,0,0,0,0,16,0,0,5,7,5,2,2,4,2,26,23,0,0,0,0,0,0,0,0,7,1,1,0,0,0,0,0,1,1,1,KRBKRNvK,DRAW,8/5r2/7K/3n4/8/2k5/6R1/2B5 b - - 0 1
0,1,0,0,0,0,0,1,-1,1,0,1,1,1,0,0,0,0,0,16,0,0,5,3,5,0,0,1,6,16,20,0,0,0,0,0,0,0,0,7,1,1,0,0,0,0,4,1,0,1,KRBKRNvK,DRAW,8/2B5/3K4/8/1nR5/8/8/kr6 b - - 0 1
1,1,0,0,0,0,0,1,-1,1,0,1,1,1,0,0,0,0,0,16,0,0,3,4,4,7,4,0,3,6,0,1,0,0,0,0,0,0,0,7,1,1,0,0,0,0,4,1,0,1,KRBKRNvK,DRAW,7B/r7/8/3RK2k/2n5/8/8/8 w - - 0 1
1,1,0,0,0,0,0,1,-1,1,0,1,1,1,0,0,0,0,0,16,0,0,7,7,1,0,4,5,3,29,25,0,0,0,0,0,0,0,0,7,1,1,0,0,0,0,1,2,1,0,KRBKRNvK,DRAW,6R1/4r3/3n4/k7/2B5/8/7K/8 w - - 0 1
1,1,0,0,0,0,0,1,-1,1,0,1,1,1,0,0,0,0,0,16,0,0,2,2,2,0,1,2,5,5,0,1,0,0,0,0,0,0,0,7,1,1,0,0,0,0,2,2,0,1,KRBKRNvK,DRAW,8/8/8/6n1/5R2/2K1r3/k7/4B3 w - - 0 1
1,1,0,0,0,0,0,1,-1,1,0,1,1,1,0,0,0,0,0,16,0,0,3,5,3,3,0,1,3,31,19,0,0,0,0,0,0,0,0,7,1,1,0,0,0,0,3,2,1,1,KRBKRNvK,DRAW,8/5B2/3r4/8/5K2/2R5/1n6/3k4 w - - 0 1
1,1,0,0,0,0,0,1,-1,1,0,1,1,1,0,0,0,0,0,16,0,0,4,7,5,3,6,4,2,24,20,0,0,0,0,0,0,0,0,7,1,1,0,0,0,0,2,2,1,1,KRBKRNvK,DRAW,8/3k4/4R1BK/8/6r1/8/1n6/8 w - - 0 1
1,1,0,0,0,0,0,1,-1,1,0,1,1,1,0,0,0,0,0,16,0,0,5,5,6,0,4,3,3,29,12,0,0,0,0,0,0,0,0,7,1,1,0,0,0,0,0,0,1,0,KRBKRNvK,DRAW,8/5K2/1R6/k7/8/r7/8/n2B4 w - - 0 1
0,1,0,0,0,0,0,1,-1,1,0,1,1,1,0,0,0,0,0,16,0,0,5,1,3,6,2,2,3,27,27,0,0,0,0,0,0,0,0,7,1,1,1,0,0,0,1,2,0,1,KRBKRNvK,DRAW,8/R6B/3r4/8/1K6/6k1/4n3/8 b - - 0 1
0,1,0,0,0,0,0,1,-1,1,0,1,1,1,0,0,0,0,0,16,0,0,6,0,0,2,6,6,3,14,23,0,0,0,0,0,0,0,0,7,1,1,0,0,0,0,1,1,0,0,KRBKRNvK,DRAW,8/2k5/8/1rn2B2/8/2R5/8/K7 b - - 0 1
0,1,0,0,0,0,0,1,-1,1,0,1,1,1,0,0,0,0,0,16,0,0,2,6,7,4,5,5,1,7,0,1,0,0,0,0,0,0,0,7,1,1,0,0,0,0,0,3,0,0,KRBKRNvK,DRAW,3n2K1/8/R3k3/8/8/8/8/3rB3 b - - 0 1
0,1,0,0,0,0,0,1,-1,1,0,1,1,1,0,0,0,0,0,16,0,0,4,6,2,3,6,3,2,7,0,1,0,0,0,0,0,0,0,7,1,1,0,0,0,0,0,2,0,0,KRBKRNvK,LOSS,8/3k4/8/8/1r6/n5KB/8/1R6 b - - 0 1
1,1,0,0,0,0,0,1,-1,1,0,1,1,1,0,0,0,0,0,16,0,0,5,2,6,1,1,3,4,28,26,0,0,0,0,0,0,0,0,7,1,1,0,0,0,0,3,1,0,0,KRBKRNvK,DRAW,8/2K5/3R2B1/8/8/8/1k2n3/5r2 w - - 0 1
1,1,0,0,0,0,0,1,-1,1,0,1,1,1,0,0,0,0,0,16,0,0,2,2,0,0,1,4,5,25,18,0,0,0,0,0,0,0,0,7,1,1,1,0,0,0,3,2,0,0,KRBKRNvK,DRAW,8/3R4/8/r7/8/3B4/k6n/2K5 w - - 0 1
1,1,0,0,0,0,0,1,-1,1,0,1,1,1,0,0,0,0,0,16,0,0,3,3,7,6,5,3,3,25,17,0,0,0,0,0,0,0,0,7,1,1,0,0,0,0,2,0,0,0,KRBKRNvK,DRAW,3K4/6n1/6k1/2R5/8/7B/8/7r w - - 0 1
0,1,0,0,0,0,0,1,-1,1,0,1,1,1,0,0,0,0,0,16,0,0,3,3,6,0,4,2,3,22,23,0,0,0,0,0,0,0,0,7,1,1,1,0,0,0,1,2,0,1,KRBKRNvK,DRAW,8/1n1K1R2/8/k7/7r/8/8/1B6 b - - 0 1
0,1,0,0,0,0,0,1,-1,1,0,1,1,1,0,0,0,0,0,16,0,0,5,6,7,5,2,5,2,6,0,1,0,0,0,0,0,0,0,7,1,1,0,1,0,0,0,1,1,0,KRBKRNvK,DRAW,1n4KR/8/8/7B/8/5k2/r7/8 b - - 0 1
1,1,0,0,0,0,0,1,-1,1,0,1,1,1,0,0,0,0,0,16,0,0,2,7,2,7,0,4,6,3,0,1,0,0,0,0,0,0,0,7,1,1,0,0,0,0,1,2,0,0,KRBKRNvK,WIN,1Rn5/8/8/4B3/8/4r2K/8/7k w - - 0 1
0,1,0,0,0,0,0,1,-1,1,0,1,1,1,0,0,0,0,0,16,0,0,4,7,4,6,0,3,5,4,0,1,0,0,0,0,0,0,0,7,1,1,0,0,0,0,2,0,0,1,KRBKRNvK,DRAW,7B/8/8/7K/3n4/5r2/8/R5k1 b - - 0 1
0,1,0,0,0,0,0,1,-1,1,0,1,1,1,0,0,0,0,0,16,0,0,5,4,2,0,7,1,6,18,22,0,0,0,0,0,0,0,0,7,1,1,0,0,0,0,2,0,0,0,KRBKRNvK,DRAW,k7/1r6/7B/8/8/4K3/7R/7n b - - 0 1
1,1,0,0,0,0,0,1,-1,1,0,1,1,1,0,0,0,0,0,16,0,0,3,4,3,7,5,0,4,25,19,0,0,0,0,0,0,0,0,7,1,1,0,0,0,0,4,1,0,0,KRBKRNvK,DRAW,R7/8/1n5k/8/4K3/8/6B1/6r1 w - - 0 1
0,1,0,0,0,0,0,1,-1,1,0,1,1,1,0,0,0,0,0,16,0,0,4,5,0,4,4,4,0,25,22,0,0,0,0,0,0,0,0,7,1,1,0,0,0,0,0,3,0,0,KRBKRNvK,DRAW,8/7n/8/4k3/6r1/7R/4B3/5K2 b - - 0 1
0,1,0,0,0,0,0,1,-1,1,0,1,1,1,0,0,0,0,0,16,0,0,3,4,6,3,3,2,0,23,21,0,0,0,0,0,0,0,0,7,1,1,1,0,0,0,2,3,0,1,KRBKRNvK,DRAW,B7/4K2R/8/n4r2/3k4/8/8/8 b - - 0 1
0,1,0,0,0,0,0,1,-1,1,0,1,1,1,0,0,0,0,0,16,0,0,2,4,2,6,3,1,2,22,26,0,0,0,0,0,0,0,0,7,1,1,0,0,0,0,3,2,0,1,KRBKRNvK,DRAW,2R5/6B1/8/8/6k1/4K3/7n/3r4 b - - 0 1
0,1,0,0,0,0,0,1,-1,1,0,1,1,1,0,0,0,0,0,16,0,0,4,7,3,6,7,3,5,18,29,0,0,0,0,0,0,0,0,7,1,1,1,0,0,0,1,0,0,2,KRBKRNvK,DRAW,6k1/1R6/5r1n/8/3B3K/8/8/8 b - - 0 1
0,1,0,0,0,0,0,1,-1,1,0,1,1,1,0,0,0,0,0,16,0,0,5,6,5,1,3,3,2,20,25,0,0,0,0,0,0,0,0,7,1,1,0,0,0,0,1,2,0,0,KRBKRNvK,DRAW,8/8/6K1/1r6/1k6/4B2R/1n6/8 b - - 0 1
0,1,0,0,0,0,0,1,-1,1,0,1,1,1,0,0,0,0,0,16,0,0,6,2,7,7,1,4,5,11,25,0,0,0,0,0,0,0,0,7,1,1,0,0,0,0,2,0,0,0,KRBKRNvK,DRAW,2K5/6nr/8/6R1/B7/8/7k/8 b - - 0 1
0,1,0,0,0,0,0,1,-1,1,0,1,1,1,0,0,0,0,0,16,0,0,5,1,4,6,1,2,4,24,23,0,0,0,0,0,0,0,0,7,1,1,1,0,0,0,1,3,0,0,KRBKRNvK,DRAW,8/B1R2n2/8/1K6/5r2/8/6k1/8 b - - 0 1
0,1,0,0,0,0,0,1,-1,1,0,1,1,1,0,0,0,0,0,16,0,0,3,3,5,3,2,1,1,6,0,1,0,0,0,0,0,0,0,7,1,1,0,0,0,0,2,4,1,0,KRBKRNvK,DRAW,8/8/1R1K4/6r1/8/1n1k4/8/5B2 b - - 0 1
0,1,0,0,0,0,0,1,-1,1,0,1,1,1,0,0,0,0,0,16,0,0,5,0,0,3,5,6,1,7,0,1,0,0,0,0,0,0,0,7,1,1,0,0,0,0,2,3,0,0,KRBKRNvK,DRAW,8/8/3k4/1nr5/8/8/3RB3/K7 b - - 0 1
1,1,0,0,0,0,0,1,-1,1,0,1,1,1,0,0,0,0,0,16,0,0,3,7,5,4,5,4,1,22,23,0,0,0,0,0,0,0,0,7,1,1,0,0,0,0,0,3,1,0,KRBKRNvK,DRAW,5B2/8/4k2K/4r3/3n4/R7/8/8 w - - 0 1
1,1,0,0,0,0,0,1,-1,1,0,1,1,1,0,0,0,0,0,16,0,0,5,2,7,6,2,4,3,17,29,0,0,0,0,0,0,0,0,7,1,1,0,0,0,0,0,2,0,0,KRBKRNvK,DRAW,1RK5/8/5n2/8/3r4/6k1/8/2B5 w - - 0 1
1,1,0,0,0,0,0,1,-1,1,0,1,1,1,0,0,0,0,0,16,0,0,3,2,5,0,2,2,4,7,0,1,0,0,0,0,0,0,0,7,1,1,0,0,0,0,2,0,0,0,KRBKRNvK,DRAW,8/8/2K2r2/8/8/k5B1/7R/1n6 w - - 0 1
0,1,0,0,0,0,0,1,-1,1,0,1,1,1,0,0,0,0,0,16,0,0,4,0,1,3,5,5,1,28,19,0,0,0,0,0,0,0,0,7,1,1,0,0,0,0,1,3,1,0,KRBKRNvK,DRAW,7r/8/3kn3/8/R1B5/8/K7/8 b - - 0 1
1,1,0,0,0,0,0,1,-1,1,0,1,1,1,0,0,0,0,0,16,0,0,5,6,7,1,4,5,2,27,22,0,0,0,0,0,0,0,0,7,1,1,0,1,0,0,3,0,1,0,KRBKRNvK,DRAW,6K1/8/3B4/1k6/6R1/8/5r2/4n3 w - - 0 1
1,1,0,0,0,0,0,1,-1,1,0,1,1,1,0,0,0,0,0,16,0,0,4,7,4,3,0,3,3,30,14,0,0,0,0,0,0,0,0,7,1,1,0,0,0,0,1,1,0,0,KRBKRNvK,DRAW,1R6/8/8/2B4K/8/8/4n3/2rk4 w - - 0 1
0,1,0,0,0,0,0,1,-1,1,0,1,1,1,0,0,0,0,0,16,0,0,3,0,4,2,1,3,3,28,21,0,0,0,0,0,0,0,0,7,1,1,0,0,0,0,2,2,0,0,KRBKRNvK,DRAW,8/4n3/8/K6R/3r4/8/2k4B/8 b - - 0 1
0,1,0,0,0,0,0,1,-1,1,0,1,1,1,0,0,0,0,0,16,0,0,4,7,4,7,0,3,6,18,23,0,0,0,0,0,0,0,0,7,1,1,0,0,0,0,2,2,1,1,KRBKRNvK,DRAW,8/7n/4r3/7K/8/8/5R2/B6k b - - 0 1
0,1,0,0,0,0,0,1,-1,1,0,1,1,1,0,0,0,0,0,16,0,0,3,3,2,6,5,1,3,23,24,0,0,0,0,0,0,0,0,7,1,1,0,0,0,0,2,0,0,0,KRBKRNvK,DRAW,r7/8/6k1/8/8/3K4/8/nR2B3 b - - 0 1
0,1,0,0,0,0,0,1,-1,1,0,1,1,1,0,0,0,0,0,16,0,0,2,4,5,5,7,1,4,20,23,0,0,0,0,0,0,0,0,7,1,1,0,0,0,0,3,2,0,1,KRBKRNvK,DRAW,5k2/n7/4K3/8/6r1/8/2B1R3/8 b - - 0 1
1,1,0,0,0,0,0,1,-1,1,0,1,1,1,0,0,0,0,0,16,0,0,5,1,2,6,6,3,4,5,0,1,0,0,0,0,0,0,0,7,1,1,0,0,0,0,0,0,0,1,KRBKRNvK,DRAW,1R6/6k1/8/1B6/8/1K6/8/1r2n3 w - - 0 1
0,1,0,0,0,0,0,1,-1,1,0,1,1,1,0,0,0,0,0,16,0,0,3,1,3,2,0,2,4,23,26,0,0,0,0,0,0,0,0,7,1,1,0,0,0,0,3,3,0,1,KRBKRNvK,DRAW,8/8/8/2n4r/1K1B1R2/8/8/2k5 b - - 0 1
0,1,0,0,0,0,0,1,-1,1,0,1,1,1,0,0,0,0,0,16,0,0,4,4,0,3,4,3,0,25,23,0,0,0,0,0,0,0,0,7,1,1,0,0,0,0,1,3,0,0,KRBKRNvK,DRAW,R7/5r2/8/3k4/n7/8/2B5/4K3 b - - 0 1
0,1,0,0,0,0,0,1,-1,1,0,1,1,1,0,0,0,0,0,16,0,0,2,1,7,0,5,5,4,19,24,0,0,0,0,0,0,0,0,7,1,1,0,0,0,0,2,2,0,0,KRBKRNvK,DRAW,1K3B1n/8/k7/8/6r1/8/8/3R4 b - - 0 1
0,1,0,0,0,0,0,1,-1,1,0,1,1,1,0,0,0,0,0,16,0,0,2,4,7,5,5,3,2,18,27,0,0,0,0,0,0,0,0,7,1,1,0,0,0,0,1,1,0,0,KRBKRNvK,DRAW,4K3/7n/r4k2/8/2B5/8/1R6/8 b - - 0 1
0,1,0,0,0,0,0,1,-1,1,0,1,1,1,0,0,0,0,0,16,0,0,5,3,6,1,1,2,4,5,0,1,0,0,0,0,0,0,0,7,1,1,0,0,0,0,1,2,0,1,KRBKRNvK,DRAW,8/1n1K4/8/r7/8/4B3/1k4R1/8 b - - 0 1
0,1,0,0,0,0,0,1,-1,1,0,1,1,1,0,0,0,0,0,16,0,0,6,1,1,7,7,4,6,19,31,0,0,0,0,0,0,0,0,7,1,1,1,0,0,0,3,2,0,0,KRBKRNvK,DRAW,7k/3R4/2B5/5r2/5n2/8/1K6/8 b - - 0 1
1,1,0,0,0,0,0,1,-1,1,0,1,1,1,0,0,0,0,0,16,0,0,3,7,2,4,2,4,1,26,22,0,0,0,0,0,0,0,0,7,1,1,1,0,0,0,0,3,0,0,KRBKRNvK,DRAW,3B4/5R2/8/3r4/8/4k2K/n7/8 w - - 0 1
1,1,0,0,0,0,0,1,-1,1,0,1,1,1,0,0,0,0,0,16,0,0,6,2,0,4,6,4,2,2,0,1,0,0,0,0,0,0,0,7,1,1,0,0,0,0,1,3,0,1,KRBKRNvK,DRAW,8/4k3/R7/8/5B2/8/5n2/2Kr4 w - - 0 1
1,1,0,0,0,0,0,1,-1,1,0,1,1,1,0,0,0,0,0,16,0,0,4,4,6,5,2,2,2,23,21,0,0,0,0,0,0,0,0,7,1,1,0,0,0,0,1,3,2,1,KRBKRNvK,DRAW,3r4/1n2K3/8/8/8/5k2/7R/6B1 w - - 0 1
0,1,0,0,0,0,0,1,-1,1,0,1,1,1,0,0,0,0,0,16,0,0,3,5,2,2,5,2,2,6,0,1,0,0,0,0,0,0,0,7,1,1,0,1,0,0,1,1,1,0,KRBKRNvK,LOSS,2R5/6n1/2k5/8/7B/5K2/2r5/8 b - - 0 1
0,1,0,0,0,0,0,1,-1,1,0,1,1,1,0,0,0,0,0,16,0,0,3,2,2,5,1,2,3,5,0,1,0,0,0,0,0,0,0,7,1,1,0,0,0,0,1,0,1,0,KRBKRNvK,DRAW,6r1/8/B7/8/8/2K5/5k1R/6n1 b - - 0 1
1,1,0,0,0,0,0,1,-1,1,0,1,1,1,0,0,0,0,0,16,0,0,3,6,5,3,5,3,1,7,0,1,0,0,0,0,0,0,0,7,1,1,0,0,0,0,1,3,1,2,KRBKRNvK,DRAW,4r2n/8/RB1k2K1/8/8/8/8/8 w - - 0 1
0,1,0,0,0,0,0,1,-1,1,0,1,1,1,0,0,0,0,0,16,0,0,4,2,7,6,6,4,4,23,28,0,0,0,0,0,0,0,0,7,1,1,0,0,0,0,2,0,1,0,KRBKRNvK,DRAW,2K5/6k1/6r1/5B2/1R6/8/8/3n4 b - - 0 1
1,1,0,0,0,0,0,1,-1,1,0,1,1,1,0,0,0,0,0,16,0,0,7,0,1,7,5,5,4,28,20,0,0,0,0,0,0,0,0,7,1,1,0,0,0,0,1,2,0,0,KRBKRNvK,DRAW,8/8/nB5k/8/7r/8/K7/2R5 w - - 0 1
0,1,0,0,0,0,0,1,-1,1,0,1,1,1,0,0,0,0,0,16,0,0,5,2,7,0,2,4,4,23,24,0,0,0,0,0,0,0,0,7,1,1,1,0,0,0,2,3,1,1,KRBKRNvK,DRAW,2K5/2n4R/8/8/8/k3r3/8/B7 b - - 0 1
0,1,0,0,0,0,0,1,-1,1,0,1,1,1,0,0,0,0,0,16,0,0,5,6,2,1,5,3,3,19,33,0,0,0,0,0,0,0,0,7,1,1,0,0,0,0,1,0,0,0,KRBKRNvK,DRAW,8/2r4n/1k6/8/8/3B2K1/8/R7 b - - 0 1
1,1,0,0,0,0,0,1,-1,1,0,1,1,1,0,0,0,0,0,16,0,0,2,2,3,3,5,1,1,4,0,1,0,0,0,0,0,0,0,7,1,1,0,0,0,0,3,2,0,1,KRBKRNvK,DRAW,3r4/8/3k4/8/2K5/n1B4R/8/8 w - - 0 1
0,1,0,0,0,0,0,1,-1,1,0,1,1,1,0,0,0,0,0,16,0,0,5,1,0,0,5,5,4,18,19,0,0,0,0,0,0,0,0,7,1,1,0,0,0,0,0,0,1,1,KRBKRNvK,DRAW,8/8/k7/8/1B6/r6n/1R6/1K6 b - - 0 1
0,1,0,0,0,0,0,1,-1,1,0,1,1,1,0,0,0,0,0,16,0,0,3,3,2,6,2,1,3,23,28,0,0,0,0,0,0,0,0,7,1,1,0,0,0,0,3,0,0,0,KRBKRNvK,DRAW,8/5r2/n7/8/2B5/3K2k1/1R6/8 b - - 0 1
0,1,0,0,0,0,0,1,-1,1,0,1,1,1,0,0,0,0,0,16,0,0,2,3,2,5,3,1,1,5,0,1,0,0,0,0,0,0,0,7,1,1,0,0,0,0,2,3,1,1,KRBKRNvK,DRAW,8/6n1/8/1r6/R4k2/3K4/5B2/8 b - - 0 1
1,1,0,0,0,0,0,1,-1,1,0,1,1,1,0,0,0,0,0,16,0,0,2,3,0,1,0,3,5,3,0,1,0,0,0,0,0,0,0,7,1,1,0,0,0,0,2,2,1,1,KRBKRNvK,DRAW,R7/8/8/n7/8/2Br4/8/1k1K4 w - - 0 1
1,1,0,0,0,0,0,1,-1,1,0,1,1,1,0,0,0,0,0,16,0,0,5,1,0,6,4,5,2,4,0,1,0,0,0,0,0,0,0,7,1,1,0,0,0,0,3,2,1,1,KRBKRNvK,DRAW,8/8/8/5Bk1/4r3/n7/3R4/1K6 w - - 0 1
0,1,0,0,0,0,0,1,-1,1,0,1,1,1,0,0,0,0,0,16,0,0,2,0,4,1,2,3,3,5,0,1,0,0,0,0,0,0,0,7,1,1,1,0,0,0,2,1,0,0,KRBKRNvK,DRAW,8/1R6/8/K5n1/8/1k6/8/2r4B b - - 0 1
0,1,0,0,0,0,0,1,-1,1,0,1,1,1,0,0,0,0,0,16,0,0,6,7,0,7,6,6,5,19,18,0,0,0,0,0,0,0,0,7,1,1,0,0,0,0,0,2,0,0,KRBKRNvK,DRAW,8/7k/8/5r1n/8/8/8/3B2RK b - - 0 1
0,1,0,0,0,0,0,1,-1,1,0,1,1,1,0,0,0,0,0,16,0,0,4,4,2,3,6,1,2,21,22,0,0,0,0,0,0,0,0,7,1,1,0,0,0,0,2,3,1,1,KRBKRNvK,DRAW,5B2/3kn3/8/3r4/8/4K3/8/2R5 b - - 0 1
1,1,0,0,0,0,0,1,-1,1,0,1,1,1,0,0,0,0,0,16,0,0,6,6,3,0,2,2,4,24,16,0,0,0,0,0,0,0,0,7,1,1,0,0,0,0,2,2,1,0,KRBKRNvK,DRAW,5B2/8/8/8/1R4K1/k7/8/3r1n2 w - - 0 1
0,1,0,0,0,0,0,1,-1,1,0,1,1,1,0,0,0,0,0,16,0,0,4,5,5,3,1,2,2,24,18,0,0,0,0,0,0,0,0,7,1,1,0,0,0,0,2,3,1,2,KRBKRNvK,DRAW,8/5n2/5K2/8/6r1/8/3k4/B4R2 b - - 0 1
0,1,0,0,0,0,0,1,-1,1,0,1,1,1,0,0,0,0,0,16,0,0,2,3,1,5,3,2,1,6,0,1,0,0,0,0,0,0,0,7,1,1,0,0,0,0,0,2,1,0,KRBKRNvK,DRAW,R7/8/8/8/n4k2/r7/3K3B/8 b - - 0 1
0,1,0,0,0,0,0,1,-1,1,0,1,1,1,0,0,0,0,0,16,0,0,5,1,1,3,6,4,2,19,25,0,0,0,0,0,0,0,0,7,1,1,0,0,0,0,2,2,1,0,KRBKRNvK,DRAW,n7/3k4/2R5/8/8/4r3/1K4B1/8 b - - 0 1
1,1,0,0,0,0,0,1,-1,1,0,1,1,1,0,0,0,0,0,16,0,0,5,1,6,0,1,4,5,7,0,1,0,0,0,0,0,0,0,7,1,1,0,0,0,0,2,0,0,1,KRBKRNvK,DRAW,3n4/1K6/8/5R2/4B3/8/k7/7r w - - 0 1
0,1,0,0,0,0,0,1,-1,1,0,1,1,1,0,0,0,0,0,16,0,0,6,3,6,0,0,2,6,3,0,1,0,0,0,0,0,0,0,7,1,1,0,0,0,0,2,3,0,1,KRBKRNvK,DRAW,4B3/2nK4/8/8/R7/4r3/8/k7 b - - 0 1
1,1,0,0,0,0,0,1,-1,1,0,1,1,1,0,0,0,0,0,16,0,0,5,0,6,5,4,5,1,27,23,0,0,0,0,0,0,0,0,7,1,1,0,0,0,0,0,2,1,0,KRBKRNvK,DRAW,1R6/K4n2/8/5kB1/8/8/8/6r1 w - - 0 1
0,1,0,0,0,0,0,1,-1,1,0,1,1,1,0,0,0,0,0,16,0,0,3,6,3,3,2,2,1,17,29,0,0,0,0,0,0,0,0,7,1,1,1,0,0,0,1,2,0,0,KRBKRNvK,DRAW,n7/5R2/8/8/6K1/1r1k4/8/6B1 b - - 0 1
0,1,0,0,0,0,0,1,-1,1,0,1,1,1,0,0,0,0,0,16,0,0,4,3,3,7,4,0,3,16,31,0,0,0,0,0,0,0,0,7,1,1,0,0,0,0,3,0,1,0,KRBKRNvK,DRAW,4n1r1/4B3/8/7k/3K4/5R2/8/8 b - - 0 1
1,1,0,0,0,0,0,1,-1,1,0,1,1,1,0,0,0,0,0,16,0,0,4,4,3,7,7,0,6,31,19,0,0,0,0,0,0,0,0,7,1,1,0,0,0,0,3,0,0,0,KRBKRNvK,DRAW,7k/2B4n/r7/1R6/4K3/8/8/8 w - - 0 1
1,1,0,0,0,0,0,1,-1,1,0,1,1,1,0,0,0,0,0,16,0,0,2,4,1,2,1,2,3,5,0,1,0,0,0,0,0,0,0,7,1,1,0,0,0,0,2,2,1,0,KRBKRNvK,DRAW,B7/2n5/8/4r3/3R4/8/2k1K3/8 w - - 0 1
0,1,0,0,0,0,0,1,-1,1,0,1,1,1,0,0,0,0,0,16,0,0,6,5,0,1,6,4,4,26,21,0,0,0,0,0,0,0,0,7,1,1,0,0,0,0,1,1,0,0,KRBKRNvK,DRAW,8/1k6/5R2/5n2/8/r7/8/5KB1 b - - 0 1
1,1,0,0,0,0,0,1,-1,1,0,1,1,1,0,0,0,0,0,16,0,0,2,6,5,7,3,3,3,20,18,0,0,0,0,0,0,0,0,7,1,1,0,1,0,0,0,1,0,0,KRBKRNvK,DRAW,6R1/3n4/6K1/8/7k/8/4Br2/8 w - - 0 1
1,1,0,0,0,0,0,1,-1,1,0,1,1,1,0,0,0,0,0,16,0,0,4,1,7,5,5,5,2,23,24,0,0,0,0,0,0,0,0,7,1,1,0,0,0,0,0,2,0,1,KRBKRNvK,DRAW,1K6/4n3/r4k2/8/8/8/2R5/4B3 w - - 0 1
1,1,0,0,0,0,0,1,-1,1,0,1,1,1,0,0,0,0,0,16,0,0,3,6,0,6,3,5,2,3,0,1,0,0,0,0,0,0,0,7,1,1,0,0,0,0,2,2,0,1,KRBKRNvK,DRAW,8/7n/8/8/1R1B2k1/8/8/4r1K1 w - - 0 1
1,1,0,0,0,0,0,1,-1,1,0,1,1,1,0,0,0,0,0,16,0,0,3,4,4,1,2,0,3,22,23,0,0,0,0,0,0,0,0,7,1,1,0,0,0,0,4,1,0,1,KRBKRNvK,DRAW,3R4/8/1r2nB2/4K3/8/1k6/8/8 w - - 0 1
0,1,0,0,0,0,0,1,-1,1,0,1,1,1,0,0,0,0,0,16,0,0,2,4,7,6,6,3,4,4,0,1,0,0,0,0,0,0,0,7,1,1,1,0,0,0,0,0,1,0,KRBKRNvK,DRAW,4K3/5Rk1/8/8/7B/8/8/3n3r b - - 0 1
1,1,0,0,0,0,0,1,-1,1,0,1,1,1,0,0,0,0,0,16,0,0,5,0,3,5,4,3,1,20,25,0,0,0,0,0,0,0,0,7,1,1,0,1,0,0,0,4,0,0,KRBKRNvK,DRAW,4B2R/8/8/5k2/K7/8/3r4/4n3 w - - 0 1
1,1,0,0,0,0,0,1,-1,1,0,1,1,1,0,0,0,0,0,16,0,0,7,4,0,3,7,3,3,28,23,0,0,0,0,0,0,0,0,7,1,1,0,0,0,0,3,1,0,0,KRBKRNvK,DRAW,3k4/7r/8/R3B1n1/8/8/8/4K3 w - - 0 1
0,1,0,0,0,0,0,1,-1,1,0,1,1,1,0,0,0,0,0,16,0,0,3,3,6,0,5,2,4,4,0,1,0,0,0,0,0,0,0,7,1,1,0,0,0,0,3,1,0,1,KRBKRNvK,LOSS,2n5/3K4/k7/8/4Rr2/3B4/8/8 b - - 0 1
1,1,0,0,0,0,0,1,-1,1,0,1,1,1,0,0,0,0,0,16,0,0,4,7,4,3,3,3,0,30,23,0,0,0,0,0,0,0,0,7,1,1,0,0,0,0,1,3,2,0,KRBKRNvK,DRAW,4n3/4r3/1R6/5B1K/3k4/8/8/8 w - - 0 1
1,1,0,0,0,0,0,1,-1,1,0,1,1,1,0,0,0,0,0,16,0,0,3,4,1,7,1,2,5,7,0,1,0,0,0,0,0,0,0,7,1,1,0,0,0,0,2,3,0,0,KRBKRNvK,DRAW,8/8/7B/4rn2/8/3R4/4K2k/8 w - - 0 1
0,1,0,0,0,0,0,1,-1,1,0,1,1,1,0,0,0,0,0,16,0,0,2,7,0,5,1,6,3,14,23,0,0,0,0,0,0,0,0,7,1,1,0,1,0,0,3,0,1,0,KRBKRNvK,DRAW,8/8/n7/8/2B1R3/8/r4k2/7K b - - 0 1
1,1,0,0,0,0,0,1,-1,1,0,1,1,1,0,0,0,0,0,16,0,0,5,0,5,1,0,4,5,4,0,1,0,0,0,0,0,0,0,7,1,1,0,0,0,0,0,3,0,0,KRBKRNvK,DRAW,8/8/K3r3/8/7B/7R/2n5/1k6 w - - 0 1
0,1,0,0,0,0,0,1,-1,1,0,1,1,1,0,0,0,0,0,16,0,0,6,6,2,0,3,3,3,22,17,0,0,0,0,0,0,0,0,7,1,1,1,0,0,0,0,1,0,0,KRBKRNvK,DRAW,8/1R6/1nr5/8/k7/6K1/7B/8 b - - 0 1
1,1,0,0,0,0,0,1,-1,1,0,1,1,1,0,0,0,0,0,16,0,0,2,3,6,1,4,2,2,26,18,0,0,0,0,0,0,0,0,7,1,1,0,0,0,0,0,0,0,0,KRBKRNvK,DRAW,3B4/n2K4/6R1/1k6/8/r7/8/8 w - - 0 1
1,1,0,0,0,0,0,1,-1,1,0,1,1,1,0,0,0,0,0,16,0,0,6,0,7,5,1,6,3,3,0,1,0,0,0,0,0,0,0,7,1,1,0,0,0,0,3,2,1,0,KRBKRNvK,DRAW,K3r3/8/8/8/3R4/2B5/5k2/5n2 w - - 0 1
1,1,0,0,0,0,0,1,-1,1,0,1,1,1,0,0,0,0,0,16,0,0,7,7,4,0,3,3,3,5,0,1,0,0,0,0,0,0,0,7,1,1,0,0,0,0,2,0,1,1,KRBKRNvK,DRAW,6r1/1B4n1/8/7K/k7/1R6/8/8 w - - 0 1
0,1,0,0,0,0,0,1,-1,1,0,1,1,1,0,0,0,0,0,16,0,0,6,0,3,6,2,3,3,22,31,0,0,0,0,0,0,0,0,7,1,1,0,1,0,0,2,0,1,0,KRBKRNvK,DRAW,3R4/8/8/8/K3B3/6k1/7r/1n6 b - - 0 1
0,1,0,0,0,0,0,1,-1,1,0,1,1,1,0,0,0,0,0,16,0,0,3,7,4,4,6,3,2,21,26,0,0,0,0,0,0,0,0,7,1,1,0,0,0,0,2,3,0,0,KRBKRNvK,DRAW,1R6/3rk3/8/7K/2n5/8/8/B7 b - - 0 1
0,1,0,0,0,0,0,1,-1,1,0,1,1,1,0,0,0,0,0,16,0,0,2,5,5,5,7,2,4,22,23,0,0,0,0,0,0,0,0,7,1,1,0,1,0,0,3,3,1,0,KRBKRNvK,DRAW,5k2/7B/5K2/8/2n3R1/8/3r4/8 b - - 0 1
0,1,0,0,0,0,0,1,-1,1,0,1,1,1,0,0,0,0,0,16,0,0,2,1,1,3,0,4,3,20,25,0,0,0,0,0,0,0,0,7,1,1,0,0,0,0,2,2,1,0,KRBKRNvK,DRAW,8/6B1/7n/5r2/8/2R5/1K6/3k4 b - - 0 1
1,1,0,0,0,0,0,1,-1,1,0,1,1,1,0,0,0,0,0,16,0,0,2,5,1,7,1,3,5,31,12,0,0,0,0,0,0,0,0,7,1,1,0,0,0,0,2,2,0,1,KRBKRNvK,DRAW,8/8/8/3B3n/7r/4R3/5K1k/8 w - - 0 1
1,1,0,0,0,0,0,1,-1,1,0,1,1,1,0,0,0,0,0,16,0,0,4,4,7,2,3,3,1,25,24,0,0,0,0,0,0,0,0,7,1,1,1,0,0,0,2,2,0,0,KRBKRNvK,DRAW,B3K3/R7/8/8/2k5/8/7n/6r1 w - - 0 1
1,1,0,0,0,0,0,1,-1,1,0,1,1,1,0,0,0,0,0,16,0,0,2,7,2,5,3,4,1,24,22,0,0,0,0,0,0,0,0,7,1,1,1,1,0,0,2,2,0,0,KRBKRNvK,DRAW,8/3R4/8/8/1B3k2/7K/n3r3/8 w - - 0 1
1,1,0,0,0,0,0,1,-1,1,0,1,1,1,0,0,0,0,0,16,0,0,4,0,5,4,4,4,0,4,0,1,0,0,0,0,0,0,0,7,1,1,0,0,0,0,3,3,2,1,KRBKRNvK,LOSS,8/2n5/K7/4k3/5R2/5B2/8/6r1 w - - 0 1
0,1,0,0,0,0,0,1,-1,1,0,1,1,1,0,0,0,0,0,16,0,0,6,6,7,6,1,5,4,29,21,0,0,0,0,0,0,0,0,7,1,1,0,0,0,0,0,2,0,0,KRBKRNvK,DRAW,6K1/8/8/2n5/8/4r3/6k1/R2B4 b - - 0 1
1,1,0,0,0,0,0,1,-1,1,0,1,1,1,0,0,0,0,0,16,0,0,4,0,6,4,5,5,1,5,0,1,0,0,0,0,0,0,0,7,1,1,0,0,0,0,2,4,1,1,KRBKRNvK,DRAW,7R/K5B1/4k3/1n6/7r/8/8/8 w - - 0 1
0,1,0,0,0,0,0,1,-1,1,0,1,1,1,0,0,0,0,0,16,0,0,4,2,7,6,3,4,2,20,23,0,0,0,0,0,0,0,0,7,1,1,0,0,0,0,2,0,1,0,KRBKRNvK,DRAW,B1K3n1/8/8/8/6k1/5R2/8/7r b - - 0 1
1,1,0,0,0,0,0,1,-1,1,0,1,1,1,0,0,0,0,0,16,0,0,2,5,3,7,2,1,4,24,20,0,0,0,0,0,0,0,0,7,1,1,0,0,0,0,2,2,0,0,KRBKRNvK,DRAW,3n4/8/1R6/2r5/5K2/7k/8/4B3 w - - 0 1
1,1,0,0,0,0,0,1,-1,1,0,1,1,1,0,0,0,0,0,16,0,0,5,2,1,4,6,3,2,27,22,0,0,0,0,0,0,0,0,7,1,1,0,0,0,0,2,2,0,1,KRBKRNvK,DRAW,6n1/4k3/8/1R6/4r3/8/2K5/5B2 w - - 0 1
0,1,0,0,0,0,0,1,-1,1,0,1,1,1,0,0,0,0,0,16,0,0,2,6,4,7,2,2,4,14,17,0,0,0,0,0,0,0,0,7,1,1,0,0,0,0,1,1,0,1,KRBKRNvK,DRAW,8/B7/7r/6K1/8/R2n3k/8/8 b - - 0 1
1,1,0,0,0,0,0,1,-1,1,0,1,1,1,0,0,0,0,0,16,0,0,3,3,6,6,4,2,2,7,0,1,0,0,0,0,0,0,0,7,1,1,0,0,0,0,2,0,0,1,KRBKRNvK,DRAW,7n/1r1K4/8/6k1/2R5/8/2B5/8 w - - 0 1
0,1,0,0,0,0,0,1,-1,1,0,1,1,1,0,0,0,0,0,16,0,0,5,1,4,6,5,2,3,5,0,1,0,0,0,0,0,0,0,7,1,1,1,1,0,0,1,1,0,0,KRBKRNvK,DRAW,8/2R5/6k1/1K6/6n1/8/6r1/1B6 b - - 0 1
0,1,0,0,0,0,0,1,-1,1,0,1,1,1,0,0,0,0,0,16,0,0,2,4,2,5,4,1,1,21,18,0,0,0,0,0,0,0,0,7,1,1,0,0,0,0,2,2,1,0,KRBKRNvK,DRAW,8/8/8/5k1B/8/4K3/n3R3/1r6 b - - 0 1
0,1,0,0,0,0,0,1,-1,1,0,1,1,1,0,0,0,0,0,16,0,0,3,5,4,7,7,1,6,23,23,0,0,0,0,0,0,0,0,7,1,1,0,0,0,0,2,0,0,1,KRBKRNvK,DRAW,6rk/8/8/4nK2/B7/8/4R3/8 b - - 0 1
0,1,0,0,0,0,0,1,-1,1,0,1,1,1,0,0,0,0,0,16,0,0,2,0,2,1,0,4,5,19,25,0,0,0,0,0,0,0,0,7,1,1,0,0,0,0,0,0,1,1,KRBKRNvK,DRAW,7R/8/2r5/8/8/K7/3B4/1kn5 b - - 0 1
0,1,0,0,0,0,0,1,-1,1,0,1,1,1,0,0,0,0,0,16,0,0,2,3,5,3,7,1,3,0,0,1,0,0,0,0,0,0,0,7,1,1,0,0,0,0,2,1,0,0,KRBKRNvK,LOSS,3k3R/8/3K4/1B4n1/8/2r5/8/8 b - - 0 1
0,1,0,0,0,0,0,1,-1,1,0,1,1,1,0,0,0,0,0,16,0,0,4,5,3,1,3,1,2,26,28,0,0,0,0,0,0,0,0,7,1,1,0,1,0,0,2,0,0,0,KRBKRNvK,DRAW,5n2/8/8/8/1k3K1B/8/r7/4R3 b - - 0 1
1,1,0,0,0,0,0,1,-1,1,0,1,1,1,0,0,0,0,0,16,0,0,2,2,6,3,4,3,0,16,20,0,0,0,0,0,0,0,0,7,1,1,0,0,0,0,2,3,2,1,KRBKRNvK,DRAW,8/2K1Br2/3n4/3k4/2R5/8/8/8 w - - 0 1
0,1,0,0,0,0,0,1,-1,1,0,1,1,1,0,0,0,0,0,16,0,0,6,6,7,2,1,5,3,6,0,1,0,0,0,0,0,0,0,7,1,1,0,0,0,0,1,2,0,1,KRBKRNvK,DRAW,6K1/8/2R3n1/7r/5B2/8/2k5/8 b - - 0 1
0,1,0,0,0,0,0,1,-1,1,0,1,1,1,0,0,0,0,0,16,0,0,3,2,4,4,7,1,3,2,0,1,0,0,0,0,0,0,0,7,1,1,0,0,0,0,2,1,1,1,KRBKRNvK,DRAW,2R1k3/7r/8/2K5/7B/4n3/8/8 b - - 0 1
1,1,0,0,0,0,0,1,-1,1,0,1,1,1,0,0,0,0,0,16,0,0,2,7,4,5,3,3,1,3,0,1,0,0,0,0,0,0,0,7,1,1,0,0,0,0,2,4,1,1,KRBKRNvK,DRAW,8/8/3R4/5r1K/2B2k2/1n6/8/8 w - - 0 1
0,1,0,0,0,0,0,1,-1,1,0,1,1,1,0,0,0,0,0,16,0,0,3,5,4,2,3,1,1,4,0,1,0,0,0,0,0,0,0,7,1,1,1,0,0,0,2,2,1,1,KRBKRNvK,DRAW,8/2R5/B6r/5K2/2k5/8/8/5n2 b - - 0 1
0,1,0,0,0,0,0,1,-1,1,0,1,1,1,0,0,0,0,0,16,0,0,4,6,4,2,2,2,2,22,27,0,0,0,0,0,0,0,0,7,1,1,0,0,0,0,2,3,1,0,KRBKRNvK,DRAW,6n1/2B5/8/1R4K1/8/2k5/8/4r3 b - - 0 1
0,1,0,0,0,0,0,1,-1,1,0,1,1,1,0,0,0,0,0,16,0,0,5,2,5,2,0,2,4,23,24,0,0,0,0,0,0,0,0,7,1,1,1,0,0,0,1,2,0,1,KRBKRNvK,DRAW,5n2/5R2/2K5/4r3/8/8/8/2k2B2 b - - 0 1
1,1,0,0,0,0,0,1,-1,1,0,1,1,1,0,0,0,0,0,16,0,0,3,6,0,3,1,5,2,30,19,0,0,0,0,0,0,0,0,7,1,1,0,0,0,0,2,2,1,0,KRBKRNvK,DRAW,3r4/1n6/4R3/8/8/3B4/3k4/6K1 w - - 0 1
0,1,0,0,0,0,0,1,-1,1,0,1,1,1,0,0,0,0,0,16,0,0,4,3,5,7,6,1,5,22,32,0,0,0,0,0,0,0,0,7,1,1,0,0,0,0,3,1,0,1,KRBKRNvK,DRAW,5r2/7k/3K4/8/8/4B3/5n2/R7 b - - 0 1
0,1,0,0,0,0,0,1,-1,1,0,1,1,1,0,0,0,0,0,16,0,0,3,3,4,3,1,0,2,23,17,0,0,0,0,0,0,0,0,7,1,1,0,0,0,0,4,3,1,2,KRBKRNvK,DRAW,8/4r3/8/1nRK4/8/5B2/3k4/8 b - - 0 1
1,1,0,0,0,0,0,1,-1,1,0,1,1,1,0,0,0,0,0,16,0,0,2,4,5,4,7,1,3,25,18,0,0,0,0,0,0,0,0,7,1,1,0,0,0,0,2,0,1,0,KRBKRNvK,WIN,n3k3/8/2R1K3/8/4B3/6r1/8/8 w - - 0 1
0,1,0,0,0,0,0,1,-1,1,0,1,1,1,0,0,0,0,0,16,0,0,4,0,0,4,4,6,0,21,26,0,0,0,0,0,0,0,0,7,1,1,0,0,0,0,2,3,1,0,KRBKRNvK,DRAW,7n/8/1B6/4k3/6r1/3R4/8/K7 b - - 0 1
0,1,0,0,0,0,0,1,-1,1,0,1,1,1,0,0,0,0,0,16,0,0,6,1,0,4,6,5,2,21,20,0,0,0,0,0,0,0,0,7,1,1,0,0,0,0,2,0,0,0,KRBKRNvK,DRAW,n7/4k3/6r1/8/8/8/8/1K1RB3 b - - 0 1
0,1,0,0,0,0,0,1,-1,1,0,1,1,1,0,0,0,0,0,16,0,0,2,1,6,3,7,4,3,1,0,1,0,0,0,0,0,0,0,7,1,1,0,0,0,0,1,1,1,1,KRBKRNvK,DRAW,3k1R2/1K6/1n4r1/2B5/8/8/8/8 b - - 0 1
1,1,0,0,0,0,0,1,-1,1,0,1,1,1,0,0,0,0,0,16,0,0,5,0,1,5,1,5,3,26,25,0,0,0,0,0,0,0,0,7,1,1,0,0,0,0,3,2,0,0,KRBKRNvK,DRAW,1B2n3/8/8/3r4/2R5/8/K4k2/8 w - - 0 1
0,1,0,0,0,0,0,1,-1,1,0,1,1,1,0,0,0,0,0,16,0,0,2,0,0,2,0,6,4,3,0,1,0,0,0,0,0,0,0,7,1,1,0,0,0,0,2,0,0,0,KRBKRNvK,DRAW,3n4/8/4B3/2R5/8/7r/8/K1k5 b - - 0 1
0,1,0,0,0,0,0,1,-1,1,0,1,1,1,0,0,0,0,0,16,0,0,5,7,2,2,7,4,4,20,25,0,0,0,0,0,0,0,0,7,1,1,0,0,0,0,1,0,1,0,KRBKRNvK,DRAW,2k3n1/2r5/1B6/8/8/7K/5R2/8 b - - 0 1
1,1,0,0,0,0,0,1,-1,1,0,1,1,1,0,0,0,0,0,16,0,0,5,4,1,6,6,2,4,35,17,0,0,0,0,0,0,0,0,7,1,1,0,0,0,0,2,1,0,0,KRBKRNvK,DRAW,6r1/5nk1/8/R7/4B3/8/4K3/8 w - - 0 1
0,1,0,0,0,0,0,1,-1,1,0,1,1,1,0,0,0,0,0,16,0,0,6,1,7,4,1,5,2,7,0,1,0,0,0,0,0,0,0,7,1,1,1,0,0,0,3,1,0,0,KRBKRNvK,DRAW,1K6/B3R3/8/8/5n2/6r1/4k3/8 b - - 0 1
0,1,0,0,0,0,0,1,-1,1,0,1,1,1,0,0,0,0,0,16,0,0,5,7,1,4,6,5,2,26,22,0,0,0,0,0,0,0,0,7,1,1,0,0,0,0,3,0,1,0,KRBKRNvK,DRAW,8/1n2k3/8/6R1/8/r7/7K/7B b - - 0 1
1,1,0,0,0,0,0,1,-1,1,0,1,1,1,0,0,0,0,0,16,0,0,2,7,3,7,1,3,5,24,21,0,0,0,0,0,0,0,0,7,1,1,0,0,0,0,1,2,0,0,KRBKRNvK,DRAW,5R2/7B/1n1r4/8/7K/8/7k/8 w - - 0 1
0,1,0,0,0,0,0,1,-1,1,0,1,1,1,0,0,0,0,0,16,0,0,3,0,1,2,4,5,1,4,0,1,0,0,0,0,0,0,0,7,1,1,0,0,0,0,2,2,1,0,KRBKRNvK,DRAW,8/4B3/8/2k5/6R1/4n3/K7/7r b - - 0 1
1,1,0,0,0,0,0,1,-1,1,0,1,1,1,0,0,0,0,0,16,0,0,3,3,1,0,0,2,6,30,24,0,0,0,0,0,0,0,0,7,1,1,0,0,0,0,2,0,0,0,KRBKRNvK,DRAW,8/1B4r1/8/4n3/8/7R/3K4/k7 w - - 0 1
0,1,0,0,0,0,0,1,-1,1,0,1,1,1,0,0,0,0,0,16,0,0,5,4,6,7,1,2,5,5,0,1,0,0,0,0,0,0,0,7,1,1,0,0,0,0,1,0,0,0,KRBKRNvK,LOSS,8/2B1K3/r4R2/8/8/n7/7k/8 b - - 0 1
0,1,0,0,0,0,0,1,-1,1,0,1,1,1,0,0,0,0,0,16,0,0,2,4,3,5,1,0,3,18,19,0,0,0,0,0,0,0,0,7,1,1,0,0,0,0,4,2,0,1,KRBKRNvK,DRAW,B7/8/8/5r2/4K3/8/5k2/1R4n1 b - - 0 1
1,1,0,0,0,0,0,1,-1,1,0,1,1,1,0,0,0,0,0,16,0,0,2,1,2,1,4,3,2,4,0,1,0,0,0,0,0,0,0,7,1,1,0,0,0,0,2,0,0,0,KRBKRNvK,DRAW,8/8/7R/1k6/8/1K3r2/8/B5n1 w - - 0 1
0,1,0,0,0,0,0,1,-1,1,0,1,1,1,0,0,0,0,0,16,0,0,3,5,7,2,5,4,2,18,25,0,0,0,0,0,0,0,0,7,1,1,0,0,0,0,1,1,0,0,KRBKRNvK,DRAW,5K2/8/2k5/8/8/n7/1R5B/2r5 b - - 0 1
1,1,0,0,0,0,0,1,-1,1,0,1,1,1,0,0,0,0,0,16,0,0,2,7,4,5,2,3,2,25,21,0,0,0,0,0,0,0,0,7,1,1,0,0,0,0,2,1,0,0,KRBKRNvK,DRAW,1r6/8/6B1/7K/R7/5k2/8/7n w - - 0 1
0,1,0,0,0,0,0,1,-1,1,0,1,1,1,0,0,0,0,0,16,0,0,3,3,7,3,4,3,0,27,25,0,0,0,0,0,0,0,0,7,1,1,0,0,0,0,2,4,2,0,KRBKRNvK,DRAW,3K4/8/5B2/3k4/5n2/5R2/8/1r6 b - - 0 1
1,1,0,0,0,0,0,1,-1,1,0,1,1,1,0,0,0,0,0,16,0,0,6,1,2,7,0,3,6,27,17,0,0,0,0,0,0,0,0,7,1,1,0,0,0,0,3,0,0,1,KRBKRNvK,DRAW,r7/8/8/8/n7/1KB1R3/8/7k w - - 0 1
1,1,0,0,0,0,0,1,-1,1,0,1,1,1,0,0,0,0,0,16,0,0,5,1,0,0,5,5,4,27,19,0,0,0,0,0,0,0,0,7,1,1,0,0,0,0,2,0,1,0,KRBKRNvK,DRAW,8/6n1/k1B2R2/8/8/6r1/8/1K6 w - - 0 1
0,1,0,0,0,0,0,1,-1,1,0,1,1,1,0,0,0,0,0,16,0,0,3,6,2,3,4,3,0,25,16,0,0,0,0,0,0,0,0,7,1,1,0,0,0,0,0,3,0,1,KRBKRNvK,DRAW,8/8/8/3k4/1r5n/6K1/7R/4B3 b - - 0 1
1,1,0,0,0,0,0,1,-1,1,0,1,1,1,0,0,0,0,0,16,0,0,2,1,5,0,3,3,3,26,18,0,0,0,0,0,0,0,0,7,1,1,0,1,0,0,3,2,1,0,KRBKRNvK,DRAW,8/6B1/1K6/1R6/k7/8/3r4/3n4 w - - 0 1
1,1,0,0,0,0,0,1,-1,1,0,1,1,1,0,0,0,0,0,16,0,0,2,3,5,1,7,1,5,4,0,1,0,0,0,0,0,0,0,7,1,1,0,0,0,0,4,0,0,1,KRBKRNvK,WIN,1k1r4/8/3K4/4B3/6R1/8/8/7n w - - 0 1
0,1,0,0,0,0,0,1,-1,1,0,1,1,1,0,0,0,0,0,16,0,0,6,0,5,6,5,4,3,27,26,0,0,0,0,0,0,0,0,7,1,1,0,1,0,0,3,2,0,0,KRBKRNvK,DRAW,1B6/8/K5k1/6n1/2R5/8/4r3/8 b - - 0 1
0,1,0,0,0,0,0,1,-1,1,0,1,1,1,0,0,0,0,0,16,0,0,4,4,1,0,5,2,4,21,29,0,0,0,0,0,0,0,0,7,1,1,1,0,0,0,1,3,1,1,KRBKRNvK,DRAW,1B6/5R2/kn6/8/2r5/8/4K3/8 b - - 0 1
0,1,0,0,0,0,0,1,-1,1,0,1,1,1,0,0,0,0,0,16,0,0,7,7,5,0,5,4,4,5,0,1,0,0,0,0,0,0,0,7,1,1,0,0,0,0,3,2,0,0,KRBKRNvK,DRAW,n7/8/k2R3K/8/8/4r3/7B/8 b - - 0 1
0,1,0,0,0,0,0,1,-1,1,0,1,1,1,0,0,0,0,0,16,0,0,6,6,1,0,0,4,6,23,15,0,0,0,0,0,0,0,0,7,1,1,1,0,0,0,0,3,0,1,KRBKRNvK,DRAW,8/7R/8/5r2/8/8/4n1K1/k6B b - - 0 1
1,1,0,0,0,0,0,1,-1,1,0,1,1,1,0,0,0,0,0,16,0,0,2,3,7,1,7,3,5,22,21,0,0,0,0,0,0,0,0,7,1,1,0,0,0,0,0,3,0,1,KRBKRNvK,DRAW,1k1K4/4n3/8/B7/4r3/8/8/6R1 w - - 0 1
0,1,0,0,0,0,0,1,-1,1,0,1,1,1,0,0,0,0,0,16,0,0,5,2,3,7,2,1,4,20,29,0,0,0,0,0,0,0,0,7,1,1,1,0,0,0,2,0,0,0,KRBKRNvK,DRAW,7r/R7/8/2B5/2K5/7k/8/2n5 b - - 0 1
0,1,0,0,0,0,0,1,-1,1,0,1,1,1,0,0,0,0,0,16,0,0,7,7,5,0,1,4,5,27,23,0,0,0,0,0,0,0,0,7,1,1,0,0,0,0,3,2,0,0,KRBKRNvK,DRAW,8/8/3Rn2K/8/1r6/8/k5B1/8 b - - 0 1
1,1,0,0,0,0,0,1,-1,1,0,1,1,1,0,0,0,0,0,16,0,0,3,4,6,7,5,2,4,22,22,0,0,0,0,0,0,0,0,7,1,1,0,0,0,0,2,2,0,1,KRBKRNvK,DRAW,8/4K3/5n1k/8/8/5r2/8/1B2R3 w - - 0 1
1,1,0,0,0,0,0,1,-1,1,0,1,1,1,0,0,0,0,0,16,0,0,3,3,7,6,6,3,4,24,26,0,0,0,0,0,0,0,0,7,1,1,0,0,0,0,0,0,0,0,KRBKRNvK,DRAW,3K4/6k1/7r/3n4/8/B7/5R2/8 w - - 0 1
0,1,0,0,0,0,0,1,-1,1,0,1,1,1,0,0,0,0,0,16,0,0,6,1,7,7,5,5,4,27,28,0,0,0,0,0,0,0,0,7,1,1,0,0,0,0,1,2,0,0,KRBKRNvK,DRAW,1K6/8/1B5k/3r4/4n3/8/R7/8 b - - 0 1
0,1,0,0,0,0,0,1,-1,1,0,1,1,1,0,0,0,0,0,16,0,0,2,6,1,4,1,4,2,5,0,1,0,0,0,0,0,0,0,7,1,1,1,0,0,0,2,1,0,1,KRBKRNvK,DRAW,8/3BR3/8/8/8/2r5/4knK1/8 b - - 0 1
1,1,0,0,0,0,0,1,-1,1,0,1,1,1,0,0,0,0,0,16,0,0,3,0,2,1,5,4,3,26,27,0,0,0,0,0,0,0,0,7,1,1,0,0,0,0,2,0,0,0,KRBKRNvK,DRAW,8/8/1k2B3/4R3/3n4/K7/8/5r2 w - - 0 1
1,1,0,0,0,0,0,1,-1,1,0,1,1,1,0,0,0,0,0,16,0,0,3,0,1,2,4,5,1,27,21,0,0,0,0,0,0,0,0,7,1,1,1,0,0,0,1,3,2,0,KRBKRNvK,DRAW,8/R7/8/2k1r3/2B5/7n/K7/8 w - - 0 1
1,1,0,0,0,0,0,1,-1,1,0,1,1,1,0,0,0,0,0,16,0,0,2,5,5,4,3,2,0,5,0,1,0,0,0,0,0,0,0,7,1,1,0,0,0,0,2,4,1,2,KRBKRNvK,DRAW,8/8/B4K2/3n4/2Rrk3/8/8/8 w - - 0 1
1,1,0,0,0,0,0,1,-1,1,0,1,1,1,0,0,0,0,0,16,0,0,6,1,1,7,6,4,5,26,23,0,0,0,0,0,0,0,0,7,1,1,0,0,0,0,0,2,0,0,KRBKRNvK,DRAW,8/7k/3r4/B6n/8/8/1KR5/8 w - - 0 1
1,1,0,0,0,0,0,1,-1,1,0,1,1,1,0,0,0,0,0,16,0,0,7,0,3,7,6,3,5,22,20,0,0,0,0,0,0,0,0,7,1,1,0,0,0,0,1,2,0,0,KRBKRNvK,DRAW,8/7k/8/3n4/K7/3r4/6RB/8 w - - 0 1
0,1,0,0,0,0,0,1,-1,1,0,1,1,1,0,0,0,0,0,16,0,0,2,6,7,4,7,5,3,3,0,1,0,0,0,0,0,0,0,7,1,1,0,0,0,0,1,2,0,0,KRBKRNvK,DRAW,R3k1K1/8/8/3r4/8/8/2B1n3/8 b - - 0 1
1,1,0,0,0,0,0,1,-1,1,0,1,1,1,0,0,0,0,0,16,0,0,2,7,4,5,2,3,2,21,23,0,0,0,0,0,0,0,0,7,1,1,0,0,0,0,3,2,1,1,KRBKRNvK,DRAW,8/8/3R4/7K/6r1/5kB1/2n5/8 w - - 0 1
0,1,0,0,0,0,0,1,-1,1,0,1,1,1,0,0,0,0,0,16,0,0,2,5,3,3,4,1,0,2,0,1,0,0,0,0,0,0,0,7,1,1,0,0,0,0,3,3,1,0,KRBKRNvK,DRAW,1B6/6n1/3R4/3k4/5K2/8/8/7r b - - 0 1
0,1,0,0,0,0,0,1,-1,1,0,1,1,1,0,0,0,0,0,16,0,0,5,7,2,2,6,4,3,29,24,0,0,0,0,0,0,0,0,7,1,1,0,0,0,0,2,1,0,0,KRBKRNvK,WIN,8/2k5/4n3/8/4R3/7K/4B3/r7 b - - 0 1
1,1,0,0,0,0,0,1,-1,1,0,1,1,1,0,0,0,0,0,16,0,0,3,0,2,2,5,4,2,24,27,0,0,0,0,0,0,0,0,7,1,1,0,0,0,0,1,3,1,0,KRBKRNvK,DRAW,5R2/B7/2k5/3n4/4r3/K7/8/8 w - - 0 1
1,1,0,0,0,0,0,1,-1,1,0,1,1,1,0,0,0,0,0,16,0,0,4,1,3,5,3,2,1,4,0,1,0,0,0,0,0,0,0,7,1,1,0,0,0,0,1,3,1,1,KRBKRNvK,DRAW,7R/8/8/5B2/1K1rnk2/8/8/8 w - - 0 1
0,1,0,0,0,0,0,1,-1,1,0,1,1,1,0,0,0,0,0,16,0,0,6,5,6,4,0,3,3,19,17,0,0,0,0,0,0,0,0,7,1,1,0,0,0,0,2,1,0,0,KRBKRNvK,DRAW,6B1/5K2/1r6/8/4R3/4n3/8/4k3 b - - 0 1
1,1,0,0,0,0,0,1,-1,1,0,1,1,1,0,0,0,0,0,16,0,0,6,1,0,2,6,5,3,4,0,1,0,0,0,0,0,0,0,7,1,1,0,0,0,0,2,2,0,0,KRBKRNvK,DRAW,8/2k5/8/8/1r6/5B1R/7n/1K6 w - - 0 1
0,1,0,0,0,0,0,1,-1,1,0,1,1,1,0,0,0,0,0,16,0,0,3,4,6,7,4,2,3,22,25,0,0,0,0,0,0,0,0,7,1,1,1,1,0,0,2,0,0,0,KRBKRNvK,DRAW,8/3RK3/8/7k/8/nB6/2r5/8 b - - 0 1
0,1,0,0,0,0,0,1,-1,1,0,1,1,1,0,0,0,0,0,16,0,0,3,7,6,4,7,5,3,24,26,0,0,0,0,0,0,0,0,7,1,1,0,1,0,0,2,1,0,0,KRBKRNvK,DRAW,4k3/3n3K/8/8/8/R7/2r5/7B b - - 0 1
1,1,0,0,0,0,0,1,-1,1,0,1,1,1,0,0,0,0,0,16,0,0,4,2,7,1,3,4,2,2,0,1,0,0,0,0,0,0,0,7,1,1,0,0,0,0,2,0,1,0,KRBKRNvK,LOSS,2K2r2/8/8/n7/1k6/R7/8/B7 w - - 0 1
1,1,0,0,0,0,0,1,-1,1,0,1,1,1,0,0,0,0,0,16,0,0,2,7,7,5,5,6,2,2,0,1,0,0,0,0,0,0,0,7,1,1,0,0,0,0,2,3,1,0,KRBKRNvK,DRAW,4r2K/8/5k2/6R1/8/4n3/8/3B4 w - - 0 1
0,1,0,0,0,0,0,1,-1,1,0,1,1,1,0,0,0,0,0,16,0,0,4,5,2,1,5,2,3,21,21,0,0,0,0,0,0,0,0,7,1,1,0,1,0,0,2,3,0,1,KRBKRNvK,DRAW,8/8/1kn1R3/8/8/5K1B/3r4/8 b - - 0 1
1,1,0,0,0,0,0,1,-1,1,0,1,1,1,0,0,0,0,0,16,0,0,3,6,3,3,6,2,2,26,22,0,0,0,0,0,0,0,0,7,1,1,0,0,0,0,0,0,1,0,KRBKRNvK,DRAW,8/1r1k4/5R2/3n2B1/6K1/8/8/8 w - - 0 1
0,1,0,0,0,0,0,1,-1,1,0,1,1,1,0,0,0,0,0,16,0,0,4,0,7,1,3,6,2,23,25,0,0,0,0,0,0,0,0,7,1,1,0,0,0,0,2,3,1,0,KRBKRNvK,DRAW,K7/6B1/R7/2r5/1k6/8/3n4/8 b - - 0 1
0,1,0,0,0,0,0,1,-1,1,0,1,1,1,0,0,0,0,0,16,0,0,3,3,6,0,5,2,4,4,0,1,0,0,0,0,0,0,0,7,1,1,0,0,0,0,1,1,1,1,KRBKRNvK,DRAW,8/3K4/k3n1R1/8/2B5/8/8/7r b - - 0 1
0,1,0,0,0,0,0,1,-1,1,0,1,1,1,0,0,0,0,0,16,0,0,6,0,0,6,5,6,3,6,0,1,0,0,0,0,0,0,0,7,1,1,0,0,0,0,2,1,1,0,KRBKRNvK,DRAW,1r6/8/6k1/1B6/6R1/8/3n4/K7 b - - 0 1
0,1,0,0,0,0,0,1,-1,1,0,1,1,1,0,0,0,0,0,16,0,0,7,1,7,6,0,5,5,21,24,0,0,0,0,0,0,0,0,7,1,1,1,0,0,0,1,3,1,0,KRBKRNvK,DRAW,1K6/R7/8/8/2r3n1/6B1/8/6k1 b - - 0 1
1,1,0,0,0,0,0,1,-1,1,0,1,1,1,0,0,0,0,0,16,0,0,4,4,1,7,5,2,4,6,0,1,0,0,0,0,0,0,0,7,1,1,1,0,0,0,1,3,1,1,KRBKRNvK,DRAW,8/6R1/7k/4r3/2n5/8/4K3/6B1 w - - 0 1
0,1,0,0,0,0,0,1,-1,1,0,1,1,1,0,0,0,0,0,16,0,0,3,0,7,3,5,6,1,22,18,0,0,0,0,0,0,0,0,7,1,1,0,0,0,0,0,3,2,0,KRBKRNvK,DRAW,K1RB4/8/3k4/5n2/8/8/8/3r4 b - - 0 1
1,1,0,0,0,0,0,1,-1,1,0,1,1,1,0,0,0,0,0,16,0,0,4,3,2,7,3,1,3,23,18,0,0,0,0,0,0,0,0,7,1,1,0,1,0,0,3,1,1,0,KRBKRNvK,DRAW,8/8/3nB1R1/8/7k/3K4/7r/8 w - - 0 1
1,1,0,0,0,0,0,1,-1,1,0,1,1,1,0,0,0,0,0,16,0,0,4,4,5,4,1,1,2,20,23,0,0,0,0,0,0,0,0,7,1,1,0,0,0,0,2,2,0,1,KRBKRNvK,DRAW,4n3/8/R3K3/8/8/1B1r4/4k3/8 w - - 0 1
0,1,0,0,0,0,0,1,-1,1,0,1,1,1,0,0,0,0,0,16,0,0,5,0,4,5,5,3,2,22,27,0,0,0,0,0,0,0,0,7,1,1,0,0,0,0,2,1,0,2,KRBKRNvK,DRAW,8/1B6/5k2/K7/8/n1r5/8/6R1 b - - 0 1
1,1,0,0,0,0,0,1,-1,1,0,1,1,1,0,0,0,0,0,16,0,0,6,4,1,4,7,2,3,25,20,0,0,0,0,0,0,0,0,7,1,1,0,0,0,0,2,2,0,0,KRBKRNvK,DRAW,2n1k3/8/8/5r2/8/1B1R4/4K3/8 w - - 0 1
0,1,0,0,0,0,0,1,-1,1,0,1,1,1,0,0,0,0,0,16,0,0,4,3,0,2,4,3,1,5,0,1,0,0,0,0,0,0,0,7,1,1,0,0,0,0,2,3,1,0,KRBKRNvK,DRAW,8/1B3r2/8/2k5/8/6n1/2R5/3K4 b - - 0 1
1,1,0,0,0,0,0,1,-1,1,0,1,1,1,0,0,0,0,0,16,0,0,4,2,6,6,2,3,3,6,0,1,0,0,0,0,0,0,0,7,1,1,0,0,0,0,2,2,1,1,KRBKRNvK,DRAW,8/2K4B/8/2r5/7R/6k1/8/6n1 w - - 0 1
1,1,0,0,0,0,0,1,-1,1,0,1,1,1,0,0,0,0,0,16,0,0,5,7,1,2,2,5,2,2,0,1,0,0,0,0,0,0,0,7,1,1,0,0,0,0,1,3,0,1,KRBKRNvK,DRAW,5R2/8/8/7r/5B2/2k2n2/7K/8 w - - 0 1
0,1,0,0,0,0,0,1,-1,1,0,1,1,1,0,0,0,0,0,16,0,0,3,1,6,1,3,4,2,27,24,0,0,0,0,0,0,0,0,7,1,1,1,0,0,0,0,1,0,0,KRBKRNvK,DRAW,8/1KR5/8/8/1k3n1B/6r1/8/8 b - - 0 1
1,1,0,0,0,0,0,1,-1,1,0,1,1,1,0,0,0,0,0,16,0,0,6,7,3,1,3,3,2,26,26,0,0,0,0,0,0,0,0,7,1,1,1,0,0,0,2,1,0,0,KRBKRNvK,DRAW,8/2R5/4nB2/8/1k5K/r7/8/8 w - - 0 1
1,1,0,0,0,0,0,1,-1,1,0,1,1,1,0,0,0,0,0,16,0,0,4,7,4,7,0,3,6,31,18,0,0,0,0,0,0,0,0,7,1,1,0,0,0,0,2,0,0,0,KRBKRNvK,DRAW,8/8/8/R6K/3B4/1r6/8/1n5k w - - 0 1
1,1,0,0,0,0,0,1,-1,1,0,1,1,1,0,0,0,0,0,16,0,0,4,1,2,1,6,3,4,7,0,1,0,0,0,0,0,0,0,7,1,1,0,0,0,0,2,0,0,1,KRBKRNvK,DRAW,1r6/1k6/8/n4B2/8/1K6/8/4R3 w - - 0 1
1,1,0,0,0,0,0,1,-1,1,0,1,1,1,0,0,0,0,0,16,0,0,4,1,7,5,3,5,1,18,22,0,0,0,0,0,0,0,0,7,1,1,0,0,0,0,0,3,0,0,KRBKRNvK,DRAW,1K6/8/8/r7/n4k2/8/8/5B1R w - - 0 1
1,1,0,0,0,0,0,1,-1,1,0,1,1,1,0,0,0,0,0,16,0,0,5,5,6,7,1,3,5,6,0,1,0,0,0,0,0,0,0,7,1,1,0,0,0,0,2,1,0,0,KRBKRNvK,DRAW,8/1r3K2/1B6/2R5/5n2/8/7k/8 w - - 0 1
0,1,0,0,0,0,0,1,-1,1,0,1,1,1,0,0,0,0,0,16,0,0,4,0,3,1,7,3,5,3,0,1,0,0,0,0,0,0,0,7,1,1,0,0,0,0,2,2,1,1,KRBKRNvK,DRAW,1k1R4/8/n7/5r2/K7/8/8/4B3 b - - 0 1
0,1,0,0,0,0,0,1,-1,1,0,1,1,1,0,0,0,0,0,16,0,0,6,6,0,2,6,5,3,25,28,0,0,0,0,0,0,0,0,7,1,1,0,0,0,0,2,0,2,0,KRBKRNvK,DRAW,5r2/2k5/4B3/1R6/4n3/8/8/6K1 b - - 0 1
0,1,0,0,0,0,0,1,-1,1,0,1,1,1,0,0,0,0,0,16,0,0,7,7,2,0,7,4,6,12,24,0,0,0,0,0,0,0,0,7,1,1,0,0,0,0,2,0,1,0,KRBKRNvK,DRAW,k1B5/r7/n7/8/8/4R2K/8/8 b - - 0 1
0,1,0,0,0,0,0,1,-1,1,0,1,1,1,0,0,0,0,0,16,0,0,4,2,3,2,7,1,4,22,29,0,0,0,0,0,0,0,0,7,1,1,0,0,0,0,2,0,0,0,KRBKRNvK,DRAW,2kn4/8/7r/8/2K5/8/R7/3B4 b - - 0 1
0,1,0,0,0,0,0,1,-1,1,0,1,1,1,0,0,0,0,0,16,0,0,2,2,3,4,4,1,0,5,0,1,0,0,0,0,0,0,0,7,1,1,0,0,0,0,3,3,1,1,KRBKRNvK,DRAW,1r6/6B1/8/4k3/2K5/7R/4n3/8 b - - 0 1
0,1,0,0,0,0,0,1,-1,1,0,1,1,1,0,0,0,0,0,16,0,0,3,7,4,4,1,3,2,20,23,0,0,0,0,0,0,0,0,7,1,1,0,0,0,0,2,2,1,1,KRBKRNvK,DRAW,8/4r2n/7B/7K/6R1/8/4k3/8 b - - 0 1
1,1,0,0,0,0,0,1,-1,1,0,1,1,1,0,0,0,0,0,16,0,0,5,6,1,4,6,4,2,29,24,0,0,0,0,0,0,0,0,7,1,1,0,0,0,0,2,1,0,0,KRBKRNvK,DRAW,8/2r1k3/4n3/7R/8/8/6K1/2B5 w - - 0 1
0,1,0,0,0,0,0,1,-1,1,0,1,1,1,0,0,0,0,0,16,0,0,4,5,5,1,3,2,2,6,0,1,0,0,0,0,0,0,0,7,1,1,0,0,0,0,2,0,1,0,KRBKRNvK,DRAW,8/8/5K2/8/1k2B3/8/1R6/4n1r1 b - - 0 1
0,1,0,0,0,0,0,1,-1,1,0,1,1,1,0,0,0,0,0,16,0,0,4,4,1,0,0,2,6,0,0,1,0,0,0,0,0,0,0,7,1,1,0,0,0,0,1,0,1,1,KRBKRNvK,LOSS,8/8/8/8/8/3B1r2/n3K3/kR6 b - - 0 1
0,1,0,0,0,0,0,1,-1,1,0,1,1,1,0,0,0,0,0,16,0,0,6,1,7,7,5,5,4,20,16,0,0,0,0,0,0,0,0,7,1,1,0,0,0,0,2,2,1,0,KRBKRNvK,DRAW,BK3R2/7r/7k/8/8/5n2/8/8 b - - 0 1
1,1,0,0,0,0,0,1,-1,1,0,1,1,1,0,0,0,0,0,16,0,0,4,3,7,7,7,3,6,26,19,0,0,0,0,0,0,0,0,7,1,1,0,0,0,0,2,0,0,0,KRBKRNvK,DRAW,3K3k/7n/8/2R5/B7/8/8/6r1 w - - 0 1
1,1,0,0,0,0,0,1,-1,1,0,1,1,1,0,0,0,0,0,16,0,0,7,2,0,1,7,4,5,23,25,0,0,0,0,0,0,0,0,7,1,1,0,0,0,0,3,2,0,0,KRBKRNvK,DRAW,1k6/8/4R3/1n6/5r2/8/B7/2K5 w - - 0 1
0,1,0,0,0,0,0,1,-1,1,0,1,1,1,0,0,0,0,0,16,0,0,2,5,0,7,0,4,6,19,24,0,0,0,0,0,0,0,0,7,1,1,0,0,0,0,1,0,1,0,KRBKRNvK,DRAW,4n3/8/1r6/8/8/6R1/B7/5K1k b - - 0 1
1,1,0,0,0,0,0,1,-1,1,0,1,1,1,0,0,0,0,0,16,0,0,5,3,0,2,5,3,2,26,24,0,0,0,0,0,0,0,0,7,1,1,0,0,0,0,0,1,0,1,KRBKRNvK,DRAW,8/8/2k4n/8/8/Br6/6R1/3K4 w - - 0 1
0,1,0,0,0,0,0,1,-1,1,0,1,1,1,0,0,0,0,0,16,0,0,2,4,1,3,3,2,0,4,0,1,0,0,0,0,0,0,0,7,1,1,0,0,0,0,1,3,1,0,KRBKRNvK,DRAW,8/1r5n/8/8/3k4/8/3RK3/6B1 b - - 0 1
0,1,0,0,0,0,0,1,-1,1,0,1,1,1,0,0,0,0,0,16,0,0,4,4,7,0,4,3,3,5,0,1,0,0,0,0,0,0,0,7,1,1,1,0,0,0,0,1,0,1,KRBKRNvK,LOSS,3BK3/5R2/5r2/k7/8/3n4/8/8 b - - 0 1
1,1,0,0,0,0,0,1,-1,1,0,1,1,1,0,0,0,0,0,16,0,0,2,3,2,4,0,1,3,5,0,1,0,0,0,0,0,0,0,7,1,1,0,0,0,0,3,1,0,1,KRBKRNvK,LOSS,R4r2/8/3B4/8/8/3K4/5n2/4k3 w - - 0 1
1,1,0,0,0,0,0,1,-1,1,0,1,1,1,0,0,0,0,0,16,0,0,2,7,7,5,6,6,3,2,0,1,0,0,0,0,0,0,0,7,1,1,0,0,0,0,2,0,0,0,KRBKRNvK,LOSS,7K/5k2/8/8/R7/8/8/2B3nr w - - 0 1
0,1,0,0,0,0,0,1,-1,1,0,1,1,1,0,0,0,0,0,16,0,0,4,7,6,6,2,5,3,28,27,0,0,0,0,0,0,0,0,7,1,1,0,1,0,0,3,1,1,0,KRBKRNvK,DRAW,8/6BK/1n6/8/8/6k1/2r5/4R3 b - - 0 1
0,1,0,0,0,0,0,1,-1,1,0,1,1,1,0,0,0,0,0,16,0,0,4,5,6,4,2,3,1,4,0,1,0,0,0,0,0,0,0,7,1,1,0,0,0,0,2,2,2,1,KRBKRNvK,DRAW,8/5K2/8/3R1n2/8/4k3/3B4/4r3 b - - 0 1
1,1,0,0,0,0,0,1,-1,1,0,1,1,1,0,0,0,0,0,16,0,0,3,1,0,4,0,5,3,22,21,0,0,0,0,0,0,0,0,7,1,1,0,0,0,0,2,0,0,0,KRBKRNvK,DRAW,4n3/8/5R2/8/8/6r1/8/BK2k3 w - - 0 1
1,1,0,0,0,0,0,1,-1,1,0,1,1,1,0,0,0,0,0,16,0,0,5,7,0,2,4,6,1,21,19,0,0,0,0,0,0,0,0,7,1,1,0,0,0,0,2,2,1,0,KRBKRNvK,DRAW,2n3r1/8/8/2k5/4R3/8/7B/7K w - - 0 1
1,1,0,0,0,0,0,1,-1,1,0,1,1,1,0,0,0,0,0,16,0,0,6,1,7,3,1,5,2,28,22,0,0,0,0,0,0,0,0,7,1,1,0,0,0,0,3,2,2,1,KRBKRNvK,DRAW,1K6/8/r4n2/8/2R5/5B2/3k4/8 w - - 0 1
1,1,0,0,0,0,0,1,-1,1,0,1,1,1,0,0,0,0,0,16,0,0,5,2,5,7,6,2,5,28,22,0,0,0,0,0,0,0,0,7,1,1,0,0,0,0,3,0,0,0,KRBKRNvK,DRAW,5r2/6nk/2K5/8/R7/8/8/3B4 w - - 0 1
0,1,0,0,0,0,0,1,-1,1,0,1,1,1,0,0,0,0,0,16,0,0,5,7,6,2,2,5,2,5,0,1,0,0,0,0,0,0,0,7,1,1,1,0,0,0,1,2,1,1,KRBKRNvK,DRAW,8/2R4K/7n/8/7r/2k5/2B5/8 b - - 0 1
1,1,0,0,0,0,0,1,-1,1,0,1,1,1,0,0,0,0,0,16,0,0,2,4,4,2,3,0,1,4,0,1,0,0,0,0,0,0,0,7,1,1,0,1,0,0,4,4,2,1,KRBKRNvK,DRAW,8/8/8/R1n1K3/2k5/2B5/4r3/8 w - - 0 1
0,1,0,0,0,0,0,1,-1,1,0,1,1,1,0,0,0,0,0,16,0,0,4,6,7,2,3,5,1,5,0,1,0,0,0,0,0,0,0,7,1,1,0,0,0,0,2,2,0,0,KRBKRNvK,DRAW,5BK1/8/8/8/2k3R1/3r4/8/4n3 b - - 0 1
1,1,0,0,0,0,0,1,-1,1,0,1,1,1,0,0,0,0,0,16,0,0,2,4,4,2,2,0,2,5,0,1,0,0,0,0,0,0,0,7,1,1,0,0,0,0,4,3,0,1,KRBKRNvK,DRAW,8/8/4R3/4K2r/8/2k1n2B/8/8 w - - 0 1
0,1,0,0,0,0,0,1,-1,1,0,1,1,1,0,0,0,0,0,16,0,0,7,0,5,7,2,4,4,5,0,1,0,0,0,0,0,0,0,7,1,1,0,0,0,0,2,2,0,0,KRBKRNvK,DRAW,6nB/3r4/K7/8/8/2R4k/8/8 b - - 0 1
0,1,0,0,0,0,0,1,-1,1,0,1,1,1,0,0,0,0,0,16,0,0,6,5,0,1,6,4,4,26,20,0,0,0,0,0,0,0,0,7,1,1,0,0,0,0,0,0,0,1,KRBKRNvK,DRAW,6r1/1k6/8/7B/8/7R/8/4nK2 b - - 0 1
1,1,0,0,0,0,0,1,-1,1,0,1,1,1,0,0,0,0,0,16,0,0,3,0,0,3,3,6,0,22,23,0,0,0,0,0,0,0,0,7,1,1,1,1,0,0,1,3,0,0,KRBKRNvK,DRAW,6B1/2R5/8/8/3k2n1/8/5r2/K7 w - - 0 1
0,1,0,0,0,0,0,1,-1,1,0,1,1,1,0,0,0,0,0,16,0,0,2,6,5,7,3,3,3,2,0,1,0,0,0,0,0,0,0,7,1,1,0,0,0,0,2,3,1,1,KRBKRNvK,DRAW,8/8/4rBK1/8/7k/5n2/8/7R b - - 0 1
1,1,0,0,0,0,0,1,-1,1,0,1,1,1,0,0,0,0,0,16,0,0,5,5,3,0,0,1,6,18,15,0,0,0,0,0,0,0,0,7,1,1,0,0,0,0,2,0,0,0,KRBKRNvK,DRAW,3n4/8/8/8/5K2/8/5R2/k3B1r1 w - - 0 1
1,1,0,0,0,0,0,1,-1,1,0,1,1,1,0,0,0,0,0,16,0,0,6,0,5,6,5,4,3,3,0,1,0,0,0,0,0,0,0,7,1,1,0,0,0,0,1,1,0,0,KRBKRNvK,DRAW,R7/8/K5k1/8/3B4/rn6/8/8 w - - 0 1
0,1,0,0,0,0,0,1,-1,1,0,1,1,1,0,0,0,0,0,16,0,0,7,7,0,1,7,6,5,18,22,0,0,0,0,0,0,0,0,7,1,1,1,0,0,0,2,0,1,0,KRBKRNvK,DRAW,1k4n1/3R4/6r1/8/7B/8/8/7K b - - 0 1
0,1,0,0,0,0,0,1,-1,1,0,1,1,1,0,0,0,0,0,16,0,0,4,5,1,1,0,3,5,17,26,0,0,0,0,0,0,0,0,7,1,1,1,0,0,0,2,0,0,0,KRBKRNvK,DRAW,7r/B2R4/7n/8/8/8/5K2/1k6 b - - 0 1
1,1,0,0,0,0,0,1,-1,1,0,1,1,1,0,0,0,0,0,16,0,0,3,4,5,1,2,1,3,27,23,0,0,0,0,0,0,0,0,7,1,1,0,0,0,0,4,0,0,1,KRBKRNvK,DRAW,n5r1/8/1B2K3/4R3/8/1k6/8/8 w - - 0 1
1,1,0,0,0,0,0,1,-1,1,0,1,1,1,0,0,0,0,0,16,0,0,3,2,3,5,3,1,1,29,12,0,0,0,0,0,0,0,0,7,1,1,0,0,0,0,3,2,1,0,KRBKRNvK,DRAW,8/8/8/1R6/2K2kr1/8/5B2/n7 w - - 0 1
1,1,0,0,0,0,0,1,-1,1,0,1,1,1,0,0,0,0,0,16,0,0,3,5,7,2,4,4,1,24,21,0,0,0,0,0,0,0,0,7,1,1,0,0,0,0,3,4,1,0,KRBKRNvK,DRAW,B4K2/8/8/2k5/1R6/8/2n5/4r3 w - - 0 1
1,1,0,0,0,0,0,1,-1,1,0,1,1,1,0,0,0,0,0,16,0,0,5,1,2,6,7,3,5,20,18,0,0,0,0,0,0,0,0,7,1,1,0,0,0,0,2,0,0,1,KRBKRNvK,DRAW,B5k1/8/n7/8/8/1K3R2/8/r7 w - - 0 1
1,1,0,0,0,0,0,1,-1,1,0,1,1,1,0,0,0,0,0,16,0,0,3,5,4,2,4,1,1,22,15,0,0,0,0,0,0,0,0,7,1,1,0,1,0,0,3,2,1,1,KRBKRNvK,DRAW,8/2B5/8/2k2K2/5R2/7n/7r/8 w - - 0 1
0,1,0,0,0,0,0,1,-1,1,0,1,1,1,0,0,0,0,0,16,0,0,4,3,5,7,3,1,3,21,25,0,0,0,0,0,0,0,0,7,1,1,0,0,0,0,3,2,0,1,KRBKRNvK,DRAW,8/B7/3K4/4r3/7k/8/8/n1R5 b - - 0 1
1,1,0,0,0,0,0,1,-1,1,0,1,1,1,0,0,0,0,0,16,0,0,2,5,4,4,6,1,2,4,0,1,0,0,0,0,0,0,0,7,1,1,0,0,0,0,3,3,1,0,KRBKRNvK,DRAW,6R1/4k3/8/1r3K2/8/8/1B2n3/8 w - - 0 1
0,1,0,0,0,0,0,1,-1,1,0,1,1,1,0,0,0,0,0,16,0,0,2,5,4,7,2,1,4,17,25,0,0,0,0,0,0,0,0,7,1,1,0,0,0,0,3,0,1,1,KRBKRNvK,DRAW,3n4/8/7r/5K2/8/7k/1R6/6B1 b - - 0 1
0,1,0,0,0,0,0,1,-1,1,0,1,1,1,0,0,0,0,0,16,0,0,3,5,5,4,2,2,1,22,31,0,0,0,0,0,0,0,0,7,1,1,0,1,0,0,2,2,1,0,KRBKRNvK,DRAW,8/8/4BK2/6R1/8/4k3/1r1n4/8 b - - 0 1
0,1,0,0,0,0,0,1,-1,1,0,1,1,1,0,0,0,0,0,16,0,0,5,1,4,6,3,2,2,22,27,0,0,0,0,0,0,0,0,7,1,1,0,0,0,0,0,1,0,1,KRBKRNvK,DRAW,3B4/6r1/8/1Kn5/6k1/8/8/7R b - - 0 1
1,1,0,0,0,0,0,1,-1,1,0,1,1,1,0,0,0,0,0,16,0,0,2,5,2,6,4,2,2,19,14,0,0,0,0,0,0,0,0,7,1,1,0,0,0,0,2,0,1,0,KRBKRNvK,DRAW,7r/7n/8/6k1/8/4RK2/5B2/8 w - - 0 1
1,1,0,0,0,0,0,1,-1,1,0,1,1,1,0,0,0,0,0,16,0,0,4,2,2,1,6,2,4,29,23,0,0,0,0,0,0,0,0,7,1,1,0,0,0,0,2,2,1,0,KRBKRNvK,DRAW,3R4/1k6/4r3/8/7n/2K5/8/2B5 w - - 0 1
0,1,0,0,0,0,0,1,-1,1,0,1,1,1,0,0,0,0,0,16,0,0,7,0,0,7,5,6,4,17,26,0,0,0,0,0,0,0,0,7,1,1,0,0,0,0,1,1,0,0,KRBKRNvK,DRAW,8/7r/3B3k/8/5n2/6R1/8/K7 b - - 0 1
1,1,0,0,0,0,0,1,-1,1,0,1,1,1,0,0,0,0,0,16,0,0,4,6,4,4,0,2,3,6,0,1,0,0,0,0,0,0,0,7,1,1,0,0,0,0,3,0,0,1,KRBKRNvK,DRAW,8/8/5B2/6K1/R7/7n/8/1r2k3 w - - 0 1
1,1,0,0,0,0,0,1,-1,1,0,1,1,1,0,0,0,0,0,16,0,0,3,5,0,7,3,4,3,27,15,0,0,0,0,0,0,0,0,7,1,1,0,0,0,0,2,0,0,0,KRBKRNvK,DRAW,7n/2rB4/8/8/7k/8/4R3/5K2 w - - 0 1
1,1,0,0,0,0,0,1,-1,1,0,1,1,1,0,0,0,0,0,16,0,0,3,4,6,7,3,2,3,20,21,0,0,0,0,0,0,0,0,7,1,1,0,0,0,0,0,0,1,0,KRBKRNvK,DRAW,7B/1n2K3/5R2/8/7k/8/8/1r6 w - - 0 1
0,1,0,0,0,0,0,1,-1,1,0,1,1,1,0,0,0,0,0,16,0,0,4,7,4,3,0,3,3,5,0,1,0,0,0,0,0,0,0,7,1,1,1,0,0,0,2,0,0,0,KRBKRNvK,DRAW,2B5/3R4/n7/7K/8/1r6/8/3k4 b - - 0 1
1,1,0,0,0,0,0,1,-1,1,0,1,1,1,0,0,0,0,0,16,0,0,2,4,4,6,5,0,3,25,16,0,0,0,0,0,0,0,0,7,1,1,0,0,0,0,4,0,0,0,KRBKRNvK,DRAW,8/8/6k1/4K3/8/6Br/R7/6n1 w - - 0 1
1,1,0,0,0,0,0,1,-1,1,0,1,1,1,0,0,0,0,0,16,0,0,3,5,5,4,2,2,1,7,0,1,0,0,0,0,0,0,0,7,1,1,0,0,0,0,3,2,0,2,KRBKRNvK,DRAW,7r/7n/5K2/B7/1R6/4k3/8/8 w - - 0 1
1,1,0,0,0,0,0,1,-1,1,0,1,1,1,0,0,0,0,0,16,0,0,5,4,5,7,0,1,6,7,0,1,0,0,0,0,0,0,0,7,1,1,1,0,0,0,2,2,1,2,KRBKRNvK,DRAW,8/6R1/4K3/2n5/2r5/6B1/8/7k w - - 0 1
0,1,0,0,0,0,0,1,-1,1,0,1,1,1,0,0,0,0,0,16,0,0,5,7,7,2,7,6,4,27,26,0,0,0,0,0,0,0,0,7,1,1,0,0,0,0,2,1,0,0,KRBKRNvK,DRAW,2k4K/8/r7/5R2/3B1n2/8/8/8 b - - 0 1
0,1,0,0,0,0,0,1,-1,1,0,1,1,1,0,0,0,0,0,16,0,0,5,2,2,7,6,2,5,3,0,1,0,0,0,0,0,0,0,7,1,1,0,0,0,0,3,1,0,2,KRBKRNvK,DRAW,1B6/7k/8/8/7R/2Kn4/8/3r4 b - - 0 1
1,1,0,0,0,0,0,1,-1,1,0,1,1,1,0,0,0,0,0,16,0,0,3,4,2,2,5,1,2,25,26,0,0,0,0,0,0,0,0,7,1,1,0,0,0,0,2,2,0,0,KRBKRNvK,DRAW,3r4/8/2k1n3/8/8/4K3/1R6/5B2 w - - 0 1
0,1,0,0,0,0,0,1,-1,1,0,1,1,1,0,0,0,0,0,16,0,0,7,5,0,2,7,4,4,19,28,0,0,0,0,0,0,0,0,7,1,1,0,0,0,0,3,0,0,0,KRBKRNvK,DRAW,2k1n3/8/r7/8/5B2/8/3R4/5K2 b - - 0 1
1,1,0,0,0,0,0,1,-1,1,0,1,1,1,0,0,0,0,0,16,0,0,4,4,1,0,2,2,4,24,21,0,0,0,0,0,0,0,0,7,1,1,0,0,0,0,2,2,0,0,KRBKRNvK,WIN,4n3/8/8/5r2/8/k4B1R/4K3/8 w - - 0 1
0,1,0,0,0,0,0,1,-1,1,0,1,1,1,0,0,0,0,0,16,0,0,7,7,7,0,6,6,5,21,26,0,0,0,0,0,0,0,0,7,1,1,0,0,0,0,1,0,0,0,KRBKRNvK,DRAW,7K/k7/4B3/8/8/7R/6n1/r7 b - - 0 1
0,1,0,0,0,0,0,1,-1,1,0,1,1,1,0,0,0,0,0,16,0,0,3,4,0,1,3,3,2,5,0,1,0,0,0,0,0,0,0,7,1,1,0,0,0,0,2,2,0,0,KRBKRNvK,DRAW,8/1n6/8/5r2/1k2R3/8/8/3BK3 b - - 0 1
1,1,0,0,0,0,0,1,-1,1,0,1,1,1,0,0,0,0,0,16,0,0,6,7,5,1,4,4,2,21,25,0,0,0,0,0,0,0,0,7,1,1,0,0,0,0,1,3,1,2,KRBKRNvK,DRAW,8/8/5n1K/1k6/6r1/1B6/2R5/8 w - - 0 1
0,1,0,0,0,0,0,1,-1,1,0,1,1,1,0,0,0,0,0,16,0,0,5,2,7,7,6,4,5,21,19,0,0,0,0,0,0,0,0,7,1,1,0,0,0,0,0,0,0,0,KRBKRNvK,DRAW,2K5/1B5k/2R5/8/8/r7/6n1/8 b - - 0 1
1,1,0,0,0,0,0,1,-1,1,0,1,1,1,0,0,0,0,0,16,0,0,6,5,6,7,0,3,6,7,0,1,0,0,0,0,0,0,0,7,1,1,0,0,0,0,2,0,0,0,KRBKRNvK,DRAW,8/5K2/4B3/6R1/3n4/8/8/5r1k w - - 0 1
0,1,0,0,0,0,0,1,-1,1,0,1,1,1,0,0,0,0,0,16,0,0,4,7,7,5,3,6,1,7,0,1,0,0,0,0,0,0,0,7,1,1,0,0,0,0,0,3,0,0,KRBKRNvK,DRAW,5R1K/r7/8/B7/5k2/2n5/8/8 b - - 0 1
0,1,0,0,0,0,0,1,-1,1,0,1,1,1,0,0,0,0,0,16,0,0,2,1,0,3,2,5,1,26,23,0,0,0,0,0,0,0,0,7,1,1,0,1,0,0,1,3,0,0,KRBKRNvK,DRAW,6B1/8/2R5/8/8/3k1n2/7r/1K6 b - - 0 1
0,1,0,0,0,0,0,1,-1,1,0,1,1,1,0,0,0,0,0,16,0,0,3,6,5,7,2,3,4,17,22,0,0,0,0,0,0,0,0,7,1,1,1,0,0,0,1,2,0,1,KRBKRNvK,DRAW,8/6R1/3B2K1/7r/8/7k/8/1n6 b - - 0 1
0,1,0,0,0,0,0,1,-1,1,0,1,1,1,0,0,0,0,0,16,0,0,5,1,6,6,1,4,4,25,23,0,0,0,0,0,0,0,0,7,1,1,0,0,0,0,1,1,0,0,KRBKRNvK,DRAW,2R5/1K6/4r3/4n3/8/8/B5k1/8 b - - 0 1
0,1,0,0,0,0,0,1,-1,1,0,1,1,1,0,0,0,0,0,16,0,0,5,1,7,6,7,5,5,25,24,0,0,0,0,0,0,0,0,7,1,1,0,0,0,0,2,2,0,0,KRBKRNvK,DRAW,1KB3k1/8/8/R5n1/7r/8/8/8 b - - 0 1
1,1,0,0,0,0,0,1,-1,1,0,1,1,1,0,0,0,0,0,16,0,0,3,4,6,7,4,2,3,29,16,0,0,0,0,0,0,0,0,7,1,1,0,0,0,0,1,0,1,0,KRBKRNvK,DRAW,8/4K3/8/7k/8/r2B1R2/8/7n w - - 0 1
1,1,0,0,0,0,0,1,-1,1,0,1,1,1,0,0,0,0,0,16,0,0,5,4,7,7,2,3,4,12,17,0,0,0,0,0,0,0,0,7,1,1,1,0,0,0,0,2,0,0,KRBKRNvK,DRAW,4K3/1n2B1R1/8/8/8/4r2k/8/8 w - - 0 1
0,1,0,0,0,0,0,1,-1,1,0,1,1,1,0,0,0,0,0,16,0,0,7,5,0,3,7,4,3,23,14,0,0,0,0,0,0,0,0,7,1,1,0,0,0,0,0,3,0,1,KRBKRNvK,DRAW,3k4/8/7B/8/8/1n2r3/8/1R3K2 b - - 0 1
0,1,0,0,0,0,0,1,-1,1,0,1,1,1,0,0,0,0,0,16,0,0,6,2,1,6,7,3,5,4,0,1,0,0,0,0,0,0,0,7,1,1,0,0,0,0,1,2,0,0,KRBKRNvK,DRAW,5rk1/8/1B3n2/8/8/8/2K5/6R1 b - - 0 1
1,1,0,0,0,0,0,1,-1,1,0,1,1,1,0,0,0,0,0,16,0,0,3,4,5,5,2,1,2,23,25,0,0,0,0,0,0,0,0,7,1,1,0,0,0,0,2,3,0,2,KRBKRNvK,DRAW,8/8/4K3/8/3r2n1/1B3k2/8/R7 w - - 0 1
1,1,0,0,0,0,0,1,-1,1,0,1,1,1,0,0,0,0,0,16,0,0,7,0,7,7,3,6,3,24,25,0,0,0,0,0,0,0,0,7,1,1,0,0,0,0,0,0,2,0,KRBKRNvK,DRAW,K7/8/6r1/4n3/7k/7B/5R2/8 w - - 0 1
1,1,0,0,0,0,0,1,-1,1,0,1,1,1,0,0,0,0,0,16,0,0,6,1,4,7,0,2,6,25,19,0,0,0,0,0,0,0,0,7,1,1,0,0,0,0,0,0,1,0,KRBKRNvK,WIN,r7/3B4/8/1K6/8/6R1/1n6/7k w - - 0 1
1,1,0,0,0,0,0,1,-1,1,0,1,1,1,0,0,0,0,0,16,0,0,4,7,2,3,1,4,2,3,0,1,0,0,0,0,0,0,0,7,1,1,0,0,0,0,0,1,0,1,KRBKRNvK,DRAW,R4B2/7r/8/6n1/8/7K/3k4/8 w - - 0 1
1,1,0,0,0,0,0,1,-1,1,0,1,1,1,0,0,0,0,0,16,0,0,3,3,5,0,5,1,4,19,21,0,0,0,0,0,0,0,0,7,1,1,1,0,0,0,3,0,0,0,KRBKRNvK,DRAW,8/3R4/k2K3n/8/8/2r5/8/1B6 w - - 0 1
0,1,0,0,0,0,0,1,-1,1,0,1,1,1,0,0,0,0,0,16,0,0,5,2,1,5,6,3,3,13,19,0,0,0,0,0,0,0,0,7,1,1,1,0,0,0,0,0,1,0,KRBKRNvK,DRAW,5r2/5knR/8/8/8/8/2K5/3B4 b - - 0 1
0,1,0,0,0,0,0,1,-1,1,0,1,1,1,0,0,0,0,0,16,0,0,6,3,1,0,7,2,6,2,0,1,0,0,0,0,0,0,0,7,1,1,1,0,0,0,2,1,1,2,KRBKRNvK,LOSS,k7/1B5R/8/8/1n6/8/3K4/2r5 b - - 0 1
0,1,0,0,0,0,0,1,-1,1,0,1,1,1,0,0,0,0,0,16,0,0,4,1,3,4,7,2,3,22,32,0,0,0,0,0,0,0,0,7,1,1,0,0,0,0,1,0,0,0,KRBKRNvK,DRAW,4k3/2r5/R7/8/1K2B3/8/8/6n1 b - - 0 1
0,1,0,0,0,0,0,1,-1,1,0,1,1,1,0,0,0,0,0,16,0,0,4,1,1,2,5,4,2,25,25,0,0,0,0,0,0,0,0,7,1,1,0,0,0,0,2,4,1,1,KRBKRNvK,DRAW,4R3/5n2/2k5/8/2r5/8/1K6/1B6 b - - 0 1
1,1,0,0,0,0,0,1,-1,1,0,1,1,1,0,0,0,0,0,16,0,0,7,7,3,0,0,3,6,25,25,0,0,0,0,0,0,0,0,7,1,1,0,0,0,0,3,2,0,0,KRBKRNvK,DRAW,B3r3/8/8/2n5/5R1K/8/8/k7 w - - 0 1
1,1,0,0,0,0,0,1,-1,1,0,1,1,1,0,0,0,0,0,16,0,0,3,6,6,3,3,4,0,26,22,0,0,0,0,0,0,0,0,7,1,1,1,0,0,0,3,3,0,0,KRBKRNvK,DRAW,3n4/1B2R1K1/8/8/3k4/8/8/2r5 w - - 0 1
1,1,0,0,0,0,0,1,-1,1,0,1,1,1,0,0,0,0,0,16,0,0,3,7,4,4,7,3,3,24,21,0,0,0,0,0,0,0,0,7,1,1,0,0,0,0,0,2,0,0,KRBKRNvK,DRAW,4k3/8/8/B6K/2r5/8/6R1/1n6 w - - 0 1
0,1,0,0,0,0,0,1,-1,1,0,1,1,1,0,0,0,0,0,16,0,0,6,0,6,6,4,5,2,28,19,0,0,0,0,0,0,0,0,7,1,1,1,0,0,0,2,2,1,1,KRBKRNvK,DRAW,8/K1n1R3/3r4/6k1/8/B7/8/8 b - - 0 1
0,1,0,0,0,0,0,1,-1,1,0,1,1,1,0,0,0,0,0,16,0,0,4,0,4,3,0,3,3,22,23,0,0,0,0,0,0,0,0,7,1,1,1,0,0,0,1,2,0,0,KRBKRNvK,DRAW,1n6/6R1/8/K7/7r/8/B7/3k4 b - - 0 1
1,1,0,0,0,0,0,1,-1,1,0,1,1,1,0,0,0,0,0,16,0,0,2,2,5,0,5,2,4,5,0,1,0,0,0,0,0,0,0,7,1,1,0,0,0,0,1,0,0,1,KRBKRNvK,DRAW,8/n7/k1K5/8/7B/8/7R/6r1 w - - 0 1
0,1,0,0,0,0,0,1,-1,1,0,1,1,1,0,0,0,0,0,16,0,0,3,0,4,3,7,3,3,3,0,1,0,0,0,0,0,0,0,7,1,1,0,0,0,0,2,0,0,0,KRBKRNvK,LOSS,R2k1n1r/8/8/K7/8/2B5/8/8 b - - 0 1
1,1,0,0,0,0,0,1,-1,1,0,1,1,1,0,0,0,0,0,16,0,0,6,4,7,3,1,3,2,25,21,0,0,0,0,0,0,0,0,7,1,1,0,0,0,0,0,2,0,0,KRBKRNvK,DRAW,4K2n/8/8/1r6/7B/8/3k4/R7 w - - 0 1
0,1,0,0,0,0,0,1,-1,1,0,1,1,1,0,0,0,0,0,16,0,0,3,6,2,4,5,3,1,29,25,0,0,0,0,0,0,0,0,7,1,1,0,0,0,0,1,3,0,1,KRBKRNvK,DRAW,3r4/7B/4k3/8/8/R4nK1/8/8 b - - 0 1
1,1,0,0,0,0,0,1,-1,1,0,1,1,1,0,0,0,0,0,16,0,0,7,7,1,0,3,5,3,24,23,0,0,0,0,0,0,0,0,7,1,1,1,0,0,0,2,1,0,1,KRBKRNvK,DRAW,5r2/3R4/8/8/k4n1B/8/7K/8 w - - 0 1
1,1,0,0,0,0,0,1,-1,1,0,1,1,1,0,0,0,0,0,16,0,0,3,2,2,1,5,2,3,27,25,0,0,0,0,0,0,0,0,7,1,1,0,0,0,0,2,0,0,0,KRBKRNvK,DRAW,5n2/8/1k6/8/8/1BK3R1/8/5r2 w - - 0 1
0,1,0,0,0,0,0,1,-1,1,0,1,1,1,0,0,0,0,0,16,0,0,3,3,4,6,5,0,3,3,0,1,0,0,0,0,0,0,0,7,1,1,0,0,0,0,3,1,1,2,KRBKRNvK,LOSS,4B3/8/2r3k1/3K1n2/8/8/6R1/8 b - - 0 1
0,1,0,0,0,0,0,1,-1,1,0,1,1,1,0,0,0,0,0,16,0,0,3,5,2,2,1,2,3,23,22,0,0,0,0,0,0,0,0,7,1,1,1,1,0,0,3,1,0,1,KRBKRNvK,DRAW,8/5RB1/6n1/8/8/5K2/2k4r/8 b - - 0 1
0,1,0,0,0,0,0,1,-1,1,0,1,1,1,0,0,0,0,0,16,0,0,6,1,1,4,7,4,3,16,25,0,0,0,0,0,0,0,0,7,1,1,0,0,0,0,0,0,1,0,KRBKRNvK,DRAW,2B1kr2/8/8/8/8/1R6/1K6/4n3 b - - 0 1
0,1,0,0,0,0,0,1,-1,1,0,1,1,1,0,0,0,0,0,16,0,0,5,2,0,0,5,4,4,3,0,1,0,0,0,0,0,0,0,7,1,1,1,0,0,0,2,2,1,1,KRBKRNvK,DRAW,2B5/3R4/k7/8/7r/n7/8/2K5 b - - 0 1
0,1,0,0,0,0,0,1,-1,1,0,1,1,1,0,0,0,0,0,16,0,0,3,3,0,0,1,3,5,24,25,0,0,0,0,0,0,0,0,7,1,1,0,0,0,0,3,1,0,0,KRBKRNvK,DRAW,7r/8/8/2B2R2/1n6/8/k7/3K4 b - - 0 1
0,1,0,0,0,0,0,1,-1,1,0,1,1,1,0,0,0,0,0,16,0,0,2,4,0,6,1,3,4,7,0,1,0,0,0,0,0,0,0,7,1,1,0,1,0,0,0,0,0,0,KRBKRNvK,DRAW,3B4/8/8/8/4n3/8/1R4kr/4K3 b - - 0 1
1,1,0,0,0,0,0,1,-1,1,0,1,1,1,0,0,0,0,0,16,0,0,3,1,1,4,2,4,1,21,17,0,0,0,0,0,0,0,0,7,1,1,0,0,0,0,2,3,0,0,KRBKRNvK,DRAW,3R4/8/6n1/8/8/4k1r1/1K6/B7 w - - 0 1
1,1,0,0,0,0,0,1,-1,1,0,1,1,1,0,0,0,0,0,16,0,0,4,2,1,2,5,3,2,26,21,0,0,0,0,0,0,0,0,7,1,1,0,0,0,0,1,1,0,0,KRBKRNvK,DRAW,8/4nBr1/2k5/8/8/8/2K2R2/8 w - - 0 1
1,1,0,0,0,0,0,1,-1,1,0,1,1,1,0,0,0,0,0,16,0,0,2,7,4,5,3,3,1,22,21,0,0,0,0,0,0,0,0,7,1,1,0,1,0,0,0,2,0,1,KRBKRNvK,DRAW,8/3B4/8/6nK/5k2/8/6r1/7R w - - 0 1
1,1,0,0,0,0,0,1,-1,1,0,1,1,1,0,0,0,0,0,16,0,0,4,5,3,5,7,1,4,20,22,0,0,0,0,0,0,0,0,7,1,1,0,0,0,0,3,3,0,0,KRBKRNvK,DRAW,1B3k2/8/8/1r6/3R1K2/1n6/8/8 w - - 0 1
0,1,0,0,0,0,0,1,-1,1,0,1,1,1,0,0,0,0,0,16,0,0,7,7,0,0,7,6,6,22,26,0,0,0,0,0,0,0,0,7,1,1,0,0,0,0,2,1,0,0,KRBKRNvK,DRAW,k1r5/8/3R4/4B3/8/8/4n3/7K b - - 0 1
1,1,0,0,0,0,0,1,-1,1,0,1,1,1,0,0,0,0,0,16,0,0,3,2,3,5,2,1,2,5,0,1,0,0,0,0,0,0,0,7,1,1,0,1,0,0,3,1,1,2,KRBKRNvK,DRAW,8/8/8/2R5/2K4B/5k2/1nr5/8 w - - 0 1
1,1,0,0,0,0,0,1,-1,1,0,1,1,1,0,0,0,0,0,16,0,0,2,0,4,2,5,3,2,21,21,0,0,0,0,0,0,0,0,7,1,1,1,0,0,0,1,3,1,0,KRBKRNvK,DRAW,8/R7/2k5/K5n1/8/1B1r4/8/8 w - - 0 1
1,1,0,0,0,0,0,1,-1,1,0,1,1,1,0,0,0,0,0,16,0,0,3,0,2,3,3,4,0,5,0,1,0,0,0,0,0,0,0,7,1,1,0,0,0,0,2,4,2,0,KRBKRNvK,DRAW,8/8/3B4/2R5/3k4/K2r1n2/8/8 w - - 0 1
0,1,0,0,0,0,0,1,-1,1,0,1,1,1,0,0,0,0,0,16,0,0,4,3,0,7,4,3,3,18,27,0,0,0,0,0,0,0,0,7,1,1,1,1,0,0,1,1,0,0,KRBKRNvK,DRAW,8/1R6/8/7k/4B1n1/8/7r/3K4 b - - 0 1
1,1,0,0,0,0,0,1,-1,1,0,1,1,1,0,0,0,0,0,16,0,0,4,3,0,7,4,3,3,5,0,1,0,0,0,0,0,0,0,7,1,1,0,0,0,0,2,2,0,0,KRBKRNvK,DRAW,8/3r4/8/4n2k/8/4R3/8/3KB3 w - - 0 1
1,1,0,0,0,0,0,1,-1,1,0,1,1,1,0,0,0,0,0,16,0,0,4,0,6,4,4,5,0,27,18,0,0,0,0,0,0,0,0,7,1,1,0,0,0,0,2,4,1,0,KRBKRNvK,DRAW,8/K7/R7/4k1r1/8/1n3B2/8/8 w - - 0 1
0,1,0,0,0,0,0,1,-1,1,0,1,1,1,0,0,0,0,0,16,0,0,6,0,1,6,3,5,2,22,23,0,0,0,0,0,0,0,0,7,1,1,1,0,0,0,1,2,0,0,KRBKRNvK,DRAW,5n2/2B2R2/8/8/6k1/3r4/K7/8 b - - 0 1
1,1,0,0,0,0,0,1,-1,1,0,1,1,1,0,0,0,0,0,16,0,0,3,1,3,3,0,2,3,5,0,1,0,0,0,0,0,0,0,7,1,1,1,0,0,0,1,0,0,2,KRBKRNvK,DRAW,8/6R1/1r4B1/8/1K6/8/n7/3k4 w - - 0 1
0,1,0,0,0,0,0,1,-1,1,0,1,1,1,0,0,0,0,0,16,0,0,4,5,4,1,6,1,4,23,26,0,0,0,0,0,0,0,0,7,1,1,0,1,0,0,4,1,1,1,KRBKRNvK,DRAW,8/1k6/3R4/5K2/6n1/8/1r6/2B5 b - - 0 1
1,1,0,0,0,0,0,1,-1,1,0,1,1,1,0,0,0,0,0,16,0,0,5,6,7,5,2,5,2,4,0,1,0,0,0,0,0,0,0,7,1,1,0,0,0,0,2,3,2,1,KRBKRNvK,LOSS,6K1/8/7n/4B3/6R1/3r1k2/8/8 w - - 0 1
1,1,0,0,0,0,0,1,-1,1,0,1,1,1,0,0,0,0,0,16,0,0,5,0,2,5,2,4,2,28,20,0,0,0,0,0,0,0,0,7,1,1,0,0,0,0,2,3,1,0,KRBKRNvK,DRAW,8/4rB2/8/8/3R4/K4k2/4n3/8 w - - 0 1
0,1,0,0,0,0,0,1,-1,1,0,1,1,1,0,0,0,0,0,16,0,0,5,5,0,3,5,4,1,21,22,0,0,0,0,0,0,0,0,7,1,1,0,0,0,0,3,2,0,0,KRBKRNvK,DRAW,6B1/1n6/3k4/8/8/r7/8/4RK2 b - - 0 1
0,1,0,0,0,0,0,1,-1,1,0,1,1,1,0,0,0,0,0,16,0,0,3,2,0,3,3,4,0,25,21,0,0,0,0,0,0,0,0,7,1,1,1,1,0,0,0,3,0,1,KRBKRNvK,DRAW,2B5/1R6/8/8/3k4/8/5r2/1nK5 b - - 0 1
0,1,0,0,0,0,0,1,-1,1,0,1,1,1,0,0,0,0,0,16,0,0,3,5,2,2,5,2,2,8,0,1,0,0,0,0,0,0,0,7,1,1,0,1,0,0,1,2,0,0,KRBKRNvK,DRAW,8/8/2k1n3/6B1/8/5K2/r7/2R5 b - - 0 1
1,1,0,0,0,0,0,1,-1,1,0,1,1,1,0,0,0,0,0,16,0,0,7,0,0,7,3,6,3,2,0,1,0,0,0,0,0,0,0,7,1,1,0,0,0,0,1,2,0,0,KRBKRNvK,DRAW,5R2/8/8/2n5/r3B2k/8/8/K7 w - - 0 1
1,1,0,0,0,0,0,1,-1,1,0,1,1,1,0,0,0,0,0,16,0,0,3,3,2,6,0,1,5,6,0,1,0,0,0,0,0,0,0,7,1,1,0,0,0,0,3,2,0,1,KRBKRNvK,DRAW,1B6/8/5n2/8/4R3/3K1r2/8/6k1 w - - 0 1
0,1,0,0,0,0,0,1,-1,1,0,1,1,1,0,0,0,0,0,16,0,0,5,2,5,2,0,2,4,22,31,0,0,0,0,0,0,0,0,7,1,1,0,0,0,0,2,2,1,0,KRBKRNvK,DRAW,8/8/2K5/3B3n/5r2/R7/8/2k5 b - - 0 1
1,1,0,0,0,0,0,1,-1,1,0,1,1,1,0,0,0,0,0,16,0,0,4,7,6,7,2,5,4,2,0,1,0,0,0,0,0,0,0,7,1,1,0,0,0,0,3,0,1,2,KRBKRNvK,DRAW,3R4/6rK/8/7n/5B2/7k/8/8 w - - 0 1
0,1,0,0,0,0,0,1,-1,1,0,1,1,1,0,0,0,0,0,16,0,0,4,4,7,0,7,3,6,21,19,0,0,0,0,0,0,0,0,7,1,1,0,0,0,0,3,2,0,1,KRBKRNvK,DRAW,k3K3/8/3r4/4R3/8/n7/7B/8 b - - 0 1
1,1,0,0,0,0,0,1,-1,1,0,1,1,1,0,0,0,0,0,16,0,0,4,7,4,4,0,3,3,22,25,0,0,0,0,0,0,0,0,7,1,1,0,0,0,0,3,3,0,0,KRBKRNvK,DRAW,7B/8/8/6RK/1r6/3n4/8/4k3 w - - 0 1
1,1,0,0,0,0,0,1,-1,1,0,1,1,1,0,0,0,0,0,16,0,0,5,3,6,1,1,2,4,6,0,1,0,0,0,0,0,0,0,7,1,1,0,0,0,0,1,3,0,1,KRBKRNvK,DRAW,8/3K4/1n1B4/8/r7/8/1k6/5R2 w - - 0 1
1,1,0,0,0,0,0,1,-1,1,0,1,1,1,0,0,0,0,0,16,0,0,4,6,4,2,3,2,1,6,0,1,0,0,0,0,0,0,0,7,1,1,0,0,0,0,0,3,0,0,KRBKRNvK,DRAW,8/8/5R2/1r4K1/2k5/8/8/2B3n1 w - - 0 1
0,1,0,0,0,0,0,1,-1,1,0,1,1,1,0,0,0,0,0,16,0,0,6,1,1,7,4,4,3,23,27,0,0,0,0,0,0,0,0,7,1,1,0,0,0,0,2,2,0,1,KRBKRNvK,DRAW,3n4/8/8/7k/r7/2B5/1K6/5R2 b - - 0 1
1,1,0,0,0,0,0,1,-1,1,0,1,1,1,0,0,0,0,0,16,0,0,4,0,4,3,0,3,3,25,25,0,0,0,0,0,0,0,0,7,1,1,0,0,0,0,0,1,0,1,KRBKRNvK,DRAW,4B3/2r5/1R6/K7/6n1/8/8/3k4 w - - 0 1
1,1,0,0,0,0,0,1,-1,1,0,1,1,1,0,0,0,0,0,16,0,0,6,1,1,2,7,4,4,35,22,0,0,0,0,0,0,0,0,7,1,1,0,0,0,0,2,0,0,0,KRBKRNvK,DRAW,2k5/5r2/n7/6R1/4B3/8/1K6/8 w - - 0 1
1,1,0,0,0,0,0,1,-1,1,0,1,1,1,0,0,0,0,0,16,0,0,2,7,4,7,2,3,4,19,19,0,0,0,0,0,0,0,0,7,1,1,0,0,0,0,1,0,1,0,KRBKRNvK,DRAW,7R/2r5/n7/7K/8/7k/8/6B1 w - - 0 1
0,1,0,0,0,0,0,1,-1,1,0,1,1,1,0,0,0,0,0,16,0,0,3,2,3,5,4,1,1,13,31,0,0,0,0,0,0,0,0,7,1,1,0,0,0,0,4,2,1,0,KRBKRNvK,DRAW,4nr2/8/8/3B1k2/2K5/8/4R3/8 b - - 0 1
1,1,0,0,0,0,0,1,-1,1,0,1,1,1,0,0,0,0,0,16,0,0,3,3,4,3,7,0,3,29,18,0,0,0,0,0,0,0,0,7,1,1,0,0,0,0,3,1,0,2,KRBKRNvK,DRAW,3k4/8/1r1n4/3K1B2/8/8/4R3/8 w - - 0 1
1,1,0,0,0,0,0,1,-1,1,0,1,1,1,0,0,0,0,0,16,0,0,7,1,0,6,7,5,5,4,0,1,0,0,0,0,0,0,0,7,1,1,0,0,0,0,1,1,0,0,KRBKRNvK,LOSS,6k1/8/3B4/6n1/8/5R2/8/1K5r w - - 0 1
1,1,0,0,0,0,0,1,-1,1,0,1,1,1,0,0,0,0,0,16,0,0,4,5,5,1,4,2,2,24,23,0,0,0,0,0,0,0,0,7,1,1,0,0,0,0,1,0,0,1,KRBKRNvK,DRAW,r2B4/8/5K2/1k6/3n4/7R/8/8 w - - 0 1
0,1,0,0,0,0,0,1,-1,1,0,1,1,1,0,0,0,0,0,16,0,0,4,6,0,2,2,5,2,5,0,1,0,0,0,0,0,0,0,7,1,1,0,0,0,0,0,1,2,0,KRBKRNvK,DRAW,8/8/7r/8/8/B1k5/8/n1R3K1 b - - 0 1
0,1,0,0,0,0,0,1,-1,1,0,1,1,1,0,0,0,0,0,16,0,0,5,5,2,0,2,2,4,23,25,0,0,0,0,0,0,0,0,7,1,1,0,0,0,0,1,2,0,1,KRBKRNvK,DRAW,3B4/8/n6R/6r1/8/k4K2/8/8 b - - 0 1
1,1,0,0,0,0,0,1,-1,1,0,1,1,1,0,0,0,0,0,16,0,0,4,4,5,0,6,1,5,4,0,1,0,0,0,0,0,0,0,7,1,1,0,0,0,0,2,0,0,2,KRBKRNvK,DRAW,5n2/k3B3/2r1K3/6R1/8/8/8/8 w - - 0 1
1,1,0,0,0,0,0,1,-1,1,0,1,1,1,0,0,0,0,0,16,0,0,4,3,0,4,4,3,0,24,19,0,0,0,0,0,0,0,0,7,1,1,1,1,0,0,3,3,1,0,KRBKRNvK,DRAW,7n/3R4/8/4k3/8/8/r5B1/3K4 w - - 0 1
1,1,0,0,0,0,0,1,-1,1,0,1,1,1,0,0,0,0,0,16,0,0,3,1,1,4,0,4,3,24,20,0,0,0,0,0,0,0,0,7,1,1,0,0,0,0,2,0,0,0,KRBKRNvK,DRAW,n4B2/2r5/8/1R6/8/8/1K6/4k3 w - - 0 1
1,1,0,0,0,0,0,1,-1,1,0,1,1,1,0,0,0,0,0,16,0,0,2,5,3,4,1,1,2,5,0,1,0,0,0,0,0,0,0,7,1,1,0,0,0,0,4,1,0,0,KRBKRNvK,DRAW,8/3n4/1B6/1R6/5K2/8/4k3/5r2 w - - 0 1
1,1,0,0,0,0,0,1,-1,1,0,1,1,1,0,0,0,0,0,16,0,0,2,4,2,5,0,1,4,3,0,1,0,0,0,0,0,0,0,7,1,1,0,1,0,0,3,0,0,2,KRBKRNvK,DRAW,8/8/8/3n4/8/1B2K3/2R1r3/5k2 w - - 0 1
1,1,0,0,0,0,0,1,-1,1,0,1,1,1,0,0,0,0,0,16,0,0,7,7,1,0,5,5,4,17,20,0,0,0,0,0,0,0,0,7,1,1,1,0,0,0,0,2,2,0,KRBKRNvK,DRAW,1B6/2R5/k7/6r1/8/8/n6K/8 w - - 0 1
0,1,0,0,0,0,0,1,-1,1,0,1,1,1,0,0,0,0,0,16,0,0,3,1,1,2,4,4,1,24,26,0,0,0,0,0,0,0,0,7,1,1,0,0,0,0,1,4,0,0,KRBKRNvK,DRAW,1B1n1R2/8/4r3/2k5/8/8/1K6/8 b - - 0 1
1,1,0,0,0,0,0,1,-1,1,0,1,1,1,0,0,0,0,0,16,0,0,3,7,7,6,4,6,2,19,23,0,0,0,0,0,0,0,0,7,1,1,0,0,0,0,0,2,0,0,KRBKRNvK,DRAW,n6K/8/8/6k1/B4r2/8/R7/8 w - - 0 1
1,1,0,0,0,0,0,1,-1,1,0,1,1,1,0,0,0,0,0,16,0,0,6,4,6,0,0,2,6,28,19,0,0,0,0,0,0,0,0,7,1,1,0,0,0,0,3,0,0,0,KRBKRNvK,DRAW,7n/4K3/2BR4/8/8/1r6/8/k7 w - - 0 1
0,1,0,0,0,0,0,1,-1,1,0,1,1,1,0,0,0,0,0,16,0,0,3,5,3,5,6,1,3,26,28,0,0,0,0,0,0,0,0,7,1,1,0,0,0,0,2,1,0,1,KRBKRNvK,DRAW,8/5k2/8/1B3n2/5K2/2r5/8/6R1 b - - 0 1
1,1,0,0,0,0,0,1,-1,1,0,1,1,1,0,0,0,0,0,16,0,0,2,1,1,1,3,4,2,20,22,0,0,0,0,0,0,0,0,7,1,1,0,0,0,0,2,0,0,0,KRBKRNvK,DRAW,1n6/8/5B2/8/1k6/8/1K3R2/6r1 w - - 0 1
0,1,0,0,0,0,0,1,-1,1,0,1,1,1,0,0,0,0,0,16,0,0,2,2,2,2,0,2,4,19,23,0,0,0,0,0,0,0,0,7,1,1,0,0,0,0,3,0,1,0,KRBKRNvK,DRAW,1n6/8/7r/8/8/2K1R1B1/8/2k5 b - - 0 1
1,1,0,0,0,0,0,1,-1,1,0,1,1,1,0,0,0,0,0,16,0,0,2,6,4,4,6,2,2,5,0,1,0,0,0,0,0,0,0,7,1,1,0,0,0,0,1,1,1,1,KRBKRNvK,DRAW,8/4k3/2R5/6K1/1n6/1B4r1/8/8 w - - 0 1
0,1,0,0,0,0,0,1,-1,1,0,1,1,1,0,0,0,0,0,16,0,0,5,3,2,5,7,1,4,2,0,1,0,0,0,0,0,0,0,7,1,1,0,0,0,0,3,3,1,1,KRBKRNvK,LOSS,5k2/8/1n5B/4R3/8/3K4/8/4r3 b - - 0 1
0,1,0,0,0,0,0,1,-1,1,0,1,1,1,0,0,0,0,0,16,0,0,5,1,5,6,4,3,2,22,29,0,0,0,0,0,0,0,0,7,1,1,0,1,0,0,1,0,1,0,KRBKRNvK,DRAW,8/7B/1K6/6k1/8/7n/5r2/2R5 b - - 0 1
1,1,0,0,0,0,0,1,-1,1,0,1,1,1,0,0,0,0,0,16,0,0,6,0,5,6,4,4,2,27,29,0,0,0,0,0,0,0,0,7,1,1,0,1,0,0,3,1,0,0,KRBKRNvK,DRAW,3R4/2B5/K7/6k1/8/4n3/5r2/8 w - - 0 1
0,1,0,0,0,0,0,1,-1,1,0,1,1,1,0,0,0,0,0,16,0,0,3,2,3,5,4,1,1,4,0,1,0,0,0,0,0,0,0,7,1,1,0,0,0,0,2,2,2,0,KRBKRNvK,DRAW,8/4r3/7R/5k1n/2K5/7B/8/8 b - - 0 1
1,1,0,0,0,0,0,1,-1,1,0,1,1,1,0,0,0,0,0,16,0,0,2,1,5,3,7,3,3,30,16,0,0,0,0,0,0,0,0,7,1,1,0,0,0,0,2,0,0,0,KRBKRNvK,DRAW,3k4/6Br/1K6/8/8/8/R7/3n4 w - - 0 1
0,1,0,0,0,0,0,1,-1,1,0,1,1,1,0,0,0,0,0,16,0,0,3,0,4,3,5,3,1,6,0,1,0,0,0,0,0,0,0,7,1,1,0,0,0,0,0,2,1,1,KRBKRNvK,DRAW,2n5/1r6/3k1R2/K7/8/8/8/3B4 b - - 0 1
1,1,0,0,0,0,0,1,-1,1,0,1,1,1,0,0,0,0,0,16,0,0,7,0,2,7,4,4,3,22,17,0,0,0,0,0,0,0,0,7,1,1,0,1,0,0,2,0,0,0,KRBKRNvK,DRAW,8/1B6/8/7k/7n/KR6/7r/8 w - - 0 1
0,1,0,0,0,0,0,1,-1,1,0,1,1,1,0,0,0,0,0,16,0,0,4,0,6,1,2,5,3,21,20,0,0,0,0,0,0,0,0,7,1,1,0,1,0,0,3,1,0,1,KRBKRNvK,DRAW,7B/K7/1n6/4R3/8/1k6/1r6/8 b - - 0 1
1,1,0,0,0,0,0,1,-1,1,0,1,1,1,0,0,0,0,0,16,0,0,3,0,1,3,1,5,2,24,27,0,0,0,0,0,0,0,0,7,1,1,1,0,0,0,0,1,0,1,KRBKRNvK,DRAW,8/7R/4n3/8/B7/2r5/K2k4/8 w - - 0 1
1,1,0,0,0,0,0,1,-1,1,0,1,1,1,0,0,0,0,0,16,0,0,7,0,7,4,0,6,3,4,0,1,0,0,0,0,0,0,0,7,1,1,0,0,0,0,1,3,1,0,KRBKRNvK,DRAW,K3r3/8/8/8/8/2R1n3/7B/4k3 w - - 0 1
1,1,0,0,0,0,0,1,-1,1,0,1,1,1,0,0,0,0,0,16,0,0,5,0,3,5,5,3,2,23,25,0,0,0,0,0,0,0,0,7,1,1,0,0,0,0,1,2,0,1,KRBKRNvK,DRAW,7r/8/2n2k2/8/K7/8/7B/6R1 w - - 0 1
1,1,0,0,0,0,0,1,-1,1,0,1,1,1,0,0,0,0,0,16,0,0,4,6,6,6,2,4,3,30,25,0,0,0,0,0,0,0,0,7,1,1,0,0,0,0,1,2,1,0,KRBKRNvK,DRAW,3r4/6K1/8/8/8/3Bn1k1/8/7R w - - 0 1
1,1,0,0,0,0,0,1,-1,1,0,1,1,1,0,0,0,0,0,16,0,0,3,4,1,7,1,2,5,29,19,0,0,0,0,0,0,0,0,7,1,1,0,0,0,0,2,2,1,1,KRBKRNvK,DRAW,8/8/8/8/2r5/3R4/n3KB1k/8 w - - 0 1
0,1,0,0,0,0,0,1,-1,1,0,1,1,1,0,0,0,0,0,16,0,0,3,3,6,6,6,2,4,22,26,0,0,0,0,0,0,0,0,7,1,1,0,0,0,0,1,2,0,1,KRBKRNvK,DRAW,4r3/2BK2k1/7n/8/8/8/8/5R2 b - - 0 1
1,1,0,0,0,0,0,1,-1,1,0,1,1,1,0,0,0,0,0,16,0,0,4,3,4,5,0,0,4,25,18,0,0,0,0,0,0,0,0,7,1,1,0,0,0,0,3,2,1,1,KRBKRNvK,DRAW,8/n3r1B1/8/3K4/8/6R1/8/5k2 w - - 0 1
1,1,0,0,0,0,0,1,-1,1,0,1,1,1,0,0,0,0,0,16,0,0,6,1,0,3,6,5,2,22,21,0,0,0,0,0,0,0,0,7,1,1,0,0,0,0,1,2,0,0,KRBKRNvK,DRAW,3r4/3k4/6B1/8/8/5n2/8/1K4R1 w - - 0 1
1,1,0,0,0,0,0,1,-1,1,0,1,1,1,0,0,0,0,0,16,0,0,4,1,6,1,2,4,3,5,0,1,0,0,0,0,0,0,0,7,1,1,0,0,0,0,1,1,0,0,KRBKRNvK,DRAW,8/1K4rB/R7/8/8/1k6/4n3/8 w - - 0 1
1,1,0,0,0,0,0,1,-1,1,0,1,1,1,0,0,0,0,0,16,0,0,7,1,7,7,0,5,6,26,23,0,0,0,0,0,0,0,0,7,1,1,0,0,0,0,2,2,0,0,KRBKRNvK,DRAW,1K6/8/8/3r4/R7/1n6/8/4B2k w - - 0 1
0,1,0,0,0,0,0,1,-1,1,0,1,1,1,0,0,0,0,0,16,0,0,2,7,5,5,6,4,3,17,21,0,0,0,0,0,0,0,0,7,1,1,0,1,0,0,2,0,1,0,KRBKRNvK,DRAW,2BR4/5k2/7K/8/8/8/5r2/1n6 b - - 0 1
1,1,0,0,0,0,0,1,-1,1,0,1,1,1,0,0,0,0,0,16,0,0,3,1,4,1,1,2,4,29,21,0,0,0,0,0,0,0,0,7,1,1,0,0,0,0,1,0,0,0,KRBKRNvK,DRAW,7r/5B2/8/1K6/8/8/1k4n1/5R2 w - - 0 1
0,1,0,0,0,0,0,1,-1,1,0,1,1,1,0,0,0,0,0,16,0,0,7,5,0,0,7,4,6,25,19,0,0,0,0,0,0,0,0,7,1,1,0,1,0,0,3,1,0,1,KRBKRNvK,DRAW,k7/8/4B3/3R1n2/8/8/6r1/5K2 b - - 0 1
0,1,0,0,0,0,0,1,-1,1,0,1,1,1,0,0,0,0,0,16,0,0,5,2,0,7,4,4,3,20,24,0,0,0,0,0,0,0,0,7,1,1,1,0,0,0,1,2,1,1,KRBKRNvK,DRAW,8/2B3R1/4r3/7k/8/8/1n6/2K5 b - - 0 1
1,1,0,0,0,0,0,1,-1,1,0,1,1,1,0,0,0,0,0,16,0,0,4,7,3,3,3,3,0,23,17,0,0,0,0,0,0,0,0,7,1,1,0,0,0,0,2,4,0,0,KRBKRNvK,DRAW,4n3/4B3/8/6R1/3k3K/3r4/8/8 w - - 0 1
1,1,0,0,0,0,0,1,-1,1,0,1,1,1,0,0,0,0,0,16,0,0,3,4,4,6,7,0,5,30,22,0,0,0,0,0,0,0,0,7,1,1,0,1,0,0,3,0,0,0,KRBKRNvK,DRAW,3n2k1/8/8/4K3/8/2R5/r5B1/8 w - - 0 1
0,1,0,0,0,0,0,1,-1,1,0,1,1,1,0,0,0,0,0,16,0,0,2,5,2,6,4,2,2,19,30,0,0,0,0,0,0,0,0,7,1,1,0,1,0,0,2,0,1,1,KRBKRNvK,DRAW,2R5/8/8/n3B1k1/8/5K2/6r1/8 b - - 0 1
0,1,0,0,0,0,0,1,-1,1,0,1,1,1,0,0,0,0,0,16,0,0,2,6,5,4,4,3,0,3,0,1,0,0,0,0,0,0,0,7,1,1,0,0,0,0,1,3,0,0,KRBKRNvK,DRAW,4R3/8/6K1/4k3/8/8/3Bn3/1r6 b - - 0 1
1,1,0,0,0,0,0,1,-1,1,0,1,1,1,0,0,0,0,0,16,0,0,7,4,7,3,0,3,3,25,14,0,0,0,0,0,0,0,0,7,1,1,0,0,0,0,2,0,0,0,KRBKRNvK,DRAW,4K2n/8/8/8/2R5/B7/8/1r1k4 w - - 0 1
0,1,0,0,0,0,0,1,-1,1,0,1,1,1,0,0,0,0,0,16,0,0,6,7,3,1,0,3,5,20,17,0,0,0,0,0,0,0,0,7,1,1,1,0,0,0,0,1,0,1,KRBKRNvK,DRAW,1B6/2R5/8/8/7K/4nr2/8/1k6 b - - 0 1
1,1,0,0,0,0,0,1,-1,1,0,1,1,1,0,0,0,0,0,16,0,0,4,5,7,1,3,4,2,28,22,0,0,0,0,0,0,0,0,7,1,1,0,0,0,0,2,0,1,0,KRBKRNvK,DRAW,1n3K2/8/2r5/8/1k1BR3/8/8/8 w - - 0 1
1,1,0,0,0,0,0,1,-1,1,0,1,1,1,0,0,0,0,0,16,0,0,7,7,2,0,4,4,3,24,21,0,0,0,0,0,0,0,0,7,1,1,0,0,0,0,1,2,1,0,KRBKRNvK,DRAW,4r3/8/7n/k7/8/2RB3K/8/8 w - - 0 1
0,1,0,0,0,0,0,1,-1,1,0,1,1,1,0,0,0,0,0,16,0,0,3,4,7,1,7,3,5,20,23,0,0,0,0,0,0,0,0,7,1,1,0,0,0,0,1,0,0,0,KRBKRNvK,DRAW,1k2K3/8/8/3B4/8/5r2/8/R1n5 b - - 0 1
0,1,0,0,0,0,0,1,-1,1,0,1,1,1,0,0,0,0,0,16,0,0,4,7,5,4,1,4,2,21,25,0,0,0,0,0,0,0,0,7,1,1,0,0,0,0,2,2,2,1,KRBKRNvK,DRAW,5n2/8/7K/8/r7/8/4k1B1/5R2 b - - 0 1
1,1,0,0,0,0,0,1,-1,1,0,1,1,1,0,0,0,0,0,16,0,0,5,0,4,5,1,3,3,17,24,0,0,0,0,0,0,0,0,7,1,1,0,0,0,0,0,1,0,0,KRBKRNvK,DRAW,2R5/3n4/8/K7/B7/8/5k2/r7 w - - 0 1
0,1,0,0,0,0,0,1,-1,1,0,1,1,1,0,0,0,0,0,16,0,0,7,3,0,7,7,3,6,19,23,0,0,0,0,0,0,0,0,7,1,1,1,0,0,0,2,0,1,2,KRBKRNvK,DRAW,7k/1B3R2/8/8/8/2r5/8/3K1n2 b - - 0 1
1,1,0,0,0,0,0,1,-1,1,0,1,1,1,0,0,0,0,0,16,0,0,6,1,1,7,2,4,4,28,17,0,0,0,0,0,0,0,0,7,1,1,0,0,0,0,2,1,1,0,KRBKRNvK,DRAW,8/8/7r/4B1R1/8/7k/1K3n2/8 w - - 0 1
1,1,0,0,0,0,0,1,-1,1,0,1,1,1,0,0,0,0,0,16,0,0,7,7,0,0,4,6,3,26,19,0,0,0,0,0,0,0,0,7,1,1,0,0,0,0,1,2,1,0,KRBKRNvK,DRAW,8/8/8/kr6/n7/2R5/5B2/7K w - - 0 1
0,1,0,0,0,0,0,1,-1,1,0,1,1,1,0,0,0,0,0,16,0,0,3,5,5,2,3,2,1,23,26,0,0,0,0,0,0,0,0,7,1,1,0,1,0,0,3,4,1,0,KRBKRNvK,DRAW,8/8/3B1K2/8/1nk5/8/4r3/3R4 b - - 0 1
0,1,0,0,0,0,0,1,-1,1,0,1,1,1,0,0,0,0,0,16,0,0,2,5,7,7,6,4,5,19,24,0,0,0,0,0,0,0,0,7,1,1,0,0,0,0,1,2,0,0,KRBKRNvK,DRAW,5K2/7k/R7/8/5B1n/4r3/8/8 b - - 0 1
0,1,0,0,0,0,0,1,-1,1,0,1,1,1,0,0,0,0,0,16,0,0,7,0,5,7,7,4,6,1,0,1,0,0,0,0,0,0,0,7,1,1,0,0,0,0,1,1,1,0,KRBKRNvK,DRAW,6Rk/8/K3B1n1/8/8/8/8/7r b - - 0 1
0,1,0,0,0,0,0,1,-1,1,0,1,1,1,0,0,0,0,0,16,0,0,5,3,7,2,2,3,2,26,21,0,0,0,0,0,0,0,0,7,1,1,0,0,0,0,1,2,0,0,KRBKRNvK,DRAW,1R1K4/6r1/8/8/5B2/2k2n2/8/8 b - - 0 1
1,1,0,0,0,0,0,1,-1,1,0,1,1,1,0,0,0,0,0,16,0,0,2,2,7,3,5,4,1,21,25,0,0,0,0,0,0,0,0,7,1,1,0,1,0,0,0,2,1,0,KRBKRNvK,DRAW,2K2R2/8/3k4/8/1n6/8/r7/3B4 w - - 0 1
0,1,0,0,0,0,0,1,-1,1,0,1,1,1,0,0,0,0,0,16,0,0,4,2,3,6,6,1,4,25,19,0,0,0,0,0,0,0,0,7,1,1,0,0,0,0,2,2,0,0,KRBKRNvK,DRAW,3r4/6k1/8/8/2K5/8/2R2B2/1n6 b - - 0 1
0,1,0,0,0,0,0,1,-1,1,0,1,1,1,0,0,0,0,0,16,0,0,4,5,3,1,1,1,4,27,22,0,0,0,0,0,0,0,0,7,1,1,0,0,0,0,3,1,0,0,KRBKRNvK,DRAW,r7/8/8/8/1n3KR1/4B3/1k6/8 b - - 0 1
1,1,0,0,0,0,0,1,-1,1,0,1,1,1,0,0,0,0,0,16,0,0,6,1,5,7,2,3,4,7,0,1,0,0,0,0,0,0,0,7,1,1,0,0,0,0,2,0,0,0,KRBKRNvK,DRAW,8/8/1K6/R7/8/n6k/8/1r1B4 w - - 0 1
1,1,0,0,0,0,0,1,-1,1,0,1,1,1,0,0,0,0,0,16,0,0,2,7,4,5,2,3,2,4,0,1,0,0,0,0,0,0,0,7,1,1,0,1,0,0,2,1,1,1,KRBKRNvK,LOSS,8/8/8/B6K/3R4/5kn1/6r1/8 w - - 0 1
1,1,0,0,0,0,0,1,-1,1,0,1,1,1,0,0,0,0,0,16,0,0,6,3,7,6,1,3,4,27,23,0,0,0,0,0,0,0,0,7,1,1,0,0,0,0,2,1,0,0,KRBKRNvK,DRAW,3K4/8/8/3R4/3B4/r5n1/6k1/8 w - - 0 1
0,1,0,0,0,0,0,1,-1,1,0,1,1,1,0,0,0,0,0,16,0,0,3,3,7,6,4,3,2,30,22,0,0,0,0,0,0,0,0,7,1,1,0,0,0,0,1,1,0,1,KRBKRNvK,DRAW,3K4/B7/3n4/6k1/8/R7/8/7r b - - 0 1
0,1,0,0,0,0,0,1,-1,1,0,1,1,1,0,0,0,0,0,16,0,0,3,1,3,1,0,2,5,4,0,1,0,0,0,0,0,0,0,7,1,1,0,0,0,0,1,3,0,0,KRBKRNvK,DRAW,8/3r1B2/8/8/1K6/5n2/8/1k3R2 b - - 0 1
1,1,0,0,0,0,0,1,-1,1,0,1,1,1,0,0,0,0,0,16,0,0,4,5,1,1,4,3,2,6,0,1,0,0,0,0,0,0,0,7,1,1,0,0,0,0,1,0,1,0,KRBKRNvK,DRAW,8/5r2/8/1kB5/8/n7/5K2/R7 w - - 0 1
0,1,0,0,0,0,0,1,-1,1,0,1,1,1,0,0,0,0,0,16,0,0,2,6,6,4,6,4,2,1,0,1,0,0,0,0,0,0,0,7,1,1,0,0,0,0,3,2,2,0,KRBKRNvK,DRAW,8/2B1k1K1/8/4R3/8/3r4/8/3n4 b - - 0 1
0,1,0,0,0,0,0,1,-1,1,0,1,1,1,0,0,0,0,0,16,0,0,5,2,6,1,1,3,4,8,0,1,0,0,0,0,0,0,0,7,1,1,0,0,0,0,2,2,0,1,KRBKRNvK,DRAW,7B/2K5/4r3/3R4/8/7n/1k6/8 b - - 0 1
0,1,0,0,0,0,0,1,-1,1,0,1,1,1,0,0,0,0,0,16,0,0,2,1,2,3,2,3,1,21,27,0,0,0,0,0,0,0,0,7,1,1,1,0,0,0,1,2,1,0,KRBKRNvK,WIN,8/1R6/8/2B5/8/1K1k4/6n1/7r b - - 0 1
1,1,0,0,0,0,0,1,-1,1,0,1,1,1,0,0,0,0,0,16,0,0,5,6,3,1,1,2,4,25,22,0,0,0,0,0,0,0,0,7,1,1,0,0,0,0,3,1,1,1,KRBKRNvK,DRAW,8/8/1n3rB1/8/6K1/3R4/1k6/8 w - - 0 1
1,1,0,0,0,0,0,1,-1,1,0,1,1,1,0,0,0,0,0,16,0,0,3,2,6,2,3,3,1,26,18,0,0,0,0,0,0,0,0,7,1,1,1,0,0,0,1,2,1,0,KRBKRNvK,DRAW,8/R1K5/8/2B5/2k5/8/8/5n1r w - - 0 1
0,1,0,0,0,0,0,1,-1,1,0,1,1,1,0,0,0,0,0,16,0,0,5,0,6,0,1,5,5,24,21,0,0,0,0,0,0,0,0,7,1,1,0,0,0,0,3,1,0,0,KRBKRNvK,DRAW,7r/KB6/8/1R6/8/1n6/k7/8 b - - 0 1
1,1,0,0,0,0,0,1,-1,1,0,1,1,1,0,0,0,0,0,16,0,0,5,6,0,3,5,5,1,26,26,0,0,0,0,0,0,0,0,7,1,1,0,0,0,0,2,3,1,0,KRBKRNvK,DRAW,8/8/3k4/7B/5R2/1nr5/8/6K1 w - - 0 1
1,1,0,0,0,0,0,1,-1,1,0,1,1,1,0,0,0,0,0,16,0,0,6,5,6,0,0,3,6,8,0,1,0,0,0,0,0,0,0,7,1,1,1,0,0,0,1,1,0,0,KRBKRNvK,DRAW,8/2R2K2/8/8/8/6B1/2n5/k4r2 w - - 0 1
1,1,0,0,0,0,0,1,-1,1,0,1,1,1,0,0,0,0,0,16,0,0,3,2,4,4,1,1,2,20,24,0,0,0,0,0,0,0,0,7,1,1,0,0,0,0,2,2,0,1,KRBKRNvK,DRAW,7B/8/5R2/2K5/r7/8/3nk3/8 w - - 0 1
0,1,0,0,0,0,0,1,-1,1,0,1,1,1,0,0,0,0,0,16,0,0,4,6,7,5,3,5,1,5,0,1,0,0,0,0,0,0,0,7,1,1,0,1,0,0,2,2,1,0,KRBKRNvK,DRAW,6K1/8/8/8/5k1R/8/2r5/6nB b - - 0 1
0,1,0,0,0,0,0,1,-1,1,0,1,1,1,0,0,0,0,0,16,0,0,5,5,5,4,0,2,3,19,17,0,0,0,0,0,0,0,0,7,1,1,0,0,0,0,3,2,0,0,KRBKRNvK,DRAW,7B/8/5K2/8/5R2/4r3/n7/4k3 b - - 0 1
0,1,0,0,0,0,0,1,-1,1,0,1,1,1,0,0,0,0,0,16,0,0,3,3,7,2,4,3,1,5,0,1,0,0,0,0,0,0,0,7,1,1,1,0,0,0,1,2,1,0,KRBKRNvK,LOSS,3K4/2R2B2/8/2k5/8/8/8/n1r5 b - - 0 1
0,1,0,0,0,0,0,1,-1,1,0,1,1,1,0,0,0,0,0,16,0,0,4,4,7,4,3,3,0,23,22,0,0,0,0,0,0,0,0,7,1,1,0,0,0,0,0,3,1,0,KRBKRNvK,DRAW,4K3/7n/8/1r6/4k3/8/3B3R/8 b - - 0 1
0,1,0,0,0,0,0,1,-1,1,0,1,1,1,0,0,0,0,0,16,0,0,3,2,2,3,5,2,1,6,0,1,0,0,0,0,0,0,0,7,1,1,0,0,0,0,1,3,1,0,KRBKRNvK,DRAW,8/8/1R1k1nB1/5r2/8/2K5/8/8 b - - 0 1
0,1,0,0,0,0,0,1,-1,1,0,1,1,1,0,0,0,0,0,16,0,0,7,2,0,6,7,4,5,23,29,0,0,0,0,0,0,0,0,7,1,1,0,0,0,0,2,0,0,0,KRBKRNvK,DRAW,6k1/8/6r1/4n3/7R/4B3/8/2K5 b - - 0 1
0,1,0,0,0,0,0,1,-1,1,0,1,1,1,0,0,0,0,0,16,0,0,7,0,4,7,2,3,4,4,0,1,0,0,0,0,0,0,0,7,1,1,1,0,0,0,0,2,0,0,KRBKRNvK,DRAW,8/7R/4r3/K7/3n4/7k/3B4/8 b - - 0 1
0,1,0,0,0,0,0,1,-1,1,0,1,1,1,0,0,0,0,0,16,0,0,2,1,6,3,5,4,1,20,19,0,0,0,0,0,0,0,0,7,1,1,0,0,0,0,0,4,0,0,KRBKRNvK,DRAW,B7/1K6/3k4/8/8/3r2n1/2R5/8 b - - 0 1
1,1,0,0,0,0,0,1,-1,1,0,1,1,1,0,0,0,0,0,16,0,0,4,2,5,6,6,2,4,5,0,1,0,0,0,0,0,0,0,7,1,1,0,0,0,0,3,0,0,1,KRBKRNvK,DRAW,5n2/6k1/r1K5/8/8/4R3/8/1B6 w - - 0 1
0,1,0,0,0,0,0,1,-1,1,0,1,1,1,0,0,0,0,0,16,0,0,3,0,4,1,7,3,5,21,29,0,0,0,0,0,0,0,0,7,1,1,0,0,0,0,3,2,0,1,KRBKRNvK,DRAW,1k1r4/8/4R3/K7/1n6/5B2/8/8 b - - 0 1
0,1,0,0,0,0,0,1,-1,1,0,1,1,1,0,0,0,0,0,16,0,0,3,6,5,3,6,3,2,21,25,0,0,0,0,0,0,0,0,7,1,1,0,0,0,0,2,2,0,1,KRBKRNvK,DRAW,R7/3k4/6K1/8/5r2/8/7n/7B b - - 0 1
1,1,0,0,0,0,0,1,-1,1,0,1,1,1,0,0,0,0,0,16,0,0,3,5,3,7,6,1,5,21,19,0,0,0,0,0,0,0,0,7,1,1,0,0,0,0,4,2,0,2,KRBKRNvK,DRAW,B7/7k/5nr1/8/R4K2/8/8/8 w - - 0 1
1,1,0,0,0,0,0,1,-1,1,0,1,1,1,0,0,0,0,0,16,0,0,5,5,0,6,5,4,3,6,0,1,0,0,0,0,0,0,0,7,1,1,0,0,0,0,2,0,1,1,KRBKRNvK,DRAW,5r2/2B5/6k1/7R/8/8/8/3n1K2 w - - 0 1
0,1,0,0,0,0,0,1,-1,1,0,1,1,1,0,0,0,0,0,16,0,0,5,5,5,0,7,2,6,2,0,1,0,0,0,0,0,0,0,7,1,1,0,0,0,0,2,2,0,1,KRBKRNvK,DRAW,k7/8/5K2/4B3/6r1/8/8/R3n3 b - - 0 1
0,1,0,0,0,0,0,1,-1,1,0,1,1,1,0,0,0,0,0,16,0,0,2,1,5,3,7,3,3,20,32,0,0,0,0,0,0,0,0,7,1,1,0,0,0,0,1,2,0,1,KRBKRNvK,DRAW,3k4/3r4/1K6/8/4B3/7R/8/4n3 b - - 0 1
0,1,0,0,0,0,0,1,-1,1,0,1,1,1,0,0,0,0,0,16,0,0,3,6,7,4,4,5,0,6,0,1,0,0,0,0,0,0,0,7,1,1,0,0,0,0,1,3,1,2,KRBKRNvK,LOSS,4n1K1/8/7r/4k3/5B1R/8/8/8 b - - 0 1
0,1,0,0,0,0,0,1,-1,1,0,1,1,1,0,0,0,0,0,16,0,0,2,0,2,2,0,4,4,19,23,0,0,0,0,0,0,0,0,7,1,1,0,0,0,0,2,2,0,1,KRBKRNvK,DRAW,8/8/3R4/1r6/7B/K7/8/2k3n1 b - - 0 1
1,1,0,0,0,0,0,1,-1,1,0,1,1,1,0,0,0,0,0,16,0,0,4,0,7,4,4,6,0,26,22,0,0,0,0,0,0,0,0,7,1,1,0,0,0,0,2,3,1,0,KRBKRNvK,DRAW,K7/8/7r/4k3/3R4/8/4B3/2n5 w - - 0 1
1,1,0,0,0,0,0,1,-1,1,0,1,1,1,0,0,0,0,0,16,0,0,5,7,7,3,2,6,1,22,28,0,0,0,0,0,0,0,0,7,1,1,0,0,0,0,0,2,0,1,KRBKRNvK,DRAW,7K/5r2/6R1/8/B3n3/3k4/8/8 w - - 0 1
0,1,0,0,0,0,0,1,-1,1,0,1,1,1,0,0,0,0,0,16,0,0,2,7,6,7,4,5,3,2,0,1,0,0,0,0,0,0,0,7,1,1,0,0,0,0,0,0,0,0,KRBKRNvK,DRAW,nr2B3/7K/8/7k/8/8/8/7R b - - 0 1
0,1,0,0,0,0,0,1,-1,1,0,1,1,1,0,0,0,0,0,16,0,0,7,0,7,7,2,6,4,14,25,0,0,0,0,0,0,0,0,7,1,1,0,0,0,0,1,2,0,0,KRBKRNvK,DRAW,K5R1/2B5/8/7r/8/7k/8/7n b - - 0 1
0,1,0,0,0,0,0,1,-1,1,0,1,1,1,0,0,0,0,0,16,0,0,6,5,7,3,1,4,2,2,0,1,0,0,0,0,0,0,0,7,1,1,0,0,0,0,2,0,1,2,KRBKRNvK,DRAW,5K2/7r/7n/B7/8/8/3k4/4R3 b - - 0 1
0,1,0,0,0,0,0,1,-1,1,0,1,1,1,0,0,0,0,0,16,0,0,4,4,0,7,4,3,3,14,26,0,0,0,0,0,0,0,0,7,1,1,0,0,0,0,3,1,0,0,KRBKRNvK,DRAW,5r2/5n2/8/7k/3R4/4B3/8/4K3 b - - 0 1
1,1,0,0,0,0,0,1,-1,1,0,1,1,1,0,0,0,0,0,16,0,0,3,2,5,5,6,2,3,4,0,1,0,0,0,0,0,0,0,7,1,1,0,0,0,0,3,0,1,1,KRBKRNvK,DRAW,2r2n2/5k2/2K5/3R4/8/8/3B4/8 w - - 0 1
1,1,0,0,0,0,0,1,-1,1,0,1,1,1,0,0,0,0,0,16,0,0,3,3,3,4,0,0,3,23,24,0,0,0,0,0,0,0,0,7,1,1,0,0,0,0,4,2,0,1,KRBKRNvK,DRAW,8/3n4/2R5/1r6/3K4/8/1B6/4k3 w - - 0 1
0,1,0,0,0,0,0,1,-1,1,0,1,1,1,0,0,0,0,0,16,0,0,3,5,3,2,2,1,2,3,0,1,0,0,0,0,0,0,0,7,1,1,0,0,0,0,3,3,1,0,KRBKRNvK,DRAW,8/3n4/4B3/8/5K2/1Rk5/8/4r3 b - - 0 1
0,1,0,0,0,0,0,1,-1,1,0,1,1,1,0,0,0,0,0,16,0,0,3,0,3,3,2,3,1,5,0,1,0,0,0,0,0,0,0,7,1,1,0,0,0,0,2,2,2,0,KRBKRNvK,DRAW,8/8/8/3RB3/K7/3k2rn/8/8 b - - 0 1
1,1,0,0,0,0,0,1,-1,1,0,1,1,1,0,0,0,0,0,16,0,0,3,5,1,2,4,3,1,30,20,0,0,0,0,0,0,0,0,7,1,1,0,0,0,0,3,3,2,1,KRBKRNvK,DRAW,6n1/8/3R4/2k5/4r3/2B5/5K2/8 w - - 0 1
0,1,0,0,0,0,0,1,-1,1,0,1,1,1,0,0,0,0,0,16,0,0,4,6,4,4,0,2,3,25,29,0,0,0,0,0,0,0,0,7,1,1,0,0,0,0,2,1,1,2,KRBKRNvK,DRAW,8/7r/1R6/6K1/5n2/5B2/8/4k3 b - - 0 1
1,1,0,0,0,0,0,1,-1,1,0,1,1,1,0,0,0,0,0,16,0,0,6,7,5,1,4,4,2,19,17,0,0,0,0,0,0,0,0,7,1,1,0,0,0,0,2,0,0,0,KRBKRNvK,DRAW,3R4/n7/r3B2K/1k6/8/8/8/8 w - - 0 1
0,1,0,0,0,0,0,1,-1,1,0,1,1,1,0,0,0,0,0,16,0,0,3,4,6,7,3,2,3,24,28,0,0,0,0,0,0,0,0,7,1,1,0,1,0,0,1,3,1,1,KRBKRNvK,DRAW,8/4K3/5n2/8/5B1k/8/3r4/6R1 b - - 0 1
0,1,0,0,0,0,0,1,-1,1,0,1,1,1,0,0,0,0,0,16,0,0,4,4,4,0,4,0,3,27,20,0,0,0,0,0,0,0,0,7,1,1,0,0,0,0,4,0,0,1,KRBKRNvK,DRAW,4R1B1/8/8/k3K3/3n4/7r/8/8 b - - 0 1
0,1,0,0,0,0,0,1,-1,1,0,1,1,1,0,0,0,0,0,16,0,0,3,3,5,6,6,1,4,4,0,1,0,0,0,0,0,0,0,7,1,1,1,1,0,0,2,1,0,0,KRBKRNvK,DRAW,8/2R3k1/3K4/6n1/3B4/8/r7/8 b - - 0 1
0,1,0,0,0,0,0,1,-1,1,0,1,1,1,0,0,0,0,0,16,0,0,4,0,0,0,4,6,3,2,0,1,0,0,0,0,0,0,0,7,1,1,1,0,0,0,0,0,1,0,KRBKRNvK,DRAW,5r2/R2B4/8/k7/8/8/6n1/K7 b - - 0 1
1,1,0,0,0,0,0,1,-1,1,0,1,1,1,0,0,0,0,0,16,0,0,5,7,6,2,3,5,1,25,28,0,0,0,0,0,0,0,0,7,1,1,0,1,0,0,2,3,0,0,KRBKRNvK,DRAW,8/7K/7B/8/2k5/6n1/r7/4R3 w - - 0 1
0,1,0,0,0,0,0,1,-1,1,0,1,1,1,0,0,0,0,0,16,0,0,2,2,3,4,1,1,2,26,20,0,0,0,0,0,0,0,0,7,1,1,0,0,0,0,3,1,0,0,KRBKRNvK,DRAW,B1R5/8/8/8/2K2n2/7r/4k3/8 b - - 0 1
0,1,0,0,0,0,0,1,-1,1,0,1,1,1,0,0,0,0,0,16,0,0,3,4,3,1,6,0,4,26,26,0,0,0,0,0,0,0,0,7,1,1,0,0,0,0,3,0,0,1,KRBKRNvK,DRAW,5B2/1k6/8/8/4K3/6R1/6n1/r7 b - - 0 1
0,1,0,0,0,0,0,1,-1,1,0,1,1,1,0,0,0,0,0,16,0,0,4,4,2,3,6,1,2,25,29,0,0,0,0,0,0,0,0,7,1,1,0,0,0,0,4,1,1,1,KRBKRNvK,DRAW,8/3k2B1/7r/2R5/8/4K1n1/8/8 b - - 0 1
1,1,0,0,0,0,0,1,-1,1,0,1,1,1,0,0,0,0,0,16,0,0,4,0,1,4,5,5,1,3,0,1,0,0,0,0,0,0,0,7,1,1,0,0,0,0,0,3,0,0,KRBKRNvK,DRAW,8/r7/4k3/7B/8/8/K1R2n2/8 w - - 0 1
0,1,0,0,0,0,0,1,-1,1,0,1,1,1,0,0,0,0,0,16,0,0,3,2,0,1,3,4,2,24,18,0,0,0,0,0,0,0,0,7,1,1,0,0,0,0,0,2,0,0,KRBKRNvK,DRAW,1n2B3/3r4/8/8/1k6/8/8/2K3R1 b - - 0 1
0,1,0,0,0,0,0,1,-1,1,0,1,1,1,0,0,0,0,0,16,0,0,4,4,4,0,2,0,4,21,24,0,0,0,0,0,0,0,0,7,1,1,0,0,0,0,4,0,0,0,KRBKRNvK,DRAW,3n4/8/8/4K3/8/k7/4R1B1/7r b - - 0 1
0,1,0,0,0,0,0,1,-1,1,0,1,1,1,0,0,0,0,0,16,0,0,4,2,7,6,7,4,5,23,25,0,0,0,0,0,0,0,0,7,1,1,0,0,0,0,0,0,0,1,KRBKRNvK,DRAW,2K1n1k1/8/8/8/B7/7r/1R6/8 b - - 0 1
0,1,0,0,0,0,0,1,-1,1,0,1,1,1,0,0,0,0,0,16,0,0,7,0,7,7,5,6,4,25,19,0,0,0,0,0,0,0,0,7,1,1,0,0,0,0,2,2,0,0,KRBKRNvK,DRAW,K7/1B6/7k/4r3/8/6n1/8/6R1 b - - 0 1
1,1,0,0,0,0,0,1,-1,1,0,1,1,1,0,0,0,0,0,16,0,0,6,0,1,6,7,5,5,26,19,0,0,0,0,0,0,0,0,7,1,1,0,0,0,0,2,0,0,0,KRBKRNvK,DRAW,6kn/8/8/8/1B6/5r2/K7/3R4 w - - 0 1
0,1,0,0,0,0,0,1,-1,1,0,1,1,1,0,0,0,0,0,16,0,0,2,6,2,4,1,3,2,19,27,0,0,0,0,0,0,0,0,7,1,1,0,0,0,0,2,0,2,0,KRBKRNvK,DRAW,8/2r3n1/8/8/8/6K1/4k1B1/5R2 b - - 0 1
0,1,0,0,0,0,0,1,-1,1,0,1,1,1,0,0,0,0,0,16,0,0,4,5,4,1,5,1,3,21,25,0,0,0,0,0,0,0,0,7,1,1,0,0,0,0,2,3,0,1,KRBKRNvK,DRAW,8/8/1k2r3/5KB1/8/R7/4n3/8 b - - 0 1
1,1,0,0,0,0,0,1,-1,1,0,1,1,1,0,0,0,0,0,16,0,0,4,5,5,7,1,2,5,22,22,0,0,0,0,0,0,0,0,7,1,1,0,0,0,0,3,1,0,0,KRBKRNvK,DRAW,8/1r6/5K2/6R1/8/8/4n2k/B7 w - - 0 1
1,1,0,0,0,0,0,1,-1,1,0,1,1,1,0,0,0,0,0,16,0,0,4,2,2,6,6,2,4,25,21,0,0,0,0,0,0,0,0,7,1,1,0,1,0,0,2,1,0,0,KRBKRNvK,DRAW,8/6k1/4n3/8/8/2K4R/2B3r1/8 w - - 0 1
0,1,0,0,0,0,0,1,-1,1,0,1,1,1,0,0,0,0,0,16,0,0,2,6,3,4,2,2,1,24,23,0,0,0,0,0,0,0,0,7,1,1,0,0,0,0,3,4,1,0,KRBKRNvK,DRAW,3r4/8/8/8/2n2RK1/4k3/8/B7 b - - 0 1
1,1,0,0,0,0,0,1,-1,1,0,1,1,1,0,0,0,0,0,16,0,0,2,1,2,2,4,3,1,4,0,1,0,0,0,0,0,0,0,7,1,1,0,0,0,0,1,2,1,1,KRBKRNvK,DRAW,1r6/8/5R2/2k1B3/8/1K6/8/n7 w - - 0 1
0,1,0,0,0,0,0,1,-1,1,0,1,1,1,0,0,0,0,0,16,0,0,4,7,5,3,1,4,2,17,25,0,0,0,0,0,0,0,0,7,1,1,0,1,0,0,1,0,0,0,KRBKRNvK,DRAW,8/8/2RB3K/8/8/8/3k1rn1/8 b - - 0 1
1,1,0,0,0,0,0,1,-1,1,0,1,1,1,0,0,0,0,0,16,0,0,4,5,5,1,7,2,5,27,16,0,0,0,0,0,0,0,0,7,1,1,0,0,0,0,2,2,0,2,KRBKRNvK,DRAW,1k1r3n/8/5K2/2R5/8/8/8/4B3 w - - 0 1
0,1,0,0,0,0,0,1,-1,1,0,1,1,1,0,0,0,0,0,16,0,0,4,1,5,5,1,3,3,20,28,0,0,0,0,0,0,0,0,7,1,1,1,0,0,0,1,2,0,0,KRBKRNvK,DRAW,8/6RB/1K6/8/5r2/8/5k2/1n6 b - - 0 1
0,1,0,0,0,0,0,1,-1,1,0,1,1,1,0,0,0,0,0,16,0,0,2,4,1,6,2,2,3,5,0,1,0,0,0,0,0,0,0,7,1,1,0,0,0,0,1,3,0,1,KRBKRNvK,DRAW,1B6/8/2R5/r7/8/6k1/2n1K3/8 b - - 0 1
0,1,0,0,0,0,0,1,-1,1,0,1,1,1,0,0,0,0,0,16,0,0,2,3,4,2,6,0,3,24,23,0,0,0,0,0,0,0,0,7,1,1,0,0,0,0,4,0,1,1,KRBKRNvK,WIN,8/2k3n1/5r2/R2K4/8/8/4B3/8 b - - 0 1
0,1,0,0,0,0,0,1,-1,1,0,1,1,1,0,0,0,0,0,16,0,0,3,0,4,1,7,3,5,23,18,0,0,0,0,0,0,0,0,7,1,1,0,0,0,0,0,3,0,0,KRBKRNvK,DRAW,1k6/4n3/4r3/K7/8/7B/8/R7 b - - 0 1
0,1,0,0,0,0,0,1,-1,1,0,1,1,1,0,0,0,0,0,16,0,0,5,0,2,5,3,4,1,23,32,0,0,0,0,0,0,0,0,7,1,1,0,0,0,0,2,2,1,0,KRBKRNvK,DRAW,7r/8/6n1/8/3B1k2/K7/8/4R3 b - - 0 1
1,1,0,0,0,0,0,1,-1,1,0,1,1,1,0,0,0,0,0,16,0,0,5,7,2,4,7,4,3,27,17,0,0,0,0,0,0,0,0,7,1,1,1,0,0,0,1,0,0,0,KRBKRNvK,DRAW,4k3/1R6/r7/8/8/6BK/n7/8 w - - 0 1
0,1,0,0,0,0,0,1,-1,1,0,1,1,1,0,0,0,0,0,16,0,0,3,0,3,3,0,3,3,18,22,0,0,0,0,0,0,0,0,7,1,1,0,0,0,0,2,3,0,1,KRBKRNvK,DRAW,8/7B/8/8/K4R2/8/2n5/3kr3 b - - 0 1
0,1,0,0,0,0,0,1,-1,1,0,1,1,1,0,0,0,0,0,16,0,0,4,0,7,0,3,6,3,4,0,1,0,0,0,0,0,0,0,7,1,1,0,0,0,0,2,2,0,0,KRBKRNvK,DRAW,K5n1/1B6/8/8/k2R4/8/8/4r3 b - - 0 1
0,1,0,0,0,0,0,1,-1,1,0,1,1,1,0,0,0,0,0,16,0,0,3,1,2,4,2,3,1,19,25,0,0,0,0,0,0,0,0,7,1,1,0,0,0,0,0,3,1,0,KRBKRNvK,DRAW,1n3B2/4r3/8/8/8/1K2k3/6R1/8 b - - 0 1
1,1,0,0,0,0,0,1,-1,1,0,1,1,1,0,0,0,0,0,16,0,0,2,3,7,2,5,3,2,22,21,0,0,0,0,0,0,0,0,7,1,1,0,0,0,0,3,4,0,1,KRBKRNvK,DRAW,3K4/8/2k1r3/8/8/1nBR4/8/8 w - - 0 1
0,1,0,0,0,0,0,1,-1,1,0,1,1,1,0,0,0,0,0,16,0,0,4,2,7,5,3,4,1,4,0,1,0,0,0,0,0,0,0,7,1,1,0,0,0,0,2,4,2,2,KRBKRNvK,LOSS,2K5/3r4/2n4B/7R/5k2/8/8/8 b - - 0 1
1,1,0,0,0,0,0,1,-1,1,0,1,1,1,0,0,0,0,0,16,0,0,5,6,7,2,2,5,2,4,0,1,0,0,0,0,0,0,0,7,1,1,0,0,0,0,2,1,1,1,KRBKRNvK,DRAW,6K1/8/4B1r1/4R3/8/2k5/8/6n1 w - - 0 1
0,1,0,0,0,0,0,1,-1,1,0,1,1,1,0,0,0,0,0,16,0,0,5,6,4,1,3,2,2,7,0,1,0,0,0,0,0,0,0,7,1,1,0,1,0,0,1,1,1,0,KRBKRNvK,DRAW,8/2n5/1R6/5BK1/1k6/8/r7/8 b - - 0 1
1,1,0,0,0,0,0,1,-1,1,0,1,1,1,0,0,0,0,0,16,0,0,4,7,1,3,3,5,0,5,0,1,0,0,0,0,0,0,0,7,1,1,0,0,0,0,2,3,1,0,KRBKRNvK,DRAW,4B1nr/8/8/1R6/3k4/8/7K/8 w - - 0 1
1,1,0,0,0,0,0,1,-1,1,0,1,1,1,0,0,0,0,0,16,0,0,6,1,5,7,7,3,6,25,17,0,0,0,0,0,0,0,0,7,1,1,0,0,0,0,2,0,0,0,KRBKRNvK,DRAW,7k/8/1K6/R7/8/7n/8/2rB4 w - - 0 1
1,1,0,0,0,0,0,1,-1,1,0,1,1,1,0,0,0,0,0,16,0,0,2,7,7,5,5,6,2,25,20,0,0,0,0,0,0,0,0,7,1,1,1,0,0,0,1,2,2,0,KRBKRNvK,DRAW,7K/7R/4rk2/2n5/5B2/8/8/8 w - - 0 1
1,1,0,0,0,0,0,1,-1,1,0,1,1,1,0,0,0,0,0,16,0,0,6,1,1,0,7,4,6,29,16,0,0,0,0,0,0,0,0,7,1,1,0,0,0,0,1,2,0,0,KRBKRNvK,DRAW,k5n1/8/8/6r1/8/5RB1/1K6/8 w - - 0 1
1,1,0,0,0,0,0,1,-1,1,0,1,1,1,0,0,0,0,0,16,0,0,3,7,0,6,3,6,2,22,17,0,0,0,0,0,0,0,0,7,1,1,0,0,0,0,2,0,0,0,KRBKRNvK,DRAW,8/8/8/1R6/1B4k1/1r6/1n6/7K w - - 0 1
0,1,0,0,0,0,0,1,-1,1,0,1,1,1,0,0,0,0,0,16,0,0,5,0,1,2,6,5,3,22,29,0,0,0,0,0,0,0,0,7,1,1,0,0,0,0,1,2,1,0,KRBKRNvK,DRAW,7R/2k5/3nB3/8/3r4/8/K7/8 b - - 0 1
0,1,0,0,0,0,0,1,-1,1,0,1,1,1,0,0,0,0,0,16,0,0,5,3,2,2,7,1,4,24,19,0,0,0,0,0,0,0,0,7,1,1,0,0,0,0,3,2,0,1,KRBKRNvK,DRAW,2k5/8/3n4/B7/3R4/3K4/8/4r3 b - - 0 1
1,1,0,0,0,0,0,1,-1,1,0,1,1,1,0,0,0,0,0,16,0,0,2,7,6,6,4,5,2,23,21,0,0,0,0,0,0,0,0,7,1,1,0,0,0,0,2,0,0,0,KRBKRNvK,DRAW,3R4/7K/8/6k1/4n3/8/8/1r1B4 w - - 0 1
1,1,0,0,0,0,0,1,-1,1,0,1,1,1,0,0,0,0,0,16,0,0,7,0,6,7,1,5,5,4,0,1,0,0,0,0,0,0,0,7,1,1,0,0,0,0,2,2,0,1,KRBKRNvK,DRAW,2n5/K7/5BR1/6r1/8/8/7k/8 w - - 0 1
0,1,0,0,0,0,0,1,-1,1,0,1,1,1,0,0,0,0,0,16,0,0,5,2,7,0,2,4,4,3,0,1,0,0,0,0,0,0,0,7,1,1,0,0,0,0,1,1,1,0,KRBKRNvK,DRAW,2K5/8/8/rnB5/8/k6R/8/8 b - - 0 1
1,1,0,0,0,0,0,1,-1,1,0,1,1,1,0,0,0,0,0,16,0,0,3,3,2,6,2,1,3,7,0,1,0,0,0,0,0,0,0,7,1,1,0,0,0,0,3,2,0,0,KRBKRNvK,DRAW,4R3/8/3rB3/8/8/3K2kn/8/8 w - - 0 1
1,1,0,0,0,0,0,1,-1,1,0,1,1,1,0,0,0,0,0,16,0,0,2,4,3,5,5,0,2,3,0,1,0,0,0,0,0,0,0,7,1,1,0,0,0,0,3,4,0,1,KRBKRNvK,DRAW,8/8/5k2/R7/4K3/1B6/5n2/3r4 w - - 0 1
1,1,0,0,0,0,0,1,-1,1,0,1,1,1,0,0,0,0,0,16,0,0,3,5,0,4,3,4,0,13,24,0,0,0,0,0,0,0,0,7,1,1,0,0,0,0,0,3,1,1,KRBKRNvK,DRAW,8/1n6/8/8/4k3/6r1/4B3/4RK2 w - - 0 1
1,1,0,0,0,0,0,1,-1,1,0,1,1,1,0,0,0,0,0,16,0,0,7,0,4,7,4,3,3,19,22,0,0,0,0,0,0,0,0,7,1,1,1,0,0,0,0,2,0,1,KRBKRNvK,DRAW,8/R7/8/K6k/2r5/6n1/8/2B5 w - - 0 1
0,1,0,0,0,0,0,1,-1,1,0,1,1,1,0,0,0,0,0,16,0,0,2,3,5,1,3,1,2,24,19,0,0,0,0,0,0,0,0,7,1,1,0,0,0,0,3,2,1,1,KRBKRNvK,DRAW,3R4/4r3/1B1K4/8/1k6/7n/8/8 b - - 0 1
1,1,0,0,0,0,0,1,-1,1,0,1,1,1,0,0,0,0,0,16,0,0,6,6,6,4,0,4,3,19,20,0,0,0,0,0,0,0,0,7,1,1,0,0,0,0,0,0,1,1,KRBKRNvK,DRAW,8/6K1/1r5n/8/8/8/8/R2Bk3 w - - 0 1
0,1,0,0,0,0,0,1,-1,1,0,1,1,1,0,0,0,0,0,16,0,0,2,1,6,1,4,4,2,25,25,0,0,0,0,0,0,0,0,7,1,1,0,0,0,0,0,0,0,0,KRBKRNvK,DRAW,R7/1K6/6r1/1k6/4n2B/8/8/8 b - - 0 1
0,1,0,0,0,0,0,1,-1,1,0,1,1,1,0,0,0,0,0,16,0,0,5,6,3,1,0,2,5,27,20,0,0,0,0,0,0,0,0,7,1,1,0,0,0,0,3,0,0,0,KRBKRNvK,DRAW,8/8/3B4/8/3n1RK1/r7/8/1k6 b - - 0 1
1,1,0,0,0,0,0,1,-1,1,0,1,1,1,0,0,0,0,0,16,0,0,5,5,6,0,5,3,4,5,0,1,0,0,0,0,0,0,0,7,1,1,0,0,0,0,1,2,0,2,KRBKRNvK,DRAW,8/3r1K2/k6n/8/8/4B3/5R2/8 w - - 0 1
1,1,0,0,0,0,0,1,-1,1,0,1,1,1,0,0,0,0,0,16,0,0,4,1,7,5,5,5,2,24,16,0,0,0,0,0,0,0,0,7,1,1,1,0,0,0,2,1,1,1,KRBKRNvK,DRAW,1K6/4R3/r4k2/8/8/8/7n/1B6 w - - 0 1
1,1,0,0,0,0,0,1,-1,1,0,1,1,1,0,0,0,0,0,16,0,0,6,1,1,1,7,4,5,28,18,0,0,0,0,0,0,0,0,7,1,1,0,0,0,0,1,1,0,0,KRBKRNvK,DRAW,1k1r2B1/8/3n4/8/8/6R1/1K6/8 w - - 0 1
1,1,0,0,0,0,0,1,-1,1,0,1,1,1,0,0,0,0,0,16,0,0,2,5,3,7,4,1,3,4,0,1,0,0,0,0,0,0,0,7,1,1,0,0,0,0,4,2,0,1,KRBKRNvK,DRAW,7B/5r2/8/7k/5K2/5n2/8/3R4 w - - 0 1
0,1,0,0,0,0,0,1,-1,1,0,1,1,1,0,0,0,0,0,16,0,0,5,5,2,7,7,2,6,14,27,0,0,0,0,0,0,0,0,7,1,1,0,0,0,0,2,0,0,0,KRBKRNvK,DRAW,7k/r7/n7/8/3RB3/5K2/8/8 b - - 0 1
0,1,0,0,0,0,0,1,-1,1,0,1,1,1,0,0,0,0,0,16,0,0,3,6,3,4,0,2,3,21,27,0,0,0,0,0,0,0,0,7,1,1,1,1,0,0,2,0,0,1,KRBKRNvK,DRAW,8/5R2/8/7n/6K1/8/2r5/4k2B b - - 0 1
0,1,0,0,0,0,0,1,-1,1,0,1,1,1,0,0,0,0,0,16,0,0,4,3,7,7,3,3,3,15,25,0,0,0,0,0,0,0,0,7,1,1,0,0,0,0,2,0,0,0,KRBKRNvK,DRAW,3K4/8/1B6/8/7k/8/8/rn1R4 b - - 0 1
1,1,0,0,0,0,0,1,-1,1,0,1,1,1,0,0,0,0,0,16,0,0,3,1,4,4,2,2,1,6,0,1,0,0,0,0,0,0,0,7,1,1,1,0,0,0,1,3,1,2,KRBKRNvK,DRAW,8/6R1/8/1K6/2B5/2nrk3/8/8 w - - 0 1
0,1,0,0,0,0,0,1,-1,1,0,1,1,1,0,0,0,0,0,16,0,0,6,6,6,5,0,4,4,17,32,0,0,0,0,0,0,0,0,7,1,1,0,0,0,0,1,0,0,0,KRBKRNvK,DRAW,8/1n4K1/4B3/8/8/8/1R6/r4k2 b - - 0 1
1,1,0,0,0,0,0,1,-1,1,0,1,1,1,0,0,0,0,0,16,0,0,5,7,3,2,3,3,1,23,19,0,0,0,0,0,0,0,0,7,1,1,0,0,0,0,0,3,1,0,KRBKRNvK,DRAW,5R2/8/8/r7/B1k4K/8/8/7n w - - 0 1
1,1,0,0,0,0,0,1,-1,1,0,1,1,1,0,0,0,0,0,16,0,0,6,2,0,6,6,4,4,26,26,0,0,0,0,0,0,0,0,7,1,1,0,0,0,0,2,1,1,0,KRBKRNvK,DRAW,r7/6k1/8/1n5B/4R3/8/8/2K5 w - - 0 1
0,1,0,0,0,0,0,1,-1,1,0,1,1,1,0,0,0,0,0,16,0,0,3,3,4,0,2,0,4,26,24,0,0,0,0,0,0,0,0,7,1,1,1,1,0,0,4,1,0,1,KRBKRNvK,DRAW,8/3R4/8/3K2B1/2n5/k7/5r2/8 b - - 0 1
0,1,0,0,0,0,0,1,-1,1,0,1,1,1,0,0,0,0,0,16,0,0,3,3,1,4,4,2,0,24,23,0,0,0,0,0,0,0,0,7,1,1,0,0,0,0,2,3,1,2,KRBKRNvK,DRAW,3R4/8/8/3Bk3/3n4/5r2/3K4/8 b - - 0 1
1,1,0,0,0,0,0,1,-1,1,0,1,1,1,0,0,0,0,0,16,0,0,5,4,6,0,1,2,5,30,22,0,0,0,0,0,0,0,0,7,1,1,0,0,0,0,1,3,1,1,KRBKRNvK,DRAW,8/4K3/5n2/8/5r2/3B4/k7/2R5 w - - 0 1
0,1,0,0,0,0,0,1,-1,1,0,1,1,1,0,0,0,0,0,16,0,0,6,0,5,6,0,4,5,25,19,0,0,0,0,0,0,0,0,7,1,1,0,0,0,0,3,3,0,0,KRBKRNvK,DRAW,B7/4r3/K7/R7/8/2n5/8/6k1 b - - 0 1
0,1,0,0,0,0,0,1,-1,1,0,1,1,1,0,0,0,0,0,16,0,0,4,5,7,2,3,4,1,18,24,0,0,0,0,0,0,0,0,7,1,1,0,0,0,0,3,2,1,0,KRBKRNvK,DRAW,5K2/8/8/R3n3/1rk5/8/5B2/8 b - - 0 1
1,1,0,0,0,0,0,1,-1,1,0,1,1,1,0,0,0,0,0,16,0,0,2,4,6,3,4,2,0,24,19,0,0,0,0,0,0,0,0,7,1,1,0,0,0,0,0,4,0,1,KRBKRNvK,DRAW,1R6/4K3/3r4/3k3B/8/8/8/2n5 w - - 0 1
0,1,0,0,0,0,0,1,-1,1,0,1,1,1,0,0,0,0,0,16,0,0,7,3,0,4,7,3,3,20,31,0,0,0,0,0,0,0,0,7,1,1,0,0,0,0,1,2,0,0,KRBKRNvK,DRAW,4k3/6n1/8/6r1/3B4/7R/8/3K4 b - - 0 1
1,1,0,0,0,0,0,1,-1,1,0,1,1,1,0,0,0,0,0,16,0,0,3,4,2,1,2,1,3,28,18,0,0,0,0,0,0,0,0,7,1,1,0,0,0,0,3,0,0,0,KRBKRNvK,DRAW,8/1r6/8/n7/6R1/1k2K1B1/8/8 w - - 0 1
0,1,0,0,0,0,0,1,-1,1,0,1,1,1,0,0,0,0,0,16,0,0,3,4,0,1,1,3,4,26,17,0,0,0,0,0,0,0,0,7,1,1,0,0,0,0,1,0,0,0,KRBKRNvK,DRAW,8/5r2/1B6/8/7n/8/1k6/4K2R b - - 0 1
0,1,0,0,0,0,0,1,-1,1,0,1,1,1,0,0,0,0,0,16,0,0,3,1,5,1,2,3,3,27,18,0,0,0,0,0,0,0,0,7,1,1,0,0,0,0,1,2,0,0,KRBKRNvK,DRAW,8/8/RK6/6r1/5n2/1k6/5B2/8 b - - 0 1
0,1,0,0,0,0,0,1,-1,1,0,1,1,1,0,0,0,0,0,16,0,0,6,1,6,1,0,4,5,6,0,1,0,0,0,0,0,0,0,7,1,1,0,0,0,0,1,0,0,1,KRBKRNvK,LOSS,r7/1K6/7R/5B2/8/8/8/1k2n3 b - - 0 1
0,1,0,0,0,0,0,1,-1,1,0,1,1,1,0,0,0,0,0,16,0,0,5,6,7,1,2,5,3,4,0,1,0,0,0,0,0,0,0,7,1,1,0,0,0,0,2,0,2,0,KRBKRNvK,DRAW,6K1/8/8/R2B4/8/1k6/1n6/7r b - - 0 1
1,1,0,0,0,0,0,1,-1,1,0,1,1,1,0,0,0,0,0,16,0,0,4,1,2,2,6,3,3,28,18,0,0,0,0,0,0,0,0,7,1,1,0,0,0,0,3,0,0,0,KRBKRNvK,DRAW,4n3/2k5/8/5B2/8/1K1R4/8/5r2 w - - 0 1
0,1,0,0,0,0,0,1,-1,1,0,1,1,1,0,0,0,0,0,16,0,0,7,0,5,7,1,4,5,18,25,0,0,0,0,0,0,0,0,7,1,1,0,0,0,0,0,2,0,0,KRBKRNvK,DRAW,2B5/8/K7/8/8/3r4/7k/nR6 b - - 0 1
0,1,0,0,0,0,0,1,-1,1,0,1,1,1,0,0,0,0,0,16,0,0,7,2,7,2,0,4,4,22,25,0,0,0,0,0,0,0,0,7,1,1,0,0,0,0,2,1,0,0,KRBKRNvK,DRAW,2K5/6r1/7R/8/8/6n1/6B1/2k5 b - - 0 1
1,1,0,0,0,0,0,1,-1,1,0,1,1,1,0,0,0,0,0,16,0,0,2,5,2,6,4,2,2,24,19,0,0,0,0,0,0,0,0,7,1,1,0,0,0,0,1,0,0,0,KRBKRNvK,DRAW,8/6r1/B7/6k1/8/5K2/1n6/R7 w - - 0 1
0,1,0,0,0,0,0,1,-1,1,0,1,1,1,0,0,0,0,0,16,0,0,3,2,3,3,0,1,3,27,25,0,0,0,0,0,0,0,0,7,1,1,1,1,0,0,2,2,0,0,KRBKRNvK,DRAW,8/5R2/1B3n2/8/2K5/8/7r/3k4 b - - 0 1
0,1,0,0,0,0,0,1,-1,1,0,1,1,1,0,0,0,0,0,16,0,0,2,3,1,4,3,2,0,4,0,1,0,0,0,0,0,0,0,7,1,1,0,0,0,0,2,4,1,0,KRBKRNvK,LOSS,n7/8/8/8/1BR1k2r/8/3K4/8 b - - 0 1
1,1,0,0,0,0,0,1,-1,1,0,1,1,1,0,0,0,0,0,16,0,0,5,1,2,6,3,3,2,6,0,1,0,0,0,0,0,0,0,7,1,1,1,0,0,0,1,2,0,0,KRBKRNvK,DRAW,6B1/7R/8/8/6k1/1K2r2n/8/8 w - - 0 1
1,1,0,0,0,0,0,1,-1,1,0,1,1,1,0,0,0,0,0,16,0,0,4,3,6,7,2,2,4,24,23,0,0,0,0,0,0,0,0,7,1,1,0,1,0,0,2,2,0,0,KRBKRNvK,DRAW,8/3K4/n7/2BR4/8/7k/4r3/8 w - - 0 1
0,1,0,0,0,0,0,1,-1,1,0,1,1,1,0,0,0,0,0,16,0,0,4,0,3,4,4,3,0,7,0,1,0,0,0,0,0,0,0,7,1,1,0,0,0,0,2,4,0,0,KRBKRNvK,DRAW,7R/8/8/3rk3/K7/3n4/8/B7 b - - 0 1
0,1,0,0,0,0,0,1,-1,1,0,1,1,1,0,0,0,0,0,16,0,0,7,1,0,6,7,5,5,5,0,1,0,0,0,0,0,0,0,7,1,1,0,0,0,0,2,1,0,0,KRBKRNvK,DRAW,6k1/8/5r2/1n6/6R1/8/8/1K2B3 b - - 0 1
1,1,0,0,0,0,0,1,-1,1,0,1,1,1,0,0,0,0,0,16,0,0,7,2,7,0,0,4,6,4,0,1,0,0,0,0,0,0,0,7,1,1,0,0,0,0,2,1,0,0,KRBKRNvK,DRAW,2K4r/5n2/B7/8/8/4R3/8/k7 w - - 0 1
0,1,0,0,0,0,0,1,-1,1,0,1,1,1,0,0,0,0,0,16,0,0,4,5,6,2,2,3,2,5,0,1,0,0,0,0,0,0,0,7,1,1,0,0,0,0,3,4,1,0,KRBKRNvK,DRAW,8/2n2K2/6B1/2R5/8/2k5/8/4r3 b - - 0 1
1,1,0,0,0,0,0,1,-1,1,0,1,1,1,0,0,0,0,0,16,0,0,4,1,4,5,5,2,2,6,0,1,0,0,0,0,0,0,0,7,1,1,0,0,0,0,2,2,1,1,KRBKRNvK,LOSS,4B3/8/5k2/1K1r1n2/8/4R3/8/8 w - - 0 1
1,1,0,0,0,0,0,1,-1,1,0,1,1,1,0,0,0,0,0,16,0,0,5,0,7,0,2,6,4,24,24,0,0,0,0,0,0,0,0,7,1,1,1,0,0,0,1,2,1,0,KRBKRNvK,DRAW,K7/2R5/3r4/8/2B1n3/k7/8/8 w - - 0 1
0,1,0,0,0,0,0,1,-1,1,0,1,1,1,0,0,0,0,0,16,0,0,5,7,5,2,0,4,4,21,27,0,0,0,0,0,0,0,0,7,1,1,1,0,0,0,3,2,0,0,KRBKRNvK,DRAW,8/3R4/7K/5B2/1r6/8/2n5/2k5 b - - 0 1
0,1,0,0,0,0,0,1,-1,1,0,1,1,1,0,0,0,0,0,16,0,0,4,7,2,3,6,4,2,29,27,0,0,0,0,0,0,0,0,7,1,1,0,0,0,0,1,3,0,1,KRBKRNvK,DRAW,8/3k4/8/8/8/3B1n1K/6R1/4r3 b - - 0 1
1,1,0,0,0,0,0,1,-1,1,0,1,1,1,0,0,0,0,0,16,0,0,3,4,2,7,2,1,4,5,0,1,0,0,0,0,0,0,0,7,1,1,0,0,0,0,4,1,0,2,KRBKRNvK,DRAW,8/B7/8/1R3n2/8/2r1K2k/8/8 w - - 0 1
1,1,0,0,0,0,0,1,-1,1,0,1,1,1,0,0,0,0,0,16,0,0,2,0,3,1,1,3,4,22,26,0,0,0,0,0,0,0,0,7,1,1,0,0,0,0,3,3,1,1,KRBKRNvK,DRAW,8/4r3/2n5/8/K7/3R2B1/1k6/8 w - - 0 1
0,1,0,0,0,0,0,1,-1,1,0,1,1,1,0,0,0,0,0,16,0,0,2,1,5,3,5,3,1,23,22,0,0,0,0,0,0,0,0,7,1,1,0,0,0,0,2,2,1,1,KRBKRNvK,DRAW,5R2/5n2/1K1k4/2r5/8/5B2/8/8 b - - 0 1
1,1,0,0,0,0,0,1,-1,1,0,1,1,1,0,0,0,0,0,16,0,0,5,7,0,7,5,6,4,21,19,0,0,0,0,0,0,0,0,7,1,1,1,1,0,0,2,2,1,1,KRBKRNvK,DRAW,B7/5R2/7k/8/8/8/3r3n/7K w - - 0 1
1,1,0,0,0,0,0,1,-1,1,0,1,1,1,0,0,0,0,0,16,0,0,4,4,4,2,0,0,4,19,21,0,0,0,0,0,0,0,0,7,1,1,0,0,0,0,4,0,0,1,KRBKRNvK,DRAW,8/6B1/8/R3K3/8/5r2/8/2k3n1 w - - 0 1
1,1,0,0,0,0,0,1,-1,1,0,1,1,1,0,0,0,0,0,16,0,0,5,4,2,6,7,1,5,25,19,0,0,0,0,0,0,0,0,7,1,1,0,0,0,0,2,2,0,1,KRBKRNvK,DRAW,6k1/8/8/2Br4/7n/4K3/5R2/8 w - - 0 1
0,1,0,0,0,0,0,1,-1,1,0,1,1,1,0,0,0,0,0,16,0,0,4,7,1,4,5,5,1,26,25,0,0,0,0,0,0,0,0,7,1,1,0,0,0,0,2,2,0,1,KRBKRNvK,DRAW,4n3/8/4k3/8/R7/8/3B3K/6r1 b - - 0 1
0,1,0,0,0,0,0,1,-1,1,0,1,1,1,0,0,0,0,0,16,0,0,4,0,0,0,4,6,3,17,22,0,0,0,0,0,0,0,0,7,1,1,0,1,0,0,2,0,1,0,KRBKRNvK,DRAW,7n/8/4R3/k7/8/B7/7r/K7 b - - 0 1
1,1,0,0,0,0,0,1,-1,1,0,1,1,1,0,0,0,0,0,16,0,0,3,3,3,4,6,0,2,5,0,1,0,0,0,0,0,0,0,7,1,1,0,0,0,0,4,1,0,0,KRBKRNvK,DRAW,8/B3k3/8/8/r2K4/8/3R4/2n5 w - - 0 1
0,1,0,0,0,0,0,1,-1,1,0,1,1,1,0,0,0,0,0,16,0,0,4,1,6,5,2,4,2,4,0,1,0,0,0,0,0,0,0,7,1,1,0,0,0,0,0,2,1,1,KRBKRNvK,LOSS,2r5/1K3n2/8/8/8/5k2/1R6/7B b - - 0 1
1,1,0,0,0,0,0,1,-1,1,0,1,1,1,0,0,0,0,0,16,0,0,4,6,3,2,4,2,1,28,20,0,0,0,0,0,0,0,0,7,1,1,0,0,0,0,0,2,0,0,KRBKRNvK,DRAW,7R/4n3/8/2k5/6K1/8/4B3/4r3 w - - 0 1
0,1,0,0,0,0,0,1,-1,1,0,1,1,1,0,0,0,0,0,16,0,0,5,7,7,2,5,6,2,9,0,1,0,0,0,0,0,0,0,7,1,1,0,1,0,0,3,2,1,0,KRBKRNvK,DRAW,4R2K/8/2k5/8/8/8/3r3n/7B b - - 0 1
0,1,0,0,0,0,0,1,-1,1,0,1,1,1,0,0,0,0,0,16,0,0,3,2,4,5,6,1,3,6,0,1,0,0,0,0,0,0,0,7,1,1,0,0,0,0,3,1,0,2,KRBKRNvK,DRAW,8/5k2/rn6/2K5/5R2/4B3/8/8 b - - 0 1
0,1,0,0,0,0,0,1,-1,1,0,1,1,1,0,0,0,0,0,16,0,0,3,7,6,5,3,5,1,4,0,1,0,0,0,0,0,0,0,7,1,1,0,1,0,0,3,3,0,0,KRBKRNvK,DRAW,1B6/7K/4n3/8/1R3k2/8/6r1/8 b - - 0 1
1,1,0,0,0,0,0,1,-1,1,0,1,1,1,0,0,0,0,0,16,0,0,7,1,7,6,0,5,5,25,21,0,0,0,0,0,0,0,0,7,1,1,1,0,0,0,2,2,0,0,KRBKRNvK,DRAW,1K6/3R4/B7/n6r/8/8/8/6k1 w - - 0 1
1,1,0,0,0,0,0,1,-1,1,0,1,1,1,0,0,0,0,0,16,0,0,6,7,0,4,6,6,2,26,25,0,0,0,0,0,0,0,0,7,1,1,0,1,0,0,0,2,0,0,KRBKRNvK,DRAW,8/4k3/8/8/1n6/2R5/3rB3/7K w - - 0 1
1,1,0,0,0,0,0,1,-1,1,0,1,1,1,0,0,0,0,0,16,0,0,5,2,1,2,6,3,3,6,0,1,0,0,0,0,0,0,0,7,1,1,0,0,0,0,1,0,0,0,KRBKRNvK,DRAW,8/2k5/2r5/8/7n/1R1B4/2K5/8 w - - 0 1
0,1,0,0,0,0,0,1,-1,1,0,1,1,1,0,0,0,0,0,16,0,0,2,5,0,5,2,4,2,3,0,1,0,0,0,0,0,0,0,7,1,1,0,0,0,0,1,2,1,0,KRBKRNvK,DRAW,8/8/8/1B6/r2n4/3R1k2/8/5K2 b - - 0 1
0,1,0,0,0,0,0,1,-1,1,0,1,1,1,0,0,0,0,0,16,0,0,3,4,4,1,7,0,5,16,24,0,0,0,0,0,0,0,0,7,1,1,0,0,0,0,3,1,0,0,KRBKRNvK,WIN,1k6/8/8/4K3/R7/B7/4n3/4r3 b - - 0 1
0,1,0,0,0,0,0,1,-1,1,0,1,1,1,0,0,0,0,0,16,0,0,6,7,2,1,2,4,3,22,14,0,0,0,0,0,0,0,0,7,1,1,0,0,0,0,0,1,1,1,KRBKRNvK,DRAW,8/8/6r1/B7/6nR/1k5K/8/8 b - - 0 1
1,1,0,0,0,0,0,1,-1,1,0,1,1,1,0,0,0,0,0,16,0,0,6,6,0,4,6,5,2,22,24,0,0,0,0,0,0,0,0,7,1,1,0,0,0,0,0,3,0,1,KRBKRNvK,DRAW,8/4k3/8/r6B/8/6n1/8/5RK1 w - - 0 1
0,1,0,0,0,0,0,1,-1,1,0,1,1,1,0,0,0,0,0,16,0,0,6,1,1,4,7,4,3,20,24,0,0,0,0,0,0,0,0,7,1,1,0,0,0,0,2,2,0,1,KRBKRNvK,DRAW,4k3/8/8/n7/2r5/3R4/1K6/3B4 b - - 0 1
0,1,0,0,0,0,0,1,-1,1,0,1,1,1,0,0,0,0,0,16,0,0,2,0,4,2,6,3,3,3,0,1,0,0,0,0,0,0,0,7,1,1,0,0,0,0,2,0,1,0,KRBKRNvK,DRAW,8/2k3r1/8/K1R5/8/6B1/8/7n b - - 0 1
0,1,0,0,0,0,0,1,-1,1,0,1,1,1,0,0,0,0,0,16,0,0,7,0,4,7,2,3,4,6,0,1,0,0,0,0,0,0,0,7,1,1,0,0,0,0,2,3,1,0,KRBKRNvK,DRAW,8/8/4r3/K4n2/8/3R3k/8/6B1 b - - 0 1
0,1,0,0,0,0,0,1,-1,1,0,1,1,1,0,0,0,0,0,16,0,0,7,7,7,2,0,6,4,25,16,0,0,0,0,0,0,0,0,7,1,1,0,1,0,0,0,1,0,0,KRBKRNvK,DRAW,3R3K/3n4/8/8/7B/8/r7/2k5 b - - 0 1
0,1,0,0,0,0,0,1,-1,1,0,1,1,1,0,0,0,0,0,16,0,0,4,4,2,7,6,1,5,23,20,0,0,0,0,0,0,0,0,7,1,1,0,0,0,0,3,3,0,1,KRBKRNvK,DRAW,1B6/7k/5n2/5r2/8/1R2K3/8/8 b - - 0 1
0,1,0,0,0,0,0,1,-1,1,0,1,1,1,0,0,0,0,0,16,0,0,3,3,6,2,3,2,1,24,20,0,0,0,0,0,0,0,0,7,1,1,0,0,0,0,0,3,1,1,KRBKRNvK,DRAW,8/3K4/8/Rn4B1/2k1r3/8/8/8 b - - 0 1
1,1,0,0,0,0,0,1,-1,1,0,1,1,1,0,0,0,0,0,16,0,0,4,4,0,4,4,3,0,3,0,1,0,0,0,0,0,0,0,7,1,1,0,0,0,0,0,3,0,2,KRBKRNvK,DRAW,8/8/8/1B2k3/8/1R6/6n1/4K1r1 w - - 0 1
0,1,0,0,0,0,0,1,-1,1,0,1,1,1,0,0,0,0,0,16,0,0,3,4,3,6,6,0,4,23,22,0,0,0,0,0,0,0,0,7,1,1,0,0,0,0,4,0,0,0,KRBKRNvK,DRAW,8/1r4k1/2B5/8/3RK3/8/7n/8 b - - 0 1
0,1,0,0,0,0,0,1,-1,1,0,1,1,1,0,0,0,0,0,16,0,0,4,4,1,1,5,2,3,25,20,0,0,0,0,0,0,0,0,7,1,1,0,0,0,0,2,0,1,0,KRBKRNvK,DRAW,3R4/8/1k6/8/8/n6r/4K3/3B4 b - - 0 1
0,1,0,0,0,0,0,1,-1,1,0,1,1,1,0,0,0,0,0,16,0,0,4,5,6,2,2,3,2,5,0,1,0,0,0,0,0,0,0,7,1,1,0,1,0,0,0,2,1,0,KRBKRNvK,DRAW,8/5K2/1Rn5/8/8/2k5/1r6/4B3 b - - 0 1
0,1,0,0,0,0,0,1,-1,1,0,1,1,1,0,0,0,0,0,16,0,0,6,0,1,6,1,5,4,24,23,0,0,0,0,0,0,0,0,7,1,1,0,0,0,0,3,2,1,0,KRBKRNvK,DRAW,3n4/8/8/8/3R1B2/4r3/K5k1/8 b - - 0 1
0,1,0,0,0,0,0,1,-1,1,0,1,1,1,0,0,0,0,0,16,0,0,2,2,3,4,3,1,0,24,27,0,0,0,0,0,0,0,0,7,1,1,0,0,0,0,3,4,1,1,KRBKRNvK,DRAW,8/1r6/8/8/2KBk3/2n5/7R/8 b - - 0 1
1,1,0,0,0,0,0,1,-1,1,0,1,1,1,0,0,0,0,0,16,0,0,5,0,5,3,0,4,3,18,24,0,0,0,0,0,0,0,0,7,1,1,0,0,0,0,2,1,0,1,KRBKRNvK,DRAW,R7/2r5/K7/8/8/8/3n4/B2k4 w - - 0 1
0,1,0,0,0,0,0,1,-1,1,0,1,1,1,0,0,0,0,0,16,0,0,5,5,7,1,2,4,3,22,24,0,0,0,0,0,0,0,0,7,1,1,0,1,0,0,2,0,0,0,KRBKRNvK,DRAW,4RK2/8/8/8/8/1k4B1/1nr5/8 b - - 0 1
1,1,0,0,0,0,0,1,-1,1,0,1,1,1,0,0,0,0,0,16,0,0,2,3,3,4,5,0,1,24,19,0,0,0,0,0,0,0,0,7,1,1,1,0,0,0,3,2,0,0,KRBKRNvK,DRAW,8/1R6/4k3/8/1B1K4/8/n7/7r w - - 0 1
1,1,0,0,0,0,0,1,-1,1,0,1,1,1,0,0,0,0,0,16,0,0,4,1,7,5,6,5,3,26,21,0,0,0,0,0,0,0,0,7,1,1,0,0,0,0,3,0,1,0,KRBKRNvK,DRAW,1K6/5k2/8/n1B3R1/8/7r/8/8 w - - 0 1
1,1,0,0,0,0,0,1,-1,1,0,1,1,1,0,0,0,0,0,16,0,0,3,3,2,6,1,1,4,5,0,1,0,0,0,0,0,0,0,7,1,1,0,0,0,0,2,0,0,1,KRBKRNvK,DRAW,8/B7/2r5/4n3/8/3K4/6k1/3R4 w - - 0 1
1,1,0,0,0,0,0,1,-1,1,0,1,1,1,0,0,0,0,0,16,0,0,4,4,4,0,1,0,5,26,19,0,0,0,0,0,0,0,0,7,1,1,0,1,0,0,3,0,2,0,KRBKRNvK,DRAW,8/8/8/4K2n/8/B7/k4r2/1R6 w - - 0 1
1,1,0,0,0,0,0,1,-1,1,0,1,1,1,0,0,0,0,0,16,0,0,3,6,5,3,6,3,2,4,0,1,0,0,0,0,0,0,0,7,1,1,0,0,0,0,2,1,0,1,KRBKRNvK,DRAW,8/3kn3/6K1/7R/8/8/3B4/6r1 w - - 0 1
0,1,0,0,0,0,0,1,-1,1,0,1,1,1,0,0,0,0,0,16,0,0,4,5,6,1,2,3,3,7,0,1,0,0,0,0,0,0,0,7,1,1,0,0,0,0,2,0,0,1,KRBKRNvK,DRAW,B7/5K2/8/7n/8/rk5R/8/8 b - - 0 1
0,1,0,0,0,0,0,1,-1,1,0,1,1,1,0,0,0,0,0,16,0,0,4,6,5,2,1,3,3,23,23,0,0,0,0,0,0,0,0,7,1,1,0,0,0,0,3,2,1,0,KRBKRNvK,DRAW,8/B7/6K1/1r6/8/4R2n/2k5/8 b - - 0 1
1,1,0,0,0,0,0,1,-1,1,0,1,1,1,0,0,0,0,0,16,0,0,2,5,4,7,2,1,4,3,0,1,0,0,0,0,0,0,0,7,1,1,0,1,0,0,3,2,0,1,KRBKRNvK,DRAW,8/8/8/3R1K2/1B5n/7k/4r3/8 w - - 0 1
1,1,0,0,0,0,0,1,-1,1,0,1,1,1,0,0,0,0,0,16,0,0,5,1,4,6,6,2,4,28,19,0,0,0,0,0,0,0,0,7,1,1,0,0,0,0,1,0,0,0,KRBKRNvK,DRAW,8/6k1/2R5/1K6/7n/6r1/B7/8 w - - 0 1
0,1,0,0,0,0,0,1,-1,1,0,1,1,1,0,0,0,0,0,16,0,0,4,2,6,2,2,3,2,4,0,1,0,0,0,0,0,0,0,7,1,1,0,0,0,0,2,1,1,0,KRBKRNvK,DRAW,8/2K5/B7/8/n1R5/2k5/8/7r b - - 0 1
0,1,0,0,0,0,0,1,-1,1,0,1,1,1,0,0,0,0,0,16,0,0,6,1,3,7,6,2,5,19,28,0,0,0,0,0,0,0,0,7,1,1,0,0,0,0,2,0,1,0,KRBKRNvK,DRAW,8/2r4k/8/6B1/1K6/8/8/4R2n b - - 0 1
0,1,0,0,0,0,0,1,-1,1,0,1,1,1,0,0,0,0,0,16,0,0,2,6,6,4,6,4,2,3,0,1,0,0,0,0,0,0,0,7,1,1,0,0,0,0,3,2,1,0,KRBKRNvK,DRAW,6B1/4k1K1/3r4/8/1n2R3/8/8/8 b - - 0 1
1,1,0,0,0,0,0,1,-1,1,0,1,1,1,0,0,0,0,0,16,0,0,3,6,3,5,0,2,4,5,0,1,0,0,0,0,0,0,0,7,1,1,0,0,0,0,3,1,1,1,KRBKRNvK,DRAW,8/8/8/8/6K1/3Rn3/1B6/5kr1 w - - 0 1
1,1,0,0,0,0,0,1,-1,1,0,1,1,1,0,0,0,0,0,16,0,0,4,4,3,0,4,0,3,26,19,0,0,0,0,0,0,0,0,7,1,1,0,0,0,0,3,0,0,0,KRBKRNvK,DRAW,3n4/8/7B/k7/4K3/r7/2R5/8 w - - 0 1
1,1,0,0,0,0,0,1,-1,1,0,1,1,1,0,0,0,0,0,16,0,0,6,1,2,7,5,3,4,27,21,0,0,0,0,0,0,0,0,7,1,1,0,0,0,0,2,0,0,0,KRBKRNvK,DRAW,4R3/3B4/r6k/7n/8/1K6/8/8 w - - 0 1
1,1,0,0,0,0,0,1,-1,1,0,1,1,1,0,0,0,0,0,16,0,0,4,1,6,2,2,4,2,4,0,1,0,0,0,0,0,0,0,7,1,1,1,0,0,0,0,2,1,1,KRBKRNvK,DRAW,6r1/1K3R2/8/2n5/8/2k5/8/3B4 w - - 0 1
1,1,0,0,0,0,0,1,-1,1,0,1,1,1,0,0,0,0,0,16,0,0,5,1,5,6,2,3,3,33,22,0,0,0,0,0,0,0,0,7,1,1,0,0,0,0,3,2,1,0,KRBKRNvK,DRAW,4R3/8/1K6/8/7r/5Bk1/8/5n2 w - - 0 1
0,1,0,0,0,0,0,1,-1,1,0,1,1,1,0,0,0,0,0,16,0,0,5,1,6,6,2,4,3,18,24,0,0,0,0,0,0,0,0,7,1,1,0,1,0,0,1,1,0,0,KRBKRNvK,DRAW,8/1K3B2/6nR/8/8/6k1/6r1/8 b - - 0 1
0,1,0,0,0,0,0,1,-1,1,0,1,1,1,0,0,0,0,0,16,0,0,4,5,1,5,5,3,2,16,31,0,0,0,0,0,0,0,0,7,1,1,0,0,0,0,3,1,0,0,KRBKRNvK,DRAW,8/5r2/5k2/8/8/n4B2/5K2/4R3 b - - 0 1
1,1,0,0,0,0,0,1,-1,1,0,1,1,1,0,0,0,0,0,16,0,0,3,2,2,5,5,2,2,7,0,1,0,0,0,0,0,0,0,7,1,1,0,0,0,0,2,2,0,1,KRBKRNvK,DRAW,1R6/7r/5k2/8/8/2K5/4n2B/8 w - - 0 1
1,1,0,0,0,0,0,1,-1,1,0,1,1,1,0,0,0,0,0,16,0,0,5,5,6,0,6,3,5,6,0,1,0,0,0,0,0,0,0,7,1,1,0,0,0,0,0,2,0,0,KRBKRNvK,DRAW,7R/k4K2/8/7B/5r2/8/8/1n6 w - - 0 1
0,1,0,0,0,0,0,1,-1,1,0,1,1,1,0,0,0,0,0,16,0,0,2,1,4,0,6,2,5,3,0,1,0,0,0,0,0,0,0,7,1,1,0,1,0,0,0,0,0,0,KRBKRNvK,DRAW,8/k7/8/1K4B1/8/8/2r5/R4n2 b - - 0 1
0,1,0,0,0,0,0,1,-1,1,0,1,1,1,0,0,0,0,0,16,0,0,6,7,4,1,5,3,3,6,0,1,0,0,0,0,0,0,0,7,1,1,0,0,0,0,3,0,1,0,KRBKRNvK,DRAW,6r1/8/1k6/2B1R2K/8/8/1n6/8 b - - 0 1
1,1,0,0,0,0,0,1,-1,1,0,1,1,1,0,0,0,0,0,16,0,0,3,1,2,4,4,3,0,5,0,1,0,0,0,0,0,0,0,7,1,1,0,0,0,0,2,3,2,1,KRBKRNvK,DRAW,8/8/n7/3Bk3/2R5/1K6/8/1r6 w - - 0 1
0,1,0,0,0,0,0,1,-1,1,0,1,1,1,0,0,0,0,0,16,0,0,3,4,0,5,3,3,1,21,29,0,0,0,0,0,0,0,0,7,1,1,0,0,0,0,1,2,1,1,KRBKRNvK,DRAW,8/8/8/2B5/5k2/r7/6R1/4K1n1 b - - 0 1
0,1,0,0,0,0,0,1,-1,1,0,1,1,1,0,0,0,0,0,16,0,0,2,3,3,1,3,0,2,4,0,1,0,0,0,0,0,0,0,7,1,1,0,0,0,0,3,0,0,0,KRBKRNvK,DRAW,1r6/7B/8/8/1k1K4/8/8/1Rn5 b - - 0 1
0,1,0,0,0,0,0,1,-1,1,0,1,1,1,0,0,0,0,0,16,0,0,5,4,7,1,2,3,3,22,25,0,0,0,0,0,0,0,0,7,1,1,0,0,0,0,0,2,1,0,KRBKRNvK,DRAW,4K3/4B3/8/4n3/4r3/1k6/8/R7 b - - 0 1
1,1,0,0,0,0,0,1,-1,1,0,1,1,1,0,0,0,0,0,16,0,0,4,0,0,4,3,6,0,21,22,0,0,0,0,0,0,0,0,7,1,1,0,1,0,0,0,3,0,0,KRBKRNvK,DRAW,3B4/n7/8/8/4k3/8/3r4/K4R2 w - - 0 1
1,1,0,0,0,0,0,1,-1,1,0,1,1,1,0,0,0,0,0,16,0,0,2,4,4,6,2,0,3,27,23,0,0,0,0,0,0,0,0,7,1,1,0,0,0,0,3,0,0,0,KRBKRNvK,DRAW,8/r7/7n/4K3/3R4/3B2k1/8/8 w - - 0 1
0,1,0,0,0,0,0,1,-1,1,0,1,1,1,0,0,0,0,0,16,0,0,7,0,1,7,1,5,5,25,22,0,0,0,0,0,0,0,0,7,1,1,0,0,0,0,0,2,0,0,KRBKRNvK,DRAW,8/2n5/2R5/B7/8/3r4/K6k/8 b - - 0 1
0,1,0,0,0,0,0,1,-1,1,0,1,1,1,0,0,0,0,0,16,0,0,5,1,5,6,3,3,2,6,0,1,0,0,0,0,0,0,0,7,1,1,0,0,0,0,2,1,0,1,KRBKRNvK,DRAW,8/3B4/1K1R4/8/1n4k1/5r2/8/8 b - - 0 1
0,1,0,0,0,0,0,1,-1,1,0,1,1,1,0,0,0,0,0,16,0,0,4,1,6,2,2,4,2,25,27,0,0,0,0,0,0,0,0,7,1,1,1,0,0,0,1,3,0,0,KRBKRNvK,DRAW,8/1K5R/8/5r2/5n2/2k5/8/6B1 b - - 0 1
1,1,0,0,0,0,0,1,-1,1,0,1,1,1,0,0,0,0,0,16,0,0,7,0,7,5,0,6,4,22,21,0,0,0,0,0,0,0,0,7,1,1,0,0,0,0,2,0,0,0,KRBKRNvK,DRAW,K7/8/7B/8/2R5/1r6/8/5k1n w - - 0 1
1,1,0,0,0,0,0,1,-1,1,0,1,1,1,0,0,0,0,0,16,0,0,6,0,4,6,7,3,5,26,22,0,0,0,0,0,0,0,0,7,1,1,0,0,0,0,1,1,0,0,KRBKRNvK,DRAW,2r3k1/8/3B2n1/K7/8/8/8/R7 w - - 0 1
0,1,0,0,0,0,0,1,-1,1,0,1,1,1,0,0,0,0,0,16,0,0,2,0,0,1,2,6,3,19,18,0,0,0,0,0,0,0,0,7,1,1,0,0,0,0,0,3,0,0,KRBKRNvK,DRAW,8/8/8/5r2/8/1k4nR/4B3/K7 b - - 0 1
0,1,0,0,0,0,0,1,-1,1,0,1,1,1,0,0,0,0,0,16,0,0,4,2,6,6,3,3,2,20,28,0,0,0,0,0,0,0,0,7,1,1,0,1,0,0,0,0,0,0,KRBKRNvK,DRAW,R7/2K5/8/8/6k1/8/6r1/1n3B2 b - - 0 1
1,1,0,0,0,0,0,1,-1,1,0,1,1,1,0,0,0,0,0,16,0,0,3,3,4,4,7,0,3,7,0,1,0,0,0,0,0,0,0,7,1,1,1,0,0,0,3,2,1,1,KRBKRNvK,DRAW,1r2k3/6R1/5n2/3K4/8/8/8/2B5 w - - 0 1
0,1,0,0,0,0,0,1,-1,1,0,1,1,1,0,0,0,0,0,16,0,0,4,4,4,7,0,0,6,18,28,0,0,0,0,0,0,0,0,7,1,1,0,0,0,0,3,0,0,0,KRBKRNvK,DRAW,n7/4B3/r7/4K3/8/2R5/8/7k b - - 0 1
1,1,0,0,0,0,0,1,-1,1,0,1,1,1,0,0,0,0,0,16,0,0,4,1,1,5,1,4,3,29,22,0,0,0,0,0,0,0,0,7,1,1,0,0,0,0,2,2,2,0,KRBKRNvK,DRAW,n7/4r3/8/8/3R4/8/1K3k2/5B2 w - - 0 1
1,1,0,0,0,0,0,1,-1,1,0,1,1,1,0,0,0,0,0,16,0,0,3,6,5,3,4,3,0,28,26,0,0,0,0,0,0,0,0,7,1,1,1,1,0,0,2,3,0,0,KRBKRNvK,DRAW,8/7R/3n2K1/3k4/8/8/1Br5/8 w - - 0 1
1,1,0,0,0,0,0,1,-1,1,0,1,1,1,0,0,0,0,0,16,0,0,6,1,0,7,2,5,4,26,18,0,0,0,0,0,0,0,0,7,1,1,0,0,0,0,3,1,1,0,KRBKRNvK,DRAW,7r/8/8/8/2R5/7k/5n1B/1K6 w - - 0 1
0,1,0,0,0,0,0,1,-1,1,0,1,1,1,0,0,0,0,0,16,0,0,4,0,5,0,1,4,5,19,26,0,0,0,0,0,0,0,0,7,1,1,0,0,0,0,2,0,0,2,KRBKRNvK,DRAW,n7/1r6/K7/4B3/5R2/8/k7/8 b - - 0 1
0,1,0,0,0,0,0,1,-1,1,0,1,1,1,0,0,0,0,0,16,0,0,4,4,7,0,5,3,4,21,21,0,0,0,0,0,0,0,0,7,1,1,0,0,0,0,1,0,0,0,KRBKRNvK,DRAW,4K3/8/k7/8/8/7r/8/3n1RB1 b - - 0 1
1,1,0,0,0,0,0,1,-1,1,0,1,1,1,0,0,0,0,0,16,0,0,3,3,4,0,1,0,5,24,22,0,0,0,0,0,0,0,0,7,1,1,0,0,0,0,3,1,1,1,KRBKRNvK,DRAW,8/2r5/8/3K4/8/B5R1/k3n3/8 w - - 0 1
0,1,0,0,0,0,0,1,-1,1,0,1,1,1,0,0,0,0,0,16,0,0,2,5,1,7,1,3,5,17,22,0,0,0,0,0,0,0,0,7,1,1,0,0,0,0,2,1,0,0,KRBKRNvK,DRAW,8/8/6r1/1R4n1/1B6/8/5K1k/8 b - - 0 1
1,1,0,0,0,0,0,1,-1,1,0,1,1,1,0,0,0,0,0,16,0,0,4,6,2,4,6,3,2,4,0,1,0,0,0,0,0,0,0,7,1,1,0,0,0,0,1,1,0,1,KRBKRNvK,DRAW,8/4k3/7r/8/8/4B1K1/4n3/1R6 w - - 0 1
0,1,0,0,0,0,0,1,-1,1,0,1,1,1,0,0,0,0,0,16,0,0,4,2,3,6,3,1,2,8,0,1,0,0,0,0,0,0,0,7,1,1,1,0,0,0,4,0,0,1,KRBKRNvK,DRAW,8/4R3/6r1/8/2Kn2k1/8/8/3B4 b - - 0 1
1,1,0,0,0,0,0,1,-1,1,0,1,1,1,0,0,0,0,0,16,0,0,3,4,4,7,2,0,4,6,0,1,0,0,0,0,0,0,0,7,1,1,0,0,0,0,4,2,1,1,KRBKRNvK,DRAW,8/8/2n5/4K3/5B2/1r5k/4R3/8 w - - 0 1
0,1,0,0,0,0,0,1,-1,1,0,1,1,1,0,0,0,0,0,16,0,0,4,5,7,1,5,4,3,24,26,0,0,0,0,0,0,0,0,7,1,1,0,0,0,0,1,2,0,0,KRBKRNvK,DRAW,5K2/8/1k6/8/3r4/7R/8/nB6 b - - 0 1
0,1,0,0,0,0,0,1,-1,1,0,1,1,1,0,0,0,0,0,16,0,0,5,7,2,2,2,4,2,24,25,0,0,0,0,0,0,0,0,7,1,1,1,0,0,0,0,1,1,0,KRBKRNvK,DRAW,5r2/R5n1/8/8/8/2k4K/8/3B4 b - - 0 1
1,1,0,0,0,0,0,1,-1,1,0,1,1,1,0,0,0,0,0,16,0,0,5,6,1,1,5,4,3,6,0,1,0,0,0,0,0,0,0,7,1,1,0,0,0,0,2,2,0,0,KRBKRNvK,DRAW,6r1/8/1kn5/8/8/B7/6K1/4R3 w - - 0 1
0,1,0,0,0,0,0,1,-1,1,0,1,1,1,0,0,0,0,0,16,0,0,2,1,5,3,3,3,0,20,23,0,0,0,0,0,0,0,0,7,1,1,0,0,0,0,0,4,0,0,KRBKRNvK,DRAW,8/8/1K4R1/6B1/3k3r/8/8/2n5 b - - 0 1
1,1,0,0,0,0,0,1,-1,1,0,1,1,1,0,0,0,0,0,16,0,0,4,7,6,6,2,5,3,26,24,0,0,0,0,0,0,0,0,7,1,1,0,0,0,0,1,0,0,0,KRBKRNvK,DRAW,1r6/7K/R7/8/8/1B4k1/8/4n3 w - - 0 1
1,1,0,0,0,0,0,1,-1,1,0,1,1,1,0,0,0,0,0,16,0,0,3,3,7,0,6,3,5,20,21,0,0,0,0,0,0,0,0,7,1,1,0,1,0,0,0,0,1,0,KRBKRNvK,DRAW,2RK4/k3B3/8/n7/8/8/1r6/8 w - - 0 1
0,1,0,0,0,0,0,1,-1,1,0,1,1,1,0,0,0,0,0,16,0,0,3,4,5,3,2,1,1,23,20,0,0,0,0,0,0,0,0,7,1,1,0,0,0,0,2,3,0,1,KRBKRNvK,DRAW,1B6/8/4K3/3r4/8/3k4/8/5n1R b - - 0 1
1,1,0,0,0,0,0,1,-1,1,0,1,1,1,0,0,0,0,0,16,0,0,3,7,5,4,4,4,0,4,0,1,0,0,0,0,0,0,0,7,1,1,0,0,0,0,0,3,0,0,KRBKRNvK,DRAW,8/8/2r4K/4k3/1n6/R7/3B4/8 w - - 0 1
0,1,0,0,0,0,0,1,-1,1,0,1,1,1,0,0,0,0,0,16,0,0,4,0,3,4,6,3,2,24,29,0,0,0,0,0,0,0,0,7,1,1,0,0,0,0,1,2,0,1,KRBKRNvK,DRAW,6n1/4k3/8/1r6/K3B3/7R/8/8 b - - 0 1
1,1,0,0,0,0,0,1,-1,1,0,1,1,1,0,0,0,0,0,16,0,0,6,4,0,2,6,3,3,26,24,0,0,0,0,0,0,0,0,7,1,1,0,0,0,0,1,2,0,0,KRBKRNvK,DRAW,8/2k5/8/6r1/8/7R/8/nB2K3 w - - 0 1
1,1,0,0,0,0,0,1,-1,1,0,1,1,1,0,0,0,0,0,16,0,0,4,2,5,0,1,2,5,27,22,0,0,0,0,0,0,0,0,7,1,1,0,0,0,0,2,2,1,1,KRBKRNvK,DRAW,8/8/n1K5/5R2/8/B3r3/k7/8 w - - 0 1
0,1,0,0,0,0,0,1,-1,1,0,1,1,1,0,0,0,0,0,16,0,0,6,1,7,4,1,5,2,4,0,1,0,0,0,0,0,0,0,7,1,1,0,1,0,0,2,2,0,0,KRBKRNvK,DRAW,1K6/8/8/1n1BR3/8/8/3rk3/8 b - - 0 1
1,1,0,0,0,0,0,1,-1,1,0,1,1,1,0,0,0,0,0,16,0,0,2,7,5,5,7,4,4,3,0,1,0,0,0,0,0,0,0,7,1,1,0,1,0,0,0,0,0,0,KRBKRNvK,DRAW,5k2/8/7K/n7/8/8/4B2r/6R1 w - - 0 1
1,1,0,0,0,0,0,1,-1,1,0,1,1,1,0,0,0,0,0,16,0,0,5,5,1,0,6,3,5,7,0,1,0,0,0,0,0,0,0,7,1,1,0,0,0,0,2,2,0,1,KRBKRNvK,DRAW,8/k7/8/7r/8/3n4/2R2K2/7B w - - 0 1
0,1,0,0,0,0,0,1,-1,1,0,1,1,1,0,0,0,0,0,16,0,0,5,5,5,0,0,2,6,19,32,0,0,0,0,0,0,0,0,7,1,1,0,0,0,0,2,2,0,1,KRBKRNvK,DRAW,8/8/5K2/n6r/4B3/6R1/8/k7 b - - 0 1
1,1,0,0,0,0,0,1,-1,1,0,1,1,1,0,0,0,0,0,16,0,0,4,4,0,0,4,3,3,21,18,0,0,0,0,0,0,0,0,7,1,1,0,0,0,0,0,2,0,0,KRBKRNvK,DRAW,8/6n1/8/k7/6rB/8/8/1R2K3 w - - 0 1
1,1,0,0,0,0,0,1,-1,1,0,1,1,1,0,0,0,0,0,16,0,0,6,5,7,1,1,4,4,24,21,0,0,0,0,0,0,0,0,7,1,1,0,1,0,0,2,0,1,0,KRBKRNvK,DRAW,2nB1K2/8/8/8/8/3R4/1k5r/8 w - - 0 1
1,1,0,0,0,0,0,1,-1,1,0,1,1,1,0,0,0,0,0,16,0,0,4,5,1,6,5,3,3,26,20,0,0,0,0,0,0,0,0,7,1,1,0,0,0,0,0,2,1,0,KRBKRNvK,DRAW,2B4R/8/1rn3k1/8/8/8/5K2/8 w - - 0 1
0,1,0,0,0,0,0,1,-1,1,0,1,1,1,0,0,0,0,0,16,0,0,2,1,5,0,7,3,6,1,0,1,0,0,0,0,0,0,0,7,1,1,0,1,0,0,1,0,1,0,KRBKRNvK,LOSS,k7/8/RK6/3B4/8/8/r7/1n6 b - - 0 1
1,1,0,0,0,0,0,1,-1,1,0,1,1,1,0,0,0,0,0,16,0,0,3,4,3,7,1,0,5,7,0,1,0,0,0,0,0,0,0,7,1,1,0,0,0,0,3,2,0,1,KRBKRNvK,DRAW,8/B6r/8/6R1/4K3/2n5/7k/8 w - - 0 1
1,1,0,0,0,0,0,1,-1,1,0,1,1,1,0,0,0,0,0,16,0,0,6,1,7,7,4,5,3,22,24,0,0,0,0,0,0,0,0,7,1,1,0,0,0,0,1,1,0,0,KRBKRNvK,DRAW,1K6/6r1/1R2B3/7k/8/8/3n4/8 w - - 0 1
1,1,0,0,0,0,0,1,-1,1,0,1,1,1,0,0,0,0,0,16,0,0,5,0,3,5,5,3,2,3,0,1,0,0,0,0,0,0,0,7,1,1,1,0,0,0,2,1,1,0,KRBKRNvK,LOSS,4n3/6R1/2B2k2/8/K7/8/8/r7 w - - 0 1
1,1,0,0,0,0,0,1,-1,1,0,1,1,1,0,0,0,0,0,16,0,0,4,3,7,6,3,3,2,15,23,0,0,0,0,0,0,0,0,7,1,1,0,0,0,0,1,0,0,0,KRBKRNvK,DRAW,3K3R/7B/8/7n/6k1/5r2/8/8 w - - 0 1
1,1,0,0,0,0,0,1,-1,1,0,1,1,1,0,0,0,0,0,16,0,0,2,7,1,7,3,5,3,23,20,0,0,0,0,0,0,0,0,7,1,1,0,0,0,0,2,0,0,0,KRBKRNvK,DRAW,5r2/B7/8/8/7k/8/3R3K/1n6 w - - 0 1
0,1,0,0,0,0,0,1,-1,1,0,1,1,1,0,0,0,0,0,16,0,0,6,2,1,2,7,3,4,23,27,0,0,0,0,0,0,0,0,7,1,1,0,0,0,0,1,1,0,0,KRBKRNvK,DRAW,2k5/2n5/8/8/4B3/8/2K2R2/7r b - - 0 1
0,1,0,0,0,0,0,1,-1,1,0,1,1,1,0,0,0,0,0,16,0,0,4,5,1,6,5,3,3,27,21,0,0,0,0,0,0,0,0,7,1,1,0,0,0,0,2,1,0,0,KRBKRNvK,DRAW,8/8/6k1/1n6/8/2r5/3R1K2/5B2 b - - 0 1
1,1,0,0,0,0,0,1,-1,1,0,1,1,1,0,0,0,0,0,16,0,0,6,6,6,0,5,4,4,20,20,0,0,0,0,0,0,0,0,7,1,1,0,0,0,0,0,0,0,0,KRBKRNvK,DRAW,6R1/6K1/kr6/8/7n/8/3B4/8 w - - 0 1
0,1,0,0,0,0,0,1,-1,1,0,1,1,1,0,0,0,0,0,16,0,0,3,5,6,2,6,3,3,22,29,0,0,0,0,0,0,0,0,7,1,1,0,0,0,0,2,2,0,0,KRBKRNvK,DRAW,8/2k2K2/8/1r6/3R2B1/7n/8/8 b - - 0 1
1,1,0,0,0,0,0,1,-1,1,0,1,1,1,0,0,0,0,0,16,0,0,2,5,6,7,5,3,4,5,0,1,0,0,0,0,0,0,0,7,1,1,0,0,0,0,1,2,0,1,KRBKRNvK,DRAW,8/3r1K2/7k/8/2B4n/1R6/8/8 w - - 0 1
0,1,0,0,0,0,0,1,-1,1,0,1,1,1,0,0,0,0,0,16,0,0,6,1,6,2,0,4,4,22,11,0,0,0,0,0,0,0,0,7,1,1,1,0,0,0,0,0,1,0,KRBKRNvK,DRAW,7r/RK6/8/8/8/8/1n6/B1k5 b - - 0 1
1,1,0,0,0,0,0,1,-1,1,0,1,1,1,0,0,0,0,0,16,0,0,5,4,6,0,1,2,5,24,23,0,0,0,0,0,0,0,0,7,1,1,1,0,0,0,1,1,0,2,KRBKRNvK,DRAW,8/2n1K1R1/2r5/8/8/4B3/k7/8 w - - 0 1
1,1,0,0,0,0,0,1,-1,1,0,1,1,1,0,0,0,0,0,16,0,0,4,1,0,5,0,5,4,22,17,0,0,0,0,0,0,0,0,7,1,1,0,0,0,0,1,1,1,0,KRBKRNvK,DRAW,8/8/8/8/6n1/4B3/8/RK3k1r w - - 0 1
0,1,0,0,0,0,0,1,-1,1,0,1,1,1,0,0,0,0,0,16,0,0,3,0,4,0,7,3,6,20,24,0,0,0,0,0,0,0,0,7,1,1,0,0,0,0,3,2,1,1,KRBKRNvK,DRAW,k7/2B5/8/K7/1R6/2n4r/8/8 b - - 0 1
0,1,0,0,0,0,0,1,-1,1,0,1,1,1,0,0,0,0,0,16,0,0,4,5,1,1,0,3,5,4,0,1,0,0,0,0,0,0,0,7,1,1,0,0,0,0,1,2,1,1,KRBKRNvK,DRAW,2n3B1/8/8/8/4r3/1R6/5K2/1k6 b - - 0 1
0,1,0,0,0,0,0,1,-1,1,0,1,1,1,0,0,0,0,0,16,0,0,3,5,3,2,0,1,4,25,29,0,0,0,0,0,0,0,0,7,1,1,0,0,0,0,3,1,0,1,KRBKRNvK,DRAW,8/2r5/8/6R1/5K2/4nB2/8/2k5 b - - 0 1
1,1,0,0,0,0,0,1,-1,1,0,1,1,1,0,0,0,0,0,16,0,0,5,2,6,4,1,3,2,31,18,0,0,0,0,0,0,0,0,7,1,1,1,0,0,0,2,1,1,0,KRBKRNvK,DRAW,8/2KR4/8/8/4Br2/n7/4k3/8 w - - 0 1
0,1,0,0,0,0,0,1,-1,1,0,1,1,1,0,0,0,0,0,16,0,0,6,1,1,4,7,4,3,23,26,0,0,0,0,0,0,0,0,7,1,1,0,0,0,0,1,3,0,1,KRBKRNvK,DRAW,4k3/B7/8/3r4/8/2R5/1K1n4/8 b - - 0 1
0,1,0,0,0,0,0,1,-1,1,0,1,1,1,0,0,0,0,0,16,0,0,4,5,3,1,6,1,4,23,29,0,0,0,0,0,0,0,0,7,1,1,0,0,0,0,2,2,0,0,KRBKRNvK,DRAW,8/1k6/6R1/8/n4K1B/8/8/3r4 b - - 0 1
1,1,0,0,0,0,0,1,-1,1,0,1,1,1,0,0,0,0,0,16,0,0,6,5,6,2,0,3,4,30,17,0,0,0,0,0,0,0,0,7,1,1,0,0,0,0,1,1,0,0,KRBKRNvK,DRAW,2r5/5K2/8/2B5/8/1n6/6R1/2k5 w - - 0 1
1,1,0,0,0,0,0,1,-1,1,0,1,1,1,0,0,0,0,0,16,0,0,7,0,6,7,1,5,5,22,23,0,0,0,0,0,0,0,0,7,1,1,0,0,0,0,1,2,0,0,KRBKRNvK,DRAW,R7/K7/8/8/2B5/n7/7k/3r4 w - - 0 1
0,1,0,0,0,0,0,1,-1,1,0,1,1,1,0,0,0,0,0,16,0,0,7,5,7,3,0,4,3,5,0,1,0,0,0,0,0,0,0,7,1,1,0,0,0,0,3,0,0,0,KRBKRNvK,DRAW,5K2/2B5/8/8/3R3n/2r5/8/3k4 b - - 0 1
1,1,0,0,0,0,0,1,-1,1,0,1,1,1,0,0,0,0,0,16,0,0,4,4,2,0,3,1,3,25,19,0,0,0,0,0,0,0,0,7,1,1,0,0,0,0,4,3,1,0,KRBKRNvK,DRAW,8/5n2/1B6/7R/kr6/4K3/8/8 w - - 0 1
1,1,0,0,0,0,0,1,-1,1,0,1,1,1,0,0,0,0,0,16,0,0,5,3,2,1,7,1,5,24,21,0,0,0,0,0,0,0,0,7,1,1,1,0,0,0,2,0,1,1,KRBKRNvK,DRAW,1k4r1/5R2/B7/3n4/8/3K4/8/8 w - - 0 1
0,1,0,0,0,0,0,1,-1,1,0,1,1,1,0,0,0,0,0,16,0,0,4,3,3,7,5,0,4,20,29,0,0,0,0,0,0,0,0,7,1,1,0,0,0,0,3,0,0,1,KRBKRNvK,DRAW,2R5/4B3/5r1k/8/3K4/8/8/n7 b - - 0 1
1,1,0,0,0,0,0,1,-1,1,0,1,1,1,0,0,0,0,0,16,0,0,6,0,1,6,2,5,3,26,18,0,0,0,0,0,0,0,0,7,1,1,0,0,0,0,0,2,0,0,KRBKRNvK,DRAW,5R2/7n/8/B5r1/8/6k1/K7/8 w - - 0 1
1,1,0,0,0,0,0,1,-1,1,0,1,1,1,0,0,0,0,0,16,0,0,7,0,7,7,6,6,5,3,0,1,0,0,0,0,0,0,0,7,1,1,0,1,0,0,2,0,0,0,KRBKRNvK,DRAW,K7/7k/4R3/4B3/8/8/r7/3n4 w - - 0 1
1,1,0,0,0,0,0,1,-1,1,0,1,1,1,0,0,0,0,0,16,0,0,6,0,2,6,4,4,2,23,22,0,0,0,0,0,0,0,0,7,1,1,0,0,0,0,0,0,1,1,KRBKRNvK,DRAW,4Bn2/8/7R/6k1/8/K7/8/1r6 w - - 0 1
1,1,0,0,0,0,0,1,-1,1,0,1,1,1,0,0,0,0,0,16,0,0,2,3,6,4,4,2,0,7,0,1,0,0,0,0,0,0,0,7,1,1,0,0,0,0,1,3,1,0,KRBKRNvK,DRAW,8/3K4/8/R1B1k3/8/n7/8/3r4 w - - 0 1
0,1,0,0,0,0,0,1,-1,1,0,1,1,1,0,0,0,0,0,16,0,0,6,7,6,1,6,5,4,27,26,0,0,0,0,0,0,0,0,7,1,1,0,0,0,0,0,2,0,0,KRBKRNvK,DRAW,3r4/1k5K/8/8/1B2n3/8/8/2R5 b - - 0 1
1,1,0,0,0,0,0,1,-1,1,0,1,1,1,0,0,0,0,0,16,0,0,5,2,1,7,4,3,3,5,0,1,0,0,0,0,0,0,0,7,1,1,0,0,0,0,2,0,0,1,KRBKRNvK,DRAW,2r2B2/8/8/7k/4R3/n7/2K5/8 w - - 0 1
0,1,0,0,0,0,0,1,-1,1,0,1,1,1,0,0,0,0,0,16,0,0,2,2,6,1,4,3,2,22,22,0,0,0,0,0,0,0,0,7,1,1,1,0,0,0,1,2,0,2,KRBKRNvK,DRAW,8/2K4R/3r4/nk6/8/8/2B5/8 b - - 0 1
1,1,0,0,0,0,0,1,-1,1,0,1,1,1,0,0,0,0,0,16,0,0,3,1,4,1,1,2,4,29,24,0,0,0,0,0,0,0,0,7,1,1,1,0,0,0,1,2,0,0,KRBKRNvK,DRAW,5n2/7R/1B2r3/1K6/8/8/1k6/8 w - - 0 1
0,1,0,0,0,0,0,1,-1,1,0,1,1,1,0,0,0,0,0,16,0,0,4,0,0,1,4,6,2,24,24,0,0,0,0,0,0,0,0,7,1,1,0,0,0,0,2,0,0,0,KRBKRNvK,DRAW,8/8/8/1k2B2R/8/5r2/8/K5n1 b - - 0 1
0,1,0,0,0,0,0,1,-1,1,0,1,1,1,0,0,0,0,0,16,0,0,2,3,5,3,7,1,3,24,20,0,0,0,0,0,0,0,0,7,1,1,0,0,0,0,3,2,0,0,KRBKRNvK,DRAW,3k4/8/3K4/8/8/1Rn5/2B5/7r b - - 0 1
1,1,0,0,0,0,0,1,-1,1,0,1,1,1,0,0,0,0,0,16,0,0,2,2,3,2,5,1,2,28,20,0,0,0,0,0,0,0,0,7,1,1,0,1,0,0,4,1,1,0,KRBKRNvK,DRAW,8/8/2k5/4B3/2K5/4R3/5r2/6n1 w - - 0 1
1,1,0,0,0,0,0,1,-1,1,0,1,1,1,0,0,0,0,0,16,0,0,2,5,5,3,6,2,2,26,23,0,0,0,0,0,0,0,0,7,1,1,0,0,0,0,2,0,0,1,KRBKRNvK,DRAW,5n2/3k4/5K2/7R/8/8/B7/2r5 w - - 0 1
1,1,0,0,0,0,0,1,-1,1,0,1,1,1,0,0,0,0,0,16,0,0,4,4,4,5,0,0,4,23,16,0,0,0,0,0,0,0,0,7,1,1,0,0,0,0,4,0,0,0,KRBKRNvK,DRAW,r2B2n1/8/8/4K3/4R3/8/8/5k2 w - - 0 1
1,1,0,0,0,0,0,1,-1,1,0,1,1,1,0,0,0,0,0,16,0,0,2,6,3,6,5,2,3,28,16,0,0,0,0,0,0,0,0,7,1,1,0,0,0,0,2,0,0,0,KRBKRNvK,DRAW,8/rn6/6k1/3R4/1B4K1/8/8/8 w - - 0 1
0,1,0,0,0,0,0,1,-1,1,0,1,1,1,0,0,0,0,0,16,0,0,3,3,7,6,5,3,3,6,0,1,0,0,0,0,0,0,0,7,1,1,0,0,0,0,2,1,0,0,KRBKRNvK,DRAW,3K4/8/r5k1/8/1n6/6R1/6B1/8 b - - 0 1
1,1,0,0,0,0,0,1,-1,1,0,1,1,1,0,0,0,0,0,16,0,0,4,4,3,5,7,0,4,5,0,1,0,0,0,0,0,0,0,7,1,1,1,0,0,0,4,1,0,1,KRBKRNvK,LOSS,5k2/1R3r2/8/6n1/4K3/8/8/1B6 w - - 0 1
0,1,0,0,0,0,0,1,-1,1,0,1,1,1,0,0,0,0,0,16,0,0,4,7,4,3,7,3,3,3,0,1,0,0,0,0,0,0,0,7,1,1,0,0,0,0,1,1,1,0,KRBKRNvK,LOSS,1R1k2r1/8/8/7K/8/3n4/8/6B1 b - - 0 1
0,1,0,0,0,0,0,1,-1,1,0,1,1,1,0,0,0,0,0,16,0,0,4,7,2,5,6,4,3,6,0,1,0,0,0,0,0,0,0,7,1,1,0,0,0,0,1,0,0,0,KRBKRNvK,DRAW,8/2r2k2/8/4n3/8/7K/8/1B3R2 b - - 0 1
0,1,0,0,0,0,0,1,-1,1,0,1,1,1,0,0,0,0,0,16,0,0,3,2,3,5,2,1,2,4,0,1,0,0,0,0,0,0,0,7,1,1,0,0,0,0,3,3,2,0,KRBKRNvK,DRAW,7n/3r4/8/4R2B/2K5/5k2/8/8 b - - 0 1
1,1,0,0,0,0,0,1,-1,1,0,1,1,1,0,0,0,0,0,16,0,0,2,2,6,4,5,3,1,10,28,0,0,0,0,0,0,0,0,7,1,1,1,0,0,0,0,3,0,1,KRBKRNvK,DRAW,B4r2/1RK5/3nk3/8/8/8/8/8 w - - 0 1
1,1,0,0,0,0,0,1,-1,1,0,1,1,1,0,0,0,0,0,16,0,0,3,3,1,0,2,2,4,31,21,0,0,0,0,0,0,0,0,7,1,1,0,0,0,0,2,1,0,1,KRBKRNvK,DRAW,4R3/8/2r5/8/3B4/k7/2nK4/8 w - - 0 1
0,1,0,0,0,0,0,1,-1,1,0,1,1,1,0,0,0,0,0,16,0,0,3,0,1,3,0,5,3,3,0,1,0,0,0,0,0,0,0,7,1,1,0,0,0,0,0,0,1,0,KRBKRNvK,DRAW,5B2/6n1/8/8/8/7r/K7/1R1k4 b - - 0 1
1,1,0,0,0,0,0,1,-1,1,0,1,1,1,0,0,0,0,0,16,0,0,5,7,7,2,3,6,1,24,15,0,0,0,0,0,0,0,0,7,1,1,0,0,0,0,2,2,1,0,KRBKRNvK,DRAW,7K/8/8/7B/2k5/4R3/8/2r4n w - - 0 1
1,1,0,0,0,0,0,1,-1,1,0,1,1,1,0,0,0,0,0,16,0,0,6,7,0,1,6,6,4,24,22,0,0,0,0,0,0,0,0,7,1,1,0,0,0,0,1,0,0,0,KRBKRNvK,DRAW,8/1k6/r7/7n/8/2R5/8/1B5K w - - 0 1
0,1,0,0,0,0,0,1,-1,1,0,1,1,1,0,0,0,0,0,16,0,0,3,5,4,4,1,1,2,17,22,0,0,0,0,0,0,0,0,7,1,1,0,1,0,0,3,0,0,0,KRBKRNvK,DRAW,B7/8/8/n4K2/8/8/4k1r1/R7 b - - 0 1
0,1,0,0,0,0,0,1,-1,1,0,1,1,1,0,0,0,0,0,16,0,0,3,1,4,4,6,2,2,20,30,0,0,0,0,0,0,0,0,7,1,1,0,0,0,0,1,2,0,1,KRBKRNvK,DRAW,8/3rk3/1B6/1K6/8/8/R7/4n3 b - - 0 1
1,1,0,0,0,0,0,1,-1,1,0,1,1,1,0,0,0,0,0,16,0,0,3,0,5,3,7,4,3,2,0,1,0,0,0,0,0,0,0,7,1,1,0,0,0,0,2,0,1,2,KRBKRNvK,DRAW,r2k1B2/8/K7/8/nR6/8/8/8 w - - 0 1
1,1,0,0,0,0,0,1,-1,1,0,1,1,1,0,0,0,0,0,16,0,0,3,2,2,3,5,2,1,4,0,1,0,0,0,0,0,0,0,7,1,1,0,0,0,0,2,4,1,1,KRBKRNvK,DRAW,8/8/3k4/8/1R3r2/B1K5/8/3n4 w - - 0 1
0,1,0,0,0,0,0,1,-1,1,0,1,1,1,0,0,0,0,0,16,0,0,4,3,6,2,2,2,2,22,27,0,0,0,0,0,0,0,0,7,1,1,0,1,0,0,2,3,2,1,KRBKRNvK,DRAW,2n5/3K4/8/2B5/8/2k5/4r3/3R4 b - - 0 1
0,1,0,0,0,0,0,1,-1,1,0,1,1,1,0,0,0,0,0,16,0,0,5,5,6,4,1,3,2,6,0,1,0,0,0,0,0,0,0,7,1,1,0,0,0,0,0,2,1,1,KRBKRNvK,DRAW,8/2n2K2/3r4/B7/8/8/2R1k3/8 b - - 0 1
0,1,0,0,0,0,0,1,-1,1,0,1,1,1,0,0,0,0,0,16,0,0,4,6,3,3,7,2,3,23,25,0,0,0,0,0,0,0,0,7,1,1,0,1,0,0,1,2,0,0,KRBKRNvK,DRAW,3k4/8/1n6/8/5BK1/5R2/3r4/8 b - - 0 1
0,1,0,0,0,0,0,1,-1,1,0,1,1,1,0,0,0,0,0,16,0,0,5,7,3,2,2,3,2,15,27,0,0,0,0,0,0,0,0,7,1,1,0,0,0,0,1,1,0,0,KRBKRNvK,DRAW,8/5B2/8/1n6/7K/1rk5/8/6R1 b - - 0 1
0,1,0,0,0,0,0,1,-1,1,0,1,1,1,0,0,0,0,0,16,0,0,6,5,7,1,1,4,4,17,22,0,0,0,0,0,0,0,0,7,1,1,0,1,0,0,0,1,0,0,KRBKRNvK,DRAW,2R2K2/8/7B/8/8/6n1/1k4r1/8 b - - 0 1
0,1,0,0,0,0,0,1,-1,1,0,1,1,1,0,0,0,0,0,16,0,0,4,2,6,2,2,3,2,23,22,0,0,0,0,0,0,0,0,7,1,1,0,0,0,0,2,3,1,1,KRBKRNvK,DRAW,3B4/2K5/3n4/4R3/8/2kr4/8/8 b - - 0 1
0,1,0,0,0,0,0,1,-1,1,0,1,1,1,0,0,0,0,0,16,0,0,5,1,1,5,6,4,3,23,24,0,0,0,0,0,0,0,0,7,1,1,0,0,0,0,3,2,0,0,KRBKRNvK,DRAW,6n1/5k2/8/r7/8/8/1KBR4/8 b - - 0 1
0,1,0,0,0,0,0,1,-1,1,0,1,1,1,0,0,0,0,0,16,0,0,3,4,2,7,5,1,4,17,28,0,0,0,0,0,0,0,0,7,1,1,1,0,0,0,2,0,0,0,KRBKRNvK,DRAW,1n3r2/1R6/7k/8/8/4K3/2B5/8 b - - 0 1
1,1,0,0,0,0,0,1,-1,1,0,1,1,1,0,0,0,0,0,16,0,0,3,4,4,3,7,0,3,23,23,0,0,0,0,0,0,0,0,7,1,1,0,0,0,0,4,1,0,1,KRBKRNvK,DRAW,3k3r/8/8/2n1K3/8/8/4R3/7B w - - 0 1
0,1,0,0,0,0,0,1,-1,1,0,1,1,1,0,0,0,0,0,16,0,0,3,5,0,2,0,4,4,4,0,1,0,0,0,0,0,0,0,7,1,1,0,0,0,0,2,0,0,1,KRBKRNvK,DRAW,r7/8/8/1B6/2R5/7n/8/2k2K2 b - - 0 1
1,1,0,0,0,0,0,1,-1,1,0,1,1,1,0,0,0,0,0,16,0,0,3,6,7,3,6,5,2,27,25,0,0,0,0,0,0,0,0,7,1,1,0,1,0,0,1,1,2,0,KRBKRNvK,DRAW,1R4K1/3k4/8/3B4/8/3n4/7r/8 w - - 0 1
0,1,0,0,0,0,0,1,-1,1,0,1,1,1,0,0,0,0,0,16,0,0,4,5,0,6,4,4,2,23,24,0,0,0,0,0,0,0,0,7,1,1,0,0,0,0,2,2,1,1,KRBKRNvK,DRAW,8/8/4R3/2r3k1/8/3n4/7B/5K2 b - - 0 1
1,1,0,0,0,0,0,1,-1,1,0,1,1,1,0,0,0,0,0,16,0,0,2,5,7,7,7,4,6,3,0,1,0,0,0,0,0,0,0,7,1,1,0,0,0,0,1,0,0,0,KRBKRNvK,DRAW,5K1k/8/8/8/7n/5r2/B6R/8 w - - 0 1
1,1,0,0,0,0,0,1,-1,1,0,1,1,1,0,0,0,0,0,16,0,0,3,7,5,4,7,4,3,24,21,0,0,0,0,0,0,0,0,7,1,1,0,0,0,0,1,0,0,0,KRBKRNvK,DRAW,4k3/1r5B/7K/8/n7/5R2/8/8 w - - 0 1
1,1,0,0,0,0,0,1,-1,1,0,1,1,1,0,0,0,0,0,16,0,0,7,0,1,7,6,5,5,23,24,0,0,0,0,0,0,0,0,7,1,1,0,0,0,0,0,1,1,0,KRBKRNvK,DRAW,8/1r5k/5R2/B7/8/3n4/K7/8 w - - 0 1
0,1,0,0,0,0,0,1,-1,1,0,1,1,1,0,0,0,0,0,16,0,0,4,2,6,6,2,3,3,17,29,0,0,0,0,0,0,0,0,7,1,1,0,0,0,0,1,1,1,0,KRBKRNvK,DRAW,8/B1K5/8/8/5n2/5rk1/8/7R b - - 0 1
0,1,0,0,0,0,0,1,-1,1,0,1,1,1,0,0,0,0,0,16,0,0,2,1,5,2,7,3,4,19,24,0,0,0,0,0,0,0,0,7,1,1,0,0,0,0,0,0,0,2,KRBKRNvK,DRAW,r1k5/8/1K6/8/1B1n4/6R1/8/8 b - - 0 1
1,1,0,0,0,0,0,1,-1,1,0,1,1,1,0,0,0,0,0,16,0,0,3,2,5,1,2,2,3,6,0,1,0,0,0,0,0,0,0,7,1,1,0,0,0,0,1,0,0,0,KRBKRNvK,DRAW,8/8/R1K2r2/8/8/1k6/8/4nB2 w - - 0 1
0,1,0,0,0,0,0,1,-1,1,0,1,1,1,0,0,0,0,0,16,0,0,3,1,5,4,4,3,0,22,27,0,0,0,0,0,0,0,0,7,1,1,0,1,0,0,2,3,1,0,KRBKRNvK,DRAW,3R4/8/1K6/3Bk3/8/8/2r5/5n2 b - - 0 1
0,1,0,0,0,0,0,1,-1,1,0,1,1,1,0,0,0,0,0,16,0,0,5,3,0,4,5,3,1,25,24,0,0,0,0,0,0,0,0,7,1,1,0,0,0,0,0,2,0,0,KRBKRNvK,DRAW,2r5/6n1/4k3/8/8/R7/8/3K1B2 b - - 0 1
0,1,0,0,0,0,0,1,-1,1,0,1,1,1,0,0,0,0,0,16,0,0,6,6,2,0,6,3,5,4,0,1,0,0,0,0,0,0,0,7,1,1,1,0,0,0,2,0,0,0,KRBKRNvK,DRAW,8/k2R4/n7/8/8/6K1/3B4/3r4 b - - 0 1
0,1,0,0,0,0,0,1,-1,1,0,1,1,1,0,0,0,0,0,16,0,0,6,3,1,3,7,2,3,5,0,1,0,0,0,0,0,0,0,7,1,1,0,0,0,0,3,0,0,0,KRBKRNvK,DRAW,3kn3/7r/8/3R4/2B5/8/3K4/8 b - - 0 1
0,1,0,0,0,0,0,1,-1,1,0,1,1,1,0,0,0,0,0,16,0,0,4,0,3,0,7,3,6,22,22,0,0,0,0,0,0,0,0,7,1,1,0,1,0,0,1,1,0,1,KRBKRNvK,DRAW,k7/5n2/5R2/8/K7/8/1r6/6B1 b - - 0 1
1,1,0,0,0,0,0,1,-1,1,0,1,1,1,0,0,0,0,0,16,0,0,3,4,4,7,5,0,4,6,0,1,0,0,0,0,0,0,0,7,1,1,0,0,0,0,4,2,0,1,KRBKRNvK,DRAW,1B2R3/8/7k/2r1K3/8/n7/8/8 w - - 0 1
0,1,0,0,0,0,0,1,-1,1,0,1,1,1,0,0,0,0,0,16,0,0,4,6,4,2,4,2,1,24,23,0,0,0,0,0,0,0,0,7,1,1,0,0,0,0,1,3,2,1,KRBKRNvK,DRAW,5r2/8/8/2k3K1/R1B5/6n1/8/8 b - - 0 1
1,1,0,0,0,0,0,1,-1,1,0,1,1,1,0,0,0,0,0,16,0,0,2,3,2,1,1,1,4,4,0,1,0,0,0,0,0,0,0,7,1,1,0,0,0,0,2,1,0,1,KRBKRNvK,DRAW,8/5n2/8/7B/6R1/3K4/1k6/3r4 w - - 0 1
0,1,0,0,0,0,0,1,-1,1,0,1,1,1,0,0,0,0,0,16,0,0,3,2,5,5,4,2,1,17,20,0,0,0,0,0,0,0,0,7,1,1,0,0,0,0,2,2,1,0,KRBKRNvK,DRAW,5n2/5r2/2KR4/1B3k2/8/8/8/8 b - - 0 1
0,1,0,0,0,0,0,1,-1,1,0,1,1,1,0,0,0,0,0,16,0,0,5,3,6,3,1,2,2,21,27,0,0,0,0,0,0,0,0,7,1,1,0,0,0,0,2,0,1,1,KRBKRNvK,DRAW,1r6/3K4/n7/8/8/5B2/3k4/R7 b - - 0 1
1,1,0,0,0,0,0,1,-1,1,0,1,1,1,0,0,0,0,0,16,0,0,2,2,2,4,4,2,0,26,22,0,0,0,0,0,0,0,0,7,1,1,1,0,0,0,1,3,0,1,KRBKRNvK,DRAW,6r1/1R6/7B/4k3/8/2K5/8/n7 w - - 0 1
0,1,0,0,0,0,0,1,-1,1,0,1,1,1,0,0,0,0,0,16,0,0,7,1,0,0,7,5,6,22,25,0,0,0,0,0,0,0,0,7,1,1,0,0,0,0,0,1,1,0,KRBKRNvK,DRAW,k7/7r/B7/8/8/2R3n1/8/1K6 b - - 0 1
0,1,0,0,0,0,0,1,-1,1,0,1,1,1,0,0,0,0,0,16,0,0,4,3,1,5,5,2,2,21,26,0,0,0,0,0,0,0,0,7,1,1,0,0,0,0,1,1,1,0,KRBKRNvK,DRAW,8/2r5/5k2/7n/4B3/8/3K2R1/8 b - - 0 1
1,1,0,0,0,0,0,1,-1,1,0,1,1,1,0,0,0,0,0,16,0,0,4,6,3,2,6,2,3,27,23,0,0,0,0,0,0,0,0,7,1,1,0,0,0,0,0,1,0,0,KRBKRNvK,DRAW,8/2k5/3r4/3n4/6K1/5R2/8/4B3 w - - 0 1
1,1,0,0,0,0,0,1,-1,1,0,1,1,1,0,0,0,0,0,16,0,0,4,7,1,5,5,5,2,25,19,0,0,0,0,0,0,0,0,7,1,1,0,0,0,0,1,1,1,0,KRBKRNvK,DRAW,2r1n3/7B/5k2/8/8/8/7K/1R6 w - - 0 1
0,1,0,0,0,0,0,1,-1,1,0,1,1,1,0,0,0,0,0,16,0,0,3,6,6,3,4,4,0,22,24,0,0,0,0,0,0,0,0,7,1,1,0,0,0,0,2,3,0,1,KRBKRNvK,DRAW,8/6K1/5r2/3k4/7R/8/7n/3B4 b - - 0 1
0,1,0,0,0,0,0,1,-1,1,0,1,1,1,0,0,0,0,0,16,0,0,2,5,4,5,2,1,2,4,0,1,0,0,0,0,0,0,0,7,1,1,0,0,0,0,3,2,1,0,KRBKRNvK,DRAW,4r3/7B/8/5K2/2n2R2/5k2/8/8 b - - 0 1
0,1,0,0,0,0,0,1,-1,1,0,1,1,1,0,0,0,0,0,16,0,0,3,6,1,3,3,4,0,4,0,1,0,0,0,0,0,0,0,7,1,1,0,0,0,0,2,4,1,0,KRBKRNvK,DRAW,3r4/8/8/8/3k2R1/8/5BK1/n7 b - - 0 1
1,1,0,0,0,0,0,1,-1,1,0,1,1,1,0,0,0,0,0,16,0,0,3,5,2,2,4,2,1,23,26,0,0,0,0,0,0,0,0,7,1,1,1,0,0,0,2,4,0,1,KRBKRNvK,DRAW,1B6/5R2/6n1/2k5/7r/5K2/8/8 w - - 0 1
1,1,0,0,0,0,0,1,-1,1,0,1,1,1,0,0,0,0,0,16,0,0,7,7,0,4,7,6,3,3,0,1,0,0,0,0,0,0,0,7,1,1,0,0,0,0,2,0,0,0,KRBKRNvK,DRAW,4kn2/8/7r/3B4/2R5/8/8/7K w - - 0 1
0,1,0,0,0,0,0,1,-1,1,0,1,1,1,0,0,0,0,0,16,0,0,6,7,6,7,0,5,6,2,0,1,0,0,0,0,0,0,0,7,1,1,0,0,0,0,3,0,1,0,KRBKRNvK,DRAW,2n5/7K/8/8/6R1/5B2/8/6rk b - - 0 1
0,1,0,0,0,0,0,1,-1,1,0,1,1,1,0,0,0,0,0,16,0,0,3,0,2,3,2,4,1,17,24,0,0,0,0,0,0,0,0,7,1,1,1,0,0,0,1,3,0,1,KRBKRNvK,DRAW,3r4/2R5/8/8/8/K2k4/8/2n3B1 b - - 0 1
0,1,0,0,0,0,0,1,-1,1,0,1,1,1,0,0,0,0,0,16,0,0,5,5,5,0,2,2,4,21,19,0,0,0,0,0,0,0,0,7,1,1,0,0,0,0,3,0,0,1,KRBKRNvK,DRAW,5B2/6n1/3R1K2/8/8/kr6/8/8 b - - 0 1
1,1,0,0,0,0,0,1,-1,1,0,1,1,1,0,0,0,0,0,16,0,0,6,1,6,5,0,4,4,27,22,0,0,0,0,0,0,0,0,7,1,1,0,0,0,0,2,3,2,0,KRBKRNvK,DRAW,8/1K6/8/7r/8/6R1/5n2/5k1B w - - 0 1
1,1,0,0,0,0,0,1,-1,1,0,1,1,1,0,0,0,0,0,16,0,0,3,0,3,2,0,3,4,29,15,0,0,0,0,0,0,0,0,7,1,1,0,0,0,0,1,2,0,0,KRBKRNvK,DRAW,8/8/6R1/8/K3B3/8/8/n1kr4 w - - 0 1
0,1,0,0,0,0,0,1,-1,1,0,1,1,1,0,0,0,0,0,16,0,0,4,4,5,6,1,1,4,22,20,0,0,0,0,0,0,0,0,7,1,1,0,0,0,0,3,2,0,0,KRBKRNvK,WIN,1n6/8/4K2R/r7/8/8/6k1/1B6 b - - 0 1
1,1,0,0,0,0,0,1,-1,1,0,1,1,1,0,0,0,0,0,16,0,0,5,2,0,7,5,4,4,22,19,0,0,0,0,0,0,0,0,7,1,1,1,0,0,0,0,2,0,0,KRBKRNvK,DRAW,2B5/2R5/7k/3r3n/8/8/8/2K5 w - - 0 1
1,1,0,0,0,0,0,1,-1,1,0,1,1,1,0,0,0,0,0,16,0,0,5,6,3,1,4,2,2,27,27,0,0,0,0,0,0,0,0,7,1,1,0,0,0,0,2,1,0,1,KRBKRNvK,DRAW,8/2r5/8/1k6/6K1/7R/4n1B1/8 w - - 0 1
0,1,0,0,0,0,0,1,-1,1,0,1,1,1,0,0,0,0,0,16,0,0,6,0,6,1,0,5,5,23,23,0,0,0,0,0,0,0,0,7,1,1,0,0,0,0,3,1,0,0,KRBKRNvK,DRAW,8/K7/6n1/R7/8/2r5/8/1k4B1 b - - 0 1
1,1,0,0,0,0,0,1,-1,1,0,1,1,1,0,0,0,0,0,16,0,0,2,6,4,6,2,2,3,26,21,0,0,0,0,0,0,0,0,7,1,1,0,1,0,0,0,0,0,0,KRBKRNvK,DRAW,8/4B3/R7/6K1/8/6k1/1r6/1n6 w - - 0 1
1,1,0,0,0,0,0,1,-1,1,0,1,1,1,0,0,0,0,0,16,0,0,5,4,5,7,0,1,6,27,14,0,0,0,0,0,0,0,0,7,1,1,1,1,0,0,2,0,0,0,KRBKRNvK,WIN,4B3/6R1/4K2n/8/8/8/7r/7k w - - 0 1
1,1,0,0,0,0,0,1,-1,1,0,1,1,1,0,0,0,0,0,16,0,0,3,4,5,1,3,1,2,25,24,0,0,0,0,0,0,0,0,7,1,1,0,0,0,0,2,2,0,1,KRBKRNvK,DRAW,nB6/8/4K3/6r1/1k6/8/7R/8 w - - 0 1
1,1,0,0,0,0,0,1,-1,1,0,1,1,1,0,0,0,0,0,16,0,0,4,4,1,6,5,2,3,5,0,1,0,0,0,0,0,0,0,7,1,1,0,1,0,0,0,0,1,2,KRBKRNvK,DRAW,2R5/4B3/6k1/8/8/8/2r1K3/6n1 w - - 0 1
1,1,0,0,0,0,0,1,-1,1,0,1,1,1,0,0,0,0,0,16,0,0,5,7,0,2,3,6,1,24,27,0,0,0,0,0,0,0,0,7,1,1,0,0,0,0,3,3,1,0,KRBKRNvK,DRAW,8/B2r4/4R3/8/2k5/2n5/8/7K w - - 0 1
0,1,0,0,0,0,0,1,-1,1,0,1,1,1,0,0,0,0,0,16,0,0,5,2,6,7,7,3,6,3,0,1,0,0,0,0,0,0,0,7,1,1,0,0,0,0,2,0,0,0,KRBKRNvK,DRAW,3B1n1k/2K5/8/7R/8/8/8/r7 b - - 0 1
0,1,0,0,0,0,0,1,-1,1,0,1,1,1,0,0,0,0,0,16,0,0,5,5,7,7,2,4,4,16,22,0,0,0,0,0,0,0,0,7,1,1,0,0,0,0,2,0,1,1,KRBKRNvK,DRAW,1B3K2/1n5r/8/5R2/8/7k/8/8 b - - 0 1
1,1,0,0,0,0,0,1,-1,1,0,1,1,1,0,0,0,0,0,16,0,0,2,3,5,5,7,1,4,24,15,0,0,0,0,0,0,0,0,7,1,1,0,0,0,0,2,0,0,0,KRBKRNvK,DRAW,5k2/n7/3K4/1R6/8/8/7B/7r w - - 0 1
0,1,0,0,0,0,0,1,-1,1,0,1,1,1,0,0,0,0,0,16,0,0,5,6,4,1,7,2,5,18,20,0,0,0,0,0,0,0,0,7,1,1,0,0,0,0,2,0,0,0,KRBKRNvK,DRAW,nk3r2/6B1/8/6KR/8/8/8/8 b - - 0 1
1,1,0,0,0,0,0,1,-1,1,0,1,1,1,0,0,0,0,0,16,0,0,5,5,1,1,6,3,4,27,24,0,0,0,0,0,0,0,0,7,1,1,0,0,0,0,2,3,0,1,KRBKRNvK,DRAW,5B2/1k1r4/8/7R/8/8/3n1K2/8 w - - 0 1
1,1,0,0,0,0,0,1,-1,1,0,1,1,1,0,0,0,0,0,16,0,0,4,3,3,7,5,0,4,6,0,1,0,0,0,0,0,0,0,7,1,1,0,0,0,0,3,2,1,0,KRBKRNvK,DRAW,5R2/5n2/7k/8/r2K4/8/8/4B3 w - - 0 1
0,1,0,0,0,0,0,1,-1,1,0,1,1,1,0,0,0,0,0,16,0,0,4,0,0,0,4,6,3,19,25,0,0,0,0,0,0,0,0,7,1,1,0,0,0,0,0,0,0,0,KRBKRNvK,DRAW,6r1/8/5R2/k7/n7/8/4B3/K7 b - - 0 1
1,1,0,0,0,0,0,1,-1,1,0,1,1,1,0,0,0,0,0,16,0,0,7,2,7,3,0,4,3,23,18,0,0,0,0,0,0,0,0,7,1,1,0,0,0,0,0,2,0,0,KRBKRNvK,DRAW,2K4n/8/1R5B/8/8/3r4/8/3k4 w - - 0 1
1,1,0,0,0,0,0,1,-1,1,0,1,1,1,0,0,0,0,0,16,0,0,3,6,6,6,3,4,2,8,0,1,0,0,0,0,0,0,0,7,1,1,0,0,0,0,0,1,1,0,KRBKRNvK,DRAW,8/2r3K1/8/1B6/2n3k1/5R2/8/8 w - - 0 1
0,1,0,0,0,0,0,1,-1,1,0,1,1,1,0,0,0,0,0,16,0,0,5,4,7,6,2,3,3,23,25,0,0,0,0,0,0,0,0,7,1,1,1,0,0,0,0,2,0,0,KRBKRNvK,DRAW,4K3/5R2/8/3r4/nB6/6k1/8/8 b - - 0 1
1,1,0,0,0,0,0,1,-1,1,0,1,1,1,0,0,0,0,0,16,0,0,4,6,1,7,5,4,4,4,0,1,0,0,0,0,0,0,0,7,1,1,1,0,0,0,2,1,0,1,KRBKRNvK,DRAW,8/2R5/7k/8/5n2/8/1B4K1/2r5 w - - 0 1
1,1,0,0,0,0,0,1,-1,1,0,1,1,1,0,0,0,0,0,16,0,0,2,0,0,1,2,6,3,24,21,0,0,0,0,0,0,0,0,7,1,1,1,0,0,0,0,2,1,0,KRBKRNvK,DRAW,2n5/7R/8/8/1B4r1/1k6/8/K7 w - - 0 1
0,1,0,0,0,0,0,1,-1,1,0,1,1,1,0,0,0,0,0,16,0,0,5,5,5,0,4,2,3,23,30,0,0,0,0,0,0,0,0,7,1,1,0,0,0,0,3,2,0,0,KRBKRNvK,DRAW,1R6/8/5K2/k1r5/8/4nB2/8/8 b - - 0 1
1,1,0,0,0,0,0,1,-1,1,0,1,1,1,0,0,0,0,0,16,0,0,3,3,3,3,0,0,3,4,0,1,0,0,0,0,0,0,0,7,1,1,0,0,0,0,4,2,0,1,KRBKRNvK,DRAW,8/8/7B/3R1n2/3K2r1/8/8/3k4 w - - 0 1
0,1,0,0,0,0,0,1,-1,1,0,1,1,1,0,0,0,0,0,16,0,0,5,2,2,7,5,2,4,21,28,0,0,0,0,0,0,0,0,7,1,1,0,0,0,0,2,2,0,0,KRBKRNvK,DRAW,8/8/3B3k/8/5r2/2K5/8/R6n b - - 0 1
1,1,0,0,0,0,0,1,-1,1,0,1,1,1,0,0,0,0,0,16,0,0,3,3,6,0,4,2,3,29,22,0,0,0,0,0,0,0,0,7,1,1,0,0,0,0,2,1,0,0,KRBKRNvK,DRAW,8/3K2B1/8/k7/6n1/5r2/1R6/8 w - - 0 1
1,1,0,0,0,0,0,1,-1,1,0,1,1,1,0,0,0,0,0,16,0,0,5,1,6,1,1,4,4,6,0,1,0,0,0,0,0,0,0,7,1,1,0,0,0,0,0,0,0,0,KRBKRNvK,DRAW,2R5/1K4r1/8/8/8/8/1k5n/4B3 w - - 0 1
0,1,0,0,0,0,0,1,-1,1,0,1,1,1,0,0,0,0,0,16,0,0,2,7,3,5,5,3,2,5,0,1,0,0,0,0,0,0,0,7,1,1,0,0,0,0,1,1,0,0,KRBKRNvK,DRAW,8/8/1R3k2/8/7K/2rB4/8/4n3 b - - 0 1
1,1,0,0,0,0,0,1,-1,1,0,1,1,1,0,0,0,0,0,16,0,0,3,7,2,4,3,4,0,12,25,0,0,0,0,0,0,0,0,7,1,1,0,0,0,0,1,3,1,0,KRBKRNvK,DRAW,8/8/8/8/3nk3/1r4BK/8/7R w - - 0 1
0,1,0,0,0,0,0,1,-1,1,0,1,1,1,0,0,0,0,0,16,0,0,3,2,4,5,5,1,2,25,25,0,0,0,0,0,0,0,0,7,1,1,0,0,0,0,2,2,0,0,KRBKRNvK,DRAW,1r6/8/5k2/2K5/B7/8/3n4/6R1 b - - 0 1
1,1,0,0,0,0,0,1,-1,1,0,1,1,1,0,0,0,0,0,16,0,0,3,2,3,0,0,1,6,26,16,0,0,0,0,0,0,0,0,7,1,1,0,0,0,0,3,0,0,0,KRBKRNvK,WIN,8/8/8/5RB1/2K5/8/8/kr4n1 w - - 0 1
1,1,0,0,0,0,0,1,-1,1,0,1,1,1,0,0,0,0,0,16,0,0,4,3,0,5,4,3,1,3,0,1,0,0,0,0,0,0,0,7,1,1,0,0,0,0,0,3,0,1,KRBKRNvK,DRAW,8/4n3/8/5k2/8/2R5/8/2BK1r2 w - - 0 1
0,1,0,0,0,0,0,1,-1,1,0,1,1,1,0,0,0,0,0,16,0,0,3,6,1,3,0,4,3,22,27,0,0,0,0,0,0,0,0,7,1,1,0,0,0,0,3,2,0,0,KRBKRNvK,DRAW,4r3/6n1/8/R7/8/8/6K1/B2k4 b - - 0 1
1,1,0,0,0,0,0,1,-1,1,0,1,1,1,0,0,0,0,0,16,0,0,2,5,5,3,4,2,0,22,21,0,0,0,0,0,0,0,0,7,1,1,0,0,0,0,2,3,0,0,KRBKRNvK,DRAW,8/1r6/5K2/3k4/8/8/8/nB4R1 w - - 0 1
0,1,0,0,0,0,0,1,-1,1,0,1,1,1,0,0,0,0,0,16,0,0,3,1,4,4,5,2,1,4,0,1,0,0,0,0,0,0,0,7,1,1,0,0,0,0,3,2,1,1,KRBKRNvK,DRAW,8/8/2r1k3/1K6/2B5/4R3/8/2n5 b - - 0 1
0,1,0,0,0,0,0,1,-1,1,0,1,1,1,0,0,0,0,0,16,0,0,2,5,4,5,2,1,2,3,0,1,0,0,0,0,0,0,0,7,1,1,0,0,0,0,2,1,1,0,KRBKRNvK,DRAW,7r/8/n3R3/5K2/8/5k2/4B3/8 b - - 0 1
0,1,0,0,0,0,0,1,-1,1,0,1,1,1,0,0,0,0,0,16,0,0,5,4,5,1,0,1,5,3,0,1,0,0,0,0,0,0,0,7,1,1,0,0,0,0,2,2,1,1,KRBKRNvK,DRAW,5B2/3r4/4K3/8/8/1R6/2n5/1k6 b - - 0 1
1,1,0,0,0,0,0,1,-1,1,0,1,1,1,0,0,0,0,0,16,0,0,7,0,5,7,7,4,6,25,19,0,0,0,0,0,0,0,0,7,1,1,0,0,0,0,1,2,1,0,KRBKRNvK,DRAW,3n3k/7B/K7/8/8/2R5/8/3r4 w - - 0 1
0,1,0,0,0,0,0,1,-1,1,0,1,1,1,0,0,0,0,0,16,0,0,4,5,2,1,4,2,2,16,28,0,0,0,0,0,0,0,0,7,1,1,0,0,0,0,3,0,0,1,KRBKRNvK,DRAW,4R3/8/8/rk5n/8/5K2/5B2/8 b - - 0 1
1,1,0,0,0,0,0,1,-1,1,0,1,1,1,0,0,0,0,0,16,0,0,3,0,2,3,5,4,1,4,0,1,0,0,0,0,0,0,0,7,1,1,0,0,0,0,1,2,0,1,KRBKRNvK,DRAW,8/8/3k3r/8/2n5/K3B3/1R6/8 w - - 0 1
0,1,0,0,0,0,0,1,-1,1,0,1,1,1,0,0,0,0,0,16,0,0,6,6,7,0,3,5,3,21,28,0,0,0,0,0,0,0,0,7,1,1,0,0,0,0,2,3,0,0,KRBKRNvK,DRAW,6K1/2n5/8/8/kr6/3R4/5B2/8 b - - 0 1
1,1,0,0,0,0,0,1,-1,1,0,1,1,1,0,0,0,0,0,16,0,0,2,3,7,5,7,3,4,21,20,0,0,0,0,0,0,0,0,7,1,1,0,0,0,0,1,2,1,0,KRBKRNvK,DRAW,2RK1k2/8/4B3/8/8/3n4/8/4r3 w - - 0 1
1,1,0,0,0,0,0,1,-1,1,0,1,1,1,0,0,0,0,0,16,0,0,6,1,1,6,7,4,5,27,22,0,0,0,0,0,0,0,0,7,1,1,0,0,0,0,2,0,0,0,KRBKRNvK,DRAW,6k1/r7/8/8/4RB2/8/1K6/6n1 w - - 0 1
0,1,0,0,0,0,0,1,-1,1,0,1,1,1,0,0,0,0,0,16,0,0,2,4,4,6,5,0,3,24,20,0,0,0,0,0,0,0,0,7,1,1,0,0,0,0,3,2,0,1,KRBKRNvK,DRAW,8/8/B5k1/4K3/3r4/8/8/1R2n3 b - - 0 1
0,1,0,0,0,0,0,1,-1,1,0,1,1,1,0,0,0,0,0,16,0,0,4,1,4,4,0,2,3,3,0,1,0,0,0,0,0,0,0,7,1,1,0,0,0,0,2,0,0,0,KRBKRNvK,LOSS,4n2r/6B1/8/1K6/8/8/8/1R2k3 b - - 0 1
1,1,0,0,0,0,0,1,-1,1,0,1,1,1,0,0,0,0,0,16,0,0,2,6,4,7,2,2,4,5,0,1,0,0,0,0,0,0,0,7,1,1,0,0,0,0,2,1,0,0,KRBKRNvK,DRAW,1R6/8/8/6K1/8/7k/5n2/B5r1 w - - 0 1
1,1,0,0,0,0,0,1,-1,1,0,1,1,1,0,0,0,0,0,16,0,0,3,6,5,3,4,3,0,26,20,0,0,0,0,0,0,0,0,7,1,1,0,0,0,0,2,4,0,0,KRBKRNvK,DRAW,3r4/8/6K1/3k4/6R1/8/2B1n3/8 w - - 0 1
0,1,0,0,0,0,0,1,-1,1,0,1,1,1,0,0,0,0,0,16,0,0,7,0,3,7,3,3,3,22,23,0,0,0,0,0,0,0,0,7,1,1,0,0,0,0,1,2,0,0,KRBKRNvK,DRAW,1R3n2/8/4r3/8/K6k/8/8/1B6 b - - 0 1
0,1,0,0,0,0,0,1,-1,1,0,1,1,1,0,0,0,0,0,16,0,0,5,6,2,4,7,3,3,14,21,0,0,0,0,0,0,0,0,7,1,1,0,0,0,0,2,2,0,0,KRBKRNvK,DRAW,3rk3/8/8/1n6/B5R1/6K1/8/8 b - - 0 1
1,1,0,0,0,0,0,1,-1,1,0,1,1,1,0,0,0,0,0,16,0,0,6,0,2,6,6,4,4,24,22,0,0,0,0,0,0,0,0,7,1,1,0,0,0,0,2,1,1,0,KRBKRNvK,DRAW,8/2r3k1/6n1/5R2/6B1/K7/8/8 w - - 0 1
1,1,0,0,0,0,0,1,-1,1,0,1,1,1,0,0,0,0,0,16,0,0,2,0,2,2,3,4,1,4,0,1,0,0,0,0,0,0,0,7,1,1,0,0,0,0,1,2,0,0,KRBKRNvK,DRAW,8/B7/8/8/2k5/K4r2/6nR/8 w - - 0 1
1,1,0,0,0,0,0,1,-1,1,0,1,1,1,0,0,0,0,0,16,0,0,4,1,5,5,7,3,4,8,0,1,0,0,0,0,0,0,0,7,1,1,0,0,0,0,1,2,0,0,KRBKRNvK,DRAW,5k2/8/1K5r/5B2/8/5n2/1R6/8 w - - 0 1
0,1,0,0,0,0,0,1,-1,1,0,1,1,1,0,0,0,0,0,16,0,0,4,7,3,7,7,3,6,23,26,0,0,0,0,0,0,0,0,7,1,1,0,0,0,0,0,1,0,0,KRBKRNvK,DRAW,7k/2n5/1r6/8/B6K/5R2/8/8 b - - 0 1
0,1,0,0,0,0,0,1,-1,1,0,1,1,1,0,0,0,0,0,16,0,0,3,6,6,6,3,4,2,18,27,0,0,0,0,0,0,0,0,7,1,1,0,0,0,0,3,1,1,0,KRBKRNvK,DRAW,3r4/1B1n2K1/8/8/6k1/4R3/8/8 b - - 0 1
1,1,0,0,0,0,0,1,-1,1,0,1,1,1,0,0,0,0,0,16,0,0,6,1,1,4,7,4,3,24,20,0,0,0,0,0,0,0,0,7,1,1,0,0,0,0,2,0,1,0,KRBKRNvK,DRAW,4k1B1/8/8/1R6/8/6r1/1K4n1/8 w - - 0 1
1,1,0,0,0,0,0,1,-1,1,0,1,1,1,0,0,0,0,0,16,0,0,2,2,2,3,0,2,3,5,0,1,0,0,0,0,0,0,0,7,1,1,1,1,0,0,1,2,0,2,KRBKRNvK,DRAW,8/7R/8/8/n7/2K4B/4r3/3k4 w - - 0 1
0,1,0,0,0,0,0,1,-1,1,0,1,1,1,0,0,0,0,0,16,0,0,3,0,5,3,6,4,2,4,0,1,0,0,0,0,0,0,0,7,1,1,0,1,0,0,2,1,0,0,KRBKRNvK,DRAW,8/3k1n2/K7/8/8/4R2B/2r5/8 b - - 0 1
1,1,0,0,0,0,0,1,-1,1,0,1,1,1,0,0,0,0,0,16,0,0,2,3,2,5,3,1,1,25,18,0,0,0,0,0,0,0,0,7,1,1,0,0,0,0,3,3,1,0,KRBKRNvK,DRAW,8/r3n3/8/8/5k2/3K2R1/1B6/8 w - - 0 1
1,1,0,0,0,0,0,1,-1,1,0,1,1,1,0,0,0,0,0,16,0,0,6,7,1,1,1,5,4,24,20,0,0,0,0,0,0,0,0,7,1,1,0,0,0,0,0,2,0,0,KRBKRNvK,DRAW,3r2n1/8/8/8/8/5R1B/1k5K/8 w - - 0 1
1,1,0,0,0,0,0,1,-1,1,0,1,1,1,0,0,0,0,0,16,0,0,5,5,3,0,1,1,5,15,24,0,0,0,0,0,0,0,0,7,1,1,0,0,0,0,2,1,0,0,KRBKRNvK,DRAW,8/8/8/6B1/1n3KR1/8/k7/2r5 w - - 0 1
1,1,0,0,0,0,0,1,-1,1,0,1,1,1,0,0,0,0,0,16,0,0,3,7,3,7,6,3,5,3,0,1,0,0,0,0,0,0,0,7,1,1,0,0,0,0,1,0,1,0,KRBKRNvK,DRAW,8/7k/5B2/4n3/7K/1R6/8/7r w - - 0 1
1,1,0,0,0,0,0,1,-1,1,0,1,1,1,0,0,0,0,0,16,0,0,2,0,5,0,7,4,6,23,18,0,0,0,0,0,0,0,0,7,1,1,0,1,0,0,2,0,0,0,KRBKRNvK,WIN,k7/8/K3R3/8/8/8/5r2/2B2n2 w - - 0 1
0,1,0,0,0,0,0,1,-1,1,0,1,1,1,0,0,0,0,0,16,0,0,6,7,0,2,6,6,3,30,19,0,0,0,0,0,0,0,0,7,1,1,0,0,0,0,1,2,0,0,KRBKRNvK,DRAW,8/2k5/8/8/4n2R/3r4/8/2B4K b - - 0 1
1,1,0,0,0,0,0,1,-1,1,0,1,1,1,0,0,0,0,0,16,0,0,7,0,2,7,7,4,6,26,19,0,0,0,0,0,0,0,0,7,1,1,0,1,0,0,2,0,1,0,KRBKRNvK,DRAW,7k/6n1/6B1/8/2R5/K7/5r2/8 w - - 0 1
0,1,0,0,0,0,0,1,-1,1,0,1,1,1,0,0,0,0,0,16,0,0,3,1,3,2,0,2,4,20,23,0,0,0,0,0,0,0,0,7,1,1,0,0,0,0,2,0,1,0,KRBKRNvK,DRAW,B4n2/7r/8/8/1K6/1R6/8/2k5 b - - 0 1
0,1,0,0,0,0,0,1,-1,1,0,1,1,1,0,0,0,0,0,16,0,0,3,1,1,4,2,4,1,5,0,1,0,0,0,0,0,0,0,7,1,1,0,0,0,0,0,2,0,0,KRBKRNvK,DRAW,8/8/3n4/8/1B4r1/R3k3/1K6/8 b - - 0 1
1,1,0,0,0,0,0,1,-1,1,0,1,1,1,0,0,0,0,0,16,0,0,6,6,0,1,6,5,4,14,23,0,0,0,0,0,0,0,0,7,1,1,0,0,0,0,0,2,0,0,KRBKRNvK,DRAW,8/1k1r4/8/7B/8/8/8/1n4KR w - - 0 1
1,1,0,0,0,0,0,1,-1,1,0,1,1,1,0,0,0,0,0,16,0,0,3,1,3,4,6,2,2,6,0,1,0,0,0,0,0,0,0,7,1,1,0,0,0,0,1,2,0,1,KRBKRNvK,DRAW,8/4k3/2n5/8/1KB5/8/8/5R1r w - - 0 1
1,1,0,0,0,0,0,1,-1,1,0,1,1,1,0,0,0,0,0,16,0,0,2,1,6,3,7,4,3,25,18,0,0,0,0,0,0,0,0,7,1,1,0,0,0,0,2,2,0,0,KRBKRNvK,DRAW,3kr3/1K6/8/8/1R6/8/5n2/5B2 w - - 0 1
0,1,0,0,0,0,0,1,-1,1,0,1,1,1,0,0,0,0,0,16,0,0,4,6,0,2,0,5,4,23,27,0,0,0,0,0,0,0,0,7,1,1,0,0,0,0,1,2,0,0,KRBKRNvK,DRAW,8/2B5/4r3/2n5/8/8/5R2/2k3K1 b - - 0 1
0,1,0,0,0,0,0,1,-1,1,0,1,1,1,0,0,0,0,0,16,0,0,4,6,2,7,6,3,5,24,29,0,0,0,0,0,0,0,0,7,1,1,0,0,0,0,3,2,0,0,KRBKRNvK,WIN,8/7k/4r3/2n5/8/6K1/1B1R4/8 b - - 0 1
0,1,0,0,0,0,0,1,-1,1,0,1,1,1,0,0,0,0,0,16,0,0,3,3,4,0,7,0,6,20,19,0,0,0,0,0,0,0,0,7,1,1,0,0,0,0,4,2,0,1,KRBKRNvK,DRAW,k7/8/8/3K3R/4r3/1B6/8/1n6 b - - 0 1
0,1,0,0,0,0,0,1,-1,1,0,1,1,1,0,0,0,0,0,16,0,0,2,4,5,4,7,1,3,2,0,1,0,0,0,0,0,0,0,7,1,1,0,0,0,0,2,2,2,0,KRBKRNvK,DRAW,4k3/3B4/2R1K3/8/8/r1n5/8/8 b - - 0 1
0,1,0,0,0,0,0,1,-1,1,0,1,1,1,0,0,0,0,0,16,0,0,4,1,1,0,5,4,4,2,0,1,0,0,0,0,0,0,0,7,1,1,0,0,0,0,2,0,0,1,KRBKRNvK,LOSS,3n4/8/k7/8/8/8/RK4B1/2r5 b - - 0 1
0,1,0,0,0,0,0,1,-1,1,0,1,1,1,0,0,0,0,0,16,0,0,4,0,3,4,3,3,0,15,25,0,0,0,0,0,0,0,0,7,1,1,0,0,0,0,2,4,1,0,KRBKRNvK,DRAW,6n1/8/8/1R4B1/K3k3/8/8/4r3 b - - 0 1
1,1,0,0,0,0,0,1,-1,1,0,1,1,1,0,0,0,0,0,16,0,0,3,4,0,1,3,3,2,30,16,0,0,0,0,0,0,0,0,7,1,1,0,0,0,0,2,0,0,0,KRBKRNvK,DRAW,8/7n/5B2/8/rk6/8/6R1/4K3 w - - 0 1
1,1,0,0,0,0,0,1,-1,1,0,1,1,1,0,0,0,0,0,16,0,0,6,2,7,1,1,4,4,30,22,0,0,0,0,0,0,0,0,7,1,1,0,0,0,0,3,1,0,0,KRBKRNvK,DRAW,2K5/8/8/5R2/8/1n2B2r/1k6/8 w - - 0 1
0,1,0,0,0,0,0,1,-1,1,0,1,1,1,0,0,0,0,0,16,0,0,6,6,2,0,5,3,4,21,24,0,0,0,0,0,0,0,0,7,1,1,1,0,0,0,1,2,1,1,KRBKRNvK,DRAW,8/2R4B/k7/8/5r2/6K1/8/3n4 b - - 0 1
0,1,0,0,0,0,0,1,-1,1,0,1,1,1,0,0,0,0,0,16,0,0,2,2,4,3,6,1,2,21,25,0,0,0,0,0,0,0,0,7,1,1,0,0,0,0,3,2,1,1,KRBKRNvK,DRAW,8/n2k4/5R2/2K5/7r/6B1/8/8 b - - 0 1
0,1,0,0,0,0,0,1,-1,1,0,1,1,1,0,0,0,0,0,16,0,0,4,2,2,6,0,2,5,23,28,0,0,0,0,0,0,0,0,7,1,1,0,0,0,0,3,0,0,1,KRBKRNvK,DRAW,5r2/8/4B3/2R5/8/2K5/8/4n1k1 b - - 0 1
0,1,0,0,0,0,0,1,-1,1,0,1,1,1,0,0,0,0,0,16,0,0,5,7,5,7,0,4,6,3,0,1,0,0,0,0,0,0,0,7,1,1,0,0,0,0,0,1,1,0,KRBKRNvK,DRAW,8/8/7K/8/8/2r3nB/8/1R5k b - - 0 1
1,1,0,0,0,0,0,1,-1,1,0,1,1,1,0,0,0,0,0,16,0,0,2,1,4,3,4,2,0,2,0,1,0,0,0,0,0,0,0,7,1,1,0,0,0,0,0,4,0,1,KRBKRNvK,DRAW,7R/8/8/1K1k4/8/2n5/8/r2B4 w - - 0 1
0,1,0,0,0,0,0,1,-1,1,0,1,1,1,0,0,0,0,0,16,0,0,3,3,1,0,1,2,5,24,20,0,0,0,0,0,0,0,0,7,1,1,0,0,0,0,2,1,0,1,KRBKRNvK,DRAW,4R3/8/8/8/8/6n1/k2K3B/5r2 b - - 0 1
0,1,0,0,0,0,0,1,-1,1,0,1,1,1,0,0,0,0,0,16,0,0,2,7,6,7,4,5,3,20,19,0,0,0,0,0,0,0,0,7,1,1,0,0,0,0,2,1,0,0,KRBKRNvK,DRAW,8/7K/8/7k/8/2rn4/6B1/6R1 b - - 0 1
1,1,0,0,0,0,0,1,-1,1,0,1,1,1,0,0,0,0,0,16,0,0,3,7,6,4,4,5,0,18,23,0,0,0,0,0,0,0,0,7,1,1,1,0,0,0,0,3,0,0,KRBKRNvK,DRAW,8/R6K/8/4k3/7B/7r/3n4/8 w - - 0 1
1,1,0,0,0,0,0,1,-1,1,0,1,1,1,0,0,0,0,0,16,0,0,3,4,5,7,6,1,5,26,24,0,0,0,0,0,0,0,0,7,1,1,0,0,0,0,2,3,0,1,KRBKRNvK,DRAW,8/7k/4K3/1r3n2/8/6B1/8/2R5 w - - 0 1
1,1,0,0,0,0,0,1,-1,1,0,1,1,1,0,0,0,0,0,16,0,0,5,4,7,4,2,3,1,2,0,1,0,0,0,0,0,0,0,7,1,1,0,0,0,0,0,2,0,2,KRBKRNvK,DRAW,1Br1K3/8/2Rn4/8/8/4k3/8/8 w - - 0 1
0,1,0,0,0,0,0,1,-1,1,0,1,1,1,0,0,0,0,0,16,0,0,2,4,2,4,4,1,0,20,25,0,0,0,0,0,0,0,0,7,1,1,0,0,0,0,2,3,0,0,KRBKRNvK,DRAW,5rn1/8/8/4k3/7R/4K3/4B3/8 b - - 0 1
0,1,0,0,0,0,0,1,-1,1,0,1,1,1,0,0,0,0,0,16,0,0,5,6,0,1,4,5,2,19,26,0,0,0,0,0,0,0,0,7,1,1,1,0,0,0,1,2,1,0,KRBKRNvK,DRAW,8/2R3n1/8/1k5r/8/4B3/8/6K1 b - - 0 1
1,1,0,0,0,0,0,1,-1,1,0,1,1,1,0,0,0,0,0,16,0,0,5,5,3,0,3,1,3,25,21,0,0,0,0,0,0,0,0,7,1,1,0,0,0,0,2,0,0,1,KRBKRNvK,DRAW,8/8/8/8/k2n1K2/r7/6R1/1B6 w - - 0 1
1,1,0,0,0,0,0,1,-1,1,0,1,1,1,0,0,0,0,0,16,0,0,2,3,1,1,1,2,4,25,26,0,0,0,0,0,0,0,0,7,1,1,1,0,0,0,0,2,1,0,KRBKRNvK,DRAW,r7/6R1/5n2/8/8/8/1k1K4/3B4 w - - 0 1
1,1,0,0,0,0,0,1,-1,1,0,1,1,1,0,0,0,0,0,16,0,0,6,0,7,3,1,6,2,21,23,0,0,0,0,0,0,0,0,7,1,1,0,0,0,0,0,0,1,1,KRBKRNvK,DRAW,K7/2r5/8/8/6Bn/5R2/3k4/8 w - - 0 1
0,1,0,0,0,0,0,1,-1,1,0,1,1,1,0,0,0,0,0,16,0,0,3,2,5,2,2,2,2,24,21,0,0,0,0,0,0,0,0,7,1,1,0,0,0,0,1,1,2,0,KRBKRNvK,DRAW,6r1/8/2K5/8/8/n1k5/B7/R7 b - - 0 1
0,1,0,0,0,0,0,1,-1,1,0,1,1,1,0,0,0,0,0,16,0,0,7,0,3,7,4,3,3,23,20,0,0,0,0,0,0,0,0,7,1,1,0,1,0,0,0,0,0,0,KRBKRNvK,DRAW,4n3/8/8/7k/K7/1R6/5r2/6B1 b - - 0 1
0,1,0,0,0,0,0,1,-1,1,0,1,1,1,0,0,0,0,0,16,0,0,4,0,0,1,4,6,2,20,21,0,0,0,0,0,0,0,0,7,1,1,0,0,0,0,1,2,1,0,KRBKRNvK,DRAW,8/8/8/1k2r3/8/R7/B7/K4n2 b - - 0 1
1,1,0,0,0,0,0,1,-1,1,0,1,1,1,0,0,0,0,0,16,0,0,4,5,3,3,7,1,3,5,0,1,0,0,0,0,0,0,0,7,1,1,0,1,0,0,3,0,0,2,KRBKRNvK,DRAW,3k4/8/8/3n4/R4K2/8/5r2/5B2 w - - 0 1
1,1,0,0,0,0,0,1,-1,1,0,1,1,1,0,0,0,0,0,16,0,0,3,3,5,0,5,1,4,29,19,0,0,0,0,0,0,0,0,7,1,1,0,0,0,0,4,0,1,0,KRBKRNvK,DRAW,B7/8/k2K4/8/7R/8/8/1n4r1 w - - 0 1
0,1,0,0,0,0,0,1,-1,1,0,1,1,1,0,0,0,0,0,16,0,0,3,4,7,7,4,3,3,20,23,0,0,0,0,0,0,0,0,7,1,1,0,0,0,0,0,0,0,1,KRBKRNvK,DRAW,2n1K3/3B4/R7/7k/8/8/8/5r2 b - - 0 1
0,1,0,0,0,0,0,1,-1,1,0,1,1,1,0,0,0,0,0,16,0,0,2,0,5,1,3,4,2,20,24,0,0,0,0,0,0,0,0,7,1,1,0,0,0,0,1,2,0,0,KRBKRNvK,DRAW,8/8/K7/8/1k4r1/8/7R/nB6 b - - 0 1
0,1,0,0,0,0,0,1,-1,1,0,1,1,1,0,0,0,0,0,16,0,0,6,7,7,5,1,6,3,23,22,0,0,0,0,0,0,0,0,7,1,1,0,0,0,0,2,0,0,0,KRBKRNvK,DRAW,n6K/3B4/8/3R4/8/6r1/5k2/8 b - - 0 1
1,1,0,0,0,0,0,1,-1,1,0,1,1,1,0,0,0,0,0,16,0,0,5,0,6,0,1,5,5,25,23,0,0,0,0,0,0,0,0,7,1,1,0,0,0,0,2,1,1,0,KRBKRNvK,DRAW,7R/K2n4/8/8/8/5r2/kB6/8 w - - 0 1
1,1,0,0,0,0,0,1,-1,1,0,1,1,1,0,0,0,0,0,16,0,0,4,6,7,6,3,5,2,24,29,0,0,0,0,0,0,0,0,7,1,1,0,0,0,0,1,2,0,0,KRBKRNvK,DRAW,6K1/8/8/8/6k1/1B3n2/R7/7r w - - 0 1
0,1,0,0,0,0,0,1,-1,1,0,1,1,1,0,0,0,0,0,16,0,0,6,5,6,3,0,3,3,18,24,0,0,0,0,0,0,0,0,7,1,1,0,0,0,0,0,0,2,1,KRBKRNvK,DRAW,n7/5K2/6r1/8/8/2R5/8/2Bk4 b - - 0 1
0,1,0,0,0,0,0,1,-1,1,0,1,1,1,0,0,0,0,0,16,0,0,4,3,1,6,5,2,3,5,0,1,0,0,0,0,0,0,0,7,1,1,0,0,0,0,2,0,0,0,KRBKRNvK,DRAW,1n6/8/6k1/8/8/2B3R1/3K4/7r b - - 0 1
0,1,0,0,0,0,0,1,-1,1,0,1,1,1,0,0,0,0,0,16,0,0,3,0,5,3,7,4,3,2,0,1,0,0,0,0,0,0,0,7,1,1,0,0,0,0,1,2,1,1,KRBKRNvK,DRAW,3k2R1/8/K1n1B3/8/8/2r5/8/8 b - - 0 1
1,1,0,0,0,0,0,1,-1,1,0,1,1,1,0,0,0,0,0,16,0,0,2,2,4,4,3,1,0,19,27,0,0,0,0,0,0,0,0,7,1,1,0,0,0,0,2,3,0,0,KRBKRNvK,DRAW,1r6/8/8/B1K2n2/4k3/8/R7/8 w - - 0 1
0,1,0,0,0,0,0,1,-1,1,0,1,1,1,0,0,0,0,0,16,0,0,2,3,4,5,5,0,2,15,25,0,0,0,0,0,0,0,0,7,1,1,0,0,0,0,3,1,1,0,KRBKRNvK,DRAW,7R/8/5krn/3K4/8/3B4/8/8 b - - 0 1
1,1,0,0,0,0,0,1,-1,1,0,1,1,1,0,0,0,0,0,16,0,0,6,1,5,7,5,3,4,28,24,0,0,0,0,0,0,0,0,7,1,1,1,0,0,0,2,1,1,0,KRBKRNvK,DRAW,6rB/R7/1K5k/5n2/8/8/8/8 w - - 0 1
1,1,0,0,0,0,0,1,-1,1,0,1,1,1,0,0,0,0,0,16,0,0,5,2,7,5,2,4,2,24,23,0,0,0,0,0,0,0,0,7,1,1,0,0,0,0,2,1,0,0,KRBKRNvK,DRAW,2KB4/8/8/2R5/8/5k2/8/1n4r1 w - - 0 1
1,1,0,0,0,0,0,1,-1,1,0,1,1,1,0,0,0,0,0,16,0,0,3,6,3,3,1,2,2,31,25,0,0,0,0,0,0,0,0,7,1,1,0,0,0,0,1,2,0,0,KRBKRNvK,DRAW,5R2/2B5/2r5/8/6K1/2n5/3k4/8 w - - 0 1
0,1,0,0,0,0,0,1,-1,1,0,1,1,1,0,0,0,0,0,16,0,0,2,3,1,1,0,2,5,19,23,0,0,0,0,0,0,0,0,7,1,1,0,0,0,0,2,2,1,0,KRBKRNvK,DRAW,2n3R1/8/4r3/8/8/2B5/3K4/1k6 b - - 0 1
1,1,0,0,0,0,0,1,-1,1,0,1,1,1,0,0,0,0,0,16,0,0,2,6,3,4,2,2,1,22,25,0,0,0,0,0,0,0,0,7,1,1,1,1,0,0,0,3,0,2,KRBKRNvK,WIN,8/4B2R/6n1/8/6K1/4k3/5r2/8 w - - 0 1
1,1,0,0,0,0,0,1,-1,1,0,1,1,1,0,0,0,0,0,16,0,0,5,1,5,2,0,3,4,24,23,0,0,0,0,0,0,0,0,7,1,1,0,0,0,0,0,1,2,0,KRBKRNvK,WIN,6r1/8/1K6/8/5n2/B7/1R6/2k5 w - - 0 1
0,1,0,0,0,0,0,1,-1,1,0,1,1,1,0,0,0,0,0,16,0,0,3,6,4,5,1,2,3,16,20,0,0,0,0,0,0,0,0,7,1,1,0,0,0,0,0,0,0,0,KRBKRNvK,DRAW,8/8/B5R1/6K1/8/8/5kn1/5r2 b - - 0 1
1,1,0,0,0,0,0,1,-1,1,0,1,1,1,0,0,0,0,0,16,0,0,6,7,4,1,3,3,2,26,27,0,0,0,0,0,0,0,0,7,1,1,0,0,0,0,1,0,0,0,KRBKRNvK,DRAW,6R1/5B2/8/7K/1k1n4/r7/8/8 w - - 0 1
0,1,0,0,0,0,0,1,-1,1,0,1,1,1,0,0,0,0,0,16,0,0,3,0,1,2,4,5,1,23,24,0,0,0,0,0,0,0,0,7,1,1,1,0,0,0,2,3,1,0,KRBKRNvK,DRAW,4n3/3R4/8/2k5/5r2/6B1/K7/8 b - - 0 1
0,1,0,0,0,0,0,1,-1,1,0,1,1,1,0,0,0,0,0,16,0,0,3,3,6,1,3,2,2,22,25,0,0,0,0,0,0,0,0,7,1,1,0,0,0,0,0,2,0,1,KRBKRNvK,DRAW,8/3K4/5R2/2r5/1k6/8/8/5Bn1 b - - 0 1
1,1,0,0,0,0,0,1,-1,1,0,1,1,1,0,0,0,0,0,16,0,0,4,3,3,0,7,0,6,22,21,0,0,0,0,0,0,0,0,7,1,1,0,0,0,0,4,0,0,1,KRBKRNvK,DRAW,k7/8/8/8/n2K4/1r6/5B2/4R3 w - - 0 1
1,1,0,0,0,0,0,1,-1,1,0,1,1,1,0,0,0,0,0,16,0,0,3,6,3,6,6,2,4,28,21,0,0,0,0,0,0,0,0,7,1,1,0,0,0,0,0,2,0,0,KRBKRNvK,DRAW,3r3n/6k1/8/8/6K1/2R5/8/2B5 w - - 0 1
0,1,0,0,0,0,0,1,-1,1,0,1,1,1,0,0,0,0,0,16,0,0,6,1,3,7,7,2,6,23,20,0,0,0,0,0,0,0,0,7,1,1,1,0,0,0,2,0,0,1,KRBKRNvK,DRAW,7k/1R6/8/4n3/1K6/r7/6B1/8 b - - 0 1
1,1,0,0,0,0,0,1,-1,1,0,1,1,1,0,0,0,0,0,16,0,0,7,4,7,5,0,3,4,25,20,0,0,0,0,0,0,0,0,7,1,1,0,0,0,0,0,0,1,1,KRBKRNvK,DRAW,4KB2/7n/2r5/8/8/6R1/8/5k2 w - - 0 1
0,1,0,0,0,0,0,1,-1,1,0,1,1,1,0,0,0,0,0,16,0,0,6,6,6,0,0,4,6,2,0,1,0,0,0,0,0,0,0,7,1,1,0,0,0,0,2,0,0,0,KRBKRNvK,DRAW,r7/6K1/5B2/8/8/8/8/k5nR b - - 0 1
1,1,0,0,0,0,0,1,-1,1,0,1,1,1,0,0,0,0,0,16,0,0,3,1,5,4,6,3,2,35,19,0,0,0,0,0,0,0,0,7,1,1,0,0,0,0,2,2,2,0,KRBKRNvK,DRAW,3R4/4k3/1K4n1/4B3/8/8/8/4r3 w - - 0 1
0,1,0,0,0,0,0,1,-1,1,0,1,1,1,0,0,0,0,0,16,0,0,5,1,7,2,2,5,2,24,24,0,0,0,0,0,0,0,0,7,1,1,0,0,0,0,3,2,1,1,KRBKRNvK,DRAW,1K6/8/2r5/3B2R1/8/2kn4/8/8 b - - 0 1
1,1,0,0,0,0,0,1,-1,1,0,1,1,1,0,0,0,0,0,16,0,0,3,3,7,6,5,3,3,23,18,0,0,0,0,0,0,0,0,7,1,1,0,0,0,0,0,0,1,0,KRBKRNvK,WIN,3K1R2/n7/6k1/8/8/8/4B3/6r1 w - - 0 1
0,1,0,0,0,0,0,1,-1,1,0,1,1,1,0,0,0,0,0,16,0,0,2,1,5,0,7,3,6,19,25,0,0,0,0,0,0,0,0,7,1,1,0,1,0,0,2,2,0,1,KRBKRNvK,DRAW,k7/8/1K6/n5RB/8/8/3r4/8 b - - 0 1
0,1,0,0,0,0,0,1,-1,1,0,1,1,1,0,0,0,0,0,16,0,0,2,4,3,3,1,0,2,5,0,1,0,0,0,0,0,0,0,7,1,1,1,0,0,0,3,0,0,0,KRBKRNvK,DRAW,8/3R4/n6r/8/4K2B/8/3k4/8 b - - 0 1
1,1,0,0,0,0,0,1,-1,1,0,1,1,1,0,0,0,0,0,16,0,0,2,7,2,6,4,4,2,21,26,0,0,0,0,0,0,0,0,7,1,1,0,0,0,0,2,2,0,0,KRBKRNvK,DRAW,8/8/4n3/6k1/8/2B4K/7R/3r4 w - - 0 1
1,1,0,0,0,0,0,1,-1,1,0,1,1,1,0,0,0,0,0,16,0,0,6,5,7,6,1,4,4,21,29,0,0,0,0,0,0,0,0,7,1,1,0,0,0,0,0,3,0,1,KRBKRNvK,DRAW,R4K2/8/5n2/7B/1r6/8/6k1/8 w - - 0 1
1,1,0,0,0,0,0,1,-1,1,0,1,1,1,0,0,0,0,0,16,0,0,6,1,4,7,3,2,3,31,19,0,0,0,0,0,0,0,0,7,1,1,1,0,0,0,1,1,0,0,KRBKRNvK,DRAW,8/2R5/3B4/1K3n2/7k/7r/8/8 w - - 0 1
1,1,0,0,0,0,0,1,-1,1,0,1,1,1,0,0,0,0,0,16,0,0,2,1,1,3,1,4,2,24,20,0,0,0,0,0,0,0,0,7,1,1,0,0,0,0,1,2,1,2,KRBKRNvK,DRAW,8/B7/8/8/2r5/8/1Knk4/5R2 w - - 0 1
1,1,0,0,0,0,0,1,-1,1,0,1,1,1,0,0,0,0,0,16,0,0,2,4,1,3,3,2,0,26,13,0,0,0,0,0,0,0,0,7,1,1,0,0,0,0,3,4,2,0,KRBKRNvK,DRAW,8/8/2B5/2R5/1r1k4/8/4K2n/8 w - - 0 1
1,1,0,0,0,0,0,1,-1,1,0,1,1,1,0,0,0,0,0,16,0,0,5,5,3,0,5,1,4,31,18,0,0,0,0,0,0,0,0,7,1,1,0,1,0,0,3,0,0,0,KRBKRNvK,DRAW,8/8/k7/6R1/5K2/5B2/1r6/n7 w - - 0 1
0,1,0,0,0,0,0,1,-1,1,0,1,1,1,0,0,0,0,0,16,0,0,4,7,7,4,3,6,0,3,0,1,0,0,0,0,0,0,0,7,1,1,0,0,0,0,1,4,1,1,KRBKRNvK,DRAW,6nK/8/7B/8/2r1k3/4R3/8/8 b - - 0 1
0,1,0,0,0,0,0,1,-1,1,0,1,1,1,0,0,0,0,0,16,0,0,7,0,0,7,7,6,6,17,30,0,0,0,0,0,0,0,0,7,1,1,0,0,0,0,1,0,1,0,KRBKRNvK,DRAW,7k/8/5R2/3B4/8/7r/8/K5n1 b - - 0 1
0,1,0,0,0,0,0,1,-1,1,0,1,1,1,0,0,0,0,0,16,0,0,4,3,4,0,0,0,6,20,21,0,0,0,0,0,0,0,0,7,1,1,0,0,0,0,4,2,0,1,KRBKRNvK,DRAW,1B2n3/8/8/3K1R2/8/4r3/8/k7 b - - 0 1
0,1,0,0,0,0,0,1,-1,1,0,1,1,1,0,0,0,0,0,16,0,0,4,4,6,4,2,2,1,7,0,1,0,0,0,0,0,0,0,7,1,1,0,0,0,0,1,3,1,1,KRBKRNvK,LOSS,4R3/4K3/3r4/2B5/8/4k3/5n2/8 b - - 0 1
1,1,0,0,0,0,0,1,-1,1,0,1,1,1,0,0,0,0,0,16,0,0,4,5,2,1,0,2,5,29,22,0,0,0,0,0,0,0,0,7,1,1,0,0,0,0,2,2,0,0,KRBKRNvK,DRAW,4B3/8/8/2r5/7R/n4K2/8/1k6 w - - 0 1
0,1,0,0,0,0,0,1,-1,1,0,1,1,1,0,0,0,0,0,16,0,0,5,2,0,7,0,4,6,17,28,0,0,0,0,0,0,0,0,7,1,1,0,0,0,0,1,0,0,0,KRBKRNvK,DRAW,R5n1/8/7r/8/5B2/8/8/2K4k b - - 0 1
0,1,0,0,0,0,0,1,-1,1,0,1,1,1,0,0,0,0,0,16,0,0,5,0,2,1,7,4,5,2,0,1,0,0,0,0,0,0,0,7,1,1,0,0,0,0,1,2,1,1,KRBKRNvK,LOSS,1kR5/8/4B3/8/1r2n3/K7/8/8 b - - 0 1
1,1,0,0,0,0,0,1,-1,1,0,1,1,1,0,0,0,0,0,16,0,0,6,6,4,0,5,2,4,23,26,0,0,0,0,0,0,0,0,7,1,1,0,0,0,0,2,3,0,0,KRBKRNvK,DRAW,8/8/k1n5/6K1/1r6/4R3/5B2/8 w - - 0 1
0,1,0,0,0,0,0,1,-1,1,0,1,1,1,0,0,0,0,0,16,0,0,5,2,0,2,5,4,2,21,20,0,0,0,0,0,0,0,0,7,1,1,0,0,0,0,2,3,1,1,KRBKRNvK,DRAW,8/B7/2k5/8/5r2/n7/8/2KR4 b - - 0 1
1,1,0,0,0,0,0,1,-1,1,0,1,1,1,0,0,0,0,0,16,0,0,5,6,4,1,5,2,3,5,0,1,0,0,0,0,0,0,0,7,1,1,0,0,0,0,2,2,0,1,KRBKRNvK,DRAW,4R3/7n/1k6/1r4K1/8/6B1/8/8 w - - 0 1
0,1,0,0,0,0,0,1,-1,1,0,1,1,1,0,0,0,0,0,16,0,0,4,6,0,6,4,5,2,21,23,0,0,0,0,0,0,0,0,7,1,1,1,1,0,0,1,0,1,0,KRBKRNvK,DRAW,1B4n1/7R/8/6k1/8/8/r7/6K1 b - - 0 1
0,1,0,0,0,0,0,1,-1,1,0,1,1,1,0,0,0,0,0,16,0,0,4,3,5,0,1,1,5,17,24,0,0,0,0,0,0,0,0,7,1,1,1,0,0,0,3,0,0,0,KRBKRNvK,DRAW,8/nR6/1B1K4/8/8/r7/k7/8 b - - 0 1
1,1,0,0,0,0,0,1,-1,1,0,1,1,1,0,0,0,0,0,16,0,0,2,5,4,7,5,1,4,20,17,0,0,0,0,0,0,0,0,7,1,1,1,0,0,0,2,0,0,1,KRBKRNvK,DRAW,8/1R6/2r4k/5K1n/8/8/8/1B6 w - - 0 1
0,1,0,0,0,0,0,1,-1,1,0,1,1,1,0,0,0,0,0,16,0,0,2,4,2,3,0,1,3,18,26,0,0,0,0,0,0,0,0,7,1,1,0,0,0,0,4,1,1,0,KRBKRNvK,DRAW,8/3n3r/8/1R6/8/4K3/8/1B1k4 b - - 0 1
1,1,0,0,0,0,0,1,-1,1,0,1,1,1,0,0,0,0,0,16,0,0,2,3,1,2,3,2,1,3,0,1,0,0,0,0,0,0,0,7,1,1,0,1,0,0,2,2,1,1,KRBKRNvK,DRAW,7B/8/R7/8/2k5/8/n2K1r2/8 w - - 0 1
1,1,0,0,0,0,0,1,-1,1,0,1,1,1,0,0,0,0,0,16,0,0,6,7,1,1,7,5,5,2,0,1,0,0,0,0,0,0,0,7,1,1,0,0,0,0,1,2,0,1,KRBKRNvK,DRAW,1k6/8/8/5n2/7r/1B6/7K/2R5 w - - 0 1
0,1,0,0,0,0,0,1,-1,1,0,1,1,1,0,0,0,0,0,16,0,0,2,1,6,0,4,4,3,21,23,0,0,0,0,0,0,0,0,7,1,1,1,0,0,0,2,2,1,0,KRBKRNvK,DRAW,8/1KR5/8/k4r2/1n6/8/8/B7 b - - 0 1
0,1,0,0,0,0,0,1,-1,1,0,1,1,1,0,0,0,0,0,16,0,0,2,7,7,5,7,6,4,3,0,1,0,0,0,0,0,0,0,7,1,1,0,0,0,0,3,2,1,1,KRBKRNvK,DRAW,3R1k1K/1B6/7n/8/4r3/8/8/8 b - - 0 1
0,1,0,0,0,0,0,1,-1,1,0,1,1,1,0,0,0,0,0,16,0,0,6,6,6,0,0,4,6,20,23,0,0,0,0,0,0,0,0,7,1,1,0,0,0,0,3,0,0,0,KRBKRNvK,DRAW,8/6K1/n1r5/6R1/8/8/8/k5B1 b - - 0 1
0,1,0,0,0,0,0,1,-1,1,0,1,1,1,0,0,0,0,0,16,0,0,2,3,3,2,1,0,3,3,0,1,0,0,0,0,0,0,0,7,1,1,0,0,0,0,3,0,1,1,KRBKRNvK,DRAW,8/8/8/4n3/3K4/B7/2k2R2/r7 b - - 0 1
0,1,0,0,0,0,0,1,-1,1,0,1,1,1,0,0,0,0,0,16,0,0,2,7,4,5,2,3,2,5,0,1,0,0,0,0,0,0,0,7,1,1,0,0,0,0,0,3,1,0,KRBKRNvK,DRAW,8/8/4r3/1n5K/1B6/5k2/8/5R2 b - - 0 1
1,1,0,0,0,0,0,1,-1,1,0,1,1,1,0,0,0,0,0,16,0,0,2,3,3,3,1,0,2,4,0,1,0,0,0,0,0,0,0,7,1,1,1,0,0,0,3,2,0,1,KRBKRNvK,DRAW,B7/2R5/8/8/3K1r1n/8/3k4/8 w - - 0 1
0,1,0,0,0,0,0,1,-1,1,0,1,1,1,0,0,0,0,0,16,0,0,7,5,7,0,0,4,6,8,23,0,0,0,0,0,0,0,0,7,1,1,0,0,0,0,3,1,0,0,KRBKRNvK,DRAW,5K1B/8/8/5R2/8/2r5/4n3/k7 b - - 0 1
0,1,0,0,0,0,0,1,-1,1,0,1,1,1,0,0,0,0,0,16,0,0,4,6,5,6,1,3,4,19,32,0,0,0,0,0,0,0,0,7,1,1,0,1,0,0,3,1,0,0,KRBKRNvK,DRAW,4R3/8/6K1/2B5/1n6/8/1r4k1/8 b - - 0 1
1,1,0,0,0,0,0,1,-1,1,0,1,1,1,0,0,0,0,0,16,0,0,2,2,2,1,0,2,5,2,0,1,0,0,0,0,0,0,0,7,1,1,0,1,0,0,4,0,0,2,KRBKRNvK,DRAW,8/8/8/R7/8/2K2B2/2r5/1kn5 w - - 0 1
1,1,0,0,0,0,0,1,-1,1,0,1,1,1,0,0,0,0,0,16,0,0,3,5,4,4,1,1,2,5,0,1,0,0,0,0,0,0,0,7,1,1,0,0,0,0,2,2,0,1,KRBKRNvK,DRAW,6n1/3B4/5R2/3r1K2/8/8/4k3/8 w - - 0 1
1,1,0,0,0,0,0,1,-1,1,0,1,1,1,0,0,0,0,0,16,0,0,3,7,6,4,7,5,3,22,24,0,0,0,0,0,0,0,0,7,1,1,0,0,0,0,2,2,0,0,KRBKRNvK,DRAW,4k3/2n4K/B2r4/7R/8/8/8/8 w - - 0 1
1,1,0,0,0,0,0,1,-1,1,0,1,1,1,0,0,0,0,0,16,0,0,4,7,5,5,1,4,3,22,21,0,0,0,0,0,0,0,0,7,1,1,0,0,0,0,2,2,1,1,KRBKRNvK,DRAW,8/8/7K/3r3n/8/8/5k2/B5R1 w - - 0 1
0,1,0,0,0,0,0,1,-1,1,0,1,1,1,0,0,0,0,0,16,0,0,2,6,2,7,0,3,6,1,0,1,0,0,0,0,0,0,0,7,1,1,0,0,0,0,1,0,1,0,KRBKRNvK,LOSS,8/8/8/4B3/3n4/6K1/7R/2r4k b - - 0 1
1,1,0,0,0,0,0,1,-1,1,0,1,1,1,0,0,0,0,0,16,0,0,3,4,4,7,7,0,6,28,20,0,0,0,0,0,0,0,0,7,1,1,0,0,0,0,3,1,1,0,KRBKRNvK,DRAW,7k/8/7B/4K3/8/7r/2n5/1R6 w - - 0 1
1,1,0,0,0,0,0,1,-1,1,0,1,1,1,0,0,0,0,0,16,0,0,2,3,1,4,3,2,0,27,15,0,0,0,0,0,0,0,0,7,1,1,0,0,0,0,1,3,2,0,KRBKRNvK,DRAW,4r3/8/4B3/8/4k2n/8/3K1R2/8 w - - 0 1
1,1,0,0,0,0,0,1,-1,1,0,1,1,1,0,0,0,0,0,16,0,0,5,1,1,5,6,4,3,9,0,1,0,0,0,0,0,0,0,7,1,1,0,1,0,0,3,2,0,0,KRBKRNvK,DRAW,8/5k2/5n2/8/8/5B2/1K5r/4R3 w - - 0 1
1,1,0,0,0,0,0,1,-1,1,0,1,1,1,0,0,0,0,0,16,0,0,5,0,4,5,4,3,1,28,25,0,0,0,0,0,0,0,0,7,1,1,0,0,0,0,2,3,0,0,KRBKRNvK,DRAW,6R1/1B6/5n2/K4k2/8/4r3/8/8 w - - 0 1
1,1,0,0,0,0,0,1,-1,1,0,1,1,1,0,0,0,0,0,16,0,0,3,4,5,1,3,1,2,26,20,0,0,0,0,0,0,0,0,7,1,1,0,1,0,0,2,0,0,0,KRBKRNvK,DRAW,8/8/n3K2R/8/1k6/6B1/6r1/8 w - - 0 1
0,1,0,0,0,0,0,1,-1,1,0,1,1,1,0,0,0,0,0,16,0,0,6,6,0,0,6,5,5,7,0,1,0,0,0,0,0,0,0,7,1,1,1,0,0,0,0,2,0,0,KRBKRNvK,DRAW,4n3/k6R/8/8/5r2/8/8/4B1K1 b - - 0 1
0,1,0,0,0,0,0,1,-1,1,0,1,1,1,0,0,0,0,0,16,0,0,2,1,5,2,3,3,1,21,18,0,0,0,0,0,0,0,0,7,1,1,0,0,0,0,0,3,1,2,KRBKRNvK,DRAW,8/8/1K6/B7/1nkr4/8/8/7R b - - 0 1
1,1,0,0,0,0,0,1,-1,1,0,1,1,1,0,0,0,0,0,16,0,0,4,2,0,6,0,4,5,28,21,0,0,0,0,0,0,0,0,7,1,1,0,0,0,0,3,2,0,0,KRBKRNvK,DRAW,5n2/8/3r1B2/8/R7/8/8/2K3k1 w - - 0 1
0,1,0,0,0,0,0,1,-1,1,0,1,1,1,0,0,0,0,0,16,0,0,5,1,6,6,2,4,3,25,23,0,0,0,0,0,0,0,0,7,1,1,0,0,0,0,1,3,0,0,KRBKRNvK,DRAW,8/1K2n3/8/2B5/r7/6k1/2R5/8 b - - 0 1
1,1,0,0,0,0,0,1,-1,1,0,1,1,1,0,0,0,0,0,16,0,0,2,4,5,3,7,1,3,26,15,0,0,0,0,0,0,0,0,7,1,1,0,0,0,0,4,0,0,1,KRBKRNvK,DRAW,2rk4/8/4K3/n7/1R6/8/8/1B6 w - - 0 1
0,1,0,0,0,0,0,1,-1,1,0,1,1,1,0,0,0,0,0,16,0,0,4,5,0,2,4,4,1,16,26,0,0,0,0,0,0,0,0,7,1,1,0,0,0,0,1,2,0,0,KRBKRNvK,DRAW,2r5/8/5R2/2k5/5B2/8/8/n4K2 b - - 0 1
1,1,0,0,0,0,0,1,-1,1,0,1,1,1,0,0,0,0,0,16,0,0,3,3,7,5,4,3,1,18,28,0,0,0,0,0,0,0,0,7,1,1,0,0,0,0,0,3,0,0,KRBKRNvK,DRAW,1R1K4/8/8/4nk2/1B5r/8/8/8 w - - 0 1
1,1,0,0,0,0,0,1,-1,1,0,1,1,1,0,0,0,0,0,16,0,0,2,3,2,4,4,1,0,21,20,0,0,0,0,0,0,0,0,7,1,1,0,0,0,0,2,3,1,0,KRBKRNvK,DRAW,2r5/7B/8/4k3/6R1/3K4/8/n7 w - - 0 1
0,1,0,0,0,0,0,1,-1,1,0,1,1,1,0,0,0,0,0,16,0,0,4,3,2,2,6,1,3,6,0,1,0,0,0,0,0,0,0,7,1,1,0,0,0,0,3,0,0,0,KRBKRNvK,DRAW,1r6/1nk5/8/8/8/3K2B1/8/3R4 b - - 0 1
1,1,0,0,0,0,0,1,-1,1,0,1,1,1,0,0,0,0,0,16,0,0,3,2,3,5,6,1,3,24,18,0,0,0,0,0,0,0,0,7,1,1,0,0,0,0,4,1,0,0,KRBKRNvK,DRAW,2r5/2n2k2/8/8/2K5/8/8/2B1R3 w - - 0 1
0,1,0,0,0,0,0,1,-1,1,0,1,1,1,0,0,0,0,0,16,0,0,3,5,0,5,3,4,1,23,25,0,0,0,0,0,0,0,0,7,1,1,0,0,0,0,0,2,0,0,KRBKRNvK,DRAW,8/2r5/8/8/5k2/8/1R6/2nB1K2 b - - 0 1
1,1,0,0,0,0,0,1,-1,1,0,1,1,1,0,0,0,0,0,16,0,0,3,2,5,5,5,2,2,26,9,0,0,0,0,0,0,0,0,7,1,1,0,0,0,0,2,1,1,0,KRBKRNvK,DRAW,8/3B1rn1/2K2k2/1R6/8/8/8/8 w - - 0 1
1,1,0,0,0,0,0,1,-1,1,0,1,1,1,0,0,0,0,0,16,0,0,3,5,3,3,0,1,3,25,20,0,0,0,0,0,0,0,0,7,1,1,0,0,0,0,4,1,1,0,KRBKRNvK,DRAW,2r5/8/8/4R3/2n2K2/8/1B6/3k4 w - - 0 1
1,1,0,0,0,0,0,1,-1,1,0,1,1,1,0,0,0,0,0,16,0,0,6,3,0,6,6,3,4,2,0,1,0,0,0,0,0,0,0,7,1,1,0,0,0,0,2,1,1,1,KRBKRNvK,DRAW,8/6k1/8/4R3/5n2/8/6B1/1r1K4 w - - 0 1
1,1,0,0,0,0,0,1,-1,1,0,1,1,1,0,0,0,0,0,16,0,0,6,3,6,0,0,2,6,6,0,1,0,0,0,0,0,0,0,7,1,1,0,0,0,0,2,0,0,1,KRBKRNvK,LOSS,2B2n2/3K4/8/8/7R/7r/8/k7 w - - 0 1
0,1,0,0,0,0,0,1,-1,1,0,1,1,1,0,0,0,0,0,16,0,0,3,2,1,0,4,3,3,6,0,1,0,0,0,0,0,0,0,7,1,1,0,0,0,0,2,0,0,1,KRBKRNvK,LOSS,3R2r1/8/8/k7/4n3/8/2K5/4B3 b - - 0 1
0,1,0,0,0,0,0,1,-1,1,0,1,1,1,0,0,0,0,0,16,0,0,4,6,6,7,2,4,4,24,23,0,0,0,0,0,0,0,0,7,1,1,1,1,0,0,0,2,1,0,KRBKRNvK,DRAW,8/1R4K1/8/1n5B/8/7k/3r4/8 b - - 0 1
0,1,0,0,0,0,0,1,-1,1,0,1,1,1,0,0,0,0,0,16,0,0,7,5,7,2,0,4,4,24,19,0,0,0,0,0,0,0,0,7,1,1,0,0,0,0,2,1,0,0,KRBKRNvK,DRAW,5K2/r7/8/7R/7B/1n6/8/2k5 b - - 0 1
1,1,0,0,0,0,0,1,-1,1,0,1,1,1,0,0,0,0,0,16,0,0,6,0,0,4,6,6,2,23,29,0,0,0,0,0,0,0,0,7,1,1,0,0,0,0,2,1,0,0,KRBKRNvK,DRAW,7B/4k3/8/8/5n2/6r1/2R5/K7 w - - 0 1
0,1,0,0,0,0,0,1,-1,1,0,1,1,1,0,0,0,0,0,16,0,0,4,2,7,3,3,4,0,5,0,1,0,0,0,0,0,0,0,7,1,1,0,0,0,0,2,3,0,0,KRBKRNvK,DRAW,2K5/8/8/7r/3k2R1/8/8/2B2n2 b - - 0 1
0,1,0,0,0,0,0,1,-1,1,0,1,1,1,0,0,0,0,0,16,0,0,4,3,7,7,5,3,4,4,0,1,0,0,0,0,0,0,0,7,1,1,0,0,0,0,1,2,1,0,KRBKRNvK,DRAW,3K4/8/5R1k/5n2/2B2r2/8/8/8 b - - 0 1
0,1,0,0,0,0,0,1,-1,1,0,1,1,1,0,0,0,0,0,16,0,0,2,2,5,1,7,2,5,20,18,0,0,0,0,0,0,0,0,7,1,1,0,0,0,0,1,3,1,0,KRBKRNvK,DRAW,1k6/1B6/2K2n2/8/5r2/8/2R5/8 b - - 0 1
0,1,0,0,0,0,0,1,-1,1,0,1,1,1,0,0,0,0,0,16,0,0,3,0,4,1,1,3,4,5,0,1,0,0,0,0,0,0,0,7,1,1,0,0,0,0,0,0,0,0,KRBKRNvK,DRAW,8/3B4/1R6/K7/8/8/nk6/2r5 b - - 0 1
0,1,0,0,0,0,0,1,-1,1,0,1,1,1,0,0,0,0,0,16,0,0,5,6,0,1,5,5,3,21,28,0,0,0,0,0,0,0,0,7,1,1,0,0,0,0,1,1,0,0,KRBKRNvK,DRAW,5r2/8/1k6/5n2/8/3B4/R7/6K1 b - - 0 1
0,1,0,0,0,0,0,1,-1,1,0,1,1,1,0,0,0,0,0,16,0,0,3,4,1,3,4,2,0,5,0,1,0,0,0,0,0,0,0,7,1,1,0,0,0,0,2,3,2,0,KRBKRNvK,DRAW,7n/8/8/1R1k4/5B2/8/4K3/7r b - - 0 1
1,1,0,0,0,0,0,1,-1,1,0,1,1,1,0,0,0,0,0,16,0,0,4,7,1,3,3,5,0,26,25,0,0,0,0,0,0,0,0,7,1,1,0,0,0,0,2,3,1,0,KRBKRNvK,DRAW,8/1Br5/1R6/8/3k4/8/3n3K/8 w - - 0 1
1,1,0,0,0,0,0,1,-1,1,0,1,1,1,0,0,0,0,0,16,0,0,5,5,4,0,5,1,4,4,0,1,0,0,0,0,0,0,0,7,1,1,1,0,0,0,3,1,1,1,KRBKRNvK,DRAW,8/4R3/k1B5/2n2K1r/8/8/8/8 w - - 0 1
0,1,0,0,0,0,0,1,-1,1,0,1,1,1,0,0,0,0,0,16,0,0,6,5,1,7,7,3,6,2,0,1,0,0,0,0,0,0,0,7,1,1,0,0,0,0,3,2,0,1,KRBKRNvK,LOSS,1n5k/8/8/6R1/6r1/8/1B3K2/8 b - - 0 1
0,1,0,0,0,0,0,1,-1,1,0,1,1,1,0,0,0,0,0,16,0,0,3,5,5,2,6,2,3,28,28,0,0,0,0,0,0,0,0,7,1,1,0,1,0,0,1,1,0,0,KRBKRNvK,DRAW,8/2k5/5K2/2n5/8/7B/1r6/R7 b - - 0 1
1,1,0,0,0,0,0,1,-1,1,0,1,1,1,0,0,0,0,0,16,0,0,2,0,0,2,1,6,3,1,0,1,0,0,0,0,0,0,0,7,1,1,0,0,0,0,3,2,0,1,KRBKRNvK,DRAW,8/8/2n5/5R2/8/8/2k3B1/K1r5 w - - 0 1
1,1,0,0,0,0,0,1,-1,1,0,1,1,1,0,0,0,0,0,16,0,0,4,7,7,5,3,6,1,22,21,0,0,0,0,0,0,0,0,7,1,1,1,0,0,0,2,3,0,0,KRBKRNvK,DRAW,7K/2R5/2B5/8/1n1r1k2/8/8/8 w - - 0 1
1,1,0,0,0,0,0,1,-1,1,0,1,1,1,0,0,0,0,0,16,0,0,3,0,7,3,6,6,2,28,21,0,0,0,0,0,0,0,0,7,1,1,0,0,0,0,1,0,0,0,KRBKRNvK,DRAW,K7/3k1r2/8/8/4B3/8/R7/2n5 w - - 0 1
1,1,0,0,0,0,0,1,-1,1,0,1,1,1,0,0,0,0,0,16,0,0,3,5,3,5,0,1,4,8,0,1,0,0,0,0,0,0,0,7,1,1,1,0,0,0,3,0,0,0,KRBKRNvK,DRAW,5r1n/7R/8/8/5K2/1B6/8/5k2 w - - 0 1
1,1,0,0,0,0,0,1,-1,1,0,1,1,1,0,0,0,0,0,16,0,0,6,6,6,0,6,4,5,28,19,0,0,0,0,0,0,0,0,7,1,1,0,0,0,0,2,2,0,0,KRBKRNvK,DRAW,8/k5K1/8/8/7r/2R5/6B1/n7 w - - 0 1
1,1,0,0,0,0,0,1,-1,1,0,1,1,1,0,0,0,0,0,16,0,0,3,4,2,4,5,1,1,5,0,1,0,0,0,0,0,0,0,7,1,1,0,0,0,0,4,4,1,1,KRBKRNvK,DRAW,8/8/4k3/1R6/1r3B2/4K3/2n5/8 w - - 0 1
1,1,0,0,0,0,0,1,-1,1,0,1,1,1,0,0,0,0,0,16,0,0,2,5,5,4,7,2,3,16,20,0,0,0,0,0,0,0,0,7,1,1,0,0,0,0,3,2,0,2,KRBKRNvK,DRAW,4k3/4n3/5K2/7r/5R1B/8/8/8 w - - 0 1
1,1,0,0,0,0,0,1,-1,1,0,1,1,1,0,0,0,0,0,16,0,0,2,6,3,5,1,2,3,4,0,1,0,0,0,0,0,0,0,7,1,1,0,0,0,0,2,1,1,0,KRBKRNvK,DRAW,6r1/8/1R1n4/8/6K1/5B2/5k2/8 w - - 0 1
1,1,0,0,0,0,0,1,-1,1,0,1,1,1,0,0,0,0,0,16,0,0,5,1,1,6,3,4,2,7,0,1,0,0,0,0,0,0,0,7,1,1,0,0,0,0,3,2,1,0,KRBKRNvK,DRAW,8/8/2n5/1rB5/6k1/8/1K2R3/8 w - - 0 1
1,1,0,0,0,0,0,1,-1,1,0,1,1,1,0,0,0,0,0,16,0,0,3,4,2,1,5,1,3,5,0,1,0,0,0,0,0,0,0,7,1,1,0,0,0,0,3,2,0,2,KRBKRNvK,DRAW,8/8/1k6/4r3/8/2B1K3/8/3n3R w - - 0 1
0,1,0,0,0,0,0,1,-1,1,0,1,1,1,0,0,0,0,0,16,0,0,3,2,2,2,5,2,2,6,0,1,0,0,0,0,0,0,0,7,1,1,0,0,0,0,1,1,1,1,KRBKRNvK,DRAW,4B3/8/2k4r/8/8/2K1n3/2R5/8 b - - 0 1
1,1,0,0,0,0,0,1,-1,1,0,1,1,1,0,0,0,0,0,16,0,0,3,0,1,3,3,5,0,4,0,1,0,0,0,0,0,0,0,7,1,1,0,1,0,0,1,3,1,0,KRBKRNvK,DRAW,8/8/5B2/4n1R1/3k4/8/K4r2/8 w - - 0 1
1,1,0,0,0,0,0,1,-1,1,0,1,1,1,0,0,0,0,0,16,0,0,4,3,3,7,2,0,4,18,21,0,0,0,0,0,0,0,0,7,1,1,0,0,0,0,4,2,0,0,KRBKRNvK,DRAW,8/n7/8/1B4r1/2RK4/7k/8/8 w - - 0 1
1,1,0,0,0,0,0,1,-1,1,0,1,1,1,0,0,0,0,0,16,0,0,3,2,3,5,1,1,3,31,23,0,0,0,0,0,0,0,0,7,1,1,1,0,0,0,3,2,0,0,KRBKRNvK,DRAW,4rn2/7R/8/8/2K5/8/1B3k2/8 w - - 0 1
1,1,0,0,0,0,0,1,-1,1,0,1,1,1,0,0,0,0,0,16,0,0,5,6,1,7,6,4,5,29,19,0,0,0,0,0,0,0,0,7,1,1,0,0,0,0,2,0,1,0,KRBKRNvK,DRAW,8/n1r4k/7B/3R4/8/8/6K1/8 w - - 0 1
0,1,0,0,0,0,0,1,-1,1,0,1,1,1,0,0,0,0,0,16,0,0,5,7,2,7,7,4,6,20,23,0,0,0,0,0,0,0,0,7,1,1,0,0,0,0,3,2,0,1,KRBKRNvK,DRAW,B6k/8/8/8/3r4/4R2K/7n/8 b - - 0 1
1,1,0,0,0,0,0,1,-1,1,0,1,1,1,0,0,0,0,0,16,0,0,4,6,0,5,4,5,1,24,24,0,0,0,0,0,0,0,0,7,1,1,0,0,0,0,2,3,0,0,KRBKRNvK,DRAW,1r2B3/2n5/8/5k2/8/8/8/3R2K1 w - - 0 1
1,1,0,0,0,0,0,1,-1,1,0,1,1,1,0,0,0,0,0,16,0,0,6,7,1,7,7,5,6,11,18,0,0,0,0,0,0,0,0,7,1,1,0,1,0,0,0,0,0,0,KRBKRNvK,DRAW,7k/8/8/n7/8/8/1r2B2K/7R w - - 0 1
0,1,0,0,0,0,0,1,-1,1,0,1,1,1,0,0,0,0,0,16,0,0,3,2,7,5,4,4,1,26,25,0,0,0,0,0,0,0,0,7,1,1,0,0,0,0,2,3,1,0,KRBKRNvK,DRAW,2K5/8/5n2/B4k2/3R4/8/8/7r b - - 0 1
1,1,0,0,0,0,0,1,-1,1,0,1,1,1,0,0,0,0,0,16,0,0,5,5,7,5,2,4,2,26,19,0,0,0,0,0,0,0,0,7,1,1,1,1,0,0,1,1,0,0,KRBKRNvK,DRAW,5K2/2R5/1B6/8/n7/5k2/r7/8 w - - 0 1
0,1,0,0,0,0,0,1,-1,1,0,1,1,1,0,0,0,0,0,16,0,0,2,2,5,1,7,2,5,23,24,0,0,0,0,0,0,0,0,7,1,1,0,0,0,0,1,3,0,0,KRBKRNvK,DRAW,1k3B2/8/2K5/6r1/8/8/2n5/7R b - - 0 1
0,1,0,0,0,0,0,1,-1,1,0,1,1,1,0,0,0,0,0,16,0,0,5,1,5,3,0,3,3,23,21,0,0,0,0,0,0,0,0,7,1,1,1,0,0,0,0,2,0,0,KRBKRNvK,DRAW,4r3/B4R2/1K6/8/8/8/6n1/3k4 b - - 0 1
0,1,0,0,0,0,0,1,-1,1,0,1,1,1,0,0,0,0,0,16,0,0,5,0,3,5,6,3,3,18,24,0,0,0,0,0,0,0,0,7,1,1,0,0,0,0,3,0,0,0,KRBKRNvK,DRAW,8/5k2/8/8/K7/5r2/1B6/4Rn2 b - - 0 1
0,1,0,0,0,0,0,1,-1,1,0,1,1,1,0,0,0,0,0,16,0,0,4,0,0,4,0,6,3,3,0,1,0,0,0,0,0,0,0,7,1,1,0,0,0,0,2,0,1,1,KRBKRNvK,DRAW,8/7r/8/8/7B/4R3/n7/K3k3 b - - 0 1
0,1,0,0,0,0,0,1,-1,1,0,1,1,1,0,0,0,0,0,16,0,0,4,7,4,3,7,3,3,23,26,0,0,0,0,0,0,0,0,7,1,1,0,0,0,0,3,2,0,0,KRBKRNvK,DRAW,3k1n2/8/8/7K/R7/1B6/8/4r3 b - - 0 1
0,1,0,0,0,0,0,1,-1,1,0,1,1,1,0,0,0,0,0,16,0,0,5,3,1,7,6,2,5,5,0,1,0,0,0,0,0,0,0,7,1,1,1,0,0,0,1,2,0,2,KRBKRNvK,DRAW,8/1R5k/3B4/8/8/2n5/3K4/5r2 b - - 0 1
1,1,0,0,0,0,0,1,-1,1,0,1,1,1,0,0,0,0,0,16,0,0,4,4,4,0,0,0,6,29,16,0,0,0,0,0,0,0,0,7,1,1,0,0,0,0,3,0,0,0,KRBKRNvK,DRAW,8/r4B2/8/4K3/8/8/5R2/k3n3 w - - 0 1
0,1,0,0,0,0,0,1,-1,1,0,1,1,1,0,0,0,0,0,16,0,0,6,6,4,0,3,2,3,25,26,0,0,0,0,0,0,0,0,7,1,1,0,0,0,0,3,1,0,1,KRBKRNvK,DRAW,1r6/8/6n1/6K1/k7/8/4RB2/8 b - - 0 1
0,1,0,0,0,0,0,1,-1,1,0,1,1,1,0,0,0,0,0,16,0,0,3,4,2,7,4,1,3,22,28,0,0,0,0,0,0,0,0,7,1,1,0,0,0,0,3,1,1,1,KRBKRNvK,DRAW,8/8/r7/3R1Bnk/8/4K3/8/8 b - - 0 1
0,1,0,0,0,0,0,1,-1,1,0,1,1,1,0,0,0,0,0,16,0,0,5,3,2,7,7,1,6,2,0,1,0,0,0,0,0,0,0,7,1,1,0,1,0,0,4,0,0,1,KRBKRNvK,LOSS,7k/8/8/2B4R/n7/3K4/2r5/8 b - - 0 1
0,1,0,0,0,0,0,1,-1,1,0,1,1,1,0,0,0,0,0,16,0,0,3,4,4,4,7,0,3,21,22,0,0,0,0,0,0,0,0,7,1,1,0,0,0,0,4,0,0,1,KRBKRNvK,DRAW,n3k3/8/5r2/4K3/7R/6B1/8/8 b - - 0 1
0,1,0,0,0,0,0,1,-1,1,0,1,1,1,0,0,0,0,0,16,0,0,4,7,0,5,4,6,1,10,17,0,0,0,0,0,0,0,0,7,1,1,0,0,0,0,2,3,0,0,KRBKRNvK,DRAW,4R3/8/8/5k2/4r1n1/8/8/1B5K b - - 0 1
1,1,0,0,0,0,0,1,-1,1,0,1,1,1,0,0,0,0,0,16,0,0,6,1,5,7,1,3,5,5,0,1,0,0,0,0,0,0,0,7,1,1,0,0,0,0,3,1,0,1,KRBKRNvK,DRAW,7B/8/1K6/8/2n5/3R4/7k/r7 w - - 0 1
1,1,0,0,0,0,0,1,-1,1,0,1,1,1,0,0,0,0,0,16,0,0,4,1,0,5,4,5,1,26,26,0,0,0,0,0,0,0,0,7,1,1,0,0,0,0,1,4,0,0,KRBKRNvK,DRAW,4n3/3r4/8/5k2/8/8/5B2/1K5R w - - 0 1
1,1,0,0,0,0,0,1,-1,1,0,1,1,1,0,0,0,0,0,16,0,0,4,0,4,4,1,3,2,26,19,0,0,0,0,0,0,0,0,7,1,1,1,0,0,0,0,0,0,1,KRBKRNvK,DRAW,8/2R5/8/K5B1/n7/8/4k3/r7 w - - 0 1
0,1,0,0,0,0,0,1,-1,1,0,1,1,1,0,0,0,0,0,16,0,0,4,6,3,2,3,2,1,25,17,0,0,0,0,0,0,0,0,7,1,1,0,1,0,0,2,3,0,1,KRBKRNvK,DRAW,B7/5n2/8/8/2k3KR/8/5r2/8 b - - 0 1
1,1,0,0,0,0,0,1,-1,1,0,1,1,1,0,0,0,0,0,16,0,0,6,7,5,1,7,4,5,22,19,0,0,0,0,0,0,0,0,7,1,1,0,0,0,0,2,0,0,0,KRBKRNvK,DRAW,1k3B2/8/7K/8/7R/8/8/1r4n1 w - - 0 1
1,1,0,0,0,0,0,1,-1,1,0,1,1,1,0,0,0,0,0,16,0,0,2,4,4,2,3,0,1,25,21,0,0,0,0,0,0,0,0,7,1,1,0,0,0,0,3,3,0,2,KRBKRNvK,DRAW,3R4/5r1B/5n2/4K3/2k5/8/8/8 w - - 0 1
1,1,0,0,0,0,0,1,-1,1,0,1,1,1,0,0,0,0,0,16,0,0,4,7,5,3,3,4,0,3,0,1,0,0,0,0,0,0,0,7,1,1,1,0,0,0,0,4,0,1,KRBKRNvK,LOSS,8/R3B3/r6K/5n2/3k4/8/8/8 w - - 0 1
1,1,0,0,0,0,0,1,-1,1,0,1,1,1,0,0,0,0,0,16,0,0,3,6,2,3,3,3,0,23,20,0,0,0,0,0,0,0,0,7,1,1,0,1,0,0,0,3,1,0,KRBKRNvK,DRAW,2n5/8/8/8/3k4/6KR/2r1B3/8 w - - 0 1
0,1,0,0,0,0,0,1,-1,1,0,1,1,1,0,0,0,0,0,16,0,0,3,5,0,6,3,4,2,21,26,0,0,0,0,0,0,0,0,7,1,1,0,0,0,0,1,2,1,0,KRBKRNvK,DRAW,5nB1/8/8/8/1r4k1/8/7R/5K2 b - - 0 1
0,1,0,0,0,0,0,1,-1,1,0,1,1,1,0,0,0,0,0,16,0,0,6,6,6,6,0,4,5,21,31,0,0,0,0,0,0,0,0,7,1,1,0,0,0,0,2,2,1,0,KRBKRNvK,DRAW,8/6K1/8/1R6/4r3/6B1/8/3n2k1 b - - 0 1
1,1,0,0,0,0,0,1,-1,1,0,1,1,1,0,0,0,0,0,16,0,0,6,7,6,1,7,5,5,24,20,0,0,0,0,0,0,0,0,7,1,1,0,0,0,0,2,0,0,0,KRBKRNvK,DRAW,1k3B2/n6K/1r6/8/8/8/8/3R4 w - - 0 1
1,1,0,0,0,0,0,1,-1,1,0,1,1,1,0,0,0,0,0,16,0,0,3,6,5,7,2,3,4,28,21,0,0,0,0,0,0,0,0,7,1,1,0,0,0,0,1,2,0,0,KRBKRNvK,DRAW,2n5/5B2/6K1/8/3r4/7k/1R6/8 w - - 0 1
1,1,0,0,0,0,0,1,-1,1,0,1,1,1,0,0,0,0,0,16,0,0,3,0,2,3,1,4,2,30,25,0,0,0,0,0,0,0,0,7,1,1,0,0,0,0,3,1,0,0,KRBKRNvK,DRAW,8/2n3r1/4B3/8/7R/K7/3k4/8 w - - 0 1
1,1,0,0,0,0,0,1,-1,1,0,1,1,1,0,0,0,0,0,16,0,0,4,5,5,4,1,2,2,27,14,0,0,0,0,0,0,0,0,7,1,1,0,0,0,0,3,0,0,0,KRBKRNvK,DRAW,8/8/3R1K2/2B5/8/8/4k3/2r2n2 w - - 0 1
1,1,0,0,0,0,0,1,-1,1,0,1,1,1,0,0,0,0,0,16,0,0,2,1,6,3,4,4,0,26,17,0,0,0,0,0,0,0,0,7,1,1,0,0,0,0,2,4,0,0,KRBKRNvK,WIN,2R4B/1K6/8/3k4/8/7n/8/3r4 w - - 0 1
0,1,0,0,0,0,0,1,-1,1,0,1,1,1,0,0,0,0,0,16,0,0,3,3,3,4,0,0,3,17,25,0,0,0,0,0,0,0,0,7,1,1,0,0,0,0,3,0,2,0,KRBKRNvK,DRAW,2r1n3/8/8/8/3K4/3B2R1/8/4k3 b - - 0 1
0,1,0,0,0,0,0,1,-1,1,0,1,1,1,0,0,0,0,0,16,0,0,3,1,3,0,0,2,6,3,0,1,0,0,0,0,0,0,0,7,1,1,0,0,0,0,2,2,0,1,KRBKRNvK,LOSS,8/8/8/1Br4n/1K6/8/8/k2R4 b - - 0 1
1,1,0,0,0,0,0,1,-1,1,0,1,1,1,0,0,0,0,0,16,0,0,6,0,0,6,0,6,5,21,23,0,0,0,0,0,0,0,0,7,1,1,0,0,0,0,2,1,0,1,KRBKRNvK,DRAW,8/8/8/8/2R4B/1r6/3n4/K5k1 w - - 0 1
1,1,0,0,0,0,0,1,-1,1,0,1,1,1,0,0,0,0,0,16,0,0,7,2,0,3,7,4,3,5,0,1,0,0,0,0,0,0,0,7,1,1,0,0,0,0,1,0,0,0,KRBKRNvK,DRAW,1n1k4/2r5/8/8/8/R7/8/1BK5 w - - 0 1
0,1,0,0,0,0,0,1,-1,1,0,1,1,1,0,0,0,0,0,16,0,0,6,7,7,1,7,6,5,4,0,1,0,0,0,0,0,0,0,7,1,1,0,0,0,0,0,2,1,0,KRBKRNvK,DRAW,1k5K/2B5/3r4/8/8/2R5/8/1n6 b - - 0 1
1,1,0,0,0,0,0,1,-1,1,0,1,1,1,0,0,0,0,0,16,0,0,4,5,1,1,3,3,2,18,21,0,0,0,0,0,0,0,0,7,1,1,0,0,0,0,2,3,1,1,KRBKRNvK,DRAW,8/8/8/R7/1k6/8/2n2K2/4r1B1 w - - 0 1
0,1,0,0,0,0,0,1,-1,1,0,1,1,1,0,0,0,0,0,16,0,0,6,7,5,1,2,4,3,26,19,0,0,0,0,0,0,0,0,7,1,1,0,0,0,0,2,2,1,0,KRBKRNvK,DRAW,4r3/8/7K/8/8/1k4n1/8/B5R1 b - - 0 1
0,1,0,0,0,0,0,1,-1,1,0,1,1,1,0,0,0,0,0,16,0,0,4,6,7,2,3,5,1,6,0,1,0,0,0,0,0,0,0,7,1,1,0,0,0,0,2,2,1,0,KRBKRNvK,DRAW,6K1/8/1B1r4/8/2k3R1/8/8/2n5 b - - 0 1
0,1,0,0,0,0,0,1,-1,1,0,1,1,1,0,0,0,0,0,16,0,0,2,7,5,5,3,4,1,23,22,0,0,0,0,0,0,0,0,7,1,1,0,0,0,0,2,2,0,0,KRBKRNvK,DRAW,8/6B1/7K/8/5k2/2r3n1/R7/8 b - - 0 1
0,1,0,0,0,0,0,1,-1,1,0,1,1,1,0,0,0,0,0,16,0,0,2,0,1,1,3,5,2,5,0,1,0,0,0,0,0,0,0,7,1,1,0,0,0,0,2,0,1,0,KRBKRNvK,DRAW,2r5/8/8/8/1k6/8/K2BR2n/8 b - - 0 1
0,1,0,0,0,0,0,1,-1,1,0,1,1,1,0,0,0,0,0,16,0,0,5,2,2,1,7,2,5,20,24,0,0,0,0,0,0,0,0,7,1,1,0,0,0,0,3,2,0,0,KRBKRNvK,DRAW,1k6/3r4/8/8/4B3/2K1R3/7n/8 b - - 0 1
1,1,0,0,0,0,0,1,-1,1,0,1,1,1,0,0,0,0,0,16,0,0,2,4,7,2,7,3,4,21,23,0,0,0,0,0,0,0,0,7,1,1,0,0,0,0,2,1,0,0,KRBKRNvK,DRAW,2k1K3/7r/8/4R3/8/8/B1n5/8 w - - 0 1
1,1,0,0,0,0,0,1,-1,1,0,1,1,1,0,0,0,0,0,16,0,0,7,7,7,1,0,6,5,2,0,1,0,0,0,0,0,0,0,7,1,1,0,0,0,0,1,0,1,2,KRBKRNvK,DRAW,5n1K/8/7r/3B4/8/R7/8/1k6 w - - 0 1
1,1,0,0,0,0,0,1,-1,1,0,1,1,1,0,0,0,0,0,16,0,0,6,6,3,0,5,2,4,21,27,0,0,0,0,0,0,0,0,7,1,1,0,1,0,0,1,0,0,1,KRBKRNvK,DRAW,8/8/k7/8/4n1K1/8/1r5B/6R1 w - - 0 1
1,1,0,0,0,0,0,1,-1,1,0,1,1,1,0,0,0,0,0,16,0,0,4,3,4,7,7,0,6,4,0,1,0,0,0,0,0,0,0,7,1,1,0,0,0,0,4,2,0,1,KRBKRNvK,DRAW,4r2k/8/8/3KR3/1nB5/8/8/8 w - - 0 1
1,1,0,0,0,0,0,1,-1,1,0,1,1,1,0,0,0,0,0,16,0,0,3,4,4,4,7,0,3,29,20,0,0,0,0,0,0,0,0,7,1,1,0,0,0,0,3,0,0,0,KRBKRNvK,DRAW,4k3/n7/7R/4K3/8/r7/8/3B4 w - - 0 1
1,1,0,0,0,0,0,1,-1,1,0,1,1,1,0,0,0,0,0,16,0,0,7,2,7,3,0,4,3,20,25,0,0,0,0,0,0,0,0,7,1,1,0,0,0,0,0,0,1,0,KRBKRNvK,DRAW,R1K5/8/8/8/4n3/6r1/8/3k1B2 w - - 0 1
0,1,0,0,0,0,0,1,-1,1,0,1,1,1,0,0,0,0,0,16,0,0,5,1,2,0,7,3,6,16,33,0,0,0,0,0,0,0,0,7,1,1,1,0,0,0,2,0,0,0,KRBKRNvK,DRAW,k1n3r1/7R/5B2/8/8/1K6/8/8 b - - 0 1
0,1,0,0,0,0,0,1,-1,1,0,1,1,1,0,0,0,0,0,16,0,0,4,4,6,0,6,2,5,3,0,1,0,0,0,0,0,0,0,7,1,1,0,0,0,0,0,1,0,1,KRBKRNvK,DRAW,7r/k3K3/4n2B/8/8/8/8/R7 b - - 0 1
0,1,0,0,0,0,0,1,-1,1,0,1,1,1,0,0,0,0,0,16,0,0,6,1,7,4,1,5,2,27,25,0,0,0,0,0,0,0,0,7,1,1,0,0,0,0,2,4,0,0,KRBKRNvK,DRAW,1K6/7B/8/3r4/1R6/2n5/4k3/8 b - - 0 1
0,1,0,0,0,0,0,1,-1,1,0,1,1,1,0,0,0,0,0,16,0,0,3,2,6,5,3,3,1,6,0,1,0,0,0,0,0,0,0,7,1,1,0,0,0,0,2,2,0,0,KRBKRNvK,DRAW,4B3/2K5/8/8/n1R2k2/1r6/8/8 b - - 0 1
1,1,0,0,0,0,0,1,-1,1,0,1,1,1,0,0,0,0,0,16,0,0,5,0,0,5,2,6,2,3,0,1,0,0,0,0,0,0,0,7,1,1,0,0,0,0,1,1,0,0,KRBKRNvK,DRAW,3n4/8/2R5/8/8/5k2/B7/K5r1 w - - 0 1
1,1,0,0,0,0,0,1,-1,1,0,1,1,1,0,0,0,0,0,16,0,0,2,4,3,2,1,0,3,27,16,0,0,0,0,0,0,0,0,7,1,1,0,1,0,0,3,0,0,0,KRBKRNvK,DRAW,7n/8/R7/8/4K3/8/1rk5/5B2 w - - 0 1
1,1,0,0,0,0,0,1,-1,1,0,1,1,1,0,0,0,0,0,16,0,0,2,7,7,5,5,6,2,22,25,0,0,0,0,0,0,0,0,7,1,1,0,0,0,0,2,1,0,1,KRBKRNvK,DRAW,7K/r7/5k1n/8/8/1R3B2/8/8 w - - 0 1
1,1,0,0,0,0,0,1,-1,1,0,1,1,1,0,0,0,0,0,16,0,0,2,6,5,5,3,3,1,21,15,0,0,0,0,0,0,0,0,7,1,1,0,0,0,0,1,2,1,1,KRBKRNvK,DRAW,6R1/8/6K1/6n1/5k2/3B1r2/8/8 w - - 0 1
0,1,0,0,0,0,0,1,-1,1,0,1,1,1,0,0,0,0,0,16,0,0,3,7,3,4,6,3,2,4,0,1,0,0,0,0,0,0,0,7,1,1,0,0,0,0,2,2,1,1,KRBKRNvK,DRAW,8/4k3/5n2/4R3/2B4K/8/8/2r5 b - - 0 1
0,1,0,0,0,0,0,1,-1,1,0,1,1,1,0,0,0,0,0,16,0,0,3,7,1,4,2,5,1,18,28,0,0,0,0,0,0,0,0,7,1,1,0,0,0,0,1,2,1,0,KRBKRNvK,DRAW,8/6n1/1R6/4B3/8/4k3/7K/4r3 b - - 0 1
0,1,0,0,0,0,0,1,-1,1,0,1,1,1,0,0,0,0,0,16,0,0,3,3,5,1,2,1,3,25,22,0,0,0,0,0,0,0,0,7,1,1,0,0,0,0,3,0,0,0,KRBKRNvK,DRAW,B7/8/3K3R/8/8/1k6/1n6/2r5 b - - 0 1
1,1,0,0,0,0,0,1,-1,1,0,1,1,1,0,0,0,0,0,16,0,0,2,4,6,2,7,2,4,5,0,1,0,0,0,0,0,0,0,7,1,1,0,0,0,0,3,0,1,0,KRBKRNvK,DRAW,2k5/B3K2r/8/1R6/8/8/n7/8 w - - 0 1
0,1,0,0,0,0,0,1,-1,1,0,1,1,1,0,0,0,0,0,16,0,0,4,5,2,1,0,2,5,27,20,0,0,0,0,0,0,0,0,7,1,1,0,0,0,0,1,2,0,1,KRBKRNvK,DRAW,2B2R2/8/8/2n5/3r4/5K2/8/1k6 b - - 0 1
0,1,0,0,0,0,0,1,-1,1,0,1,1,1,0,0,0,0,0,16,0,0,7,2,7,6,0,4,5,22,22,0,0,0,0,0,0,0,0,7,1,1,0,0,0,0,2,1,0,0,KRBKRNvK,DRAW,2K5/8/8/B3R3/8/8/3n4/1r4k1 b - - 0 1
0,1,0,0,0,0,0,1,-1,1,0,1,1,1,0,0,0,0,0,16,0,0,3,1,1,4,0,4,3,3,0,1,0,0,0,0,0,0,0,7,1,1,0,0,0,0,2,3,1,0,KRBKRNvK,DRAW,B7/5n2/8/4r3/8/8/1K6/2R1k3 b - - 0 1
0,1,0,0,0,0,0,1,-1,1,0,1,1,1,0,0,0,0,0,16,0,0,3,1,1,4,0,4,3,27,25,0,0,0,0,0,0,0,0,7,1,1,0,0,0,0,2,0,0,0,KRBKRNvK,DRAW,7R/r7/8/4n3/8/8/1K6/4k2B b - - 0 1
0,1,0,0,0,0,0,1,-1,1,0,1,1,1,0,0,0,0,0,16,0,0,2,7,7,5,7,6,4,3,0,1,0,0,0,0,0,0,0,7,1,1,0,0,0,0,2,0,1,1,KRBKRNvK,DRAW,3R1k1K/6n1/8/8/B7/8/8/1r6 b - - 0 1
1,1,0,0,0,0,0,1,-1,1,0,1,1,1,0,0,0,0,0,16,0,0,3,3,6,0,6,2,5,6,0,1,0,0,0,0,0,0,0,7,1,1,0,1,0,0,3,0,0,1,KRBKRNvK,DRAW,1n6/k2K2B1/3R4/8/8/8/7r/8 w - - 0 1
1,1,0,0,0,0,0,1,-1,1,0,1,1,1,0,0,0,0,0,16,0,0,3,4,4,2,1,0,3,25,24,0,0,0,0,0,0,0,0,7,1,1,0,1,0,0,3,1,0,1,KRBKRNvK,DRAW,8/4n3/8/4K3/5R2/8/2k4r/5B2 w - - 0 1
1,1,0,0,0,0,0,1,-1,1,0,1,1,1,0,0,0,0,0,16,0,0,4,2,5,3,1,2,2,26,24,0,0,0,0,0,0,0,0,7,1,1,0,0,0,0,1,3,1,0,KRBKRNvK,DRAW,R7/8/2K5/5r2/8/8/3k1n2/3B4 w - - 0 1
0,1,0,0,0,0,0,1,-1,1,0,1,1,1,0,0,0,0,0,16,0,0,2,4,6,6,6,2,4,23,22,0,0,0,0,0,0,0,0,7,1,1,0,0,0,0,2,2,0,2,KRBKRNvK,DRAW,2B5/4Knk1/8/5r2/8/8/8/3R4 b - - 0 1
1,1,0,0,0,0,0,1,-1,1,0,1,1,1,0,0,0,0,0,16,0,0,2,4,7,6,6,3,4,23,24,0,0,0,0,0,0,0,0,7,1,1,0,0,0,0,2,3,0,0,KRBKRNvK,DRAW,1R2K3/6k1/8/2r2n2/8/5B2/8/8 w - - 0 1
0,1,0,0,0,0,0,1,-1,1,0,1,1,1,0,0,0,0,0,16,0,0,5,1,6,6,5,4,3,6,0,1,0,0,0,0,0,0,0,7,1,1,0,0,0,0,0,2,0,1,KRBKRNvK,DRAW,2B5/1K6/6k1/3r4/8/8/1n4R1/8 b - - 0 1
1,1,0,0,0,0,0,1,-1,1,0,1,1,1,0,0,0,0,0,16,0,0,4,7,4,7,0,3,6,4,0,1,0,0,0,0,0,0,0,7,1,1,0,0,0,0,0,2,0,1,KRBKRNvK,LOSS,6R1/8/5n2/7K/1B6/8/8/2r4k w - - 0 1
1,1,0,0,0,0,0,1,-1,1,0,1,1,1,0,0,0,0,0,16,0,0,4,2,6,6,3,3,2,30,26,0,0,0,0,0,0,0,0,7,1,1,0,1,0,0,1,0,0,0,KRBKRNvK,DRAW,8/2K5/1R6/2B5/6k1/8/7r/4n3 w - - 0 1
0,1,0,0,0,0,0,1,-1,1,0,1,1,1,0,0,0,0,0,16,0,0,5,2,5,7,6,2,5,17,29,0,0,0,0,0,0,0,0,7,1,1,0,0,0,0,3,1,0,0,KRBKRNvK,DRAW,6r1/7k/2K3n1/3B4/6R1/8/8/8 b - - 0 1
0,1,0,0,0,0,0,1,-1,1,0,1,1,1,0,0,0,0,0,16,0,0,3,3,3,1,6,0,4,5,0,1,0,0,0,0,0,0,0,7,1,1,1,0,0,0,3,1,0,1,KRBKRNvK,DRAW,2r5/1k3R2/1n6/8/3K4/6B1/8/8 b - - 0 1
0,1,0,0,0,0,0,1,-1,1,0,1,1,1,0,0,0,0,0,16,0,0,5,5,5,0,3,2,3,17,26,0,0,0,0,0,0,0,0,7,1,1,0,0,0,0,2,1,0,0,KRBKRNvK,DRAW,8/r7/5K2/1n1B4/k7/5R2/8/8 b - - 0 1
1,1,0,0,0,0,0,1,-1,1,0,1,1,1,0,0,0,0,0,16,0,0,2,3,5,2,7,1,4,5,0,1,0,0,0,0,0,0,0,7,1,1,0,0,0,0,4,0,0,0,KRBKRNvK,DRAW,2k5/8/3K3r/8/n7/8/4R3/B7 w - - 0 1
0,1,0,0,0,0,0,1,-1,1,0,1,1,1,0,0,0,0,0,16,0,0,2,5,5,6,3,2,2,27,23,0,0,0,0,0,0,0,0,7,1,1,0,0,0,0,2,1,0,1,KRBKRNvK,DRAW,8/8/5K2/8/1R1B1nk1/8/8/r7 b - - 0 1
0,1,0,0,0,0,0,1,-1,1,0,1,1,1,0,0,0,0,0,16,0,0,5,7,5,7,0,4,6,1,0,1,0,0,0,0,0,0,0,7,1,1,0,0,0,0,1,2,2,0,KRBKRNvK,DRAW,8/8/n6K/8/4r3/7R/5B2/7k b - - 0 1
0,1,0,0,0,0,0,1,-1,1,0,1,1,1,0,0,0,0,0,16,0,0,7,7,7,0,7,6,6,21,20,0,0,0,0,0,0,0,0,7,1,1,1,0,0,0,2,3,0,0,KRBKRNvK,DRAW,k6K/4n1R1/8/8/8/2B5/8/4r3 b - - 0 1
1,1,0,0,0,0,0,1,-1,1,0,1,1,1,0,0,0,0,0,16,0,0,6,4,7,7,1,3,5,6,0,1,0,0,0,0,0,0,0,7,1,1,0,0,0,0,2,2,2,0,KRBKRNvK,DRAW,4K3/8/8/8/5R2/4r2B/n6k/8 w - - 0 1
0,1,0,0,0,0,0,1,-1,1,0,1,1,1,0,0,0,0,0,16,0,0,6,0,2,6,1,4,4,24,24,0,0,0,0,0,0,0,0,7,1,1,0,0,0,0,2,1,1,0,KRBKRNvK,DRAW,8/5r2/1n6/7B/8/K7/6k1/4R3 b - - 0 1
0,1,0,0,0,0,0,1,-1,1,0,1,1,1,0,0,0,0,0,16,0,0,4,2,6,5,2,3,2,27,19,0,0,0,0,0,0,0,0,7,1,1,0,0,0,0,1,3,0,1,KRBKRNvK,DRAW,6BR/2K5/3n4/8/8/5k2/8/3r4 b - - 0 1
1,1,0,0,0,0,0,1,-1,1,0,1,1,1,0,0,0,0,0,16,0,0,6,6,0,4,6,5,2,28,17,0,0,0,0,0,0,0,0,7,1,1,0,1,0,0,1,2,2,1,KRBKRNvK,DRAW,5R2/4k3/8/3B4/8/8/3nr3/6K1 w - - 0 1
1,1,0,0,0,0,0,1,-1,1,0,1,1,1,0,0,0,0,0,16,0,0,2,2,6,2,4,3,1,27,23,0,0,0,0,0,0,0,0,7,1,1,0,0,0,0,2,3,1,0,KRBKRNvK,DRAW,8/1BK5/7R/2k5/8/1r6/5n2/8 w - - 0 1
1,1,0,0,0,0,0,1,-1,1,0,1,1,1,0,0,0,0,0,16,0,0,5,0,2,5,2,4,2,26,15,0,0,0,0,0,0,0,0,7,1,1,1,0,0,0,2,1,0,0,KRBKRNvK,DRAW,2Bn1r2/4R3/8/8/8/K4k2/8/8 w - - 0 1
1,1,0,0,0,0,0,1,-1,1,0,1,1,1,0,0,0,0,0,16,0,0,2,1,5,0,7,3,6,4,0,1,0,0,0,0,0,0,0,7,1,1,0,0,0,0,1,3,0,0,KRBKRNvK,DRAW,k7/4n3/1K2r3/2B5/8/8/8/7R w - - 0 1
0,1,0,0,0,0,0,1,-1,1,0,1,1,1,0,0,0,0,0,16,0,0,4,7,0,7,4,6,3,4,0,1,0,0,0,0,0,0,0,7,1,1,1,0,0,0,2,2,1,0,KRBKRNvK,DRAW,6n1/7R/8/1r5k/8/8/8/B6K b - - 0 1
0,1,0,0,0,0,0,1,-1,1,0,1,1,1,0,0,0,0,0,16,0,0,6,7,1,1,1,5,4,20,28,0,0,0,0,0,0,0,0,7,1,1,0,0,0,0,3,0,1,0,KRBKRNvK,DRAW,8/1r6/n5B1/8/8/8/1k5K/3R4 b - - 0 1
0,1,0,0,0,0,0,1,-1,1,0,1,1,1,0,0,0,0,0,16,0,0,5,1,2,0,7,3,6,1,0,1,0,0,0,0,0,0,0,7,1,1,0,0,0,0,3,1,0,1,KRBKRNvK,LOSS,k7/8/8/R7/8/1K6/4n1B1/r7 b - - 0 1
0,1,0,0,0,0,0,1,-1,1,0,1,1,1,0,0,0,0,0,16,0,0,2,5,3,6,5,1,3,24,26,0,0,0,0,0,0,0,0,7,1,1,0,0,0,0,3,2,0,0,KRBKRNvK,DRAW,B2n4/8/6k1/2r5/5K2/8/1R6/8 b - - 0 1
1,1,0,0,0,0,0,1,-1,1,0,1,1,1,0,0,0,0,0,16,0,0,7,7,0,0,2,6,4,3,0,1,0,0,0,0,0,0,0,7,1,1,0,0,0,0,1,2,0,0,KRBKRNvK,DRAW,R7/8/8/n6r/5B2/k7/8/7K w - - 0 1
1,1,0,0,0,0,0,1,-1,1,0,1,1,1,0,0,0,0,0,16,0,0,3,4,5,1,5,1,3,25,22,0,0,0,0,0,0,0,0,7,1,1,1,0,0,0,2,2,0,0,KRBKRNvK,DRAW,8/5R2/nk2K3/8/5B2/8/8/3r4 w - - 0 1
0,1,0,0,0,0,0,1,-1,1,0,1,1,1,0,0,0,0,0,16,0,0,4,6,4,2,1,2,3,25,26,0,0,0,0,0,0,0,0,7,1,1,1,0,0,0,0,0,0,1,KRBKRNvK,DRAW,8/1n5R/5r2/1B4K1/8/8/2k5/8 b - - 0 1
1,1,0,0,0,0,0,1,-1,1,0,1,1,1,0,0,0,0,0,16,0,0,3,2,4,5,6,1,3,7,0,1,0,0,0,0,0,0,0,7,1,1,0,0,0,0,3,2,0,1,KRBKRNvK,DRAW,8/1n3k2/8/2K5/8/6R1/1B6/4r3 w - - 0 1
0,1,0,0,0,0,0,1,-1,1,0,1,1,1,0,0,0,0,0,16,0,0,4,3,6,7,7,2,6,3,0,1,0,0,0,0,0,0,0,7,1,1,0,0,0,0,3,0,1,1,KRBKRNvK,DRAW,7k/1n1K4/5B2/4R3/8/8/8/6r1 b - - 0 1
1,1,0,0,0,0,0,1,-1,1,0,1,1,1,0,0,0,0,0,16,0,0,5,6,4,1,0,2,5,6,0,1,0,0,0,0,0,0,0,7,1,1,0,0,0,0,0,2,0,0,KRBKRNvK,DRAW,8/8/8/r5K1/8/8/6R1/nk5B w - - 0 1
0,1,0,0,0,0,0,1,-1,1,0,1,1,1,0,0,0,0,0,16,0,0,3,7,0,4,0,6,3,4,0,1,0,0,0,0,0,0,0,7,1,1,0,1,0,0,3,1,2,1,KRBKRNvK,DRAW,8/8/8/8/5n2/2BR4/6r1/4k2K b - - 0 1
1,1,0,0,0,0,0,1,-1,1,0,1,1,1,0,0,0,0,0,16,0,0,4,2,1,3,5,3,1,16,20,0,0,0,0,0,0,0,0,7,1,1,0,0,0,0,1,2,1,0,KRBKRNvK,DRAW,8/8/3k4/2r5/R1B5/8/2K3n1/8 w - - 0 1
1,1,0,0,0,0,0,1,-1,1,0,1,1,1,0,0,0,0,0,16,0,0,3,5,2,6,5,2,3,28,19,0,0,0,0,0,0,0,0,7,1,1,0,0,0,0,2,2,0,0,KRBKRNvK,DRAW,8/6r1/5nk1/8/8/5KB1/8/7R w - - 0 1
0,1,0,0,0,0,0,1,-1,1,0,1,1,1,0,0,0,0,0,16,0,0,7,3,7,7,0,3,6,23,20,0,0,0,0,0,0,0,0,7,1,1,0,0,0,0,0,2,0,1,KRBKRNvK,DRAW,3K4/2n4B/8/5r2/8/2R5/8/7k b - - 0 1
0,1,0,0,0,0,0,1,-1,1,0,1,1,1,0,0,0,0,0,16,0,0,3,6,3,7,0,2,6,20,23,0,0,0,0,0,0,0,0,7,1,1,0,1,0,0,0,0,0,1,KRBKRNvK,DRAW,8/8/2R5/8/6K1/8/5r2/4Bn1k b - - 0 1
0,1,0,0,0,0,0,1,-1,1,0,1,1,1,0,0,0,0,0,16,0,0,3,5,7,4,4,4,0,6,0,1,0,0,0,0,0,0,0,7,1,1,1,0,0,0,1,3,1,1,KRBKRNvK,DRAW,5K2/4R3/7n/4k3/2r5/8/8/4B3 b - - 0 1
0,1,0,0,0,0,0,1,-1,1,0,1,1,1,0,0,0,0,0,16,0,0,7,0,0,5,7,6,4,23,19,0,0,0,0,0,0,0,0,7,1,1,1,0,0,0,0,1,0,0,KRBKRNvK,DRAW,5k2/R4n2/1r6/8/7B/8/8/K7 b - - 0 1
1,1,0,0,0,0,0,1,-1,1,0,1,1,1,0,0,0,0,0,16,0,0,2,2,3,1,5,1,3,24,20,0,0,0,0,0,0,0,0,7,1,1,0,1,0,0,3,0,0,1,KRBKRNvK,DRAW,2n5/8/1k6/8/2K5/8/r5B1/2R5 w - - 0 1
1,1,0,0,0,0,0,1,-1,1,0,1,1,1,0,0,0,0,0,16,0,0,7,2,0,6,7,4,5,21,20,0,0,0,0,0,0,0,0,7,1,1,0,0,0,0,1,2,0,0,KRBKRNvK,DRAW,6k1/3r2n1/8/8/8/8/2R2B2/2K5 w - - 0 1
0,1,0,0,0,0,0,1,-1,1,0,1,1,1,0,0,0,0,0,16,0,0,2,7,3,6,1,3,4,18,24,0,0,0,0,0,0,0,0,7,1,1,0,0,0,0,1,0,0,0,KRBKRNvK,DRAW,5rn1/8/8/2B5/7K/2R5/6k1/8 b - - 0 1
1,1,0,0,0,0,0,1,-1,1,0,1,1,1,0,0,0,0,0,16,0,0,3,6,4,4,7,2,3,9,0,1,0,0,0,0,0,0,0,7,1,1,0,0,0,0,1,2,0,0,KRBKRNvK,DRAW,4k3/8/8/r5K1/8/2RB4/1n6/8 w - - 0 1
0,1,0,0,0,0,0,1,-1,1,0,1,1,1,0,0,0,0,0,16,0,0,2,2,1,1,3,3,2,4,0,1,0,0,0,0,0,0,0,7,1,1,0,0,0,0,2,1,0,0,KRBKRNvK,LOSS,2B5/8/r7/8/1k3Rn1/8/2K5/8 b - - 0 1
1,1,0,0,0,0,0,1,-1,1,0,1,1,1,0,0,0,0,0,16,0,0,4,7,4,3,3,3,0,20,24,0,0,0,0,0,0,0,0,7,1,1,0,0,0,0,1,3,1,0,KRBKRNvK,DRAW,8/8/1r6/n4BRK/3k4/8/8/8 w - - 0 1
1,1,0,0,0,0,0,1,-1,1,0,1,1,1,0,0,0,0,0,16,0,0,3,7,0,6,3,6,2,23,25,0,0,0,0,0,0,0,0,7,1,1,0,0,0,0,0,2,0,0,KRBKRNvK,DRAW,4r3/8/B1R5/7n/6k1/8/8/7K w - - 0 1
0,1,0,0,0,0,0,1,-1,1,0,1,1,1,0,0,0,0,0,16,0,0,5,6,6,1,2,4,3,5,0,1,0,0,0,0,0,0,0,7,1,1,0,0,0,0,3,1,1,1,KRBKRNvK,DRAW,8/5nK1/5B2/8/8/1k1R4/8/1r6 b - - 0 1
0,1,0,0,0,0,0,1,-1,1,0,1,1,1,0,0,0,0,0,16,0,0,3,7,3,5,6,3,3,24,22,0,0,0,0,0,0,0,0,7,1,1,0,0,0,0,1,2,1,1,KRBKRNvK,DRAW,8/5k2/3B4/8/7K/4r1n1/8/6R1 b - - 0 1
0,1,0,0,0,0,0,1,-1,1,0,1,1,1,0,0,0,0,0,16,0,0,3,3,0,0,0,3,6,3,0,1,0,0,0,0,0,0,0,7,1,1,1,0,0,0,3,0,0,0,KRBKRNvK,DRAW,2r5/1n2R3/5B2/8/8/8/8/k2K4 b - - 0 1
0,1,0,0,0,0,0,1,-1,1,0,1,1,1,0,0,0,0,0,16,0,0,4,2,0,6,2,4,3,18,21,0,0,0,0,0,0,0,0,7,1,1,0,0,0,0,1,0,1,2,KRBKRNvK,DRAW,8/5B2/8/8/8/1r4k1/8/n1K4R b - - 0 1
0,1,0,0,0,0,0,1,-1,1,0,1,1,1,0,0,0,0,0,16,0,0,4,5,3,1,6,1,4,23,19,0,0,0,0,0,0,0,0,7,1,1,0,0,0,0,3,0,0,1,KRBKRNvK,DRAW,8/1k6/6r1/n7/4RK2/4B3/8/8 b - - 0 1
0,1,0,0,0,0,0,1,-1,1,0,1,1,1,0,0,0,0,0,16,0,0,2,1,2,2,4,3,1,2,0,1,0,0,0,0,0,0,0,7,1,1,0,0,0,0,1,3,1,0,KRBKRNvK,DRAW,8/8/1R6/2k4n/6r1/1K6/5B2/8 b - - 0 1
1,1,0,0,0,0,0,1,-1,1,0,1,1,1,0,0,0,0,0,16,0,0,6,1,6,7,1,4,5,22,21,0,0,0,0,0,0,0,0,7,1,1,0,0,0,0,2,0,0,0,KRBKRNvK,DRAW,2B5/1K6/8/1R6/8/8/6nk/2r5 w - - 0 1
1,1,0,0,0,0,0,1,-1,1,0,1,1,1,0,0,0,0,0,16,0,0,5,1,4,6,7,2,5,29,15,0,0,0,0,0,0,0,0,7,1,1,0,0,0,0,3,1,1,0,KRBKRNvK,DRAW,5rk1/8/3R1B2/1K6/8/8/2n5/8 w - - 0 1
0,1,0,0,0,0,0,1,-1,1,0,1,1,1,0,0,0,0,0,16,0,0,7,7,7,0,5,6,4,21,24,0,0,0,0,0,0,0,0,7,1,1,0,0,0,0,2,2,0,0,KRBKRNvK,DRAW,7K/8/k3r3/8/5R2/8/8/1B2n3 b - - 0 1
1,1,0,0,0,0,0,1,-1,1,0,1,1,1,0,0,0,0,0,16,0,0,4,4,3,0,3,0,3,7,0,1,0,0,0,0,0,0,0,7,1,1,0,0,0,0,3,2,0,1,KRBKRNvK,DRAW,8/5B2/5n2/8/k3K3/7R/8/2r5 w - - 0 1
1,1,0,0,0,0,0,1,-1,1,0,1,1,1,0,0,0,0,0,16,0,0,2,0,2,1,4,4,2,3,0,1,0,0,0,0,0,0,0,7,1,1,0,0,0,0,1,0,1,0,KRBKRNvK,DRAW,8/r7/2R5/1k6/8/K5B1/8/4n3 w - - 0 1
1,1,0,0,0,0,0,1,-1,1,0,1,1,1,0,0,0,0,0,16,0,0,6,1,1,3,7,4,3,25,22,0,0,0,0,0,0,0,0,7,1,1,0,0,0,0,2,1,0,1,KRBKRNvK,DRAW,3k4/8/8/8/R7/5r1B/1K1n4/8 w - - 0 1
1,1,0,0,0,0,0,1,-1,1,0,1,1,1,0,0,0,0,0,16,0,0,6,1,0,3,6,5,2,24,17,0,0,0,0,0,0,0,0,7,1,1,0,0,0,0,0,0,0,0,KRBKRNvK,DRAW,rn6/3k4/8/8/8/8/4B3/1K5R w - - 0 1
1,1,0,0,0,0,0,1,-1,1,0,1,1,1,0,0,0,0,0,16,0,0,3,7,3,4,6,3,2,23,29,0,0,0,0,0,0,0,0,7,1,1,0,0,0,0,1,0,0,0,KRBKRNvK,DRAW,8/4k3/8/8/4n2K/r7/7B/2R5 w - - 0 1
1,1,0,0,0,0,0,1,-1,1,0,1,1,1,0,0,0,0,0,16,0,0,2,7,2,6,4,4,2,26,18,0,0,0,0,0,0,0,0,7,1,1,1,0,0,0,0,0,1,0,KRBKRNvK,DRAW,r6n/5R2/8/6k1/1B6/7K/8/8 w - - 0 1
1,1,0,0,0,0,0,1,-1,1,0,1,1,1,0,0,0,0,0,16,0,0,2,6,1,4,0,4,3,29,21,0,0,0,0,0,0,0,0,7,1,1,0,0,0,0,3,0,0,0,KRBKRNvK,DRAW,2r5/1n4B1/8/7R/8/8/6K1/4k3 w - - 0 1
1,1,0,0,0,0,0,1,-1,1,0,1,1,1,0,0,0,0,0,16,0,0,3,3,4,0,5,0,4,20,22,0,0,0,0,0,0,0,0,7,1,1,0,0,0,0,4,1,0,1,KRBKRNvK,DRAW,8/8/k3B3/3Kn1r1/3R4/8/8/8 w - - 0 1
0,1,0,0,0,0,0,1,-1,1,0,1,1,1,0,0,0,0,0,16,0,0,6,0,1,6,5,5,3,15,25,0,0,0,0,0,0,0,0,7,1,1,0,0,0,0,2,0,0,0,KRBKRNvK,DRAW,8/1B6/6kr/8/8/5R2/K5n1/8 b - - 0 1
0,1,0,0,0,0,0,1,-1,1,0,1,1,1,0,0,0,0,0,16,0,0,2,1,4,3,5,2,1,5,0,1,0,0,0,0,0,0,0,7,1,1,0,1,0,0,0,3,1,0,KRBKRNvK,DRAW,4B3/8/R2k4/1K6/8/8/2r1n3/8 b - - 0 1
0,1,0,0,0,0,0,1,-1,1,0,1,1,1,0,0,0,0,0,16,0,0,2,3,5,1,6,1,4,5,0,1,0,0,0,0,0,0,0,7,1,1,1,0,0,0,2,0,0,0,KRBKRNvK,DRAW,8/1k5R/3K4/8/5B2/1r6/8/6n1 b - - 0 1
1,1,0,0,0,0,0,1,-1,1,0,1,1,1,0,0,0,0,0,16,0,0,2,0,0,0,2,6,4,18,20,0,0,0,0,0,0,0,0,7,1,1,0,0,0,0,0,1,0,0,KRBKRNvK,DRAW,8/8/8/7B/2rn4/k7/7R/K7 w - - 0 1
1,1,0,0,0,0,0,1,-1,1,0,1,1,1,0,0,0,0,0,16,0,0,4,1,3,5,7,2,4,6,0,1,0,0,0,0,0,0,0,7,1,1,0,0,0,0,2,1,0,0,KRBKRNvK,DRAW,5k2/5n2/8/2R5/1K1B4/8/8/1r6 w - - 0 1
0,1,0,0,0,0,0,1,-1,1,0,1,1,1,0,0,0,0,0,16,0,0,6,1,0,6,6,5,4,23,19,0,0,0,0,0,0,0,0,7,1,1,0,0,0,0,1,1,0,0,KRBKRNvK,DRAW,8/6k1/3r4/3n4/8/8/R1B5/1K6 b - - 0 1
0,1,0,0,0,0,0,1,-1,1,0,1,1,1,0,0,0,0,0,16,0,0,5,0,5,5,6,4,3,4,0,1,0,0,0,0,0,0,0,7,1,1,1,1,0,0,1,0,0,0,KRBKRNvK,DRAW,8/R4k2/K7/8/8/1B6/1r5n/8 b - - 0 1
1,1,0,0,0,0,0,1,-1,1,0,1,1,1,0,0,0,0,0,16,0,0,4,6,0,7,4,5,3,4,0,1,0,0,0,0,0,0,0,7,1,1,0,0,0,0,1,2,0,0,KRBKRNvK,DRAW,8/8/8/7k/2B5/8/R7/1n1r2K1 w - - 0 1
0,1,0,0,0,0,0,1,-1,1,0,1,1,1,0,0,0,0,0,16,0,0,4,5,4,5,0,1,4,20,30,0,0,0,0,0,0,0,0,7,1,1,0,0,0,0,3,0,1,0,KRBKRNvK,DRAW,8/2r5/n7/5K2/8/1R3B2/8/5k2 b - - 0 1
0,1,0,0,0,0,0,1,-1,1,0,1,1,1,0,0,0,0,0,16,0,0,6,1,0,6,6,5,4,8,0,1,0,0,0,0,0,0,0,7,1,1,1,0,0,0,0,0,0,0,KRBKRNvK,DRAW,r7/1R4k1/8/4n3/6B1/8/8/1K6 b - - 0 1
1,1,0,0,0,0,0,1,-1,1,0,1,1,1,0,0,0,0,0,16,0,0,3,4,4,5,7,0,4,24,21,0,0,0,0,0,0,0,0,7,1,1,0,0,0,0,4,1,0,2,KRBKRNvK,DRAW,5k2/2n3r1/8/4K3/8/2B4R/8/8 w - - 0 1
0,1,0,0,0,0,0,1,-1,1,0,1,1,1,0,0,0,0,0,16,0,0,5,5,4,0,6,1,5,18,25,0,0,0,0,0,0,0,0,7,1,1,0,0,0,0,3,0,1,0,KRBKRNvK,DRAW,7n/k7/2B5/5KR1/8/8/8/7r b - - 0 1
1,1,0,0,0,0,0,1,-1,1,0,1,1,1,0,0,0,0,0,16,0,0,2,3,4,4,6,0,2,18,20,0,0,0,0,0,0,0,0,7,1,1,0,0,0,0,3,2,0,2,KRBKRNvK,WIN,8/3nk3/4r3/3K4/8/8/8/4BR2 w - - 0 1
0,1,0,0,0,0,0,1,-1,1,0,1,1,1,0,0,0,0,0,16,0,0,4,6,5,2,1,3,3,26,22,0,0,0,0,0,0,0,0,7,1,1,0,0,0,0,2,2,1,0,KRBKRNvK,DRAW,8/8/5RK1/8/1r6/8/2k2n2/B7 b - - 0 1
0,1,0,0,0,0,0,1,-1,1,0,1,1,1,0,0,0,0,0,16,0,0,4,2,3,6,7,1,5,16,28,0,0,0,0,0,0,0,0,7,1,1,0,0,0,0,3,0,0,0,KRBKRNvK,DRAW,6k1/8/8/5RB1/2K5/8/8/r2n4 b - - 0 1
1,1,0,0,0,0,0,1,-1,1,0,1,1,1,0,0,0,0,0,16,0,0,2,2,2,4,0,2,3,5,0,1,0,0,0,0,0,0,0,7,1,1,0,0,0,0,1,0,0,1,KRBKRNvK,DRAW,2RB4/8/8/8/7n/2K5/8/2r1k3 w - - 0 1
0,1,0,0,0,0,0,1,-1,1,0,1,1,1,0,0,0,0,0,16,0,0,2,4,0,2,0,3,4,22,21,0,0,0,0,0,0,0,0,7,1,1,0,0,0,0,0,1,0,0,KRBKRNvK,DRAW,8/3n4/5r2/B7/8/7R/8/2k1K3 b - - 0 1
1,1,0,0,0,0,0,1,-1,1,0,1,1,1,0,0,0,0,0,16,0,0,3,7,7,4,4,6,0,2,0,1,0,0,0,0,0,0,0,7,1,1,0,0,0,0,0,3,0,0,KRBKRNvK,DRAW,3r3K/8/8/1n2k3/8/8/1R6/5B2 w - - 0 1
0,1,0,0,0,0,0,1,-1,1,0,1,1,1,0,0,0,0,0,16,0,0,3,3,6,4,3,2,0,23,26,0,0,0,0,0,0,0,0,7,1,1,0,0,0,0,2,3,1,1,KRBKRNvK,DRAW,8/3K4/8/1n4R1/4k3/5r2/7B/8 b - - 0 1
0,1,0,0,0,0,0,1,-1,1,0,1,1,1,0,0,0,0,0,16,0,0,5,2,2,6,7,2,5,20,28,0,0,0,0,0,0,0,0,7,1,1,0,0,0,0,2,0,1,0,KRBKRNvK,DRAW,6k1/5r2/7B/8/1R5n/2K5/8/8 b - - 0 1
1,1,0,0,0,0,0,1,-1,1,0,1,1,1,0,0,0,0,0,16,0,0,4,0,4,4,0,3,3,24,22,0,0,0,0,0,0,0,0,7,1,1,0,0,0,0,1,2,0,0,KRBKRNvK,DRAW,4n3/8/R7/K1B5/8/3r4/8/4k3 w - - 0 1
0,1,0,0,0,0,0,1,-1,1,0,1,1,1,0,0,0,0,0,16,0,0,7,7,7,0,4,6,3,19,23,0,0,0,0,0,0,0,0,7,1,1,0,0,0,0,1,0,0,1,KRBKRNvK,DRAW,5n1K/8/8/k4B2/8/r7/8/5R2 b - - 0 1
0,1,0,0,0,0,0,1,-1,1,0,1,1,1,0,0,0,0,0,16,0,0,4,2,2,6,2,2,3,29,22,0,0,0,0,0,0,0,0,7,1,1,0,0,0,0,1,1,0,0,KRBKRNvK,DRAW,8/7r/R2n4/8/8/2K3k1/3B4/8 b - - 0 1
1,1,0,0,0,0,0,1,-1,1,0,1,1,1,0,0,0,0,0,16,0,0,4,4,2,0,3,1,3,4,0,1,0,0,0,0,0,0,0,7,1,1,0,1,0,0,3,1,0,1,KRBKRNvK,DRAW,6R1/8/8/8/k1nB4/4K3/1r6/8 w - - 0 1
0,1,0,0,0,0,0,1,-1,1,0,1,1,1,0,0,0,0,0,16,0,0,3,6,6,3,3,4,0,15,32,0,0,0,0,0,0,0,0,7,1,1,0,0,0,0,3,4,1,0,KRBKRNvK,DRAW,4R3/6K1/2B5/8/3k4/3r4/n7/8 b - - 0 1
0,1,0,0,0,0,0,1,-1,1,0,1,1,1,0,0,0,0,0,16,0,0,2,2,2,0,2,2,4,0,0,1,0,0,0,0,0,0,0,7,1,1,0,0,0,0,3,3,2,0,KRBKRNvK,LOSS,8/8/4n3/R5r1/8/k1K5/8/2B5 b - - 0 1
0,1,0,0,0,0,0,1,-1,1,0,1,1,1,0,0,0,0,0,16,0,0,5,3,7,5,2,3,2,21,23,0,0,0,0,0,0,0,0,7,1,1,0,0,0,0,2,2,1,0,KRBKRNvK,DRAW,3K4/3B4/7n/8/8/4rk2/8/3R4 b - - 0 1
1,1,0,0,0,0,0,1,-1,1,0,1,1,1,0,0,0,0,0,16,0,0,5,3,5,3,0,1,3,26,19,0,0,0,0,0,0,0,0,7,1,1,0,0,0,0,2,1,0,0,KRBKRNvK,DRAW,8/8/3K4/5R2/8/8/3n3B/r2k4 w - - 0 1
1,1,0,0,0,0,0,1,-1,1,0,1,1,1,0,0,0,0,0,16,0,0,3,4,3,7,5,0,4,27,22,0,0,0,0,0,0,0,0,7,1,1,0,0,0,0,3,0,0,1,KRBKRNvK,DRAW,R7/8/5r1k/8/1B2K3/8/8/3n4 w - - 0 1
0,1,0,0,0,0,0,1,-1,1,0,1,1,1,0,0,0,0,0,16,0,0,7,7,6,0,7,5,6,1,0,1,0,0,0,0,0,0,0,7,1,1,0,0,0,0,2,2,0,0,KRBKRNvK,DRAW,k2n4/7K/8/8/6r1/8/R5B1/8 b - - 0 1
0,1,0,0,0,0,0,1,-1,1,0,1,1,1,0,0,0,0,0,16,0,0,5,1,5,2,0,3,4,20,26,0,0,0,0,0,0,0,0,7,1,1,0,0,0,0,0,0,1,1,KRBKRNvK,DRAW,7r/8/nK6/1B6/8/8/R7/2k5 b - - 0 1
1,1,0,0,0,0,0,1,-1,1,0,1,1,1,0,0,0,0,0,16,0,0,5,0,5,5,2,4,2,25,25,0,0,0,0,0,0,0,0,7,1,1,0,0,0,0,3,2,1,1,KRBKRNvK,DRAW,8/2B5/K7/8/1r6/5k2/5n2/3R4 w - - 0 1
1,1,0,0,0,0,0,1,-1,1,0,1,1,1,0,0,0,0,0,16,0,0,2,2,2,1,4,2,2,5,0,1,0,0,0,0,0,0,0,7,1,1,1,0,0,0,1,2,2,1,KRBKRNvK,DRAW,8/R7/8/1kB3r1/8/2K5/8/3n4 w - - 0 1
1,1,0,0,0,0,0,1,-1,1,0,1,1,1,0,0,0,0,0,16,0,0,5,5,7,0,3,4,3,2,0,1,0,0,0,0,0,0,0,7,1,1,0,0,0,0,2,2,0,0,KRBKRNvK,DRAW,2r2K2/8/2n5/8/k7/5B2/8/2R5 w - - 0 1
1,1,0,0,0,0,0,1,-1,1,0,1,1,1,0,0,0,0,0,16,0,0,4,3,6,7,3,2,3,7,0,1,0,0,0,0,0,0,0,7,1,1,1,0,0,0,1,2,1,1,KRBKRNvK,DRAW,8/1R1K4/8/3r4/7k/8/6nB/8 w - - 0 1
1,1,0,0,0,0,0,1,-1,1,0,1,1,1,0,0,0,0,0,16,0,0,2,2,1,0,0,3,6,25,20,0,0,0,0,0,0,0,0,7,1,1,0,0,0,0,3,2,0,1,KRBKRNvK,WIN,8/8/3B4/8/5R2/2n3r1/2K5/k7 w - - 0 1
0,1,0,0,0,0,0,1,-1,1,0,1,1,1,0,0,0,0,0,16,0,0,4,0,2,0,6,4,5,21,27,0,0,0,0,0,0,0,0,7,1,1,0,0,0,0,1,0,0,0,KRBKRNvK,DRAW,8/k7/7r/8/8/K5B1/8/5Rn1 b - - 0 1
1,1,0,0,0,0,0,1,-1,1,0,1,1,1,0,0,0,0,0,16,0,0,6,6,6,2,0,4,4,19,27,0,0,0,0,0,0,0,0,7,1,1,0,0,0,0,2,0,1,0,KRBKRNvK,WIN,1r6/6K1/7B/3n4/8/4R3/8/2k5 w - - 0 1
0,1,0,0,0,0,0,1,-1,1,0,1,1,1,0,0,0,0,0,16,0,0,5,1,0,6,3,5,2,8,0,1,0,0,0,0,0,0,0,7,1,1,0,0,0,0,0,2,0,0,KRBKRNvK,DRAW,8/7n/8/8/6k1/2R1r3/8/1K1B4 b - - 0 1
0,1,0,0,0,0,0,1,-1,1,0,1,1,1,0,0,0,0,0,16,0,0,3,6,3,3,2,2,1,4,0,1,0,0,0,0,0,0,0,7,1,1,0,0,0,0,0,4,2,0,KRBKRNvK,DRAW,8/8/3n4/1Br5/6K1/1R1k4/8/8 b - - 0 1
1,1,0,0,0,0,0,1,-1,1,0,1,1,1,0,0,0,0,0,16,0,0,3,4,3,5,0,0,4,21,22,0,0,0,0,0,0,0,0,7,1,1,1,0,0,0,4,3,0,1,KRBKRNvK,DRAW,8/4R3/8/Bnr5/4K3/8/8/5k2 w - - 0 1
0,1,0,0,0,0,0,1,-1,1,0,1,1,1,0,0,0,0,0,16,0,0,5,2,1,7,4,3,3,22,26,0,0,0,0,0,0,0,0,7,1,1,1,0,0,0,1,2,0,0,KRBKRNvK,DRAW,8/2Rn4/4B3/6rk/8/8/2K5/8 b - - 0 1
1,1,0,0,0,0,0,1,-1,1,0,1,1,1,0,0,0,0,0,16,0,0,7,7,3,0,4,3,3,21,27,0,0,0,0,0,0,0,0,7,1,1,0,1,0,0,2,3,0,0,KRBKRNvK,WIN,7R/8/8/k1n5/7K/8/3r4/B7 w - - 0 1
1,1,0,0,0,0,0,1,-1,1,0,1,1,1,0,0,0,0,0,16,0,0,6,2,1,1,7,3,5,18,17,0,0,0,0,0,0,0,0,7,1,1,0,0,0,0,0,0,1,0,KRBKRNvK,DRAW,1k6/8/B7/7n/8/7r/2K5/2R5 w - - 0 1
0,1,0,0,0,0,0,1,-1,1,0,1,1,1,0,0,0,0,0,16,0,0,5,1,2,6,0,3,5,19,31,0,0,0,0,0,0,0,0,7,1,1,0,1,0,0,2,0,0,0,KRBKRNvK,DRAW,8/n7/8/4B3/2R5/1K6/6r1/6k1 b - - 0 1
1,1,0,0,0,0,0,1,-1,1,0,1,1,1,0,0,0,0,0,16,0,0,3,7,7,5,4,6,1,24,24,0,0,0,0,0,0,0,0,7,1,1,0,0,0,0,1,3,0,0,KRBKRNvK,DRAW,1B5K/8/8/1r3k2/4n3/2R5/8/8 w - - 0 1
0,1,0,0,0,0,0,1,-1,1,0,1,1,1,0,0,0,0,0,16,0,0,6,7,5,1,2,4,3,6,0,1,0,0,0,0,0,0,0,7,1,1,0,0,0,0,1,1,1,0,KRBKRNvK,DRAW,1r6/4n3/7K/8/8/1k6/2B4R/8 b - - 0 1
0,1,0,0,0,0,0,1,-1,1,0,1,1,1,0,0,0,0,0,16,0,0,2,1,6,0,4,4,3,18,22,0,0,0,0,0,0,0,0,7,1,1,0,0,0,0,0,0,1,0,KRBKRNvK,DRAW,8/1K6/6r1/k7/7n/1R6/8/3B4 b - - 0 1
0,1,0,0,0,0,0,1,-1,1,0,1,1,1,0,0,0,0,0,16,0,0,3,1,5,0,2,3,4,2,0,1,0,0,0,0,0,0,0,7,1,1,0,0,0,0,0,0,1,2,KRBKRNvK,DRAW,1nr5/8/1K6/8/8/k7/8/R2B4 b - - 0 1
0,1,0,0,0,0,0,1,-1,1,0,1,1,1,0,0,0,0,0,16,0,0,2,2,4,4,2,1,1,5,0,1,0,0,0,0,0,0,0,7,1,1,0,0,0,0,2,3,1,0,KRBKRNvK,DRAW,8/8/4Br2/2K5/8/2R1kn2/8/8 b - - 0 1
1,1,0,0,0,0,0,1,-1,1,0,1,1,1,0,0,0,0,0,16,0,0,5,0,0,3,5,6,1,26,25,0,0,0,0,0,0,0,0,7,1,1,0,0,0,0,2,3,0,0,KRBKRNvK,DRAW,7R/8/3k4/8/4r3/2B5/8/K4n2 w - - 0 1
0,1,0,0,0,0,0,1,-1,1,0,1,1,1,0,0,0,0,0,16,0,0,6,1,5,7,7,3,6,2,0,1,0,0,0,0,0,0,0,7,1,1,0,0,0,0,2,0,0,0,KRBKRNvK,DRAW,4R2k/8/1K6/8/8/r7/8/3n1B2 b - - 0 1
1,1,0,0,0,0,0,1,-1,1,0,1,1,1,0,0,0,0,0,16,0,0,3,5,7,4,4,4,0,22,25,0,0,0,0,0,0,0,0,7,1,1,0,0,0,0,0,3,0,1,KRBKRNvK,DRAW,3B1K2/r7/7n/4k3/8/8/8/2R5 w - - 0 1
1,1,0,0,0,0,0,1,-1,1,0,1,1,1,0,0,0,0,0,16,0,0,5,6,6,1,2,4,3,5,0,1,0,0,0,0,0,0,0,7,1,1,0,0,0,0,2,1,1,0,KRBKRNvK,DRAW,8/1r4K1/8/7R/1B4n1/1k6/8/8 w - - 0 1
0,1,0,0,0,0,0,1,-1,1,0,1,1,1,0,0,0,0,0,16,0,0,2,0,2,2,3,4,1,25,10,0,0,0,0,0,0,0,0,7,1,1,0,0,0,0,2,4,2,0,KRBKRNvK,DRAW,8/8/8/8/2k5/K4n2/RB6/4r3 b - - 0 1
0,1,0,0,0,0,0,1,-1,1,0,1,1,1,0,0,0,0,0,16,0,0,2,6,5,6,7,3,5,19,19,0,0,0,0,0,0,0,0,7,1,1,0,0,0,0,1,1,0,0,KRBKRNvK,DRAW,6k1/3B4/3R2K1/r2n4/8/8/8/8 b - - 0 1
1,1,0,0,0,0,0,1,-1,1,0,1,1,1,0,0,0,0,0,16,0,0,6,1,2,7,0,3,6,7,0,1,0,0,0,0,0,0,0,7,1,1,0,0,0,0,0,2,0,0,KRBKRNvK,DRAW,6R1/1r6/8/8/8/1K3n2/4B3/7k w - - 0 1
0,1,0,0,0,0,0,1,-1,1,0,1,1,1,0,0,0,0,0,16,0,0,7,3,0,1,7,3,5,20,28,0,0,0,0,0,0,0,0,7,1,1,0,0,0,0,1,2,0,0,KRBKRNvK,DRAW,1k6/8/8/2B5/4r3/5R2/8/3K3n b - - 0 1
0,1,0,0,0,0,0,1,-1,1,0,1,1,1,0,0,0,0,0,16,0,0,6,2,1,0,7,3,6,20,25,0,0,0,0,0,0,0,0,7,1,1,0,0,0,0,0,2,0,1,KRBKRNvK,DRAW,k7/8/3r4/8/8/8/n1K1B3/5R2 b - - 0 1
1,1,0,0,0,0,0,1,-1,1,0,1,1,1,0,0,0,0,0,16,0,0,4,0,2,2,6,4,3,27,23,0,0,0,0,0,0,0,0,7,1,1,0,0,0,0,1,3,0,0,KRBKRNvK,DRAW,7R/2k5/3r1n2/8/8/KB6/8/8 w - - 0 1
1,1,0,0,0,0,0,1,-1,1,0,1,1,1,0,0,0,0,0,16,0,0,4,3,4,3,0,0,3,6,0,1,0,0,0,0,0,0,0,7,1,1,0,0,0,0,4,2,1,0,KRBKRNvK,LOSS,3r4/8/8/3K4/3R4/8/2nB4/3k4 w - - 0 1
1,1,0,0,0,0,0,1,-1,1,0,1,1,1,0,0,0,0,0,16,0,0,3,4,3,1,0,0,5,5,0,1,0,0,0,0,0,0,0,7,1,1,0,0,0,0,4,2,0,1,KRBKRNvK,DRAW,8/8/8/n3R3/2r1KB2/8/8/1k6 w - - 0 1
1,1,0,0,0,0,0,1,-1,1,0,1,1,1,0,0,0,0,0,16,0,0,2,2,5,4,3,2,0,3,0,1,0,0,0,0,0,0,0,7,1,1,0,0,0,0,2,3,0,1,KRBKRNvK,DRAW,8/1B2n3/2K4r/1R6/4k3/8/8/8 w - - 0 1
1,1,0,0,0,0,0,1,-1,1,0,1,1,1,0,0,0,0,0,16,0,0,5,5,5,0,4,2,3,7,0,1,0,0,0,0,0,0,0,7,1,1,0,1,0,0,3,0,0,0,KRBKRNvK,DRAW,8/8/5KB1/k7/7R/n7/5r2/8 w - - 0 1
0,1,0,0,0,0,0,1,-1,1,0,1,1,1,0,0,0,0,0,16,0,0,2,4,2,6,4,1,2,27,24,0,0,0,0,0,0,0,0,7,1,1,0,0,0,0,4,1,0,0,KRBKRNvK,DRAW,7B/1r6/3Rn3/6k1/8/4K3/8/8 b - - 0 1
1,1,0,0,0,0,0,1,-1,1,0,1,1,1,0,0,0,0,0,16,0,0,2,5,3,5,1,1,3,3,0,1,0,0,0,0,0,0,0,7,1,1,1,0,0,0,4,1,1,2,KRBKRNvK,DRAW,8/3R4/5r2/8/5K2/4n3/5k2/7B w - - 0 1
0,1,0,0,0,0,0,1,-1,1,0,1,1,1,0,0,0,0,0,16,0,0,3,4,7,7,5,3,4,20,19,0,0,0,0,0,0,0,0,7,1,1,0,0,0,0,2,0,1,0,KRBKRNvK,DRAW,4K1B1/7r/7k/8/4n3/8/8/4R3 b - - 0 1
0,1,0,0,0,0,0,1,-1,1,0,1,1,1,0,0,0,0,0,16,0,0,4,0,4,4,6,3,2,19,31,0,0,0,0,0,0,0,0,7,1,1,0,0,0,0,2,0,1,1,KRBKRNvK,DRAW,8/4k1r1/8/K2B4/7R/n7/8/8 b - - 0 1
0,1,0,0,0,0,0,1,-1,1,0,1,1,1,0,0,0,0,0,16,0,0,5,1,1,6,0,4,5,20,23,0,0,0,0,0,0,0,0,7,1,1,1,0,0,0,2,0,0,1,KRBKRNvK,DRAW,8/3RB3/n7/8/8/r7/1K6/6k1 b - - 0 1
1,1,0,0,0,0,0,1,-1,1,0,1,1,1,0,0,0,0,0,16,0,0,2,2,2,2,4,2,1,21,18,0,0,0,0,0,0,0,0,7,1,1,0,0,0,0,1,3,0,1,KRBKRNvK,DRAW,6R1/8/8/2kr3n/8/2K5/8/4B3 w - - 0 1
1,1,0,0,0,0,0,1,-1,1,0,1,1,1,0,0,0,0,0,16,0,0,3,6,5,3,5,3,1,30,26,0,0,0,0,0,0,0,0,7,1,1,1,0,0,0,1,2,2,0,KRBKRNvK,DRAW,8/1R6/3k2K1/5B2/8/4n3/8/2r5 w - - 0 1
0,1,0,0,0,0,0,1,-1,1,0,1,1,1,0,0,0,0,0,16,0,0,2,7,4,5,2,3,2,17,25,0,0,0,0,0,0,0,0,7,1,1,1,0,0,0,0,1,0,0,KRBKRNvK,DRAW,8/6R1/B7/7K/n7/5k2/8/r7 b - - 0 1
1,1,0,0,0,0,0,1,-1,1,0,1,1,1,0,0,0,0,0,16,0,0,3,2,5,5,5,2,2,25,21,0,0,0,0,0,0,0,0,7,1,1,0,0,0,0,1,3,1,1,KRBKRNvK,DRAW,8/8/2K2k2/2n2r1B/8/1R6/8/8 w - - 0 1
0,1,0,0,0,0,0,1,-1,1,0,1,1,1,0,0,0,0,0,16,0,0,4,0,1,2,5,5,2,25,26,0,0,0,0,0,0,0,0,7,1,1,0,0,0,0,2,1,1,0,KRBKRNvK,DRAW,8/8/2k5/7n/R7/3B4/K7/5r2 b - - 0 1
0,1,0,0,0,0,0,1,-1,1,0,1,1,1,0,0,0,0,0,16,0,0,5,6,5,7,0,3,6,16,30,0,0,0,0,0,0,0,0,7,1,1,0,0,0,0,2,2,0,2,KRBKRNvK,DRAW,6n1/8/6K1/7r/3B4/8/4R3/7k b - - 0 1
0,1,0,0,0,0,0,1,-1,1,0,1,1,1,0,0,0,0,0,16,0,0,2,2,4,4,3,1,0,20,26,0,0,0,0,0,0,0,0,7,1,1,0,0,0,0,3,4,2,1,KRBKRNvK,DRAW,8/2n5/5B2/2K5/4k2r/8/2R5/8 b - - 0 1
0,1,0,0,0,0,0,1,-1,1,0,1,1,1,0,0,0,0,0,16,0,0,2,7,6,7,4,5,3,9,25,0,0,0,0,0,0,0,0,7,1,1,0,0,0,0,2,0,0,0,KRBKRNvK,DRAW,8/7K/2R5/7k/8/2B5/8/6nr b - - 0 1
0,1,0,0,0,0,0,1,-1,1,0,1,1,1,0,0,0,0,0,16,0,0,5,1,5,6,5,3,3,29,25,0,0,0,0,0,0,0,0,7,1,1,0,0,0,0,3,1,0,1,KRBKRNvK,DRAW,1B6/r7/1K4k1/5n2/8/8/8/3R4 b - - 0 1
1,1,0,0,0,0,0,1,-1,1,0,1,1,1,0,0,0,0,0,16,0,0,4,2,7,5,3,4,1,22,19,0,0,0,0,0,0,0,0,7,1,1,0,0,0,0,2,2,1,1,KRBKRNvK,DRAW,2K5/1B2r3/8/8/5k2/7n/6R1/8 w - - 0 1
0,1,0,0,0,0,0,1,-1,1,0,1,1,1,0,0,0,0,0,16,0,0,3,0,0,3,0,6,3,24,22,0,0,0,0,0,0,0,0,7,1,1,0,0,0,0,3,1,0,0,KRBKRNvK,DRAW,8/3n2B1/1r6/8/R7/8/8/K2k4 b - - 0 1
0,1,0,0,0,0,0,1,-1,1,0,1,1,1,0,0,0,0,0,16,0,0,3,1,1,4,1,4,2,26,29,0,0,0,0,0,0,0,0,7,1,1,1,0,0,0,1,2,0,1,KRBKRNvK,DRAW,8/2R5/3B4/8/4r3/1n6/1K2k3/8 b - - 0 1
1,1,0,0,0,0,0,1,-1,1,0,1,1,1,0,0,0,0,0,16,0,0,2,1,5,1,7,3,5,24,24,0,0,0,0,0,0,0,0,7,1,1,0,0,0,0,2,2,1,1,KRBKRNvK,WIN,Bk6/4r3/1K6/8/3n4/6R1/8/8 w - - 0 1
0,1,0,0,0,0,0,1,-1,1,0,1,1,1,0,0,0,0,0,16,0,0,2,4,3,5,5,0,2,5,0,1,0,0,0,0,0,0,0,7,1,1,0,1,0,0,4,1,1,1,KRBKRNvK,DRAW,8/8/2B2k2/8/4KR2/n7/2r5/8 b - - 0 1
1,1,0,0,0,0,0,1,-1,1,0,1,1,1,0,0,0,0,0,16,0,0,2,7,1,5,1,5,3,20,22,0,0,0,0,0,0,0,0,7,1,1,1,0,0,0,0,2,0,0,KRBKRNvK,DRAW,3n4/2RB4/8/3r4/8/8/5k1K/8 w - - 0 1
1,1,0,0,0,0,0,1,-1,1,0,1,1,1,0,0,0,0,0,16,0,0,5,5,7,1,2,4,3,22,30,0,0,0,0,0,0,0,0,7,1,1,0,0,0,0,3,0,0,1,KRBKRNvK,DRAW,5K2/7r/3R4/8/4n3/1k4B1/8/8 w - - 0 1
0,1,0,0,0,0,0,1,-1,1,0,1,1,1,0,0,0,0,0,16,0,0,3,1,4,2,7,2,4,23,25,0,0,0,0,0,0,0,0,7,1,1,0,0,0,0,0,2,1,0,KRBKRNvK,DRAW,2k5/8/R7/1K2n3/8/4r3/3B4/8 b - - 0 1
1,1,0,0,0,0,0,1,-1,1,0,1,1,1,0,0,0,0,0,16,0,0,5,0,2,1,7,4,5,25,20,0,0,0,0,0,0,0,0,7,1,1,0,0,0,0,2,2,1,0,KRBKRNvK,DRAW,1kn5/8/2B3R1/8/3r4/K7/8/8 w - - 0 1
0,1,0,0,0,0,0,1,-1,1,0,1,1,1,0,0,0,0,0,16,0,0,2,7,4,5,5,3,2,5,0,1,0,0,0,0,0,0,0,7,1,1,0,0,0,0,0,2,1,1,KRBKRNvK,DRAW,B4R2/1r6/5k2/7K/8/5n2/8/8 b - - 0 1
0,1,0,0,0,0,0,1,-1,1,0,1,1,1,0,0,0,0,0,16,0,0,4,3,4,7,5,0,4,17,22,0,0,0,0,0,0,0,0,7,1,1,0,0,0,0,4,2,2,1,KRBKRNvK,DRAW,7B/4r2n/7k/3K1R2/8/8/8/8 b - - 0 1
0,1,0,0,0,0,0,1,-1,1,0,1,1,1,0,0,0,0,0,16,0,0,5,6,5,1,7,3,5,4,0,1,0,0,0,0,0,0,0,7,1,1,0,0,0,0,0,2,0,0,KRBKRNvK,DRAW,1k5R/1n6/6K1/8/2r5/8/8/4B3 b - - 0 1
0,1,0,0,0,0,0,1,-1,1,0,1,1,1,0,0,0,0,0,16,0,0,2,4,3,3,1,0,2,4,0,1,0,0,0,0,0,0,0,7,1,1,0,0,0,0,3,2,0,1,KRBKRNvK,DRAW,8/8/1B6/3n3r/4K3/8/3k2R1/8 b - - 0 1
0,1,0,0,0,0,0,1,-1,1,0,1,1,1,0,0,0,0,0,16,0,0,3,2,7,5,5,4,2,5,0,1,0,0,0,0,0,0,0,7,1,1,1,0,0,0,2,1,0,2,KRBKRNvK,LOSS,2K1n3/1R6/1r3k2/8/8/8/8/B7 b - - 0 1
0,1,0,0,0,0,0,1,-1,1,0,1,1,1,0,0,0,0,0,16,0,0,3,3,7,4,4,3,0,5,0,1,0,0,0,0,0,0,0,7,1,1,0,1,0,0,3,3,1,0,KRBKRNvK,DRAW,3K4/8/8/1R2k3/n7/4B3/4r3/8 b - - 0 1
0,1,0,0,0,0,0,1,-1,1,0,1,1,1,0,0,0,0,0,16,0,0,4,4,4,0,0,0,6,16,21,0,0,0,0,0,0,0,0,7,1,1,0,0,0,0,4,2,0,1,KRBKRNvK,DRAW,8/8/8/4K3/R7/3r4/n6B/k7 b - - 0 1
0,1,0,0,0,0,0,1,-1,1,0,1,1,1,0,0,0,0,0,16,0,0,2,2,7,0,5,4,4,3,0,1,0,0,0,0,0,0,0,7,1,1,0,1,0,0,0,1,1,0,KRBKRNvK,DRAW,2K5/3B4/k1R5/8/6n1/8/5r2/8 b - - 0 1
1,1,0,0,0,0,0,1,-1,1,0,1,1,1,0,0,0,0,0,16,0,0,3,4,3,1,5,0,3,20,26,0,0,0,0,0,0,0,0,7,1,1,0,0,0,0,4,0,0,0,KRBKRNvK,DRAW,5n2/7B/1k6/8/4K3/r7/8/7R w - - 0 1
0,1,0,0,0,0,0,1,-1,1,0,1,1,1,0,0,0,0,0,16,0,0,5,7,0,6,5,6,3,19,23,0,0,0,0,0,0,0,0,7,1,1,0,0,0,0,3,2,1,0,KRBKRNvK,DRAW,r7/8/3R1nk1/8/5B2/8/8/7K b - - 0 1
1,1,0,0,0,0,0,1,-1,1,0,1,1,1,0,0,0,0,0,16,0,0,5,7,7,3,2,6,1,3,0,1,0,0,0,0,0,0,0,7,1,1,0,1,0,0,1,3,0,1,KRBKRNvK,DRAW,2R4K/5n2/8/8/8/3k2B1/4r3/8 w - - 0 1
0,1,0,0,0,0,0,1,-1,1,0,1,1,1,0,0,0,0,0,16,0,0,2,1,5,0,7,3,6,19,25,0,0,0,0,0,0,0,0,7,1,1,0,0,0,0,2,1,0,0,KRBKRNvK,DRAW,k7/8/1K1R4/8/6B1/8/2n5/r7 b - - 0 1
1,1,0,0,0,0,0,1,-1,1,0,1,1,1,0,0,0,0,0,16,0,0,2,7,0,5,0,6,4,24,22,0,0,0,0,0,0,0,0,7,1,1,1,0,0,0,0,2,0,0,KRBKRNvK,DRAW,8/2R5/8/6B1/1r6/8/4n3/5k1K w - - 0 1
1,1,0,0,0,0,0,1,-1,1,0,1,1,1,0,0,0,0,0,16,0,0,3,4,4,7,5,0,4,4,0,1,0,0,0,0,0,0,0,7,1,1,0,0,0,0,3,3,0,1,KRBKRNvK,DRAW,8/8/2n4k/1r2K3/4B3/8/4R3/8 w - - 0 1
1,1,0,0,0,0,0,1,-1,1,0,1,1,1,0,0,0,0,0,16,0,0,4,7,4,3,6,3,2,25,18,0,0,0,0,0,0,0,0,7,1,1,0,0,0,0,2,1,0,0,KRBKRNvK,DRAW,8/r2k4/B7/2n4K/6R1/8/8/8 w - - 0 1
0,1,0,0,0,0,0,1,-1,1,0,1,1,1,0,0,0,0,0,16,0,0,2,3,3,2,1,0,3,24,19,0,0,0,0,0,0,0,0,7,1,1,1,0,0,0,3,2,0,1,KRBKRNvK,DRAW,3n4/R2B4/8/5r2/3K4/8/2k5/8 b - - 0 1
1,1,0,0,0,0,0,1,-1,1,0,1,1,1,0,0,0,0,0,16,0,0,5,7,2,2,6,4,3,26,21,0,0,0,0,0,0,0,0,7,1,1,0,0,0,0,0,2,0,0,KRBKRNvK,DRAW,1n6/2k5/5R2/3r4/8/7K/8/3B4 w - - 0 1
0,1,0,0,0,0,0,1,-1,1,0,1,1,1,0,0,0,0,0,16,0,0,2,5,4,3,3,1,0,22,24,0,0,0,0,0,0,0,0,7,1,1,1,0,0,0,2,4,1,1,KRBKRNvK,DRAW,8/3R4/3B4/5K2/3k4/2r2n2/8/8 b - - 0 1
1,1,0,0,0,0,0,1,-1,1,0,1,1,1,0,0,0,0,0,16,0,0,2,1,1,3,0,4,3,5,0,1,0,0,0,0,0,0,0,7,1,1,0,0,0,0,0,3,1,1,KRBKRNvK,DRAW,3B4/8/3r4/8/2n5/8/1K3R2/3k4 w - - 0 1
1,1,0,0,0,0,0,1,-1,1,0,1,1,1,0,0,0,0,0,16,0,0,2,7,2,6,4,4,2,26,18,0,0,0,0,0,0,0,0,7,1,1,1,0,0,0,3,2,2,0,KRBKRNvK,DRAW,8/4R3/8/6k1/2r1B3/7K/n7/8 w - - 0 1
0,1,0,0,0,0,0,1,-1,1,0,1,1,1,0,0,0,0,0,16,0,0,3,7,3,4,3,3,0,6,0,1,0,0,0,0,0,0,0,7,1,1,0,0,0,0,1,3,1,0,KRBKRNvK,DRAW,4B3/8/2r5/8/4k2K/8/1n2R3/8 b - - 0 1
0,1,0,0,0,0,0,1,-1,1,0,1,1,1,0,0,0,0,0,16,0,0,3,7,5,4,4,4,0,25,26,0,0,0,0,0,0,0,0,7,1,1,1,0,0,0,2,3,1,1,KRBKRNvK,DRAW,8/1BR5/1n5K/4k3/5r2/8/8/8 b - - 0 1
1,1,0,0,0,0,0,1,-1,1,0,1,1,1,0,0,0,0,0,16,0,0,2,0,3,2,1,3,3,5,0,1,0,0,0,0,0,0,0,7,1,1,0,0,0,0,3,2,0,0,KRBKRNvK,DRAW,8/7n/8/2B2R2/K3r3/8/2k5/8 w - - 0 1
0,1,0,0,0,0,0,1,-1,1,0,1,1,1,0,0,0,0,0,16,0,0,4,2,7,2,3,4,1,23,20,0,0,0,0,0,0,0,0,7,1,1,0,0,0,0,2,2,1,1,KRBKRNvK,DRAW,2K2n2/r7/8/8/2k5/4R3/5B2/8 b - - 0 1
1,1,0,0,0,0,0,1,-1,1,0,1,1,1,0,0,0,0,0,16,0,0,6,0,1,6,6,5,4,26,21,0,0,0,0,0,0,0,0,7,1,1,0,0,0,0,1,2,0,0,KRBKRNvK,WIN,1B6/6kn/2R5/8/3r4/8/K7/8 w - - 0 1
1,1,0,0,0,0,0,1,-1,1,0,1,1,1,0,0,0,0,0,16,0,0,5,1,7,6,6,5,4,4,0,1,0,0,0,0,0,0,0,7,1,1,0,0,0,0,2,2,0,1,KRBKRNvK,DRAW,1K6/6k1/n3r3/8/7B/8/4R3/8 w - - 0 1
1,1,0,0,0,0,0,1,-1,1,0,1,1,1,0,0,0,0,0,16,0,0,4,5,1,1,5,3,3,20,25,0,0,0,0,0,0,0,0,7,1,1,1,0,0,0,0,2,0,1,KRBKRNvK,WIN,8/7R/1k3n1B/8/8/8/5K2/7r w - - 0 1
1,1,0,0,0,0,0,1,-1,1,0,1,1,1,0,0,0,0,0,16,0,0,4,5,4,3,0,1,3,24,21,0,0,0,0,0,0,0,0,7,1,1,0,0,0,0,3,0,0,0,KRBKRNvK,WIN,1r6/8/8/5K1B/6R1/8/8/1n1k4 w - - 0 1
0,1,0,0,0,0,0,1,-1,1,0,1,1,1,0,0,0,0,0,16,0,0,6,1,2,7,6,3,5,3,0,1,0,0,0,0,0,0,0,7,1,1,0,0,0,0,1,3,0,0,KRBKRNvK,DRAW,8/2n1r2k/8/8/8/1K1B4/8/6R1 b - - 0 1
1,1,0,0,0,0,0,1,-1,1,0,1,1,1,0,0,0,0,0,16,0,0,3,7,1,4,3,5,0,5,0,1,0,0,0,0,0,0,0,7,1,1,0,0,0,0,2,3,1,1,KRBKRNvK,LOSS,8/5B2/r7/5R2/4k1n1/8/7K/8 w - - 0 1
0,1,0,0,0,0,0,1,-1,1,0,1,1,1,0,0,0,0,0,16,0,0,3,1,4,0,1,2,5,23,21,0,0,0,0,0,0,0,0,7,1,1,0,0,0,0,0,3,0,2,KRBKRNvK,DRAW,8/8/7B/1K6/r7/3n4/k7/7R b - - 0 1
0,1,0,0,0,0,0,1,-1,1,0,1,1,1,0,0,0,0,0,16,0,0,5,7,6,2,6,5,3,24,19,0,0,0,0,0,0,0,0,7,1,1,0,0,0,0,0,2,0,0,KRBKRNvK,DRAW,8/2k4K/8/8/r7/7B/6n1/7R b - - 0 1
1,1,0,0,0,0,0,1,-1,1,0,1,1,1,0,0,0,0,0,16,0,0,3,3,6,6,7,2,5,29,17,0,0,0,0,0,0,0,0,7,1,1,0,0,0,0,2,0,0,0,KRBKRNvK,DRAW,6kn/3K4/8/6B1/8/6r1/8/3R4 w - - 0 1
1,1,0,0,0,0,0,1,-1,1,0,1,1,1,0,0,0,0,0,16,0,0,5,0,6,5,7,5,4,3,0,1,0,0,0,0,0,0,0,7,1,1,0,0,0,0,0,3,0,1,KRBKRNvK,DRAW,5k2/K7/8/r7/7B/2n5/8/1R6 w - - 0 1
1,1,0,0,0,0,0,1,-1,1,0,1,1,1,0,0,0,0,0,16,0,0,4,0,7,4,6,6,2,2,0,1,0,0,0,0,0,0,0,7,1,1,0,0,0,0,1,1,0,0,KRBKRNvK,DRAW,K6r/4k3/8/1n6/8/5R2/5B2/8 w - - 0 1
1,1,0,0,0,0,0,1,-1,1,0,1,1,1,0,0,0,0,0,16,0,0,2,0,3,2,1,3,3,21,21,0,0,0,0,0,0,0,0,7,1,1,0,0,0,0,1,1,0,0,KRBKRNvK,DRAW,8/1rn5/R7/8/K7/8/2k2B2/8 w - - 0 1
0,1,0,0,0,0,0,1,-1,1,0,1,1,1,0,0,0,0,0,16,0,0,5,2,1,7,6,3,5,21,29,0,0,0,0,0,0,0,0,7,1,1,0,0,0,0,3,0,1,0,KRBKRNvK,DRAW,3n4/7k/1r6/5R2/8/2B5/2K5/8 b - - 0 1
0,1,0,0,0,0,0,1,-1,1,0,1,1,1,0,0,0,0,0,16,0,0,4,6,2,2,5,3,2,28,25,0,0,0,0,0,0,0,0,7,1,1,0,0,0,0,2,2,0,0,KRBKRNvK,DRAW,1r6/8/2k2n2/8/5R2/6K1/8/6B1 b - - 0 1
1,1,0,0,0,0,0,1,-1,1,0,1,1,1,0,0,0,0,0,16,0,0,4,7,2,7,6,4,5,4,0,1,0,0,0,0,0,0,0,7,1,1,0,0,0,0,1,2,0,1,KRBKRNvK,DRAW,8/7k/3B4/r7/8/7K/7R/6n1 w - - 0 1
0,1,0,0,0,0,0,1,-1,1,0,1,1,1,0,0,0,0,0,16,0,0,2,6,5,7,7,3,6,3,0,1,0,0,0,0,0,0,0,7,1,1,0,0,0,0,2,2,0,2,KRBKRNvK,LOSS,7k/4rn2/6K1/8/8/8/1BR5/8 b - - 0 1
0,1,0,0,0,0,0,1,-1,1,0,1,1,1,0,0,0,0,0,16,0,0,4,1,4,5,4,2,1,20,24,0,0,0,0,0,0,0,0,7,1,1,0,0,0,0,1,3,0,0,KRBKRNvK,DRAW,8/8/1BR5/1K3k1r/8/4n3/8/8 b - - 0 1
1,1,0,0,0,0,0,1,-1,1,0,1,1,1,0,0,0,0,0,16,0,0,4,3,5,4,1,1,2,6,0,1,0,0,0,0,0,0,0,7,1,1,1,0,0,0,2,3,0,1,KRBKRNvK,LOSS,3B4/7R/3K1n2/8/8/3r4/4k3/8 w - - 0 1
0,1,0,0,0,0,0,1,-1,1,0,1,1,1,0,0,0,0,0,16,0,0,2,6,0,5,2,5,2,3,0,1,0,0,0,0,0,0,0,7,1,1,0,0,0,0,3,2,0,0,KRBKRNvK,DRAW,8/4r3/2B1n3/8/R7/5k2/8/6K1 b - - 0 1
0,1,0,0,0,0,0,1,-1,1,0,1,1,1,0,0,0,0,0,16,0,0,4,3,2,7,1,1,5,20,17,0,0,0,0,0,0,0,0,7,1,1,0,0,0,0,2,2,0,0,KRBKRNvK,DRAW,8/8/7R/7B/6r1/3K4/7k/6n1 b - - 0 1
0,1,0,0,0,0,0,1,-1,1,0,1,1,1,0,0,0,0,0,16,0,0,6,1,1,1,7,4,5,2,0,1,0,0,0,0,0,0,0,7,1,1,0,0,0,0,1,2,0,1,KRBKRNvK,DRAW,1k3R2/8/8/4B3/r7/8/1K6/7n b - - 0 1
1,1,0,0,0,0,0,1,-1,1,0,1,1,1,0,0,0,0,0,16,0,0,4,4,7,4,3,3,0,3,0,1,0,0,0,0,0,0,0,7,1,1,0,0,0,0,1,3,1,1,KRBKRNvK,DRAW,2r1K3/8/1R6/4B3/4k3/8/8/6n1 w - - 0 1
0,1,0,0,0,0,0,1,-1,1,0,1,1,1,0,0,0,0,0,16,0,0,5,5,1,0,2,3,4,5,0,1,0,0,0,0,0,0,0,7,1,1,0,0,0,0,2,1,0,0,KRBKRNvK,LOSS,8/4Bn2/5r2/8/5R2/k7/5K2/8 b - - 0 1
0,1,0,0,0,0,0,1,-1,1,0,1,1,1,0,0,0,0,0,16,0,0,6,2,1,7,7,3,6,18,20,0,0,0,0,0,0,0,0,7,1,1,0,0,0,0,0,2,0,0,KRBKRNvK,DRAW,4rn1k/8/8/8/8/B7/1RK5/8 b - - 0 1
1,1,0,0,0,0,0,1,-1,1,0,1,1,1,0,0,0,0,0,16,0,0,2,2,2,4,0,2,3,5,0,1,0,0,0,0,0,0,0,7,1,1,0,0,0,0,1,1,0,2,KRBKRNvK,DRAW,8/8/7R/8/B3n3/2K1r3/8/4k3 w - - 0 1
1,1,0,0,0,0,0,1,-1,1,0,1,1,1,0,0,0,0,0,16,0,0,3,3,1,6,3,2,2,21,24,0,0,0,0,0,0,0,0,7,1,1,0,0,0,0,0,0,0,0,KRBKRNvK,DRAW,r4B2/1n6/8/8/6k1/8/3K4/3R4 w - - 0 1
0,1,0,0,0,0,0,1,-1,1,0,1,1,1,0,0,0,0,0,16,0,0,6,7,4,1,3,3,2,26,29,0,0,0,0,0,0,0,0,7,1,1,0,0,0,0,2,2,0,1,KRBKRNvK,DRAW,8/8/8/4Bn1K/1kr5/8/8/3R4 b - - 0 1
0,1,0,0,0,0,0,1,-1,1,0,1,1,1,0,0,0,0,0,16,0,0,6,7,5,1,2,4,3,22,25,0,0,0,0,0,0,0,0,7,1,1,0,1,0,0,2,2,0,1,KRBKRNvK,DRAW,8/6n1/2R2B1K/8/8/1k6/3r4/8 b - - 0 1
1,1,0,0,0,0,0,1,-1,1,0,1,1,1,0,0,0,0,0,16,0,0,2,5,1,3,2,3,1,5,0,1,0,0,0,0,0,0,0,7,1,1,0,1,0,0,3,2,0,1,KRBKRNvK,DRAW,8/8/2B5/8/R7/3k4/2r2K2/3n4 w - - 0 1
1,1,0,0,0,0,0,1,-1,1,0,1,1,1,0,0,0,0,0,16,0,0,6,1,4,7,2,2,4,18,16,0,0,0,0,0,0,0,0,7,1,1,0,1,0,0,0,0,0,0,KRBKRNvK,DRAW,3nB3/8/8/RK6/8/7k/7r/8 w - - 0 1
0,1,0,0,0,0,0,1,-1,1,0,1,1,1,0,0,0,0,0,16,0,0,4,2,1,5,5,3,2,23,17,0,0,0,0,0,0,0,0,7,1,1,0,0,0,0,0,2,0,0,KRBKRNvK,DRAW,B7/1r2n3/5k2/8/8/8/2K4R/8 b - - 0 1
0,1,0,0,0,0,0,1,-1,1,0,1,1,1,0,0,0,0,0,16,0,0,4,3,5,7,1,1,5,16,22,0,0,0,0,0,0,0,0,7,1,1,0,0,0,0,3,2,1,1,KRBKRNvK,DRAW,4r3/8/3K3R/8/8/7n/5B1k/8 b - - 0 1
1,1,0,0,0,0,0,1,-1,1,0,1,1,1,0,0,0,0,0,16,0,0,3,5,4,5,1,1,3,25,21,0,0,0,0,0,0,0,0,7,1,1,0,0,0,0,3,0,2,1,KRBKRNvK,DRAW,8/7r/8/5K2/3R4/7B/n4k2/8 w - - 0 1
1,1,0,0,0,0,0,1,-1,1,0,1,1,1,0,0,0,0,0,16,0,0,3,6,6,3,4,4,0,5,0,1,0,0,0,0,0,0,0,7,1,1,0,0,0,0,0,4,0,0,KRBKRNvK,DRAW,n7/3r2K1/7B/3k4/8/8/8/1R6 w - - 0 1
1,1,0,0,0,0,0,1,-1,1,0,1,1,1,0,0,0,0,0,16,0,0,6,7,0,1,3,6,2,19,21,0,0,0,0,0,0,0,0,7,1,1,0,1,0,0,1,0,0,1,KRBKRNvK,DRAW,8/8/8/8/1k3B2/7n/1r6/5R1K w - - 0 1
0,1,0,0,0,0,0,1,-1,1,0,1,1,1,0,0,0,0,0,16,0,0,6,4,6,1,0,2,5,25,16,0,0,0,0,0,0,0,0,7,1,1,0,0,0,0,0,1,0,0,KRBKRNvK,DRAW,3B1R2/4K3/7r/8/8/6n1/8/1k6 b - - 0 1
1,1,0,0,0,0,0,1,-1,1,0,1,1,1,0,0,0,0,0,16,0,0,4,0,7,4,5,6,1,3,0,1,0,0,0,0,0,0,0,7,1,1,0,0,0,0,3,2,1,0,KRBKRNvK,DRAW,KB6/8/4k3/7n/6R1/r7/8/8 w - - 0 1
1,1,0,0,0,0,0,1,-1,1,0,1,1,1,0,0,0,0,0,16,0,0,4,1,4,5,3,2,1,23,18,0,0,0,0,0,0,0,0,7,1,1,0,0,0,0,2,2,0,0,KRBKRNvK,DRAW,3R4/8/B7/1K5n/5kr1/8/8/8 w - - 0 1
1,1,0,0,0,0,0,1,-1,1,0,1,1,1,0,0,0,0,0,16,0,0,3,3,3,3,6,0,2,34,19,0,0,0,0,0,0,0,0,7,1,1,0,0,0,0,3,0,1,0,KRBKRNvK,WIN,2n5/3k3r/8/3B4/3K4/8/1R6/8 w - - 0 1
1,1,0,0,0,0,0,1,-1,1,0,1,1,1,0,0,0,0,0,16,0,0,4,7,5,3,7,4,3,23,22,0,0,0,0,0,0,0,0,7,1,1,0,0,0,0,0,3,0,0,KRBKRNvK,DRAW,3k4/8/2n4K/8/1r4B1/6R1/8/8 w - - 0 1
0,1,0,0,0,0,0,1,-1,1,0,1,1,1,0,0,0,0,0,16,0,0,4,5,3,2,7,1,4,1,0,1,0,0,0,0,0,0,0,7,1,1,0,0,0,0,3,0,1,0,KRBKRNvK,DRAW,2k4R/8/r1B5/8/5K2/8/n7/8 b - - 0 1
0,1,0,0,0,0,0,1,-1,1,0,1,1,1,0,0,0,0,0,16,0,0,2,1,5,2,3,3,1,5,0,1,0,0,0,0,0,0,0,7,1,1,0,0,0,0,0,4,1,1,KRBKRNvK,DRAW,8/8/1K5B/r7/2k5/6n1/2R5/8 b - - 0 1
0,1,0,0,0,0,0,1,-1,1,0,1,1,1,0,0,0,0,0,16,0,0,5,4,0,7,5,3,4,17,24,0,0,0,0,0,0,0,0,7,1,1,0,0,0,0,1,2,1,1,KRBKRNvK,DRAW,8/8/7k/5B2/7r/8/5R2/4K1n1 b - - 0 1
0,1,0,0,0,0,0,1,-1,1,0,1,1,1,0,0,0,0,0,16,0,0,5,7,4,2,2,3,2,23,28,0,0,0,0,0,0,0,0,7,1,1,0,0,0,0,2,1,1,0,KRBKRNvK,DRAW,1r6/8/8/7K/4R3/2k5/5B2/4n3 b - - 0 1
0,1,0,0,0,0,0,1,-1,1,0,1,1,1,0,0,0,0,0,16,0,0,2,4,6,6,4,2,2,3,0,1,0,0,0,0,0,0,0,7,1,1,0,0,0,0,2,2,2,1,KRBKRNvK,DRAW,8/4K3/8/5rk1/4R3/4B3/7n/8 b - - 0 1
0,1,0,0,0,0,0,1,-1,1,0,1,1,1,0,0,0,0,0,16,0,0,4,1,2,2,6,3,3,19,28,0,0,0,0,0,0,0,0,7,1,1,0,0,0,0,2,0,0,0,KRBKRNvK,DRAW,6n1/2k2r2/8/8/1B6/1K1R4/8/8 b - - 0 1
1,1,0,0,0,0,0,1,-1,1,0,1,1,1,0,0,0,0,0,16,0,0,3,5,1,5,4,3,1,28,23,0,0,0,0,0,0,0,0,7,1,1,1,0,0,0,0,2,0,1,KRBKRNvK,DRAW,8/R7/8/1B3k2/8/8/5K2/1n5r w - - 0 1
1,1,0,0,0,0,0,1,-1,1,0,1,1,1,0,0,0,0,0,16,0,0,6,6,6,2,0,4,4,25,23,0,0,0,0,0,0,0,0,7,1,1,0,0,0,0,2,0,0,1,KRBKRNvK,DRAW,8/6K1/8/4n3/1B5R/8/8/2k2r2 w - - 0 1
1,1,0,0,0,0,0,1,-1,1,0,1,1,1,0,0,0,0,0,16,0,0,2,6,5,7,3,3,3,5,0,1,0,0,0,0,0,0,0,7,1,1,0,1,0,0,1,1,0,0,KRBKRNvK,DRAW,R7/8/6K1/2B5/7k/8/5nr1/8 w - - 0 1
1,1,0,0,0,0,0,1,-1,1,0,1,1,1,0,0,0,0,0,16,0,0,2,1,7,3,5,5,1,5,0,1,0,0,0,0,0,0,0,7,1,1,0,1,0,0,2,2,2,0,KRBKRNvK,LOSS,1K6/5n2/3k4/3BR3/8/8/1r6/8 w - - 0 1
1,1,0,0,0,0,0,1,-1,1,0,1,1,1,0,0,0,0,0,16,0,0,3,6,5,3,6,3,2,30,29,0,0,0,0,0,0,0,0,7,1,1,0,0,0,0,3,2,0,0,KRBKRNvK,DRAW,8/3k2B1/6K1/2n5/1R6/4r3/8/8 w - - 0 1
1,1,0,0,0,0,0,1,-1,1,0,1,1,1,0,0,0,0,0,16,0,0,6,0,1,6,3,5,2,30,23,0,0,0,0,0,0,0,0,7,1,1,0,0,0,0,3,1,1,0,KRBKRNvK,DRAW,3R4/5r2/6n1/8/5Bk1/8/K7/8 w - - 0 1
1,1,0,0,0,0,0,1,-1,1,0,1,1,1,0,0,0,0,0,16,0,0,2,4,3,5,5,0,2,29,16,0,0,0,0,0,0,0,0,7,1,1,0,0,0,0,3,1,0,0,KRBKRNvK,DRAW,2r5/8/5k2/2B5/4K2n/8/8/6R1 w - - 0 1
1,1,0,0,0,0,0,1,-1,1,0,1,1,1,0,0,0,0,0,16,0,0,7,1,7,4,0,5,3,26,23,0,0,0,0,0,0,0,0,7,1,1,0,0,0,0,0,2,1,0,KRBKRNvK,DRAW,1K6/8/5n2/7B/3r4/8/6R1/4k3 w - - 0 1
1,1,0,0,0,0,0,1,-1,1,0,1,1,1,0,0,0,0,0,16,0,0,6,6,1,7,7,4,6,27,19,0,0,0,0,0,0,0,0,7,1,1,1,0,0,0,2,0,1,0,KRBKRNvK,DRAW,7k/4R3/6B1/8/8/1r6/6K1/3n4 w - - 0 1
0,1,0,0,0,0,0,1,-1,1,0,1,1,1,0,0,0,0,0,16,0,0,2,2,2,2,4,2,1,19,22,0,0,0,0,0,0,0,0,7,1,1,0,0,0,0,3,2,0,0,KRBKRNvK,DRAW,n6B/5r2/8/2k5/8/2K5/3R4/8 b - - 0 1
0,1,0,0,0,0,0,1,-1,1,0,1,1,1,0,0,0,0,0,16,0,0,4,2,2,0,6,2,5,23,28,0,0,0,0,0,0,0,0,7,1,1,0,0,0,0,4,0,0,1,KRBKRNvK,DRAW,8/k4B2/8/8/8/2K5/1n2R3/6r1 b - - 0 1
1,1,0,0,0,0,0,1,-1,1,0,1,1,1,0,0,0,0,0,16,0,0,3,3,3,0,1,0,5,5,0,1,0,0,0,0,0,0,0,7,1,1,0,0,0,0,3,1,0,0,KRBKRNvK,DRAW,2n5/8/8/8/r2K4/4R3/k5B1/8 w - - 0 1
1,1,0,0,0,0,0,1,-1,1,0,1,1,1,0,0,0,0,0,16,0,0,4,6,6,6,2,4,3,30,20,0,0,0,0,0,0,0,0,7,1,1,0,0,0,0,3,0,0,0,KRBKRNvK,DRAW,1n6/6K1/5B2/8/8/6k1/3R4/1r6 w - - 0 1
1,1,0,0,0,0,0,1,-1,1,0,1,1,1,0,0,0,0,0,16,0,0,5,3,0,1,5,3,3,26,23,0,0,0,0,0,0,0,0,7,1,1,0,1,0,0,1,0,1,1,KRBKRNvK,DRAW,8/8/1k6/8/2Bn4/5R2/2r5/3K4 w - - 0 1
0,1,0,0,0,0,0,1,-1,1,0,1,1,1,0,0,0,0,0,16,0,0,5,5,0,0,3,4,3,23,16,0,0,0,0,0,0,0,0,7,1,1,0,0,0,0,2,0,0,1,KRBKRNvK,DRAW,8/8/2r5/8/k7/8/6n1/3R1K1B b - - 0 1
0,1,0,0,0,0,0,1,-1,1,0,1,1,1,0,0,0,0,0,16,0,0,2,5,3,5,1,1,3,4,0,1,0,0,0,0,0,0,0,7,1,1,1,0,0,0,3,0,1,0,KRBKRNvK,LOSS,8/4R2r/8/8/n4K2/4B3/5k2/8 b - - 0 1
0,1,0,0,0,0,0,1,-1,1,0,1,1,1,0,0,0,0,0,16,0,0,2,6,4,7,6,2,5,2,0,1,0,0,0,0,0,0,0,7,1,1,0,0,0,0,2,3,0,0,KRBKRNvK,DRAW,8/3r3k/8/6K1/2n5/8/6B1/7R b - - 0 1
1,1,0,0,0,0,0,1,-1,1,0,1,1,1,0,0,0,0,0,16,0,0,5,6,6,3,1,4,2,30,23,0,0,0,0,0,0,0,0,7,1,1,0,0,0,0,2,2,1,1,KRBKRNvK,DRAW,8/6K1/8/4r3/8/R4B2/3k1n2/8 w - - 0 1
0,1,0,0,0,0,0,1,-1,1,0,1,1,1,0,0,0,0,0,16,0,0,4,4,2,4,6,1,2,27,19,0,0,0,0,0,0,0,0,7,1,1,0,0,0,0,2,3,0,0,KRBKRNvK,DRAW,8/4k3/B5n1/8/1r6/R3K3/8/8 b - - 0 1
1,1,0,0,0,0,0,1,-1,1,0,1,1,1,0,0,0,0,0,16,0,0,3,1,2,4,1,3,2,29,21,0,0,0,0,0,0,0,0,7,1,1,0,0,0,0,0,0,1,0,KRBKRNvK,DRAW,6n1/6r1/8/8/8/1K5B/4k3/2R5 w - - 0 1
0,1,0,0,0,0,0,1,-1,1,0,1,1,1,0,0,0,0,0,16,0,0,5,2,2,7,6,2,5,25,24,0,0,0,0,0,0,0,0,7,1,1,0,0,0,0,3,1,0,1,KRBKRNvK,DRAW,8/7k/1n6/8/8/2KR4/7B/r7 b - - 0 1
1,1,0,0,0,0,0,1,-1,1,0,1,1,1,0,0,0,0,0,16,0,0,7,2,0,6,7,4,5,4,0,1,0,0,0,0,0,0,0,7,1,1,0,0,0,0,0,2,0,0,KRBKRNvK,DRAW,3n2k1/8/8/2r5/8/8/8/R1KB4 w - - 0 1
1,1,0,0,0,0,0,1,-1,1,0,1,1,1,0,0,0,0,0,16,0,0,3,7,6,4,3,5,0,5,0,1,0,0,0,0,0,0,0,7,1,1,0,0,0,0,0,3,1,0,KRBKRNvK,DRAW,8/1r5K/8/6B1/4k3/1n6/8/7R w - - 0 1
1,1,0,0,0,0,0,1,-1,1,0,1,1,1,0,0,0,0,0,16,0,0,7,6,7,3,0,5,3,3,0,1,0,0,0,0,0,0,0,7,1,1,0,0,0,0,3,1,0,0,KRBKRNvK,DRAW,1r4K1/8/8/1n6/2B3R1/8/8/3k4 w - - 0 1
0,1,0,0,0,0,0,1,-1,1,0,1,1,1,0,0,0,0,0,16,0,0,5,6,6,1,6,4,4,24,28,0,0,0,0,0,0,0,0,7,1,1,0,0,0,0,3,1,1,1,KRBKRNvK,DRAW,5r2/1k4K1/3B4/8/2R5/8/2n5/8 b - - 0 1
0,1,0,0,0,0,0,1,-1,1,0,1,1,1,0,0,0,0,0,16,0,0,4,6,6,2,2,4,2,5,0,1,0,0,0,0,0,0,0,7,1,1,0,0,0,0,0,1,0,0,KRBKRNvK,DRAW,2R5/4B1K1/8/8/8/1nk5/8/5r2 b - - 0 1
0,1,0,0,0,0,0,1,-1,1,0,1,1,1,0,0,0,0,0,16,0,0,7,6,0,6,7,5,5,21,24,0,0,0,0,0,0,0,0,7,1,1,0,0,0,0,1,2,0,1,KRBKRNvK,DRAW,6k1/8/4r3/8/8/8/1R6/1B2n1K1 b - - 0 1
0,1,0,0,0,0,0,1,-1,1,0,1,1,1,0,0,0,0,0,16,0,0,3,4,4,6,7,0,5,22,29,0,0,0,0,0,0,0,0,7,1,1,0,0,0,0,3,1,1,1,KRBKRNvK,DRAW,6k1/8/6B1/4K1n1/8/8/5R2/r7 b - - 0 1
1,1,0,0,0,0,0,1,-1,1,0,1,1,1,0,0,0,0,0,16,0,0,6,0,1,1,7,5,5,2,0,1,0,0,0,0,0,0,0,7,1,1,0,0,0,0,1,2,0,1,KRBKRNvK,DRAW,rk6/8/6B1/8/8/2n3R1/K7/8 w - - 0 1
0,1,0,0,0,0,0,1,-1,1,0,1,1,1,0,0,0,0,0,16,0,0,6,6,4,0,0,2,6,19,20,0,0,0,0,0,0,0,0,7,1,1,0,0,0,0,0,2,1,2,KRBKRNvK,DRAW,8/8/8/6K1/4r1n1/1R5B/8/k7 b - - 0 1
0,1,0,0,0,0,0,1,-1,1,0,1,1,1,0,0,0,0,0,16,0,0,4,2,6,2,2,3,2,21,15,0,0,0,0,0,0,0,0,7,1,1,1,0,0,0,0,3,0,0,KRBKRNvK,DRAW,B7/1RK5/8/6r1/6n1/2k5/8/8 b - - 0 1
0,1,0,0,0,0,0,1,-1,1,0,1,1,1,0,0,0,0,0,16,0,0,2,1,5,3,5,3,1,22,16,0,0,0,0,0,0,0,0,7,1,1,0,0,0,0,0,2,0,0,KRBKRNvK,DRAW,5r2/B7/1K1k4/8/8/8/7n/1R6 b - - 0 1
1,1,0,0,0,0,0,1,-1,1,0,1,1,1,0,0,0,0,0,16,0,0,7,0,7,7,4,6,3,22,20,0,0,0,0,0,0,0,0,7,1,1,0,1,0,0,2,0,0,0,KRBKRNvK,DRAW,K7/8/8/1B5k/2R5/8/5r2/6n1 w - - 0 1
1,1,0,0,0,0,0,1,-1,1,0,1,1,1,0,0,0,0,0,16,0,0,4,6,2,2,3,3,1,29,16,0,0,0,0,0,0,0,0,7,1,1,0,0,0,0,3,3,1,0,KRBKRNvK,DRAW,8/8/8/1R6/2kr4/5BK1/8/n7 w - - 0 1
0,1,0,0,0,0,0,1,-1,1,0,1,1,1,0,0,0,0,0,16,0,0,5,6,7,1,2,5,3,4,0,1,0,0,0,0,0,0,0,7,1,1,0,1,0,0,0,1,0,0,KRBKRNvK,DRAW,4B1K1/8/8/8/2n5/1k4R1/r7/8 b - - 0 1
0,1,0,0,0,0,0,1,-1,1,0,1,1,1,0,0,0,0,0,16,0,0,5,4,5,5,0,1,4,4,0,1,0,0,0,0,0,0,0,7,1,1,0,0,0,0,3,1,1,2,KRBKRNvK,DRAW,1R4r1/3n4/4K3/8/8/3B4/8/5k2 b - - 0 1
0,1,0,0,0,0,0,1,-1,1,0,1,1,1,0,0,0,0,0,16,0,0,5,6,0,5,5,5,2,7,0,1,0,0,0,0,0,0,0,7,1,1,0,0,0,0,0,3,0,1,KRBKRNvK,DRAW,3r4/8/1R3k2/8/8/8/4B3/4n1K1 b - - 0 1
0,1,0,0,0,0,0,1,-1,1,0,1,1,1,0,0,0,0,0,16,0,0,3,2,1,5,2,3,2,18,19,0,0,0,0,0,0,0,0,7,1,1,0,0,0,0,1,2,0,1,KRBKRNvK,DRAW,5R2/5n2/8/8/8/4rk2/B1K5/8 b - - 0 1
0,1,0,0,0,0,0,1,-1,1,0,1,1,1,0,0,0,0,0,16,0,0,5,7,2,2,1,4,3,26,28,0,0,0,0,0,0,0,0,7,1,1,0,0,0,0,2,1,1,0,KRBKRNvK,DRAW,8/r7/8/8/6R1/4B2K/2k1n3/8 b - - 0 1
1,1,0,0,0,0,0,1,-1,1,0,1,1,1,0,0,0,0,0,16,0,0,2,0,1,2,1,5,3,25,21,0,0,0,0,0,0,0,0,7,1,1,0,1,0,0,1,3,0,0,KRBKRNvK,DRAW,5R2/8/4n3/8/8/6B1/K1k1r3/8 w - - 0 1
1,1,0,0,0,0,0,1,-1,1,0,1,1,1,0,0,0,0,0,16,0,0,5,1,6,6,4,4,2,5,0,1,0,0,0,0,0,0,0,7,1,1,1,0,0,0,3,2,0,1,KRBKRNvK,DRAW,8/1K1R4/8/1r2n1k1/8/8/7B/8 w - - 0 1
0,1,0,0,0,0,0,1,-1,1,0,1,1,1,0,0,0,0,0,16,0,0,4,1,0,5,0,5,4,21,26,0,0,0,0,0,0,0,0,7,1,1,0,0,0,0,2,2,0,0,KRBKRNvK,DRAW,8/2B5/7n/r7/4R3/8/8/1K3k2 b - - 0 1
0,1,0,0,0,0,0,1,-1,1,0,1,1,1,0,0,0,0,0,16,0,0,7,7,6,0,7,5,6,0,0,1,0,0,0,0,0,0,0,7,1,1,0,0,0,0,2,1,0,0,KRBKRNvK,LOSS,kr6/7K/3n4/8/8/R7/8/7B b - - 0 1
1,1,0,0,0,0,0,1,-1,1,0,1,1,1,0,0,0,0,0,16,0,0,5,6,4,1,3,2,2,30,21,0,0,0,0,0,0,0,0,7,1,1,0,0,0,0,3,1,1,0,KRBKRNvK,DRAW,2r5/8/8/2n3K1/1k3B2/3R4/8/8 w - - 0 1
0,1,0,0,0,0,0,1,-1,1,0,1,1,1,0,0,0,0,0,16,0,0,5,1,0,6,5,5,3,6,0,1,0,0,0,0,0,0,0,7,1,1,0,0,0,0,2,3,1,0,KRBKRNvK,DRAW,4B3/8/6k1/8/6r1/3R1n2/8/1K6 b - - 0 1
1,1,0,0,0,0,0,1,-1,1,0,1,1,1,0,0,0,0,0,16,0,0,5,2,1,0,6,3,5,4,0,1,0,0,0,0,0,0,0,7,1,1,0,0,0,0,0,0,0,2,KRBKRNvK,DRAW,8/k7/8/8/1B1n4/8/2K2R2/r7 w - - 0 1
0,1,0,0,0,0,0,1,-1,1,0,1,1,1,0,0,0,0,0,16,0,0,6,3,6,6,0,2,5,4,0,1,0,0,0,0,0,0,0,7,1,1,0,0,0,0,0,2,1,1,KRBKRNvK,DRAW,8/3K4/8/1r5B/n7/6R1/8/6k1 b - - 0 1
0,1,0,0,0,0,0,1,-1,1,0,1,1,1,0,0,0,0,0,16,0,0,2,4,7,3,5,3,1,2,0,1,0,0,0,0,0,0,0,7,1,1,0,1,0,0,1,2,1,1,KRBKRNvK,DRAW,4K3/3n4/3k3R/8/5B2/8/6r1/8 b - - 0 1
1,1,0,0,0,0,0,1,-1,1,0,1,1,1,0,0,0,0,0,16,0,0,5,7,7,2,4,6,1,3,0,1,0,0,0,0,0,0,0,7,1,1,0,0,0,0,3,2,1,1,KRBKRNvK,DRAW,5r1K/8/4B3/2k5/8/8/8/1n2R3 w - - 0 1
1,1,0,0,0,0,0,1,-1,1,0,1,1,1,0,0,0,0,0,16,0,0,6,6,0,0,1,5,5,25,26,0,0,0,0,0,0,0,0,7,1,1,1,0,0,0,2,1,0,0,KRBKRNvK,DRAW,8/6R1/1r6/8/2n5/8/k5B1/6K1 w - - 0 1
1,1,0,0,0,0,0,1,-1,1,0,1,1,1,0,0,0,0,0,16,0,0,4,5,3,1,1,1,4,5,0,1,0,0,0,0,0,0,0,7,1,1,1,0,0,0,2,0,0,2,KRBKRNvK,DRAW,1B6/2R5/6r1/8/5K2/7n/1k6/8 w - - 0 1
1,1,0,0,0,0,0,1,-1,1,0,1,1,1,0,0,0,0,0,16,0,0,4,4,6,0,6,2,5,27,23,0,0,0,0,0,0,0,0,7,1,1,0,1,0,0,0,1,0,1,KRBKRNvK,DRAW,8/k3K3/7R/2n5/8/8/r7/3B4 w - - 0 1
0,1,0,0,0,0,0,1,-1,1,0,1,1,1,0,0,0,0,0,16,0,0,3,3,4,0,6,0,5,4,0,1,0,0,0,0,0,0,0,7,1,1,0,0,0,0,4,1,0,1,KRBKRNvK,DRAW,8/k7/5r2/3K4/8/R7/B2n4/8 b - - 0 1
0,1,0,0,0,0,0,1,-1,1,0,1,1,1,0,0,0,0,0,16,0,0,4,6,6,6,2,4,3,24,29,0,0,0,0,0,0,0,0,7,1,1,0,0,0,0,3,1,0,0,KRBKRNvK,DRAW,3R4/6K1/5B2/8/8/r5k1/5n2/8 b - - 0 1
0,1,0,0,0,0,0,1,-1,1,0,1,1,1,0,0,0,0,0,16,0,0,3,5,3,2,5,1,2,4,0,1,0,0,0,0,0,0,0,7,1,1,0,0,0,0,4,1,1,0,KRBKRNvK,DRAW,8/8/n1k5/8/2R2K2/8/6B1/1r6 b - - 0 1
0,1,0,0,0,0,0,1,-1,1,0,1,1,1,0,0,0,0,0,16,0,0,5,2,1,1,6,3,4,19,29,0,0,0,0,0,0,0,0,7,1,1,0,0,0,0,0,0,0,0,KRBKRNvK,DRAW,8/1k3r2/6R1/8/8/7B/2K4n/8 b - - 0 1
0,1,0,0,0,0,0,1,-1,1,0,1,1,1,0,0,0,0,0,16,0,0,4,6,7,6,3,5,2,20,26,0,0,0,0,0,0,0,0,7,1,1,0,1,0,0,0,1,0,0,KRBKRNvK,DRAW,6K1/8/2R5/8/6k1/1n6/1r6/4B3 b - - 0 1
1,1,0,0,0,0,0,1,-1,1,0,1,1,1,0,0,0,0,0,16,0,0,3,5,6,2,6,3,3,4,0,1,0,0,0,0,0,0,0,7,1,1,0,0,0,0,0,0,0,2,KRBKRNvK,DRAW,8/2k2K1r/5R1n/8/8/8/8/2B5 w - - 0 1
1,1,0,0,0,0,0,1,-1,1,0,1,1,1,0,0,0,0,0,16,0,0,4,6,5,2,6,3,3,23,26,0,0,0,0,0,0,0,0,7,1,1,0,0,0,0,0,2,0,0,KRBKRNvK,DRAW,8/2k5/6KR/8/3r4/8/4B3/2n5 w - - 0 1
1,1,0,0,0,0,0,1,-1,1,0,1,1,1,0,0,0,0,0,16,0,0,6,7,2,1,3,4,2,18,19,0,0,0,0,0,0,0,0,7,1,1,0,0,0,0,0,0,0,0,KRBKRNvK,DRAW,2rnB2R/8/8/8/1k6/7K/8/8 w - - 0 1
1,1,0,0,0,0,0,1,-1,1,0,1,1,1,0,0,0,0,0,16,0,0,4,7,4,3,3,3,0,24,17,0,0,0,0,0,0,0,0,7,1,1,0,0,0,0,0,4,1,0,KRBKRNvK,DRAW,5n2/3B4/2R5/7K/3k4/3r4/8/8 w - - 0 1
1,1,0,0,0,0,0,1,-1,1,0,1,1,1,0,0,0,0,0,16,0,0,2,0,4,0,6,3,5,23,20,0,0,0,0,0,0,0,0,7,1,1,0,0,0,0,2,0,0,1,KRBKRNvK,DRAW,6n1/k7/8/K3R3/7B/2r5/8/8 w - - 0 1
1,1,0,0,0,0,0,1,-1,1,0,1,1,1,0,0,0,0,0,16,0,0,2,6,2,7,4,3,3,5,0,1,0,0,0,0,0,0,0,7,1,1,0,0,0,0,0,2,1,1,KRBKRNvK,LOSS,8/8/7B/1r5k/8/6K1/1R6/5n2 w - - 0 1
0,1,0,0,0,0,0,1,-1,1,0,1,1,1,0,0,0,0,0,16,0,0,4,0,4,0,0,3,6,20,27,0,0,0,0,0,0,0,0,7,1,1,0,0,0,0,3,0,0,1,KRBKRNvK,DRAW,4R3/7r/8/K7/n3B3/8/8/k7 b - - 0 1
0,1,0,0,0,0,0,1,-1,1,0,1,1,1,0,0,0,0,0,16,0,0,4,0,7,4,4,6,0,4,0,1,0,0,0,0,0,0,0,7,1,1,0,1,0,0,2,3,2,0,KRBKRNvK,LOSS,K7/8/8/4k3/8/4R1B1/5r1n/8 b - - 0 1
1,1,0,0,0,0,0,1,-1,1,0,1,1,1,0,0,0,0,0,16,0,0,4,3,0,5,4,3,1,20,22,0,0,0,0,0,0,0,0,7,1,1,0,0,0,0,1,3,0,0,KRBKRNvK,WIN,6B1/2n5/8/2r2k2/8/8/8/3K3R w - - 0 1
0,1,0,0,0,0,0,1,-1,1,0,1,1,1,0,0,0,0,0,16,0,0,3,1,3,3,6,2,2,21,29,0,0,0,0,0,0,0,0,7,1,1,0,0,0,0,3,0,0,0,KRBKRNvK,DRAW,n7/3k4/6r1/8/1K6/4R3/B7/8 b - - 0 1
1,1,0,0,0,0,0,1,-1,1,0,1,1,1,0,0,0,0,0,16,0,0,6,7,2,1,0,4,5,3,0,1,0,0,0,0,0,0,0,7,1,1,0,0,0,0,0,0,1,0,KRBKRNvK,DRAW,2R5/7r/8/8/n7/B6K/8/1k6 w - - 0 1
0,1,0,0,0,0,0,1,-1,1,0,1,1,1,0,0,0,0,0,16,0,0,5,2,5,6,0,2,5,4,0,1,0,0,0,0,0,0,0,7,1,1,0,0,0,0,1,0,1,0,KRBKRNvK,DRAW,8/8/2K5/1B6/7n/6R1/8/5rk1 b - - 0 1
1,1,0,0,0,0,0,1,-1,1,0,1,1,1,0,0,0,0,0,16,0,0,5,4,5,1,0,1,5,25,22,0,0,0,0,0,0,0,0,7,1,1,0,0,0,0,3,2,1,0,KRBKRNvK,DRAW,8/8/1n1BK3/7r/8/8/3R4/1k6 w - - 0 1
0,1,0,0,0,0,0,1,-1,1,0,1,1,1,0,0,0,0,0,16,0,0,3,2,4,5,1,1,3,25,18,0,0,0,0,0,0,0,0,7,1,1,0,0,0,0,3,2,0,1,KRBKRNvK,DRAW,8/8/6n1/2K2BR1/4r3/8/5k2/8 b - - 0 1
0,1,0,0,0,0,0,1,-1,1,0,1,1,1,0,0,0,0,0,16,0,0,3,3,2,0,3,1,3,2,0,1,0,0,0,0,0,0,0,7,1,1,0,0,0,0,3,2,1,0,KRBKRNvK,DRAW,8/8/4B3/8/k6r/3K4/R5n1/8 b - - 0 1
1,1,0,0,0,0,0,1,-1,1,0,1,1,1,0,0,0,0,0,16,0,0,3,2,5,5,4,2,1,7,0,1,0,0,0,0,0,0,0,7,1,1,0,0,0,0,3,2,0,1,KRBKRNvK,DRAW,1n4r1/8/2K5/5k2/2R5/8/8/2B5 w - - 0 1
0,1,0,0,0,0,0,1,-1,1,0,1,1,1,0,0,0,0,0,16,0,0,3,0,4,3,4,3,0,19,20,0,0,0,0,0,0,0,0,7,1,1,0,1,0,0,2,3,1,0,KRBKRNvK,DRAW,8/6B1/8/K2k4/8/2Rn4/3r4/8 b - - 0 1
0,1,0,0,0,0,0,1,-1,1,0,1,1,1,0,0,0,0,0,16,0,0,6,1,6,4,0,4,3,17,26,0,0,0,0,0,0,0,0,7,1,1,0,0,0,0,3,0,1,0,KRBKRNvK,DRAW,8/1K6/8/4R3/n7/4B3/8/2r1k3 b - - 0 1
1,1,0,0,0,0,0,1,-1,1,0,1,1,1,0,0,0,0,0,16,0,0,7,2,0,4,7,4,3,4,0,1,0,0,0,0,0,0,0,7,1,1,0,0,0,0,2,2,0,1,KRBKRNvK,DRAW,4k3/8/4r3/8/6R1/3n4/8/2K3B1 w - - 0 1
1,1,0,0,0,0,0,1,-1,1,0,1,1,1,0,0,0,0,0,16,0,0,4,1,7,5,5,5,2,25,22,0,0,0,0,0,0,0,0,7,1,1,0,0,0,0,2,3,0,0,KRBKRNvK,DRAW,BK6/8/4rk2/8/5n2/6R1/8/8 w - - 0 1
1,1,0,0,0,0,0,1,-1,1,0,1,1,1,0,0,0,0,0,16,0,0,4,1,1,5,4,4,1,27,21,0,0,0,0,0,0,0,0,7,1,1,0,0,0,0,2,2,0,0,KRBKRNvK,DRAW,6r1/8/8/5k2/B7/8/1K2R3/6n1 w - - 0 1
0,1,0,0,0,0,0,1,-1,1,0,1,1,1,0,0,0,0,0,16,0,0,3,4,3,7,1,0,5,3,0,1,0,0,0,0,0,0,0,7,1,1,0,1,0,0,3,2,0,1,KRBKRNvK,DRAW,1B6/8/8/8/4K3/5n2/r6k/2R5 b - - 0 1
1,1,0,0,0,0,0,1,-1,1,0,1,1,1,0,0,0,0,0,16,0,0,4,1,4,5,7,2,4,23,25,0,0,0,0,0,0,0,0,7,1,1,0,1,0,0,0,1,0,0,KRBKRNvK,DRAW,5k2/8/4n3/1K6/8/8/5r2/R4B2 w - - 0 1
0,1,0,0,0,0,0,1,-1,1,0,1,1,1,0,0,0,0,0,16,0,0,2,4,2,6,0,1,5,3,0,1,0,0,0,0,0,0,0,7,1,1,0,0,0,0,2,3,0,2,KRBKRNvK,LOSS,8/8/6B1/8/5r2/4Kn2/8/1R4k1 b - - 0 1
0,1,0,0,0,0,0,1,-1,1,0,1,1,1,0,0,0,0,0,16,0,0,5,4,0,6,5,3,3,27,15,0,0,0,0,0,0,0,0,7,1,1,0,0,0,0,0,2,0,1,KRBKRNvK,DRAW,2B5/8/4n1k1/8/8/3r4/8/4KR2 b - - 0 1
0,1,0,0,0,0,0,1,-1,1,0,1,1,1,0,0,0,0,0,16,0,0,2,3,5,2,7,1,4,19,27,0,0,0,0,0,0,0,0,7,1,1,0,0,0,0,2,0,0,0,KRBKRNvK,DRAW,2k5/8/3K3B/8/8/r7/1R6/4n3 b - - 0 1
1,1,0,0,0,0,0,1,-1,1,0,1,1,1,0,0,0,0,0,16,0,0,3,5,7,2,5,4,2,20,16,0,0,0,0,0,0,0,0,7,1,1,0,0,0,0,1,1,1,0,KRBKRNvK,DRAW,5K2/B1r5/2k5/8/8/8/5R2/6n1 w - - 0 1
1,1,0,0,0,0,0,1,-1,1,0,1,1,1,0,0,0,0,0,16,0,0,4,3,6,0,2,2,4,23,20,0,0,0,0,0,0,0,0,7,1,1,0,0,0,0,2,3,1,1,KRBKRNvK,DRAW,8/3K1n2/8/8/B4r2/k7/3R4/8 w - - 0 1
0,1,0,0,0,0,0,1,-1,1,0,1,1,1,0,0,0,0,0,16,0,0,3,5,3,2,0,1,4,7,0,1,0,0,0,0,0,0,0,7,1,1,1,0,0,0,2,2,0,1,KRBKRNvK,LOSS,8/2RB4/4r3/n7/5K2/8/8/2k5 b - - 0 1
1,1,0,0,0,0,0,1,-1,1,0,1,1,1,0,0,0,0,0,16,0,0,3,3,5,0,4,1,3,28,22,0,0,0,0,0,0,0,0,7,1,1,0,0,0,0,2,0,0,0,KRBKRNvK,DRAW,2R5/8/3K4/k7/8/n6B/8/1r6 w - - 0 1
0,1,0,0,0,0,0,1,-1,1,0,1,1,1,0,0,0,0,0,16,0,0,4,6,4,5,0,2,4,25,21,0,0,0,0,0,0,0,0,7,1,1,0,0,0,0,1,2,0,0,KRBKRNvK,DRAW,8/8/3r4/6K1/8/1B6/R1n5/5k2 b - - 0 1
1,1,0,0,0,0,0,1,-1,1,0,1,1,1,0,0,0,0,0,16,0,0,5,1,6,6,7,4,5,31,21,0,0,0,0,0,0,0,0,7,1,1,0,0,0,0,1,2,0,0,KRBKRNvK,DRAW,6k1/1K6/8/2B5/2r5/8/4n3/1R6 w - - 0 1
0,1,0,0,0,0,0,1,-1,1,0,1,1,1,0,0,0,0,0,16,0,0,6,7,3,1,4,3,2,23,19,0,0,0,0,0,0,0,0,7,1,1,0,0,0,0,0,2,0,0,KRBKRNvK,DRAW,8/4B3/8/1k6/2r1n2K/7R/8/8 b - - 0 1
1,1,0,0,0,0,0,1,-1,1,0,1,1,1,0,0,0,0,0,16,0,0,4,0,3,4,4,3,0,20,26,0,0,0,0,0,0,0,0,7,1,1,0,1,0,0,2,3,1,1,KRBKRNvK,DRAW,8/8/B7/4kn2/K7/3R4/1r6/8 w - - 0 1
1,1,0,0,0,0,0,1,-1,1,0,1,1,1,0,0,0,0,0,16,0,0,4,6,3,6,7,2,5,6,0,1,0,0,0,0,0,0,0,7,1,1,0,0,0,0,2,1,1,1,KRBKRNvK,DRAW,6k1/4B1r1/8/4R3/6K1/6n1/8/8 w - - 0 1
1,1,0,0,0,0,0,1,-1,1,0,1,1,1,0,0,0,0,0,16,0,0,2,4,0,2,2,3,2,25,23,0,0,0,0,0,0,0,0,7,1,1,0,0,0,0,3,1,0,0,KRBKRNvK,DRAW,3R4/6n1/r7/8/8/2k5/8/4K2B w - - 0 1
1,1,0,0,0,0,0,1,-1,1,0,1,1,1,0,0,0,0,0,16,0,0,4,3,1,7,0,2,6,27,22,0,0,0,0,0,0,0,0,7,1,1,1,0,0,0,1,3,0,1,KRBKRNvK,DRAW,8/1R6/8/2r5/8/2n5/2BK4/7k w - - 0 1
1,1,0,0,0,0,0,1,-1,1,0,1,1,1,0,0,0,0,0,16,0,0,4,2,5,6,3,2,2,30,28,0,0,0,0,0,0,0,0,7,1,1,0,0,0,0,4,1,0,0,KRBKRNvK,DRAW,4R3/5n2/2K5/8/6k1/8/1B6/7r w - - 0 1
0,1,0,0,0,0,0,1,-1,1,0,1,1,1,0,0,0,0,0,16,0,0,6,7,0,3,6,6,2,23,24,0,0,0,0,0,0,0,0,7,1,1,0,0,0,0,2,2,1,0,KRBKRNvK,DRAW,8/3k4/5R2/8/r7/8/6B1/2n4K b - - 0 1
1,1,0,0,0,0,0,1,-1,1,0,1,1,1,0,0,0,0,0,16,0,0,2,7,0,5,2,6,2,1,0,1,0,0,0,0,0,0,0,7,1,1,1,0,0,0,3,3,0,1,KRBKRNvK,LOSS,8/4RB2/8/8/8/5kn1/8/3r3K w - - 0 1
1,1,0,0,0,0,0,1,-1,1,0,1,1,1,0,0,0,0,0,16,0,0,7,0,3,7,2,3,4,26,21,0,0,0,0,0,0,0,0,7,1,1,0,0,0,0,2,1,1,0,KRBKRNvK,DRAW,7r/4B3/8/6R1/K7/4n2k/8/8 w - - 0 1
1,1,0,0,0,0,0,1,-1,1,0,1,1,1,0,0,0,0,0,16,0,0,5,4,1,4,6,2,2,28,21,0,0,0,0,0,0,0,0,7,1,1,0,0,0,0,0,1,1,0,KRBKRNvK,DRAW,2B4r/4k3/8/1n6/8/8/4K3/5R2 w - - 0 1
1,1,0,0,0,0,0,1,-1,1,0,1,1,1,0,0,0,0,0,16,0,0,3,7,4,7,1,3,5,27,20,0,0,0,0,0,0,0,0,7,1,1,0,0,0,0,3,2,0,1,KRBKRNvK,DRAW,3r4/8/8/7K/2R1B3/7n/7k/8 w - - 0 1
0,1,0,0,0,0,0,1,-1,1,0,1,1,1,0,0,0,0,0,16,0,0,2,2,4,4,2,1,1,6,0,1,0,0,0,0,0,0,0,7,1,1,0,0,0,0,2,2,1,1,KRBKRNvK,DRAW,4B3/7r/8/2K1n3/8/4k1R1/8/8 b - - 0 1
1,1,0,0,0,0,0,1,-1,1,0,1,1,1,0,0,0,0,0,16,0,0,2,4,0,2,0,3,4,28,22,0,0,0,0,0,0,0,0,7,1,1,0,0,0,0,2,1,1,0,KRBKRNvK,DRAW,2r5/8/4n3/8/R7/3B4/8/2k1K3 w - - 0 1
0,1,0,0,0,0,0,1,-1,1,0,1,1,1,0,0,0,0,0,16,0,0,5,5,3,0,6,1,5,23,29,0,0,0,0,0,0,0,0,7,1,1,0,0,0,0,2,2,0,2,KRBKRNvK,DRAW,8/k7/8/3rnB2/5K2/8/8/7R b - - 0 1
0,1,0,0,0,0,0,1,-1,1,0,1,1,1,0,0,0,0,0,16,0,0,4,4,5,2,1,1,3,18,29,0,0,0,0,0,0,0,0,7,1,1,0,1,0,0,3,0,2,0,KRBKRNvK,DRAW,8/8/4K3/8/3B4/4R3/n1k3r1/8 b - - 0 1
1,1,0,0,0,0,0,1,-1,1,0,1,1,1,0,0,0,0,0,16,0,0,5,6,3,1,7,2,5,29,20,0,0,0,0,0,0,0,0,7,1,1,0,0,0,0,1,2,0,0,KRBKRNvK,DRAW,1k6/8/6B1/8/6K1/8/5R2/3r2n1 w - - 0 1
0,1,0,0,0,0,0,1,-1,1,0,1,1,1,0,0,0,0,0,16,0,0,4,6,1,2,2,4,2,4,0,1,0,0,0,0,0,0,0,7,1,1,0,0,0,0,0,3,1,1,KRBKRNvK,DRAW,8/8/8/8/8/2kr2n1/5RK1/4B3 b - - 0 1
1,1,0,0,0,0,0,1,-1,1,0,1,1,1,0,0,0,0,0,16,0,0,4,4,1,0,4,2,3,4,0,1,0,0,0,0,0,0,0,7,1,1,0,0,0,0,2,2,2,1,KRBKRNvK,DRAW,8/8/B7/k4r2/1R6/8/4K3/2n5 w - - 0 1
1,1,0,0,0,0,0,1,-1,1,0,1,1,1,0,0,0,0,0,16,0,0,2,7,4,7,2,3,4,21,18,0,0,0,0,0,0,0,0,7,1,1,0,0,0,0,2,0,0,1,KRBKRNvK,WIN,B5n1/6r1/8/7K/8/7k/8/1R6 w - - 0 1
0,1,0,0,0,0,0,1,-1,1,0,1,1,1,0,0,0,0,0,16,0,0,5,7,5,2,7,4,4,3,0,1,0,0,0,0,0,0,0,7,1,1,0,1,0,0,2,0,1,0,KRBKRNvK,DRAW,2k1R3/8/7K/8/7B/8/5r2/6n1 b - - 0 1
1,1,0,0,0,0,0,1,-1,1,0,1,1,1,0,0,0,0,0,16,0,0,4,3,5,7,1,1,5,15,19,0,0,0,0,0,0,0,0,7,1,1,0,0,0,0,2,1,0,0,KRBKRNvK,DRAW,8/7B/3K2R1/8/8/2rn4/7k/8 w - - 0 1
0,1,0,0,0,0,0,1,-1,1,0,1,1,1,0,0,0,0,0,16,0,0,5,6,0,4,5,5,1,6,0,1,0,0,0,0,0,0,0,7,1,1,0,1,0,0,1,3,0,2,KRBKRNvK,LOSS,8/8/4k3/8/8/1B6/2R1r1n1/6K1 b - - 0 1
1,1,0,0,0,0,0,1,-1,1,0,1,1,1,0,0,0,0,0,16,0,0,2,3,1,1,2,2,3,26,24,0,0,0,0,0,0,0,0,7,1,1,0,0,0,0,2,2,1,0,KRBKRNvK,DRAW,8/7r/5n2/8/8/1k3B2/R2K4/8 w - - 0 1
1,1,0,0,0,0,0,1,-1,1,0,1,1,1,0,0,0,0,0,16,0,0,2,3,4,1,5,0,3,25,19,0,0,0,0,0,0,0,0,7,1,1,0,0,0,0,3,1,0,1,KRBKRNvK,DRAW,7B/1r6/1k6/3K4/7R/8/4n3/8 w - - 0 1
1,1,0,0,0,0,0,1,-1,1,0,1,1,1,0,0,0,0,0,16,0,0,3,7,7,6,4,6,2,24,22,0,0,0,0,0,0,0,0,7,1,1,0,0,0,0,1,2,0,0,KRBKRNvK,DRAW,7K/8/4r3/6k1/8/7n/7B/5R2 w - - 0 1
0,1,0,0,0,0,0,1,-1,1,0,1,1,1,0,0,0,0,0,16,0,0,5,6,1,4,6,4,2,25,28,0,0,0,0,0,0,0,0,7,1,1,0,0,0,0,1,0,1,0,KRBKRNvK,DRAW,1R6/4k3/6B1/3n4/8/8/6K1/2r5 b - - 0 1
1,1,0,0,0,0,0,1,-1,1,0,1,1,1,0,0,0,0,0,16,0,0,3,4,0,7,2,3,4,24,25,0,0,0,0,0,0,0,0,7,1,1,0,0,0,0,2,1,1,1,KRBKRNvK,DRAW,5r2/8/8/3R4/8/4n1Bk/8/4K3 w - - 0 1
0,1,0,0,0,0,0,1,-1,1,0,1,1,1,0,0,0,0,0,16,0,0,3,5,4,2,6,1,3,23,25,0,0,0,0,0,0,0,0,7,1,1,0,0,0,0,2,2,1,1,KRBKRNvK,DRAW,8/2k5/B7/5K2/8/4r3/7n/6R1 b - - 0 1
0,1,0,0,0,0,0,1,-1,1,0,1,1,1,0,0,0,0,0,16,0,0,3,3,5,4,2,1,1,5,0,1,0,0,0,0,0,0,0,7,1,1,0,0,0,0,3,3,2,0,KRBKRNvK,DRAW,8/8/3K4/8/8/2n1k1R1/6B1/4r3 b - - 0 1
0,1,0,0,0,0,0,1,-1,1,0,1,1,1,0,0,0,0,0,16,0,0,7,3,0,6,7,3,5,6,0,1,0,0,0,0,0,0,0,7,1,1,0,1,0,0,2,1,0,0,KRBKRNvK,DRAW,6k1/8/4n3/8/6R1/8/4B2r/3K4 b - - 0 1
1,1,0,0,0,0,0,1,-1,1,0,1,1,1,0,0,0,0,0,16,0,0,6,0,0,6,2,6,3,2,0,1,0,0,0,0,0,0,0,7,1,1,0,0,0,0,2,0,1,1,KRBKRNvK,DRAW,3R4/8/8/7B/8/6k1/8/K1r3n1 w - - 0 1
1,1,0,0,0,0,0,1,-1,1,0,1,1,1,0,0,0,0,0,16,0,0,5,5,5,0,4,2,3,7,0,1,0,0,0,0,0,0,0,7,1,1,0,1,0,0,1,2,0,1,KRBKRNvK,DRAW,8/3B4/5K2/k6n/8/8/3r4/2R5 w - - 0 1
1,1,0,0,0,0,0,1,-1,1,0,1,1,1,0,0,0,0,0,16,0,0,2,3,2,3,4,1,0,4,0,1,0,0,0,0,0,0,0,7,1,1,0,0,0,0,2,4,0,1,KRBKRNvK,DRAW,8/8/4n3/3k4/3r4/3K3B/3R4/8 w - - 0 1
0,1,0,0,0,0,0,1,-1,1,0,1,1,1,0,0,0,0,0,16,0,0,2,6,0,4,1,5,2,26,18,0,0,0,0,0,0,0,0,7,1,1,0,0,0,0,0,1,0,1,KRBKRNvK,DRAW,8/5r2/7B/8/8/1R2n3/4k3/6K1 b - - 0 1
0,1,0,0,0,0,0,1,-1,1,0,1,1,1,0,0,0,0,0,16,0,0,4,6,6,2,5,4,2,25,22,0,0,0,0,0,0,0,0,7,1,1,0,0,0,0,0,3,0,0,KRBKRNvK,DRAW,8/6K1/2k5/8/8/7B/1n5R/4r3 b - - 0 1
1,1,0,0,0,0,0,1,-1,1,0,1,1,1,0,0,0,0,0,16,0,0,7,6,7,3,0,5,3,4,0,1,0,0,0,0,0,0,0,7,1,1,0,0,0,0,2,2,0,1,KRBKRNvK,DRAW,6K1/8/7n/2R1r3/3B4/8/8/3k4 w - - 0 1
0,1,0,0,0,0,0,1,-1,1,0,1,1,1,0,0,0,0,0,16,0,0,3,1,2,0,5,3,4,21,29,0,0,0,0,0,0,0,0,7,1,1,0,0,0,0,0,0,0,0,KRBKRNvK,DRAW,8/4B3/k4r1n/8/8/1K6/6R1/8 b - - 0 1
0,1,0,0,0,0,0,1,-1,1,0,1,1,1,0,0,0,0,0,16,0,0,3,0,3,1,0,3,5,22,20,0,0,0,0,0,0,0,0,7,1,1,0,0,0,0,1,2,0,0,KRBKRNvK,DRAW,6nR/B7/4r3/8/K7/8/8/1k6 b - - 0 1
0,1,0,0,0,0,0,1,-1,1,0,1,1,1,0,0,0,0,0,16,0,0,6,7,6,7,0,5,6,21,25,0,0,0,0,0,0,0,0,7,1,1,0,0,0,0,3,2,0,1,KRBKRNvK,DRAW,8/7K/8/1R3B1n/r7/8/8/7k b - - 0 1
1,1,0,0,0,0,0,1,-1,1,0,1,1,1,0,0,0,0,0,16,0,0,4,5,6,1,6,3,4,25,26,0,0,0,0,0,0,0,0,7,1,1,0,0,0,0,3,2,2,0,KRBKRNvK,DRAW,8/1k3K2/1B6/1R6/8/3n4/8/4r3 w - - 0 1
0,1,0,0,0,0,0,1,-1,1,0,1,1,1,0,0,0,0,0,16,0,0,6,7,6,1,3,5,2,28,22,0,0,0,0,0,0,0,0,7,1,1,0,0,0,0,2,1,0,1,KRBKRNvK,DRAW,r7/1B3n1K/8/8/1k6/8/8/7R b - - 0 1
0,1,0,0,0,0,0,1,-1,1,0,1,1,1,0,0,0,0,0,16,0,0,3,2,4,5,5,1,2,26,23,0,0,0,0,0,0,0,0,7,1,1,0,0,0,0,2,3,1,1,KRBKRNvK,DRAW,8/8/5k2/2K4B/1n6/2R5/8/4r3 b - - 0 1
1,1,0,0,0,0,0,1,-1,1,0,1,1,1,0,0,0,0,0,16,0,0,4,2,2,6,1,2,4,28,26,0,0,0,0,0,0,0,0,7,1,1,0,0,0,0,3,1,0,0,KRBKRNvK,DRAW,8/2n5/8/3R4/2B5/2K5/6k1/7r w - - 0 1
0,1,0,0,0,0,0,1,-1,1,0,1,1,1,0,0,0,0,0,16,0,0,4,6,2,6,6,3,4,25,29,0,0,0,0,0,0,0,0,7,1,1,0,0,0,0,2,1,0,0,KRBKRNvK,DRAW,8/6k1/r2n4/8/1R6/6K1/8/3B4 b - - 0 1
0,1,0,0,0,0,0,1,-1,1,0,1,1,1,0,0,0,0,0,16,0,0,4,4,7,0,4,3,3,17,25,0,0,0,0,0,0,0,0,7,1,1,0,0,0,0,1,0,0,1,KRBKRNvK,DRAW,2n1K3/8/8/k7/8/3B1R2/8/r7 b - - 0 1
1,1,0,0,0,0,0,1,-1,1,0,1,1,1,0,0,0,0,0,16,0,0,4,1,1,5,1,4,3,30,22,0,0,0,0,0,0,0,0,7,1,1,0,0,0,0,2,2,0,0,KRBKRNvK,DRAW,3r4/8/n1B5/8/8/1R6/1K3k2/8 w - - 0 1
1,1,0,0,0,0,0,1,-1,1,0,1,1,1,0,0,0,0,0,16,0,0,4,1,5,3,1,3,2,4,0,1,0,0,0,0,0,0,0,7,1,1,0,0,0,0,2,1,0,1,KRBKRNvK,DRAW,1R6/3n2B1/1K6/8/8/r7/3k4/8 w - - 0 1
1,1,0,0,0,0,0,1,-1,1,0,1,1,1,0,0,0,0,0,16,0,0,2,0,1,0,3,5,3,2,0,1,0,0,0,0,0,0,0,7,1,1,0,1,0,0,0,2,0,0,KRBKRNvK,DRAW,8/8/8/5n2/k7/5R2/K2r4/5B2 w - - 0 1
0,1,0,0,0,0,0,1,-1,1,0,1,1,1,0,0,0,0,0,16,0,0,4,3,7,7,3,3,3,26,21,0,0,0,0,0,0,0,0,7,1,1,0,1,0,0,1,3,0,0,KRBKRNvK,DRAW,3K4/8/8/8/1RB2n1k/8/4r3/8 b - - 0 1
0,1,0,0,0,0,0,1,-1,1,0,1,1,1,0,0,0,0,0,16,0,0,3,6,0,3,0,5,3,3,0,1,0,0,0,0,0,0,0,7,1,1,0,0,0,0,3,0,0,0,KRBKRNvK,DRAW,7r/7n/3R2B1/8/8/8/8/3k2K1 b - - 0 1
0,1,0,0,0,0,0,1,-1,1,0,1,1,1,0,0,0,0,0,16,0,0,3,4,6,7,4,2,3,5,0,1,0,0,0,0,0,0,0,7,1,1,0,0,0,0,2,1,0,1,KRBKRNvK,DRAW,8/4K3/1r2n3/3R3k/B7/8/8/8 b - - 0 1
0,1,0,0,0,0,0,1,-1,1,0,1,1,1,0,0,0,0,0,16,0,0,6,6,3,0,3,2,3,23,29,0,0,0,0,0,0,0,0,7,1,1,0,0,0,0,2,0,0,0,KRBKRNvK,DRAW,5R2/8/1r6/8/k5K1/8/8/B2n4 b - - 0 1
0,1,0,0,0,0,0,1,-1,1,0,1,1,1,0,0,0,0,0,16,0,0,4,7,2,3,6,4,2,28,20,0,0,0,0,0,0,0,0,7,1,1,0,0,0,0,1,2,1,0,KRBKRNvK,DRAW,8/1B1k4/8/3n4/r7/7K/8/1R6 b - - 0 1
1,1,0,0,0,0,0,1,-1,1,0,1,1,1,0,0,0,0,0,16,0,0,2,5,3,4,1,1,2,5,0,1,0,0,0,0,0,0,0,7,1,1,0,0,0,0,3,0,0,1,KRBKRNvK,DRAW,r7/8/1R6/8/5K2/7n/4k3/B7 w - - 0 1
0,1,0,0,0,0,0,1,-1,1,0,1,1,1,0,0,0,0,0,16,0,0,2,5,4,4,6,1,2,20,17,0,0,0,0,0,0,0,0,7,1,1,0,0,0,0,2,3,0,2,KRBKRNvK,DRAW,8/3rkn2/8/5K2/8/5R2/6B1/8 b - - 0 1
1,1,0,0,0,0,0,1,-1,1,0,1,1,1,0,0,0,0,0,16,0,0,2,5,1,3,2,3,1,6,0,1,0,0,0,0,0,0,0,7,1,1,0,0,0,0,3,2,0,0,KRBKRNvK,DRAW,4nr2/8/8/R7/8/3k4/5K2/B7 w - - 0 1
1,1,0,0,0,0,0,1,-1,1,0,1,1,1,0,0,0,0,0,16,0,0,5,2,6,5,1,3,3,6,0,1,0,0,0,0,0,0,0,7,1,1,0,0,0,0,2,1,1,0,KRBKRNvK,DRAW,8/2K4r/B7/8/1n6/3R4/5k2/8 w - - 0 1
1,1,0,0,0,0,0,1,-1,1,0,1,1,1,0,0,0,0,0,16,0,0,6,6,7,0,5,5,4,23,23,0,0,0,0,0,0,0,0,7,1,1,1,0,0,0,0,2,0,1,KRBKRNvK,DRAW,6K1/5R2/k5n1/8/7B/4r3/8/8 w - - 0 1
0,1,0,0,0,0,0,1,-1,1,0,1,1,1,0,0,0,0,0,16,0,0,3,2,3,1,0,1,5,25,21,0,0,0,0,0,0,0,0,7,1,1,0,0,0,0,2,2,0,1,KRBKRNvK,DRAW,7R/3r4/B7/8/2K5/1n6/8/1k6 b - - 0 1
1,1,0,0,0,0,0,1,-1,1,0,1,1,1,0,0,0,0,0,16,0,0,5,4,6,6,1,2,4,6,0,1,0,0,0,0,0,0,0,7,1,1,0,0,0,0,2,2,0,1,KRBKRNvK,LOSS,8/4K3/6B1/4r3/2R5/8/1n4k1/8 w - - 0 1
0,1,0,0,0,0,0,1,-1,1,0,1,1,1,0,0,0,0,0,16,0,0,2,2,4,3,2,1,1,4,0,1,0,0,0,0,0,0,0,7,1,1,0,0,0,0,3,3,0,2,KRBKRNvK,DRAW,3R4/2B5/8/2K5/8/n2kr3/8/8 b - - 0 1
0,1,0,0,0,0,0,1,-1,1,0,1,1,1,0,0,0,0,0,16,0,0,3,6,4,7,7,2,6,17,25,0,0,0,0,0,0,0,0,7,1,1,0,0,0,0,0,0,0,1,KRBKRNvK,DRAW,7k/r7/8/6K1/7n/8/4B3/7R b - - 0 1
1,1,0,0,0,0,0,1,-1,1,0,1,1,1,0,0,0,0,0,16,0,0,6,7,6,1,7,5,5,23,17,0,0,0,0,0,0,0,0,7,1,1,0,0,0,0,2,1,0,0,KRBKRNvK,DRAW,1k6/7K/1r6/1n6/2R5/8/2B5/8 w - - 0 1
1,1,0,0,0,0,0,1,-1,1,0,1,1,1,0,0,0,0,0,16,0,0,3,5,6,7,3,3,3,27,18,0,0,0,0,0,0,0,0,7,1,1,0,0,0,0,2,2,1,1,KRBKRNvK,DRAW,8/5K1n/8/1B4R1/3r3k/8/8/8 w - - 0 1
1,1,0,0,0,0,0,1,-1,1,0,1,1,1,0,0,0,0,0,16,0,0,7,0,7,7,0,6,6,25,21,0,0,0,0,0,0,0,0,7,1,1,0,0,0,0,2,1,0,0,KRBKRNvK,DRAW,K2R4/7r/8/8/2B5/6n1/8/7k w - - 0 1
1,1,0,0,0,0,0,1,-1,1,0,1,1,1,0,0,0,0,0,16,0,0,3,7,1,4,0,5,3,30,18,0,0,0,0,0,0,0,0,7,1,1,1,0,0,0,1,2,0,0,KRBKRNvK,DRAW,7n/1R6/8/3B4/3r4/8/7K/4k3 w - - 0 1
1,1,0,0,0,0,0,1,-1,1,0,1,1,1,0,0,0,0,0,16,0,0,4,2,3,0,7,1,6,24,19,0,0,0,0,0,0,0,0,7,1,1,0,0,0,0,3,0,0,0,KRBKRNvK,DRAW,k6n/6r1/8/3R4/2K5/1B6/8/8 w - - 0 1
0,1,0,0,0,0,0,1,-1,1,0,1,1,1,0,0,0,0,0,16,0,0,3,0,5,3,2,4,1,7,0,1,0,0,0,0,0,0,0,7,1,1,1,0,0,0,2,4,0,0,KRBKRNvK,LOSS,4B3/3R4/K7/7r/8/3k4/7n/8 b - - 0 1
0,1,0,0,0,0,0,1,-1,1,0,1,1,1,0,0,0,0,0,16,0,0,4,1,6,5,7,4,4,21,25,0,0,0,0,0,0,0,0,7,1,1,0,0,0,0,1,2,0,0,KRBKRNvK,DRAW,1B3k2/1K6/8/8/7r/8/8/3n2R1 b - - 0 1
1,1,0,0,0,0,0,1,-1,1,0,1,1,1,0,0,0,0,0,16,0,0,6,7,4,1,7,3,5,24,23,0,0,0,0,0,0,0,0,7,1,1,0,0,0,0,1,2,0,0,KRBKRNvK,DRAW,1k6/8/2r5/5B1K/8/2n5/7R/8 w - - 0 1
0,1,0,0,0,0,0,1,-1,1,0,1,1,1,0,0,0,0,0,16,0,0,5,3,5,3,0,1,3,22,27,0,0,0,0,0,0,0,0,7,1,1,0,0,0,0,3,1,0,0,KRBKRNvK,DRAW,8/r7/3K4/5B2/8/8/2n3R1/3k4 b - - 0 1
1,1,0,0,0,0,0,1,-1,1,0,1,1,1,0,0,0,0,0,16,0,0,3,0,0,0,3,6,3,2,0,1,0,0,0,0,0,0,0,7,1,1,0,0,0,0,2,2,0,0,KRBKRNvK,DRAW,4n3/8/3R4/3B4/k7/8/8/K2r4 w - - 0 1
1,1,0,0,0,0,0,1,-1,1,0,1,1,1,0,0,0,0,0,16,0,0,3,3,4,5,7,0,4,6,0,1,0,0,0,0,0,0,0,7,1,1,0,1,0,0,4,2,0,1,KRBKRNvK,DRAW,5k2/8/2B2n2/3K4/8/1R6/7r/8 w - - 0 1
0,1,0,0,0,0,0,1,-1,1,0,1,1,1,0,0,0,0,0,16,0,0,6,6,7,6,1,5,4,27,24,0,0,0,0,0,0,0,0,7,1,1,0,0,0,0,0,2,0,1,KRBKRNvK,DRAW,6K1/4r3/3n4/6B1/8/2R5/6k1/8 b - - 0 1
1,1,0,0,0,0,0,1,-1,1,0,1,1,1,0,0,0,0,0,16,0,0,5,2,5,5,0,2,4,6,0,1,0,0,0,0,0,0,0,7,1,1,0,0,0,0,2,2,0,2,KRBKRNvK,DRAW,8/n1B5/2K5/8/4r3/1R6/8/5k2 w - - 0 1
1,1,0,0,0,0,0,1,-1,1,0,1,1,1,0,0,0,0,0,16,0,0,3,1,2,4,2,3,1,28,24,0,0,0,0,0,0,0,0,7,1,1,0,0,0,0,1,2,0,0,KRBKRNvK,DRAW,5r2/7B/4n3/8/8/1K2k3/R7/8 w - - 0 1
1,1,0,0,0,0,0,1,-1,1,0,1,1,1,0,0,0,0,0,16,0,0,7,6,7,6,0,5,5,23,19,0,0,0,0,0,0,0,0,7,1,1,0,0,0,0,2,0,0,0,KRBKRNvK,DRAW,6K1/8/B7/7n/8/5r2/3R4/6k1 w - - 0 1
0,1,0,0,0,0,0,1,-1,1,0,1,1,1,0,0,0,0,0,16,0,0,5,3,5,0,0,1,6,3,0,1,0,0,0,0,0,0,0,7,1,1,0,0,0,0,2,2,0,0,KRBKRNvK,DRAW,3B4/8/3K2n1/8/8/4r3/8/k4R2 b - - 0 1
0,1,0,0,0,0,0,1,-1,1,0,1,1,1,0,0,0,0,0,16,0,0,5,1,0,5,5,5,2,22,24,0,0,0,0,0,0,0,0,7,1,1,1,0,0,0,1,2,2,1,KRBKRNvK,DRAW,6B1/7R/5k2/8/8/4r3/8/1Kn5 b - - 0 1
1,1,0,0,0,0,0,1,-1,1,0,1,1,1,0,0,0,0,0,16,0,0,3,5,4,6,1,1,4,28,26,0,0,0,0,0,0,0,0,7,1,1,0,0,0,0,3,0,0,0,KRBKRNvK,DRAW,4R2B/8/8/5K2/n7/8/6k1/2r5 w - - 0 1
1,1,0,0,0,0,0,1,-1,1,0,1,1,1,0,0,0,0,0,16,0,0,3,4,3,1,5,0,3,6,0,1,0,0,0,0,0,0,0,7,1,1,0,0,0,0,4,2,0,1,KRBKRNvK,DRAW,8/8/1k6/4R3/4K3/2n5/8/2r2B2 w - - 0 1
1,1,0,0,0,0,0,1,-1,1,0,1,1,1,0,0,0,0,0,16,0,0,3,2,1,5,2,3,2,29,24,0,0,0,0,0,0,0,0,7,1,1,0,0,0,0,0,1,0,0,KRBKRNvK,DRAW,4B3/1n4r1/7R/8/8/5k2/2K5/8 w - - 0 1
0,1,0,0,0,0,0,1,-1,1,0,1,1,1,0,0,0,0,0,16,0,0,6,7,0,1,5,6,3,4,0,1,0,0,0,0,0,0,0,7,1,1,0,0,0,0,2,2,1,0,KRBKRNvK,DRAW,4n3/8/1k6/5r2/1R6/4B3/8/7K b - - 0 1
0,1,0,0,0,0,0,1,-1,1,0,1,1,1,0,0,0,0,0,16,0,0,4,0,0,0,4,6,3,4,0,1,0,0,0,0,0,0,0,7,1,1,0,0,0,0,2,0,0,0,KRBKRNvK,DRAW,r7/8/8/k3R3/3n4/8/8/K2B4 b - - 0 1
1,1,0,0,0,0,0,1,-1,1,0,1,1,1,0,0,0,0,0,16,0,0,4,0,0,0,4,6,3,24,21,0,0,0,0,0,0,0,0,7,1,1,0,0,0,0,2,2,0,0,KRBKRNvK,DRAW,5B2/8/n7/k7/5r2/8/3R4/K7 w - - 0 1
1,1,0,0,0,0,0,1,-1,1,0,1,1,1,0,0,0,0,0,16,0,0,3,1,1,4,4,4,0,5,0,1,0,0,0,0,0,0,0,7,1,1,0,0,0,0,0,3,1,1,KRBKRNvK,DRAW,1R6/2rB4/8/4k3/8/8/1K6/3n4 w - - 0 1
0,1,0,0,0,0,0,1,-1,1,0,1,1,1,0,0,0,0,0,16,0,0,2,6,1,4,2,4,1,21,17,0,0,0,0,0,0,0,0,7,1,1,0,0,0,0,0,4,0,1,KRBKRNvK,DRAW,4B1R1/8/8/7r/8/4k3/6Kn/8 b - - 0 1
1,1,0,0,0,0,0,1,-1,1,0,1,1,1,0,0,0,0,0,16,0,0,5,7,1,4,6,5,2,21,23,0,0,0,0,0,0,0,0,7,1,1,0,0,0,0,2,0,0,0,KRBKRNvK,DRAW,7R/4k3/8/8/8/2r5/1n5K/7B w - - 0 1
1,1,0,0,0,0,0,1,-1,1,0,1,1,1,0,0,0,0,0,16,0,0,5,5,5,4,0,2,3,6,0,1,0,0,0,0,0,0,0,7,1,1,0,0,0,0,3,0,0,0,KRBKRNvK,DRAW,8/8/5K2/R3B3/n7/5r2/8/4k3 w - - 0 1
1,1,0,0,0,0,0,1,-1,1,0,1,1,1,0,0,0,0,0,16,0,0,6,0,4,6,0,3,5,24,23,0,0,0,0,0,0,0,0,7,1,1,0,0,0,0,3,1,0,0,KRBKRNvK,DRAW,8/8/5B2/K7/R7/3n3r/8/6k1 w - - 0 1
0,1,0,0,0,0,0,1,-1,1,0,1,1,1,0,0,0,0,0,16,0,0,3,7,0,4,0,6,3,4,0,1,0,0,0,0,0,0,0,7,1,1,0,0,0,0,1,3,1,0,KRBKRNvK,DRAW,8/8/6n1/8/8/3r4/7B/2R1k2K b - - 0 1
0,1,0,0,0,0,0,1,-1,1,0,1,1,1,0,0,0,0,0,16,0,0,2,0,3,2,2,3,2,25,22,0,0,0,0,0,0,0,0,7,1,1,0,0,0,0,2,1,0,0,KRBKRNvK,DRAW,8/8/4nR2/8/K7/2k4r/6B1/8 b - - 0 1
1,1,0,0,0,0,0,1,-1,1,0,1,1,1,0,0,0,0,0,16,0,0,5,3,5,7,0,1,6,27,20,0,0,0,0,0,0,0,0,7,1,1,0,0,0,0,2,2,0,1,KRBKRNvK,DRAW,3n2B1/8/3K4/8/7r/2R5/8/7k w - - 0 1
0,1,0,0,0,0,0,1,-1,1,0,1,1,1,0,0,0,0,0,16,0,0,5,2,1,5,6,3,3,4,0,1,0,0,0,0,0,0,0,7,1,1,1,0,0,0,0,3,2,2,KRBKRNvK,DRAW,8/5k1R/8/7B/8/1n2r3/2K5/8 b - - 0 1
1,1,0,0,0,0,0,1,-1,1,0,1,1,1,0,0,0,0,0,16,0,0,7,4,0,6,7,3,5,3,0,1,0,0,0,0,0,0,0,7,1,1,0,0,0,0,0,2,2,1,KRBKRNvK,DRAW,4B1k1/8/5R2/8/3r4/8/6n1/4K3 w - - 0 1
0,1,0,0,0,0,0,1,-1,1,0,1,1,1,0,0,0,0,0,16,0,0,6,6,0,5,6,5,3,22,30,0,0,0,0,0,0,0,0,7,1,1,0,0,0,0,3,2,1,1,KRBKRNvK,DRAW,8/5k2/3B4/8/2R5/4r3/8/n5K1 b - - 0 1
0,1,0,0,0,0,0,1,-1,1,0,1,1,1,0,0,0,0,0,16,0,0,3,3,3,6,0,0,5,20,17,0,0,0,0,0,0,0,0,7,1,1,0,0,0,0,4,0,0,0,KRBKRNvK,WIN,7B/2r5/8/n7/3K4/8/3R4/6k1 b - - 0 1
1,1,0,0,0,0,0,1,-1,1,0,1,1,1,0,0,0,0,0,16,0,0,2,5,3,5,5,1,2,22,22,0,0,0,0,0,0,0,0,7,1,1,0,1,0,0,3,4,1,2,KRBKRNvK,DRAW,8/B7/3n1k2/8/4RK2/8/3r4/8 w - - 0 1
1,1,0,0,0,0,0,1,-1,1,0,1,1,1,0,0,0,0,0,16,0,0,4,2,3,6,1,1,4,24,15,0,0,0,0,0,0,0,0,7,1,1,0,0,0,0,2,0,0,0,KRBKRNvK,DRAW,2n5/8/8/8/B1K5/R7/6k1/6r1 w - - 0 1
0,1,0,0,0,0,0,1,-1,1,0,1,1,1,0,0,0,0,0,16,0,0,5,3,2,3,7,1,3,21,23,0,0,0,0,0,0,0,0,7,1,1,1,1,0,0,2,1,2,0,KRBKRNvK,DRAW,3k4/1R1B4/6n1/8/8/3K4/7r/8 b - - 0 1
1,1,0,0,0,0,0,1,-1,1,0,1,1,1,0,0,0,0,0,16,0,0,3,4,5,1,6,1,4,24,19,0,0,0,0,0,0,0,0,7,1,1,0,0,0,0,2,0,0,0,KRBKRNvK,DRAW,8/1k6/4K1R1/8/B7/7n/8/7r w - - 0 1
0,1,0,0,0,0,0,1,-1,1,0,1,1,1,0,0,0,0,0,16,0,0,3,4,2,7,5,1,4,21,22,0,0,0,0,0,0,0,0,7,1,1,1,0,0,0,3,2,0,1,KRBKRNvK,DRAW,8/1n2R3/4B2k/8/5r2/4K3/8/8 b - - 0 1
0,1,0,0,0,0,0,1,-1,1,0,1,1,1,0,0,0,0,0,16,0,0,4,7,3,7,7,3,6,22,24,0,0,0,0,0,0,0,0,7,1,1,0,1,0,0,1,2,1,0,KRBKRNvK,DRAW,7k/5B2/1R6/1n6/7K/8/3r4/8 b - - 0 1
1,1,0,0,0,0,0,1,-1,1,0,1,1,1,0,0,0,0,0,16,0,0,3,4,0,1,0,3,5,24,20,0,0,0,0,0,0,0,0,7,1,1,0,1,0,0,0,2,0,2,KRBKRNvK,DRAW,8/8/R7/8/8/2n5/4B1r1/1k2K3 w - - 0 1
1,1,0,0,0,0,0,1,-1,1,0,1,1,1,0,0,0,0,0,16,0,0,5,0,7,5,4,6,1,21,24,0,0,0,0,0,0,0,0,7,1,1,0,0,0,0,1,3,0,0,KRBKRNvK,DRAW,K7/B7/R7/5k2/6r1/8/4n3/8 w - - 0 1
0,1,0,0,0,0,0,1,-1,1,0,1,1,1,0,0,0,0,0,16,0,0,3,4,2,7,4,1,3,22,29,0,0,0,0,0,0,0,0,7,1,1,1,0,0,0,3,0,1,0,KRBKRNvK,DRAW,2r5/5R1n/8/7k/8/4K3/7B/8 b - - 0 1
1,1,0,0,0,0,0,1,-1,1,0,1,1,1,0,0,0,0,0,16,0,0,2,0,0,2,1,6,3,21,24,0,0,0,0,0,0,0,0,7,1,1,0,0,0,0,0,2,1,0,KRBKRNvK,DRAW,8/8/4r3/2n5/7B/R7/2k5/K7 w - - 0 1
0,1,0,0,0,0,0,1,-1,1,0,1,1,1,0,0,0,0,0,16,0,0,3,2,4,3,1,1,2,29,16,0,0,0,0,0,0,0,0,7,1,1,0,0,0,0,2,2,0,1,KRBKRNvK,DRAW,5B1R/1r6/8/2K5/8/5n2/3k4/8 b - - 0 1
0,1,0,0,0,0,0,1,-1,1,0,1,1,1,0,0,0,0,0,16,0,0,2,7,1,5,1,5,3,21,23,0,0,0,0,0,0,0,0,7,1,1,0,0,0,0,1,0,0,0,KRBKRNvK,WIN,1R6/6nB/5r2/8/8/8/5k1K/8 b - - 0 1
1,1,0,0,0,0,0,1,-1,1,0,1,1,1,0,0,0,0,0,16,0,0,6,7,5,1,5,4,3,5,0,1,0,0,0,0,0,0,0,7,1,1,0,0,0,0,3,2,0,0,KRBKRNvK,DRAW,8/8/1k1r3K/5R2/8/5B2/8/1n6 w - - 0 1
0,1,0,0,0,0,0,1,-1,1,0,1,1,1,0,0,0,0,0,16,0,0,4,2,0,6,1,4,4,24,17,0,0,0,0,0,0,0,0,7,1,1,0,0,0,0,1,2,0,1,KRBKRNvK,DRAW,8/6B1/8/4r3/8/8/6k1/R1K1n3 b - - 0 1
0,1,0,0,0,0,0,1,-1,1,0,1,1,1,0,0,0,0,0,16,0,0,6,3,7,5,1,3,3,20,25,0,0,0,0,0,0,0,0,7,1,1,0,0,0,0,2,1,1,2,KRBKRNvK,DRAW,3K4/1rn5/8/8/2R5/8/3B1k2/8 b - - 0 1
1,1,0,0,0,0,0,1,-1,1,0,1,1,1,0,0,0,0,0,16,0,0,3,3,2,6,2,1,3,6,0,1,0,0,0,0,0,0,0,7,1,1,0,0,0,0,4,2,1,0,KRBKRNvK,DRAW,8/4n3/3r4/8/8/3K2k1/B3R3/8 w - - 0 1
0,1,0,0,0,0,0,1,-1,1,0,1,1,1,0,0,0,0,0,16,0,0,6,1,5,7,1,3,5,20,27,0,0,0,0,0,0,0,0,7,1,1,0,0,0,0,2,2,2,1,KRBKRNvK,DRAW,4r3/8/1K6/n7/6R1/8/5B1k/8 b - - 0 1
1,1,0,0,0,0,0,1,-1,1,0,1,1,1,0,0,0,0,0,16,0,0,3,4,5,1,4,1,2,32,17,0,0,0,0,0,0,0,0,7,1,1,1,0,0,0,2,0,0,0,KRBKRNvK,DRAW,8/6R1/4K3/1k5n/5B1r/8/8/8 w - - 0 1
1,1,0,0,0,0,0,1,-1,1,0,1,1,1,0,0,0,0,0,16,0,0,7,7,2,0,1,4,5,23,26,0,0,0,0,0,0,0,0,7,1,1,1,0,0,0,1,3,0,1,KRBKRNvK,DRAW,8/7R/8/8/1r6/3B1n1K/k7/8 w - - 0 1
1,1,0,0,0,0,0,1,-1,1,0,1,1,1,0,0,0,0,0,16,0,0,3,1,5,4,2,3,1,26,19,0,0,0,0,0,0,0,0,7,1,1,0,0,0,0,2,2,0,0,KRBKRNvK,DRAW,3R4/6r1/1K6/7B/8/4k3/8/n7 w - - 0 1
0,1,0,0,0,0,0,1,-1,1,0,1,1,1,0,0,0,0,0,16,0,0,5,1,1,0,6,4,5,4,0,1,0,0,0,0,0,0,0,7,1,1,1,1,0,0,3,0,0,0,KRBKRNvK,DRAW,8/k2R4/8/8/8/7n/1KB3r1/8 b - - 0 1
1,1,0,0,0,0,0,1,-1,1,0,1,1,1,0,0,0,0,0,16,0,0,4,1,4,5,5,2,2,6,0,1,0,0,0,0,0,0,0,7,1,1,0,1,0,0,2,1,1,0,KRBKRNvK,DRAW,4n3/8/5k2/1K5B/2R5/8/1r6/8 w - - 0 1
0,1,0,0,0,0,0,1,-1,1,0,1,1,1,0,0,0,0,0,16,0,0,5,4,1,2,6,2,3,3,0,1,0,0,0,0,0,0,0,7,1,1,1,0,0,0,2,2,1,2,KRBKRNvK,DRAW,8/1Rk5/8/8/8/8/2n1K1B1/3r4 b - - 0 1
1,1,0,0,0,0,0,1,-1,1,0,1,1,1,0,0,0,0,0,16,0,0,3,3,3,2,6,0,3,6,0,1,0,0,0,0,0,0,0,7,1,1,0,0,0,0,3,1,0,1,KRBKRNvK,DRAW,2n5/2k5/8/8/1r1K4/8/8/R2B4 w - - 0 1
1,1,0,0,0,0,0,1,-1,1,0,1,1,1,0,0,0,0,0,16,0,0,4,4,1,0,3,2,3,25,22,0,0,0,0,0,0,0,0,7,1,1,0,0,0,0,0,3,0,1,KRBKRNvK,DRAW,7R/8/1n6/8/k1r4B/8/4K3/8 w - - 0 1
0,1,0,0,0,0,0,1,-1,1,0,1,1,1,0,0,0,0,0,16,0,0,5,2,7,2,2,4,2,21,18,0,0,0,0,0,0,0,0,7,1,1,1,0,0,0,0,2,0,0,KRBKRNvK,DRAW,B1K5/1R6/8/8/5nr1/2k5/8/8 b - - 0 1
0,1,0,0,0,0,0,1,-1,1,0,1,1,1,0,0,0,0,0,16,0,0,6,6,7,0,4,5,3,23,24,0,0,0,0,0,0,0,0,7,1,1,0,0,0,0,2,1,0,1,KRBKRNvK,DRAW,6K1/8/6n1/k2B4/3R4/7r/8/8 b - - 0 1
0,1,0,0,0,0,0,1,-1,1,0,1,1,1,0,0,0,0,0,16,0,0,3,6,5,3,2,3,1,28,27,0,0,0,0,0,0,0,0,7,1,1,0,0,0,0,2,3,1,1,KRBKRNvK,DRAW,8/4r3/3n2K1/R7/8/1B1k4/8/8 b - - 0 1
0,1,0,0,0,0,0,1,-1,1,0,1,1,1,0,0,0,0,0,16,0,0,3,7,3,7,0,3,6,25,25,0,0,0,0,0,0,0,0,7,1,1,0,0,0,0,1,2,0,0,KRBKRNvK,DRAW,3r4/8/8/4n3/7K/1BR5/8/7k b - - 0 1
0,1,0,0,0,0,0,1,-1,1,0,1,1,1,0,0,0,0,0,16,0,0,7,7,1,0,7,5,6,21,29,0,0,0,0,0,0,0,0,7,1,1,0,0,0,0,2,0,0,0,KRBKRNvK,DRAW,k1n5/5r2/8/4R3/2B5/8/7K/8 b - - 0 1
0,1,0,0,0,0,0,1,-1,1,0,1,1,1,0,0,0,0,0,16,0,0,4,6,4,2,3,2,1,15,27,0,0,0,0,0,0,0,0,7,1,1,0,0,0,0,0,3,1,0,KRBKRNvK,DRAW,R7/8/8/6K1/2k5/1r1n4/4B3/8 b - - 0 1
1,1,0,0,0,0,0,1,-1,1,0,1,1,1,0,0,0,0,0,16,0,0,6,5,7,7,1,4,5,4,0,1,0,0,0,0,0,0,0,7,1,1,0,0,0,0,2,2,0,0,KRBKRNvK,DRAW,3R1KB1/8/8/8/5r2/8/7k/5n2 w - - 0 1
1,1,0,0,0,0,0,1,-1,1,0,1,1,1,0,0,0,0,0,16,0,0,2,4,3,6,3,0,2,16,22,0,0,0,0,0,0,0,0,7,1,1,0,0,0,0,4,2,0,0,KRBKRNvK,DRAW,3r2B1/8/8/8/2R1K1k1/8/8/4n3 w - - 0 1
0,1,0,0,0,0,0,1,-1,1,0,1,1,1,0,0,0,0,0,16,0,0,7,7,0,5,7,6,4,17,23,0,0,0,0,0,0,0,0,7,1,1,0,0,0,0,3,2,0,0,KRBKRNvK,DRAW,4rk1n/8/8/8/1R6/8/7B/7K b - - 0 1
1,1,0,0,0,0,0,1,-1,1,0,1,1,1,0,0,0,0,0,16,0,0,2,1,2,3,0,3,3,28,22,0,0,0,0,0,0,0,0,7,1,1,0,0,0,0,2,0,0,0,KRBKRNvK,DRAW,8/5r2/6R1/7n/8/1K6/6B1/3k4 w - - 0 1
0,1,0,0,0,0,0,1,-1,1,0,1,1,1,0,0,0,0,0,16,0,0,2,5,7,4,5,4,1,18,25,0,0,0,0,0,0,0,0,7,1,1,1,0,0,0,2,3,1,0,KRBKRNvK,DRAW,5K2/7R/2B1k3/8/n3r3/8/8/8 b - - 0 1
0,1,0,0,0,0,0,1,-1,1,0,1,1,1,0,0,0,0,0,16,0,0,2,0,3,2,5,3,2,4,0,1,0,0,0,0,0,0,0,7,1,1,0,0,0,0,1,1,0,0,KRBKRNvK,DRAW,8/2n5/2k2r2/8/K7/6B1/8/2R5 b - - 0 1
0,1,0,0,0,0,0,1,-1,1,0,1,1,1,0,0,0,0,0,16,0,0,3,3,7,0,4,3,3,6,0,1,0,0,0,0,0,0,0,7,1,1,0,1,0,0,2,2,0,1,KRBKRNvK,DRAW,3K4/2n5/8/k4R2/4B3/8/4r3/8 b - - 0 1
1,1,0,0,0,0,0,1,-1,1,0,1,1,1,0,0,0,0,0,16,0,0,5,7,1,2,6,5,3,20,23,0,0,0,0,0,0,0,0,7,1,1,0,0,0,0,0,0,0,0,KRBKRNvK,DRAW,8/2k2r2/7B/n7/8/7R/7K/8 w - - 0 1
0,1,0,0,0,0,0,1,-1,1,0,1,1,1,0,0,0,0,0,16,0,0,3,4,2,1,1,1,4,20,22,0,0,0,0,0,0,0,0,7,1,1,0,0,0,0,2,0,0,0,KRBKRNvK,DRAW,8/7r/7n/8/8/4KR1B/1k6/8 b - - 0 1
1,1,0,0,0,0,0,1,-1,1,0,1,1,1,0,0,0,0,0,16,0,0,3,1,1,4,4,4,0,6,0,1,0,0,0,0,0,0,0,7,1,1,0,0,0,0,0,3,0,1,KRBKRNvK,DRAW,8/8/R5r1/4k3/8/8/1K6/B2n4 w - - 0 1
0,1,0,0,0,0,0,1,-1,1,0,1,1,1,0,0,0,0,0,16,0,0,2,6,1,4,2,4,1,3,0,1,0,0,0,0,0,0,0,7,1,1,0,0,0,0,1,3,1,0,KRBKRNvK,DRAW,8/3r4/3B2n1/8/8/4k3/6K1/4R3 b - - 0 1
0,1,0,0,0,0,0,1,-1,1,0,1,1,1,0,0,0,0,0,16,0,0,3,6,7,4,4,5,0,22,25,0,0,0,0,0,0,0,0,7,1,1,0,1,0,0,2,3,1,0,KRBKRNvK,DRAW,3B2K1/8/n7/4k3/8/3R4/1r6/8 b - - 0 1
0,1,0,0,0,0,0,1,-1,1,0,1,1,1,0,0,0,0,0,16,0,0,4,1,7,5,6,5,3,4,0,1,0,0,0,0,0,0,0,7,1,1,1,0,0,0,1,0,0,0,KRBKRNvK,DRAW,1K6/R4kr1/8/8/8/8/Bn6/8 b - - 0 1
0,1,0,0,0,0,0,1,-1,1,0,1,1,1,0,0,0,0,0,16,0,0,2,6,5,4,4,3,0,5,0,1,0,0,0,0,0,0,0,7,1,1,1,0,0,0,1,3,1,0,KRBKRNvK,DRAW,r7/7R/5BK1/4k3/8/8/6n1/8 b - - 0 1
1,1,0,0,0,0,0,1,-1,1,0,1,1,1,0,0,0,0,0,16,0,0,6,1,7,1,1,5,4,22,23,0,0,0,0,0,0,0,0,7,1,1,0,0,0,0,0,2,1,0,KRBKRNvK,DRAW,1K6/8/R7/7r/B7/8/1k6/6n1 w - - 0 1
1,1,0,0,0,0,0,1,-1,1,0,1,1,1,0,0,0,0,0,16,0,0,3,3,4,0,5,0,4,29,21,0,0,0,0,0,0,0,0,7,1,1,1,0,0,0,3,0,0,0,KRBKRNvK,DRAW,1r6/4R3/k7/3K4/8/8/8/1B1n4 w - - 0 1
0,1,0,0,0,0,0,1,-1,1,0,1,1,1,0,0,0,0,0,16,0,0,4,3,3,4,7,0,3,16,29,0,0,0,0,0,0,0,0,7,1,1,0,0,0,0,3,0,0,0,KRBKRNvK,DRAW,4kr2/1n6/8/8/3K2B1/8/8/1R6 b - - 0 1
1,1,0,0,0,0,0,1,-1,1,0,1,1,1,0,0,0,0,0,16,0,0,5,4,5,2,0,1,4,24,20,0,0,0,0,0,0,0,0,7,1,1,0,1,0,0,4,0,0,0,KRBKRNvK,DRAW,n5B1/8/4K3/8/7R/8/1r6/2k5 w - - 0 1
0,1,0,0,0,0,0,1,-1,1,0,1,1,1,0,0,0,0,0,16,0,0,2,3,1,5,1,2,3,22,31,0,0,0,0,0,0,0,0,7,1,1,0,0,0,0,1,1,2,1,KRBKRNvK,DRAW,8/8/r7/8/4B3/7R/2nK1k2/8 b - - 0 1
0,1,0,0,0,0,0,1,-1,1,0,1,1,1,0,0,0,0,0,16,0,0,3,3,5,1,2,1,3,25,24,0,0,0,0,0,0,0,0,7,1,1,0,0,0,0,2,0,0,0,KRBKRNvK,WIN,r7/8/3K3R/8/8/1k4B1/8/1n6 b - - 0 1
0,1,0,0,0,0,0,1,-1,1,0,1,1,1,0,0,0,0,0,16,0,0,4,3,3,7,0,0,6,20,26,0,0,0,0,0,0,0,0,7,1,1,1,0,0,0,3,1,0,1,KRBKRNvK,DRAW,4r3/1R6/8/4n3/3K4/8/B7/7k b - - 0 1
0,1,0,0,0,0,0,1,-1,1,0,1,1,1,0,0,0,0,0,16,0,0,2,5,2,3,4,2,0,18,22,0,0,0,0,0,0,0,0,7,1,1,0,0,0,0,3,4,0,0,KRBKRNvK,DRAW,8/4n3/3r4/3k4/8/5K1R/8/B7 b - - 0 1
1,1,0,0,0,0,0,1,-1,1,0,1,1,1,0,0,0,0,0,16,0,0,5,6,4,1,5,2,3,5,0,1,0,0,0,0,0,0,0,7,1,1,0,0,0,0,3,0,1,1,KRBKRNvK,DRAW,6r1/8/1k6/6K1/2R1n3/2B5/8/8 w - - 0 1
0,1,0,0,0,0,0,1,-1,1,0,1,1,1,0,0,0,0,0,16,0,0,5,5,2,1,7,2,5,25,17,0,0,0,0,0,0,0,0,7,1,1,0,0,0,0,1,2,0,1,KRBKRNvK,DRAW,1k6/8/8/3n4/1r6/5K2/4B1R1/8 b - - 0 1
0,1,0,0,0,0,0,1,-1,1,0,1,1,1,0,0,0,0,0,16,0,0,2,1,0,0,2,5,4,20,20,0,0,0,0,0,0,0,0,7,1,1,0,1,0,0,1,2,1,1,KRBKRNvK,DRAW,1n6/2B5/8/8/8/k7/3r4/1KR5 b - - 0 1
0,1,0,0,0,0,0,1,-1,1,0,1,1,1,0,0,0,0,0,16,0,0,4,1,1,0,5,4,4,23,23,0,0,0,0,0,0,0,0,7,1,1,0,0,0,0,1,1,0,2,KRBKRNvK,DRAW,7R/8/k7/8/8/2r5/1Kn4B/8 b - - 0 1
0,1,0,0,0,0,0,1,-1,1,0,1,1,1,0,0,0,0,0,16,0,0,4,5,2,1,3,2,2,23,14,0,0,0,0,0,0,0,0,7,1,1,0,0,0,0,1,0,0,1,KRBKRNvK,DRAW,8/8/6r1/8/1k6/5K2/8/2Rn3B b - - 0 1
0,1,0,0,0,0,0,1,-1,1,0,1,1,1,0,0,0,0,0,16,0,0,3,1,5,4,5,3,1,7,0,1,0,0,0,0,0,0,0,7,1,1,0,0,0,0,1,3,0,1,KRBKRNvK,DRAW,3r4/8/1K2k3/8/8/1B5n/6R1/8 b - - 0 1
1,1,0,0,0,0,0,1,-1,1,0,1,1,1,0,0,0,0,0,16,0,0,4,5,1,1,0,3,5,30,19,0,0,0,0,0,0,0,0,7,1,1,0,0,0,0,2,2,0,0,KRBKRNvK,DRAW,8/8/1rn5/8/2BR4/8/5K2/1k6 w - - 0 1
1,1,0,0,0,0,0,1,-1,1,0,1,1,1,0,0,0,0,0,16,0,0,2,1,5,0,7,3,6,31,17,0,0,0,0,0,0,0,0,7,1,1,1,0,0,0,1,0,0,0,KRBKRNvK,WIN,k7/6R1/1K6/8/5B2/8/n7/7r w - - 0 1
0,1,0,0,0,0,0,1,-1,1,0,1,1,1,0,0,0,0,0,16,0,0,2,4,0,2,0,3,4,19,21,0,0,0,0,0,0,0,0,7,1,1,0,0,0,0,2,0,0,1,KRBKRNvK,DRAW,3n4/8/8/8/1R5B/6r1/8/2k1K3 b - - 0 1
0,1,0,0,0,0,0,1,-1,1,0,1,1,1,0,0,0,0,0,16,0,0,7,0,0,7,7,6,6,19,25,0,0,0,0,0,0,0,0,7,1,1,0,0,0,0,2,2,0,0,KRBKRNvK,DRAW,n6k/8/R7/8/2r5/8/6B1/K7 b - - 0 1
0,1,0,0,0,0,0,1,-1,1,0,1,1,1,0,0,0,0,0,16,0,0,2,7,5,6,7,4,5,21,23,0,0,0,0,0,0,0,0,7,1,1,0,1,0,0,2,0,0,0,KRBKRNvK,DRAW,6k1/8/7K/8/3R2B1/7n/r7/8 b - - 0 1
1,1,0,0,0,0,0,1,-1,1,0,1,1,1,0,0,0,0,0,16,0,0,5,3,1,3,6,2,2,30,26,0,0,0,0,0,0,0,0,7,1,1,0,0,0,0,1,0,0,0,KRBKRNvK,DRAW,6r1/3k4/8/n7/8/4B3/3K4/5R2 w - - 0 1
0,1,0,0,0,0,0,1,-1,1,0,1,1,1,0,0,0,0,0,16,0,0,2,2,2,4,0,2,3,23,24,0,0,0,0,0,0,0,0,7,1,1,0,0,0,0,1,1,0,1,KRBKRNvK,DRAW,8/7r/5R2/8/2n5/1BK5/8/4k3 b - - 0 1
1,1,0,0,0,0,0,1,-1,1,0,1,1,1,0,0,0,0,0,16,0,0,5,6,2,3,7,3,3,26,19,0,0,0,0,0,0,0,0,7,1,1,0,0,0,0,2,1,0,0,KRBKRNvK,DRAW,3k4/3n1rB1/8/8/8/1R4K1/8/8 w - - 0 1
0,1,0,0,0,0,0,1,-1,1,0,1,1,1,0,0,0,0,0,16,0,0,6,7,2,1,0,4,5,5,0,1,0,0,0,0,0,0,0,7,1,1,0,0,0,0,3,3,1,0,KRBKRNvK,LOSS,8/8/2n5/2r2R2/8/3B3K/8/1k6 b - - 0 1
1,1,0,0,0,0,0,1,-1,1,0,1,1,1,0,0,0,0,0,16,0,0,6,5,6,6,0,3,5,22,17,0,0,0,0,0,0,0,0,7,1,1,0,0,0,0,3,0,0,1,KRBKRNvK,DRAW,1B6/5K2/8/3n4/5R2/8/8/6kr w - - 0 1
1,1,0,0,0,0,0,1,-1,1,0,1,1,1,0,0,0,0,0,16,0,0,5,2,6,7,2,3,4,6,0,1,0,0,0,0,0,0,0,7,1,1,0,0,0,0,3,0,0,0,KRBKRNvK,DRAW,8/2K2rB1/8/2R5/7n/7k/8/8 w - - 0 1
0,1,0,0,0,0,0,1,-1,1,0,1,1,1,0,0,0,0,0,16,0,0,6,4,1,4,7,2,3,18,28,0,0,0,0,0,0,0,0,7,1,1,0,0,0,0,0,2,1,0,KRBKRNvK,DRAW,2B1k3/8/1rn5/8/8/5R2/4K3/8 b - - 0 1
1,1,0,0,0,0,0,1,-1,1,0,1,1,1,0,0,0,0,0,16,0,0,6,0,3,6,4,3,2,23,23,0,0,0,0,0,0,0,0,7,1,1,0,1,0,0,1,0,1,1,KRBKRNvK,DRAW,8/7B/8/6k1/K7/2R5/1r6/6n1 w - - 0 1
1,1,0,0,0,0,0,1,-1,1,0,1,1,1,0,0,0,0,0,16,0,0,4,3,1,7,3,2,3,23,20,0,0,0,0,0,0,0,0,7,1,1,0,0,0,0,2,0,0,0,KRBKRNvK,DRAW,1n6/8/8/R7/7k/B7/3K4/6r1 w - - 0 1
0,1,0,0,0,0,0,1,-1,1,0,1,1,1,0,0,0,0,0,16,0,0,2,2,4,4,4,1,0,22,25,0,0,0,0,0,0,0,0,7,1,1,0,0,0,0,3,3,0,0,KRBKRNvK,DRAW,2n5/8/8/2K1k3/8/8/1R4B1/r7 b - - 0 1
1,1,0,0,0,0,0,1,-1,1,0,1,1,1,0,0,0,0,0,16,0,0,7,3,7,5,0,3,4,25,20,0,0,0,0,0,0,0,0,7,1,1,0,0,0,0,2,1,0,1,KRBKRNvK,DRAW,3K4/3B4/1n6/4R3/8/8/8/2r2k2 w - - 0 1
0,1,0,0,0,0,0,1,-1,1,0,1,1,1,0,0,0,0,0,16,0,0,3,7,2,6,5,4,3,11,23,0,0,0,0,0,0,0,0,7,1,1,0,0,0,0,2,0,2,0,KRBKRNvK,DRAW,2n1B3/5r2/6k1/8/4R3/7K/8/8 b - - 0 1
0,1,0,0,0,0,0,1,-1,1,0,1,1,1,0,0,0,0,0,16,0,0,7,0,0,0,7,6,6,25,21,0,0,0,0,0,0,0,0,7,1,1,0,1,0,0,2,0,0,1,KRBKRNvK,DRAW,k3B3/8/8/3n4/4R3/8/1r6/K7 b - - 0 1
0,1,0,0,0,0,0,1,-1,1,0,1,1,1,0,0,0,0,0,16,0,0,4,1,6,5,5,4,2,6,0,1,0,0,0,0,0,0,0,7,1,1,0,0,0,0,3,1,1,0,KRBKRNvK,DRAW,8/1K6/5k2/7R/6n1/r7/1B6/8 b - - 0 1
0,1,0,0,0,0,0,1,-1,1,0,1,1,1,0,0,0,0,0,16,0,0,3,3,0,1,3,3,2,5,0,1,0,0,0,0,0,0,0,7,1,1,0,0,0,0,2,3,1,0,KRBKRNvK,DRAW,1R6/8/2B5/8/1kn2r2/8/8/3K4 b - - 0 1
0,1,0,0,0,0,0,1,-1,1,0,1,1,1,0,0,0,0,0,16,0,0,4,3,0,4,4,3,0,27,19,0,0,0,0,0,0,0,0,7,1,1,0,0,0,0,0,4,0,0,KRBKRNvK,DRAW,8/2r5/6n1/4k3/8/8/4B3/R2K4 b - - 0 1
1,1,0,0,0,0,0,1,-1,1,0,1,1,1,0,0,0,0,0,16,0,0,7,3,7,1,0,3,5,5,0,1,0,0,0,0,0,0,0,7,1,1,0,0,0,0,2,2,1,0,KRBKRNvK,LOSS,3K4/1B6/7n/8/3r4/8/2R5/1k6 w - - 0 1
0,1,0,0,0,0,0,1,-1,1,0,1,1,1,0,0,0,0,0,16,0,0,5,7,4,2,1,3,3,7,0,1,0,0,0,0,0,0,0,7,1,1,0,0,0,0,2,0,0,1,KRBKRNvK,DRAW,r7/8/6Bn/7K/7R/8/2k5/8 b - - 0 1
1,1,0,0,0,0,0,1,-1,1,0,1,1,1,0,0,0,0,0,16,0,0,5,3,1,0,6,2,5,35,19,0,0,0,0,0,0,0,0,7,1,1,0,0,0,0,2,2,0,1,KRBKRNvK,DRAW,4R3/k7/8/3B3n/5r2/8/3K4/8 w - - 0 1
0,1,0,0,0,0,0,1,-1,1,0,1,1,1,0,0,0,0,0,16,0,0,2,2,0,2,2,4,2,21,22,0,0,0,0,0,0,0,0,7,1,1,0,0,0,0,2,3,1,1,KRBKRNvK,DRAW,8/8/6B1/6n1/8/2kr4/4R3/2K5 b - - 0 1
0,1,0,0,0,0,0,1,-1,1,0,1,1,1,0,0,0,0,0,16,0,0,3,2,5,4,2,2,1,6,0,1,0,0,0,0,0,0,0,7,1,1,0,0,0,0,3,2,0,0,KRBKRNvK,DRAW,B4r2/8/2K1R3/8/8/4k3/1n6/8 b - - 0 1
1,1,0,0,0,0,0,1,-1,1,0,1,1,1,0,0,0,0,0,16,0,0,2,5,5,7,3,2,3,26,19,0,0,0,0,0,0,0,0,7,1,1,0,0,0,0,2,1,1,0,KRBKRNvK,DRAW,8/1r6/5K2/8/7k/1nB5/6R1/8 w - - 0 1
0,1,0,0,0,0,0,1,-1,1,0,1,1,1,0,0,0,0,0,16,0,0,3,1,7,0,4,5,3,20,28,0,0,0,0,0,0,0,0,7,1,1,0,0,0,0,2,1,0,0,KRBKRNvK,DRAW,1K6/8/8/k7/8/5B2/2n4R/r7 b - - 0 1
0,1,0,0,0,0,0,1,-1,1,0,1,1,1,0,0,0,0,0,16,0,0,3,3,4,0,3,0,3,22,14,0,0,0,0,0,0,0,0,7,1,1,1,0,0,0,4,2,0,1,KRBKRNvK,DRAW,6B1/6nR/8/3K4/k3r3/8/8/8 b - - 0 1
1,1,0,0,0,0,0,1,-1,1,0,1,1,1,0,0,0,0,0,16,0,0,6,2,6,7,0,3,6,32,14,0,0,0,0,0,0,0,0,7,1,1,0,0,0,0,1,1,0,0,KRBKRNvK,DRAW,1R6/2K5/8/2B3nr/8/8/8/7k w - - 0 1
0,1,0,0,0,0,0,1,-1,1,0,1,1,1,0,0,0,0,0,16,0,0,6,7,1,1,4,5,2,7,0,1,0,0,0,0,0,0,0,7,1,1,0,0,0,0,0,0,0,0,KRBKRNvK,DRAW,4B3/8/8/1k6/8/n7/6RK/2r5 b - - 0 1
0,1,0,0,0,0,0,1,-1,1,0,1,1,1,0,0,0,0,0,16,0,0,3,4,3,3,6,0,2,23,29,0,0,0,0,0,0,0,0,7,1,1,0,0,0,0,3,0,0,0,KRBKRNvK,DRAW,3n4/3k4/8/8/4K3/B7/7R/1r6 b - - 0 1
1,1,0,0,0,0,0,1,-1,1,0,1,1,1,0,0,0,0,0,16,0,0,4,3,4,7,2,0,4,22,20,0,0,0,0,0,0,0,0,7,1,1,0,0,0,0,4,1,2,0,KRBKRNvK,DRAW,7r/8/8/3K4/8/5B1k/2n5/5R2 w - - 0 1
1,1,0,0,0,0,0,1,-1,1,0,1,1,1,0,0,0,0,0,16,0,0,4,5,3,1,5,1,3,28,21,0,0,0,0,0,0,0,0,7,1,1,0,0,0,0,2,1,2,0,KRBKRNvK,DRAW,R7/8/1k1B4/8/2n2K2/8/8/1r6 w - - 0 1
1,1,0,0,0,0,0,1,-1,1,0,1,1,1,0,0,0,0,0,16,0,0,2,6,6,5,4,4,1,5,0,1,0,0,0,0,0,0,0,7,1,1,0,0,0,0,0,3,1,0,KRBKRNvK,DRAW,8/2r3K1/8/5k2/1n5B/8/8/6R1 w - - 0 1
1,1,0,0,0,0,0,1,-1,1,0,1,1,1,0,0,0,0,0,16,0,0,2,4,6,4,4,2,0,5,0,1,0,0,0,0,0,0,0,7,1,1,1,0,0,0,0,3,0,1,KRBKRNvK,DRAW,6n1/1R2K3/8/4k3/8/1r6/4B3/8 w - - 0 1
0,1,0,0,0,0,0,1,-1,1,0,1,1,1,0,0,0,0,0,16,0,0,3,0,1,2,4,5,1,22,29,0,0,0,0,0,0,0,0,7,1,1,0,0,0,0,2,2,1,1,KRBKRNvK,DRAW,8/8/8/2k1B3/6R1/1r6/K7/3n4 b - - 0 1
1,1,0,0,0,0,0,1,-1,1,0,1,1,1,0,0,0,0,0,16,0,0,4,2,0,6,1,4,4,3,0,1,0,0,0,0,0,0,0,7,1,1,0,0,0,0,2,1,1,1,KRBKRNvK,DRAW,5B2/1r6/8/8/4R3/3n4/6k1/2K5 w - - 0 1
0,1,0,0,0,0,0,1,-1,1,0,1,1,1,0,0,0,0,0,16,0,0,5,1,0,6,5,5,3,6,0,1,0,0,0,0,0,0,0,7,1,1,0,1,0,0,2,2,0,0,KRBKRNvK,DRAW,8/8/R5k1/8/8/8/4r3/BK4n1 b - - 0 1
0,1,0,0,0,0,0,1,-1,1,0,1,1,1,0,0,0,0,0,16,0,0,7,0,7,3,0,6,3,24,19,0,0,0,0,0,0,0,0,7,1,1,0,0,0,0,0,3,0,0,KRBKRNvK,DRAW,KR3B2/8/8/8/4r3/6n1/8/3k4 b - - 0 1
0,1,0,0,0,0,0,1,-1,1,0,1,1,1,0,0,0,0,0,16,0,0,4,0,6,4,5,5,1,20,17,0,0,0,0,0,0,0,0,7,1,1,0,0,0,0,0,2,1,1,KRBKRNvK,DRAW,4B2R/K7/2r1k3/8/8/n7/8/8 b - - 0 1
0,1,0,0,0,0,0,1,-1,1,0,1,1,1,0,0,0,0,0,16,0,0,6,5,7,5,1,4,3,17,22,0,0,0,0,0,0,0,0,7,1,1,0,1,0,0,3,0,1,0,KRBKRNvK,DRAW,5K2/8/8/4R3/8/8/r4knB/8 b - - 0 1
1,1,0,0,0,0,0,1,-1,1,0,1,1,1,0,0,0,0,0,16,0,0,5,1,5,6,0,3,5,23,19,0,0,0,0,0,0,0,0,7,1,1,0,0,0,0,0,1,1,0,KRBKRNvK,DRAW,1R6/8/1K6/5nr1/8/8/8/5Bk1 w - - 0 1
1,1,0,0,0,0,0,1,-1,1,0,1,1,1,0,0,0,0,0,16,0,0,2,3,0,5,1,3,3,24,20,0,0,0,0,0,0,0,0,7,1,1,0,0,0,0,2,1,0,0,KRBKRNvK,DRAW,8/5n1r/8/8/2R5/B7/5k2/3K4 w - - 0 1
0,1,0,0,0,0,0,1,-1,1,0,1,1,1,0,0,0,0,0,16,0,0,5,2,2,7,5,2,4,24,29,0,0,0,0,0,0,0,0,7,1,1,0,0,0,0,1,2,0,0,KRBKRNvK,DRAW,8/4n3/7k/6r1/B7/2K5/5R2/8 b - - 0 1
0,1,0,0,0,0,0,1,-1,1,0,1,1,1,0,0,0,0,0,16,0,0,3,4,6,1,4,2,2,24,20,0,0,0,0,0,0,0,0,7,1,1,0,0,0,0,2,2,0,0,KRBKRNvK,DRAW,5B2/4K3/1n6/1k6/6R1/3r4/8/8 b - - 0 1
0,1,0,0,0,0,0,1,-1,1,0,1,1,1,0,0,0,0,0,16,0,0,2,6,6,4,5,4,1,22,25,0,0,0,0,0,0,0,0,7,1,1,0,0,0,0,0,2,1,0,KRBKRNvK,DRAW,5R2/6K1/4k3/8/B6n/2r5/8/8 b - - 0 1
0,1,0,0,0,0,0,1,-1,1,0,1,1,1,0,0,0,0,0,16,0,0,4,1,6,5,2,4,2,25,20,0,0,0,0,0,0,0,0,7,1,1,0,0,0,0,0,3,0,2,KRBKRNvK,DRAW,8/nK6/R7/2r5/B7/5k2/8/8 b - - 0 1
1,1,0,0,0,0,0,1,-1,1,0,1,1,1,0,0,0,0,0,16,0,0,4,7,6,3,2,5,1,25,21,0,0,0,0,0,0,0,0,7,1,1,0,0,0,0,2,3,1,0,KRBKRNvK,DRAW,2R5/7K/4r3/8/4n3/2Bk4/8/8 w - - 0 1
0,1,0,0,0,0,0,1,-1,1,0,1,1,1,0,0,0,0,0,16,0,0,3,3,3,6,4,0,2,27,28,0,0,0,0,0,0,0,0,7,1,1,0,0,0,0,3,1,0,0,KRBKRNvK,DRAW,8/8/r7/6k1/3K2n1/2R5/6B1/8 b - - 0 1
1,1,0,0,0,0,0,1,-1,1,0,1,1,1,0,0,0,0,0,16,0,0,3,1,1,4,1,4,2,5,0,1,0,0,0,0,0,0,0,7,1,1,0,0,0,0,3,2,0,1,KRBKRNvK,DRAW,8/8/8/2B3R1/8/4r3/1K2k3/3n4 w - - 0 1
1,1,0,0,0,0,0,1,-1,1,0,1,1,1,0,0,0,0,0,16,0,0,4,0,6,4,4,5,0,20,27,0,0,0,0,0,0,0,0,7,1,1,0,0,0,0,0,3,0,0,KRBKRNvK,DRAW,7R/K7/7B/4k3/2r5/8/5n2/8 w - - 0 1
0,1,0,0,0,0,0,1,-1,1,0,1,1,1,0,0,0,0,0,16,0,0,7,4,0,7,7,3,6,3,0,1,0,0,0,0,0,0,0,7,1,1,0,0,0,0,2,1,0,1,KRBKRNvK,DRAW,1r5k/8/8/8/4R3/6n1/8/B3K3 b - - 0 1
1,1,0,0,0,0,0,1,-1,1,0,1,1,1,0,0,0,0,0,16,0,0,3,3,0,6,0,3,5,5,0,1,0,0,0,0,0,0,0,7,1,1,0,0,0,0,1,2,0,0,KRBKRNvK,DRAW,8/8/3r4/5n2/8/8/8/RB1K2k1 w - - 0 1
0,1,0,0,0,0,0,1,-1,1,0,1,1,1,0,0,0,0,0,16,0,0,6,6,0,3,6,5,2,4,0,1,0,0,0,0,0,0,0,7,1,1,0,0,0,0,1,2,1,0,KRBKRNvK,DRAW,n5R1/3k4/8/5B2/7r/8/8/6K1 b - - 0 1
1,1,0,0,0,0,0,1,-1,1,0,1,1,1,0,0,0,0,0,16,0,0,5,4,5,2,0,1,4,28,16,0,0,0,0,0,0,0,0,7,1,1,1,0,0,0,2,1,1,0,KRBKRNvK,DRAW,8/5R2/4K3/8/8/8/4n3/1rk1B3 w - - 0 1
0,1,0,0,0,0,0,1,-1,1,0,1,1,1,0,0,0,0,0,16,0,0,5,1,5,2,0,3,4,4,0,1,0,0,0,0,0,0,0,7,1,1,0,0,0,0,2,1,1,0,KRBKRNvK,LOSS,8/8/1K6/8/5Rr1/4B3/4n3/2k5 b - - 0 1
0,1,0,0,0,0,0,1,-1,1,0,1,1,1,0,0,0,0,0,16,0,0,7,7,0,0,5,6,4,17,23,0,0,0,0,0,0,0,0,7,1,1,0,0,0,0,2,1,0,0,KRBKRNvK,DRAW,8/6r1/kn2R3/8/8/8/3B4/7K b - - 0 1
1,1,0,0,0,0,0,1,-1,1,0,1,1,1,0,0,0,0,0,16,0,0,6,6,1,0,3,4,3,32,23,0,0,0,0,0,0,0,0,7,1,1,0,0,0,0,3,2,1,0,KRBKRNvK,DRAW,8/8/3r4/8/k7/2B5/2n3K1/4R3 w - - 0 1
1,1,0,0,0,0,0,1,-1,1,0,1,1,1,0,0,0,0,0,16,0,0,4,5,3,1,3,1,2,26,23,0,0,0,0,0,0,0,0,7,1,1,0,0,0,0,2,2,0,0,KRBKRNvK,DRAW,7n/8/8/r6B/1k3K2/8/8/4R3 w - - 0 1
1,1,0,0,0,0,0,1,-1,1,0,1,1,1,0,0,0,0,0,16,0,0,2,2,6,4,7,3,3,28,19,0,0,0,0,0,0,0,0,7,1,1,0,0,0,0,2,0,0,0,KRBKRNvK,DRAW,4k3/2K5/5r2/8/n7/5B2/7R/8 w - - 0 1
0,1,0,0,0,0,0,1,-1,1,0,1,1,1,0,0,0,0,0,16,0,0,5,5,2,0,0,2,6,22,29,0,0,0,0,0,0,0,0,7,1,1,1,0,0,0,3,1,0,1,KRBKRNvK,DRAW,8/4R3/8/8/1n6/4BK2/8/k6r b - - 0 1
0,1,0,0,0,0,0,1,-1,1,0,1,1,1,0,0,0,0,0,16,0,0,3,4,3,1,1,0,4,5,0,1,0,0,0,0,0,0,0,7,1,1,0,0,0,0,3,0,2,0,KRBKRNvK,DRAW,r7/8/n7/8/4K3/8/1k1R4/3B4 b - - 0 1
1,1,0,0,0,0,0,1,-1,1,0,1,1,1,0,0,0,0,0,16,0,0,6,1,1,7,4,4,3,22,25,0,0,0,0,0,0,0,0,7,1,1,0,0,0,0,0,2,0,0,KRBKRNvK,DRAW,1R1B4/6r1/8/7k/8/5n2/1K6/8 w - - 0 1
1,1,0,0,0,0,0,1,-1,1,0,1,1,1,0,0,0,0,0,16,0,0,2,0,1,2,0,5,4,22,20,0,0,0,0,0,0,0,0,7,1,1,0,0,0,0,3,0,0,0,KRBKRNvK,DRAW,8/8/3B4/4R3/7n/5r2/K7/2k5 w - - 0 1
0,1,0,0,0,0,0,1,-1,1,0,1,1,1,0,0,0,0,0,16,0,0,4,2,2,5,6,2,3,26,19,0,0,0,0,0,0,0,0,7,1,1,0,0,0,0,1,2,0,0,KRBKRNvK,DRAW,8/r4k2/2n5/8/8/2K5/8/4B2R b - - 0 1
1,1,0,0,0,0,0,1,-1,1,0,1,1,1,0,0,0,0,0,16,0,0,6,3,6,1,0,2,5,26,23,0,0,0,0,0,0,0,0,7,1,1,0,0,0,0,3,3,1,0,KRBKRNvK,DRAW,8/3K4/8/5R2/4r3/4n3/8/Bk6 w - - 0 1
0,1,0,0,0,0,0,1,-1,1,0,1,1,1,0,0,0,0,0,16,0,0,5,0,0,5,5,6,2,18,25,0,0,0,0,0,0,0,0,7,1,1,0,0,0,0,2,1,1,0,KRBKRNvK,DRAW,3Rn3/8/5k1r/8/8/4B3/8/K7 b - - 0 1
0,1,0,0,0,0,0,1,-1,1,0,1,1,1,0,0,0,0,0,16,0,0,2,3,4,1,6,0,4,22,25,0,0,0,0,0,0,0,0,7,1,1,0,0,0,0,3,2,0,1,KRBKRNvK,DRAW,5R2/1k6/8/3Kn3/8/7B/8/4r3 b - - 0 1
1,1,0,0,0,0,0,1,-1,1,0,1,1,1,0,0,0,0,0,16,0,0,5,7,5,2,0,4,4,3,0,1,0,0,0,0,0,0,0,7,1,1,0,0,0,0,1,3,0,1,KRBKRNvK,DRAW,1R6/8/4B2K/8/2n4r/8/8/2k5 w - - 0 1
1,1,0,0,0,0,0,1,-1,1,0,1,1,1,0,0,0,0,0,16,0,0,2,5,1,6,3,3,2,15,21,0,0,0,0,0,0,0,0,7,1,1,0,0,0,0,2,2,1,0,KRBKRNvK,DRAW,8/8/4r3/5R2/6k1/8/1n3K2/6B1 w - - 0 1
1,1,0,0,0,0,0,1,-1,1,0,1,1,1,0,0,0,0,0,16,0,0,3,7,0,4,3,6,0,18,22,0,0,0,0,0,0,0,0,7,1,1,0,0,0,0,1,4,1,0,KRBKRNvK,DRAW,8/4r3/8/8/4k3/1n4BR/8/7K w - - 0 1
0,1,0,0,0,0,0,1,-1,1,0,1,1,1,0,0,0,0,0,16,0,0,4,5,3,3,7,1,3,21,23,0,0,0,0,0,0,0,0,7,1,1,0,0,0,0,3,0,0,0,KRBKRNvK,WIN,3kn3/7r/8/8/R4K2/B7/8/8 b - - 0 1
0,1,0,0,0,0,0,1,-1,1,0,1,1,1,0,0,0,0,0,16,0,0,3,6,4,3,4,2,0,18,23,0,0,0,0,0,0,0,0,7,1,1,0,0,0,0,1,4,0,0,KRBKRNvK,WIN,2R5/2n5/8/2rk2K1/8/8/5B2/8 b - - 0 1
0,1,0,0,0,0,0,1,-1,1,0,1,1,1,0,0,0,0,0,16,0,0,5,3,0,0,5,3,4,3,0,1,0,0,0,0,0,0,0,7,1,1,0,0,0,0,2,2,0,0,KRBKRNvK,DRAW,8/8/k2n4/8/2r5/8/R7/3K3B b - - 0 1
0,1,0,0,0,0,0,1,-1,1,0,1,1,1,0,0,0,0,0,16,0,0,4,5,4,1,2,1,3,22,23,0,0,0,0,0,0,0,0,7,1,1,0,0,0,0,4,0,0,1,KRBKRNvK,DRAW,3R1B2/8/n7/5K2/8/1k4r1/8/8 b - - 0 1
0,1,0,0,0,0,0,1,-1,1,0,1,1,1,0,0,0,0,0,16,0,0,5,0,1,0,6,5,5,4,0,1,0,0,0,0,0,0,0,7,1,1,0,0,0,0,2,1,1,0,KRBKRNvK,DRAW,8/k7/7r/R7/8/B2n4/K7/8 b - - 0 1
0,1,0,0,0,0,0,1,-1,1,0,1,1,1,0,0,0,0,0,16,0,0,7,7,7,3,0,6,3,20,25,0,0,0,0,0,0,0,0,7,1,1,0,0,0,0,1,2,1,0,KRBKRNvK,DRAW,7K/3r4/1n2B3/8/8/8/5R2/3k4 b - - 0 1
1,1,0,0,0,0,0,1,-1,1,0,1,1,1,0,0,0,0,0,16,0,0,3,7,5,4,5,4,1,21,21,0,0,0,0,0,0,0,0,7,1,1,0,1,0,0,2,2,0,0,KRBKRNvK,DRAW,8/8/4k2K/7R/8/8/n4r2/2B5 w - - 0 1
1,1,0,0,0,0,0,1,-1,1,0,1,1,1,0,0,0,0,0,16,0,0,5,0,1,5,6,5,3,25,17,0,0,0,0,0,0,0,0,7,1,1,0,0,0,0,3,0,1,1,KRBKRNvK,DRAW,7n/5k2/2BR4/8/8/2r5/K7/8 w - - 0 1
1,1,0,0,0,0,0,1,-1,1,0,1,1,1,0,0,0,0,0,16,0,0,4,6,6,2,5,4,2,28,28,0,0,0,0,0,0,0,0,7,1,1,0,0,0,0,0,1,0,0,KRBKRNvK,DRAW,8/6K1/2k5/8/3n2B1/8/R7/7r w - - 0 1
0,1,0,0,0,0,0,1,-1,1,0,1,1,1,0,0,0,0,0,16,0,0,2,2,4,4,2,1,1,5,0,1,0,0,0,0,0,0,0,7,1,1,0,0,0,0,2,4,0,0,KRBKRNvK,DRAW,8/8/8/2K5/7B/1R2kn2/8/3r4 b - - 0 1
0,1,0,0,0,0,0,1,-1,1,0,1,1,1,0,0,0,0,0,16,0,0,6,1,1,4,7,4,3,20,24,0,0,0,0,0,0,0,0,7,1,1,0,0,0,0,2,0,0,1,KRBKRNvK,DRAW,4k3/6n1/8/8/R6B/8/1K6/2r5 b - - 0 1
0,1,0,0,0,0,0,1,-1,1,0,1,1,1,0,0,0,0,0,16,0,0,5,4,5,3,0,1,3,4,0,1,0,0,0,0,0,0,0,7,1,1,0,0,0,0,2,2,0,2,KRBKRNvK,LOSS,1R1r2n1/8/4K3/7B/8/8/8/3k4 b - - 0 1
1,1,0,0,0,0,0,1,-1,1,0,1,1,1,0,0,0,0,0,16,0,0,6,0,0,4,6,6,2,3,0,1,0,0,0,0,0,0,0,7,1,1,0,0,0,0,0,0,0,0,KRBKRNvK,DRAW,7n/r3k3/8/8/8/8/8/K1B4R w - - 0 1
0,1,0,0,0,0,0,1,-1,1,0,1,1,1,0,0,0,0,0,16,0,0,2,6,2,6,4,3,2,21,24,0,0,0,0,0,0,0,0,7,1,1,0,0,0,0,0,1,0,0,KRBKRNvK,DRAW,8/2r1n3/8/6k1/8/6K1/1R6/4B3 b - - 0 1
0,1,0,0,0,0,0,1,-1,1,0,1,1,1,0,0,0,0,0,16,0,0,4,7,3,4,7,3,3,18,22,0,0,0,0,0,0,0,0,7,1,1,1,1,0,0,1,0,0,0,KRBKRNvK,DRAW,n3k3/7R/8/8/7K/8/2r5/6B1 b - - 0 1
1,1,0,0,0,0,0,1,-1,1,0,1,1,1,0,0,0,0,0,16,0,0,4,5,7,5,3,4,1,27,28,0,0,0,0,0,0,0,0,7,1,1,0,0,0,0,1,2,0,1,KRBKRNvK,DRAW,5K2/8/4r3/2Bn4/5k2/8/8/R7 w - - 0 1
0,1,0,0,0,0,0,1,-1,1,0,1,1,1,0,0,0,0,0,16,0,0,6,1,5,7,3,3,3,3,0,1,0,0,0,0,0,0,0,7,1,1,0,0,0,0,1,2,1,0,KRBKRNvK,DRAW,4r3/5n2/1K6/8/7k/8/2B4R/8 b - - 0 1
1,1,0,0,0,0,0,1,-1,1,0,1,1,1,0,0,0,0,0,16,0,0,4,2,1,6,5,3,3,7,0,1,0,0,0,0,0,0,0,7,1,1,0,1,0,0,2,1,0,1,KRBKRNvK,DRAW,8/5n2/6k1/8/1R6/8/r1K5/4B3 w - - 0 1
0,1,0,0,0,0,0,1,-1,1,0,1,1,1,0,0,0,0,0,16,0,0,7,0,7,1,0,6,5,27,27,0,0,0,0,0,0,0,0,7,1,1,0,1,0,0,3,1,0,0,KRBKRNvK,DRAW,K7/8/2B5/5R2/2n5/8/7r/1k6 b - - 0 1
0,1,0,0,0,0,0,1,-1,1,0,1,1,1,0,0,0,0,0,16,0,0,4,7,2,6,6,4,4,26,28,0,0,0,0,0,0,0,0,7,1,1,0,0,0,0,1,2,0,0,KRBKRNvK,DRAW,8/6k1/2n5/8/8/4B2K/5R2/r7 b - - 0 1
1,1,0,0,0,0,0,1,-1,1,0,1,1,1,0,0,0,0,0,16,0,0,4,7,4,3,6,3,2,28,24,0,0,0,0,0,0,0,0,7,1,1,0,1,0,0,2,3,1,0,KRBKRNvK,DRAW,8/1B1k4/3n4/7K/8/6R1/3r4/8 w - - 0 1
0,1,0,0,0,0,0,1,-1,1,0,1,1,1,0,0,0,0,0,16,0,0,7,0,3,7,0,3,6,1,0,1,0,0,0,0,0,0,0,7,1,1,0,1,0,0,2,0,0,1,KRBKRNvK,DRAW,8/8/8/7R/K2B4/n7/6r1/7k b - - 0 1
1,1,0,0,0,0,0,1,-1,1,0,1,1,1,0,0,0,0,0,16,0,0,5,0,7,3,2,6,1,2,0,1,0,0,0,0,0,0,0,7,1,1,1,0,0,0,1,2,1,1,KRBKRNvK,DRAW,K1r5/R7/8/4B3/8/n2k4/8/8 w - - 0 1
1,1,0,0,0,0,0,1,-1,1,0,1,1,1,0,0,0,0,0,16,0,0,3,7,6,6,3,5,2,5,0,1,0,0,0,0,0,0,0,7,1,1,0,0,0,0,1,3,1,0,KRBKRNvK,LOSS,8/4r2K/8/8/1n1B2k1/7R/8/8 w - - 0 1
0,1,0,0,0,0,0,1,-1,1,0,1,1,1,0,0,0,0,0,16,0,0,2,2,7,4,5,4,1,19,19,0,0,0,0,0,0,0,0,7,1,1,0,0,0,0,1,3,1,0,KRBKRNvK,DRAW,2K2R2/8/4k3/8/4r3/5B2/1n6/8 b - - 0 1
0,1,0,0,0,0,0,1,-1,1,0,1,1,1,0,0,0,0,0,16,0,0,2,0,1,2,1,5,3,25,17,0,0,0,0,0,0,0,0,7,1,1,0,0,0,0,3,1,0,0,KRBKRNvK,WIN,1B6/8/8/1n2R3/8/6r1/K1k5/8 b - - 0 1
0,1,0,0,0,0,0,1,-1,1,0,1,1,1,0,0,0,0,0,16,0,0,5,0,3,5,3,3,1,6,0,1,0,0,0,0,0,0,0,7,1,1,0,0,0,0,2,2,1,1,KRBKRNvK,DRAW,4B3/8/8/8/K1nR1k2/8/8/5r2 b - - 0 1
1,1,0,0,0,0,0,1,-1,1,0,1,1,1,0,0,0,0,0,16,0,0,3,1,7,4,6,5,2,27,19,0,0,0,0,0,0,0,0,7,1,1,0,0,0,0,2,2,1,0,KRBKRNvK,DRAW,1K6/4k3/8/R2Br1n1/8/8/8/8 w - - 0 1
1,1,0,0,0,0,0,1,-1,1,0,1,1,1,0,0,0,0,0,16,0,0,7,2,7,0,0,4,6,23,15,0,0,0,0,0,0,0,0,7,1,1,1,1,0,0,0,0,0,0,KRBKRNvK,DRAW,2K5/2R5/8/n7/8/8/r7/k2B4 w - - 0 1
0,1,0,0,0,0,0,1,-1,1,0,1,1,1,0,0,0,0,0,16,0,0,4,0,3,4,2,3,1,22,27,0,0,0,0,0,0,0,0,7,1,1,0,0,0,0,3,2,2,0,KRBKRNvK,DRAW,8/8/8/3R1B2/K7/4k2n/8/2r5 b - - 0 1
0,1,0,0,0,0,0,1,-1,1,0,1,1,1,0,0,0,0,0,16,0,0,4,0,5,4,1,4,2,4,0,1,0,0,0,0,0,0,0,7,1,1,0,1,0,0,2,0,0,1,KRBKRNvK,DRAW,8/n7/K7/4R3/B7/8/4kr2/8 b - - 0 1
1,1,0,0,0,0,0,1,-1,1,0,1,1,1,0,0,0,0,0,16,0,0,7,2,7,7,0,4,6,3,0,1,0,0,0,0,0,0,0,7,1,1,1,0,0,0,3,0,0,1,KRBKRNvK,DRAW,r1K5/4R3/1B6/8/3n4/8/8/7k w - - 0 1
0,1,0,0,0,0,0,1,-1,1,0,1,1,1,0,0,0,0,0,16,0,0,3,4,1,1,2,2,3,22,26,0,0,0,0,0,0,0,0,7,1,1,0,0,0,0,1,2,0,1,KRBKRNvK,DRAW,R3n3/7B/8/8/6r1/1k6/4K3/8 b - - 0 1
1,1,0,0,0,0,0,1,-1,1,0,1,1,1,0,0,0,0,0,16,0,0,3,6,2,5,5,3,2,30,19,0,0,0,0,0,0,0,0,7,1,1,0,0,0,0,3,3,1,0,KRBKRNvK,DRAW,8/8/3r1k2/7R/3n4/6K1/2B5/8 w - - 0 1
0,1,0,0,0,0,0,1,-1,1,0,1,1,1,0,0,0,0,0,16,0,0,4,4,1,2,5,2,2,30,24,0,0,0,0,0,0,0,0,7,1,1,0,0,0,0,0,2,1,1,KRBKRNvK,DRAW,R7/8/2k1n3/8/8/3r4/4K3/4B3 b - - 0 1
1,1,0,0,0,0,0,1,-1,1,0,1,1,1,0,0,0,0,0,16,0,0,4,3,7,1,3,3,2,24,19,0,0,0,0,0,0,0,0,7,1,1,0,1,0,0,1,0,0,0,KRBKRNvK,DRAW,3K3n/7B/7R/8/1k6/8/1r6/8 w - - 0 1
0,1,0,0,0,0,0,1,-1,1,0,1,1,1,0,0,0,0,0,16,0,0,4,7,3,3,3,3,0,13,13,0,0,0,0,0,0,0,0,7,1,1,0,0,0,0,0,3,2,0,KRBKRNvK,DRAW,8/8/8/3n4/3k3K/4r3/4RB2/8 b - - 0 1
1,1,0,0,0,0,0,1,-1,1,0,1,1,1,0,0,0,0,0,16,0,0,5,1,7,6,3,5,2,4,0,1,0,0,0,0,0,0,0,7,1,1,0,0,0,0,1,2,1,0,KRBKRNvK,LOSS,1K6/5n2/3B4/1r6/6k1/7R/8/8 w - - 0 1
0,1,0,0,0,0,0,1,-1,1,0,1,1,1,0,0,0,0,0,16,0,0,5,7,2,4,7,4,3,21,22,0,0,0,0,0,0,0,0,7,1,1,0,0,0,0,0,2,0,0,KRBKRNvK,DRAW,2n1k3/8/8/8/3r4/B1R4K/8/8 b - - 0 1
0,1,0,0,0,0,0,1,-1,1,0,1,1,1,0,0,0,0,0,16,0,0,6,6,6,5,0,4,4,3,0,1,0,0,0,0,0,0,0,7,1,1,0,1,0,0,2,0,1,0,KRBKRNvK,DRAW,8/6K1/4R3/8/8/7B/2r4n/5k2 b - - 0 1
0,1,0,0,0,0,0,1,-1,1,0,1,1,1,0,0,0,0,0,16,0,0,4,6,4,2,4,2,1,22,18,0,0,0,0,0,0,0,0,7,1,1,0,0,0,0,0,2,0,1,KRBKRNvK,DRAW,8/1n3r2/8/2k3KR/8/8/3B4/8 b - - 0 1
1,1,0,0,0,0,0,1,-1,1,0,1,1,1,0,0,0,0,0,16,0,0,5,5,6,0,4,3,3,7,0,1,0,0,0,0,0,0,0,7,1,1,0,0,0,0,1,1,0,0,KRBKRNvK,LOSS,8/r4K2/8/k7/5B2/7R/5n2/8 w - - 0 1
0,1,0,0,0,0,0,1,-1,1,0,1,1,1,0,0,0,0,0,16,0,0,3,5,1,2,2,3,2,7,0,1,0,0,0,0,0,0,0,7,1,1,0,0,0,0,0,1,1,0,KRBKRNvK,DRAW,8/8/n1r5/B7/8/2k5/5KR1/8 b - - 0 1
1,1,0,0,0,0,0,1,-1,1,0,1,1,1,0,0,0,0,0,16,0,0,4,1,4,4,0,2,3,17,25,0,0,0,0,0,0,0,0,7,1,1,0,0,0,0,0,3,0,1,KRBKRNvK,DRAW,8/3n4/B6R/1K6/5r2/8/8/4k3 w - - 0 1
1,1,0,0,0,0,0,1,-1,1,0,1,1,1,0,0,0,0,0,16,0,0,7,0,2,7,5,4,4,6,0,1,0,0,0,0,0,0,0,7,1,1,0,0,0,0,3,2,1,0,KRBKRNvK,DRAW,7n/8/7k/8/2B2R2/K3r3/8/8 w - - 0 1
0,1,0,0,0,0,0,1,-1,1,0,1,1,1,0,0,0,0,0,16,0,0,4,0,0,0,4,6,3,21,24,0,0,0,0,0,0,0,0,7,1,1,0,0,0,0,1,0,0,0,KRBKRNvK,DRAW,7R/1r6/8/k7/8/3B3n/8/K7 b - - 0 1
1,1,0,0,0,0,0,1,-1,1,0,1,1,1,0,0,0,0,0,16,0,0,2,1,3,2,1,2,3,29,20,0,0,0,0,0,0,0,0,7,1,1,0,0,0,0,3,2,0,1,KRBKRNvK,DRAW,3R4/8/2B5/8/1K6/8/1nk5/4r3 w - - 0 1
1,1,0,0,0,0,0,1,-1,1,0,1,1,1,0,0,0,0,0,16,0,0,5,3,6,6,1,2,4,7,0,1,0,0,0,0,0,0,0,7,1,1,0,0,0,0,2,2,0,0,KRBKRNvK,DRAW,6n1/3K1B2/8/2R5/3r4/8/6k1/8 w - - 0 1
0,1,0,0,0,0,0,1,-1,1,0,1,1,1,0,0,0,0,0,16,0,0,3,0,5,0,2,4,4,19,23,0,0,0,0,0,0,0,0,7,1,1,0,0,0,0,1,2,0,0,KRBKRNvK,DRAW,8/B7/K7/8/7r/k7/5R2/n7 b - - 0 1
0,1,0,0,0,0,0,1,-1,1,0,1,1,1,0,0,0,0,0,16,0,0,4,4,3,6,7,0,5,21,27,0,0,0,0,0,0,0,0,7,1,1,0,0,0,0,3,0,0,0,KRBKRNvK,DRAW,3B2k1/6r1/8/8/4K2n/1R6/8/8 b - - 0 1
0,1,0,0,0,0,0,1,-1,1,0,1,1,1,0,0,0,0,0,16,0,0,2,5,7,7,6,4,5,18,23,0,0,0,0,0,0,0,0,7,1,1,0,1,0,0,2,0,0,0,KRBKRNvK,DRAW,2n2K2/7k/4R3/8/8/8/2r5/5B2 b - - 0 1
1,1,0,0,0,0,0,1,-1,1,0,1,1,1,0,0,0,0,0,16,0,0,2,4,7,6,5,3,3,22,25,0,0,0,0,0,0,0,0,7,1,1,0,0,0,0,2,1,0,1,KRBKRNvK,DRAW,4K3/5r2/6k1/8/6n1/3R4/3B4/8 w - - 0 1
0,1,0,0,0,0,0,1,-1,1,0,1,1,1,0,0,0,0,0,16,0,0,3,4,2,5,5,1,2,6,0,1,0,0,0,0,0,0,0,7,1,1,0,1,0,0,2,4,0,2,KRBKRNvK,DRAW,8/8/5k2/1B6/8/2n1KR2/3r4/8 b - - 0 1
0,1,0,0,0,0,0,1,-1,1,0,1,1,1,0,0,0,0,0,16,0,0,2,5,6,7,5,3,4,17,24,0,0,0,0,0,0,0,0,7,1,1,0,0,0,0,1,0,0,0,KRBKRNvK,DRAW,8/5K2/7k/8/8/8/B5R1/1nr5 b - - 0 1
1,1,0,0,0,0,0,1,-1,1,0,1,1,1,0,0,0,0,0,16,0,0,5,2,7,7,7,4,6,3,0,1,0,0,0,0,0,0,0,7,1,1,1,0,0,0,3,2,0,1,KRBKRNvK,DRAW,2K4k/4R3/1n6/2r5/8/8/8/7B w - - 0 1
0,1,0,0,0,0,0,1,-1,1,0,1,1,1,0,0,0,0,0,16,0,0,4,2,4,3,0,1,3,1,0,1,0,0,0,0,0,0,0,7,1,1,0,0,0,0,4,0,1,0,KRBKRNvK,DRAW,8/5r2/8/2K5/1B6/8/n7/3kR3 b - - 0 1
1,1,0,0,0,0,0,1,-1,1,0,1,1,1,0,0,0,0,0,16,0,0,7,6,0,2,7,5,4,23,26,0,0,0,0,0,0,0,0,7,1,1,0,0,0,0,1,3,1,0,KRBKRNvK,DRAW,1Bk5/8/5n2/r7/8/6R1/8/6K1 w - - 0 1
0,1,0,0,0,0,0,1,-1,1,0,1,1,1,0,0,0,0,0,16,0,0,2,4,7,2,5,3,2,25,27,0,0,0,0,0,0,0,0,7,1,1,1,0,0,0,2,3,1,0,KRBKRNvK,DRAW,4K3/4R3/2k5/5B2/7r/1n6/8/8 b - - 0 1
1,1,0,0,0,0,0,1,-1,1,0,1,1,1,0,0,0,0,0,16,0,0,4,3,4,5,0,0,4,5,0,1,0,0,0,0,0,0,0,7,1,1,0,0,0,0,3,2,1,0,KRBKRNvK,DRAW,8/8/8/3K2r1/2R5/8/n7/4Bk2 w - - 0 1
1,1,0,0,0,0,0,1,-1,1,0,1,1,1,0,0,0,0,0,16,0,0,5,7,4,2,2,3,2,23,20,0,0,0,0,0,0,0,0,7,1,1,0,0,0,0,1,1,1,0,KRBKRNvK,DRAW,8/8/2r5/7K/3n4/2k5/B4R2/8 w - - 0 1
0,1,0,0,0,0,0,1,-1,1,0,1,1,1,0,0,0,0,0,16,0,0,2,5,6,3,7,3,3,22,28,0,0,0,0,0,0,0,0,7,1,1,0,0,0,0,1,3,1,0,KRBKRNvK,DRAW,3k4/5K2/2R5/8/2n2B2/8/8/3r4 b - - 0 1
0,1,0,0,0,0,0,1,-1,1,0,1,1,1,0,0,0,0,0,16,0,0,4,4,6,0,7,2,6,19,25,0,0,0,0,0,0,0,0,7,1,1,0,0,0,0,0,0,0,0,KRBKRNvK,DRAW,k7/4K3/r7/8/8/8/5R2/1n3B2 b - - 0 1
1,1,0,0,0,0,0,1,-1,1,0,1,1,1,0,0,0,0,0,16,0,0,3,1,5,3,2,3,1,25,26,0,0,0,0,0,0,0,0,7,1,1,0,1,0,0,2,2,1,0,KRBKRNvK,DRAW,8/1B6/1K2n3/8/8/3k4/r7/2R5 w - - 0 1
1,1,0,0,0,0,0,1,-1,1,0,1,1,1,0,0,0,0,0,16,0,0,2,5,2,4,4,2,0,23,21,0,0,0,0,0,0,0,0,7,1,1,0,0,0,0,2,3,0,0,KRBKRNvK,DRAW,B7/8/8/r1n1k3/8/5K2/6R1/8 w - - 0 1
1,1,0,0,0,0,0,1,-1,1,0,1,1,1,0,0,0,0,0,16,0,0,5,0,6,5,6,5,3,5,0,1,0,0,0,0,0,0,0,7,1,1,0,0,0,0,2,2,1,0,KRBKRNvK,DRAW,8/K2r1k2/5B2/8/8/8/8/2R4n w - - 0 1
0,1,0,0,0,0,0,1,-1,1,0,1,1,1,0,0,0,0,0,16,0,0,7,0,6,7,3,5,3,4,0,1,0,0,0,0,0,0,0,7,1,1,0,0,0,0,0,2,1,0,KRBKRNvK,DRAW,8/K2n4/7R/B4r2/7k/8/8/8 b - - 0 1
1,1,0,0,0,0,0,1,-1,1,0,1,1,1,0,0,0,0,0,16,0,0,2,0,6,2,4,5,1,25,23,0,0,0,0,0,0,0,0,7,1,1,0,0,0,0,2,3,0,0,KRBKRNvK,DRAW,4n3/K5B1/8/2k5/4r3/8/R7/8 w - - 0 1
0,1,0,0,0,0,0,1,-1,1,0,1,1,1,0,0,0,0,0,16,0,0,5,2,5,5,0,2,4,22,21,0,0,0,0,0,0,0,0,7,1,1,0,0,0,0,1,2,1,1,KRBKRNvK,DRAW,8/6n1/2K5/8/r7/8/8/2RB1k2 b - - 0 1
0,1,0,0,0,0,0,1,-1,1,0,1,1,1,0,0,0,0,0,16,0,0,2,2,3,4,2,1,1,3,0,1,0,0,0,0,0,0,0,7,1,1,0,0,0,0,2,2,1,0,KRBKRNvK,DRAW,5n2/r7/7B/8/2K5/3Rk3/8/8 b - - 0 1
1,1,0,0,0,0,0,1,-1,1,0,1,1,1,0,0,0,0,0,16,0,0,2,4,5,6,5,1,3,3,0,1,0,0,0,0,0,0,0,7,1,1,0,0,0,0,4,0,1,1,KRBKRNvK,DRAW,6n1/8/1r2K1k1/8/5R2/8/4B3/8 w - - 0 1
1,1,0,0,0,0,0,1,-1,1,0,1,1,1,0,0,0,0,0,16,0,0,6,6,4,0,3,2,3,31,23,0,0,0,0,0,0,0,0,7,1,1,1,0,0,0,1,2,0,0,KRBKRNvK,DRAW,4r3/5R2/8/6K1/k7/6B1/8/2n5 w - - 0 1
0,1,0,0,0,0,0,1,-1,1,0,1,1,1,0,0,0,0,0,16,0,0,2,3,5,2,3,1,1,3,0,1,0,0,0,0,0,0,0,7,1,1,0,0,0,0,4,2,2,1,KRBKRNvK,DRAW,1r6/8/3K4/8/2kR4/4B2n/8/8 b - - 0 1
0,1,0,0,0,0,0,1,-1,1,0,1,1,1,0,0,0,0,0,16,0,0,3,7,1,7,4,5,3,20,21,0,0,0,0,0,0,0,0,7,1,1,1,0,0,0,1,2,2,0,KRBKRNvK,DRAW,8/5RB1/8/4r2k/8/8/7K/4n3 b - - 0 1
1,1,0,0,0,0,0,1,-1,1,0,1,1,1,0,0,0,0,0,16,0,0,5,6,2,2,7,3,4,30,20,0,0,0,0,0,0,0,0,7,1,1,0,1,0,0,1,0,1,0,KRBKRNvK,DRAW,2k2n2/8/R7/4B3/8/6K1/2r5/8 w - - 0 1
1,1,0,0,0,0,0,1,-1,1,0,1,1,1,0,0,0,0,0,16,0,0,3,5,3,6,0,1,5,7,0,1,0,0,0,0,0,0,0,7,1,1,0,0,0,0,3,2,0,1,KRBKRNvK,DRAW,8/1B6/8/8/3r1K2/R7/n7/6k1 w - - 0 1
1,1,0,0,0,0,0,1,-1,1,0,1,1,1,0,0,0,0,0,16,0,0,2,3,3,2,5,0,2,21,22,0,0,0,0,0,0,0,0,7,1,1,0,1,0,0,3,1,0,1,KRBKRNvK,DRAW,8/8/2k3BR/8/3K4/8/n4r2/8 w - - 0 1
0,1,0,0,0,0,0,1,-1,1,0,1,1,1,0,0,0,0,0,16,0,0,3,1,0,4,2,5,1,20,23,0,0,0,0,0,0,0,0,7,1,1,0,0,0,0,0,3,2,0,KRBKRNvK,DRAW,7n/8/3r4/8/8/4k3/2R1B3/1K6 b - - 0 1
1,1,0,0,0,0,0,1,-1,1,0,1,1,1,0,0,0,0,0,16,0,0,5,2,2,5,7,2,4,7,0,1,0,0,0,0,0,0,0,7,1,1,0,0,0,0,3,3,0,1,KRBKRNvK,DRAW,5k2/8/8/1n4r1/6R1/2K2B2/8/8 w - - 0 1
0,1,0,0,0,0,0,1,-1,1,0,1,1,1,0,0,0,0,0,16,0,0,5,0,6,5,2,5,2,28,20,0,0,0,0,0,0,0,0,7,1,1,0,1,0,0,0,2,1,0,KRBKRNvK,DRAW,8/K7/5n1R/8/8/5k2/6r1/5B2 b - - 0 1
0,1,0,0,0,0,0,1,-1,1,0,1,1,1,0,0,0,0,0,16,0,0,5,5,7,0,5,4,4,5,0,1,0,0,0,0,0,0,0,7,1,1,0,0,0,0,0,2,0,0,KRBKRNvK,DRAW,5K2/8/k6R/8/3r4/n7/8/3B4 b - - 0 1
1,1,0,0,0,0,0,1,-1,1,0,1,1,1,0,0,0,0,0,16,0,0,3,5,7,2,4,4,1,19,21,0,0,0,0,0,0,0,0,7,1,1,0,0,0,0,0,3,0,0,KRBKRNvK,DRAW,5K2/6B1/5R2/2k4r/1n6/8/8/8 w - - 0 1
1,1,0,0,0,0,0,1,-1,1,0,1,1,1,0,0,0,0,0,16,0,0,5,0,1,5,0,5,4,23,20,0,0,0,0,0,0,0,0,7,1,1,0,0,0,0,3,0,0,0,KRBKRNvK,DRAW,8/1r6/8/5B2/4R3/8/K5n1/5k2 w - - 0 1
0,1,0,0,0,0,0,1,-1,1,0,1,1,1,0,0,0,0,0,16,0,0,7,7,1,0,2,5,4,19,28,0,0,0,0,0,0,0,0,7,1,1,0,0,0,0,1,0,0,0,KRBKRNvK,DRAW,2R5/8/8/5B2/8/k7/7K/1r2n3 b - - 0 1
1,1,0,0,0,0,0,1,-1,1,0,1,1,1,0,0,0,0,0,16,0,0,5,1,3,6,7,2,5,28,20,0,0,0,0,0,0,0,0,7,1,1,0,0,0,0,2,1,0,0,KRBKRNvK,DRAW,5rk1/3n4/8/8/1K2R3/8/5B2/8 w - - 0 1
1,1,0,0,0,0,0,1,-1,1,0,1,1,1,0,0,0,0,0,16,0,0,3,4,1,5,4,2,1,26,22,0,0,0,0,0,0,0,0,7,1,1,0,0,0,0,0,3,0,1,KRBKRNvK,DRAW,8/8/8/5kn1/B4r2/8/4K3/2R5 w - - 0 1
1,1,0,0,0,0,0,1,-1,1,0,1,1,1,0,0,0,0,0,16,0,0,2,2,5,0,5,2,4,4,0,1,0,0,0,0,0,0,0,7,1,1,0,0,0,0,1,0,0,1,KRBKRNvK,DRAW,8/8/k1K5/4n3/8/6r1/B4R2/8 w - - 0 1
1,1,0,0,0,0,0,1,-1,1,0,1,1,1,0,0,0,0,0,16,0,0,3,4,0,5,3,3,1,26,23,0,0,0,0,0,0,0,0,7,1,1,0,0,0,0,1,2,0,0,KRBKRNvK,DRAW,6B1/8/6r1/8/n4k2/2R5/8/4K3 w - - 0 1
0,1,0,0,0,0,0,1,-1,1,0,1,1,1,0,0,0,0,0,16,0,0,4,7,5,5,1,4,3,24,16,0,0,0,0,0,0,0,0,7,1,1,0,0,0,0,1,2,0,0,KRBKRNvK,DRAW,n6R/7B/7K/3r4/8/8/5k2/8 b - - 0 1
0,1,0,0,0,0,0,1,-1,1,0,1,1,1,0,0,0,0,0,16,0,0,2,2,3,4,4,1,0,25,26,0,0,0,0,0,0,0,0,7,1,1,1,0,0,0,2,3,1,1,KRBKRNvK,DRAW,8/7R/1r6/4knB1/2K5/8/8/8 b - - 0 1
1,1,0,0,0,0,0,1,-1,1,0,1,1,1,0,0,0,0,0,16,0,0,3,4,0,1,3,3,2,4,0,1,0,0,0,0,0,0,0,7,1,1,1,0,0,0,3,0,0,0,KRBKRNvK,DRAW,8/3R4/8/8/1k6/8/1n5B/r3K3 w - - 0 1
1,1,0,0,0,0,0,1,-1,1,0,1,1,1,0,0,0,0,0,16,0,0,6,4,0,6,6,3,4,30,24,0,0,0,0,0,0,0,0,7,1,1,0,0,0,0,3,1,0,0,KRBKRNvK,DRAW,7r/6k1/1nB5/8/5R2/8/8/4K3 w - - 0 1
1,1,0,0,0,0,0,1,-1,1,0,1,1,1,0,0,0,0,0,16,0,0,6,0,1,6,3,5,2,4,0,1,0,0,0,0,0,0,0,7,1,1,0,0,0,0,3,1,1,0,KRBKRNvK,DRAW,8/r7/4n3/8/6k1/3R4/K6B/8 w - - 0 1
1,1,0,0,0,0,0,1,-1,1,0,1,1,1,0,0,0,0,0,16,0,0,5,4,2,7,7,1,6,33,21,0,0,0,0,0,0,0,0,7,1,1,0,0,0,0,3,1,0,0,KRBKRNvK,DRAW,7k/2n5/7r/8/2B5/4K3/8/3R4 w - - 0 1
0,1,0,0,0,0,0,1,-1,1,0,1,1,1,0,0,0,0,0,16,0,0,7,1,7,7,0,5,6,19,26,0,0,0,0,0,0,0,0,7,1,1,0,1,0,0,2,3,1,0,KRBKRNvK,DRAW,1K6/8/3R4/8/8/7B/2n1r3/7k b - - 0 1
1,1,0,0,0,0,0,1,-1,1,0,1,1,1,0,0,0,0,0,16,0,0,6,7,3,1,1,3,4,25,21,0,0,0,0,0,0,0,0,7,1,1,0,0,0,0,1,1,1,0,KRBKRNvK,DRAW,8/5n1B/8/8/7K/R7/1k6/2r5 w - - 0 1
1,1,0,0,0,0,0,1,-1,1,0,1,1,1,0,0,0,0,0,16,0,0,2,4,0,2,0,3,4,23,24,0,0,0,0,0,0,0,0,7,1,1,0,0,0,0,3,3,1,0,KRBKRNvK,DRAW,7B/8/3n4/r7/8/4R3/8/2k1K3 w - - 0 1
1,1,0,0,0,0,0,1,-1,1,0,1,1,1,0,0,0,0,0,16,0,0,3,5,6,6,3,3,2,5,0,1,0,0,0,0,0,0,0,7,1,1,0,0,0,0,3,1,1,1,KRBKRNvK,DRAW,2r5/5K2/3n4/8/6k1/8/6B1/4R3 w - - 0 1
1,1,0,0,0,0,0,1,-1,1,0,1,1,1,0,0,0,0,0,16,0,0,6,4,0,6,6,3,4,24,22,0,0,0,0,0,0,0,0,7,1,1,0,0,0,0,2,2,1,0,KRBKRNvK,DRAW,8/6k1/4R3/7n/1r6/8/8/4KB2 w - - 0 1
0,1,0,0,0,0,0,1,-1,1,0,1,1,1,0,0,0,0,0,16,0,0,7,0,3,7,7,3,6,20,25,0,0,0,0,0,0,0,0,7,1,1,0,0,0,0,2,0,1,1,KRBKRNvK,DRAW,5B1k/8/8/n7/K7/4R3/8/2r5 b - - 0 1
1,1,0,0,0,0,0,1,-1,1,0,1,1,1,0,0,0,0,0,16,0,0,2,5,3,6,1,1,4,17,14,0,0,0,0,0,0,0,0,7,1,1,0,0,0,0,3,0,0,0,KRBKRNvK,DRAW,4nr2/8/5B2/8/2R2K2/8/6k1/8 w - - 0 1
0,1,0,0,0,0,0,1,-1,1,0,1,1,1,0,0,0,0,0,16,0,0,4,6,1,2,0,4,4,22,26,0,0,0,0,0,0,0,0,7,1,1,0,0,0,0,2,0,1,0,KRBKRNvK,DRAW,8/8/7r/8/R7/n7/4B1K1/2k5 b - - 0 1
0,1,0,0,0,0,0,1,-1,1,0,1,1,1,0,0,0,0,0,16,0,0,2,4,0,2,1,3,3,22,24,0,0,0,0,0,0,0,0,7,1,1,1,0,0,0,2,2,0,0,KRBKRNvK,DRAW,7n/R7/8/8/5r2/8/2k3B1/4K3 b - - 0 1
1,1,0,0,0,0,0,1,-1,1,0,1,1,1,0,0,0,0,0,16,0,0,2,2,5,3,3,2,0,5,0,1,0,0,0,0,0,0,0,7,1,1,0,0,0,0,1,4,1,0,KRBKRNvK,LOSS,8/8/2K3r1/5nB1/3k4/2R5/8/8 w - - 0 1
0,1,0,0,0,0,0,1,-1,1,0,1,1,1,0,0,0,0,0,16,0,0,7,7,0,0,2,6,4,17,24,0,0,0,0,0,0,0,0,7,1,1,0,1,0,0,2,1,0,0,KRBKRNvK,DRAW,8/8/4R3/6B1/8/kn6/r7/7K b - - 0 1
1,1,0,0,0,0,0,1,-1,1,0,1,1,1,0,0,0,0,0,16,0,0,3,3,3,0,1,0,5,7,0,1,0,0,0,0,0,0,0,7,1,1,0,0,0,0,4,1,0,2,KRBKRNvK,DRAW,8/8/5r2/7R/3K4/8/k1n2B2/8 w - - 0 1
0,1,0,0,0,0,0,1,-1,1,0,1,1,1,0,0,0,0,0,16,0,0,4,6,1,2,4,4,1,6,0,1,0,0,0,0,0,0,0,7,1,1,0,0,0,0,0,3,1,0,KRBKRNvK,DRAW,8/B7/8/2k1r3/8/8/2n3K1/7R b - - 0 1
0,1,0,0,0,0,0,1,-1,1,0,1,1,1,0,0,0,0,0,16,0,0,3,4,0,7,2,3,4,21,24,0,0,0,0,0,0,0,0,7,1,1,0,0,0,0,3,0,1,1,KRBKRNvK,DRAW,8/1n6/8/4R3/8/6rk/5B2/4K3 b - - 0 1
0,1,0,0,0,0,0,1,-1,1,0,1,1,1,0,0,0,0,0,16,0,0,3,3,7,0,5,3,4,25,26,0,0,0,0,0,0,0,0,7,1,1,0,0,0,0,0,2,0,1,KRBKRNvK,DRAW,3K4/3n4/k7/6r1/8/7R/8/3B4 b - - 0 1
0,1,0,0,0,0,0,1,-1,1,0,1,1,1,0,0,0,0,0,16,0,0,7,1,7,3,0,5,3,3,0,1,0,0,0,0,0,0,0,7,1,1,0,0,0,0,2,0,0,0,KRBKRNvK,DRAW,1K6/B5n1/3R4/8/8/8/8/2rk4 b - - 0 1
1,1,0,0,0,0,0,1,-1,1,0,1,1,1,0,0,0,0,0,16,0,0,3,6,5,3,5,3,1,27,22,0,0,0,0,0,0,0,0,7,1,1,0,0,0,0,1,2,1,0,KRBKRNvK,DRAW,8/2r5/n2k2K1/8/4B3/6R1/8/8 w - - 0 1
1,1,0,0,0,0,0,1,-1,1,0,1,1,1,0,0,0,0,0,16,0,0,6,1,5,7,1,3,5,33,22,0,0,0,0,0,0,0,0,7,1,1,0,0,0,0,2,0,0,0,KRBKRNvK,DRAW,5n2/8/1K6/8/R7/3B4/7k/6r1 w - - 0 1
0,1,0,0,0,0,0,1,-1,1,0,1,1,1,0,0,0,0,0,16,0,0,4,2,1,6,2,3,3,6,0,1,0,0,0,0,0,0,0,7,1,1,0,0,0,0,2,1,2,0,KRBKRNvK,DRAW,8/6r1/3n4/7R/7B/6k1/2K5/8 b - - 0 1
1,1,0,0,0,0,0,1,-1,1,0,1,1,1,0,0,0,0,0,16,0,0,4,1,6,0,2,4,4,5,0,1,0,0,0,0,0,0,0,7,1,1,0,0,0,0,2,1,0,0,KRBKRNvK,LOSS,B7/1K6/8/8/2n5/kr6/3R4/8 w - - 0 1
0,1,0,0,0,0,0,1,-1,1,0,1,1,1,0,0,0,0,0,16,0,0,2,6,4,5,6,2,3,18,28,0,0,0,0,0,0,0,0,7,1,1,0,0,0,0,3,2,0,1,KRBKRNvK,DRAW,5n2/5k2/8/2B3K1/5r2/8/8/4R3 b - - 0 1
0,1,0,0,0,0,0,1,-1,1,0,1,1,1,0,0,0,0,0,16,0,0,4,2,6,6,5,3,3,24,27,0,0,0,0,0,0,0,0,7,1,1,0,0,0,0,3,2,1,0,KRBKRNvK,DRAW,8/2K5/6k1/8/nR3B2/8/8/4r3 b - - 0 1
1,1,0,0,0,0,0,1,-1,1,0,1,1,1,0,0,0,0,0,16,0,0,3,5,4,6,7,1,5,28,23,0,0,0,0,0,0,0,0,7,1,1,0,0,0,0,3,2,0,1,KRBKRNvK,DRAW,6k1/3r4/8/5K2/n7/8/8/1R5B w - - 0 1
0,1,0,0,0,0,0,1,-1,1,0,1,1,1,0,0,0,0,0,16,0,0,5,7,2,2,1,4,3,7,0,1,0,0,0,0,0,0,0,7,1,1,0,0,0,0,1,2,0,1,KRBKRNvK,DRAW,7R/8/6B1/8/r7/7K/2k4n/8 b - - 0 1
1,1,0,0,0,0,0,1,-1,1,0,1,1,1,0,0,0,0,0,16,0,0,5,2,3,7,3,1,3,25,24,0,0,0,0,0,0,0,0,7,1,1,0,0,0,0,3,3,0,0,KRBKRNvK,DRAW,8/1B6/1R6/6r1/2K4k/8/5n2/8 w - - 0 1
1,1,0,0,0,0,0,1,-1,1,0,1,1,1,0,0,0,0,0,16,0,0,5,2,1,7,6,3,5,21,18,0,0,0,0,0,0,0,0,7,1,1,0,0,0,0,0,1,0,0,KRBKRNvK,DRAW,8/1r5k/1n6/8/8/8/2K5/3B1R2 w - - 0 1
0,1,0,0,0,0,0,1,-1,1,0,1,1,1,0,0,0,0,0,16,0,0,6,4,0,0,6,3,5,20,18,0,0,0,0,0,0,0,0,7,1,1,0,0,0,0,2,2,0,0,KRBKRNvK,DRAW,n6B/k7/8/8/5r2/8/8/4K2R b - - 0 1
1,1,0,0,0,0,0,1,-1,1,0,1,1,1,0,0,0,0,0,16,0,0,5,1,1,2,6,4,3,24,20,0,0,0,0,0,0,0,0,7,1,1,0,0,0,0,2,1,0,2,KRBKRNvK,DRAW,6R1/2k5/8/8/3n4/8/1K6/3r3B w - - 0 1
0,1,0,0,0,0,0,1,-1,1,0,1,1,1,0,0,0,0,0,16,0,0,3,2,5,3,2,2,1,7,0,1,0,0,0,0,0,0,0,7,1,1,0,1,0,0,2,2,1,0,KRBKRNvK,DRAW,8/8/2K5/8/8/3k4/6r1/1n1R2B1 b - - 0 1
1,1,0,0,0,0,0,1,-1,1,0,1,1,1,0,0,0,0,0,16,0,0,5,5,0,0,2,4,4,22,23,0,0,0,0,0,0,0,0,7,1,1,0,0,0,0,1,1,2,1,KRBKRNvK,DRAW,8/8/8/2n5/2B5/k5r1/2R5/5K2 w - - 0 1
0,1,0,0,0,0,0,1,-1,1,0,1,1,1,0,0,0,0,0,16,0,0,3,6,5,3,3,3,0,29,15,0,0,0,0,0,0,0,0,7,1,1,1,0,0,0,0,3,0,1,KRBKRNvK,DRAW,4B3/6R1/6K1/8/3kn3/7r/8/8 b - - 0 1
0,1,0,0,0,0,0,1,-1,1,0,1,1,1,0,0,0,0,0,16,0,0,5,6,2,5,7,3,4,15,30,0,0,0,0,0,0,0,0,7,1,1,0,0,0,0,1,0,1,0,KRBKRNvK,DRAW,5k1r/8/4B3/8/8/6K1/1R6/2n5 b - - 0 1
1,1,0,0,0,0,0,1,-1,1,0,1,1,1,0,0,0,0,0,16,0,0,6,6,5,0,2,3,4,23,20,0,0,0,0,0,0,0,0,7,1,1,0,0,0,0,2,0,0,0,KRBKRNvK,DRAW,8/r7/4R1KB/8/8/k7/6n1/8 w - - 0 1
0,1,0,0,0,0,0,1,-1,1,0,1,1,1,0,0,0,0,0,16,0,0,3,5,6,7,3,3,3,5,0,1,0,0,0,0,0,0,0,7,1,1,0,0,0,0,2,2,0,0,KRBKRNvK,LOSS,8/B4K2/8/2r5/R6k/8/8/4n3 b - - 0 1
1,1,0,0,0,0,0,1,-1,1,0,1,1,1,0,0,0,0,0,16,0,0,5,6,2,1,3,3,2,20,21,0,0,0,0,0,0,0,0,7,1,1,0,0,0,0,2,0,1,1,KRBKRNvK,DRAW,8/7r/2B5/8/1k6/6Kn/6R1/8 w - - 0 1
0,1,0,0,0,0,0,1,-1,1,0,1,1,1,0,0,0,0,0,16,0,0,3,3,1,6,1,2,4,25,24,0,0,0,0,0,0,0,0,7,1,1,1,0,0,0,0,3,0,1,KRBKRNvK,DRAW,8/4B2R/8/1r6/8/8/3Kn1k1/8 b - - 0 1
0,1,0,0,0,0,0,1,-1,1,0,1,1,1,0,0,0,0,0,16,0,0,4,3,7,0,3,3,3,24,25,0,0,0,0,0,0,0,0,7,1,1,1,0,0,0,2,2,0,1,KRBKRNvK,DRAW,3K4/4R3/5r2/8/k7/5n1B/8/8 b - - 0 1
0,1,0,0,0,0,0,1,-1,1,0,1,1,1,0,0,0,0,0,16,0,0,4,4,2,2,6,1,3,23,28,0,0,0,0,0,0,0,0,7,1,1,0,0,0,0,2,2,1,0,KRBKRNvK,DRAW,4B3/2k5/8/r6n/8/4K3/8/6R1 b - - 0 1
0,1,0,0,0,0,0,1,-1,1,0,1,1,1,0,0,0,0,0,16,0,0,2,7,5,5,4,4,1,3,0,1,0,0,0,0,0,0,0,7,1,1,0,0,0,0,2,2,2,0,KRBKRNvK,DRAW,r7/8/3R3K/5k2/8/7B/3n4/8 b - - 0 1
0,1,0,0,0,0,0,1,-1,1,0,1,1,1,0,0,0,0,0,16,0,0,2,6,3,6,1,2,4,4,0,1,0,0,0,0,0,0,0,7,1,1,0,0,0,0,1,1,1,0,KRBKRNvK,DRAW,8/2r5/8/8/6K1/3n2B1/3R2k1/8 b - - 0 1
1,1,0,0,0,0,0,1,-1,1,0,1,1,1,0,0,0,0,0,16,0,0,3,2,2,3,5,2,1,8,0,1,0,0,0,0,0,0,0,7,1,1,0,0,0,0,1,2,1,0,KRBKRNvK,DRAW,5R2/8/3k4/8/8/2K4r/5B2/5n2 w - - 0 1
0,1,0,0,0,0,0,1,-1,1,0,1,1,1,0,0,0,0,0,16,0,0,4,7,3,3,6,3,2,6,0,1,0,0,0,0,0,0,0,7,1,1,0,0,0,0,2,1,1,0,KRBKRNvK,DRAW,8/3kn3/8/4R3/6BK/r7/8/8 b - - 0 1
1,1,0,0,0,0,0,1,-1,1,0,1,1,1,0,0,0,0,0,16,0,0,5,5,6,2,1,3,3,9,25,0,0,0,0,0,0,0,0,7,1,1,0,0,0,0,0,0,0,1,KRBKRNvK,DRAW,4BR2/5K1n/r7/8/8/8/2k5/8 w - - 0 1
0,1,0,0,0,0,0,1,-1,1,0,1,1,1,0,0,0,0,0,16,0,0,4,2,3,6,7,1,5,20,21,0,0,0,0,0,0,0,0,7,1,1,0,0,0,0,2,0,0,0,KRBKRNvK,DRAW,2B3k1/8/2R5/8/2K5/8/8/1r4n1 b - - 0 1
1,1,0,0,0,0,0,1,-1,1,0,1,1,1,0,0,0,0,0,16,0,0,7,2,7,0,0,4,6,5,0,1,0,0,0,0,0,0,0,7,1,1,1,0,0,0,2,1,1,0,KRBKRNvK,DRAW,2K5/3R4/8/8/8/B1r5/4n3/k7 w - - 0 1
1,1,0,0,0,0,0,1,-1,1,0,1,1,1,0,0,0,0,0,16,0,0,5,4,2,4,7,1,3,6,0,1,0,0,0,0,0,0,0,7,1,1,0,0,0,0,2,2,1,1,KRBKRNvK,DRAW,3Bk2n/8/8/4r3/8/4K1R1/8/8 w - - 0 1
0,1,0,0,0,0,0,1,-1,1,0,1,1,1,0,0,0,0,0,16,0,0,5,4,6,5,1,2,3,21,23,0,0,0,0,0,0,0,0,7,1,1,0,0,0,0,0,0,0,0,KRBKRNvK,DRAW,5B2/4K3/6R1/8/8/r7/5k2/1n6 b - - 0 1
0,1,0,0,0,0,0,1,-1,1,0,1,1,1,0,0,0,0,0,16,0,0,5,0,7,5,4,6,1,26,24,0,0,0,0,0,0,0,0,7,1,1,0,0,0,0,2,3,1,0,KRBKRNvK,DRAW,K7/1B6/5n2/5k2/3R4/4r3/8/8 b - - 0 1
0,1,0,0,0,0,0,1,-1,1,0,1,1,1,0,0,0,0,0,16,0,0,3,3,3,3,0,0,3,23,29,0,0,0,0,0,0,0,0,7,1,1,0,0,0,0,4,0,0,0,KRBKRNvK,DRAW,8/8/r7/3B4/1R1K4/7n/8/3k4 b - - 0 1
1,1,0,0,0,0,0,1,-1,1,0,1,1,1,0,0,0,0,0,16,0,0,3,7,2,6,5,4,3,4,0,1,0,0,0,0,0,0,0,7,1,1,1,0,0,0,2,1,0,1,KRBKRNvK,DRAW,5r2/R7/2B3k1/8/5n2/7K/8/8 w - - 0 1
0,1,0,0,0,0,0,1,-1,1,0,1,1,1,0,0,0,0,0,16,0,0,3,6,4,5,1,2,3,20,29,0,0,0,0,0,0,0,0,7,1,1,1,1,0,0,2,2,0,1,KRBKRNvK,DRAW,8/1R6/2B5/6Kn/8/8/4rk2/8 b - - 0 1
1,1,0,0,0,0,0,1,-1,1,0,1,1,1,0,0,0,0,0,16,0,0,4,4,4,0,7,0,6,22,20,0,0,0,0,0,0,0,0,7,1,1,1,0,0,0,4,2,0,0,KRBKRNvK,DRAW,k7/6R1/8/4K3/r7/8/5n2/B7 w - - 0 1
1,1,0,0,0,0,0,1,-1,1,0,1,1,1,0,0,0,0,0,16,0,0,5,3,0,0,5,3,4,3,0,1,0,0,0,0,0,0,0,7,1,1,0,0,0,0,0,2,0,0,KRBKRNvK,DRAW,8/8/k1n5/8/8/5R2/8/r2KB3 w - - 0 1
0,1,0,0,0,0,0,1,-1,1,0,1,1,1,0,0,0,0,0,16,0,0,2,7,0,5,0,6,4,24,21,0,0,0,0,0,0,0,0,7,1,1,0,0,0,0,0,1,0,0,KRBKRNvK,WIN,8/8/2R1n3/8/1B6/r7/8/5k1K b - - 0 1
1,1,0,0,0,0,0,1,-1,1,0,1,1,1,0,0,0,0,0,16,0,0,3,2,3,2,0,1,4,27,17,0,0,0,0,0,0,0,0,7,1,1,0,0,0,0,3,1,0,2,KRBKRNvK,DRAW,8/8/4B3/7R/2K5/rn6/8/2k5 w - - 0 1
0,1,0,0,0,0,0,1,-1,1,0,1,1,1,0,0,0,0,0,16,0,0,6,0,7,5,1,6,3,22,25,0,0,0,0,0,0,0,0,7,1,1,0,0,0,0,2,0,0,2,KRBKRNvK,DRAW,K3R3/n7/1r6/5B2/8/8/5k2/8 b - - 0 1
1,1,0,0,0,0,0,1,-1,1,0,1,1,1,0,0,0,0,0,16,0,0,6,1,7,5,1,5,3,23,20,0,0,0,0,0,0,0,0,7,1,1,0,0,0,0,0,0,0,1,KRBKRNvK,DRAW,1KBn1r2/8/R7/8/8/8/5k2/8 w - - 0 1
1,1,0,0,0,0,0,1,-1,1,0,1,1,1,0,0,0,0,0,16,0,0,4,7,0,3,0,6,3,21,24,0,0,0,0,0,0,0,0,7,1,1,0,0,0,0,0,3,0,0,KRBKRNvK,DRAW,7R/8/8/6r1/8/Bn6/8/3k3K w - - 0 1
0,1,0,0,0,0,0,1,-1,1,0,1,1,1,0,0,0,0,0,16,0,0,4,4,5,0,3,1,3,19,28,0,0,0,0,0,0,0,0,7,1,1,0,0,0,0,3,0,0,0,KRBKRNvK,DRAW,7r/8/4K3/3R4/k7/8/8/4B1n1 b - - 0 1
0,1,0,0,0,0,0,1,-1,1,0,1,1,1,0,0,0,0,0,16,0,0,3,3,5,6,7,1,5,5,0,1,0,0,0,0,0,0,0,7,1,1,0,0,0,0,2,2,0,1,KRBKRNvK,DRAW,6k1/4r3/3K4/n7/8/6R1/3B4/8 b - - 0 1
0,1,0,0,0,0,0,1,-1,1,0,1,1,1,0,0,0,0,0,16,0,0,4,3,4,4,0,0,3,22,23,0,0,0,0,0,0,0,0,7,1,1,0,0,0,0,4,1,0,2,KRBKRNvK,DRAW,8/1r3n2/8/3K4/2R1B3/8/8/4k3 b - - 0 1
0,1,0,0,0,0,0,1,-1,1,0,1,1,1,0,0,0,0,0,16,0,0,6,1,7,7,4,5,3,22,20,0,0,0,0,0,0,0,0,7,1,1,0,0,0,0,1,2,0,0,KRBKRNvK,DRAW,1K2n3/8/8/2r4k/8/8/8/R5B1 b - - 0 1
1,1,0,0,0,0,0,1,-1,1,0,1,1,1,0,0,0,0,0,16,0,0,5,7,6,2,7,5,4,4,0,1,0,0,0,0,0,0,0,7,1,1,0,1,0,0,2,0,0,0,KRBKRNvK,DRAW,2kn4/7K/5R2/8/8/8/7r/B7 w - - 0 1
1,1,0,0,0,0,0,1,-1,1,0,1,1,1,0,0,0,0,0,16,0,0,5,1,1,4,6,4,2,5,0,1,0,0,0,0,0,0,0,7,1,1,0,0,0,0,2,1,1,0,KRBKRNvK,DRAW,1r6/4k3/8/2R4B/8/8/1K2n3/8 w - - 0 1
0,1,0,0,0,0,0,1,-1,1,0,1,1,1,0,0,0,0,0,16,0,0,7,3,0,1,7,3,5,5,0,1,0,0,0,0,0,0,0,7,1,1,0,0,0,0,1,2,1,1,KRBKRNvK,DRAW,1k6/8/3B4/8/2r5/8/8/2nK2R1 b - - 0 1
1,1,0,0,0,0,0,1,-1,1,0,1,1,1,0,0,0,0,0,16,0,0,3,5,0,2,3,4,1,3,0,1,0,0,0,0,0,0,0,7,1,1,0,0,0,0,2,2,1,1,KRBKRNvK,LOSS,8/1B6/8/8/2k5/8/R6n/r4K2 w - - 0 1
1,1,0,0,0,0,0,1,-1,1,0,1,1,1,0,0,0,0,0,16,0,0,5,7,5,2,7,4,4,25,17,0,0,0,0,0,0,0,0,7,1,1,0,0,0,0,2,0,0,1,KRBKRNvK,DRAW,2k1nr2/8/7K/8/8/6R1/6B1/8 w - - 0 1
1,1,0,0,0,0,0,1,-1,1,0,1,1,1,0,0,0,0,0,16,0,0,3,7,1,7,4,5,3,25,22,0,0,0,0,0,0,0,0,7,1,1,1,0,0,0,2,0,0,0,KRBKRNvK,DRAW,8/2R5/7n/7k/8/r7/6BK/8 w - - 0 1
1,1,0,0,0,0,0,1,-1,1,0,1,1,1,0,0,0,0,0,16,0,0,2,7,1,7,3,5,3,24,22,0,0,0,0,0,0,0,0,7,1,1,0,0,0,0,0,2,1,1,KRBKRNvK,DRAW,8/8/8/3n3B/5r1k/2R5/7K/8 w - - 0 1
0,1,0,0,0,0,0,1,-1,1,0,1,1,1,0,0,0,0,0,16,0,0,2,5,5,3,7,2,3,2,0,1,0,0,0,0,0,0,0,7,1,1,0,1,0,0,1,2,2,0,KRBKRNvK,DRAW,3k1R2/8/3B1K2/8/2n5/8/4r3/8 b - - 0 1
0,1,0,0,0,0,0,1,-1,1,0,1,1,1,0,0,0,0,0,16,0,0,2,0,6,1,4,5,2,23,21,0,0,0,0,0,0,0,0,7,1,1,1,0,0,0,2,1,0,1,KRBKRNvK,DRAW,8/K5R1/2r5/1k6/8/8/2n5/7B b - - 0 1
1,1,0,0,0,0,0,1,-1,1,0,1,1,1,0,0,0,0,0,16,0,0,7,5,0,1,7,4,5,19,23,0,0,0,0,0,0,0,0,7,1,1,0,0,0,0,0,1,0,0,KRBKRNvK,DRAW,1kr5/8/8/B4n2/8/8/8/R4K2 w - - 0 1
1,1,0,0,0,0,0,1,-1,1,0,1,1,1,0,0,0,0,0,16,0,0,5,2,6,7,2,3,4,4,0,1,0,0,0,0,0,0,0,7,1,1,0,0,0,0,0,3,1,2,KRBKRNvK,DRAW,8/2Kr4/8/1Rn4B/8/7k/8/8 w - - 0 1
1,1,0,0,0,0,0,1,-1,1,0,1,1,1,0,0,0,0,0,16,0,0,2,7,3,6,5,3,3,22,22,0,0,0,0,0,0,0,0,7,1,1,0,0,0,0,2,2,1,0,KRBKRNvK,DRAW,8/8/6k1/4R3/7K/3r4/8/2B2n2 w - - 0 1
1,1,0,0,0,0,0,1,-1,1,0,1,1,1,0,0,0,0,0,16,0,0,3,2,5,0,2,2,4,5,0,1,0,0,0,0,0,0,0,7,1,1,0,1,0,0,2,0,0,1,KRBKRNvK,DRAW,2n5/8/2K3R1/8/8/k7/2r2B2/8 w - - 0 1
1,1,0,0,0,0,0,1,-1,1,0,1,1,1,0,0,0,0,0,16,0,0,3,3,5,0,2,1,4,5,0,1,0,0,0,0,0,0,0,7,1,1,0,0,0,0,3,2,0,1,KRBKRNvK,DRAW,8/5n2/3K4/6r1/8/k7/8/3RB3 w - - 0 1
0,1,0,0,0,0,0,1,-1,1,0,1,1,1,0,0,0,0,0,16,0,0,3,1,7,4,4,5,0,5,0,1,0,0,0,0,0,0,0,7,1,1,0,0,0,0,1,4,1,0,KRBKRNvK,DRAW,1K6/8/8/4k1R1/4r3/8/4B3/6n1 b - - 0 1
1,1,0,0,0,0,0,1,-1,1,0,1,1,1,0,0,0,0,0,16,0,0,2,4,4,2,2,0,2,4,0,1,0,0,0,0,0,0,0,7,1,1,0,0,0,0,3,3,2,2,KRBKRNvK,DRAW,8/3r4/8/3BK3/6n1/2k5/1R6/8 w - - 0 1
0,1,0,0,0,0,0,1,-1,1,0,1,1,1,0,0,0,0,0,16,0,0,3,6,2,6,5,3,3,27,23,0,0,0,0,0,0,0,0,7,1,1,0,0,0,0,2,2,1,1,KRBKRNvK,DRAW,8/7r/6k1/8/6B1/4RnK1/8/8 b - - 0 1
0,1,0,0,0,0,0,1,-1,1,0,1,1,1,0,0,0,0,0,16,0,0,2,5,6,7,5,3,4,22,17,0,0,0,0,0,0,0,0,7,1,1,0,0,0,0,2,3,1,0,KRBKRNvK,DRAW,8/5K2/7k/8/5R2/4r3/2n5/1B6 b - - 0 1
1,1,0,0,0,0,0,1,-1,1,0,1,1,1,0,0,0,0,0,16,0,0,6,7,3,1,6,3,4,27,22,0,0,0,0,0,0,0,0,7,1,1,0,1,0,0,2,0,0,1,KRBKRNvK,WIN,n7/1k6/8/4R3/2B4K/8/6r1/8 w - - 0 1
0,1,0,0,0,0,0,1,-1,1,0,1,1,1,0,0,0,0,0,16,0,0,4,7,7,4,3,6,0,22,21,0,0,0,0,0,0,0,0,7,1,1,1,0,0,0,0,3,0,0,KRBKRNvK,DRAW,7K/2RB4/r7/8/4k3/8/8/n7 b - - 0 1
0,1,0,0,0,0,0,1,-1,1,0,1,1,1,0,0,0,0,0,16,0,0,5,6,5,1,6,3,4,26,30,0,0,0,0,0,0,0,0,7,1,1,0,1,0,0,3,2,0,0,KRBKRNvK,DRAW,8/1k4B1/6K1/8/5R2/8/3r4/4n3 b - - 0 1
1,1,0,0,0,0,0,1,-1,1,0,1,1,1,0,0,0,0,0,16,0,0,3,7,2,4,4,4,0,24,24,0,0,0,0,0,0,0,0,7,1,1,0,0,0,0,0,4,0,0,KRBKRNvK,DRAW,8/3n4/2r5/4k3/8/7K/5R2/5B2 w - - 0 1
0,1,0,0,0,0,0,1,-1,1,0,1,1,1,0,0,0,0,0,16,0,0,4,2,7,0,3,4,3,22,23,0,0,0,0,0,0,0,0,7,1,1,0,0,0,0,0,1,0,0,KRBKRNvK,DRAW,2KB4/8/7r/2n5/k7/8/8/1R6 b - - 0 1
0,1,0,0,0,0,0,1,-1,1,0,1,1,1,0,0,0,0,0,16,0,0,4,5,4,1,5,1,3,23,26,0,0,0,0,0,0,0,0,7,1,1,0,0,0,0,2,2,0,1,KRBKRNvK,DRAW,8/n3r3/1k5B/5K2/8/8/8/6R1 b - - 0 1
0,1,0,0,0,0,0,1,-1,1,0,1,1,1,0,0,0,0,0,16,0,0,4,7,6,6,2,5,3,27,22,0,0,0,0,0,0,0,0,7,1,1,0,0,0,0,2,2,0,1,KRBKRNvK,DRAW,5r2/7K/8/B7/8/2n3k1/3R4/8 b - - 0 1
0,1,0,0,0,0,0,1,-1,1,0,1,1,1,0,0,0,0,0,16,0,0,5,0,4,5,5,3,2,5,0,1,0,0,0,0,0,0,0,7,1,1,0,0,0,0,1,1,0,0,KRBKRNvK,DRAW,8/6n1/5k2/K7/2B5/8/5R2/1r6 b - - 0 1
1,1,0,0,0,0,0,1,-1,1,0,1,1,1,0,0,0,0,0,16,0,0,5,4,1,7,6,2,5,25,19,0,0,0,0,0,0,0,0,7,1,1,0,0,0,0,3,0,0,0,KRBKRNvK,DRAW,3R4/7k/8/8/8/1r6/4K2n/B7 w - - 0 1
0,1,0,0,0,0,0,1,-1,1,0,1,1,1,0,0,0,0,0,16,0,0,7,1,7,3,0,5,3,2,0,1,0,0,0,0,0,0,0,7,1,1,0,1,0,0,1,2,1,0,KRBKRNvK,DRAW,1K6/8/8/3n4/8/8/4r2B/1R1k4 b - - 0 1
0,1,0,0,0,0,0,1,-1,1,0,1,1,1,0,0,0,0,0,16,0,0,5,7,4,2,1,3,3,21,24,0,0,0,0,0,0,0,0,7,1,1,0,0,0,0,0,0,0,0,KRBKRNvK,WIN,2r5/1n2B3/8/7K/8/8/2k5/7R b - - 0 1
1,1,0,0,0,0,0,1,-1,1,0,1,1,1,0,0,0,0,0,16,0,0,3,5,1,2,4,3,1,31,14,0,0,0,0,0,0,0,0,7,1,1,1,0,0,0,2,2,2,0,KRBKRNvK,DRAW,8/3R4/4B3/1rk5/n7/8/5K2/8 w - - 0 1
1,1,0,0,0,0,0,1,-1,1,0,1,1,1,0,0,0,0,0,16,0,0,6,1,5,7,0,3,6,5,0,1,0,0,0,0,0,0,0,7,1,1,0,1,0,0,0,0,0,1,KRBKRNvK,DRAW,5R2/8/1K6/8/n7/8/1r6/3B3k w - - 0 1
1,1,0,0,0,0,0,1,-1,1,0,1,1,1,0,0,0,0,0,16,0,0,5,0,0,4,5,6,1,22,26,0,0,0,0,0,0,0,0,7,1,1,1,0,0,0,1,2,0,0,KRBKRNvK,DRAW,8/R7/4k3/6r1/8/4n3/8/KB6 w - - 0 1
1,1,0,0,0,0,0,1,-1,1,0,1,1,1,0,0,0,0,0,16,0,0,6,0,1,0,7,5,6,32,15,0,0,0,0,0,0,0,0,7,1,1,0,0,0,0,1,1,1,0,KRBKRNvK,DRAW,k7/8/2R5/4B2r/8/8/K7/6n1 w - - 0 1
0,1,0,0,0,0,0,1,-1,1,0,1,1,1,0,0,0,0,0,16,0,0,4,6,5,4,1,3,2,23,19,0,0,0,0,0,0,0,0,7,1,1,0,0,0,0,0,2,1,1,KRBKRNvK,DRAW,8/7B/6K1/8/4r3/6R1/2n1k3/8 b - - 0 1
0,1,0,0,0,0,0,1,-1,1,0,1,1,1,0,0,0,0,0,16,0,0,5,2,2,0,7,2,6,20,24,0,0,0,0,0,0,0,0,7,1,1,0,1,0,0,3,1,1,1,KRBKRNvK,DRAW,kB1R4/8/8/6n1/8/2K5/r7/8 b - - 0 1
1,1,0,0,0,0,0,1,-1,1,0,1,1,1,0,0,0,0,0,16,0,0,3,5,7,2,6,4,3,5,0,1,0,0,0,0,0,0,0,7,1,1,0,1,0,0,2,1,0,1,KRBKRNvK,DRAW,5K2/2kn4/8/8/8/8/7r/1B2R3 w - - 0 1
1,1,0,0,0,0,0,1,-1,1,0,1,1,1,0,0,0,0,0,16,0,0,2,2,3,2,5,1,2,22,13,0,0,0,0,0,0,0,0,7,1,1,0,0,0,0,2,1,0,1,KRBKRNvK,DRAW,8/7n/1rk5/8/2K5/3R4/8/3B4 w - - 0 1
1,1,0,0,0,0,0,1,-1,1,0,1,1,1,0,0,0,0,0,16,0,0,6,1,7,4,1,5,2,22,28,0,0,0,0,0,0,0,0,7,1,1,0,0,0,0,0,1,0,0,KRBKRNvK,DRAW,1KR5/8/8/8/5n2/7B/4k3/6r1 w - - 0 1
1,1,0,0,0,0,0,1,-1,1,0,1,1,1,0,0,0,0,0,16,0,0,7,7,4,0,2,3,4,1,0,1,0,0,0,0,0,0,0,7,1,1,0,0,0,0,2,0,1,0,KRBKRNvK,DRAW,8/8/4R3/4n2K/8/kB6/8/7r w - - 0 1
0,1,0,0,0,0,0,1,-1,1,0,1,1,1,0,0,0,0,0,16,0,0,5,2,2,0,7,2,6,17,18,0,0,0,0,0,0,0,0,7,1,1,0,1,0,0,1,2,1,1,KRBKRNvK,DRAW,k7/n7/B7/8/8/1RK5/3r4/8 b - - 0 1
1,1,0,0,0,0,0,1,-1,1,0,1,1,1,0,0,0,0,0,16,0,0,6,6,0,4,6,5,2,27,22,0,0,0,0,0,0,0,0,7,1,1,0,0,0,0,1,1,0,0,KRBKRNvK,DRAW,8/r1n1k3/8/8/8/3B4/8/1R4K1 w - - 0 1
0,1,0,0,0,0,0,1,-1,1,0,1,1,1,0,0,0,0,0,16,0,0,5,3,1,0,6,2,5,21,22,0,0,0,0,0,0,0,0,7,1,1,0,0,0,0,2,0,0,1,KRBKRNvK,DRAW,8/k1r5/8/8/8/8/1B1K3R/2n5 b - - 0 1
1,1,0,0,0,0,0,1,-1,1,0,1,1,1,0,0,0,0,0,16,0,0,5,5,0,0,4,4,3,28,22,0,0,0,0,0,0,0,0,7,1,1,0,0,0,0,0,1,0,0,KRBKRNvK,DRAW,2R5/8/1r2n3/k5B1/8/8/8/5K2 w - - 0 1
1,1,0,0,0,0,0,1,-1,1,0,1,1,1,0,0,0,0,0,16,0,0,3,0,5,3,2,4,1,3,0,1,0,0,0,0,0,0,0,7,1,1,1,1,0,0,2,2,0,0,KRBKRNvK,DRAW,6n1/7R/K7/8/8/3k4/r7/B7 w - - 0 1
0,1,0,0,0,0,0,1,-1,1,0,1,1,1,0,0,0,0,0,16,0,0,5,6,2,1,4,3,2,5,0,1,0,0,0,0,0,0,0,7,1,1,0,0,0,0,1,1,0,2,KRBKRNvK,DRAW,1R4B1/8/8/1k4n1/8/6K1/8/5r2 b - - 0 1
0,1,0,0,0,0,0,1,-1,1,0,1,1,1,0,0,0,0,0,16,0,0,7,4,7,6,0,3,5,5,0,1,0,0,0,0,0,0,0,7,1,1,1,0,0,0,0,0,0,0,KRBKRNvK,DRAW,4K3/6R1/8/8/8/Br6/n7/6k1 b - - 0 1
0,1,0,0,0,0,0,1,-1,1,0,1,1,1,0,0,0,0,0,16,0,0,2,1,5,3,4,3,0,3,0,1,0,0,0,0,0,0,0,7,1,1,0,1,0,0,3,3,1,0,KRBKRNvK,DRAW,4R3/8/1KB5/3k4/7n/8/7r/8 b - - 0 1
0,1,0,0,0,0,0,1,-1,1,0,1,1,1,0,0,0,0,0,16,0,0,7,5,7,6,0,4,5,15,17,0,0,0,0,0,0,0,0,7,1,1,0,0,0,0,0,1,0,0,KRBKRNvK,WIN,R4K2/8/B7/8/8/6n1/8/6kr b - - 0 1
0,1,0,0,0,0,0,1,-1,1,0,1,1,1,0,0,0,0,0,16,0,0,4,6,0,4,4,5,0,21,22,0,0,0,0,0,0,0,0,7,1,1,1,0,0,0,1,3,1,0,KRBKRNvK,DRAW,n5B1/6R1/8/4k3/5r2/8/8/6K1 b - - 0 1
1,1,0,0,0,0,0,1,-1,1,0,1,1,1,0,0,0,0,0,16,0,0,5,6,4,1,2,2,3,5,0,1,0,0,0,0,0,0,0,7,1,1,0,0,0,0,2,1,1,2,KRBKRNvK,DRAW,8/4Bn2/8/6K1/3R4/1k5r/8/8 w - - 0 1
0,1,0,0,0,0,0,1,-1,1,0,1,1,1,0,0,0,0,0,16,0,0,2,7,7,7,5,6,4,18,18,0,0,0,0,0,0,0,0,7,1,1,0,0,0,0,2,2,0,0,KRBKRNvK,DRAW,3RB2K/8/7k/8/2r5/8/7n/8 b - - 0 1
0,1,0,0,0,0,0,1,-1,1,0,1,1,1,0,0,0,0,0,16,0,0,4,6,5,2,2,3,2,24,27,0,0,0,0,0,0,0,0,7,1,1,0,0,0,0,3,2,0,0,KRBKRNvK,DRAW,8/8/1B4K1/6R1/8/2k5/7n/3r4 b - - 0 1
0,1,0,0,0,0,0,1,-1,1,0,1,1,1,0,0,0,0,0,16,0,0,2,4,2,4,0,1,3,22,20,0,0,0,0,0,0,0,0,7,1,1,0,1,0,0,4,2,0,1,KRBKRNvK,DRAW,B7/8/8/3R4/8/4Kn2/1r6/4k3 b - - 0 1
0,1,0,0,0,0,0,1,-1,1,0,1,1,1,0,0,0,0,0,16,0,0,6,6,6,0,5,4,4,17,31,0,0,0,0,0,0,0,0,7,1,1,0,0,0,0,0,2,0,0,KRBKRNvK,DRAW,8/2nB2K1/k7/r7/8/8/1R6/8 b - - 0 1
1,1,0,0,0,0,0,1,-1,1,0,1,1,1,0,0,0,0,0,16,0,0,7,7,5,0,5,4,4,26,19,0,0,0,0,0,0,0,0,7,1,1,0,0,0,0,1,3,1,0,KRBKRNvK,DRAW,2R5/8/k6K/r7/8/8/4nB2/8 w - - 0 1
0,1,0,0,0,0,0,1,-1,1,0,1,1,1,0,0,0,0,0,16,0,0,6,0,6,6,3,5,2,25,21,0,0,0,0,0,0,0,0,7,1,1,0,0,0,0,0,0,0,1,KRBKRNvK,DRAW,8/K3B3/n4r2/8/6k1/8/R7/8 b - - 0 1
1,1,0,0,0,0,0,1,-1,1,0,1,1,1,0,0,0,0,0,16,0,0,3,4,3,5,0,0,4,7,0,1,0,0,0,0,0,0,0,7,1,1,0,0,0,0,3,1,0,1,KRBKRNvK,DRAW,6rB/8/8/6R1/4K3/8/5n2/5k2 w - - 0 1
0,1,0,0,0,0,0,1,-1,1,0,1,1,1,0,0,0,0,0,16,0,0,4,5,7,1,6,4,4,23,27,0,0,0,0,0,0,0,0,7,1,1,0,0,0,0,2,2,1,0,KRBKRNvK,DRAW,2n2K2/1k1B4/8/2r5/4R3/8/8/8 b - - 0 1
1,1,0,0,0,0,0,1,-1,1,0,1,1,1,0,0,0,0,0,16,0,0,5,6,0,5,5,5,2,24,28,0,0,0,0,0,0,0,0,7,1,1,0,0,0,0,0,3,0,1,KRBKRNvK,DRAW,1R6/8/5k2/8/B2r4/6n1/8/6K1 w - - 0 1
0,1,0,0,0,0,0,1,-1,1,0,1,1,1,0,0,0,0,0,16,0,0,3,4,3,1,5,0,3,19,25,0,0,0,0,0,0,0,0,7,1,1,1,0,0,0,4,2,0,0,KRBKRNvK,DRAW,1n6/5R2/1k6/r7/4K3/3B4/8/8 b - - 0 1
1,1,0,0,0,0,0,1,-1,1,0,1,1,1,0,0,0,0,0,16,0,0,3,2,4,5,1,1,3,30,23,0,0,0,0,0,0,0,0,7,1,1,0,0,0,0,3,2,1,0,KRBKRNvK,DRAW,8/1B6/8/2K4n/3R4/8/5k2/4r3 w - - 0 1
0,1,0,0,0,0,0,1,-1,1,0,1,1,1,0,0,0,0,0,16,0,0,5,6,6,1,5,4,3,22,26,0,0,0,0,0,0,0,0,7,1,1,1,0,0,0,2,2,1,0,KRBKRNvK,DRAW,3n4/3R2K1/1k6/r7/8/8/8/4B3 b - - 0 1
0,1,0,0,0,0,0,1,-1,1,0,1,1,1,0,0,0,0,0,16,0,0,4,5,0,1,3,4,2,22,28,0,0,0,0,0,0,0,0,7,1,1,0,0,0,0,1,1,1,0,KRBKRNvK,DRAW,1r6/8/3n4/8/1k6/7R/2B5/5K2 b - - 0 1
1,1,0,0,0,0,0,1,-1,1,0,1,1,1,0,0,0,0,0,16,0,0,3,2,7,5,5,4,2,5,0,1,0,0,0,0,0,0,0,7,1,1,1,1,0,0,2,1,0,0,KRBKRNvK,DRAW,2K5/R7/5k2/n7/8/8/2r5/7B w - - 0 1
0,1,0,0,0,0,0,1,-1,1,0,1,1,1,0,0,0,0,0,16,0,0,2,6,7,4,7,5,3,15,19,0,0,0,0,0,0,0,0,7,1,1,1,0,0,0,2,2,2,0,KRBKRNvK,DRAW,n1B1k1K1/3R4/8/8/8/8/8/4r3 b - - 0 1
0,1,0,0,0,0,0,1,-1,1,0,1,1,1,0,0,0,0,0,16,0,0,4,1,1,0,5,4,4,20,17,0,0,0,0,0,0,0,0,7,1,1,0,0,0,0,2,2,1,1,KRBKRNvK,DRAW,8/8/k7/8/1R6/3rn3/1K6/2B5 b - - 0 1
1,1,0,0,0,0,0,1,-1,1,0,1,1,1,0,0,0,0,0,16,0,0,2,6,6,4,7,4,3,25,15,0,0,0,0,0,0,0,0,7,1,1,0,0,0,0,2,0,0,1,KRBKRNvK,WIN,4kr2/6K1/8/7R/8/8/n3B3/8 w - - 0 1
1,1,0,0,0,0,0,1,-1,1,0,1,1,1,0,0,0,0,0,16,0,0,3,7,4,7,7,3,6,5,0,1,0,0,0,0,0,0,0,7,1,1,0,1,0,0,1,3,1,1,KRBKRNvK,DRAW,7k/8/5R2/7K/8/6n1/2Br4/8 w - - 0 1
1,1,0,0,0,0,0,1,-1,1,0,1,1,1,0,0,0,0,0,16,0,0,3,0,2,0,5,4,4,5,0,1,0,0,0,0,0,0,0,7,1,1,0,0,0,0,2,1,1,1,KRBKRNvK,LOSS,8/B7/k7/1n6/8/K7/3R4/3r4 w - - 0 1
1,1,0,0,0,0,0,1,-1,1,0,1,1,1,0,0,0,0,0,16,0,0,5,7,7,2,5,6,2,21,15,0,0,0,0,0,0,0,0,7,1,1,0,0,0,0,1,2,2,0,KRBKRNvK,DRAW,4n2K/8/2k5/2r5/1RB5/8/8/8 w - - 0 1
0,1,0,0,0,0,0,1,-1,1,0,1,1,1,0,0,0,0,0,16,0,0,2,5,7,7,5,4,4,21,24,0,0,0,0,0,0,0,0,7,1,1,0,1,0,0,2,1,0,0,KRBKRNvK,DRAW,5K2/8/B6k/8/4R3/8/2n3r1/8 b - - 0 1
1,1,0,0,0,0,0,1,-1,1,0,1,1,1,0,0,0,0,0,16,0,0,2,7,3,7,5,3,4,2,0,1,0,0,0,0,0,0,0,7,1,1,0,0,0,0,2,3,0,2,KRBKRNvK,DRAW,8/8/2B3nk/8/5r1K/8/7R/8 w - - 0 1
0,1,0,0,0,0,0,1,-1,1,0,1,1,1,0,0,0,0,0,16,0,0,4,7,2,3,2,4,1,6,0,1,0,0,0,0,0,0,0,7,1,1,0,0,0,0,1,2,0,0,KRBKRNvK,DRAW,R2n4/8/6B1/8/8/1r1k3K/8/8 b - - 0 1
0,1,0,0,0,0,0,1,-1,1,0,1,1,1,0,0,0,0,0,16,0,0,3,4,2,1,5,1,3,24,22,0,0,0,0,0,0,0,0,7,1,1,0,0,0,0,4,2,0,1,KRBKRNvK,DRAW,8/8/1k6/n4r2/4R3/4K3/B7/8 b - - 0 1
1,1,0,0,0,0,0,1,-1,1,0,1,1,1,0,0,0,0,0,16,0,0,6,4,7,6,1,3,4,24,22,0,0,0,0,0,0,0,0,7,1,1,0,0,0,0,1,2,0,0,KRBKRNvK,DRAW,4K3/7n/8/8/5r2/8/B5k1/2R5 w - - 0 1
0,1,0,0,0,0,0,1,-1,1,0,1,1,1,0,0,0,0,0,16,0,0,4,4,0,5,4,3,1,6,0,1,0,0,0,0,0,0,0,7,1,1,0,0,0,0,3,3,0,0,KRBKRNvK,DRAW,8/8/8/5k2/5r2/1n6/2B5/3RK3 b - - 0 1
1,1,0,0,0,0,0,1,-1,1,0,1,1,1,0,0,0,0,0,16,0,0,2,0,2,2,4,4,1,22,27,0,0,0,0,0,0,0,0,7,1,1,1,0,0,0,0,3,0,1,KRBKRNvK,DRAW,8/7R/8/2kn4/1r6/K7/8/3B4 w - - 0 1
0,1,0,0,0,0,0,1,-1,1,0,1,1,1,0,0,0,0,0,16,0,0,6,5,6,7,0,3,6,19,23,0,0,0,0,0,0,0,0,7,1,1,1,1,0,0,2,1,0,0,KRBKRNvK,DRAW,8/3BRK2/8/8/8/8/r4n2/7k b - - 0 1
1,1,0,0,0,0,0,1,-1,1,0,1,1,1,0,0,0,0,0,16,0,0,2,1,2,1,4,3,2,5,0,1,0,0,0,0,0,0,0,7,1,1,0,0,0,0,0,1,0,1,KRBKRNvK,DRAW,8/5r2/8/1kn5/8/1K4R1/8/4B3 w - - 0 1
1,1,0,0,0,0,0,1,-1,1,0,1,1,1,0,0,0,0,0,16,0,0,3,4,5,7,6,1,5,27,19,0,0,0,0,0,0,0,0,7,1,1,0,0,0,0,3,1,0,0,KRBKRNvK,DRAW,8/7k/4K3/2R5/1n6/8/5B2/5r2 w - - 0 1
1,1,0,0,0,0,0,1,-1,1,0,1,1,1,0,0,0,0,0,16,0,0,6,7,7,1,6,6,4,3,0,1,0,0,0,0,0,0,0,7,1,1,0,1,0,0,0,1,1,1,KRBKRNvK,LOSS,7K/1k3n2/2R5/8/8/8/5r2/5B2 w - - 0 1
0,1,0,0,0,0,0,1,-1,1,0,1,1,1,0,0,0,0,0,16,0,0,6,6,2,0,0,3,6,3,0,1,0,0,0,0,0,0,0,7,1,1,1,0,0,0,0,3,0,1,KRBKRNvK,DRAW,4B3/R7/8/3r4/5n2/6K1/8/k7 b - - 0 1
0,1,0,0,0,0,0,1,-1,1,0,1,1,1,0,0,0,0,0,16,0,0,5,2,0,7,4,4,3,25,19,0,0,0,0,0,0,0,0,7,1,1,0,0,0,0,1,3,0,0,KRBKRNvK,DRAW,3r4/8/2n5/7k/8/8/2B5/R1K5 b - - 0 1
0,1,0,0,0,0,0,1,-1,1,0,1,1,1,0,0,0,0,0,16,0,0,6,0,5,6,3,4,2,7,0,1,0,0,0,0,0,0,0,7,1,1,0,1,0,0,0,1,0,0,KRBKRNvK,DRAW,8/8/K7/8/3n2k1/B7/3r4/6R1 b - - 0 1
1,1,0,0,0,0,0,1,-1,1,0,1,1,1,0,0,0,0,0,16,0,0,2,5,3,3,3,1,0,2,0,1,0,0,0,0,0,0,0,7,1,1,0,0,0,0,2,3,1,2,KRBKRNvK,DRAW,8/8/5r1n/8/3k1K2/8/5R2/4B3 w - - 0 1
1,1,0,0,0,0,0,1,-1,1,0,1,1,1,0,0,0,0,0,16,0,0,3,3,5,0,6,1,5,24,15,0,0,0,0,0,0,0,0,7,1,1,0,0,0,0,2,0,0,0,KRBKRNvK,DRAW,5B1r/k7/3K4/8/n7/8/8/1R6 w - - 0 1
0,1,0,0,0,0,0,1,-1,1,0,1,1,1,0,0,0,0,0,16,0,0,5,0,0,5,2,6,2,5,0,1,0,0,0,0,0,0,0,7,1,1,0,0,0,0,0,1,1,0,KRBKRNvK,DRAW,5Rn1/8/8/6B1/8/5kr1/8/K7 b - - 0 1
0,1,0,0,0,0,0,1,-1,1,0,1,1,1,0,0,0,0,0,16,0,0,3,4,6,1,4,2,2,6,0,1,0,0,0,0,0,0,0,7,1,1,0,0,0,0,1,2,0,0,KRBKRNvK,DRAW,1n6/4K3/4B3/1k6/6r1/8/8/1R6 b - - 0 1
0,1,0,0,0,0,0,1,-1,1,0,1,1,1,0,0,0,0,0,16,0,0,4,0,5,4,7,4,3,3,0,1,0,0,0,0,0,0,0,7,1,1,0,0,0,0,0,2,0,0,KRBKRNvK,LOSS,1R2k2r/8/K4n2/8/8/8/4B3/8 b - - 0 1
0,1,0,0,0,0,0,1,-1,1,0,1,1,1,0,0,0,0,0,16,0,0,7,1,7,1,0,5,5,18,21,0,0,0,0,0,0,0,0,7,1,1,0,0,0,0,0,0,0,1,KRBKRNvK,DRAW,1Kn4R/8/8/8/B7/8/8/1kr5 b - - 0 1
1,1,0,0,0,0,0,1,-1,1,0,1,1,1,0,0,0,0,0,16,0,0,5,6,5,4,0,3,3,7,0,1,0,0,0,0,0,0,0,7,1,1,0,1,0,0,1,2,0,0,KRBKRNvK,DRAW,8/8/4B1K1/8/8/1Rn5/6r1/4k3 w - - 0 1
0,1,0,0,0,0,0,1,-1,1,0,1,1,1,0,0,0,0,0,16,0,0,5,7,7,2,3,6,1,5,0,1,0,0,0,0,0,0,0,7,1,1,0,0,0,0,2,2,1,0,KRBKRNvK,DRAW,7K/8/1B6/n7/2k4R/r7/8/8 b - - 0 1
0,1,0,0,0,0,0,1,-1,1,0,1,1,1,0,0,0,0,0,16,0,0,5,2,1,1,6,3,4,21,24,0,0,0,0,0,0,0,0,7,1,1,0,0,0,0,2,2,0,1,KRBKRNvK,DRAW,4R3/1k6/8/5r2/B7/8/n1K5/8 b - - 0 1
1,1,0,0,0,0,0,1,-1,1,0,1,1,1,0,0,0,0,0,16,0,0,5,0,1,2,6,5,3,21,30,0,0,0,0,0,0,0,0,7,1,1,0,0,0,0,3,1,0,0,KRBKRNvK,DRAW,8/2k5/8/2n5/R7/8/K7/B4r2 w - - 0 1
0,1,0,0,0,0,0,1,-1,1,0,1,1,1,0,0,0,0,0,16,0,0,4,6,3,2,6,2,3,22,26,0,0,0,0,0,0,0,0,7,1,1,0,0,0,0,2,1,0,0,KRBKRNvK,DRAW,8/2k2n2/2r5/8/1B1R2K1/8/8/8 b - - 0 1
0,1,0,0,0,0,0,1,-1,1,0,1,1,1,0,0,0,0,0,16,0,0,5,7,0,4,5,6,1,27,24,0,0,0,0,0,0,0,0,7,1,1,0,1,0,0,0,3,1,0,KRBKRNvK,DRAW,8/8/3nk3/6B1/8/1R6/r7/7K b - - 0 1
1,1,0,0,0,0,0,1,-1,1,0,1,1,1,0,0,0,0,0,16,0,0,4,2,0,4,4,4,0,27,19,0,0,0,0,0,0,0,0,7,1,1,0,0,0,0,1,3,1,0,KRBKRNvK,DRAW,8/3r4/3n4/4k3/8/5R2/2B5/2K5 w - - 0 1
1,1,0,0,0,0,0,1,-1,1,0,1,1,1,0,0,0,0,0,16,0,0,2,3,3,1,4,0,2,6,0,1,0,0,0,0,0,0,0,7,1,1,0,1,0,0,4,1,2,2,KRBKRNvK,DRAW,8/8/3R4/1k6/1B1K4/1n6/1r6/8 w - - 0 1
1,1,0,0,0,0,0,1,-1,1,0,1,1,1,0,0,0,0,0,16,0,0,2,1,2,3,2,3,1,26,19,0,0,0,0,0,0,0,0,7,1,1,0,0,0,0,2,3,2,0,KRBKRNvK,DRAW,3r4/2n5/8/8/5R2/1K1k4/5B2/8 w - - 0 1
0,1,0,0,0,0,0,1,-1,1,0,1,1,1,0,0,0,0,0,16,0,0,4,3,2,6,6,1,4,4,0,1,0,0,0,0,0,0,0,7,1,1,0,1,0,0,3,0,1,2,KRBKRNvK,LOSS,8/6k1/3R4/4B3/8/3K4/2r5/5n2 b - - 0 1
1,1,0,0,0,0,0,1,-1,1,0,1,1,1,0,0,0,0,0,16,0,0,6,7,5,1,1,4,4,24,16,0,0,0,0,0,0,0,0,7,1,1,0,0,0,0,1,0,0,0,KRBKRNvK,DRAW,8/8/6BK/8/8/6R1/1k6/2r1n3 w - - 0 1
0,1,0,0,0,0,0,1,-1,1,0,1,1,1,0,0,0,0,0,16,0,0,6,3,0,5,6,3,3,28,27,0,0,0,0,0,0,0,0,7,1,1,0,0,0,0,1,1,1,0,KRBKRNvK,DRAW,2r5/5k2/8/4B3/5n2/R7/8/3K4 b - - 0 1
0,1,0,0,0,0,0,1,-1,1,0,1,1,1,0,0,0,0,0,16,0,0,5,6,1,4,6,4,2,6,0,1,0,0,0,0,0,0,0,7,1,1,0,0,0,0,2,1,2,0,KRBKRNvK,DRAW,1n6/4k3/3r4/3R2B1/8/8/6K1/8 b - - 0 1
0,1,0,0,0,0,0,1,-1,1,0,1,1,1,0,0,0,0,0,16,0,0,3,6,1,4,4,4,0,17,29,0,0,0,0,0,0,0,0,7,1,1,0,0,0,0,1,4,0,0,KRBKRNvK,DRAW,2R5/4rn2/8/4k3/8/8/6K1/1B6 b - - 0 1
0,1,0,0,0,0,0,1,-1,1,0,1,1,1,0,0,0,0,0,16,0,0,6,5,0,3,6,4,2,25,21,0,0,0,0,0,0,0,0,7,1,1,0,1,0,0,3,2,0,1,KRBKRNvK,DRAW,5n2/B2k4/8/R7/8/8/4r3/5K2 b - - 0 1
1,1,0,0,0,0,0,1,-1,1,0,1,1,1,0,0,0,0,0,16,0,0,3,2,2,5,3,2,1,29,17,0,0,0,0,0,0,0,0,7,1,1,1,1,0,0,3,2,0,1,KRBKRNvK,DRAW,7n/3R4/8/8/5k2/2K5/r1B5/8 w - - 0 1
0,1,0,0,0,0,0,1,-1,1,0,1,1,1,0,0,0,0,0,16,0,0,4,6,3,5,7,2,4,2,0,1,0,0,0,0,0,0,0,7,1,1,0,0,0,0,1,1,1,0,KRBKRNvK,DRAW,5k1R/8/r7/1n1B4/6K1/8/8/8 b - - 0 1
0,1,0,0,0,0,0,1,-1,1,0,1,1,1,0,0,0,0,0,16,0,0,2,4,5,4,7,1,3,1,0,1,0,0,0,0,0,0,0,7,1,1,0,0,0,0,3,1,2,0,KRBKRNvK,DRAW,4k3/8/2B1KR2/8/8/r7/5n2/8 b - - 0 1
1,1,0,0,0,0,0,1,-1,1,0,1,1,1,0,0,0,0,0,16,0,0,2,0,5,0,7,4,6,26,16,0,0,0,0,0,0,0,0,7,1,1,0,1,0,0,1,0,0,0,KRBKRNvK,WIN,k7/6n1/K6R/8/5B2/8/6r1/8 w - - 0 1
0,1,0,0,0,0,0,1,-1,1,0,1,1,1,0,0,0,0,0,16,0,0,4,7,2,3,4,4,0,6,0,1,0,0,0,0,0,0,0,7,1,1,0,0,0,0,1,3,1,0,KRBKRNvK,LOSS,1R4r1/1B6/6n1/3k4/8/7K/8/8 b - - 0 1
0,1,0,0,0,0,0,1,-1,1,0,1,1,1,0,0,0,0,0,16,0,0,2,6,4,5,6,2,3,24,23,0,0,0,0,0,0,0,0,7,1,1,0,0,0,0,0,0,0,1,KRBKRNvK,DRAW,8/5k2/2r5/4n1K1/8/B7/1R6/8 b - - 0 1
1,1,0,0,0,0,0,1,-1,1,0,1,1,1,0,0,0,0,0,16,0,0,6,4,0,4,6,3,2,4,0,1,0,0,0,0,0,0,0,7,1,1,0,0,0,0,2,1,1,1,KRBKRNvK,DRAW,2R5/4k3/8/2n5/8/5B2/8/2r1K3 w - - 0 1
1,1,0,0,0,0,0,1,-1,1,0,1,1,1,0,0,0,0,0,16,0,0,3,5,6,3,3,3,0,12,23,0,0,0,0,0,0,0,0,7,1,1,0,0,0,0,0,4,0,0,KRBKRNvK,DRAW,5RB1/5K2/8/8/2rk4/3n4/8/8 w - - 0 1
0,1,0,0,0,0,0,1,-1,1,0,1,1,1,0,0,0,0,0,16,0,0,4,5,6,1,4,3,2,21,25,0,0,0,0,0,0,0,0,7,1,1,0,0,0,0,1,2,1,2,KRBKRNvK,DRAW,6n1/B4K2/8/1k2r3/8/7R/8/8 b - - 0 1
1,1,0,0,0,0,0,1,-1,1,0,1,1,1,0,0,0,0,0,16,0,0,2,3,3,2,5,0,2,21,19,0,0,0,0,0,0,0,0,7,1,1,0,0,0,0,4,1,1,0,KRBKRNvK,WIN,8/B6n/2k3r1/8/3K4/8/R7/8 w - - 0 1
0,1,0,0,0,0,0,1,-1,1,0,1,1,1,0,0,0,0,0,16,0,0,3,4,3,5,6,0,3,6,0,1,0,0,0,0,0,0,0,7,1,1,0,0,0,0,3,1,1,0,KRBKRNvK,DRAW,8/5k2/1r6/4B3/4K3/1n6/5R2/8 b - - 0 1
0,1,0,0,0,0,0,1,-1,1,0,1,1,1,0,0,0,0,0,16,0,0,2,0,4,2,2,3,2,4,0,1,0,0,0,0,0,0,0,7,1,1,0,0,0,0,3,2,1,0,KRBKRNvK,DRAW,8/7B/8/K1R5/5n2/2k5/8/7r b - - 0 1
1,1,0,0,0,0,0,1,-1,1,0,1,1,1,0,0,0,0,0,16,0,0,5,0,2,5,6,4,3,25,23,0,0,0,0,0,0,0,0,7,1,1,0,0,0,0,2,2,1,1,KRBKRNvK,DRAW,8/1r3k2/8/4R3/8/K1nB4/8/8 w - - 0 1
1,1,0,0,0,0,0,1,-1,1,0,1,1,1,0,0,0,0,0,16,0,0,4,5,2,2,6,2,3,29,20,0,0,0,0,0,0,0,0,7,1,1,0,0,0,0,1,2,1,1,KRBKRNvK,DRAW,8/2k3nB/1R6/7r/8/5K2/8/8 w - - 0 1
1,1,0,0,0,0,0,1,-1,1,0,1,1,1,0,0,0,0,0,16,0,0,6,1,0,6,6,5,4,5,0,1,0,0,0,0,0,0,0,7,1,1,0,0,0,0,0,2,0,0,KRBKRNvK,DRAW,8/3B2k1/8/8/1r6/R7/8/1K5n w - - 0 1
0,1,0,0,0,0,0,1,-1,1,0,1,1,1,0,0,0,0,0,16,0,0,5,0,2,5,3,4,1,6,0,1,0,0,0,0,0,0,0,7,1,1,0,0,0,0,0,3,1,0,KRBKRNvK,DRAW,1R6/5r2/5n1B/8/5k2/K7/8/8 b - - 0 1
1,1,0,0,0,0,0,1,-1,1,0,1,1,1,0,0,0,0,0,16,0,0,4,6,7,2,5,5,2,30,22,0,0,0,0,0,0,0,0,7,1,1,0,0,0,0,2,2,1,0,KRBKRNvK,DRAW,6K1/8/r1k2B2/8/4R3/1n6/8/8 w - - 0 1
1,1,0,0,0,0,0,1,-1,1,0,1,1,1,0,0,0,0,0,16,0,0,2,4,3,5,1,0,3,16,24,0,0,0,0,0,0,0,0,7,1,1,0,0,0,0,4,2,0,1,KRBKRNvK,WIN,4n3/8/8/B1r5/1R2K3/8/5k2/8 w - - 0 1
0,1,0,0,0,0,0,1,-1,1,0,1,1,1,0,0,0,0,0,16,0,0,3,4,1,1,2,2,3,23,28,0,0,0,0,0,0,0,0,7,1,1,0,0,0,0,2,0,0,0,KRBKRNvK,DRAW,2n2B2/8/2r5/5R2/8/1k6/4K3/8 b - - 0 1
0,1,0,0,0,0,0,1,-1,1,0,1,1,1,0,0,0,0,0,16,0,0,4,0,4,4,7,3,3,19,28,0,0,0,0,0,0,0,0,7,1,1,0,0,0,0,2,0,0,0,KRBKRNvK,DRAW,4k3/6r1/8/K7/8/2B5/5R2/6n1 b - - 0 1
1,1,0,0,0,0,0,1,-1,1,0,1,1,1,0,0,0,0,0,16,0,0,3,2,1,0,4,3,3,23,22,0,0,0,0,0,0,0,0,7,1,1,0,0,0,0,3,2,0,1,KRBKRNvK,DRAW,6B1/8/8/k7/3r4/8/2K1R3/6n1 w - - 0 1
1,1,0,0,0,0,0,1,-1,1,0,1,1,1,0,0,0,0,0,16,0,0,3,7,5,6,2,4,3,2,0,1,0,0,0,0,0,0,0,7,1,1,0,0,0,0,2,1,0,1,KRBKRNvK,DRAW,8/8/2B4K/5n2/8/6kr/1R6/8 w - - 0 1
1,1,0,0,0,0,0,1,-1,1,0,1,1,1,0,0,0,0,0,16,0,0,3,0,5,3,7,4,3,23,21,0,0,0,0,0,0,0,0,7,1,1,0,0,0,0,1,1,0,0,KRBKRNvK,DRAW,3k4/3n4/K5B1/8/8/8/2R5/1r6 w - - 0 1
1,1,0,0,0,0,0,1,-1,1,0,1,1,1,0,0,0,0,0,16,0,0,3,1,2,0,5,3,4,5,0,1,0,0,0,0,0,0,0,7,1,1,0,0,0,0,2,0,0,1,KRBKRNvK,DRAW,3B4/8/k7/8/8/1K5r/8/n3R3 w - - 0 1
0,1,0,0,0,0,0,1,-1,1,0,1,1,1,0,0,0,0,0,16,0,0,2,0,6,0,4,5,3,22,21,0,0,0,0,0,0,0,0,7,1,1,1,0,0,0,2,1,0,0,KRBKRNvK,DRAW,7r/K4R2/8/k7/1n6/8/8/B7 b - - 0 1
0,1,0,0,0,0,0,1,-1,1,0,1,1,1,0,0,0,0,0,16,0,0,6,1,0,2,6,5,3,22,25,0,0,0,0,0,0,0,0,7,1,1,0,0,0,0,0,2,0,0,KRBKRNvK,DRAW,1n6/2k5/8/8/6r1/1R6/8/1K2B3 b - - 0 1
1,1,0,0,0,0,0,1,-1,1,0,1,1,1,0,0,0,0,0,16,0,0,6,0,6,1,0,5,5,20,25,0,0,0,0,0,0,0,0,7,1,1,1,1,0,0,2,1,0,1,KRBKRNvK,DRAW,8/K3R3/8/2n5/8/8/1r6/1k2B3 w - - 0 1
0,1,0,0,0,0,0,1,-1,1,0,1,1,1,0,0,0,0,0,16,0,0,4,4,1,0,3,2,3,4,0,1,0,0,0,0,0,0,0,7,1,1,0,0,0,0,0,2,0,0,KRBKRNvK,DRAW,4nR2/8/8/1r6/k7/8/4K3/3B4 b - - 0 1
0,1,0,0,0,0,0,1,-1,1,0,1,1,1,0,0,0,0,0,16,0,0,4,4,4,0,5,0,4,18,24,0,0,0,0,0,0,0,0,7,1,1,1,0,0,0,4,0,1,0,KRBKRNvK,DRAW,1r6/4R3/k7/4K3/B7/8/8/7n b - - 0 1
1,1,0,0,0,0,0,1,-1,1,0,1,1,1,0,0,0,0,0,16,0,0,7,5,0,4,7,4,3,24,20,0,0,0,0,0,0,0,0,7,1,1,1,0,0,0,0,3,0,1,KRBKRNvK,DRAW,4k3/7R/4n3/B7/8/4r3/8/5K2 w - - 0 1
0,1,0,0,0,0,0,1,-1,1,0,1,1,1,0,0,0,0,0,16,0,0,5,6,5,2,0,3,4,21,29,0,0,0,0,0,0,0,0,7,1,1,0,0,0,0,2,2,0,1,KRBKRNvK,DRAW,8/n7/5BK1/8/4r3/5R2/8/2k5 b - - 0 1
1,1,0,0,0,0,0,1,-1,1,0,1,1,1,0,0,0,0,0,16,0,0,3,3,6,0,7,2,6,26,23,0,0,0,0,0,0,0,0,7,1,1,0,0,0,0,0,1,0,1,KRBKRNvK,DRAW,k4B2/3K4/1r6/8/8/6R1/3n4/8 w - - 0 1
0,1,0,0,0,0,0,1,-1,1,0,1,1,1,0,0,0,0,0,16,0,0,7,4,0,1,7,3,5,4,0,1,0,0,0,0,0,0,0,7,1,1,0,0,0,0,1,1,0,0,KRBKRNvK,LOSS,1k6/8/8/4B1n1/8/1r3R2/8/4K3 b - - 0 1
1,1,0,0,0,0,0,1,-1,1,0,1,1,1,0,0,0,0,0,16,0,0,2,1,4,2,6,2,3,23,27,0,0,0,0,0,0,0,0,7,1,1,0,0,0,0,2,1,0,1,KRBKRNvK,DRAW,5B2/2k5/8/1K5R/8/3n4/8/5r2 w - - 0 1
1,1,0,0,0,0,0,1,-1,1,0,1,1,1,0,0,0,0,0,16,0,0,7,6,0,3,7,5,3,2,0,1,0,0,0,0,0,0,0,7,1,1,0,0,0,0,2,2,1,0,KRBKRNvK,DRAW,3k4/8/2R5/8/7n/8/8/3r2KB w - - 0 1
0,1,0,0,0,0,0,1,-1,1,0,1,1,1,0,0,0,0,0,16,0,0,5,3,6,0,1,2,5,3,0,1,0,0,0,0,0,0,0,7,1,1,0,0,0,0,2,1,1,0,KRBKRNvK,DRAW,3B4/3K4/6r1/8/R7/3n4/k7/8 b - - 0 1
0,1,0,0,0,0,0,1,-1,1,0,1,1,1,0,0,0,0,0,16,0,0,4,1,0,5,2,5,2,4,0,1,0,0,0,0,0,0,0,7,1,1,0,0,0,0,0,2,2,0,KRBKRNvK,LOSS,5n2/8/8/8/6r1/5k2/8/1K1B2R1 b - - 0 1
1,1,0,0,0,0,0,1,-1,1,0,1,1,1,0,0,0,0,0,16,0,0,5,1,6,0,1,4,5,6,0,1,0,0,0,0,0,0,0,7,1,1,0,0,0,0,1,0,0,1,KRBKRNvK,DRAW,8/1K6/8/1rB1n3/8/5R2/k7/8 w - - 0 1
1,1,0,0,0,0,0,1,-1,1,0,1,1,1,0,0,0,0,0,16,0,0,3,5,3,2,4,1,1,4,0,1,0,0,0,0,0,0,0,7,1,1,0,0,0,0,2,3,0,2,KRBKRNvK,DRAW,8/8/8/2k2B2/3r1K2/8/1R4n1/8 w - - 0 1
1,1,0,0,0,0,0,1,-1,1,0,1,1,1,0,0,0,0,0,16,0,0,3,5,1,4,4,3,0,6,0,1,0,0,0,0,0,0,0,7,1,1,0,0,0,0,1,3,1,1,KRBKRNvK,DRAW,8/5B2/5r2/4k3/8/8/1R1n1K2/8 w - - 0 1
0,1,0,0,0,0,0,1,-1,1,0,1,1,1,0,0,0,0,0,16,0,0,3,4,4,4,1,0,2,5,0,1,0,0,0,0,0,0,0,7,1,1,0,0,0,0,3,0,1,0,KRBKRNvK,DRAW,4n1r1/8/8/2B1K3/8/8/2R1k3/8 b - - 0 1
0,1,0,0,0,0,0,1,-1,1,0,1,1,1,0,0,0,0,0,16,0,0,2,3,2,1,4,1,2,4,0,1,0,0,0,0,0,0,0,7,1,1,0,1,0,0,3,1,1,2,KRBKRNvK,LOSS,1R6/8/8/1k6/3B4/3K4/4nr2/8 b - - 0 1
0,1,0,0,0,0,0,1,-1,1,0,1,1,1,0,0,0,0,0,16,0,0,7,0,5,7,7,4,6,1,0,1,0,0,0,0,0,0,0,7,1,1,0,0,0,0,1,2,0,2,KRBKRNvK,DRAW,n1R4k/8/K7/8/1r6/8/8/1B6 b - - 0 1
1,1,0,0,0,0,0,1,-1,1,0,1,1,1,0,0,0,0,0,16,0,0,3,4,5,4,2,1,1,25,26,0,0,0,0,0,0,0,0,7,1,1,0,0,0,0,2,2,0,0,KRBKRNvK,DRAW,8/8/2R1K3/8/1r6/4k3/3n3B/8 w - - 0 1
0,1,0,0,0,0,0,1,-1,1,0,1,1,1,0,0,0,0,0,16,0,0,4,7,2,3,5,4,1,5,0,1,0,0,0,0,0,0,0,7,1,1,0,0,0,0,0,3,0,1,KRBKRNvK,LOSS,8/4r3/R2k4/6B1/8/7K/6n1/8 b - - 0 1
0,1,0,0,0,0,0,1,-1,1,0,1,1,1,0,0,0,0,0,16,0,0,3,3,1,0,3,2,3,25,17,0,0,0,0,0,0,0,0,7,1,1,0,0,0,0,1,3,1,1,KRBKRNvK,DRAW,8/8/8/7r/k7/2nB4/2RK4/8 b - - 0 1
1,1,0,0,0,0,0,1,-1,1,0,1,1,1,0,0,0,0,0,16,0,0,3,4,1,7,2,2,4,5,0,1,0,0,0,0,0,0,0,7,1,1,1,1,0,0,0,1,1,2,KRBKRNvK,DRAW,8/5R2/8/8/5n2/6Bk/4K1r1/8 w - - 0 1
0,1,0,0,0,0,0,1,-1,1,0,1,1,1,0,0,0,0,0,16,0,0,2,3,4,1,4,0,2,23,19,0,0,0,0,0,0,0,0,7,1,1,0,0,0,0,3,0,0,1,KRBKRNvK,DRAW,8/7B/2r5/1k1K4/8/8/8/5nR1 b - - 0 1
0,1,0,0,0,0,0,1,-1,1,0,1,1,1,0,0,0,0,0,16,0,0,7,6,0,5,7,5,4,22,21,0,0,0,0,0,0,0,0,7,1,1,0,0,0,0,2,1,0,0,KRBKRNvK,DRAW,5k2/8/8/r2n4/8/7B/8/3R2K1 b - - 0 1
0,1,0,0,0,0,0,1,-1,1,0,1,1,1,0,0,0,0,0,16,0,0,4,0,1,4,0,5,3,2,0,1,0,0,0,0,0,0,0,7,1,1,0,0,0,0,2,0,2,0,KRBKRNvK,DRAW,1n6/8/7r/8/8/2B2R2/K7/4k3 b - - 0 1
1,1,0,0,0,0,0,1,-1,1,0,1,1,1,0,0,0,0,0,16,0,0,4,3,6,3,2,2,1,25,18,0,0,0,0,0,0,0,0,7,1,1,1,0,0,0,1,4,1,0,KRBKRNvK,DRAW,n7/2RK4/8/r7/8/3k4/5B2/8 w - - 0 1
1,1,0,0,0,0,0,1,-1,1,0,1,1,1,0,0,0,0,0,16,0,0,3,3,1,6,1,2,4,30,20,0,0,0,0,0,0,0,0,7,1,1,0,0,0,0,1,3,1,0,KRBKRNvK,DRAW,8/8/4n3/2B1r3/8/8/3K2k1/7R w - - 0 1
1,1,0,0,0,0,0,1,-1,1,0,1,1,1,0,0,0,0,0,16,0,0,7,3,7,2,0,3,4,2,0,1,0,0,0,0,0,0,0,7,1,1,0,0,0,0,3,0,0,1,KRBKRNvK,DRAW,3K1r2/8/n2R4/5B2/8/8/8/2k5 w - - 0 1
0,1,0,0,0,0,0,1,-1,1,0,1,1,1,0,0,0,0,0,16,0,0,3,3,0,6,2,3,3,19,23,0,0,0,0,0,0,0,0,7,1,1,0,0,0,0,1,0,1,0,KRBKRNvK,WIN,8/8/1B6/8/8/r5k1/6n1/3K3R b - - 0 1
1,1,0,0,0,0,0,1,-1,1,0,1,1,1,0,0,0,0,0,16,0,0,5,1,4,6,5,2,3,30,21,0,0,0,0,0,0,0,0,7,1,1,0,0,0,0,0,1,1,0,KRBKRNvK,WIN,7R/5n2/6k1/1K6/1B6/8/8/6r1 w - - 0 1
1,1,0,0,0,0,0,1,-1,1,0,1,1,1,0,0,0,0,0,16,0,0,4,6,0,4,4,5,0,18,29,0,0,0,0,0,0,0,0,7,1,1,0,1,0,0,0,3,0,0,KRBKRNvK,DRAW,8/8/8/4kn2/8/8/3r4/2RB2K1 w - - 0 1
0,1,0,0,0,0,0,1,-1,1,0,1,1,1,0,0,0,0,0,16,0,0,2,7,7,5,5,6,2,27,19,0,0,0,0,0,0,0,0,7,1,1,0,0,0,0,0,3,0,0,KRBKRNvK,DRAW,7K/8/5k2/4r3/B7/3n3R/8/8 b - - 0 1
1,1,0,0,0,0,0,1,-1,1,0,1,1,1,0,0,0,0,0,16,0,0,5,1,7,1,2,5,3,26,27,0,0,0,0,0,0,0,0,7,1,1,0,0,0,0,1,1,0,0,KRBKRNvK,DRAW,1K6/8/1B5R/8/2n5/1k4r1/8/8 w - - 0 1
0,1,0,0,0,0,0,1,-1,1,0,1,1,1,0,0,0,0,0,16,0,0,5,3,0,5,5,3,2,21,26,0,0,0,0,0,0,0,0,7,1,1,0,0,0,0,2,2,1,1,KRBKRNvK,DRAW,8/8/5kr1/8/7R/8/4nB2/3K4 b - - 0 1
0,1,0,0,0,0,0,1,-1,1,0,1,1,1,0,0,0,0,0,16,0,0,2,5,2,3,1,2,2,24,26,0,0,0,0,0,0,0,0,7,1,1,0,0,0,0,3,1,1,0,KRBKRNvK,DRAW,5R2/r7/8/8/1n6/5K2/1B1k4/8 b - - 0 1
0,1,0,0,0,0,0,1,-1,1,0,1,1,1,0,0,0,0,0,16,0,0,5,0,3,5,7,3,4,24,24,0,0,0,0,0,0,0,0,7,1,1,0,0,0,0,2,1,0,0,KRBKRNvK,DRAW,5k2/1r6/8/6B1/K7/3R2n1/8/8 b - - 0 1
0,1,0,0,0,0,0,1,-1,1,0,1,1,1,0,0,0,0,0,16,0,0,4,6,4,5,0,2,4,19,27,0,0,0,0,0,0,0,0,7,1,1,1,0,0,0,3,0,1,0,KRBKRNvK,DRAW,r5n1/3R4/8/6K1/8/8/7B/5k2 b - - 0 1
1,1,0,0,0,0,0,1,-1,1,0,1,1,1,0,0,0,0,0,16,0,0,3,2,3,0,0,1,6,25,21,0,0,0,0,0,0,0,0,7,1,1,0,0,0,0,3,2,0,1,KRBKRNvK,DRAW,8/8/8/B5R1/2K5/4r3/8/k1n5 w - - 0 1
0,1,0,0,0,0,0,1,-1,1,0,1,1,1,0,0,0,0,0,16,0,0,5,5,0,0,4,4,3,3,0,1,0,0,0,0,0,0,0,7,1,1,0,0,0,0,0,2,0,0,KRBKRNvK,DRAW,R4n2/8/8/k7/7r/8/8/2B2K2 b - - 0 1
0,1,0,0,0,0,0,1,-1,1,0,1,1,1,0,0,0,0,0,16,0,0,5,2,0,5,5,4,2,15,26,0,0,0,0,0,0,0,0,7,1,1,0,0,0,0,3,1,1,0,KRBKRNvK,DRAW,8/8/5k1r/8/2B3R1/8/8/2K2n2 b - - 0 1
0,1,0,0,0,0,0,1,-1,1,0,1,1,1,0,0,0,0,0,16,0,0,3,4,3,7,4,0,3,24,29,0,0,0,0,0,0,0,0,7,1,1,1,1,0,0,3,0,1,2,KRBKRNvK,DRAW,8/6R1/8/1B2n2k/4K3/8/2r5/8 b - - 0 1
0,1,0,0,0,0,0,1,-1,1,0,1,1,1,0,0,0,0,0,16,0,0,6,5,7,6,1,4,4,6,0,1,0,0,0,0,0,0,0,7,1,1,1,0,0,0,0,1,1,1,KRBKRNvK,LOSS,5K2/6rR/8/8/6n1/7B/6k1/8 b - - 0 1
0,1,0,0,0,0,0,1,-1,1,0,1,1,1,0,0,0,0,0,16,0,0,4,3,1,0,5,2,4,2,0,1,0,0,0,0,0,0,0,7,1,1,0,0,0,0,2,0,1,1,KRBKRNvK,LOSS,8/8/k7/8/R7/n1r5/3KB3/8 b - - 0 1
1,1,0,0,0,0,0,1,-1,1,0,1,1,1,0,0,0,0,0,16,0,0,6,0,4,6,3,3,2,4,0,1,0,0,0,0,0,0,0,7,1,1,0,0,0,0,2,0,0,1,KRBKRNvK,DRAW,3n4/r7/3R4/KB6/6k1/8/8/8 w - - 0 1
1,1,0,0,0,0,0,1,-1,1,0,1,1,1,0,0,0,0,0,16,0,0,4,0,0,0,4,6,3,25,16,0,0,0,0,0,0,0,0,7,1,1,0,0,0,0,2,2,0,0,KRBKRNvK,DRAW,8/4r2n/8/k7/5R2/4B3/8/K7 w - - 0 1
1,1,0,0,0,0,0,1,-1,1,0,1,1,1,0,0,0,0,0,16,0,0,3,7,2,6,5,4,3,25,21,0,0,0,0,0,0,0,0,7,1,1,1,0,0,0,0,2,1,0,KRBKRNvK,DRAW,4r3/1R6/6k1/n7/7B/7K/8/8 w - - 0 1
0,1,0,0,0,0,0,1,-1,1,0,1,1,1,0,0,0,0,0,16,0,0,5,2,5,7,2,2,4,3,0,1,0,0,0,0,0,0,0,7,1,1,0,0,0,0,1,0,2,2,KRBKRNvK,DRAW,1r6/8/2K5/8/n7/7k/5R2/5B2 b - - 0 1
1,1,0,0,0,0,0,1,-1,1,0,1,1,1,0,0,0,0,0,16,0,0,2,7,6,5,7,5,4,3,0,1,0,0,0,0,0,0,0,7,1,1,0,0,0,0,2,0,0,0,KRBKRNvK,LOSS,5k2/7K/8/3R4/8/7r/6n1/4B3 w - - 0 1
0,1,0,0,0,0,0,1,-1,1,0,1,1,1,0,0,0,0,0,16,0,0,4,5,0,1,3,4,2,21,27,0,0,0,0,0,0,0,0,7,1,1,0,0,0,0,3,0,0,0,KRBKRNvK,DRAW,8/r6n/8/5R2/1k6/5B2/8/5K2 b - - 0 1
0,1,0,0,0,0,0,1,-1,1,0,1,1,1,0,0,0,0,0,16,0,0,5,7,5,2,7,4,4,19,22,0,0,0,0,0,0,0,0,7,1,1,0,0,0,0,3,1,0,0,KRBKRNvK,DRAW,r1k5/8/4n2K/8/7R/6B1/8/8 b - - 0 1
1,1,0,0,0,0,0,1,-1,1,0,1,1,1,0,0,0,0,0,16,0,0,7,5,7,0,0,4,6,5,0,1,0,0,0,0,0,0,0,7,1,1,0,1,0,0,2,3,0,1,KRBKRNvK,LOSS,5K2/3n4/8/4R3/4B3/8/3r4/k7 w - - 0 1
0,1,0,0,0,0,0,1,-1,1,0,1,1,1,0,0,0,0,0,16,0,0,5,0,1,1,6,5,4,6,0,1,0,0,0,0,0,0,0,7,1,1,0,0,0,0,2,2,1,0,KRBKRNvK,DRAW,7B/1k6/5n1r/1R6/8/8/K7/8 b - - 0 1
1,1,0,0,0,0,0,1,-1,1,0,1,1,1,0,0,0,0,0,16,0,0,2,1,0,3,2,5,1,25,21,0,0,0,0,0,0,0,0,7,1,1,0,0,0,0,3,3,1,0,KRBKRNvK,DRAW,7B/4r3/8/2R5/4n3/3k4/8/1K6 w - - 0 1
0,1,0,0,0,0,0,1,-1,1,0,1,1,1,0,0,0,0,0,16,0,0,2,1,7,3,6,5,2,5,0,1,0,0,0,0,0,0,0,7,1,1,0,0,0,0,0,2,1,0,KRBKRNvK,LOSS,1KB4n/3k4/8/8/6r1/8/8/R7 b - - 0 1
1,1,0,0,0,0,0,1,-1,1,0,1,1,1,0,0,0,0,0,16,0,0,3,5,2,2,3,2,1,22,21,0,0,0,0,0,0,0,0,7,1,1,0,0,0,0,3,4,2,1,KRBKRNvK,DRAW,8/4r3/8/B6n/2k5/5K2/3R4/8 w - - 0 1
0,1,0,0,0,0,0,1,-1,1,0,1,1,1,0,0,0,0,0,16,0,0,2,2,5,3,7,2,3,1,0,1,0,0,0,0,0,0,0,7,1,1,0,0,0,0,1,0,0,1,KRBKRNvK,DRAW,R2k4/1n6/2K4B/8/8/7r/8/8 b - - 0 1
1,1,0,0,0,0,0,1,-1,1,0,1,1,1,0,0,0,0,0,16,0,0,3,7,4,4,1,3,2,26,22,0,0,0,0,0,0,0,0,7,1,1,0,0,0,0,2,1,0,1,KRBKRNvK,DRAW,8/r4n2/8/3RB2K/8/8/4k3/8 w - - 0 1
0,1,0,0,0,0,0,1,-1,1,0,1,1,1,0,0,0,0,0,16,0,0,2,6,2,6,0,3,5,19,22,0,0,0,0,0,0,0,0,7,1,1,0,0,0,0,0,2,0,1,KRBKRNvK,DRAW,8/7n/8/5r2/B7/6K1/2R5/6k1 b - - 0 1
1,1,0,0,0,0,0,1,-1,1,0,1,1,1,0,0,0,0,0,16,0,0,2,4,2,6,2,1,3,27,20,0,0,0,0,0,0,0,0,7,1,1,0,0,0,0,2,2,1,0,KRBKRNvK,DRAW,2R5/8/8/5B1n/r7/4K1k1/8/8 w - - 0 1
1,1,0,0,0,0,0,1,-1,1,0,1,1,1,0,0,0,0,0,16,0,0,4,5,1,5,5,3,2,26,25,0,0,0,0,0,0,0,0,7,1,1,0,0,0,0,2,4,0,0,KRBKRNvK,DRAW,8/8/4nk2/B3r3/8/8/5K2/3R4 w - - 0 1
0,1,0,0,0,0,0,1,-1,1,0,1,1,1,0,0,0,0,0,16,0,0,6,1,1,7,4,4,3,21,27,0,0,0,0,0,0,0,0,7,1,1,0,0,0,0,3,0,0,0,KRBKRNvK,DRAW,3R4/r7/8/7k/7n/8/1KB5/8 b - - 0 1
0,1,0,0,0,0,0,1,-1,1,0,1,1,1,0,0,0,0,0,16,0,0,2,3,5,1,7,1,5,4,0,1,0,0,0,0,0,0,0,7,1,1,0,0,0,0,4,3,0,1,KRBKRNvK,DRAW,1k6/4r3/3K4/8/BR6/5n2/8/8 b - - 0 1
0,1,0,0,0,0,0,1,-1,1,0,1,1,1,0,0,0,0,0,16,0,0,5,5,0,0,3,4,3,15,26,0,0,0,0,0,0,0,0,7,1,1,0,0,0,0,0,0,0,0,KRBKRNvK,DRAW,2B5/r6n/8/8/k7/6R1/8/5K2 b - - 0 1
1,1,0,0,0,0,0,1,-1,1,0,1,1,1,0,0,0,0,0,16,0,0,4,1,6,5,3,4,1,31,13,0,0,0,0,0,0,0,0,7,1,1,0,0,0,0,2,2,1,0,KRBKRNvK,DRAW,8/1K6/5B2/8/5k2/1R6/6n1/6r1 w - - 0 1
0,1,0,0,0,0,0,1,-1,1,0,1,1,1,0,0,0,0,0,16,0,0,5,0,3,5,7,3,4,6,0,1,0,0,0,0,0,0,0,7,1,1,0,0,0,0,0,2,0,0,KRBKRNvK,DRAW,5k2/8/3n4/7B/K7/4r3/8/5R2 b - - 0 1
1,1,0,0,0,0,0,1,-1,1,0,1,1,1,0,0,0,0,0,16,0,0,7,0,0,2,7,6,4,2,0,1,0,0,0,0,0,0,0,7,1,1,1,0,0,0,3,0,1,1,KRBKRNvK,DRAW,2k5/3R4/8/8/8/r4B2/8/K5n1 w - - 0 1
1,1,0,0,0,0,0,1,-1,1,0,1,1,1,0,0,0,0,0,16,0,0,5,0,4,5,2,3,2,3,0,1,0,0,0,0,0,0,0,7,1,1,0,0,0,0,1,1,2,0,KRBKRNvK,DRAW,r7/8/8/K3n3/8/5kB1/7R/8 w - - 0 1
0,1,0,0,0,0,0,1,-1,1,0,1,1,1,0,0,0,0,0,16,0,0,3,7,3,7,0,3,6,2,0,1,0,0,0,0,0,0,0,7,1,1,0,0,0,0,1,2,1,1,KRBKRNvK,DRAW,8/8/8/7n/7K/4r1B1/8/2R4k b - - 0 1
1,1,0,0,0,0,0,1,-1,1,0,1,1,1,0,0,0,0,0,16,0,0,3,5,4,4,1,1,2,25,16,0,0,0,0,0,0,0,0,7,1,1,0,1,0,0,2,1,0,1,KRBKRNvK,DRAW,1B6/8/8/5Kn1/8/R7/4k1r1/8 w - - 0 1
0,1,0,0,0,0,0,1,-1,1,0,1,1,1,0,0,0,0,0,16,0,0,2,6,0,7,2,5,4,3,0,1,0,0,0,0,0,0,0,7,1,1,0,0,0,0,1,3,0,0,KRBKRNvK,DRAW,8/B3n3/8/8/5r2/1R5k/8/6K1 b - - 0 1
0,1,0,0,0,0,0,1,-1,1,0,1,1,1,0,0,0,0,0,16,0,0,5,7,5,6,0,4,5,21,20,0,0,0,0,0,0,0,0,7,1,1,0,0,0,0,3,2,0,0,KRBKRNvK,DRAW,8/3r4/7K/8/4R3/8/8/nB4k1 b - - 0 1
0,1,0,0,0,0,0,1,-1,1,0,1,1,1,0,0,0,0,0,16,0,0,4,1,0,3,4,5,0,25,22,0,0,0,0,0,0,0,0,7,1,1,0,0,0,0,0,3,1,0,KRBKRNvK,DRAW,8/8/8/1B1k4/6n1/4r3/1R6/1K6 b - - 0 1
1,1,0,0,0,0,0,1,-1,1,0,1,1,1,0,0,0,0,0,16,0,0,2,5,0,7,1,4,5,21,20,0,0,0,0,0,0,0,0,7,1,1,0,0,0,0,0,2,0,0,KRBKRNvK,DRAW,R4B2/8/8/3r4/8/8/7k/1n3K2 w - - 0 1
1,1,0,0,0,0,0,1,-1,1,0,1,1,1,0,0,0,0,0,16,0,0,4,4,0,0,4,3,3,22,21,0,0,0,0,0,0,0,0,7,1,1,0,0,0,0,1,2,0,0,KRBKRNvK,DRAW,8/3r1B2/8/k7/3n4/8/8/4K1R1 w - - 0 1
1,1,0,0,0,0,0,1,-1,1,0,1,1,1,0,0,0,0,0,16,0,0,5,6,5,5,0,3,4,25,19,0,0,0,0,0,0,0,0,7,1,1,0,0,0,0,2,0,0,2,KRBKRNvK,DRAW,5rn1/8/6K1/R7/8/8/8/2B2k2 w - - 0 1
0,1,0,0,0,0,0,1,-1,1,0,1,1,1,0,0,0,0,0,16,0,0,5,0,4,5,3,3,1,20,23,0,0,0,0,0,0,0,0,7,1,1,0,0,0,0,3,2,1,1,KRBKRNvK,DRAW,8/1r6/8/K1R5/5k2/8/6Bn/8 b - - 0 1
0,1,0,0,0,0,0,1,-1,1,0,1,1,1,0,0,0,0,0,16,0,0,6,1,4,7,1,2,5,22,22,0,0,0,0,0,0,0,0,7,1,1,0,0,0,0,1,2,0,1,KRBKRNvK,DRAW,1R6/8/3r4/1K6/8/8/n1B4k/8 b - - 0 1
0,1,0,0,0,0,0,1,-1,1,0,1,1,1,0,0,0,0,0,16,0,0,6,6,5,0,6,3,5,18,27,0,0,0,0,0,0,0,0,7,1,1,0,0,0,0,3,0,1,1,KRBKRNvK,DRAW,8/k6r/6K1/nR6/8/8/6B1/8 b - - 0 1
0,1,0,0,0,0,0,1,-1,1,0,1,1,1,0,0,0,0,0,16,0,0,4,2,7,3,3,4,0,4,0,1,0,0,0,0,0,0,0,7,1,1,0,0,0,0,2,3,2,0,KRBKRNvK,DRAW,2K5/8/8/3B4/3k4/8/3R4/1r4n1 b - - 0 1
1,1,0,0,0,0,0,1,-1,1,0,1,1,1,0,0,0,0,0,16,0,0,5,3,6,7,1,2,5,6,0,1,0,0,0,0,0,0,0,7,1,1,1,0,0,0,0,0,0,1,KRBKRNvK,LOSS,8/1r1K2R1/8/6B1/8/n7/7k/8 w - - 0 1
0,1,0,0,0,0,0,1,-1,1,0,1,1,1,0,0,0,0,0,16,0,0,6,7,2,1,6,4,4,28,23,0,0,0,0,0,0,0,0,7,1,1,0,0,0,0,3,2,0,1,KRBKRNvK,DRAW,8/1k6/3nB3/8/6r1/7K/8/4R3 b - - 0 1
0,1,0,0,0,0,0,1,-1,1,0,1,1,1,0,0,0,0,0,16,0,0,3,6,1,3,0,4,3,18,23,0,0,0,0,0,0,0,0,7,1,1,0,0,0,0,2,0,0,0,KRBKRNvK,DRAW,8/8/8/n6B/6R1/8/6K1/1r1k4 b - - 0 1
1,1,0,0,0,0,0,1,-1,1,0,1,1,1,0,0,0,0,0,16,0,0,4,6,2,2,1,3,3,28,22,0,0,0,0,0,0,0,0,7,1,1,0,0,0,0,3,2,0,1,KRBKRNvK,DRAW,8/3r2B1/8/8/7R/6K1/2k5/4n3 w - - 0 1
1,1,0,0,0,0,0,1,-1,1,0,1,1,1,0,0,0,0,0,16,0,0,4,3,6,5,2,2,2,31,23,0,0,0,0,0,0,0,0,7,1,1,0,0,0,0,1,2,2,1,KRBKRNvK,DRAW,8/3K4/8/1n6/r7/4Bk2/6R1/8 w - - 0 1
1,1,0,0,0,0,0,1,-1,1,0,1,1,1,0,0,0,0,0,16,0,0,3,2,4,4,1,1,2,7,0,1,0,0,0,0,0,0,0,7,1,1,0,0,0,0,3,0,1,1,KRBKRNvK,DRAW,7r/8/n7/2K5/1R6/8/4k3/4B3 w - - 0 1
0,1,0,0,0,0,0,1,-1,1,0,1,1,1,0,0,0,0,0,16,0,0,4,2,5,6,7,2,5,18,23,0,0,0,0,0,0,0,0,7,1,1,1,0,0,0,2,0,0,1,KRBKRNvK,DRAW,1r4k1/3R4/2K5/8/8/7B/8/5n2 b - - 0 1
0,1,0,0,0,0,0,1,-1,1,0,1,1,1,0,0,0,0,0,16,0,0,3,6,3,5,6,2,3,22,31,0,0,0,0,0,0,0,0,7,1,1,0,0,0,0,1,2,0,0,KRBKRNvK,DRAW,4r3/5k2/R7/8/5BK1/8/8/5n2 b - - 0 1
1,1,0,0,0,0,0,1,-1,1,0,1,1,1,0,0,0,0,0,16,0,0,2,2,0,3,2,4,1,23,22,0,0,0,0,0,0,0,0,7,1,1,0,0,0,0,1,2,0,0,KRBKRNvK,DRAW,6R1/1n5r/8/8/8/3k2B1/8/2K5 w - - 0 1
1,1,0,0,0,0,0,1,-1,1,0,1,1,1,0,0,0,0,0,16,0,0,5,6,4,1,7,2,5,6,0,1,0,0,0,0,0,0,0,7,1,1,0,0,0,0,0,2,0,1,KRBKRNvK,DRAW,1k6/8/8/6K1/4n1B1/6R1/8/3r4 w - - 0 1
0,1,0,0,0,0,0,1,-1,1,0,1,1,1,0,0,0,0,0,16,0,0,2,6,4,7,2,2,4,2,0,1,0,0,0,0,0,0,0,7,1,1,0,0,0,0,2,2,0,0,KRBKRNvK,DRAW,7R/8/8/6K1/8/3r3k/4n3/B7 b - - 0 1
0,1,0,0,0,0,0,1,-1,1,0,1,1,1,0,0,0,0,0,16,0,0,3,1,7,2,4,5,1,29,19,0,0,0,0,0,0,0,0,7,1,1,0,0,0,0,2,2,0,0,KRBKRNvK,DRAW,RK6/7r/5B2/2k5/8/4n3/8/8 b - - 0 1
0,1,0,0,0,0,0,1,-1,1,0,1,1,1,0,0,0,0,0,16,0,0,4,3,6,7,7,2,6,17,25,0,0,0,0,0,0,0,0,7,1,1,0,0,0,0,3,0,0,2,KRBKRNvK,DRAW,2r1n2k/3K4/8/8/8/5B2/8/3R4 b - - 0 1
1,1,0,0,0,0,0,1,-1,1,0,1,1,1,0,0,0,0,0,16,0,0,6,5,7,5,1,4,3,27,21,0,0,0,0,0,0,0,0,7,1,1,0,0,0,0,0,0,1,1,KRBKRNvK,DRAW,5K2/n7/7r/8/1B6/8/5k2/6R1 w - - 0 1
0,1,0,0,0,0,0,1,-1,1,0,1,1,1,0,0,0,0,0,16,0,0,2,5,1,7,0,3,6,15,24,0,0,0,0,0,0,0,0,7,1,1,0,0,0,0,2,2,0,0,KRBKRNvK,DRAW,3nr3/3B4/8/8/8/3R4/5K2/7k b - - 0 1
0,1,0,0,0,0,0,1,-1,1,0,1,1,1,0,0,0,0,0,16,0,0,4,0,3,0,7,3,6,2,0,1,0,0,0,0,0,0,0,7,1,1,0,0,0,0,2,0,0,0,KRBKRNvK,DRAW,k2R4/8/8/8/K7/6r1/7n/5B2 b - - 0 1
1,1,0,0,0,0,0,1,-1,1,0,1,1,1,0,0,0,0,0,16,0,0,6,5,0,4,6,4,2,24,23,0,0,0,0,0,0,0,0,7,1,1,0,1,0,0,0,1,0,1,KRBKRNvK,DRAW,8/4k3/8/8/B7/6R1/1r3n2/5K2 w - - 0 1
0,1,0,0,0,0,0,1,-1,1,0,1,1,1,0,0,0,0,0,16,0,0,5,3,7,3,2,3,1,4,0,1,0,0,0,0,0,0,0,7,1,1,0,0,0,0,0,3,0,0,KRBKRNvK,DRAW,3K4/8/7B/8/1nr5/3k3R/8/8 b - - 0 1
0,1,0,0,0,0,0,1,-1,1,0,1,1,1,0,0,0,0,0,16,0,0,5,0,0,0,5,6,4,2,0,1,0,0,0,0,0,0,0,7,1,1,0,0,0,0,2,0,1,1,KRBKRNvK,DRAW,2B5/8/k6r/4R3/8/8/8/K1n5 b - - 0 1
1,1,0,0,0,0,0,1,-1,1,0,1,1,1,0,0,0,0,0,16,0,0,7,3,7,4,0,3,3,2,0,1,0,0,0,0,0,0,0,7,1,1,0,0,0,0,0,1,1,0,KRBKRNvK,DRAW,3K3r/8/8/2n5/6B1/8/6R1/4k3 w - - 0 1
1,1,0,0,0,0,0,1,-1,1,0,1,1,1,0,0,0,0,0,16,0,0,2,5,4,3,5,1,1,20,23,0,0,0,0,0,0,0,0,7,1,1,0,1,0,0,2,2,1,0,KRBKRNvK,DRAW,5R2/8/3k4/5K2/8/3B4/6r1/4n3 w - - 0 1
0,1,0,0,0,0,0,1,-1,1,0,1,1,1,0,0,0,0,0,16,0,0,7,7,5,0,5,4,4,7,0,1,0,0,0,0,0,0,0,7,1,1,0,0,0,0,2,2,0,0,KRBKRNvK,DRAW,1r6/8/k6K/8/8/2n5/3R4/5B2 b - - 0 1
0,1,0,0,0,0,0,1,-1,1,0,1,1,1,0,0,0,0,0,16,0,0,5,2,1,2,6,3,3,20,23,0,0,0,0,0,0,0,0,7,1,1,0,0,0,0,2,0,1,0,KRBKRNvK,DRAW,1r4n1/2k5/B7/8/R7/8/2K5/8 b - - 0 1
1,1,0,0,0,0,0,1,-1,1,0,1,1,1,0,0,0,0,0,16,0,0,6,7,6,1,2,5,3,30,23,0,0,0,0,0,0,0,0,7,1,1,0,1,0,0,2,2,0,0,KRBKRNvK,DRAW,8/n6K/3B4/6R1/8/1k6/4r3/8 w - - 0 1
0,1,0,0,0,0,0,1,-1,1,0,1,1,1,0,0,0,0,0,16,0,0,4,1,6,1,2,4,3,6,0,1,0,0,0,0,0,0,0,7,1,1,0,0,0,0,1,0,0,0,KRBKRNvK,DRAW,8/1K6/4B3/8/8/1k3r2/8/n5R1 b - - 0 1
0,1,0,0,0,0,0,1,-1,1,0,1,1,1,0,0,0,0,0,16,0,0,4,1,7,2,3,5,1,4,0,1,0,0,0,0,0,0,0,7,1,1,0,0,0,0,2,2,1,0,KRBKRNvK,LOSS,1K6/8/B7/3n4/2k5/8/8/3R1r2 b - - 0 1
0,1,0,0,0,0,0,1,-1,1,0,1,1,1,0,0,0,0,0,16,0,0,5,3,7,3,2,3,1,19,32,0,0,0,0,0,0,0,0,7,1,1,0,0,0,0,1,2,2,0,KRBKRNvK,DRAW,3K4/8/8/4B3/r7/n2k4/8/2R5 b - - 0 1
0,1,0,0,0,0,0,1,-1,1,0,1,1,1,0,0,0,0,0,16,0,0,5,2,6,2,1,3,3,23,23,0,0,0,0,0,0,0,0,7,1,1,1,0,0,0,1,2,0,1,KRBKRNvK,DRAW,4r1n1/B1K4R/8/8/8/8/2k5/8 b - - 0 1
0,1,0,0,0,0,0,1,-1,1,0,1,1,1,0,0,0,0,0,16,0,0,7,1,7,6,0,5,5,22,25,0,0,0,0,0,0,0,0,7,1,1,1,0,0,0,2,2,0,0,KRBKRNvK,DRAW,1K6/2R3B1/8/8/5r2/8/n7/6k1 b - - 0 1
1,1,0,0,0,0,0,1,-1,1,0,1,1,1,0,0,0,0,0,16,0,0,2,0,4,2,4,3,1,21,19,0,0,0,0,0,0,0,0,7,1,1,0,0,0,0,0,2,1,0,KRBKRNvK,DRAW,8/8/8/KBk5/3n4/8/R7/3r4 w - - 0 1
1,1,0,0,0,0,0,1,-1,1,0,1,1,1,0,0,0,0,0,16,0,0,6,4,6,6,0,2,5,6,0,1,0,0,0,0,0,0,0,7,1,1,0,0,0,0,0,2,0,0,KRBKRNvK,DRAW,4B3/4K3/8/8/2n5/2R5/8/4r1k1 w - - 0 1
0,1,0,0,0,0,0,1,-1,1,0,1,1,1,0,0,0,0,0,16,0,0,7,0,7,2,0,6,4,20,24,0,0,0,0,0,0,0,0,7,1,1,0,0,0,0,1,0,2,0,KRBKRNvK,DRAW,K7/6n1/5r2/8/8/2R5/2B5/2k5 b - - 0 1
1,1,0,0,0,0,0,1,-1,1,0,1,1,1,0,0,0,0,0,16,0,0,6,5,6,2,0,3,4,24,18,0,0,0,0,0,0,0,0,7,1,1,0,0,0,0,1,1,1,0,KRBKRNvK,DRAW,1r6/5K2/1n6/8/8/7R/B7/2k5 w - - 0 1
0,1,0,0,0,0,0,1,-1,1,0,1,1,1,0,0,0,0,0,16,0,0,6,1,6,3,0,4,3,19,29,0,0,0,0,0,0,0,0,7,1,1,0,0,0,0,2,2,1,0,KRBKRNvK,DRAW,6n1/1K6/8/8/3r4/4R3/7B/3k4 b - - 0 1
1,1,0,0,0,0,0,1,-1,1,0,1,1,1,0,0,0,0,0,16,0,0,4,6,3,5,7,2,4,22,23,0,0,0,0,0,0,0,0,7,1,1,0,0,0,0,0,2,0,1,KRBKRNvK,DRAW,5k2/8/8/1B6/3r1nK1/6R1/8/8 w - - 0 1
1,1,0,0,0,0,0,1,-1,1,0,1,1,1,0,0,0,0,0,16,0,0,6,0,0,1,6,6,4,4,0,1,0,0,0,0,0,0,0,7,1,1,0,0,0,0,2,2,2,0,KRBKRNvK,DRAW,8/1k6/8/B2R4/8/5n2/8/K4r2 w - - 0 1
0,1,0,0,0,0,0,1,-1,1,0,1,1,1,0,0,0,0,0,16,0,0,5,1,2,5,7,3,4,21,26,0,0,0,0,0,0,0,0,7,1,1,0,0,0,0,2,2,0,0,KRBKRNvK,DRAW,5k2/6n1/4r3/6R1/8/1K6/8/3B4 b - - 0 1
0,1,0,0,0,0,0,1,-1,1,0,1,1,1,0,0,0,0,0,16,0,0,5,3,0,0,5,3,4,23,16,0,0,0,0,0,0,0,0,7,1,1,0,0,0,0,2,3,0,0,KRBKRNvK,DRAW,8/8/k7/2n3r1/8/8/1B6/1R1K4 b - - 0 1
1,1,0,0,0,0,0,1,-1,1,0,1,1,1,0,0,0,0,0,16,0,0,6,5,1,7,7,3,6,27,19,0,0,0,0,0,0,0,0,7,1,1,0,0,0,0,2,0,0,0,KRBKRNvK,DRAW,1n5k/8/r7/8/4R3/4B3/5K2/8 w - - 0 1
0,1,0,0,0,0,0,1,-1,1,0,1,1,1,0,0,0,0,0,16,0,0,5,6,0,1,3,5,2,23,26,0,0,0,0,0,0,0,0,7,1,1,0,0,0,0,0,2,1,0,KRBKRNvK,DRAW,2n5/8/8/8/1k5B/3r4/2R5/6K1 b - - 0 1
1,1,0,0,0,0,0,1,-1,1,0,1,1,1,0,0,0,0,0,16,0,0,3,5,4,4,7,1,3,21,17,0,0,0,0,0,0,0,0,7,1,1,0,0,0,0,3,3,0,1,KRBKRNvK,DRAW,4k3/2n1r3/8/5K2/3R2B1/8/8/8 w - - 0 1
1,1,0,0,0,0,0,1,-1,1,0,1,1,1,0,0,0,0,0,16,0,0,6,1,6,4,0,4,3,24,18,0,0,0,0,0,0,0,0,7,1,1,1,1,0,0,2,0,1,0,KRBKRNvK,DRAW,8/1K1R4/8/8/8/8/r7/4k1Bn w - - 0 1
1,1,0,0,0,0,0,1,-1,1,0,1,1,1,0,0,0,0,0,16,0,0,4,0,4,4,6,3,2,2,0,1,0,0,0,0,0,0,0,7,1,1,0,0,0,0,2,1,1,1,KRBKRNvK,DRAW,8/4k3/8/K1rnB3/8/8/3R4/8 w - - 0 1
1,1,0,0,0,0,0,1,-1,1,0,1,1,1,0,0,0,0,0,16,0,0,4,0,0,2,4,6,1,3,0,1,0,0,0,0,0,0,0,7,1,1,0,0,0,0,2,3,1,0,KRBKRNvK,DRAW,2B5/8/8/2k5/4n3/3R4/8/K3r3 w - - 0 1
0,1,0,0,0,0,0,1,-1,1,0,1,1,1,0,0,0,0,0,16,0,0,4,1,6,5,7,4,4,18,27,0,0,0,0,0,0,0,0,7,1,1,1,1,0,0,1,1,1,0,KRBKRNvK,DRAW,5k2/1KB4R/6n1/8/8/8/6r1/8 b - - 0 1
1,1,0,0,0,0,0,1,-1,1,0,1,1,1,0,0,0,0,0,16,0,0,2,7,3,5,1,3,3,21,21,0,0,0,0,0,0,0,0,7,1,1,0,0,0,0,0,2,0,0,KRBKRNvK,DRAW,2B3R1/8/8/8/7K/4r3/n4k2/8 w - - 0 1
1,1,0,0,0,0,0,1,-1,1,0,1,1,1,0,0,0,0,0,16,0,0,5,6,6,2,1,4,3,7,0,1,0,0,0,0,0,0,0,7,1,1,0,1,0,0,1,0,1,1,KRBKRNvK,DRAW,8/6K1/8/7n/8/R5B1/2k4r/8 w - - 0 1
1,1,0,0,0,0,0,1,-1,1,0,1,1,1,0,0,0,0,0,16,0,0,5,0,3,5,1,3,3,28,22,0,0,0,0,0,0,0,0,7,1,1,0,0,0,0,3,1,0,0,KRBKRNvK,DRAW,8/8/5rn1/3B3R/K7/8/5k2/8 w - - 0 1
0,1,0,0,0,0,0,1,-1,1,0,1,1,1,0,0,0,0,0,16,0,0,2,1,3,3,4,2,0,27,14,0,0,0,0,0,0,0,0,7,1,1,0,0,0,0,0,4,1,0,KRBKRNvK,DRAW,8/8/8/3k4/1K3n2/BR6/8/4r3 b - - 0 1
0,1,0,0,0,0,0,1,-1,1,0,1,1,1,0,0,0,0,0,16,0,0,2,4,6,6,4,2,2,21,29,0,0,0,0,0,0,0,0,7,1,1,0,0,0,0,1,2,0,0,KRBKRNvK,DRAW,8/4K3/8/6k1/r7/8/2B5/1n3R2 b - - 0 1
0,1,0,0,0,0,0,1,-1,1,0,1,1,1,0,0,0,0,0,16,0,0,2,3,6,1,6,2,4,25,30,0,0,0,0,0,0,0,0,7,1,1,0,0,0,0,3,1,0,0,KRBKRNvK,DRAW,8/1k1K4/8/7R/8/2Bn4/8/1r6 b - - 0 1
0,1,0,0,0,0,0,1,-1,1,0,1,1,1,0,0,0,0,0,16,0,0,4,1,6,2,2,4,2,24,23,0,0,0,0,0,0,0,0,7,1,1,0,0,0,0,0,3,2,0,KRBKRNvK,DRAW,5n2/1K6/8/7r/8/B1k5/8/R7 b - - 0 1
1,1,0,0,0,0,0,1,-1,1,0,1,1,1,0,0,0,0,0,16,0,0,2,6,2,5,4,3,1,26,19,0,0,0,0,0,0,0,0,7,1,1,0,0,0,0,2,3,0,0,KRBKRNvK,DRAW,2n5/8/8/2r2k2/R7/6K1/8/3B4 w - - 0 1
1,1,0,0,0,0,0,1,-1,1,0,1,1,1,0,0,0,0,0,16,0,0,2,2,6,4,7,3,3,2,0,1,0,0,0,0,0,0,0,7,1,1,0,0,0,0,2,0,0,2,KRBKRNvK,DRAW,4k3/1rK5/8/n7/6B1/3R4/8/8 w - - 0 1
1,1,0,0,0,0,0,1,-1,1,0,1,1,1,0,0,0,0,0,16,0,0,6,7,3,1,6,3,4,3,0,1,0,0,0,0,0,0,0,7,1,1,0,0,0,0,0,2,0,1,KRBKRNvK,LOSS,8/1k6/6n1/8/7K/R3r2B/8/8 w - - 0 1
0,1,0,0,0,0,0,1,-1,1,0,1,1,1,0,0,0,0,0,16,0,0,7,0,1,7,1,5,5,21,17,0,0,0,0,0,0,0,0,7,1,1,0,0,0,0,2,0,0,1,KRBKRNvK,DRAW,7B/6n1/8/8/8/1r6/K6k/3R4 b - - 0 1
0,1,0,0,0,0,0,1,-1,1,0,1,1,1,0,0,0,0,0,16,0,0,4,5,7,1,4,4,2,23,21,0,0,0,0,0,0,0,0,7,1,1,0,0,0,0,2,2,0,0,KRBKRNvK,DRAW,5K2/8/8/1kr5/8/8/4R3/4nB2 b - - 0 1
1,1,0,0,0,0,0,1,-1,1,0,1,1,1,0,0,0,0,0,16,0,0,6,6,5,0,2,3,4,20,22,0,0,0,0,0,0,0,0,7,1,1,0,1,0,0,3,1,1,1,KRBKRNvK,DRAW,8/5n2/6K1/3R4/8/k7/B4r2/8 w - - 0 1
0,1,0,0,0,0,0,1,-1,1,0,1,1,1,0,0,0,0,0,16,0,0,3,0,2,3,4,4,0,3,0,1,0,0,0,0,0,0,0,7,1,1,0,0,0,0,3,4,0,0,KRBKRNvK,DRAW,8/8/4rn2/3k2R1/8/K7/8/7B b - - 0 1
0,1,0,0,0,0,0,1,-1,1,0,1,1,1,0,0,0,0,0,16,0,0,6,2,7,1,1,4,4,28,21,0,0,0,0,0,0,0,0,7,1,1,0,0,0,0,0,1,0,0,KRBKRNvK,DRAW,2K1B1R1/8/8/8/1n6/5r2/1k6/8 b - - 0 1
0,1,0,0,0,0,0,1,-1,1,0,1,1,1,0,0,0,0,0,16,0,0,3,6,2,4,5,3,1,18,24,0,0,0,0,0,0,0,0,7,1,1,0,0,0,0,3,2,1,1,KRBKRNvK,DRAW,7B/8/4k3/6R1/8/6K1/8/r3n3 b - - 0 1
0,1,0,0,0,0,0,1,-1,1,0,1,1,1,0,0,0,0,0,16,0,0,3,4,4,1,3,0,2,24,28,0,0,0,0,0,0,0,0,7,1,1,0,0,0,0,3,0,0,0,KRBKRNvK,DRAW,8/1B6/7r/4K3/1k6/8/8/n4R2 b - - 0 1
1,1,0,0,0,0,0,1,-1,1,0,1,1,1,0,0,0,0,0,16,0,0,6,1,1,7,5,4,4,7,0,1,0,0,0,0,0,0,0,7,1,1,1,1,0,0,1,0,0,0,KRBKRNvK,DRAW,8/2R5/7k/4B3/8/7n/1K4r1/8 w - - 0 1
1,1,0,0,0,0,0,1,-1,1,0,1,1,1,0,0,0,0,0,16,0,0,5,4,5,2,0,1,4,24,17,0,0,0,0,0,0,0,0,7,1,1,0,0,0,0,3,0,0,0,KRBKRNvK,DRAW,8/r7/4K3/n7/8/5B1R/8/2k5 w - - 0 1
1,1,0,0,0,0,0,1,-1,1,0,1,1,1,0,0,0,0,0,16,0,0,4,6,7,4,3,5,0,26,23,0,0,0,0,0,0,0,0,7,1,1,1,0,0,0,0,4,0,0,KRBKRNvK,DRAW,6K1/2R5/8/8/4k3/8/3n4/1r3B2 w - - 0 1
0,1,0,0,0,0,0,1,-1,1,0,1,1,1,0,0,0,0,0,16,0,0,4,3,5,0,1,1,5,21,29,0,0,0,0,0,0,0,0,7,1,1,0,0,0,0,3,2,0,0,KRBKRNvK,DRAW,8/B7/3K4/8/7r/6R1/k7/3n4 b - - 0 1
1,1,0,0,0,0,0,1,-1,1,0,1,1,1,0,0,0,0,0,16,0,0,5,7,2,2,1,4,3,3,0,1,0,0,0,0,0,0,0,7,1,1,0,0,0,0,2,0,0,1,KRBKRNvK,DRAW,8/8/8/2B5/n6R/7K/2k5/7r w - - 0 1
1,1,0,0,0,0,0,1,-1,1,0,1,1,1,0,0,0,0,0,16,0,0,4,5,2,1,2,2,3,6,0,1,0,0,0,0,0,0,0,7,1,1,0,0,0,0,2,0,0,1,KRBKRNvK,DRAW,8/8/5R2/8/8/1k2BK2/8/2r1n3 w - - 0 1
1,1,0,0,0,0,0,1,-1,1,0,1,1,1,0,0,0,0,0,16,0,0,5,2,1,4,6,3,2,27,15,0,0,0,0,0,0,0,0,7,1,1,0,0,0,0,1,1,1,1,KRBKRNvK,DRAW,4r1B1/4k3/1R6/8/8/8/2K1n3/8 w - - 0 1
0,1,0,0,0,0,0,1,-1,1,0,1,1,1,0,0,0,0,0,16,0,0,5,7,5,2,7,4,4,15,26,0,0,0,0,0,0,0,0,7,1,1,0,0,0,0,0,2,0,0,KRBKRNvK,DRAW,2kr4/8/7K/B7/8/8/1R6/6n1 b - - 0 1
1,1,0,0,0,0,0,1,-1,1,0,1,1,1,0,0,0,0,0,16,0,0,3,2,2,1,5,2,3,24,23,0,0,0,0,0,0,0,0,7,1,1,0,0,0,0,3,1,0,0,KRBKRNvK,DRAW,8/5n2/1k6/4R3/8/2K5/1B6/5r2 w - - 0 1
1,1,0,0,0,0,0,1,-1,1,0,1,1,1,0,0,0,0,0,16,0,0,4,4,5,0,1,1,5,6,0,1,0,0,0,0,0,0,0,7,1,1,0,1,0,0,2,1,1,1,KRBKRNvK,DRAW,8/2n5/4KR2/8/8/B7/k6r/8 w - - 0 1
0,1,0,0,0,0,0,1,-1,1,0,1,1,1,0,0,0,0,0,16,0,0,7,0,1,7,2,5,4,23,18,0,0,0,0,0,0,0,0,7,1,1,0,0,0,0,0,1,0,1,KRBKRNvK,DRAW,5r2/8/7B/8/8/1n5k/KR6/8 b - - 0 1
1,1,0,0,0,0,0,1,-1,1,0,1,1,1,0,0,0,0,0,16,0,0,6,6,7,2,1,5,3,25,28,0,0,0,0,0,0,0,0,7,1,1,1,0,0,0,0,2,0,0,KRBKRNvK,DRAW,4B1K1/7R/8/3r4/6n1/8/2k5/8 w - - 0 1
1,1,0,0,0,0,0,1,-1,1,0,1,1,1,0,0,0,0,0,16,0,0,2,0,7,2,6,6,3,24,26,0,0,0,0,0,0,0,0,7,1,1,0,0,0,0,0,2,0,0,KRBKRNvK,DRAW,K7/2k5/4n3/8/8/3r4/3B4/5R2 w - - 0 1
0,1,0,0,0,0,0,1,-1,1,0,1,1,1,0,0,0,0,0,16,0,0,6,4,1,3,7,2,3,19,29,0,0,0,0,0,0,0,0,7,1,1,0,0,0,0,1,1,0,0,KRBKRNvK,DRAW,r2k4/8/1n6/8/4B3/8/4KR2/8 b - - 0 1
1,1,0,0,0,0,0,1,-1,1,0,1,1,1,0,0,0,0,0,16,0,0,6,1,6,7,0,4,6,26,20,0,0,0,0,0,0,0,0,7,1,1,0,0,0,0,2,2,0,0,KRBKRNvK,DRAW,4R3/1K5n/8/B7/2r5/8/8/7k w - - 0 1
1,1,0,0,0,0,0,1,-1,1,0,1,1,1,0,0,0,0,0,16,0,0,7,7,7,0,4,6,3,1,0,1,0,0,0,0,0,0,0,7,1,1,0,0,0,0,1,3,1,1,KRBKRNvK,DRAW,7K/B4n2/8/k7/6r1/8/1R6/8 w - - 0 1
0,1,0,0,0,0,0,1,-1,1,0,1,1,1,0,0,0,0,0,16,0,0,7,0,7,7,7,6,6,17,24,0,0,0,0,0,0,0,0,7,1,1,0,1,0,0,3,0,0,0,KRBKRNvK,DRAW,K6k/8/4R3/8/3n4/2B5/6r1/8 b - - 0 1
0,1,0,0,0,0,0,1,-1,1,0,1,1,1,0,0,0,0,0,16,0,0,3,2,3,4,6,1,2,23,26,0,0,0,0,0,0,0,0,7,1,1,0,0,0,0,2,1,0,0,KRBKRNvK,DRAW,7r/4kn2/R7/8/2K5/8/8/5B2 b - - 0 1
0,1,0,0,0,0,0,1,-1,1,0,1,1,1,0,0,0,0,0,16,0,0,3,0,0,1,3,6,2,22,24,0,0,0,0,0,0,0,0,7,1,1,0,0,0,0,2,2,1,0,KRBKRNvK,DRAW,4r3/8/6R1/8/1k6/8/1B6/K6n b - - 0 1
0,1,0,0,0,0,0,1,-1,1,0,1,1,1,0,0,0,0,0,16,0,0,3,6,3,6,0,2,5,18,27,0,0,0,0,0,0,0,0,7,1,1,0,0,0,0,0,1,0,0,KRBKRNvK,DRAW,8/1r1n4/7R/8/6K1/8/8/3B2k1 b - - 0 1
0,1,0,0,0,0,0,1,-1,1,0,1,1,1,0,0,0,0,0,16,0,0,3,1,7,0,4,5,3,19,27,0,0,0,0,0,0,0,0,7,1,1,1,0,0,0,1,0,1,0,KRBKRNvK,DRAW,1K3n2/2R5/8/k7/5B2/8/8/r7 b - - 0 1
0,1,0,0,0,0,0,1,-1,1,0,1,1,1,0,0,0,0,0,16,0,0,3,5,6,2,7,3,4,18,29,0,0,0,0,0,0,0,0,7,1,1,1,1,0,0,3,2,2,0,KRBKRNvK,DRAW,2k5/4RK2/2B5/8/8/8/3r4/1n6 b - - 0 1
0,1,0,0,0,0,0,1,-1,1,0,1,1,1,0,0,0,0,0,16,0,0,5,5,1,6,6,3,4,23,29,0,0,0,0,0,0,0,0,7,1,1,0,0,0,0,1,2,0,1,KRBKRNvK,DRAW,2R5/6k1/3B4/8/8/n7/5K2/4r3 b - - 0 1
0,1,0,0,0,0,0,1,-1,1,0,1,1,1,0,0,0,0,0,16,0,0,2,2,2,1,4,2,2,6,0,1,0,0,0,0,0,0,0,7,1,1,0,0,0,0,1,0,0,1,KRBKRNvK,LOSS,7r/8/8/1k6/8/2K5/8/4nB1R b - - 0 1
1,1,0,0,0,0,0,1,-1,1,0,1,1,1,0,0,0,0,0,16,0,0,4,5,3,1,1,1,4,26,17,0,0,0,0,0,0,0,0,7,1,1,0,1,0,0,3,2,1,1,KRBKRNvK,DRAW,7n/8/8/2B5/5K2/8/1k2r3/2R5 w - - 0 1
1,1,0,0,0,0,0,1,-1,1,0,1,1,1,0,0,0,0,0,16,0,0,6,4,1,2,7,2,4,7,0,1,0,0,0,0,0,0,0,7,1,1,0,1,0,0,1,0,0,0,KRBKRNvK,DRAW,2k5/8/8/2B5/8/8/r3K3/2R4n w - - 0 1
0,1,0,0,0,0,0,1,-1,1,0,1,1,1,0,0,0,0,0,16,0,0,3,3,4,1,7,0,5,20,27,0,0,0,0,0,0,0,0,7,1,1,0,0,0,0,3,0,0,1,KRBKRNvK,DRAW,1k6/2r3n1/8/3K4/8/8/3B4/5R2 b - - 0 1
0,1,0,0,0,0,0,1,-1,1,0,1,1,1,0,0,0,0,0,16,0,0,3,3,6,6,7,2,5,5,0,1,0,0,0,0,0,0,0,7,1,1,0,0,0,0,2,1,0,1,KRBKRNvK,LOSS,6k1/3K4/1r6/B7/6R1/8/3n4/8 b - - 0 1
1,1,0,0,0,0,0,1,-1,1,0,1,1,1,0,0,0,0,0,16,0,0,2,6,3,7,5,2,4,25,18,0,0,0,0,0,0,0,0,7,1,1,0,0,0,0,3,0,0,1,KRBKRNvK,DRAW,8/8/5r1k/1R6/6K1/5B2/8/5n2 w - - 0 1
1,1,0,0,0,0,0,1,-1,1,0,1,1,1,0,0,0,0,0,16,0,0,6,4,0,5,6,3,3,7,0,1,0,0,0,0,0,0,0,7,1,1,0,0,0,0,3,2,0,0,KRBKRNvK,DRAW,8/5k1n/4r3/8/3R1B2/8/8/4K3 w - - 0 1
0,1,0,0,0,0,0,1,-1,1,0,1,1,1,0,0,0,0,0,16,0,0,7,7,5,0,3,4,3,15,18,0,0,0,0,0,0,0,0,7,1,1,1,0,0,0,0,0,0,0,KRBKRNvK,DRAW,8/7R/7K/7B/k7/r7/8/7n b - - 0 1
1,1,0,0,0,0,0,1,-1,1,0,1,1,1,0,0,0,0,0,16,0,0,2,3,3,5,1,0,3,6,0,1,0,0,0,0,0,0,0,7,1,1,0,0,0,0,3,1,0,0,KRBKRNvK,DRAW,8/n7/8/5B2/r2K4/8/5k2/2R5 w - - 0 1
0,1,0,0,0,0,0,1,-1,1,0,1,1,1,0,0,0,0,0,16,0,0,3,4,4,4,1,0,2,20,27,0,0,0,0,0,0,0,0,7,1,1,0,0,0,0,3,0,0,0,KRBKRNvK,DRAW,8/1r6/5R1B/4K3/8/8/4k3/2n5 b - - 0 1
1,1,0,0,0,0,0,1,-1,1,0,1,1,1,0,0,0,0,0,16,0,0,5,5,5,0,2,2,4,31,22,0,0,0,0,0,0,0,0,7,1,1,0,1,0,0,3,2,1,0,KRBKRNvK,DRAW,8/1B6/5K2/2R5/8/k7/3r4/3n4 w - - 0 1
0,1,0,0,0,0,0,1,-1,1,0,1,1,1,0,0,0,0,0,16,0,0,5,6,5,6,0,3,5,21,32,0,0,0,0,0,0,0,0,7,1,1,0,1,0,0,1,0,0,0,KRBKRNvK,DRAW,8/8/2R3K1/4B3/8/7n/r7/6k1 b - - 0 1
0,1,0,0,0,0,0,1,-1,1,0,1,1,1,0,0,0,0,0,16,0,0,3,0,3,3,4,3,0,27,23,0,0,0,0,0,0,0,0,7,1,1,0,0,0,0,0,3,0,0,KRBKRNvK,DRAW,2r5/8/8/3k4/K5n1/8/4B3/6R1 b - - 0 1
0,1,0,0,0,0,0,1,-1,1,0,1,1,1,0,0,0,0,0,16,0,0,2,2,6,2,4,3,1,21,23,0,0,0,0,0,0,0,0,7,1,1,0,0,0,0,3,2,2,0,KRBKRNvK,DRAW,5r2/1BK5/3R4/2k5/8/8/6n1/8 b - - 0 1
0,1,0,0,0,0,0,1,-1,1,0,1,1,1,0,0,0,0,0,16,0,0,3,3,3,4,0,0,3,22,28,0,0,0,0,0,0,0,0,7,1,1,1,0,0,0,3,0,0,0,KRBKRNvK,DRAW,B7/2R5/6r1/8/3K4/8/n7/4k3 b - - 0 1
1,1,0,0,0,0,0,1,-1,1,0,1,1,1,0,0,0,0,0,16,0,0,2,6,0,6,2,5,3,20,17,0,0,0,0,0,0,0,0,7,1,1,0,0,0,0,1,2,0,0,KRBKRNvK,DRAW,8/7B/8/7n/7r/6k1/8/R5K1 w - - 0 1
0,1,0,0,0,0,0,1,-1,1,0,1,1,1,0,0,0,0,0,16,0,0,4,7,4,3,7,3,3,15,29,0,0,0,0,0,0,0,0,7,1,1,0,0,0,0,3,2,0,0,KRBKRNvK,DRAW,3kr3/8/8/2R4K/8/3B4/8/6n1 b - - 0 1
0,1,0,0,0,0,0,1,-1,1,0,1,1,1,0,0,0,0,0,16,0,0,3,0,5,3,7,4,3,4,0,1,0,0,0,0,0,0,0,7,1,1,1,0,0,0,0,2,1,1,KRBKRNvK,DRAW,3k4/4B1R1/K7/8/2r5/8/8/2n5 b - - 0 1
0,1,0,0,0,0,0,1,-1,1,0,1,1,1,0,0,0,0,0,16,0,0,7,0,3,7,7,3,6,1,0,1,0,0,0,0,0,0,0,7,1,1,0,0,0,0,1,0,1,0,KRBKRNvK,DRAW,1n3R1k/8/8/4B3/K7/8/8/6r1 b - - 0 1
1,1,0,0,0,0,0,1,-1,1,0,1,1,1,0,0,0,0,0,16,0,0,2,0,6,2,5,5,2,3,0,1,0,0,0,0,0,0,0,7,1,1,0,0,0,0,1,3,0,0,KRBKRNvK,DRAW,8/K2r4/2k5/8/6n1/5R2/2B5/8 w - - 0 1
0,1,0,0,0,0,0,1,-1,1,0,1,1,1,0,0,0,0,0,16,0,0,3,4,4,7,1,0,5,22,20,0,0,0,0,0,0,0,0,7,1,1,0,0,0,0,4,0,0,0,KRBKRNvK,DRAW,2R4B/8/nr6/4K3/8/8/7k/8 b - - 0 1
1,1,0,0,0,0,0,1,-1,1,0,1,1,1,0,0,0,0,0,16,0,0,4,0,5,4,3,4,0,26,19,0,0,0,0,0,0,0,0,7,1,1,0,0,0,0,0,3,0,0,KRBKRNvK,DRAW,7R/8/K7/8/B3k3/8/6n1/6r1 w - - 0 1
0,1,0,0,0,0,0,1,-1,1,0,1,1,1,0,0,0,0,0,16,0,0,2,3,4,1,2,0,3,4,0,1,0,0,0,0,0,0,0,7,1,1,0,1,0,0,3,0,2,1,KRBKRNvK,DRAW,8/1n6/8/3K4/8/1kR5/3B2r1/8 b - - 0 1
1,1,0,0,0,0,0,1,-1,1,0,1,1,1,0,0,0,0,0,16,0,0,5,2,5,7,3,2,3,7,0,1,0,0,0,0,0,0,0,7,1,1,0,0,0,0,2,2,1,2,KRBKRNvK,DRAW,8/n7/2K5/6R1/4r2k/1B6/8/8 w - - 0 1
0,1,0,0,0,0,0,1,-1,1,0,1,1,1,0,0,0,0,0,16,0,0,6,6,6,7,0,4,6,18,29,0,0,0,0,0,0,0,0,7,1,1,0,0,0,0,0,0,0,0,KRBKRNvK,DRAW,8/6K1/8/7B/8/R7/8/1r3n1k b - - 0 1
0,1,0,0,0,0,0,1,-1,1,0,1,1,1,0,0,0,0,0,16,0,0,3,0,4,3,2,3,1,25,15,0,0,0,0,0,0,0,0,7,1,1,0,1,0,0,0,2,0,0,KRBKRNvK,WIN,R1n5/8/8/K6B/8/3k4/5r2/8 b - - 0 1
0,1,0,0,0,0,0,1,-1,1,0,1,1,1,0,0,0,0,0,16,0,0,3,2,0,5,1,4,3,21,26,0,0,0,0,0,0,0,0,7,1,1,1,0,0,0,1,2,1,0,KRBKRNvK,DRAW,1n2r3/2R5/8/8/5B2/8/5k2/2K5 b - - 0 1
0,1,0,0,0,0,0,1,-1,1,0,1,1,1,0,0,0,0,0,16,0,0,2,6,1,4,0,4,3,2,0,1,0,0,0,0,0,0,0,7,1,1,0,0,0,0,0,3,0,1,KRBKRNvK,DRAW,8/3B4/8/8/6n1/3r4/6K1/4k2R b - - 0 1
1,1,0,0,0,0,0,1,-1,1,0,1,1,1,0,0,0,0,0,16,0,0,3,3,6,0,5,2,4,28,27,0,0,0,0,0,0,0,0,7,1,1,0,0,0,0,1,2,0,1,KRBKRNvK,DRAW,1r6/3K1B2/k7/8/8/2n5/7R/8 w - - 0 1
0,1,0,0,0,0,0,1,-1,1,0,1,1,1,0,0,0,0,0,16,0,0,2,2,5,4,6,2,2,3,0,1,0,0,0,0,0,0,0,7,1,1,1,1,0,0,2,0,1,0,KRBKRNvK,DRAW,8/3Rk1n1/2K5/8/8/8/B4r2/8 b - - 0 1
1,1,0,0,0,0,0,1,-1,1,0,1,1,1,0,0,0,0,0,16,0,0,4,1,7,5,7,5,4,28,21,0,0,0,0,0,0,0,0,7,1,1,0,0,0,0,1,1,1,0,KRBKRNvK,DRAW,1K3k2/5B2/8/5n2/8/R7/8/5r2 w - - 0 1
0,1,0,0,0,0,0,1,-1,1,0,1,1,1,0,0,0,0,0,16,0,0,4,4,5,0,1,1,5,21,12,0,0,0,0,0,0,0,0,7,1,1,0,0,0,0,2,1,0,0,KRBKRNvK,DRAW,2B1R3/1r6/4K3/8/8/1n6/k7/8 b - - 0 1
0,1,0,0,0,0,0,1,-1,1,0,1,1,1,0,0,0,0,0,16,0,0,4,1,4,5,0,2,4,21,24,0,0,0,0,0,0,0,0,7,1,1,1,1,0,0,1,0,0,1,KRBKRNvK,DRAW,8/Rn6/8/1K6/3B4/8/2r5/5k2 b - - 0 1
1,1,0,0,0,0,0,1,-1,1,0,1,1,1,0,0,0,0,0,16,0,0,2,2,2,3,0,2,3,23,18,0,0,0,0,0,0,0,0,7,1,1,0,0,0,0,1,2,1,0,KRBKRNvK,DRAW,3r4/Bn6/8/8/8/2K5/5R2/3k4 w - - 0 1
0,1,0,0,0,0,0,1,-1,1,0,1,1,1,0,0,0,0,0,16,0,0,3,6,5,4,2,3,1,24,26,0,0,0,0,0,0,0,0,7,1,1,0,0,0,0,3,4,1,1,KRBKRNvK,DRAW,8/2n5/2B3K1/7r/6R1/4k3/8/8 b - - 0 1
1,1,0,0,0,0,0,1,-1,1,0,1,1,1,0,0,0,0,0,16,0,0,5,3,5,1,0,1,5,29,21,0,0,0,0,0,0,0,0,7,1,1,0,1,0,0,2,0,0,0,KRBKRNvK,DRAW,5R2/8/3K4/7n/8/7B/1r6/1k6 w - - 0 1
0,1,0,0,0,0,0,1,-1,1,0,1,1,1,0,0,0,0,0,16,0,0,7,2,0,0,7,4,6,22,23,0,0,0,0,0,0,0,0,7,1,1,0,0,0,0,2,1,0,0,KRBKRNvK,DRAW,k7/8/1n6/B3R3/8/6r1/8/2K5 b - - 0 1
0,1,0,0,0,0,0,1,-1,1,0,1,1,1,0,0,0,0,0,16,0,0,3,3,2,0,2,1,4,22,26,0,0,0,0,0,0,0,0,7,1,1,0,0,0,0,3,0,0,0,KRBKRNvK,DRAW,4Bn2/1r6/8/3R4/8/k2K4/8/8 b - - 0 1
0,1,0,0,0,0,0,1,-1,1,0,1,1,1,0,0,0,0,0,16,0,0,4,1,6,5,3,4,1,4,0,1,0,0,0,0,0,0,0,7,1,1,0,0,0,0,1,2,1,0,KRBKRNvK,DRAW,8/1KB5/8/8/5k2/8/6R1/r1n5 b - - 0 1
1,1,0,0,0,0,0,1,-1,1,0,1,1,1,0,0,0,0,0,16,0,0,3,4,2,1,4,1,2,24,21,0,0,0,0,0,0,0,0,7,1,1,0,0,0,0,3,2,1,1,KRBKRNvK,DRAW,2R5/2B5/8/1k4r1/n7/4K3/8/8 w - - 0 1
1,1,0,0,0,0,0,1,-1,1,0,1,1,1,0,0,0,0,0,16,0,0,3,3,1,6,1,2,4,23,25,0,0,0,0,0,0,0,0,7,1,1,0,0,0,0,2,0,0,1,KRBKRNvK,DRAW,2r5/8/8/8/1R6/8/3K2k1/1Bn5 w - - 0 1
0,1,0,0,0,0,0,1,-1,1,0,1,1,1,0,0,0,0,0,16,0,0,7,5,0,3,7,4,3,2,0,1,0,0,0,0,0,0,0,7,1,1,0,0,0,0,1,2,2,0,KRBKRNvK,DRAW,1R1k4/3r1B2/8/8/7n/8/8/5K2 b - - 0 1
0,1,0,0,0,0,0,1,-1,1,0,1,1,1,0,0,0,0,0,16,0,0,3,4,5,6,2,1,3,24,26,0,0,0,0,0,0,0,0,7,1,1,0,0,0,0,4,1,0,0,KRBKRNvK,DRAW,r7/8/4K3/8/2R5/6k1/4n3/3B4 b - - 0 1
0,1,0,0,0,0,0,1,-1,1,0,1,1,1,0,0,0,0,0,16,0,0,3,3,7,0,5,3,4,12,28,0,0,0,0,0,0,0,0,7,1,1,0,0,0,0,1,0,0,0,KRBKRNvK,DRAW,3K4/8/k7/8/8/6B1/1R5n/7r b - - 0 1
0,1,0,0,0,0,0,1,-1,1,0,1,1,1,0,0,0,0,0,16,0,0,3,5,0,4,3,4,0,3,0,1,0,0,0,0,0,0,0,7,1,1,0,0,0,0,3,4,2,0,KRBKRNvK,DRAW,1n2r3/8/8/8/3Rk3/8/5B2/5K2 b - - 0 1
1,1,0,0,0,0,0,1,-1,1,0,1,1,1,0,0,0,0,0,16,0,0,4,2,1,0,5,3,4,22,18,0,0,0,0,0,0,0,0,7,1,1,1,0,0,0,1,2,1,0,KRBKRNvK,DRAW,8/1R6/k2r4/n7/8/1B6/2K5/8 w - - 0 1
0,1,0,0,0,0,0,1,-1,1,0,1,1,1,0,0,0,0,0,16,0,0,2,0,2,2,0,4,4,22,20,0,0,0,0,0,0,0,0,7,1,1,0,0,0,0,2,0,1,0,KRBKRNvK,DRAW,8/8/8/8/4n2R/K7/B7/2k2r2 b - - 0 1
0,1,0,0,0,0,0,1,-1,1,0,1,1,1,0,0,0,0,0,16,0,0,3,0,2,1,5,4,3,27,24,0,0,0,0,0,0,0,0,7,1,1,0,0,0,0,3,1,1,0,KRBKRNvK,DRAW,8/8/1k3B2/8/R4n2/K7/8/6r1 b - - 0 1
1,1,0,0,0,0,0,1,-1,1,0,1,1,1,0,0,0,0,0,16,0,0,4,2,6,6,4,3,2,28,25,0,0,0,0,0,0,0,0,7,1,1,0,0,0,0,2,0,0,1,KRBKRNvK,DRAW,3R4/n1K5/8/6k1/1B6/7r/8/8 w - - 0 1
0,1,0,0,0,0,0,1,-1,1,0,1,1,1,0,0,0,0,0,16,0,0,2,0,5,2,5,4,2,3,0,1,0,0,0,0,0,0,0,7,1,1,0,0,0,0,3,1,1,0,KRBKRNvK,DRAW,7r/8/K1k1R3/8/8/1B6/8/2n5 b - - 0 1
1,1,0,0,0,0,0,1,-1,1,0,1,1,1,0,0,0,0,0,16,0,0,2,2,5,0,3,2,3,4,0,1,0,0,0,0,0,0,0,7,1,1,0,0,0,0,2,2,0,2,KRBKRNvK,DRAW,Bn6/4r3/2K5/5R2/k7/8/8/8 w - - 0 1
1,1,0,0,0,0,0,1,-1,1,0,1,1,1,0,0,0,0,0,16,0,0,6,7,7,6,1,6,4,19,25,0,0,0,0,0,0,0,0,7,1,1,0,0,0,0,0,1,1,0,KRBKRNvK,DRAW,7K/r7/3n4/8/8/5R2/6k1/3B4 w - - 0 1
0,1,0,0,0,0,0,1,-1,1,0,1,1,1,0,0,0,0,0,16,0,0,3,5,5,2,3,2,1,22,26,0,0,0,0,0,0,0,0,7,1,1,0,0,0,0,1,3,0,1,KRBKRNvK,DRAW,1B6/8/5K2/n7/2k1r3/8/8/6R1 b - - 0 1
0,1,0,0,0,0,0,1,-1,1,0,1,1,1,0,0,0,0,0,16,0,0,3,5,5,2,6,2,3,18,20,0,0,0,0,0,0,0,0,7,1,1,0,0,0,0,2,3,1,1,KRBKRNvK,DRAW,8/2kr4/5K2/R7/8/6n1/7B/8 b - - 0 1
0,1,0,0,0,0,0,1,-1,1,0,1,1,1,0,0,0,0,0,16,0,0,4,0,5,4,4,4,0,20,24,0,0,0,0,0,0,0,0,7,1,1,0,0,0,0,0,3,2,0,KRBKRNvK,DRAW,8/8/K4R2/4k1B1/8/8/7n/3r4 b - - 0 1
1,1,0,0,0,0,0,1,-1,1,0,1,1,1,0,0,0,0,0,16,0,0,2,3,3,3,5,0,1,26,22,0,0,0,0,0,0,0,0,7,1,1,0,1,0,0,4,2,1,1,KRBKRNvK,DRAW,R7/8/3k1B1n/8/3K4/8/1r6/8 w - - 0 1
0,1,0,0,0,0,0,1,-1,1,0,1,1,1,0,0,0,0,0,16,0,0,6,0,6,0,0,5,6,25,19,0,0,0,0,0,0,0,0,7,1,1,0,0,0,0,4,2,0,0,KRBKRNvK,DRAW,8/K7/8/3R1n2/1r6/8/6B1/k7 b - - 0 1
0,1,0,0,0,0,0,1,-1,1,0,1,1,1,0,0,0,0,0,16,0,0,4,6,3,2,7,2,4,16,29,0,0,0,0,0,0,0,0,7,1,1,0,0,0,0,2,2,0,0,KRBKRNvK,DRAW,2knr3/8/8/1R6/6K1/8/8/2B5 b - - 0 1
0,1,0,0,0,0,0,1,-1,1,0,1,1,1,0,0,0,0,0,16,0,0,2,4,6,6,6,2,4,3,0,1,0,0,0,0,0,0,0,7,1,1,0,0,0,0,1,0,0,0,KRBKRNvK,DRAW,1r6/4K1k1/8/8/2B5/n7/8/6R1 b - - 0 1
0,1,0,0,0,0,0,1,-1,1,0,1,1,1,0,0,0,0,0,16,0,0,3,3,5,6,7,1,5,23,29,0,0,0,0,0,0,0,0,7,1,1,0,0,0,0,2,2,0,0,KRBKRNvK,DRAW,6k1/8/3K4/5R2/r7/8/2n5/2B5 b - - 0 1
0,1,0,0,0,0,0,1,-1,1,0,1,1,1,0,0,0,0,0,16,0,0,2,3,3,5,1,0,3,5,0,1,0,0,0,0,0,0,0,7,1,1,0,1,0,0,3,1,0,1,KRBKRNvK,DRAW,8/8/5R2/8/3K4/B3n3/5kr1/8 b - - 0 1
0,1,0,0,0,0,0,1,-1,1,0,1,1,1,0,0,0,0,0,16,0,0,3,6,4,7,7,2,6,20,19,0,0,0,0,0,0,0,0,7,1,1,0,0,0,0,2,2,0,1,KRBKRNvK,DRAW,B6k/n7/8/6K1/5r2/8/6R1/8 b - - 0 1
1,1,0,0,0,0,0,1,-1,1,0,1,1,1,0,0,0,0,0,16,0,0,4,4,2,3,6,1,2,28,17,0,0,0,0,0,0,0,0,7,1,1,0,0,0,0,3,0,0,0,KRBKRNvK,DRAW,6B1/2rk4/8/8/8/4K3/5R2/7n w - - 0 1
0,1,0,0,0,0,0,1,-1,1,0,1,1,1,0,0,0,0,0,16,0,0,3,6,1,3,2,4,1,4,0,1,0,0,0,0,0,0,0,7,1,1,0,0,0,0,2,3,1,0,KRBKRNvK,DRAW,1n6/4r3/3R4/8/8/3k4/6K1/5B2 b - - 0 1
1,1,0,0,0,0,0,1,-1,1,0,1,1,1,0,0,0,0,0,16,0,0,6,7,7,1,7,6,5,23,27,0,0,0,0,0,0,0,0,7,1,1,0,0,0,0,3,1,0,0,KRBKRNvK,DRAW,1k5K/8/8/7R/2n5/5r2/8/1B6 w - - 0 1
1,1,0,0,0,0,0,1,-1,1,0,1,1,1,0,0,0,0,0,16,0,0,6,0,5,6,0,4,5,23,23,0,0,0,0,0,0,0,0,7,1,1,1,0,0,0,2,1,0,1,KRBKRNvK,DRAW,1r3B2/3R4/K7/6n1/8/8/8/6k1 w - - 0 1
0,1,0,0,0,0,0,1,-1,1,0,1,1,1,0,0,0,0,0,16,0,0,7,1,7,3,0,5,3,23,28,0,0,0,0,0,0,0,0,7,1,1,0,0,0,0,0,3,0,0,KRBKRNvK,DRAW,1K6/3B4/6R1/8/1n2r3/8/8/3k4 b - - 0 1
0,1,0,0,0,0,0,1,-1,1,0,1,1,1,0,0,0,0,0,16,0,0,2,5,0,3,1,4,2,22,26,0,0,0,0,0,0,0,0,7,1,1,0,0,0,0,3,2,0,0,KRBKRNvK,DRAW,n7/1B6/4r3/8/6R1/8/3k4/5K2 b - - 0 1
0,1,0,0,0,0,0,1,-1,1,0,1,1,1,0,0,0,0,0,16,0,0,4,7,4,3,5,3,1,20,25,0,0,0,0,0,0,0,0,7,1,1,1,1,0,0,2,3,1,0,KRBKRNvK,DRAW,7B/5R2/3k4/7K/8/8/1r2n3/8 b - - 0 1
0,1,0,0,0,0,0,1,-1,1,0,1,1,1,0,0,0,0,0,16,0,0,2,4,2,3,4,1,0,25,21,0,0,0,0,0,0,0,0,7,1,1,0,0,0,0,2,3,0,0,KRBKRNvK,DRAW,4B3/r7/8/3k4/8/1n2K1R1/8/8 b - - 0 1
1,1,0,0,0,0,0,1,-1,1,0,1,1,1,0,0,0,0,0,16,0,0,5,6,4,1,0,2,5,23,19,0,0,0,0,0,0,0,0,7,1,1,0,1,0,0,0,0,0,0,KRBKRNvK,DRAW,8/1n6/8/6K1/8/6R1/1r6/1k2B3 w - - 0 1
1,1,0,0,0,0,0,1,-1,1,0,1,1,1,0,0,0,0,0,16,0,0,6,7,0,3,6,6,2,4,0,1,0,0,0,0,0,0,0,7,1,1,0,0,0,0,0,0,0,0,KRBKRNvK,DRAW,8/3k2n1/6R1/8/1B6/8/8/2r4K w - - 0 1
0,1,0,0,0,0,0,1,-1,1,0,1,1,1,0,0,0,0,0,16,0,0,2,1,5,1,3,3,2,25,18,0,0,0,0,0,0,0,0,7,1,1,1,0,0,0,2,1,0,0,KRBKRNvK,DRAW,5r2/B3R3/1K6/8/1k4n1/8/8/8 b - - 0 1
0,1,0,0,0,0,0,1,-1,1,0,1,1,1,0,0,0,0,0,16,0,0,3,1,1,0,4,4,3,4,0,1,0,0,0,0,0,0,0,7,1,1,0,0,0,0,2,0,0,0,KRBKRNvK,DRAW,r7/8/7B/k6R/8/8/1K6/4n3 b - - 0 1
1,1,0,0,0,0,0,1,-1,1,0,1,1,1,0,0,0,0,0,16,0,0,4,6,6,2,4,4,1,6,0,1,0,0,0,0,0,0,0,7,1,1,1,1,0,0,1,2,2,0,KRBKRNvK,DRAW,8/1R4K1/8/2k5/2B5/7n/6r1/8 w - - 0 1
0,1,0,0,0,0,0,1,-1,1,0,1,1,1,0,0,0,0,0,16,0,0,3,3,7,6,7,3,5,27,24,0,0,0,0,0,0,0,0,7,1,1,0,1,0,0,1,0,0,0,KRBKRNvK,DRAW,3K2k1/8/8/4n3/8/2R1B3/5r2/8 b - - 0 1
1,1,0,0,0,0,0,1,-1,1,0,1,1,1,0,0,0,0,0,16,0,0,4,2,4,6,0,1,5,4,0,1,0,0,0,0,0,0,0,7,1,1,1,0,0,0,4,2,1,2,KRBKRNvK,DRAW,8/4R3/8/1rK5/8/2n4B/8/6k1 w - - 0 1
1,1,0,0,0,0,0,1,-1,1,0,1,1,1,0,0,0,0,0,16,0,0,7,0,1,7,1,5,5,5,0,1,0,0,0,0,0,0,0,7,1,1,0,0,0,0,2,2,0,1,KRBKRNvK,DRAW,4B3/8/8/3R3r/1n6/8/K6k/8 w - - 0 1
1,1,0,0,0,0,0,1,-1,1,0,1,1,1,0,0,0,0,0,16,0,0,5,4,1,3,6,2,2,5,0,1,0,0,0,0,0,0,0,7,1,1,0,0,0,0,0,2,1,1,KRBKRNvK,DRAW,3Br3/3k4/8/8/8/6n1/4K3/R7 w - - 0 1
0,1,0,0,0,0,0,1,-1,1,0,1,1,1,0,0,0,0,0,16,0,0,3,5,3,2,3,1,1,24,24,0,0,0,0,0,0,0,0,7,1,1,0,1,0,0,3,2,1,1,KRBKRNvK,DRAW,8/8/n1B5/8/2k2K2/8/6r1/5R2 b - - 0 1
0,1,0,0,0,0,0,1,-1,1,0,1,1,1,0,0,0,0,0,16,0,0,2,3,2,1,4,1,2,6,0,1,0,0,0,0,0,0,0,7,1,1,0,0,0,0,3,1,1,1,KRBKRNvK,DRAW,1r6/8/8/1k3n2/2B5/3K4/8/2R5 b - - 0 1
0,1,0,0,0,0,0,1,-1,1,0,1,1,1,0,0,0,0,0,16,0,0,6,7,2,1,6,4,4,26,21,0,0,0,0,0,0,0,0,7,1,1,0,0,0,0,2,1,0,0,KRBKRNvK,DRAW,6r1/1kn5/8/8/8/7K/3RB3/8 b - - 0 1
0,1,0,0,0,0,0,1,-1,1,0,1,1,1,0,0,0,0,0,16,0,0,5,5,3,0,3,1,3,3,0,1,0,0,0,0,0,0,0,7,1,1,0,0,0,0,2,3,0,0,KRBKRNvK,DRAW,8/4r3/1n6/8/k2B1K2/8/8/R7 b - - 0 1
0,1,0,0,0,0,0,1,-1,1,0,1,1,1,0,0,0,0,0,16,0,0,3,4,1,1,4,2,2,23,26,0,0,0,0,0,0,0,0,7,1,1,0,0,0,0,1,2,0,1,KRBKRNvK,DRAW,R1n5/8/8/1k2B3/8/8/4K3/3r4 b - - 0 1
1,1,0,0,0,0,0,1,-1,1,0,1,1,1,0,0,0,0,0,16,0,0,2,7,1,5,1,5,3,23,18,0,0,0,0,0,0,0,0,7,1,1,0,0,0,0,0,2,0,0,KRBKRNvK,DRAW,2R5/7n/8/B7/r7/8/5k1K/8 w - - 0 1
0,1,0,0,0,0,0,1,-1,1,0,1,1,1,0,0,0,0,0,16,0,0,2,3,6,1,5,2,3,23,28,0,0,0,0,0,0,0,0,7,1,1,0,0,0,0,2,1,0,0,KRBKRNvK,DRAW,8/3K4/1k6/4B3/4R3/8/4n3/1r6 b - - 0 1
0,1,0,0,0,0,0,1,-1,1,0,1,1,1,0,0,0,0,0,16,0,0,2,0,4,2,4,3,1,3,0,1,0,0,0,0,0,0,0,7,1,1,0,0,0,0,2,2,2,0,KRBKRNvK,DRAW,8/B7/8/K1k5/1R6/8/1n6/7r b - - 0 1
0,1,0,0,0,0,0,1,-1,1,0,1,1,1,0,0,0,0,0,16,0,0,5,6,5,1,2,3,3,20,26,0,0,0,0,0,0,0,0,7,1,1,0,0,0,0,1,2,0,0,KRBKRNvK,DRAW,1B6/n7/6K1/r7/8/1k6/5R2/8 b - - 0 1
0,1,0,0,0,0,0,1,-1,1,0,1,1,1,0,0,0,0,0,16,0,0,3,0,5,3,6,4,2,29,23,0,0,0,0,0,0,0,0,7,1,1,0,0,0,0,1,1,0,0,KRBKRNvK,DRAW,7r/3k4/K3n3/8/8/R3B3/8/8 b - - 0 1
1,1,0,0,0,0,0,1,-1,1,0,1,1,1,0,0,0,0,0,16,0,0,2,4,7,6,5,3,3,19,24,0,0,0,0,0,0,0,0,7,1,1,0,0,0,0,0,0,0,1,KRBKRNvK,DRAW,R3K3/2r5/6k1/8/8/8/8/3B1n2 w - - 0 1
1,1,0,0,0,0,0,1,-1,1,0,1,1,1,0,0,0,0,0,16,0,0,4,6,1,2,0,4,4,7,0,1,0,0,0,0,0,0,0,7,1,1,0,1,0,0,3,1,1,0,KRBKRNvK,DRAW,8/8/1n6/6R1/8/3B4/3r2K1/2k5 w - - 0 1
1,1,0,0,0,0,0,1,-1,1,0,1,1,1,0,0,0,0,0,16,0,0,6,0,6,4,0,5,3,4,0,1,0,0,0,0,0,0,0,7,1,1,0,0,0,0,2,0,0,1,KRBKRNvK,DRAW,2n5/K7/5R2/8/8/6r1/8/4k2B w - - 0 1
0,1,0,0,0,0,0,1,-1,1,0,1,1,1,0,0,0,0,0,16,0,0,4,5,6,2,2,3,2,27,23,0,0,0,0,0,0,0,0,7,1,1,0,1,0,0,2,2,0,0,KRBKRNvK,DRAW,8/5K2/8/5R2/8/2kn4/1r6/5B2 b - - 0 1
0,1,0,0,0,0,0,1,-1,1,0,1,1,1,0,0,0,0,0,16,0,0,5,7,4,2,4,3,1,16,24,0,0,0,0,0,0,0,0,7,1,1,0,0,0,0,2,2,1,0,KRBKRNvK,DRAW,4B3/8/4R3/2k4K/n7/2r5/8/8 b - - 0 1
0,1,0,0,0,0,0,1,-1,1,0,1,1,1,0,0,0,0,0,16,0,0,5,5,6,0,4,3,3,4,0,1,0,0,0,0,0,0,0,7,1,1,0,0,0,0,3,0,0,0,KRBKRNvK,DRAW,n7/5K2/8/k2R4/8/7r/8/1B6 b - - 0 1
0,1,0,0,0,0,0,1,-1,1,0,1,1,1,0,0,0,0,0,16,0,0,3,7,4,5,1,3,3,6,0,1,0,0,0,0,0,0,0,7,1,1,0,0,0,0,0,2,0,0,KRBKRNvK,DRAW,5Bn1/8/8/7K/8/4r3/1R3k2/8 b - - 0 1
0,1,0,0,0,0,0,1,-1,1,0,1,1,1,0,0,0,0,0,16,0,0,7,0,0,7,0,6,6,23,21,0,0,0,0,0,0,0,0,7,1,1,0,0,0,0,0,1,0,0,KRBKRNvK,DRAW,1r6/4n3/R7/8/8/8/8/K3B2k b - - 0 1
0,1,0,0,0,0,0,1,-1,1,0,1,1,1,0,0,0,0,0,16,0,0,3,3,3,6,6,0,4,23,28,0,0,0,0,0,0,0,0,7,1,1,0,1,0,0,3,0,0,2,KRBKRNvK,DRAW,8/6k1/8/8/1B1K4/R7/1n3r2/8 b - - 0 1
1,1,0,0,0,0,0,1,-1,1,0,1,1,1,0,0,0,0,0,16,0,0,2,3,2,1,4,1,2,4,0,1,0,0,0,0,0,0,0,7,1,1,0,0,0,0,2,0,0,1,KRBKRNvK,DRAW,8/8/8/1k3B2/6R1/3K2r1/8/4n3 w - - 0 1
1,1,0,0,0,0,0,1,-1,1,0,1,1,1,0,0,0,0,0,16,0,0,4,5,4,6,0,1,5,26,17,0,0,0,0,0,0,0,0,7,1,1,0,0,0,0,2,0,1,0,KRBKRNvK,DRAW,3B4/8/r7/5K2/8/8/7R/n5k1 w - - 0 1
0,1,0,0,0,0,0,1,-1,1,0,1,1,1,0,0,0,0,0,16,0,0,7,7,2,0,6,4,5,3,0,1,0,0,0,0,0,0,0,7,1,1,0,0,0,0,2,2,0,1,KRBKRNvK,LOSS,7n/k7/8/8/6r1/R6K/8/7B b - - 0 1
0,1,0,0,0,0,0,1,-1,1,0,1,1,1,0,0,0,0,0,16,0,0,4,3,5,3,1,1,2,21,23,0,0,0,0,0,0,0,0,7,1,1,0,0,0,0,2,0,1,1,KRBKRNvK,DRAW,2r5/4B3/3K4/8/8/8/3k4/n4R2 b - - 0 1
0,1,0,0,0,0,0,1,-1,1,0,1,1,1,0,0,0,0,0,16,0,0,3,6,7,6,4,5,2,18,25,0,0,0,0,0,0,0,0,7,1,1,0,0,0,0,3,2,0,0,KRBKRNvK,DRAW,B2n2K1/8/3R4/6k1/6r1/8/8/8 b - - 0 1
0,1,0,0,0,0,0,1,-1,1,0,1,1,1,0,0,0,0,0,16,0,0,6,7,7,7,1,6,5,22,24,0,0,0,0,0,0,0,0,7,1,1,0,0,0,0,2,0,1,1,KRBKRNvK,DRAW,7K/6n1/8/8/1R4B1/8/7k/r7 b - - 0 1
0,1,0,0,0,0,0,1,-1,1,0,1,1,1,0,0,0,0,0,16,0,0,6,5,1,1,7,3,5,21,18,0,0,0,0,0,0,0,0,7,1,1,0,0,0,0,0,0,0,1,KRBKRNvK,DRAW,1k6/r7/8/8/8/7B/5Kn1/5R2 b - - 0 1
0,1,0,0,0,0,0,1,-1,1,0,1,1,1,0,0,0,0,0,16,0,0,4,6,5,7,1,3,5,3,0,1,0,0,0,0,0,0,0,7,1,1,0,0,0,0,0,2,0,1,KRBKRNvK,DRAW,8/4B2n/6KR/8/8/8/7k/3r4 b - - 0 1
1,1,0,0,0,0,0,1,-1,1,0,1,1,1,0,0,0,0,0,16,0,0,5,0,5,5,1,4,3,23,19,0,0,0,0,0,0,0,0,7,1,1,0,0,0,0,2,0,2,0,KRBKRNvK,DRAW,3n4/5r2/K7/8/8/7R/5k2/7B w - - 0 1
0,1,0,0,0,0,0,1,-1,1,0,1,1,1,0,0,0,0,0,16,0,0,2,3,2,3,4,1,0,3,0,1,0,0,0,0,0,0,0,7,1,1,0,0,0,0,4,4,0,0,KRBKRNvK,DRAW,8/3r4/8/3k3R/8/3K4/8/3B3n b - - 0 1
0,1,0,0,0,0,0,1,-1,1,0,1,1,1,0,0,0,0,0,16,0,0,4,6,1,4,5,4,1,20,30,0,0,0,0,0,0,0,0,7,1,1,0,0,0,0,2,2,1,1,KRBKRNvK,DRAW,8/5r2/4k3/2B5/8/3R4/6Kn/8 b - - 0 1
1,1,0,0,0,0,0,1,-1,1,0,1,1,1,0,0,0,0,0,16,0,0,4,7,4,3,1,3,2,25,22,0,0,0,0,0,0,0,0,7,1,1,0,0,0,0,0,0,0,1,KRBKRNvK,DRAW,8/4B2n/1r6/7K/8/8/3k4/6R1 w - - 0 1
0,1,0,0,0,0,0,1,-1,1,0,1,1,1,0,0,0,0,0,16,0,0,2,5,7,3,7,4,3,1,0,1,0,0,0,0,0,0,0,7,1,1,0,1,0,0,2,1,1,0,KRBKRNvK,LOSS,3k1K2/8/1B6/1n6/8/3R4/3r4/8 b - - 0 1
1,1,0,0,0,0,0,1,-1,1,0,1,1,1,0,0,0,0,0,16,0,0,5,5,7,1,2,4,3,27,19,0,0,0,0,0,0,0,0,7,1,1,0,1,0,0,2,0,1,0,KRBKRNvK,DRAW,2n2K2/8/8/6B1/8/1k6/1r6/3R4 w - - 0 1
1,1,0,0,0,0,0,1,-1,1,0,1,1,1,0,0,0,0,0,16,0,0,2,3,5,1,4,1,2,28,22,0,0,0,0,0,0,0,0,7,1,1,0,0,0,0,4,2,0,1,KRBKRNvK,DRAW,8/6Bn/3K4/1k6/2r5/8/8/4R3 w - - 0 1
1,1,0,0,0,0,0,1,-1,1,0,1,1,1,0,0,0,0,0,16,0,0,3,0,7,1,4,6,2,26,19,0,0,0,0,0,0,0,0,7,1,1,0,0,0,0,3,1,0,0,KRBKRNvK,DRAW,K7/6Br/4R3/1k6/8/1n6/8/8 w - - 0 1
1,1,0,0,0,0,0,1,-1,1,0,1,1,1,0,0,0,0,0,16,0,0,7,5,0,7,7,4,6,21,24,0,0,0,0,0,0,0,0,7,1,1,0,0,0,0,0,2,0,0,KRBKRNvK,DRAW,7k/6r1/8/1B6/8/2n5/8/R4K2 w - - 0 1
1,1,0,0,0,0,0,1,-1,1,0,1,1,1,0,0,0,0,0,16,0,0,4,3,2,6,6,1,4,5,0,1,0,0,0,0,0,0,0,7,1,1,0,0,0,0,2,0,1,1,KRBKRNvK,DRAW,4n3/4B1k1/8/8/8/3K1r2/2R5/8 w - - 0 1
1,1,0,0,0,0,0,1,-1,1,0,1,1,1,0,0,0,0,0,16,0,0,2,7,6,5,5,5,2,25,21,0,0,0,0,0,0,0,0,7,1,1,1,0,0,0,0,3,1,0,KRBKRNvK,DRAW,8/2R4K/1n3k2/3r4/6B1/8/8/8 w - - 0 1
1,1,0,0,0,0,0,1,-1,1,0,1,1,1,0,0,0,0,0,16,0,0,3,4,3,3,6,0,2,20,26,0,0,0,0,0,0,0,0,7,1,1,0,0,0,0,4,2,0,1,KRBKRNvK,DRAW,8/3k4/8/2r5/4K2R/8/1n6/5B2 w - - 0 1
0,1,0,0,0,0,0,1,-1,1,0,1,1,1,0,0,0,0,0,16,0,0,2,2,1,4,1,3,2,17,30,0,0,0,0,0,0,0,0,7,1,1,1,0,0,0,2,0,1,0,KRBKRNvK,DRAW,4n2r/3R4/8/8/4B3/8/2K1k3/8 b - - 0 1
0,1,0,0,0,0,0,1,-1,1,0,1,1,1,0,0,0,0,0,16,0,0,4,3,4,7,4,0,3,22,20,0,0,0,0,0,0,0,0,7,1,1,0,0,0,0,3,2,0,1,KRBKRNvK,DRAW,5n2/8/8/3K3k/5r2/8/2R4B/8 b - - 0 1
0,1,0,0,0,0,0,1,-1,1,0,1,1,1,0,0,0,0,0,16,0,0,4,7,5,3,5,4,1,6,0,1,0,0,0,0,0,0,0,7,1,1,0,1,0,0,2,3,1,0,KRBKRNvK,DRAW,8/6B1/1R1k3K/8/1n6/8/3r4/8 b - - 0 1
0,1,0,0,0,0,0,1,-1,1,0,1,1,1,0,0,0,0,0,16,0,0,3,5,6,2,4,3,1,6,0,1,0,0,0,0,0,0,0,7,1,1,0,1,0,0,0,2,1,0,KRBKRNvK,DRAW,7R/B4K2/n7/2k5/8/8/6r1/8 b - - 0 1
1,1,0,0,0,0,0,1,-1,1,0,1,1,1,0,0,0,0,0,16,0,0,5,3,0,5,5,3,2,21,18,0,0,0,0,0,0,0,0,7,1,1,0,0,0,0,2,1,0,0,KRBKRNvK,DRAW,6n1/6r1/5k2/8/8/7B/8/3KR3 w - - 0 1
0,1,0,0,0,0,0,1,-1,1,0,1,1,1,0,0,0,0,0,16,0,0,4,7,4,3,3,3,0,4,0,1,0,0,0,0,0,0,0,7,1,1,0,0,0,0,1,3,0,1,KRBKRNvK,DRAW,8/B7/8/7K/3k3n/1r6/8/3R4 b - - 0 1
1,1,0,0,0,0,0,1,-1,1,0,1,1,1,0,0,0,0,0,16,0,0,2,0,0,2,1,6,3,1,0,1,0,0,0,0,0,0,0,7,1,1,0,0,0,0,2,0,1,1,KRBKRNvK,LOSS,r7/8/8/8/8/2B5/1nk5/K5R1 w - - 0 1
1,1,0,0,0,0,0,1,-1,1,0,1,1,1,0,0,0,0,0,16,0,0,5,1,1,0,6,4,5,28,22,0,0,0,0,0,0,0,0,7,1,1,0,1,0,0,3,1,0,1,KRBKRNvK,DRAW,8/k7/5B2/8/8/4R3/1Kn3r1/8 w - - 0 1
1,1,0,0,0,0,0,1,-1,1,0,1,1,1,0,0,0,0,0,16,0,0,6,7,0,2,6,6,3,23,19,0,0,0,0,0,0,0,0,7,1,1,0,0,0,0,0,0,0,1,KRBKRNvK,WIN,7R/2k5/n7/6B1/8/6r1/8/7K w - - 0 1
1,1,0,0,0,0,0,1,-1,1,0,1,1,1,0,0,0,0,0,16,0,0,4,1,6,5,6,4,3,5,0,1,0,0,0,0,0,0,0,7,1,1,0,0,0,0,1,2,0,1,KRBKRNvK,DRAW,8/1K1r1k2/8/4n3/8/8/5B2/6R1 w - - 0 1
0,1,0,0,0,0,0,1,-1,1,0,1,1,1,0,0,0,0,0,16,0,0,7,0,7,7,0,6,6,23,22,0,0,0,0,0,0,0,0,7,1,1,0,0,0,0,2,1,0,0,KRBKRNvK,DRAW,K3B3/8/6n1/R7/8/2r5/8/7k b - - 0 1
0,1,0,0,0,0,0,1,-1,1,0,1,1,1,0,0,0,0,0,16,0,0,3,5,7,5,4,4,1,5,0,1,0,0,0,0,0,0,0,7,1,1,0,0,0,0,4,2,2,0,KRBKRNvK,DRAW,5K2/8/8/3R1kn1/8/4rB2/8/8 b - - 0 1
1,1,0,0,0,0,0,1,-1,1,0,1,1,1,0,0,0,0,0,16,0,0,4,1,5,2,1,3,3,7,0,1,0,0,0,0,0,0,0,7,1,1,0,0,0,0,2,2,1,1,KRBKRNvK,DRAW,8/8/1K6/3n2r1/8/2B4R/2k5/8 w - - 0 1
1,1,0,0,0,0,0,1,-1,1,0,1,1,1,0,0,0,0,0,16,0,0,5,2,3,7,1,1,5,7,0,1,0,0,0,0,0,0,0,7,1,1,1,0,0,0,4,1,0,1,KRBKRNvK,DRAW,5r2/4R3/2B5/8/2K5/8/3n3k/8 w - - 0 1
1,1,0,0,0,0,0,1,-1,1,0,1,1,1,0,0,0,0,0,16,0,0,6,0,5,6,5,4,3,21,23,0,0,0,0,0,0,0,0,7,1,1,1,0,0,0,2,1,2,0,KRBKRNvK,DRAW,8/6BR/K5k1/8/8/4n3/8/6r1 w - - 0 1
0,1,0,0,0,0,0,1,-1,1,0,1,1,1,0,0,0,0,0,16,0,0,6,5,7,6,1,4,4,22,24,0,0,0,0,0,0,0,0,7,1,1,1,0,0,0,0,0,0,1,KRBKRNvK,DRAW,5K2/2R5/6r1/8/B6n/8/6k1/8 b - - 0 1
1,1,0,0,0,0,0,1,-1,1,0,1,1,1,0,0,0,0,0,16,0,0,3,7,5,7,2,4,4,5,0,1,0,0,0,0,0,0,0,7,1,1,0,0,0,0,2,1,0,1,KRBKRNvK,DRAW,5B2/8/7K/2R5/6n1/r6k/8/8 w - - 0 1
1,1,0,0,0,0,0,1,-1,1,0,1,1,1,0,0,0,0,0,16,0,0,7,7,6,0,7,5,6,25,20,0,0,0,0,0,0,0,0,7,1,1,0,1,0,0,2,0,0,0,KRBKRNvK,DRAW,k7/7K/8/4R3/8/7n/5r2/1B6 w - - 0 1
0,1,0,0,0,0,0,1,-1,1,0,1,1,1,0,0,0,0,0,16,0,0,6,6,3,0,0,2,6,22,26,0,0,0,0,0,0,0,0,7,1,1,0,0,0,0,2,1,0,0,KRBKRNvK,WIN,1r6/3n4/8/8/4R1K1/8/8/k3B3 b - - 0 1
0,1,0,0,0,0,0,1,-1,1,0,1,1,1,0,0,0,0,0,16,0,0,4,7,3,3,0,3,3,24,25,0,0,0,0,0,0,0,0,7,1,1,0,0,0,0,2,3,0,0,KRBKRNvK,DRAW,3r4/8/8/7R/4B2K/3n4/8/3k4 b - - 0 1
1,1,0,0,0,0,0,1,-1,1,0,1,1,1,0,0,0,0,0,16,0,0,5,6,5,1,3,3,2,26,24,0,0,0,0,0,0,0,0,7,1,1,0,0,0,0,2,2,1,1,KRBKRNvK,DRAW,n7/4r3/6K1/8/1k6/7B/3R4/8 w - - 0 1
0,1,0,0,0,0,0,1,-1,1,0,1,1,1,0,0,0,0,0,16,0,0,4,5,2,1,5,2,3,5,0,1,0,0,0,0,0,0,0,7,1,1,0,0,0,0,2,1,1,2,KRBKRNvK,DRAW,8/8/1k6/4Bn2/1R6/5K2/8/7r b - - 0 1
1,1,0,0,0,0,0,1,-1,1,0,1,1,1,0,0,0,0,0,16,0,0,3,1,2,2,5,3,2,30,21,0,0,0,0,0,0,0,0,7,1,1,0,0,0,0,2,2,1,1,KRBKRNvK,DRAW,8/8/2k5/8/1B6/1K6/4R3/3r1n2 w - - 0 1
1,1,0,0,0,0,0,1,-1,1,0,1,1,1,0,0,0,0,0,16,0,0,2,3,4,1,6,0,4,16,22,0,0,0,0,0,0,0,0,7,1,1,0,0,0,0,4,2,1,0,KRBKRNvK,DRAW,6n1/1k6/3R4/3K4/7r/B7/8/8 w - - 0 1
1,1,0,0,0,0,0,1,-1,1,0,1,1,1,0,0,0,0,0,16,0,0,6,0,1,6,7,5,5,22,21,0,0,0,0,0,0,0,0,7,1,1,1,0,0,0,0,3,0,0,KRBKRNvK,DRAW,6k1/R7/3n4/8/7B/8/K7/3r4 w - - 0 1
0,1,0,0,0,0,0,1,-1,1,0,1,1,1,0,0,0,0,0,16,0,0,4,7,4,3,6,3,2,27,25,0,0,0,0,0,0,0,0,7,1,1,0,0,0,0,2,0,0,0,KRBKRNvK,DRAW,8/3k4/7B/3n3K/2R5/8/8/1r6 b - - 0 1
0,1,0,0,0,0,0,1,-1,1,0,1,1,1,0,0,0,0,0,16,0,0,5,5,6,0,3,3,3,22,23,0,0,0,0,0,0,0,0,7,1,1,0,0,0,0,2,0,1,0,KRBKRNvK,DRAW,4R3/5K2/8/8/k7/1r6/B5n1/8 b - - 0 1
1,1,0,0,0,0,0,1,-1,1,0,1,1,1,0,0,0,0,0,16,0,0,2,1,1,1,3,4,2,20,24,0,0,0,0,0,0,0,0,7,1,1,1,0,0,0,2,1,0,2,KRBKRNvK,DRAW,8/5RB1/8/8/1k6/1n6/1K6/r7 w - - 0 1
1,1,0,0,0,0,0,1,-1,1,0,1,1,1,0,0,0,0,0,16,0,0,3,6,2,5,5,3,2,6,0,1,0,0,0,0,0,0,0,7,1,1,0,0,0,0,3,1,1,0,KRBKRNvK,DRAW,1n6/8/5kr1/3B4/8/6K1/3R4/8 w - - 0 1
0,1,0,0,0,0,0,1,-1,1,0,1,1,1,0,0,0,0,0,16,0,0,4,3,2,7,6,1,5,2,0,1,0,0,0,0,0,0,0,7,1,1,0,0,0,0,2,2,2,1,KRBKRNvK,DRAW,2n5/7k/8/1r3B1R/8/3K4/8/8 b - - 0 1
1,1,0,0,0,0,0,1,-1,1,0,1,1,1,0,0,0,0,0,16,0,0,5,2,5,4,0,2,3,7,0,1,0,0,0,0,0,0,0,7,1,1,0,0,0,0,2,0,0,1,KRBKRNvK,DRAW,1B4r1/8/2K2R2/8/3n4/8/8/4k3 w - - 0 1
1,1,0,0,0,0,0,1,-1,1,0,1,1,1,0,0,0,0,0,16,0,0,2,2,5,4,3,2,0,22,19,0,0,0,0,0,0,0,0,7,1,1,0,0,0,0,1,4,0,0,KRBKRNvK,DRAW,8/8/2K5/8/4k1r1/1R6/B3n3/8 w - - 0 1
0,1,0,0,0,0,0,1,-1,1,0,1,1,1,0,0,0,0,0,16,0,0,6,0,1,6,0,5,5,4,0,1,0,0,0,0,0,0,0,7,1,1,0,0,0,0,0,2,0,0,KRBKRNvK,DRAW,4B2n/4r3/8/8/8/8/K7/2R3k1 b - - 0 1
0,1,0,0,0,0,0,1,-1,1,0,1,1,1,0,0,0,0,0,16,0,0,4,0,3,4,5,3,1,22,24,0,0,0,0,0,0,0,0,7,1,1,0,0,0,0,1,2,0,0,KRBKRNvK,DRAW,8/4r3/4k3/8/K7/1R1Bn3/8/8 b - - 0 1
1,1,0,0,0,0,0,1,-1,1,0,1,1,1,0,0,0,0,0,16,0,0,4,4,1,0,1,2,5,26,22,0,0,0,0,0,0,0,0,7,1,1,0,0,0,0,2,1,0,1,KRBKRNvK,DRAW,1R6/3n4/8/8/8/6r1/k3K3/7B w - - 0 1
0,1,0,0,0,0,0,1,-1,1,0,1,1,1,0,0,0,0,0,16,0,0,5,7,2,3,7,4,3,26,24,0,0,0,0,0,0,0,0,7,1,1,0,1,0,0,2,0,0,0,KRBKRNvK,DRAW,3k4/8/8/7R/4nB2/7K/2r5/8 b - - 0 1
1,1,0,0,0,0,0,1,-1,1,0,1,1,1,0,0,0,0,0,16,0,0,3,4,4,7,6,0,5,6,0,1,0,0,0,0,0,0,0,7,1,1,0,0,0,0,3,2,1,1,KRBKRNvK,DRAW,8/n6k/6R1/2r1K3/8/7B/8/8 w - - 0 1
1,1,0,0,0,0,0,1,-1,1,0,1,1,1,0,0,0,0,0,16,0,0,3,6,2,3,4,3,0,27,20,0,0,0,0,0,0,0,0,7,1,1,0,0,0,0,2,4,0,1,KRBKRNvK,DRAW,5R2/6B1/8/3k3r/8/6K1/8/2n5 w - - 0 1
0,1,0,0,0,0,0,1,-1,1,0,1,1,1,0,0,0,0,0,16,0,0,3,2,0,5,2,4,2,4,0,1,0,0,0,0,0,0,0,7,1,1,0,0,0,0,2,2,2,0,KRBKRNvK,DRAW,8/8/1r2n3/8/8/3R1k1B/8/2K5 b - - 0 1
0,1,0,0,0,0,0,1,-1,1,0,1,1,1,0,0,0,0,0,16,0,0,3,2,2,5,4,2,1,18,27,0,0,0,0,0,0,0,0,7,1,1,0,0,0,0,2,3,1,1,KRBKRNvK,DRAW,2n5/8/8/1r3k2/3B4/2K5/8/6R1 b - - 0 1
0,1,0,0,0,0,0,1,-1,1,0,1,1,1,0,0,0,0,0,16,0,0,3,3,1,6,1,2,4,4,0,1,0,0,0,0,0,0,0,7,1,1,0,0,0,0,2,0,0,0,KRBKRNvK,DRAW,3n2R1/1B6/8/8/8/8/3K2k1/6r1 b - - 0 1
0,1,0,0,0,0,0,1,-1,1,0,1,1,1,0,0,0,0,0,16,0,0,5,6,2,3,7,3,3,5,0,1,0,0,0,0,0,0,0,7,1,1,0,0,0,0,0,3,0,1,KRBKRNvK,DRAW,3k4/8/4r2R/B7/8/5nK1/8/8 b - - 0 1
0,1,0,0,0,0,0,1,-1,1,0,1,1,1,0,0,0,0,0,16,0,0,3,1,2,2,5,3,2,30,24,0,0,0,0,0,0,0,0,7,1,1,0,0,0,0,1,2,0,0,KRBKRNvK,DRAW,r7/8/2k2n2/8/8/1K6/8/1B4R1 b - - 0 1
1,1,0,0,0,0,0,1,-1,1,0,1,1,1,0,0,0,0,0,16,0,0,5,2,2,3,7,2,3,19,22,0,0,0,0,0,0,0,0,7,1,1,0,0,0,0,3,1,0,1,KRBKRNvK,DRAW,3k3B/5n2/8/8/2R5/2K5/8/1r6 w - - 0 1
1,1,0,0,0,0,0,1,-1,1,0,1,1,1,0,0,0,0,0,16,0,0,5,6,2,1,6,3,4,6,0,1,0,0,0,0,0,0,0,7,1,1,0,0,0,0,1,0,1,0,KRBKRNvK,DRAW,1B4R1/1k6/8/n7/8/r5K1/8/8 w - - 0 1
0,1,0,0,0,0,0,1,-1,1,0,1,1,1,0,0,0,0,0,16,0,0,5,2,0,5,5,4,2,28,27,0,0,0,0,0,0,0,0,7,1,1,0,0,0,0,2,2,1,0,KRBKRNvK,DRAW,1r6/8/5k2/3B4/R7/5n2/8/2K5 b - - 0 1
1,1,0,0,0,0,0,1,-1,1,0,1,1,1,0,0,0,0,0,16,0,0,2,4,2,2,2,1,2,25,22,0,0,0,0,0,0,0,0,7,1,1,1,0,0,0,3,2,0,0,KRBKRNvK,DRAW,8/6R1/8/1n6/r4B2/2k1K3/8/8 w - - 0 1
1,1,0,0,0,0,0,1,-1,1,0,1,1,1,0,0,0,0,0,16,0,0,5,1,0,5,5,5,2,6,0,1,0,0,0,0,0,0,0,7,1,1,0,0,0,0,1,2,1,0,KRBKRNvK,DRAW,8/8/3B1k2/1r6/7n/7R/8/1K6 w - - 0 1
1,1,0,0,0,0,0,1,-1,1,0,1,1,1,0,0,0,0,0,16,0,0,5,0,2,5,4,4,1,3,0,1,0,0,0,0,0,0,0,7,1,1,0,0,0,0,3,4,2,1,KRBKRNvK,LOSS,8/8/8/1n3k2/3r4/K2R1B2/8/8 w - - 0 1
0,1,0,0,0,0,0,1,-1,1,0,1,1,1,0,0,0,0,0,16,0,0,2,1,0,3,0,5,3,24,23,0,0,0,0,0,0,0,0,7,1,1,0,0,0,0,3,4,0,0,KRBKRNvK,DRAW,8/1B6/5n2/R7/4r3/8/8/1K1k4 b - - 0 1
1,1,0,0,0,0,0,1,-1,1,0,1,1,1,0,0,0,0,0,16,0,0,4,7,6,4,2,5,1,3,0,1,0,0,0,0,0,0,0,7,1,1,1,0,0,0,1,3,1,0,KRBKRNvK,DRAW,8/1R5K/8/8/2B3n1/4k2r/8/8 w - - 0 1
1,1,0,0,0,0,0,1,-1,1,0,1,1,1,0,0,0,0,0,16,0,0,2,2,4,3,2,1,1,6,0,1,0,0,0,0,0,0,0,7,1,1,0,0,0,0,3,3,1,1,KRBKRNvK,DRAW,4r1B1/8/8/2K5/2R5/1n1k4/8/8 w - - 0 1
1,1,0,0,0,0,0,1,-1,1,0,1,1,1,0,0,0,0,0,16,0,0,3,5,1,2,2,3,2,21,24,0,0,0,0,0,0,0,0,7,1,1,0,0,0,0,2,1,0,1,KRBKRNvK,DRAW,8/3B4/6r1/5R2/8/2k5/5K2/6n1 w - - 0 1
1,1,0,0,0,0,0,1,-1,1,0,1,1,1,0,0,0,0,0,16,0,0,2,1,4,0,6,2,5,24,23,0,0,0,0,0,0,0,0,7,1,1,0,0,0,0,2,3,0,1,KRBKRNvK,DRAW,3B4/k7/4r3/1K6/5R2/1n6/8/8 w - - 0 1
1,1,0,0,0,0,0,1,-1,1,0,1,1,1,0,0,0,0,0,16,0,0,6,2,6,1,0,3,5,7,0,1,0,0,0,0,0,0,0,7,1,1,0,0,0,0,4,2,1,0,KRBKRNvK,DRAW,8/2K4r/5n2/4R3/8/8/1B6/1k6 w - - 0 1
0,1,0,0,0,0,0,1,-1,1,0,1,1,1,0,0,0,0,0,16,0,0,5,4,0,6,5,3,3,6,0,1,0,0,0,0,0,0,0,7,1,1,0,0,0,0,2,0,0,1,KRBKRNvK,DRAW,8/8/3R2k1/7n/8/5r2/B7/4K3 b - - 0 1
1,1,0,0,0,0,0,1,-1,1,0,1,1,1,0,0,0,0,0,16,0,0,6,7,4,1,1,3,4,7,0,1,0,0,0,0,0,0,0,7,1,1,0,0,0,0,2,2,1,0,KRBKRNvK,DRAW,8/8/8/1r5K/2R5/n3B3/1k6/8 w - - 0 1
0,1,0,0,0,0,0,1,-1,1,0,1,1,1,0,0,0,0,0,16,0,0,5,5,1,0,0,3,6,4,0,1,0,0,0,0,0,0,0,7,1,1,1,0,0,0,3,0,0,0,KRBKRNvK,DRAW,8/4R1B1/8/8/8/1r6/n4K2/k7 b - - 0 1
1,1,0,0,0,0,0,1,-1,1,0,1,1,1,0,0,0,0,0,16,0,0,6,4,7,6,1,3,4,3,0,1,0,0,0,0,0,0,0,7,1,1,0,0,0,0,3,2,1,1,KRBKRNvK,DRAW,2r1K3/8/8/8/8/2n1R3/B5k1/8 w - - 0 1
1,1,0,0,0,0,0,1,-1,1,0,1,1,1,0,0,0,0,0,16,0,0,3,1,1,4,4,4,0,4,0,1,0,0,0,0,0,0,0,7,1,1,0,0,0,0,2,3,0,1,KRBKRNvK,DRAW,Br6/8/8/4k3/n7/8/RK6/8 w - - 0 1
1,1,0,0,0,0,0,1,-1,1,0,1,1,1,0,0,0,0,0,16,0,0,5,2,5,7,5,2,4,6,0,1,0,0,0,0,0,0,0,7,1,1,0,0,0,0,2,0,0,1,KRBKRNvK,LOSS,8/8/2K4k/1B2n3/8/1r1R4/8/8 w - - 0 1
1,1,0,0,0,0,0,1,-1,1,0,1,1,1,0,0,0,0,0,16,0,0,6,6,6,5,0,4,4,23,19,0,0,0,0,0,0,0,0,7,1,1,0,0,0,0,0,2,2,1,KRBKRNvK,DRAW,8/4n1K1/8/8/8/6R1/8/3rBk2 w - - 0 1
0,1,0,0,0,0,0,1,-1,1,0,1,1,1,0,0,0,0,0,16,0,0,2,3,7,5,6,3,3,21,22,0,0,0,0,0,0,0,0,7,1,1,0,0,0,0,2,2,0,0,KRBKRNvK,DRAW,3K2n1/5k2/8/8/r7/3R3B/8/8 b - - 0 1
0,1,0,0,0,0,0,1,-1,1,0,1,1,1,0,0,0,0,0,16,0,0,2,3,3,5,2,0,2,19,21,0,0,0,0,0,0,0,0,7,1,1,1,0,0,0,3,1,0,1,KRBKRNvK,DRAW,7n/4B1R1/2r5/8/3K4/5k2/8/8 b - - 0 1
0,1,0,0,0,0,0,1,-1,1,0,1,1,1,0,0,0,0,0,16,0,0,3,3,4,6,4,0,2,29,23,0,0,0,0,0,0,0,0,7,1,1,0,0,0,0,3,0,0,1,KRBKRNvK,DRAW,8/8/8/3Kn1k1/8/7r/4RB2/8 b - - 0 1
1,1,0,0,0,0,0,1,-1,1,0,1,1,1,0,0,0,0,0,16,0,0,6,0,1,6,3,5,2,28,20,0,0,0,0,0,0,0,0,7,1,1,1,0,0,0,1,2,1,0,KRBKRNvK,DRAW,8/1R6/8/8/4r1k1/6B1/K7/7n w - - 0 1
0,1,0,0,0,0,0,1,-1,1,0,1,1,1,0,0,0,0,0,16,0,0,2,2,0,4,0,4,3,22,29,0,0,0,0,0,0,0,0,7,1,1,0,0,0,0,2,1,0,1,KRBKRNvK,DRAW,5r2/8/8/R7/3B4/8/3n4/2K1k3 b - - 0 1
0,1,0,0,0,0,0,1,-1,1,0,1,1,1,0,0,0,0,0,16,0,0,7,6,0,3,7,5,3,21,31,0,0,0,0,0,0,0,0,7,1,1,0,0,0,0,2,0,1,0,KRBKRNvK,DRAW,3k4/8/4R3/8/3B4/r7/8/2n3K1 b - - 0 1
1,1,0,0,0,0,0,1,-1,1,0,1,1,1,0,0,0,0,0,16,0,0,6,1,7,7,1,5,5,28,20,0,0,0,0,0,0,0,0,7,1,1,0,0,0,0,3,1,1,0,KRBKRNvK,DRAW,1K6/8/5B2/8/6R1/r3n3/7k/8 w - - 0 1
1,1,0,0,0,0,0,1,-1,1,0,1,1,1,0,0,0,0,0,16,0,0,4,3,7,5,3,3,1,26,22,0,0,0,0,0,0,0,0,7,1,1,0,1,0,0,0,3,0,0,KRBKRNvK,WIN,3K4/8/8/8/5k2/B7/2n4r/6R1 w - - 0 1
0,1,0,0,0,0,0,1,-1,1,0,1,1,1,0,0,0,0,0,16,0,0,3,4,4,7,2,0,4,16,21,0,0,0,0,0,0,0,0,7,1,1,0,1,0,0,4,0,0,0,KRBKRNvK,DRAW,2n5/5B2/8/3RK3/8/7k/7r/8 b - - 0 1
0,1,0,0,0,0,0,1,-1,1,0,1,1,1,0,0,0,0,0,16,0,0,2,1,1,0,3,4,3,21,24,0,0,0,0,0,0,0,0,7,1,1,0,0,0,0,3,2,0,0,KRBKRNvK,DRAW,8/3r4/8/6R1/k7/8/1K2n3/1B6 b - - 0 1
0,1,0,0,0,0,0,1,-1,1,0,1,1,1,0,0,0,0,0,16,0,0,6,7,0,1,5,6,3,21,25,0,0,0,0,0,0,0,0,7,1,1,0,1,0,0,3,0,1,1,KRBKRNvK,DRAW,n2R4/8/1k6/8/8/5B2/6r1/7K b - - 0 1
1,1,0,0,0,0,0,1,-1,1,0,1,1,1,0,0,0,0,0,16,0,0,5,0,5,4,0,4,3,20,18,0,0,0,0,0,0,0,0,7,1,1,0,0,0,0,0,1,2,1,KRBKRNvK,DRAW,8/8/Kn6/8/8/1r6/4B1R1/4k3 w - - 0 1
0,1,0,0,0,0,0,1,-1,1,0,1,1,1,0,0,0,0,0,16,0,0,5,1,1,5,6,4,3,28,22,0,0,0,0,0,0,0,0,7,1,1,1,0,0,0,0,1,1,0,KRBKRNvK,DRAW,8/2RB1k2/8/8/8/4n3/1K6/6r1 b - - 0 1
0,1,0,0,0,0,0,1,-1,1,0,1,1,1,0,0,0,0,0,16,0,0,3,3,0,0,2,3,4,21,25,0,0,0,0,0,0,0,0,7,1,1,0,0,0,0,3,2,0,1,KRBKRNvK,DRAW,B7/8/8/6r1/7R/k7/8/3K1n2 b - - 0 1
1,1,0,0,0,0,0,1,-1,1,0,1,1,1,0,0,0,0,0,16,0,0,2,5,4,6,2,1,3,26,18,0,0,0,0,0,0,0,0,7,1,1,0,0,0,0,2,1,2,1,KRBKRNvK,WIN,8/6r1/8/5K2/8/6k1/4Bn2/7R w - - 0 1
0,1,0,0,0,0,0,1,-1,1,0,1,1,1,0,0,0,0,0,16,0,0,6,6,3,0,1,2,5,23,25,0,0,0,0,0,0,0,0,7,1,1,1,0,0,0,2,0,0,1,KRBKRNvK,DRAW,8/1n1R4/8/6B1/6K1/7r/k7/8 b - - 0 1
0,1,0,0,0,0,0,1,-1,1,0,1,1,1,0,0,0,0,0,16,0,0,6,0,5,6,2,4,3,18,26,0,0,0,0,0,0,0,0,7,1,1,1,0,0,0,2,0,0,0,KRBKRNvK,DRAW,8/4R3/K7/1B6/8/6kr/8/3n4 b - - 0 1
1,1,0,0,0,0,0,1,-1,1,0,1,1,1,0,0,0,0,0,16,0,0,2,1,0,1,2,5,3,24,19,0,0,0,0,0,0,0,0,7,1,1,0,1,0,0,3,2,1,0,KRBKRNvK,DRAW,8/8/6B1/R7/8/1k6/4r3/1K5n w - - 0 1
1,1,0,0,0,0,0,1,-1,1,0,1,1,1,0,0,0,0,0,16,0,0,2,2,5,4,7,2,3,32,17,0,0,0,0,0,0,0,0,7,1,1,0,0,0,0,3,0,0,0,KRBKRNvK,DRAW,4k3/8/2K5/8/5R2/3B3r/1n6/8 w - - 0 1
0,1,0,0,0,0,0,1,-1,1,0,1,1,1,0,0,0,0,0,16,0,0,2,5,1,7,1,3,5,19,26,0,0,0,0,0,0,0,0,7,1,1,0,0,0,0,2,2,1,0,KRBKRNvK,DRAW,3r4/8/8/8/1R4B1/n7/5K1k/8 b - - 0 1
0,1,0,0,0,0,0,1,-1,1,0,1,1,1,0,0,0,0,0,16,0,0,4,1,1,5,2,4,2,4,0,1,0,0,0,0,0,0,0,7,1,1,0,0,0,0,0,1,1,0,KRBKRNvK,DRAW,8/8/6r1/7n/8/R4k2/1K6/7B b - - 0 1
0,1,0,0,0,0,0,1,-1,1,0,1,1,1,0,0,0,0,0,16,0,0,4,4,6,6,2,2,3,7,0,1,0,0,0,0,0,0,0,7,1,1,0,0,0,0,1,2,0,0,KRBKRNvK,DRAW,1n4R1/4K3/8/8/3r4/6k1/2B5/8 b - - 0 1
1,1,0,0,0,0,0,1,-1,1,0,1,1,1,0,0,0,0,0,16,0,0,5,4,1,7,6,2,5,29,21,0,0,0,0,0,0,0,0,7,1,1,0,0,0,0,2,1,0,1,KRBKRNvK,DRAW,8/7k/8/2B5/5R2/1n6/4K3/2r5 w - - 0 1
0,1,0,0,0,0,0,1,-1,1,0,1,1,1,0,0,0,0,0,16,0,0,6,1,6,0,0,4,6,19,28,0,0,0,0,0,0,0,0,7,1,1,1,0,0,0,0,0,0,0,KRBKRNvK,DRAW,8/1KR5/8/8/1B6/7n/8/k5r1 b - - 0 1
0,1,0,0,0,0,0,1,-1,1,0,1,1,1,0,0,0,0,0,16,0,0,6,1,6,2,0,4,4,23,10,0,0,0,0,0,0,0,0,7,1,1,0,0,0,0,0,1,0,1,KRBKRNvK,DRAW,8/1K6/BR6/1n6/8/2r5/8/2k5 b - - 0 1
1,1,0,0,0,0,0,1,-1,1,0,1,1,1,0,0,0,0,0,16,0,0,5,7,0,2,5,6,2,23,21,0,0,0,0,0,0,0,0,7,1,1,0,0,0,0,0,1,0,0,KRBKRNvK,DRAW,n7/8/2k2r2/8/8/7R/8/3B3K w - - 0 1
0,1,0,0,0,0,0,1,-1,1,0,1,1,1,0,0,0,0,0,16,0,0,3,7,2,4,5,4,1,23,22,0,0,0,0,0,0,0,0,7,1,1,0,0,0,0,2,2,0,1,KRBKRNvK,DRAW,n7/1B6/4k3/8/8/1R5K/8/6r1 b - - 0 1
1,1,0,0,0,0,0,1,-1,1,0,1,1,1,0,0,0,0,0,16,0,0,2,2,4,4,6,1,2,2,0,1,0,0,0,0,0,0,0,7,1,1,0,0,0,0,3,2,0,2,KRBKRNvK,DRAW,8/4k3/3n4/R1K5/2r5/8/8/B7 w - - 0 1
0,1,0,0,0,0,0,1,-1,1,0,1,1,1,0,0,0,0,0,16,0,0,4,0,4,4,3,3,0,23,26,0,0,0,0,0,0,0,0,7,1,1,1,0,0,0,0,3,1,0,KRBKRNvK,DRAW,8/2R5/8/K7/4k3/8/n2B4/7r b - - 0 1
0,1,0,0,0,0,0,1,-1,1,0,1,1,1,0,0,0,0,0,16,0,0,6,6,6,0,6,4,5,21,23,0,0,0,0,0,0,0,0,7,1,1,0,0,0,0,2,2,0,0,KRBKRNvK,DRAW,8/k5K1/6R1/8/1r2n3/8/8/B7 b - - 0 1
0,1,0,0,0,0,0,1,-1,1,0,1,1,1,0,0,0,0,0,16,0,0,4,4,5,5,1,1,3,26,21,0,0,0,0,0,0,0,0,7,1,1,0,0,0,0,3,0,1,1,KRBKRNvK,DRAW,8/3B4/4K3/3n4/4R3/6r1/5k2/8 b - - 0 1
0,1,0,0,0,0,0,1,-1,1,0,1,1,1,0,0,0,0,0,16,0,0,5,6,1,1,2,4,3,8,0,1,0,0,0,0,0,0,0,7,1,1,0,0,0,0,2,1,0,1,KRBKRNvK,DRAW,8/2r5/8/7B/8/1k2R3/5nK1/8 b - - 0 1
1,1,0,0,0,0,0,1,-1,1,0,1,1,1,0,0,0,0,0,16,0,0,6,2,1,7,7,3,6,8,0,1,0,0,0,0,0,0,0,7,1,1,0,0,0,0,0,0,0,0,KRBKRNvK,DRAW,7k/2r5/8/8/7n/B6R/2K5/8 w - - 0 1
1,1,0,0,0,0,0,1,-1,1,0,1,1,1,0,0,0,0,0,16,0,0,3,5,3,7,6,1,5,5,0,1,0,0,0,0,0,0,0,7,1,1,0,0,0,0,3,3,1,2,KRBKRNvK,DRAW,5B2/7k/6n1/R7/3r1K2/8/8/8 w - - 0 1
1,1,0,0,0,0,0,1,-1,1,0,1,1,1,0,0,0,0,0,16,0,0,6,5,6,0,0,3,6,33,23,0,0,0,0,0,0,0,0,7,1,1,0,0,0,0,1,2,0,0,KRBKRNvK,DRAW,7R/5K2/8/r7/2n2B2/8/8/k7 w - - 0 1
1,1,0,0,0,0,0,1,-1,1,0,1,1,1,0,0,0,0,0,16,0,0,4,5,7,1,7,4,5,29,22,0,0,0,0,0,0,0,0,7,1,1,0,0,0,0,2,0,0,1,KRBKRNvK,DRAW,1k1n1K2/8/4B3/6R1/8/8/8/7r w - - 0 1
0,1,0,0,0,0,0,1,-1,1,0,1,1,1,0,0,0,0,0,16,0,0,2,0,2,0,4,4,3,23,23,0,0,0,0,0,0,0,0,7,1,1,0,0,0,0,2,3,0,0,KRBKRNvK,DRAW,7B/2n5/8/k7/6r1/K7/2R5/8 b - - 0 1
1,1,0,0,0,0,0,1,-1,1,0,1,1,1,0,0,0,0,0,16,0,0,2,2,0,2,2,4,2,22,21,0,0,0,0,0,0,0,0,7,1,1,0,1,0,0,2,1,0,0,KRBKRNvK,DRAW,3R4/8/7B/n7/8/2k5/5r2/2K5 w - - 0 1
0,1,0,0,0,0,0,1,-1,1,0,1,1,1,0,0,0,0,0,16,0,0,4,0,7,4,5,6,1,4,0,1,0,0,0,0,0,0,0,7,1,1,0,0,0,0,1,2,0,1,KRBKRNvK,DRAW,K7/8/n3k2r/8/8/8/B4R2/8 b - - 0 1
1,1,0,0,0,0,0,1,-1,1,0,1,1,1,0,0,0,0,0,16,0,0,6,7,3,1,6,3,4,2,0,1,0,0,0,0,0,0,0,7,1,1,0,1,0,0,1,0,0,1,KRBKRNvK,DRAW,8/1k6/5R2/4n3/7K/8/7r/1B6 w - - 0 1
1,1,0,0,0,0,0,1,-1,1,0,1,1,1,0,0,0,0,0,16,0,0,2,4,1,6,0,2,5,19,17,0,0,0,0,0,0,0,0,7,1,1,0,0,0,0,2,0,1,0,KRBKRNvK,DRAW,n7/8/8/8/2R5/r7/4K3/5Bk1 w - - 0 1
0,1,0,0,0,0,0,1,-1,1,0,1,1,1,0,0,0,0,0,16,0,0,7,3,0,4,7,3,3,5,0,1,0,0,0,0,0,0,0,7,1,1,0,0,0,0,2,1,0,0,KRBKRNvK,DRAW,4kr2/8/8/5n2/8/8/7B/3KR3 b - - 0 1
0,1,0,0,0,0,0,1,-1,1,0,1,1,1,0,0,0,0,0,16,0,0,6,0,2,6,3,4,2,4,0,1,0,0,0,0,0,0,0,7,1,1,0,0,0,0,2,1,0,0,KRBKRNvK,DRAW,8/2rB1n2/8/8/3R2k1/K7/8/8 b - - 0 1
0,1,0,0,0,0,0,1,-1,1,0,1,1,1,0,0,0,0,0,16,0,0,4,7,0,3,4,6,0,25,22,0,0,0,0,0,0,0,0,7,1,1,0,0,0,0,0,3,0,0,KRBKRNvK,DRAW,8/8/2r5/3k2B1/8/8/8/1R2n2K b - - 0 1
0,1,0,0,0,0,0,1,-1,1,0,1,1,1,0,0,0,0,0,16,0,0,6,6,1,0,4,4,3,4,0,1,0,0,0,0,0,0,0,7,1,1,0,0,0,0,2,1,1,2,KRBKRNvK,LOSS,8/8/8/k7/6n1/2B5/6K1/5r1R b - - 0 1
1,1,0,0,0,0,0,1,-1,1,0,1,1,1,0,0,0,0,0,16,0,0,5,0,4,5,2,3,2,25,21,0,0,0,0,0,0,0,0,7,1,1,0,0,0,0,0,2,1,0,KRBKRNvK,DRAW,8/4r3/8/K7/B7/5k2/7R/n7 w - - 0 1
0,1,0,0,0,0,0,1,-1,1,0,1,1,1,0,0,0,0,0,16,0,0,5,2,3,7,4,1,3,21,28,0,0,0,0,0,0,0,0,7,1,1,0,0,0,0,3,0,0,0,KRBKRNvK,DRAW,r7/8/8/7k/2K5/1R6/2B4n/8 b - - 0 1
0,1,0,0,0,0,0,1,-1,1,0,1,1,1,0,0,0,0,0,16,0,0,3,0,7,2,4,6,1,3,0,1,0,0,0,0,0,0,0,7,1,1,0,0,0,0,2,3,1,0,KRBKRNvK,DRAW,K7/3nB3/8/1rk5/5R2/8/8/8 b - - 0 1
0,1,0,0,0,0,0,1,-1,1,0,1,1,1,0,0,0,0,0,16,0,0,4,3,4,1,0,0,5,4,0,1,0,0,0,0,0,0,0,7,1,1,0,0,0,0,3,1,0,0,KRBKRNvK,DRAW,5B2/8/8/3K4/1R6/8/5n2/1k4r1 b - - 0 1
0,1,0,0,0,0,0,1,-1,1,0,1,1,1,0,0,0,0,0,16,0,0,7,0,2,7,5,4,4,6,0,1,0,0,0,0,0,0,0,7,1,1,0,0,0,0,0,2,0,0,KRBKRNvK,DRAW,8/1n1B4/1R5k/8/4r3/K7/8/8 b - - 0 1
1,1,0,0,0,0,0,1,-1,1,0,1,1,1,0,0,0,0,0,16,0,0,2,4,5,6,5,1,3,21,21,0,0,0,0,0,0,0,0,7,1,1,0,0,0,0,3,2,0,1,KRBKRNvK,DRAW,8/8/4K1k1/8/6r1/4R3/3B1n2/8 w - - 0 1
1,1,0,0,0,0,0,1,-1,1,0,1,1,1,0,0,0,0,0,16,0,0,2,6,7,4,6,5,2,1,0,1,0,0,0,0,0,0,0,7,1,1,0,0,0,0,1,1,0,0,KRBKRNvK,DRAW,1r4K1/4k3/R7/5n2/8/8/8/1B6 w - - 0 1
0,1,0,0,0,0,0,1,-1,1,0,1,1,1,0,0,0,0,0,16,0,0,5,2,2,7,0,2,6,4,0,1,0,0,0,0,0,0,0,7,1,1,0,0,0,0,2,2,0,1,KRBKRNvK,DRAW,8/8/8/3B4/5r2/R1K5/8/2n4k b - - 0 1
0,1,0,0,0,0,0,1,-1,1,0,1,1,1,0,0,0,0,0,16,0,0,2,0,4,0,2,3,4,17,24,0,0,0,0,0,0,0,0,7,1,1,0,0,0,0,2,0,0,0,KRBKRNvK,DRAW,3R4/8/8/K7/8/k6B/8/3n2r1 b - - 0 1
0,1,0,0,0,0,0,1,-1,1,0,1,1,1,0,0,0,0,0,16,0,0,6,4,6,3,0,2,3,3,0,1,0,0,0,0,0,0,0,7,1,1,0,0,0,0,1,1,0,1,KRBKRNvK,DRAW,8/B3K3/4n3/8/8/5r2/8/R2k4 b - - 0 1
0,1,0,0,0,0,0,1,-1,1,0,1,1,1,0,0,0,0,0,16,0,0,2,3,5,3,7,1,3,23,22,0,0,0,0,0,0,0,0,7,1,1,0,0,0,0,3,2,1,1,KRBKRNvK,DRAW,3k4/8/3KRn2/8/8/3B4/8/1r6 b - - 0 1
1,1,0,0,0,0,0,1,-1,1,0,1,1,1,0,0,0,0,0,16,0,0,5,5,6,0,4,3,3,28,23,0,0,0,0,0,0,0,0,7,1,1,0,0,0,0,1,1,0,0,KRBKRNvK,DRAW,6R1/5K2/8/k7/1n6/7r/7B/8 w - - 0 1
1,1,0,0,0,0,0,1,-1,1,0,1,1,1,0,0,0,0,0,16,0,0,4,5,0,1,2,4,3,25,17,0,0,0,0,0,0,0,0,7,1,1,0,0,0,0,0,2,1,0,KRBKRNvK,DRAW,1n6/4B3/8/1r6/8/1k6/8/R4K2 w - - 0 1
0,1,0,0,0,0,0,1,-1,1,0,1,1,1,0,0,0,0,0,16,0,0,3,4,0,1,1,3,4,18,32,0,0,0,0,0,0,0,0,7,1,1,1,0,0,0,1,0,0,0,KRBKRNvK,DRAW,r7/6R1/n7/8/4B3/8/1k6/4K3 b - - 0 1
0,1,0,0,0,0,0,1,-1,1,0,1,1,1,0,0,0,0,0,16,0,0,4,2,2,6,1,2,4,14,25,0,0,0,0,0,0,0,0,7,1,1,0,0,0,0,2,0,0,0,KRBKRNvK,DRAW,8/8/8/7B/8/2KR3n/6k1/6r1 b - - 0 1
1,1,0,0,0,0,0,1,-1,1,0,1,1,1,0,0,0,0,0,16,0,0,4,5,2,1,6,2,4,22,21,0,0,0,0,0,0,0,0,7,1,1,0,0,0,0,3,0,0,0,KRBKRNvK,DRAW,1nr5/1k6/8/8/8/5K2/8/B4R2 w - - 0 1
1,1,0,0,0,0,0,1,-1,1,0,1,1,1,0,0,0,0,0,16,0,0,4,6,2,2,0,3,4,6,0,1,0,0,0,0,0,0,0,7,1,1,0,0,0,0,2,2,0,1,KRBKRNvK,DRAW,8/3B1n2/3R4/8/8/4r1K1/8/2k5 w - - 0 1
1,1,0,0,0,0,0,1,-1,1,0,1,1,1,0,0,0,0,0,16,0,0,4,1,1,3,5,4,1,28,22,0,0,0,0,0,0,0,0,7,1,1,1,0,0,0,1,2,1,0,KRBKRNvK,DRAW,5n2/2R5/3k4/8/8/7r/1K3B2/8 w - - 0 1
1,1,0,0,0,0,0,1,-1,1,0,1,1,1,0,0,0,0,0,16,0,0,5,4,5,0,0,1,6,7,0,1,0,0,0,0,0,0,0,7,1,1,0,0,0,0,4,0,0,1,KRBKRNvK,DRAW,8/6n1/1B2K3/8/8/4R3/8/k5r1 w - - 0 1
1,1,0,0,0,0,0,1,-1,1,0,1,1,1,0,0,0,0,0,16,0,0,6,0,4,6,4,3,2,3,0,1,0,0,0,0,0,0,0,7,1,1,0,0,0,0,1,0,2,0,KRBKRNvK,DRAW,r7/8/5RB1/K5k1/8/8/n7/8 w - - 0 1
0,1,0,0,0,0,0,1,-1,1,0,1,1,1,0,0,0,0,0,16,0,0,4,5,1,1,1,3,4,23,32,0,0,0,0,0,0,0,0,7,1,1,0,0,0,0,1,2,0,0,KRBKRNvK,DRAW,8/8/8/2n2B2/1r6/7R/1k3K2/8 b - - 0 1
1,1,0,0,0,0,0,1,-1,1,0,1,1,1,0,0,0,0,0,16,0,0,5,0,2,0,7,4,6,4,0,1,0,0,0,0,0,0,0,7,1,1,0,0,0,0,1,2,0,0,KRBKRNvK,DRAW,k2n4/8/8/8/8/K2r2B1/8/5R2 w - - 0 1
0,1,0,0,0,0,0,1,-1,1,0,1,1,1,0,0,0,0,0,16,0,0,2,2,6,0,4,3,3,21,27,0,0,0,0,0,0,0,0,7,1,1,0,0,0,0,0,1,0,0,KRBKRNvK,DRAW,6R1/2K5/8/k7/4n3/7B/8/4r3 b - - 0 1
0,1,0,0,0,0,0,1,-1,1,0,1,1,1,0,0,0,0,0,16,0,0,3,6,7,5,4,5,1,5,0,1,0,0,0,0,0,0,0,7,1,1,0,0,0,0,1,4,1,0,KRBKRNvK,DRAW,5RK1/3r4/8/5k2/5B2/8/4n3/8 b - - 0 1
0,1,0,0,0,0,0,1,-1,1,0,1,1,1,0,0,0,0,0,16,0,0,2,0,7,0,5,6,4,21,27,0,0,0,0,0,0,0,0,7,1,1,1,0,0,0,1,2,0,0,KRBKRNvK,WIN,K7/6R1/k7/3B4/5r2/8/1n6/8 b - - 0 1
1,1,0,0,0,0,0,1,-1,1,0,1,1,1,0,0,0,0,0,16,0,0,2,2,3,4,1,1,2,30,23,0,0,0,0,0,0,0,0,7,1,1,0,0,0,0,2,1,0,0,KRBKRNvK,DRAW,8/8/8/6B1/2K5/7R/4kn2/r7 w - - 0 1
1,1,0,0,0,0,0,1,-1,1,0,1,1,1,0,0,0,0,0,16,0,0,4,1,5,5,6,3,3,21,21,0,0,0,0,0,0,0,0,7,1,1,1,0,0,0,2,2,2,1,KRBKRNvK,DRAW,6n1/5kBR/1K6/3r4/8/8/8/8 w - - 0 1
0,1,0,0,0,0,0,1,-1,1,0,1,1,1,0,0,0,0,0,16,0,0,3,2,0,0,3,4,3,18,24,0,0,0,0,0,0,0,0,7,1,1,1,0,0,0,2,2,0,0,KRBKRNvK,DRAW,8/1BR5/8/r7/k7/8/6n1/2K5 b - - 0 1
0,1,0,0,0,0,0,1,-1,1,0,1,1,1,0,0,0,0,0,16,0,0,7,7,7,0,0,6,6,3,0,1,0,0,0,0,0,0,0,7,1,1,1,1,0,0,0,2,0,0,KRBKRNvK,DRAW,4B2K/R7/8/8/8/8/3r4/k5n1 b - - 0 1
1,1,0,0,0,0,0,1,-1,1,0,1,1,1,0,0,0,0,0,16,0,0,2,4,4,2,4,0,1,26,18,0,0,0,0,0,0,0,0,7,1,1,0,0,0,0,3,2,1,0,KRBKRNvK,DRAW,8/7r/8/2k1K3/R5B1/8/7n/8 w - - 0 1
1,1,0,0,0,0,0,1,-1,1,0,1,1,1,0,0,0,0,0,16,0,0,3,4,3,1,1,0,4,7,0,1,0,0,0,0,0,0,0,7,1,1,0,0,0,0,3,1,0,1,KRBKRNvK,DRAW,2r2B2/8/7R/8/4K3/8/1k1n4/8 w - - 0 1
0,1,0,0,0,0,0,1,-1,1,0,1,1,1,0,0,0,0,0,16,0,0,2,3,1,1,1,2,4,21,25,0,0,0,0,0,0,0,0,7,1,1,0,0,0,0,1,2,0,0,KRBKRNvK,DRAW,4r3/8/n7/8/8/8/1k1K1B2/7R b - - 0 1
1,1,0,0,0,0,0,1,-1,1,0,1,1,1,0,0,0,0,0,16,0,0,7,2,7,7,0,4,6,21,20,0,0,0,0,0,0,0,0,7,1,1,0,0,0,0,1,2,0,1,KRBKRNvK,DRAW,2K1n3/8/R7/8/8/8/B7/3r3k w - - 0 1
1,1,0,0,0,0,0,1,-1,1,0,1,1,1,0,0,0,0,0,16,0,0,5,2,2,6,7,2,5,24,19,0,0,0,0,0,0,0,0,7,1,1,0,0,0,0,2,1,2,0,KRBKRNvK,DRAW,r5k1/5n2/5B1R/8/8/2K5/8/8 w - - 0 1
0,1,0,0,0,0,0,1,-1,1,0,1,1,1,0,0,0,0,0,16,0,0,5,1,0,6,4,5,2,24,20,0,0,0,0,0,0,0,0,7,1,1,0,1,0,0,2,1,0,1,KRBKRNvK,WIN,8/8/8/1n4k1/8/8/2r5/BK5R b - - 0 1
0,1,0,0,0,0,0,1,-1,1,0,1,1,1,0,0,0,0,0,16,0,0,4,3,7,6,3,3,2,28,22,0,0,0,0,0,0,0,0,7,1,1,0,0,0,0,2,3,0,1,KRBKRNvK,DRAW,3K4/4r3/8/8/Bn4k1/8/3R4/8 b - - 0 1
0,1,0,0,0,0,0,1,-1,1,0,1,1,1,0,0,0,0,0,16,0,0,6,1,1,7,3,4,3,3,0,1,0,0,0,0,0,0,0,7,1,1,0,0,0,0,2,0,1,1,KRBKRNvK,DRAW,8/8/7r/8/5R1k/8/nK6/5B2 b - - 0 1
1,1,0,0,0,0,0,1,-1,1,0,1,1,1,0,0,0,0,0,16,0,0,3,4,2,2,5,1,2,23,22,0,0,0,0,0,0,0,0,7,1,1,1,0,0,0,2,2,1,1,KRBKRNvK,DRAW,8/R7/2k5/7r/8/4K3/8/2B3n1 w - - 0 1
0,1,0,0,0,0,0,1,-1,1,0,1,1,1,0,0,0,0,0,16,0,0,4,6,1,5,5,4,2,5,0,1,0,0,0,0,0,0,0,7,1,1,0,0,0,0,1,2,0,1,KRBKRNvK,DRAW,8/8/5k2/4n3/8/8/B4RK1/4r3 b - - 0 1
0,1,0,0,0,0,0,1,-1,1,0,1,1,1,0,0,0,0,0,16,0,0,3,5,1,7,4,3,3,23,21,0,0,0,0,0,0,0,0,7,1,1,0,0,0,0,1,3,0,1,KRBKRNvK,DRAW,5R2/5n2/8/7k/8/4B3/5K2/3r4 b - - 0 1
0,1,0,0,0,0,0,1,-1,1,0,1,1,1,0,0,0,0,0,16,0,0,3,4,3,4,6,0,2,25,27,0,0,0,0,0,0,0,0,7,1,1,0,0,0,0,3,2,0,1,KRBKRNvK,DRAW,5n2/4k3/8/8/4K3/3r4/5B2/R7 b - - 0 1
1,1,0,0,0,0,0,1,-1,1,0,1,1,1,0,0,0,0,0,16,0,0,2,0,4,0,6,3,5,22,24,0,0,0,0,0,0,0,0,7,1,1,0,0,0,0,3,2,0,0,KRBKRNvK,DRAW,8/k7/3R4/K4n2/7r/8/8/B7 w - - 0 1
0,1,0,0,0,0,0,1,-1,1,0,1,1,1,0,0,0,0,0,16,0,0,5,7,0,2,4,6,1,27,25,0,0,0,0,0,0,0,0,7,1,1,0,0,0,0,2,2,0,0,KRBKRNvK,DRAW,r7/8/8/2k5/8/7R/1Bn5/7K b - - 0 1
1,1,0,0,0,0,0,1,-1,1,0,1,1,1,0,0,0,0,0,16,0,0,7,0,3,7,3,3,3,32,17,0,0,0,0,0,0,0,0,7,1,1,0,0,0,0,1,2,1,0,KRBKRNvK,DRAW,8/8/3r4/8/K2B3k/6R1/8/3n4 w - - 0 1
0,1,0,0,0,0,0,1,-1,1,0,1,1,1,0,0,0,0,0,16,0,0,3,5,3,2,2,1,2,25,28,0,0,0,0,0,0,0,0,7,1,1,1,0,0,0,2,2,0,2,KRBKRNvK,DRAW,8/4R3/3r4/8/3n1KB1/2k5/8/8 b - - 0 1
0,1,0,0,0,0,0,1,-1,1,0,1,1,1,0,0,0,0,0,16,0,0,6,6,6,0,4,4,3,4,0,1,0,0,0,0,0,0,0,7,1,1,0,0,0,0,0,3,0,0,KRBKRNvK,DRAW,3B3R/6K1/8/k7/8/8/2n5/4r3 b - - 0 1
0,1,0,0,0,0,0,1,-1,1,0,1,1,1,0,0,0,0,0,16,0,0,7,7,7,0,6,6,5,21,25,0,0,0,0,0,0,0,0,7,1,1,0,0,0,0,3,0,0,0,KRBKRNvK,DRAW,7K/k7/2r5/8/8/6B1/8/3R2n1 b - - 0 1
0,1,0,0,0,0,0,1,-1,1,0,1,1,1,0,0,0,0,0,16,0,0,2,3,6,4,4,2,0,22,28,0,0,0,0,0,0,0,0,7,1,1,0,0,0,0,0,4,0,1,KRBKRNvK,DRAW,R7/3K4/8/1r2k3/8/8/4Bn2/8 b - - 0 1
0,1,0,0,0,0,0,1,-1,1,0,1,1,1,0,0,0,0,0,16,0,0,4,7,3,3,5,3,1,5,0,1,0,0,0,0,0,0,0,7,1,1,0,0,0,0,1,3,1,1,KRBKRNvK,DRAW,3R4/8/3krn2/8/7K/8/5B2/8 b - - 0 1
1,1,0,0,0,0,0,1,-1,1,0,1,1,1,0,0,0,0,0,16,0,0,4,6,0,2,0,5,4,4,0,1,0,0,0,0,0,0,0,7,1,1,0,0,0,0,3,2,1,1,KRBKRNvK,LOSS,8/8/8/R3r3/8/7n/8/1Bk3K1 w - - 0 1
0,1,0,0,0,0,0,1,-1,1,0,1,1,1,0,0,0,0,0,16,0,0,2,6,2,6,0,3,5,20,24,0,0,0,0,0,0,0,0,7,1,1,0,0,0,0,2,0,0,1,KRBKRNvK,DRAW,3R4/5r2/7B/8/7n/6K1/8/6k1 b - - 0 1
0,1,0,0,0,0,0,1,-1,1,0,1,1,1,0,0,0,0,0,16,0,0,7,0,2,7,7,4,6,18,29,0,0,0,0,0,0,0,0,7,1,1,0,0,0,0,2,1,0,0,KRBKRNvK,DRAW,7k/2r1n3/4R3/8/8/K2B4/8/8 b - - 0 1
1,1,0,0,0,0,0,1,-1,1,0,1,1,1,0,0,0,0,0,16,0,0,4,4,5,0,7,1,6,29,18,0,0,0,0,0,0,0,0,7,1,1,0,0,0,0,4,2,0,0,KRBKRNvK,DRAW,k7/8/4K3/4B3/r6n/8/4R3/8 w - - 0 1
1,1,0,0,0,0,0,1,-1,1,0,1,1,1,0,0,0,0,0,16,0,0,7,0,0,4,7,6,3,26,26,0,0,0,0,0,0,0,0,7,1,1,0,0,0,0,3,1,0,1,KRBKRNvK,DRAW,4k3/8/8/3B2R1/5n2/2r5/8/K7 w - - 0 1
0,1,0,0,0,0,0,1,-1,1,0,1,1,1,0,0,0,0,0,16,0,0,7,7,7,7,0,6,6,19,23,0,0,0,0,0,0,0,0,7,1,1,0,1,0,0,0,2,1,0,KRBKRNvK,DRAW,7K/8/8/8/8/R6B/4r3/4n2k b - - 0 1
0,1,0,0,0,0,0,1,-1,1,0,1,1,1,0,0,0,0,0,16,0,0,4,1,7,5,3,5,1,18,28,0,0,0,0,0,0,0,0,7,1,1,0,0,0,0,2,2,0,1,KRBKRNvK,DRAW,1Kn5/8/2B5/8/5k1r/8/8/1R6 b - - 0 1
1,1,0,0,0,0,0,1,-1,1,0,1,1,1,0,0,0,0,0,16,0,0,4,0,1,2,5,5,2,25,22,0,0,0,0,0,0,0,0,7,1,1,0,0,0,0,2,3,0,0,KRBKRNvK,DRAW,3n3B/8/2k5/8/6r1/8/K7/1R6 w - - 0 1
1,1,0,0,0,0,0,1,-1,1,0,1,1,1,0,0,0,0,0,16,0,0,5,2,7,5,2,4,2,6,0,1,0,0,0,0,0,0,0,7,1,1,0,0,0,0,2,1,1,0,KRBKRNvK,DRAW,2K5/7B/8/8/3R4/5k2/7n/2r5 w - - 0 1
1,1,0,0,0,0,0,1,-1,1,0,1,1,1,0,0,0,0,0,16,0,0,3,3,6,6,6,2,4,28,21,0,0,0,0,0,0,0,0,7,1,1,0,1,0,0,2,2,0,0,KRBKRNvK,DRAW,7n/3K2k1/8/8/1R6/8/4rB2/8 w - - 0 1
1,1,0,0,0,0,0,1,-1,1,0,1,1,1,0,0,0,0,0,16,0,0,5,5,2,1,7,2,5,27,23,0,0,0,0,0,0,0,0,7,1,1,0,0,0,0,3,0,0,0,KRBKRNvK,DRAW,1k6/8/5B2/n7/8/5K1R/8/2r5 w - - 0 1
0,1,0,0,0,0,0,1,-1,1,0,1,1,1,0,0,0,0,0,16,0,0,2,5,5,7,5,2,4,2,0,1,0,0,0,0,0,0,0,7,1,1,0,0,0,0,3,0,0,1,KRBKRNvK,DRAW,1n5r/8/5K1k/8/1R6/8/8/2B5 b - - 0 1
0,1,0,0,0,0,0,1,-1,1,0,1,1,1,0,0,0,0,0,16,0,0,3,5,4,6,1,1,4,20,26,0,0,0,0,0,0,0,0,7,1,1,0,1,0,0,3,2,1,1,KRBKRNvK,DRAW,3B4/8/8/5K2/4R3/5n2/6kr/8 b - - 0 1
1,1,0,0,0,0,0,1,-1,1,0,1,1,1,0,0,0,0,0,16,0,0,6,5,0,1,6,4,4,27,22,0,0,0,0,0,0,0,0,7,1,1,0,1,0,0,1,0,0,1,KRBKRNvK,DRAW,4n3/1k6/4B3/8/8/R7/7r/5K2 w - - 0 1
1,1,0,0,0,0,0,1,-1,1,0,1,1,1,0,0,0,0,0,16,0,0,3,4,2,7,5,1,4,26,19,0,0,0,0,0,0,0,0,7,1,1,0,0,0,0,2,2,0,1,KRBKRNvK,DRAW,5n2/8/7k/1Br5/8/4K1R1/8/8 w - - 0 1
1,1,0,0,0,0,0,1,-1,1,0,1,1,1,0,0,0,0,0,16,0,0,5,1,0,6,2,5,3,26,22,0,0,0,0,0,0,0,0,7,1,1,0,0,0,0,0,2,0,0,KRBKRNvK,DRAW,R7/4r1n1/8/8/8/6k1/8/1K1B4 w - - 0 1
0,1,0,0,0,0,0,1,-1,1,0,1,1,1,0,0,0,0,0,16,0,0,2,1,4,3,4,2,0,25,22,0,0,0,0,0,0,0,0,7,1,1,0,0,0,0,0,4,0,1,KRBKRNvK,DRAW,2B5/r7/5n2/1K1k4/8/8/2R5/8 b - - 0 1
0,1,0,0,0,0,0,1,-1,1,0,1,1,1,0,0,0,0,0,16,0,0,2,4,1,6,1,2,4,7,0,1,0,0,0,0,0,0,0,7,1,1,0,0,0,0,2,2,0,0,KRBKRNvK,DRAW,B2n4/8/8/8/7r/8/R3K1k1/8 b - - 0 1
0,1,0,0,0,0,0,1,-1,1,0,1,1,1,0,0,0,0,0,16,0,0,4,4,1,6,5,2,3,22,26,0,0,0,0,0,0,0,0,7,1,1,0,0,0,0,2,2,0,0,KRBKRNvK,DRAW,8/8/6k1/8/r6n/2B5/4K3/2R5 b - - 0 1
1,1,0,0,0,0,0,1,-1,1,0,1,1,1,0,0,0,0,0,16,0,0,6,4,1,2,7,2,4,6,0,1,0,0,0,0,0,0,0,7,1,1,0,0,0,0,1,2,0,0,KRBKRNvK,DRAW,2k5/8/8/4r2n/8/8/B3K3/7R w - - 0 1
1,1,0,0,0,0,0,1,-1,1,0,1,1,1,0,0,0,0,0,16,0,0,6,2,7,2,1,4,3,27,19,0,0,0,0,0,0,0,0,7,1,1,0,0,0,0,2,1,0,1,KRBKRNvK,DRAW,2K5/3n1r2/8/8/8/5B2/2k5/7R w - - 0 1
1,1,0,0,0,0,0,1,-1,1,0,1,1,1,0,0,0,0,0,16,0,0,2,3,3,5,4,0,1,3,0,1,0,0,0,0,0,0,0,7,1,1,0,0,0,0,3,3,2,2,KRBKRNvK,LOSS,8/8/4R3/1n3kB1/3K4/5r2/8/8 w - - 0 1
0,1,0,0,0,0,0,1,-1,1,0,1,1,1,0,0,0,0,0,16,0,0,2,1,2,3,2,3,1,19,22,0,0,0,0,0,0,0,0,7,1,1,0,0,0,0,2,2,1,1,KRBKRNvK,DRAW,8/8/8/8/5r2/1K1k4/1B4R1/1n6 b - - 0 1
1,1,0,0,0,0,0,1,-1,1,0,1,1,1,0,0,0,0,0,16,0,0,2,3,7,4,5,3,1,22,15,0,0,0,0,0,0,0,0,7,1,1,0,0,0,0,2,2,0,0,KRBKRNvK,DRAW,3K4/8/4k3/rB6/1R6/8/n7/8 w - - 0 1
0,1,0,0,0,0,0,1,-1,1,0,1,1,1,0,0,0,0,0,16,0,0,3,1,4,0,7,2,6,24,25,0,0,0,0,0,0,0,0,7,1,1,0,0,0,0,1,2,0,1,KRBKRNvK,DRAW,k7/7B/8/1K2n3/8/3r4/6R1/8 b - - 0 1
0,1,0,0,0,0,0,1,-1,1,0,1,1,1,0,0,0,0,0,16,0,0,3,3,0,6,2,3,3,5,0,1,0,0,0,0,0,0,0,7,1,1,0,0,0,0,2,1,1,1,KRBKRNvK,DRAW,8/8/4n3/4B3/8/5rk1/3R4/3K4 b - - 0 1
0,1,0,0,0,0,0,1,-1,1,0,1,1,1,0,0,0,0,0,16,0,0,2,3,4,5,3,0,1,2,0,1,0,0,0,0,0,0,0,7,1,1,0,0,0,0,3,2,1,0,KRBKRNvK,DRAW,6R1/8/n7/3K4/5k2/8/3B4/1r6 b - - 0 1
0,1,0,0,0,0,0,1,-1,1,0,1,1,1,0,0,0,0,0,16,0,0,4,7,1,5,5,5,2,6,0,1,0,0,0,0,0,0,0,7,1,1,0,0,0,0,3,2,1,0,KRBKRNvK,DRAW,8/8/5k2/3r1n2/6R1/2B5/7K/8 b - - 0 1
1,1,0,0,0,0,0,1,-1,1,0,1,1,1,0,0,0,0,0,16,0,0,6,2,6,3,0,3,3,25,21,0,0,0,0,0,0,0,0,7,1,1,0,0,0,0,2,3,0,1,KRBKRNvK,DRAW,2B5/2K5/8/3r4/4R3/8/5n2/3k4 w - - 0 1
1,1,0,0,0,0,0,1,-1,1,0,1,1,1,0,0,0,0,0,16,0,0,6,6,6,0,1,4,5,24,24,0,0,0,0,0,0,0,0,7,1,1,0,1,0,0,3,1,0,0,KRBKRNvK,DRAW,B7/6K1/1n6/3R4/8/8/k1r5/8 w - - 0 1
0,1,0,0,0,0,0,1,-1,1,0,1,1,1,0,0,0,0,0,16,0,0,3,1,4,4,2,2,1,25,17,0,0,0,0,0,0,0,0,7,1,1,0,0,0,0,2,3,0,1,KRBKRNvK,DRAW,6r1/3n4/B7/1K6/R7/4k3/8/8 b - - 0 1
0,1,0,0,0,0,0,1,-1,1,0,1,1,1,0,0,0,0,0,16,0,0,2,4,6,6,5,2,3,24,14,0,0,0,0,0,0,0,0,7,1,1,0,0,0,0,1,2,2,1,KRBKRNvK,DRAW,8/4K3/4RBk1/4n3/2r5/8/8/8 b - - 0 1
0,1,0,0,0,0,0,1,-1,1,0,1,1,1,0,0,0,0,0,16,0,0,5,5,1,0,0,3,6,19,24,0,0,0,0,0,0,0,0,7,1,1,1,0,0,0,1,2,0,0,KRBKRNvK,DRAW,1B6/5R2/5n1r/8/8/8/5K2/k7 b - - 0 1
1,1,0,0,0,0,0,1,-1,1,0,1,1,1,0,0,0,0,0,16,0,0,2,0,7,2,7,6,4,26,18,0,0,0,0,0,0,0,0,7,1,1,0,0,0,0,1,0,0,0,KRBKRNvK,DRAW,K1k5/8/8/2B5/8/6R1/8/n4r2 w - - 0 1
1,1,0,0,0,0,0,1,-1,1,0,1,1,1,0,0,0,0,0,16,0,0,3,6,0,4,3,5,0,2,0,1,0,0,0,0,0,0,0,7,1,1,1,0,0,0,1,3,0,0,KRBKRNvK,DRAW,8/B5R1/8/8/4kn2/8/8/3r2K1 w - - 0 1
0,1,0,0,0,0,0,1,-1,1,0,1,1,1,0,0,0,0,0,16,0,0,3,5,2,5,5,2,2,6,0,1,0,0,0,0,0,0,0,7,1,1,0,1,0,0,3,2,1,2,KRBKRNvK,LOSS,7B/8/5k2/8/8/5K2/3Rr1n1/8 b - - 0 1
0,1,0,0,0,0,0,1,-1,1,0,1,1,1,0,0,0,0,0,16,0,0,4,3,3,7,6,0,5,21,26,0,0,0,0,0,0,0,0,7,1,1,0,0,0,0,3,2,1,1,KRBKRNvK,DRAW,8/5B1k/8/2r5/3K4/R7/6n1/8 b - - 0 1
1,1,0,0,0,0,0,1,-1,1,0,1,1,1,0,0,0,0,0,16,0,0,3,3,3,4,0,0,3,8,0,1,0,0,0,0,0,0,0,7,1,1,0,0,0,0,3,2,0,0,KRBKRNvK,DRAW,4n3/7B/8/6R1/3K3r/8/8/4k3 w - - 0 1
1,1,0,0,0,0,0,1,-1,1,0,1,1,1,0,0,0,0,0,16,0,0,6,7,6,6,0,5,5,5,0,1,0,0,0,0,0,0,0,7,1,1,0,0,0,0,0,1,0,0,KRBKRNvK,DRAW,8/7K/8/8/8/2R5/2nB4/6kr w - - 0 1
0,1,0,0,0,0,0,1,-1,1,0,1,1,1,0,0,0,0,0,16,0,0,7,0,3,7,4,3,3,25,19,0,0,0,0,0,0,0,0,7,1,1,0,0,0,0,2,2,0,0,KRBKRNvK,DRAW,8/4r3/8/7k/K7/R7/5n2/B7 b - - 0 1
1,1,0,0,0,0,0,1,-1,1,0,1,1,1,0,0,0,0,0,16,0,0,3,4,5,7,4,1,3,24,21,0,0,0,0,0,0,0,0,7,1,1,0,0,0,0,4,0,0,0,KRBKRNvK,DRAW,1r6/8/4K3/3B3k/4R3/8/8/5n2 w - - 0 1
0,1,0,0,0,0,0,1,-1,1,0,1,1,1,0,0,0,0,0,16,0,0,4,3,6,7,5,2,4,19,28,0,0,0,0,0,0,0,0,7,1,1,0,0,0,0,2,2,1,0,KRBKRNvK,DRAW,8/3K4/7k/5R2/6r1/8/6n1/3B4 b - - 0 1
0,1,0,0,0,0,0,1,-1,1,0,1,1,1,0,0,0,0,0,16,0,0,6,1,6,7,5,4,4,4,0,1,0,0,0,0,0,0,0,7,1,1,1,0,0,0,0,2,1,1,KRBKRNvK,DRAW,n4B2/RK6/4r2k/8/8/8/8/8 b - - 0 1
1,1,0,0,0,0,0,1,-1,1,0,1,1,1,0,0,0,0,0,16,0,0,3,2,0,5,2,4,2,22,25,0,0,0,0,0,0,0,0,7,1,1,0,0,0,0,0,4,0,0,KRBKRNvK,DRAW,R7/8/7B/3r4/1n6/5k2/8/2K5 w - - 0 1
0,1,0,0,0,0,0,1,-1,1,0,1,1,1,0,0,0,0,0,16,0,0,3,1,0,4,1,5,2,7,0,1,0,0,0,0,0,0,0,7,1,1,0,0,0,0,2,2,0,0,KRBKRNvK,DRAW,8/3B4/1n2R3/8/3r4/8/4k3/1K6 b - - 0 1
0,1,0,0,0,0,0,1,-1,1,0,1,1,1,0,0,0,0,0,16,0,0,5,7,4,2,2,3,2,22,22,0,0,0,0,0,0,0,0,7,1,1,0,0,0,0,2,1,1,1,KRBKRNvK,DRAW,8/6r1/B7/3R3K/8/2k5/8/4n3 b - - 0 1
1,1,0,0,0,0,0,1,-1,1,0,1,1,1,0,0,0,0,0,16,0,0,2,5,2,7,3,2,3,23,16,0,0,0,0,0,0,0,0,7,1,1,0,0,0,0,1,2,1,1,KRBKRNvK,WIN,8/8/2R5/8/6Bk/5K2/8/1n2r3 w - - 0 1
1,1,0,0,0,0,0,1,-1,1,0,1,1,1,0,0,0,0,0,16,0,0,4,6,4,7,0,2,6,28,21,0,0,0,0,0,0,0,0,7,1,1,0,0,0,0,3,3,0,0,KRBKRNvK,DRAW,4R3/8/3r4/6K1/8/1B6/3n4/7k w - - 0 1
0,1,0,0,0,0,0,1,-1,1,0,1,1,1,0,0,0,0,0,16,0,0,3,6,5,3,4,3,0,5,0,1,0,0,0,0,0,0,0,7,1,1,0,0,0,0,2,4,0,1,KRBKRNvK,DRAW,8/2n5/6KB/3kr3/8/8/8/3R4 b - - 0 1
1,1,0,0,0,0,0,1,-1,1,0,1,1,1,0,0,0,0,0,16,0,0,5,5,6,3,1,3,2,24,21,0,0,0,0,0,0,0,0,7,1,1,0,0,0,0,2,2,0,0,KRBKRNvK,DRAW,8/5K2/8/5R2/3rn1B1/8/3k4/8 w - - 0 1
1,1,0,0,0,0,0,1,-1,1,0,1,1,1,0,0,0,0,0,16,0,0,6,0,1,6,4,5,2,22,26,0,0,0,0,0,0,0,0,7,1,1,0,0,0,0,1,2,1,1,KRBKRNvK,DRAW,8/8/8/6k1/2r5/6B1/K3n3/6R1 w - - 0 1
0,1,0,0,0,0,0,1,-1,1,0,1,1,1,0,0,0,0,0,16,0,0,2,5,6,3,6,3,2,18,28,0,0,0,0,0,0,0,0,7,1,1,0,0,0,0,0,2,0,0,KRBKRNvK,DRAW,R7/3k1K2/8/6B1/3r4/8/7n/8 b - - 0 1
0,1,0,0,0,0,0,1,-1,1,0,1,1,1,0,0,0,0,0,16,0,0,3,2,3,5,6,1,3,25,26,0,0,0,0,0,0,0,0,7,1,1,0,0,0,0,2,2,0,2,KRBKRNvK,DRAW,8/5k2/8/3r4/n1K3B1/8/7R/8 b - - 0 1
1,1,0,0,0,0,0,1,-1,1,0,1,1,1,0,0,0,0,0,16,0,0,7,7,6,0,1,5,5,26,21,0,0,0,0,0,0,0,0,7,1,1,1,0,0,0,1,0,0,0,KRBKRNvK,DRAW,8/6RK/1B6/8/8/n4r2/k7/8 w - - 0 1
1,1,0,0,0,0,0,1,-1,1,0,1,1,1,0,0,0,0,0,16,0,0,4,0,1,4,3,5,0,26,24,0,0,0,0,0,0,0,0,7,1,1,0,0,0,0,1,3,1,0,KRBKRNvK,DRAW,1B6/5r2/2R5/8/4k2n/8/K7/8 w - - 0 1
0,1,0,0,0,0,0,1,-1,1,0,1,1,1,0,0,0,0,0,16,0,0,2,4,2,6,4,1,2,20,26,0,0,0,0,0,0,0,0,7,1,1,0,1,0,0,3,2,1,1,KRBKRNvK,DRAW,6n1/8/2R5/6k1/8/4K1B1/3r4/8 b - - 0 1
1,1,0,0,0,0,0,1,-1,1,0,1,1,1,0,0,0,0,0,16,0,0,3,3,0,6,0,3,5,5,0,1,0,0,0,0,0,0,0,7,1,1,0,0,0,0,0,2,1,0,KRBKRNvK,DRAW,3r4/8/5R2/n7/8/8/8/3KB1k1 w - - 0 1
0,1,0,0,0,0,0,1,-1,1,0,1,1,1,0,0,0,0,0,16,0,0,4,5,1,1,1,3,4,28,22,0,0,0,0,0,0,0,0,7,1,1,0,0,0,0,2,2,0,1,KRBKRNvK,DRAW,8/4nB2/4R3/8/8/8/1k3K2/3r4 b - - 0 1
1,1,0,0,0,0,0,1,-1,1,0,1,1,1,0,0,0,0,0,16,0,0,5,0,3,5,6,3,3,25,21,0,0,0,0,0,0,0,0,7,1,1,0,1,0,0,3,1,0,0,KRBKRNvK,WIN,8/5k2/8/8/K7/3n4/4R1Br/8 w - - 0 1
1,1,0,0,0,0,0,1,-1,1,0,1,1,1,0,0,0,0,0,16,0,0,3,4,1,2,4,2,1,25,22,0,0,0,0,0,0,0,0,7,1,1,0,0,0,0,0,2,2,0,KRBKRNvK,DRAW,8/7r/8/nBk5/8/1R6/4K3/8 w - - 0 1
1,1,0,0,0,0,0,1,-1,1,0,1,1,1,0,0,0,0,0,16,0,0,2,1,5,2,7,3,4,27,18,0,0,0,0,0,0,0,0,7,1,1,0,0,0,0,0,2,0,0,KRBKRNvK,WIN,2k4n/8/1K6/8/7B/4r3/8/R7 w - - 0 1
1,1,0,0,0,0,0,1,-1,1,0,1,1,1,0,0,0,0,0,16,0,0,6,1,3,7,0,2,6,5,0,1,0,0,0,0,0,0,0,7,1,1,0,1,0,0,2,1,0,2,KRBKRNvK,DRAW,8/8/8/6RB/1K6/3n4/1r6/7k w - - 0 1
1,1,0,0,0,0,0,1,-1,1,0,1,1,1,0,0,0,0,0,16,0,0,4,6,7,5,3,5,1,25,26,0,0,0,0,0,0,0,0,7,1,1,0,1,0,0,2,4,0,0,KRBKRNvK,DRAW,6K1/8/8/2R5/2B2k2/4n3/3r4/8 w - - 0 1
1,1,0,0,0,0,0,1,-1,1,0,1,1,1,0,0,0,0,0,16,0,0,3,3,0,6,1,3,4,28,27,0,0,0,0,0,0,0,0,7,1,1,0,0,0,0,2,1,0,0,KRBKRNvK,DRAW,4R3/2n5/8/6B1/8/7r/6k1/3K4 w - - 0 1
1,1,0,0,0,0,0,1,-1,1,0,1,1,1,0,0,0,0,0,16,0,0,3,4,1,7,0,2,6,7,0,1,0,0,0,0,0,0,0,7,1,1,0,0,0,0,1,0,0,1,KRBKRNvK,DRAW,8/8/5R1r/5B2/3n4/8/4K3/7k w - - 0 1
0,1,0,0,0,0,0,1,-1,1,0,1,1,1,0,0,0,0,0,16,0,0,6,6,4,0,2,2,4,4,0,1,0,0,0,0,0,0,0,7,1,1,0,1,0,0,2,0,0,0,KRBKRNvK,DRAW,5n2/8/2B5/6K1/8/k4R2/2r5/8 b - - 0 1
0,1,0,0,0,0,0,1,-1,1,0,1,1,1,0,0,0,0,0,16,0,0,3,6,4,3,5,2,1,3,0,1,0,0,0,0,0,0,0,7,1,1,0,0,0,0,2,3,2,0,KRBKRNvK,DRAW,2B5/8/3kR3/rn4K1/8/8/8/8 b - - 0 1
0,1,0,0,0,0,0,1,-1,1,0,1,1,1,0,0,0,0,0,16,0,0,2,2,4,2,6,1,3,3,0,1,0,0,0,0,0,0,0,7,1,1,1,1,0,0,2,2,1,0,KRBKRNvK,DRAW,8/R1k5/8/2K5/8/1B6/3r4/6n1 b - - 0 1
0,1,0,0,0,0,0,1,-1,1,0,1,1,1,0,0,0,0,0,16,0,0,5,7,6,2,4,5,1,5,0,1,0,0,0,0,0,0,0,7,1,1,1,0,0,0,1,2,2,1,KRBKRNvK,DRAW,5r2/2R4K/4B3/2k5/8/8/7n/8 b - - 0 1
1,1,0,0,0,0,0,1,-1,1,0,1,1,1,0,0,0,0,0,16,0,0,2,0,1,2,3,5,1,26,24,0,0,0,0,0,0,0,0,7,1,1,1,0,0,0,1,3,1,1,KRBKRNvK,DRAW,8/6R1/3B4/8/2k5/1r3n2/K7/8 w - - 0 1
0,1,0,0,0,0,0,1,-1,1,0,1,1,1,0,0,0,0,0,16,0,0,4,4,5,0,4,1,3,5,0,1,0,0,0,0,0,0,0,7,1,1,0,1,0,0,2,1,0,0,KRBKRNvK,DRAW,8/8/4K3/k5R1/8/8/1r1n4/2B5 b - - 0 1
0,1,0,0,0,0,0,1,-1,1,0,1,1,1,0,0,0,0,0,16,0,0,3,3,3,6,1,0,4,7,0,1,0,0,0,0,0,0,0,7,1,1,0,1,0,0,3,1,0,1,KRBKRNvK,DRAW,8/8/8/8/B2K1n2/8/1R4kr/8 b - - 0 1
1,1,0,0,0,0,0,1,-1,1,0,1,1,1,0,0,0,0,0,16,0,0,4,1,3,5,1,2,3,6,0,1,0,0,0,0,0,0,0,7,1,1,0,0,0,0,2,2,0,0,KRBKRNvK,DRAW,8/6Bn/8/8/1K3r2/R7/5k2/8 w - - 0 1
0,1,0,0,0,0,0,1,-1,1,0,1,1,1,0,0,0,0,0,16,0,0,4,4,5,0,6,1,5,20,25,0,0,0,0,0,0,0,0,7,1,1,0,1,0,0,2,0,0,0,KRBKRNvK,DRAW,8/k4B2/4K3/8/8/nR6/7r/8 b - - 0 1
0,1,0,0,0,0,0,1,-1,1,0,1,1,1,0,0,0,0,0,16,0,0,5,5,5,1,0,2,5,22,25,0,0,0,0,0,0,0,0,7,1,1,0,0,0,0,3,0,0,1,KRBKRNvK,DRAW,8/6n1/3R1K2/3B4/8/2r5/8/1k6 b - - 0 1
0,1,0,0,0,0,0,1,-1,1,0,1,1,1,0,0,0,0,0,16,0,0,3,6,2,7,5,3,4,4,0,1,0,0,0,0,0,0,0,7,1,1,0,0,0,0,1,1,1,0,KRBKRNvK,DRAW,8/8/4nR1k/3B4/8/6K1/8/2r5 b - - 0 1
0,1,0,0,0,0,0,1,-1,1,0,1,1,1,0,0,0,0,0,16,0,0,2,1,6,3,5,4,1,18,22,0,0,0,0,0,0,0,0,7,1,1,0,0,0,0,2,3,1,0,KRBKRNvK,DRAW,8/1K6/B2k4/5R2/8/3r4/8/5n2 b - - 0 1
0,1,0,0,0,0,0,1,-1,1,0,1,1,1,0,0,0,0,0,16,0,0,3,3,1,6,4,2,2,6,0,1,0,0,0,0,0,0,0,7,1,1,0,0,0,0,0,3,1,0,KRBKRNvK,DRAW,8/8/5n2/Br4k1/8/6R1/3K4/8 b - - 0 1
1,1,0,0,0,0,0,1,-1,1,0,1,1,1,0,0,0,0,0,16,0,0,3,2,3,5,1,1,3,6,0,1,0,0,0,0,0,0,0,7,1,1,0,1,0,0,3,0,1,1,KRBKRNvK,DRAW,8/8/8/4R3/2K5/7B/2r2k2/3n4 w - - 0 1
0,1,0,0,0,0,0,1,-1,1,0,1,1,1,0,0,0,0,0,16,0,0,5,1,1,2,6,4,3,19,22,0,0,0,0,0,0,0,0,7,1,1,0,0,0,0,1,2,1,1,KRBKRNvK,DRAW,8/2k5/R7/8/8/8/BK6/3rn3 b - - 0 1
0,1,0,0,0,0,0,1,-1,1,0,1,1,1,0,0,0,0,0,16,0,0,3,3,4,6,1,0,4,22,23,0,0,0,0,0,0,0,0,7,1,1,0,0,0,0,4,0,0,0,KRBKRNvK,WIN,8/r7/8/3K3R/8/1B6/6k1/1n6 b - - 0 1
1,1,0,0,0,0,0,1,-1,1,0,1,1,1,0,0,0,0,0,16,0,0,2,6,0,6,2,5,3,3,0,1,0,0,0,0,0,0,0,7,1,1,1,0,0,0,1,0,0,0,KRBKRNvK,DRAW,8/5R2/8/7n/8/3B2k1/8/r5K1 w - - 0 1
1,1,0,0,0,0,0,1,-1,1,0,1,1,1,0,0,0,0,0,16,0,0,5,2,3,7,6,1,5,5,0,1,0,0,0,0,0,0,0,7,1,1,0,0,0,0,4,1,1,0,KRBKRNvK,DRAW,7B/2r4k/8/8/2KR2n1/8/8/8 w - - 0 1
0,1,0,0,0,0,0,1,-1,1,0,1,1,1,0,0,0,0,0,16,0,0,5,1,1,6,3,4,2,21,26,0,0,0,0,0,0,0,0,7,1,1,0,0,0,0,2,0,0,0,KRBKRNvK,DRAW,3B2n1/8/5r2/8/6k1/3R4/1K6/8 b - - 0 1
1,1,0,0,0,0,0,1,-1,1,0,1,1,1,0,0,0,0,0,16,0,0,5,1,2,6,4,3,2,26,20,0,0,0,0,0,0,0,0,7,1,1,1,0,0,0,1,2,1,1,KRBKRNvK,DRAW,3n4/5R2/8/r5k1/8/1K6/5B2/8 w - - 0 1
0,1,0,0,0,0,0,1,-1,1,0,1,1,1,0,0,0,0,0,16,0,0,6,7,5,1,6,4,4,4,0,1,0,0,0,0,0,0,0,7,1,1,1,0,0,0,3,2,0,1,KRBKRNvK,DRAW,8/1k2R3/7K/7n/1r6/5B2/8/8 b - - 0 1
0,1,0,0,0,0,0,1,-1,1,0,1,1,1,0,0,0,0,0,16,0,0,5,7,5,2,6,4,3,17,24,0,0,0,0,0,0,0,0,7,1,1,0,1,0,0,3,0,1,0,KRBKRNvK,DRAW,8/2k5/7K/3R4/8/nB6/r7/8 b - - 0 1
0,1,0,0,0,0,0,1,-1,1,0,1,1,1,0,0,0,0,0,16,0,0,5,7,1,2,5,5,2,16,28,0,0,0,0,0,0,0,0,7,1,1,0,0,0,0,2,1,0,0,KRBKRNvK,DRAW,8/2r5/2k5/6R1/8/1B6/7K/3n4 b - - 0 1
1,1,0,0,0,0,0,1,-1,1,0,1,1,1,0,0,0,0,0,16,0,0,4,5,7,3,3,4,0,3,0,1,0,0,0,0,0,0,0,7,1,1,0,0,0,0,0,3,0,1,KRBKRNvK,DRAW,R4K1r/8/8/8/3k4/8/5n2/4B3 w - - 0 1
1,1,0,0,0,0,0,1,-1,1,0,1,1,1,0,0,0,0,0,16,0,0,5,2,3,7,5,1,4,31,16,0,0,0,0,0,0,0,0,7,1,1,0,0,0,0,3,2,1,1,KRBKRNvK,DRAW,8/8/2n4k/5B1r/2K5/R7/8/8 w - - 0 1
1,1,0,0,0,0,0,1,-1,1,0,1,1,1,0,0,0,0,0,16,0,0,7,0,7,5,0,6,4,24,19,0,0,0,0,0,0,0,0,7,1,1,0,0,0,0,3,2,2,0,KRBKRNvK,DRAW,K7/8/7n/8/6r1/8/4R3/5kB1 w - - 0 1
0,1,0,0,0,0,0,1,-1,1,0,1,1,1,0,0,0,0,0,16,0,0,5,1,6,2,1,4,3,24,28,0,0,0,0,0,0,0,0,7,1,1,0,0,0,0,0,2,0,0,KRBKRNvK,DRAW,5R2/1K6/8/8/3r4/n7/2k5/5B2 b - - 0 1
0,1,0,0,0,0,0,1,-1,1,0,1,1,1,0,0,0,0,0,16,0,0,5,5,5,7,0,2,6,2,0,1,0,0,0,0,0,0,0,7,1,1,0,0,0,0,3,2,0,1,KRBKRNvK,DRAW,2n5/8/5K2/8/7r/2B5/8/4R2k b - - 0 1
0,1,0,0,0,0,0,1,-1,1,0,1,1,1,0,0,0,0,0,16,0,0,2,6,4,4,3,2,0,4,0,1,0,0,0,0,0,0,0,7,1,1,0,0,0,0,2,3,1,1,KRBKRNvK,DRAW,1R6/7r/2B5/6K1/4k3/8/n7/8 b - - 0 1
0,1,0,0,0,0,0,1,-1,1,0,1,1,1,0,0,0,0,0,16,0,0,7,7,0,0,1,6,5,21,22,0,0,0,0,0,0,0,0,7,1,1,0,1,0,0,2,1,0,0,KRBKRNvK,DRAW,8/8/6B1/8/8/1n6/k1r5/4R2K b - - 0 1
1,1,0,0,0,0,0,1,-1,1,0,1,1,1,0,0,0,0,0,16,0,0,4,2,2,6,1,2,4,27,18,0,0,0,0,0,0,0,0,7,1,1,0,1,0,0,4,1,0,0,KRBKRNvK,DRAW,8/2n5/8/4R3/3B4/2K5/6kr/8 w - - 0 1
0,1,0,0,0,0,0,1,-1,1,0,1,1,1,0,0,0,0,0,16,0,0,4,3,5,7,5,1,4,2,0,1,0,0,0,0,0,0,0,7,1,1,0,0,0,0,2,1,1,0,KRBKRNvK,DRAW,8/r7/3K2Rk/8/4B3/8/2n5/8 b - - 0 1
0,1,0,0,0,0,0,1,-1,1,0,1,1,1,0,0,0,0,0,16,0,0,3,3,2,0,0,1,6,3,0,1,0,0,0,0,0,0,0,7,1,1,0,0,0,0,3,0,0,0,KRBKRNvK,DRAW,2R4n/1r6/5B2/8/8/3K4/8/k7 b - - 0 1
1,1,0,0,0,0,0,1,-1,1,0,1,1,1,0,0,0,0,0,16,0,0,5,1,4,6,3,2,2,7,0,1,0,0,0,0,0,0,0,7,1,1,0,0,0,0,1,1,1,1,KRBKRNvK,DRAW,7r/2n5/8/1K6/6k1/8/R4B2/8 w - - 0 1
1,1,0,0,0,0,0,1,-1,1,0,1,1,1,0,0,0,0,0,16,0,0,6,6,1,0,1,4,5,24,18,0,0,0,0,0,0,0,0,7,1,1,0,0,0,0,0,2,1,0,KRBKRNvK,DRAW,8/8/8/5r2/8/B6R/k5K1/1n6 w - - 0 1
0,1,0,0,0,0,0,1,-1,1,0,1,1,1,0,0,0,0,0,16,0,0,5,5,0,0,0,4,6,25,21,0,0,0,0,0,0,0,0,7,1,1,1,0,0,0,1,2,0,1,KRBKRNvK,DRAW,8/5R2/8/5B2/4n3/3r4/8/k4K2 b - - 0 1
1,1,0,0,0,0,0,1,-1,1,0,1,1,1,0,0,0,0,0,16,0,0,3,0,4,2,7,3,4,2,0,1,0,0,0,0,0,0,0,7,1,1,0,0,0,0,2,1,1,2,KRBKRNvK,LOSS,2k5/1rB5/8/K1R5/8/1n6/8/8 w - - 0 1
0,1,0,0,0,0,0,1,-1,1,0,1,1,1,0,0,0,0,0,16,0,0,5,6,6,1,2,4,3,4,0,1,0,0,0,0,0,0,0,7,1,1,0,0,0,0,1,0,0,0,KRBKRNvK,DRAW,r5B1/6K1/8/8/8/nk5R/8/8 b - - 0 1
0,1,0,0,0,0,0,1,-1,1,0,1,1,1,0,0,0,0,0,16,0,0,4,1,5,5,1,3,3,28,27,0,0,0,0,0,0,0,0,7,1,1,1,0,0,0,1,1,0,1,KRBKRNvK,DRAW,r7/2R5/1K1B4/8/8/4n3/5k2/8 b - - 0 1
0,1,0,0,0,0,0,1,-1,1,0,1,1,1,0,0,0,0,0,16,0,0,6,6,4,0,0,2,6,3,0,1,0,0,0,0,0,0,0,7,1,1,0,0,0,0,2,2,0,1,KRBKRNvK,LOSS,8/8/8/R5K1/5r1B/8/3n4/k7 b - - 0 1
0,1,0,0,0,0,0,1,-1,1,0,1,1,1,0,0,0,0,0,16,0,0,5,3,2,2,7,1,4,21,21,0,0,0,0,0,0,0,0,7,1,1,0,0,0,0,2,3,0,0,KRBKRNvK,DRAW,2k5/2n5/4r3/B7/1R6/3K4/8/8 b - - 0 1
1,1,0,0,0,0,0,1,-1,1,0,1,1,1,0,0,0,0,0,16,0,0,3,6,3,3,3,2,0,20,27,0,0,0,0,0,0,0,0,7,1,1,0,0,0,0,1,4,0,1,KRBKRNvK,DRAW,8/7B/4n3/1r6/3k2K1/8/6R1/8 w - - 0 1
0,1,0,0,0,0,0,1,-1,1,0,1,1,1,0,0,0,0,0,16,0,0,3,3,7,6,7,3,5,24,29,0,0,0,0,0,0,0,0,7,1,1,0,0,0,0,1,3,0,0,KRBKRNvK,DRAW,3K2k1/8/8/r7/8/3B4/2n5/1R6 b - - 0 1
0,1,0,0,0,0,0,1,-1,1,0,1,1,1,0,0,0,0,0,16,0,0,7,4,0,5,7,3,4,21,26,0,0,0,0,0,0,0,0,7,1,1,0,0,0,0,2,0,0,0,KRBKRNvK,DRAW,2B2k1n/r7/8/8/8/3R4/8/4K3 b - - 0 1
1,1,0,0,0,0,0,1,-1,1,0,1,1,1,0,0,0,0,0,16,0,0,6,6,6,0,6,4,5,7,0,1,0,0,0,0,0,0,0,7,1,1,0,0,0,0,2,3,0,2,KRBKRNvK,DRAW,8/k5K1/4n3/4r3/4B3/8/8/4R3 w - - 0 1
0,1,0,0,0,0,0,1,-1,1,0,1,1,1,0,0,0,0,0,16,0,0,5,3,7,7,2,3,4,22,19,0,0,0,0,0,0,0,0,7,1,1,0,0,0,0,0,0,0,0,KRBKRNvK,DRAW,1R1KB3/8/8/8/8/r6k/1n6/8 b - - 0 1
1,1,0,0,0,0,0,1,-1,1,0,1,1,1,0,0,0,0,0,16,0,0,2,6,1,7,3,4,3,3,0,1,0,0,0,0,0,0,0,7,1,1,0,0,0,0,3,0,1,2,KRBKRNvK,DRAW,8/6B1/8/6R1/7k/7r/6K1/4n3 w - - 0 1
0,1,0,0,0,0,0,1,-1,1,0,1,1,1,0,0,0,0,0,16,0,0,3,5,6,2,7,3,4,22,32,0,0,0,0,0,0,0,0,7,1,1,0,0,0,0,1,2,0,1,KRBKRNvK,DRAW,2k5/5K2/3r4/8/4B3/R7/8/5n2 b - - 0 1
1,1,0,0,0,0,0,1,-1,1,0,1,1,1,0,0,0,0,0,16,0,0,4,4,4,0,7,0,6,20,19,0,0,0,0,0,0,0,0,7,1,1,0,0,0,0,4,2,0,0,KRBKRNvK,DRAW,k3B3/8/8/1R2K3/7r/n7/8/8 w - - 0 1
1,1,0,0,0,0,0,1,-1,1,0,1,1,1,0,0,0,0,0,16,0,0,2,7,0,7,2,6,4,24,20,0,0,0,0,0,0,0,0,7,1,1,0,0,0,0,0,3,0,0,KRBKRNvK,DRAW,8/3nB3/8/8/3r4/7k/1R6/7K w - - 0 1
0,1,0,0,0,0,0,1,-1,1,0,1,1,1,0,0,0,0,0,16,0,0,7,7,6,0,0,5,6,22,19,0,0,0,0,0,0,0,0,7,1,1,0,0,0,0,2,2,0,0,KRBKRNvK,DRAW,8/7K/8/B7/1R2n3/8/8/k2r4 b - - 0 1
0,1,0,0,0,0,0,1,-1,1,0,1,1,1,0,0,0,0,0,16,0,0,6,6,6,0,3,4,3,2,0,1,0,0,0,0,0,0,0,7,1,1,1,0,0,0,1,2,1,2,KRBKRNvK,DRAW,4r2n/R5K1/8/8/k7/8/B7/8 b - - 0 1
1,1,0,0,0,0,0,1,-1,1,0,1,1,1,0,0,0,0,0,16,0,0,4,0,0,1,4,6,2,2,0,1,0,0,0,0,0,0,0,7,1,1,0,0,0,0,1,2,0,0,KRBKRNvK,DRAW,1n6/8/8/1k6/r7/8/7B/K1R5 w - - 0 1
1,1,0,0,0,0,0,1,-1,1,0,1,1,1,0,0,0,0,0,16,0,0,5,2,5,0,0,2,6,25,22,0,0,0,0,0,0,0,0,7,1,1,0,0,0,0,1,3,1,0,KRBKRNvK,DRAW,5R2/8/2K5/7r/8/B7/3n4/k7 w - - 0 1
1,1,0,0,0,0,0,1,-1,1,0,1,1,1,0,0,0,0,0,16,0,0,2,5,4,3,5,1,1,4,0,1,0,0,0,0,0,0,0,7,1,1,0,0,0,0,2,2,1,1,KRBKRNvK,DRAW,5r2/3B2n1/3k4/5K2/8/8/2R5/8 w - - 0 1
1,1,0,0,0,0,0,1,-1,1,0,1,1,1,0,0,0,0,0,16,0,0,5,0,7,5,5,6,2,19,23,0,0,0,0,0,0,0,0,7,1,1,1,0,0,0,2,1,0,0,KRBKRNvK,DRAW,K7/2R5/2B2k2/8/8/1r6/8/5n2 w - - 0 1
1,1,0,0,0,0,0,1,-1,1,0,1,1,1,0,0,0,0,0,16,0,0,2,5,4,5,2,1,2,4,0,1,0,0,0,0,0,0,0,7,1,1,0,0,0,0,4,2,0,1,KRBKRNvK,DRAW,8/5B2/3R4/5K2/5r2/5k2/7n/8 w - - 0 1
1,1,0,0,0,0,0,1,-1,1,0,1,1,1,0,0,0,0,0,16,0,0,4,6,6,7,2,4,4,5,0,1,0,0,0,0,0,0,0,7,1,1,0,1,0,0,2,0,0,0,KRBKRNvK,DRAW,3n4/6K1/5R2/8/8/2B4k/6r1/8 w - - 0 1
1,1,0,0,0,0,0,1,-1,1,0,1,1,1,0,0,0,0,0,16,0,0,4,3,4,2,0,0,4,6,0,1,0,0,0,0,0,0,0,7,1,1,0,0,0,0,3,1,1,1,KRBKRNvK,DRAW,1n6/3r4/8/3K4/8/8/4R2B/2k5 w - - 0 1
0,1,0,0,0,0,0,1,-1,1,0,1,1,1,0,0,0,0,0,16,0,0,5,0,6,1,1,5,4,7,0,1,0,0,0,0,0,0,0,7,1,1,0,0,0,0,0,2,0,0,KRBKRNvK,DRAW,4n3/K7/BR6/8/8/4r3/1k6/8 b - - 0 1
1,1,0,0,0,0,0,1,-1,1,0,1,1,1,0,0,0,0,0,16,0,0,6,1,0,4,6,5,2,3,0,1,0,0,0,0,0,0,0,7,1,1,0,0,0,0,2,0,1,0,KRBKRNvK,DRAW,2n1B3/4k3/8/8/R7/8/8/1K3r2 w - - 0 1
0,1,0,0,0,0,0,1,-1,1,0,1,1,1,0,0,0,0,0,16,0,0,2,3,4,4,6,0,2,3,0,1,0,0,0,0,0,0,0,7,1,1,1,0,0,0,3,0,0,0,KRBKRNvK,DRAW,8/1R2k3/7B/3K4/8/8/8/6nr b - - 0 1
0,1,0,0,0,0,0,1,-1,1,0,1,1,1,0,0,0,0,0,16,0,0,2,1,5,1,3,3,2,20,22,0,0,0,0,0,0,0,0,7,1,1,0,0,0,0,2,2,1,0,KRBKRNvK,DRAW,8/8/1K4nR/6r1/1k6/8/1B6/8 b - - 0 1
0,1,0,0,0,0,0,1,-1,1,0,1,1,1,0,0,0,0,0,16,0,0,3,5,1,2,4,3,1,4,0,1,0,0,0,0,0,0,0,7,1,1,0,0,0,0,0,2,1,1,KRBKRNvK,LOSS,8/8/1B3R2/2k5/8/6r1/5K2/1n6 b - - 0 1
0,1,0,0,0,0,0,1,-1,1,0,1,1,1,0,0,0,0,0,16,0,0,7,2,0,3,7,4,3,25,12,0,0,0,0,0,0,0,0,7,1,1,0,1,0,0,0,3,0,1,KRBKRNvK,DRAW,3k4/8/8/8/B7/5n2/4r3/R1K5 b - - 0 1
0,1,0,0,0,0,0,1,-1,1,0,1,1,1,0,0,0,0,0,16,0,0,6,6,4,0,5,2,4,21,26,0,0,0,0,0,0,0,0,7,1,1,0,0,0,0,1,1,0,2,KRBKRNvK,DRAW,8/8/k4r2/5nK1/5B2/7R/8/8 b - - 0 1
1,1,0,0,0,0,0,1,-1,1,0,1,1,1,0,0,0,0,0,16,0,0,6,1,3,7,4,2,3,6,0,1,0,0,0,0,0,0,0,7,1,1,0,0,0,0,3,2,0,2,KRBKRNvK,DRAW,8/8/n2r4/7k/1K6/2B5/8/3R4 w - - 0 1
1,1,0,0,0,0,0,1,-1,1,0,1,1,1,0,0,0,0,0,16,0,0,5,6,0,4,5,5,1,6,0,1,0,0,0,0,0,0,0,7,1,1,0,0,0,0,2,2,0,0,KRBKRNvK,DRAW,8/6r1/4k3/8/7R/8/1n6/4B1K1 w - - 0 1
1,1,0,0,0,0,0,1,-1,1,0,1,1,1,0,0,0,0,0,16,0,0,3,5,1,7,4,3,3,9,0,1,0,0,0,0,0,0,0,7,1,1,1,0,0,0,1,1,0,0,KRBKRNvK,DRAW,5r2/4R3/4B3/1n5k/8/8/5K2/8 w - - 0 1
0,1,0,0,0,0,0,1,-1,1,0,1,1,1,0,0,0,0,0,16,0,0,2,4,7,6,7,3,5,16,29,0,0,0,0,0,0,0,0,7,1,1,0,0,0,0,1,0,0,1,KRBKRNvK,DRAW,4K1k1/8/6r1/8/4B3/8/7R/6n1 b - - 0 1
1,1,0,0,0,0,0,1,-1,1,0,1,1,1,0,0,0,0,0,16,0,0,4,4,2,6,6,1,4,4,0,1,0,0,0,0,0,0,0,7,1,1,0,0,0,0,2,1,0,2,KRBKRNvK,DRAW,1R6/6k1/8/5n2/8/4K1r1/5B2/8 w - - 0 1
1,1,0,0,0,0,0,1,-1,1,0,1,1,1,0,0,0,0,0,16,0,0,3,4,4,5,1,0,3,30,23,0,0,0,0,0,0,0,0,7,1,1,0,0,0,0,3,0,0,0,KRBKRNvK,DRAW,5n2/1r6/6B1/4K3/8/2R5/5k2/8 w - - 0 1
0,1,0,0,0,0,0,1,-1,1,0,1,1,1,0,0,0,0,0,16,0,0,6,5,1,4,7,3,3,17,29,0,0,0,0,0,0,0,0,7,1,1,0,0,0,0,2,1,0,1,KRBKRNvK,DRAW,1r2k3/8/8/2B5/8/3R4/4nK2/8 b - - 0 1
1,1,0,0,0,0,0,1,-1,1,0,1,1,1,0,0,0,0,0,16,0,0,2,1,6,0,4,4,3,24,18,0,0,0,0,0,0,0,0,7,1,1,0,0,0,0,0,2,1,1,KRBKRNvK,DRAW,6n1/1K6/7R/k1r5/B7/8/8/8 w - - 0 1
0,1,0,0,0,0,0,1,-1,1,0,1,1,1,0,0,0,0,0,16,0,0,7,1,7,5,0,5,4,19,26,0,0,0,0,0,0,0,0,7,1,1,0,0,0,0,2,2,0,0,KRBKRNvK,DRAW,1K5B/8/R7/8/8/8/6n1/3r1k2 b - - 0 1
1,1,0,0,0,0,0,1,-1,1,0,1,1,1,0,0,0,0,0,16,0,0,3,2,4,5,5,1,2,26,21,0,0,0,0,0,0,0,0,7,1,1,1,0,0,0,2,3,1,1,KRBKRNvK,DRAW,3r4/6R1/5k2/2K5/8/n7/3B4/8 w - - 0 1
1,1,0,0,0,0,0,1,-1,1,0,1,1,1,0,0,0,0,0,16,0,0,4,5,3,7,7,1,6,22,17,0,0,0,0,0,0,0,0,7,1,1,0,1,0,0,3,1,0,0,KRBKRNvK,DRAW,7k/8/8/8/5K2/5R2/r1n5/6B1 w - - 0 1
0,1,0,0,0,0,0,1,-1,1,0,1,1,1,0,0,0,0,0,16,0,0,5,6,0,3,5,5,1,24,17,0,0,0,0,0,0,0,0,7,1,1,0,0,0,0,0,2,0,0,KRBKRNvK,DRAW,8/8/n2k4/2r5/8/6R1/7B/6K1 b - - 0 1
1,1,0,0,0,0,0,1,-1,1,0,1,1,1,0,0,0,0,0,16,0,0,3,0,0,2,3,6,1,24,18,0,0,0,0,0,0,0,0,7,1,1,0,0,0,0,2,3,1,1,KRBKRNvK,DRAW,8/5n2/8/3R2B1/2k5/2r5/8/K7 w - - 0 1
1,1,0,0,0,0,0,1,-1,1,0,1,1,1,0,0,0,0,0,16,0,0,2,0,0,0,2,6,4,21,24,0,0,0,0,0,0,0,0,7,1,1,1,0,0,0,3,2,0,0,KRBKRNvK,DRAW,7r/4RB2/8/8/8/k4n2/8/K7 w - - 0 1
0,1,0,0,0,0,0,1,-1,1,0,1,1,1,0,0,0,0,0,16,0,0,7,0,0,7,5,6,4,2,0,1,0,0,0,0,0,0,0,7,1,1,1,0,0,0,0,0,0,1,KRBKRNvK,DRAW,7r/2R5/7k/8/8/8/1n6/K1B5 b - - 0 1
0,1,0,0,0,0,0,1,-1,1,0,1,1,1,0,0,0,0,0,16,0,0,6,2,1,3,7,3,3,22,25,0,0,0,0,0,0,0,0,7,1,1,0,0,0,0,0,2,0,1,KRBKRNvK,DRAW,3k4/8/8/8/4r3/R7/2K5/3B2n1 b - - 0 1
0,1,0,0,0,0,0,1,-1,1,0,1,1,1,0,0,0,0,0,16,0,0,4,5,5,1,1,2,4,27,17,0,0,0,0,0,0,0,0,7,1,1,1,0,0,0,1,3,0,1,KRBKRNvK,DRAW,5B2/5R2/5K2/6r1/8/8/1k1n4/8 b - - 0 1
0,1,0,0,0,0,0,1,-1,1,0,1,1,1,0,0,0,0,0,16,0,0,3,5,6,2,3,3,1,23,25,0,0,0,0,0,0,0,0,7,1,1,1,1,0,0,1,2,0,0,KRBKRNvK,DRAW,1B6/1R3K2/8/8/2k5/7n/3r4/8 b - - 0 1
1,1,0,0,0,0,0,1,-1,1,0,1,1,1,0,0,0,0,0,16,0,0,6,6,3,0,4,2,3,29,15,0,0,0,0,0,0,0,0,7,1,1,0,0,0,0,1,0,2,0,KRBKRNvK,DRAW,3n4/r7/2R5/k7/2B3K1/8/8/8 w - - 0 1
1,1,0,0,0,0,0,1,-1,1,0,1,1,1,0,0,0,0,0,16,0,0,5,2,5,7,1,2,5,4,0,1,0,0,0,0,0,0,0,7,1,1,0,0,0,0,1,0,1,1,KRBKRNvK,LOSS,8/8/n1K2r2/8/8/8/4B2k/6R1 w - - 0 1
1,1,0,0,0,0,0,1,-1,1,0,1,1,1,0,0,0,0,0,16,0,0,3,2,0,1,3,4,2,26,25,0,0,0,0,0,0,0,0,7,1,1,0,0,0,0,0,2,0,0,KRBKRNvK,DRAW,8/8/7R/8/1kn1r1B1/8/8/2K5 w - - 0 1
1,1,0,0,0,0,0,1,-1,1,0,1,1,1,0,0,0,0,0,16,0,0,5,1,0,6,1,5,4,5,0,1,0,0,0,0,0,0,0,7,1,1,0,0,0,0,2,0,1,0,KRBKRNvK,DRAW,8/8/1r6/3Rn3/7B/8/6k1/1K6 w - - 0 1
0,1,0,0,0,0,0,1,-1,1,0,1,1,1,0,0,0,0,0,16,0,0,3,5,1,6,4,3,2,26,22,0,0,0,0,0,0,0,0,7,1,1,0,0,0,0,0,1,1,0,KRBKRNvK,DRAW,8/8/r7/2n3k1/8/7R/5K2/6B1 b - - 0 1
1,1,0,0,0,0,0,1,-1,1,0,1,1,1,0,0,0,0,0,16,0,0,5,2,6,7,5,3,4,29,19,0,0,0,0,0,0,0,0,7,1,1,0,0,0,0,3,2,0,0,KRBKRNvK,DRAW,5n2/2K5/7k/8/5r2/3R1B2/8/8 w - - 0 1
1,1,0,0,0,0,0,1,-1,1,0,1,1,1,0,0,0,0,0,16,0,0,7,1,7,7,0,5,6,25,21,0,0,0,0,0,0,0,0,7,1,1,0,0,0,0,1,2,0,0,KRBKRNvK,DRAW,1K6/8/2R5/2B4r/4n3/8/8/7k w - - 0 1
0,1,0,0,0,0,0,1,-1,1,0,1,1,1,0,0,0,0,0,16,0,0,6,7,7,6,1,6,4,25,21,0,0,0,0,0,0,0,0,7,1,1,0,0,0,0,0,2,0,0,KRBKRNvK,DRAW,7K/8/2R4B/8/7n/4r3/6k1/8 b - - 0 1
1,1,0,0,0,0,0,1,-1,1,0,1,1,1,0,0,0,0,0,16,0,0,6,1,1,7,3,4,3,26,19,0,0,0,0,0,0,0,0,7,1,1,0,0,0,0,1,0,2,0,KRBKRNvK,DRAW,1n6/8/8/5B2/7k/5R2/1K6/6r1 w - - 0 1
1,1,0,0,0,0,0,1,-1,1,0,1,1,1,0,0,0,0,0,16,0,0,2,4,5,4,3,1,0,24,25,0,0,0,0,0,0,0,0,7,1,1,1,0,0,0,3,3,0,1,KRBKRNvK,DRAW,8/3R4/4K3/1B2n3/4k3/8/8/6r1 w - - 0 1
1,1,0,0,0,0,0,1,-1,1,0,1,1,1,0,0,0,0,0,16,0,0,4,3,6,7,2,2,4,26,19,0,0,0,0,0,0,0,0,7,1,1,0,0,0,0,1,1,0,1,KRBKRNvK,DRAW,8/3K1nr1/8/8/8/2RB3k/8/8 w - - 0 1
1,1,0,0,0,0,0,1,-1,1,0,1,1,1,0,0,0,0,0,16,0,0,3,5,4,2,3,1,1,28,21,0,0,0,0,0,0,0,0,7,1,1,0,0,0,0,3,2,0,0,KRBKRNvK,DRAW,8/r7/6R1/5K2/2k5/n7/6B1/8 w - - 0 1
0,1,0,0,0,0,0,1,-1,1,0,1,1,1,0,0,0,0,0,16,0,0,5,4,6,6,1,2,4,21,21,0,0,0,0,0,0,0,0,7,1,1,1,0,0,0,1,0,0,0,KRBKRNvK,DRAW,n7/BR2K3/8/8/8/8/6k1/5r2 b - - 0 1
1,1,0,0,0,0,0,1,-1,1,0,1,1,1,0,0,0,0,0,16,0,0,6,1,0,7,0,5,6,23,20,0,0,0,0,0,0,0,0,7,1,1,0,1,0,0,0,2,1,0,KRBKRNvK,DRAW,R7/8/8/8/7n/7B/4r3/1K5k w - - 0 1
0,1,0,0,0,0,0,1,-1,1,0,1,1,1,0,0,0,0,0,16,0,0,6,7,7,1,1,6,4,25,21,0,0,0,0,0,0,0,0,7,1,1,0,0,0,0,2,1,0,0,KRBKRNvK,DRAW,7K/8/8/B1n4R/8/1r6/1k6/8 b - - 0 1
1,1,0,0,0,0,0,1,-1,1,0,1,1,1,0,0,0,0,0,16,0,0,3,3,4,2,7,0,4,27,17,0,0,0,0,0,0,0,0,7,1,1,0,0,0,0,3,0,1,0,KRBKRNvK,DRAW,1Bk4r/8/n7/3K4/8/8/8/1R6 w - - 0 1
1,1,0,0,0,0,0,1,-1,1,0,1,1,1,0,0,0,0,0,16,0,0,3,5,3,3,6,1,2,26,26,0,0,0,0,0,0,0,0,7,1,1,0,0,0,0,3,0,1,1,KRBKRNvK,DRAW,1r6/3k4/8/2R4B/3n1K2/8/8/8 w - - 0 1
1,1,0,0,0,0,0,1,-1,1,0,1,1,1,0,0,0,0,0,16,0,0,6,0,4,6,7,3,5,18,25,0,0,0,0,0,0,0,0,7,1,1,1,0,0,0,0,2,0,0,KRBKRNvK,DRAW,6k1/R2B4/6n1/K7/8/4r3/8/8 w - - 0 1
1,1,0,0,0,0,0,1,-1,1,0,1,1,1,0,0,0,0,0,16,0,0,2,2,4,0,5,1,4,3,0,1,0,0,0,0,0,0,0,7,1,1,0,0,0,0,3,0,0,1,KRBKRNvK,DRAW,2r5/8/k7/2K5/4n2R/8/3B4/8 w - - 0 1
0,1,0,0,0,0,0,1,-1,1,0,1,1,1,0,0,0,0,0,16,0,0,3,3,1,6,1,2,4,27,25,0,0,0,0,0,0,0,0,7,1,1,0,0,0,0,2,1,0,1,KRBKRNvK,DRAW,8/4B3/8/8/3R4/6n1/3K2k1/1r6 b - - 0 1
0,1,0,0,0,0,0,1,-1,1,0,1,1,1,0,0,0,0,0,16,0,0,2,1,4,2,6,2,3,4,0,1,0,0,0,0,0,0,0,7,1,1,0,0,0,0,3,0,2,0,KRBKRNvK,DRAW,B4n1r/2k5/8/1KR5/8/8/8/8 b - - 0 1
0,1,0,0,0,0,0,1,-1,1,0,1,1,1,0,0,0,0,0,16,0,0,6,0,7,3,1,6,2,8,0,1,0,0,0,0,0,0,0,7,1,1,0,0,0,0,3,2,0,0,KRBKRNvK,DRAW,K2Rn3/8/8/8/7r/8/3k2B1/8 b - - 0 1
1,1,0,0,0,0,0,1,-1,1,0,1,1,1,0,0,0,0,0,16,0,0,6,4,6,4,0,2,3,29,18,0,0,0,0,0,0,0,0,7,1,1,0,0,0,0,0,2,1,0,KRBKRNvK,DRAW,8/4K3/8/8/8/5n1B/2R5/r3k3 w - - 0 1
1,1,0,0,0,0,0,1,-1,1,0,1,1,1,0,0,0,0,0,16,0,0,3,1,4,0,1,2,5,5,0,1,0,0,0,0,0,0,0,7,1,1,0,0,0,0,2,1,0,1,KRBKRNvK,DRAW,8/2n5/1RB2r2/1K6/8/8/k7/8 w - - 0 1
0,1,0,0,0,0,0,1,-1,1,0,1,1,1,0,0,0,0,0,16,0,0,4,2,1,0,5,3,4,25,24,0,0,0,0,0,0,0,0,7,1,1,0,0,0,0,3,2,1,0,KRBKRNvK,DRAW,6B1/4r3/k7/8/2R5/6n1/2K5/8 b - - 0 1
0,1,0,0,0,0,0,1,-1,1,0,1,1,1,0,0,0,0,0,16,0,0,3,2,3,3,6,1,2,22,22,0,0,0,0,0,0,0,0,7,1,1,0,0,0,0,2,0,0,0,KRBKRNvK,DRAW,8/3k4/7B/8/2K5/2R5/8/r3n3 b - - 0 1
1,1,0,0,0,0,0,1,-1,1,0,1,1,1,0,0,0,0,0,16,0,0,3,7,2,5,5,4,2,25,27,0,0,0,0,0,0,0,0,7,1,1,0,0,0,0,1,3,0,0,KRBKRNvK,DRAW,8/3r4/4nk2/8/8/7K/R7/1B6 w - - 0 1
1,1,0,0,0,0,0,1,-1,1,0,1,1,1,0,0,0,0,0,16,0,0,4,5,7,1,6,4,4,26,26,0,0,0,0,0,0,0,0,7,1,1,0,0,0,0,3,2,0,0,KRBKRNvK,DRAW,5K2/1k6/5B2/6R1/4r3/8/8/3n4 w - - 0 1
1,1,0,0,0,0,0,1,-1,1,0,1,1,1,0,0,0,0,0,16,0,0,5,5,0,0,4,4,3,25,15,0,0,0,0,0,0,0,0,7,1,1,0,0,0,0,1,0,0,0,KRBKRNvK,DRAW,2n5/r7/6R1/k7/8/6B1/8/5K2 w - - 0 1
1,1,0,0,0,0,0,1,-1,1,0,1,1,1,0,0,0,0,0,16,0,0,2,4,5,2,5,1,2,20,22,0,0,0,0,0,0,0,0,7,1,1,0,0,0,0,2,1,0,0,KRBKRNvK,DRAW,7r/8/2k1K3/8/8/B7/6n1/R7 w - - 0 1
1,1,0,0,0,0,0,1,-1,1,0,1,1,1,0,0,0,0,0,16,0,0,6,0,1,6,5,5,3,26,24,0,0,0,0,0,0,0,0,7,1,1,0,0,0,0,2,2,0,0,KRBKRNvK,DRAW,B7/8/6k1/5r2/5n2/8/K7/2R5 w - - 0 1
0,1,0,0,0,0,0,1,-1,1,0,1,1,1,0,0,0,0,0,16,0,0,6,4,6,3,0,2,3,6,0,1,0,0,0,0,0,0,0,7,1,1,0,0,0,0,2,2,0,0,KRBKRNvK,DRAW,8/4K3/Bn1R4/1r6/8/8/8/3k4 b - - 0 1
0,1,0,0,0,0,0,1,-1,1,0,1,1,1,0,0,0,0,0,16,0,0,2,4,4,6,2,0,3,24,16,0,0,0,0,0,0,0,0,7,1,1,0,0,0,0,4,3,0,0,KRBKRNvK,DRAW,5R2/8/5B2/4K3/8/6k1/5n2/3r4 b - - 0 1
0,1,0,0,0,0,0,1,-1,1,0,1,1,1,0,0,0,0,0,16,0,0,7,7,2,0,4,4,3,22,25,0,0,0,0,0,0,0,0,7,1,1,0,0,0,0,1,0,2,1,KRBKRNvK,DRAW,2n5/8/8/k7/8/1BR4K/8/5r2 b - - 0 1
0,1,0,0,0,0,0,1,-1,1,0,1,1,1,0,0,0,0,0,16,0,0,4,1,5,5,1,3,3,23,26,0,0,0,0,0,0,0,0,7,1,1,0,1,0,0,1,2,0,0,KRBKRNvK,DRAW,8/8/1KR1Bn2/8/8/8/5kr1/8 b - - 0 1
0,1,0,0,0,0,0,1,-1,1,0,1,1,1,0,0,0,0,0,16,0,0,2,6,5,4,4,3,0,13,25,0,0,0,0,0,0,0,0,7,1,1,0,0,0,0,2,4,1,1,KRBKRNvK,DRAW,8/8/6K1/1R1Bk2r/8/8/8/7n b - - 0 1
1,1,0,0,0,0,0,1,-1,1,0,1,1,1,0,0,0,0,0,16,0,0,5,7,6,4,1,5,2,6,0,1,0,0,0,0,0,0,0,7,1,1,0,0,0,0,3,0,0,0,KRBKRNvK,DRAW,8/r6K/8/1R6/8/8/4k3/B5n1 w - - 0 1
1,1,0,0,0,0,0,1,-1,1,0,1,1,1,0,0,0,0,0,16,0,0,7,6,7,1,0,5,5,26,22,0,0,0,0,0,0,0,0,7,1,1,0,0,0,0,2,2,0,0,KRBKRNvK,DRAW,3n2K1/8/8/3r4/6R1/8/5B2/1k6 w - - 0 1
0,1,0,0,0,0,0,1,-1,1,0,1,1,1,0,0,0,0,0,16,0,0,7,4,0,0,7,3,6,1,0,1,0,0,0,0,0,0,0,7,1,1,0,0,0,0,2,3,1,1,KRBKRNvK,DRAW,k1R5/3r4/8/8/8/6n1/8/4K2B b - - 0 1
1,1,0,0,0,0,0,1,-1,1,0,1,1,1,0,0,0,0,0,16,0,0,3,7,3,4,4,3,0,29,20,0,0,0,0,0,0,0,0,7,1,1,0,0,0,0,1,4,2,0,KRBKRNvK,DRAW,8/8/8/r3kB2/7K/2R5/8/5n2 w - - 0 1
0,1,0,0,0,0,0,1,-1,1,0,1,1,1,0,0,0,0,0,16,0,0,6,0,3,6,5,3,3,23,18,0,0,0,0,0,0,0,0,7,1,1,0,0,0,0,1,2,1,0,KRBKRNvK,DRAW,8/4r3/6k1/8/K3nR2/8/8/7B b - - 0 1
1,1,0,0,0,0,0,1,-1,1,0,1,1,1,0,0,0,0,0,16,0,0,3,3,3,0,6,0,5,21,20,0,0,0,0,0,0,0,0,7,1,1,0,0,0,0,4,0,1,0,KRBKRNvK,DRAW,8/k7/B7/8/3K3n/r7/3R4/8 w - - 0 1
0,1,0,0,0,0,0,1,-1,1,0,1,1,1,0,0,0,0,0,16,0,0,6,6,6,1,0,4,5,4,0,1,0,0,0,0,0,0,0,7,1,1,0,0,0,0,1,2,0,1,KRBKRNvK,LOSS,6R1/6K1/8/5r2/4B3/8/6n1/1k6 b - - 0 1
0,1,0,0,0,0,0,1,-1,1,0,1,1,1,0,0,0,0,0,16,0,0,5,1,6,6,6,4,4,23,28,0,0,0,0,0,0,0,0,7,1,1,0,0,0,0,3,0,0,0,KRBKRNvK,DRAW,5r2/1K4k1/8/8/2R5/6B1/8/n7 b - - 0 1
1,1,0,0,0,0,0,1,-1,1,0,1,1,1,0,0,0,0,0,16,0,0,5,2,1,2,6,3,3,24,24,0,0,0,0,0,0,0,0,7,1,1,0,0,0,0,2,1,0,0,KRBKRNvK,DRAW,8/2k5/8/8/5nr1/8/2K1R3/4B3 w - - 0 1
0,1,0,0,0,0,0,1,-1,1,0,1,1,1,0,0,0,0,0,16,0,0,6,5,0,4,6,4,2,6,0,1,0,0,0,0,0,0,0,7,1,1,1,0,0,0,0,2,1,0,KRBKRNvK,DRAW,8/2R1k3/8/7r/4n3/8/3B4/5K2 b - - 0 1
1,1,0,0,0,0,0,1,-1,1,0,1,1,1,0,0,0,0,0,16,0,0,3,4,6,1,5,2,3,28,24,0,0,0,0,0,0,0,0,7,1,1,0,0,0,0,2,2,0,0,KRBKRNvK,DRAW,8/4K3/1k6/1r6/8/3n4/7R/7B w - - 0 1
1,1,0,0,0,0,0,1,-1,1,0,1,1,1,0,0,0,0,0,16,0,0,2,4,5,3,7,1,3,27,20,0,0,0,0,0,0,0,0,7,1,1,0,1,0,0,3,0,0,0,KRBKRNvK,WIN,3k4/8/4K3/4B2R/n7/8/2r5/8 w - - 0 1
1,1,0,0,0,0,0,1,-1,1,0,1,1,1,0,0,0,0,0,16,0,0,3,4,5,1,3,1,2,6,0,1,0,0,0,0,0,0,0,7,1,1,0,0,0,0,3,0,2,1,KRBKRNvK,DRAW,3n4/8/1r1RK3/1B6/1k6/8/8/8 w - - 0 1
0,1,0,0,0,0,0,1,-1,1,0,1,1,1,0,0,0,0,0,16,0,0,4,2,6,6,5,3,3,6,0,1,0,0,0,0,0,0,0,7,1,1,0,0,0,0,2,2,1,0,KRBKRNvK,DRAW,8/2K5/4R1k1/8/8/8/8/3r1B1n b - - 0 1
1,1,0,0,0,0,0,1,-1,1,0,1,1,1,0,0,0,0,0,16,0,0,6,2,0,3,6,4,2,28,18,0,0,0,0,0,0,0,0,7,1,1,0,0,0,0,2,0,0,0,KRBKRNvK,DRAW,r5n1/3k4/8/8/8/6B1/4R3/2K5 w - - 0 1
0,1,0,0,0,0,0,1,-1,1,0,1,1,1,0,0,0,0,0,16,0,0,5,3,5,5,0,1,4,24,18,0,0,0,0,0,0,0,0,7,1,1,1,0,0,0,3,3,0,1,KRBKRNvK,DRAW,8/1B1R4/3K4/4r3/8/8/2n5/5k2 b - - 0 1
1,1,0,0,0,0,0,1,-1,1,0,1,1,1,0,0,0,0,0,16,0,0,3,7,4,6,7,3,5,24,25,0,0,0,0,0,0,0,0,7,1,1,0,0,0,0,1,0,1,0,KRBKRNvK,WIN,6k1/8/6B1/7K/3n4/8/2R5/1r6 w - - 0 1
1,1,0,0,0,0,0,1,-1,1,0,1,1,1,0,0,0,0,0,16,0,0,4,5,4,1,1,1,4,28,20,0,0,0,0,0,0,0,0,7,1,1,0,0,0,0,2,1,0,0,KRBKRNvK,DRAW,2R5/r7/Bn6/5K2/8/8/1k6/8 w - - 0 1
0,1,0,0,0,0,0,1,-1,1,0,1,1,1,0,0,0,0,0,16,0,0,4,1,6,5,2,4,2,26,23,0,0,0,0,0,0,0,0,7,1,1,1,0,0,0,0,2,0,0,KRBKRNvK,DRAW,8/1KR5/B7/8/6n1/5k2/8/4r3 b - - 0 1
0,1,0,0,0,0,0,1,-1,1,0,1,1,1,0,0,0,0,0,16,0,0,4,4,3,3,7,0,3,18,24,0,0,0,0,0,0,0,0,7,1,1,0,0,0,0,4,0,0,1,KRBKRNvK,DRAW,1n1k4/8/6r1/8/B1R1K3/8/8/8 b - - 0 1
1,1,0,0,0,0,0,1,-1,1,0,1,1,1,0,0,0,0,0,16,0,0,3,2,5,5,3,2,1,5,0,1,0,0,0,0,0,0,0,7,1,1,0,0,0,0,1,3,1,1,KRBKRNvK,DRAW,8/8/2K5/5r2/1n3k1B/R7/8/8 w - - 0 1
0,1,0,0,0,0,0,1,-1,1,0,1,1,1,0,0,0,0,0,16,0,0,5,3,2,7,7,1,6,6,21,0,0,0,0,0,0,0,0,7,1,1,0,0,0,0,3,2,0,1,KRBKRNvK,LOSS,7k/8/8/4r3/R2B4/3K4/n7/8 b - - 0 1
0,1,0,0,0,0,0,1,-1,1,0,1,1,1,0,0,0,0,0,16,0,0,4,1,3,1,7,2,5,23,22,0,0,0,0,0,0,0,0,7,1,1,0,0,0,0,2,1,0,0,KRBKRNvK,DRAW,1k6/7B/5rn1/8/1K1R4/8/8/8 b - - 0 1
0,1,0,0,0,0,0,1,-1,1,0,1,1,1,0,0,0,0,0,16,0,0,5,1,5,2,0,3,4,22,25,0,0,0,0,0,0,0,0,7,1,1,0,0,0,0,1,2,0,0,KRBKRNvK,DRAW,1B5R/8/1K6/8/5r2/8/8/2k2n2 b - - 0 1
0,1,0,0,0,0,0,1,-1,1,0,1,1,1,0,0,0,0,0,16,0,0,4,6,3,4,7,2,3,21,24,0,0,0,0,0,0,0,0,7,1,1,0,0,0,0,1,1,0,1,KRBKRNvK,DRAW,2r1k3/8/8/8/6K1/3B4/4n3/3R4 b - - 0 1
0,1,0,0,0,0,0,1,-1,1,0,1,1,1,0,0,0,0,0,16,0,0,2,5,3,7,5,1,4,26,23,0,0,0,0,0,0,0,0,7,1,1,0,0,0,0,2,1,0,0,KRBKRNvK,DRAW,8/B7/7k/2n5/5K2/8/4R3/1r6 b - - 0 1
1,1,0,0,0,0,0,1,-1,1,0,1,1,1,0,0,0,0,0,16,0,0,2,3,3,5,5,0,2,22,23,0,0,0,0,0,0,0,0,7,1,1,0,0,0,0,4,2,0,0,KRBKRNvK,DRAW,8/8/5k2/6r1/1B1K4/3R4/8/2n5 w - - 0 1
0,1,0,0,0,0,0,1,-1,1,0,1,1,1,0,0,0,0,0,16,0,0,4,7,1,7,5,5,4,21,26,0,0,0,0,0,0,0,0,7,1,1,1,0,0,0,1,2,0,0,KRBKRNvK,DRAW,4n3/1R6/7k/5r2/8/8/B6K/8 b - - 0 1
0,1,0,0,0,0,0,1,-1,1,0,1,1,1,0,0,0,0,0,16,0,0,6,1,1,3,7,4,3,27,23,0,0,0,0,0,0,0,0,7,1,1,0,0,0,0,2,1,0,0,KRBKRNvK,DRAW,3k4/8/2r5/5n2/R7/7B/1K6/8 b - - 0 1
1,1,0,0,0,0,0,1,-1,1,0,1,1,1,0,0,0,0,0,16,0,0,4,0,6,2,2,5,2,31,20,0,0,0,0,0,0,0,0,7,1,1,1,0,0,0,1,2,1,0,KRBKRNvK,DRAW,8/K4R2/8/8/4B3/n1k5/8/4r3 w - - 0 1
1,1,0,0,0,0,0,1,-1,1,0,1,1,1,0,0,0,0,0,16,0,0,4,4,2,7,6,1,5,25,19,0,0,0,0,0,0,0,0,7,1,1,0,0,0,0,3,0,0,0,KRBKRNvK,DRAW,2B2r2/7k/3R4/8/8/4K3/1n6/8 w - - 0 1
0,1,0,0,0,0,0,1,-1,1,0,1,1,1,0,0,0,0,0,16,0,0,5,6,6,1,2,4,3,21,30,0,0,0,0,0,0,0,0,7,1,1,0,0,0,0,3,2,1,0,KRBKRNvK,DRAW,1n6/6K1/1B6/R7/2r5/1k6/8/8 b - - 0 1
0,1,0,0,0,0,0,1,-1,1,0,1,1,1,0,0,0,0,0,16,0,0,3,4,7,1,5,3,3,19,22,0,0,0,0,0,0,0,0,7,1,1,0,0,0,0,3,1,0,0,KRBKRNvK,DRAW,4K3/1r6/1k6/1n6/6R1/8/6B1/8 b - - 0 1
0,1,0,0,0,0,0,1,-1,1,0,1,1,1,0,0,0,0,0,16,0,0,4,3,4,5,0,0,4,24,22,0,0,0,0,0,0,0,0,7,1,1,0,0,0,0,3,3,0,2,KRBKRNvK,DRAW,2B5/8/2n4R/3K4/2r5/8/8/5k2 b - - 0 1
0,1,0,0,0,0,0,1,-1,1,0,1,1,1,0,0,0,0,0,16,0,0,5,2,1,7,4,3,3,3,0,1,0,0,0,0,0,0,0,7,1,1,1,0,0,0,2,0,1,0,KRBKRNvK,DRAW,1r6/7R/8/7k/8/8/1BK5/6n1 b - - 0 1
0,1,0,0,0,0,0,1,-1,1,0,1,1,1,0,0,0,0,0,16,0,0,3,3,5,6,7,1,5,20,24,0,0,0,0,0,0,0,0,7,1,1,0,0,0,0,3,2,0,1,KRBKRNvK,DRAW,6k1/8/3K4/7R/4r3/8/2B4n/8 b - - 0 1
1,1,0,0,0,0,0,1,-1,1,0,1,1,1,0,0,0,0,0,16,0,0,3,4,5,1,2,1,3,25,25,0,0,0,0,0,0,0,0,7,1,1,0,0,0,0,3,2,0,1,KRBKRNvK,DRAW,Bn6/8/4K3/2r5/8/1k6/8/5R2 w - - 0 1
0,1,0,0,0,0,0,1,-1,1,0,1,1,1,0,0,0,0,0,16,0,0,4,3,6,1,2,2,3,29,22,0,0,0,0,0,0,0,0,7,1,1,0,0,0,0,0,3,0,2,KRBKRNvK,DRAW,8/3K4/3n4/2r5/8/1k6/4B1R1/8 b - - 0 1
0,1,0,0,0,0,0,1,-1,1,0,1,1,1,0,0,0,0,0,16,0,0,3,3,6,6,4,2,2,24,31,0,0,0,0,0,0,0,0,7,1,1,0,0,0,0,2,2,0,0,KRBKRNvK,DRAW,8/3K2n1/8/6k1/1r6/3B4/8/4R3 b - - 0 1
0,1,0,0,0,0,0,1,-1,1,0,1,1,1,0,0,0,0,0,16,0,0,6,7,7,1,7,6,5,15,26,0,0,0,0,0,0,0,0,7,1,1,0,0,0,0,2,0,0,0,KRBKRNvK,DRAW,rk5K/4B3/8/8/6R1/8/8/4n3 b - - 0 1
1,1,0,0,0,0,0,1,-1,1,0,1,1,1,0,0,0,0,0,16,0,0,5,7,5,2,5,4,2,4,0,1,0,0,0,0,0,0,0,7,1,1,0,0,0,0,1,2,1,1,KRBKRNvK,DRAW,6n1/8/2kr3K/8/2B5/8/2R5/8 w - - 0 1
1,1,0,0,0,0,0,1,-1,1,0,1,1,1,0,0,0,0,0,16,0,0,5,5,2,0,2,2,4,6,0,1,0,0,0,0,0,0,0,7,1,1,0,0,0,0,3,2,0,1,KRBKRNvK,DRAW,8/6B1/8/8/8/kn1r1K2/8/6R1 w - - 0 1
1,1,0,0,0,0,0,1,-1,1,0,1,1,1,0,0,0,0,0,16,0,0,6,5,6,2,0,3,4,28,22,0,0,0,0,0,0,0,0,7,1,1,0,0,0,0,1,2,0,1,KRBKRNvK,DRAW,1n6/5K2/8/4r3/8/7R/5B2/2k5 w - - 0 1
1,1,0,0,0,0,0,1,-1,1,0,1,1,1,0,0,0,0,0,16,0,0,2,6,7,5,5,5,2,1,0,1,0,0,0,0,0,0,0,7,1,1,0,0,0,0,1,2,0,1,KRBKRNvK,DRAW,4r1K1/1n6/5k2/8/8/2R5/8/1B6 w - - 0 1
1,1,0,0,0,0,0,1,-1,1,0,1,1,1,0,0,0,0,0,16,0,0,4,4,4,7,0,0,6,5,0,1,0,0,0,0,0,0,0,7,1,1,0,0,0,0,3,1,0,2,KRBKRNvK,DRAW,2R5/8/8/2B1K1r1/8/3n4/8/7k w - - 0 1
1,1,0,0,0,0,0,1,-1,1,0,1,1,1,0,0,0,0,0,16,0,0,5,2,0,1,5,4,3,2,0,1,0,0,0,0,0,0,0,7,1,1,0,0,0,0,2,0,0,0,KRBKRNvK,DRAW,8/8/1k3B2/8/3n4/8/3R4/2K3r1 w - - 0 1
0,1,0,0,0,0,0,1,-1,1,0,1,1,1,0,0,0,0,0,16,0,0,5,1,0,1,5,5,3,7,0,1,0,0,0,0,0,0,0,7,1,1,0,1,0,0,1,3,1,0,KRBKRNvK,DRAW,8/8/1k4R1/1n6/2B5/8/4r3/1K6 b - - 0 1
1,1,0,0,0,0,0,1,-1,1,0,1,1,1,0,0,0,0,0,16,0,0,5,2,6,4,1,3,2,30,19,0,0,0,0,0,0,0,0,7,1,1,0,0,0,0,3,2,1,0,KRBKRNvK,DRAW,8/2K5/3R4/5r2/8/8/4k1B1/6n1 w - - 0 1
0,1,0,0,0,0,0,1,-1,1,0,1,1,1,0,0,0,0,0,16,0,0,6,0,0,6,0,6,5,7,22,0,0,0,0,0,0,0,0,7,1,1,0,0,0,0,0,0,1,0,KRBKRNvK,DRAW,8/8/8/8/7n/8/R7/K3B1kr b - - 0 1
1,1,0,0,0,0,0,1,-1,1,0,1,1,1,0,0,0,0,0,16,0,0,4,5,6,7,2,3,4,26,25,0,0,0,0,0,0,0,0,7,1,1,0,0,0,0,2,2,0,0,KRBKRNvK,DRAW,7B/5K2/8/8/4r3/5n1k/R7/8 w - - 0 1
0,1,0,0,0,0,0,1,-1,1,0,1,1,1,0,0,0,0,0,16,0,0,3,4,7,1,5,3,3,29,14,0,0,0,0,0,0,0,0,7,1,1,0,0,0,0,0,3,0,1,KRBKRNvK,DRAW,4K3/8/1kn5/8/5r2/6B1/6R1/8 b - - 0 1
1,1,0,0,0,0,0,1,-1,1,0,1,1,1,0,0,0,0,0,16,0,0,4,3,3,1,7,0,5,6,0,1,0,0,0,0,0,0,0,7,1,1,0,0,0,0,3,2,0,1,KRBKRNvK,DRAW,1k5n/8/8/3B4/3K1r2/8/8/R7 w - - 0 1
0,1,0,0,0,0,0,1,-1,1,0,1,1,1,0,0,0,0,0,16,0,0,5,6,5,7,0,3,6,3,0,1,0,0,0,0,0,0,0,7,1,1,0,1,0,0,1,2,0,1,KRBKRNvK,DRAW,8/6n1/6K1/8/8/1B6/4r3/2R4k b - - 0 1
0,1,0,0,0,0,0,1,-1,1,0,1,1,1,0,0,0,0,0,16,0,0,2,3,5,4,3,1,0,20,24,0,0,0,0,0,0,0,0,7,1,1,0,0,0,0,2,3,0,1,KRBKRNvK,DRAW,6n1/8/3K4/2r5/4k3/8/B7/5R2 b - - 0 1
1,1,0,0,0,0,0,1,-1,1,0,1,1,1,0,0,0,0,0,16,0,0,2,6,3,5,5,2,2,26,26,0,0,0,0,0,0,0,0,7,1,1,0,0,0,0,3,3,0,1,KRBKRNvK,DRAW,8/8/5k2/2r5/6K1/3R4/4n1B1/8 w - - 0 1
0,1,0,0,0,0,0,1,-1,1,0,1,1,1,0,0,0,0,0,16,0,0,3,7,2,4,2,4,1,7,0,1,0,0,0,0,0,0,0,7,1,1,0,0,0,0,0,2,0,1,KRBKRNvK,LOSS,8/8/8/7B/n5r1/1R2k2K/8/8 b - - 0 1
0,1,0,0,0,0,0,1,-1,1,0,1,1,1,0,0,0,0,0,16,0,0,3,3,4,6,6,0,4,24,29,0,0,0,0,0,0,0,0,7,1,1,0,0,0,0,3,0,0,0,KRBKRNvK,DRAW,5r2/6k1/8/3K4/8/4R3/8/3B2n1 b - - 0 1
0,1,0,0,0,0,0,1,-1,1,0,1,1,1,0,0,0,0,0,16,0,0,3,2,0,2,3,4,1,7,0,1,0,0,0,0,0,0,0,7,1,1,0,0,0,0,2,2,0,0,KRBKRNvK,DRAW,8/r7/8/5n2/2k2R2/8/7B/2K5 b - - 0 1
0,1,0,0,0,0,0,1,-1,1,0,1,1,1,0,0,0,0,0,16,0,0,4,5,0,1,4,4,2,23,21,0,0,0,0,0,0,0,0,7,1,1,1,0,0,0,2,2,0,0,KRBKRNvK,DRAW,5B2/4R3/8/1k1r3n/8/8/8/5K2 b - - 0 1
0,1,0,0,0,0,0,1,-1,1,0,1,1,1,0,0,0,0,0,16,0,0,6,6,0,0,3,5,3,21,18,0,0,0,0,0,0,0,0,7,1,1,0,1,0,0,2,1,0,0,KRBKRNvK,DRAW,1R6/1B6/1n6/8/k7/8/1r6/6K1 b - - 0 1
1,1,0,0,0,0,0,1,-1,1,0,1,1,1,0,0,0,0,0,16,0,0,2,2,6,0,7,3,6,19,20,0,0,0,0,0,0,0,0,7,1,1,1,0,0,0,1,3,0,0,KRBKRNvK,WIN,k7/2K2R2/8/8/5B2/3r4/5n2/8 w - - 0 1
0,1,0,0,0,0,0,1,-1,1,0,1,1,1,0,0,0,0,0,16,0,0,5,3,1,0,6,2,5,3,0,1,0,0,0,0,0,0,0,7,1,1,0,0,0,0,1,1,2,0,KRBKRNvK,DRAW,8/k7/2R4r/2B3n1/8/8/3K4/8 b - - 0 1
1,1,0,0,0,0,0,1,-1,1,0,1,1,1,0,0,0,0,0,16,0,0,4,7,3,7,7,3,6,22,17,0,0,0,0,0,0,0,0,7,1,1,1,0,0,0,2,2,0,0,KRBKRNvK,DRAW,6nk/4R3/8/3r4/7K/B7/8/8 w - - 0 1
0,1,0,0,0,0,0,1,-1,1,0,1,1,1,0,0,0,0,0,16,0,0,4,5,0,5,4,4,1,24,24,0,0,0,0,0,0,0,0,7,1,1,1,0,0,0,2,2,0,1,KRBKRNvK,DRAW,4n3/1R6/8/5k2/8/6r1/1B6/5K2 b - - 0 1
0,1,0,0,0,0,0,1,-1,1,0,1,1,1,0,0,0,0,0,16,0,0,4,2,3,6,3,1,2,27,18,0,0,0,0,0,0,0,0,7,1,1,0,1,0,0,3,2,0,2,KRBKRNvK,DRAW,8/8/2B5/1n6/1RK3k1/8/3r4/8 b - - 0 1
0,1,0,0,0,0,0,1,-1,1,0,1,1,1,0,0,0,0,0,16,0,0,4,3,6,6,2,2,3,27,18,0,0,0,0,0,0,0,0,7,1,1,0,0,0,0,0,2,2,1,KRBKRNvK,DRAW,8/3K4/8/5r2/8/4n1k1/8/4R1B1 b - - 0 1
1,1,0,0,0,0,0,1,-1,1,0,1,1,1,0,0,0,0,0,16,0,0,3,3,3,0,6,0,5,7,0,1,0,0,0,0,0,0,0,7,1,1,0,0,0,0,3,2,0,0,KRBKRNvK,DRAW,n5B1/k7/8/8/3K3r/8/6R1/8 w - - 0 1
0,1,0,0,0,0,0,1,-1,1,0,1,1,1,0,0,0,0,0,16,0,0,4,4,4,0,0,0,6,22,21,0,0,0,0,0,0,0,0,7,1,1,0,0,0,0,4,1,0,0,KRBKRNvK,WIN,7r/8/1B6/1R2K3/8/1n6/8/k7 b - - 0 1
0,1,0,0,0,0,0,1,-1,1,0,1,1,1,0,0,0,0,0,16,0,0,2,4,3,6,2,0,3,5,0,1,0,0,0,0,0,0,0,7,1,1,0,0,0,0,3,0,1,0,KRBKRNvK,DRAW,3R4/8/7r/4B3/4K3/6kn/8/8 b - - 0 1
0,1,0,0,0,0,0,1,-1,1,0,1,1,1,0,0,0,0,0,16,0,0,2,4,1,2,3,2,1,21,24,0,0,0,0,0,0,0,0,7,1,1,0,0,0,0,0,2,0,0,KRBKRNvK,WIN,8/8/6R1/8/2k5/1r5n/4K3/4B3 b - - 0 1
1,1,0,0,0,0,0,1,-1,1,0,1,1,1,0,0,0,0,0,16,0,0,3,3,3,6,3,0,2,4,0,1,0,0,0,0,0,0,0,7,1,1,1,0,0,0,4,3,0,1,KRBKRNvK,DRAW,8/3R4/2n5/r7/2BK2k1/8/8/8 w - - 0 1
1,1,0,0,0,0,0,1,-1,1,0,1,1,1,0,0,0,0,0,16,0,0,2,3,2,1,3,1,2,22,24,0,0,0,0,0,0,0,0,7,1,1,0,0,0,0,3,1,0,1,KRBKRNvK,DRAW,8/8/6r1/8/1k6/1n1K3R/6B1/8 w - - 0 1
1,1,0,0,0,0,0,1,-1,1,0,1,1,1,0,0,0,0,0,16,0,0,5,6,1,5,6,4,3,30,24,0,0,0,0,0,0,0,0,7,1,1,0,0,0,0,0,3,1,0,KRBKRNvK,DRAW,8/5k2/8/2r3B1/8/1n6/6K1/7R w - - 0 1
1,1,0,0,0,0,0,1,-1,1,0,1,1,1,0,0,0,0,0,16,0,0,6,5,6,1,0,3,5,7,0,1,0,0,0,0,0,0,0,7,1,1,0,0,0,0,0,0,0,0,KRBKRNvK,DRAW,8/2r2K2/8/8/6B1/n7/5R2/1k6 w - - 0 1
0,1,0,0,0,0,0,1,-1,1,0,1,1,1,0,0,0,0,0,16,0,0,4,3,3,7,2,0,4,24,23,0,0,0,0,0,0,0,0,7,1,1,0,0,0,0,3,2,0,0,KRBKRNvK,DRAW,4r3/8/8/6n1/1B1K4/7k/8/1R6 b - - 0 1
1,1,0,0,0,0,0,1,-1,1,0,1,1,1,0,0,0,0,0,16,0,0,3,5,6,2,6,3,3,26,30,0,0,0,0,0,0,0,0,7,1,1,0,1,0,0,2,1,0,0,KRBKRNvK,DRAW,8/2k2K2/7B/8/7R/3n4/r7/8 w - - 0 1
0,1,0,0,0,0,0,1,-1,1,0,1,1,1,0,0,0,0,0,16,0,0,6,6,6,3,0,4,3,24,22,0,0,0,0,0,0,0,0,7,1,1,0,0,0,0,0,1,0,0,KRBKRNvK,DRAW,8/2B3K1/3n4/8/8/5r2/6R1/3k4 b - - 0 1
0,1,0,0,0,0,0,1,-1,1,0,1,1,1,0,0,0,0,0,16,0,0,5,0,7,5,3,6,1,15,26,0,0,0,0,0,0,0,0,7,1,1,0,0,0,0,0,2,0,0,KRBKRNvK,DRAW,K7/3B4/8/7n/5k2/2R5/8/5r2 b - - 0 1
0,1,0,0,0,0,0,1,-1,1,0,1,1,1,0,0,0,0,0,16,0,0,6,4,0,4,6,3,2,25,27,0,0,0,0,0,0,0,0,7,1,1,0,0,0,0,3,0,0,0,KRBKRNvK,DRAW,2r5/4k3/7n/8/1R3B2/8/8/4K3 b - - 0 1
0,1,0,0,0,0,0,1,-1,1,0,1,1,1,0,0,0,0,0,16,0,0,3,4,3,4,0,0,3,23,20,0,0,0,0,0,0,0,0,7,1,1,1,0,0,0,3,0,0,1,KRBKRNvK,DRAW,8/Rn6/5r2/8/4K3/8/7B/4k3 b - - 0 1
0,1,0,0,0,0,0,1,-1,1,0,1,1,1,0,0,0,0,0,16,0,0,5,5,2,0,2,2,4,20,25,0,0,0,0,0,0,0,0,7,1,1,0,0,0,0,3,1,0,1,KRBKRNvK,DRAW,8/r7/8/8/8/k4K2/3RnB2/8 b - - 0 1
0,1,0,0,0,0,0,1,-1,1,0,1,1,1,0,0,0,0,0,16,0,0,2,5,1,7,1,3,5,17,31,0,0,0,0,0,0,0,0,7,1,1,0,0,0,0,1,0,0,0,KRBKRNvK,DRAW,1n6/8/6r1/8/4B3/1R6/5K1k/8 b - - 0 1
0,1,0,0,0,0,0,1,-1,1,0,1,1,1,0,0,0,0,0,16,0,0,6,0,6,0,0,5,6,3,0,1,0,0,0,0,0,0,0,7,1,1,0,0,0,0,0,2,0,0,KRBKRNvK,DRAW,5n2/K3B3/8/8/8/4r3/8/k5R1 b - - 0 1
0,1,0,0,0,0,0,1,-1,1,0,1,1,1,0,0,0,0,0,16,0,0,4,6,6,4,2,4,1,22,21,0,0,0,0,0,0,0,0,7,1,1,0,0,0,0,2,3,1,1,KRBKRNvK,DRAW,6B1/6K1/4r3/1n6/2R5/4k3/8/8 b - - 0 1
1,1,0,0,0,0,0,1,-1,1,0,1,1,1,0,0,0,0,0,16,0,0,4,0,1,4,3,5,0,19,17,0,0,0,0,0,0,0,0,7,1,1,0,0,0,0,0,4,1,0,KRBKRNvK,WIN,4r3/8/8/8/4k3/5R2/K7/3n3B w - - 0 1
0,1,0,0,0,0,0,1,-1,1,0,1,1,1,0,0,0,0,0,16,0,0,5,5,2,1,7,2,5,4,0,1,0,0,0,0,0,0,0,7,1,1,0,0,0,0,2,0,0,0,KRBKRNvK,LOSS,1k4nr/8/5R2/4B3/8/5K2/8/8 b - - 0 1
0,1,0,0,0,0,0,1,-1,1,0,1,1,1,0,0,0,0,0,16,0,0,2,4,7,5,5,3,2,4,0,1,0,0,0,0,0,0,0,7,1,1,1,1,0,0,0,1,1,0,KRBKRNvK,DRAW,3BK3/R7/5k2/8/8/8/r7/2n5 b - - 0 1
1,1,0,0,0,0,0,1,-1,1,0,1,1,1,0,0,0,0,0,16,0,0,5,7,4,2,1,3,3,26,22,0,0,0,0,0,0,0,0,7,1,1,0,0,0,0,2,0,0,0,KRBKRNvK,DRAW,8/8/n2B4/3R3K/8/8/2k5/1r6 w - - 0 1
0,1,0,0,0,0,0,1,-1,1,0,1,1,1,0,0,0,0,0,16,0,0,5,1,5,1,0,3,5,19,24,0,0,0,0,0,0,0,0,7,1,1,0,1,0,0,2,0,1,0,KRBKRNvK,DRAW,8/8/1K6/2R5/8/B6n/5r2/1k6 b - - 0 1
0,1,0,0,0,0,0,1,-1,1,0,1,1,1,0,0,0,0,0,16,0,0,6,2,6,5,0,3,4,16,24,0,0,0,0,0,0,0,0,7,1,1,0,0,0,0,3,0,0,2,KRBKRNvK,DRAW,r7/2K5/8/n5R1/8/8/8/1B3k2 b - - 0 1
0,1,0,0,0,0,0,1,-1,1,0,1,1,1,0,0,0,0,0,16,0,0,5,2,4,7,6,1,5,2,0,1,0,0,0,0,0,0,0,7,1,1,0,0,0,0,3,0,0,1,KRBKRNvK,LOSS,8/7k/8/2K1n3/8/8/2B5/6rR b - - 0 1
0,1,0,0,0,0,0,1,-1,1,0,1,1,1,0,0,0,0,0,16,0,0,3,1,7,2,4,5,1,7,0,1,0,0,0,0,0,0,0,7,1,1,0,0,0,0,1,3,1,1,KRBKRNvK,DRAW,1K5R/3r4/6n1/2k5/8/4B3/8/8 b - - 0 1
1,1,0,0,0,0,0,1,-1,1,0,1,1,1,0,0,0,0,0,16,0,0,5,0,0,2,5,6,2,2,0,1,0,0,0,0,0,0,0,7,1,1,0,0,0,0,1,2,1,0,KRBKRNvK,DRAW,1B6/8/2k5/8/7n/8/7R/K2r4 w - - 0 1
1,1,0,0,0,0,0,1,-1,1,0,1,1,1,0,0,0,0,0,16,0,0,2,3,5,3,7,1,3,24,19,0,0,0,0,0,0,0,0,7,1,1,0,0,0,0,3,0,1,1,KRBKRNvK,DRAW,2Bk4/2r5/3K4/7n/8/8/4R3/8 w - - 0 1
1,1,0,0,0,0,0,1,-1,1,0,1,1,1,0,0,0,0,0,16,0,0,7,2,0,7,7,4,6,3,0,1,0,0,0,0,0,0,0,7,1,1,0,0,0,0,2,1,0,0,KRBKRNvK,DRAW,7k/3Bn3/8/1R6/8/8/8/2K2r2 w - - 0 1
1,1,0,0,0,0,0,1,-1,1,0,1,1,1,0,0,0,0,0,16,0,0,2,5,5,7,3,2,3,6,0,1,0,0,0,0,0,0,0,7,1,1,0,1,0,0,1,0,0,1,KRBKRNvK,LOSS,5B2/8/5K2/7n/7k/8/2R4r/8 w - - 0 1
1,1,0,0,0,0,0,1,-1,1,0,1,1,1,0,0,0,0,0,16,0,0,4,5,2,6,6,2,4,7,0,1,0,0,0,0,0,0,0,7,1,1,0,0,0,0,2,0,0,1,KRBKRNvK,DRAW,2R5/2r3k1/8/8/8/5K2/7B/4n3 w - - 0 1
0,1,0,0,0,0,0,1,-1,1,0,1,1,1,0,0,0,0,0,16,0,0,5,6,1,1,0,4,5,22,17,0,0,0,0,0,0,0,0,7,1,1,0,0,0,0,0,2,0,1,KRBKRNvK,DRAW,8/8/8/8/3r4/8/6K1/1k3BnR b - - 0 1
0,1,0,0,0,0,0,1,-1,1,0,1,1,1,0,0,0,0,0,16,0,0,6,1,6,1,0,4,5,20,25,0,0,0,0,0,0,0,0,7,1,1,0,0,0,0,2,2,0,2,KRBKRNvK,DRAW,1n6/BK6/3r4/8/2R5/8/8/1k6 b - - 0 1
1,1,0,0,0,0,0,1,-1,1,0,1,1,1,0,0,0,0,0,16,0,0,3,7,4,5,1,3,3,27,23,0,0,0,0,0,0,0,0,7,1,1,0,0,0,0,2,1,0,1,KRBKRNvK,DRAW,8/3B4/8/2R4K/8/1n3r2/5k2/8 w - - 0 1
1,1,0,0,0,0,0,1,-1,1,0,1,1,1,0,0,0,0,0,16,0,0,3,0,2,3,0,4,3,6,0,1,0,0,0,0,0,0,0,7,1,1,0,0,0,0,2,1,0,0,KRBKRNvK,DRAW,8/8/3n4/4RB2/8/K4r2/8/3k4 w - - 0 1
0,1,0,0,0,0,0,1,-1,1,0,1,1,1,0,0,0,0,0,16,0,0,3,4,3,7,4,0,3,22,26,0,0,0,0,0,0,0,0,7,1,1,0,0,0,0,4,0,0,0,KRBKRNvK,DRAW,8/6r1/8/7k/4K3/8/n1B5/3R4 b - - 0 1
1,1,0,0,0,0,0,1,-1,1,0,1,1,1,0,0,0,0,0,16,0,0,5,5,1,1,6,3,4,31,23,0,0,0,0,0,0,0,0,7,1,1,0,0,0,0,2,2,1,0,KRBKRNvK,DRAW,3r4/1k6/8/2B5/7R/8/n4K2/8 w - - 0 1
0,1,0,0,0,0,0,1,-1,1,0,1,1,1,0,0,0,0,0,16,0,0,3,7,4,4,2,3,1,26,26,0,0,0,0,0,0,0,0,7,1,1,0,0,0,0,1,2,1,1,KRBKRNvK,DRAW,6R1/8/5r2/7K/2B1n3/4k3/8/8 b - - 0 1
0,1,0,0,0,0,0,1,-1,1,0,1,1,1,0,0,0,0,0,16,0,0,5,5,3,0,6,1,5,21,26,0,0,0,0,0,0,0,0,7,1,1,0,0,0,0,2,0,0,0,KRBKRNvK,DRAW,5R2/k7/8/8/5KB1/n7/8/2r5 b - - 0 1
0,1,0,0,0,0,0,1,-1,1,0,1,1,1,0,0,0,0,0,16,0,0,5,6,0,5,5,5,2,4,0,1,0,0,0,0,0,0,0,7,1,1,0,1,0,0,2,1,2,1,KRBKRNvK,DRAW,8/3n4/5k1B/8/5R2/8/7r/6K1 b - - 0 1
0,1,0,0,0,0,0,1,-1,1,0,1,1,1,0,0,0,0,0,16,0,0,2,4,6,6,7,2,5,1,0,1,0,0,0,0,0,0,0,7,1,1,0,0,0,0,2,2,1,0,KRBKRNvK,DRAW,5Rk1/4K3/7n/8/8/8/8/B2r4 b - - 0 1
1,1,0,0,0,0,0,1,-1,1,0,1,1,1,0,0,0,0,0,16,0,0,6,0,0,6,2,6,3,18,29,0,0,0,0,0,0,0,0,7,1,1,0,0,0,0,2,1,0,0,KRBKRNvK,DRAW,3RB3/1r6/8/5n2/8/6k1/8/K7 w - - 0 1
0,1,0,0,0,0,0,1,-1,1,0,1,1,1,0,0,0,0,0,16,0,0,4,1,7,5,6,5,3,5,0,1,0,0,0,0,0,0,0,7,1,1,1,0,0,0,0,1,1,0,KRBKRNvK,DRAW,1K6/1R3k1r/7B/8/8/8/3n4/8 b - - 0 1
0,1,0,0,0,0,0,1,-1,1,0,1,1,1,0,0,0,0,0,16,0,0,2,7,3,5,4,3,1,17,22,0,0,0,0,0,0,0,0,7,1,1,0,0,0,0,2,2,0,1,KRBKRNvK,DRAW,2n1R3/8/8/5k2/1B5K/5r2/8/8 b - - 0 1
0,1,0,0,0,0,0,1,-1,1,0,1,1,1,0,0,0,0,0,16,0,0,2,4,7,6,6,3,4,6,0,1,0,0,0,0,0,0,0,7,1,1,0,0,0,0,2,3,0,0,KRBKRNvK,DRAW,4K3/1B4k1/8/5r2/8/8/4n1R1/8 b - - 0 1
0,1,0,0,0,0,0,1,-1,1,0,1,1,1,0,0,0,0,0,16,0,0,3,0,4,0,7,3,6,20,21,0,0,0,0,0,0,0,0,7,1,1,0,0,0,0,1,2,0,0,KRBKRNvK,DRAW,k7/8/8/K1B4n/3r4/8/R7/8 b - - 0 1
0,1,0,0,0,0,0,1,-1,1,0,1,1,1,0,0,0,0,0,16,0,0,4,4,0,5,4,3,1,26,21,0,0,0,0,0,0,0,0,7,1,1,0,0,0,0,0,2,0,1,KRBKRNvK,DRAW,R7/7r/8/5k2/B7/8/8/2n1K3 b - - 0 1
0,1,0,0,0,0,0,1,-1,1,0,1,1,1,0,0,0,0,0,16,0,0,3,3,1,6,0,2,5,21,22,0,0,0,0,0,0,0,0,7,1,1,1,0,0,0,3,2,0,1,KRBKRNvK,DRAW,8/3R4/6B1/8/4r3/8/3K4/n5k1 b - - 0 1
1,1,0,0,0,0,0,1,-1,1,0,1,1,1,0,0,0,0,0,16,0,0,4,2,4,6,0,1,5,7,0,1,0,0,0,0,0,0,0,7,1,1,0,0,0,0,3,3,1,2,KRBKRNvK,DRAW,8/7B/4n3/2K5/8/4r2R/8/6k1 w - - 0 1
0,1,0,0,0,0,0,1,-1,1,0,1,1,1,0,0,0,0,0,16,0,0,4,1,5,5,6,3,3,20,21,0,0,0,0,0,0,0,0,7,1,1,0,0,0,0,0,2,1,0,KRBKRNvK,DRAW,1R6/5k2/1K5B/8/8/4r3/8/n7 b - - 0 1
1,1,0,0,0,0,0,1,-1,1,0,1,1,1,0,0,0,0,0,16,0,0,3,2,7,1,4,4,2,24,22,0,0,0,0,0,0,0,0,7,1,1,0,0,0,0,2,2,0,0,KRBKRNvK,DRAW,2K5/8/8/1k6/8/8/1B3R2/3rn3 w - - 0 1
1,1,0,0,0,0,0,1,-1,1,0,1,1,1,0,0,0,0,0,16,0,0,3,5,3,6,6,1,4,25,19,0,0,0,0,0,0,0,0,7,1,1,0,0,0,0,3,0,1,0,KRBKRNvK,DRAW,3n4/1r4k1/5R2/8/5K2/8/8/6B1 w - - 0 1
0,1,0,0,0,0,0,1,-1,1,0,1,1,1,0,0,0,0,0,16,0,0,5,5,6,5,1,3,3,6,0,1,0,0,0,0,0,0,0,7,1,1,0,0,0,0,2,0,1,0,KRBKRNvK,DRAW,n7/5K2/r7/8/8/8/5k1R/B7 b - - 0 1
1,1,0,0,0,0,0,1,-1,1,0,1,1,1,0,0,0,0,0,16,0,0,2,4,4,2,4,0,1,2,0,1,0,0,0,0,0,0,0,7,1,1,0,0,0,0,3,4,1,1,KRBKRNvK,DRAW,R7/1B6/8/2k1K3/1r4n1/8/8/8 w - - 0 1
0,1,0,0,0,0,0,1,-1,1,0,1,1,1,0,0,0,0,0,16,0,0,7,2,7,2,0,4,4,3,0,1,0,0,0,0,0,0,0,7,1,1,0,0,0,0,2,1,1,0,KRBKRNvK,DRAW,B1K5/8/6n1/8/8/6r1/8/R1k5 b - - 0 1
0,1,0,0,0,0,0,1,-1,1,0,1,1,1,0,0,0,0,0,16,0,0,5,2,6,7,3,3,3,4,0,1,0,0,0,0,0,0,0,7,1,1,0,1,0,0,2,0,0,0,KRBKRNvK,LOSS,8/2K5/8/4B3/R6k/8/1r6/2n5 b - - 0 1
0,1,0,0,0,0,0,1,-1,1,0,1,1,1,0,0,0,0,0,16,0,0,3,2,5,4,2,2,1,3,0,1,0,0,0,0,0,0,0,7,1,1,0,0,0,0,1,3,2,1,KRBKRNvK,DRAW,8/8/2K5/8/4r3/4k3/2R5/2B1n3 b - - 0 1
0,1,0,0,0,0,0,1,-1,1,0,1,1,1,0,0,0,0,0,16,0,0,3,3,1,0,0,2,6,2,0,1,0,0,0,0,0,0,0,7,1,1,1,0,0,0,1,2,0,0,KRBKRNvK,DRAW,8/R6B/7n/7r/8/8/3K4/k7 b - - 0 1
0,1,0,0,0,0,0,1,-1,1,0,1,1,1,0,0,0,0,0,16,0,0,4,0,7,2,3,6,1,2,0,1,0,0,0,0,0,0,0,7,1,1,0,0,0,0,2,3,1,0,KRBKRNvK,DRAW,K7/6B1/8/1r6/2k5/2R5/6n1/8 b - - 0 1
1,1,0,0,0,0,0,1,-1,1,0,1,1,1,0,0,0,0,0,16,0,0,4,5,5,1,6,2,4,30,23,0,0,0,0,0,0,0,0,7,1,1,0,0,0,0,3,2,0,0,KRBKRNvK,DRAW,8/1k3B2/5K2/8/1r6/8/3R4/6n1 w - - 0 1
0,1,0,0,0,0,0,1,-1,1,0,1,1,1,0,0,0,0,0,16,0,0,6,6,2,0,7,3,6,19,26,0,0,0,0,0,0,0,0,7,1,1,0,1,0,0,0,2,0,0,KRBKRNvK,DRAW,kn3B2/8/8/8/8/6K1/3r4/2R5 b - - 0 1
0,1,0,0,0,0,0,1,-1,1,0,1,1,1,0,0,0,0,0,16,0,0,2,3,1,5,3,2,1,22,19,0,0,0,0,0,0,0,0,7,1,1,0,0,0,0,2,2,0,1,KRBKRNvK,WIN,B7/8/8/2n5/5k2/8/1R1K4/5r2 b - - 0 1
1,1,0,0,0,0,0,1,-1,1,0,1,1,1,0,0,0,0,0,16,0,0,3,7,2,7,5,4,4,5,0,1,0,0,0,0,0,0,0,7,1,1,0,0,0,0,2,3,1,0,KRBKRNvK,DRAW,8/8/7k/8/6R1/2nr3K/8/4B3 w - - 0 1
1,1,0,0,0,0,0,1,-1,1,0,1,1,1,0,0,0,0,0,16,0,0,5,6,1,5,6,4,3,26,23,0,0,0,0,0,0,0,0,7,1,1,0,0,0,0,2,2,1,0,KRBKRNvK,DRAW,2B5/5k2/8/7R/8/3r4/6K1/n7 w - - 0 1
0,1,0,0,0,0,0,1,-1,1,0,1,1,1,0,0,0,0,0,16,0,0,2,0,2,0,4,4,3,19,22,0,0,0,0,0,0,0,0,7,1,1,0,0,0,0,0,2,0,0,KRBKRNvK,DRAW,8/4r1n1/8/k7/7B/K7/8/6R1 b - - 0 1
0,1,0,0,0,0,0,1,-1,1,0,1,1,1,0,0,0,0,0,16,0,0,5,5,2,7,7,2,6,2,0,1,0,0,0,0,0,0,0,7,1,1,0,0,0,0,1,3,1,0,KRBKRNvK,DRAW,4r2k/8/7R/5B2/1n6/5K2/8/8 b - - 0 1
0,1,0,0,0,0,0,1,-1,1,0,1,1,1,0,0,0,0,0,16,0,0,2,3,3,1,1,0,4,28,23,0,0,0,0,0,0,0,0,7,1,1,0,0,0,0,3,1,0,1,KRBKRNvK,DRAW,8/8/8/5R2/2nK2B1/7r/1k6/8 b - - 0 1
0,1,0,0,0,0,0,1,-1,1,0,1,1,1,0,0,0,0,0,16,0,0,3,0,6,3,4,5,0,23,21,0,0,0,0,0,0,0,0,7,1,1,1,0,0,0,0,3,1,0,KRBKRNvK,DRAW,8/KR6/B7/3k4/8/5r2/7n/8 b - - 0 1
0,1,0,0,0,0,0,1,-1,1,0,1,1,1,0,0,0,0,0,16,0,0,3,4,4,7,6,0,5,2,0,1,0,0,0,0,0,0,0,7,1,1,0,0,0,0,3,1,1,1,KRBKRNvK,LOSS,6B1/2n4k/8/4K3/8/8/6R1/6r1 b - - 0 1
0,1,0,0,0,0,0,1,-1,1,0,1,1,1,0,0,0,0,0,16,0,0,4,0,5,4,2,4,1,6,0,1,0,0,0,0,0,0,0,7,1,1,0,0,0,0,0,4,1,2,KRBKRNvK,DRAW,4B3/8/K7/2r5/2n5/4k1R1/8/8 b - - 0 1
1,1,0,0,0,0,0,1,-1,1,0,1,1,1,0,0,0,0,0,16,0,0,7,0,0,7,5,6,4,25,22,0,0,0,0,0,0,0,0,7,1,1,1,0,0,0,0,2,0,0,KRBKRNvK,DRAW,8/R7/1n5k/2r5/8/8/4B3/K7 w - - 0 1
0,1,0,0,0,0,0,1,-1,1,0,1,1,1,0,0,0,0,0,16,0,0,4,3,2,7,1,1,5,5,0,1,0,0,0,0,0,0,0,7,1,1,0,0,0,0,2,3,0,2,KRBKRNvK,DRAW,8/4B3/8/4rn2/8/3K4/R6k/8 b - - 0 1
0,1,0,0,0,0,0,1,-1,1,0,1,1,1,0,0,0,0,0,16,0,0,3,6,1,3,4,4,0,5,0,1,0,0,0,0,0,0,0,7,1,1,0,0,0,0,3,3,0,1,KRBKRNvK,LOSS,3R4/8/8/3k4/8/8/6K1/B2n3r b - - 0 1
0,1,0,0,0,0,0,1,-1,1,0,1,1,1,0,0,0,0,0,16,0,0,4,0,3,4,6,3,2,19,26,0,0,0,0,0,0,0,0,7,1,1,0,0,0,0,3,0,0,1,KRBKRNvK,DRAW,8/2r1k3/8/8/K7/n5B1/8/3R4 b - - 0 1
0,1,0,0,0,0,0,1,-1,1,0,1,1,1,0,0,0,0,0,16,0,0,3,2,5,1,2,2,3,16,23,0,0,0,0,0,0,0,0,7,1,1,0,1,0,0,1,0,0,0,KRBKRNvK,DRAW,8/8/R1K5/7n/7B/1k6/1r6/8 b - - 0 1
0,1,0,0,0,0,0,1,-1,1,0,1,1,1,0,0,0,0,0,16,0,0,4,0,2,4,5,4,1,5,0,1,0,0,0,0,0,0,0,7,1,1,0,0,0,0,2,3,0,1,KRBKRNvK,DRAW,8/3r4/R3k3/8/8/K7/6B1/2n5 b - - 0 1
0,1,0,0,0,0,0,1,-1,1,0,1,1,1,0,0,0,0,0,16,0,0,3,3,2,2,5,1,2,23,23,0,0,0,0,0,0,0,0,7,1,1,0,0,0,0,2,1,2,1,KRBKRNvK,DRAW,8/8/2k2r2/B7/1R6/3Kn3/8/8 b - - 0 1
0,1,0,0,0,0,0,1,-1,1,0,1,1,1,0,0,0,0,0,16,0,0,6,0,4,6,1,3,4,30,21,0,0,0,0,0,0,0,0,7,1,1,0,0,0,0,3,2,0,1,KRBKRNvK,DRAW,4R1B1/8/8/K1n5/3r4/8/6k1/8 b - - 0 1
0,1,0,0,0,0,0,1,-1,1,0,1,1,1,0,0,0,0,0,16,0,0,4,7,4,3,5,3,1,4,0,1,0,0,0,0,0,0,0,7,1,1,0,1,0,0,2,2,1,0,KRBKRNvK,LOSS,5n2/8/3k4/7K/5B2/4R3/4r3/8 b - - 0 1
0,1,0,0,0,0,0,1,-1,1,0,1,1,1,0,0,0,0,0,16,0,0,4,0,4,2,0,3,4,21,21,0,0,0,0,0,0,0,0,7,1,1,0,0,0,0,2,2,0,0,KRBKRNvK,DRAW,2B1R2n/8/8/K7/3r4/8/8/2k5 b - - 0 1
1,1,0,0,0,0,0,1,-1,1,0,1,1,1,0,0,0,0,0,16,0,0,5,4,1,2,6,2,3,26,22,0,0,0,0,0,0,0,0,7,1,1,0,0,0,0,3,2,1,1,KRBKRNvK,DRAW,2n5/2k5/8/1R6/5r2/8/4K3/B7 w - - 0 1
0,1,0,0,0,0,0,1,-1,1,0,1,1,1,0,0,0,0,0,16,0,0,5,1,3,6,4,2,2,4,0,1,0,0,0,0,0,0,0,7,1,1,0,0,0,0,2,3,1,1,KRBKRNvK,DRAW,8/8/3R4/1n3rk1/1K6/4B3/8/8 b - - 0 1
1,1,0,0,0,0,0,1,-1,1,0,1,1,1,0,0,0,0,0,16,0,0,3,0,3,1,0,3,5,3,0,1,0,0,0,0,0,0,0,7,1,1,0,0,0,0,1,1,0,1,KRBKRNvK,DRAW,R7/n7/8/8/K1rB4/8/8/1k6 w - - 0 1
1,1,0,0,0,0,0,1,-1,1,0,1,1,1,0,0,0,0,0,16,0,0,4,7,5,7,1,4,5,26,21,0,0,0,0,0,0,0,0,7,1,1,0,0,0,0,1,2,0,1,KRBKRNvK,DRAW,7R/8/7K/n2B4/5r2/8/7k/8 w - - 0 1
1,1,0,0,0,0,0,1,-1,1,0,1,1,1,0,0,0,0,0,16,0,0,4,4,7,6,3,3,2,26,15,0,0,0,0,0,0,0,0,7,1,1,0,0,0,0,3,0,0,1,KRBKRNvK,DRAW,2n1K3/8/8/8/6kr/2BR4/8/8 w - - 0 1
0,1,0,0,0,0,0,1,-1,1,0,1,1,1,0,0,0,0,0,16,0,0,5,1,6,6,2,4,3,21,31,0,0,0,0,0,0,0,0,7,1,1,0,1,0,0,0,2,0,0,KRBKRNvK,DRAW,8/1K6/5R2/8/1B6/6k1/4r3/n7 b - - 0 1
1,1,0,0,0,0,0,1,-1,1,0,1,1,1,0,0,0,0,0,16,0,0,2,3,1,5,3,2,1,24,20,0,0,0,0,0,0,0,0,7,1,1,0,0,0,0,0,2,1,2,KRBKRNvK,DRAW,8/8/B6R/8/5k2/8/3K4/1r1n4 w - - 0 1
0,1,0,0,0,0,0,1,-1,1,0,1,1,1,0,0,0,0,0,16,0,0,3,3,7,2,4,3,1,19,25,0,0,0,0,0,0,0,0,7,1,1,0,0,0,0,2,3,1,0,KRBKRNvK,DRAW,3K4/8/2B2R2/2k1r3/8/n7/8/8 b - - 0 1
0,1,0,0,0,0,0,1,-1,1,0,1,1,1,0,0,0,0,0,16,0,0,4,2,2,6,2,2,3,27,27,0,0,0,0,0,0,0,0,7,1,1,0,0,0,0,4,2,0,0,KRBKRNvK,DRAW,8/8/6B1/1R4n1/5r2/2K3k1/8/8 b - - 0 1
0,1,0,0,0,0,0,1,-1,1,0,1,1,1,0,0,0,0,0,16,0,0,3,4,5,6,2,1,3,22,26,0,0,0,0,0,0,0,0,7,1,1,0,1,0,0,3,0,1,0,KRBKRNvK,DRAW,8/8/4K3/n7/4R3/6k1/7r/2B5 b - - 0 1
0,1,0,0,0,0,0,1,-1,1,0,1,1,1,0,0,0,0,0,16,0,0,5,2,1,7,2,3,4,20,24,0,0,0,0,0,0,0,0,7,1,1,0,0,0,0,1,2,0,0,KRBKRNvK,DRAW,3r3n/B7/8/8/8/7k/2K5/R7 b - - 0 1
1,1,0,0,0,0,0,1,-1,1,0,1,1,1,0,0,0,0,0,16,0,0,6,0,7,1,1,6,4,3,0,1,0,0,0,0,0,0,0,7,1,1,0,0,0,0,2,2,0,0,KRBKRNvK,DRAW,K2r4/8/4n3/8/4R3/8/1k5B/8 w - - 0 1
1,1,0,0,0,0,0,1,-1,1,0,1,1,1,0,0,0,0,0,16,0,0,6,7,7,4,1,6,2,20,17,0,0,0,0,0,0,0,0,7,1,1,0,0,0,0,1,0,0,0,KRBKRNvK,DRAW,7K/8/8/8/8/rB6/4k1n1/1R6 w - - 0 1
1,1,0,0,0,0,0,1,-1,1,0,1,1,1,0,0,0,0,0,16,0,0,3,1,4,2,7,2,4,5,0,1,0,0,0,0,0,0,0,7,1,1,0,0,0,0,2,0,0,1,KRBKRNvK,DRAW,2k5/8/8/1K5B/7R/1r6/1n6/8 w - - 0 1
1,1,0,0,0,0,0,1,-1,1,0,1,1,1,0,0,0,0,0,16,0,0,3,7,4,6,1,3,4,21,26,0,0,0,0,0,0,0,0,7,1,1,0,0,0,0,2,2,0,0,KRBKRNvK,DRAW,4r3/8/8/2R4K/8/B7/6k1/3n4 w - - 0 1
1,1,0,0,0,0,0,1,-1,1,0,1,1,1,0,0,0,0,0,16,0,0,6,1,3,7,2,2,4,28,23,0,0,0,0,0,0,0,0,7,1,1,0,0,0,0,2,1,1,0,KRBKRNvK,DRAW,3R4/8/6n1/8/1K6/7k/5B2/2r5 w - - 0 1
1,1,0,0,0,0,0,1,-1,1,0,1,1,1,0,0,0,0,0,16,0,0,4,2,2,6,6,2,4,29,26,0,0,0,0,0,0,0,0,7,1,1,0,0,0,0,2,2,0,2,KRBKRNvK,DRAW,8/6k1/8/r7/4R3/2K3B1/8/2n5 w - - 0 1
0,1,0,0,0,0,0,1,-1,1,0,1,1,1,0,0,0,0,0,16,0,0,6,2,6,0,0,3,6,1,0,1,0,0,0,0,0,0,0,7,1,1,0,0,0,0,1,2,1,1,KRBKRNvK,DRAW,4r3/2K5/8/8/R2n4/8/8/k1B5 b - - 0 1
1,1,0,0,0,0,0,1,-1,1,0,1,1,1,0,0,0,0,0,16,0,0,5,7,1,2,2,5,2,27,23,0,0,0,0,0,0,0,0,7,1,1,1,0,0,0,1,2,0,0,KRBKRNvK,DRAW,7n/R7/1B6/3r4/8/2k5/7K/8 w - - 0 1
0,1,0,0,0,0,0,1,-1,1,0,1,1,1,0,0,0,0,0,16,0,0,2,5,0,3,2,4,1,4,0,1,0,0,0,0,0,0,0,7,1,1,0,0,0,0,0,3,1,0,KRBKRNvK,DRAW,8/5nr1/8/1B6/8/3k4/R7/5K2 b - - 0 1
1,1,0,0,0,0,0,1,-1,1,0,1,1,1,0,0,0,0,0,16,0,0,2,7,2,5,0,4,4,4,0,1,0,0,0,0,0,0,0,7,1,1,0,0,0,0,2,0,0,1,KRBKRNvK,DRAW,8/8/3B4/1R6/8/5r1K/8/3n1k2 w - - 0 1
0,1,0,0,0,0,0,1,-1,1,0,1,1,1,0,0,0,0,0,16,0,0,3,5,1,6,4,3,2,6,0,1,0,0,0,0,0,0,0,7,1,1,0,0,0,0,2,0,0,1,KRBKRNvK,DRAW,8/8/8/2R3k1/8/r7/5Kn1/4B3 b - - 0 1
1,1,0,0,0,0,0,1,-1,1,0,1,1,1,0,0,0,0,0,16,0,0,5,5,2,0,1,2,5,27,12,0,0,0,0,0,0,0,0,7,1,1,0,0,0,0,1,0,1,0,KRBKRNvK,DRAW,5nr1/8/8/8/6B1/5K2/k7/2R5 w - - 0 1
1,1,0,0,0,0,0,1,-1,1,0,1,1,1,0,0,0,0,0,16,0,0,3,2,4,3,7,1,3,5,0,1,0,0,0,0,0,0,0,7,1,1,0,0,0,0,3,3,0,2,KRBKRNvK,DRAW,3k4/6B1/8/2K5/r7/3n4/6R1/8 w - - 0 1
0,1,0,0,0,0,0,1,-1,1,0,1,1,1,0,0,0,0,0,16,0,0,5,5,2,0,7,2,6,20,25,0,0,0,0,0,0,0,0,7,1,1,0,0,0,0,2,2,0,0,KRBKRNvK,DRAW,k7/8/7n/4B3/2r5/5K2/5R2/8 b - - 0 1
0,1,0,0,0,0,0,1,-1,1,0,1,1,1,0,0,0,0,0,16,0,0,7,7,1,0,6,5,5,24,24,0,0,0,0,0,0,0,0,7,1,1,0,0,0,0,2,2,0,0,KRBKRNvK,DRAW,8/k7/1n6/4r3/7R/8/7K/1B6 b - - 0 1
1,1,0,0,0,0,0,1,-1,1,0,1,1,1,0,0,0,0,0,16,0,0,2,6,3,6,1,2,4,26,25,0,0,0,0,0,0,0,0,7,1,1,1,0,0,0,2,1,0,0,KRBKRNvK,DRAW,r7/3R4/8/8/2n3K1/B7/6k1/8 w - - 0 1
1,1,0,0,0,0,0,1,-1,1,0,1,1,1,0,0,0,0,0,16,0,0,4,1,4,5,3,2,1,28,25,0,0,0,0,0,0,0,0,7,1,1,0,0,0,0,1,4,0,1,KRBKRNvK,DRAW,8/4nB2/3r4/1K6/5k2/2R5/8/8 w - - 0 1
1,1,0,0,0,0,0,1,-1,1,0,1,1,1,0,0,0,0,0,16,0,0,2,4,1,2,2,2,2,5,0,1,0,0,0,0,0,0,0,7,1,1,1,0,0,0,2,1,0,1,KRBKRNvK,LOSS,8/3BR1r1/8/8/8/2k5/4K3/6n1 w - - 0 1
0,1,0,0,0,0,0,1,-1,1,0,1,1,1,0,0,0,0,0,16,0,0,5,6,5,3,0,3,3,2,0,1,0,0,0,0,0,0,0,7,1,1,0,0,0,0,0,3,1,1,KRBKRNvK,DRAW,8/2n1r3/6K1/8/8/8/8/R2kB3 b - - 0 1
0,1,0,0,0,0,0,1,-1,1,0,1,1,1,0,0,0,0,0,16,0,0,2,3,4,4,6,0,2,16,20,0,0,0,0,0,0,0,0,7,1,1,0,0,0,0,4,1,1,1,KRBKRNvK,DRAW,8/4k3/3R4/3K4/8/rn3B2/8/8 b - - 0 1
0,1,0,0,0,0,0,1,-1,1,0,1,1,1,0,0,0,0,0,16,0,0,5,6,1,1,4,4,2,23,26,0,0,0,0,0,0,0,0,7,1,1,1,0,0,0,1,2,1,1,KRBKRNvK,DRAW,5n2/2R5/8/1k6/8/8/B5K1/4r3 b - - 0 1
0,1,0,0,0,0,0,1,-1,1,0,1,1,1,0,0,0,0,0,16,0,0,2,4,4,2,4,0,1,19,23,0,0,0,0,0,0,0,0,7,1,1,0,0,0,0,3,3,0,0,KRBKRNvK,DRAW,8/1n6/8/2k1K3/1r6/5R1B/8/8 b - - 0 1
0,1,0,0,0,0,0,1,-1,1,0,1,1,1,0,0,0,0,0,16,0,0,5,1,2,6,7,3,5,21,29,0,0,0,0,0,0,0,0,7,1,1,0,0,0,0,3,0,0,1,KRBKRNvK,DRAW,6k1/8/7r/8/5R2/nK6/6B1/8 b - - 0 1
1,1,0,0,0,0,0,1,-1,1,0,1,1,1,0,0,0,0,0,16,0,0,3,1,4,4,4,2,0,5,0,1,0,0,0,0,0,0,0,7,1,1,1,0,0,0,0,3,1,1,KRBKRNvK,DRAW,8/R7/8/1K2k1B1/8/2n5/8/1r6 w - - 0 1
0,1,0,0,0,0,0,1,-1,1,0,1,1,1,0,0,0,0,0,16,0,0,2,5,0,6,2,4,3,19,30,0,0,0,0,0,0,0,0,7,1,1,0,0,0,0,1,2,0,0,KRBKRNvK,DRAW,8/8/2R5/7r/3B3n/6k1/8/5K2 b - - 0 1
1,1,0,0,0,0,0,1,-1,1,0,1,1,1,0,0,0,0,0,16,0,0,2,4,3,6,3,0,2,25,22,0,0,0,0,0,0,0,0,7,1,1,0,0,0,0,4,0,0,0,KRBKRNvK,DRAW,8/1r6/8/2B4n/4K1k1/8/8/4R3 w - - 0 1
0,1,0,0,0,0,0,1,-1,1,0,1,1,1,0,0,0,0,0,16,0,0,4,1,7,5,6,5,3,25,27,0,0,0,0,0,0,0,0,7,1,1,0,0,0,0,2,0,0,0,KRBKRNvK,DRAW,1K6/5k2/8/7n/1R6/3B4/8/2r5 b - - 0 1
1,1,0,0,0,0,0,1,-1,1,0,1,1,1,0,0,0,0,0,16,0,0,4,4,4,1,0,0,5,27,26,0,0,0,0,0,0,0,0,7,1,1,0,0,0,0,3,3,0,2,KRBKRNvK,DRAW,7R/1B6/8/4K3/6r1/2n5/8/1k6 w - - 0 1
0,1,0,0,0,0,0,1,-1,1,0,1,1,1,0,0,0,0,0,16,0,0,2,3,6,2,4,2,1,4,0,1,0,0,0,0,0,0,0,7,1,1,1,0,0,0,1,2,0,0,KRBKRNvK,LOSS,8/3K1R2/8/2k5/7n/8/5B2/6r1 b - - 0 1
0,1,0,0,0,0,0,1,-1,1,0,1,1,1,0,0,0,0,0,16,0,0,6,1,0,7,6,5,5,20,25,0,0,0,0,0,0,0,0,7,1,1,0,0,0,0,0,2,0,0,KRBKRNvK,DRAW,8/7k/8/2r5/8/6R1/4B1n1/1K6 b - - 0 1
0,1,0,0,0,0,0,1,-1,1,0,1,1,1,0,0,0,0,0,16,0,0,4,6,3,2,5,2,2,24,25,0,0,0,0,0,0,0,0,7,1,1,0,0,0,0,2,3,0,0,KRBKRNvK,DRAW,8/8/2k5/6R1/5BK1/2n5/8/3r4 b - - 0 1
