white_to_move,fullmove_number,halfmove_clock,w_p,b_p,diff_p,w_n,b_n,diff_n,w_b,b_b,diff_b,w_r,b_r,diff_r,w_q,b_q,diff_q,material_balance,total_material,bishop_pair_w,bishop_pair_b,king_distance,wk_file,wk_rank,bk_file,bk_rank,wk_center_dist,bk_center_dist,mobility_stm,mobility_other,in_check,w_passed_pawns,b_passed_pawns,w_isolated_pawns,b_isolated_pawns,w_doubled_pawns,b_doubled_pawns,w_most_advanced_pawn,b_most_advanced_pawn,w_rooks_open_file,b_rooks_open_file,w_rooks_7th,b_rooks_2nd,wk_pawn_shield,bk_pawn_shield,w_center_control,b_center_control,w_attackers_near_bk,b_attackers_near_wk,material_class,outcome,fen
0,1,0,0,0,0,0,1,-1,1,0,1,1,1,0,0,0,0,0,16,0,0,2,4,2,2,3,1,1,6,0,1,0,0,0,0,0,0,0,7,1,1,1,1,0,0,2,3,1,0,KRBKRNvK,DRAW,8/7R/B5n1/8/2k5/4K3/1r6/8 b - - 0 1
0,1,0,0,0,0,0,1,-1,1,0,1,1,1,0,0,0,0,0,16,0,0,4,2,5,2,1,2,3,23,32,0,0,0,0,0,0,0,0,7,1,1,1,0,0,0,3,0,1,0,KRBKRNvK,DRAW,8/4R3/2K5/8/3B4/7n/2k5/1r6 b - - 0 1
0,1,0,0,0,0,0,1,-1,1,0,1,1,1,0,0,0,0,0,16,0,0,5,0,5,4,0,4,3,4,0,1,0,0,0,0,0,0,0,7,1,1,0,0,0,0,2,2,0,0,KRBKRNvK,DRAW,8/8/K4n1r/1R6/1B6/8/8/4k3 b - - 0 1
1,1,0,0,0,0,0,1,-1,1,0,1,1,1,0,0,0,0,0,16,0,0,2,5,7,7,7,4,6,18,23,0,0,0,0,0,0,0,0,7,1,1,0,0,0,0,1,2,1,1,KRBKRNvK,DRAW,R4K1k/1r5B/5n2/8/8/8/8/8 w - - 0 1
1,1,0,0,0,0,0,1,-1,1,0,1,1,1,0,0,0,0,0,16,0,0,2,1,2,0,0,3,6,6,0,1,0,0,0,0,0,0,0,7,1,1,0,0,0,0,2,0,0,0,KRBKRNvK,DRAW,8/8/8/2R5/8/1K5r/4B3/k3n3 w - - 0 1
0,1,0,0,0,0,0,1,-1,1,0,1,1,1,0,0,0,0,0,16,0,0,3,2,1,3,4,3,0,21,31,0,0,0,0,0,0,0,0,7,1,1,1,0,0,0,1,3,2,0,KRBKRNvK,DRAW,2n1r3/1R6/8/3k1B2/8/8/2K5/8 b - - 0 1
1,1,0,0,0,0,0,1,-1,1,0,1,1,1,0,0,0,0,0,16,0,0,3,4,0,2,3,3,1,29,16,0,0,0,0,0,0,0,0,7,1,1,0,0,0,0,2,2,1,0,KRBKRNvK,DRAW,8/2r5/5B2/3R4/2k5/8/7n/4K3 w - - 0 1
1,1,0,0,0,0,0,1,-1,1,0,1,1,1,0,0,0,0,0,16,0,0,6,0,4,6,6,3,4,24,15,0,0,0,0,0,0,0,0,7,1,1,0,0,0,0,2,0,1,1,KRBKRNvK,DRAW,8/1r4k1/8/KB5R/8/8/8/n7 w - - 0 1
1,1,0,0,0,0,0,1,-1,1,0,1,1,1,0,0,0,0,0,16,0,0,7,5,7,5,0,4,4,4,0,1,0,0,0,0,0,0,0,7,1,1,0,0,0,0,2,3,0,1,KRBKRNvK,DRAW,5K1B/8/6n1/8/r7/2R5/8/5k2 w - - 0 1
1,1,0,0,0,0,0,1,-1,1,0,1,1,1,0,0,0,0,0,16,0,0,5,0,5,3,0,4,3,28,18,0,0,0,0,0,0,0,0,7,1,1,0,0,0,0,2,0,1,0,KRBKRNvK,DRAW,8/2B4r/K7/8/8/4R3/n7/3k4 w - - 0 1
0,1,0,0,0,0,0,1,-1,1,0,1,1,1,0,0,0,0,0,16,0,0,6,6,7,0,7,5,6,23,20,0,0,0,0,0,0,0,0,7,1,1,0,1,0,0,0,3,0,0,KRBKRNvK,DRAW,k4BK1/8/8/6n1/8/6R1/3r4/8 b - - 0 1
0,1,0,0,0,0,0,1,-1,1,0,1,1,1,0,0,0,0,0,16,0,0,6,0,0,6,0,6,5,23,16,0,0,0,0,0,0,0,0,7,1,1,0,1,0,0,0,3,0,0,KRBKRNvK,DRAW,8/4n3/7R/7B/8/8/4r3/K5k1 b - - 0 1
1,1,0,0,0,0,0,1,-1,1,0,1,1,1,0,0,0,0,0,16,0,0,5,1,7,6,4,5,2,25,17,0,0,0,0,0,0,0,0,7,1,1,0,0,0,0,2,0,0,0,KRBKRNvK,DRAW,1K6/6r1/7n/6k1/3R4/1B6/8/8 w - - 0 1
1,1,0,0,0,0,0,1,-1,1,0,1,1,1,0,0,0,0,0,16,0,0,5,7,5,2,6,4,3,2,0,1,0,0,0,0,0,0,0,7,1,1,0,1,0,0,1,1,1,1,KRBKRNvK,DRAW,R7/2k2n2/7K/8/8/4B3/6r1/8 w - - 0 1
1,1,0,0,0,0,0,1,-1,1,0,1,1,1,0,0,0,0,0,16,0,0,4,3,6,7,4,2,3,25,16,0,0,0,0,0,0,0,0,7,1,1,0,0,0,0,2,1,0,0,KRBKRNvK,DRAW,6r1/B2K4/6n1/7k/2R5/8/8/8 w - - 0 1
0,1,0,0,0,0,0,1,-1,1,0,1,1,1,0,0,0,0,0,16,0,0,7,6,7,4,0,5,3,3,0,1,0,0,0,0,0,0,0,7,1,1,0,1,0,0,3,1,1,0,KRBKRNvK,DRAW,6K1/8/8/4B3/8/4R3/1r1n4/4k3 b - - 0 1
0,1,0,0,0,0,0,1,-1,1,0,1,1,1,0,0,0,0,0,16,0,0,4,4,7,1,3,3,2,8,0,1,0,0,0,0,0,0,0,7,1,1,0,1,0,0,2,3,0,0,KRBKRNvK,DRAW,4K3/8/8/8/1k2R3/5n2/3r3B/8 b - - 0 1
1,1,0,0,0,0,0,1,-1,1,0,1,1,1,0,0,0,0,0,16,0,0,3,3,2,6,1,1,4,31,21,0,0,0,0,0,0,0,0,7,1,1,0,0,0,0,3,2,0,0,KRBKRNvK,DRAW,3R4/8/4r3/4B1n1/8/3K4/6k1/8 w - - 0 1
0,1,0,0,0,0,0,1,-1,1,0,1,1,1,0,0,0,0,0,16,0,0,4,7,0,4,4,6,0,26,23,0,0,0,0,0,0,0,0,7,1,1,0,0,0,0,2,3,0,0,KRBKRNvK,DRAW,8/8/5n2/1B2k3/7R/3r4/8/7K b - - 0 1
0,1,0,0,0,0,0,1,-1,1,0,1,1,1,0,0,0,0,0,16,0,0,2,5,1,3,2,3,1,23,24,0,0,0,0,0,0,0,0,7,1,1,0,0,0,0,2,2,2,2,KRBKRNvK,DRAW,8/8/8/3BR3/8/3k4/3n1K2/6r1 b - - 0 1
0,1,0,0,0,0,0,1,-1,1,0,1,1,1,0,0,0,0,0,16,0,0,5,1,6,6,6,4,4,23,26,0,0,0,0,0,0,0,0,7,1,1,0,0,0,0,1,0,1,0,KRBKRNvK,DRAW,8/1K4k1/8/5B2/8/2r5/5R2/2n5 b - - 0 1
0,1,0,0,0,0,0,1,-1,1,0,1,1,1,0,0,0,0,0,16,0,0,4,4,2,0,0,1,6,24,26,0,0,0,0,0,0,0,0,7,1,1,0,0,0,0,3,3,0,0,KRBKRNvK,DRAW,8/8/3RBn2/8/7r/4K3/8/k7 b - - 0 1
0,1,0,0,0,0,0,1,-1,1,0,1,1,1,0,0,0,0,0,16,0,0,5,3,6,2,1,2,3,18,28,0,0,0,0,0,0,0,0,7,1,1,0,1,0,0,1,2,1,1,KRBKRNvK,DRAW,8/1n1K4/8/8/5B2/R7/2k1r3/8 b - - 0 1
1,1,0,0,0,0,0,1,-1,1,0,1,1,1,0,0,0,0,0,16,0,0,2,0,6,0,4,5,3,21,16,0,0,0,0,0,0,0,0,7,1,1,0,0,0,0,2,0,0,0,KRBKRNvK,DRAW,4nr2/K7/8/k7/8/8/8/2BR4 w - - 0 1
1,1,0,0,0,0,0,1,-1,1,0,1,1,1,0,0,0,0,0,16,0,0,7,0,1,7,5,5,4,23,22,0,0,0,0,0,0,0,0,7,1,1,0,0,0,0,2,2,0,0,KRBKRNvK,DRAW,8/n7/7k/8/8/1R6/K7/4r2B w - - 0 1
0,1,0,0,0,0,0,1,-1,1,0,1,1,1,0,0,0,0,0,16,0,0,3,1,3,0,6,2,5,1,0,1,0,0,0,0,0,0,0,7,1,1,0,0,0,0,2,3,1,1,KRBKRNvK,DRAW,R7/k3r3/8/8/1K6/2n5/6B1/8 b - - 0 1
1,1,0,0,0,0,0,1,-1,1,0,1,1,1,0,0,0,0,0,16,0,0,2,1,7,3,7,5,3,22,22,0,0,0,0,0,0,0,0,7,1,1,0,0,0,0,0,2,0,0,KRBKRNvK,DRAW,1K1k4/8/8/8/8/1R5B/3n4/4r3 w - - 0 1
0,1,0,0,0,0,0,1,-1,1,0,1,1,1,0,0,0,0,0,16,0,0,3,4,4,7,7,0,6,20,22,0,0,0,0,0,0,0,0,7,1,1,0,0,0,0,4,2,0,1,KRBKRNvK,DRAW,7k/8/8/4K3/6r1/1R6/n6B/8 b - - 0 1
0,1,0,0,0,0,0,1,-1,1,0,1,1,1,0,0,0,0,0,16,0,0,6,6,5,0,0,3,6,2,0,1,0,0,0,0,0,0,0,7,1,1,0,0,0,0,2,2,0,1,KRBKRNvK,DRAW,8/8/6Kn/8/r7/6B1/8/k3R3 b - - 0 1
1,1,0,0,0,0,0,1,-1,1,0,1,1,1,0,0,0,0,0,16,0,0,4,4,2,0,0,1,6,4,0,1,0,0,0,0,0,0,0,7,1,1,0,0,0,0,3,0,0,2,KRBKRNvK,DRAW,8/8/8/1R1n4/8/3BK3/8/k3r3 w - - 0 1
1,1,0,0,0,0,0,1,-1,1,0,1,1,1,0,0,0,0,0,16,0,0,2,4,4,2,4,0,1,4,0,1,0,0,0,0,0,0,0,7,1,1,0,0,0,0,3,3,0,1,KRBKRNvK,DRAW,8/3n4/8/2k1K3/8/7R/3B4/2r5 w - - 0 1
1,1,0,0,0,0,0,1,-1,1,0,1,1,1,0,0,0,0,0,16,0,0,6,6,5,0,3,3,3,30,27,0,0,0,0,0,0,0,0,7,1,1,0,0,0,0,3,2,0,0,KRBKRNvK,DRAW,3R4/8/2n3K1/8/k4B2/7r/8/8 w - - 0 1
1,1,0,0,0,0,0,1,-1,1,0,1,1,1,0,0,0,0,0,16,0,0,3,6,3,5,0,2,4,27,21,0,0,0,0,0,0,0,0,7,1,1,0,0,0,0,1,2,1,0,KRBKRNvK,DRAW,1n6/8/8/2r5/6K1/7R/2B5/5k2 w - - 0 1
1,1,0,0,0,0,0,1,-1,1,0,1,1,1,0,0,0,0,0,16,0,0,4,5,2,1,2,2,3,4,0,1,0,0,0,0,0,0,0,7,1,1,0,1,0,0,3,2,1,2,KRBKRNvK,LOSS,8/1B6/8/4n3/2R5/1k3K2/3r4/8 w - - 0 1
1,1,0,0,0,0,0,1,-1,1,0,1,1,1,0,0,0,0,0,16,0,0,5,1,0,6,0,5,5,25,21,0,0,0,0,0,0,0,0,7,1,1,0,0,0,0,2,1,1,0,KRBKRNvK,DRAW,8/3n3B/8/8/8/7r/4R3/1K4k1 w - - 0 1
1,1,0,0,0,0,0,1,-1,1,0,1,1,1,0,0,0,0,0,16,0,0,5,6,3,1,7,2,5,33,18,0,0,0,0,0,0,0,0,7,1,1,1,1,0,0,2,2,1,1,KRBKRNvK,DRAW,1k6/3R4/2n5/8/6K1/4B3/4r3/8 w - - 0 1
0,1,0,0,0,0,0,1,-1,1,0,1,1,1,0,0,0,0,0,16,0,0,2,3,2,1,2,1,3,25,21,0,0,0,0,0,0,0,0,7,1,1,0,0,0,0,3,2,0,1,KRBKRNvK,DRAW,6R1/8/6n1/5r2/4B3/1k1K4/8/8 b - - 0 1
0,1,0,0,0,0,0,1,-1,1,0,1,1,1,0,0,0,0,0,16,0,0,3,3,6,0,4,2,3,4,0,1,0,0,0,0,0,0,0,7,1,1,0,0,0,0,1,2,0,2,KRBKRNvK,DRAW,R3n3/3K4/4r1B1/k7/8/8/8/8 b - - 0 1
0,1,0,0,0,0,0,1,-1,1,0,1,1,1,0,0,0,0,0,16,0,0,2,7,2,7,0,4,6,19,21,0,0,0,0,0,0,0,0,7,1,1,0,0,0,0,2,2,0,0,KRBKRNvK,DRAW,8/2B5/1n1r4/8/4R3/7K/8/7k b - - 0 1
1,1,0,0,0,0,0,1,-1,1,0,1,1,1,0,0,0,0,0,16,0,0,2,3,2,2,4,1,1,25,20,0,0,0,0,0,0,0,0,7,1,1,0,0,0,0,2,3,0,1,KRBKRNvK,DRAW,2B5/8/7R/2kn2r1/8/3K4/8/8 w - - 0 1
1,1,0,0,0,0,0,1,-1,1,0,1,1,1,0,0,0,0,0,16,0,0,4,3,7,5,3,3,1,4,0,1,0,0,0,0,0,0,0,7,1,1,0,0,0,0,0,2,0,1,KRBKRNvK,DRAW,R2K1r2/8/8/8/B4k2/8/8/5n2 w - - 0 1
0,1,0,0,0,0,0,1,-1,1,0,1,1,1,0,0,0,0,0,16,0,0,7,0,3,7,2,3,4,4,0,1,0,0,0,0,0,0,0,7,1,1,1,0,0,0,2,0,0,0,KRBKRNvK,LOSS,8/3R3r/4B3/8/K7/7k/8/7n b - - 0 1
0,1,0,0,0,0,0,1,-1,1,0,1,1,1,0,0,0,0,0,16,0,0,2,3,2,2,0,1,4,20,19,0,0,0,0,0,0,0,0,7,1,1,0,1,0,0,4,0,1,1,KRBKRNvK,DRAW,B2n4/8/8/8/8/3KR3/2r5/2k5 b - - 0 1
1,1,0,0,0,0,0,1,-1,1,0,1,1,1,0,0,0,0,0,16,0,0,5,3,7,1,2,3,3,25,16,0,0,0,0,0,0,0,0,7,1,1,0,0,0,0,3,1,1,0,KRBKRNvK,DRAW,B2K4/8/8/8/R7/1k6/3n4/1r6 w - - 0 1
1,1,0,0,0,0,0,1,-1,1,0,1,1,1,0,0,0,0,0,16,0,0,2,0,1,0,3,5,3,21,22,0,0,0,0,0,0,0,0,7,1,1,1,0,0,0,0,3,0,1,KRBKRNvK,DRAW,8/6R1/8/1r6/k6B/8/K1n5/8 w - - 0 1
0,1,0,0,0,0,0,1,-1,1,0,1,1,1,0,0,0,0,0,16,0,0,3,0,0,0,3,6,3,5,0,1,0,0,0,0,0,0,0,7,1,1,0,0,0,0,2,2,0,0,KRBKRNvK,DRAW,8/8/8/4r2B/k2R4/4n3/8/K7 b - - 0 1
0,1,0,0,0,0,0,1,-1,1,0,1,1,1,0,0,0,0,0,16,0,0,2,0,4,0,2,3,4,25,27,0,0,0,0,0,0,0,0,7,1,1,0,1,0,0,2,2,0,0,KRBKRNvK,DRAW,8/8/8/K7/8/k3nB2/3r4/7R b - - 0 1
0,1,0,0,0,0,0,1,-1,1,0,1,1,1,0,0,0,0,0,16,0,0,2,3,4,4,6,0,2,17,19,0,0,0,0,0,0,0,0,7,1,1,0,0,0,0,4,0,0,0,KRBKRNvK,DRAW,8/1B2k1r1/8/3K4/3R4/8/6n1/8 b - - 0 1
0,1,0,0,0,0,0,1,-1,1,0,1,1,1,0,0,0,0,0,16,0,0,4,6,6,5,2,4,2,26,31,0,0,0,0,0,0,0,0,7,1,1,0,1,0,0,2,2,1,1,KRBKRNvK,DRAW,8/6K1/5n2/4B3/R7/5k2/2r5/8 b - - 0 1
0,1,0,0,0,0,0,1,-1,1,0,1,1,1,0,0,0,0,0,16,0,0,3,1,7,3,4,5,0,23,28,0,0,0,0,0,0,0,0,7,1,1,1,0,0,0,1,3,1,0,KRBKRNvK,DRAW,1K4n1/5R2/8/3k4/8/8/2B5/6r1 b - - 0 1
1,1,0,0,0,0,0,1,-1,1,0,1,1,1,0,0,0,0,0,16,0,0,7,7,2,0,6,4,5,2,0,1,0,0,0,0,0,0,0,7,1,1,0,0,0,0,1,0,1,1,KRBKRNvK,DRAW,2R5/k6r/8/3B4/8/7K/7n/8 w - - 0 1
1,1,0,0,0,0,0,1,-1,1,0,1,1,1,0,0,0,0,0,16,0,0,6,1,1,1,7,4,5,23,17,0,0,0,0,0,0,0,0,7,1,1,0,0,0,0,1,2,0,0,KRBKRNvK,DRAW,1kr5/5B2/2n5/8/8/8/1K6/1R6 w - - 0 1
1,1,0,0,0,0,0,1,-1,1,0,1,1,1,0,0,0,0,0,16,0,0,7,7,3,0,3,3,3,26,20,0,0,0,0,0,0,0,0,7,1,1,1,0,0,0,2,0,1,0,KRBKRNvK,DRAW,1n6/3R4/B1r5/8/k6K/8/8/8 w - - 0 1
1,1,0,0,0,0,0,1,-1,1,0,1,1,1,0,0,0,0,0,16,0,0,5,7,1,5,6,5,3,4,0,1,0,0,0,0,0,0,0,7,1,1,0,1,0,0,2,3,0,0,KRBKRNvK,DRAW,B7/3n1k2/8/8/8/7R/3r3K/8 w - - 0 1
1,1,0,0,0,0,0,1,-1,1,0,1,1,1,0,0,0,0,0,16,0,0,5,1,0,6,4,5,2,5,0,1,0,0,0,0,0,0,0,7,1,1,0,0,0,0,0,2,0,0,KRBKRNvK,DRAW,8/8/8/6k1/B7/2R5/5n2/1K2r3 w - - 0 1
0,1,0,0,0,0,0,1,-1,1,0,1,1,1,0,0,0,0,0,16,0,0,4,4,2,0,1,1,5,2,0,1,0,0,0,0,0,0,0,7,1,1,1,1,0,0,3,1,0,2,KRBKRNvK,DRAW,8/R7/8/8/4Bn2/4K3/k5r1/8 b - - 0 1
0,1,0,0,0,0,0,1,-1,1,0,1,1,1,0,0,0,0,0,16,0,0,2,4,7,5,5,3,2,19,22,0,0,0,0,0,0,0,0,7,1,1,0,0,0,0,1,2,1,1,KRBKRNvK,DRAW,4K3/3n3B/5k2/3r4/8/8/8/6R1 b - - 0 1
0,1,0,0,0,0,0,1,-1,1,0,1,1,1,0,0,0,0,0,16,0,0,7,2,7,5,0,4,4,15,26,0,0,0,0,0,0,0,0,7,1,1,0,1,0,0,2,0,0,0,KRBKRNvK,DRAW,2K5/8/4R3/8/8/B6n/7r/5k2 b - - 0 1
0,1,0,0,0,0,0,1,-1,1,0,1,1,1,0,0,0,0,0,16,0,0,6,7,0,1,5,6,3,21,24,0,0,0,0,0,0,0,0,7,1,1,0,0,0,0,0,0,2,1,KRBKRNvK,DRAW,R7/8/1k6/8/1B6/2r5/7n/7K b - - 0 1
1,1,0,0,0,0,0,1,-1,1,0,1,1,1,0,0,0,0,0,16,0,0,6,7,3,1,4,3,2,27,25,0,0,0,0,0,0,0,0,7,1,1,0,0,0,0,0,1,0,0,KRBKRNvK,DRAW,8/4B3/r7/1k6/7K/1n6/5R2/8 w - - 0 1
0,1,0,0,0,0,0,1,-1,1,0,1,1,1,0,0,0,0,0,16,0,0,3,6,3,5,0,2,4,23,22,0,0,0,0,0,0,0,0,7,1,1,0,0,0,0,0,0,1,1,KRBKRNvK,DRAW,4B3/1r6/8/8/6Kn/7R/8/5k2 b - - 0 1
0,1,0,0,0,0,0,1,-1,1,0,1,1,1,0,0,0,0,0,16,0,0,2,4,1,2,0,2,4,21,26,0,0,0,0,0,0,0,0,7,1,1,1,0,0,0,0,2,0,0,KRBKRNvK,DRAW,3r4/5R2/8/8/8/n6B/4K3/2k5 b - - 0 1
1,1,0,0,0,0,0,1,-1,1,0,1,1,1,0,0,0,0,0,16,0,0,3,6,7,3,6,5,2,19,19,0,0,0,0,0,0,0,0,7,1,1,0,0,0,0,0,0,0,1,KRBKRNvK,DRAW,6K1/3k4/7r/B6n/8/R7/8/8 w - - 0 1
1,1,0,0,0,0,0,1,-1,1,0,1,1,1,0,0,0,0,0,16,0,0,2,4,4,4,2,0,1,19,21,0,0,0,0,0,0,0,0,7,1,1,1,0,0,0,4,2,0,1,KRBKRNvK,DRAW,1B6/5R2/6r1/4K3/8/4k3/1n6/8 w - - 0 1
1,1,0,0,0,0,0,1,-1,1,0,1,1,1,0,0,0,0,0,16,0,0,3,4,6,7,3,2,3,5,0,1,0,0,0,0,0,0,0,7,1,1,0,0,0,0,0,2,1,0,KRBKRNvK,DRAW,1n6/4K3/5R2/8/7k/4r3/4B3/8 w - - 0 1
1,1,0,0,0,0,0,1,-1,1,0,1,1,1,0,0,0,0,0,16,0,0,2,4,5,2,7,1,4,3,0,1,0,0,0,0,0,0,0,7,1,1,0,0,0,0,3,2,1,2,KRBKRNvK,DRAW,2k5/2n5/3RK3/2r5/8/6B1/8/8 w - - 0 1
0,1,0,0,0,0,0,1,-1,1,0,1,1,1,0,0,0,0,0,16,0,0,4,5,2,1,6,2,4,30,23,0,0,0,0,0,0,0,0,7,1,1,0,1,0,0,2,1,0,1,KRBKRNvK,DRAW,8/1k5B/8/8/3R1n2/5K2/2r5/8 b - - 0 1
1,1,0,0,0,0,0,1,-1,1,0,1,1,1,0,0,0,0,0,16,0,0,5,0,1,3,6,5,2,18,26,0,0,0,0,0,0,0,0,7,1,1,0,0,0,0,2,1,0,1,KRBKRNvK,DRAW,8/3k4/8/7B/6R1/1r6/K2n4/8 w - - 0 1
1,1,0,0,0,0,0,1,-1,1,0,1,1,1,0,0,0,0,0,16,0,0,3,4,0,3,3,3,0,22,23,0,0,0,0,0,0,0,0,7,1,1,0,0,0,0,0,4,1,0,KRBKRNvK,WIN,8/3r2B1/5R2/6n1/3k4/8/8/4K3 w - - 0 1
0,1,0,0,0,0,0,1,-1,1,0,1,1,1,0,0,0,0,0,16,0,0,7,0,2,7,0,4,6,19,27,0,0,0,0,0,0,0,0,7,1,1,0,0,0,0,1,0,1,1,KRBKRNvK,DRAW,1R6/7r/8/n7/8/K7/5B2/7k b - - 0 1
1,1,0,0,0,0,0,1,-1,1,0,1,1,1,0,0,0,0,0,16,0,0,3,4,6,7,4,2,3,5,0,1,0,0,0,0,0,0,0,7,1,1,0,0,0,0,0,3,0,1,KRBKRNvK,DRAW,8/4K3/2n5/7k/8/4r3/8/2B2R2 w - - 0 1
1,1,0,0,0,0,0,1,-1,1,0,1,1,1,0,0,0,0,0,16,0,0,3,1,6,2,3,4,1,2,0,1,0,0,0,0,0,0,0,7,1,1,0,0,0,0,0,2,2,2,KRBKRNvK,DRAW,8/1Kr5/R7/3n4/B1k5/8/8/8 w - - 0 1
0,1,0,0,0,0,0,1,-1,1,0,1,1,1,0,0,0,0,0,16,0,0,7,6,0,5,7,5,4,26,20,0,0,0,0,0,0,0,0,7,1,1,0,0,0,0,1,3,0,0,KRBKRNvK,DRAW,5k2/8/2n5/r7/8/6B1/8/6KR b - - 0 1
1,1,0,0,0,0,0,1,-1,1,0,1,1,1,0,0,0,0,0,16,0,0,3,3,3,1,6,0,4,23,23,0,0,0,0,0,0,0,0,7,1,1,0,0,0,0,4,0,1,0,KRBKRNvK,WIN,8/1k6/8/3R4/3K4/5B2/8/2n3r1 w - - 0 1
0,1,0,0,0,0,0,1,-1,1,0,1,1,1,0,0,0,0,0,16,0,0,2,6,2,4,4,3,0,22,19,0,0,0,0,0,0,0,0,7,1,1,1,0,0,0,0,3,0,2,KRBKRNvK,DRAW,8/R7/B7/4k3/8/6K1/8/5rn1 b - - 0 1
1,1,0,0,0,0,0,1,-1,1,0,1,1,1,0,0,0,0,0,16,0,0,7,4,7,4,0,3,3,24,18,0,0,0,0,0,0,0,0,7,1,1,0,1,0,0,0,0,1,0,KRBKRNvK,DRAW,3BK3/8/7n/8/8/5R2/7r/4k3 w - - 0 1
1,1,0,0,0,0,0,1,-1,1,0,1,1,1,0,0,0,0,0,16,0,0,2,5,7,3,5,4,1,24,23,0,0,0,0,0,0,0,0,7,1,1,0,0,0,0,2,3,0,0,KRBKRNvK,DRAW,5K2/8/3k4/8/8/2r3n1/8/R6B w - - 0 1
0,1,0,0,0,0,0,1,-1,1,0,1,1,1,0,0,0,0,0,16,0,0,5,1,2,4,7,3,3,18,23,0,0,0,0,0,0,0,0,7,1,1,0,0,0,0,0,2,0,0,KRBKRNvK,DRAW,4kr2/8/8/8/8/1K3n2/2R5/3B4 b - - 0 1
0,1,0,0,0,0,0,1,-1,1,0,1,1,1,0,0,0,0,0,16,0,0,3,4,6,3,3,2,0,5,0,1,0,0,0,0,0,0,0,7,1,1,0,1,0,0,3,3,1,0,KRBKRNvK,DRAW,3R4/4K3/8/8/3k4/8/n1B2r2/8 b - - 0 1
0,1,0,0,0,0,0,1,-1,1,0,1,1,1,0,0,0,0,0,16,0,0,4,5,3,1,2,1,3,27,22,0,0,0,0,0,0,0,0,7,1,1,0,0,0,0,2,3,0,1,KRBKRNvK,DRAW,3r4/8/8/8/5K2/1k6/4Bn2/4R3 b - - 0 1
0,1,0,0,0,0,0,1,-1,1,0,1,1,1,0,0,0,0,0,16,0,0,3,0,3,2,6,3,3,19,25,0,0,0,0,0,0,0,0,7,1,1,0,0,0,0,2,0,0,1,KRBKRNvK,DRAW,n4B2/2k5/2r5/5R2/K7/8/8/8 b - - 0 1
0,1,0,0,0,0,0,1,-1,1,0,1,1,1,0,0,0,0,0,16,0,0,3,4,6,7,6,2,5,21,23,0,0,0,0,0,0,0,0,7,1,1,0,0,0,0,0,2,0,0,KRBKRNvK,DRAW,1R6/4K2k/8/1B6/3r4/7n/8/8 b - - 0 1
0,1,0,0,0,0,0,1,-1,1,0,1,1,1,0,0,0,0,0,16,0,0,2,6,6,4,5,4,1,19,27,0,0,0,0,0,0,0,0,7,1,1,0,0,0,0,3,2,0,1,KRBKRNvK,DRAW,7r/6K1/4k3/1R6/8/4B3/8/n7 b - - 0 1
0,1,0,0,0,0,0,1,-1,1,0,1,1,1,0,0,0,0,0,16,0,0,4,5,6,1,3,3,2,28,16,0,0,0,0,0,0,0,0,7,1,1,0,0,0,0,0,1,0,0,KRBKRNvK,DRAW,6B1/5K2/8/8/1k6/7r/3n4/3R4 b - - 0 1
0,1,0,0,0,0,0,1,-1,1,0,1,1,1,0,0,0,0,0,16,0,0,5,1,4,6,4,2,2,18,28,0,0,0,0,0,0,0,0,7,1,1,0,0,0,0,3,2,0,0,KRBKRNvK,DRAW,8/8/3R4/1K4k1/8/3B4/8/3nr3 b - - 0 1
0,1,0,0,0,0,0,1,-1,1,0,1,1,1,0,0,0,0,0,16,0,0,7,4,7,3,0,3,3,19,23,0,0,0,0,0,0,0,0,7,1,1,1,1,0,0,1,2,0,0,KRBKRNvK,DRAW,4K1B1/R7/8/8/8/8/n2r4/3k4 b - - 0 1
1,1,0,0,0,0,0,1,-1,1,0,1,1,1,0,0,0,0,0,16,0,0,5,6,3,1,1,2,4,25,24,0,0,0,0,0,0,0,0,7,1,1,0,0,0,0,1,2,1,1,KRBKRNvK,DRAW,1B6/8/8/8/6K1/3r4/1k2n3/R7 w - - 0 1
0,1,0,0,0,0,0,1,-1,1,0,1,1,1,0,0,0,0,0,16,0,0,2,3,2,3,4,1,0,22,20,0,0,0,0,0,0,0,0,7,1,1,0,0,0,0,2,3,0,0,KRBKRNvK,DRAW,8/4r3/8/3k4/6B1/n2K4/6R1/8 b - - 0 1
0,1,0,0,0,0,0,1,-1,1,0,1,1,1,0,0,0,0,0,16,0,0,4,7,5,3,1,4,2,17,28,0,0,0,0,0,0,0,0,7,1,1,0,1,0,0,1,2,0,0,KRBKRNvK,DRAW,8/8/2R4K/3B4/8/8/3kr3/5n2 b - - 0 1
1,1,0,0,0,0,0,1,-1,1,0,1,1,1,0,0,0,0,0,16,0,0,2,5,4,5,6,1,3,18,18,0,0,0,0,0,0,0,0,7,1,1,0,0,0,0,2,2,0,0,KRBKRNvK,DRAW,2R5/2B2k2/8/5K2/2r5/8/8/2n5 w - - 0 1
1,1,0,0,0,0,0,1,-1,1,0,1,1,1,0,0,0,0,0,16,0,0,6,6,0,0,1,5,5,21,26,0,0,0,0,0,0,0,0,7,1,1,0,1,0,0,2,2,0,1,KRBKRNvK,DRAW,8/8/6R1/8/2n5/8/k3r3/6KB w - - 0 1
0,1,0,0,0,0,0,1,-1,1,0,1,1,1,0,0,0,0,0,16,0,0,7,7,7,6,0,6,5,21,26,0,0,0,0,0,0,0,0,7,1,1,0,0,0,0,2,0,1,0,KRBKRNvK,DRAW,7K/n7/2r5/8/1B6/4R3/8/6k1 b - - 0 1
1,1,0,0,0,0,0,1,-1,1,0,1,1,1,0,0,0,0,0,16,0,0,3,4,7,3,4,3,0,31,19,0,0,0,0,0,0,0,0,7,1,1,0,0,0,0,2,3,1,0,KRBKRNvK,DRAW,4K3/8/7r/3k4/3B4/8/4R3/7n w - - 0 1
0,1,0,0,0,0,0,1,-1,1,0,1,1,1,0,0,0,0,0,16,0,0,3,4,2,1,4,1,2,28,23,0,0,0,0,0,0,0,0,7,1,1,1,0,0,0,2,3,0,2,KRBKRNvK,DRAW,8/5R1B/8/1k6/8/2n1K3/8/3r4 b - - 0 1
0,1,0,0,0,0,0,1,-1,1,0,1,1,1,0,0,0,0,0,16,0,0,2,4,2,4,0,1,3,24,21,0,0,0,0,0,0,0,0,7,1,1,0,1,0,0,3,0,0,2,KRBKRNvK,DRAW,8/8/R4B2/4n3/8/4K3/2r5/4k3 b - - 0 1
0,1,0,0,0,0,0,1,-1,1,0,1,1,1,0,0,0,0,0,16,0,0,2,2,4,1,2,1,3,21,22,0,0,0,0,0,0,0,0,7,1,1,0,0,0,0,4,0,0,0,KRBKRNvK,DRAW,8/8/1B6/2K5/8/1k6/4R1n1/r7 b - - 0 1
1,1,0,0,0,0,0,1,-1,1,0,1,1,1,0,0,0,0,0,16,0,0,7,5,0,1,7,4,5,26,20,0,0,0,0,0,0,0,0,7,1,1,0,0,0,0,2,0,0,0,KRBKRNvK,DRAW,1k5n/4B3/1r6/4R3/8/8/8/5K2 w - - 0 1
1,1,0,0,0,0,0,1,-1,1,0,1,1,1,0,0,0,0,0,16,0,0,6,1,4,7,0,2,6,29,18,0,0,0,0,0,0,0,0,7,1,1,0,0,0,0,0,2,0,0,KRBKRNvK,DRAW,3B1n2/8/6R1/1K6/8/8/8/4r2k w - - 0 1
0,1,0,0,0,0,0,1,-1,1,0,1,1,1,0,0,0,0,0,16,0,0,6,4,1,1,7,2,5,19,27,0,0,0,0,0,0,0,0,7,1,1,0,0,0,0,0,2,1,0,KRBKRNvK,DRAW,1k6/8/2R5/8/r7/8/4K3/2B4n b - - 0 1
0,1,0,0,0,0,0,1,-1,1,0,1,1,1,0,0,0,0,0,16,0,0,3,3,5,0,5,1,4,20,20,0,0,0,0,0,0,0,0,7,1,1,0,0,0,0,3,0,0,1,KRBKRNvK,DRAW,8/1r4n1/k2K4/4B1R1/8/8/8/8 b - - 0 1
1,1,0,0,0,0,0,1,-1,1,0,1,1,1,0,0,0,0,0,16,0,0,6,1,1,7,6,4,5,24,21,0,0,0,0,0,0,0,0,7,1,1,0,0,0,0,0,0,0,1,KRBKRNvK,DRAW,8/7k/8/3n4/rB6/2R5/1K6/8 w - - 0 1
1,1,0,0,0,0,0,1,-1,1,0,1,1,1,0,0,0,0,0,16,0,0,6,3,7,2,1,3,3,26,18,0,0,0,0,0,0,0,0,7,1,1,0,1,0,0,2,0,1,0,KRBKRNvK,WIN,3K4/8/7B/8/R7/8/2k4r/6n1 w - - 0 1
1,1,0,0,0,0,0,1,-1,1,0,1,1,1,0,0,0,0,0,16,0,0,6,7,4,1,4,3,2,27,20,0,0,0,0,0,0,0,0,7,1,1,0,0,0,0,2,0,1,0,KRBKRNvK,DRAW,n7/8/5B2/1k5K/8/2R5/8/r7 w - - 0 1
1,1,0,0,0,0,0,1,-1,1,0,1,1,1,0,0,0,0,0,16,0,0,6,6,3,0,3,2,3,18,20,0,0,0,0,0,0,0,0,7,1,1,0,0,0,0,2,2,0,0,KRBKRNvK,DRAW,8/3r4/8/7R/k5K1/7B/8/6n1 w - - 0 1
1,1,0,0,0,0,0,1,-1,1,0,1,1,1,0,0,0,0,0,16,0,0,6,7,5,1,0,4,5,26,22,0,0,0,0,0,0,0,0,7,1,1,0,0,0,0,0,0,0,0,KRBKRNvK,DRAW,5R2/8/7K/B7/n7/1r6/8/1k6 w - - 0 1
0,1,0,0,0,0,0,1,-1,1,0,1,1,1,0,0,0,0,0,16,0,0,4,6,3,2,0,2,4,26,21,0,0,0,0,0,0,0,0,7,1,1,0,0,0,0,2,2,0,0,KRBKRNvK,DRAW,8/8/8/r7/2n3K1/8/6BR/2k5 b - - 0 1
1,1,0,0,0,0,0,1,-1,1,0,1,1,1,0,0,0,0,0,16,0,0,5,0,5,2,0,4,4,22,16,0,0,0,0,0,0,0,0,7,1,1,1,0,0,0,2,1,0,0,KRBKRNvK,DRAW,4B3/3R4/K7/6n1/8/8/8/2k3r1 w - - 0 1
0,1,0,0,0,0,0,1,-1,1,0,1,1,1,0,0,0,0,0,16,0,0,7,7,2,0,5,4,4,17,27,0,0,0,0,0,0,0,0,7,1,1,1,0,0,0,1,2,1,0,KRBKRNvK,DRAW,8/1nR5/k7/r7/8/1B5K/8/8 b - - 0 1
0,1,0,0,0,0,0,1,-1,1,0,1,1,1,0,0,0,0,0,16,0,0,5,0,4,5,7,3,4,15,25,0,0,0,0,0,0,0,0,7,1,1,0,0,0,0,1,0,0,0,KRBKRNvK,DRAW,5k2/8/8/K7/8/8/1R3B1n/7r b - - 0 1
0,1,0,0,0,0,0,1,-1,1,0,1,1,1,0,0,0,0,0,16,0,0,4,5,4,1,4,1,2,6,0,1,0,0,0,0,0,0,0,7,1,1,0,0,0,0,2,2,1,1,KRBKRNvK,LOSS,8/1n1B4/8/1k3K2/8/4r3/8/4R3 b - - 0 1
0,1,0,0,0,0,0,1,-1,1,0,1,1,1,0,0,0,0,0,16,0,0,3,7,7,4,6,6,2,4,0,1,0,0,0,0,0,0,0,7,1,1,1,0,0,0,0,3,1,0,KRBKRNvK,DRAW,7K/2R1k3/8/5rn1/8/B7/8/8 b - - 0 1
1,1,0,0,0,0,0,1,-1,1,0,1,1,1,0,0,0,0,0,16,0,0,2,4,5,2,6,1,3,23,28,0,0,0,0,0,0,0,0,7,1,1,0,0,0,0,2,2,0,2,KRBKRNvK,DRAW,8/2k5/3nK3/8/5r2/1B6/8/7R w - - 0 1
1,1,0,0,0,0,0,1,-1,1,0,1,1,1,0,0,0,0,0,16,0,0,3,4,2,1,0,1,5,22,15,0,0,0,0,0,0,0,0,7,1,1,0,0,0,0,2,0,0,0,KRBKRNvK,DRAW,r1B5/8/7n/8/8/4K3/4R3/1k6 w - - 0 1
1,1,0,0,0,0,0,1,-1,1,0,1,1,1,0,0,0,0,0,16,0,0,5,5,6,1,1,3,4,7,0,1,0,0,0,0,0,0,0,7,1,1,0,0,0,0,2,2,0,1,KRBKRNvK,DRAW,3n4/1B3K2/8/r3R3/8/8/1k6/8 w - - 0 1
1,1,0,0,0,0,0,1,-1,1,0,1,1,1,0,0,0,0,0,16,0,0,3,7,3,4,5,3,1,26,23,0,0,0,0,0,0,0,0,7,1,1,0,0,0,0,2,3,2,0,KRBKRNvK,DRAW,4B3/1r6/4k3/5R2/7K/8/3n4/8 w - - 0 1
0,1,0,0,0,0,0,1,-1,1,0,1,1,1,0,0,0,0,0,16,0,0,6,4,1,2,7,2,4,21,26,0,0,0,0,0,0,0,0,7,1,1,0,0,0,0,2,2,1,0,KRBKRNvK,DRAW,2k2n2/B7/8/5r2/6R1/8/4K3/8 b - - 0 1
1,1,0,0,0,0,0,1,-1,1,0,1,1,1,0,0,0,0,0,16,0,0,3,7,4,4,5,3,1,6,0,1,0,0,0,0,0,0,0,7,1,1,1,0,0,0,1,2,1,0,KRBKRNvK,DRAW,8/n1R5/4k3/1r5K/8/8/8/1B6 w - - 0 1
1,1,0,0,0,0,0,1,-1,1,0,1,1,1,0,0,0,0,0,16,0,0,4,0,3,2,7,3,4,3,0,1,0,0,0,0,0,0,0,7,1,1,1,1,0,0,0,1,0,1,KRBKRNvK,DRAW,2k5/5n1R/7B/8/K7/8/r7/8 w - - 0 1
0,1,0,0,0,0,0,1,-1,1,0,1,1,1,0,0,0,0,0,16,0,0,2,2,3,1,1,1,4,4,0,1,0,0,0,0,0,0,0,7,1,1,0,0,0,0,3,2,1,0,KRBKRNvK,DRAW,8/8/3B4/8/2K4n/1R6/1k6/3r4 b - - 0 1
1,1,0,0,0,0,0,1,-1,1,0,1,1,1,0,0,0,0,0,16,0,0,7,0,5,7,0,4,6,25,17,0,0,0,0,0,0,0,0,7,1,1,1,0,0,0,2,0,0,1,KRBKRNvK,DRAW,1r2n3/3R4/K3B3/8/8/8/8/7k w - - 0 1
0,1,0,0,0,0,0,1,-1,1,0,1,1,1,0,0,0,0,0,16,0,0,3,2,5,5,7,2,4,26,17,0,0,0,0,0,0,0,0,7,1,1,0,0,0,0,2,4,0,1,KRBKRNvK,DRAW,RB3k2/8/2K2n2/3r4/8/8/8/8 b - - 0 1
1,1,0,0,0,0,0,1,-1,1,0,1,1,1,0,0,0,0,0,16,0,0,3,1,0,0,3,5,3,3,0,1,0,0,0,0,0,0,0,7,1,1,0,0,0,0,2,2,0,1,KRBKRNvK,DRAW,8/8/8/4B3/k7/3R4/8/nK2r3 w - - 0 1
0,1,0,0,0,0,0,1,-1,1,0,1,1,1,0,0,0,0,0,16,0,0,2,6,3,6,1,2,4,24,26,0,0,0,0,0,0,0,0,7,1,1,0,0,0,0,3,1,0,1,KRBKRNvK,DRAW,3R4/6B1/8/6n1/6K1/8/6k1/7r b - - 0 1
0,1,0,0,0,0,0,1,-1,1,0,1,1,1,0,0,0,0,0,16,0,0,4,2,3,2,7,1,4,4,0,1,0,0,0,0,0,0,0,7,1,1,0,0,0,0,3,0,0,1,KRBKRNvK,LOSS,2k4R/6r1/n7/8/2KB4/8/8/8 b - - 0 1
0,1,0,0,0,0,0,1,-1,1,0,1,1,1,0,0,0,0,0,16,0,0,3,1,5,4,2,3,1,20,19,0,0,0,0,0,0,0,0,7,1,1,0,0,0,0,2,2,0,0,KRBKRNvK,DRAW,5nr1/B7/1K6/R7/8/4k3/8/8 b - - 0 1
0,1,0,0,0,0,0,1,-1,1,0,1,1,1,0,0,0,0,0,16,0,0,4,5,0,1,1,4,4,24,28,0,0,0,0,0,0,0,0,7,1,1,1,0,0,0,1,2,0,0,KRBKRNvK,DRAW,8/7R/4B3/8/2r5/8/1k6/1n3K2 b - - 0 1
1,1,0,0,0,0,0,1,-1,1,0,1,1,1,0,0,0,0,0,16,0,0,4,2,2,6,0,2,5,21,19,0,0,0,0,0,0,0,0,7,1,1,0,0,0,0,3,1,1,1,KRBKRNvK,DRAW,1r2B3/8/8/8/8/1nK1R3/8/6k1 w - - 0 1
0,1,0,0,0,0,0,1,-1,1,0,1,1,1,0,0,0,0,0,16,0,0,3,0,1,2,4,5,1,24,26,0,0,0,0,0,0,0,0,7,1,1,0,0,0,0,2,3,0,0,KRBKRNvK,DRAW,8/8/8/2kn1r2/8/8/K6B/4R3 b - - 0 1
1,1,0,0,0,0,0,1,-1,1,0,1,1,1,0,0,0,0,0,16,0,0,7,7,2,0,2,4,4,23,22,0,0,0,0,0,0,0,0,7,1,1,0,0,0,0,3,0,0,0,KRBKRNvK,DRAW,8/1r6/8/7R/n7/k6K/8/6B1 w - - 0 1
0,1,0,0,0,0,0,1,-1,1,0,1,1,1,0,0,0,0,0,16,0,0,5,4,1,2,6,2,3,4,0,1,0,0,0,0,0,0,0,7,1,1,0,0,0,0,1,2,1,0,KRBKRNvK,DRAW,6r1/2k5/R4n2/8/5B2/8/4K3/8 b - - 0 1
1,1,0,0,0,0,0,1,-1,1,0,1,1,1,0,0,0,0,0,16,0,0,5,1,2,6,7,3,5,4,0,1,0,0,0,0,0,0,0,7,1,1,1,1,0,0,0,1,0,1,KRBKRNvK,DRAW,6k1/1R6/B7/2n5/8/1K6/6r1/8 w - - 0 1
1,1,0,0,0,0,0,1,-1,1,0,1,1,1,0,0,0,0,0,16,0,0,6,6,6,0,1,4,5,26,24,0,0,0,0,0,0,0,0,7,1,1,0,0,0,0,2,3,1,1,KRBKRNvK,DRAW,8/6K1/7B/4r3/2R5/1n6/k7/8 w - - 0 1
1,1,0,0,0,0,0,1,-1,1,0,1,1,1,0,0,0,0,0,16,0,0,3,3,0,0,1,3,5,26,18,0,0,0,0,0,0,0,0,7,1,1,0,0,0,0,1,2,1,0,KRBKRNvK,DRAW,8/8/8/2B5/7r/2R5/k7/3K3n w - - 0 1
1,1,0,0,0,0,0,1,-1,1,0,1,1,1,0,0,0,0,0,16,0,0,6,0,3,6,3,3,2,28,23,0,0,0,0,0,0,0,0,7,1,1,1,0,0,0,2,2,1,0,KRBKRNvK,DRAW,4n3/3R4/4r3/8/K5k1/8/5B2/8 w - - 0 1
0,1,0,0,0,0,0,1,-1,1,0,1,1,1,0,0,0,0,0,16,0,0,2,6,4,5,2,2,2,20,16,0,0,0,0,0,0,0,0,7,1,1,0,0,0,0,0,1,1,0,KRBKRNvK,DRAW,8/8/6R1/6K1/7B/5k2/7n/1r6 b - - 0 1
1,1,0,0,0,0,0,1,-1,1,0,1,1,1,0,0,0,0,0,16,0,0,4,5,5,1,6,2,4,21,24,0,0,0,0,0,0,0,0,7,1,1,0,0,0,0,1,3,1,0,KRBKRNvK,DRAW,8/1k6/2n2K2/B1r5/8/R7/8/8 w - - 0 1
1,1,0,0,0,0,0,1,-1,1,0,1,1,1,0,0,0,0,0,16,0,0,6,6,7,0,7,5,6,18,20,0,0,0,0,0,0,0,0,7,1,1,0,0,0,0,2,2,0,0,KRBKRNvK,DRAW,k5KR/6B1/8/r7/8/8/8/2n5 w - - 0 1
0,1,0,0,0,0,0,1,-1,1,0,1,1,1,0,0,0,0,0,16,0,0,3,7,0,4,0,6,3,24,25,0,0,0,0,0,0,0,0,7,1,1,0,0,0,0,2,1,0,0,KRBKRNvK,DRAW,8/r7/8/2B3n1/6R1/8/8/4k2K b - - 0 1
0,1,0,0,0,0,0,1,-1,1,0,1,1,1,0,0,0,0,0,16,0,0,6,7,6,1,1,5,4,20,23,0,0,0,0,0,0,0,0,7,1,1,0,0,0,0,0,0,0,1,KRBKRNvK,DRAW,7n/7K/8/B7/8/2r5/1k6/5R2 b - - 0 1
0,1,0,0,0,0,0,1,-1,1,0,1,1,1,0,0,0,0,0,16,0,0,4,0,1,4,0,5,3,27,26,0,0,0,0,0,0,0,0,7,1,1,0,0,0,0,2,2,1,0,KRBKRNvK,DRAW,8/3r4/8/8/5n2/6R1/K7/4k2B b - - 0 1
1,1,0,0,0,0,0,1,-1,1,0,1,1,1,0,0,0,0,0,16,0,0,5,7,5,2,6,4,3,23,21,0,0,0,0,0,0,0,0,7,1,1,0,0,0,0,2,1,1,0,KRBKRNvK,DRAW,3R4/2k5/r3n2K/7B/8/8/8/8 w - - 0 1
1,1,0,0,0,0,0,1,-1,1,0,1,1,1,0,0,0,0,0,16,0,0,6,7,0,1,0,6,5,23,22,0,0,0,0,0,0,0,0,7,1,1,0,0,0,0,2,0,0,0,KRBKRNvK,DRAW,2n5/8/2r5/4R3/8/8/8/1k2B2K w - - 0 1
1,1,0,0,0,0,0,1,-1,1,0,1,1,1,0,0,0,0,0,16,0,0,4,4,4,0,7,0,6,5,0,1,0,0,0,0,0,0,0,7,1,1,1,0,0,0,3,2,1,0,KRBKRNvK,DRAW,k4B2/2R5/8/4K3/8/7n/8/4r3 w - - 0 1
1,1,0,0,0,0,0,1,-1,1,0,1,1,1,0,0,0,0,0,16,0,0,2,4,7,6,5,3,3,23,23,0,0,0,0,0,0,0,0,7,1,1,0,0,0,0,2,0,0,1,KRBKRNvK,DRAW,4K3/n1r5/6k1/8/8/8/B7/3R4 w - - 0 1
1,1,0,0,0,0,0,1,-1,1,0,1,1,1,0,0,0,0,0,16,0,0,4,2,5,4,1,2,2,6,0,1,0,0,0,0,0,0,0,7,1,1,0,0,0,0,1,3,0,1,KRBKRNvK,DRAW,B7/8/1RK1r3/8/8/5n2/4k3/8 w - - 0 1
1,1,0,0,0,0,0,1,-1,1,0,1,1,1,0,0,0,0,0,16,0,0,5,1,5,6,5,3,3,26,23,0,0,0,0,0,0,0,0,7,1,1,0,0,0,0,0,1,0,1,KRBKRNvK,WIN,8/2n4r/1K4k1/8/8/8/R7/3B4 w - - 0 1
0,1,0,0,0,0,0,1,-1,1,0,1,1,1,0,0,0,0,0,16,0,0,5,0,5,0,0,4,6,25,21,0,0,0,0,0,0,0,0,7,1,1,0,1,0,0,2,1,0,0,KRBKRNvK,DRAW,5B2/8/K2n4/6R1/8/8/7r/k7 b - - 0 1
0,1,0,0,0,0,0,1,-1,1,0,1,1,1,0,0,0,0,0,16,0,0,2,3,6,5,5,2,2,3,0,1,0,0,0,0,0,0,0,7,1,1,0,0,0,0,0,2,2,1,KRBKRNvK,DRAW,2n2R2/3K4/5k2/8/4r2B/8/8/8 b - - 0 1
0,1,0,0,0,0,0,1,-1,1,0,1,1,1,0,0,0,0,0,16,0,0,2,0,6,2,7,5,4,2,0,1,0,0,0,0,0,0,0,7,1,1,0,0,0,0,2,1,2,0,KRBKRNvK,DRAW,R1k5/K7/2B5/8/8/1r2n3/8/8 b - - 0 1
1,1,0,0,0,0,0,1,-1,1,0,1,1,1,0,0,0,0,0,16,0,0,6,2,0,1,6,4,4,4,0,1,0,0,0,0,0,0,0,7,1,1,0,0,0,0,1,0,0,0,KRBKRNvK,DRAW,8/1k6/8/3n4/8/6B1/R7/2K2r2 w - - 0 1
1,1,0,0,0,0,0,1,-1,1,0,1,1,1,0,0,0,0,0,16,0,0,4,1,2,5,3,3,1,28,27,0,0,0,0,0,0,0,0,7,1,1,0,0,0,0,2,3,0,1,KRBKRNvK,DRAW,R7/5nB1/8/2r5/5k2/1K6/8/8 w - - 0 1
0,1,0,0,0,0,0,1,-1,1,0,1,1,1,0,0,0,0,0,16,0,0,6,0,6,1,0,5,5,22,25,0,0,0,0,0,0,0,0,7,1,1,0,0,0,0,2,2,0,0,KRBKRNvK,DRAW,8/K7/8/6Bn/5r2/4R3/8/1k6 b - - 0 1
1,1,0,0,0,0,0,1,-1,1,0,1,1,1,0,0,0,0,0,16,0,0,5,5,0,0,1,4,5,26,25,0,0,0,0,0,0,0,0,7,1,1,0,0,0,0,0,2,0,0,KRBKRNvK,DRAW,4B3/8/4n3/8/7r/6R1/k7/5K2 w - - 0 1
0,1,0,0,0,0,0,1,-1,1,0,1,1,1,0,0,0,0,0,16,0,0,5,4,2,0,7,1,6,19,28,0,0,0,0,0,0,0,0,7,1,1,0,0,0,0,2,0,0,0,KRBKRNvK,DRAW,k7/8/1r6/2B5/6R1/4K3/1n6/8 b - - 0 1
0,1,0,0,0,0,0,1,-1,1,0,1,1,1,0,0,0,0,0,16,0,0,5,6,2,1,4,3,2,26,24,0,0,0,0,0,0,0,0,7,1,1,0,0,0,0,1,0,0,0,KRBKRNvK,DRAW,5n2/r7/8/1k6/5B2/6K1/5R2/8 b - - 0 1
1,1,0,0,0,0,0,1,-1,1,0,1,1,1,0,0,0,0,0,16,0,0,3,7,5,4,3,4,0,24,23,0,0,0,0,0,0,0,0,7,1,1,1,0,0,0,0,3,0,0,KRBKRNvK,DRAW,3B4/5R2/7K/1r6/4k3/7n/8/8 w - - 0 1
1,1,0,0,0,0,0,1,-1,1,0,1,1,1,0,0,0,0,0,16,0,0,4,7,3,3,1,3,2,26,25,0,0,0,0,0,0,0,0,7,1,1,0,0,0,0,2,2,0,0,KRBKRNvK,DRAW,4n3/6B1/1R6/2r5/7K/8/3k4/8 w - - 0 1
0,1,0,0,0,0,0,1,-1,1,0,1,1,1,0,0,0,0,0,16,0,0,5,0,3,5,5,3,2,4,0,1,0,0,0,0,0,0,0,7,1,1,1,0,0,0,0,2,1,1,KRBKRNvK,LOSS,7B/1R6/1r3k2/8/K7/8/3n4/8 b - - 0 1
0,1,0,0,0,0,0,1,-1,1,0,1,1,1,0,0,0,0,0,16,0,0,2,0,5,2,3,4,1,5,0,1,0,0,0,0,0,0,0,7,1,1,0,0,0,0,2,2,0,0,KRBKRNvK,DRAW,3r4/7n/K7/8/2k2R2/8/8/6B1 b - - 0 1
0,1,0,0,0,0,0,1,-1,1,0,1,1,1,0,0,0,0,0,16,0,0,2,5,3,6,5,1,3,23,22,0,0,0,0,0,0,0,0,7,1,1,0,0,0,0,3,2,0,2,KRBKRNvK,DRAW,8/8/6k1/8/5K2/4r1n1/B7/1R6 b - - 0 1
0,1,0,0,0,0,0,1,-1,1,0,1,1,1,0,0,0,0,0,16,0,0,7,6,0,1,7,5,5,25,26,0,0,0,0,0,0,0,0,7,1,1,0,0,0,0,3,2,0,1,KRBKRNvK,DRAW,1k6/6B1/4R3/8/2r5/6n1/8/6K1 b - - 0 1
1,1,0,0,0,0,0,1,-1,1,0,1,1,1,0,0,0,0,0,16,0,0,5,3,7,7,2,3,4,25,24,0,0,0,0,0,0,0,0,7,1,1,1,0,0,0,0,1,1,0,KRBKRNvK,DRAW,3K4/R7/6r1/8/7B/7k/2n5/8 w - - 0 1
1,1,0,0,0,0,0,1,-1,1,0,1,1,1,0,0,0,0,0,16,0,0,6,2,6,0,0,3,6,27,23,0,0,0,0,0,0,0,0,7,1,1,0,0,0,0,3,1,0,0,KRBKRNvK,WIN,7r/2K5/8/2B2R2/8/8/3n4/k7 w - - 0 1
1,1,0,0,0,0,0,1,-1,1,0,1,1,1,0,0,0,0,0,16,0,0,3,3,4,6,1,0,4,24,10,0,0,0,0,0,0,0,0,7,1,1,0,0,0,0,4,0,0,0,KRBKRNvK,DRAW,r1n5/B7/8/3K4/8/8/6k1/3R4 w - - 0 1
0,1,0,0,0,0,0,1,-1,1,0,1,1,1,0,0,0,0,0,16,0,0,4,4,0,4,4,3,0,6,0,1,0,0,0,0,0,0,0,7,1,1,0,0,0,0,2,3,0,0,KRBKRNvK,DRAW,6R1/8/1n4r1/4k3/8/8/8/B3K3 b - - 0 1
0,1,0,0,0,0,0,1,-1,1,0,1,1,1,0,0,0,0,0,16,0,0,5,6,0,1,5,5,3,19,22,0,0,0,0,0,0,0,0,7,1,1,1,0,0,0,0,2,0,0,KRBKRNvK,DRAW,4B3/7R/1k6/2r4n/8/8/8/6K1 b - - 0 1
0,1,0,0,0,0,0,1,-1,1,0,1,1,1,0,0,0,0,0,16,0,0,5,7,2,2,5,4,2,7,0,1,0,0,0,0,0,0,0,7,1,1,1,0,0,0,2,2,0,1,KRBKRNvK,LOSS,8/5R2/2k2n2/8/8/7K/6B1/5r2 b - - 0 1
0,1,0,0,0,0,0,1,-1,1,0,1,1,1,0,0,0,0,0,16,0,0,7,0,0,7,4,6,3,2,0,1,0,0,0,0,0,0,0,7,1,1,0,1,0,0,1,0,0,0,KRBKRNvK,LOSS,7R/8/8/7k/8/3B4/7r/K5n1 b - - 0 1
1,1,0,0,0,0,0,1,-1,1,0,1,1,1,0,0,0,0,0,16,0,0,5,5,1,0,4,3,3,5,0,1,0,0,0,0,0,0,0,7,1,1,1,0,0,0,1,0,0,1,KRBKRNvK,DRAW,8/5R2/8/k7/8/1r6/5K2/1B1n4 w - - 0 1
0,1,0,0,0,0,0,1,-1,1,0,1,1,1,0,0,0,0,0,16,0,0,3,1,4,4,6,2,2,23,26,0,0,0,0,0,0,0,0,7,1,1,0,0,0,0,1,0,1,0,KRBKRNvK,DRAW,4n3/4k3/7r/1K2B3/8/8/1R6/8 b - - 0 1
1,1,0,0,0,0,0,1,-1,1,0,1,1,1,0,0,0,0,0,16,0,0,6,7,7,1,1,6,4,2,0,1,0,0,0,0,0,0,0,7,1,1,0,0,0,0,0,3,0,1,KRBKRNvK,DRAW,3r3K/5n2/7R/1B6/8/8/1k6/8 w - - 0 1
0,1,0,0,0,0,0,1,-1,1,0,1,1,1,0,0,0,0,0,16,0,0,2,6,0,5,2,5,2,22,21,0,0,0,0,0,0,0,0,7,1,1,0,0,0,0,0,2,1,0,KRBKRNvK,DRAW,7R/8/8/8/8/1r1n1k1B/8/6K1 b - - 0 1
0,1,0,0,0,0,0,1,-1,1,0,1,1,1,0,0,0,0,0,16,0,0,4,5,7,7,3,4,3,24,28,0,0,0,0,0,0,0,0,7,1,1,1,0,0,0,1,2,1,0,KRBKRNvK,DRAW,5K2/R7/1n4B1/2r5/7k/8/8/8 b - - 0 1
1,1,0,0,0,0,0,1,-1,1,0,1,1,1,0,0,0,0,0,16,0,0,2,2,4,1,6,1,4,20,20,0,0,0,0,0,0,0,0,7,1,1,0,1,0,0,3,0,0,0,KRBKRNvK,DRAW,n7/1k6/8/2K3R1/8/8/r7/6B1 w - - 0 1
1,1,0,0,0,0,0,1,-1,1,0,1,1,1,0,0,0,0,0,16,0,0,3,4,3,7,3,0,3,24,21,0,0,0,0,0,0,0,0,7,1,1,1,0,0,0,4,2,0,1,KRBKRNvK,DRAW,8/3R4/2B5/6r1/4K2k/8/8/1n6 w - - 0 1
0,1,0,0,0,0,0,1,-1,1,0,1,1,1,0,0,0,0,0,16,0,0,5,3,1,7,6,2,5,4,0,1,0,0,0,0,0,0,0,7,1,1,1,0,0,0,2,1,1,0,KRBKRNvK,DRAW,1r6/5R1k/4n3/8/8/8/3K4/B7 b - - 0 1
0,1,0,0,0,0,0,1,-1,1,0,1,1,1,0,0,0,0,0,16,0,0,6,7,7,1,1,6,4,23,22,0,0,0,0,0,0,0,0,7,1,1,0,0,0,0,0,2,1,1,KRBKRNvK,DRAW,7K/7n/4r3/8/8/8/1k1B2R1/8 b - - 0 1
1,1,0,0,0,0,0,1,-1,1,0,1,1,1,0,0,0,0,0,16,0,0,4,4,7,7,3,3,3,21,21,0,0,0,0,0,0,0,0,7,1,1,0,0,0,0,2,0,0,0,KRBKRNvK,DRAW,4K3/8/3R4/8/7k/B4r2/7n/8 w - - 0 1
1,1,0,0,0,0,0,1,-1,1,0,1,1,1,0,0,0,0,0,16,0,0,4,4,5,0,1,1,5,29,18,0,0,0,0,0,0,0,0,7,1,1,1,0,0,0,3,2,0,1,KRBKRNvK,DRAW,8/1R6/2n1K3/8/8/8/k4B2/5r2 w - - 0 1
1,1,0,0,0,0,0,1,-1,1,0,1,1,1,0,0,0,0,0,16,0,0,4,5,5,3,1,2,2,7,0,1,0,0,0,0,0,0,0,7,1,1,0,1,0,0,2,0,0,1,KRBKRNvK,DRAW,1R6/8/5K2/7n/8/8/Br1k4/8 w - - 0 1
1,1,0,0,0,0,0,1,-1,1,0,1,1,1,0,0,0,0,0,16,0,0,2,5,3,3,2,1,1,20,15,0,0,0,0,0,0,0,0,7,1,1,0,0,0,0,3,2,1,1,KRBKRNvK,DRAW,8/B7/8/2R5/5K2/3k3r/8/n7 w - - 0 1
0,1,0,0,0,0,0,1,-1,1,0,1,1,1,0,0,0,0,0,16,0,0,4,3,7,0,3,3,3,21,25,0,0,0,0,0,0,0,0,7,1,1,0,0,0,0,3,0,1,1,KRBKRNvK,DRAW,3K1n2/8/6r1/8/k7/8/1B2R3/8 b - - 0 1
0,1,0,0,0,0,0,1,-1,1,0,1,1,1,0,0,0,0,0,16,0,0,2,5,3,5,5,1,2,17,25,0,0,0,0,0,0,0,0,7,1,1,1,1,0,0,2,3,1,1,KRBKRNvK,DRAW,8/2R5/5k2/7B/5K2/8/3r4/7n b - - 0 1
1,1,0,0,0,0,0,1,-1,1,0,1,1,1,0,0,0,0,0,16,0,0,3,1,6,4,5,4,1,23,17,0,0,0,0,0,0,0,0,7,1,1,1,0,0,0,2,3,1,0,KRBKRNvK,DRAW,8/1KR5/4k3/8/8/rn6/6B1/8 w - - 0 1
1,1,0,0,0,0,0,1,-1,1,0,1,1,1,0,0,0,0,0,16,0,0,5,6,1,7,6,4,5,28,18,0,0,0,0,0,0,0,0,7,1,1,0,0,0,0,1,2,1,0,KRBKRNvK,WIN,8/5B1k/1R6/n4r2/8/8/6K1/8 w - - 0 1
1,1,0,0,0,0,0,1,-1,1,0,1,1,1,0,0,0,0,0,16,0,0,3,3,3,5,6,0,3,5,0,1,0,0,0,0,0,0,0,7,1,1,0,0,0,0,4,3,0,1,KRBKRNvK,DRAW,8/5k2/1B6/8/1R1K2r1/5n2/8/8 w - - 0 1
1,1,0,0,0,0,0,1,-1,1,0,1,1,1,0,0,0,0,0,16,0,0,3,4,7,4,4,3,0,25,19,0,0,0,0,0,0,0,0,7,1,1,1,0,0,0,1,4,0,0,KRBKRNvK,DRAW,4K3/BR6/8/r3k3/8/8/7n/8 w - - 0 1
0,1,0,0,0,0,0,1,-1,1,0,1,1,1,0,0,0,0,0,16,0,0,5,5,2,0,0,2,6,22,22,0,0,0,0,0,0,0,0,7,1,1,0,1,0,0,2,1,0,0,KRBKRNvK,DRAW,8/8/3B1R2/8/1n6/5K2/2r5/k7 b - - 0 1
1,1,0,0,0,0,0,1,-1,1,0,1,1,1,0,0,0,0,0,16,0,0,4,7,6,3,4,5,0,21,24,0,0,0,0,0,0,0,0,7,1,1,0,0,0,0,0,3,0,0,KRBKRNvK,DRAW,8/7K/8/3k4/4r2B/7R/8/1n6 w - - 0 1
1,1,0,0,0,0,0,1,-1,1,0,1,1,1,0,0,0,0,0,16,0,0,7,7,3,0,1,3,5,24,20,0,0,0,0,0,0,0,0,7,1,1,0,0,0,0,2,1,1,0,KRBKRNvK,DRAW,8/4B3/1n6/8/2R4K/1r6/k7/8 w - - 0 1
0,1,0,0,0,0,0,1,-1,1,0,1,1,1,0,0,0,0,0,16,0,0,5,3,7,7,2,3,4,3,0,1,0,0,0,0,0,0,0,7,1,1,0,0,0,0,2,0,0,0,KRBKRNvK,DRAW,3K4/3B4/8/3n4/2R5/r6k/8/8 b - - 0 1
0,1,0,0,0,0,0,1,-1,1,0,1,1,1,0,0,0,0,0,16,0,0,7,0,7,7,2,6,4,19,23,0,0,0,0,0,0,0,0,7,1,1,0,0,0,0,2,2,0,0,KRBKRNvK,DRAW,K7/8/6r1/8/8/4Rn1k/2B5/8 b - - 0 1
0,1,0,0,0,0,0,1,-1,1,0,1,1,1,0,0,0,0,0,16,0,0,3,5,6,2,5,3,2,24,19,0,0,0,0,0,0,0,0,7,1,1,0,0,0,0,2,3,0,1,KRBKRNvK,DRAW,4r3/5K2/2k5/5R2/1n6/B7/8/8 b - - 0 1
0,1,0,0,0,0,0,1,-1,1,0,1,1,1,0,0,0,0,0,16,0,0,2,3,7,5,6,3,3,26,28,0,0,0,0,0,0,0,0,7,1,1,0,0,0,0,1,1,1,1,KRBKRNvK,DRAW,3K4/5k2/1r6/4B3/5n2/8/8/2R5 b - - 0 1
0,1,0,0,0,0,0,1,-1,1,0,1,1,1,0,0,0,0,0,16,0,0,6,3,1,3,7,2,3,7,22,0,0,0,0,0,0,0,0,7,1,1,0,0,0,0,2,2,0,0,KRBKRNvK,LOSS,3k4/4r3/8/6B1/7R/8/n2K4/8 b - - 0 1
0,1,0,0,0,0,0,1,-1,1,0,1,1,1,0,0,0,0,0,16,0,0,6,3,6,7,0,2,6,21,22,0,0,0,0,0,0,0,0,7,1,1,0,0,0,0,3,0,0,1,KRBKRNvK,DRAW,1r6/3K4/4R3/8/n7/8/B7/7k b - - 0 1
1,1,0,0,0,0,0,1,-1,1,0,1,1,1,0,0,0,0,0,16,0,0,5,4,0,5,5,3,2,3,0,1,0,0,0,0,0,0,0,7,1,1,0,0,0,0,2,1,0,1,KRBKRNvK,DRAW,B7/3n4/5k2/8/8/8/7R/4K1r1 w - - 0 1
1,1,0,0,0,0,0,1,-1,1,0,1,1,1,0,0,0,0,0,16,0,0,6,5,1,4,7,3,3,27,20,0,0,0,0,0,0,0,0,7,1,1,1,0,0,0,1,1,1,1,KRBKRNvK,DRAW,r3k3/2R5/8/8/2B2n2/8/5K2/8 w - - 0 1
0,1,0,0,0,0,0,1,-1,1,0,1,1,1,0,0,0,0,0,16,0,0,5,1,6,6,7,4,5,2,0,1,0,0,0,0,0,0,0,7,1,1,0,0,0,0,3,2,1,0,KRBKRNvK,DRAW,4R1k1/1K6/8/7r/4B3/8/8/4n3 b - - 0 1
1,1,0,0,0,0,0,1,-1,1,0,1,1,1,0,0,0,0,0,16,0,0,2,5,2,3,0,2,3,24,19,0,0,0,0,0,0,0,0,7,1,1,0,0,0,0,3,2,1,0,KRBKRNvK,DRAW,4r3/8/5R2/8/8/2B2K2/8/2nk4 w - - 0 1
1,1,0,0,0,0,0,1,-1,1,0,1,1,1,0,0,0,0,0,16,0,0,2,5,6,5,4,3,1,18,26,0,0,0,0,0,0,0,0,7,1,1,0,0,0,0,0,4,0,0,KRBKRNvK,DRAW,5R2/5K2/8/5k2/1r6/2n5/8/3B4 w - - 0 1
0,1,0,0,0,0,0,1,-1,1,0,1,1,1,0,0,0,0,0,16,0,0,7,0,3,7,0,3,6,3,0,1,0,0,0,0,0,0,0,7,1,1,1,1,0,0,0,2,0,0,KRBKRNvK,DRAW,8/3B3R/8/8/K7/8/4r3/n6k b - - 0 1
0,1,0,0,0,0,0,1,-1,1,0,1,1,1,0,0,0,0,0,16,0,0,4,7,4,3,0,3,3,20,25,0,0,0,0,0,0,0,0,7,1,1,0,1,0,0,3,2,0,0,KRBKRNvK,DRAW,1n6/8/8/7K/6R1/8/3r4/3k3B b - - 0 1
1,1,0,0,0,0,0,1,-1,1,0,1,1,1,0,0,0,0,0,16,0,0,2,3,4,1,4,0,2,3,0,1,0,0,0,0,0,0,0,7,1,1,0,1,0,0,3,2,0,0,KRBKRNvK,DRAW,8/8/8/1k1K4/8/8/3r4/3B2nR w - - 0 1
0,1,0,0,0,0,0,1,-1,1,0,1,1,1,0,0,0,0,0,16,0,0,2,7,1,5,2,5,2,21,19,0,0,0,0,0,0,0,0,7,1,1,0,0,0,0,2,1,0,0,KRBKRNvK,WIN,6r1/8/8/B7/1R6/5k2/7K/2n5 b - - 0 1
0,1,0,0,0,0,0,1,-1,1,0,1,1,1,0,0,0,0,0,16,0,0,2,5,3,6,5,1,3,21,15,0,0,0,0,0,0,0,0,7,1,1,0,0,0,0,3,2,2,1,KRBKRNvK,DRAW,4nR1B/8/6k1/8/5K2/3r4/8/8 b - - 0 1
1,1,0,0,0,0,0,1,-1,1,0,1,1,1,0,0,0,0,0,16,0,0,5,1,1,1,6,4,4,26,23,0,0,0,0,0,0,0,0,7,1,1,0,0,0,0,2,0,1,0,KRBKRNvK,DRAW,3B4/1k4n1/2r5/4R3/8/8/1K6/8 w - - 0 1
0,1,0,0,0,0,0,1,-1,1,0,1,1,1,0,0,0,0,0,16,0,0,3,0,5,3,4,4,0,4,0,1,0,0,0,0,0,0,0,7,1,1,0,0,0,0,2,3,0,1,KRBKRNvK,DRAW,6B1/2r5/K7/3k4/8/8/7n/3R4 b - - 0 1
0,1,0,0,0,0,0,1,-1,1,0,1,1,1,0,0,0,0,0,16,0,0,7,0,4,7,4,3,3,16,26,0,0,0,0,0,0,0,0,7,1,1,0,1,0,0,2,0,0,0,KRBKRNvK,DRAW,8/8/3R4/K6k/8/8/7r/2Bn4 b - - 0 1
1,1,0,0,0,0,0,1,-1,1,0,1,1,1,0,0,0,0,0,16,0,0,6,6,5,0,3,3,3,7,0,1,0,0,0,0,0,0,0,7,1,1,0,0,0,0,0,1,0,1,KRBKRNvK,DRAW,8/4n3/6K1/8/k7/8/6R1/1r3B2 w - - 0 1
0,1,0,0,0,0,0,1,-1,1,0,1,1,1,0,0,0,0,0,16,0,0,4,3,2,7,3,1,3,27,32,0,0,0,0,0,0,0,0,7,1,1,0,0,0,0,3,0,0,1,KRBKRNvK,DRAW,2R5/8/r7/8/3Bn2k/3K4/8/8 b - - 0 1
1,1,0,0,0,0,0,1,-1,1,0,1,1,1,0,0,0,0,0,16,0,0,7,5,0,3,7,4,3,26,22,0,0,0,0,0,0,0,0,7,1,1,0,0,0,0,0,2,0,0,KRBKRNvK,DRAW,3k4/8/6R1/7r/8/8/n7/2B2K2 w - - 0 1
0,1,0,0,0,0,0,1,-1,1,0,1,1,1,0,0,0,0,0,16,0,0,7,0,0,7,5,6,4,24,24,0,0,0,0,0,0,0,0,7,1,1,0,0,0,0,1,3,0,1,KRBKRNvK,DRAW,8/8/7k/5r2/3B4/2n5/8/K5R1 b - - 0 1
0,1,0,0,0,0,0,1,-1,1,0,1,1,1,0,0,0,0,0,16,0,0,3,3,4,6,5,0,3,4,0,1,0,0,0,0,0,0,0,7,1,1,0,0,0,0,4,1,1,1,KRBKRNvK,DRAW,4r3/3n4/4B1k1/3K4/8/6R1/8/8 b - - 0 1
0,1,0,0,0,0,0,1,-1,1,0,1,1,1,0,0,0,0,0,16,0,0,5,1,7,6,4,5,2,14,20,0,0,0,0,0,0,0,0,7,1,1,0,0,0,0,2,0,0,1,KRBKRNvK,DRAW,1K1n2r1/8/8/6k1/8/8/6BR/8 b - - 0 1
0,1,0,0,0,0,0,1,-1,1,0,1,1,1,0,0,0,0,0,16,0,0,3,3,4,6,3,0,2,24,23,0,0,0,0,0,0,0,0,7,1,1,0,0,0,0,3,0,0,1,KRBKRNvK,DRAW,2R4B/8/8/3K4/3n2k1/6r1/8/8 b - - 0 1
1,1,0,0,0,0,0,1,-1,1,0,1,1,1,0,0,0,0,0,16,0,0,2,5,3,7,5,1,4,26,22,0,0,0,0,0,0,0,0,7,1,1,0,0,0,0,3,3,0,0,KRBKRNvK,DRAW,1R6/B2n4/7k/8/5K2/8/8/3r4 w - - 0 1
0,1,0,0,0,0,0,1,-1,1,0,1,1,1,0,0,0,0,0,16,0,0,4,7,4,3,3,3,0,5,0,1,0,0,0,0,0,0,0,7,1,1,0,0,0,0,1,3,1,1,KRBKRNvK,DRAW,8/8/6n1/7K/R2k4/2r5/4B3/8 b - - 0 1
0,1,0,0,0,0,0,1,-1,1,0,1,1,1,0,0,0,0,0,16,0,0,4,0,7,0,3,6,3,3,0,1,0,0,0,0,0,0,0,7,1,1,0,1,0,0,2,0,1,0,KRBKRNvK,DRAW,K7/8/8/8/k2R4/8/1rB5/2n5 b - - 0 1
1,1,0,0,0,0,0,1,-1,1,0,1,1,1,0,0,0,0,0,16,0,0,6,6,7,1,1,5,4,19,28,0,0,0,0,0,0,0,0,7,1,1,0,0,0,0,2,1,0,0,KRBKRNvK,DRAW,3RB1K1/2r5/8/8/8/8/1k3n2/8 w - - 0 1
0,1,0,0,0,0,0,1,-1,1,0,1,1,1,0,0,0,0,0,16,0,0,4,3,3,3,7,0,3,4,0,1,0,0,0,0,0,0,0,7,1,1,0,0,0,0,4,1,1,1,KRBKRNvK,DRAW,3k4/5r2/3R4/8/3K4/3n3B/8/8 b - - 0 1
0,1,0,0,0,0,0,1,-1,1,0,1,1,1,0,0,0,0,0,16,0,0,5,4,5,0,0,1,6,1,0,1,0,0,0,0,0,0,0,7,1,1,1,1,0,0,3,1,0,0,KRBKRNvK,DRAW,8/R7/4K3/4B3/8/8/4n1r1/k7 b - - 0 1
1,1,0,0,0,0,0,1,-1,1,0,1,1,1,0,0,0,0,0,16,0,0,2,1,5,3,5,3,1,24,16,0,0,0,0,0,0,0,0,7,1,1,1,0,0,0,0,4,0,1,KRBKRNvK,DRAW,8/7R/BK1k4/8/r7/8/n7/8 w - - 0 1
1,1,0,0,0,0,0,1,-1,1,0,1,1,1,0,0,0,0,0,16,0,0,5,0,3,5,0,3,4,5,0,1,0,0,0,0,0,0,0,7,1,1,1,0,0,0,0,2,0,0,KRBKRNvK,DRAW,n7/R3B3/8/8/K4r2/8/8/5k2 w - - 0 1
1,1,0,0,0,0,0,1,-1,1,0,1,1,1,0,0,0,0,0,16,0,0,4,6,2,5,6,3,3,7,0,1,0,0,0,0,0,0,0,7,1,1,0,1,0,0,1,1,0,1,KRBKRNvK,LOSS,8/B4k2/8/8/8/2R3K1/2r1n3/8 w - - 0 1
1,1,0,0,0,0,0,1,-1,1,0,1,1,1,0,0,0,0,0,16,0,0,7,3,0,3,7,3,3,25,19,0,0,0,0,0,0,0,0,7,1,1,0,0,0,0,2,2,1,0,KRBKRNvK,DRAW,3k1B2/8/8/1r6/8/8/4R3/3K3n w - - 0 1
0,1,0,0,0,0,0,1,-1,1,0,1,1,1,0,0,0,0,0,16,0,0,3,1,5,4,2,3,1,16,29,0,0,0,0,0,0,0,0,7,1,1,0,0,0,0,3,2,2,0,KRBKRNvK,DRAW,8/8/1K6/3R4/8/3Bk3/2n5/2r5 b - - 0 1
0,1,0,0,0,0,0,1,-1,1,0,1,1,1,0,0,0,0,0,16,0,0,3,3,3,5,6,0,3,24,19,0,0,0,0,0,0,0,0,7,1,1,0,0,0,0,4,2,0,2,KRBKRNvK,DRAW,8/5k2/8/5r2/R2K1nB1/8/8/8 b - - 0 1
0,1,0,0,0,0,0,1,-1,1,0,1,1,1,0,0,0,0,0,16,0,0,3,3,2,1,5,1,3,20,24,0,0,0,0,0,0,0,0,7,1,1,0,1,0,0,2,1,1,0,KRBKRNvK,DRAW,R7/8/1k4B1/8/6n1/3K4/6r1/8 b - - 0 1
0,1,0,0,0,0,0,1,-1,1,0,1,1,1,0,0,0,0,0,16,0,0,6,2,1,3,7,3,3,3,0,1,0,0,0,0,0,0,0,7,1,1,0,0,0,0,1,1,0,0,KRBKRNvK,DRAW,R2k4/4n1r1/8/8/8/8/2K5/6B1 b - - 0 1
1,1,0,0,0,0,0,1,-1,1,0,1,1,1,0,0,0,0,0,16,0,0,2,7,7,7,5,6,4,1,0,1,0,0,0,0,0,0,0,7,1,1,0,0,0,0,0,0,0,2,KRBKRNvK,DRAW,5n1K/7r/7k/8/1B6/1R6/8/8 w - - 0 1
0,1,0,0,0,0,0,1,-1,1,0,1,1,1,0,0,0,0,0,16,0,0,3,5,3,2,3,1,1,19,30,0,0,0,0,0,0,0,0,7,1,1,0,0,0,0,3,3,1,1,KRBKRNvK,DRAW,8/3r4/3n4/8/2k2K2/5B2/1R6/8 b - - 0 1
0,1,0,0,0,0,0,1,-1,1,0,1,1,1,0,0,0,0,0,16,0,0,4,0,0,2,4,6,1,23,18,0,0,0,0,0,0,0,0,7,1,1,0,1,0,0,0,2,1,0,KRBKRNvK,DRAW,R7/8/8/2k5/B7/8/5r2/K2n4 b - - 0 1
0,1,0,0,0,0,0,1,-1,1,0,1,1,1,0,0,0,0,0,16,0,0,3,3,2,6,5,1,3,5,0,1,0,0,0,0,0,0,0,7,1,1,0,0,0,0,2,2,1,1,KRBKRNvK,DRAW,8/8/2R3k1/1n6/r5B1/3K4/8/8 b - - 0 1
1,1,0,0,0,0,0,1,-1,1,0,1,1,1,0,0,0,0,0,16,0,0,2,3,7,5,6,3,3,1,0,1,0,0,0,0,0,0,0,7,1,1,0,0,0,0,2,0,1,1,KRBKRNvK,DRAW,1r1K4/4Bk2/8/4n3/8/8/3R4/8 w - - 0 1
0,1,0,0,0,0,0,1,-1,1,0,1,1,1,0,0,0,0,0,16,0,0,2,2,5,2,3,2,1,20,23,0,0,0,0,0,0,0,0,7,1,1,1,0,0,0,1,2,0,0,KRBKRNvK,DRAW,8/1R6/2K5/8/2k4B/6r1/n7/8 b - - 0 1
0,1,0,0,0,0,0,1,-1,1,0,1,1,1,0,0,0,0,0,16,0,0,3,2,7,5,5,4,2,6,0,1,0,0,0,0,0,0,0,7,1,1,0,0,0,0,2,1,0,2,KRBKRNvK,DRAW,2K5/rn6/5k2/8/8/8/1B5R/8 b - - 0 1
0,1,0,0,0,0,0,1,-1,1,0,1,1,1,0,0,0,0,0,16,0,0,3,6,3,3,0,2,3,26,20,0,0,0,0,0,0,0,0,7,1,1,0,1,0,0,0,2,1,0,KRBKRNvK,DRAW,8/8/8/8/6K1/2n2R2/1r6/B2k4 b - - 0 1
0,1,0,0,0,0,0,1,-1,1,0,1,1,1,0,0,0,0,0,16,0,0,7,7,3,0,5,3,4,20,18,0,0,0,0,0,0,0,0,7,1,1,0,0,0,0,3,2,1,0,KRBKRNvK,DRAW,B7/6n1/k7/3R4/7K/4r3/8/8 b - - 0 1
0,1,0,0,0,0,0,1,-1,1,0,1,1,1,0,0,0,0,0,16,0,0,6,7,5,1,0,4,5,2,0,1,0,0,0,0,0,0,0,7,1,1,0,0,0,0,0,1,0,0,KRBKRNvK,DRAW,8/r7/7K/2n5/B7/8/8/1k3R2 b - - 0 1
1,1,0,0,0,0,0,1,-1,1,0,1,1,1,0,0,0,0,0,16,0,0,6,1,3,7,6,2,5,7,0,1,0,0,0,0,0,0,0,7,1,1,0,0,0,0,1,3,1,0,KRBKRNvK,DRAW,8/5B1k/8/8/1K2r3/2R5/5n2/8 w - - 0 1
0,1,0,0,0,0,0,1,-1,1,0,1,1,1,0,0,0,0,0,16,0,0,4,5,1,1,2,3,3,23,29,0,0,0,0,0,0,0,0,7,1,1,0,0,0,0,1,0,0,0,KRBKRNvK,DRAW,8/1n6/7R/8/5B2/1kr5/5K2/8 b - - 0 1
1,1,0,0,0,0,0,1,-1,1,0,1,1,1,0,0,0,0,0,16,0,0,5,3,7,3,2,3,1,3,0,1,0,0,0,0,0,0,0,7,1,1,1,0,0,0,0,4,1,2,KRBKRNvK,DRAW,3K4/6R1/2nr4/8/8/3k4/8/4B3 w - - 0 1
0,1,0,0,0,0,0,1,-1,1,0,1,1,1,0,0,0,0,0,16,0,0,6,0,5,6,4,4,2,23,23,0,0,0,0,0,0,0,0,7,1,1,0,0,0,0,0,0,0,0,KRBKRNvK,DRAW,7r/8/K7/6k1/8/8/nR2B3/8 b - - 0 1
1,1,0,0,0,0,0,1,-1,1,0,1,1,1,0,0,0,0,0,16,0,0,5,4,6,2,1,2,3,5,0,1,0,0,0,0,0,0,0,7,1,1,0,0,0,0,1,2,1,1,KRBKRNvK,DRAW,8/4K3/6n1/8/4r3/5R2/B1k5/8 w - - 0 1
0,1,0,0,0,0,0,1,-1,1,0,1,1,1,0,0,0,0,0,16,0,0,4,0,4,4,3,3,0,19,20,0,0,0,0,0,0,0,0,7,1,1,0,0,0,0,1,4,0,0,KRBKRNvK,DRAW,1B6/8/8/K7/3rk2n/8/R7/8 b - - 0 1
1,1,0,0,0,0,0,1,-1,1,0,1,1,1,0,0,0,0,0,16,0,0,4,5,1,1,2,3,3,28,26,0,0,0,0,0,0,0,0,7,1,1,0,0,0,0,2,2,0,0,KRBKRNvK,DRAW,8/8/B3R3/2r5/1n6/1k6/5K2/8 w - - 0 1
0,1,0,0,0,0,0,1,-1,1,0,1,1,1,0,0,0,0,0,16,0,0,4,7,3,3,6,3,2,4,0,1,0,0,0,0,0,0,0,7,1,1,0,0,0,0,0,2,1,0,KRBKRNvK,DRAW,1nB4R/3k4/8/8/7K/4r3/8/8 b - - 0 1
0,1,0,0,0,0,0,1,-1,1,0,1,1,1,0,0,0,0,0,16,0,0,2,7,4,6,6,3,4,20,18,0,0,0,0,0,0,0,0,7,1,1,0,0,0,0,1,2,0,0,KRBKRNvK,DRAW,1R6/n5k1/1B6/7K/4r3/8/8/8 b - - 0 1
1,1,0,0,0,0,0,1,-1,1,0,1,1,1,0,0,0,0,0,16,0,0,3,5,7,5,4,4,1,26,23,0,0,0,0,0,0,0,0,7,1,1,0,0,0,0,2,2,1,0,KRBKRNvK,DRAW,5K2/8/8/5k2/8/3R4/8/r5Bn w - - 0 1
1,1,0,0,0,0,0,1,-1,1,0,1,1,1,0,0,0,0,0,16,0,0,4,0,5,0,1,4,5,23,25,0,0,0,0,0,0,0,0,7,1,1,0,0,0,0,0,2,1,1,KRBKRNvK,DRAW,8/8/K3n3/8/Br6/5R2/k7/8 w - - 0 1
1,1,0,0,0,0,0,1,-1,1,0,1,1,1,0,0,0,0,0,16,0,0,4,0,5,3,1,4,2,6,0,1,0,0,0,0,0,0,0,7,1,1,0,0,0,0,2,0,1,0,KRBKRNvK,DRAW,8/8/K5r1/8/8/1R6/n2k2B1/8 w - - 0 1
1,1,0,0,0,0,0,1,-1,1,0,1,1,1,0,0,0,0,0,16,0,0,5,7,2,2,2,4,2,28,22,0,0,0,0,0,0,0,0,7,1,1,0,0,0,0,3,1,1,0,KRBKRNvK,DRAW,5n2/5r2/2B5/1R6/8/2k4K/8/8 w - - 0 1
1,1,0,0,0,0,0,1,-1,1,0,1,1,1,0,0,0,0,0,16,0,0,5,2,4,7,5,1,4,24,24,0,0,0,0,0,0,0,0,7,1,1,0,1,0,0,3,1,0,1,KRBKRNvK,DRAW,8/4n3/7k/1RK5/8/2B5/5r2/8 w - - 0 1
0,1,0,0,0,0,0,1,-1,1,0,1,1,1,0,0,0,0,0,16,0,0,2,0,3,2,3,3,1,21,22,0,0,0,0,0,0,0,0,7,1,1,0,0,0,0,0,3,0,0,KRBKRNvK,DRAW,n2B4/8/6R1/4r3/K1k5/8/8/8 b - - 0 1
1,1,0,0,0,0,0,1,-1,1,0,1,1,1,0,0,0,0,0,16,0,0,6,7,6,6,0,5,5,3,0,1,0,0,0,0,0,0,0,7,1,1,1,0,0,0,2,1,0,2,KRBKRNvK,DRAW,5r2/3R3K/8/6nB/8/8/8/6k1 w - - 0 1
0,1,0,0,0,0,0,1,-1,1,0,1,1,1,0,0,0,0,0,16,0,0,2,5,7,5,5,4,2,3,0,1,0,0,0,0,0,0,0,7,1,1,0,0,0,0,0,2,1,1,KRBKRNvK,DRAW,5K1B/8/5k1r/8/8/8/4n3/5R2 b - - 0 1
0,1,0,0,0,0,0,1,-1,1,0,1,1,1,0,0,0,0,0,16,0,0,2,2,4,0,5,1,4,5,0,1,0,0,0,0,0,0,0,7,1,1,0,0,0,0,3,0,0,0,KRBKRNvK,DRAW,7r/8/k7/2K3R1/8/8/1n6/5B2 b - - 0 1
0,1,0,0,0,0,0,1,-1,1,0,1,1,1,0,0,0,0,0,16,0,0,6,6,2,0,1,3,5,22,28,0,0,0,0,0,0,0,0,7,1,1,0,0,0,0,3,1,0,0,KRBKRNvK,DRAW,8/2n5/r7/4B3/3R4/6K1/k7/8 b - - 0 1
0,1,0,0,0,0,0,1,-1,1,0,1,1,1,0,0,0,0,0,16,0,0,3,0,1,3,3,5,0,6,0,1,0,0,0,0,0,0,0,7,1,1,0,0,0,0,1,3,1,0,KRBKRNvK,DRAW,8/8/8/8/1R1k4/4n2B/K7/4r3 b - - 0 1
1,1,0,0,0,0,0,1,-1,1,0,1,1,1,0,0,0,0,0,16,0,0,3,1,4,2,1,2,3,7,0,1,0,0,0,0,0,0,0,7,1,1,0,0,0,0,2,0,0,0,KRBKRNvK,DRAW,4R2n/8/8/1K2B3/8/8/2k5/1r6 w - - 0 1
1,1,0,0,0,0,0,1,-1,1,0,1,1,1,0,0,0,0,0,16,0,0,3,2,3,5,5,1,2,24,24,0,0,0,0,0,0,0,0,7,1,1,1,0,0,0,4,2,2,0,KRBKRNvK,WIN,3B4/4R3/5k2/5n2/2K5/8/8/6r1 w - - 0 1
1,1,0,0,0,0,0,1,-1,1,0,1,1,1,0,0,0,0,0,16,0,0,3,0,2,0,5,4,4,22,24,0,0,0,0,0,0,0,0,7,1,1,0,0,0,0,3,1,1,0,KRBKRNvK,DRAW,B3R3/8/kr6/5n2/8/K7/8/8 w - - 0 1
0,1,0,0,0,0,0,1,-1,1,0,1,1,1,0,0,0,0,0,16,0,0,3,4,3,1,6,0,4,12,21,0,0,0,0,0,0,0,0,7,1,1,0,0,0,0,4,0,0,0,KRBKRNvK,DRAW,8/rk6/8/n7/4K2R/8/6B1/8 b - - 0 1
0,1,0,0,0,0,0,1,-1,1,0,1,1,1,0,0,0,0,0,16,0,0,3,3,2,6,4,1,2,19,16,0,0,0,0,0,0,0,0,7,1,1,0,0,0,0,2,2,1,0,KRBKRNvK,DRAW,7n/8/8/6k1/6r1/3K3B/8/7R b - - 0 1
1,1,0,0,0,0,0,1,-1,1,0,1,1,1,0,0,0,0,0,16,0,0,6,0,0,6,5,6,3,28,19,0,0,0,0,0,0,0,0,7,1,1,0,0,0,0,2,0,0,0,KRBKRNvK,DRAW,3R4/6n1/2r3k1/8/2B5/8/8/K7 w - - 0 1
0,1,0,0,0,0,0,1,-1,1,0,1,1,1,0,0,0,0,0,16,0,0,4,0,7,4,6,6,2,6,0,1,0,0,0,0,0,0,0,7,1,1,0,0,0,0,3,1,1,0,KRBKRNvK,DRAW,K7/3nk3/2B5/8/8/4R3/8/5r2 b - - 0 1
1,1,0,0,0,0,0,1,-1,1,0,1,1,1,0,0,0,0,0,16,0,0,4,3,6,6,2,2,3,22,24,0,0,0,0,0,0,0,0,7,1,1,0,0,0,0,2,1,0,0,KRBKRNvK,DRAW,8/3K1B2/4R3/8/8/1nr3k1/8/8 w - - 0 1
0,1,0,0,0,0,0,1,-1,1,0,1,1,1,0,0,0,0,0,16,0,0,2,3,4,2,6,0,3,21,22,0,0,0,0,0,0,0,0,7,1,1,0,0,0,0,4,0,0,0,KRBKRNvK,DRAW,8/2k5/8/3K1R1B/8/8/8/nr6 b - - 0 1
0,1,0,0,0,0,0,1,-1,1,0,1,1,1,0,0,0,0,0,16,0,0,3,4,1,3,4,2,0,4,0,1,0,0,0,0,0,0,0,7,1,1,0,0,0,0,1,4,1,0,KRBKRNvK,DRAW,8/8/2B5/r2k2n1/8/8/4K3/2R5 b - - 0 1
1,1,0,0,0,0,0,1,-1,1,0,1,1,1,0,0,0,0,0,16,0,0,2,2,6,0,4,3,3,21,21,0,0,0,0,0,0,0,0,7,1,1,0,0,0,0,0,0,1,1,KRBKRNvK,DRAW,r7/2K5/8/k7/4n3/2R5/3B4/8 w - - 0 1
0,1,0,0,0,0,0,1,-1,1,0,1,1,1,0,0,0,0,0,16,0,0,6,0,4,6,5,3,3,21,27,0,0,0,0,0,0,0,0,7,1,1,0,0,0,0,1,1,0,1,KRBKRNvK,DRAW,8/8/1n4k1/K7/8/1B6/7R/6r1 b - - 0 1
0,1,0,0,0,0,0,1,-1,1,0,1,1,1,0,0,0,0,0,16,0,0,4,1,4,5,2,2,2,26,21,0,0,0,0,0,0,0,0,7,1,1,0,0,0,0,3,1,1,1,KRBKRNvK,DRAW,7r/8/2B5/1K1R4/n7/5k2/8/8 b - - 0 1
0,1,0,0,0,0,0,1,-1,1,0,1,1,1,0,0,0,0,0,16,0,0,3,5,0,5,3,4,1,5,0,1,0,0,0,0,0,0,0,7,1,1,0,0,0,0,1,2,0,1,KRBKRNvK,DRAW,5R2/8/8/2B5/5k1r/8/8/4nK2 b - - 0 1
0,1,0,0,0,0,0,1,-1,1,0,1,1,1,0,0,0,0,0,16,0,0,3,3,5,6,5,1,3,11,24,0,0,0,0,0,0,0,0,7,1,1,0,0,0,0,3,2,1,1,KRBKRNvK,LOSS,8/8/3K2k1/5r2/4B3/n2R4/8/8 b - - 0 1
0,1,0,0,0,0,0,1,-1,1,0,1,1,1,0,0,0,0,0,16,0,0,5,1,7,1,2,5,3,23,25,0,0,0,0,0,0,0,0,7,1,1,0,0,0,0,2,2,0,1,KRBKRNvK,DRAW,1K1n4/8/8/6r1/4R3/1k6/4B3/8 b - - 0 1
0,1,0,0,0,0,0,1,-1,1,0,1,1,1,0,0,0,0,0,16,0,0,6,4,0,2,6,3,3,4,0,1,0,0,0,0,0,0,0,7,1,1,1,0,0,0,0,0,1,1,KRBKRNvK,DRAW,8/2k2R2/r7/B7/8/8/8/3nK3 b - - 0 1
0,1,0,0,0,0,0,1,-1,1,0,1,1,1,0,0,0,0,0,16,0,0,4,5,5,4,1,2,2,3,0,1,0,0,0,0,0,0,0,7,1,1,0,0,0,0,3,0,1,1,KRBKRNvK,DRAW,7r/8/3R1K2/8/8/8/4k3/3Bn3 b - - 0 1
0,1,0,0,0,0,0,1,-1,1,0,1,1,1,0,0,0,0,0,16,0,0,2,4,3,6,5,0,3,25,28,0,0,0,0,0,0,0,0,7,1,1,0,0,0,0,3,0,0,0,KRBKRNvK,DRAW,4n3/3B4/6k1/8/4K3/8/1R6/5r2 b - - 0 1
0,1,0,0,0,0,0,1,-1,1,0,1,1,1,0,0,0,0,0,16,0,0,3,6,7,3,4,5,0,4,0,1,0,0,0,0,0,0,0,7,1,1,1,0,0,0,3,4,1,0,KRBKRNvK,DRAW,6K1/3R2B1/8/3k4/2r5/4n3/8/8 b - - 0 1
1,1,0,0,0,0,0,1,-1,1,0,1,1,1,0,0,0,0,0,16,0,0,4,7,7,3,4,6,0,18,26,0,0,0,0,0,0,0,0,7,1,1,0,0,0,0,0,3,0,0,KRBKRNvK,DRAW,2RB3K/8/4n3/3k4/8/8/8/1r6 w - - 0 1
1,1,0,0,0,0,0,1,-1,1,0,1,1,1,0,0,0,0,0,16,0,0,6,3,1,0,7,2,6,7,0,1,0,0,0,0,0,0,0,7,1,1,0,0,0,0,1,1,0,1,KRBKRNvK,DRAW,k7/8/1r1B4/8/2n5/8/3K4/7R w - - 0 1
1,1,0,0,0,0,0,1,-1,1,0,1,1,1,0,0,0,0,0,16,0,0,6,0,0,1,6,6,4,4,0,1,0,0,0,0,0,0,0,7,1,1,0,0,0,0,3,2,1,0,KRBKRNvK,DRAW,8/1k6/6B1/2R4n/8/8/8/K3r3 w - - 0 1
1,1,0,0,0,0,0,1,-1,1,0,1,1,1,0,0,0,0,0,16,0,0,3,3,0,0,2,3,4,26,22,0,0,0,0,0,0,0,0,7,1,1,0,0,0,0,1,3,0,0,KRBKRNvK,DRAW,6B1/8/1n6/8/6r1/k7/7R/3K4 w - - 0 1
1,1,0,0,0,0,0,1,-1,1,0,1,1,1,0,0,0,0,0,16,0,0,7,2,7,6,0,4,5,28,18,0,0,0,0,0,0,0,0,7,1,1,0,0,0,0,1,2,1,0,KRBKRNvK,DRAW,2K5/8/8/8/2Br4/7R/8/4n1k1 w - - 0 1
1,1,0,0,0,0,0,1,-1,1,0,1,1,1,0,0,0,0,0,16,0,0,2,6,3,5,5,2,2,24,27,0,0,0,0,0,0,0,0,7,1,1,0,0,0,0,2,4,1,0,KRBKRNvK,DRAW,3r4/8/5k2/7R/6K1/2n5/7B/8 w - - 0 1
1,1,0,0,0,0,0,1,-1,1,0,1,1,1,0,0,0,0,0,16,0,0,3,0,6,1,3,5,2,1,0,1,0,0,0,0,0,0,0,7,1,1,1,0,0,0,2,2,0,1,KRBKRNvK,DRAW,8/K2n3R/5B2/r7/1k6/8/8/8 w - - 0 1
0,1,0,0,0,0,0,1,-1,1,0,1,1,1,0,0,0,0,0,16,0,0,4,2,7,2,3,4,1,23,26,0,0,0,0,0,0,0,0,7,1,1,0,0,0,0,3,4,1,1,KRBKRNvK,DRAW,2K5/8/4r3/R7/2k5/7n/8/7B b - - 0 1
1,1,0,0,0,0,0,1,-1,1,0,1,1,1,0,0,0,0,0,16,0,0,2,6,7,4,5,5,1,4,0,1,0,0,0,0,0,0,0,7,1,1,0,0,0,0,1,2,0,0,KRBKRNvK,LOSS,R5K1/2n5/4k3/8/8/8/2B5/6r1 w - - 0 1
1,1,0,0,0,0,0,1,-1,1,0,1,1,1,0,0,0,0,0,16,0,0,3,5,3,5,0,1,4,5,0,1,0,0,0,0,0,0,0,7,1,1,0,0,0,0,2,0,0,2,KRBKRNvK,DRAW,8/7B/8/3n4/5K1r/1R6/8/5k2 w - - 0 1
0,1,0,0,0,0,0,1,-1,1,0,1,1,1,0,0,0,0,0,16,0,0,2,3,4,2,2,0,2,5,0,1,0,0,0,0,0,0,0,7,1,1,0,0,0,0,3,1,1,0,KRBKRNvK,DRAW,4B3/7r/8/3K4/8/2k5/8/1nR5 b - - 0 1
0,1,0,0,0,0,0,1,-1,1,0,1,1,1,0,0,0,0,0,16,0,0,6,6,5,0,7,3,6,7,24,0,0,0,0,0,0,0,0,7,1,1,0,0,0,0,1,2,0,1,KRBKRNvK,LOSS,k7/8/6K1/8/4r3/7R/1n6/7B b - - 0 1
0,1,0,0,0,0,0,1,-1,1,0,1,1,1,0,0,0,0,0,16,0,0,4,3,0,1,4,3,2,23,21,0,0,0,0,0,0,0,0,7,1,1,1,0,0,0,3,2,1,1,KRBKRNvK,DRAW,B7/3R4/8/1k6/8/5nr1/8/3K4 b - - 0 1
0,1,0,0,0,0,0,1,-1,1,0,1,1,1,0,0,0,0,0,16,0,0,3,3,3,6,4,0,2,5,0,1,0,0,0,0,0,0,0,7,1,1,0,1,0,0,3,2,0,1,KRBKRNvK,DRAW,6R1/1nB5/8/6k1/3K4/8/4r3/8 b - - 0 1
1,1,0,0,0,0,0,1,-1,1,0,1,1,1,0,0,0,0,0,16,0,0,3,3,0,6,0,3,5,4,0,1,0,0,0,0,0,0,0,7,1,1,0,0,0,0,3,0,1,1,KRBKRNvK,DRAW,8/B7/8/8/8/4R3/8/3K1rkn w - - 0 1
0,1,0,0,0,0,0,1,-1,1,0,1,1,1,0,0,0,0,0,16,0,0,4,0,5,4,6,4,2,6,0,1,0,0,0,0,0,0,0,7,1,1,1,0,0,0,1,3,0,0,KRBKRNvK,DRAW,8/R3k3/K7/8/5B2/8/5n2/3r4 b - - 0 1
0,1,0,0,0,0,0,1,-1,1,0,1,1,1,0,0,0,0,0,16,0,0,5,5,0,6,5,4,3,23,24,0,0,0,0,0,0,0,0,7,1,1,0,0,0,0,1,2,0,0,KRBKRNvK,DRAW,4r3/2B5/6k1/8/8/8/5R2/2n2K2 b - - 0 1
1,1,0,0,0,0,0,1,-1,1,0,1,1,1,0,0,0,0,0,16,0,0,4,2,3,6,7,1,5,29,24,0,0,0,0,0,0,0,0,7,1,1,0,0,0,0,2,3,0,1,KRBKRNvK,DRAW,6k1/8/4r3/8/2K2n2/7R/5B2/8 w - - 0 1
1,1,0,0,0,0,0,1,-1,1,0,1,1,1,0,0,0,0,0,16,0,0,2,3,3,3,5,0,1,24,20,0,0,0,0,0,0,0,0,7,1,1,0,0,0,0,3,3,0,1,KRBKRNvK,WIN,R7/7r/3k3B/8/3K4/8/5n2/8 w - - 0 1
0,1,0,0,0,0,0,1,-1,1,0,1,1,1,0,0,0,0,0,16,0,0,4,4,0,0,2,3,4,27,20,0,0,0,0,0,0,0,0,7,1,1,0,0,0,0,1,1,0,0,KRBKRNvK,DRAW,7r/8/4nR2/8/8/k7/5B2/4K3 b - - 0 1
1,1,0,0,0,0,0,1,-1,1,0,1,1,1,0,0,0,0,0,16,0,0,5,5,5,0,3,2,3,26,18,0,0,0,0,0,0,0,0,7,1,1,1,1,0,0,3,0,0,1,KRBKRNvK,DRAW,8/1B4R1/5K1n/8/k7/8/r7/8 w - - 0 1
1,1,0,0,0,0,0,1,-1,1,0,1,1,1,0,0,0,0,0,16,0,0,7,7,7,2,0,6,4,5,0,1,0,0,0,0,0,0,0,7,1,1,0,0,0,0,2,0,1,0,KRBKRNvK,LOSS,2r4K/5B2/8/8/8/8/3R4/2kn4 w - - 0 1
1,1,0,0,0,0,0,1,-1,1,0,1,1,1,0,0,0,0,0,16,0,0,7,7,4,0,2,3,4,26,20,0,0,0,0,0,0,0,0,7,1,1,0,1,0,0,0,0,0,0,KRBKRNvK,DRAW,n2B4/8/8/7K/8/k7/1r6/6R1 w - - 0 1
1,1,0,0,0,0,0,1,-1,1,0,1,1,1,0,0,0,0,0,16,0,0,3,1,5,3,2,3,1,22,26,0,0,0,0,0,0,0,0,7,1,1,0,0,0,0,2,4,0,1,KRBKRNvK,DRAW,B7/8/1K4R1/r7/8/1n1k4/8/8 w - - 0 1
0,1,0,0,0,0,0,1,-1,1,0,1,1,1,0,0,0,0,0,16,0,0,2,6,2,4,4,3,0,17,25,0,0,0,0,0,0,0,0,7,1,1,0,0,0,0,0,4,1,0,KRBKRNvK,DRAW,4B3/8/8/3rk3/8/5RK1/8/1n6 b - - 0 1
0,1,0,0,0,0,0,1,-1,1,0,1,1,1,0,0,0,0,0,16,0,0,4,5,3,7,7,1,6,1,0,1,0,0,0,0,0,0,0,7,1,1,0,0,0,0,3,1,0,1,KRBKRNvK,DRAW,7k/8/r3B3/7R/5K2/8/5n2/8 b - - 0 1
1,1,0,0,0,0,0,1,-1,1,0,1,1,1,0,0,0,0,0,16,0,0,5,5,1,6,6,3,4,28,29,0,0,0,0,0,0,0,0,7,1,1,0,0,0,0,3,2,0,0,KRBKRNvK,DRAW,8/6k1/8/5n2/r7/8/5KB1/3R4 w - - 0 1
1,1,0,0,0,0,0,1,-1,1,0,1,1,1,0,0,0,0,0,16,0,0,6,6,2,0,4,3,3,20,23,0,0,0,0,0,0,0,0,7,1,1,0,0,0,0,3,1,0,0,KRBKRNvK,DRAW,1B6/8/7r/k7/6R1/6K1/2n5/8 w - - 0 1
0,1,0,0,0,0,0,1,-1,1,0,1,1,1,0,0,0,0,0,16,0,0,5,0,1,5,4,5,1,15,25,0,0,0,0,0,0,0,0,7,1,1,0,0,0,0,2,2,0,0,KRBKRNvK,DRAW,8/8/5r2/5k1n/2R5/8/K7/2B5 b - - 0 1
1,1,0,0,0,0,0,1,-1,1,0,1,1,1,0,0,0,0,0,16,0,0,4,0,1,4,5,5,1,2,0,1,0,0,0,0,0,0,0,7,1,1,0,0,0,0,2,3,1,1,KRBKRNvK,DRAW,3R4/8/B3k3/1n6/8/r7/K7/8 w - - 0 1
0,1,0,0,0,0,0,1,-1,1,0,1,1,1,0,0,0,0,0,16,0,0,4,3,2,5,6,1,3,4,0,1,0,0,0,0,0,0,0,7,1,1,1,0,0,0,2,2,1,1,KRBKRNvK,LOSS,8/R4k2/8/7B/3n2r1/3K4/8/8 b - - 0 1
1,1,0,0,0,0,0,1,-1,1,0,1,1,1,0,0,0,0,0,16,0,0,2,2,5,3,7,2,3,5,0,1,0,0,0,0,0,0,0,7,1,1,0,0,0,0,4,0,1,1,KRBKRNvK,DRAW,1B1k4/8/2K5/8/n6R/2r5/8/8 w - - 0 1
0,1,0,0,0,0,0,1,-1,1,0,1,1,1,0,0,0,0,0,16,0,0,3,4,3,7,3,0,3,17,27,0,0,0,0,0,0,0,0,7,1,1,1,0,0,0,3,0,1,1,KRBKRNvK,DRAW,8/R7/7r/8/4K2k/8/6nB/8 b - - 0 1
1,1,0,0,0,0,0,1,-1,1,0,1,1,1,0,0,0,0,0,16,0,0,2,5,5,7,4,2,3,20,18,0,0,0,0,0,0,0,0,7,1,1,1,0,0,0,2,2,0,0,KRBKRNvK,DRAW,7B/4R3/5K2/7k/8/8/8/n2r4 w - - 0 1
0,1,0,0,0,0,0,1,-1,1,0,1,1,1,0,0,0,0,0,16,0,0,6,0,4,6,0,3,5,21,25,0,0,0,0,0,0,0,0,7,1,1,0,0,0,0,2,2,0,0,KRBKRNvK,DRAW,3R4/5r2/5n2/K7/8/8/B7/6k1 b - - 0 1
1,1,0,0,0,0,0,1,-1,1,0,1,1,1,0,0,0,0,0,16,0,0,4,2,6,5,2,3,2,23,26,0,0,0,0,0,0,0,0,7,1,1,0,1,0,0,1,4,0,0,KRBKRNvK,DRAW,8/2K5/2R5/8/2B3n1/5k2/3r4/8 w - - 0 1
0,1,0,0,0,0,0,1,-1,1,0,1,1,1,0,0,0,0,0,16,0,0,5,6,4,1,6,2,4,23,25,0,0,0,0,0,0,0,0,7,1,1,0,0,0,0,2,1,0,0,KRBKRNvK,DRAW,8/1kn5/2r5/6K1/8/4R2B/8/8 b - - 0 1
0,1,0,0,0,0,0,1,-1,1,0,1,1,1,0,0,0,0,0,16,0,0,2,4,7,2,6,3,3,21,27,0,0,0,0,0,0,0,0,7,1,1,0,0,0,0,1,0,1,0,KRBKRNvK,DRAW,4K3/2k5/8/3B4/8/1r6/8/2n3R1 b - - 0 1
0,1,0,0,0,0,0,1,-1,1,0,1,1,1,0,0,0,0,0,16,0,0,6,4,0,1,6,3,4,9,0,1,0,0,0,0,0,0,0,7,1,1,0,0,0,0,2,2,0,0,KRBKRNvK,DRAW,8/1k6/8/6r1/2n5/8/8/BR2K3 b - - 0 1
0,1,0,0,0,0,0,1,-1,1,0,1,1,1,0,0,0,0,0,16,0,0,3,3,6,0,3,2,3,5,0,1,0,0,0,0,0,0,0,7,1,1,0,0,0,0,3,3,1,1,KRBKRNvK,DRAW,8/3K4/8/5n2/k4R2/2B1r3/8/8 b - - 0 1
0,1,0,0,0,0,0,1,-1,1,0,1,1,1,0,0,0,0,0,16,0,0,6,3,1,6,7,2,5,21,26,0,0,0,0,0,0,0,0,7,1,1,0,0,0,0,1,2,0,1,KRBKRNvK,DRAW,6k1/8/8/8/5r1n/2RB4/3K4/8 b - - 0 1
1,1,0,0,0,0,0,1,-1,1,0,1,1,1,0,0,0,0,0,16,0,0,6,7,2,1,5,4,3,3,0,1,0,0,0,0,0,0,0,7,1,1,0,0,0,0,3,2,0,1,KRBKRNvK,DRAW,8/8/1k6/7r/5R2/7K/8/4n2B w - - 0 1
0,1,0,0,0,0,0,1,-1,1,0,1,1,1,0,0,0,0,0,16,0,0,6,0,4,6,0,3,5,20,25,0,0,0,0,0,0,0,0,7,1,1,0,0,0,0,2,0,1,0,KRBKRNvK,DRAW,8/8/8/K7/1R6/8/1n2B3/2r3k1 b - - 0 1
0,1,0,0,0,0,0,1,-1,1,0,1,1,1,0,0,0,0,0,16,0,0,5,5,5,2,0,2,4,11,25,0,0,0,0,0,0,0,0,7,1,1,0,0,0,0,2,1,1,0,KRBKRNvK,DRAW,8/8/B4K2/1n6/8/8/4R3/1rk5 b - - 0 1
0,1,0,0,0,0,0,1,-1,1,0,1,1,1,0,0,0,0,0,16,0,0,5,0,7,5,7,6,4,5,0,1,0,0,0,0,0,0,0,7,1,1,0,0,0,0,0,1,0,0,KRBKRNvK,DRAW,K4k2/3n4/8/B7/8/5R2/8/2r5 b - - 0 1
1,1,0,0,0,0,0,1,-1,1,0,1,1,1,0,0,0,0,0,16,0,0,2,7,0,5,2,6,2,1,0,1,0,0,0,0,0,0,0,7,1,1,0,0,0,0,2,2,2,1,KRBKRNvK,DRAW,8/8/6n1/8/8/5k1r/8/3RB2K w - - 0 1
1,1,0,0,0,0,0,1,-1,1,0,1,1,1,0,0,0,0,0,16,0,0,3,4,3,7,5,0,4,25,18,0,0,0,0,0,0,0,0,7,1,1,1,0,0,0,3,2,0,0,KRBKRNvK,DRAW,3r3n/R7/7k/8/4K3/8/8/6B1 w - - 0 1
0,1,0,0,0,0,0,1,-1,1,0,1,1,1,0,0,0,0,0,16,0,0,5,6,2,7,7,3,6,2,0,1,0,0,0,0,0,0,0,7,1,1,0,0,0,0,2,1,0,1,KRBKRNvK,DRAW,7k/8/8/4B1R1/8/6K1/3n4/5r2 b - - 0 1
0,1,0,0,0,0,0,1,-1,1,0,1,1,1,0,0,0,0,0,16,0,0,2,2,3,3,1,1,2,21,25,0,0,0,0,0,0,0,0,7,1,1,0,0,0,0,3,2,0,0,KRBKRNvK,DRAW,n3r3/6B1/2R5/8/2K5/8/3k4/8 b - - 0 1
1,1,0,0,0,0,0,1,-1,1,0,1,1,1,0,0,0,0,0,16,0,0,2,0,3,2,5,3,2,6,0,1,0,0,0,0,0,0,0,7,1,1,1,0,0,0,0,3,1,0,KRBKRNvK,DRAW,8/1R6/2k5/5n2/K6r/8/4B3/8 w - - 0 1
0,1,0,0,0,0,0,1,-1,1,0,1,1,1,0,0,0,0,0,16,0,0,4,5,7,1,3,4,2,24,23,0,0,0,0,0,0,0,0,7,1,1,0,0,0,0,1,2,1,1,KRBKRNvK,DRAW,5K2/6n1/8/8/1k6/8/B6R/4r3 b - - 0 1
0,1,0,0,0,0,0,1,-1,1,0,1,1,1,0,0,0,0,0,16,0,0,3,0,0,3,0,6,3,4,0,1,0,0,0,0,0,0,0,7,1,1,0,0,0,0,3,3,0,0,KRBKRNvK,DRAW,8/2B5/1n2r3/8/3R4/8/8/K2k4 b - - 0 1
0,1,0,0,0,0,0,1,-1,1,0,1,1,1,0,0,0,0,0,16,0,0,2,4,2,2,3,1,1,4,0,1,0,0,0,0,0,0,0,7,1,1,0,0,0,0,3,3,1,0,KRBKRNvK,DRAW,B7/5n2/3r4/8/R1k5/4K3/8/8 b - - 0 1
1,1,0,0,0,0,0,1,-1,1,0,1,1,1,0,0,0,0,0,16,0,0,4,1,7,5,6,5,3,30,27,0,0,0,0,0,0,0,0,7,1,1,0,0,0,0,1,2,0,0,KRBKRNvK,DRAW,1K6/5k2/8/4r3/5n2/3B4/8/6R1 w - - 0 1
0,1,0,0,0,0,0,1,-1,1,0,1,1,1,0,0,0,0,0,16,0,0,4,4,3,4,7,0,3,2,0,1,0,0,0,0,0,0,0,7,1,1,1,0,0,0,4,2,2,1,KRBKRNvK,DRAW,4k3/6R1/6B1/2r5/4K3/8/8/5n2 b - - 0 1
1,1,0,0,0,0,0,1,-1,1,0,1,1,1,0,0,0,0,0,16,0,0,3,1,2,4,0,3,3,26,24,0,0,0,0,0,0,0,0,7,1,1,0,0,0,0,2,1,0,0,KRBKRNvK,DRAW,B7/2r5/6R1/8/8/1K6/4n3/4k3 w - - 0 1
1,1,0,0,0,0,0,1,-1,1,0,1,1,1,0,0,0,0,0,16,0,0,3,5,6,3,3,3,0,27,24,0,0,0,0,0,0,0,0,7,1,1,0,0,0,0,0,4,0,0,KRBKRNvK,DRAW,1R6/5K2/8/8/2rk1n2/7B/8/8 w - - 0 1
0,1,0,0,0,0,0,1,-1,1,0,1,1,1,0,0,0,0,0,16,0,0,2,3,4,1,5,0,3,18,26,0,0,0,0,0,0,0,0,7,1,1,0,0,0,0,3,0,0,0,KRBKRNvK,DRAW,7B/8/1k6/3K4/8/8/R7/1nr5 b - - 0 1
1,1,0,0,0,0,0,1,-1,1,0,1,1,1,0,0,0,0,0,16,0,0,3,5,5,7,2,2,4,5,0,1,0,0,0,0,0,0,0,7,1,1,0,0,0,0,3,0,0,1,KRBKRNvK,DRAW,8/8/2r2K2/7n/8/2B4k/3R4/8 w - - 0 1
0,1,0,0,0,0,0,1,-1,1,0,1,1,1,0,0,0,0,0,16,0,0,4,4,7,0,4,3,3,21,25,0,0,0,0,0,0,0,0,7,1,1,0,0,0,0,3,2,1,0,KRBKRNvK,DRAW,4K3/8/8/k2n3r/2B5/8/8/4R3 b - - 0 1
0,1,0,0,0,0,0,1,-1,1,0,1,1,1,0,0,0,0,0,16,0,0,5,0,0,5,2,6,2,4,0,1,0,0,0,0,0,0,0,7,1,1,0,1,0,0,2,2,1,1,KRBKRNvK,DRAW,8/3n4/8/8/2R3B1/5k2/1r6/K7 b - - 0 1
1,1,0,0,0,0,0,1,-1,1,0,1,1,1,0,0,0,0,0,16,0,0,5,2,6,7,7,3,6,7,0,1,0,0,0,0,0,0,0,7,1,1,0,1,0,0,2,0,0,1,KRBKRNvK,DRAW,4n2k/2K5/8/R7/2B5/8/7r/8 w - - 0 1
0,1,0,0,0,0,0,1,-1,1,0,1,1,1,0,0,0,0,0,16,0,0,4,7,4,3,5,3,1,4,0,1,0,0,0,0,0,0,0,7,1,1,0,0,0,0,0,2,2,0,KRBKRNvK,DRAW,1B1R4/8/3k4/7K/8/8/8/1n4r1 b - - 0 1
0,1,0,0,0,0,0,1,-1,1,0,1,1,1,0,0,0,0,0,16,0,0,5,1,2,6,7,3,5,23,23,0,0,0,0,0,0,0,0,7,1,1,0,0,0,0,2,3,0,1,KRBKRNvK,DRAW,6k1/4n3/8/3r4/B1R5/1K6/8/8 b - - 0 1
0,1,0,0,0,0,0,1,-1,1,0,1,1,1,0,0,0,0,0,16,0,0,3,4,6,7,6,2,5,3,0,1,0,0,0,0,0,0,0,7,1,1,1,0,0,0,0,0,2,0,KRBKRNvK,DRAW,8/4KR1k/8/6B1/8/8/8/1r4n1 b - - 0 1
0,1,0,0,0,0,0,1,-1,1,0,1,1,1,0,0,0,0,0,16,0,0,6,1,5,7,3,3,3,3,0,1,0,0,0,0,0,0,0,7,1,1,0,0,0,0,2,0,0,1,KRBKRNvK,LOSS,4n3/r7/1K6/8/4R2k/8/4B3/8 b - - 0 1
0,1,0,0,0,0,0,1,-1,1,0,1,1,1,0,0,0,0,0,16,0,0,7,1,0,5,7,5,4,2,0,1,0,0,0,0,0,0,0,7,1,1,1,0,0,0,2,2,2,0,KRBKRNvK,DRAW,5k2/3R4/7B/8/n4r2/8/8/1K6 b - - 0 1
0,1,0,0,0,0,0,1,-1,1,0,1,1,1,0,0,0,0,0,16,0,0,7,0,7,7,5,6,4,27,21,0,0,0,0,0,0,0,0,7,1,1,0,0,0,0,2,2,0,1,KRBKRNvK,DRAW,K2R4/1r6/7k/8/8/2n5/8/5B2 b - - 0 1
1,1,0,0,0,0,0,1,-1,1,0,1,1,1,0,0,0,0,0,16,0,0,6,0,6,5,0,5,4,25,25,0,0,0,0,0,0,0,0,7,1,1,1,0,0,0,2,1,0,0,KRBKRNvK,DRAW,8/K2R4/6r1/8/1B6/4n3/8/5k2 w - - 0 1
0,1,0,0,0,0,0,1,-1,1,0,1,1,1,0,0,0,0,0,16,0,0,3,5,2,3,5,2,1,5,0,1,0,0,0,0,0,0,0,7,1,1,0,0,0,0,3,3,1,0,KRBKRNvK,DRAW,5n2/4r3/3k4/8/3R4/2B2K2/8/8 b - - 0 1
1,1,0,0,0,0,0,1,-1,1,0,1,1,1,0,0,0,0,0,16,0,0,3,4,5,5,2,1,2,27,28,0,0,0,0,0,0,0,0,7,1,1,0,0,0,0,2,1,0,2,KRBKRNvK,DRAW,6r1/8/B3K3/8/4n3/5k2/8/1R6 w - - 0 1
1,1,0,0,0,0,0,1,-1,1,0,1,1,1,0,0,0,0,0,16,0,0,7,0,4,7,1,3,5,4,0,1,0,0,0,0,0,0,0,7,1,1,0,0,0,0,0,3,0,1,KRBKRNvK,DRAW,8/8/5n2/K1r4B/8/8/7k/R7 w - - 0 1
1,1,0,0,0,0,0,1,-1,1,0,1,1,1,0,0,0,0,0,16,0,0,6,6,0,0,2,5,4,17,19,0,0,0,0,0,0,0,0,7,1,1,0,0,0,0,1,3,2,0,KRBKRNvK,DRAW,8/3n4/8/8/r7/k7/B7/R5K1 w - - 0 1
0,1,0,0,0,0,0,1,-1,1,0,1,1,1,0,0,0,0,0,16,0,0,5,5,4,0,3,1,3,19,27,0,0,0,0,0,0,0,0,7,1,1,1,0,0,0,2,2,0,1,KRBKRNvK,DRAW,8/4R3/3B4/n4K2/k5r1/8/8/8 b - - 0 1
1,1,0,0,0,0,0,1,-1,1,0,1,1,1,0,0,0,0,0,16,0,0,5,6,6,6,1,4,4,23,23,0,0,0,0,0,0,0,0,7,1,1,0,0,0,0,0,3,1,0,KRBKRNvK,DRAW,3r4/6K1/8/8/8/3n4/6k1/2B2R2 w - - 0 1
1,1,0,0,0,0,0,1,-1,1,0,1,1,1,0,0,0,0,0,16,0,0,7,0,5,7,6,4,5,5,0,1,0,0,0,0,0,0,0,7,1,1,0,0,0,0,1,2,0,1,KRBKRNvK,DRAW,1R6/7k/K3r3/8/2n5/4B3/8/8 w - - 0 1
1,1,0,0,0,0,0,1,-1,1,0,1,1,1,0,0,0,0,0,16,0,0,6,7,7,7,1,6,5,21,22,0,0,0,0,0,0,0,0,7,1,1,0,0,0,0,3,0,0,0,KRBKRNvK,DRAW,7K/1B6/8/3R4/8/5r2/6nk/8 w - - 0 1
0,1,0,0,0,0,0,1,-1,1,0,1,1,1,0,0,0,0,0,16,0,0,7,0,5,7,6,4,5,4,0,1,0,0,0,0,0,0,0,7,1,1,0,0,0,0,3,0,1,0,KRBKRNvK,LOSS,8/7k/K7/5B2/8/8/8/1n1R3r b - - 0 1
0,1,0,0,0,0,0,1,-1,1,0,1,1,1,0,0,0,0,0,16,0,0,2,2,6,4,5,3,1,22,26,0,0,0,0,0,0,0,0,7,1,1,0,1,0,0,1,2,1,1,KRBKRNvK,DRAW,5R2/2K5/1n2k3/8/8/6B1/7r/8 b - - 0 1
1,1,0,0,0,0,0,1,-1,1,0,1,1,1,0,0,0,0,0,16,0,0,2,7,3,7,5,3,4,2,0,1,0,0,0,0,0,0,0,7,1,1,0,0,0,0,1,1,0,0,KRBKRNvK,DRAW,8/8/2Rn3k/8/7K/8/2B5/7r w - - 0 1
0,1,0,0,0,0,0,1,-1,1,0,1,1,1,0,0,0,0,0,16,0,0,3,6,3,4,6,2,2,26,25,0,0,0,0,0,0,0,0,7,1,1,0,0,0,0,1,1,0,0,KRBKRNvK,DRAW,5r2/4k3/8/8/6K1/1n6/R6B/8 b - - 0 1
0,1,0,0,0,0,0,1,-1,1,0,1,1,1,0,0,0,0,0,16,0,0,7,0,6,7,1,5,5,19,26,0,0,0,0,0,0,0,0,7,1,1,0,1,0,0,1,1,0,0,KRBKRNvK,WIN,6B1/K7/8/8/3n4/2R5/3r3k/8 b - - 0 1
0,1,0,0,0,0,0,1,-1,1,0,1,1,1,0,0,0,0,0,16,0,0,7,6,7,3,0,5,3,22,27,0,0,0,0,0,0,0,0,7,1,1,0,0,0,0,2,1,1,0,KRBKRNvK,DRAW,6K1/2r5/5B2/8/8/1R6/2n5/3k4 b - - 0 1
0,1,0,0,0,0,0,1,-1,1,0,1,1,1,0,0,0,0,0,16,0,0,2,7,2,7,4,4,3,2,0,1,0,0,0,0,0,0,0,7,1,1,0,0,0,0,0,3,0,0,KRBKRNvK,DRAW,5B1R/8/1n6/7k/r7/7K/8/8 b - - 0 1
1,1,0,0,0,0,0,1,-1,1,0,1,1,1,0,0,0,0,0,16,0,0,7,0,7,7,2,6,4,23,23,0,0,0,0,0,0,0,0,7,1,1,0,0,0,0,3,1,1,0,KRBKRNvK,DRAW,K2R4/8/8/8/8/7k/4n2B/2r5 w - - 0 1
0,1,0,0,0,0,0,1,-1,1,0,1,1,1,0,0,0,0,0,16,0,0,7,7,6,0,2,5,4,24,26,0,0,0,0,0,0,0,0,7,1,1,0,0,0,0,2,2,2,0,KRBKRNvK,DRAW,8/7K/3n4/8/8/k3r3/2R5/B7 b - - 0 1
1,1,0,0,0,0,0,1,-1,1,0,1,1,1,0,0,0,0,0,16,0,0,2,6,7,4,5,5,1,23,20,0,0,0,0,0,0,0,0,7,1,1,0,1,0,0,2,3,1,0,KRBKRNvK,DRAW,5RK1/8/4k3/1n6/8/5B2/1r6/8 w - - 0 1
0,1,0,0,0,0,0,1,-1,1,0,1,1,1,0,0,0,0,0,16,0,0,4,4,3,0,2,0,4,27,22,0,0,0,0,0,0,0,0,7,1,1,0,0,0,0,4,0,0,1,KRBKRNvK,DRAW,8/1r6/7B/4R3/3nK3/k7/8/8 b - - 0 1
1,1,0,0,0,0,0,1,-1,1,0,1,1,1,0,0,0,0,0,16,0,0,5,3,1,3,6,2,2,8,0,1,0,0,0,0,0,0,0,7,1,1,0,1,0,0,3,0,0,0,KRBKRNvK,DRAW,8/3k4/8/6R1/7n/8/3K3r/7B w - - 0 1
1,1,0,0,0,0,0,1,-1,1,0,1,1,1,0,0,0,0,0,16,0,0,2,5,0,5,2,4,2,2,0,1,0,0,0,0,0,0,0,7,1,1,0,0,0,0,3,3,0,1,KRBKRNvK,DRAW,8/8/8/8/1R5r/2B1nk2/8/5K2 w - - 0 1
0,1,0,0,0,0,0,1,-1,1,0,1,1,1,0,0,0,0,0,16,0,0,3,3,6,6,6,2,4,19,18,0,0,0,0,0,0,0,0,7,1,1,0,0,0,0,1,0,0,0,KRBKRNvK,DRAW,1B1R4/3K2k1/8/n7/8/8/8/r7 b - - 0 1
1,1,0,0,0,0,0,1,-1,1,0,1,1,1,0,0,0,0,0,16,0,0,4,3,3,7,0,0,6,28,17,0,0,0,0,0,0,0,0,7,1,1,0,0,0,0,3,0,1,0,KRBKRNvK,DRAW,5B2/7r/8/8/3K3n/5R2/8/7k w - - 0 1
0,1,0,0,0,0,0,1,-1,1,0,1,1,1,0,0,0,0,0,16,0,0,5,7,7,2,7,6,4,26,16,0,0,0,0,0,0,0,0,7,1,1,0,0,0,0,1,2,0,0,KRBKRNvK,DRAW,2k4K/8/3r4/5n2/8/8/8/1B3R2 b - - 0 1
0,1,0,0,0,0,0,1,-1,1,0,1,1,1,0,0,0,0,0,16,0,0,3,4,4,7,5,0,4,3,0,1,0,0,0,0,0,0,0,7,1,1,0,0,0,0,4,1,1,0,KRBKRNvK,DRAW,7R/8/1r5k/4K3/3B4/8/4n3/8 b - - 0 1
0,1,0,0,0,0,0,1,-1,1,0,1,1,1,0,0,0,0,0,16,0,0,2,2,4,3,2,1,1,3,0,1,0,0,0,0,0,0,0,7,1,1,0,1,0,0,2,3,0,1,KRBKRNvK,DRAW,8/2n5/1B6/2K5/8/R2k4/3r4/8 b - - 0 1
0,1,0,0,0,0,0,1,-1,1,0,1,1,1,0,0,0,0,0,16,0,0,6,0,6,6,1,5,4,25,24,0,0,0,0,0,0,0,0,7,1,1,0,0,0,0,2,1,1,1,KRBKRNvK,DRAW,8/K7/2r5/6nB/5R2/8/6k1/8 b - - 0 1
0,1,0,0,0,0,0,1,-1,1,0,1,1,1,0,0,0,0,0,16,0,0,4,3,4,6,0,0,5,3,0,1,0,0,0,0,0,0,0,7,1,1,0,0,0,0,3,0,0,0,KRBKRNvK,DRAW,r7/8/8/3KB3/6R1/8/8/2n3k1 b - - 0 1
0,1,0,0,0,0,0,1,-1,1,0,1,1,1,0,0,0,0,0,16,0,0,5,4,5,1,0,1,5,23,22,0,0,0,0,0,0,0,0,7,1,1,0,0,0,0,3,3,0,1,KRBKRNvK,DRAW,8/8/4K3/1B6/4R1n1/8/8/1k1r4 b - - 0 1
0,1,0,0,0,0,0,1,-1,1,0,1,1,1,0,0,0,0,0,16,0,0,5,1,0,0,5,5,4,17,26,0,0,0,0,0,0,0,0,7,1,1,0,0,0,0,1,0,0,0,KRBKRNvK,DRAW,8/8/k4r2/n7/3B4/8/1R6/1K6 b - - 0 1
0,1,0,0,0,0,0,1,-1,1,0,1,1,1,0,0,0,0,0,16,0,0,4,5,3,2,7,1,4,1,0,1,0,0,0,0,0,0,0,7,1,1,0,0,0,0,4,0,1,1,KRBKRNvK,LOSS,2kR4/8/7n/B7/5K2/2r5/8/8 b - - 0 1
0,1,0,0,0,0,0,1,-1,1,0,1,1,1,0,0,0,0,0,16,0,0,3,3,6,0,6,2,5,18,33,0,0,0,0,0,0,0,0,7,1,1,0,1,0,0,3,1,0,0,KRBKRNvK,DRAW,8/k2K4/8/8/2B5/4R3/5nr1/8 b - - 0 1
0,1,0,0,0,0,0,1,-1,1,0,1,1,1,0,0,0,0,0,16,0,0,3,4,7,4,4,3,0,21,23,0,0,0,0,0,0,0,0,7,1,1,0,0,0,0,1,3,0,1,KRBKRNvK,DRAW,4Kn2/8/1R6/4k3/8/8/B7/5r2 b - - 0 1
0,1,0,0,0,0,0,1,-1,1,0,1,1,1,0,0,0,0,0,16,0,0,7,0,1,7,7,5,6,6,0,1,0,0,0,0,0,0,0,7,1,1,0,0,0,0,3,3,0,1,KRBKRNvK,DRAW,7k/8/8/8/2r5/5n2/KB1R4/8 b - - 0 1
1,1,0,0,0,0,0,1,-1,1,0,1,1,1,0,0,0,0,0,16,0,0,6,7,4,1,3,3,2,4,0,1,0,0,0,0,0,0,0,7,1,1,0,1,0,0,2,2,1,1,KRBKRNvK,DRAW,8/8/2B2n2/7K/1k6/7R/2r5/8 w - - 0 1
0,1,0,0,0,0,0,1,-1,1,0,1,1,1,0,0,0,0,0,16,0,0,2,2,6,0,6,3,5,19,23,0,0,0,0,0,0,0,0,7,1,1,0,0,0,0,0,2,0,2,KRBKRNvK,DRAW,7R/knK5/4r3/8/8/B7/8/8 b - - 0 1
1,1,0,0,0,0,0,1,-1,1,0,1,1,1,0,0,0,0,0,16,0,0,4,6,5,4,1,3,2,31,26,0,0,0,0,0,0,0,0,7,1,1,0,0,0,0,1,2,0,1,KRBKRNvK,DRAW,7R/8/3B2K1/8/2r1n3/8/4k3/8 w - - 0 1
0,1,0,0,0,0,0,1,-1,1,0,1,1,1,0,0,0,0,0,16,0,0,7,4,0,7,7,3,6,24,30,0,0,0,0,0,0,0,0,7,1,1,0,0,0,0,1,1,0,0,KRBKRNvK,DRAW,r6k/8/2R5/5n2/5B2/8/8/4K3 b - - 0 1
1,1,0,0,0,0,0,1,-1,1,0,1,1,1,0,0,0,0,0,16,0,0,2,3,5,3,7,1,3,2,0,1,0,0,0,0,0,0,0,7,1,1,0,0,0,0,2,2,0,2,KRBKRNvK,DRAW,3k4/8/3Kr3/8/3n4/8/2R5/5B2 w - - 0 1
0,1,0,0,0,0,0,1,-1,1,0,1,1,1,0,0,0,0,0,16,0,0,2,0,6,2,4,5,1,19,15,0,0,0,0,0,0,0,0,7,1,1,0,0,0,0,0,2,2,0,KRBKRNvK,DRAW,7r/K7/R7/B1k5/8/7n/8/8 b - - 0 1
0,1,0,0,0,0,0,1,-1,1,0,1,1,1,0,0,0,0,0,16,0,0,3,5,0,7,3,4,3,22,24,0,0,0,0,0,0,0,0,7,1,1,0,1,0,0,2,1,0,1,KRBKRNvK,DRAW,8/8/2B5/8/5n1k/8/7r/1R3K2 b - - 0 1
1,1,0,0,0,0,0,1,-1,1,0,1,1,1,0,0,0,0,0,16,0,0,6,6,3,0,3,2,3,5,0,1,0,0,0,0,0,0,0,7,1,1,0,0,0,0,3,2,0,1,KRBKRNvK,DRAW,B7/8/5n2/7R/k2r2K1/8/8/8 w - - 0 1
0,1,0,0,0,0,0,1,-1,1,0,1,1,1,0,0,0,0,0,16,0,0,3,5,3,2,3,1,1,4,0,1,0,0,0,0,0,0,0,7,1,1,0,0,0,0,4,2,1,0,KRBKRNvK,LOSS,8/1r6/8/3B4/2k2K2/8/8/3R3n b - - 0 1
1,1,0,0,0,0,0,1,-1,1,0,1,1,1,0,0,0,0,0,16,0,0,4,6,6,5,2,4,2,6,0,1,0,0,0,0,0,0,0,7,1,1,1,0,0,0,2,1,0,0,KRBKRNvK,DRAW,8/4R1K1/8/1B6/8/5k2/n7/6r1 w - - 0 1
1,1,0,0,0,0,0,1,-1,1,0,1,1,1,0,0,0,0,0,16,0,0,5,5,7,0,6,4,5,3,0,1,0,0,0,0,0,0,0,7,1,1,0,0,0,0,0,3,0,1,KRBKRNvK,DRAW,5K2/k2n4/8/8/6r1/6R1/8/2B5 w - - 0 1
0,1,0,0,0,0,0,1,-1,1,0,1,1,1,0,0,0,0,0,16,0,0,4,5,5,1,7,2,5,2,0,1,0,0,0,0,0,0,0,7,1,1,0,0,0,0,1,1,0,0,KRBKRNvK,DRAW,1k3R2/8/5K2/rn6/3B4/8/8/8 b - - 0 1
0,1,0,0,0,0,0,1,-1,1,0,1,1,1,0,0,0,0,0,16,0,0,2,2,0,1,2,4,3,25,25,0,0,0,0,0,0,0,0,7,1,1,0,1,0,0,1,1,0,1,KRBKRNvK,DRAW,5R2/8/8/8/6n1/1k4B1/r7/2K5 b - - 0 1
1,1,0,0,0,0,0,1,-1,1,0,1,1,1,0,0,0,0,0,16,0,0,6,6,7,1,1,5,4,25,21,0,0,0,0,0,0,0,0,7,1,1,1,0,0,0,1,0,1,1,KRBKRNvK,DRAW,6K1/5R2/7r/8/2B5/7n/1k6/8 w - - 0 1
0,1,0,0,0,0,0,1,-1,1,0,1,1,1,0,0,0,0,0,16,0,0,2,2,0,0,1,4,5,2,0,1,0,0,0,0,0,0,0,7,1,1,0,0,0,0,0,0,0,0,KRBKRNvK,DRAW,6r1/8/8/8/7n/8/k4R2/2KB4 b - - 0 1
0,1,0,0,0,0,0,1,-1,1,0,1,1,1,0,0,0,0,0,16,0,0,2,4,6,2,6,2,3,4,0,1,0,0,0,0,0,0,0,7,1,1,0,0,0,0,0,1,2,0,KRBKRNvK,LOSS,3BR2r/2k1K3/8/8/8/6n1/8/8 b - - 0 1
0,1,0,0,0,0,0,1,-1,1,0,1,1,1,0,0,0,0,0,16,0,0,2,2,5,0,7,2,6,2,0,1,0,0,0,0,0,0,0,7,1,1,0,0,0,0,2,2,0,1,KRBKRNvK,DRAW,k7/3r4/2K5/8/8/8/R1B5/n7 b - - 0 1
0,1,0,0,0,0,0,1,-1,1,0,1,1,1,0,0,0,0,0,16,0,0,3,7,3,4,1,3,2,5,0,1,0,0,0,0,0,0,0,7,1,1,0,0,0,0,0,2,0,0,KRBKRNvK,DRAW,8/8/8/7B/7K/1R1rn3/4k3/8 b - - 0 1
0,1,0,0,0,0,0,1,-1,1,0,1,1,1,0,0,0,0,0,16,0,0,2,3,2,3,0,1,3,19,26,0,0,0,0,0,0,0,0,7,1,1,0,1,0,0,3,0,0,0,KRBKRNvK,DRAW,2n5/8/4R3/8/8/3K4/6r1/B2k4 b - - 0 1
1,1,0,0,0,0,0,1,-1,1,0,1,1,1,0,0,0,0,0,16,0,0,3,6,1,5,4,4,1,29,16,0,0,0,0,0,0,0,0,7,1,1,0,0,0,0,3,3,1,0,KRBKRNvK,DRAW,8/7n/8/2r2k2/6R1/8/1B4K1/8 w - - 0 1
1,1,0,0,0,0,0,1,-1,1,0,1,1,1,0,0,0,0,0,16,0,0,5,7,4,2,6,3,3,5,0,1,0,0,0,0,0,0,0,7,1,1,0,0,0,0,0,2,0,1,KRBKRNvK,DRAW,8/2k1r1n1/8/7K/1B6/7R/8/8 w - - 0 1
1,1,0,0,0,0,0,1,-1,1,0,1,1,1,0,0,0,0,0,16,0,0,6,7,5,1,7,4,5,25,23,0,0,0,0,0,0,0,0,7,1,1,0,0,0,0,1,3,0,0,KRBKRNvK,DRAW,1k4B1/2n5/5R1K/8/1r6/8/8/8 w - - 0 1
1,1,0,0,0,0,0,1,-1,1,0,1,1,1,0,0,0,0,0,16,0,0,2,6,4,4,2,2,1,24,17,0,0,0,0,0,0,0,0,7,1,1,0,0,0,0,3,2,1,1,KRBKRNvK,DRAW,n7/2B4r/8/6K1/5R2/4k3/8/8 w - - 0 1
0,1,0,0,0,0,0,1,-1,1,0,1,1,1,0,0,0,0,0,16,0,0,3,6,7,6,4,5,2,26,23,0,0,0,0,0,0,0,0,7,1,1,1,1,0,0,0,1,0,0,KRBKRNvK,DRAW,6K1/2RB4/8/6k1/8/6n1/r7/8 b - - 0 1
1,1,0,0,0,0,0,1,-1,1,0,1,1,1,0,0,0,0,0,16,0,0,3,5,4,3,7,1,3,19,18,0,0,0,0,0,0,0,0,7,1,1,0,0,0,0,3,2,0,0,KRBKRNvK,DRAW,3kr3/8/8/1R3K2/8/7B/8/2n5 w - - 0 1
0,1,0,0,0,0,0,1,-1,1,0,1,1,1,0,0,0,0,0,16,0,0,4,0,1,2,5,5,2,6,0,1,0,0,0,0,0,0,0,7,1,1,0,0,0,0,0,2,0,0,KRBKRNvK,DRAW,6r1/8/2k3B1/5n2/8/2R5/K7/8 b - - 0 1
1,1,0,0,0,0,0,1,-1,1,0,1,1,1,0,0,0,0,0,16,0,0,6,0,2,6,7,4,5,3,0,1,0,0,0,0,0,0,0,7,1,1,0,0,0,0,1,1,0,1,KRBKRNvK,DRAW,6k1/2n5/8/8/8/K1R5/2B5/r7 w - - 0 1
1,1,0,0,0,0,0,1,-1,1,0,1,1,1,0,0,0,0,0,16,0,0,7,7,3,0,2,3,4,5,0,1,0,0,0,0,0,0,0,7,1,1,0,0,0,0,1,0,0,0,KRBKRNvK,DRAW,4n3/7r/6R1/8/7K/k3B3/8/8 w - - 0 1
0,1,0,0,0,0,0,1,-1,1,0,1,1,1,0,0,0,0,0,16,0,0,4,6,3,2,6,2,3,23,21,0,0,0,0,0,0,0,0,7,1,1,0,0,0,0,2,2,1,0,KRBKRNvK,DRAW,4r3/2k3n1/8/1B4R1/6K1/8/8/8 b - - 0 1
1,1,0,0,0,0,0,1,-1,1,0,1,1,1,0,0,0,0,0,16,0,0,3,3,7,6,5,3,3,27,16,0,0,0,0,0,0,0,0,7,1,1,0,0,0,0,3,0,0,0,KRBKRNvK,DRAW,3K4/8/6kr/8/8/6B1/3R4/n7 w - - 0 1
0,1,0,0,0,0,0,1,-1,1,0,1,1,1,0,0,0,0,0,16,0,0,2,3,3,1,1,0,4,6,0,1,0,0,0,0,0,0,0,7,1,1,0,0,0,0,3,1,0,0,KRBKRNvK,DRAW,6r1/3Bn3/8/8/3K4/8/1k5R/8 b - - 0 1
0,1,0,0,0,0,0,1,-1,1,0,1,1,1,0,0,0,0,0,16,0,0,5,3,5,3,0,1,3,19,18,0,0,0,0,0,0,0,0,7,1,1,0,0,0,0,3,1,0,1,KRBKRNvK,DRAW,8/4n3/3KR3/8/8/8/7B/3k2r1 b - - 0 1
1,1,0,0,0,0,0,1,-1,1,0,1,1,1,0,0,0,0,0,16,0,0,5,0,7,5,7,6,4,22,22,0,0,0,0,0,0,0,0,7,1,1,0,0,0,0,1,1,0,0,KRBKRNvK,DRAW,K4k2/6r1/2R5/8/2B5/8/5n2/8 w - - 0 1
0,1,0,0,0,0,0,1,-1,1,0,1,1,1,0,0,0,0,0,16,0,0,3,3,5,3,2,1,1,22,27,0,0,0,0,0,0,0,0,7,1,1,0,0,0,0,2,2,1,0,KRBKRNvK,DRAW,8/8/3K4/5RnB/8/1r1k4/8/8 b - - 0 1
0,1,0,0,0,0,0,1,-1,1,0,1,1,1,0,0,0,0,0,16,0,0,2,7,2,5,2,4,2,15,17,0,0,0,0,0,0,0,0,7,1,1,0,0,0,0,0,1,2,0,KRBKRNvK,DRAW,8/8/8/6B1/8/5k1K/8/1rn4R b - - 0 1
0,1,0,0,0,0,0,1,-1,1,0,1,1,1,0,0,0,0,0,16,0,0,2,4,5,5,3,1,1,18,23,0,0,0,0,0,0,0,0,7,1,1,0,0,0,0,3,2,0,2,KRBKRNvK,DRAW,5r2/3nB3/4K3/8/5k2/8/8/4R3 b - - 0 1
0,1,0,0,0,0,0,1,-1,1,0,1,1,1,0,0,0,0,0,16,0,0,3,2,5,5,7,2,4,21,25,0,0,0,0,0,0,0,0,7,1,1,0,0,0,0,2,3,0,0,KRBKRNvK,DRAW,5k2/8/2K3n1/8/6r1/7B/3R4/8 b - - 0 1
0,1,0,0,0,0,0,1,-1,1,0,1,1,1,0,0,0,0,0,16,0,0,5,1,3,6,6,2,4,4,0,1,0,0,0,0,0,0,0,7,1,1,0,0,0,0,1,0,0,0,KRBKRNvK,DRAW,8/2r3k1/8/8/1K1B4/8/8/3n1R2 b - - 0 1
1,1,0,0,0,0,0,1,-1,1,0,1,1,1,0,0,0,0,0,16,0,0,5,7,4,2,3,3,1,5,0,1,0,0,0,0,0,0,0,7,1,1,0,0,0,0,1,3,1,2,KRBKRNvK,DRAW,8/5r2/8/7K/2k5/6n1/R7/6B1 w - - 0 1
1,1,0,0,0,0,0,1,-1,1,0,1,1,1,0,0,0,0,0,16,0,0,4,0,4,4,3,3,0,26,24,0,0,0,0,0,0,0,0,7,1,1,0,0,0,0,1,3,2,0,KRBKRNvK,DRAW,4n3/8/3B2R1/K7/4k3/8/8/2r5 w - - 0 1
1,1,0,0,0,0,0,1,-1,1,0,1,1,1,0,0,0,0,0,16,0,0,4,5,2,1,1,2,4,7,0,1,0,0,0,0,0,0,0,7,1,1,0,0,0,0,1,0,1,1,KRBKRNvK,DRAW,8/8/r7/8/7n/2R2K2/1k4B1/8 w - - 0 1
0,1,0,0,0,0,0,1,-1,1,0,1,1,1,0,0,0,0,0,16,0,0,2,4,7,2,7,3,4,22,19,0,0,0,0,0,0,0,0,7,1,1,0,0,0,0,0,2,0,0,KRBKRNvK,DRAW,2k1K2R/8/8/2r5/6n1/8/8/4B3 b - - 0 1
0,1,0,0,0,0,0,1,-1,1,0,1,1,1,0,0,0,0,0,16,0,0,7,5,0,6,7,4,5,4,0,1,0,0,0,0,0,0,0,7,1,1,0,1,0,0,0,0,0,0,KRBKRNvK,DRAW,6k1/n2B4/8/8/8/6R1/1r6/5K2 b - - 0 1
0,1,0,0,0,0,0,1,-1,1,0,1,1,1,0,0,0,0,0,16,0,0,6,7,3,1,0,3,5,2,0,1,0,0,0,0,0,0,0,7,1,1,0,0,0,0,1,3,0,0,KRBKRNvK,DRAW,8/8/4r3/8/4B2K/4n3/8/1k2R3 b - - 0 1
0,1,0,0,0,0,0,1,-1,1,0,1,1,1,0,0,0,0,0,16,0,0,4,6,7,2,6,5,3,22,18,0,0,0,0,0,0,0,0,7,1,1,0,0,0,0,0,0,1,0,KRBKRNvK,DRAW,5RK1/B1k5/1r6/8/8/8/8/3n4 b - - 0 1
0,1,0,0,0,0,0,1,-1,1,0,1,1,1,0,0,0,0,0,16,0,0,2,0,5,0,7,4,6,19,21,0,0,0,0,0,0,0,0,7,1,1,1,0,0,0,0,0,0,1,KRBKRNvK,DRAW,k7/4B2R/K7/n7/8/8/8/2r5 b - - 0 1
0,1,0,0,0,0,0,1,-1,1,0,1,1,1,0,0,0,0,0,16,0,0,3,1,0,4,0,5,3,22,22,0,0,0,0,0,0,0,0,7,1,1,1,0,0,0,0,3,0,0,KRBKRNvK,DRAW,8/4nR2/B7/8/7r/8/8/1K2k3 b - - 0 1
1,1,0,0,0,0,0,1,-1,1,0,1,1,1,0,0,0,0,0,16,0,0,3,2,5,5,5,2,2,33,19,0,0,0,0,0,0,0,0,7,1,1,0,0,0,0,3,1,0,0,KRBKRNvK,DRAW,8/8/2K2k2/R7/8/4B2r/8/3n4 w - - 0 1
1,1,0,0,0,0,0,1,-1,1,0,1,1,1,0,0,0,0,0,16,0,0,3,2,2,2,5,2,2,27,24,0,0,0,0,0,0,0,0,7,1,1,0,0,0,0,4,1,1,0,KRBKRNvK,DRAW,1r6/8/2k1B2n/8/8/2K5/4R3/8 w - - 0 1
1,1,0,0,0,0,0,1,-1,1,0,1,1,1,0,0,0,0,0,16,0,0,5,6,5,3,0,3,3,24,23,0,0,0,0,0,0,0,0,7,1,1,0,0,0,0,3,0,0,0,KRBKRNvK,DRAW,8/8/6K1/3n4/R7/8/8/B2k3r w - - 0 1
0,1,0,0,0,0,0,1,-1,1,0,1,1,1,0,0,0,0,0,16,0,0,3,5,7,2,5,4,2,22,25,0,0,0,0,0,0,0,0,7,1,1,1,0,0,0,1,3,0,0,KRBKRNvK,DRAW,5K2/6R1/2k5/8/4rn2/8/5B2/8 b - - 0 1
0,1,0,0,0,0,0,1,-1,1,0,1,1,1,0,0,0,0,0,16,0,0,2,1,3,3,2,2,1,5,0,1,0,0,0,0,0,0,0,7,1,1,0,0,0,0,2,3,1,1,KRBKRNvK,DRAW,8/5n2/2r5/R7/1K6/3k4/8/1B6 b - - 0 1
1,1,0,0,0,0,0,1,-1,1,0,1,1,1,0,0,0,0,0,16,0,0,6,6,5,0,0,3,6,31,20,0,0,0,0,0,0,0,0,7,1,1,0,0,0,0,2,2,0,1,KRBKRNvK,DRAW,8/8/6K1/7R/2Bnr3/8/8/k7 w - - 0 1
0,1,0,0,0,0,0,1,-1,1,0,1,1,1,0,0,0,0,0,16,0,0,5,0,3,5,2,3,2,19,26,0,0,0,0,0,0,0,0,7,1,1,0,0,0,0,1,2,1,0,KRBKRNvK,DRAW,5R2/4n3/8/8/K4B2/5k1r/8/8 b - - 0 1
0,1,0,0,0,0,0,1,-1,1,0,1,1,1,0,0,0,0,0,16,0,0,4,5,5,1,5,2,3,28,21,0,0,0,0,0,0,0,0,7,1,1,0,1,0,0,1,0,1,1,KRBKRNvK,DRAW,2B5/8/1k3K1R/4n3/8/8/r7/8 b - - 0 1
0,1,0,0,0,0,0,1,-1,1,0,1,1,1,0,0,0,0,0,16,0,0,7,0,3,7,7,3,6,2,0,1,0,0,0,0,0,0,0,7,1,1,0,0,0,0,0,2,1,0,KRBKRNvK,DRAW,2R4k/8/7B/8/K4n2/3r4/8/8 b - - 0 1
0,1,0,0,0,0,0,1,-1,1,0,1,1,1,0,0,0,0,0,16,0,0,4,5,3,7,7,1,6,22,19,0,0,0,0,0,0,0,0,7,1,1,1,1,0,0,2,2,1,2,KRBKRNvK,DRAW,7k/3R3B/3n4/8/5K2/8/4r3/8 b - - 0 1
0,1,0,0,0,0,0,1,-1,1,0,1,1,1,0,0,0,0,0,16,0,0,5,0,2,5,6,4,3,7,0,1,0,0,0,0,0,0,0,7,1,1,0,0,0,0,0,0,0,1,KRBKRNvK,DRAW,8/5k2/1r6/8/8/K7/1n2B3/5R2 b - - 0 1
0,1,0,0,0,0,0,1,-1,1,0,1,1,1,0,0,0,0,0,16,0,0,5,7,2,7,7,4,6,22,24,0,0,0,0,0,0,0,0,7,1,1,0,0,0,0,2,1,1,1,KRBKRNvK,WIN,5B1k/1r6/8/8/4R1n1/7K/8/8 b - - 0 1
0,1,0,0,0,0,0,1,-1,1,0,1,1,1,0,0,0,0,0,16,0,0,5,4,1,1,6,2,4,29,23,0,0,0,0,0,0,0,0,7,1,1,0,0,0,0,3,1,0,0,KRBKRNvK,DRAW,8/1k6/7r/5n2/8/8/4K3/1B1R4 b - - 0 1
1,1,0,0,0,0,0,1,-1,1,0,1,1,1,0,0,0,0,0,16,0,0,2,7,6,5,4,5,1,2,0,1,0,0,0,0,0,0,0,7,1,1,0,0,0,0,2,3,1,1,KRBKRNvK,DRAW,8/7K/3R2n1/5k2/7r/8/8/6B1 w - - 0 1
0,1,0,0,0,0,0,1,-1,1,0,1,1,1,0,0,0,0,0,16,0,0,2,1,2,2,0,3,4,22,27,0,0,0,0,0,0,0,0,7,1,1,0,0,0,0,1,1,0,0,KRBKRNvK,DRAW,8/7r/5R2/6n1/8/1K6/8/2k3B1 b - - 0 1
1,1,0,0,0,0,0,1,-1,1,0,1,1,1,0,0,0,0,0,16,0,0,5,5,5,0,4,2,3,27,14,0,0,0,0,0,0,0,0,7,1,1,1,0,0,0,2,0,1,0,KRBKRNvK,DRAW,8/1R5B/5K2/k7/8/7n/8/7r w - - 0 1
0,1,0,0,0,0,0,1,-1,1,0,1,1,1,0,0,0,0,0,16,0,0,2,7,4,7,6,3,5,24,17,0,0,0,0,0,0,0,0,7,1,1,0,0,0,0,2,2,0,0,KRBKRNvK,DRAW,6r1/1B5k/2n1R3/7K/8/8/8/8 b - - 0 1
1,1,0,0,0,0,0,1,-1,1,0,1,1,1,0,0,0,0,0,16,0,0,6,6,6,7,0,4,6,27,18,0,0,0,0,0,0,0,0,7,1,1,0,0,0,0,0,2,0,0,KRBKRNvK,DRAW,8/6K1/8/8/4r3/8/R3B3/6nk w - - 0 1
0,1,0,0,0,0,0,1,-1,1,0,1,1,1,0,0,0,0,0,16,0,0,4,5,2,1,2,2,3,24,26,0,0,0,0,0,0,0,0,7,1,1,0,0,0,0,3,2,0,0,KRBKRNvK,DRAW,4R3/8/8/2r5/8/1k2BK2/8/2n5 b - - 0 1
0,1,0,0,0,0,0,1,-1,1,0,1,1,1,0,0,0,0,0,16,0,0,3,3,3,5,6,0,3,27,20,0,0,0,0,0,0,0,0,7,1,1,0,0,0,0,3,1,0,1,KRBKRNvK,DRAW,1R6/5k2/8/2n5/1B1K4/r7/8/8 b - - 0 1
1,1,0,0,0,0,0,1,-1,1,0,1,1,1,0,0,0,0,0,16,0,0,3,2,4,5,7,1,4,4,0,1,0,0,0,0,0,0,0,7,1,1,0,1,0,0,2,0,0,0,KRBKRNvK,DRAW,2n2k2/8/8/2K5/8/8/2r2BR1/8 w - - 0 1
1,1,0,0,0,0,0,1,-1,1,0,1,1,1,0,0,0,0,0,16,0,0,2,2,5,2,7,2,4,26,13,0,0,0,0,0,0,0,0,7,1,1,0,1,0,0,2,0,0,0,KRBKRNvK,WIN,2k5/8/2K5/8/8/3B3R/rn6/8 w - - 0 1
1,1,0,0,0,0,0,1,-1,1,0,1,1,1,0,0,0,0,0,16,0,0,5,2,2,7,6,2,5,5,0,1,0,0,0,0,0,0,0,7,1,1,0,0,0,0,2,0,0,1,KRBKRNvK,DRAW,8/7k/8/8/8/n1K2r1B/8/3R4 w - - 0 1
0,1,0,0,0,0,0,1,-1,1,0,1,1,1,0,0,0,0,0,16,0,0,2,3,6,1,6,2,4,4,0,1,0,0,0,0,0,0,0,7,1,1,0,0,0,0,2,3,1,0,KRBKRNvK,LOSS,8/1k1K4/8/3B4/2R2rn1/8/8/8 b - - 0 1
0,1,0,0,0,0,0,1,-1,1,0,1,1,1,0,0,0,0,0,16,0,0,6,6,5,0,4,3,3,16,27,0,0,0,0,0,0,0,0,7,1,1,0,0,0,0,2,3,0,0,KRBKRNvK,DRAW,8/8/1n4K1/k7/r7/8/1R4B1/8 b - - 0 1
0,1,0,0,0,0,0,1,-1,1,0,1,1,1,0,0,0,0,0,16,0,0,6,0,2,6,0,4,5,20,18,0,0,0,0,0,0,0,0,7,1,1,0,0,0,0,0,0,0,0,KRBKRNvK,DRAW,1B6/2r5/8/8/8/KR6/8/6kn b - - 0 1
0,1,0,0,0,0,0,1,-1,1,0,1,1,1,0,0,0,0,0,16,0,0,3,4,3,7,0,0,6,19,25,0,0,0,0,0,0,0,0,7,1,1,0,0,0,0,3,2,0,1,KRBKRNvK,DRAW,1R4n1/8/8/6r1/4K3/8/8/4B2k b - - 0 1
0,1,0,0,0,0,0,1,-1,1,0,1,1,1,0,0,0,0,0,16,0,0,2,3,3,5,3,0,1,23,21,0,0,0,0,0,0,0,0,7,1,1,0,0,0,0,3,2,0,0,KRBKRNvK,DRAW,4Rn2/8/8/8/B2K1k2/7r/8/8 b - - 0 1
0,1,0,0,0,0,0,1,-1,1,0,1,1,1,0,0,0,0,0,16,0,0,6,4,7,2,1,3,3,4,0,1,0,0,0,0,0,0,0,7,1,1,0,0,0,0,2,2,2,0,KRBKRNvK,DRAW,4K3/7r/8/8/B7/5n2/2k5/4R3 b - - 0 1
0,1,0,0,0,0,0,1,-1,1,0,1,1,1,0,0,0,0,0,16,0,0,5,1,4,6,6,2,4,21,20,0,0,0,0,0,0,0,0,7,1,1,0,0,0,0,0,2,0,0,KRBKRNvK,DRAW,R7/6kn/8/1K6/B7/4r3/8/8 b - - 0 1
1,1,0,0,0,0,0,1,-1,1,0,1,1,1,0,0,0,0,0,16,0,0,4,0,7,4,6,6,2,3,0,1,0,0,0,0,0,0,0,7,1,1,0,0,0,0,2,1,1,1,KRBKRNvK,LOSS,K7/2n1k3/8/B2R4/8/8/8/r7 w - - 0 1
0,1,0,0,0,0,0,1,-1,1,0,1,1,1,0,0,0,0,0,16,0,0,2,7,3,6,5,3,3,22,26,0,0,0,0,0,0,0,0,7,1,1,0,1,0,0,1,0,0,0,KRBKRNvK,DRAW,R3n3/8/6k1/8/3B3K/8/1r6/8 b - - 0 1
1,1,0,0,0,0,0,1,-1,1,0,1,1,1,0,0,0,0,0,16,0,0,4,4,4,0,3,0,3,5,0,1,0,0,0,0,0,0,0,7,1,1,1,0,0,0,3,1,0,0,KRBKRNvK,DRAW,2B5/3R4/8/4K2r/k7/8/6n1/8 w - - 0 1
0,1,0,0,0,0,0,1,-1,1,0,1,1,1,0,0,0,0,0,16,0,0,7,4,0,7,7,3,6,22,23,0,0,0,0,0,0,0,0,7,1,1,0,0,0,0,1,2,0,1,KRBKRNvK,DRAW,1r5k/8/4B3/8/8/2n5/8/4K1R1 b - - 0 1
1,1,0,0,0,0,0,1,-1,1,0,1,1,1,0,0,0,0,0,16,0,0,3,3,0,5,3,3,1,26,24,0,0,0,0,0,0,0,0,7,1,1,0,0,0,0,2,3,1,0,KRBKRNvK,DRAW,8/6n1/8/r7/5k2/8/1R4B1/3K4 w - - 0 1
0,1,0,0,0,0,0,1,-1,1,0,1,1,1,0,0,0,0,0,16,0,0,5,5,2,7,7,2,6,3,0,1,0,0,0,0,0,0,0,7,1,1,0,1,0,0,3,0,0,1,KRBKRNvK,LOSS,7k/8/8/4B3/3R4/5K2/6r1/1n6 b - - 0 1
0,1,0,0,0,0,0,1,-1,1,0,1,1,1,0,0,0,0,0,16,0,0,5,3,0,7,5,3,4,25,21,0,0,0,0,0,0,0,0,7,1,1,0,0,0,0,2,3,0,1,KRBKRNvK,DRAW,8/8/7k/3R4/2r5/3n4/8/3K2B1 b - - 0 1
0,1,0,0,0,0,0,1,-1,1,0,1,1,1,0,0,0,0,0,16,0,0,4,5,6,1,5,3,3,23,31,0,0,0,0,0,0,0,0,7,1,1,0,0,0,0,1,0,0,1,KRBKRNvK,DRAW,4n3/5K2/1k6/5B2/8/r7/8/2R5 b - - 0 1
0,1,0,0,0,0,0,1,-1,1,0,1,1,1,0,0,0,0,0,16,0,0,4,0,1,4,3,5,0,22,23,0,0,0,0,0,0,0,0,7,1,1,0,0,0,0,2,3,1,0,KRBKRNvK,DRAW,8/8/5B1R/6r1/4k3/8/K7/6n1 b - - 0 1
1,1,0,0,0,0,0,1,-1,1,0,1,1,1,0,0,0,0,0,16,0,0,5,2,5,7,3,2,3,29,22,0,0,0,0,0,0,0,0,7,1,1,0,0,0,0,2,2,0,0,KRBKRNvK,DRAW,8/8/2K5/2B5/7k/3r4/R7/3n4 w - - 0 1
0,1,0,0,0,0,0,1,-1,1,0,1,1,1,0,0,0,0,0,16,0,0,2,0,2,2,2,4,2,3,0,1,0,0,0,0,0,0,0,7,1,1,0,0,0,0,0,3,1,0,KRBKRNvK,DRAW,8/4r3/3n4/8/6B1/K1k5/8/2R5 b - - 0 1
0,1,0,0,0,0,0,1,-1,1,0,1,1,1,0,0,0,0,0,16,0,0,7,7,7,7,0,6,6,18,20,0,0,0,0,0,0,0,0,7,1,1,0,1,0,0,1,0,0,0,KRBKRNvK,DRAW,7K/8/1B6/8/8/8/Rnr5/7k b - - 0 1
1,1,0,0,0,0,0,1,-1,1,0,1,1,1,0,0,0,0,0,16,0,0,7,7,2,0,5,4,4,6,0,1,0,0,0,0,0,0,0,7,1,1,0,0,0,0,3,0,2,0,KRBKRNvK,DRAW,1B6/n7/k7/8/2R5/1r5K/8/8 w - - 0 1
0,1,0,0,0,0,0,1,-1,1,0,1,1,1,0,0,0,0,0,16,0,0,6,1,3,7,6,2,5,20,27,0,0,0,0,0,0,0,0,7,1,1,0,0,0,0,2,0,0,1,KRBKRNvK,DRAW,2R5/7k/8/8/1K6/r7/6Bn/8 b - - 0 1
0,1,0,0,0,0,0,1,-1,1,0,1,1,1,0,0,0,0,0,16,0,0,3,4,4,1,1,0,4,24,22,0,0,0,0,0,0,0,0,7,1,1,1,0,0,0,4,1,0,1,KRBKRNvK,DRAW,7B/2R5/8/4K3/5n2/1r6/1k6/8 b - - 0 1
1,1,0,0,0,0,0,1,-1,1,0,1,1,1,0,0,0,0,0,16,0,0,6,3,6,0,0,2,6,22,24,0,0,0,0,0,0,0,0,7,1,1,0,0,0,0,2,1,0,0,KRBKRNvK,DRAW,8/3K4/3R4/8/1B6/4n3/8/k1r5 w - - 0 1
0,1,0,0,0,0,0,1,-1,1,0,1,1,1,0,0,0,0,0,16,0,0,6,0,0,0,6,6,5,20,23,0,0,0,0,0,0,0,0,7,1,1,0,0,0,0,3,3,1,0,KRBKRNvK,DRAW,B2R4/k3r3/8/1n6/8/8/8/K7 b - - 0 1
1,1,0,0,0,0,0,1,-1,1,0,1,1,1,0,0,0,0,0,16,0,0,2,5,6,6,4,3,2,21,25,0,0,0,0,0,0,0,0,7,1,1,0,0,0,0,0,0,1,1,KRBKRNvK,DRAW,7r/5K2/8/6k1/4n3/5R2/8/5B2 w - - 0 1
0,1,0,0,0,0,0,1,-1,1,0,1,1,1,0,0,0,0,0,16,0,0,2,5,4,3,6,1,2,21,26,0,0,0,0,0,0,0,0,7,1,1,0,0,0,0,2,0,0,0,KRBKRNvK,DRAW,1r6/3k4/8/5K2/5B2/5R2/1n6/8 b - - 0 1
0,1,0,0,0,0,0,1,-1,1,0,1,1,1,0,0,0,0,0,16,0,0,5,3,0,5,5,3,2,23,23,0,0,0,0,0,0,0,0,7,1,1,0,0,0,0,2,1,0,0,KRBKRNvK,DRAW,8/n5r1/5k2/8/1R6/8/8/3KB3 b - - 0 1
1,1,0,0,0,0,0,1,-1,1,0,1,1,1,0,0,0,0,0,16,0,0,4,0,2,4,3,4,0,22,20,0,0,0,0,0,0,0,0,7,1,1,0,0,0,0,1,3,0,2,KRBKRNvK,DRAW,R7/8/8/8/4k3/K7/8/n1r3B1 w - - 0 1
1,1,0,0,0,0,0,1,-1,1,0,1,1,1,0,0,0,0,0,16,0,0,6,1,0,7,0,5,6,21,21,0,0,0,0,0,0,0,0,7,1,1,0,0,0,0,0,0,0,0,KRBKRNvK,DRAW,5r2/6n1/8/8/B7/R7/8/1K5k w - - 0 1
1,1,0,0,0,0,0,1,-1,1,0,1,1,1,0,0,0,0,0,16,0,0,5,4,7,2,2,3,2,23,30,0,0,0,0,0,0,0,0,7,1,1,1,0,0,0,2,1,0,0,KRBKRNvK,DRAW,4K3/7R/8/4n3/8/2k5/8/6rB w - - 0 1
1,1,0,0,0,0,0,1,-1,1,0,1,1,1,0,0,0,0,0,16,0,0,4,7,1,5,5,5,2,1,0,1,0,0,0,0,0,0,0,7,1,1,0,0,0,0,1,3,1,1,KRBKRNvK,DRAW,8/8/4Bk2/8/7r/8/4n1RK/8 w - - 0 1
1,1,0,0,0,0,0,1,-1,1,0,1,1,1,0,0,0,0,0,16,0,0,2,4,1,6,3,2,2,32,16,0,0,0,0,0,0,0,0,7,1,1,0,0,0,0,2,0,1,0,KRBKRNvK,DRAW,3n4/8/2B3r1/8/6k1/7R/4K3/8 w - - 0 1
1,1,0,0,0,0,0,1,-1,1,0,1,1,1,0,0,0,0,0,16,0,0,7,0,0,3,7,6,3,3,0,1,0,0,0,0,0,0,0,7,1,1,0,0,0,0,2,0,0,0,KRBKRNvK,DRAW,r2k4/8/8/8/4R3/8/7B/K5n1 w - - 0 1
0,1,0,0,0,0,0,1,-1,1,0,1,1,1,0,0,0,0,0,16,0,0,2,3,2,5,4,1,1,3,0,1,0,0,0,0,0,0,0,7,1,1,0,0,0,0,3,2,2,0,KRBKRNvK,DRAW,8/1r6/8/5k2/4R2n/3K3B/8/8 b - - 0 1
1,1,0,0,0,0,0,1,-1,1,0,1,1,1,0,0,0,0,0,16,0,0,6,6,6,5,0,4,4,7,0,1,0,0,0,0,0,0,0,7,1,1,0,0,0,0,3,0,1,0,KRBKRNvK,DRAW,8/6K1/8/8/2B5/7n/4R3/5kr1 w - - 0 1
0,1,0,0,0,0,0,1,-1,1,0,1,1,1,0,0,0,0,0,16,0,0,5,0,3,5,4,3,1,29,17,0,0,0,0,0,0,0,0,7,1,1,0,0,0,0,0,3,0,1,KRBKRNvK,WIN,R7/8/4n3/B4k2/K7/1r6/8/8 b - - 0 1
0,1,0,0,0,0,0,1,-1,1,0,1,1,1,0,0,0,0,0,16,0,0,4,1,4,5,2,2,2,3,0,1,0,0,0,0,0,0,0,7,1,1,0,0,0,0,0,1,1,0,KRBKRNvK,DRAW,8/8/8/1K6/8/R4k2/5n2/5r1B b - - 0 1
1,1,0,0,0,0,0,1,-1,1,0,1,1,1,0,0,0,0,0,16,0,0,3,5,4,2,6,1,3,7,0,1,0,0,0,0,0,0,0,7,1,1,0,0,0,0,4,0,0,1,KRBKRNvK,DRAW,2n5/2k5/8/5K2/8/4Br2/3R4/8 w - - 0 1
1,1,0,0,0,0,0,1,-1,1,0,1,1,1,0,0,0,0,0,16,0,0,4,0,1,3,5,5,1,18,20,0,0,0,0,0,0,0,0,7,1,1,0,0,0,0,1,2,0,0,KRBKRNvK,DRAW,8/7r/3k4/8/7n/1B6/K7/R7 w - - 0 1
0,1,0,0,0,0,0,1,-1,1,0,1,1,1,0,0,0,0,0,16,0,0,2,4,3,2,3,0,1,21,25,0,0,0,0,0,0,0,0,7,1,1,0,0,0,0,3,2,0,0,KRBKRNvK,DRAW,7r/1n6/8/8/2k1K3/5RB1/8/8 b - - 0 1
1,1,0,0,0,0,0,1,-1,1,0,1,1,1,0,0,0,0,0,16,0,0,5,3,5,5,0,1,4,6,0,1,0,0,0,0,0,0,0,7,1,1,1,0,0,0,2,0,0,0,KRBKRNvK,DRAW,8/7R/3K2r1/n7/8/B7/8/5k2 w - - 0 1
0,1,0,0,0,0,0,1,-1,1,0,1,1,1,0,0,0,0,0,16,0,0,4,4,5,0,5,1,4,3,0,1,0,0,0,0,0,0,0,7,1,1,0,1,0,0,3,0,0,0,KRBKRNvK,DRAW,8/1n6/k3K3/8/8/3B4/7r/5R2 b - - 0 1
0,1,0,0,0,0,0,1,-1,1,0,1,1,1,0,0,0,0,0,16,0,0,3,7,3,4,6,3,2,22,24,0,0,0,0,0,0,0,0,7,1,1,0,0,0,0,1,0,0,0,KRBKRNvK,DRAW,8/2r1k1n1/8/8/7K/R2B4/8/8 b - - 0 1
0,1,0,0,0,0,0,1,-1,1,0,1,1,1,0,0,0,0,0,16,0,0,7,4,0,3,7,3,3,23,18,0,0,0,0,0,0,0,0,7,1,1,0,0,0,0,0,2,0,0,KRBKRNvK,WIN,3k4/8/8/7r/Bn6/8/8/1R2K3 b - - 0 1
1,1,0,0,0,0,0,1,-1,1,0,1,1,1,0,0,0,0,0,16,0,0,2,5,7,4,5,4,1,5,0,1,0,0,0,0,0,0,0,7,1,1,1,0,0,0,2,4,1,0,KRBKRNvK,DRAW,5K2/3R4/4k3/8/5r1B/8/8/2n5 w - - 0 1
1,1,0,0,0,0,0,1,-1,1,0,1,1,1,0,0,0,0,0,16,0,0,2,3,5,1,6,1,4,22,19,0,0,0,0,0,0,0,0,7,1,1,0,0,0,0,4,0,0,0,KRBKRNvK,DRAW,8/1k6/3K4/7n/2R5/7r/B7/8 w - - 0 1
0,1,0,0,0,0,0,1,-1,1,0,1,1,1,0,0,0,0,0,16,0,0,3,0,0,3,3,6,0,16,21,0,0,0,0,0,0,0,0,7,1,1,0,1,0,0,1,4,0,0,KRBKRNvK,DRAW,5nB1/8/8/8/3k4/6R1/3r4/K7 b - - 0 1
0,1,0,0,0,0,0,1,-1,1,0,1,1,1,0,0,0,0,0,16,0,0,2,1,3,3,3,2,0,24,21,0,0,0,0,0,0,0,0,7,1,1,0,0,0,0,0,3,0,0,KRBKRNvK,DRAW,8/8/7B/4r3/1K1k1n2/6R1/8/8 b - - 0 1
0,1,0,0,0,0,0,1,-1,1,0,1,1,1,0,0,0,0,0,16,0,0,5,6,6,6,1,4,4,28,24,0,0,0,0,0,0,0,0,7,1,1,1,0,0,0,0,0,0,0,KRBKRNvK,DRAW,8/R5K1/8/7B/4n3/8/6k1/5r2 b - - 0 1
0,1,0,0,0,0,0,1,-1,1,0,1,1,1,0,0,0,0,0,16,0,0,7,3,7,6,0,3,5,3,0,1,0,0,0,0,0,0,0,7,1,1,0,0,0,0,3,2,0,1,KRBKRNvK,DRAW,3K4/1B2n3/8/r7/6R1/8/8/6k1 b - - 0 1
1,1,0,0,0,0,0,1,-1,1,0,1,1,1,0,0,0,0,0,16,0,0,4,0,0,4,2,6,1,21,21,0,0,0,0,0,0,0,0,7,1,1,0,1,0,0,2,2,1,1,KRBKRNvK,DRAW,8/8/8/8/5R2/n3k3/7r/KB6 w - - 0 1
1,1,0,0,0,0,0,1,-1,1,0,1,1,1,0,0,0,0,0,16,0,0,5,3,0,0,5,3,4,25,18,0,0,0,0,0,0,0,0,7,1,1,1,0,0,0,2,0,0,0,KRBKRNvK,DRAW,8/4R3/kr6/8/8/7B/n7/3K4 w - - 0 1
0,1,0,0,0,0,0,1,-1,1,0,1,1,1,0,0,0,0,0,16,0,0,5,7,3,2,3,3,1,6,0,1,0,0,0,0,0,0,0,7,1,1,0,0,0,0,0,3,1,1,KRBKRNvK,LOSS,2B5/8/n7/5r2/2k4K/8/2R5/8 b - - 0 1
1,1,0,0,0,0,0,1,-1,1,0,1,1,1,0,0,0,0,0,16,0,0,5,5,2,0,2,2,4,7,0,1,0,0,0,0,0,0,0,7,1,1,1,1,0,0,2,1,0,1,KRBKRNvK,LOSS,8/1R6/8/8/8/k4K2/1r1n3B/8 w - - 0 1
0,1,0,0,0,0,0,1,-1,1,0,1,1,1,0,0,0,0,0,16,0,0,2,3,3,3,1,0,2,23,18,0,0,0,0,0,0,0,0,7,1,1,0,0,0,0,3,3,1,2,KRBKRNvK,DRAW,1B6/8/8/4r3/3K4/3n4/3k4/1R6 b - - 0 1
1,1,0,0,0,0,0,1,-1,1,0,1,1,1,0,0,0,0,0,16,0,0,6,7,1,2,7,5,4,26,25,0,0,0,0,0,0,0,0,7,1,1,0,0,0,0,2,0,0,0,KRBKRNvK,DRAW,2k5/r7/8/3n3B/1R6/8/7K/8 w - - 0 1
0,1,0,0,0,0,0,1,-1,1,0,1,1,1,0,0,0,0,0,16,0,0,7,0,7,7,6,6,5,22,18,0,0,0,0,0,0,0,0,7,1,1,0,1,0,0,0,0,0,0,KRBKRNvK,DRAW,K7/7k/8/8/1B6/8/2r5/1R2n3 b - - 0 1
1,1,0,0,0,0,0,1,-1,1,0,1,1,1,0,0,0,0,0,16,0,0,4,3,6,4,2,2,1,24,25,0,0,0,0,0,0,0,0,7,1,1,0,0,0,0,0,3,0,1,KRBKRNvK,DRAW,2R5/3K4/8/B3r3/3n4/4k3/8/8 w - - 0 1
1,1,0,0,0,0,0,1,-1,1,0,1,1,1,0,0,0,0,0,16,0,0,5,2,7,7,3,4,3,22,25,0,0,0,0,0,0,0,0,7,1,1,0,0,0,0,1,2,0,1,KRBKRNvK,DRAW,R1K5/8/3r4/4n3/7k/3B4/8/8 w - - 0 1
0,1,0,0,0,0,0,1,-1,1,0,1,1,1,0,0,0,0,0,16,0,0,5,4,5,5,0,1,4,3,0,1,0,0,0,0,0,0,0,7,1,1,0,0,0,0,2,0,1,0,KRBKRNvK,DRAW,7n/8/4K3/8/6B1/6r1/8/5k1R b - - 0 1
0,1,0,0,0,0,0,1,-1,1,0,1,1,1,0,0,0,0,0,16,0,0,3,4,5,5,2,1,2,23,27,0,0,0,0,0,0,0,0,7,1,1,1,0,0,0,2,3,0,1,KRBKRNvK,DRAW,8/7R/4K3/5r2/1B6/5k2/8/3n4 b - - 0 1
0,1,0,0,0,0,0,1,-1,1,0,1,1,1,0,0,0,0,0,16,0,0,4,5,4,4,0,1,3,26,20,0,0,0,0,0,0,0,0,7,1,1,0,0,0,0,3,2,1,1,KRBKRNvK,DRAW,8/8/4n3/5K2/1r6/8/6BR/4k3 b - - 0 1
0,1,0,0,0,0,0,1,-1,1,0,1,1,1,0,0,0,0,0,16,0,0,2,6,2,7,0,3,6,2,0,1,0,0,0,0,0,0,0,7,1,1,0,0,0,0,3,3,0,1,KRBKRNvK,DRAW,8/8/5B2/3r2n1/7R/6K1/8/7k b - - 0 1
1,1,0,0,0,0,0,1,-1,1,0,1,1,1,0,0,0,0,0,16,0,0,5,5,0,2,5,4,2,28,13,0,0,0,0,0,0,0,0,7,1,1,0,0,0,0,3,1,1,0,KRBKRNvK,DRAW,2r2n2/2B5/2k5/8/8/8/3R4/5K2 w - - 0 1
1,1,0,0,0,0,0,1,-1,1,0,1,1,1,0,0,0,0,0,16,0,0,2,2,2,2,0,2,4,4,0,1,0,0,0,0,0,0,0,7,1,1,0,0,0,0,1,0,1,1,KRBKRNvK,DRAW,8/8/8/1B1n4/8/2K5/R7/2k2r2 w - - 0 1
1,1,0,0,0,0,0,1,-1,1,0,1,1,1,0,0,0,0,0,16,0,0,3,4,2,5,5,1,2,32,20,0,0,0,0,0,0,0,0,7,1,1,1,0,0,0,3,1,1,0,KRBKRNvK,DRAW,r7/1R6/3B1k2/8/8/4K3/8/7n w - - 0 1
1,1,0,0,0,0,0,1,-1,1,0,1,1,1,0,0,0,0,0,16,0,0,5,7,0,2,1,6,3,23,27,0,0,0,0,0,0,0,0,7,1,1,0,0,0,0,2,1,1,0,KRBKRNvK,DRAW,1r6/8/8/8/R7/8/2kn4/6BK w - - 0 1
1,1,0,0,0,0,0,1,-1,1,0,1,1,1,0,0,0,0,0,16,0,0,4,0,5,4,2,4,1,25,23,0,0,0,0,0,0,0,0,7,1,1,0,0,0,0,1,3,1,0,KRBKRNvK,DRAW,8/4r3/K5R1/4nB2/8/4k3/8/8 w - - 0 1
1,1,0,0,0,0,0,1,-1,1,0,1,1,1,0,0,0,0,0,16,0,0,6,7,7,1,4,6,2,26,16,0,0,0,0,0,0,0,0,7,1,1,0,0,0,0,2,0,1,0,KRBKRNvK,DRAW,2n4K/8/8/rk6/3B4/4R3/8/8 w - - 0 1
0,1,0,0,0,0,0,1,-1,1,0,1,1,1,0,0,0,0,0,16,0,0,5,2,0,6,5,4,3,8,0,1,0,0,0,0,0,0,0,7,1,1,0,0,0,0,1,2,0,0,KRBKRNvK,DRAW,1B6/8/6k1/r7/8/8/8/2K2nR1 b - - 0 1
1,1,0,0,0,0,0,1,-1,1,0,1,1,1,0,0,0,0,0,16,0,0,4,5,7,3,3,4,0,24,23,0,0,0,0,0,0,0,0,7,1,1,1,0,0,0,0,3,0,0,KRBKRNvK,DRAW,5K2/2R5/8/B7/n2k4/8/8/1r6 w - - 0 1
0,1,0,0,0,0,0,1,-1,1,0,1,1,1,0,0,0,0,0,16,0,0,5,6,2,2,7,3,4,7,0,1,0,0,0,0,0,0,0,7,1,1,0,0,0,0,0,1,0,1,KRBKRNvK,DRAW,2k5/5r2/8/6n1/6BR/6K1/8/8 b - - 0 1
1,1,0,0,0,0,0,1,-1,1,0,1,1,1,0,0,0,0,0,16,0,0,5,7,6,2,6,5,3,28,19,0,0,0,0,0,0,0,0,7,1,1,0,0,0,0,2,0,1,1,KRBKRNvK,DRAW,3n1r2/2k4K/2B5/8/8/8/8/6R1 w - - 0 1
0,1,0,0,0,0,0,1,-1,1,0,1,1,1,0,0,0,0,0,16,0,0,6,0,5,6,2,4,3,5,0,1,0,0,0,0,0,0,0,7,1,1,0,0,0,0,1,2,0,1,KRBKRNvK,LOSS,5r2/8/K1n3R1/2B5/8/6k1/8/8 b - - 0 1
0,1,0,0,0,0,0,1,-1,1,0,1,1,1,0,0,0,0,0,16,0,0,3,4,3,2,0,0,4,2,0,1,0,0,0,0,0,0,0,7,1,1,0,0,0,0,3,0,1,0,KRBKRNvK,DRAW,8/8/r6n/8/B3K3/8/2R5/2k5 b - - 0 1
1,1,0,0,0,0,0,1,-1,1,0,1,1,1,0,0,0,0,0,16,0,0,5,5,3,0,2,1,4,3,0,1,0,0,0,0,0,0,0,7,1,1,0,0,0,0,3,1,0,2,KRBKRNvK,DRAW,8/1B6/6r1/5R2/5K2/k2n4/8/8 w - - 0 1
1,1,0,0,0,0,0,1,-1,1,0,1,1,1,0,0,0,0,0,16,0,0,3,4,3,7,5,0,4,7,0,1,0,0,0,0,0,0,0,7,1,1,0,0,0,0,3,3,0,1,KRBKRNvK,DRAW,8/8/1Bn4k/8/1r2K3/8/2R5/8 w - - 0 1
0,1,0,0,0,0,0,1,-1,1,0,1,1,1,0,0,0,0,0,16,0,0,7,0,7,5,0,6,4,21,19,0,0,0,0,0,0,0,0,7,1,1,1,0,0,0,0,2,0,0,KRBKRNvK,DRAW,K7/3B2R1/4r3/8/8/8/8/3n1k2 b - - 0 1
0,1,0,0,0,0,0,1,-1,1,0,1,1,1,0,0,0,0,0,16,0,0,3,3,3,6,2,0,3,7,0,1,0,0,0,0,0,0,0,7,1,1,1,0,0,0,3,1,0,1,KRBKRNvK,DRAW,3B4/2n3R1/5r2/8/3K4/6k1/8/8 b - - 0 1
1,1,0,0,0,0,0,1,-1,1,0,1,1,1,0,0,0,0,0,16,0,0,5,1,2,6,6,3,4,26,24,0,0,0,0,0,0,0,0,7,1,1,0,1,0,0,2,0,0,0,KRBKRNvK,DRAW,n7/6k1/8/2R5/8/1K6/5r1B/8 w - - 0 1
0,1,0,0,0,0,0,1,-1,1,0,1,1,1,0,0,0,0,0,16,0,0,5,6,1,1,0,4,5,26,24,0,0,0,0,0,0,0,0,7,1,1,1,0,0,0,2,2,0,1,KRBKRNvK,DRAW,8/4R3/8/4n3/5r2/4B3/6K1/1k6 b - - 0 1
0,1,0,0,0,0,0,1,-1,1,0,1,1,1,0,0,0,0,0,16,0,0,6,6,4,0,2,2,4,17,25,0,0,0,0,0,0,0,0,7,1,1,0,0,0,0,2,0,0,0,KRBKRNvK,DRAW,3n1r2/8/8/6K1/3R2B1/k7/8/8 b - - 0 1
0,1,0,0,0,0,0,1,-1,1,0,1,1,1,0,0,0,0,0,16,0,0,3,3,0,5,3,3,1,23,25,0,0,0,0,0,0,0,0,7,1,1,0,0,0,0,2,2,1,1,KRBKRNvK,DRAW,8/1n6/R4B2/8/5k2/4r3/8/3K4 b - - 0 1
1,1,0,0,0,0,0,1,-1,1,0,1,1,1,0,0,0,0,0,16,0,0,2,2,1,0,2,3,4,29,15,0,0,0,0,0,0,0,0,7,1,1,0,0,0,0,3,2,0,0,KRBKRNvK,DRAW,8/n7/8/r7/8/k7/2K3B1/4R3 w - - 0 1
1,1,0,0,0,0,0,1,-1,1,0,1,1,1,0,0,0,0,0,16,0,0,2,3,7,1,6,3,4,3,0,1,0,0,0,0,0,0,0,7,1,1,0,0,0,0,1,2,2,0,KRBKRNvK,DRAW,2RK4/1kB5/8/8/8/8/8/3rn3 w - - 0 1
0,1,0,0,0,0,0,1,-1,1,0,1,1,1,0,0,0,0,0,16,0,0,3,4,5,7,3,1,3,25,31,0,0,0,0,0,0,0,0,7,1,1,0,0,0,0,4,1,0,0,KRBKRNvK,WIN,8/8/4K3/8/R3B2k/1n6/8/6r1 b - - 0 1
0,1,0,0,0,0,0,1,-1,1,0,1,1,1,0,0,0,0,0,16,0,0,3,3,4,0,4,0,3,18,28,0,0,0,0,0,0,0,0,7,1,1,0,1,0,0,3,0,0,0,KRBKRNvK,DRAW,8/8/7B/k2K4/8/8/r7/1n4R1 b - - 0 1
1,1,0,0,0,0,0,1,-1,1,0,1,1,1,0,0,0,0,0,16,0,0,5,7,6,2,3,5,1,26,22,0,0,0,0,0,0,0,0,7,1,1,0,0,0,0,1,4,1,0,KRBKRNvK,DRAW,8/B6K/2n5/8/2k2r2/8/1R6/8 w - - 0 1
0,1,0,0,0,0,0,1,-1,1,0,1,1,1,0,0,0,0,0,16,0,0,3,4,4,1,7,0,5,21,19,0,0,0,0,0,0,0,0,7,1,1,0,0,0,0,4,2,1,1,KRBKRNvK,WIN,1k6/3B4/8/4K2R/2r4n/8/8/8 b - - 0 1
1,1,0,0,0,0,0,1,-1,1,0,1,1,1,0,0,0,0,0,16,0,0,5,1,7,6,4,5,2,5,0,1,0,0,0,0,0,0,0,7,1,1,0,0,0,0,3,1,0,0,KRBKRNvK,DRAW,1K1R4/8/8/6k1/8/1r4n1/6B1/8 w - - 0 1
1,1,0,0,0,0,0,1,-1,1,0,1,1,1,0,0,0,0,0,16,0,0,2,2,0,4,1,4,2,18,22,0,0,0,0,0,0,0,0,7,1,1,0,0,0,0,0,2,0,1,KRBKRNvK,DRAW,8/8/8/8/RB5r/8/4k3/2Kn4 w - - 0 1
1,1,0,0,0,0,0,1,-1,1,0,1,1,1,0,0,0,0,0,16,0,0,6,6,1,0,2,4,4,6,0,1,0,0,0,0,0,0,0,7,1,1,0,0,0,0,2,2,0,0,KRBKRNvK,DRAW,8/6r1/5n2/4R3/8/k7/6K1/5B2 w - - 0 1
0,1,0,0,0,0,0,1,-1,1,0,1,1,1,0,0,0,0,0,16,0,0,3,5,6,3,3,3,0,23,29,0,0,0,0,0,0,0,0,7,1,1,0,0,0,0,2,3,1,0,KRBKRNvK,DRAW,8/5K2/1R6/2r5/3k4/7n/8/7B b - - 0 1
0,1,0,0,0,0,0,1,-1,1,0,1,1,1,0,0,0,0,0,16,0,0,4,4,6,0,4,2,3,5,0,1,0,0,0,0,0,0,0,7,1,1,0,1,0,0,1,3,0,0,KRBKRNvK,DRAW,8/4K3/8/k7/8/2n5/3r1B2/R7 b - - 0 1
1,1,0,0,0,0,0,1,-1,1,0,1,1,1,0,0,0,0,0,16,0,0,6,3,6,5,0,2,4,3,0,1,0,0,0,0,0,0,0,7,1,1,0,0,0,0,0,1,0,1,KRBKRNvK,DRAW,4R3/r2Kn3/8/8/7B/8/8/5k2 w - - 0 1
1,1,0,0,0,0,0,1,-1,1,0,1,1,1,0,0,0,0,0,16,0,0,4,3,7,7,5,3,4,25,19,0,0,0,0,0,0,0,0,7,1,1,0,0,0,0,0,0,0,1,KRBKRNvK,DRAW,n2K4/8/1r5k/8/8/B7/5R2/8 w - - 0 1
1,1,0,0,0,0,0,1,-1,1,0,1,1,1,0,0,0,0,0,16,0,0,4,5,1,3,5,3,1,31,17,0,0,0,0,0,0,0,0,7,1,1,0,0,0,0,3,2,0,0,KRBKRNvK,DRAW,8/8/3k4/R7/8/2B5/5K2/1rn5 w - - 0 1
1,1,0,0,0,0,0,1,-1,1,0,1,1,1,0,0,0,0,0,16,0,0,7,4,7,6,0,3,5,3,0,1,0,0,0,0,0,0,0,7,1,1,0,0,0,0,2,3,0,0,KRBKRNvK,DRAW,4KR2/8/2B5/4r3/6n1/8/8/6k1 w - - 0 1
0,1,0,0,0,0,0,1,-1,1,0,1,1,1,0,0,0,0,0,16,0,0,6,7,5,1,7,4,5,4,0,1,0,0,0,0,0,0,0,7,1,1,0,1,0,0,1,0,0,1,KRBKRNvK,DRAW,1k5R/6n1/7K/3B4/8/8/2r5/8 b - - 0 1
0,1,0,0,0,0,0,1,-1,1,0,1,1,1,0,0,0,0,0,16,0,0,3,3,1,6,4,2,2,24,28,0,0,0,0,0,0,0,0,7,1,1,0,0,0,0,1,2,0,1,KRBKRNvK,DRAW,2R5/8/8/n5k1/1r6/8/2BK4/8 b - - 0 1
0,1,0,0,0,0,0,1,-1,1,0,1,1,1,0,0,0,0,0,16,0,0,5,0,1,5,2,5,2,22,24,0,0,0,0,0,0,0,0,7,1,1,1,0,0,0,0,1,1,0,KRBKRNvK,DRAW,6n1/2R5/8/8/7B/5k2/K7/6r1 b - - 0 1
1,1,0,0,0,0,0,1,-1,1,0,1,1,1,0,0,0,0,0,16,0,0,2,0,2,2,3,4,1,24,18,0,0,0,0,0,0,0,0,7,1,1,0,0,0,0,2,2,1,1,KRBKRNvK,DRAW,8/5r2/8/3R4/2k5/K7/8/n5B1 w - - 0 1
0,1,0,0,0,0,0,1,-1,1,0,1,1,1,0,0,0,0,0,16,0,0,5,7,5,3,0,4,3,23,23,0,0,0,0,0,0,0,0,7,1,1,0,0,0,0,3,3,0,1,KRBKRNvK,DRAW,8/1B6/7K/1R6/1n3r2/8/8/3k4 b - - 0 1
1,1,0,0,0,0,0,1,-1,1,0,1,1,1,0,0,0,0,0,16,0,0,5,3,1,1,6,2,4,30,22,0,0,0,0,0,0,0,0,7,1,1,0,0,0,0,3,2,0,0,KRBKRNvK,DRAW,8/1k6/8/7r/2B3R1/8/3K3n/8 w - - 0 1
1,1,0,0,0,0,0,1,-1,1,0,1,1,1,0,0,0,0,0,16,0,0,6,7,7,3,1,6,2,3,0,1,0,0,0,0,0,0,0,7,1,1,0,1,0,0,3,0,1,0,KRBKRNvK,DRAW,1n5K/8/8/8/3B2R1/8/3k3r/8 w - - 0 1
1,1,0,0,0,0,0,1,-1,1,0,1,1,1,0,0,0,0,0,16,0,0,4,3,3,3,7,0,3,25,16,0,0,0,0,0,0,0,0,7,1,1,0,0,0,0,4,0,0,0,KRBKRNvK,WIN,3k3r/8/8/1R6/3K4/8/8/6Bn w - - 0 1
1,1,0,0,0,0,0,1,-1,1,0,1,1,1,0,0,0,0,0,16,0,0,4,7,7,3,7,6,3,20,22,0,0,0,0,0,0,0,0,7,1,1,0,0,0,0,3,2,0,0,KRBKRNvK,DRAW,3kn2K/8/8/5R2/1r6/8/8/1B6 w - - 0 1
1,1,0,0,0,0,0,1,-1,1,0,1,1,1,0,0,0,0,0,16,0,0,6,3,0,7,6,3,5,2,0,1,0,0,0,0,0,0,0,7,1,1,0,1,0,0,2,2,0,1,KRBKRNvK,DRAW,8/7k/8/8/8/2n5/r5B1/1R1K4 w - - 0 1
0,1,0,0,0,0,0,1,-1,1,0,1,1,1,0,0,0,0,0,16,0,0,7,1,7,2,0,5,4,24,12,0,0,0,0,0,0,0,0,7,1,1,0,0,0,0,0,2,0,0,KRBKRNvK,DRAW,RK6/8/B7/8/6r1/8/2n5/2k5 b - - 0 1
1,1,0,0,0,0,0,1,-1,1,0,1,1,1,0,0,0,0,0,16,0,0,3,3,5,0,6,1,5,7,0,1,0,0,0,0,0,0,0,7,1,1,0,1,0,0,3,1,0,1,KRBKRNvK,DRAW,8/k6B/3K4/1n6/8/8/1r2R3/8 w - - 0 1
1,1,0,0,0,0,0,1,-1,1,0,1,1,1,0,0,0,0,0,16,0,0,3,4,1,1,3,2,2,28,22,0,0,0,0,0,0,0,0,7,1,1,0,0,0,0,2,2,1,0,KRBKRNvK,DRAW,3B4/8/3R4/2r5/nk6/8/4K3/8 w - - 0 1
0,1,0,0,0,0,0,1,-1,1,0,1,1,1,0,0,0,0,0,16,0,0,4,3,1,7,4,2,3,20,19,0,0,0,0,0,0,0,0,7,1,1,0,0,0,0,1,0,1,1,KRBKRNvK,DRAW,7R/1n5B/8/7k/8/1r6/3K4/8 b - - 0 1
0,1,0,0,0,0,0,1,-1,1,0,1,1,1,0,0,0,0,0,16,0,0,2,1,5,0,3,3,3,20,23,0,0,0,0,0,0,0,0,7,1,1,1,1,0,0,2,2,0,0,KRBKRNvK,DRAW,8/2B1R3/1K6/8/k7/8/3r4/3n4 b - - 0 1
0,1,0,0,0,0,0,1,-1,1,0,1,1,1,0,0,0,0,0,16,0,0,7,0,7,7,2,6,4,23,25,0,0,0,0,0,0,0,0,7,1,1,0,0,0,0,3,0,0,1,KRBKRNvK,DRAW,K7/1n4B1/8/1R6/8/7k/8/5r2 b - - 0 1
0,1,0,0,0,0,0,1,-1,1,0,1,1,1,0,0,0,0,0,16,0,0,5,6,2,2,7,3,4,23,25,0,0,0,0,0,0,0,0,7,1,1,0,0,0,0,2,2,1,1,KRBKRNvK,DRAW,2k5/8/1R6/4r3/8/6K1/1B1n4/8 b - - 0 1
1,1,0,0,0,0,0,1,-1,1,0,1,1,1,0,0,0,0,0,16,0,0,6,7,4,1,0,3,5,3,0,1,0,0,0,0,0,0,0,7,1,1,0,0,0,0,0,2,1,1,KRBKRNvK,DRAW,8/8/5R2/7K/2r5/6n1/8/1k1B4 w - - 0 1
0,1,0,0,0,0,0,1,-1,1,0,1,1,1,0,0,0,0,0,16,0,0,5,7,4,2,1,3,3,6,0,1,0,0,0,0,0,0,0,7,1,1,0,0,0,0,2,2,1,1,KRBKRNvK,DRAW,8/8/4R3/5n1K/B7/8/2k5/3r4 b - - 0 1
1,1,0,0,0,0,0,1,-1,1,0,1,1,1,0,0,0,0,0,16,0,0,2,6,0,4,0,5,3,24,20,0,0,0,0,0,0,0,0,7,1,1,0,0,0,0,2,3,0,1,KRBKRNvK,DRAW,8/8/8/r7/2BR4/8/5n2/4k1K1 w - - 0 1
1,1,0,0,0,0,0,1,-1,1,0,1,1,1,0,0,0,0,0,16,0,0,2,3,2,5,3,1,1,18,23,0,0,0,0,0,0,0,0,7,1,1,0,0,0,0,3,2,0,0,KRBKRNvK,DRAW,3R4/8/B1r5/n7/5k2/3K4/8/8 w - - 0 1
0,1,0,0,0,0,0,1,-1,1,0,1,1,1,0,0,0,0,0,16,0,0,4,7,3,3,0,3,3,26,21,0,0,0,0,0,0,0,0,7,1,1,0,0,0,0,3,1,0,0,KRBKRNvK,DRAW,8/5r2/8/8/6RK/3n2B1/8/3k4 b - - 0 1
1,1,0,0,0,0,0,1,-1,1,0,1,1,1,0,0,0,0,0,16,0,0,3,4,5,1,5,1,3,30,21,0,0,0,0,0,0,0,0,7,1,1,1,0,0,0,3,2,0,1,KRBKRNvK,DRAW,8/7R/1k2K1B1/8/6r1/8/8/4n3 w - - 0 1
1,1,0,0,0,0,0,1,-1,1,0,1,1,1,0,0,0,0,0,16,0,0,4,2,3,6,7,1,5,19,22,0,0,0,0,0,0,0,0,7,1,1,0,0,0,0,3,2,1,1,KRBKRNvK,DRAW,3r2kB/8/8/8/R1K5/8/4n3/8 w - - 0 1
0,1,0,0,0,0,0,1,-1,1,0,1,1,1,0,0,0,0,0,16,0,0,6,0,3,6,1,3,4,6,0,1,0,0,0,0,0,0,0,7,1,1,0,0,0,0,2,2,1,0,KRBKRNvK,DRAW,n7/8/3r4/1B6/K7/8/4R1k1/8 b - - 0 1
1,1,0,0,0,0,0,1,-1,1,0,1,1,1,0,0,0,0,0,16,0,0,2,5,4,4,2,1,1,4,0,1,0,0,0,0,0,0,0,7,1,1,0,0,0,0,4,2,1,0,KRBKRNvK,DRAW,5n2/8/8/5K2/1R2B3/4k3/8/5r2 w - - 0 1
0,1,0,0,0,0,0,1,-1,1,0,1,1,1,0,0,0,0,0,16,0,0,5,2,2,7,5,2,4,17,26,0,0,0,0,0,0,0,0,7,1,1,0,0,0,0,3,0,0,0,KRBKRNvK,DRAW,6n1/8/5r1k/2R5/8/2K5/B7/8 b - - 0 1
0,1,0,0,0,0,0,1,-1,1,0,1,1,1,0,0,0,0,0,16,0,0,4,4,2,2,6,1,3,22,27,0,0,0,0,0,0,0,0,7,1,1,0,0,0,0,3,0,0,0,KRBKRNvK,DRAW,2n4r/2k5/8/8/8/4K3/B4R2/8 b - - 0 1
0,1,0,0,0,0,0,1,-1,1,0,1,1,1,0,0,0,0,0,16,0,0,6,6,3,0,2,2,4,2,0,1,0,0,0,0,0,0,0,7,1,1,0,0,0,0,2,0,2,0,KRBKRNvK,DRAW,7r/8/8/3n4/2R3K1/k7/8/2B5 b - - 0 1
0,1,0,0,0,0,0,1,-1,1,0,1,1,1,0,0,0,0,0,16,0,0,3,4,6,1,6,2,4,28,21,0,0,0,0,0,0,0,0,7,1,1,0,0,0,0,2,3,0,1,KRBKRNvK,DRAW,5B2/1k2Kn2/8/7R/6r1/8/8/8 b - - 0 1
0,1,0,0,0,0,0,1,-1,1,0,1,1,1,0,0,0,0,0,16,0,0,7,0,7,7,1,6,5,21,21,0,0,0,0,0,0,0,0,7,1,1,0,0,0,0,3,2,1,0,KRBKRNvK,DRAW,K7/8/8/2r5/8/n7/4RB1k/8 b - - 0 1
0,1,0,0,0,0,0,1,-1,1,0,1,1,1,0,0,0,0,0,16,0,0,7,7,6,0,3,5,3,4,0,1,0,0,0,0,0,0,0,7,1,1,0,0,0,0,3,1,0,1,KRBKRNvK,DRAW,8/5nBK/8/8/k5R1/1r6/8/8 b - - 0 1
0,1,0,0,0,0,0,1,-1,1,0,1,1,1,0,0,0,0,0,16,0,0,3,3,0,4,3,3,0,21,22,0,0,0,0,0,0,0,0,7,1,1,0,0,0,0,2,3,0,0,KRBKRNvK,DRAW,2nR4/7r/8/8/4k3/8/8/2BK4 b - - 0 1
1,1,0,0,0,0,0,1,-1,1,0,1,1,1,0,0,0,0,0,16,0,0,5,6,0,1,0,5,5,23,21,0,0,0,0,0,0,0,0,7,1,1,0,0,0,0,2,2,0,1,KRBKRNvK,DRAW,8/8/8/3R4/B4r2/8/8/1k3nK1 w - - 0 1
1,1,0,0,0,0,0,1,-1,1,0,1,1,1,0,0,0,0,0,16,0,0,6,6,5,0,7,3,6,30,16,0,0,0,0,0,0,0,0,7,1,1,0,0,0,0,3,2,0,0,KRBKRNvK,DRAW,k7/8/3B2K1/8/5R2/3r4/8/n7 w - - 0 1
1,1,0,0,0,0,0,1,-1,1,0,1,1,1,0,0,0,0,0,16,0,0,2,5,4,6,2,1,3,17,21,0,0,0,0,0,0,0,0,7,1,1,0,0,0,0,3,0,1,0,KRBKRNvK,DRAW,8/8/2r3B1/4RK2/8/6k1/7n/8 w - - 0 1
0,1,0,0,0,0,0,1,-1,1,0,1,1,1,0,0,0,0,0,16,0,0,4,1,2,5,5,3,2,20,18,0,0,0,0,0,0,0,0,7,1,1,1,0,0,0,0,2,0,1,KRBKRNvK,DRAW,8/R7/5k2/8/8/1K6/B7/1n2r3 b - - 0 1
1,1,0,0,0,0,0,1,-1,1,0,1,1,1,0,0,0,0,0,16,0,0,5,4,2,7,7,1,6,22,24,0,0,0,0,0,0,0,0,7,1,1,0,0,0,0,2,2,0,0,KRBKRNvK,DRAW,7k/r7/2n5/8/8/4K2B/7R/8 w - - 0 1
1,1,0,0,0,0,0,1,-1,1,0,1,1,1,0,0,0,0,0,16,0,0,7,5,0,3,7,4,3,21,23,0,0,0,0,0,0,0,0,7,1,1,0,0,0,0,4,1,0,0,KRBKRNvK,DRAW,3k4/1r6/8/4R3/8/8/2n5/B4K2 w - - 0 1
0,1,0,0,0,0,0,1,-1,1,0,1,1,1,0,0,0,0,0,16,0,0,3,6,4,7,1,2,5,22,22,0,0,0,0,0,0,0,0,7,1,1,1,1,0,0,2,2,0,0,KRBKRNvK,DRAW,2n5/6R1/8/6K1/8/8/3r3k/B7 b - - 0 1
0,1,0,0,0,0,0,1,-1,1,0,1,1,1,0,0,0,0,0,16,0,0,4,0,5,3,1,4,2,23,19,0,0,0,0,0,0,0,0,7,1,1,1,0,0,0,0,2,0,1,KRBKRNvK,DRAW,2nB4/2R5/K7/4r3/8/8/3k4/8 b - - 0 1
0,1,0,0,0,0,0,1,-1,1,0,1,1,1,0,0,0,0,0,16,0,0,5,0,3,5,6,3,3,24,25,0,0,0,0,0,0,0,0,7,1,1,0,0,0,0,2,2,1,0,KRBKRNvK,DRAW,8/2n2k2/8/6B1/K7/3r4/8/4R3 b - - 0 1
0,1,0,0,0,0,0,1,-1,1,0,1,1,1,0,0,0,0,0,16,0,0,4,3,3,7,6,0,5,4,0,1,0,0,0,0,0,0,0,7,1,1,0,0,0,0,3,0,0,1,KRBKRNvK,LOSS,4R3/7k/7n/8/3K4/2r5/8/1B6 b - - 0 1
0,1,0,0,0,0,0,1,-1,1,0,1,1,1,0,0,0,0,0,16,0,0,3,2,2,2,5,2,2,23,26,0,0,0,0,0,0,0,0,7,1,1,0,0,0,0,2,3,0,0,KRBKRNvK,DRAW,6B1/8/2k5/5r2/8/2K2n2/1R6/8 b - - 0 1
0,1,0,0,0,0,0,1,-1,1,0,1,1,1,0,0,0,0,0,16,0,0,3,5,2,2,1,2,3,22,26,0,0,0,0,0,0,0,0,7,1,1,0,0,0,0,3,3,1,0,KRBKRNvK,DRAW,B7/3r1n2/8/8/1R6/5K2/2k5/8 b - - 0 1
1,1,0,0,0,0,0,1,-1,1,0,1,1,1,0,0,0,0,0,16,0,0,5,4,6,6,1,2,4,30,22,0,0,0,0,0,0,0,0,7,1,1,0,0,0,0,2,1,1,0,KRBKRNvK,DRAW,8/4K3/8/8/3B4/5r2/3n2k1/4R3 w - - 0 1
0,1,0,0,0,0,0,1,-1,1,0,1,1,1,0,0,0,0,0,16,0,0,4,5,2,6,6,2,4,29,27,0,0,0,0,0,0,0,0,7,1,1,0,0,0,0,1,2,0,1,KRBKRNvK,DRAW,8/6k1/3r4/8/5n1B/5K2/8/2R5 b - - 0 1
0,1,0,0,0,0,0,1,-1,1,0,1,1,1,0,0,0,0,0,16,0,0,4,6,0,7,4,5,3,20,22,0,0,0,0,0,0,0,0,7,1,1,1,0,0,0,0,2,1,1,KRBKRNvK,DRAW,5n2/6R1/8/7k/8/4r3/8/2B3K1 b - - 0 1
0,1,0,0,0,0,0,1,-1,1,0,1,1,1,0,0,0,0,0,16,0,0,6,6,6,0,1,4,5,19,25,0,0,0,0,0,0,0,0,7,1,1,0,0,0,0,1,0,0,1,KRBKRNvK,WIN,r7/6K1/1B5n/8/8/6R1/k7/8 b - - 0 1
1,1,0,0,0,0,0,1,-1,1,0,1,1,1,0,0,0,0,0,16,0,0,4,4,1,2,5,2,2,33,24,0,0,0,0,0,0,0,0,7,1,1,0,0,0,0,1,2,1,0,KRBKRNvK,DRAW,8/8/n1kB4/6r1/8/7R/4K3/8 w - - 0 1
0,1,0,0,0,0,0,1,-1,1,0,1,1,1,0,0,0,0,0,16,0,0,2,2,5,0,6,2,5,19,27,0,0,0,0,0,0,0,0,7,1,1,0,0,0,0,1,2,0,0,KRBKRNvK,DRAW,6R1/k7/2K5/8/7B/8/1n6/4r3 b - - 0 1
0,1,0,0,0,0,0,1,-1,1,0,1,1,1,0,0,0,0,0,16,0,0,6,0,1,6,0,5,5,3,0,1,0,0,0,0,0,0,0,7,1,1,1,0,0,0,1,0,0,0,KRBKRNvK,LOSS,5n2/B4Rr1/8/8/8/8/K7/6k1 b - - 0 1
0,1,0,0,0,0,0,1,-1,1,0,1,1,1,0,0,0,0,0,16,0,0,2,0,5,2,5,4,2,2,0,1,0,0,0,0,0,0,0,7,1,1,0,0,0,0,2,2,1,1,KRBKRNvK,DRAW,3n4/8/KRk5/2r5/8/8/8/7B b - - 0 1
1,1,0,0,0,0,0,1,-1,1,0,1,1,1,0,0,0,0,0,16,0,0,3,3,7,0,6,3,5,26,21,0,0,0,0,0,0,0,0,7,1,1,0,1,0,0,2,0,0,0,KRBKRNvK,WIN,3K4/k7/n7/3R4/8/8/1B3r2/8 w - - 0 1
1,1,0,0,0,0,0,1,-1,1,0,1,1,1,0,0,0,0,0,16,0,0,3,7,6,4,7,5,3,25,27,0,0,0,0,0,0,0,0,7,1,1,0,0,0,0,2,1,0,0,KRBKRNvK,DRAW,4k3/1B5K/1R6/8/5n2/2r5/8/8 w - - 0 1
0,1,0,0,0,0,0,1,-1,1,0,1,1,1,0,0,0,0,0,16,0,0,5,4,6,3,1,2,2,3,0,1,0,0,0,0,0,0,0,7,1,1,0,0,0,0,1,3,2,1,KRBKRNvK,DRAW,8/4K3/8/2r5/5B2/2n5/3k4/1R6 b - - 0 1
0,1,0,0,0,0,0,1,-1,1,0,1,1,1,0,0,0,0,0,16,0,0,7,3,0,7,7,3,6,13,25,0,0,0,0,0,0,0,0,7,1,1,0,0,0,0,0,0,0,1,KRBKRNvK,DRAW,2B4k/8/8/8/8/5R2/8/rn1K4 b - - 0 1
1,1,0,0,0,0,0,1,-1,1,0,1,1,1,0,0,0,0,0,16,0,0,7,7,4,0,7,3,6,26,19,0,0,0,0,0,0,0,0,7,1,1,0,0,0,0,1,1,1,0,KRBKRNvK,WIN,k7/r7/1R2B3/7K/8/8/2n5/8 w - - 0 1
0,1,0,0,0,0,0,1,-1,1,0,1,1,1,0,0,0,0,0,16,0,0,3,5,3,5,6,1,3,28,20,0,0,0,0,0,0,0,0,7,1,1,0,1,0,0,2,1,0,0,KRBKRNvK,DRAW,8/5k2/8/8/5K2/1n4B1/2r5/1R6 b - - 0 1
0,1,0,0,0,0,0,1,-1,1,0,1,1,1,0,0,0,0,0,16,0,0,5,0,4,5,5,3,2,4,0,1,0,0,0,0,0,0,0,7,1,1,0,0,0,0,0,2,2,1,KRBKRNvK,DRAW,6RB/8/5k2/K7/8/1r6/2n5/8 b - - 0 1
1,1,0,0,0,0,0,1,-1,1,0,1,1,1,0,0,0,0,0,16,0,0,6,6,0,0,1,5,5,4,0,1,0,0,0,0,0,0,0,7,1,1,0,0,0,0,3,2,0,1,KRBKRNvK,LOSS,8/4r3/2B5/6R1/8/7n/k7/6K1 w - - 0 1
1,1,0,0,0,0,0,1,-1,1,0,1,1,1,0,0,0,0,0,16,0,0,2,5,2,7,2,2,4,28,17,0,0,0,0,0,0,0,0,7,1,1,0,0,0,0,3,2,0,1,KRBKRNvK,DRAW,8/8/2n5/3RB3/8/5K1k/8/7r w - - 0 1
0,1,0,0,0,0,0,1,-1,1,0,1,1,1,0,0,0,0,0,16,0,0,3,2,3,5,4,1,1,29,22,0,0,0,0,0,0,0,0,7,1,1,0,0,0,0,2,4,0,0,KRBKRNvK,DRAW,8/3r4/B7/5k2/2K2n2/8/8/1R6 b - - 0 1
1,1,0,0,0,0,0,1,-1,1,0,1,1,1,0,0,0,0,0,16,0,0,2,6,1,5,3,4,1,4,0,1,0,0,0,0,0,0,0,7,1,1,0,1,0,0,2,4,1,1,KRBKRNvK,LOSS,2B5/8/8/6R1/4nk2/8/3r2K1/8 w - - 0 1
0,1,0,0,0,0,0,1,-1,1,0,1,1,1,0,0,0,0,0,16,0,0,5,5,3,0,7,1,6,19,33,0,0,0,0,0,0,0,0,7,1,1,0,0,0,0,2,0,0,0,KRBKRNvK,DRAW,k1r5/8/7R/8/3B1K2/8/8/5n2 b - - 0 1
0,1,0,0,0,0,0,1,-1,1,0,1,1,1,0,0,0,0,0,16,0,0,2,5,3,3,4,1,0,22,23,0,0,0,0,0,0,0,0,7,1,1,0,0,0,0,2,3,1,0,KRBKRNvK,DRAW,2B5/3n3r/8/3k4/5K2/1R6/8/8 b - - 0 1
1,1,0,0,0,0,0,1,-1,1,0,1,1,1,0,0,0,0,0,16,0,0,5,1,1,5,6,4,3,26,23,0,0,0,0,0,0,0,0,7,1,1,0,0,0,0,2,0,1,0,KRBKRNvK,DRAW,3B4/5k2/8/8/2R5/6r1/1K6/5n2 w - - 0 1
1,1,0,0,0,0,0,1,-1,1,0,1,1,1,0,0,0,0,0,16,0,0,2,6,2,4,3,3,0,24,20,0,0,0,0,0,0,0,0,7,1,1,0,0,0,0,0,4,0,1,KRBKRNvK,DRAW,1R3B2/8/8/4r3/4k3/6K1/3n4/8 w - - 0 1
0,1,0,0,0,0,0,1,-1,1,0,1,1,1,0,0,0,0,0,16,0,0,4,1,7,2,3,5,1,22,26,0,0,0,0,0,0,0,0,7,1,1,0,1,0,0,3,2,1,0,KRBKRNvK,DRAW,1K6/8/7n/R7/2k5/8/6r1/1B6 b - - 0 1
0,1,0,0,0,0,0,1,-1,1,0,1,1,1,0,0,0,0,0,16,0,0,7,1,0,7,7,5,6,23,26,0,0,0,0,0,0,0,0,7,1,1,0,0,0,0,0,1,0,1,KRBKRNvK,DRAW,7k/8/2R5/6n1/6B1/r7/8/1K6 b - - 0 1
0,1,0,0,0,0,0,1,-1,1,0,1,1,1,0,0,0,0,0,16,0,0,3,6,0,3,3,5,0,24,23,0,0,0,0,0,0,0,0,7,1,1,0,0,0,0,1,3,1,1,KRBKRNvK,DRAW,3R4/1r6/3B4/8/3k4/8/8/5nK1 b - - 0 1
0,1,0,0,0,0,0,1,-1,1,0,1,1,1,0,0,0,0,0,16,0,0,3,3,1,4,4,2,0,6,0,1,0,0,0,0,0,0,0,7,1,1,0,0,0,0,3,3,1,1,KRBKRNvK,DRAW,8/8/4B3/4k3/8/r7/3K4/2n1R3 b - - 0 1
0,1,0,0,0,0,0,1,-1,1,0,1,1,1,0,0,0,0,0,16,0,0,3,5,3,4,0,1,3,4,0,1,0,0,0,0,0,0,0,7,1,1,1,0,0,0,2,1,0,0,KRBKRNvK,LOSS,1r6/1R6/8/1n6/5K1B/8/8/4k3 b - - 0 1
1,1,0,0,0,0,0,1,-1,1,0,1,1,1,0,0,0,0,0,16,0,0,2,5,1,7,3,3,3,29,18,0,0,0,0,0,0,0,0,7,1,1,0,0,0,0,2,0,1,0,KRBKRNvK,DRAW,1r3n2/8/6B1/8/7k/8/5K2/4R3 w - - 0 1
0,1,0,0,0,0,0,1,-1,1,0,1,1,1,0,0,0,0,0,16,0,0,2,1,7,1,5,5,3,4,0,1,0,0,0,0,0,0,0,7,1,1,0,0,0,0,0,2,0,1,KRBKRNvK,DRAW,1Kn5/8/1k6/8/r7/8/1R1B4/8 b - - 0 1
1,1,0,0,0,0,0,1,-1,1,0,1,1,1,0,0,0,0,0,16,0,0,5,0,5,5,4,4,1,23,21,0,0,0,0,0,0,0,0,7,1,1,0,0,0,0,3,2,1,1,KRBKRNvK,DRAW,1r6/8/K7/5k2/2B1R3/8/8/6n1 w - - 0 1
0,1,0,0,0,0,0,1,-1,1,0,1,1,1,0,0,0,0,0,16,0,0,7,7,4,0,1,3,5,22,20,0,0,0,0,0,0,0,0,7,1,1,0,1,0,0,2,0,0,0,KRBKRNvK,WIN,4n3/8/8/5R1K/8/8/k5r1/5B2 b - - 0 1
0,1,0,0,0,0,0,1,-1,1,0,1,1,1,0,0,0,0,0,16,0,0,3,1,2,2,5,3,2,23,26,0,0,0,0,0,0,0,0,7,1,1,0,0,0,0,1,2,1,0,KRBKRNvK,DRAW,1B6/8/2k5/4r3/8/1K6/6Rn/8 b - - 0 1
0,1,0,0,0,0,0,1,-1,1,0,1,1,1,0,0,0,0,0,16,0,0,5,1,6,6,4,4,2,20,25,0,0,0,0,0,0,0,0,7,1,1,0,0,0,0,0,1,0,0,KRBKRNvK,DRAW,5r2/1K6/R7/5nk1/8/8/8/4B3 b - - 0 1
1,1,0,0,0,0,0,1,-1,1,0,1,1,1,0,0,0,0,0,16,0,0,5,2,6,3,1,3,2,29,16,0,0,0,0,0,0,0,0,7,1,1,0,0,0,0,0,1,0,1,KRBKRNvK,DRAW,8/2K1n1r1/8/8/6B1/8/3k4/R7 w - - 0 1
1,1,0,0,0,0,0,1,-1,1,0,1,1,1,0,0,0,0,0,16,0,0,6,7,6,6,0,5,5,23,20,0,0,0,0,0,0,0,0,7,1,1,0,0,0,0,0,2,0,0,KRBKRNvK,DRAW,2R2B2/7K/8/1r6/8/8/8/6kn w - - 0 1
1,1,0,0,0,0,0,1,-1,1,0,1,1,1,0,0,0,0,0,16,0,0,5,5,0,4,5,4,1,26,24,0,0,0,0,0,0,0,0,7,1,1,0,0,0,0,2,2,1,0,KRBKRNvK,DRAW,1n6/8/4k3/Br6/2R5/8/8/5K2 w - - 0 1
0,1,0,0,0,0,0,1,-1,1,0,1,1,1,0,0,0,0,0,16,0,0,6,3,0,3,6,3,2,23,22,0,0,0,0,0,0,0,0,7,1,1,0,0,0,0,2,1,0,0,KRBKRNvK,WIN,8/1r1k4/8/2n5/8/8/8/B2K2R1 b - - 0 1
0,1,0,0,0,0,0,1,-1,1,0,1,1,1,0,0,0,0,0,16,0,0,3,3,3,0,1,0,5,17,26,0,0,0,0,0,0,0,0,7,1,1,0,0,0,0,4,0,0,0,KRBKRNvK,DRAW,r7/8/1B6/8/3K4/n7/k7/6R1 b - - 0 1
0,1,0,0,0,0,0,1,-1,1,0,1,1,1,0,0,0,0,0,16,0,0,3,4,4,7,1,0,5,20,23,0,0,0,0,0,0,0,0,7,1,1,0,0,0,0,4,0,0,1,KRBKRNvK,DRAW,8/8/8/4K3/7n/5r2/1B5k/R7 b - - 0 1
0,1,0,0,0,0,0,1,-1,1,0,1,1,1,0,0,0,0,0,16,0,0,6,6,2,0,7,3,6,2,0,1,0,0,0,0,0,0,0,7,1,1,0,0,0,0,3,2,0,2,KRBKRNvK,DRAW,k7/5B2/8/8/R7/6K1/8/4r1n1 b - - 0 1
1,1,0,0,0,0,0,1,-1,1,0,1,1,1,0,0,0,0,0,16,0,0,5,0,4,5,0,3,4,24,27,0,0,0,0,0,0,0,0,7,1,1,0,0,0,0,3,0,0,0,KRBKRNvK,DRAW,8/8/7r/KR6/3n4/8/2B5/5k2 w - - 0 1
0,1,0,0,0,0,0,1,-1,1,0,1,1,1,0,0,0,0,0,16,0,0,6,0,3,6,5,3,3,7,0,1,0,0,0,0,0,0,0,7,1,1,0,0,0,0,0,2,1,1,KRBKRNvK,DRAW,4n1R1/8/1B4k1/2r5/K7/8/8/8 b - - 0 1
1,1,0,0,0,0,0,1,-1,1,0,1,1,1,0,0,0,0,0,16,0,0,3,0,5,3,3,4,0,3,0,1,0,0,0,0,0,0,0,7,1,1,0,0,0,0,0,4,1,0,KRBKRNvK,DRAW,3n4/8/K2r4/8/3k4/8/3B4/R7 w - - 0 1
0,1,0,0,0,0,0,1,-1,1,0,1,1,1,0,0,0,0,0,16,0,0,2,6,4,4,5,2,1,21,25,0,0,0,0,0,0,0,0,7,1,1,0,0,0,0,3,3,1,0,KRBKRNvK,DRAW,B7/8/4k3/2R3K1/8/3r4/8/2n5 b - - 0 1
0,1,0,0,0,0,0,1,-1,1,0,1,1,1,0,0,0,0,0,16,0,0,5,2,4,7,7,1,6,17,29,0,0,0,0,0,0,0,0,7,1,1,0,0,0,0,2,2,0,1,KRBKRNvK,DRAW,7k/4rn2/8/2K5/8/1B6/8/6R1 b - - 0 1
1,1,0,0,0,0,0,1,-1,1,0,1,1,1,0,0,0,0,0,16,0,0,3,6,3,3,1,2,2,29,17,0,0,0,0,0,0,0,0,7,1,1,0,0,0,0,0,2,1,0,KRBKRNvK,DRAW,3rBn2/8/8/8/6K1/8/3k4/2R5 w - - 0 1
1,1,0,0,0,0,0,1,-1,1,0,1,1,1,0,0,0,0,0,16,0,0,4,2,5,6,3,2,2,5,0,1,0,0,0,0,0,0,0,7,1,1,0,0,0,0,2,0,2,1,KRBKRNvK,DRAW,8/n7/2K5/8/6k1/4BR2/8/2r5 w - - 0 1
1,1,0,0,0,0,0,1,-1,1,0,1,1,1,0,0,0,0,0,16,0,0,7,7,0,5,7,6,4,1,0,1,0,0,0,0,0,0,0,7,1,1,0,0,0,0,2,0,0,1,KRBKRNvK,DRAW,5k2/8/8/3BR3/7n/7r/8/7K w - - 0 1
1,1,0,0,0,0,0,1,-1,1,0,1,1,1,0,0,0,0,0,16,0,0,2,5,4,5,6,1,3,22,15,0,0,0,0,0,0,0,0,7,1,1,0,0,0,0,3,1,0,1,KRBKRNvK,DRAW,8/5k1r/8/1R3K2/7B/8/4n3/8 w - - 0 1
1,1,0,0,0,0,0,1,-1,1,0,1,1,1,0,0,0,0,0,16,0,0,4,4,1,0,3,2,3,4,0,1,0,0,0,0,0,0,0,7,1,1,0,1,0,0,1,0,0,2,KRBKRNvK,DRAW,8/8/4B3/8/k7/8/4K1r1/5Rn1 w - - 0 1
1,1,0,0,0,0,0,1,-1,1,0,1,1,1,0,0,0,0,0,16,0,0,6,3,6,7,0,2,6,23,24,0,0,0,0,0,0,0,0,7,1,1,1,0,0,0,1,3,0,0,KRBKRNvK,DRAW,8/1R1K1B2/8/8/8/2n5/8/4r2k w - - 0 1
1,1,0,0,0,0,0,1,-1,1,0,1,1,1,0,0,0,0,0,16,0,0,2,5,6,3,6,3,2,5,0,1,0,0,0,0,0,0,0,7,1,1,0,0,0,0,1,3,0,1,KRBKRNvK,DRAW,8/3k1K2/3n4/8/4B3/R7/8/3r4 w - - 0 1
1,1,0,0,0,0,0,1,-1,1,0,1,1,1,0,0,0,0,0,16,0,0,2,1,4,3,3,2,0,5,0,1,0,0,0,0,0,0,0,7,1,1,0,0,0,0,1,3,1,0,KRBKRNvK,DRAW,8/8/6R1/1K1B4/3k4/7n/8/1r6 w - - 0 1
1,1,0,0,0,0,0,1,-1,1,0,1,1,1,0,0,0,0,0,16,0,0,5,1,7,4,2,5,1,26,21,0,0,0,0,0,0,0,0,7,1,1,0,0,0,0,1,3,1,1,KRBKRNvK,DRAW,1K4R1/8/3nr3/8/8/3Bk3/8/8 w - - 0 1
1,1,0,0,0,0,0,1,-1,1,0,1,1,1,0,0,0,0,0,16,0,0,3,5,0,7,3,4,3,25,23,0,0,0,0,0,0,0,0,7,1,1,0,0,0,0,0,2,0,0,KRBKRNvK,DRAW,5R2/8/8/B1r5/2n4k/8/8/5K2 w - - 0 1
0,1,0,0,0,0,0,1,-1,1,0,1,1,1,0,0,0,0,0,16,0,0,3,7,3,4,3,3,0,28,17,0,0,0,0,0,0,0,0,7,1,1,1,0,0,0,0,3,0,0,KRBKRNvK,DRAW,8/2n4R/8/B7/4k2K/1r6/8/8 b - - 0 1
0,1,0,0,0,0,0,1,-1,1,0,1,1,1,0,0,0,0,0,16,0,0,3,4,1,1,2,2,3,25,25,0,0,0,0,0,0,0,0,7,1,1,1,0,0,0,2,0,0,0,KRBKRNvK,DRAW,8/B2R4/8/8/8/nk6/4K3/7r b - - 0 1
1,1,0,0,0,0,0,1,-1,1,0,1,1,1,0,0,0,0,0,16,0,0,5,7,3,2,2,3,2,30,18,0,0,0,0,0,0,0,0,7,1,1,0,0,0,0,1,3,1,0,KRBKRNvK,DRAW,1R6/8/8/2r5/4B2K/2k5/8/2n5 w - - 0 1
0,1,0,0,0,0,0,1,-1,1,0,1,1,1,0,0,0,0,0,16,0,0,3,7,0,4,3,6,0,6,0,1,0,0,0,0,0,0,0,7,1,1,0,0,0,0,1,4,1,0,KRBKRNvK,DRAW,R7/8/5n2/8/4kr2/8/6B1/7K b - - 0 1
0,1,0,0,0,0,0,1,-1,1,0,1,1,1,0,0,0,0,0,16,0,0,2,0,6,1,4,5,2,5,0,1,0,0,0,0,0,0,0,7,1,1,0,0,0,0,2,2,0,0,KRBKRNvK,DRAW,1R6/K7/5B2/1k6/8/8/8/2n1r3 b - - 0 1
0,1,0,0,0,0,0,1,-1,1,0,1,1,1,0,0,0,0,0,16,0,0,3,2,3,1,6,1,4,24,18,0,0,0,0,0,0,0,0,7,1,1,0,0,0,0,2,1,0,1,KRBKRNvK,DRAW,8/1k6/1r6/5n2/R1K5/8/8/6B1 b - - 0 1
1,1,0,0,0,0,0,1,-1,1,0,1,1,1,0,0,0,0,0,16,0,0,6,1,2,7,5,3,4,5,0,1,0,0,0,0,0,0,0,7,1,1,0,0,0,0,2,2,1,2,KRBKRNvK,DRAW,8/8/7k/1r5B/8/1K2R3/8/3n4 w - - 0 1
0,1,0,0,0,0,0,1,-1,1,0,1,1,1,0,0,0,0,0,16,0,0,3,1,4,4,2,2,1,26,21,0,0,0,0,0,0,0,0,7,1,1,0,0,0,0,2,2,1,0,KRBKRNvK,DRAW,1B6/6r1/8/1K6/4nR2/4k3/8/8 b - - 0 1
1,1,0,0,0,0,0,1,-1,1,0,1,1,1,0,0,0,0,0,16,0,0,3,1,6,4,7,4,3,22,14,0,0,0,0,0,0,0,0,7,1,1,1,0,0,0,1,2,1,1,KRBKRNvK,DRAW,3rk1n1/1KR5/1B6/8/8/8/8/8 w - - 0 1
0,1,0,0,0,0,0,1,-1,1,0,1,1,1,0,0,0,0,0,16,0,0,3,6,4,3,5,2,1,23,27,0,0,0,0,0,0,0,0,7,1,1,1,0,0,0,2,3,1,1,KRBKRNvK,DRAW,8/2n2R2/3k4/6K1/8/4r3/8/7B b - - 0 1
1,1,0,0,0,0,0,1,-1,1,0,1,1,1,0,0,0,0,0,16,0,0,4,4,7,0,4,3,3,22,22,0,0,0,0,0,0,0,0,7,1,1,0,0,0,0,1,1,0,1,KRBKRNvK,DRAW,4K3/r7/4n1B1/k7/8/8/8/7R w - - 0 1
0,1,0,0,0,0,0,1,-1,1,0,1,1,1,0,0,0,0,0,16,0,0,6,4,1,4,7,2,3,4,0,1,0,0,0,0,0,0,0,7,1,1,0,0,0,0,1,1,1,1,KRBKRNvK,DRAW,1r2k3/8/6B1/8/2n5/8/2R1K3/8 b - - 0 1
1,1,0,0,0,0,0,1,-1,1,0,1,1,1,0,0,0,0,0,16,0,0,5,2,6,5,1,3,3,24,23,0,0,0,0,0,0,0,0,7,1,1,0,0,0,0,2,2,0,0,KRBKRNvK,DRAW,8/2K5/B7/2R5/8/8/5k1n/3r4 w - - 0 1
1,1,0,0,0,0,0,1,-1,1,0,1,1,1,0,0,0,0,0,16,0,0,4,2,3,6,4,1,2,25,25,0,0,0,0,0,0,0,0,7,1,1,0,0,0,0,3,2,0,0,KRBKRNvK,DRAW,4r3/1B4n1/8/6k1/2K5/2R5/8/8 w - - 0 1
0,1,0,0,0,0,0,1,-1,1,0,1,1,1,0,0,0,0,0,16,0,0,6,6,0,0,5,5,4,12,28,0,0,0,0,0,0,0,0,7,1,1,0,0,0,0,2,0,0,0,KRBKRNvK,DRAW,6n1/r7/k7/8/8/5B2/8/1R4K1 b - - 0 1
0,1,0,0,0,0,0,1,-1,1,0,1,1,1,0,0,0,0,0,16,0,0,5,0,5,0,0,4,6,20,21,0,0,0,0,0,0,0,0,7,1,1,0,0,0,0,0,0,0,0,KRBKRNvK,DRAW,4B1R1/8/K7/8/8/2r5/7n/k7 b - - 0 1
0,1,0,0,0,0,0,1,-1,1,0,1,1,1,0,0,0,0,0,16,0,0,4,6,7,2,6,5,3,25,27,0,0,0,0,0,0,0,0,7,1,1,0,0,0,0,2,3,0,0,KRBKRNvK,DRAW,6K1/2k5/5B2/8/1n2r3/5R2/8/8 b - - 0 1
1,1,0,0,0,0,0,1,-1,1,0,1,1,1,0,0,0,0,0,16,0,0,6,5,1,0,7,3,6,4,0,1,0,0,0,0,0,0,0,7,1,1,0,0,0,0,2,2,0,1,KRBKRNvK,DRAW,k7/8/8/5r2/8/8/5K2/3nRB2 w - - 0 1
1,1,0,0,0,0,0,1,-1,1,0,1,1,1,0,0,0,0,0,16,0,0,7,6,7,5,0,5,4,32,19,0,0,0,0,0,0,0,0,7,1,1,1,0,0,0,1,2,0,0,KRBKRNvK,DRAW,6K1/R7/8/4B3/4r3/8/4n3/5k2 w - - 0 1
0,1,0,0,0,0,0,1,-1,1,0,1,1,1,0,0,0,0,0,16,0,0,4,2,3,6,2,1,3,7,0,1,0,0,0,0,0,0,0,7,1,1,0,0,0,0,3,2,0,2,KRBKRNvK,LOSS,8/8/5B2/4r3/2Kn4/3R2k1/8/8 b - - 0 1
1,1,0,0,0,0,0,1,-1,1,0,1,1,1,0,0,0,0,0,16,0,0,6,3,1,3,7,2,3,26,18,0,0,0,0,0,0,0,0,7,1,1,0,0,0,0,2,1,0,0,KRBKRNvK,DRAW,3k3B/2rn4/8/8/8/8/3K4/5R2 w - - 0 1
0,1,0,0,0,0,0,1,-1,1,0,1,1,1,0,0,0,0,0,16,0,0,4,2,6,6,6,3,4,24,30,0,0,0,0,0,0,0,0,7,1,1,0,0,0,0,0,2,0,0,KRBKRNvK,DRAW,8/2KB2kn/8/8/4r3/8/8/1R6 b - - 0 1
0,1,0,0,0,0,0,1,-1,1,0,1,1,1,0,0,0,0,0,16,0,0,7,6,0,4,7,5,3,4,0,1,0,0,0,0,0,0,0,7,1,1,0,0,0,0,2,2,1,0,KRBKRNvK,DRAW,4k3/8/2B4R/7r/5n2/8/8/6K1 b - - 0 1
0,1,0,0,0,0,0,1,-1,1,0,1,1,1,0,0,0,0,0,16,0,0,2,7,2,7,0,4,6,1,0,1,0,0,0,0,0,0,0,7,1,1,0,0,0,0,3,1,1,1,KRBKRNvK,LOSS,8/8/1r6/8/8/6nK/5B2/4R2k b - - 0 1
0,1,0,0,0,0,0,1,-1,1,0,1,1,1,0,0,0,0,0,16,0,0,6,5,0,5,6,4,3,21,25,0,0,0,0,0,0,0,0,7,1,1,0,0,0,0,2,1,0,0,KRBKRNvK,DRAW,8/r4k2/6n1/8/8/8/4R3/2B2K2 b - - 0 1
1,1,0,0,0,0,0,1,-1,1,0,1,1,1,0,0,0,0,0,16,0,0,4,5,2,7,6,2,5,5,0,1,0,0,0,0,0,0,0,7,1,1,0,0,0,0,4,0,0,1,KRBKRNvK,DRAW,8/7k/8/3R4/8/1B3K1r/8/2n5 w - - 0 1
0,1,0,0,0,0,0,1,-1,1,0,1,1,1,0,0,0,0,0,16,0,0,2,6,1,4,3,4,0,6,0,1,0,0,0,0,0,0,0,7,1,1,0,0,0,0,1,3,0,0,KRBKRNvK,DRAW,2B5/8/4n3/5r2/4k2R/8/6K1/8 b - - 0 1
0,1,0,0,0,0,0,1,-1,1,0,1,1,1,0,0,0,0,0,16,0,0,5,2,2,3,7,2,3,20,26,0,0,0,0,0,0,0,0,7,1,1,0,0,0,0,1,2,0,1,KRBKRNvK,DRAW,n2k4/8/8/r7/8/2K2R2/8/2B5 b - - 0 1
0,1,0,0,0,0,0,1,-1,1,0,1,1,1,0,0,0,0,0,16,0,0,3,3,3,5,6,0,3,25,26,0,0,0,0,0,0,0,0,7,1,1,0,0,0,0,3,1,0,1,KRBKRNvK,DRAW,2r5/5k2/3n4/8/3K2B1/4R3/8/8 b - - 0 1
0,1,0,0,0,0,0,1,-1,1,0,1,1,1,0,0,0,0,0,16,0,0,2,7,5,5,4,4,1,2,0,1,0,0,0,0,0,0,0,7,1,1,0,0,0,0,2,2,1,1,KRBKRNvK,DRAW,6r1/3n4/7K/5k2/5R2/8/8/2B5 b - - 0 1
0,1,0,0,0,0,0,1,-1,1,0,1,1,1,0,0,0,0,0,16,0,0,5,6,7,1,5,5,3,6,0,1,0,0,0,0,0,0,0,7,1,1,0,0,0,0,0,2,0,0,KRBKRNvK,LOSS,6K1/8/1k6/8/8/1R2r3/8/3n2B1 b - - 0 1
0,1,0,0,0,0,0,1,-1,1,0,1,1,1,0,0,0,0,0,16,0,0,2,5,2,3,2,2,1,22,25,0,0,0,0,0,0,0,0,7,1,1,0,0,0,0,3,2,1,0,KRBKRNvK,DRAW,1B4n1/r7/8/1R6/8/3k1K2/8/8 b - - 0 1
1,1,0,0,0,0,0,1,-1,1,0,1,1,1,0,0,0,0,0,16,0,0,4,0,4,4,1,3,2,2,0,1,0,0,0,0,0,0,0,7,1,1,0,1,0,0,1,2,0,1,KRBKRNvK,DRAW,6R1/2B5/2n5/K7/8/8/1r2k3/8 w - - 0 1
1,1,0,0,0,0,0,1,-1,1,0,1,1,1,0,0,0,0,0,16,0,0,4,6,4,2,1,2,3,27,18,0,0,0,0,0,0,0,0,7,1,1,0,0,0,0,2,1,2,1,KRBKRNvK,DRAW,8/8/8/6K1/8/B1r3n1/2k5/3R4 w - - 0 1
0,1,0,0,0,0,0,1,-1,1,0,1,1,1,0,0,0,0,0,16,0,0,2,3,4,2,6,0,3,14,23,0,0,0,0,0,0,0,0,7,1,1,0,0,0,0,3,1,0,1,KRBKRNvK,DRAW,8/r1k5/3n4/3K4/8/5R2/7B/8 b - - 0 1
1,1,0,0,0,0,0,1,-1,1,0,1,1,1,0,0,0,0,0,16,0,0,5,5,1,5,6,3,3,7,0,1,0,0,0,0,0,0,0,7,1,1,0,1,0,0,2,0,1,0,KRBKRNvK,DRAW,4Rn2/5k2/8/8/8/7B/2r2K2/8 w - - 0 1
0,1,0,0,0,0,0,1,-1,1,0,1,1,1,0,0,0,0,0,16,0,0,2,6,6,5,4,4,1,24,17,0,0,0,0,0,0,0,0,7,1,1,0,0,0,0,0,2,0,0,KRBKRNvK,DRAW,5B1R/6K1/8/5k2/2n5/8/8/5r2 b - - 0 1
1,1,0,0,0,0,0,1,-1,1,0,1,1,1,0,0,0,0,0,16,0,0,3,4,2,6,5,1,3,20,23,0,0,0,0,0,0,0,0,7,1,1,0,0,0,0,2,0,1,0,KRBKRNvK,DRAW,2n5/r7/6kB/8/8/4K3/8/4R3 w - - 0 1
0,1,0,0,0,0,0,1,-1,1,0,1,1,1,0,0,0,0,0,16,0,0,7,2,7,1,0,4,5,20,24,0,0,0,0,0,0,0,0,7,1,1,0,1,0,0,3,0,0,0,KRBKRNvK,DRAW,B1K5/7n/8/8/R7/8/6r1/1k6 b - - 0 1
1,1,0,0,0,0,0,1,-1,1,0,1,1,1,0,0,0,0,0,16,0,0,3,4,1,1,3,2,2,20,25,0,0,0,0,0,0,0,0,7,1,1,0,0,0,0,1,1,0,0,KRBKRNvK,DRAW,8/5r2/8/6n1/1k6/8/4KB2/4R3 w - - 0 1
0,1,0,0,0,0,0,1,-1,1,0,1,1,1,0,0,0,0,0,16,0,0,2,1,7,1,5,5,3,2,0,1,0,0,0,0,0,0,0,7,1,1,0,0,0,0,1,2,0,0,KRBKRNvK,DRAW,1K6/8/1k4R1/8/1r6/4B3/8/2n5 b - - 0 1
1,1,0,0,0,0,0,1,-1,1,0,1,1,1,0,0,0,0,0,16,0,0,6,0,5,6,6,4,4,3,0,1,0,0,0,0,0,0,0,7,1,1,0,0,0,0,2,1,0,1,KRBKRNvK,DRAW,8/6k1/K7/1Bn5/1R6/8/8/6r1 w - - 0 1
1,1,0,0,0,0,0,1,-1,1,0,1,1,1,0,0,0,0,0,16,0,0,3,3,3,6,1,0,4,23,23,0,0,0,0,0,0,0,0,7,1,1,1,0,0,0,4,3,0,1,KRBKRNvK,DRAW,8/3R4/8/1r2B1n1/3K4/8/6k1/8 w - - 0 1
1,1,0,0,0,0,0,1,-1,1,0,1,1,1,0,0,0,0,0,16,0,0,2,4,3,6,3,0,2,25,20,0,0,0,0,0,0,0,0,7,1,1,0,0,0,0,4,0,0,0,KRBKRNvK,DRAW,8/8/1r6/R7/4K1kn/3B4/8/8 w - - 0 1
0,1,0,0,0,0,0,1,-1,1,0,1,1,1,0,0,0,0,0,16,0,0,4,5,2,3,6,2,2,21,25,0,0,0,0,0,0,0,0,7,1,1,0,0,0,0,1,3,1,1,KRBKRNvK,DRAW,5B2/3k4/R7/8/2nr4/5K2/8/8 b - - 0 1
0,1,0,0,0,0,0,1,-1,1,0,1,1,1,0,0,0,0,0,16,0,0,2,4,2,4,0,1,3,19,22,0,0,0,0,0,0,0,0,7,1,1,0,0,0,0,3,1,0,2,KRBKRNvK,DRAW,8/2B5/R7/4nr2/8/4K3/8/4k3 b - - 0 1
1,1,0,0,0,0,0,1,-1,1,0,1,1,1,0,0,0,0,0,16,0,0,2,5,3,7,1,1,5,21,17,0,0,0,0,0,0,0,0,7,1,1,0,1,0,0,2,2,1,1,KRBKRNvK,DRAW,8/8/7B/8/5K2/8/n3r2k/6R1 w - - 0 1
1,1,0,0,0,0,0,1,-1,1,0,1,1,1,0,0,0,0,0,16,0,0,3,2,7,5,4,4,1,25,27,0,0,0,0,0,0,0,0,7,1,1,0,0,0,0,0,2,1,0,KRBKRNvK,DRAW,2K5/8/8/2n2kB1/8/1r6/8/7R w - - 0 1
1,1,0,0,0,0,0,1,-1,1,0,1,1,1,0,0,0,0,0,16,0,0,6,6,4,0,7,2,6,27,20,0,0,0,0,0,0,0,0,7,1,1,0,0,0,0,3,3,1,2,KRBKRNvK,DRAW,kB6/4n3/8/6K1/2R5/4r3/8/8 w - - 0 1
0,1,0,0,0,0,0,1,-1,1,0,1,1,1,0,0,0,0,0,16,0,0,5,7,1,2,5,5,2,5,0,1,0,0,0,0,0,0,0,7,1,1,0,0,0,0,0,3,1,1,KRBKRNvK,DRAW,2R5/8/2k5/1r6/8/6n1/4B2K/8 b - - 0 1
0,1,0,0,0,0,0,1,-1,1,0,1,1,1,0,0,0,0,0,16,0,0,5,7,2,3,7,4,3,4,0,1,0,0,0,0,0,0,0,7,1,1,0,1,0,0,2,0,0,1,KRBKRNvK,DRAW,3k4/8/8/8/3R4/nB5K/5r2/8 b - - 0 1
1,1,0,0,0,0,0,1,-1,1,0,1,1,1,0,0,0,0,0,16,0,0,2,2,3,3,1,1,2,20,19,0,0,0,0,0,0,0,0,7,1,1,0,0,0,0,2,2,0,0,KRBKRNvK,DRAW,2R5/8/8/7r/B1K5/8/3k4/7n w - - 0 1
0,1,0,0,0,0,0,1,-1,1,0,1,1,1,0,0,0,0,0,16,0,0,4,4,0,4,4,3,0,19,18,0,0,0,0,0,0,0,0,7,1,1,0,0,0,0,0,4,2,0,KRBKRNvK,DRAW,8/8/8/4kr2/6B1/6R1/n7/4K3 b - - 0 1
1,1,0,0,0,0,0,1,-1,1,0,1,1,1,0,0,0,0,0,16,0,0,6,5,0,7,6,4,5,30,23,0,0,0,0,0,0,0,0,7,1,1,0,0,0,0,1,2,0,0,KRBKRNvK,DRAW,8/7k/3B4/3r4/8/1n6/R7/5K2 w - - 0 1
0,1,0,0,0,0,0,1,-1,1,0,1,1,1,0,0,0,0,0,16,0,0,3,4,5,1,4,1,2,5,0,1,0,0,0,0,0,0,0,7,1,1,0,0,0,0,3,0,1,1,KRBKRNvK,DRAW,6r1/8/4K3/nk1R4/8/8/8/4B3 b - - 0 1
1,1,0,0,0,0,0,1,-1,1,0,1,1,1,0,0,0,0,0,16,0,0,5,2,0,1,5,4,3,24,23,0,0,0,0,0,0,0,0,7,1,1,0,0,0,0,2,0,0,0,KRBKRNvK,DRAW,8/1n6/1k4r1/8/8/8/1B5R/2K5 w - - 0 1
0,1,0,0,0,0,0,1,-1,1,0,1,1,1,0,0,0,0,0,16,0,0,5,6,5,7,0,3,6,2,0,1,0,0,0,0,0,0,0,7,1,1,0,0,0,0,1,0,0,0,KRBKRNvK,DRAW,2r5/8/6K1/3n4/5B2/8/8/1R5k b - - 0 1
1,1,0,0,0,0,0,1,-1,1,0,1,1,1,0,0,0,0,0,16,0,0,5,3,1,6,6,2,4,26,30,0,0,0,0,0,0,0,0,7,1,1,0,0,0,0,3,1,0,1,KRBKRNvK,DRAW,8/6k1/1r6/8/5n2/3R1B2/3K4/8 w - - 0 1
0,1,0,0,0,0,0,1,-1,1,0,1,1,1,0,0,0,0,0,16,0,0,3,6,1,3,0,4,3,3,0,1,0,0,0,0,0,0,0,7,1,1,0,0,0,0,1,0,1,0,KRBKRNvK,DRAW,8/7B/n7/8/8/2r5/6K1/1R1k4 b - - 0 1
0,1,0,0,0,0,0,1,-1,1,0,1,1,1,0,0,0,0,0,16,0,0,4,7,4,3,4,3,0,25,23,0,0,0,0,0,0,0,0,7,1,1,0,0,0,0,2,3,1,2,KRBKRNvK,DRAW,2B5/5n2/6r1/3k3K/8/4R3/8/8 b - - 0 1
1,1,0,0,0,0,0,1,-1,1,0,1,1,1,0,0,0,0,0,16,0,0,4,6,5,7,1,3,5,25,22,0,0,0,0,0,0,0,0,7,1,1,0,0,0,0,0,2,0,1,KRBKRNvK,DRAW,6n1/8/2R3K1/8/8/3r4/7k/3B4 w - - 0 1
0,1,0,0,0,0,0,1,-1,1,0,1,1,1,0,0,0,0,0,16,0,0,4,4,1,4,5,2,1,25,26,0,0,0,0,0,0,0,0,7,1,1,0,0,0,0,2,3,1,1,KRBKRNvK,DRAW,8/8/2n1k3/6B1/8/3R4/4K3/5r2 b - - 0 1
1,1,0,0,0,0,0,1,-1,1,0,1,1,1,0,0,0,0,0,16,0,0,3,3,4,6,6,0,4,5,0,1,0,0,0,0,0,0,0,7,1,1,0,0,0,0,4,2,1,1,KRBKRNvK,DRAW,8/1n4k1/4B3/3K3r/8/8/2R5/8 w - - 0 1
0,1,0,0,0,0,0,1,-1,1,0,1,1,1,0,0,0,0,0,16,0,0,2,2,2,4,1,2,2,4,0,1,0,0,0,0,0,0,0,7,1,1,0,0,0,0,3,0,0,1,KRBKRNvK,DRAW,3B4/8/r7/n3R3/8/2K5/4k3/8 b - - 0 1
0,1,0,0,0,0,0,1,-1,1,0,1,1,1,0,0,0,0,0,16,0,0,7,7,6,0,5,5,4,3,0,1,0,0,0,0,0,0,0,7,1,1,0,0,0,0,1,0,0,1,KRBKRNvK,DRAW,8/7K/k5B1/7n/8/R7/8/5r2 b - - 0 1
1,1,0,0,0,0,0,1,-1,1,0,1,1,1,0,0,0,0,0,16,0,0,7,7,7,0,3,6,3,24,21,0,0,0,0,0,0,0,0,7,1,1,0,0,0,0,2,0,0,1,KRBKRNvK,DRAW,7K/5rB1/8/8/k7/8/n7/2R5 w - - 0 1
1,1,0,0,0,0,0,1,-1,1,0,1,1,1,0,0,0,0,0,16,0,0,4,1,4,5,6,2,3,7,0,1,0,0,0,0,0,0,0,7,1,1,0,0,0,0,1,2,0,1,KRBKRNvK,DRAW,8/5k2/8/1K6/8/2nB1r2/3R4/8 w - - 0 1
0,1,0,0,0,0,0,1,-1,1,0,1,1,1,0,0,0,0,0,16,0,0,2,4,2,6,3,1,2,3,0,1,0,0,0,0,0,0,0,7,1,1,0,0,0,0,2,0,1,0,KRBKRNvK,DRAW,1r6/3B4/8/8/6k1/n3KR2/8/8 b - - 0 1
0,1,0,0,0,0,0,1,-1,1,0,1,1,1,0,0,0,0,0,16,0,0,2,7,3,5,2,3,2,6,0,1,0,0,0,0,0,0,0,7,1,1,0,0,0,0,2,2,1,0,KRBKRNvK,DRAW,B4n2/8/4r3/8/7K/5k2/8/7R b - - 0 1
1,1,0,0,0,0,0,1,-1,1,0,1,1,1,0,0,0,0,0,16,0,0,2,2,2,0,3,2,3,4,0,1,0,0,0,0,0,0,0,7,1,1,0,0,0,0,1,0,1,1,KRBKRNvK,DRAW,8/r7/8/8/k7/2K3R1/1B6/1n6 w - - 0 1
1,1,0,0,0,0,0,1,-1,1,0,1,1,1,0,0,0,0,0,16,0,0,7,2,0,7,7,4,6,6,0,1,0,0,0,0,0,0,0,7,1,1,1,0,0,0,1,0,0,0,KRBKRNvK,DRAW,2r4k/1R6/8/3n4/8/8/5B2/2K5 w - - 0 1
0,1,0,0,0,0,0,1,-1,1,0,1,1,1,0,0,0,0,0,16,0,0,2,2,1,0,1,3,5,22,24,0,0,0,0,0,0,0,0,7,1,1,0,0,0,0,2,1,0,1,KRBKRNvK,DRAW,3R4/B1n5/8/8/8/1r6/k1K5/8 b - - 0 1
1,1,0,0,0,0,0,1,-1,1,0,1,1,1,0,0,0,0,0,16,0,0,7,0,0,2,7,6,4,3,0,1,0,0,0,0,0,0,0,7,1,1,0,1,0,0,3,1,0,1,KRBKRNvK,DRAW,2k5/8/8/8/8/2B5/2n3r1/K2R4 w - - 0 1
1,1,0,0,0,0,0,1,-1,1,0,1,1,1,0,0,0,0,0,16,0,0,7,0,0,7,4,6,3,26,23,0,0,0,0,0,0,0,0,7,1,1,0,0,0,0,1,0,2,1,KRBKRNvK,DRAW,8/8/5R2/7k/3n4/2r3B1/8/K7 w - - 0 1
0,1,0,0,0,0,0,1,-1,1,0,1,1,1,0,0,0,0,0,16,0,0,6,2,1,6,7,3,5,19,31,0,0,0,0,0,0,0,0,7,1,1,0,0,0,0,2,2,0,0,KRBKRNvK,DRAW,4r1k1/2B5/8/5R2/8/7n/2K5/8 b - - 0 1
0,1,0,0,0,0,0,1,-1,1,0,1,1,1,0,0,0,0,0,16,0,0,4,0,2,1,6,4,4,6,0,1,0,0,0,0,0,0,0,7,1,1,1,0,0,0,2,0,1,0,KRBKRNvK,DRAW,8/1k1R4/7r/7B/8/K6n/8/8 b - - 0 1
1,1,0,0,0,0,0,1,-1,1,0,1,1,1,0,0,0,0,0,16,0,0,4,3,2,7,4,1,3,25,23,0,0,0,0,0,0,0,0,7,1,1,0,0,0,0,3,1,0,0,KRBKRNvK,DRAW,8/8/R1Bn1r2/7k/8/3K4/8/8 w - - 0 1
0,1,0,0,0,0,0,1,-1,1,0,1,1,1,0,0,0,0,0,16,0,0,3,1,4,4,7,2,3,20,27,0,0,0,0,0,0,0,0,7,1,1,0,0,0,0,1,2,1,0,KRBKRNvK,DRAW,4k2r/B7/5R2/1K6/8/5n2/8/8 b - - 0 1
0,1,0,0,0,0,0,1,-1,1,0,1,1,1,0,0,0,0,0,16,0,0,5,5,4,0,2,1,4,4,0,1,0,0,0,0,0,0,0,7,1,1,0,1,0,0,2,0,0,1,KRBKRNvK,DRAW,5B2/8/8/5K2/8/k6n/1r5R/8 b - - 0 1
0,1,0,0,0,0,0,1,-1,1,0,1,1,1,0,0,0,0,0,16,0,0,7,0,3,7,3,3,3,23,23,0,0,0,0,0,0,0,0,7,1,1,0,0,0,0,1,3,1,0,KRBKRNvK,DRAW,8/2n5/2R5/8/K4B1k/4r3/8/8 b - - 0 1
1,1,0,0,0,0,0,1,-1,1,0,1,1,1,0,0,0,0,0,16,0,0,4,6,3,6,7,2,5,26,17,0,0,0,0,0,0,0,0,7,1,1,0,0,0,0,2,0,1,0,KRBKRNvK,DRAW,6kB/8/8/3R4/6K1/8/8/4nr2 w - - 0 1
1,1,0,0,0,0,0,1,-1,1,0,1,1,1,0,0,0,0,0,16,0,0,7,5,7,5,0,4,4,26,18,0,0,0,0,0,0,0,0,7,1,1,0,0,0,0,2,3,0,1,KRBKRNvK,DRAW,5K2/8/4rB2/8/8/4n3/1R6/5k2 w - - 0 1
1,1,0,0,0,0,0,1,-1,1,0,1,1,1,0,0,0,0,0,16,0,0,6,4,7,5,1,3,3,3,0,1,0,0,0,0,0,0,0,7,1,1,0,0,0,0,2,0,0,1,KRBKRNvK,DRAW,4K1r1/8/B7/8/2R4n/8/5k2/8 w - - 0 1
1,1,0,0,0,0,0,1,-1,1,0,1,1,1,0,0,0,0,0,16,0,0,4,2,3,6,5,1,3,22,24,0,0,0,0,0,0,0,0,7,1,1,0,0,0,0,3,0,0,1,KRBKRNvK,DRAW,8/8/r5k1/8/2KR4/8/1B4n1/8 w - - 0 1
1,1,0,0,0,0,0,1,-1,1,0,1,1,1,0,0,0,0,0,16,0,0,5,0,1,2,6,5,3,23,23,0,0,0,0,0,0,0,0,7,1,1,0,0,0,0,0,2,0,1,KRBKRNvK,DRAW,8/2k5/8/8/2r4B/6R1/K7/5n2 w - - 0 1
0,1,0,0,0,0,0,1,-1,1,0,1,1,1,0,0,0,0,0,16,0,0,5,7,7,6,2,6,3,24,22,0,0,0,0,0,0,0,0,7,1,1,1,0,0,0,1,2,1,1,KRBKRNvK,DRAW,7K/R5n1/8/8/1r6/6k1/8/6B1 b - - 0 1
0,1,0,0,0,0,0,1,-1,1,0,1,1,1,0,0,0,0,0,16,0,0,4,4,3,0,4,0,3,22,22,0,0,0,0,0,0,0,0,7,1,1,1,0,0,0,4,0,0,0,KRBKRNvK,DRAW,8/4R3/8/k5B1/4K3/1r6/8/6n1 b - - 0 1
1,1,0,0,0,0,0,1,-1,1,0,1,1,1,0,0,0,0,0,16,0,0,3,4,0,7,3,3,3,22,20,0,0,0,0,0,0,0,0,7,1,1,0,0,0,0,2,2,2,1,KRBKRNvK,DRAW,8/8/8/r7/7k/5B2/5R2/4K1n1 w - - 0 1
1,1,0,0,0,0,0,1,-1,1,0,1,1,1,0,0,0,0,0,16,0,0,4,6,3,5,7,2,4,24,22,0,0,0,0,0,0,0,0,7,1,1,1,0,0,0,1,2,1,1,KRBKRNvK,DRAW,5k2/6R1/8/5r2/2Bn2K1/8/8/8 w - - 0 1
1,1,0,0,0,0,0,1,-1,1,0,1,1,1,0,0,0,0,0,16,0,0,3,7,7,4,7,6,3,19,23,0,0,0,0,0,0,0,0,7,1,1,0,0,0,0,0,2,1,0,KRBKRNvK,DRAW,R2Bk2K/8/8/1n6/2r5/8/8/8 w - - 0 1
0,1,0,0,0,0,0,1,-1,1,0,1,1,1,0,0,0,0,0,16,0,0,7,2,7,3,0,4,3,6,0,1,0,0,0,0,0,0,0,7,1,1,0,0,0,0,2,3,0,0,KRBKRNvK,DRAW,2K5/6B1/8/8/8/4rn2/8/3k3R b - - 0 1
1,1,0,0,0,0,0,1,-1,1,0,1,1,1,0,0,0,0,0,16,0,0,3,3,4,0,4,0,3,5,0,1,0,0,0,0,0,0,0,7,1,1,0,0,0,0,4,2,0,1,KRBKRNvK,DRAW,8/8/8/k2KRn2/8/8/B7/3r4 w - - 0 1
0,1,0,0,0,0,0,1,-1,1,0,1,1,1,0,0,0,0,0,16,0,0,4,4,2,7,6,1,5,5,0,1,0,0,0,0,0,0,0,7,1,1,0,0,0,0,3,4,0,2,KRBKRNvK,DRAW,8/7k/8/8/3r4/4KnBR/8/8 b - - 0 1
0,1,0,0,0,0,0,1,-1,1,0,1,1,1,0,0,0,0,0,16,0,0,2,0,2,0,4,4,3,3,0,1,0,0,0,0,0,0,0,7,1,1,0,0,0,0,0,2,1,1,KRBKRNvK,LOSS,8/8/8/k5r1/1B6/K5R1/8/2n5 b - - 0 1
1,1,0,0,0,0,0,1,-1,1,0,1,1,1,0,0,0,0,0,16,0,0,5,6,5,6,0,3,5,4,0,1,0,0,0,0,0,0,0,7,1,1,1,0,0,0,2,2,0,1,KRBKRNvK,DRAW,8/3R4/6K1/8/6r1/B5n1/8/6k1 w - - 0 1
1,1,0,0,0,0,0,1,-1,1,0,1,1,1,0,0,0,0,0,16,0,0,4,4,2,2,6,1,3,24,20,0,0,0,0,0,0,0,0,7,1,1,0,0,0,0,2,2,1,0,KRBKRNvK,DRAW,n3B2R/2k5/8/r7/8/4K3/8/8 w - - 0 1
1,1,0,0,0,0,0,1,-1,1,0,1,1,1,0,0,0,0,0,16,0,0,3,0,1,3,0,5,3,24,20,0,0,0,0,0,0,0,0,7,1,1,0,0,0,0,2,0,2,0,KRBKRNvK,DRAW,8/2r5/8/8/8/4R3/K2B4/3k1n2 w - - 0 1
1,1,0,0,0,0,0,1,-1,1,0,1,1,1,0,0,0,0,0,16,0,0,2,4,4,2,3,0,1,24,18,0,0,0,0,0,0,0,0,7,1,1,0,0,0,0,4,2,1,1,KRBKRNvK,DRAW,8/2r5/1n6/4K3/2k5/2B2R2/8/8 w - - 0 1
0,1,0,0,0,0,0,1,-1,1,0,1,1,1,0,0,0,0,0,16,0,0,7,2,7,5,0,4,4,1,0,1,0,0,0,0,0,0,0,7,1,1,0,1,0,0,3,0,2,0,KRBKRNvK,DRAW,2K2n2/8/8/8/8/5B2/6r1/3R1k2 b - - 0 1
1,1,0,0,0,0,0,1,-1,1,0,1,1,1,0,0,0,0,0,16,0,0,2,3,3,5,3,0,1,2,0,1,0,0,0,0,0,0,0,7,1,1,0,1,0,0,3,3,0,2,KRBKRNvK,DRAW,5B2/8/8/8/3K1k2/1n6/2r5/7R w - - 0 1
1,1,0,0,0,0,0,1,-1,1,0,1,1,1,0,0,0,0,0,16,0,0,3,6,3,3,5,2,1,27,20,0,0,0,0,0,0,0,0,7,1,1,0,1,0,0,2,2,1,0,KRBKRNvK,DRAW,8/8/3k4/B4R2/6K1/8/1r6/n7 w - - 0 1
0,1,0,0,0,0,0,1,-1,1,0,1,1,1,0,0,0,0,0,16,0,0,5,1,1,6,1,4,4,6,0,1,0,0,0,0,0,0,0,7,1,1,0,0,0,0,1,2,0,0,KRBKRNvK,DRAW,8/8/8/4B3/7n/8/1KR3k1/4r3 b - - 0 1
1,1,0,0,0,0,0,1,-1,1,0,1,1,1,0,0,0,0,0,16,0,0,5,0,2,0,7,4,6,23,17,0,0,0,0,0,0,0,0,7,1,1,0,1,0,0,0,2,0,0,KRBKRNvK,DRAW,k5n1/4B3/8/8/8/KR6/4r3/8 w - - 0 1
0,1,0,0,0,0,0,1,-1,1,0,1,1,1,0,0,0,0,0,16,0,0,3,3,7,2,4,3,1,6,0,1,0,0,0,0,0,0,0,7,1,1,0,0,0,0,1,3,1,0,KRBKRNvK,DRAW,3K4/8/8/2k5/4B3/8/2Rn4/6r1 b - - 0 1
0,1,0,0,0,0,0,1,-1,1,0,1,1,1,0,0,0,0,0,16,0,0,3,1,3,3,0,2,3,4,0,1,0,0,0,0,0,0,0,7,1,1,0,0,0,0,2,1,1,0,KRBKRNvK,DRAW,8/8/6r1/8/1K6/3Rn2B/8/3k4 b - - 0 1
1,1,0,0,0,0,0,1,-1,1,0,1,1,1,0,0,0,0,0,16,0,0,2,5,6,3,6,3,2,2,0,1,0,0,0,0,0,0,0,7,1,1,0,0,0,0,1,1,2,1,KRBKRNvK,DRAW,5R2/3k1K2/1B3r2/8/6n1/8/8/8 w - - 0 1
1,1,0,0,0,0,0,1,-1,1,0,1,1,1,0,0,0,0,0,16,0,0,4,3,7,3,3,3,0,2,0,1,0,0,0,0,0,0,0,7,1,1,0,0,0,0,3,4,0,2,KRBKRNvK,DRAW,3KR3/5B2/1n1r4/8/3k4/8/8/8 w - - 0 1
0,1,0,0,0,0,0,1,-1,1,0,1,1,1,0,0,0,0,0,16,0,0,5,6,6,1,4,4,2,20,28,0,0,0,0,0,0,0,0,7,1,1,0,1,0,0,0,0,0,0,KRBKRNvK,DRAW,7R/6K1/8/nk6/8/8/r7/3B4 b - - 0 1
0,1,0,0,0,0,0,1,-1,1,0,1,1,1,0,0,0,0,0,16,0,0,3,0,7,0,4,6,3,5,0,1,0,0,0,0,0,0,0,7,1,1,0,0,0,0,2,2,0,0,KRBKRNvK,DRAW,K7/8/8/k4R2/5B2/3r4/8/1n6 b - - 0 1
0,1,0,0,0,0,0,1,-1,1,0,1,1,1,0,0,0,0,0,16,0,0,6,2,0,3,6,4,2,23,27,0,0,0,0,0,0,0,0,7,1,1,0,0,0,0,1,0,0,1,KRBKRNvK,DRAW,6R1/3k4/8/8/7n/r7/2B5/2K5 b - - 0 1
1,1,0,0,0,0,0,1,-1,1,0,1,1,1,0,0,0,0,0,16,0,0,5,6,0,1,5,5,3,26,17,0,0,0,0,0,0,0,0,7,1,1,1,0,0,0,0,1,0,0,KRBKRNvK,DRAW,4B3/7R/rk1n4/8/8/8/8/6K1 w - - 0 1
0,1,0,0,0,0,0,1,-1,1,0,1,1,1,0,0,0,0,0,16,0,0,6,6,1,5,7,4,4,20,22,0,0,0,0,0,0,0,0,7,1,1,0,0,0,0,2,1,0,1,KRBKRNvK,DRAW,B4k2/6r1/8/8/6n1/8/R5K1/8 b - - 0 1
1,1,0,0,0,0,0,1,-1,1,0,1,1,1,0,0,0,0,0,16,0,0,5,5,6,7,1,3,5,27,21,0,0,0,0,0,0,0,0,7,1,1,0,0,0,0,2,0,0,0,KRBKRNvK,DRAW,4R3/5K2/8/8/8/6r1/n1B4k/8 w - - 0 1
1,1,0,0,0,0,0,1,-1,1,0,1,1,1,0,0,0,0,0,16,0,0,3,2,3,5,4,1,1,31,24,0,0,0,0,0,0,0,0,7,1,1,0,1,0,0,3,2,1,1,KRBKRNvK,DRAW,8/8/8/5k2/2K2B2/1R6/r7/4n3 w - - 0 1
0,1,0,0,0,0,0,1,-1,1,0,1,1,1,0,0,0,0,0,16,0,0,3,4,2,7,3,1,3,3,0,1,0,0,0,0,0,0,0,7,1,1,1,1,0,0,2,0,0,0,KRBKRNvK,DRAW,7n/7R/B7/8/7k/4K3/r7/8 b - - 0 1
0,1,0,0,0,0,0,1,-1,1,0,1,1,1,0,0,0,0,0,16,0,0,2,0,1,1,3,5,2,20,19,0,0,0,0,0,0,0,0,7,1,1,1,0,0,0,1,1,0,0,KRBKRNvK,DRAW,1B6/R7/8/6n1/1k6/8/K7/6r1 b - - 0 1
1,1,0,0,0,0,0,1,-1,1,0,1,1,1,0,0,0,0,0,16,0,0,6,4,1,6,7,2,5,25,25,0,0,0,0,0,0,0,0,7,1,1,0,0,0,0,2,1,0,0,KRBKRNvK,DRAW,6k1/8/3n4/8/5R2/7r/4KB2/8 w - - 0 1
1,1,0,0,0,0,0,1,-1,1,0,1,1,1,0,0,0,0,0,16,0,0,5,7,7,7,2,6,4,25,23,0,0,0,0,0,0,0,0,7,1,1,1,1,0,0,3,0,0,0,KRBKRNvK,DRAW,7K/3R4/8/n7/8/3B3k/1r6/8 w - - 0 1
1,1,0,0,0,0,0,1,-1,1,0,1,1,1,0,0,0,0,0,16,0,0,2,3,5,1,3,1,2,23,14,0,0,0,0,0,0,0,0,7,1,1,0,1,0,0,2,0,2,0,KRBKRNvK,DRAW,8/8/3K4/8/1k6/RB6/1r6/1n6 w - - 0 1
0,1,0,0,0,0,0,1,-1,1,0,1,1,1,0,0,0,0,0,16,0,0,6,1,2,7,0,3,6,24,29,0,0,0,0,0,0,0,0,7,1,1,0,0,0,0,3,2,0,1,KRBKRNvK,DRAW,8/8/6B1/3R4/2n5/1K6/8/4r2k b - - 0 1
0,1,0,0,0,0,0,1,-1,1,0,1,1,1,0,0,0,0,0,16,0,0,6,2,1,0,7,3,6,1,0,1,0,0,0,0,0,0,0,7,1,1,0,0,0,0,2,3,1,1,KRBKRNvK,DRAW,k7/8/R3n3/8/8/4rB2/2K5/8 b - - 0 1
0,1,0,0,0,0,0,1,-1,1,0,1,1,1,0,0,0,0,0,16,0,0,3,1,0,3,3,5,0,25,23,0,0,0,0,0,0,0,0,7,1,1,0,1,0,0,0,3,0,0,KRBKRNvK,DRAW,4B1n1/8/R7/8/3k4/8/7r/1K6 b - - 0 1
0,1,0,0,0,0,0,1,-1,1,0,1,1,1,0,0,0,0,0,16,0,0,3,1,6,4,4,4,0,6,0,1,0,0,0,0,0,0,0,7,1,1,0,0,0,0,2,3,1,1,KRBKRNvK,DRAW,2n5/1K6/8/2R1k3/1B6/8/8/5r2 b - - 0 1
1,1,0,0,0,0,0,1,-1,1,0,1,1,1,0,0,0,0,0,16,0,0,2,3,4,3,2,0,1,3,0,1,0,0,0,0,0,0,0,7,1,1,0,0,0,0,3,3,1,0,KRBKRNvK,DRAW,1n6/6B1/8/r2K4/8/3k4/2R5/8 w - - 0 1
0,1,0,0,0,0,0,1,-1,1,0,1,1,1,0,0,0,0,0,16,0,0,3,2,7,5,6,4,3,19,24,0,0,0,0,0,0,0,0,7,1,1,0,0,0,0,0,0,0,0,KRBKRNvK,DRAW,2K5/5kr1/2R5/3n4/7B/8/8/8 b - - 0 1
0,1,0,0,0,0,0,1,-1,1,0,1,1,1,0,0,0,0,0,16,0,0,5,7,0,6,5,6,3,7,0,1,0,0,0,0,0,0,0,7,1,1,0,0,0,0,3,1,0,1,KRBKRNvK,DRAW,8/8/3R2k1/2n5/8/2B2r2/8/7K b - - 0 1
1,1,0,0,0,0,0,1,-1,1,0,1,1,1,0,0,0,0,0,16,0,0,2,7,4,5,6,3,3,26,22,0,0,0,0,0,0,0,0,7,1,1,0,0,0,0,1,2,0,0,KRBKRNvK,DRAW,6n1/5k2/8/7K/8/3r2B1/1R6/8 w - - 0 1
1,1,0,0,0,0,0,1,-1,1,0,1,1,1,0,0,0,0,0,16,0,0,4,2,3,6,2,1,3,5,0,1,0,0,0,0,0,0,0,7,1,1,0,0,0,0,3,2,0,1,KRBKRNvK,DRAW,8/7B/8/4n3/R1K3r1/6k1/8/8 w - - 0 1
0,1,0,0,0,0,0,1,-1,1,0,1,1,1,0,0,0,0,0,16,0,0,2,2,4,4,4,1,0,27,24,0,0,0,0,0,0,0,0,7,1,1,0,0,0,0,2,3,0,1,KRBKRNvK,DRAW,4B3/8/8/2K1k3/7r/4n3/8/6R1 b - - 0 1
0,1,0,0,0,0,0,1,-1,1,0,1,1,1,0,0,0,0,0,16,0,0,5,1,1,6,2,4,3,25,23,0,0,0,0,0,0,0,0,7,1,1,1,0,0,0,0,0,0,0,KRBKRNvK,DRAW,2r5/1R6/8/1B6/7n/6k1/1K6/8 b - - 0 1
0,1,0,0,0,0,0,1,-1,1,0,1,1,1,0,0,0,0,0,16,0,0,6,7,4,1,0,3,5,21,23,0,0,0,0,0,0,0,0,7,1,1,0,0,0,0,2,1,0,1,KRBKRNvK,DRAW,8/5n2/4R3/7K/8/8/4B3/1k3r2 b - - 0 1
1,1,0,0,0,0,0,1,-1,1,0,1,1,1,0,0,0,0,0,16,0,0,5,0,0,5,3,6,1,23,25,0,0,0,0,0,0,0,0,7,1,1,0,0,0,0,1,2,0,0,KRBKRNvK,DRAW,7r/8/1R6/8/5k2/1B6/8/K5n1 w - - 0 1
1,1,0,0,0,0,0,1,-1,1,0,1,1,1,0,0,0,0,0,16,0,0,4,5,4,1,6,1,4,25,21,0,0,0,0,0,0,0,0,7,1,1,0,1,0,0,2,2,0,0,KRBKRNvK,DRAW,5R2/1k2B3/8/5K2/8/8/3r4/1n6 w - - 0 1
0,1,0,0,0,0,0,1,-1,1,0,1,1,1,0,0,0,0,0,16,0,0,2,0,5,2,4,4,1,3,0,1,0,0,0,0,0,0,0,7,1,1,0,0,0,0,2,2,0,1,KRBKRNvK,DRAW,n4B2/8/K7/2k2R2/8/1r6/8/8 b - - 0 1
0,1,0,0,0,0,0,1,-1,1,0,1,1,1,0,0,0,0,0,16,0,0,6,1,2,7,0,3,6,25,22,0,0,0,0,0,0,0,0,7,1,1,0,1,0,0,0,1,0,0,KRBKRNvK,DRAW,1R6/8/3n4/8/8/1K6/5r2/2B4k b - - 0 1
1,1,0,0,0,0,0,1,-1,1,0,1,1,1,0,0,0,0,0,16,0,0,5,7,7,2,2,6,2,25,25,0,0,0,0,0,0,0,0,7,1,1,0,0,0,0,2,4,0,0,KRBKRNvK,DRAW,5R1K/8/1n6/8/8/2k1r3/6B1/8 w - - 0 1
0,1,0,0,0,0,0,1,-1,1,0,1,1,1,0,0,0,0,0,16,0,0,2,0,5,1,7,4,5,22,25,0,0,0,0,0,0,0,0,7,1,1,0,0,0,0,2,2,1,0,KRBKRNvK,DRAW,1k6/8/KB6/6n1/5R2/8/8/4r3 b - - 0 1
1,1,0,0,0,0,0,1,-1,1,0,1,1,1,0,0,0,0,0,16,0,0,7,0,0,7,7,6,6,4,0,1,0,0,0,0,0,0,0,7,1,1,0,0,0,0,3,1,0,0,KRBKRNvK,DRAW,7k/8/1B2R1n1/8/8/8/8/K6r w - - 0 1
1,1,0,0,0,0,0,1,-1,1,0,1,1,1,0,0,0,0,0,16,0,0,4,4,1,3,5,2,1,28,16,0,0,0,0,0,0,0,0,7,1,1,0,0,0,0,3,2,0,0,KRBKRNvK,DRAW,7B/3r4/3k4/6R1/7n/8/4K3/8 w - - 0 1
1,1,0,0,0,0,0,1,-1,1,0,1,1,1,0,0,0,0,0,16,0,0,6,6,5,0,5,3,4,29,22,0,0,0,0,0,0,0,0,7,1,1,0,0,0,0,1,2,0,0,KRBKRNvK,DRAW,5R2/8/k5K1/8/3r4/8/n1B5/8 w - - 0 1
0,1,0,0,0,0,0,1,-1,1,0,1,1,1,0,0,0,0,0,16,0,0,3,2,0,1,3,4,2,7,0,1,0,0,0,0,0,0,0,7,1,1,0,0,0,0,3,1,0,1,KRBKRNvK,DRAW,1r6/8/8/8/1k5R/5B2/2n5/2K5 b - - 0 1
0,1,0,0,0,0,0,1,-1,1,0,1,1,1,0,0,0,0,0,16,0,0,4,3,5,7,3,1,3,5,0,1,0,0,0,0,0,0,0,7,1,1,0,0,0,0,3,0,0,0,KRBKRNvK,DRAW,7n/8/3K4/8/3R3k/8/8/5r1B b - - 0 1
0,1,0,0,0,0,0,1,-1,1,0,1,1,1,0,0,0,0,0,16,0,0,2,6,5,7,3,3,3,18,28,0,0,0,0,0,0,0,0,7,1,1,0,1,0,0,2,0,0,0,KRBKRNvK,DRAW,8/8/4B1K1/R7/7k/8/5r2/1n6 b - - 0 1
0,1,0,0,0,0,0,1,-1,1,0,1,1,1,0,0,0,0,0,16,0,0,7,2,0,6,7,4,5,24,23,0,0,0,0,0,0,0,0,7,1,1,1,0,0,0,2,1,0,1,KRBKRNvK,DRAW,6k1/3Rn3/8/8/8/1r6/5B2/2K5 b - - 0 1
1,1,0,0,0,0,0,1,-1,1,0,1,1,1,0,0,0,0,0,16,0,0,5,1,7,3,2,5,1,4,0,1,0,0,0,0,0,0,0,7,1,1,0,0,0,0,2,2,2,0,KRBKRNvK,DRAW,1K5r/8/8/4R3/8/3k1Bn1/8/8 w - - 0 1
0,1,0,0,0,0,0,1,-1,1,0,1,1,1,0,0,0,0,0,16,0,0,3,4,5,3,2,1,1,20,20,0,0,0,0,0,0,0,0,7,1,1,0,0,0,0,4,2,1,1,KRBKRNvK,DRAW,5r2/n7/4K3/8/4R3/3k4/6B1/8 b - - 0 1
0,1,0,0,0,0,0,1,-1,1,0,1,1,1,0,0,0,0,0,16,0,0,3,2,4,5,3,1,1,21,23,0,0,0,0,0,0,0,0,7,1,1,0,0,0,0,4,2,1,1,KRBKRNvK,DRAW,5B2/1r6/4R3/2K5/5k2/8/8/1n6 b - - 0 1
1,1,0,0,0,0,0,1,-1,1,0,1,1,1,0,0,0,0,0,16,0,0,4,5,1,6,5,3,3,23,14,0,0,0,0,0,0,0,0,7,1,1,0,0,0,0,1,0,0,1,KRBKRNvK,DRAW,8/8/6kr/8/2B5/8/2R2K1n/8 w - - 0 1
1,1,0,0,0,0,0,1,-1,1,0,1,1,1,0,0,0,0,0,16,0,0,3,7,4,7,7,3,6,5,0,1,0,0,0,0,0,0,0,7,1,1,0,0,0,0,1,2,0,0,KRBKRNvK,DRAW,2R1n2k/8/3B4/3r3K/8/8/8/8 w - - 0 1
1,1,0,0,0,0,0,1,-1,1,0,1,1,1,0,0,0,0,0,16,0,0,4,7,5,3,1,4,2,3,0,1,0,0,0,0,0,0,0,7,1,1,1,0,0,0,0,1,1,2,KRBKRNvK,DRAW,8/R7/7K/8/6nr/8/3kB3/8 w - - 0 1
1,1,0,0,0,0,0,1,-1,1,0,1,1,1,0,0,0,0,0,16,0,0,5,0,0,5,2,6,2,23,23,0,0,0,0,0,0,0,0,7,1,1,1,0,0,0,0,3,1,0,KRBKRNvK,DRAW,8/R7/8/6r1/8/5k1n/8/K3B3 w - - 0 1
0,1,0,0,0,0,0,1,-1,1,0,1,1,1,0,0,0,0,0,16,0,0,4,3,6,6,2,2,3,25,25,0,0,0,0,0,0,0,0,7,1,1,0,0,0,0,0,2,0,0,KRBKRNvK,DRAW,8/3K4/B7/8/5r2/6k1/8/2Rn4 b - - 0 1
0,1,0,0,0,0,0,1,-1,1,0,1,1,1,0,0,0,0,0,16,0,0,2,7,4,6,6,3,4,4,0,1,0,0,0,0,0,0,0,7,1,1,1,0,0,0,1,1,0,0,KRBKRNvK,DRAW,5r2/R5k1/8/7K/2n5/8/2B5/8 b - - 0 1
1,1,0,0,0,0,0,1,-1,1,0,1,1,1,0,0,0,0,0,16,0,0,2,5,4,7,3,1,3,26,20,0,0,0,0,0,0,0,0,7,1,1,0,0,0,0,2,2,0,0,KRBKRNvK,DRAW,4B3/8/1n6/5K2/7k/4R3/8/3r4 w - - 0 1
1,1,0,0,0,0,0,1,-1,1,0,1,1,1,0,0,0,0,0,16,0,0,3,3,4,6,2,0,3,30,23,0,0,0,0,0,0,0,0,7,1,1,0,0,0,0,3,1,0,0,KRBKRNvK,DRAW,8/4B3/8/3K4/6n1/6k1/R7/7r w - - 0 1
0,1,0,0,0,0,0,1,-1,1,0,1,1,1,0,0,0,0,0,16,0,0,5,1,6,6,4,4,2,22,21,0,0,0,0,0,0,0,0,7,1,1,1,0,0,0,1,2,1,1,KRBKRNvK,DRAW,1n6/RK6/8/5rk1/4B3/8/8/8 b - - 0 1
0,1,0,0,0,0,0,1,-1,1,0,1,1,1,0,0,0,0,0,16,0,0,5,3,1,3,6,2,2,23,25,0,0,0,0,0,0,0,0,7,1,1,0,0,0,0,2,0,0,1,KRBKRNvK,DRAW,8/3k3B/8/8/6R1/8/3K4/n4r2 b - - 0 1
0,1,0,0,0,0,0,1,-1,1,0,1,1,1,0,0,0,0,0,16,0,0,3,3,1,3,4,2,0,25,19,0,0,0,0,0,0,0,0,7,1,1,1,0,0,0,0,3,1,1,KRBKRNvK,DRAW,3B4/2Rn4/8/3k4/8/5r2/3K4/8 b - - 0 1
0,1,0,0,0,0,0,1,-1,1,0,1,1,1,0,0,0,0,0,16,0,0,7,7,0,7,7,6,6,3,0,1,0,0,0,0,0,0,0,7,1,1,0,0,0,0,0,2,0,0,KRBKRNvK,DRAW,7k/8/8/4r1nR/8/8/8/4B2K b - - 0 1
1,1,0,0,0,0,0,1,-1,1,0,1,1,1,0,0,0,0,0,16,0,0,7,0,7,7,3,6,3,26,18,0,0,0,0,0,0,0,0,7,1,1,0,0,0,0,2,0,0,0,KRBKRNvK,DRAW,K7/2B5/8/1R6/7k/8/6n1/2r5 w - - 0 1
1,1,0,0,0,0,0,1,-1,1,0,1,1,1,0,0,0,0,0,16,0,0,6,0,7,6,1,6,4,22,25,0,0,0,0,0,0,0,0,7,1,1,1,0,0,0,1,1,1,0,KRBKRNvK,DRAW,K7/5R2/8/8/8/3n4/6k1/1r4B1 w - - 0 1
1,1,0,0,0,0,0,1,-1,1,0,1,1,1,0,0,0,0,0,16,0,0,4,2,7,6,5,4,3,23,23,0,0,0,0,0,0,0,0,7,1,1,1,0,0,0,2,0,0,1,KRBKRNvK,DRAW,2K5/2R5/1r4k1/3n4/8/2B5/8/8 w - - 0 1
1,1,0,0,0,0,0,1,-1,1,0,1,1,1,0,0,0,0,0,16,0,0,2,0,3,2,4,3,1,3,0,1,0,0,0,0,0,0,0,7,1,1,0,0,0,0,1,4,0,1,KRBKRNvK,DRAW,7R/8/4r3/2k5/K7/2n5/7B/8 w - - 0 1
0,1,0,0,0,0,0,1,-1,1,0,1,1,1,0,0,0,0,0,16,0,0,2,0,7,1,5,6,3,4,0,1,0,0,0,0,0,0,0,7,1,1,0,0,0,0,0,0,0,0,KRBKRNvK,DRAW,K7/7r/1k3R2/7B/8/n7/8/8 b - - 0 1
1,1,0,0,0,0,0,1,-1,1,0,1,1,1,0,0,0,0,0,16,0,0,4,3,3,6,7,0,5,7,0,1,0,0,0,0,0,0,0,7,1,1,0,0,0,0,4,1,1,1,KRBKRNvK,DRAW,5Bk1/1r6/4n3/8/3K3R/8/8/8 w - - 0 1
0,1,0,0,0,0,0,1,-1,1,0,1,1,1,0,0,0,0,0,16,0,0,4,1,2,5,1,3,3,19,26,0,0,0,0,0,0,0,0,7,1,1,0,0,0,0,0,2,1,0,KRBKRNvK,DRAW,8/8/8/8/8/1K3n1r/5k2/R4B2 b - - 0 1
0,1,0,0,0,0,0,1,-1,1,0,1,1,1,0,0,0,0,0,16,0,0,5,2,2,3,7,2,3,22,26,0,0,0,0,0,0,0,0,7,1,1,0,0,0,0,1,1,1,1,KRBKRNvK,DRAW,3k1B2/8/8/8/8/2Kn3r/8/1R6 b - - 0 1
0,1,0,0,0,0,0,1,-1,1,0,1,1,1,0,0,0,0,0,16,0,0,3,6,5,3,5,3,1,16,29,0,0,0,0,0,0,0,0,7,1,1,0,0,0,0,2,3,1,0,KRBKRNvK,DRAW,5R2/8/1r1k2K1/1n6/8/8/8/B7 b - - 0 1
0,1,0,0,0,0,0,1,-1,1,0,1,1,1,0,0,0,0,0,16,0,0,2,6,3,4,5,2,1,6,0,1,0,0,0,0,0,0,0,7,1,1,0,0,0,0,0,3,0,1,KRBKRNvK,DRAW,1r6/8/R3k3/6n1/6K1/8/8/2B5 b - - 0 1
1,1,0,0,0,0,0,1,-1,1,0,1,1,1,0,0,0,0,0,16,0,0,3,4,2,2,5,1,2,5,0,1,0,0,0,0,0,0,0,7,1,1,0,0,0,0,4,2,0,1,KRBKRNvK,DRAW,8/6B1/2k5/1n5R/8/4K3/8/4r3 w - - 0 1
0,1,0,0,0,0,0,1,-1,1,0,1,1,1,0,0,0,0,0,16,0,0,4,7,1,7,5,5,4,24,21,0,0,0,0,0,0,0,0,7,1,1,0,0,0,0,1,2,1,0,KRBKRNvK,DRAW,8/5B2/7k/6r1/2n5/8/7K/5R2 b - - 0 1
1,1,0,0,0,0,0,1,-1,1,0,1,1,1,0,0,0,0,0,16,0,0,5,6,2,3,7,3,3,20,19,0,0,0,0,0,0,0,0,7,1,1,0,0,0,0,1,1,0,0,KRBKRNvK,DRAW,3k4/6r1/R5B1/8/1n6/6K1/8/8 w - - 0 1
0,1,0,0,0,0,0,1,-1,1,0,1,1,1,0,0,0,0,0,16,0,0,3,3,0,0,0,3,6,2,0,1,0,0,0,0,0,0,0,7,1,1,0,0,0,0,1,0,1,0,KRBKRNvK,DRAW,8/2r3n1/1B6/8/8/R7/8/k2K4 b - - 0 1
0,1,0,0,0,0,0,1,-1,1,0,1,1,1,0,0,0,0,0,16,0,0,6,6,0,1,6,5,4,4,0,1,0,0,0,0,0,0,0,7,1,1,0,0,0,0,2,1,2,0,KRBKRNvK,DRAW,8/1k6/7r/1R1B2n1/8/8/8/6K1 b - - 0 1
1,1,0,0,0,0,0,1,-1,1,0,1,1,1,0,0,0,0,0,16,0,0,5,0,6,5,5,5,2,18,28,0,0,0,0,0,0,0,0,7,1,1,0,0,0,0,1,3,0,0,KRBKRNvK,DRAW,8/K7/4nk2/8/1r6/6BR/8/8 w - - 0 1
0,1,0,0,0,0,0,1,-1,1,0,1,1,1,0,0,0,0,0,16,0,0,6,2,1,1,7,3,5,2,0,1,0,0,0,0,0,0,0,7,1,1,0,0,0,0,1,2,1,1,KRBKRNvK,DRAW,1k6/n7/1R6/3B4/3r4/8/2K5/8 b - - 0 1
1,1,0,0,0,0,0,1,-1,1,0,1,1,1,0,0,0,0,0,16,0,0,4,7,2,3,0,4,3,25,20,0,0,0,0,0,0,0,0,7,1,1,0,0,0,0,2,0,1,0,KRBKRNvK,DRAW,4R3/8/8/3n4/8/7K/8/1r1k1B2 w - - 0 1
0,1,0,0,0,0,0,1,-1,1,0,1,1,1,0,0,0,0,0,16,0,0,4,1,1,2,5,4,2,20,23,0,0,0,0,0,0,0,0,7,1,1,0,0,0,0,2,2,0,0,KRBKRNvK,DRAW,8/8/2k5/n1r5/5R2/8/1K6/6B1 b - - 0 1
0,1,0,0,0,0,0,1,-1,1,0,1,1,1,0,0,0,0,0,16,0,0,6,6,2,0,5,3,4,25,17,0,0,0,0,0,0,0,0,7,1,1,0,0,0,0,2,0,0,0,KRBKRNvK,DRAW,8/8/k4r2/8/3n2R1/6K1/8/4B3 b - - 0 1
1,1,0,0,0,0,0,1,-1,1,0,1,1,1,0,0,0,0,0,16,0,0,6,5,6,7,0,3,6,7,0,1,0,0,0,0,0,0,0,7,1,1,0,0,0,0,2,1,0,0,KRBKRNvK,DRAW,3R4/r4K2/4B3/2n5/8/8/8/7k w - - 0 1
1,1,0,0,0,0,0,1,-1,1,0,1,1,1,0,0,0,0,0,16,0,0,3,4,6,7,4,2,3,7,0,1,0,0,0,0,0,0,0,7,1,1,0,0,0,0,1,0,1,1,KRBKRNvK,DRAW,6n1/4K3/5R2/7k/3B4/2r5/8/8 w - - 0 1
1,1,0,0,0,0,0,1,-1,1,0,1,1,1,0,0,0,0,0,16,0,0,6,3,6,0,0,2,6,22,18,0,0,0,0,0,0,0,0,7,1,1,0,0,0,0,2,2,0,1,KRBKRNvK,DRAW,4B3/3K4/8/nr6/8/8/4R3/k7 w - - 0 1
1,1,0,0,0,0,0,1,-1,1,0,1,1,1,0,0,0,0,0,16,0,0,3,7,2,4,5,4,1,22,21,0,0,0,0,0,0,0,0,7,1,1,1,0,0,0,0,4,1,2,KRBKRNvK,DRAW,3B4/R7/4k3/8/5r2/7K/8/5n2 w - - 0 1
0,1,0,0,0,0,0,1,-1,1,0,1,1,1,0,0,0,0,0,16,0,0,7,7,1,0,7,5,6,23,23,0,0,0,0,0,0,0,0,7,1,1,0,0,0,0,2,1,0,0,KRBKRNvK,DRAW,k4B2/1r6/8/2n5/8/8/3R3K/8 b - - 0 1
0,1,0,0,0,0,0,1,-1,1,0,1,1,1,0,0,0,0,0,16,0,0,7,7,4,0,5,3,4,20,21,0,0,0,0,0,0,0,0,7,1,1,0,0,0,0,0,0,0,0,KRBKRNvK,DRAW,5rn1/8/k7/7K/8/8/2R5/3B4 b - - 0 1
1,1,0,0,0,0,0,1,-1,1,0,1,1,1,0,0,0,0,0,16,0,0,3,2,4,4,7,1,3,26,15,0,0,0,0,0,0,0,0,7,1,1,0,0,0,0,3,0,0,0,KRBKRNvK,DRAW,4k3/8/8/2K5/8/2R2B2/8/rn6 w - - 0 1
1,1,0,0,0,0,0,1,-1,1,0,1,1,1,0,0,0,0,0,16,0,0,2,0,5,2,4,4,1,1,0,1,0,0,0,0,0,0,0,7,1,1,0,0,0,0,2,2,0,2,KRBKRNvK,LOSS,1n6/8/K7/1rk5/8/8/3R4/4B3 w - - 0 1
1,1,0,0,0,0,0,1,-1,1,0,1,1,1,0,0,0,0,0,16,0,0,3,4,6,7,6,2,5,7,0,1,0,0,0,0,0,0,0,7,1,1,0,0,0,0,1,0,0,0,KRBKRNvK,DRAW,8/r3K2k/8/8/8/n7/B1R5/8 w - - 0 1
0,1,0,0,0,0,0,1,-1,1,0,1,1,1,0,0,0,0,0,16,0,0,4,4,4,0,4,0,3,3,0,1,0,0,0,0,0,0,0,7,1,1,0,0,0,0,4,0,1,0,KRBKRNvK,DRAW,2n5/2B5/8/k3K3/8/8/1R6/r7 b - - 0 1
0,1,0,0,0,0,0,1,-1,1,0,1,1,1,0,0,0,0,0,16,0,0,7,0,3,7,0,3,6,18,20,0,0,0,0,0,0,0,0,7,1,1,0,0,0,0,0,1,0,0,KRBKRNvK,WIN,3R4/3B4/8/8/K4n1r/8/8/7k b - - 0 1
1,1,0,0,0,0,0,1,-1,1,0,1,1,1,0,0,0,0,0,16,0,0,4,0,1,4,5,5,1,2,0,1,0,0,0,0,0,0,0,7,1,1,0,0,0,0,2,3,0,1,KRBKRNvK,DRAW,8/1r6/4k3/8/8/2n5/K5B1/5R2 w - - 0 1
1,1,0,0,0,0,0,1,-1,1,0,1,1,1,0,0,0,0,0,16,0,0,4,6,1,7,5,4,4,31,22,0,0,0,0,0,0,0,0,7,1,1,0,0,0,0,2,2,0,0,KRBKRNvK,DRAW,3R4/8/7k/8/1Br5/8/2n3K1/8 w - - 0 1
0,1,0,0,0,0,0,1,-1,1,0,1,1,1,0,0,0,0,0,16,0,0,5,6,0,1,2,5,3,25,24,0,0,0,0,0,0,0,0,7,1,1,0,1,0,0,3,2,0,1,KRBKRNvK,DRAW,8/n7/3R4/8/5B2/1k6/4r3/6K1 b - - 0 1
1,1,0,0,0,0,0,1,-1,1,0,1,1,1,0,0,0,0,0,16,0,0,2,4,3,3,1,0,2,5,0,1,0,0,0,0,0,0,0,7,1,1,0,0,0,0,3,1,0,0,KRBKRNvK,DRAW,6B1/1n6/R7/8/4K3/8/3k4/4r3 w - - 0 1
0,1,0,0,0,0,0,1,-1,1,0,1,1,1,0,0,0,0,0,16,0,0,6,5,7,7,1,4,5,23,19,0,0,0,0,0,0,0,0,7,1,1,0,1,0,0,1,2,0,0,KRBKRNvK,DRAW,5K2/8/8/8/B2n4/8/4r2k/3R4 b - - 0 1
1,1,0,0,0,0,0,1,-1,1,0,1,1,1,0,0,0,0,0,16,0,0,3,2,4,4,7,1,3,7,0,1,0,0,0,0,0,0,0,7,1,1,0,0,0,0,3,0,0,1,KRBKRNvK,DRAW,2r1k3/8/8/n1K5/8/8/5RB1/8 w - - 0 1
0,1,0,0,0,0,0,1,-1,1,0,1,1,1,0,0,0,0,0,16,0,0,7,7,6,0,0,5,6,18,25,0,0,0,0,0,0,0,0,7,1,1,0,0,0,0,0,2,0,0,KRBKRNvK,DRAW,8/7K/7B/2r5/8/8/6R1/k5n1 b - - 0 1
0,1,0,0,0,0,0,1,-1,1,0,1,1,1,0,0,0,0,0,16,0,0,2,0,1,2,1,5,3,22,22,0,0,0,0,0,0,0,0,7,1,1,0,0,0,0,0,3,1,0,KRBKRNvK,DRAW,8/5n2/8/4r3/8/B7/K1k5/6R1 b - - 0 1
1,1,0,0,0,0,0,1,-1,1,0,1,1,1,0,0,0,0,0,16,0,0,5,5,0,0,2,4,4,24,19,0,0,0,0,0,0,0,0,7,1,1,0,0,0,0,1,2,0,0,KRBKRNvK,DRAW,5R2/B7/8/7r/7n/k7/8/5K2 w - - 0 1
0,1,0,0,0,0,0,1,-1,1,0,1,1,1,0,0,0,0,0,16,0,0,6,3,7,5,1,3,3,6,0,1,0,0,0,0,0,0,0,7,1,1,1,0,0,0,0,2,1,0,KRBKRNvK,DRAW,3K4/R7/8/n3r3/7B/8/5k2/8 b - - 0 1
1,1,0,0,0,0,0,1,-1,1,0,1,1,1,0,0,0,0,0,16,0,0,5,7,1,2,2,5,2,28,22,0,0,0,0,0,0,0,0,7,1,1,0,0,0,0,2,3,1,0,KRBKRNvK,DRAW,8/8/n7/5r2/7R/2k1B3/7K/8 w - - 0 1
0,1,0,0,0,0,0,1,-1,1,0,1,1,1,0,0,0,0,0,16,0,0,4,0,2,3,6,4,2,21,22,0,0,0,0,0,0,0,0,7,1,1,0,0,0,0,0,2,1,0,KRBKRNvK,DRAW,3n4/3k4/1R6/7r/1B6/K7/8/8 b - - 0 1
0,1,0,0,0,0,0,1,-1,1,0,1,1,1,0,0,0,0,0,16,0,0,5,3,2,4,7,1,3,19,21,0,0,0,0,0,0,0,0,7,1,1,0,0,0,0,2,0,0,0,KRBKRNvK,DRAW,4k3/8/2r5/n7/8/3K1R1B/8/8 b - - 0 1
1,1,0,0,0,0,0,1,-1,1,0,1,1,1,0,0,0,0,0,16,0,0,4,5,5,7,1,2,5,23,22,0,0,0,0,0,0,0,0,7,1,1,0,0,0,0,2,2,0,0,KRBKRNvK,DRAW,5R2/5B2/5K2/8/1r6/8/7k/5n2 w - - 0 1
0,1,0,0,0,0,0,1,-1,1,0,1,1,1,0,0,0,0,0,16,0,0,6,1,5,7,7,3,6,3,0,1,0,0,0,0,0,0,0,7,1,1,0,0,0,0,2,3,0,0,KRBKRNvK,DRAW,3R3k/4r3/1K6/5n2/8/8/3B4/8 b - - 0 1
0,1,0,0,0,0,0,1,-1,1,0,1,1,1,0,0,0,0,0,16,0,0,5,6,1,2,6,4,3,7,0,1,0,0,0,0,0,0,0,7,1,1,1,0,0,0,1,1,0,1,KRBKRNvK,LOSS,8/2k3R1/6B1/8/2n5/8/6K1/5r2 b - - 0 1
1,1,0,0,0,0,0,1,-1,1,0,1,1,1,0,0,0,0,0,16,0,0,7,7,1,0,7,5,6,5,0,1,0,0,0,0,0,0,0,7,1,1,1,0,0,0,0,2,1,1,KRBKRNvK,LOSS,k7/2R1r3/8/8/1B4n1/8/7K/8 w - - 0 1
1,1,0,0,0,0,0,1,-1,1,0,1,1,1,0,0,0,0,0,16,0,0,2,4,6,6,7,2,5,26,18,0,0,0,0,0,0,0,0,7,1,1,0,1,0,0,2,0,0,0,KRBKRNvK,DRAW,6k1/4K3/3R4/7B/8/8/n5r1/8 w - - 0 1
0,1,0,0,0,0,0,1,-1,1,0,1,1,1,0,0,0,0,0,16,0,0,4,0,6,3,2,5,1,4,0,1,0,0,0,0,0,0,0,7,1,1,1,0,0,0,2,3,1,0,KRBKRNvK,DRAW,8/K2R4/8/8/8/1r1k1n2/8/1B6 b - - 0 1
1,1,0,0,0,0,0,1,-1,1,0,1,1,1,0,0,0,0,0,16,0,0,4,3,6,7,6,2,5,7,0,1,0,0,0,0,0,0,0,7,1,1,0,0,0,0,3,2,0,0,KRBKRNvK,DRAW,8/3K3k/4R3/8/8/8/1Bn5/3r4 w - - 0 1
1,1,0,0,0,0,0,1,-1,1,0,1,1,1,0,0,0,0,0,16,0,0,5,0,6,5,3,5,1,24,18,0,0,0,0,0,0,0,0,7,1,1,0,0,0,0,3,2,1,0,KRBKRNvK,DRAW,8/K7/5r2/8/R3Bk2/8/8/6n1 w - - 0 1
0,1,0,0,0,0,0,1,-1,1,0,1,1,1,0,0,0,0,0,16,0,0,5,0,3,5,7,3,4,8,29,0,0,0,0,0,0,0,0,7,1,1,0,0,0,0,1,2,1,0,KRBKRNvK,LOSS,5k2/4r3/3B4/8/K7/2R4n/8/8 b - - 0 1
1,1,0,0,0,0,0,1,-1,1,0,1,1,1,0,0,0,0,0,16,0,0,5,5,4,0,0,1,6,7,0,1,0,0,0,0,0,0,0,7,1,1,0,0,0,0,2,2,1,2,KRBKRNvK,DRAW,4B3/8/7n/5K2/8/1R1r4/8/k7 w - - 0 1
1,1,0,0,0,0,0,1,-1,1,0,1,1,1,0,0,0,0,0,16,0,0,5,6,7,1,6,5,4,25,23,0,0,0,0,0,0,0,0,7,1,1,0,0,0,0,3,2,0,0,KRBKRNvK,DRAW,6K1/1k6/1n6/2r5/2B3R1/8/8/8 w - - 0 1
1,1,0,0,0,0,0,1,-1,1,0,1,1,1,0,0,0,0,0,16,0,0,7,4,7,7,0,3,6,3,0,1,0,0,0,0,0,0,0,7,1,1,0,0,0,0,2,3,0,1,KRBKRNvK,DRAW,4K1B1/8/3n4/1R6/4r3/8/8/7k w - - 0 1
1,1,0,0,0,0,0,1,-1,1,0,1,1,1,0,0,0,0,0,16,0,0,4,4,3,0,3,0,3,26,18,0,0,0,0,0,0,0,0,7,1,1,0,0,0,0,4,1,0,0,KRBKRNvK,DRAW,4R3/r7/1n6/8/k3K3/8/3B4/8 w - - 0 1
0,1,0,0,0,0,0,1,-1,1,0,1,1,1,0,0,0,0,0,16,0,0,3,4,7,2,4,3,1,4,0,1,0,0,0,0,0,0,0,7,1,1,0,0,0,0,0,3,1,0,KRBKRNvK,DRAW,4KB2/8/8/2k5/7r/2R5/8/5n2 b - - 0 1
0,1,0,0,0,0,0,1,-1,1,0,1,1,1,0,0,0,0,0,16,0,0,6,2,0,0,6,4,5,4,0,1,0,0,0,0,0,0,0,7,1,1,1,0,0,0,2,2,0,0,KRBKRNvK,DRAW,4r3/k2R4/7n/6B1/8/8/8/2K5 b - - 0 1
0,1,0,0,0,0,0,1,-1,1,0,1,1,1,0,0,0,0,0,16,0,0,4,4,3,7,7,0,6,2,0,1,0,0,0,0,0,0,0,7,1,1,0,0,0,0,4,0,0,0,KRBKRNvK,DRAW,B6k/8/8/8/4K2R/8/8/2r2n2 b - - 0 1
0,1,0,0,0,0,0,1,-1,1,0,1,1,1,0,0,0,0,0,16,0,0,2,4,6,2,7,2,4,2,0,1,0,0,0,0,0,0,0,7,1,1,0,1,0,0,0,1,1,0,KRBKRNvK,DRAW,2k5/4K3/2R5/7B/8/4n3/7r/8 b - - 0 1
1,1,0,0,0,0,0,1,-1,1,0,1,1,1,0,0,0,0,0,16,0,0,4,4,7,7,3,3,3,3,0,1,0,0,0,0,0,0,0,7,1,1,0,0,0,0,1,0,0,1,KRBKRNvK,DRAW,RBr1K3/7n/8/8/7k/8/8/8 w - - 0 1
0,1,0,0,0,0,0,1,-1,1,0,1,1,1,0,0,0,0,0,16,0,0,5,0,6,2,1,5,3,7,0,1,0,0,0,0,0,0,0,7,1,1,0,0,0,0,2,3,1,1,KRBKRNvK,DRAW,8/K7/3n4/1r3R2/B7/8/2k5/8 b - - 0 1
0,1,0,0,0,0,0,1,-1,1,0,1,1,1,0,0,0,0,0,16,0,0,5,6,1,2,6,4,3,29,23,0,0,0,0,0,0,0,0,7,1,1,0,0,0,0,1,2,0,0,KRBKRNvK,DRAW,8/2k5/8/2n5/r7/8/6K1/5RB1 b - - 0 1
0,1,0,0,0,0,0,1,-1,1,0,1,1,1,0,0,0,0,0,16,0,0,3,0,2,3,0,4,3,22,17,0,0,0,0,0,0,0,0,7,1,1,0,0,0,0,2,2,1,0,KRBKRNvK,DRAW,R2n4/8/8/8/7r/K7/1B6/3k4 b - - 0 1
1,1,0,0,0,0,0,1,-1,1,0,1,1,1,0,0,0,0,0,16,0,0,5,3,7,7,2,3,4,3,0,1,0,0,0,0,0,0,0,7,1,1,0,0,0,0,2,2,0,1,KRBKRNvK,DRAW,3K4/8/4n3/R7/2r5/7k/4B3/8 w - - 0 1
0,1,0,0,0,0,0,1,-1,1,0,1,1,1,0,0,0,0,0,16,0,0,5,4,1,1,6,2,4,5,0,1,0,0,0,0,0,0,0,7,1,1,0,0,0,0,1,0,0,0,KRBKRNvK,DRAW,8/1k6/7r/8/4B3/8/4K2n/R7 b - - 0 1
1,1,0,0,0,0,0,1,-1,1,0,1,1,1,0,0,0,0,0,16,0,0,3,0,6,3,3,5,0,21,23,0,0,0,0,0,0,0,0,7,1,1,0,0,0,0,2,3,0,0,KRBKRNvK,DRAW,B4n2/K7/4r3/8/3k4/8/8/R7 w - - 0 1
1,1,0,0,0,0,0,1,-1,1,0,1,1,1,0,0,0,0,0,16,0,0,4,4,0,0,2,3,4,23,24,0,0,0,0,0,0,0,0,7,1,1,0,0,0,0,0,3,0,0,KRBKRNvK,DRAW,6R1/8/1n6/6B1/2r5/k7/8/4K3 w - - 0 1
0,1,0,0,0,0,0,1,-1,1,0,1,1,1,0,0,0,0,0,16,0,0,3,2,0,3,3,4,0,18,23,0,0,0,0,0,0,0,0,7,1,1,0,0,0,0,2,4,1,1,KRBKRNvK,DRAW,4R3/8/8/8/3k1r2/8/3B4/2Kn4 b - - 0 1
0,1,0,0,0,0,0,1,-1,1,0,1,1,1,0,0,0,0,0,16,0,0,4,7,2,6,6,4,4,23,22,0,0,0,0,0,0,0,0,7,1,1,0,0,0,0,1,2,0,0,KRBKRNvK,DRAW,8/6k1/8/8/4r3/5R1K/7B/3n4 b - - 0 1
0,1,0,0,0,0,0,1,-1,1,0,1,1,1,0,0,0,0,0,16,0,0,5,2,5,3,0,2,3,22,26,0,0,0,0,0,0,0,0,7,1,1,1,1,0,0,1,0,0,0,KRBKRNvK,DRAW,8/4B1R1/2K5/8/8/8/r7/3k2n1 b - - 0 1
1,1,0,0,0,0,0,1,-1,1,0,1,1,1,0,0,0,0,0,16,0,0,4,6,3,7,7,2,6,27,16,0,0,0,0,0,0,0,0,7,1,1,0,0,0,0,1,0,0,0,KRBKRNvK,DRAW,n6k/8/8/8/6K1/1r2B3/8/4R3 w - - 0 1
0,1,0,0,0,0,0,1,-1,1,0,1,1,1,0,0,0,0,0,16,0,0,3,3,1,0,2,2,4,6,0,1,0,0,0,0,0,0,0,7,1,1,0,0,0,0,0,0,0,1,KRBKRNvK,DRAW,8/7r/8/8/8/k5RB/3K4/2n5 b - - 0 1
1,1,0,0,0,0,0,1,-1,1,0,1,1,1,0,0,0,0,0,16,0,0,6,1,5,7,6,3,5,4,0,1,0,0,0,0,0,0,0,7,1,1,0,0,0,0,1,0,0,1,KRBKRNvK,DRAW,8/2B4k/1K6/8/n7/8/2R5/1r6 w - - 0 1
0,1,0,0,0,0,0,1,-1,1,0,1,1,1,0,0,0,0,0,16,0,0,2,7,5,6,7,4,5,23,20,0,0,0,0,0,0,0,0,7,1,1,0,0,0,0,3,2,1,0,KRBKRNvK,WIN,6k1/6B1/7K/2r5/3n4/4R3/8/8 b - - 0 1
1,1,0,0,0,0,0,1,-1,1,0,1,1,1,0,0,0,0,0,16,0,0,4,7,2,3,3,4,0,4,0,1,0,0,0,0,0,0,0,7,1,1,0,0,0,0,2,4,1,0,KRBKRNvK,DRAW,8/8/2n5/1R6/3k4/4r2K/B7/8 w - - 0 1
1,1,0,0,0,0,0,1,-1,1,0,1,1,1,0,0,0,0,0,16,0,0,3,1,7,0,4,5,3,22,22,0,0,0,0,0,0,0,0,7,1,1,0,0,0,0,2,2,0,0,KRBKRNvK,DRAW,1K3R2/8/8/k7/2r5/8/8/2n4B w - - 0 1
0,1,0,0,0,0,0,1,-1,1,0,1,1,1,0,0,0,0,0,16,0,0,7,5,7,4,0,4,3,3,0,1,0,0,0,0,0,0,0,7,1,1,0,0,0,0,2,1,1,0,KRBKRNvK,DRAW,4RK2/8/8/8/8/8/2Bn4/r3k3 b - - 0 1
1,1,0,0,0,0,0,1,-1,1,0,1,1,1,0,0,0,0,0,16,0,0,2,2,5,0,7,2,6,30,17,0,0,0,0,0,0,0,0,7,1,1,0,0,0,0,3,2,0,0,KRBKRNvK,DRAW,k7/8/2K5/6R1/7r/8/2B5/7n w - - 0 1
0,1,0,0,0,0,0,1,-1,1,0,1,1,1,0,0,0,0,0,16,0,0,2,5,4,6,2,1,3,11,23,0,0,0,0,0,0,0,0,7,1,1,0,0,0,0,2,0,1,1,KRBKRNvK,DRAW,8/4B3/8/5K2/8/6kr/7n/7R b - - 0 1
1,1,0,0,0,0,0,1,-1,1,0,1,1,1,0,0,0,0,0,16,0,0,2,5,1,3,0,3,3,26,21,0,0,0,0,0,0,0,0,7,1,1,0,0,0,0,2,1,0,0,KRBKRNvK,DRAW,4R3/2B5/8/8/8/r7/2n2K2/3k4 w - - 0 1
0,1,0,0,0,0,0,1,-1,1,0,1,1,1,0,0,0,0,0,16,0,0,3,5,4,6,7,1,5,19,27,0,0,0,0,0,0,0,0,7,1,1,0,0,0,0,3,2,0,1,KRBKRNvK,DRAW,B4nk1/3r4/8/5K2/8/8/7R/8 b - - 0 1
1,1,0,0,0,0,0,1,-1,1,0,1,1,1,0,0,0,0,0,16,0,0,4,5,2,1,1,2,4,26,19,0,0,0,0,0,0,0,0,7,1,1,0,0,0,0,2,2,0,0,KRBKRNvK,DRAW,8/8/2R5/8/r7/n4K2/1k6/6B1 w - - 0 1
0,1,0,0,0,0,0,1,-1,1,0,1,1,1,0,0,0,0,0,16,0,0,3,2,4,4,1,1,2,4,0,1,0,0,0,0,0,0,0,7,1,1,0,0,0,0,2,0,0,0,KRBKRNvK,LOSS,5r2/8/B4R2/2K5/8/8/4k3/6n1 b - - 0 1
0,1,0,0,0,0,0,1,-1,1,0,1,1,1,0,0,0,0,0,16,0,0,2,4,1,6,0,2,5,18,22,0,0,0,0,0,0,0,0,7,1,1,0,0,0,0,2,0,0,0,KRBKRNvK,DRAW,r7/5B2/4R3/8/8/8/4K3/n5k1 b - - 0 1
0,1,0,0,0,0,0,1,-1,1,0,1,1,1,0,0,0,0,0,16,0,0,4,2,6,6,3,3,2,16,28,0,0,0,0,0,0,0,0,7,1,1,0,0,0,0,1,0,1,0,KRBKRNvK,DRAW,8/2K5/7n/8/6k1/6r1/2B2R2/8 b - - 0 1
0,1,0,0,0,0,0,1,-1,1,0,1,1,1,0,0,0,0,0,16,0,0,5,4,1,7,6,2,5,27,18,0,0,0,0,0,0,0,0,7,1,1,0,0,0,0,1,1,0,0,KRBKRNvK,DRAW,8/B6k/3n4/8/8/1r6/4KR2/8 b - - 0 1
1,1,0,0,0,0,0,1,-1,1,0,1,1,1,0,0,0,0,0,16,0,0,4,0,6,4,5,5,1,29,25,0,0,0,0,0,0,0,0,7,1,1,0,0,0,0,1,2,2,0,KRBKRNvK,DRAW,6R1/K2n4/4k3/8/3B4/8/8/5r2 w - - 0 1
0,1,0,0,0,0,0,1,-1,1,0,1,1,1,0,0,0,0,0,16,0,0,5,7,1,2,0,5,4,26,27,0,0,0,0,0,0,0,0,7,1,1,0,0,0,0,2,1,0,0,KRBKRNvK,DRAW,1r6/8/5R2/2n5/8/5B2/7K/2k5 b - - 0 1
0,1,0,0,0,0,0,1,-1,1,0,1,1,1,0,0,0,0,0,16,0,0,3,6,0,5,3,5,1,6,0,1,0,0,0,0,0,0,0,7,1,1,1,0,0,0,0,2,0,0,KRBKRNvK,DRAW,8/6R1/4r3/8/5k2/8/8/1nB3K1 b - - 0 1
1,1,0,0,0,0,0,1,-1,1,0,1,1,1,0,0,0,0,0,16,0,0,7,1,0,4,7,5,3,26,23,0,0,0,0,0,0,0,0,7,1,1,0,0,0,0,2,2,0,0,KRBKRNvK,DRAW,4k3/8/2n2r2/R7/8/7B/8/1K6 w - - 0 1
1,1,0,0,0,0,0,1,-1,1,0,1,1,1,0,0,0,0,0,16,0,0,3,0,0,3,1,6,2,23,21,0,0,0,0,0,0,0,0,7,1,1,0,0,0,0,3,2,1,0,KRBKRNvK,DRAW,8/n7/8/2R5/5r2/8/3k4/KB6 w - - 0 1
0,1,0,0,0,0,0,1,-1,1,0,1,1,1,0,0,0,0,0,16,0,0,4,1,7,1,3,5,2,23,17,0,0,0,0,0,0,0,0,7,1,1,0,0,0,0,0,1,0,0,KRBKRNvK,DRAW,1KRB4/8/8/8/1k6/8/2n5/6r1 b - - 0 1
1,1,0,0,0,0,0,1,-1,1,0,1,1,1,0,0,0,0,0,16,0,0,4,2,0,0,4,4,3,23,22,0,0,0,0,0,0,0,0,7,1,1,0,0,0,0,0,3,0,0,KRBKRNvK,DRAW,8/8/1n5B/k2r4/8/8/6R1/2K5 w - - 0 1
1,1,0,0,0,0,0,1,-1,1,0,1,1,1,0,0,0,0,0,16,0,0,2,4,4,3,2,0,1,26,20,0,0,0,0,0,0,0,0,7,1,1,0,0,0,0,3,2,1,0,KRBKRNvK,DRAW,5r2/n7/8/4K3/8/3k4/6B1/2R5 w - - 0 1
0,1,0,0,0,0,0,1,-1,1,0,1,1,1,0,0,0,0,0,16,0,0,2,7,1,5,3,5,1,21,22,0,0,0,0,0,0,0,0,7,1,1,0,0,0,0,1,4,0,0,KRBKRNvK,DRAW,8/2n5/8/8/2r2k2/8/1R5K/6B1 b - - 0 1
0,1,0,0,0,0,0,1,-1,1,0,1,1,1,0,0,0,0,0,16,0,0,7,3,7,6,0,3,5,3,0,1,0,0,0,0,0,0,0,7,1,1,0,1,0,0,3,1,1,0,KRBKRNvK,DRAW,3K4/6B1/8/2n5/8/8/1r6/4R1k1 b - - 0 1
0,1,0,0,0,0,0,1,-1,1,0,1,1,1,0,0,0,0,0,16,0,0,2,2,5,0,3,2,3,4,0,1,0,0,0,0,0,0,0,7,1,1,0,0,0,0,2,1,1,0,KRBKRNvK,LOSS,8/5n2/2K5/8/k7/8/2B5/1r4R1 b - - 0 1
1,1,0,0,0,0,0,1,-1,1,0,1,1,1,0,0,0,0,0,16,0,0,6,7,5,1,5,4,3,23,26,0,0,0,0,0,0,0,0,7,1,1,0,0,0,0,0,0,0,0,KRBKRNvK,DRAW,8/8/1k5K/8/8/6rB/5R2/3n4 w - - 0 1
1,1,0,0,0,0,0,1,-1,1,0,1,1,1,0,0,0,0,0,16,0,0,3,1,2,4,5,3,1,26,28,0,0,0,0,0,0,0,0,7,1,1,0,0,0,0,1,2,0,0,KRBKRNvK,DRAW,8/B7/4k1n1/8/8/1KR5/8/5r2 w - - 0 1
0,1,0,0,0,0,0,1,-1,1,0,1,1,1,0,0,0,0,0,16,0,0,3,7,0,7,3,6,3,22,22,0,0,0,0,0,0,0,0,7,1,1,0,0,0,0,2,0,0,1,KRBKRNvK,DRAW,8/5r2/3R4/3B4/7k/7n/8/7K b - - 0 1
1,1,0,0,0,0,0,1,-1,1,0,1,1,1,0,0,0,0,0,16,0,0,5,5,6,4,1,3,2,24,19,0,0,0,0,0,0,0,0,7,1,1,0,0,0,0,3,2,0,0,KRBKRNvK,DRAW,8/5K2/8/3R4/4r3/1B6/4k3/7n w - - 0 1
1,1,0,0,0,0,0,1,-1,1,0,1,1,1,0,0,0,0,0,16,0,0,4,1,4,5,3,2,1,21,21,0,0,0,0,0,0,0,0,7,1,1,0,0,0,0,0,2,1,1,KRBKRNvK,DRAW,n7/2r5/8/1K5B/5k2/8/8/7R w - - 0 1
0,1,0,0,0,0,0,1,-1,1,0,1,1,1,0,0,0,0,0,16,0,0,2,2,4,2,6,1,3,18,16,0,0,0,0,0,0,0,0,7,1,1,0,0,0,0,3,2,0,1,KRBKRNvK,DRAW,1n6/2k1r3/8/2K5/2R5/8/B7/8 b - - 0 1
1,1,0,0,0,0,0,1,-1,1,0,1,1,1,0,0,0,0,0,16,0,0,3,4,7,1,5,3,3,5,0,1,0,0,0,0,0,0,0,7,1,1,1,1,0,0,3,2,1,0,KRBKRNvK,DRAW,1n2K3/3R4/1k6/8/8/8/2B1r3/8 w - - 0 1
1,1,0,0,0,0,0,1,-1,1,0,1,1,1,0,0,0,0,0,16,0,0,2,0,6,2,6,5,3,22,23,0,0,0,0,0,0,0,0,7,1,1,0,0,0,0,2,1,0,0,KRBKRNvK,DRAW,8/K1k2n2/6r1/8/8/8/1R4B1/8 w - - 0 1
0,1,0,0,0,0,0,1,-1,1,0,1,1,1,0,0,0,0,0,16,0,0,2,6,2,6,0,3,5,0,0,1,0,0,0,0,0,0,0,7,1,1,0,0,0,0,1,2,0,1,KRBKRNvK,LOSS,8/4r3/1B6/8/6n1/6K1/8/R5k1 b - - 0 1
1,1,0,0,0,0,0,1,-1,1,0,1,1,1,0,0,0,0,0,16,0,0,6,0,3,6,7,3,5,7,0,1,0,0,0,0,0,0,0,7,1,1,0,0,0,0,3,2,0,0,KRBKRNvK,DRAW,2n3k1/8/8/2B5/K4r2/4R3/8/8 w - - 0 1
1,1,0,0,0,0,0,1,-1,1,0,1,1,1,0,0,0,0,0,16,0,0,4,5,3,1,5,1,3,22,26,0,0,0,0,0,0,0,0,7,1,1,0,1,0,0,2,1,1,1,KRBKRNvK,DRAW,8/5n2/1k6/8/1B3K2/8/6r1/5R2 w - - 0 1
1,1,0,0,0,0,0,1,-1,1,0,1,1,1,0,0,0,0,0,16,0,0,4,0,0,4,4,6,0,23,19,0,0,0,0,0,0,0,0,7,1,1,0,0,0,0,0,4,0,0,KRBKRNvK,DRAW,R7/8/4r3/4k3/8/7n/8/K1B5 w - - 0 1
1,1,0,0,0,0,0,1,-1,1,0,1,1,1,0,0,0,0,0,16,0,0,7,4,0,3,7,3,3,3,0,1,0,0,0,0,0,0,0,7,1,1,0,0,0,0,2,0,0,0,KRBKRNvK,DRAW,3k4/8/8/8/7R/n7/8/1r2KB2 w - - 0 1
0,1,0,0,0,0,0,1,-1,1,0,1,1,1,0,0,0,0,0,16,0,0,4,5,1,1,1,3,4,20,21,0,0,0,0,0,0,0,0,7,1,1,0,0,0,0,2,2,0,0,KRBKRNvK,DRAW,8/n7/8/8/1r6/8/1k3KB1/5R2 b - - 0 1
0,1,0,0,0,0,0,1,-1,1,0,1,1,1,0,0,0,0,0,16,0,0,4,5,0,1,4,4,2,30,28,0,0,0,0,0,0,0,0,7,1,1,0,0,0,0,3,0,0,0,KRBKRNvK,DRAW,4R3/8/7r/1k1n4/8/8/1B6/5K2 b - - 0 1
0,1,0,0,0,0,0,1,-1,1,0,1,1,1,0,0,0,0,0,16,0,0,3,5,7,3,4,4,0,21,23,0,0,0,0,0,0,0,0,7,1,1,0,0,0,0,3,3,1,0,KRBKRNvK,DRAW,5K2/8/8/3k4/4R3/2r5/6B1/5n2 b - - 0 1
0,1,0,0,0,0,0,1,-1,1,0,1,1,1,0,0,0,0,0,16,0,0,3,3,5,6,5,1,3,3,0,1,0,0,0,0,0,0,0,7,1,1,0,0,0,0,2,0,2,0,KRBKRNvK,DRAW,7B/r7/3K1Rk1/8/8/8/8/2n5 b - - 0 1
0,1,0,0,0,0,0,1,-1,1,0,1,1,1,0,0,0,0,0,16,0,0,5,5,6,0,1,3,5,22,26,0,0,0,0,0,0,0,0,7,1,1,0,0,0,0,0,1,0,0,KRBKRNvK,DRAW,r7/5K2/6R1/8/1n6/8/k2B4/8 b - - 0 1
1,1,0,0,0,0,0,1,-1,1,0,1,1,1,0,0,0,0,0,16,0,0,3,1,5,3,2,3,1,6,0,1,0,0,0,0,0,0,0,7,1,1,0,0,0,0,0,2,0,0,KRBKRNvK,DRAW,8/8/1K3r2/5n2/6B1/3k4/8/R7 w - - 0 1
1,1,0,0,0,0,0,1,-1,1,0,1,1,1,0,0,0,0,0,16,0,0,4,5,6,5,2,3,2,33,25,0,0,0,0,0,0,0,0,7,1,1,0,0,0,0,3,2,1,0,KRBKRNvK,DRAW,8/5K2/3B4/8/6R1/3n1k2/8/2r5 w - - 0 1
0,1,0,0,0,0,0,1,-1,1,0,1,1,1,0,0,0,0,0,16,0,0,2,3,3,5,1,0,3,23,28,0,0,0,0,0,0,0,0,7,1,1,0,0,0,0,3,0,1,0,KRBKRNvK,DRAW,8/r7/8/1R6/3K3n/8/5k2/3B4 b - - 0 1
1,1,0,0,0,0,0,1,-1,1,0,1,1,1,0,0,0,0,0,16,0,0,2,4,3,5,5,0,2,29,18,0,0,0,0,0,0,0,0,7,1,1,0,0,0,0,3,2,0,1,KRBKRNvK,DRAW,8/8/5k2/2B3rn/4K3/8/8/R7 w - - 0 1
1,1,0,0,0,0,0,1,-1,1,0,1,1,1,0,0,0,0,0,16,0,0,4,0,2,4,1,4,2,3,0,1,0,0,0,0,0,0,0,7,1,1,0,0,0,0,0,0,0,1,KRBKRNvK,DRAW,2B5/8/5R2/8/7n/K7/4k3/r7 w - - 0 1
0,1,0,0,0,0,0,1,-1,1,0,1,1,1,0,0,0,0,0,16,0,0,6,7,1,2,7,5,4,22,10,0,0,0,0,0,0,0,0,7,1,1,0,0,0,0,0,0,0,0,KRBKRNvK,DRAW,2kn4/8/6r1/8/8/8/7K/4B2R b - - 0 1
1,1,0,0,0,0,0,1,-1,1,0,1,1,1,0,0,0,0,0,16,0,0,5,7,4,2,3,3,1,4,0,1,0,0,0,0,0,0,0,7,1,1,1,0,0,0,0,4,0,0,KRBKRNvK,DRAW,8/3R4/3n3B/1r5K/2k5/8/8/8 w - - 0 1
1,1,0,0,0,0,0,1,-1,1,0,1,1,1,0,0,0,0,0,16,0,0,6,0,0,6,4,6,2,23,20,0,0,0,0,0,0,0,0,7,1,1,0,0,0,0,2,2,0,0,KRBKRNvK,DRAW,1n6/8/8/5rk1/8/3R4/8/K2B4 w - - 0 1
1,1,0,0,0,0,0,1,-1,1,0,1,1,1,0,0,0,0,0,16,0,0,2,5,4,3,6,1,2,25,22,0,0,0,0,0,0,0,0,7,1,1,0,0,0,0,2,2,0,2,KRBKRNvK,DRAW,8/3k3n/4r3/5KB1/8/8/1R6/8 w - - 0 1
0,1,0,0,0,0,0,1,-1,1,0,1,1,1,0,0,0,0,0,16,0,0,3,4,2,7,0,1,6,22,27,0,0,0,0,0,0,0,0,7,1,1,0,0,0,0,2,1,0,1,KRBKRNvK,DRAW,8/8/1r6/5B2/8/2R1K3/5n2/7k b - - 0 1
0,1,0,0,0,0,0,1,-1,1,0,1,1,1,0,0,0,0,0,16,0,0,3,1,3,4,1,2,2,29,31,0,0,0,0,0,0,0,0,7,1,1,1,0,0,0,1,0,0,0,KRBKRNvK,DRAW,8/7R/8/3Bn3/1K6/8/4k3/r7 b - - 0 1
1,1,0,0,0,0,0,1,-1,1,0,1,1,1,0,0,0,0,0,16,0,0,7,7,0,0,6,6,5,3,0,1,0,0,0,0,0,0,0,7,1,1,0,0,0,0,0,2,1,1,KRBKRNvK,DRAW,2R5/k7/4r3/8/8/6n1/8/3B3K w - - 0 1
1,1,0,0,0,0,0,1,-1,1,0,1,1,1,0,0,0,0,0,16,0,0,5,7,7,6,2,6,3,23,18,0,0,0,0,0,0,0,0,7,1,1,0,0,0,0,3,0,0,0,KRBKRNvK,DRAW,n6K/8/8/8/8/5rk1/1B1R4/8 w - - 0 1
0,1,0,0,0,0,0,1,-1,1,0,1,1,1,0,0,0,0,0,16,0,0,4,6,1,2,3,4,1,22,22,0,0,0,0,0,0,0,0,7,1,1,0,1,0,0,0,3,0,0,KRBKRNvK,DRAW,8/8/8/8/2k3B1/8/1r1n2K1/3R4 b - - 0 1
0,1,0,0,0,0,0,1,-1,1,0,1,1,1,0,0,0,0,0,16,0,0,5,7,0,2,5,6,2,7,0,1,0,0,0,0,0,0,0,7,1,1,0,0,0,0,0,1,1,0,KRBKRNvK,DRAW,2R2n2/r7/2k5/6B1/8/8/8/7K b - - 0 1
1,1,0,0,0,0,0,1,-1,1,0,1,1,1,0,0,0,0,0,16,0,0,3,3,0,2,3,3,1,4,0,1,0,0,0,0,0,0,0,7,1,1,0,0,0,0,2,2,0,0,KRBKRNvK,DRAW,8/B2r4/8/8/2k1n3/8/8/3KR3 w - - 0 1
1,1,0,0,0,0,0,1,-1,1,0,1,1,1,0,0,0,0,0,16,0,0,4,3,3,2,7,0,4,34,22,0,0,0,0,0,0,0,0,7,1,1,0,1,0,0,3,0,0,0,KRBKRNvK,DRAW,2k5/8/5R2/8/3KB3/7n/r7/8 w - - 0 1
1,1,0,0,0,0,0,1,-1,1,0,1,1,1,0,0,0,0,0,16,0,0,7,0,1,7,3,5,3,24,15,0,0,0,0,0,0,0,0,7,1,1,0,0,0,0,2,1,0,0,KRBKRNvK,DRAW,8/3B4/8/1R6/7k/8/K4n2/7r w - - 0 1
1,1,0,0,0,0,0,1,-1,1,0,1,1,1,0,0,0,0,0,16,0,0,5,6,1,1,2,4,3,24,22,0,0,0,0,0,0,0,0,7,1,1,0,0,0,0,4,0,0,0,KRBKRNvK,DRAW,1n6/1B6/7r/8/4R3/1k6/6K1/8 w - - 0 1
1,1,0,0,0,0,0,1,-1,1,0,1,1,1,0,0,0,0,0,16,0,0,3,5,4,4,1,1,2,30,25,0,0,0,0,0,0,0,0,7,1,1,0,0,0,0,3,0,0,1,KRBKRNvK,DRAW,8/7r/3B4/1R3K2/8/8/4k3/5n2 w - - 0 1
1,1,0,0,0,0,0,1,-1,1,0,1,1,1,0,0,0,0,0,16,0,0,4,5,6,4,2,3,1,5,0,1,0,0,0,0,0,0,0,7,1,1,0,0,0,0,0,2,0,1,KRBKRNvK,DRAW,3n4/2r2K2/8/7B/8/4k3/8/1R6 w - - 0 1
1,1,0,0,0,0,0,1,-1,1,0,1,1,1,0,0,0,0,0,16,0,0,2,0,0,2,0,6,4,22,18,0,0,0,0,0,0,0,0,7,1,1,1,0,0,0,1,2,0,1,KRBKRNvK,DRAW,8/5R2/6B1/8/2r5/n7/8/K1k5 w - - 0 1
0,1,0,0,0,0,0,1,-1,1,0,1,1,1,0,0,0,0,0,16,0,0,2,1,7,0,5,5,4,19,25,0,0,0,0,0,0,0,0,7,1,1,1,0,0,0,1,0,0,1,KRBKRNvK,WIN,nK6/6R1/k7/8/8/7r/2B5/8 b - - 0 1
1,1,0,0,0,0,0,1,-1,1,0,1,1,1,0,0,0,0,0,16,0,0,6,0,1,1,7,5,5,3,0,1,0,0,0,0,0,0,0,7,1,1,0,0,0,0,0,2,0,1,KRBKRNvK,LOSS,1k6/8/8/8/6B1/2n5/K5R1/6r1 w - - 0 1
1,1,0,0,0,0,0,1,-1,1,0,1,1,1,0,0,0,0,0,16,0,0,6,7,7,1,1,6,4,4,0,1,0,0,0,0,0,0,0,7,1,1,0,0,0,0,1,1,0,0,KRBKRNvK,DRAW,7K/8/5R2/8/8/4B2r/1kn5/8 w - - 0 1
0,1,0,0,0,0,0,1,-1,1,0,1,1,1,0,0,0,0,0,16,0,0,3,2,7,0,4,4,3,24,28,0,0,0,0,0,0,0,0,7,1,1,0,0,0,0,1,1,0,1,KRBKRNvK,DRAW,2K5/5r2/4n3/k3B3/8/8/8/1R6 b - - 0 1
0,1,0,0,0,0,0,1,-1,1,0,1,1,1,0,0,0,0,0,16,0,0,3,0,3,0,0,3,6,2,0,1,0,0,0,0,0,0,0,7,1,1,0,0,0,0,1,0,1,0,KRBKRNvK,DRAW,1r6/8/8/3B4/K7/8/8/k1R1n3 b - - 0 1
0,1,0,0,0,0,0,1,-1,1,0,1,1,1,0,0,0,0,0,16,0,0,2,5,7,5,5,4,2,4,0,1,0,0,0,0,0,0,0,7,1,1,1,0,0,0,0,3,1,0,KRBKRNvK,LOSS,5K2/R3B3/5k2/8/7r/8/8/3n4 b - - 0 1
0,1,0,0,0,0,0,1,-1,1,0,1,1,1,0,0,0,0,0,16,0,0,3,6,7,5,4,5,1,6,0,1,0,0,0,0,0,0,0,7,1,1,0,0,0,0,1,2,0,0,KRBKRNvK,LOSS,6K1/8/8/5k2/8/8/2B5/rR3n2 b - - 0 1
0,1,0,0,0,0,0,1,-1,1,0,1,1,1,0,0,0,0,0,16,0,0,5,1,0,3,5,5,1,25,20,0,0,0,0,0,0,0,0,7,1,1,0,1,0,0,1,2,0,1,KRBKRNvK,DRAW,6B1/3n4/3k4/8/8/1R6/2r5/1K6 b - - 0 1
1,1,0,0,0,0,0,1,-1,1,0,1,1,1,0,0,0,0,0,16,0,0,4,2,1,5,5,3,2,32,24,0,0,0,0,0,0,0,0,7,1,1,1,0,0,0,2,2,1,0,KRBKRNvK,DRAW,r7/3R4/5k2/1n6/8/4B3/2K5/8 w - - 0 1
0,1,0,0,0,0,0,1,-1,1,0,1,1,1,0,0,0,0,0,16,0,0,5,1,5,6,0,3,5,23,25,0,0,0,0,0,0,0,0,7,1,1,1,0,0,0,1,1,0,0,KRBKRNvK,DRAW,8/2R5/1K6/8/8/r5n1/8/1B4k1 b - - 0 1
0,1,0,0,0,0,0,1,-1,1,0,1,1,1,0,0,0,0,0,16,0,0,3,5,6,6,3,3,2,18,13,0,0,0,0,0,0,0,0,7,1,1,0,0,0,0,0,1,0,1,KRBKRNvK,DRAW,2B2R2/5K2/1r2n3/8/6k1/8/8/8 b - - 0 1
1,1,0,0,0,0,0,1,-1,1,0,1,1,1,0,0,0,0,0,16,0,0,4,2,0,6,4,4,2,4,0,1,0,0,0,0,0,0,0,7,1,1,0,0,0,0,1,1,1,1,KRBKRNvK,DRAW,r7/8/4B3/6k1/8/3n4/R7/2K5 w - - 0 1
1,1,0,0,0,0,0,1,-1,1,0,1,1,1,0,0,0,0,0,16,0,0,7,5,0,6,7,4,5,4,0,1,0,0,0,0,0,0,0,7,1,1,0,0,0,0,4,0,0,0,KRBKRNvK,DRAW,6k1/n7/2B5/8/4R3/8/8/1r3K2 w - - 0 1
0,1,0,0,0,0,0,1,-1,1,0,1,1,1,0,0,0,0,0,16,0,0,2,1,6,3,4,4,0,19,27,0,0,0,0,0,0,0,0,7,1,1,0,0,0,0,1,4,0,0,KRBKRNvK,DRAW,8/1K6/7n/3kr3/8/8/2B3R1/8 b - - 0 1
0,1,0,0,0,0,0,1,-1,1,0,1,1,1,0,0,0,0,0,16,0,0,2,0,5,2,3,4,1,15,27,0,0,0,0,0,0,0,0,7,1,1,0,1,0,0,3,3,1,0,KRBKRNvK,DRAW,8/6B1/K7/8/2k5/4R3/2r2n2/8 b - - 0 1
0,1,0,0,0,0,0,1,-1,1,0,1,1,1,0,0,0,0,0,16,0,0,5,2,1,2,6,3,3,23,24,0,0,0,0,0,0,0,0,7,1,1,0,0,0,0,2,0,1,0,KRBKRNvK,DRAW,3n4/2k5/7r/3R4/8/8/2K5/3B4 b - - 0 1
0,1,0,0,0,0,0,1,-1,1,0,1,1,1,0,0,0,0,0,16,0,0,3,6,1,3,1,4,2,5,0,1,0,0,0,0,0,0,0,7,1,1,0,0,0,0,2,2,1,0,KRBKRNvK,DRAW,8/8/3R4/8/8/2n5/3k2K1/3r1B2 b - - 0 1
0,1,0,0,0,0,0,1,-1,1,0,1,1,1,0,0,0,0,0,16,0,0,3,0,4,0,7,3,6,2,0,1,0,0,0,0,0,0,0,7,1,1,0,0,0,0,2,1,0,0,KRBKRNvK,DRAW,k2R1B2/8/8/K4n2/8/6r1/8/8 b - - 0 1
0,1,0,0,0,0,0,1,-1,1,0,1,1,1,0,0,0,0,0,16,0,0,6,0,7,6,1,6,4,16,20,0,0,0,0,0,0,0,0,7,1,1,0,0,0,0,1,1,0,0,KRBKRNvK,DRAW,K7/2B5/8/6nR/8/8/6k1/6r1 b - - 0 1
1,1,0,0,0,0,0,1,-1,1,0,1,1,1,0,0,0,0,0,16,0,0,2,1,5,2,7,3,4,5,0,1,0,0,0,0,0,0,0,7,1,1,1,1,0,0,1,0,0,1,KRBKRNvK,DRAW,2k5/6R1/1K6/8/3n4/3B4/1r6/8 w - - 0 1
0,1,0,0,0,0,0,1,-1,1,0,1,1,1,0,0,0,0,0,16,0,0,2,1,5,2,7,3,4,1,0,1,0,0,0,0,0,0,0,7,1,1,0,0,0,0,2,3,1,0,KRBKRNvK,DRAW,2k1R3/7B/1K6/7r/8/8/5n2/8 b - - 0 1
1,1,0,0,0,0,0,1,-1,1,0,1,1,1,0,0,0,0,0,16,0,0,7,0,0,6,7,6,5,27,21,0,0,0,0,0,0,0,0,7,1,1,0,0,0,0,1,0,0,0,KRBKRNvK,DRAW,6k1/8/2r5/4B3/8/8/R7/K4n2 w - - 0 1
1,1,0,0,0,0,0,1,-1,1,0,1,1,1,0,0,0,0,0,16,0,0,6,1,3,7,2,2,4,30,17,0,0,0,0,0,0,0,0,7,1,1,0,0,0,0,1,0,0,0,KRBKRNvK,DRAW,6R1/8/8/8/1K6/4B2k/8/r4n2 w - - 0 1
0,1,0,0,0,0,0,1,-1,1,0,1,1,1,0,0,0,0,0,16,0,0,6,2,6,5,0,3,4,4,0,1,0,0,0,0,0,0,0,7,1,1,1,0,0,0,1,3,1,1,KRBKRNvK,DRAW,8/R1K5/3n4/6r1/8/3B4/8/5k2 b - - 0 1
0,1,0,0,0,0,0,1,-1,1,0,1,1,1,0,0,0,0,0,16,0,0,6,6,7,1,1,5,4,25,25,0,0,0,0,0,0,0,0,7,1,1,0,0,0,0,1,3,0,1,KRBKRNvK,DRAW,6K1/8/6n1/2B5/3r4/7R/1k6/8 b - - 0 1
0,1,0,0,0,0,0,1,-1,1,0,1,1,1,0,0,0,0,0,16,0,0,4,6,0,6,4,5,2,24,25,0,0,0,0,0,0,0,0,7,1,1,0,0,0,0,2,3,1,0,KRBKRNvK,DRAW,7B/8/3n4/r5k1/8/7R/8/6K1 b - - 0 1
0,1,0,0,0,0,0,1,-1,1,0,1,1,1,0,0,0,0,0,16,0,0,2,5,7,7,7,4,6,2,0,1,0,0,0,0,0,0,0,7,1,1,0,0,0,0,3,2,0,0,KRBKRNvK,LOSS,5K1k/8/8/8/1R6/2B5/8/4r2n b - - 0 1
0,1,0,0,0,0,0,1,-1,1,0,1,1,1,0,0,0,0,0,16,0,0,3,0,4,3,1,3,2,22,24,0,0,0,0,0,0,0,0,7,1,1,0,0,0,0,0,0,0,1,KRBKRNvK,DRAW,1R6/n6r/8/K7/B7/8/3k4/8 b - - 0 1
1,1,0,0,0,0,0,1,-1,1,0,1,1,1,0,0,0,0,0,16,0,0,2,5,4,6,2,1,3,4,0,1,0,0,0,0,0,0,0,7,1,1,0,0,0,0,3,2,1,1,KRBKRNvK,LOSS,8/8/8/3r1K2/B4R2/6k1/6n1/8 w - - 0 1
0,1,0,0,0,0,0,1,-1,1,0,1,1,1,0,0,0,0,0,16,0,0,3,5,0,7,3,4,3,5,0,1,0,0,0,0,0,0,0,7,1,1,0,0,0,0,2,1,1,1,KRBKRNvK,LOSS,8/8/4n3/5B2/2R4k/7r/8/5K2 b - - 0 1
1,1,0,0,0,0,0,1,-1,1,0,1,1,1,0,0,0,0,0,16,0,0,2,2,0,0,0,4,6,17,15,0,0,0,0,0,0,0,0,7,1,1,0,0,0,0,2,0,0,0,KRBKRNvK,WIN,8/2r5/8/n1B5/4R3/8/8/k1K5 w - - 0 1
0,1,0,0,0,0,0,1,-1,1,0,1,1,1,0,0,0,0,0,16,0,0,5,5,0,5,5,4,2,22,22,0,0,0,0,0,0,0,0,7,1,1,1,1,0,0,1,1,1,1,KRBKRNvK,DRAW,8/1R3B2/5k2/8/n7/8/6r1/5K2 b - - 0 1
1,1,0,0,0,0,0,1,-1,1,0,1,1,1,0,0,0,0,0,16,0,0,3,3,1,0,2,2,4,6,0,1,0,0,0,0,0,0,0,7,1,1,0,1,0,0,0,1,1,1,KRBKRNvK,DRAW,8/8/7B/8/5n2/k7/r2K4/1R6 w - - 0 1
0,1,0,0,0,0,0,1,-1,1,0,1,1,1,0,0,0,0,0,16,0,0,2,4,3,6,4,0,2,4,0,1,0,0,0,0,0,0,0,7,1,1,0,0,0,0,3,2,1,1,KRBKRNvK,DRAW,8/8/1r6/5Rk1/4K3/5n2/8/3B4 b - - 0 1
0,1,0,0,0,0,0,1,-1,1,0,1,1,1,0,0,0,0,0,16,0,0,3,0,5,2,2,4,2,24,18,0,0,0,0,0,0,0,0,7,1,1,1,0,0,0,0,1,1,0,KRBKRNvK,DRAW,7r/R5n1/K7/1B6/8/2k5/8/8 b - - 0 1
0,1,0,0,0,0,0,1,-1,1,0,1,1,1,0,0,0,0,0,16,0,0,4,6,5,7,1,3,5,27,26,0,0,0,0,0,0,0,0,7,1,1,0,0,0,0,2,2,0,0,KRBKRNvK,DRAW,4RB2/8/2n3K1/8/8/r7/7k/8 b - - 0 1
0,1,0,0,0,0,0,1,-1,1,0,1,1,1,0,0,0,0,0,16,0,0,5,1,7,6,5,5,3,5,0,1,0,0,0,0,0,0,0,7,1,1,0,1,0,0,3,2,2,1,KRBKRNvK,DRAW,1K5B/8/1n4k1/8/6R1/8/3r4/8 b - - 0 1
0,1,0,0,0,0,0,1,-1,1,0,1,1,1,0,0,0,0,0,16,0,0,6,1,1,4,7,4,3,21,25,0,0,0,0,0,0,0,0,7,1,1,0,0,0,0,1,2,0,0,KRBKRNvK,DRAW,4k3/8/8/8/8/6B1/1KR4n/4r3 b - - 0 1
1,1,0,0,0,0,0,1,-1,1,0,1,1,1,0,0,0,0,0,16,0,0,6,5,6,1,0,3,5,27,20,0,0,0,0,0,0,0,0,7,1,1,0,0,0,0,0,0,0,0,KRBKRNvK,DRAW,8/5K2/B1R5/8/7n/1r6/8/1k6 w - - 0 1
1,1,0,0,0,0,0,1,-1,1,0,1,1,1,0,0,0,0,0,16,0,0,2,0,1,2,0,5,4,26,22,0,0,0,0,0,0,0,0,7,1,1,0,0,0,0,1,2,0,0,KRBKRNvK,DRAW,8/4n3/1R6/5r2/8/6B1/K7/2k5 w - - 0 1
0,1,0,0,0,0,0,1,-1,1,0,1,1,1,0,0,0,0,0,16,0,0,2,5,3,7,3,1,3,2,0,1,0,0,0,0,0,0,0,7,1,1,0,0,0,0,2,1,1,0,KRBKRNvK,LOSS,8/8/8/2n5/5K1k/R5B1/8/r7 b - - 0 1
1,1,0,0,0,0,0,1,-1,1,0,1,1,1,0,0,0,0,0,16,0,0,3,4,6,6,3,2,2,29,21,0,0,0,0,0,0,0,0,7,1,1,0,0,0,0,1,3,1,0,KRBKRNvK,DRAW,8/4K3/8/7r/6k1/R7/5n1B/8 w - - 0 1
0,1,0,0,0,0,0,1,-1,1,0,1,1,1,0,0,0,0,0,16,0,0,4,3,4,7,3,0,3,21,33,0,0,0,0,0,0,0,0,7,1,1,0,0,0,0,3,0,1,0,KRBKRNvK,DRAW,8/r7/8/3K1B2/7k/7n/8/2R5 b - - 0 1
0,1,0,0,0,0,0,1,-1,1,0,1,1,1,0,0,0,0,0,16,0,0,5,5,0,6,5,4,3,5,0,1,0,0,0,0,0,0,0,7,1,1,0,0,0,0,2,2,1,0,KRBKRNvK,DRAW,1n5B/8/4r1k1/8/8/8/8/5KR1 b - - 0 1
0,1,0,0,0,0,0,1,-1,1,0,1,1,1,0,0,0,0,0,16,0,0,6,2,1,1,7,3,5,21,28,0,0,0,0,0,0,0,0,7,1,1,0,0,0,0,2,0,0,0,KRBKRNvK,DRAW,1k6/8/1r6/7n/6B1/4R3/2K5/8 b - - 0 1
0,1,0,0,0,0,0,1,-1,1,0,1,1,1,0,0,0,0,0,16,0,0,2,2,3,4,4,1,0,5,0,1,0,0,0,0,0,0,0,7,1,1,0,0,0,0,3,4,1,0,KRBKRNvK,LOSS,8/7n/8/2R1k2r/2K5/8/8/5B2 b - - 0 1
0,1,0,0,0,0,0,1,-1,1,0,1,1,1,0,0,0,0,0,16,0,0,3,4,6,6,3,2,2,26,24,0,0,0,0,0,0,0,0,7,1,1,0,0,0,0,3,1,0,0,KRBKRNvK,DRAW,1B6/4K3/7r/8/6k1/8/2nR4/8 b - - 0 1
1,1,0,0,0,0,0,1,-1,1,0,1,1,1,0,0,0,0,0,16,0,0,4,2,5,6,7,2,5,7,0,1,0,0,0,0,0,0,0,7,1,1,0,0,0,0,3,0,0,1,KRBKRNvK,DRAW,1B4k1/8/2K5/8/3n4/7r/8/4R3 w - - 0 1
0,1,0,0,0,0,0,1,-1,1,0,1,1,1,0,0,0,0,0,16,0,0,7,7,4,0,0,3,6,14,25,0,0,0,0,0,0,0,0,7,1,1,0,0,0,0,0,0,0,0,KRBKRNvK,DRAW,1R6/8/8/7K/8/8/3B4/k3n1r1 b - - 0 1
0,1,0,0,0,0,0,1,-1,1,0,1,1,1,0,0,0,0,0,16,0,0,3,0,1,3,3,5,0,17,25,0,0,0,0,0,0,0,0,7,1,1,0,0,0,0,0,4,1,0,KRBKRNvK,DRAW,8/8/3r4/1B6/3k4/R7/K6n/8 b - - 0 1
1,1,0,0,0,0,0,1,-1,1,0,1,1,1,0,0,0,0,0,16,0,0,4,7,4,3,0,3,3,7,0,1,0,0,0,0,0,0,0,7,1,1,0,0,0,0,3,2,0,0,KRBKRNvK,DRAW,8/8/4RB2/3r3K/8/8/8/3k1n2 w - - 0 1
1,1,0,0,0,0,0,1,-1,1,0,1,1,1,0,0,0,0,0,16,0,0,3,6,3,5,6,2,3,25,18,0,0,0,0,0,0,0,0,7,1,1,0,0,0,0,1,2,0,0,KRBKRNvK,DRAW,8/5k2/2R5/2Br4/6K1/8/n7/8 w - - 0 1
0,1,0,0,0,0,0,1,-1,1,0,1,1,1,0,0,0,0,0,16,0,0,6,6,3,0,3,2,3,5,0,1,0,0,0,0,0,0,0,7,1,1,0,0,0,0,2,1,1,1,KRBKRNvK,DRAW,8/8/1r6/6n1/k1R3K1/3B4/8/8 b - - 0 1
0,1,0,0,0,0,0,1,-1,1,0,1,1,1,0,0,0,0,0,16,0,0,3,2,5,5,6,2,3,4,0,1,0,0,0,0,0,0,0,7,1,1,1,0,0,0,1,1,1,1,KRBKRNvK,DRAW,8/5k1R/2K5/8/1rB5/8/5n2/8 b - - 0 1
1,1,0,0,0,0,0,1,-1,1,0,1,1,1,0,0,0,0,0,16,0,0,6,1,7,7,5,5,4,4,0,1,0,0,0,0,0,0,0,7,1,1,1,0,0,0,0,3,2,0,KRBKRNvK,DRAW,1K2r3/5R2/7k/8/7B/5n2/8/8 w - - 0 1
0,1,0,0,0,0,0,1,-1,1,0,1,1,1,0,0,0,0,0,16,0,0,2,3,5,5,5,1,2,21,14,0,0,0,0,0,0,0,0,7,1,1,0,0,0,0,2,1,0,0,KRBKRNvK,DRAW,n7/8/2RK1k2/8/8/1r6/B7/8 b - - 0 1
1,1,0,0,0,0,0,1,-1,1,0,1,1,1,0,0,0,0,0,16,0,0,2,5,1,4,3,3,0,29,20,0,0,0,0,0,0,0,0,7,1,1,0,0,0,0,0,4,1,0,KRBKRNvK,DRAW,8/8/3n4/8/2r1k1B1/R7/5K2/8 w - - 0 1
1,1,0,0,0,0,0,1,-1,1,0,1,1,1,0,0,0,0,0,16,0,0,5,5,6,0,4,3,3,26,23,0,0,0,0,0,0,0,0,7,1,1,0,0,0,0,2,0,0,1,KRBKRNvK,DRAW,B7/5K2/7r/k7/8/n7/8/2R5 w - - 0 1
0,1,0,0,0,0,0,1,-1,1,0,1,1,1,0,0,0,0,0,16,0,0,4,1,2,3,6,3,2,4,0,1,0,0,0,0,0,0,0,7,1,1,0,0,0,0,3,0,1,0,KRBKRNvK,DRAW,7r/1B1k4/7n/8/8/1K1R4/8/8 b - - 0 1
0,1,0,0,0,0,0,1,-1,1,0,1,1,1,0,0,0,0,0,16,0,0,4,5,3,1,1,1,4,4,0,1,0,0,0,0,0,0,0,7,1,1,0,0,0,0,3,0,2,0,KRBKRNvK,DRAW,8/8/2r5/8/1R3K2/8/1k1B4/n7 b - - 0 1
1,1,0,0,0,0,0,1,-1,1,0,1,1,1,0,0,0,0,0,16,0,0,4,3,3,7,3,0,3,21,18,0,0,0,0,0,0,0,0,7,1,1,0,0,0,0,4,3,0,0,KRBKRNvK,DRAW,7B/8/8/7r/3K3k/6n1/2R5/8 w - - 0 1
0,1,0,0,0,0,0,1,-1,1,0,1,1,1,0,0,0,0,0,16,0,0,2,4,3,6,4,0,2,6,0,1,0,0,0,0,0,0,0,7,1,1,0,0,0,0,4,2,1,0,KRBKRNvK,DRAW,8/4n3/8/4R1k1/4K3/B7/8/3r4 b - - 0 1
0,1,0,0,0,0,0,1,-1,1,0,1,1,1,0,0,0,0,0,16,0,0,2,5,5,3,5,2,1,4,0,1,0,0,0,0,0,0,0,7,1,1,0,0,0,0,3,3,2,1,KRBKRNvK,DRAW,1B6/8/3k1K2/8/3r1R2/8/8/6n1 b - - 0 1
0,1,0,0,0,0,0,1,-1,1,0,1,1,1,0,0,0,0,0,16,0,0,2,3,3,2,5,0,2,27,23,0,0,0,0,0,0,0,0,7,1,1,0,0,0,0,3,3,1,2,KRBKRNvK,DRAW,8/8/2k5/5r2/2BK4/R1n5/8/8 b - - 0 1
1,1,0,0,0,0,0,1,-1,1,0,1,1,1,0,0,0,0,0,16,0,0,5,5,6,0,3,3,3,27,20,0,0,0,0,0,0,0,0,7,1,1,0,0,0,0,0,2,0,0,KRBKRNvK,DRAW,8/5K2/8/8/k1r5/8/2nB3R/8 w - - 0 1
1,1,0,0,0,0,0,1,-1,1,0,1,1,1,0,0,0,0,0,16,0,0,4,4,6,7,2,2,4,28,13,0,0,0,0,0,0,0,0,7,1,1,0,0,0,0,1,0,0,0,KRBKRNvK,DRAW,8/n3K3/8/8/r1B5/7k/2R5/8 w - - 0 1
0,1,0,0,0,0,0,1,-1,1,0,1,1,1,0,0,0,0,0,16,0,0,6,5,1,5,7,3,4,21,22,0,0,0,0,0,0,0,0,7,1,1,0,0,0,0,2,2,0,1,KRBKRNvK,DRAW,5k2/8/8/4R2n/8/3r4/4BK2/8 b - - 0 1
0,1,0,0,0,0,0,1,-1,1,0,1,1,1,0,0,0,0,0,16,0,0,4,6,7,3,3,5,0,4,0,1,0,0,0,0,0,0,0,7,1,1,1,0,0,0,3,4,0,0,KRBKRNvK,LOSS,6KB/3R4/8/1n6/3k4/8/8/3r4 b - - 0 1
1,1,0,0,0,0,0,1,-1,1,0,1,1,1,0,0,0,0,0,16,0,0,3,3,2,6,1,1,4,20,23,0,0,0,0,0,0,0,0,7,1,1,0,1,0,0,3,1,1,1,KRBKRNvK,DRAW,4B3/8/8/8/6n1/3KR3/1r4k1/8 w - - 0 1
0,1,0,0,0,0,0,1,-1,1,0,1,1,1,0,0,0,0,0,16,0,0,7,7,2,0,1,4,5,20,27,0,0,0,0,0,0,0,0,7,1,1,0,0,0,0,0,2,1,0,KRBKRNvK,DRAW,8/4r3/8/8/nB6/7K/k7/5R2 b - - 0 1
1,1,0,0,0,0,0,1,-1,1,0,1,1,1,0,0,0,0,0,16,0,0,3,3,2,6,5,1,3,4,0,1,0,0,0,0,0,0,0,7,1,1,0,0,0,0,3,3,1,2,KRBKRNvK,DRAW,7B/8/6k1/8/1n3r2/3K4/8/3R4 w - - 0 1
0,1,0,0,0,0,0,1,-1,1,0,1,1,1,0,0,0,0,0,16,0,0,6,0,1,5,7,5,4,7,0,1,0,0,0,0,0,0,0,7,1,1,0,0,0,0,2,2,0,0,KRBKRNvK,DRAW,B4k2/8/4r2n/8/8/8/K4R2/8 b - - 0 1
0,1,0,0,0,0,0,1,-1,1,0,1,1,1,0,0,0,0,0,16,0,0,2,2,1,4,1,3,2,23,29,0,0,0,0,0,0,0,0,7,1,1,0,0,0,0,2,0,0,0,KRBKRNvK,DRAW,2n5/8/8/4B3/7R/6r1/2K1k3/8 b - - 0 1
1,1,0,0,0,0,0,1,-1,1,0,1,1,1,0,0,0,0,0,16,0,0,2,5,3,7,3,1,3,20,24,0,0,0,0,0,0,0,0,7,1,1,0,0,0,0,2,2,0,1,KRBKRNvK,WIN,4R3/8/2n5/8/5K1k/6r1/8/2B5 w - - 0 1
0,1,0,0,0,0,0,1,-1,1,0,1,1,1,0,0,0,0,0,16,0,0,6,1,1,5,7,4,4,25,23,0,0,0,0,0,0,0,0,7,1,1,0,0,0,0,2,0,1,1,KRBKRNvK,DRAW,5k2/8/5B2/8/3n4/7r/1K6/5R2 b - - 0 1
0,1,0,0,0,0,0,1,-1,1,0,1,1,1,0,0,0,0,0,16,0,0,4,0,3,4,2,3,1,24,22,0,0,0,0,0,0,0,0,7,1,1,0,0,0,0,3,2,1,1,KRBKRNvK,DRAW,8/7r/8/R3B3/K7/n3k3/8/8 b - - 0 1
0,1,0,0,0,0,0,1,-1,1,0,1,1,1,0,0,0,0,0,16,0,0,3,3,7,6,5,3,3,23,25,0,0,0,0,0,0,0,0,7,1,1,0,0,0,0,1,1,0,1,KRBKRNvK,DRAW,3K4/8/1r4k1/8/8/5R2/5n1B/8 b - - 0 1
0,1,0,0,0,0,0,1,-1,1,0,1,1,1,0,0,0,0,0,16,0,0,2,7,0,5,0,6,4,23,20,0,0,0,0,0,0,0,0,7,1,1,0,0,0,0,3,3,2,0,KRBKRNvK,DRAW,8/8/8/1r6/8/2nR1B2/8/5k1K b - - 0 1
0,1,0,0,0,0,0,1,-1,1,0,1,1,1,0,0,0,0,0,16,0,0,5,6,7,5,2,5,2,18,24,0,0,0,0,0,0,0,0,7,1,1,0,0,0,0,0,2,1,0,KRBKRNvK,DRAW,1R4K1/8/8/8/6nr/5k2/3B4/8 b - - 0 1
0,1,0,0,0,0,0,1,-1,1,0,1,1,1,0,0,0,0,0,16,0,0,3,2,2,1,5,2,3,21,27,0,0,0,0,0,0,0,0,7,1,1,0,1,0,0,2,2,0,1,KRBKRNvK,DRAW,8/8/1k6/8/8/1BK5/4r3/R6n b - - 0 1
1,1,0,0,0,0,0,1,-1,1,0,1,1,1,0,0,0,0,0,16,0,0,3,7,0,4,0,6,3,2,0,1,0,0,0,0,0,0,0,7,1,1,0,0,0,0,0,2,0,0,KRBKRNvK,DRAW,2R1B3/8/8/8/7r/8/3n4/4k2K w - - 0 1
0,1,0,0,0,0,0,1,-1,1,0,1,1,1,0,0,0,0,0,16,0,0,2,7,4,6,6,3,4,4,0,1,0,0,0,0,0,0,0,7,1,1,1,0,0,0,2,0,1,0,KRBKRNvK,DRAW,3r4/4R1k1/3B4/n6K/8/8/8/8 b - - 0 1
1,1,0,0,0,0,0,1,-1,1,0,1,1,1,0,0,0,0,0,16,0,0,3,3,1,4,4,2,0,20,24,0,0,0,0,0,0,0,0,7,1,1,0,0,0,0,0,3,1,0,KRBKRNvK,DRAW,8/8/8/4k1B1/8/7r/1R1K2n1/8 w - - 0 1
1,1,0,0,0,0,0,1,-1,1,0,1,1,1,0,0,0,0,0,16,0,0,7,0,2,7,2,4,4,30,22,0,0,0,0,0,0,0,0,7,1,1,0,0,0,0,2,2,1,0,KRBKRNvK,DRAW,4r3/8/3n1B2/8/8/K6k/6R1/8 w - - 0 1
0,1,0,0,0,0,0,1,-1,1,0,1,1,1,0,0,0,0,0,16,0,0,4,2,2,0,6,2,5,19,26,0,0,0,0,0,0,0,0,7,1,1,0,0,0,0,1,0,0,0,KRBKRNvK,DRAW,8/kr6/8/8/7B/2K5/6R1/7n b - - 0 1
0,1,0,0,0,0,0,1,-1,1,0,1,1,1,0,0,0,0,0,16,0,0,4,1,0,5,3,5,1,11,16,0,0,0,0,0,0,0,0,7,1,1,0,0,0,0,0,4,0,0,KRBKRNvK,LOSS,1B6/7n/1R1r4/8/5k2/8/8/1K6 b - - 0 1
0,1,0,0,0,0,0,1,-1,1,0,1,1,1,0,0,0,0,0,16,0,0,5,1,6,5,1,4,3,18,24,0,0,0,0,0,0,0,0,7,1,1,0,1,0,0,1,1,0,0,KRBKRNvK,DRAW,8/1KB5/8/8/1n6/1R6/5kr1/8 b - - 0 1
0,1,0,0,0,0,0,1,-1,1,0,1,1,1,0,0,0,0,0,16,0,0,2,5,4,3,5,1,1,22,28,0,0,0,0,0,0,0,0,7,1,1,0,0,0,0,3,2,0,1,KRBKRNvK,DRAW,8/n6r/3k4/5K2/R7/8/4B3/8 b - - 0 1
1,1,0,0,0,0,0,1,-1,1,0,1,1,1,0,0,0,0,0,16,0,0,6,6,3,0,7,2,6,23,14,0,0,0,0,0,0,0,0,7,1,1,0,0,0,0,2,0,0,0,KRBKRNvK,DRAW,k3B2r/8/8/8/2R3K1/8/8/7n w - - 0 1
0,1,0,0,0,0,0,1,-1,1,0,1,1,1,0,0,0,0,0,16,0,0,3,6,5,5,2,3,2,4,0,1,0,0,0,0,0,0,0,7,1,1,0,0,0,0,1,1,2,0,KRBKRNvK,DRAW,3n4/1r6/6K1/3B4/8/5k2/7R/8 b - - 0 1
1,1,0,0,0,0,0,1,-1,1,0,1,1,1,0,0,0,0,0,16,0,0,5,5,5,0,3,2,3,5,0,1,0,0,0,0,0,0,0,7,1,1,0,0,0,0,1,2,0,1,KRBKRNvK,DRAW,2n2R2/8/5K2/8/k4r2/8/8/4B3 w - - 0 1
0,1,0,0,0,0,0,1,-1,1,0,1,1,1,0,0,0,0,0,16,0,0,2,6,7,7,5,5,4,23,22,0,0,0,0,0,0,0,0,7,1,1,1,1,0,0,2,1,1,0,KRBKRNvK,DRAW,6K1/6R1/3n3k/8/8/8/r7/7B b - - 0 1
1,1,0,0,0,0,0,1,-1,1,0,1,1,1,0,0,0,0,0,16,0,0,2,0,2,2,1,4,3,26,20,0,0,0,0,0,0,0,0,7,1,1,0,1,0,0,3,3,0,0,KRBKRNvK,DRAW,8/8/3n4/7R/8/K7/2kr2B1/8 w - - 0 1
0,1,0,0,0,0,0,1,-1,1,0,1,1,1,0,0,0,0,0,16,0,0,6,0,0,0,6,6,5,5,0,1,0,0,0,0,0,0,0,7,1,1,1,0,0,0,0,0,0,1,KRBKRNvK,DRAW,8/k4R2/8/8/B7/1r6/7n/K7 b - - 0 1
0,1,0,0,0,0,0,1,-1,1,0,1,1,1,0,0,0,0,0,16,0,0,6,4,0,5,6,3,3,22,20,0,0,0,0,0,0,0,0,7,1,1,0,0,0,0,1,0,0,0,KRBKRNvK,DRAW,8/2r2k2/8/8/4B3/7n/8/4K2R b - - 0 1
0,1,0,0,0,0,0,1,-1,1,0,1,1,1,0,0,0,0,0,16,0,0,2,5,3,4,1,1,2,20,26,0,0,0,0,0,0,0,0,7,1,1,0,1,0,0,3,2,1,1,KRBKRNvK,DRAW,8/8/8/1n6/4BK1R/8/3rk3/8 b - - 0 1
0,1,0,0,0,0,0,1,-1,1,0,1,1,1,0,0,0,0,0,16,0,0,2,2,4,0,6,1,5,17,26,0,0,0,0,0,0,0,0,7,1,1,0,0,0,0,2,0,0,0,KRBKRNvK,DRAW,4nr2/k7/8/2K5/8/8/B2R4/8 b - - 0 1
1,1,0,0,0,0,0,1,-1,1,0,1,1,1,0,0,0,0,0,16,0,0,6,0,1,3,7,5,3,27,24,0,0,0,0,0,0,0,0,7,1,1,0,0,0,0,3,1,0,0,KRBKRNvK,DRAW,3k4/3n4/2r5/7R/8/8/KB6/8 w - - 0 1
1,1,0,0,0,0,0,1,-1,1,0,1,1,1,0,0,0,0,0,16,0,0,7,7,1,0,7,5,6,22,20,0,0,0,0,0,0,0,0,7,1,1,0,0,0,0,2,1,1,0,KRBKRNvK,DRAW,k7/8/B7/8/7R/2r5/2n4K/8 w - - 0 1
0,1,0,0,0,0,0,1,-1,1,0,1,1,1,0,0,0,0,0,16,0,0,7,0,3,7,2,3,4,4,0,1,0,0,0,0,0,0,0,7,1,1,0,0,0,0,0,0,0,1,KRBKRNvK,LOSS,2B5/8/1R6/8/K7/1r5k/8/1n6 b - - 0 1
1,1,0,0,0,0,0,1,-1,1,0,1,1,1,0,0,0,0,0,16,0,0,7,6,0,4,7,5,3,18,17,0,0,0,0,0,0,0,0,7,1,1,0,0,0,0,2,1,0,0,KRBKRNvK,DRAW,4k3/8/8/1n6/6R1/8/8/1r1B2K1 w - - 0 1
0,1,0,0,0,0,0,1,-1,1,0,1,1,1,0,0,0,0,0,16,0,0,6,1,1,3,7,4,3,23,27,0,0,0,0,0,0,0,0,7,1,1,1,0,0,0,0,2,0,1,KRBKRNvK,DRAW,3k4/R7/5n2/1B6/8/2r5/1K6/8 b - - 0 1
0,1,0,0,0,0,0,1,-1,1,0,1,1,1,0,0,0,0,0,16,0,0,3,4,5,1,7,1,5,3,0,1,0,0,0,0,0,0,0,7,1,1,0,0,0,0,2,3,0,2,KRBKRNvK,LOSS,1k6/8/4Kn2/5r2/8/6B1/8/1R6 b - - 0 1
0,1,0,0,0,0,0,1,-1,1,0,1,1,1,0,0,0,0,0,16,0,0,5,0,1,5,2,5,2,22,26,0,0,0,0,0,0,0,0,7,1,1,0,0,0,0,3,3,0,0,KRBKRNvK,DRAW,8/3r4/4B3/8/2R4n/5k2/K7/8 b - - 0 1
1,1,0,0,0,0,0,1,-1,1,0,1,1,1,0,0,0,0,0,16,0,0,2,3,2,5,0,1,4,26,12,0,0,0,0,0,0,0,0,7,1,1,1,0,0,0,3,0,1,1,KRBKRNvK,DRAW,8/2R5/8/3n4/8/3K2B1/8/5kr1 w - - 0 1
1,1,0,0,0,0,0,1,-1,1,0,1,1,1,0,0,0,0,0,16,0,0,4,4,4,0,0,0,6,4,0,1,0,0,0,0,0,0,0,7,1,1,0,0,0,0,4,1,0,1,KRBKRNvK,DRAW,7B/8/4R3/4K3/6n1/8/8/k4r2 w - - 0 1
1,1,0,0,0,0,0,1,-1,1,0,1,1,1,0,0,0,0,0,16,0,0,6,6,0,2,6,5,3,4,0,1,0,0,0,0,0,0,0,7,1,1,0,0,0,0,0,1,0,0,KRBKRNvK,DRAW,7R/2k5/6r1/2n5/1B6/8/8/6K1 w - - 0 1
0,1,0,0,0,0,0,1,-1,1,0,1,1,1,0,0,0,0,0,16,0,0,2,4,6,4,4,2,0,25,25,0,0,0,0,0,0,0,0,7,1,1,0,0,0,0,0,3,1,2,KRBKRNvK,DRAW,3r4/2n1K3/8/4k3/8/6R1/4B3/8 b - - 0 1
1,1,0,0,0,0,0,1,-1,1,0,1,1,1,0,0,0,0,0,16,0,0,5,1,1,6,6,4,4,25,27,0,0,0,0,0,0,0,0,7,1,1,0,0,0,0,0,1,0,0,KRBKRNvK,DRAW,8/2n3k1/8/8/7B/R7/1K6/5r2 w - - 0 1
0,1,0,0,0,0,0,1,-1,1,0,1,1,1,0,0,0,0,0,16,0,0,4,3,1,7,5,2,4,24,29,0,0,0,0,0,0,0,0,7,1,1,0,0,0,0,0,3,0,0,KRBKRNvK,DRAW,2B5/8/2n4k/8/7r/8/3K4/5R2 b - - 0 1
0,1,0,0,0,0,0,1,-1,1,0,1,1,1,0,0,0,0,0,16,0,0,7,7,0,0,5,6,4,21,23,0,0,0,0,0,0,0,0,7,1,1,1,0,0,0,3,2,0,0,KRBKRNvK,DRAW,8/3R2n1/k7/4r3/8/8/6B1/7K b - - 0 1
1,1,0,0,0,0,0,1,-1,1,0,1,1,1,0,0,0,0,0,16,0,0,6,1,7,6,1,5,4,22,23,0,0,0,0,0,0,0,0,7,1,1,0,0,0,0,2,2,2,0,KRBKRNvK,DRAW,1K6/8/8/2n1r3/5R2/6B1/6k1/8 w - - 0 1
1,1,0,0,0,0,0,1,-1,1,0,1,1,1,0,0,0,0,0,16,0,0,3,1,2,4,3,3,0,8,0,1,0,0,0,0,0,0,0,7,1,1,0,0,0,0,2,3,1,0,KRBKRNvK,LOSS,8/1r2B3/n7/5R2/4k3/1K6/8/8 w - - 0 1
0,1,0,0,0,0,0,1,-1,1,0,1,1,1,0,0,0,0,0,16,0,0,5,5,5,6,0,2,5,24,31,0,0,0,0,0,0,0,0,7,1,1,0,0,0,0,2,2,0,0,KRBKRNvK,DRAW,8/8/5K2/4B3/1r6/R7/3n4/6k1 b - - 0 1
0,1,0,0,0,0,0,1,-1,1,0,1,1,1,0,0,0,0,0,16,0,0,7,0,6,7,0,5,6,20,27,0,0,0,0,0,0,0,0,7,1,1,1,1,0,0,1,2,0,0,KRBKRNvK,DRAW,8/K1R4n/6B1/8/8/8/4r3/7k b - - 0 1
0,1,0,0,0,0,0,1,-1,1,0,1,1,1,0,0,0,0,0,16,0,0,4,4,0,5,4,3,1,18,18,0,0,0,0,0,0,0,0,7,1,1,0,1,0,0,2,2,1,2,KRBKRNvK,DRAW,8/8/8/5k2/8/4R3/5r2/2B1K1n1 b - - 0 1
0,1,0,0,0,0,0,1,-1,1,0,1,1,1,0,0,0,0,0,16,0,0,5,6,5,1,5,3,3,27,28,0,0,0,0,0,0,0,0,7,1,1,0,0,0,0,2,2,0,1,KRBKRNvK,DRAW,8/8/1k2n1K1/5R2/2r5/8/3B4/8 b - - 0 1
1,1,0,0,0,0,0,1,-1,1,0,1,1,1,0,0,0,0,0,16,0,0,3,3,3,3,6,0,2,27,20,0,0,0,0,0,0,0,0,7,1,1,0,0,0,0,3,2,0,0,KRBKRNvK,DRAW,8/3kr3/8/7R/3K4/8/4B1n1/8 w - - 0 1
0,1,0,0,0,0,0,1,-1,1,0,1,1,1,0,0,0,0,0,16,0,0,5,2,5,7,2,2,4,24,12,0,0,0,0,0,0,0,0,7,1,1,0,0,0,0,1,3,0,2,KRBKRNvK,DRAW,B7/8/1RK1n3/4r3/8/7k/8/8 b - - 0 1
1,1,0,0,0,0,0,1,-1,1,0,1,1,1,0,0,0,0,0,16,0,0,4,1,1,0,5,4,4,31,23,0,0,0,0,0,0,0,0,7,1,1,0,0,0,0,3,2,0,1,KRBKRNvK,DRAW,8/8/kn6/8/3r4/4R3/1K4B1/8 w - - 0 1
0,1,0,0,0,0,0,1,-1,1,0,1,1,1,0,0,0,0,0,16,0,0,4,2,0,2,4,4,1,28,22,0,0,0,0,0,0,0,0,7,1,1,1,0,0,0,0,3,1,1,KRBKRNvK,DRAW,8/R7/7B/2k5/8/1r6/5n2/2K5 b - - 0 1
1,1,0,0,0,0,0,1,-1,1,0,1,1,1,0,0,0,0,0,16,0,0,2,3,1,2,3,2,1,21,21,0,0,0,0,0,0,0,0,7,1,1,0,0,0,0,2,2,0,0,KRBKRNvK,DRAW,8/1r6/8/6R1/2k5/7n/3K4/2B5 w - - 0 1
1,1,0,0,0,0,0,1,-1,1,0,1,1,1,0,0,0,0,0,16,0,0,2,3,6,5,6,2,3,5,0,1,0,0,0,0,0,0,0,7,1,1,0,0,0,0,1,1,0,1,KRBKRNvK,DRAW,8/3K1k2/8/2n5/8/r7/2B5/2R5 w - - 0 1
0,1,0,0,0,0,0,1,-1,1,0,1,1,1,0,0,0,0,0,16,0,0,4,7,0,5,4,6,1,29,23,0,0,0,0,0,0,0,0,7,1,1,1,1,0,0,1,3,1,0,KRBKRNvK,DRAW,8/7R/4n3/5k2/2B5/8/1r6/7K b - - 0 1
1,1,0,0,0,0,0,1,-1,1,0,1,1,1,0,0,0,0,0,16,0,0,3,1,4,4,2,2,1,26,29,0,0,0,0,0,0,0,0,7,1,1,0,0,0,0,2,3,0,1,KRBKRNvK,DRAW,8/r7/8/1K5R/8/1B2kn2/8/8 w - - 0 1
0,1,0,0,0,0,0,1,-1,1,0,1,1,1,0,0,0,0,0,16,0,0,4,3,3,2,7,0,4,19,24,0,0,0,0,0,0,0,0,7,1,1,0,0,0,0,4,0,0,0,KRBKRNvK,WIN,2k3r1/7n/8/8/R2K4/8/8/5B2 b - - 0 1
1,1,0,0,0,0,0,1,-1,1,0,1,1,1,0,0,0,0,0,16,0,0,5,5,7,2,2,4,2,23,21,0,0,0,0,0,0,0,0,7,1,1,0,0,0,0,3,1,0,0,KRBKRNvK,DRAW,3R1K2/8/8/5n2/8/r1k5/6B1/8 w - - 0 1
0,1,0,0,0,0,0,1,-1,1,0,1,1,1,0,0,0,0,0,16,0,0,5,5,6,0,4,3,3,3,0,1,0,0,0,0,0,0,0,7,1,1,0,0,0,0,2,0,0,0,KRBKRNvK,DRAW,B7/5K2/8/k7/7n/8/R7/1r6 b - - 0 1
1,1,0,0,0,0,0,1,-1,1,0,1,1,1,0,0,0,0,0,16,0,0,5,5,6,2,1,3,3,31,21,0,0,0,0,0,0,0,0,7,1,1,0,0,0,0,3,2,1,0,KRBKRNvK,DRAW,8/5K2/8/8/3r4/4R3/2k3B1/1n6 w - - 0 1
0,1,0,0,0,0,0,1,-1,1,0,1,1,1,0,0,0,0,0,16,0,0,6,5,6,6,0,3,5,3,0,1,0,0,0,0,0,0,0,7,1,1,0,0,0,0,2,0,1,0,KRBKRNvK,DRAW,8/5K2/8/7B/8/2r5/8/4R1kn b - - 0 1
1,1,0,0,0,0,0,1,-1,1,0,1,1,1,0,0,0,0,0,16,0,0,6,7,3,1,6,3,4,18,19,0,0,0,0,0,0,0,0,7,1,1,0,0,0,0,0,0,0,0,KRBKRNvK,DRAW,7r/1k4n1/8/7B/7K/2R5/8/8 w - - 0 1
0,1,0,0,0,0,0,1,-1,1,0,1,1,1,0,0,0,0,0,16,0,0,6,6,3,0,0,2,6,2,0,1,0,0,0,0,0,0,0,7,1,1,0,0,0,0,1,0,0,0,KRBKRNvK,DRAW,5r2/1n6/4B3/8/6K1/8/8/k6R b - - 0 1
1,1,0,0,0,0,0,1,-1,1,0,1,1,1,0,0,0,0,0,16,0,0,5,5,2,2,7,2,4,4,0,1,0,0,0,0,0,0,0,7,1,1,0,0,0,0,3,0,1,1,KRBKRNvK,DRAW,2k5/2B5/8/8/5R2/1r3K2/8/6n1 w - - 0 1
1,1,0,0,0,0,0,1,-1,1,0,1,1,1,0,0,0,0,0,16,0,0,2,1,2,3,4,3,0,4,0,1,0,0,0,0,0,0,0,7,1,1,0,0,0,0,3,3,0,1,KRBKRNvK,DRAW,8/8/8/3k4/7r/1K6/4RB2/n7 w - - 0 1
0,1,0,0,0,0,0,1,-1,1,0,1,1,1,0,0,0,0,0,16,0,0,2,7,2,6,0,4,5,1,0,1,0,0,0,0,0,0,0,7,1,1,0,0,0,0,3,0,0,2,KRBKRNvK,DRAW,4R3/8/8/2B5/8/7K/7n/6kr b - - 0 1
1,1,0,0,0,0,0,1,-1,1,0,1,1,1,0,0,0,0,0,16,0,0,4,5,5,1,6,2,4,6,0,1,0,0,0,0,0,0,0,7,1,1,0,0,0,0,2,1,2,1,KRBKRNvK,DRAW,8/1kB5/5K1r/R7/8/1n6/8/8 w - - 0 1
0,1,0,0,0,0,0,1,-1,1,0,1,1,1,0,0,0,0,0,16,0,0,2,3,1,5,1,2,3,5,0,1,0,0,0,0,0,0,0,7,1,1,0,0,0,0,2,2,0,1,KRBKRNvK,LOSS,8/8/1B6/r2R4/8/2n5/3K1k2/8 b - - 0 1
1,1,0,0,0,0,0,1,-1,1,0,1,1,1,0,0,0,0,0,16,0,0,2,6,4,6,6,2,4,26,21,0,0,0,0,0,0,0,0,7,1,1,0,0,0,0,1,2,0,1,KRBKRNvK,DRAW,1B1n4/4r1k1/8/6K1/8/8/8/R7 w - - 0 1
0,1,0,0,0,0,0,1,-1,1,0,1,1,1,0,0,0,0,0,16,0,0,2,5,2,3,3,2,0,22,21,0,0,0,0,0,0,0,0,7,1,1,0,0,0,0,2,3,1,0,KRBKRNvK,DRAW,6r1/8/3B4/8/3k4/5K1R/8/2n5 b - - 0 1
0,1,0,0,0,0,0,1,-1,1,0,1,1,1,0,0,0,0,0,16,0,0,2,6,6,4,4,4,0,24,30,0,0,0,0,0,0,0,0,7,1,1,0,0,0,0,1,3,1,0,KRBKRNvK,DRAW,8/2n3K1/r7/4k3/8/4B3/7R/8 b - - 0 1
0,1,0,0,0,0,0,1,-1,1,0,1,1,1,0,0,0,0,0,16,0,0,5,2,0,0,5,4,4,24,22,0,0,0,0,0,0,0,0,7,1,1,0,0,0,0,2,2,0,1,KRBKRNvK,DRAW,8/4B3/k4n2/8/8/r7/8/2KR4 b - - 0 1
1,1,0,0,0,0,0,1,-1,1,0,1,1,1,0,0,0,0,0,16,0,0,2,7,5,7,7,4,6,2,0,1,0,0,0,0,0,0,0,7,1,1,0,0,0,0,3,0,0,1,KRBKRNvK,DRAW,7k/8/5r1K/R7/n7/8/8/6B1 w - - 0 1
1,1,0,0,0,0,0,1,-1,1,0,1,1,1,0,0,0,0,0,16,0,0,3,1,5,4,4,3,0,22,20,0,0,0,0,0,0,0,0,7,1,1,0,0,0,0,0,4,0,1,KRBKRNvK,DRAW,4n3/8/1K5B/3rk3/8/7R/8/8 w - - 0 1
1,1,0,0,0,0,0,1,-1,1,0,1,1,1,0,0,0,0,0,16,0,0,3,1,4,1,7,2,5,21,20,0,0,0,0,0,0,0,0,7,1,1,0,1,0,0,0,0,0,0,KRBKRNvK,DRAW,1k6/8/8/RK2n3/6B1/8/6r1/8 w - - 0 1
0,1,0,0,0,0,0,1,-1,1,0,1,1,1,0,0,0,0,0,16,0,0,4,2,0,5,4,4,1,6,0,1,0,0,0,0,0,0,0,7,1,1,0,0,0,0,1,2,0,0,KRBKRNvK,LOSS,2n5/8/6r1/5k2/8/8/R7/1BK5 b - - 0 1
1,1,0,0,0,0,0,1,-1,1,0,1,1,1,0,0,0,0,0,16,0,0,4,1,2,5,1,3,3,5,0,1,0,0,0,0,0,0,0,7,1,1,1,0,0,0,1,0,0,0,KRBKRNvK,DRAW,8/2R5/1r6/5B2/4n3/1K6/5k2/8 w - - 0 1
1,1,0,0,0,0,0,1,-1,1,0,1,1,1,0,0,0,0,0,16,0,0,4,2,3,2,7,1,4,29,22,0,0,0,0,0,0,0,0,7,1,1,0,1,0,0,4,0,0,0,KRBKRNvK,DRAW,2kn3B/8/8/8/2K5/8/6r1/4R3 w - - 0 1
0,1,0,0,0,0,0,1,-1,1,0,1,1,1,0,0,0,0,0,16,0,0,3,1,5,4,5,3,1,24,25,0,0,0,0,0,0,0,0,7,1,1,0,0,0,0,0,2,0,0,KRBKRNvK,DRAW,8/6r1/1K2k2n/8/1B6/2R5/8/8 b - - 0 1
1,1,0,0,0,0,0,1,-1,1,0,1,1,1,0,0,0,0,0,16,0,0,2,6,3,7,1,2,5,24,19,0,0,0,0,0,0,0,0,7,1,1,1,0,0,0,1,0,0,0,KRBKRNvK,DRAW,7r/1R6/n7/8/6K1/8/7k/1B6 w - - 0 1
0,1,0,0,0,0,0,1,-1,1,0,1,1,1,0,0,0,0,0,16,0,0,7,0,7,7,7,6,6,16,23,0,0,0,0,0,0,0,0,7,1,1,1,0,0,0,1,1,0,0,KRBKRNvK,DRAW,K6k/2R5/8/2B5/5n1r/8/8/8 b - - 0 1
1,1,0,0,0,0,0,1,-1,1,0,1,1,1,0,0,0,0,0,16,0,0,5,0,6,5,5,5,2,26,14,0,0,0,0,0,0,0,0,7,1,1,1,0,0,0,2,1,1,0,KRBKRNvK,DRAW,8/K2R4/5k1r/8/8/8/5B2/7n w - - 0 1
0,1,0,0,0,0,0,1,-1,1,0,1,1,1,0,0,0,0,0,16,0,0,7,4,0,6,7,3,5,21,28,0,0,0,0,0,0,0,0,7,1,1,0,0,0,0,1,1,0,0,KRBKRNvK,DRAW,6k1/6r1/8/1n6/8/7R/2B5/4K3 b - - 0 1
0,1,0,0,0,0,0,1,-1,1,0,1,1,1,0,0,0,0,0,16,0,0,4,5,6,1,5,3,3,6,0,1,0,0,0,0,0,0,0,7,1,1,0,1,0,0,0,3,1,0,KRBKRNvK,DRAW,3B4/5K2/1k6/1n6/8/5R2/4r3/8 b - - 0 1
0,1,0,0,0,0,0,1,-1,1,0,1,1,1,0,0,0,0,0,16,0,0,2,2,1,3,3,3,0,18,27,0,0,0,0,0,0,0,0,7,1,1,0,0,0,0,1,3,1,0,KRBKRNvK,DRAW,n3r3/8/2R5/8/3k4/6B1/2K5/8 b - - 0 1
0,1,0,0,0,0,0,1,-1,1,0,1,1,1,0,0,0,0,0,16,0,0,5,7,4,2,0,3,4,21,22,0,0,0,0,0,0,0,0,7,1,1,0,0,0,0,3,0,0,0,KRBKRNvK,DRAW,4n2B/8/2r5/6RK/8/8/8/2k5 b - - 0 1
0,1,0,0,0,0,0,1,-1,1,0,1,1,1,0,0,0,0,0,16,0,0,6,4,0,7,6,3,5,3,0,1,0,0,0,0,0,0,0,7,1,1,1,0,0,0,1,3,0,0,KRBKRNvK,DRAW,8/R6k/8/1r4n1/8/8/2B5/4K3 b - - 0 1
1,1,0,0,0,0,0,1,-1,1,0,1,1,1,0,0,0,0,0,16,0,0,6,7,2,1,2,4,3,25,18,0,0,0,0,0,0,0,0,7,1,1,0,0,0,0,1,1,0,0,KRBKRNvK,DRAW,8/8/8/5B2/8/rk5K/3n4/5R2 w - - 0 1
1,1,0,0,0,0,0,1,-1,1,0,1,1,1,0,0,0,0,0,16,0,0,6,1,0,7,1,5,5,25,22,0,0,0,0,0,0,0,0,7,1,1,0,0,0,0,2,1,0,0,KRBKRNvK,DRAW,8/6B1/8/5n2/8/6r1/7k/1KR5 w - - 0 1
0,1,0,0,0,0,0,1,-1,1,0,1,1,1,0,0,0,0,0,16,0,0,4,4,2,0,0,1,6,22,22,0,0,0,0,0,0,0,0,7,1,1,0,0,0,0,4,2,1,1,KRBKRNvK,DRAW,8/8/8/2R5/7r/B3K3/4n3/k7 b - - 0 1
0,1,0,0,0,0,0,1,-1,1,0,1,1,1,0,0,0,0,0,16,0,0,5,6,7,1,6,5,4,24,21,0,0,0,0,0,0,0,0,7,1,1,0,0,0,0,2,2,0,0,KRBKRNvK,DRAW,6K1/1k6/8/5R2/8/5n1r/B7/8 b - - 0 1
1,1,0,0,0,0,0,1,-1,1,0,1,1,1,0,0,0,0,0,16,0,0,3,5,2,2,0,2,4,24,19,0,0,0,0,0,0,0,0,7,1,1,0,1,0,0,1,0,0,1,KRBKRNvK,DRAW,1R6/8/8/8/1B6/5K2/n6r/2k5 w - - 0 1
1,1,0,0,0,0,0,1,-1,1,0,1,1,1,0,0,0,0,0,16,0,0,2,2,0,3,2,4,1,1,0,1,0,0,0,0,0,0,0,7,1,1,1,0,0,0,0,2,0,1,KRBKRNvK,DRAW,8/2R5/8/8/6B1/3k4/8/r1K3n1 w - - 0 1
1,1,0,0,0,0,0,1,-1,1,0,1,1,1,0,0,0,0,0,16,0,0,5,5,4,0,6,1,5,21,18,0,0,0,0,0,0,0,0,7,1,1,0,0,0,0,3,3,0,1,KRBKRNvK,DRAW,6R1/k7/1n6/3rBK2/8/8/8/8 w - - 0 1
1,1,0,0,0,0,0,1,-1,1,0,1,1,1,0,0,0,0,0,16,0,0,6,6,6,0,3,4,3,31,23,0,0,0,0,0,0,0,0,7,1,1,0,0,0,0,2,2,1,0,KRBKRNvK,DRAW,4R3/6K1/8/8/kB6/8/2n5/3r4 w - - 0 1
0,1,0,0,0,0,0,1,-1,1,0,1,1,1,0,0,0,0,0,16,0,0,2,3,2,1,3,1,2,23,24,0,0,0,0,0,0,0,0,7,1,1,1,0,0,0,2,3,0,0,KRBKRNvK,DRAW,8/4n1R1/8/8/1k5r/3KB3/8/8 b - - 0 1
1,1,0,0,0,0,0,1,-1,1,0,1,1,1,0,0,0,0,0,16,0,0,4,4,4,0,0,0,6,31,15,0,0,0,0,0,0,0,0,7,1,1,1,1,0,0,3,0,0,0,KRBKRNvK,WIN,8/5R2/8/4K3/1B6/8/1r6/k5n1 w - - 0 1
0,1,0,0,0,0,0,1,-1,1,0,1,1,1,0,0,0,0,0,16,0,0,5,7,4,2,5,3,2,24,23,0,0,0,0,0,0,0,0,7,1,1,0,0,0,0,2,2,0,0,KRBKRNvK,DRAW,3r4/8/2k5/7K/8/8/n7/4RB2 b - - 0 1
0,1,0,0,0,0,0,1,-1,1,0,1,1,1,0,0,0,0,0,16,0,0,4,0,4,0,0,3,6,18,22,0,0,0,0,0,0,0,0,7,1,1,0,0,0,0,2,2,1,0,KRBKRNvK,DRAW,8/8/4R3/K7/5r2/8/8/k1B4n b - - 0 1
1,1,0,0,0,0,0,1,-1,1,0,1,1,1,0,0,0,0,0,16,0,0,3,3,5,6,4,1,2,23,26,0,0,0,0,0,0,0,0,7,1,1,0,0,0,0,3,0,0,1,KRBKRNvK,DRAW,1r6/8/3K4/6k1/n7/8/8/3R2B1 w - - 0 1
1,1,0,0,0,0,0,1,-1,1,0,1,1,1,0,0,0,0,0,16,0,0,3,4,4,1,7,0,5,6,0,1,0,0,0,0,0,0,0,7,1,1,0,0,0,0,3,1,0,1,KRBKRNvK,DRAW,1k5n/4r3/8/4K3/8/8/7R/4B3 w - - 0 1
0,1,0,0,0,0,0,1,-1,1,0,1,1,1,0,0,0,0,0,16,0,0,2,1,4,3,4,2,0,15,29,0,0,0,0,0,0,0,0,7,1,1,1,0,0,0,2,4,2,1,KRBKRNvK,DRAW,8/4R3/8/1K1k3r/n4B2/8/8/8 b - - 0 1
0,1,0,0,0,0,0,1,-1,1,0,1,1,1,0,0,0,0,0,16,0,0,4,2,3,6,4,1,2,4,0,1,0,0,0,0,0,0,0,7,1,1,0,0,0,0,2,1,1,0,KRBKRNvK,DRAW,8/8/8/6k1/2K2n1r/6R1/4B3/8 b - - 0 1
0,1,0,0,0,0,0,1,-1,1,0,1,1,1,0,0,0,0,0,16,0,0,5,5,2,5,7,2,4,20,26,0,0,0,0,0,0,0,0,7,1,1,1,0,0,0,2,2,1,2,KRBKRNvK,DRAW,5k2/7R/8/3r4/2B5/5K1n/8/8 b - - 0 1
1,1,0,0,0,0,0,1,-1,1,0,1,1,1,0,0,0,0,0,16,0,0,4,2,1,0,5,3,4,28,19,0,0,0,0,0,0,0,0,7,1,1,0,0,0,0,2,2,0,1,KRBKRNvK,DRAW,8/3B4/k7/7R/3r4/8/2K5/6n1 w - - 0 1
0,1,0,0,0,0,0,1,-1,1,0,1,1,1,0,0,0,0,0,16,0,0,4,1,7,5,4,5,1,27,18,0,0,0,0,0,0,0,0,7,1,1,0,0,0,0,2,3,0,1,KRBKRNvK,DRAW,1K6/1B6/Rn6/5k2/8/6r1/8/8 b - - 0 1
0,1,0,0,0,0,0,1,-1,1,0,1,1,1,0,0,0,0,0,16,0,0,3,2,1,0,4,3,3,25,23,0,0,0,0,0,0,0,0,7,1,1,0,0,0,0,1,2,0,0,KRBKRNvK,DRAW,8/5B2/3R4/k2n4/6r1/8/2K5/8 b - - 0 1
0,1,0,0,0,0,0,1,-1,1,0,1,1,1,0,0,0,0,0,16,0,0,5,2,0,7,1,4,5,3,0,1,0,0,0,0,0,0,0,7,1,1,0,0,0,0,2,2,1,1,KRBKRNvK,DRAW,4B1r1/8/8/8/7R/2n5/7k/2K5 b - - 0 1
0,1,0,0,0,0,0,1,-1,1,0,1,1,1,0,0,0,0,0,16,0,0,7,6,0,3,7,5,3,21,26,0,0,0,0,0,0,0,0,7,1,1,0,0,0,0,1,1,0,0,KRBKRNvK,DRAW,3k4/8/4n2r/5B2/8/8/1R6/6K1 b - - 0 1
0,1,0,0,0,0,0,1,-1,1,0,1,1,1,0,0,0,0,0,16,0,0,3,0,7,3,5,6,1,5,0,1,0,0,0,0,0,0,0,7,1,1,0,0,0,0,1,3,1,0,KRBKRNvK,DRAW,K7/8/3k3R/n7/3B4/4r3/8/8 b - - 0 1
0,1,0,0,0,0,0,1,-1,1,0,1,1,1,0,0,0,0,0,16,0,0,5,6,1,2,6,4,3,5,0,1,0,0,0,0,0,0,0,7,1,1,0,0,0,0,1,1,1,0,KRBKRNvK,LOSS,7r/2k5/1n6/4B3/8/8/6K1/6R1 b - - 0 1
0,1,0,0,0,0,0,1,-1,1,0,1,1,1,0,0,0,0,0,16,0,0,3,2,4,0,1,1,5,3,0,1,0,0,0,0,0,0,0,7,1,1,0,0,0,0,2,0,0,0,KRBKRNvK,DRAW,R3n3/8/8/2K5/8/4B2r/k7/8 b - - 0 1
1,1,0,0,0,0,0,1,-1,1,0,1,1,1,0,0,0,0,0,16,0,0,3,1,3,1,6,2,4,8,0,1,0,0,0,0,0,0,0,7,1,1,0,0,0,0,2,2,1,0,KRBKRNvK,WIN,8/1k6/2R5/8/1K3r2/8/6Bn/8 w - - 0 1
1,1,0,0,0,0,0,1,-1,1,0,1,1,1,0,0,0,0,0,16,0,0,3,7,7,4,4,6,0,27,21,0,0,0,0,0,0,0,0,7,1,1,0,0,0,0,3,4,2,0,KRBKRNvK,DRAW,7K/8/2B1n3/r3k3/8/3R4/8/8 w - - 0 1
0,1,0,0,0,0,0,1,-1,1,0,1,1,1,0,0,0,0,0,16,0,0,2,2,2,4,1,2,2,24,17,0,0,0,0,0,0,0,0,7,1,1,0,0,0,0,2,2,0,1,KRBKRNvK,DRAW,8/8/n7/3r4/8/R1K5/4k3/1B6 b - - 0 1
1,1,0,0,0,0,0,1,-1,1,0,1,1,1,0,0,0,0,0,16,0,0,7,0,2,7,6,4,5,27,20,0,0,0,0,0,0,0,0,7,1,1,0,0,0,0,3,0,1,1,KRBKRNvK,WIN,8/7k/n7/6R1/8/K4B2/8/1r6 w - - 0 1
0,1,0,0,0,0,0,1,-1,1,0,1,1,1,0,0,0,0,0,16,0,0,7,7,5,0,0,4,6,17,22,0,0,0,0,0,0,0,0,7,1,1,0,0,0,0,0,2,1,1,KRBKRNvK,DRAW,2B5/8/7K/r6n/8/8/2R5/k7 b - - 0 1
0,1,0,0,0,0,0,1,-1,1,0,1,1,1,0,0,0,0,0,16,0,0,5,5,5,2,0,2,4,19,29,0,0,0,0,0,0,0,0,7,1,1,0,0,0,0,3,0,0,0,KRBKRNvK,DRAW,6B1/8/5K2/8/n2R4/2r5/8/2k5 b - - 0 1
0,1,0,0,0,0,0,1,-1,1,0,1,1,1,0,0,0,0,0,16,0,0,3,7,5,4,5,4,1,24,26,0,0,0,0,0,0,0,0,7,1,1,0,0,0,0,3,2,2,0,KRBKRNvK,DRAW,8/8/4k2K/r7/1n1B1R2/8/8/8 b - - 0 1
0,1,0,0,0,0,0,1,-1,1,0,1,1,1,0,0,0,0,0,16,0,0,5,7,4,2,7,3,4,20,24,0,0,0,0,0,0,0,0,7,1,1,1,0,0,0,3,0,1,0,KRBKRNvK,DRAW,2k5/4R1B1/1r6/7K/8/8/8/5n2 b - - 0 1
0,1,0,0,0,0,0,1,-1,1,0,1,1,1,0,0,0,0,0,16,0,0,6,0,6,6,7,5,5,3,0,1,0,0,0,0,0,0,0,7,1,1,0,0,0,0,1,2,1,0,KRBKRNvK,DRAW,3r2k1/K7/6R1/4B3/8/7n/8/8 b - - 0 1
0,1,0,0,0,0,0,1,-1,1,0,1,1,1,0,0,0,0,0,16,0,0,3,4,3,1,5,0,3,24,24,0,0,0,0,0,0,0,0,7,1,1,0,0,0,0,3,2,2,2,KRBKRNvK,DRAW,2R5/8/1k6/3r4/B3K3/8/4n3/8 b - - 0 1
0,1,0,0,0,0,0,1,-1,1,0,1,1,1,0,0,0,0,0,16,0,0,3,0,3,1,0,3,5,18,25,0,0,0,0,0,0,0,0,7,1,1,0,0,0,0,0,2,1,0,KRBKRNvK,DRAW,2n1r3/8/7R/8/K7/B7/8/1k6 b - - 0 1
0,1,0,0,0,0,0,1,-1,1,0,1,1,1,0,0,0,0,0,16,0,0,3,1,7,4,7,5,3,2,0,1,0,0,0,0,0,0,0,7,1,1,0,0,0,0,2,0,1,0,KRBKRNvK,WIN,1K2k2r/8/2B5/8/8/8/7n/5R2 b - - 0 1
1,1,0,0,0,0,0,1,-1,1,0,1,1,1,0,0,0,0,0,16,0,0,2,5,0,3,2,4,1,20,27,0,0,0,0,0,0,0,0,7,1,1,0,0,0,0,2,4,0,0,KRBKRNvK,DRAW,1R6/1B6/8/r7/8/2nk4/8/5K2 w - - 0 1
0,1,0,0,0,0,0,1,-1,1,0,1,1,1,0,0,0,0,0,16,0,0,5,0,6,0,1,5,5,5,0,1,0,0,0,0,0,0,0,7,1,1,1,1,0,0,2,2,0,0,KRBKRNvK,DRAW,6B1/K2R4/8/8/7n/8/k3r3/8 b - - 0 1
0,1,0,0,0,0,0,1,-1,1,0,1,1,1,0,0,0,0,0,16,0,0,6,1,3,7,0,2,6,20,27,0,0,0,0,0,0,0,0,7,1,1,0,0,0,0,2,0,1,0,KRBKRNvK,DRAW,2n5/8/6r1/8/1K3R2/7B/8/7k b - - 0 1
1,1,0,0,0,0,0,1,-1,1,0,1,1,1,0,0,0,0,0,16,0,0,3,5,2,7,5,2,4,5,0,1,0,0,0,0,0,0,0,7,1,1,0,1,0,0,1,0,1,2,KRBKRNvK,LOSS,8/8/7k/7B/3n4/5K2/1R5r/8 w - - 0 1
0,1,0,0,0,0,0,1,-1,1,0,1,1,1,0,0,0,0,0,16,0,0,2,0,1,2,3,5,1,4,0,1,0,0,0,0,0,0,0,7,1,1,0,0,0,0,1,2,0,0,KRBKRNvK,DRAW,1R2n3/5B2/8/8/2k5/3r4/K7/8 b - - 0 1
1,1,0,0,0,0,0,1,-1,1,0,1,1,1,0,0,0,0,0,16,0,0,4,0,2,0,6,4,5,22,19,0,0,0,0,0,0,0,0,7,1,1,0,0,0,0,1,1,0,1,KRBKRNvK,DRAW,8/kr6/8/5B2/1n6/K7/8/R7 w - - 0 1
0,1,0,0,0,0,0,1,-1,1,0,1,1,1,0,0,0,0,0,16,0,0,2,6,3,4,5,2,1,26,25,0,0,0,0,0,0,0,0,7,1,1,0,0,0,0,1,2,0,0,KRBKRNvK,DRAW,7R/4n3/4k3/8/6K1/1r6/8/6B1 b - - 0 1
1,1,0,0,0,0,0,1,-1,1,0,1,1,1,0,0,0,0,0,16,0,0,6,3,0,6,6,3,4,20,22,0,0,0,0,0,0,0,0,7,1,1,0,0,0,0,1,1,1,0,KRBKRNvK,DRAW,2r3B1/6k1/6n1/8/8/8/8/3K1R2 w - - 0 1
0,1,0,0,0,0,0,1,-1,1,0,1,1,1,0,0,0,0,0,16,0,0,6,7,0,5,6,6,3,6,0,1,0,0,0,0,0,0,0,7,1,1,1,1,0,0,1,0,0,2,KRBKRNvK,LOSS,1B6/1R3k2/8/8/8/8/6r1/6nK b - - 0 1
1,1,0,0,0,0,0,1,-1,1,0,1,1,1,0,0,0,0,0,16,0,0,3,1,3,3,6,2,2,26,23,0,0,0,0,0,0,0,0,7,1,1,0,0,0,0,3,1,0,1,KRBKRNvK,DRAW,8/2nk4/r7/8/1K6/2B5/4R3/8 w - - 0 1
0,1,0,0,0,0,0,1,-1,1,0,1,1,1,0,0,0,0,0,16,0,0,5,4,0,4,5,3,1,20,21,0,0,0,0,0,0,0,0,7,1,1,0,0,0,0,0,4,1,0,KRBKRNvK,DRAW,5B2/8/R1n1k3/8/7r/8/8/4K3 b - - 0 1
1,1,0,0,0,0,0,1,-1,1,0,1,1,1,0,0,0,0,0,16,0,0,5,6,6,5,1,4,3,7,0,1,0,0,0,0,0,0,0,7,1,1,1,1,0,0,3,2,0,1,KRBKRNvK,DRAW,8/3R2K1/8/7n/8/8/3r1k2/B7 w - - 0 1
0,1,0,0,0,0,0,1,-1,1,0,1,1,1,0,0,0,0,0,16,0,0,5,1,6,6,1,4,4,19,24,0,0,0,0,0,0,0,0,7,1,1,0,0,0,0,0,0,0,0,KRBKRNvK,DRAW,8/1K4nr/8/8/8/8/1R1B2k1/8 b - - 0 1
0,1,0,0,0,0,0,1,-1,1,0,1,1,1,0,0,0,0,0,16,0,0,7,7,6,0,1,5,5,24,22,0,0,0,0,0,0,0,0,7,1,1,0,0,0,0,2,1,2,1,KRBKRNvK,DRAW,8/2n4K/5r2/8/B1R5/8/k7/8 b - - 0 1
0,1,0,0,0,0,0,1,-1,1,0,1,1,1,0,0,0,0,0,16,0,0,6,1,0,7,1,5,5,25,22,0,0,0,0,0,0,0,0,7,1,1,0,0,0,0,2,2,1,0,KRBKRNvK,DRAW,2B5/3r4/8/1n6/5R2/8/7k/1K6 b - - 0 1
1,1,0,0,0,0,0,1,-1,1,0,1,1,1,0,0,0,0,0,16,0,0,4,7,5,3,5,4,1,17,19,0,0,0,0,0,0,0,0,7,1,1,1,0,0,0,1,3,0,1,KRBKRNvK,DRAW,8/B6R/3k3K/8/7n/3r4/8/8 w - - 0 1
0,1,0,0,0,0,0,1,-1,1,0,1,1,1,0,0,0,0,0,16,0,0,2,5,5,4,7,2,3,24,20,0,0,0,0,0,0,0,0,7,1,1,1,0,0,0,1,3,1,1,KRBKRNvK,DRAW,2B1k3/7R/4nK2/r7/8/8/8/8 b - - 0 1
1,1,0,0,0,0,0,1,-1,1,0,1,1,1,0,0,0,0,0,16,0,0,4,7,1,6,5,5,3,24,26,0,0,0,0,0,0,0,0,7,1,1,0,0,0,0,1,2,0,0,KRBKRNvK,DRAW,8/8/6k1/2Bn4/8/3r4/7K/2R5 w - - 0 1
1,1,0,0,0,0,0,1,-1,1,0,1,1,1,0,0,0,0,0,16,0,0,4,5,5,6,1,2,4,22,20,0,0,0,0,0,0,0,0,7,1,1,0,0,0,0,2,0,0,0,KRBKRNvK,DRAW,8/6B1/5K2/3R4/8/6r1/6k1/6n1 w - - 0 1
0,1,0,0,0,0,0,1,-1,1,0,1,1,1,0,0,0,0,0,16,0,0,3,2,7,0,4,4,3,26,26,0,0,0,0,0,0,0,0,7,1,1,1,0,0,0,2,1,0,0,KRBKRNvK,DRAW,2K5/4R3/3B4/k7/5n2/8/8/7r b - - 0 1
0,1,0,0,0,0,0,1,-1,1,0,1,1,1,0,0,0,0,0,16,0,0,3,2,4,4,1,1,2,27,28,0,0,0,0,0,0,0,0,7,1,1,0,0,0,0,4,1,0,0,KRBKRNvK,DRAW,8/5r2/8/2K3n1/1R6/8/1B2k3/8 b - - 0 1
1,1,0,0,0,0,0,1,-1,1,0,1,1,1,0,0,0,0,0,16,0,0,4,0,6,4,7,5,3,27,20,0,0,0,0,0,0,0,0,7,1,1,0,1,0,0,2,2,1,0,KRBKRNvK,DRAW,4k3/K3B3/8/5R2/n7/8/3r4/8 w - - 0 1
0,1,0,0,0,0,0,1,-1,1,0,1,1,1,0,0,0,0,0,16,0,0,4,3,4,5,0,0,4,27,24,0,0,0,0,0,0,0,0,7,1,1,1,0,0,0,4,0,0,1,KRBKRNvK,DRAW,8/3R4/6B1/3K4/3n4/7r/8/5k2 b - - 0 1
0,1,0,0,0,0,0,1,-1,1,0,1,1,1,0,0,0,0,0,16,0,0,5,3,5,1,0,1,5,20,28,0,0,0,0,0,0,0,0,7,1,1,0,0,0,0,2,0,0,0,KRBKRNvK,DRAW,7R/6n1/3K4/8/5B2/6r1/8/1k6 b - - 0 1
1,1,0,0,0,0,0,1,-1,1,0,1,1,1,0,0,0,0,0,16,0,0,7,2,0,6,7,4,5,25,17,0,0,0,0,0,0,0,0,7,1,1,0,0,0,0,2,0,1,0,KRBKRNvK,DRAW,1r3nk1/8/R4B2/8/8/8/8/2K5 w - - 0 1
0,1,0,0,0,0,0,1,-1,1,0,1,1,1,0,0,0,0,0,16,0,0,2,7,6,5,5,5,2,4,0,1,0,0,0,0,0,0,0,7,1,1,0,0,0,0,0,1,1,1,KRBKRNvK,LOSS,6n1/7K/5k2/8/7B/2r5/8/2R5 b - - 0 1
0,1,0,0,0,0,0,1,-1,1,0,1,1,1,0,0,0,0,0,16,0,0,2,1,3,1,5,2,3,4,0,1,0,0,0,0,0,0,0,7,1,1,0,1,0,0,0,1,0,0,KRBKRNvK,LOSS,8/8/1k4R1/8/1K5B/8/4nr2/8 b - - 0 1
0,1,0,0,0,0,0,1,-1,1,0,1,1,1,0,0,0,0,0,16,0,0,3,4,1,3,4,2,0,24,26,0,0,0,0,0,0,0,0,7,1,1,0,0,0,0,1,3,1,0,KRBKRNvK,DRAW,8/8/1r6/n2k1B2/8/8/R3K3/8 b - - 0 1
0,1,0,0,0,0,0,1,-1,1,0,1,1,1,0,0,0,0,0,16,0,0,4,5,5,1,4,2,2,22,22,0,0,0,0,0,0,0,0,7,1,1,0,0,0,0,1,2,1,0,KRBKRNvK,DRAW,5R2/8/5K2/1k6/2r5/B7/8/6n1 b - - 0 1
1,1,0,0,0,0,0,1,-1,1,0,1,1,1,0,0,0,0,0,16,0,0,6,0,1,6,0,5,5,3,0,1,0,0,0,0,0,0,0,7,1,1,0,0,0,0,1,1,0,0,KRBKRNvK,DRAW,r7/8/3n1R2/8/8/1B6/K7/6k1 w - - 0 1
0,1,0,0,0,0,0,1,-1,1,0,1,1,1,0,0,0,0,0,16,0,0,5,4,1,0,6,2,5,21,24,0,0,0,0,0,0,0,0,7,1,1,0,0,0,0,2,3,0,1,KRBKRNvK,DRAW,8/k4B2/8/8/r5n1/8/3RK3/8 b - - 0 1
1,1,0,0,0,0,0,1,-1,1,0,1,1,1,0,0,0,0,0,16,0,0,2,4,5,4,7,1,3,21,18,0,0,0,0,0,0,0,0,7,1,1,1,0,0,0,2,0,1,0,KRBKRNvK,WIN,n3k3/2R5/4K3/8/8/5r2/B7/8 w - - 0 1
0,1,0,0,0,0,0,1,-1,1,0,1,1,1,0,0,0,0,0,16,0,0,7,4,0,6,7,3,5,23,24,0,0,0,0,0,0,0,0,7,1,1,0,0,0,0,3,0,0,0,KRBKRNvK,DRAW,1B4k1/8/7r/8/R7/n7/8/4K3 b - - 0 1
0,1,0,0,0,0,0,1,-1,1,0,1,1,1,0,0,0,0,0,16,0,0,3,3,2,0,2,1,4,25,28,0,0,0,0,0,0,0,0,7,1,1,0,0,0,0,4,1,0,1,KRBKRNvK,DRAW,8/1B6/1n6/7R/8/k2K4/8/2r5 b - - 0 1
1,1,0,0,0,0,0,1,-1,1,0,1,1,1,0,0,0,0,0,16,0,0,4,5,5,1,6,2,4,26,23,0,0,0,0,0,0,0,0,7,1,1,0,0,0,0,3,3,1,0,KRBKRNvK,DRAW,3R4/1k6/5K2/1r6/8/7B/5n2/8 w - - 0 1
0,1,0,0,0,0,0,1,-1,1,0,1,1,1,0,0,0,0,0,16,0,0,3,5,4,2,6,1,3,21,35,0,0,0,0,0,0,0,0,7,1,1,0,0,0,0,2,0,1,0,KRBKRNvK,DRAW,1r6/2k5/7R/n2B1K2/8/8/8/8 b - - 0 1
0,1,0,0,0,0,0,1,-1,1,0,1,1,1,0,0,0,0,0,16,0,0,4,1,0,1,4,5,2,22,23,0,0,0,0,0,0,0,0,7,1,1,0,0,0,0,3,0,1,0,KRBKRNvK,DRAW,5r2/8/3R4/1k6/8/8/7B/1K4n1 b - - 0 1
0,1,0,0,0,0,0,1,-1,1,0,1,1,1,0,0,0,0,0,16,0,0,3,3,1,3,4,2,0,19,23,0,0,0,0,0,0,0,0,7,1,1,0,0,0,0,2,3,0,0,KRBKRNvK,DRAW,8/8/4r3/3kn3/8/8/3K4/B1R5 b - - 0 1
0,1,0,0,0,0,0,1,-1,1,0,1,1,1,0,0,0,0,0,16,0,0,2,3,3,1,4,0,2,5,0,1,0,0,0,0,0,0,0,7,1,1,0,0,0,0,4,0,1,0,KRBKRNvK,DRAW,8/8/7n/1k1R4/3K4/5B2/8/6r1 b - - 0 1
0,1,0,0,0,0,0,1,-1,1,0,1,1,1,0,0,0,0,0,16,0,0,6,4,1,5,7,2,4,25,24,0,0,0,0,0,0,0,0,7,1,1,0,0,0,0,1,3,0,0,KRBKRNvK,DRAW,5k2/8/1R1n4/r7/8/1B6/4K3/8 b - - 0 1
0,1,0,0,0,0,0,1,-1,1,0,1,1,1,0,0,0,0,0,16,0,0,4,7,6,4,2,5,1,22,26,0,0,0,0,0,0,0,0,7,1,1,0,0,0,0,1,3,1,0,KRBKRNvK,DRAW,n7/7K/3r4/8/2B5/4k3/8/7R b - - 0 1
0,1,0,0,0,0,0,1,-1,1,0,1,1,1,0,0,0,0,0,16,0,0,7,4,0,5,7,3,4,4,0,1,0,0,0,0,0,0,0,7,1,1,0,0,0,0,1,0,0,0,KRBKRNvK,DRAW,R4k2/2r5/8/8/4B3/8/n7/4K3 b - - 0 1
0,1,0,0,0,0,0,1,-1,1,0,1,1,1,0,0,0,0,0,16,0,0,2,4,3,6,3,0,2,20,26,0,0,0,0,0,0,0,0,7,1,1,1,0,0,0,3,0,1,1,KRBKRNvK,DRAW,1n6/1R6/5B2/8/4K1k1/2r5/8/8 b - - 0 1
1,1,0,0,0,0,0,1,-1,1,0,1,1,1,0,0,0,0,0,16,0,0,3,4,0,7,2,3,4,4,0,1,0,0,0,0,0,0,0,7,1,1,0,0,0,0,2,1,0,1,KRBKRNvK,DRAW,8/8/3n4/4R3/8/3B3k/8/4K1r1 w - - 0 1
0,1,0,0,0,0,0,1,-1,1,0,1,1,1,0,0,0,0,0,16,0,0,4,7,7,6,3,6,2,4,0,1,0,0,0,0,0,0,0,7,1,1,0,0,0,0,2,0,1,0,KRBKRNvK,DRAW,7K/8/8/3R3B/n5k1/8/8/2r5 b - - 0 1
1,1,0,0,0,0,0,1,-1,1,0,1,1,1,0,0,0,0,0,16,0,0,2,3,5,5,3,1,1,5,0,1,0,0,0,0,0,0,0,7,1,1,0,0,0,0,3,2,0,0,KRBKRNvK,DRAW,1B2R3/8/r2K4/8/5k2/8/6n1/8 w - - 0 1
0,1,0,0,0,0,0,1,-1,1,0,1,1,1,0,0,0,0,0,16,0,0,3,0,5,2,2,4,2,7,0,1,0,0,0,0,0,0,0,7,1,1,1,0,0,0,2,2,0,0,KRBKRNvK,DRAW,B7/2R5/K7/8/8/2k1n3/8/6r1 b - - 0 1
0,1,0,0,0,0,0,1,-1,1,0,1,1,1,0,0,0,0,0,16,0,0,3,3,6,3,3,2,0,19,19,0,0,0,0,0,0,0,0,7,1,1,1,0,0,0,0,4,0,1,KRBKRNvK,DRAW,8/1RnK4/8/B7/2rk4/8/8/8 b - - 0 1
1,1,0,0,0,0,0,1,-1,1,0,1,1,1,0,0,0,0,0,16,0,0,7,3,7,7,0,3,6,21,17,0,0,0,0,0,0,0,0,7,1,1,0,1,0,0,1,2,1,1,KRBKRNvK,DRAW,R2K4/8/5n2/8/8/8/5B1r/7k w - - 0 1
0,1,0,0,0,0,0,1,-1,1,0,1,1,1,0,0,0,0,0,16,0,0,3,4,0,7,1,3,5,2,0,1,0,0,0,0,0,0,0,7,1,1,0,0,0,0,2,0,1,0,KRBKRNvK,DRAW,r1n5/8/8/7R/8/8/7k/4KB2 b - - 0 1
0,1,0,0,0,0,0,1,-1,1,0,1,1,1,0,0,0,0,0,16,0,0,3,7,7,4,6,6,2,25,21,0,0,0,0,0,0,0,0,7,1,1,0,0,0,0,0,3,1,0,KRBKRNvK,DRAW,7K/4k3/2R5/8/B5n1/3r4/8/8 b - - 0 1
0,1,0,0,0,0,0,1,-1,1,0,1,1,1,0,0,0,0,0,16,0,0,5,5,0,2,5,4,2,29,22,0,0,0,0,0,0,0,0,7,1,1,0,0,0,0,2,1,0,0,KRBKRNvK,DRAW,1r6/8/2k5/4nR2/8/2B5/8/5K2 b - - 0 1
1,1,0,0,0,0,0,1,-1,1,0,1,1,1,0,0,0,0,0,16,0,0,2,2,0,1,2,4,3,23,27,0,0,0,0,0,0,0,0,7,1,1,0,0,0,0,3,3,1,0,KRBKRNvK,DRAW,4r3/8/3R4/8/5n2/1k6/8/1BK5 w - - 0 1
0,1,0,0,0,0,0,1,-1,1,0,1,1,1,0,0,0,0,0,16,0,0,4,1,3,5,5,2,2,20,26,0,0,0,0,0,0,0,0,7,1,1,0,0,0,0,1,3,1,0,KRBKRNvK,DRAW,6R1/8/5k2/4r3/1K6/8/2B5/1n6 b - - 0 1
1,1,0,0,0,0,0,1,-1,1,0,1,1,1,0,0,0,0,0,16,0,0,4,1,0,5,0,5,4,26,26,0,0,0,0,0,0,0,0,7,1,1,0,0,0,0,0,2,0,0,KRBKRNvK,DRAW,7R/5r2/2n5/8/8/B7/8/1K3k2 w - - 0 1
0,1,0,0,0,0,0,1,-1,1,0,1,1,1,0,0,0,0,0,16,0,0,2,5,2,4,4,2,0,22,23,0,0,0,0,0,0,0,0,7,1,1,1,0,0,0,1,3,1,1,KRBKRNvK,DRAW,8/5R2/8/1B2k3/n7/5K2/8/6r1 b - - 0 1
0,1,0,0,0,0,0,1,-1,1,0,1,1,1,0,0,0,0,0,16,0,0,7,0,0,5,7,6,4,22,26,0,0,0,0,0,0,0,0,7,1,1,0,0,0,0,3,2,0,0,KRBKRNvK,DRAW,5k2/2n5/8/7r/6R1/1B6/8/K7 b - - 0 1
0,1,0,0,0,0,0,1,-1,1,0,1,1,1,0,0,0,0,0,16,0,0,3,0,5,3,4,4,0,22,22,0,0,0,0,0,0,0,0,7,1,1,1,0,0,0,2,3,1,0,KRBKRNvK,DRAW,2B5/4R2n/K7/3k4/8/1r6/8/8 b - - 0 1
1,1,0,0,0,0,0,1,-1,1,0,1,1,1,0,0,0,0,0,16,0,0,2,3,2,2,4,1,1,4,0,1,0,0,0,0,0,0,0,7,1,1,0,0,0,0,2,3,1,2,KRBKRNvK,DRAW,8/8/8/2kr4/1R5B/3K4/8/4n3 w - - 0 1
0,1,0,0,0,0,0,1,-1,1,0,1,1,1,0,0,0,0,0,16,0,0,7,0,0,7,6,6,5,19,21,0,0,0,0,0,0,0,0,7,1,1,0,0,0,0,0,0,0,0,KRBKRNvK,DRAW,4B1n1/7k/1r6/8/8/8/8/K5R1 b - - 0 1
1,1,0,0,0,0,0,1,-1,1,0,1,1,1,0,0,0,0,0,16,0,0,2,4,2,3,4,1,0,5,0,1,0,0,0,0,0,0,0,7,1,1,0,0,0,0,2,3,1,1,KRBKRNvK,DRAW,7r/8/8/3k1B2/8/4K3/6n1/2R5 w - - 0 1
1,1,0,0,0,0,0,1,-1,1,0,1,1,1,0,0,0,0,0,16,0,0,6,4,1,2,7,2,4,35,12,0,0,0,0,0,0,0,0,7,1,1,1,0,0,0,1,0,1,0,KRBKRNvK,DRAW,2k4r/R7/8/3B3n/8/8/4K3/8 w - - 0 1
0,1,0,0,0,0,0,1,-1,1,0,1,1,1,0,0,0,0,0,16,0,0,3,4,2,7,0,1,6,20,24,0,0,0,0,0,0,0,0,7,1,1,0,0,0,0,4,0,0,0,KRBKRNvK,DRAW,4Rn2/5B2/6r1/8/8/4K3/8/7k b - - 0 1
0,1,0,0,0,0,0,1,-1,1,0,1,1,1,0,0,0,0,0,16,0,0,2,3,1,1,2,2,3,24,28,0,0,0,0,0,0,0,0,7,1,1,0,0,0,0,2,1,0,1,KRBKRNvK,DRAW,8/2r5/8/8/8/1k3B2/2nK4/7R b - - 0 1
1,1,0,0,0,0,0,1,-1,1,0,1,1,1,0,0,0,0,0,16,0,0,5,2,0,3,5,4,1,26,20,0,0,0,0,0,0,0,0,7,1,1,0,0,0,0,1,2,0,0,KRBKRNvK,DRAW,4n3/8/3k4/8/8/4Br2/8/2K4R w - - 0 1
1,1,0,0,0,0,0,1,-1,1,0,1,1,1,0,0,0,0,0,16,0,0,6,3,7,7,1,3,5,25,21,0,0,0,0,0,0,0,0,7,1,1,1,0,0,0,3,0,1,0,KRBKRNvK,DRAW,3K4/4R3/7n/8/8/8/6Bk/2r5 w - - 0 1
1,1,0,0,0,0,0,1,-1,1,0,1,1,1,0,0,0,0,0,16,0,0,6,2,6,2,0,3,4,5,0,1,0,0,0,0,0,0,0,7,1,1,0,0,0,0,2,2,2,1,KRBKRNvK,DRAW,4n3/2K5/8/8/2r5/3R4/B7/2k5 w - - 0 1
0,1,0,0,0,0,0,1,-1,1,0,1,1,1,0,0,0,0,0,16,0,0,5,7,4,2,0,3,4,19,20,0,0,0,0,0,0,0,0,7,1,1,0,0,0,0,2,1,0,0,KRBKRNvK,DRAW,8/8/8/B3R2K/8/8/4n3/2k3r1 b - - 0 1
0,1,0,0,0,0,0,1,-1,1,0,1,1,1,0,0,0,0,0,16,0,0,6,3,0,4,6,3,2,30,23,0,0,0,0,0,0,0,0,7,1,1,0,0,0,0,3,3,0,1,KRBKRNvK,DRAW,B7/4k3/8/R7/6r1/3n4/8/3K4 b - - 0 1
0,1,0,0,0,0,0,1,-1,1,0,1,1,1,0,0,0,0,0,16,0,0,2,0,5,0,3,4,3,25,16,0,0,0,0,0,0,0,0,7,1,1,0,1,0,0,0,1,0,0,KRBKRNvK,DRAW,R7/5B2/K3n3/8/k7/8/6r1/8 b - - 0 1
1,1,0,0,0,0,0,1,-1,1,0,1,1,1,0,0,0,0,0,16,0,0,4,7,4,3,2,3,1,6,0,1,0,0,0,0,0,0,0,7,1,1,0,0,0,0,1,4,1,0,KRBKRNvK,DRAW,8/8/8/r6K/8/3k4/2R5/1n4B1 w - - 0 1
0,1,0,0,0,0,0,1,-1,1,0,1,1,1,0,0,0,0,0,16,0,0,4,3,3,0,7,0,6,3,0,1,0,0,0,0,0,0,0,7,1,1,0,0,0,0,3,0,0,0,KRBKRNvK,LOSS,k7/8/7r/R5B1/3K4/n7/8/8 b - - 0 1
0,1,0,0,0,0,0,1,-1,1,0,1,1,1,0,0,0,0,0,16,0,0,2,1,3,3,1,2,2,17,25,0,0,0,0,0,0,0,0,7,1,1,0,0,0,0,0,0,2,0,KRBKRNvK,DRAW,n7/r7/8/8/1K6/2R5/3k4/5B2 b - - 0 1
0,1,0,0,0,0,0,1,-1,1,0,1,1,1,0,0,0,0,0,16,0,0,2,0,3,2,5,3,2,4,0,1,0,0,0,0,0,0,0,7,1,1,0,1,0,0,2,1,1,2,KRBKRNvK,DRAW,8/8/2k5/4R3/K7/n4B2/r7/8 b - - 0 1
0,1,0,0,0,0,0,1,-1,1,0,1,1,1,0,0,0,0,0,16,0,0,4,4,5,7,1,1,5,25,27,0,0,0,0,0,0,0,0,7,1,1,0,0,0,0,4,1,1,0,KRBKRNvK,DRAW,8/r7/4K1B1/8/5R2/8/5n1k/8 b - - 0 1
0,1,0,0,0,0,0,1,-1,1,0,1,1,1,0,0,0,0,0,16,0,0,3,3,3,1,0,0,5,18,21,0,0,0,0,0,0,0,0,7,1,1,0,0,0,0,3,2,0,1,KRBKRNvK,DRAW,8/8/8/1r6/3K4/8/7B/1k2nR2 b - - 0 1
1,1,0,0,0,0,0,1,-1,1,0,1,1,1,0,0,0,0,0,16,0,0,5,1,2,6,5,3,3,25,22,0,0,0,0,0,0,0,0,7,1,1,1,0,0,0,2,3,1,1,KRBKRNvK,DRAW,8/4R3/6k1/8/1n3r2/1K6/4B3/8 w - - 0 1
0,1,0,0,0,0,0,1,-1,1,0,1,1,1,0,0,0,0,0,16,0,0,6,3,7,0,1,3,5,22,21,0,0,0,0,0,0,0,0,7,1,1,0,0,0,0,3,0,0,1,KRBKRNvK,DRAW,3K3B/8/1r6/4R3/8/8/k6n/8 b - - 0 1
1,1,0,0,0,0,0,1,-1,1,0,1,1,1,0,0,0,0,0,16,0,0,3,6,3,6,0,2,5,5,0,1,0,0,0,0,0,0,0,7,1,1,0,1,0,0,0,1,0,1,KRBKRNvK,LOSS,2R5/4n3/8/8/6KB/8/6r1/6k1 w - - 0 1
0,1,0,0,0,0,0,1,-1,1,0,1,1,1,0,0,0,0,0,16,0,0,4,7,5,6,1,4,4,4,0,1,0,0,0,0,0,0,0,7,1,1,0,0,0,0,1,0,1,0,KRBKRNvK,DRAW,8/2B5/7K/8/3n4/6R1/6k1/1r6 b - - 0 1
1,1,0,0,0,0,0,1,-1,1,0,1,1,1,0,0,0,0,0,16,0,0,3,3,5,2,2,1,2,32,15,0,0,0,0,0,0,0,0,7,1,1,0,0,0,0,4,1,1,0,KRBKRNvK,DRAW,n7/8/3K4/8/7R/2k1B3/8/4r3 w - - 0 1
1,1,0,0,0,0,0,1,-1,1,0,1,1,1,0,0,0,0,0,16,0,0,7,7,7,0,3,6,3,24,19,0,0,0,0,0,0,0,0,7,1,1,1,0,0,0,2,0,0,0,KRBKRNvK,DRAW,7K/3R4/n7/8/k5B1/8/8/6r1 w - - 0 1
1,1,0,0,0,0,0,1,-1,1,0,1,1,1,0,0,0,0,0,16,0,0,2,5,4,7,4,1,3,26,16,0,0,0,0,0,0,0,0,7,1,1,0,1,0,0,2,0,1,0,KRBKRNvK,DRAW,8/n7/6R1/5K1k/8/8/r7/5B2 w - - 0 1
1,1,0,0,0,0,0,1,-1,1,0,1,1,1,0,0,0,0,0,16,0,0,7,0,7,7,2,6,4,21,22,0,0,0,0,0,0,0,0,7,1,1,0,0,0,0,0,1,1,0,KRBKRNvK,DRAW,K7/8/8/8/5n1B/1r5k/R7/8 w - - 0 1
0,1,0,0,0,0,0,1,-1,1,0,1,1,1,0,0,0,0,0,16,0,0,3,3,3,4,0,0,3,4,0,1,0,0,0,0,0,0,0,7,1,1,0,0,0,0,3,0,0,1,KRBKRNvK,DRAW,8/8/8/n2B4/3K4/5r2/8/4k2R b - - 0 1
0,1,0,0,0,0,0,1,-1,1,0,1,1,1,0,0,0,0,0,16,0,0,3,4,3,1,1,0,4,6,0,1,0,0,0,0,0,0,0,7,1,1,0,0,0,0,3,3,0,1,KRBKRNvK,DRAW,8/8/5B2/1r6/4K3/8/1kn4R/8 b - - 0 1
1,1,0,0,0,0,0,1,-1,1,0,1,1,1,0,0,0,0,0,16,0,0,7,4,7,0,0,3,6,25,13,0,0,0,0,0,0,0,0,7,1,1,0,0,0,0,0,1,0,0,KRBKRNvK,DRAW,4K3/8/B5R1/8/rn6/8/8/k7 w - - 0 1
1,1,0,0,0,0,0,1,-1,1,0,1,1,1,0,0,0,0,0,16,0,0,2,2,3,1,1,1,4,5,0,1,0,0,0,0,0,0,0,7,1,1,0,0,0,0,2,0,0,1,KRBKRNvK,DRAW,n4R2/8/2r5/8/2K3B1/8/1k6/8 w - - 0 1
0,1,0,0,0,0,0,1,-1,1,0,1,1,1,0,0,0,0,0,16,0,0,2,7,7,6,5,6,3,4,0,1,0,0,0,0,0,0,0,7,1,1,1,0,0,0,1,0,2,0,KRBKRNvK,LOSS,7K/2r1R2B/6k1/4n3/8/8/8/8 b - - 0 1
1,1,0,0,0,0,0,1,-1,1,0,1,1,1,0,0,0,0,0,16,0,0,6,7,4,1,0,3,5,6,0,1,0,0,0,0,0,0,0,7,1,1,1,0,0,0,1,2,0,0,KRBKRNvK,DRAW,8/2R5/8/r6K/2n5/8/8/1k4B1 w - - 0 1
1,1,0,0,0,0,0,1,-1,1,0,1,1,1,0,0,0,0,0,16,0,0,6,1,1,2,7,4,4,7,0,1,0,0,0,0,0,0,0,7,1,1,0,0,0,0,2,2,0,1,KRBKRNvK,DRAW,2k5/8/8/r7/n7/5B2/1K3R2/8 w - - 0 1
0,1,0,0,0,0,0,1,-1,1,0,1,1,1,0,0,0,0,0,16,0,0,7,3,0,1,7,3,5,26,17,0,0,0,0,0,0,0,0,7,1,1,0,0,0,0,1,2,0,0,KRBKRNvK,DRAW,1k6/8/8/6r1/4nR2/8/8/2BK4 b - - 0 1
0,1,0,0,0,0,0,1,-1,1,0,1,1,1,0,0,0,0,0,16,0,0,4,4,0,5,4,3,1,23,26,0,0,0,0,0,0,0,0,7,1,1,0,0,0,0,1,3,0,0,KRBKRNvK,DRAW,1B6/5n2/8/5k2/2r5/8/6R1/4K3 b - - 0 1
0,1,0,0,0,0,0,1,-1,1,0,1,1,1,0,0,0,0,0,16,0,0,5,2,5,7,5,2,4,2,0,1,0,0,0,0,0,0,0,7,1,1,1,0,0,0,3,0,1,0,KRBKRNvK,DRAW,7n/3R4/2K4k/8/5B2/8/8/r7 b - - 0 1
1,1,0,0,0,0,0,1,-1,1,0,1,1,1,0,0,0,0,0,16,0,0,6,1,1,3,7,4,3,28,22,0,0,0,0,0,0,0,0,7,1,1,1,0,0,0,0,2,1,1,KRBKRNvK,DRAW,3k4/2R5/8/8/r7/6n1/1K2B3/8 w - - 0 1
1,1,0,0,0,0,0,1,-1,1,0,1,1,1,0,0,0,0,0,16,0,0,4,4,0,0,1,3,5,24,20,0,0,0,0,0,0,0,0,7,1,1,0,0,0,0,0,2,0,0,KRBKRNvK,DRAW,8/8/7R/8/1r6/8/k7/1n2KB2 w - - 0 1
0,1,0,0,0,0,0,1,-1,1,0,1,1,1,0,0,0,0,0,16,0,0,5,1,1,6,6,4,4,22,31,0,0,0,0,0,0,0,0,7,1,1,0,0,0,0,2,1,1,0,KRBKRNvK,WIN,8/5rk1/8/4R3/1B3n2/8/1K6/8 b - - 0 1
1,1,0,0,0,0,0,1,-1,1,0,1,1,1,0,0,0,0,0,16,0,0,2,3,5,3,3,1,0,25,19,0,0,0,0,0,0,0,0,7,1,1,0,1,0,0,2,3,1,0,KRBKRNvK,DRAW,8/8/3K4/2R4B/3k4/8/6r1/7n w - - 0 1
0,1,0,0,0,0,0,1,-1,1,0,1,1,1,0,0,0,0,0,16,0,0,5,2,1,7,4,3,3,24,21,0,0,0,0,0,0,0,0,7,1,1,0,0,0,0,1,3,2,2,KRBKRNvK,DRAW,8/8/5R2/5B1k/2n5/8/2K5/3r4 b - - 0 1
1,1,0,0,0,0,0,1,-1,1,0,1,1,1,0,0,0,0,0,16,0,0,2,2,2,4,4,2,0,29,16,0,0,0,0,0,0,0,0,7,1,1,1,0,0,0,1,4,1,1,KRBKRNvK,WIN,8/1R6/8/4k1B1/8/2K5/8/4rn2 w - - 0 1
0,1,0,0,0,0,0,1,-1,1,0,1,1,1,0,0,0,0,0,16,0,0,7,0,4,7,7,3,6,1,0,1,0,0,0,0,0,0,0,7,1,1,0,0,0,0,0,0,0,0,KRBKRNvK,DRAW,1R5k/3B3r/8/K7/8/8/8/3n4 b - - 0 1
0,1,0,0,0,0,0,1,-1,1,0,1,1,1,0,0,0,0,0,16,0,0,3,5,7,6,4,4,2,25,25,0,0,0,0,0,0,0,0,7,1,1,1,0,0,0,0,1,0,0,KRBKRNvK,DRAW,4BK2/2R5/8/6k1/8/8/5n2/7r b - - 0 1
1,1,0,0,0,0,0,1,-1,1,0,1,1,1,0,0,0,0,0,16,0,0,4,2,6,2,2,3,2,29,21,0,0,0,0,0,0,0,0,7,1,1,0,1,0,0,2,1,0,0,KRBKRNvK,DRAW,4R3/2K5/B7/8/8/2k5/r7/2n5 w - - 0 1
1,1,0,0,0,0,0,1,-1,1,0,1,1,1,0,0,0,0,0,16,0,0,7,7,7,0,0,6,6,2,0,1,0,0,0,0,0,0,0,7,1,1,0,0,0,0,2,1,0,1,KRBKRNvK,DRAW,5r1K/3n4/8/8/B7/8/4R3/k7 w - - 0 1
1,1,0,0,0,0,0,1,-1,1,0,1,1,1,0,0,0,0,0,16,0,0,4,5,3,1,2,1,3,4,0,1,0,0,0,0,0,0,0,7,1,1,0,1,0,0,2,1,0,1,KRBKRNvK,DRAW,R7/4B3/8/8/2n2K2/1k6/5r2/8 w - - 0 1
1,1,0,0,0,0,0,1,-1,1,0,1,1,1,0,0,0,0,0,16,0,0,6,1,0,7,6,5,5,28,22,0,0,0,0,0,0,0,0,7,1,1,0,0,0,0,2,2,0,0,KRBKRNvK,DRAW,1n6/7k/1B6/5r2/4R3/8/8/1K6 w - - 0 1
1,1,0,0,0,0,0,1,-1,1,0,1,1,1,0,0,0,0,0,16,0,0,6,6,7,0,3,5,3,23,26,0,0,0,0,0,0,0,0,7,1,1,0,0,0,0,0,0,1,0,KRBKRNvK,DRAW,6K1/2r5/8/8/k2n4/B7/7R/8 w - - 0 1
1,1,0,0,0,0,0,1,-1,1,0,1,1,1,0,0,0,0,0,16,0,0,4,6,3,2,4,2,1,20,29,0,0,0,0,0,0,0,0,7,1,1,0,0,0,0,0,2,0,1,KRBKRNvK,DRAW,8/8/8/2k3B1/4n1KR/8/8/r7 w - - 0 1
1,1,0,0,0,0,0,1,-1,1,0,1,1,1,0,0,0,0,0,16,0,0,5,5,2,7,7,2,6,26,20,0,0,0,0,0,0,0,0,7,1,1,0,0,0,0,2,2,0,0,KRBKRNvK,DRAW,4n2k/8/8/8/1r6/5K2/B7/2R5 w - - 0 1
0,1,0,0,0,0,0,1,-1,1,0,1,1,1,0,0,0,0,0,16,0,0,2,7,4,5,3,3,1,20,26,0,0,0,0,0,0,0,0,7,1,1,0,0,0,0,2,2,1,0,KRBKRNvK,DRAW,8/4r3/8/7K/5k2/R7/6B1/3n4 b - - 0 1
1,1,0,0,0,0,0,1,-1,1,0,1,1,1,0,0,0,0,0,16,0,0,5,0,1,5,3,5,1,32,24,0,0,0,0,0,0,0,0,7,1,1,1,0,0,0,1,2,1,0,KRBKRNvK,DRAW,4n3/2R5/7r/8/4Bk2/8/K7/8 w - - 0 1
0,1,0,0,0,0,0,1,-1,1,0,1,1,1,0,0,0,0,0,16,0,0,7,7,7,3,0,6,3,4,0,1,0,0,0,0,0,0,0,7,1,1,0,0,0,0,2,0,0,1,KRBKRNvK,DRAW,3R3K/r5n1/8/B7/8/8/8/3k4 b - - 0 1
0,1,0,0,0,0,0,1,-1,1,0,1,1,1,0,0,0,0,0,16,0,0,3,1,3,4,4,2,0,25,27,0,0,0,0,0,0,0,0,7,1,1,0,1,0,0,0,3,1,1,KRBKRNvK,DRAW,1n6/8/8/4k3/BK6/2R5/3r4/8 b - - 0 1
1,1,0,0,0,0,0,1,-1,1,0,1,1,1,0,0,0,0,0,16,0,0,6,1,1,4,7,4,3,33,20,0,0,0,0,0,0,0,0,7,1,1,0,0,0,0,2,2,0,0,KRBKRNvK,DRAW,4k3/8/8/4r3/5R2/3B4/1K4n1/8 w - - 0 1
0,1,0,0,0,0,0,1,-1,1,0,1,1,1,0,0,0,0,0,16,0,0,5,6,6,5,1,4,3,6,0,1,0,0,0,0,0,0,0,7,1,1,0,1,0,0,2,2,1,0,KRBKRNvK,DRAW,8/6K1/8/1n6/5R2/B7/3r1k2/8 b - - 0 1
1,1,0,0,0,0,0,1,-1,1,0,1,1,1,0,0,0,0,0,16,0,0,2,0,4,2,6,3,3,25,21,0,0,0,0,0,0,0,0,7,1,1,0,0,0,0,2,0,0,1,KRBKRNvK,DRAW,7n/2k5/8/K7/6B1/1r6/8/4R3 w - - 0 1
1,1,0,0,0,0,0,1,-1,1,0,1,1,1,0,0,0,0,0,16,0,0,5,1,5,5,0,3,4,6,0,1,0,0,0,0,0,0,0,7,1,1,0,0,0,0,2,2,1,1,KRBKRNvK,DRAW,3n4/8/RK2r3/8/8/5B2/8/5k2 w - - 0 1
0,1,0,0,0,0,0,1,-1,1,0,1,1,1,0,0,0,0,0,16,0,0,4,3,6,4,2,2,1,25,29,0,0,0,0,0,0,0,0,7,1,1,0,0,0,0,1,2,0,1,KRBKRNvK,DRAW,8/3K4/3B4/3n4/8/4k3/7R/1r6 b - - 0 1
0,1,0,0,0,0,0,1,-1,1,0,1,1,1,0,0,0,0,0,16,0,0,7,0,5,7,6,4,5,5,0,1,0,0,0,0,0,0,0,7,1,1,1,0,0,0,3,2,0,1,KRBKRNvK,DRAW,8/1B1R3k/K7/8/2n5/8/8/4r3 b - - 0 1
0,1,0,0,0,0,0,1,-1,1,0,1,1,1,0,0,0,0,0,16,0,0,5,4,6,6,1,2,4,23,23,0,0,0,0,0,0,0,0,7,1,1,0,0,0,0,0,0,0,1,KRBKRNvK,DRAW,5r2/4K3/7R/8/8/B7/6k1/3n4 b - - 0 1
1,1,0,0,0,0,0,1,-1,1,0,1,1,1,0,0,0,0,0,16,0,0,4,5,5,1,2,2,3,6,0,1,0,0,0,0,0,0,0,7,1,1,0,0,0,0,3,3,0,1,KRBKRNvK,DRAW,8/1B6/5K2/8/5r2/1k2n3/4R3/8 w - - 0 1
0,1,0,0,0,0,0,1,-1,1,0,1,1,1,0,0,0,0,0,16,0,0,2,0,2,2,1,4,3,2,0,1,0,0,0,0,0,0,0,7,1,1,0,1,0,0,0,0,2,0,KRBKRNvK,DRAW,8/8/8/4n3/8/K1R5/2k4r/4B3 b - - 0 1
0,1,0,0,0,0,0,1,-1,1,0,1,1,1,0,0,0,0,0,16,0,0,4,3,4,5,0,0,4,3,0,1,0,0,0,0,0,0,0,7,1,1,0,1,0,0,3,0,0,0,KRBKRNvK,DRAW,8/8/6R1/1B1K4/8/8/7r/5k1n b - - 0 1
1,1,0,0,0,0,0,1,-1,1,0,1,1,1,0,0,0,0,0,16,0,0,2,5,5,7,6,2,5,6,0,1,0,0,0,0,0,0,0,7,1,1,0,0,0,0,3,2,0,0,KRBKRNvK,DRAW,8/7k/1r3K2/3R4/2B5/2n5/8/8 w - - 0 1
1,1,0,0,0,0,0,1,-1,1,0,1,1,1,0,0,0,0,0,16,0,0,7,4,7,3,0,3,3,24,25,0,0,0,0,0,0,0,0,7,1,1,0,0,0,0,2,0,0,1,KRBKRNvK,DRAW,4K3/2r3B1/7R/3n4/8/8/8/3k4 w - - 0 1
1,1,0,0,0,0,0,1,-1,1,0,1,1,1,0,0,0,0,0,16,0,0,3,7,7,4,5,6,1,21,18,0,0,0,0,0,0,0,0,7,1,1,0,0,0,0,2,2,0,1,KRBKRNvK,DRAW,2n4K/8/4k1r1/8/8/8/3R4/3B4 w - - 0 1
1,1,0,0,0,0,0,1,-1,1,0,1,1,1,0,0,0,0,0,16,0,0,5,6,1,1,1,4,4,33,25,0,0,0,0,0,0,0,0,7,1,1,0,0,0,0,1,3,0,0,KRBKRNvK,DRAW,7R/8/2n5/r4B2/8/8/1k4K1/8 w - - 0 1
1,1,0,0,0,0,0,1,-1,1,0,1,1,1,0,0,0,0,0,16,0,0,2,4,1,6,1,2,4,24,27,0,0,0,0,0,0,0,0,7,1,1,0,0,0,0,0,1,0,0,KRBKRNvK,DRAW,1R6/8/7B/5n2/8/r7/4K1k1/8 w - - 0 1
0,1,0,0,0,0,0,1,-1,1,0,1,1,1,0,0,0,0,0,16,0,0,7,7,7,0,7,6,6,2,0,1,0,0,0,0,0,0,0,7,1,1,0,0,0,0,1,2,0,0,KRBKRNvK,DRAW,k4R1K/8/6B1/8/r7/8/8/3n4 b - - 0 1
0,1,0,0,0,0,0,1,-1,1,0,1,1,1,0,0,0,0,0,16,0,0,4,5,6,3,2,3,1,5,0,1,0,0,0,0,0,0,0,7,1,1,0,0,0,0,0,3,0,0,KRBKRNvK,DRAW,8/5K2/B7/8/6n1/3k4/7R/1r6 b - - 0 1
1,1,0,0,0,0,0,1,-1,1,0,1,1,1,0,0,0,0,0,16,0,0,2,0,2,0,0,4,6,3,0,1,0,0,0,0,0,0,0,7,1,1,1,0,0,0,1,0,0,1,KRBKRNvK,WIN,6B1/R7/8/8/8/K1r5/8/k5n1 w - - 0 1
1,1,0,0,0,0,0,1,-1,1,0,1,1,1,0,0,0,0,0,16,0,0,5,0,0,4,5,6,1,24,17,0,0,0,0,0,0,0,0,7,1,1,0,0,0,0,2,2,1,0,KRBKRNvK,DRAW,4r3/8/B3k2n/6R1/8/8/8/K7 w - - 0 1
1,1,0,0,0,0,0,1,-1,1,0,1,1,1,0,0,0,0,0,16,0,0,7,7,5,0,3,4,3,26,23,0,0,0,0,0,0,0,0,7,1,1,0,0,0,0,0,3,0,0,KRBKRNvK,DRAW,6R1/3n4/7K/8/k6B/8/8/3r4 w - - 0 1
0,1,0,0,0,0,0,1,-1,1,0,1,1,1,0,0,0,0,0,16,0,0,2,1,6,3,5,4,1,5,0,1,0,0,0,0,0,0,0,7,1,1,0,0,0,0,0,3,1,0,KRBKRNvK,DRAW,1B6/1K6/3k4/8/5n1R/3r4/8/8 b - - 0 1
1,1,0,0,0,0,0,1,-1,1,0,1,1,1,0,0,0,0,0,16,0,0,2,0,0,0,2,6,4,21,23,0,0,0,0,0,0,0,0,7,1,1,0,1,0,0,1,1,1,1,KRBKRNvK,DRAW,8/8/5R2/8/2n5/k7/1r6/KB6 w - - 0 1
1,1,0,0,0,0,0,1,-1,1,0,1,1,1,0,0,0,0,0,16,0,0,6,7,0,6,6,6,4,4,0,1,0,0,0,0,0,0,0,7,1,1,0,0,0,0,1,2,0,0,KRBKRNvK,DRAW,8/6k1/8/3n3r/8/R5B1/8/7K w - - 0 1
0,1,0,0,0,0,0,1,-1,1,0,1,1,1,0,0,0,0,0,16,0,0,4,2,2,6,3,2,2,23,20,0,0,0,0,0,0,0,0,7,1,1,0,0,0,0,1,3,2,2,KRBKRNvK,DRAW,8/8/8/4r3/6k1/1nK2R2/6B1/8 b - - 0 1
1,1,0,0,0,0,0,1,-1,1,0,1,1,1,0,0,0,0,0,16,0,0,6,6,4,0,1,2,5,24,20,0,0,0,0,0,0,0,0,7,1,1,0,0,0,0,0,2,1,0,KRBKRNvK,DRAW,4r3/8/8/n5K1/8/8/k7/1R1B4 w - - 0 1
1,1,0,0,0,0,0,1,-1,1,0,1,1,1,0,0,0,0,0,16,0,0,2,1,0,3,0,5,3,23,22,0,0,0,0,0,0,0,0,7,1,1,0,0,0,0,0,2,0,0,KRBKRNvK,DRAW,4B3/8/8/2n5/3r4/8/R7/1K1k4 w - - 0 1
1,1,0,0,0,0,0,1,-1,1,0,1,1,1,0,0,0,0,0,16,0,0,3,1,0,3,3,5,0,23,20,0,0,0,0,0,0,0,0,7,1,1,0,0,0,0,2,4,1,0,KRBKRNvK,DRAW,8/7B/8/3n4/r2k4/8/4R3/1K6 w - - 0 1
1,1,0,0,0,0,0,1,-1,1,0,1,1,1,0,0,0,0,0,16,0,0,4,5,3,5,7,1,4,26,21,0,0,0,0,0,0,0,0,7,1,1,0,0,0,0,4,0,0,0,KRBKRNvK,DRAW,2n2k2/8/r7/4R3/5K2/8/1B6/8 w - - 0 1
1,1,0,0,0,0,0,1,-1,1,0,1,1,1,0,0,0,0,0,16,0,0,6,6,6,0,6,4,5,20,16,0,0,0,0,0,0,0,0,7,1,1,0,0,0,0,0,0,0,0,KRBKRNvK,DRAW,8/kr2B1K1/8/8/8/6R1/8/7n w - - 0 1
1,1,0,0,0,0,0,1,-1,1,0,1,1,1,0,0,0,0,0,16,0,0,3,7,6,4,3,5,0,3,0,1,0,0,0,0,0,0,0,7,1,1,0,0,0,0,0,4,1,1,KRBKRNvK,DRAW,5n2/7K/4r3/8/4k3/8/6R1/4B3 w - - 0 1
0,1,0,0,0,0,0,1,-1,1,0,1,1,1,0,0,0,0,0,16,0,0,5,0,0,0,5,6,4,6,0,1,0,0,0,0,0,0,0,7,1,1,0,0,0,0,1,2,0,0,KRBKRNvK,DRAW,8/8/k6R/4B3/2r4n/8/8/K7 b - - 0 1
0,1,0,0,0,0,0,1,-1,1,0,1,1,1,0,0,0,0,0,16,0,0,3,4,7,1,5,3,3,28,22,0,0,0,0,0,0,0,0,7,1,1,0,0,0,0,1,1,1,1,KRBKRNvK,DRAW,1B2K3/8/1k2n3/8/8/6R1/8/r7 b - - 0 1
0,1,0,0,0,0,0,1,-1,1,0,1,1,1,0,0,0,0,0,16,0,0,3,5,5,7,2,2,4,4,0,1,0,0,0,0,0,0,0,7,1,1,0,1,0,0,2,2,0,0,KRBKRNvK,DRAW,2B1R3/8/5K2/8/8/5n1k/5r2/8 b - - 0 1
1,1,0,0,0,0,0,1,-1,1,0,1,1,1,0,0,0,0,0,16,0,0,3,6,7,7,4,5,3,4,0,1,0,0,0,0,0,0,0,7,1,1,0,0,0,0,2,1,0,0,KRBKRNvK,DRAW,2r3K1/8/8/7k/1n1R4/B7/8/8 w - - 0 1
0,1,0,0,0,0,0,1,-1,1,0,1,1,1,0,0,0,0,0,16,0,0,2,2,4,2,6,1,3,19,23,0,0,0,0,0,0,0,0,7,1,1,0,0,0,0,3,0,0,0,KRBKRNvK,DRAW,8/2k5/8/2K4R/B7/8/8/2n3r1 b - - 0 1
1,1,0,0,0,0,0,1,-1,1,0,1,1,1,0,0,0,0,0,16,0,0,4,1,3,5,1,2,3,6,0,1,0,0,0,0,0,0,0,7,1,1,1,0,0,0,2,3,1,1,KRBKRNvK,DRAW,8/R4n2/8/8/1K1r4/5B2/5k2/8 w - - 0 1
1,1,0,0,0,0,0,1,-1,1,0,1,1,1,0,0,0,0,0,16,0,0,5,0,4,5,5,3,2,25,28,0,0,0,0,0,0,0,0,7,1,1,0,0,0,0,1,3,1,1,KRBKRNvK,DRAW,7R/2B5/5k2/K7/2r5/3n4/8/8 w - - 0 1
1,1,0,0,0,0,0,1,-1,1,0,1,1,1,0,0,0,0,0,16,0,0,3,2,0,5,0,4,4,25,20,0,0,0,0,0,0,0,0,7,1,1,0,0,0,0,2,0,0,0,KRBKRNvK,DRAW,5r2/n7/8/3R3B/8/8/8/2K2k2 w - - 0 1
1,1,0,0,0,0,0,1,-1,1,0,1,1,1,0,0,0,0,0,16,0,0,4,5,6,2,2,3,2,25,24,0,0,0,0,0,0,0,0,7,1,1,0,0,0,0,3,1,0,0,KRBKRNvK,DRAW,1r6/5K2/8/6R1/8/2k5/8/3n2B1 w - - 0 1
0,1,0,0,0,0,0,1,-1,1,0,1,1,1,0,0,0,0,0,16,0,0,3,1,2,4,0,3,3,21,23,0,0,0,0,0,0,0,0,7,1,1,1,0,0,0,2,2,0,0,KRBKRNvK,DRAW,2r5/6BR/2n5/8/8/1K6/8/4k3 b - - 0 1
1,1,0,0,0,0,0,1,-1,1,0,1,1,1,0,0,0,0,0,16,0,0,2,3,5,1,4,1,2,28,18,0,0,0,0,0,0,0,0,7,1,1,0,0,0,0,4,0,0,0,KRBKRNvK,DRAW,8/8/n2K4/1k6/6R1/2r2B2/8/8 w - - 0 1
0,1,0,0,0,0,0,1,-1,1,0,1,1,1,0,0,0,0,0,16,0,0,5,1,7,6,5,5,3,26,18,0,0,0,0,0,0,0,0,7,1,1,0,1,0,0,0,1,2,0,KRBKRNvK,DRAW,1K3B1R/8/6k1/8/8/3n4/2r5/8 b - - 0 1
1,1,0,0,0,0,0,1,-1,1,0,1,1,1,0,0,0,0,0,16,0,0,7,7,0,1,7,6,5,2,0,1,0,0,0,0,0,0,0,7,1,1,1,0,0,0,2,1,1,1,KRBKRNvK,DRAW,1k6/2R5/2r5/8/8/6n1/6B1/7K w - - 0 1
1,1,0,0,0,0,0,1,-1,1,0,1,1,1,0,0,0,0,0,16,0,0,5,1,4,6,3,2,2,25,22,0,0,0,0,0,0,0,0,7,1,1,0,0,0,0,2,0,1,1,KRBKRNvK,DRAW,8/r7/8/1K3R2/2B3k1/8/8/2n5 w - - 0 1
0,1,0,0,0,0,0,1,-1,1,0,1,1,1,0,0,0,0,0,16,0,0,3,0,4,0,7,3,6,21,21,0,0,0,0,0,0,0,0,7,1,1,0,0,0,0,2,2,0,0,KRBKRNvK,DRAW,k6B/8/8/K6n/4r3/7R/8/8 b - - 0 1
0,1,0,0,0,0,0,1,-1,1,0,1,1,1,0,0,0,0,0,16,0,0,3,4,7,7,4,3,3,24,18,0,0,0,0,0,0,0,0,7,1,1,0,0,0,0,0,3,0,1,KRBKRNvK,DRAW,4K3/3r4/8/7k/8/6n1/7B/1R6 b - - 0 1
1,1,0,0,0,0,0,1,-1,1,0,1,1,1,0,0,0,0,0,16,0,0,2,3,2,5,0,1,4,5,0,1,0,0,0,0,0,0,0,7,1,1,0,0,0,0,2,2,0,1,KRBKRNvK,DRAW,2n5/8/8/3r4/2R3B1/3K4/8/5k2 w - - 0 1
1,1,0,0,0,0,0,1,-1,1,0,1,1,1,0,0,0,0,0,16,0,0,4,5,5,4,1,2,2,28,19,0,0,0,0,0,0,0,0,7,1,1,0,0,0,0,2,2,1,1,KRBKRNvK,DRAW,4r3/8/5K2/3R4/8/6B1/4k1n1/8 w - - 0 1
1,1,0,0,0,0,0,1,-1,1,0,1,1,1,0,0,0,0,0,16,0,0,5,0,4,5,1,3,3,26,15,0,0,0,0,0,0,0,0,7,1,1,1,0,0,0,2,0,0,0,KRBKRNvK,DRAW,8/4R3/8/K7/8/8/5k2/1B3nr1 w - - 0 1
1,1,0,0,0,0,0,1,-1,1,0,1,1,1,0,0,0,0,0,16,0,0,5,5,7,0,5,4,4,24,18,0,0,0,0,0,0,0,0,7,1,1,0,0,0,0,2,2,0,1,KRBKRNvK,DRAW,5KB1/1n6/k2r4/6R1/8/8/8/8 w - - 0 1
1,1,0,0,0,0,0,1,-1,1,0,1,1,1,0,0,0,0,0,16,0,0,4,5,6,1,6,3,4,30,26,0,0,0,0,0,0,0,0,7,1,1,0,0,0,0,0,2,0,0,KRBKRNvK,DRAW,8/1k2BK2/8/8/n7/8/6R1/3r4 w - - 0 1
1,1,0,0,0,0,0,1,-1,1,0,1,1,1,0,0,0,0,0,16,0,0,7,0,4,7,2,3,4,25,24,0,0,0,0,0,0,0,0,7,1,1,0,0,0,0,2,2,0,0,KRBKRNvK,DRAW,3r4/8/8/K4n2/2R5/7k/8/4B3 w - - 0 1
1,1,0,0,0,0,0,1,-1,1,0,1,1,1,0,0,0,0,0,16,0,0,2,5,4,6,2,1,3,25,24,0,0,0,0,0,0,0,0,7,1,1,0,0,0,0,2,3,0,2,KRBKRNvK,DRAW,R7/8/8/5K2/1B6/4rnk1/8/8 w - - 0 1
1,1,0,0,0,0,0,1,-1,1,0,1,1,1,0,0,0,0,0,16,0,0,6,0,4,6,1,3,4,4,0,1,0,0,0,0,0,0,0,7,1,1,0,0,0,0,2,2,0,1,KRBKRNvK,DRAW,4R3/8/2n3B1/K7/8/6r1/6k1/8 w - - 0 1
0,1,0,0,0,0,0,1,-1,1,0,1,1,1,0,0,0,0,0,16,0,0,3,6,6,5,3,4,1,4,0,1,0,0,0,0,0,0,0,7,1,1,0,0,0,0,0,2,1,0,KRBKRNvK,DRAW,8/6K1/1r6/3n4/5k2/1R4B1/8/8 b - - 0 1
1,1,0,0,0,0,0,1,-1,1,0,1,1,1,0,0,0,0,0,16,0,0,7,7,0,0,6,6,5,2,0,1,0,0,0,0,0,0,0,7,1,1,0,0,0,0,2,2,0,0,KRBKRNvK,DRAW,8/k7/n7/5B2/R7/8/8/4r2K w - - 0 1
0,1,0,0,0,0,0,1,-1,1,0,1,1,1,0,0,0,0,0,16,0,0,5,1,0,6,1,5,4,23,28,0,0,0,0,0,0,0,0,7,1,1,0,0,0,0,3,1,1,0,KRBKRNvK,DRAW,8/5r2/8/7R/1n6/4B3/6k1/1K6 b - - 0 1
0,1,0,0,0,0,0,1,-1,1,0,1,1,1,0,0,0,0,0,16,0,0,5,7,4,2,1,3,3,23,24,0,0,0,0,0,0,0,0,7,1,1,0,0,0,0,2,0,0,0,KRBKRNvK,DRAW,8/1n6/8/5R1K/7B/1r6/2k5/8 b - - 0 1
1,1,0,0,0,0,0,1,-1,1,0,1,1,1,0,0,0,0,0,16,0,0,5,6,5,1,2,3,3,7,0,1,0,0,0,0,0,0,0,7,1,1,0,0,0,0,2,1,1,0,KRBKRNvK,DRAW,8/8/r5K1/8/1n6/1k6/6R1/B7 w - - 0 1
1,1,0,0,0,0,0,1,-1,1,0,1,1,1,0,0,0,0,0,16,0,0,3,3,0,0,0,3,6,30,24,0,0,0,0,0,0,0,0,7,1,1,1,0,0,0,2,1,0,0,KRBKRNvK,DRAW,8/4R3/8/5n2/5B2/r7/8/k2K4 w - - 0 1
0,1,0,0,0,0,0,1,-1,1,0,1,1,1,0,0,0,0,0,16,0,0,7,6,7,6,0,5,5,21,24,0,0,0,0,0,0,0,0,7,1,1,0,0,0,0,3,0,0,1,KRBKRNvK,DRAW,6Kn/8/8/8/R7/1r6/8/B5k1 b - - 0 1
1,1,0,0,0,0,0,1,-1,1,0,1,1,1,0,0,0,0,0,16,0,0,6,0,5,6,4,4,2,22,24,0,0,0,0,0,0,0,0,7,1,1,0,0,0,0,2,1,0,0,KRBKRNvK,DRAW,5B2/3n4/K7/6k1/R7/7r/8/8 w - - 0 1
1,1,0,0,0,0,0,1,-1,1,0,1,1,1,0,0,0,0,0,16,0,0,4,5,6,1,3,3,2,28,29,0,0,0,0,0,0,0,0,7,1,1,0,0,0,0,0,2,0,0,KRBKRNvK,DRAW,6R1/5K2/8/8/1k6/2n4B/8/r7 w - - 0 1
1,1,0,0,0,0,0,1,-1,1,0,1,1,1,0,0,0,0,0,16,0,0,5,0,6,3,1,5,2,26,19,0,0,0,0,0,0,0,0,7,1,1,0,0,0,0,0,1,0,0,KRBKRNvK,DRAW,4B3/K7/5R2/8/8/8/2nk4/3r4 w - - 0 1
0,1,0,0,0,0,0,1,-1,1,0,1,1,1,0,0,0,0,0,16,0,0,2,5,3,3,2,1,1,23,23,0,0,0,0,0,0,0,0,7,1,1,0,1,0,0,2,3,0,1,KRBKRNvK,DRAW,8/8/7R/8/5K2/3k3B/4r3/3n4 b - - 0 1
1,1,0,0,0,0,0,1,-1,1,0,1,1,1,0,0,0,0,0,16,0,0,4,5,0,1,3,4,2,4,0,1,0,0,0,0,0,0,0,7,1,1,0,0,0,0,0,1,0,1,KRBKRNvK,DRAW,4B3/8/6R1/8/1k6/1n3r2/8/5K2 w - - 0 1
1,1,0,0,0,0,0,1,-1,1,0,1,1,1,0,0,0,0,0,16,0,0,7,7,6,0,5,5,4,4,0,1,0,0,0,0,0,0,0,7,1,1,0,0,0,0,1,0,0,1,KRBKRNvK,DRAW,8/5r1K/k7/3n4/8/6B1/8/7R w - - 0 1
1,1,0,0,0,0,0,1,-1,1,0,1,1,1,0,0,0,0,0,16,0,0,4,6,5,2,5,3,2,29,19,0,0,0,0,0,0,0,0,7,1,1,0,1,0,0,1,1,0,0,KRBKRNvK,DRAW,8/n7/2k3K1/8/8/8/2r4B/5R2 w - - 0 1
0,1,0,0,0,0,0,1,-1,1,0,1,1,1,0,0,0,0,0,16,0,0,7,0,7,1,0,6,5,4,0,1,0,0,0,0,0,0,0,7,1,1,0,0,0,0,2,2,1,0,KRBKRNvK,DRAW,K5n1/8/8/R7/3r4/8/B7/1k6 b - - 0 1
0,1,0,0,0,0,0,1,-1,1,0,1,1,1,0,0,0,0,0,16,0,0,6,0,0,4,6,6,2,21,23,0,0,0,0,0,0,0,0,7,1,1,0,0,0,0,0,3,0,0,KRBKRNvK,DRAW,8/4k3/3r2nB/8/8/8/8/K4R2 b - - 0 1
1,1,0,0,0,0,0,1,-1,1,0,1,1,1,0,0,0,0,0,16,0,0,2,4,1,6,0,2,5,27,17,0,0,0,0,0,0,0,0,7,1,1,0,0,0,0,1,0,0,0,KRBKRNvK,DRAW,r7/8/2R3B1/8/n7/8/4K3/6k1 w - - 0 1
1,1,0,0,0,0,0,1,-1,1,0,1,1,1,0,0,0,0,0,16,0,0,5,6,5,7,0,3,6,6,0,1,0,0,0,0,0,0,0,7,1,1,0,0,0,0,2,1,1,0,KRBKRNvK,LOSS,8/8/2r3K1/8/8/4n3/8/3R2Bk w - - 0 1
1,1,0,0,0,0,0,1,-1,1,0,1,1,1,0,0,0,0,0,16,0,0,3,2,3,5,0,1,4,20,22,0,0,0,0,0,0,0,0,7,1,1,0,0,0,0,3,0,0,1,KRBKRNvK,DRAW,8/8/1B5r/2R5/n1K5/8/8/5k2 w - - 0 1
0,1,0,0,0,0,0,1,-1,1,0,1,1,1,0,0,0,0,0,16,0,0,2,2,4,4,4,1,0,21,16,0,0,0,0,0,0,0,0,7,1,1,0,0,0,0,3,3,1,0,KRBKRNvK,DRAW,5n2/8/8/2K1k3/1BR5/8/8/r7 b - - 0 1
0,1,0,0,0,0,0,1,-1,1,0,1,1,1,0,0,0,0,0,16,0,0,4,0,5,4,4,4,0,3,0,1,0,0,0,0,0,0,0,7,1,1,0,0,0,0,4,3,2,0,KRBKRNvK,DRAW,8/8/K1B4r/4k3/4R3/8/8/7n b - - 0 1
1,1,0,0,0,0,0,1,-1,1,0,1,1,1,0,0,0,0,0,16,0,0,4,2,6,0,2,3,4,5,0,1,0,0,0,0,0,0,0,7,1,1,0,0,0,0,1,1,0,1,KRBKRNvK,LOSS,8/2K5/8/1n3B2/8/k1r3R1/8/8 w - - 0 1
1,1,0,0,0,0,0,1,-1,1,0,1,1,1,0,0,0,0,0,16,0,0,3,5,3,2,5,1,2,26,21,0,0,0,0,0,0,0,0,7,1,1,0,0,0,0,2,1,0,1,KRBKRNvK,DRAW,6n1/8/2k3r1/8/5K2/7R/8/4B3 w - - 0 1
1,1,0,0,0,0,0,1,-1,1,0,1,1,1,0,0,0,0,0,16,0,0,4,1,6,5,4,4,1,27,19,0,0,0,0,0,0,0,0,7,1,1,1,0,0,0,2,2,1,0,KRBKRNvK,DRAW,8/1K2R3/6n1/5k2/8/6r1/8/2B5 w - - 0 1
1,1,0,0,0,0,0,1,-1,1,0,1,1,1,0,0,0,0,0,16,0,0,3,2,2,5,4,2,1,5,0,1,0,0,0,0,0,0,0,7,1,1,0,0,0,0,3,2,2,1,KRBKRNvK,DRAW,8/8/7B/5k2/8/2K1R3/5n2/2r5 w - - 0 1
0,1,0,0,0,0,0,1,-1,1,0,1,1,1,0,0,0,0,0,16,0,0,3,6,0,3,1,5,2,25,23,0,0,0,0,0,0,0,0,7,1,1,0,0,0,0,1,2,1,1,KRBKRNvK,DRAW,8/8/6R1/8/2n5/4r3/3k4/1B4K1 b - - 0 1
1,1,0,0,0,0,0,1,-1,1,0,1,1,1,0,0,0,0,0,16,0,0,7,7,7,0,2,6,4,22,7,0,0,0,0,0,0,0,0,7,1,1,0,0,0,0,0,0,0,0,KRBKRNvK,DRAW,7K/8/8/8/8/k7/3B2R1/rn6 w - - 0 1
1,1,0,0,0,0,0,1,-1,1,0,1,1,1,0,0,0,0,0,16,0,0,3,4,1,1,2,2,3,5,0,1,0,0,0,0,0,0,0,7,1,1,0,0,0,0,0,2,1,0,KRBKRNvK,DRAW,8/8/3nr3/8/8/1k6/2R1K3/5B2 w - - 0 1
0,1,0,0,0,0,0,1,-1,1,0,1,1,1,0,0,0,0,0,16,0,0,5,5,1,4,6,3,2,22,22,0,0,0,0,0,0,0,0,7,1,1,0,0,0,0,2,1,0,0,KRBKRNvK,DRAW,B7/4k3/4r3/4n3/8/8/5K1R/8 b - - 0 1
0,1,0,0,0,0,0,1,-1,1,0,1,1,1,0,0,0,0,0,16,0,0,3,4,4,1,2,0,3,21,27,0,0,0,0,0,0,0,0,7,1,1,0,0,0,0,3,0,0,0,KRBKRNvK,DRAW,6R1/4B3/1r6/4K2n/8/1k6/8/8 b - - 0 1
0,1,0,0,0,0,0,1,-1,1,0,1,1,1,0,0,0,0,0,16,0,0,2,2,2,4,2,2,1,3,0,1,0,0,0,0,0,0,0,7,1,1,0,0,0,0,1,3,2,1,KRBKRNvK,DRAW,1r6/8/8/8/6B1/2Knk1R1/8/8 b - - 0 1
0,1,0,0,0,0,0,1,-1,1,0,1,1,1,0,0,0,0,0,16,0,0,3,7,3,4,4,3,0,6,0,1,0,0,0,0,0,0,0,7,1,1,0,0,0,0,2,4,2,0,KRBKRNvK,DRAW,4rn2/8/8/4k3/2RB3K/8/8/8 b - - 0 1
1,1,0,0,0,0,0,1,-1,1,0,1,1,1,0,0,0,0,0,16,0,0,6,1,7,4,1,5,2,31,22,0,0,0,0,0,0,0,0,7,1,1,0,0,0,0,1,2,0,0,KRBKRNvK,DRAW,1K6/8/R7/4B3/8/8/4k3/1n1r4 w - - 0 1
1,1,0,0,0,0,0,1,-1,1,0,1,1,1,0,0,0,0,0,16,0,0,4,7,3,3,5,3,1,25,21,0,0,0,0,0,0,0,0,7,1,1,0,0,0,0,0,2,0,0,KRBKRNvK,DRAW,8/5n2/2rk3B/8/7K/1R6/8/8 w - - 0 1
0,1,0,0,0,0,0,1,-1,1,0,1,1,1,0,0,0,0,0,16,0,0,3,4,3,7,1,0,5,23,22,0,0,0,0,0,0,0,0,7,1,1,0,0,0,0,3,0,0,0,KRBKRNvK,DRAW,5r2/4B3/8/8/4K3/8/7k/R1n5 b - - 0 1
0,1,0,0,0,0,0,1,-1,1,0,1,1,1,0,0,0,0,0,16,0,0,2,2,4,0,5,1,4,3,0,1,0,0,0,0,0,0,0,7,1,1,0,1,0,0,2,0,1,0,KRBKRNvK,LOSS,2n5/8/k7/1BK5/8/8/2R4r/8 b - - 0 1
1,1,0,0,0,0,0,1,-1,1,0,1,1,1,0,0,0,0,0,16,0,0,2,3,6,5,6,2,3,5,0,1,0,0,0,0,0,0,0,7,1,1,0,0,0,0,3,3,0,1,KRBKRNvK,DRAW,8/B2K1k2/5n2/8/5r2/8/8/4R3 w - - 0 1
0,1,0,0,0,0,0,1,-1,1,0,1,1,1,0,0,0,0,0,16,0,0,2,3,2,3,4,1,0,22,22,0,0,0,0,0,0,0,0,7,1,1,1,0,0,0,2,3,0,0,KRBKRNvK,DRAW,6r1/R7/8/3k3n/B7/3K4/8/8 b - - 0 1
1,1,0,0,0,0,0,1,-1,1,0,1,1,1,0,0,0,0,0,16,0,0,2,3,3,2,5,0,2,5,0,1,0,0,0,0,0,0,0,7,1,1,1,0,0,0,3,2,0,1,KRBKRNvK,LOSS,8/6R1/2k3r1/1n3B2/3K4/8/8/8 w - - 0 1
0,1,0,0,0,0,0,1,-1,1,0,1,1,1,0,0,0,0,0,16,0,0,7,7,6,0,7,5,6,23,24,0,0,0,0,0,0,0,0,7,1,1,0,0,0,0,2,2,0,0,KRBKRNvK,DRAW,k3B3/7K/8/8/1r6/4R1n1/8/8 b - - 0 1
0,1,0,0,0,0,0,1,-1,1,0,1,1,1,0,0,0,0,0,16,0,0,6,1,1,6,7,4,5,19,23,0,0,0,0,0,0,0,0,7,1,1,0,0,0,0,3,1,0,1,KRBKRNvK,DRAW,B5k1/8/6n1/8/6R1/2r5/1K6/8 b - - 0 1
0,1,0,0,0,0,0,1,-1,1,0,1,1,1,0,0,0,0,0,16,0,0,2,5,4,5,6,1,3,2,0,1,0,0,0,0,0,0,0,7,1,1,1,0,0,0,3,2,0,2,KRBKRNvK,DRAW,8/R4k2/3r4/5K2/2B2n2/8/8/8 b - - 0 1
0,1,0,0,0,0,0,1,-1,1,0,1,1,1,0,0,0,0,0,16,0,0,2,4,5,2,5,1,2,20,22,0,0,0,0,0,0,0,0,7,1,1,0,0,0,0,4,2,0,0,KRBKRNvK,DRAW,8/8/2k1K3/r7/8/8/5B1n/4R3 b - - 0 1
1,1,0,0,0,0,0,1,-1,1,0,1,1,1,0,0,0,0,0,16,0,0,2,3,2,4,4,1,0,25,25,0,0,0,0,0,0,0,0,7,1,1,0,0,0,0,3,3,0,1,KRBKRNvK,DRAW,B7/5r2/8/1n2k3/8/3K4/R7/8 w - - 0 1
0,1,0,0,0,0,0,1,-1,1,0,1,1,1,0,0,0,0,0,16,0,0,3,4,2,1,3,1,2,29,22,0,0,0,0,0,0,0,0,7,1,1,1,0,0,0,2,3,0,1,KRBKRNvK,DRAW,8/3R3B/3n4/2r5/1k6/4K3/8/8 b - - 0 1
1,1,0,0,0,0,0,1,-1,1,0,1,1,1,0,0,0,0,0,16,0,0,6,6,4,0,5,2,4,22,25,0,0,0,0,0,0,0,0,7,1,1,0,0,0,0,2,1,0,1,KRBKRNvK,DRAW,8/5r2/k7/4R1K1/2n5/8/8/2B5 w - - 0 1
0,1,0,0,0,0,0,1,-1,1,0,1,1,1,0,0,0,0,0,16,0,0,5,7,0,2,1,6,3,22,18,0,0,0,0,0,0,0,0,7,1,1,1,0,0,0,0,2,1,0,KRBKRNvK,DRAW,8/R7/8/2n5/2r5/B7/2k5/7K b - - 0 1
0,1,0,0,0,0,0,1,-1,1,0,1,1,1,0,0,0,0,0,16,0,0,6,0,7,6,3,6,2,23,18,0,0,0,0,0,0,0,0,7,1,1,0,0,0,0,0,2,0,0,KRBKRNvK,DRAW,K3B3/8/8/8/1r4k1/8/8/R3n3 b - - 0 1
0,1,0,0,0,0,0,1,-1,1,0,1,1,1,0,0,0,0,0,16,0,0,4,3,2,7,3,1,3,3,0,1,0,0,0,0,0,0,0,7,1,1,0,0,0,0,2,2,1,0,KRBKRNvK,DRAW,8/5n2/8/6r1/5R1k/3K4/4B3/8 b - - 0 1
1,1,0,0,0,0,0,1,-1,1,0,1,1,1,0,0,0,0,0,16,0,0,5,0,7,0,2,6,4,20,15,0,0,0,0,0,0,0,0,7,1,1,0,0,0,0,2,0,0,0,KRBKRNvK,DRAW,K2n4/8/7B/8/7R/k7/8/r7 w - - 0 1
0,1,0,0,0,0,0,1,-1,1,0,1,1,1,0,0,0,0,0,16,0,0,5,1,6,1,1,4,4,22,28,0,0,0,0,0,0,0,0,7,1,1,0,0,0,0,1,0,0,1,KRBKRNvK,DRAW,8/nK6/6R1/5B2/8/8/1k6/2r5 b - - 0 1
0,1,0,0,0,0,0,1,-1,1,0,1,1,1,0,0,0,0,0,16,0,0,5,1,2,6,2,3,3,3,0,1,0,0,0,0,0,0,0,7,1,1,0,0,0,0,2,2,1,2,KRBKRNvK,DRAW,8/1B6/8/8/3r4/1K4k1/6R1/3n4 b - - 0 1
1,1,0,0,0,0,0,1,-1,1,0,1,1,1,0,0,0,0,0,16,0,0,5,5,7,0,6,4,5,17,27,0,0,0,0,0,0,0,0,7,1,1,0,1,0,0,1,2,0,1,KRBKRNvK,DRAW,5KR1/k4B2/3n4/8/8/8/4r3/8 w - - 0 1
0,1,0,0,0,0,0,1,-1,1,0,1,1,1,0,0,0,0,0,16,0,0,6,0,7,6,5,6,3,28,26,0,0,0,0,0,0,0,0,7,1,1,0,0,0,0,1,0,1,0,KRBKRNvK,DRAW,K7/8/6k1/8/4nB2/8/2R5/1r6 b - - 0 1
1,1,0,0,0,0,0,1,-1,1,0,1,1,1,0,0,0,0,0,16,0,0,4,5,4,1,7,1,5,20,21,0,0,0,0,0,0,0,0,7,1,1,0,0,0,0,3,2,0,1,KRBKRNvK,DRAW,1k6/8/3r4/2R2K2/8/8/1n6/1B6 w - - 0 1
0,1,0,0,0,0,0,1,-1,1,0,1,1,1,0,0,0,0,0,16,0,0,3,0,1,3,1,5,2,4,0,1,0,0,0,0,0,0,0,7,1,1,0,0,0,0,2,2,0,0,KRBKRNvK,DRAW,8/8/3R4/Br5n/8/8/K2k4/8 b - - 0 1
0,1,0,0,0,0,0,1,-1,1,0,1,1,1,0,0,0,0,0,16,0,0,2,4,1,3,3,2,0,4,0,1,0,0,0,0,0,0,0,7,1,1,0,0,0,0,2,3,1,1,KRBKRNvK,DRAW,8/3n4/8/8/3k1R2/8/4K3/2B3r1 b - - 0 1
0,1,0,0,0,0,0,1,-1,1,0,1,1,1,0,0,0,0,0,16,0,0,5,1,3,6,6,2,4,7,0,1,0,0,0,0,0,0,0,7,1,1,0,0,0,0,0,2,0,2,KRBKRNvK,DRAW,2B5/6k1/8/8/1K6/1n1r4/8/6R1 b - - 0 1
0,1,0,0,0,0,0,1,-1,1,0,1,1,1,0,0,0,0,0,16,0,0,4,6,1,2,0,4,4,24,29,0,0,0,0,0,0,0,0,7,1,1,0,0,0,0,2,3,0,0,KRBKRNvK,DRAW,4r3/8/1n6/8/1B3R2/8/6K1/2k5 b - - 0 1
1,1,0,0,0,0,0,1,-1,1,0,1,1,1,0,0,0,0,0,16,0,0,4,5,0,3,4,4,0,3,0,1,0,0,0,0,0,0,0,7,1,1,0,0,0,0,0,3,0,1,KRBKRNvK,DRAW,1Rn2B2/8/8/3k4/8/8/8/5K1r w - - 0 1
1,1,0,0,0,0,0,1,-1,1,0,1,1,1,0,0,0,0,0,16,0,0,3,6,3,3,6,2,2,7,0,1,0,0,0,0,0,0,0,7,1,1,0,0,0,0,1,2,0,1,KRBKRNvK,DRAW,8/r2k4/5n2/8/6K1/8/5B2/7R w - - 0 1
0,1,0,0,0,0,0,1,-1,1,0,1,1,1,0,0,0,0,0,16,0,0,4,7,5,3,7,4,3,6,0,1,0,0,0,0,0,0,0,7,1,1,0,0,0,0,2,1,0,0,KRBKRNvK,DRAW,r2k2B1/8/7K/8/1n6/8/3R4/8 b - - 0 1
1,1,0,0,0,0,0,1,-1,1,0,1,1,1,0,0,0,0,0,16,0,0,7,1,7,2,0,5,4,23,24,0,0,0,0,0,0,0,0,7,1,1,0,0,0,0,2,3,0,0,KRBKRNvK,DRAW,1K6/8/8/8/7R/2n4B/8/2k1r3 w - - 0 1
1,1,0,0,0,0,0,1,-1,1,0,1,1,1,0,0,0,0,0,16,0,0,6,7,6,1,3,5,2,30,19,0,0,0,0,0,0,0,0,7,1,1,0,0,0,0,3,2,1,0,KRBKRNvK,DRAW,8/7K/5B2/8/1k3r2/8/3R4/7n w - - 0 1
0,1,0,0,0,0,0,1,-1,1,0,1,1,1,0,0,0,0,0,16,0,0,4,1,7,0,3,5,3,2,0,1,0,0,0,0,0,0,0,7,1,1,0,0,0,0,0,1,0,0,KRBKRNvK,DRAW,1K6/5r2/6n1/8/k7/8/8/R3B3 b - - 0 1
1,1,0,0,0,0,0,1,-1,1,0,1,1,1,0,0,0,0,0,16,0,0,4,3,2,4,6,1,2,25,21,0,0,0,0,0,0,0,0,7,1,1,0,0,0,0,2,2,0,1,KRBKRNvK,DRAW,5n2/4k3/B6R/5r2/8/3K4/8/8 w - - 0 1
0,1,0,0,0,0,0,1,-1,1,0,1,1,1,0,0,0,0,0,16,0,0,3,0,2,0,5,4,4,4,0,1,0,0,0,0,0,0,0,7,1,1,0,0,0,0,2,2,0,0,KRBKRNvK,DRAW,3n4/8/k7/4R3/5r2/K2B4/8/8 b - - 0 1
0,1,0,0,0,0,0,1,-1,1,0,1,1,1,0,0,0,0,0,16,0,0,3,6,3,7,6,2,5,3,0,1,0,0,0,0,0,0,0,7,1,1,0,0,0,0,1,2,0,1,KRBKRNvK,DRAW,8/7k/8/8/2r2BKR/8/4n3/8 b - - 0 1
0,1,0,0,0,0,0,1,-1,1,0,1,1,1,0,0,0,0,0,16,0,0,2,7,0,5,0,6,4,23,19,0,0,0,0,0,0,0,0,7,1,1,0,0,0,0,1,2,0,0,KRBKRNvK,DRAW,6R1/2B5/6n1/8/4r3/8/8/5k1K b - - 0 1
0,1,0,0,0,0,0,1,-1,1,0,1,1,1,0,0,0,0,0,16,0,0,6,0,2,6,4,4,2,7,0,1,0,0,0,0,0,0,0,7,1,1,0,0,0,0,0,2,1,0,KRBKRNvK,LOSS,7n/4B3/3r4/6k1/8/K1R5/8/8 b - - 0 1
0,1,0,0,0,0,0,1,-1,1,0,1,1,1,0,0,0,0,0,16,0,0,2,5,1,7,1,3,5,18,26,0,0,0,0,0,0,0,0,7,1,1,1,0,0,0,3,0,0,0,KRBKRNvK,DRAW,n6B/4R3/2r5/8/8/8/5K1k/8 b - - 0 1
0,1,0,0,0,0,0,1,-1,1,0,1,1,1,0,0,0,0,0,16,0,0,6,2,7,3,1,4,2,19,24,0,0,0,0,0,0,0,0,7,1,1,0,0,0,0,0,2,0,0,KRBKRNvK,DRAW,2K5/8/8/7B/n2r4/8/3k4/6R1 b - - 0 1
0,1,0,0,0,0,0,1,-1,1,0,1,1,1,0,0,0,0,0,16,0,0,6,2,0,2,6,4,3,18,21,0,0,0,0,0,0,0,0,7,1,1,0,0,0,0,2,1,0,0,KRBKRNvK,DRAW,8/1rk1n3/8/8/8/8/3R4/2KB4 b - - 0 1
0,1,0,0,0,0,0,1,-1,1,0,1,1,1,0,0,0,0,0,16,0,0,5,5,1,0,6,3,5,2,0,1,0,0,0,0,0,0,0,7,1,1,0,0,0,0,0,0,0,0,KRBKRNvK,DRAW,5B1n/kr6/8/8/8/8/5K2/R7 b - - 0 1
0,1,0,0,0,0,0,1,-1,1,0,1,1,1,0,0,0,0,0,16,0,0,4,7,1,3,2,5,1,5,0,1,0,0,0,0,0,0,0,7,1,1,0,0,0,0,1,4,1,0,KRBKRNvK,DRAW,8/7B/8/1r6/3n4/3k4/7K/2R5 b - - 0 1
1,1,0,0,0,0,0,1,-1,1,0,1,1,1,0,0,0,0,0,16,0,0,7,6,0,0,7,5,6,7,0,1,0,0,0,0,0,0,0,7,1,1,0,0,0,0,0,2,0,0,KRBKRNvK,DRAW,k7/8/8/6r1/8/1R5B/n7/6K1 w - - 0 1
1,1,0,0,0,0,0,1,-1,1,0,1,1,1,0,0,0,0,0,16,0,0,6,7,4,1,5,3,3,26,25,0,0,0,0,0,0,0,0,7,1,1,0,0,0,0,2,1,0,0,KRBKRNvK,DRAW,8/8/1k6/7K/2n5/B7/4R3/1r6 w - - 0 1
0,1,0,0,0,0,0,1,-1,1,0,1,1,1,0,0,0,0,0,16,0,0,6,1,3,7,5,2,4,21,24,0,0,0,0,0,0,0,0,7,1,1,0,0,0,0,2,0,0,0,KRBKRNvK,DRAW,8/8/7k/3B4/1KR5/5r2/8/n7 b - - 0 1
0,1,0,0,0,0,0,1,-1,1,0,1,1,1,0,0,0,0,0,16,0,0,4,2,7,3,3,4,0,6,0,1,0,0,0,0,0,0,0,7,1,1,0,0,0,0,2,3,2,0,KRBKRNvK,DRAW,2K5/8/8/8/3k4/rB6/3R1n2/8 b - - 0 1
0,1,0,0,0,0,0,1,-1,1,0,1,1,1,0,0,0,0,0,16,0,0,2,5,3,5,5,1,2,5,0,1,0,0,0,0,0,0,0,7,1,1,0,0,0,0,4,1,0,2,KRBKRNvK,DRAW,8/8/5k1n/8/5K2/7r/8/B2R4 b - - 0 1
0,1,0,0,0,0,0,1,-1,1,0,1,1,1,0,0,0,0,0,16,0,0,3,6,7,3,6,5,2,24,26,0,0,0,0,0,0,0,0,7,1,1,0,0,0,0,2,2,0,0,KRBKRNvK,DRAW,6K1/3k4/8/4n1B1/7R/3r4/8/8 b - - 0 1
1,1,0,0,0,0,0,1,-1,1,0,1,1,1,0,0,0,0,0,16,0,0,2,7,3,5,3,3,1,23,21,0,0,0,0,0,0,0,0,7,1,1,1,0,0,0,0,3,0,0,KRBKRNvK,WIN,5B2/2R5/4n3/8/5k1K/8/8/5r2 w - - 0 1
1,1,0,0,0,0,0,1,-1,1,0,1,1,1,0,0,0,0,0,16,0,0,2,3,7,1,5,3,3,2,0,1,0,0,0,0,0,0,0,7,1,1,0,0,0,0,2,2,1,0,KRBKRNvK,LOSS,2RK4/8/1k6/5n2/8/3r4/1B6/8 w - - 0 1
0,1,0,0,0,0,0,1,-1,1,0,1,1,1,0,0,0,0,0,16,0,0,4,1,6,5,7,4,4,19,25,0,0,0,0,0,0,0,0,7,1,1,0,0,0,0,3,0,0,1,KRBKRNvK,DRAW,r4k2/1K6/8/8/3B3R/7n/8/8 b - - 0 1
0,1,0,0,0,0,0,1,-1,1,0,1,1,1,0,0,0,0,0,16,0,0,6,0,0,6,2,6,3,5,0,1,0,0,0,0,0,0,0,7,1,1,0,0,0,0,0,2,1,0,KRBKRNvK,DRAW,3r4/8/6R1/8/n7/6k1/4B3/K7 b - - 0 1
1,1,0,0,0,0,0,1,-1,1,0,1,1,1,0,0,0,0,0,16,0,0,2,5,7,5,5,4,2,25,20,0,0,0,0,0,0,0,0,7,1,1,0,0,0,0,2,3,2,0,KRBKRNvK,DRAW,5K2/8/5k2/2r2B2/6R1/8/3n4/8 w - - 0 1
1,1,0,0,0,0,0,1,-1,1,0,1,1,1,0,0,0,0,0,16,0,0,6,7,6,1,1,5,4,5,0,1,0,0,0,0,0,0,0,7,1,1,0,0,0,0,2,1,0,0,KRBKRNvK,DRAW,8/7K/8/3R4/6n1/8/1k6/5B1r w - - 0 1
1,1,0,0,0,0,0,1,-1,1,0,1,1,1,0,0,0,0,0,16,0,0,2,5,3,7,3,1,3,4,0,1,0,0,0,0,0,0,0,7,1,1,0,0,0,0,4,2,0,0,KRBKRNvK,DRAW,8/8/2n5/8/5K1k/8/3R4/3B1r2 w - - 0 1
1,1,0,0,0,0,0,1,-1,1,0,1,1,1,0,0,0,0,0,16,0,0,2,7,6,5,4,5,1,4,0,1,0,0,0,0,0,0,0,7,1,1,0,0,0,0,0,2,0,1,KRBKRNvK,DRAW,5n2/7K/BR6/5k2/8/8/8/2r5 w - - 0 1
0,1,0,0,0,0,0,1,-1,1,0,1,1,1,0,0,0,0,0,16,0,0,3,3,4,0,5,0,4,27,27,0,0,0,0,0,0,0,0,7,1,1,0,0,0,0,3,1,0,1,KRBKRNvK,DRAW,8/6r1/k2n4/3K4/8/7B/5R2/8 b - - 0 1
1,1,0,0,0,0,0,1,-1,1,0,1,1,1,0,0,0,0,0,16,0,0,3,2,0,5,1,4,3,23,22,0,0,0,0,0,0,0,0,7,1,1,0,0,0,0,2,2,1,0,KRBKRNvK,DRAW,3r4/8/8/8/B3R3/7n/5k2/2K5 w - - 0 1
0,1,0,0,0,0,0,1,-1,1,0,1,1,1,0,0,0,0,0,16,0,0,4,2,0,6,4,4,2,4,0,1,0,0,0,0,0,0,0,7,1,1,0,0,0,0,0,0,0,0,KRBKRNvK,DRAW,5B2/1n6/5r2/6k1/8/8/8/2K3R1 b - - 0 1
0,1,0,0,0,0,0,1,-1,1,0,1,1,1,0,0,0,0,0,16,0,0,4,5,5,1,7,2,5,3,0,1,0,0,0,0,0,0,0,7,1,1,0,0,0,0,1,2,1,2,KRBKRNvK,DRAW,1k5R/8/B4K2/3rn3/8/8/8/8 b - - 0 1
0,1,0,0,0,0,0,1,-1,1,0,1,1,1,0,0,0,0,0,16,0,0,6,1,0,7,5,5,4,20,25,0,0,0,0,0,0,0,0,7,1,1,0,0,0,0,1,2,0,0,KRBKRNvK,DRAW,1R6/4r2n/7k/8/8/1B6/8/1K6 b - - 0 1
1,1,0,0,0,0,0,1,-1,1,0,1,1,1,0,0,0,0,0,16,0,0,5,0,5,5,1,4,3,28,20,0,0,0,0,0,0,0,0,7,1,1,0,1,0,0,2,2,1,0,KRBKRNvK,DRAW,8/5n2/K7/8/8/2R5/4rkB1/8 w - - 0 1
0,1,0,0,0,0,0,1,-1,1,0,1,1,1,0,0,0,0,0,16,0,0,3,1,7,1,4,5,2,26,26,0,0,0,0,0,0,0,0,7,1,1,0,0,0,0,3,2,0,1,KRBKRNvK,DRAW,1K1n4/4r3/5B2/1k6/8/8/3R4/8 b - - 0 1
0,1,0,0,0,0,0,1,-1,1,0,1,1,1,0,0,0,0,0,16,0,0,2,3,6,4,4,2,0,2,0,1,0,0,0,0,0,0,0,7,1,1,0,0,0,0,4,3,2,0,KRBKRNvK,DRAW,r7/3K4/8/3Rk3/n7/5B2/8/8 b - - 0 1
0,1,0,0,0,0,0,1,-1,1,0,1,1,1,0,0,0,0,0,16,0,0,4,7,2,4,6,4,2,17,23,0,0,0,0,0,0,0,0,7,1,1,0,0,0,0,0,1,0,0,KRBKRNvK,DRAW,4r3/4k3/8/8/8/1n5K/5R2/4B3 b - - 0 1
1,1,0,0,0,0,0,1,-1,1,0,1,1,1,0,0,0,0,0,16,0,0,2,2,5,0,6,2,5,30,23,0,0,0,0,0,0,0,0,7,1,1,0,0,0,0,2,2,0,1,KRBKRNvK,WIN,4r3/k4n2/2K5/5B2/3R4/8/8/8 w - - 0 1
1,1,0,0,0,0,0,1,-1,1,0,1,1,1,0,0,0,0,0,16,0,0,7,0,0,7,7,6,6,3,0,1,0,0,0,0,0,0,0,7,1,1,0,0,0,0,2,1,0,0,KRBKRNvK,DRAW,7k/8/8/4R3/7B/8/5n2/K6r w - - 0 1
1,1,0,0,0,0,0,1,-1,1,0,1,1,1,0,0,0,0,0,16,0,0,3,7,4,4,3,3,0,25,18,0,0,0,0,0,0,0,0,7,1,1,0,0,0,0,0,4,0,0,KRBKRNvK,DRAW,5R2/8/8/7K/B2rk3/8/6n1/8 w - - 0 1
0,1,0,0,0,0,0,1,-1,1,0,1,1,1,0,0,0,0,0,16,0,0,3,6,0,3,1,5,2,4,0,1,0,0,0,0,0,0,0,7,1,1,0,0,0,0,0,3,0,0,KRBKRNvK,DRAW,8/8/4r3/6B1/1n6/8/R2k4/6K1 b - - 0 1
0,1,0,0,0,0,0,1,-1,1,0,1,1,1,0,0,0,0,0,16,0,0,5,5,1,0,1,3,5,24,31,0,0,0,0,0,0,0,0,7,1,1,1,0,0,0,1,2,0,0,KRBKRNvK,DRAW,8/5R2/3Bn3/8/r7/8/k4K2/8 b - - 0 1
0,1,0,0,0,0,0,1,-1,1,0,1,1,1,0,0,0,0,0,16,0,0,3,5,2,2,4,2,1,24,23,0,0,0,0,0,0,0,0,7,1,1,0,0,0,0,2,3,1,0,KRBKRNvK,DRAW,8/8/2n5/2k5/4B3/5K2/4R3/2r5 b - - 0 1
1,1,0,0,0,0,0,1,-1,1,0,1,1,1,0,0,0,0,0,16,0,0,6,7,4,1,4,3,2,27,21,0,0,0,0,0,0,0,0,7,1,1,0,0,0,0,1,1,1,0,KRBKRNvK,DRAW,8/1r6/8/1k5K/8/1B6/5n2/6R1 w - - 0 1
1,1,0,0,0,0,0,1,-1,1,0,1,1,1,0,0,0,0,0,16,0,0,3,4,1,1,4,2,2,34,28,0,0,0,0,0,0,0,0,7,1,1,0,0,0,0,1,1,0,0,KRBKRNvK,DRAW,7r/8/3n4/1k6/4B3/8/4K3/5R2 w - - 0 1
1,1,0,0,0,0,0,1,-1,1,0,1,1,1,0,0,0,0,0,16,0,0,3,0,3,0,6,3,5,24,22,0,0,0,0,0,0,0,0,7,1,1,0,0,0,0,2,1,0,0,KRBKRNvK,DRAW,8/k2n4/7r/8/K3R2B/8/8/8 w - - 0 1
1,1,0,0,0,0,0,1,-1,1,0,1,1,1,0,0,0,0,0,16,0,0,5,2,6,4,1,3,2,29,25,0,0,0,0,0,0,0,0,7,1,1,0,0,0,0,3,0,0,0,KRBKRNvK,DRAW,7B/2K5/8/1R6/8/r7/4k2n/8 w - - 0 1
1,1,0,0,0,0,0,1,-1,1,0,1,1,1,0,0,0,0,0,16,0,0,4,5,3,1,3,1,2,31,20,0,0,0,0,0,0,0,0,7,1,1,0,0,0,0,3,1,1,0,KRBKRNvK,DRAW,8/r4B2/8/1n6/1k3K2/8/2R5/8 w - - 0 1
0,1,0,0,0,0,0,1,-1,1,0,1,1,1,0,0,0,0,0,16,0,0,6,7,0,2,6,6,3,24,24,0,0,0,0,0,0,0,0,7,1,1,0,0,0,0,0,1,0,0,KRBKRNvK,DRAW,8/2kn4/6R1/8/8/r7/8/3B3K b - - 0 1
0,1,0,0,0,0,0,1,-1,1,0,1,1,1,0,0,0,0,0,16,0,0,6,3,1,1,7,2,5,25,19,0,0,0,0,0,0,0,0,7,1,1,1,0,0,0,0,1,0,1,KRBKRNvK,DRAW,1k6/4n1R1/8/8/8/5r2/3K4/3B4 b - - 0 1
1,1,0,0,0,0,0,1,-1,1,0,1,1,1,0,0,0,0,0,16,0,0,4,4,3,0,3,0,3,33,20,0,0,0,0,0,0,0,0,7,1,1,0,0,0,0,3,0,0,0,KRBKRNvK,DRAW,2R5/8/8/8/k2BK3/8/8/1r3n2 w - - 0 1
0,1,0,0,0,0,0,1,-1,1,0,1,1,1,0,0,0,0,0,16,0,0,2,6,5,4,7,3,3,19,30,0,0,0,0,0,0,0,0,7,1,1,0,0,0,0,3,2,0,0,KRBKRNvK,DRAW,4k3/8/6K1/2R5/8/8/6B1/2nr4 b - - 0 1
0,1,0,0,0,0,0,1,-1,1,0,1,1,1,0,0,0,0,0,16,0,0,3,2,4,4,1,1,2,4,0,1,0,0,0,0,0,0,0,7,1,1,0,1,0,0,2,0,1,0,KRBKRNvK,DRAW,8/8/8/1BK5/8/6Rn/4k2r/8 b - - 0 1
0,1,0,0,0,0,0,1,-1,1,0,1,1,1,0,0,0,0,0,16,0,0,3,2,7,5,4,4,1,20,22,0,0,0,0,0,0,0,0,7,1,1,0,0,0,0,1,3,1,1,KRBKRNvK,DRAW,2K5/1n3B2/2R5/3r1k2/8/8/8/8 b - - 0 1
1,1,0,0,0,0,0,1,-1,1,0,1,1,1,0,0,0,0,0,16,0,0,5,0,1,4,6,5,2,32,23,0,0,0,0,0,0,0,0,7,1,1,0,0,0,0,1,2,0,0,KRBKRNvK,DRAW,4n3/4k3/3r4/8/4B3/2R5/K7/8 w - - 0 1
0,1,0,0,0,0,0,1,-1,1,0,1,1,1,0,0,0,0,0,16,0,0,4,5,7,2,3,4,1,5,0,1,0,0,0,0,0,0,0,7,1,1,0,0,0,0,3,3,1,1,KRBKRNvK,LOSS,5K2/6n1/4B3/3r4/2k2R2/8/8/8 b - - 0 1
1,1,0,0,0,0,0,1,-1,1,0,1,1,1,0,0,0,0,0,16,0,0,3,4,6,3,3,2,0,25,24,0,0,0,0,0,0,0,0,7,1,1,0,0,0,0,0,3,0,1,KRBKRNvK,DRAW,8/4K3/1n6/5r2/3k4/R7/8/5B2 w - - 0 1
0,1,0,0,0,0,0,1,-1,1,0,1,1,1,0,0,0,0,0,16,0,0,3,3,3,1,0,0,5,22,18,0,0,0,0,0,0,0,0,7,1,1,0,0,0,0,4,0,0,1,KRBKRNvK,DRAW,8/7n/3R4/8/3K4/2r5/7B/1k6 b - - 0 1
1,1,0,0,0,0,0,1,-1,1,0,1,1,1,0,0,0,0,0,16,0,0,4,4,3,7,7,0,6,24,20,0,0,0,0,0,0,0,0,7,1,1,0,0,0,0,3,2,0,1,KRBKRNvK,DRAW,3r3k/8/8/1R6/4K3/8/6n1/6B1 w - - 0 1
1,1,0,0,0,0,0,1,-1,1,0,1,1,1,0,0,0,0,0,16,0,0,7,7,0,0,3,6,3,2,0,1,0,0,0,0,0,0,0,7,1,1,0,0,0,0,1,2,1,0,KRBKRNvK,DRAW,6R1/3n4/1B6/7r/k7/8/8/7K w - - 0 1
1,1,0,0,0,0,0,1,-1,1,0,1,1,1,0,0,0,0,0,16,0,0,6,7,0,1,1,6,4,2,0,1,0,0,0,0,0,0,0,7,1,1,0,0,0,0,2,0,0,1,KRBKRNvK,DRAW,8/8/8/3R4/3n4/7r/1k3B2/7K w - - 0 1
0,1,0,0,0,0,0,1,-1,1,0,1,1,1,0,0,0,0,0,16,0,0,3,5,4,2,2,1,2,24,17,0,0,0,0,0,0,0,0,7,1,1,0,0,0,0,3,1,0,1,KRBKRNvK,DRAW,8/5B2/1r6/5K1R/8/2k4n/8/8 b - - 0 1
1,1,0,0,0,0,0,1,-1,1,0,1,1,1,0,0,0,0,0,16,0,0,6,7,7,1,3,6,2,24,24,0,0,0,0,0,0,0,0,7,1,1,0,0,0,0,0,2,0,0,KRBKRNvK,DRAW,7K/8/8/8/1k1rn2B/8/6R1/8 w - - 0 1
0,1,0,0,0,0,0,1,-1,1,0,1,1,1,0,0,0,0,0,16,0,0,2,1,2,2,0,3,4,21,29,0,0,0,0,0,0,0,0,7,1,1,0,1,0,0,2,0,0,0,KRBKRNvK,DRAW,8/8/8/4B3/5R2/1K6/6r1/2k2n2 b - - 0 1
1,1,0,0,0,0,0,1,-1,1,0,1,1,1,0,0,0,0,0,16,0,0,2,4,0,6,0,3,5,19,20,0,0,0,0,0,0,0,0,7,1,1,0,0,0,0,2,0,0,1,KRBKRNvK,DRAW,4RB2/8/8/8/8/1r6/8/2n1K1k1 w - - 0 1
0,1,0,0,0,0,0,1,-1,1,0,1,1,1,0,0,0,0,0,16,0,0,5,0,3,5,7,3,4,20,23,0,0,0,0,0,0,0,0,7,1,1,1,0,0,0,1,1,0,0,KRBKRNvK,DRAW,2r2k2/1R6/8/8/K7/1B2n3/8/8 b - - 0 1
1,1,0,0,0,0,0,1,-1,1,0,1,1,1,0,0,0,0,0,16,0,0,6,0,0,1,6,6,4,1,0,1,0,0,0,0,0,0,0,7,1,1,0,1,0,0,0,3,0,1,KRBKRNvK,DRAW,6R1/1k6/8/8/6B1/1n6/4r3/K7 w - - 0 1
0,1,0,0,0,0,0,1,-1,1,0,1,1,1,0,0,0,0,0,16,0,0,2,0,2,1,0,4,5,5,0,1,0,0,0,0,0,0,0,7,1,1,0,0,0,0,1,1,0,1,KRBKRNvK,DRAW,8/8/2r5/5B2/1n6/K5R1/8/1k6 b - - 0 1
0,1,0,0,0,0,0,1,-1,1,0,1,1,1,0,0,0,0,0,16,0,0,6,2,7,1,1,4,4,17,27,0,0,0,0,0,0,0,0,7,1,1,0,0,0,0,2,1,1,0,KRBKRNvK,DRAW,2K5/5n2/8/8/1B6/4R3/1k6/1r6 b - - 0 1
1,1,0,0,0,0,0,1,-1,1,0,1,1,1,0,0,0,0,0,16,0,0,3,4,2,7,1,1,5,15,23,0,0,0,0,0,0,0,0,7,1,1,0,0,0,0,2,1,0,0,KRBKRNvK,DRAW,8/8/5r2/8/1n6/4K3/7k/3BR3 w - - 0 1
1,1,0,0,0,0,0,1,-1,1,0,1,1,1,0,0,0,0,0,16,0,0,6,0,4,6,2,3,3,27,26,0,0,0,0,0,0,0,0,7,1,1,0,1,0,0,0,1,1,0,KRBKRNvK,DRAW,8/8/1R6/K7/5nB1/6k1/7r/8 w - - 0 1
1,1,0,0,0,0,0,1,-1,1,0,1,1,1,0,0,0,0,0,16,0,0,4,4,5,0,2,1,4,21,17,0,0,0,0,0,0,0,0,7,1,1,0,0,0,0,4,0,0,0,KRBKRNvK,DRAW,8/r7/4K3/8/6R1/k6B/1n6/8 w - - 0 1
0,1,0,0,0,0,0,1,-1,1,0,1,1,1,0,0,0,0,0,16,0,0,6,7,3,1,2,3,3,23,27,0,0,0,0,0,0,0,0,7,1,1,0,1,0,0,1,0,1,1,KRBKRNvK,DRAW,R7/8/8/2B5/7K/nk6/5r2/8 b - - 0 1
0,1,0,0,0,0,0,1,-1,1,0,1,1,1,0,0,0,0,0,16,0,0,6,0,5,6,6,4,4,25,19,0,0,0,0,0,0,0,0,7,1,1,0,0,0,0,1,2,0,0,KRBKRNvK,DRAW,8/6k1/K7/5r2/7n/8/8/R5B1 b - - 0 1
1,1,0,0,0,0,0,1,-1,1,0,1,1,1,0,0,0,0,0,16,0,0,2,4,2,2,1,1,3,28,21,0,0,0,0,0,0,0,0,7,1,1,0,0,0,0,3,3,0,0,KRBKRNvK,DRAW,8/3n4/3r4/8/8/4KB2/2k5/7R w - - 0 1
0,1,0,0,0,0,0,1,-1,1,0,1,1,1,0,0,0,0,0,16,0,0,2,0,1,0,3,5,3,19,23,0,0,0,0,0,0,0,0,7,1,1,0,0,0,0,1,2,0,0,KRBKRNvK,DRAW,4r3/B7/8/8/k7/8/K5n1/1R6 b - - 0 1
1,1,0,0,0,0,0,1,-1,1,0,1,1,1,0,0,0,0,0,16,0,0,4,3,4,7,3,0,3,27,21,0,0,0,0,0,0,0,0,7,1,1,0,0,0,0,3,1,1,1,KRBKRNvK,DRAW,8/2Bn4/8/3K4/7k/6R1/8/5r2 w - - 0 1
0,1,0,0,0,0,0,1,-1,1,0,1,1,1,0,0,0,0,0,16,0,0,2,2,2,0,0,2,6,22,25,0,0,0,0,0,0,0,0,7,1,1,0,0,0,0,3,3,0,1,KRBKRNvK,DRAW,4r3/8/8/8/1n3R2/2K5/8/k6B b - - 0 1
1,1,0,0,0,0,0,1,-1,1,0,1,1,1,0,0,0,0,0,16,0,0,2,7,3,6,5,3,3,21,22,0,0,0,0,0,0,0,0,7,1,1,0,0,0,0,3,3,0,0,KRBKRNvK,DRAW,8/3n4/6k1/8/7K/3r4/8/B3R3 w - - 0 1
1,1,0,0,0,0,0,1,-1,1,0,1,1,1,0,0,0,0,0,16,0,0,5,4,7,2,2,3,2,20,27,0,0,0,0,0,0,0,0,7,1,1,0,0,0,0,0,2,0,0,KRBKRNvK,DRAW,4K3/8/8/8/8/2k1n2B/7R/r7 w - - 0 1
1,1,0,0,0,0,0,1,-1,1,0,1,1,1,0,0,0,0,0,16,0,0,7,0,0,7,6,6,5,25,26,0,0,0,0,0,0,0,0,7,1,1,0,0,0,0,1,0,0,0,KRBKRNvK,DRAW,6r1/2B4k/8/3n4/8/R7/8/K7 w - - 0 1
0,1,0,0,0,0,0,1,-1,1,0,1,1,1,0,0,0,0,0,16,0,0,4,6,4,2,3,2,1,23,25,0,0,0,0,0,0,0,0,7,1,1,0,1,0,0,1,2,1,0,KRBKRNvK,DRAW,8/7B/R7/6K1/2k5/8/5rn1/8 b - - 0 1
0,1,0,0,0,0,0,1,-1,1,0,1,1,1,0,0,0,0,0,16,0,0,2,3,6,3,4,2,0,22,21,0,0,0,0,0,0,0,0,7,1,1,1,1,0,0,0,3,1,1,KRBKRNvK,WIN,4n3/3K3R/8/1B1k4/8/8/6r1/8 b - - 0 1
1,1,0,0,0,0,0,1,-1,1,0,1,1,1,0,0,0,0,0,16,0,0,4,4,6,0,2,2,4,26,25,0,0,0,0,0,0,0,0,7,1,1,0,0,0,0,2,2,0,0,KRBKRNvK,DRAW,2B4r/4K3/8/3R4/8/k4n2/8/8 w - - 0 1
0,1,0,0,0,0,0,1,-1,1,0,1,1,1,0,0,0,0,0,16,0,0,2,0,2,2,1,4,3,19,24,0,0,0,0,0,0,0,0,7,1,1,0,0,0,0,3,0,1,0,KRBKRNvK,DRAW,2r4n/8/8/5B2/4R3/K7/2k5/8 b - - 0 1
1,1,0,0,0,0,0,1,-1,1,0,1,1,1,0,0,0,0,0,16,0,0,6,6,0,1,6,5,4,18,24,0,0,0,0,0,0,0,0,7,1,1,0,0,0,0,0,0,0,0,KRBKRNvK,DRAW,8/1k6/8/7n/8/Br6/8/R5K1 w - - 0 1
1,1,0,0,0,0,0,1,-1,1,0,1,1,1,0,0,0,0,0,16,0,0,6,2,7,3,1,4,2,4,0,1,0,0,0,0,0,0,0,7,1,1,0,0,0,0,1,2,1,1,KRBKRNvK,LOSS,2K5/8/3n4/8/6rR/3B4/3k4/8 w - - 0 1
0,1,0,0,0,0,0,1,-1,1,0,1,1,1,0,0,0,0,0,16,0,0,5,2,1,3,6,3,2,6,0,1,0,0,0,0,0,0,0,7,1,1,1,0,0,0,0,0,1,0,KRBKRNvK,DRAW,7r/3k1R2/n6B/8/8/8/2K5/8 b - - 0 1
0,1,0,0,0,0,0,1,-1,1,0,1,1,1,0,0,0,0,0,16,0,0,2,7,0,7,2,6,4,19,22,0,0,0,0,0,0,0,0,7,1,1,0,0,0,0,0,2,1,0,KRBKRNvK,DRAW,8/8/n7/6B1/8/3r3k/8/2R4K b - - 0 1
1,1,0,0,0,0,0,1,-1,1,0,1,1,1,0,0,0,0,0,16,0,0,6,3,0,1,6,3,4,26,28,0,0,0,0,0,0,0,0,7,1,1,0,1,0,0,2,1,0,0,KRBKRNvK,DRAW,8/1k6/8/2n2B2/3R4/8/6r1/3K4 w - - 0 1
1,1,0,0,0,0,0,1,-1,1,0,1,1,1,0,0,0,0,0,16,0,0,5,3,2,1,7,1,5,21,17,0,0,0,0,0,0,0,0,7,1,1,0,0,0,0,2,0,0,0,KRBKRNvK,DRAW,1k3r2/7n/8/RB6/8/3K4/8/8 w - - 0 1
0,1,0,0,0,0,0,1,-1,1,0,1,1,1,0,0,0,0,0,16,0,0,5,6,2,7,7,3,6,22,26,0,0,0,0,0,0,0,0,7,1,1,0,0,0,0,0,1,0,0,KRBKRNvK,DRAW,7k/8/r7/8/1n4B1/6K1/8/1R6 b - - 0 1
1,1,0,0,0,0,0,1,-1,1,0,1,1,1,0,0,0,0,0,16,0,0,4,5,4,1,7,1,5,20,23,0,0,0,0,0,0,0,0,7,1,1,1,0,0,0,2,2,0,0,KRBKRNvK,DRAW,1k6/5R2/8/2n2K2/1r6/8/8/2B5 w - - 0 1
0,1,0,0,0,0,0,1,-1,1,0,1,1,1,0,0,0,0,0,16,0,0,2,4,2,6,1,1,4,24,20,0,0,0,0,0,0,0,0,7,1,1,0,0,0,0,2,1,1,0,KRBKRNvK,DRAW,8/8/1R6/8/1n6/4K3/5Bk1/r7 b - - 0 1
1,1,0,0,0,0,0,1,-1,1,0,1,1,1,0,0,0,0,0,16,0,0,5,0,1,2,6,5,3,25,19,0,0,0,0,0,0,0,0,7,1,1,0,0,0,0,3,1,1,0,KRBKRNvK,DRAW,8/1rk3B1/3R4/8/8/4n3/K7/8 w - - 0 1
0,1,0,0,0,0,0,1,-1,1,0,1,1,1,0,0,0,0,0,16,0,0,4,2,4,4,0,1,3,18,28,0,0,0,0,0,0,0,0,7,1,1,0,0,0,0,3,1,0,1,KRBKRNvK,DRAW,7R/8/1n6/2K2B2/8/8/8/1r2k3 b - - 0 1
0,1,0,0,0,0,0,1,-1,1,0,1,1,1,0,0,0,0,0,16,0,0,4,2,6,2,2,3,2,25,26,0,0,0,0,0,0,0,0,7,1,1,1,1,0,0,1,1,0,0,KRBKRNvK,DRAW,5n2/2K2R2/3B4/8/8/2k5/r7/8 b - - 0 1
0,1,0,0,0,0,0,1,-1,1,0,1,1,1,0,0,0,0,0,16,0,0,3,7,7,4,4,6,0,20,22,0,0,0,0,0,0,0,0,7,1,1,0,0,0,0,1,4,0,1,KRBKRNvK,DRAW,2R4K/8/7n/1r2k3/8/8/2B5/8 b - - 0 1
0,1,0,0,0,0,0,1,-1,1,0,1,1,1,0,0,0,0,0,16,0,0,4,1,1,5,0,4,4,22,29,0,0,0,0,0,0,0,0,7,1,1,0,0,0,0,3,3,1,0,KRBKRNvK,DRAW,8/4n3/4r3/8/R7/8/1K6/5k1B b - - 0 1
0,1,0,0,0,0,0,1,-1,1,0,1,1,1,0,0,0,0,0,16,0,0,7,0,7,7,1,6,5,24,26,0,0,0,0,0,0,0,0,7,1,1,1,1,0,0,2,3,0,0,KRBKRNvK,DRAW,K7/3R4/8/8/2B5/1n6/4r2k/8 b - - 0 1
0,1,0,0,0,0,0,1,-1,1,0,1,1,1,0,0,0,0,0,16,0,0,6,0,6,6,6,5,4,24,24,0,0,0,0,0,0,0,0,7,1,1,0,0,0,0,2,3,0,0,KRBKRNvK,DRAW,4r3/K5k1/5n2/8/7R/B7/8/8 b - - 0 1
1,1,0,0,0,0,0,1,-1,1,0,1,1,1,0,0,0,0,0,16,0,0,2,1,2,3,2,3,1,3,0,1,0,0,0,0,0,0,0,7,1,1,0,0,0,0,0,2,1,0,KRBKRNvK,DRAW,5n2/1r6/8/8/7B/1K1k4/8/1R6 w - - 0 1
0,1,0,0,0,0,0,1,-1,1,0,1,1,1,0,0,0,0,0,16,0,0,5,0,1,3,6,5,2,26,19,0,0,0,0,0,0,0,0,7,1,1,0,0,0,0,2,2,0,0,KRBKRNvK,DRAW,B7/3k4/2n5/8/4R3/5r2/K7/8 b - - 0 1
0,1,0,0,0,0,0,1,-1,1,0,1,1,1,0,0,0,0,0,16,0,0,5,0,4,5,2,3,2,22,24,0,0,0,0,0,0,0,0,7,1,1,0,1,0,0,1,1,0,0,KRBKRNvK,DRAW,7n/8/1R6/K7/8/5k2/6r1/1B6 b - - 0 1
0,1,0,0,0,0,0,1,-1,1,0,1,1,1,0,0,0,0,0,16,0,0,5,4,2,1,7,1,5,20,28,0,0,0,0,0,0,0,0,7,1,1,0,0,0,0,4,0,0,0,KRBKRNvK,DRAW,1k4B1/7r/8/5R2/8/4K3/8/7n b - - 0 1
1,1,0,0,0,0,0,1,-1,1,0,1,1,1,0,0,0,0,0,16,0,0,2,5,7,3,6,4,2,3,0,1,0,0,0,0,0,0,0,7,1,1,0,0,0,0,1,1,0,1,KRBKRNvK,DRAW,5K1r/3k4/8/8/8/1B6/5n2/5R2 w - - 0 1
1,1,0,0,0,0,0,1,-1,1,0,1,1,1,0,0,0,0,0,16,0,0,2,4,2,6,2,1,3,3,0,1,0,0,0,0,0,0,0,7,1,1,0,0,0,0,2,1,0,2,KRBKRNvK,DRAW,8/8/8/6n1/8/B1r1K1k1/1R6/8 w - - 0 1
0,1,0,0,0,0,0,1,-1,1,0,1,1,1,0,0,0,0,0,16,0,0,4,1,4,1,0,2,5,22,27,0,0,0,0,0,0,0,0,7,1,1,0,0,0,0,3,0,0,1,KRBKRNvK,DRAW,8/1B6/4R3/1K6/8/2r5/1n6/1k6 b - - 0 1
0,1,0,0,0,0,0,1,-1,1,0,1,1,1,0,0,0,0,0,16,0,0,2,7,3,6,5,3,3,17,22,0,0,0,0,0,0,0,0,7,1,1,0,0,0,0,2,1,0,0,KRBKRNvK,DRAW,8/8/6k1/8/1n5K/1r6/5R2/B7 b - - 0 1
0,1,0,0,0,0,0,1,-1,1,0,1,1,1,0,0,0,0,0,16,0,0,4,6,3,2,3,2,1,26,22,0,0,0,0,0,0,0,0,7,1,1,0,0,0,0,0,2,0,0,KRBKRNvK,DRAW,1R6/8/8/1n6/2k3K1/3r4/8/2B5 b - - 0 1
1,1,0,0,0,0,0,1,-1,1,0,1,1,1,0,0,0,0,0,16,0,0,3,4,1,1,4,2,2,24,21,0,0,0,0,0,0,0,0,7,1,1,0,0,0,0,2,0,0,0,KRBKRNvK,DRAW,8/1n6/7B/1k6/4R3/7r/4K3/8 w - - 0 1
0,1,0,0,0,0,0,1,-1,1,0,1,1,1,0,0,0,0,0,16,0,0,7,0,6,7,7,5,6,19,26,0,0,0,0,0,0,0,0,7,1,1,0,0,0,0,2,0,0,1,KRBKRNvK,DRAW,7k/Kn6/8/6R1/8/5r2/4B3/8 b - - 0 1
1,1,0,0,0,0,0,1,-1,1,0,1,1,1,0,0,0,0,0,16,0,0,2,2,3,1,5,1,3,24,22,0,0,0,0,0,0,0,0,7,1,1,0,0,0,0,3,1,0,0,KRBKRNvK,DRAW,8/8/1k6/4R3/2K5/B7/5n2/1r6 w - - 0 1
0,1,0,0,0,0,0,1,-1,1,0,1,1,1,0,0,0,0,0,16,0,0,3,5,7,2,4,4,1,21,20,0,0,0,0,0,0,0,0,7,1,1,0,0,0,0,1,3,0,0,KRBKRNvK,DRAW,5KB1/8/8/2k4r/8/8/8/4n1R1 b - - 0 1
1,1,0,0,0,0,0,1,-1,1,0,1,1,1,0,0,0,0,0,16,0,0,2,6,5,7,7,3,6,22,17,0,0,0,0,0,0,0,0,7,1,1,1,0,0,0,1,2,0,0,KRBKRNvK,WIN,7k/2R5/6K1/1r6/1n6/8/7B/8 w - - 0 1
0,1,0,0,0,0,0,1,-1,1,0,1,1,1,0,0,0,0,0,16,0,0,4,5,5,1,6,2,4,8,0,1,0,0,0,0,0,0,0,7,1,1,0,0,0,0,3,1,0,1,KRBKRNvK,LOSS,r7/1k6/5K2/8/5n2/4R3/8/7B b - - 0 1
1,1,0,0,0,0,0,1,-1,1,0,1,1,1,0,0,0,0,0,16,0,0,7,7,4,0,1,3,5,3,0,1,0,0,0,0,0,0,0,7,1,1,0,0,0,0,0,3,0,1,KRBKRNvK,DRAW,8/4B3/R4n2/r6K/8/8/k7/8 w - - 0 1
0,1,0,0,0,0,0,1,-1,1,0,1,1,1,0,0,0,0,0,16,0,0,3,4,3,2,0,0,4,27,22,0,0,0,0,0,0,0,0,7,1,1,0,0,0,0,4,0,0,1,KRBKRNvK,DRAW,8/1r6/8/8/3nK3/6R1/8/2k4B b - - 0 1
0,1,0,0,0,0,0,1,-1,1,0,1,1,1,0,0,0,0,0,16,0,0,2,6,6,4,5,4,1,4,0,1,0,0,0,0,0,0,0,7,1,1,0,0,0,0,2,2,0,1,KRBKRNvK,LOSS,7r/6K1/1R2k3/8/6n1/5B2/8/8 b - - 0 1
0,1,0,0,0,0,0,1,-1,1,0,1,1,1,0,0,0,0,0,16,0,0,5,0,1,5,4,5,1,19,28,0,0,0,0,0,0,0,0,7,1,1,0,0,0,0,2,3,1,0,KRBKRNvK,DRAW,5n2/8/8/4rk2/3R4/8/K5B1/8 b - - 0 1
0,1,0,0,0,0,0,1,-1,1,0,1,1,1,0,0,0,0,0,16,0,0,2,2,4,0,6,1,5,21,29,0,0,0,0,0,0,0,0,7,1,1,0,0,0,0,3,0,0,1,KRBKRNvK,DRAW,8/k7/5B2/2K5/8/n7/3R4/1r6 b - - 0 1
0,1,0,0,0,0,0,1,-1,1,0,1,1,1,0,0,0,0,0,16,0,0,3,6,5,3,2,3,1,20,32,0,0,0,0,0,0,0,0,7,1,1,0,0,0,0,3,3,1,0,KRBKRNvK,DRAW,4R3/8/1rn3K1/2B5/8/3k4/8/8 b - - 0 1
1,1,0,0,0,0,0,1,-1,1,0,1,1,1,0,0,0,0,0,16,0,0,5,1,2,2,7,3,4,26,21,0,0,0,0,0,0,0,0,7,1,1,0,1,0,0,2,0,1,0,KRBKRNvK,DRAW,2kB4/1n6/8/8/8/1K6/6r1/4R3 w - - 0 1
1,1,0,0,0,0,0,1,-1,1,0,1,1,1,0,0,0,0,0,16,0,0,2,5,2,5,0,2,4,27,24,0,0,0,0,0,0,0,0,7,1,1,0,0,0,0,2,3,0,1,KRBKRNvK,DRAW,8/8/4B3/6r1/3R4/2n2K2/8/5k2 w - - 0 1
1,1,0,0,0,0,0,1,-1,1,0,1,1,1,0,0,0,0,0,16,0,0,3,0,1,3,3,5,0,25,20,0,0,0,0,0,0,0,0,7,1,1,0,0,0,0,2,4,1,0,KRBKRNvK,DRAW,4B3/8/3r4/8/3k4/4R3/K4n2/8 w - - 0 1
0,1,0,0,0,0,0,1,-1,1,0,1,1,1,0,0,0,0,0,16,0,0,2,2,1,0,3,3,3,17,22,0,0,0,0,0,0,0,0,7,1,1,0,0,0,0,0,2,1,0,KRBKRNvK,DRAW,4r2n/B7/1R6/8/k7/8/2K5/8 b - - 0 1
0,1,0,0,0,0,0,1,-1,1,0,1,1,1,0,0,0,0,0,16,0,0,6,0,2,6,5,4,3,21,21,0,0,0,0,0,0,0,0,7,1,1,0,1,0,0,1,0,0,2,KRBKRNvK,DRAW,8/8/6k1/8/n7/K3B2R/1r6/8 b - - 0 1
0,1,0,0,0,0,0,1,-1,1,0,1,1,1,0,0,0,0,0,16,0,0,4,6,1,2,5,4,2,20,27,0,0,0,0,0,0,0,0,7,1,1,1,0,0,0,1,2,0,0,KRBKRNvK,DRAW,8/5n1R/1rk5/8/8/4B3/6K1/8 b - - 0 1
0,1,0,0,0,0,0,1,-1,1,0,1,1,1,0,0,0,0,0,16,0,0,2,7,7,5,5,6,2,23,26,0,0,0,0,0,0,0,0,7,1,1,0,0,0,0,1,1,0,1,KRBKRNvK,WIN,5n1K/r7/5k2/8/2B5/8/8/1R6 b - - 0 1
1,1,0,0,0,0,0,1,-1,1,0,1,1,1,0,0,0,0,0,16,0,0,2,2,0,4,2,4,1,25,19,0,0,0,0,0,0,0,0,7,1,1,0,0,0,0,2,2,2,0,KRBKRNvK,DRAW,n7/1r6/8/3R4/8/4k1B1/8/2K5 w - - 0 1
1,1,0,0,0,0,0,1,-1,1,0,1,1,1,0,0,0,0,0,16,0,0,3,0,5,3,5,4,1,25,24,0,0,0,0,0,0,0,0,7,1,1,1,1,0,0,2,3,1,0,KRBKRNvK,DRAW,8/4R3/K2k4/8/8/6n1/7r/5B2 w - - 0 1
0,1,0,0,0,0,0,1,-1,1,0,1,1,1,0,0,0,0,0,16,0,0,2,3,2,5,2,1,2,2,0,1,0,0,0,0,0,0,0,7,1,1,0,0,0,0,2,1,2,0,KRBKRNvK,LOSS,5r2/8/8/7n/8/3K1k2/5R2/4B3 b - - 0 1
1,1,0,0,0,0,0,1,-1,1,0,1,1,1,0,0,0,0,0,16,0,0,5,6,5,1,3,3,2,7,0,1,0,0,0,0,0,0,0,7,1,1,0,1,0,0,0,1,1,0,KRBKRNvK,DRAW,2B5/8/6K1/8/1k6/8/R4nr1/8 w - - 0 1
1,1,0,0,0,0,0,1,-1,1,0,1,1,1,0,0,0,0,0,16,0,0,4,6,2,3,6,3,2,7,0,1,0,0,0,0,0,0,0,7,1,1,0,0,0,0,3,0,1,1,KRBKRNvK,DRAW,6rB/3k4/8/5R2/8/6K1/8/4n3 w - - 0 1
1,1,0,0,0,0,0,1,-1,1,0,1,1,1,0,0,0,0,0,16,0,0,4,3,3,2,7,0,4,5,0,1,0,0,0,0,0,0,0,7,1,1,0,0,0,0,3,2,0,1,KRBKRNvK,DRAW,2k5/5B2/8/8/3K3r/8/R4n2/8 w - - 0 1
0,1,0,0,0,0,0,1,-1,1,0,1,1,1,0,0,0,0,0,16,0,0,3,2,3,5,0,1,4,26,31,0,0,0,0,0,0,0,0,7,1,1,0,1,0,0,2,1,0,2,KRBKRNvK,DRAW,1R6/8/8/8/2K1B3/3n4/r7/5k2 b - - 0 1
1,1,0,0,0,0,0,1,-1,1,0,1,1,1,0,0,0,0,0,16,0,0,3,3,3,0,4,0,3,23,23,0,0,0,0,0,0,0,0,7,1,1,0,0,0,0,4,1,0,0,KRBKRNvK,DRAW,8/5n2/4R3/k7/3K4/8/8/B6r w - - 0 1
0,1,0,0,0,0,0,1,-1,1,0,1,1,1,0,0,0,0,0,16,0,0,3,3,5,3,2,1,1,3,0,1,0,0,0,0,0,0,0,7,1,1,0,0,0,0,2,3,1,0,KRBKRNvK,DRAW,7n/8/3K4/1B6/8/3kr3/6R1/8 b - - 0 1
0,1,0,0,0,0,0,1,-1,1,0,1,1,1,0,0,0,0,0,16,0,0,5,7,5,4,0,4,3,27,22,0,0,0,0,0,0,0,0,7,1,1,0,0,0,0,2,2,0,1,KRBKRNvK,DRAW,B7/8/1R1n3K/8/5r2/8/8/4k3 b - - 0 1
0,1,0,0,0,0,0,1,-1,1,0,1,1,1,0,0,0,0,0,16,0,0,7,7,5,0,5,4,4,2,0,1,0,0,0,0,0,0,0,7,1,1,0,0,0,0,0,0,0,1,KRBKRNvK,LOSS,8/6r1/k6K/8/8/8/4B3/nR6 b - - 0 1
1,1,0,0,0,0,0,1,-1,1,0,1,1,1,0,0,0,0,0,16,0,0,5,7,0,4,5,6,1,23,25,0,0,0,0,0,0,0,0,7,1,1,0,0,0,0,2,3,1,1,KRBKRNvK,DRAW,8/8/4k3/8/R2B4/6r1/4n3/7K w - - 0 1
1,1,0,0,0,0,0,1,-1,1,0,1,1,1,0,0,0,0,0,16,0,0,2,1,2,0,4,3,3,5,0,1,0,0,0,0,0,0,0,7,1,1,0,0,0,0,3,2,0,1,KRBKRNvK,DRAW,8/4n3/8/kr6/8/1K1R4/7B/8 w - - 0 1
1,1,0,0,0,0,0,1,-1,1,0,1,1,1,0,0,0,0,0,16,0,0,2,5,5,7,4,2,3,6,0,1,0,0,0,0,0,0,0,7,1,1,1,0,0,0,3,0,0,0,KRBKRNvK,DRAW,8/4R3/1r3K2/7k/n7/1B6/8/8 w - - 0 1
1,1,0,0,0,0,0,1,-1,1,0,1,1,1,0,0,0,0,0,16,0,0,7,2,0,7,7,4,6,30,20,0,0,0,0,0,0,0,0,7,1,1,0,0,0,0,2,0,0,1,KRBKRNvK,DRAW,7k/8/7n/5B2/8/r7/4R3/2K5 w - - 0 1
0,1,0,0,0,0,0,1,-1,1,0,1,1,1,0,0,0,0,0,16,0,0,7,7,5,0,3,4,3,5,0,1,0,0,0,0,0,0,0,7,1,1,0,0,0,0,3,0,0,0,KRBKRNvK,DRAW,8/n1r5/7K/8/k5R1/8/8/7B b - - 0 1
1,1,0,0,0,0,0,1,-1,1,0,1,1,1,0,0,0,0,0,16,0,0,4,2,5,4,1,2,2,28,17,0,0,0,0,0,0,0,0,7,1,1,0,1,0,0,2,2,1,0,KRBKRNvK,DRAW,7R/8/2K5/8/8/6B1/1n1rk3/8 w - - 0 1
0,1,0,0,0,0,0,1,-1,1,0,1,1,1,0,0,0,0,0,16,0,0,3,4,2,6,5,1,3,3,0,1,0,0,0,0,0,0,0,7,1,1,0,0,0,0,4,3,2,1,KRBKRNvK,LOSS,8/8/5nk1/6R1/5r1B/4K3/8/8 b - - 0 1
1,1,0,0,0,0,0,1,-1,1,0,1,1,1,0,0,0,0,0,16,0,0,4,6,5,5,1,3,3,6,0,1,0,0,0,0,0,0,0,7,1,1,0,0,0,0,2,0,0,1,KRBKRNvK,DRAW,6r1/8/3R2K1/1B6/8/7n/5k2/8 w - - 0 1
0,1,0,0,0,0,0,1,-1,1,0,1,1,1,0,0,0,0,0,16,0,0,2,0,3,2,3,3,1,19,27,0,0,0,0,0,0,0,0,7,1,1,0,0,0,0,3,2,1,0,KRBKRNvK,DRAW,8/2n3r1/3R4/8/K1k5/5B2/8/8 b - - 0 1
0,1,0,0,0,0,0,1,-1,1,0,1,1,1,0,0,0,0,0,16,0,0,7,5,7,5,0,4,4,4,0,1,0,0,0,0,0,0,0,7,1,1,0,0,0,0,0,3,0,0,KRBKRNvK,DRAW,5K2/8/8/8/4rn2/B7/8/R4k2 b - - 0 1
0,1,0,0,0,0,0,1,-1,1,0,1,1,1,0,0,0,0,0,16,0,0,2,3,4,5,4,0,1,27,20,0,0,0,0,0,0,0,0,7,1,1,0,0,0,0,3,2,0,1,KRBKRNvK,DRAW,8/8/8/B2K1k2/4n3/7r/R7/8 b - - 0 1
1,1,0,0,0,0,0,1,-1,1,0,1,1,1,0,0,0,0,0,16,0,0,3,7,3,4,5,3,1,21,25,0,0,0,0,0,0,0,0,7,1,1,0,0,0,0,0,2,0,1,KRBKRNvK,WIN,8/8/B3k3/5r2/7K/8/R7/3n4 w - - 0 1
0,1,0,0,0,0,0,1,-1,1,0,1,1,1,0,0,0,0,0,16,0,0,5,7,5,7,0,4,6,2,0,1,0,0,0,0,0,0,0,7,1,1,0,0,0,0,1,3,1,0,KRBKRNvK,DRAW,8/8/7K/8/8/2nr4/B7/5R1k b - - 0 1
0,1,0,0,0,0,0,1,-1,1,0,1,1,1,0,0,0,0,0,16,0,0,4,5,4,5,0,1,4,23,22,0,0,0,0,0,0,0,0,7,1,1,0,0,0,0,3,3,0,1,KRBKRNvK,DRAW,8/8/5n1B/R4K2/8/8/8/4rk2 b - - 0 1
0,1,0,0,0,0,0,1,-1,1,0,1,1,1,0,0,0,0,0,16,0,0,3,5,3,6,0,1,5,23,21,0,0,0,0,0,0,0,0,7,1,1,1,0,0,0,2,0,0,1,KRBKRNvK,DRAW,8/7R/r7/8/5K1n/8/8/2B3k1 b - - 0 1
0,1,0,0,0,0,0,1,-1,1,0,1,1,1,0,0,0,0,0,16,0,0,2,5,5,6,3,2,2,20,14,0,0,0,0,0,0,0,0,7,1,1,1,0,0,0,1,2,0,1,KRBKRNvK,DRAW,4B3/5R2/5K2/6r1/n5k1/8/8/8 b - - 0 1
0,1,0,0,0,0,0,1,-1,1,0,1,1,1,0,0,0,0,0,16,0,0,6,6,3,0,1,2,5,4,0,1,0,0,0,0,0,0,0,7,1,1,0,0,0,0,1,0,0,0,KRBKRNvK,LOSS,8/6n1/2R5/3B4/6K1/8/k7/7r b - - 0 1
0,1,0,0,0,0,0,1,-1,1,0,1,1,1,0,0,0,0,0,16,0,0,3,6,6,7,3,4,3,23,28,0,0,0,0,0,0,0,0,7,1,1,0,0,0,0,0,3,0,0,KRBKRNvK,DRAW,R7/6K1/8/1B6/2nr3k/8/8/8 b - - 0 1
0,1,0,0,0,0,0,1,-1,1,0,1,1,1,0,0,0,0,0,16,0,0,5,7,5,4,0,4,3,4,0,1,0,0,0,0,0,0,0,7,1,1,0,1,0,0,3,0,0,1,KRBKRNvK,DRAW,B3R3/8/7K/7n/8/8/5r2/4k3 b - - 0 1
0,1,0,0,0,0,0,1,-1,1,0,1,1,1,0,0,0,0,0,16,0,0,3,5,3,2,1,1,3,26,19,0,0,0,0,0,0,0,0,7,1,1,1,0,0,0,3,2,0,1,KRBKRNvK,DRAW,8/Rn6/8/3r4/5K2/8/2k5/6B1 b - - 0 1
1,1,0,0,0,0,0,1,-1,1,0,1,1,1,0,0,0,0,0,16,0,0,3,3,2,1,5,1,3,20,22,0,0,0,0,0,0,0,0,7,1,1,0,0,0,0,2,2,1,0,KRBKRNvK,DRAW,2R5/4rn2/1k6/8/8/3K4/2B5/8 w - - 0 1
0,1,0,0,0,0,0,1,-1,1,0,1,1,1,0,0,0,0,0,16,0,0,3,4,7,7,7,3,6,1,0,1,0,0,0,0,0,0,0,7,1,1,0,0,0,0,1,2,1,0,KRBKRNvK,DRAW,4KR1k/8/8/3n4/r7/8/8/1B6 b - - 0 1
0,1,0,0,0,0,0,1,-1,1,0,1,1,1,0,0,0,0,0,16,0,0,2,0,4,1,2,3,3,16,26,0,0,0,0,0,0,0,0,7,1,1,0,0,0,0,3,0,1,0,KRBKRNvK,DRAW,8/6B1/8/K7/8/1k3r2/3R4/6n1 b - - 0 1
0,1,0,0,0,0,0,1,-1,1,0,1,1,1,0,0,0,0,0,16,0,0,5,1,5,6,7,3,5,22,22,0,0,0,0,0,0,0,0,7,1,1,0,0,0,0,1,2,0,0,KRBKRNvK,DRAW,6k1/8/1K6/5r2/7n/4B3/8/4R3 b - - 0 1
0,1,0,0,0,0,0,1,-1,1,0,1,1,1,0,0,0,0,0,16,0,0,3,5,6,3,3,3,0,22,28,0,0,0,0,0,0,0,0,7,1,1,0,0,0,0,2,3,1,0,KRBKRNvK,DRAW,8/5K2/2B5/8/3k4/4r3/n5R1/8 b - - 0 1
1,1,0,0,0,0,0,1,-1,1,0,1,1,1,0,0,0,0,0,16,0,0,7,7,1,0,0,5,6,24,21,0,0,0,0,0,0,0,0,7,1,1,0,0,0,0,1,2,0,0,KRBKRNvK,DRAW,8/6n1/2R5/8/1r6/8/7K/k5B1 w - - 0 1
1,1,0,0,0,0,0,1,-1,1,0,1,1,1,0,0,0,0,0,16,0,0,2,5,5,5,7,2,4,24,21,0,0,0,0,0,0,0,0,7,1,1,0,0,0,0,3,2,1,1,KRBKRNvK,DRAW,4Bk2/8/1n3K2/4R3/3r4/8/8/8 w - - 0 1
0,1,0,0,0,0,0,1,-1,1,0,1,1,1,0,0,0,0,0,16,0,0,4,5,7,6,3,4,2,24,21,0,0,0,0,0,0,0,0,7,1,1,0,0,0,0,1,2,0,0,KRBKRNvK,DRAW,5K2/B7/8/8/3r2k1/8/R7/4n3 b - - 0 1
1,1,0,0,0,0,0,1,-1,1,0,1,1,1,0,0,0,0,0,16,0,0,3,0,4,3,1,3,2,31,26,0,0,0,0,0,0,0,0,7,1,1,0,0,0,0,2,1,1,1,KRBKRNvK,DRAW,8/2r5/8/K6R/4B1n1/8/3k4/8 w - - 0 1
0,1,0,0,0,0,0,1,-1,1,0,1,1,1,0,0,0,0,0,16,0,0,5,5,1,3,6,3,2,21,24,0,0,0,0,0,0,0,0,7,1,1,0,0,0,0,1,1,0,0,KRBKRNvK,DRAW,1r6/3k4/1n6/8/8/8/2B2KR1/8 b - - 0 1
0,1,0,0,0,0,0,1,-1,1,0,1,1,1,0,0,0,0,0,16,0,0,3,2,7,0,4,4,3,22,22,0,0,0,0,0,0,0,0,7,1,1,0,0,0,0,1,2,1,0,KRBKRNvK,DRAW,2K2n2/8/8/k7/1r6/2R3B1/8/8 b - - 0 1
1,1,0,0,0,0,0,1,-1,1,0,1,1,1,0,0,0,0,0,16,0,0,2,7,1,5,0,5,4,24,19,0,0,0,0,0,0,0,0,7,1,1,1,0,0,0,0,2,0,1,KRBKRNvK,DRAW,8/6R1/8/B7/5r2/8/7K/3n1k2 w - - 0 1
1,1,0,0,0,0,0,1,-1,1,0,1,1,1,0,0,0,0,0,16,0,0,5,5,7,2,2,4,2,26,25,0,0,0,0,0,0,0,0,7,1,1,0,0,0,0,1,2,1,0,KRBKRNvK,DRAW,5K2/7B/8/8/7r/2k5/5n2/R7 w - - 0 1
0,1,0,0,0,0,0,1,-1,1,0,1,1,1,0,0,0,0,0,16,0,0,4,1,3,2,7,2,4,21,20,0,0,0,0,0,0,0,0,7,1,1,0,0,0,0,2,2,0,1,KRBKRNvK,DRAW,2k5/1n6/3r4/8/1K6/B3R3/8/8 b - - 0 1
0,1,0,0,0,0,0,1,-1,1,0,1,1,1,0,0,0,0,0,16,0,0,3,1,5,4,2,3,1,19,28,0,0,0,0,0,0,0,0,7,1,1,0,0,0,0,3,2,2,1,KRBKRNvK,DRAW,1n4r1/8/1K6/8/2R5/2B1k3/8/8 b - - 0 1
0,1,0,0,0,0,0,1,-1,1,0,1,1,1,0,0,0,0,0,16,0,0,3,4,7,7,4,3,3,23,24,0,0,0,0,0,0,0,0,7,1,1,0,0,0,0,2,1,0,0,KRBKRNvK,DRAW,B3K3/8/1r6/7k/2n5/8/6R1/8 b - - 0 1
1,1,0,0,0,0,0,1,-1,1,0,1,1,1,0,0,0,0,0,16,0,0,4,0,7,4,6,6,2,23,18,0,0,0,0,0,0,0,0,7,1,1,0,0,0,0,1,0,1,0,KRBKRNvK,DRAW,K1R5/4k3/7r/7n/8/8/8/6B1 w - - 0 1
0,1,0,0,0,0,0,1,-1,1,0,1,1,1,0,0,0,0,0,16,0,0,6,1,2,7,5,3,4,23,26,0,0,0,0,0,0,0,0,7,1,1,0,0,0,0,0,2,0,1,KRBKRNvK,DRAW,8/8/4n2k/3r4/8/1K6/4B1R1/8 b - - 0 1
0,1,0,0,0,0,0,1,-1,1,0,1,1,1,0,0,0,0,0,16,0,0,5,3,5,6,0,1,5,16,26,0,0,0,0,0,0,0,0,7,1,1,0,0,0,0,2,2,0,1,KRBKRNvK,DRAW,1n6/8/3K4/1B6/8/8/R7/4r1k1 b - - 0 1
1,1,0,0,0,0,0,1,-1,1,0,1,1,1,0,0,0,0,0,16,0,0,2,5,5,3,4,2,0,22,23,0,0,0,0,0,0,0,0,7,1,1,0,0,0,0,2,4,0,1,KRBKRNvK,DRAW,4r3/2n5/5K2/3k4/8/8/8/B5R1 w - - 0 1
1,1,0,0,0,0,0,1,-1,1,0,1,1,1,0,0,0,0,0,16,0,0,5,2,1,7,1,3,5,31,21,0,0,0,0,0,0,0,0,7,1,1,0,0,0,0,1,2,1,0,KRBKRNvK,DRAW,1R6/4n3/8/4r3/8/8/2K2B1k/8 w - - 0 1
0,1,0,0,0,0,0,1,-1,1,0,1,1,1,0,0,0,0,0,16,0,0,4,3,0,5,4,3,1,4,0,1,0,0,0,0,0,0,0,7,1,1,0,0,0,0,2,2,2,0,KRBKRNvK,DRAW,8/3B2r1/8/3R1k2/8/8/8/3K3n b - - 0 1
1,1,0,0,0,0,0,1,-1,1,0,1,1,1,0,0,0,0,0,16,0,0,5,2,2,7,2,2,4,24,22,0,0,0,0,0,0,0,0,7,1,1,0,0,0,0,1,4,1,1,KRBKRNvK,DRAW,3B4/8/2n5/8/3r4/2K4k/6R1/8 w - - 0 1
1,1,0,0,0,0,0,1,-1,1,0,1,1,1,0,0,0,0,0,16,0,0,3,2,2,5,4,2,1,24,22,0,0,0,0,0,0,0,0,7,1,1,0,0,0,0,3,4,1,1,KRBKRNvK,DRAW,8/6B1/8/5k2/r4n2/2K5/8/4R3 w - - 0 1
0,1,0,0,0,0,0,1,-1,1,0,1,1,1,0,0,0,0,0,16,0,0,2,3,0,1,2,3,3,21,16,0,0,0,0,0,0,0,0,7,1,1,0,0,0,0,2,2,1,0,KRBKRNvK,DRAW,B7/8/n3r3/8/8/1k6/8/R2K4 b - - 0 1
0,1,0,0,0,0,0,1,-1,1,0,1,1,1,0,0,0,0,0,16,0,0,6,0,1,6,1,5,4,29,23,0,0,0,0,0,0,0,0,7,1,1,0,0,0,0,2,2,0,0,KRBKRNvK,DRAW,8/5B2/2nR4/8/8/8/K5k1/7r b - - 0 1
0,1,0,0,0,0,0,1,-1,1,0,1,1,1,0,0,0,0,0,16,0,0,5,5,4,0,5,1,4,3,0,1,0,0,0,0,0,0,0,7,1,1,0,0,0,0,2,2,0,1,KRBKRNvK,DRAW,8/3B4/k4R2/5K2/8/5n2/8/6r1 b - - 0 1
0,1,0,0,0,0,0,1,-1,1,0,1,1,1,0,0,0,0,0,16,0,0,3,3,6,0,3,2,3,20,25,0,0,0,0,0,0,0,0,7,1,1,1,1,0,0,2,1,0,1,KRBKRNvK,DRAW,8/2RK1n2/8/8/k7/5B2/r7/8 b - - 0 1
1,1,0,0,0,0,0,1,-1,1,0,1,1,1,0,0,0,0,0,16,0,0,4,2,5,2,1,2,3,27,26,0,0,0,0,0,0,0,0,7,1,1,0,0,0,0,2,0,0,0,KRBKRNvK,DRAW,8/3B2n1/2K5/R7/8/8/2k5/7r w - - 0 1
0,1,0,0,0,0,0,1,-1,1,0,1,1,1,0,0,0,0,0,16,0,0,3,3,4,6,5,0,3,25,20,0,0,0,0,0,0,0,0,7,1,1,1,0,0,0,4,1,0,0,KRBKRNvK,DRAW,r7/3R4/6k1/3K4/8/8/3n2B1/8 b - - 0 1
0,1,0,0,0,0,0,1,-1,1,0,1,1,1,0,0,0,0,0,16,0,0,6,4,0,1,6,3,4,6,0,1,0,0,0,0,0,0,0,7,1,1,0,1,0,0,0,1,1,1,KRBKRNvK,DRAW,2B3R1/1k6/8/8/8/8/1r2n3/4K3 b - - 0 1
0,1,0,0,0,0,0,1,-1,1,0,1,1,1,0,0,0,0,0,16,0,0,7,0,3,7,6,3,5,15,23,0,0,0,0,0,0,0,0,7,1,1,0,0,0,0,2,0,0,0,KRBKRNvK,DRAW,7r/7k/8/8/K4R1B/8/8/2n5 b - - 0 1
1,1,0,0,0,0,0,1,-1,1,0,1,1,1,0,0,0,0,0,16,0,0,2,6,0,7,2,5,4,24,20,0,0,0,0,0,0,0,0,7,1,1,0,1,0,0,3,0,0,1,KRBKRNvK,DRAW,8/8/4R3/8/4B3/7k/5r2/3n2K1 w - - 0 1
1,1,0,0,0,0,0,1,-1,1,0,1,1,1,0,0,0,0,0,16,0,0,5,6,1,1,0,4,5,31,20,0,0,0,0,0,0,0,0,7,1,1,0,0,0,0,1,3,1,1,KRBKRNvK,DRAW,8/8/8/4B3/2r3n1/8/R5K1/1k6 w - - 0 1
1,1,0,0,0,0,0,1,-1,1,0,1,1,1,0,0,0,0,0,16,0,0,3,4,6,7,5,2,4,26,24,0,0,0,0,0,0,0,0,7,1,1,0,0,0,0,3,3,0,1,KRBKRNvK,DRAW,8/2B1K3/7k/5r2/2R5/5n2/8/8 w - - 0 1
0,1,0,0,0,0,0,1,-1,1,0,1,1,1,0,0,0,0,0,16,0,0,7,7,0,0,5,6,4,22,23,0,0,0,0,0,0,0,0,7,1,1,0,0,0,0,1,2,1,0,KRBKRNvK,DRAW,1B6/4r3/k7/8/7n/8/2R5/7K b - - 0 1
0,1,0,0,0,0,0,1,-1,1,0,1,1,1,0,0,0,0,0,16,0,0,4,7,3,3,0,3,3,24,26,0,0,0,0,0,0,0,0,7,1,1,0,0,0,0,1,1,0,0,KRBKRNvK,DRAW,8/3n4/R7/8/2B4K/1r6/8/3k4 b - - 0 1
0,1,0,0,0,0,0,1,-1,1,0,1,1,1,0,0,0,0,0,16,0,0,4,0,5,4,6,4,2,6,0,1,0,0,0,0,0,0,0,7,1,1,0,0,0,0,2,1,2,1,KRBKRNvK,DRAW,8/4k3/K7/2R3B1/2n5/8/8/7r b - - 0 1
0,1,0,0,0,0,0,1,-1,1,0,1,1,1,0,0,0,0,0,16,0,0,2,6,6,6,4,4,2,2,0,1,0,0,0,0,0,0,0,7,1,1,0,0,0,0,3,0,1,0,KRBKRNvK,DRAW,8/6K1/5B2/R5k1/8/2r5/n7/8 b - - 0 1
0,1,0,0,0,0,0,1,-1,1,0,1,1,1,0,0,0,0,0,16,0,0,4,5,4,1,5,1,3,29,20,0,0,0,0,0,0,0,0,7,1,1,0,1,0,0,2,1,0,0,KRBKRNvK,DRAW,8/8/1k6/2n2K1B/8/7R/6r1/8 b - - 0 1
0,1,0,0,0,0,0,1,-1,1,0,1,1,1,0,0,0,0,0,16,0,0,3,1,6,4,4,4,0,5,0,1,0,0,0,0,0,0,0,7,1,1,0,1,0,0,1,3,0,0,KRBKRNvK,DRAW,4R3/1K6/7B/4k3/8/7n/5r2/8 b - - 0 1
1,1,0,0,0,0,0,1,-1,1,0,1,1,1,0,0,0,0,0,16,0,0,7,0,6,7,1,5,5,24,22,0,0,0,0,0,0,0,0,7,1,1,0,0,0,0,2,3,1,0,KRBKRNvK,DRAW,8/K7/5n2/R7/5r2/8/7k/5B2 w - - 0 1
1,1,0,0,0,0,0,1,-1,1,0,1,1,1,0,0,0,0,0,16,0,0,7,7,3,0,3,3,3,20,22,0,0,0,0,0,0,0,0,7,1,1,0,0,0,0,3,1,1,0,KRBKRNvK,DRAW,8/3n4/8/2B4R/k6K/1r6/8/8 w - - 0 1
0,1,0,0,0,0,0,1,-1,1,0,1,1,1,0,0,0,0,0,16,0,0,5,5,5,2,0,2,4,20,24,0,0,0,0,0,0,0,0,7,1,1,0,0,0,0,2,0,0,1,KRBKRNvK,DRAW,3n4/2r5/5K2/5B2/8/5R2/8/2k5 b - - 0 1
0,1,0,0,0,0,0,1,-1,1,0,1,1,1,0,0,0,0,0,16,0,0,2,3,6,1,5,2,3,21,23,0,0,0,0,0,0,0,0,7,1,1,0,0,0,0,0,2,0,1,KRBKRNvK,DRAW,8/3K4/1k6/n3r3/8/8/2R5/2B5 b - - 0 1
1,1,0,0,0,0,0,1,-1,1,0,1,1,1,0,0,0,0,0,16,0,0,6,7,6,1,1,5,4,27,19,0,0,0,0,0,0,0,0,7,1,1,0,0,0,0,2,0,1,0,KRBKRNvK,DRAW,8/7K/8/6R1/1B5n/7r/1k6/8 w - - 0 1
0,1,0,0,0,0,0,1,-1,1,0,1,1,1,0,0,0,0,0,16,0,0,7,0,3,7,3,3,3,2,0,1,0,0,0,0,0,0,0,7,1,1,0,1,0,0,1,2,1,0,KRBKRNvK,DRAW,1B6/8/7R/8/K3n2k/8/3r4/8 b - - 0 1
1,1,0,0,0,0,0,1,-1,1,0,1,1,1,0,0,0,0,0,16,0,0,6,6,0,4,6,5,2,28,19,0,0,0,0,0,0,0,0,7,1,1,0,0,0,0,2,1,0,0,KRBKRNvK,DRAW,8/3rk3/8/3n4/1R6/8/4B3/6K1 w - - 0 1
0,1,0,0,0,0,0,1,-1,1,0,1,1,1,0,0,0,0,0,16,0,0,6,0,0,6,4,6,2,22,24,0,0,0,0,0,0,0,0,7,1,1,0,0,0,0,2,0,0,0,KRBKRNvK,DRAW,5r2/8/8/6k1/3R4/8/8/K4n1B b - - 0 1
1,1,0,0,0,0,0,1,-1,1,0,1,1,1,0,0,0,0,0,16,0,0,5,4,6,1,1,2,4,16,29,0,0,0,0,0,0,0,0,7,1,1,0,0,0,0,0,1,0,0,KRBKRNvK,DRAW,5B1R/4K3/8/8/5n2/2r5/1k6/8 w - - 0 1
0,1,0,0,0,0,0,1,-1,1,0,1,1,1,0,0,0,0,0,16,0,0,6,7,4,1,7,3,5,19,30,0,0,0,0,0,0,0,0,7,1,1,0,0,0,0,1,0,0,0,KRBKRNvK,DRAW,1k1n4/8/8/5B1K/8/1r6/8/R7 b - - 0 1
0,1,0,0,0,0,0,1,-1,1,0,1,1,1,0,0,0,0,0,16,0,0,2,5,5,4,7,2,3,19,22,0,0,0,0,0,0,0,0,7,1,1,0,0,0,0,2,2,0,0,KRBKRNvK,DRAW,1n2k3/8/5K2/1r6/2B5/8/8/2R5 b - - 0 1
0,1,0,0,0,0,0,1,-1,1,0,1,1,1,0,0,0,0,0,16,0,0,5,6,6,1,4,4,2,13,23,0,0,0,0,0,0,0,0,7,1,1,0,0,0,0,0,3,0,1,KRBKRNvK,DRAW,8/6K1/6n1/1k6/2r5/6R1/8/5B2 b - - 0 1
0,1,0,0,0,0,0,1,-1,1,0,1,1,1,0,0,0,0,0,16,0,0,5,2,2,7,4,2,3,22,21,0,0,0,0,0,0,0,0,7,1,1,0,0,0,0,3,2,0,1,KRBKRNvK,DRAW,8/7n/8/7k/r7/2K5/1B6/4R3 b - - 0 1
0,1,0,0,0,0,0,1,-1,1,0,1,1,1,0,0,0,0,0,16,0,0,4,4,5,0,5,1,4,20,23,0,0,0,0,0,0,0,0,7,1,1,0,0,0,0,3,0,0,0,KRBKRNvK,DRAW,8/n2B4/k3K3/8/8/7r/4R3/8 b - - 0 1
0,1,0,0,0,0,0,1,-1,1,0,1,1,1,0,0,0,0,0,16,0,0,2,3,4,3,6,0,2,17,19,0,0,0,0,0,0,0,0,7,1,1,0,0,0,0,4,0,0,1,KRBKRNvK,DRAW,8/1r1k3n/8/3K4/R1B5/8/8/8 b - - 0 1
0,1,0,0,0,0,0,1,-1,1,0,1,1,1,0,0,0,0,0,16,0,0,5,5,7,6,2,4,3,29,20,0,0,0,0,0,0,0,0,7,1,1,1,0,0,0,1,0,0,0,KRBKRNvK,DRAW,5K2/3R4/7B/3n4/8/6k1/8/1r6 b - - 0 1
0,1,0,0,0,0,0,1,-1,1,0,1,1,1,0,0,0,0,0,16,0,0,5,2,2,0,7,2,6,21,18,0,0,0,0,0,0,0,0,7,1,1,0,0,0,0,1,2,0,1,KRBKRNvK,DRAW,k7/8/8/8/3r4/2K4B/6n1/7R b - - 0 1
1,1,0,0,0,0,0,1,-1,1,0,1,1,1,0,0,0,0,0,16,0,0,4,3,1,7,5,2,4,27,20,0,0,0,0,0,0,0,0,7,1,1,1,0,0,0,0,2,0,0,KRBKRNvK,DRAW,8/1R6/7k/5r2/8/n7/3K4/3B4 w - - 0 1
0,1,0,0,0,0,0,1,-1,1,0,1,1,1,0,0,0,0,0,16,0,0,7,0,0,7,6,6,5,21,22,0,0,0,0,0,0,0,0,7,1,1,0,0,0,0,2,3,0,0,KRBKRNvK,DRAW,8/7k/3BR3/8/5rn1/8/8/K7 b - - 0 1
1,1,0,0,0,0,0,1,-1,1,0,1,1,1,0,0,0,0,0,16,0,0,6,5,7,4,1,4,2,28,17,0,0,0,0,0,0,0,0,7,1,1,0,0,0,0,1,0,1,0,KRBKRNvK,DRAW,5K2/8/r7/n7/8/6B1/4k3/7R w - - 0 1
1,1,0,0,0,0,0,1,-1,1,0,1,1,1,0,0,0,0,0,16,0,0,5,1,5,6,5,3,3,28,16,0,0,0,0,0,0,0,0,7,1,1,0,0,0,0,1,0,0,0,KRBKRNvK,DRAW,8/8/1K4k1/8/7n/4B1r1/8/1R6 w - - 0 1
0,1,0,0,0,0,0,1,-1,1,0,1,1,1,0,0,0,0,0,16,0,0,3,5,7,5,4,4,1,16,25,0,0,0,0,0,0,0,0,7,1,1,0,0,0,0,1,2,0,0,KRBKRNvK,DRAW,5KB1/8/8/5k1r/8/2R5/7n/8 b - - 0 1
0,1,0,0,0,0,0,1,-1,1,0,1,1,1,0,0,0,0,0,16,0,0,6,1,7,0,1,5,5,3,0,1,0,0,0,0,0,0,0,7,1,1,0,0,0,0,1,3,0,1,KRBKRNvK,DRAW,RK6/3r1n2/8/8/8/3B4/k7/8 b - - 0 1
1,1,0,0,0,0,0,1,-1,1,0,1,1,1,0,0,0,0,0,16,0,0,2,6,2,4,2,3,1,2,0,1,0,0,0,0,0,0,0,7,1,1,0,0,0,0,1,2,0,1,KRBKRNvK,DRAW,2n5/8/4B3/8/8/4k1KR/8/6r1 w - - 0 1
0,1,0,0,0,0,0,1,-1,1,0,1,1,1,0,0,0,0,0,16,0,0,5,1,2,6,2,3,3,22,28,0,0,0,0,0,0,0,0,7,1,1,1,0,0,0,1,0,0,0,KRBKRNvK,DRAW,8/5R2/n6r/8/8/1K4k1/8/1B6 b - - 0 1
1,1,0,0,0,0,0,1,-1,1,0,1,1,1,0,0,0,0,0,16,0,0,5,4,5,7,0,1,6,26,19,0,0,0,0,0,0,0,0,7,1,1,0,1,0,0,4,0,0,0,KRBKRNvK,DRAW,8/8/4K3/8/2R5/8/1nB2r2/7k w - - 0 1
1,1,0,0,0,0,0,1,-1,1,0,1,1,1,0,0,0,0,0,16,0,0,2,6,5,6,7,3,5,24,19,0,0,0,0,0,0,0,0,7,1,1,1,0,0,0,2,2,0,0,KRBKRNvK,WIN,6k1/3R4/6K1/8/B7/4r3/8/4n3 w - - 0 1
0,1,0,0,0,0,0,1,-1,1,0,1,1,1,0,0,0,0,0,16,0,0,4,4,0,3,4,3,0,5,0,1,0,0,0,0,0,0,0,7,1,1,0,0,0,0,3,3,1,0,KRBKRNvK,DRAW,8/7B/nr6/3k4/8/3R4/8/4K3 b - - 0 1
0,1,0,0,0,0,0,1,-1,1,0,1,1,1,0,0,0,0,0,16,0,0,5,3,0,1,5,3,3,22,24,0,0,0,0,0,0,0,0,7,1,1,0,0,0,0,2,2,1,0,KRBKRNvK,DRAW,8/3B4/1k6/8/5r2/3R4/8/n2K4 b - - 0 1
0,1,0,0,0,0,0,1,-1,1,0,1,1,1,0,0,0,0,0,16,0,0,3,5,3,6,0,1,5,20,26,0,0,0,0,0,0,0,0,7,1,1,1,0,0,0,3,2,0,0,KRBKRNvK,DRAW,3r4/Rn6/2B5/8/5K2/8/8/6k1 b - - 0 1
0,1,0,0,0,0,0,1,-1,1,0,1,1,1,0,0,0,0,0,16,0,0,5,5,2,0,3,2,3,23,20,0,0,0,0,0,0,0,0,7,1,1,0,0,0,0,3,1,0,0,KRBKRNvK,DRAW,8/3n3B/6r1/3R4/k7/5K2/8/8 b - - 0 1
0,1,0,0,0,0,0,1,-1,1,0,1,1,1,0,0,0,0,0,16,0,0,2,0,7,2,5,6,2,4,0,1,0,0,0,0,0,0,0,7,1,1,0,0,0,0,2,3,1,0,KRBKRNvK,DRAW,K7/8/R1k5/4n3/2r5/5B2/8/8 b - - 0 1
1,1,0,0,0,0,0,1,-1,1,0,1,1,1,0,0,0,0,0,16,0,0,4,2,4,6,5,1,3,29,21,0,0,0,0,0,0,0,0,7,1,1,0,0,0,0,3,0,0,0,KRBKRNvK,DRAW,8/8/6k1/2K5/8/5r2/7R/B1n5 w - - 0 1
0,1,0,0,0,0,0,1,-1,1,0,1,1,1,0,0,0,0,0,16,0,0,4,4,6,2,2,2,2,5,0,1,0,0,0,0,0,0,0,7,1,1,0,0,0,0,3,3,1,2,KRBKRNvK,DRAW,4n3/B3K3/8/6r1/8/2k1R3/8/8 b - - 0 1
0,1,0,0,0,0,0,1,-1,1,0,1,1,1,0,0,0,0,0,16,0,0,5,0,7,5,6,6,3,19,19,0,0,0,0,0,0,0,0,7,1,1,0,0,0,0,2,1,1,0,KRBKRNvK,DRAW,K7/5k2/5r2/4Rn2/8/7B/8/8 b - - 0 1
1,1,0,0,0,0,0,1,-1,1,0,1,1,1,0,0,0,0,0,16,0,0,3,4,5,4,2,1,1,7,0,1,0,0,0,0,0,0,0,7,1,1,0,0,0,0,4,2,2,2,KRBKRNvK,DRAW,2r5/8/4K3/6n1/5R2/4k3/8/4B3 w - - 0 1
1,1,0,0,0,0,0,1,-1,1,0,1,1,1,0,0,0,0,0,16,0,0,3,3,3,6,4,0,2,7,0,1,0,0,0,0,0,0,0,7,1,1,0,0,0,0,3,1,0,1,KRBKRNvK,DRAW,6r1/2B5/8/6k1/3K4/8/2n5/5R2 w - - 0 1
0,1,0,0,0,0,0,1,-1,1,0,1,1,1,0,0,0,0,0,16,0,0,6,0,2,6,6,4,4,27,23,0,0,0,0,0,0,0,0,7,1,1,0,0,0,0,2,2,0,0,KRBKRNvK,DRAW,8/6k1/5n2/1R6/3r4/K7/B7/8 b - - 0 1
0,1,0,0,0,0,0,1,-1,1,0,1,1,1,0,0,0,0,0,16,0,0,5,7,5,2,1,4,3,26,23,0,0,0,0,0,0,0,0,7,1,1,1,0,0,0,2,2,0,0,KRBKRNvK,DRAW,8/7R/2B4K/8/1r6/8/2k5/5n2 b - - 0 1
1,1,0,0,0,0,0,1,-1,1,0,1,1,1,0,0,0,0,0,16,0,0,3,4,7,5,4,3,1,2,0,1,0,0,0,0,0,0,0,7,1,1,0,0,0,0,2,2,0,0,KRBKRNvK,DRAW,r3K3/8/7n/5k2/8/2B5/6R1/8 w - - 0 1
0,1,0,0,0,0,0,1,-1,1,0,1,1,1,0,0,0,0,0,16,0,0,2,2,5,0,6,2,5,22,29,0,0,0,0,0,0,0,0,7,1,1,0,0,0,0,1,1,0,1,KRBKRNvK,DRAW,8/k1n5/2K5/8/2B5/5r2/8/7R b - - 0 1
1,1,0,0,0,0,0,1,-1,1,0,1,1,1,0,0,0,0,0,16,0,0,6,7,1,1,2,5,3,3,0,1,0,0,0,0,0,0,0,7,1,1,0,0,0,0,1,3,1,1,KRBKRNvK,DRAW,8/7B/8/7r/8/1k6/R4n1K/8 w - - 0 1
0,1,0,0,0,0,0,1,-1,1,0,1,1,1,0,0,0,0,0,16,0,0,5,6,6,7,1,4,5,2,0,1,0,0,0,0,0,0,0,7,1,1,0,0,0,0,1,3,1,1,KRBKRNvK,DRAW,8/6K1/5n2/2r5/5B2/8/7k/1R6 b - - 0 1
1,1,0,0,0,0,0,1,-1,1,0,1,1,1,0,0,0,0,0,16,0,0,2,0,3,2,4,3,1,5,0,1,0,0,0,0,0,0,0,7,1,1,0,0,0,0,1,3,0,0,KRBKRNvK,DRAW,8/1n6/8/2k2B2/K6r/8/8/5R2 w - - 0 1
0,1,0,0,0,0,0,1,-1,1,0,1,1,1,0,0,0,0,0,16,0,0,5,6,6,1,2,4,3,26,26,0,0,0,0,0,0,0,0,7,1,1,0,0,0,0,1,2,1,1,KRBKRNvK,DRAW,8/6K1/6R1/4r3/8/1k1B2n1/8/8 b - - 0 1
1,1,0,0,0,0,0,1,-1,1,0,1,1,1,0,0,0,0,0,16,0,0,3,5,1,2,4,3,1,21,17,0,0,0,0,0,0,0,0,7,1,1,0,1,0,0,0,2,0,1,KRBKRNvK,DRAW,8/8/6R1/2k5/n7/8/3rBK2/8 w - - 0 1
0,1,0,0,0,0,0,1,-1,1,0,1,1,1,0,0,0,0,0,16,0,0,5,0,2,4,7,4,3,20,23,0,0,0,0,0,0,0,0,7,1,1,0,0,0,0,2,2,2,0,KRBKRNvK,DRAW,4k1n1/2B5/3R4/5r2/8/K7/8/8 b - - 0 1
1,1,0,0,0,0,0,1,-1,1,0,1,1,1,0,0,0,0,0,16,0,0,3,4,2,7,1,1,5,28,22,0,0,0,0,0,0,0,0,7,1,1,0,0,0,0,3,0,1,0,KRBKRNvK,DRAW,3R4/8/2r5/7n/8/4K2B/7k/8 w - - 0 1
0,1,0,0,0,0,0,1,-1,1,0,1,1,1,0,0,0,0,0,16,0,0,5,6,7,6,2,5,3,25,25,0,0,0,0,0,0,0,0,7,1,1,0,1,0,0,2,2,0,0,KRBKRNvK,DRAW,B5K1/8/R7/8/8/1n4k1/3r4/8 b - - 0 1
0,1,0,0,0,0,0,1,-1,1,0,1,1,1,0,0,0,0,0,16,0,0,7,3,0,5,7,3,4,17,22,0,0,0,0,0,0,0,0,7,1,1,0,0,0,0,0,2,1,0,KRBKRNvK,DRAW,4rk2/8/B6R/8/8/8/8/n2K4 b - - 0 1
0,1,0,0,0,0,0,1,-1,1,0,1,1,1,0,0,0,0,0,16,0,0,3,0,3,3,4,3,0,4,0,1,0,0,0,0,0,0,0,7,1,1,0,0,0,0,2,4,1,1,KRBKRNvK,DRAW,8/8/8/R2k1r2/K7/1n3B2/8/8 b - - 0 1
1,1,0,0,0,0,0,1,-1,1,0,1,1,1,0,0,0,0,0,16,0,0,4,6,1,5,5,4,2,3,0,1,0,0,0,0,0,0,0,7,1,1,0,1,0,0,0,2,0,1,KRBKRNvK,DRAW,8/8/5k2/8/8/4n3/r5K1/6BR w - - 0 1
0,1,0,0,0,0,0,1,-1,1,0,1,1,1,0,0,0,0,0,16,0,0,4,7,2,3,6,4,2,5,0,1,0,0,0,0,0,0,0,7,1,1,0,0,0,0,2,0,0,1,KRBKRNvK,DRAW,8/3k2r1/8/8/3R4/5B1K/8/7n b - - 0 1
0,1,0,0,0,0,0,1,-1,1,0,1,1,1,0,0,0,0,0,16,0,0,4,3,7,7,6,3,5,19,30,0,0,0,0,0,0,0,0,7,1,1,0,1,0,0,1,0,0,0,KRBKRNvK,DRAW,3K4/7k/8/3B4/8/6R1/2r5/1n6 b - - 0 1
1,1,0,0,0,0,0,1,-1,1,0,1,1,1,0,0,0,0,0,16,0,0,7,7,0,0,3,6,3,20,26,0,0,0,0,0,0,0,0,7,1,1,0,0,0,0,2,2,0,0,KRBKRNvK,DRAW,8/8/4n2B/8/k5r1/8/3R4/7K w - - 0 1
1,1,0,0,0,0,0,1,-1,1,0,1,1,1,0,0,0,0,0,16,0,0,3,0,4,0,7,3,6,26,19,0,0,0,0,0,0,0,0,7,1,1,0,0,0,0,0,0,0,1,KRBKRNvK,DRAW,k7/2r5/5R2/K6B/8/8/8/n7 w - - 0 1
1,1,0,0,0,0,0,1,-1,1,0,1,1,1,0,0,0,0,0,16,0,0,3,5,7,6,4,4,2,23,25,0,0,0,0,0,0,0,0,7,1,1,0,0,0,0,1,1,0,0,KRBKRNvK,DRAW,5K2/1r6/8/6k1/6n1/1BR5/8/8 w - - 0 1
0,1,0,0,0,0,0,1,-1,1,0,1,1,1,0,0,0,0,0,16,0,0,6,0,1,3,7,5,3,21,20,0,0,0,0,0,0,0,0,7,1,1,0,0,0,0,0,0,0,1,KRBKRNvK,DRAW,3k4/6n1/8/8/6B1/1r6/K7/6R1 b - - 0 1
0,1,0,0,0,0,0,1,-1,1,0,1,1,1,0,0,0,0,0,16,0,0,2,7,7,7,5,6,4,21,27,0,0,0,0,0,0,0,0,7,1,1,0,0,0,0,2,2,0,0,KRBKRNvK,DRAW,4R2K/8/7k/3B4/1r6/7n/8/8 b - - 0 1
0,1,0,0,0,0,0,1,-1,1,0,1,1,1,0,0,0,0,0,16,0,0,5,2,5,7,2,2,4,24,26,0,0,0,0,0,0,0,0,7,1,1,0,0,0,0,1,2,0,1,KRBKRNvK,DRAW,6B1/8/2K5/6n1/r7/7k/8/2R5 b - - 0 1
1,1,0,0,0,0,0,1,-1,1,0,1,1,1,0,0,0,0,0,16,0,0,4,7,6,3,2,5,1,27,17,0,0,0,0,0,0,0,0,7,1,1,1,0,0,0,3,2,1,0,KRBKRNvK,WIN,1rn5/3R3K/8/8/3B4/3k4/8/8 w - - 0 1
1,1,0,0,0,0,0,1,-1,1,0,1,1,1,0,0,0,0,0,16,0,0,5,2,0,7,3,4,3,20,23,0,0,0,0,0,0,0,0,7,1,1,0,0,0,0,0,2,0,0,KRBKRNvK,DRAW,3r4/8/8/1n6/7k/8/3B4/R1K5 w - - 0 1
0,1,0,0,0,0,0,1,-1,1,0,1,1,1,0,0,0,0,0,16,0,0,7,5,0,2,7,4,4,23,17,0,0,0,0,0,0,0,0,7,1,1,0,0,0,0,1,2,0,0,KRBKRNvK,DRAW,2k5/8/8/8/4r1n1/8/B5R1/5K2 b - - 0 1
1,1,0,0,0,0,0,1,-1,1,0,1,1,1,0,0,0,0,0,16,0,0,4,7,5,3,6,4,2,3,0,1,0,0,0,0,0,0,0,7,1,1,0,0,0,0,2,2,0,1,KRBKRNvK,DRAW,8/3k2B1/5n1K/R7/8/8/8/7r w - - 0 1
0,1,0,0,0,0,0,1,-1,1,0,1,1,1,0,0,0,0,0,16,0,0,6,6,2,0,3,3,3,4,0,1,0,0,0,0,0,0,0,7,1,1,0,1,0,0,0,1,0,1,KRBKRNvK,DRAW,8/8/8/7B/k5n1/6K1/2r5/R7 b - - 0 1
1,1,0,0,0,0,0,1,-1,1,0,1,1,1,0,0,0,0,0,16,0,0,3,6,5,3,2,3,1,27,22,0,0,0,0,0,0,0,0,7,1,1,0,0,0,0,0,2,1,1,KRBKRNvK,DRAW,8/8/6K1/8/1r2n3/3k4/7R/3B4 w - - 0 1
0,1,0,0,0,0,0,1,-1,1,0,1,1,1,0,0,0,0,0,16,0,0,3,0,2,0,5,4,4,20,24,0,0,0,0,0,0,0,0,7,1,1,1,0,0,0,2,0,0,1,KRBKRNvK,DRAW,2n5/5R2/k4B2/8/8/K7/8/2r5 b - - 0 1
1,1,0,0,0,0,0,1,-1,1,0,1,1,1,0,0,0,0,0,16,0,0,2,3,3,1,2,0,3,4,0,1,0,0,0,0,0,0,0,7,1,1,0,0,0,0,4,2,0,1,KRBKRNvK,DRAW,2r5/8/2n5/4B3/3KR3/1k6/8/8 w - - 0 1
0,1,0,0,0,0,0,1,-1,1,0,1,1,1,0,0,0,0,0,16,0,0,2,6,3,4,3,2,0,5,0,1,0,0,0,0,0,0,0,7,1,1,0,0,0,0,2,3,1,2,KRBKRNvK,LOSS,8/8/2B1n3/7r/4k1K1/8/8/7R b - - 0 1
1,1,0,0,0,0,0,1,-1,1,0,1,1,1,0,0,0,0,0,16,0,0,5,2,0,1,5,4,3,25,18,0,0,0,0,0,0,0,0,7,1,1,0,0,0,0,0,0,0,0,KRBKRNvK,DRAW,7R/8/rk6/8/8/8/6n1/2KB4 w - - 0 1
0,1,0,0,0,0,0,1,-1,1,0,1,1,1,0,0,0,0,0,16,0,0,3,5,2,2,4,2,1,6,0,1,0,0,0,0,0,0,0,7,1,1,0,0,0,0,3,3,0,1,KRBKRNvK,DRAW,8/8/8/2k4R/3r4/n4K1B/8/8 b - - 0 1
0,1,0,0,0,0,0,1,-1,1,0,1,1,1,0,0,0,0,0,16,0,0,2,2,1,3,3,3,0,17,27,0,0,0,0,0,0,0,0,7,1,1,0,0,0,0,2,3,2,0,KRBKRNvK,DRAW,8/8/3B4/1R6/3k4/6n1/2K5/6r1 b - - 0 1
0,1,0,0,0,0,0,1,-1,1,0,1,1,1,0,0,0,0,0,16,0,0,5,0,3,5,7,3,4,3,0,1,0,0,0,0,0,0,0,7,1,1,0,0,0,0,2,1,1,0,KRBKRNvK,DRAW,5k2/1r6/3B4/5R2/K4n2/8/8/8 b - - 0 1
1,1,0,0,0,0,0,1,-1,1,0,1,1,1,0,0,0,0,0,16,0,0,2,3,1,1,2,2,3,3,0,1,0,0,0,0,0,0,0,7,1,1,0,0,0,0,3,2,0,2,KRBKRNvK,DRAW,8/8/8/6R1/4r3/1k6/3K1B2/5n2 w - - 0 1
0,1,0,0,0,0,0,1,-1,1,0,1,1,1,0,0,0,0,0,16,0,0,3,5,2,2,4,2,1,21,17,0,0,0,0,0,0,0,0,7,1,1,0,0,0,0,1,3,0,1,KRBKRNvK,DRAW,8/n7/5R2/2k5/3r4/5K2/8/7B b - - 0 1
1,1,0,0,0,0,0,1,-1,1,0,1,1,1,0,0,0,0,0,16,0,0,4,1,4,3,0,2,3,20,26,0,0,0,0,0,0,0,0,7,1,1,0,1,0,0,2,1,0,0,KRBKRNvK,DRAW,8/8/B7/1K5R/8/4n3/5r2/3k4 w - - 0 1
1,1,0,0,0,0,0,1,-1,1,0,1,1,1,0,0,0,0,0,16,0,0,3,0,3,3,0,3,3,4,0,1,0,0,0,0,0,0,0,7,1,1,1,0,0,0,2,0,0,0,KRBKRNvK,DRAW,r7/1R5n/8/8/K7/8/8/3k3B w - - 0 1
0,1,0,0,0,0,0,1,-1,1,0,1,1,1,0,0,0,0,0,16,0,0,4,6,3,2,3,2,1,19,34,0,0,0,0,0,0,0,0,7,1,1,0,0,0,0,2,2,1,0,KRBKRNvK,DRAW,3R4/8/8/8/2k1B1K1/8/8/r3n3 b - - 0 1
0,1,0,0,0,0,0,1,-1,1,0,1,1,1,0,0,0,0,0,16,0,0,3,4,7,7,4,3,3,19,24,0,0,0,0,0,0,0,0,7,1,1,0,0,0,0,1,0,1,0,KRBKRNvK,DRAW,4K3/7B/8/7k/8/R7/8/5r1n b - - 0 1
0,1,0,0,0,0,0,1,-1,1,0,1,1,1,0,0,0,0,0,16,0,0,3,3,6,6,6,2,4,25,25,0,0,0,0,0,0,0,0,7,1,1,0,0,0,0,0,3,0,2,KRBKRNvK,DRAW,1R6/3K2k1/4r3/5n2/8/8/8/2B5 b - - 0 1
1,1,0,0,0,0,0,1,-1,1,0,1,1,1,0,0,0,0,0,16,0,0,6,4,6,2,0,2,4,21,21,0,0,0,0,0,0,0,0,7,1,1,1,0,0,0,0,0,0,0,KRBKRNvK,DRAW,8/4KR2/8/n6B/8/2r5/8/2k5 w - - 0 1
0,1,0,0,0,0,0,1,-1,1,0,1,1,1,0,0,0,0,0,16,0,0,6,6,6,5,0,4,4,2,0,1,0,0,0,0,0,0,0,7,1,1,0,0,0,0,0,0,0,0,KRBKRNvK,DRAW,8/6K1/B7/8/4n3/2r5/8/2R2k2 b - - 0 1
0,1,0,0,0,0,0,1,-1,1,0,1,1,1,0,0,0,0,0,16,0,0,6,7,0,1,2,6,3,29,23,0,0,0,0,0,0,0,0,7,1,1,0,0,0,0,1,3,0,0,KRBKRNvK,DRAW,8/8/6R1/8/r7/1k1n4/7B/7K b - - 0 1
0,1,0,0,0,0,0,1,-1,1,0,1,1,1,0,0,0,0,0,16,0,0,2,0,5,2,6,4,3,22,20,0,0,0,0,0,0,0,0,7,1,1,0,0,0,0,0,1,0,0,KRBKRNvK,DRAW,8/2k2r2/K7/6n1/8/8/8/3B3R b - - 0 1
0,1,0,0,0,0,0,1,-1,1,0,1,1,1,0,0,0,0,0,16,0,0,2,1,0,2,2,5,2,21,22,0,0,0,0,0,0,0,0,7,1,1,0,0,0,0,2,3,2,0,KRBKRNvK,DRAW,8/8/8/3n4/3r4/B1k5/8/1K2R3 b - - 0 1
1,1,0,0,0,0,0,1,-1,1,0,1,1,1,0,0,0,0,0,16,0,0,4,1,5,5,4,3,1,26,23,0,0,0,0,0,0,0,0,7,1,1,0,0,0,0,3,2,0,0,KRBKRNvK,DRAW,5n2/8/1K6/5k2/2R5/r7/8/7B w - - 0 1
0,1,0,0,0,0,0,1,-1,1,0,1,1,1,0,0,0,0,0,16,0,0,5,6,7,5,2,5,2,23,28,0,0,0,0,0,0,0,0,7,1,1,1,0,0,0,3,3,0,0,KRBKRNvK,DRAW,6K1/3R4/8/5r2/8/2B2k2/8/5n2 b - - 0 1
0,1,0,0,0,0,0,1,-1,1,0,1,1,1,0,0,0,0,0,16,0,0,3,5,4,5,7,1,4,3,0,1,0,0,0,0,0,0,0,7,1,1,0,0,0,0,2,0,2,0,KRBKRNvK,DRAW,3R1k1r/3B4/8/5K2/8/8/6n1/8 b - - 0 1
1,1,0,0,0,0,0,1,-1,1,0,1,1,1,0,0,0,0,0,16,0,0,2,3,1,5,3,2,1,34,17,0,0,0,0,0,0,0,0,7,1,1,0,0,0,0,1,2,1,0,KRBKRNvK,DRAW,8/8/1R6/n7/4Bk1r/8/3K4/8 w - - 0 1
0,1,0,0,0,0,0,1,-1,1,0,1,1,1,0,0,0,0,0,16,0,0,7,0,4,7,1,3,5,27,21,0,0,0,0,0,0,0,0,7,1,1,0,0,0,0,0,1,0,0,KRBKRNvK,DRAW,5r2/4B3/R7/K7/8/3n4/7k/8 b - - 0 1
0,1,0,0,0,0,0,1,-1,1,0,1,1,1,0,0,0,0,0,16,0,0,2,0,4,2,4,3,1,18,25,0,0,0,0,0,0,0,0,7,1,1,1,0,0,0,1,2,1,0,KRBKRNvK,DRAW,2n4r/6R1/8/K1k5/8/1B6/8/8 b - - 0 1
1,1,0,0,0,0,0,1,-1,1,0,1,1,1,0,0,0,0,0,16,0,0,3,3,2,4,5,1,1,26,22,0,0,0,0,0,0,0,0,7,1,1,0,0,0,0,4,2,0,0,KRBKRNvK,DRAW,6n1/2r5/4k3/R7/8/3K4/8/6B1 w - - 0 1
0,1,0,0,0,0,0,1,-1,1,0,1,1,1,0,0,0,0,0,16,0,0,3,1,5,1,2,3,3,7,0,1,0,0,0,0,0,0,0,7,1,1,0,0,0,0,2,2,1,0,KRBKRNvK,DRAW,8/8/1K6/5rB1/8/1k1R4/8/3n4 b - - 0 1
1,1,0,0,0,0,0,1,-1,1,0,1,1,1,0,0,0,0,0,16,0,0,7,2,7,6,0,4,5,4,0,1,0,0,0,0,0,0,0,7,1,1,0,1,0,0,3,1,0,1,KRBKRNvK,LOSS,2K5/5B2/3n4/8/4R3/8/4r3/6k1 w - - 0 1
0,1,0,0,0,0,0,1,-1,1,0,1,1,1,0,0,0,0,0,16,0,0,7,7,0,4,7,6,3,21,20,0,0,0,0,0,0,0,0,7,1,1,0,1,0,0,2,0,2,0,KRBKRNvK,DRAW,3nk3/8/5BR1/8/8/8/2r5/7K b - - 0 1
1,1,0,0,0,0,0,1,-1,1,0,1,1,1,0,0,0,0,0,16,0,0,6,7,0,1,3,6,2,15,16,0,0,0,0,0,0,0,0,7,1,1,0,0,0,0,1,0,0,0,KRBKRNvK,DRAW,4n3/8/8/8/1k6/6R1/8/1r4BK w - - 0 1
0,1,0,0,0,0,0,1,-1,1,0,1,1,1,0,0,0,0,0,16,0,0,2,2,2,0,0,2,6,20,28,0,0,0,0,0,0,0,0,7,1,1,0,0,0,0,3,2,0,0,KRBKRNvK,DRAW,3R4/8/4r3/7n/8/2K5/8/k6B b - - 0 1
1,1,0,0,0,0,0,1,-1,1,0,1,1,1,0,0,0,0,0,16,0,0,5,5,6,6,1,3,4,26,26,0,0,0,0,0,0,0,0,7,1,1,0,0,0,0,0,0,0,0,KRBKRNvK,DRAW,1R6/5K2/2r5/8/8/B7/6k1/3n4 w - - 0 1
0,1,0,0,0,0,0,1,-1,1,0,1,1,1,0,0,0,0,0,16,0,0,7,1,7,7,0,5,6,21,26,0,0,0,0,0,0,0,0,7,1,1,0,0,0,0,2,2,0,0,KRBKRNvK,DRAW,1K6/4B3/8/5R2/2r5/8/8/4n2k b - - 0 1
0,1,0,0,0,0,0,1,-1,1,0,1,1,1,0,0,0,0,0,16,0,0,4,0,7,4,7,6,3,4,0,1,0,0,0,0,0,0,0,7,1,1,0,0,0,0,3,0,1,1,KRBKRNvK,DRAW,K1n1k3/8/5B2/8/8/4R3/8/6r1 b - - 0 1
0,1,0,0,0,0,0,1,-1,1,0,1,1,1,0,0,0,0,0,16,0,0,5,4,2,3,7,1,3,23,26,0,0,0,0,0,0,0,0,7,1,1,0,0,0,0,4,1,0,0,KRBKRNvK,DRAW,3k4/4n3/6r1/R6B/8/4K3/8/8 b - - 0 1
0,1,0,0,0,0,0,1,-1,1,0,1,1,1,0,0,0,0,0,16,0,0,4,3,7,7,7,3,6,23,19,0,0,0,0,0,0,0,0,7,1,1,0,0,0,0,0,1,0,0,KRBKRNvK,DRAW,3K3k/8/8/8/2n5/5r2/4B1R1/8 b - - 0 1
0,1,0,0,0,0,0,1,-1,1,0,1,1,1,0,0,0,0,0,16,0,0,4,6,0,4,4,5,0,6,0,1,0,0,0,0,0,0,0,7,1,1,0,0,0,0,2,3,1,0,KRBKRNvK,DRAW,6n1/8/1r6/4k3/8/2B5/8/R5K1 b - - 0 1
0,1,0,0,0,0,0,1,-1,1,0,1,1,1,0,0,0,0,0,16,0,0,7,2,0,6,7,4,5,2,0,1,0,0,0,0,0,0,0,7,1,1,0,1,0,0,0,2,1,1,KRBKRNvK,LOSS,5Rk1/8/8/8/8/B7/3r4/2K4n b - - 0 1
1,1,0,0,0,0,0,1,-1,1,0,1,1,1,0,0,0,0,0,16,0,0,3,4,3,3,6,0,2,4,0,1,0,0,0,0,0,0,0,7,1,1,0,0,0,0,4,3,0,2,KRBKRNvK,DRAW,8/3k4/6B1/4r3/2n1K2R/8/8/8 w - - 0 1
1,1,0,0,0,0,0,1,-1,1,0,1,1,1,0,0,0,0,0,16,0,0,5,0,4,5,3,3,1,28,24,0,0,0,0,0,0,0,0,7,1,1,0,0,0,0,2,2,2,0,KRBKRNvK,DRAW,8/6n1/3R4/K7/5k2/8/4B3/2r5 w - - 0 1
1,1,0,0,0,0,0,1,-1,1,0,1,1,1,0,0,0,0,0,16,0,0,3,3,7,1,4,3,2,19,18,0,0,0,0,0,0,0,0,7,1,1,0,1,0,0,1,1,1,0,KRBKRNvK,DRAW,3K4/8/7R/1k6/3B4/8/3r4/2n5 w - - 0 1
0,1,0,0,0,0,0,1,-1,1,0,1,1,1,0,0,0,0,0,16,0,0,6,1,1,6,7,4,5,25,25,0,0,0,0,0,0,0,0,7,1,1,0,0,0,0,2,0,0,0,KRBKRNvK,DRAW,2r3k1/8/8/3n2B1/8/8/1K6/3R4 b - - 0 1
0,1,0,0,0,0,0,1,-1,1,0,1,1,1,0,0,0,0,0,16,0,0,7,7,5,0,6,4,5,3,0,1,0,0,0,0,0,0,0,7,1,1,1,0,0,0,2,1,0,0,KRBKRNvK,LOSS,8/k3R3/7K/8/3B4/2rn4/8/8 b - - 0 1
1,1,0,0,0,0,0,1,-1,1,0,1,1,1,0,0,0,0,0,16,0,0,3,6,3,3,3,2,0,24,22,0,0,0,0,0,0,0,0,7,1,1,0,0,0,0,0,4,0,0,KRBKRNvK,DRAW,8/8/6R1/6B1/1r1k2K1/3n4/8/8 w - - 0 1
0,1,0,0,0,0,0,1,-1,1,0,1,1,1,0,0,0,0,0,16,0,0,4,1,6,2,2,4,2,22,30,0,0,0,0,0,0,0,0,7,1,1,0,0,0,0,1,3,0,1,KRBKRNvK,DRAW,7R/1K6/4B3/2r5/8/2k5/2n5/8 b - - 0 1
1,1,0,0,0,0,0,1,-1,1,0,1,1,1,0,0,0,0,0,16,0,0,6,1,1,7,6,4,5,7,0,1,0,0,0,0,0,0,0,7,1,1,0,0,0,0,1,0,1,1,KRBKRNvK,DRAW,8/B6k/5R1r/8/8/8/1K6/3n4 w - - 0 1
0,1,0,0,0,0,0,1,-1,1,0,1,1,1,0,0,0,0,0,16,0,0,4,6,6,2,5,4,2,23,17,0,0,0,0,0,0,0,0,7,1,1,0,0,0,0,0,2,1,0,KRBKRNvK,DRAW,6R1/6K1/B1k5/1r6/8/n7/8/8 b - - 0 1
0,1,0,0,0,0,0,1,-1,1,0,1,1,1,0,0,0,0,0,16,0,0,2,3,3,5,3,0,1,21,19,0,0,0,0,0,0,0,0,7,1,1,0,1,0,0,4,2,1,0,KRBKRNvK,DRAW,8/8/7n/8/3K1k2/2B4R/r7/8 b - - 0 1
0,1,0,0,0,0,0,1,-1,1,0,1,1,1,0,0,0,0,0,16,0,0,6,0,2,6,0,4,5,19,24,0,0,0,0,0,0,0,0,7,1,1,0,0,0,0,2,1,0,0,KRBKRNvK,DRAW,2r5/8/8/6R1/6n1/KB6/8/6k1 b - - 0 1
0,1,0,0,0,0,0,1,-1,1,0,1,1,1,0,0,0,0,0,16,0,0,3,4,1,3,4,2,0,22,24,0,0,0,0,0,0,0,0,7,1,1,0,0,0,0,2,3,1,0,KRBKRNvK,DRAW,n7/8/8/3k4/8/2B5/4KR2/1r6 b - - 0 1
1,1,0,0,0,0,0,1,-1,1,0,1,1,1,0,0,0,0,0,16,0,0,3,1,6,4,3,4,0,5,0,1,0,0,0,0,0,0,0,7,1,1,0,0,0,0,0,3,1,2,KRBKRNvK,DRAW,3n4/1K1r3B/6R1/8/4k3/8/8/8 w - - 0 1
1,1,0,0,0,0,0,1,-1,1,0,1,1,1,0,0,0,0,0,16,0,0,3,0,6,3,6,5,2,25,21,0,0,0,0,0,0,0,0,7,1,1,0,0,0,0,0,1,2,0,KRBKRNvK,DRAW,5B1r/K2k4/1R6/5n2/8/8/8/8 w - - 0 1
0,1,0,0,0,0,0,1,-1,1,0,1,1,1,0,0,0,0,0,16,0,0,3,4,5,6,2,1,3,6,0,1,0,0,0,0,0,0,0,7,1,1,0,0,0,0,3,2,1,0,KRBKRNvK,DRAW,8/8/4K3/8/r7/1B2R1k1/8/7n b - - 0 1
1,1,0,0,0,0,0,1,-1,1,0,1,1,1,0,0,0,0,0,16,0,0,2,5,2,3,1,2,2,6,0,1,0,0,0,0,0,0,0,7,1,1,0,0,0,0,2,0,0,1,KRBKRNvK,LOSS,8/2r1B3/4R3/8/3n4/5K2/3k4/8 w - - 0 1
1,1,0,0,0,0,0,1,-1,1,0,1,1,1,0,0,0,0,0,16,0,0,2,2,1,4,2,3,1,27,27,0,0,0,0,0,0,0,0,7,1,1,1,0,0,0,0,4,0,0,KRBKRNvK,DRAW,8/7R/4n3/6r1/8/B3k3/2K5/8 w - - 0 1
0,1,0,0,0,0,0,1,-1,1,0,1,1,1,0,0,0,0,0,16,0,0,2,6,6,4,6,4,2,2,0,1,0,0,0,0,0,0,0,7,1,1,0,0,0,0,2,2,2,0,KRBKRNvK,DRAW,5B2/4k1K1/8/4R3/8/8/8/n2r4 b - - 0 1
0,1,0,0,0,0,0,1,-1,1,0,1,1,1,0,0,0,0,0,16,0,0,4,3,5,7,4,1,3,21,23,0,0,0,0,0,0,0,0,7,1,1,1,1,0,0,3,1,0,1,KRBKRNvK,DRAW,7B/R2n4/3K4/7k/8/8/7r/8 b - - 0 1
1,1,0,0,0,0,0,1,-1,1,0,1,1,1,0,0,0,0,0,16,0,0,3,6,3,3,1,2,2,4,0,1,0,0,0,0,0,0,0,7,1,1,0,0,0,0,0,3,0,2,KRBKRNvK,DRAW,8/8/6n1/8/5rKR/B7/3k4/8 w - - 0 1
0,1,0,0,0,0,0,1,-1,1,0,1,1,1,0,0,0,0,0,16,0,0,2,6,2,4,3,3,0,15,24,0,0,0,0,0,0,0,0,7,1,1,1,0,0,0,1,4,0,2,KRBKRNvK,DRAW,8/2R5/8/8/4k2r/6K1/B6n/8 b - - 0 1
0,1,0,0,0,0,0,1,-1,1,0,1,1,1,0,0,0,0,0,16,0,0,7,0,0,4,7,6,3,4,0,1,0,0,0,0,0,0,0,7,1,1,0,1,0,0,2,2,1,0,KRBKRNvK,DRAW,1R2k3/6B1/8/8/8/8/3r3n/K7 b - - 0 1
1,1,0,0,0,0,0,1,-1,1,0,1,1,1,0,0,0,0,0,16,0,0,2,2,2,4,1,2,2,28,22,0,0,0,0,0,0,0,0,7,1,1,0,0,0,0,3,2,2,0,KRBKRNvK,DRAW,4r3/5n2/8/8/4B1R1/2K5/4k3/8 w - - 0 1
0,1,0,0,0,0,0,1,-1,1,0,1,1,1,0,0,0,0,0,16,0,0,7,7,0,0,5,6,4,17,22,0,0,0,0,0,0,0,0,7,1,1,0,0,0,0,1,0,1,1,KRBKRNvK,DRAW,1B6/6r1/k7/8/8/1R6/6n1/7K b - - 0 1
1,1,0,0,0,0,0,1,-1,1,0,1,1,1,0,0,0,0,0,16,0,0,3,0,6,1,3,5,2,25,17,0,0,0,0,0,0,0,0,7,1,1,0,0,0,0,2,0,2,0,KRBKRNvK,DRAW,8/K7/8/R2B4/1k6/8/8/2n3r1 w - - 0 1
1,1,0,0,0,0,0,1,-1,1,0,1,1,1,0,0,0,0,0,16,0,0,2,3,7,3,5,3,1,1,0,1,0,0,0,0,0,0,0,7,1,1,0,0,0,0,1,2,1,1,KRBKRNvK,DRAW,3K1r2/5B2/3k4/8/8/8/2R5/2n5 w - - 0 1
0,1,0,0,0,0,0,1,-1,1,0,1,1,1,0,0,0,0,0,16,0,0,5,0,4,5,1,3,3,6,0,1,0,0,0,0,0,0,0,7,1,1,0,0,0,0,0,1,0,0,KRBKRNvK,DRAW,2B5/7r/8/K7/6n1/8/1R3k2/8 b - - 0 1
1,1,0,0,0,0,0,1,-1,1,0,1,1,1,0,0,0,0,0,16,0,0,4,4,1,1,5,2,3,29,16,0,0,0,0,0,0,0,0,7,1,1,0,0,0,0,1,0,0,0,KRBKRNvK,DRAW,4n1B1/1r6/1k6/8/8/2R5/4K3/8 w - - 0 1
0,1,0,0,0,0,0,1,-1,1,0,1,1,1,0,0,0,0,0,16,0,0,3,3,3,0,0,0,6,21,23,0,0,0,0,0,0,0,0,7,1,1,1,1,0,0,4,0,0,0,KRBKRNvK,DRAW,8/3R4/5B2/8/n2K4/8/6r1/k7 b - - 0 1
1,1,0,0,0,0,0,1,-1,1,0,1,1,1,0,0,0,0,0,16,0,0,7,0,7,6,0,6,5,2,0,1,0,0,0,0,0,0,0,7,1,1,0,0,0,0,1,0,0,1,KRBKRNvK,DRAW,K1r5/8/7R/8/2B5/8/8/2n3k1 w - - 0 1
0,1,0,0,0,0,0,1,-1,1,0,1,1,1,0,0,0,0,0,16,0,0,2,3,1,1,0,2,5,16,25,0,0,0,0,0,0,0,0,7,1,1,1,0,0,0,2,0,0,0,KRBKRNvK,DRAW,7B/2R5/8/8/8/8/3K3n/1k4r1 b - - 0 1
0,1,0,0,0,0,0,1,-1,1,0,1,1,1,0,0,0,0,0,16,0,0,2,5,0,3,0,4,3,4,0,1,0,0,0,0,0,0,0,7,1,1,0,0,0,0,2,2,0,0,KRBKRNvK,DRAW,3R4/8/8/6r1/8/8/1n6/3k1KB1 b - - 0 1
0,1,0,0,0,0,0,1,-1,1,0,1,1,1,0,0,0,0,0,16,0,0,5,7,6,2,1,5,3,24,22,0,0,0,0,0,0,0,0,7,1,1,0,0,0,0,1,2,0,0,KRBKRNvK,DRAW,R2n4/7K/8/8/8/3r4/2k4B/8 b - - 0 1
0,1,0,0,0,0,0,1,-1,1,0,1,1,1,0,0,0,0,0,16,0,0,4,1,7,4,3,5,0,5,0,1,0,0,0,0,0,0,0,7,1,1,0,0,0,0,1,4,1,1,KRBKRNvK,DRAW,1K6/8/1n4B1/8/4k3/1R2r3/8/8 b - - 0 1
0,1,0,0,0,0,0,1,-1,1,0,1,1,1,0,0,0,0,0,16,0,0,5,5,1,7,6,3,5,19,26,0,0,0,0,0,0,0,0,7,1,1,0,0,0,0,0,0,0,1,KRBKRNvK,DRAW,r7/7k/8/8/8/6R1/5K1n/3B4 b - - 0 1
0,1,0,0,0,0,0,1,-1,1,0,1,1,1,0,0,0,0,0,16,0,0,4,6,6,2,4,4,1,5,0,1,0,0,0,0,0,0,0,7,1,1,1,0,0,0,0,3,1,0,KRBKRNvK,DRAW,4B3/2R3K1/8/2k5/n4r2/8/8/8 b - - 0 1
0,1,0,0,0,0,0,1,-1,1,0,1,1,1,0,0,0,0,0,16,0,0,6,1,3,7,5,2,4,22,31,0,0,0,0,0,0,0,0,7,1,1,0,0,0,0,1,3,0,1,KRBKRNvK,DRAW,8/8/7k/4B3/1K6/3r2n1/R7/8 b - - 0 1
1,1,0,0,0,0,0,1,-1,1,0,1,1,1,0,0,0,0,0,16,0,0,4,3,2,7,3,1,3,24,21,0,0,0,0,0,0,0,0,7,1,1,0,0,0,0,2,0,0,1,KRBKRNvK,DRAW,8/3B4/1r6/8/7k/R2K4/8/5n2 w - - 0 1
1,1,0,0,0,0,0,1,-1,1,0,1,1,1,0,0,0,0,0,16,0,0,7,2,0,7,7,4,6,25,20,0,0,0,0,0,0,0,0,7,1,1,0,0,0,0,2,0,0,0,KRBKRNvK,DRAW,1n5k/8/8/8/8/5r1B/3R4/2K5 w - - 0 1
1,1,0,0,0,0,0,1,-1,1,0,1,1,1,0,0,0,0,0,16,0,0,5,5,0,4,5,4,1,5,0,1,0,0,0,0,0,0,0,7,1,1,0,0,0,0,3,2,1,0,KRBKRNvK,DRAW,B3n3/8/4kr2/3R4/8/8/8/5K2 w - - 0 1
1,1,0,0,0,0,0,1,-1,1,0,1,1,1,0,0,0,0,0,16,0,0,5,0,1,5,3,5,1,3,0,1,0,0,0,0,0,0,0,7,1,1,0,0,0,0,2,2,1,0,KRBKRNvK,DRAW,B7/r7/8/2n5/5k2/7R/K7/8 w - - 0 1
0,1,0,0,0,0,0,1,-1,1,0,1,1,1,0,0,0,0,0,16,0,0,2,6,6,6,4,4,2,16,25,0,0,0,0,0,0,0,0,7,1,1,0,0,0,0,1,1,0,1,KRBKRNvK,DRAW,8/3n2K1/8/6kr/8/8/5B2/R7 b - - 0 1
1,1,0,0,0,0,0,1,-1,1,0,1,1,1,0,0,0,0,0,16,0,0,3,5,2,2,3,2,1,6,0,1,0,0,0,0,0,0,0,7,1,1,0,0,0,0,4,2,2,1,KRBKRNvK,DRAW,8/8/8/4R3/2k5/2B2K2/8/1n3r2 w - - 0 1
1,1,0,0,0,0,0,1,-1,1,0,1,1,1,0,0,0,0,0,16,0,0,6,1,1,1,7,4,5,23,24,0,0,0,0,0,0,0,0,7,1,1,0,0,0,0,0,1,0,0,KRBKRNvK,DRAW,1k6/7r/8/6n1/1B6/8/1K6/1R6 w - - 0 1
0,1,0,0,0,0,0,1,-1,1,0,1,1,1,0,0,0,0,0,16,0,0,3,0,6,1,3,5,2,30,25,0,0,0,0,0,0,0,0,7,1,1,0,1,0,0,1,0,0,0,KRBKRNvK,DRAW,8/K7/8/8/1k2n3/5B2/2r5/7R b - - 0 1
0,1,0,0,0,0,0,1,-1,1,0,1,1,1,0,0,0,0,0,16,0,0,5,3,6,7,1,2,5,21,28,0,0,0,0,0,0,0,0,7,1,1,0,0,0,0,2,2,0,0,KRBKRNvK,DRAW,8/3K4/8/2B5/R7/4r3/6nk/8 b - - 0 1
1,1,0,0,0,0,0,1,-1,1,0,1,1,1,0,0,0,0,0,16,0,0,5,5,6,1,1,3,4,26,18,0,0,0,0,0,0,0,0,7,1,1,0,0,0,0,2,0,1,0,KRBKRNvK,DRAW,8/5K2/8/R7/8/6r1/1k6/3B3n w - - 0 1
0,1,0,0,0,0,0,1,-1,1,0,1,1,1,0,0,0,0,0,16,0,0,5,3,5,1,0,1,5,18,27,0,0,0,0,0,0,0,0,7,1,1,0,1,0,0,2,0,0,1,KRBKRNvK,WIN,3n4/8/3K3B/R7/8/8/1r6/1k6 b - - 0 1
0,1,0,0,0,0,0,1,-1,1,0,1,1,1,0,0,0,0,0,16,0,0,4,6,4,2,7,2,4,21,20,0,0,0,0,0,0,0,0,7,1,1,0,0,0,0,0,0,0,1,KRBKRNvK,DRAW,n1k4B/8/5r2/6K1/8/8/R7/8 b - - 0 1
1,1,0,0,0,0,0,1,-1,1,0,1,1,1,0,0,0,0,0,16,0,0,4,7,5,3,3,4,0,21,20,0,0,0,0,0,0,0,0,7,1,1,0,0,0,0,2,4,1,1,KRBKRNvK,DRAW,8/8/2n4K/8/3k1r2/4R3/8/6B1 w - - 0 1
0,1,0,0,0,0,0,1,-1,1,0,1,1,1,0,0,0,0,0,16,0,0,4,0,5,4,2,4,1,8,0,1,0,0,0,0,0,0,0,7,1,1,1,0,0,0,0,4,0,0,KRBKRNvK,DRAW,8/1R6/K6B/5r2/8/4k3/8/2n5 b - - 0 1
0,1,0,0,0,0,0,1,-1,1,0,1,1,1,0,0,0,0,0,16,0,0,4,6,5,2,2,3,2,22,26,0,0,0,0,0,0,0,0,7,1,1,0,1,0,0,2,2,0,0,KRBKRNvK,DRAW,8/8/6K1/5R2/6B1/2k5/n2r4/8 b - - 0 1
1,1,0,0,0,0,0,1,-1,1,0,1,1,1,0,0,0,0,0,16,0,0,5,0,7,0,2,6,4,5,0,1,0,0,0,0,0,0,0,7,1,1,0,0,0,0,2,0,1,0,KRBKRNvK,WIN,K5r1/4B3/8/2R5/8/k7/8/1n6 w - - 0 1
0,1,0,0,0,0,0,1,-1,1,0,1,1,1,0,0,0,0,0,16,0,0,4,0,1,4,4,5,0,17,22,0,0,0,0,0,0,0,0,7,1,1,0,0,0,0,2,4,0,1,KRBKRNvK,DRAW,8/8/7B/4kr2/7R/n7/K7/8 b - - 0 1
0,1,0,0,0,0,0,1,-1,1,0,1,1,1,0,0,0,0,0,16,0,0,2,4,5,3,7,1,3,4,0,1,0,0,0,0,0,0,0,7,1,1,0,0,0,0,4,0,0,0,KRBKRNvK,DRAW,3k4/8/4K3/8/1R5B/8/8/n5r1 b - - 0 1
0,1,0,0,0,0,0,1,-1,1,0,1,1,1,0,0,0,0,0,16,0,0,5,1,3,6,3,2,2,5,0,1,0,0,0,0,0,0,0,7,1,1,1,0,0,0,0,1,0,1,KRBKRNvK,DRAW,4Br2/6R1/8/8/1K4k1/8/3n4/8 b - - 0 1
1,1,0,0,0,0,0,1,-1,1,0,1,1,1,0,0,0,0,0,16,0,0,3,4,3,7,5,0,4,25,18,0,0,0,0,0,0,0,0,7,1,1,0,0,0,0,3,0,0,0,KRBKRNvK,DRAW,8/5r2/7k/2R5/4K3/8/5B2/n7 w - - 0 1
1,1,0,0,0,0,0,1,-1,1,0,1,1,1,0,0,0,0,0,16,0,0,7,5,7,7,0,4,6,23,19,0,0,0,0,0,0,0,0,7,1,1,0,0,0,0,2,0,1,1,KRBKRNvK,DRAW,5K2/7r/8/3R4/8/8/7B/5n1k w - - 0 1
1,1,0,0,0,0,0,1,-1,1,0,1,1,1,0,0,0,0,0,16,0,0,6,4,7,0,1,3,5,26,23,0,0,0,0,0,0,0,0,7,1,1,0,0,0,0,3,0,0,0,KRBKRNvK,DRAW,4K3/8/n7/5R2/8/7r/k4B2/8 w - - 0 1
1,1,0,0,0,0,0,1,-1,1,0,1,1,1,0,0,0,0,0,16,0,0,4,5,3,1,0,1,5,25,20,0,0,0,0,0,0,0,0,7,1,1,0,0,0,0,3,2,0,0,KRBKRNvK,DRAW,8/4r3/8/R7/5K2/8/8/1kn1B3 w - - 0 1
0,1,0,0,0,0,0,1,-1,1,0,1,1,1,0,0,0,0,0,16,0,0,4,4,3,0,3,0,3,2,0,1,0,0,0,0,0,0,0,7,1,1,0,0,0,0,3,1,0,1,KRBKRNvK,DRAW,8/6r1/8/7R/k3K1n1/8/8/3B4 b - - 0 1
0,1,0,0,0,0,0,1,-1,1,0,1,1,1,0,0,0,0,0,16,0,0,2,4,5,2,4,1,1,19,28,0,0,0,0,0,0,0,0,7,1,1,1,0,0,0,3,2,2,0,KRBKRNvK,DRAW,8/R7/4K2n/2kB4/8/8/8/7r b - - 0 1
0,1,0,0,0,0,0,1,-1,1,0,1,1,1,0,0,0,0,0,16,0,0,3,4,5,1,3,1,2,26,30,0,0,0,0,0,0,0,0,7,1,1,0,0,0,0,3,0,0,0,KRBKRNvK,DRAW,5R2/1B6/4K3/8/1k5n/8/8/6r1 b - - 0 1
0,1,0,0,0,0,0,1,-1,1,0,1,1,1,0,0,0,0,0,16,0,0,4,5,4,6,0,1,5,21,26,0,0,0,0,0,0,0,0,7,1,1,0,0,0,0,3,2,0,2,KRBKRNvK,DRAW,8/3r3n/R7/5K2/8/8/8/B5k1 b - - 0 1
1,1,0,0,0,0,0,1,-1,1,0,1,1,1,0,0,0,0,0,16,0,0,6,3,0,5,6,3,3,25,20,0,0,0,0,0,0,0,0,7,1,1,0,0,0,0,3,1,1,2,KRBKRNvK,DRAW,8/5k2/8/2B1R3/8/1n3r2/8/3K4 w - - 0 1
0,1,0,0,0,0,0,1,-1,1,0,1,1,1,0,0,0,0,0,16,0,0,3,2,4,5,2,1,2,18,17,0,0,0,0,0,0,0,0,7,1,1,0,0,0,0,3,2,2,0,KRBKRNvK,DRAW,2n5/8/8/2K1R3/5r2/5k2/7B/8 b - - 0 1
1,1,0,0,0,0,0,1,-1,1,0,1,1,1,0,0,0,0,0,16,0,0,4,6,3,2,4,2,1,6,0,1,0,0,0,0,0,0,0,7,1,1,0,0,0,0,0,3,1,0,KRBKRNvK,DRAW,8/8/B7/2k5/1r4K1/6R1/8/2n5 w - - 0 1
0,1,0,0,0,0,0,1,-1,1,0,1,1,1,0,0,0,0,0,16,0,0,5,5,6,2,1,3,3,25,22,0,0,0,0,0,0,0,0,7,1,1,1,0,0,0,2,0,0,0,KRBKRNvK,DRAW,B7/n4KR1/8/8/8/8/2k5/7r b - - 0 1
0,1,0,0,0,0,0,1,-1,1,0,1,1,1,0,0,0,0,0,16,0,0,6,7,7,1,4,6,2,17,18,0,0,0,0,0,0,0,0,7,1,1,0,0,0,0,2,1,0,0,KRBKRNvK,DRAW,6BK/8/4R3/rk6/8/6n1/8/8 b - - 0 1
1,1,0,0,0,0,0,1,-1,1,0,1,1,1,0,0,0,0,0,16,0,0,3,3,3,3,0,0,3,5,0,1,0,0,0,0,0,0,0,7,1,1,0,0,0,0,3,1,1,0,KRBKRNvK,DRAW,n7/8/8/8/r2K4/4R3/8/3k3B w - - 0 1
1,1,0,0,0,0,0,1,-1,1,0,1,1,1,0,0,0,0,0,16,0,0,2,5,3,7,5,1,4,30,23,0,0,0,0,0,0,0,0,7,1,1,0,0,0,0,4,1,0,0,KRBKRNvK,DRAW,8/8/r6k/8/5K2/1n6/6B1/3R4 w - - 0 1
0,1,0,0,0,0,0,1,-1,1,0,1,1,1,0,0,0,0,0,16,0,0,3,7,5,7,2,4,4,22,28,0,0,0,0,0,0,0,0,7,1,1,0,1,0,0,1,1,0,0,KRBKRNvK,DRAW,6R1/2B5/7K/8/8/3n3k/1r6/8 b - - 0 1
0,1,0,0,0,0,0,1,-1,1,0,1,1,1,0,0,0,0,0,16,0,0,3,4,2,7,4,1,3,19,24,0,0,0,0,0,0,0,0,7,1,1,0,0,0,0,3,0,2,0,KRBKRNvK,DRAW,2r5/6B1/8/7k/8/n3K1R1/8/8 b - - 0 1
1,1,0,0,0,0,0,1,-1,1,0,1,1,1,0,0,0,0,0,16,0,0,4,4,6,0,4,2,3,5,0,1,0,0,0,0,0,0,0,7,1,1,0,0,0,0,2,1,0,0,KRBKRNvK,DRAW,7B/1r2K3/8/k7/6n1/8/8/5R2 w - - 0 1
0,1,0,0,0,0,0,1,-1,1,0,1,1,1,0,0,0,0,0,16,0,0,5,2,4,7,1,1,5,19,25,0,0,0,0,0,0,0,0,7,1,1,0,0,0,0,3,2,1,1,KRBKRNvK,DRAW,6R1/3r4/8/2K5/8/8/1n4Bk/8 b - - 0 1
0,1,0,0,0,0,0,1,-1,1,0,1,1,1,0,0,0,0,0,16,0,0,2,4,6,2,6,2,3,20,26,0,0,0,0,0,0,0,0,7,1,1,0,0,0,0,0,0,0,0,KRBKRNvK,DRAW,8/2k1K3/8/8/7n/7B/5R2/2r5 b - - 0 1
0,1,0,0,0,0,0,1,-1,1,0,1,1,1,0,0,0,0,0,16,0,0,6,0,7,0,1,6,5,22,21,0,0,0,0,0,0,0,0,7,1,1,0,0,0,0,1,2,0,1,KRBKRNvK,DRAW,KBn5/4r3/2R5/8/8/8/k7/8 b - - 0 1
0,1,0,0,0,0,0,1,-1,1,0,1,1,1,0,0,0,0,0,16,0,0,4,5,3,1,7,1,5,19,26,0,0,0,0,0,0,0,0,7,1,1,0,0,0,0,2,0,0,1,KRBKRNvK,DRAW,rk6/8/5B2/4n3/5K2/6R1/8/8 b - - 0 1
0,1,0,0,0,0,0,1,-1,1,0,1,1,1,0,0,0,0,0,16,0,0,4,2,4,5,0,1,4,23,21,0,0,0,0,0,0,0,0,7,1,1,0,0,0,0,3,2,0,1,KRBKRNvK,DRAW,2R2n2/8/8/2K5/r7/8/2B5/5k2 b - - 0 1
1,1,0,0,0,0,0,1,-1,1,0,1,1,1,0,0,0,0,0,16,0,0,2,3,6,4,4,2,0,19,25,0,0,0,0,0,0,0,0,7,1,1,0,0,0,0,0,3,0,0,KRBKRNvK,DRAW,4B3/3K4/8/4k3/2r5/2n5/7R/8 w - - 0 1
0,1,0,0,0,0,0,1,-1,1,0,1,1,1,0,0,0,0,0,16,0,0,5,1,7,3,2,5,1,21,21,0,0,0,0,0,0,0,0,7,1,1,0,0,0,0,1,3,0,0,KRBKRNvK,DRAW,1K6/8/8/2n5/3r4/3k4/6R1/6B1 b - - 0 1
1,1,0,0,0,0,0,1,-1,1,0,1,1,1,0,0,0,0,0,16,0,0,5,0,5,5,5,4,2,4,0,1,0,0,0,0,0,0,0,7,1,1,0,0,0,0,2,2,1,1,KRBKRNvK,DRAW,8/8/K1r2k2/7R/8/4n1B1/8/8 w - - 0 1
0,1,0,0,0,0,0,1,-1,1,0,1,1,1,0,0,0,0,0,16,0,0,2,3,5,3,7,1,3,19,25,0,0,0,0,0,0,0,0,7,1,1,0,0,0,0,4,1,0,1,KRBKRNvK,DRAW,3k4/5r2/3K4/8/BR6/8/5n2/8 b - - 0 1
1,1,0,0,0,0,0,1,-1,1,0,1,1,1,0,0,0,0,0,16,0,0,3,2,2,5,0,2,4,4,0,1,0,0,0,0,0,0,0,7,1,1,0,0,0,0,1,2,0,1,KRBKRNvK,LOSS,1R1r4/8/8/8/8/2K5/8/B2n1k2 w - - 0 1
0,1,0,0,0,0,0,1,-1,1,0,1,1,1,0,0,0,0,0,16,0,0,4,3,3,7,3,0,3,18,29,0,0,0,0,0,0,0,0,7,1,1,0,0,0,0,3,0,0,0,KRBKRNvK,DRAW,7r/1B6/8/8/3K3k/8/6n1/R7 b - - 0 1
0,1,0,0,0,0,0,1,-1,1,0,1,1,1,0,0,0,0,0,16,0,0,3,7,7,7,4,6,3,23,21,0,0,0,0,0,0,0,0,7,1,1,1,0,0,0,2,3,0,0,KRBKRNvK,DRAW,7K/3R4/2n5/2r4k/8/B7/8/8 b - - 0 1
0,1,0,0,0,0,0,1,-1,1,0,1,1,1,0,0,0,0,0,16,0,0,2,4,2,4,0,1,3,21,23,0,0,0,0,0,0,0,0,7,1,1,0,0,0,0,3,1,1,1,KRBKRNvK,DRAW,8/8/r7/8/2B5/4K3/4nR2/4k3 b - - 0 1
1,1,0,0,0,0,0,1,-1,1,0,1,1,1,0,0,0,0,0,16,0,0,6,1,7,7,2,5,4,25,17,0,0,0,0,0,0,0,0,7,1,1,0,1,0,0,3,1,2,1,KRBKRNvK,DRAW,1K6/8/1n6/8/5R2/5B1k/5r2/8 w - - 0 1
0,1,0,0,0,0,0,1,-1,1,0,1,1,1,0,0,0,0,0,16,0,0,3,4,3,1,6,0,4,23,29,0,0,0,0,0,0,0,0,7,1,1,0,0,0,0,3,1,1,1,KRBKRNvK,DRAW,2r5/1k6/8/1B6/4K1n1/8/8/R7 b - - 0 1
0,1,0,0,0,0,0,1,-1,1,0,1,1,1,0,0,0,0,0,16,0,0,2,5,1,4,3,3,0,22,26,0,0,0,0,0,0,0,0,7,1,1,0,0,0,0,3,3,1,0,KRBKRNvK,DRAW,8/1r6/6n1/2B4R/4k3/8/5K2/8 b - - 0 1
1,1,0,0,0,0,0,1,-1,1,0,1,1,1,0,0,0,0,0,16,0,0,7,0,7,1,0,6,5,18,25,0,0,0,0,0,0,0,0,7,1,1,0,0,0,0,0,2,0,0,KRBKRNvK,DRAW,K7/8/4r3/2n3BR/8/8/8/1k6 w - - 0 1
1,1,0,0,0,0,0,1,-1,1,0,1,1,1,0,0,0,0,0,16,0,0,2,5,6,7,7,3,6,2,0,1,0,0,0,0,0,0,0,7,1,1,0,0,0,0,2,2,0,2,KRBKRNvK,DRAW,7k/5Kn1/8/5r2/8/3RB3/8/8 w - - 0 1
1,1,0,0,0,0,0,1,-1,1,0,1,1,1,0,0,0,0,0,16,0,0,4,3,3,2,7,0,4,23,18,0,0,0,0,0,0,0,0,7,1,1,0,0,0,0,4,0,0,0,KRBKRNvK,DRAW,2k5/8/8/n7/3KR3/B7/8/r7 w - - 0 1
0,1,0,0,0,0,0,1,-1,1,0,1,1,1,0,0,0,0,0,16,0,0,5,7,1,3,6,5,2,5,0,1,0,0,0,0,0,0,0,7,1,1,1,0,0,0,1,3,0,0,KRBKRNvK,DRAW,8/3k3R/8/1r6/2B5/8/3n3K/8 b - - 0 1
1,1,0,0,0,0,0,1,-1,1,0,1,1,1,0,0,0,0,0,16,0,0,2,5,2,7,4,2,3,7,0,1,0,0,0,0,0,0,0,7,1,1,0,0,0,0,2,0,0,1,KRBKRNvK,DRAW,8/r7/1B6/4n2k/8/5K2/1R6/8 w - - 0 1
1,1,0,0,0,0,0,1,-1,1,0,1,1,1,0,0,0,0,0,16,0,0,7,4,0,2,7,3,4,2,0,1,0,0,0,0,0,0,0,7,1,1,0,0,0,0,3,0,1,2,KRBKRNvK,DRAW,1Bk5/8/8/8/5R2/8/8/2r1K1n1 w - - 0 1
1,1,0,0,0,0,0,1,-1,1,0,1,1,1,0,0,0,0,0,16,0,0,5,1,4,6,2,2,3,24,21,0,0,0,0,0,0,0,0,7,1,1,0,1,0,0,0,0,0,0,KRBKRNvK,DRAW,7R/8/8/1K6/B7/6k1/5r2/6n1 w - - 0 1
1,1,0,0,0,0,0,1,-1,1,0,1,1,1,0,0,0,0,0,16,0,0,3,6,2,7,5,3,4,5,0,1,0,0,0,0,0,0,0,7,1,1,0,0,0,0,2,2,1,1,KRBKRNvK,DRAW,8/8/R4B1k/8/1r6/6K1/4n3/8 w - - 0 1
0,1,0,0,0,0,0,1,-1,1,0,1,1,1,0,0,0,0,0,16,0,0,2,6,3,7,1,2,5,19,27,0,0,0,0,0,0,0,0,7,1,1,0,0,0,0,2,2,0,1,KRBKRNvK,DRAW,7n/8/4r3/8/6K1/1R6/7k/B7 b - - 0 1
1,1,0,0,0,0,0,1,-1,1,0,1,1,1,0,0,0,0,0,16,0,0,2,0,4,2,3,3,1,2,0,1,0,0,0,0,0,0,0,7,1,1,0,0,0,0,2,2,2,1,KRBKRNvK,DRAW,8/r5n1/4R3/K7/2k5/8/2B5/8 w - - 0 1
0,1,0,0,0,0,0,1,-1,1,0,1,1,1,0,0,0,0,0,16,0,0,5,5,6,1,1,3,4,27,25,0,0,0,0,0,0,0,0,7,1,1,0,0,0,0,2,1,0,0,KRBKRNvK,DRAW,8/5K2/2r5/3R4/8/6n1/1k6/4B3 b - - 0 1
1,1,0,0,0,0,0,1,-1,1,0,1,1,1,0,0,0,0,0,16,0,0,2,0,4,2,6,3,3,24,19,0,0,0,0,0,0,0,0,7,1,1,0,0,0,0,0,2,0,0,KRBKRNvK,DRAW,8/2k5/3r3n/K7/8/7B/8/1R6 w - - 0 1
1,1,0,0,0,0,0,1,-1,1,0,1,1,1,0,0,0,0,0,16,0,0,7,3,0,3,7,3,3,21,22,0,0,0,0,0,0,0,0,7,1,1,0,0,0,0,2,2,0,0,KRBKRNvK,DRAW,3k4/2n5/8/2r5/8/8/6B1/3K3R w - - 0 1
0,1,0,0,0,0,0,1,-1,1,0,1,1,1,0,0,0,0,0,16,0,0,6,0,6,5,0,5,4,15,18,0,0,0,0,0,0,0,0,7,1,1,0,0,0,0,2,1,0,0,KRBKRNvK,DRAW,8/K7/8/5R2/5nB1/8/8/1r3k2 b - - 0 1
0,1,0,0,0,0,0,1,-1,1,0,1,1,1,0,0,0,0,0,16,0,0,6,7,5,1,5,4,3,30,17,0,0,0,0,0,0,0,0,7,1,1,0,0,0,0,2,0,0,0,KRBKRNvK,DRAW,8/8/1k5K/4n3/8/r7/1B6/1R6 b - - 0 1
1,1,0,0,0,0,0,1,-1,1,0,1,1,1,0,0,0,0,0,16,0,0,5,2,5,6,0,2,5,5,0,1,0,0,0,0,0,0,0,7,1,1,0,0,0,0,1,0,2,2,KRBKRNvK,DRAW,2rn4/8/2K5/8/8/8/5R2/5Bk1 w - - 0 1
1,1,0,0,0,0,0,1,-1,1,0,1,1,1,0,0,0,0,0,16,0,0,6,1,5,7,4,3,3,32,16,0,0,0,0,0,0,0,0,7,1,1,1,0,0,0,1,0,0,0,KRBKRNvK,DRAW,7r/R7/1K2B3/7k/8/8/8/1n6 w - - 0 1
0,1,0,0,0,0,0,1,-1,1,0,1,1,1,0,0,0,0,0,16,0,0,4,7,1,7,5,5,4,25,22,0,0,0,0,0,0,0,0,7,1,1,0,0,0,0,4,1,1,0,KRBKRNvK,DRAW,8/8/5B1k/8/2nR4/8/7K/1r6 b - - 0 1
1,1,0,0,0,0,0,1,-1,1,0,1,1,1,0,0,0,0,0,16,0,0,3,3,3,3,0,0,3,7,0,1,0,0,0,0,0,0,0,7,1,1,0,1,0,0,3,2,0,1,KRBKRNvK,DRAW,8/8/8/4R3/3K1B2/5n2/6r1/3k4 w - - 0 1
1,1,0,0,0,0,0,1,-1,1,0,1,1,1,0,0,0,0,0,16,0,0,2,2,4,4,2,1,1,5,0,1,0,0,0,0,0,0,0,7,1,1,0,0,0,0,3,2,1,0,KRBKRNvK,DRAW,2rn4/8/1R6/2K5/8/2B1k3/8/8 w - - 0 1
0,1,0,0,0,0,0,1,-1,1,0,1,1,1,0,0,0,0,0,16,0,0,3,5,1,7,4,3,3,20,30,0,0,0,0,0,0,0,0,7,1,1,0,0,0,0,2,2,0,0,KRBKRNvK,DRAW,8/4n3/8/6rk/1R6/3B4/5K2/8 b - - 0 1
0,1,0,0,0,0,0,1,-1,1,0,1,1,1,0,0,0,0,0,16,0,0,3,0,6,0,3,5,3,18,26,0,0,0,0,0,0,0,0,7,1,1,0,0,0,0,2,0,0,0,KRBKRNvK,DRAW,2B5/K7/7n/4R3/k7/8/8/7r b - - 0 1
0,1,0,0,0,0,0,1,-1,1,0,1,1,1,0,0,0,0,0,16,0,0,5,5,5,0,7,2,6,3,0,1,0,0,0,0,0,0,0,7,1,1,0,0,0,0,2,2,0,0,KRBKRNvK,DRAW,k6R/8/5K2/8/8/8/n7/1B1r4 b - - 0 1
0,1,0,0,0,0,0,1,-1,1,0,1,1,1,0,0,0,0,0,16,0,0,3,4,3,3,0,0,3,21,27,0,0,0,0,0,0,0,0,7,1,1,0,0,0,0,3,1,2,1,KRBKRNvK,DRAW,8/8/8/8/4Kn2/1R6/1B6/2rk4 b - - 0 1
1,1,0,0,0,0,0,1,-1,1,0,1,1,1,0,0,0,0,0,16,0,0,6,0,7,6,2,6,3,3,0,1,0,0,0,0,0,0,0,7,1,1,0,0,0,0,2,2,1,1,KRBKRNvK,DRAW,K7/8/1n6/6rB/8/6k1/3R4/8 w - - 0 1
1,1,0,0,0,0,0,1,-1,1,0,1,1,1,0,0,0,0,0,16,0,0,5,3,0,0,5,3,4,4,0,1,0,0,0,0,0,0,0,7,1,1,0,0,0,0,0,2,1,1,KRBKRNvK,DRAW,2R1n3/8/k7/8/7B/3r4/8/3K4 w - - 0 1
1,1,0,0,0,0,0,1,-1,1,0,1,1,1,0,0,0,0,0,16,0,0,2,3,6,2,4,2,1,24,22,0,0,0,0,0,0,0,0,7,1,1,1,0,0,0,1,3,1,1,KRBKRNvK,DRAW,8/3K3R/2n5/2k5/8/r2B4/8/8 w - - 0 1
1,1,0,0,0,0,0,1,-1,1,0,1,1,1,0,0,0,0,0,16,0,0,4,6,6,2,2,4,2,2,0,1,0,0,0,0,0,0,0,7,1,1,1,0,0,0,0,1,0,1,KRBKRNvK,DRAW,6nB/5RK1/8/8/8/2k3r1/8/8 w - - 0 1
0,1,0,0,0,0,0,1,-1,1,0,1,1,1,0,0,0,0,0,16,0,0,4,1,2,5,0,3,4,25,23,0,0,0,0,0,0,0,0,7,1,1,1,0,0,0,2,0,0,0,KRBKRNvK,DRAW,r7/6R1/8/4n3/8/1K6/1B6/5k2 b - - 0 1
1,1,0,0,0,0,0,1,-1,1,0,1,1,1,0,0,0,0,0,16,0,0,4,4,3,7,7,0,6,5,0,1,0,0,0,0,0,0,0,7,1,1,0,0,0,0,4,3,0,2,KRBKRNvK,DRAW,7k/8/5n2/6r1/4K3/8/1R4B1/8 w - - 0 1
0,1,0,0,0,0,0,1,-1,1,0,1,1,1,0,0,0,0,0,16,0,0,3,1,0,1,3,5,2,6,0,1,0,0,0,0,0,0,0,7,1,1,0,0,0,0,2,0,1,1,KRBKRNvK,DRAW,B7/8/8/8/1k1R4/2r5/8/1K4n1 b - - 0 1
0,1,0,0,0,0,0,1,-1,1,0,1,1,1,0,0,0,0,0,16,0,0,4,2,5,6,1,2,4,4,0,1,0,0,0,0,0,0,0,7,1,1,0,0,0,0,4,1,1,1,KRBKRNvK,DRAW,8/2B5/2K5/2n5/6R1/8/6k1/5r2 b - - 0 1
1,1,0,0,0,0,0,1,-1,1,0,1,1,1,0,0,0,0,0,16,0,0,5,2,3,7,6,1,5,5,0,1,0,0,0,0,0,0,0,7,1,1,0,0,0,0,3,2,0,2,KRBKRNvK,DRAW,8/1B5k/3n4/4r3/2K5/5R2/8/8 w - - 0 1
0,1,0,0,0,0,0,1,-1,1,0,1,1,1,0,0,0,0,0,16,0,0,2,6,0,4,0,5,3,22,23,0,0,0,0,0,0,0,0,7,1,1,0,0,0,0,0,2,1,0,KRBKRNvK,DRAW,8/2n5/7B/8/3r4/2R5/8/4k1K1 b - - 0 1
0,1,0,0,0,0,0,1,-1,1,0,1,1,1,0,0,0,0,0,16,0,0,5,7,0,3,5,6,1,26,24,0,0,0,0,0,0,0,0,7,1,1,0,0,0,0,2,3,1,0,KRBKRNvK,DRAW,1R6/4r3/3k4/3n4/8/8/8/B6K b - - 0 1
0,1,0,0,0,0,0,1,-1,1,0,1,1,1,0,0,0,0,0,16,0,0,3,3,4,6,3,0,2,25,25,0,0,0,0,0,0,0,0,7,1,1,0,0,0,0,3,1,0,0,KRBKRNvK,DRAW,8/8/r7/3K4/6k1/1R6/2n5/5B2 b - - 0 1
1,1,0,0,0,0,0,1,-1,1,0,1,1,1,0,0,0,0,0,16,0,0,3,5,0,2,3,4,1,6,0,1,0,0,0,0,0,0,0,7,1,1,0,0,0,0,3,2,2,0,KRBKRNvK,LOSS,8/5rn1/1B2R3/8/2k5/8/8/5K2 w - - 0 1
0,1,0,0,0,0,0,1,-1,1,0,1,1,1,0,0,0,0,0,16,0,0,7,2,0,4,7,4,3,3,0,1,0,0,0,0,0,0,0,7,1,1,0,0,0,0,2,3,0,1,KRBKRNvK,DRAW,4k3/3n4/8/7B/R7/3r4/8/2K5 b - - 0 1
0,1,0,0,0,0,0,1,-1,1,0,1,1,1,0,0,0,0,0,16,0,0,4,6,2,2,5,3,2,6,0,1,0,0,0,0,0,0,0,7,1,1,0,0,0,0,0,1,0,1,KRBKRNvK,DRAW,8/8/2k3R1/8/8/4n1K1/8/1r1B4 b - - 0 1
1,1,0,0,0,0,0,1,-1,1,0,1,1,1,0,0,0,0,0,16,0,0,2,2,7,2,5,4,2,23,18,0,0,0,0,0,0,0,0,7,1,1,0,0,0,0,3,3,0,1,KRBKRNvK,DRAW,n1K4B/8/2k5/5R2/8/4r3/8/8 w - - 0 1
1,1,0,0,0,0,0,1,-1,1,0,1,1,1,0,0,0,0,0,16,0,0,7,0,6,7,2,5,4,17,21,0,0,0,0,0,0,0,0,7,1,1,0,0,0,0,0,2,0,1,KRBKRNvK,DRAW,7R/K7/7B/1r6/8/7k/8/6n1 w - - 0 1
1,1,0,0,0,0,0,1,-1,1,0,1,1,1,0,0,0,0,0,16,0,0,5,0,0,2,5,6,2,3,0,1,0,0,0,0,0,0,0,7,1,1,0,0,0,0,1,2,0,0,KRBKRNvK,DRAW,r7/5B2/2k5/6n1/8/1R6/8/K7 w - - 0 1
1,1,0,0,0,0,0,1,-1,1,0,1,1,1,0,0,0,0,0,16,0,0,5,5,6,0,5,3,4,31,20,0,0,0,0,0,0,0,0,7,1,1,0,0,0,0,2,2,1,0,KRBKRNvK,DRAW,8/3B1K2/k7/8/2R5/3r4/7n/8 w - - 0 1
0,1,0,0,0,0,0,1,-1,1,0,1,1,1,0,0,0,0,0,16,0,0,7,7,7,3,0,6,3,25,23,0,0,0,0,0,0,0,0,7,1,1,0,0,0,0,0,2,1,0,KRBKRNvK,DRAW,7K/8/7R/3n4/8/4r3/8/3k1B2 b - - 0 1
0,1,0,0,0,0,0,1,-1,1,0,1,1,1,0,0,0,0,0,16,0,0,5,5,7,1,2,4,3,5,0,1,0,0,0,0,0,0,0,7,1,1,0,1,0,0,2,1,2,0,KRBKRNvK,DRAW,5K2/8/8/3B4/3R4/1k6/r2n4/8 b - - 0 1
1,1,0,0,0,0,0,1,-1,1,0,1,1,1,0,0,0,0,0,16,0,0,2,3,3,5,1,0,3,23,19,0,0,0,0,0,0,0,0,7,1,1,0,0,0,0,4,0,1,1,KRBKRNvK,WIN,8/8/nB6/8/3K4/5r2/5k2/7R w - - 0 1
0,1,0,0,0,0,0,1,-1,1,0,1,1,1,0,0,0,0,0,16,0,0,5,4,7,3,2,3,1,21,23,0,0,0,0,0,0,0,0,7,1,1,0,0,0,0,0,3,0,2,KRBKRNvK,DRAW,4K3/3rn3/7R/8/8/B2k4/8/8 b - - 0 1
0,1,0,0,0,0,0,1,-1,1,0,1,1,1,0,0,0,0,0,16,0,0,6,1,6,4,0,4,3,27,23,0,0,0,0,0,0,0,0,7,1,1,1,0,0,0,2,2,0,0,KRBKRNvK,DRAW,7B/1K5R/8/8/3r4/4n3/8/4k3 b - - 0 1
1,1,0,0,0,0,0,1,-1,1,0,1,1,1,0,0,0,0,0,16,0,0,4,0,3,4,6,3,2,19,21,0,0,0,0,0,0,0,0,7,1,1,0,0,0,0,2,3,1,2,KRBKRNvK,DRAW,8/4k3/5R2/2r5/K7/8/2n5/B7 w - - 0 1
0,1,0,0,0,0,0,1,-1,1,0,1,1,1,0,0,0,0,0,16,0,0,7,0,5,7,2,4,4,19,19,0,0,0,0,0,0,0,0,7,1,1,0,1,0,0,3,2,0,0,KRBKRNvK,DRAW,B7/8/K7/8/8/4Rn1k/1r6/8 b - - 0 1
1,1,0,0,0,0,0,1,-1,1,0,1,1,1,0,0,0,0,0,16,0,0,4,4,0,1,4,3,2,18,22,0,0,0,0,0,0,0,0,7,1,1,0,0,0,0,0,2,0,0,KRBKRNvK,DRAW,8/8/7n/1k6/5r2/8/8/2RBK3 w - - 0 1
1,1,0,0,0,0,0,1,-1,1,0,1,1,1,0,0,0,0,0,16,0,0,3,4,5,7,6,1,5,7,0,1,0,0,0,0,0,0,0,7,1,1,0,0,0,0,4,2,0,0,KRBKRNvK,DRAW,8/7k/n3K3/8/6R1/4r3/8/5B2 w - - 0 1
0,1,0,0,0,0,0,1,-1,1,0,1,1,1,0,0,0,0,0,16,0,0,4,1,1,5,5,4,2,26,32,0,0,0,0,0,0,0,0,7,1,1,0,0,0,0,2,1,0,0,KRBKRNvK,DRAW,6r1/8/2B2k2/8/8/7R/1K6/4n3 b - - 0 1
1,1,0,0,0,0,0,1,-1,1,0,1,1,1,0,0,0,0,0,16,0,0,6,3,1,2,7,2,4,8,0,1,0,0,0,0,0,0,0,7,1,1,0,0,0,0,2,2,0,0,KRBKRNvK,DRAW,1nkr4/8/8/8/4R3/8/3K3B/8 w - - 0 1
0,1,0,0,0,0,0,1,-1,1,0,1,1,1,0,0,0,0,0,16,0,0,5,1,3,6,3,2,2,19,22,0,0,0,0,0,0,0,0,7,1,1,0,0,0,0,2,2,0,0,KRBKRNvK,DRAW,4B3/3n4/8/6r1/1K4k1/3R4/8/8 b - - 0 1
1,1,0,0,0,0,0,1,-1,1,0,1,1,1,0,0,0,0,0,16,0,0,2,4,4,2,6,0,3,4,0,1,0,0,0,0,0,0,0,7,1,1,0,0,0,0,4,2,0,1,KRBKRNvK,DRAW,8/2k5/8/4K1r1/8/2BR4/5n2/8 w - - 0 1
0,1,0,0,0,0,0,1,-1,1,0,1,1,1,0,0,0,0,0,16,0,0,3,4,3,1,2,0,3,5,0,1,0,0,0,0,0,0,0,7,1,1,0,0,0,0,3,2,2,1,KRBKRNvK,DRAW,8/4n3/8/5r2/4K3/1k1R4/3B4/8 b - - 0 1
1,1,0,0,0,0,0,1,-1,1,0,1,1,1,0,0,0,0,0,16,0,0,4,7,6,3,7,5,3,24,22,0,0,0,0,0,0,0,0,7,1,1,1,0,0,0,3,2,1,0,KRBKRNvK,DRAW,3k4/4R2K/8/8/6r1/8/1B1n4/8 w - - 0 1
1,1,0,0,0,0,0,1,-1,1,0,1,1,1,0,0,0,0,0,16,0,0,3,5,3,2,1,1,3,19,23,0,0,0,0,0,0,0,0,7,1,1,0,0,0,0,2,0,0,0,KRBKRNvK,DRAW,6r1/8/8/B7/5K1R/8/2k5/3n4 w - - 0 1
1,1,0,0,0,0,0,1,-1,1,0,1,1,1,0,0,0,0,0,16,0,0,5,5,6,1,1,3,4,25,20,0,0,0,0,0,0,0,0,7,1,1,0,0,0,0,1,3,1,2,KRBKRNvK,DRAW,8/5K2/8/4rn2/8/R3B3/1k6/8 w - - 0 1
0,1,0,0,0,0,0,1,-1,1,0,1,1,1,0,0,0,0,0,16,0,0,2,5,6,3,4,3,0,20,22,0,0,0,0,0,0,0,0,7,1,1,0,0,0,0,0,4,0,1,KRBKRNvK,DRAW,8/B3nK2/8/2rk4/8/6R1/8/8 b - - 0 1
1,1,0,0,0,0,0,1,-1,1,0,1,1,1,0,0,0,0,0,16,0,0,3,7,0,4,0,6,3,20,23,0,0,0,0,0,0,0,0,7,1,1,0,0,0,0,3,3,0,0,KRBKRNvK,DRAW,6B1/2n5/8/3R4/5r2/8/8/4k2K w - - 0 1
1,1,0,0,0,0,0,1,-1,1,0,1,1,1,0,0,0,0,0,16,0,0,4,4,3,5,7,0,4,7,0,1,0,0,0,0,0,0,0,7,1,1,0,1,0,0,3,2,0,2,KRBKRNvK,DRAW,5k2/8/5n2/8/4K3/7R/2r5/2B5 w - - 0 1
0,1,0,0,0,0,0,1,-1,1,0,1,1,1,0,0,0,0,0,16,0,0,2,0,2,2,1,4,3,16,23,0,0,0,0,0,0,0,0,7,1,1,0,0,0,0,1,0,0,2,KRBKRNvK,DRAW,8/8/4B1R1/8/n7/K7/2k5/2r5 b - - 0 1
1,1,0,0,0,0,0,1,-1,1,0,1,1,1,0,0,0,0,0,16,0,0,4,0,3,4,1,3,2,26,25,0,0,0,0,0,0,0,0,7,1,1,0,0,0,0,1,0,0,0,KRBKRNvK,DRAW,5r2/8/6R1/8/K7/8/4k2B/3n4 w - - 0 1
1,1,0,0,0,0,0,1,-1,1,0,1,1,1,0,0,0,0,0,16,0,0,7,4,0,7,7,3,6,20,19,0,0,0,0,0,0,0,0,7,1,1,1,0,0,0,0,1,0,2,KRBKRNvK,DRAW,7k/R7/8/8/B7/2r1n3/8/4K3 w - - 0 1
0,1,0,0,0,0,0,1,-1,1,0,1,1,1,0,0,0,0,0,16,0,0,4,7,1,5,5,5,2,21,22,0,0,0,0,0,0,0,0,7,1,1,0,0,0,0,2,1,1,0,KRBKRNvK,DRAW,4B3/8/5k2/4n1r1/R7/8/7K/8 b - - 0 1
1,1,0,0,0,0,0,1,-1,1,0,1,1,1,0,0,0,0,0,16,0,0,4,4,6,0,4,2,3,4,0,1,0,0,0,0,0,0,0,7,1,1,0,0,0,0,1,0,0,1,KRBKRNvK,DRAW,8/2r1K2n/8/k7/3B4/8/6R1/8 w - - 0 1
1,1,0,0,0,0,0,1,-1,1,0,1,1,1,0,0,0,0,0,16,0,0,5,5,2,5,7,2,4,7,0,1,0,0,0,0,0,0,0,7,1,1,0,0,0,0,1,0,0,0,KRBKRNvK,DRAW,4nk2/8/8/8/8/r4KR1/8/4B3 w - - 0 1
1,1,0,0,0,0,0,1,-1,1,0,1,1,1,0,0,0,0,0,16,0,0,4,3,0,7,0,3,6,3,0,1,0,0,0,0,0,0,0,7,1,1,0,0,0,0,0,3,1,0,KRBKRNvK,DRAW,8/8/8/3r4/5n2/7B/2R5/3K3k w - - 0 1
1,1,0,0,0,0,0,1,-1,1,0,1,1,1,0,0,0,0,0,16,0,0,6,7,2,1,1,4,4,28,22,0,0,0,0,0,0,0,0,7,1,1,0,0,0,0,1,2,1,0,KRBKRNvK,DRAW,8/3r4/8/8/3n4/7K/1kB5/5R2 w - - 0 1
1,1,0,0,0,0,0,1,-1,1,0,1,1,1,0,0,0,0,0,16,0,0,2,4,4,4,6,0,2,4,0,1,0,0,0,0,0,0,0,7,1,1,0,0,0,0,3,2,0,2,KRBKRNvK,DRAW,8/4k3/4r3/2n1K3/8/B7/8/2R5 w - - 0 1
1,1,0,0,0,0,0,1,-1,1,0,1,1,1,0,0,0,0,0,16,0,0,6,4,1,4,7,2,3,7,0,1,0,0,0,0,0,0,0,7,1,1,0,0,0,0,0,1,1,1,KRBKRNvK,DRAW,3Bk3/5r2/8/8/5n2/8/2R1K3/8 w - - 0 1
1,1,0,0,0,0,0,1,-1,1,0,1,1,1,0,0,0,0,0,16,0,0,2,2,2,2,0,2,4,30,20,0,0,0,0,0,0,0,0,7,1,1,0,0,0,0,4,2,0,0,KRBKRNvK,WIN,8/4r3/2B4n/5R2/8/2K5/8/2k5 w - - 0 1
1,1,0,0,0,0,0,1,-1,1,0,1,1,1,0,0,0,0,0,16,0,0,4,1,4,1,0,2,5,7,0,1,0,0,0,0,0,0,0,7,1,1,0,0,0,0,2,1,1,0,KRBKRNvK,LOSS,1r6/8/8/1K3n2/8/8/R7/1k5B w - - 0 1
1,1,0,0,0,0,0,1,-1,1,0,1,1,1,0,0,0,0,0,16,0,0,2,0,2,2,2,4,2,20,22,0,0,0,0,0,0,0,0,7,1,1,1,0,0,0,0,1,0,0,KRBKRNvK,DRAW,8/1R2B2r/8/3n4/8/K1k5/8/8 w - - 0 1
0,1,0,0,0,0,0,1,-1,1,0,1,1,1,0,0,0,0,0,16,0,0,5,6,5,6,0,3,5,18,26,0,0,0,0,0,0,0,0,7,1,1,0,0,0,0,0,0,0,0,KRBKRNvK,DRAW,8/3B4/6K1/8/8/2r5/8/R1n3k1 b - - 0 1
1,1,0,0,0,0,0,1,-1,1,0,1,1,1,0,0,0,0,0,16,0,0,4,5,1,1,3,3,2,7,0,1,0,0,0,0,0,0,0,7,1,1,0,0,0,0,2,1,1,0,KRBKRNvK,DRAW,8/5B2/5r2/1n6/1k6/3R4/5K2/8 w - - 0 1
1,1,0,0,0,0,0,1,-1,1,0,1,1,1,0,0,0,0,0,16,0,0,3,3,6,0,3,2,3,28,14,0,0,0,0,0,0,0,0,7,1,1,0,0,0,0,2,2,1,0,KRBKRNvK,DRAW,n7/3K4/8/r7/k7/B7/8/4R3 w - - 0 1
0,1,0,0,0,0,0,1,-1,1,0,1,1,1,0,0,0,0,0,16,0,0,4,1,3,5,1,2,3,5,0,1,0,0,0,0,0,0,0,7,1,1,0,0,0,0,1,0,1,0,KRBKRNvK,DRAW,8/7B/8/4n3/1K6/5r2/5k1R/8 b - - 0 1
0,1,0,0,0,0,0,1,-1,1,0,1,1,1,0,0,0,0,0,16,0,0,7,6,7,2,0,5,4,10,23,0,0,0,0,0,0,0,0,7,1,1,0,0,0,0,0,1,0,0,KRBKRNvK,DRAW,6K1/8/8/1n6/6B1/8/6R1/1rk5 b - - 0 1
0,1,0,0,0,0,0,1,-1,1,0,1,1,1,0,0,0,0,0,16,0,0,5,5,4,0,1,1,5,19,32,0,0,0,0,0,0,0,0,7,1,1,0,0,0,0,2,0,0,1,KRBKRNvK,DRAW,1n6/8/7r/5K2/3B4/8/k7/4R3 b - - 0 1
1,1,0,0,0,0,0,1,-1,1,0,1,1,1,0,0,0,0,0,16,0,0,5,6,2,4,7,3,3,22,16,0,0,0,0,0,0,0,0,7,1,1,0,0,0,0,0,1,0,0,KRBKRNvK,DRAW,1r2k3/8/8/1n6/8/6K1/7B/R7 w - - 0 1
0,1,0,0,0,0,0,1,-1,1,0,1,1,1,0,0,0,0,0,16,0,0,2,4,1,6,1,2,4,14,24,0,0,0,0,0,0,0,0,7,1,1,0,0,0,0,0,1,0,2,KRBKRNvK,DRAW,8/8/7R/8/8/B7/3nK1k1/6r1 b - - 0 1
1,1,0,0,0,0,0,1,-1,1,0,1,1,1,0,0,0,0,0,16,0,0,7,0,4,7,4,3,3,4,0,1,0,0,0,0,0,0,0,7,1,1,0,0,0,0,0,1,0,1,KRBKRNvK,DRAW,8/3B4/8/K6k/8/r7/1R1n4/8 w - - 0 1
1,1,0,0,0,0,0,1,-1,1,0,1,1,1,0,0,0,0,0,16,0,0,5,7,1,2,0,5,4,26,25,0,0,0,0,0,0,0,0,7,1,1,0,0,0,0,1,3,1,1,KRBKRNvK,DRAW,8/8/1B2r3/8/5n2/R7/7K/2k5 w - - 0 1
1,1,0,0,0,0,0,1,-1,1,0,1,1,1,0,0,0,0,0,16,0,0,6,6,6,0,4,4,3,26,19,0,0,0,0,0,0,0,0,7,1,1,1,0,0,0,0,0,0,0,KRBKRNvK,DRAW,8/5RK1/8/k7/8/7B/8/1r2n3 w - - 0 1
1,1,0,0,0,0,0,1,-1,1,0,1,1,1,0,0,0,0,0,16,0,0,6,1,6,7,0,4,6,6,0,1,0,0,0,0,0,0,0,7,1,1,0,0,0,0,2,0,1,0,KRBKRNvK,DRAW,8/1K3r2/8/8/n2R4/8/8/5B1k w - - 0 1
1,1,0,0,0,0,0,1,-1,1,0,1,1,1,0,0,0,0,0,16,0,0,3,1,3,4,0,2,3,4,0,1,0,0,0,0,0,0,0,7,1,1,0,0,0,0,1,1,0,1,KRBKRNvK,DRAW,7R/r7/8/2B5/1K6/3n4/8/4k3 w - - 0 1
1,1,0,0,0,0,0,1,-1,1,0,1,1,1,0,0,0,0,0,16,0,0,4,1,2,5,0,3,4,26,20,0,0,0,0,0,0,0,0,7,1,1,0,0,0,0,2,2,0,0,KRBKRNvK,DRAW,3B4/3r4/8/6R1/8/1K6/8/4nk2 w - - 0 1
1,1,0,0,0,0,0,1,-1,1,0,1,1,1,0,0,0,0,0,16,0,0,5,2,2,6,7,2,5,28,18,0,0,0,0,0,0,0,0,7,1,1,0,0,0,0,1,0,1,1,KRBKRNvK,DRAW,6k1/8/1B5R/8/8/2K5/8/r4n2 w - - 0 1
0,1,0,0,0,0,0,1,-1,1,0,1,1,1,0,0,0,0,0,16,0,0,3,3,3,0,2,0,4,4,0,1,0,0,0,0,0,0,0,7,1,1,1,0,0,0,3,0,0,0,KRBKRNvK,DRAW,n7/2R5/3B4/8/3K4/k7/8/6r1 b - - 0 1
1,1,0,0,0,0,0,1,-1,1,0,1,1,1,0,0,0,0,0,16,0,0,2,0,7,2,6,6,3,1,0,1,0,0,0,0,0,0,0,7,1,1,0,0,0,0,2,1,0,1,KRBKRNvK,DRAW,Kr4B1/2k5/8/8/3R4/3n4/8/8 w - - 0 1
1,1,0,0,0,0,0,1,-1,1,0,1,1,1,0,0,0,0,0,16,0,0,3,0,2,0,5,4,4,4,0,1,0,0,0,0,0,0,0,7,1,1,0,0,0,0,2,0,0,1,KRBKRNvK,DRAW,1n6/8/k5B1/8/8/K1r5/4R3/8 w - - 0 1
0,1,0,0,0,0,0,1,-1,1,0,1,1,1,0,0,0,0,0,16,0,0,6,1,5,7,1,3,5,21,23,0,0,0,0,0,0,0,0,7,1,1,0,0,0,0,3,1,0,0,KRBKRNvK,WIN,8/8/1K6/2B1R3/8/4n1r1/7k/8 b - - 0 1
0,1,0,0,0,0,0,1,-1,1,0,1,1,1,0,0,0,0,0,16,0,0,3,3,5,0,7,1,6,19,24,0,0,0,0,0,0,0,0,7,1,1,0,0,0,0,2,2,0,0,KRBKRNvK,DRAW,k7/4B3/3K4/6R1/7r/8/8/n7 b - - 0 1
0,1,0,0,0,0,0,1,-1,1,0,1,1,1,0,0,0,0,0,16,0,0,2,4,3,6,3,0,2,21,17,0,0,0,0,0,0,0,0,7,1,1,0,0,0,0,4,1,0,1,KRBKRNvK,DRAW,6r1/8/8/8/4K1k1/1R1B4/2n5/8 b - - 0 1
1,1,0,0,0,0,0,1,-1,1,0,1,1,1,0,0,0,0,0,16,0,0,6,4,1,2,7,2,4,20,22,0,0,0,0,0,0,0,0,7,1,1,0,0,0,0,0,2,0,0,KRBKRNvK,DRAW,2k5/8/3r3n/7B/8/7R/4K3/8 w - - 0 1
0,1,0,0,0,0,0,1,-1,1,0,1,1,1,0,0,0,0,0,16,0,0,2,3,4,1,4,0,2,5,0,1,0,0,0,0,0,0,0,7,1,1,0,0,0,0,3,0,1,0,KRBKRNvK,DRAW,3R4/3B2n1/7r/1k1K4/8/8/8/8 b - - 0 1
1,1,0,0,0,0,0,1,-1,1,0,1,1,1,0,0,0,0,0,16,0,0,5,4,6,3,1,2,2,6,0,1,0,0,0,0,0,0,0,7,1,1,0,0,0,0,2,0,1,0,KRBKRNvK,DRAW,7n/r3K3/8/8/8/5R2/3k4/B7 w - - 0 1
0,1,0,0,0,0,0,1,-1,1,0,1,1,1,0,0,0,0,0,16,0,0,2,5,2,7,4,2,3,24,26,0,0,0,0,0,0,0,0,7,1,1,0,0,0,0,3,1,0,0,KRBKRNvK,DRAW,8/2n5/8/7k/8/4RK2/1B6/r7 b - - 0 1
0,1,0,0,0,0,0,1,-1,1,0,1,1,1,0,0,0,0,0,16,0,0,4,3,0,6,4,3,2,7,0,1,0,0,0,0,0,0,0,7,1,1,0,0,0,0,0,2,0,0,KRBKRNvK,LOSS,8/8/2Rn4/6k1/1r6/8/3B4/3K4 b - - 0 1
0,1,0,0,0,0,0,1,-1,1,0,1,1,1,0,0,0,0,0,16,0,0,2,3,0,4,2,3,1,5,0,1,0,0,0,0,0,0,0,7,1,1,0,0,0,0,2,3,0,0,KRBKRNvK,DRAW,8/8/1n2R3/8/5r2/4k3/7B/3K4 b - - 0 1
0,1,0,0,0,0,0,1,-1,1,0,1,1,1,0,0,0,0,0,16,0,0,3,5,1,5,4,3,1,26,25,0,0,0,0,0,0,0,0,7,1,1,0,0,0,0,0,3,1,0,KRBKRNvK,DRAW,8/2n1B3/8/5k2/8/1r6/R4K2/8 b - - 0 1
1,1,0,0,0,0,0,1,-1,1,0,1,1,1,0,0,0,0,0,16,0,0,3,5,1,4,4,3,0,29,26,0,0,0,0,0,0,0,0,7,1,1,0,0,0,0,2,3,1,0,KRBKRNvK,DRAW,8/8/8/4k1n1/r7/5B2/1R3K2/8 w - - 0 1
0,1,0,0,0,0,0,1,-1,1,0,1,1,1,0,0,0,0,0,16,0,0,3,6,5,6,2,3,3,18,21,0,0,0,0,0,0,0,0,7,1,1,0,0,0,0,3,0,0,0,KRBKRNvK,DRAW,B7/8/6K1/3R4/8/6k1/8/6nr b - - 0 1
0,1,0,0,0,0,0,1,-1,1,0,1,1,1,0,0,0,0,0,16,0,0,3,0,1,3,4,5,0,24,25,0,0,0,0,0,0,0,0,7,1,1,1,0,0,0,0,4,0,0,KRBKRNvK,DRAW,8/6R1/8/1n1k3r/8/8/K7/3B4 b - - 0 1
0,1,0,0,0,0,0,1,-1,1,0,1,1,1,0,0,0,0,0,16,0,0,5,6,2,1,1,3,4,20,22,0,0,0,0,0,0,0,0,7,1,1,0,1,0,0,0,1,0,0,KRBKRNvK,DRAW,8/2n5/8/B7/8/5RK1/1kr5/8 b - - 0 1
0,1,0,0,0,0,0,1,-1,1,0,1,1,1,0,0,0,0,0,16,0,0,6,7,1,1,1,5,4,25,22,0,0,0,0,0,0,0,0,7,1,1,0,0,0,0,0,2,1,0,KRBKRNvK,DRAW,8/4n3/R7/5r2/B7/8/1k5K/8 b - - 0 1
1,1,0,0,0,0,0,1,-1,1,0,1,1,1,0,0,0,0,0,16,0,0,6,7,2,1,2,4,3,26,23,0,0,0,0,0,0,0,0,7,1,1,0,0,0,0,2,2,1,0,KRBKRNvK,DRAW,4r3/8/3R4/2B5/8/1k5K/8/4n3 w - - 0 1
0,1,0,0,0,0,0,1,-1,1,0,1,1,1,0,0,0,0,0,16,0,0,6,6,3,0,7,2,6,23,27,0,0,0,0,0,0,0,0,7,1,1,0,0,0,0,0,2,0,0,KRBKRNvK,DRAW,k7/8/3r4/8/6K1/Bn6/5R2/8 b - - 0 1
0,1,0,0,0,0,0,1,-1,1,0,1,1,1,0,0,0,0,0,16,0,0,4,4,3,5,7,0,4,3,0,1,0,0,0,0,0,0,0,7,1,1,0,0,0,0,3,0,1,0,KRBKRNvK,LOSS,2r2k1R/8/8/8/4K3/8/3B4/n7 b - - 0 1
0,1,0,0,0,0,0,1,-1,1,0,1,1,1,0,0,0,0,0,16,0,0,2,2,0,0,0,4,6,20,18,0,0,0,0,0,0,0,0,7,1,1,0,0,0,0,0,2,0,0,KRBKRNvK,DRAW,8/8/6n1/r7/8/8/3B2R1/k1K5 b - - 0 1
0,1,0,0,0,0,0,1,-1,1,0,1,1,1,0,0,0,0,0,16,0,0,4,2,6,6,3,3,2,27,25,0,0,0,0,0,0,0,0,7,1,1,0,0,0,0,3,2,1,2,KRBKRNvK,DRAW,7B/2K5/2n5/3r4/6k1/4R3/8/8 b - - 0 1
0,1,0,0,0,0,0,1,-1,1,0,1,1,1,0,0,0,0,0,16,0,0,4,1,2,5,0,3,4,15,25,0,0,0,0,0,0,0,0,7,1,1,0,0,0,0,2,0,1,2,KRBKRNvK,DRAW,B7/8/8/8/8/1K6/7R/2rn1k2 b - - 0 1
0,1,0,0,0,0,0,1,-1,1,0,1,1,1,0,0,0,0,0,16,0,0,3,7,3,4,3,3,0,20,27,0,0,0,0,0,0,0,0,7,1,1,0,0,0,0,2,3,0,0,KRBKRNvK,DRAW,8/8/r7/8/4k2K/8/1B6/1n3R2 b - - 0 1
1,1,0,0,0,0,0,1,-1,1,0,1,1,1,0,0,0,0,0,16,0,0,6,3,6,3,0,2,3,25,18,0,0,0,0,0,0,0,0,7,1,1,1,0,0,0,0,2,0,0,KRBKRNvK,DRAW,8/3K1R2/7B/8/8/2n5/8/3k3r w - - 0 1
1,1,0,0,0,0,0,1,-1,1,0,1,1,1,0,0,0,0,0,16,0,0,3,3,4,6,6,0,4,6,0,1,0,0,0,0,0,0,0,7,1,1,0,1,0,0,4,1,0,1,KRBKRNvK,DRAW,8/6k1/8/2RK4/8/4n3/B1r5/8 w - - 0 1
0,1,0,0,0,0,0,1,-1,1,0,1,1,1,0,0,0,0,0,16,0,0,7,5,7,6,0,4,5,4,0,1,0,0,0,0,0,0,0,7,1,1,0,0,0,0,2,1,0,0,KRBKRNvK,DRAW,5K2/8/1r6/8/8/8/3n4/B2R2k1 b - - 0 1
0,1,0,0,0,0,0,1,-1,1,0,1,1,1,0,0,0,0,0,16,0,0,7,0,6,7,4,5,3,22,28,0,0,0,0,0,0,0,0,7,1,1,0,0,0,0,2,0,0,0,KRBKRNvK,DRAW,3R4/K7/5r2/7k/2B5/8/7n/8 b - - 0 1
0,1,0,0,0,0,0,1,-1,1,0,1,1,1,0,0,0,0,0,16,0,0,5,7,1,3,6,5,2,24,22,0,0,0,0,0,0,0,0,7,1,1,0,0,0,0,0,0,1,1,KRBKRNvK,DRAW,5B2/3k4/6r1/8/8/R6n/7K/8 b - - 0 1
0,1,0,0,0,0,0,1,-1,1,0,1,1,1,0,0,0,0,0,16,0,0,4,0,5,3,1,4,2,6,0,1,0,0,0,0,0,0,0,7,1,1,0,0,0,0,0,2,1,1,KRBKRNvK,DRAW,5r2/3B4/K1n5/8/8/8/1R1k4/8 b - - 0 1
0,1,0,0,0,0,0,1,-1,1,0,1,1,1,0,0,0,0,0,16,0,0,2,7,3,6,1,3,4,4,0,1,0,0,0,0,0,0,0,7,1,1,0,0,0,0,0,2,0,0,KRBKRNvK,DRAW,3r4/n7/8/7B/7K/8/1R4k1/8 b - - 0 1
1,1,0,0,0,0,0,1,-1,1,0,1,1,1,0,0,0,0,0,16,0,0,6,0,4,6,6,3,4,3,0,1,0,0,0,0,0,0,0,7,1,1,0,0,0,0,2,0,0,1,KRBKRNvK,DRAW,B1R5/r5k1/8/K7/8/8/8/2n5 w - - 0 1
0,1,0,0,0,0,0,1,-1,1,0,1,1,1,0,0,0,0,0,16,0,0,5,4,1,5,6,2,3,30,18,0,0,0,0,0,0,0,0,7,1,1,0,0,0,0,0,3,0,1,KRBKRNvK,DRAW,8/5k2/8/1r6/8/5n1R/4K1B1/8 b - - 0 1
0,1,0,0,0,0,0,1,-1,1,0,1,1,1,0,0,0,0,0,16,0,0,5,1,2,6,6,3,4,25,21,0,0,0,0,0,0,0,0,7,1,1,0,0,0,0,2,2,0,1,KRBKRNvK,DRAW,1B6/6k1/8/1R6/r7/1K6/8/6n1 b - - 0 1
0,1,0,0,0,0,0,1,-1,1,0,1,1,1,0,0,0,0,0,16,0,0,3,4,1,1,2,2,3,7,0,1,0,0,0,0,0,0,0,7,1,1,1,0,0,0,0,1,0,0,KRBKRNvK,DRAW,3r4/1R1n4/7B/8/8/1k6/4K3/8 b - - 0 1
1,1,0,0,0,0,0,1,-1,1,0,1,1,1,0,0,0,0,0,16,0,0,4,7,3,3,7,3,3,24,13,0,0,0,0,0,0,0,0,7,1,1,0,1,0,0,2,1,0,1,KRBKRNvK,DRAW,3k4/8/8/8/7K/4R1B1/3n2r1/8 w - - 0 1
0,1,0,0,0,0,0,1,-1,1,0,1,1,1,0,0,0,0,0,16,0,0,5,4,2,3,7,1,3,17,19,0,0,0,0,0,0,0,0,7,1,1,0,0,0,0,3,0,0,1,KRBKRNvK,DRAW,3k1r2/8/8/8/3B4/2R1K3/8/2n5 b - - 0 1
0,1,0,0,0,0,0,1,-1,1,0,1,1,1,0,0,0,0,0,16,0,0,7,7,7,0,5,6,4,23,22,0,0,0,0,0,0,0,0,7,1,1,0,0,0,0,2,1,0,0,KRBKRNvK,DRAW,7K/8/k7/4B1R1/8/1nr5/8/8 b - - 0 1
1,1,0,0,0,0,0,1,-1,1,0,1,1,1,0,0,0,0,0,16,0,0,3,0,2,3,5,4,1,2,0,1,0,0,0,0,0,0,0,7,1,1,0,0,0,0,1,3,1,0,KRBKRNvK,DRAW,8/8/r2kB2R/8/8/K7/3n4/8 w - - 0 1
1,1,0,0,0,0,0,1,-1,1,0,1,1,1,0,0,0,0,0,16,0,0,5,2,5,6,0,2,5,27,23,0,0,0,0,0,0,0,0,7,1,1,0,0,0,0,2,2,0,0,KRBKRNvK,DRAW,5n2/8/2K5/1R6/8/4r3/8/3B2k1 w - - 0 1
0,1,0,0,0,0,0,1,-1,1,0,1,1,1,0,0,0,0,0,16,0,0,7,7,1,0,4,5,3,3,0,1,0,0,0,0,0,0,0,7,1,1,0,0,0,0,2,1,0,0,KRBKRNvK,DRAW,5r2/8/8/k2R4/8/8/3n3K/5B2 b - - 0 1
0,1,0,0,0,0,0,1,-1,1,0,1,1,1,0,0,0,0,0,16,0,0,4,1,6,5,3,4,1,29,25,0,0,0,0,0,0,0,0,7,1,1,0,0,0,0,1,4,0,1,KRBKRNvK,DRAW,2R5/1K6/5n2/3r4/5k2/8/B7/8 b - - 0 1
0,1,0,0,0,0,0,1,-1,1,0,1,1,1,0,0,0,0,0,16,0,0,7,5,7,4,0,4,3,25,20,0,0,0,0,0,0,0,0,7,1,1,0,0,0,0,2,1,0,0,KRBKRNvK,DRAW,R4K2/8/2r5/6n1/8/8/8/4k2B b - - 0 1
1,1,0,0,0,0,0,1,-1,1,0,1,1,1,0,0,0,0,0,16,0,0,6,6,1,3,7,4,3,27,23,0,0,0,0,0,0,0,0,7,1,1,0,0,0,0,2,1,1,0,KRBKRNvK,DRAW,3k1B2/2r5/8/6n1/7R/8/6K1/8 w - - 0 1
0,1,0,0,0,0,0,1,-1,1,0,1,1,1,0,0,0,0,0,16,0,0,3,5,1,2,4,3,1,20,25,0,0,0,0,0,0,0,0,7,1,1,1,0,0,0,1,3,2,0,KRBKRNvK,DRAW,8/R1B5/8/2k4r/8/8/5K2/1n6 b - - 0 1
0,1,0,0,0,0,0,1,-1,1,0,1,1,1,0,0,0,0,0,16,0,0,4,7,0,3,4,6,0,7,0,1,0,0,0,0,0,0,0,7,1,1,0,1,0,0,1,3,0,1,KRBKRNvK,DRAW,B7/n7/8/3k4/8/8/5r2/6RK b - - 0 1
0,1,0,0,0,0,0,1,-1,1,0,1,1,1,0,0,0,0,0,16,0,0,5,3,0,1,5,3,3,6,0,1,0,0,0,0,0,0,0,7,1,1,0,0,0,0,2,0,0,0,KRBKRNvK,LOSS,3n4/6r1/1k3B2/8/8/8/1R6/3K4 b - - 0 1
0,1,0,0,0,0,0,1,-1,1,0,1,1,1,0,0,0,0,0,16,0,0,6,1,7,7,1,5,5,26,25,0,0,0,0,0,0,0,0,7,1,1,1,0,0,0,2,1,0,0,KRBKRNvK,DRAW,1K1B4/3R4/8/8/2n5/8/7k/6r1 b - - 0 1
0,1,0,0,0,0,0,1,-1,1,0,1,1,1,0,0,0,0,0,16,0,0,6,2,1,4,7,3,3,22,24,0,0,0,0,0,0,0,0,7,1,1,0,0,0,0,1,0,1,1,KRBKRNvK,DRAW,4k3/8/2R5/7n/2B5/1r6/2K5/8 b - - 0 1
1,1,0,0,0,0,0,1,-1,1,0,1,1,1,0,0,0,0,0,16,0,0,7,2,0,0,7,4,6,3,0,1,0,0,0,0,0,0,0,7,1,1,0,0,0,0,1,2,1,1,KRBKRNvK,DRAW,k7/8/1R1B3n/8/8/8/8/2K1r3 w - - 0 1
0,1,0,0,0,0,0,1,-1,1,0,1,1,1,0,0,0,0,0,16,0,0,5,3,1,5,6,2,3,25,31,0,0,0,0,0,0,0,0,7,1,1,0,0,0,0,2,1,2,0,KRBKRNvK,DRAW,1r6/5k2/3B2n1/6R1/8/8/3K4/8 b - - 0 1
0,1,0,0,0,0,0,1,-1,1,0,1,1,1,0,0,0,0,0,16,0,0,4,7,4,3,7,3,3,5,0,1,0,0,0,0,0,0,0,7,1,1,0,0,0,0,2,2,0,1,KRBKRNvK,DRAW,3k4/8/8/7K/8/3R1n2/5B2/1r6 b - - 0 1
0,1,0,0,0,0,0,1,-1,1,0,1,1,1,0,0,0,0,0,16,0,0,4,5,2,1,4,2,2,23,28,0,0,0,0,0,0,0,0,7,1,1,1,0,0,0,2,0,0,0,KRBKRNvK,DRAW,2r5/6R1/8/nk6/8/5K2/8/6B1 b - - 0 1
0,1,0,0,0,0,0,1,-1,1,0,1,1,1,0,0,0,0,0,16,0,0,3,0,3,2,6,3,3,19,26,0,0,0,0,0,0,0,0,7,1,1,0,0,0,0,2,3,0,0,KRBKRNvK,DRAW,6R1/2kr4/8/8/K7/6n1/6B1/8 b - - 0 1
1,1,0,0,0,0,0,1,-1,1,0,1,1,1,0,0,0,0,0,16,0,0,5,2,5,3,0,2,3,7,0,1,0,0,0,0,0,0,0,7,1,1,1,1,0,0,3,1,0,0,KRBKRNvK,DRAW,7B/7R/2K5/8/8/8/2rn4/3k4 w - - 0 1
0,1,0,0,0,0,0,1,-1,1,0,1,1,1,0,0,0,0,0,16,0,0,4,0,3,4,1,3,2,19,25,0,0,0,0,0,0,0,0,7,1,1,0,1,0,0,1,0,1,1,KRBKRNvK,DRAW,R5n1/8/8/8/K3B3/8/2r1k3/8 b - - 0 1
0,1,0,0,0,0,0,1,-1,1,0,1,1,1,0,0,0,0,0,16,0,0,6,2,7,3,1,4,2,19,22,0,0,0,0,0,0,0,0,7,1,1,0,1,0,0,3,0,1,0,KRBKRNvK,DRAW,2K5/7B/8/8/4R3/n7/3k1r2/8 b - - 0 1
1,1,0,0,0,0,0,1,-1,1,0,1,1,1,0,0,0,0,0,16,0,0,7,4,0,1,7,3,5,25,22,0,0,0,0,0,0,0,0,7,1,1,0,0,0,0,0,0,0,0,KRBKRNvK,DRAW,1k6/r7/5R1B/8/7n/8/8/4K3 w - - 0 1
1,1,0,0,0,0,0,1,-1,1,0,1,1,1,0,0,0,0,0,16,0,0,6,0,1,6,5,5,3,27,23,0,0,0,0,0,0,0,0,7,1,1,0,0,0,0,2,1,0,0,KRBKRNvK,DRAW,8/8/6k1/5n2/8/6Br/K3R3/8 w - - 0 1
1,1,0,0,0,0,0,1,-1,1,0,1,1,1,0,0,0,0,0,16,0,0,3,7,1,4,0,5,3,3,0,1,0,0,0,0,0,0,0,7,1,1,0,0,0,0,0,1,0,0,KRBKRNvK,DRAW,7r/8/8/8/R1n5/B7/7K/4k3 w - - 0 1
0,1,0,0,0,0,0,1,-1,1,0,1,1,1,0,0,0,0,0,16,0,0,5,0,7,2,2,6,2,26,21,0,0,0,0,0,0,0,0,7,1,1,0,0,0,0,0,2,1,0,KRBKRNvK,DRAW,K6R/4n3/8/8/B7/2k5/8/1r6 b - - 0 1
0,1,0,0,0,0,0,1,-1,1,0,1,1,1,0,0,0,0,0,16,0,0,2,3,2,5,4,1,1,23,26,0,0,0,0,0,0,0,0,7,1,1,0,0,0,0,3,4,1,0,KRBKRNvK,DRAW,2R5/8/2nB4/r4k2/8/3K4/8/8 b - - 0 1
0,1,0,0,0,0,0,1,-1,1,0,1,1,1,0,0,0,0,0,16,0,0,3,1,4,4,4,2,0,23,30,0,0,0,0,0,0,0,0,7,1,1,0,1,0,0,1,3,1,0,KRBKRNvK,DRAW,8/8/8/1K2kn2/2B5/8/5r2/6R1 b - - 0 1
0,1,0,0,0,0,0,1,-1,1,0,1,1,1,0,0,0,0,0,16,0,0,3,1,5,4,4,3,0,23,26,0,0,0,0,0,0,0,0,7,1,1,0,0,0,0,0,3,0,2,KRBKRNvK,DRAW,2r5/8/nK6/1B2k3/8/8/8/5R2 b - - 0 1
0,1,0,0,0,0,0,1,-1,1,0,1,1,1,0,0,0,0,0,16,0,0,5,6,2,6,7,3,5,5,0,1,0,0,0,0,0,0,0,7,1,1,0,0,0,0,1,0,1,1,KRBKRNvK,DRAW,6k1/1r6/5R2/8/8/6K1/B7/6n1 b - - 0 1
1,1,0,0,0,0,0,1,-1,1,0,1,1,1,0,0,0,0,0,16,0,0,2,7,4,6,2,3,3,22,25,0,0,0,0,0,0,0,0,7,1,1,0,0,0,0,3,1,1,0,KRBKRNvK,DRAW,8/2r5/8/7K/7R/1B1n2k1/8/8 w - - 0 1
1,1,0,0,0,0,0,1,-1,1,0,1,1,1,0,0,0,0,0,16,0,0,5,7,7,3,2,6,1,23,20,0,0,0,0,0,0,0,0,7,1,1,0,0,0,0,2,3,2,0,KRBKRNvK,DRAW,3n3K/8/4r3/8/5R2/3k4/3B4/8 w - - 0 1
1,1,0,0,0,0,0,1,-1,1,0,1,1,1,0,0,0,0,0,16,0,0,3,7,2,5,5,4,2,3,0,1,0,0,0,0,0,0,0,7,1,1,0,1,0,0,1,4,1,1,KRBKRNvK,DRAW,8/8/4Bk2/6n1/8/2R4K/3r4/8 w - - 0 1
0,1,0,0,0,0,0,1,-1,1,0,1,1,1,0,0,0,0,0,16,0,0,5,2,2,7,3,2,3,3,0,1,0,0,0,0,0,0,0,7,1,1,0,0,0,0,2,2,1,1,KRBKRNvK,DRAW,8/8/2nB3R/3r4/7k/2K5/8/8 b - - 0 1
0,1,0,0,0,0,0,1,-1,1,0,1,1,1,0,0,0,0,0,16,0,0,2,5,2,3,3,2,0,15,19,0,0,0,0,0,0,0,0,7,1,1,0,0,0,0,1,4,0,1,KRBKRNvK,DRAW,8/n7/8/8/3kr3/5K2/8/1BR5 b - - 0 1
0,1,0,0,0,0,0,1,-1,1,0,1,1,1,0,0,0,0,0,16,0,0,2,1,6,2,4,4,1,18,27,0,0,0,0,0,0,0,0,7,1,1,0,0,0,0,0,3,0,0,KRBKRNvK,DRAW,8/1K6/8/2k4r/8/8/4B1n1/1R6 b - - 0 1
0,1,0,0,0,0,0,1,-1,1,0,1,1,1,0,0,0,0,0,16,0,0,5,1,7,2,2,5,2,6,0,1,0,0,0,0,0,0,0,7,1,1,0,0,0,0,0,3,2,1,KRBKRNvK,DRAW,nK6/8/8/8/8/2k1r3/8/B3R3 b - - 0 1
1,1,0,0,0,0,0,1,-1,1,0,1,1,1,0,0,0,0,0,16,0,0,5,2,1,4,6,3,2,15,24,0,0,0,0,0,0,0,0,7,1,1,0,0,0,0,0,2,0,0,KRBKRNvK,DRAW,8/4k3/8/8/B5r1/8/R1K5/5n2 w - - 0 1
0,1,0,0,0,0,0,1,-1,1,0,1,1,1,0,0,0,0,0,16,0,0,5,2,2,4,7,2,3,2,0,1,0,0,0,0,0,0,0,7,1,1,0,0,0,0,2,0,1,0,KRBKRNvK,DRAW,R3k3/7n/5Br1/8/8/2K5/8/8 b - - 0 1
1,1,0,0,0,0,0,1,-1,1,0,1,1,1,0,0,0,0,0,16,0,0,6,4,0,1,6,3,4,28,17,0,0,0,0,0,0,0,0,7,1,1,0,0,0,0,1,1,0,0,KRBKRNvK,DRAW,5R2/rk6/8/6n1/8/8/2B5/4K3 w - - 0 1
1,1,0,0,0,0,0,1,-1,1,0,1,1,1,0,0,0,0,0,16,0,0,2,2,5,4,3,2,0,6,0,1,0,0,0,0,0,0,0,7,1,1,0,0,0,0,2,3,2,1,KRBKRNvK,DRAW,8/8/2K5/3nB3/4k3/6R1/8/2r5 w - - 0 1
0,1,0,0,0,0,0,1,-1,1,0,1,1,1,0,0,0,0,0,16,0,0,3,2,3,2,6,1,3,23,29,0,0,0,0,0,0,0,0,7,1,1,0,0,0,0,2,0,0,0,KRBKRNvK,DRAW,r5n1/2k5/8/8/2K5/8/7R/3B4 b - - 0 1
0,1,0,0,0,0,0,1,-1,1,0,1,1,1,0,0,0,0,0,16,0,0,7,0,7,6,0,6,5,21,25,0,0,0,0,0,0,0,0,7,1,1,0,0,0,0,3,0,0,0,KRBKRNvK,DRAW,K7/8/8/1R3B2/n7/8/8/2r3k1 b - - 0 1
0,1,0,0,0,0,0,1,-1,1,0,1,1,1,0,0,0,0,0,16,0,0,3,0,4,2,1,3,3,26,24,0,0,0,0,0,0,0,0,7,1,1,0,0,0,0,2,2,0,1,KRBKRNvK,DRAW,4R3/8/8/K2nB3/2r5/8/2k5/8 b - - 0 1
0,1,0,0,0,0,0,1,-1,1,0,1,1,1,0,0,0,0,0,16,0,0,6,0,4,6,3,3,2,15,24,0,0,0,0,0,0,0,0,7,1,1,0,0,0,0,2,0,0,1,KRBKRNvK,DRAW,8/8/8/K2R4/6k1/n5r1/8/2B5 b - - 0 1
0,1,0,0,0,0,0,1,-1,1,0,1,1,1,0,0,0,0,0,16,0,0,2,4,5,6,7,1,5,26,22,0,0,0,0,0,0,0,0,7,1,1,0,0,0,0,3,0,0,1,KRBKRNvK,WIN,6k1/8/2B1K3/3n4/8/8/4R3/5r2 b - - 0 1
0,1,0,0,0,0,0,1,-1,1,0,1,1,1,0,0,0,0,0,16,0,0,6,4,0,2,6,3,3,5,0,1,0,0,0,0,0,0,0,7,1,1,0,0,0,0,2,1,0,0,KRBKRNvK,DRAW,7r/2k5/8/1n6/2R5/7B/8/4K3 b - - 0 1
0,1,0,0,0,0,0,1,-1,1,0,1,1,1,0,0,0,0,0,16,0,0,5,7,7,2,7,6,4,20,19,0,0,0,0,0,0,0,0,7,1,1,0,0,0,0,1,2,1,0,KRBKRNvK,DRAW,2k4K/8/1B6/8/8/n3r3/8/R7 b - - 0 1
1,1,0,0,0,0,0,1,-1,1,0,1,1,1,0,0,0,0,0,16,0,0,5,1,5,6,4,3,2,23,25,0,0,0,0,0,0,0,0,7,1,1,0,0,0,0,1,2,0,1,KRBKRNvK,DRAW,8/8/1K1n4/6k1/6r1/8/8/2R3B1 w - - 0 1
0,1,0,0,0,0,0,1,-1,1,0,1,1,1,0,0,0,0,0,16,0,0,4,2,4,6,6,1,4,25,21,0,0,0,0,0,0,0,0,7,1,1,0,0,0,0,4,2,0,0,KRBKRNvK,DRAW,3r4/6k1/7n/2K5/8/8/8/4R1B1 b - - 0 1
0,1,0,0,0,0,0,1,-1,1,0,1,1,1,0,0,0,0,0,16,0,0,3,2,1,5,4,3,1,16,29,0,0,0,0,0,0,0,0,7,1,1,0,0,0,0,2,3,1,0,KRBKRNvK,DRAW,n7/8/8/r4k2/8/6R1/2K3B1/8 b - - 0 1
0,1,0,0,0,0,0,1,-1,1,0,1,1,1,0,0,0,0,0,16,0,0,5,3,0,5,5,3,2,4,0,1,0,0,0,0,0,0,0,7,1,1,1,0,0,0,0,1,1,0,KRBKRNvK,DRAW,5n2/R5B1/r4k2/8/8/8/8/3K4 b - - 0 1
1,1,0,0,0,0,0,1,-1,1,0,1,1,1,0,0,0,0,0,16,0,0,4,0,6,4,5,5,1,19,20,0,0,0,0,0,0,0,0,7,1,1,0,0,0,0,0,3,0,0,KRBKRNvK,DRAW,R7/K7/4k3/4r3/nB6/8/8/8 w - - 0 1
1,1,0,0,0,0,0,1,-1,1,0,1,1,1,0,0,0,0,0,16,0,0,3,6,5,3,4,3,0,32,20,0,0,0,0,0,0,0,0,7,1,1,1,0,0,0,1,4,2,0,KRBKRNvK,DRAW,8/5R2/3B2K1/3k4/3r4/8/2n5/8 w - - 0 1
1,1,0,0,0,0,0,1,-1,1,0,1,1,1,0,0,0,0,0,16,0,0,5,6,5,1,1,3,4,29,16,0,0,0,0,0,0,0,0,7,1,1,0,0,0,0,2,0,1,1,KRBKRNvK,DRAW,1r2n3/8/6K1/8/8/R7/1k4B1/8 w - - 0 1
1,1,0,0,0,0,0,1,-1,1,0,1,1,1,0,0,0,0,0,16,0,0,5,1,4,6,1,2,4,26,19,0,0,0,0,0,0,0,0,7,1,1,1,0,0,0,1,2,0,0,KRBKRNvK,DRAW,2n5/7R/6B1/1K6/6r1/8/6k1/8 w - - 0 1
1,1,0,0,0,0,0,1,-1,1,0,1,1,1,0,0,0,0,0,16,0,0,3,1,2,1,5,3,3,5,0,1,0,0,0,0,0,0,0,7,1,1,0,0,0,0,0,0,0,1,KRBKRNvK,DRAW,8/8/1k6/6B1/8/1K3r2/8/n6R w - - 0 1
0,1,0,0,0,0,0,1,-1,1,0,1,1,1,0,0,0,0,0,16,0,0,3,6,5,3,2,3,1,5,0,1,0,0,0,0,0,0,0,7,1,1,0,0,0,0,1,2,2,0,KRBKRNvK,DRAW,8/8/6K1/4B3/8/2rk1R2/8/7n b - - 0 1
1,1,0,0,0,0,0,1,-1,1,0,1,1,1,0,0,0,0,0,16,0,0,3,4,0,1,0,3,5,23,18,0,0,0,0,0,0,0,0,7,1,1,0,0,0,0,0,2,1,0,KRBKRNvK,DRAW,1n1r4/8/8/8/8/B6R/8/1k2K3 w - - 0 1
1,1,0,0,0,0,0,1,-1,1,0,1,1,1,0,0,0,0,0,16,0,0,5,1,0,6,1,5,4,5,0,1,0,0,0,0,0,0,0,7,1,1,0,0,0,0,2,1,2,0,KRBKRNvK,DRAW,8/8/8/6n1/6B1/4R3/6k1/1K3r2 w - - 0 1
0,1,0,0,0,0,0,1,-1,1,0,1,1,1,0,0,0,0,0,16,0,0,7,7,6,0,5,5,4,4,0,1,0,0,0,0,0,0,0,7,1,1,0,0,0,0,0,3,0,0,KRBKRNvK,DRAW,8/4B2K/k1n5/1r6/8/R7/8/8 b - - 0 1
0,1,0,0,0,0,0,1,-1,1,0,1,1,1,0,0,0,0,0,16,0,0,5,3,7,0,2,3,4,22,16,0,0,0,0,0,0,0,0,7,1,1,0,1,0,0,0,1,0,0,KRBKRNvK,DRAW,1R1K4/8/8/7B/6n1/k7/2r5/8 b - - 0 1
0,1,0,0,0,0,0,1,-1,1,0,1,1,1,0,0,0,0,0,16,0,0,5,7,5,5,0,4,4,2,0,1,0,0,0,0,0,0,0,7,1,1,0,1,0,0,0,1,1,0,KRBKRNvK,LOSS,8/3n4/7K/8/8/8/6r1/1R3k1B b - - 0 1
0,1,0,0,0,0,0,1,-1,1,0,1,1,1,0,0,0,0,0,16,0,0,4,1,1,3,5,4,1,6,0,1,0,0,0,0,0,0,0,7,1,1,0,0,0,0,2,2,1,1,KRBKRNvK,LOSS,5B2/8/3k2r1/8/6R1/8/1K6/2n5 b - - 0 1
0,1,0,0,0,0,0,1,-1,1,0,1,1,1,0,0,0,0,0,16,0,0,5,4,0,2,5,3,2,25,24,0,0,0,0,0,0,0,0,7,1,1,0,0,0,0,3,3,0,0,KRBKRNvK,DRAW,8/8/2k5/1n3R2/r7/8/2B5/4K3 b - - 0 1
1,1,0,0,0,0,0,1,-1,1,0,1,1,1,0,0,0,0,0,16,0,0,2,6,5,4,3,3,0,25,26,0,0,0,0,0,0,0,0,7,1,1,0,0,0,0,1,3,0,0,KRBKRNvK,DRAW,8/3r4/R5K1/1n6/4k3/1B6/8/8 w - - 0 1
1,1,0,0,0,0,0,1,-1,1,0,1,1,1,0,0,0,0,0,16,0,0,7,7,0,0,3,6,3,26,19,0,0,0,0,0,0,0,0,7,1,1,0,0,0,0,2,0,1,1,KRBKRNvK,DRAW,8/5B2/7n/2R5/k7/5r2/8/7K w - - 0 1
1,1,0,0,0,0,0,1,-1,1,0,1,1,1,0,0,0,0,0,16,0,0,5,6,5,1,7,3,5,31,21,0,0,0,0,0,0,0,0,7,1,1,0,0,0,0,0,2,0,0,KRBKRNvK,DRAW,1k6/8/6K1/8/2r3B1/8/7R/4n3 w - - 0 1
0,1,0,0,0,0,0,1,-1,1,0,1,1,1,0,0,0,0,0,16,0,0,5,5,0,0,0,4,6,23,25,0,0,0,0,0,0,0,0,7,1,1,0,0,0,0,0,0,0,0,KRBKRNvK,DRAW,8/2r5/8/1B2n3/8/8/5R2/k4K2 b - - 0 1
1,1,0,0,0,0,0,1,-1,1,0,1,1,1,0,0,0,0,0,16,0,0,4,6,4,2,3,2,1,5,0,1,0,0,0,0,0,0,0,7,1,1,0,0,0,0,3,3,0,2,KRBKRNvK,DRAW,8/4n3/8/4r1K1/2k5/8/8/3R3B w - - 0 1
1,1,0,0,0,0,0,1,-1,1,0,1,1,1,0,0,0,0,0,16,0,0,5,3,0,0,5,3,4,5,0,1,0,0,0,0,0,0,0,7,1,1,1,1,0,0,0,1,1,1,KRBKRNvK,DRAW,8/2R5/k7/8/8/7B/5n1r/3K4 w - - 0 1
0,1,0,0,0,0,0,1,-1,1,0,1,1,1,0,0,0,0,0,16,0,0,5,6,7,1,7,5,5,25,18,0,0,0,0,0,0,0,0,7,1,1,0,0,0,0,2,3,0,0,KRBKRNvK,DRAW,1k4K1/7B/8/5r2/8/3R4/4n3/8 b - - 0 1
1,1,0,0,0,0,0,1,-1,1,0,1,1,1,0,0,0,0,0,16,0,0,2,6,6,4,5,4,1,25,20,0,0,0,0,0,0,0,0,7,1,1,0,0,0,0,3,4,1,0,KRBKRNvK,DRAW,3R4/6K1/4k3/8/2r5/8/8/B4n2 w - - 0 1
0,1,0,0,0,0,0,1,-1,1,0,1,1,1,0,0,0,0,0,16,0,0,2,5,0,3,2,4,1,5,0,1,0,0,0,0,0,0,0,7,1,1,0,0,0,0,0,4,0,1,KRBKRNvK,DRAW,8/8/B7/6r1/8/3k3n/6R1/5K2 b - - 0 1
1,1,0,0,0,0,0,1,-1,1,0,1,1,1,0,0,0,0,0,16,0,0,7,7,7,0,3,6,3,24,26,0,0,0,0,0,0,0,0,7,1,1,1,0,0,0,2,0,0,0,KRBKRNvK,DRAW,7K/3R4/8/4n3/k7/6r1/4B3/8 w - - 0 1
0,1,0,0,0,0,0,1,-1,1,0,1,1,1,0,0,0,0,0,16,0,0,7,1,0,6,7,5,5,22,28,0,0,0,0,0,0,0,0,7,1,1,0,0,0,0,2,0,0,0,KRBKRNvK,DRAW,6k1/8/7n/1B6/4R3/5r2/8/1K6 b - - 0 1
1,1,0,0,0,0,0,1,-1,1,0,1,1,1,0,0,0,0,0,16,0,0,6,6,1,0,1,4,5,6,0,1,0,0,0,0,0,0,0,7,1,1,0,1,0,0,1,2,0,0,KRBKRNvK,DRAW,1R5n/8/8/8/8/6B1/k2r2K1/8 w - - 0 1
0,1,0,0,0,0,0,1,-1,1,0,1,1,1,0,0,0,0,0,16,0,0,5,7,0,2,3,6,1,23,23,0,0,0,0,0,0,0,0,7,1,1,0,0,0,0,2,2,0,1,KRBKRNvK,DRAW,1n5B/8/8/8/2k5/5r2/6R1/7K b - - 0 1
0,1,0,0,0,0,0,1,-1,1,0,1,1,1,0,0,0,0,0,16,0,0,4,5,0,5,4,4,1,21,25,0,0,0,0,0,0,0,0,7,1,1,1,0,0,0,3,4,2,1,KRBKRNvK,DRAW,3r4/4R1B1/8/5k2/8/8/8/5Kn1 b - - 0 1
0,1,0,0,0,0,0,1,-1,1,0,1,1,1,0,0,0,0,0,16,0,0,2,3,7,1,5,3,3,21,20,0,0,0,0,0,0,0,0,7,1,1,0,0,0,0,2,0,0,0,KRBKRNvK,DRAW,3KR3/8/1k5B/8/8/1r6/7n/8 b - - 0 1
0,1,0,0,0,0,0,1,-1,1,0,1,1,1,0,0,0,0,0,16,0,0,2,6,6,4,5,4,1,23,28,0,0,0,0,0,0,0,0,7,1,1,0,0,0,0,2,4,0,1,KRBKRNvK,DRAW,R7/6K1/4k3/4r3/8/2B2n2/8/8 b - - 0 1
0,1,0,0,0,0,0,1,-1,1,0,1,1,1,0,0,0,0,0,16,0,0,3,4,2,6,5,1,3,26,26,0,0,0,0,0,0,0,0,7,1,1,0,0,0,0,4,0,0,1,KRBKRNvK,DRAW,8/8/3B2k1/8/8/4K2n/3R4/5r2 b - - 0 1
0,1,0,0,0,0,0,1,-1,1,0,1,1,1,0,0,0,0,0,16,0,0,2,0,4,2,4,3,1,27,19,0,0,0,0,0,0,0,0,7,1,1,0,0,0,0,0,2,0,0,KRBKRNvK,WIN,8/8/8/K1k2n2/6B1/8/5R2/1r6 b - - 0 1
0,1,0,0,0,0,0,1,-1,1,0,1,1,1,0,0,0,0,0,16,0,0,3,0,4,3,3,3,0,22,26,0,0,0,0,0,0,0,0,7,1,1,0,0,0,0,2,3,2,0,KRBKRNvK,DRAW,5r2/8/3R4/K2B4/3k4/8/n7/8 b - - 0 1
0,1,0,0,0,0,0,1,-1,1,0,1,1,1,0,0,0,0,0,16,0,0,5,0,0,0,5,6,4,23,23,0,0,0,0,0,0,0,0,7,1,1,0,0,0,0,2,1,0,1,KRBKRNvK,DRAW,8/6B1/k7/8/8/1r4n1/2R5/K7 b - - 0 1
1,1,0,0,0,0,0,1,-1,1,0,1,1,1,0,0,0,0,0,16,0,0,2,3,3,1,3,0,2,22,19,0,0,0,0,0,0,0,0,7,1,1,0,0,0,0,3,0,1,0,KRBKRNvK,DRAW,3n4/8/8/8/1k1K4/6r1/R3B3/8 w - - 0 1
0,1,0,0,0,0,0,1,-1,1,0,1,1,1,0,0,0,0,0,16,0,0,2,6,3,5,1,2,3,28,23,0,0,0,0,0,0,0,0,7,1,1,0,0,0,0,2,1,0,1,KRBKRNvK,DRAW,2r5/3B4/3R4/8/5nK1/8/5k2/8 b - - 0 1
0,1,0,0,0,0,0,1,-1,1,0,1,1,1,0,0,0,0,0,16,0,0,4,1,1,5,3,4,1,3,0,1,0,0,0,0,0,0,0,7,1,1,0,0,0,0,0,3,2,1,KRBKRNvK,DRAW,8/8/8/5r2/5k2/8/nK1B2R1/8 b - - 0 1
0,1,0,0,0,0,0,1,-1,1,0,1,1,1,0,0,0,0,0,16,0,0,5,5,5,4,0,2,3,27,28,0,0,0,0,0,0,0,0,7,1,1,0,1,0,0,2,1,0,0,KRBKRNvK,DRAW,6B1/8/5K2/2R5/8/4n3/7r/4k3 b - - 0 1
1,1,0,0,0,0,0,1,-1,1,0,1,1,1,0,0,0,0,0,16,0,0,3,7,7,4,6,6,2,27,16,0,0,0,0,0,0,0,0,7,1,1,0,0,0,0,3,2,2,0,KRBKRNvK,DRAW,3R3K/4k3/2B1r3/8/8/8/7n/8 w - - 0 1
0,1,0,0,0,0,0,1,-1,1,0,1,1,1,0,0,0,0,0,16,0,0,3,1,3,2,6,2,3,22,25,0,0,0,0,0,0,0,0,7,1,1,0,0,0,0,3,3,1,0,KRBKRNvK,DRAW,8/2k5/5B2/1R6/1K6/4r3/4n3/8 b - - 0 1
0,1,0,0,0,0,0,1,-1,1,0,1,1,1,0,0,0,0,0,16,0,0,6,1,0,7,4,5,3,21,24,0,0,0,0,0,0,0,0,7,1,1,0,0,0,0,3,2,0,2,KRBKRNvK,DRAW,8/8/8/7k/8/3r4/1B6/nK2R3 b - - 0 1
0,1,0,0,0,0,0,1,-1,1,0,1,1,1,0,0,0,0,0,16,0,0,2,3,6,5,6,2,3,21,19,0,0,0,0,0,0,0,0,7,1,1,1,0,0,0,0,0,0,1,KRBKRNvK,DRAW,1r6/R2K1k2/8/8/8/8/8/n4B2 b - - 0 1
0,1,0,0,0,0,0,1,-1,1,0,1,1,1,0,0,0,0,0,16,0,0,2,4,2,2,4,1,1,29,18,0,0,0,0,0,0,0,0,7,1,1,0,1,0,0,2,2,1,2,KRBKRNvK,DRAW,8/8/8/2k5/5n2/R3K3/3r4/4B3 b - - 0 1
0,1,0,0,0,0,0,1,-1,1,0,1,1,1,0,0,0,0,0,16,0,0,2,4,3,5,5,0,2,24,22,0,0,0,0,0,0,0,0,7,1,1,0,0,0,0,3,3,0,2,KRBKRNvK,DRAW,8/8/3r1k2/2R5/1B2Kn2/8/8/8 b - - 0 1
1,1,0,0,0,0,0,1,-1,1,0,1,1,1,0,0,0,0,0,16,0,0,3,3,3,0,4,0,3,27,21,0,0,0,0,0,0,0,0,7,1,1,0,0,0,0,3,1,0,1,KRBKRNvK,DRAW,5B2/8/5r2/k7/3K2n1/8/1R6/8 w - - 0 1
0,1,0,0,0,0,0,1,-1,1,0,1,1,1,0,0,0,0,0,16,0,0,4,3,6,4,2,2,1,23,24,0,0,0,0,0,0,0,0,7,1,1,0,0,0,0,2,2,0,0,KRBKRNvK,DRAW,4B3/3K4/8/R7/8/4k3/8/1n3r2 b - - 0 1
1,1,0,0,0,0,0,1,-1,1,0,1,1,1,0,0,0,0,0,16,0,0,4,3,2,3,6,1,2,28,21,0,0,0,0,0,0,0,0,7,1,1,0,0,0,0,3,2,1,0,KRBKRNvK,DRAW,8/3k4/5R2/6r1/8/3K4/1B6/7n w - - 0 1
0,1,0,0,0,0,0,1,-1,1,0,1,1,1,0,0,0,0,0,16,0,0,4,3,6,7,5,2,4,23,28,0,0,0,0,0,0,0,0,7,1,1,0,0,0,0,2,2,1,0,KRBKRNvK,DRAW,7B/3K4/7k/8/6r1/8/5n2/R7 b - - 0 1
1,1,0,0,0,0,0,1,-1,1,0,1,1,1,0,0,0,0,0,16,0,0,2,1,4,0,2,2,4,20,25,0,0,0,0,0,0,0,0,7,1,1,1,0,0,0,2,1,0,0,KRBKRNvK,DRAW,6r1/1R6/8/1K6/5n2/k7/8/7B w - - 0 1
1,1,0,0,0,0,0,1,-1,1,0,1,1,1,0,0,0,0,0,16,0,0,4,2,5,0,1,2,5,19,27,0,0,0,0,0,0,0,0,7,1,1,1,0,0,0,1,2,0,1,KRBKRNvK,DRAW,3r4/2R5/2K5/8/5n2/7B/k7/8 w - - 0 1
1,1,0,0,0,0,0,1,-1,1,0,1,1,1,0,0,0,0,0,16,0,0,4,0,2,4,6,4,2,23,21,0,0,0,0,0,0,0,0,7,1,1,0,0,0,0,0,2,0,0,KRBKRNvK,DRAW,8/4k3/n7/7B/7r/K5R1/8/8 w - - 0 1
0,1,0,0,0,0,0,1,-1,1,0,1,1,1,0,0,0,0,0,16,0,0,5,5,1,5,6,3,3,23,27,0,0,0,0,0,0,0,0,7,1,1,0,0,0,0,2,0,1,2,KRBKRNvK,DRAW,8/5k2/8/4R3/8/6r1/3B1K2/4n3 b - - 0 1
0,1,0,0,0,0,0,1,-1,1,0,1,1,1,0,0,0,0,0,16,0,0,4,6,3,2,6,2,3,20,27,0,0,0,0,0,0,0,0,7,1,1,0,0,0,0,1,0,1,0,KRBKRNvK,DRAW,8/2k2B1n/R7/8/6K1/2r5/8/8 b - - 0 1
1,1,0,0,0,0,0,1,-1,1,0,1,1,1,0,0,0,0,0,16,0,0,7,7,2,0,5,4,4,30,19,0,0,0,0,0,0,0,0,7,1,1,0,0,0,0,2,1,1,0,KRBKRNvK,DRAW,6R1/8/k1B5/8/1n6/7K/8/r7 w - - 0 1
0,1,0,0,0,0,0,1,-1,1,0,1,1,1,0,0,0,0,0,16,0,0,3,1,6,2,3,4,1,23,24,0,0,0,0,0,0,0,0,7,1,1,0,0,0,0,1,2,0,1,KRBKRNvK,DRAW,7r/1K6/n5B1/8/2k5/6R1/8/8 b - - 0 1
1,1,0,0,0,0,0,1,-1,1,0,1,1,1,0,0,0,0,0,16,0,0,2,2,3,3,5,1,1,24,17,0,0,0,0,0,0,0,0,7,1,1,0,0,0,0,3,3,2,0,KRBKRNvK,DRAW,5n2/8/1B1k4/8/2K1R3/8/8/3r4 w - - 0 1
0,1,0,0,0,0,0,1,-1,1,0,1,1,1,0,0,0,0,0,16,0,0,2,0,6,2,4,5,1,4,0,1,0,0,0,0,0,0,0,7,1,1,0,0,0,0,2,2,1,0,KRBKRNvK,DRAW,8/K7/8/2k5/8/2R5/6B1/nr6 b - - 0 1
0,1,0,0,0,0,0,1,-1,1,0,1,1,1,0,0,0,0,0,16,0,0,5,6,7,2,2,5,2,20,24,0,0,0,0,0,0,0,0,7,1,1,0,0,0,0,0,2,1,1,KRBKRNvK,DRAW,4n1K1/8/8/8/8/B1kr4/8/6R1 b - - 0 1
1,1,0,0,0,0,0,1,-1,1,0,1,1,1,0,0,0,0,0,16,0,0,5,2,3,7,2,1,4,28,18,0,0,0,0,0,0,0,0,7,1,1,0,1,0,0,2,0,0,0,KRBKRNvK,DRAW,4n3/8/8/8/2K5/7k/4Br2/R7 w - - 0 1
0,1,0,0,0,0,0,1,-1,1,0,1,1,1,0,0,0,0,0,16,0,0,3,6,2,5,5,3,2,23,25,0,0,0,0,0,0,0,0,7,1,1,1,1,0,0,2,1,1,0,KRBKRNvK,DRAW,2n5/7R/5k2/8/8/6K1/1r6/7B b - - 0 1
0,1,0,0,0,0,0,1,-1,1,0,1,1,1,0,0,0,0,0,16,0,0,5,5,6,0,3,3,3,2,0,1,0,0,0,0,0,0,0,7,1,1,0,0,0,0,0,1,0,1,KRBKRNvK,DRAW,3r4/3B1K2/8/8/k7/8/3n4/R7 b - - 0 1
1,1,0,0,0,0,0,1,-1,1,0,1,1,1,0,0,0,0,0,16,0,0,3,3,1,1,4,2,2,4,0,1,0,0,0,0,0,0,0,7,1,1,0,1,0,0,0,1,0,2,KRBKRNvK,DRAW,5B2/8/8/1k6/2n5/8/3K1r2/2R5 w - - 0 1
1,1,0,0,0,0,0,1,-1,1,0,1,1,1,0,0,0,0,0,16,0,0,6,5,7,5,1,4,3,27,19,0,0,0,0,0,0,0,0,7,1,1,1,0,0,0,1,1,0,0,KRBKRNvK,DRAW,5K2/2R5/1n1B4/8/8/8/5k2/5r2 w - - 0 1
0,1,0,0,0,0,0,1,-1,1,0,1,1,1,0,0,0,0,0,16,0,0,4,3,7,5,3,3,1,29,24,0,0,0,0,0,0,0,0,7,1,1,1,0,0,0,0,2,0,0,KRBKRNvK,DRAW,3K4/2R5/r7/4n3/5k2/8/8/5B2 b - - 0 1
1,1,0,0,0,0,0,1,-1,1,0,1,1,1,0,0,0,0,0,16,0,0,4,2,4,4,0,1,3,4,0,1,0,0,0,0,0,0,0,7,1,1,0,0,0,0,2,3,1,2,KRBKRNvK,LOSS,8/8/7B/1nK1r3/8/8/5R2/4k3 w - - 0 1
1,1,0,0,0,0,0,1,-1,1,0,1,1,1,0,0,0,0,0,16,0,0,6,0,7,6,5,6,3,3,0,1,0,0,0,0,0,0,0,7,1,1,1,0,0,0,2,1,1,1,KRBKRNvK,DRAW,K2B4/4Rn2/r5k1/8/8/8/8/8 w - - 0 1
0,1,0,0,0,0,0,1,-1,1,0,1,1,1,0,0,0,0,0,16,0,0,4,4,6,3,2,2,1,7,0,1,0,0,0,0,0,0,0,7,1,1,0,0,0,0,0,3,0,1,KRBKRNvK,DRAW,8/3nK3/B6R/8/8/3k4/8/1r6 b - - 0 1
0,1,0,0,0,0,0,1,-1,1,0,1,1,1,0,0,0,0,0,16,0,0,5,0,0,5,0,6,4,26,20,0,0,0,0,0,0,0,0,7,1,1,0,0,0,0,1,4,0,1,KRBKRNvK,DRAW,8/5B2/R7/3r4/8/2n5/8/K4k2 b - - 0 1
0,1,0,0,0,0,0,1,-1,1,0,1,1,1,0,0,0,0,0,16,0,0,4,4,3,0,5,0,4,17,33,0,0,0,0,0,0,0,0,7,1,1,0,1,0,0,3,0,1,1,KRBKRNvK,DRAW,1R6/8/k7/8/3BK3/8/6rn/8 b - - 0 1
1,1,0,0,0,0,0,1,-1,1,0,1,1,1,0,0,0,0,0,16,0,0,4,7,5,7,1,4,5,29,21,0,0,0,0,0,0,0,0,7,1,1,0,0,0,0,2,1,0,0,KRBKRNvK,DRAW,3R4/8/7K/8/8/1r2B3/2n4k/8 w - - 0 1
1,1,0,0,0,0,0,1,-1,1,0,1,1,1,0,0,0,0,0,16,0,0,3,2,7,5,7,4,4,25,21,0,0,0,0,0,0,0,0,7,1,1,0,0,0,0,0,2,0,0,KRBKRNvK,DRAW,2K2kn1/8/8/3r4/6B1/8/1R6/8 w - - 0 1
1,1,0,0,0,0,0,1,-1,1,0,1,1,1,0,0,0,0,0,16,0,0,2,4,5,4,7,1,3,24,20,0,0,0,0,0,0,0,0,7,1,1,0,0,0,0,2,1,0,0,KRBKRNvK,DRAW,1B2k3/8/4K3/8/8/2r1n3/8/R7 w - - 0 1
0,1,0,0,0,0,0,1,-1,1,0,1,1,1,0,0,0,0,0,16,0,0,3,2,1,5,4,3,1,22,24,0,0,0,0,0,0,0,0,7,1,1,0,0,0,0,1,3,0,0,KRBKRNvK,DRAW,8/8/8/5k2/6rn/1B6/2K5/7R b - - 0 1
1,1,0,0,0,0,0,1,-1,1,0,1,1,1,0,0,0,0,0,16,0,0,5,7,6,2,3,5,1,24,21,0,0,0,0,0,0,0,0,7,1,1,0,0,0,0,4,4,1,0,KRBKRNvK,DRAW,8/4n2K/8/3R4/2k5/5B2/8/4r3 w - - 0 1
0,1,0,0,0,0,0,1,-1,1,0,1,1,1,0,0,0,0,0,16,0,0,6,7,7,1,1,6,4,26,17,0,0,0,0,0,0,0,0,7,1,1,0,0,0,0,0,2,0,0,KRBKRNvK,DRAW,7K/8/6R1/8/r7/8/1k4n1/7B b - - 0 1
1,1,0,0,0,0,0,1,-1,1,0,1,1,1,0,0,0,0,0,16,0,0,4,3,3,0,7,0,6,31,19,0,0,0,0,0,0,0,0,7,1,1,0,1,0,0,3,0,0,0,KRBKRNvK,DRAW,k7/n7/8/8/1B1K4/6R1/7r/8 w - - 0 1
0,1,0,0,0,0,0,1,-1,1,0,1,1,1,0,0,0,0,0,16,0,0,3,7,5,6,2,4,3,23,18,0,0,0,0,0,0,0,0,7,1,1,0,0,0,0,2,3,1,1,KRBKRNvK,DRAW,8/8/2R4K/6r1/8/6k1/2n5/7B b - - 0 1
0,1,0,0,0,0,0,1,-1,1,0,1,1,1,0,0,0,0,0,16,0,0,4,3,2,7,2,1,4,22,26,0,0,0,0,0,0,0,0,7,1,1,0,1,0,0,3,0,0,0,KRBKRNvK,DRAW,5R2/8/8/n7/4B3/3K3k/6r1/8 b - - 0 1
1,1,0,0,0,0,0,1,-1,1,0,1,1,1,0,0,0,0,0,16,0,0,5,5,2,7,7,2,6,5,0,1,0,0,0,0,0,0,0,7,1,1,1,0,0,0,1,1,1,0,KRBKRNvK,DRAW,7k/4BR2/4n3/8/8/1r3K2/8/8 w - - 0 1
1,1,0,0,0,0,0,1,-1,1,0,1,1,1,0,0,0,0,0,16,0,0,5,2,4,7,7,1,6,25,21,0,0,0,0,0,0,0,0,7,1,1,1,1,0,0,3,2,0,0,KRBKRNvK,DRAW,7k/R1B5/8/2K5/8/8/4r3/5n2 w - - 0 1
0,1,0,0,0,0,0,1,-1,1,0,1,1,1,0,0,0,0,0,16,0,0,7,7,0,4,7,6,3,3,0,1,0,0,0,0,0,0,0,7,1,1,0,0,0,0,2,2,1,0,KRBKRNvK,DRAW,B3k1R1/8/8/4r3/8/8/1n6/7K b - - 0 1
1,1,0,0,0,0,0,1,-1,1,0,1,1,1,0,0,0,0,0,16,0,0,3,5,4,6,7,1,5,28,19,0,0,0,0,0,0,0,0,7,1,1,1,0,0,0,2,2,1,0,KRBKRNvK,DRAW,r5k1/4R3/8/5K2/B7/2n5/8/8 w - - 0 1
1,1,0,0,0,0,0,1,-1,1,0,1,1,1,0,0,0,0,0,16,0,0,4,2,3,3,7,1,3,7,0,1,0,0,0,0,0,0,0,7,1,1,0,0,0,0,2,0,0,1,KRBKRNvK,LOSS,3k4/8/6R1/4n3/2K5/8/8/r1B5 w - - 0 1
1,1,0,0,0,0,0,1,-1,1,0,1,1,1,0,0,0,0,0,16,0,0,2,3,7,2,5,3,2,19,19,0,0,0,0,0,0,0,0,7,1,1,0,0,0,0,0,2,1,0,KRBKRNvK,DRAW,1R1K4/8/r1k5/7B/8/2n5/8/8 w - - 0 1
0,1,0,0,0,0,0,1,-1,1,0,1,1,1,0,0,0,0,0,16,0,0,7,7,6,0,0,5,6,1,0,1,0,0,0,0,0,0,0,7,1,1,1,0,0,0,1,1,1,0,KRBKRNvK,DRAW,8/R6K/8/8/5n2/8/2B5/k1r5 b - - 0 1
0,1,0,0,0,0,0,1,-1,1,0,1,1,1,0,0,0,0,0,16,0,0,5,4,5,0,0,1,6,16,24,0,0,0,0,0,0,0,0,7,1,1,0,0,0,0,2,0,0,0,KRBKRNvK,WIN,r7/8/4K2R/n7/B7/8/8/k7 b - - 0 1
1,1,0,0,0,0,0,1,-1,1,0,1,1,1,0,0,0,0,0,16,0,0,4,5,3,1,6,1,4,30,25,0,0,0,0,0,0,0,0,7,1,1,0,0,0,0,3,2,0,0,KRBKRNvK,DRAW,3r4/1k6/8/7R/5K2/n7/4B3/8 w - - 0 1
0,1,0,0,0,0,0,1,-1,1,0,1,1,1,0,0,0,0,0,16,0,0,4,6,5,2,2,3,2,23,24,0,0,0,0,0,0,0,0,7,1,1,0,0,0,0,1,2,0,1,KRBKRNvK,DRAW,1B6/8/6K1/8/5r2/2k5/7R/2n5 b - - 0 1
0,1,0,0,0,0,0,1,-1,1,0,1,1,1,0,0,0,0,0,16,0,0,2,2,7,4,6,4,2,5,0,1,0,0,0,0,0,0,0,7,1,1,1,0,0,0,1,1,0,0,KRBKRNvK,DRAW,2K5/1R2k3/8/8/8/1n6/8/1B4r1 b - - 0 1
1,1,0,0,0,0,0,1,-1,1,0,1,1,1,0,0,0,0,0,16,0,0,6,0,7,4,1,6,2,2,0,1,0,0,0,0,0,0,0,7,1,1,1,0,0,0,2,0,0,0,KRBKRNvK,DRAW,K5r1/6nR/8/8/8/8/4k3/B7 w - - 0 1
1,1,0,0,0,0,0,1,-1,1,0,1,1,1,0,0,0,0,0,16,0,0,5,1,6,6,3,4,2,28,24,0,0,0,0,0,0,0,0,7,1,1,0,0,0,0,3,1,0,0,KRBKRNvK,DRAW,8/1K6/8/R7/6k1/7r/4n3/B7 w - - 0 1
1,1,0,0,0,0,0,1,-1,1,0,1,1,1,0,0,0,0,0,16,0,0,2,0,5,0,3,4,3,24,18,0,0,0,0,0,0,0,0,7,1,1,0,0,0,0,2,0,0,0,KRBKRNvK,DRAW,7B/8/K7/8/k7/8/5R2/1n5r w - - 0 1
0,1,0,0,0,0,0,1,-1,1,0,1,1,1,0,0,0,0,0,16,0,0,4,5,3,1,3,1,2,25,22,0,0,0,0,0,0,0,0,7,1,1,1,0,0,0,2,2,0,1,KRBKRNvK,DRAW,8/2R5/8/6B1/1k3K2/6n1/8/4r3 b - - 0 1
1,1,0,0,0,0,0,1,-1,1,0,1,1,1,0,0,0,0,0,16,0,0,7,7,5,0,2,4,4,26,22,0,0,0,0,0,0,0,0,7,1,1,0,0,0,0,1,2,0,0,KRBKRNvK,WIN,4r3/n7/7K/8/8/k2B1R2/8/8 w - - 0 1
1,1,0,0,0,0,0,1,-1,1,0,1,1,1,0,0,0,0,0,16,0,0,2,7,6,6,4,5,2,28,24,0,0,0,0,0,0,0,0,7,1,1,0,1,0,0,1,2,1,0,KRBKRNvK,DRAW,8/7K/4B3/6k1/1n6/R7/3r4/8 w - - 0 1
1,1,0,0,0,0,0,1,-1,1,0,1,1,1,0,0,0,0,0,16,0,0,5,0,6,5,7,5,4,20,18,0,0,0,0,0,0,0,0,7,1,1,0,0,0,0,0,2,0,0,KRBKRNvK,DRAW,5k2/K7/8/8/8/6R1/7B/3r1n2 w - - 0 1
0,1,0,0,0,0,0,1,-1,1,0,1,1,1,0,0,0,0,0,16,0,0,6,7,1,1,2,5,3,6,0,1,0,0,0,0,0,0,0,7,1,1,0,0,0,0,2,2,1,1,KRBKRNvK,DRAW,8/8/1B6/8/6r1/1k1R4/7K/n7 b - - 0 1
0,1,0,0,0,0,0,1,-1,1,0,1,1,1,0,0,0,0,0,16,0,0,3,4,3,3,6,0,2,22,28,0,0,0,0,0,0,0,0,7,1,1,0,0,0,0,3,0,0,1,KRBKRNvK,DRAW,6R1/3k4/2r5/8/4K3/7n/8/3B4 b - - 0 1
1,1,0,0,0,0,0,1,-1,1,0,1,1,1,0,0,0,0,0,16,0,0,6,1,5,7,3,3,3,6,0,1,0,0,0,0,0,0,0,7,1,1,0,0,0,0,0,0,0,1,KRBKRNvK,DRAW,n4r2/8/1K6/B7/7k/1R6/8/8 w - - 0 1
1,1,0,0,0,0,0,1,-1,1,0,1,1,1,0,0,0,0,0,16,0,0,2,4,1,6,3,2,2,20,23,0,0,0,0,0,0,0,0,7,1,1,1,0,0,0,0,0,0,1,KRBKRNvK,DRAW,8/R7/8/8/6kn/2r5/4K3/5B2 w - - 0 1
1,1,0,0,0,0,0,1,-1,1,0,1,1,1,0,0,0,0,0,16,0,0,5,1,1,4,6,4,2,23,25,0,0,0,0,0,0,0,0,7,1,1,0,0,0,0,2,0,0,0,KRBKRNvK,DRAW,5r2/4k3/8/1R6/B6n/8/1K6/8 w - - 0 1
1,1,0,0,0,0,0,1,-1,1,0,1,1,1,0,0,0,0,0,16,0,0,5,5,3,0,3,1,3,29,19,0,0,0,0,0,0,0,0,7,1,1,0,0,0,0,4,1,0,0,KRBKRNvK,DRAW,8/2n3r1/3R4/8/k4KB1/8/8/8 w - - 0 1
0,1,0,0,0,0,0,1,-1,1,0,1,1,1,0,0,0,0,0,16,0,0,7,0,4,7,4,3,3,4,0,1,0,0,0,0,0,0,0,7,1,1,0,0,0,0,2,2,1,0,KRBKRNvK,DRAW,2B1r3/8/8/K4R1k/8/8/3n4/8 b - - 0 1
1,1,0,0,0,0,0,1,-1,1,0,1,1,1,0,0,0,0,0,16,0,0,3,5,4,5,1,1,3,23,21,0,0,0,0,0,0,0,0,7,1,1,0,1,0,0,2,2,1,0,KRBKRNvK,DRAW,8/8/5R2/n4K2/8/8/3r1k1B/8 w - - 0 1
1,1,0,0,0,0,0,1,-1,1,0,1,1,1,0,0,0,0,0,16,0,0,4,0,6,4,3,5,0,5,0,1,0,0,0,0,0,0,0,7,1,1,0,0,0,0,2,3,0,0,KRBKRNvK,DRAW,8/K6r/6n1/8/4k3/8/RB6/8 w - - 0 1
0,1,0,0,0,0,0,1,-1,1,0,1,1,1,0,0,0,0,0,16,0,0,6,1,7,7,4,5,3,22,22,0,0,0,0,0,0,0,0,7,1,1,1,0,0,0,1,3,0,0,KRBKRNvK,DRAW,1K6/1R6/2B5/3r3k/8/8/3n4/8 b - - 0 1
1,1,0,0,0,0,0,1,-1,1,0,1,1,1,0,0,0,0,0,16,0,0,2,5,1,3,3,3,0,29,18,0,0,0,0,0,0,0,0,7,1,1,0,0,0,0,0,4,0,0,KRBKRNvK,DRAW,1R6/8/8/6B1/2rk4/8/2n2K2/8 w - - 0 1
0,1,0,0,0,0,0,1,-1,1,0,1,1,1,0,0,0,0,0,16,0,0,3,0,0,3,1,6,2,17,23,0,0,0,0,0,0,0,0,7,1,1,0,1,0,0,1,0,0,0,KRBKRNvK,DRAW,6B1/8/8/8/8/7R/3k1r1n/K7 b - - 0 1
0,1,0,0,0,0,0,1,-1,1,0,1,1,1,0,0,0,0,0,16,0,0,5,0,7,5,3,6,1,23,26,0,0,0,0,0,0,0,0,7,1,1,0,0,0,0,0,2,1,0,KRBKRNvK,DRAW,K7/8/6R1/8/1B3k2/7r/8/5n2 b - - 0 1
0,1,0,0,0,0,0,1,-1,1,0,1,1,1,0,0,0,0,0,16,0,0,5,2,7,5,2,4,2,23,26,0,0,0,0,0,0,0,0,7,1,1,0,0,0,0,2,2,0,0,KRBKRNvK,DRAW,2K5/8/4R3/8/7r/5k2/1n6/1B6 b - - 0 1
1,1,0,0,0,0,0,1,-1,1,0,1,1,1,0,0,0,0,0,16,0,0,2,0,0,0,2,6,4,22,24,0,0,0,0,0,0,0,0,7,1,1,0,1,0,0,2,1,1,0,KRBKRNvK,DRAW,6B1/8/3n4/2R5/8/k7/5r2/K7 w - - 0 1
1,1,0,0,0,0,0,1,-1,1,0,1,1,1,0,0,0,0,0,16,0,0,6,0,0,3,6,6,2,26,22,0,0,0,0,0,0,0,0,7,1,1,0,0,0,0,1,0,0,0,KRBKRNvK,DRAW,8/1r1k4/8/8/4n3/1B6/6R1/K7 w - - 0 1
1,1,0,0,0,0,0,1,-1,1,0,1,1,1,0,0,0,0,0,16,0,0,3,5,5,4,2,2,1,7,0,1,0,0,0,0,0,0,0,7,1,1,0,0,0,0,2,3,1,2,KRBKRNvK,DRAW,3r4/8/5K2/7n/4B3/4k3/8/R7 w - - 0 1
1,1,0,0,0,0,0,1,-1,1,0,1,1,1,0,0,0,0,0,16,0,0,7,1,0,1,7,5,5,24,19,0,0,0,0,0,0,0,0,7,1,1,0,1,0,0,2,0,0,0,KRBKRNvK,DRAW,nk6/6B1/7R/8/8/8/6r1/1K6 w - - 0 1
1,1,0,0,0,0,0,1,-1,1,0,1,1,1,0,0,0,0,0,16,0,0,4,3,1,3,5,2,1,24,20,0,0,0,0,0,0,0,0,7,1,1,1,0,0,0,1,2,2,0,KRBKRNvK,DRAW,8/1R6/1B1k4/6r1/8/8/3K4/n7 w - - 0 1
1,1,0,0,0,0,0,1,-1,1,0,1,1,1,0,0,0,0,0,16,0,0,6,1,0,2,6,5,3,25,16,0,0,0,0,0,0,0,0,7,1,1,0,0,0,0,2,0,1,0,KRBKRNvK,DRAW,8/2k4r/8/1R4B1/8/8/8/1K5n w - - 0 1
0,1,0,0,0,0,0,1,-1,1,0,1,1,1,0,0,0,0,0,16,0,0,3,5,4,3,7,1,3,22,24,0,0,0,0,0,0,0,0,7,1,1,0,0,0,0,2,0,0,0,KRBKRNvK,DRAW,3kn3/r7/8/5K2/8/7B/1R6/8 b - - 0 1
0,1,0,0,0,0,0,1,-1,1,0,1,1,1,0,0,0,0,0,16,0,0,5,5,3,0,5,1,4,20,24,0,0,0,0,0,0,0,0,7,1,1,0,1,0,0,3,0,0,1,KRBKRNvK,DRAW,6n1/8/k7/3R2B1/5K2/8/7r/8 b - - 0 1
0,1,0,0,0,0,0,1,-1,1,0,1,1,1,0,0,0,0,0,16,0,0,3,6,2,4,5,3,1,21,22,0,0,0,0,0,0,0,0,7,1,1,0,0,0,0,1,4,1,2,KRBKRNvK,DRAW,8/8/4k1B1/6n1/4r3/6K1/7R/8 b - - 0 1
0,1,0,0,0,0,0,1,-1,1,0,1,1,1,0,0,0,0,0,16,0,0,6,0,0,4,6,6,2,18,24,0,0,0,0,0,0,0,0,7,1,1,0,0,0,0,3,0,1,0,KRBKRNvK,DRAW,B7/2r1k3/n7/5R2/8/8/8/K7 b - - 0 1
0,1,0,0,0,0,0,1,-1,1,0,1,1,1,0,0,0,0,0,16,0,0,5,1,2,5,7,3,4,18,29,0,0,0,0,0,0,0,0,7,1,1,1,0,0,0,2,2,1,1,KRBKRNvK,DRAW,2r2k2/3R4/8/4B3/8/1Kn5/8/8 b - - 0 1
0,1,0,0,0,0,0,1,-1,1,0,1,1,1,0,0,0,0,0,16,0,0,4,7,4,3,6,3,2,24,23,0,0,0,0,0,0,0,0,7,1,1,0,0,0,0,2,0,0,0,KRBKRNvK,DRAW,8/3k4/2r5/7K/4BR2/8/8/2n5 b - - 0 1
1,1,0,0,0,0,0,1,-1,1,0,1,1,1,0,0,0,0,0,16,0,0,3,3,4,3,7,0,3,25,21,0,0,0,0,0,0,0,0,7,1,1,1,0,0,0,3,1,0,1,KRBKRNvK,DRAW,3k4/R7/1r6/3K2nB/8/8/8/8 w - - 0 1
0,1,0,0,0,0,0,1,-1,1,0,1,1,1,0,0,0,0,0,16,0,0,7,1,7,2,0,5,4,20,24,0,0,0,0,0,0,0,0,7,1,1,0,0,0,0,1,2,0,0,KRBKRNvK,DRAW,1K6/8/8/4r3/n7/6B1/7R/2k5 b - - 0 1
0,1,0,0,0,0,0,1,-1,1,0,1,1,1,0,0,0,0,0,16,0,0,4,6,1,2,1,4,3,4,0,1,0,0,0,0,0,0,0,7,1,1,0,0,0,0,3,1,2,1,KRBKRNvK,DRAW,8/8/r7/8/1R2B3/8/2k1n1K1/8 b - - 0 1
0,1,0,0,0,0,0,1,-1,1,0,1,1,1,0,0,0,0,0,16,0,0,5,4,7,3,2,3,1,4,0,1,0,0,0,0,0,0,0,7,1,1,0,0,0,0,0,2,2,1,KRBKRNvK,LOSS,2n1K3/8/8/8/8/r2k1R2/8/1B6 b - - 0 1
1,1,0,0,0,0,0,1,-1,1,0,1,1,1,0,0,0,0,0,16,0,0,5,3,6,3,1,2,2,25,15,0,0,0,0,0,0,0,0,7,1,1,1,0,0,0,0,0,0,0,KRBKRNvK,DRAW,8/3KB1R1/8/8/8/8/3k4/n2r4 w - - 0 1
0,1,0,0,0,0,0,1,-1,1,0,1,1,1,0,0,0,0,0,16,0,0,4,1,7,5,6,5,3,20,28,0,0,0,0,0,0,0,0,7,1,1,0,0,0,0,2,0,1,1,KRBKRNvK,DRAW,1K6/5k2/2r5/5B2/8/8/4R3/7n b - - 0 1
0,1,0,0,0,0,0,1,-1,1,0,1,1,1,0,0,0,0,0,16,0,0,2,3,6,2,4,2,1,24,29,0,0,0,0,0,0,0,0,7,1,1,0,0,0,0,2,3,1,0,KRBKRNvK,DRAW,7R/1B1K4/8/2k5/5r2/1n6/8/8 b - - 0 1
0,1,0,0,0,0,0,1,-1,1,0,1,1,1,0,0,0,0,0,16,0,0,2,2,3,1,1,1,4,21,23,0,0,0,0,0,0,0,0,7,1,1,0,0,0,0,4,0,1,1,KRBKRNvK,DRAW,4R3/8/8/8/2K5/1B6/nk6/6r1 b - - 0 1
0,1,0,0,0,0,0,1,-1,1,0,1,1,1,0,0,0,0,0,16,0,0,5,1,6,0,1,4,5,2,0,1,0,0,0,0,0,0,0,7,1,1,0,0,0,0,3,1,1,0,KRBKRNvK,DRAW,8/1K6/8/8/R7/1nr3B1/k7/8 b - - 0 1
0,1,0,0,0,0,0,1,-1,1,0,1,1,1,0,0,0,0,0,16,0,0,2,2,2,3,0,2,3,25,21,0,0,0,0,0,0,0,0,7,1,1,0,1,0,0,2,0,0,2,KRBKRNvK,DRAW,8/8/1B6/8/3n3R/2K5/r7/3k4 b - - 0 1
0,1,0,0,0,0,0,1,-1,1,0,1,1,1,0,0,0,0,0,16,0,0,4,5,5,6,1,2,4,22,23,0,0,0,0,0,0,0,0,7,1,1,0,0,0,0,2,0,1,0,KRBKRNvK,DRAW,8/8/5K2/8/n7/1r6/6k1/R5B1 b - - 0 1
0,1,0,0,0,0,0,1,-1,1,0,1,1,1,0,0,0,0,0,16,0,0,4,0,7,4,3,6,0,21,23,0,0,0,0,0,0,0,0,7,1,1,0,0,0,0,1,4,1,0,KRBKRNvK,DRAW,K5R1/8/8/8/4k3/1rn5/5B2/8 b - - 0 1
0,1,0,0,0,0,0,1,-1,1,0,1,1,1,0,0,0,0,0,16,0,0,6,1,6,5,0,4,4,20,20,0,0,0,0,0,0,0,0,7,1,1,1,1,0,0,1,2,0,0,KRBKRNvK,DRAW,8/RK6/8/8/8/8/n3r3/1B3k2 b - - 0 1
0,1,0,0,0,0,0,1,-1,1,0,1,1,1,0,0,0,0,0,16,0,0,4,7,7,3,5,6,1,25,24,0,0,0,0,0,0,0,0,7,1,1,1,1,0,0,0,2,0,0,KRBKRNvK,DRAW,7K/R7/3k4/8/6n1/8/2r5/5B2 b - - 0 1
1,1,0,0,0,0,0,1,-1,1,0,1,1,1,0,0,0,0,0,16,0,0,4,7,7,7,3,6,3,2,0,1,0,0,0,0,0,0,0,7,1,1,1,0,0,0,1,2,0,1,KRBKRNvK,DRAW,7K/2R2B2/6n1/7r/7k/8/8/8 w - - 0 1
0,1,0,0,0,0,0,1,-1,1,0,1,1,1,0,0,0,0,0,16,0,0,3,2,7,5,6,4,3,22,25,0,0,0,0,0,0,0,0,7,1,1,0,0,0,0,2,2,0,0,KRBKRNvK,DRAW,2K5/5k2/8/8/6r1/B2R4/6n1/8 b - - 0 1
0,1,0,0,0,0,0,1,-1,1,0,1,1,1,0,0,0,0,0,16,0,0,4,1,3,0,7,2,6,19,24,0,0,0,0,0,0,0,0,7,1,1,0,0,0,0,3,2,0,1,KRBKRNvK,DRAW,kn6/8/8/5B2/1K2R3/3r4/8/8 b - - 0 1
0,1,0,0,0,0,0,1,-1,1,0,1,1,1,0,0,0,0,0,16,0,0,2,1,7,1,5,5,3,3,0,1,0,0,0,0,0,0,0,7,1,1,0,0,0,0,2,0,0,1,KRBKRNvK,DRAW,1K6/2r5/1k6/8/8/1R6/6B1/4n3 b - - 0 1
0,1,0,0,0,0,0,1,-1,1,0,1,1,1,0,0,0,0,0,16,0,0,3,2,7,5,4,4,1,21,24,0,0,0,0,0,0,0,0,7,1,1,0,1,0,0,3,2,2,0,KRBKRNvK,DRAW,2K5/8/3R1B1n/5k2/8/8/1r6/8 b - - 0 1
0,1,0,0,0,0,0,1,-1,1,0,1,1,1,0,0,0,0,0,16,0,0,6,1,6,7,6,4,5,21,26,0,0,0,0,0,0,0,0,7,1,1,0,0,0,0,0,2,0,0,KRBKRNvK,DRAW,R4n2/1K5k/8/8/3r4/8/8/2B5 b - - 0 1
1,1,0,0,0,0,0,1,-1,1,0,1,1,1,0,0,0,0,0,16,0,0,6,7,7,2,1,6,3,16,18,0,0,0,0,0,0,0,0,7,1,1,0,0,0,0,2,2,0,0,KRBKRNvK,DRAW,n6K/8/3R3B/7r/8/8/2k5/8 w - - 0 1
1,1,0,0,0,0,0,1,-1,1,0,1,1,1,0,0,0,0,0,16,0,0,4,7,2,6,6,4,4,24,26,0,0,0,0,0,0,0,0,7,1,1,0,0,0,0,2,2,0,0,KRBKRNvK,DRAW,2r5/6k1/5n2/8/8/7K/2B1R3/8 w - - 0 1
1,1,0,0,0,0,0,1,-1,1,0,1,1,1,0,0,0,0,0,16,0,0,3,7,6,4,6,5,2,3,0,1,0,0,0,0,0,0,0,7,1,1,0,0,0,0,1,1,1,2,KRBKRNvK,DRAW,5r2/4k2K/4B3/6n1/8/8/8/2R5 w - - 0 1
1,1,0,0,0,0,0,1,-1,1,0,1,1,1,0,0,0,0,0,16,0,0,3,7,4,4,1,3,2,23,22,0,0,0,0,0,0,0,0,7,1,1,0,0,0,0,1,2,0,0,KRBKRNvK,DRAW,1B1n4/8/8/7K/3r4/1R6/4k3/8 w - - 0 1
0,1,0,0,0,0,0,1,-1,1,0,1,1,1,0,0,0,0,0,16,0,0,4,2,5,6,1,2,4,6,0,1,0,0,0,0,0,0,0,7,1,1,0,0,0,0,1,1,0,0,KRBKRNvK,DRAW,8/8/2K5/8/1B6/1n6/R5k1/6r1 b - - 0 1
0,1,0,0,0,0,0,1,-1,1,0,1,1,1,0,0,0,0,0,16,0,0,2,2,7,4,7,4,3,18,23,0,0,0,0,0,0,0,0,7,1,1,0,0,0,0,3,0,1,1,KRBKRNvK,DRAW,2K1k3/6B1/1r6/8/2R5/8/8/7n b - - 0 1
0,1,0,0,0,0,0,1,-1,1,0,1,1,1,0,0,0,0,0,16,0,0,7,6,7,7,0,5,6,19,25,0,0,0,0,0,0,0,0,7,1,1,0,0,0,0,0,2,1,0,KRBKRNvK,DRAW,6K1/8/6R1/8/3rn3/8/8/5B1k b - - 0 1
0,1,0,0,0,0,0,1,-1,1,0,1,1,1,0,0,0,0,0,16,0,0,4,4,7,1,3,3,2,25,17,0,0,0,0,0,0,0,0,7,1,1,0,0,0,0,2,2,0,1,KRBKRNvK,DRAW,4K3/8/3r4/8/1k6/8/6n1/B5R1 b - - 0 1
1,1,0,0,0,0,0,1,-1,1,0,1,1,1,0,0,0,0,0,16,0,0,5,5,7,4,2,4,1,24,22,0,0,0,0,0,0,0,0,7,1,1,0,0,0,0,0,3,0,0,KRBKRNvK,DRAW,5K2/8/8/8/B3r3/n3k3/8/1R6 w - - 0 1
0,1,0,0,0,0,0,1,-1,1,0,1,1,1,0,0,0,0,0,16,0,0,4,1,1,0,5,4,4,22,28,0,0,0,0,0,0,0,0,7,1,1,1,0,0,0,1,2,0,1,KRBKRNvK,DRAW,8/7R/k3r3/5B2/8/8/1K1n4/8 b - - 0 1
0,1,0,0,0,0,0,1,-1,1,0,1,1,1,0,0,0,0,0,16,0,0,4,0,6,4,4,5,0,5,0,1,0,0,0,0,0,0,0,7,1,1,0,0,0,0,3,3,0,1,KRBKRNvK,DRAW,8/KB6/n7/4k2R/r7/8/8/8 b - - 0 1
1,1,0,0,0,0,0,1,-1,1,0,1,1,1,0,0,0,0,0,16,0,0,2,5,6,3,5,3,1,17,25,0,0,0,0,0,0,0,0,7,1,1,0,0,0,0,2,2,1,0,KRBKRNvK,DRAW,4R1B1/5K2/3k4/8/1n6/8/8/2r5 w - - 0 1
1,1,0,0,0,0,0,1,-1,1,0,1,1,1,0,0,0,0,0,16,0,0,4,4,5,1,1,1,4,23,20,0,0,0,0,0,0,0,0,7,1,1,0,0,0,0,2,2,1,0,KRBKRNvK,WIN,8/8/4K3/7r/8/5R2/nk6/3B4 w - - 0 1
1,1,0,0,0,0,0,1,-1,1,0,1,1,1,0,0,0,0,0,16,0,0,5,2,6,2,1,3,3,26,21,0,0,0,0,0,0,0,0,7,1,1,0,0,0,0,2,2,1,0,KRBKRNvK,DRAW,B7/2K5/8/8/3r4/1R6/2k4n/8 w - - 0 1
1,1,0,0,0,0,0,1,-1,1,0,1,1,1,0,0,0,0,0,16,0,0,3,2,6,5,7,3,4,28,18,0,0,0,0,0,0,0,0,7,1,1,0,0,0,0,1,0,1,0,KRBKRNvK,DRAW,5k2/2K5/1R2B3/8/8/8/8/r5n1 w - - 0 1
0,1,0,0,0,0,0,1,-1,1,0,1,1,1,0,0,0,0,0,16,0,0,3,3,4,2,1,0,3,13,24,0,0,0,0,0,0,0,0,7,1,1,0,0,0,0,3,0,1,0,KRBKRNvK,DRAW,8/2B5/8/3K4/8/8/Rnk5/2r5 b - - 0 1
1,1,0,0,0,0,0,1,-1,1,0,1,1,1,0,0,0,0,0,16,0,0,3,3,4,1,1,0,4,30,18,0,0,0,0,0,0,0,0,7,1,1,0,0,0,0,3,0,1,0,KRBKRNvK,DRAW,1n6/6r1/8/3K4/6B1/R7/1k6/8 w - - 0 1
0,1,0,0,0,0,0,1,-1,1,0,1,1,1,0,0,0,0,0,16,0,0,2,7,3,6,5,3,3,6,0,1,0,0,0,0,0,0,0,7,1,1,0,0,0,0,1,2,1,0,KRBKRNvK,DRAW,6R1/3r4/1B4k1/1n6/7K/8/8/8 b - - 0 1
1,1,0,0,0,0,0,1,-1,1,0,1,1,1,0,0,0,0,0,16,0,0,5,0,6,5,6,5,3,19,22,0,0,0,0,0,0,0,0,7,1,1,0,1,0,0,2,1,1,0,KRBKRNvK,DRAW,1B6/K4k2/3R4/8/8/8/2n4r/8 w - - 0 1
1,1,0,0,0,0,0,1,-1,1,0,1,1,1,0,0,0,0,0,16,0,0,5,5,0,6,5,4,3,25,29,0,0,0,0,0,0,0,0,7,1,1,0,0,0,0,2,2,0,0,KRBKRNvK,DRAW,r7/8/2n3k1/8/8/8/3R4/3B1K2 w - - 0 1
1,1,0,0,0,0,0,1,-1,1,0,1,1,1,0,0,0,0,0,16,0,0,3,1,2,4,1,3,2,20,22,0,0,0,0,0,0,0,0,7,1,1,0,0,0,0,0,2,0,1,KRBKRNvK,DRAW,8/8/7B/r3n3/8/1K5R/4k3/8 w - - 0 1
0,1,0,0,0,0,0,1,-1,1,0,1,1,1,0,0,0,0,0,16,0,0,3,3,5,2,2,1,2,6,0,1,0,0,0,0,0,0,0,7,1,1,0,0,0,0,2,1,0,0,KRBKRNvK,DRAW,5B2/8/3K4/n7/8/2k3R1/8/1r6 b - - 0 1
1,1,0,0,0,0,0,1,-1,1,0,1,1,1,0,0,0,0,0,16,0,0,2,4,3,3,1,0,2,26,24,0,0,0,0,0,0,0,0,7,1,1,0,0,0,0,3,0,0,0,KRBKRNvK,DRAW,3n4/8/6R1/8/4K3/r6B/3k4/8 w - - 0 1
1,1,0,0,0,0,0,1,-1,1,0,1,1,1,0,0,0,0,0,16,0,0,5,2,0,7,3,4,3,1,0,1,0,0,0,0,0,0,0,7,1,1,0,0,0,0,0,1,0,1,KRBKRNvK,DRAW,8/8/8/8/7k/1n6/1R1B4/2K2r2 w - - 0 1
0,1,0,0,0,0,0,1,-1,1,0,1,1,1,0,0,0,0,0,16,0,0,3,2,4,4,7,1,3,23,21,0,0,0,0,0,0,0,0,7,1,1,0,0,0,0,2,3,0,1,KRBKRNvK,WIN,4k3/4r3/8/2K5/8/2R5/2n2B2/8 b - - 0 1
0,1,0,0,0,0,0,1,-1,1,0,1,1,1,0,0,0,0,0,16,0,0,4,7,4,3,0,3,3,23,26,0,0,0,0,0,0,0,0,7,1,1,0,0,0,0,3,0,0,1,KRBKRNvK,DRAW,8/1r6/3B4/7K/5R1n/8/8/3k4 b - - 0 1
0,1,0,0,0,0,0,1,-1,1,0,1,1,1,0,0,0,0,0,16,0,0,2,6,4,5,2,2,2,21,26,0,0,0,0,0,0,0,0,7,1,1,0,0,0,0,1,2,0,1,KRBKRNvK,DRAW,2R5/8/5n2/6K1/8/5k2/2B5/5r2 b - - 0 1
0,1,0,0,0,0,0,1,-1,1,0,1,1,1,0,0,0,0,0,16,0,0,4,5,4,1,7,1,5,21,25,0,0,0,0,0,0,0,0,7,1,1,1,0,0,0,3,3,0,1,KRBKRNvK,DRAW,1k6/4R3/8/5K2/2n4r/8/8/B7 b - - 0 1
1,1,0,0,0,0,0,1,-1,1,0,1,1,1,0,0,0,0,0,16,0,0,2,6,7,5,5,5,2,3,0,1,0,0,0,0,0,0,0,7,1,1,0,0,0,0,3,3,0,0,KRBKRNvK,DRAW,6K1/1B6/5k2/1R3n2/6r1/8/8/8 w - - 0 1
1,1,0,0,0,0,0,1,-1,1,0,1,1,1,0,0,0,0,0,16,0,0,6,6,2,0,2,3,4,26,21,0,0,0,0,0,0,0,0,7,1,1,0,0,0,0,2,0,0,0,KRBKRNvK,DRAW,7r/8/6R1/8/8/k4BK1/8/1n6 w - - 0 1
0,1,0,0,0,0,0,1,-1,1,0,1,1,1,0,0,0,0,0,16,0,0,4,0,5,4,4,4,0,4,0,1,0,0,0,0,0,0,0,7,1,1,0,0,0,0,3,4,0,0,KRBKRNvK,DRAW,8/7n/K7/4kr2/1R6/8/7B/8 b - - 0 1
0,1,0,0,0,0,0,1,-1,1,0,1,1,1,0,0,0,0,0,16,0,0,3,2,0,2,3,4,1,7,0,1,0,0,0,0,0,0,0,7,1,1,0,0,0,0,2,2,0,0,KRBKRNvK,DRAW,1B6/8/3r4/1n6/2k2R2/8/8/2K5 b - - 0 1
1,1,0,0,0,0,0,1,-1,1,0,1,1,1,0,0,0,0,0,16,0,0,3,3,4,6,7,0,5,4,0,1,0,0,0,0,0,0,0,7,1,1,0,0,0,0,3,3,1,2,KRBKRNvK,DRAW,5Bk1/8/2R5/3K1r2/8/5n2/8/8 w - - 0 1
0,1,0,0,0,0,0,1,-1,1,0,1,1,1,0,0,0,0,0,16,0,0,2,6,4,4,2,2,1,23,22,0,0,0,0,0,0,0,0,7,1,1,0,0,0,0,1,4,1,2,KRBKRNvK,WIN,5R2/8/5n2/6K1/4r3/4k1B1/8/8 b - - 0 1
1,1,0,0,0,0,0,1,-1,1,0,1,1,1,0,0,0,0,0,16,0,0,4,7,6,7,2,5,4,28,19,0,0,0,0,0,0,0,0,7,1,1,0,0,0,0,2,0,1,0,KRBKRNvK,DRAW,8/7K/8/8/8/2r3Bk/4R3/5n2 w - - 0 1
1,1,0,0,0,0,0,1,-1,1,0,1,1,1,0,0,0,0,0,16,0,0,4,0,7,4,6,6,2,28,24,0,0,0,0,0,0,0,0,7,1,1,0,0,0,0,2,1,1,0,KRBKRNvK,DRAW,K7/4k3/3R4/8/8/1n2B3/8/5r2 w - - 0 1
1,1,0,0,0,0,0,1,-1,1,0,1,1,1,0,0,0,0,0,16,0,0,3,3,4,6,1,0,4,27,25,0,0,0,0,0,0,0,0,7,1,1,0,0,0,0,3,0,0,0,KRBKRNvK,DRAW,8/8/7n/3K4/8/R1B5/6k1/5r2 w - - 0 1
1,1,0,0,0,0,0,1,-1,1,0,1,1,1,0,0,0,0,0,16,0,0,5,1,4,6,0,2,5,31,22,0,0,0,0,0,0,0,0,7,1,1,0,0,0,0,1,2,1,0,KRBKRNvK,DRAW,2R5/5n2/8/1K6/8/4r1B1/8/6k1 w - - 0 1
0,1,0,0,0,0,0,1,-1,1,0,1,1,1,0,0,0,0,0,16,0,0,5,7,2,2,1,4,3,25,25,0,0,0,0,0,0,0,0,7,1,1,0,0,0,0,3,0,0,0,KRBKRNvK,DRAW,8/6r1/4R3/8/8/7K/2k2B2/4n3 b - - 0 1
1,1,0,0,0,0,0,1,-1,1,0,1,1,1,0,0,0,0,0,16,0,0,2,4,1,2,3,2,1,6,0,1,0,0,0,0,0,0,0,7,1,1,0,0,0,0,0,3,0,1,KRBKRNvK,DRAW,7R/8/1n5B/8/2k1r3/8/4K3/8 w - - 0 1
0,1,0,0,0,0,0,1,-1,1,0,1,1,1,0,0,0,0,0,16,0,0,4,1,1,5,1,4,3,26,22,0,0,0,0,0,0,0,0,7,1,1,0,0,0,0,3,1,1,0,KRBKRNvK,DRAW,8/8/6r1/8/4Rn2/8/1K3k2/1B6 b - - 0 1
0,1,0,0,0,0,0,1,-1,1,0,1,1,1,0,0,0,0,0,16,0,0,5,7,0,4,5,6,1,20,23,0,0,0,0,0,0,0,0,7,1,1,1,0,0,0,2,2,1,0,KRBKRNvK,DRAW,6n1/1R6/2B1k3/6r1/8/8/8/7K b - - 0 1
1,1,0,0,0,0,0,1,-1,1,0,1,1,1,0,0,0,0,0,16,0,0,4,3,6,5,2,2,2,6,0,1,0,0,0,0,0,0,0,7,1,1,0,0,0,0,3,2,1,1,KRBKRNvK,DRAW,8/1r1K4/6n1/3R4/8/1B3k2/8/8 w - - 0 1
1,1,0,0,0,0,0,1,-1,1,0,1,1,1,0,0,0,0,0,16,0,0,2,4,3,3,5,0,1,26,17,0,0,0,0,0,0,0,0,7,1,1,0,0,0,0,3,2,1,0,KRBKRNvK,WIN,3r4/8/3k4/8/n2BK3/3R4/8/8 w - - 0 1
0,1,0,0,0,0,0,1,-1,1,0,1,1,1,0,0,0,0,0,16,0,0,5,3,7,3,2,3,1,4,0,1,0,0,0,0,0,0,0,7,1,1,0,0,0,0,0,2,1,0,KRBKRNvK,DRAW,2RK4/8/7n/8/8/3k3r/2B5/8 b - - 0 1
0,1,0,0,0,0,0,1,-1,1,0,1,1,1,0,0,0,0,0,16,0,0,5,1,7,3,2,5,1,21,24,0,0,0,0,0,0,0,0,7,1,1,0,0,0,0,1,2,2,0,KRBKRNvK,DRAW,1K6/8/7r/8/8/3kB3/n7/4R3 b - - 0 1
0,1,0,0,0,0,0,1,-1,1,0,1,1,1,0,0,0,0,0,16,0,0,6,6,1,0,4,4,3,1,0,1,0,0,0,0,0,0,0,7,1,1,1,0,0,0,0,2,2,0,KRBKRNvK,LOSS,8/1R2r3/8/k7/nB6/8/6K1/8 b - - 0 1
1,1,0,0,0,0,0,1,-1,1,0,1,1,1,0,0,0,0,0,16,0,0,2,0,3,1,1,3,4,26,25,0,0,0,0,0,0,0,0,7,1,1,0,0,0,0,1,1,0,0,KRBKRNvK,DRAW,7R/5B2/8/8/K7/6r1/1k3n2/8 w - - 0 1
0,1,0,0,0,0,0,1,-1,1,0,1,1,1,0,0,0,0,0,16,0,0,3,4,3,3,0,0,3,22,29,0,0,0,0,0,0,0,0,7,1,1,0,0,0,0,3,0,0,2,KRBKRNvK,DRAW,8/8/2r5/R7/4K3/6B1/6n1/3k4 b - - 0 1
0,1,0,0,0,0,0,1,-1,1,0,1,1,1,0,0,0,0,0,16,0,0,6,7,6,4,0,5,3,22,26,0,0,0,0,0,0,0,0,7,1,1,0,0,0,0,2,1,0,0,KRBKRNvK,DRAW,2r5/7K/8/3R4/8/8/1B3n2/4k3 b - - 0 1
0,1,0,0,0,0,0,1,-1,1,0,1,1,1,0,0,0,0,0,16,0,0,5,3,6,6,1,2,4,24,22,0,0,0,0,0,0,0,0,7,1,1,0,0,0,0,3,0,0,1,KRBKRNvK,DRAW,1r6/3K4/4R3/8/8/8/Bn4k1/8 b - - 0 1
1,1,0,0,0,0,0,1,-1,1,0,1,1,1,0,0,0,0,0,16,0,0,3,6,5,4,2,3,1,26,18,0,0,0,0,0,0,0,0,7,1,1,0,0,0,0,2,2,1,0,KRBKRNvK,DRAW,8/5B2/6K1/8/8/4k1n1/3R4/6r1 w - - 0 1
1,1,0,0,0,0,0,1,-1,1,0,1,1,1,0,0,0,0,0,16,0,0,3,4,6,1,5,2,3,3,0,1,0,0,0,0,0,0,0,7,1,1,0,0,0,0,2,0,0,2,KRBKRNvK,DRAW,7B/4K3/1k3r2/3n4/8/8/4R3/8 w - - 0 1
0,1,0,0,0,0,0,1,-1,1,0,1,1,1,0,0,0,0,0,16,0,0,3,6,5,3,4,3,0,26,26,0,0,0,0,0,0,0,0,7,1,1,0,0,0,0,0,3,0,1,KRBKRNvK,DRAW,8/8/6Kn/3k2B1/8/8/7R/1r6 b - - 0 1
0,1,0,0,0,0,0,1,-1,1,0,1,1,1,0,0,0,0,0,16,0,0,3,7,6,4,4,5,0,21,26,0,0,0,0,0,0,0,0,7,1,1,0,0,0,0,0,3,0,0,KRBKRNvK,DRAW,4B3/7K/8/4k3/2r5/8/5R2/n7 b - - 0 1
1,1,0,0,0,0,0,1,-1,1,0,1,1,1,0,0,0,0,0,16,0,0,3,6,7,3,5,5,1,21,19,0,0,0,0,0,0,0,0,7,1,1,0,0,0,0,0,3,0,1,KRBKRNvK,DRAW,6K1/n3r3/3k4/8/8/8/2R1B3/8 w - - 0 1
1,1,0,0,0,0,0,1,-1,1,0,1,1,1,0,0,0,0,0,16,0,0,5,3,5,6,0,1,5,25,20,0,0,0,0,0,0,0,0,7,1,1,0,0,0,0,2,2,0,1,KRBKRNvK,DRAW,2B5/8/3K4/3n4/8/3r4/2R5/6k1 w - - 0 1
1,1,0,0,0,0,0,1,-1,1,0,1,1,1,0,0,0,0,0,16,0,0,3,0,2,3,2,4,1,25,25,0,0,0,0,0,0,0,0,7,1,1,1,0,0,0,1,2,0,0,KRBKRNvK,DRAW,8/R7/5r2/8/8/K2k2B1/8/6n1 w - - 0 1
0,1,0,0,0,0,0,1,-1,1,0,1,1,1,0,0,0,0,0,16,0,0,7,6,0,7,7,5,6,21,20,0,0,0,0,0,0,0,0,7,1,1,0,1,0,0,1,1,0,0,KRBKRNvK,DRAW,7k/4n3/8/8/8/4B1R1/2r5/6K1 b - - 0 1
1,1,0,0,0,0,0,1,-1,1,0,1,1,1,0,0,0,0,0,16,0,0,3,5,3,2,6,1,3,24,24,0,0,0,0,0,0,0,0,7,1,1,0,0,0,0,4,1,0,0,KRBKRNvK,DRAW,1r6/2k1n3/8/8/5K2/8/8/3RB3 w - - 0 1
1,1,0,0,0,0,0,1,-1,1,0,1,1,1,0,0,0,0,0,16,0,0,6,5,6,0,0,3,6,23,14,0,0,0,0,0,0,0,0,7,1,1,0,0,0,0,1,2,1,2,KRBKRNvK,DRAW,3r2n1/5K2/8/8/8/1R1B4/8/k7 w - - 0 1
0,1,0,0,0,0,0,1,-1,1,0,1,1,1,0,0,0,0,0,16,0,0,4,4,6,7,2,2,4,19,26,0,0,0,0,0,0,0,0,7,1,1,0,0,0,0,2,0,0,0,KRBKRNvK,DRAW,8/4K2B/8/8/2R5/5r1k/8/1n6 b - - 0 1
1,1,0,0,0,0,0,1,-1,1,0,1,1,1,0,0,0,0,0,16,0,0,2,0,5,0,7,4,6,21,19,0,0,0,0,0,0,0,0,7,1,1,0,0,0,0,2,2,0,1,KRBKRNvK,DRAW,k1r5/8/K7/6B1/5R2/2n5/8/8 w - - 0 1
0,1,0,0,0,0,0,1,-1,1,0,1,1,1,0,0,0,0,0,16,0,0,4,4,5,7,1,1,5,22,15,0,0,0,0,0,0,0,0,7,1,1,0,0,0,0,2,2,0,2,KRBKRNvK,DRAW,6n1/8/1R2K3/2r5/1B6/8/7k/8 b - - 0 1
0,1,0,0,0,0,0,1,-1,1,0,1,1,1,0,0,0,0,0,16,0,0,4,7,1,7,5,5,4,24,24,0,0,0,0,0,0,0,0,7,1,1,0,0,0,0,1,1,0,1,KRBKRNvK,DRAW,8/8/7k/8/8/R7/4nB1K/6r1 b - - 0 1
0,1,0,0,0,0,0,1,-1,1,0,1,1,1,0,0,0,0,0,16,0,0,2,0,0,2,0,6,4,3,0,1,0,0,0,0,0,0,0,7,1,1,0,0,0,0,2,2,0,0,KRBKRNvK,DRAW,8/8/1B6/2R5/5r2/8/8/K1k4n b - - 0 1
1,1,0,0,0,0,0,1,-1,1,0,1,1,1,0,0,0,0,0,16,0,0,2,2,4,0,2,1,4,28,16,0,0,0,0,0,0,0,0,7,1,1,0,0,0,0,3,0,0,1,KRBKRNvK,DRAW,8/r5B1/8/2K5/7n/k7/6R1/8 w - - 0 1
1,1,0,0,0,0,0,1,-1,1,0,1,1,1,0,0,0,0,0,16,0,0,3,2,4,5,3,1,1,20,21,0,0,0,0,0,0,0,0,7,1,1,0,0,0,0,3,2,1,2,KRBKRNvK,DRAW,8/n7/8/2K4R/5k2/B3r3/8/8 w - - 0 1
0,1,0,0,0,0,0,1,-1,1,0,1,1,1,0,0,0,0,0,16,0,0,5,3,6,0,1,2,5,3,0,1,0,0,0,0,0,0,0,7,1,1,0,0,0,0,1,2,0,1,KRBKRNvK,DRAW,8/3Kn3/8/8/r2B4/8/k5R1/8 b - - 0 1
0,1,0,0,0,0,0,1,-1,1,0,1,1,1,0,0,0,0,0,16,0,0,7,1,7,4,0,5,3,2,0,1,0,0,0,0,0,0,0,7,1,1,0,1,0,0,1,3,1,0,KRBKRNvK,DRAW,1K6/8/8/8/5n2/8/4r3/1B2k1R1 b - - 0 1
0,1,0,0,0,0,0,1,-1,1,0,1,1,1,0,0,0,0,0,16,0,0,3,1,3,2,0,2,4,21,24,0,0,0,0,0,0,0,0,7,1,1,0,0,0,0,2,0,0,1,KRBKRNvK,DRAW,6n1/8/8/1B3R2/1K6/2r5/8/2k5 b - - 0 1
1,1,0,0,0,0,0,1,-1,1,0,1,1,1,0,0,0,0,0,16,0,0,4,5,5,5,1,2,3,28,24,0,0,0,0,0,0,0,0,7,1,1,1,0,0,0,1,0,0,0,KRBKRNvK,DRAW,8/7R/n4K2/8/1B6/6r1/5k2/8 w - - 0 1
1,1,0,0,0,0,0,1,-1,1,0,1,1,1,0,0,0,0,0,16,0,0,3,0,0,3,1,6,2,3,0,1,0,0,0,0,0,0,0,7,1,1,1,0,0,0,3,2,0,1,KRBKRNvK,DRAW,8/4R3/1B6/8/1r6/1n6/3k4/K7 w - - 0 1
0,1,0,0,0,0,0,1,-1,1,0,1,1,1,0,0,0,0,0,16,0,0,6,2,1,6,7,3,5,3,0,1,0,0,0,0,0,0,0,7,1,1,0,0,0,0,2,2,0,1,KRBKRNvK,DRAW,3R2k1/8/8/1n6/r7/8/2K1B3/8 b - - 0 1
0,1,0,0,0,0,0,1,-1,1,0,1,1,1,0,0,0,0,0,16,0,0,4,6,4,7,0,2,6,2,0,1,0,0,0,0,0,0,0,7,1,1,0,0,0,0,1,0,0,0,KRBKRNvK,LOSS,8/8/8/6KR/8/8/2B5/nr5k b - - 0 1
1,1,0,0,0,0,0,1,-1,1,0,1,1,1,0,0,0,0,0,16,0,0,3,2,0,5,3,4,1,6,0,1,0,0,0,0,0,0,0,7,1,1,1,0,0,0,2,2,1,0,KRBKRNvK,LOSS,2r2n2/3R4/8/8/5k2/8/4B3/2K5 w - - 0 1
0,1,0,0,0,0,0,1,-1,1,0,1,1,1,0,0,0,0,0,16,0,0,7,2,0,1,7,4,5,19,24,0,0,0,0,0,0,0,0,7,1,1,0,0,0,0,1,2,0,0,KRBKRNvK,DRAW,1k6/n6B/5R2/1r6/8/8/8/2K5 b - - 0 1
0,1,0,0,0,0,0,1,-1,1,0,1,1,1,0,0,0,0,0,16,0,0,7,1,0,1,7,5,5,24,21,0,0,0,0,0,0,0,0,7,1,1,0,0,0,0,2,3,0,1,KRBKRNvK,DRAW,1k6/3r4/7B/7R/8/3n4/8/1K6 b - - 0 1
0,1,0,0,0,0,0,1,-1,1,0,1,1,1,0,0,0,0,0,16,0,0,4,6,5,3,1,3,2,21,24,0,0,0,0,0,0,0,0,7,1,1,0,0,0,0,2,0,0,0,KRBKRNvK,DRAW,8/1r6/4R1K1/8/B7/n7/3k4/8 b - - 0 1
1,1,0,0,0,0,0,1,-1,1,0,1,1,1,0,0,0,0,0,16,0,0,2,4,2,6,3,1,2,24,18,0,0,0,0,0,0,0,0,7,1,1,0,0,0,0,2,2,0,0,KRBKRNvK,DRAW,8/8/1rn5/8/6k1/4K3/8/1B5R w - - 0 1
0,1,0,0,0,0,0,1,-1,1,0,1,1,1,0,0,0,0,0,16,0,0,4,3,0,3,4,3,0,24,23,0,0,0,0,0,0,0,0,7,1,1,0,0,0,0,0,3,0,0,KRBKRNvK,DRAW,8/8/2r5/3k4/8/8/n5R1/3KB3 b - - 0 1
0,1,0,0,0,0,0,1,-1,1,0,1,1,1,0,0,0,0,0,16,0,0,3,4,1,1,0,2,5,5,0,1,0,0,0,0,0,0,0,7,1,1,0,0,0,0,1,3,1,2,KRBKRNvK,DRAW,8/8/8/8/3r4/1R1n4/4K2B/1k6 b - - 0 1
1,1,0,0,0,0,0,1,-1,1,0,1,1,1,0,0,0,0,0,16,0,0,3,5,3,5,0,1,4,7,0,1,0,0,0,0,0,0,0,7,1,1,0,0,0,0,3,2,1,1,KRBKRNvK,DRAW,3r2B1/8/8/7n/5K2/8/4R3/5k2 w - - 0 1
0,1,0,0,0,0,0,1,-1,1,0,1,1,1,0,0,0,0,0,16,0,0,7,7,3,0,5,3,4,21,25,0,0,0,0,0,0,0,0,7,1,1,0,0,0,0,0,1,0,0,KRBKRNvK,DRAW,5R2/8/k7/1r1n4/7K/B7/8/8 b - - 0 1
0,1,0,0,0,0,0,1,-1,1,0,1,1,1,0,0,0,0,0,16,0,0,5,0,1,1,6,5,4,20,27,0,0,0,0,0,0,0,0,7,1,1,0,0,0,0,3,0,1,0,KRBKRNvK,DRAW,8/1k3r2/8/R7/8/2B5/K7/6n1 b - - 0 1
1,1,0,0,0,0,0,1,-1,1,0,1,1,1,0,0,0,0,0,16,0,0,3,5,5,7,2,2,4,33,18,0,0,0,0,0,0,0,0,7,1,1,1,0,0,0,3,1,0,0,KRBKRNvK,DRAW,8/3R4/5K2/2B5/8/7k/2n5/2r5 w - - 0 1
0,1,0,0,0,0,0,1,-1,1,0,1,1,1,0,0,0,0,0,16,0,0,4,3,1,2,5,2,2,7,0,1,0,0,0,0,0,0,0,7,1,1,0,0,0,0,2,2,0,0,KRBKRNvK,DRAW,8/8/2k5/r6n/8/R7/3K2B1/8 b - - 0 1
1,1,0,0,0,0,0,1,-1,1,0,1,1,1,0,0,0,0,0,16,0,0,6,7,5,1,1,4,4,3,0,1,0,0,0,0,0,0,0,7,1,1,0,1,0,0,2,0,0,0,KRBKRNvK,DRAW,4n3/1B6/7K/4R3/8/8/1k5r/8 w - - 0 1
0,1,0,0,0,0,0,1,-1,1,0,1,1,1,0,0,0,0,0,16,0,0,4,6,6,5,2,4,2,6,0,1,0,0,0,0,0,0,0,7,1,1,0,0,0,0,1,2,0,0,KRBKRNvK,DRAW,8/6K1/4B3/8/3r3n/R4k2/8/8 b - - 0 1
0,1,0,0,0,0,0,1,-1,1,0,1,1,1,0,0,0,0,0,16,0,0,5,3,1,3,6,2,2,23,28,0,0,0,0,0,0,0,0,7,1,1,0,0,0,0,1,0,1,0,KRBKRNvK,DRAW,5r2/3k4/1R6/8/7n/4B3/3K4/8 b - - 0 1
0,1,0,0,0,0,0,1,-1,1,0,1,1,1,0,0,0,0,0,16,0,0,4,2,3,6,7,1,5,22,25,0,0,0,0,0,0,0,0,7,1,1,0,0,0,0,2,2,0,0,KRBKRNvK,DRAW,6k1/6n1/8/8/B1K5/1R6/8/4r3 b - - 0 1
0,1,0,0,0,0,0,1,-1,1,0,1,1,1,0,0,0,0,0,16,0,0,6,0,5,6,6,4,4,24,20,0,0,0,0,0,0,0,0,7,1,1,0,0,0,0,0,2,0,0,KRBKRNvK,DRAW,3r4/6k1/K7/8/8/7B/7R/n7 b - - 0 1
0,1,0,0,0,0,0,1,-1,1,0,1,1,1,0,0,0,0,0,16,0,0,4,6,3,2,4,2,1,20,26,0,0,0,0,0,0,0,0,7,1,1,0,0,0,0,0,3,1,1,KRBKRNvK,DRAW,3B4/8/8/1rk3n1/6K1/R7/8/8 b - - 0 1
0,1,0,0,0,0,0,1,-1,1,0,1,1,1,0,0,0,0,0,16,0,0,3,5,2,2,0,2,4,3,0,1,0,0,0,0,0,0,0,7,1,1,0,0,0,0,2,1,1,1,KRBKRNvK,LOSS,8/2r5/8/5n2/2R5/4BK2/8/2k5 b - - 0 1
0,1,0,0,0,0,0,1,-1,1,0,1,1,1,0,0,0,0,0,16,0,0,4,3,1,7,5,2,4,17,22,0,0,0,0,0,0,0,0,7,1,1,0,0,0,0,2,0,0,0,KRBKRNvK,DRAW,n2B4/8/7k/8/8/3R4/3K4/7r b - - 0 1
1,1,0,0,0,0,0,1,-1,1,0,1,1,1,0,0,0,0,0,16,0,0,4,1,6,5,5,4,2,7,0,1,0,0,0,0,0,0,0,7,1,1,0,0,0,0,2,3,0,1,KRBKRNvK,DRAW,8/1K1r2n1/5k2/R7/8/6B1/8/8 w - - 0 1
0,1,0,0,0,0,0,1,-1,1,0,1,1,1,0,0,0,0,0,16,0,0,2,1,7,0,5,5,4,18,23,0,0,0,0,0,0,0,0,7,1,1,0,0,0,0,0,2,1,0,KRBKRNvK,DRAW,1KR5/4B3/k6n/8/r7/8/8/8 b - - 0 1
1,1,0,0,0,0,0,1,-1,1,0,1,1,1,0,0,0,0,0,16,0,0,3,4,7,7,5,3,4,3,0,1,0,0,0,0,0,0,0,7,1,1,0,0,0,0,2,0,0,0,KRBKRNvK,DRAW,4K2r/8/2B4k/8/8/8/1n6/R7 w - - 0 1
1,1,0,0,0,0,0,1,-1,1,0,1,1,1,0,0,0,0,0,16,0,0,2,1,6,3,7,4,3,30,25,0,0,0,0,0,0,0,0,7,1,1,0,0,0,0,1,0,0,0,KRBKRNvK,DRAW,3k4/1K6/8/3Bn3/8/R7/8/5r2 w - - 0 1
0,1,0,0,0,0,0,1,-1,1,0,1,1,1,0,0,0,0,0,16,0,0,3,5,3,6,0,1,5,21,21,0,0,0,0,0,0,0,0,7,1,1,0,0,0,0,3,0,0,1,KRBKRNvK,DRAW,8/8/8/R7/B4K2/6r1/8/1n4k1 b - - 0 1
0,1,0,0,0,0,0,1,-1,1,0,1,1,1,0,0,0,0,0,16,0,0,6,0,7,6,6,6,4,28,22,0,0,0,0,0,0,0,0,7,1,1,0,1,0,0,2,1,0,0,KRBKRNvK,DRAW,K1B5/6k1/8/8/1nR5/8/5r2/8 b - - 0 1
1,1,0,0,0,0,0,1,-1,1,0,1,1,1,0,0,0,0,0,16,0,0,3,5,5,5,2,2,2,5,0,1,0,0,0,0,0,0,0,7,1,1,0,0,0,0,2,2,0,2,KRBKRNvK,DRAW,8/5B1r/1R3K2/8/6n1/5k2/8/8 w - - 0 1
1,1,0,0,0,0,0,1,-1,1,0,1,1,1,0,0,0,0,0,16,0,0,3,0,1,3,2,5,1,25,25,0,0,0,0,0,0,0,0,7,1,1,0,0,0,0,2,2,1,0,KRBKRNvK,DRAW,6B1/6r1/8/5R2/8/3k3n/K7/8 w - - 0 1
1,1,0,0,0,0,0,1,-1,1,0,1,1,1,0,0,0,0,0,16,0,0,6,6,0,1,6,5,4,5,0,1,0,0,0,0,0,0,0,7,1,1,0,0,0,0,1,3,0,0,KRBKRNvK,DRAW,8/1k6/3nB3/6r1/8/8/7R/6K1 w - - 0 1
0,1,0,0,0,0,0,1,-1,1,0,1,1,1,0,0,0,0,0,16,0,0,2,2,7,4,7,4,3,1,0,1,0,0,0,0,0,0,0,7,1,1,0,0,0,0,2,0,1,0,KRBKRNvK,DRAW,2KRk3/6r1/8/n7/8/B7/8/8 b - - 0 1
1,1,0,0,0,0,0,1,-1,1,0,1,1,1,0,0,0,0,0,16,0,0,5,6,2,1,3,3,2,20,22,0,0,0,0,0,0,0,0,7,1,1,1,0,0,0,0,2,0,1,KRBKRNvK,DRAW,8/6R1/8/8/1k2r2B/6K1/8/n7 w - - 0 1
0,1,0,0,0,0,0,1,-1,1,0,1,1,1,0,0,0,0,0,16,0,0,6,0,3,6,2,3,3,24,22,0,0,0,0,0,0,0,0,7,1,1,0,0,0,0,2,1,1,0,KRBKRNvK,DRAW,8/1r6/B7/5R2/K5n1/6k1/8/8 b - - 0 1
0,1,0,0,0,0,0,1,-1,1,0,1,1,1,0,0,0,0,0,16,0,0,5,2,3,7,6,1,5,23,20,0,0,0,0,0,0,0,0,7,1,1,1,0,0,0,2,1,0,1,KRBKRNvK,WIN,8/2RB3k/8/8/2K5/8/4n3/7r b - - 0 1
1,1,0,0,0,0,0,1,-1,1,0,1,1,1,0,0,0,0,0,16,0,0,4,2,2,6,1,2,4,6,0,1,0,0,0,0,0,0,0,7,1,1,0,0,0,0,2,0,1,1,KRBKRNvK,DRAW,8/8/8/8/8/2K5/3RB1k1/2r4n w - - 0 1
1,1,0,0,0,0,0,1,-1,1,0,1,1,1,0,0,0,0,0,16,0,0,4,6,7,2,4,5,1,30,21,0,0,0,0,0,0,0,0,7,1,1,0,1,0,0,2,3,0,0,KRBKRNvK,DRAW,6K1/8/2n2B2/2k5/8/8/2r5/1R6 w - - 0 1
0,1,0,0,0,0,0,1,-1,1,0,1,1,1,0,0,0,0,0,16,0,0,3,1,4,1,1,2,4,13,24,0,0,0,0,0,0,0,0,7,1,1,0,0,0,0,0,0,0,0,KRBKRNvK,DRAW,7n/1B6/2R5/1K6/8/8/1k6/1r6 b - - 0 1
0,1,0,0,0,0,0,1,-1,1,0,1,1,1,0,0,0,0,0,16,0,0,7,0,0,5,7,6,4,21,22,0,0,0,0,0,0,0,0,7,1,1,0,1,0,0,4,0,1,0,KRBKRNvK,DRAW,5k2/8/5B2/n7/3R4/8/7r/K7 b - - 0 1
1,1,0,0,0,0,0,1,-1,1,0,1,1,1,0,0,0,0,0,16,0,0,3,3,4,6,2,0,3,16,27,0,0,0,0,0,0,0,0,7,1,1,0,0,0,0,4,2,0,1,KRBKRNvK,DRAW,8/8/3R4/3K4/1r6/6k1/B4n2/8 w - - 0 1
0,1,0,0,0,0,0,1,-1,1,0,1,1,1,0,0,0,0,0,16,0,0,6,1,6,6,0,4,5,11,23,0,0,0,0,0,0,0,0,7,1,1,0,0,0,0,1,3,0,0,KRBKRNvK,LOSS,8/1K6/1B2n2R/8/8/4r3/8/6k1 b - - 0 1
0,1,0,0,0,0,0,1,-1,1,0,1,1,1,0,0,0,0,0,16,0,0,3,4,5,1,6,1,4,23,21,0,0,0,0,0,0,0,0,7,1,1,0,0,0,0,2,0,0,0,KRBKRNvK,DRAW,8/1k5r/n3K1R1/8/8/8/8/4B3 b - - 0 1
0,1,0,0,0,0,0,1,-1,1,0,1,1,1,0,0,0,0,0,16,0,0,5,0,7,1,2,6,3,25,25,0,0,0,0,0,0,0,0,7,1,1,0,0,0,0,0,3,0,0,KRBKRNvK,DRAW,K7/4B3/8/1n6/3r4/1k6/8/5R2 b - - 0 1
1,1,0,0,0,0,0,1,-1,1,0,1,1,1,0,0,0,0,0,16,0,0,6,1,0,7,0,5,6,26,19,0,0,0,0,0,0,0,0,7,1,1,0,0,0,0,2,0,0,0,KRBKRNvK,DRAW,7n/6r1/8/8/5R2/B7/8/1K5k w - - 0 1
0,1,0,0,0,0,0,1,-1,1,0,1,1,1,0,0,0,0,0,16,0,0,3,5,7,2,5,4,2,28,21,0,0,0,0,0,0,0,0,7,1,1,0,1,0,0,1,1,0,0,KRBKRNvK,DRAW,5K2/8/2k5/8/8/4nRB1/1r6/8 b - - 0 1
0,1,0,0,0,0,0,1,-1,1,0,1,1,1,0,0,0,0,0,16,0,0,3,7,5,4,2,4,1,5,0,1,0,0,0,0,0,0,0,7,1,1,0,0,0,0,0,3,1,0,KRBKRNvK,DRAW,8/4n3/7K/8/7B/2R1k3/8/5r2 b - - 0 1
1,1,0,0,0,0,0,1,-1,1,0,1,1,1,0,0,0,0,0,16,0,0,3,6,6,3,5,4,1,22,15,0,0,0,0,0,0,0,0,7,1,1,0,0,0,0,2,2,1,0,KRBKRNvK,DRAW,n7/1r1B2K1/3k4/7R/8/8/8/8 w - - 0 1
0,1,0,0,0,0,0,1,-1,1,0,1,1,1,0,0,0,0,0,16,0,0,4,1,3,5,7,2,4,20,30,0,0,0,0,0,0,0,0,7,1,1,0,0,0,0,2,0,0,0,KRBKRNvK,DRAW,5k1n/6r1/8/8/1K6/7R/1B6/8 b - - 0 1
0,1,0,0,0,0,0,1,-1,1,0,1,1,1,0,0,0,0,0,16,0,0,4,0,3,4,3,3,0,24,25,0,0,0,0,0,0,0,0,7,1,1,0,0,0,0,0,4,1,0,KRBKRNvK,DRAW,8/8/8/7B/K3k3/6R1/3n4/2r5 b - - 0 1
1,1,0,0,0,0,0,1,-1,1,0,1,1,1,0,0,0,0,0,16,0,0,6,7,1,4,7,5,3,25,14,0,0,0,0,0,0,0,0,7,1,1,0,0,0,0,1,2,0,0,KRBKRNvK,DRAW,1B1rk3/6n1/8/8/8/5R2/7K/8 w - - 0 1
1,1,0,0,0,0,0,1,-1,1,0,1,1,1,0,0,0,0,0,16,0,0,5,6,2,2,7,3,4,27,25,0,0,0,0,0,0,0,0,7,1,1,0,0,0,0,1,1,0,1,KRBKRNvK,DRAW,2k5/8/8/8/1n6/1B4K1/5R2/7r w - - 0 1
1,1,0,0,0,0,0,1,-1,1,0,1,1,1,0,0,0,0,0,16,0,0,4,7,2,3,3,4,0,6,0,1,0,0,0,0,0,0,0,7,1,1,0,0,0,0,2,4,2,0,KRBKRNvK,DRAW,1n6/8/8/5R2/3k4/3r3K/3B4/8 w - - 0 1
0,1,0,0,0,0,0,1,-1,1,0,1,1,1,0,0,0,0,0,16,0,0,4,7,4,3,0,3,3,4,0,1,0,0,0,0,0,0,0,7,1,1,0,0,0,0,0,0,1,0,KRBKRNvK,DRAW,5r2/8/8/7K/8/8/4B1R1/3k1n2 b - - 0 1
1,1,0,0,0,0,0,1,-1,1,0,1,1,1,0,0,0,0,0,16,0,0,5,1,7,2,2,5,2,24,23,0,0,0,0,0,0,0,0,7,1,1,0,0,0,0,2,2,1,0,KRBKRNvK,DRAW,1K6/8/7B/8/2r5/2k5/5n2/4R3 w - - 0 1
0,1,0,0,0,0,0,1,-1,1,0,1,1,1,0,0,0,0,0,16,0,0,6,1,0,0,6,5,5,22,27,0,0,0,0,0,0,0,0,7,1,1,0,0,0,0,3,2,0,2,KRBKRNvK,DRAW,8/k5B1/8/8/2R5/3r4/8/1K1n4 b - - 0 1
0,1,0,0,0,0,0,1,-1,1,0,1,1,1,0,0,0,0,0,16,0,0,2,6,5,4,3,3,0,20,25,0,0,0,0,0,0,0,0,7,1,1,0,0,0,0,0,3,0,0,KRBKRNvK,DRAW,5R2/2r5/B5K1/8/4k3/8/8/n7 b - - 0 1
0,1,0,0,0,0,0,1,-1,1,0,1,1,1,0,0,0,0,0,16,0,0,6,5,6,7,0,3,6,21,21,0,0,0,0,0,0,0,0,7,1,1,0,1,0,0,2,2,0,0,KRBKRNvK,DRAW,5B2/5K2/3R4/8/8/8/4r3/3n3k b - - 0 1
0,1,0,0,0,0,0,1,-1,1,0,1,1,1,0,0,0,0,0,16,0,0,7,0,3,7,7,3,6,1,0,1,0,0,0,0,0,0,0,7,1,1,0,0,0,0,1,0,0,0,KRBKRNvK,DRAW,6rk/8/8/8/K4B2/7R/8/7n b - - 0 1
0,1,0,0,0,0,0,1,-1,1,0,1,1,1,0,0,0,0,0,16,0,0,4,7,7,3,5,6,1,17,23,0,0,0,0,0,0,0,0,7,1,1,1,0,0,0,2,3,0,0,KRBKRNvK,DRAW,Bn5K/R7/3k4/8/8/3r4/8/8 b - - 0 1
0,1,0,0,0,0,0,1,-1,1,0,1,1,1,0,0,0,0,0,16,0,0,4,6,5,2,4,3,1,27,26,0,0,0,0,0,0,0,0,7,1,1,1,0,0,0,3,4,1,0,KRBKRNvK,WIN,8/3R4/6K1/2k5/r7/5n2/8/1B6 b - - 0 1
0,1,0,0,0,0,0,1,-1,1,0,1,1,1,0,0,0,0,0,16,0,0,7,3,7,6,0,3,5,18,25,0,0,0,0,0,0,0,0,7,1,1,1,0,0,0,2,2,0,0,KRBKRNvK,DRAW,3K3n/1BR5/8/8/6r1/8/8/6k1 b - - 0 1
1,1,0,0,0,0,0,1,-1,1,0,1,1,1,0,0,0,0,0,16,0,0,3,5,5,6,2,2,3,22,29,0,0,0,0,0,0,0,0,7,1,1,0,0,0,0,2,2,0,1,KRBKRNvK,DRAW,8/7B/R4K2/1r6/3n4/6k1/8/8 w - - 0 1
0,1,0,0,0,0,0,1,-1,1,0,1,1,1,0,0,0,0,0,16,0,0,2,5,4,3,2,1,1,4,0,1,0,0,0,0,0,0,0,7,1,1,0,0,0,0,3,3,1,0,KRBKRNvK,DRAW,3B4/8/8/3R1K2/2n5/r2k4/8/8 b - - 0 1
1,1,0,0,0,0,0,1,-1,1,0,1,1,1,0,0,0,0,0,16,0,0,4,0,2,4,2,4,1,28,19,0,0,0,0,0,0,0,0,7,1,1,0,0,0,0,3,4,2,1,KRBKRNvK,DRAW,8/8/8/2r5/7n/K1B1k3/3R4/8 w - - 0 1
0,1,0,0,0,0,0,1,-1,1,0,1,1,1,0,0,0,0,0,16,0,0,3,5,7,5,4,4,1,20,29,0,0,0,0,0,0,0,0,7,1,1,0,1,0,0,1,4,0,1,KRBKRNvK,DRAW,5K1n/8/8/5k2/2B5/8/3r4/6R1 b - - 0 1
0,1,0,0,0,0,0,1,-1,1,0,1,1,1,0,0,0,0,0,16,0,0,5,2,6,7,2,3,4,2,0,1,0,0,0,0,0,0,0,7,1,1,1,0,0,0,1,0,0,0,KRBKRNvK,DRAW,8/2K4R/3B4/8/4n3/7k/8/5r2 b - - 0 1
0,1,0,0,0,0,0,1,-1,1,0,1,1,1,0,0,0,0,0,16,0,0,2,6,0,5,2,5,2,21,21,0,0,0,0,0,0,0,0,7,1,1,0,0,0,0,2,1,0,0,KRBKRNvK,DRAW,3R4/6B1/5r2/n7/8/5k2/8/6K1 b - - 0 1
0,1,0,0,0,0,0,1,-1,1,0,1,1,1,0,0,0,0,0,16,0,0,5,4,5,5,0,1,4,21,27,0,0,0,0,0,0,0,0,7,1,1,0,1,0,0,3,0,1,0,KRBKRNvK,WIN,8/8/R3K3/8/8/n4B2/7r/5k2 b - - 0 1
1,1,0,0,0,0,0,1,-1,1,0,1,1,1,0,0,0,0,0,16,0,0,4,5,4,2,0,1,4,19,20,0,0,0,0,0,0,0,0,7,1,1,0,1,0,0,2,0,2,0,KRBKRNvK,DRAW,8/8/8/5K2/8/8/7r/RBk3n1 w - - 0 1
1,1,0,0,0,0,0,1,-1,1,0,1,1,1,0,0,0,0,0,16,0,0,2,2,4,4,3,1,0,23,18,0,0,0,0,0,0,0,0,7,1,1,0,0,0,0,2,3,1,1,KRBKRNvK,DRAW,8/3r2n1/8/2K5/4k3/5R2/8/6B1 w - - 0 1
0,1,0,0,0,0,0,1,-1,1,0,1,1,1,0,0,0,0,0,16,0,0,6,5,1,2,7,3,4,3,0,1,0,0,0,0,0,0,0,7,1,1,0,0,0,0,0,2,1,1,KRBKRNvK,DRAW,2k5/8/1R6/8/8/7B/2n2K2/3r4 b - - 0 1
1,1,0,0,0,0,0,1,-1,1,0,1,1,1,0,0,0,0,0,16,0,0,7,0,3,7,6,3,5,3,0,1,0,0,0,0,0,0,0,7,1,1,0,0,0,0,0,1,0,1,KRBKRNvK,DRAW,8/7k/1n6/8/K7/7B/1R6/r7 w - - 0 1
0,1,0,0,0,0,0,1,-1,1,0,1,1,1,0,0,0,0,0,16,0,0,3,0,3,3,2,3,1,22,26,0,0,0,0,0,0,0,0,7,1,1,0,0,0,0,2,2,2,0,KRBKRNvK,DRAW,2n5/8/6r1/2B5/KR6/3k4/8/8 b - - 0 1
0,1,0,0,0,0,0,1,-1,1,0,1,1,1,0,0,0,0,0,16,0,0,4,5,4,7,0,1,6,25,28,0,0,0,0,0,0,0,0,7,1,1,0,0,0,0,2,3,0,1,KRBKRNvK,DRAW,R7/3r4/7B/5K2/2n5/8/8/7k b - - 0 1
0,1,0,0,0,0,0,1,-1,1,0,1,1,1,0,0,0,0,0,16,0,0,4,6,0,2,1,5,3,20,29,0,0,0,0,0,0,0,0,7,1,1,1,0,0,0,2,2,0,1,KRBKRNvK,DRAW,8/1R6/5B2/3r4/8/8/2k5/6Kn b - - 0 1
0,1,0,0,0,0,0,1,-1,1,0,1,1,1,0,0,0,0,0,16,0,0,3,3,4,2,1,0,3,26,24,0,0,0,0,0,0,0,0,7,1,1,0,0,0,0,3,0,1,1,KRBKRNvK,DRAW,8/8/6r1/1B1Kn3/8/4R3/2k5/8 b - - 0 1
0,1,0,0,0,0,0,1,-1,1,0,1,1,1,0,0,0,0,0,16,0,0,5,6,7,3,2,5,1,17,25,0,0,0,0,0,0,0,0,7,1,1,0,1,0,0,3,2,0,1,KRBKRNvK,DRAW,6K1/7n/8/R7/8/3k4/3r4/7B b - - 0 1
1,1,0,0,0,0,0,1,-1,1,0,1,1,1,0,0,0,0,0,16,0,0,6,5,1,1,7,3,5,28,21,0,0,0,0,0,0,0,0,7,1,1,0,0,0,0,0,0,0,0,KRBKRNvK,DRAW,1k4r1/8/8/nB6/8/7R/5K2/8 w - - 0 1
0,1,0,0,0,0,0,1,-1,1,0,1,1,1,0,0,0,0,0,16,0,0,5,5,6,0,3,3,3,18,29,0,0,0,0,0,0,0,0,7,1,1,0,0,0,0,2,2,0,0,KRBKRNvK,DRAW,8/5K2/8/n5R1/k1r5/8/8/4B3 b - - 0 1
1,1,0,0,0,0,0,1,-1,1,0,1,1,1,0,0,0,0,0,16,0,0,4,6,7,5,3,5,1,29,26,0,0,0,0,0,0,0,0,7,1,1,0,0,0,0,2,3,2,0,KRBKRNvK,DRAW,6K1/8/4B3/1n6/5k2/8/3R4/2r5 w - - 0 1
0,1,0,0,0,0,0,1,-1,1,0,1,1,1,0,0,0,0,0,16,0,0,2,7,3,5,5,3,2,24,24,0,0,0,0,0,0,0,0,7,1,1,0,1,0,0,0,3,0,1,KRBKRNvK,DRAW,2R5/8/5k1n/8/7K/B7/3r4/8 b - - 0 1
1,1,0,0,0,0,0,1,-1,1,0,1,1,1,0,0,0,0,0,16,0,0,3,4,5,1,7,1,5,27,20,0,0,0,0,0,0,0,0,7,1,1,1,0,0,0,2,1,0,0,KRBKRNvK,DRAW,1k6/5R2/4K3/8/8/8/3n4/2r2B2 w - - 0 1
1,1,0,0,0,0,0,1,-1,1,0,1,1,1,0,0,0,0,0,16,0,0,7,7,4,0,3,3,3,4,0,1,0,0,0,0,0,0,0,7,1,1,0,1,0,0,2,0,0,0,KRBKRNvK,DRAW,8/8/8/7K/k3B3/4R3/7r/1n6 w - - 0 1
1,1,0,0,0,0,0,1,-1,1,0,1,1,1,0,0,0,0,0,16,0,0,5,0,5,1,0,4,5,24,18,0,0,0,0,0,0,0,0,7,1,1,0,0,0,0,0,2,0,0,KRBKRNvK,DRAW,4B3/4r2n/K7/8/8/8/5R2/1k6 w - - 0 1
0,1,0,0,0,0,0,1,-1,1,0,1,1,1,0,0,0,0,0,16,0,0,6,4,1,2,7,2,4,21,17,0,0,0,0,0,0,0,0,7,1,1,0,0,0,0,0,0,0,0,KRBKRNvK,DRAW,2k5/8/n7/B7/8/7r/4K3/4R3 b - - 0 1
0,1,0,0,0,0,0,1,-1,1,0,1,1,1,0,0,0,0,0,16,0,0,6,0,0,4,6,6,2,28,19,0,0,0,0,0,0,0,0,7,1,1,0,1,0,0,0,2,0,0,KRBKRNvK,DRAW,8/4k3/8/1n6/8/7R/3r4/K3B3 b - - 0 1
0,1,0,0,0,0,0,1,-1,1,0,1,1,1,0,0,0,0,0,16,0,0,2,5,5,3,3,2,0,24,19,0,0,0,0,0,0,0,0,7,1,1,0,0,0,0,2,4,1,1,KRBKRNvK,DRAW,4r3/8/5KR1/1n6/3k4/8/2B5/8 b - - 0 1
0,1,0,0,0,0,0,1,-1,1,0,1,1,1,0,0,0,0,0,16,0,0,4,5,1,1,1,3,4,24,23,0,0,0,0,0,0,0,0,7,1,1,0,0,0,0,2,0,0,1,KRBKRNvK,DRAW,5B2/n7/8/8/5R2/7r/1k3K2/8 b - - 0 1
1,1,0,0,0,0,0,1,-1,1,0,1,1,1,0,0,0,0,0,16,0,0,5,5,3,0,5,1,4,5,0,1,0,0,0,0,0,0,0,7,1,1,0,1,0,0,2,1,0,2,KRBKRNvK,DRAW,8/5B2/k3nR2/8/5K2/8/5r2/8 w - - 0 1
0,1,0,0,0,0,0,1,-1,1,0,1,1,1,0,0,0,0,0,16,0,0,4,3,6,4,2,2,1,21,26,0,0,0,0,0,0,0,0,7,1,1,0,0,0,0,0,2,1,0,KRBKRNvK,DRAW,r7/3K4/5R2/8/6B1/4k3/6n1/8 b - - 0 1
0,1,0,0,0,0,0,1,-1,1,0,1,1,1,0,0,0,0,0,16,0,0,2,5,6,7,7,3,6,1,0,1,0,0,0,0,0,0,0,7,1,1,0,0,0,0,0,1,1,0,KRBKRNvK,DRAW,5R1k/5K2/Br6/8/2n5/8/8/8 b - - 0 1
1,1,0,0,0,0,0,1,-1,1,0,1,1,1,0,0,0,0,0,16,0,0,4,7,2,6,6,4,4,4,0,1,0,0,0,0,0,0,0,7,1,1,0,0,0,0,2,1,0,1,KRBKRNvK,DRAW,8/6k1/2r5/8/2B5/3R3K/5n2/8 w - - 0 1
0,1,0,0,0,0,0,1,-1,1,0,1,1,1,0,0,0,0,0,16,0,0,6,7,5,1,1,4,4,5,0,1,0,0,0,0,0,0,0,7,1,1,0,0,0,0,1,1,0,0,KRBKRNvK,DRAW,r7/7B/7K/2n5/8/8/1k3R2/8 b - - 0 1
1,1,0,0,0,0,0,1,-1,1,0,1,1,1,0,0,0,0,0,16,0,0,2,4,7,5,5,3,2,26,23,0,0,0,0,0,0,0,0,7,1,1,1,0,0,0,1,1,0,0,KRBKRNvK,WIN,4K3/1R6/5k2/8/2n5/5r2/5B2/8 w - - 0 1
1,1,0,0,0,0,0,1,-1,1,0,1,1,1,0,0,0,0,0,16,0,0,5,6,5,1,1,3,4,26,22,0,0,0,0,0,0,0,0,7,1,1,0,0,0,0,2,2,0,0,KRBKRNvK,DRAW,B7/8/5RK1/n7/r7/8/1k6/8 w - - 0 1
0,1,0,0,0,0,0,1,-1,1,0,1,1,1,0,0,0,0,0,16,0,0,5,7,6,3,1,5,2,25,26,0,0,0,0,0,0,0,0,7,1,1,0,0,0,0,2,2,0,1,KRBKRNvK,DRAW,4r3/3B2nK/8/R7/8/8/3k4/8 b - - 0 1
1,1,0,0,0,0,0,1,-1,1,0,1,1,1,0,0,0,0,0,16,0,0,4,7,3,3,3,3,0,26,17,0,0,0,0,0,0,0,0,7,1,1,0,1,0,0,2,4,0,0,KRBKRNvK,DRAW,8/7B/8/8/n2k3K/8/3r4/4R3 w - - 0 1
0,1,0,0,0,0,0,1,-1,1,0,1,1,1,0,0,0,0,0,16,0,0,2,2,5,4,7,2,3,4,0,1,0,0,0,0,0,0,0,7,1,1,0,0,0,0,3,2,0,1,KRBKRNvK,DRAW,4k3/1B6/2K5/8/3r4/4R3/8/1n6 b - - 0 1
0,1,0,0,0,0,0,1,-1,1,0,1,1,1,0,0,0,0,0,16,0,0,6,3,0,5,6,3,3,25,25,0,0,0,0,0,0,0,0,7,1,1,0,0,0,0,1,1,0,0,KRBKRNvK,DRAW,1B6/5k2/r3n3/8/8/8/1R6/3K4 b - - 0 1
0,1,0,0,0,0,0,1,-1,1,0,1,1,1,0,0,0,0,0,16,0,0,5,4,2,6,7,1,5,4,0,1,0,0,0,0,0,0,0,7,1,1,0,0,0,0,2,1,1,1,KRBKRNvK,DRAW,6k1/8/6R1/8/8/1r1nK3/8/6B1 b - - 0 1
1,1,0,0,0,0,0,1,-1,1,0,1,1,1,0,0,0,0,0,16,0,0,2,2,3,0,3,1,3,26,15,0,0,0,0,0,0,0,0,7,1,1,1,0,0,0,3,2,0,1,KRBKRNvK,DRAW,2n5/7R/8/r7/k1K5/6B1/8/8 w - - 0 1
1,1,0,0,0,0,0,1,-1,1,0,1,1,1,0,0,0,0,0,16,0,0,2,3,3,1,1,0,4,30,16,0,0,0,0,0,0,0,0,7,1,1,1,0,0,0,3,0,0,0,KRBKRNvK,DRAW,5n2/7R/8/6B1/3K4/8/1k6/1r6 w - - 0 1
0,1,0,0,0,0,0,1,-1,1,0,1,1,1,0,0,0,0,0,16,0,0,6,7,0,1,2,6,3,5,0,1,0,0,0,0,0,0,0,7,1,1,0,0,0,0,0,0,1,1,KRBKRNvK,DRAW,2r1B3/8/8/8/8/1k6/6n1/1R5K b - - 0 1
0,1,0,0,0,0,0,1,-1,1,0,1,1,1,0,0,0,0,0,16,0,0,4,7,1,5,5,5,2,23,25,0,0,0,0,0,0,0,0,7,1,1,0,0,0,0,0,3,1,0,KRBKRNvK,DRAW,8/8/3r1k2/7B/4n3/R7/7K/8 b - - 0 1
0,1,0,0,0,0,0,1,-1,1,0,1,1,1,0,0,0,0,0,16,0,0,5,7,4,2,6,3,3,6,0,1,0,0,0,0,0,0,0,7,1,1,0,0,0,0,1,0,0,1,KRBKRNvK,DRAW,2n5/2k3r1/8/7K/5B2/7R/8/8 b - - 0 1
1,1,0,0,0,0,0,1,-1,1,0,1,1,1,0,0,0,0,0,16,0,0,2,5,5,7,6,2,5,26,20,0,0,0,0,0,0,0,0,7,1,1,0,0,0,0,3,0,0,0,KRBKRNvK,DRAW,8/7k/3R1K2/8/8/r7/4B3/6n1 w - - 0 1
0,1,0,0,0,0,0,1,-1,1,0,1,1,1,0,0,0,0,0,16,0,0,6,0,0,6,2,6,3,3,0,1,0,0,0,0,0,0,0,7,1,1,1,1,0,0,0,0,1,1,KRBKRNvK,LOSS,8/7R/8/8/8/6k1/1r4nB/K7 b - - 0 1
0,1,0,0,0,0,0,1,-1,1,0,1,1,1,0,0,0,0,0,16,0,0,4,2,0,3,4,4,0,17,29,0,0,0,0,0,0,0,0,7,1,1,0,0,0,0,1,3,2,0,KRBKRNvK,DRAW,r7/8/1R6/n2k4/5B2/8/8/2K5 b - - 0 1
1,1,0,0,0,0,0,1,-1,1,0,1,1,1,0,0,0,0,0,16,0,0,3,7,2,4,1,4,2,25,20,0,0,0,0,0,0,0,0,7,1,1,0,0,0,0,2,2,1,1,KRBKRNvK,DRAW,8/8/R7/8/8/4r1nK/4k1B1/8 w - - 0 1
0,1,0,0,0,0,0,1,-1,1,0,1,1,1,0,0,0,0,0,16,0,0,4,1,4,3,0,2,3,2,0,1,0,0,0,0,0,0,0,7,1,1,0,0,0,0,0,4,0,0,KRBKRNvK,DRAW,8/8/5n2/1K6/B3r3/8/8/R2k4 b - - 0 1
1,1,0,0,0,0,0,1,-1,1,0,1,1,1,0,0,0,0,0,16,0,0,5,0,4,5,2,3,2,5,0,1,0,0,0,0,0,0,0,7,1,1,0,0,0,0,3,1,1,1,KRBKRNvK,DRAW,6Br/1n6/8/K7/6R1/5k2/8/8 w - - 0 1
0,1,0,0,0,0,0,1,-1,1,0,1,1,1,0,0,0,0,0,16,0,0,5,0,0,3,5,6,1,21,22,0,0,0,0,0,0,0,0,7,1,1,0,1,0,0,2,2,0,1,KRBKRNvK,DRAW,5n2/8/3k4/6R1/8/7B/1r6/K7 b - - 0 1
0,1,0,0,0,0,0,1,-1,1,0,1,1,1,0,0,0,0,0,16,0,0,4,1,3,5,7,2,4,20,20,0,0,0,0,0,0,0,0,7,1,1,1,0,0,0,1,2,1,0,KRBKRNvK,DRAW,1B3k2/6nR/8/6r1/1K6/8/8/8 b - - 0 1
0,1,0,0,0,0,0,1,-1,1,0,1,1,1,0,0,0,0,0,16,0,0,3,7,6,6,3,5,2,24,25,0,0,0,0,0,0,0,0,7,1,1,0,1,0,0,2,0,0,1,KRBKRNvK,DRAW,7n/6BK/R7/8/6k1/8/1r6/8 b - - 0 1
0,1,0,0,0,0,0,1,-1,1,0,1,1,1,0,0,0,0,0,16,0,0,5,7,4,2,6,3,3,18,27,0,0,0,0,0,0,0,0,7,1,1,0,0,0,0,0,0,0,0,KRBKRNvK,DRAW,2r5/2k5/8/3n3K/8/1R6/4B3/8 b - - 0 1
1,1,0,0,0,0,0,1,-1,1,0,1,1,1,0,0,0,0,0,16,0,0,2,3,3,4,5,0,1,23,17,0,0,0,0,0,0,0,0,7,1,1,0,0,0,0,4,3,1,2,KRBKRNvK,DRAW,8/8/2B1kr2/8/R2K4/8/5n2/8 w - - 0 1
1,1,0,0,0,0,0,1,-1,1,0,1,1,1,0,0,0,0,0,16,0,0,5,4,5,4,0,1,3,27,17,0,0,0,0,0,0,0,0,7,1,1,0,0,0,0,3,0,1,0,KRBKRNvK,DRAW,8/r7/4K3/3R4/8/n7/4B3/4k3 w - - 0 1
0,1,0,0,0,0,0,1,-1,1,0,1,1,1,0,0,0,0,0,16,0,0,3,4,3,2,0,0,4,21,20,0,0,0,0,0,0,0,0,7,1,1,0,0,0,0,3,2,0,0,KRBKRNvK,WIN,1R6/1n6/8/1r6/4K3/7B/8/2k5 b - - 0 1
0,1,0,0,0,0,0,1,-1,1,0,1,1,1,0,0,0,0,0,16,0,0,2,4,3,4,5,0,1,3,0,1,0,0,0,0,0,0,0,7,1,1,0,1,0,0,3,2,2,2,KRBKRNvK,DRAW,8/6B1/2R1k3/8/4K1n1/8/5r2/8 b - - 0 1
0,1,0,0,0,0,0,1,-1,1,0,1,1,1,0,0,0,0,0,16,0,0,3,7,2,5,5,4,2,25,24,0,0,0,0,0,0,0,0,7,1,1,0,0,0,0,3,2,0,1,KRBKRNvK,DRAW,8/1B6/5k2/8/8/4R2K/3n4/6r1 b - - 0 1
0,1,0,0,0,0,0,1,-1,1,0,1,1,1,0,0,0,0,0,16,0,0,5,2,0,7,0,4,6,2,0,1,0,0,0,0,0,0,0,7,1,1,0,0,0,0,1,0,0,0,KRBKRNvK,DRAW,1n6/8/r1R5/3B4/8/8/8/2K4k b - - 0 1
1,1,0,0,0,0,0,1,-1,1,0,1,1,1,0,0,0,0,0,16,0,0,2,5,5,7,6,2,5,28,22,0,0,0,0,0,0,0,0,7,1,1,0,0,0,0,3,2,1,1,KRBKRNvK,DRAW,3r4/7k/5K2/6R1/8/4B3/4n3/8 w - - 0 1
1,1,0,0,0,0,0,1,-1,1,0,1,1,1,0,0,0,0,0,16,0,0,6,6,0,4,6,5,2,26,25,0,0,0,0,0,0,0,0,7,1,1,0,0,0,0,2,1,0,0,KRBKRNvK,DRAW,r7/4k2B/8/6n1/3R4/8/8/6K1 w - - 0 1
0,1,0,0,0,0,0,1,-1,1,0,1,1,1,0,0,0,0,0,16,0,0,4,1,6,5,3,4,1,5,0,1,0,0,0,0,0,0,0,7,1,1,0,0,0,0,1,2,1,0,KRBKRNvK,DRAW,4n3/1K3B2/8/8/5kr1/8/5R2/8 b - - 0 1
0,1,0,0,0,0,0,1,-1,1,0,1,1,1,0,0,0,0,0,16,0,0,4,2,4,6,5,1,3,28,27,0,0,0,0,0,0,0,0,7,1,1,0,0,0,0,2,1,0,0,KRBKRNvK,WIN,7r/8/B5k1/2K5/8/8/3R1n2/8 b - - 0 1
1,1,0,0,0,0,0,1,-1,1,0,1,1,1,0,0,0,0,0,16,0,0,4,2,4,6,1,1,4,29,26,0,0,0,0,0,0,0,0,7,1,1,0,0,0,0,2,0,0,1,KRBKRNvK,WIN,5R2/8/8/2K1n3/8/1B6/6k1/7r w - - 0 1
0,1,0,0,0,0,0,1,-1,1,0,1,1,1,0,0,0,0,0,16,0,0,5,1,6,3,1,4,2,6,0,1,0,0,0,0,0,0,0,7,1,1,0,1,0,0,0,0,1,0,KRBKRNvK,DRAW,5R2/1K6/8/8/1B6/7n/r2k4/8 b - - 0 1
0,1,0,0,0,0,0,1,-1,1,0,1,1,1,0,0,0,0,0,16,0,0,6,1,7,4,1,5,2,7,0,1,0,0,0,0,0,0,0,7,1,1,0,0,0,0,2,2,1,0,KRBKRNvK,DRAW,1K2R3/8/8/r7/3n1B2/8/4k3/8 b - - 0 1
0,1,0,0,0,0,0,1,-1,1,0,1,1,1,0,0,0,0,0,16,0,0,7,0,0,7,6,6,5,27,20,0,0,0,0,0,0,0,0,7,1,1,1,1,0,0,0,2,0,0,KRBKRNvK,DRAW,8/2R1B2k/8/8/5n2/8/3r4/K7 b - - 0 1
1,1,0,0,0,0,0,1,-1,1,0,1,1,1,0,0,0,0,0,16,0,0,6,7,0,5,6,6,3,24,17,0,0,0,0,0,0,0,0,7,1,1,0,0,0,0,0,1,2,0,KRBKRNvK,DRAW,3B4/3r1k2/6R1/3n4/8/8/8/7K w - - 0 1
0,1,0,0,0,0,0,1,-1,1,0,1,1,1,0,0,0,0,0,16,0,0,6,7,0,4,6,6,2,20,23,0,0,0,0,0,0,0,0,7,1,1,0,0,0,0,0,2,0,1,KRBKRNvK,DRAW,1R6/4k3/4r3/B7/8/8/8/5n1K b - - 0 1
0,1,0,0,0,0,0,1,-1,1,0,1,1,1,0,0,0,0,0,16,0,0,2,6,1,4,3,4,0,17,22,0,0,0,0,0,0,0,0,7,1,1,0,0,0,0,1,4,0,0,KRBKRNvK,DRAW,6Rn/8/8/4r3/4k3/8/6KB/8 b - - 0 1
0,1,0,0,0,0,0,1,-1,1,0,1,1,1,0,0,0,0,0,16,0,0,2,6,4,5,2,2,2,21,26,0,0,0,0,0,0,0,0,7,1,1,0,1,0,0,1,1,0,0,KRBKRNvK,DRAW,8/8/R5B1/6K1/8/5k2/1r6/7n b - - 0 1
1,1,0,0,0,0,0,1,-1,1,0,1,1,1,0,0,0,0,0,16,0,0,3,5,2,2,4,2,1,27,22,0,0,0,0,0,0,0,0,7,1,1,0,0,0,0,2,2,1,0,KRBKRNvK,DRAW,8/3B4/1n6/2k5/5R2/5K2/8/r7 w - - 0 1
1,1,0,0,0,0,0,1,-1,1,0,1,1,1,0,0,0,0,0,16,0,0,4,7,0,4,4,6,0,2,0,1,0,0,0,0,0,0,0,7,1,1,1,0,0,0,1,4,1,0,KRBKRNvK,DRAW,8/1R4n1/8/3Bk2r/8/8/8/7K w - - 0 1
1,1,0,0,0,0,0,1,-1,1,0,1,1,1,0,0,0,0,0,16,0,0,3,0,0,0,3,6,3,22,27,0,0,0,0,0,0,0,0,7,1,1,0,0,0,0,1,1,0,0,KRBKRNvK,DRAW,8/7r/8/8/k7/3n4/6R1/K5B1 w - - 0 1
1,1,0,0,0,0,0,1,-1,1,0,1,1,1,0,0,0,0,0,16,0,0,3,2,7,0,4,4,3,27,23,0,0,0,0,0,0,0,0,7,1,1,0,0,0,0,2,3,0,1,KRBKRNvK,DRAW,2K5/8/2n5/k7/6R1/4B3/8/3r4 w - - 0 1
0,1,0,0,0,0,0,1,-1,1,0,1,1,1,0,0,0,0,0,16,0,0,5,5,0,0,5,4,4,2,0,1,0,0,0,0,0,0,0,7,1,1,0,0,0,0,1,0,2,0,KRBKRNvK,DRAW,R4n2/8/k6r/8/2B5/8/8/5K2 b - - 0 1
1,1,0,0,0,0,0,1,-1,1,0,1,1,1,0,0,0,0,0,16,0,0,6,7,4,1,2,3,3,25,20,0,0,0,0,0,0,0,0,7,1,1,0,1,0,0,2,1,1,0,KRBKRNvK,DRAW,1B6/8/8/3R3K/1n6/1k6/1r6/8 w - - 0 1
0,1,0,0,0,0,0,1,-1,1,0,1,1,1,0,0,0,0,0,16,0,0,6,1,3,7,3,2,3,26,21,0,0,0,0,0,0,0,0,7,1,1,0,0,0,0,2,2,0,0,KRBKRNvK,DRAW,8/3r4/B7/R3n3/1K5k/8/8/8 b - - 0 1
1,1,0,0,0,0,0,1,-1,1,0,1,1,1,0,0,0,0,0,16,0,0,6,0,1,6,0,5,5,24,20,0,0,0,0,0,0,0,0,7,1,1,1,0,0,0,0,1,1,0,KRBKRNvK,DRAW,6r1/R7/8/8/8/6nB/K7/6k1 w - - 0 1
1,1,0,0,0,0,0,1,-1,1,0,1,1,1,0,0,0,0,0,16,0,0,2,3,2,4,0,1,3,21,23,0,0,0,0,0,0,0,0,7,1,1,0,0,0,0,2,1,0,0,KRBKRNvK,DRAW,8/5r2/7B/8/8/R2K2n1/8/4k3 w - - 0 1
1,1,0,0,0,0,0,1,-1,1,0,1,1,1,0,0,0,0,0,16,0,0,6,7,7,2,1,6,3,24,24,0,0,0,0,0,0,0,0,7,1,1,0,0,0,0,3,0,0,1,KRBKRNvK,DRAW,7K/1B3r2/4R3/8/8/8/2k5/6n1 w - - 0 1
1,1,0,0,0,0,0,1,-1,1,0,1,1,1,0,0,0,0,0,16,0,0,4,4,3,0,7,0,6,20,21,0,0,0,0,0,0,0,0,7,1,1,0,1,0,0,4,0,0,1,KRBKRNvK,DRAW,k1nB4/8/8/8/4K2R/8/5r2/8 w - - 0 1
1,1,0,0,0,0,0,1,-1,1,0,1,1,1,0,0,0,0,0,16,0,0,4,0,5,4,6,4,2,2,0,1,0,0,0,0,0,0,0,7,1,1,0,0,0,0,0,3,0,1,KRBKRNvK,DRAW,8/4k3/K7/r7/8/1n6/8/2B2R2 w - - 0 1
1,1,0,0,0,0,0,1,-1,1,0,1,1,1,0,0,0,0,0,16,0,0,3,4,5,7,4,1,3,19,24,0,0,0,0,0,0,0,0,7,1,1,0,0,0,0,2,0,1,1,KRBKRNvK,DRAW,8/8/4K1R1/7k/4n3/8/B7/2r5 w - - 0 1
1,1,0,0,0,0,0,1,-1,1,0,1,1,1,0,0,0,0,0,16,0,0,3,2,3,3,0,1,3,26,16,0,0,0,0,0,0,0,0,7,1,1,0,0,0,0,4,0,0,0,KRBKRNvK,DRAW,8/8/4R3/7n/2K5/8/7B/1r1k4 w - - 0 1
1,1,0,0,0,0,0,1,-1,1,0,1,1,1,0,0,0,0,0,16,0,0,6,6,7,0,2,5,4,4,0,1,0,0,0,0,0,0,0,7,1,1,0,0,0,0,2,3,0,1,KRBKRNvK,LOSS,6K1/4n1B1/8/3R4/4r3/k7/8/8 w - - 0 1
0,1,0,0,0,0,0,1,-1,1,0,1,1,1,0,0,0,0,0,16,0,0,5,0,5,5,4,4,1,6,0,1,0,0,0,0,0,0,0,7,1,1,0,0,0,0,0,3,1,1,KRBKRNvK,LOSS,8/8/K7/1r3k2/8/7B/1n6/7R b - - 0 1
1,1,0,0,0,0,0,1,-1,1,0,1,1,1,0,0,0,0,0,16,0,0,2,1,6,1,4,4,2,5,0,1,0,0,0,0,0,0,0,7,1,1,0,1,0,0,1,3,0,1,KRBKRNvK,LOSS,8/1K6/8/1kn5/8/8/2Br2R1/8 w - - 0 1
0,1,0,0,0,0,0,1,-1,1,0,1,1,1,0,0,0,0,0,16,0,0,6,0,1,6,4,5,2,24,26,0,0,0,0,0,0,0,0,7,1,1,1,0,0,0,3,3,0,0,KRBKRNvK,DRAW,8/3R4/4n3/6k1/8/4r3/K1B5/8 b - - 0 1
0,1,0,0,0,0,0,1,-1,1,0,1,1,1,0,0,0,0,0,16,0,0,6,7,2,1,5,4,3,5,0,1,0,0,0,0,0,0,0,7,1,1,0,0,0,0,1,1,1,0,KRBKRNvK,DRAW,8/8/1k6/r2B4/8/1R5K/1n6/8 b - - 0 1
0,1,0,0,0,0,0,1,-1,1,0,1,1,1,0,0,0,0,0,16,0,0,2,6,5,4,6,3,2,25,23,0,0,0,0,0,0,0,0,7,1,1,0,0,0,0,2,2,0,1,KRBKRNvK,DRAW,B7/4k3/6K1/7r/3R4/4n3/8/8 b - - 0 1
0,1,0,0,0,0,0,1,-1,1,0,1,1,1,0,0,0,0,0,16,0,0,5,5,1,7,6,3,5,21,27,0,0,0,0,0,0,0,0,7,1,1,0,0,0,0,2,2,0,0,KRBKRNvK,DRAW,3R4/7k/8/8/r7/8/5K2/2nB4 b - - 0 1
0,1,0,0,0,0,0,1,-1,1,0,1,1,1,0,0,0,0,0,16,0,0,4,0,3,4,0,3,3,23,23,0,0,0,0,0,0,0,0,7,1,1,1,0,0,0,1,2,0,1,KRBKRNvK,DRAW,8/1R6/8/8/K7/2r2n2/8/1B2k3 b - - 0 1
0,1,0,0,0,0,0,1,-1,1,0,1,1,1,0,0,0,0,0,16,0,0,6,3,6,1,0,2,5,27,21,0,0,0,0,0,0,0,0,7,1,1,0,0,0,0,0,2,0,1,KRBKRNvK,DRAW,8/3K2B1/5R2/2r5/3n4/8/8/1k6 b - - 0 1
1,1,0,0,0,0,0,1,-1,1,0,1,1,1,0,0,0,0,0,16,0,0,4,3,7,5,3,3,1,4,0,1,0,0,0,0,0,0,0,7,1,1,0,0,0,0,2,3,0,1,KRBKRNvK,DRAW,B2K3R/8/4n3/8/5k2/1r6/8/8 w - - 0 1
1,1,0,0,0,0,0,1,-1,1,0,1,1,1,0,0,0,0,0,16,0,0,3,5,4,2,7,1,4,7,0,1,0,0,0,0,0,0,0,7,1,1,0,0,0,0,3,0,0,1,KRBKRNvK,DRAW,2k5/6n1/8/5K2/8/2r2B2/R7/8 w - - 0 1
1,1,0,0,0,0,0,1,-1,1,0,1,1,1,0,0,0,0,0,16,0,0,4,2,2,4,6,2,2,23,25,0,0,0,0,0,0,0,0,7,1,1,0,0,0,0,2,2,0,2,KRBKRNvK,DRAW,8/4k3/8/n7/6R1/2K5/8/3r2B1 w - - 0 1
1,1,0,0,0,0,0,1,-1,1,0,1,1,1,0,0,0,0,0,16,0,0,7,0,4,7,4,3,3,24,21,0,0,0,0,0,0,0,0,7,1,1,0,0,0,0,0,0,0,0,KRBKRNvK,DRAW,2Bn4/8/6r1/K6k/8/8/5R2/8 w - - 0 1
0,1,0,0,0,0,0,1,-1,1,0,1,1,1,0,0,0,0,0,16,0,0,5,4,2,2,7,1,4,6,0,1,0,0,0,0,0,0,0,7,1,1,0,0,0,0,2,2,0,1,KRBKRNvK,DRAW,2k5/8/4n3/B2r4/2R5/4K3/8/8 b - - 0 1
0,1,0,0,0,0,0,1,-1,1,0,1,1,1,0,0,0,0,0,16,0,0,5,1,7,0,2,5,4,24,23,0,0,0,0,0,0,0,0,7,1,1,0,0,0,0,0,3,0,0,KRBKRNvK,DRAW,1K6/5n2/2R5/8/8/k2r4/8/5B2 b - - 0 1
1,1,0,0,0,0,0,1,-1,1,0,1,1,1,0,0,0,0,0,16,0,0,2,4,3,6,5,0,3,6,0,1,0,0,0,0,0,0,0,7,1,1,0,0,0,0,3,2,0,0,KRBKRNvK,DRAW,8/8/6k1/8/r3K3/8/1B6/2nR4 w - - 0 1
1,1,0,0,0,0,0,1,-1,1,0,1,1,1,0,0,0,0,0,16,0,0,4,6,3,5,7,2,4,6,0,1,0,0,0,0,0,0,0,7,1,1,0,0,0,0,2,0,0,0,KRBKRNvK,DRAW,5k2/8/8/3n4/6K1/3R4/8/2B3r1 w - - 0 1
1,1,0,0,0,0,0,1,-1,1,0,1,1,1,0,0,0,0,0,16,0,0,4,4,5,5,1,1,3,25,24,0,0,0,0,0,0,0,0,7,1,1,0,0,0,0,3,2,0,1,KRBKRNvK,WIN,R6B/8/4K3/2r5/8/8/5k2/6n1 w - - 0 1
0,1,0,0,0,0,0,1,-1,1,0,1,1,1,0,0,0,0,0,16,0,0,3,2,3,1,0,1,5,4,0,1,0,0,0,0,0,0,0,7,1,1,0,1,0,0,2,3,0,1,KRBKRNvK,DRAW,3B4/5n2/8/8/2K5/8/3r4/1k3R2 b - - 0 1
0,1,0,0,0,0,0,1,-1,1,0,1,1,1,0,0,0,0,0,16,0,0,4,4,1,0,3,2,3,23,20,0,0,0,0,0,0,0,0,7,1,1,0,0,0,0,1,2,0,1,KRBKRNvK,DRAW,6B1/8/8/8/k1r5/1n6/4KR2/8 b - - 0 1
0,1,0,0,0,0,0,1,-1,1,0,1,1,1,0,0,0,0,0,16,0,0,2,5,6,3,7,3,3,4,0,1,0,0,0,0,0,0,0,7,1,1,0,0,0,0,0,2,0,0,KRBKRNvK,DRAW,3k4/5K2/8/8/7B/3nr3/6R1/8 b - - 0 1
1,1,0,0,0,0,0,1,-1,1,0,1,1,1,0,0,0,0,0,16,0,0,2,4,3,6,2,0,3,5,0,1,0,0,0,0,0,0,0,7,1,1,1,0,0,0,3,1,0,1,KRBKRNvK,DRAW,1B6/2R5/3n4/8/4K3/6k1/8/r7 w - - 0 1
1,1,0,0,0,0,0,1,-1,1,0,1,1,1,0,0,0,0,0,16,0,0,4,4,3,3,7,0,3,26,23,0,0,0,0,0,0,0,0,7,1,1,0,0,0,0,3,2,0,1,KRBKRNvK,DRAW,3k4/8/8/R7/4K3/1r3nB1/8/8 w - - 0 1
0,1,0,0,0,0,0,1,-1,1,0,1,1,1,0,0,0,0,0,16,0,0,4,4,4,0,0,0,6,1,0,1,0,0,0,0,0,0,0,7,1,1,0,0,0,0,4,0,0,0,KRBKRNvK,DRAW,B7/8/8/R3K3/8/8/8/kr1n4 b - - 0 1
0,1,0,0,0,0,0,1,-1,1,0,1,1,1,0,0,0,0,0,16,0,0,2,4,6,6,5,2,3,3,0,1,0,0,0,0,0,0,0,7,1,1,0,0,0,0,2,1,1,2,KRBKRNvK,LOSS,4B3/4K3/2r1n1k1/R7/8/8/8/8 b - - 0 1
1,1,0,0,0,0,0,1,-1,1,0,1,1,1,0,0,0,0,0,16,0,0,3,2,7,1,4,4,2,23,19,0,0,0,0,0,0,0,0,7,1,1,0,1,0,0,2,0,0,1,KRBKRNvK,DRAW,2KB4/8/n7/1k6/8/8/1r6/4R3 w - - 0 1
0,1,0,0,0,0,0,1,-1,1,0,1,1,1,0,0,0,0,0,16,0,0,4,1,4,5,4,2,1,6,0,1,0,0,0,0,0,0,0,7,1,1,0,0,0,0,1,2,0,0,KRBKRNvK,DRAW,8/8/6r1/1K2nk2/8/8/7R/1B6 b - - 0 1
0,1,0,0,0,0,0,1,-1,1,0,1,1,1,0,0,0,0,0,16,0,0,4,6,2,7,6,3,5,3,0,1,0,0,0,0,0,0,0,7,1,1,0,0,0,0,0,1,0,0,KRBKRNvK,DRAW,8/7k/rn6/8/B7/6K1/8/7R b - - 0 1
0,1,0,0,0,0,0,1,-1,1,0,1,1,1,0,0,0,0,0,16,0,0,5,3,7,4,2,3,1,5,0,1,0,0,0,0,0,0,0,7,1,1,1,1,0,0,2,2,0,0,KRBKRNvK,DRAW,3K4/4R3/8/8/7B/4k3/r7/7n b - - 0 1
1,1,0,0,0,0,0,1,-1,1,0,1,1,1,0,0,0,0,0,16,0,0,3,7,3,4,1,3,2,23,19,0,0,0,0,0,0,0,0,7,1,1,1,1,0,0,1,1,0,1,KRBKRNvK,DRAW,8/5R2/6B1/2n5/7K/8/4k1r1/8 w - - 0 1
1,1,0,0,0,0,0,1,-1,1,0,1,1,1,0,0,0,0,0,16,0,0,2,4,2,6,4,1,2,4,0,1,0,0,0,0,0,0,0,7,1,1,0,0,0,0,3,4,0,1,KRBKRNvK,DRAW,8/8/2n5/4r1k1/8/4K3/B3R3/8 w - - 0 1
0,1,0,0,0,0,0,1,-1,1,0,1,1,1,0,0,0,0,0,16,0,0,4,1,7,5,4,5,1,21,24,0,0,0,0,0,0,0,0,7,1,1,0,0,0,0,1,2,0,0,KRBKRNvK,DRAW,1K4n1/8/8/5k2/8/5r2/8/R5B1 b - - 0 1
1,1,0,0,0,0,0,1,-1,1,0,1,1,1,0,0,0,0,0,16,0,0,3,4,3,3,0,0,3,30,19,0,0,0,0,0,0,0,0,7,1,1,0,0,0,0,3,1,1,0,KRBKRNvK,DRAW,8/2rn4/8/1R6/4K3/8/5B2/3k4 w - - 0 1
0,1,0,0,0,0,0,1,-1,1,0,1,1,1,0,0,0,0,0,16,0,0,4,3,3,7,1,0,5,4,0,1,0,0,0,0,0,0,0,7,1,1,0,0,0,0,3,1,1,1,KRBKRNvK,DRAW,8/8/3n4/4R3/3K1B2/7r/7k/8 b - - 0 1
1,1,0,0,0,0,0,1,-1,1,0,1,1,1,0,0,0,0,0,16,0,0,5,7,0,2,0,6,4,24,21,0,0,0,0,0,0,0,0,7,1,1,0,0,0,0,1,2,1,0,KRBKRNvK,DRAW,1n6/8/R7/8/5r2/8/8/1Bk4K w - - 0 1
1,1,0,0,0,0,0,1,-1,1,0,1,1,1,0,0,0,0,0,16,0,0,3,4,3,7,5,0,4,23,22,0,0,0,0,0,0,0,0,7,1,1,0,0,0,0,4,0,1,0,KRBKRNvK,DRAW,8/1r6/n6k/8/4K2B/8/8/4R3 w - - 0 1
0,1,0,0,0,0,0,1,-1,1,0,1,1,1,0,0,0,0,0,16,0,0,6,5,0,7,6,4,5,21,26,0,0,0,0,0,0,0,0,7,1,1,0,0,0,0,0,2,0,0,KRBKRNvK,DRAW,4r3/7k/1R6/8/8/8/3B4/2n2K2 b - - 0 1
1,1,0,0,0,0,0,1,-1,1,0,1,1,1,0,0,0,0,0,16,0,0,3,1,3,3,0,2,3,19,26,0,0,0,0,0,0,0,0,7,1,1,0,0,0,0,1,0,0,1,KRBKRNvK,DRAW,8/5r1B/8/8/RK1n4/8/8/3k4 w - - 0 1
0,1,0,0,0,0,0,1,-1,1,0,1,1,1,0,0,0,0,0,16,0,0,6,1,3,7,1,2,5,25,24,0,0,0,0,0,0,0,0,7,1,1,0,0,0,0,3,2,0,0,KRBKRNvK,DRAW,4r3/8/8/6n1/1K1R4/8/1B5k/8 b - - 0 1
0,1,0,0,0,0,0,1,-1,1,0,1,1,1,0,0,0,0,0,16,0,0,5,5,7,0,6,4,5,21,17,0,0,0,0,0,0,0,0,7,1,1,0,0,0,0,1,2,0,0,KRBKRNvK,DRAW,5K2/k7/n7/6r1/8/8/7B/7R b - - 0 1
1,1,0,0,0,0,0,1,-1,1,0,1,1,1,0,0,0,0,0,16,0,0,3,7,0,7,3,6,3,17,18,0,0,0,0,0,0,0,0,7,1,1,0,0,0,0,0,1,1,0,KRBKRNvK,DRAW,8/2n5/8/8/7k/6R1/8/r3B2K w - - 0 1
1,1,0,0,0,0,0,1,-1,1,0,1,1,1,0,0,0,0,0,16,0,0,5,5,4,0,6,1,5,26,23,0,0,0,0,0,0,0,0,7,1,1,0,0,0,0,2,3,0,0,KRBKRNvK,DRAW,3B4/k7/8/5K2/r7/2n5/8/6R1 w - - 0 1
0,1,0,0,0,0,0,1,-1,1,0,1,1,1,0,0,0,0,0,16,0,0,7,4,0,1,7,3,5,21,24,0,0,0,0,0,0,0,0,7,1,1,0,0,0,0,3,2,0,0,KRBKRNvK,DRAW,1k5B/8/8/nr6/8/8/4R3/4K3 b - - 0 1
1,1,0,0,0,0,0,1,-1,1,0,1,1,1,0,0,0,0,0,16,0,0,3,3,5,6,6,1,4,7,0,1,0,0,0,0,0,0,0,7,1,1,0,0,0,0,2,0,1,1,KRBKRNvK,LOSS,3B3R/6k1/3K2r1/8/3n4/8/8/8 w - - 0 1
1,1,0,0,0,0,0,1,-1,1,0,1,1,1,0,0,0,0,0,16,0,0,6,6,3,0,6,2,5,26,23,0,0,0,0,0,0,0,0,7,1,1,0,1,0,0,1,1,1,1,KRBKRNvK,DRAW,2R5/k7/8/8/6K1/1n6/5r2/1B6 w - - 0 1
1,1,0,0,0,0,0,1,-1,1,0,1,1,1,0,0,0,0,0,16,0,0,6,1,6,3,0,4,3,30,23,0,0,0,0,0,0,0,0,7,1,1,0,0,0,0,2,2,0,0,KRBKRNvK,DRAW,8/1K6/3B4/6R1/r7/8/8/3k1n2 w - - 0 1
0,1,0,0,0,0,0,1,-1,1,0,1,1,1,0,0,0,0,0,16,0,0,3,1,2,4,2,3,1,7,0,1,0,0,0,0,0,0,0,7,1,1,0,0,0,0,3,2,0,1,KRBKRNvK,DRAW,8/B7/7r/1R6/8/1K2k3/1n6/8 b - - 0 1
1,1,0,0,0,0,0,1,-1,1,0,1,1,1,0,0,0,0,0,16,0,0,3,0,2,3,1,4,2,3,0,1,0,0,0,0,0,0,0,7,1,1,0,0,0,0,1,1,0,1,KRBKRNvK,DRAW,8/8/1n5R/8/8/K7/3k3B/r7 w - - 0 1
0,1,0,0,0,0,0,1,-1,1,0,1,1,1,0,0,0,0,0,16,0,0,5,1,0,6,4,5,2,22,26,0,0,0,0,0,0,0,0,7,1,1,0,0,0,0,0,2,1,0,KRBKRNvK,DRAW,3r4/8/n7/6k1/8/7B/5R2/1K6 b - - 0 1
0,1,0,0,0,0,0,1,-1,1,0,1,1,1,0,0,0,0,0,16,0,0,3,7,2,4,3,4,0,22,21,0,0,0,0,0,0,0,0,7,1,1,0,0,0,0,2,4,0,0,KRBKRNvK,DRAW,3B4/4r3/5n2/R7/4k3/7K/8/8 b - - 0 1
0,1,0,0,0,0,0,1,-1,1,0,1,1,1,0,0,0,0,0,16,0,0,4,2,2,6,1,2,4,7,0,1,0,0,0,0,0,0,0,7,1,1,0,0,0,0,1,2,0,0,KRBKRNvK,DRAW,8/B7/3r4/8/5n2/2K5/1R4k1/8 b - - 0 1
0,1,0,0,0,0,0,1,-1,1,0,1,1,1,0,0,0,0,0,16,0,0,3,5,1,7,4,3,3,21,26,0,0,0,0,0,0,0,0,7,1,1,0,0,0,0,2,0,0,0,KRBKRNvK,DRAW,2r5/8/8/7k/4B3/8/5K2/2n1R3 b - - 0 1
0,1,0,0,0,0,0,1,-1,1,0,1,1,1,0,0,0,0,0,16,0,0,5,1,3,6,4,2,2,21,28,0,0,0,0,0,0,0,0,7,1,1,0,0,0,0,3,1,0,0,KRBKRNvK,DRAW,3R4/2n5/6r1/6k1/1K6/3B4/8/8 b - - 0 1
0,1,0,0,0,0,0,1,-1,1,0,1,1,1,0,0,0,0,0,16,0,0,2,4,4,3,2,0,1,4,0,1,0,0,0,0,0,0,0,7,1,1,0,0,0,0,3,2,1,1,KRBKRNvK,DRAW,5r2/8/8/4K3/2B3R1/3k2n1/8/8 b - - 0 1
1,1,0,0,0,0,0,1,-1,1,0,1,1,1,0,0,0,0,0,16,0,0,2,2,1,3,3,3,0,3,0,1,0,0,0,0,0,0,0,7,1,1,0,0,0,0,2,3,2,1,KRBKRNvK,LOSS,8/8/8/1B2R3/1n1k4/8/2K5/7r w - - 0 1
0,1,0,0,0,0,0,1,-1,1,0,1,1,1,0,0,0,0,0,16,0,0,3,2,5,5,7,2,4,15,26,0,0,0,0,0,0,0,0,7,1,1,0,0,0,0,4,0,1,1,KRBKRNvK,DRAW,5k1r/1n6/2K1R3/8/8/8/5B2/8 b - - 0 1
0,1,0,0,0,0,0,1,-1,1,0,1,1,1,0,0,0,0,0,16,0,0,4,5,3,6,7,1,5,5,0,1,0,0,0,0,0,0,0,7,1,1,0,0,0,0,3,2,0,0,KRBKRNvK,DRAW,6k1/6n1/8/1r6/2B2K2/8/8/5R2 b - - 0 1
1,1,0,0,0,0,0,1,-1,1,0,1,1,1,0,0,0,0,0,16,0,0,5,5,1,4,6,3,2,31,23,0,0,0,0,0,0,0,0,7,1,1,0,0,0,0,3,2,0,0,KRBKRNvK,DRAW,3r4/4k3/n7/1R6/8/3B4/5K2/8 w - - 0 1
0,1,0,0,0,0,0,1,-1,1,0,1,1,1,0,0,0,0,0,16,0,0,6,0,0,1,6,6,4,26,29,0,0,0,0,0,0,0,0,7,1,1,0,0,0,0,1,1,0,0,KRBKRNvK,DRAW,6R1/1k6/4n3/4B3/8/7r/8/K7 b - - 0 1
0,1,0,0,0,0,0,1,-1,1,0,1,1,1,0,0,0,0,0,16,0,0,4,1,3,5,4,2,1,22,32,0,0,0,0,0,0,0,0,7,1,1,0,0,0,0,1,3,1,1,KRBKRNvK,WIN,8/8/8/3B1k2/1K1n4/R7/8/3r4 b - - 0 1
1,1,0,0,0,0,0,1,-1,1,0,1,1,1,0,0,0,0,0,16,0,0,5,6,1,6,6,4,4,20,27,0,0,0,0,0,0,0,0,7,1,1,0,0,0,0,0,3,0,1,KRBKRNvK,DRAW,8/6k1/1n6/8/7r/8/3B2K1/6R1 w - - 0 1
0,1,0,0,0,0,0,1,-1,1,0,1,1,1,0,0,0,0,0,16,0,0,3,7,7,6,4,6,2,7,0,1,0,0,0,0,0,0,0,7,1,1,0,0,0,0,2,0,1,0,KRBKRNvK,DRAW,7K/8/8/4R1k1/3n4/B5r1/8/8 b - - 0 1
0,1,0,0,0,0,0,1,-1,1,0,1,1,1,0,0,0,0,0,16,0,0,3,5,2,5,5,2,2,5,0,1,0,0,0,0,0,0,0,7,1,1,0,0,0,0,4,1,0,0,KRBKRNvK,LOSS,8/8/1r3k2/1R6/8/5K2/nB6/8 b - - 0 1
0,1,0,0,0,0,0,1,-1,1,0,1,1,1,0,0,0,0,0,16,0,0,5,6,4,1,4,2,2,6,0,1,0,0,0,0,0,0,0,7,1,1,0,0,0,0,2,2,0,1,KRBKRNvK,DRAW,3r4/4n1B1/8/1k4K1/8/8/8/1R6 b - - 0 1
1,1,0,0,0,0,0,1,-1,1,0,1,1,1,0,0,0,0,0,16,0,0,6,6,1,3,7,4,3,26,20,0,0,0,0,0,0,0,0,7,1,1,0,0,0,0,2,1,0,0,KRBKRNvK,DRAW,3k4/3n3r/8/3B4/3R4/8/6K1/8 w - - 0 1
1,1,0,0,0,0,0,1,-1,1,0,1,1,1,0,0,0,0,0,16,0,0,5,2,0,4,5,4,1,27,16,0,0,0,0,0,0,0,0,7,1,1,1,0,0,0,1,3,1,0,KRBKRNvK,DRAW,8/7R/4krB1/6n1/8/8/8/2K5 w - - 0 1
0,1,0,0,0,0,0,1,-1,1,0,1,1,1,0,0,0,0,0,16,0,0,4,4,7,2,3,3,1,23,22,0,0,0,0,0,0,0,0,7,1,1,0,0,0,0,0,2,0,1,KRBKRNvK,DRAW,1R2K3/8/5r2/8/2k3B1/7n/8/8 b - - 0 1
0,1,0,0,0,0,0,1,-1,1,0,1,1,1,0,0,0,0,0,16,0,0,3,3,0,1,3,3,2,5,0,1,0,0,0,0,0,0,0,7,1,1,1,0,0,0,1,1,1,0,KRBKRNvK,DRAW,1n1r4/1R6/8/3B4/1k6/8/8/3K4 b - - 0 1
0,1,0,0,0,0,0,1,-1,1,0,1,1,1,0,0,0,0,0,16,0,0,6,7,7,5,1,6,3,24,21,0,0,0,0,0,0,0,0,7,1,1,0,1,0,0,2,0,1,0,KRBKRNvK,DRAW,7K/8/4R3/8/4n3/8/1r3k1B/8 b - - 0 1
0,1,0,0,0,0,0,1,-1,1,0,1,1,1,0,0,0,0,0,16,0,0,3,2,2,5,2,2,2,27,28,0,0,0,0,0,0,0,0,7,1,1,0,0,0,0,1,3,1,1,KRBKRNvK,DRAW,8/4n3/8/1B6/r7/2K2k2/8/7R b - - 0 1
0,1,0,0,0,0,0,1,-1,1,0,1,1,1,0,0,0,0,0,16,0,0,5,2,1,4,6,3,2,26,21,0,0,0,0,0,0,0,0,7,1,1,0,0,0,0,2,2,0,1,KRBKRNvK,DRAW,8/1n2k3/B7/8/R7/8/2K5/3r4 b - - 0 1
1,1,0,0,0,0,0,1,-1,1,0,1,1,1,0,0,0,0,0,16,0,0,2,5,7,7,5,4,4,21,26,0,0,0,0,0,0,0,0,7,1,1,0,1,0,0,0,0,0,0,KRBKRNvK,DRAW,R4K2/8/7k/3n4/8/8/2r5/5B2 w - - 0 1
0,1,0,0,0,0,0,1,-1,1,0,1,1,1,0,0,0,0,0,16,0,0,4,2,3,6,7,1,5,20,27,0,0,0,0,0,0,0,0,7,1,1,0,0,0,0,2,0,0,0,KRBKRNvK,DRAW,n5k1/r7/8/6B1/2K5/8/6R1/8 b - - 0 1
0,1,0,0,0,0,0,1,-1,1,0,1,1,1,0,0,0,0,0,16,0,0,6,0,4,6,6,3,4,16,21,0,0,0,0,0,0,0,0,7,1,1,0,0,0,0,1,0,0,0,KRBKRNvK,DRAW,R7/5rk1/8/K7/8/8/8/nB6 b - - 0 1
1,1,0,0,0,0,0,1,-1,1,0,1,1,1,0,0,0,0,0,16,0,0,4,3,4,5,0,0,4,6,0,1,0,0,0,0,0,0,0,7,1,1,0,0,0,0,4,2,1,0,KRBKRNvK,LOSS,B4n2/8/8/3K4/8/8/4R3/3r1k2 w - - 0 1
0,1,0,0,0,0,0,1,-1,1,0,1,1,1,0,0,0,0,0,16,0,0,7,0,6,7,1,5,5,4,0,1,0,0,0,0,0,0,0,7,1,1,0,0,0,0,0,2,1,0,KRBKRNvK,DRAW,8/K7/8/3r2B1/8/8/4nR1k/8 b - - 0 1
1,1,0,0,0,0,0,1,-1,1,0,1,1,1,0,0,0,0,0,16,0,0,4,2,1,6,0,3,5,27,21,0,0,0,0,0,0,0,0,7,1,1,0,0,0,0,3,0,0,0,KRBKRNvK,DRAW,B7/8/5r2/n7/8/3R4/2K5/6k1 w - - 0 1
0,1,0,0,0,0,0,1,-1,1,0,1,1,1,0,0,0,0,0,16,0,0,4,1,6,5,7,4,4,16,30,0,0,0,0,0,0,0,0,7,1,1,0,0,0,0,1,0,0,0,KRBKRNvK,DRAW,5k2/1K6/7r/5B1n/8/8/6R1/8 b - - 0 1
1,1,0,0,0,0,0,1,-1,1,0,1,1,1,0,0,0,0,0,16,0,0,6,6,1,0,1,4,5,6,0,1,0,0,0,0,0,0,0,7,1,1,0,0,0,0,2,0,0,0,KRBKRNvK,DRAW,8/6r1/8/1B2n3/4R3/8/k5K1/8 w - - 0 1
0,1,0,0,0,0,0,1,-1,1,0,1,1,1,0,0,0,0,0,16,0,0,4,6,3,3,7,2,3,17,28,0,0,0,0,0,0,0,0,7,1,1,0,0,0,0,3,0,1,0,KRBKRNvK,DRAW,3k4/r7/3B4/8/n2R2K1/8/8/8 b - - 0 1
1,1,0,0,0,0,0,1,-1,1,0,1,1,1,0,0,0,0,0,16,0,0,4,2,1,6,5,3,3,30,15,0,0,0,0,0,0,0,0,7,1,1,0,0,0,0,3,0,1,0,KRBKRNvK,DRAW,8/6n1/6k1/8/3R1Br1/8/2K5/8 w - - 0 1
0,1,0,0,0,0,0,1,-1,1,0,1,1,1,0,0,0,0,0,16,0,0,5,5,4,0,7,1,6,23,21,0,0,0,0,0,0,0,0,7,1,1,0,0,0,0,2,2,0,1,KRBKRNvK,DRAW,k7/8/3r4/5K2/1n5B/8/8/7R b - - 0 1
0,1,0,0,0,0,0,1,-1,1,0,1,1,1,0,0,0,0,0,16,0,0,2,0,3,2,5,3,2,18,19,0,0,0,0,0,0,0,0,7,1,1,0,0,0,0,3,1,1,1,KRBKRNvK,DRAW,8/8/2k5/3R4/K7/2r5/B7/4n3 b - - 0 1
0,1,0,0,0,0,0,1,-1,1,0,1,1,1,0,0,0,0,0,16,0,0,3,0,2,3,1,4,2,23,27,0,0,0,0,0,0,0,0,7,1,1,0,0,0,0,3,0,0,2,KRBKRNvK,DRAW,8/1B6/8/5R2/8/K7/n2k4/2r5 b - - 0 1
0,1,0,0,0,0,0,1,-1,1,0,1,1,1,0,0,0,0,0,16,0,0,2,7,2,7,4,4,3,2,0,1,0,0,0,0,0,0,0,7,1,1,0,0,0,0,0,2,0,1,KRBKRNvK,DRAW,4B3/8/8/6rk/4n3/7K/2R5/8 b - - 0 1
0,1,0,0,0,0,0,1,-1,1,0,1,1,1,0,0,0,0,0,16,0,0,2,3,2,1,3,1,2,22,22,0,0,0,0,0,0,0,0,7,1,1,0,0,0,0,2,2,0,1,KRBKRNvK,DRAW,n7/8/8/5r2/1k5B/3K4/8/7R b - - 0 1
0,1,0,0,0,0,0,1,-1,1,0,1,1,1,0,0,0,0,0,16,0,0,3,1,3,4,4,2,0,7,0,1,0,0,0,0,0,0,0,7,1,1,0,0,0,0,1,3,0,0,KRBKRNvK,DRAW,5n2/8/8/4k3/1K6/8/6RB/5r2 b - - 0 1
0,1,0,0,0,0,0,1,-1,1,0,1,1,1,0,0,0,0,0,16,0,0,3,4,1,1,4,2,2,21,26,0,0,0,0,0,0,0,0,7,1,1,1,0,0,0,3,0,2,0,KRBKRNvK,DRAW,8/1B1R4/n7/1k6/8/r7/4K3/8 b - - 0 1
0,1,0,0,0,0,0,1,-1,1,0,1,1,1,0,0,0,0,0,16,0,0,6,0,6,6,7,5,5,22,21,0,0,0,0,0,0,0,0,7,1,1,0,0,0,0,2,0,0,0,KRBKRNvK,DRAW,6k1/K7/6r1/B7/8/8/8/4Rn2 b - - 0 1
0,1,0,0,0,0,0,1,-1,1,0,1,1,1,0,0,0,0,0,16,0,0,3,4,3,2,0,0,4,2,0,1,0,0,0,0,0,0,0,7,1,1,0,0,0,0,3,0,1,0,KRBKRNvK,DRAW,8/1r6/8/8/4K2n/B7/8/2k3R1 b - - 0 1
0,1,0,0,0,0,0,1,-1,1,0,1,1,1,0,0,0,0,0,16,0,0,3,3,0,6,2,3,3,21,28,0,0,0,0,0,0,0,0,7,1,1,0,0,0,0,2,0,0,1,KRBKRNvK,DRAW,6r1/8/5B2/3R4/8/6k1/8/1n1K4 b - - 0 1
1,1,0,0,0,0,0,1,-1,1,0,1,1,1,0,0,0,0,0,16,0,0,5,3,2,3,7,1,3,20,26,0,0,0,0,0,0,0,0,7,1,1,0,0,0,0,3,2,1,1,KRBKRNvK,DRAW,3k4/5B2/3n4/8/8/3K4/3R4/4r3 w - - 0 1
1,1,0,0,0,0,0,1,-1,1,0,1,1,1,0,0,0,0,0,16,0,0,5,5,2,4,7,2,3,7,0,1,0,0,0,0,0,0,0,7,1,1,1,0,0,0,1,1,0,1,KRBKRNvK,DRAW,4k3/1r5R/8/8/8/5K2/3n4/1B6 w - - 0 1
0,1,0,0,0,0,0,1,-1,1,0,1,1,1,0,0,0,0,0,16,0,0,3,1,2,4,3,3,0,21,22,0,0,0,0,0,0,0,0,7,1,1,0,1,0,0,1,3,0,2,KRBKRNvK,DRAW,6B1/8/8/8/4k3/nK6/2r5/5R2 b - - 0 1
1,1,0,0,0,0,0,1,-1,1,0,1,1,1,0,0,0,0,0,16,0,0,5,0,2,2,7,4,4,25,21,0,0,0,0,0,0,0,0,7,1,1,0,0,0,0,1,2,0,1,KRBKRNvK,DRAW,2k5/8/5R2/8/8/Kn1r4/7B/8 w - - 0 1
1,1,0,0,0,0,0,1,-1,1,0,1,1,1,0,0,0,0,0,16,0,0,2,4,3,3,1,0,2,30,17,0,0,0,0,0,0,0,0,7,1,1,0,0,0,0,3,0,1,0,KRBKRNvK,DRAW,8/7r/7n/2B5/4K3/1R6/3k4/8 w - - 0 1
1,1,0,0,0,0,0,1,-1,1,0,1,1,1,0,0,0,0,0,16,0,0,7,0,0,7,5,6,4,4,0,1,0,0,0,0,0,0,0,7,1,1,1,0,0,0,1,0,0,0,KRBKRNvK,DRAW,r7/2R5/7k/3n4/3B4/8/8/K7 w - - 0 1
1,1,0,0,0,0,0,1,-1,1,0,1,1,1,0,0,0,0,0,16,0,0,5,2,0,4,5,4,1,3,0,1,0,0,0,0,0,0,0,7,1,1,0,0,0,0,2,2,1,0,KRBKRNvK,DRAW,8/8/4kB2/8/8/R7/7n/2K2r2 w - - 0 1
0,1,0,0,0,0,0,1,-1,1,0,1,1,1,0,0,0,0,0,16,0,0,2,1,3,2,5,2,2,5,0,1,0,0,0,0,0,0,0,7,1,1,0,0,0,0,1,2,1,1,KRBKRNvK,DRAW,8/8/2k5/2r5/1K2B3/8/6R1/7n b - - 0 1
0,1,0,0,0,0,0,1,-1,1,0,1,1,1,0,0,0,0,0,16,0,0,4,5,3,7,7,1,6,1,0,1,0,0,0,0,0,0,0,7,1,1,0,0,0,0,3,0,1,1,KRBKRNvK,DRAW,6Rk/8/4B3/8/5K2/8/7n/1r6 b - - 0 1
0,1,0,0,0,0,0,1,-1,1,0,1,1,1,0,0,0,0,0,16,0,0,3,0,1,3,3,5,0,6,0,1,0,0,0,0,0,0,0,7,1,1,0,0,0,0,1,3,0,0,KRBKRNvK,DRAW,3r4/3B4/8/8/3k4/8/K7/3R3n b - - 0 1
1,1,0,0,0,0,0,1,-1,1,0,1,1,1,0,0,0,0,0,16,0,0,3,1,7,0,4,5,3,26,18,0,0,0,0,0,0,0,0,7,1,1,0,0,0,0,3,1,0,0,KRBKRNvK,DRAW,1K6/8/6r1/k5n1/5R2/8/B7/8 w - - 0 1
0,1,0,0,0,0,0,1,-1,1,0,1,1,1,0,0,0,0,0,16,0,0,2,0,3,1,1,3,4,4,0,1,0,0,0,0,0,0,0,7,1,1,0,1,0,0,2,0,0,0,KRBKRNvK,DRAW,7B/8/8/8/K7/7n/1k3r1R/8 b - - 0 1
1,1,0,0,0,0,0,1,-1,1,0,1,1,1,0,0,0,0,0,16,0,0,4,3,7,5,3,3,1,26,17,0,0,0,0,0,0,0,0,7,1,1,1,0,0,0,2,3,0,0,KRBKRNvK,DRAW,3K4/1B4R1/8/8/r4k2/7n/8/8 w - - 0 1
0,1,0,0,0,0,0,1,-1,1,0,1,1,1,0,0,0,0,0,16,0,0,3,6,0,3,1,5,2,6,0,1,0,0,0,0,0,0,0,7,1,1,0,0,0,0,1,2,0,1,KRBKRNvK,DRAW,1B6/8/8/2r5/8/8/3k3R/4n1K1 b - - 0 1
1,1,0,0,0,0,0,1,-1,1,0,1,1,1,0,0,0,0,0,16,0,0,5,2,6,0,1,3,5,19,21,0,0,0,0,0,0,0,0,7,1,1,1,0,0,0,2,1,1,0,KRBKRNvK,DRAW,8/1RK5/7r/8/8/8/kB2n3/8 w - - 0 1
1,1,0,0,0,0,0,1,-1,1,0,1,1,1,0,0,0,0,0,16,0,0,4,0,2,4,4,4,0,5,0,1,0,0,0,0,0,0,0,7,1,1,0,0,0,0,2,3,1,0,KRBKRNvK,DRAW,8/3B4/8/4k3/8/K5r1/4n3/3R4 w - - 0 1
1,1,0,0,0,0,0,1,-1,1,0,1,1,1,0,0,0,0,0,16,0,0,4,7,7,7,3,6,3,28,27,0,0,0,0,0,0,0,0,7,1,1,1,0,0,0,1,1,0,1,KRBKRNvK,DRAW,7K/1R6/5r2/3B4/7k/4n3/8/8 w - - 0 1
0,1,0,0,0,0,0,1,-1,1,0,1,1,1,0,0,0,0,0,16,0,0,7,7,5,0,3,4,3,22,25,0,0,0,0,0,0,0,0,7,1,1,0,1,0,0,2,0,0,1,KRBKRNvK,DRAW,8/8/7K/7n/k7/3BR3/1r6/8 b - - 0 1
0,1,0,0,0,0,0,1,-1,1,0,1,1,1,0,0,0,0,0,16,0,0,3,6,1,3,2,4,1,23,26,0,0,0,0,0,0,0,0,7,1,1,0,0,0,0,1,2,0,2,KRBKRNvK,DRAW,7R/2B5/8/8/8/3k1r2/4n1K1/8 b - - 0 1
1,1,0,0,0,0,0,1,-1,1,0,1,1,1,0,0,0,0,0,16,0,0,7,2,0,0,7,4,6,19,16,0,0,0,0,0,0,0,0,7,1,1,0,0,0,0,0,2,0,0,KRBKRNvK,DRAW,k6n/8/8/7B/r7/8/8/1RK5 w - - 0 1
0,1,0,0,0,0,0,1,-1,1,0,1,1,1,0,0,0,0,0,16,0,0,3,2,4,5,1,1,3,6,0,1,0,0,0,0,0,0,0,7,1,1,0,1,0,0,3,0,0,0,KRBKRNvK,DRAW,7n/8/8/2K2R2/8/8/B4k1r/8 b - - 0 1
1,1,0,0,0,0,0,1,-1,1,0,1,1,1,0,0,0,0,0,16,0,0,4,5,4,1,3,1,2,5,0,1,0,0,0,0,0,0,0,7,1,1,0,0,0,0,2,0,0,1,KRBKRNvK,DRAW,3B4/6n1/8/5K2/1k6/8/4R3/5r2 w - - 0 1
1,1,0,0,0,0,0,1,-1,1,0,1,1,1,0,0,0,0,0,16,0,0,2,7,2,7,4,4,3,2,0,1,0,0,0,0,0,0,0,7,1,1,0,0,0,0,1,1,0,1,KRBKRNvK,DRAW,8/8/8/7k/R1B5/1n3r1K/8/8 w - - 0 1
1,1,0,0,0,0,0,1,-1,1,0,1,1,1,0,0,0,0,0,16,0,0,5,5,1,2,6,3,3,31,23,0,0,0,0,0,0,0,0,7,1,1,0,0,0,0,3,2,1,0,KRBKRNvK,DRAW,3n4/2k5/2B5/7r/5R2/8/5K2/8 w - - 0 1
0,1,0,0,0,0,0,1,-1,1,0,1,1,1,0,0,0,0,0,16,0,0,2,0,2,1,0,4,5,19,24,0,0,0,0,0,0,0,0,7,1,1,0,1,0,0,3,0,0,0,KRBKRNvK,DRAW,n7/B7/8/4R3/8/K7/6r1/1k6 b - - 0 1
0,1,0,0,0,0,0,1,-1,1,0,1,1,1,0,0,0,0,0,16,0,0,6,2,1,1,7,3,5,25,29,0,0,0,0,0,0,0,0,7,1,1,0,0,0,0,3,3,0,0,KRBKRNvK,DRAW,1k6/8/5B2/3r4/7R/6n1/2K5/8 b - - 0 1
0,1,0,0,0,0,0,1,-1,1,0,1,1,1,0,0,0,0,0,16,0,0,4,3,4,5,0,0,4,4,0,1,0,0,0,0,0,0,0,7,1,1,0,0,0,0,4,0,0,0,KRBKRNvK,DRAW,3R4/8/8/1B1K4/8/8/8/n4k1r b - - 0 1
1,1,0,0,0,0,0,1,-1,1,0,1,1,1,0,0,0,0,0,16,0,0,2,5,5,3,5,2,1,20,22,0,0,0,0,0,0,0,0,7,1,1,0,0,0,0,2,2,0,0,KRBKRNvK,DRAW,8/1n6/3k1KR1/8/8/2B5/8/7r w - - 0 1
0,1,0,0,0,0,0,1,-1,1,0,1,1,1,0,0,0,0,0,16,0,0,5,2,2,7,0,2,6,15,26,0,0,0,0,0,0,0,0,7,1,1,1,0,0,0,1,2,0,1,KRBKRNvK,DRAW,8/7R/8/8/1r5n/2K1B3/8/7k b - - 0 1
1,1,0,0,0,0,0,1,-1,1,0,1,1,1,0,0,0,0,0,16,0,0,6,6,7,3,1,5,2,24,22,0,0,0,0,0,0,0,0,7,1,1,0,0,0,0,2,2,1,0,KRBKRNvK,DRAW,6K1/8/B7/8/3n1r2/4R3/3k4/8 w - - 0 1
1,1,0,0,0,0,0,1,-1,1,0,1,1,1,0,0,0,0,0,16,0,0,5,0,2,5,7,4,4,27,16,0,0,0,0,0,0,0,0,7,1,1,0,0,0,0,2,0,0,1,KRBKRNvK,DRAW,5k2/8/8/3R4/6B1/K7/8/n5r1 w - - 0 1
0,1,0,0,0,0,0,1,-1,1,0,1,1,1,0,0,0,0,0,16,0,0,7,7,7,7,0,6,6,7,26,0,0,0,0,0,0,0,0,7,1,1,0,1,0,0,2,1,0,0,KRBKRNvK,LOSS,7K/8/2B5/8/8/6n1/R5r1/7k b - - 0 1
0,1,0,0,0,0,0,1,-1,1,0,1,1,1,0,0,0,0,0,16,0,0,3,4,4,2,1,0,3,6,0,1,0,0,0,0,0,0,0,7,1,1,0,1,0,0,3,1,1,1,KRBKRNvK,DRAW,5R2/8/8/4K1n1/B7/8/2k4r/8 b - - 0 1
1,1,0,0,0,0,0,1,-1,1,0,1,1,1,0,0,0,0,0,16,0,0,3,3,2,6,1,1,4,5,0,1,0,0,0,0,0,0,0,7,1,1,0,0,0,0,2,1,0,1,KRBKRNvK,DRAW,4B3/8/1n6/8/2R5/3K4/6k1/3r4 w - - 0 1
1,1,0,0,0,0,0,1,-1,1,0,1,1,1,0,0,0,0,0,16,0,0,2,0,2,2,3,4,1,25,22,0,0,0,0,0,0,0,0,7,1,1,0,0,0,0,2,4,1,0,KRBKRNvK,DRAW,8/4r3/6n1/8/2k3B1/K2R4/8/8 w - - 0 1
0,1,0,0,0,0,0,1,-1,1,0,1,1,1,0,0,0,0,0,16,0,0,4,1,6,1,2,4,3,18,25,0,0,0,0,0,0,0,0,7,1,1,0,0,0,0,2,2,0,0,KRBKRNvK,DRAW,7B/1K6/2R5/8/8/rk3n2/8/8 b - - 0 1
0,1,0,0,0,0,0,1,-1,1,0,1,1,1,0,0,0,0,0,16,0,0,3,0,3,1,6,3,4,4,0,1,0,0,0,0,0,0,0,7,1,1,0,0,0,0,2,0,0,0,KRBKRNvK,DRAW,8/1k4rn/8/8/K7/5B2/8/1R6 b - - 0 1
0,1,0,0,0,0,0,1,-1,1,0,1,1,1,0,0,0,0,0,16,0,0,5,2,5,7,2,2,4,24,27,0,0,0,0,0,0,0,0,7,1,1,0,0,0,0,3,1,0,1,KRBKRNvK,DRAW,1B6/8/2K5/2n5/8/7k/3R4/5r2 b - - 0 1
1,1,0,0,0,0,0,1,-1,1,0,1,1,1,0,0,0,0,0,16,0,0,2,4,4,6,5,0,3,17,21,0,0,0,0,0,0,0,0,7,1,1,0,0,0,0,4,2,1,0,KRBKRNvK,DRAW,8/1n6/6k1/4KR2/8/6B1/8/3r4 w - - 0 1
1,1,0,0,0,0,0,1,-1,1,0,1,1,1,0,0,0,0,0,16,0,0,4,4,3,4,7,0,3,5,0,1,0,0,0,0,0,0,0,7,1,1,0,0,0,0,4,2,0,1,KRBKRNvK,DRAW,4k3/8/8/8/2r1K3/8/4R2B/2n5 w - - 0 1
1,1,0,0,0,0,0,1,-1,1,0,1,1,1,0,0,0,0,0,16,0,0,7,5,0,5,7,4,4,18,16,0,0,0,0,0,0,0,0,7,1,1,0,0,0,0,1,1,0,0,KRBKRNvK,DRAW,5k2/5n2/8/8/8/8/6R1/rB3K2 w - - 0 1
1,1,0,0,0,0,0,1,-1,1,0,1,1,1,0,0,0,0,0,16,0,0,4,1,5,5,5,3,2,24,22,0,0,0,0,0,0,0,0,7,1,1,0,0,0,0,2,2,1,0,KRBKRNvK,DRAW,8/8/1K3k2/7R/8/1n4rB/8/8 w - - 0 1
0,1,0,0,0,0,0,1,-1,1,0,1,1,1,0,0,0,0,0,16,0,0,4,6,3,7,7,2,6,22,19,0,0,0,0,0,0,0,0,7,1,1,0,0,0,0,1,3,1,0,KRBKRNvK,DRAW,3R2Bk/8/3n4/1r6/6K1/8/8/8 b - - 0 1
1,1,0,0,0,0,0,1,-1,1,0,1,1,1,0,0,0,0,0,16,0,0,4,1,7,2,3,5,1,23,22,0,0,0,0,0,0,0,0,7,1,1,0,0,0,0,0,3,0,0,KRBKRNvK,DRAW,1KB5/8/8/3n3r/2k5/8/8/1R6 w - - 0 1
1,1,0,0,0,0,0,1,-1,1,0,1,1,1,0,0,0,0,0,16,0,0,2,4,4,6,3,0,2,21,19,0,0,0,0,0,0,0,0,7,1,1,1,0,0,0,4,2,1,1,KRBKRNvK,DRAW,8/5R2/8/n3K3/2r2Bk1/8/8/8 w - - 0 1
1,1,0,0,0,0,0,1,-1,1,0,1,1,1,0,0,0,0,0,16,0,0,3,2,4,2,7,1,4,23,17,0,0,0,0,0,0,0,0,7,1,1,0,0,0,0,4,1,0,1,KRBKRNvK,DRAW,1rk5/4n3/8/2K5/R7/8/8/B7 w - - 0 1
0,1,0,0,0,0,0,1,-1,1,0,1,1,1,0,0,0,0,0,16,0,0,6,5,6,5,0,3,4,22,30,0,0,0,0,0,0,0,0,7,1,1,0,0,0,0,2,2,1,0,KRBKRNvK,DRAW,8/5K2/8/3R4/7r/6B1/3n4/5k2 b - - 0 1
1,1,0,0,0,0,0,1,-1,1,0,1,1,1,0,0,0,0,0,16,0,0,3,6,7,3,5,5,1,6,0,1,0,0,0,0,0,0,0,7,1,1,0,0,0,0,2,2,0,0,KRBKRNvK,LOSS,6K1/8/3k4/8/8/7n/1B3R2/6r1 w - - 0 1
0,1,0,0,0,0,0,1,-1,1,0,1,1,1,0,0,0,0,0,16,0,0,3,6,1,3,4,4,0,22,27,0,0,0,0,0,0,0,0,7,1,1,0,0,0,0,2,3,0,0,KRBKRNvK,DRAW,8/4r3/8/3k4/B6R/8/6K1/3n4 b - - 0 1
1,1,0,0,0,0,0,1,-1,1,0,1,1,1,0,0,0,0,0,16,0,0,6,7,0,1,6,6,4,21,21,0,0,0,0,0,0,0,0,7,1,1,0,0,0,0,2,2,0,0,KRBKRNvK,DRAW,8/1k4n1/4R3/8/1r6/7B/8/7K w - - 0 1
0,1,0,0,0,0,0,1,-1,1,0,1,1,1,0,0,0,0,0,16,0,0,4,7,5,5,1,4,3,5,0,1,0,0,0,0,0,0,0,7,1,1,0,0,0,0,1,1,1,0,KRBKRNvK,DRAW,6B1/1r6/7K/8/8/6n1/5k1R/8 b - - 0 1
0,1,0,0,0,0,0,1,-1,1,0,1,1,1,0,0,0,0,0,16,0,0,2,5,5,7,4,2,3,25,23,0,0,0,0,0,0,0,0,7,1,1,0,0,0,0,2,2,0,1,KRBKRNvK,DRAW,8/3B4/4nK2/7k/1r6/8/4R3/8 b - - 0 1
0,1,0,0,0,0,0,1,-1,1,0,1,1,1,0,0,0,0,0,16,0,0,6,6,3,0,6,2,5,5,0,1,0,0,0,0,0,0,0,7,1,1,0,0,0,0,0,1,0,1,KRBKRNvK,DRAW,8/k1n5/7r/6B1/6K1/8/8/R7 b - - 0 1
0,1,0,0,0,0,0,1,-1,1,0,1,1,1,0,0,0,0,0,16,0,0,7,7,5,0,0,4,6,3,0,1,0,0,0,0,0,0,0,7,1,1,0,0,0,0,0,2,0,0,KRBKRNvK,DRAW,n7/8/7K/8/B3r3/8/8/k4R2 b - - 0 1
1,1,0,0,0,0,0,1,-1,1,0,1,1,1,0,0,0,0,0,16,0,0,5,6,5,1,4,3,2,33,20,0,0,0,0,0,0,0,0,7,1,1,0,0,0,0,1,2,1,1,KRBKRNvK,DRAW,2R5/8/3B2K1/1k6/n3r3/8/8/8 w - - 0 1
1,1,0,0,0,0,0,1,-1,1,0,1,1,1,0,0,0,0,0,16,0,0,2,3,3,1,1,0,4,3,0,1,0,0,0,0,0,0,0,7,1,1,0,0,0,0,4,2,0,0,KRBKRNvK,DRAW,R7/3r4/n7/8/3K4/4B3/1k6/8 w - - 0 1
1,1,0,0,0,0,0,1,-1,1,0,1,1,1,0,0,0,0,0,16,0,0,2,0,3,1,1,3,4,23,23,0,0,0,0,0,0,0,0,7,1,1,0,0,0,0,2,0,0,1,KRBKRNvK,DRAW,8/5r2/n7/8/K7/6R1/1k6/7B w - - 0 1
0,1,0,0,0,0,0,1,-1,1,0,1,1,1,0,0,0,0,0,16,0,0,2,1,3,1,1,2,4,21,21,0,0,0,0,0,0,0,0,7,1,1,0,0,0,0,0,0,0,0,KRBKRNvK,DRAW,5R2/8/8/B7/1K6/7r/1k6/6n1 b - - 0 1
1,1,0,0,0,0,0,1,-1,1,0,1,1,1,0,0,0,0,0,16,0,0,4,5,1,6,5,3,3,25,23,0,0,0,0,0,0,0,0,7,1,1,0,0,0,0,0,2,1,1,KRBKRNvK,DRAW,8/8/6k1/r7/7B/2R5/5K1n/8 w - - 0 1
0,1,0,0,0,0,0,1,-1,1,0,1,1,1,0,0,0,0,0,16,0,0,3,1,5,4,4,3,0,18,25,0,0,0,0,0,0,0,0,7,1,1,0,0,0,0,0,4,0,1,KRBKRNvK,DRAW,5B2/8/1K6/r3k3/8/8/n7/6R1 b - - 0 1
0,1,0,0,0,0,0,1,-1,1,0,1,1,1,0,0,0,0,0,16,0,0,6,1,0,5,6,5,3,21,27,0,0,0,0,0,0,0,0,7,1,1,0,0,0,0,0,0,0,1,KRBKRNvK,DRAW,8/5k2/7r/8/1B6/8/1n4R1/1K6 b - - 0 1
1,1,0,0,0,0,0,1,-1,1,0,1,1,1,0,0,0,0,0,16,0,0,7,1,0,0,7,5,6,3,0,1,0,0,0,0,0,0,0,7,1,1,0,0,0,0,1,2,1,1,KRBKRNvK,DRAW,k7/B7/8/n7/8/8/6R1/1K1r4 w - - 0 1
1,1,0,0,0,0,0,1,-1,1,0,1,1,1,0,0,0,0,0,16,0,0,3,0,3,1,6,3,4,24,28,0,0,0,0,0,0,0,0,7,1,1,0,0,0,0,1,2,0,0,KRBKRNvK,DRAW,8/1k6/4r3/8/K2n4/3B3R/8/8 w - - 0 1
0,1,0,0,0,0,0,1,-1,1,0,1,1,1,0,0,0,0,0,16,0,0,3,1,3,4,5,2,1,5,0,1,0,0,0,0,0,0,0,7,1,1,0,0,0,0,0,2,1,0,KRBKRNvK,DRAW,5B2/4r3/R3k3/7n/1K6/8/8/8 b - - 0 1
1,1,0,0,0,0,0,1,-1,1,0,1,1,1,0,0,0,0,0,16,0,0,4,3,3,7,6,0,5,15,27,0,0,0,0,0,0,0,0,7,1,1,0,0,0,0,4,1,0,1,KRBKRNvK,DRAW,8/7k/3n4/8/3K4/8/3R1B2/2r5 w - - 0 1
1,1,0,0,0,0,0,1,-1,1,0,1,1,1,0,0,0,0,0,16,0,0,5,3,0,2,5,3,2,25,24,0,0,0,0,0,0,0,0,7,1,1,0,0,0,0,0,2,0,1,KRBKRNvK,DRAW,8/8/2k5/5r2/8/6R1/4B3/1n1K4 w - - 0 1
0,1,0,0,0,0,0,1,-1,1,0,1,1,1,0,0,0,0,0,16,0,0,5,0,0,2,5,6,2,25,25,0,0,0,0,0,0,0,0,7,1,1,0,1,0,0,1,1,2,0,KRBKRNvK,DRAW,R7/8/2k5/8/1nB5/8/5r2/K7 b - - 0 1
1,1,0,0,0,0,0,1,-1,1,0,1,1,1,0,0,0,0,0,16,0,0,4,2,5,3,1,2,2,26,23,0,0,0,0,0,0,0,0,7,1,1,0,0,0,0,2,3,0,0,KRBKRNvK,DRAW,8/B7/2K5/6r1/8/1n6/3k4/7R w - - 0 1
0,1,0,0,0,0,0,1,-1,1,0,1,1,1,0,0,0,0,0,16,0,0,2,7,5,7,3,4,3,1,0,1,0,0,0,0,0,0,0,7,1,1,0,0,0,0,2,0,2,1,KRBKRNvK,DRAW,8/8/7K/8/5Rrk/8/1n3B2/8 b - - 0 1
0,1,0,0,0,0,0,1,-1,1,0,1,1,1,0,0,0,0,0,16,0,0,2,4,3,2,3,0,1,21,23,0,0,0,0,0,0,0,0,7,1,1,0,0,0,0,4,2,1,1,KRBKRNvK,DRAW,8/8/1r2n3/8/2k1K3/6R1/2B5/8 b - - 0 1
0,1,0,0,0,0,0,1,-1,1,0,1,1,1,0,0,0,0,0,16,0,0,2,1,4,0,6,2,5,20,23,0,0,0,0,0,0,0,0,7,1,1,0,0,0,0,0,0,0,0,KRBKRNvK,DRAW,6r1/k7/8/1K6/8/8/2R1B2n/8 b - - 0 1
0,1,0,0,0,0,0,1,-1,1,0,1,1,1,0,0,0,0,0,16,0,0,3,6,3,3,3,2,0,27,27,0,0,0,0,0,0,0,0,7,1,1,1,0,0,0,0,3,0,1,KRBKRNvK,DRAW,1r6/R7/6n1/8/3k2K1/8/8/2B5 b - - 0 1
0,1,0,0,0,0,0,1,-1,1,0,1,1,1,0,0,0,0,0,16,0,0,5,1,5,6,7,3,5,22,25,0,0,0,0,0,0,0,0,7,1,1,0,0,0,0,1,2,0,1,KRBKRNvK,DRAW,6k1/6r1/1Kn5/8/8/3B1R2/8/8 b - - 0 1
0,1,0,0,0,0,0,1,-1,1,0,1,1,1,0,0,0,0,0,16,0,0,6,6,6,0,4,4,3,14,30,0,0,0,0,0,0,0,0,7,1,1,0,0,0,0,2,0,0,0,KRBKRNvK,DRAW,r7/6K1/8/k4B2/7R/8/8/7n b - - 0 1
1,1,0,0,0,0,0,1,-1,1,0,1,1,1,0,0,0,0,0,16,0,0,4,2,2,0,6,2,5,27,19,0,0,0,0,0,0,0,0,7,1,1,0,0,0,0,1,0,0,0,KRBKRNvK,DRAW,2n4r/k7/8/8/1B6/2K5/5R2/8 w - - 0 1
0,1,0,0,0,0,0,1,-1,1,0,1,1,1,0,0,0,0,0,16,0,0,2,2,0,3,2,4,1,5,0,1,0,0,0,0,0,0,0,7,1,1,0,0,0,0,0,3,1,1,KRBKRNvK,LOSS,3r1B2/8/8/8/8/3k4/8/2KRn3 b - - 0 1
0,1,0,0,0,0,0,1,-1,1,0,1,1,1,0,0,0,0,0,16,0,0,2,7,5,5,4,4,1,22,16,0,0,0,0,0,0,0,0,7,1,1,0,0,0,0,1,4,0,0,KRBKRNvK,DRAW,R2n4/3r4/7K/5k2/8/8/B7/8 b - - 0 1
0,1,0,0,0,0,0,1,-1,1,0,1,1,1,0,0,0,0,0,16,0,0,4,6,4,4,0,2,3,23,30,0,0,0,0,0,0,0,0,7,1,1,0,1,0,0,2,1,1,1,KRBKRNvK,DRAW,8/4n3/8/6K1/4B3/3R4/1r6/4k3 b - - 0 1
0,1,0,0,0,0,0,1,-1,1,0,1,1,1,0,0,0,0,0,16,0,0,6,6,0,6,6,5,4,9,0,1,0,0,0,0,0,0,0,7,1,1,0,0,0,0,2,2,0,0,KRBKRNvK,DRAW,4n3/6k1/8/8/4r3/1R6/8/B5K1 b - - 0 1
1,1,0,0,0,0,0,1,-1,1,0,1,1,1,0,0,0,0,0,16,0,0,5,5,2,3,7,2,3,28,19,0,0,0,0,0,0,0,0,7,1,1,0,0,0,0,2,0,0,0,KRBKRNvK,DRAW,3k4/2r5/B6n/4R3/8/5K2/8/8 w - - 0 1
1,1,0,0,0,0,0,1,-1,1,0,1,1,1,0,0,0,0,0,16,0,0,5,1,0,6,0,5,5,25,25,0,0,0,0,0,0,0,0,7,1,1,0,0,0,0,0,3,0,0,KRBKRNvK,DRAW,8/5n2/R7/8/7r/8/8/1KB3k1 w - - 0 1
0,1,0,0,0,0,0,1,-1,1,0,1,1,1,0,0,0,0,0,16,0,0,5,7,0,2,2,6,2,24,20,0,0,0,0,0,0,0,0,7,1,1,0,0,0,0,2,2,1,0,KRBKRNvK,DRAW,4R3/8/8/7n/1r6/B1k5/8/7K b - - 0 1
1,1,0,0,0,0,0,1,-1,1,0,1,1,1,0,0,0,0,0,16,0,0,2,3,7,1,6,3,4,3,0,1,0,0,0,0,0,0,0,7,1,1,0,0,0,0,2,2,0,0,KRBKRNvK,DRAW,3KB3/1k6/8/8/2R5/3r3n/8/8 w - - 0 1
1,1,0,0,0,0,0,1,-1,1,0,1,1,1,0,0,0,0,0,16,0,0,3,0,3,0,0,3,6,3,0,1,0,0,0,0,0,0,0,7,1,1,0,0,0,0,3,0,0,1,KRBKRNvK,DRAW,8/1n6/r7/8/K7/3R1B2/8/k7 w - - 0 1
0,1,0,0,0,0,0,1,-1,1,0,1,1,1,0,0,0,0,0,16,0,0,5,0,6,5,1,5,3,26,26,0,0,0,0,0,0,0,0,7,1,1,0,0,0,0,2,0,0,1,KRBKRNvK,DRAW,8/K3B3/2r5/3R4/8/8/1n3k2/8 b - - 0 1
0,1,0,0,0,0,0,1,-1,1,0,1,1,1,0,0,0,0,0,16,0,0,5,7,2,2,6,4,3,24,18,0,0,0,0,0,0,0,0,7,1,1,0,1,0,0,0,3,0,0,KRBKRNvK,DRAW,8/2k5/7R/1n5B/8/7K/4r3/8 b - - 0 1
0,1,0,0,0,0,0,1,-1,1,0,1,1,1,0,0,0,0,0,16,0,0,4,0,7,4,7,6,3,21,21,0,0,0,0,0,0,0,0,7,1,1,0,0,0,0,3,2,0,0,KRBKRNvK,DRAW,K3k3/7B/8/8/2r5/8/8/3Rn3 b - - 0 1
1,1,0,0,0,0,0,1,-1,1,0,1,1,1,0,0,0,0,0,16,0,0,5,0,0,3,5,6,1,2,0,1,0,0,0,0,0,0,0,7,1,1,0,0,0,0,3,2,1,1,KRBKRNvK,DRAW,8/n7/3k4/2R5/8/r7/8/K6B w - - 0 1
0,1,0,0,0,0,0,1,-1,1,0,1,1,1,0,0,0,0,0,16,0,0,4,5,3,3,7,1,3,23,29,0,0,0,0,0,0,0,0,7,1,1,0,0,0,0,2,1,0,0,KRBKRNvK,DRAW,3k4/5n2/r7/8/1B3K2/8/7R/8 b - - 0 1
0,1,0,0,0,0,0,1,-1,1,0,1,1,1,0,0,0,0,0,16,0,0,3,5,4,2,3,1,1,6,0,1,0,0,0,0,0,0,0,7,1,1,0,0,0,0,3,2,1,0,KRBKRNvK,LOSS,6r1/8/4BR2/5K2/2k5/8/8/3n4 b - - 0 1
0,1,0,0,0,0,0,1,-1,1,0,1,1,1,0,0,0,0,0,16,0,0,6,0,1,0,7,5,6,22,17,0,0,0,0,0,0,0,0,7,1,1,0,0,0,0,1,3,0,0,KRBKRNvK,DRAW,k5B1/8/8/8/8/3r1n2/K4R2/8 b - - 0 1
0,1,0,0,0,0,0,1,-1,1,0,1,1,1,0,0,0,0,0,16,0,0,6,0,5,6,1,4,4,6,0,1,0,0,0,0,0,0,0,7,1,1,0,0,0,0,0,1,0,0,KRBKRNvK,DRAW,8/8/K5R1/8/8/1r6/3n2k1/3B4 b - - 0 1
1,1,0,0,0,0,0,1,-1,1,0,1,1,1,0,0,0,0,0,16,0,0,2,2,0,0,2,4,4,21,21,0,0,0,0,0,0,0,0,7,1,1,1,1,0,0,1,1,0,0,KRBKRNvK,DRAW,8/2R4B/8/8/5n2/k7/5r2/2K5 w - - 0 1
1,1,0,0,0,0,0,1,-1,1,0,1,1,1,0,0,0,0,0,16,0,0,3,4,5,1,5,1,3,19,22,0,0,0,0,0,0,0,0,7,1,1,0,0,0,0,2,2,0,1,KRBKRNvK,DRAW,1r6/8/1kn1K3/8/6BR/8/8/8 w - - 0 1
1,1,0,0,0,0,0,1,-1,1,0,1,1,1,0,0,0,0,0,16,0,0,2,5,4,7,5,1,4,23,22,0,0,0,0,0,0,0,0,7,1,1,0,0,0,0,3,2,0,1,KRBKRNvK,WIN,4r3/8/6nk/5K2/8/1R6/8/B7 w - - 0 1
0,1,0,0,0,0,0,1,-1,1,0,1,1,1,0,0,0,0,0,16,0,0,5,5,3,0,5,1,4,2,0,1,0,0,0,0,0,0,0,7,1,1,0,0,0,0,3,2,1,0,KRBKRNvK,DRAW,8/8/k7/8/R4K2/3B4/8/1n2r3 b - - 0 1
0,1,0,0,0,0,0,1,-1,1,0,1,1,1,0,0,0,0,0,16,0,0,6,7,7,3,1,6,2,8,0,1,0,0,0,0,0,0,0,7,1,1,0,0,0,0,0,0,0,0,KRBKRNvK,DRAW,7K/8/8/8/4n3/5r1B/3k2R1/8 b - - 0 1
1,1,0,0,0,0,0,1,-1,1,0,1,1,1,0,0,0,0,0,16,0,0,5,0,3,5,6,3,3,2,0,1,0,0,0,0,0,0,0,7,1,1,0,0,0,0,3,1,0,0,KRBKRNvK,DRAW,8/r1n2k2/8/8/K2R4/8/8/B7 w - - 0 1
0,1,0,0,0,0,0,1,-1,1,0,1,1,1,0,0,0,0,0,16,0,0,3,1,3,2,6,2,3,24,21,0,0,0,0,0,0,0,0,7,1,1,0,0,0,0,0,0,1,0,KRBKRNvK,DRAW,r7/2k1B1n1/8/8/1K6/8/1R6/8 b - - 0 1
0,1,0,0,0,0,0,1,-1,1,0,1,1,1,0,0,0,0,0,16,0,0,3,7,5,6,2,4,3,22,30,0,0,0,0,0,0,0,0,7,1,1,0,0,0,0,2,0,0,0,KRBKRNvK,DRAW,8/8/5B1K/n2R4/8/1r4k1/8/8 b - - 0 1
0,1,0,0,0,0,0,1,-1,1,0,1,1,1,0,0,0,0,0,16,0,0,6,1,1,0,7,4,6,2,0,1,0,0,0,0,0,0,0,7,1,1,0,0,0,0,2,2,1,0,KRBKRNvK,DRAW,k7/8/r1B2n2/8/8/R7/1K6/8 b - - 0 1
0,1,0,0,0,0,0,1,-1,1,0,1,1,1,0,0,0,0,0,16,0,0,4,3,3,4,7,0,3,21,23,0,0,0,0,0,0,0,0,7,1,1,0,0,0,0,4,0,1,1,KRBKRNvK,DRAW,4k3/n5B1/7R/8/3K4/1r6/8/8 b - - 0 1
0,1,0,0,0,0,0,1,-1,1,0,1,1,1,0,0,0,0,0,16,0,0,2,3,2,2,0,1,4,20,24,0,0,0,0,0,0,0,0,7,1,1,0,0,0,0,4,2,0,1,KRBKRNvK,DRAW,8/8/8/2B2R2/4r3/3K4/8/2k3n1 b - - 0 1
0,1,0,0,0,0,0,1,-1,1,0,1,1,1,0,0,0,0,0,16,0,0,3,6,7,4,4,5,0,5,0,1,0,0,0,0,0,0,0,7,1,1,0,0,0,0,3,3,0,0,KRBKRNvK,DRAW,n5K1/1B6/1r6/4k2R/8/8/8/8 b - - 0 1
0,1,0,0,0,0,0,1,-1,1,0,1,1,1,0,0,0,0,0,16,0,0,6,1,7,7,4,5,3,3,0,1,0,0,0,0,0,0,0,7,1,1,0,0,0,0,2,0,0,0,KRBKRNvK,DRAW,1KB5/8/8/4R2k/8/r7/1n6/8 b - - 0 1
0,1,0,0,0,0,0,1,-1,1,0,1,1,1,0,0,0,0,0,16,0,0,3,3,5,6,2,1,3,6,0,1,0,0,0,0,0,0,0,7,1,1,0,0,0,0,2,1,1,0,KRBKRNvK,DRAW,8/8/3K4/8/8/1n3rk1/8/2R1B3 b - - 0 1
1,1,0,0,0,0,0,1,-1,1,0,1,1,1,0,0,0,0,0,16,0,0,3,4,1,7,4,2,3,28,21,0,0,0,0,0,0,0,0,7,1,1,0,0,0,0,2,2,0,0,KRBKRNvK,DRAW,2r5/8/2n5/7k/8/8/4K3/BR6 w - - 0 1
0,1,0,0,0,0,0,1,-1,1,0,1,1,1,0,0,0,0,0,16,0,0,2,1,3,1,5,2,3,20,20,0,0,0,0,0,0,0,0,7,1,1,0,1,0,0,2,0,1,0,KRBKRNvK,DRAW,B4n2/8/1k6/8/1K6/1R6/5r2/8 b - - 0 1
0,1,0,0,0,0,0,1,-1,1,0,1,1,1,0,0,0,0,0,16,0,0,5,2,4,7,3,1,3,23,26,0,0,0,0,0,0,0,0,7,1,1,0,0,0,0,3,2,0,1,KRBKRNvK,DRAW,8/4r3/6n1/2K5/7k/3B4/3R4/8 b - - 0 1
1,1,0,0,0,0,0,1,-1,1,0,1,1,1,0,0,0,0,0,16,0,0,4,4,6,6,2,2,3,23,25,0,0,0,0,0,0,0,0,7,1,1,0,0,0,0,3,1,0,1,KRBKRNvK,DRAW,B6r/4K3/8/2n5/R7/6k1/8/8 w - - 0 1
0,1,0,0,0,0,0,1,-1,1,0,1,1,1,0,0,0,0,0,16,0,0,5,0,2,5,4,4,1,6,0,1,0,0,0,0,0,0,0,7,1,1,1,1,0,0,2,4,1,0,KRBKRNvK,DRAW,8/4R3/8/5k2/5n2/K7/3r4/1B6 b - - 0 1
0,1,0,0,0,0,0,1,-1,1,0,1,1,1,0,0,0,0,0,16,0,0,3,3,2,6,3,1,2,23,25,0,0,0,0,0,0,0,0,7,1,1,0,0,0,0,3,2,1,0,KRBKRNvK,DRAW,8/8/3R3B/r7/6kn/3K4/8/8 b - - 0 1
1,1,0,0,0,0,0,1,-1,1,0,1,1,1,0,0,0,0,0,16,0,0,4,2,1,6,4,3,2,30,25,0,0,0,0,0,0,0,0,7,1,1,0,0,0,0,3,0,1,0,KRBKRNvK,DRAW,8/8/7r/4n1k1/2R5/5B2/2K5/8 w - - 0 1
0,1,0,0,0,0,0,1,-1,1,0,1,1,1,0,0,0,0,0,16,0,0,3,2,3,5,6,1,3,30,24,0,0,0,0,0,0,0,0,7,1,1,1,0,0,0,3,2,0,0,KRBKRNvK,DRAW,8/1RB2k2/8/8/2K5/5n2/8/7r b - - 0 1
0,1,0,0,0,0,0,1,-1,1,0,1,1,1,0,0,0,0,0,16,0,0,5,7,6,2,6,5,3,25,12,0,0,0,0,0,0,0,0,7,1,1,0,0,0,0,0,3,1,0,KRBKRNvK,DRAW,4R1B1/2k4K/4n3/8/3r4/8/8/8 b - - 0 1
0,1,0,0,0,0,0,1,-1,1,0,1,1,1,0,0,0,0,0,16,0,0,4,0,6,1,2,5,3,28,18,0,0,0,0,0,0,0,0,7,1,1,0,0,0,0,0,2,1,0,KRBKRNvK,DRAW,R7/K7/6r1/1B6/8/1k3n2/8/8 b - - 0 1
0,1,0,0,0,0,0,1,-1,1,0,1,1,1,0,0,0,0,0,16,0,0,5,7,0,4,5,6,1,23,23,0,0,0,0,0,0,0,0,7,1,1,0,0,0,0,2,2,1,1,KRBKRNvK,DRAW,8/1r6/4k3/8/5R2/8/8/4Bn1K b - - 0 1
0,1,0,0,0,0,0,1,-1,1,0,1,1,1,0,0,0,0,0,16,0,0,2,5,4,7,6,1,5,21,22,0,0,0,0,0,0,0,0,7,1,1,0,0,0,0,2,0,0,1,KRBKRNvK,DRAW,8/7k/8/B4K2/8/6r1/n4R2/8 b - - 0 1
1,1,0,0,0,0,0,1,-1,1,0,1,1,1,0,0,0,0,0,16,0,0,5,6,6,5,1,4,3,14,22,0,0,0,0,0,0,0,0,7,1,1,0,0,0,0,0,0,0,0,KRBKRNvK,DRAW,6R1/r3B1K1/8/8/8/8/5kn1/8 w - - 0 1
0,1,0,0,0,0,0,1,-1,1,0,1,1,1,0,0,0,0,0,16,0,0,4,7,1,3,4,5,0,21,20,0,0,0,0,0,0,0,0,7,1,1,0,0,0,0,1,3,1,0,KRBKRNvK,DRAW,8/8/R2B4/3k4/8/nr6/7K/8 b - - 0 1
1,1,0,0,0,0,0,1,-1,1,0,1,1,1,0,0,0,0,0,16,0,0,5,1,4,6,5,2,3,4,0,1,0,0,0,0,0,0,0,7,1,1,0,0,0,0,0,0,0,1,KRBKRNvK,DRAW,8/8/6k1/BK6/8/n7/8/2r2R2 w - - 0 1
0,1,0,0,0,0,0,1,-1,1,0,1,1,1,0,0,0,0,0,16,0,0,4,4,3,5,7,0,4,5,0,1,0,0,0,0,0,0,0,7,1,1,0,0,0,0,3,0,0,1,KRBKRNvK,DRAW,5k2/7n/6r1/5RB1/4K3/8/8/8 b - - 0 1
0,1,0,0,0,0,0,1,-1,1,0,1,1,1,0,0,0,0,0,16,0,0,4,6,6,2,6,4,3,3,0,1,0,0,0,0,0,0,0,7,1,1,0,0,0,0,2,0,1,0,KRBKRNvK,DRAW,8/1nk3K1/8/2R5/8/6Br/8/8 b - - 0 1
0,1,0,0,0,0,0,1,-1,1,0,1,1,1,0,0,0,0,0,16,0,0,7,0,6,7,1,5,5,18,21,0,0,0,0,0,0,0,0,7,1,1,0,1,0,0,1,1,0,0,KRBKRNvK,DRAW,5R2/K4B2/8/8/8/8/4n1rk/8 b - - 0 1
0,1,0,0,0,0,0,1,-1,1,0,1,1,1,0,0,0,0,0,16,0,0,2,3,3,2,5,0,2,24,24,0,0,0,0,0,0,0,0,7,1,1,0,0,0,0,3,2,0,1,KRBKRNvK,DRAW,8/8/2k5/6r1/3Kn3/8/B7/1R6 b - - 0 1
0,1,0,0,0,0,0,1,-1,1,0,1,1,1,0,0,0,0,0,16,0,0,5,2,4,7,6,1,5,3,0,1,0,0,0,0,0,0,0,7,1,1,0,0,0,0,2,2,0,1,KRBKRNvK,DRAW,1n2B3/7k/3r4/2K5/8/7R/8/8 b - - 0 1
1,1,0,0,0,0,0,1,-1,1,0,1,1,1,0,0,0,0,0,16,0,0,3,6,0,3,1,5,2,4,0,1,0,0,0,0,0,0,0,7,1,1,0,0,0,0,4,2,1,1,KRBKRNvK,DRAW,B7/8/8/8/4R3/2r2n2/3k4/6K1 w - - 0 1
0,1,0,0,0,0,0,1,-1,1,0,1,1,1,0,0,0,0,0,16,0,0,6,6,7,0,3,5,3,1,0,1,0,0,0,0,0,0,0,7,1,1,0,0,0,0,2,1,1,0,KRBKRNvK,DRAW,6K1/8/2r5/R7/k7/8/3B1n2/8 b - - 0 1
0,1,0,0,0,0,0,1,-1,1,0,1,1,1,0,0,0,0,0,16,0,0,2,4,1,6,2,2,3,20,28,0,0,0,0,0,0,0,0,7,1,1,0,0,0,0,0,1,1,0,KRBKRNvK,DRAW,6r1/4B3/8/8/8/1n4k1/4K3/7R b - - 0 1
0,1,0,0,0,0,0,1,-1,1,0,1,1,1,0,0,0,0,0,16,0,0,3,0,5,3,3,4,0,20,29,0,0,0,0,0,0,0,0,7,1,1,0,0,0,0,1,4,1,1,KRBKRNvK,DRAW,3r4/8/K3B3/n7/3k4/8/8/6R1 b - - 0 1
0,1,0,0,0,0,0,1,-1,1,0,1,1,1,0,0,0,0,0,16,0,0,2,6,2,5,0,3,4,25,20,0,0,0,0,0,0,0,0,7,1,1,0,1,0,0,2,3,0,0,KRBKRNvK,DRAW,8/8/8/B5R1/8/2n3K1/3r4/5k2 b - - 0 1
1,1,0,0,0,0,0,1,-1,1,0,1,1,1,0,0,0,0,0,16,0,0,3,0,1,3,4,5,0,26,21,0,0,0,0,0,0,0,0,7,1,1,0,0,0,0,3,3,1,1,KRBKRNvK,DRAW,8/2B5/8/3k4/7R/8/K3n3/2r5 w - - 0 1
0,1,0,0,0,0,0,1,-1,1,0,1,1,1,0,0,0,0,0,16,0,0,3,5,5,2,7,2,4,3,0,1,0,0,0,0,0,0,0,7,1,1,0,0,0,0,1,2,1,2,KRBKRNvK,DRAW,R1k5/8/5K1n/8/7r/8/4B3/8 b - - 0 1
0,1,0,0,0,0,0,1,-1,1,0,1,1,1,0,0,0,0,0,16,0,0,6,4,0,1,6,3,4,6,0,1,0,0,0,0,0,0,0,7,1,1,1,0,0,0,3,0,1,0,KRBKRNvK,DRAW,8/1k1R4/5B2/8/8/7r/1n6/4K3 b - - 0 1
1,1,0,0,0,0,0,1,-1,1,0,1,1,1,0,0,0,0,0,16,0,0,3,5,3,2,4,1,1,23,23,0,0,0,0,0,0,0,0,7,1,1,0,0,0,0,3,2,1,1,KRBKRNvK,DRAW,8/8/8/2k5/R4K2/7r/8/1B3n2 w - - 0 1
0,1,0,0,0,0,0,1,-1,1,0,1,1,1,0,0,0,0,0,16,0,0,5,5,5,4,0,2,3,22,25,0,0,0,0,0,0,0,0,7,1,1,0,0,0,0,2,2,0,1,KRBKRNvK,DRAW,6R1/7B/5K2/n2r4/8/8/8/4k3 b - - 0 1
1,1,0,0,0,0,0,1,-1,1,0,1,1,1,0,0,0,0,0,16,0,0,3,2,6,0,3,3,3,24,22,0,0,0,0,0,0,0,0,7,1,1,0,0,0,0,3,3,0,2,KRBKRNvK,DRAW,8/2K5/1n2r3/8/k7/8/3R4/1B6 w - - 0 1
0,1,0,0,0,0,0,1,-1,1,0,1,1,1,0,0,0,0,0,16,0,0,3,0,5,3,7,4,3,21,14,0,0,0,0,0,0,0,0,7,1,1,0,1,0,0,0,0,0,0,KRBKRNvK,DRAW,3k4/8/K7/8/8/8/n4r2/6BR b - - 0 1
1,1,0,0,0,0,0,1,-1,1,0,1,1,1,0,0,0,0,0,16,0,0,4,1,4,5,2,2,2,26,21,0,0,0,0,0,0,0,0,7,1,1,0,1,0,0,1,2,0,0,KRBKRNvK,DRAW,8/8/2R5/1KB5/8/5k2/4r3/7n w - - 0 1
1,1,0,0,0,0,0,1,-1,1,0,1,1,1,0,0,0,0,0,16,0,0,2,0,4,0,2,3,4,18,18,0,0,0,0,0,0,0,0,7,1,1,0,0,0,0,0,0,0,1,KRBKRNvK,DRAW,4B3/8/R7/K7/8/k1r5/8/n7 w - - 0 1
0,1,0,0,0,0,0,1,-1,1,0,1,1,1,0,0,0,0,0,16,0,0,3,4,3,1,0,0,5,19,22,0,0,0,0,0,0,0,0,7,1,1,0,1,0,0,4,1,0,2,KRBKRNvK,DRAW,8/2B5/8/8/R3K3/8/2n2r2/1k6 b - - 0 1
1,1,0,0,0,0,0,1,-1,1,0,1,1,1,0,0,0,0,0,16,0,0,4,3,3,7,0,0,6,5,0,1,0,0,0,0,0,0,0,7,1,1,0,0,0,0,4,3,0,1,KRBKRNvK,DRAW,8/8/3rB3/8/3K2n1/8/3R4/7k w - - 0 1
0,1,0,0,0,0,0,1,-1,1,0,1,1,1,0,0,0,0,0,16,0,0,3,6,7,3,6,5,2,20,25,0,0,0,0,0,0,0,0,7,1,1,0,0,0,0,3,0,0,1,KRBKRNvK,DRAW,6K1/3k3r/8/8/R3B3/8/8/1n6 b - - 0 1
0,1,0,0,0,0,0,1,-1,1,0,1,1,1,0,0,0,0,0,16,0,0,7,5,7,1,0,4,5,2,0,1,0,0,0,0,0,0,0,7,1,1,0,0,0,0,3,0,0,0,KRBKRNvK,DRAW,5KB1/8/r7/8/8/n7/8/1k2R3 b - - 0 1
0,1,0,0,0,0,0,1,-1,1,0,1,1,1,0,0,0,0,0,16,0,0,2,2,6,1,4,3,2,23,28,0,0,0,0,0,0,0,0,7,1,1,1,0,0,0,1,2,0,0,KRBKRNvK,DRAW,8/2K2R2/8/1k6/7r/4B3/8/2n5 b - - 0 1
0,1,0,0,0,0,0,1,-1,1,0,1,1,1,0,0,0,0,0,16,0,0,3,2,2,5,2,2,2,23,28,0,0,0,0,0,0,0,0,7,1,1,1,0,0,0,2,2,0,2,KRBKRNvK,DRAW,8/6R1/4B3/8/1r6/n1K2k2/8/8 b - - 0 1
1,1,0,0,0,0,0,1,-1,1,0,1,1,1,0,0,0,0,0,16,0,0,5,3,5,7,0,1,6,22,21,0,0,0,0,0,0,0,0,7,1,1,0,0,0,0,3,2,1,1,KRBKRNvK,DRAW,8/8/3K1R2/8/2r5/8/3n1B2/7k w - - 0 1
0,1,0,0,0,0,0,1,-1,1,0,1,1,1,0,0,0,0,0,16,0,0,3,4,7,1,7,3,5,21,16,0,0,0,0,0,0,0,0,7,1,1,0,0,0,0,2,1,0,1,KRBKRNvK,DRAW,1k2K3/8/1n3r2/8/8/8/RB6/8 b - - 0 1
0,1,0,0,0,0,0,1,-1,1,0,1,1,1,0,0,0,0,0,16,0,0,3,7,4,4,3,3,0,15,13,0,0,0,0,0,0,0,0,7,1,1,0,1,0,0,1,3,0,1,KRBKRNvK,DRAW,1B6/8/8/7K/4k1nR/8/6r1/8 b - - 0 1
1,1,0,0,0,0,0,1,-1,1,0,1,1,1,0,0,0,0,0,16,0,0,4,3,3,7,4,0,3,24,21,0,0,0,0,0,0,0,0,7,1,1,0,1,0,0,4,0,0,0,KRBKRNvK,DRAW,2n5/8/8/7k/3K4/1R2B3/6r1/8 w - - 0 1
1,1,0,0,0,0,0,1,-1,1,0,1,1,1,0,0,0,0,0,16,0,0,6,0,0,0,6,6,5,26,21,0,0,0,0,0,0,0,0,7,1,1,0,1,0,0,1,2,1,0,KRBKRNvK,DRAW,8/k7/2R5/3n1B2/8/8/3r4/K7 w - - 0 1
0,1,0,0,0,0,0,1,-1,1,0,1,1,1,0,0,0,0,0,16,0,0,5,5,2,1,7,2,5,22,24,0,0,0,0,0,0,0,0,7,1,1,0,0,0,0,2,2,0,1,KRBKRNvK,DRAW,1k6/8/8/3r4/5R1B/5K2/n7/8 b - - 0 1
0,1,0,0,0,0,0,1,-1,1,0,1,1,1,0,0,0,0,0,16,0,0,5,6,5,1,0,3,5,17,32,0,0,0,0,0,0,0,0,7,1,1,1,0,0,0,1,1,0,0,KRBKRNvK,DRAW,2r5/1R6/6K1/8/1n1B4/8/8/1k6 b - - 0 1
0,1,0,0,0,0,0,1,-1,1,0,1,1,1,0,0,0,0,0,16,0,0,6,6,6,1,0,4,5,5,0,1,0,0,0,0,0,0,0,7,1,1,0,0,0,0,3,2,0,0,KRBKRNvK,LOSS,8/6K1/6B1/1R6/1r6/8/1n6/1k6 b - - 0 1
1,1,0,0,0,0,0,1,-1,1,0,1,1,1,0,0,0,0,0,16,0,0,2,6,3,6,1,2,4,23,22,0,0,0,0,0,0,0,0,7,1,1,0,0,0,0,1,3,1,1,KRBKRNvK,DRAW,1R6/8/8/r5n1/6K1/8/6kB/8 w - - 0 1
1,1,0,0,0,0,0,1,-1,1,0,1,1,1,0,0,0,0,0,16,0,0,5,2,1,2,6,3,3,28,16,0,0,0,0,0,0,0,0,7,1,1,0,0,0,0,0,0,1,0,KRBKRNvK,DRAW,n7/2k2r2/1R6/8/8/8/2K5/2B5 w - - 0 1
1,1,0,0,0,0,0,1,-1,1,0,1,1,1,0,0,0,0,0,16,0,0,7,7,6,0,2,5,4,6,0,1,0,0,0,0,0,0,0,7,1,1,0,0,0,0,3,2,1,0,KRBKRNvK,LOSS,8/4r2K/8/8/5R2/k1Bn4/8/8 w - - 0 1
0,1,0,0,0,0,0,1,-1,1,0,1,1,1,0,0,0,0,0,16,0,0,3,2,7,5,4,4,1,23,18,0,0,0,0,0,0,0,0,7,1,1,0,0,0,0,1,2,0,0,KRBKRNvK,DRAW,R1K5/8/5r2/5k2/3n4/8/1B6/8 b - - 0 1
1,1,0,0,0,0,0,1,-1,1,0,1,1,1,0,0,0,0,0,16,0,0,6,7,5,1,0,4,5,22,19,0,0,0,0,0,0,0,0,7,1,1,0,0,0,0,0,2,1,2,KRBKRNvK,DRAW,8/8/2R4K/8/6rn/B7/8/1k6 w - - 0 1
0,1,0,0,0,0,0,1,-1,1,0,1,1,1,0,0,0,0,0,16,0,0,4,6,2,2,3,3,1,24,27,0,0,0,0,0,0,0,0,7,1,1,0,0,0,0,1,3,1,1,KRBKRNvK,DRAW,8/8/1B1n4/8/2k4r/6K1/8/5R2 b - - 0 1
0,1,0,0,0,0,0,1,-1,1,0,1,1,1,0,0,0,0,0,16,0,0,4,2,0,3,4,4,0,19,23,0,0,0,0,0,0,0,0,7,1,1,1,0,0,0,0,4,1,0,KRBKRNvK,DRAW,8/1nR5/7B/3k1r2/8/8/8/2K5 b - - 0 1
1,1,0,0,0,0,0,1,-1,1,0,1,1,1,0,0,0,0,0,16,0,0,5,0,6,5,7,5,4,21,22,0,0,0,0,0,0,0,0,7,1,1,0,0,0,0,2,1,0,0,KRBKRNvK,DRAW,5k2/K7/3n1r2/B7/R7/8/8/8 w - - 0 1
1,1,0,0,0,0,0,1,-1,1,0,1,1,1,0,0,0,0,0,16,0,0,6,7,4,1,6,3,4,18,29,0,0,0,0,0,0,0,0,7,1,1,0,0,0,0,2,0,0,0,KRBKRNvK,DRAW,r7/1k6/8/4n2K/7R/8/8/4B3 w - - 0 1
1,1,0,0,0,0,0,1,-1,1,0,1,1,1,0,0,0,0,0,16,0,0,2,0,2,0,0,4,6,26,18,0,0,0,0,0,0,0,0,7,1,1,0,0,0,0,3,2,0,0,KRBKRNvK,WIN,4R3/8/8/5r2/8/K7/6Bn/k7 w - - 0 1
0,1,0,0,0,0,0,1,-1,1,0,1,1,1,0,0,0,0,0,16,0,0,3,3,4,0,4,0,3,18,29,0,0,0,0,0,0,0,0,7,1,1,0,0,0,0,3,0,0,0,KRBKRNvK,DRAW,r7/8/7B/k2K4/8/7n/4R3/8 b - - 0 1
1,1,0,0,0,0,0,1,-1,1,0,1,1,1,0,0,0,0,0,16,0,0,4,0,0,4,2,6,1,25,22,0,0,0,0,0,0,0,0,7,1,1,0,0,0,0,3,4,1,0,KRBKRNvK,DRAW,3n4/8/8/2r5/R3B3/4k3/8/K7 w - - 0 1
1,1,0,0,0,0,0,1,-1,1,0,1,1,1,0,0,0,0,0,16,0,0,6,3,1,0,7,2,6,6,0,1,0,0,0,0,0,0,0,7,1,1,0,0,0,0,2,3,0,0,KRBKRNvK,DRAW,k2r4/8/8/8/6n1/8/3K4/B6R w - - 0 1
1,1,0,0,0,0,0,1,-1,1,0,1,1,1,0,0,0,0,0,16,0,0,2,7,5,6,3,4,2,3,0,1,0,0,0,0,0,0,0,7,1,1,1,0,0,0,2,0,0,1,KRBKRNvK,DRAW,B6r/5R2/7K/8/6k1/8/8/7n w - - 0 1
1,1,0,0,0,0,0,1,-1,1,0,1,1,1,0,0,0,0,0,16,0,0,3,7,4,4,4,3,0,23,23,0,0,0,0,0,0,0,0,7,1,1,0,0,0,0,0,3,1,0,KRBKRNvK,DRAW,8/2r5/n7/4k1BK/8/8/6R1/8 w - - 0 1
1,1,0,0,0,0,0,1,-1,1,0,1,1,1,0,0,0,0,0,16,0,0,5,3,2,0,7,1,6,4,0,1,0,0,0,0,0,0,0,7,1,1,0,0,0,0,2,2,1,1,KRBKRNvK,DRAW,k1B5/8/2n5/8/8/1r1K4/3R4/8 w - - 0 1
0,1,0,0,0,0,0,1,-1,1,0,1,1,1,0,0,0,0,0,16,0,0,5,6,7,5,2,5,2,4,0,1,0,0,0,0,0,0,0,7,1,1,0,0,0,0,2,3,2,1,KRBKRNvK,DRAW,6K1/8/6n1/1r6/3R4/5k2/8/7B b - - 0 1
1,1,0,0,0,0,0,1,-1,1,0,1,1,1,0,0,0,0,0,16,0,0,7,0,2,7,1,4,5,26,19,0,0,0,0,0,0,0,0,7,1,1,0,0,0,0,0,0,1,0,KRBKRNvK,DRAW,n7/8/6r1/8/1B6/K7/7k/5R2 w - - 0 1
0,1,0,0,0,0,0,1,-1,1,0,1,1,1,0,0,0,0,0,16,0,0,4,7,2,3,0,4,3,20,20,0,0,0,0,0,0,0,0,7,1,1,0,0,0,0,2,2,1,1,KRBKRNvK,DRAW,7B/1n6/8/8/6r1/7K/1R6/3k4 b - - 0 1
1,1,0,0,0,0,0,1,-1,1,0,1,1,1,0,0,0,0,0,16,0,0,2,0,7,2,5,6,2,25,22,0,0,0,0,0,0,0,0,7,1,1,0,0,0,0,2,3,1,1,KRBKRNvK,DRAW,K7/1n2B3/2k5/8/6R1/4r3/8/8 w - - 0 1
1,1,0,0,0,0,0,1,-1,1,0,1,1,1,0,0,0,0,0,16,0,0,4,3,6,7,2,2,4,7,0,1,0,0,0,0,0,0,0,7,1,1,0,0,0,0,2,3,1,1,KRBKRNvK,DRAW,8/3K4/5n2/4R2B/8/7k/8/4r3 w - - 0 1
0,1,0,0,0,0,0,1,-1,1,0,1,1,1,0,0,0,0,0,16,0,0,4,5,1,1,2,3,3,28,27,0,0,0,0,0,0,0,0,7,1,1,1,0,0,0,1,1,0,1,KRBKRNvK,DRAW,6r1/5R2/3B4/8/8/1k2n3/5K2/8 b - - 0 1
1,1,0,0,0,0,0,1,-1,1,0,1,1,1,0,0,0,0,0,16,0,0,3,2,5,5,4,2,1,29,26,0,0,0,0,0,0,0,0,7,1,1,1,0,0,0,2,4,2,1,KRBKRNvK,DRAW,8/6R1/2K5/5k2/2n5/4B3/8/3r4 w - - 0 1
1,1,0,0,0,0,0,1,-1,1,0,1,1,1,0,0,0,0,0,16,0,0,3,3,1,6,3,2,2,29,17,0,0,0,0,0,0,0,0,7,1,1,0,0,0,0,3,0,2,1,KRBKRNvK,DRAW,8/6r1/8/4R3/6k1/8/1n1K1B2/8 w - - 0 1
0,1,0,0,0,0,0,1,-1,1,0,1,1,1,0,0,0,0,0,16,0,0,5,1,1,6,2,4,3,23,26,0,0,0,0,0,0,0,0,7,1,1,0,0,0,0,2,1,0,1,KRBKRNvK,DRAW,8/8/8/3B4/3R4/6k1/1K1n4/7r b - - 0 1
0,1,0,0,0,0,0,1,-1,1,0,1,1,1,0,0,0,0,0,16,0,0,5,3,7,3,2,3,1,22,25,0,0,0,0,0,0,0,0,7,1,1,0,0,0,0,3,2,1,0,KRBKRNvK,DRAW,B2K2n1/8/8/8/5r2/3k4/8/4R3 b - - 0 1
1,1,0,0,0,0,0,1,-1,1,0,1,1,1,0,0,0,0,0,16,0,0,3,1,4,4,6,2,2,27,21,0,0,0,0,0,0,0,0,7,1,1,0,0,0,0,0,0,0,0,KRBKRNvK,WIN,n4r2/4k3/8/BK6/8/8/8/2R5 w - - 0 1
0,1,0,0,0,0,0,1,-1,1,0,1,1,1,0,0,0,0,0,16,0,0,7,6,0,7,7,5,6,2,0,1,0,0,0,0,0,0,0,7,1,1,0,1,0,0,2,2,0,0,KRBKRNvK,DRAW,2B1R2k/8/8/8/8/8/1n1r4/6K1 b - - 0 1
1,1,0,0,0,0,0,1,-1,1,0,1,1,1,0,0,0,0,0,16,0,0,6,0,5,6,6,4,4,25,19,0,0,0,0,0,0,0,0,7,1,1,0,1,0,0,2,0,1,0,KRBKRNvK,DRAW,8/4B1k1/K7/7n/R7/8/7r/8 w - - 0 1
1,1,0,0,0,0,0,1,-1,1,0,1,1,1,0,0,0,0,0,16,0,0,5,3,6,2,1,2,3,27,17,0,0,0,0,0,0,0,0,7,1,1,0,0,0,0,1,0,0,1,KRBKRNvK,DRAW,6B1/1n1K4/5R2/8/8/8/2k5/2r5 w - - 0 1
0,1,0,0,0,0,0,1,-1,1,0,1,1,1,0,0,0,0,0,16,0,0,6,7,6,1,0,5,5,22,23,0,0,0,0,0,0,0,0,7,1,1,0,0,0,0,2,1,0,0,KRBKRNvK,DRAW,2r5/7K/8/2n5/8/7R/6B1/1k6 b - - 0 1
0,1,0,0,0,0,0,1,-1,1,0,1,1,1,0,0,0,0,0,16,0,0,4,4,5,0,3,1,3,4,0,1,0,0,0,0,0,0,0,7,1,1,0,0,0,0,2,3,1,1,KRBKRNvK,DRAW,8/8/4K3/5r2/k7/1B4n1/8/1R6 b - - 0 1
1,1,0,0,0,0,0,1,-1,1,0,1,1,1,0,0,0,0,0,16,0,0,5,6,0,4,5,5,1,28,18,0,0,0,0,0,0,0,0,7,1,1,1,0,0,0,1,3,0,0,KRBKRNvK,DRAW,8/R7/4k3/8/1n2r3/6B1/8/6K1 w - - 0 1
1,1,0,0,0,0,0,1,-1,1,0,1,1,1,0,0,0,0,0,16,0,0,5,1,4,6,7,2,5,24,23,0,0,0,0,0,0,0,0,7,1,1,0,0,0,0,2,1,1,1,KRBKRNvK,DRAW,5Bk1/8/6r1/1K6/8/1n6/8/3R4 w - - 0 1
0,1,0,0,0,0,0,1,-1,1,0,1,1,1,0,0,0,0,0,16,0,0,5,6,7,1,4,5,2,30,18,0,0,0,0,0,0,0,0,7,1,1,0,1,0,0,2,1,0,0,KRBKRNvK,DRAW,6K1/8/8/1k6/8/3n4/7r/B2R4 b - - 0 1
1,1,0,0,0,0,0,1,-1,1,0,1,1,1,0,0,0,0,0,16,0,0,4,0,4,4,2,3,1,5,0,1,0,0,0,0,0,0,0,7,1,1,0,0,0,0,1,2,1,1,KRBKRNvK,DRAW,8/8/5R2/K7/8/1n1Bk2r/8/8 w - - 0 1
1,1,0,0,0,0,0,1,-1,1,0,1,1,1,0,0,0,0,0,16,0,0,6,7,1,6,7,5,5,23,27,0,0,0,0,0,0,0,0,7,1,1,0,0,0,0,0,1,0,0,KRBKRNvK,DRAW,6k1/8/3n4/8/7B/1r6/2R4K/8 w - - 0 1
1,1,0,0,0,0,0,1,-1,1,0,1,1,1,0,0,0,0,0,16,0,0,7,0,7,6,0,6,5,24,21,0,0,0,0,0,0,0,0,7,1,1,0,0,0,0,0,2,0,0,KRBKRNvK,DRAW,K7/4B3/8/4r3/8/R7/8/4n1k1 w - - 0 1
1,1,0,0,0,0,0,1,-1,1,0,1,1,1,0,0,0,0,0,16,0,0,4,7,7,5,3,6,1,23,22,0,0,0,0,0,0,0,0,7,1,1,0,0,0,0,1,3,2,0,KRBKRNvK,DRAW,7K/2n5/5R2/4rB2/5k2/8/8/8 w - - 0 1
1,1,0,0,0,0,0,1,-1,1,0,1,1,1,0,0,0,0,0,16,0,0,4,2,1,6,0,3,5,5,0,1,0,0,0,0,0,0,0,7,1,1,0,0,0,0,2,3,1,0,KRBKRNvK,DRAW,8/8/8/2r3n1/8/5B2/1RK5/6k1 w - - 0 1
1,1,0,0,0,0,0,1,-1,1,0,1,1,1,0,0,0,0,0,16,0,0,3,6,5,3,7,3,3,22,15,0,0,0,0,0,0,0,0,7,1,1,1,0,0,0,1,0,0,0,KRBKRNvK,DRAW,3k4/6R1/6K1/8/8/4Br1n/8/8 w - - 0 1
1,1,0,0,0,0,0,1,-1,1,0,1,1,1,0,0,0,0,0,16,0,0,4,3,5,7,2,1,4,23,20,0,0,0,0,0,0,0,0,7,1,1,0,0,0,0,3,0,0,0,KRBKRNvK,DRAW,1B6/8/3K4/4R3/8/7k/8/1n4r1 w - - 0 1
1,1,0,0,0,0,0,1,-1,1,0,1,1,1,0,0,0,0,0,16,0,0,7,3,7,3,0,3,3,6,0,1,0,0,0,0,0,0,0,7,1,1,0,1,0,0,1,3,0,0,KRBKRNvK,DRAW,3K4/8/R7/6n1/8/8/B2r4/3k4 w - - 0 1
1,1,0,0,0,0,0,1,-1,1,0,1,1,1,0,0,0,0,0,16,0,0,6,2,6,1,0,3,5,27,19,0,0,0,0,0,0,0,0,7,1,1,0,0,0,0,1,1,2,1,KRBKRNvK,DRAW,8/2K5/3n3r/8/8/1B6/R7/1k6 w - - 0 1
1,1,0,0,0,0,0,1,-1,1,0,1,1,1,0,0,0,0,0,16,0,0,3,4,1,1,2,2,3,27,24,0,0,0,0,0,0,0,0,7,1,1,0,0,0,0,2,2,1,1,KRBKRNvK,DRAW,3B4/7n/8/8/2r5/1k6/4K3/3R4 w - - 0 1
1,1,0,0,0,0,0,1,-1,1,0,1,1,1,0,0,0,0,0,16,0,0,6,2,6,7,0,3,6,27,18,0,0,0,0,0,0,0,0,7,1,1,0,0,0,0,2,0,0,0,KRBKRNvK,DRAW,8/2K5/3B4/6R1/8/1r6/8/3n3k w - - 0 1
1,1,0,0,0,0,0,1,-1,1,0,1,1,1,0,0,0,0,0,16,0,0,2,6,3,6,1,2,4,3,0,1,0,0,0,0,0,0,0,7,1,1,1,0,0,0,0,2,0,1,KRBKRNvK,DRAW,8/2R5/8/1B6/1r4K1/6n1/6k1/8 w - - 0 1
1,1,0,0,0,0,0,1,-1,1,0,1,1,1,0,0,0,0,0,16,0,0,3,5,4,3,1,1,2,4,0,1,0,0,0,0,0,0,0,7,1,1,0,0,0,0,3,2,0,2,KRBKRNvK,DRAW,8/3B4/3r4/5K2/6R1/4n3/3k4/8 w - - 0 1
1,1,0,0,0,0,0,1,-1,1,0,1,1,1,0,0,0,0,0,16,0,0,5,7,2,2,6,4,3,4,0,1,0,0,0,0,0,0,0,7,1,1,0,0,0,0,0,1,1,0,KRBKRNvK,DRAW,8/2k1B3/7r/2n5/8/7K/8/2R5 w - - 0 1
1,1,0,0,0,0,0,1,-1,1,0,1,1,1,0,0,0,0,0,16,0,0,3,3,5,6,7,1,5,24,21,0,0,0,0,0,0,0,0,7,1,1,0,0,0,0,2,0,0,0,KRBKRNvK,DRAW,6k1/8/3K4/8/8/r7/6n1/4BR2 w - - 0 1
1,1,0,0,0,0,0,1,-1,1,0,1,1,1,0,0,0,0,0,16,0,0,6,0,1,6,7,5,5,27,22,0,0,0,0,0,0,0,0,7,1,1,0,0,0,0,0,1,0,0,KRBKRNvK,DRAW,6k1/8/8/8/4nr2/8/K3B3/1R6 w - - 0 1
1,1,0,0,0,0,0,1,-1,1,0,1,1,1,0,0,0,0,0,16,0,0,4,4,6,0,7,2,6,25,14,0,0,0,0,0,0,0,0,7,1,1,1,1,0,0,1,0,1,0,KRBKRNvK,DRAW,k7/2R1K3/8/8/2B5/8/2r5/4n3 w - - 0 1
0,1,0,0,0,0,0,1,-1,1,0,1,1,1,0,0,0,0,0,16,0,0,5,1,2,6,4,3,2,18,29,0,0,0,0,0,0,0,0,7,1,1,0,0,0,0,3,0,1,1,KRBKRNvK,DRAW,8/8/6r1/2R1B1k1/8/1K6/8/3n4 b - - 0 1
1,1,0,0,0,0,0,1,-1,1,0,1,1,1,0,0,0,0,0,16,0,0,5,6,3,1,5,2,3,21,22,0,0,0,0,0,0,0,0,7,1,1,0,0,0,0,0,1,2,0,KRBKRNvK,DRAW,3R4/3B4/1k6/8/6K1/8/3n4/1r6 w - - 0 1
1,1,0,0,0,0,0,1,-1,1,0,1,1,1,0,0,0,0,0,16,0,0,4,2,7,6,6,4,4,15,23,0,0,0,0,0,0,0,0,7,1,1,0,0,0,0,0,0,0,0,KRBKRNvK,DRAW,R1K5/6k1/8/8/8/Br6/8/7n w - - 0 1
1,1,0,0,0,0,0,1,-1,1,0,1,1,1,0,0,0,0,0,16,0,0,6,5,0,6,6,4,4,23,23,0,0,0,0,0,0,0,0,7,1,1,0,0,0,0,2,2,0,0,KRBKRNvK,DRAW,8/4r1k1/8/8/2R5/8/8/1n3KB1 w - - 0 1
1,1,0,0,0,0,0,1,-1,1,0,1,1,1,0,0,0,0,0,16,0,0,4,1,4,5,2,2,2,24,18,0,0,0,0,0,0,0,0,7,1,1,0,0,0,0,0,1,1,1,KRBKRNvK,DRAW,6R1/8/8/1K6/8/2r2k2/8/2n2B2 w - - 0 1
1,1,0,0,0,0,0,1,-1,1,0,1,1,1,0,0,0,0,0,16,0,0,2,2,6,4,5,3,1,6,0,1,0,0,0,0,0,0,0,7,1,1,0,1,0,0,1,2,1,1,KRBKRNvK,LOSS,8/2K5/4k3/4nR2/1B6/8/2r5/8 w - - 0 1
1,1,0,0,0,0,0,1,-1,1,0,1,1,1,0,0,0,0,0,16,0,0,2,1,6,3,7,4,3,4,0,1,0,0,0,0,0,0,0,7,1,1,0,0,0,0,0,2,1,1,KRBKRNvK,DRAW,3k1B2/1K6/8/1r6/8/5R2/8/7n w - - 0 1
1,1,0,0,0,0,0,1,-1,1,0,1,1,1,0,0,0,0,0,16,0,0,5,6,5,1,5,3,3,31,17,0,0,0,0,0,0,0,0,7,1,1,0,0,0,0,2,2,1,0,KRBKRNvK,DRAW,8/8/1k4K1/2R5/1r6/6B1/8/n7 w - - 0 1
1,1,0,0,0,0,0,1,-1,1,0,1,1,1,0,0,0,0,0,16,0,0,2,2,4,0,2,1,4,4,0,1,0,0,0,0,0,0,0,7,1,1,0,0,0,0,2,3,0,2,KRBKRNvK,DRAW,7R/8/8/2K1r3/4B3/kn6/8/8 w - - 0 1
1,1,0,0,0,0,0,1,-1,1,0,1,1,1,0,0,0,0,0,16,0,0,2,6,5,7,3,3,3,24,18,0,0,0,0,0,0,0,0,7,1,1,0,0,0,0,0,2,1,0,KRBKRNvK,DRAW,2B5/8/5RK1/8/3r3k/8/1n6/8 w - - 0 1
0,1,0,0,0,0,0,1,-1,1,0,1,1,1,0,0,0,0,0,16,0,0,4,5,4,6,0,1,5,5,0,1,0,0,0,0,0,0,0,7,1,1,0,1,0,0,3,0,0,0,KRBKRNvK,LOSS,8/B7/8/n4K2/8/R7/r7/6k1 b - - 0 1
1,1,0,0,0,0,0,1,-1,1,0,1,1,1,0,0,0,0,0,16,0,0,7,0,4,7,6,3,5,4,0,1,0,0,0,0,0,0,0,7,1,1,0,0,0,0,2,3,0,1,KRBKRNvK,DRAW,1R6/3r3k/8/K7/2n5/8/8/B7 w - - 0 1
0,1,0,0,0,0,0,1,-1,1,0,1,1,1,0,0,0,0,0,16,0,0,4,1,2,5,3,3,1,20,25,0,0,0,0,0,0,0,0,7,1,1,0,1,0,0,3,2,0,1,KRBKRNvK,DRAW,4R3/8/8/8/5k2/1K6/2r3n1/6B1 b - - 0 1
0,1,0,0,0,0,0,1,-1,1,0,1,1,1,0,0,0,0,0,16,0,0,6,7,1,4,7,5,3,21,24,0,0,0,0,0,0,0,0,7,1,1,0,0,0,0,2,1,0,0,KRBKRNvK,DRAW,1r2k3/8/6n1/8/8/8/7K/R6B b - - 0 1
0,1,0,0,0,0,0,1,-1,1,0,1,1,1,0,0,0,0,0,16,0,0,2,5,1,3,2,3,1,6,0,1,0,0,0,0,0,0,0,7,1,1,0,0,0,0,0,2,0,1,KRBKRNvK,DRAW,8/2r5/8/8/6B1/R2k4/5K1n/8 b - - 0 1
1,1,0,0,0,0,0,1,-1,1,0,1,1,1,0,0,0,0,0,16,0,0,5,5,1,1,6,3,4,29,20,0,0,0,0,0,0,0,0,7,1,1,0,0,0,0,0,2,0,0,KRBKRNvK,DRAW,8/1k6/7B/8/1r6/1n6/5K2/R7 w - - 0 1
0,1,0,0,0,0,0,1,-1,1,0,1,1,1,0,0,0,0,0,16,0,0,3,3,4,0,4,0,3,22,20,0,0,0,0,0,0,0,0,7,1,1,0,0,0,0,4,3,1,1,KRBKRNvK,DRAW,8/8/2B3n1/k2K4/5r2/8/8/2R5 b - - 0 1
0,1,0,0,0,0,0,1,-1,1,0,1,1,1,0,0,0,0,0,16,0,0,2,3,3,4,5,0,1,20,19,0,0,0,0,0,0,0,0,7,1,1,0,1,0,0,4,3,2,1,KRBKRNvK,DRAW,2R5/5n2/4k3/2B5/3K4/8/4r3/8 b - - 0 1
0,1,0,0,0,0,0,1,-1,1,0,1,1,1,0,0,0,0,0,16,0,0,3,4,2,7,0,1,6,21,21,0,0,0,0,0,0,0,0,7,1,1,0,0,0,0,3,2,0,1,KRBKRNvK,DRAW,8/8/8/3r4/2B5/1n2K3/2R5/7k b - - 0 1
0,1,0,0,0,0,0,1,-1,1,0,1,1,1,0,0,0,0,0,16,0,0,2,6,4,6,6,2,4,21,24,0,0,0,0,0,0,0,0,7,1,1,0,0,0,0,1,0,0,1,KRBKRNvK,DRAW,1R6/5rk1/2B5/3n2K1/8/8/8/8 b - - 0 1
0,1,0,0,0,0,0,1,-1,1,0,1,1,1,0,0,0,0,0,16,0,0,4,3,2,4,6,1,2,20,23,0,0,0,0,0,0,0,0,7,1,1,0,0,0,0,3,1,1,0,KRBKRNvK,DRAW,8/2B1kr2/8/8/6n1/3K4/3R4/8 b - - 0 1
1,1,0,0,0,0,0,1,-1,1,0,1,1,1,0,0,0,0,0,16,0,0,4,1,5,0,1,3,5,31,19,0,0,0,0,0,0,0,0,7,1,1,0,0,0,0,2,1,0,0,KRBKRNvK,DRAW,8/5nr1/1K6/4R3/8/8/k2B4/8 w - - 0 1
0,1,0,0,0,0,0,1,-1,1,0,1,1,1,0,0,0,0,0,16,0,0,3,3,3,4,0,0,3,18,24,0,0,0,0,0,0,0,0,7,1,1,1,0,0,0,3,1,0,0,KRBKRNvK,DRAW,8/4n2R/B7/8/3K4/8/8/4k1r1 b - - 0 1
1,1,0,0,0,0,0,1,-1,1,0,1,1,1,0,0,0,0,0,16,0,0,4,1,5,5,2,3,2,22,22,0,0,0,0,0,0,0,0,7,1,1,0,0,0,0,2,2,0,1,KRBKRNvK,DRAW,3B4/8/1K2R3/8/r7/5k2/6n1/8 w - - 0 1
0,1,0,0,0,0,0,1,-1,1,0,1,1,1,0,0,0,0,0,16,0,0,4,2,0,6,1,4,4,6,0,1,0,0,0,0,0,0,0,7,1,1,0,0,0,0,2,1,2,0,KRBKRNvK,DRAW,7r/8/8/8/5Bn1/8/4R1k1/2K5 b - - 0 1
1,1,0,0,0,0,0,1,-1,1,0,1,1,1,0,0,0,0,0,16,0,0,2,3,5,2,3,1,1,27,22,0,0,0,0,0,0,0,0,7,1,1,0,1,0,0,2,2,0,0,KRBKRNvK,DRAW,7n/8/3K4/8/2k4B/8/r7/6R1 w - - 0 1
0,1,0,0,0,0,0,1,-1,1,0,1,1,1,0,0,0,0,0,16,0,0,3,6,3,3,1,2,2,6,0,1,0,0,0,0,0,0,0,7,1,1,0,0,0,0,0,1,1,0,KRBKRNvK,DRAW,8/3B4/2r5/8/6K1/8/2nk1R2/8 b - - 0 1
1,1,0,0,0,0,0,1,-1,1,0,1,1,1,0,0,0,0,0,16,0,0,3,2,2,5,4,2,1,6,0,1,0,0,0,0,0,0,0,7,1,1,0,0,0,0,2,2,1,1,KRBKRNvK,DRAW,7R/8/8/5k2/3B4/2K5/8/1n4r1 w - - 0 1
1,1,0,0,0,0,0,1,-1,1,0,1,1,1,0,0,0,0,0,16,0,0,2,3,3,5,2,0,2,18,20,0,0,0,0,0,0,0,0,7,1,1,0,0,0,0,4,2,1,0,KRBKRNvK,WIN,8/1B6/6n1/3R4/3K4/5k2/8/5r2 w - - 0 1
1,1,0,0,0,0,0,1,-1,1,0,1,1,1,0,0,0,0,0,16,0,0,5,1,4,6,0,2,5,24,20,0,0,0,0,0,0,0,0,7,1,1,0,0,0,0,2,2,0,1,KRBKRNvK,DRAW,8/8/8/1K2R3/3r3B/8/7n/6k1 w - - 0 1
0,1,0,0,0,0,0,1,-1,1,0,1,1,1,0,0,0,0,0,16,0,0,3,2,1,3,4,3,0,4,0,1,0,0,0,0,0,0,0,7,1,1,0,0,0,0,1,3,1,1,KRBKRNvK,DRAW,1B6/6n1/3R4/3k4/8/1r6/2K5/8 b - - 0 1
0,1,0,0,0,0,0,1,-1,1,0,1,1,1,0,0,0,0,0,16,0,0,4,3,7,1,3,3,2,28,21,0,0,0,0,0,0,0,0,7,1,1,0,0,0,0,2,2,0,1,KRBKRNvK,DRAW,2BK4/3n4/8/6r1/1k6/8/4R3/8 b - - 0 1
0,1,0,0,0,0,0,1,-1,1,0,1,1,1,0,0,0,0,0,16,0,0,3,1,5,0,2,3,4,23,29,0,0,0,0,0,0,0,0,7,1,1,1,0,0,0,1,2,0,1,KRBKRNvK,DRAW,8/1n5R/1K6/8/6r1/k2B4/8/8 b - - 0 1
1,1,0,0,0,0,0,1,-1,1,0,1,1,1,0,0,0,0,0,16,0,0,6,7,6,2,0,5,4,24,21,0,0,0,0,0,0,0,0,7,1,1,0,0,0,0,0,2,0,0,KRBKRNvK,DRAW,3B4/7K/1R6/8/5r2/8/5n2/2k5 w - - 0 1
1,1,0,0,0,0,0,1,-1,1,0,1,1,1,0,0,0,0,0,16,0,0,2,1,0,2,2,5,2,24,19,0,0,0,0,0,0,0,0,7,1,1,1,0,0,0,2,1,0,0,KRBKRNvK,DRAW,5n2/4R3/8/8/8/2k3r1/8/1K3B2 w - - 0 1
1,1,0,0,0,0,0,1,-1,1,0,1,1,1,0,0,0,0,0,16,0,0,4,7,1,3,1,5,2,30,21,0,0,0,0,0,0,0,0,7,1,1,0,0,0,0,1,1,1,0,KRBKRNvK,DRAW,8/8/2r5/1nB5/8/5R2/3k3K/8 w - - 0 1
0,1,0,0,0,0,0,1,-1,1,0,1,1,1,0,0,0,0,0,16,0,0,4,1,6,4,2,4,1,20,22,0,0,0,0,0,0,0,0,7,1,1,0,0,0,0,2,3,1,0,KRBKRNvK,DRAW,7B/1K6/8/8/6r1/2Rnk3/8/8 b - - 0 1
0,1,0,0,0,0,0,1,-1,1,0,1,1,1,0,0,0,0,0,16,0,0,3,5,6,2,7,3,4,23,25,0,0,0,0,0,0,0,0,7,1,1,0,0,0,0,2,2,0,1,KRBKRNvK,DRAW,2k5/5Kn1/5R2/8/r7/2B5/8/8 b - - 0 1
0,1,0,0,0,0,0,1,-1,1,0,1,1,1,0,0,0,0,0,16,0,0,2,2,7,4,5,4,1,3,0,1,0,0,0,0,0,0,0,7,1,1,0,0,0,0,1,4,1,0,KRBKRNvK,DRAW,2K5/8/2R1k3/8/3n2r1/8/B7/8 b - - 0 1
1,1,0,0,0,0,0,1,-1,1,0,1,1,1,0,0,0,0,0,16,0,0,4,3,3,3,7,0,3,26,22,0,0,0,0,0,0,0,0,7,1,1,1,0,0,0,4,1,1,0,KRBKRNvK,DRAW,3k4/4R3/7r/6n1/3K4/8/5B2/8 w - - 0 1
0,1,0,0,0,0,0,1,-1,1,0,1,1,1,0,0,0,0,0,16,0,0,2,2,7,0,5,4,4,19,23,0,0,0,0,0,0,0,0,7,1,1,0,0,0,0,2,2,0,1,KRBKRNvK,DRAW,2K4B/8/k2r4/8/8/1R6/8/5n2 b - - 0 1
1,1,0,0,0,0,0,1,-1,1,0,1,1,1,0,0,0,0,0,16,0,0,4,6,0,6,4,5,2,30,20,0,0,0,0,0,0,0,0,7,1,1,0,0,0,0,1,2,1,0,KRBKRNvK,DRAW,2n5/8/7R/6k1/2B1r3/8/8/6K1 w - - 0 1
0,1,0,0,0,0,0,1,-1,1,0,1,1,1,0,0,0,0,0,16,0,0,2,2,3,0,2,1,4,4,0,1,0,0,0,0,0,0,0,7,1,1,0,0,0,0,2,1,0,1,KRBKRNvK,LOSS,3B4/8/4nr2/8/2K5/k5R1/8/8 b - - 0 1
1,1,0,0,0,0,0,1,-1,1,0,1,1,1,0,0,0,0,0,16,0,0,4,6,1,2,4,4,1,30,20,0,0,0,0,0,0,0,0,7,1,1,0,0,0,0,3,2,1,0,KRBKRNvK,DRAW,8/4n3/5r2/2k5/1R6/5B2/6K1/8 w - - 0 1
0,1,0,0,0,0,0,1,-1,1,0,1,1,1,0,0,0,0,0,16,0,0,5,3,6,5,1,2,3,4,0,1,0,0,0,0,0,0,0,7,1,1,0,0,0,0,2,1,1,1,KRBKRNvK,DRAW,8/3K4/8/r2n4/8/8/1R3kB1/8 b - - 0 1
1,1,0,0,0,0,0,1,-1,1,0,1,1,1,0,0,0,0,0,16,0,0,7,7,3,0,6,3,5,22,18,0,0,0,0,0,0,0,0,7,1,1,0,0,0,0,2,0,1,0,KRBKRNvK,DRAW,3R4/k5r1/8/B7/7K/8/8/1n6 w - - 0 1
0,1,0,0,0,0,0,1,-1,1,0,1,1,1,0,0,0,0,0,16,0,0,2,5,2,7,4,2,3,20,21,0,0,0,0,0,0,0,0,7,1,1,0,0,0,0,2,0,0,1,KRBKRNvK,DRAW,8/2r5/8/7k/8/B3RK2/8/7n b - - 0 1
0,1,0,0,0,0,0,1,-1,1,0,1,1,1,0,0,0,0,0,16,0,0,3,3,5,3,2,1,1,4,0,1,0,0,0,0,0,0,0,7,1,1,0,0,0,0,2,2,0,0,KRBKRNvK,LOSS,8/8/B2K4/8/8/R2k3r/8/4n3 b - - 0 1
0,1,0,0,0,0,0,1,-1,1,0,1,1,1,0,0,0,0,0,16,0,0,5,0,6,0,1,5,5,3,0,1,0,0,0,0,0,0,0,7,1,1,0,1,0,0,1,1,1,0,KRBKRNvK,DRAW,8/K7/8/8/2B5/4n3/k4Rr1/8 b - - 0 1
0,1,0,0,0,0,0,1,-1,1,0,1,1,1,0,0,0,0,0,16,0,0,6,1,3,7,6,2,5,22,20,0,0,0,0,0,0,0,0,7,1,1,0,0,0,0,2,0,0,1,KRBKRNvK,DRAW,8/3B3k/8/1R6/1K6/2r5/8/2n5 b - - 0 1
0,1,0,0,0,0,0,1,-1,1,0,1,1,1,0,0,0,0,0,16,0,0,4,5,0,3,4,4,0,28,21,0,0,0,0,0,0,0,0,7,1,1,0,0,0,0,0,4,0,0,KRBKRNvK,DRAW,6R1/8/4r3/3k2B1/8/2n5/8/5K2 b - - 0 1
1,1,0,0,0,0,0,1,-1,1,0,1,1,1,0,0,0,0,0,16,0,0,6,7,3,1,1,3,4,22,23,0,0,0,0,0,0,0,0,7,1,1,0,0,0,0,0,2,0,1,KRBKRNvK,DRAW,2nB4/8/8/5r2/7K/6R1/1k6/8 w - - 0 1
0,1,0,0,0,0,0,1,-1,1,0,1,1,1,0,0,0,0,0,16,0,0,3,7,1,4,0,5,3,19,30,0,0,0,0,0,0,0,0,7,1,1,0,0,0,0,3,0,1,0,KRBKRNvK,DRAW,3R4/7n/r7/8/8/5B2/7K/4k3 b - - 0 1
0,1,0,0,0,0,0,1,-1,1,0,1,1,1,0,0,0,0,0,16,0,0,3,2,4,5,3,1,1,21,21,0,0,0,0,0,0,0,0,7,1,1,1,0,0,0,2,2,0,0,KRBKRNvK,DRAW,5n1B/R7/5r2/2K5/5k2/8/8/8 b - - 0 1
0,1,0,0,0,0,0,1,-1,1,0,1,1,1,0,0,0,0,0,16,0,0,2,5,3,7,3,1,3,16,24,0,0,0,0,0,0,0,0,7,1,1,1,0,0,0,3,1,1,0,KRBKRNvK,DRAW,8/r2nR3/8/8/5K1k/8/6B1/8 b - - 0 1
0,1,0,0,0,0,0,1,-1,1,0,1,1,1,0,0,0,0,0,16,0,0,3,0,4,0,7,3,6,21,26,0,0,0,0,0,0,0,0,7,1,1,0,0,0,0,1,1,1,0,KRBKRNvK,DRAW,kr6/8/2R5/K7/5B2/8/2n5/8 b - - 0 1
0,1,0,0,0,0,0,1,-1,1,0,1,1,1,0,0,0,0,0,16,0,0,7,7,5,0,5,4,4,20,24,0,0,0,0,0,0,0,0,7,1,1,0,0,0,0,0,2,0,1,KRBKRNvK,DRAW,8/8/k6K/8/5r2/B7/1R6/2n5 b - - 0 1
0,1,0,0,0,0,0,1,-1,1,0,1,1,1,0,0,0,0,0,16,0,0,2,5,2,4,0,2,3,19,20,0,0,0,0,0,0,0,0,7,1,1,0,0,0,0,2,2,2,0,KRBKRNvK,DRAW,8/8/8/r7/8/5KB1/5R2/2n1k3 b - - 0 1
0,1,0,0,0,0,0,1,-1,1,0,1,1,1,0,0,0,0,0,16,0,0,3,1,1,4,0,4,3,22,25,0,0,0,0,0,0,0,0,7,1,1,0,0,0,0,2,2,0,0,KRBKRNvK,DRAW,BR6/8/8/5r2/8/8/1K4n1/4k3 b - - 0 1
0,1,0,0,0,0,0,1,-1,1,0,1,1,1,0,0,0,0,0,16,0,0,5,2,6,7,6,3,5,4,0,1,0,0,0,0,0,0,0,7,1,1,0,0,0,0,1,0,0,2,KRBKRNvK,DRAW,8/BnK4k/r7/8/8/8/8/7R b - - 0 1
1,1,0,0,0,0,0,1,-1,1,0,1,1,1,0,0,0,0,0,16,0,0,4,4,0,5,4,3,1,5,0,1,0,0,0,0,0,0,0,7,1,1,0,0,0,0,0,2,1,1,KRBKRNvK,DRAW,8/8/5r2/5kB1/8/1R6/6n1/4K3 w - - 0 1
1,1,0,0,0,0,0,1,-1,1,0,1,1,1,0,0,0,0,0,16,0,0,3,0,6,3,4,5,0,3,0,1,0,0,0,0,0,0,0,7,1,1,0,0,0,0,0,3,0,2,KRBKRNvK,DRAW,2r5/K7/7R/1n1k4/8/7B/8/8 w - - 0 1
0,1,0,0,0,0,0,1,-1,1,0,1,1,1,0,0,0,0,0,16,0,0,2,3,7,1,5,3,3,5,0,1,0,0,0,0,0,0,0,7,1,1,0,1,0,0,2,2,1,0,KRBKRNvK,DRAW,3K4/8/1k1R2B1/3n4/8/8/4r3/8 b - - 0 1
0,1,0,0,0,0,0,1,-1,1,0,1,1,1,0,0,0,0,0,16,0,0,4,6,0,2,3,5,1,23,20,0,0,0,0,0,0,0,0,7,1,1,0,0,0,0,3,2,0,1,KRBKRNvK,DRAW,3n4/8/8/8/2k5/7r/8/1B1R2K1 b - - 0 1
1,1,0,0,0,0,0,1,-1,1,0,1,1,1,0,0,0,0,0,16,0,0,2,4,7,2,7,3,4,23,19,0,0,0,0,0,0,0,0,7,1,1,0,0,0,0,2,1,0,0,KRBKRNvK,DRAW,2k1K3/8/8/6R1/B7/r7/4n3/8 w - - 0 1
0,1,0,0,0,0,0,1,-1,1,0,1,1,1,0,0,0,0,0,16,0,0,4,7,7,7,3,6,3,20,23,0,0,0,0,0,0,0,0,7,1,1,0,0,0,0,1,2,0,0,KRBKRNvK,DRAW,6RK/8/n7/8/7k/1B6/8/3r4 b - - 0 1
0,1,0,0,0,0,0,1,-1,1,0,1,1,1,0,0,0,0,0,16,0,0,4,6,6,2,5,4,2,19,27,0,0,0,0,0,0,0,0,7,1,1,1,0,0,0,2,3,1,0,KRBKRNvK,DRAW,8/4R1K1/2k5/2r5/8/1n6/8/5B2 b - - 0 1
1,1,0,0,0,0,0,1,-1,1,0,1,1,1,0,0,0,0,0,16,0,0,4,6,3,2,1,2,3,31,23,0,0,0,0,0,0,0,0,7,1,1,0,0,0,0,0,0,1,0,KRBKRNvK,DRAW,7R/8/1r6/8/6K1/n7/2kB4/8 w - - 0 1
1,1,0,0,0,0,0,1,-1,1,0,1,1,1,0,0,0,0,0,16,0,0,5,1,5,6,1,3,4,28,19,0,0,0,0,0,0,0,0,7,1,1,0,0,0,0,3,0,0,0,KRBKRNvK,DRAW,5r2/5B2/1K6/8/2R5/8/6k1/1n6 w - - 0 1
0,1,0,0,0,0,0,1,-1,1,0,1,1,1,0,0,0,0,0,16,0,0,4,4,2,0,2,1,4,4,0,1,0,0,0,0,0,0,0,7,1,1,0,0,0,0,3,0,0,0,KRBKRNvK,LOSS,3n4/2r5/3B4/8/6R1/k3K3/8/8 b - - 0 1
0,1,0,0,0,0,0,1,-1,1,0,1,1,1,0,0,0,0,0,16,0,0,4,6,3,2,0,2,4,5,0,1,0,0,0,0,0,0,0,7,1,1,0,0,0,0,0,0,1,0,KRBKRNvK,DRAW,8/r7/2R5/8/n5K1/8/8/2k1B3 b - - 0 1
1,1,0,0,0,0,0,1,-1,1,0,1,1,1,0,0,0,0,0,16,0,0,4,7,6,7,2,5,4,3,0,1,0,0,0,0,0,0,0,7,1,1,0,0,0,0,2,0,0,1,KRBKRNvK,DRAW,5n2/1r5K/8/4R3/8/7k/8/1B6 w - - 0 1
1,1,0,0,0,0,0,1,-1,1,0,1,1,1,0,0,0,0,0,16,0,0,2,2,7,0,7,4,6,19,18,0,0,0,0,0,0,0,0,7,1,1,1,0,0,0,2,0,0,0,KRBKRNvK,DRAW,k1K5/6BR/8/8/8/n7/8/6r1 w - - 0 1
1,1,0,0,0,0,0,1,-1,1,0,1,1,1,0,0,0,0,0,16,0,0,3,6,4,6,1,2,4,24,26,0,0,0,0,0,0,0,0,7,1,1,0,0,0,0,3,1,0,1,KRBKRNvK,DRAW,8/r7/4R3/6K1/8/6n1/B5k1/8 w - - 0 1
1,1,0,0,0,0,0,1,-1,1,0,1,1,1,0,0,0,0,0,16,0,0,2,0,2,1,0,4,5,20,21,0,0,0,0,0,0,0,0,7,1,1,0,0,0,0,3,2,1,0,KRBKRNvK,DRAW,8/4r3/8/8/R7/K7/6n1/Bk6 w - - 0 1
0,1,0,0,0,0,0,1,-1,1,0,1,1,1,0,0,0,0,0,16,0,0,5,2,0,4,5,4,1,21,18,0,0,0,0,0,0,0,0,7,1,1,0,0,0,0,2,3,1,0,KRBKRNvK,DRAW,6n1/3r4/4k3/2R5/8/B7/8/2K5 b - - 0 1
0,1,0,0,0,0,0,1,-1,1,0,1,1,1,0,0,0,0,0,16,0,0,5,1,0,6,3,5,2,7,0,1,0,0,0,0,0,0,0,7,1,1,1,0,0,0,0,2,0,0,KRBKRNvK,DRAW,n7/2RB4/8/r7/6k1/8/8/1K6 b - - 0 1
1,1,0,0,0,0,0,1,-1,1,0,1,1,1,0,0,0,0,0,16,0,0,5,3,2,1,7,1,5,20,23,0,0,0,0,0,0,0,0,7,1,1,0,0,0,0,2,1,1,1,KRBKRNvK,DRAW,1k6/8/1B6/6n1/8/3K4/3R4/2r5 w - - 0 1
0,1,0,0,0,0,0,1,-1,1,0,1,1,1,0,0,0,0,0,16,0,0,4,6,2,2,3,3,1,5,0,1,0,0,0,0,0,0,0,7,1,1,0,0,0,0,1,2,2,0,KRBKRNvK,DRAW,5r2/4n3/4B3/8/2k5/6K1/1R6/8 b - - 0 1
1,1,0,0,0,0,0,1,-1,1,0,1,1,1,0,0,0,0,0,16,0,0,3,2,4,5,2,1,2,7,0,1,0,0,0,0,0,0,0,7,1,1,0,1,0,0,2,2,1,1,KRBKRNvK,DRAW,8/1n6/8/2K3B1/8/5k2/2R1r3/8 w - - 0 1
1,1,0,0,0,0,0,1,-1,1,0,1,1,1,0,0,0,0,0,16,0,0,2,3,4,4,2,0,1,19,24,0,0,0,0,0,0,0,0,7,1,1,0,0,0,0,4,2,0,1,KRBKRNvK,DRAW,1R6/8/5r2/3K4/8/1B2k3/8/2n5 w - - 0 1
0,1,0,0,0,0,0,1,-1,1,0,1,1,1,0,0,0,0,0,16,0,0,5,5,7,6,2,4,3,4,0,1,0,0,0,0,0,0,0,7,1,1,0,0,0,0,1,2,0,1,KRBKRNvK,LOSS,1B3K2/4r3/6R1/8/8/6k1/8/n7 b - - 0 1
0,1,0,0,0,0,0,1,-1,1,0,1,1,1,0,0,0,0,0,16,0,0,2,4,2,6,1,1,4,6,0,1,0,0,0,0,0,0,0,7,1,1,0,0,0,0,2,0,0,0,KRBKRNvK,LOSS,6B1/5r2/8/n7/8/4K3/R5k1/8 b - - 0 1
1,1,0,0,0,0,0,1,-1,1,0,1,1,1,0,0,0,0,0,16,0,0,5,1,5,6,3,3,2,31,18,0,0,0,0,0,0,0,0,7,1,1,0,0,0,0,1,0,0,0,KRBKRNvK,DRAW,8/5B2/1K6/8/6k1/2R5/8/5rn1 w - - 0 1
1,1,0,0,0,0,0,1,-1,1,0,1,1,1,0,0,0,0,0,16,0,0,2,7,4,6,2,3,3,17,18,0,0,0,0,0,0,0,0,7,1,1,0,0,0,0,1,1,0,0,KRBKRNvK,DRAW,1R6/8/8/2rB3K/8/6k1/8/3n4 w - - 0 1
1,1,0,0,0,0,0,1,-1,1,0,1,1,1,0,0,0,0,0,16,0,0,3,6,4,7,1,2,5,25,18,0,0,0,0,0,0,0,0,7,1,1,0,0,0,0,1,0,0,1,KRBKRNvK,DRAW,2R5/B7/8/6K1/8/7r/6nk/8 w - - 0 1
1,1,0,0,0,0,0,1,-1,1,0,1,1,1,0,0,0,0,0,16,0,0,2,7,4,5,4,3,1,2,0,1,0,0,0,0,0,0,0,7,1,1,0,1,0,0,0,2,0,1,KRBKRNvK,DRAW,8/6n1/8/5k1K/1B6/R7/2r5/8 w - - 0 1
0,1,0,0,0,0,0,1,-1,1,0,1,1,1,0,0,0,0,0,16,0,0,5,6,0,1,4,5,2,5,0,1,0,0,0,0,0,0,0,7,1,1,0,0,0,0,3,2,1,1,KRBKRNvK,DRAW,8/1B6/8/1k3R2/8/4r3/8/1n4K1 b - - 0 1
0,1,0,0,0,0,0,1,-1,1,0,1,1,1,0,0,0,0,0,16,0,0,6,6,7,6,1,5,4,25,26,0,0,0,0,0,0,0,0,7,1,1,0,0,0,0,1,2,0,0,KRBKRNvK,DRAW,2n3K1/8/R7/3r4/2B5/8/6k1/8 b - - 0 1
1,1,0,0,0,0,0,1,-1,1,0,1,1,1,0,0,0,0,0,16,0,0,3,6,5,7,2,3,4,21,21,0,0,0,0,0,0,0,0,7,1,1,1,0,0,0,0,1,0,0,KRBKRNvK,DRAW,8/6R1/6K1/r2n4/8/7k/8/3B4 w - - 0 1
0,1,0,0,0,0,0,1,-1,1,0,1,1,1,0,0,0,0,0,16,0,0,3,3,3,1,6,0,4,7,0,1,0,0,0,0,0,0,0,7,1,1,0,0,0,0,3,2,1,2,KRBKRNvK,DRAW,8/1k6/4r3/1R6/3Kn3/7B/8/8 b - - 0 1
1,1,0,0,0,0,0,1,-1,1,0,1,1,1,0,0,0,0,0,16,0,0,6,7,5,1,2,4,3,28,18,0,0,0,0,0,0,0,0,7,1,1,0,0,0,0,0,2,1,0,KRBKRNvK,DRAW,8/8/7K/8/1B2r3/1k6/6R1/7n w - - 0 1
1,1,0,0,0,0,0,1,-1,1,0,1,1,1,0,0,0,0,0,16,0,0,5,1,2,6,7,3,5,29,20,0,0,0,0,0,0,0,0,7,1,1,0,0,0,0,3,0,0,0,KRBKRNvK,DRAW,5nk1/8/6r1/8/2R2B2/1K6/8/8 w - - 0 1
0,1,0,0,0,0,0,1,-1,1,0,1,1,1,0,0,0,0,0,16,0,0,4,3,5,7,1,1,5,4,0,1,0,0,0,0,0,0,0,7,1,1,0,0,0,0,2,0,1,0,KRBKRNvK,DRAW,7r/8/3K4/8/n7/R5B1/7k/8 b - - 0 1
1,1,0,0,0,0,0,1,-1,1,0,1,1,1,0,0,0,0,0,16,0,0,4,0,4,4,2,3,1,24,20,0,0,0,0,0,0,0,0,7,1,1,0,0,0,0,1,2,1,1,KRBKRNvK,DRAW,8/8/R7/K7/2r1B3/4k3/1n6/8 w - - 0 1
1,1,0,0,0,0,0,1,-1,1,0,1,1,1,0,0,0,0,0,16,0,0,4,2,2,6,5,2,3,23,19,0,0,0,0,0,0,0,0,7,1,1,0,0,0,0,1,0,0,0,KRBKRNvK,DRAW,1n6/8/Br4k1/8/8/2K4R/8/8 w - - 0 1
1,1,0,0,0,0,0,1,-1,1,0,1,1,1,0,0,0,0,0,16,0,0,4,2,6,6,2,3,3,6,0,1,0,0,0,0,0,0,0,7,1,1,0,0,0,0,2,1,0,0,KRBKRNvK,DRAW,2B5/2K3r1/8/5n2/8/6k1/8/3R4 w - - 0 1
0,1,0,0,0,0,0,1,-1,1,0,1,1,1,0,0,0,0,0,16,0,0,7,5,0,6,7,4,5,21,26,0,0,0,0,0,0,0,0,7,1,1,0,0,0,0,0,2,0,0,KRBKRNvK,DRAW,n5k1/8/8/4r3/8/1R6/3B4/5K2 b - - 0 1
0,1,0,0,0,0,0,1,-1,1,0,1,1,1,0,0,0,0,0,16,0,0,4,0,0,4,2,6,1,26,23,0,0,0,0,0,0,0,0,7,1,1,1,1,0,0,1,2,0,0,KRBKRNvK,DRAW,8/R7/8/8/8/1B2k3/7r/K3n3 b - - 0 1
1,1,0,0,0,0,0,1,-1,1,0,1,1,1,0,0,0,0,0,16,0,0,2,5,1,7,3,3,3,25,23,0,0,0,0,0,0,0,0,7,1,1,0,0,0,0,1,2,0,0,KRBKRNvK,DRAW,1B1r4/4n3/8/8/7k/8/2R2K2/8 w - - 0 1
1,1,0,0,0,0,0,1,-1,1,0,1,1,1,0,0,0,0,0,16,0,0,3,2,5,5,7,2,4,22,21,0,0,0,0,0,0,0,0,7,1,1,0,0,0,0,3,2,0,1,KRBKRNvK,DRAW,5k2/8/2K5/1r6/2RB4/n7/8/8 w - - 0 1
1,1,0,0,0,0,0,1,-1,1,0,1,1,1,0,0,0,0,0,16,0,0,5,7,3,2,4,3,1,4,0,1,0,0,0,0,0,0,0,7,1,1,0,0,0,0,2,2,1,1,KRBKRNvK,DRAW,B7/8/8/r1k2n2/7K/1R6/8/8 w - - 0 1
0,1,0,0,0,0,0,1,-1,1,0,1,1,1,0,0,0,0,0,16,0,0,6,1,4,7,3,2,3,3,0,1,0,0,0,0,0,0,0,7,1,1,0,0,0,0,2,2,0,0,KRBKRNvK,DRAW,3n3R/8/2B5/1K6/7k/8/8/3r4 b - - 0 1
0,1,0,0,0,0,0,1,-1,1,0,1,1,1,0,0,0,0,0,16,0,0,6,1,5,7,6,3,5,20,25,0,0,0,0,0,0,0,0,7,1,1,0,0,0,0,2,0,0,1,KRBKRNvK,DRAW,8/2r4k/1K6/8/8/8/5R2/B3n3 b - - 0 1
0,1,0,0,0,0,0,1,-1,1,0,1,1,1,0,0,0,0,0,16,0,0,2,6,4,7,6,2,5,2,0,1,0,0,0,0,0,0,0,7,1,1,0,0,0,0,1,1,1,0,KRBKRNvK,DRAW,3r4/7k/3n4/6KR/8/8/5B2/8 b - - 0 1
0,1,0,0,0,0,0,1,-1,1,0,1,1,1,0,0,0,0,0,16,0,0,5,1,0,6,3,5,2,22,27,0,0,0,0,0,0,0,0,7,1,1,0,0,0,0,1,2,1,0,KRBKRNvK,DRAW,8/8/3r4/4B3/6k1/2R5/8/1K3n2 b - - 0 1
1,1,0,0,0,0,0,1,-1,1,0,1,1,1,0,0,0,0,0,16,0,0,5,6,1,4,6,4,2,27,25,0,0,0,0,0,0,0,0,7,1,1,0,0,0,0,0,2,1,0,KRBKRNvK,DRAW,8/4k3/5R1B/2r5/8/3n4/6K1/8 w - - 0 1
0,1,0,0,0,0,0,1,-1,1,0,1,1,1,0,0,0,0,0,16,0,0,6,7,0,1,6,6,4,24,23,0,0,0,0,0,0,0,0,7,1,1,0,0,0,0,2,0,0,0,KRBKRNvK,DRAW,6n1/1k6/r7/8/7B/8/8/3R3K b - - 0 1
1,1,0,0,0,0,0,1,-1,1,0,1,1,1,0,0,0,0,0,16,0,0,2,1,2,2,4,3,1,27,20,0,0,0,0,0,0,0,0,7,1,1,0,0,0,0,2,3,1,0,KRBKRNvK,DRAW,8/8/5nrB/2k5/3R4/1K6/8/8 w - - 0 1
0,1,0,0,0,0,0,1,-1,1,0,1,1,1,0,0,0,0,0,16,0,0,3,1,3,2,6,2,3,7,0,1,0,0,0,0,0,0,0,7,1,1,0,1,0,0,1,0,0,0,KRBKRNvK,DRAW,5n2/2k5/8/8/1K6/3B4/6r1/2R5 b - - 0 1
1,1,0,0,0,0,0,1,-1,1,0,1,1,1,0,0,0,0,0,16,0,0,4,3,4,1,0,0,5,19,22,0,0,0,0,0,0,0,0,7,1,1,1,0,0,0,4,0,0,0,KRBKRNvK,DRAW,2B5/3R4/8/3K4/8/6r1/7n/1k6 w - - 0 1
0,1,0,0,0,0,0,1,-1,1,0,1,1,1,0,0,0,0,0,16,0,0,2,3,5,5,5,1,2,6,0,1,0,0,0,0,0,0,0,7,1,1,0,0,0,0,3,1,0,1,KRBKRNvK,DRAW,8/8/3K1k2/3n4/8/5r2/8/B6R b - - 0 1
1,1,0,0,0,0,0,1,-1,1,0,1,1,1,0,0,0,0,0,16,0,0,5,1,2,6,2,3,3,24,23,0,0,0,0,0,0,0,0,7,1,1,0,0,0,0,0,2,0,0,KRBKRNvK,DRAW,2R5/8/8/8/4r3/1K4kn/8/3B4 w - - 0 1
1,1,0,0,0,0,0,1,-1,1,0,1,1,1,0,0,0,0,0,16,0,0,4,5,1,7,5,3,4,24,19,0,0,0,0,0,0,0,0,7,1,1,1,0,0,0,0,0,1,0,KRBKRNvK,DRAW,2nB4/5R2/7k/8/8/8/5K2/2r5 w - - 0 1
0,1,0,0,0,0,0,1,-1,1,0,1,1,1,0,0,0,0,0,16,0,0,6,4,6,5,0,2,4,4,0,1,0,0,0,0,0,0,0,7,1,1,0,0,0,0,0,1,0,1,KRBKRNvK,DRAW,8/4Kn1r/5R2/6B1/8/8/8/5k2 b - - 0 1
0,1,0,0,0,0,0,1,-1,1,0,1,1,1,0,0,0,0,0,16,0,0,6,1,6,7,5,4,4,25,25,0,0,0,0,0,0,0,0,7,1,1,0,0,0,0,0,2,0,1,KRBKRNvK,DRAW,8/1K6/4r2k/3n4/8/R7/8/3B4 b - - 0 1
1,1,0,0,0,0,0,1,-1,1,0,1,1,1,0,0,0,0,0,16,0,0,6,7,5,1,3,4,2,19,22,0,0,0,0,0,0,0,0,7,1,1,0,1,0,0,2,0,1,0,KRBKRNvK,DRAW,2n5/8/7K/1B5R/1k6/8/6r1/8 w - - 0 1
1,1,0,0,0,0,0,1,-1,1,0,1,1,1,0,0,0,0,0,16,0,0,5,7,3,2,2,3,2,25,27,0,0,0,0,0,0,0,0,7,1,1,0,1,0,0,1,2,0,1,KRBKRNvK,DRAW,8/8/6R1/8/5n1K/2k5/r4B2/8 w - - 0 1
1,1,0,0,0,0,0,1,-1,1,0,1,1,1,0,0,0,0,0,16,0,0,5,7,2,4,7,4,3,3,0,1,0,0,0,0,0,0,0,7,1,1,0,0,0,0,1,0,0,1,KRBKRNvK,DRAW,4k3/n7/8/2B5/8/1R5K/8/7r w - - 0 1
0,1,0,0,0,0,0,1,-1,1,0,1,1,1,0,0,0,0,0,16,0,0,3,1,6,3,3,4,0,6,0,1,0,0,0,0,0,0,0,7,1,1,0,0,0,0,1,3,0,0,KRBKRNvK,LOSS,4n3/BK6/8/8/3k4/8/7R/7r b - - 0 1
0,1,0,0,0,0,0,1,-1,1,0,1,1,1,0,0,0,0,0,16,0,0,7,0,1,7,5,5,4,27,25,0,0,0,0,0,0,0,0,7,1,1,0,0,0,0,2,2,0,0,KRBKRNvK,DRAW,8/8/4n2k/8/6r1/8/K7/5R1B b - - 0 1
1,1,0,0,0,0,0,1,-1,1,0,1,1,1,0,0,0,0,0,16,0,0,6,3,1,6,7,2,5,7,0,1,0,0,0,0,0,0,0,7,1,1,0,0,0,0,2,2,0,0,KRBKRNvK,DRAW,6k1/3r4/8/1n2R3/8/5B2/3K4/8 w - - 0 1
0,1,0,0,0,0,0,1,-1,1,0,1,1,1,0,0,0,0,0,16,0,0,3,4,2,1,1,1,4,3,0,1,0,0,0,0,0,0,0,7,1,1,0,0,0,0,4,1,0,0,KRBKRNvK,DRAW,8/8/8/2R1B3/8/rn2K3/1k6/8 b - - 0 1
0,1,0,0,0,0,0,1,-1,1,0,1,1,1,0,0,0,0,0,16,0,0,5,4,5,5,0,1,4,19,29,0,0,0,0,0,0,0,0,7,1,1,0,0,0,0,2,0,0,1,KRBKRNvK,DRAW,2r5/8/4K3/R7/7B/8/8/5k1n b - - 0 1
1,1,0,0,0,0,0,1,-1,1,0,1,1,1,0,0,0,0,0,16,0,0,3,2,3,3,0,1,3,6,0,1,0,0,0,0,0,0,0,7,1,1,0,1,0,0,3,0,0,2,KRBKRNvK,DRAW,8/6B1/8/8/1RK5/8/n1r5/3k4 w - - 0 1
1,1,0,0,0,0,0,1,-1,1,0,1,1,1,0,0,0,0,0,16,0,0,5,7,2,6,7,4,5,23,20,0,0,0,0,0,0,0,0,7,1,1,0,1,0,0,2,2,1,1,KRBKRNvK,DRAW,6k1/8/4R3/7B/8/7K/3r3n/8 w - - 0 1
0,1,0,0,0,0,0,1,-1,1,0,1,1,1,0,0,0,0,0,16,0,0,4,6,7,6,3,5,2,5,0,1,0,0,0,0,0,0,0,7,1,1,0,0,0,0,1,0,1,1,KRBKRNvK,DRAW,6K1/5B2/5r2/4n3/6k1/8/6R1/8 b - - 0 1
1,1,0,0,0,0,0,1,-1,1,0,1,1,1,0,0,0,0,0,16,0,0,5,6,0,2,5,5,2,27,19,0,0,0,0,0,0,0,0,7,1,1,1,0,0,0,2,3,0,0,KRBKRNvK,DRAW,5n2/6R1/2k1r3/8/8/2B5/8/6K1 w - - 0 1
1,1,0,0,0,0,0,1,-1,1,0,1,1,1,0,0,0,0,0,16,0,0,7,1,0,6,7,5,5,26,18,0,0,0,0,0,0,0,0,7,1,1,0,0,0,0,2,2,0,0,KRBKRNvK,DRAW,4r1k1/8/7n/B7/5R2/8/8/1K6 w - - 0 1
0,1,0,0,0,0,0,1,-1,1,0,1,1,1,0,0,0,0,0,16,0,0,6,7,2,1,3,4,2,17,26,0,0,0,0,0,0,0,0,7,1,1,0,0,0,0,2,0,0,0,KRBKRNvK,DRAW,1n6/8/1r6/4R3/1k6/7K/6B1/8 b - - 0 1
0,1,0,0,0,0,0,1,-1,1,0,1,1,1,0,0,0,0,0,16,0,0,5,3,2,3,7,1,3,4,0,1,0,0,0,0,0,0,0,7,1,1,0,0,0,0,3,2,0,1,KRBKRNvK,LOSS,3k3R/8/1n6/5r2/4B3/3K4/8/8 b - - 0 1
1,1,0,0,0,0,0,1,-1,1,0,1,1,1,0,0,0,0,0,16,0,0,2,4,3,2,5,0,2,4,0,1,0,0,0,0,0,0,0,7,1,1,0,0,0,0,3,2,1,1,KRBKRNvK,DRAW,8/8/2k5/2n5/2B1K3/7r/8/6R1 w - - 0 1
0,1,0,0,0,0,0,1,-1,1,0,1,1,1,0,0,0,0,0,16,0,0,5,4,5,1,0,1,5,7,0,1,0,0,0,0,0,0,0,7,1,1,0,0,0,0,2,2,0,1,KRBKRNvK,LOSS,8/8/1R2K3/5r2/8/3n4/8/1k3B2 b - - 0 1
0,1,0,0,0,0,0,1,-1,1,0,1,1,1,0,0,0,0,0,16,0,0,6,2,6,3,0,3,3,20,25,0,0,0,0,0,0,0,0,7,1,1,0,0,0,0,3,2,1,0,KRBKRNvK,DRAW,8/2K5/8/1R6/3r3n/8/8/1B1k4 b - - 0 1
1,1,0,0,0,0,0,1,-1,1,0,1,1,1,0,0,0,0,0,16,0,0,4,6,2,5,6,3,3,7,0,1,0,0,0,0,0,0,0,7,1,1,0,0,0,0,0,2,2,1,KRBKRNvK,DRAW,7R/5k2/8/6B1/2r1n3/6K1/8/8 w - - 0 1
1,1,0,0,0,0,0,1,-1,1,0,1,1,1,0,0,0,0,0,16,0,0,4,6,2,3,6,3,2,23,21,0,0,0,0,0,0,0,0,7,1,1,0,0,0,0,0,1,0,0,KRBKRNvK,DRAW,8/2rk4/1n6/8/8/6K1/8/5B1R w - - 0 1
0,1,0,0,0,0,0,1,-1,1,0,1,1,1,0,0,0,0,0,16,0,0,4,7,4,3,0,3,3,4,0,1,0,0,0,0,0,0,0,7,1,1,0,0,0,0,3,1,1,0,KRBKRNvK,DRAW,8/8/8/2R4K/1rn5/5B2/8/3k4 b - - 0 1
1,1,0,0,0,0,0,1,-1,1,0,1,1,1,0,0,0,0,0,16,0,0,4,1,3,5,6,2,3,24,20,0,0,0,0,0,0,0,0,7,1,1,0,1,0,0,2,1,1,2,KRBKRNvK,DRAW,5B2/5k2/8/8/1K6/1n6/1r6/3R4 w - - 0 1
0,1,0,0,0,0,0,1,-1,1,0,1,1,1,0,0,0,0,0,16,0,0,3,7,0,4,1,6,2,5,0,1,0,0,0,0,0,0,0,7,1,1,0,0,0,0,3,2,1,0,KRBKRNvK,DRAW,4R3/1n6/8/8/1r6/8/4k1B1/7K b - - 0 1
1,1,0,0,0,0,0,1,-1,1,0,1,1,1,0,0,0,0,0,16,0,0,5,5,2,0,5,2,4,19,18,0,0,0,0,0,0,0,0,7,1,1,0,0,0,0,1,1,0,0,KRBKRNvK,DRAW,8/8/kn3r2/5B2/8/2R2K2/8/8 w - - 0 1
0,1,0,0,0,0,0,1,-1,1,0,1,1,1,0,0,0,0,0,16,0,0,2,4,3,2,3,0,1,14,23,0,0,0,0,0,0,0,0,7,1,1,0,0,0,0,3,2,0,1,KRBKRNvK,DRAW,8/8/8/7R/r1k1K3/8/6n1/3B4 b - - 0 1
0,1,0,0,0,0,0,1,-1,1,0,1,1,1,0,0,0,0,0,16,0,0,4,3,4,7,1,0,5,19,28,0,0,0,0,0,0,0,0,7,1,1,0,0,0,0,3,0,0,0,KRBKRNvK,DRAW,8/8/2R5/B2K4/8/8/7k/1r4n1 b - - 0 1
0,1,0,0,0,0,0,1,-1,1,0,1,1,1,0,0,0,0,0,16,0,0,5,6,3,1,2,2,3,24,27,0,0,0,0,0,0,0,0,7,1,1,0,0,0,0,1,2,0,0,KRBKRNvK,DRAW,6R1/8/1Bn5/8/6K1/1k6/8/1r6 b - - 0 1
0,1,0,0,0,0,0,1,-1,1,0,1,1,1,0,0,0,0,0,16,0,0,3,2,4,5,1,1,3,7,0,1,0,0,0,0,0,0,0,7,1,1,0,0,0,0,3,2,0,2,KRBKRNvK,DRAW,2B5/2n5/8/2K2R2/3r4/8/5k2/8 b - - 0 1
1,1,0,0,0,0,0,1,-1,1,0,1,1,1,0,0,0,0,0,16,0,0,4,0,6,2,2,5,2,19,24,0,0,0,0,0,0,0,0,7,1,1,0,0,0,0,2,3,0,1,KRBKRNvK,DRAW,8/K2n4/8/2r5/8/2k5/6B1/6R1 w - - 0 1
0,1,0,0,0,0,0,1,-1,1,0,1,1,1,0,0,0,0,0,16,0,0,5,7,0,4,5,6,1,23,19,0,0,0,0,0,0,0,0,7,1,1,0,0,0,0,2,2,0,0,KRBKRNvK,DRAW,R6B/5r2/4k3/n7/8/8/8/7K b - - 0 1
1,1,0,0,0,0,0,1,-1,1,0,1,1,1,0,0,0,0,0,16,0,0,5,0,2,3,7,4,3,24,18,0,0,0,0,0,0,0,0,7,1,1,1,0,0,0,3,1,1,0,KRBKRNvK,DRAW,3k4/4R1B1/8/8/8/K2n4/8/3r4 w - - 0 1
0,1,0,0,0,0,0,1,-1,1,0,1,1,1,0,0,0,0,0,16,0,0,5,5,0,6,5,4,3,16,26,0,0,0,0,0,0,0,0,7,1,1,0,0,0,0,2,0,0,0,KRBKRNvK,DRAW,1rn5/8/6k1/2R5/8/8/B7/5K2 b - - 0 1
0,1,0,0,0,0,0,1,-1,1,0,1,1,1,0,0,0,0,0,16,0,0,6,6,7,0,4,5,3,21,26,0,0,0,0,0,0,0,0,7,1,1,0,0,0,0,0,0,1,0,KRBKRNvK,DRAW,2n1B1K1/8/8/k7/8/2R5/8/1r6 b - - 0 1
1,1,0,0,0,0,0,1,-1,1,0,1,1,1,0,0,0,0,0,16,0,0,3,0,0,3,0,6,3,24,23,0,0,0,0,0,0,0,0,7,1,1,0,0,0,0,2,2,1,0,KRBKRNvK,DRAW,8/3n4/8/1r6/8/7R/1B6/K2k4 w - - 0 1
0,1,0,0,0,0,0,1,-1,1,0,1,1,1,0,0,0,0,0,16,0,0,3,5,5,2,7,2,4,24,21,0,0,0,0,0,0,0,0,7,1,1,0,0,0,0,1,2,0,2,KRBKRNvK,DRAW,2k5/3r4/4nK2/8/8/8/5R1B/8 b - - 0 1
1,1,0,0,0,0,0,1,-1,1,0,1,1,1,0,0,0,0,0,16,0,0,3,3,7,2,4,3,1,26,21,0,0,0,0,0,0,0,0,7,1,1,0,0,0,0,1,3,2,0,KRBKRNvK,DRAW,3K4/2B5/R7/2k5/8/2r5/3n4/8 w - - 0 1
1,1,0,0,0,0,0,1,-1,1,0,1,1,1,0,0,0,0,0,16,0,0,3,7,1,4,3,5,0,26,20,0,0,0,0,0,0,0,0,7,1,1,0,0,0,0,2,3,0,0,KRBKRNvK,DRAW,3n4/1r6/8/7R/4k3/1B6/7K/8 w - - 0 1
1,1,0,0,0,0,0,1,-1,1,0,1,1,1,0,0,0,0,0,16,0,0,2,5,3,4,1,1,2,4,0,1,0,0,0,0,0,0,0,7,1,1,0,0,0,0,2,1,1,1,KRBKRNvK,LOSS,8/8/6n1/8/5K2/6B1/4k3/4r2R w - - 0 1
0,1,0,0,0,0,0,1,-1,1,0,1,1,1,0,0,0,0,0,16,0,0,4,2,4,3,0,1,3,20,26,0,0,0,0,0,0,0,0,7,1,1,0,0,0,0,3,0,0,0,KRBKRNvK,DRAW,6n1/8/8/2K2RB1/8/7r/8/3k4 b - - 0 1
0,1,0,0,0,0,0,1,-1,1,0,1,1,1,0,0,0,0,0,16,0,0,4,4,4,0,6,0,5,21,20,0,0,0,0,0,0,0,0,7,1,1,0,0,0,0,4,0,0,0,KRBKRNvK,WIN,5r2/k6n/8/4K3/8/8/3BR3/8 b - - 0 1
0,1,0,0,0,0,0,1,-1,1,0,1,1,1,0,0,0,0,0,16,0,0,5,2,6,2,1,3,3,21,31,0,0,0,0,0,0,0,0,7,1,1,0,0,0,0,2,0,0,0,KRBKRNvK,DRAW,8/2K5/3R3n/4B3/8/r7/2k5/8 b - - 0 1
0,1,0,0,0,0,0,1,-1,1,0,1,1,1,0,0,0,0,0,16,0,0,6,4,6,4,0,2,3,21,23,0,0,0,0,0,0,0,0,7,1,1,0,0,0,0,2,0,0,1,KRBKRNvK,DRAW,8/4K1n1/8/6B1/5R2/2r5/8/4k3 b - - 0 1
0,1,0,0,0,0,0,1,-1,1,0,1,1,1,0,0,0,0,0,16,0,0,6,6,2,0,0,3,6,19,27,0,0,0,0,0,0,0,0,7,1,1,0,0,0,0,1,2,1,0,KRBKRNvK,DRAW,3r4/5B2/8/8/8/nR4K1/8/k7 b - - 0 1
1,1,0,0,0,0,0,1,-1,1,0,1,1,1,0,0,0,0,0,16,0,0,5,7,6,6,1,5,4,5,0,1,0,0,0,0,0,0,0,7,1,1,0,1,0,0,2,1,1,0,KRBKRNvK,DRAW,8/7K/8/5B2/8/4R3/5nkr/8 w - - 0 1
1,1,0,0,0,0,0,1,-1,1,0,1,1,1,0,0,0,0,0,16,0,0,2,3,7,5,6,3,3,23,18,0,0,0,0,0,0,0,0,7,1,1,0,0,0,0,0,1,1,1,KRBKRNvK,DRAW,3K4/5k2/rn6/6B1/8/7R/8/8 w - - 0 1
1,1,0,0,0,0,0,1,-1,1,0,1,1,1,0,0,0,0,0,16,0,0,2,4,4,5,6,0,3,18,19,0,0,0,0,0,0,0,0,7,1,1,0,0,0,0,3,1,0,2,KRBKRNvK,DRAW,8/5k2/8/4K3/4B3/4r1n1/8/2R5 w - - 0 1
1,1,0,0,0,0,0,1,-1,1,0,1,1,1,0,0,0,0,0,16,0,0,2,1,2,1,0,3,5,6,0,1,0,0,0,0,0,0,0,7,1,1,0,0,0,0,2,0,0,0,KRBKRNvK,DRAW,1r6/3B4/8/5R2/8/1K6/7n/1k6 w - - 0 1
0,1,0,0,0,0,0,1,-1,1,0,1,1,1,0,0,0,0,0,16,0,0,2,6,4,5,2,2,2,19,18,0,0,0,0,0,0,0,0,7,1,1,0,1,0,0,2,2,2,0,KRBKRNvK,DRAW,8/8/8/6K1/3n3R/5k2/3r4/4B3 b - - 0 1
1,1,0,0,0,0,0,1,-1,1,0,1,1,1,0,0,0,0,0,16,0,0,4,4,1,2,5,2,2,7,0,1,0,0,0,0,0,0,0,7,1,1,1,0,0,0,2,3,2,2,KRBKRNvK,DRAW,3B4/3R4/2k5/8/2r5/2n5/4K3/8 w - - 0 1
1,1,0,0,0,0,0,1,-1,1,0,1,1,1,0,0,0,0,0,16,0,0,6,5,7,6,1,4,4,26,23,0,0,0,0,0,0,0,0,7,1,1,0,0,0,0,3,3,0,2,KRBKRNvK,DRAW,5K2/3r1n2/8/R3B3/8/8/6k1/8 w - - 0 1
0,1,0,0,0,0,0,1,-1,1,0,1,1,1,0,0,0,0,0,16,0,0,5,0,1,5,3,5,1,7,0,1,0,0,0,0,0,0,0,7,1,1,1,0,0,0,2,2,0,0,KRBKRNvK,DRAW,1Bn5/4R3/2r5/8/5k2/8/K7/8 b - - 0 1
1,1,0,0,0,0,0,1,-1,1,0,1,1,1,0,0,0,0,0,16,0,0,7,2,0,4,7,4,3,23,23,0,0,0,0,0,0,0,0,7,1,1,0,1,0,0,1,1,2,0,KRBKRNvK,DRAW,4k1B1/8/5R2/1n6/8/8/7r/2K5 w - - 0 1
1,1,0,0,0,0,0,1,-1,1,0,1,1,1,0,0,0,0,0,16,0,0,4,6,1,2,4,4,1,21,21,0,0,0,0,0,0,0,0,7,1,1,0,0,0,0,0,2,0,0,KRBKRNvK,DRAW,R2B1n2/8/8/2k5/8/2r5/6K1/8 w - - 0 1
0,1,0,0,0,0,0,1,-1,1,0,1,1,1,0,0,0,0,0,16,0,0,4,1,0,5,4,5,1,7,0,1,0,0,0,0,0,0,0,7,1,1,0,1,0,0,2,3,0,1,KRBKRNvK,LOSS,8/8/8/2R2k2/B7/4n3/r7/1K6 b - - 0 1
1,1,0,0,0,0,0,1,-1,1,0,1,1,1,0,0,0,0,0,16,0,0,3,4,2,2,5,1,2,28,19,0,0,0,0,0,0,0,0,7,1,1,0,0,0,0,3,1,0,0,KRBKRNvK,DRAW,6R1/8/1rk5/7n/8/4K3/8/B7 w - - 0 1
0,1,0,0,0,0,0,1,-1,1,0,1,1,1,0,0,0,0,0,16,0,0,4,5,6,1,3,3,2,20,27,0,0,0,0,0,0,0,0,7,1,1,0,0,0,0,1,2,0,0,KRBKRNvK,DRAW,8/5K1B/n7/8/1k1r4/7R/8/8 b - - 0 1
1,1,0,0,0,0,0,1,-1,1,0,1,1,1,0,0,0,0,0,16,0,0,3,1,3,3,0,2,3,7,0,1,0,0,0,0,0,0,0,7,1,1,0,0,0,0,0,2,1,0,KRBKRNvK,DRAW,8/3B4/8/8/1K5r/8/1R6/3k1n2 w - - 0 1
0,1,0,0,0,0,0,1,-1,1,0,1,1,1,0,0,0,0,0,16,0,0,4,1,3,5,3,2,1,7,0,1,0,0,0,0,0,0,0,7,1,1,1,0,0,0,1,2,0,1,KRBKRNvK,DRAW,4n3/5R2/r7/8/1K3k2/8/8/6B1 b - - 0 1
0,1,0,0,0,0,0,1,-1,1,0,1,1,1,0,0,0,0,0,16,0,0,5,3,7,0,2,3,4,18,26,0,0,0,0,0,0,0,0,7,1,1,0,0,0,0,2,3,0,1,KRBKRNvK,DRAW,3K4/6B1/1n6/8/r7/k7/7R/8 b - - 0 1
1,1,0,0,0,0,0,1,-1,1,0,1,1,1,0,0,0,0,0,16,0,0,5,2,5,4,0,2,3,24,23,0,0,0,0,0,0,0,0,7,1,1,0,0,0,0,2,3,0,1,KRBKRNvK,DRAW,8/5n2/1RKB4/8/3r4/8/8/4k3 w - - 0 1
0,1,0,0,0,0,0,1,-1,1,0,1,1,1,0,0,0,0,0,16,0,0,4,7,6,3,3,5,0,6,0,1,0,0,0,0,0,0,0,7,1,1,0,0,0,0,2,4,0,0,KRBKRNvK,DRAW,r1BR4/7K/8/8/3k4/1n6/8/8 b - - 0 1
0,1,0,0,0,0,0,1,-1,1,0,1,1,1,0,0,0,0,0,16,0,0,4,0,4,2,0,3,4,27,28,0,0,0,0,0,0,0,0,7,1,1,0,1,0,0,3,2,1,0,KRBKRNvK,DRAW,8/5B2/5n2/K7/8/4R3/7r/2k5 b - - 0 1
1,1,0,0,0,0,0,1,-1,1,0,1,1,1,0,0,0,0,0,16,0,0,3,4,3,1,3,0,2,23,21,0,0,0,0,0,0,0,0,7,1,1,0,0,0,0,4,2,0,1,KRBKRNvK,DRAW,4R3/5B2/n7/2r5/1k2K3/8/8/8 w - - 0 1
1,1,0,0,0,0,0,1,-1,1,0,1,1,1,0,0,0,0,0,16,0,0,5,4,1,2,6,2,3,27,24,0,0,0,0,0,0,0,0,7,1,1,0,0,0,0,2,2,0,0,KRBKRNvK,DRAW,8/2k3r1/5n2/8/3R4/3B4/4K3/8 w - - 0 1
1,1,0,0,0,0,0,1,-1,1,0,1,1,1,0,0,0,0,0,16,0,0,5,5,0,6,5,4,3,21,27,0,0,0,0,0,0,0,0,7,1,1,0,0,0,0,2,3,0,1,KRBKRNvK,DRAW,8/8/6k1/8/6r1/5n2/4R2B/5K2 w - - 0 1
0,1,0,0,0,0,0,1,-1,1,0,1,1,1,0,0,0,0,0,16,0,0,6,6,6,0,3,4,3,22,28,0,0,0,0,0,0,0,0,7,1,1,1,0,0,0,3,0,0,0,KRBKRNvK,DRAW,8/3R2K1/8/8/k7/5B2/n7/7r b - - 0 1
0,1,0,0,0,0,0,1,-1,1,0,1,1,1,0,0,0,0,0,16,0,0,3,7,3,5,6,3,3,23,20,0,0,0,0,0,0,0,0,7,1,1,0,0,0,0,0,1,0,0,KRBKRNvK,DRAW,8/2r2k2/8/B7/7K/8/1Rn5/8 b - - 0 1
0,1,0,0,0,0,0,1,-1,1,0,1,1,1,0,0,0,0,0,16,0,0,3,2,3,1,6,1,4,22,28,0,0,0,0,0,0,0,0,7,1,1,0,0,0,0,3,0,0,1,KRBKRNvK,DRAW,5n2/1k6/5R2/8/2KB4/r7/8/8 b - - 0 1
0,1,0,0,0,0,0,1,-1,1,0,1,1,1,0,0,0,0,0,16,0,0,6,1,2,7,6,3,5,21,27,0,0,0,0,0,0,0,0,7,1,1,0,0,0,0,2,2,0,0,KRBKRNvK,DRAW,8/4B2k/3r3n/8/2R5/1K6/8/8 b - - 0 1
1,1,0,0,0,0,0,1,-1,1,0,1,1,1,0,0,0,0,0,16,0,0,2,3,6,1,4,2,2,5,0,1,0,0,0,0,0,0,0,7,1,1,0,0,0,0,1,1,1,1,KRBKRNvK,DRAW,8/3K1r2/8/1kB3n1/8/8/8/R7 w - - 0 1
0,1,0,0,0,0,0,1,-1,1,0,1,1,1,0,0,0,0,0,16,0,0,5,6,4,1,1,2,4,28,19,0,0,0,0,0,0,0,0,7,1,1,0,0,0,0,2,1,0,1,KRBKRNvK,DRAW,4R3/8/7B/6K1/8/5r2/1k2n3/8 b - - 0 1
0,1,0,0,0,0,0,1,-1,1,0,1,1,1,0,0,0,0,0,16,0,0,6,7,3,1,6,3,4,26,21,0,0,0,0,0,0,0,0,7,1,1,1,0,0,0,0,1,1,0,KRBKRNvK,DRAW,8/1k1B1R2/8/8/7K/8/2n5/6r1 b - - 0 1
0,1,0,0,0,0,0,1,-1,1,0,1,1,1,0,0,0,0,0,16,0,0,3,5,6,6,3,3,2,6,0,1,0,0,0,0,0,0,0,7,1,1,1,0,0,0,0,1,0,1,KRBKRNvK,DRAW,7r/2R2K2/8/8/6k1/6n1/8/3B4 b - - 0 1
1,1,0,0,0,0,0,1,-1,1,0,1,1,1,0,0,0,0,0,16,0,0,5,5,6,3,1,3,2,5,0,1,0,0,0,0,0,0,0,7,1,1,0,0,0,0,3,0,1,1,KRBKRNvK,DRAW,3n4/2r2K2/8/8/8/4R3/3k2B1/8 w - - 0 1
1,1,0,0,0,0,0,1,-1,1,0,1,1,1,0,0,0,0,0,16,0,0,4,1,1,5,1,4,3,28,23,0,0,0,0,0,0,0,0,7,1,1,0,0,0,0,3,2,1,0,KRBKRNvK,DRAW,8/3n4/5B2/2r5/8/8/1K3k2/4R3 w - - 0 1
1,1,0,0,0,0,0,1,-1,1,0,1,1,1,0,0,0,0,0,16,0,0,4,1,3,5,0,2,4,7,0,1,0,0,0,0,0,0,0,7,1,1,0,0,0,0,2,1,0,1,KRBKRNvK,DRAW,2r4R/8/2B5/8/1K6/3n4/8/5k2 w - - 0 1
1,1,0,0,0,0,0,1,-1,1,0,1,1,1,0,0,0,0,0,16,0,0,3,0,2,3,2,4,1,27,19,0,0,0,0,0,0,0,0,7,1,1,0,0,0,0,3,2,1,1,KRBKRNvK,DRAW,8/7r/1B6/8/8/K2k4/4R3/n7 w - - 0 1
0,1,0,0,0,0,0,1,-1,1,0,1,1,1,0,0,0,0,0,16,0,0,7,4,7,1,0,3,5,26,26,0,0,0,0,0,0,0,0,7,1,1,0,0,0,0,1,3,0,0,KRBKRNvK,DRAW,4K3/2B5/7R/5r2/8/2n5/8/1k6 b - - 0 1
1,1,0,0,0,0,0,1,-1,1,0,1,1,1,0,0,0,0,0,16,0,0,3,6,4,5,1,2,3,25,26,0,0,0,0,0,0,0,0,7,1,1,1,0,0,0,1,2,0,0,KRBKRNvK,DRAW,8/6R1/n3B3/6K1/3r4/8/5k2/8 w - - 0 1
1,1,0,0,0,0,0,1,-1,1,0,1,1,1,0,0,0,0,0,16,0,0,3,6,2,3,1,3,2,29,19,0,0,0,0,0,0,0,0,7,1,1,0,0,0,0,2,0,0,0,KRBKRNvK,DRAW,8/8/B7/4R3/8/6K1/3k4/nr6 w - - 0 1
0,1,0,0,0,0,0,1,-1,1,0,1,1,1,0,0,0,0,0,16,0,0,3,0,4,2,1,3,3,24,18,0,0,0,0,0,0,0,0,7,1,1,0,0,0,0,0,2,0,0,KRBKRNvK,DRAW,R7/3B4/4r3/K7/8/8/2k5/4n3 b - - 0 1
0,1,0,0,0,0,0,1,-1,1,0,1,1,1,0,0,0,0,0,16,0,0,2,6,2,7,4,3,3,20,27,0,0,0,0,0,0,0,0,7,1,1,0,0,0,0,2,0,0,0,KRBKRNvK,DRAW,3n4/4B3/r7/7k/8/3R2K1/8/8 b - - 0 1
0,1,0,0,0,0,0,1,-1,1,0,1,1,1,0,0,0,0,0,16,0,0,3,7,1,4,0,5,3,23,22,0,0,0,0,0,0,0,0,7,1,1,0,0,0,0,1,0,0,0,KRBKRNvK,DRAW,6r1/5B2/8/8/8/7R/1n5K/4k3 b - - 0 1
0,1,0,0,0,0,0,1,-1,1,0,1,1,1,0,0,0,0,0,16,0,0,6,5,6,6,0,3,5,4,0,1,0,0,0,0,0,0,0,7,1,1,0,0,0,0,1,0,0,0,KRBKRNvK,DRAW,n7/5K2/1r6/8/8/8/2B5/R5k1 b - - 0 1
1,1,0,0,0,0,0,1,-1,1,0,1,1,1,0,0,0,0,0,16,0,0,3,5,1,7,4,3,3,29,22,0,0,0,0,0,0,0,0,7,1,1,1,0,0,0,3,2,0,0,KRBKRNvK,DRAW,8/3R4/8/7k/r7/8/5K2/Bn6 w - - 0 1
1,1,0,0,0,0,0,1,-1,1,0,1,1,1,0,0,0,0,0,16,0,0,3,3,3,0,3,0,3,23,22,0,0,0,0,0,0,0,0,7,1,1,0,0,0,0,3,2,0,1,KRBKRNvK,DRAW,8/8/6R1/1r6/k2K4/8/8/1B2n3 w - - 0 1
0,1,0,0,0,0,0,1,-1,1,0,1,1,1,0,0,0,0,0,16,0,0,3,6,3,4,6,2,2,24,29,0,0,0,0,0,0,0,0,7,1,1,0,0,0,0,1,0,1,1,KRBKRNvK,DRAW,8/4k3/7r/3B4/6K1/1R6/8/4n3 b - - 0 1
0,1,0,0,0,0,0,1,-1,1,0,1,1,1,0,0,0,0,0,16,0,0,4,2,6,6,6,3,4,20,23,0,0,0,0,0,0,0,0,7,1,1,0,0,0,0,1,1,1,1,KRBKRNvK,DRAW,6r1/2K3k1/8/1Rn2B2/8/8/8/8 b - - 0 1
0,1,0,0,0,0,0,1,-1,1,0,1,1,1,0,0,0,0,0,16,0,0,6,4,0,5,6,3,3,7,0,1,0,0,0,0,0,0,0,7,1,1,0,0,0,0,1,3,0,2,KRBKRNvK,DRAW,8/5k2/1B6/8/8/2nr4/8/4KR2 b - - 0 1
1,1,0,0,0,0,0,1,-1,1,0,1,1,1,0,0,0,0,0,16,0,0,5,7,2,2,0,4,4,6,0,1,0,0,0,0,0,0,0,7,1,1,1,0,0,0,2,1,0,0,KRBKRNvK,DRAW,8/4R3/B7/2n5/8/1r5K/8/2k5 w - - 0 1
1,1,0,0,0,0,0,1,-1,1,0,1,1,1,0,0,0,0,0,16,0,0,5,1,0,6,1,5,4,28,19,0,0,0,0,0,0,0,0,7,1,1,0,0,0,0,3,0,0,0,KRBKRNvK,DRAW,6n1/8/1B6/7R/8/5r2/6k1/1K6 w - - 0 1
0,1,0,0,0,0,0,1,-1,1,0,1,1,1,0,0,0,0,0,16,0,0,3,3,6,2,3,2,1,26,22,0,0,0,0,0,0,0,0,7,1,1,0,0,0,0,0,3,0,0,KRBKRNvK,DRAW,1R1B4/3K4/8/6r1/2k5/3n4/8/8 b - - 0 1
1,1,0,0,0,0,0,1,-1,1,0,1,1,1,0,0,0,0,0,16,0,0,2,2,2,1,0,2,5,25,20,0,0,0,0,0,0,0,0,7,1,1,0,0,0,0,1,2,0,1,KRBKRNvK,DRAW,3n4/8/8/r7/8/2K4B/6R1/1k6 w - - 0 1
1,1,0,0,0,0,0,1,-1,1,0,1,1,1,0,0,0,0,0,16,0,0,3,0,3,2,6,3,3,25,25,0,0,0,0,0,0,0,0,7,1,1,0,0,0,0,2,3,1,0,KRBKRNvK,DRAW,4B3/2k1r3/5n2/6R1/K7/8/8/8 w - - 0 1
0,1,0,0,0,0,0,1,-1,1,0,1,1,1,0,0,0,0,0,16,0,0,6,2,7,3,1,4,2,26,21,0,0,0,0,0,0,0,0,7,1,1,0,0,0,0,2,0,0,1,KRBKRNvK,DRAW,2KBn3/8/8/R7/8/1r6/3k4/8 b - - 0 1
1,1,0,0,0,0,0,1,-1,1,0,1,1,1,0,0,0,0,0,16,0,0,5,0,7,0,2,6,4,23,24,0,0,0,0,0,0,0,0,7,1,1,0,1,0,0,3,2,1,0,KRBKRNvK,DRAW,K7/8/1B6/1R6/8/k1n5/6r1/8 w - - 0 1
0,1,0,0,0,0,0,1,-1,1,0,1,1,1,0,0,0,0,0,16,0,0,3,5,0,2,0,4,4,3,0,1,0,0,0,0,0,0,0,7,1,1,0,0,0,0,2,0,1,0,KRBKRNvK,DRAW,6B1/8/6r1/8/4n3/8/8/2k1RK2 b - - 0 1
0,1,0,0,0,0,0,1,-1,1,0,1,1,1,0,0,0,0,0,16,0,0,2,1,3,3,5,2,1,17,28,0,0,0,0,0,0,0,0,7,1,1,1,0,0,0,0,3,1,0,KRBKRNvK,DRAW,3B3n/R7/3k4/8/1K6/8/8/3r4 b - - 0 1
1,1,0,0,0,0,0,1,-1,1,0,1,1,1,0,0,0,0,0,16,0,0,6,6,6,0,2,4,4,31,19,0,0,0,0,0,0,0,0,7,1,1,0,0,0,0,1,2,0,0,KRBKRNvK,DRAW,8/6K1/1rn5/4B3/8/k7/6R1/8 w - - 0 1
1,1,0,0,0,0,0,1,-1,1,0,1,1,1,0,0,0,0,0,16,0,0,2,1,6,3,4,4,0,23,15,0,0,0,0,0,0,0,0,7,1,1,1,0,0,0,2,4,1,1,KRBKRNvK,DRAW,4B3/1K2R3/8/2rk4/8/8/8/6n1 w - - 0 1
0,1,0,0,0,0,0,1,-1,1,0,1,1,1,0,0,0,0,0,16,0,0,3,4,0,1,1,3,4,5,0,1,0,0,0,0,0,0,0,7,1,1,0,1,0,0,2,1,0,1,KRBKRNvK,LOSS,8/6B1/6n1/8/8/6R1/1k4r1/4K3 b - - 0 1
1,1,0,0,0,0,0,1,-1,1,0,1,1,1,0,0,0,0,0,16,0,0,3,2,3,4,6,1,2,20,25,0,0,0,0,0,0,0,0,7,1,1,0,0,0,0,2,1,0,0,KRBKRNvK,DRAW,8/B2nk3/5r2/8/R1K5/8/8/8 w - - 0 1
0,1,0,0,0,0,0,1,-1,1,0,1,1,1,0,0,0,0,0,16,0,0,3,5,4,2,2,1,2,5,0,1,0,0,0,0,0,0,0,7,1,1,1,0,0,0,2,2,1,1,KRBKRNvK,LOSS,3n4/1R6/8/B4K2/6r1/2k5/8/8 b - - 0 1
1,1,0,0,0,0,0,1,-1,1,0,1,1,1,0,0,0,0,0,16,0,0,6,0,6,5,0,5,4,6,0,1,0,0,0,0,0,0,0,7,1,1,0,0,0,0,0,0,0,0,KRBKRNvK,DRAW,8/K5r1/8/8/8/B7/1R6/5kn1 w - - 0 1
1,1,0,0,0,0,0,1,-1,1,0,1,1,1,0,0,0,0,0,16,0,0,2,6,0,4,2,5,1,27,23,0,0,0,0,0,0,0,0,7,1,1,0,0,0,0,2,2,0,0,KRBKRNvK,DRAW,R7/2r5/8/8/8/4k3/1Bn5/6K1 w - - 0 1
0,1,0,0,0,0,0,1,-1,1,0,1,1,1,0,0,0,0,0,16,0,0,5,4,7,5,2,3,2,16,20,0,0,0,0,0,0,0,0,7,1,1,0,1,0,0,0,1,0,0,KRBKRNvK,DRAW,R1B1K3/8/8/8/8/5k2/5r2/n7 b - - 0 1
1,1,0,0,0,0,0,1,-1,1,0,1,1,1,0,0,0,0,0,16,0,0,3,6,4,3,6,2,2,24,18,0,0,0,0,0,0,0,0,7,1,1,0,0,0,0,2,1,0,0,KRBKRNvK,DRAW,3r4/2nk4/8/6K1/8/8/6B1/6R1 w - - 0 1
0,1,0,0,0,0,0,1,-1,1,0,1,1,1,0,0,0,0,0,16,0,0,3,3,4,1,7,0,5,19,22,0,0,0,0,0,0,0,0,7,1,1,0,0,0,0,4,2,1,1,KRBKRNvK,WIN,1k6/4r2n/B7/3K4/8/8/8/3R4 b - - 0 1
0,1,0,0,0,0,0,1,-1,1,0,1,1,1,0,0,0,0,0,16,0,0,3,3,1,6,0,2,5,4,0,1,0,0,0,0,0,0,0,7,1,1,0,0,0,0,0,2,1,1,KRBKRNvK,DRAW,6R1/8/8/8/1r6/7B/3K4/6kn b - - 0 1
0,1,0,0,0,0,0,1,-1,1,0,1,1,1,0,0,0,0,0,16,0,0,5,7,1,2,6,5,3,30,23,0,0,0,0,0,0,0,0,7,1,1,0,0,0,0,1,2,0,0,KRBKRNvK,DRAW,8/2k5/6B1/4r3/8/R1n5/7K/8 b - - 0 1
0,1,0,0,0,0,0,1,-1,1,0,1,1,1,0,0,0,0,0,16,0,0,5,0,2,1,7,4,5,4,0,1,0,0,0,0,0,0,0,7,1,1,0,0,0,0,1,3,1,0,KRBKRNvK,DRAW,1k6/5B2/1R6/3r2n1/8/K7/8/8 b - - 0 1
0,1,0,0,0,0,0,1,-1,1,0,1,1,1,0,0,0,0,0,16,0,0,6,6,0,4,6,5,2,28,22,0,0,0,0,0,0,0,0,7,1,1,0,0,0,0,1,2,0,0,KRBKRNvK,DRAW,8/4k2B/8/1r6/6n1/8/8/2R3K1 b - - 0 1
1,1,0,0,0,0,0,1,-1,1,0,1,1,1,0,0,0,0,0,16,0,0,4,7,7,4,3,6,0,20,26,0,0,0,0,0,0,0,0,7,1,1,0,0,0,0,2,3,0,0,KRBKRNvK,DRAW,7K/8/2n5/6r1/4k3/8/8/3R2B1 w - - 0 1
1,1,0,0,0,0,0,1,-1,1,0,1,1,1,0,0,0,0,0,16,0,0,4,1,2,1,6,3,4,28,24,0,0,0,0,0,0,0,0,7,1,1,0,0,0,0,2,2,0,1,KRBKRNvK,DRAW,8/1k6/8/r7/7n/1K2B3/3R4/8 w - - 0 1
1,1,0,0,0,0,0,1,-1,1,0,1,1,1,0,0,0,0,0,16,0,0,5,4,0,6,5,3,3,19,28,0,0,0,0,0,0,0,0,7,1,1,0,0,0,0,2,1,1,0,KRBKRNvK,DRAW,r7/8/6k1/8/2n4B/8/8/3RK3 w - - 0 1
0,1,0,0,0,0,0,1,-1,1,0,1,1,1,0,0,0,0,0,16,0,0,5,5,1,2,6,3,3,22,24,0,0,0,0,0,0,0,0,7,1,1,0,0,0,0,0,2,0,0,KRBKRNvK,DRAW,5n2/2k5/8/7r/8/B7/1R3K2/8 b - - 0 1
0,1,0,0,0,0,0,1,-1,1,0,1,1,1,0,0,0,0,0,16,0,0,5,5,7,0,4,4,3,20,25,0,0,0,0,0,0,0,0,7,1,1,1,1,0,0,2,0,0,0,KRBKRNvK,DRAW,5K2/4R3/8/k5B1/8/8/7r/7n b - - 0 1
0,1,0,0,0,0,0,1,-1,1,0,1,1,1,0,0,0,0,0,16,0,0,6,6,1,0,4,4,3,3,0,1,0,0,0,0,0,0,0,7,1,1,1,0,0,0,1,1,1,1,KRBKRNvK,DRAW,8/R3n2B/8/k7/8/8/6K1/7r b - - 0 1
1,1,0,0,0,0,0,1,-1,1,0,1,1,1,0,0,0,0,0,16,0,0,4,1,6,5,7,4,4,26,20,0,0,0,0,0,0,0,0,7,1,1,0,0,0,0,0,1,0,1,KRBKRNvK,DRAW,5k2/1Kn3r1/8/8/7B/8/8/R7 w - - 0 1
0,1,0,0,0,0,0,1,-1,1,0,1,1,1,0,0,0,0,0,16,0,0,6,2,1,0,7,3,6,19,25,0,0,0,0,0,0,0,0,7,1,1,1,0,0,0,1,2,1,1,KRBKRNvK,DRAW,k7/2R5/4B3/3r4/8/8/1nK5/8 b - - 0 1
1,1,0,0,0,0,0,1,-1,1,0,1,1,1,0,0,0,0,0,16,0,0,4,4,5,0,4,1,3,22,20,0,0,0,0,0,0,0,0,7,1,1,0,0,0,0,3,0,0,1,KRBKRNvK,DRAW,8/1nr5/4K3/k4B2/8/4R3/8/8 w - - 0 1
0,1,0,0,0,0,0,1,-1,1,0,1,1,1,0,0,0,0,0,16,0,0,7,4,0,7,7,3,6,19,21,0,0,0,0,0,0,0,0,7,1,1,0,0,0,0,0,0,0,1,KRBKRNvK,DRAW,7k/8/B7/8/8/5r2/R7/n3K3 b - - 0 1
0,1,0,0,0,0,0,1,-1,1,0,1,1,1,0,0,0,0,0,16,0,0,3,4,2,7,5,1,4,3,0,1,0,0,0,0,0,0,0,7,1,1,0,0,0,0,3,1,1,1,KRBKRNvK,DRAW,8/1B6/7k/8/7R/1r1nK3/8/8 b - - 0 1
0,1,0,0,0,0,0,1,-1,1,0,1,1,1,0,0,0,0,0,16,0,0,3,7,4,7,7,3,6,23,24,0,0,0,0,0,0,0,0,7,1,1,0,0,0,0,0,0,1,0,KRBKRNvK,DRAW,5r1k/8/7B/3n3K/8/8/8/2R5 b - - 0 1
0,1,0,0,0,0,0,1,-1,1,0,1,1,1,0,0,0,0,0,16,0,0,2,2,0,2,2,4,2,15,23,0,0,0,0,0,0,0,0,7,1,1,0,0,0,0,1,1,1,0,KRBKRNvK,DRAW,8/7r/1R6/7n/8/2k5/B7/2K5 b - - 0 1
0,1,0,0,0,0,0,1,-1,1,0,1,1,1,0,0,0,0,0,16,0,0,5,0,2,2,7,4,4,18,24,0,0,0,0,0,0,0,0,7,1,1,0,1,0,0,2,1,2,0,KRBKRNvK,WIN,2k5/8/1B1R4/8/8/K7/3n3r/8 b - - 0 1
0,1,0,0,0,0,0,1,-1,1,0,1,1,1,0,0,0,0,0,16,0,0,5,6,6,2,1,4,3,3,0,1,0,0,0,0,0,0,0,7,1,1,0,0,0,0,0,2,2,0,KRBKRNvK,DRAW,8/2n3K1/8/8/B7/3r4/2k5/3R4 b - - 0 1
0,1,0,0,0,0,0,1,-1,1,0,1,1,1,0,0,0,0,0,16,0,0,6,2,0,0,6,4,5,17,25,0,0,0,0,0,0,0,0,7,1,1,0,0,0,0,3,1,0,0,KRBKRNvK,DRAW,6r1/k7/3R2n1/8/8/8/8/B1K5 b - - 0 1
1,1,0,0,0,0,0,1,-1,1,0,1,1,1,0,0,0,0,0,16,0,0,4,6,3,2,1,2,3,6,0,1,0,0,0,0,0,0,0,7,1,1,0,0,0,0,2,2,1,1,KRBKRNvK,DRAW,8/8/8/8/5RK1/B7/2k4n/4r3 w - - 0 1
0,1,0,0,0,0,0,1,-1,1,0,1,1,1,0,0,0,0,0,16,0,0,3,7,3,4,1,3,2,25,18,0,0,0,0,0,0,0,0,7,1,1,0,0,0,0,2,1,0,0,KRBKRNvK,DRAW,r7/2n5/7B/7R/7K/8/4k3/8 b - - 0 1
0,1,0,0,0,0,0,1,-1,1,0,1,1,1,0,0,0,0,0,16,0,0,3,5,6,2,4,3,1,4,0,1,0,0,0,0,0,0,0,7,1,1,0,0,0,0,2,2,1,1,KRBKRNvK,DRAW,3R4/5K2/7r/2k5/8/B7/8/2n5 b - - 0 1
0,1,0,0,0,0,0,1,-1,1,0,1,1,1,0,0,0,0,0,16,0,0,7,4,7,3,0,3,3,22,23,0,0,0,0,0,0,0,0,7,1,1,1,0,0,0,0,0,0,0,KRBKRNvK,DRAW,4K3/1R2B3/7r/8/8/8/8/3kn3 b - - 0 1
1,1,0,0,0,0,0,1,-1,1,0,1,1,1,0,0,0,0,0,16,0,0,3,2,1,5,0,3,4,26,11,0,0,0,0,0,0,0,0,7,1,1,0,0,0,0,0,0,1,0,KRBKRNvK,DRAW,3B4/6n1/8/8/8/8/2K4R/5kr1 w - - 0 1
0,1,0,0,0,0,0,1,-1,1,0,1,1,1,0,0,0,0,0,16,0,0,2,5,4,6,6,1,4,23,30,0,0,0,0,0,0,0,0,7,1,1,0,0,0,0,2,2,0,0,KRBKRNvK,DRAW,3r4/6k1/8/5K2/5B2/8/1n6/4R3 b - - 0 1
0,1,0,0,0,0,0,1,-1,1,0,1,1,1,0,0,0,0,0,16,0,0,3,2,5,4,2,2,1,17,27,0,0,0,0,0,0,0,0,7,1,1,0,0,0,0,2,2,1,1,KRBKRNvK,DRAW,8/8/2K5/4B3/n7/1r2k3/R7/8 b - - 0 1
1,1,0,0,0,0,0,1,-1,1,0,1,1,1,0,0,0,0,0,16,0,0,5,2,3,7,6,1,5,25,17,0,0,0,0,0,0,0,0,7,1,1,0,0,0,0,3,2,0,0,KRBKRNvK,DRAW,8/7k/8/2R5/2K5/5n1r/1B6/8 w - - 0 1
0,1,0,0,0,0,0,1,-1,1,0,1,1,1,0,0,0,0,0,16,0,0,4,0,2,0,6,4,5,17,29,0,0,0,0,0,0,0,0,7,1,1,0,0,0,0,2,1,0,0,KRBKRNvK,DRAW,1r6/k7/1n6/8/8/K1B5/8/5R2 b - - 0 1
0,1,0,0,0,0,0,1,-1,1,0,1,1,1,0,0,0,0,0,16,0,0,2,0,5,2,3,4,1,15,25,0,0,0,0,0,0,0,0,7,1,1,0,1,0,0,3,2,0,0,KRBKRNvK,DRAW,8/8/K7/7R/2k5/8/2r5/6Bn b - - 0 1
1,1,0,0,0,0,0,1,-1,1,0,1,1,1,0,0,0,0,0,16,0,0,4,7,3,3,2,3,1,30,24,0,0,0,0,0,0,0,0,7,1,1,0,0,0,0,1,2,1,0,KRBKRNvK,DRAW,8/8/1R6/8/n2B3K/3k4/8/5r2 w - - 0 1
1,1,0,0,0,0,0,1,-1,1,0,1,1,1,0,0,0,0,0,16,0,0,5,7,5,2,6,4,3,26,22,0,0,0,0,0,0,0,0,7,1,1,0,1,0,0,3,0,0,0,KRBKRNvK,DRAW,8/2k5/7K/5R2/8/8/r4B1n/8 w - - 0 1
1,1,0,0,0,0,0,1,-1,1,0,1,1,1,0,0,0,0,0,16,0,0,5,3,5,1,0,1,5,29,17,0,0,0,0,0,0,0,0,7,1,1,0,0,0,0,3,0,0,0,KRBKRNvK,DRAW,6r1/8/1B1K4/8/8/8/5R2/nk6 w - - 0 1
1,1,0,0,0,0,0,1,-1,1,0,1,1,1,0,0,0,0,0,16,0,0,4,0,5,4,7,4,3,26,8,0,0,0,0,0,0,0,0,7,1,1,1,0,0,0,2,0,1,0,KRBKRNvK,DRAW,4k2r/3R4/K6B/8/8/8/8/1n6 w - - 0 1
0,1,0,0,0,0,0,1,-1,1,0,1,1,1,0,0,0,0,0,16,0,0,6,1,6,6,0,4,5,23,27,0,0,0,0,0,0,0,0,7,1,1,0,0,0,0,3,0,0,1,KRBKRNvK,DRAW,3R4/1K4B1/r7/8/8/8/8/3n2k1 b - - 0 1
0,1,0,0,0,0,0,1,-1,1,0,1,1,1,0,0,0,0,0,16,0,0,5,6,2,3,7,3,3,4,0,1,0,0,0,0,0,0,0,7,1,1,0,0,0,0,2,2,0,0,KRBKRNvK,DRAW,3kr3/8/8/8/8/6K1/1n1R4/2B5 b - - 0 1
1,1,0,0,0,0,0,1,-1,1,0,1,1,1,0,0,0,0,0,16,0,0,2,5,3,5,1,1,3,21,16,0,0,0,0,0,0,0,0,7,1,1,0,1,0,0,2,0,1,0,KRBKRNvK,DRAW,8/8/4R3/8/5K2/8/2r2k1B/5n2 w - - 0 1
1,1,0,0,0,0,0,1,-1,1,0,1,1,1,0,0,0,0,0,16,0,0,6,3,1,2,7,2,4,4,0,1,0,0,0,0,0,0,0,7,1,1,0,0,0,0,0,1,0,2,KRBKRNvK,DRAW,2k5/8/8/8/1Bn5/8/3K3R/1r6 w - - 0 1
1,1,0,0,0,0,0,1,-1,1,0,1,1,1,0,0,0,0,0,16,0,0,5,3,5,1,0,1,5,22,24,0,0,0,0,0,0,0,0,7,1,1,0,0,0,0,3,2,1,1,KRBKRNvK,DRAW,8/8/3K1n2/8/8/6r1/3RB3/1k6 w - - 0 1
1,1,0,0,0,0,0,1,-1,1,0,1,1,1,0,0,0,0,0,16,0,0,4,3,3,7,0,0,6,24,21,0,0,0,0,0,0,0,0,7,1,1,0,0,0,0,3,2,0,0,KRBKRNvK,DRAW,8/7B/8/r7/3K4/2R5/8/5n1k w - - 0 1
1,1,0,0,0,0,0,1,-1,1,0,1,1,1,0,0,0,0,0,16,0,0,2,5,4,7,3,1,3,6,0,1,0,0,0,0,0,0,0,7,1,1,0,1,0,0,2,1,0,1,KRBKRNvK,DRAW,1RB5/8/8/5K2/7k/4n3/2r5/8 w - - 0 1
0,1,0,0,0,0,0,1,-1,1,0,1,1,1,0,0,0,0,0,16,0,0,5,1,1,4,6,4,2,12,23,0,0,0,0,0,0,0,0,7,1,1,0,0,0,0,0,2,0,0,KRBKRNvK,LOSS,8/4k3/7n/2r5/1B6/7R/1K6/8 b - - 0 1
0,1,0,0,0,0,0,1,-1,1,0,1,1,1,0,0,0,0,0,16,0,0,2,1,1,3,1,4,2,4,0,1,0,0,0,0,0,0,0,7,1,1,0,0,0,0,0,2,2,0,KRBKRNvK,DRAW,8/8/8/8/5r2/8/1KRk4/1B3n2 b - - 0 1
0,1,0,0,0,0,0,1,-1,1,0,1,1,1,0,0,0,0,0,16,0,0,4,1,4,5,0,2,4,4,0,1,0,0,0,0,0,0,0,7,1,1,0,0,0,0,2,0,0,0,KRBKRNvK,DRAW,r7/8/3R4/1K6/2B5/8/8/5kn1 b - - 0 1
1,1,0,0,0,0,0,1,-1,1,0,1,1,1,0,0,0,0,0,16,0,0,6,2,7,3,1,4,2,25,20,0,0,0,0,0,0,0,0,7,1,1,0,1,0,0,2,2,1,0,KRBKRNvK,DRAW,2KB4/8/8/8/8/5n2/3k3r/4R3 w - - 0 1
1,1,0,0,0,0,0,1,-1,1,0,1,1,1,0,0,0,0,0,16,0,0,3,1,1,4,2,4,1,30,18,0,0,0,0,0,0,0,0,7,1,1,0,0,0,0,3,3,0,0,KRBKRNvK,DRAW,8/4r3/n1BR4/8/8/4k3/1K6/8 w - - 0 1
1,1,0,0,0,0,0,1,-1,1,0,1,1,1,0,0,0,0,0,16,0,0,4,3,1,7,4,2,3,26,23,0,0,0,0,0,0,0,0,7,1,1,1,0,0,0,1,1,0,0,KRBKRNvK,DRAW,2r5/R7/8/1n5k/8/4B3/3K4/8 w - - 0 1
1,1,0,0,0,0,0,1,-1,1,0,1,1,1,0,0,0,0,0,16,0,0,5,0,1,5,1,5,3,5,0,1,0,0,0,0,0,0,0,7,1,1,0,0,0,0,1,1,0,1,KRBKRNvK,DRAW,6Br/8/8/8/1n6/8/K4k2/2R5 w - - 0 1
0,1,0,0,0,0,0,1,-1,1,0,1,1,1,0,0,0,0,0,16,0,0,6,6,6,0,2,4,4,22,26,0,0,0,0,0,0,0,0,7,1,1,0,0,0,0,0,1,0,0,KRBKRNvK,DRAW,8/6K1/Bn6/8/8/k4r2/7R/8 b - - 0 1
1,1,0,0,0,0,0,1,-1,1,0,1,1,1,0,0,0,0,0,16,0,0,4,6,0,4,4,5,0,4,0,1,0,0,0,0,0,0,0,7,1,1,0,0,0,0,2,3,1,2,KRBKRNvK,DRAW,8/8/1B1R4/4k3/8/6r1/8/4n1K1 w - - 0 1
1,1,0,0,0,0,0,1,-1,1,0,1,1,1,0,0,0,0,0,16,0,0,7,0,2,7,1,4,5,26,23,0,0,0,0,0,0,0,0,7,1,1,0,0,0,0,0,2,1,0,KRBKRNvK,DRAW,6r1/8/8/8/8/K4n1B/7k/1R6 w - - 0 1
0,1,0,0,0,0,0,1,-1,1,0,1,1,1,0,0,0,0,0,16,0,0,6,7,3,1,3,3,2,28,19,0,0,0,0,0,0,0,0,7,1,1,0,0,0,0,1,2,1,1,KRBKRNvK,DRAW,r7/8/5n1R/8/1k1B3K/8/8/8 b - - 0 1
0,1,0,0,0,0,0,1,-1,1,0,1,1,1,0,0,0,0,0,16,0,0,4,6,6,4,2,4,1,7,0,1,0,0,0,0,0,0,0,7,1,1,0,0,0,0,2,2,1,0,KRBKRNvK,DRAW,8/6K1/1B6/8/2r1n1R1/4k3/8/8 b - - 0 1
0,1,0,0,0,0,0,1,-1,1,0,1,1,1,0,0,0,0,0,16,0,0,7,0,4,7,4,3,3,22,26,0,0,0,0,0,0,0,0,7,1,1,0,0,0,0,3,0,0,0,KRBKRNvK,DRAW,4R3/B7/7n/K6k/8/8/8/2r5 b - - 0 1
0,1,0,0,0,0,0,1,-1,1,0,1,1,1,0,0,0,0,0,16,0,0,7,5,0,7,7,4,6,19,26,0,0,0,0,0,0,0,0,7,1,1,0,0,0,0,2,2,0,0,KRBKRNvK,DRAW,6nk/8/8/1r6/7B/4R3/8/5K2 b - - 0 1
0,1,0,0,0,0,0,1,-1,1,0,1,1,1,0,0,0,0,0,16,0,0,4,7,2,3,3,4,0,24,26,0,0,0,0,0,0,0,0,7,1,1,0,1,0,0,1,3,1,0,KRBKRNvK,DRAW,5n2/8/8/8/3k4/1B5K/4r3/R7 b - - 0 1
0,1,0,0,0,0,0,1,-1,1,0,1,1,1,0,0,0,0,0,16,0,0,3,0,5,3,2,4,1,6,0,1,0,0,0,0,0,0,0,7,1,1,0,0,0,0,3,2,0,0,KRBKRNvK,DRAW,B2R1n2/8/K7/8/8/3k4/8/2r5 b - - 0 1
1,1,0,0,0,0,0,1,-1,1,0,1,1,1,0,0,0,0,0,16,0,0,5,7,2,2,5,4,2,18,27,0,0,0,0,0,0,0,0,7,1,1,0,0,0,0,0,2,0,0,KRBKRNvK,DRAW,8/1r6/2k3n1/8/8/7K/7R/3B4 w - - 0 1
0,1,0,0,0,0,0,1,-1,1,0,1,1,1,0,0,0,0,0,16,0,0,2,3,0,1,2,3,3,4,0,1,0,0,0,0,0,0,0,7,1,1,0,0,0,0,0,0,0,0,KRBKRNvK,DRAW,r7/6n1/1R6/8/8/1k6/4B3/3K4 b - - 0 1
1,1,0,0,0,0,0,1,-1,1,0,1,1,1,0,0,0,0,0,16,0,0,2,5,0,3,2,4,1,23,25,0,0,0,0,0,0,0,0,7,1,1,0,1,0,0,2,3,0,0,KRBKRNvK,DRAW,8/3B4/5n2/8/6R1/3k4/2r5/5K2 w - - 0 1
0,1,0,0,0,0,0,1,-1,1,0,1,1,1,0,0,0,0,0,16,0,0,2,7,4,5,3,3,1,23,20,0,0,0,0,0,0,0,0,7,1,1,0,0,0,0,2,2,2,1,KRBKRNvK,DRAW,8/8/8/6RK/5kn1/2r5/4B3/8 b - - 0 1
0,1,0,0,0,0,0,1,-1,1,0,1,1,1,0,0,0,0,0,16,0,0,4,6,6,2,5,4,2,30,23,0,0,0,0,0,0,0,0,7,1,1,0,0,0,0,2,2,0,0,KRBKRNvK,DRAW,r7/6K1/2k5/8/2n4R/8/8/4B3 b - - 0 1
1,1,0,0,0,0,0,1,-1,1,0,1,1,1,0,0,0,0,0,16,0,0,7,2,7,1,0,4,5,3,0,1,0,0,0,0,0,0,0,7,1,1,0,0,0,0,3,2,0,1,KRBKRNvK,DRAW,r1K5/B7/5n2/8/8/8/4R3/1k6 w - - 0 1
1,1,0,0,0,0,0,1,-1,1,0,1,1,1,0,0,0,0,0,16,0,0,3,0,3,3,1,3,2,23,23,0,0,0,0,0,0,0,0,7,1,1,0,0,0,0,3,0,0,0,KRBKRNvK,DRAW,1r6/8/4R3/8/K7/8/3k2n1/6B1 w - - 0 1
0,1,0,0,0,0,0,1,-1,1,0,1,1,1,0,0,0,0,0,16,0,0,5,6,1,1,6,4,4,5,0,1,0,0,0,0,0,0,0,7,1,1,1,0,0,0,2,0,0,1,KRBKRNvK,DRAW,8/1k2R3/8/5B2/4n3/r7/6K1/8 b - - 0 1
0,1,0,0,0,0,0,1,-1,1,0,1,1,1,0,0,0,0,0,16,0,0,2,7,3,5,3,3,1,6,0,1,0,0,0,0,0,0,0,7,1,1,0,1,0,0,0,2,0,0,KRBKRNvK,DRAW,8/8/8/8/2n2k1K/1R6/r7/2B5 b - - 0 1
0,1,0,0,0,0,0,1,-1,1,0,1,1,1,0,0,0,0,0,16,0,0,2,4,7,2,6,3,3,5,0,1,0,0,0,0,0,0,0,7,1,1,0,0,0,0,1,1,0,1,KRBKRNvK,LOSS,4K3/2k2r2/8/8/1n6/6BR/8/8 b - - 0 1
0,1,0,0,0,0,0,1,-1,1,0,1,1,1,0,0,0,0,0,16,0,0,4,6,6,2,5,4,2,19,28,0,0,0,0,0,0,0,0,7,1,1,0,0,0,0,0,1,0,0,KRBKRNvK,DRAW,8/2n3K1/1rk5/8/8/5R2/4B3/8 b - - 0 1
1,1,0,0,0,0,0,1,-1,1,0,1,1,1,0,0,0,0,0,16,0,0,4,0,4,4,0,3,3,20,19,0,0,0,0,0,0,0,0,7,1,1,0,0,0,0,1,0,0,1,KRBKRNvK,DRAW,1n4B1/8/8/K7/8/2r5/R7/4k3 w - - 0 1
0,1,0,0,0,0,0,1,-1,1,0,1,1,1,0,0,0,0,0,16,0,0,4,7,3,3,6,3,2,26,18,0,0,0,0,0,0,0,0,7,1,1,0,0,0,0,2,0,0,0,KRBKRNvK,DRAW,1r6/3k4/8/8/6RK/7B/8/3n4 b - - 0 1
0,1,0,0,0,0,0,1,-1,1,0,1,1,1,0,0,0,0,0,16,0,0,2,4,1,6,2,2,3,23,23,0,0,0,0,0,0,0,0,7,1,1,0,0,0,0,2,2,0,0,KRBKRNvK,DRAW,4B3/8/3r4/5n2/2R5/6k1/4K3/8 b - - 0 1
0,1,0,0,0,0,0,1,-1,1,0,1,1,1,0,0,0,0,0,16,0,0,3,2,5,5,4,2,1,25,20,0,0,0,0,0,0,0,0,7,1,1,1,0,0,0,1,2,0,0,KRBKRNvK,DRAW,8/R7/B1K5/5k2/8/8/n7/1r6 b - - 0 1
1,1,0,0,0,0,0,1,-1,1,0,1,1,1,0,0,0,0,0,16,0,0,5,7,2,2,6,4,3,26,27,0,0,0,0,0,0,0,0,7,1,1,0,0,0,0,1,3,0,0,KRBKRNvK,DRAW,8/2k5/5R2/8/2n5/7K/5B2/3r4 w - - 0 1
1,1,0,0,0,0,0,1,-1,1,0,1,1,1,0,0,0,0,0,16,0,0,2,5,5,4,7,2,3,25,25,0,0,0,0,0,0,0,0,7,1,1,0,0,0,0,3,1,0,0,KRBKRNvK,DRAW,4k3/8/5K2/2n5/6R1/6B1/8/7r w - - 0 1
1,1,0,0,0,0,0,1,-1,1,0,1,1,1,0,0,0,0,0,16,0,0,5,2,5,7,0,2,6,20,20,0,0,0,0,0,0,0,0,7,1,1,0,0,0,0,1,0,0,0,KRBKRNvK,DRAW,7r/8/1RK5/8/1B6/8/8/3n3k w - - 0 1
0,1,0,0,0,0,0,1,-1,1,0,1,1,1,0,0,0,0,0,16,0,0,7,0,0,6,7,6,5,21,28,0,0,0,0,0,0,0,0,7,1,1,0,0,0,0,2,0,0,0,KRBKRNvK,DRAW,3n2k1/8/8/4B3/8/5r2/8/K2R4 b - - 0 1
1,1,0,0,0,0,0,1,-1,1,0,1,1,1,0,0,0,0,0,16,0,0,5,1,5,6,3,3,2,6,0,1,0,0,0,0,0,0,0,7,1,1,0,0,0,0,3,2,1,1,KRBKRNvK,DRAW,8/8/1K4B1/6n1/1r4k1/8/8/3R4 w - - 0 1
0,1,0,0,0,0,0,1,-1,1,0,1,1,1,0,0,0,0,0,16,0,0,4,6,7,2,5,5,2,20,26,0,0,0,0,0,0,0,0,7,1,1,0,0,0,0,1,2,1,0,KRBKRNvK,DRAW,R5K1/1n6/2k5/1r6/8/6B1/8/8 b - - 0 1
0,1,0,0,0,0,0,1,-1,1,0,1,1,1,0,0,0,0,0,16,0,0,7,7,2,0,3,4,3,5,0,1,0,0,0,0,0,0,0,7,1,1,0,0,0,0,0,0,1,0,KRBKRNvK,DRAW,4B3/8/1r6/8/k7/n6K/R7/8 b - - 0 1
0,1,0,0,0,0,0,1,-1,1,0,1,1,1,0,0,0,0,0,16,0,0,7,7,2,0,7,4,6,3,0,1,0,0,0,0,0,0,0,7,1,1,0,0,0,0,3,1,0,0,KRBKRNvK,DRAW,k7/8/6r1/8/2n4R/5B1K/8/8 b - - 0 1
1,1,0,0,0,0,0,1,-1,1,0,1,1,1,0,0,0,0,0,16,0,0,5,3,7,3,2,3,1,26,24,0,0,0,0,0,0,0,0,7,1,1,0,0,0,0,0,2,0,0,KRBKRNvK,DRAW,3K4/8/6R1/8/1r1n4/3k3B/8/8 w - - 0 1
1,1,0,0,0,0,0,1,-1,1,0,1,1,1,0,0,0,0,0,16,0,0,3,1,5,4,3,3,0,24,15,0,0,0,0,0,0,0,0,7,1,1,0,0,0,0,2,4,1,1,KRBKRNvK,DRAW,8/8/1K6/1R6/r3k3/6B1/n7/8 w - - 0 1
1,1,0,0,0,0,0,1,-1,1,0,1,1,1,0,0,0,0,0,16,0,0,5,5,6,7,1,3,5,4,0,1,0,0,0,0,0,0,0,7,1,1,0,1,0,0,3,2,1,1,KRBKRNvK,DRAW,8/5K2/7n/6R1/8/8/4rB1k/8 w - - 0 1
1,1,0,0,0,0,0,1,-1,1,0,1,1,1,0,0,0,0,0,16,0,0,7,1,7,5,0,5,4,30,19,0,0,0,0,0,0,0,0,7,1,1,0,0,0,0,1,2,1,0,KRBKRNvK,DRAW,1K6/8/8/7r/n7/4B3/2R5/5k2 w - - 0 1
1,1,0,0,0,0,0,1,-1,1,0,1,1,1,0,0,0,0,0,16,0,0,3,1,0,1,3,5,2,26,26,0,0,0,0,0,0,0,0,7,1,1,0,0,0,0,0,1,0,0,KRBKRNvK,DRAW,7R/4n3/5r2/8/1k6/8/8/1K1B4 w - - 0 1
0,1,0,0,0,0,0,1,-1,1,0,1,1,1,0,0,0,0,0,16,0,0,4,4,0,4,4,3,0,29,21,0,0,0,0,0,0,0,0,7,1,1,0,0,0,0,0,3,0,0,KRBKRNvK,DRAW,8/8/1R1n4/4k3/8/r7/8/3BK3 b - - 0 1
1,1,0,0,0,0,0,1,-1,1,0,1,1,1,0,0,0,0,0,16,0,0,4,4,5,2,1,1,3,22,16,0,0,0,0,0,0,0,0,7,1,1,1,0,0,0,3,0,1,0,KRBKRNvK,DRAW,8/7R/4K3/8/8/4B3/2k5/4rn2 w - - 0 1
1,1,0,0,0,0,0,1,-1,1,0,1,1,1,0,0,0,0,0,16,0,0,5,0,0,5,1,6,3,28,26,0,0,0,0,0,0,0,0,7,1,1,1,0,0,0,1,0,0,0,KRBKRNvK,DRAW,8/1R6/2r1B3/8/4n3/8/5k2/K7 w - - 0 1
1,1,0,0,0,0,0,1,-1,1,0,1,1,1,0,0,0,0,0,16,0,0,6,1,1,7,4,4,3,23,20,0,0,0,0,0,0,0,0,7,1,1,0,0,0,0,2,2,0,0,KRBKRNvK,DRAW,5n2/8/8/4r2k/2R5/8/BK6/8 w - - 0 1
0,1,0,0,0,0,0,1,-1,1,0,1,1,1,0,0,0,0,0,16,0,0,6,1,3,7,7,2,6,15,28,0,0,0,0,0,0,0,0,7,1,1,0,0,0,0,2,0,0,1,KRBKRNvK,WIN,7k/3B4/8/8/1K6/n3R3/8/r7 b - - 0 1
0,1,0,0,0,0,0,1,-1,1,0,1,1,1,0,0,0,0,0,16,0,0,3,0,5,3,5,4,1,6,0,1,0,0,0,0,0,0,0,7,1,1,0,0,0,0,3,2,0,0,KRBKRNvK,DRAW,8/8/K2k2B1/8/6n1/3R4/8/5r2 b - - 0 1
0,1,0,0,0,0,0,1,-1,1,0,1,1,1,0,0,0,0,0,16,0,0,4,7,3,7,7,3,6,25,21,0,0,0,0,0,0,0,0,7,1,1,0,0,0,0,2,0,0,0,KRBKRNvK,DRAW,2B4k/8/8/4n3/4R2K/8/8/5r2 b - - 0 1
1,1,0,0,0,0,0,1,-1,1,0,1,1,1,0,0,0,0,0,16,0,0,6,7,6,1,6,5,4,24,21,0,0,0,0,0,0,0,0,7,1,1,0,0,0,0,1,1,0,0,KRBKRNvK,DRAW,1r6/1k5K/8/2n5/8/6R1/B7/8 w - - 0 1
0,1,0,0,0,0,0,1,-1,1,0,1,1,1,0,0,0,0,0,16,0,0,3,1,0,3,3,5,0,20,19,0,0,0,0,0,0,0,0,7,1,1,0,0,0,0,0,4,1,0,KRBKRNvK,DRAW,8/8/3r4/7n/3k4/8/4B3/1K2R3 b - - 0 1
0,1,0,0,0,0,0,1,-1,1,0,1,1,1,0,0,0,0,0,16,0,0,4,2,1,6,5,3,3,6,0,1,0,0,0,0,0,0,0,7,1,1,0,0,0,0,0,3,0,2,KRBKRNvK,DRAW,2B5/8/2R3k1/8/8/1n2r3/2K5/8 b - - 0 1
1,1,0,0,0,0,0,1,-1,1,0,1,1,1,0,0,0,0,0,16,0,0,3,4,7,1,5,3,3,2,0,1,0,0,0,0,0,0,0,7,1,1,0,0,0,0,0,2,1,1,KRBKRNvK,DRAW,r3K3/8/1kn5/1B6/8/7R/8/8 w - - 0 1
1,1,0,0,0,0,0,1,-1,1,0,1,1,1,0,0,0,0,0,16,0,0,3,3,4,6,3,0,2,26,24,0,0,0,0,0,0,0,0,7,1,1,0,0,0,0,3,0,0,0,KRBKRNvK,DRAW,2R5/8/r7/3K4/6k1/8/8/6Bn w - - 0 1
0,1,0,0,0,0,0,1,-1,1,0,1,1,1,0,0,0,0,0,16,0,0,6,3,0,4,6,3,2,19,26,0,0,0,0,0,0,0,0,7,1,1,0,0,0,0,0,0,1,0,KRBKRNvK,DRAW,8/1r2k3/6R1/8/8/7n/8/3K1B2 b - - 0 1
1,1,0,0,0,0,0,1,-1,1,0,1,1,1,0,0,0,0,0,16,0,0,3,2,4,5,7,1,4,25,22,0,0,0,0,0,0,0,0,7,1,1,0,0,0,0,3,3,0,1,KRBKRNvK,DRAW,5k2/5n2/8/2K1R3/8/3r4/6B1/8 w - - 0 1
1,1,0,0,0,0,0,1,-1,1,0,1,1,1,0,0,0,0,0,16,0,0,3,7,4,6,1,3,4,5,0,1,0,0,0,0,0,0,0,7,1,1,0,1,0,0,2,1,0,1,KRBKRNvK,DRAW,8/5B2/8/7K/3R4/6n1/1r4k1/8 w - - 0 1
0,1,0,0,0,0,0,1,-1,1,0,1,1,1,0,0,0,0,0,16,0,0,6,1,2,7,5,3,4,3,0,1,0,0,0,0,0,0,0,7,1,1,0,0,0,0,3,1,1,1,KRBKRNvK,DRAW,8/8/r2B3k/1n6/7R/1K6/8/8 b - - 0 1
0,1,0,0,0,0,0,1,-1,1,0,1,1,1,0,0,0,0,0,16,0,0,2,4,5,6,4,1,2,25,22,0,0,0,0,0,0,0,0,7,1,1,0,0,0,0,3,1,0,0,KRBKRNvK,DRAW,8/1r6/4K3/6k1/3R4/3n4/6B1/8 b - - 0 1
0,1,0,0,0,0,0,1,-1,1,0,1,1,1,0,0,0,0,0,16,0,0,2,0,3,2,2,3,2,26,21,0,0,0,0,0,0,0,0,7,1,1,0,0,0,0,2,2,0,0,KRBKRNvK,DRAW,8/3B1n2/6r1/5R2/K7/2k5/8/8 b - - 0 1
0,1,0,0,0,0,0,1,-1,1,0,1,1,1,0,0,0,0,0,16,0,0,2,1,2,1,0,3,5,24,20,0,0,0,0,0,0,0,0,7,1,1,1,0,0,0,3,2,0,1,KRBKRNvK,DRAW,8/4R3/5n2/8/3r4/1K6/8/1k4B1 b - - 0 1
0,1,0,0,0,0,0,1,-1,1,0,1,1,1,0,0,0,0,0,16,0,0,3,4,5,7,7,1,6,24,20,0,0,0,0,0,0,0,0,7,1,1,0,0,0,0,4,2,0,1,KRBKRNvK,WIN,7k/1B6/4K3/7r/R3n3/8/8/8 b - - 0 1
1,1,0,0,0,0,0,1,-1,1,0,1,1,1,0,0,0,0,0,16,0,0,5,2,1,0,6,3,5,16,22,0,0,0,0,0,0,0,0,7,1,1,0,0,0,0,0,0,0,0,KRBKRNvK,DRAW,8/k7/5r2/8/B7/8/R1K4n/8 w - - 0 1
0,1,0,0,0,0,0,1,-1,1,0,1,1,1,0,0,0,0,0,16,0,0,4,5,5,3,1,2,2,25,21,0,0,0,0,0,0,0,0,7,1,1,0,0,0,0,1,1,0,0,KRBKRNvK,WIN,3B4/8/1nR2K2/8/8/7r/3k4/8 b - - 0 1
1,1,0,0,0,0,0,1,-1,1,0,1,1,1,0,0,0,0,0,16,0,0,4,1,5,1,1,3,4,6,0,1,0,0,0,0,0,0,0,7,1,1,1,0,0,0,1,2,1,1,KRBKRNvK,DRAW,8/6R1/1K6/5n2/1r6/8/1kB5/8 w - - 0 1
0,1,0,0,0,0,0,1,-1,1,0,1,1,1,0,0,0,0,0,16,0,0,6,4,7,7,1,3,5,24,24,0,0,0,0,0,0,0,0,7,1,1,0,0,0,0,2,3,1,0,KRBKRNvK,DRAW,4K3/8/8/1r6/3R3B/8/3n3k/8 b - - 0 1
1,1,0,0,0,0,0,1,-1,1,0,1,1,1,0,0,0,0,0,16,0,0,4,0,0,4,1,6,2,2,0,1,0,0,0,0,0,0,0,7,1,1,0,0,0,0,1,0,0,1,KRBKRNvK,DRAW,5R2/7n/8/8/8/8/B3k3/K1r5 w - - 0 1
0,1,0,0,0,0,0,1,-1,1,0,1,1,1,0,0,0,0,0,16,0,0,7,0,7,7,6,6,5,5,0,1,0,0,0,0,0,0,0,7,1,1,1,0,0,0,2,0,0,0,KRBKRNvK,DRAW,K7/1R5k/8/8/8/2r2B2/1n6/8 b - - 0 1
0,1,0,0,0,0,0,1,-1,1,0,1,1,1,0,0,0,0,0,16,0,0,7,2,7,0,0,4,6,2,0,1,0,0,0,0,0,0,0,7,1,1,0,0,0,0,2,1,0,0,KRBKRNvK,DRAW,2K5/6r1/2B5/8/5n2/8/8/k4R2 b - - 0 1
1,1,0,0,0,0,0,1,-1,1,0,1,1,1,0,0,0,0,0,16,0,0,4,3,1,6,5,2,3,5,0,1,0,0,0,0,0,0,0,7,1,1,0,1,0,0,2,0,0,2,KRBKRNvK,DRAW,8/8/6k1/2RB4/8/8/1r1K4/1n6 w - - 0 1
1,1,0,0,0,0,0,1,-1,1,0,1,1,1,0,0,0,0,0,16,0,0,6,0,1,5,7,5,4,26,22,0,0,0,0,0,0,0,0,7,1,1,0,0,0,0,0,0,1,1,KRBKRNvK,DRAW,5k2/3B4/8/8/8/2r5/K5n1/7R w - - 0 1
1,1,0,0,0,0,0,1,-1,1,0,1,1,1,0,0,0,0,0,16,0,0,3,7,2,4,5,4,1,3,0,1,0,0,0,0,0,0,0,7,1,1,0,0,0,0,2,4,0,1,KRBKRNvK,DRAW,8/1B6/4k3/8/2r5/1R5K/5n2/8 w - - 0 1
1,1,0,0,0,0,0,1,-1,1,0,1,1,1,0,0,0,0,0,16,0,0,6,4,1,7,7,2,6,7,0,1,0,0,0,0,0,0,0,7,1,1,0,1,0,0,2,0,0,1,KRBKRNvK,DRAW,5n1k/8/8/6R1/8/6B1/4K1r1/8 w - - 0 1
1,1,0,0,0,0,0,1,-1,1,0,1,1,1,0,0,0,0,0,16,0,0,4,5,3,1,2,1,3,7,0,1,0,0,0,0,0,0,0,7,1,1,0,0,0,0,4,1,0,1,KRBKRNvK,DRAW,8/1r6/4n3/7R/5K2/1k6/5B2/8 w - - 0 1
0,1,0,0,0,0,0,1,-1,1,0,1,1,1,0,0,0,0,0,16,0,0,6,7,4,1,3,3,2,28,28,0,0,0,0,0,0,0,0,7,1,1,0,0,0,0,1,2,0,1,KRBKRNvK,DRAW,8/5n2/8/5B1K/1k6/8/6R1/4r3 b - - 0 1
1,1,0,0,0,0,0,1,-1,1,0,1,1,1,0,0,0,0,0,16,0,0,4,5,4,1,5,1,3,5,0,1,0,0,0,0,0,0,0,7,1,1,0,0,0,0,4,2,0,1,KRBKRNvK,DRAW,7B/6n1/1k6/2r2K2/8/8/3R4/8 w - - 0 1
1,1,0,0,0,0,0,1,-1,1,0,1,1,1,0,0,0,0,0,16,0,0,5,2,6,7,7,3,6,6,0,1,0,0,0,0,0,0,0,7,1,1,0,0,0,0,2,0,0,1,KRBKRNvK,DRAW,7k/r1K1B3/8/8/8/8/n7/3R4 w - - 0 1
1,1,0,0,0,0,0,1,-1,1,0,1,1,1,0,0,0,0,0,16,0,0,6,0,6,6,3,5,2,24,23,0,0,0,0,0,0,0,0,7,1,1,0,0,0,0,2,2,0,1,KRBKRNvK,DRAW,8/K1n5/8/5r2/6k1/3R4/8/4B3 w - - 0 1
0,1,0,0,0,0,0,1,-1,1,0,1,1,1,0,0,0,0,0,16,0,0,2,5,5,3,5,2,1,22,17,0,0,0,0,0,0,0,0,7,1,1,0,0,0,0,2,3,0,1,KRBKRNvK,DRAW,6r1/8/3k1K2/8/8/8/2R1n3/B7 b - - 0 1
1,1,0,0,0,0,0,1,-1,1,0,1,1,1,0,0,0,0,0,16,0,0,2,1,2,0,0,3,6,21,18,0,0,0,0,0,0,0,0,7,1,1,0,0,0,0,2,0,0,0,KRBKRNvK,WIN,1n6/8/5r2/8/8/1K1R4/8/k4B2 w - - 0 1
0,1,0,0,0,0,0,1,-1,1,0,1,1,1,0,0,0,0,0,16,0,0,4,4,0,0,1,3,5,12,23,0,0,0,0,0,0,0,0,7,1,1,0,0,0,0,3,1,0,1,KRBKRNvK,DRAW,8/5B2/8/8/4R3/1r2n3/k7/4K3 b - - 0 1
0,1,0,0,0,0,0,1,-1,1,0,1,1,1,0,0,0,0,0,16,0,0,7,6,7,6,0,5,5,21,25,0,0,0,0,0,0,0,0,7,1,1,1,0,0,0,0,0,0,1,KRBKRNvK,DRAW,6K1/5R2/7r/6B1/8/8/8/2n3k1 b - - 0 1
0,1,0,0,0,0,0,1,-1,1,0,1,1,1,0,0,0,0,0,16,0,0,2,3,0,1,2,3,3,28,15,0,0,0,0,0,0,0,0,7,1,1,1,0,0,0,2,0,0,0,KRBKRNvK,DRAW,2r5/6BR/8/8/3n4/1k6/8/3K4 b - - 0 1
1,1,0,0,0,0,0,1,-1,1,0,1,1,1,0,0,0,0,0,16,0,0,6,7,1,2,7,5,4,26,23,0,0,0,0,0,0,0,0,7,1,1,0,0,0,0,2,1,1,0,KRBKRNvK,DRAW,2k5/3nB3/8/8/6R1/1r6/7K/8 w - - 0 1
0,1,0,0,0,0,0,1,-1,1,0,1,1,1,0,0,0,0,0,16,0,0,4,0,4,0,0,3,6,20,25,0,0,0,0,0,0,0,0,7,1,1,0,0,0,0,0,0,0,0,KRBKRNvK,DRAW,6r1/7n/8/K7/B7/5R2/8/k7 b - - 0 1
1,1,0,0,0,0,0,1,-1,1,0,1,1,1,0,0,0,0,0,16,0,0,5,5,7,3,2,4,1,26,22,0,0,0,0,0,0,0,0,7,1,1,0,0,0,0,3,4,0,0,KRBKRNvK,DRAW,B4K2/8/8/2r5/7R/3k4/n7/8 w - - 0 1
1,1,0,0,0,0,0,1,-1,1,0,1,1,1,0,0,0,0,0,16,0,0,3,0,0,3,3,6,0,26,21,0,0,0,0,0,0,0,0,7,1,1,0,0,0,0,0,4,0,0,KRBKRNvK,DRAW,7R/8/8/1n6/3kr1B1/8/8/K7 w - - 0 1
0,1,0,0,0,0,0,1,-1,1,0,1,1,1,0,0,0,0,0,16,0,0,4,4,0,6,4,3,2,24,22,0,0,0,0,0,0,0,0,7,1,1,0,1,0,0,1,1,0,0,KRBKRNvK,WIN,8/8/8/6k1/2B3n1/8/r7/4K2R b - - 0 1
1,1,0,0,0,0,0,1,-1,1,0,1,1,1,0,0,0,0,0,16,0,0,6,0,7,5,1,6,3,23,24,0,0,0,0,0,0,0,0,7,1,1,0,0,0,0,2,1,1,0,KRBKRNvK,DRAW,K3B3/8/8/8/8/4R3/2n2k2/7r w - - 0 1
1,1,0,0,0,0,0,1,-1,1,0,1,1,1,0,0,0,0,0,16,0,0,2,5,7,6,5,4,3,1,0,1,0,0,0,0,0,0,0,7,1,1,1,0,0,0,0,1,1,0,KRBKRNvK,DRAW,r4K2/5R2/6k1/8/8/4n3/8/2B5 w - - 0 1
0,1,0,0,0,0,0,1,-1,1,0,1,1,1,0,0,0,0,0,16,0,0,3,7,5,4,5,4,1,22,21,0,0,0,0,0,0,0,0,7,1,1,0,0,0,0,0,3,1,0,KRBKRNvK,DRAW,5B2/8/4k2K/8/2n1r3/8/2R5/8 b - - 0 1
0,1,0,0,0,0,0,1,-1,1,0,1,1,1,0,0,0,0,0,16,0,0,3,6,4,3,5,2,1,24,26,0,0,0,0,0,0,0,0,7,1,1,0,0,0,0,0,2,0,1,KRBKRNvK,DRAW,n7/7r/3k4/6K1/8/1R6/3B4/8 b - - 0 1
1,1,0,0,0,0,0,1,-1,1,0,1,1,1,0,0,0,0,0,16,0,0,4,0,4,4,7,3,3,28,19,0,0,0,0,0,0,0,0,7,1,1,1,0,0,0,1,3,0,0,KRBKRNvK,DRAW,4k3/7R/6n1/K7/6r1/4B3/8/8 w - - 0 1
1,1,0,0,0,0,0,1,-1,1,0,1,1,1,0,0,0,0,0,16,0,0,5,0,3,5,2,3,2,2,0,1,0,0,0,0,0,0,0,7,1,1,1,0,0,0,0,2,0,1,KRBKRNvK,DRAW,8/1R6/8/1Bn5/K7/4rk2/8/8 w - - 0 1
1,1,0,0,0,0,0,1,-1,1,0,1,1,1,0,0,0,0,0,16,0,0,4,1,7,5,7,5,4,24,18,0,0,0,0,0,0,0,0,7,1,1,0,0,0,0,1,1,1,0,KRBKRNvK,DRAW,1K3kBr/8/R7/1n6/8/8/8/8 w - - 0 1
0,1,0,0,0,0,0,1,-1,1,0,1,1,1,0,0,0,0,0,16,0,0,2,6,5,4,4,3,0,24,27,0,0,0,0,0,0,0,0,7,1,1,0,0,0,0,0,3,0,0,KRBKRNvK,DRAW,8/8/6K1/4k3/7B/1n1r4/R7/8 b - - 0 1
0,1,0,0,0,0,0,1,-1,1,0,1,1,1,0,0,0,0,0,16,0,0,4,6,2,2,5,3,2,6,0,1,0,0,0,0,0,0,0,7,1,1,0,0,0,0,0,3,1,1,KRBKRNvK,DRAW,2R5/8/2k5/8/n4r2/6K1/8/4B3 b - - 0 1
0,1,0,0,0,0,0,1,-1,1,0,1,1,1,0,0,0,0,0,16,0,0,7,4,7,6,0,3,5,20,22,0,0,0,0,0,0,0,0,7,1,1,0,0,0,0,0,2,0,1,KRBKRNvK,DRAW,4K3/3r4/n7/8/6B1/8/R7/6k1 b - - 0 1
0,1,0,0,0,0,0,1,-1,1,0,1,1,1,0,0,0,0,0,16,0,0,6,7,0,7,6,6,5,6,0,1,0,0,0,0,0,0,0,7,1,1,0,0,0,0,1,3,0,0,KRBKRNvK,DRAW,8/2B4k/4r3/5n2/8/7R/8/7K b - - 0 1
0,1,0,0,0,0,0,1,-1,1,0,1,1,1,0,0,0,0,0,16,0,0,6,5,7,6,1,4,4,28,18,0,0,0,0,0,0,0,0,7,1,1,0,0,0,0,3,2,0,0,KRBKRNvK,DRAW,5KB1/8/8/1n1R4/4r3/8/6k1/8 b - - 0 1
1,1,0,0,0,0,0,1,-1,1,0,1,1,1,0,0,0,0,0,16,0,0,3,7,7,4,5,6,1,19,24,0,0,0,0,0,0,0,0,7,1,1,0,1,0,0,2,2,1,0,KRBKRNvK,DRAW,1n5K/8/4k3/8/2R5/8/Br6/8 w - - 0 1
1,1,0,0,0,0,0,1,-1,1,0,1,1,1,0,0,0,0,0,16,0,0,3,4,0,4,3,3,0,24,28,0,0,0,0,0,0,0,0,7,1,1,1,0,0,0,0,4,0,1,KRBKRNvK,DRAW,5B2/2R5/5n2/8/4k3/3r4/8/4K3 w - - 0 1
0,1,0,0,0,0,0,1,-1,1,0,1,1,1,0,0,0,0,0,16,0,0,5,2,3,7,4,1,3,6,0,1,0,0,0,0,0,0,0,7,1,1,0,0,0,0,3,1,0,1,KRBKRNvK,DRAW,7B/8/8/1R5k/2K5/1n6/8/6r1 b - - 0 1
1,1,0,0,0,0,0,1,-1,1,0,1,1,1,0,0,0,0,0,16,0,0,2,4,5,6,4,1,2,27,22,0,0,0,0,0,0,0,0,7,1,1,0,0,0,0,2,3,0,1,KRBKRNvK,DRAW,7R/8/3BKn2/1r4k1/8/8/8/8 w - - 0 1
1,1,0,0,0,0,0,1,-1,1,0,1,1,1,0,0,0,0,0,16,0,0,3,4,7,1,6,3,4,24,23,0,0,0,0,0,0,0,0,7,1,1,0,0,0,0,0,0,0,0,KRBKRNvK,DRAW,4KB2/1k6/7R/8/8/8/1n6/6r1 w - - 0 1
1,1,0,0,0,0,0,1,-1,1,0,1,1,1,0,0,0,0,0,16,0,0,7,7,0,2,7,6,4,4,0,1,0,0,0,0,0,0,0,7,1,1,0,0,0,0,2,2,0,0,KRBKRNvK,DRAW,2k5/8/8/8/2n2R2/3B4/8/4r2K w - - 0 1
0,1,0,0,0,0,0,1,-1,1,0,1,1,1,0,0,0,0,0,16,0,0,5,1,5,2,0,3,4,27,24,0,0,0,0,0,0,0,0,7,1,1,0,0,0,0,2,2,0,1,KRBKRNvK,DRAW,4r3/8/1K6/3R4/3n4/7B/8/2k5 b - - 0 1
0,1,0,0,0,0,0,1,-1,1,0,1,1,1,0,0,0,0,0,16,0,0,4,6,6,2,4,4,1,20,23,0,0,0,0,0,0,0,0,7,1,1,0,0,0,0,0,2,0,0,KRBKRNvK,DRAW,1n1r4/6K1/6R1/2k5/7B/8/8/8 b - - 0 1
1,1,0,0,0,0,0,1,-1,1,0,1,1,1,0,0,0,0,0,16,0,0,5,7,2,2,7,4,4,26,19,0,0,0,0,0,0,0,0,7,1,1,0,0,0,0,3,2,1,1,KRBKRNvK,DRAW,2k5/8/3R4/r7/8/3B3K/8/7n w - - 0 1
1,1,0,0,0,0,0,1,-1,1,0,1,1,1,0,0,0,0,0,16,0,0,3,4,0,7,1,3,5,4,0,1,0,0,0,0,0,0,0,7,1,1,0,0,0,0,0,1,0,1,KRBKRNvK,DRAW,8/8/7r/8/8/1R6/2nB3k/4K3 w - - 0 1
0,1,0,0,0,0,0,1,-1,1,0,1,1,1,0,0,0,0,0,16,0,0,4,2,5,6,3,2,2,26,23,0,0,0,0,0,0,0,0,7,1,1,0,0,0,0,2,2,1,1,KRBKRNvK,DRAW,1r6/8/2K4R/3B4/6k1/5n2/8/8 b - - 0 1
0,1,0,0,0,0,0,1,-1,1,0,1,1,1,0,0,0,0,0,16,0,0,3,2,6,5,3,3,1,6,0,1,0,0,0,0,0,0,0,7,1,1,0,0,0,0,2,2,0,0,KRBKRNvK,DRAW,5n2/2K5/8/8/1R3k2/8/8/5Br1 b - - 0 1
0,1,0,0,0,0,0,1,-1,1,0,1,1,1,0,0,0,0,0,16,0,0,6,1,2,7,6,3,5,20,24,0,0,0,0,0,0,0,0,7,1,1,0,0,0,0,2,0,0,0,KRBKRNvK,DRAW,n7/7k/r7/8/8/1K2R3/7B/8 b - - 0 1
1,1,0,0,0,0,0,1,-1,1,0,1,1,1,0,0,0,0,0,16,0,0,4,1,7,5,5,5,2,4,0,1,0,0,0,0,0,0,0,7,1,1,0,0,0,0,1,1,0,0,KRBKRNvK,DRAW,1K6/B7/5k2/8/8/1r6/n1R5/8 w - - 0 1
1,1,0,0,0,0,0,1,-1,1,0,1,1,1,0,0,0,0,0,16,0,0,4,6,0,2,4,5,1,25,20,0,0,0,0,0,0,0,0,7,1,1,0,0,0,0,2,2,2,1,KRBKRNvK,DRAW,8/8/3R4/2kB4/8/7r/8/n5K1 w - - 0 1
1,1,0,0,0,0,0,1,-1,1,0,1,1,1,0,0,0,0,0,16,0,0,7,7,7,1,0,6,5,22,21,0,0,0,0,0,0,0,0,7,1,1,0,0,0,0,2,2,0,1,KRBKRNvK,DRAW,1B5K/6n1/8/7R/6r1/8/8/1k6 w - - 0 1
0,1,0,0,0,0,0,1,-1,1,0,1,1,1,0,0,0,0,0,16,0,0,4,0,2,4,0,4,3,18,26,0,0,0,0,0,0,0,0,7,1,1,0,0,0,0,0,0,0,0,KRBKRNvK,DRAW,8/1n3r2/8/6B1/8/K7/1R6/4k3 b - - 0 1
0,1,0,0,0,0,0,1,-1,1,0,1,1,1,0,0,0,0,0,16,0,0,6,0,1,6,7,5,5,23,23,0,0,0,0,0,0,0,0,7,1,1,0,0,0,0,2,2,0,1,KRBKRNvK,WIN,6k1/8/8/1R6/n7/4r3/K6B/8 b - - 0 1
1,1,0,0,0,0,0,1,-1,1,0,1,1,1,0,0,0,0,0,16,0,0,2,2,1,4,0,3,3,26,16,0,0,0,0,0,0,0,0,7,1,1,0,0,0,0,0,2,1,1,KRBKRNvK,DRAW,8/n7/5R2/8/r7/8/2K5/2B1k3 w - - 0 1
1,1,0,0,0,0,0,1,-1,1,0,1,1,1,0,0,0,0,0,16,0,0,6,5,6,4,0,3,3,26,20,0,0,0,0,0,0,0,0,7,1,1,0,0,0,0,2,1,1,0,KRBKRNvK,DRAW,8/5K2/8/1rn5/6R1/8/8/3Bk3 w - - 0 1
0,1,0,0,0,0,0,1,-1,1,0,1,1,1,0,0,0,0,0,16,0,0,2,2,3,2,1,1,3,20,26,0,0,0,0,0,0,0,0,7,1,1,1,0,0,0,2,0,0,0,KRBKRNvK,DRAW,1n6/1R6/8/8/2K5/7B/2k5/6r1 b - - 0 1
0,1,0,0,0,0,0,1,-1,1,0,1,1,1,0,0,0,0,0,16,0,0,2,6,7,4,6,5,2,19,23,0,0,0,0,0,0,0,0,7,1,1,0,1,0,0,1,0,1,0,KRBKRNvK,DRAW,6K1/4kB2/8/8/8/5R2/1r4n1/8 b - - 0 1
1,1,0,0,0,0,0,1,-1,1,0,1,1,1,0,0,0,0,0,16,0,0,3,1,5,1,2,3,3,23,27,0,0,0,0,0,0,0,0,7,1,1,0,0,0,0,2,0,0,0,KRBKRNvK,DRAW,8/8/1K6/4n1B1/6R1/1k6/8/r7 w - - 0 1
0,1,0,0,0,0,0,1,-1,1,0,1,1,1,0,0,0,0,0,16,0,0,4,5,4,1,4,1,2,6,0,1,0,0,0,0,0,0,0,7,1,1,0,0,0,0,3,2,1,1,KRBKRNvK,DRAW,8/1n6/4B3/1k3K2/3r4/1R6/8/8 b - - 0 1
0,1,0,0,0,0,0,1,-1,1,0,1,1,1,0,0,0,0,0,16,0,0,5,6,1,6,6,4,4,5,0,1,0,0,0,0,0,0,0,7,1,1,0,0,0,0,2,0,0,0,KRBKRNvK,DRAW,R7/5rk1/8/7n/8/8/6K1/B7 b - - 0 1
0,1,0,0,0,0,0,1,-1,1,0,1,1,1,0,0,0,0,0,16,0,0,3,4,3,7,1,0,5,21,25,0,0,0,0,0,0,0,0,7,1,1,0,0,0,0,3,0,0,1,KRBKRNvK,DRAW,8/8/6r1/8/4K3/2B5/1n5k/1R6 b - - 0 1
1,1,0,0,0,0,0,1,-1,1,0,1,1,1,0,0,0,0,0,16,0,0,4,5,2,1,4,2,2,21,21,0,0,0,0,0,0,0,0,7,1,1,0,1,0,0,2,0,1,1,KRBKRNvK,DRAW,8/8/1B5n/1k6/8/5K2/7r/5R2 w - - 0 1
0,1,0,0,0,0,0,1,-1,1,0,1,1,1,0,0,0,0,0,16,0,0,4,3,0,5,4,3,1,21,18,0,0,0,0,0,0,0,0,7,1,1,0,0,0,0,2,3,0,0,KRBKRNvK,DRAW,4B3/8/2n5/5k2/5r2/8/8/3KR3 b - - 0 1
1,1,0,0,0,0,0,1,-1,1,0,1,1,1,0,0,0,0,0,16,0,0,4,7,2,4,6,4,2,27,25,0,0,0,0,0,0,0,0,7,1,1,0,0,0,0,1,0,0,0,KRBKRNvK,DRAW,8/r3k3/8/8/3n4/6BK/2R5/8 w - - 0 1
0,1,0,0,0,0,0,1,-1,1,0,1,1,1,0,0,0,0,0,16,0,0,2,5,0,7,1,4,5,1,0,1,0,0,0,0,0,0,0,7,1,1,0,0,0,0,2,2,1,1,KRBKRNvK,DRAW,8/8/1B6/3r4/7R/8/7k/5K1n b - - 0 1
0,1,0,0,0,0,0,1,-1,1,0,1,1,1,0,0,0,0,0,16,0,0,3,7,7,4,6,6,2,3,0,1,0,0,0,0,0,0,0,7,1,1,1,0,0,0,2,2,1,0,KRBKRNvK,DRAW,7K/3Rk3/8/4r3/8/2n4B/8/8 b - - 0 1
0,1,0,0,0,0,0,1,-1,1,0,1,1,1,0,0,0,0,0,16,0,0,7,7,6,0,6,5,5,15,26,0,0,0,0,0,0,0,0,7,1,1,0,1,0,0,2,0,1,0,KRBKRNvK,DRAW,8/k2B3K/8/1R6/n7/8/r7/8 b - - 0 1
0,1,0,0,0,0,0,1,-1,1,0,1,1,1,0,0,0,0,0,16,0,0,2,1,3,3,5,2,1,21,26,0,0,0,0,0,0,0,0,7,1,1,0,0,0,0,0,2,0,0,KRBKRNvK,DRAW,8/8/3k4/8/1K6/6R1/8/2r1nB2 b - - 0 1
0,1,0,0,0,0,0,1,-1,1,0,1,1,1,0,0,0,0,0,16,0,0,4,2,4,4,0,1,3,21,25,0,0,0,0,0,0,0,0,7,1,1,0,1,0,0,2,0,1,0,KRBKRNvK,DRAW,3B4/6n1/8/2K5/8/2R5/6r1/4k3 b - - 0 1
0,1,0,0,0,0,0,1,-1,1,0,1,1,1,0,0,0,0,0,16,0,0,2,3,5,1,6,1,4,20,20,0,0,0,0,0,0,0,0,7,1,1,0,0,0,0,2,2,2,1,KRBKRNvK,DRAW,3R4/1k6/3K4/B7/5r2/8/5n2/8 b - - 0 1
0,1,0,0,0,0,0,1,-1,1,0,1,1,1,0,0,0,0,0,16,0,0,3,6,5,5,2,3,2,30,17,0,0,0,0,0,0,0,0,7,1,1,0,0,0,0,2,2,1,1,KRBKRNvK,DRAW,B7/1r6/6K1/3R1n2/8/5k2/8/8 b - - 0 1
0,1,0,0,0,0,0,1,-1,1,0,1,1,1,0,0,0,0,0,16,0,0,6,6,1,2,7,4,4,20,21,0,0,0,0,0,0,0,0,7,1,1,0,0,0,0,0,2,0,1,KRBKRNvK,DRAW,2k2B1R/8/8/8/2r5/8/6K1/7n b - - 0 1
0,1,0,0,0,0,0,1,-1,1,0,1,1,1,0,0,0,0,0,16,0,0,5,3,0,1,5,3,3,7,0,1,0,0,0,0,0,0,0,7,1,1,0,0,0,0,2,2,1,1,KRBKRNvK,DRAW,7B/8/1k1R1n2/8/8/2r5/8/3K4 b - - 0 1
1,1,0,0,0,0,0,1,-1,1,0,1,1,1,0,0,0,0,0,16,0,0,4,1,6,5,5,4,2,23,23,0,0,0,0,0,0,0,0,7,1,1,0,0,0,0,2,1,0,0,KRBKRNvK,DRAW,8/1K6/5k2/BR6/8/7n/8/2r5 w - - 0 1
1,1,0,0,0,0,0,1,-1,1,0,1,1,1,0,0,0,0,0,16,0,0,4,7,1,3,1,5,2,4,0,1,0,0,0,0,0,0,0,7,1,1,0,1,0,0,2,2,0,1,KRBKRNvK,DRAW,8/8/4R3/8/8/B4n2/2rk3K/8 w - - 0 1
0,1,0,0,0,0,0,1,-1,1,0,1,1,1,0,0,0,0,0,16,0,0,6,7,0,6,6,6,4,25,24,0,0,0,0,0,0,0,0,7,1,1,0,0,0,0,0,0,0,0,KRBKRNvK,DRAW,5r2/6k1/8/8/8/7B/R7/3n3K b - - 0 1
0,1,0,0,0,0,0,1,-1,1,0,1,1,1,0,0,0,0,0,16,0,0,3,4,3,1,5,0,3,23,33,0,0,0,0,0,0,0,0,7,1,1,0,0,0,0,3,0,1,0,KRBKRNvK,DRAW,5n2/r7/1k6/8/2B1K3/8/3R4/8 b - - 0 1
0,1,0,0,0,0,0,1,-1,1,0,1,1,1,0,0,0,0,0,16,0,0,7,4,0,4,7,3,3,4,0,1,0,0,0,0,0,0,0,7,1,1,0,0,0,0,3,0,0,0,KRBKRNvK,DRAW,1B2k1r1/8/8/4R3/8/8/8/1n2K3 b - - 0 1
1,1,0,0,0,0,0,1,-1,1,0,1,1,1,0,0,0,0,0,16,0,0,6,3,1,5,7,2,4,5,0,1,0,0,0,0,0,0,0,7,1,1,0,1,0,0,2,0,0,2,KRBKRNvK,DRAW,B4k2/8/8/8/4n3/8/3K1r2/7R w - - 0 1
0,1,0,0,0,0,0,1,-1,1,0,1,1,1,0,0,0,0,0,16,0,0,6,5,0,6,6,4,4,22,22,0,0,0,0,0,0,0,0,7,1,1,0,1,0,0,1,0,0,0,KRBKRNvK,DRAW,1B6/6k1/1R6/8/8/n7/2r5/5K2 b - - 0 1
1,1,0,0,0,0,0,1,-1,1,0,1,1,1,0,0,0,0,0,16,0,0,5,4,2,4,7,1,3,6,0,1,0,0,0,0,0,0,0,7,1,1,0,0,0,0,3,0,0,1,KRBKRNvK,DRAW,4k2r/8/8/8/1B6/3RK3/8/5n2 w - - 0 1
0,1,0,0,0,0,0,1,-1,1,0,1,1,1,0,0,0,0,0,16,0,0,4,1,0,1,4,5,2,17,25,0,0,0,0,0,0,0,0,7,1,1,0,0,0,0,2,0,0,0,KRBKRNvK,DRAW,5n1r/8/8/1k6/6R1/8/8/1KB5 b - - 0 1
1,1,0,0,0,0,0,1,-1,1,0,1,1,1,0,0,0,0,0,16,0,0,3,7,2,4,4,4,0,21,23,0,0,0,0,0,0,0,0,7,1,1,0,0,0,0,0,3,0,0,KRBKRNvK,DRAW,8/r7/8/4k3/8/n6K/4B3/4R3 w - - 0 1
0,1,0,0,0,0,0,1,-1,1,0,1,1,1,0,0,0,0,0,16,0,0,2,4,5,6,4,1,2,3,0,1,0,0,0,0,0,0,0,7,1,1,0,0,0,0,2,1,0,1,KRBKRNvK,DRAW,3B4/8/4K1n1/6k1/8/1r6/8/6R1 b - - 0 1
1,1,0,0,0,0,0,1,-1,1,0,1,1,1,0,0,0,0,0,16,0,0,5,0,6,5,3,5,1,28,21,0,0,0,0,0,0,0,0,7,1,1,0,1,0,0,3,2,0,0,KRBKRNvK,DRAW,8/K4n2/2B5/1R6/5k2/8/2r5/8 w - - 0 1
1,1,0,0,0,0,0,1,-1,1,0,1,1,1,0,0,0,0,0,16,0,0,3,7,6,6,3,5,2,21,22,0,0,0,0,0,0,0,0,7,1,1,0,0,0,0,0,2,0,0,KRBKRNvK,DRAW,4R3/4B2K/8/r7/6k1/8/7n/8 w - - 0 1
0,1,0,0,0,0,0,1,-1,1,0,1,1,1,0,0,0,0,0,16,0,0,5,6,0,1,3,5,2,21,23,0,0,0,0,0,0,0,0,7,1,1,0,0,0,0,3,2,1,0,KRBKRNvK,DRAW,6n1/8/1B2R3/8/1k3r2/8/8/6K1 b - - 0 1
0,1,0,0,0,0,0,1,-1,1,0,1,1,1,0,0,0,0,0,16,0,0,2,7,3,5,1,3,3,24,24,0,0,0,0,0,0,0,0,7,1,1,0,0,0,0,2,1,1,0,KRBKRNvK,DRAW,8/6B1/8/8/1n2R2K/r7/5k2/8 b - - 0 1
0,1,0,0,0,0,0,1,-1,1,0,1,1,1,0,0,0,0,0,16,0,0,3,3,6,0,5,2,4,21,31,0,0,0,0,0,0,0,0,7,1,1,0,1,0,0,2,0,0,0,KRBKRNvK,DRAW,4R3/3K4/k7/7n/3B4/8/2r5/8 b - - 0 1
1,1,0,0,0,0,0,1,-1,1,0,1,1,1,0,0,0,0,0,16,0,0,5,1,6,6,3,4,2,33,18,0,0,0,0,0,0,0,0,7,1,1,0,0,0,0,2,2,1,0,KRBKRNvK,DRAW,8/1K6/5B2/8/6k1/R7/8/4r1n1 w - - 0 1
0,1,0,0,0,0,0,1,-1,1,0,1,1,1,0,0,0,0,0,16,0,0,5,2,0,4,5,4,1,6,0,1,0,0,0,0,0,0,0,7,1,1,0,0,0,0,1,3,0,0,KRBKRNvK,DRAW,8/5r2/4kn2/8/8/RB6/8/2K5 b - - 0 1
0,1,0,0,0,0,0,1,-1,1,0,1,1,1,0,0,0,0,0,16,0,0,4,3,7,7,7,3,6,19,27,0,0,0,0,0,0,0,0,7,1,1,0,0,0,0,1,0,0,0,KRBKRNvK,DRAW,3K3k/8/n2B4/8/8/6R1/8/5r2 b - - 0 1
1,1,0,0,0,0,0,1,-1,1,0,1,1,1,0,0,0,0,0,16,0,0,6,1,0,7,5,5,4,23,21,0,0,0,0,0,0,0,0,7,1,1,0,0,0,0,0,1,0,1,KRBKRNvK,DRAW,7r/8/7k/8/B7/3n4/1R6/1K6 w - - 0 1
1,1,0,0,0,0,0,1,-1,1,0,1,1,1,0,0,0,0,0,16,0,0,5,3,6,1,1,2,4,28,21,0,0,0,0,0,0,0,0,7,1,1,0,0,0,0,1,3,0,0,KRBKRNvK,DRAW,R7/3K3B/8/8/2n3r1/8/1k6/8 w - - 0 1
0,1,0,0,0,0,0,1,-1,1,0,1,1,1,0,0,0,0,0,16,0,0,2,3,6,1,5,2,3,20,24,0,0,0,0,0,0,0,0,7,1,1,0,0,0,0,0,0,0,1,KRBKRNvK,DRAW,5r2/3KB3/1k5n/8/8/R7/8/8 b - - 0 1
0,1,0,0,0,0,0,1,-1,1,0,1,1,1,0,0,0,0,0,16,0,0,5,6,3,1,4,2,2,21,24,0,0,0,0,0,0,0,0,7,1,1,0,0,0,0,1,0,0,1,KRBKRNvK,DRAW,7r/8/8/1k6/6K1/8/R5n1/6B1 b - - 0 1
0,1,0,0,0,0,0,1,-1,1,0,1,1,1,0,0,0,0,0,16,0,0,2,2,2,4,0,2,3,23,22,0,0,0,0,0,0,0,0,7,1,1,1,0,0,0,1,1,0,1,KRBKRNvK,DRAW,8/2R5/6r1/8/B7/2K5/2n5/4k3 b - - 0 1
0,1,0,0,0,0,0,1,-1,1,0,1,1,1,0,0,0,0,0,16,0,0,7,1,0,4,7,5,3,21,24,0,0,0,0,0,0,0,0,7,1,1,0,0,0,0,2,0,0,0,KRBKRNvK,DRAW,4k2n/8/r7/6R1/8/8/3B4/1K6 b - - 0 1
0,1,0,0,0,0,0,1,-1,1,0,1,1,1,0,0,0,0,0,16,0,0,6,0,1,0,7,5,6,3,0,1,0,0,0,0,0,0,0,7,1,1,0,0,0,0,2,2,0,0,KRBKRNvK,DRAW,k5R1/8/8/8/4n3/2B5/K7/3r4 b - - 0 1
0,1,0,0,0,0,0,1,-1,1,0,1,1,1,0,0,0,0,0,16,0,0,4,0,4,1,0,3,5,24,19,0,0,0,0,0,0,0,0,7,1,1,0,0,0,0,1,2,0,0,KRBKRNvK,DRAW,B7/8/8/K2n4/4r3/8/6R1/1k6 b - - 0 1
1,1,0,0,0,0,0,1,-1,1,0,1,1,1,0,0,0,0,0,16,0,0,4,0,0,3,4,6,0,21,25,0,0,0,0,0,0,0,0,7,1,1,1,0,0,0,0,3,0,0,KRBKRNvK,DRAW,3n4/7R/6r1/3k4/8/7B/8/K7 w - - 0 1
0,1,0,0,0,0,0,1,-1,1,0,1,1,1,0,0,0,0,0,16,0,0,4,3,4,2,0,0,4,27,23,0,0,0,0,0,0,0,0,7,1,1,0,0,0,0,4,2,0,1,KRBKRNvK,WIN,8/4B3/4n3/3K3R/r7/8/8/2k5 b - - 0 1
0,1,0,0,0,0,0,1,-1,1,0,1,1,1,0,0,0,0,0,16,0,0,4,3,5,7,3,1,3,22,22,0,0,0,0,0,0,0,0,7,1,1,0,0,0,0,3,3,0,1,KRBKRNvK,DRAW,8/2B5/3K1n2/4R3/6rk/8/8/8 b - - 0 1
0,1,0,0,0,0,0,1,-1,1,0,1,1,1,0,0,0,0,0,16,0,0,4,6,6,2,7,4,4,4,0,1,0,0,0,0,0,0,0,7,1,1,0,0,0,0,2,2,1,1,KRBKRNvK,DRAW,2k4n/6K1/2R5/1r6/8/2B5/8/8 b - - 0 1
0,1,0,0,0,0,0,1,-1,1,0,1,1,1,0,0,0,0,0,16,0,0,3,7,4,4,7,3,3,3,0,1,0,0,0,0,0,0,0,7,1,1,0,0,0,0,0,3,1,0,KRBKRNvK,DRAW,3rk1R1/8/8/7K/8/3n4/8/5B2 b - - 0 1
1,1,0,0,0,0,0,1,-1,1,0,1,1,1,0,0,0,0,0,16,0,0,5,0,3,5,7,3,4,3,0,1,0,0,0,0,0,0,0,7,1,1,0,1,0,0,2,0,0,1,KRBKRNvK,DRAW,5k2/8/7n/8/K1RB4/8/r7/8 w - - 0 1
0,1,0,0,0,0,0,1,-1,1,0,1,1,1,0,0,0,0,0,16,0,0,2,7,3,7,1,3,5,19,18,0,0,0,0,0,0,0,0,7,1,1,1,0,0,0,0,0,0,0,KRBKRNvK,DRAW,n7/7R/8/7B/7K/8/7k/1r6 b - - 0 1
0,1,0,0,0,0,0,1,-1,1,0,1,1,1,0,0,0,0,0,16,0,0,3,3,6,3,3,2,0,24,23,0,0,0,0,0,0,0,0,7,1,1,0,0,0,0,1,4,1,1,KRBKRNvK,DRAW,8/3K3B/1R1n4/8/3k1r2/8/8/8 b - - 0 1
0,1,0,0,0,0,0,1,-1,1,0,1,1,1,0,0,0,0,0,16,0,0,5,4,1,5,6,2,3,20,21,0,0,0,0,0,0,0,0,7,1,1,0,0,0,0,0,1,1,2,KRBKRNvK,DRAW,R4B2/5k2/8/8/8/3n4/4K3/3r4 b - - 0 1
0,1,0,0,0,0,0,1,-1,1,0,1,1,1,0,0,0,0,0,16,0,0,4,3,5,4,1,1,2,6,0,1,0,0,0,0,0,0,0,7,1,1,0,0,0,0,2,2,0,1,KRBKRNvK,DRAW,2B5/8/3K2n1/8/4r3/8/4k2R/8 b - - 0 1
0,1,0,0,0,0,0,1,-1,1,0,1,1,1,0,0,0,0,0,16,0,0,4,3,7,3,3,3,0,28,16,0,0,0,0,0,0,0,0,7,1,1,0,0,0,0,0,3,0,1,KRBKRNvK,DRAW,1B1K2R1/2n5/8/8/3k4/8/8/r7 b - - 0 1
0,1,0,0,0,0,0,1,-1,1,0,1,1,1,0,0,0,0,0,16,0,0,3,5,4,2,2,1,2,5,0,1,0,0,0,0,0,0,0,7,1,1,0,0,0,0,3,2,0,0,KRBKRNvK,DRAW,1r6/6B1/8/5K2/1n6/2k5/8/6R1 b - - 0 1
0,1,0,0,0,0,0,1,-1,1,0,1,1,1,0,0,0,0,0,16,0,0,6,1,5,7,3,3,3,3,0,1,0,0,0,0,0,0,0,7,1,1,0,0,0,0,0,1,1,2,KRBKRNvK,DRAW,2r5/8/1K6/B7/1n5k/8/7R/8 b - - 0 1
0,1,0,0,0,0,0,1,-1,1,0,1,1,1,0,0,0,0,0,16,0,0,2,3,6,3,4,2,0,19,23,0,0,0,0,0,0,0,0,7,1,1,0,1,0,0,2,3,0,0,KRBKRNvK,DRAW,8/3K4/8/3k4/8/8/2r4n/BR6 b - - 0 1
0,1,0,0,0,0,0,1,-1,1,0,1,1,1,0,0,0,0,0,16,0,0,3,2,7,5,7,4,4,24,22,0,0,0,0,0,0,0,0,7,1,1,0,0,0,0,1,3,0,1,KRBKRNvK,DRAW,2K2k2/4r3/8/8/8/5n2/BR6/8 b - - 0 1
0,1,0,0,0,0,0,1,-1,1,0,1,1,1,0,0,0,0,0,16,0,0,7,7,2,0,1,4,5,2,0,1,0,0,0,0,0,0,0,7,1,1,0,0,0,0,2,0,0,0,KRBKRNvK,DRAW,5r2/8/8/3B4/8/4R2K/k7/1n6 b - - 0 1
0,1,0,0,0,0,0,1,-1,1,0,1,1,1,0,0,0,0,0,16,0,0,6,1,7,1,1,5,4,19,26,0,0,0,0,0,0,0,0,7,1,1,0,0,0,0,0,0,0,0,KRBKRNvK,DRAW,1K6/8/R7/8/7B/8/1k6/2n3r1 b - - 0 1
0,1,0,0,0,0,0,1,-1,1,0,1,1,1,0,0,0,0,0,16,0,0,4,0,5,4,1,4,2,25,20,0,0,0,0,0,0,0,0,7,1,1,1,0,0,0,2,0,0,1,KRBKRNvK,DRAW,8/6BR/K7/8/n7/8/4k3/5r2 b - - 0 1
0,1,0,0,0,0,0,1,-1,1,0,1,1,1,0,0,0,0,0,16,0,0,4,6,1,2,5,4,2,25,26,0,0,0,0,0,0,0,0,7,1,1,0,0,0,0,2,2,1,0,KRBKRNvK,DRAW,3R4/r7/2k5/6n1/8/8/6K1/3B4 b - - 0 1
1,1,0,0,0,0,0,1,-1,1,0,1,1,1,0,0,0,0,0,16,0,0,2,0,6,0,4,5,3,24,22,0,0,0,0,0,0,0,0,7,1,1,0,0,0,0,1,2,1,0,KRBKRNvK,DRAW,8/K7/1R6/k5r1/8/4n3/7B/8 w - - 0 1
0,1,0,0,0,0,0,1,-1,1,0,1,1,1,0,0,0,0,0,16,0,0,7,5,0,3,7,4,3,5,0,1,0,0,0,0,0,0,0,7,1,1,0,0,0,0,2,1,0,0,KRBKRNvK,DRAW,3k3r/8/8/1B3n2/8/3R4/8/5K2 b - - 0 1
0,1,0,0,0,0,0,1,-1,1,0,1,1,1,0,0,0,0,0,16,0,0,6,1,0,4,6,5,2,23,28,0,0,0,0,0,0,0,0,7,1,1,0,0,0,0,2,2,1,0,KRBKRNvK,DRAW,8/4k3/6R1/8/r7/5B1n/8/1K6 b - - 0 1
0,1,0,0,0,0,0,1,-1,1,0,1,1,1,0,0,0,0,0,16,0,0,5,1,2,6,6,3,4,4,0,1,0,0,0,0,0,0,0,7,1,1,0,0,0,0,2,2,1,0,KRBKRNvK,DRAW,7B/6k1/5n2/8/7R/1K6/8/6r1 b - - 0 1
1,1,0,0,0,0,0,1,-1,1,0,1,1,1,0,0,0,0,0,16,0,0,2,6,2,7,4,3,3,26,18,0,0,0,0,0,0,0,0,7,1,1,0,0,0,0,2,0,1,0,KRBKRNvK,DRAW,8/1r4n1/8/7k/8/6KB/8/4R3 w - - 0 1
1,1,0,0,0,0,0,1,-1,1,0,1,1,1,0,0,0,0,0,16,0,0,2,3,7,3,5,3,1,23,18,0,0,0,0,0,0,0,0,7,1,1,0,0,0,0,2,4,1,0,KRBKRNvK,DRAW,3K4/8/3k4/4R3/7r/8/B7/n7 w - - 0 1
0,1,0,0,0,0,0,1,-1,1,0,1,1,1,0,0,0,0,0,16,0,0,5,0,0,2,5,6,2,6,0,1,0,0,0,0,0,0,0,7,1,1,0,0,0,0,2,2,1,0,KRBKRNvK,DRAW,8/2r5/2k5/8/2R3n1/8/2B5/K7 b - - 0 1
0,1,0,0,0,0,0,1,-1,1,0,1,1,1,0,0,0,0,0,16,0,0,4,7,5,3,5,4,1,21,19,0,0,0,0,0,0,0,0,7,1,1,0,0,0,0,2,2,0,0,KRBKRNvK,DRAW,B6R/8/3k3K/8/1rn5/8/8/8 b - - 0 1
0,1,0,0,0,0,0,1,-1,1,0,1,1,1,0,0,0,0,0,16,0,0,4,6,0,2,4,5,1,6,0,1,0,0,0,0,0,0,0,7,1,1,0,0,0,0,0,4,1,0,KRBKRNvK,DRAW,5B2/8/8/2k5/3r4/R2n4/8/6K1 b - - 0 1
1,1,0,0,0,0,0,1,-1,1,0,1,1,1,0,0,0,0,0,16,0,0,5,4,7,1,2,3,3,26,30,0,0,0,0,0,0,0,0,7,1,1,0,0,0,0,2,3,1,0,KRBKRNvK,DRAW,4K3/8/7B/3R4/6r1/1k3n2/8/8 w - - 0 1
0,1,0,0,0,0,0,1,-1,1,0,1,1,1,0,0,0,0,0,16,0,0,3,5,1,2,0,3,4,19,25,0,0,0,0,0,0,0,0,7,1,1,0,0,0,0,3,2,1,0,KRBKRNvK,DRAW,8/n7/3r4/2B5/8/8/4RK2/2k5 b - - 0 1
1,1,0,0,0,0,0,1,-1,1,0,1,1,1,0,0,0,0,0,16,0,0,5,2,6,4,1,3,2,25,25,0,0,0,0,0,0,0,0,7,1,1,0,0,0,0,2,1,0,1,KRBKRNvK,DRAW,r7/2K5/3R4/8/5n2/7B/4k3/8 w - - 0 1
0,1,0,0,0,0,0,1,-1,1,0,1,1,1,0,0,0,0,0,16,0,0,5,5,5,7,0,2,6,17,26,0,0,0,0,0,0,0,0,7,1,1,0,1,0,0,2,0,0,0,KRBKRNvK,DRAW,8/8/5K2/8/8/1R6/n6r/B6k b - - 0 1
1,1,0,0,0,0,0,1,-1,1,0,1,1,1,0,0,0,0,0,16,0,0,2,4,3,2,3,0,1,24,19,0,0,0,0,0,0,0,0,7,1,1,0,0,0,0,3,3,2,1,KRBKRNvK,DRAW,8/8/3R4/B5r1/2k1K3/8/8/n7 w - - 0 1
0,1,0,0,0,0,0,1,-1,1,0,1,1,1,0,0,0,0,0,16,0,0,5,0,7,5,4,6,1,5,0,1,0,0,0,0,0,0,0,7,1,1,0,1,0,0,3,2,0,0,KRBKRNvK,LOSS,K5nB/8/8/2R2k2/8/8/1r6/8 b - - 0 1
0,1,0,0,0,0,0,1,-1,1,0,1,1,1,0,0,0,0,0,16,0,0,4,4,1,0,3,2,3,23,30,0,0,0,0,0,0,0,0,7,1,1,0,0,0,0,2,2,0,0,KRBKRNvK,DRAW,3r4/8/4nB2/8/k7/8/4K3/1R6 b - - 0 1
0,1,0,0,0,0,0,1,-1,1,0,1,1,1,0,0,0,0,0,16,0,0,3,5,0,7,3,4,3,26,24,0,0,0,0,0,0,0,0,7,1,1,0,0,0,0,1,2,1,0,KRBKRNvK,DRAW,8/2B5/5n2/8/7k/1r6/5R2/5K2 b - - 0 1
0,1,0,0,0,0,0,1,-1,1,0,1,1,1,0,0,0,0,0,16,0,0,2,7,1,5,2,5,2,25,20,0,0,0,0,0,0,0,0,7,1,1,0,0,0,0,1,4,0,0,KRBKRNvK,DRAW,3r4/8/2n3R1/8/8/5k2/7K/1B6 b - - 0 1
0,1,0,0,0,0,0,1,-1,1,0,1,1,1,0,0,0,0,0,16,0,0,4,1,4,5,1,2,3,4,0,1,0,0,0,0,0,0,0,7,1,1,0,0,0,0,1,1,1,1,KRBKRNvK,DRAW,8/8/6r1/1K6/1n1B4/8/5k2/R7 b - - 0 1
0,1,0,0,0,0,0,1,-1,1,0,1,1,1,0,0,0,0,0,16,0,0,4,2,1,6,5,3,3,7,0,1,0,0,0,0,0,0,0,7,1,1,0,0,0,0,2,1,0,0,KRBKRNvK,DRAW,5r2/8/3R2k1/8/5n2/8/2K5/3B4 b - - 0 1
0,1,0,0,0,0,0,1,-1,1,0,1,1,1,0,0,0,0,0,16,0,0,6,2,7,6,1,4,4,5,0,1,0,0,0,0,0,0,0,7,1,1,0,1,0,0,3,0,0,1,KRBKRNvK,DRAW,n1K5/1B6/8/8/8/8/3R1rk1/8 b - - 0 1
0,1,0,0,0,0,0,1,-1,1,0,1,1,1,0,0,0,0,0,16,0,0,5,6,0,1,5,5,3,5,0,1,0,0,0,0,0,0,0,7,1,1,0,0,0,0,1,2,1,0,KRBKRNvK,DRAW,1B6/8/1k5n/5r2/8/8/1R6/6K1 b - - 0 1
1,1,0,0,0,0,0,1,-1,1,0,1,1,1,0,0,0,0,0,16,0,0,2,2,4,2,2,1,2,4,0,1,0,0,0,0,0,0,0,7,1,1,1,0,0,0,2,1,1,1,KRBKRNvK,DRAW,8/5R2/8/2K5/4n3/2k5/B7/6r1 w - - 0 1
1,1,0,0,0,0,0,1,-1,1,0,1,1,1,0,0,0,0,0,16,0,0,6,6,5,0,0,3,6,27,10,0,0,0,0,0,0,0,0,7,1,1,0,0,0,0,0,0,1,0,KRBKRNvK,DRAW,r3B3/n7/6K1/8/8/2R5/8/k7 w - - 0 1
1,1,0,0,0,0,0,1,-1,1,0,1,1,1,0,0,0,0,0,16,0,0,5,1,5,6,4,3,2,28,21,0,0,0,0,0,0,0,0,7,1,1,0,0,0,0,0,2,0,1,KRBKRNvK,DRAW,8/8/1K6/3r2k1/1B6/8/1n6/5R2 w - - 0 1
1,1,0,0,0,0,0,1,-1,1,0,1,1,1,0,0,0,0,0,16,0,0,4,7,5,4,1,4,2,24,22,0,0,0,0,0,0,0,0,7,1,1,0,0,0,0,2,0,1,0,KRBKRNvK,DRAW,8/r7/7K/6B1/8/3R4/1n2k3/8 w - - 0 1
1,1,0,0,0,0,0,1,-1,1,0,1,1,1,0,0,0,0,0,16,0,0,5,5,5,2,0,2,4,8,0,1,0,0,0,0,0,0,0,7,1,1,0,0,0,0,1,0,0,1,KRBKRNvK,DRAW,1B6/8/5K1n/8/8/6R1/8/2k2r2 w - - 0 1
1,1,0,0,0,0,0,1,-1,1,0,1,1,1,0,0,0,0,0,16,0,0,2,7,2,6,4,4,2,23,18,0,0,0,0,0,0,0,0,7,1,1,0,0,0,0,2,1,0,1,KRBKRNvK,DRAW,6r1/8/1R6/6k1/6n1/7K/8/B7 w - - 0 1
0,1,0,0,0,0,0,1,-1,1,0,1,1,1,0,0,0,0,0,16,0,0,5,2,2,4,7,2,3,23,20,0,0,0,0,0,0,0,0,7,1,1,0,0,0,0,2,3,0,1,KRBKRNvK,DRAW,4k3/8/8/3r4/5R2/2K5/5n2/4B3 b - - 0 1
1,1,0,0,0,0,0,1,-1,1,0,1,1,1,0,0,0,0,0,16,0,0,4,0,2,4,5,4,1,32,18,0,0,0,0,0,0,0,0,7,1,1,1,0,0,0,1,3,1,0,KRBKRNvK,DRAW,8/7R/4k3/5n2/3Br3/K7/8/8 w - - 0 1
1,1,0,0,0,0,0,1,-1,1,0,1,1,1,0,0,0,0,0,16,0,0,2,0,4,1,2,3,3,17,16,0,0,0,0,0,0,0,0,7,1,1,0,0,0,0,1,2,0,0,KRBKRNvK,DRAW,8/8/8/K3Br2/5n2/1k6/6R1/8 w - - 0 1
0,1,0,0,0,0,0,1,-1,1,0,1,1,1,0,0,0,0,0,16,0,0,5,2,0,6,5,4,3,23,27,0,0,0,0,0,0,0,0,7,1,1,0,0,0,0,2,0,0,0,KRBKRNvK,DRAW,5r2/8/6k1/8/R2B3n/8/8/2K5 b - - 0 1
0,1,0,0,0,0,0,1,-1,1,0,1,1,1,0,0,0,0,0,16,0,0,4,5,2,4,6,2,2,6,0,1,0,0,0,0,0,0,0,7,1,1,0,0,0,0,2,2,1,1,KRBKRNvK,LOSS,8/4k3/8/2B5/6r1/5K2/8/1n4R1 b - - 0 1
1,1,0,0,0,0,0,1,-1,1,0,1,1,1,0,0,0,0,0,16,0,0,6,0,2,6,0,4,5,22,22,0,0,0,0,0,0,0,0,7,1,1,0,0,0,0,2,2,0,0,KRBKRNvK,DRAW,3RB3/8/8/5r2/8/K7/6n1/6k1 w - - 0 1
0,1,0,0,0,0,0,1,-1,1,0,1,1,1,0,0,0,0,0,16,0,0,6,0,2,6,4,4,2,6,0,1,0,0,0,0,0,0,0,7,1,1,1,0,0,0,2,1,2,0,KRBKRNvK,DRAW,8/5R2/5B2/6k1/3n4/K7/8/3r4 b - - 0 1
0,1,0,0,0,0,0,1,-1,1,0,1,1,1,0,0,0,0,0,16,0,0,4,1,5,5,5,3,2,20,32,0,0,0,0,0,0,0,0,7,1,1,0,0,0,0,3,1,0,0,KRBKRNvK,DRAW,5r2/8/1K3kn1/8/8/5B2/8/3R4 b - - 0 1
0,1,0,0,0,0,0,1,-1,1,0,1,1,1,0,0,0,0,0,16,0,0,4,4,3,0,5,0,4,4,0,1,0,0,0,0,0,0,0,7,1,1,0,0,0,0,3,1,1,2,KRBKRNvK,LOSS,2B2R2/8/k4r2/5n2/4K3/8/8/8 b - - 0 1
0,1,0,0,0,0,0,1,-1,1,0,1,1,1,0,0,0,0,0,16,0,0,3,3,0,0,0,3,6,18,25,0,0,0,0,0,0,0,0,7,1,1,0,0,0,0,0,0,0,1,KRBKRNvK,DRAW,5B2/8/1r6/8/8/7R/8/kn1K4 b - - 0 1
1,1,0,0,0,0,0,1,-1,1,0,1,1,1,0,0,0,0,0,16,0,0,5,6,7,3,2,5,1,21,22,0,0,0,0,0,0,0,0,7,1,1,0,0,0,0,2,3,0,0,KRBKRNvK,DRAW,6K1/3r4/8/6R1/8/3k2B1/8/6n1 w - - 0 1
0,1,0,0,0,0,0,1,-1,1,0,1,1,1,0,0,0,0,0,16,0,0,3,6,0,3,2,5,1,27,24,0,0,0,0,0,0,0,0,7,1,1,0,1,0,0,1,3,0,1,KRBKRNvK,DRAW,1R6/8/3B4/8/8/1n1k4/4r3/6K1 b - - 0 1
0,1,0,0,0,0,0,1,-1,1,0,1,1,1,0,0,0,0,0,16,0,0,3,2,4,1,1,1,4,7,0,1,0,0,0,0,0,0,0,7,1,1,0,0,0,0,3,2,0,1,KRBKRNvK,DRAW,B7/8/4r3/2K5/8/8/nk3R2/8 b - - 0 1
1,1,0,0,0,0,0,1,-1,1,0,1,1,1,0,0,0,0,0,16,0,0,6,6,5,0,4,3,3,24,20,0,0,0,0,0,0,0,0,7,1,1,0,0,0,0,0,0,0,0,KRBKRNvK,DRAW,3R4/3B4/n5K1/k7/8/8/8/2r5 w - - 0 1
1,1,0,0,0,0,0,1,-1,1,0,1,1,1,0,0,0,0,0,16,0,0,7,7,0,0,0,6,6,1,0,1,0,0,0,0,0,0,0,7,1,1,0,0,0,0,2,2,0,0,KRBKRNvK,DRAW,1B6/8/8/2R5/7n/8/8/k3r2K w - - 0 1
0,1,0,0,0,0,0,1,-1,1,0,1,1,1,0,0,0,0,0,16,0,0,6,0,4,6,7,3,5,20,26,0,0,0,0,0,0,0,0,7,1,1,0,0,0,0,2,2,0,0,KRBKRNvK,DRAW,1B4k1/8/8/K7/8/8/4R3/1n1r4 b - - 0 1
0,1,0,0,0,0,0,1,-1,1,0,1,1,1,0,0,0,0,0,16,0,0,4,4,0,0,4,3,3,19,18,0,0,0,0,0,0,0,0,7,1,1,0,0,0,0,0,3,1,1,KRBKRNvK,DRAW,3r4/8/8/kB6/8/8/1R1n4/4K3 b - - 0 1
0,1,0,0,0,0,0,1,-1,1,0,1,1,1,0,0,0,0,0,16,0,0,2,1,3,3,4,2,0,5,0,1,0,0,0,0,0,0,0,7,1,1,0,0,0,0,3,3,0,0,KRBKRNvK,DRAW,Bn6/5r2/8/3k4/1K4R1/8/8/8 b - - 0 1
1,1,0,0,0,0,0,1,-1,1,0,1,1,1,0,0,0,0,0,16,0,0,2,7,4,5,2,3,2,21,19,0,0,0,0,0,0,0,0,7,1,1,0,0,0,0,3,2,1,1,KRBKRNvK,DRAW,8/2B5/8/4R2K/5r2/5k2/3n4/8 w - - 0 1
1,1,0,0,0,0,0,1,-1,1,0,1,1,1,0,0,0,0,0,16,0,0,6,1,2,7,2,3,4,23,18,0,0,0,0,0,0,0,0,7,1,1,0,1,0,0,2,0,0,1,KRBKRNvK,DRAW,8/8/8/8/4R3/1K5k/1n4r1/3B4 w - - 0 1
0,1,0,0,0,0,0,1,-1,1,0,1,1,1,0,0,0,0,0,16,0,0,5,7,6,2,2,5,2,6,0,1,0,0,0,0,0,0,0,7,1,1,0,0,0,0,2,1,1,0,KRBKRNvK,DRAW,4R3/7K/1r6/8/8/2k5/8/n3B3 b - - 0 1
1,1,0,0,0,0,0,1,-1,1,0,1,1,1,0,0,0,0,0,16,0,0,4,3,6,6,2,2,3,30,23,0,0,0,0,0,0,0,0,7,1,1,0,0,0,0,1,2,1,1,KRBKRNvK,DRAW,8/3K4/n7/5r2/8/1B4k1/8/7R w - - 0 1
0,1,0,0,0,0,0,1,-1,1,0,1,1,1,0,0,0,0,0,16,0,0,4,5,5,2,1,2,3,23,28,0,0,0,0,0,0,0,0,7,1,1,0,0,0,0,3,0,1,1,KRBKRNvK,DRAW,5n2/8/5K2/2B5/8/4R3/2k5/7r b - - 0 1
0,1,0,0,0,0,0,1,-1,1,0,1,1,1,0,0,0,0,0,16,0,0,5,0,5,5,0,4,4,5,0,1,0,0,0,0,0,0,0,7,1,1,0,1,0,0,1,2,2,0,KRBKRNvK,DRAW,8/8/K7/8/8/2nB4/3R1r2/5k2 b - - 0 1
1,1,0,0,0,0,0,1,-1,1,0,1,1,1,0,0,0,0,0,16,0,0,5,2,6,4,1,3,2,6,0,1,0,0,0,0,0,0,0,7,1,1,0,0,0,0,1,2,1,1,KRBKRNvK,DRAW,8/2K1r3/8/6n1/8/6B1/4k3/7R w - - 0 1
1,1,0,0,0,0,0,1,-1,1,0,1,1,1,0,0,0,0,0,16,0,0,4,0,4,4,4,3,0,25,26,0,0,0,0,0,0,0,0,7,1,1,1,0,0,0,1,4,0,0,KRBKRNvK,DRAW,8/BR6/8/K3k3/6n1/7r/8/8 w - - 0 1
0,1,0,0,0,0,0,1,-1,1,0,1,1,1,0,0,0,0,0,16,0,0,4,0,1,4,2,5,1,7,0,1,0,0,0,0,0,0,0,7,1,1,0,0,0,0,0,2,1,0,KRBKRNvK,DRAW,7R/8/8/6B1/8/4k3/K3n3/5r2 b - - 0 1
0,1,0,0,0,0,0,1,-1,1,0,1,1,1,0,0,0,0,0,16,0,0,3,7,4,4,5,3,1,3,0,1,0,0,0,0,0,0,0,7,1,1,1,0,0,0,0,3,1,0,KRBKRNvK,DRAW,8/7R/3rk3/7K/6B1/n7/8/8 b - - 0 1
1,1,0,0,0,0,0,1,-1,1,0,1,1,1,0,0,0,0,0,16,0,0,5,0,7,5,6,6,3,23,22,0,0,0,0,0,0,0,0,7,1,1,0,0,0,0,3,2,1,0,KRBKRNvK,DRAW,K7/B4k2/4R3/8/6r1/8/8/5n2 w - - 0 1
0,1,0,0,0,0,0,1,-1,1,0,1,1,1,0,0,0,0,0,16,0,0,7,0,7,7,6,6,5,2,0,1,0,0,0,0,0,0,0,7,1,1,0,0,0,0,2,2,2,0,KRBKRNvK,DRAW,K4B2/3r3k/8/7R/4n3/8/8/8 b - - 0 1
0,1,0,0,0,0,0,1,-1,1,0,1,1,1,0,0,0,0,0,16,0,0,2,3,7,1,6,3,4,23,22,0,0,0,0,0,0,0,0,7,1,1,0,0,0,0,2,2,1,1,KRBKRNvK,DRAW,3K1n1B/1k6/8/3R4/5r2/8/8/8 b - - 0 1
1,1,0,0,0,0,0,1,-1,1,0,1,1,1,0,0,0,0,0,16,0,0,7,7,2,0,6,4,5,5,0,1,0,0,0,0,0,0,0,7,1,1,0,0,0,0,2,0,0,0,KRBKRNvK,DRAW,8/k5B1/8/8/8/1r5K/8/2R1n3 w - - 0 1
0,1,0,0,0,0,0,1,-1,1,0,1,1,1,0,0,0,0,0,16,0,0,4,4,6,1,2,2,3,22,23,0,0,0,0,0,0,0,0,7,1,1,0,0,0,0,2,1,1,0,KRBKRNvK,DRAW,3B4/4K3/8/R7/1n6/1k4r1/8/8 b - - 0 1
1,1,0,0,0,0,0,1,-1,1,0,1,1,1,0,0,0,0,0,16,0,0,5,4,6,1,1,2,4,26,23,0,0,0,0,0,0,0,0,7,1,1,0,0,0,0,2,3,1,1,KRBKRNvK,DRAW,8/4K3/8/B4r2/2R5/8/1k3n2/8 w - - 0 1
0,1,0,0,0,0,0,1,-1,1,0,1,1,1,0,0,0,0,0,16,0,0,3,3,3,3,6,0,2,5,0,1,0,0,0,0,0,0,0,7,1,1,0,0,0,0,4,0,1,0,KRBKRNvK,DRAW,8/3k4/7n/B2R4/3K4/r7/8/8 b - - 0 1
1,1,0,0,0,0,0,1,-1,1,0,1,1,1,0,0,0,0,0,16,0,0,2,4,3,6,1,0,4,5,0,1,0,0,0,0,0,0,0,7,1,1,0,0,0,0,4,1,0,1,KRBKRNvK,DRAW,1R6/1B6/8/8/4K1r1/n7/6k1/8 w - - 0 1
0,1,0,0,0,0,0,1,-1,1,0,1,1,1,0,0,0,0,0,16,0,0,2,1,7,2,5,5,2,23,17,0,0,0,0,0,0,0,0,7,1,1,0,0,0,0,0,3,1,0,KRBKRNvK,DRAW,1KB5/4r3/2k5/8/8/8/8/5nR1 b - - 0 1
1,1,0,0,0,0,0,1,-1,1,0,1,1,1,0,0,0,0,0,16,0,0,4,4,2,1,6,1,4,27,18,0,0,0,0,0,0,0,0,7,1,1,0,0,0,0,4,0,1,0,KRBKRNvK,DRAW,8/1k6/1r6/R7/8/4K3/8/4B2n w - - 0 1
0,1,0,0,0,0,0,1,-1,1,0,1,1,1,0,0,0,0,0,16,0,0,3,5,3,2,1,1,3,21,30,0,0,0,0,0,0,0,0,7,1,1,0,0,0,0,2,0,0,0,KRBKRNvK,DRAW,1R6/8/r7/8/5KB1/8/2k5/1n6 b - - 0 1
0,1,0,0,0,0,0,1,-1,1,0,1,1,1,0,0,0,0,0,16,0,0,5,5,1,0,6,3,5,18,25,0,0,0,0,0,0,0,0,7,1,1,0,0,0,0,3,0,0,0,KRBKRNvK,DRAW,7n/k7/8/8/1R6/6B1/5K2/2r5 b - - 0 1
1,1,0,0,0,0,0,1,-1,1,0,1,1,1,0,0,0,0,0,16,0,0,2,2,5,0,5,2,4,4,0,1,0,0,0,0,0,0,0,7,1,1,0,0,0,0,1,0,0,1,KRBKRNvK,DRAW,6R1/8/krK1B3/8/8/8/8/1n6 w - - 0 1
0,1,0,0,0,0,0,1,-1,1,0,1,1,1,0,0,0,0,0,16,0,0,5,1,0,6,1,5,4,28,26,0,0,0,0,0,0,0,0,7,1,1,0,0,0,0,2,1,0,0,KRBKRNvK,DRAW,r7/4n3/8/8/3R4/1B6/6k1/1K6 b - - 0 1
0,1,0,0,0,0,0,1,-1,1,0,1,1,1,0,0,0,0,0,16,0,0,7,0,6,7,2,5,4,19,28,0,0,0,0,0,0,0,0,7,1,1,0,0,0,0,2,0,0,0,KRBKRNvK,DRAW,6n1/K1B5/8/8/8/7k/4R3/5r2 b - - 0 1
1,1,0,0,0,0,0,1,-1,1,0,1,1,1,0,0,0,0,0,16,0,0,5,7,6,6,1,5,4,25,23,0,0,0,0,0,0,0,0,7,1,1,0,1,0,0,2,1,1,0,KRBKRNvK,DRAW,8/4B2K/8/8/6n1/8/1r4k1/4R3 w - - 0 1
0,1,0,0,0,0,0,1,-1,1,0,1,1,1,0,0,0,0,0,16,0,0,6,6,3,0,2,2,4,5,0,1,0,0,0,0,0,0,0,7,1,1,0,1,0,0,3,2,0,0,KRBKRNvK,DRAW,3n4/8/8/8/6K1/k3R3/3r2B1/8 b - - 0 1
0,1,0,0,0,0,0,1,-1,1,0,1,1,1,0,0,0,0,0,16,0,0,2,2,5,2,3,2,1,15,26,0,0,0,0,0,0,0,0,7,1,1,1,0,0,0,3,2,0,0,KRBKRNvK,DRAW,8/4R3/2K4B/8/2k5/8/8/1nr5 b - - 0 1
1,1,0,0,0,0,0,1,-1,1,0,1,1,1,0,0,0,0,0,16,0,0,3,6,6,4,3,4,0,21,26,0,0,0,0,0,0,0,0,7,1,1,1,0,0,0,0,3,0,0,KRBKRNvK,DRAW,8/6KR/8/8/4k3/B1r5/2n5/8 w - - 0 1
1,1,0,0,0,0,0,1,-1,1,0,1,1,1,0,0,0,0,0,16,0,0,5,0,5,5,5,4,2,4,0,1,0,0,0,0,0,0,0,7,1,1,0,1,0,0,2,3,0,1,KRBKRNvK,LOSS,8/1B6/K4k2/8/1n6/8/2R1r3/8 w - - 0 1
1,1,0,0,0,0,0,1,-1,1,0,1,1,1,0,0,0,0,0,16,0,0,4,1,4,2,0,2,4,4,0,1,0,0,0,0,0,0,0,7,1,1,0,0,0,0,2,0,0,1,KRBKRNvK,DRAW,3n4/1r1B4/8/1K6/R7/8/8/2k5 w - - 0 1
1,1,0,0,0,0,0,1,-1,1,0,1,1,1,0,0,0,0,0,16,0,0,4,5,6,2,2,3,2,27,21,0,0,0,0,0,0,0,0,7,1,1,0,0,0,0,2,1,0,0,KRBKRNvK,DRAW,8/5K2/8/6B1/6R1/n1k5/8/1r6 w - - 0 1
0,1,0,0,0,0,0,1,-1,1,0,1,1,1,0,0,0,0,0,16,0,0,4,7,7,3,4,6,0,20,19,0,0,0,0,0,0,0,0,7,1,1,0,0,0,0,0,4,0,0,KRBKRNvK,DRAW,4B2K/8/8/2rk4/8/1n6/8/1R6 b - - 0 1
1,1,0,0,0,0,0,1,-1,1,0,1,1,1,0,0,0,0,0,16,0,0,7,7,4,0,7,3,6,3,0,1,0,0,0,0,0,0,0,7,1,1,0,0,0,0,2,2,0,1,KRBKRNvK,DRAW,k7/8/3R4/7K/8/2n4r/B7/8 w - - 0 1
1,1,0,0,0,0,0,1,-1,1,0,1,1,1,0,0,0,0,0,16,0,0,2,2,4,4,4,1,0,21,21,0,0,0,0,0,0,0,0,7,1,1,0,0,0,0,2,3,1,1,KRBKRNvK,DRAW,2R5/8/8/2K1k1B1/3r4/7n/8/8 w - - 0 1
0,1,0,0,0,0,0,1,-1,1,0,1,1,1,0,0,0,0,0,16,0,0,4,5,2,1,1,2,4,30,19,0,0,0,0,0,0,0,0,7,1,1,1,0,0,0,1,0,0,1,KRBKRNvK,WIN,8/5R2/7r/8/4n3/5K2/1k4B1/8 b - - 0 1
1,1,0,0,0,0,0,1,-1,1,0,1,1,1,0,0,0,0,0,16,0,0,4,5,6,1,2,3,3,29,21,0,0,0,0,0,0,0,0,7,1,1,0,0,0,0,3,0,1,0,KRBKRNvK,DRAW,8/5K2/8/2R5/8/1k5r/8/5n1B w - - 0 1
0,1,0,0,0,0,0,1,-1,1,0,1,1,1,0,0,0,0,0,16,0,0,3,3,3,6,2,0,3,4,0,1,0,0,0,0,0,0,0,7,1,1,0,0,0,0,3,2,2,0,KRBKRNvK,DRAW,4r3/8/8/6B1/3K4/6k1/8/3n2R1 b - - 0 1
0,1,0,0,0,0,0,1,-1,1,0,1,1,1,0,0,0,0,0,16,0,0,5,0,7,5,4,6,1,19,27,0,0,0,0,0,0,0,0,7,1,1,0,0,0,0,3,3,0,0,KRBKRNvK,DRAW,K3R3/8/8/2B2kr1/8/5n2/8/8 b - - 0 1
0,1,0,0,0,0,0,1,-1,1,0,1,1,1,0,0,0,0,0,16,0,0,2,3,3,5,3,0,1,15,25,0,0,0,0,0,0,0,0,7,1,1,0,0,0,0,3,2,0,0,KRBKRNvK,DRAW,8/8/n7/R7/3K1k1r/8/2B5/8 b - - 0 1
1,1,0,0,0,0,0,1,-1,1,0,1,1,1,0,0,0,0,0,16,0,0,5,2,1,5,6,3,3,7,0,1,0,0,0,0,0,0,0,7,1,1,0,0,0,0,3,0,1,0,KRBKRNvK,DRAW,8/2r2k2/8/4R3/7n/8/2K4B/8 w - - 0 1
1,1,0,0,0,0,0,1,-1,1,0,1,1,1,0,0,0,0,0,16,0,0,5,6,2,1,7,3,5,29,25,0,0,0,0,0,0,0,0,7,1,1,0,0,0,0,3,1,0,0,KRBKRNvK,DRAW,1k6/4n3/r7/8/3R4/4B1K1/8/8 w - - 0 1
0,1,0,0,0,0,0,1,-1,1,0,1,1,1,0,0,0,0,0,16,0,0,4,1,4,5,5,2,2,23,30,0,0,0,0,0,0,0,0,7,1,1,0,0,0,0,2,1,0,0,KRBKRNvK,DRAW,5n2/8/5k2/1K6/1B6/7r/4R3/8 b - - 0 1
1,1,0,0,0,0,0,1,-1,1,0,1,1,1,0,0,0,0,0,16,0,0,4,3,3,3,7,0,3,23,18,0,0,0,0,0,0,0,0,7,1,1,0,0,0,0,4,0,0,0,KRBKRNvK,DRAW,3k2r1/7n/7B/8/3K4/3R4/8/8 w - - 0 1
1,1,0,0,0,0,0,1,-1,1,0,1,1,1,0,0,0,0,0,16,0,0,7,0,1,7,3,5,3,5,0,1,0,0,0,0,0,0,0,7,1,1,0,1,0,0,2,0,0,0,KRBKRNvK,DRAW,1n6/3B4/8/3R4/7k/8/K5r1/8 w - - 0 1
0,1,0,0,0,0,0,1,-1,1,0,1,1,1,0,0,0,0,0,16,0,0,4,1,5,0,1,3,5,4,0,1,0,0,0,0,0,0,0,7,1,1,0,0,0,0,2,2,1,0,KRBKRNvK,DRAW,8/8/1K3n2/4r1R1/2B5/8/k7/8 b - - 0 1
1,1,0,0,0,0,0,1,-1,1,0,1,1,1,0,0,0,0,0,16,0,0,6,1,1,0,7,4,6,26,20,0,0,0,0,0,0,0,0,7,1,1,0,0,0,0,2,2,0,0,KRBKRNvK,DRAW,k7/7n/8/5r2/8/8/1K6/4RB2 w - - 0 1
1,1,0,0,0,0,0,1,-1,1,0,1,1,1,0,0,0,0,0,16,0,0,4,1,6,4,2,4,1,20,21,0,0,0,0,0,0,0,0,7,1,1,0,0,0,0,2,2,0,0,KRBKRNvK,DRAW,6r1/1K6/B7/8/R7/4k3/8/2n5 w - - 0 1
0,1,0,0,0,0,0,1,-1,1,0,1,1,1,0,0,0,0,0,16,0,0,2,1,1,3,2,4,1,16,27,0,0,0,0,0,0,0,0,7,1,1,0,0,0,0,3,3,0,0,KRBKRNvK,DRAW,1B6/3rn3/8/8/7R/3k4/1K6/8 b - - 0 1
0,1,0,0,0,0,0,1,-1,1,0,1,1,1,0,0,0,0,0,16,0,0,2,1,6,0,4,4,3,18,25,0,0,0,0,0,0,0,0,7,1,1,0,0,0,0,1,2,1,1,KRBKRNvK,DRAW,4r3/nK6/8/k1B5/8/8/1R6/8 b - - 0 1
0,1,0,0,0,0,0,1,-1,1,0,1,1,1,0,0,0,0,0,16,0,0,4,4,0,0,3,3,3,20,24,0,0,0,0,0,0,0,0,7,1,1,0,0,0,0,2,2,0,1,KRBKRNvK,DRAW,4R3/2B5/8/8/k5r1/6n1/8/4K3 b - - 0 1
0,1,0,0,0,0,0,1,-1,1,0,1,1,1,0,0,0,0,0,16,0,0,3,3,5,0,3,1,3,20,27,0,0,0,0,0,0,0,0,7,1,1,0,0,0,0,3,2,0,1,KRBKRNvK,DRAW,4R3/3n4/3K4/r7/k5B1/8/8/8 b - - 0 1
1,1,0,0,0,0,0,1,-1,1,0,1,1,1,0,0,0,0,0,16,0,0,2,1,4,0,2,2,4,5,0,1,0,0,0,0,0,0,0,7,1,1,0,0,0,0,2,3,0,1,KRBKRNvK,DRAW,8/8/1B6/1K6/7R/k1n1r3/8/8 w - - 0 1
1,1,0,0,0,0,0,1,-1,1,0,1,1,1,0,0,0,0,0,16,0,0,3,2,5,2,2,2,2,26,25,0,0,0,0,0,0,0,0,7,1,1,0,0,0,0,3,2,1,0,KRBKRNvK,DRAW,2B5/5r2/2K3n1/8/4R3/2k5/8/8 w - - 0 1
1,1,0,0,0,0,0,1,-1,1,0,1,1,1,0,0,0,0,0,16,0,0,5,2,2,7,2,2,4,25,20,0,0,0,0,0,0,0,0,7,1,1,0,0,0,0,3,0,0,0,KRBKRNvK,DRAW,8/6r1/8/3R4/8/2K4k/B5n1/8 w - - 0 1
1,1,0,0,0,0,0,1,-1,1,0,1,1,1,0,0,0,0,0,16,0,0,6,0,3,6,4,3,2,20,21,0,0,0,0,0,0,0,0,7,1,1,0,1,0,0,0,1,1,2,KRBKRNvK,DRAW,R7/8/8/6k1/Kn6/7B/1r6/8 w - - 0 1
0,1,0,0,0,0,0,1,-1,1,0,1,1,1,0,0,0,0,0,16,0,0,5,0,0,1,5,6,3,29,23,0,0,0,0,0,0,0,0,7,1,1,0,0,0,0,2,2,0,0,KRBKRNvK,DRAW,5r2/8/1kn5/8/8/7B/8/K2R4 b - - 0 1
1,1,0,0,0,0,0,1,-1,1,0,1,1,1,0,0,0,0,0,16,0,0,5,7,0,2,4,6,1,28,19,0,0,0,0,0,0,0,0,7,1,1,0,0,0,0,1,4,1,0,KRBKRNvK,DRAW,8/8/7n/2k5/8/3Br3/1R6/7K w - - 0 1
1,1,0,0,0,0,0,1,-1,1,0,1,1,1,0,0,0,0,0,16,0,0,5,2,5,7,7,2,6,28,19,0,0,0,0,0,0,0,0,7,1,1,1,1,0,0,2,2,0,1,KRBKRNvK,DRAW,7k/3R4/2K5/8/nB6/8/4r3/8 w - - 0 1
1,1,0,0,0,0,0,1,-1,1,0,1,1,1,0,0,0,0,0,16,0,0,2,1,2,3,1,3,2,22,21,0,0,0,0,0,0,0,0,7,1,1,0,0,0,0,1,2,2,0,KRBKRNvK,DRAW,3n4/8/8/8/5r2/1K6/3k4/1BR5 w - - 0 1
1,1,0,0,0,0,0,1,-1,1,0,1,1,1,0,0,0,0,0,16,0,0,6,0,5,6,0,4,5,4,0,1,0,0,0,0,0,0,0,7,1,1,0,0,0,0,2,2,0,1,KRBKRNvK,DRAW,B6R/8/K7/2n5/3r4/8/8/6k1 w - - 0 1
0,1,0,0,0,0,0,1,-1,1,0,1,1,1,0,0,0,0,0,16,0,0,2,2,2,0,0,2,6,1,0,1,0,0,0,0,0,0,0,7,1,1,1,0,0,0,1,1,0,0,KRBKRNvK,DRAW,8/R7/6nr/8/8/2K5/8/k5B1 b - - 0 1
1,1,0,0,0,0,0,1,-1,1,0,1,1,1,0,0,0,0,0,16,0,0,6,5,1,7,7,3,6,27,22,0,0,0,0,0,0,0,0,7,1,1,0,0,0,0,2,1,0,0,KRBKRNvK,DRAW,7k/8/6n1/8/8/R7/5KB1/2r5 w - - 0 1
0,1,0,0,0,0,0,1,-1,1,0,1,1,1,0,0,0,0,0,16,0,0,5,5,1,6,6,3,4,23,25,0,0,0,0,0,0,0,0,7,1,1,0,0,0,0,1,2,0,0,KRBKRNvK,DRAW,2r5/6k1/8/8/8/1Bn2R2/5K2/8 b - - 0 1
1,1,0,0,0,0,0,1,-1,1,0,1,1,1,0,0,0,0,0,16,0,0,2,7,3,5,5,3,2,23,10,0,0,0,0,0,0,0,0,7,1,1,0,0,0,0,2,1,2,0,KRBKRNvK,DRAW,8/3B1r2/5k2/8/6RK/8/n7/8 w - - 0 1
0,1,0,0,0,0,0,1,-1,1,0,1,1,1,0,0,0,0,0,16,0,0,3,1,4,4,6,2,2,19,34,0,0,0,0,0,0,0,0,7,1,1,0,0,0,0,1,1,0,0,KRBKRNvK,DRAW,4r3/4k3/6n1/1K6/4B3/8/8/2R5 b - - 0 1
0,1,0,0,0,0,0,1,-1,1,0,1,1,1,0,0,0,0,0,16,0,0,2,5,0,6,2,4,3,21,22,0,0,0,0,0,0,0,0,7,1,1,0,0,0,0,0,2,1,0,KRBKRNvK,DRAW,8/1n6/4r3/1B6/8/6k1/5R2/5K2 b - - 0 1
0,1,0,0,0,0,0,1,-1,1,0,1,1,1,0,0,0,0,0,16,0,0,2,1,7,3,6,5,2,5,0,1,0,0,0,0,0,0,0,7,1,1,0,0,0,0,2,0,2,0,KRBKRNvK,DRAW,1KB5/3k4/5r2/1R6/8/8/6n1/8 b - - 0 1
1,1,0,0,0,0,0,1,-1,1,0,1,1,1,0,0,0,0,0,16,0,0,6,0,0,3,6,6,2,26,24,0,0,0,0,0,0,0,0,7,1,1,0,0,0,0,1,1,0,0,KRBKRNvK,DRAW,8/3k3r/8/8/8/4B1n1/5R2/K7 w - - 0 1
1,1,0,0,0,0,0,1,-1,1,0,1,1,1,0,0,0,0,0,16,0,0,3,3,1,0,1,2,5,21,23,0,0,0,0,0,0,0,0,7,1,1,0,0,0,0,3,1,0,1,KRBKRNvK,DRAW,2r5/8/8/8/3R4/8/k1nK1B2/8 w - - 0 1
0,1,0,0,0,0,0,1,-1,1,0,1,1,1,0,0,0,0,0,16,0,0,2,4,4,5,2,0,2,19,24,0,0,0,0,0,0,0,0,7,1,1,0,1,0,0,3,2,0,1,KRBKRNvK,DRAW,6R1/8/8/4K3/3n4/5k2/3r4/1B6 b - - 0 1
0,1,0,0,0,0,0,1,-1,1,0,1,1,1,0,0,0,0,0,16,0,0,2,0,4,2,5,3,2,28,18,0,0,0,0,0,0,0,0,7,1,1,0,0,0,0,2,2,0,0,KRBKRNvK,DRAW,6R1/6B1/2k5/K7/8/3n4/8/5r2 b - - 0 1
1,1,0,0,0,0,0,1,-1,1,0,1,1,1,0,0,0,0,0,16,0,0,2,5,6,3,4,3,0,6,0,1,0,0,0,0,0,0,0,7,1,1,0,0,0,0,0,4,0,1,KRBKRNvK,LOSS,8/5K2/3n4/3k3B/8/8/8/1R1r4 w - - 0 1
1,1,0,0,0,0,0,1,-1,1,0,1,1,1,0,0,0,0,0,16,0,0,2,4,0,6,2,3,3,26,25,0,0,0,0,0,0,0,0,7,1,1,0,0,0,0,2,0,1,0,KRBKRNvK,DRAW,8/1r6/8/4n3/3R4/6k1/4B3/4K3 w - - 0 1
1,1,0,0,0,0,0,1,-1,1,0,1,1,1,0,0,0,0,0,16,0,0,2,5,3,7,5,1,4,22,16,0,0,0,0,0,0,0,0,7,1,1,1,0,0,0,2,3,0,1,KRBKRNvK,DRAW,1B6/R7/7k/1n5r/5K2/8/8/8 w - - 0 1
0,1,0,0,0,0,0,1,-1,1,0,1,1,1,0,0,0,0,0,16,0,0,4,2,0,6,1,4,4,30,20,0,0,0,0,0,0,0,0,7,1,1,1,0,0,0,1,2,0,0,KRBKRNvK,DRAW,r7/2R5/2n5/8/8/8/6k1/1BK5 b - - 0 1
1,1,0,0,0,0,0,1,-1,1,0,1,1,1,0,0,0,0,0,16,0,0,3,3,5,0,7,1,6,7,0,1,0,0,0,0,0,0,0,7,1,1,0,1,0,0,3,0,1,1,KRBKRNvK,LOSS,k1n5/B7/3K4/8/8/8/R6r/8 w - - 0 1
0,1,0,0,0,0,0,1,-1,1,0,1,1,1,0,0,0,0,0,16,0,0,6,7,2,1,2,4,3,28,23,0,0,0,0,0,0,0,0,7,1,1,0,0,0,0,2,1,2,1,KRBKRNvK,DRAW,8/8/3n4/B2R4/8/1k5K/8/5r2 b - - 0 1
1,1,0,0,0,0,0,1,-1,1,0,1,1,1,0,0,0,0,0,16,0,0,6,6,6,6,0,4,5,31,16,0,0,0,0,0,0,0,0,7,1,1,0,0,0,0,0,2,1,0,KRBKRNvK,DRAW,8/6K1/8/1B6/8/2n5/5R2/2r3k1 w - - 0 1
1,1,0,0,0,0,0,1,-1,1,0,1,1,1,0,0,0,0,0,16,0,0,6,4,1,5,7,2,4,26,24,0,0,0,0,0,0,0,0,7,1,1,0,0,0,0,3,2,0,0,KRBKRNvK,DRAW,5k2/8/3r4/8/2R5/1n6/4K3/B7 w - - 0 1
0,1,0,0,0,0,0,1,-1,1,0,1,1,1,0,0,0,0,0,16,0,0,6,7,6,6,0,5,5,21,21,0,0,0,0,0,0,0,0,7,1,1,0,0,0,0,0,0,0,1,KRBKRNvK,DRAW,7n/7K/2r5/8/1B6/1R6/8/6k1 b - - 0 1
1,1,0,0,0,0,0,1,-1,1,0,1,1,1,0,0,0,0,0,16,0,0,6,2,0,7,6,4,5,6,0,1,0,0,0,0,0,0,0,7,1,1,0,0,0,0,3,0,0,0,KRBKRNvK,DRAW,B1r5/7k/8/8/R7/8/6n1/2K5 w - - 0 1
0,1,0,0,0,0,0,1,-1,1,0,1,1,1,0,0,0,0,0,16,0,0,4,3,4,7,7,0,6,21,19,0,0,0,0,0,0,0,0,7,1,1,0,1,0,0,4,0,0,0,KRBKRNvK,DRAW,7k/8/n7/3K1R2/4B3/8/2r5/8 b - - 0 1
1,1,0,0,0,0,0,1,-1,1,0,1,1,1,0,0,0,0,0,16,0,0,3,3,3,0,6,0,5,6,0,1,0,0,0,0,0,0,0,7,1,1,0,1,0,0,3,2,0,2,KRBKRNvK,DRAW,8/k7/8/8/3K4/2R5/3rBn2/8 w - - 0 1
0,1,0,0,0,0,0,1,-1,1,0,1,1,1,0,0,0,0,0,16,0,0,2,0,5,2,5,4,2,18,23,0,0,0,0,0,0,0,0,7,1,1,0,0,0,0,3,2,0,0,KRBKRNvK,DRAW,8/8/K1k2r2/8/8/8/2n4B/3R4 b - - 0 1
1,1,0,0,0,0,0,1,-1,1,0,1,1,1,0,0,0,0,0,16,0,0,3,1,4,0,7,2,6,8,0,1,0,0,0,0,0,0,0,7,1,1,0,0,0,0,1,2,0,1,KRBKRNvK,DRAW,k7/1n6/8/1K3r2/8/2R5/7B/8 w - - 0 1
1,1,0,0,0,0,0,1,-1,1,0,1,1,1,0,0,0,0,0,16,0,0,3,5,4,2,5,1,2,23,21,0,0,0,0,0,0,0,0,7,1,1,1,0,0,0,3,2,2,1,KRBKRNvK,DRAW,8/4R3/2k1B3/5K2/8/n2r4/8/8 w - - 0 1
0,1,0,0,0,0,0,1,-1,1,0,1,1,1,0,0,0,0,0,16,0,0,3,7,0,4,3,6,0,7,0,1,0,0,0,0,0,0,0,7,1,1,0,0,0,0,1,4,2,0,KRBKRNvK,DRAW,8/5r2/2R5/8/4k3/2n5/6B1/7K b - - 0 1
1,1,0,0,0,0,0,1,-1,1,0,1,1,1,0,0,0,0,0,16,0,0,5,6,2,3,7,3,3,29,22,0,0,0,0,0,0,0,0,7,1,1,0,0,0,0,3,3,0,2,KRBKRNvK,DRAW,3k4/8/8/R7/8/2B1rnK1/8/8 w - - 0 1
1,1,0,0,0,0,0,1,-1,1,0,1,1,1,0,0,0,0,0,16,0,0,3,5,5,6,2,2,3,30,24,0,0,0,0,0,0,0,0,7,1,1,0,0,0,0,3,3,0,1,KRBKRNvK,DRAW,3r4/8/2B2K2/2R5/8/6k1/3n4/8 w - - 0 1
0,1,0,0,0,0,0,1,-1,1,0,1,1,1,0,0,0,0,0,16,0,0,2,2,3,0,4,1,3,0,0,1,0,0,0,0,0,0,0,7,1,1,0,0,0,0,3,3,1,1,KRBKRNvK,LOSS,R7/2B5/8/k3rn2/2K5/8/8/8 b - - 0 1
1,1,0,0,0,0,0,1,-1,1,0,1,1,1,0,0,0,0,0,16,0,0,3,6,3,6,6,2,4,20,25,0,0,0,0,0,0,0,0,7,1,1,0,0,0,0,0,1,0,1,KRBKRNvK,DRAW,8/5nk1/7r/8/B5K1/8/8/R7 w - - 0 1
1,1,0,0,0,0,0,1,-1,1,0,1,1,1,0,0,0,0,0,16,0,0,6,6,0,3,6,5,2,26,27,0,0,0,0,0,0,0,0,7,1,1,0,0,0,0,3,1,0,1,KRBKRNvK,DRAW,8/3k4/8/5n2/2B5/7r/8/4R1K1 w - - 0 1
1,1,0,0,0,0,0,1,-1,1,0,1,1,1,0,0,0,0,0,16,0,0,2,3,2,2,4,1,1,4,0,1,0,0,0,0,0,0,0,7,1,1,0,0,0,0,2,3,1,0,KRBKRNvK,DRAW,8/8/6R1/B1k5/6n1/3K2r1/8/8 w - - 0 1
1,1,0,0,0,0,0,1,-1,1,0,1,1,1,0,0,0,0,0,16,0,0,2,0,7,1,5,6,3,23,23,0,0,0,0,0,0,0,0,7,1,1,0,0,0,0,1,1,0,0,KRBKRNvK,DRAW,K4R2/8/1k4B1/2n5/8/2r5/8/8 w - - 0 1
0,1,0,0,0,0,0,1,-1,1,0,1,1,1,0,0,0,0,0,16,0,0,3,4,4,7,3,0,3,20,22,0,0,0,0,0,0,0,0,7,1,1,0,0,0,0,3,0,0,0,KRBKRNvK,DRAW,8/8/1r6/4K3/n6k/R7/8/7B b - - 0 1
1,1,0,0,0,0,0,1,-1,1,0,1,1,1,0,0,0,0,0,16,0,0,4,6,4,2,3,2,1,7,0,1,0,0,0,0,0,0,0,7,1,1,0,0,0,0,3,3,1,1,KRBKRNvK,LOSS,8/3r1n2/8/6K1/2k5/3R4/7B/8 w - - 0 1
0,1,0,0,0,0,0,1,-1,1,0,1,1,1,0,0,0,0,0,16,0,0,3,7,5,4,4,4,0,6,0,1,0,0,0,0,0,0,0,7,1,1,1,0,0,0,1,4,1,0,KRBKRNvK,DRAW,5B2/3nR3/7K/4k3/8/5r2/8/8 b - - 0 1
0,1,0,0,0,0,0,1,-1,1,0,1,1,1,0,0,0,0,0,16,0,0,3,4,3,7,0,0,6,21,32,0,0,0,0,0,0,0,0,7,1,1,0,0,0,0,3,0,0,0,KRBKRNvK,DRAW,r7/8/4B3/2R5/4K3/8/1n6/7k b - - 0 1
0,1,0,0,0,0,0,1,-1,1,0,1,1,1,0,0,0,0,0,16,0,0,5,7,3,2,4,3,1,24,23,0,0,0,0,0,0,0,0,7,1,1,0,0,0,0,2,2,1,1,KRBKRNvK,DRAW,7B/8/1n6/2k5/4R2K/5r2/8/8 b - - 0 1
0,1,0,0,0,0,0,1,-1,1,0,1,1,1,0,0,0,0,0,16,0,0,3,5,4,2,3,1,1,5,0,1,0,0,0,0,0,0,0,7,1,1,0,0,0,0,3,2,0,1,KRBKRNvK,DRAW,r7/B6n/8/5K2/2k4R/8/8/8 b - - 0 1
0,1,0,0,0,0,0,1,-1,1,0,1,1,1,0,0,0,0,0,16,0,0,4,1,4,2,0,2,4,19,26,0,0,0,0,0,0,0,0,7,1,1,0,0,0,0,1,2,0,0,KRBKRNvK,DRAW,4r3/8/8/1K3BR1/8/8/n7/2k5 b - - 0 1
1,1,0,0,0,0,0,1,-1,1,0,1,1,1,0,0,0,0,0,16,0,0,3,1,4,0,1,2,5,3,0,1,0,0,0,0,0,0,0,7,1,1,0,0,0,0,2,2,0,1,KRBKRNvK,DRAW,8/8/8/1KR5/1r4B1/8/k1n5/8 w - - 0 1
0,1,0,0,0,0,0,1,-1,1,0,1,1,1,0,0,0,0,0,16,0,0,2,5,0,7,1,4,5,23,21,0,0,0,0,0,0,0,0,7,1,1,0,0,0,0,0,2,0,0,KRBKRNvK,DRAW,8/5n2/8/3r4/B7/8/7k/2R2K2 b - - 0 1
1,1,0,0,0,0,0,1,-1,1,0,1,1,1,0,0,0,0,0,16,0,0,7,0,0,5,7,6,4,26,22,0,0,0,0,0,0,0,0,7,1,1,0,0,0,0,3,1,0,0,KRBKRNvK,DRAW,5k2/3n4/6r1/8/1R6/6B1/8/K7 w - - 0 1
0,1,0,0,0,0,0,1,-1,1,0,1,1,1,0,0,0,0,0,16,0,0,5,2,2,1,7,2,5,27,19,0,0,0,0,0,0,0,0,7,1,1,0,0,0,0,3,2,0,0,KRBKRNvK,DRAW,1k6/8/3nR3/8/6r1/2K5/8/4B3 b - - 0 1
0,1,0,0,0,0,0,1,-1,1,0,1,1,1,0,0,0,0,0,16,0,0,3,7,7,7,4,6,3,18,23,0,0,0,0,0,0,0,0,7,1,1,0,0,0,0,3,0,0,0,KRBKRNvK,DRAW,6BK/8/r7/n6k/8/4R3/8/8 b - - 0 1
0,1,0,0,0,0,0,1,-1,1,0,1,1,1,0,0,0,0,0,16,0,0,2,5,4,4,2,1,1,20,24,0,0,0,0,0,0,0,0,7,1,1,0,0,0,0,2,3,0,1,KRBKRNvK,DRAW,2B5/8/8/5K2/1n6/3rk3/8/7R b - - 0 1
0,1,0,0,0,0,0,1,-1,1,0,1,1,1,0,0,0,0,0,16,0,0,3,0,3,3,0,3,3,2,0,1,0,0,0,0,0,0,0,7,1,1,0,0,0,0,0,0,2,0,KRBKRNvK,DRAW,1n6/8/8/8/K7/8/8/1R1kB1r1 b - - 0 1
0,1,0,0,0,0,0,1,-1,1,0,1,1,1,0,0,0,0,0,16,0,0,5,0,1,4,6,5,2,29,26,0,0,0,0,0,0,0,0,7,1,1,0,0,0,0,3,1,0,0,KRBKRNvK,DRAW,6r1/4k3/1B6/7R/8/4n3/K7/8 b - - 0 1
0,1,0,0,0,0,0,1,-1,1,0,1,1,1,0,0,0,0,0,16,0,0,7,2,7,3,0,4,3,25,24,0,0,0,0,0,0,0,0,7,1,1,0,1,0,0,2,3,0,0,KRBKRNvK,DRAW,2K5/8/5n2/R7/1B6/8/3r4/3k4 b - - 0 1
1,1,0,0,0,0,0,1,-1,1,0,1,1,1,0,0,0,0,0,16,0,0,4,5,1,1,1,3,4,31,22,0,0,0,0,0,0,0,0,7,1,1,0,0,0,0,2,0,0,0,KRBKRNvK,DRAW,8/3B4/1r6/7R/8/8/1k3K2/1n6 w - - 0 1
1,1,0,0,0,0,0,1,-1,1,0,1,1,1,0,0,0,0,0,16,0,0,4,2,5,1,1,2,4,7,0,1,0,0,0,0,0,0,0,7,1,1,0,0,0,0,3,0,1,1,KRBKRNvK,DRAW,8/8/2K5/n7/7R/1B6/1k6/1r6 w - - 0 1
0,1,0,0,0,0,0,1,-1,1,0,1,1,1,0,0,0,0,0,16,0,0,5,0,7,5,3,6,1,27,23,0,0,0,0,0,0,0,0,7,1,1,0,0,0,0,2,2,1,0,KRBKRNvK,DRAW,K7/8/8/1Bn5/5k2/8/4R3/7r b - - 0 1
1,1,0,0,0,0,0,1,-1,1,0,1,1,1,0,0,0,0,0,16,0,0,3,1,3,4,1,2,2,6,0,1,0,0,0,0,0,0,0,7,1,1,0,0,0,0,1,1,0,0,KRBKRNvK,LOSS,1r6/8/4B3/8/1K6/8/4kn2/7R w - - 0 1
1,1,0,0,0,0,0,1,-1,1,0,1,1,1,0,0,0,0,0,16,0,0,6,1,0,7,3,5,3,29,25,0,0,0,0,0,0,0,0,7,1,1,0,1,0,0,2,2,1,0,KRBKRNvK,DRAW,8/8/8/5R2/2nB3k/8/4r3/1K6 w - - 0 1
1,1,0,0,0,0,0,1,-1,1,0,1,1,1,0,0,0,0,0,16,0,0,6,3,6,4,0,2,3,7,0,1,0,0,0,0,0,0,0,7,1,1,0,0,0,0,1,1,2,0,KRBKRNvK,DRAW,8/3K2r1/8/8/8/4B3/2n2R2/4k3 w - - 0 1
0,1,0,0,0,0,0,1,-1,1,0,1,1,1,0,0,0,0,0,16,0,0,2,1,2,0,4,3,3,20,26,0,0,0,0,0,0,0,0,7,1,1,0,0,0,0,1,2,1,0,KRBKRNvK,DRAW,3n1R2/8/8/k1B5/4r3/1K6/8/8 b - - 0 1
1,1,0,0,0,0,0,1,-1,1,0,1,1,1,0,0,0,0,0,16,0,0,4,2,7,5,3,4,1,2,0,1,0,0,0,0,0,0,0,7,1,1,0,0,0,0,1,3,2,2,KRBKRNvK,DRAW,2K5/r7/1n4BR/8/5k2/8/8/8 w - - 0 1
1,1,0,0,0,0,0,1,-1,1,0,1,1,1,0,0,0,0,0,16,0,0,3,5,4,4,7,1,3,30,15,0,0,0,0,0,0,0,0,7,1,1,0,0,0,0,4,0,0,0,KRBKRNvK,DRAW,4k3/8/8/R4K2/8/4B3/8/4r2n w - - 0 1
0,1,0,0,0,0,0,1,-1,1,0,1,1,1,0,0,0,0,0,16,0,0,6,4,7,2,1,3,3,21,22,0,0,0,0,0,0,0,0,7,1,1,0,0,0,0,2,0,1,1,KRBKRNvK,DRAW,4K1n1/8/8/1B6/1R6/r7/2k5/8 b - - 0 1
1,1,0,0,0,0,0,1,-1,1,0,1,1,1,0,0,0,0,0,16,0,0,5,1,4,6,7,2,5,8,0,1,0,0,0,0,0,0,0,7,1,1,1,0,0,0,3,0,1,0,KRBKRNvK,DRAW,nr4k1/4R3/8/1K6/8/5B2/8/8 w - - 0 1
0,1,0,0,0,0,0,1,-1,1,0,1,1,1,0,0,0,0,0,16,0,0,4,5,6,1,4,3,2,16,22,0,0,0,0,0,0,0,0,7,1,1,0,0,0,0,1,0,0,0,KRBKRNvK,DRAW,RB6/5K2/8/1k6/8/8/1n6/1r6 b - - 0 1
0,1,0,0,0,0,0,1,-1,1,0,1,1,1,0,0,0,0,0,16,0,0,5,7,7,2,4,6,1,21,19,0,0,0,0,0,0,0,0,7,1,1,0,0,0,0,2,3,1,0,KRBKRNvK,DRAW,7K/2r5/8/B1k5/5R2/2n5/8/8 b - - 0 1
1,1,0,0,0,0,0,1,-1,1,0,1,1,1,0,0,0,0,0,16,0,0,4,0,5,1,1,4,4,18,27,0,0,0,0,0,0,0,0,7,1,1,0,0,0,0,2,1,0,1,KRBKRNvK,DRAW,8/8/KBr5/3R4/8/8/1k2n3/8 w - - 0 1
1,1,0,0,0,0,0,1,-1,1,0,1,1,1,0,0,0,0,0,16,0,0,3,3,4,6,6,0,4,7,0,1,0,0,0,0,0,0,0,7,1,1,0,0,0,0,4,2,0,1,KRBKRNvK,DRAW,r2R4/6k1/8/3K4/8/2n5/7B/8 w - - 0 1
1,1,0,0,0,0,0,1,-1,1,0,1,1,1,0,0,0,0,0,16,0,0,2,5,4,3,3,1,0,31,18,0,0,0,0,0,0,0,0,7,1,1,0,0,0,0,2,4,1,1,KRBKRNvK,DRAW,8/8/8/3B1K2/3k3r/8/1n6/4R3 w - - 0 1
0,1,0,0,0,0,0,1,-1,1,0,1,1,1,0,0,0,0,0,16,0,0,2,4,6,2,5,2,2,23,24,0,0,0,0,0,0,0,0,7,1,1,0,0,0,0,0,2,0,0,KRBKRNvK,DRAW,7R/4K3/2k5/8/3r4/B7/8/5n2 b - - 0 1
0,1,0,0,0,0,0,1,-1,1,0,1,1,1,0,0,0,0,0,16,0,0,4,2,2,6,3,2,2,20,23,0,0,0,0,0,0,0,0,7,1,1,0,1,0,0,3,2,0,1,KRBKRNvK,DRAW,3B4/8/8/2R5/6k1/2K5/4r3/6n1 b - - 0 1
0,1,0,0,0,0,0,1,-1,1,0,1,1,1,0,0,0,0,0,16,0,0,5,5,5,2,0,2,4,23,20,0,0,0,0,0,0,0,0,7,1,1,0,0,0,0,3,1,1,0,KRBKRNvK,DRAW,8/2r5/5K2/8/8/4n3/4R3/2k4B b - - 0 1
1,1,0,0,0,0,0,1,-1,1,0,1,1,1,0,0,0,0,0,16,0,0,3,0,6,0,3,5,3,5,0,1,0,0,0,0,0,0,0,7,1,1,0,0,0,0,1,3,1,0,KRBKRNvK,DRAW,8/K3r3/8/5n2/k7/8/1R6/6B1 w - - 0 1
1,1,0,0,0,0,0,1,-1,1,0,1,1,1,0,0,0,0,0,16,0,0,5,2,1,5,6,3,3,8,0,1,0,0,0,0,0,0,0,7,1,1,0,0,0,0,3,0,0,0,KRBKRNvK,DRAW,1n6/2r2k2/8/1R6/8/8/2K2B2/8 w - - 0 1
1,1,0,0,0,0,0,1,-1,1,0,1,1,1,0,0,0,0,0,16,0,0,7,0,2,7,4,4,3,22,23,0,0,0,0,0,0,0,0,7,1,1,0,0,0,0,1,0,0,0,KRBKRNvK,DRAW,4n3/1r6/8/4B2k/8/K7/R7/8 w - - 0 1
0,1,0,0,0,0,0,1,-1,1,0,1,1,1,0,0,0,0,0,16,0,0,7,7,5,0,4,4,3,19,22,0,0,0,0,0,0,0,0,7,1,1,0,0,0,0,2,1,0,1,KRBKRNvK,DRAW,3R4/4n1r1/7K/k7/8/8/8/3B4 b - - 0 1
0,1,0,0,0,0,0,1,-1,1,0,1,1,1,0,0,0,0,0,16,0,0,6,1,6,7,7,4,6,18,25,0,0,0,0,0,0,0,0,7,1,1,0,0,0,0,0,2,0,2,KRBKRNvK,DRAW,4B2k/nK6/8/r7/8/5R2/8/8 b - - 0 1
1,1,0,0,0,0,0,1,-1,1,0,1,1,1,0,0,0,0,0,16,0,0,5,2,5,5,0,2,4,24,21,0,0,0,0,0,0,0,0,7,1,1,0,0,0,0,1,1,0,1,KRBKRNvK,DRAW,3B4/8/2K4R/8/4nr2/8/8/5k2 w - - 0 1
0,1,0,0,0,0,0,1,-1,1,0,1,1,1,0,0,0,0,0,16,0,0,3,4,5,7,6,1,5,3,0,1,0,0,0,0,0,0,0,7,1,1,0,0,0,0,2,0,0,2,KRBKRNvK,DRAW,5rn1/7k/4K3/8/8/8/B7/7R b - - 0 1
0,1,0,0,0,0,0,1,-1,1,0,1,1,1,0,0,0,0,0,16,0,0,5,2,0,3,5,4,1,2,0,1,0,0,0,0,0,0,0,7,1,1,0,0,0,0,2,2,2,0,KRBKRNvK,DRAW,1B6/8/3k3r/4R2n/8/8/8/2K5 b - - 0 1
1,1,0,0,0,0,0,1,-1,1,0,1,1,1,0,0,0,0,0,16,0,0,2,3,3,3,1,0,2,25,19,0,0,0,0,0,0,0,0,7,1,1,1,1,0,0,3,1,1,1,KRBKRNvK,DRAW,8/7R/1n6/8/3K4/8/r1Bk4/8 w - - 0 1
1,1,0,0,0,0,0,1,-1,1,0,1,1,1,0,0,0,0,0,16,0,0,3,5,5,4,2,2,1,23,19,0,0,0,0,0,0,0,0,7,1,1,0,0,0,0,4,4,0,0,KRBKRNvK,DRAW,8/7B/3R1K2/r7/8/4k3/n7/8 w - - 0 1
1,1,0,0,0,0,0,1,-1,1,0,1,1,1,0,0,0,0,0,16,0,0,4,6,6,6,2,4,3,21,27,0,0,0,0,0,0,0,0,7,1,1,1,0,0,0,1,2,0,1,KRBKRNvK,DRAW,4r3/5RK1/8/2n5/8/6k1/B7/8 w - - 0 1
1,1,0,0,0,0,0,1,-1,1,0,1,1,1,0,0,0,0,0,16,0,0,4,3,3,3,7,0,3,25,16,0,0,0,0,0,0,0,0,7,1,1,0,0,0,0,3,0,0,0,KRBKRNvK,DRAW,3k1r2/8/8/8/3K4/4R3/5Bn1/8 w - - 0 1
0,1,0,0,0,0,0,1,-1,1,0,1,1,1,0,0,0,0,0,16,0,0,2,5,2,5,4,2,1,21,26,0,0,0,0,0,0,0,0,7,1,1,0,0,0,0,2,3,0,0,KRBKRNvK,DRAW,4n3/8/2B5/5k2/1r6/5K2/6R1/8 b - - 0 1
1,1,0,0,0,0,0,1,-1,1,0,1,1,1,0,0,0,0,0,16,0,0,6,0,5,6,6,4,4,26,23,0,0,0,0,0,0,0,0,7,1,1,0,0,0,0,0,0,0,0,KRBKRNvK,DRAW,1R6/6k1/K7/8/B6n/8/8/5r2 w - - 0 1
0,1,0,0,0,0,0,1,-1,1,0,1,1,1,0,0,0,0,0,16,0,0,4,7,6,7,2,5,4,13,25,0,0,0,0,0,0,0,0,7,1,1,0,0,0,0,2,0,0,0,KRBKRNvK,DRAW,3B4/n6K/8/8/8/7k/3R4/7r b - - 0 1
1,1,0,0,0,0,0,1,-1,1,0,1,1,1,0,0,0,0,0,16,0,0,2,0,1,2,0,5,4,24,14,0,0,0,0,0,0,0,0,7,1,1,0,0,0,0,0,0,0,0,KRBKRNvK,DRAW,1r4n1/8/R7/8/1B6/8/K7/2k5 w - - 0 1
0,1,0,0,0,0,0,1,-1,1,0,1,1,1,0,0,0,0,0,16,0,0,4,1,7,3,3,5,0,21,29,0,0,0,0,0,0,0,0,7,1,1,0,0,0,0,2,3,2,1,KRBKRNvK,DRAW,1K1n4/8/8/7r/3k4/5B2/2R5/8 b - - 0 1
1,1,0,0,0,0,0,1,-1,1,0,1,1,1,0,0,0,0,0,16,0,0,5,5,5,3,0,2,3,25,20,0,0,0,0,0,0,0,0,7,1,1,0,0,0,0,2,2,0,0,KRBKRNvK,DRAW,8/8/4RK2/8/r7/Bn6/8/3k4 w - - 0 1
0,1,0,0,0,0,0,1,-1,1,0,1,1,1,0,0,0,0,0,16,0,0,2,1,5,3,4,3,0,25,24,0,0,0,0,0,0,0,0,7,1,1,1,0,0,0,1,4,2,0,KRBKRNvK,DRAW,8/1R6/1K6/3k1B2/5n2/8/8/6r1 b - - 0 1
1,1,0,0,0,0,0,1,-1,1,0,1,1,1,0,0,0,0,0,16,0,0,6,5,0,6,6,4,4,3,0,1,0,0,0,0,0,0,0,7,1,1,0,0,0,0,1,2,1,1,KRBKRNvK,DRAW,8/6kn/7R/8/8/8/8/3r1KB1 w - - 0 1
0,1,0,0,0,0,0,1,-1,1,0,1,1,1,0,0,0,0,0,16,0,0,2,5,1,6,3,3,2,22,21,0,0,0,0,0,0,0,0,7,1,1,0,0,0,0,2,0,0,1,KRBKRNvK,DRAW,2r5/8/8/8/6k1/8/5K2/4RBn1 b - - 0 1
0,1,0,0,0,0,0,1,-1,1,0,1,1,1,0,0,0,0,0,16,0,0,3,3,1,0,4,2,3,2,0,1,0,0,0,0,0,0,0,7,1,1,0,0,0,0,1,1,2,1,KRBKRNvK,DRAW,7r/B7/8/k7/5n2/R7/3K4/8 b - - 0 1
0,1,0,0,0,0,0,1,-1,1,0,1,1,1,0,0,0,0,0,16,0,0,4,7,2,3,3,4,0,21,22,0,0,0,0,0,0,0,0,7,1,1,0,0,0,0,1,4,1,0,KRBKRNvK,DRAW,8/3n4/8/8/3k4/7K/R1B5/3r4 b - - 0 1
0,1,0,0,0,0,0,1,-1,1,0,1,1,1,0,0,0,0,0,16,0,0,6,1,4,7,1,2,5,20,27,0,0,0,0,0,0,0,0,7,1,1,0,0,0,0,3,2,0,0,KRBKRNvK,DRAW,B7/8/8/1K3R2/8/4r3/7k/3n4 b - - 0 1
0,1,0,0,0,0,0,1,-1,1,0,1,1,1,0,0,0,0,0,16,0,0,4,7,7,4,3,6,0,7,0,1,0,0,0,0,0,0,0,7,1,1,0,0,0,0,1,3,0,0,KRBKRNvK,DRAW,7K/8/8/2r5/4k3/8/7n/1BR5 b - - 0 1
1,1,0,0,0,0,0,1,-1,1,0,1,1,1,0,0,0,0,0,16,0,0,7,7,5,0,1,4,5,28,21,0,0,0,0,0,0,0,0,7,1,1,1,0,0,0,1,2,0,0,KRBKRNvK,DRAW,8/6R1/7K/8/5B2/n2r4/k7/8 w - - 0 1
0,1,0,0,0,0,0,1,-1,1,0,1,1,1,0,0,0,0,0,16,0,0,4,5,4,7,0,1,6,20,18,0,0,0,0,0,0,0,0,7,1,1,0,0,0,0,2,3,0,1,KRBKRNvK,DRAW,1B4R1/8/3r4/5K2/8/8/5n2/7k b - - 0 1
1,1,0,0,0,0,0,1,-1,1,0,1,1,1,0,0,0,0,0,16,0,0,5,4,6,1,1,2,4,25,22,0,0,0,0,0,0,0,0,7,1,1,0,0,0,0,0,2,0,0,KRBKRNvK,DRAW,1n6/4K3/8/8/3r4/5R2/1k6/5B2 w - - 0 1
0,1,0,0,0,0,0,1,-1,1,0,1,1,1,0,0,0,0,0,16,0,0,4,3,5,7,1,1,5,19,29,0,0,0,0,0,0,0,0,7,1,1,0,0,0,0,4,0,1,0,KRBKRNvK,DRAW,7B/8/3K4/8/6R1/r7/7k/6n1 b - - 0 1
1,1,0,0,0,0,0,1,-1,1,0,1,1,1,0,0,0,0,0,16,0,0,4,3,7,1,3,3,2,26,22,0,0,0,0,0,0,0,0,7,1,1,1,0,0,0,2,0,0,0,KRBKRNvK,DRAW,3K4/7R/8/8/1k6/2r5/n5B1/8 w - - 0 1
0,1,0,0,0,0,0,1,-1,1,0,1,1,1,0,0,0,0,0,16,0,0,3,0,3,0,6,3,5,24,26,0,0,0,0,0,0,0,0,7,1,1,0,0,0,0,2,1,0,1,KRBKRNvK,DRAW,8/k7/7r/8/K1B5/8/2nR4/8 b - - 0 1
1,1,0,0,0,0,0,1,-1,1,0,1,1,1,0,0,0,0,0,16,0,0,7,7,7,2,0,6,4,2,0,1,0,0,0,0,0,0,0,7,1,1,0,0,0,0,2,2,1,0,KRBKRNvK,DRAW,7K/8/1n6/7r/8/4R3/7B/2k5 w - - 0 1
0,1,0,0,0,0,0,1,-1,1,0,1,1,1,0,0,0,0,0,16,0,0,2,2,5,1,3,2,2,5,0,1,0,0,0,0,0,0,0,7,1,1,0,0,0,0,1,1,0,0,KRBKRNvK,DRAW,1R6/7r/2K5/8/1k6/8/3n4/2B5 b - - 0 1
0,1,0,0,0,0,0,1,-1,1,0,1,1,1,0,0,0,0,0,16,0,0,6,1,2,7,3,3,3,27,13,0,0,0,0,0,0,0,0,7,1,1,0,0,0,0,0,0,0,1,KRBKRNvK,DRAW,7B/6r1/8/3n4/7k/RK6/8/8 b - - 0 1
0,1,0,0,0,0,0,1,-1,1,0,1,1,1,0,0,0,0,0,16,0,0,2,4,0,4,2,3,1,2,0,1,0,0,0,0,0,0,0,7,1,1,0,0,0,0,2,2,1,0,KRBKRNvK,DRAW,1n6/8/r4B2/8/8/4k1R1/8/4K3 b - - 0 1
0,1,0,0,0,0,0,1,-1,1,0,1,1,1,0,0,0,0,0,16,0,0,4,7,5,5,1,4,3,28,21,0,0,0,0,0,0,0,0,7,1,1,0,0,0,0,2,1,0,0,KRBKRNvK,DRAW,3R1B2/8/7K/8/1n6/2r5/5k2/8 b - - 0 1
0,1,0,0,0,0,0,1,-1,1,0,1,1,1,0,0,0,0,0,16,0,0,5,7,6,2,3,5,1,24,24,0,0,0,0,0,0,0,0,7,1,1,1,1,0,0,0,2,0,0,KRBKRNvK,DRAW,8/5R1K/7B/8/2k5/8/r6n/8 b - - 0 1
0,1,0,0,0,0,0,1,-1,1,0,1,1,1,0,0,0,0,0,16,0,0,4,5,1,1,0,3,5,19,17,0,0,0,0,0,0,0,0,7,1,1,0,0,0,0,1,3,0,1,KRBKRNvK,DRAW,RB6/8/8/8/8/8/2n2K2/1k2r3 b - - 0 1
1,1,0,0,0,0,0,1,-1,1,0,1,1,1,0,0,0,0,0,16,0,0,3,5,1,3,4,3,0,28,27,0,0,0,0,0,0,0,0,7,1,1,0,0,0,0,1,3,1,0,KRBKRNvK,DRAW,8/7r/1Bn5/3k4/8/8/5K2/6R1 w - - 0 1
1,1,0,0,0,0,0,1,-1,1,0,1,1,1,0,0,0,0,0,16,0,0,7,5,0,2,7,4,4,3,0,1,0,0,0,0,0,0,0,7,1,1,0,0,0,0,2,2,0,1,KRBKRNvK,DRAW,2k5/8/8/8/7R/8/1n3B2/3r1K2 w - - 0 1
0,1,0,0,0,0,0,1,-1,1,0,1,1,1,0,0,0,0,0,16,0,0,6,0,7,6,1,6,4,4,0,1,0,0,0,0,0,0,0,7,1,1,0,0,0,0,0,1,1,0,KRBKRNvK,DRAW,K7/5r2/7R/6n1/8/8/6k1/7B b - - 0 1
0,1,0,0,0,0,0,1,-1,1,0,1,1,1,0,0,0,0,0,16,0,0,4,1,3,5,3,2,1,22,22,0,0,0,0,0,0,0,0,7,1,1,0,0,0,0,2,3,0,1,KRBKRNvK,DRAW,8/8/8/2r5/1K3k2/7n/8/4RB2 b - - 0 1
1,1,0,0,0,0,0,1,-1,1,0,1,1,1,0,0,0,0,0,16,0,0,4,3,0,1,4,3,2,2,0,1,0,0,0,0,0,0,0,7,1,1,0,0,0,0,2,1,2,1,KRBKRNvK,DRAW,8/8/1B1R4/1k6/8/4n3/8/r2K4 w - - 0 1
0,1,0,0,0,0,0,1,-1,1,0,1,1,1,0,0,0,0,0,16,0,0,3,1,6,4,4,4,0,22,25,0,0,0,0,0,0,0,0,7,1,1,0,0,0,0,0,3,1,0,KRBKRNvK,DRAW,5B2/1K6/8/4k3/2r5/5R2/8/3n4 b - - 0 1
0,1,0,0,0,0,0,1,-1,1,0,1,1,1,0,0,0,0,0,16,0,0,4,3,5,2,1,1,3,7,0,1,0,0,0,0,0,0,0,7,1,1,0,0,0,0,2,1,0,1,KRBKRNvK,DRAW,2R5/4B2r/3K4/8/1n6/8/2k5/8 b - - 0 1
1,1,0,0,0,0,0,1,-1,1,0,1,1,1,0,0,0,0,0,16,0,0,2,2,5,4,3,2,0,18,16,0,0,0,0,0,0,0,0,7,1,1,0,0,0,0,2,4,0,2,KRBKRNvK,DRAW,n7/2B5/1RK5/8/3rk3/8/8/8 w - - 0 1
0,1,0,0,0,0,0,1,-1,1,0,1,1,1,0,0,0,0,0,16,0,0,4,5,7,5,3,4,1,3,0,1,0,0,0,0,0,0,0,7,1,1,0,0,0,0,2,2,1,0,KRBKRNvK,DRAW,1B3K2/8/4R3/6n1/5k2/8/8/6r1 b - - 0 1
1,1,0,0,0,0,0,1,-1,1,0,1,1,1,0,0,0,0,0,16,0,0,3,3,3,0,6,0,5,4,0,1,0,0,0,0,0,0,0,7,1,1,0,1,0,0,4,2,0,1,KRBKRNvK,DRAW,8/k7/3RB3/8/3K2n1/8/3r4/8 w - - 0 1
0,1,0,0,0,0,0,1,-1,1,0,1,1,1,0,0,0,0,0,16,0,0,5,6,6,3,1,4,2,23,28,0,0,0,0,0,0,0,0,7,1,1,0,0,0,0,0,2,0,0,KRBKRNvK,DRAW,8/6K1/BR6/2r5/8/8/3k4/4n3 b - - 0 1
0,1,0,0,0,0,0,1,-1,1,0,1,1,1,0,0,0,0,0,16,0,0,5,6,1,4,6,4,2,21,25,0,0,0,0,0,0,0,0,7,1,1,0,0,0,0,2,2,0,1,KRBKRNvK,DRAW,B7/4k3/7R/4r3/8/8/6K1/5n2 b - - 0 1
0,1,0,0,0,0,0,1,-1,1,0,1,1,1,0,0,0,0,0,16,0,0,2,7,5,6,7,4,5,18,19,0,0,0,0,0,0,0,0,7,1,1,0,0,0,0,1,1,0,2,KRBKRNvK,DRAW,5rk1/2B5/2R4K/8/5n2/8/8/8 b - - 0 1
0,1,0,0,0,0,0,1,-1,1,0,1,1,1,0,0,0,0,0,16,0,0,6,6,6,1,0,4,5,21,26,0,0,0,0,0,0,0,0,7,1,1,0,0,0,0,2,1,0,1,KRBKRNvK,DRAW,8/6K1/3RB1n1/8/8/6r1/8/1k6 b - - 0 1
1,1,0,0,0,0,0,1,-1,1,0,1,1,1,0,0,0,0,0,16,0,0,5,2,0,4,5,4,1,27,23,0,0,0,0,0,0,0,0,7,1,1,0,0,0,0,2,2,1,0,KRBKRNvK,DRAW,8/8/4k3/n6r/4B3/8/4R3/2K5 w - - 0 1
1,1,0,0,0,0,0,1,-1,1,0,1,1,1,0,0,0,0,0,16,0,0,6,1,4,7,2,2,4,30,19,0,0,0,0,0,0,0,0,7,1,1,0,0,0,0,3,0,1,1,KRBKRNvK,DRAW,8/8/3R4/1K6/8/r4B1k/8/4n3 w - - 0 1
0,1,0,0,0,0,0,1,-1,1,0,1,1,1,0,0,0,0,0,16,0,0,5,5,7,7,2,4,4,4,0,1,0,0,0,0,0,0,0,7,1,1,0,0,0,0,2,3,0,0,KRBKRNvK,DRAW,5K2/8/8/1n4r1/4B3/4R2k/8/8 b - - 0 1
1,1,0,0,0,0,0,1,-1,1,0,1,1,1,0,0,0,0,0,16,0,0,3,2,2,5,1,2,3,24,23,0,0,0,0,0,0,0,0,7,1,1,0,0,0,0,2,0,0,0,KRBKRNvK,DRAW,2R5/2B5/5r2/8/7n/2K5/5k2/8 w - - 0 1
0,1,0,0,0,0,0,1,-1,1,0,1,1,1,0,0,0,0,0,16,0,0,3,4,5,1,6,1,4,7,0,1,0,0,0,0,0,0,0,7,1,1,0,0,0,0,2,2,0,2,KRBKRNvK,LOSS,8/1k2n3/4K3/2r5/8/B7/1R6/8 b - - 0 1
1,1,0,0,0,0,0,1,-1,1,0,1,1,1,0,0,0,0,0,16,0,0,2,5,7,5,5,4,2,25,21,0,0,0,0,0,0,0,0,7,1,1,0,0,0,0,2,1,1,0,KRBKRNvK,DRAW,5K2/1n6/3B1k2/8/8/4R3/8/6r1 w - - 0 1
0,1,0,0,0,0,0,1,-1,1,0,1,1,1,0,0,0,0,0,16,0,0,6,7,1,3,7,5,3,19,26,0,0,0,0,0,0,0,0,7,1,1,0,0,0,0,0,0,1,0,KRBKRNvK,DRAW,2nk4/2r5/5R2/7B/8/8/7K/8 b - - 0 1
0,1,0,0,0,0,0,1,-1,1,0,1,1,1,0,0,0,0,0,16,0,0,2,3,5,1,6,1,4,23,24,0,0,0,0,0,0,0,0,7,1,1,0,0,0,0,4,1,0,0,KRBKRNvK,DRAW,8/1k6/3K4/8/2R5/8/4n2B/1r6 b - - 0 1
0,1,0,0,0,0,0,1,-1,1,0,1,1,1,0,0,0,0,0,16,0,0,4,2,2,5,6,2,3,7,0,1,0,0,0,0,0,0,0,7,1,1,0,0,0,0,3,2,0,0,KRBKRNvK,DRAW,8/3r1k2/8/R6n/2B5/2K5/8/8 b - - 0 1
0,1,0,0,0,0,0,1,-1,1,0,1,1,1,0,0,0,0,0,16,0,0,2,5,4,5,6,1,3,25,24,0,0,0,0,0,0,0,0,7,1,1,0,0,0,0,4,1,0,1,KRBKRNvK,DRAW,8/3n1k2/2r5/5K2/8/3R4/7B/8 b - - 0 1
0,1,0,0,0,0,0,1,-1,1,0,1,1,1,0,0,0,0,0,16,0,0,3,2,4,3,1,1,2,7,0,1,0,0,0,0,0,0,0,7,1,1,1,0,0,0,2,3,0,1,KRBKRNvK,DRAW,8/3R4/8/2K5/5n2/4r1B1/3k4/8 b - - 0 1
0,1,0,0,0,0,0,1,-1,1,0,1,1,1,0,0,0,0,0,16,0,0,7,4,7,7,0,3,6,22,22,0,0,0,0,0,0,0,0,7,1,1,0,0,0,0,0,3,0,0,KRBKRNvK,DRAW,4K3/1B6/2R5/7r/8/8/4n3/7k b - - 0 1
1,1,0,0,0,0,0,1,-1,1,0,1,1,1,0,0,0,0,0,16,0,0,5,2,4,7,2,1,4,15,18,0,0,0,0,0,0,0,0,7,1,1,0,0,0,0,2,0,0,0,KRBKRNvK,DRAW,7r/8/1B6/1RK5/8/7k/7n/8 w - - 0 1
0,1,0,0,0,0,0,1,-1,1,0,1,1,1,0,0,0,0,0,16,0,0,7,0,2,7,2,4,4,4,0,1,0,0,0,0,0,0,0,7,1,1,1,0,0,0,1,2,0,0,KRBKRNvK,DRAW,8/n1B4R/8/8/5r2/K6k/8/8 b - - 0 1
0,1,0,0,0,0,0,1,-1,1,0,1,1,1,0,0,0,0,0,16,0,0,2,6,2,4,3,3,0,2,0,1,0,0,0,0,0,0,0,7,1,1,0,0,0,0,3,3,1,1,KRBKRNvK,LOSS,3R3r/8/8/8/4k2n/6K1/2B5/8 b - - 0 1
1,1,0,0,0,0,0,1,-1,1,0,1,1,1,0,0,0,0,0,16,0,0,7,7,1,0,5,5,4,23,22,0,0,0,0,0,0,0,0,7,1,1,1,0,0,0,0,3,0,1,KRBKRNvK,DRAW,3B4/5R2/k7/8/6r1/4n3/7K/8 w - - 0 1
1,1,0,0,0,0,0,1,-1,1,0,1,1,1,0,0,0,0,0,16,0,0,2,0,1,0,3,5,3,3,0,1,0,0,0,0,0,0,0,7,1,1,0,0,0,0,2,1,0,1,KRBKRNvK,DRAW,1r6/8/8/5R1B/kn6/8/K7/8 w - - 0 1
0,1,0,0,0,0,0,1,-1,1,0,1,1,1,0,0,0,0,0,16,0,0,5,5,6,0,4,3,3,22,27,0,0,0,0,0,0,0,0,7,1,1,0,0,0,0,2,2,1,1,KRBKRNvK,DRAW,4r3/1B3K2/8/k7/8/6Rn/8/8 b - - 0 1
0,1,0,0,0,0,0,1,-1,1,0,1,1,1,0,0,0,0,0,16,0,0,2,2,2,1,4,2,2,3,0,1,0,0,0,0,0,0,0,7,1,1,0,0,0,0,3,1,1,1,KRBKRNvK,DRAW,8/8/8/rk4n1/1R6/2K3B1/8/8 b - - 0 1
0,1,0,0,0,0,0,1,-1,1,0,1,1,1,0,0,0,0,0,16,0,0,3,7,3,4,0,3,3,2,0,1,0,0,0,0,0,0,0,7,1,1,0,0,0,0,0,2,0,1,KRBKRNvK,DRAW,8/8/8/6rB/4n2K/8/8/R3k3 b - - 0 1
1,1,0,0,0,0,0,1,-1,1,0,1,1,1,0,0,0,0,0,16,0,0,2,1,5,1,3,3,2,1,0,1,0,0,0,0,0,0,0,7,1,1,0,0,0,0,1,0,0,2,KRBKRNvK,DRAW,3n4/1r6/1K2B3/8/1k6/8/8/5R2 w - - 0 1
0,1,0,0,0,0,0,1,-1,1,0,1,1,1,0,0,0,0,0,16,0,0,3,0,5,3,7,4,3,6,0,1,0,0,0,0,0,0,0,7,1,1,1,1,0,0,0,2,0,0,KRBKRNvK,DRAW,3k4/5n1R/K7/8/7B/8/4r3/8 b - - 0 1
1,1,0,0,0,0,0,1,-1,1,0,1,1,1,0,0,0,0,0,16,0,0,4,5,7,5,3,4,1,3,0,1,0,0,0,0,0,0,0,7,1,1,0,0,0,0,1,3,1,0,KRBKRNvK,DRAW,2r2KR1/2n5/8/8/5k2/8/5B2/8 w - - 0 1
1,1,0,0,0,0,0,1,-1,1,0,1,1,1,0,0,0,0,0,16,0,0,6,6,0,5,6,5,3,4,0,1,0,0,0,0,0,0,0,7,1,1,0,0,0,0,3,0,1,1,KRBKRNvK,DRAW,7n/5k2/8/1R3B2/8/6r1/8/6K1 w - - 0 1
1,1,0,0,0,0,0,1,-1,1,0,1,1,1,0,0,0,0,0,16,0,0,2,6,5,6,7,3,5,22,20,0,0,0,0,0,0,0,0,7,1,1,0,0,0,0,3,0,0,0,KRBKRNvK,WIN,6k1/r7/3R2K1/8/8/8/6n1/1B6 w - - 0 1
1,1,0,0,0,0,0,1,-1,1,0,1,1,1,0,0,0,0,0,16,0,0,4,3,4,5,0,0,4,27,18,0,0,0,0,0,0,0,0,7,1,1,0,1,0,0,3,1,2,1,KRBKRNvK,DRAW,8/5n2/8/3K4/8/6R1/5r2/3B1k2 w - - 0 1
0,1,0,0,0,0,0,1,-1,1,0,1,1,1,0,0,0,0,0,16,0,0,2,3,2,2,0,1,4,21,20,0,0,0,0,0,0,0,0,7,1,1,1,0,0,0,3,2,0,0,KRBKRNvK,DRAW,3B4/3R4/8/8/r7/3K3n/8/2k5 b - - 0 1
0,1,0,0,0,0,0,1,-1,1,0,1,1,1,0,0,0,0,0,16,0,0,6,0,5,6,5,4,3,19,25,0,0,0,0,0,0,0,0,7,1,1,0,0,0,0,0,0,1,1,KRBKRNvK,DRAW,2r3n1/8/K5k1/8/6B1/5R2/8/8 b - - 0 1
0,1,0,0,0,0,0,1,-1,1,0,1,1,1,0,0,0,0,0,16,0,0,6,2,6,1,0,3,5,22,25,0,0,0,0,0,0,0,0,7,1,1,0,0,0,0,1,3,0,0,KRBKRNvK,DRAW,6R1/2K5/8/8/5B2/6n1/8/1k1r4 b - - 0 1
1,1,0,0,0,0,0,1,-1,1,0,1,1,1,0,0,0,0,0,16,0,0,7,7,5,0,3,4,3,5,0,1,0,0,0,0,0,0,0,7,1,1,0,0,0,0,3,1,0,0,KRBKRNvK,DRAW,8/8/1r5K/6R1/k7/5B2/4n3/8 w - - 0 1
1,1,0,0,0,0,0,1,-1,1,0,1,1,1,0,0,0,0,0,16,0,0,2,4,4,3,6,0,2,4,0,1,0,0,0,0,0,0,0,7,1,1,0,0,0,0,3,2,0,1,KRBKRNvK,DRAW,7n/3k4/8/2r1K3/8/8/8/1RB5 w - - 0 1
1,1,0,0,0,0,0,1,-1,1,0,1,1,1,0,0,0,0,0,16,0,0,2,3,4,4,2,0,1,4,0,1,0,0,0,0,0,0,0,7,1,1,0,0,0,0,4,3,0,1,KRBKRNvK,DRAW,5r2/8/2R1Bn2/3K4/8/4k3/8/8 w - - 0 1
0,1,0,0,0,0,0,1,-1,1,0,1,1,1,0,0,0,0,0,16,0,0,2,0,4,2,4,3,1,4,0,1,0,0,0,0,0,0,0,7,1,1,1,0,0,0,0,3,1,1,KRBKRNvK,DRAW,8/4B2R/8/K1k5/6n1/2r5/8/8 b - - 0 1
0,1,0,0,0,0,0,1,-1,1,0,1,1,1,0,0,0,0,0,16,0,0,7,0,3,7,4,3,3,4,0,1,0,0,0,0,0,0,0,7,1,1,0,0,0,0,3,2,1,1,KRBKRNvK,DRAW,8/4n3/8/2r4k/K7/5B2/3R4/8 b - - 0 1
1,1,0,0,0,0,0,1,-1,1,0,1,1,1,0,0,0,0,0,16,0,0,6,2,6,6,0,3,5,27,21,0,0,0,0,0,0,0,0,7,1,1,0,0,0,0,2,2,0,1,KRBKRNvK,DRAW,4r3/2K5/5R2/7n/8/2B5/8/6k1 w - - 0 1
0,1,0,0,0,0,0,1,-1,1,0,1,1,1,0,0,0,0,0,16,0,0,4,6,5,2,4,3,1,20,23,0,0,0,0,0,0,0,0,7,1,1,0,0,0,0,0,2,0,1,KRBKRNvK,DRAW,r5n1/8/6K1/2k5/8/8/8/1R2B3 b - - 0 1
1,1,0,0,0,0,0,1,-1,1,0,1,1,1,0,0,0,0,0,16,0,0,2,2,1,1,3,3,2,26,22,0,0,0,0,0,0,0,0,7,1,1,1,0,0,0,0,0,0,1,KRBKRNvK,DRAW,2nB4/5R2/8/8/1k6/r7/2K5/8 w - - 0 1
0,1,0,0,0,0,0,1,-1,1,0,1,1,1,0,0,0,0,0,16,0,0,5,5,7,7,2,4,4,22,20,0,0,0,0,0,0,0,0,7,1,1,1,0,0,0,0,3,0,0,KRBKRNvK,DRAW,5K2/1R6/8/2r3n1/1B6/7k/8/8 b - - 0 1
0,1,0,0,0,0,0,1,-1,1,0,1,1,1,0,0,0,0,0,16,0,0,2,2,7,0,5,4,4,3,0,1,0,0,0,0,0,0,0,7,1,1,0,0,0,0,2,3,1,1,KRBKRNvK,DRAW,2K5/4r3/k7/8/2BR4/5n2/8/8 b - - 0 1
0,1,0,0,0,0,0,1,-1,1,0,1,1,1,0,0,0,0,0,16,0,0,2,6,1,4,2,4,1,23,25,0,0,0,0,0,0,0,0,7,1,1,1,0,0,0,0,3,0,1,KRBKRNvK,DRAW,8/7R/3r4/8/B7/4k3/6K1/5n2 b - - 0 1
1,1,0,0,0,0,0,1,-1,1,0,1,1,1,0,0,0,0,0,16,0,0,6,1,2,7,4,3,3,32,20,0,0,0,0,0,0,0,0,7,1,1,0,0,0,0,2,1,0,0,KRBKRNvK,DRAW,8/8/2B2r2/7k/8/1K6/4n3/6R1 w - - 0 1
0,1,0,0,0,0,0,1,-1,1,0,1,1,1,0,0,0,0,0,16,0,0,6,6,2,0,6,3,5,20,30,0,0,0,0,0,0,0,0,7,1,1,0,0,0,0,3,0,0,0,KRBKRNvK,DRAW,4R3/k4B2/2r5/n7/8/6K1/8/8 b - - 0 1
0,1,0,0,0,0,0,1,-1,1,0,1,1,1,0,0,0,0,0,16,0,0,3,5,3,7,0,1,6,15,21,0,0,0,0,0,0,0,0,7,1,1,0,0,0,0,2,1,1,1,KRBKRNvK,DRAW,2R5/8/8/8/5Kn1/7B/8/6rk b - - 0 1
0,1,0,0,0,0,0,1,-1,1,0,1,1,1,0,0,0,0,0,16,0,0,4,1,2,4,6,3,2,27,18,0,0,0,0,0,0,0,0,7,1,1,0,0,0,0,0,1,0,2,KRBKRNvK,DRAW,8/4k3/8/8/8/1K1n3B/7R/2r5 b - - 0 1
0,1,0,0,0,0,0,1,-1,1,0,1,1,1,0,0,0,0,0,16,0,0,5,3,0,7,5,3,4,23,28,0,0,0,0,0,0,0,0,7,1,1,0,0,0,0,2,0,0,0,KRBKRNvK,DRAW,8/1n6/7k/3B4/2R5/6r1/8/3K4 b - - 0 1
0,1,0,0,0,0,0,1,-1,1,0,1,1,1,0,0,0,0,0,16,0,0,3,6,3,3,6,2,2,2,0,1,0,0,0,0,0,0,0,7,1,1,0,1,0,0,2,2,2,2,KRBKRNvK,LOSS,4R3/3k4/8/1B5n/6K1/8/4r3/8 b - - 0 1
1,1,0,0,0,0,0,1,-1,1,0,1,1,1,0,0,0,0,0,16,0,0,6,0,6,6,7,5,5,22,24,0,0,0,0,0,0,0,0,7,1,1,0,0,0,0,0,1,0,0,KRBKRNvK,DRAW,3B2k1/K7/6r1/8/8/R7/4n3/8 w - - 0 1
1,1,0,0,0,0,0,1,-1,1,0,1,1,1,0,0,0,0,0,16,0,0,2,2,0,0,1,4,5,22,21,0,0,0,0,0,0,0,0,7,1,1,0,0,0,0,0,2,0,0,KRBKRNvK,DRAW,7R/8/n7/B7/3r4/8/k7/2K5 w - - 0 1
1,1,0,0,0,0,0,1,-1,1,0,1,1,1,0,0,0,0,0,16,0,0,5,2,7,7,6,4,5,18,23,0,0,0,0,0,0,0,0,7,1,1,0,0,0,0,1,2,0,0,KRBKRNvK,DRAW,R1K5/7k/8/7n/8/8/7B/3r4 w - - 0 1
0,1,0,0,0,0,0,1,-1,1,0,1,1,1,0,0,0,0,0,16,0,0,2,2,2,4,0,2,3,21,22,0,0,0,0,0,0,0,0,7,1,1,0,0,0,0,2,0,0,0,KRBKRNvK,DRAW,3Rn3/1r6/8/8/B7/2K5/8/4k3 b - - 0 1
0,1,0,0,0,0,0,1,-1,1,0,1,1,1,0,0,0,0,0,16,0,0,4,1,3,5,7,2,4,19,24,0,0,0,0,0,0,0,0,7,1,1,0,0,0,0,3,0,0,0,KRBKRNvK,DRAW,5k1n/8/8/8/1K5R/6r1/B7/8 b - - 0 1
1,1,0,0,0,0,0,1,-1,1,0,1,1,1,0,0,0,0,0,16,0,0,3,4,7,7,5,3,4,3,0,1,0,0,0,0,0,0,0,7,1,1,0,0,0,0,0,1,0,0,KRBKRNvK,DRAW,4K2r/8/7k/B7/1n6/8/8/1R6 w - - 0 1
1,1,0,0,0,0,0,1,-1,1,0,1,1,1,0,0,0,0,0,16,0,0,5,5,1,2,6,3,3,6,0,1,0,0,0,0,0,0,0,7,1,1,0,0,0,0,0,2,1,0,KRBKRNvK,DRAW,8/1nk1B3/7R/5r2/8/8/5K2/8 w - - 0 1
1,1,0,0,0,0,0,1,-1,1,0,1,1,1,0,0,0,0,0,16,0,0,2,1,0,0,2,5,4,28,23,0,0,0,0,0,0,0,0,7,1,1,0,0,0,0,3,2,1,0,KRBKRNvK,DRAW,8/8/5Bn1/2R5/4r3/k7/8/1K6 w - - 0 1
0,1,0,0,0,0,0,1,-1,1,0,1,1,1,0,0,0,0,0,16,0,0,2,6,3,7,1,2,5,12,22,0,0,0,0,0,0,0,0,7,1,1,0,0,0,0,3,1,0,1,KRBKRNvK,DRAW,8/2B5/8/8/1R3nK1/8/7k/5r2 b - - 0 1
0,1,0,0,0,0,0,1,-1,1,0,1,1,1,0,0,0,0,0,16,0,0,3,0,6,0,3,5,3,20,24,0,0,0,0,0,0,0,0,7,1,1,0,0,0,0,4,2,0,0,KRBKRNvK,DRAW,8/K7/8/3R4/k7/4r3/n5B1/8 b - - 0 1
1,1,0,0,0,0,0,1,-1,1,0,1,1,1,0,0,0,0,0,16,0,0,4,4,1,7,5,2,4,6,0,1,0,0,0,0,0,0,0,7,1,1,1,0,0,0,3,2,0,1,KRBKRNvK,DRAW,8/2BR4/4r2k/8/6n1/8/4K3/8 w - - 0 1
1,1,0,0,0,0,0,1,-1,1,0,1,1,1,0,0,0,0,0,16,0,0,2,7,4,5,3,3,1,24,21,0,0,0,0,0,0,0,0,7,1,1,1,0,0,0,2,2,0,1,KRBKRNvK,DRAW,8/R5B1/8/7K/5k2/1r5n/8/8 w - - 0 1
1,1,0,0,0,0,0,1,-1,1,0,1,1,1,0,0,0,0,0,16,0,0,3,1,6,2,3,4,1,26,20,0,0,0,0,0,0,0,0,7,1,1,0,0,0,0,3,2,0,0,KRBKRNvK,DRAW,6n1/1K4B1/8/6R1/2k5/r7/8/8 w - - 0 1
1,1,0,0,0,0,0,1,-1,1,0,1,1,1,0,0,0,0,0,16,0,0,6,6,1,6,7,4,5,25,19,0,0,0,0,0,0,0,0,7,1,1,1,0,0,0,2,0,0,0,KRBKRNvK,DRAW,6k1/1R6/8/8/8/r7/6K1/B2n4 w - - 0 1
1,1,0,0,0,0,0,1,-1,1,0,1,1,1,0,0,0,0,0,16,0,0,2,6,4,4,2,2,1,7,0,1,0,0,0,0,0,0,0,7,1,1,0,1,0,0,1,2,1,1,KRBKRNvK,DRAW,8/8/3B4/6K1/8/4k2n/r7/2R5 w - - 0 1
0,1,0,0,0,0,0,1,-1,1,0,1,1,1,0,0,0,0,0,16,0,0,5,3,5,5,0,1,4,15,29,0,0,0,0,0,0,0,0,7,1,1,0,0,0,0,3,0,0,0,KRBKRNvK,DRAW,3B4/8/3K4/8/4R3/8/8/3n1k1r b - - 0 1
1,1,0,0,0,0,0,1,-1,1,0,1,1,1,0,0,0,0,0,16,0,0,7,7,5,0,6,4,5,26,21,0,0,0,0,0,0,0,0,7,1,1,0,0,0,0,0,2,1,0,KRBKRNvK,DRAW,2B5/k7/7K/8/n7/3r4/6R1/8 w - - 0 1
1,1,0,0,0,0,0,1,-1,1,0,1,1,1,0,0,0,0,0,16,0,0,5,2,0,7,4,4,3,23,18,0,0,0,0,0,0,0,0,7,1,1,0,0,0,0,2,3,0,0,KRBKRNvK,DRAW,8/2B2n2/3R4/7k/7r/8/8/2K5 w - - 0 1
1,1,0,0,0,0,0,1,-1,1,0,1,1,1,0,0,0,0,0,16,0,0,3,4,4,1,5,0,3,22,27,0,0,0,0,0,0,0,0,7,1,1,0,0,0,0,4,1,0,1,KRBKRNvK,DRAW,5r2/2n5/1k6/4K3/8/6R1/1B6/8 w - - 0 1
0,1,0,0,0,0,0,1,-1,1,0,1,1,1,0,0,0,0,0,16,0,0,3,3,2,5,5,1,2,4,0,1,0,0,0,0,0,0,0,7,1,1,0,1,0,0,3,1,0,1,KRBKRNvK,DRAW,8/8/5k2/8/8/2BKR2n/5r2/8 b - - 0 1
0,1,0,0,0,0,0,1,-1,1,0,1,1,1,0,0,0,0,0,16,0,0,2,5,4,7,5,1,4,2,0,1,0,0,0,0,0,0,0,7,1,1,0,1,0,0,3,0,0,0,KRBKRNvK,LOSS,4n3/8/7k/5K2/4B3/8/2r5/7R b - - 0 1
0,1,0,0,0,0,0,1,-1,1,0,1,1,1,0,0,0,0,0,16,0,0,5,2,7,7,3,4,3,4,0,1,0,0,0,0,0,0,0,7,1,1,0,0,0,0,2,1,0,1,KRBKRNvK,DRAW,2K5/4B3/1r6/4R3/5n1k/8/8/8 b - - 0 1
0,1,0,0,0,0,0,1,-1,1,0,1,1,1,0,0,0,0,0,16,0,0,3,5,2,2,3,2,1,6,0,1,0,0,0,0,0,0,0,7,1,1,0,0,0,0,1,4,1,0,KRBKRNvK,DRAW,8/4r3/6n1/8/R1k5/5K2/8/7B b - - 0 1
0,1,0,0,0,0,0,1,-1,1,0,1,1,1,0,0,0,0,0,16,0,0,4,0,4,4,5,3,1,24,24,0,0,0,0,0,0,0,0,7,1,1,0,0,0,0,0,4,0,1,KRBKRNvK,DRAW,8/8/1n2k3/KB6/6r1/8/8/5R2 b - - 0 1
0,1,0,0,0,0,0,1,-1,1,0,1,1,1,0,0,0,0,0,16,0,0,4,2,3,6,4,1,2,22,16,0,0,0,0,0,0,0,0,7,1,1,0,1,0,0,2,0,0,2,KRBKRNvK,DRAW,8/1B6/8/2Rn2k1/2K5/8/r7/8 b - - 0 1
0,1,0,0,0,0,0,1,-1,1,0,1,1,1,0,0,0,0,0,16,0,0,4,0,2,4,3,4,0,19,22,0,0,0,0,0,0,0,0,7,1,1,0,0,0,0,0,4,0,0,KRBKRNvK,DRAW,2R1Bn2/8/8/8/4kr2/K7/8/8 b - - 0 1
1,1,0,0,0,0,0,1,-1,1,0,1,1,1,0,0,0,0,0,16,0,0,5,4,7,1,2,3,3,21,22,0,0,0,0,0,0,0,0,7,1,1,0,0,0,0,0,2,1,0,KRBKRNvK,DRAW,4K3/1n6/R7/8/3r4/Bk6/8/8 w - - 0 1
1,1,0,0,0,0,0,1,-1,1,0,1,1,1,0,0,0,0,0,16,0,0,4,2,7,2,3,4,1,22,22,0,0,0,0,0,0,0,0,7,1,1,1,0,0,0,0,4,0,0,KRBKRNvK,DRAW,2K5/3B3R/8/8/2k5/8/8/2n1r3 w - - 0 1
1,1,0,0,0,0,0,1,-1,1,0,1,1,1,0,0,0,0,0,16,0,0,3,0,2,3,1,4,2,4,0,1,0,0,0,0,0,0,0,7,1,1,0,0,0,0,3,2,0,1,KRBKRNvK,DRAW,8/6B1/8/1R5r/2n5/K7/3k4/8 w - - 0 1
1,1,0,0,0,0,0,1,-1,1,0,1,1,1,0,0,0,0,0,16,0,0,4,7,0,7,4,6,3,23,14,0,0,0,0,0,0,0,0,7,1,1,0,1,0,0,2,0,0,0,KRBKRNvK,DRAW,8/8/n7/7k/8/8/r1B1R3/7K w - - 0 1
0,1,0,0,0,0,0,1,-1,1,0,1,1,1,0,0,0,0,0,16,0,0,4,7,5,3,1,4,2,25,26,0,0,0,0,0,0,0,0,7,1,1,0,0,0,0,0,2,0,0,KRBKRNvK,DRAW,5R2/3B4/7K/4r3/8/8/3k4/6n1 b - - 0 1
0,1,0,0,0,0,0,1,-1,1,0,1,1,1,0,0,0,0,0,16,0,0,2,2,6,4,5,3,1,4,0,1,0,0,0,0,0,0,0,7,1,1,0,0,0,0,2,3,0,1,KRBKRNvK,LOSS,8/2K5/Br2k3/8/8/1n6/8/4R3 b - - 0 1
0,1,0,0,0,0,0,1,-1,1,0,1,1,1,0,0,0,0,0,16,0,0,5,5,6,7,1,3,5,20,17,0,0,0,0,0,0,0,0,7,1,1,0,0,0,0,2,2,0,2,KRBKRNvK,DRAW,6B1/5K2/8/4r2n/8/3R4/7k/8 b - - 0 1
0,1,0,0,0,0,0,1,-1,1,0,1,1,1,0,0,0,0,0,16,0,0,3,4,3,4,0,0,3,2,0,1,0,0,0,0,0,0,0,7,1,1,0,0,0,0,3,1,0,1,KRBKRNvK,DRAW,8/2r5/8/8/1B2K3/8/2n5/1R2k3 b - - 0 1
0,1,0,0,0,0,0,1,-1,1,0,1,1,1,0,0,0,0,0,16,0,0,5,0,2,5,7,4,4,20,21,0,0,0,0,0,0,0,0,7,1,1,0,0,0,0,1,0,1,0,KRBKRNvK,DRAW,5kr1/7B/8/8/4n3/K7/8/7R b - - 0 1
0,1,0,0,0,0,0,1,-1,1,0,1,1,1,0,0,0,0,0,16,0,0,2,6,4,4,2,2,1,3,0,1,0,0,0,0,0,0,0,7,1,1,0,0,0,0,1,3,1,0,KRBKRNvK,LOSS,r7/8/8/2B3K1/2n5/4k3/R7/8 b - - 0 1
1,1,0,0,0,0,0,1,-1,1,0,1,1,1,0,0,0,0,0,16,0,0,3,2,6,3,3,3,0,8,0,1,0,0,0,0,0,0,0,7,1,1,0,0,0,0,2,3,0,0,KRBKRNvK,DRAW,4R3/2K3r1/6n1/8/3k4/7B/8/8 w - - 0 1
0,1,0,0,0,0,0,1,-1,1,0,1,1,1,0,0,0,0,0,16,0,0,3,6,2,3,5,3,1,5,0,1,0,0,0,0,0,0,0,7,1,1,0,0,0,0,2,3,0,0,KRBKRNvK,DRAW,8/6B1/1r1k3R/8/8/2n3K1/8/8 b - - 0 1
0,1,0,0,0,0,0,1,-1,1,0,1,1,1,0,0,0,0,0,16,0,0,7,7,2,0,7,4,6,2,0,1,0,0,0,0,0,0,0,7,1,1,0,0,0,0,1,0,1,1,KRBKRNvK,DRAW,k1R5/6r1/8/8/8/1B5K/8/7n b - - 0 1
1,1,0,0,0,0,0,1,-1,1,0,1,1,1,0,0,0,0,0,16,0,0,4,5,2,5,6,2,3,25,23,0,0,0,0,0,0,0,0,7,1,1,0,0,0,0,1,3,0,1,KRBKRNvK,DRAW,8/4rk2/8/B7/8/4nK2/1R6/8 w - - 0 1
0,1,0,0,0,0,0,1,-1,1,0,1,1,1,0,0,0,0,0,16,0,0,4,3,0,7,3,3,3,25,27,0,0,0,0,0,0,0,0,7,1,1,1,0,0,0,3,1,0,0,KRBKRNvK,DRAW,5r2/4R3/8/1n6/7k/1B6/8/3K4 b - - 0 1
1,1,0,0,0,0,0,1,-1,1,0,1,1,1,0,0,0,0,0,16,0,0,4,6,2,2,3,3,1,5,0,1,0,0,0,0,0,0,0,7,1,1,0,0,0,0,1,3,0,1,KRBKRNvK,DRAW,8/8/8/n5r1/2k5/6K1/5B2/7R w - - 0 1
0,1,0,0,0,0,0,1,-1,1,0,1,1,1,0,0,0,0,0,16,0,0,2,0,7,2,7,6,4,18,20,0,0,0,0,0,0,0,0,7,1,1,0,0,0,0,1,0,0,0,KRBKRNvK,WIN,K1k5/7B/8/8/8/8/7R/1r5n b - - 0 1
1,1,0,0,0,0,0,1,-1,1,0,1,1,1,0,0,0,0,0,16,0,0,2,2,7,2,5,4,2,24,21,0,0,0,0,0,0,0,0,7,1,1,0,0,0,0,0,3,0,1,KRBKRNvK,DRAW,2K5/1n6/2k5/3r4/8/8/3B4/R7 w - - 0 1
0,1,0,0,0,0,0,1,-1,1,0,1,1,1,0,0,0,0,0,16,0,0,6,6,7,0,4,5,3,27,22,0,0,0,0,0,0,0,0,7,1,1,0,0,0,0,1,0,0,0,KRBKRNvK,DRAW,6K1/7B/8/k2n4/8/7R/8/2r5 b - - 0 1
1,1,0,0,0,0,0,1,-1,1,0,1,1,1,0,0,0,0,0,16,0,0,5,6,0,1,3,5,2,25,27,0,0,0,0,0,0,0,0,7,1,1,0,1,0,0,3,1,0,0,KRBKRNvK,DRAW,4R3/2n3B1/8/8/1k6/8/r7/6K1 w - - 0 1
0,1,0,0,0,0,0,1,-1,1,0,1,1,1,0,0,0,0,0,16,0,0,4,2,7,6,6,4,4,21,25,0,0,0,0,0,0,0,0,7,1,1,0,0,0,0,1,2,0,0,KRBKRNvK,DRAW,2K5/6k1/2R5/8/1r6/8/5B2/n7 b - - 0 1
1,1,0,0,0,0,0,1,-1,1,0,1,1,1,0,0,0,0,0,16,0,0,7,5,0,1,7,4,5,25,18,0,0,0,0,0,0,0,0,7,1,1,0,0,0,0,0,0,0,0,KRBKRNvK,DRAW,nk6/6r1/8/1B6/8/8/2R5/5K2 w - - 0 1
0,1,0,0,0,0,0,1,-1,1,0,1,1,1,0,0,0,0,0,16,0,0,4,2,0,6,0,4,5,23,27,0,0,0,0,0,0,0,0,7,1,1,0,0,0,0,2,1,1,1,KRBKRNvK,DRAW,7r/8/5B2/8/8/5R2/2n5/2K3k1 b - - 0 1
1,1,0,0,0,0,0,1,-1,1,0,1,1,1,0,0,0,0,0,16,0,0,6,7,4,1,5,3,3,3,0,1,0,0,0,0,0,0,0,7,1,1,0,0,0,0,3,0,1,0,KRBKRNvK,DRAW,8/8/1k6/2R4K/8/4B3/8/3n3r w - - 0 1
1,1,0,0,0,0,0,1,-1,1,0,1,1,1,0,0,0,0,0,16,0,0,4,3,5,7,7,1,6,22,25,0,0,0,0,0,0,0,0,7,1,1,0,1,0,0,2,2,0,0,KRBKRNvK,DRAW,7k/8/3K4/1R6/8/3n4/4r2B/8 w - - 0 1
1,1,0,0,0,0,0,1,-1,1,0,1,1,1,0,0,0,0,0,16,0,0,7,5,0,4,7,4,3,26,24,0,0,0,0,0,0,0,0,7,1,1,0,0,0,0,0,3,0,0,KRBKRNvK,DRAW,4k3/8/2n5/8/2r5/6R1/8/2B2K2 w - - 0 1
1,1,0,0,0,0,0,1,-1,1,0,1,1,1,0,0,0,0,0,16,0,0,4,2,5,0,1,2,5,31,20,0,0,0,0,0,0,0,0,7,1,1,0,0,0,0,1,2,0,1,KRBKRNvK,DRAW,4r3/6n1/2K5/8/6B1/8/k7/7R w - - 0 1
0,1,0,0,0,0,0,1,-1,1,0,1,1,1,0,0,0,0,0,16,0,0,4,2,6,3,2,3,1,24,24,0,0,0,0,0,0,0,0,7,1,1,0,0,0,0,0,2,0,0,KRBKRNvK,DRAW,1R6/2K5/8/8/6r1/3k3B/7n/8 b - - 0 1
0,1,0,0,0,0,0,1,-1,1,0,1,1,1,0,0,0,0,0,16,0,0,3,6,7,6,4,5,2,29,26,0,0,0,0,0,0,0,0,7,1,1,0,1,0,0,0,1,0,0,KRBKRNvK,DRAW,6K1/8/8/6k1/5n2/R7/1r6/5B2 b - - 0 1
0,1,0,0,0,0,0,1,-1,1,0,1,1,1,0,0,0,0,0,16,0,0,4,6,4,2,2,2,2,24,28,0,0,0,0,0,0,0,0,7,1,1,0,0,0,0,0,2,0,0,KRBKRNvK,DRAW,n7/3r4/7R/6K1/6B1/2k5/8/8 b - - 0 1
0,1,0,0,0,0,0,1,-1,1,0,1,1,1,0,0,0,0,0,16,0,0,4,5,5,5,1,2,3,26,26,0,0,0,0,0,0,0,0,7,1,1,1,0,0,0,2,3,0,1,KRBKRNvK,DRAW,4r3/1R6/5K2/1n1B4/8/8/5k2/8 b - - 0 1
0,1,0,0,0,0,0,1,-1,1,0,1,1,1,0,0,0,0,0,16,0,0,3,2,7,5,5,4,2,5,0,1,0,0,0,0,0,0,0,7,1,1,0,0,0,0,0,2,1,0,KRBKRNvK,DRAW,2K2B2/8/5k2/r7/8/5R2/1n6/8 b - - 0 1
0,1,0,0,0,0,0,1,-1,1,0,1,1,1,0,0,0,0,0,16,0,0,4,2,4,2,0,1,4,5,0,1,0,0,0,0,0,0,0,7,1,1,0,0,0,0,2,2,1,1,KRBKRNvK,DRAW,8/8/6R1/2K5/1r6/B7/8/2kn4 b - - 0 1
0,1,0,0,0,0,0,1,-1,1,0,1,1,1,0,0,0,0,0,16,0,0,4,0,5,4,6,4,2,24,23,0,0,0,0,0,0,0,0,7,1,1,0,0,0,0,1,0,0,1,KRBKRNvK,DRAW,n7/4k2B/K7/8/8/8/2R5/5r2 b - - 0 1
1,1,0,0,0,0,0,1,-1,1,0,1,1,1,0,0,0,0,0,16,0,0,3,2,2,5,3,2,1,7,0,1,0,0,0,0,0,0,0,7,1,1,1,0,0,0,1,2,0,1,KRBKRNvK,LOSS,6r1/3B2R1/8/8/4nk2/2K5/8/8 w - - 0 1
0,1,0,0,0,0,0,1,-1,1,0,1,1,1,0,0,0,0,0,16,0,0,3,4,5,1,3,1,2,20,28,0,0,0,0,0,0,0,0,7,1,1,0,0,0,0,2,2,1,1,KRBKRNvK,DRAW,8/8/4K3/8/1k4r1/8/2R4B/1n6 b - - 0 1
0,1,0,0,0,0,0,1,-1,1,0,1,1,1,0,0,0,0,0,16,0,0,5,1,1,6,6,4,4,23,29,0,0,0,0,0,0,0,0,7,1,1,0,0,0,0,2,2,1,0,KRBKRNvK,DRAW,4B3/6k1/8/8/5r2/3R4/1K4n1/8 b - - 0 1
1,1,0,0,0,0,0,1,-1,1,0,1,1,1,0,0,0,0,0,16,0,0,6,1,3,7,1,2,5,25,23,0,0,0,0,0,0,0,0,7,1,1,0,0,0,0,4,1,0,1,KRBKRNvK,DRAW,8/7r/2B5/8/1K2R3/8/3n3k/8 w - - 0 1
1,1,0,0,0,0,0,1,-1,1,0,1,1,1,0,0,0,0,0,16,0,0,4,0,3,4,5,3,1,2,0,1,0,0,0,0,0,0,0,7,1,1,0,0,0,0,2,2,0,0,KRBKRNvK,DRAW,7B/r7/4k3/8/K7/1R6/8/5n2 w - - 0 1
0,1,0,0,0,0,0,1,-1,1,0,1,1,1,0,0,0,0,0,16,0,0,5,6,6,4,1,4,2,3,0,1,0,0,0,0,0,0,0,7,1,1,0,0,0,0,1,2,2,0,KRBKRNvK,DRAW,1n6/6K1/8/8/2r5/6B1/4k3/4R3 b - - 0 1
0,1,0,0,0,0,0,1,-1,1,0,1,1,1,0,0,0,0,0,16,0,0,4,3,5,6,1,1,4,24,19,0,0,0,0,0,0,0,0,7,1,1,0,0,0,0,3,2,0,2,KRBKRNvK,DRAW,8/5r2/2RK1n2/8/8/8/6k1/1B6 b - - 0 1
1,1,0,0,0,0,0,1,-1,1,0,1,1,1,0,0,0,0,0,16,0,0,6,6,6,0,7,4,6,19,17,0,0,0,0,0,0,0,0,7,1,1,1,0,0,0,0,2,1,0,KRBKRNvK,DRAW,k6B/2R3K1/8/8/4r3/8/8/n7 w - - 0 1
0,1,0,0,0,0,0,1,-1,1,0,1,1,1,0,0,0,0,0,16,0,0,2,3,5,1,7,1,5,2,0,1,0,0,0,0,0,0,0,7,1,1,0,0,0,0,2,1,0,1,KRBKRNvK,DRAW,rk6/8/3Kn3/8/5B2/8/8/1R6 b - - 0 1
0,1,0,0,0,0,0,1,-1,1,0,1,1,1,0,0,0,0,0,16,0,0,7,7,6,0,6,5,5,4,0,1,0,0,0,0,0,0,0,7,1,1,1,0,0,0,0,1,1,0,KRBKRNvK,DRAW,8/k1R4K/1r6/8/6B1/8/5n2/8 b - - 0 1
1,1,0,0,0,0,0,1,-1,1,0,1,1,1,0,0,0,0,0,16,0,0,2,1,3,1,5,2,3,24,22,0,0,0,0,0,0,0,0,7,1,1,0,0,0,0,2,0,1,0,KRBKRNvK,DRAW,5n2/5r2/1k6/3R4/1K6/8/3B4/8 w - - 0 1
1,1,0,0,0,0,0,1,-1,1,0,1,1,1,0,0,0,0,0,16,0,0,4,4,0,0,4,3,3,29,23,0,0,0,0,0,0,0,0,7,1,1,1,0,0,0,1,2,0,0,KRBKRNvK,DRAW,8/5R2/3B4/kr6/3n4/8/8/4K3 w - - 0 1
0,1,0,0,0,0,0,1,-1,1,0,1,1,1,0,0,0,0,0,16,0,0,2,6,5,4,7,3,3,3,0,1,0,0,0,0,0,0,0,7,1,1,0,0,0,0,2,0,1,0,KRBKRNvK,DRAW,4k3/3B4/6K1/8/8/8/3R4/1r4n1 b - - 0 1
0,1,0,0,0,0,0,1,-1,1,0,1,1,1,0,0,0,0,0,16,0,0,4,7,7,3,6,6,2,6,0,1,0,0,0,0,0,0,0,7,1,1,0,0,0,0,4,2,1,0,KRBKRNvK,DRAW,3n3K/3k4/8/3R4/8/5B2/8/4r3 b - - 0 1
1,1,0,0,0,0,0,1,-1,1,0,1,1,1,0,0,0,0,0,16,0,0,3,6,3,3,3,2,0,31,24,0,0,0,0,0,0,0,0,7,1,1,0,0,0,0,1,3,1,1,KRBKRNvK,DRAW,8/8/1r4n1/8/2Bk2K1/8/8/R7 w - - 0 1
1,1,0,0,0,0,0,1,-1,1,0,1,1,1,0,0,0,0,0,16,0,0,2,3,3,4,1,0,2,2,0,1,0,0,0,0,0,0,0,7,1,1,1,0,0,0,3,2,0,2,KRBKRNvK,DRAW,8/R7/8/8/1BrK4/8/3nk3/8 w - - 0 1
0,1,0,0,0,0,0,1,-1,1,0,1,1,1,0,0,0,0,0,16,0,0,3,0,4,1,1,3,4,24,30,0,0,0,0,0,0,0,0,7,1,1,0,0,0,0,1,1,0,0,KRBKRNvK,DRAW,8/7r/2R5/K4B2/8/8/1k3n2/8 b - - 0 1
0,1,0,0,0,0,0,1,-1,1,0,1,1,1,0,0,0,0,0,16,0,0,3,3,6,0,7,2,6,16,29,0,0,0,0,0,0,0,0,7,1,1,0,0,0,0,1,0,0,0,KRBKRNvK,DRAW,k7/3K3B/8/8/8/2R5/8/r3n3 b - - 0 1
1,1,0,0,0,0,0,1,-1,1,0,1,1,1,0,0,0,0,0,16,0,0,4,0,7,4,5,6,1,21,24,0,0,0,0,0,0,0,0,7,1,1,0,0,0,0,3,2,1,0,KRBKRNvK,DRAW,K7/8/4k3/5R2/8/4n3/8/1Br5 w - - 0 1
0,1,0,0,0,0,0,1,-1,1,0,1,1,1,0,0,0,0,0,16,0,0,3,7,6,7,3,5,3,22,24,0,0,0,0,0,0,0,0,7,1,1,0,0,0,0,0,1,1,0,KRBKRNvK,DRAW,2r5/7K/6R1/1B6/7k/8/4n3/8 b - - 0 1
1,1,0,0,0,0,0,1,-1,1,0,1,1,1,0,0,0,0,0,16,0,0,4,6,1,7,5,4,4,25,21,0,0,0,0,0,0,0,0,7,1,1,1,0,0,0,2,2,0,0,KRBKRNvK,DRAW,8/2R5/2B4k/n7/1r6/8/6K1/8 w - - 0 1
1,1,0,0,0,0,0,1,-1,1,0,1,1,1,0,0,0,0,0,16,0,0,2,3,3,1,5,0,3,5,0,1,0,0,0,0,0,0,0,7,1,1,0,0,0,0,3,2,0,0,KRBKRNvK,DRAW,8/3rn3/1k6/8/3K4/8/8/2RB4 w - - 0 1
0,1,0,0,0,0,0,1,-1,1,0,1,1,1,0,0,0,0,0,16,0,0,5,6,7,1,5,5,3,6,0,1,0,0,0,0,0,0,0,7,1,1,0,0,0,0,2,3,1,0,KRBKRNvK,DRAW,6K1/8/1k1R4/8/4r3/1B6/5n2/8 b - - 0 1
0,1,0,0,0,0,0,1,-1,1,0,1,1,1,0,0,0,0,0,16,0,0,2,0,4,1,6,3,4,22,25,0,0,0,0,0,0,0,0,7,1,1,0,0,0,0,2,0,1,0,KRBKRNvK,DRAW,8/1k1B4/7n/K3R3/8/8/8/5r2 b - - 0 1
1,1,0,0,0,0,0,1,-1,1,0,1,1,1,0,0,0,0,0,16,0,0,3,5,4,5,7,1,4,28,15,0,0,0,0,0,0,0,0,7,1,1,1,0,0,0,3,2,1,0,KRBKRNvK,DRAW,5k2/4R3/8/2B2K2/2r5/8/7n/8 w - - 0 1
1,1,0,0,0,0,0,1,-1,1,0,1,1,1,0,0,0,0,0,16,0,0,7,7,3,0,6,3,5,28,21,0,0,0,0,0,0,0,0,7,1,1,0,0,0,0,3,3,0,2,KRBKRNvK,DRAW,8/k7/5B2/8/5rnK/8/8/3R4 w - - 0 1
0,1,0,0,0,0,0,1,-1,1,0,1,1,1,0,0,0,0,0,16,0,0,2,0,4,2,3,3,1,3,0,1,0,0,0,0,0,0,0,7,1,1,0,0,0,0,1,2,1,0,KRBKRNvK,DRAW,5r2/6n1/1B6/K7/2k5/8/8/2R5 b - - 0 1
1,1,0,0,0,0,0,1,-1,1,0,1,1,1,0,0,0,0,0,16,0,0,2,2,1,4,2,3,1,4,0,1,0,0,0,0,0,0,0,7,1,1,0,1,0,0,2,3,1,2,KRBKRNvK,DRAW,5R2/8/8/8/1n6/2B1k3/2K1r3/8 w - - 0 1
0,1,0,0,0,0,0,1,-1,1,0,1,1,1,0,0,0,0,0,16,0,0,2,1,1,3,3,4,0,24,32,0,0,0,0,0,0,0,0,7,1,1,0,0,0,0,2,3,1,0,KRBKRNvK,DRAW,8/5r2/1n1B4/6R1/3k4/8/1K6/8 b - - 0 1
0,1,0,0,0,0,0,1,-1,1,0,1,1,1,0,0,0,0,0,16,0,0,5,3,0,1,5,3,3,19,30,0,0,0,0,0,0,0,0,7,1,1,0,0,0,0,1,1,1,0,KRBKRNvK,DRAW,7R/1r6/1k6/8/2B3n1/8/8/3K4 b - - 0 1
0,1,0,0,0,0,0,1,-1,1,0,1,1,1,0,0,0,0,0,16,0,0,3,3,7,6,7,3,5,20,26,0,0,0,0,0,0,0,0,7,1,1,1,0,0,0,0,0,0,0,KRBKRNvK,DRAW,3K2k1/R7/8/8/6B1/5r2/8/2n5 b - - 0 1
0,1,0,0,0,0,0,1,-1,1,0,1,1,1,0,0,0,0,0,16,0,0,5,6,7,6,2,5,3,22,25,0,0,0,0,0,0,0,0,7,1,1,0,0,0,0,2,0,0,1,KRBKRNvK,WIN,6K1/7n/7B/3R4/8/2r3k1/8/8 b - - 0 1
0,1,0,0,0,0,0,1,-1,1,0,1,1,1,0,0,0,0,0,16,0,0,5,6,6,2,1,4,3,28,18,0,0,0,0,0,0,0,0,7,1,1,1,0,0,0,1,3,0,1,KRBKRNvK,DRAW,4r3/6KR/8/1n6/8/8/2k5/6B1 b - - 0 1
0,1,0,0,0,0,0,1,-1,1,0,1,1,1,0,0,0,0,0,16,0,0,2,2,2,0,4,2,3,2,0,1,0,0,0,0,0,0,0,7,1,1,0,1,0,0,1,0,0,0,KRBKRNvK,DRAW,n7/8/8/k7/8/2K5/1B3r2/R7 b - - 0 1
0,1,0,0,0,0,0,1,-1,1,0,1,1,1,0,0,0,0,0,16,0,0,3,6,2,5,5,3,2,5,0,1,0,0,0,0,0,0,0,7,1,1,0,0,0,0,1,3,2,1,KRBKRNvK,DRAW,8/7B/5k1R/r7/8/5nK1/8/8 b - - 0 1
0,1,0,0,0,0,0,1,-1,1,0,1,1,1,0,0,0,0,0,16,0,0,4,0,2,4,0,4,3,22,23,0,0,0,0,0,0,0,0,7,1,1,0,0,0,0,2,1,1,1,KRBKRNvK,DRAW,8/7r/8/8/1n6/K7/1B4R1/4k3 b - - 0 1
0,1,0,0,0,0,0,1,-1,1,0,1,1,1,0,0,0,0,0,16,0,0,5,0,6,0,1,5,5,21,26,0,0,0,0,0,0,0,0,7,1,1,0,0,0,0,2,2,0,0,KRBKRNvK,DRAW,8/K7/2R2B2/8/n7/8/k7/3r4 b - - 0 1
1,1,0,0,0,0,0,1,-1,1,0,1,1,1,0,0,0,0,0,16,0,0,4,6,0,2,0,5,4,28,18,0,0,0,0,0,0,0,0,7,1,1,0,0,0,0,3,1,0,0,KRBKRNvK,DRAW,1n6/8/3r4/3B3R/8/8/8/2k3K1 w - - 0 1
0,1,0,0,0,0,0,1,-1,1,0,1,1,1,0,0,0,0,0,16,0,0,4,2,5,6,3,2,2,5,0,1,0,0,0,0,0,0,0,7,1,1,0,1,0,0,2,3,2,0,KRBKRNvK,DRAW,8/8/2K3R1/8/6k1/8/2n1r2B/8 b - - 0 1
1,1,0,0,0,0,0,1,-1,1,0,1,1,1,0,0,0,0,0,16,0,0,3,1,7,1,4,5,2,4,0,1,0,0,0,0,0,0,0,7,1,1,0,0,0,0,0,2,0,1,KRBKRNvK,DRAW,1K6/8/n5B1/1k3r2/8/8/8/2R5 w - - 0 1
0,1,0,0,0,0,0,1,-1,1,0,1,1,1,0,0,0,0,0,16,0,0,4,4,6,1,2,2,3,20,28,0,0,0,0,0,0,0,0,7,1,1,0,0,0,0,1,1,0,0,KRBKRNvK,DRAW,8/4K3/5R2/8/8/1k6/2n4B/2r5 b - - 0 1
1,1,0,0,0,0,0,1,-1,1,0,1,1,1,0,0,0,0,0,16,0,0,5,4,6,4,1,2,2,31,27,0,0,0,0,0,0,0,0,7,1,1,0,0,0,0,1,2,1,1,KRBKRNvK,DRAW,R7/4K3/8/2r5/4nB2/8/4k3/8 w - - 0 1
0,1,0,0,0,0,0,1,-1,1,0,1,1,1,0,0,0,0,0,16,0,0,2,5,4,3,3,1,0,5,0,1,0,0,0,0,0,0,0,7,1,1,0,0,0,0,3,4,1,0,KRBKRNvK,DRAW,8/8/5B2/5K2/r2k4/8/3n4/5R2 b - - 0 1
1,1,0,0,0,0,0,1,-1,1,0,1,1,1,0,0,0,0,0,16,0,0,4,4,1,0,3,2,3,29,21,0,0,0,0,0,0,0,0,7,1,1,0,0,0,0,2,2,0,0,KRBKRNvK,DRAW,8/2n5/8/2r5/k7/6R1/4K3/7B w - - 0 1
0,1,0,0,0,0,0,1,-1,1,0,1,1,1,0,0,0,0,0,16,0,0,3,7,7,4,7,6,3,20,26,0,0,0,0,0,0,0,0,7,1,1,1,1,0,0,1,0,1,1,KRBKRNvK,DRAW,4k2K/6R1/7n/8/8/4B3/r7/8 b - - 0 1
1,1,0,0,0,0,0,1,-1,1,0,1,1,1,0,0,0,0,0,16,0,0,5,2,6,7,1,3,5,26,19,0,0,0,0,0,0,0,0,7,1,1,0,0,0,0,1,1,0,1,KRBKRNvK,DRAW,6B1/2K5/1R6/2n5/8/8/7k/7r w - - 0 1
0,1,0,0,0,0,0,1,-1,1,0,1,1,1,0,0,0,0,0,16,0,0,7,7,1,0,5,5,4,23,22,0,0,0,0,0,0,0,0,7,1,1,0,0,0,0,2,3,0,0,KRBKRNvK,DRAW,8/8/k2r4/8/2n1R3/8/7K/6B1 b - - 0 1
0,1,0,0,0,0,0,1,-1,1,0,1,1,1,0,0,0,0,0,16,0,0,2,3,5,2,7,1,4,4,0,1,0,0,0,0,0,0,0,7,1,1,0,0,0,0,2,2,0,1,KRBKRNvK,DRAW,2k5/4r3/3K4/6n1/1B6/2R5/8/8 b - - 0 1
1,1,0,0,0,0,0,1,-1,1,0,1,1,1,0,0,0,0,0,16,0,0,6,6,6,1,0,4,5,7,0,1,0,0,0,0,0,0,0,7,1,1,0,1,0,0,1,1,0,1,KRBKRNvK,DRAW,2R5/B5K1/4n3/8/8/8/1r6/1k6 w - - 0 1
1,1,0,0,0,0,0,1,-1,1,0,1,1,1,0,0,0,0,0,16,0,0,4,4,1,0,4,2,3,4,0,1,0,0,0,0,0,0,0,7,1,1,0,0,0,0,0,3,0,1,KRBKRNvK,DRAW,4r3/8/8/k7/5n1R/8/4K3/5B2 w - - 0 1
0,1,0,0,0,0,0,1,-1,1,0,1,1,1,0,0,0,0,0,16,0,0,3,3,6,3,3,2,0,22,30,0,0,0,0,0,0,0,0,7,1,1,0,0,0,0,0,3,0,0,KRBKRNvK,DRAW,8/3KB3/8/8/3k4/7R/1n6/5r2 b - - 0 1
1,1,0,0,0,0,0,1,-1,1,0,1,1,1,0,0,0,0,0,16,0,0,2,0,3,0,5,3,4,2,0,1,0,0,0,0,0,0,0,7,1,1,1,0,0,0,0,2,0,1,KRBKRNvK,DRAW,8/6R1/k7/r7/K7/B7/8/5n2 w - - 0 1
1,1,0,0,0,0,0,1,-1,1,0,1,1,1,0,0,0,0,0,16,0,0,3,4,6,4,3,2,0,24,19,0,0,0,0,0,0,0,0,7,1,1,0,0,0,0,2,3,1,0,KRBKRNvK,DRAW,8/4K3/8/5R2/4k2B/8/8/2nr4 w - - 0 1
0,1,0,0,0,0,0,1,-1,1,0,1,1,1,0,0,0,0,0,16,0,0,2,3,2,2,4,1,1,19,17,0,0,0,0,0,0,0,0,7,1,1,1,1,0,0,2,2,1,0,KRBKRNvK,DRAW,B7/1R6/8/2k5/8/3K4/6r1/6n1 b - - 0 1
1,1,0,0,0,0,0,1,-1,1,0,1,1,1,0,0,0,0,0,16,0,0,7,7,1,0,5,5,4,3,0,1,0,0,0,0,0,0,0,7,1,1,0,0,0,0,0,0,0,0,KRBKRNvK,DRAW,4B3/n6r/k7/8/8/8/7K/6R1 w - - 0 1
0,1,0,0,0,0,0,1,-1,1,0,1,1,1,0,0,0,0,0,16,0,0,3,5,7,2,4,4,1,6,0,1,0,0,0,0,0,0,0,7,1,1,0,1,0,0,2,2,1,0,KRBKRNvK,DRAW,5K2/8/8/2k2R2/8/1B6/3r4/6n1 b - - 0 1
0,1,0,0,0,0,0,1,-1,1,0,1,1,1,0,0,0,0,0,16,0,0,2,5,3,7,3,1,3,18,27,0,0,0,0,0,0,0,0,7,1,1,0,0,0,0,3,0,0,1,KRBKRNvK,DRAW,8/8/r7/2R5/5K1k/1B6/7n/8 b - - 0 1
0,1,0,0,0,0,0,1,-1,1,0,1,1,1,0,0,0,0,0,16,0,0,6,7,5,1,7,4,5,4,0,1,0,0,0,0,0,0,0,7,1,1,0,0,0,0,2,0,0,0,KRBKRNvK,DRAW,nk6/8/7K/7R/8/8/7B/1r6 b - - 0 1
0,1,0,0,0,0,0,1,-1,1,0,1,1,1,0,0,0,0,0,16,0,0,5,3,2,2,7,1,4,17,22,0,0,0,0,0,0,0,0,7,1,1,1,0,0,0,2,0,1,0,KRBKRNvK,DRAW,n1k5/R7/1r6/B7/8/3K4/8/8 b - - 0 1
0,1,0,0,0,0,0,1,-1,1,0,1,1,1,0,0,0,0,0,16,0,0,3,3,7,6,7,3,5,26,20,0,0,0,0,0,0,0,0,7,1,1,0,0,0,0,1,2,0,0,KRBKRNvK,DRAW,3K2k1/1B6/8/3n4/6r1/8/1R6/8 b - - 0 1
1,1,0,0,0,0,0,1,-1,1,0,1,1,1,0,0,0,0,0,16,0,0,3,5,6,2,6,3,3,6,0,1,0,0,0,0,0,0,0,7,1,1,1,0,0,0,1,2,1,1,KRBKRNvK,DRAW,8/2k2KR1/7n/3B4/1r6/8/8/8 w - - 0 1
1,1,0,0,0,0,0,1,-1,1,0,1,1,1,0,0,0,0,0,16,0,0,5,1,7,0,2,5,4,27,17,0,0,0,0,0,0,0,0,7,1,1,0,0,0,0,0,2,0,0,KRBKRNvK,DRAW,1K6/8/1R6/4r1B1/8/k7/8/n7 w - - 0 1
0,1,0,0,0,0,0,1,-1,1,0,1,1,1,0,0,0,0,0,16,0,0,2,5,3,7,5,1,4,16,26,0,0,0,0,0,0,0,0,7,1,1,0,0,0,0,3,0,1,0,KRBKRNvK,DRAW,7n/8/7k/8/R4KB1/8/8/7r b - - 0 1
1,1,0,0,0,0,0,1,-1,1,0,1,1,1,0,0,0,0,0,16,0,0,4,5,4,1,3,1,2,21,21,0,0,0,0,0,0,0,0,7,1,1,0,0,0,0,2,2,0,1,KRBKRNvK,DRAW,6n1/4r3/7B/5K2/1k6/5R2/8/8 w - - 0 1
0,1,0,0,0,0,0,1,-1,1,0,1,1,1,0,0,0,0,0,16,0,0,3,2,2,0,5,2,4,21,30,0,0,0,0,0,0,0,0,7,1,1,0,0,0,0,1,3,1,0,KRBKRNvK,DRAW,1R6/5n2/k7/8/6r1/2K1B3/8/8 b - - 0 1
1,1,0,0,0,0,0,1,-1,1,0,1,1,1,0,0,0,0,0,16,0,0,5,3,6,6,1,2,4,29,23,0,0,0,0,0,0,0,0,7,1,1,0,0,0,0,1,2,0,0,KRBKRNvK,DRAW,8/3K3B/8/8/8/r4n2/6k1/2R5 w - - 0 1
1,1,0,0,0,0,0,1,-1,1,0,1,1,1,0,0,0,0,0,16,0,0,2,1,0,0,2,5,4,3,0,1,0,0,0,0,0,0,0,7,1,1,0,0,0,0,2,2,0,1,KRBKRNvK,DRAW,B7/6r1/8/8/8/k1n5/8/1K4R1 w - - 0 1
1,1,0,0,0,0,0,1,-1,1,0,1,1,1,0,0,0,0,0,16,0,0,3,6,0,3,0,5,3,25,18,0,0,0,0,0,0,0,0,7,1,1,1,0,0,0,1,1,0,0,KRBKRNvK,DRAW,8/6R1/8/8/1n6/6B1/8/2rk2K1 w - - 0 1
0,1,0,0,0,0,0,1,-1,1,0,1,1,1,0,0,0,0,0,16,0,0,5,5,3,0,4,1,3,18,26,0,0,0,0,0,0,0,0,7,1,1,0,0,0,0,2,2,0,1,KRBKRNvK,DRAW,1n6/8/4R3/k6r/5K2/8/8/3B4 b - - 0 1
1,1,0,0,0,0,0,1,-1,1,0,1,1,1,0,0,0,0,0,16,0,0,6,0,2,6,4,4,2,4,0,1,0,0,0,0,0,0,0,7,1,1,1,0,0,0,1,1,2,1,KRBKRNvK,DRAW,7r/6R1/6B1/6k1/2n5/K7/8/8 w - - 0 1
1,1,0,0,0,0,0,1,-1,1,0,1,1,1,0,0,0,0,0,16,0,0,2,7,0,5,2,6,2,21,23,0,0,0,0,0,0,0,0,7,1,1,0,0,0,0,2,3,1,0,KRBKRNvK,DRAW,2n5/3r4/8/8/8/5k2/7R/B6K w - - 0 1
0,1,0,0,0,0,0,1,-1,1,0,1,1,1,0,0,0,0,0,16,0,0,5,4,6,6,1,2,4,21,16,0,0,0,0,0,0,0,0,7,1,1,0,0,0,0,0,1,0,0,KRBKRNvK,DRAW,3B2R1/4K3/8/8/6n1/8/6k1/7r b - - 0 1
0,1,0,0,0,0,0,1,-1,1,0,1,1,1,0,0,0,0,0,16,0,0,2,7,7,5,5,6,2,22,21,0,0,0,0,0,0,0,0,7,1,1,0,0,0,0,2,1,0,0,KRBKRNvK,DRAW,7K/8/1B3k2/8/1R6/6r1/8/7n b - - 0 1
0,1,0,0,0,0,0,1,-1,1,0,1,1,1,0,0,0,0,0,16,0,0,6,1,4,7,5,2,4,21,25,0,0,0,0,0,0,0,0,7,1,1,0,0,0,0,2,2,0,1,KRBKRNvK,DRAW,3R4/B6n/7k/1K6/2r5/8/8/8 b - - 0 1
0,1,0,0,0,0,0,1,-1,1,0,1,1,1,0,0,0,0,0,16,0,0,2,1,3,0,1,2,5,21,24,0,0,0,0,0,0,0,0,7,1,1,0,0,0,0,0,0,0,1,KRBKRNvK,DRAW,5R2/6n1/7B/8/1K6/2r5/k7/8 b - - 0 1
0,1,0,0,0,0,0,1,-1,1,0,1,1,1,0,0,0,0,0,16,0,0,3,2,2,5,3,2,1,6,0,1,0,0,0,0,0,0,0,7,1,1,0,0,0,0,1,2,0,1,KRBKRNvK,LOSS,5r2/8/8/4n3/5k2/B1K5/8/5R2 b - - 0 1
0,1,0,0,0,0,0,1,-1,1,0,1,1,1,0,0,0,0,0,16,0,0,4,2,3,6,3,1,2,22,32,0,0,0,0,0,0,0,0,7,1,1,1,0,0,0,2,1,1,2,KRBKRNvK,DRAW,8/7R/r7/8/1nK1B1k1/8/8/8 b - - 0 1
0,1,0,0,0,0,0,1,-1,1,0,1,1,1,0,0,0,0,0,16,0,0,3,4,2,1,5,1,3,6,0,1,0,0,0,0,0,0,0,7,1,1,0,0,0,0,2,3,0,1,KRBKRNvK,DRAW,3r4/8/1k5B/6n1/8/4K3/1R6/8 b - - 0 1
1,1,0,0,0,0,0,1,-1,1,0,1,1,1,0,0,0,0,0,16,0,0,5,5,1,3,6,3,2,4,0,1,0,0,0,0,0,0,0,7,1,1,0,1,0,0,0,1,1,2,KRBKRNvK,DRAW,8/3kB3/8/8/5n2/8/5Kr1/R7 w - - 0 1
0,1,0,0,0,0,0,1,-1,1,0,1,1,1,0,0,0,0,0,16,0,0,2,1,4,3,6,2,2,6,0,1,0,0,0,0,0,0,0,7,1,1,1,0,0,0,2,0,1,0,KRBKRNvK,DRAW,8/1R1k4/8/1K6/8/8/6B1/2rn4 b - - 0 1
0,1,0,0,0,0,0,1,-1,1,0,1,1,1,0,0,0,0,0,16,0,0,3,0,3,3,0,3,3,27,24,0,0,0,0,0,0,0,0,7,1,1,0,0,0,0,2,1,0,0,KRBKRNvK,DRAW,8/7r/4n3/1R1B4/K7/8/8/3k4 b - - 0 1
0,1,0,0,0,0,0,1,-1,1,0,1,1,1,0,0,0,0,0,16,0,0,5,6,3,1,3,2,2,25,31,0,0,0,0,0,0,0,0,7,1,1,0,0,0,0,1,2,0,0,KRBKRNvK,DRAW,4r3/2B5/8/n7/1k4K1/8/8/5R2 b - - 0 1
0,1,0,0,0,0,0,1,-1,1,0,1,1,1,0,0,0,0,0,16,0,0,3,6,4,4,1,2,2,19,30,0,0,0,0,0,0,0,0,7,1,1,0,1,0,0,1,0,1,0,KRBKRNvK,DRAW,8/8/1R6/6K1/5B2/8/r3k3/5n2 b - - 0 1
1,1,0,0,0,0,0,1,-1,1,0,1,1,1,0,0,0,0,0,16,0,0,2,7,1,6,3,5,2,20,24,0,0,0,0,0,0,0,0,7,1,1,0,0,0,0,2,1,1,1,KRBKRNvK,DRAW,5R2/8/5B2/8/2n3k1/8/7K/5r2 w - - 0 1
0,1,0,0,0,0,0,1,-1,1,0,1,1,1,0,0,0,0,0,16,0,0,4,5,6,4,2,3,1,4,0,1,0,0,0,0,0,0,0,7,1,1,0,1,0,0,2,2,1,1,KRBKRNvK,DRAW,8/5K1n/4R3/8/8/4k3/1r6/6B1 b - - 0 1
0,1,0,0,0,0,0,1,-1,1,0,1,1,1,0,0,0,0,0,16,0,0,4,4,1,5,5,2,2,24,25,0,0,0,0,0,0,0,0,7,1,1,1,0,0,0,0,3,1,1,KRBKRNvK,DRAW,8/R7/5k2/7B/1r6/8/4Kn2/8 b - - 0 1
1,1,0,0,0,0,0,1,-1,1,0,1,1,1,0,0,0,0,0,16,0,0,4,6,1,7,5,4,4,6,0,1,0,0,0,0,0,0,0,7,1,1,0,0,0,0,2,2,1,1,KRBKRNvK,DRAW,2R4B/8/7k/8/6r1/8/6K1/n7 w - - 0 1
0,1,0,0,0,0,0,1,-1,1,0,1,1,1,0,0,0,0,0,16,0,0,5,6,7,1,3,5,2,22,24,0,0,0,0,0,0,0,0,7,1,1,0,0,0,0,0,2,0,1,KRBKRNvK,DRAW,2B3K1/7n/8/8/1k6/6R1/8/3r4 b - - 0 1
0,1,0,0,0,0,0,1,-1,1,0,1,1,1,0,0,0,0,0,16,0,0,4,6,0,2,2,5,2,6,0,1,0,0,0,0,0,0,0,7,1,1,0,0,0,0,2,2,0,0,KRBKRNvK,LOSS,8/6B1/1R1r3n/8/8/2k5/8/6K1 b - - 0 1
0,1,0,0,0,0,0,1,-1,1,0,1,1,1,0,0,0,0,0,16,0,0,4,5,5,7,1,2,5,3,0,1,0,0,0,0,0,0,0,7,1,1,0,0,0,0,4,1,0,1,KRBKRNvK,DRAW,8/1Bn4r/5K2/8/8/8/3R3k/8 b - - 0 1
1,1,0,0,0,0,0,1,-1,1,0,1,1,1,0,0,0,0,0,16,0,0,3,7,2,6,5,4,3,25,23,0,0,0,0,0,0,0,0,7,1,1,0,0,0,0,2,0,0,1,KRBKRNvK,DRAW,6n1/8/6k1/8/8/1R5K/8/B4r2 w - - 0 1
1,1,0,0,0,0,0,1,-1,1,0,1,1,1,0,0,0,0,0,16,0,0,4,7,2,3,6,4,2,26,15,0,0,0,0,0,0,0,0,7,1,1,0,0,0,0,0,1,0,0,KRBKRNvK,DRAW,8/1r1k4/1n6/7B/8/7K/8/R7 w - - 0 1
0,1,0,0,0,0,0,1,-1,1,0,1,1,1,0,0,0,0,0,16,0,0,2,7,5,5,4,4,1,22,16,0,0,0,0,0,0,0,0,7,1,1,0,0,0,0,0,3,0,0,KRBKRNvK,DRAW,8/8/r3n2K/5k2/8/8/8/3B3R b - - 0 1
0,1,0,0,0,0,0,1,-1,1,0,1,1,1,0,0,0,0,0,16,0,0,2,4,5,4,3,1,0,3,0,1,0,0,0,0,0,0,0,7,1,1,0,0,0,0,3,3,1,0,KRBKRNvK,DRAW,B7/8/4K3/8/n3k3/1r6/4R3/8 b - - 0 1
1,1,0,0,0,0,0,1,-1,1,0,1,1,1,0,0,0,0,0,16,0,0,2,3,7,3,5,3,1,2,0,1,0,0,0,0,0,0,0,7,1,1,0,0,0,0,2,3,1,1,KRBKRNvK,DRAW,1R1K3B/8/2nk4/2r5/8/8/8/8 w - - 0 1
0,1,0,0,0,0,0,1,-1,1,0,1,1,1,0,0,0,0,0,16,0,0,5,3,1,0,6,2,5,23,27,0,0,0,0,0,0,0,0,7,1,1,0,0,0,0,2,0,0,0,KRBKRNvK,DRAW,8/k7/8/6R1/8/nB6/3K4/7r b - - 0 1
1,1,0,0,0,0,0,1,-1,1,0,1,1,1,0,0,0,0,0,16,0,0,2,5,0,3,2,4,1,29,28,0,0,0,0,0,0,0,0,7,1,1,0,0,0,0,2,2,1,0,KRBKRNvK,DRAW,7r/8/R7/5n2/8/3k1B2/8/5K2 w - - 0 1
0,1,0,0,0,0,0,1,-1,1,0,1,1,1,0,0,0,0,0,16,0,0,5,1,6,6,6,4,4,5,0,1,0,0,0,0,0,0,0,7,1,1,0,0,0,0,2,0,2,0,KRBKRNvK,DRAW,8/1K4k1/8/6RB/8/2r5/n7/8 b - - 0 1
0,1,0,0,0,0,0,1,-1,1,0,1,1,1,0,0,0,0,0,16,0,0,6,7,0,1,0,6,5,17,24,0,0,0,0,0,0,0,0,7,1,1,0,1,0,0,0,0,0,0,KRBKRNvK,DRAW,2R4n/8/8/6B1/8/8/1r6/1k5K b - - 0 1
1,1,0,0,0,0,0,1,-1,1,0,1,1,1,0,0,0,0,0,16,0,0,3,0,2,3,4,4,0,18,21,0,0,0,0,0,0,0,0,7,1,1,0,0,0,0,0,3,0,0,KRBKRNvK,DRAW,2R5/r7/B7/3k4/3n4/K7/8/8 w - - 0 1
1,1,0,0,0,0,0,1,-1,1,0,1,1,1,0,0,0,0,0,16,0,0,3,5,4,3,7,1,3,26,21,0,0,0,0,0,0,0,0,7,1,1,0,0,0,0,3,2,0,0,KRBKRNvK,DRAW,2nk4/B7/8/5K2/2r5/8/7R/8 w - - 0 1
0,1,0,0,0,0,0,1,-1,1,0,1,1,1,0,0,0,0,0,16,0,0,4,6,0,5,4,5,1,4,0,1,0,0,0,0,0,0,0,7,1,1,0,0,0,0,2,3,0,0,KRBKRNvK,DRAW,8/8/4r3/5k2/8/8/1Bn2R2/6K1 b - - 0 1
1,1,0,0,0,0,0,1,-1,1,0,1,1,1,0,0,0,0,0,16,0,0,4,0,4,0,0,3,6,28,18,0,0,0,0,0,0,0,0,7,1,1,0,1,0,0,3,1,0,0,KRBKRNvK,DRAW,8/5B2/8/K5n1/8/4R3/6r1/k7 w - - 0 1
1,1,0,0,0,0,0,1,-1,1,0,1,1,1,0,0,0,0,0,16,0,0,2,6,4,4,2,2,1,21,23,0,0,0,0,0,0,0,0,7,1,1,0,1,0,0,0,2,1,0,KRBKRNvK,DRAW,5B2/8/8/6K1/8/4k3/2n4r/6R1 w - - 0 1
0,1,0,0,0,0,0,1,-1,1,0,1,1,1,0,0,0,0,0,16,0,0,6,4,7,0,1,3,5,24,23,0,0,0,0,0,0,0,0,7,1,1,0,0,0,0,1,2,0,0,KRBKRNvK,DRAW,1R2K3/2B5/8/6r1/8/3n4/k7/8 b - - 0 1
1,1,0,0,0,0,0,1,-1,1,0,1,1,1,0,0,0,0,0,16,0,0,2,3,6,3,4,2,0,23,22,0,0,0,0,0,0,0,0,7,1,1,0,0,0,0,0,3,1,0,KRBKRNvK,DRAW,8/3K4/8/3k4/1Bn2r2/8/8/1R6 w - - 0 1
1,1,0,0,0,0,0,1,-1,1,0,1,1,1,0,0,0,0,0,16,0,0,3,5,4,4,7,1,3,20,17,0,0,0,0,0,0,0,0,7,1,1,0,0,0,0,2,0,2,0,KRBKRNvK,DRAW,2B1k3/8/5R2/5K2/8/1r6/8/n7 w - - 0 1
1,1,0,0,0,0,0,1,-1,1,0,1,1,1,0,0,0,0,0,16,0,0,3,4,0,1,1,3,4,23,24,0,0,0,0,0,0,0,0,7,1,1,0,0,0,0,1,2,0,0,KRBKRNvK,DRAW,8/2B5/8/6r1/8/8/nk6/4K2R w - - 0 1
0,1,0,0,0,0,0,1,-1,1,0,1,1,1,0,0,0,0,0,16,0,0,3,0,3,1,0,3,5,21,21,0,0,0,0,0,0,0,0,7,1,1,0,0,0,0,2,2,0,0,KRBKRNvK,DRAW,8/4n3/B7/8/K1R5/8/8/1k1r4 b - - 0 1
0,1,0,0,0,0,0,1,-1,1,0,1,1,1,0,0,0,0,0,16,0,0,4,7,5,3,4,4,0,23,20,0,0,0,0,0,0,0,0,7,1,1,0,0,0,0,0,4,2,0,KRBKRNvK,DRAW,8/2B5/3n1R1K/r2k4/8/8/8/8 b - - 0 1
0,1,0,0,0,0,0,1,-1,1,0,1,1,1,0,0,0,0,0,16,0,0,3,1,0,4,3,5,0,22,26,0,0,0,0,0,0,0,0,7,1,1,0,0,0,0,2,3,0,0,KRBKRNvK,DRAW,3R4/8/8/r3n3/4k3/1B6/8/1K6 b - - 0 1
0,1,0,0,0,0,0,1,-1,1,0,1,1,1,0,0,0,0,0,16,0,0,7,3,0,1,7,3,5,22,23,0,0,0,0,0,0,0,0,7,1,1,0,0,0,0,2,2,0,0,KRBKRNvK,DRAW,1k6/1n6/4r3/8/7R/8/8/2BK4 b - - 0 1
1,1,0,0,0,0,0,1,-1,1,0,1,1,1,0,0,0,0,0,16,0,0,5,6,1,1,6,4,4,25,24,0,0,0,0,0,0,0,0,7,1,1,0,0,0,0,2,2,1,2,KRBKRNvK,DRAW,3R4/1k2B3/8/8/5r2/8/4n1K1/8 w - - 0 1
0,1,0,0,0,0,0,1,-1,1,0,1,1,1,0,0,0,0,0,16,0,0,4,6,7,2,6,5,3,25,25,0,0,0,0,0,0,0,0,7,1,1,0,0,0,0,2,2,0,0,KRBKRNvK,DRAW,3n2K1/2k5/8/8/4r3/8/5R2/B7 b - - 0 1
0,1,0,0,0,0,0,1,-1,1,0,1,1,1,0,0,0,0,0,16,0,0,5,2,1,4,6,3,2,4,0,1,0,0,0,0,0,0,0,7,1,1,0,0,0,0,2,0,0,1,KRBKRNvK,LOSS,8/4k3/8/8/1B6/8/2K5/2nR2r1 b - - 0 1
1,1,0,0,0,0,0,1,-1,1,0,1,1,1,0,0,0,0,0,16,0,0,7,7,3,0,0,3,6,24,21,0,0,0,0,0,0,0,0,7,1,1,0,1,0,0,3,0,0,1,KRBKRNvK,DRAW,B7/8/7n/8/5R1K/8/2r5/k7 w - - 0 1
1,1,0,0,0,0,0,1,-1,1,0,1,1,1,0,0,0,0,0,16,0,0,3,0,7,0,4,6,3,24,23,0,0,0,0,0,0,0,0,7,1,1,0,0,0,0,3,3,0,0,KRBKRNvK,DRAW,K7/8/8/k7/2n3r1/4R3/8/B7 w - - 0 1
0,1,0,0,0,0,0,1,-1,1,0,1,1,1,0,0,0,0,0,16,0,0,2,7,3,6,5,3,3,19,25,0,0,0,0,0,0,0,0,7,1,1,0,1,0,0,3,1,0,0,KRBKRNvK,DRAW,8/1B6/6k1/2R5/7K/8/r1n5/8 b - - 0 1
0,1,0,0,0,0,0,1,-1,1,0,1,1,1,0,0,0,0,0,16,0,0,7,0,0,1,7,6,5,20,25,0,0,0,0,0,0,0,0,7,1,1,0,0,0,0,2,2,0,0,KRBKRNvK,DRAW,1k6/8/6B1/8/7r/8/7n/K3R3 b - - 0 1
0,1,0,0,0,0,0,1,-1,1,0,1,1,1,0,0,0,0,0,16,0,0,6,3,0,0,6,3,5,22,19,0,0,0,0,0,0,0,0,7,1,1,0,1,0,0,0,1,0,1,KRBKRNvK,DRAW,5B2/k3n3/8/8/8/1R6/2r5/3K4 b - - 0 1
1,1,0,0,0,0,0,1,-1,1,0,1,1,1,0,0,0,0,0,16,0,0,3,6,4,6,1,2,4,31,19,0,0,0,0,0,0,0,0,7,1,1,0,0,0,0,1,2,1,0,KRBKRNvK,DRAW,8/8/8/6K1/8/2R5/5Bk1/n2r4 w - - 0 1
1,1,0,0,0,0,0,1,-1,1,0,1,1,1,0,0,0,0,0,16,0,0,4,6,5,2,1,3,3,8,0,1,0,0,0,0,0,0,0,7,1,1,0,0,0,0,3,1,1,0,KRBKRNvK,DRAW,8/8/3B2K1/8/3R4/3n4/2k5/6r1 w - - 0 1
0,1,0,0,0,0,0,1,-1,1,0,1,1,1,0,0,0,0,0,16,0,0,6,3,6,5,0,2,4,26,24,0,0,0,0,0,0,0,0,7,1,1,0,0,0,0,2,1,0,2,KRBKRNvK,DRAW,B7/3K4/1r6/5n2/8/R7/8/5k2 b - - 0 1
1,1,0,0,0,0,0,1,-1,1,0,1,1,1,0,0,0,0,0,16,0,0,4,4,5,0,7,1,6,22,19,0,0,0,0,0,0,0,0,7,1,1,0,0,0,0,3,2,0,0,KRBKRNvK,DRAW,k7/7n/3RK3/1r6/3B4/8/8/8 w - - 0 1
1,1,0,0,0,0,0,1,-1,1,0,1,1,1,0,0,0,0,0,16,0,0,3,3,1,6,1,2,4,6,0,1,0,0,0,0,0,0,0,7,1,1,0,0,0,0,1,2,0,1,KRBKRNvK,DRAW,8/8/8/8/3r4/RB5n/3K2k1/8 w - - 0 1
1,1,0,0,0,0,0,1,-1,1,0,1,1,1,0,0,0,0,0,16,0,0,2,4,2,5,4,1,1,30,20,0,0,0,0,0,0,0,0,7,1,1,0,0,0,0,3,3,1,0,KRBKRNvK,DRAW,7R/5r2/3B4/1n3k2/8/4K3/8/8 w - - 0 1
1,1,0,0,0,0,0,1,-1,1,0,1,1,1,0,0,0,0,0,16,0,0,2,6,7,4,7,5,3,23,22,0,0,0,0,0,0,0,0,7,1,1,0,0,0,0,0,2,0,0,KRBKRNvK,DRAW,4k1K1/8/8/8/2r5/1n5B/8/5R2 w - - 0 1
1,1,0,0,0,0,0,1,-1,1,0,1,1,1,0,0,0,0,0,16,0,0,7,0,4,7,7,3,6,23,19,0,0,0,0,0,0,0,0,7,1,1,0,0,0,0,3,0,1,1,KRBKRNvK,DRAW,7k/7B/8/K7/8/1r6/3R4/2n5 w - - 0 1
1,1,0,0,0,0,0,1,-1,1,0,1,1,1,0,0,0,0,0,16,0,0,4,2,2,0,6,2,5,29,22,0,0,0,0,0,0,0,0,7,1,1,0,0,0,0,4,3,0,0,KRBKRNvK,DRAW,8/k4n2/8/6R1/5r2/2KB4/8/8 w - - 0 1
0,1,0,0,0,0,0,1,-1,1,0,1,1,1,0,0,0,0,0,16,0,0,5,2,1,1,6,3,4,27,21,0,0,0,0,0,0,0,0,7,1,1,0,0,0,0,2,2,0,1,KRBKRNvK,DRAW,8/1k6/1n6/7R/7B/3r4/2K5/8 b - - 0 1
1,1,0,0,0,0,0,1,-1,1,0,1,1,1,0,0,0,0,0,16,0,0,2,3,5,5,5,1,2,3,0,1,0,0,0,0,0,0,0,7,1,1,0,0,0,0,4,1,1,2,KRBKRNvK,DRAW,2Br4/5n2/3K1k2/8/6R1/8/8/8 w - - 0 1
0,1,0,0,0,0,0,1,-1,1,0,1,1,1,0,0,0,0,0,16,0,0,2,2,5,2,7,2,4,2,0,1,0,0,0,0,0,0,0,7,1,1,0,0,0,0,3,3,1,1,KRBKRNvK,LOSS,2k5/3B4/2K5/8/r6R/4n3/8/8 b - - 0 1
1,1,0,0,0,0,0,1,-1,1,0,1,1,1,0,0,0,0,0,16,0,0,7,7,1,0,3,5,3,22,18,0,0,0,0,0,0,0,0,7,1,1,0,0,0,0,1,1,2,1,KRBKRNvK,DRAW,6r1/8/1B6/8/k7/6n1/1R5K/8 w - - 0 1
1,1,0,0,0,0,0,1,-1,1,0,1,1,1,0,0,0,0,0,16,0,0,2,3,2,1,4,1,2,5,0,1,0,0,0,0,0,0,0,7,1,1,0,0,0,0,2,0,0,1,KRBKRNvK,DRAW,2B2r2/8/8/1k6/8/3K4/3R4/4n3 w - - 0 1
1,1,0,0,0,0,0,1,-1,1,0,1,1,1,0,0,0,0,0,16,0,0,2,3,0,4,2,3,1,26,21,0,0,0,0,0,0,0,0,7,1,1,0,0,0,0,2,2,1,0,KRBKRNvK,DRAW,8/8/R7/8/1r6/4k3/6B1/3K2n1 w - - 0 1
0,1,0,0,0,0,0,1,-1,1,0,1,1,1,0,0,0,0,0,16,0,0,2,5,7,3,5,4,1,4,0,1,0,0,0,0,0,0,0,7,1,1,0,0,0,0,0,3,1,0,KRBKRNvK,DRAW,5K2/4B3/3k3R/8/4r3/4n3/8/8 b - - 0 1
0,1,0,0,0,0,0,1,-1,1,0,1,1,1,0,0,0,0,0,16,0,0,4,7,2,3,6,4,2,22,21,0,0,0,0,0,0,0,0,7,1,1,0,0,0,0,0,2,0,0,KRBKRNvK,DRAW,R7/3k4/8/4n3/3r4/B6K/8/8 b - - 0 1
1,1,0,0,0,0,0,1,-1,1,0,1,1,1,0,0,0,0,0,16,0,0,4,1,5,1,1,3,4,31,18,0,0,0,0,0,0,0,0,7,1,1,0,0,0,0,1,2,0,0,KRBKRNvK,DRAW,R7/8/1K6/4r3/4B2n/8/1k6/8 w - - 0 1
1,1,0,0,0,0,0,1,-1,1,0,1,1,1,0,0,0,0,0,16,0,0,3,4,2,1,0,1,5,4,0,1,0,0,0,0,0,0,0,7,1,1,0,0,0,0,3,2,1,2,KRBKRNvK,DRAW,8/8/5R2/8/8/3rK3/8/Bk2n3 w - - 0 1
0,1,0,0,0,0,0,1,-1,1,0,1,1,1,0,0,0,0,0,16,0,0,3,7,3,4,0,3,3,3,0,1,0,0,0,0,0,0,0,7,1,1,1,0,0,0,1,1,1,0,KRBKRNvK,DRAW,8/5R2/4n3/8/7K/6B1/8/2r1k3 b - - 0 1
1,1,0,0,0,0,0,1,-1,1,0,1,1,1,0,0,0,0,0,16,0,0,6,0,1,0,7,5,6,25,18,0,0,0,0,0,0,0,0,7,1,1,0,0,0,0,1,2,0,0,KRBKRNvK,DRAW,k3r3/7n/8/8/5B2/8/K7/5R2 w - - 0 1
0,1,0,0,0,0,0,1,-1,1,0,1,1,1,0,0,0,0,0,16,0,0,5,2,2,2,7,2,4,4,0,1,0,0,0,0,0,0,0,7,1,1,0,0,0,0,3,1,1,0,KRBKRNvK,DRAW,2k2r2/1B6/8/5n2/8/1RK5/8/8 b - - 0 1
1,1,0,0,0,0,0,1,-1,1,0,1,1,1,0,0,0,0,0,16,0,0,5,7,3,2,1,3,3,25,21,0,0,0,0,0,0,0,0,7,1,1,0,0,0,0,0,2,0,0,KRBKRNvK,DRAW,6n1/3r4/B7/8/7K/8/2k5/5R2 w - - 0 1
0,1,0,0,0,0,0,1,-1,1,0,1,1,1,0,0,0,0,0,16,0,0,4,0,6,1,2,5,3,17,22,0,0,0,0,0,0,0,0,7,1,1,0,0,0,0,0,2,0,0,KRBKRNvK,DRAW,8/K7/8/4r3/8/1k2n2R/8/4B3 b - - 0 1
0,1,0,0,0,0,0,1,-1,1,0,1,1,1,0,0,0,0,0,16,0,0,3,2,1,5,0,3,4,26,27,0,0,0,0,0,0,0,0,7,1,1,1,0,0,0,2,0,0,1,KRBKRNvK,DRAW,8/3R4/6r1/B7/4n3/8/2K5/5k2 b - - 0 1
0,1,0,0,0,0,0,1,-1,1,0,1,1,1,0,0,0,0,0,16,0,0,3,4,3,3,6,0,2,16,20,0,0,0,0,0,0,0,0,7,1,1,0,0,0,0,4,0,0,0,KRBKRNvK,DRAW,8/3k3r/8/7n/4K2R/8/B7/8 b - - 0 1
1,1,0,0,0,0,0,1,-1,1,0,1,1,1,0,0,0,0,0,16,0,0,4,1,2,5,6,3,3,29,23,0,0,0,0,0,0,0,0,7,1,1,0,0,0,0,2,0,0,0,KRBKRNvK,DRAW,8/1n3k2/6r1/8/2RB4/1K6/8/8 w - - 0 1
0,1,0,0,0,0,0,1,-1,1,0,1,1,1,0,0,0,0,0,16,0,0,7,7,7,0,1,6,5,24,25,0,0,0,0,0,0,0,0,7,1,1,1,0,0,0,1,3,0,0,KRBKRNvK,DRAW,7K/1R6/8/5n2/8/3B4/k7/4r3 b - - 0 1
0,1,0,0,0,0,0,1,-1,1,0,1,1,1,0,0,0,0,0,16,0,0,4,1,1,5,5,4,2,5,0,1,0,0,0,0,0,0,0,7,1,1,0,0,0,0,1,3,1,0,KRBKRNvK,DRAW,8/8/4rk2/8/4B3/8/1K2nR2/8 b - - 0 1
1,1,0,0,0,0,0,1,-1,1,0,1,1,1,0,0,0,0,0,16,0,0,3,3,1,0,4,2,3,28,19,0,0,0,0,0,0,0,0,7,1,1,0,0,0,0,2,0,0,0,KRBKRNvK,DRAW,8/6B1/8/k7/4R3/8/3K3n/6r1 w - - 0 1
0,1,0,0,0,0,0,1,-1,1,0,1,1,1,0,0,0,0,0,16,0,0,3,4,6,7,6,2,5,3,0,1,0,0,0,0,0,0,0,7,1,1,0,0,0,0,3,0,1,1,KRBKRNvK,DRAW,8/4K2k/2r5/3B3R/8/7n/8/8 b - - 0 1
0,1,0,0,0,0,0,1,-1,1,0,1,1,1,0,0,0,0,0,16,0,0,2,1,3,1,5,2,3,4,0,1,0,0,0,0,0,0,0,7,1,1,0,0,0,0,1,1,0,0,KRBKRNvK,DRAW,7r/8/1k6/8/1K6/4B1n1/8/5R2 b - - 0 1
0,1,0,0,0,0,0,1,-1,1,0,1,1,1,0,0,0,0,0,16,0,0,4,5,6,1,4,3,2,6,0,1,0,0,0,0,0,0,0,7,1,1,0,1,0,0,3,0,0,1,KRBKRNvK,DRAW,4n3/5KB1/8/1k3R2/8/8/7r/8 b - - 0 1
1,1,0,0,0,0,0,1,-1,1,0,1,1,1,0,0,0,0,0,16,0,0,4,6,4,5,0,2,4,24,18,0,0,0,0,0,0,0,0,7,1,1,0,1,0,0,2,2,0,0,KRBKRNvK,DRAW,1R6/1B6/8/6K1/8/8/3nr3/5k2 w - - 0 1
0,1,0,0,0,0,0,1,-1,1,0,1,1,1,0,0,0,0,0,16,0,0,7,6,7,1,0,5,5,3,0,1,0,0,0,0,0,0,0,7,1,1,1,0,0,0,1,2,1,0,KRBKRNvK,DRAW,6K1/1R6/8/3r4/n7/3B4/8/1k6 b - - 0 1
1,1,0,0,0,0,0,1,-1,1,0,1,1,1,0,0,0,0,0,16,0,0,2,4,4,6,4,0,2,22,18,0,0,0,0,0,0,0,0,7,1,1,0,0,0,0,4,1,1,1,KRBKRNvK,DRAW,8/8/4n2r/4K1k1/2R5/6B1/8/8 w - - 0 1
0,1,0,0,0,0,0,1,-1,1,0,1,1,1,0,0,0,0,0,16,0,0,5,6,2,1,2,3,3,26,29,0,0,0,0,0,0,0,0,7,1,1,0,0,0,0,2,2,0,0,KRBKRNvK,DRAW,3r4/6n1/8/8/8/1k4K1/6B1/5R2 b - - 0 1
0,1,0,0,0,0,0,1,-1,1,0,1,1,1,0,0,0,0,0,16,0,0,3,4,4,5,1,0,3,7,0,1,0,0,0,0,0,0,0,7,1,1,0,0,0,0,3,1,0,1,KRBKRNvK,DRAW,8/8/2r5/1n2KB2/8/8/1R3k2/8 b - - 0 1
0,1,0,0,0,0,0,1,-1,1,0,1,1,1,0,0,0,0,0,16,0,0,2,3,2,1,0,1,5,24,23,0,0,0,0,0,0,0,0,7,1,1,0,0,0,0,3,1,0,1,KRBKRNvK,DRAW,r7/8/3R4/8/8/3K4/4n3/1k2B3 b - - 0 1
0,1,0,0,0,0,0,1,-1,1,0,1,1,1,0,0,0,0,0,16,0,0,3,1,2,3,5,3,1,6,0,1,0,0,0,0,0,0,0,7,1,1,0,0,0,0,2,3,1,0,KRBKRNvK,LOSS,8/8/3k2r1/8/1B4R1/1K4n1/8/8 b - - 0 1
1,1,0,0,0,0,0,1,-1,1,0,1,1,1,0,0,0,0,0,16,0,0,6,6,0,0,6,5,5,26,20,0,0,0,0,0,0,0,0,7,1,1,0,0,0,0,3,2,1,0,KRBKRNvK,DRAW,8/k1B5/8/8/2R5/3r4/1n6/6K1 w - - 0 1
1,1,0,0,0,0,0,1,-1,1,0,1,1,1,0,0,0,0,0,16,0,0,4,1,6,4,2,4,1,21,23,0,0,0,0,0,0,0,0,7,1,1,0,0,0,0,0,2,0,0,KRBKRNvK,DRAW,B7/1K6/8/8/4nr2/4k3/8/7R w - - 0 1
1,1,0,0,0,0,0,1,-1,1,0,1,1,1,0,0,0,0,0,16,0,0,4,0,1,4,4,5,0,23,26,0,0,0,0,0,0,0,0,7,1,1,0,0,0,0,2,3,0,0,KRBKRNvK,DRAW,4B3/8/8/4k3/5n2/8/K2R4/6r1 w - - 0 1
1,1,0,0,0,0,0,1,-1,1,0,1,1,1,0,0,0,0,0,16,0,0,4,3,6,1,2,2,3,26,22,0,0,0,0,0,0,0,0,7,1,1,1,0,0,0,2,3,1,1,KRBKRNvK,DRAW,8/R2K4/8/5r2/8/1k6/1B3n2/8 w - - 0 1
0,1,0,0,0,0,0,1,-1,1,0,1,1,1,0,0,0,0,0,16,0,0,6,6,2,0,5,3,4,2,0,1,0,0,0,0,0,0,0,7,1,1,0,0,0,0,1,2,1,1,KRBKRNvK,DRAW,8/8/k4R2/r1B5/8/5nK1/8/8 b - - 0 1
1,1,0,0,0,0,0,1,-1,1,0,1,1,1,0,0,0,0,0,16,0,0,2,2,3,0,5,1,4,6,0,1,0,0,0,0,0,0,0,7,1,1,0,1,0,0,4,1,0,1,KRBKRNvK,DRAW,8/8/k7/3R4/2K5/4n3/2B3r1/8 w - - 0 1
1,1,0,0,0,0,0,1,-1,1,0,1,1,1,0,0,0,0,0,16,0,0,2,2,2,0,1,2,5,21,20,0,0,0,0,0,0,0,0,7,1,1,0,0,0,0,2,1,0,0,KRBKRNvK,WIN,5R2/8/5B2/8/5n2/2K5/k7/5r2 w - - 0 1
1,1,0,0,0,0,0,1,-1,1,0,1,1,1,0,0,0,0,0,16,0,0,5,6,3,1,5,2,3,6,0,1,0,0,0,0,0,0,0,7,1,1,0,0,0,0,0,0,0,1,KRBKRNvK,LOSS,8/8/1k6/4n3/6K1/r4R1B/8/8 w - - 0 1
0,1,0,0,0,0,0,1,-1,1,0,1,1,1,0,0,0,0,0,16,0,0,3,2,4,4,7,1,3,24,26,0,0,0,0,0,0,0,0,7,1,1,0,1,0,0,3,1,0,1,KRBKRNvK,DRAW,4k3/4n3/8/2K5/8/1R1B4/r7/8 b - - 0 1
0,1,0,0,0,0,0,1,-1,1,0,1,1,1,0,0,0,0,0,16,0,0,5,7,1,2,2,5,2,22,27,0,0,0,0,0,0,0,0,7,1,1,0,1,0,0,2,3,1,1,KRBKRNvK,DRAW,8/5B2/8/R7/8/2k5/4r1nK/8 b - - 0 1
0,1,0,0,0,0,0,1,-1,1,0,1,1,1,0,0,0,0,0,16,0,0,2,7,6,5,4,5,1,7,0,1,0,0,0,0,0,0,0,7,1,1,0,0,0,0,0,2,0,1,KRBKRNvK,DRAW,R1B5/6nK/8/5k2/8/8/8/4r3 b - - 0 1
0,1,0,0,0,0,0,1,-1,1,0,1,1,1,0,0,0,0,0,16,0,0,4,5,3,6,7,1,5,20,27,0,0,0,0,0,0,0,0,7,1,1,1,0,0,0,2,0,0,0,KRBKRNvK,DRAW,6k1/2R5/8/8/5KB1/1r6/8/5n2 b - - 0 1
0,1,0,0,0,0,0,1,-1,1,0,1,1,1,0,0,0,0,0,16,0,0,2,1,4,3,3,2,0,23,27,0,0,0,0,0,0,0,0,7,1,1,0,1,0,0,2,3,0,0,KRBKRNvK,DRAW,8/8/8/1K4n1/3k4/B7/7r/4R3 b - - 0 1
0,1,0,0,0,0,0,1,-1,1,0,1,1,1,0,0,0,0,0,16,0,0,6,7,2,1,3,4,2,22,26,0,0,0,0,0,0,0,0,7,1,1,0,0,0,0,2,2,1,0,KRBKRNvK,DRAW,4r3/8/2R5/8/1k6/7K/8/Bn6 b - - 0 1
0,1,0,0,0,0,0,1,-1,1,0,1,1,1,0,0,0,0,0,16,0,0,3,7,3,7,0,3,6,1,0,1,0,0,0,0,0,0,0,7,1,1,1,0,0,0,2,1,1,1,KRBKRNvK,LOSS,8/6R1/1r6/8/7K/5B2/5n2/7k b - - 0 1
1,1,0,0,0,0,0,1,-1,1,0,1,1,1,0,0,0,0,0,16,0,0,4,4,3,0,3,0,3,29,25,0,0,0,0,0,0,0,0,7,1,1,0,0,0,0,3,1,0,1,KRBKRNvK,DRAW,6r1/4B3/4n3/8/k3K3/8/8/2R5 w - - 0 1
0,1,0,0,0,0,0,1,-1,1,0,1,1,1,0,0,0,0,0,16,0,0,5,7,1,2,4,5,1,24,21,0,0,0,0,0,0,0,0,7,1,1,1,0,0,0,0,2,0,0,KRBKRNvK,DRAW,4Bn2/5R2/8/2k5/8/1r6/7K/8 b - - 0 1
1,1,0,0,0,0,0,1,-1,1,0,1,1,1,0,0,0,0,0,16,0,0,3,6,4,4,1,2,2,24,18,0,0,0,0,0,0,0,0,7,1,1,0,0,0,0,2,0,0,0,KRBKRNvK,DRAW,6Br/8/8/R5K1/8/8/4k3/6n1 w - - 0 1
1,1,0,0,0,0,0,1,-1,1,0,1,1,1,0,0,0,0,0,16,0,0,3,3,1,6,0,2,5,4,0,1,0,0,0,0,0,0,0,7,1,1,0,1,0,0,3,0,0,1,KRBKRNvK,DRAW,7B/8/8/R7/8/8/n2K1r2/6k1 w - - 0 1
0,1,0,0,0,0,0,1,-1,1,0,1,1,1,0,0,0,0,0,16,0,0,6,1,7,6,1,5,4,20,24,0,0,0,0,0,0,0,0,7,1,1,0,1,0,0,1,0,0,0,KRBKRNvK,DRAW,1K6/8/8/8/8/2R5/r5k1/1B3n2 b - - 0 1
1,1,0,0,0,0,0,1,-1,1,0,1,1,1,0,0,0,0,0,16,0,0,5,2,1,7,3,3,3,7,0,1,0,0,0,0,0,0,0,7,1,1,1,0,0,0,1,2,0,1,KRBKRNvK,DRAW,8/R2r4/8/8/7k/3B4/2K5/4n3 w - - 0 1
1,1,0,0,0,0,0,1,-1,1,0,1,1,1,0,0,0,0,0,16,0,0,2,5,1,7,1,3,5,4,0,1,0,0,0,0,0,0,0,7,1,1,0,1,0,0,3,0,0,0,KRBKRNvK,DRAW,7B/8/8/4n3/8/8/1r3K1k/3R4 w - - 0 1
1,1,0,0,0,0,0,1,-1,1,0,1,1,1,0,0,0,0,0,16,0,0,3,7,1,7,4,5,3,26,20,0,0,0,0,0,0,0,0,7,1,1,0,0,0,0,2,0,0,0,KRBKRNvK,DRAW,6nB/1r6/8/7k/4R3/8/7K/8 w - - 0 1
1,1,0,0,0,0,0,1,-1,1,0,1,1,1,0,0,0,0,0,16,0,0,6,1,0,1,6,5,4,25,25,0,0,0,0,0,0,0,0,7,1,1,0,0,0,0,1,3,0,0,KRBKRNvK,DRAW,8/1k6/3r1n2/8/8/4B1R1/8/1K6 w - - 0 1
0,1,0,0,0,0,0,1,-1,1,0,1,1,1,0,0,0,0,0,16,0,0,2,0,0,2,2,6,2,25,19,0,0,0,0,0,0,0,0,7,1,1,0,0,0,0,0,2,0,0,KRBKRNvK,DRAW,R7/8/8/7B/6r1/2k5/8/K3n3 b - - 0 1
0,1,0,0,0,0,0,1,-1,1,0,1,1,1,0,0,0,0,0,16,0,0,4,6,2,2,4,3,1,23,28,0,0,0,0,0,0,0,0,7,1,1,1,0,0,0,2,2,1,0,KRBKRNvK,DRAW,8/R5B1/3r4/2k5/8/6K1/n7/8 b - - 0 1
0,1,0,0,0,0,0,1,-1,1,0,1,1,1,0,0,0,0,0,16,0,0,4,7,0,6,4,6,2,22,18,0,0,0,0,0,0,0,0,7,1,1,1,1,0,0,2,0,1,1,KRBKRNvK,DRAW,3B4/4R3/8/6k1/8/8/6r1/2n4K b - - 0 1
1,1,0,0,0,0,0,1,-1,1,0,1,1,1,0,0,0,0,0,16,0,0,2,4,4,6,4,0,2,4,0,1,0,0,0,0,0,0,0,7,1,1,0,0,0,0,3,1,0,1,KRBKRNvK,DRAW,5R2/B7/8/4K1k1/2n5/8/8/r7 w - - 0 1
0,1,0,0,0,0,0,1,-1,1,0,1,1,1,0,0,0,0,0,16,0,0,5,2,2,7,1,2,5,3,0,1,0,0,0,0,0,0,0,7,1,1,0,0,0,0,2,1,0,1,KRBKRNvK,DRAW,7R/8/r7/3B4/8/2K5/2n4k/8 b - - 0 1
1,1,0,0,0,0,0,1,-1,1,0,1,1,1,0,0,0,0,0,16,0,0,5,2,5,7,5,2,4,22,22,0,0,0,0,0,0,0,0,7,1,1,0,0,0,0,2,3,0,1,KRBKRNvK,DRAW,3RB3/8/2K4k/8/4r3/6n1/8/8 w - - 0 1
0,1,0,0,0,0,0,1,-1,1,0,1,1,1,0,0,0,0,0,16,0,0,2,6,0,4,1,5,2,26,23,0,0,0,0,0,0,0,0,7,1,1,0,0,0,0,1,0,0,0,KRBKRNvK,DRAW,1R6/5r2/8/8/3n4/8/4k3/1B4K1 b - - 0 1
1,1,0,0,0,0,0,1,-1,1,0,1,1,1,0,0,0,0,0,16,0,0,4,3,6,4,2,2,1,28,19,0,0,0,0,0,0,0,0,7,1,1,0,0,0,0,0,2,1,0,KRBKRNvK,DRAW,7R/3K4/8/8/8/2r1k3/4B1n1/8 w - - 0 1
1,1,0,0,0,0,0,1,-1,1,0,1,1,1,0,0,0,0,0,16,0,0,3,1,5,4,2,3,1,7,0,1,0,0,0,0,0,0,0,7,1,1,0,0,0,0,0,2,1,1,KRBKRNvK,DRAW,3B4/8/1K6/8/n7/4k1r1/2R5/8 w - - 0 1
0,1,0,0,0,0,0,1,-1,1,0,1,1,1,0,0,0,0,0,16,0,0,2,1,4,1,2,2,3,15,28,0,0,0,0,0,0,0,0,7,1,1,0,0,0,0,0,0,1,0,KRBKRNvK,DRAW,5n1r/8/8/1K6/1B6/1k6/8/6R1 b - - 0 1
0,1,0,0,0,0,0,1,-1,1,0,1,1,1,0,0,0,0,0,16,0,0,2,6,2,4,2,3,1,4,0,1,0,0,0,0,0,0,0,7,1,1,0,0,0,0,0,2,1,1,KRBKRNvK,DRAW,r7/4B3/8/8/8/4kRK1/5n2/8 b - - 0 1
0,1,0,0,0,0,0,1,-1,1,0,1,1,1,0,0,0,0,0,16,0,0,3,0,4,2,1,3,3,7,0,1,0,0,0,0,0,0,0,7,1,1,1,0,0,0,0,0,0,2,KRBKRNvK,LOSS,8/2R5/Br6/K7/8/n7/2k5/8 b - - 0 1
0,1,0,0,0,0,0,1,-1,1,0,1,1,1,0,0,0,0,0,16,0,0,6,5,1,3,7,3,3,18,27,0,0,0,0,0,0,0,0,7,1,1,0,0,0,0,2,2,0,0,KRBKRNvK,DRAW,3k4/8/r1n5/8/5R2/7B/5K2/8 b - - 0 1
0,1,0,0,0,0,0,1,-1,1,0,1,1,1,0,0,0,0,0,16,0,0,5,4,6,1,1,2,4,21,28,0,0,0,0,0,0,0,0,7,1,1,0,0,0,0,0,0,0,0,KRBKRNvK,DRAW,R7/4K3/8/8/8/6r1/1k6/4Bn2 b - - 0 1
1,1,0,0,0,0,0,1,-1,1,0,1,1,1,0,0,0,0,0,16,0,0,3,1,1,0,4,4,3,29,15,0,0,0,0,0,0,0,0,7,1,1,0,0,0,0,2,0,0,0,KRBKRNvK,DRAW,r7/8/8/k6B/4R3/8/1K6/6n1 w - - 0 1
1,1,0,0,0,0,0,1,-1,1,0,1,1,1,0,0,0,0,0,16,0,0,4,5,0,7,4,4,3,25,21,0,0,0,0,0,0,0,0,7,1,1,0,0,0,0,0,0,1,0,KRBKRNvK,DRAW,8/7r/7B/7k/3n4/8/1R6/5K2 w - - 0 1
0,1,0,0,0,0,0,1,-1,1,0,1,1,1,0,0,0,0,0,16,0,0,4,2,1,6,2,3,3,22,22,0,0,0,0,0,0,0,0,7,1,1,0,0,0,0,2,0,0,1,KRBKRNvK,DRAW,2B5/8/8/2R5/8/1r4kn/2K5/8 b - - 0 1
1,1,0,0,0,0,0,1,-1,1,0,1,1,1,0,0,0,0,0,16,0,0,2,2,5,0,7,2,6,6,0,1,0,0,0,0,0,0,0,7,1,1,0,0,0,0,3,2,0,2,KRBKRNvK,DRAW,k7/8/n1K5/R7/2r5/8/8/1B6 w - - 0 1
1,1,0,0,0,0,0,1,-1,1,0,1,1,1,0,0,0,0,0,16,0,0,4,5,6,1,5,3,3,6,0,1,0,0,0,0,0,0,0,7,1,1,0,0,0,0,2,2,0,2,KRBKRNvK,DRAW,8/3n1K2/1k6/5r2/4R3/6B1/8/8 w - - 0 1
0,1,0,0,0,0,0,1,-1,1,0,1,1,1,0,0,0,0,0,16,0,0,2,2,4,2,2,1,2,20,24,0,0,0,0,0,0,0,0,7,1,1,0,0,0,0,2,1,0,0,KRBKRNvK,DRAW,1R6/5r2/8/2K2n2/8/2k5/5B2/8 b - - 0 1
1,1,0,0,0,0,0,1,-1,1,0,1,1,1,0,0,0,0,0,16,0,0,2,4,0,6,1,3,4,20,21,0,0,0,0,0,0,0,0,7,1,1,0,0,0,0,2,1,1,0,KRBKRNvK,DRAW,8/2r1n3/8/8/8/8/3RB1k1/4K3 w - - 0 1
0,1,0,0,0,0,0,1,-1,1,0,1,1,1,0,0,0,0,0,16,0,0,3,0,6,3,5,5,1,24,26,0,0,0,0,0,0,0,0,7,1,1,0,0,0,0,2,2,2,0,KRBKRNvK,DRAW,8/K7/3k4/5B2/5R2/8/1n6/7r b - - 0 1
1,1,0,0,0,0,0,1,-1,1,0,1,1,1,0,0,0,0,0,16,0,0,4,2,3,6,5,1,3,6,0,1,0,0,0,0,0,0,0,7,1,1,0,0,0,0,3,2,0,2,KRBKRNvK,DRAW,8/8/3B2k1/8/2K1r3/8/2n5/5R2 w - - 0 1
1,1,0,0,0,0,0,1,-1,1,0,1,1,1,0,0,0,0,0,16,0,0,5,1,5,6,7,3,5,30,19,0,0,0,0,0,0,0,0,7,1,1,0,0,0,0,3,2,0,1,KRBKRNvK,WIN,3r2k1/4n3/1K6/8/7R/8/1B6/8 w - - 0 1
1,1,0,0,0,0,0,1,-1,1,0,1,1,1,0,0,0,0,0,16,0,0,7,7,6,0,0,5,6,22,22,0,0,0,0,0,0,0,0,7,1,1,0,0,0,0,0,2,0,0,KRBKRNvK,DRAW,3B1R2/7K/8/8/8/8/3n4/k3r3 w - - 0 1
0,1,0,0,0,0,0,1,-1,1,0,1,1,1,0,0,0,0,0,16,0,0,3,7,1,4,3,5,0,5,0,1,0,0,0,0,0,0,0,7,1,1,1,0,0,0,2,4,0,0,KRBKRNvK,DRAW,1r6/4R3/3n4/8/4k3/8/7K/3B4 b - - 0 1
1,1,0,0,0,0,0,1,-1,1,0,1,1,1,0,0,0,0,0,16,0,0,5,7,0,3,5,6,1,3,0,1,0,0,0,0,0,0,0,7,1,1,1,0,0,0,0,2,0,0,KRBKRNvK,DRAW,8/5nR1/3k3r/8/8/8/8/4B2K w - - 0 1
0,1,0,0,0,0,0,1,-1,1,0,1,1,1,0,0,0,0,0,16,0,0,4,6,2,2,3,3,1,20,27,0,0,0,0,0,0,0,0,7,1,1,1,0,0,0,2,3,1,0,KRBKRNvK,DRAW,8/1R6/2B2n1r/8/2k5/6K1/8/8 b - - 0 1
1,1,0,0,0,0,0,1,-1,1,0,1,1,1,0,0,0,0,0,16,0,0,6,1,7,7,3,5,3,9,25,0,0,0,0,0,0,0,0,7,1,1,0,1,0,0,1,1,0,0,KRBKRNvK,DRAW,RK6/B7/8/8/7k/1n6/6r1/8 w - - 0 1
0,1,0,0,0,0,0,1,-1,1,0,1,1,1,0,0,0,0,0,16,0,0,3,3,5,5,2,1,2,6,0,1,0,0,0,0,0,0,0,7,1,1,1,0,0,0,2,1,1,1,KRBKRNvK,LOSS,nr6/1R6/3K4/8/8/5k2/8/3B4 b - - 0 1
1,1,0,0,0,0,0,1,-1,1,0,1,1,1,0,0,0,0,0,16,0,0,4,4,3,0,6,0,5,5,0,1,0,0,0,0,0,0,0,7,1,1,0,0,0,0,4,2,0,2,KRBKRNvK,DRAW,8/k7/5nr1/4R3/4KB2/8/8/8 w - - 0 1
1,1,0,0,0,0,0,1,-1,1,0,1,1,1,0,0,0,0,0,16,0,0,3,1,3,4,2,2,1,7,0,1,0,0,0,0,0,0,0,7,1,1,0,0,0,0,3,2,0,0,KRBKRNvK,DRAW,1r6/8/6B1/7R/1K6/4k3/8/2n5 w - - 0 1
0,1,0,0,0,0,0,1,-1,1,0,1,1,1,0,0,0,0,0,16,0,0,2,3,5,3,7,1,3,12,24,0,0,0,0,0,0,0,0,7,1,1,0,1,0,0,2,0,2,0,KRBKRNvK,DRAW,3k4/8/3KBR2/8/8/8/rn6/8 b - - 0 1
1,1,0,0,0,0,0,1,-1,1,0,1,1,1,0,0,0,0,0,16,0,0,7,1,7,1,0,5,5,26,25,0,0,0,0,0,0,0,0,7,1,1,0,0,0,0,2,3,0,0,KRBKRNvK,DRAW,1K6/8/B7/7r/6R1/8/5n2/1k6 w - - 0 1
1,1,0,0,0,0,0,1,-1,1,0,1,1,1,0,0,0,0,0,16,0,0,3,2,3,5,0,1,4,6,0,1,0,0,0,0,0,0,0,7,1,1,0,0,0,0,3,2,0,2,KRBKRNvK,DRAW,4R3/8/3nr3/8/2K5/2B5/8/5k2 w - - 0 1
1,1,0,0,0,0,0,1,-1,1,0,1,1,1,0,0,0,0,0,16,0,0,2,7,4,5,2,3,2,29,20,0,0,0,0,0,0,0,0,7,1,1,1,0,0,0,2,1,1,0,KRBKRNvK,DRAW,8/4R3/8/7K/3n4/3B1k2/8/3r4 w - - 0 1
0,1,0,0,0,0,0,1,-1,1,0,1,1,1,0,0,0,0,0,16,0,0,5,3,0,3,5,3,1,17,20,0,0,0,0,0,0,0,0,7,1,1,0,0,0,0,2,2,0,1,KRBKRNvK,DRAW,8/8/2rk4/6R1/7B/8/8/3Kn3 b - - 0 1
0,1,0,0,0,0,0,1,-1,1,0,1,1,1,0,0,0,0,0,16,0,0,3,4,0,1,1,3,4,6,0,1,0,0,0,0,0,0,0,7,1,1,0,0,0,0,0,3,0,0,KRBKRNvK,DRAW,5B2/3n4/8/8/1r6/8/1k5R/4K3 b - - 0 1
0,1,0,0,0,0,0,1,-1,1,0,1,1,1,0,0,0,0,0,16,0,0,3,7,4,4,4,3,0,5,0,1,0,0,0,0,0,0,0,7,1,1,1,1,0,0,2,4,1,0,KRBKRNvK,DRAW,8/4R3/1B6/4k2K/n7/8/4r3/8 b - - 0 1
1,1,0,0,0,0,0,1,-1,1,0,1,1,1,0,0,0,0,0,16,0,0,6,4,6,3,0,2,3,24,20,0,0,0,0,0,0,0,0,7,1,1,0,0,0,0,2,2,2,0,KRBKRNvK,DRAW,8/4K3/n7/8/5r2/4R3/8/1B1k4 w - - 0 1
1,1,0,0,0,0,0,1,-1,1,0,1,1,1,0,0,0,0,0,16,0,0,3,4,2,1,5,1,3,23,21,0,0,0,0,0,0,0,0,7,1,1,0,0,0,0,3,2,0,0,KRBKRNvK,DRAW,8/8/1k6/1r6/7n/4K3/1B6/1R6 w - - 0 1
1,1,0,0,0,0,0,1,-1,1,0,1,1,1,0,0,0,0,0,16,0,0,6,6,5,0,1,3,5,6,0,1,0,0,0,0,0,0,0,7,1,1,1,0,0,0,1,2,0,1,KRBKRNvK,DRAW,8/R1B5/4r1K1/n7/8/8/k7/8 w - - 0 1
1,1,0,0,0,0,0,1,-1,1,0,1,1,1,0,0,0,0,0,16,0,0,4,3,3,7,7,0,6,21,20,0,0,0,0,0,0,0,0,7,1,1,0,0,0,0,3,0,0,0,KRBKRNvK,DRAW,7k/8/8/8/3K4/r6n/4B3/4R3 w - - 0 1
0,1,0,0,0,0,0,1,-1,1,0,1,1,1,0,0,0,0,0,16,0,0,5,7,0,3,5,6,1,4,0,1,0,0,0,0,0,0,0,7,1,1,1,0,0,0,0,2,2,0,KRBKRNvK,DRAW,2B5/3R4/3k4/8/8/r7/8/n6K b - - 0 1
0,1,0,0,0,0,0,1,-1,1,0,1,1,1,0,0,0,0,0,16,0,0,6,2,6,4,0,3,3,23,28,0,0,0,0,0,0,0,0,7,1,1,0,0,0,0,2,2,1,0,KRBKRNvK,DRAW,8/1BK5/7n/6r1/8/2R5/8/4k3 b - - 0 1
1,1,0,0,0,0,0,1,-1,1,0,1,1,1,0,0,0,0,0,16,0,0,3,4,2,7,5,1,4,7,0,1,0,0,0,0,0,0,0,7,1,1,0,0,0,0,3,2,0,1,KRBKRNvK,DRAW,8/3r4/7k/R2B1n2/8/4K3/8/8 w - - 0 1
1,1,0,0,0,0,0,1,-1,1,0,1,1,1,0,0,0,0,0,16,0,0,5,5,4,0,4,1,3,20,22,0,0,0,0,0,0,0,0,7,1,1,1,0,0,0,4,2,0,1,KRBKRNvK,DRAW,8/3R3B/8/k4K2/8/n3r3/8/8 w - - 0 1
0,1,0,0,0,0,0,1,-1,1,0,1,1,1,0,0,0,0,0,16,0,0,4,2,4,6,7,1,5,17,30,0,0,0,0,0,0,0,0,7,1,1,0,0,0,0,2,0,0,0,KRBKRNvK,DRAW,r5k1/7n/8/2K5/8/4B3/8/5R2 b - - 0 1
1,1,0,0,0,0,0,1,-1,1,0,1,1,1,0,0,0,0,0,16,0,0,3,3,6,0,3,2,3,7,0,1,0,0,0,0,0,0,0,7,1,1,0,1,0,0,3,0,2,1,KRBKRNvK,DRAW,5n2/3K4/8/1R6/k7/2B5/6r1/8 w - - 0 1
0,1,0,0,0,0,0,1,-1,1,0,1,1,1,0,0,0,0,0,16,0,0,3,6,4,3,1,2,2,18,29,0,0,0,0,0,0,0,0,7,1,1,0,1,0,0,2,2,0,0,KRBKRNvK,DRAW,1R6/8/8/6K1/8/8/3kr3/B5n1 b - - 0 1
0,1,0,0,0,0,0,1,-1,1,0,1,1,1,0,0,0,0,0,16,0,0,3,5,3,6,0,1,5,16,29,0,0,0,0,0,0,0,0,7,1,1,1,0,0,0,2,0,0,0,KRBKRNvK,DRAW,2B5/7R/8/8/5K2/8/8/nr4k1 b - - 0 1
0,1,0,0,0,0,0,1,-1,1,0,1,1,1,0,0,0,0,0,16,0,0,5,6,4,1,3,2,2,6,0,1,0,0,0,0,0,0,0,7,1,1,1,0,0,0,1,0,0,1,KRBKRNvK,DRAW,8/1R6/8/6K1/1k6/7r/8/1B3n2 b - - 0 1
0,1,0,0,0,0,0,1,-1,1,0,1,1,1,0,0,0,0,0,16,0,0,2,4,2,2,3,1,1,22,23,0,0,0,0,0,0,0,0,7,1,1,1,1,0,0,4,2,0,2,KRBKRNvK,DRAW,7B/3R4/8/8/2k5/4K3/5r2/2n5 b - - 0 1
1,1,0,0,0,0,0,1,-1,1,0,1,1,1,0,0,0,0,0,16,0,0,7,0,0,7,7,6,6,1,0,1,0,0,0,0,0,0,0,7,1,1,0,0,0,0,1,2,0,0,KRBKRNvK,DRAW,1B5k/8/7n/8/r7/8/8/KR6 w - - 0 1
0,1,0,0,0,0,0,1,-1,1,0,1,1,1,0,0,0,0,0,16,0,0,7,0,7,7,5,6,4,5,0,1,0,0,0,0,0,0,0,7,1,1,0,0,0,0,0,3,0,0,KRBKRNvK,DRAW,K7/3n4/7k/8/7r/R7/8/2B5 b - - 0 1
0,1,0,0,0,0,0,1,-1,1,0,1,1,1,0,0,0,0,0,16,0,0,4,4,0,0,4,3,3,3,0,1,0,0,0,0,0,0,0,7,1,1,0,1,0,0,1,1,0,1,KRBKRNvK,DRAW,R5B1/8/6n1/k7/8/8/6r1/4K3 b - - 0 1
1,1,0,0,0,0,0,1,-1,1,0,1,1,1,0,0,0,0,0,16,0,0,7,1,7,0,0,5,6,3,0,1,0,0,0,0,0,0,0,7,1,1,0,0,0,0,2,3,0,1,KRBKRNvK,DRAW,1K6/8/2n5/1r6/2R5/8/3B4/k7 w - - 0 1
0,1,0,0,0,0,0,1,-1,1,0,1,1,1,0,0,0,0,0,16,0,0,2,4,2,6,0,1,5,19,26,0,0,0,0,0,0,0,0,7,1,1,0,0,0,0,3,2,0,0,KRBKRNvK,DRAW,7R/1n6/3r4/8/8/4K3/1B6/6k1 b - - 0 1
0,1,0,0,0,0,0,1,-1,1,0,1,1,1,0,0,0,0,0,16,0,0,3,1,6,4,4,4,0,5,0,1,0,0,0,0,0,0,0,7,1,1,0,0,0,0,2,4,0,0,KRBKRNvK,DRAW,8/1K6/4r3/4k3/8/8/8/B1n3R1 b - - 0 1
1,1,0,0,0,0,0,1,-1,1,0,1,1,1,0,0,0,0,0,16,0,0,3,3,5,6,2,1,3,20,25,0,0,0,0,0,0,0,0,7,1,1,0,0,0,0,2,3,1,1,KRBKRNvK,DRAW,8/2B5/3K4/7R/1n6/6k1/8/4r3 w - - 0 1
1,1,0,0,0,0,0,1,-1,1,0,1,1,1,0,0,0,0,0,16,0,0,2,1,0,3,0,5,3,21,18,0,0,0,0,0,0,0,0,7,1,1,1,0,0,0,0,2,1,0,KRBKRNvK,DRAW,7n/2R5/8/8/r7/8/8/1KBk4 w - - 0 1
1,1,0,0,0,0,0,1,-1,1,0,1,1,1,0,0,0,0,0,16,0,0,3,4,3,2,0,0,4,5,0,1,0,0,0,0,0,0,0,7,1,1,0,0,0,0,4,1,0,1,KRBKRNvK,DRAW,8/5Bn1/8/8/R3K1r1/8/8/2k5 w - - 0 1
1,1,0,0,0,0,0,1,-1,1,0,1,1,1,0,0,0,0,0,16,0,0,6,6,2,0,4,3,3,6,0,1,0,0,0,0,0,0,0,7,1,1,1,0,0,0,3,0,1,0,KRBKRNvK,DRAW,8/3R4/2B3r1/k7/8/6K1/8/1n6 w - - 0 1
1,1,0,0,0,0,0,1,-1,1,0,1,1,1,0,0,0,0,0,16,0,0,5,0,5,5,2,4,2,17,25,0,0,0,0,0,0,0,0,7,1,1,0,0,0,0,0,2,0,0,KRBKRNvK,DRAW,8/B7/KR6/8/3r4/5k2/6n1/8 w - - 0 1
0,1,0,0,0,0,0,1,-1,1,0,1,1,1,0,0,0,0,0,16,0,0,5,5,1,0,6,3,5,4,0,1,0,0,0,0,0,0,0,7,1,1,0,0,0,0,0,2,0,1,KRBKRNvK,DRAW,8/k3n3/8/8/3r4/R7/5K2/4B3 b - - 0 1
0,1,0,0,0,0,0,1,-1,1,0,1,1,1,0,0,0,0,0,16,0,0,4,5,6,1,3,3,2,5,0,1,0,0,0,0,0,0,0,7,1,1,0,0,0,0,0,0,0,1,KRBKRNvK,DRAW,4n3/5K2/8/8/1k6/r7/8/1R3B2 b - - 0 1
1,1,0,0,0,0,0,1,-1,1,0,1,1,1,0,0,0,0,0,16,0,0,6,6,2,0,4,3,3,8,0,1,0,0,0,0,0,0,0,7,1,1,0,0,0,0,2,0,1,0,KRBKRNvK,DRAW,8/8/3R4/kB6/8/n1r3K1/8/8 w - - 0 1
1,1,0,0,0,0,0,1,-1,1,0,1,1,1,0,0,0,0,0,16,0,0,7,0,4,7,0,3,6,3,0,1,0,0,0,0,0,0,0,7,1,1,1,0,0,0,0,0,0,1,KRBKRNvK,DRAW,8/2RB4/8/K7/8/r7/n7/7k w - - 0 1
0,1,0,0,0,0,0,1,-1,1,0,1,1,1,0,0,0,0,0,16,0,0,3,4,4,7,2,0,4,3,0,1,0,0,0,0,0,0,0,7,1,1,0,0,0,0,3,0,1,0,KRBKRNvK,DRAW,r7/8/1R6/4KB2/8/7k/6n1/8 b - - 0 1
1,1,0,0,0,0,0,1,-1,1,0,1,1,1,0,0,0,0,0,16,0,0,6,1,0,5,6,5,3,4,0,1,0,0,0,0,0,0,0,7,1,1,0,0,0,0,2,0,1,0,KRBKRNvK,LOSS,4R3/1r3k2/8/8/4n3/8/8/1KB5 w - - 0 1
0,1,0,0,0,0,0,1,-1,1,0,1,1,1,0,0,0,0,0,16,0,0,4,3,4,7,6,0,5,25,15,0,0,0,0,0,0,0,0,7,1,1,0,0,0,0,4,3,0,2,KRBKRNvK,DRAW,8/7k/4r3/1nRK4/1B6/8/8/8 b - - 0 1
0,1,0,0,0,0,0,1,-1,1,0,1,1,1,0,0,0,0,0,16,0,0,2,4,5,2,6,1,3,20,18,0,0,0,0,0,0,0,0,7,1,1,0,0,0,0,3,1,0,1,KRBKRNvK,DRAW,8/2k3B1/4K3/8/2n5/2R5/8/5r2 b - - 0 1
0,1,0,0,0,0,0,1,-1,1,0,1,1,1,0,0,0,0,0,16,0,0,2,6,2,7,0,3,6,20,22,0,0,0,0,0,0,0,0,7,1,1,0,0,0,0,2,3,1,1,KRBKRNvK,DRAW,8/6B1/8/7r/8/6K1/3n1R2/7k b - - 0 1
1,1,0,0,0,0,0,1,-1,1,0,1,1,1,0,0,0,0,0,16,0,0,3,1,3,2,6,2,3,6,0,1,0,0,0,0,0,0,0,7,1,1,0,1,0,0,1,1,0,1,KRBKRNvK,DRAW,8/2k2n2/8/8/1K2B3/8/1r6/6R1 w - - 0 1
0,1,0,0,0,0,0,1,-1,1,0,1,1,1,0,0,0,0,0,16,0,0,7,2,7,4,0,4,3,21,25,0,0,0,0,0,0,0,0,7,1,1,0,0,0,0,3,0,0,0,KRBKRNvK,DRAW,2K5/8/8/8/2R2B2/6r1/n7/4k3 b - - 0 1
1,1,0,0,0,0,0,1,-1,1,0,1,1,1,0,0,0,0,0,16,0,0,7,7,6,0,2,5,4,23,25,0,0,0,0,0,0,0,0,7,1,1,0,0,0,0,2,1,0,0,KRBKRNvK,DRAW,1r6/7K/B3R3/8/8/k5n1/8/8 w - - 0 1
1,1,0,0,0,0,0,1,-1,1,0,1,1,1,0,0,0,0,0,16,0,0,2,2,6,0,4,3,3,5,0,1,0,0,0,0,0,0,0,7,1,1,0,0,0,0,0,3,0,1,KRBKRNvK,DRAW,2B5/2K1r3/5R2/k7/5n2/8/8/8 w - - 0 1
1,1,0,0,0,0,0,1,-1,1,0,1,1,1,0,0,0,0,0,16,0,0,7,0,1,7,3,5,3,25,19,0,0,0,0,0,0,0,0,7,1,1,0,0,0,0,0,2,1,0,KRBKRNvK,DRAW,8/8/8/3r3n/7k/5R2/K7/5B2 w - - 0 1
0,1,0,0,0,0,0,1,-1,1,0,1,1,1,0,0,0,0,0,16,0,0,5,2,7,7,7,4,6,3,0,1,0,0,0,0,0,0,0,7,1,1,0,0,0,0,0,2,0,0,KRBKRNvK,DRAW,2K4k/4B3/8/r7/8/8/1n6/7R b - - 0 1
1,1,0,0,0,0,0,1,-1,1,0,1,1,1,0,0,0,0,0,16,0,0,5,2,6,0,1,3,5,7,0,1,0,0,0,0,0,0,0,7,1,1,0,0,0,0,3,1,0,1,KRBKRNvK,DRAW,8/2K3B1/4n3/1R6/8/1r6/k7/8 w - - 0 1
0,1,0,0,0,0,0,1,-1,1,0,1,1,1,0,0,0,0,0,16,0,0,5,2,6,7,2,3,4,19,33,0,0,0,0,0,0,0,0,7,1,1,0,1,0,0,2,0,0,0,KRBKRNvK,DRAW,6n1/2K5/6R1/8/8/2B4k/r7/8 b - - 0 1
1,1,0,0,0,0,0,1,-1,1,0,1,1,1,0,0,0,0,0,16,0,0,3,3,2,0,3,1,3,4,0,1,0,0,0,0,0,0,0,7,1,1,0,0,0,0,3,1,1,2,KRBKRNvK,DRAW,8/8/8/8/k1B4R/1r1K4/5n2/8 w - - 0 1
0,1,0,0,0,0,0,1,-1,1,0,1,1,1,0,0,0,0,0,16,0,0,2,1,5,3,6,3,2,23,28,0,0,0,0,0,0,0,0,7,1,1,0,0,0,0,3,0,0,1,KRBKRNvK,DRAW,2r5/3k4/1K6/7R/8/8/1B4n1/8 b - - 0 1
1,1,0,0,0,0,0,1,-1,1,0,1,1,1,0,0,0,0,0,16,0,0,2,4,3,2,3,0,1,18,17,0,0,0,0,0,0,0,0,7,1,1,0,0,0,0,4,3,2,1,KRBKRNvK,DRAW,8/8/8/2r5/2k1K3/7n/1B2R3/8 w - - 0 1
1,1,0,0,0,0,0,1,-1,1,0,1,1,1,0,0,0,0,0,16,0,0,4,2,4,0,0,1,6,25,20,0,0,0,0,0,0,0,0,7,1,1,0,1,0,0,3,0,0,1,KRBKRNvK,DRAW,8/8/6R1/2K5/8/n7/1r6/k6B w - - 0 1
0,1,0,0,0,0,0,1,-1,1,0,1,1,1,0,0,0,0,0,16,0,0,3,0,0,3,2,6,1,23,23,0,0,0,0,0,0,0,0,7,1,1,0,0,0,0,1,2,0,0,KRBKRNvK,DRAW,8/8/3n4/8/2r5/3k4/7R/K5B1 b - - 0 1
1,1,0,0,0,0,0,1,-1,1,0,1,1,1,0,0,0,0,0,16,0,0,3,4,7,3,4,3,0,24,24,0,0,0,0,0,0,0,0,7,1,1,0,0,0,0,0,4,1,0,KRBKRNvK,DRAW,4K3/8/1n6/3k4/B7/2R5/8/6r1 w - - 0 1
0,1,0,0,0,0,0,1,-1,1,0,1,1,1,0,0,0,0,0,16,0,0,7,7,6,0,6,5,5,19,27,0,0,0,0,0,0,0,0,7,1,1,0,0,0,0,2,2,0,1,KRBKRNvK,DRAW,8/k6K/8/6r1/8/5B2/8/2R4n b - - 0 1
0,1,0,0,0,0,0,1,-1,1,0,1,1,1,0,0,0,0,0,16,0,0,3,2,3,1,0,1,5,23,21,0,0,0,0,0,0,0,0,7,1,1,0,0,0,0,2,1,0,0,KRBKRNvK,DRAW,4B3/3n4/2R5/8/2K5/8/8/1k4r1 b - - 0 1
1,1,0,0,0,0,0,1,-1,1,0,1,1,1,0,0,0,0,0,16,0,0,6,7,1,2,7,5,4,27,19,0,0,0,0,0,0,0,0,7,1,1,1,0,0,0,1,2,2,0,KRBKRNvK,DRAW,2k5/R7/1B5n/3r4/8/8/7K/8 w - - 0 1
0,1,0,0,0,0,0,1,-1,1,0,1,1,1,0,0,0,0,0,16,0,0,5,1,5,6,2,3,3,26,24,0,0,0,0,0,0,0,0,7,1,1,1,0,0,0,1,2,0,1,KRBKRNvK,DRAW,8/R7/1K6/n7/8/6k1/2B5/3r4 b - - 0 1
1,1,0,0,0,0,0,1,-1,1,0,1,1,1,0,0,0,0,0,16,0,0,2,5,2,7,0,2,6,4,0,1,0,0,0,0,0,0,0,7,1,1,0,0,0,0,1,0,0,2,KRBKRNvK,DRAW,2B5/8/1R6/8/3n4/5K2/8/6rk w - - 0 1
0,1,0,0,0,0,0,1,-1,1,0,1,1,1,0,0,0,0,0,16,0,0,3,3,5,0,5,1,4,17,28,0,0,0,0,0,0,0,0,7,1,1,0,0,0,0,3,2,0,0,KRBKRNvK,DRAW,8/6B1/k2K4/8/r7/8/n2R4/8 b - - 0 1
1,1,0,0,0,0,0,1,-1,1,0,1,1,1,0,0,0,0,0,16,0,0,5,2,7,7,4,4,3,28,21,0,0,0,0,0,0,0,0,7,1,1,0,0,0,0,2,0,0,0,KRBKRNvK,DRAW,2K5/8/1B6/7k/8/6r1/6n1/3R4 w - - 0 1
0,1,0,0,0,0,0,1,-1,1,0,1,1,1,0,0,0,0,0,16,0,0,4,0,5,2,1,4,3,22,21,0,0,0,0,0,0,0,0,7,1,1,0,0,0,0,3,0,1,1,KRBKRNvK,DRAW,n7/7r/K7/8/R4B2/8/2k5/8 b - - 0 1
1,1,0,0,0,0,0,1,-1,1,0,1,1,1,0,0,0,0,0,16,0,0,2,7,2,6,4,4,2,24,22,0,0,0,0,0,0,0,0,7,1,1,0,0,0,0,3,0,1,1,KRBKRNvK,DRAW,4R3/r7/8/6k1/4B3/7K/8/5n2 w - - 0 1
1,1,0,0,0,0,0,1,-1,1,0,1,1,1,0,0,0,0,0,16,0,0,5,2,6,1,1,3,4,22,25,0,0,0,0,0,0,0,0,7,1,1,1,0,0,0,1,2,0,0,KRBKRNvK,DRAW,8/2K3R1/6B1/8/6n1/4r3/1k6/8 w - - 0 1
0,1,0,0,0,0,0,1,-1,1,0,1,1,1,0,0,0,0,0,16,0,0,4,3,3,0,7,0,6,17,18,0,0,0,0,0,0,0,0,7,1,1,0,0,0,0,4,0,0,0,KRBKRNvK,DRAW,k1r4n/8/8/8/3K4/3R4/4B3/8 b - - 0 1
0,1,0,0,0,0,0,1,-1,1,0,1,1,1,0,0,0,0,0,16,0,0,7,7,7,5,0,6,4,21,27,0,0,0,0,0,0,0,0,7,1,1,0,1,0,0,3,0,1,1,KRBKRNvK,DRAW,7K/8/7n/8/1R6/5B2/r7/5k2 b - - 0 1
0,1,0,0,0,0,0,1,-1,1,0,1,1,1,0,0,0,0,0,16,0,0,5,7,6,5,1,5,3,5,0,1,0,0,0,0,0,0,0,7,1,1,0,0,0,0,2,1,2,0,KRBKRNvK,DRAW,8/7K/8/8/4R2B/4n3/5k2/r7 b - - 0 1
0,1,0,0,0,0,0,1,-1,1,0,1,1,1,0,0,0,0,0,16,0,0,5,5,0,0,5,4,4,2,0,1,0,0,0,0,0,0,0,7,1,1,0,0,0,0,2,2,0,0,KRBKRNvK,DRAW,8/7n/k3r3/8/8/8/R5B1/5K2 b - - 0 1
1,1,0,0,0,0,0,1,-1,1,0,1,1,1,0,0,0,0,0,16,0,0,2,2,3,3,5,1,1,20,22,0,0,0,0,0,0,0,0,7,1,1,0,0,0,0,4,3,1,1,KRBKRNvK,DRAW,8/3n4/3k4/2R5/2K5/4r3/8/7B w - - 0 1
1,1,0,0,0,0,0,1,-1,1,0,1,1,1,0,0,0,0,0,16,0,0,4,4,2,0,3,1,3,20,19,0,0,0,0,0,0,0,0,7,1,1,0,1,0,0,3,0,0,1,KRBKRNvK,DRAW,n7/B7/8/4R3/k7/4K3/6r1/8 w - - 0 1
0,1,0,0,0,0,0,1,-1,1,0,1,1,1,0,0,0,0,0,16,0,0,4,3,7,2,3,3,1,18,22,0,0,0,0,0,0,0,0,7,1,1,0,0,0,0,0,2,1,0,KRBKRNvK,DRAW,3K4/8/8/8/1rk5/B7/7n/6R1 b - - 0 1
0,1,0,0,0,0,0,1,-1,1,0,1,1,1,0,0,0,0,0,16,0,0,4,3,2,7,2,1,4,23,23,0,0,0,0,0,0,0,0,7,1,1,0,0,0,0,2,0,0,0,KRBKRNvK,DRAW,5R2/1B6/2r5/8/8/n2K3k/8/8 b - - 0 1
1,1,0,0,0,0,0,1,-1,1,0,1,1,1,0,0,0,0,0,16,0,0,7,2,7,2,0,4,4,25,18,0,0,0,0,0,0,0,0,7,1,1,1,0,0,0,1,1,0,0,KRBKRNvK,DRAW,2K5/R7/8/8/8/6n1/8/2k3Br w - - 0 1
0,1,0,0,0,0,0,1,-1,1,0,1,1,1,0,0,0,0,0,16,0,0,5,0,2,5,1,4,3,6,0,1,0,0,0,0,0,0,0,7,1,1,0,0,0,0,2,2,1,1,KRBKRNvK,DRAW,4n3/8/B7/1r6/8/K7/3R1k2/8 b - - 0 1
0,1,0,0,0,0,0,1,-1,1,0,1,1,1,0,0,0,0,0,16,0,0,5,5,7,7,2,4,4,3,0,1,0,0,0,0,0,0,0,7,1,1,0,0,0,0,0,3,0,0,KRBKRNvK,DRAW,2B2K2/8/8/8/8/5n1k/1R6/3r4 b - - 0 1
0,1,0,0,0,0,0,1,-1,1,0,1,1,1,0,0,0,0,0,16,0,0,5,7,1,2,2,5,2,7,0,1,0,0,0,0,0,0,0,7,1,1,0,0,0,0,0,2,0,0,KRBKRNvK,DRAW,3rB3/8/8/8/1n6/2k3R1/7K/8 b - - 0 1
1,1,0,0,0,0,0,1,-1,1,0,1,1,1,0,0,0,0,0,16,0,0,5,5,7,5,2,4,2,25,28,0,0,0,0,0,0,0,0,7,1,1,0,0,0,0,3,2,1,1,KRBKRNvK,DRAW,5K2/8/5n2/2R2B2/3r4/5k2/8/8 w - - 0 1
0,1,0,0,0,0,0,1,-1,1,0,1,1,1,0,0,0,0,0,16,0,0,4,5,6,1,2,3,3,26,27,0,0,0,0,0,0,0,0,7,1,1,0,0,0,0,2,0,0,0,KRBKRNvK,DRAW,4R3/5K2/2r5/8/8/1k4B1/6n1/8 b - - 0 1
0,1,0,0,0,0,0,1,-1,1,0,1,1,1,0,0,0,0,0,16,0,0,4,2,5,6,6,2,4,5,0,1,0,0,0,0,0,0,0,7,1,1,1,0,0,0,1,2,0,0,KRBKRNvK,DRAW,8/2R3k1/2K5/6r1/8/1B6/n7/8 b - - 0 1
1,1,0,0,0,0,0,1,-1,1,0,1,1,1,0,0,0,0,0,16,0,0,5,0,4,5,2,3,2,23,25,0,0,0,0,0,0,0,0,7,1,1,0,0,0,0,1,3,0,0,KRBKRNvK,DRAW,R7/8/5n2/K7/8/4rk2/2B5/8 w - - 0 1
1,1,0,0,0,0,0,1,-1,1,0,1,1,1,0,0,0,0,0,16,0,0,4,7,3,3,1,3,2,3,0,1,0,0,0,0,0,0,0,7,1,1,0,1,0,0,1,0,0,1,KRBKRNvK,DRAW,2R5/6n1/8/2B5/7K/8/3k3r/8 w - - 0 1
1,1,0,0,0,0,0,1,-1,1,0,1,1,1,0,0,0,0,0,16,0,0,5,4,2,1,7,1,5,6,0,1,0,0,0,0,0,0,0,7,1,1,1,0,0,0,2,2,0,0,KRBKRNvK,DRAW,1k6/n4R2/4r3/8/8/3BK3/8/8 w - - 0 1
1,1,0,0,0,0,0,1,-1,1,0,1,1,1,0,0,0,0,0,16,0,0,2,3,7,3,5,3,1,23,23,0,0,0,0,0,0,0,0,7,1,1,0,0,0,0,2,2,1,1,KRBKRNvK,DRAW,3K4/3n4/3k3B/8/2R5/r7/8/8 w - - 0 1
1,1,0,0,0,0,0,1,-1,1,0,1,1,1,0,0,0,0,0,16,0,0,4,5,1,2,5,3,2,28,20,0,0,0,0,0,0,0,0,7,1,1,0,0,0,0,3,2,1,0,KRBKRNvK,DRAW,3r2n1/8/2k5/R7/8/8/5K2/B7 w - - 0 1
1,1,0,0,0,0,0,1,-1,1,0,1,1,1,0,0,0,0,0,16,0,0,6,6,2,0,4,3,3,26,19,0,0,0,0,0,0,0,0,7,1,1,0,0,0,0,2,0,0,0,KRBKRNvK,DRAW,8/1r3Bn1/4R3/k7/8/6K1/8/8 w - - 0 1
1,1,0,0,0,0,0,1,-1,1,0,1,1,1,0,0,0,0,0,16,0,0,2,6,2,4,1,3,2,30,19,0,0,0,0,0,0,0,0,7,1,1,0,0,0,0,2,0,0,0,KRBKRNvK,DRAW,8/8/4Br2/R7/8/6K1/4k3/2n5 w - - 0 1
1,1,0,0,0,0,0,1,-1,1,0,1,1,1,0,0,0,0,0,16,0,0,2,5,5,7,5,2,4,3,0,1,0,0,0,0,0,0,0,7,1,1,0,0,0,0,1,0,0,1,KRBKRNvK,DRAW,5r2/8/5K1k/8/8/8/1R2B3/6n1 w - - 0 1
1,1,0,0,0,0,0,1,-1,1,0,1,1,1,0,0,0,0,0,16,0,0,4,7,1,6,5,5,3,26,20,0,0,0,0,0,0,0,0,7,1,1,1,0,0,0,3,0,1,0,KRBKRNvK,DRAW,8/3R2B1/1r4k1/8/8/8/7K/2n5 w - - 0 1
0,1,0,0,0,0,0,1,-1,1,0,1,1,1,0,0,0,0,0,16,0,0,4,3,6,2,2,2,2,6,0,1,0,0,0,0,0,0,0,7,1,1,0,0,0,0,0,1,1,1,KRBKRNvK,DRAW,2n4r/3K4/R7/B7/8/2k5/8/8 b - - 0 1
1,1,0,0,0,0,0,1,-1,1,0,1,1,1,0,0,0,0,0,16,0,0,6,0,2,6,6,4,4,26,22,0,0,0,0,0,0,0,0,7,1,1,0,0,0,0,2,2,0,0,KRBKRNvK,DRAW,8/6k1/4r1n1/B7/5R2/K7/8/8 w - - 0 1
1,1,0,0,0,0,0,1,-1,1,0,1,1,1,0,0,0,0,0,16,0,0,7,0,2,7,3,4,3,26,20,0,0,0,0,0,0,0,0,7,1,1,0,0,0,0,0,2,1,0,KRBKRNvK,DRAW,8/3r4/1n6/8/7k/K5R1/3B4/8 w - - 0 1
0,1,0,0,0,0,0,1,-1,1,0,1,1,1,0,0,0,0,0,16,0,0,4,6,3,2,4,2,1,19,24,0,0,0,0,0,0,0,0,7,1,1,0,0,0,0,2,2,1,0,KRBKRNvK,WIN,3B4/8/8/2k5/6K1/3R4/8/5r1n b - - 0 1
0,1,0,0,0,0,0,1,-1,1,0,1,1,1,0,0,0,0,0,16,0,0,3,2,7,5,6,4,3,20,22,0,0,0,0,0,0,0,0,7,1,1,0,0,0,0,0,1,1,0,KRBKRNvK,DRAW,2K5/5k2/7B/8/8/1n5R/8/1r6 b - - 0 1
1,1,0,0,0,0,0,1,-1,1,0,1,1,1,0,0,0,0,0,16,0,0,2,4,2,3,0,1,3,3,0,1,0,0,0,0,0,0,0,7,1,1,0,0,0,0,2,0,0,1,KRBKRNvK,DRAW,8/8/8/3n4/R7/4K2r/8/3k2B1 w - - 0 1
0,1,0,0,0,0,0,1,-1,1,0,1,1,1,0,0,0,0,0,16,0,0,6,6,2,0,3,3,3,5,0,1,0,0,0,0,0,0,0,7,1,1,0,0,0,0,2,1,0,1,KRBKRNvK,LOSS,8/1B6/2r5/8/k4Rn1/6K1/8/8 b - - 0 1
1,1,0,0,0,0,0,1,-1,1,0,1,1,1,0,0,0,0,0,16,0,0,3,0,3,3,4,3,0,27,24,0,0,0,0,0,0,0,0,7,1,1,0,0,0,0,2,3,1,0,KRBKRNvK,DRAW,8/5nB1/8/3k4/K3R3/8/8/2r5 w - - 0 1
1,1,0,0,0,0,0,1,-1,1,0,1,1,1,0,0,0,0,0,16,0,0,2,3,1,1,3,2,2,5,0,1,0,0,0,0,0,0,0,7,1,1,0,1,0,0,1,0,0,1,KRBKRNvK,DRAW,5n2/8/4B3/8/1k6/8/1r1K4/R7 w - - 0 1
1,1,0,0,0,0,0,1,-1,1,0,1,1,1,0,0,0,0,0,16,0,0,3,5,5,7,2,2,4,7,0,1,0,0,0,0,0,0,0,7,1,1,0,0,0,0,4,0,0,1,KRBKRNvK,DRAW,8/8/5K1r/8/8/7k/2B5/1n1R4 w - - 0 1
1,1,0,0,0,0,0,1,-1,1,0,1,1,1,0,0,0,0,0,16,0,0,5,7,0,5,5,6,2,24,23,0,0,0,0,0,0,0,0,7,1,1,0,0,0,0,0,1,1,1,KRBKRNvK,DRAW,6R1/8/5k2/8/3n4/5r2/8/4B2K w - - 0 1
1,1,0,0,0,0,0,1,-1,1,0,1,1,1,0,0,0,0,0,16,0,0,4,3,2,7,6,1,5,7,0,1,0,0,0,0,0,0,0,7,1,1,0,0,0,0,3,0,1,1,KRBKRNvK,DRAW,n7/7k/5B2/8/8/1r1K4/2R5/8 w - - 0 1
0,1,0,0,0,0,0,1,-1,1,0,1,1,1,0,0,0,0,0,16,0,0,4,5,7,5,3,4,1,22,25,0,0,0,0,0,0,0,0,7,1,1,0,0,0,0,2,3,0,0,KRBKRNvK,DRAW,5K2/8/8/7r/5k2/n7/8/B5R1 b - - 0 1
1,1,0,0,0,0,0,1,-1,1,0,1,1,1,0,0,0,0,0,16,0,0,4,7,3,3,1,3,2,26,24,0,0,0,0,0,0,0,0,7,1,1,1,0,0,0,1,2,0,0,KRBKRNvK,DRAW,3n4/1R6/4r3/8/7K/8/3k4/6B1 w - - 0 1
0,1,0,0,0,0,0,1,-1,1,0,1,1,1,0,0,0,0,0,16,0,0,2,5,4,7,3,1,3,3,0,1,0,0,0,0,0,0,0,7,1,1,0,0,0,0,3,1,0,1,KRBKRNvK,DRAW,8/8/8/1n3K2/1R5k/B6r/8/8 b - - 0 1
0,1,0,0,0,0,0,1,-1,1,0,1,1,1,0,0,0,0,0,16,0,0,7,3,7,3,0,3,3,25,23,0,0,0,0,0,0,0,0,7,1,1,0,1,0,0,2,0,0,0,KRBKRNvK,DRAW,3K1B2/8/8/2R5/3n4/8/7r/3k4 b - - 0 1
0,1,0,0,0,0,0,1,-1,1,0,1,1,1,0,0,0,0,0,16,0,0,4,2,5,0,1,2,5,24,25,0,0,0,0,0,0,0,0,7,1,1,0,1,0,0,2,3,0,0,KRBKRNvK,DRAW,8/8/2K2n2/8/8/5RB1/k3r3/8 b - - 0 1
1,1,0,0,0,0,0,1,-1,1,0,1,1,1,0,0,0,0,0,16,0,0,4,7,0,3,0,6,3,21,25,0,0,0,0,0,0,0,0,7,1,1,0,1,0,0,2,0,0,0,KRBKRNvK,DRAW,4B3/8/4R3/3n4/8/8/1r6/3k3K w - - 0 1
1,1,0,0,0,0,0,1,-1,1,0,1,1,1,0,0,0,0,0,16,0,0,3,3,5,2,2,1,2,29,20,0,0,0,0,0,0,0,0,7,1,1,0,0,0,0,2,1,0,0,KRBKRNvK,DRAW,r3B3/8/3K4/8/8/2k5/6R1/2n5 w - - 0 1
0,1,0,0,0,0,0,1,-1,1,0,1,1,1,0,0,0,0,0,16,0,0,2,6,6,4,6,4,2,22,15,0,0,0,0,0,0,0,0,7,1,1,0,0,0,0,0,2,1,0,KRBKRNvK,DRAW,6R1/3nk1K1/8/1r6/B7/8/8/8 b - - 0 1
1,1,0,0,0,0,0,1,-1,1,0,1,1,1,0,0,0,0,0,16,0,0,4,3,0,7,3,3,3,2,0,1,0,0,0,0,0,0,0,7,1,1,0,0,0,0,2,1,0,0,KRBKRNvK,DRAW,7B/8/8/8/2n4k/2R5/8/3K2r1 w - - 0 1
1,1,0,0,0,0,0,1,-1,1,0,1,1,1,0,0,0,0,0,16,0,0,5,0,7,3,2,6,1,17,21,0,0,0,0,0,0,0,0,7,1,1,0,0,0,0,0,3,0,0,KRBKRNvK,DRAW,K1Br4/8/1R6/8/n7/3k4/8/8 w - - 0 1
1,1,0,0,0,0,0,1,-1,1,0,1,1,1,0,0,0,0,0,16,0,0,5,5,7,2,2,4,2,25,23,0,0,0,0,0,0,0,0,7,1,1,0,1,0,0,1,1,1,0,KRBKRNvK,DRAW,1B3K2/8/8/8/7n/2k5/r7/1R6 w - - 0 1
1,1,0,0,0,0,0,1,-1,1,0,1,1,1,0,0,0,0,0,16,0,0,3,3,5,0,2,1,4,21,20,0,0,0,0,0,0,0,0,7,1,1,0,0,0,0,2,2,0,1,KRBKRNvK,DRAW,8/8/1R1K3B/8/4r3/k7/8/5n2 w - - 0 1
0,1,0,0,0,0,0,1,-1,1,0,1,1,1,0,0,0,0,0,16,0,0,3,7,4,6,7,3,5,18,25,0,0,0,0,0,0,0,0,7,1,1,1,0,0,0,0,0,0,0,KRBKRNvK,DRAW,6k1/R7/1r6/7K/8/8/4B3/n7 b - - 0 1
0,1,0,0,0,0,0,1,-1,1,0,1,1,1,0,0,0,0,0,16,0,0,2,7,3,5,4,3,1,21,22,0,0,0,0,0,0,0,0,7,1,1,0,0,0,0,2,2,1,0,KRBKRNvK,DRAW,8/n7/8/5k2/R2B3K/1r6/8/8 b - - 0 1
1,1,0,0,0,0,0,1,-1,1,0,1,1,1,0,0,0,0,0,16,0,0,7,0,6,7,5,5,4,5,0,1,0,0,0,0,0,0,0,7,1,1,0,0,0,0,1,0,1,0,KRBKRNvK,DRAW,1B3R2/K6r/7k/8/8/8/7n/8 w - - 0 1
0,1,0,0,0,0,0,1,-1,1,0,1,1,1,0,0,0,0,0,16,0,0,3,6,4,6,1,2,4,30,23,0,0,0,0,0,0,0,0,7,1,1,0,0,0,0,1,1,0,0,KRBKRNvK,DRAW,1r6/8/6R1/2n3K1/8/8/B5k1/8 b - - 0 1
0,1,0,0,0,0,0,1,-1,1,0,1,1,1,0,0,0,0,0,16,0,0,6,6,7,0,6,5,5,22,20,0,0,0,0,0,0,0,0,7,1,1,0,0,0,0,2,0,0,0,KRBKRNvK,DRAW,6K1/k7/n7/8/6R1/2r5/8/B7 b - - 0 1
0,1,0,0,0,0,0,1,-1,1,0,1,1,1,0,0,0,0,0,16,0,0,6,7,1,1,5,5,3,4,0,1,0,0,0,0,0,0,0,7,1,1,0,0,0,0,1,0,1,0,KRBKRNvK,LOSS,8/2B5/1k6/7n/8/8/2R4K/2r5 b - - 0 1
1,1,0,0,0,0,0,1,-1,1,0,1,1,1,0,0,0,0,0,16,0,0,5,5,2,0,5,2,4,7,0,1,0,0,0,0,0,0,0,7,1,1,0,0,0,0,2,1,0,1,KRBKRNvK,DRAW,4R3/8/k1r5/8/8/5K2/3n4/3B4 w - - 0 1
1,1,0,0,0,0,0,1,-1,1,0,1,1,1,0,0,0,0,0,16,0,0,3,3,7,0,5,3,4,4,0,1,0,0,0,0,0,0,0,7,1,1,0,0,0,0,2,3,0,0,KRBKRNvK,DRAW,3KR3/8/k7/8/6n1/8/8/1B1r4 w - - 0 1
1,1,0,0,0,0,0,1,-1,1,0,1,1,1,0,0,0,0,0,16,0,0,6,4,1,4,7,2,3,29,23,0,0,0,0,0,0,0,0,7,1,1,0,0,0,0,1,1,0,0,KRBKRNvK,DRAW,r3k3/8/8/2n5/8/3B4/4K3/1R6 w - - 0 1
0,1,0,0,0,0,0,1,-1,1,0,1,1,1,0,0,0,0,0,16,0,0,6,1,2,7,6,3,5,21,21,0,0,0,0,0,0,0,0,7,1,1,0,1,0,0,0,0,1,0,KRBKRNvK,DRAW,8/7k/7B/8/8/1K5R/5r2/4n3 b - - 0 1
0,1,0,0,0,0,0,1,-1,1,0,1,1,1,0,0,0,0,0,16,0,0,3,3,6,6,4,2,2,5,0,1,0,0,0,0,0,0,0,7,1,1,0,0,0,0,1,3,0,1,KRBKRNvK,LOSS,4r3/3K4/3B4/6k1/8/5n2/6R1/8 b - - 0 1
1,1,0,0,0,0,0,1,-1,1,0,1,1,1,0,0,0,0,0,16,0,0,4,0,1,3,5,5,1,24,21,0,0,0,0,0,0,0,0,7,1,1,1,0,0,0,1,2,0,0,KRBKRNvK,DRAW,8/6R1/2rk4/8/5n2/8/K7/1B6 w - - 0 1
0,1,0,0,0,0,0,1,-1,1,0,1,1,1,0,0,0,0,0,16,0,0,4,0,3,2,7,3,4,5,0,1,0,0,0,0,0,0,0,7,1,1,0,0,0,0,0,3,0,0,KRBKRNvK,DRAW,2k5/8/8/8/K7/5n1B/8/4rR2 b - - 0 1
0,1,0,0,0,0,0,1,-1,1,0,1,1,1,0,0,0,0,0,16,0,0,3,1,6,4,4,4,0,29,17,0,0,0,0,0,0,0,0,7,1,1,1,0,0,0,0,4,0,1,KRBKRNvK,DRAW,8/1K5R/r7/4k3/8/5n2/8/7B b - - 0 1
0,1,0,0,0,0,0,1,-1,1,0,1,1,1,0,0,0,0,0,16,0,0,4,4,0,3,4,3,0,18,30,0,0,0,0,0,0,0,0,7,1,1,1,0,0,0,1,4,1,0,KRBKRNvK,DRAW,8/6R1/8/1r1k1B2/8/8/n7/4K3 b - - 0 1
0,1,0,0,0,0,0,1,-1,1,0,1,1,1,0,0,0,0,0,16,0,0,4,3,6,7,7,2,6,21,23,0,0,0,0,0,0,0,0,7,1,1,0,0,0,0,2,2,0,1,KRBKRNvK,DRAW,7k/3K4/4r3/B7/8/3R3n/8/8 b - - 0 1
1,1,0,0,0,0,0,1,-1,1,0,1,1,1,0,0,0,0,0,16,0,0,5,5,4,0,6,1,5,22,22,0,0,0,0,0,0,0,0,7,1,1,0,0,0,0,2,1,1,0,KRBKRNvK,DRAW,1r6/k7/2R3B1/5K2/8/8/4n3/8 w - - 0 1
1,1,0,0,0,0,0,1,-1,1,0,1,1,1,0,0,0,0,0,16,0,0,5,4,5,7,0,1,6,29,22,0,0,0,0,0,0,0,0,7,1,1,0,0,0,0,4,1,0,0,KRBKRNvK,DRAW,4B3/8/4K3/8/5R2/8/3n4/2r4k w - - 0 1
0,1,0,0,0,0,0,1,-1,1,0,1,1,1,0,0,0,0,0,16,0,0,5,0,3,5,2,3,2,25,23,0,0,0,0,0,0,0,0,7,1,1,0,0,0,0,3,3,0,0,KRBKRNvK,DRAW,8/B7/5n2/1R6/K7/3r1k2/8/8 b - - 0 1
0,1,0,0,0,0,0,1,-1,1,0,1,1,1,0,0,0,0,0,16,0,0,5,7,0,2,5,6,2,18,22,0,0,0,0,0,0,0,0,7,1,1,0,1,0,0,4,1,1,0,KRBKRNvK,DRAW,8/8/2k2B2/8/3R4/8/n1r5/7K b - - 0 1
0,1,0,0,0,0,0,1,-1,1,0,1,1,1,0,0,0,0,0,16,0,0,3,7,1,4,1,5,2,21,21,0,0,0,0,0,0,0,0,7,1,1,0,0,0,0,0,2,1,0,KRBKRNvK,DRAW,2B5/8/4r3/7n/8/8/4k2K/6R1 b - - 0 1
0,1,0,0,0,0,0,1,-1,1,0,1,1,1,0,0,0,0,0,16,0,0,5,7,0,5,5,6,2,6,0,1,0,0,0,0,0,0,0,7,1,1,0,1,0,0,0,1,2,1,KRBKRNvK,DRAW,8/8/5k2/6BR/8/8/r5n1/7K b - - 0 1
1,1,0,0,0,0,0,1,-1,1,0,1,1,1,0,0,0,0,0,16,0,0,5,2,1,6,6,3,4,7,0,1,0,0,0,0,0,0,0,7,1,1,0,0,0,0,2,2,0,1,KRBKRNvK,DRAW,8/2B3k1/8/8/7r/n7/2K5/4R3 w - - 0 1
0,1,0,0,0,0,0,1,-1,1,0,1,1,1,0,0,0,0,0,16,0,0,4,7,3,3,3,3,0,19,22,0,0,0,0,0,0,0,0,7,1,1,0,0,0,0,0,4,1,1,KRBKRNvK,WIN,8/8/8/8/1B1kr1nK/8/8/7R b - - 0 1
1,1,0,0,0,0,0,1,-1,1,0,1,1,1,0,0,0,0,0,16,0,0,4,6,2,6,6,3,4,8,0,1,0,0,0,0,0,0,0,7,1,1,0,0,0,0,1,0,1,0,KRBKRNvK,DRAW,8/5Bk1/8/8/8/r5K1/n7/5R2 w - - 0 1
1,1,0,0,0,0,0,1,-1,1,0,1,1,1,0,0,0,0,0,16,0,0,2,4,4,2,5,0,2,18,22,0,0,0,0,0,0,0,0,7,1,1,0,0,0,0,4,3,0,0,KRBKRNvK,DRAW,8/8/2k5/4K3/r7/4R3/1B6/7n w - - 0 1
1,1,0,0,0,0,0,1,-1,1,0,1,1,1,0,0,0,0,0,16,0,0,2,1,2,3,2,3,1,2,0,1,0,0,0,0,0,0,0,7,1,1,0,0,0,0,2,2,0,1,KRBKRNvK,DRAW,4R3/1r6/8/6B1/8/1K1k4/8/2n5 w - - 0 1
0,1,0,0,0,0,0,1,-1,1,0,1,1,1,0,0,0,0,0,16,0,0,5,7,0,6,5,6,3,7,0,1,0,0,0,0,0,0,0,7,1,1,0,0,0,0,3,0,1,0,KRBKRNvK,DRAW,4n3/r7/1B2R1k1/8/8/8/8/7K b - - 0 1
1,1,0,0,0,0,0,1,-1,1,0,1,1,1,0,0,0,0,0,16,0,0,6,2,6,5,0,3,4,5,0,1,0,0,0,0,0,0,0,7,1,1,0,0,0,0,0,2,0,2,KRBKRNvK,DRAW,8/2K5/R7/1n1r3B/8/8/8/5k2 w - - 0 1
1,1,0,0,0,0,0,1,-1,1,0,1,1,1,0,0,0,0,0,16,0,0,3,5,3,2,0,1,4,26,19,0,0,0,0,0,0,0,0,7,1,1,0,0,0,0,4,0,2,1,KRBKRNvK,DRAW,8/8/6r1/8/5K2/3R4/8/2k1B2n w - - 0 1
1,1,0,0,0,0,0,1,-1,1,0,1,1,1,0,0,0,0,0,16,0,0,5,0,5,5,4,4,1,5,0,1,0,0,0,0,0,0,0,7,1,1,0,0,0,0,1,2,1,0,KRBKRNvK,DRAW,8/8/K3r3/5k2/8/6B1/8/4n1R1 w - - 0 1
1,1,0,0,0,0,0,1,-1,1,0,1,1,1,0,0,0,0,0,16,0,0,2,1,3,0,1,2,5,18,22,0,0,0,0,0,0,0,0,7,1,1,0,0,0,0,2,3,0,1,KRBKRNvK,DRAW,8/8/8/B1n2r2/1K4R1/8/k7/8 w - - 0 1
1,1,0,0,0,0,0,1,-1,1,0,1,1,1,0,0,0,0,0,16,0,0,4,4,4,7,0,0,6,24,19,0,0,0,0,0,0,0,0,7,1,1,1,0,0,0,3,2,1,1,KRBKRNvK,DRAW,8/1R6/8/4K3/5r2/7n/8/6Bk w - - 0 1
0,1,0,0,0,0,0,1,-1,1,0,1,1,1,0,0,0,0,0,16,0,0,6,7,3,1,1,3,4,14,16,0,0,0,0,0,0,0,0,7,1,1,0,0,0,0,0,1,0,1,KRBKRNvK,LOSS,6R1/6B1/5r2/8/1n5K/8/1k6/8 b - - 0 1
1,1,0,0,0,0,0,1,-1,1,0,1,1,1,0,0,0,0,0,16,0,0,5,5,4,0,6,1,5,4,0,1,0,0,0,0,0,0,0,7,1,1,0,0,0,0,2,1,0,2,KRBKRNvK,DRAW,4B3/k4n2/8/5Kr1/8/8/2R5/8 w - - 0 1
1,1,0,0,0,0,0,1,-1,1,0,1,1,1,0,0,0,0,0,16,0,0,5,7,4,2,6,3,3,23,23,0,0,0,0,0,0,0,0,7,1,1,0,0,0,0,2,0,0,0,KRBKRNvK,DRAW,8/2k5/5BR1/7K/8/1r6/8/1n6 w - - 0 1
0,1,0,0,0,0,0,1,-1,1,0,1,1,1,0,0,0,0,0,16,0,0,6,7,0,5,6,6,3,24,21,0,0,0,0,0,0,0,0,7,1,1,0,0,0,0,2,1,1,0,KRBKRNvK,DRAW,3B4/5k2/5r2/2n5/8/8/8/4R2K b - - 0 1
0,1,0,0,0,0,0,1,-1,1,0,1,1,1,0,0,0,0,0,16,0,0,2,5,0,7,1,4,5,3,0,1,0,0,0,0,0,0,0,7,1,1,0,0,0,0,0,3,1,0,KRBKRNvK,DRAW,8/8/2nr4/1B6/8/8/5R1k/5K2 b - - 0 1
1,1,0,0,0,0,0,1,-1,1,0,1,1,1,0,0,0,0,0,16,0,0,4,1,4,5,5,2,2,33,20,0,0,0,0,0,0,0,0,7,1,1,1,0,0,0,1,2,2,0,KRBKRNvK,DRAW,8/6R1/5k2/1K3B1n/8/8/8/4r3 w - - 0 1
1,1,0,0,0,0,0,1,-1,1,0,1,1,1,0,0,0,0,0,16,0,0,2,4,1,2,1,2,3,19,22,0,0,0,0,0,0,0,0,7,1,1,0,0,0,0,3,1,0,0,KRBKRNvK,DRAW,2r4B/8/8/4R3/8/1n6/2k1K3/8 w - - 0 1
1,1,0,0,0,0,0,1,-1,1,0,1,1,1,0,0,0,0,0,16,0,0,5,7,1,2,2,5,2,29,23,0,0,0,0,0,0,0,0,7,1,1,1,0,0,0,2,3,0,0,KRBKRNvK,DRAW,8/R7/8/6n1/8/2k1rB2/7K/8 w - - 0 1
1,1,0,0,0,0,0,1,-1,1,0,1,1,1,0,0,0,0,0,16,0,0,5,2,7,2,2,4,2,27,20,0,0,0,0,0,0,0,0,7,1,1,1,0,0,0,1,1,0,0,KRBKRNvK,DRAW,2K5/1R6/5rB1/8/8/2k4n/8/8 w - - 0 1
1,1,0,0,0,0,0,1,-1,1,0,1,1,1,0,0,0,0,0,16,0,0,6,4,0,7,6,3,5,21,15,0,0,0,0,0,0,0,0,7,1,1,0,1,0,0,0,0,1,0,KRBKRNvK,DRAW,5R2/7k/8/8/7B/8/1n5r/4K3 w - - 0 1
0,1,0,0,0,0,0,1,-1,1,0,1,1,1,0,0,0,0,0,16,0,0,3,4,4,6,7,0,5,2,0,1,0,0,0,0,0,0,0,7,1,1,0,0,0,0,3,0,1,0,KRBKRNvK,DRAW,3R2k1/1r6/7B/n3K3/8/8/8/8 b - - 0 1
0,1,0,0,0,0,0,1,-1,1,0,1,1,1,0,0,0,0,0,16,0,0,4,5,4,1,0,1,5,20,28,0,0,0,0,0,0,0,0,7,1,1,0,0,0,0,2,0,1,1,KRBKRNvK,DRAW,7R/n5r1/8/5K2/8/8/3B4/1k6 b - - 0 1
0,1,0,0,0,0,0,1,-1,1,0,1,1,1,0,0,0,0,0,16,0,0,3,2,7,5,4,4,1,7,0,1,0,0,0,0,0,0,0,7,1,1,0,0,0,0,1,3,1,2,KRBKRNvK,DRAW,2K5/2n1r3/8/5k2/8/1R1B4/8/8 b - - 0 1
0,1,0,0,0,0,0,1,-1,1,0,1,1,1,0,0,0,0,0,16,0,0,6,2,1,6,7,3,5,19,19,0,0,0,0,0,0,0,0,7,1,1,0,0,0,0,0,1,1,1,KRBKRNvK,DRAW,6k1/8/B4R2/1n6/8/8/2K5/1r6 b - - 0 1
0,1,0,0,0,0,0,1,-1,1,0,1,1,1,0,0,0,0,0,16,0,0,3,4,5,4,2,1,1,19,31,0,0,0,0,0,0,0,0,7,1,1,0,0,0,0,2,2,0,0,KRBKRNvK,DRAW,5R2/2B5/4K3/n7/r7/4k3/8/8 b - - 0 1
0,1,0,0,0,0,0,1,-1,1,0,1,1,1,0,0,0,0,0,16,0,0,2,2,2,0,2,2,4,22,18,0,0,0,0,0,0,0,0,7,1,1,0,0,0,0,3,3,0,0,KRBKRNvK,DRAW,2B5/3r4/8/5R2/8/k1K5/5n2/8 b - - 0 1
0,1,0,0,0,0,0,1,-1,1,0,1,1,1,0,0,0,0,0,16,0,0,5,7,6,2,2,5,2,6,0,1,0,0,0,0,0,0,0,7,1,1,0,1,0,0,2,1,2,0,KRBKRNvK,DRAW,8/7K/8/2R5/8/2k5/2n3r1/3B4 b - - 0 1
0,1,0,0,0,0,0,1,-1,1,0,1,1,1,0,0,0,0,0,16,0,0,3,4,7,1,7,3,5,18,25,0,0,0,0,0,0,0,0,7,1,1,1,0,0,0,2,0,0,1,KRBKRNvK,DRAW,1k2K1n1/5R2/8/8/8/5B2/8/r7 b - - 0 1
0,1,0,0,0,0,0,1,-1,1,0,1,1,1,0,0,0,0,0,16,0,0,4,7,7,3,4,6,0,22,22,0,0,0,0,0,0,0,0,7,1,1,0,0,0,0,0,3,1,1,KRBKRNvK,DRAW,7K/5r2/1R6/3k4/8/8/7n/3B4 b - - 0 1
0,1,0,0,0,0,0,1,-1,1,0,1,1,1,0,0,0,0,0,16,0,0,6,1,0,7,0,5,6,20,20,0,0,0,0,0,0,0,0,7,1,1,0,0,0,0,0,2,1,0,KRBKRNvK,DRAW,8/8/8/n7/8/4r3/2R2B2/1K5k b - - 0 1
0,1,0,0,0,0,0,1,-1,1,0,1,1,1,0,0,0,0,0,16,0,0,2,4,3,6,4,0,2,24,21,0,0,0,0,0,0,0,0,7,1,1,1,0,0,0,4,0,1,0,KRBKRNvK,DRAW,8/4R3/n7/6k1/4K3/B7/8/1r6 b - - 0 1
0,1,0,0,0,0,0,1,-1,1,0,1,1,1,0,0,0,0,0,16,0,0,3,7,0,4,3,6,0,23,28,0,0,0,0,0,0,0,0,7,1,1,0,0,0,0,1,3,1,0,KRBKRNvK,DRAW,6R1/3r4/8/2B5/4k3/8/8/3n3K b - - 0 1
0,1,0,0,0,0,0,1,-1,1,0,1,1,1,0,0,0,0,0,16,0,0,5,2,6,6,1,3,4,25,19,0,0,0,0,0,0,0,0,7,1,1,0,0,0,0,1,1,0,0,KRBKRNvK,DRAW,2R5/2K2B2/6r1/8/8/8/5nk1/8 b - - 0 1
0,1,0,0,0,0,0,1,-1,1,0,1,1,1,0,0,0,0,0,16,0,0,7,0,3,7,1,3,5,21,23,0,0,0,0,0,0,0,0,7,1,1,0,0,0,0,0,2,1,0,KRBKRNvK,DRAW,8/1n6/8/5r2/K5B1/2R5/7k/8 b - - 0 1
1,1,0,0,0,0,0,1,-1,1,0,1,1,1,0,0,0,0,0,16,0,0,2,2,7,1,5,4,3,25,14,0,0,0,0,0,0,0,0,7,1,1,0,0,0,0,3,0,1,1,KRBKRNvK,DRAW,n1K5/8/1k6/3R4/8/3B3r/8/8 w - - 0 1
1,1,0,0,0,0,0,1,-1,1,0,1,1,1,0,0,0,0,0,16,0,0,2,5,5,7,3,2,3,4,0,1,0,0,0,0,0,0,0,7,1,1,1,0,0,0,1,0,1,1,KRBKRNvK,DRAW,8/2R5/5K1B/7n/7k/5r2/8/8 w - - 0 1
1,1,0,0,0,0,0,1,-1,1,0,1,1,1,0,0,0,0,0,16,0,0,4,1,5,5,2,3,2,7,0,1,0,0,0,0,0,0,0,7,1,1,0,0,0,0,2,1,2,0,KRBKRNvK,DRAW,8/8/1K6/8/3R3B/1r3k2/8/7n w - - 0 1
0,1,0,0,0,0,0,1,-1,1,0,1,1,1,0,0,0,0,0,16,0,0,3,4,4,1,2,0,3,24,29,0,0,0,0,0,0,0,0,7,1,1,0,0,0,0,3,1,0,1,KRBKRNvK,DRAW,3R4/2n4r/8/4K3/8/1k6/4B3/8 b - - 0 1
0,1,0,0,0,0,0,1,-1,1,0,1,1,1,0,0,0,0,0,16,0,0,4,3,5,7,6,1,5,24,22,0,0,0,0,0,0,0,0,7,1,1,0,0,0,0,3,1,1,0,KRBKRNvK,DRAW,8/B6k/3K1Rn1/8/8/1r6/8/8 b - - 0 1
1,1,0,0,0,0,0,1,-1,1,0,1,1,1,0,0,0,0,0,16,0,0,4,2,6,0,2,3,4,23,26,0,0,0,0,0,0,0,0,7,1,1,0,1,0,0,1,2,0,0,KRBKRNvK,DRAW,6R1/2K5/5n2/8/8/k7/1r5B/8 w - - 0 1
0,1,0,0,0,0,0,1,-1,1,0,1,1,1,0,0,0,0,0,16,0,0,3,4,7,2,4,3,1,6,0,1,0,0,0,0,0,0,0,7,1,1,0,0,0,0,2,4,1,0,KRBKRNvK,DRAW,4K3/8/4B3/2k2R2/8/8/6n1/4r3 b - - 0 1
0,1,0,0,0,0,0,1,-1,1,0,1,1,1,0,0,0,0,0,16,0,0,4,7,5,5,1,4,3,26,20,0,0,0,0,0,0,0,0,7,1,1,0,0,0,0,0,1,0,0,KRBKRNvK,DRAW,8/2r5/4n2K/8/1B6/8/5k2/1R6 b - - 0 1
1,1,0,0,0,0,0,1,-1,1,0,1,1,1,0,0,0,0,0,16,0,0,4,6,4,2,2,2,2,28,22,0,0,0,0,0,0,0,0,7,1,1,0,0,0,0,1,2,1,1,KRBKRNvK,DRAW,8/6n1/8/6K1/5B2/2k5/1R6/3r4 w - - 0 1
1,1,0,0,0,0,0,1,-1,1,0,1,1,1,0,0,0,0,0,16,0,0,2,1,3,1,1,2,4,4,0,1,0,0,0,0,0,0,0,7,1,1,1,0,0,0,2,0,0,1,KRBKRNvK,LOSS,8/4R3/8/B2n4/1K6/8/1k6/5r2 w - - 0 1
1,1,0,0,0,0,0,1,-1,1,0,1,1,1,0,0,0,0,0,16,0,0,4,2,3,0,7,1,6,26,18,0,0,0,0,0,0,0,0,7,1,1,0,0,0,0,3,0,0,1,KRBKRNvK,DRAW,k7/8/8/7R/2K5/1r6/3B4/n7 w - - 0 1
1,1,0,0,0,0,0,1,-1,1,0,1,1,1,0,0,0,0,0,16,0,0,2,2,0,4,2,4,1,2,0,1,0,0,0,0,0,0,0,7,1,1,0,0,0,0,0,2,1,1,KRBKRNvK,DRAW,8/1r6/8/8/8/B3k3/n7/2K3R1 w - - 0 1
0,1,0,0,0,0,0,1,-1,1,0,1,1,1,0,0,0,0,0,16,0,0,5,1,6,1,1,4,4,27,27,0,0,0,0,0,0,0,0,7,1,1,0,0,0,0,2,3,0,0,KRBKRNvK,DRAW,8/1K6/8/B7/6r1/4Rn2/1k6/8 b - - 0 1
0,1,0,0,0,0,0,1,-1,1,0,1,1,1,0,0,0,0,0,16,0,0,5,7,0,2,1,6,3,7,0,1,0,0,0,0,0,0,0,7,1,1,1,0,0,0,1,1,0,0,KRBKRNvK,DRAW,5r2/1R5B/1n6/8/8/8/2k5/7K b - - 0 1
0,1,0,0,0,0,0,1,-1,1,0,1,1,1,0,0,0,0,0,16,0,0,2,0,5,2,6,4,3,24,24,0,0,0,0,0,0,0,0,7,1,1,0,0,0,0,2,2,1,0,KRBKRNvK,DRAW,8/2k5/K7/1B6/7r/8/5n2/4R3 b - - 0 1
1,1,0,0,0,0,0,1,-1,1,0,1,1,1,0,0,0,0,0,16,0,0,5,4,2,7,7,1,6,33,20,0,0,0,0,0,0,0,0,7,1,1,0,0,0,0,3,0,0,0,KRBKRNvK,DRAW,7k/r7/3R4/8/4B2n/4K3/8/8 w - - 0 1
0,1,0,0,0,0,0,1,-1,1,0,1,1,1,0,0,0,0,0,16,0,0,3,3,1,0,0,2,6,2,0,1,0,0,0,0,0,0,0,7,1,1,0,0,0,0,3,0,0,1,KRBKRNvK,DRAW,5n2/6B1/8/8/8/4R3/3K4/kr6 b - - 0 1
0,1,0,0,0,0,0,1,-1,1,0,1,1,1,0,0,0,0,0,16,0,0,2,2,3,1,1,1,4,4,0,1,0,0,0,0,0,0,0,7,1,1,0,0,0,0,2,0,1,0,KRBKRNvK,DRAW,8/5r2/8/8/2K5/1R6/1k2B3/4n3 b - - 0 1
1,1,0,0,0,0,0,1,-1,1,0,1,1,1,0,0,0,0,0,16,0,0,6,7,3,1,5,3,3,2,0,1,0,0,0,0,0,0,0,7,1,1,0,0,0,0,2,0,0,1,KRBKRNvK,DRAW,8/6B1/1k6/8/7K/6R1/6n1/7r w - - 0 1
0,1,0,0,0,0,0,1,-1,1,0,1,1,1,0,0,0,0,0,16,0,0,4,2,3,2,7,1,4,3,0,1,0,0,0,0,0,0,0,7,1,1,0,0,0,0,3,0,0,1,KRBKRNvK,DRAW,2k3R1/8/r7/8/2K5/8/1B4n1/8 b - - 0 1
1,1,0,0,0,0,0,1,-1,1,0,1,1,1,0,0,0,0,0,16,0,0,3,2,4,3,7,1,3,23,17,0,0,0,0,0,0,0,0,7,1,1,0,0,0,0,4,0,1,1,KRBKRNvK,DRAW,3k4/6n1/r2B4/2K5/3R4/8/8/8 w - - 0 1
0,1,0,0,0,0,0,1,-1,1,0,1,1,1,0,0,0,0,0,16,0,0,3,5,3,2,5,1,2,20,28,0,0,0,0,0,0,0,0,7,1,1,0,1,0,0,3,1,1,1,KRBKRNvK,DRAW,1n6/8/1Bk5/8/5K2/8/7r/1R6 b - - 0 1
0,1,0,0,0,0,0,1,-1,1,0,1,1,1,0,0,0,0,0,16,0,0,7,4,7,1,0,3,5,22,28,0,0,0,0,0,0,0,0,7,1,1,0,0,0,0,3,3,0,0,KRBKRNvK,DRAW,4K3/8/3B4/5r2/R7/8/3n4/1k6 b - - 0 1
0,1,0,0,0,0,0,1,-1,1,0,1,1,1,0,0,0,0,0,16,0,0,6,0,4,6,1,3,4,6,0,1,0,0,0,0,0,0,0,7,1,1,0,0,0,0,2,3,1,1,KRBKRNvK,DRAW,8/1B6/8/K7/8/2n1r3/6k1/7R b - - 0 1
0,1,0,0,0,0,0,1,-1,1,0,1,1,1,0,0,0,0,0,16,0,0,3,4,0,7,0,3,6,18,22,0,0,0,0,0,0,0,0,7,1,1,0,0,0,0,2,0,1,0,KRBKRNvK,DRAW,1n6/7r/8/8/8/8/3R1B2/4K2k b - - 0 1
0,1,0,0,0,0,0,1,-1,1,0,1,1,1,0,0,0,0,0,16,0,0,7,7,4,0,6,3,5,25,25,0,0,0,0,0,0,0,0,7,1,1,0,0,0,0,0,2,0,0,KRBKRNvK,DRAW,3r4/k7/8/7K/7B/8/2n5/5R2 b - - 0 1
0,1,0,0,0,0,0,1,-1,1,0,1,1,1,0,0,0,0,0,16,0,0,7,3,0,4,7,3,3,18,30,0,0,0,0,0,0,0,0,7,1,1,0,0,0,0,3,0,1,0,KRBKRNvK,DRAW,4k2n/8/3B4/8/2R5/7r/8/3K4 b - - 0 1
1,1,0,0,0,0,0,1,-1,1,0,1,1,1,0,0,0,0,0,16,0,0,5,1,2,6,1,3,4,17,25,0,0,0,0,0,0,0,0,7,1,1,0,0,0,0,0,2,1,1,KRBKRNvK,DRAW,8/8/8/8/3r4/1K4n1/1R2B1k1/8 w - - 0 1
0,1,0,0,0,0,0,1,-1,1,0,1,1,1,0,0,0,0,0,16,0,0,4,3,3,7,6,0,5,21,26,0,0,0,0,0,0,0,0,7,1,1,0,0,0,0,3,2,1,1,KRBKRNvK,DRAW,3n1B2/7k/8/1r6/3K4/8/8/4R3 b - - 0 1
0,1,0,0,0,0,0,1,-1,1,0,1,1,1,0,0,0,0,0,16,0,0,6,1,5,7,6,3,5,4,0,1,0,0,0,0,0,0,0,7,1,1,1,1,0,0,2,0,0,0,KRBKRNvK,DRAW,8/3R3k/1K6/8/6B1/8/6r1/5n2 b - - 0 1
0,1,0,0,0,0,0,1,-1,1,0,1,1,1,0,0,0,0,0,16,0,0,4,7,2,5,6,4,3,21,27,0,0,0,0,0,0,0,0,7,1,1,0,0,0,0,2,0,1,2,KRBKRNvK,DRAW,8/5k2/1B6/3R4/8/7K/8/5r1n b - - 0 1
1,1,0,0,0,0,0,1,-1,1,0,1,1,1,0,0,0,0,0,16,0,0,5,0,5,5,3,4,1,26,21,0,0,0,0,0,0,0,0,7,1,1,1,0,0,0,2,3,0,0,KRBKRNvK,DRAW,8/4R3/K7/1B5r/5k2/8/8/1n6 w - - 0 1
1,1,0,0,0,0,0,1,-1,1,0,1,1,1,0,0,0,0,0,16,0,0,6,6,4,0,2,2,4,7,0,1,0,0,0,0,0,0,0,7,1,1,1,0,0,0,2,3,1,0,KRBKRNvK,DRAW,8/1R6/8/3r2K1/1n6/k1B5/8/8 w - - 0 1
0,1,0,0,0,0,0,1,-1,1,0,1,1,1,0,0,0,0,0,16,0,0,4,0,4,0,0,3,6,22,28,0,0,0,0,0,0,0,0,7,1,1,0,0,0,0,1,3,0,1,KRBKRNvK,DRAW,8/8/1n6/K1B5/8/7R/8/k3r3 b - - 0 1
1,1,0,0,0,0,0,1,-1,1,0,1,1,1,0,0,0,0,0,16,0,0,6,0,0,3,6,6,2,3,0,1,0,0,0,0,0,0,0,7,1,1,0,0,0,0,2,0,0,0,KRBKRNvK,DRAW,r5n1/3k4/8/6R1/5B2/8/8/K7 w - - 0 1
0,1,0,0,0,0,0,1,-1,1,0,1,1,1,0,0,0,0,0,16,0,0,2,5,2,3,2,2,1,18,21,0,0,0,0,0,0,0,0,7,1,1,0,0,0,0,2,3,0,1,KRBKRNvK,DRAW,8/5B2/8/3r4/n7/3k1K2/R7/8 b - - 0 1
1,1,0,0,0,0,0,1,-1,1,0,1,1,1,0,0,0,0,0,16,0,0,3,4,5,7,4,1,3,20,19,0,0,0,0,0,0,0,0,7,1,1,0,0,0,0,4,2,1,0,KRBKRNvK,DRAW,6B1/8/4K3/7k/6R1/3r4/7n/8 w - - 0 1
0,1,0,0,0,0,0,1,-1,1,0,1,1,1,0,0,0,0,0,16,0,0,6,4,7,3,1,3,2,27,23,0,0,0,0,0,0,0,0,7,1,1,0,0,0,0,1,2,0,1,KRBKRNvK,DRAW,4K3/8/6r1/5B1R/8/2n5/3k4/8 b - - 0 1
1,1,0,0,0,0,0,1,-1,1,0,1,1,1,0,0,0,0,0,16,0,0,4,3,2,7,2,1,4,20,20,0,0,0,0,0,0,0,0,7,1,1,0,1,0,0,2,1,0,2,KRBKRNvK,DRAW,8/8/8/8/8/3K3k/4nr2/1RB5 w - - 0 1
1,1,0,0,0,0,0,1,-1,1,0,1,1,1,0,0,0,0,0,16,0,0,4,5,5,1,3,2,2,5,0,1,0,0,0,0,0,0,0,7,1,1,0,0,0,0,2,0,0,1,KRBKRNvK,DRAW,8/1B6/r4KR1/3n4/1k6/8/8/8 w - - 0 1
0,1,0,0,0,0,0,1,-1,1,0,1,1,1,0,0,0,0,0,16,0,0,2,6,0,4,2,5,1,23,26,0,0,0,0,0,0,0,0,7,1,1,0,0,0,0,2,2,1,0,KRBKRNvK,DRAW,8/n4r2/4B3/6R1/8/4k3/8/6K1 b - - 0 1
1,1,0,0,0,0,0,1,-1,1,0,1,1,1,0,0,0,0,0,16,0,0,7,7,3,0,4,3,3,16,26,0,0,0,0,0,0,0,0,7,1,1,0,1,0,0,0,2,0,0,KRBKRNvK,DRAW,8/8/4n3/k7/7K/8/3r4/3B3R w - - 0 1
0,1,0,0,0,0,0,1,-1,1,0,1,1,1,0,0,0,0,0,16,0,0,3,4,4,1,4,0,2,24,16,0,0,0,0,0,0,0,0,7,1,1,0,0,0,0,4,0,0,0,KRBKRNvK,DRAW,6nB/8/r7/1k2K1R1/8/8/8/8 b - - 0 1
0,1,0,0,0,0,0,1,-1,1,0,1,1,1,0,0,0,0,0,16,0,0,2,5,5,4,7,2,3,17,21,0,0,0,0,0,0,0,0,7,1,1,0,0,0,0,1,2,1,1,KRBKRNvK,DRAW,2B1k2n/8/5K2/8/8/8/5R2/4r3 b - - 0 1
1,1,0,0,0,0,0,1,-1,1,0,1,1,1,0,0,0,0,0,16,0,0,5,5,0,0,5,4,4,23,18,0,0,0,0,0,0,0,0,7,1,1,1,1,0,0,2,2,0,1,KRBKRNvK,DRAW,8/5R2/k7/8/8/8/3r2B1/1n3K2 w - - 0 1
1,1,0,0,0,0,0,1,-1,1,0,1,1,1,0,0,0,0,0,16,0,0,3,6,4,3,1,2,2,26,22,0,0,0,0,0,0,0,0,7,1,1,0,0,0,0,2,2,0,0,KRBKRNvK,DRAW,3Br3/n7/8/6K1/7R/8/3k4/8 w - - 0 1
1,1,0,0,0,0,0,1,-1,1,0,1,1,1,0,0,0,0,0,16,0,0,5,6,6,1,6,4,4,25,13,0,0,0,0,0,0,0,0,7,1,1,0,0,0,0,1,0,0,0,KRBKRNvK,DRAW,6R1/1k4K1/8/8/8/4B3/8/n3r3 w - - 0 1
0,1,0,0,0,0,0,1,-1,1,0,1,1,1,0,0,0,0,0,16,0,0,2,5,3,3,5,1,1,25,21,0,0,0,0,0,0,0,0,7,1,1,0,0,0,0,3,2,2,0,KRBKRNvK,DRAW,1R6/2n5/1B1k4/r7/5K2/8/8/8 b - - 0 1
1,1,0,0,0,0,0,1,-1,1,0,1,1,1,0,0,0,0,0,16,0,0,2,1,7,3,7,5,3,23,17,0,0,0,0,0,0,0,0,7,1,1,1,0,0,0,2,1,1,0,KRBKRNvK,DRAW,1K1k1r1B/2R5/8/1n6/8/8/8/8 w - - 0 1
1,1,0,0,0,0,0,1,-1,1,0,1,1,1,0,0,0,0,0,16,0,0,6,1,5,7,1,3,5,25,23,0,0,0,0,0,0,0,0,7,1,1,0,0,0,0,3,3,0,0,KRBKRNvK,DRAW,8/8/1K6/7r/1R6/2B5/5n1k/8 w - - 0 1
0,1,0,0,0,0,0,1,-1,1,0,1,1,1,0,0,0,0,0,16,0,0,5,2,5,7,1,2,5,25,18,0,0,0,0,0,0,0,0,7,1,1,0,0,0,0,1,2,0,1,KRBKRNvK,DRAW,8/8/1RK5/3r4/8/1n6/4B2k/8 b - - 0 1
0,1,0,0,0,0,0,1,-1,1,0,1,1,1,0,0,0,0,0,16,0,0,6,6,1,0,1,4,5,22,29,0,0,0,0,0,0,0,0,7,1,1,0,0,0,0,1,2,0,1,KRBKRNvK,DRAW,4n3/B7/2R5/8/4r3/8/k5K1/8 b - - 0 1
0,1,0,0,0,0,0,1,-1,1,0,1,1,1,0,0,0,0,0,16,0,0,4,2,3,2,7,1,4,21,31,0,0,0,0,0,0,0,0,7,1,1,0,0,0,0,2,2,0,0,KRBKRNvK,DRAW,1nk5/4r3/8/8/2K5/5R2/3B4/8 b - - 0 1
1,1,0,0,0,0,0,1,-1,1,0,1,1,1,0,0,0,0,0,16,0,0,2,3,4,5,4,0,1,18,18,0,0,0,0,0,0,0,0,7,1,1,0,1,0,0,4,2,1,0,KRBKRNvK,DRAW,8/8/8/n2K1k2/8/5B2/r7/5R2 w - - 0 1
0,1,0,0,0,0,0,1,-1,1,0,1,1,1,0,0,0,0,0,16,0,0,2,6,2,6,0,3,5,3,0,1,0,0,0,0,0,0,0,7,1,1,0,0,0,0,0,3,0,0,KRBKRNvK,DRAW,8/8/8/8/B1r5/3n2K1/8/R5k1 b - - 0 1
0,1,0,0,0,0,0,1,-1,1,0,1,1,1,0,0,0,0,0,16,0,0,3,3,7,6,7,3,5,23,23,0,0,0,0,0,0,0,0,7,1,1,0,0,0,0,2,2,0,0,KRBKRNvK,DRAW,3K2k1/8/8/4r3/B7/3R4/8/3n4 b - - 0 1
0,1,0,0,0,0,0,1,-1,1,0,1,1,1,0,0,0,0,0,16,0,0,4,6,4,4,0,2,3,5,0,1,0,0,0,0,0,0,0,7,1,1,0,0,0,0,3,2,1,0,KRBKRNvK,DRAW,4r3/8/8/6K1/1R6/3n2B1/8/4k3 b - - 0 1
1,1,0,0,0,0,0,1,-1,1,0,1,1,1,0,0,0,0,0,16,0,0,2,1,2,1,0,3,5,2,0,1,0,0,0,0,0,0,0,7,1,1,0,0,0,0,1,0,0,0,KRBKRNvK,DRAW,1R6/8/4B3/4n3/8/1K3r2/8/1k6 w - - 0 1
0,1,0,0,0,0,0,1,-1,1,0,1,1,1,0,0,0,0,0,16,0,0,4,7,3,5,7,3,4,21,30,0,0,0,0,0,0,0,0,7,1,1,0,0,0,0,2,0,0,0,KRBKRNvK,DRAW,1n3k2/8/8/8/7K/5B2/2R5/1r6 b - - 0 1
1,1,0,0,0,0,0,1,-1,1,0,1,1,1,0,0,0,0,0,16,0,0,6,0,1,6,7,5,5,5,0,1,0,0,0,0,0,0,0,7,1,1,0,0,0,0,0,1,0,1,KRBKRNvK,LOSS,6k1/8/Rr6/8/1n6/8/K3B3/8 w - - 0 1
0,1,0,0,0,0,0,1,-1,1,0,1,1,1,0,0,0,0,0,16,0,0,5,3,6,1,1,2,4,23,20,0,0,0,0,0,0,0,0,7,1,1,0,1,0,0,0,0,0,0,KRBKRNvK,DRAW,3R4/3KB3/n7/8/8/8/1k5r/8 b - - 0 1
0,1,0,0,0,0,0,1,-1,1,0,1,1,1,0,0,0,0,0,16,0,0,4,1,3,5,7,2,4,18,26,0,0,0,0,0,0,0,0,7,1,1,0,0,0,0,2,1,1,0,KRBKRNvK,DRAW,5k2/8/B2R4/8/1K6/8/4n3/4r3 b - - 0 1
1,1,0,0,0,0,0,1,-1,1,0,1,1,1,0,0,0,0,0,16,0,0,5,7,5,2,5,4,2,7,0,1,0,0,0,0,0,0,0,7,1,1,1,0,0,0,1,2,0,0,KRBKRNvK,DRAW,8/5R2/2kr3K/1n3B2/8/8/8/8 w - - 0 1
0,1,0,0,0,0,0,1,-1,1,0,1,1,1,0,0,0,0,0,16,0,0,4,3,3,7,4,0,3,21,24,0,0,0,0,0,0,0,0,7,1,1,0,0,0,0,3,2,0,1,KRBKRNvK,DRAW,5n2/8/2R5/7k/3K4/4r3/3B4/8 b - - 0 1
1,1,0,0,0,0,0,1,-1,1,0,1,1,1,0,0,0,0,0,16,0,0,3,6,1,3,4,4,0,26,21,0,0,0,0,0,0,0,0,7,1,1,0,0,0,0,0,3,0,1,KRBKRNvK,DRAW,8/8/6R1/3kn3/B3r3/8/6K1/8 w - - 0 1
0,1,0,0,0,0,0,1,-1,1,0,1,1,1,0,0,0,0,0,16,0,0,4,4,7,5,3,3,1,19,25,0,0,0,0,0,0,0,0,7,1,1,0,0,0,0,2,2,0,0,KRBKRNvK,DRAW,3RK3/n7/8/2B5/5k2/8/8/5r2 b - - 0 1
0,1,0,0,0,0,0,1,-1,1,0,1,1,1,0,0,0,0,0,16,0,0,5,5,6,0,6,3,5,26,16,0,0,0,0,0,0,0,0,7,1,1,0,0,0,0,0,3,0,1,KRBKRNvK,DRAW,8/k4K2/4r3/8/5n2/6B1/5R2/8 b - - 0 1
0,1,0,0,0,0,0,1,-1,1,0,1,1,1,0,0,0,0,0,16,0,0,6,3,0,1,6,3,4,5,0,1,0,0,0,0,0,0,0,7,1,1,0,0,0,0,0,2,1,0,KRBKRNvK,DRAW,4n3/1k1B4/8/8/7r/8/1R6/3K4 b - - 0 1
0,1,0,0,0,0,0,1,-1,1,0,1,1,1,0,0,0,0,0,16,0,0,2,4,0,5,2,3,2,21,18,0,0,0,0,0,0,0,0,7,1,1,0,0,0,0,3,1,2,0,KRBKRNvK,DRAW,8/2r5/8/4R1n1/8/5k2/7B/4K3 b - - 0 1
1,1,0,0,0,0,0,1,-1,1,0,1,1,1,0,0,0,0,0,16,0,0,5,7,7,7,2,6,4,23,17,0,0,0,0,0,0,0,0,7,1,1,0,0,0,0,2,1,1,0,KRBKRNvK,DRAW,5R1K/8/8/8/rn6/7k/8/7B w - - 0 1
0,1,0,0,0,0,0,1,-1,1,0,1,1,1,0,0,0,0,0,16,0,0,5,4,0,1,5,3,3,21,27,0,0,0,0,0,0,0,0,7,1,1,0,0,0,0,3,2,1,1,KRBKRNvK,DRAW,8/8/1k6/r7/2R5/8/6B1/4Kn2 b - - 0 1
0,1,0,0,0,0,0,1,-1,1,0,1,1,1,0,0,0,0,0,16,0,0,7,7,0,2,7,6,4,22,23,0,0,0,0,0,0,0,0,7,1,1,0,0,0,0,0,2,0,0,KRBKRNvK,DRAW,2kn4/8/8/8/4r3/B4R2/8/7K b - - 0 1
0,1,0,0,0,0,0,1,-1,1,0,1,1,1,0,0,0,0,0,16,0,0,3,1,0,4,2,5,1,21,23,0,0,0,0,0,0,0,0,7,1,1,0,1,0,0,0,3,0,1,KRBKRNvK,DRAW,8/n7/5R2/8/B7/4k3/3r4/1K6 b - - 0 1
0,1,0,0,0,0,0,1,-1,1,0,1,1,1,0,0,0,0,0,16,0,0,4,7,3,6,7,3,5,21,24,0,0,0,0,0,0,0,0,7,1,1,0,1,0,0,2,0,0,2,KRBKRNvK,DRAW,6k1/8/8/8/3R3K/7n/5r2/1B6 b - - 0 1
1,1,0,0,0,0,0,1,-1,1,0,1,1,1,0,0,0,0,0,16,0,0,5,5,0,6,5,4,3,28,22,0,0,0,0,0,0,0,0,7,1,1,0,0,0,0,0,2,0,0,KRBKRNvK,DRAW,8/8/6k1/1r6/1B6/8/2R5/1n3K2 w - - 0 1
0,1,0,0,0,0,0,1,-1,1,0,1,1,1,0,0,0,0,0,16,0,0,7,7,7,0,0,6,6,16,22,0,0,0,0,0,0,0,0,7,1,1,0,0,0,0,2,0,0,0,KRBKRNvK,DRAW,4R2K/8/r7/n6B/8/8/8/k7 b - - 0 1
0,1,0,0,0,0,0,1,-1,1,0,1,1,1,0,0,0,0,0,16,0,0,4,3,3,7,2,0,4,23,20,0,0,0,0,0,0,0,0,7,1,1,0,0,0,0,4,2,0,1,KRBKRNvK,DRAW,8/Bn6/4r3/1R6/3K4/7k/8/8 b - - 0 1
0,1,0,0,0,0,0,1,-1,1,0,1,1,1,0,0,0,0,0,16,0,0,3,3,3,6,0,0,5,19,21,0,0,0,0,0,0,0,0,7,1,1,0,0,0,0,4,2,0,1,KRBKRNvK,DRAW,5R1B/8/8/1r6/3K4/8/7n/6k1 b - - 0 1
1,1,0,0,0,0,0,1,-1,1,0,1,1,1,0,0,0,0,0,16,0,0,7,7,5,0,1,4,5,28,21,0,0,0,0,0,0,0,0,7,1,1,1,0,0,0,3,0,1,0,KRBKRNvK,DRAW,2r5/4R3/7K/8/n7/8/kB6/8 w - - 0 1
1,1,0,0,0,0,0,1,-1,1,0,1,1,1,0,0,0,0,0,16,0,0,3,6,6,3,6,4,2,29,22,0,0,0,0,0,0,0,0,7,1,1,0,0,0,0,2,0,0,0,KRBKRNvK,DRAW,8/n2k2K1/8/6R1/8/1B6/8/r7 w - - 0 1
0,1,0,0,0,0,0,1,-1,1,0,1,1,1,0,0,0,0,0,16,0,0,4,4,3,0,1,0,5,22,27,0,0,0,0,0,0,0,0,7,1,1,0,0,0,0,3,1,0,1,KRBKRNvK,DRAW,8/8/1n4r1/7R/4K3/8/k7/3B4 b - - 0 1
0,1,0,0,0,0,0,1,-1,1,0,1,1,1,0,0,0,0,0,16,0,0,4,5,4,1,5,1,3,6,0,1,0,0,0,0,0,0,0,7,1,1,0,0,0,0,2,0,1,0,KRBKRNvK,LOSS,8/8/1k6/5K2/3B4/1r2R3/8/3n4 b - - 0 1
0,1,0,0,0,0,0,1,-1,1,0,1,1,1,0,0,0,0,0,16,0,0,5,1,5,2,0,3,4,3,0,1,0,0,0,0,0,0,0,7,1,1,0,0,0,0,2,2,0,0,KRBKRNvK,DRAW,8/4r3/1K5B/8/1R6/8/8/2k4n b - - 0 1
0,1,0,0,0,0,0,1,-1,1,0,1,1,1,0,0,0,0,0,16,0,0,7,0,7,5,0,6,4,3,0,1,0,0,0,0,0,0,0,7,1,1,0,0,0,0,2,1,1,0,KRBKRNvK,DRAW,K3B3/8/8/8/1n6/1r6/8/3R1k2 b - - 0 1
1,1,0,0,0,0,0,1,-1,1,0,1,1,1,0,0,0,0,0,16,0,0,2,1,2,3,0,3,3,25,25,0,0,0,0,0,0,0,0,7,1,1,0,1,0,0,3,1,0,0,KRBKRNvK,DRAW,8/8/5B2/8/1R6/1K2n3/7r/3k4 w - - 0 1
1,1,0,0,0,0,0,1,-1,1,0,1,1,1,0,0,0,0,0,16,0,0,3,5,4,5,1,1,3,29,29,0,0,0,0,0,0,0,0,7,1,1,0,0,0,0,2,2,0,1,KRBKRNvK,DRAW,7r/4B3/2R5/5K2/8/5n2/5k2/8 w - - 0 1
0,1,0,0,0,0,0,1,-1,1,0,1,1,1,0,0,0,0,0,16,0,0,4,7,4,5,0,3,4,21,19,0,0,0,0,0,0,0,0,7,1,1,0,0,0,0,0,2,0,0,KRBKRNvK,DRAW,B6n/8/2R5/7K/8/3r4/8/5k2 b - - 0 1
1,1,0,0,0,0,0,1,-1,1,0,1,1,1,0,0,0,0,0,16,0,0,3,3,5,0,6,1,5,6,0,1,0,0,0,0,0,0,0,7,1,1,0,0,0,0,3,2,0,1,KRBKRNvK,DRAW,8/k4B2/3K4/6n1/3r4/8/4R3/8 w - - 0 1
1,1,0,0,0,0,0,1,-1,1,0,1,1,1,0,0,0,0,0,16,0,0,2,4,1,2,2,2,2,28,24,0,0,0,0,0,0,0,0,7,1,1,0,0,0,0,3,2,1,0,KRBKRNvK,DRAW,7r/8/8/8/1n6/2k5/4K1B1/3R4 w - - 0 1
1,1,0,0,0,0,0,1,-1,1,0,1,1,1,0,0,0,0,0,16,0,0,5,5,0,1,5,4,3,23,24,0,0,0,0,0,0,0,0,7,1,1,0,0,0,0,2,3,0,1,KRBKRNvK,DRAW,4B3/8/1k2r3/6R1/8/5n2/8/5K2 w - - 0 1
0,1,0,0,0,0,0,1,-1,1,0,1,1,1,0,0,0,0,0,16,0,0,3,7,1,4,3,5,0,4,0,1,0,0,0,0,0,0,0,7,1,1,0,1,0,0,2,3,1,0,KRBKRNvK,DRAW,4R3/8/8/1n6/4k3/8/3rB2K/8 b - - 0 1
1,1,0,0,0,0,0,1,-1,1,0,1,1,1,0,0,0,0,0,16,0,0,7,1,7,7,0,5,6,5,0,1,0,0,0,0,0,0,0,7,1,1,0,0,0,0,2,0,0,0,KRBKRNvK,DRAW,1K5r/8/8/5R2/8/1B6/8/3n3k w - - 0 1
1,1,0,0,0,0,0,1,-1,1,0,1,1,1,0,0,0,0,0,16,0,0,5,2,1,7,6,3,5,23,18,0,0,0,0,0,0,0,0,7,1,1,0,0,0,0,2,1,1,0,KRBKRNvK,DRAW,7B/1rn4k/8/8/8/8/2K2R2/8 w - - 0 1
0,1,0,0,0,0,0,1,-1,1,0,1,1,1,0,0,0,0,0,16,0,0,3,5,0,2,2,4,2,19,28,0,0,0,0,0,0,0,0,7,1,1,0,0,0,0,2,2,0,0,KRBKRNvK,DRAW,7n/8/3r4/5B2/6R1/2k5/8/5K2 b - - 0 1
1,1,0,0,0,0,0,1,-1,1,0,1,1,1,0,0,0,0,0,16,0,0,3,4,7,7,7,3,6,18,21,0,0,0,0,0,0,0,0,7,1,1,0,0,0,0,0,0,0,1,KRBKRNvK,WIN,4K2k/2r5/8/n7/7B/8/8/7R w - - 0 1
1,1,0,0,0,0,0,1,-1,1,0,1,1,1,0,0,0,0,0,16,0,0,6,3,7,3,1,3,2,25,22,0,0,0,0,0,0,0,0,7,1,1,0,1,0,0,2,3,0,0,KRBKRNvK,DRAW,3K4/3B4/8/7R/8/8/2nkr3/8 w - - 0 1
1,1,0,0,0,0,0,1,-1,1,0,1,1,1,0,0,0,0,0,16,0,0,4,6,7,3,3,5,0,5,0,1,0,0,0,0,0,0,0,7,1,1,0,0,0,0,1,3,1,0,KRBKRNvK,DRAW,6K1/8/8/2n5/3k1Br1/8/8/2R5 w - - 0 1
1,1,0,0,0,0,0,1,-1,1,0,1,1,1,0,0,0,0,0,16,0,0,7,6,0,0,7,5,6,4,0,1,0,0,0,0,0,0,0,7,1,1,0,0,0,0,3,0,0,0,KRBKRNvK,DRAW,k6B/1n6/8/8/8/8/4R3/2r3K1 w - - 0 1
1,1,0,0,0,0,0,1,-1,1,0,1,1,1,0,0,0,0,0,16,0,0,5,5,7,7,2,4,4,23,24,0,0,0,0,0,0,0,0,7,1,1,0,0,0,0,3,3,0,0,KRBKRNvK,DRAW,3R1K1B/8/8/7r/8/5n1k/8/8 w - - 0 1
1,1,0,0,0,0,0,1,-1,1,0,1,1,1,0,0,0,0,0,16,0,0,5,2,5,7,5,2,4,28,20,0,0,0,0,0,0,0,0,7,1,1,0,0,0,0,1,2,1,1,KRBKRNvK,DRAW,8/5Bn1/2K4k/8/1r6/8/8/R7 w - - 0 1
1,1,0,0,0,0,0,1,-1,1,0,1,1,1,0,0,0,0,0,16,0,0,5,1,4,6,2,2,3,7,0,1,0,0,0,0,0,0,0,7,1,1,0,0,0,0,2,2,0,0,KRBKRNvK,DRAW,8/6n1/5B2/1K3r2/8/6k1/8/R7 w - - 0 1
1,1,0,0,0,0,0,1,-1,1,0,1,1,1,0,0,0,0,0,16,0,0,2,6,3,4,1,2,2,3,0,1,0,0,0,0,0,0,0,7,1,1,0,0,0,0,0,3,1,1,KRBKRNvK,DRAW,8/8/5n2/1r6/6K1/7B/4k3/6R1 w - - 0 1
0,1,0,0,0,0,0,1,-1,1,0,1,1,1,0,0,0,0,0,16,0,0,2,3,0,5,1,3,3,7,0,1,0,0,0,0,0,0,0,7,1,1,0,0,0,0,1,2,0,0,KRBKRNvK,DRAW,8/8/8/8/2r1n3/8/R4k2/1B1K4 b - - 0 1
1,1,0,0,0,0,0,1,-1,1,0,1,1,1,0,0,0,0,0,16,0,0,2,5,4,7,3,1,3,5,0,1,0,0,0,0,0,0,0,7,1,1,0,0,0,0,2,0,0,1,KRBKRNvK,DRAW,8/1r6/B7/5K2/3n3k/8/8/1R6 w - - 0 1
1,1,0,0,0,0,0,1,-1,1,0,1,1,1,0,0,0,0,0,16,0,0,5,7,0,2,2,6,2,17,17,0,0,0,0,0,0,0,0,7,1,1,0,0,0,0,0,1,0,0,KRBKRNvK,WIN,1R1B2rn/8/8/8/8/2k5/8/7K w - - 0 1
1,1,0,0,0,0,0,1,-1,1,0,1,1,1,0,0,0,0,0,16,0,0,2,0,3,1,5,3,3,16,17,0,0,0,0,0,0,0,0,7,1,1,0,0,0,0,2,1,0,0,KRBKRNvK,DRAW,8/8/1k6/7R/K3B1r1/8/8/2n5 w - - 0 1
0,1,0,0,0,0,0,1,-1,1,0,1,1,1,0,0,0,0,0,16,0,0,7,2,7,6,0,4,5,3,0,1,0,0,0,0,0,0,0,7,1,1,0,0,0,0,2,1,0,1,KRBKRNvK,DRAW,2K5/1r6/8/6R1/3B4/8/4n3/6k1 b - - 0 1
0,1,0,0,0,0,0,1,-1,1,0,1,1,1,0,0,0,0,0,16,0,0,3,0,4,1,7,3,5,25,27,0,0,0,0,0,0,0,0,7,1,1,0,0,0,0,3,3,1,0,KRBKRNvK,DRAW,1k2r3/8/3R4/K7/8/3B1n2/8/8 b - - 0 1
0,1,0,0,0,0,0,1,-1,1,0,1,1,1,0,0,0,0,0,16,0,0,7,5,7,7,0,4,6,18,29,0,0,0,0,0,0,0,0,7,1,1,0,0,0,0,1,0,0,0,KRBKRNvK,DRAW,5K2/1r6/2R5/4B3/8/8/8/1n5k b - - 0 1
0,1,0,0,0,0,0,1,-1,1,0,1,1,1,0,0,0,0,0,16,0,0,3,6,3,7,6,2,5,20,22,0,0,0,0,0,0,0,0,7,1,1,0,0,0,0,3,0,0,0,KRBKRNvK,DRAW,1B1R4/6nk/8/8/6K1/2r5/8/8 b - - 0 1
0,1,0,0,0,0,0,1,-1,1,0,1,1,1,0,0,0,0,0,16,0,0,5,0,1,5,5,5,2,25,18,0,0,0,0,0,0,0,0,7,1,1,0,0,0,0,1,3,0,0,KRBKRNvK,DRAW,3r4/8/5k2/8/7n/8/K6B/R7 b - - 0 1
0,1,0,0,0,0,0,1,-1,1,0,1,1,1,0,0,0,0,0,16,0,0,2,5,4,5,2,1,2,23,21,0,0,0,0,0,0,0,0,7,1,1,1,1,0,0,3,1,0,0,KRBKRNvK,DRAW,2n5/5R2/8/5K2/8/1B3k2/7r/8 b - - 0 1
0,1,0,0,0,0,0,1,-1,1,0,1,1,1,0,0,0,0,0,16,0,0,4,2,4,4,0,1,3,19,28,0,0,0,0,0,0,0,0,7,1,1,0,0,0,0,2,0,0,1,KRBKRNvK,DRAW,7R/8/8/2K5/2B5/1r6/8/4k2n b - - 0 1
1,1,0,0,0,0,0,1,-1,1,0,1,1,1,0,0,0,0,0,16,0,0,6,3,0,2,6,3,3,24,16,0,0,0,0,0,0,0,0,7,1,1,0,0,0,0,2,0,0,0,KRBKRNvK,DRAW,2r5/2k5/8/7R/8/8/8/n1BK4 w - - 0 1
1,1,0,0,0,0,0,1,-1,1,0,1,1,1,0,0,0,0,0,16,0,0,7,7,0,0,0,6,6,23,18,0,0,0,0,0,0,0,0,7,1,1,0,0,0,0,1,0,0,0,KRBKRNvK,DRAW,8/8/1R6/8/8/2r5/7B/k1n4K w - - 0 1
0,1,0,0,0,0,0,1,-1,1,0,1,1,1,0,0,0,0,0,16,0,0,3,5,4,4,1,1,2,25,33,0,0,0,0,0,0,0,0,7,1,1,0,0,0,0,3,0,0,0,KRBKRNvK,DRAW,1n6/2r5/8/4BK2/1R6/8/4k3/8 b - - 0 1
0,1,0,0,0,0,0,1,-1,1,0,1,1,1,0,0,0,0,0,16,0,0,4,5,7,1,3,4,2,23,26,0,0,0,0,0,0,0,0,7,1,1,0,0,0,0,3,2,0,0,KRBKRNvK,DRAW,4RK2/8/5B2/2r5/1k6/8/7n/8 b - - 0 1
1,1,0,0,0,0,0,1,-1,1,0,1,1,1,0,0,0,0,0,16,0,0,5,2,1,7,6,3,5,28,20,0,0,0,0,0,0,0,0,7,1,1,0,0,0,0,2,1,0,2,KRBKRNvK,DRAW,8/7k/8/8/1rn5/4B3/2K5/3R4 w - - 0 1
1,1,0,0,0,0,0,1,-1,1,0,1,1,1,0,0,0,0,0,16,0,0,4,1,4,5,6,2,3,31,22,0,0,0,0,0,0,0,0,7,1,1,0,0,0,0,3,1,1,0,KRBKRNvK,WIN,4R3/5k2/8/1KB5/8/8/2n5/5r2 w - - 0 1
0,1,0,0,0,0,0,1,-1,1,0,1,1,1,0,0,0,0,0,16,0,0,6,5,7,4,1,4,2,25,21,0,0,0,0,0,0,0,0,7,1,1,0,0,0,0,1,3,0,0,KRBKRNvK,WIN,1R3K2/8/6B1/1n5r/8/8/4k3/8 b - - 0 1
0,1,0,0,0,0,0,1,-1,1,0,1,1,1,0,0,0,0,0,16,0,0,4,4,2,0,5,1,4,19,24,0,0,0,0,0,0,0,0,7,1,1,0,0,0,0,4,2,0,1,KRBKRNvK,DRAW,8/8/k7/6R1/1r6/4K3/8/6nB b - - 0 1
1,1,0,0,0,0,0,1,-1,1,0,1,1,1,0,0,0,0,0,16,0,0,4,5,1,2,5,3,2,4,0,1,0,0,0,0,0,0,0,7,1,1,1,1,0,0,1,1,1,2,KRBKRNvK,DRAW,8/1R6/2k5/8/8/6B1/5K1r/3n4 w - - 0 1
0,1,0,0,0,0,0,1,-1,1,0,1,1,1,0,0,0,0,0,16,0,0,3,4,3,1,3,0,2,26,24,0,0,0,0,0,0,0,0,7,1,1,0,0,0,0,4,2,0,0,KRBKRNvK,DRAW,2n5/1B6/8/7r/1k2K3/8/8/5R2 b - - 0 1
0,1,0,0,0,0,0,1,-1,1,0,1,1,1,0,0,0,0,0,16,0,0,5,4,0,0,5,3,4,3,0,1,0,0,0,0,0,0,0,7,1,1,0,1,0,0,1,1,1,1,KRBKRNvK,DRAW,R7/8/k7/8/5n2/1B6/2r5/4K3 b - - 0 1
1,1,0,0,0,0,0,1,-1,1,0,1,1,1,0,0,0,0,0,16,0,0,4,5,1,3,5,3,1,6,0,1,0,0,0,0,0,0,0,7,1,1,1,1,0,0,0,3,0,0,KRBKRNvK,DRAW,8/R7/3k4/2n5/8/8/1r3K2/5B2 w - - 0 1
1,1,0,0,0,0,0,1,-1,1,0,1,1,1,0,0,0,0,0,16,0,0,2,4,6,2,6,2,3,24,17,0,0,0,0,0,0,0,0,7,1,1,0,0,0,0,0,2,0,0,KRBKRNvK,DRAW,8/2k1K3/6R1/8/r7/B7/8/7n w - - 0 1
0,1,0,0,0,0,0,1,-1,1,0,1,1,1,0,0,0,0,0,16,0,0,2,7,6,5,7,5,4,23,20,0,0,0,0,0,0,0,0,7,1,1,0,0,0,0,0,2,0,1,KRBKRNvK,DRAW,5k2/7K/8/5r2/2n4B/8/2R5/8 b - - 0 1
1,1,0,0,0,0,0,1,-1,1,0,1,1,1,0,0,0,0,0,16,0,0,4,4,6,0,2,2,4,4,0,1,0,0,0,0,0,0,0,7,1,1,0,0,0,0,2,2,0,1,KRBKRNvK,DRAW,3R4/4K3/8/5n2/4r3/k3B3/8/8 w - - 0 1
0,1,0,0,0,0,0,1,-1,1,0,1,1,1,0,0,0,0,0,16,0,0,3,0,7,3,5,6,1,22,21,0,0,0,0,0,0,0,0,7,1,1,0,0,0,0,2,3,0,0,KRBKRNvK,DRAW,K7/8/3k2r1/8/8/1n3B1R/8/8 b - - 0 1
1,1,0,0,0,0,0,1,-1,1,0,1,1,1,0,0,0,0,0,16,0,0,4,6,2,2,2,3,2,4,0,1,0,0,0,0,0,0,0,7,1,1,0,0,0,0,0,3,1,2,KRBKRNvK,DRAW,8/8/B7/8/6r1/2k1n1K1/8/R7 w - - 0 1
0,1,0,0,0,0,0,1,-1,1,0,1,1,1,0,0,0,0,0,16,0,0,3,4,4,2,1,0,3,20,23,0,0,0,0,0,0,0,0,7,1,1,0,0,0,0,4,0,0,0,KRBKRNvK,DRAW,8/8/8/4KRB1/8/1r6/1nk5/8 b - - 0 1
0,1,0,0,0,0,0,1,-1,1,0,1,1,1,0,0,0,0,0,16,0,0,4,3,7,7,3,3,3,18,25,0,0,0,0,0,0,0,0,7,1,1,0,0,0,0,2,3,0,0,KRBKRNvK,DRAW,3K1B2/8/8/7r/7k/6n1/8/3R4 b - - 0 1
0,1,0,0,0,0,0,1,-1,1,0,1,1,1,0,0,0,0,0,16,0,0,6,6,6,3,0,4,3,18,35,0,0,0,0,0,0,0,0,7,1,1,0,1,0,0,1,2,1,0,KRBKRNvK,DRAW,8/6K1/8/3B4/8/2R5/4r2n/3k4 b - - 0 1
1,1,0,0,0,0,0,1,-1,1,0,1,1,1,0,0,0,0,0,16,0,0,7,0,1,7,0,5,6,22,19,0,0,0,0,0,0,0,0,7,1,1,0,0,0,0,3,1,0,0,KRBKRNvK,DRAW,8/8/8/R7/8/8/K4n2/1B4rk w - - 0 1
1,1,0,0,0,0,0,1,-1,1,0,1,1,1,0,0,0,0,0,16,0,0,3,3,2,6,0,1,5,28,20,0,0,0,0,0,0,0,0,7,1,1,0,0,0,0,3,0,1,0,KRBKRNvK,DRAW,8/8/1r6/n7/6R1/3K4/6B1/6k1 w - - 0 1
0,1,0,0,0,0,0,1,-1,1,0,1,1,1,0,0,0,0,0,16,0,0,5,6,2,1,7,3,5,3,0,1,0,0,0,0,0,0,0,7,1,1,1,0,0,0,2,2,1,0,KRBKRNvK,DRAW,1k6/1nB1R3/8/1r6/8/6K1/8/8 b - - 0 1
0,1,0,0,0,0,0,1,-1,1,0,1,1,1,0,0,0,0,0,16,0,0,3,2,4,0,7,1,6,21,28,0,0,0,0,0,0,0,0,7,1,1,0,0,0,0,2,0,0,0,KRBKRNvK,DRAW,k7/8/3R3n/2K4B/8/6r1/8/8 b - - 0 1
1,1,0,0,0,0,0,1,-1,1,0,1,1,1,0,0,0,0,0,16,0,0,3,4,6,6,3,2,2,7,0,1,0,0,0,0,0,0,0,7,1,1,0,0,0,0,2,2,1,2,KRBKRNvK,DRAW,8/4K3/6n1/6r1/6k1/5R2/1B6/8 w - - 0 1
1,1,0,0,0,0,0,1,-1,1,0,1,1,1,0,0,0,0,0,16,0,0,4,1,7,1,3,5,2,22,29,0,0,0,0,0,0,0,0,7,1,1,0,0,0,0,1,2,0,1,KRBKRNvK,DRAW,1K6/3r4/8/8/1k2n3/8/6R1/6B1 w - - 0 1
0,1,0,0,0,0,0,1,-1,1,0,1,1,1,0,0,0,0,0,16,0,0,5,6,0,4,5,5,1,23,23,0,0,0,0,0,0,0,0,7,1,1,0,0,0,0,1,3,1,1,KRBKRNvK,DRAW,8/8/4k3/2B5/8/4r3/R2n4/6K1 b - - 0 1
0,1,0,0,0,0,0,1,-1,1,0,1,1,1,0,0,0,0,0,16,0,0,6,0,2,6,2,4,3,25,21,0,0,0,0,0,0,0,0,7,1,1,0,0,0,0,0,0,0,1,KRBKRNvK,DRAW,8/7r/R7/8/8/K5k1/1n6/2B5 b - - 0 1
1,1,0,0,0,0,0,1,-1,1,0,1,1,1,0,0,0,0,0,16,0,0,3,3,0,0,0,3,6,25,24,0,0,0,0,0,0,0,0,7,1,1,0,0,0,0,3,1,1,0,KRBKRNvK,DRAW,8/2r5/8/5n2/6R1/1B6/8/k2K4 w - - 0 1
0,1,0,0,0,0,0,1,-1,1,0,1,1,1,0,0,0,0,0,16,0,0,3,5,4,6,1,1,4,24,23,0,0,0,0,0,0,0,0,7,1,1,0,0,0,0,4,1,0,1,KRBKRNvK,DRAW,8/8/3R4/5K2/8/3n4/2B3k1/3r4 b - - 0 1
0,1,0,0,0,0,0,1,-1,1,0,1,1,1,0,0,0,0,0,16,0,0,7,7,7,0,7,6,6,18,25,0,0,0,0,0,0,0,0,7,1,1,0,0,0,0,3,0,0,0,KRBKRNvK,DRAW,k6K/8/r7/8/1R6/2B5/8/4n3 b - - 0 1
1,1,0,0,0,0,0,1,-1,1,0,1,1,1,0,0,0,0,0,16,0,0,3,0,5,3,6,4,2,31,14,0,0,0,0,0,0,0,0,7,1,1,0,0,0,0,1,0,1,0,KRBKRNvK,DRAW,3r4/3k4/K5R1/3B4/8/8/7n/8 w - - 0 1
0,1,0,0,0,0,0,1,-1,1,0,1,1,1,0,0,0,0,0,16,0,0,3,4,6,1,4,2,2,25,26,0,0,0,0,0,0,0,0,7,1,1,0,0,0,0,1,2,0,1,KRBKRNvK,DRAW,5n2/4KB2/8/1k6/8/3r4/7R/8 b - - 0 1
0,1,0,0,0,0,0,1,-1,1,0,1,1,1,0,0,0,0,0,16,0,0,4,5,7,4,3,4,0,4,0,1,0,0,0,0,0,0,0,7,1,1,0,0,0,0,2,3,1,0,KRBKRNvK,LOSS,5K2/8/8/8/1R2k3/8/1nB5/1r6 b - - 0 1
0,1,0,0,0,0,0,1,-1,1,0,1,1,1,0,0,0,0,0,16,0,0,7,0,7,1,0,6,5,18,21,0,0,0,0,0,0,0,0,7,1,1,0,0,0,0,1,2,0,0,KRBKRNvK,DRAW,K7/B6n/8/1r6/8/8/6R1/1k6 b - - 0 1
0,1,0,0,0,0,0,1,-1,1,0,1,1,1,0,0,0,0,0,16,0,0,2,7,3,5,3,3,1,2,0,1,0,0,0,0,0,0,0,7,1,1,0,0,0,0,4,2,1,0,KRBKRNvK,DRAW,2r5/7n/2B5/8/4Rk1K/8/8/8 b - - 0 1
0,1,0,0,0,0,0,1,-1,1,0,1,1,1,0,0,0,0,0,16,0,0,3,5,3,4,6,1,2,28,21,0,0,0,0,0,0,0,0,7,1,1,0,0,0,0,2,2,0,2,KRBKRNvK,DRAW,8/4k3/8/3r4/5Kn1/8/6R1/1B6 b - - 0 1
1,1,0,0,0,0,0,1,-1,1,0,1,1,1,0,0,0,0,0,16,0,0,3,3,5,6,6,1,4,25,23,0,0,0,0,0,0,0,0,7,1,1,0,0,0,0,2,2,1,1,KRBKRNvK,DRAW,7R/6k1/3K4/8/2r5/6B1/3n4/8 w - - 0 1
1,1,0,0,0,0,0,1,-1,1,0,1,1,1,0,0,0,0,0,16,0,0,5,1,1,1,6,4,4,23,25,0,0,0,0,0,0,0,0,7,1,1,0,0,0,0,1,3,1,0,KRBKRNvK,DRAW,8/1k1n4/1B6/4r3/8/8/1K6/1R6 w - - 0 1
1,1,0,0,0,0,0,1,-1,1,0,1,1,1,0,0,0,0,0,16,0,0,6,1,0,3,6,5,2,31,19,0,0,0,0,0,0,0,0,7,1,1,0,0,0,0,2,2,0,0,KRBKRNvK,DRAW,3n4/3k4/4r3/R7/4B3/8/8/1K6 w - - 0 1
0,1,0,0,0,0,0,1,-1,1,0,1,1,1,0,0,0,0,0,16,0,0,5,3,6,0,1,2,5,14,29,0,0,0,0,0,0,0,0,7,1,1,0,0,0,0,2,0,0,0,KRBKRNvK,DRAW,6R1/3K4/8/8/8/8/kn4B1/1r6 b - - 0 1
0,1,0,0,0,0,0,1,-1,1,0,1,1,1,0,0,0,0,0,16,0,0,6,1,6,7,3,4,3,23,22,0,0,0,0,0,0,0,0,7,1,1,1,0,0,0,2,2,0,0,KRBKRNvK,DRAW,8/RK6/2B4n/4r3/7k/8/8/8 b - - 0 1
1,1,0,0,0,0,0,1,-1,1,0,1,1,1,0,0,0,0,0,16,0,0,3,4,3,1,5,0,3,22,28,0,0,0,0,0,0,0,0,7,1,1,0,0,0,0,3,2,0,1,KRBKRNvK,DRAW,8/8/1kn5/8/4K3/r7/3B3R/8 w - - 0 1
0,1,0,0,0,0,0,1,-1,1,0,1,1,1,0,0,0,0,0,16,0,0,7,0,7,7,7,6,6,19,21,0,0,0,0,0,0,0,0,7,1,1,0,0,0,0,0,0,1,1,KRBKRNvK,DRAW,K1B4k/1r6/6R1/8/8/n7/8/8 b - - 0 1
1,1,0,0,0,0,0,1,-1,1,0,1,1,1,0,0,0,0,0,16,0,0,2,5,7,7,6,4,5,24,19,0,0,0,0,0,0,0,0,7,1,1,0,0,0,0,0,0,0,0,KRBKRNvK,DRAW,n4K2/7k/8/B7/8/1r6/2R5/8 w - - 0 1
0,1,0,0,0,0,0,1,-1,1,0,1,1,1,0,0,0,0,0,16,0,0,2,4,2,6,4,1,2,24,33,0,0,0,0,0,0,0,0,7,1,1,0,0,0,0,2,0,0,0,KRBKRNvK,DRAW,2r5/8/8/3B2k1/8/4K3/7n/R7 b - - 0 1
0,1,0,0,0,0,0,1,-1,1,0,1,1,1,0,0,0,0,0,16,0,0,2,0,4,2,4,3,1,19,22,0,0,0,0,0,0,0,0,7,1,1,0,0,0,0,2,3,0,1,KRBKRNvK,DRAW,7B/8/8/K1k2r2/8/n6R/8/8 b - - 0 1
1,1,0,0,0,0,0,1,-1,1,0,1,1,1,0,0,0,0,0,16,0,0,2,6,4,4,5,2,1,17,19,0,0,0,0,0,0,0,0,7,1,1,0,0,0,0,1,2,0,0,KRBKRNvK,DRAW,R7/B7/4k3/6K1/8/8/8/4n2r w - - 0 1
1,1,0,0,0,0,0,1,-1,1,0,1,1,1,0,0,0,0,0,16,0,0,2,7,0,6,2,6,3,2,0,1,0,0,0,0,0,0,0,7,1,1,0,0,0,0,3,1,1,0,KRBKRNvK,LOSS,8/7r/4R3/8/6n1/6k1/8/6BK w - - 0 1
1,1,0,0,0,0,0,1,-1,1,0,1,1,1,0,0,0,0,0,16,0,0,3,3,3,6,3,0,2,7,0,1,0,0,0,0,0,0,0,7,1,1,0,1,0,0,3,1,1,2,KRBKRNvK,LOSS,8/8/8/8/3K2k1/7R/1r2n3/1B6 w - - 0 1
0,1,0,0,0,0,0,1,-1,1,0,1,1,1,0,0,0,0,0,16,0,0,6,7,6,4,0,5,3,19,26,0,0,0,0,0,0,0,0,7,1,1,0,1,0,0,3,0,0,1,KRBKRNvK,DRAW,6n1/7K/4B3/8/5R2/8/6r1/4k3 b - - 0 1
1,1,0,0,0,0,0,1,-1,1,0,1,1,1,0,0,0,0,0,16,0,0,5,6,5,2,0,3,4,6,0,1,0,0,0,0,0,0,0,7,1,1,0,0,0,0,2,2,0,0,KRBKRNvK,DRAW,8/B7/3r2K1/8/1n4R1/8/8/2k5 w - - 0 1
1,1,0,0,0,0,0,1,-1,1,0,1,1,1,0,0,0,0,0,16,0,0,2,3,1,3,3,2,0,22,24,0,0,0,0,0,0,0,0,7,1,1,0,0,0,0,1,3,1,0,KRBKRNvK,DRAW,8/r7/8/5Bn1/3k4/8/3K4/3R4 w - - 0 1
0,1,0,0,0,0,0,1,-1,1,0,1,1,1,0,0,0,0,0,16,0,0,5,6,6,4,1,4,2,28,19,0,0,0,0,0,0,0,0,7,1,1,0,0,0,0,0,3,0,0,KRBKRNvK,DRAW,7R/6K1/2n4B/1r6/8/8/4k3/8 b - - 0 1
1,1,0,0,0,0,0,1,-1,1,0,1,1,1,0,0,0,0,0,16,0,0,3,2,5,4,2,2,1,29,23,0,0,0,0,0,0,0,0,7,1,1,0,1,0,0,1,3,2,0,KRBKRNvK,DRAW,8/8/2K5/8/4B3/4k1n1/3r4/5R2 w - - 0 1
1,1,0,0,0,0,0,1,-1,1,0,1,1,1,0,0,0,0,0,16,0,0,3,5,0,4,3,4,0,24,17,0,0,0,0,0,0,0,0,7,1,1,0,0,0,0,2,4,1,0,KRBKRNvK,DRAW,8/8/7B/7n/1r2k3/8/3R4/5K2 w - - 0 1
0,1,0,0,0,0,0,1,-1,1,0,1,1,1,0,0,0,0,0,16,0,0,3,2,5,5,2,2,2,5,0,1,0,0,0,0,0,0,0,7,1,1,1,0,0,0,2,1,0,1,KRBKRNvK,LOSS,1r6/B4R2/2K5/8/8/n4k2/8/8 b - - 0 1
1,1,0,0,0,0,0,1,-1,1,0,1,1,1,0,0,0,0,0,16,0,0,6,0,7,0,1,6,5,2,0,1,0,0,0,0,0,0,0,7,1,1,0,0,0,0,2,1,0,0,KRBKRNvK,DRAW,K4rB1/8/4n3/7R/8/8/k7/8 w - - 0 1
1,1,0,0,0,0,0,1,-1,1,0,1,1,1,0,0,0,0,0,16,0,0,2,1,4,0,6,2,5,3,0,1,0,0,0,0,0,0,0,7,1,1,0,0,0,0,3,2,0,1,KRBKRNvK,DRAW,8/k7/5B2/1K3R2/1r6/8/n7/8 w - - 0 1
0,1,0,0,0,0,0,1,-1,1,0,1,1,1,0,0,0,0,0,16,0,0,3,5,4,5,7,1,4,2,0,1,0,0,0,0,0,0,0,7,1,1,0,0,0,0,2,0,1,0,KRBKRNvK,DRAW,5k2/8/3B4/5K2/8/1r6/8/1n4R1 b - - 0 1
1,1,0,0,0,0,0,1,-1,1,0,1,1,1,0,0,0,0,0,16,0,0,2,3,3,5,2,0,2,5,0,1,0,0,0,0,0,0,0,7,1,1,0,1,0,0,4,3,1,2,KRBKRNvK,DRAW,8/3B4/8/8/3K2R1/5k2/2n1r3/8 w - - 0 1
1,1,0,0,0,0,0,1,-1,1,0,1,1,1,0,0,0,0,0,16,0,0,5,7,2,2,5,4,2,13,23,0,0,0,0,0,0,0,0,7,1,1,0,0,0,0,0,1,0,0,KRBKRNvK,DRAW,6r1/8/2k5/8/8/7K/4B2R/n7 w - - 0 1
0,1,0,0,0,0,0,1,-1,1,0,1,1,1,0,0,0,0,0,16,0,0,5,7,4,2,2,3,2,23,30,0,0,0,0,0,0,0,0,7,1,1,0,0,0,0,1,1,1,1,KRBKRNvK,WIN,5n2/5r2/8/3B3K/8/2k5/8/6R1 b - - 0 1
0,1,0,0,0,0,0,1,-1,1,0,1,1,1,0,0,0,0,0,16,0,0,6,1,7,7,2,5,4,11,30,0,0,0,0,0,0,0,0,7,1,1,1,0,0,0,2,0,0,0,KRBKRNvK,DRAW,1K6/3R4/8/2B5/8/7k/8/5n1r b - - 0 1
1,1,0,0,0,0,0,1,-1,1,0,1,1,1,0,0,0,0,0,16,0,0,2,3,3,2,1,0,3,22,22,0,0,0,0,0,0,0,0,7,1,1,1,0,0,0,3,1,0,1,KRBKRNvK,DRAW,8/3R4/3B4/8/3K4/4n2r/2k5/8 w - - 0 1
1,1,0,0,0,0,0,1,-1,1,0,1,1,1,0,0,0,0,0,16,0,0,5,1,3,6,2,2,3,26,20,0,0,0,0,0,0,0,0,7,1,1,0,0,0,0,2,0,1,0,KRBKRNvK,DRAW,6n1/8/8/8/1K1R4/6k1/6B1/2r5 w - - 0 1
0,1,0,0,0,0,0,1,-1,1,0,1,1,1,0,0,0,0,0,16,0,0,5,5,5,6,0,2,5,21,15,0,0,0,0,0,0,0,0,7,1,1,1,0,0,0,1,2,0,1,KRBKRNvK,DRAW,n7/5RB1/5K2/8/3r4/8/8/6k1 b - - 0 1
0,1,0,0,0,0,0,1,-1,1,0,1,1,1,0,0,0,0,0,16,0,0,5,4,0,0,5,3,4,24,23,0,0,0,0,0,0,0,0,7,1,1,0,0,0,0,2,1,0,0,KRBKRNvK,DRAW,2r5/8/k2n4/8/8/4B3/8/3RK3 b - - 0 1
1,1,0,0,0,0,0,1,-1,1,0,1,1,1,0,0,0,0,0,16,0,0,4,2,4,6,7,1,5,29,23,0,0,0,0,0,0,0,0,7,1,1,0,0,0,0,4,0,1,0,KRBKRNvK,WIN,6k1/8/4R3/2K5/2B5/5r2/6n1/8 w - - 0 1
1,1,0,0,0,0,0,1,-1,1,0,1,1,1,0,0,0,0,0,16,0,0,2,5,1,3,2,3,1,29,27,0,0,0,0,0,0,0,0,7,1,1,0,0,0,0,1,2,1,1,KRBKRNvK,DRAW,8/5B2/3n4/8/7r/3k4/5K2/1R6 w - - 0 1
0,1,0,0,0,0,0,1,-1,1,0,1,1,1,0,0,0,0,0,16,0,0,2,5,3,5,5,1,2,4,0,1,0,0,0,0,0,0,0,7,1,1,0,0,0,0,4,1,0,0,KRBKRNvK,DRAW,8/7r/5k2/8/5K2/2BR4/8/4n3 b - - 0 1
1,1,0,0,0,0,0,1,-1,1,0,1,1,1,0,0,0,0,0,16,0,0,6,1,1,7,3,4,3,7,0,1,0,0,0,0,0,0,0,7,1,1,0,0,0,0,1,2,0,1,KRBKRNvK,DRAW,4r1R1/8/8/8/7k/3B4/1K6/3n4 w - - 0 1
1,1,0,0,0,0,0,1,-1,1,0,1,1,1,0,0,0,0,0,16,0,0,7,6,7,4,0,5,3,5,0,1,0,0,0,0,0,0,0,7,1,1,0,0,0,0,2,1,1,1,KRBKRNvK,DRAW,6K1/4n3/8/8/1R6/8/4B3/2r1k3 w - - 0 1
1,1,0,0,0,0,0,1,-1,1,0,1,1,1,0,0,0,0,0,16,0,0,3,6,2,7,5,3,4,5,0,1,0,0,0,0,0,0,0,7,1,1,0,0,0,0,1,0,0,1,KRBKRNvK,DRAW,8/8/6rk/8/4n3/3B2K1/2R5/8 w - - 0 1
0,1,0,0,0,0,0,1,-1,1,0,1,1,1,0,0,0,0,0,16,0,0,3,5,0,2,1,4,3,22,26,0,0,0,0,0,0,0,0,7,1,1,0,0,0,0,3,2,1,0,KRBKRNvK,DRAW,8/n7/8/3r4/1R6/8/2k4B/5K2 b - - 0 1
1,1,0,0,0,0,0,1,-1,1,0,1,1,1,0,0,0,0,0,16,0,0,7,6,7,5,0,5,4,23,16,0,0,0,0,0,0,0,0,7,1,1,0,0,0,0,2,1,0,0,KRBKRNvK,DRAW,6K1/8/3R4/8/1B6/6n1/8/5k1r w - - 0 1
0,1,0,0,0,0,0,1,-1,1,0,1,1,1,0,0,0,0,0,16,0,0,6,0,2,6,2,4,3,19,23,0,0,0,0,0,0,0,0,7,1,1,0,0,0,0,1,0,0,1,KRBKRNvK,DRAW,5R2/B7/8/8/8/K5k1/8/1r3n2 b - - 0 1
0,1,0,0,0,0,0,1,-1,1,0,1,1,1,0,0,0,0,0,16,0,0,4,3,3,1,7,0,5,25,26,0,0,0,0,0,0,0,0,7,1,1,0,0,0,0,4,1,0,1,KRBKRNvK,DRAW,1k6/6r1/5B2/2n5/3K4/8/R7/8 b - - 0 1
1,1,0,0,0,0,0,1,-1,1,0,1,1,1,0,0,0,0,0,16,0,0,7,1,7,1,0,5,5,26,17,0,0,0,0,0,0,0,0,7,1,1,0,0,0,0,3,2,1,0,KRBKRNvK,DRAW,1K6/1B3r2/5n2/8/8/8/3R4/1k6 w - - 0 1
1,1,0,0,0,0,0,1,-1,1,0,1,1,1,0,0,0,0,0,16,0,0,3,0,7,3,7,6,3,26,20,0,0,0,0,0,0,0,0,7,1,1,1,0,0,0,1,2,0,0,KRBKRNvK,DRAW,K2k4/6R1/8/8/5r2/8/2B5/4n3 w - - 0 1
0,1,0,0,0,0,0,1,-1,1,0,1,1,1,0,0,0,0,0,16,0,0,4,6,4,2,6,2,3,25,27,0,0,0,0,0,0,0,0,7,1,1,0,1,0,0,3,3,0,1,KRBKRNvK,DRAW,6B1/2k5/6n1/6K1/1R6/8/3r4/8 b - - 0 1
0,1,0,0,0,0,0,1,-1,1,0,1,1,1,0,0,0,0,0,16,0,0,4,1,6,4,2,4,1,6,0,1,0,0,0,0,0,0,0,7,1,1,0,0,0,0,0,2,1,0,KRBKRNvK,LOSS,7R/1K6/4n3/8/7r/4k3/8/2B5 b - - 0 1
0,1,0,0,0,0,0,1,-1,1,0,1,1,1,0,0,0,0,0,16,0,0,5,0,4,5,5,3,2,6,0,1,0,0,0,0,0,0,0,7,1,1,0,1,0,0,0,1,1,0,KRBKRNvK,LOSS,3B4/8/5k2/K7/8/8/2R4r/1n6 b - - 0 1
0,1,0,0,0,0,0,1,-1,1,0,1,1,1,0,0,0,0,0,16,0,0,4,1,1,5,5,4,2,22,22,0,0,0,0,0,0,0,0,7,1,1,1,0,0,0,2,4,2,1,KRBKRNvK,DRAW,5B2/4R3/3r1k2/8/8/2n5/1K6/8 b - - 0 1
0,1,0,0,0,0,0,1,-1,1,0,1,1,1,0,0,0,0,0,16,0,0,2,4,7,2,5,3,2,5,0,1,0,0,0,0,0,0,0,7,1,1,0,0,0,0,0,1,2,0,KRBKRNvK,LOSS,R3K3/1n1B4/2k5/8/8/7r/8/8 b - - 0 1
0,1,0,0,0,0,0,1,-1,1,0,1,1,1,0,0,0,0,0,16,0,0,4,3,3,6,7,0,5,23,25,0,0,0,0,0,0,0,0,7,1,1,0,0,0,0,3,2,0,1,KRBKRNvK,DRAW,6k1/3B4/n7/4r3/3K4/8/8/R7 b - - 0 1
1,1,0,0,0,0,0,1,-1,1,0,1,1,1,0,0,0,0,0,16,0,0,4,6,3,6,7,2,5,28,25,0,0,0,0,0,0,0,0,7,1,1,0,0,0,0,2,1,0,0,KRBKRNvK,DRAW,6k1/1r6/8/2R5/6K1/8/3n4/5B2 w - - 0 1
0,1,0,0,0,0,0,1,-1,1,0,1,1,1,0,0,0,0,0,16,0,0,4,6,4,3,0,2,3,4,0,1,0,0,0,0,0,0,0,7,1,1,0,0,0,0,1,3,0,1,KRBKRNvK,DRAW,8/8/4Bn2/6K1/2r5/8/8/R2k4 b - - 0 1
1,1,0,0,0,0,0,1,-1,1,0,1,1,1,0,0,0,0,0,16,0,0,2,3,0,1,2,3,3,19,22,0,0,0,0,0,0,0,0,7,1,1,0,1,0,0,0,0,0,0,KRBKRNvK,DRAW,5B2/n7/8/8/8/1k6/7r/3K2R1 w - - 0 1
0,1,0,0,0,0,0,1,-1,1,0,1,1,1,0,0,0,0,0,16,0,0,7,1,7,7,0,5,6,19,22,0,0,0,0,0,0,0,0,7,1,1,0,0,0,0,0,0,0,0,KRBKRNvK,DRAW,1K6/8/7r/B7/8/R7/6n1/7k b - - 0 1
0,1,0,0,0,0,0,1,-1,1,0,1,1,1,0,0,0,0,0,16,0,0,2,5,6,7,5,3,4,19,19,0,0,0,0,0,0,0,0,7,1,1,0,0,0,0,0,1,0,0,KRBKRNvK,DRAW,4R3/4BK2/7k/8/4n3/8/8/4r3 b - - 0 1
0,1,0,0,0,0,0,1,-1,1,0,1,1,1,0,0,0,0,0,16,0,0,5,7,3,2,0,3,4,19,26,0,0,0,0,0,0,0,0,7,1,1,0,1,0,0,3,0,0,0,KRBKRNvK,DRAW,B7/8/3R4/8/7K/8/1r6/2kn4 b - - 0 1
1,1,0,0,0,0,0,1,-1,1,0,1,1,1,0,0,0,0,0,16,0,0,4,6,1,2,3,4,1,27,21,0,0,0,0,0,0,0,0,7,1,1,0,0,0,0,3,4,1,0,KRBKRNvK,DRAW,7B/8/4r3/8/2k5/8/3R2K1/1n6 w - - 0 1
1,1,0,0,0,0,0,1,-1,1,0,1,1,1,0,0,0,0,0,16,0,0,3,7,3,4,4,3,0,27,16,0,0,0,0,0,0,0,0,7,1,1,0,0,0,0,1,3,2,0,KRBKRNvK,DRAW,4n1r1/8/5R2/4k3/7K/3B4/8/8 w - - 0 1
1,1,0,0,0,0,0,1,-1,1,0,1,1,1,0,0,0,0,0,16,0,0,2,2,2,3,4,2,0,24,15,0,0,0,0,0,0,0,0,7,1,1,0,1,0,0,1,3,1,2,KRBKRNvK,DRAW,8/8/1R6/3k4/7B/n1K5/r7/8 w - - 0 1
1,1,0,0,0,0,0,1,-1,1,0,1,1,1,0,0,0,0,0,16,0,0,6,7,5,1,6,4,4,23,26,0,0,0,0,0,0,0,0,7,1,1,0,0,0,0,3,3,0,0,KRBKRNvK,DRAW,7B/1k1n4/7K/8/7R/3r4/8/8 w - - 0 1
0,1,0,0,0,0,0,1,-1,1,0,1,1,1,0,0,0,0,0,16,0,0,4,2,1,6,2,3,3,29,21,0,0,0,0,0,0,0,0,7,1,1,0,0,0,0,2,0,0,2,KRBKRNvK,DRAW,4B3/8/8/8/3Rn3/6k1/2K5/r7 b - - 0 1
1,1,0,0,0,0,0,1,-1,1,0,1,1,1,0,0,0,0,0,16,0,0,5,5,0,3,5,4,1,25,30,0,0,0,0,0,0,0,0,7,1,1,0,0,0,0,0,3,0,0,KRBKRNvK,WIN,1r6/8/3k1n2/8/8/7R/8/4BK2 w - - 0 1
0,1,0,0,0,0,0,1,-1,1,0,1,1,1,0,0,0,0,0,16,0,0,4,6,1,6,5,4,3,3,0,1,0,0,0,0,0,0,0,7,1,1,0,0,0,0,1,0,2,0,KRBKRNvK,DRAW,1n4r1/8/6kR/8/5B2/8/6K1/8 b - - 0 1
0,1,0,0,0,0,0,1,-1,1,0,1,1,1,0,0,0,0,0,16,0,0,4,7,3,3,2,3,1,7,0,1,0,0,0,0,0,0,0,7,1,1,0,0,0,0,3,2,0,2,KRBKRNvK,DRAW,8/7B/8/7R/7K/3k1r2/7n/8 b - - 0 1
0,1,0,0,0,0,0,1,-1,1,0,1,1,1,0,0,0,0,0,16,0,0,5,0,7,5,4,6,1,18,27,0,0,0,0,0,0,0,0,7,1,1,0,0,0,0,3,3,1,0,KRBKRNvK,DRAW,K7/7n/8/4rk2/1R6/5B2/8/8 b - - 0 1
1,1,0,0,0,0,0,1,-1,1,0,1,1,1,0,0,0,0,0,16,0,0,4,0,4,4,6,3,2,23,26,0,0,0,0,0,0,0,0,7,1,1,0,0,0,0,3,1,1,1,KRBKRNvK,DRAW,8/2n1k3/4B3/K7/R7/8/8/5r2 w - - 0 1
0,1,0,0,0,0,0,1,-1,1,0,1,1,1,0,0,0,0,0,16,0,0,3,4,3,1,0,0,5,24,22,0,0,0,0,0,0,0,0,7,1,1,0,0,0,0,4,1,0,2,KRBKRNvK,WIN,8/8/1B6/5n2/4K3/2r5/4R3/1k6 b - - 0 1
1,1,0,0,0,0,0,1,-1,1,0,1,1,1,0,0,0,0,0,16,0,0,4,0,7,2,3,6,1,22,27,0,0,0,0,0,0,0,0,7,1,1,0,0,0,0,1,3,0,1,KRBKRNvK,DRAW,K7/5r2/2n5/8/2k5/8/5B2/R7 w - - 0 1
0,1,0,0,0,0,0,1,-1,1,0,1,1,1,0,0,0,0,0,16,0,0,5,6,2,1,1,3,4,7,0,1,0,0,0,0,0,0,0,7,1,1,0,0,0,0,2,2,0,1,KRBKRNvK,DRAW,4r3/8/8/6n1/8/5BK1/1k4R1/8 b - - 0 1
0,1,0,0,0,0,0,1,-1,1,0,1,1,1,0,0,0,0,0,16,0,0,6,1,7,7,2,5,4,13,22,0,0,0,0,0,0,0,0,7,1,1,0,1,0,0,1,0,0,0,KRBKRNvK,DRAW,1K2n1R1/5B2/8/8/8/7k/7r/8 b - - 0 1
1,1,0,0,0,0,0,1,-1,1,0,1,1,1,0,0,0,0,0,16,0,0,4,3,5,5,1,1,3,18,23,0,0,0,0,0,0,0,0,7,1,1,0,0,0,0,3,2,0,1,KRBKRNvK,WIN,1n6/4B3/3K4/3R4/8/8/5k2/4r3 w - - 0 1
1,1,0,0,0,0,0,1,-1,1,0,1,1,1,0,0,0,0,0,16,0,0,6,7,2,1,2,4,3,27,19,0,0,0,0,0,0,0,0,7,1,1,0,0,0,0,2,2,0,1,KRBKRNvK,DRAW,R7/6B1/8/3r4/8/1k5K/8/7n w - - 0 1
1,1,0,0,0,0,0,1,-1,1,0,1,1,1,0,0,0,0,0,16,0,0,5,5,6,0,2,3,4,7,0,1,0,0,0,0,0,0,0,7,1,1,0,1,0,0,1,0,1,1,KRBKRNvK,DRAW,7n/5K2/8/8/8/k2B4/r7/R7 w - - 0 1
1,1,0,0,0,0,0,1,-1,1,0,1,1,1,0,0,0,0,0,16,0,0,6,0,5,6,6,4,4,23,24,0,0,0,0,0,0,0,0,7,1,1,0,0,0,0,1,2,1,1,KRBKRNvK,DRAW,2R5/6kB/K7/8/1r6/8/3n4/8 w - - 0 1
0,1,0,0,0,0,0,1,-1,1,0,1,1,1,0,0,0,0,0,16,0,0,5,5,5,1,0,2,5,20,26,0,0,0,0,0,0,0,0,7,1,1,0,0,0,0,3,0,0,0,KRBKRNvK,DRAW,8/n2B4/3R1K2/8/8/8/8/1k5r b - - 0 1
0,1,0,0,0,0,0,1,-1,1,0,1,1,1,0,0,0,0,0,16,0,0,3,0,3,0,0,3,6,20,19,0,0,0,0,0,0,0,0,7,1,1,0,0,0,0,2,2,0,0,KRBKRNvK,DRAW,8/8/1RB2n2/8/K7/5r2/8/k7 b - - 0 1
0,1,0,0,0,0,0,1,-1,1,0,1,1,1,0,0,0,0,0,16,0,0,6,7,3,1,7,3,5,20,19,0,0,0,0,0,0,0,0,7,1,1,0,0,0,0,1,0,0,0,KRBKRNvK,DRAW,1k4r1/7n/8/8/7K/1B6/8/1R6 b - - 0 1
1,1,0,0,0,0,0,1,-1,1,0,1,1,1,0,0,0,0,0,16,0,0,4,3,5,7,1,1,5,5,0,1,0,0,0,0,0,0,0,7,1,1,0,0,0,0,4,0,1,1,KRBKRNvK,DRAW,4B3/1n6/3K3r/8/6R1/8/7k/8 w - - 0 1
0,1,0,0,0,0,0,1,-1,1,0,1,1,1,0,0,0,0,0,16,0,0,6,7,0,1,1,6,4,26,21,0,0,0,0,0,0,0,0,7,1,1,0,0,0,0,2,2,0,0,KRBKRNvK,DRAW,3R4/8/8/8/7n/4r3/1k3B2/7K b - - 0 1
0,1,0,0,0,0,0,1,-1,1,0,1,1,1,0,0,0,0,0,16,0,0,3,5,2,2,4,2,1,23,26,0,0,0,0,0,0,0,0,7,1,1,0,0,0,0,3,3,1,1,KRBKRNvK,DRAW,8/n7/4B3/2k5/7r/5K2/4R3/8 b - - 0 1
0,1,0,0,0,0,0,1,-1,1,0,1,1,1,0,0,0,0,0,16,0,0,2,2,6,0,7,3,6,12,28,0,0,0,0,0,0,0,0,7,1,1,0,1,0,0,1,2,0,1,KRBKRNvK,LOSS,k7/2K5/2n5/8/4B3/7R/2r5/8 b - - 0 1
1,1,0,0,0,0,0,1,-1,1,0,1,1,1,0,0,0,0,0,16,0,0,3,7,1,4,4,5,0,4,0,1,0,0,0,0,0,0,0,7,1,1,0,0,0,0,0,3,0,1,KRBKRNvK,DRAW,6R1/8/7r/4k2B/8/8/7K/5n2 w - - 0 1
1,1,0,0,0,0,0,1,-1,1,0,1,1,1,0,0,0,0,0,16,0,0,5,4,2,7,7,1,6,25,22,0,0,0,0,0,0,0,0,7,1,1,0,0,0,0,3,1,1,1,KRBKRNvK,DRAW,7k/5B2/1r6/8/8/R3K1n1/8/8 w - - 0 1
1,1,0,0,0,0,0,1,-1,1,0,1,1,1,0,0,0,0,0,16,0,0,2,5,3,4,5,1,1,23,23,0,0,0,0,0,0,0,0,7,1,1,0,0,0,0,2,2,0,0,KRBKRNvK,DRAW,8/1r6/4k3/8/5K2/6B1/n7/7R w - - 0 1
0,1,0,0,0,0,0,1,-1,1,0,1,1,1,0,0,0,0,0,16,0,0,5,4,5,0,0,1,6,22,27,0,0,0,0,0,0,0,0,7,1,1,0,0,0,0,4,3,0,0,KRBKRNvK,DRAW,8/4B3/4K3/r7/2R5/6n1/8/k7 b - - 0 1
0,1,0,0,0,0,0,1,-1,1,0,1,1,1,0,0,0,0,0,16,0,0,2,7,4,5,3,3,1,3,0,1,0,0,0,0,0,0,0,7,1,1,0,0,0,0,3,2,1,1,KRBKRNvK,DRAW,5n2/2B5/5r2/7K/3R1k2/8/8/8 b - - 0 1
0,1,0,0,0,0,0,1,-1,1,0,1,1,1,0,0,0,0,0,16,0,0,4,4,3,5,7,0,4,3,0,1,0,0,0,0,0,0,0,7,1,1,0,0,0,0,4,0,0,0,KRBKRNvK,DRAW,3n1kr1/8/8/2B5/4K3/8/4R3/8 b - - 0 1
1,1,0,0,0,0,0,1,-1,1,0,1,1,1,0,0,0,0,0,16,0,0,3,0,2,0,5,4,4,28,20,0,0,0,0,0,0,0,0,7,1,1,0,0,0,0,1,1,0,0,KRBKRNvK,DRAW,8/r7/k5B1/8/5n2/K7/8/7R w - - 0 1
1,1,0,0,0,0,0,1,-1,1,0,1,1,1,0,0,0,0,0,16,0,0,3,5,0,5,3,4,1,23,24,0,0,0,0,0,0,0,0,7,1,1,0,0,0,0,1,2,1,0,KRBKRNvK,DRAW,8/3n4/2r5/8/5k2/8/6R1/5KB1 w - - 0 1
1,1,0,0,0,0,0,1,-1,1,0,1,1,1,0,0,0,0,0,16,0,0,2,4,4,6,4,0,2,3,0,1,0,0,0,0,0,0,0,7,1,1,0,0,0,0,4,2,0,1,KRBKRNvK,DRAW,3R3B/8/8/4K1k1/8/4r3/1n6/8 w - - 0 1
1,1,0,0,0,0,0,1,-1,1,0,1,1,1,0,0,0,0,0,16,0,0,4,1,6,5,2,4,2,31,21,0,0,0,0,0,0,0,0,7,1,1,0,0,0,0,1,2,0,0,KRBKRNvK,DRAW,8/1K6/6R1/8/8/1Bn2k1r/8/8 w - - 0 1
0,1,0,0,0,0,0,1,-1,1,0,1,1,1,0,0,0,0,0,16,0,0,3,2,2,0,5,2,4,18,26,0,0,0,0,0,0,0,0,7,1,1,1,0,0,0,3,2,0,1,KRBKRNvK,DRAW,8/3R4/k7/3B4/r7/2K5/8/5n2 b - - 0 1
1,1,0,0,0,0,0,1,-1,1,0,1,1,1,0,0,0,0,0,16,0,0,5,5,5,0,4,2,3,6,0,1,0,0,0,0,0,0,0,7,1,1,1,0,0,0,1,0,0,0,KRBKRNvK,DRAW,8/7R/2r2K1B/k7/8/8/8/2n5 w - - 0 1
0,1,0,0,0,0,0,1,-1,1,0,1,1,1,0,0,0,0,0,16,0,0,2,5,2,3,0,2,3,26,22,0,0,0,0,0,0,0,0,7,1,1,1,0,0,0,2,2,0,1,KRBKRNvK,DRAW,8/5R2/2B1n3/8/6r1/5K2/8/3k4 b - - 0 1
0,1,0,0,0,0,0,1,-1,1,0,1,1,1,0,0,0,0,0,16,0,0,4,2,1,6,1,3,4,5,0,1,0,0,0,0,0,0,0,7,1,1,0,0,0,0,2,0,0,0,KRBKRNvK,DRAW,8/r7/2B4R/8/8/8/2K3kn/8 b - - 0 1
1,1,0,0,0,0,0,1,-1,1,0,1,1,1,0,0,0,0,0,16,0,0,3,5,5,2,2,2,2,20,18,0,0,0,0,0,0,0,0,7,1,1,0,0,0,0,1,1,1,1,KRBKRNvK,DRAW,8/8/5KR1/8/2rn4/2k5/8/3B4 w - - 0 1
0,1,0,0,0,0,0,1,-1,1,0,1,1,1,0,0,0,0,0,16,0,0,5,5,1,0,0,3,6,3,0,1,0,0,0,0,0,0,0,7,1,1,1,0,0,0,0,2,0,0,KRBKRNvK,DRAW,8/R7/7n/7r/1B6/8/5K2/k7 b - - 0 1
1,1,0,0,0,0,0,1,-1,1,0,1,1,1,0,0,0,0,0,16,0,0,4,0,2,4,6,4,2,19,22,0,0,0,0,0,0,0,0,7,1,1,0,0,0,0,2,2,0,1,KRBKRNvK,DRAW,1n6/4k3/8/1r5B/R7/K7/8/8 w - - 0 1
1,1,0,0,0,0,0,1,-1,1,0,1,1,1,0,0,0,0,0,16,0,0,3,7,2,6,5,4,3,30,18,0,0,0,0,0,0,0,0,7,1,1,1,0,0,0,2,0,1,0,KRBKRNvK,DRAW,8/5R2/2r3k1/8/8/2B4K/8/2n5 w - - 0 1
1,1,0,0,0,0,0,1,-1,1,0,1,1,1,0,0,0,0,0,16,0,0,6,1,7,2,1,5,3,30,23,0,0,0,0,0,0,0,0,7,1,1,0,0,0,0,1,2,1,0,KRBKRNvK,DRAW,1K6/8/8/5r2/2B2n2/7R/2k5/8 w - - 0 1
1,1,0,0,0,0,0,1,-1,1,0,1,1,1,0,0,0,0,0,16,0,0,3,2,3,5,2,1,2,22,22,0,0,0,0,0,0,0,0,7,1,1,1,1,0,0,3,1,0,1,KRBKRNvK,DRAW,8/2R4B/8/8/2K5/5k2/n5r1/8 w - - 0 1
0,1,0,0,0,0,0,1,-1,1,0,1,1,1,0,0,0,0,0,16,0,0,5,2,1,2,6,3,3,27,24,0,0,0,0,0,0,0,0,7,1,1,0,0,0,0,2,3,0,1,KRBKRNvK,DRAW,8/2k5/6B1/8/8/4R3/2K2n2/3r4 b - - 0 1
0,1,0,0,0,0,0,1,-1,1,0,1,1,1,0,0,0,0,0,16,0,0,3,0,4,3,6,3,2,23,19,0,0,0,0,0,0,0,0,7,1,1,0,0,0,0,0,1,0,2,KRBKRNvK,DRAW,8/B2k4/2r5/K1n5/8/6R1/8/8 b - - 0 1
0,1,0,0,0,0,0,1,-1,1,0,1,1,1,0,0,0,0,0,16,0,0,6,0,0,6,0,6,5,21,22,0,0,0,0,0,0,0,0,7,1,1,0,1,0,0,2,0,0,0,KRBKRNvK,DRAW,5n2/8/1R3B2/8/8/8/6r1/K5k1 b - - 0 1
0,1,0,0,0,0,0,1,-1,1,0,1,1,1,0,0,0,0,0,16,0,0,3,3,3,0,4,0,3,4,0,1,0,0,0,0,0,0,0,7,1,1,0,0,0,0,4,3,1,1,KRBKRNvK,DRAW,8/8/8/k6r/3K4/2B5/2Rn4/8 b - - 0 1
0,1,0,0,0,0,0,1,-1,1,0,1,1,1,0,0,0,0,0,16,0,0,2,6,2,4,4,3,0,19,27,0,0,0,0,0,0,0,0,7,1,1,0,0,0,0,2,4,1,0,KRBKRNvK,DRAW,8/5n2/8/3rk3/2R5/6K1/4B3/8 b - - 0 1
1,1,0,0,0,0,0,1,-1,1,0,1,1,1,0,0,0,0,0,16,0,0,6,1,3,7,5,2,4,7,0,1,0,0,0,0,0,0,0,7,1,1,0,1,0,0,2,2,0,1,KRBKRNvK,DRAW,3R4/8/2n4k/8/1K6/8/6r1/7B w - - 0 1
1,1,0,0,0,0,0,1,-1,1,0,1,1,1,0,0,0,0,0,16,0,0,4,3,1,0,5,2,4,15,23,0,0,0,0,0,0,0,0,7,1,1,0,0,0,0,0,2,0,2,KRBKRNvK,DRAW,8/8/k7/8/3nr3/8/3K2R1/2B5 w - - 0 1
1,1,0,0,0,0,0,1,-1,1,0,1,1,1,0,0,0,0,0,16,0,0,2,3,3,5,5,0,2,29,17,0,0,0,0,0,0,0,0,7,1,1,0,0,0,0,3,1,0,0,KRBKRNvK,DRAW,8/n1r5/5k2/8/2BK4/4R3/8/8 w - - 0 1
0,1,0,0,0,0,0,1,-1,1,0,1,1,1,0,0,0,0,0,16,0,0,7,5,0,7,7,4,6,25,19,0,0,0,0,0,0,0,0,7,1,1,0,1,0,0,2,1,0,0,KRBKRNvK,DRAW,7k/8/3Rn3/8/8/8/2r5/5KB1 b - - 0 1
0,1,0,0,0,0,0,1,-1,1,0,1,1,1,0,0,0,0,0,16,0,0,3,6,6,3,3,4,0,7,0,1,0,0,0,0,0,0,0,7,1,1,1,0,0,0,2,3,1,0,KRBKRNvK,DRAW,8/2nR2K1/r3B3/8/3k4/8/8/8 b - - 0 1
1,1,0,0,0,0,0,1,-1,1,0,1,1,1,0,0,0,0,0,16,0,0,4,4,2,0,5,1,4,30,20,0,0,0,0,0,0,0,0,7,1,1,0,0,0,0,3,0,1,0,KRBKRNvK,DRAW,2R5/1r6/k7/8/8/4K3/1B5n/8 w - - 0 1
0,1,0,0,0,0,0,1,-1,1,0,1,1,1,0,0,0,0,0,16,0,0,3,5,0,3,3,4,0,17,24,0,0,0,0,0,0,0,0,7,1,1,0,0,0,0,1,4,1,0,KRBKRNvK,DRAW,6B1/8/1R6/8/3kr3/8/8/n4K2 b - - 0 1
0,1,0,0,0,0,0,1,-1,1,0,1,1,1,0,0,0,0,0,16,0,0,5,6,0,7,5,5,4,20,21,0,0,0,0,0,0,0,0,7,1,1,0,1,0,0,2,0,2,0,KRBKRNvK,DRAW,6RB/8/7k/n7/8/8/2r5/6K1 b - - 0 1
1,1,0,0,0,0,0,1,-1,1,0,1,1,1,0,0,0,0,0,16,0,0,7,1,0,6,7,5,5,19,13,0,0,0,0,0,0,0,0,7,1,1,1,0,0,0,2,1,1,0,KRBKRNvK,DRAW,6k1/4R3/8/6n1/8/8/8/1K3Br1 w - - 0 1
0,1,0,0,0,0,0,1,-1,1,0,1,1,1,0,0,0,0,0,16,0,0,5,4,7,0,2,3,4,26,22,0,0,0,0,0,0,0,0,7,1,1,0,0,0,0,1,2,0,1,KRBKRNvK,DRAW,4K3/3r4/1B5R/4n3/8/k7/8/8 b - - 0 1
0,1,0,0,0,0,0,1,-1,1,0,1,1,1,0,0,0,0,0,16,0,0,5,5,4,0,2,1,4,4,0,1,0,0,0,0,0,0,0,7,1,1,0,0,0,0,2,1,1,0,KRBKRNvK,DRAW,6r1/8/1n1B4/5K2/8/k7/8/2R5 b - - 0 1
1,1,0,0,0,0,0,1,-1,1,0,1,1,1,0,0,0,0,0,16,0,0,5,5,1,5,6,3,3,25,22,0,0,0,0,0,0,0,0,7,1,1,0,0,0,0,2,0,0,0,KRBKRNvK,DRAW,5n2/5k2/8/1R6/8/8/5K2/r3B3 w - - 0 1
1,1,0,0,0,0,0,1,-1,1,0,1,1,1,0,0,0,0,0,16,0,0,2,2,0,1,2,4,3,24,20,0,0,0,0,0,0,0,0,7,1,1,0,0,0,0,2,2,1,0,KRBKRNvK,DRAW,2B2n2/8/8/R7/5r2/1k6/8/2K5 w - - 0 1
0,1,0,0,0,0,0,1,-1,1,0,1,1,1,0,0,0,0,0,16,0,0,7,7,7,3,0,6,3,25,24,0,0,0,0,0,0,0,0,7,1,1,0,0,0,0,2,0,1,0,KRBKRNvK,DRAW,7K/8/8/R7/3n4/1r6/8/3k1B2 b - - 0 1
0,1,0,0,0,0,0,1,-1,1,0,1,1,1,0,0,0,0,0,16,0,0,4,1,5,5,6,3,3,20,27,0,0,0,0,0,0,0,0,7,1,1,0,0,0,0,3,2,0,0,KRBKRNvK,DRAW,8/4rk2/1K6/8/1R6/5B2/8/n7 b - - 0 1
0,1,0,0,0,0,0,1,-1,1,0,1,1,1,0,0,0,0,0,16,0,0,3,7,1,4,2,5,1,25,26,0,0,0,0,0,0,0,0,7,1,1,0,0,0,0,0,4,1,0,KRBKRNvK,DRAW,6R1/3n4/8/2r5/8/4k3/7K/5B2 b - - 0 1
0,1,0,0,0,0,0,1,-1,1,0,1,1,1,0,0,0,0,0,16,0,0,2,1,4,3,3,2,0,23,25,0,0,0,0,0,0,0,0,7,1,1,1,1,0,0,0,4,0,1,KRBKRNvK,DRAW,3B4/6R1/8/1Kn5/3k4/8/3r4/8 b - - 0 1
0,1,0,0,0,0,0,1,-1,1,0,1,1,1,0,0,0,0,0,16,0,0,2,6,0,4,0,5,3,2,0,1,0,0,0,0,0,0,0,7,1,1,0,0,0,0,3,0,1,0,KRBKRNvK,LOSS,5n2/8/8/8/7R/2B5/8/r3k1K1 b - - 0 1
0,1,0,0,0,0,0,1,-1,1,0,1,1,1,0,0,0,0,0,16,0,0,2,7,2,6,4,4,2,6,0,1,0,0,0,0,0,0,0,7,1,1,0,0,0,0,2,0,1,0,KRBKRNvK,DRAW,r7/4B2n/8/6k1/8/7K/4R3/8 b - - 0 1
1,1,0,0,0,0,0,1,-1,1,0,1,1,1,0,0,0,0,0,16,0,0,4,2,6,5,2,3,2,27,27,0,0,0,0,0,0,0,0,7,1,1,0,0,0,0,2,2,0,1,KRBKRNvK,DRAW,7B/2K5/8/2n5/8/5k2/R7/4r3 w - - 0 1
0,1,0,0,0,0,0,1,-1,1,0,1,1,1,0,0,0,0,0,16,0,0,5,3,2,3,7,1,3,20,28,0,0,0,0,0,0,0,0,7,1,1,0,0,0,0,3,2,1,1,KRBKRNvK,DRAW,3k4/8/3B4/8/4r3/3K4/7R/6n1 b - - 0 1
0,1,0,0,0,0,0,1,-1,1,0,1,1,1,0,0,0,0,0,16,0,0,3,4,2,2,5,1,2,22,24,0,0,0,0,0,0,0,0,7,1,1,0,0,0,0,3,1,1,0,KRBKRNvK,DRAW,3R4/5r2/2k4n/6B1/8/4K3/8/8 b - - 0 1
1,1,0,0,0,0,0,1,-1,1,0,1,1,1,0,0,0,0,0,16,0,0,5,5,6,0,7,3,6,5,0,1,0,0,0,0,0,0,0,7,1,1,0,1,0,0,2,1,0,0,KRBKRNvK,DRAW,k7/2n2K2/8/B7/8/4R3/5r2/8 w - - 0 1
0,1,0,0,0,0,0,1,-1,1,0,1,1,1,0,0,0,0,0,16,0,0,5,6,2,1,0,3,5,3,0,1,0,0,0,0,0,0,0,7,1,1,0,1,0,0,2,1,1,0,KRBKRNvK,DRAW,8/4B3/1n6/8/8/6K1/2r5/1k1R4 b - - 0 1
0,1,0,0,0,0,0,1,-1,1,0,1,1,1,0,0,0,0,0,16,0,0,5,7,1,5,6,5,3,25,23,0,0,0,0,0,0,0,0,7,1,1,0,0,0,0,1,3,1,0,KRBKRNvK,DRAW,8/5k1B/8/8/1n6/6R1/7K/4r3 b - - 0 1
0,1,0,0,0,0,0,1,-1,1,0,1,1,1,0,0,0,0,0,16,0,0,2,2,2,0,3,2,3,20,20,0,0,0,0,0,0,0,0,7,1,1,0,0,0,0,3,2,0,1,KRBKRNvK,DRAW,2nR4/8/8/8/k3r3/2K5/8/1B6 b - - 0 1
1,1,0,0,0,0,0,1,-1,1,0,1,1,1,0,0,0,0,0,16,0,0,5,1,2,6,3,3,2,6,0,1,0,0,0,0,0,0,0,7,1,1,0,0,0,0,1,1,0,0,KRBKRNvK,DRAW,8/8/1n6/8/3B2k1/1K4r1/8/1R6 w - - 0 1
0,1,0,0,0,0,0,1,-1,1,0,1,1,1,0,0,0,0,0,16,0,0,5,5,3,0,1,1,5,5,0,1,0,0,0,0,0,0,0,7,1,1,0,0,0,0,3,0,0,0,KRBKRNvK,LOSS,Rr6/5B2/8/n7/5K2/8/k7/8 b - - 0 1
0,1,0,0,0,0,0,1,-1,1,0,1,1,1,0,0,0,0,0,16,0,0,4,5,3,7,7,1,6,25,23,0,0,0,0,0,0,0,0,7,1,1,0,0,0,0,2,0,0,1,KRBKRNvK,DRAW,7k/3B4/8/8/4nK2/1r6/4R3/8 b - - 0 1
1,1,0,0,0,0,0,1,-1,1,0,1,1,1,0,0,0,0,0,16,0,0,5,6,2,1,2,3,3,26,30,0,0,0,0,0,0,0,0,7,1,1,0,0,0,0,2,3,0,0,KRBKRNvK,DRAW,4r3/2B5/2n5/6R1/8/1k4K1/8/8 w - - 0 1
0,1,0,0,0,0,0,1,-1,1,0,1,1,1,0,0,0,0,0,16,0,0,6,6,4,0,7,2,6,20,29,0,0,0,0,0,0,0,0,7,1,1,0,0,0,0,1,2,0,0,KRBKRNvK,DRAW,k1n5/8/8/2B3K1/8/6R1/8/3r4 b - - 0 1
0,1,0,0,0,0,0,1,-1,1,0,1,1,1,0,0,0,0,0,16,0,0,2,0,3,0,1,3,5,3,0,1,0,0,0,0,0,0,0,7,1,1,1,0,0,0,1,1,0,0,KRBKRNvK,DRAW,8/R7/8/3B4/K7/6n1/k7/1r6 b - - 0 1
0,1,0,0,0,0,0,1,-1,1,0,1,1,1,0,0,0,0,0,16,0,0,2,6,4,7,2,2,4,21,22,0,0,0,0,0,0,0,0,7,1,1,0,0,0,0,2,0,0,0,KRBKRNvK,DRAW,8/8/1r6/6K1/8/B6k/8/4Rn2 b - - 0 1
0,1,0,0,0,0,0,1,-1,1,0,1,1,1,0,0,0,0,0,16,0,0,7,0,4,7,4,3,3,19,25,0,0,0,0,0,0,0,0,7,1,1,1,0,0,0,0,2,0,0,KRBKRNvK,DRAW,3B4/1R6/8/K6k/8/4r3/8/n7 b - - 0 1
0,1,0,0,0,0,0,1,-1,1,0,1,1,1,0,0,0,0,0,16,0,0,4,0,0,4,0,6,3,21,26,0,0,0,0,0,0,0,0,7,1,1,0,0,0,0,0,2,0,1,KRBKRNvK,DRAW,8/3B4/8/8/4r3/1R6/n7/K3k3 b - - 0 1
1,1,0,0,0,0,0,1,-1,1,0,1,1,1,0,0,0,0,0,16,0,0,6,1,1,7,1,4,5,7,0,1,0,0,0,0,0,0,0,7,1,1,0,0,0,0,3,0,0,1,KRBKRNvK,DRAW,8/7B/r7/8/n7/8/1K5k/3R4 w - - 0 1
0,1,0,0,0,0,0,1,-1,1,0,1,1,1,0,0,0,0,0,16,0,0,4,4,0,1,4,3,2,6,0,1,0,0,0,0,0,0,0,7,1,1,1,0,0,0,0,1,1,0,KRBKRNvK,DRAW,7r/1Rn5/8/1k6/8/8/8/2B1K3 b - - 0 1
1,1,0,0,0,0,0,1,-1,1,0,1,1,1,0,0,0,0,0,16,0,0,3,6,0,3,2,5,1,27,19,0,0,0,0,0,0,0,0,7,1,1,0,0,0,0,3,3,2,0,KRBKRNvK,DRAW,8/8/5n1r/2B5/8/3k4/4R3/6K1 w - - 0 1
0,1,0,0,0,0,0,1,-1,1,0,1,1,1,0,0,0,0,0,16,0,0,7,1,7,0,0,5,6,20,18,0,0,0,0,0,0,0,0,7,1,1,0,0,0,0,0,1,0,0,KRBKRNvK,DRAW,1K6/5r2/8/5nR1/8/8/8/k4B2 b - - 0 1
1,1,0,0,0,0,0,1,-1,1,0,1,1,1,0,0,0,0,0,16,0,0,2,4,2,5,0,1,4,23,19,0,0,0,0,0,0,0,0,7,1,1,0,0,0,0,2,0,1,0,KRBKRNvK,DRAW,R7/2r5/8/8/8/4K3/1n3B2/5k2 w - - 0 1
1,1,0,0,0,0,0,1,-1,1,0,1,1,1,0,0,0,0,0,16,0,0,6,4,6,7,0,2,6,27,22,0,0,0,0,0,0,0,0,7,1,1,0,0,0,0,0,0,0,0,KRBKRNvK,DRAW,8/4K3/2R4B/8/3n4/7r/8/7k w - - 0 1
0,1,0,0,0,0,0,1,-1,1,0,1,1,1,0,0,0,0,0,16,0,0,5,2,4,7,3,1,3,18,22,0,0,0,0,0,0,0,0,7,1,1,0,0,0,0,2,0,1,0,KRBKRNvK,DRAW,5nR1/5r2/8/2K5/6Bk/8/8/8 b - - 0 1
0,1,0,0,0,0,0,1,-1,1,0,1,1,1,0,0,0,0,0,16,0,0,4,3,5,5,1,1,3,4,0,1,0,0,0,0,0,0,0,7,1,1,0,0,0,0,2,0,2,1,KRBKRNvK,DRAW,8/8/3K4/3n4/7B/8/5k1R/r7 b - - 0 1
1,1,0,0,0,0,0,1,-1,1,0,1,1,1,0,0,0,0,0,16,0,0,6,6,2,0,5,3,4,27,25,0,0,0,0,0,0,0,0,7,1,1,0,0,0,0,3,1,0,1,KRBKRNvK,DRAW,8/2r5/k7/3R4/8/4n1K1/8/1B6 w - - 0 1
1,1,0,0,0,0,0,1,-1,1,0,1,1,1,0,0,0,0,0,16,0,0,3,5,3,2,2,1,2,26,18,0,0,0,0,0,0,0,0,7,1,1,0,0,0,0,3,1,1,0,KRBKRNvK,DRAW,8/r7/n7/7R/5K2/2k5/8/2B5 w - - 0 1
0,1,0,0,0,0,0,1,-1,1,0,1,1,1,0,0,0,0,0,16,0,0,2,3,4,1,2,0,3,22,30,0,0,0,0,0,0,0,0,7,1,1,0,1,0,0,3,2,1,1,KRBKRNvK,DRAW,6R1/8/8/3K4/8/1k1B1n2/5r2/8 b - - 0 1
1,1,0,0,0,0,0,1,-1,1,0,1,1,1,0,0,0,0,0,16,0,0,6,1,1,7,6,4,5,29,22,0,0,0,0,0,0,0,0,7,1,1,0,0,0,0,2,0,0,0,KRBKRNvK,DRAW,5r2/7k/7n/4R3/7B/8/1K6/8 w - - 0 1
0,1,0,0,0,0,0,1,-1,1,0,1,1,1,0,0,0,0,0,16,0,0,3,3,2,0,3,1,3,16,31,0,0,0,0,0,0,0,0,7,1,1,0,0,0,0,3,0,0,0,KRBKRNvK,DRAW,n5R1/r7/8/8/k3B3/3K4/8/8 b - - 0 1
1,1,0,0,0,0,0,1,-1,1,0,1,1,1,0,0,0,0,0,16,0,0,7,4,7,3,0,3,3,32,17,0,0,0,0,0,0,0,0,7,1,1,1,0,0,0,1,0,0,0,KRBKRNvK,DRAW,4K3/6R1/8/8/4B3/7n/8/r2k4 w - - 0 1
0,1,0,0,0,0,0,1,-1,1,0,1,1,1,0,0,0,0,0,16,0,0,3,3,6,0,4,2,3,19,32,0,0,0,0,0,0,0,0,7,1,1,0,1,0,0,1,3,0,0,KRBKRNvK,DRAW,1R6/3K4/8/k2B4/8/8/2n1r3/8 b - - 0 1
0,1,0,0,0,0,0,1,-1,1,0,1,1,1,0,0,0,0,0,16,0,0,5,3,5,6,0,1,5,21,30,0,0,0,0,0,0,0,0,7,1,1,0,0,0,0,2,2,0,0,KRBKRNvK,DRAW,8/8/3K3n/R7/6r1/8/3B4/6k1 b - - 0 1
0,1,0,0,0,0,0,1,-1,1,0,1,1,1,0,0,0,0,0,16,0,0,5,5,7,2,2,4,2,6,0,1,0,0,0,0,0,0,0,7,1,1,0,0,0,0,0,2,1,0,KRBKRNvK,DRAW,4BK2/8/8/8/6r1/2k3n1/8/2R5 b - - 0 1
1,1,0,0,0,0,0,1,-1,1,0,1,1,1,0,0,0,0,0,16,0,0,2,1,6,0,4,4,3,7,0,1,0,0,0,0,0,0,0,7,1,1,0,0,0,0,3,0,1,0,KRBKRNvK,DRAW,8/1K6/8/k1B5/3n4/4R3/8/1r6 w - - 0 1
1,1,0,0,0,0,0,1,-1,1,0,1,1,1,0,0,0,0,0,16,0,0,4,0,0,4,1,6,2,1,0,1,0,0,0,0,0,0,0,7,1,1,0,0,0,0,3,1,0,0,KRBKRNvK,DRAW,8/6B1/8/2R5/2n5/8/4k3/K3r3 w - - 0 1
0,1,0,0,0,0,0,1,-1,1,0,1,1,1,0,0,0,0,0,16,0,0,4,6,1,5,5,4,2,20,27,0,0,0,0,0,0,0,0,7,1,1,0,0,0,0,3,1,1,1,KRBKRNvK,DRAW,1B6/8/2r2k2/8/7R/8/6K1/7n b - - 0 1
0,1,0,0,0,0,0,1,-1,1,0,1,1,1,0,0,0,0,0,16,0,0,6,2,0,2,6,4,3,18,22,0,0,0,0,0,0,0,0,7,1,1,0,0,0,0,3,0,0,1,KRBKRNvK,DRAW,8/1rk5/8/5R2/8/n7/8/2K4B b - - 0 1
0,1,0,0,0,0,0,1,-1,1,0,1,1,1,0,0,0,0,0,16,0,0,3,0,4,3,5,3,1,4,0,1,0,0,0,0,0,0,0,7,1,1,0,0,0,0,0,3,0,0,KRBKRNvK,DRAW,6r1/8/3k4/K7/8/B7/5n2/2R5 b - - 0 1
1,1,0,0,0,0,0,1,-1,1,0,1,1,1,0,0,0,0,0,16,0,0,5,6,3,1,2,2,3,28,20,0,0,0,0,0,0,0,0,7,1,1,0,0,0,0,3,0,0,0,KRBKRNvK,DRAW,2r5/8/n1B5/6R1/6K1/1k6/8/8 w - - 0 1
0,1,0,0,0,0,0,1,-1,1,0,1,1,1,0,0,0,0,0,16,0,0,4,7,1,5,5,5,2,6,0,1,0,0,0,0,0,0,0,7,1,1,0,0,0,0,1,3,0,0,KRBKRNvK,DRAW,8/2B5/2R2k2/2n5/1r6/8/7K/8 b - - 0 1
0,1,0,0,0,0,0,1,-1,1,0,1,1,1,0,0,0,0,0,16,0,0,4,5,1,1,0,3,5,21,19,0,0,0,0,0,0,0,0,7,1,1,1,0,0,0,0,0,0,0,KRBKRNvK,DRAW,6n1/7R/8/8/8/1r6/5K2/1k4B1 b - - 0 1
0,1,0,0,0,0,0,1,-1,1,0,1,1,1,0,0,0,0,0,16,0,0,3,2,5,3,2,2,1,9,0,1,0,0,0,0,0,0,0,7,1,1,1,0,0,0,2,2,0,1,KRBKRNvK,DRAW,8/1R3r2/2Kn2B1/8/8/3k4/8/8 b - - 0 1
1,1,0,0,0,0,0,1,-1,1,0,1,1,1,0,0,0,0,0,16,0,0,5,2,7,7,7,4,6,24,20,0,0,0,0,0,0,0,0,7,1,1,0,0,0,0,1,1,0,0,KRBKRNvK,WIN,R1K4k/8/3B1r2/8/8/8/2n5/8 w - - 0 1
0,1,0,0,0,0,0,1,-1,1,0,1,1,1,0,0,0,0,0,16,0,0,4,6,5,2,4,3,1,19,34,0,0,0,0,0,0,0,0,7,1,1,0,1,0,0,2,2,1,0,KRBKRNvK,DRAW,8/8/6K1/2k1B3/1n5R/8/2r5/8 b - - 0 1
0,1,0,0,0,0,0,1,-1,1,0,1,1,1,0,0,0,0,0,16,0,0,6,5,1,4,7,3,3,25,30,0,0,0,0,0,0,0,0,7,1,1,0,0,0,0,0,2,0,0,KRBKRNvK,DRAW,4k3/7r/8/6B1/8/2n5/5K2/R7 b - - 0 1
0,1,0,0,0,0,0,1,-1,1,0,1,1,1,0,0,0,0,0,16,0,0,4,1,6,5,2,4,2,21,32,0,0,0,0,0,0,0,0,7,1,1,0,0,0,0,1,2,2,0,KRBKRNvK,DRAW,8/1K6/8/5B2/6r1/n4k2/7R/8 b - - 0 1
0,1,0,0,0,0,0,1,-1,1,0,1,1,1,0,0,0,0,0,16,0,0,4,4,3,4,7,0,3,24,28,0,0,0,0,0,0,0,0,7,1,1,0,0,0,0,3,1,0,0,KRBKRNvK,DRAW,4k3/8/1n6/8/4K3/7R/B7/6r1 b - - 0 1
0,1,0,0,0,0,0,1,-1,1,0,1,1,1,0,0,0,0,0,16,0,0,5,6,7,6,2,5,3,19,28,0,0,0,0,0,0,0,0,7,1,1,1,0,0,0,3,0,0,0,KRBKRNvK,DRAW,6K1/3R4/8/8/7n/6k1/2B5/6r1 b - - 0 1
0,1,0,0,0,0,0,1,-1,1,0,1,1,1,0,0,0,0,0,16,0,0,3,0,3,0,6,3,5,5,0,1,0,0,0,0,0,0,0,7,1,1,0,0,0,0,2,2,0,0,KRBKRNvK,DRAW,n7/k7/8/7r/K2B4/8/8/3R4 b - - 0 1
0,1,0,0,0,0,0,1,-1,1,0,1,1,1,0,0,0,0,0,16,0,0,6,3,7,6,1,3,4,22,30,0,0,0,0,0,0,0,0,7,1,1,0,0,0,0,2,0,1,0,KRBKRNvK,DRAW,3K4/8/3B4/8/4R3/r7/6k1/6n1 b - - 0 1
1,1,0,0,0,0,0,1,-1,1,0,1,1,1,0,0,0,0,0,16,0,0,5,2,2,7,1,2,5,8,0,1,0,0,0,0,0,0,0,7,1,1,0,0,0,0,4,1,0,0,KRBKRNvK,DRAW,8/1Br5/8/5R2/6n1/2K5/7k/8 w - - 0 1
1,1,0,0,0,0,0,1,-1,1,0,1,1,1,0,0,0,0,0,16,0,0,4,7,0,3,2,6,1,2,0,1,0,0,0,0,0,0,0,7,1,1,1,0,0,0,0,2,0,1,KRBKRNvK,DRAW,7B/6R1/8/8/8/3k4/5n2/2r4K w - - 0 1
1,1,0,0,0,0,0,1,-1,1,0,1,1,1,0,0,0,0,0,16,0,0,5,1,1,4,6,4,2,6,0,1,0,0,0,0,0,0,0,7,1,1,0,0,0,0,1,0,0,1,KRBKRNvK,DRAW,8/4k3/8/8/8/1R2Br2/1K6/3n4 w - - 0 1
0,1,0,0,0,0,0,1,-1,1,0,1,1,1,0,0,0,0,0,16,0,0,7,2,0,2,7,4,4,2,0,1,0,0,0,0,0,0,0,7,1,1,0,0,0,0,1,2,2,1,KRBKRNvK,DRAW,R1k5/8/3B4/4r3/8/8/8/2K1n3 b - - 0 1
1,1,0,0,0,0,0,1,-1,1,0,1,1,1,0,0,0,0,0,16,0,0,5,5,5,4,0,2,3,31,23,0,0,0,0,0,0,0,0,7,1,1,1,1,0,0,1,0,0,1,KRBKRNvK,WIN,3n4/7R/3B1K2/8/8/8/r7/4k3 w - - 0 1
1,1,0,0,0,0,0,1,-1,1,0,1,1,1,0,0,0,0,0,16,0,0,3,0,2,3,5,4,1,24,20,0,0,0,0,0,0,0,0,7,1,1,0,1,0,0,3,2,1,0,KRBKRNvK,DRAW,8/8/3k4/1R6/8/K3n3/4r3/7B w - - 0 1
1,1,0,0,0,0,0,1,-1,1,0,1,1,1,0,0,0,0,0,16,0,0,6,1,4,7,0,2,6,29,16,0,0,0,0,0,0,0,0,7,1,1,0,0,0,0,1,2,1,0,KRBKRNvK,DRAW,7n/8/6R1/1K6/8/8/7B/3r3k w - - 0 1
0,1,0,0,0,0,0,1,-1,1,0,1,1,1,0,0,0,0,0,16,0,0,5,0,5,1,0,4,5,21,23,0,0,0,0,0,0,0,0,7,1,1,0,1,0,0,2,1,0,0,KRBKRNvK,DRAW,4B3/8/K7/2R5/6n1/8/1r6/1k6 b - - 0 1
1,1,0,0,0,0,0,1,-1,1,0,1,1,1,0,0,0,0,0,16,0,0,7,7,6,0,5,5,4,4,0,1,0,0,0,0,0,0,0,7,1,1,0,0,0,0,0,2,0,0,KRBKRNvK,DRAW,5B2/7K/k7/8/7r/7n/7R/8 w - - 0 1
1,1,0,0,0,0,0,1,-1,1,0,1,1,1,0,0,0,0,0,16,0,0,4,3,1,7,2,2,4,25,20,0,0,0,0,0,0,0,0,7,1,1,0,0,0,0,2,1,2,1,KRBKRNvK,DRAW,2r5/8/8/6R1/8/7k/2nK3B/8 w - - 0 1
0,1,0,0,0,0,0,1,-1,1,0,1,1,1,0,0,0,0,0,16,0,0,3,3,1,6,2,2,3,24,24,0,0,0,0,0,0,0,0,7,1,1,1,0,0,0,0,0,0,1,KRBKRNvK,DRAW,8/5R2/8/3n4/8/1r4k1/3K4/3B4 b - - 0 1
0,1,0,0,0,0,0,1,-1,1,0,1,1,1,0,0,0,0,0,16,0,0,5,4,6,1,1,2,4,4,0,1,0,0,0,0,0,0,0,7,1,1,0,0,0,0,2,2,0,1,KRBKRNvK,DRAW,8/4K3/5B2/6n1/6r1/8/1k5R/8 b - - 0 1
0,1,0,0,0,0,0,1,-1,1,0,1,1,1,0,0,0,0,0,16,0,0,3,3,0,0,3,3,3,18,25,0,0,0,0,0,0,0,0,7,1,1,0,0,0,0,3,0,0,2,KRBKRNvK,DRAW,4R3/8/8/8/k7/4B3/8/3Knr2 b - - 0 1
1,1,0,0,0,0,0,1,-1,1,0,1,1,1,0,0,0,0,0,16,0,0,3,2,4,5,2,1,2,25,18,0,0,0,0,0,0,0,0,7,1,1,0,0,0,0,2,2,0,1,KRBKRNvK,DRAW,8/8/B5R1/2K5/r7/5k2/7n/8 w - - 0 1
0,1,0,0,0,0,0,1,-1,1,0,1,1,1,0,0,0,0,0,16,0,0,4,6,1,2,0,4,4,23,23,0,0,0,0,0,0,0,0,7,1,1,0,0,0,0,0,0,0,0,KRBKRNvK,DRAW,7B/1r6/5R2/8/n7/8/6K1/2k5 b - - 0 1
1,1,0,0,0,0,0,1,-1,1,0,1,1,1,0,0,0,0,0,16,0,0,6,0,6,5,0,5,4,5,0,1,0,0,0,0,0,0,0,7,1,1,0,0,0,0,1,2,0,0,KRBKRNvK,DRAW,8/K2r4/8/8/8/1B6/n1R5/5k2 w - - 0 1
0,1,0,0,0,0,0,1,-1,1,0,1,1,1,0,0,0,0,0,16,0,0,6,6,2,0,0,3,6,17,27,0,0,0,0,0,0,0,0,7,1,1,1,0,0,0,2,0,0,1,KRBKRNvK,DRAW,8/1B3R2/8/8/8/6K1/8/k1r3n1 b - - 0 1
1,1,0,0,0,0,0,1,-1,1,0,1,1,1,0,0,0,0,0,16,0,0,2,5,4,4,6,1,2,5,0,1,0,0,0,0,0,0,0,7,1,1,0,0,0,0,3,0,0,0,KRBKRNvK,DRAW,5r2/1n2k3/8/5K2/3R4/8/3B4/8 w - - 0 1
0,1,0,0,0,0,0,1,-1,1,0,1,1,1,0,0,0,0,0,16,0,0,4,4,2,0,0,1,6,15,30,0,0,0,0,0,0,0,0,7,1,1,0,0,0,0,3,0,0,0,KRBKRNvK,DRAW,r7/8/n7/4B3/3R4/4K3/8/k7 b - - 0 1
0,1,0,0,0,0,0,1,-1,1,0,1,1,1,0,0,0,0,0,16,0,0,5,5,2,0,5,2,4,22,22,0,0,0,0,0,0,0,0,7,1,1,0,0,0,0,3,3,0,1,KRBKRNvK,DRAW,8/6B1/k7/4R3/2r2n2/5K2/8/8 b - - 0 1
0,1,0,0,0,0,0,1,-1,1,0,1,1,1,0,0,0,0,0,16,0,0,3,4,1,1,1,2,4,18,27,0,0,0,0,0,0,0,0,7,1,1,0,0,0,0,0,2,1,0,KRBKRNvK,DRAW,8/8/8/7r/B7/7n/1k2K3/5R2 b - - 0 1
1,1,0,0,0,0,0,1,-1,1,0,1,1,1,0,0,0,0,0,16,0,0,6,0,6,4,0,5,3,23,25,0,0,0,0,0,0,0,0,7,1,1,1,0,0,0,0,2,0,0,KRBKRNvK,DRAW,8/K6R/B2r4/8/8/4n3/8/4k3 w - - 0 1
1,1,0,0,0,0,0,1,-1,1,0,1,1,1,0,0,0,0,0,16,0,0,5,3,5,5,0,1,4,25,18,0,0,0,0,0,0,0,0,7,1,1,0,0,0,0,2,0,1,0,KRBKRNvK,DRAW,8/8/3K3n/8/8/5r2/2R4B/5k2 w - - 0 1
0,1,0,0,0,0,0,1,-1,1,0,1,1,1,0,0,0,0,0,16,0,0,6,1,7,5,1,5,3,23,24,0,0,0,0,0,0,0,0,7,1,1,1,0,0,0,2,2,0,0,KRBKRNvK,DRAW,1K2n3/4R2B/8/6r1/8/8/5k2/8 b - - 0 1
1,1,0,0,0,0,0,1,-1,1,0,1,1,1,0,0,0,0,0,16,0,0,7,0,0,7,5,6,4,24,25,0,0,0,0,0,0,0,0,7,1,1,0,0,0,0,2,0,0,0,KRBKRNvK,DRAW,2R5/8/7k/8/4n3/6r1/1B6/K7 w - - 0 1
1,1,0,0,0,0,0,1,-1,1,0,1,1,1,0,0,0,0,0,16,0,0,5,2,2,4,7,2,3,17,21,0,0,0,0,0,0,0,0,7,1,1,0,1,0,0,2,0,1,1,KRBKRNvK,WIN,4k1B1/6n1/8/8/8/1RK5/r7/8 w - - 0 1
1,1,0,0,0,0,0,1,-1,1,0,1,1,1,0,0,0,0,0,16,0,0,2,5,1,7,3,3,3,4,0,1,0,0,0,0,0,0,0,7,1,1,0,1,0,0,3,3,0,2,KRBKRNvK,LOSS,3R4/8/8/8/6nk/8/3r1K2/7B w - - 0 1
0,1,0,0,0,0,0,1,-1,1,0,1,1,1,0,0,0,0,0,16,0,0,4,2,4,1,0,1,5,19,28,0,0,0,0,0,0,0,0,7,1,1,0,0,0,0,4,2,0,0,KRBKRNvK,DRAW,8/8/8/2K5/R6n/6B1/8/1k1r4 b - - 0 1
1,1,0,0,0,0,0,1,-1,1,0,1,1,1,0,0,0,0,0,16,0,0,5,5,7,1,2,4,3,26,23,0,0,0,0,0,0,0,0,7,1,1,0,0,0,0,3,2,0,0,KRBKRNvK,DRAW,n4K2/8/4R3/8/8/1k6/8/3r2B1 w - - 0 1
1,1,0,0,0,0,0,1,-1,1,0,1,1,1,0,0,0,0,0,16,0,0,2,1,2,3,3,3,0,27,17,0,0,0,0,0,0,0,0,7,1,1,0,1,0,0,3,3,1,1,KRBKRNvK,DRAW,8/8/1n6/6R1/3k4/1K1B4/3r4/8 w - - 0 1
0,1,0,0,0,0,0,1,-1,1,0,1,1,1,0,0,0,0,0,16,0,0,6,7,6,7,0,5,6,1,0,1,0,0,0,0,0,0,0,7,1,1,0,0,0,0,3,0,1,0,KRBKRNvK,DRAW,8/7K/8/7R/n7/5Br1/8/7k b - - 0 1
1,1,0,0,0,0,0,1,-1,1,0,1,1,1,0,0,0,0,0,16,0,0,6,5,0,7,6,4,5,3,0,1,0,0,0,0,0,0,0,7,1,1,0,0,0,0,1,0,0,0,KRBKRNvK,DRAW,8/7k/8/3n4/8/8/1R5B/2r2K2 w - - 0 1
0,1,0,0,0,0,0,1,-1,1,0,1,1,1,0,0,0,0,0,16,0,0,5,5,1,7,6,3,5,22,26,0,0,0,0,0,0,0,0,7,1,1,0,0,0,0,2,1,0,0,KRBKRNvK,DRAW,8/4n2k/7r/8/5R2/B7/5K2/8 b - - 0 1
0,1,0,0,0,0,0,1,-1,1,0,1,1,1,0,0,0,0,0,16,0,0,7,7,2,0,7,4,6,18,23,0,0,0,0,0,0,0,0,7,1,1,1,0,0,0,1,2,1,0,KRBKRNvK,DRAW,k7/2R5/8/8/4r3/6BK/8/1n6 b - - 0 1
0,1,0,0,0,0,0,1,-1,1,0,1,1,1,0,0,0,0,0,16,0,0,5,1,6,3,1,4,2,6,0,1,0,0,0,0,0,0,0,7,1,1,0,0,0,0,1,3,0,1,KRBKRNvK,DRAW,1B6/1K6/8/1n5r/8/8/R2k4/8 b - - 0 1
1,1,0,0,0,0,0,1,-1,1,0,1,1,1,0,0,0,0,0,16,0,0,4,3,6,7,2,2,4,22,19,0,0,0,0,0,0,0,0,7,1,1,1,1,0,0,1,0,0,0,KRBKRNvK,DRAW,8/n2K2RB/8/8/8/7k/5r2/8 w - - 0 1
1,1,0,0,0,0,0,1,-1,1,0,1,1,1,0,0,0,0,0,16,0,0,3,5,1,4,4,3,0,21,22,0,0,0,0,0,0,0,0,7,1,1,0,0,0,0,0,4,0,0,KRBKRNvK,DRAW,2B5/8/2n5/r3k3/8/8/5K2/5R2 w - - 0 1
1,1,0,0,0,0,0,1,-1,1,0,1,1,1,0,0,0,0,0,16,0,0,7,2,7,1,0,4,5,26,19,0,0,0,0,0,0,0,0,7,1,1,0,0,0,0,3,0,0,0,KRBKRNvK,WIN,2K5/8/6r1/8/n7/8/4R1B1/1k6 w - - 0 1
0,1,0,0,0,0,0,1,-1,1,0,1,1,1,0,0,0,0,0,16,0,0,4,1,3,4,7,2,3,4,0,1,0,0,0,0,0,0,0,7,1,1,0,0,0,0,1,2,0,2,KRBKRNvK,DRAW,1R2k3/8/3r4/8/1K6/n2B4/8/8 b - - 0 1
1,1,0,0,0,0,0,1,-1,1,0,1,1,1,0,0,0,0,0,16,0,0,3,5,2,2,0,2,4,28,19,0,0,0,0,0,0,0,0,7,1,1,0,0,0,0,3,0,0,0,KRBKRNvK,DRAW,7n/7r/8/5R2/1B6/5K2/8/2k5 w - - 0 1
1,1,0,0,0,0,0,1,-1,1,0,1,1,1,0,0,0,0,0,16,0,0,5,7,2,3,7,4,3,27,17,0,0,0,0,0,0,0,0,7,1,1,0,0,0,0,1,1,0,0,KRBKRNvK,DRAW,r2k4/2n5/6B1/8/8/7K/8/1R6 w - - 0 1
1,1,0,0,0,0,0,1,-1,1,0,1,1,1,0,0,0,0,0,16,0,0,5,2,4,7,4,1,3,33,19,0,0,0,0,0,0,0,0,7,1,1,0,0,0,0,4,0,1,1,KRBKRNvK,DRAW,8/r7/8/2K2B1k/8/4R3/8/7n w - - 0 1
0,1,0,0,0,0,0,1,-1,1,0,1,1,1,0,0,0,0,0,16,0,0,4,3,7,7,7,3,6,2,0,1,0,0,0,0,0,0,0,7,1,1,0,1,0,0,2,1,1,0,KRBKRNvK,DRAW,3KR2k/8/6nB/8/8/8/7r/8 b - - 0 1
0,1,0,0,0,0,0,1,-1,1,0,1,1,1,0,0,0,0,0,16,0,0,3,2,0,0,3,4,3,3,0,1,0,0,0,0,0,0,0,7,1,1,0,1,0,0,1,1,1,1,KRBKRNvK,DRAW,8/B7/R7/8/k3n3/8/4r3/2K5 b - - 0 1
0,1,0,0,0,0,0,1,-1,1,0,1,1,1,0,0,0,0,0,16,0,0,3,4,1,1,3,2,2,23,23,0,0,0,0,0,0,0,0,7,1,1,0,0,0,0,2,3,1,1,KRBKRNvK,DRAW,4B3/8/6n1/8/1kr5/8/3RK3/8 b - - 0 1
0,1,0,0,0,0,0,1,-1,1,0,1,1,1,0,0,0,0,0,16,0,0,4,1,1,2,5,4,2,26,27,0,0,0,0,0,0,0,0,7,1,1,0,0,0,0,2,3,1,1,KRBKRNvK,DRAW,8/8/2k5/8/4RBn1/3r4/1K6/8 b - - 0 1
1,1,0,0,0,0,0,1,-1,1,0,1,1,1,0,0,0,0,0,16,0,0,7,4,7,5,0,3,4,4,0,1,0,0,0,0,0,0,0,7,1,1,0,0,0,0,1,1,1,1,KRBKRNvK,DRAW,4K3/8/4r3/4B3/7n/8/6R1/5k2 w - - 0 1
1,1,0,0,0,0,0,1,-1,1,0,1,1,1,0,0,0,0,0,16,0,0,4,4,3,0,2,0,4,28,23,0,0,0,0,0,0,0,0,7,1,1,0,0,0,0,3,2,0,1,KRBKRNvK,DRAW,8/1nB5/8/6r1/4K3/k7/8/7R w - - 0 1
0,1,0,0,0,0,0,1,-1,1,0,1,1,1,0,0,0,0,0,16,0,0,6,5,0,3,6,4,2,7,0,1,0,0,0,0,0,0,0,7,1,1,1,0,0,0,0,2,0,0,KRBKRNvK,DRAW,4r1n1/3k2R1/8/8/8/8/8/4BK2 b - - 0 1
1,1,0,0,0,0,0,1,-1,1,0,1,1,1,0,0,0,0,0,16,0,0,3,4,3,7,2,0,4,5,0,1,0,0,0,0,0,0,0,7,1,1,0,0,0,0,4,2,0,0,KRBKRNvK,DRAW,8/4r3/8/8/3RK3/7k/8/n1B5 w - - 0 1
0,1,0,0,0,0,0,1,-1,1,0,1,1,1,0,0,0,0,0,16,0,0,5,7,2,6,7,4,5,22,25,0,0,0,0,0,0,0,0,7,1,1,0,0,0,0,1,2,0,2,KRBKRNvK,DRAW,6k1/8/8/5r2/7n/2R1B2K/8/8 b - - 0 1
0,1,0,0,0,0,0,1,-1,1,0,1,1,1,0,0,0,0,0,16,0,0,5,6,2,1,6,3,4,19,24,0,0,0,0,0,0,0,0,7,1,1,0,1,0,0,3,0,0,0,KRBKRNvK,DRAW,8/1k4n1/8/8/R4B2/6K1/1r6/8 b - - 0 1
0,1,0,0,0,0,0,1,-1,1,0,1,1,1,0,0,0,0,0,16,0,0,5,5,6,4,1,3,2,28,16,0,0,0,0,0,0,0,0,7,1,1,0,0,0,0,1,1,0,0,KRBKRNvK,DRAW,8/5K2/Rn6/8/8/8/B3k3/6r1 b - - 0 1
1,1,0,0,0,0,0,1,-1,1,0,1,1,1,0,0,0,0,0,16,0,0,4,0,2,4,0,4,3,28,21,0,0,0,0,0,0,0,0,7,1,1,0,0,0,0,3,0,0,0,KRBKRNvK,DRAW,8/6B1/6r1/1R6/7n/K7/8/4k3 w - - 0 1
1,1,0,0,0,0,0,1,-1,1,0,1,1,1,0,0,0,0,0,16,0,0,4,6,5,7,1,3,5,6,0,1,0,0,0,0,0,0,0,7,1,1,0,0,0,0,0,2,0,1,KRBKRNvK,DRAW,8/3rn2B/R5K1/8/8/8/7k/8 w - - 0 1
1,1,0,0,0,0,0,1,-1,1,0,1,1,1,0,0,0,0,0,16,0,0,5,0,1,5,3,5,1,29,22,0,0,0,0,0,0,0,0,7,1,1,0,0,0,0,1,3,2,0,KRBKRNvK,DRAW,8/2n5/4r3/8/5k2/3B4/K5R1/8 w - - 0 1
0,1,0,0,0,0,0,1,-1,1,0,1,1,1,0,0,0,0,0,16,0,0,6,6,3,0,5,2,4,3,0,1,0,0,0,0,0,0,0,7,1,1,1,0,0,0,2,2,0,1,KRBKRNvK,DRAW,8/4R3/k1r5/8/6K1/3B1n2/8/8 b - - 0 1
0,1,0,0,0,0,0,1,-1,1,0,1,1,1,0,0,0,0,0,16,0,0,5,5,6,0,5,3,4,21,30,0,0,0,0,0,0,0,0,7,1,1,0,0,0,0,1,0,0,0,KRBKRNvK,DRAW,8/5K2/k7/8/3B4/7n/7R/1r6 b - - 0 1
0,1,0,0,0,0,0,1,-1,1,0,1,1,1,0,0,0,0,0,16,0,0,2,4,6,3,4,2,0,21,31,0,0,0,0,0,0,0,0,7,1,1,0,0,0,0,2,3,1,0,KRBKRNvK,DRAW,8/n3K3/8/3k4/6r1/2B5/8/5R2 b - - 0 1
1,1,0,0,0,0,0,1,-1,1,0,1,1,1,0,0,0,0,0,16,0,0,6,0,7,5,1,6,3,24,23,0,0,0,0,0,0,0,0,7,1,1,0,0,0,0,1,1,0,0,KRBKRNvK,DRAW,K6R/2B5/8/1n6/8/8/5k2/1r6 w - - 0 1
0,1,0,0,0,0,0,1,-1,1,0,1,1,1,0,0,0,0,0,16,0,0,7,0,5,7,4,4,3,19,27,0,0,0,0,0,0,0,0,7,1,1,0,0,0,0,2,2,1,0,KRBKRNvK,DRAW,8/8/K4B2/6rk/8/8/2R5/7n b - - 0 1
0,1,0,0,0,0,0,1,-1,1,0,1,1,1,0,0,0,0,0,16,0,0,3,1,4,4,1,2,2,7,0,1,0,0,0,0,0,0,0,7,1,1,0,0,0,0,2,1,0,0,KRBKRNvK,DRAW,4R3/8/3B4/1K4n1/8/8/4k3/5r2 b - - 0 1
0,1,0,0,0,0,0,1,-1,1,0,1,1,1,0,0,0,0,0,16,0,0,4,1,1,2,5,4,2,6,0,1,0,0,0,0,0,0,0,7,1,1,0,0,0,0,1,3,0,0,KRBKRNvK,DRAW,8/3n4/2k5/4r3/8/8/1K3B2/2R5 b - - 0 1
0,1,0,0,0,0,0,1,-1,1,0,1,1,1,0,0,0,0,0,16,0,0,4,5,4,5,0,1,4,25,21,0,0,0,0,0,0,0,0,7,1,1,0,0,0,0,2,1,0,2,KRBKRNvK,DRAW,2B5/8/7r/5Kn1/8/2R5/8/5k2 b - - 0 1
1,1,0,0,0,0,0,1,-1,1,0,1,1,1,0,0,0,0,0,16,0,0,5,2,5,7,7,2,6,25,20,0,0,0,0,0,0,0,0,7,1,1,0,0,0,0,2,2,0,0,KRBKRNvK,DRAW,7k/8/R1K5/3B1r2/8/4n3/8/8 w - - 0 1
0,1,0,0,0,0,0,1,-1,1,0,1,1,1,0,0,0,0,0,16,0,0,3,4,3,7,3,0,3,4,0,1,0,0,0,0,0,0,0,7,1,1,0,0,0,0,3,2,0,0,KRBKRNvK,DRAW,7R/8/8/1r6/1B2K2k/8/n7/8 b - - 0 1
0,1,0,0,0,0,0,1,-1,1,0,1,1,1,0,0,0,0,0,16,0,0,3,5,2,7,5,2,4,22,28,0,0,0,0,0,0,0,0,7,1,1,0,0,0,0,2,1,0,1,KRBKRNvK,DRAW,8/8/7k/1Bn1R3/8/5K2/8/7r b - - 0 1
0,1,0,0,0,0,0,1,-1,1,0,1,1,1,0,0,0,0,0,16,0,0,2,3,1,1,3,2,2,21,26,0,0,0,0,0,0,0,0,7,1,1,0,0,0,0,3,0,1,0,KRBKRNvK,DRAW,8/8/r7/2R4n/1k6/4B3/3K4/8 b - - 0 1
0,1,0,0,0,0,0,1,-1,1,0,1,1,1,0,0,0,0,0,16,0,0,2,3,6,1,5,2,3,25,26,0,0,0,0,0,0,0,0,7,1,1,0,0,0,0,2,3,0,0,KRBKRNvK,DRAW,8/3K3B/1k6/r7/5R2/8/2n5/8 b - - 0 1
1,1,0,0,0,0,0,1,-1,1,0,1,1,1,0,0,0,0,0,16,0,0,5,6,7,1,4,5,2,27,24,0,0,0,0,0,0,0,0,7,1,1,0,0,0,0,2,3,0,1,KRBKRNvK,DRAW,6K1/8/4rB2/1k6/8/8/4n3/5R2 w - - 0 1
0,1,0,0,0,0,0,1,-1,1,0,1,1,1,0,0,0,0,0,16,0,0,3,6,3,3,5,2,1,22,25,0,0,0,0,0,0,0,0,7,1,1,0,0,0,0,0,2,1,0,KRBKRNvK,DRAW,2R5/8/1r1k4/8/3n2K1/8/8/3B4 b - - 0 1
1,1,0,0,0,0,0,1,-1,1,0,1,1,1,0,0,0,0,0,16,0,0,6,1,0,7,3,5,3,25,23,0,0,0,0,0,0,0,0,7,1,1,1,0,0,0,2,1,0,0,KRBKRNvK,DRAW,8/3R4/8/8/7k/6r1/5n2/1KB5 w - - 0 1
1,1,0,0,0,0,0,1,-1,1,0,1,1,1,0,0,0,0,0,16,0,0,2,4,4,6,6,0,4,7,0,1,0,0,0,0,0,0,0,7,1,1,0,1,0,0,3,1,0,1,KRBKRNvK,LOSS,8/6k1/8/4K3/6n1/8/3R3r/6B1 w - - 0 1
1,1,0,0,0,0,0,1,-1,1,0,1,1,1,0,0,0,0,0,16,0,0,3,5,4,2,4,1,1,5,0,1,0,0,0,0,0,0,0,7,1,1,0,0,0,0,3,4,0,2,KRBKRNvK,DRAW,8/8/8/2k2K2/8/4r1n1/6B1/1R6 w - - 0 1
0,1,0,0,0,0,0,1,-1,1,0,1,1,1,0,0,0,0,0,16,0,0,5,0,2,5,3,4,1,25,27,0,0,0,0,0,0,0,0,7,1,1,1,1,0,0,3,2,0,1,KRBKRNvK,DRAW,8/3R4/8/n7/5k2/K1B5/7r/8 b - - 0 1
1,1,0,0,0,0,0,1,-1,1,0,1,1,1,0,0,0,0,0,16,0,0,3,4,0,7,0,3,6,22,21,0,0,0,0,0,0,0,0,7,1,1,0,1,0,0,2,0,0,0,KRBKRNvK,DRAW,8/8/4R3/8/B7/n7/1r6/4K2k w - - 0 1
0,1,0,0,0,0,0,1,-1,1,0,1,1,1,0,0,0,0,0,16,0,0,6,1,7,5,1,5,3,24,26,0,0,0,0,0,0,0,0,7,1,1,0,0,0,0,0,3,0,0,KRBKRNvK,DRAW,1K6/8/6R1/8/7r/5n2/5k2/2B5 b - - 0 1
0,1,0,0,0,0,0,1,-1,1,0,1,1,1,0,0,0,0,0,16,0,0,6,0,0,5,6,6,3,21,18,0,0,0,0,0,0,0,0,7,1,1,0,0,0,0,0,1,0,0,KRBKRNvK,DRAW,8/5k2/6r1/6n1/8/8/4B1R1/K7 b - - 0 1
0,1,0,0,0,0,0,1,-1,1,0,1,1,1,0,0,0,0,0,16,0,0,2,6,0,4,0,5,3,17,22,0,0,0,0,0,0,0,0,7,1,1,1,1,0,0,2,2,0,1,KRBKRNvK,DRAW,8/1R6/8/8/8/8/n3r3/B3k1K1 b - - 0 1
0,1,0,0,0,0,0,1,-1,1,0,1,1,1,0,0,0,0,0,16,0,0,5,2,1,7,2,3,4,3,0,1,0,0,0,0,0,0,0,7,1,1,0,0,0,0,0,1,0,1,KRBKRNvK,DRAW,2r5/8/7R/8/2n5/7k/2K5/2B5 b - - 0 1
0,1,0,0,0,0,0,1,-1,1,0,1,1,1,0,0,0,0,0,16,0,0,5,1,7,6,3,5,2,24,20,0,0,0,0,0,0,0,0,7,1,1,0,0,0,0,0,0,0,1,KRBKRNvK,DRAW,1K6/r7/8/8/6k1/8/1R6/2B2n2 b - - 0 1
1,1,0,0,0,0,0,1,-1,1,0,1,1,1,0,0,0,0,0,16,0,0,3,6,3,3,6,2,2,25,26,0,0,0,0,0,0,0,0,7,1,1,0,1,0,0,1,2,0,2,KRBKRNvK,DRAW,8/3k4/6n1/8/5BK1/5R2/4r3/8 w - - 0 1
0,1,0,0,0,0,0,1,-1,1,0,1,1,1,0,0,0,0,0,16,0,0,6,0,1,3,7,5,3,22,25,0,0,0,0,0,0,0,0,7,1,1,0,0,0,0,3,2,0,0,KRBKRNvK,DRAW,3k2B1/8/8/8/3r4/6n1/K7/4R3 b - - 0 1
0,1,0,0,0,0,0,1,-1,1,0,1,1,1,0,0,0,0,0,16,0,0,3,0,0,3,1,6,2,21,21,0,0,0,0,0,0,0,0,7,1,1,0,0,0,0,1,2,0,0,KRBKRNvK,DRAW,n7/8/7R/8/3r4/8/3k4/K5B1 b - - 0 1
0,1,0,0,0,0,0,1,-1,1,0,1,1,1,0,0,0,0,0,16,0,0,6,0,4,6,4,3,2,29,26,0,0,0,0,0,0,0,0,7,1,1,0,0,0,0,1,0,0,0,KRBKRNvK,DRAW,2R5/8/8/K5k1/4n3/7r/8/6B1 b - - 0 1
0,1,0,0,0,0,0,1,-1,1,0,1,1,1,0,0,0,0,0,16,0,0,6,4,1,2,7,2,4,17,28,0,0,0,0,0,0,0,0,7,1,1,0,0,0,0,1,0,0,0,KRBKRNvK,DRAW,2k5/2r3n1/8/8/5B2/8/1R2K3/8 b - - 0 1
1,1,0,0,0,0,0,1,-1,1,0,1,1,1,0,0,0,0,0,16,0,0,2,0,2,2,4,4,1,23,19,0,0,0,0,0,0,0,0,7,1,1,1,0,0,0,2,2,0,0,KRBKRNvK,DRAW,8/6R1/8/2k5/8/K7/1B6/4nr2 w - - 0 1
1,1,0,0,0,0,0,1,-1,1,0,1,1,1,0,0,0,0,0,16,0,0,6,6,7,0,1,5,5,4,0,1,0,0,0,0,0,0,0,7,1,1,0,0,0,0,3,1,0,1,KRBKRNvK,LOSS,6K1/B3n3/8/5R2/8/6r1/k7/8 w - - 0 1
1,1,0,0,0,0,0,1,-1,1,0,1,1,1,0,0,0,0,0,16,0,0,4,4,4,2,0,0,4,28,13,0,0,0,0,0,0,0,0,7,1,1,0,0,0,0,3,1,0,0,KRBKRNvK,DRAW,7R/8/B7/4K3/1n6/8/8/1rk5 w - - 0 1
0,1,0,0,0,0,0,1,-1,1,0,1,1,1,0,0,0,0,0,16,0,0,7,0,0,7,4,6,3,25,26,0,0,0,0,0,0,0,0,7,1,1,0,1,0,0,2,1,0,1,KRBKRNvK,DRAW,3R4/2n5/8/4B2k/8/8/1r6/K7 b - - 0 1
0,1,0,0,0,0,0,1,-1,1,0,1,1,1,0,0,0,0,0,16,0,0,5,1,2,3,7,3,3,26,23,0,0,0,0,0,0,0,0,7,1,1,0,0,0,0,2,2,0,0,KRBKRNvK,DRAW,3k4/B7/3r4/8/1R3n2/1K6/8/8 b - - 0 1
0,1,0,0,0,0,0,1,-1,1,0,1,1,1,0,0,0,0,0,16,0,0,2,5,3,7,1,1,5,3,0,1,0,0,0,0,0,0,0,7,1,1,0,0,0,0,2,2,2,1,KRBKRNvK,DRAW,3r4/8/8/8/5K2/4n3/5R1k/5B2 b - - 0 1
0,1,0,0,0,0,0,1,-1,1,0,1,1,1,0,0,0,0,0,16,0,0,5,5,7,5,2,4,2,24,22,0,0,0,0,0,0,0,0,7,1,1,1,1,0,0,2,1,0,0,KRBKRNvK,DRAW,5K2/3RB3/8/8/8/5k2/2r5/7n b - - 0 1
1,1,0,0,0,0,0,1,-1,1,0,1,1,1,0,0,0,0,0,16,0,0,5,2,5,7,3,2,3,21,20,0,0,0,0,0,0,0,0,7,1,1,0,0,0,0,1,2,0,1,KRBKRNvK,DRAW,5n2/4r3/R1K5/8/7k/8/4B3/8 w - - 0 1
1,1,0,0,0,0,0,1,-1,1,0,1,1,1,0,0,0,0,0,16,0,0,3,4,1,7,3,2,3,20,20,0,0,0,0,0,0,0,0,7,1,1,0,0,0,0,1,0,2,0,KRBKRNvK,DRAW,3n4/8/8/8/7k/8/4K1RB/r7 w - - 0 1
1,1,0,0,0,0,0,1,-1,1,0,1,1,1,0,0,0,0,0,16,0,0,6,6,1,0,5,4,4,32,18,0,0,0,0,0,0,0,0,7,1,1,1,0,0,0,1,2,0,0,KRBKRNvK,DRAW,4n3/7R/k7/4rB2/8/8/6K1/8 w - - 0 1
1,1,0,0,0,0,0,1,-1,1,0,1,1,1,0,0,0,0,0,16,0,0,2,5,5,3,6,2,2,29,20,0,0,0,0,0,0,0,0,7,1,1,0,0,0,0,2,2,0,2,KRBKRNvK,DRAW,8/3k4/5K2/6n1/2B3r1/R7/8/8 w - - 0 1
1,1,0,0,0,0,0,1,-1,1,0,1,1,1,0,0,0,0,0,16,0,0,3,2,1,0,4,3,3,7,0,1,0,0,0,0,0,0,0,7,1,1,0,0,0,0,1,1,0,1,KRBKRNvK,DRAW,r7/8/8/k2B4/1n6/8/2K3R1/8 w - - 0 1
1,1,0,0,0,0,0,1,-1,1,0,1,1,1,0,0,0,0,0,16,0,0,3,4,2,1,5,1,3,7,0,1,0,0,0,0,0,0,0,7,1,1,0,0,0,0,2,1,0,1,KRBKRNvK,DRAW,6r1/8/1k6/5n2/8/B3K3/8/4R3 w - - 0 1
0,1,0,0,0,0,0,1,-1,1,0,1,1,1,0,0,0,0,0,16,0,0,2,3,1,3,3,2,0,4,0,1,0,0,0,0,0,0,0,7,1,1,0,0,0,0,1,3,0,1,KRBKRNvK,LOSS,2r5/B7/8/8/3k4/8/3K4/2R1n3 b - - 0 1
1,1,0,0,0,0,0,1,-1,1,0,1,1,1,0,0,0,0,0,16,0,0,2,5,0,3,1,4,2,24,17,0,0,0,0,0,0,0,0,7,1,1,0,0,0,0,1,1,1,0,KRBKRNvK,DRAW,8/8/rB6/8/6n1/5R2/3k4/5K2 w - - 0 1
0,1,0,0,0,0,0,1,-1,1,0,1,1,1,0,0,0,0,0,16,0,0,2,5,7,7,6,4,5,20,24,0,0,0,0,0,0,0,0,7,1,1,0,0,0,0,2,2,0,0,KRBKRNvK,DRAW,5K2/n6k/8/8/1R6/8/5B2/4r3 b - - 0 1
1,1,0,0,0,0,0,1,-1,1,0,1,1,1,0,0,0,0,0,16,0,0,5,3,1,4,6,2,2,5,0,1,0,0,0,0,0,0,0,7,1,1,0,1,0,0,3,0,1,0,KRBKRNvK,LOSS,8/4k1B1/8/3n4/5R2/8/3K3r/8 w - - 0 1
0,1,0,0,0,0,0,1,-1,1,0,1,1,1,0,0,0,0,0,16,0,0,3,1,3,1,0,2,5,4,0,1,0,0,0,0,0,0,0,7,1,1,0,0,0,0,3,2,0,1,KRBKRNvK,LOSS,B4n2/8/8/3r4/1K6/8/8/1k2R3 b - - 0 1
0,1,0,0,0,0,0,1,-1,1,0,1,1,1,0,0,0,0,0,16,0,0,2,5,0,7,0,4,6,18,16,0,0,0,0,0,0,0,0,7,1,1,0,1,0,0,0,0,0,1,KRBKRNvK,DRAW,R7/n7/8/B7/8/8/6r1/5K1k b - - 0 1
0,1,0,0,0,0,0,1,-1,1,0,1,1,1,0,0,0,0,0,16,0,0,2,6,0,4,1,5,2,21,22,0,0,0,0,0,0,0,0,7,1,1,0,0,0,0,1,2,1,0,KRBKRNvK,WIN,8/8/8/8/4r3/8/B1n1k3/5RK1 b - - 0 1
1,1,0,0,0,0,0,1,-1,1,0,1,1,1,0,0,0,0,0,16,0,0,7,0,2,7,3,4,3,11,22,0,0,0,0,0,0,0,0,7,1,1,0,0,0,0,1,2,0,0,KRBKRNvK,DRAW,8/8/8/8/7k/KB1rn3/1R6/8 w - - 0 1
0,1,0,0,0,0,0,1,-1,1,0,1,1,1,0,0,0,0,0,16,0,0,5,2,6,7,7,3,6,5,0,1,0,0,0,0,0,0,0,7,1,1,0,1,0,0,3,1,0,1,KRBKRNvK,DRAW,7k/2Kn4/8/8/2R5/2B5/5r2/8 b - - 0 1
0,1,0,0,0,0,0,1,-1,1,0,1,1,1,0,0,0,0,0,16,0,0,4,2,0,3,4,4,0,4,0,1,0,0,0,0,0,0,0,7,1,1,1,0,0,0,3,4,2,1,KRBKRNvK,DRAW,8/3rRB2/8/3k4/8/2n5/8/2K5 b - - 0 1
1,1,0,0,0,0,0,1,-1,1,0,1,1,1,0,0,0,0,0,16,0,0,2,3,6,5,5,2,2,27,15,0,0,0,0,0,0,0,0,7,1,1,0,0,0,0,2,1,2,0,KRBKRNvK,DRAW,8/3K4/5k2/4R3/6B1/8/6n1/6r1 w - - 0 1
0,1,0,0,0,0,0,1,-1,1,0,1,1,1,0,0,0,0,0,16,0,0,5,1,2,6,4,3,2,22,21,0,0,0,0,0,0,0,0,7,1,1,0,0,0,0,1,2,0,1,KRBKRNvK,DRAW,8/8/8/6kr/8/1Kn5/2R5/6B1 b - - 0 1
0,1,0,0,0,0,0,1,-1,1,0,1,1,1,0,0,0,0,0,16,0,0,2,0,2,2,1,4,3,16,20,0,0,0,0,0,0,0,0,7,1,1,0,1,0,0,1,0,0,2,KRBKRNvK,DRAW,4R3/8/4B3/8/8/K7/nrk5/8 b - - 0 1
0,1,0,0,0,0,0,1,-1,1,0,1,1,1,0,0,0,0,0,16,0,0,7,6,7,1,0,5,5,23,27,0,0,0,0,0,0,0,0,7,1,1,0,1,0,0,0,1,0,0,KRBKRNvK,DRAW,6K1/4B3/8/8/1n6/5R2/2r5/1k6 b - - 0 1
0,1,0,0,0,0,0,1,-1,1,0,1,1,1,0,0,0,0,0,16,0,0,4,7,0,3,3,6,0,4,0,1,0,0,0,0,0,0,0,7,1,1,0,0,0,0,2,3,1,0,KRBKRNvK,DRAW,7B/8/8/2r5/3k4/4n3/2R5/7K b - - 0 1
1,1,0,0,0,0,0,1,-1,1,0,1,1,1,0,0,0,0,0,16,0,0,4,4,3,0,1,0,5,26,19,0,0,0,0,0,0,0,0,7,1,1,1,0,0,0,3,0,0,0,KRBKRNvK,DRAW,8/6R1/8/8/4K2B/8/k7/1n3r2 w - - 0 1
1,1,0,0,0,0,0,1,-1,1,0,1,1,1,0,0,0,0,0,16,0,0,5,6,1,3,6,4,2,31,18,0,0,0,0,0,0,0,0,7,1,1,0,0,0,0,1,1,0,0,KRBKRNvK,DRAW,8/3k1r2/6R1/2n5/5B2/8/6K1/8 w - - 0 1
0,1,0,0,0,0,0,1,-1,1,0,1,1,1,0,0,0,0,0,16,0,0,2,6,2,4,1,3,2,19,27,0,0,0,0,0,0,0,0,7,1,1,1,1,0,0,0,1,0,0,KRBKRNvK,DRAW,3B4/5R2/8/8/8/6K1/r2nk3/8 b - - 0 1
0,1,0,0,0,0,0,1,-1,1,0,1,1,1,0,0,0,0,0,16,0,0,2,2,3,0,4,1,3,21,27,0,0,0,0,0,0,0,0,7,1,1,0,0,0,0,3,1,0,1,KRBKRNvK,DRAW,8/8/6B1/k1n5/2K5/7R/8/r7 b - - 0 1
0,1,0,0,0,0,0,1,-1,1,0,1,1,1,0,0,0,0,0,16,0,0,6,6,1,0,7,4,6,2,0,1,0,0,0,0,0,0,0,7,1,1,0,0,0,0,0,2,1,0,KRBKRNvK,DRAW,k1R5/4B3/8/1n6/1r6/8/6K1/8 b - - 0 1
1,1,0,0,0,0,0,1,-1,1,0,1,1,1,0,0,0,0,0,16,0,0,2,2,3,0,4,1,3,18,23,0,0,0,0,0,0,0,0,7,1,1,0,0,0,0,3,1,1,1,KRBKRNvK,DRAW,8/8/B4r2/k7/2K3R1/8/4n3/8 w - - 0 1
0,1,0,0,0,0,0,1,-1,1,0,1,1,1,0,0,0,0,0,16,0,0,5,7,0,7,5,6,4,25,25,0,0,0,0,0,0,0,0,7,1,1,0,0,0,0,2,1,0,0,KRBKRNvK,DRAW,5r2/2nB4/7k/8/R7/8/8/7K b - - 0 1
0,1,0,0,0,0,0,1,-1,1,0,1,1,1,0,0,0,0,0,16,0,0,3,3,4,5,1,0,3,26,23,0,0,0,0,0,0,0,0,7,1,1,0,0,0,0,4,0,0,0,KRBKRNvK,DRAW,7B/8/8/2RK3n/8/r7/5k2/8 b - - 0 1
1,1,0,0,0,0,0,1,-1,1,0,1,1,1,0,0,0,0,0,16,0,0,3,1,4,3,7,2,3,22,22,0,0,0,0,0,0,0,0,7,1,1,0,1,0,0,2,2,0,0,KRBKRNvK,DRAW,3k4/8/8/1K4R1/B7/8/3r4/4n3 w - - 0 1
1,1,0,0,0,0,0,1,-1,1,0,1,1,1,0,0,0,0,0,16,0,0,4,1,4,2,0,2,4,6,0,1,0,0,0,0,0,0,0,7,1,1,0,1,0,0,2,1,0,0,KRBKRNvK,DRAW,3R4/8/8/1K6/6nB/8/1r6/2k5 w - - 0 1
1,1,0,0,0,0,0,1,-1,1,0,1,1,1,0,0,0,0,0,16,0,0,5,2,1,7,0,3,6,7,0,1,0,0,0,0,0,0,0,7,1,1,0,0,0,0,1,0,0,1,KRBKRNvK,LOSS,1B3r2/8/8/8/3n4/1R6/2K5/7k w - - 0 1
1,1,0,0,0,0,0,1,-1,1,0,1,1,1,0,0,0,0,0,16,0,0,3,2,6,4,3,3,0,28,23,0,0,0,0,0,0,0,0,7,1,1,0,1,0,0,0,3,0,0,KRBKRNvK,DRAW,8/2K5/R6B/8/4k3/8/5r2/6n1 w - - 0 1
0,1,0,0,0,0,0,1,-1,1,0,1,1,1,0,0,0,0,0,16,0,0,5,1,0,5,5,5,2,26,26,0,0,0,0,0,0,0,0,7,1,1,0,0,0,0,0,3,0,0,KRBKRNvK,DRAW,8/8/5k2/1B2n3/r7/8/6R1/1K6 b - - 0 1
1,1,0,0,0,0,0,1,-1,1,0,1,1,1,0,0,0,0,0,16,0,0,4,5,0,7,4,4,3,32,21,0,0,0,0,0,0,0,0,7,1,1,1,0,0,0,2,3,0,0,KRBKRNvK,DRAW,8/4R3/6n1/3B3k/3r4/8/8/5K2 w - - 0 1
0,1,0,0,0,0,0,1,-1,1,0,1,1,1,0,0,0,0,0,16,0,0,2,0,1,2,0,5,4,23,24,0,0,0,0,0,0,0,0,7,1,1,0,0,0,0,2,3,1,0,KRBKRNvK,DRAW,8/2B5/2n5/1r6/8/8/K3R3/2k5 b - - 0 1
0,1,0,0,0,0,0,1,-1,1,0,1,1,1,0,0,0,0,0,16,0,0,4,5,5,1,3,2,2,4,0,1,0,0,0,0,0,0,0,7,1,1,0,0,0,0,1,1,2,0,KRBKRNvK,DRAW,8/8/5K2/8/1k6/1R4n1/B7/6r1 b - - 0 1
0,1,0,0,0,0,0,1,-1,1,0,1,1,1,0,0,0,0,0,16,0,0,5,5,2,3,7,2,3,4,0,1,0,0,0,0,0,0,0,7,1,1,0,0,0,0,2,0,0,0,KRBKRNvK,DRAW,1n1k2r1/8/8/5B2/3R4/5K2/8/8 b - - 0 1
0,1,0,0,0,0,0,1,-1,1,0,1,1,1,0,0,0,0,0,16,0,0,4,2,7,4,3,4,0,23,25,0,0,0,0,0,0,0,0,7,1,1,0,0,0,0,2,3,1,0,KRBKRNvK,DRAW,2K5/8/5r2/1n4B1/4k3/8/8/3R4 b - - 0 1
1,1,0,0,0,0,0,1,-1,1,0,1,1,1,0,0,0,0,0,16,0,0,4,5,4,4,0,1,3,8,0,1,0,0,0,0,0,0,0,7,1,1,0,0,0,0,4,1,1,0,KRBKRNvK,DRAW,8/8/7B/1n3K2/8/3R4/8/4kr2 w - - 0 1
0,1,0,0,0,0,0,1,-1,1,0,1,1,1,0,0,0,0,0,16,0,0,3,5,4,2,7,1,4,24,24,0,0,0,0,0,0,0,0,7,1,1,0,0,0,0,3,2,0,1,KRBKRNvK,WIN,2k5/8/4n3/1R3K2/r7/6B1/8/8 b - - 0 1
0,1,0,0,0,0,0,1,-1,1,0,1,1,1,0,0,0,0,0,16,0,0,5,7,0,2,1,6,3,16,24,0,0,0,0,0,0,0,0,7,1,1,0,1,0,0,0,0,0,0,KRBKRNvK,DRAW,3B4/8/7n/8/8/6R1/1rk5/7K b - - 0 1
1,1,0,0,0,0,0,1,-1,1,0,1,1,1,0,0,0,0,0,16,0,0,2,6,2,4,4,3,0,5,0,1,0,0,0,0,0,0,0,7,1,1,0,0,0,0,0,4,0,1,KRBKRNvK,DRAW,8/8/8/4k1r1/nB6/6K1/8/5R2 w - - 0 1
1,1,0,0,0,0,0,1,-1,1,0,1,1,1,0,0,0,0,0,16,0,0,4,3,5,3,1,1,2,6,0,1,0,0,0,0,0,0,0,7,1,1,0,0,0,0,4,0,0,1,KRBKRNvK,DRAW,8/8/3K1r2/7B/6R1/7n/3k4/8 w - - 0 1
1,1,0,0,0,0,0,1,-1,1,0,1,1,1,0,0,0,0,0,16,0,0,5,2,4,7,4,1,3,7,0,1,0,0,0,0,0,0,0,7,1,1,0,0,0,0,4,1,1,1,KRBKRNvK,DRAW,8/3n4/8/2K4k/5R2/8/1B6/7r w - - 0 1
0,1,0,0,0,0,0,1,-1,1,0,1,1,1,0,0,0,0,0,16,0,0,4,1,0,5,0,5,4,17,30,0,0,0,0,0,0,0,0,7,1,1,0,0,0,0,1,0,0,0,KRBKRNvK,DRAW,R6n/5r2/8/2B5/8/8/8/1K3k2 b - - 0 1
1,1,0,0,0,0,0,1,-1,1,0,1,1,1,0,0,0,0,0,16,0,0,2,7,4,5,3,3,1,23,22,0,0,0,0,0,0,0,0,7,1,1,0,0,0,0,0,2,0,0,KRBKRNvK,DRAW,6r1/8/8/B6K/5k2/8/1R6/7n w - - 0 1
1,1,0,0,0,0,0,1,-1,1,0,1,1,1,0,0,0,0,0,16,0,0,3,7,6,4,5,5,1,28,20,0,0,0,0,0,0,0,0,7,1,1,0,0,0,0,2,3,0,0,KRBKRNvK,DRAW,8/7K/4k3/4r3/8/2R5/6B1/6n1 w - - 0 1
0,1,0,0,0,0,0,1,-1,1,0,1,1,1,0,0,0,0,0,16,0,0,4,6,4,2,4,2,1,19,29,0,0,0,0,0,0,0,0,7,1,1,0,1,0,0,2,2,1,1,KRBKRNvK,DRAW,8/8/8/2k3K1/7n/2B5/7r/R7 b - - 0 1
1,1,0,0,0,0,0,1,-1,1,0,1,1,1,0,0,0,0,0,16,0,0,3,6,1,3,2,4,1,26,24,0,0,0,0,0,0,0,0,7,1,1,0,0,0,0,0,3,1,1,KRBKRNvK,DRAW,8/3n4/5R2/8/8/3k4/6K1/2B1r3 w - - 0 1
1,1,0,0,0,0,0,1,-1,1,0,1,1,1,0,0,0,0,0,16,0,0,2,3,0,1,0,3,5,23,25,0,0,0,0,0,0,0,0,7,1,1,0,0,0,0,0,2,0,0,KRBKRNvK,DRAW,8/8/5R2/B6r/4n3/8/8/1k1K4 w - - 0 1
1,1,0,0,0,0,0,1,-1,1,0,1,1,1,0,0,0,0,0,16,0,0,4,4,0,1,4,3,2,15,21,0,0,0,0,0,0,0,0,7,1,1,0,0,0,0,1,1,0,0,KRBKRNvK,DRAW,8/8/8/1k6/8/rn4B1/8/4K1R1 w - - 0 1
0,1,0,0,0,0,0,1,-1,1,0,1,1,1,0,0,0,0,0,16,0,0,2,4,2,4,0,1,3,1,0,1,0,0,0,0,0,0,0,7,1,1,0,0,0,0,3,1,0,2,KRBKRNvK,DRAW,7B/8/8/8/8/4K3/3n4/3rk2R b - - 0 1
0,1,0,0,0,0,0,1,-1,1,0,1,1,1,0,0,0,0,0,16,0,0,5,5,2,7,7,2,6,19,23,0,0,0,0,0,0,0,0,7,1,1,1,0,0,0,3,2,0,2,KRBKRNvK,DRAW,3B3k/3R4/8/8/4r3/5K2/8/3n4 b - - 0 1
0,1,0,0,0,0,0,1,-1,1,0,1,1,1,0,0,0,0,0,16,0,0,3,6,1,3,3,4,0,28,20,0,0,0,0,0,0,0,0,7,1,1,0,0,0,0,1,3,0,1,KRBKRNvK,DRAW,8/8/R7/3n4/3k4/8/B5K1/7r b - - 0 1
1,1,0,0,0,0,0,1,-1,1,0,1,1,1,0,0,0,0,0,16,0,0,2,3,3,1,3,0,2,4,0,1,0,0,0,0,0,0,0,7,1,1,0,0,0,0,4,2,0,0,KRBKRNvK,DRAW,3n4/3r4/6R1/4B3/1k1K4/8/8/8 w - - 0 1
0,1,0,0,0,0,0,1,-1,1,0,1,1,1,0,0,0,0,0,16,0,0,4,0,6,2,2,5,2,6,0,1,0,0,0,0,0,0,0,7,1,1,0,0,0,0,1,2,1,1,KRBKRNvK,DRAW,8/K7/n1B5/3r4/8/2k5/8/2R5 b - - 0 1
1,1,0,0,0,0,0,1,-1,1,0,1,1,1,0,0,0,0,0,16,0,0,4,1,1,0,5,4,4,30,19,0,0,0,0,0,0,0,0,7,1,1,1,0,0,0,2,2,0,0,KRBKRNvK,DRAW,1n6/4R3/k7/8/6r1/8/1KB5/8 w - - 0 1
0,1,0,0,0,0,0,1,-1,1,0,1,1,1,0,0,0,0,0,16,0,0,5,5,6,0,6,3,5,25,28,0,0,0,0,0,0,0,0,7,1,1,0,0,0,0,2,3,0,0,KRBKRNvK,DRAW,5B2/k4K2/8/6R1/r7/4n3/8/8 b - - 0 1
1,1,0,0,0,0,0,1,-1,1,0,1,1,1,0,0,0,0,0,16,0,0,2,5,3,3,5,1,1,23,25,0,0,0,0,0,0,0,0,7,1,1,1,0,0,0,2,3,1,1,KRBKRNvK,DRAW,8/1R6/3k4/2n5/5K2/7r/3B4/8 w - - 0 1
1,1,0,0,0,0,0,1,-1,1,0,1,1,1,0,0,0,0,0,16,0,0,5,2,5,2,0,2,4,8,0,1,0,0,0,0,0,0,0,7,1,1,0,0,0,0,2,0,1,0,KRBKRNvK,DRAW,8/7n/2K2r2/8/8/7B/3R4/2k5 w - - 0 1
1,1,0,0,0,0,0,1,-1,1,0,1,1,1,0,0,0,0,0,16,0,0,4,7,1,3,1,5,2,4,0,1,0,0,0,0,0,0,0,7,1,1,0,0,0,0,2,2,1,1,KRBKRNvK,DRAW,8/2B5/8/1n6/7r/4R3/3k3K/8 w - - 0 1
0,1,0,0,0,0,0,1,-1,1,0,1,1,1,0,0,0,0,0,16,0,0,4,5,4,2,0,1,4,21,21,0,0,0,0,0,0,0,0,7,1,1,1,0,0,0,2,2,0,0,KRBKRNvK,DRAW,8/5R2/2n5/5K2/B7/2r5/8/2k5 b - - 0 1
1,1,0,0,0,0,0,1,-1,1,0,1,1,1,0,0,0,0,0,16,0,0,5,5,5,5,0,2,4,28,19,0,0,0,0,0,0,0,0,7,1,1,0,1,0,0,3,2,0,0,KRBKRNvK,DRAW,6R1/nB6/5K2/8/8/8/4r3/5k2 w - - 0 1
0,1,0,0,0,0,0,1,-1,1,0,1,1,1,0,0,0,0,0,16,0,0,7,0,3,7,2,3,4,22,16,0,0,0,0,0,0,0,0,7,1,1,0,1,0,0,0,0,0,1,KRBKRNvK,DRAW,8/n7/8/8/K7/7k/1r6/B1R5 b - - 0 1
0,1,0,0,0,0,0,1,-1,1,0,1,1,1,0,0,0,0,0,16,0,0,3,5,1,2,1,3,3,26,29,0,0,0,0,0,0,0,0,7,1,1,0,0,0,0,3,2,1,0,KRBKRNvK,DRAW,8/8/4B3/3n3r/R7/8/2k2K2/8 b - - 0 1
1,1,0,0,0,0,0,1,-1,1,0,1,1,1,0,0,0,0,0,16,0,0,5,0,4,5,4,3,1,29,26,0,0,0,0,0,0,0,0,7,1,1,1,0,0,0,1,3,2,0,KRBKRNvK,DRAW,6r1/7R/3B4/K4k2/8/8/2n5/8 w - - 0 1
1,1,0,0,0,0,0,1,-1,1,0,1,1,1,0,0,0,0,0,16,0,0,2,1,6,3,5,4,1,5,0,1,0,0,0,0,0,0,0,7,1,1,0,0,0,0,1,3,0,0,KRBKRNvK,DRAW,8/1K2r3/3k4/8/6n1/8/8/1B5R w - - 0 1
0,1,0,0,0,0,0,1,-1,1,0,1,1,1,0,0,0,0,0,16,0,0,4,5,6,1,6,3,4,28,21,0,0,0,0,0,0,0,0,7,1,1,0,0,0,0,2,1,0,0,KRBKRNvK,DRAW,8/1k3K2/8/7B/2n3R1/1r6/8/8 b - - 0 1
0,1,0,0,0,0,0,1,-1,1,0,1,1,1,0,0,0,0,0,16,0,0,7,0,3,7,7,3,6,24,18,0,0,0,0,0,0,0,0,7,1,1,0,0,0,0,2,0,0,0,KRBKRNvK,DRAW,5r1k/8/8/3n4/K7/1B6/8/3R4 b - - 0 1
1,1,0,0,0,0,0,1,-1,1,0,1,1,1,0,0,0,0,0,16,0,0,7,7,6,0,7,5,6,26,23,0,0,0,0,0,0,0,0,7,1,1,0,1,0,0,1,2,1,0,KRBKRNvK,DRAW,k7/7K/1R6/8/8/5n2/2r4B/8 w - - 0 1
0,1,0,0,0,0,0,1,-1,1,0,1,1,1,0,0,0,0,0,16,0,0,2,3,4,4,2,0,1,19,28,0,0,0,0,0,0,0,0,7,1,1,0,0,0,0,3,2,0,0,KRBKRNvK,DRAW,5n2/8/5R2/1B1K4/8/4k3/8/7r b - - 0 1
1,1,0,0,0,0,0,1,-1,1,0,1,1,1,0,0,0,0,0,16,0,0,6,0,7,4,1,6,2,22,23,0,0,0,0,0,0,0,0,7,1,1,0,0,0,0,3,1,1,0,KRBKRNvK,DRAW,K7/8/8/1n6/8/5r2/4k3/B2R4 w - - 0 1
1,1,0,0,0,0,0,1,-1,1,0,1,1,1,0,0,0,0,0,16,0,0,3,1,3,4,3,2,0,24,23,0,0,0,0,0,0,0,0,7,1,1,0,0,0,0,0,3,1,0,KRBKRNvK,DRAW,8/1n6/8/7r/1K2k3/7B/6R1/8 w - - 0 1
1,1,0,0,0,0,0,1,-1,1,0,1,1,1,0,0,0,0,0,16,0,0,2,6,5,4,6,3,2,28,24,0,0,0,0,0,0,0,0,7,1,1,0,0,0,0,2,3,0,1,KRBKRNvK,DRAW,7R/4k3/6K1/8/5r2/3n4/6B1/8 w - - 0 1
0,1,0,0,0,0,0,1,-1,1,0,1,1,1,0,0,0,0,0,16,0,0,3,7,6,4,7,5,3,4,0,1,0,0,0,0,0,0,0,7,1,1,0,1,0,0,0,0,0,0,KRBKRNvK,DRAW,n3k2R/7K/8/8/8/8/5r2/6B1 b - - 0 1
1,1,0,0,0,0,0,1,-1,1,0,1,1,1,0,0,0,0,0,16,0,0,4,2,1,6,1,3,4,7,0,1,0,0,0,0,0,0,0,7,1,1,0,0,0,0,0,2,1,1,KRBKRNvK,DRAW,3B4/8/8/6r1/3n4/5R2/2K3k1/8 w - - 0 1
0,1,0,0,0,0,0,1,-1,1,0,1,1,1,0,0,0,0,0,16,0,0,5,6,7,4,2,5,1,12,25,0,0,0,0,0,0,0,0,7,1,1,0,0,0,0,3,2,0,0,KRBKRNvK,DRAW,B5K1/8/3R4/7n/8/4k2r/8/8 b - - 0 1
1,1,0,0,0,0,0,1,-1,1,0,1,1,1,0,0,0,0,0,16,0,0,7,4,7,3,0,3,3,24,18,0,0,0,0,0,0,0,0,7,1,1,0,0,0,0,0,2,1,0,KRBKRNvK,DRAW,4K3/8/8/B6n/8/3r4/2R5/3k4 w - - 0 1
1,1,0,0,0,0,0,1,-1,1,0,1,1,1,0,0,0,0,0,16,0,0,5,0,7,2,2,6,2,24,22,0,0,0,0,0,0,0,0,7,1,1,0,0,0,0,2,1,1,0,KRBKRNvK,DRAW,K7/5r2/4R3/8/8/2k5/n1B5/8 w - - 0 1
1,1,0,0,0,0,0,1,-1,1,0,1,1,1,0,0,0,0,0,16,0,0,4,1,3,1,7,2,5,6,0,1,0,0,0,0,0,0,0,7,1,1,0,0,0,0,2,2,0,1,KRBKRNvK,DRAW,1k6/8/2n4r/2B5/1K6/8/3R4/8 w - - 0 1
0,1,0,0,0,0,0,1,-1,1,0,1,1,1,0,0,0,0,0,16,0,0,3,3,7,3,4,3,0,6,0,1,0,0,0,0,0,0,0,7,1,1,0,0,0,0,1,3,1,0,KRBKRNvK,DRAW,3K4/r7/8/3k4/8/1B6/8/5nR1 b - - 0 1
1,1,0,0,0,0,0,1,-1,1,0,1,1,1,0,0,0,0,0,16,0,0,4,6,4,4,0,2,3,7,0,1,0,0,0,0,0,0,0,7,1,1,0,0,0,0,0,0,0,1,KRBKRNvK,DRAW,8/1r6/8/6K1/4n3/B7/7R/4k3 w - - 0 1
1,1,0,0,0,0,0,1,-1,1,0,1,1,1,0,0,0,0,0,16,0,0,3,2,5,5,6,2,3,33,21,0,0,0,0,0,0,0,0,7,1,1,0,0,0,0,4,0,1,0,KRBKRNvK,DRAW,6r1/5k2/2K2B2/8/8/8/4R3/3n4 w - - 0 1
0,1,0,0,0,0,0,1,-1,1,0,1,1,1,0,0,0,0,0,16,0,0,3,6,2,3,3,3,0,24,31,0,0,0,0,0,0,0,0,7,1,1,0,0,0,0,1,3,1,0,KRBKRNvK,DRAW,3n4/4r3/R7/8/3k4/1B4K1/8/8 b - - 0 1
0,1,0,0,0,0,0,1,-1,1,0,1,1,1,0,0,0,0,0,16,0,0,5,5,6,0,5,3,4,22,29,0,0,0,0,0,0,0,0,7,1,1,0,0,0,0,1,1,0,0,KRBKRNvK,DRAW,8/5K2/k7/5B2/4n3/8/7R/4r3 b - - 0 1
0,1,0,0,0,0,0,1,-1,1,0,1,1,1,0,0,0,0,0,16,0,0,2,4,2,6,2,1,3,20,25,0,0,0,0,0,0,0,0,7,1,1,0,0,0,0,2,0,1,0,KRBKRNvK,DRAW,5B2/8/8/7n/8/4K1k1/5R2/r7 b - - 0 1
0,1,0,0,0,0,0,1,-1,1,0,1,1,1,0,0,0,0,0,16,0,0,5,1,1,3,6,4,2,22,20,0,0,0,0,0,0,0,0,7,1,1,0,0,0,0,1,0,0,0,KRBKRNvK,DRAW,8/3k4/2r5/n7/8/6BR/1K6/8 b - - 0 1
0,1,0,0,0,0,0,1,-1,1,0,1,1,1,0,0,0,0,0,16,0,0,2,3,3,5,3,0,1,3,0,1,0,0,0,0,0,0,0,7,1,1,0,0,0,0,3,3,0,0,KRBKRNvK,DRAW,8/2n5/r7/8/3K1k2/B7/8/5R2 b - - 0 1
1,1,0,0,0,0,0,1,-1,1,0,1,1,1,0,0,0,0,0,16,0,0,2,6,6,5,4,4,1,29,23,0,0,0,0,0,0,0,0,7,1,1,1,0,0,0,2,2,2,0,KRBKRNvK,DRAW,8/4R1K1/8/3n1k2/5B2/2r5/8/8 w - - 0 1
0,1,0,0,0,0,0,1,-1,1,0,1,1,1,0,0,0,0,0,16,0,0,6,7,4,1,1,3,4,23,22,0,0,0,0,0,0,0,0,7,1,1,0,0,0,0,2,2,0,0,KRBKRNvK,DRAW,4B3/8/4R3/7K/1r6/8/1k6/6n1 b - - 0 1
0,1,0,0,0,0,0,1,-1,1,0,1,1,1,0,0,0,0,0,16,0,0,2,3,2,5,0,1,4,2,0,1,0,0,0,0,0,0,0,7,1,1,0,0,0,0,2,1,0,1,KRBKRNvK,DRAW,6r1/8/8/5B2/8/3K4/3n4/2R2k2 b - - 0 1
1,1,0,0,0,0,0,1,-1,1,0,1,1,1,0,0,0,0,0,16,0,0,3,7,1,6,4,5,2,24,24,0,0,0,0,0,0,0,0,7,1,1,0,0,0,0,2,2,0,0,KRBKRNvK,DRAW,8/6n1/8/6k1/3r4/8/7K/1B2R3 w - - 0 1
0,1,0,0,0,0,0,1,-1,1,0,1,1,1,0,0,0,0,0,16,0,0,2,2,1,0,2,3,4,0,0,1,0,0,0,0,0,0,0,7,1,1,0,0,0,0,1,1,1,1,KRBKRNvK,LOSS,R7/8/8/2B5/8/k2n2r1/2K5/8 b - - 0 1
1,1,0,0,0,0,0,1,-1,1,0,1,1,1,0,0,0,0,0,16,0,0,2,7,0,6,2,6,3,23,21,0,0,0,0,0,0,0,0,7,1,1,1,0,0,0,2,2,1,0,KRBKRNvK,DRAW,8/2R5/8/8/3r4/6k1/6B1/1n5K w - - 0 1
0,1,0,0,0,0,0,1,-1,1,0,1,1,1,0,0,0,0,0,16,0,0,3,2,4,5,4,1,1,21,26,0,0,0,0,0,0,0,0,7,1,1,0,0,0,0,4,3,0,1,KRBKRNvK,DRAW,8/2B5/8/2K2k2/1r6/8/8/4R1n1 b - - 0 1
0,1,0,0,0,0,0,1,-1,1,0,1,1,1,0,0,0,0,0,16,0,0,5,2,0,2,5,4,2,3,0,1,0,0,0,0,0,0,0,7,1,1,0,0,0,0,0,2,2,0,KRBKRNvK,DRAW,3B3n/8/1Rk5/5r2/8/8/8/2K5 b - - 0 1
0,1,0,0,0,0,0,1,-1,1,0,1,1,1,0,0,0,0,0,16,0,0,2,5,3,5,5,1,2,21,17,0,0,0,0,0,0,0,0,7,1,1,0,0,0,0,4,2,1,2,KRBKRNvK,DRAW,8/8/4rk2/8/3R1K2/8/1B3n2/8 b - - 0 1
1,1,0,0,0,0,0,1,-1,1,0,1,1,1,0,0,0,0,0,16,0,0,4,6,0,2,1,5,3,26,25,0,0,0,0,0,0,0,0,7,1,1,1,0,0,0,0,0,0,0,KRBKRNvK,DRAW,8/R7/1r5n/8/7B/8/2k5/6K1 w - - 0 1
1,1,0,0,0,0,0,1,-1,1,0,1,1,1,0,0,0,0,0,16,0,0,5,2,6,7,3,3,3,28,21,0,0,0,0,0,0,0,0,7,1,1,0,0,0,0,2,0,0,0,KRBKRNvK,DRAW,3R4/B1K4n/8/8/7k/6r1/8/8 w - - 0 1
0,1,0,0,0,0,0,1,-1,1,0,1,1,1,0,0,0,0,0,16,0,0,4,7,2,3,1,4,2,5,0,1,0,0,0,0,0,0,0,7,1,1,0,0,0,0,1,2,0,0,KRBKRNvK,DRAW,1B6/8/8/8/8/3rn2K/3k3R/8 b - - 0 1
1,1,0,0,0,0,0,1,-1,1,0,1,1,1,0,0,0,0,0,16,0,0,2,2,2,1,0,2,5,25,18,0,0,0,0,0,0,0,0,7,1,1,0,0,0,0,3,2,0,1,KRBKRNvK,DRAW,4R3/n7/8/1r6/7B/2K5/8/1k6 w - - 0 1
0,1,0,0,0,0,0,1,-1,1,0,1,1,1,0,0,0,0,0,16,0,0,3,7,1,4,2,5,1,5,0,1,0,0,0,0,0,0,0,7,1,1,0,0,0,0,2,2,1,1,KRBKRNvK,DRAW,1n6/8/4R3/8/8/4k3/7K/3B1r2 b - - 0 1
0,1,0,0,0,0,0,1,-1,1,0,1,1,1,0,0,0,0,0,16,0,0,4,7,1,4,5,5,1,22,23,0,0,0,0,0,0,0,0,7,1,1,0,0,0,0,2,2,0,0,KRBKRNvK,DRAW,8/8/B3kr2/3n4/R7/8/7K/8 b - - 0 1
0,1,0,0,0,0,0,1,-1,1,0,1,1,1,0,0,0,0,0,16,0,0,6,6,5,0,3,3,3,25,25,0,0,0,0,0,0,0,0,7,1,1,0,0,0,0,3,1,0,0,KRBKRNvK,DRAW,1r6/8/3n2K1/8/k7/3R4/8/B7 b - - 0 1
0,1,0,0,0,0,0,1,-1,1,0,1,1,1,0,0,0,0,0,16,0,0,4,1,0,4,4,5,0,26,26,0,0,0,0,0,0,0,0,7,1,1,0,0,0,0,1,4,0,1,KRBKRNvK,DRAW,R7/8/1B6/4k3/6n1/2r5/8/1K6 b - - 0 1
1,1,0,0,0,0,0,1,-1,1,0,1,1,1,0,0,0,0,0,16,0,0,3,7,3,4,5,3,1,23,20,0,0,0,0,0,0,0,0,7,1,1,0,0,0,0,3,2,0,0,KRBKRNvK,DRAW,8/8/1n2k3/8/7K/1r6/8/B2R4 w - - 0 1
0,1,0,0,0,0,0,1,-1,1,0,1,1,1,0,0,0,0,0,16,0,0,6,1,1,7,4,4,3,23,24,0,0,0,0,0,0,0,0,7,1,1,1,0,0,0,1,1,0,0,KRBKRNvK,DRAW,6B1/1R6/8/5n1k/8/8/1K6/5r2 b - - 0 1
0,1,0,0,0,0,0,1,-1,1,0,1,1,1,0,0,0,0,0,16,0,0,5,3,0,1,5,3,3,8,0,1,0,0,0,0,0,0,0,7,1,1,0,0,0,0,3,0,0,2,KRBKRNvK,DRAW,8/8/1k6/8/8/2r5/8/2nKR1B1 b - - 0 1
0,1,0,0,0,0,0,1,-1,1,0,1,1,1,0,0,0,0,0,16,0,0,2,4,4,2,3,0,1,19,21,0,0,0,0,0,0,0,0,7,1,1,0,0,0,0,4,2,1,1,KRBKRNvK,WIN,7n/8/8/B3K2R/2k5/3r4/8/8 b - - 0 1
0,1,0,0,0,0,0,1,-1,1,0,1,1,1,0,0,0,0,0,16,0,0,6,7,0,1,4,6,2,23,24,0,0,0,0,0,0,0,0,7,1,1,0,0,0,0,2,1,0,0,KRBKRNvK,DRAW,r7/8/8/1k6/5R2/8/3n1B2/7K b - - 0 1
1,1,0,0,0,0,0,1,-1,1,0,1,1,1,0,0,0,0,0,16,0,0,2,2,4,0,6,1,5,24,19,0,0,0,0,0,0,0,0,7,1,1,0,1,0,0,2,0,0,0,KRBKRNvK,DRAW,8/k3B3/5R2/2K5/8/7n/r7/8 w - - 0 1
1,1,0,0,0,0,0,1,-1,1,0,1,1,1,0,0,0,0,0,16,0,0,4,2,4,1,0,1,5,7,0,1,0,0,0,0,0,0,0,7,1,1,0,0,0,0,3,0,0,1,KRBKRNvK,DRAW,7B/8/n7/2K5/8/5r2/5R2/1k6 w - - 0 1
0,1,0,0,0,0,0,1,-1,1,0,1,1,1,0,0,0,0,0,16,0,0,2,3,7,1,6,3,4,25,21,0,0,0,0,0,0,0,0,7,1,1,0,0,0,0,2,3,0,1,KRBKRNvK,DRAW,3K4/1kn5/8/8/1BR5/4r3/8/8 b - - 0 1
0,1,0,0,0,0,0,1,-1,1,0,1,1,1,0,0,0,0,0,16,0,0,4,7,2,3,1,4,2,13,27,0,0,0,0,0,0,0,0,7,1,1,0,0,0,0,3,0,0,0,KRBKRNvK,DRAW,8/6B1/4R3/8/8/7K/1n1k4/3r4 b - - 0 1
0,1,0,0,0,0,0,1,-1,1,0,1,1,1,0,0,0,0,0,16,0,0,3,0,2,3,0,4,3,4,0,1,0,0,0,0,0,0,0,7,1,1,0,0,0,0,3,0,0,1,KRBKRNvK,LOSS,5r2/8/3B4/n7/3R4/K7/8/3k4 b - - 0 1
1,1,0,0,0,0,0,1,-1,1,0,1,1,1,0,0,0,0,0,16,0,0,4,3,6,1,2,2,3,21,25,0,0,0,0,0,0,0,0,7,1,1,0,0,0,0,2,2,0,0,KRBKRNvK,DRAW,8/3K4/3R4/8/4r3/1k5B/8/1n6 w - - 0 1
0,1,0,0,0,0,0,1,-1,1,0,1,1,1,0,0,0,0,0,16,0,0,2,5,4,3,5,1,1,5,0,1,0,0,0,0,0,0,0,7,1,1,0,0,0,0,3,2,1,1,KRBKRNvK,DRAW,8/8/3k4/5K2/R3nB2/8/8/6r1 b - - 0 1
0,1,0,0,0,0,0,1,-1,1,0,1,1,1,0,0,0,0,0,16,0,0,2,0,1,2,1,5,3,23,23,0,0,0,0,0,0,0,0,7,1,1,0,0,0,0,1,2,0,0,KRBKRNvK,WIN,6R1/Bn6/8/8/7r/8/K1k5/8 b - - 0 1
0,1,0,0,0,0,0,1,-1,1,0,1,1,1,0,0,0,0,0,16,0,0,4,2,3,6,0,1,5,6,0,1,0,0,0,0,0,0,0,7,1,1,0,1,0,0,2,0,0,2,KRBKRNvK,DRAW,8/8/8/2Bn4/1RK5/8/r7/6k1 b - - 0 1
1,1,0,0,0,0,0,1,-1,1,0,1,1,1,0,0,0,0,0,16,0,0,4,1,1,5,5,4,2,23,27,0,0,0,0,0,0,0,0,7,1,1,0,0,0,0,2,1,0,0,KRBKRNvK,DRAW,8/5n2/5k2/8/8/7r/1K1R4/3B4 w - - 0 1
1,1,0,0,0,0,0,1,-1,1,0,1,1,1,0,0,0,0,0,16,0,0,3,3,4,0,4,0,3,7,0,1,0,0,0,0,0,0,0,7,1,1,0,1,0,0,3,1,0,1,KRBKRNvK,DRAW,8/8/1n6/k2K3B/6R1/8/r7/8 w - - 0 1
1,1,0,0,0,0,0,1,-1,1,0,1,1,1,0,0,0,0,0,16,0,0,3,2,5,5,7,2,4,7,0,1,0,0,0,0,0,0,0,7,1,1,0,0,0,0,2,0,0,0,KRBKRNvK,DRAW,5k2/8/2K2r2/8/8/1R4B1/7n/8 w - - 0 1
1,1,0,0,0,0,0,1,-1,1,0,1,1,1,0,0,0,0,0,16,0,0,2,4,0,6,1,3,4,23,21,0,0,0,0,0,0,0,0,7,1,1,1,0,0,0,2,0,0,0,KRBKRNvK,DRAW,1n5r/4R3/8/8/8/8/3B2k1/4K3 w - - 0 1
1,1,0,0,0,0,0,1,-1,1,0,1,1,1,0,0,0,0,0,16,0,0,4,2,6,1,2,3,3,23,19,0,0,0,0,0,0,0,0,7,1,1,0,0,0,0,0,2,1,0,KRBKRNvK,DRAW,8/2K5/8/8/8/1k2r3/7n/2R1B3 w - - 0 1
1,1,0,0,0,0,0,1,-1,1,0,1,1,1,0,0,0,0,0,16,0,0,2,6,0,6,2,5,3,1,0,1,0,0,0,0,0,0,0,7,1,1,0,0,0,0,2,2,1,0,KRBKRNvK,LOSS,4B3/8/2n5/8/8/6k1/4R3/2r3K1 w - - 0 1
1,1,0,0,0,0,0,1,-1,1,0,1,1,1,0,0,0,0,0,16,0,0,4,1,2,1,6,3,4,3,0,1,0,0,0,0,0,0,0,7,1,1,0,0,0,0,0,3,0,1,KRBKRNvK,DRAW,8/1k6/8/2n5/4r3/RK6/B7/8 w - - 0 1
0,1,0,0,0,0,0,1,-1,1,0,1,1,1,0,0,0,0,0,16,0,0,5,6,6,1,5,4,3,7,0,1,0,0,0,0,0,0,0,7,1,1,0,0,0,0,3,3,1,1,KRBKRNvK,DRAW,8/6K1/1k1R1n2/8/2r5/8/8/1B6 b - - 0 1
1,1,0,0,0,0,0,1,-1,1,0,1,1,1,0,0,0,0,0,16,0,0,5,0,5,5,1,4,3,23,22,0,0,0,0,0,0,0,0,7,1,1,0,0,0,0,3,0,1,0,KRBKRNvK,DRAW,7n/7r/K7/8/3R4/2B5/5k2/8 w - - 0 1
1,1,0,0,0,0,0,1,-1,1,0,1,1,1,0,0,0,0,0,16,0,0,4,4,5,5,1,1,3,6,0,1,0,0,0,0,0,0,0,7,1,1,0,0,0,0,2,2,0,0,KRBKRNvK,DRAW,8/8/4K3/8/2B5/4r3/5k2/1R5n w - - 0 1
1,1,0,0,0,0,0,1,-1,1,0,1,1,1,0,0,0,0,0,16,0,0,4,1,2,5,5,3,2,26,23,0,0,0,0,0,0,0,0,7,1,1,1,0,0,0,3,2,1,1,KRBKRNvK,DRAW,8/1B1R4/5k1n/2r5/8/1K6/8/8 w - - 0 1
0,1,0,0,0,0,0,1,-1,1,0,1,1,1,0,0,0,0,0,16,0,0,4,5,7,6,3,4,2,5,0,1,0,0,0,0,0,0,0,7,1,1,0,0,0,0,2,1,2,1,KRBKRNvK,DRAW,5K2/4n3/8/8/4R1kr/8/5B2/8 b - - 0 1
1,1,0,0,0,0,0,1,-1,1,0,1,1,1,0,0,0,0,0,16,0,0,5,0,4,5,0,3,4,23,9,0,0,0,0,0,0,0,0,7,1,1,0,0,0,0,3,0,1,0,KRBKRNvK,DRAW,3n4/8/8/K7/R7/6B1/8/5kr1 w - - 0 1
1,1,0,0,0,0,0,1,-1,1,0,1,1,1,0,0,0,0,0,16,0,0,6,4,7,1,1,3,4,27,24,0,0,0,0,0,0,0,0,7,1,1,0,0,0,0,3,0,0,0,KRBKRNvK,DRAW,4K3/1B6/4R3/8/8/r7/1k5n/8 w - - 0 1
1,1,0,0,0,0,0,1,-1,1,0,1,1,1,0,0,0,0,0,16,0,0,5,1,5,6,0,3,5,24,20,0,0,0,0,0,0,0,0,7,1,1,0,0,0,0,3,2,0,0,KRBKRNvK,DRAW,B7/4r3/1K1R4/8/8/8/n7/6k1 w - - 0 1
1,1,0,0,0,0,0,1,-1,1,0,1,1,1,0,0,0,0,0,16,0,0,3,1,0,4,0,5,3,5,0,1,0,0,0,0,0,0,0,7,1,1,0,0,0,0,3,1,0,1,KRBKRNvK,DRAW,5r2/5B2/8/8/7R/8/3n4/1K2k3 w - - 0 1
1,1,0,0,0,0,0,1,-1,1,0,1,1,1,0,0,0,0,0,16,0,0,6,3,1,1,7,2,5,30,16,0,0,0,0,0,0,0,0,7,1,1,0,0,0,0,2,2,0,0,KRBKRNvK,DRAW,1k5n/8/4r3/8/2R5/4B3/3K4/8 w - - 0 1
0,1,0,0,0,0,0,1,-1,1,0,1,1,1,0,0,0,0,0,16,0,0,5,2,1,7,6,3,5,21,23,0,0,0,0,0,0,0,0,7,1,1,0,0,0,0,2,2,0,0,KRBKRNvK,DRAW,8/7k/B6n/5r2/2R5/8/2K5/8 b - - 0 1
1,1,0,0,0,0,0,1,-1,1,0,1,1,1,0,0,0,0,0,16,0,0,6,7,7,2,1,6,3,25,22,0,0,0,0,0,0,0,0,7,1,1,0,0,0,0,2,1,2,0,KRBKRNvK,DRAW,7K/8/8/8/1nB5/3R4/2k5/5r2 w - - 0 1
0,1,0,0,0,0,0,1,-1,1,0,1,1,1,0,0,0,0,0,16,0,0,4,6,4,2,5,2,2,7,0,1,0,0,0,0,0,0,0,7,1,1,0,0,0,0,2,3,1,1,KRBKRNvK,DRAW,8/8/2k1R3/6K1/8/3r2n1/7B/8 b - - 0 1
1,1,0,0,0,0,0,1,-1,1,0,1,1,1,0,0,0,0,0,16,0,0,4,7,4,6,0,3,5,28,19,0,0,0,0,0,0,0,0,7,1,1,0,0,0,0,3,2,0,0,KRBKRNvK,WIN,8/8/8/1R2B2K/n7/4r3/8/6k1 w - - 0 1
1,1,0,0,0,0,0,1,-1,1,0,1,1,1,0,0,0,0,0,16,0,0,3,7,4,4,2,3,1,26,17,0,0,0,0,0,0,0,0,7,1,1,0,0,0,0,2,2,1,0,KRBKRNvK,DRAW,5B2/8/8/n6K/3R4/1r2k3/8/8 w - - 0 1
0,1,0,0,0,0,0,1,-1,1,0,1,1,1,0,0,0,0,0,16,0,0,2,7,4,7,6,3,5,3,0,1,0,0,0,0,0,0,0,7,1,1,1,1,0,0,0,2,1,0,KRBKRNvK,DRAW,8/1R5k/8/6BK/n7/8/4r3/8 b - - 0 1
1,1,0,0,0,0,0,1,-1,1,0,1,1,1,0,0,0,0,0,16,0,0,2,3,2,3,0,1,3,25,8,0,0,0,0,0,0,0,0,7,1,1,0,0,0,0,3,0,1,1,KRBKRNvK,WIN,2n5/8/5R2/8/8/3K4/1B6/1r1k4 w - - 0 1
0,1,0,0,0,0,0,1,-1,1,0,1,1,1,0,0,0,0,0,16,0,0,3,4,4,1,7,0,5,17,31,0,0,0,0,0,0,0,0,7,1,1,0,0,0,0,3,0,1,0,KRBKRNvK,DRAW,1kr5/8/R7/4K3/1B6/8/7n/8 b - - 0 1
1,1,0,0,0,0,0,1,-1,1,0,1,1,1,0,0,0,0,0,16,0,0,3,5,3,2,2,1,2,27,23,0,0,0,0,0,0,0,0,7,1,1,0,0,0,0,2,2,0,1,KRBKRNvK,DRAW,3n4/8/3r4/5B2/5K2/2k5/8/5R2 w - - 0 1
1,1,0,0,0,0,0,1,-1,1,0,1,1,1,0,0,0,0,0,16,0,0,5,1,3,6,7,2,5,31,18,0,0,0,0,0,0,0,0,7,1,1,0,1,0,0,2,1,0,0,KRBKRNvK,DRAW,6k1/5n2/8/8/1K6/7R/1B3r2/8 w - - 0 1
1,1,0,0,0,0,0,1,-1,1,0,1,1,1,0,0,0,0,0,16,0,0,3,4,0,2,3,3,1,3,0,1,0,0,0,0,0,0,0,7,1,1,0,0,0,0,2,3,0,1,KRBKRNvK,LOSS,3R4/8/8/8/2kr4/8/2n5/2B1K3 w - - 0 1
0,1,0,0,0,0,0,1,-1,1,0,1,1,1,0,0,0,0,0,16,0,0,4,6,3,2,4,2,1,3,0,1,0,0,0,0,0,0,0,7,1,1,0,0,0,0,0,3,1,0,KRBKRNvK,DRAW,1R6/8/8/2k5/1Bn3K1/8/8/5r2 b - - 0 1
0,1,0,0,0,0,0,1,-1,1,0,1,1,1,0,0,0,0,0,16,0,0,3,4,3,5,6,0,3,23,31,0,0,0,0,0,0,0,0,7,1,1,0,1,0,0,3,0,0,1,KRBKRNvK,DRAW,2R5/1n3k2/8/1B6/4K3/8/6r1/8 b - - 0 1
0,1,0,0,0,0,0,1,-1,1,0,1,1,1,0,0,0,0,0,16,0,0,5,1,6,3,1,4,2,7,0,1,0,0,0,0,0,0,0,7,1,1,0,0,0,0,2,0,0,0,KRBKRNvK,DRAW,3B4/1K6/8/3R4/n7/r7/3k4/8 b - - 0 1
1,1,0,0,0,0,0,1,-1,1,0,1,1,1,0,0,0,0,0,16,0,0,3,4,6,1,5,2,3,26,25,0,0,0,0,0,0,0,0,7,1,1,0,0,0,0,3,1,0,0,KRBKRNvK,DRAW,8/4K3/1k6/1n6/8/8/4R1B1/2r5 w - - 0 1
1,1,0,0,0,0,0,1,-1,1,0,1,1,1,0,0,0,0,0,16,0,0,3,4,4,7,1,0,5,30,17,0,0,0,0,0,0,0,0,7,1,1,0,0,0,0,3,2,0,1,KRBKRNvK,DRAW,8/8/8/4K2n/2r1B3/8/7k/1R6 w - - 0 1
1,1,0,0,0,0,0,1,-1,1,0,1,1,1,0,0,0,0,0,16,0,0,2,7,3,6,5,3,3,24,22,0,0,0,0,0,0,0,0,7,1,1,1,0,0,0,2,3,1,0,KRBKRNvK,DRAW,3r4/4R3/6k1/8/1B5K/3n4/8/8 w - - 0 1
0,1,0,0,0,0,0,1,-1,1,0,1,1,1,0,0,0,0,0,16,0,0,4,2,6,6,5,3,3,21,20,0,0,0,0,0,0,0,0,7,1,1,0,0,0,0,0,0,1,1,KRBKRNvK,DRAW,1nB2R2/2K5/6k1/8/8/8/8/1r6 b - - 0 1
0,1,0,0,0,0,0,1,-1,1,0,1,1,1,0,0,0,0,0,16,0,0,3,3,6,0,5,2,4,21,25,0,0,0,0,0,0,0,0,7,1,1,0,0,0,0,3,0,0,1,KRBKRNvK,DRAW,8/3K4/k4r2/8/8/8/B7/4R1n1 b - - 0 1
0,1,0,0,0,0,0,1,-1,1,0,1,1,1,0,0,0,0,0,16,0,0,3,1,3,0,6,2,5,4,0,1,0,0,0,0,0,0,0,7,1,1,0,0,0,0,1,2,0,1,KRBKRNvK,LOSS,8/k7/8/2r5/1KB5/R7/8/2n5 b - - 0 1
0,1,0,0,0,0,0,1,-1,1,0,1,1,1,0,0,0,0,0,16,0,0,4,4,2,6,6,1,4,25,24,0,0,0,0,0,0,0,0,7,1,1,0,0,0,0,2,0,0,0,KRBKRNvK,DRAW,5r2/1n4k1/B7/8/8/4K3/8/1R6 b - - 0 1
0,1,0,0,0,0,0,1,-1,1,0,1,1,1,0,0,0,0,0,16,0,0,5,6,1,1,0,4,5,20,26,0,0,0,0,0,0,0,0,7,1,1,0,0,0,0,2,1,1,0,KRBKRNvK,DRAW,8/8/6r1/6n1/8/3R4/6K1/1k4B1 b - - 0 1
0,1,0,0,0,0,0,1,-1,1,0,1,1,1,0,0,0,0,0,16,0,0,4,2,1,6,0,3,5,3,0,1,0,0,0,0,0,0,0,7,1,1,1,0,0,0,1,3,0,0,KRBKRNvK,DRAW,3r4/6R1/8/8/3B4/5n2/2K5/6k1 b - - 0 1
0,1,0,0,0,0,0,1,-1,1,0,1,1,1,0,0,0,0,0,16,0,0,4,3,5,6,1,1,4,23,28,0,0,0,0,0,0,0,0,7,1,1,1,1,0,0,2,2,0,0,KRBKRNvK,DRAW,8/R7/3K4/8/7n/1B6/4r1k1/8 b - - 0 1
1,1,0,0,0,0,0,1,-1,1,0,1,1,1,0,0,0,0,0,16,0,0,5,7,2,2,1,4,3,26,22,0,0,0,0,0,0,0,0,7,1,1,0,1,0,0,2,2,0,0,KRBKRNvK,DRAW,8/1B6/6R1/8/8/7K/2k1r3/3n4 w - - 0 1
0,1,0,0,0,0,0,1,-1,1,0,1,1,1,0,0,0,0,0,16,0,0,4,6,1,6,5,4,3,6,0,1,0,0,0,0,0,0,0,7,1,1,0,0,0,0,0,2,0,0,KRBKRNvK,LOSS,8/3r4/R5k1/8/8/7B/n5K1/8 b - - 0 1
1,1,0,0,0,0,0,1,-1,1,0,1,1,1,0,0,0,0,0,16,0,0,2,6,1,5,3,4,1,27,18,0,0,0,0,0,0,0,0,7,1,1,0,0,0,0,3,3,0,0,KRBKRNvK,DRAW,4R3/B7/2n2r2/8/5k2/8/6K1/8 w - - 0 1
1,1,0,0,0,0,0,1,-1,1,0,1,1,1,0,0,0,0,0,16,0,0,4,0,2,4,2,4,1,27,18,0,0,0,0,0,0,0,0,7,1,1,0,0,0,0,2,2,1,0,KRBKRNvK,DRAW,8/2B5/8/6R1/8/K3kr2/8/3n4 w - - 0 1
0,1,0,0,0,0,0,1,-1,1,0,1,1,1,0,0,0,0,0,16,0,0,2,4,5,6,5,1,3,17,27,0,0,0,0,0,0,0,0,7,1,1,0,0,0,0,2,0,0,0,KRBKRNvK,DRAW,1R6/8/4K1k1/8/2B4n/7r/8/8 b - - 0 1
0,1,0,0,0,0,0,1,-1,1,0,1,1,1,0,0,0,0,0,16,0,0,7,2,0,3,7,4,3,22,21,0,0,0,0,0,0,0,0,7,1,1,1,0,0,0,1,0,1,2,KRBKRNvK,DRAW,3k4/5B1R/8/8/8/r7/8/2Kn4 b - - 0 1
1,1,0,0,0,0,0,1,-1,1,0,1,1,1,0,0,0,0,0,16,0,0,4,2,3,6,6,1,4,25,23,0,0,0,0,0,0,0,0,7,1,1,0,0,0,0,2,0,0,0,KRBKRNvK,DRAW,4n3/6k1/1B6/8/2K5/6r1/1R6/8 w - - 0 1
0,1,0,0,0,0,0,1,-1,1,0,1,1,1,0,0,0,0,0,16,0,0,4,7,5,5,1,4,3,4,0,1,0,0,0,0,0,0,0,7,1,1,0,1,0,0,0,2,0,0,KRBKRNvK,DRAW,8/8/5R1K/6B1/8/8/4rk2/3n4 b - - 0 1
1,1,0,0,0,0,0,1,-1,1,0,1,1,1,0,0,0,0,0,16,0,0,3,4,3,7,6,0,5,23,23,0,0,0,0,0,0,0,0,7,1,1,0,0,0,0,4,0,0,0,KRBKRNvK,DRAW,8/7k/2B5/8/4K3/r7/1n6/2R5 w - - 0 1
1,1,0,0,0,0,0,1,-1,1,0,1,1,1,0,0,0,0,0,16,0,0,5,0,0,3,5,6,1,25,25,0,0,0,0,0,0,0,0,7,1,1,0,0,0,0,2,3,0,0,KRBKRNvK,DRAW,4r3/6B1/3k4/n7/8/7R/8/K7 w - - 0 1
0,1,0,0,0,0,0,1,-1,1,0,1,1,1,0,0,0,0,0,16,0,0,3,1,3,2,0,2,4,27,23,0,0,0,0,0,0,0,0,7,1,1,0,0,0,0,1,3,0,2,KRBKRNvK,DRAW,6B1/8/7R/8/1Kn5/3r4/8/2k5 b - - 0 1
0,1,0,0,0,0,0,1,-1,1,0,1,1,1,0,0,0,0,0,16,0,0,5,5,0,5,5,4,2,4,0,1,0,0,0,0,0,0,0,7,1,1,0,0,0,0,2,2,2,1,KRBKRNvK,DRAW,5B2/5r2/5k2/8/5R2/5n2/8/5K2 b - - 0 1
0,1,0,0,0,0,0,1,-1,1,0,1,1,1,0,0,0,0,0,16,0,0,4,7,3,6,7,3,5,4,0,1,0,0,0,0,0,0,0,7,1,1,0,1,0,0,2,0,0,0,KRBKRNvK,DRAW,B5k1/1n6/8/6R1/7K/8/1r6/8 b - - 0 1
0,1,0,0,0,0,0,1,-1,1,0,1,1,1,0,0,0,0,0,16,0,0,5,4,2,0,7,1,6,25,25,0,0,0,0,0,0,0,0,7,1,1,0,0,0,0,2,2,0,2,KRBKRNvK,DRAW,k7/8/7R/B7/4n3/4K3/8/3r4 b - - 0 1
0,1,0,0,0,0,0,1,-1,1,0,1,1,1,0,0,0,0,0,16,0,0,3,1,2,0,5,3,4,26,24,0,0,0,0,0,0,0,0,7,1,1,0,0,0,0,1,3,0,1,KRBKRNvK,DRAW,6B1/8/k2r4/8/8/1Kn5/8/6R1 b - - 0 1
0,1,0,0,0,0,0,1,-1,1,0,1,1,1,0,0,0,0,0,16,0,0,5,1,3,6,0,2,5,23,23,0,0,0,0,0,0,0,0,7,1,1,0,0,0,0,0,2,0,1,KRBKRNvK,DRAW,1R6/8/8/2r5/1K4Bn/8/8/6k1 b - - 0 1
0,1,0,0,0,0,0,1,-1,1,0,1,1,1,0,0,0,0,0,16,0,0,2,3,4,2,6,0,3,5,0,1,0,0,0,0,0,0,0,7,1,1,0,0,0,0,3,0,0,0,KRBKRNvK,DRAW,6r1/2k5/8/3K4/5B2/5R2/8/6n1 b - - 0 1
1,1,0,0,0,0,0,1,-1,1,0,1,1,1,0,0,0,0,0,16,0,0,4,0,0,4,1,6,2,26,19,0,0,0,0,0,0,0,0,7,1,1,1,0,0,0,2,2,1,0,KRBKRNvK,DRAW,2n1r3/7R/8/8/8/8/4k1B1/K7 w - - 0 1
0,1,0,0,0,0,0,1,-1,1,0,1,1,1,0,0,0,0,0,16,0,0,5,6,1,1,5,4,3,22,29,0,0,0,0,0,0,0,0,7,1,1,0,0,0,0,2,0,0,0,KRBKRNvK,DRAW,8/8/1kr5/8/n4R2/8/6K1/3B4 b - - 0 1
0,1,0,0,0,0,0,1,-1,1,0,1,1,1,0,0,0,0,0,16,0,0,4,4,6,5,2,2,2,3,0,1,0,0,0,0,0,0,0,7,1,1,0,0,0,0,1,2,1,0,KRBKRNvK,DRAW,8/4K3/8/2B5/7r/5k2/5R2/5n2 b - - 0 1
0,1,0,0,0,0,0,1,-1,1,0,1,1,1,0,0,0,0,0,16,0,0,4,5,3,1,2,1,3,8,0,1,0,0,0,0,0,0,0,7,1,1,0,0,0,0,3,0,0,0,KRBKRNvK,DRAW,2r5/8/8/8/5K2/1k2R3/6B1/4n3 b - - 0 1
0,1,0,0,0,0,0,1,-1,1,0,1,1,1,0,0,0,0,0,16,0,0,5,0,2,2,7,4,4,3,0,1,0,0,0,0,0,0,0,7,1,1,0,0,0,0,0,0,1,1,KRBKRNvK,DRAW,R1k5/5r2/8/8/8/K7/n3B3/8 b - - 0 1
0,1,0,0,0,0,0,1,-1,1,0,1,1,1,0,0,0,0,0,16,0,0,2,4,0,5,2,3,2,7,0,1,0,0,0,0,0,0,0,7,1,1,0,1,0,0,2,1,2,0,KRBKRNvK,DRAW,8/8/8/7R/3n4/5k2/7r/3BK3 b - - 0 1
1,1,0,0,0,0,0,1,-1,1,0,1,1,1,0,0,0,0,0,16,0,0,5,4,7,0,2,3,4,4,0,1,0,0,0,0,0,0,0,7,1,1,0,0,0,0,3,2,0,2,KRBKRNvK,DRAW,4K1n1/8/4r3/8/3B2R1/k7/8/8 w - - 0 1
0,1,0,0,0,0,0,1,-1,1,0,1,1,1,0,0,0,0,0,16,0,0,3,2,1,1,4,3,2,24,31,0,0,0,0,0,0,0,0,7,1,1,1,0,0,0,1,1,1,0,KRBKRNvK,DRAW,5r2/6R1/3B4/1k6/8/8/2K2n2/8 b - - 0 1
1,1,0,0,0,0,0,1,-1,1,0,1,1,1,0,0,0,0,0,16,0,0,2,4,5,2,3,1,1,5,0,1,0,0,0,0,0,0,0,7,1,1,0,0,0,0,3,2,1,1,KRBKRNvK,DRAW,4r3/8/4K3/8/1nk5/8/1B6/6R1 w - - 0 1
0,1,0,0,0,0,0,1,-1,1,0,1,1,1,0,0,0,0,0,16,0,0,2,7,3,5,1,3,3,4,0,1,0,0,0,0,0,0,0,7,1,1,0,0,0,0,1,0,2,0,KRBKRNvK,DRAW,7n/8/2r5/8/7K/6B1/5k1R/8 b - - 0 1
0,1,0,0,0,0,0,1,-1,1,0,1,1,1,0,0,0,0,0,16,0,0,6,7,5,1,4,4,2,22,22,0,0,0,0,0,0,0,0,7,1,1,0,0,0,0,1,0,0,0,KRBKRNvK,DRAW,R7/2r5/7K/nk6/8/8/5B2/8 b - - 0 1
1,1,0,0,0,0,0,1,-1,1,0,1,1,1,0,0,0,0,0,16,0,0,2,0,5,1,7,4,5,22,17,0,0,0,0,0,0,0,0,7,1,1,0,0,0,0,2,3,0,1,KRBKRNvK,DRAW,1k6/8/K7/8/1r4n1/8/2R3B1/8 w - - 0 1
1,1,0,0,0,0,0,1,-1,1,0,1,1,1,0,0,0,0,0,16,0,0,2,5,5,6,7,2,5,4,0,1,0,0,0,0,0,0,0,7,1,1,0,0,0,0,2,0,0,1,KRBKRNvK,DRAW,6k1/8/5K2/7R/4n3/8/4B3/5r2 w - - 0 1
1,1,0,0,0,0,0,1,-1,1,0,1,1,1,0,0,0,0,0,16,0,0,2,2,0,4,1,4,2,24,23,0,0,0,0,0,0,0,0,7,1,1,1,0,0,0,0,3,1,0,KRBKRNvK,DRAW,8/2R5/6n1/8/3r4/8/3Bk3/2K5 w - - 0 1
1,1,0,0,0,0,0,1,-1,1,0,1,1,1,0,0,0,0,0,16,0,0,2,5,0,7,2,4,4,23,19,0,0,0,0,0,0,0,0,7,1,1,0,0,0,0,3,1,1,0,KRBKRNvK,DRAW,8/8/8/8/r1n5/7k/4R3/5KB1 w - - 0 1
1,1,0,0,0,0,0,1,-1,1,0,1,1,1,0,0,0,0,0,16,0,0,3,2,7,5,6,4,3,3,0,1,0,0,0,0,0,0,0,7,1,1,0,0,0,0,0,1,1,0,KRBKRNvK,DRAW,2K2r2/5k2/6n1/7B/8/6R1/8/8 w - - 0 1
1,1,0,0,0,0,0,1,-1,1,0,1,1,1,0,0,0,0,0,16,0,0,2,3,2,1,0,1,5,28,19,0,0,0,0,0,0,0,0,7,1,1,1,0,0,0,4,0,0,0,KRBKRNvK,DRAW,6B1/4R3/8/7n/8/3K4/8/1k4r1 w - - 0 1
0,1,0,0,0,0,0,1,-1,1,0,1,1,1,0,0,0,0,0,16,0,0,4,2,7,4,3,4,0,27,30,0,0,0,0,0,0,0,0,7,1,1,0,0,0,0,2,3,1,0,KRBKRNvK,DRAW,2K5/8/8/6r1/4k3/2Bn4/7R/8 b - - 0 1
1,1,0,0,0,0,0,1,-1,1,0,1,1,1,0,0,0,0,0,16,0,0,3,3,6,6,4,2,2,16,19,0,0,0,0,0,0,0,0,7,1,1,0,0,0,0,0,2,0,0,KRBKRNvK,DRAW,4BR2/3K4/8/6k1/2r5/8/8/7n w - - 0 1
0,1,0,0,0,0,0,1,-1,1,0,1,1,1,0,0,0,0,0,16,0,0,4,3,2,0,6,1,5,20,28,0,0,0,0,0,0,0,0,7,1,1,0,0,0,0,3,0,0,1,KRBKRNvK,DRAW,1n1B4/k7/8/8/4R3/3K4/8/5r2 b - - 0 1
1,1,0,0,0,0,0,1,-1,1,0,1,1,1,0,0,0,0,0,16,0,0,2,1,6,3,7,4,3,27,23,0,0,0,0,0,0,0,0,7,1,1,0,0,0,0,2,1,1,0,KRBKRNvK,DRAW,3k4/1K6/4R3/8/5n2/6r1/8/5B2 w - - 0 1
1,1,0,0,0,0,0,1,-1,1,0,1,1,1,0,0,0,0,0,16,0,0,4,5,5,4,1,2,2,6,0,1,0,0,0,0,0,0,0,7,1,1,0,0,0,0,4,0,0,1,KRBKRNvK,DRAW,8/8/5K1r/8/R7/n7/B3k3/8 w - - 0 1
0,1,0,0,0,0,0,1,-1,1,0,1,1,1,0,0,0,0,0,16,0,0,6,4,0,4,6,3,2,23,19,0,0,0,0,0,0,0,0,7,1,1,0,0,0,0,1,2,0,0,KRBKRNvK,DRAW,7R/1n2k2B/8/6r1/8/8/8/4K3 b - - 0 1
1,1,0,0,0,0,0,1,-1,1,0,1,1,1,0,0,0,0,0,16,0,0,3,5,3,4,0,1,3,7,0,1,0,0,0,0,0,0,0,7,1,1,0,1,0,0,3,0,0,1,KRBKRNvK,DRAW,5R2/8/8/8/5K2/1B6/2r3n1/4k3 w - - 0 1
0,1,0,0,0,0,0,1,-1,1,0,1,1,1,0,0,0,0,0,16,0,0,7,5,0,7,7,4,6,22,26,0,0,0,0,0,0,0,0,7,1,1,0,0,0,0,3,2,0,0,KRBKRNvK,DRAW,1B5k/8/8/1n6/7r/3R4/8/5K2 b - - 0 1
0,1,0,0,0,0,0,1,-1,1,0,1,1,1,0,0,0,0,0,16,0,0,7,2,7,2,0,4,4,21,23,0,0,0,0,0,0,0,0,7,1,1,0,0,0,0,1,2,1,0,KRBKRNvK,DRAW,2K5/5B2/8/3r4/8/1n6/R7/2k5 b - - 0 1
0,1,0,0,0,0,0,1,-1,1,0,1,1,1,0,0,0,0,0,16,0,0,6,7,7,1,2,6,3,25,24,0,0,0,0,0,0,0,0,7,1,1,0,0,0,0,1,2,0,0,KRBKRNvK,DRAW,7K/1n6/7R/2r5/8/1k2B3/8/8 b - - 0 1
1,1,0,0,0,0,0,1,-1,1,0,1,1,1,0,0,0,0,0,16,0,0,5,2,2,5,7,2,4,28,23,0,0,0,0,0,0,0,0,7,1,1,0,0,0,0,2,2,0,1,KRBKRNvK,DRAW,5k2/8/B6n/4r3/8/2K5/3R4/8 w - - 0 1
1,1,0,0,0,0,0,1,-1,1,0,1,1,1,0,0,0,0,0,16,0,0,2,0,1,0,3,5,3,28,14,0,0,0,0,0,0,0,0,7,1,1,0,0,0,0,3,0,0,0,KRBKRNvK,DRAW,8/6n1/8/8/k4Br1/3R4/K7/8 w - - 0 1
1,1,0,0,0,0,0,1,-1,1,0,1,1,1,0,0,0,0,0,16,0,0,3,7,1,4,2,5,1,25,27,0,0,0,0,0,0,0,0,7,1,1,1,0,0,0,2,2,0,1,KRBKRNvK,DRAW,8/6R1/8/4n3/5r2/4k3/7K/7B w - - 0 1
1,1,0,0,0,0,0,1,-1,1,0,1,1,1,0,0,0,0,0,16,0,0,3,6,5,7,2,3,4,23,26,0,0,0,0,0,0,0,0,7,1,1,0,0,0,0,1,2,0,0,KRBKRNvK,DRAW,8/5B2/5RK1/2n5/8/4r2k/8/8 w - - 0 1
0,1,0,0,0,0,0,1,-1,1,0,1,1,1,0,0,0,0,0,16,0,0,6,5,6,0,0,3,6,13,22,0,0,0,0,0,0,0,0,7,1,1,0,0,0,0,0,0,0,0,KRBKRNvK,DRAW,4B3/rn3K2/5R2/8/8/8/8/k7 b - - 0 1
0,1,0,0,0,0,0,1,-1,1,0,1,1,1,0,0,0,0,0,16,0,0,3,3,4,5,1,0,3,17,20,0,0,0,0,0,0,0,0,7,1,1,0,1,0,0,4,0,0,0,KRBKRNvK,DRAW,8/1B6/8/3KR3/8/8/1n3k1r/8 b - - 0 1
1,1,0,0,0,0,0,1,-1,1,0,1,1,1,0,0,0,0,0,16,0,0,3,5,3,3,0,1,3,25,18,0,0,0,0,0,0,0,0,7,1,1,0,0,0,0,2,2,1,1,KRBKRNvK,DRAW,4n3/8/3r3B/8/5K2/8/2R5/3k4 w - - 0 1
0,1,0,0,0,0,0,1,-1,1,0,1,1,1,0,0,0,0,0,16,0,0,5,5,5,6,0,2,5,23,28,0,0,0,0,0,0,0,0,7,1,1,0,0,0,0,2,1,0,0,KRBKRNvK,DRAW,4B3/8/5K2/8/4R3/2r5/2n5/6k1 b - - 0 1
0,1,0,0,0,0,0,1,-1,1,0,1,1,1,0,0,0,0,0,16,0,0,3,3,3,5,6,0,3,7,0,1,0,0,0,0,0,0,0,7,1,1,0,0,0,0,4,0,0,0,KRBKRNvK,DRAW,8/2r2k1n/8/8/3K1R2/8/8/5B2 b - - 0 1
0,1,0,0,0,0,0,1,-1,1,0,1,1,1,0,0,0,0,0,16,0,0,3,3,1,4,4,2,0,17,26,0,0,0,0,0,0,0,0,7,1,1,0,0,0,0,0,4,0,0,KRBKRNvK,DRAW,7R/4r1n1/8/4k3/8/7B/3K4/8 b - - 0 1
0,1,0,0,0,0,0,1,-1,1,0,1,1,1,0,0,0,0,0,16,0,0,5,0,5,5,7,4,4,18,18,0,0,0,0,0,0,0,0,7,1,1,0,0,0,0,2,0,1,1,KRBKRNvK,DRAW,5k1B/1n4r1/K7/8/4R3/8/8/8 b - - 0 1
1,1,0,0,0,0,0,1,-1,1,0,1,1,1,0,0,0,0,0,16,0,0,3,5,4,5,7,1,4,31,24,0,0,0,0,0,0,0,0,7,1,1,0,0,0,0,2,1,0,1,KRBKRNvK,DRAW,5k2/8/7r/5K2/2nB4/8/4R3/8 w - - 0 1
0,1,0,0,0,0,0,1,-1,1,0,1,1,1,0,0,0,0,0,16,0,0,3,5,3,2,5,1,2,28,24,0,0,0,0,0,0,0,0,7,1,1,0,0,0,0,3,2,1,1,KRBKRNvK,DRAW,8/r7/2k5/5n2/2B2KR1/8/8/8 b - - 0 1
1,1,0,0,0,0,0,1,-1,1,0,1,1,1,0,0,0,0,0,16,0,0,2,1,2,2,0,3,4,24,18,0,0,0,0,0,0,0,0,7,1,1,0,0,0,0,2,0,0,0,KRBKRNvK,DRAW,8/n1r5/4B3/5R2/8/1K6/8/2k5 w - - 0 1
0,1,0,0,0,0,0,1,-1,1,0,1,1,1,0,0,0,0,0,16,0,0,2,0,4,1,2,3,3,4,0,1,0,0,0,0,0,0,0,7,1,1,1,1,0,0,3,3,0,0,KRBKRNvK,LOSS,8/4RB2/8/K7/8/1k6/2n1r3/8 b - - 0 1
0,1,0,0,0,0,0,1,-1,1,0,1,1,1,0,0,0,0,0,16,0,0,2,0,6,2,7,5,4,25,20,0,0,0,0,0,0,0,0,7,1,1,0,0,0,0,2,3,0,0,KRBKRNvK,DRAW,2k5/K7/4r3/1R3n2/8/B7/8/8 b - - 0 1
1,1,0,0,0,0,0,1,-1,1,0,1,1,1,0,0,0,0,0,16,0,0,6,0,0,5,6,6,3,19,23,0,0,0,0,0,0,0,0,7,1,1,0,0,0,0,0,0,0,1,KRBKRNvK,DRAW,8/5kn1/8/8/7B/2r5/7R/K7 w - - 0 1
0,1,0,0,0,0,0,1,-1,1,0,1,1,1,0,0,0,0,0,16,0,0,2,5,2,4,4,2,0,3,0,1,0,0,0,0,0,0,0,7,1,1,0,0,0,0,3,3,1,2,KRBKRNvK,LOSS,8/8/8/1R2k3/8/5KB1/4n3/4r3 b - - 0 1
1,1,0,0,0,0,0,1,-1,1,0,1,1,1,0,0,0,0,0,16,0,0,5,0,2,5,6,4,3,19,22,0,0,0,0,0,0,0,0,7,1,1,0,0,0,0,2,2,0,0,KRBKRNvK,DRAW,8/5k1n/8/6r1/8/K7/1B6/1R6 w - - 0 1
0,1,0,0,0,0,0,1,-1,1,0,1,1,1,0,0,0,0,0,16,0,0,4,5,2,1,2,2,3,24,25,0,0,0,0,0,0,0,0,7,1,1,0,0,0,0,3,3,1,1,KRBKRNvK,DRAW,8/2B5/3n4/R7/8/1k3K2/8/3r4 b - - 0 1
0,1,0,0,0,0,0,1,-1,1,0,1,1,1,0,0,0,0,0,16,0,0,5,2,5,7,7,2,6,25,24,0,0,0,0,0,0,0,0,7,1,1,0,1,0,0,1,0,0,1,KRBKRNvK,DRAW,7k/8/2K5/7B/4n3/R7/1r6/8 b - - 0 1
0,1,0,0,0,0,0,1,-1,1,0,1,1,1,0,0,0,0,0,16,0,0,6,4,0,5,6,3,3,28,18,0,0,0,0,0,0,0,0,7,1,1,0,0,0,0,0,2,0,0,KRBKRNvK,DRAW,3r4/5k2/8/1n6/8/8/8/2R1KB2 b - - 0 1
1,1,0,0,0,0,0,1,-1,1,0,1,1,1,0,0,0,0,0,16,0,0,5,1,1,6,2,4,3,23,25,0,0,0,0,0,0,0,0,7,1,1,0,0,0,0,0,3,0,1,KRBKRNvK,DRAW,R7/8/8/8/8/3r1nk1/1K6/2B5 w - - 0 1
0,1,0,0,0,0,0,1,-1,1,0,1,1,1,0,0,0,0,0,16,0,0,4,1,5,5,4,3,1,6,0,1,0,0,0,0,0,0,0,7,1,1,0,0,0,0,0,3,1,1,KRBKRNvK,DRAW,8/8/1K6/3r1k2/8/B4R2/5n2/8 b - - 0 1
0,1,0,0,0,0,0,1,-1,1,0,1,1,1,0,0,0,0,0,16,0,0,3,2,1,3,4,3,0,3,0,1,0,0,0,0,0,0,0,7,1,1,0,0,0,0,3,3,1,1,KRBKRNvK,DRAW,8/8/8/3kn3/3R4/r7/2K5/B7 b - - 0 1
0,1,0,0,0,0,0,1,-1,1,0,1,1,1,0,0,0,0,0,16,0,0,6,6,1,0,4,4,3,24,27,0,0,0,0,0,0,0,0,7,1,1,0,0,0,0,0,0,0,0,KRBKRNvK,DRAW,1R6/4B3/7r/k7/3n4/8/6K1/8 b - - 0 1
1,1,0,0,0,0,0,1,-1,1,0,1,1,1,0,0,0,0,0,16,0,0,6,0,7,2,1,6,3,2,0,1,0,0,0,0,0,0,0,7,1,1,0,0,0,0,3,2,1,0,KRBKRNvK,DRAW,K7/8/8/r7/2nR1B2/8/2k5/8 w - - 0 1
0,1,0,0,0,0,0,1,-1,1,0,1,1,1,0,0,0,0,0,16,0,0,4,6,6,2,4,4,1,4,0,1,0,0,0,0,0,0,0,7,1,1,0,0,0,0,2,3,1,0,KRBKRNvK,DRAW,1n6/6K1/8/B1k3R1/7r/8/8/8 b - - 0 1
0,1,0,0,0,0,0,1,-1,1,0,1,1,1,0,0,0,0,0,16,0,0,4,2,1,2,5,3,2,24,24,0,0,0,0,0,0,0,0,7,1,1,0,0,0,0,2,2,1,0,KRBKRNvK,DRAW,8/1r6/2k5/R7/6n1/8/B1K5/8 b - - 0 1
0,1,0,0,0,0,0,1,-1,1,0,1,1,1,0,0,0,0,0,16,0,0,3,1,1,4,1,4,2,4,0,1,0,0,0,0,0,0,0,7,1,1,0,0,0,0,2,2,1,1,KRBKRNvK,DRAW,8/8/3R4/5r2/1n6/8/1K2k3/3B4 b - - 0 1
1,1,0,0,0,0,0,1,-1,1,0,1,1,1,0,0,0,0,0,16,0,0,4,6,2,2,1,3,3,24,20,0,0,0,0,0,0,0,0,7,1,1,1,0,0,0,0,1,0,1,KRBKRNvK,DRAW,3B1r2/1R6/8/8/8/6K1/2k2n2/8 w - - 0 1
1,1,0,0,0,0,0,1,-1,1,0,1,1,1,0,0,0,0,0,16,0,0,3,7,1,7,4,5,3,20,27,0,0,0,0,0,0,0,0,7,1,1,0,0,0,0,0,2,0,0,KRBKRNvK,DRAW,R7/8/B7/2n4k/3r4/8/7K/8 w - - 0 1
0,1,0,0,0,0,0,1,-1,1,0,1,1,1,0,0,0,0,0,16,0,0,3,3,3,5,0,0,4,20,15,0,0,0,0,0,0,0,0,7,1,1,0,0,0,0,4,2,0,0,KRBKRNvK,WIN,R6B/n7/8/r7/3K4/8/8/5k2 b - - 0 1
1,1,0,0,0,0,0,1,-1,1,0,1,1,1,0,0,0,0,0,16,0,0,6,3,0,7,6,3,5,26,21,0,0,0,0,0,0,0,0,7,1,1,0,0,0,0,3,0,0,0,KRBKRNvK,DRAW,4n3/1B3r1k/8/8/8/8/3R4/3K4 w - - 0 1
1,1,0,0,0,0,0,1,-1,1,0,1,1,1,0,0,0,0,0,16,0,0,6,1,5,7,5,3,4,33,24,0,0,0,0,0,0,0,0,7,1,1,0,0,0,0,1,1,0,1,KRBKRNvK,DRAW,5r2/8/1K5k/4B3/1n6/R7/8/8 w - - 0 1
0,1,0,0,0,0,0,1,-1,1,0,1,1,1,0,0,0,0,0,16,0,0,4,7,7,3,6,6,2,7,0,1,0,0,0,0,0,0,0,7,1,1,1,0,0,0,1,0,0,0,KRBKRNvK,DRAW,7K/R2k4/n7/8/8/5r2/8/1B6 b - - 0 1
1,1,0,0,0,0,0,1,-1,1,0,1,1,1,0,0,0,0,0,16,0,0,4,5,5,5,1,2,3,23,18,0,0,0,0,0,0,0,0,7,1,1,0,0,0,0,4,2,1,0,KRBKRNvK,DRAW,8/8/3R1K2/8/8/3Br2n/5k2/8 w - - 0 1
1,1,0,0,0,0,0,1,-1,1,0,1,1,1,0,0,0,0,0,16,0,0,3,5,7,4,4,4,0,24,24,0,0,0,0,0,0,0,0,7,1,1,0,1,0,0,2,3,1,1,KRBKRNvK,DRAW,5KB1/8/5n2/4k3/3R4/8/2r5/8 w - - 0 1
0,1,0,0,0,0,0,1,-1,1,0,1,1,1,0,0,0,0,0,16,0,0,2,3,5,5,7,1,4,1,0,1,0,0,0,0,0,0,0,7,1,1,0,1,0,0,3,0,2,0,KRBKRNvK,DRAW,3R1k2/6n1/3K2B1/8/8/8/1r6/8 b - - 0 1
1,1,0,0,0,0,0,1,-1,1,0,1,1,1,0,0,0,0,0,16,0,0,4,2,3,4,7,1,3,6,0,1,0,0,0,0,0,0,0,7,1,1,0,0,0,0,2,0,0,0,KRBKRNvK,DRAW,1R1nk3/8/8/2B5/2K5/8/8/2r5 w - - 0 1
1,1,0,0,0,0,0,1,-1,1,0,1,1,1,0,0,0,0,0,16,0,0,4,6,7,4,3,5,0,4,0,1,0,0,0,0,0,0,0,7,1,1,0,0,0,0,1,4,2,1,KRBKRNvK,LOSS,6K1/8/3B3n/8/3rk3/5R2/8/8 w - - 0 1
0,1,0,0,0,0,0,1,-1,1,0,1,1,1,0,0,0,0,0,16,0,0,2,6,4,7,2,2,4,22,27,0,0,0,0,0,0,0,0,7,1,1,0,0,0,0,0,2,0,1,KRBKRNvK,DRAW,1R6/4r3/8/6K1/8/7k/3B1n2/8 b - - 0 1
0,1,0,0,0,0,0,1,-1,1,0,1,1,1,0,0,0,0,0,16,0,0,6,6,7,0,6,5,5,14,25,0,0,0,0,0,0,0,0,7,1,1,0,0,0,0,1,1,0,0,KRBKRNvK,DRAW,6K1/k7/8/3B4/8/rn6/8/1R6 b - - 0 1
1,1,0,0,0,0,0,1,-1,1,0,1,1,1,0,0,0,0,0,16,0,0,6,6,7,0,6,5,5,4,0,1,0,0,0,0,0,0,0,7,1,1,0,0,0,0,1,0,1,0,KRBKRNvK,DRAW,1r4K1/k7/B3R3/4n3/8/8/8/8 w - - 0 1
0,1,0,0,0,0,0,1,-1,1,0,1,1,1,0,0,0,0,0,16,0,0,4,5,3,1,4,1,2,5,0,1,0,0,0,0,0,0,0,7,1,1,0,0,0,0,2,2,1,1,KRBKRNvK,LOSS,8/8/2n5/1k6/5K2/3B2Rr/8/8 b - - 0 1
0,1,0,0,0,0,0,1,-1,1,0,1,1,1,0,0,0,0,0,16,0,0,2,0,6,2,4,5,1,23,24,0,0,0,0,0,0,0,0,7,1,1,0,0,0,0,2,4,0,0,KRBKRNvK,DRAW,3B4/K2n4/8/2k5/3r4/8/8/4R3 b - - 0 1
1,1,0,0,0,0,0,1,-1,1,0,1,1,1,0,0,0,0,0,16,0,0,2,1,2,3,1,3,2,20,23,0,0,0,0,0,0,0,0,7,1,1,0,0,0,0,0,2,0,1,KRBKRNvK,DRAW,5B1R/8/8/5r2/8/1K6/3k4/3n4 w - - 0 1
1,1,0,0,0,0,0,1,-1,1,0,1,1,1,0,0,0,0,0,16,0,0,6,4,7,6,1,3,4,26,24,0,0,0,0,0,0,0,0,7,1,1,1,0,0,0,1,0,1,0,KRBKRNvK,DRAW,4K3/5R2/8/3n4/8/2r3B1/6k1/8 w - - 0 1
1,1,0,0,0,0,0,1,-1,1,0,1,1,1,0,0,0,0,0,16,0,0,5,6,7,1,5,5,3,3,0,1,0,0,0,0,0,0,0,7,1,1,0,0,0,0,0,2,0,1,KRBKRNvK,LOSS,6K1/4n3/1k6/7r/8/8/8/5B1R w - - 0 1
1,1,0,0,0,0,0,1,-1,1,0,1,1,1,0,0,0,0,0,16,0,0,2,3,5,1,3,1,2,4,0,1,0,0,0,0,0,0,0,7,1,1,0,0,0,0,3,3,1,1,KRBKRNvK,LOSS,7B/8/3K4/8/1kn5/R2r4/8/8 w - - 0 1
0,1,0,0,0,0,0,1,-1,1,0,1,1,1,0,0,0,0,0,16,0,0,5,0,6,5,4,5,1,17,26,0,0,0,0,0,0,0,0,7,1,1,1,0,0,0,1,3,2,2,KRBKRNvK,DRAW,1n6/K5R1/3B4/2r2k2/8/8/8/8 b - - 0 1
0,1,0,0,0,0,0,1,-1,1,0,1,1,1,0,0,0,0,0,16,0,0,5,7,4,2,0,3,4,18,26,0,0,0,0,0,0,0,0,7,1,1,0,0,0,0,2,0,0,0,KRBKRNvK,DRAW,n2B4/r7/8/7K/1R6/8/8/2k5 b - - 0 1
0,1,0,0,0,0,0,1,-1,1,0,1,1,1,0,0,0,0,0,16,0,0,5,1,2,4,7,3,3,24,28,0,0,0,0,0,0,0,0,7,1,1,0,0,0,0,2,1,0,0,KRBKRNvK,DRAW,4k3/3n4/r7/5B2/3R4/1K6/8/8 b - - 0 1
1,1,0,0,0,0,0,1,-1,1,0,1,1,1,0,0,0,0,0,16,0,0,2,1,3,3,3,2,0,28,22,0,0,0,0,0,0,0,0,7,1,1,0,0,0,0,2,4,1,0,KRBKRNvK,DRAW,8/8/4n3/5r2/1K1k4/5B2/R7/8 w - - 0 1
0,1,0,0,0,0,0,1,-1,1,0,1,1,1,0,0,0,0,0,16,0,0,6,7,7,6,1,6,4,8,0,1,0,0,0,0,0,0,0,7,1,1,0,0,0,0,0,0,0,0,KRBKRNvK,DRAW,7K/4B3/8/8/8/nr6/R5k1/8 b - - 0 1
0,1,0,0,0,0,0,1,-1,1,0,1,1,1,0,0,0,0,0,16,0,0,4,5,4,2,0,1,4,22,28,0,0,0,0,0,0,0,0,7,1,1,0,0,0,0,3,1,0,0,KRBKRNvK,DRAW,8/8/4R3/1n3K2/2B5/8/8/2k4r b - - 0 1
1,1,0,0,0,0,0,1,-1,1,0,1,1,1,0,0,0,0,0,16,0,0,6,7,4,1,4,3,2,20,23,0,0,0,0,0,0,0,0,7,1,1,1,0,0,0,2,2,1,0,KRBKRNvK,DRAW,2B4n/3R4/8/1k5K/8/8/8/4r3 w - - 0 1
1,1,0,0,0,0,0,1,-1,1,0,1,1,1,0,0,0,0,0,16,0,0,6,7,6,6,0,5,5,16,24,0,0,0,0,0,0,0,0,7,1,1,0,0,0,0,1,1,0,0,KRBKRNvK,DRAW,8/7K/1r6/8/8/8/4n3/RB4k1 w - - 0 1
0,1,0,0,0,0,0,1,-1,1,0,1,1,1,0,0,0,0,0,16,0,0,2,3,7,5,6,3,3,19,24,0,0,0,0,0,0,0,0,7,1,1,0,0,0,0,2,0,1,0,KRBKRNvK,DRAW,3K4/5k2/7B/1R6/8/8/n7/5r2 b - - 0 1
1,1,0,0,0,0,0,1,-1,1,0,1,1,1,0,0,0,0,0,16,0,0,4,5,6,5,2,3,2,29,21,0,0,0,0,0,0,0,0,7,1,1,0,0,0,0,3,1,2,0,KRBKRNvK,DRAW,8/5K2/8/n7/8/2r2k2/7B/3R4 w - - 0 1
0,1,0,0,0,0,0,1,-1,1,0,1,1,1,0,0,0,0,0,16,0,0,5,2,7,7,3,4,3,6,24,0,0,0,0,0,0,0,0,7,1,1,1,1,0,0,0,0,0,0,KRBKRNvK,LOSS,2K5/6R1/8/8/n6k/8/5r2/4B3 b - - 0 1
0,1,0,0,0,0,0,1,-1,1,0,1,1,1,0,0,0,0,0,16,0,0,2,5,3,3,3,1,0,16,24,0,0,0,0,0,0,0,0,7,1,1,1,0,0,0,2,4,0,0,KRBKRNvK,DRAW,8/1R6/8/8/2rk1K2/2n5/8/5B2 b - - 0 1
1,1,0,0,0,0,0,1,-1,1,0,1,1,1,0,0,0,0,0,16,0,0,4,0,3,0,7,3,6,26,20,0,0,0,0,0,0,0,0,7,1,1,0,0,0,0,3,0,0,0,KRBKRNvK,DRAW,k7/6r1/8/8/K1R2B2/8/8/3n4 w - - 0 1
1,1,0,0,0,0,0,1,-1,1,0,1,1,1,0,0,0,0,0,16,0,0,3,5,3,2,4,1,1,22,22,0,0,0,0,0,0,0,0,7,1,1,0,1,0,0,2,2,0,1,KRBKRNvK,DRAW,8/7B/6R1/2k5/5K2/8/2nr4/8 w - - 0 1
0,1,0,0,0,0,0,1,-1,1,0,1,1,1,0,0,0,0,0,16,0,0,4,5,6,1,4,3,2,25,25,0,0,0,0,0,0,0,0,7,1,1,0,0,0,0,0,0,0,0,KRBKRNvK,DRAW,7R/5K2/8/1k6/8/6r1/7n/2B5 b - - 0 1
0,1,0,0,0,0,0,1,-1,1,0,1,1,1,0,0,0,0,0,16,0,0,2,0,5,2,3,4,1,22,26,0,0,0,0,0,0,0,0,7,1,1,0,0,0,0,3,3,0,1,KRBKRNvK,DRAW,8/8/K7/1n3r2/2k5/6B1/8/3R4 b - - 0 1
0,1,0,0,0,0,0,1,-1,1,0,1,1,1,0,0,0,0,0,16,0,0,7,6,0,5,7,5,4,20,26,0,0,0,0,0,0,0,0,7,1,1,0,0,0,0,3,0,0,0,KRBKRNvK,DRAW,5k2/8/2r5/8/8/5B2/n3R3/6K1 b - - 0 1
0,1,0,0,0,0,0,1,-1,1,0,1,1,1,0,0,0,0,0,16,0,0,6,7,1,1,2,5,3,22,28,0,0,0,0,0,0,0,0,7,1,1,0,0,0,0,2,2,1,0,KRBKRNvK,DRAW,8/8/r1n5/5R2/8/1k6/3B3K/8 b - - 0 1
1,1,0,0,0,0,0,1,-1,1,0,1,1,1,0,0,0,0,0,16,0,0,2,5,7,3,7,4,3,3,0,1,0,0,0,0,0,0,0,7,1,1,0,0,0,0,1,2,0,1,KRBKRNvK,LOSS,3k1K2/3n3B/8/1r6/8/8/1R6/8 w - - 0 1
0,1,0,0,0,0,0,1,-1,1,0,1,1,1,0,0,0,0,0,16,0,0,3,3,5,6,4,1,2,26,31,0,0,0,0,0,0,0,0,7,1,1,0,1,0,0,3,0,0,1,KRBKRNvK,DRAW,8/8/3K4/3B2k1/3n4/8/6r1/1R6 b - - 0 1
1,1,0,0,0,0,0,1,-1,1,0,1,1,1,0,0,0,0,0,16,0,0,4,1,2,3,6,3,2,5,0,1,0,0,0,0,0,0,0,7,1,1,0,0,0,0,2,0,0,1,KRBKRNvK,DRAW,8/3k2B1/1r6/8/4R3/1K6/8/2n5 w - - 0 1
1,1,0,0,0,0,0,1,-1,1,0,1,1,1,0,0,0,0,0,16,0,0,2,0,1,2,3,5,1,22,27,0,0,0,0,0,0,0,0,7,1,1,0,0,0,0,0,3,0,0,KRBKRNvK,DRAW,8/1r6/3n4/8/2k5/8/K4R2/3B4 w - - 0 1
1,1,0,0,0,0,0,1,-1,1,0,1,1,1,0,0,0,0,0,16,0,0,2,1,2,3,0,3,3,22,22,0,0,0,0,0,0,0,0,7,1,1,1,0,0,0,0,2,0,1,KRBKRNvK,DRAW,8/7R/8/8/B7/1K1nr3/8/3k4 w - - 0 1
0,1,0,0,0,0,0,1,-1,1,0,1,1,1,0,0,0,0,0,16,0,0,2,6,5,7,3,3,3,22,19,0,0,0,0,0,0,0,0,7,1,1,1,0,0,0,2,2,0,1,KRBKRNvK,DRAW,B7/6R1/6K1/4r3/7k/6n1/8/8 b - - 0 1
1,1,0,0,0,0,0,1,-1,1,0,1,1,1,0,0,0,0,0,16,0,0,3,3,1,0,3,2,3,6,0,1,0,0,0,0,0,0,0,7,1,1,0,1,0,0,2,1,0,1,KRBKRNvK,DRAW,5R2/8/8/6n1/k7/5B2/1r1K4/8 w - - 0 1
0,1,0,0,0,0,0,1,-1,1,0,1,1,1,0,0,0,0,0,16,0,0,4,0,6,4,3,5,0,22,26,0,0,0,0,0,0,0,0,7,1,1,0,0,0,0,2,4,2,0,KRBKRNvK,DRAW,4r3/K7/8/6R1/2B1k3/3n4/8/8 b - - 0 1
0,1,0,0,0,0,0,1,-1,1,0,1,1,1,0,0,0,0,0,16,0,0,2,4,5,5,7,1,4,3,0,1,0,0,0,0,0,0,0,7,1,1,0,0,0,0,4,2,1,1,KRBKRNvK,LOSS,5k2/8/4K1B1/3r4/5R2/8/8/5n2 b - - 0 1
1,1,0,0,0,0,0,1,-1,1,0,1,1,1,0,0,0,0,0,16,0,0,4,3,3,0,7,0,6,7,0,1,0,0,0,0,0,0,0,7,1,1,0,0,0,0,3,1,0,1,KRBKRNvK,DRAW,k7/7r/8/5n2/3K4/8/4B3/1R6 w - - 0 1
0,1,0,0,0,0,0,1,-1,1,0,1,1,1,0,0,0,0,0,16,0,0,5,0,0,0,5,6,4,22,20,0,0,0,0,0,0,0,0,7,1,1,1,0,0,0,1,3,1,0,KRBKRNvK,DRAW,8/2Rn4/k7/8/1r6/8/5B2/K7 b - - 0 1
1,1,0,0,0,0,0,1,-1,1,0,1,1,1,0,0,0,0,0,16,0,0,5,4,5,6,0,1,5,5,0,1,0,0,0,0,0,0,0,7,1,1,0,0,0,0,3,1,1,0,KRBKRNvK,DRAW,8/8/1r2K3/3R4/8/4n3/8/4B1k1 w - - 0 1
0,1,0,0,0,0,0,1,-1,1,0,1,1,1,0,0,0,0,0,16,0,0,6,1,0,2,6,5,3,27,21,0,0,0,0,0,0,0,0,7,1,1,0,0,0,0,2,3,0,0,KRBKRNvK,DRAW,8/2k5/8/r4n2/5R2/8/8/1K2B3 b - - 0 1
0,1,0,0,0,0,0,1,-1,1,0,1,1,1,0,0,0,0,0,16,0,0,3,3,2,0,2,1,4,3,0,1,0,0,0,0,0,0,0,7,1,1,0,0,0,0,3,0,0,0,KRBKRNvK,LOSS,6n1/8/R7/8/8/k2K4/7B/6r1 b - - 0 1
1,1,0,0,0,0,0,1,-1,1,0,1,1,1,0,0,0,0,0,16,0,0,4,6,4,7,0,2,6,30,16,0,0,0,0,0,0,0,0,7,1,1,1,0,0,0,3,0,0,0,KRBKRNvK,DRAW,1n6/3R4/8/6K1/8/r2B4/8/7k w - - 0 1
1,1,0,0,0,0,0,1,-1,1,0,1,1,1,0,0,0,0,0,16,0,0,5,6,0,7,5,5,4,4,0,1,0,0,0,0,0,0,0,7,1,1,0,0,0,0,0,2,0,1,KRBKRNvK,DRAW,R1r5/8/7k/8/1B6/5n2/8/6K1 w - - 0 1
0,1,0,0,0,0,0,1,-1,1,0,1,1,1,0,0,0,0,0,16,0,0,2,5,1,3,1,3,2,23,24,0,0,0,0,0,0,0,0,7,1,1,0,0,0,0,2,0,1,1,KRBKRNvK,DRAW,8/3B4/2r5/8/1R6/8/3k1K2/4n3 b - - 0 1
1,1,0,0,0,0,0,1,-1,1,0,1,1,1,0,0,0,0,0,16,0,0,6,2,7,7,1,4,5,21,22,0,0,0,0,0,0,0,0,7,1,1,1,0,0,0,0,0,1,1,KRBKRNvK,DRAW,2K5/2R5/1r6/n7/8/7B/7k/8 w - - 0 1
0,1,0,0,0,0,0,1,-1,1,0,1,1,1,0,0,0,0,0,16,0,0,6,0,2,6,2,4,3,22,28,0,0,0,0,0,0,0,0,7,1,1,0,0,0,0,3,0,0,1,KRBKRNvK,DRAW,8/8/6B1/8/8/K5kn/3R4/2r5 b - - 0 1
0,1,0,0,0,0,0,1,-1,1,0,1,1,1,0,0,0,0,0,16,0,0,5,0,2,0,7,4,6,20,25,0,0,0,0,0,0,0,0,7,1,1,0,0,0,0,0,2,0,0,KRBKRNvK,DRAW,k7/1n6/8/3r4/7B/K7/8/1R6 b - - 0 1
0,1,0,0,0,0,0,1,-1,1,0,1,1,1,0,0,0,0,0,16,0,0,3,4,3,4,0,0,3,4,0,1,0,0,0,0,0,0,0,7,1,1,0,0,0,0,4,1,1,1,KRBKRNvK,DRAW,1B6/8/r5n1/8/4K3/4R3/8/4k3 b - - 0 1
1,1,0,0,0,0,0,1,-1,1,0,1,1,1,0,0,0,0,0,16,0,0,3,3,4,0,5,0,4,26,19,0,0,0,0,0,0,0,0,7,1,1,0,0,0,0,4,2,0,0,KRBKRNvK,DRAW,8/8/k7/3K4/r7/5B2/7n/6R1 w - - 0 1
1,1,0,0,0,0,0,1,-1,1,0,1,1,1,0,0,0,0,0,16,0,0,5,3,2,1,7,1,5,29,20,0,0,0,0,0,0,0,0,7,1,1,0,0,0,0,3,2,0,0,KRBKRNvK,DRAW,1k5n/8/6R1/r7/8/3K4/B7/8 w - - 0 1
0,1,0,0,0,0,0,1,-1,1,0,1,1,1,0,0,0,0,0,16,0,0,2,7,5,7,7,4,6,1,0,1,0,0,0,0,0,0,0,7,1,1,0,0,0,0,3,2,0,1,KRBKRNvK,LOSS,3R3k/8/7K/8/3n1r2/8/6B1/8 b - - 0 1
0,1,0,0,0,0,0,1,-1,1,0,1,1,1,0,0,0,0,0,16,0,0,3,3,5,6,2,1,3,6,0,1,0,0,0,0,0,0,0,7,1,1,0,0,0,0,2,3,1,1,KRBKRNvK,DRAW,8/8/3Kn3/8/8/R3r1k1/8/4B3 b - - 0 1
0,1,0,0,0,0,0,1,-1,1,0,1,1,1,0,0,0,0,0,16,0,0,3,4,7,7,4,3,3,1,0,1,0,0,0,0,0,0,0,7,1,1,1,0,0,0,0,1,1,1,KRBKRNvK,DRAW,4K3/3B3R/6n1/7k/8/8/8/1r6 b - - 0 1
0,1,0,0,0,0,0,1,-1,1,0,1,1,1,0,0,0,0,0,16,0,0,4,4,7,0,6,3,5,5,0,1,0,0,0,0,0,0,0,7,1,1,1,0,0,0,0,2,1,0,KRBKRNvK,DRAW,4K3/k6R/8/1Bn5/1r6/8/8/8 b - - 0 1
1,1,0,0,0,0,0,1,-1,1,0,1,1,1,0,0,0,0,0,16,0,0,6,3,7,1,1,3,4,25,25,0,0,0,0,0,0,0,0,7,1,1,0,0,0,0,2,2,0,1,KRBKRNvK,DRAW,3K4/5B2/5n2/7R/8/5r2/1k6/8 w - - 0 1
0,1,0,0,0,0,0,1,-1,1,0,1,1,1,0,0,0,0,0,16,0,0,3,2,6,1,3,3,2,18,24,0,0,0,0,0,0,0,0,7,1,1,0,0,0,0,1,0,0,0,KRBKRNvK,DRAW,6r1/2K3n1/8/8/1k6/4B3/8/4R3 b - - 0 1
1,1,0,0,0,0,0,1,-1,1,0,1,1,1,0,0,0,0,0,16,0,0,3,4,4,5,1,0,3,28,21,0,0,0,0,0,0,0,0,7,1,1,0,0,0,0,3,0,0,1,KRBKRNvK,DRAW,8/8/8/4K2B/R7/6rn/5k2/8 w - - 0 1
1,1,0,0,0,0,0,1,-1,1,0,1,1,1,0,0,0,0,0,16,0,0,3,1,6,4,5,4,1,25,26,0,0,0,0,0,0,0,0,7,1,1,0,0,0,0,0,3,1,0,KRBKRNvK,DRAW,R4B2/1K6/4k3/8/8/8/5n2/6r1 w - - 0 1
0,1,0,0,0,0,0,1,-1,1,0,1,1,1,0,0,0,0,0,16,0,0,5,4,0,4,5,3,1,24,19,0,0,0,0,0,0,0,0,7,1,1,0,0,0,0,2,4,0,0,KRBKRNvK,DRAW,B7/8/4k3/8/5r1n/8/8/R3K3 b - - 0 1
1,1,0,0,0,0,0,1,-1,1,0,1,1,1,0,0,0,0,0,16,0,0,4,4,2,4,6,1,2,15,29,0,0,0,0,0,0,0,0,7,1,1,0,1,0,0,2,1,0,0,KRBKRNvK,DRAW,8/4k3/3n4/8/8/4K3/r7/1RB5 w - - 0 1
1,1,0,0,0,0,0,1,-1,1,0,1,1,1,0,0,0,0,0,16,0,0,3,7,0,6,3,6,2,26,18,0,0,0,0,0,0,0,0,7,1,1,0,0,0,0,2,0,0,0,KRBKRNvK,DRAW,1r2n3/4B3/8/3R4/6k1/8/8/7K w - - 0 1
0,1,0,0,0,0,0,1,-1,1,0,1,1,1,0,0,0,0,0,16,0,0,2,1,7,0,5,5,4,20,30,0,0,0,0,0,0,0,0,7,1,1,0,0,0,0,1,1,0,0,KRBKRNvK,DRAW,1K6/8/k4rn1/3B4/8/7R/8/8 b - - 0 1
0,1,0,0,0,0,0,1,-1,1,0,1,1,1,0,0,0,0,0,16,0,0,3,6,1,4,4,4,0,28,24,0,0,0,0,0,0,0,0,7,1,1,1,0,0,0,0,3,0,0,KRBKRNvK,DRAW,8/R7/7r/4k3/8/8/2n3K1/3B4 b - - 0 1
0,1,0,0,0,0,0,1,-1,1,0,1,1,1,0,0,0,0,0,16,0,0,4,3,5,7,4,1,3,23,20,0,0,0,0,0,0,0,0,7,1,1,1,0,0,0,3,1,1,0,KRBKRNvK,DRAW,8/3R3B/3K4/7k/8/8/2n5/r7 b - - 0 1
1,1,0,0,0,0,0,1,-1,1,0,1,1,1,0,0,0,0,0,16,0,0,2,3,2,1,0,1,5,4,0,1,0,0,0,0,0,0,0,7,1,1,0,0,0,0,4,1,0,2,KRBKRNvK,DRAW,8/8/8/R7/8/1r1K3B/5n2/1k6 w - - 0 1
0,1,0,0,0,0,0,1,-1,1,0,1,1,1,0,0,0,0,0,16,0,0,2,6,3,5,5,2,2,5,0,1,0,0,0,0,0,0,0,7,1,1,0,0,0,0,0,2,0,1,KRBKRNvK,DRAW,2B2r2/8/R4k2/6n1/6K1/8/8/8 b - - 0 1
0,1,0,0,0,0,0,1,-1,1,0,1,1,1,0,0,0,0,0,16,0,0,5,5,1,0,0,3,6,20,28,0,0,0,0,0,0,0,0,7,1,1,0,0,0,0,2,2,0,0,KRBKRNvK,DRAW,8/6n1/8/6R1/r7/8/3B1K2/k7 b - - 0 1
1,1,0,0,0,0,0,1,-1,1,0,1,1,1,0,0,0,0,0,16,0,0,2,1,3,0,5,2,4,21,21,0,0,0,0,0,0,0,0,7,1,1,0,1,0,0,0,0,1,0,KRBKRNvK,DRAW,2n5/8/k7/8/BK6/8/6r1/1R6 w - - 0 1
1,1,0,0,0,0,0,1,-1,1,0,1,1,1,0,0,0,0,0,16,0,0,4,2,3,0,7,1,6,28,17,0,0,0,0,0,0,0,0,7,1,1,0,1,0,0,4,0,0,1,KRBKRNvK,DRAW,k5n1/8/4R3/8/2K5/8/1r3B2/8 w - - 0 1
0,1,0,0,0,0,0,1,-1,1,0,1,1,1,0,0,0,0,0,16,0,0,4,7,3,3,0,3,3,20,28,0,0,0,0,0,0,0,0,7,1,1,0,1,0,0,1,2,0,0,KRBKRNvK,DRAW,5R2/8/3B4/8/7K/8/4r3/3k3n b - - 0 1
0,1,0,0,0,0,0,1,-1,1,0,1,1,1,0,0,0,0,0,16,0,0,2,7,6,5,4,5,1,25,21,0,0,0,0,0,0,0,0,7,1,1,1,0,0,0,2,2,1,0,KRBKRNvK,DRAW,8/3R3K/8/5k2/2n5/5r2/8/3B4 b - - 0 1
0,1,0,0,0,0,0,1,-1,1,0,1,1,1,0,0,0,0,0,16,0,0,4,0,1,4,4,5,0,22,20,0,0,0,0,0,0,0,0,7,1,1,1,0,0,0,0,4,1,0,KRBKRNvK,DRAW,8/5R2/4n3/1r2k3/B7/8/K7/8 b - - 0 1
1,1,0,0,0,0,0,1,-1,1,0,1,1,1,0,0,0,0,0,16,0,0,4,6,7,2,4,5,1,20,24,0,0,0,0,0,0,0,0,7,1,1,0,1,0,0,2,3,2,0,KRBKRNvK,DRAW,6K1/8/2n5/B1k5/1R6/8/5r2/8 w - - 0 1
1,1,0,0,0,0,0,1,-1,1,0,1,1,1,0,0,0,0,0,16,0,0,6,6,6,5,0,4,4,31,22,0,0,0,0,0,0,0,0,7,1,1,0,1,0,0,3,1,0,0,KRBKRNvK,DRAW,8/1B4K1/4R3/8/8/3n4/1r6/5k2 w - - 0 1
0,1,0,0,0,0,0,1,-1,1,0,1,1,1,0,0,0,0,0,16,0,0,5,7,5,2,5,4,2,25,26,0,0,0,0,0,0,0,0,7,1,1,0,0,0,0,0,3,0,0,KRBKRNvK,DRAW,6R1/8/2k4K/8/4r3/B3n3/8/8 b - - 0 1
1,1,0,0,0,0,0,1,-1,1,0,1,1,1,0,0,0,0,0,16,0,0,5,2,7,7,3,4,3,26,17,0,0,0,0,0,0,0,0,7,1,1,0,0,0,0,2,0,1,0,KRBKRNvK,WIN,2K3n1/8/8/5R2/7k/6r1/8/3B4 w - - 0 1
0,1,0,0,0,0,0,1,-1,1,0,1,1,1,0,0,0,0,0,16,0,0,3,4,5,1,2,1,3,5,0,1,0,0,0,0,0,0,0,7,1,1,0,0,0,0,3,0,2,2,KRBKRNvK,DRAW,8/2r5/4K3/1R1n4/8/1k6/1B6/8 b - - 0 1
1,1,0,0,0,0,0,1,-1,1,0,1,1,1,0,0,0,0,0,16,0,0,6,4,0,0,6,3,5,18,22,0,0,0,0,0,0,0,0,7,1,1,0,0,0,0,1,0,0,0,KRBKRNvK,DRAW,8/kn6/6r1/8/8/1B6/8/1R2K3 w - - 0 1
1,1,0,0,0,0,0,1,-1,1,0,1,1,1,0,0,0,0,0,16,0,0,4,2,6,6,4,3,2,6,0,1,0,0,0,0,0,0,0,7,1,1,0,0,0,0,0,0,0,1,KRBKRNvK,DRAW,8/2K5/2R5/B2n2k1/8/8/8/2r5 w - - 0 1
1,1,0,0,0,0,0,1,-1,1,0,1,1,1,0,0,0,0,0,16,0,0,6,6,0,0,2,5,4,28,23,0,0,0,0,0,0,0,0,7,1,1,0,0,0,0,1,2,0,0,KRBKRNvK,DRAW,7R/8/6B1/4r3/8/k7/8/2n3K1 w - - 0 1
1,1,0,0,0,0,0,1,-1,1,0,1,1,1,0,0,0,0,0,16,0,0,4,4,6,4,2,2,1,31,19,0,0,0,0,0,0,0,0,7,1,1,0,1,0,0,1,2,1,0,KRBKRNvK,DRAW,8/4K3/1R6/8/8/4k1B1/6r1/2n5 w - - 0 1
1,1,0,0,0,0,0,1,-1,1,0,1,1,1,0,0,0,0,0,16,0,0,4,0,6,1,2,5,3,25,19,0,0,0,0,0,0,0,0,7,1,1,0,0,0,0,1,3,2,0,KRBKRNvK,DRAW,8/K7/8/2B5/8/1k1r1n2/2R5/8 w - - 0 1
0,1,0,0,0,0,0,1,-1,1,0,1,1,1,0,0,0,0,0,16,0,0,4,4,7,4,3,3,0,5,0,1,0,0,0,0,0,0,0,7,1,1,0,0,0,0,3,3,0,0,KRBKRNvK,DRAW,4K3/8/8/7r/1R2k3/8/1B6/3n4 b - - 0 1
1,1,0,0,0,0,0,1,-1,1,0,1,1,1,0,0,0,0,0,16,0,0,2,4,5,2,7,1,4,22,20,0,0,0,0,0,0,0,0,7,1,1,0,0,0,0,2,2,0,0,KRBKRNvK,DRAW,2k5/8/4K1RB/n7/7r/8/8/8 w - - 0 1
0,1,0,0,0,0,0,1,-1,1,0,1,1,1,0,0,0,0,0,16,0,0,3,4,3,1,6,0,4,26,22,0,0,0,0,0,0,0,0,7,1,1,0,0,0,0,3,3,0,0,KRBKRNvK,DRAW,8/1k6/8/r7/4K3/1n1R3B/8/8 b - - 0 1
0,1,0,0,0,0,0,1,-1,1,0,1,1,1,0,0,0,0,0,16,0,0,4,3,1,6,5,2,3,26,24,0,0,0,0,0,0,0,0,7,1,1,0,0,0,0,2,2,1,0,KRBKRNvK,DRAW,8/8/6k1/4Rn2/6r1/8/3K4/3B4 b - - 0 1
0,1,0,0,0,0,0,1,-1,1,0,1,1,1,0,0,0,0,0,16,0,0,4,1,7,5,4,5,1,5,0,1,0,0,0,0,0,0,0,7,1,1,0,0,0,0,0,3,0,0,KRBKRNvK,DRAW,1K6/8/8/4rk2/8/8/1n3R2/6B1 b - - 0 1
0,1,0,0,0,0,0,1,-1,1,0,1,1,1,0,0,0,0,0,16,0,0,7,7,0,0,2,6,4,23,26,0,0,0,0,0,0,0,0,7,1,1,0,0,0,0,2,2,0,1,KRBKRNvK,DRAW,3r4/2B5/8/5R2/8/k7/6n1/7K b - - 0 1
0,1,0,0,0,0,0,1,-1,1,0,1,1,1,0,0,0,0,0,16,0,0,3,1,4,4,4,2,0,7,0,1,0,0,0,0,0,0,0,7,1,1,0,0,0,0,1,3,1,0,KRBKRNvK,DRAW,8/8/8/BK2k1R1/8/8/3n4/5r2 b - - 0 1
0,1,0,0,0,0,0,1,-1,1,0,1,1,1,0,0,0,0,0,16,0,0,3,4,4,1,3,0,2,24,28,0,0,0,0,0,0,0,0,7,1,1,0,1,0,0,3,0,0,0,KRBKRNvK,DRAW,8/3B4/8/4K3/nk6/8/5r2/6R1 b - - 0 1
0,1,0,0,0,0,0,1,-1,1,0,1,1,1,0,0,0,0,0,16,0,0,3,6,1,3,1,4,2,4,0,1,0,0,0,0,0,0,0,7,1,1,0,0,0,0,1,2,1,1,KRBKRNvK,DRAW,8/1n6/8/8/5B2/6R1/3k2K1/4r3 b - - 0 1
1,1,0,0,0,0,0,1,-1,1,0,1,1,1,0,0,0,0,0,16,0,0,2,4,6,6,6,2,4,25,24,0,0,0,0,0,0,0,0,7,1,1,0,1,0,0,1,0,1,0,KRBKRNvK,DRAW,5R2/4K1k1/8/8/3n4/8/B1r5/8 w - - 0 1
1,1,0,0,0,0,0,1,-1,1,0,1,1,1,0,0,0,0,0,16,0,0,2,5,5,4,7,2,3,17,20,0,0,0,0,0,0,0,0,7,1,1,0,0,0,0,1,2,0,1,KRBKRNvK,DRAW,3nk3/8/5K2/2r5/7B/5R2/8/8 w - - 0 1
0,1,0,0,0,0,0,1,-1,1,0,1,1,1,0,0,0,0,0,16,0,0,5,1,6,6,1,4,4,24,25,0,0,0,0,0,0,0,0,7,1,1,0,0,0,0,2,2,0,0,KRBKRNvK,DRAW,8/1KB5/8/6r1/3n4/3R4/6k1/8 b - - 0 1
0,1,0,0,0,0,0,1,-1,1,0,1,1,1,0,0,0,0,0,16,0,0,3,0,3,0,0,3,6,24,26,0,0,0,0,0,0,0,0,7,1,1,1,1,0,0,1,1,0,1,KRBKRNvK,DRAW,8/R7/3B4/8/K7/4n3/2r5/k7 b - - 0 1
0,1,0,0,0,0,0,1,-1,1,0,1,1,1,0,0,0,0,0,16,0,0,5,2,3,7,6,1,5,22,22,0,0,0,0,0,0,0,0,7,1,1,0,0,0,0,2,2,0,1,KRBKRNvK,DRAW,8/7k/B7/4r1n1/2K5/8/8/3R4 b - - 0 1
0,1,0,0,0,0,0,1,-1,1,0,1,1,1,0,0,0,0,0,16,0,0,3,3,3,0,0,0,6,22,26,0,0,0,0,0,0,0,0,7,1,1,0,0,0,0,3,1,0,0,KRBKRNvK,DRAW,7r/8/6R1/5Bn1/3K4/8/8/k7 b - - 0 1
0,1,0,0,0,0,0,1,-1,1,0,1,1,1,0,0,0,0,0,16,0,0,2,2,5,0,4,2,3,20,22,0,0,0,0,0,0,0,0,7,1,1,0,0,0,0,2,0,1,1,KRBKRNvK,DRAW,8/Bn6/2K5/k7/8/7r/2R5/8 b - - 0 1
1,1,0,0,0,0,0,1,-1,1,0,1,1,1,0,0,0,0,0,16,0,0,4,5,1,4,5,3,1,6,0,1,0,0,0,0,0,0,0,7,1,1,1,0,0,0,0,4,1,1,KRBKRNvK,DRAW,3B4/R7/4k3/8/5r2/8/1n3K2/8 w - - 0 1
0,1,0,0,0,0,0,1,-1,1,0,1,1,1,0,0,0,0,0,16,0,0,3,0,4,3,6,3,2,18,24,0,0,0,0,0,0,0,0,7,1,1,0,0,0,0,0,2,0,0,KRBKRNvK,DRAW,8/3kr1n1/8/K7/1B6/8/8/6R1 b - - 0 1
0,1,0,0,0,0,0,1,-1,1,0,1,1,1,0,0,0,0,0,16,0,0,4,4,0,1,4,3,2,4,0,1,0,0,0,0,0,0,0,7,1,1,0,1,0,0,1,0,2,0,KRBKRNvK,DRAW,8/8/7n/1k6/8/1R1B4/r7/4K3 b - - 0 1
0,1,0,0,0,0,0,1,-1,1,0,1,1,1,0,0,0,0,0,16,0,0,4,2,1,6,0,3,5,19,27,0,0,0,0,0,0,0,0,7,1,1,1,0,0,0,2,2,1,0,KRBKRNvK,DRAW,8/7R/7n/8/6r1/5B2/2K5/6k1 b - - 0 1
1,1,0,0,0,0,0,1,-1,1,0,1,1,1,0,0,0,0,0,16,0,0,3,5,1,2,3,3,1,7,0,1,0,0,0,0,0,0,0,7,1,1,1,0,0,0,2,2,0,1,KRBKRNvK,DRAW,2r5/6BR/8/8/2k1n3/8/5K2/8 w - - 0 1
1,1,0,0,0,0,0,1,-1,1,0,1,1,1,0,0,0,0,0,16,0,0,4,7,4,3,4,3,0,21,21,0,0,0,0,0,0,0,0,7,1,1,0,1,0,0,2,3,1,0,KRBKRNvK,DRAW,2n5/8/8/3k3K/1B5R/8/5r2/8 w - - 0 1
0,1,0,0,0,0,0,1,-1,1,0,1,1,1,0,0,0,0,0,16,0,0,5,2,2,7,2,2,4,5,0,1,0,0,0,0,0,0,0,7,1,1,0,0,0,0,1,0,1,1,KRBKRNvK,DRAW,6r1/8/8/8/8/2K4k/1n6/R4B2 b - - 0 1
0,1,0,0,0,0,0,1,-1,1,0,1,1,1,0,0,0,0,0,16,0,0,6,1,1,2,7,4,4,19,18,0,0,0,0,0,0,0,0,7,1,1,0,0,0,0,0,2,0,1,KRBKRNvK,DRAW,2k1nR2/8/8/8/8/B7/1K6/3r4 b - - 0 1
0,1,0,0,0,0,0,1,-1,1,0,1,1,1,0,0,0,0,0,16,0,0,5,1,0,6,4,5,2,4,0,1,0,0,0,0,0,0,0,7,1,1,0,0,0,0,2,0,0,1,KRBKRNvK,DRAW,8/8/6r1/2R3k1/8/8/n3B3/1K6 b - - 0 1
0,1,0,0,0,0,0,1,-1,1,0,1,1,1,0,0,0,0,0,16,0,0,6,0,5,6,0,4,5,25,22,0,0,0,0,0,0,0,0,7,1,1,0,0,0,0,2,1,0,1,KRBKRNvK,DRAW,2B5/1r6/K7/8/5R2/4n3/8/6k1 b - - 0 1
0,1,0,0,0,0,0,1,-1,1,0,1,1,1,0,0,0,0,0,16,0,0,6,4,7,1,1,3,4,20,25,0,0,0,0,0,0,0,0,7,1,1,0,0,0,0,3,1,0,0,KRBKRNvK,DRAW,4K3/8/1B6/4R1n1/8/8/1k6/1r6 b - - 0 1
0,1,0,0,0,0,0,1,-1,1,0,1,1,1,0,0,0,0,0,16,0,0,5,5,2,0,3,2,3,19,21,0,0,0,0,0,0,0,0,7,1,1,0,0,0,0,3,2,1,2,KRBKRNvK,DRAW,8/8/4R3/8/k2r4/5K2/B7/7n b - - 0 1
0,1,0,0,0,0,0,1,-1,1,0,1,1,1,0,0,0,0,0,16,0,0,4,1,5,5,2,3,2,20,23,0,0,0,0,0,0,0,0,7,1,1,1,0,0,0,2,2,0,0,KRBKRNvK,DRAW,3B4/4R3/1K6/8/5r2/5k2/3n4/8 b - - 0 1
1,1,0,0,0,0,0,1,-1,1,0,1,1,1,0,0,0,0,0,16,0,0,7,4,0,7,7,3,6,4,0,1,0,0,0,0,0,0,0,7,1,1,0,0,0,0,2,2,0,1,KRBKRNvK,DRAW,4B2k/8/8/8/n1R5/4r3/8/4K3 w - - 0 1
0,1,0,0,0,0,0,1,-1,1,0,1,1,1,0,0,0,0,0,16,0,0,6,3,1,5,7,2,4,19,26,0,0,0,0,0,0,0,0,7,1,1,0,0,0,0,1,2,0,0,KRBKRNvK,DRAW,4rk2/8/1R6/8/7n/8/3K3B/8 b - - 0 1
1,1,0,0,0,0,0,1,-1,1,0,1,1,1,0,0,0,0,0,16,0,0,2,2,7,2,5,4,2,20,21,0,0,0,0,0,0,0,0,7,1,1,0,0,0,0,1,2,1,0,KRBKRNvK,DRAW,2K3R1/B7/2k5/5r2/n7/8/8/8 w - - 0 1
0,1,0,0,0,0,0,1,-1,1,0,1,1,1,0,0,0,0,0,16,0,0,4,3,6,7,5,2,4,16,17,0,0,0,0,0,0,0,0,7,1,1,0,1,0,0,0,3,0,1,KRBKRNvK,DRAW,8/B2K4/1R2n2k/8/8/8/4r3/8 b - - 0 1
0,1,0,0,0,0,0,1,-1,1,0,1,1,1,0,0,0,0,0,16,0,0,4,5,4,1,6,1,4,25,25,0,0,0,0,0,0,0,0,7,1,1,0,0,0,0,4,2,0,0,KRBKRNvK,DRAW,3r4/1k6/n7/5K2/2B2R2/8/8/8 b - - 0 1
0,1,0,0,0,0,0,1,-1,1,0,1,1,1,0,0,0,0,0,16,0,0,5,5,1,4,6,3,2,27,20,0,0,0,0,0,0,0,0,7,1,1,0,0,0,0,0,1,0,0,KRBKRNvK,DRAW,8/3nk3/8/RB6/8/2r5/5K2/8 b - - 0 1
0,1,0,0,0,0,0,1,-1,1,0,1,1,1,0,0,0,0,0,16,0,0,4,3,6,7,7,2,6,21,25,0,0,0,0,0,0,0,0,7,1,1,0,0,0,0,2,2,0,2,KRBKRNvK,DRAW,4n2k/3K4/8/5r2/8/B7/8/3R4 b - - 0 1
0,1,0,0,0,0,0,1,-1,1,0,1,1,1,0,0,0,0,0,16,0,0,3,3,0,1,3,3,2,24,26,0,0,0,0,0,0,0,0,7,1,1,0,0,0,0,1,2,1,0,KRBKRNvK,DRAW,8/8/8/2r5/1k1B3n/8/5R2/3K4 b - - 0 1
0,1,0,0,0,0,0,1,-1,1,0,1,1,1,0,0,0,0,0,16,0,0,5,1,7,3,2,5,1,23,24,0,0,0,0,0,0,0,0,7,1,1,0,0,0,0,3,3,1,1,KRBKRNvK,DRAW,1K6/r7/8/8/1n4R1/3k1B2/8/8 b - - 0 1
1,1,0,0,0,0,0,1,-1,1,0,1,1,1,0,0,0,0,0,16,0,0,3,6,3,7,6,2,5,24,22,0,0,0,0,0,0,0,0,7,1,1,0,0,0,0,2,0,0,0,KRBKRNvK,DRAW,4B3/7k/n7/8/2R3K1/8/8/5r2 w - - 0 1
0,1,0,0,0,0,0,1,-1,1,0,1,1,1,0,0,0,0,0,16,0,0,6,4,1,5,7,2,4,23,31,0,0,0,0,0,0,0,0,7,1,1,0,0,0,0,2,1,0,2,KRBKRNvK,DRAW,5k2/8/8/7R/4B3/2r1n3/4K3/8 b - - 0 1
0,1,0,0,0,0,0,1,-1,1,0,1,1,1,0,0,0,0,0,16,0,0,4,2,5,6,5,2,3,23,21,0,0,0,0,0,0,0,0,7,1,1,0,0,0,0,1,3,2,1,KRBKRNvK,DRAW,7R/8/2K3k1/r7/7B/8/5n2/8 b - - 0 1
0,1,0,0,0,0,0,1,-1,1,0,1,1,1,0,0,0,0,0,16,0,0,2,3,0,1,1,3,4,4,0,1,0,0,0,0,0,0,0,7,1,1,0,0,0,0,2,2,1,0,KRBKRNvK,DRAW,4n3/8/8/B7/6r1/8/1k1R4/3K4 b - - 0 1
0,1,0,0,0,0,0,1,-1,1,0,1,1,1,0,0,0,0,0,16,0,0,6,4,1,6,7,2,5,14,29,0,0,0,0,0,0,0,0,7,1,1,0,0,0,0,0,0,0,0,KRBKRNvK,DRAW,1n1B2kr/8/8/8/8/8/4K3/1R6 b - - 0 1
0,1,0,0,0,0,0,1,-1,1,0,1,1,1,0,0,0,0,0,16,0,0,4,3,7,3,3,3,0,26,22,0,0,0,0,0,0,0,0,7,1,1,0,0,0,0,0,3,1,0,KRBKRNvK,DRAW,3KB3/8/2R5/6r1/3k4/4n3/8/8 b - - 0 1
0,1,0,0,0,0,0,1,-1,1,0,1,1,1,0,0,0,0,0,16,0,0,7,2,0,1,7,4,5,22,22,0,0,0,0,0,0,0,0,7,1,1,0,0,0,0,0,2,0,0,KRBKRNvK,DRAW,1k3n2/8/4r3/8/8/7B/6R1/2K5 b - - 0 1
0,1,0,0,0,0,0,1,-1,1,0,1,1,1,0,0,0,0,0,16,0,0,7,5,7,7,0,4,6,18,25,0,0,0,0,0,0,0,0,7,1,1,0,0,0,0,2,0,1,0,KRBKRNvK,DRAW,5K2/8/5B2/8/8/8/1n3R2/r6k b - - 0 1
0,1,0,0,0,0,0,1,-1,1,0,1,1,1,0,0,0,0,0,16,0,0,2,4,3,6,5,0,3,24,25,0,0,0,0,0,0,0,0,7,1,1,0,0,0,0,3,1,0,0,KRBKRNvK,DRAW,r7/3n4/6k1/8/4K3/7R/7B/8 b - - 0 1
1,1,0,0,0,0,0,1,-1,1,0,1,1,1,0,0,0,0,0,16,0,0,2,4,5,6,6,1,4,21,22,0,0,0,0,0,0,0,0,7,1,1,0,0,0,0,4,2,0,1,KRBKRNvK,DRAW,8/3B2k1/n3K3/2r5/5R2/8/8/8 w - - 0 1
0,1,0,0,0,0,0,1,-1,1,0,1,1,1,0,0,0,0,0,16,0,0,7,5,0,3,7,4,3,20,21,0,0,0,0,0,0,0,0,7,1,1,1,1,0,0,1,0,0,1,KRBKRNvK,DRAW,3k4/6R1/8/n7/8/8/7r/5KB1 b - - 0 1
0,1,0,0,0,0,0,1,-1,1,0,1,1,1,0,0,0,0,0,16,0,0,6,0,6,6,7,5,5,22,16,0,0,0,0,0,0,0,0,7,1,1,1,0,0,0,0,3,0,1,KRBKRNvK,DRAW,6k1/KR6/1n6/8/5r2/6B1/8/8 b - - 0 1
1,1,0,0,0,0,0,1,-1,1,0,1,1,1,0,0,0,0,0,16,0,0,6,6,7,0,1,5,5,23,20,0,0,0,0,0,0,0,0,7,1,1,0,0,0,0,3,0,1,0,KRBKRNvK,DRAW,3n2K1/r7/8/8/7R/8/k7/B7 w - - 0 1
0,1,0,0,0,0,0,1,-1,1,0,1,1,1,0,0,0,0,0,16,0,0,6,1,2,7,2,3,4,23,16,0,0,0,0,0,0,0,0,7,1,1,1,0,0,0,0,2,0,0,KRBKRNvK,DRAW,8/R7/n7/4r3/8/1K5k/B7/8 b - - 0 1
1,1,0,0,0,0,0,1,-1,1,0,1,1,1,0,0,0,0,0,16,0,0,3,7,5,4,7,4,3,1,0,1,0,0,0,0,0,0,0,7,1,1,1,0,0,0,0,0,0,1,KRBKRNvK,LOSS,4k1n1/7R/7K/8/8/8/8/4B1r1 w - - 0 1
0,1,0,0,0,0,0,1,-1,1,0,1,1,1,0,0,0,0,0,16,0,0,3,2,3,5,4,1,1,26,25,0,0,0,0,0,0,0,0,7,1,1,0,0,0,0,2,2,1,0,KRBKRNvK,DRAW,4n3/8/8/5k2/2K5/3R4/2B5/r7 b - - 0 1
0,1,0,0,0,0,0,1,-1,1,0,1,1,1,0,0,0,0,0,16,0,0,5,1,0,6,4,5,2,22,18,0,0,0,0,0,0,0,0,7,1,1,0,0,0,0,0,2,0,0,KRBKRNvK,DRAW,8/8/8/5nk1/5r2/8/8/1KRB4 b - - 0 1
0,1,0,0,0,0,0,1,-1,1,0,1,1,1,0,0,0,0,0,16,0,0,7,0,1,7,1,5,5,27,21,0,0,0,0,0,0,0,0,7,1,1,0,0,0,0,2,1,0,0,KRBKRNvK,DRAW,3R4/1r6/8/8/5n2/8/K6k/2B5 b - - 0 1
0,1,0,0,0,0,0,1,-1,1,0,1,1,1,0,0,0,0,0,16,0,0,5,6,6,6,1,4,4,29,24,0,0,0,0,0,0,0,0,7,1,1,0,0,0,0,0,3,0,0,KRBKRNvK,DRAW,8/6K1/8/7B/1r6/R1n5/6k1/8 b - - 0 1
1,1,0,0,0,0,0,1,-1,1,0,1,1,1,0,0,0,0,0,16,0,0,2,4,6,2,6,2,3,4,0,1,0,0,0,0,0,0,0,7,1,1,0,1,0,0,2,2,0,1,KRBKRNvK,DRAW,6n1/2k1K3/8/8/4R3/8/3r4/5B2 w - - 0 1
0,1,0,0,0,0,0,1,-1,1,0,1,1,1,0,0,0,0,0,16,0,0,5,1,5,4,0,3,3,22,22,0,0,0,0,0,0,0,0,7,1,1,0,0,0,0,1,3,0,1,KRBKRNvK,DRAW,8/5B2/1K6/1n2r3/8/1R6/8/4k3 b - - 0 1
1,1,0,0,0,0,0,1,-1,1,0,1,1,1,0,0,0,0,0,16,0,0,6,1,7,7,4,5,3,4,0,1,0,0,0,0,0,0,0,7,1,1,0,0,0,0,2,2,0,1,KRBKRNvK,LOSS,1K6/8/2n5/7k/1R6/8/8/1B5r w - - 0 1
1,1,0,0,0,0,0,1,-1,1,0,1,1,1,0,0,0,0,0,16,0,0,4,5,5,2,1,2,3,7,0,1,0,0,0,0,0,0,0,7,1,1,0,0,0,0,3,0,0,1,KRBKRNvK,DRAW,r3n3/8/5K2/8/8/5B1R/2k5/8 w - - 0 1
0,1,0,0,0,0,0,1,-1,1,0,1,1,1,0,0,0,0,0,16,0,0,4,3,0,1,4,3,2,24,19,0,0,0,0,0,0,0,0,7,1,1,0,1,0,0,3,0,1,0,KRBKRNvK,DRAW,4n3/8/8/1k6/8/1B6/r7/3KR3 b - - 0 1
0,1,0,0,0,0,0,1,-1,1,0,1,1,1,0,0,0,0,0,16,0,0,5,5,5,0,6,2,5,2,0,1,0,0,0,0,0,0,0,7,1,1,0,0,0,0,1,2,1,0,KRBKRNvK,DRAW,1B6/k7/5K2/r7/8/1R6/6n1/8 b - - 0 1
0,1,0,0,0,0,0,1,-1,1,0,1,1,1,0,0,0,0,0,16,0,0,5,0,7,5,5,6,2,7,0,1,0,0,0,0,0,0,0,7,1,1,0,0,0,0,1,2,1,0,KRBKRNvK,DRAW,K7/8/5k2/7r/3B4/4n2R/8/8 b - - 0 1
1,1,0,0,0,0,0,1,-1,1,0,1,1,1,0,0,0,0,0,16,0,0,5,2,7,7,2,4,4,5,0,1,0,0,0,0,0,0,0,7,1,1,1,0,0,0,2,3,1,0,KRBKRNvK,DRAW,2K5/1R6/8/2r5/8/5Bnk/8/8 w - - 0 1
1,1,0,0,0,0,0,1,-1,1,0,1,1,1,0,0,0,0,0,16,0,0,3,4,5,7,6,1,5,27,16,0,0,0,0,0,0,0,0,7,1,1,0,0,0,0,4,0,0,0,KRBKRNvK,DRAW,8/7k/4K3/8/6R1/n7/8/2rB4 w - - 0 1
1,1,0,0,0,0,0,1,-1,1,0,1,1,1,0,0,0,0,0,16,0,0,3,2,0,4,3,4,0,25,21,0,0,0,0,0,0,0,0,7,1,1,0,0,0,0,0,4,0,0,KRBKRNvK,DRAW,2R5/8/n7/B3r3/4k3/8/8/2K5 w - - 0 1
0,1,0,0,0,0,0,1,-1,1,0,1,1,1,0,0,0,0,0,16,0,0,3,1,3,4,5,2,1,7,0,1,0,0,0,0,0,0,0,7,1,1,0,0,0,0,0,2,1,0,KRBKRNvK,DRAW,n1B5/6r1/4k3/8/1K6/1R6/8/8 b - - 0 1
0,1,0,0,0,0,0,1,-1,1,0,1,1,1,0,0,0,0,0,16,0,0,3,3,7,0,7,3,6,2,0,1,0,0,0,0,0,0,0,7,1,1,0,1,0,0,0,1,0,0,KRBKRNvK,DRAW,k2K4/4B3/8/8/8/8/R2n1r2/8 b - - 0 1
1,1,0,0,0,0,0,1,-1,1,0,1,1,1,0,0,0,0,0,16,0,0,5,5,2,6,7,2,5,26,21,0,0,0,0,0,0,0,0,7,1,1,0,1,0,0,2,0,0,1,KRBKRNvK,DRAW,6k1/2B5/8/8/8/5K2/r5n1/4R3 w - - 0 1
1,1,0,0,0,0,0,1,-1,1,0,1,1,1,0,0,0,0,0,16,0,0,4,7,2,7,6,4,5,22,15,0,0,0,0,0,0,0,0,7,1,1,0,0,0,0,0,1,1,0,KRBKRNvK,DRAW,2B3R1/7k/8/8/8/7K/3n4/3r4 w - - 0 1
1,1,0,0,0,0,0,1,-1,1,0,1,1,1,0,0,0,0,0,16,0,0,4,1,3,5,6,2,3,19,26,0,0,0,0,0,0,0,0,7,1,1,0,0,0,0,3,2,0,0,KRBKRNvK,WIN,8/5k2/8/4r3/1K1R4/8/8/B4n2 w - - 0 1
1,1,0,0,0,0,0,1,-1,1,0,1,1,1,0,0,0,0,0,16,0,0,5,5,6,6,1,3,4,28,20,0,0,0,0,0,0,0,0,7,1,1,0,1,0,0,2,1,0,0,KRBKRNvK,DRAW,3B4/5K2/8/R7/8/8/4n1kr/8 w - - 0 1
1,1,0,0,0,0,0,1,-1,1,0,1,1,1,0,0,0,0,0,16,0,0,6,6,6,5,0,4,4,20,17,0,0,0,0,0,0,0,0,7,1,1,0,0,0,0,2,1,0,0,KRBKRNvK,DRAW,B5R1/6K1/rn6/8/8/8/8/5k2 w - - 0 1
0,1,0,0,0,0,0,1,-1,1,0,1,1,1,0,0,0,0,0,16,0,0,6,5,6,2,0,3,4,24,28,0,0,0,0,0,0,0,0,7,1,1,0,0,0,0,3,1,0,0,KRBKRNvK,DRAW,8/5K2/8/2B2R2/8/r7/4n3/2k5 b - - 0 1
1,1,0,0,0,0,0,1,-1,1,0,1,1,1,0,0,0,0,0,16,0,0,6,2,7,2,1,4,3,23,20,0,0,0,0,0,0,0,0,7,1,1,0,0,0,0,2,2,1,0,KRBKRNvK,DRAW,2K5/8/8/1r5n/8/8/2k5/B5R1 w - - 0 1
0,1,0,0,0,0,0,1,-1,1,0,1,1,1,0,0,0,0,0,16,0,0,4,2,2,6,0,2,5,18,16,0,0,0,0,0,0,0,0,7,1,1,0,0,0,0,1,2,0,0,KRBKRNvK,DRAW,4B3/3rn3/8/8/8/2K5/2R5/6k1 b - - 0 1
0,1,0,0,0,0,0,1,-1,1,0,1,1,1,0,0,0,0,0,16,0,0,4,3,4,0,0,0,6,21,24,0,0,0,0,0,0,0,0,7,1,1,0,0,0,0,3,0,0,1,KRBKRNvK,DRAW,2RB4/8/8/3K4/8/5r2/8/k2n4 b - - 0 1
1,1,0,0,0,0,0,1,-1,1,0,1,1,1,0,0,0,0,0,16,0,0,4,3,2,7,2,1,4,5,0,1,0,0,0,0,0,0,0,7,1,1,0,0,0,0,3,2,0,1,KRBKRNvK,DRAW,8/8/8/3r4/4R3/3K3k/6n1/2B5 w - - 0 1
0,1,0,0,0,0,0,1,-1,1,0,1,1,1,0,0,0,0,0,16,0,0,3,3,2,0,0,1,6,3,0,1,0,0,0,0,0,0,0,7,1,1,0,0,0,0,3,0,0,1,KRBKRNvK,DRAW,5n2/6B1/4R3/8/8/3K4/8/k4r2 b - - 0 1
0,1,0,0,0,0,0,1,-1,1,0,1,1,1,0,0,0,0,0,16,0,0,4,0,0,3,4,6,0,25,21,0,0,0,0,0,0,0,0,7,1,1,0,0,0,0,0,3,0,0,KRBKRNvK,DRAW,8/8/5r2/n2k4/6B1/8/6R1/K7 b - - 0 1
0,1,0,0,0,0,0,1,-1,1,0,1,1,1,0,0,0,0,0,16,0,0,5,0,1,5,6,5,3,22,26,0,0,0,0,0,0,0,0,7,1,1,0,0,0,0,1,1,2,1,KRBKRNvK,DRAW,7R/5k2/3B4/8/8/1r4n1/K7/8 b - - 0 1
0,1,0,0,0,0,0,1,-1,1,0,1,1,1,0,0,0,0,0,16,0,0,5,1,7,6,4,5,2,5,0,1,0,0,0,0,0,0,0,7,1,1,0,0,0,0,3,3,0,0,KRBKRNvK,DRAW,1K6/8/8/1R4k1/1n5r/8/8/1B6 b - - 0 1
1,1,0,0,0,0,0,1,-1,1,0,1,1,1,0,0,0,0,0,16,0,0,6,1,7,5,1,5,3,4,0,1,0,0,0,0,0,0,0,7,1,1,0,0,0,0,2,0,1,1,KRBKRNvK,DRAW,1K6/8/1r6/8/R7/8/4Bk2/1n6 w - - 0 1
1,1,0,0,0,0,0,1,-1,1,0,1,1,1,0,0,0,0,0,16,0,0,4,5,4,1,3,1,2,7,0,1,0,0,0,0,0,0,0,7,1,1,0,0,0,0,4,2,0,0,KRBKRNvK,DRAW,3n4/8/4B3/r4K2/1k6/8/8/3R4 w - - 0 1
1,1,0,0,0,0,0,1,-1,1,0,1,1,1,0,0,0,0,0,16,0,0,6,3,1,1,7,2,5,26,20,0,0,0,0,0,0,0,0,7,1,1,0,0,0,0,2,2,0,0,KRBKRNvK,DRAW,1k2r3/6B1/n7/8/8/8/3K4/6R1 w - - 0 1
0,1,0,0,0,0,0,1,-1,1,0,1,1,1,0,0,0,0,0,16,0,0,5,1,5,6,4,3,2,17,23,0,0,0,0,0,0,0,0,7,1,1,0,0,0,0,2,3,1,0,KRBKRNvK,DRAW,8/6B1/1K6/5rk1/8/6n1/6R1/8 b - - 0 1
1,1,0,0,0,0,0,1,-1,1,0,1,1,1,0,0,0,0,0,16,0,0,6,4,0,5,6,3,3,30,19,0,0,0,0,0,0,0,0,7,1,1,0,0,0,0,3,2,1,0,KRBKRNvK,DRAW,8/5k2/r1nB4/8/6R1/8/8/4K3 w - - 0 1
1,1,0,0,0,0,0,1,-1,1,0,1,1,1,0,0,0,0,0,16,0,0,4,5,5,1,2,2,3,5,0,1,0,0,0,0,0,0,0,7,1,1,1,0,0,0,2,2,0,1,KRBKRNvK,DRAW,8/5R2/5K2/4B3/r3n3/1k6/8/8 w - - 0 1
0,1,0,0,0,0,0,1,-1,1,0,1,1,1,0,0,0,0,0,16,0,0,3,4,0,7,2,3,4,23,30,0,0,0,0,0,0,0,0,7,1,1,0,0,0,0,1,1,0,0,KRBKRNvK,DRAW,8/3n4/6r1/8/2B5/7k/1R6/4K3 b - - 0 1
1,1,0,0,0,0,0,1,-1,1,0,1,1,1,0,0,0,0,0,16,0,0,4,4,7,6,3,3,2,18,16,0,0,0,0,0,0,0,0,7,1,1,0,0,0,0,0,0,0,1,KRBKRNvK,DRAW,2rBK3/8/8/7n/6k1/8/8/5R2 w - - 0 1
0,1,0,0,0,0,0,1,-1,1,0,1,1,1,0,0,0,0,0,16,0,0,3,4,4,1,2,0,3,26,21,0,0,0,0,0,0,0,0,7,1,1,0,0,0,0,4,0,0,1,KRBKRNvK,DRAW,1B5R/6n1/8/4K3/8/1k6/8/2r5 b - - 0 1
0,1,0,0,0,0,0,1,-1,1,0,1,1,1,0,0,0,0,0,16,0,0,4,1,3,5,7,2,4,22,22,0,0,0,0,0,0,0,0,7,1,1,0,0,0,0,0,3,1,1,KRBKRNvK,DRAW,5k2/8/3r1nR1/8/1K5B/8/8/8 b - - 0 1
1,1,0,0,0,0,0,1,-1,1,0,1,1,1,0,0,0,0,0,16,0,0,3,0,2,1,5,4,3,5,0,1,0,0,0,0,0,0,0,7,1,1,1,0,0,0,0,0,0,0,KRBKRNvK,DRAW,r6n/7R/1k6/8/8/K7/8/5B2 w - - 0 1
0,1,0,0,0,0,0,1,-1,1,0,1,1,1,0,0,0,0,0,16,0,0,4,1,4,5,6,2,3,4,0,1,0,0,0,0,0,0,0,7,1,1,1,0,0,0,2,2,1,0,KRBKRNvK,DRAW,3rn3/4Rk2/8/1K6/8/B7/8/8 b - - 0 1
1,1,0,0,0,0,0,1,-1,1,0,1,1,1,0,0,0,0,0,16,0,0,7,7,2,0,6,4,5,4,0,1,0,0,0,0,0,0,0,7,1,1,0,1,0,0,2,1,0,1,KRBKRNvK,DRAW,8/k7/8/8/6R1/7K/r4n2/3B4 w - - 0 1
0,1,0,0,0,0,0,1,-1,1,0,1,1,1,0,0,0,0,0,16,0,0,4,5,3,5,7,1,4,12,26,0,0,0,0,0,0,0,0,7,1,1,0,0,0,0,2,0,0,0,KRBKRNvK,DRAW,n4kr1/8/8/7B/5K2/8/8/2R5 b - - 0 1
1,1,0,0,0,0,0,1,-1,1,0,1,1,1,0,0,0,0,0,16,0,0,6,3,7,2,1,3,3,23,27,0,0,0,0,0,0,0,0,7,1,1,1,0,0,0,0,3,1,1,KRBKRNvK,DRAW,3K4/6R1/3n4/8/4r3/8/2k5/2B5 w - - 0 1
1,1,0,0,0,0,0,1,-1,1,0,1,1,1,0,0,0,0,0,16,0,0,5,2,6,7,7,3,6,27,18,0,0,0,0,0,0,0,0,7,1,1,0,0,0,0,2,0,1,0,KRBKRNvK,DRAW,6Bk/2K3n1/8/2R5/8/8/8/7r w - - 0 1
0,1,0,0,0,0,0,1,-1,1,0,1,1,1,0,0,0,0,0,16,0,0,4,4,4,0,6,0,5,22,20,0,0,0,0,0,0,0,0,7,1,1,0,0,0,0,4,2,0,1,KRBKRNvK,DRAW,8/k7/3r4/4K1R1/B7/8/8/1n6 b - - 0 1
0,1,0,0,0,0,0,1,-1,1,0,1,1,1,0,0,0,0,0,16,0,0,6,7,1,1,5,5,3,9,0,1,0,0,0,0,0,0,0,7,1,1,0,0,0,0,1,0,0,0,KRBKRNvK,DRAW,5r2/8/1k4R1/8/4n3/5B2/7K/8 b - - 0 1
1,1,0,0,0,0,0,1,-1,1,0,1,1,1,0,0,0,0,0,16,0,0,2,7,3,5,1,3,3,24,22,0,0,0,0,0,0,0,0,7,1,1,0,1,0,0,0,0,0,0,KRBKRNvK,DRAW,8/8/6R1/B7/4n2K/8/2r2k2/8 w - - 0 1
1,1,0,0,0,0,0,1,-1,1,0,1,1,1,0,0,0,0,0,16,0,0,3,6,3,3,2,2,1,5,0,1,0,0,0,0,0,0,0,7,1,1,1,1,0,0,2,2,0,2,KRBKRNvK,DRAW,3B4/4R3/7n/8/6K1/3k4/5r2/8 w - - 0 1
1,1,0,0,0,0,0,1,-1,1,0,1,1,1,0,0,0,0,0,16,0,0,5,6,0,2,5,5,2,4,0,1,0,0,0,0,0,0,0,7,1,1,0,0,0,0,2,1,1,0,KRBKRNvK,DRAW,8/8/2k4B/8/R7/8/8/nr4K1 w - - 0 1
1,1,0,0,0,0,0,1,-1,1,0,1,1,1,0,0,0,0,0,16,0,0,4,7,0,3,4,6,0,24,16,0,0,0,0,0,0,0,0,7,1,1,0,0,0,0,2,4,0,0,KRBKRNvK,DRAW,n7/6B1/3r4/3k4/8/8/1R6/7K w - - 0 1
1,1,0,0,0,0,0,1,-1,1,0,1,1,1,0,0,0,0,0,16,0,0,5,2,1,7,1,3,5,25,16,0,0,0,0,0,0,0,0,7,1,1,0,0,0,0,0,1,1,0,KRBKRNvK,DRAW,5B2/8/8/8/6n1/6r1/2K4k/5R2 w - - 0 1
0,1,0,0,0,0,0,1,-1,1,0,1,1,1,0,0,0,0,0,16,0,0,2,2,5,0,5,2,4,20,24,0,0,0,0,0,0,0,0,7,1,1,0,0,0,0,3,2,1,1,KRBKRNvK,DRAW,8/4r3/k1K4n/7B/1R6/8/8/8 b - - 0 1
0,1,0,0,0,0,0,1,-1,1,0,1,1,1,0,0,0,0,0,16,0,0,2,1,0,3,1,5,2,4,0,1,0,0,0,0,0,0,0,7,1,1,0,1,0,0,2,0,1,1,KRBKRNvK,DRAW,1n6/8/8/8/3R4/8/2rk4/1K5B b - - 0 1
0,1,0,0,0,0,0,1,-1,1,0,1,1,1,0,0,0,0,0,16,0,0,6,0,1,6,7,5,5,5,0,1,0,0,0,0,0,0,0,7,1,1,0,0,0,0,3,2,1,0,KRBKRNvK,LOSS,6k1/3r4/4B3/3R4/6n1/8/K7/8 b - - 0 1
0,1,0,0,0,0,0,1,-1,1,0,1,1,1,0,0,0,0,0,16,0,0,6,0,6,3,0,5,3,17,27,0,0,0,0,0,0,0,0,7,1,1,0,0,0,0,3,0,0,0,KRBKRNvK,DRAW,8/K7/7n/8/2B1R3/8/8/3k2r1 b - - 0 1
1,1,0,0,0,0,0,1,-1,1,0,1,1,1,0,0,0,0,0,16,0,0,3,3,2,0,2,1,4,23,18,0,0,0,0,0,0,0,0,7,1,1,0,0,0,0,2,0,2,0,KRBKRNvK,DRAW,n7/8/5r2/8/8/k2K4/1R6/1B6 w - - 0 1
1,1,0,0,0,0,0,1,-1,1,0,1,1,1,0,0,0,0,0,16,0,0,2,2,2,4,3,2,0,4,0,1,0,0,0,0,0,0,0,7,1,1,0,0,0,0,3,3,1,1,KRBKRNvK,DRAW,8/B7/8/2R5/4k1n1/2Kr4/8/8 w - - 0 1
0,1,0,0,0,0,0,1,-1,1,0,1,1,1,0,0,0,0,0,16,0,0,2,2,5,2,7,2,4,15,21,0,0,0,0,0,0,0,0,7,1,1,0,0,0,0,2,2,1,1,KRBKRNvK,DRAW,2kr4/B7/2K5/8/8/2R5/8/4n3 b - - 0 1
0,1,0,0,0,0,0,1,-1,1,0,1,1,1,0,0,0,0,0,16,0,0,6,6,0,0,1,5,5,18,23,0,0,0,0,0,0,0,0,7,1,1,0,1,0,0,2,2,1,0,KRBKRNvK,DRAW,8/7B/8/8/2R5/8/k2r4/n5K1 b - - 0 1
0,1,0,0,0,0,0,1,-1,1,0,1,1,1,0,0,0,0,0,16,0,0,2,4,3,3,1,0,2,27,30,0,0,0,0,0,0,0,0,7,1,1,1,0,0,0,3,1,1,1,KRBKRNvK,DRAW,8/7R/8/8/3BKn2/r7/3k4/8 b - - 0 1
1,1,0,0,0,0,0,1,-1,1,0,1,1,1,0,0,0,0,0,16,0,0,2,3,4,2,6,0,3,2,0,1,0,0,0,0,0,0,0,7,1,1,0,0,0,0,3,3,1,2,KRBKRNvK,DRAW,2B4R/2k5/1n6/3K4/8/4r3/8/8 w - - 0 1
0,1,0,0,0,0,0,1,-1,1,0,1,1,1,0,0,0,0,0,16,0,0,3,2,0,0,3,4,3,4,0,1,0,0,0,0,0,0,0,7,1,1,0,0,0,0,3,0,0,0,KRBKRNvK,DRAW,4n3/8/8/8/k2R4/4B2r/8/2K5 b - - 0 1
0,1,0,0,0,0,0,1,-1,1,0,1,1,1,0,0,0,0,0,16,0,0,6,7,7,1,1,6,4,7,0,1,0,0,0,0,0,0,0,7,1,1,1,0,0,0,0,2,0,0,KRBKRNvK,DRAW,2n4K/1R6/B7/8/8/8/1k6/4r3 b - - 0 1
0,1,0,0,0,0,0,1,-1,1,0,1,1,1,0,0,0,0,0,16,0,0,6,2,1,3,7,3,3,26,27,0,0,0,0,0,0,0,0,7,1,1,0,0,0,0,0,3,0,0,KRBKRNvK,DRAW,3k4/8/4n3/r7/8/7B/2K5/6R1 b - - 0 1
0,1,0,0,0,0,0,1,-1,1,0,1,1,1,0,0,0,0,0,16,0,0,6,6,0,4,6,5,2,21,24,0,0,0,0,0,0,0,0,7,1,1,0,0,0,0,3,2,1,0,KRBKRNvK,DRAW,1n6/4k1B1/8/4r3/R7/8/8/6K1 b - - 0 1
1,1,0,0,0,0,0,1,-1,1,0,1,1,1,0,0,0,0,0,16,0,0,4,7,7,5,3,6,1,3,0,1,0,0,0,0,0,0,0,7,1,1,0,0,0,0,1,3,1,0,KRBKRNvK,DRAW,4r2K/4n3/8/8/2B2k2/8/7R/8 w - - 0 1
0,1,0,0,0,0,0,1,-1,1,0,1,1,1,0,0,0,0,0,16,0,0,6,1,7,7,5,5,4,22,23,0,0,0,0,0,0,0,0,7,1,1,0,0,0,0,1,2,0,0,KRBKRNvK,DRAW,1K6/8/7k/1n6/8/8/B5R1/3r4 b - - 0 1
1,1,0,0,0,0,0,1,-1,1,0,1,1,1,0,0,0,0,0,16,0,0,6,7,7,1,3,6,2,24,21,0,0,0,0,0,0,0,0,7,1,1,0,0,0,0,0,3,1,0,KRBKRNvK,DRAW,7K/8/8/8/1k1r4/3n4/R7/2B5 w - - 0 1
0,1,0,0,0,0,0,1,-1,1,0,1,1,1,0,0,0,0,0,16,0,0,6,7,7,3,1,6,2,24,21,0,0,0,0,0,0,0,0,7,1,1,0,0,0,0,2,0,1,0,KRBKRNvK,DRAW,7K/8/1R6/8/8/6r1/1B1k4/2n5 b - - 0 1
0,1,0,0,0,0,0,1,-1,1,0,1,1,1,0,0,0,0,0,16,0,0,4,0,3,4,7,3,3,21,19,0,0,0,0,0,0,0,0,7,1,1,0,0,0,0,1,2,0,1,KRBKRNvK,DRAW,4k3/8/8/4r3/K7/8/n4B2/R7 b - - 0 1
1,1,0,0,0,0,0,1,-1,1,0,1,1,1,0,0,0,0,0,16,0,0,5,5,2,0,7,2,6,19,21,0,0,0,0,0,0,0,0,7,1,1,0,0,0,0,2,2,0,2,KRBKRNvK,DRAW,k7/8/8/5r2/5n2/4RK2/8/3B4 w - - 0 1
0,1,0,0,0,0,0,1,-1,1,0,1,1,1,0,0,0,0,0,16,0,0,4,1,6,3,2,4,1,23,24,0,0,0,0,0,0,0,0,7,1,1,0,1,0,0,0,2,0,1,KRBKRNvK,DRAW,2n5/1K6/8/7B/8/3k4/2r5/6R1 b - - 0 1
0,1,0,0,0,0,0,1,-1,1,0,1,1,1,0,0,0,0,0,16,0,0,4,7,1,3,0,5,3,22,22,0,0,0,0,0,0,0,0,7,1,1,0,0,0,0,1,1,0,0,KRBKRNvK,DRAW,2r5/8/7R/8/8/8/2n4K/3k2B1 b - - 0 1
1,1,0,0,0,0,0,1,-1,1,0,1,1,1,0,0,0,0,0,16,0,0,5,5,6,0,3,3,3,7,0,1,0,0,0,0,0,0,0,7,1,1,0,0,0,0,0,2,1,1,KRBKRNvK,DRAW,3B4/5K2/3n4/8/k2r4/2R5/8/8 w - - 0 1
0,1,0,0,0,0,0,1,-1,1,0,1,1,1,0,0,0,0,0,16,0,0,3,3,3,5,6,0,3,6,0,1,0,0,0,0,0,0,0,7,1,1,0,0,0,0,4,0,1,0,KRBKRNvK,DRAW,8/r4k2/8/5R2/3K4/8/n7/B7 b - - 0 1
1,1,0,0,0,0,0,1,-1,1,0,1,1,1,0,0,0,0,0,16,0,0,6,4,6,7,0,2,6,29,20,0,0,0,0,0,0,0,0,7,1,1,0,0,0,0,1,1,0,0,KRBKRNvK,DRAW,1R6/4K3/4B3/8/8/6n1/8/5r1k w - - 0 1
0,1,0,0,0,0,0,1,-1,1,0,1,1,1,0,0,0,0,0,16,0,0,3,7,2,4,4,4,0,3,0,1,0,0,0,0,0,0,0,7,1,1,0,0,0,0,4,3,1,1,KRBKRNvK,DRAW,8/1B6/r7/4k3/4R3/7K/8/7n b - - 0 1
1,1,0,0,0,0,0,1,-1,1,0,1,1,1,0,0,0,0,0,16,0,0,5,7,3,2,2,3,2,24,12,0,0,0,0,0,0,0,0,7,1,1,0,0,0,0,2,1,0,0,KRBKRNvK,DRAW,8/7B/n7/8/6RK/r1k5/8/8 w - - 0 1
1,1,0,0,0,0,0,1,-1,1,0,1,1,1,0,0,0,0,0,16,0,0,6,1,6,7,6,4,5,5,0,1,0,0,0,0,0,0,0,7,1,1,0,0,0,0,3,2,0,1,KRBKRNvK,DRAW,3n4/1K2r2k/8/R7/8/8/8/B7 w - - 0 1
1,1,0,0,0,0,0,1,-1,1,0,1,1,1,0,0,0,0,0,16,0,0,6,1,5,7,2,3,4,6,0,1,0,0,0,0,0,0,0,7,1,1,0,0,0,0,1,0,0,0,KRBKRNvK,DRAW,1R6/8/1K3rB1/8/8/7k/n7/8 w - - 0 1
0,1,0,0,0,0,0,1,-1,1,0,1,1,1,0,0,0,0,0,16,0,0,6,7,3,1,4,3,2,24,26,0,0,0,0,0,0,0,0,7,1,1,0,1,0,0,1,1,2,1,KRBKRNvK,DRAW,8/4n3/3B4/1k6/7K/2R5/6r1/8 b - - 0 1
1,1,0,0,0,0,0,1,-1,1,0,1,1,1,0,0,0,0,0,16,0,0,2,1,5,3,5,3,1,28,16,0,0,0,0,0,0,0,0,7,1,1,1,0,0,0,2,3,1,0,KRBKRNvK,DRAW,8/4R3/1K1k4/8/8/3r4/3B4/3n4 w - - 0 1
0,1,0,0,0,0,0,1,-1,1,0,1,1,1,0,0,0,0,0,16,0,0,5,6,1,1,1,4,4,26,24,0,0,0,0,0,0,0,0,7,1,1,0,0,0,0,0,0,0,1,KRBKRNvK,DRAW,8/8/R7/8/3n2B1/5r2/1k4K1/8 b - - 0 1
0,1,0,0,0,0,0,1,-1,1,0,1,1,1,0,0,0,0,0,16,0,0,4,6,0,6,4,5,2,29,22,0,0,0,0,0,0,0,0,7,1,1,0,0,0,0,1,2,0,1,KRBKRNvK,DRAW,1R4B1/8/8/6k1/2n5/4r3/8/6K1 b - - 0 1
1,1,0,0,0,0,0,1,-1,1,0,1,1,1,0,0,0,0,0,16,0,0,2,4,2,5,0,1,4,3,0,1,0,0,0,0,0,0,0,7,1,1,0,0,0,0,3,2,0,1,KRBKRNvK,DRAW,8/8/4B3/8/2R5/1r2Kn2/8/5k2 w - - 0 1
0,1,0,0,0,0,0,1,-1,1,0,1,1,1,0,0,0,0,0,16,0,0,5,7,6,2,4,5,1,24,27,0,0,0,0,0,0,0,0,7,1,1,1,0,0,0,0,2,1,0,KRBKRNvK,DRAW,8/R6K/8/2kn4/6B1/2r5/8/8 b - - 0 1
0,1,0,0,0,0,0,1,-1,1,0,1,1,1,0,0,0,0,0,16,0,0,5,1,7,2,2,5,2,20,30,0,0,0,0,0,0,0,0,7,1,1,0,0,0,0,2,2,1,0,KRBKRNvK,DRAW,1K6/8/8/5B2/1n6/2k4r/4R3/8 b - - 0 1
1,1,0,0,0,0,0,1,-1,1,0,1,1,1,0,0,0,0,0,16,0,0,2,7,5,5,6,4,3,3,0,1,0,0,0,0,0,0,0,7,1,1,0,0,0,0,2,1,1,0,KRBKRNvK,DRAW,3R4/5k2/2r4K/B7/8/6n1/8/8 w - - 0 1
1,1,0,0,0,0,0,1,-1,1,0,1,1,1,0,0,0,0,0,16,0,0,4,1,0,1,4,5,2,21,25,0,0,0,0,0,0,0,0,7,1,1,0,0,0,0,0,0,0,0,KRBKRNvK,DRAW,4n3/2r5/8/1k6/6B1/6R1/8/1K6 w - - 0 1
0,1,0,0,0,0,0,1,-1,1,0,1,1,1,0,0,0,0,0,16,0,0,4,5,0,1,4,4,2,5,0,1,0,0,0,0,0,0,0,7,1,1,0,0,0,0,3,0,1,0,KRBKRNvK,DRAW,8/8/6r1/1k1R4/3n4/8/2B5/5K2 b - - 0 1
0,1,0,0,0,0,0,1,-1,1,0,1,1,1,0,0,0,0,0,16,0,0,7,1,0,6,7,5,5,21,24,0,0,0,0,0,0,0,0,7,1,1,0,0,0,0,2,0,1,0,KRBKRNvK,DRAW,2r3k1/8/4R3/8/B7/8/8/1K3n2 b - - 0 1
0,1,0,0,0,0,0,1,-1,1,0,1,1,1,0,0,0,0,0,16,0,0,6,6,7,0,1,5,5,22,27,0,0,0,0,0,0,0,0,7,1,1,0,1,0,0,3,2,0,0,KRBKRNvK,DRAW,6K1/8/1B6/n5R1/8/8/k3r3/8 b - - 0 1
1,1,0,0,0,0,0,1,-1,1,0,1,1,1,0,0,0,0,0,16,0,0,2,0,7,2,7,6,4,1,0,1,0,0,0,0,0,0,0,7,1,1,0,0,0,0,2,1,1,1,KRBKRNvK,LOSS,K1k1B3/2n5/6r1/8/7R/8/8/8 w - - 0 1
1,1,0,0,0,0,0,1,-1,1,0,1,1,1,0,0,0,0,0,16,0,0,2,0,7,2,7,6,4,24,16,0,0,0,0,0,0,0,0,7,1,1,0,1,0,0,2,0,1,0,KRBKRNvK,DRAW,K1k5/4B2n/8/8/3R4/8/7r/8 w - - 0 1
0,1,0,0,0,0,0,1,-1,1,0,1,1,1,0,0,0,0,0,16,0,0,4,7,2,3,6,4,2,6,0,1,0,0,0,0,0,0,0,7,1,1,0,0,0,0,1,2,1,1,KRBKRNvK,DRAW,8/3k4/8/1B6/3n2r1/7K/8/3R4 b - - 0 1
1,1,0,0,0,0,0,1,-1,1,0,1,1,1,0,0,0,0,0,16,0,0,2,3,5,1,5,1,3,25,17,0,0,0,0,0,0,0,0,7,1,1,0,0,0,0,3,2,0,0,KRBKRNvK,DRAW,8/8/1k1K4/n7/r7/8/7R/7B w - - 0 1
0,1,0,0,0,0,0,1,-1,1,0,1,1,1,0,0,0,0,0,16,0,0,3,2,2,0,5,2,4,3,0,1,0,0,0,0,0,0,0,7,1,1,0,0,0,0,2,0,0,1,KRBKRNvK,DRAW,8/r7/k7/8/8/nRKB4/8/8 b - - 0 1
0,1,0,0,0,0,0,1,-1,1,0,1,1,1,0,0,0,0,0,16,0,0,2,2,3,0,4,1,3,4,0,1,0,0,0,0,0,0,0,7,1,1,0,0,0,0,4,0,1,0,KRBKRNvK,LOSS,3n4/8/6B1/k1R5/2K5/8/8/1r6 b - - 0 1
0,1,0,0,0,0,0,1,-1,1,0,1,1,1,0,0,0,0,0,16,0,0,4,1,7,3,3,5,0,16,25,0,0,0,0,0,0,0,0,7,1,1,0,0,0,0,1,4,1,0,KRBKRNvK,DRAW,1K6/8/8/8/3k4/3r4/B1R5/5n2 b - - 0 1
0,1,0,0,0,0,0,1,-1,1,0,1,1,1,0,0,0,0,0,16,0,0,2,4,7,3,5,3,1,2,0,1,0,0,0,0,0,0,0,7,1,1,0,0,0,0,2,2,0,0,KRBKRNvK,DRAW,4K3/7r/3k4/R7/3n4/6B1/8/8 b - - 0 1
1,1,0,0,0,0,0,1,-1,1,0,1,1,1,0,0,0,0,0,16,0,0,5,2,0,7,0,4,6,26,19,0,0,0,0,0,0,0,0,7,1,1,0,0,0,0,0,1,1,0,KRBKRNvK,DRAW,2r5/8/8/8/1Bn5/8/5R2/2K4k w - - 0 1
0,1,0,0,0,0,0,1,-1,1,0,1,1,1,0,0,0,0,0,16,0,0,6,0,0,3,6,6,2,21,22,0,0,0,0,0,0,0,0,7,1,1,0,0,0,0,2,0,0,0,KRBKRNvK,DRAW,8/3k2r1/8/B2n4/8/8/8/K3R3 b - - 0 1
0,1,0,0,0,0,0,1,-1,1,0,1,1,1,0,0,0,0,0,16,0,0,3,6,7,3,4,5,0,3,0,1,0,0,0,0,0,0,0,7,1,1,0,0,0,0,1,4,1,0,KRBKRNvK,DRAW,1B4K1/8/3R4/3kr3/8/2n5/8/8 b - - 0 1
0,1,0,0,0,0,0,1,-1,1,0,1,1,1,0,0,0,0,0,16,0,0,4,4,6,2,2,2,2,6,0,1,0,0,0,0,0,0,0,7,1,1,0,0,0,0,1,1,1,0,KRBKRNvK,DRAW,8/4K3/8/8/4n3/R1k2B1r/8/8 b - - 0 1
1,1,0,0,0,0,0,1,-1,1,0,1,1,1,0,0,0,0,0,16,0,0,2,6,0,7,2,5,4,24,20,0,0,0,0,0,0,0,0,7,1,1,0,0,0,0,3,2,0,1,KRBKRNvK,DRAW,8/8/8/8/n7/4r2k/1B1R4/6K1 w - - 0 1
0,1,0,0,0,0,0,1,-1,1,0,1,1,1,0,0,0,0,0,16,0,0,7,7,5,0,2,4,4,21,23,0,0,0,0,0,0,0,0,7,1,1,0,0,0,0,1,2,0,0,KRBKRNvK,DRAW,5R2/8/7K/3r4/5B2/k7/8/n7 b - - 0 1
1,1,0,0,0,0,0,1,-1,1,0,1,1,1,0,0,0,0,0,16,0,0,6,5,1,6,7,3,5,19,20,0,0,0,0,0,0,0,0,7,1,1,0,0,0,0,0,2,0,1,KRBKRNvK,DRAW,6k1/8/B7/8/r7/8/5K1n/5R2 w - - 0 1
1,1,0,0,0,0,0,1,-1,1,0,1,1,1,0,0,0,0,0,16,0,0,5,1,7,1,2,5,3,26,21,0,0,0,0,0,0,0,0,7,1,1,0,0,0,0,2,3,2,0,KRBKRNvK,DRAW,1K6/8/8/R7/8/1k1r1n2/8/2B5 w - - 0 1
1,1,0,0,0,0,0,1,-1,1,0,1,1,1,0,0,0,0,0,16,0,0,3,3,5,0,3,1,3,21,23,0,0,0,0,0,0,0,0,7,1,1,0,0,0,0,3,2,0,0,KRBKRNvK,DRAW,R7/B7/3K4/8/k7/2n2r2/8/8 w - - 0 1
0,1,0,0,0,0,0,1,-1,1,0,1,1,1,0,0,0,0,0,16,0,0,2,3,2,5,1,1,3,25,23,0,0,0,0,0,0,0,0,7,1,1,0,0,0,0,2,2,0,0,KRBKRNvK,DRAW,4r3/7B/8/8/1R6/3K2n1/5k2/8 b - - 0 1
0,1,0,0,0,0,0,1,-1,1,0,1,1,1,0,0,0,0,0,16,0,0,2,6,7,5,5,5,2,13,22,0,0,0,0,0,0,0,0,7,1,1,0,0,0,0,3,1,2,1,KRBKRNvK,DRAW,6K1/5r2/5k2/4R3/5B2/8/8/3n4 b - - 0 1
0,1,0,0,0,0,0,1,-1,1,0,1,1,1,0,0,0,0,0,16,0,0,5,1,5,1,0,3,5,17,28,0,0,0,0,0,0,0,0,7,1,1,1,0,0,0,0,0,1,1,KRBKRNvK,DRAW,3n2r1/2R5/1K6/8/8/8/3B4/1k6 b - - 0 1
1,1,0,0,0,0,0,1,-1,1,0,1,1,1,0,0,0,0,0,16,0,0,4,7,0,4,4,6,0,4,0,1,0,0,0,0,0,0,0,7,1,1,0,0,0,0,2,3,1,1,KRBKRNvK,LOSS,8/8/8/4k3/3R4/1B5n/8/2r4K w - - 0 1
1,1,0,0,0,0,0,1,-1,1,0,1,1,1,0,0,0,0,0,16,0,0,5,1,5,1,0,3,5,19,24,0,0,0,0,0,0,0,0,7,1,1,1,0,0,0,1,1,0,1,KRBKRNvK,DRAW,1B3r2/1R6/1K6/8/1n6/8/8/1k6 w - - 0 1
1,1,0,0,0,0,0,1,-1,1,0,1,1,1,0,0,0,0,0,16,0,0,3,6,3,3,6,2,2,5,0,1,0,0,0,0,0,0,0,7,1,1,0,0,0,0,2,2,1,1,KRBKRNvK,DRAW,3B4/3k4/8/8/3r2Kn/8/4R3/8 w - - 0 1
1,1,0,0,0,0,0,1,-1,1,0,1,1,1,0,0,0,0,0,16,0,0,6,6,1,0,5,4,4,7,0,1,0,0,0,0,0,0,0,7,1,1,0,0,0,0,3,2,0,1,KRBKRNvK,LOSS,3R3B/8/k7/8/3r4/8/6K1/4n3 w - - 0 1
1,1,0,0,0,0,0,1,-1,1,0,1,1,1,0,0,0,0,0,16,0,0,2,2,1,4,0,3,3,19,20,0,0,0,0,0,0,0,0,7,1,1,0,0,0,0,0,2,0,1,KRBKRNvK,DRAW,8/7n/8/8/B2r4/R7/2K5/4k3 w - - 0 1
0,1,0,0,0,0,0,1,-1,1,0,1,1,1,0,0,0,0,0,16,0,0,2,4,2,6,4,1,2,24,23,0,0,0,0,0,0,0,0,7,1,1,0,1,0,0,2,3,1,1,KRBKRNvK,DRAW,8/7B/3n4/6k1/8/4K3/3r4/2R5 b - - 0 1
1,1,0,0,0,0,0,1,-1,1,0,1,1,1,0,0,0,0,0,16,0,0,2,7,6,5,7,5,4,21,20,0,0,0,0,0,0,0,0,7,1,1,0,0,0,0,2,3,0,1,KRBKRNvK,WIN,5k2/7K/8/5r2/8/1n6/8/2B1R3 w - - 0 1
1,1,0,0,0,0,0,1,-1,1,0,1,1,1,0,0,0,0,0,16,0,0,6,3,7,1,1,3,4,4,0,1,0,0,0,0,0,0,0,7,1,1,0,0,0,0,0,2,0,1,KRBKRNvK,DRAW,R2K1n2/8/B7/8/3r4/8/1k6/8 w - - 0 1
1,1,0,0,0,0,0,1,-1,1,0,1,1,1,0,0,0,0,0,16,0,0,2,2,3,4,3,1,0,28,23,0,0,0,0,0,0,0,0,7,1,1,0,0,0,0,2,4,0,0,KRBKRNvK,DRAW,7r/3B4/8/8/2K1k3/8/5n2/1R6 w - - 0 1
1,1,0,0,0,0,0,1,-1,1,0,1,1,1,0,0,0,0,0,16,0,0,2,5,3,3,3,1,0,20,25,0,0,0,0,0,0,0,0,7,1,1,0,0,0,0,2,4,0,0,KRBKRNvK,DRAW,8/r7/2n5/8/3k1K2/8/8/2B3R1 w - - 0 1
1,1,0,0,0,0,0,1,-1,1,0,1,1,1,0,0,0,0,0,16,0,0,6,0,0,6,5,6,3,28,25,0,0,0,0,0,0,0,0,7,1,1,0,0,0,0,2,2,0,0,KRBKRNvK,DRAW,8/3n4/3B2k1/1R6/8/4r3/8/K7 w - - 0 1
1,1,0,0,0,0,0,1,-1,1,0,1,1,1,0,0,0,0,0,16,0,0,5,6,5,5,0,3,4,30,23,0,0,0,0,0,0,0,0,7,1,1,0,1,0,0,2,1,1,0,KRBKRNvK,DRAW,8/8/6K1/8/1n2B3/3R4/r7/5k2 w - - 0 1
1,1,0,0,0,0,0,1,-1,1,0,1,1,1,0,0,0,0,0,16,0,0,6,1,2,7,4,3,3,7,0,1,0,0,0,0,0,0,0,7,1,1,0,0,0,0,2,1,1,1,KRBKRNvK,DRAW,8/8/8/2n4k/8/1K2R1B1/8/6r1 w - - 0 1
0,1,0,0,0,0,0,1,-1,1,0,1,1,1,0,0,0,0,0,16,0,0,3,0,5,3,6,4,2,4,0,1,0,0,0,0,0,0,0,7,1,1,0,0,0,0,2,3,1,1,KRBKRNvK,DRAW,4B3/3k4/Kn6/8/6r1/8/8/4R3 b - - 0 1
0,1,0,0,0,0,0,1,-1,1,0,1,1,1,0,0,0,0,0,16,0,0,5,3,5,1,0,1,5,24,23,0,0,0,0,0,0,0,0,7,1,1,0,0,0,0,2,3,0,0,KRBKRNvK,DRAW,8/8/3K4/6r1/8/7R/3n4/1k2B3 b - - 0 1
0,1,0,0,0,0,0,1,-1,1,0,1,1,1,0,0,0,0,0,16,0,0,2,5,6,7,6,3,5,20,20,0,0,0,0,0,0,0,0,7,1,1,0,0,0,0,0,0,1,1,KRBKRNvK,DRAW,5B2/5Knk/8/8/8/r7/5R2/8 b - - 0 1
1,1,0,0,0,0,0,1,-1,1,0,1,1,1,0,0,0,0,0,16,0,0,3,3,5,1,2,1,3,19,25,0,0,0,0,0,0,0,0,7,1,1,0,0,0,0,2,1,0,0,KRBKRNvK,DRAW,8/6r1/3K4/8/8/1k4B1/2n5/6R1 w - - 0 1
1,1,0,0,0,0,0,1,-1,1,0,1,1,1,0,0,0,0,0,16,0,0,4,5,2,5,6,2,3,7,0,1,0,0,0,0,0,0,0,7,1,1,0,0,0,0,2,0,0,0,KRBKRNvK,LOSS,2R5/n4k2/8/8/8/1r3KB1/8/8 w - - 0 1
0,1,0,0,0,0,0,1,-1,1,0,1,1,1,0,0,0,0,0,16,0,0,3,6,3,3,2,2,1,25,29,0,0,0,0,0,0,0,0,7,1,1,0,0,0,0,1,2,1,0,KRBKRNvK,DRAW,5n2/8/1r6/8/6K1/3k4/B7/5R2 b - - 0 1
1,1,0,0,0,0,0,1,-1,1,0,1,1,1,0,0,0,0,0,16,0,0,4,2,6,6,5,3,3,20,23,0,0,0,0,0,0,0,0,7,1,1,1,0,0,0,0,0,0,1,KRBKRNvK,DRAW,1n6/R1K5/6k1/8/8/1r6/4B3/8 w - - 0 1
0,1,0,0,0,0,0,1,-1,1,0,1,1,1,0,0,0,0,0,16,0,0,2,3,7,1,5,3,3,19,25,0,0,0,0,0,0,0,0,7,1,1,0,0,0,0,3,0,1,0,KRBKRNvK,DRAW,B2K4/8/1k6/5R2/8/7r/8/1n6 b - - 0 1
0,1,0,0,0,0,0,1,-1,1,0,1,1,1,0,0,0,0,0,16,0,0,4,4,6,0,5,2,4,27,24,0,0,0,0,0,0,0,0,7,1,1,0,0,0,0,1,2,0,1,KRBKRNvK,DRAW,8/4K3/k7/6r1/2n5/8/7B/2R5 b - - 0 1
1,1,0,0,0,0,0,1,-1,1,0,1,1,1,0,0,0,0,0,16,0,0,3,3,4,1,1,0,4,6,0,1,0,0,0,0,0,0,0,7,1,1,0,0,0,0,3,2,0,0,KRBKRNvK,DRAW,8/8/8/3K4/6R1/n5B1/1k6/3r4 w - - 0 1
0,1,0,0,0,0,0,1,-1,1,0,1,1,1,0,0,0,0,0,16,0,0,5,7,2,5,7,4,4,22,22,0,0,0,0,0,0,0,0,7,1,1,0,0,0,0,3,3,0,0,KRBKRNvK,DRAW,5k2/8/8/8/3r4/1n5K/4R1B1/8 b - - 0 1
0,1,0,0,0,0,0,1,-1,1,0,1,1,1,0,0,0,0,0,16,0,0,3,6,2,4,5,3,1,20,25,0,0,0,0,0,0,0,0,7,1,1,1,0,0,0,0,3,0,1,KRBKRNvK,DRAW,8/1R6/4k2n/1B6/8/6K1/8/4r3 b - - 0 1
0,1,0,0,0,0,0,1,-1,1,0,1,1,1,0,0,0,0,0,16,0,0,3,3,2,6,3,1,2,6,0,1,0,0,0,0,0,0,0,7,1,1,0,1,0,0,2,0,0,0,KRBKRNvK,LOSS,8/n7/8/8/1R4k1/3K4/7r/6B1 b - - 0 1
1,1,0,0,0,0,0,1,-1,1,0,1,1,1,0,0,0,0,0,16,0,0,7,0,4,7,4,3,3,24,17,0,0,0,0,0,0,0,0,7,1,1,1,0,0,0,3,1,0,0,KRBKRNvK,DRAW,B7/3R4/7r/K6k/6n1/8/8/8 w - - 0 1
1,1,0,0,0,0,0,1,-1,1,0,1,1,1,0,0,0,0,0,16,0,0,7,7,0,0,4,6,3,27,19,0,0,0,0,0,0,0,0,7,1,1,0,0,0,0,1,1,0,0,KRBKRNvK,DRAW,8/1r6/8/kn6/5B2/8/6R1/7K w - - 0 1
0,1,0,0,0,0,0,1,-1,1,0,1,1,1,0,0,0,0,0,16,0,0,7,0,3,7,1,3,5,19,25,0,0,0,0,0,0,0,0,7,1,1,0,0,0,0,3,2,1,0,KRBKRNvK,DRAW,8/7n/8/8/K5R1/3r4/1B5k/8 b - - 0 1
0,1,0,0,0,0,0,1,-1,1,0,1,1,1,0,0,0,0,0,16,0,0,5,1,1,6,3,4,2,19,27,0,0,0,0,0,0,0,0,7,1,1,0,0,0,0,2,2,1,0,KRBKRNvK,DRAW,8/8/5B2/6r1/6k1/7n/1KR5/8 b - - 0 1
0,1,0,0,0,0,0,1,-1,1,0,1,1,1,0,0,0,0,0,16,0,0,7,6,0,1,7,5,5,2,0,1,0,0,0,0,0,0,0,7,1,1,0,0,0,0,2,2,2,0,KRBKRNvK,DRAW,1k1R4/8/B7/4r3/8/8/8/1n4K1 b - - 0 1
0,1,0,0,0,0,0,1,-1,1,0,1,1,1,0,0,0,0,0,16,0,0,6,0,5,6,7,4,5,18,26,0,0,0,0,0,0,0,0,7,1,1,0,0,0,0,3,2,0,0,KRBKRNvK,DRAW,4r1k1/8/K7/8/8/8/1B1R4/6n1 b - - 0 1
1,1,0,0,0,0,0,1,-1,1,0,1,1,1,0,0,0,0,0,16,0,0,2,7,0,5,1,6,3,14,24,0,0,0,0,0,0,0,0,7,1,1,0,0,0,0,1,1,0,0,KRBKRNvK,DRAW,8/4n3/1r6/8/8/8/B4k2/R6K w - - 0 1
0,1,0,0,0,0,0,1,-1,1,0,1,1,1,0,0,0,0,0,16,0,0,4,6,3,2,3,2,1,25,20,0,0,0,0,0,0,0,0,7,1,1,0,0,0,0,0,4,0,0,KRBKRNvK,DRAW,4r3/2B5/3n4/8/2k3K1/6R1/8/8 b - - 0 1
1,1,0,0,0,0,0,1,-1,1,0,1,1,1,0,0,0,0,0,16,0,0,2,6,3,5,5,2,2,24,23,0,0,0,0,0,0,0,0,7,1,1,0,0,0,0,1,1,1,0,KRBKRNvK,DRAW,8/3n3B/5k2/8/6K1/2R5/8/7r w - - 0 1
0,1,0,0,0,0,0,1,-1,1,0,1,1,1,0,0,0,0,0,16,0,0,4,5,4,1,5,1,3,6,0,1,0,0,0,0,0,0,0,7,1,1,0,0,0,0,2,1,1,1,KRBKRNvK,DRAW,8/8/1k6/5K2/3B1n1R/r7/8/8 b - - 0 1
0,1,0,0,0,0,0,1,-1,1,0,1,1,1,0,0,0,0,0,16,0,0,4,5,4,1,4,1,2,25,26,0,0,0,0,0,0,0,0,7,1,1,0,0,0,0,2,1,0,1,KRBKRNvK,DRAW,8/8/7B/1k3K2/4n3/8/6R1/4r3 b - - 0 1
1,1,0,0,0,0,0,1,-1,1,0,1,1,1,0,0,0,0,0,16,0,0,3,6,4,6,1,2,4,24,17,0,0,0,0,0,0,0,0,7,1,1,0,1,0,0,0,0,1,0,KRBKRNvK,DRAW,8/8/8/6K1/8/n7/2R1Brk1/8 w - - 0 1
1,1,0,0,0,0,0,1,-1,1,0,1,1,1,0,0,0,0,0,16,0,0,6,4,6,7,0,2,6,7,0,1,0,0,0,0,0,0,0,7,1,1,0,0,0,0,0,2,0,0,KRBKRNvK,DRAW,8/3BK3/R7/8/8/8/7n/4r2k w - - 0 1
0,1,0,0,0,0,0,1,-1,1,0,1,1,1,0,0,0,0,0,16,0,0,5,5,6,7,1,3,5,3,0,1,0,0,0,0,0,0,0,7,1,1,0,0,0,0,3,2,0,2,KRBKRNvK,DRAW,3r1n2/5K2/6B1/7R/8/8/7k/8 b - - 0 1
0,1,0,0,0,0,0,1,-1,1,0,1,1,1,0,0,0,0,0,16,0,0,2,1,4,3,6,2,2,24,27,0,0,0,0,0,0,0,0,7,1,1,0,0,0,0,1,1,0,1,KRBKRNvK,DRAW,2r5/3k4/1n6/1K6/8/3B4/8/R7 b - - 0 1
1,1,0,0,0,0,0,1,-1,1,0,1,1,1,0,0,0,0,0,16,0,0,3,2,0,5,0,4,4,3,0,1,0,0,0,0,0,0,0,7,1,1,0,0,0,0,1,1,0,1,KRBKRNvK,DRAW,8/8/8/8/5B2/3n1r2/8/1RK2k2 w - - 0 1
1,1,0,0,0,0,0,1,-1,1,0,1,1,1,0,0,0,0,0,16,0,0,3,2,2,5,4,2,1,26,21,0,0,0,0,0,0,0,0,7,1,1,0,1,0,0,1,2,0,0,KRBKRNvK,WIN,R7/8/8/5k2/8/2K5/5r2/5Bn1 w - - 0 1
0,1,0,0,0,0,0,1,-1,1,0,1,1,1,0,0,0,0,0,16,0,0,2,1,5,0,7,3,6,0,0,1,0,0,0,0,0,0,0,7,1,1,0,0,0,0,0,1,0,0,KRBKRNvK,LOSS,k4R2/8/1K6/8/6n1/8/8/4B2r b - - 0 1
0,1,0,0,0,0,0,1,-1,1,0,1,1,1,0,0,0,0,0,16,0,0,5,0,1,5,5,5,2,19,19,0,0,0,0,0,0,0,0,7,1,1,0,0,0,0,0,1,0,1,KRBKRNvK,DRAW,8/8/5kr1/1B6/n7/8/K7/R7 b - - 0 1
0,1,0,0,0,0,0,1,-1,1,0,1,1,1,0,0,0,0,0,16,0,0,6,4,6,4,0,2,3,21,28,0,0,0,0,0,0,0,0,7,1,1,0,0,0,0,1,2,1,1,KRBKRNvK,DRAW,8/4K3/R7/3r4/8/8/2B5/4kn2 b - - 0 1
1,1,0,0,0,0,0,1,-1,1,0,1,1,1,0,0,0,0,0,16,0,0,4,4,6,6,2,2,3,25,16,0,0,0,0,0,0,0,0,7,1,1,0,0,0,0,2,0,1,1,KRBKRNvK,DRAW,6rn/4K3/8/6B1/2R5/6k1/8/8 w - - 0 1
1,1,0,0,0,0,0,1,-1,1,0,1,1,1,0,0,0,0,0,16,0,0,7,6,0,0,7,5,6,23,19,0,0,0,0,0,0,0,0,7,1,1,0,1,0,0,2,0,0,0,KRBKRNvK,DRAW,k2n4/3B4/8/1R6/8/8/2r5/6K1 w - - 0 1
1,1,0,0,0,0,0,1,-1,1,0,1,1,1,0,0,0,0,0,16,0,0,2,4,5,2,4,1,1,24,8,0,0,0,0,0,0,0,0,7,1,1,0,0,0,0,4,2,1,1,KRBKRNvK,DRAW,8/2rB4/4K3/2k5/6R1/8/8/7n w - - 0 1
1,1,0,0,0,0,0,1,-1,1,0,1,1,1,0,0,0,0,0,16,0,0,3,3,5,0,6,1,5,5,0,1,0,0,0,0,0,0,0,7,1,1,0,0,0,0,3,2,0,1,KRBKRNvK,DRAW,4B3/k7/3KR3/8/3r4/7n/8/8 w - - 0 1
1,1,0,0,0,0,0,1,-1,1,0,1,1,1,0,0,0,0,0,16,0,0,2,4,3,6,1,0,4,26,22,0,0,0,0,0,0,0,0,7,1,1,0,0,0,0,3,0,0,1,KRBKRNvK,DRAW,3R4/5B2/8/8/4K3/5r2/6k1/n7 w - - 0 1
0,1,0,0,0,0,0,1,-1,1,0,1,1,1,0,0,0,0,0,16,0,0,4,1,5,0,1,3,5,17,27,0,0,0,0,0,0,0,0,7,1,1,0,0,0,0,2,0,0,1,KRBKRNvK,DRAW,8/r5n1/1KB5/8/8/6R1/k7/8 b - - 0 1
0,1,0,0,0,0,0,1,-1,1,0,1,1,1,0,0,0,0,0,16,0,0,2,2,1,4,2,3,1,3,0,1,0,0,0,0,0,0,0,7,1,1,0,0,0,0,1,3,0,1,KRBKRNvK,DRAW,8/8/3B4/8/4r3/R3k3/2K5/5n2 b - - 0 1
0,1,0,0,0,0,0,1,-1,1,0,1,1,1,0,0,0,0,0,16,0,0,4,4,2,6,6,1,4,26,20,0,0,0,0,0,0,0,0,7,1,1,0,0,0,0,3,1,0,0,KRBKRNvK,DRAW,7r/6k1/3n4/8/8/4KRB1/8/8 b - - 0 1
1,1,0,0,0,0,0,1,-1,1,0,1,1,1,0,0,0,0,0,16,0,0,4,3,5,1,1,1,4,31,20,0,0,0,0,0,0,0,0,7,1,1,0,0,0,0,2,0,0,1,KRBKRNvK,DRAW,1n6/r7/3K4/8/4B3/7R/1k6/8 w - - 0 1
1,1,0,0,0,0,0,1,-1,1,0,1,1,1,0,0,0,0,0,16,0,0,7,0,5,7,2,4,4,26,14,0,0,0,0,0,0,0,0,7,1,1,0,1,0,0,2,0,0,0,KRBKRNvK,DRAW,3R4/8/K6B/8/8/7k/1n5r/8 w - - 0 1
1,1,0,0,0,0,0,1,-1,1,0,1,1,1,0,0,0,0,0,16,0,0,7,0,6,7,0,5,6,25,20,0,0,0,0,0,0,0,0,7,1,1,0,0,0,0,3,1,0,1,KRBKRNvK,DRAW,2r5/K7/6n1/8/2B1R3/8/8/7k w - - 0 1
0,1,0,0,0,0,0,1,-1,1,0,1,1,1,0,0,0,0,0,16,0,0,3,4,3,7,5,0,4,21,29,0,0,0,0,0,0,0,0,7,1,1,0,0,0,0,3,2,1,0,KRBKRNvK,DRAW,3r4/8/5B1k/8/4K3/8/1n6/R7 b - - 0 1
0,1,0,0,0,0,0,1,-1,1,0,1,1,1,0,0,0,0,0,16,0,0,3,4,7,7,4,3,3,22,21,0,0,0,0,0,0,0,0,7,1,1,0,0,0,0,1,0,0,1,KRBKRNvK,DRAW,4K3/6r1/3B4/7k/8/8/8/Rn6 b - - 0 1
1,1,0,0,0,0,0,1,-1,1,0,1,1,1,0,0,0,0,0,16,0,0,4,3,0,7,3,3,3,25,25,0,0,0,0,0,0,0,0,7,1,1,0,0,0,0,2,1,0,0,KRBKRNvK,DRAW,1r6/5n2/2B5/8/7k/8/8/R2K4 w - - 0 1
1,1,0,0,0,0,0,1,-1,1,0,1,1,1,0,0,0,0,0,16,0,0,7,0,0,7,6,6,5,24,25,0,0,0,0,0,0,0,0,7,1,1,0,0,0,0,2,0,0,0,KRBKRNvK,DRAW,8/6rk/8/4n3/3R4/8/8/K4B2 w - - 0 1
0,1,0,0,0,0,0,1,-1,1,0,1,1,1,0,0,0,0,0,16,0,0,6,7,0,1,2,6,3,25,24,0,0,0,0,0,0,0,0,7,1,1,0,0,0,0,2,0,0,0,KRBKRNvK,DRAW,5r2/3B4/3R3n/8/8/1k6/8/7K b - - 0 1
1,1,0,0,0,0,0,1,-1,1,0,1,1,1,0,0,0,0,0,16,0,0,5,6,6,1,5,4,3,22,23,0,0,0,0,0,0,0,0,7,1,1,0,0,0,0,1,2,0,1,KRBKRNvK,DRAW,5R2/6K1/1k1r3n/5B2/8/8/8/8 w - - 0 1
0,1,0,0,0,0,0,1,-1,1,0,1,1,1,0,0,0,0,0,16,0,0,5,6,5,2,0,3,4,4,0,1,0,0,0,0,0,0,0,7,1,1,0,0,0,0,1,0,0,1,KRBKRNvK,LOSS,4n3/8/6K1/8/5B2/5R2/8/2k2r2 b - - 0 1
1,1,0,0,0,0,0,1,-1,1,0,1,1,1,0,0,0,0,0,16,0,0,5,7,6,2,4,5,1,16,24,0,0,0,0,0,0,0,0,7,1,1,1,0,0,0,0,2,0,0,KRBKRNvK,DRAW,7B/6RK/8/2k5/8/1r6/1n6/8 w - - 0 1
1,1,0,0,0,0,0,1,-1,1,0,1,1,1,0,0,0,0,0,16,0,0,2,7,7,7,5,6,4,26,21,0,0,0,0,0,0,0,0,7,1,1,0,0,0,0,1,2,0,0,KRBKRNvK,DRAW,7K/8/3r3k/8/3B1n2/8/8/R7 w - - 0 1
0,1,0,0,0,0,0,1,-1,1,0,1,1,1,0,0,0,0,0,16,0,0,4,5,3,3,7,1,3,13,29,0,0,0,0,0,0,0,0,7,1,1,1,0,0,0,2,1,1,0,KRBKRNvK,DRAW,1r1k4/6R1/3B4/8/1n3K2/8/8/8 b - - 0 1
1,1,0,0,0,0,0,1,-1,1,0,1,1,1,0,0,0,0,0,16,0,0,4,1,5,5,6,3,3,7,0,1,0,0,0,0,0,0,0,7,1,1,0,0,0,0,1,2,0,0,KRBKRNvK,DRAW,8/5k2/1K2r3/8/4B3/8/R7/7n w - - 0 1
0,1,0,0,0,0,0,1,-1,1,0,1,1,1,0,0,0,0,0,16,0,0,5,4,2,4,7,1,3,20,19,0,0,0,0,0,0,0,0,7,1,1,0,0,0,0,2,2,0,0,KRBKRNvK,DRAW,4k3/8/3r4/8/8/4K2B/7R/7n b - - 0 1
0,1,0,0,0,0,0,1,-1,1,0,1,1,1,0,0,0,0,0,16,0,0,7,3,7,0,0,3,6,18,25,0,0,0,0,0,0,0,0,7,1,1,0,0,0,0,1,2,0,1,KRBKRNvK,DRAW,3K4/8/n3r3/3B4/8/8/6R1/k7 b - - 0 1
0,1,0,0,0,0,0,1,-1,1,0,1,1,1,0,0,0,0,0,16,0,0,2,7,6,5,6,5,3,21,23,0,0,0,0,0,0,0,0,7,1,1,0,0,0,0,3,2,1,0,KRBKRNvK,WIN,8/5k1K/8/2B1R3/8/8/4n3/3r4 b - - 0 1
1,1,0,0,0,0,0,1,-1,1,0,1,1,1,0,0,0,0,0,16,0,0,3,3,7,0,5,3,4,28,26,0,0,0,0,0,0,0,0,7,1,1,0,0,0,0,3,1,0,0,KRBKRNvK,DRAW,3K4/8/k7/3B4/5n2/6r1/3R4/8 w - - 0 1
1,1,0,0,0,0,0,1,-1,1,0,1,1,1,0,0,0,0,0,16,0,0,3,4,5,1,5,1,3,21,21,0,0,0,0,0,0,0,0,7,1,1,0,0,0,0,3,0,1,0,KRBKRNvK,DRAW,3R4/8/1k2KB1r/8/8/8/8/2n5 w - - 0 1
0,1,0,0,0,0,0,1,-1,1,0,1,1,1,0,0,0,0,0,16,0,0,6,6,7,0,7,5,6,4,0,1,0,0,0,0,0,0,0,7,1,1,0,0,0,0,2,2,0,0,KRBKRNvK,LOSS,k5K1/8/3r3R/7n/8/8/8/7B b - - 0 1
0,1,0,0,0,0,0,1,-1,1,0,1,1,1,0,0,0,0,0,16,0,0,3,5,5,7,2,2,4,21,29,0,0,0,0,0,0,0,0,7,1,1,0,0,0,0,2,0,0,0,KRBKRNvK,DRAW,2r5/B7/5K2/8/4R3/7k/8/4n3 b - - 0 1
0,1,0,0,0,0,0,1,-1,1,0,1,1,1,0,0,0,0,0,16,0,0,4,0,3,4,5,3,1,22,23,0,0,0,0,0,0,0,0,7,1,1,0,0,0,0,3,2,1,0,KRBKRNvK,DRAW,7B/8/4k3/8/K1R5/5r2/8/6n1 b - - 0 1
1,1,0,0,0,0,0,1,-1,1,0,1,1,1,0,0,0,0,0,16,0,0,4,6,2,2,2,3,2,19,26,0,0,0,0,0,0,0,0,7,1,1,0,0,0,0,2,2,0,2,KRBKRNvK,DRAW,8/8/8/7B/7R/2k1n1K1/8/5r2 w - - 0 1
0,1,0,0,0,0,0,1,-1,1,0,1,1,1,0,0,0,0,0,16,0,0,3,6,4,4,1,2,2,6,0,1,0,0,0,0,0,0,0,7,1,1,0,0,0,0,1,2,0,1,KRBKRNvK,DRAW,8/8/3B4/1n4K1/7r/8/1R2k3/8 b - - 0 1
1,1,0,0,0,0,0,1,-1,1,0,1,1,1,0,0,0,0,0,16,0,0,5,2,5,7,6,2,5,6,0,1,0,0,0,0,0,0,0,7,1,1,0,0,0,0,3,3,0,1,KRBKRNvK,DRAW,8/7k/2K1r3/5n2/2R5/8/8/3B4 w - - 0 1
0,1,0,0,0,0,0,1,-1,1,0,1,1,1,0,0,0,0,0,16,0,0,7,7,4,0,0,3,6,18,21,0,0,0,0,0,0,0,0,7,1,1,0,0,0,0,2,2,0,0,KRBKRNvK,DRAW,8/8/3r4/7K/8/5B2/n4R2/k7 b - - 0 1
1,1,0,0,0,0,0,1,-1,1,0,1,1,1,0,0,0,0,0,16,0,0,5,2,5,4,0,2,3,28,19,0,0,0,0,0,0,0,0,7,1,1,0,0,0,0,1,2,1,1,KRBKRNvK,DRAW,5R2/8/2K5/8/3r4/8/4B3/1n2k3 w - - 0 1
1,1,0,0,0,0,0,1,-1,1,0,1,1,1,0,0,0,0,0,16,0,0,7,6,7,6,0,5,5,4,0,1,0,0,0,0,0,0,0,7,1,1,0,0,0,0,1,3,1,1,KRBKRNvK,DRAW,6K1/8/5n2/2r5/8/7R/2B5/6k1 w - - 0 1
1,1,0,0,0,0,0,1,-1,1,0,1,1,1,0,0,0,0,0,16,0,0,4,3,7,1,3,3,2,26,15,0,0,0,0,0,0,0,0,7,1,1,0,0,0,0,0,0,1,0,KRBKRNvK,DRAW,3K2n1/3B4/R7/8/1k6/1r6/8/8 w - - 0 1
1,1,0,0,0,0,0,1,-1,1,0,1,1,1,0,0,0,0,0,16,0,0,5,3,7,4,2,3,1,2,0,1,0,0,0,0,0,0,0,7,1,1,0,0,0,0,3,3,0,2,KRBKRNvK,DRAW,3K1n2/3r1B2/8/8/7R/4k3/8/8 w - - 0 1
1,1,0,0,0,0,0,1,-1,1,0,1,1,1,0,0,0,0,0,16,0,0,4,7,5,4,1,4,2,4,0,1,0,0,0,0,0,0,0,7,1,1,0,1,0,0,2,1,2,0,KRBKRNvK,DRAW,8/8/7K/8/1nR5/8/2B1k2r/8 w - - 0 1
1,1,0,0,0,0,0,1,-1,1,0,1,1,1,0,0,0,0,0,16,0,0,2,3,5,3,3,1,0,25,23,0,0,0,0,0,0,0,0,7,1,1,1,1,0,0,2,3,0,0,KRBKRNvK,DRAW,8/2R5/3K4/7B/3k4/3n4/1r6/8 w - - 0 1
1,1,0,0,0,0,0,1,-1,1,0,1,1,1,0,0,0,0,0,16,0,0,5,4,6,0,1,2,5,28,20,0,0,0,0,0,0,0,0,7,1,1,1,0,0,0,1,2,0,0,KRBKRNvK,DRAW,8/4K2R/8/8/1r3B2/n7/k7/8 w - - 0 1
1,1,0,0,0,0,0,1,-1,1,0,1,1,1,0,0,0,0,0,16,0,0,5,3,5,1,0,1,5,29,13,0,0,0,0,0,0,0,0,7,1,1,0,0,0,0,2,0,0,0,KRBKRNvK,DRAW,r7/8/B2K4/8/8/8/5R2/1k5n w - - 0 1
0,1,0,0,0,0,0,1,-1,1,0,1,1,1,0,0,0,0,0,16,0,0,4,7,4,3,1,3,2,27,24,0,0,0,0,0,0,0,0,7,1,1,0,0,0,0,2,3,0,0,KRBKRNvK,DRAW,8/3r4/8/6RK/8/2n5/3k3B/8 b - - 0 1
1,1,0,0,0,0,0,1,-1,1,0,1,1,1,0,0,0,0,0,16,0,0,4,3,3,4,7,0,3,29,14,0,0,0,0,0,0,0,0,7,1,1,0,0,0,0,3,0,2,0,KRBKRNvK,DRAW,4k3/r3B3/4R3/8/3K4/8/8/n7 w - - 0 1
1,1,0,0,0,0,0,1,-1,1,0,1,1,1,0,0,0,0,0,16,0,0,4,7,2,7,6,4,5,28,21,0,0,0,0,0,0,0,0,7,1,1,0,0,0,0,1,2,0,0,KRBKRNvK,DRAW,8/7k/1B6/8/8/r1n4K/8/5R2 w - - 0 1
0,1,0,0,0,0,0,1,-1,1,0,1,1,1,0,0,0,0,0,16,0,0,2,4,1,2,3,2,1,21,26,0,0,0,0,0,0,0,0,7,1,1,0,0,0,0,2,2,0,0,KRBKRNvK,DRAW,6r1/8/7n/7R/2k5/8/4K3/2B5 b - - 0 1
0,1,0,0,0,0,0,1,-1,1,0,1,1,1,0,0,0,0,0,16,0,0,3,3,4,2,7,0,4,18,19,0,0,0,0,0,0,0,0,7,1,1,0,0,0,0,4,0,1,1,KRBKRNvK,DRAW,B1k1n2R/8/8/3K4/8/5r2/8/8 b - - 0 1
0,1,0,0,0,0,0,1,-1,1,0,1,1,1,0,0,0,0,0,16,0,0,4,1,5,5,7,3,4,22,27,0,0,0,0,0,0,0,0,7,1,1,0,1,0,0,2,1,1,0,KRBKRNvK,DRAW,5k1B/8/1K6/8/8/1n6/5r2/6R1 b - - 0 1
1,1,0,0,0,0,0,1,-1,1,0,1,1,1,0,0,0,0,0,16,0,0,4,1,3,2,7,2,4,23,21,0,0,0,0,0,0,0,0,7,1,1,0,0,0,0,2,1,0,0,KRBKRNvK,DRAW,2k5/8/8/5nrB/1K5R/8/8/8 w - - 0 1
1,1,0,0,0,0,0,1,-1,1,0,1,1,1,0,0,0,0,0,16,0,0,4,0,2,4,3,4,0,19,23,0,0,0,0,0,0,0,0,7,1,1,0,0,0,0,0,3,0,0,KRBKRNvK,DRAW,8/8/n7/8/1B2k3/KR6/8/3r4 w - - 0 1
1,1,0,0,0,0,0,1,-1,1,0,1,1,1,0,0,0,0,0,16,0,0,3,1,4,4,5,2,1,28,16,0,0,0,0,0,0,0,0,7,1,1,0,0,0,0,3,2,0,0,KRBKRNvK,DRAW,8/5n2/4k2r/1K6/8/8/8/B2R4 w - - 0 1
1,1,0,0,0,0,0,1,-1,1,0,1,1,1,0,0,0,0,0,16,0,0,3,0,0,0,3,6,3,23,15,0,0,0,0,0,0,0,0,7,1,1,0,0,0,0,2,1,0,0,KRBKRNvK,DRAW,6r1/8/6n1/8/k7/4R3/8/K3B3 w - - 0 1
0,1,0,0,0,0,0,1,-1,1,0,1,1,1,0,0,0,0,0,16,0,0,7,7,7,3,0,6,3,22,23,0,0,0,0,0,0,0,0,7,1,1,0,0,0,0,1,2,0,0,KRBKRNvK,DRAW,1R2n2K/8/8/6r1/2B5/8/8/3k4 b - - 0 1
1,1,0,0,0,0,0,1,-1,1,0,1,1,1,0,0,0,0,0,16,0,0,2,5,4,3,3,1,0,23,22,0,0,0,0,0,0,0,0,7,1,1,0,1,0,0,2,3,1,0,KRBKRNvK,DRAW,5R2/8/8/5K2/nB1k4/8/7r/8 w - - 0 1
1,1,0,0,0,0,0,1,-1,1,0,1,1,1,0,0,0,0,0,16,0,0,5,7,5,2,5,4,2,24,30,0,0,0,0,0,0,0,0,7,1,1,0,0,0,0,0,2,0,1,KRBKRNvK,DRAW,1r6/8/2k2n1K/7B/8/6R1/8/8 w - - 0 1
0,1,0,0,0,0,0,1,-1,1,0,1,1,1,0,0,0,0,0,16,0,0,4,7,3,3,5,3,1,19,23,0,0,0,0,0,0,0,0,7,1,1,0,0,0,0,0,2,0,0,KRBKRNvK,DRAW,3n2r1/8/3k4/8/7K/2R5/8/3B4 b - - 0 1
0,1,0,0,0,0,0,1,-1,1,0,1,1,1,0,0,0,0,0,16,0,0,4,4,3,5,7,0,4,27,20,0,0,0,0,0,0,0,0,7,1,1,0,0,0,0,4,1,0,1,KRBKRNvK,WIN,5k2/r7/8/1R3n2/4K3/8/8/1B6 b - - 0 1
1,1,0,0,0,0,0,1,-1,1,0,1,1,1,0,0,0,0,0,16,0,0,2,7,4,6,2,3,3,19,18,0,0,0,0,0,0,0,0,7,1,1,0,0,0,0,2,2,1,0,KRBKRNvK,DRAW,8/n7/7B/7K/5R2/3r2k1/8/8 w - - 0 1
1,1,0,0,0,0,0,1,-1,1,0,1,1,1,0,0,0,0,0,16,0,0,6,0,4,6,5,3,3,26,24,0,0,0,0,0,0,0,0,7,1,1,0,0,0,0,2,1,1,0,KRBKRNvK,DRAW,1r6/5n2/6k1/K3R3/8/5B2/8/8 w - - 0 1
0,1,0,0,0,0,0,1,-1,1,0,1,1,1,0,0,0,0,0,16,0,0,2,7,0,5,1,6,3,5,0,1,0,0,0,0,0,0,0,7,1,1,0,1,0,0,2,1,1,0,KRBKRNvK,DRAW,8/8/8/R5n1/8/8/1r3k2/6BK b - - 0 1
1,1,0,0,0,0,0,1,-1,1,0,1,1,1,0,0,0,0,0,16,0,0,2,4,1,2,1,2,3,25,14,0,0,0,0,0,0,0,0,7,1,1,0,0,0,0,1,0,2,0,KRBKRNvK,DRAW,2r2n2/8/8/8/8/8/B1k1K3/1R6 w - - 0 1
0,1,0,0,0,0,0,1,-1,1,0,1,1,1,0,0,0,0,0,16,0,0,5,6,4,1,4,2,2,15,23,0,0,0,0,0,0,0,0,7,1,1,0,0,0,0,2,1,0,0,KRBKRNvK,DRAW,8/8/8/1k4K1/5R2/1r6/4n3/5B2 b - - 0 1
1,1,0,0,0,0,0,1,-1,1,0,1,1,1,0,0,0,0,0,16,0,0,6,1,1,7,7,4,6,8,0,1,0,0,0,0,0,0,0,7,1,1,0,0,0,0,2,1,0,0,KRBKRNvK,DRAW,1r5k/5n2/8/8/2B5/8/1K6/3R4 w - - 0 1
1,1,0,0,0,0,0,1,-1,1,0,1,1,1,0,0,0,0,0,16,0,0,6,4,1,3,7,2,3,6,0,1,0,0,0,0,0,0,0,7,1,1,0,0,0,0,3,0,0,1,KRBKRNvK,DRAW,3k2B1/r7/8/8/3n4/4R3/4K3/8 w - - 0 1
1,1,0,0,0,0,0,1,-1,1,0,1,1,1,0,0,0,0,0,16,0,0,2,4,7,3,5,3,1,23,27,0,0,0,0,0,0,0,0,7,1,1,1,0,0,0,1,3,1,0,KRBKRNvK,DRAW,4K3/1R5B/3k4/8/8/2n5/8/6r1 w - - 0 1
0,1,0,0,0,0,0,1,-1,1,0,1,1,1,0,0,0,0,0,16,0,0,5,5,5,0,3,2,3,3,0,1,0,0,0,0,0,0,0,7,1,1,0,0,0,0,1,0,0,0,KRBKRNvK,LOSS,R7/8/5K2/8/k4B2/8/7n/2r5 b - - 0 1
0,1,0,0,0,0,0,1,-1,1,0,1,1,1,0,0,0,0,0,16,0,0,3,4,2,7,0,1,6,1,0,1,0,0,0,0,0,0,0,7,1,1,0,1,0,0,3,0,0,1,KRBKRNvK,LOSS,8/8/8/8/4B2R/4K3/n1r5/7k b - - 0 1
1,1,0,0,0,0,0,1,-1,1,0,1,1,1,0,0,0,0,0,16,0,0,5,4,0,7,5,3,4,27,17,0,0,0,0,0,0,0,0,7,1,1,1,0,0,0,1,2,0,1,KRBKRNvK,DRAW,8/R7/3rB2k/8/8/8/8/3nK3 w - - 0 1
0,1,0,0,0,0,0,1,-1,1,0,1,1,1,0,0,0,0,0,16,0,0,5,7,1,5,6,5,3,24,19,0,0,0,0,0,0,0,0,7,1,1,0,0,0,0,0,2,0,1,KRBKRNvK,DRAW,8/5k2/8/5r2/8/7n/3B3K/7R b - - 0 1
0,1,0,0,0,0,0,1,-1,1,0,1,1,1,0,0,0,0,0,16,0,0,6,1,3,7,7,2,6,20,27,0,0,0,0,0,0,0,0,7,1,1,0,0,0,0,3,2,0,1,KRBKRNvK,DRAW,3r3k/8/8/5R2/nK6/8/8/6B1 b - - 0 1
0,1,0,0,0,0,0,1,-1,1,0,1,1,1,0,0,0,0,0,16,0,0,4,2,5,2,1,2,3,24,21,0,0,0,0,0,0,0,0,7,1,1,0,0,0,0,3,1,0,1,KRBKRNvK,DRAW,8/3n2r1/2K4B/8/5R2/8/2k5/8 b - - 0 1
0,1,0,0,0,0,0,1,-1,1,0,1,1,1,0,0,0,0,0,16,0,0,4,4,3,0,3,0,3,18,25,0,0,0,0,0,0,0,0,7,1,1,0,0,0,0,4,1,0,1,KRBKRNvK,DRAW,7R/8/6B1/8/k3K3/8/2n5/2r5 b - - 0 1
0,1,0,0,0,0,0,1,-1,1,0,1,1,1,0,0,0,0,0,16,0,0,3,4,6,1,4,2,2,7,0,1,0,0,0,0,0,0,0,7,1,1,1,0,0,0,1,0,1,1,KRBKRNvK,DRAW,8/1R2K3/5r2/1k6/8/8/7B/5n2 b - - 0 1
0,1,0,0,0,0,0,1,-1,1,0,1,1,1,0,0,0,0,0,16,0,0,4,2,4,6,1,1,4,5,0,1,0,0,0,0,0,0,0,7,1,1,0,0,0,0,2,2,0,1,KRBKRNvK,DRAW,2B3R1/8/8/1nK5/8/8/6k1/3r4 b - - 0 1
1,1,0,0,0,0,0,1,-1,1,0,1,1,1,0,0,0,0,0,16,0,0,3,0,2,3,0,4,3,28,13,0,0,0,0,0,0,0,0,7,1,1,0,0,0,0,0,0,1,0,KRBKRNvK,DRAW,6r1/6n1/8/1B6/8/K7/2R5/3k4 w - - 0 1
1,1,0,0,0,0,0,1,-1,1,0,1,1,1,0,0,0,0,0,16,0,0,2,2,2,0,4,2,3,29,17,0,0,0,0,0,0,0,0,7,1,1,0,0,0,0,3,0,0,1,KRBKRNvK,DRAW,3R4/n7/8/k2B4/8/2K5/8/r7 w - - 0 1
0,1,0,0,0,0,0,1,-1,1,0,1,1,1,0,0,0,0,0,16,0,0,2,4,7,2,7,3,4,25,21,0,0,0,0,0,0,0,0,7,1,1,0,1,0,0,3,1,1,1,KRBKRNvK,DRAW,2k1K3/8/3Rn1B1/8/8/8/1r6/8 b - - 0 1
1,1,0,0,0,0,0,1,-1,1,0,1,1,1,0,0,0,0,0,16,0,0,5,2,5,7,0,2,6,28,25,0,0,0,0,0,0,0,0,7,1,1,0,0,0,0,2,3,0,1,KRBKRNvK,DRAW,3R4/8/2K5/r7/8/2n5/4B3/7k w - - 0 1
0,1,0,0,0,0,0,1,-1,1,0,1,1,1,0,0,0,0,0,16,0,0,6,0,7,3,1,6,2,21,19,0,0,0,0,0,0,0,0,7,1,1,0,0,0,0,1,3,1,0,KRBKRNvK,DRAW,K7/8/8/8/3r2n1/8/R1Bk4/8 b - - 0 1
0,1,0,0,0,0,0,1,-1,1,0,1,1,1,0,0,0,0,0,16,0,0,6,5,0,6,6,4,4,18,22,0,0,0,0,0,0,0,0,7,1,1,0,0,0,0,2,0,1,0,KRBKRNvK,DRAW,7n/6k1/5R2/8/8/1r6/8/B4K2 b - - 0 1
1,1,0,0,0,0,0,1,-1,1,0,1,1,1,0,0,0,0,0,16,0,0,2,5,5,7,3,2,3,6,0,1,0,0,0,0,0,0,0,7,1,1,0,0,0,0,1,2,1,1,KRBKRNvK,DRAW,1R6/8/5K2/8/5rBk/8/8/7n w - - 0 1
0,1,0,0,0,0,0,1,-1,1,0,1,1,1,0,0,0,0,0,16,0,0,4,2,7,6,6,4,4,4,0,1,0,0,0,0,0,0,0,7,1,1,1,0,0,0,2,0,1,0,KRBKRNvK,DRAW,2K4n/3R2k1/8/4B3/8/8/8/1r6 b - - 0 1
1,1,0,0,0,0,0,1,-1,1,0,1,1,1,0,0,0,0,0,16,0,0,5,5,0,7,5,4,4,26,18,0,0,0,0,0,0,0,0,7,1,1,0,0,0,0,3,2,1,1,KRBKRNvK,DRAW,7r/8/6Bk/2R5/8/5n2/8/5K2 w - - 0 1
0,1,0,0,0,0,0,1,-1,1,0,1,1,1,0,0,0,0,0,16,0,0,4,2,1,6,4,3,2,28,26,0,0,0,0,0,0,0,0,7,1,1,1,0,0,0,1,2,0,1,KRBKRNvK,DRAW,8/1R6/8/6k1/3r4/6n1/B1K5/8 b - - 0 1
1,1,0,0,0,0,0,1,-1,1,0,1,1,1,0,0,0,0,0,16,0,0,3,0,1,3,1,5,2,24,21,0,0,0,0,0,0,0,0,7,1,1,0,0,0,0,2,2,1,0,KRBKRNvK,DRAW,8/Bn6/8/8/2R5/8/K2k4/4r3 w - - 0 1
0,1,0,0,0,0,0,1,-1,1,0,1,1,1,0,0,0,0,0,16,0,0,7,0,7,7,2,6,4,7,0,1,0,0,0,0,0,0,0,7,1,1,0,0,0,0,1,2,0,0,KRBKRNvK,DRAW,K7/5B2/8/4r3/8/1R5k/8/4n3 b - - 0 1
1,1,0,0,0,0,0,1,-1,1,0,1,1,1,0,0,0,0,0,16,0,0,4,6,0,2,0,5,4,27,20,0,0,0,0,0,0,0,0,7,1,1,0,0,0,0,0,2,0,0,KRBKRNvK,DRAW,8/4n3/8/2r5/6B1/8/7R/2k3K1 w - - 0 1
0,1,0,0,0,0,0,1,-1,1,0,1,1,1,0,0,0,0,0,16,0,0,5,3,7,7,2,3,4,2,0,1,0,0,0,0,0,0,0,7,1,1,1,1,0,0,1,0,0,0,KRBKRNvK,DRAW,3K4/7R/8/8/4B3/n6k/5r2/8 b - - 0 1
0,1,0,0,0,0,0,1,-1,1,0,1,1,1,0,0,0,0,0,16,0,0,6,6,4,0,3,2,3,23,27,0,0,0,0,0,0,0,0,7,1,1,0,0,0,0,2,2,0,1,KRBKRNvK,DRAW,4R3/3r4/7n/6K1/k7/8/8/1B6 b - - 0 1
0,1,0,0,0,0,0,1,-1,1,0,1,1,1,0,0,0,0,0,16,0,0,7,7,3,0,0,3,6,17,28,0,0,0,0,0,0,0,0,7,1,1,0,0,0,0,1,2,1,0,KRBKRNvK,DRAW,8/7n/8/r7/5B1K/8/2R5/k7 b - - 0 1
0,1,0,0,0,0,0,1,-1,1,0,1,1,1,0,0,0,0,0,16,0,0,2,4,6,5,4,2,1,23,16,0,0,0,0,0,0,0,0,7,1,1,1,0,0,0,0,2,1,0,KRBKRNvK,DRAW,8/4K2R/B6n/5k2/8/8/8/6r1 b - - 0 1
1,1,0,0,0,0,0,1,-1,1,0,1,1,1,0,0,0,0,0,16,0,0,2,0,7,0,5,6,4,23,20,0,0,0,0,0,0,0,0,7,1,1,0,0,0,0,2,2,0,1,KRBKRNvK,DRAW,K7/8/k1n5/4R3/8/r7/3B4/8 w - - 0 1
0,1,0,0,0,0,0,1,-1,1,0,1,1,1,0,0,0,0,0,16,0,0,3,1,0,0,3,5,3,3,0,1,0,0,0,0,0,0,0,7,1,1,0,0,0,0,2,0,0,0,KRBKRNvK,DRAW,r7/3B4/8/8/k3R2n/8/8/1K6 b - - 0 1
1,1,0,0,0,0,0,1,-1,1,0,1,1,1,0,0,0,0,0,16,0,0,5,7,3,2,5,3,2,20,17,0,0,0,0,0,0,0,0,7,1,1,0,0,0,0,2,1,0,0,KRBKRNvK,DRAW,8/8/2k5/8/7K/8/8/4RBrn w - - 0 1
0,1,0,0,0,0,0,1,-1,1,0,1,1,1,0,0,0,0,0,16,0,0,4,7,3,3,4,3,0,26,23,0,0,0,0,0,0,0,0,7,1,1,1,0,0,0,0,4,0,0,KRBKRNvK,DRAW,4r3/R1n5/8/3k4/7K/8/3B4/8 b - - 0 1
1,1,0,0,0,0,0,1,-1,1,0,1,1,1,0,0,0,0,0,16,0,0,2,7,5,7,3,4,3,24,25,0,0,0,0,0,0,0,0,7,1,1,1,0,0,0,3,3,0,0,KRBKRNvK,DRAW,7B/4R3/7K/8/2n4k/8/8/3r4 w - - 0 1
0,1,0,0,0,0,0,1,-1,1,0,1,1,1,0,0,0,0,0,16,0,0,4,7,2,7,6,4,5,20,23,0,0,0,0,0,0,0,0,7,1,1,0,0,0,0,2,0,0,0,KRBKRNvK,DRAW,8/1n5k/6r1/8/8/7K/1BR5/8 b - - 0 1
1,1,0,0,0,0,0,1,-1,1,0,1,1,1,0,0,0,0,0,16,0,0,5,3,0,4,5,3,1,26,18,0,0,0,0,0,0,0,0,7,1,1,0,0,0,0,2,2,0,0,KRBKRNvK,DRAW,4r3/2n5/4k3/8/8/8/7R/B2K4 w - - 0 1
0,1,0,0,0,0,0,1,-1,1,0,1,1,1,0,0,0,0,0,16,0,0,4,5,4,6,0,1,5,22,25,0,0,0,0,0,0,0,0,7,1,1,0,0,0,0,2,0,0,1,KRBKRNvK,DRAW,8/7r/6B1/5K2/8/1R6/8/1n4k1 b - - 0 1
1,1,0,0,0,0,0,1,-1,1,0,1,1,1,0,0,0,0,0,16,0,0,7,5,0,5,7,4,4,23,24,0,0,0,0,0,0,0,0,7,1,1,0,0,0,0,3,2,0,0,KRBKRNvK,DRAW,5k2/8/8/7r/1n6/8/7B/3R1K2 w - - 0 1
0,1,0,0,0,0,0,1,-1,1,0,1,1,1,0,0,0,0,0,16,0,0,5,2,6,7,4,3,3,20,24,0,0,0,0,0,0,0,0,7,1,1,0,0,0,0,0,2,1,1,KRBKRNvK,DRAW,8/2K5/8/4r2k/7B/n7/8/7R b - - 0 1
1,1,0,0,0,0,0,1,-1,1,0,1,1,1,0,0,0,0,0,16,0,0,3,2,4,3,1,1,2,5,0,1,0,0,0,0,0,0,0,7,1,1,0,0,0,0,2,2,0,2,KRBKRNvK,DRAW,8/4B3/R7/2K5/8/1n1r4/3k4/8 w - - 0 1
1,1,0,0,0,0,0,1,-1,1,0,1,1,1,0,0,0,0,0,16,0,0,6,1,0,7,4,5,3,2,0,1,0,0,0,0,0,0,0,7,1,1,0,0,0,0,1,0,0,1,KRBKRNvK,DRAW,8/B7/8/7k/8/n7/5R2/1K4r1 w - - 0 1
0,1,0,0,0,0,0,1,-1,1,0,1,1,1,0,0,0,0,0,16,0,0,2,7,7,5,7,6,4,21,22,0,0,0,0,0,0,0,0,7,1,1,0,0,0,0,2,1,0,0,KRBKRNvK,WIN,2B2k1K/8/r7/4R3/8/1n6/8/8 b - - 0 1
0,1,0,0,0,0,0,1,-1,1,0,1,1,1,0,0,0,0,0,16,0,0,2,1,1,2,3,4,1,5,0,1,0,0,0,0,0,0,0,7,1,1,0,0,0,0,1,3,0,0,KRBKRNvK,DRAW,8/5B2/6n1/r7/2k5/7R/1K6/8 b - - 0 1
0,1,0,0,0,0,0,1,-1,1,0,1,1,1,0,0,0,0,0,16,0,0,5,4,0,4,5,3,1,5,0,1,0,0,0,0,0,0,0,7,1,1,0,0,0,0,3,3,1,0,KRBKRNvK,DRAW,8/1r6/4k3/5n2/4R3/8/6B1/4K3 b - - 0 1
0,1,0,0,0,0,0,1,-1,1,0,1,1,1,0,0,0,0,0,16,0,0,6,5,1,7,7,3,6,23,22,0,0,0,0,0,0,0,0,7,1,1,1,0,0,0,0,2,0,1,KRBKRNvK,DRAW,7k/R3B3/3r4/8/8/8/4nK2/8 b - - 0 1
0,1,0,0,0,0,0,1,-1,1,0,1,1,1,0,0,0,0,0,16,0,0,5,1,6,6,7,4,5,20,26,0,0,0,0,0,0,0,0,7,1,1,0,0,0,0,2,2,0,0,KRBKRNvK,DRAW,6k1/1K6/8/7R/n2r4/8/7B/8 b - - 0 1
1,1,0,0,0,0,0,1,-1,1,0,1,1,1,0,0,0,0,0,16,0,0,5,7,2,2,5,4,2,26,23,0,0,0,0,0,0,0,0,7,1,1,1,0,0,0,0,3,1,0,KRBKRNvK,DRAW,8/1R6/2k2n2/8/2r5/7K/3B4/8 w - - 0 1
0,1,0,0,0,0,0,1,-1,1,0,1,1,1,0,0,0,0,0,16,0,0,3,4,3,1,2,0,3,27,26,0,0,0,0,0,0,0,0,7,1,1,1,0,0,0,3,3,0,2,KRBKRNvK,DRAW,8/R7/4n3/5r2/4K3/1k2B3/8/8 b - - 0 1
0,1,0,0,0,0,0,1,-1,1,0,1,1,1,0,0,0,0,0,16,0,0,4,4,2,5,6,1,3,15,30,0,0,0,0,0,0,0,0,7,1,1,0,0,0,0,4,0,0,0,KRBKRNvK,DRAW,6nr/5k2/8/2R5/8/2B1K3/8/8 b - - 0 1
0,1,0,0,0,0,0,1,-1,1,0,1,1,1,0,0,0,0,0,16,0,0,6,1,4,7,1,2,5,19,28,0,0,0,0,0,0,0,0,7,1,1,0,1,0,0,3,0,1,0,KRBKRNvK,DRAW,8/6B1/8/1K6/6R1/8/5rnk/8 b - - 0 1
1,1,0,0,0,0,0,1,-1,1,0,1,1,1,0,0,0,0,0,16,0,0,5,7,5,2,4,4,1,5,0,1,0,0,0,0,0,0,0,7,1,1,0,0,0,0,0,4,0,0,KRBKRNvK,DRAW,n7/8/4r2K/2k5/7B/8/8/7R w - - 0 1
0,1,0,0,0,0,0,1,-1,1,0,1,1,1,0,0,0,0,0,16,0,0,4,7,6,6,2,5,3,20,26,0,0,0,0,0,0,0,0,7,1,1,0,0,0,0,2,2,1,1,KRBKRNvK,DRAW,7n/7K/5R2/4r3/8/5Bk1/8/8 b - - 0 1
1,1,0,0,0,0,0,1,-1,1,0,1,1,1,0,0,0,0,0,16,0,0,2,6,4,5,6,2,3,4,0,1,0,0,0,0,0,0,0,7,1,1,0,0,0,0,3,1,1,2,KRBKRNvK,LOSS,8/5kB1/4n3/6K1/8/4R1r1/8/8 w - - 0 1
0,1,0,0,0,0,0,1,-1,1,0,1,1,1,0,0,0,0,0,16,0,0,5,3,6,2,1,2,3,10,28,0,0,0,0,0,0,0,0,7,1,1,0,0,0,0,2,0,0,0,KRBKRNvK,DRAW,8/2BK4/8/3R4/8/8/2k5/2r1n3 b - - 0 1
0,1,0,0,0,0,0,1,-1,1,0,1,1,1,0,0,0,0,0,16,0,0,4,5,1,3,5,3,1,4,0,1,0,0,0,0,0,0,0,7,1,1,1,0,0,0,0,2,2,1,KRBKRNvK,DRAW,2B5/3R4/3k4/8/8/8/5K2/n6r b - - 0 1
1,1,0,0,0,0,0,1,-1,1,0,1,1,1,0,0,0,0,0,16,0,0,5,1,3,6,0,2,5,25,22,0,0,0,0,0,0,0,0,7,1,1,0,0,0,0,3,2,0,0,KRBKRNvK,DRAW,3r4/8/4B3/8/1KR5/8/8/1n4k1 w - - 0 1
1,1,0,0,0,0,0,1,-1,1,0,1,1,1,0,0,0,0,0,16,0,0,7,0,0,7,4,6,3,3,0,1,0,0,0,0,0,0,0,7,1,1,0,0,0,0,0,2,0,0,KRBKRNvK,DRAW,2B5/8/8/r6k/8/8/6R1/K3n3 w - - 0 1
0,1,0,0,0,0,0,1,-1,1,0,1,1,1,0,0,0,0,0,16,0,0,2,2,2,0,0,2,6,22,21,0,0,0,0,0,0,0,0,7,1,1,0,0,0,0,2,2,0,0,KRBKRNvK,DRAW,2R5/2n5/8/5r2/8/2K5/7B/k7 b - - 0 1
1,1,0,0,0,0,0,1,-1,1,0,1,1,1,0,0,0,0,0,16,0,0,7,0,4,7,6,3,5,32,18,0,0,0,0,0,0,0,0,7,1,1,0,0,0,0,1,0,0,0,KRBKRNvK,DRAW,8/6rk/8/K2B4/8/2R5/8/n7 w - - 0 1
1,1,0,0,0,0,0,1,-1,1,0,1,1,1,0,0,0,0,0,16,0,0,2,1,5,3,6,3,2,27,16,0,0,0,0,0,0,0,0,7,1,1,0,0,0,0,3,0,0,0,KRBKRNvK,DRAW,7r/3k4/1K6/7n/8/8/4R3/7B w - - 0 1
0,1,0,0,0,0,0,1,-1,1,0,1,1,1,0,0,0,0,0,16,0,0,5,3,6,7,1,2,5,3,0,1,0,0,0,0,0,0,0,7,1,1,0,0,0,0,1,1,0,2,KRBKRNvK,LOSS,4r3/3K4/3Bn1R1/8/8/8/7k/8 b - - 0 1
1,1,0,0,0,0,0,1,-1,1,0,1,1,1,0,0,0,0,0,16,0,0,6,1,6,0,0,4,6,7,0,1,0,0,0,0,0,0,0,7,1,1,0,0,0,0,3,0,1,0,KRBKRNvK,DRAW,8/1K4r1/8/3R3n/8/8/B7/k7 w - - 0 1
1,1,0,0,0,0,0,1,-1,1,0,1,1,1,0,0,0,0,0,16,0,0,5,5,5,4,0,2,3,28,20,0,0,0,0,0,0,0,0,7,1,1,0,0,0,0,3,2,1,1,KRBKRNvK,DRAW,4r3/8/5K2/8/7R/n7/4B3/4k3 w - - 0 1
1,1,0,0,0,0,0,1,-1,1,0,1,1,1,0,0,0,0,0,16,0,0,4,7,1,3,2,5,1,6,0,1,0,0,0,0,0,0,0,7,1,1,0,1,0,0,0,2,1,0,KRBKRNvK,DRAW,8/6n1/7R/8/8/3k4/r6K/2B5 w - - 0 1
0,1,0,0,0,0,0,1,-1,1,0,1,1,1,0,0,0,0,0,16,0,0,5,5,7,6,2,4,3,15,27,0,0,0,0,0,0,0,0,7,1,1,0,0,0,0,3,0,1,0,KRBKRNvK,DRAW,5K2/8/8/8/2B1R3/6k1/7n/6r1 b - - 0 1
0,1,0,0,0,0,0,1,-1,1,0,1,1,1,0,0,0,0,0,16,0,0,4,0,5,4,5,4,1,4,0,1,0,0,0,0,0,0,0,7,1,1,0,1,0,0,0,3,1,0,KRBKRNvK,DRAW,8/8/K3k1R1/8/5n2/7B/4r3/8 b - - 0 1
0,1,0,0,0,0,0,1,-1,1,0,1,1,1,0,0,0,0,0,16,0,0,5,7,6,2,1,5,3,23,28,0,0,0,0,0,0,0,0,7,1,1,0,0,0,0,2,0,0,0,KRBKRNvK,DRAW,8/7K/8/2B5/7R/8/2k5/5rn1 b - - 0 1
1,1,0,0,0,0,0,1,-1,1,0,1,1,1,0,0,0,0,0,16,0,0,5,6,4,1,1,2,4,28,21,0,0,0,0,0,0,0,0,7,1,1,0,0,0,0,0,2,1,0,KRBKRNvK,DRAW,2Bn4/8/8/6K1/8/2R5/1k6/3r4 w - - 0 1
0,1,0,0,0,0,0,1,-1,1,0,1,1,1,0,0,0,0,0,16,0,0,4,0,4,4,7,3,3,21,21,0,0,0,0,0,0,0,0,7,1,1,0,0,0,0,2,0,0,0,KRBKRNvK,DRAW,3nk3/6r1/8/K7/8/3R4/8/1B6 b - - 0 1
1,1,0,0,0,0,0,1,-1,1,0,1,1,1,0,0,0,0,0,16,0,0,5,2,5,3,0,2,3,26,20,0,0,0,0,0,0,0,0,7,1,1,0,0,0,0,1,2,2,0,KRBKRNvK,DRAW,8/8/2K5/7r/8/1R6/8/n1Bk4 w - - 0 1
1,1,0,0,0,0,0,1,-1,1,0,1,1,1,0,0,0,0,0,16,0,0,6,5,7,7,1,4,5,3,0,1,0,0,0,0,0,0,0,7,1,1,1,0,0,0,0,1,0,1,KRBKRNvK,DRAW,5K1r/R7/8/6B1/5n2/8/7k/8 w - - 0 1
1,1,0,0,0,0,0,1,-1,1,0,1,1,1,0,0,0,0,0,16,0,0,7,7,7,0,7,6,6,26,23,0,0,0,0,0,0,0,0,7,1,1,1,1,0,0,1,0,1,0,KRBKRNvK,DRAW,k6K/1R6/8/8/4n3/4B3/6r1/8 w - - 0 1
1,1,0,0,0,0,0,1,-1,1,0,1,1,1,0,0,0,0,0,16,0,0,3,5,3,2,0,1,4,28,16,0,0,0,0,0,0,0,0,7,1,1,0,0,0,0,2,0,1,0,KRBKRNvK,DRAW,4R3/8/8/8/5K2/8/8/1nk1B2r w - - 0 1
1,1,0,0,0,0,0,1,-1,1,0,1,1,1,0,0,0,0,0,16,0,0,4,3,4,7,3,0,3,7,0,1,0,0,0,0,0,0,0,7,1,1,0,1,0,0,3,1,0,1,KRBKRNvK,DRAW,8/4n3/8/3K4/7k/2R5/5r2/5B2 w - - 0 1
0,1,0,0,0,0,0,1,-1,1,0,1,1,1,0,0,0,0,0,16,0,0,6,6,7,0,4,5,3,22,25,0,0,0,0,0,0,0,0,7,1,1,0,0,0,0,2,2,0,0,KRBKRNvK,DRAW,6K1/2n5/6R1/k6r/8/8/1B6/8 b - - 0 1
0,1,0,0,0,0,0,1,-1,1,0,1,1,1,0,0,0,0,0,16,0,0,6,7,4,1,4,3,2,26,22,0,0,0,0,0,0,0,0,7,1,1,0,0,0,0,2,0,0,0,KRBKRNvK,DRAW,7B/2r5/8/1k5K/8/7R/8/5n2 b - - 0 1
0,1,0,0,0,0,0,1,-1,1,0,1,1,1,0,0,0,0,0,16,0,0,2,1,3,2,1,2,3,5,0,1,0,0,0,0,0,0,0,7,1,1,0,1,0,0,2,2,0,0,KRBKRNvK,DRAW,8/8/2R5/6n1/1K6/8/2k1r3/7B b - - 0 1
1,1,0,0,0,0,0,1,-1,1,0,1,1,1,0,0,0,0,0,16,0,0,6,1,6,7,1,4,5,4,0,1,0,0,0,0,0,0,0,7,1,1,0,0,0,0,0,0,0,0,KRBKRNvK,DRAW,BR5n/1K3r2/8/8/8/8/7k/8 w - - 0 1
0,1,0,0,0,0,0,1,-1,1,0,1,1,1,0,0,0,0,0,16,0,0,5,3,5,1,0,1,5,23,22,0,0,0,0,0,0,0,0,7,1,1,0,0,0,0,3,1,0,0,KRBKRNvK,DRAW,8/6r1/3KR3/8/5B2/8/2n5/1k6 b - - 0 1
1,1,0,0,0,0,0,1,-1,1,0,1,1,1,0,0,0,0,0,16,0,0,4,6,1,6,5,4,3,26,22,0,0,0,0,0,0,0,0,7,1,1,1,0,0,0,0,1,1,0,KRBKRNvK,DRAW,8/r2B1R2/6k1/8/8/3n4/6K1/8 w - - 0 1
1,1,0,0,0,0,0,1,-1,1,0,1,1,1,0,0,0,0,0,16,0,0,6,0,1,5,7,5,4,24,22,0,0,0,0,0,0,0,0,7,1,1,0,0,0,0,0,1,0,0,KRBKRNvK,DRAW,5k2/8/2R5/B7/5n2/8/K7/5r2 w - - 0 1
0,1,0,0,0,0,0,1,-1,1,0,1,1,1,0,0,0,0,0,16,0,0,2,5,4,3,6,1,2,15,25,0,0,0,0,0,0,0,0,7,1,1,0,0,0,0,3,1,1,2,KRBKRNvK,WIN,8/3k2r1/1B4n1/5K2/8/8/6R1/8 b - - 0 1
0,1,0,0,0,0,0,1,-1,1,0,1,1,1,0,0,0,0,0,16,0,0,4,1,4,5,6,2,3,17,28,0,0,0,0,0,0,0,0,7,1,1,0,0,0,0,2,0,0,0,KRBKRNvK,DRAW,5r2/5k2/8/1K6/R7/8/n2B4/8 b - - 0 1
0,1,0,0,0,0,0,1,-1,1,0,1,1,1,0,0,0,0,0,16,0,0,3,3,3,3,0,0,3,21,28,0,0,0,0,0,0,0,0,7,1,1,1,1,0,0,3,0,0,0,KRBKRNvK,WIN,8/4R3/B7/n7/3K4/8/6r1/3k4 b - - 0 1
0,1,0,0,0,0,0,1,-1,1,0,1,1,1,0,0,0,0,0,16,0,0,5,0,2,4,7,4,3,18,26,0,0,0,0,0,0,0,0,7,1,1,0,0,0,0,2,0,1,0,KRBKRNvK,DRAW,2B1k2n/5r2/8/1R6/8/K7/8/8 b - - 0 1
0,1,0,0,0,0,0,1,-1,1,0,1,1,1,0,0,0,0,0,16,0,0,4,7,1,3,1,5,2,6,0,1,0,0,0,0,0,0,0,7,1,1,0,0,0,0,0,1,0,0,KRBKRNvK,LOSS,8/8/7r/6BR/8/8/2nk3K/8 b - - 0 1
0,1,0,0,0,0,0,1,-1,1,0,1,1,1,0,0,0,0,0,16,0,0,4,2,3,6,5,1,3,25,25,0,0,0,0,0,0,0,0,7,1,1,1,0,0,0,2,2,0,0,KRBKRNvK,DRAW,4r3/R7/6k1/8/2K5/B7/5n2/8 b - - 0 1
0,1,0,0,0,0,0,1,-1,1,0,1,1,1,0,0,0,0,0,16,0,0,4,4,3,5,7,0,4,20,25,0,0,0,0,0,0,0,0,7,1,1,0,0,0,0,3,0,0,0,KRBKRNvK,DRAW,5k2/1B6/8/3R4/4K3/8/8/n5r1 b - - 0 1
1,1,0,0,0,0,0,1,-1,1,0,1,1,1,0,0,0,0,0,16,0,0,2,7,1,5,2,5,2,3,0,1,0,0,0,0,0,0,0,7,1,1,0,1,0,0,0,1,0,1,KRBKRNvK,DRAW,8/8/7B/8/8/5k2/5r1K/R2n4 w - - 0 1
0,1,0,0,0,0,0,1,-1,1,0,1,1,1,0,0,0,0,0,16,0,0,2,6,1,7,3,4,3,25,18,0,0,0,0,0,0,0,0,7,1,1,0,0,0,0,1,3,0,0,KRBKRNvK,DRAW,8/8/8/5r2/7k/2nB4/6K1/6R1 b - - 0 1
1,1,0,0,0,0,0,1,-1,1,0,1,1,1,0,0,0,0,0,16,0,0,3,4,2,1,1,1,4,5,0,1,0,0,0,0,0,0,0,7,1,1,0,0,0,0,2,1,0,1,KRBKRNvK,DRAW,8/8/8/8/1n4R1/4K2B/1k6/4r3 w - - 0 1
1,1,0,0,0,0,0,1,-1,1,0,1,1,1,0,0,0,0,0,16,0,0,5,5,3,0,4,1,3,13,21,0,0,0,0,0,0,0,0,7,1,1,0,0,0,0,2,2,0,1,KRBKRNvK,DRAW,2n5/8/8/k2r2B1/5KR1/8/8/8 w - - 0 1
0,1,0,0,0,0,0,1,-1,1,0,1,1,1,0,0,0,0,0,16,0,0,3,5,2,2,5,2,2,6,0,1,0,0,0,0,0,0,0,7,1,1,0,1,0,0,2,2,1,2,KRBKRNvK,DRAW,B7/8/2k5/8/5R2/5K2/4n2r/8 b - - 0 1
1,1,0,0,0,0,0,1,-1,1,0,1,1,1,0,0,0,0,0,16,0,0,2,5,4,6,6,1,4,22,22,0,0,0,0,0,0,0,0,7,1,1,0,0,0,0,3,0,0,1,KRBKRNvK,DRAW,8/1n4k1/1B6/5K2/5R2/6r1/8/8 w - - 0 1
1,1,0,0,0,0,0,1,-1,1,0,1,1,1,0,0,0,0,0,16,0,0,3,3,2,6,2,1,3,7,0,1,0,0,0,0,0,0,0,7,1,1,1,0,0,0,2,0,0,1,KRBKRNvK,LOSS,8/5R2/5r1B/4n3/8/3K2k1/8/8 w - - 0 1
1,1,0,0,0,0,0,1,-1,1,0,1,1,1,0,0,0,0,0,16,0,0,6,7,3,1,7,3,5,2,0,1,0,0,0,0,0,0,0,7,1,1,0,0,0,0,2,3,1,1,KRBKRNvK,DRAW,1k6/8/2B5/8/6rK/2R1n3/8/8 w - - 0 1
0,1,0,0,0,0,0,1,-1,1,0,1,1,1,0,0,0,0,0,16,0,0,6,4,7,1,1,3,4,25,15,0,0,0,0,0,0,0,0,7,1,1,0,0,0,0,1,0,0,0,KRBKRNvK,DRAW,4K2R/7n/8/8/8/6r1/1k3B2/8 b - - 0 1
0,1,0,0,0,0,0,1,-1,1,0,1,1,1,0,0,0,0,0,16,0,0,7,4,0,0,7,3,6,20,20,0,0,0,0,0,0,0,0,7,1,1,0,0,0,0,2,0,0,1,KRBKRNvK,DRAW,k7/8/7n/7R/8/5r2/7B/4K3 b - - 0 1
0,1,0,0,0,0,0,1,-1,1,0,1,1,1,0,0,0,0,0,16,0,0,5,3,7,4,2,3,1,21,24,0,0,0,0,0,0,0,0,7,1,1,0,0,0,0,0,2,0,0,KRBKRNvK,DRAW,3K4/4B3/7R/8/8/2r1k3/8/5n2 b - - 0 1
0,1,0,0,0,0,0,1,-1,1,0,1,1,1,0,0,0,0,0,16,0,0,3,6,3,3,5,2,1,6,0,1,0,0,0,0,0,0,0,7,1,1,0,0,0,0,3,2,2,0,KRBKRNvK,DRAW,8/8/3k4/8/1R3BK1/8/8/r3n3 b - - 0 1
1,1,0,0,0,0,0,1,-1,1,0,1,1,1,0,0,0,0,0,16,0,0,3,3,4,3,7,0,3,7,0,1,0,0,0,0,0,0,0,7,1,1,0,0,0,0,4,1,0,1,KRBKRNvK,DRAW,3k4/6r1/1n6/3K3R/5B2/8/8/8 w - - 0 1
0,1,0,0,0,0,0,1,-1,1,0,1,1,1,0,0,0,0,0,16,0,0,4,4,3,6,7,0,5,18,26,0,0,0,0,0,0,0,0,7,1,1,0,0,0,0,3,0,0,1,KRBKRNvK,DRAW,6k1/8/6r1/8/4K3/4BR2/8/7n b - - 0 1
0,1,0,0,0,0,0,1,-1,1,0,1,1,1,0,0,0,0,0,16,0,0,2,5,4,3,3,1,0,22,27,0,0,0,0,0,0,0,0,7,1,1,0,0,0,0,3,3,0,0,KRBKRNvK,DRAW,B7/8/n7/5K2/3k4/2r5/8/1R6 b - - 0 1
1,1,0,0,0,0,0,1,-1,1,0,1,1,1,0,0,0,0,0,16,0,0,3,0,3,0,0,3,6,20,17,0,0,0,0,0,0,0,0,7,1,1,0,0,0,0,1,2,1,2,KRBKRNvK,DRAW,8/8/R7/2r5/K7/8/n1B5/k7 w - - 0 1
1,1,0,0,0,0,0,1,-1,1,0,1,1,1,0,0,0,0,0,16,0,0,7,6,7,4,0,5,3,3,0,1,0,0,0,0,0,0,0,7,1,1,0,0,0,0,1,0,0,1,KRBKRNvK,DRAW,5RK1/8/1B4r1/8/8/8/8/1n2k3 w - - 0 1
1,1,0,0,0,0,0,1,-1,1,0,1,1,1,0,0,0,0,0,16,0,0,5,1,2,3,7,3,3,7,0,1,0,0,0,0,0,0,0,7,1,1,0,0,0,0,2,1,0,1,KRBKRNvK,DRAW,3k4/8/8/8/3BR3/1K6/3n4/6r1 w - - 0 1
0,1,0,0,0,0,0,1,-1,1,0,1,1,1,0,0,0,0,0,16,0,0,6,6,2,0,1,3,5,20,25,0,0,0,0,0,0,0,0,7,1,1,0,0,0,0,1,0,0,1,KRBKRNvK,DRAW,5r2/8/8/2B5/8/6Kn/k7/7R b - - 0 1
1,1,0,0,0,0,0,1,-1,1,0,1,1,1,0,0,0,0,0,16,0,0,3,4,2,1,1,1,4,26,14,0,0,0,0,0,0,0,0,7,1,1,0,1,0,0,3,0,1,0,KRBKRNvK,DRAW,6n1/8/8/8/8/3RK3/rk4B1/8 w - - 0 1
0,1,0,0,0,0,0,1,-1,1,0,1,1,1,0,0,0,0,0,16,0,0,4,3,4,7,6,0,5,19,18,0,0,0,0,0,0,0,0,7,1,1,0,0,0,0,4,2,0,0,KRBKRNvK,DRAW,8/7k/8/3K3n/7r/1B1R4/8/8 b - - 0 1
0,1,0,0,0,0,0,1,-1,1,0,1,1,1,0,0,0,0,0,16,0,0,2,3,0,2,2,3,2,27,27,0,0,0,0,0,0,0,0,7,1,1,1,0,0,0,2,2,0,0,KRBKRNvK,DRAW,8/7R/8/2n5/r7/2k2B2/8/3K4 b - - 0 1
0,1,0,0,0,0,0,1,-1,1,0,1,1,1,0,0,0,0,0,16,0,0,5,3,2,4,7,1,3,3,0,1,0,0,0,0,0,0,0,7,1,1,0,0,0,0,3,2,2,0,KRBKRNvK,DRAW,4k3/8/4R1B1/8/r7/n2K4/8/8 b - - 0 1
0,1,0,0,0,0,0,1,-1,1,0,1,1,1,0,0,0,0,0,16,0,0,5,7,5,3,0,4,3,22,24,0,0,0,0,0,0,0,0,7,1,1,0,0,0,0,1,2,0,0,KRBKRNvK,DRAW,8/B7/6RK/8/4r3/8/8/3k2n1 b - - 0 1
1,1,0,0,0,0,0,1,-1,1,0,1,1,1,0,0,0,0,0,16,0,0,3,1,1,3,4,4,0,3,0,1,0,0,0,0,0,0,0,7,1,1,0,0,0,0,1,3,1,1,KRBKRNvK,DRAW,1r6/8/8/3k4/2n5/2R5/1KB5/8 w - - 0 1
1,1,0,0,0,0,0,1,-1,1,0,1,1,1,0,0,0,0,0,16,0,0,5,7,1,2,3,5,1,27,30,0,0,0,0,0,0,0,0,7,1,1,1,0,0,0,0,4,0,0,KRBKRNvK,DRAW,4r3/R7/8/5nB1/2k5/8/7K/8 w - - 0 1
0,1,0,0,0,0,0,1,-1,1,0,1,1,1,0,0,0,0,0,16,0,0,4,5,5,4,1,2,2,5,0,1,0,0,0,0,0,0,0,7,1,1,0,0,0,0,3,3,0,0,KRBKRNvK,DRAW,B7/8/4RK2/8/8/5n2/4k3/3r4 b - - 0 1
1,1,0,0,0,0,0,1,-1,1,0,1,1,1,0,0,0,0,0,16,0,0,2,2,5,0,4,2,3,27,19,0,0,0,0,0,0,0,0,7,1,1,0,0,0,0,2,0,0,0,KRBKRNvK,DRAW,1B6/6n1/2K5/k7/8/5R2/8/6r1 w - - 0 1
0,1,0,0,0,0,0,1,-1,1,0,1,1,1,0,0,0,0,0,16,0,0,4,3,4,1,0,0,5,23,21,0,0,0,0,0,0,0,0,7,1,1,0,0,0,0,4,2,1,0,KRBKRNvK,DRAW,8/6n1/8/3K4/r7/3R4/8/1k2B3 b - - 0 1
0,1,0,0,0,0,0,1,-1,1,0,1,1,1,0,0,0,0,0,16,0,0,6,3,1,0,7,2,6,21,28,0,0,0,0,0,0,0,0,7,1,1,0,0,0,0,2,2,0,0,KRBKRNvK,DRAW,k7/8/n7/1r6/5R2/8/3K4/3B4 b - - 0 1
1,1,0,0,0,0,0,1,-1,1,0,1,1,1,0,0,0,0,0,16,0,0,6,1,2,7,1,3,5,28,21,0,0,0,0,0,0,0,0,7,1,1,0,0,0,0,2,2,1,1,KRBKRNvK,DRAW,8/8/7n/r7/4R3/1K6/5B1k/8 w - - 0 1
0,1,0,0,0,0,0,1,-1,1,0,1,1,1,0,0,0,0,0,16,0,0,2,6,5,6,7,3,5,17,23,0,0,0,0,0,0,0,0,7,1,1,1,0,0,0,0,0,0,0,KRBKRNvK,LOSS,6k1/R7/n5K1/8/6B1/r7/8/8 b - - 0 1
1,1,0,0,0,0,0,1,-1,1,0,1,1,1,0,0,0,0,0,16,0,0,5,0,2,5,6,4,3,23,24,0,0,0,0,0,0,0,0,7,1,1,0,0,0,0,3,2,1,0,KRBKRNvK,DRAW,7B/5k2/3n4/8/7r/K3R3/8/8 w - - 0 1
0,1,0,0,0,0,0,1,-1,1,0,1,1,1,0,0,0,0,0,16,0,0,4,2,1,5,5,3,2,6,0,1,0,0,0,0,0,0,0,7,1,1,0,0,0,0,0,2,1,0,KRBKRNvK,DRAW,8/8/1R1r1k2/3n4/7B/8/2K5/8 b - - 0 1
1,1,0,0,0,0,0,1,-1,1,0,1,1,1,0,0,0,0,0,16,0,0,2,2,4,1,2,1,3,6,0,1,0,0,0,0,0,0,0,7,1,1,0,0,0,0,3,3,0,0,KRBKRNvK,DRAW,5R2/8/8/2K3r1/8/1k4B1/3n4/8 w - - 0 1
0,1,0,0,0,0,0,1,-1,1,0,1,1,1,0,0,0,0,0,16,0,0,3,0,7,0,4,6,3,25,26,0,0,0,0,0,0,0,0,7,1,1,0,0,0,0,1,1,0,0,KRBKRNvK,DRAW,K7/8/6r1/k4B2/8/7R/4n3/8 b - - 0 1
1,1,0,0,0,0,0,1,-1,1,0,1,1,1,0,0,0,0,0,16,0,0,4,7,1,3,1,5,2,6,0,1,0,0,0,0,0,0,0,7,1,1,0,1,0,0,2,2,2,0,KRBKRNvK,DRAW,8/8/5n2/8/4BR2/8/3kr2K/8 w - - 0 1
1,1,0,0,0,0,0,1,-1,1,0,1,1,1,0,0,0,0,0,16,0,0,3,2,1,5,4,3,1,5,0,1,0,0,0,0,0,0,0,7,1,1,0,0,0,0,0,3,0,2,KRBKRNvK,DRAW,8/8/8/5k2/2r5/8/R1K5/2B1n3 w - - 0 1
0,1,0,0,0,0,0,1,-1,1,0,1,1,1,0,0,0,0,0,16,0,0,3,1,7,4,7,5,3,23,28,0,0,0,0,0,0,0,0,7,1,1,0,0,0,0,0,0,1,0,KRBKRNvK,DRAW,1K2k3/8/6R1/8/n7/8/4B3/7r b - - 0 1
0,1,0,0,0,0,0,1,-1,1,0,1,1,1,0,0,0,0,0,16,0,0,6,6,5,0,7,3,6,18,26,0,0,0,0,0,0,0,0,7,1,1,0,0,0,0,2,0,0,0,KRBKRNvK,DRAW,k7/8/3RB1K1/8/8/8/8/5r1n b - - 0 1
1,1,0,0,0,0,0,1,-1,1,0,1,1,1,0,0,0,0,0,16,0,0,7,4,7,6,0,3,5,26,23,0,0,0,0,0,0,0,0,7,1,1,0,0,0,0,0,0,1,0,KRBKRNvK,DRAW,4K3/8/8/8/3n4/r6B/1R6/6k1 w - - 0 1
1,1,0,0,0,0,0,1,-1,1,0,1,1,1,0,0,0,0,0,16,0,0,4,4,6,7,2,2,4,31,21,0,0,0,0,0,0,0,0,7,1,1,0,0,0,0,2,2,0,1,KRBKRNvK,DRAW,8/4K3/8/6r1/8/3B3k/7n/4R3 w - - 0 1
0,1,0,0,0,0,0,1,-1,1,0,1,1,1,0,0,0,0,0,16,0,0,3,5,5,2,7,2,4,3,0,1,0,0,0,0,0,0,0,7,1,1,0,1,0,0,3,1,1,0,KRBKRNvK,DRAW,2k1R3/8/5K2/1n6/8/8/5B1r/8 b - - 0 1
1,1,0,0,0,0,0,1,-1,1,0,1,1,1,0,0,0,0,0,16,0,0,3,2,7,5,6,4,3,5,0,1,0,0,0,0,0,0,0,7,1,1,0,0,0,0,0,2,0,0,KRBKRNvK,DRAW,2K5/5k2/8/B1r5/6n1/1R6/8/8 w - - 0 1
0,1,0,0,0,0,0,1,-1,1,0,1,1,1,0,0,0,0,0,16,0,0,3,5,6,6,3,3,2,4,0,1,0,0,0,0,0,0,0,7,1,1,0,0,0,0,0,0,1,0,KRBKRNvK,LOSS,8/3B1K2/8/8/6kn/7R/8/7r b - - 0 1
0,1,0,0,0,0,0,1,-1,1,0,1,1,1,0,0,0,0,0,16,0,0,4,2,3,3,7,1,3,4,0,1,0,0,0,0,0,0,0,7,1,1,0,0,0,0,3,0,1,0,KRBKRNvK,DRAW,1B1k4/r7/8/3R4/2K4n/8/8/8 b - - 0 1
0,1,0,0,0,0,0,1,-1,1,0,1,1,1,0,0,0,0,0,16,0,0,2,1,0,0,2,5,4,21,22,0,0,0,0,0,0,0,0,7,1,1,0,1,0,0,3,2,0,0,KRBKRNvK,DRAW,8/7B/8/3R4/8/k7/4r3/1K3n2 b - - 0 1
0,1,0,0,0,0,0,1,-1,1,0,1,1,1,0,0,0,0,0,16,0,0,2,4,1,2,3,2,1,20,32,0,0,0,0,0,0,0,0,7,1,1,0,0,0,0,2,2,1,0,KRBKRNvK,DRAW,8/r5n1/8/4B3/2k5/8/4K3/3R4 b - - 0 1
0,1,0,0,0,0,0,1,-1,1,0,1,1,1,0,0,0,0,0,16,0,0,2,3,5,5,3,1,1,4,0,1,0,0,0,0,0,0,0,7,1,1,0,0,0,0,2,3,1,2,KRBKRNvK,DRAW,8/1r6/1n1K4/2R5/5k2/8/3B4/8 b - - 0 1
0,1,0,0,0,0,0,1,-1,1,0,1,1,1,0,0,0,0,0,16,0,0,2,3,4,1,6,0,4,4,0,1,0,0,0,0,0,0,0,7,1,1,0,0,0,0,4,0,0,0,KRBKRNvK,DRAW,2r5/1k3B2/8/3K4/8/7n/8/1R6 b - - 0 1
0,1,0,0,0,0,0,1,-1,1,0,1,1,1,0,0,0,0,0,16,0,0,5,3,7,0,2,3,4,23,23,0,0,0,0,0,0,0,0,7,1,1,0,0,0,0,2,0,2,0,KRBKRNvK,DRAW,3K4/8/8/3n4/B1R5/k6r/8/8 b - - 0 1
0,1,0,0,0,0,0,1,-1,1,0,1,1,1,0,0,0,0,0,16,0,0,4,4,3,0,4,0,3,21,24,0,0,0,0,0,0,0,0,7,1,1,0,0,0,0,3,2,0,1,KRBKRNvK,DRAW,8/8/3r4/k7/4K3/7B/6R1/n7 b - - 0 1
0,1,0,0,0,0,0,1,-1,1,0,1,1,1,0,0,0,0,0,16,0,0,3,2,4,5,2,1,2,25,22,0,0,0,0,0,0,0,0,7,1,1,0,0,0,0,3,1,0,2,KRBKRNvK,DRAW,2R5/7B/8/2K5/3n4/r4k2/8/8 b - - 0 1
1,1,0,0,0,0,0,1,-1,1,0,1,1,1,0,0,0,0,0,16,0,0,5,2,5,7,4,2,3,5,0,1,0,0,0,0,0,0,0,7,1,1,0,1,0,0,2,0,0,0,KRBKRNvK,DRAW,8/8/1BKR4/7k/8/8/2r5/6n1 w - - 0 1
0,1,0,0,0,0,0,1,-1,1,0,1,1,1,0,0,0,0,0,16,0,0,3,4,3,4,6,0,2,20,20,0,0,0,0,0,0,0,0,7,1,1,0,0,0,0,4,1,0,0,KRBKRNvK,DRAW,4r3/1B2k3/8/8/1nR1K3/8/8/8 b - - 0 1
1,1,0,0,0,0,0,1,-1,1,0,1,1,1,0,0,0,0,0,16,0,0,4,5,1,3,5,3,1,22,22,0,0,0,0,0,0,0,0,7,1,1,0,0,0,0,0,3,1,1,KRBKRNvK,DRAW,4B3/4r3/3k4/8/8/5R2/5K2/4n3 w - - 0 1
1,1,0,0,0,0,0,1,-1,1,0,1,1,1,0,0,0,0,0,16,0,0,7,0,7,7,3,6,3,26,18,0,0,0,0,0,0,0,0,7,1,1,0,0,0,0,3,1,0,0,KRBKRNvK,DRAW,K7/5n2/8/3R4/7k/8/2B5/7r w - - 0 1
0,1,0,0,0,0,0,1,-1,1,0,1,1,1,0,0,0,0,0,16,0,0,7,0,2,7,6,4,5,4,0,1,0,0,0,0,0,0,0,7,1,1,0,0,0,0,2,3,0,0,KRBKRNvK,DRAW,2B5/7k/2n5/6r1/7R/K7/8/8 b - - 0 1
0,1,0,0,0,0,0,1,-1,1,0,1,1,1,0,0,0,0,0,16,0,0,2,0,3,2,4,3,1,14,19,0,0,0,0,0,0,0,0,7,1,1,0,0,0,0,2,2,0,1,KRBKRNvK,DRAW,B1n5/8/2r5/2k5/K7/8/3R4/8 b - - 0 1
1,1,0,0,0,0,0,1,-1,1,0,1,1,1,0,0,0,0,0,16,0,0,2,5,5,3,6,2,2,5,0,1,0,0,0,0,0,0,0,7,1,1,0,0,0,0,2,3,0,1,KRBKRNvK,DRAW,8/3k4/5K2/R7/6n1/3r4/3B4/8 w - - 0 1
1,1,0,0,0,0,0,1,-1,1,0,1,1,1,0,0,0,0,0,16,0,0,4,6,1,5,5,4,2,7,0,1,0,0,0,0,0,0,0,7,1,1,0,0,0,0,1,2,2,1,KRBKRNvK,LOSS,8/8/5k2/5BR1/8/r3n3/6K1/8 w - - 0 1
0,1,0,0,0,0,0,1,-1,1,0,1,1,1,0,0,0,0,0,16,0,0,4,1,4,5,2,2,2,22,29,0,0,0,0,0,0,0,0,7,1,1,0,0,0,0,3,1,0,0,KRBKRNvK,DRAW,5r2/7B/3R4/1K6/8/5k1n/8/8 b - - 0 1
0,1,0,0,0,0,0,1,-1,1,0,1,1,1,0,0,0,0,0,16,0,0,2,3,3,3,5,0,1,17,27,0,0,0,0,0,0,0,0,7,1,1,0,0,0,0,3,2,1,1,KRBKRNvK,DRAW,8/5B2/1r1k4/n7/3K4/7R/8/8 b - - 0 1
1,1,0,0,0,0,0,1,-1,1,0,1,1,1,0,0,0,0,0,16,0,0,3,0,2,1,5,4,3,4,0,1,0,0,0,0,0,0,0,7,1,1,0,0,0,0,3,1,1,1,KRBKRNvK,DRAW,8/8/1k2B2r/1n6/R7/K7/8/8 w - - 0 1
0,1,0,0,0,0,0,1,-1,1,0,1,1,1,0,0,0,0,0,16,0,0,5,0,0,1,5,6,3,25,23,0,0,0,0,0,0,0,0,7,1,1,0,0,0,0,2,2,0,0,KRBKRNvK,DRAW,5B2/3r4/1k6/7n/8/8/8/K3R3 b - - 0 1
0,1,0,0,0,0,0,1,-1,1,0,1,1,1,0,0,0,0,0,16,0,0,2,2,3,0,4,1,3,23,24,0,0,0,0,0,0,0,0,7,1,1,0,0,0,0,4,2,0,1,KRBKRNvK,DRAW,1r6/8/2n5/k7/2K4B/8/8/4R3 b - - 0 1
0,1,0,0,0,0,0,1,-1,1,0,1,1,1,0,0,0,0,0,16,0,0,2,4,3,2,3,0,1,17,25,0,0,0,0,0,0,0,0,7,1,1,0,1,0,0,3,2,0,1,KRBKRNvK,DRAW,8/B7/6Rn/8/2k1K3/8/2r5/8 b - - 0 1
1,1,0,0,0,0,0,1,-1,1,0,1,1,1,0,0,0,0,0,16,0,0,5,4,5,5,0,1,4,5,0,1,0,0,0,0,0,0,0,7,1,1,0,0,0,0,4,1,0,1,KRBKRNvK,DRAW,4r3/8/4KB2/1n6/6R1/8/8/5k2 w - - 0 1
1,1,0,0,0,0,0,1,-1,1,0,1,1,1,0,0,0,0,0,16,0,0,4,6,4,2,3,2,1,28,26,0,0,0,0,0,0,0,0,7,1,1,0,0,0,0,0,4,0,1,KRBKRNvK,DRAW,4B3/8/7R/6K1/2k5/4r3/2n5/8 w - - 0 1
1,1,0,0,0,0,0,1,-1,1,0,1,1,1,0,0,0,0,0,16,0,0,2,6,2,7,4,3,3,25,19,0,0,0,0,0,0,0,0,7,1,1,0,0,0,0,0,2,0,1,KRBKRNvK,WIN,8/8/R7/1Bn4k/7r/6K1/8/8 w - - 0 1
0,1,0,0,0,0,0,1,-1,1,0,1,1,1,0,0,0,0,0,16,0,0,4,0,4,1,0,3,5,21,23,0,0,0,0,0,0,0,0,7,1,1,0,0,0,0,0,0,0,0,KRBKRNvK,DRAW,2B5/8/7R/K7/7n/8/8/1k3r2 b - - 0 1
1,1,0,0,0,0,0,1,-1,1,0,1,1,1,0,0,0,0,0,16,0,0,7,7,0,1,7,6,5,16,19,0,0,0,0,0,0,0,0,7,1,1,0,0,0,0,0,0,0,0,KRBKRNvK,DRAW,1k6/8/7r/n6B/8/8/8/5R1K w - - 0 1
1,1,0,0,0,0,0,1,-1,1,0,1,1,1,0,0,0,0,0,16,0,0,5,5,3,0,0,1,6,6,0,1,0,0,0,0,0,0,0,7,1,1,0,0,0,0,3,1,1,0,KRBKRNvK,DRAW,6B1/3n4/8/8/5K2/8/2R5/k4r2 w - - 0 1
1,1,0,0,0,0,0,1,-1,1,0,1,1,1,0,0,0,0,0,16,0,0,6,3,1,7,7,2,6,6,0,1,0,0,0,0,0,0,0,7,1,1,0,0,0,0,3,2,0,1,KRBKRNvK,DRAW,7k/3r4/8/8/4R3/1B6/3K4/3n4 w - - 0 1
0,1,0,0,0,0,0,1,-1,1,0,1,1,1,0,0,0,0,0,16,0,0,2,5,5,3,5,2,1,21,27,0,0,0,0,0,0,0,0,7,1,1,0,0,0,0,2,3,1,0,KRBKRNvK,DRAW,2n5/5B2/3k1K2/8/8/6R1/8/4r3 b - - 0 1
0,1,0,0,0,0,0,1,-1,1,0,1,1,1,0,0,0,0,0,16,0,0,4,4,7,0,5,3,4,19,22,0,0,0,0,0,0,0,0,7,1,1,0,0,0,0,3,0,0,0,KRBKRNvK,DRAW,n3K3/8/k7/3R4/8/1B6/8/5r2 b - - 0 1
1,1,0,0,0,0,0,1,-1,1,0,1,1,1,0,0,0,0,0,16,0,0,6,5,1,4,7,3,3,6,0,1,0,0,0,0,0,0,0,7,1,1,0,0,0,0,0,2,0,0,KRBKRNvK,DRAW,4k1n1/8/8/5r2/8/8/R3BK2/8 w - - 0 1
0,1,0,0,0,0,0,1,-1,1,0,1,1,1,0,0,0,0,0,16,0,0,4,1,4,5,3,2,1,17,22,0,0,0,0,0,0,0,0,7,1,1,0,0,0,0,1,2,0,0,KRBKRNvK,DRAW,rn6/8/1B6/1K6/5k2/8/8/1R6 b - - 0 1
0,1,0,0,0,0,0,1,-1,1,0,1,1,1,0,0,0,0,0,16,0,0,3,0,1,0,4,5,3,5,0,1,0,0,0,0,0,0,0,7,1,1,1,0,0,0,0,1,1,0,KRBKRNvK,DRAW,8/2R5/6r1/k7/8/8/K2Bn3/8 b - - 0 1
0,1,0,0,0,0,0,1,-1,1,0,1,1,1,0,0,0,0,0,16,0,0,3,4,3,7,4,0,3,24,20,0,0,0,0,0,0,0,0,7,1,1,0,0,0,0,4,1,0,2,KRBKRNvK,DRAW,R7/8/6n1/7k/4K3/2r5/8/1B6 b - - 0 1
1,1,0,0,0,0,0,1,-1,1,0,1,1,1,0,0,0,0,0,16,0,0,3,4,7,6,4,3,2,2,0,1,0,0,0,0,0,0,0,7,1,1,1,0,0,0,0,0,0,1,KRBKRNvK,DRAW,1nr1K3/R7/8/6k1/8/8/8/4B3 w - - 0 1
0,1,0,0,0,0,0,1,-1,1,0,1,1,1,0,0,0,0,0,16,0,0,6,6,5,0,0,3,6,23,28,0,0,0,0,0,0,0,0,7,1,1,0,1,0,0,1,0,1,0,KRBKRNvK,DRAW,8/8/6K1/3n1B2/8/1R6/2r5/k7 b - - 0 1
1,1,0,0,0,0,0,1,-1,1,0,1,1,1,0,0,0,0,0,16,0,0,3,0,7,3,5,6,1,2,0,1,0,0,0,0,0,0,0,7,1,1,0,0,0,0,3,3,1,1,KRBKRNvK,DRAW,K7/8/r2k4/2R5/8/2B3n1/8/8 w - - 0 1
0,1,0,0,0,0,0,1,-1,1,0,1,1,1,0,0,0,0,0,16,0,0,2,4,0,6,2,3,3,5,0,1,0,0,0,0,0,0,0,7,1,1,0,0,0,0,0,1,1,0,KRBKRNvK,DRAW,1r6/8/8/8/1B3n2/6k1/8/4K1R1 b - - 0 1
1,1,0,0,0,0,0,1,-1,1,0,1,1,1,0,0,0,0,0,16,0,0,2,1,3,0,1,2,5,27,21,0,0,0,0,0,0,0,0,7,1,1,0,0,0,0,2,1,1,0,KRBKRNvK,DRAW,5r2/8/6n1/7R/1K6/8/k7/2B5 w - - 0 1
1,1,0,0,0,0,0,1,-1,1,0,1,1,1,0,0,0,0,0,16,0,0,6,5,6,6,0,3,5,31,19,0,0,0,0,0,0,0,0,7,1,1,0,0,0,0,3,2,0,0,KRBKRNvK,DRAW,1n6/1B3K2/8/8/7R/3r4/8/6k1 w - - 0 1
0,1,0,0,0,0,0,1,-1,1,0,1,1,1,0,0,0,0,0,16,0,0,3,7,0,6,3,6,2,24,24,0,0,0,0,0,0,0,0,7,1,1,1,0,0,0,2,2,0,0,KRBKRNvK,DRAW,7B/R7/8/8/6k1/4r3/8/n6K b - - 0 1
0,1,0,0,0,0,0,1,-1,1,0,1,1,1,0,0,0,0,0,16,0,0,4,0,6,4,3,5,0,18,21,0,0,0,0,0,0,0,0,7,1,1,0,0,0,0,2,4,0,0,KRBKRNvK,DRAW,8/K7/8/R7/4kr2/B7/4n3/8 b - - 0 1
0,1,0,0,0,0,0,1,-1,1,0,1,1,1,0,0,0,0,0,16,0,0,2,2,2,0,3,2,3,23,27,0,0,0,0,0,0,0,0,7,1,1,0,0,0,0,3,2,0,0,KRBKRNvK,DRAW,8/3n4/7B/5r2/k7/2K5/4R3/8 b - - 0 1
0,1,0,0,0,0,0,1,-1,1,0,1,1,1,0,0,0,0,0,16,0,0,3,0,0,0,3,6,3,19,28,0,0,0,0,0,0,0,0,7,1,1,0,0,0,0,1,0,1,0,KRBKRNvK,DRAW,7r/6n1/8/3B4/k7/1R6/8/K7 b - - 0 1
0,1,0,0,0,0,0,1,-1,1,0,1,1,1,0,0,0,0,0,16,0,0,4,1,0,1,4,5,2,26,25,0,0,0,0,0,0,0,0,7,1,1,0,0,0,0,0,0,0,0,KRBKRNvK,DRAW,3n1R2/8/7r/1k4B1/8/8/8/1K6 b - - 0 1
1,1,0,0,0,0,0,1,-1,1,0,1,1,1,0,0,0,0,0,16,0,0,3,5,5,7,2,2,4,29,19,0,0,0,0,0,0,0,0,7,1,1,1,0,0,0,1,2,0,1,KRBKRNvK,DRAW,8/2R5/B4K2/8/7r/7k/1n6/8 w - - 0 1
0,1,0,0,0,0,0,1,-1,1,0,1,1,1,0,0,0,0,0,16,0,0,5,1,7,0,2,5,4,3,0,1,0,0,0,0,0,0,0,7,1,1,0,0,0,0,0,0,0,0,KRBKRNvK,DRAW,1K6/8/R6n/7B/8/k7/8/6r1 b - - 0 1
1,1,0,0,0,0,0,1,-1,1,0,1,1,1,0,0,0,0,0,16,0,0,4,7,2,7,6,4,5,32,19,0,0,0,0,0,0,0,0,7,1,1,0,0,0,0,1,0,0,0,KRBKRNvK,DRAW,1n6/2r4k/8/8/3B4/7K/R7/8 w - - 0 1
0,1,0,0,0,0,0,1,-1,1,0,1,1,1,0,0,0,0,0,16,0,0,6,0,6,6,6,5,4,23,25,0,0,0,0,0,0,0,0,7,1,1,0,0,0,0,1,3,0,0,KRBKRNvK,DRAW,8/K4nk1/8/8/8/8/2B4R/3r4 b - - 0 1
1,1,0,0,0,0,0,1,-1,1,0,1,1,1,0,0,0,0,0,16,0,0,2,3,4,1,6,0,4,27,22,0,0,0,0,0,0,0,0,7,1,1,0,0,0,0,3,2,2,0,KRBKRNvK,DRAW,R7/1k6/1B6/3K4/6r1/8/4n3/8 w - - 0 1
1,1,0,0,0,0,0,1,-1,1,0,1,1,1,0,0,0,0,0,16,0,0,6,3,7,3,1,3,2,26,19,0,0,0,0,0,0,0,0,7,1,1,0,0,0,0,3,1,0,0,KRBKRNvK,DRAW,3K3B/8/8/8/R7/6n1/3k4/3r4 w - - 0 1
0,1,0,0,0,0,0,1,-1,1,0,1,1,1,0,0,0,0,0,16,0,0,2,3,6,5,5,2,2,20,23,0,0,0,0,0,0,0,0,7,1,1,0,0,0,0,2,2,1,2,KRBKRNvK,DRAW,8/3Kn3/5k2/5r2/6B1/4R3/8/8 b - - 0 1
0,1,0,0,0,0,0,1,-1,1,0,1,1,1,0,0,0,0,0,16,0,0,4,4,2,0,1,1,5,14,28,0,0,0,0,0,0,0,0,7,1,1,0,0,0,0,2,0,0,0,KRBKRNvK,DRAW,8/8/6R1/B7/8/4K3/k6n/r7 b - - 0 1
1,1,0,0,0,0,0,1,-1,1,0,1,1,1,0,0,0,0,0,16,0,0,4,4,3,1,7,0,5,26,19,0,0,0,0,0,0,0,0,7,1,1,0,0,0,0,3,2,0,0,KRBKRNvK,DRAW,nk6/8/8/r7/4K3/8/3R4/B7 w - - 0 1
1,1,0,0,0,0,0,1,-1,1,0,1,1,1,0,0,0,0,0,16,0,0,4,7,2,7,6,4,5,27,13,0,0,0,0,0,0,0,0,7,1,1,0,0,0,0,3,0,0,0,KRBKRNvK,DRAW,4n1r1/7k/3R4/8/8/2B4K/8/8 w - - 0 1
1,1,0,0,0,0,0,1,-1,1,0,1,1,1,0,0,0,0,0,16,0,0,4,4,3,7,7,0,6,6,0,1,0,0,0,0,0,0,0,7,1,1,0,1,0,0,4,2,0,2,KRBKRNvK,DRAW,7k/8/8/6R1/4K3/2n2B2/2r5/8 w - - 0 1
1,1,0,0,0,0,0,1,-1,1,0,1,1,1,0,0,0,0,0,16,0,0,3,0,3,1,0,3,5,25,21,0,0,0,0,0,0,0,0,7,1,1,0,0,0,0,2,2,1,0,KRBKRNvK,DRAW,8/8/8/3r4/K6n/2B2R2/8/1k6 w - - 0 1
1,1,0,0,0,0,0,1,-1,1,0,1,1,1,0,0,0,0,0,16,0,0,6,0,3,6,7,3,5,26,19,0,0,0,0,0,0,0,0,7,1,1,0,0,0,0,3,2,1,0,KRBKRNvK,DRAW,6k1/6B1/8/5r2/K7/3R4/8/7n w - - 0 1
1,1,0,0,0,0,0,1,-1,1,0,1,1,1,0,0,0,0,0,16,0,0,4,7,2,3,1,4,2,26,23,0,0,0,0,0,0,0,0,7,1,1,1,0,0,0,3,0,0,0,KRBKRNvK,DRAW,2r5/4R3/n7/8/8/7K/3k2B1/8 w - - 0 1
1,1,0,0,0,0,0,1,-1,1,0,1,1,1,0,0,0,0,0,16,0,0,2,2,3,4,2,1,1,4,0,1,0,0,0,0,0,0,0,7,1,1,0,1,0,0,3,2,1,1,KRBKRNvK,DRAW,B7/7n/8/8/2K5/4k3/2r5/5R2 w - - 0 1
0,1,0,0,0,0,0,1,-1,1,0,1,1,1,0,0,0,0,0,16,0,0,3,7,4,4,1,3,2,29,22,0,0,0,0,0,0,0,0,7,1,1,1,0,0,0,0,1,0,1,KRBKRNvK,DRAW,8/6R1/5r2/7K/2n5/1B6/4k3/8 b - - 0 1
1,1,0,0,0,0,0,1,-1,1,0,1,1,1,0,0,0,0,0,16,0,0,6,7,5,1,6,4,4,3,0,1,0,0,0,0,0,0,0,7,1,1,0,0,0,0,1,0,0,2,KRBKRNvK,DRAW,6n1/1k3r2/7K/8/8/4B3/4R3/8 w - - 0 1
1,1,0,0,0,0,0,1,-1,1,0,1,1,1,0,0,0,0,0,16,0,0,4,3,5,7,1,1,5,21,23,0,0,0,0,0,0,0,0,7,1,1,1,0,0,0,2,0,0,0,KRBKRNvK,DRAW,5B2/5R2/3K4/8/7n/2r5/7k/8 w - - 0 1
0,1,0,0,0,0,0,1,-1,1,0,1,1,1,0,0,0,0,0,16,0,0,5,6,0,4,5,5,1,24,23,0,0,0,0,0,0,0,0,7,1,1,0,1,0,0,3,2,1,1,KRBKRNvK,DRAW,8/1B4n1/4k3/8/6R1/8/7r/6K1 b - - 0 1
1,1,0,0,0,0,0,1,-1,1,0,1,1,1,0,0,0,0,0,16,0,0,2,0,4,2,6,3,3,21,22,0,0,0,0,0,0,0,0,7,1,1,0,0,0,0,0,1,2,0,KRBKRNvK,DRAW,R7/2k5/8/KB6/6n1/7r/8/8 w - - 0 1
0,1,0,0,0,0,0,1,-1,1,0,1,1,1,0,0,0,0,0,16,0,0,4,1,2,3,6,3,2,19,19,0,0,0,0,0,0,0,0,7,1,1,0,1,0,0,3,1,0,2,KRBKRNvK,DRAW,8/3k4/8/8/4R3/1K6/r1n5/7B b - - 0 1
1,1,0,0,0,0,0,1,-1,1,0,1,1,1,0,0,0,0,0,16,0,0,4,0,2,4,3,4,0,30,19,0,0,0,0,0,0,0,0,7,1,1,0,0,0,0,1,4,2,0,KRBKRNvK,DRAW,4r3/3n4/8/8/2B1k3/K7/5R2/8 w - - 0 1
1,1,0,0,0,0,0,1,-1,1,0,1,1,1,0,0,0,0,0,16,0,0,5,7,4,2,7,3,4,3,0,1,0,0,0,0,0,0,0,7,1,1,0,0,0,0,1,2,0,0,KRBKRNvK,DRAW,2k5/8/7R/2Br3K/8/8/8/1n6 w - - 0 1
0,1,0,0,0,0,0,1,-1,1,0,1,1,1,0,0,0,0,0,16,0,0,4,5,1,5,5,3,2,26,23,0,0,0,0,0,0,0,0,7,1,1,0,0,0,0,0,3,0,1,KRBKRNvK,DRAW,2n5/8/5k2/B7/3r4/8/5K1R/8 b - - 0 1
0,1,0,0,0,0,0,1,-1,1,0,1,1,1,0,0,0,0,0,16,0,0,3,3,2,4,5,1,1,21,29,0,0,0,0,0,0,0,0,7,1,1,0,0,0,0,3,3,1,1,KRBKRNvK,DRAW,1R6/8/4k2n/8/5B2/3K4/8/4r3 b - - 0 1
0,1,0,0,0,0,0,1,-1,1,0,1,1,1,0,0,0,0,0,16,0,0,6,1,3,7,1,2,5,3,0,1,0,0,0,0,0,0,0,7,1,1,0,0,0,0,1,0,0,1,KRBKRNvK,DRAW,8/8/7n/4B3/1K6/2r5/7k/1R6 b - - 0 1
1,1,0,0,0,0,0,1,-1,1,0,1,1,1,0,0,0,0,0,16,0,0,4,5,5,7,1,2,5,21,21,0,0,0,0,0,0,0,0,7,1,1,0,0,0,0,1,2,0,1,KRBKRNvK,DRAW,R7/8/5K2/8/B5r1/6n1/7k/8 w - - 0 1
