white_to_move,fullmove_number,halfmove_clock,w_p,b_p,diff_p,w_n,b_n,diff_n,w_b,b_b,diff_b,w_r,b_r,diff_r,w_q,b_q,diff_q,material_balance,total_material,bishop_pair_w,bishop_pair_b,king_distance,wk_file,wk_rank,bk_file,bk_rank,wk_center_dist,bk_center_dist,mobility_stm,mobility_other,in_check,w_passed_pawns,b_passed_pawns,w_isolated_pawns,b_isolated_pawns,w_doubled_pawns,b_doubled_pawns,w_most_advanced_pawn,b_most_advanced_pawn,w_rooks_open_file,b_rooks_open_file,w_rooks_7th,b_rooks_2nd,wk_pawn_shield,bk_pawn_shield,w_center_control,b_center_control,w_attackers_near_bk,b_attackers_near_wk,material_class,outcome,fen
0,1,0,0,0,0,0,1,-1,1,0,1,1,1,0,0,0,0,0,16,0,0,2,7,5,6,3,4,2,20,23,0,0,0,0,0,0,0,0,7,1,1,0,0,0,0,0,2,0,1,KRBKRNvK,DRAW,2R5/4B3/7K/6r1/6k1/8/6n1/8 b - - 0 1
1,1,0,0,0,0,0,1,-1,1,0,1,1,1,0,0,0,0,0,16,0,0,4,0,6,4,5,5,1,6,0,1,0,0,0,0,0,0,0,7,1,1,0,0,0,0,2,2,1,0,KRBKRNvK,DRAW,8/K6r/4k2B/8/2R5/8/8/3n4 w - - 0 1
0,1,0,0,0,0,0,1,-1,1,0,1,1,1,0,0,0,0,0,16,0,0,6,0,0,1,6,6,4,7,0,1,0,0,0,0,0,0,0,7,1,1,0,0,0,0,2,1,1,0,KRBKRNvK,DRAW,8/1k6/7r/3B2n1/5R2/8/8/K7 b - - 0 1
1,1,0,0,0,0,0,1,-1,1,0,1,1,1,0,0,0,0,0,16,0,0,3,6,6,3,5,4,1,24,24,0,0,0,0,0,0,0,0,7,1,1,0,0,0,0,0,3,0,0,KRBKRNvK,DRAW,8/3n2K1/3k3B/8/4r3/8/2R5/8 w - - 0 1
1,1,0,0,0,0,0,1,-1,1,0,1,1,1,0,0,0,0,0,16,0,0,3,6,1,3,1,4,2,7,0,1,0,0,0,0,0,0,0,7,1,1,0,0,0,0,2,3,0,1,KRBKRNvK,DRAW,8/8/8/6R1/2r2n2/B7/3k2K1/8 w - - 0 1
1,1,0,0,0,0,0,1,-1,1,0,1,1,1,0,0,0,0,0,16,0,0,2,0,1,2,2,5,2,22,22,0,0,0,0,0,0,0,0,7,1,1,0,0,0,0,1,2,0,0,KRBKRNvK,WIN,8/5n2/R7/8/8/2k3r1/K7/6B1 w - - 0 1
0,1,0,0,0,0,0,1,-1,1,0,1,1,1,0,0,0,0,0,16,0,0,4,5,0,1,4,4,2,25,25,0,0,0,0,0,0,0,0,7,1,1,0,0,0,0,3,2,0,0,KRBKRNvK,DRAW,8/8/4n3/1k6/1r6/6B1/8/3R1K2 b - - 0 1
1,1,0,0,0,0,0,1,-1,1,0,1,1,1,0,0,0,0,0,16,0,0,3,0,2,1,5,4,3,5,0,1,0,0,0,0,0,0,0,7,1,1,0,0,0,0,2,1,0,1,KRBKRNvK,DRAW,8/8/1k2n3/8/8/K1r5/8/3BR3 w - - 0 1
1,1,0,0,0,0,0,1,-1,1,0,1,1,1,0,0,0,0,0,16,0,0,3,1,4,1,1,2,4,27,23,0,0,0,0,0,0,0,0,7,1,1,0,0,0,0,3,1,0,1,KRBKRNvK,DRAW,8/1B6/1n3r2/1K6/8/4R3/1k6/8 w - - 0 1
1,1,0,0,0,0,0,1,-1,1,0,1,1,1,0,0,0,0,0,16,0,0,6,6,5,0,6,3,5,5,0,1,0,0,0,0,0,0,0,7,1,1,0,0,0,0,3,1,0,2,KRBKRNvK,DRAW,8/k7/6K1/8/5n1r/8/3R4/7B w - - 0 1
1,1,0,0,0,0,0,1,-1,1,0,1,1,1,0,0,0,0,0,16,0,0,4,5,1,1,2,3,3,7,0,1,0,0,0,0,0,0,0,7,1,1,1,0,0,0,3,2,0,1,KRBKRNvK,DRAW,7B/4R3/8/1r6/8/1k5n/5K2/8 w - - 0 1
0,1,0,0,0,0,0,1,-1,1,0,1,1,1,0,0,0,0,0,16,0,0,3,5,5,7,2,2,4,19,24,0,0,0,0,0,0,0,0,7,1,1,0,0,0,0,1,3,1,2,KRBKRNvK,DRAW,6R1/3r1n2/5K2/7B/8/7k/8/8 b - - 0 1
0,1,0,0,0,0,0,1,-1,1,0,1,1,1,0,0,0,0,0,16,0,0,4,2,3,6,7,1,5,23,24,0,0,0,0,0,0,0,0,7,1,1,0,0,0,0,3,2,0,1,KRBKRNvK,DRAW,6k1/8/4r1n1/2R5/2K3B1/8/8/8 b - - 0 1
1,1,0,0,0,0,0,1,-1,1,0,1,1,1,0,0,0,0,0,16,0,0,4,2,2,6,4,2,2,6,0,1,0,0,0,0,0,0,0,7,1,1,0,0,0,0,2,0,0,1,KRBKRNvK,DRAW,r7/8/3R4/6k1/8/2K5/nB6/8 w - - 0 1
0,1,0,0,0,0,0,1,-1,1,0,1,1,1,0,0,0,0,0,16,0,0,4,3,5,4,1,1,2,7,0,1,0,0,0,0,0,0,0,7,1,1,1,0,0,0,2,2,0,2,KRBKRNvK,DRAW,8/2R5/3Kn3/7B/4r3/8/4k3/8 b - - 0 1
0,1,0,0,0,0,0,1,-1,1,0,1,1,1,0,0,0,0,0,16,0,0,2,1,2,2,4,3,1,23,16,0,0,0,0,0,0,0,0,7,1,1,0,0,0,0,1,3,0,0,KRBKRNvK,DRAW,8/8/4r3/2k1n3/8/1K6/1R5B/8 b - - 0 1
0,1,0,0,0,0,0,1,-1,1,0,1,1,1,0,0,0,0,0,16,0,0,2,6,4,6,2,2,3,18,22,0,0,0,0,0,0,0,0,7,1,1,1,0,0,0,2,2,0,1,KRBKRNvK,DRAW,B7/R7/4r3/6K1/8/6k1/8/7n b - - 0 1
1,1,0,0,0,0,0,1,-1,1,0,1,1,1,0,0,0,0,0,16,0,0,2,3,5,1,3,1,2,28,16,0,0,0,0,0,0,0,0,7,1,1,1,1,0,0,2,1,0,0,KRBKRNvK,DRAW,4B3/7R/3K4/8/1k6/8/1r2n3/8 w - - 0 1
0,1,0,0,0,0,0,1,-1,1,0,1,1,1,0,0,0,0,0,16,0,0,4,2,5,5,1,2,3,24,29,0,0,0,0,0,0,0,0,7,1,1,0,0,0,0,2,1,0,2,KRBKRNvK,DRAW,R7/8/2K5/1rn2B2/8/8/5k2/8 b - - 0 1
1,1,0,0,0,0,0,1,-1,1,0,1,1,1,0,0,0,0,0,16,0,0,6,6,6,0,6,4,5,6,0,1,0,0,0,0,0,0,0,7,1,1,0,0,0,0,1,2,1,0,KRBKRNvK,LOSS,8/k2r2K1/1R6/8/8/n5B1/8/8 w - - 0 1
1,1,0,0,0,0,0,1,-1,1,0,1,1,1,0,0,0,0,0,16,0,0,2,3,1,5,2,2,2,16,16,0,0,0,0,0,0,0,0,7,1,1,0,0,0,0,2,1,0,0,KRBKRNvK,DRAW,8/3r4/3BR3/n7/8/5k2/3K4/8 w - - 0 1
0,1,0,0,0,0,0,1,-1,1,0,1,1,1,0,0,0,0,0,16,0,0,4,0,1,4,0,5,3,21,25,0,0,0,0,0,0,0,0,7,1,1,0,0,0,0,2,2,0,0,KRBKRNvK,DRAW,B7/8/5R2/2n1r3/8/8/K7/4k3 b - - 0 1
0,1,0,0,0,0,0,1,-1,1,0,1,1,1,0,0,0,0,0,16,0,0,2,4,0,6,0,3,5,18,23,0,0,0,0,0,0,0,0,7,1,1,0,0,0,0,2,1,0,1,KRBKRNvK,DRAW,B7/8/8/2n5/8/2r5/R7/4K1k1 b - - 0 1
0,1,0,0,0,0,0,1,-1,1,0,1,1,1,0,0,0,0,0,16,0,0,6,7,4,1,0,3,5,21,21,0,0,0,0,0,0,0,0,7,1,1,0,0,0,0,2,2,0,0,KRBKRNvK,DRAW,6n1/8/4R3/7K/1r6/8/8/1k2B3 b - - 0 1
0,1,0,0,0,0,0,1,-1,1,0,1,1,1,0,0,0,0,0,16,0,0,2,4,3,6,1,0,4,23,18,0,0,0,0,0,0,0,0,7,1,1,0,0,0,0,3,3,0,2,KRBKRNvK,DRAW,8/7B/7R/5r2/4K3/5n2/6k1/8 b - - 0 1
0,1,0,0,0,0,0,1,-1,1,0,1,1,1,0,0,0,0,0,16,0,0,5,2,0,4,5,4,1,26,19,0,0,0,0,0,0,0,0,7,1,1,1,0,0,0,1,3,1,0,KRBKRNvK,DRAW,B7/2R5/4k3/3r4/4n3/8/8/2K5 b - - 0 1
1,1,0,0,0,0,0,1,-1,1,0,1,1,1,0,0,0,0,0,16,0,0,2,3,6,2,4,2,1,24,24,0,0,0,0,0,0,0,0,7,1,1,0,0,0,0,2,3,0,1,KRBKRNvK,DRAW,R7/3K1n2/7r/2k5/8/8/8/7B w - - 0 1
0,1,0,0,0,0,0,1,-1,1,0,1,1,1,0,0,0,0,0,16,0,0,5,1,1,3,6,4,2,26,29,0,0,0,0,0,0,0,0,7,1,1,0,0,0,0,1,0,1,1,KRBKRNvK,DRAW,r7/3k4/8/3B4/3n4/8/1K6/2R5 b - - 0 1
0,1,0,0,0,0,0,1,-1,1,0,1,1,1,0,0,0,0,0,16,0,0,3,6,5,3,7,3,3,22,28,0,0,0,0,0,0,0,0,7,1,1,1,0,0,0,2,1,0,0,KRBKRNvK,DRAW,3k4/R1n5/6K1/8/8/5B2/8/2r5 b - - 0 1
1,1,0,0,0,0,0,1,-1,1,0,1,1,1,0,0,0,0,0,16,0,0,7,0,1,7,3,5,3,29,18,0,0,0,0,0,0,0,0,7,1,1,0,0,0,0,1,2,1,0,KRBKRNvK,DRAW,8/8/8/4r2n/2B4k/6R1/K7/8 w - - 0 1
0,1,0,0,0,0,0,1,-1,1,0,1,1,1,0,0,0,0,0,16,0,0,3,0,5,2,2,4,2,23,26,0,0,0,0,0,0,0,0,7,1,1,0,1,0,0,1,1,0,0,KRBKRNvK,DRAW,8/8/K2B2R1/8/8/2k5/2n4r/8 b - - 0 1
1,1,0,0,0,0,0,1,-1,1,0,1,1,1,0,0,0,0,0,16,0,0,4,2,3,1,7,1,5,31,19,0,0,0,0,0,0,0,0,7,1,1,1,0,0,0,3,1,0,0,KRBKRNvK,DRAW,1k3r2/7R/8/8/2K5/6n1/6B1/8 w - - 0 1
1,1,0,0,0,0,0,1,-1,1,0,1,1,1,0,0,0,0,0,16,0,0,4,6,3,2,4,2,1,7,0,1,0,0,0,0,0,0,0,7,1,1,0,0,0,0,2,2,1,0,KRBKRNvK,DRAW,8/8/8/2k5/B5K1/8/4R3/5nr1 w - - 0 1
0,1,0,0,0,0,0,1,-1,1,0,1,1,1,0,0,0,0,0,16,0,0,2,3,3,1,1,0,4,4,0,1,0,0,0,0,0,0,0,7,1,1,0,0,0,0,4,1,0,0,KRBKRNvK,DRAW,8/3n4/8/8/3K4/4B3/1k2R3/5r2 b - - 0 1
0,1,0,0,0,0,0,1,-1,1,0,1,1,1,0,0,0,0,0,16,0,0,2,1,5,0,7,3,6,19,23,0,0,0,0,0,0,0,0,7,1,1,0,0,0,0,1,2,1,0,KRBKRNvK,DRAW,k3r3/2B5/1K3R2/8/8/8/5n2/8 b - - 0 1
1,1,0,0,0,0,0,1,-1,1,0,1,1,1,0,0,0,0,0,16,0,0,3,6,7,4,4,5,0,16,24,0,0,0,0,0,0,0,0,7,1,1,0,0,0,0,1,3,0,0,KRBKRNvK,DRAW,3n2K1/8/8/4k3/7r/8/8/RB6 w - - 0 1
0,1,0,0,0,0,0,1,-1,1,0,1,1,1,0,0,0,0,0,16,0,0,4,0,4,4,1,3,2,4,0,1,0,0,0,0,0,0,0,7,1,1,0,0,0,0,0,0,1,1,KRBKRNvK,DRAW,5R2/8/8/K7/7n/2r5/4k3/5B2 b - - 0 1
0,1,0,0,0,0,0,1,-1,1,0,1,1,1,0,0,0,0,0,16,0,0,2,5,2,6,4,2,2,14,22,0,0,0,0,0,0,0,0,7,1,1,0,0,0,0,2,0,1,1,KRBKRNvK,DRAW,6r1/8/B7/6k1/5R2/5K2/8/7n b - - 0 1
1,1,0,0,0,0,0,1,-1,1,0,1,1,1,0,0,0,0,0,16,0,0,6,3,1,2,7,2,4,31,18,0,0,0,0,0,0,0,0,7,1,1,1,0,0,0,3,0,1,0,KRBKRNvK,DRAW,2k5/3R4/1r3B2/7n/8/8/3K4/8 w - - 0 1
0,1,0,0,0,0,0,1,-1,1,0,1,1,1,0,0,0,0,0,16,0,0,4,3,0,7,2,3,4,19,25,0,0,0,0,0,0,0,0,7,1,1,0,0,0,0,3,3,0,0,KRBKRNvK,DRAW,4R3/B7/8/8/1n5r/7k/8/3K4 b - - 0 1
0,1,0,0,0,0,0,1,-1,1,0,1,1,1,0,0,0,0,0,16,0,0,3,5,2,3,5,2,1,20,28,0,0,0,0,0,0,0,0,7,1,1,0,0,0,0,1,3,0,0,KRBKRNvK,DRAW,6n1/8/3kr3/8/8/5K2/3B4/R7 b - - 0 1
1,1,0,0,0,0,0,1,-1,1,0,1,1,1,0,0,0,0,0,16,0,0,5,1,4,6,7,2,5,28,15,0,0,0,0,0,0,0,0,7,1,1,1,1,0,0,2,0,1,0,KRBKRNvK,DRAW,6k1/4R3/8/1K6/8/8/2rB4/1n6 w - - 0 1
1,1,0,0,0,0,0,1,-1,1,0,1,1,1,0,0,0,0,0,16,0,0,7,4,7,1,0,3,5,19,19,0,0,0,0,0,0,0,0,7,1,1,1,0,0,0,0,1,0,0,KRBKRNvK,DRAW,1rB1K3/6R1/8/8/8/8/5n2/1k6 w - - 0 1
0,1,0,0,0,0,0,1,-1,1,0,1,1,1,0,0,0,0,0,16,0,0,7,4,0,0,7,3,6,22,28,0,0,0,0,0,0,0,0,7,1,1,0,0,0,0,0,1,0,0,KRBKRNvK,DRAW,k7/2n1B3/8/8/8/7r/6R1/4K3 b - - 0 1
0,1,0,0,0,0,0,1,-1,1,0,1,1,1,0,0,0,0,0,16,0,0,6,7,7,3,1,6,2,26,24,0,0,0,0,0,0,0,0,7,1,1,0,0,0,0,2,1,1,0,KRBKRNvK,DRAW,7K/2r5/8/R7/6n1/1B6/3k4/8 b - - 0 1
1,1,0,0,0,0,0,1,-1,1,0,1,1,1,0,0,0,0,0,16,0,0,7,6,7,5,0,5,4,28,21,0,0,0,0,0,0,0,0,7,1,1,0,1,0,0,2,0,1,0,KRBKRNvK,DRAW,2n3K1/8/8/7R/8/6B1/1r6/5k2 w - - 0 1
0,1,0,0,0,0,0,1,-1,1,0,1,1,1,0,0,0,0,0,16,0,0,4,4,2,0,4,1,3,4,0,1,0,0,0,0,0,0,0,7,1,1,0,0,0,0,3,2,0,0,KRBKRNvK,DRAW,8/7r/5n2/k3R3/8/4K3/8/5B2 b - - 0 1
1,1,0,0,0,0,0,1,-1,1,0,1,1,1,0,0,0,0,0,16,0,0,4,4,3,0,0,0,6,28,23,0,0,0,0,0,0,0,0,7,1,1,0,0,0,0,3,1,0,1,KRBKRNvK,DRAW,8/8/7r/2B3R1/4K3/8/4n3/k7 w - - 0 1
1,1,0,0,0,0,0,1,-1,1,0,1,1,1,0,0,0,0,0,16,0,0,4,5,1,1,0,3,5,21,14,0,0,0,0,0,0,0,0,7,1,1,0,0,0,0,0,0,0,0,KRBKRNvK,DRAW,8/8/8/8/RB6/1r6/1n3K2/1k6 w - - 0 1
0,1,0,0,0,0,0,1,-1,1,0,1,1,1,0,0,0,0,0,16,0,0,5,0,5,5,4,4,1,20,22,0,0,0,0,0,0,0,0,7,1,1,0,0,0,0,3,2,0,1,KRBKRNvK,DRAW,n5B1/8/K7/5k2/2R5/4r3/8/8 b - - 0 1
1,1,0,0,0,0,0,1,-1,1,0,1,1,1,0,0,0,0,0,16,0,0,2,5,0,4,2,4,1,21,22,0,0,0,0,0,0,0,0,7,1,1,0,0,0,0,0,3,0,0,KRBKRNvK,DRAW,8/3n4/8/8/8/B1r1k3/8/1R3K2 w - - 0 1
1,1,0,0,0,0,0,1,-1,1,0,1,1,1,0,0,0,0,0,16,0,0,2,0,4,1,6,3,4,24,23,0,0,0,0,0,0,0,0,7,1,1,0,0,0,0,2,0,0,0,KRBKRNvK,DRAW,8/1k2B2n/8/K7/8/6r1/4R3/8 w - - 0 1
1,1,0,0,0,0,0,1,-1,1,0,1,1,1,0,0,0,0,0,16,0,0,3,4,2,1,2,1,3,23,21,0,0,0,0,0,0,0,0,7,1,1,0,0,0,0,3,0,1,0,KRBKRNvK,DRAW,8/7r/8/2B1R3/8/1k2K3/8/7n w - - 0 1
0,1,0,0,0,0,0,1,-1,1,0,1,1,1,0,0,0,0,0,16,0,0,2,5,4,7,4,1,3,16,23,0,0,0,0,0,0,0,0,7,1,1,1,0,0,0,3,1,0,0,KRBKRNvK,DRAW,8/1rn1R3/8/5K1k/8/8/8/B7 b - - 0 1
1,1,0,0,0,0,0,1,-1,1,0,1,1,1,0,0,0,0,0,16,0,0,3,3,3,6,3,0,2,5,0,1,0,0,0,0,0,0,0,7,1,1,1,0,0,0,3,1,0,1,KRBKRNvK,LOSS,3B4/7R/8/5n2/3K2k1/7r/8/8 w - - 0 1
0,1,0,0,0,0,0,1,-1,1,0,1,1,1,0,0,0,0,0,16,0,0,2,4,7,2,5,3,2,25,22,0,0,0,0,0,0,0,0,7,1,1,0,0,0,0,1,3,0,0,KRBKRNvK,DRAW,4K3/8/2k3Bn/8/r7/6R1/8/8 b - - 0 1
1,1,0,0,0,0,0,1,-1,1,0,1,1,1,0,0,0,0,0,16,0,0,4,7,6,3,6,5,2,3,0,1,0,0,0,0,0,0,0,7,1,1,0,0,0,0,1,1,0,0,KRBKRNvK,DRAW,n7/3k3K/8/8/4B2r/8/8/5R2 w - - 0 1
0,1,0,0,0,0,0,1,-1,1,0,1,1,1,0,0,0,0,0,16,0,0,3,3,6,2,3,2,1,24,22,0,0,0,0,0,0,0,0,7,1,1,0,0,0,0,1,3,1,1,KRBKRNvK,DRAW,8/3K4/2r5/8/2k1B3/3n4/8/3R4 b - - 0 1
0,1,0,0,0,0,0,1,-1,1,0,1,1,1,0,0,0,0,0,16,0,0,4,5,2,1,4,2,2,28,24,0,0,0,0,0,0,0,0,7,1,1,0,0,0,0,2,3,1,1,KRBKRNvK,DRAW,8/1B6/5n2/1k6/7r/5K2/6R1/8 b - - 0 1
0,1,0,0,0,0,0,1,-1,1,0,1,1,1,0,0,0,0,0,16,0,0,6,0,1,6,5,5,3,7,0,1,0,0,0,0,0,0,0,7,1,1,0,0,0,0,2,3,0,0,KRBKRNvK,DRAW,8/8/6k1/8/3r4/3n2R1/K5B1/8 b - - 0 1
0,1,0,0,0,0,0,1,-1,1,0,1,1,1,0,0,0,0,0,16,0,0,5,7,0,3,5,6,1,25,19,0,0,0,0,0,0,0,0,7,1,1,0,0,0,0,1,4,0,0,KRBKRNvK,DRAW,8/1n5B/3k4/8/6r1/8/8/1R5K b - - 0 1
0,1,0,0,0,0,0,1,-1,1,0,1,1,1,0,0,0,0,0,16,0,0,7,2,7,6,0,4,5,6,0,1,0,0,0,0,0,0,0,7,1,1,0,0,0,0,2,2,0,0,KRBKRNvK,DRAW,2K5/B7/7n/3r4/1R6/8/8/6k1 b - - 0 1
0,1,0,0,0,0,0,1,-1,1,0,1,1,1,0,0,0,0,0,16,0,0,7,4,0,6,7,3,5,25,28,0,0,0,0,0,0,0,0,7,1,1,0,0,0,0,2,1,0,0,KRBKRNvK,DRAW,6k1/r7/3n4/8/7R/8/2B5/4K3 b - - 0 1
1,1,0,0,0,0,0,1,-1,1,0,1,1,1,0,0,0,0,0,16,0,0,3,4,3,7,1,0,5,22,20,0,0,0,0,0,0,0,0,7,1,1,0,0,0,0,4,0,0,0,KRBKRNvK,DRAW,8/8/8/1B2R3/4K2n/8/7k/1r6 w - - 0 1
1,1,0,0,0,0,0,1,-1,1,0,1,1,1,0,0,0,0,0,16,0,0,3,4,0,1,1,3,4,3,0,1,0,0,0,0,0,0,0,7,1,1,0,0,0,0,2,1,0,1,KRBKRNvK,DRAW,3B4/4n3/8/7R/8/8/1k6/2r1K3 w - - 0 1
0,1,0,0,0,0,0,1,-1,1,0,1,1,1,0,0,0,0,0,16,0,0,2,3,6,5,4,2,1,26,24,0,0,0,0,0,0,0,0,7,1,1,0,0,0,0,0,3,0,0,KRBKRNvK,DRAW,1R6/3K4/8/5k2/B7/4rn2/8/8 b - - 0 1
1,1,0,0,0,0,0,1,-1,1,0,1,1,1,0,0,0,0,0,16,0,0,3,4,2,2,5,1,2,19,22,0,0,0,0,0,0,0,0,7,1,1,0,0,0,0,2,3,0,1,KRBKRNvK,DRAW,8/8/2kr4/6B1/8/R3K3/3n4/8 w - - 0 1
0,1,0,0,0,0,0,1,-1,1,0,1,1,1,0,0,0,0,0,16,0,0,5,6,6,1,3,4,2,20,29,0,0,0,0,0,0,0,0,7,1,1,0,0,0,0,1,0,1,0,KRBKRNvK,DRAW,7R/6K1/8/8/1k1B4/8/8/3n1r2 b - - 0 1
1,1,0,0,0,0,0,1,-1,1,0,1,1,1,0,0,0,0,0,16,0,0,4,2,7,6,6,4,4,25,22,0,0,0,0,0,0,0,0,7,1,1,0,0,0,0,2,1,0,0,KRBKRNvK,DRAW,B1K5/6kr/8/8/8/3n4/8/2R5 w - - 0 1
0,1,0,0,0,0,0,1,-1,1,0,1,1,1,0,0,0,0,0,16,0,0,5,0,1,1,6,5,4,27,20,0,0,0,0,0,0,0,0,7,1,1,0,0,0,0,1,2,0,0,KRBKRNvK,DRAW,8/1kn5/8/8/3r4/8/K5R1/B7 b - - 0 1
0,1,0,0,0,0,0,1,-1,1,0,1,1,1,0,0,0,0,0,16,0,0,5,4,6,1,1,2,4,20,26,0,0,0,0,0,0,0,0,7,1,1,0,0,0,0,2,0,1,1,KRBKRNvK,DRAW,2r5/4K3/8/8/8/3RB3/nk6/8 b - - 0 1
0,1,0,0,0,0,0,1,-1,1,0,1,1,1,0,0,0,0,0,16,0,0,7,0,3,7,5,3,4,4,0,1,0,0,0,0,0,0,0,7,1,1,0,0,0,0,1,2,1,2,KRBKRNvK,DRAW,8/5B2/R6k/1r6/K7/n7/8/8 b - - 0 1
0,1,0,0,0,0,0,1,-1,1,0,1,1,1,0,0,0,0,0,16,0,0,5,6,7,3,2,5,1,26,26,0,0,0,0,0,0,0,0,7,1,1,0,0,0,0,1,3,1,1,KRBKRNvK,DRAW,6K1/7r/1n6/2B5/8/3k4/8/R7 b - - 0 1
1,1,0,0,0,0,0,1,-1,1,0,1,1,1,0,0,0,0,0,16,0,0,3,4,5,1,3,1,2,5,0,1,0,0,0,0,0,0,0,7,1,1,0,0,0,0,2,2,0,2,KRBKRNvK,DRAW,6R1/8/4K3/8/1k1nrB2/8/8/8 w - - 0 1
0,1,0,0,0,0,0,1,-1,1,0,1,1,1,0,0,0,0,0,16,0,0,5,7,4,2,7,3,4,3,0,1,0,0,0,0,0,0,0,7,1,1,0,0,0,0,0,1,1,0,KRBKRNvK,DRAW,2k5/3n4/2R5/7K/B7/8/8/6r1 b - - 0 1
0,1,0,0,0,0,0,1,-1,1,0,1,1,1,0,0,0,0,0,16,0,0,2,7,7,6,5,6,3,18,23,0,0,0,0,0,0,0,0,7,1,1,0,0,0,0,2,2,1,0,KRBKRNvK,WIN,7K/6B1/4r1k1/8/8/R7/8/7n b - - 0 1
1,1,0,0,0,0,0,1,-1,1,0,1,1,1,0,0,0,0,0,16,0,0,3,6,4,3,1,2,2,7,0,1,0,0,0,0,0,0,0,7,1,1,0,0,0,0,2,1,1,1,KRBKRNvK,DRAW,4r3/8/4n3/6K1/8/8/3k4/5R1B w - - 0 1
0,1,0,0,0,0,0,1,-1,1,0,1,1,1,0,0,0,0,0,16,0,0,2,2,6,1,4,3,2,24,23,0,0,0,0,0,0,0,0,7,1,1,0,0,0,0,3,3,1,1,KRBKRNvK,DRAW,8/1BK5/4r3/1k6/5R2/5n2/8/8 b - - 0 1
0,1,0,0,0,0,0,1,-1,1,0,1,1,1,0,0,0,0,0,16,0,0,5,1,0,6,3,5,2,29,25,0,0,0,0,0,0,0,0,7,1,1,1,1,0,0,0,3,0,0,KRBKRNvK,DRAW,8/R7/8/8/1B4k1/5n2/4r3/1K6 b - - 0 1
1,1,0,0,0,0,0,1,-1,1,0,1,1,1,0,0,0,0,0,16,0,0,4,2,1,6,3,3,2,17,27,0,0,0,0,0,0,0,0,7,1,1,0,0,0,0,1,3,0,0,KRBKRNvK,DRAW,8/7B/8/3r4/5nk1/8/1RK5/8 w - - 0 1
0,1,0,0,0,0,0,1,-1,1,0,1,1,1,0,0,0,0,0,16,0,0,4,7,4,3,7,3,3,21,30,0,0,0,0,0,0,0,0,7,1,1,1,0,0,0,1,1,1,1,KRBKRNvK,DRAW,3k4/2R5/8/4B1nK/8/r7/8/8 b - - 0 1
1,1,0,0,0,0,0,1,-1,1,0,1,1,1,0,0,0,0,0,16,0,0,4,6,1,2,2,4,2,22,21,0,0,0,0,0,0,0,0,7,1,1,0,0,0,0,2,3,0,0,KRBKRNvK,DRAW,5B2/8/3R4/5r2/8/2k5/n5K1/8 w - - 0 1
0,1,0,0,0,0,0,1,-1,1,0,1,1,1,0,0,0,0,0,16,0,0,4,7,4,3,3,3,0,6,0,1,0,0,0,0,0,0,0,7,1,1,0,0,0,0,2,3,0,0,KRBKRNvK,DRAW,7R/6B1/8/7K/3k4/1r6/8/2n5 b - - 0 1
0,1,0,0,0,0,0,1,-1,1,0,1,1,1,0,0,0,0,0,16,0,0,3,2,5,5,6,2,3,30,29,0,0,0,0,0,0,0,0,7,1,1,0,0,0,0,2,2,0,1,KRBKRNvK,DRAW,8/5k2/2K5/2n5/6r1/4B3/8/7R b - - 0 1
1,1,0,0,0,0,0,1,-1,1,0,1,1,1,0,0,0,0,0,16,0,0,3,3,1,6,1,2,4,28,25,0,0,0,0,0,0,0,0,7,1,1,1,0,0,0,2,2,0,1,KRBKRNvK,DRAW,6n1/4R3/6B1/8/2r5/8/3K2k1/8 w - - 0 1
0,1,0,0,0,0,0,1,-1,1,0,1,1,1,0,0,0,0,0,16,0,0,2,3,3,5,4,0,1,18,24,0,0,0,0,0,0,0,0,7,1,1,0,0,0,0,4,2,1,0,KRBKRNvK,DRAW,2n1r3/8/7R/5k2/3K4/8/5B2/8 b - - 0 1
0,1,0,0,0,0,0,1,-1,1,0,1,1,1,0,0,0,0,0,16,0,0,4,5,5,1,5,2,3,6,0,1,0,0,0,0,0,0,0,7,1,1,0,0,0,0,3,2,1,0,KRBKRNvK,DRAW,8/8/1k3K2/8/1R6/4r3/8/1nB5 b - - 0 1
1,1,0,0,0,0,0,1,-1,1,0,1,1,1,0,0,0,0,0,16,0,0,4,1,5,1,1,3,4,17,20,0,0,0,0,0,0,0,0,7,1,1,0,0,0,0,3,2,0,0,KRBKRNvK,DRAW,8/8/1KB1r2n/2R5/8/8/1k6/8 w - - 0 1
0,1,0,0,0,0,0,1,-1,1,0,1,1,1,0,0,0,0,0,16,0,0,5,1,4,6,2,2,3,7,0,1,0,0,0,0,0,0,0,7,1,1,0,0,0,0,2,1,0,0,KRBKRNvK,DRAW,8/8/2B5/1K4n1/8/1R4k1/8/2r5 b - - 0 1
0,1,0,0,0,0,0,1,-1,1,0,1,1,1,0,0,0,0,0,16,0,0,2,6,2,4,2,3,1,20,27,0,0,0,0,0,0,0,0,7,1,1,0,0,0,0,0,3,1,0,KRBKRNvK,DRAW,3n4/8/3r4/8/6B1/4k1K1/1R6/8 b - - 0 1
0,1,0,0,0,0,0,1,-1,1,0,1,1,1,0,0,0,0,0,16,0,0,5,0,7,5,2,6,2,5,0,1,0,0,0,0,0,0,0,7,1,1,0,0,0,0,0,2,1,0,KRBKRNvK,DRAW,K7/8/6R1/6n1/5r2/5k2/8/7B b - - 0 1
1,1,0,0,0,0,0,1,-1,1,0,1,1,1,0,0,0,0,0,16,0,0,4,5,1,1,4,3,2,28,24,0,0,0,0,0,0,0,0,7,1,1,0,0,0,0,2,3,0,0,KRBKRNvK,DRAW,8/8/5nB1/1kr5/6R1/8/5K2/8 w - - 0 1
0,1,0,0,0,0,0,1,-1,1,0,1,1,1,0,0,0,0,0,16,0,0,2,3,3,1,4,0,2,4,0,1,0,0,0,0,0,0,0,7,1,1,0,0,0,0,3,3,1,1,KRBKRNvK,DRAW,8/8/5n2/1k6/3K4/1R6/B7/4r3 b - - 0 1
1,1,0,0,0,0,0,1,-1,1,0,1,1,1,0,0,0,0,0,16,0,0,5,6,5,6,0,3,5,26,16,0,0,0,0,0,0,0,0,7,1,1,0,0,0,0,3,1,1,1,KRBKRNvK,DRAW,8/8/4n1K1/4B3/8/8/4R3/6kr w - - 0 1
1,1,0,0,0,0,0,1,-1,1,0,1,1,1,0,0,0,0,0,16,0,0,2,3,5,5,3,1,1,23,19,0,0,0,0,0,0,0,0,7,1,1,0,0,0,0,2,2,1,1,KRBKRNvK,DRAW,n3B3/2r5/3K4/6R1/5k2/8/8/8 w - - 0 1
1,1,0,0,0,0,0,1,-1,1,0,1,1,1,0,0,0,0,0,16,0,0,6,2,0,1,6,4,4,2,0,1,0,0,0,0,0,0,0,7,1,1,0,0,0,0,1,0,0,0,KRBKRNvK,DRAW,8/1k6/8/8/3B4/8/2R4n/2K2r2 w - - 0 1
1,1,0,0,0,0,0,1,-1,1,0,1,1,1,0,0,0,0,0,16,0,0,5,1,1,4,6,4,2,31,20,0,0,0,0,0,0,0,0,7,1,1,0,0,0,0,2,2,1,0,KRBKRNvK,DRAW,3R4/4k3/4r3/8/8/8/1K2Bn2/8 w - - 0 1
0,1,0,0,0,0,0,1,-1,1,0,1,1,1,0,0,0,0,0,16,0,0,5,0,1,0,6,5,5,4,0,1,0,0,0,0,0,0,0,7,1,1,1,0,0,0,0,2,1,0,KRBKRNvK,DRAW,3B4/k1R5/8/8/3r4/8/K6n/8 b - - 0 1
1,1,0,0,0,0,0,1,-1,1,0,1,1,1,0,0,0,0,0,16,0,0,2,5,3,5,5,1,2,3,0,1,0,0,0,0,0,0,0,7,1,1,0,0,0,0,2,1,0,2,KRBKRNvK,DRAW,8/8/5kn1/8/1B3K1r/R7/8/8 w - - 0 1
1,1,0,0,0,0,0,1,-1,1,0,1,1,1,0,0,0,0,0,16,0,0,3,4,7,7,5,3,4,4,0,1,0,0,0,0,0,0,0,7,1,1,0,0,0,0,2,1,0,2,KRBKRNvK,LOSS,4K3/B7/3n2rk/8/2R5/8/8/8 w - - 0 1
1,1,0,0,0,0,0,1,-1,1,0,1,1,1,0,0,0,0,0,16,0,0,5,5,4,0,1,1,5,25,26,0,0,0,0,0,0,0,0,7,1,1,0,0,0,0,2,1,1,0,KRBKRNvK,DRAW,7R/8/1r6/2n2K2/B7/8/k7/8 w - - 0 1
0,1,0,0,0,0,0,1,-1,1,0,1,1,1,0,0,0,0,0,16,0,0,5,0,2,5,0,4,4,1,0,1,0,0,0,0,0,0,0,7,1,1,0,0,0,0,1,3,1,1,KRBKRNvK,DRAW,8/8/8/2B5/8/K1nr4/8/5kR1 b - - 0 1
0,1,0,0,0,0,0,1,-1,1,0,1,1,1,0,0,0,0,0,16,0,0,2,2,5,0,6,2,5,19,26,0,0,0,0,0,0,0,0,7,1,1,0,0,0,0,2,0,2,0,KRBKRNvK,DRAW,2B5/k7/2K5/1R6/8/5r2/8/2n5 b - - 0 1
0,1,0,0,0,0,0,1,-1,1,0,1,1,1,0,0,0,0,0,16,0,0,5,2,6,6,1,3,4,23,24,0,0,0,0,0,0,0,0,7,1,1,0,1,0,0,0,1,0,0,KRBKRNvK,DRAW,8/2K2n2/8/8/1B6/2R5/r5k1/8 b - - 0 1
0,1,0,0,0,0,0,1,-1,1,0,1,1,1,0,0,0,0,0,16,0,0,7,7,2,0,6,4,5,21,25,0,0,0,0,0,0,0,0,7,1,1,0,0,0,0,0,1,1,0,KRBKRNvK,DRAW,8/k7/8/B7/3n4/7K/6R1/3r4 b - - 0 1
1,1,0,0,0,0,0,1,-1,1,0,1,1,1,0,0,0,0,0,16,0,0,2,6,3,7,1,2,5,4,0,1,0,0,0,0,0,0,0,7,1,1,0,0,0,0,0,2,1,1,KRBKRNvK,DRAW,R7/8/n7/8/4r1K1/8/7k/5B2 w - - 0 1
1,1,0,0,0,0,0,1,-1,1,0,1,1,1,0,0,0,0,0,16,0,0,2,3,3,1,5,0,3,30,21,0,0,0,0,0,0,0,0,7,1,1,0,1,0,0,3,0,1,1,KRBKRNvK,DRAW,8/n2B4/1k6/8/3K4/8/5r2/7R w - - 0 1
0,1,0,0,0,0,0,1,-1,1,0,1,1,1,0,0,0,0,0,16,0,0,2,3,5,3,3,1,0,21,25,0,0,0,0,0,0,0,0,7,1,1,1,0,0,0,3,4,0,0,KRBKRNvK,DRAW,6r1/1BR5/3K4/8/3k4/8/4n3/8 b - - 0 1
1,1,0,0,0,0,0,1,-1,1,0,1,1,1,0,0,0,0,0,16,0,0,3,5,7,6,4,4,2,3,0,1,0,0,0,0,0,0,0,7,1,1,0,0,0,0,3,2,1,1,KRBKRNvK,DRAW,3r1K2/8/8/6k1/1R6/6B1/4n3/8 w - - 0 1
0,1,0,0,0,0,0,1,-1,1,0,1,1,1,0,0,0,0,0,16,0,0,2,4,5,6,7,1,5,19,26,0,0,0,0,0,0,0,0,7,1,1,0,0,0,0,3,0,0,0,KRBKRNvK,DRAW,1r4k1/8/4K3/R1B5/8/8/8/4n3 b - - 0 1
0,1,0,0,0,0,0,1,-1,1,0,1,1,1,0,0,0,0,0,16,0,0,7,7,6,0,1,5,5,2,0,1,0,0,0,0,0,0,0,7,1,1,0,0,0,0,3,0,0,0,KRBKRNvK,DRAW,8/6BK/8/8/8/r7/k2R2n1/8 b - - 0 1
0,1,0,0,0,0,0,1,-1,1,0,1,1,1,0,0,0,0,0,16,0,0,3,1,2,0,5,3,4,21,21,0,0,0,0,0,0,0,0,7,1,1,0,0,0,0,1,2,0,0,KRBKRNvK,DRAW,8/n7/k7/8/4r3/1K4BR/8/8 b - - 0 1
0,1,0,0,0,0,0,1,-1,1,0,1,1,1,0,0,0,0,0,16,0,0,4,0,2,4,0,4,3,25,20,0,0,0,0,0,0,0,0,7,1,1,0,0,0,0,2,1,0,0,KRBKRNvK,DRAW,4B3/2r5/8/8/R5n1/K7/8/4k3 b - - 0 1
0,1,0,0,0,0,0,1,-1,1,0,1,1,1,0,0,0,0,0,16,0,0,6,5,1,2,7,3,4,20,26,0,0,0,0,0,0,0,0,7,1,1,0,0,0,0,2,2,1,1,KRBKRNvK,DRAW,2k4n/8/4R3/8/B7/3r4/5K2/8 b - - 0 1
0,1,0,0,0,0,0,1,-1,1,0,1,1,1,0,0,0,0,0,16,0,0,4,5,5,1,5,2,3,7,0,1,0,0,0,0,0,0,0,7,1,1,0,0,0,0,1,2,0,1,KRBKRNvK,DRAW,8/8/1k3K2/2n3B1/6r1/8/1R6/8 b - - 0 1
1,1,0,0,0,0,0,1,-1,1,0,1,1,1,0,0,0,0,0,16,0,0,2,0,1,2,1,5,3,22,23,0,0,0,0,0,0,0,0,7,1,1,0,0,0,0,2,0,0,1,KRBKRNvK,DRAW,4B3/8/8/8/5R2/7r/Knk5/8 w - - 0 1
0,1,0,0,0,0,0,1,-1,1,0,1,1,1,0,0,0,0,0,16,0,0,4,7,6,3,3,5,0,22,24,0,0,0,0,0,0,0,0,7,1,1,0,0,0,0,2,3,1,0,KRBKRNvK,DRAW,8/7K/2r5/1R6/3k4/8/8/1n1B4 b - - 0 1
1,1,0,0,0,0,0,1,-1,1,0,1,1,1,0,0,0,0,0,16,0,0,5,2,2,6,7,2,5,24,23,0,0,0,0,0,0,0,0,7,1,1,1,0,0,0,3,1,1,1,KRBKRNvK,DRAW,6k1/3R2B1/r7/8/8/2K1n3/8/8 w - - 0 1
0,1,0,0,0,0,0,1,-1,1,0,1,1,1,0,0,0,0,0,16,0,0,6,0,1,6,6,5,4,23,25,0,0,0,0,0,0,0,0,7,1,1,0,0,0,0,0,0,0,1,KRBKRNvK,DRAW,1r6/6k1/8/8/n7/7R/K2B4/8 b - - 0 1
1,1,0,0,0,0,0,1,-1,1,0,1,1,1,0,0,0,0,0,16,0,0,5,1,7,6,7,5,5,28,23,0,0,0,0,0,0,0,0,7,1,1,1,0,0,0,2,0,0,0,KRBKRNvK,DRAW,1K4k1/3R4/8/4n3/1B6/8/8/5r2 w - - 0 1
1,1,0,0,0,0,0,1,-1,1,0,1,1,1,0,0,0,0,0,16,0,0,6,6,4,0,5,2,4,5,0,1,0,0,0,0,0,0,0,7,1,1,0,0,0,0,1,3,1,1,KRBKRNvK,DRAW,1B4R1/8/k7/6K1/1r6/5n2/8/8 w - - 0 1
1,1,0,0,0,0,0,1,-1,1,0,1,1,1,0,0,0,0,0,16,0,0,3,3,3,6,1,0,4,7,0,1,0,0,0,0,0,0,0,7,1,1,0,0,0,0,3,2,0,0,KRBKRNvK,DRAW,3r4/8/4R3/8/1B1K4/n7/6k1/8 w - - 0 1
0,1,0,0,0,0,0,1,-1,1,0,1,1,1,0,0,0,0,0,16,0,0,7,0,5,7,0,4,6,21,23,0,0,0,0,0,0,0,0,7,1,1,1,0,0,0,2,2,0,0,KRBKRNvK,DRAW,8/4R1n1/K7/8/5r2/B7/8/7k b - - 0 1
0,1,0,0,0,0,0,1,-1,1,0,1,1,1,0,0,0,0,0,16,0,0,3,6,4,4,7,2,3,21,22,0,0,0,0,0,0,0,0,7,1,1,0,1,0,0,1,0,0,0,KRBKRNvK,DRAW,4k2n/8/8/6K1/5B1R/8/2r5/8 b - - 0 1
0,1,0,0,0,0,0,1,-1,1,0,1,1,1,0,0,0,0,0,16,0,0,3,1,7,3,4,5,0,4,0,1,0,0,0,0,0,0,0,7,1,1,0,0,0,0,1,4,0,0,KRBKRNvK,DRAW,1K6/8/R7/3k4/8/8/B7/3r1n2 b - - 0 1
1,1,0,0,0,0,0,1,-1,1,0,1,1,1,0,0,0,0,0,16,0,0,2,1,3,0,1,2,5,4,0,1,0,0,0,0,0,0,0,7,1,1,0,0,0,0,2,1,1,0,KRBKRNvK,DRAW,8/1r6/8/8/1KR3n1/8/k3B3/8 w - - 0 1
0,1,0,0,0,0,0,1,-1,1,0,1,1,1,0,0,0,0,0,16,0,0,3,0,2,3,3,4,0,21,24,0,0,0,0,0,0,0,0,7,1,1,0,1,0,0,2,3,2,0,KRBKRNvK,DRAW,8/8/6n1/5R2/1B1k4/K7/6r1/8 b - - 0 1
0,1,0,0,0,0,0,1,-1,1,0,1,1,1,0,0,0,0,0,16,0,0,7,7,0,0,5,6,4,3,0,1,0,0,0,0,0,0,0,7,1,1,0,0,0,0,2,0,1,0,KRBKRNvK,DRAW,8/6n1/k4r2/8/R7/8/3B4/7K b - - 0 1
1,1,0,0,0,0,0,1,-1,1,0,1,1,1,0,0,0,0,0,16,0,0,3,3,1,0,3,2,3,29,21,0,0,0,0,0,0,0,0,7,1,1,0,0,0,0,1,1,0,1,KRBKRNvK,DRAW,6R1/8/3B4/5n2/k7/8/3K4/5r2 w - - 0 1
1,1,0,0,0,0,0,1,-1,1,0,1,1,1,0,0,0,0,0,16,0,0,4,7,4,7,0,3,6,25,22,0,0,0,0,0,0,0,0,7,1,1,0,0,0,0,3,1,0,0,KRBKRNvK,DRAW,r7/2n4B/8/1R5K/8/8/8/7k w - - 0 1
0,1,0,0,0,0,0,1,-1,1,0,1,1,1,0,0,0,0,0,16,0,0,6,7,6,4,0,5,3,2,0,1,0,0,0,0,0,0,0,7,1,1,0,0,0,0,0,2,0,0,KRBKRNvK,DRAW,8/7K/B7/8/4r3/8/8/R3k1n1 b - - 0 1
0,1,0,0,0,0,0,1,-1,1,0,1,1,1,0,0,0,0,0,16,0,0,3,3,2,0,0,1,6,1,0,1,0,0,0,0,0,0,0,7,1,1,0,0,0,0,3,3,1,1,KRBKRNvK,LOSS,8/2n5/8/8/3B4/3K4/8/k1R1r3 b - - 0 1
0,1,0,0,0,0,0,1,-1,1,0,1,1,1,0,0,0,0,0,16,0,0,2,2,1,4,2,3,1,19,26,0,0,0,0,0,0,0,0,7,1,1,0,0,0,0,2,2,0,0,KRBKRNvK,DRAW,8/8/1R6/8/8/4k1r1/2K2n2/B7 b - - 0 1
1,1,0,0,0,0,0,1,-1,1,0,1,1,1,0,0,0,0,0,16,0,0,5,0,1,5,1,5,3,23,23,0,0,0,0,0,0,0,0,7,1,1,0,0,0,0,2,2,0,0,KRBKRNvK,DRAW,8/8/R7/8/5r2/8/K4k1n/B7 w - - 0 1
0,1,0,0,0,0,0,1,-1,1,0,1,1,1,0,0,0,0,0,16,0,0,4,4,7,6,3,3,2,26,11,0,0,0,0,0,0,0,0,7,1,1,0,0,0,0,1,2,0,0,KRBKRNvK,DRAW,B2RK3/8/8/3n4/6k1/3r4/8/8 b - - 0 1
1,1,0,0,0,0,0,1,-1,1,0,1,1,1,0,0,0,0,0,16,0,0,4,7,3,3,0,3,3,30,17,0,0,0,0,0,0,0,0,7,1,1,0,0,0,0,2,2,1,0,KRBKRNvK,DRAW,8/1n6/8/2r2B2/7K/8/4R3/3k4 w - - 0 1
1,1,0,0,0,0,0,1,-1,1,0,1,1,1,0,0,0,0,0,16,0,0,2,4,2,2,1,1,3,26,23,0,0,0,0,0,0,0,0,7,1,1,0,0,0,0,3,3,2,1,KRBKRNvK,DRAW,3r4/8/8/8/1R6/2B1K1n1/2k5/8 w - - 0 1
0,1,0,0,0,0,0,1,-1,1,0,1,1,1,0,0,0,0,0,16,0,0,3,4,2,7,5,1,4,27,20,0,0,0,0,0,0,0,0,7,1,1,0,1,0,0,3,0,0,2,KRBKRNvK,DRAW,8/1B6/7k/8/1R2n3/4K3/6r1/8 b - - 0 1
0,1,0,0,0,0,0,1,-1,1,0,1,1,1,0,0,0,0,0,16,0,0,2,6,7,7,5,5,4,23,19,0,0,0,0,0,0,0,0,7,1,1,0,0,0,0,1,0,0,1,KRBKRNvK,DRAW,1R4K1/8/5r1k/8/3n4/8/8/1B6 b - - 0 1
0,1,0,0,0,0,0,1,-1,1,0,1,1,1,0,0,0,0,0,16,0,0,2,7,1,5,3,5,1,26,15,0,0,0,0,0,0,0,0,7,1,1,0,0,0,0,0,2,1,0,KRBKRNvK,DRAW,8/8/2r5/8/5k2/3n3R/7K/5B2 b - - 0 1
0,1,0,0,0,0,0,1,-1,1,0,1,1,1,0,0,0,0,0,16,0,0,7,6,7,7,0,5,6,23,22,0,0,0,0,0,0,0,0,7,1,1,0,0,0,0,0,1,0,0,KRBKRNvK,DRAW,5RK1/8/8/6n1/1B6/r7/8/7k b - - 0 1
0,1,0,0,0,0,0,1,-1,1,0,1,1,1,0,0,0,0,0,16,0,0,5,0,1,5,2,5,2,23,28,0,0,0,0,0,0,0,0,7,1,1,0,0,0,0,2,2,1,0,KRBKRNvK,DRAW,8/8/6Bn/4r3/3R4/5k2/K7/8 b - - 0 1
0,1,0,0,0,0,0,1,-1,1,0,1,1,1,0,0,0,0,0,16,0,0,3,4,3,7,0,0,6,2,0,1,0,0,0,0,0,0,0,7,1,1,0,0,0,0,4,2,1,0,KRBKRNvK,DRAW,1n6/3r4/R7/8/4K3/5B2/8/7k b - - 0 1
1,1,0,0,0,0,0,1,-1,1,0,1,1,1,0,0,0,0,0,16,0,0,3,4,6,1,4,2,2,23,22,0,0,0,0,0,0,0,0,7,1,1,0,0,0,0,1,2,0,0,KRBKRNvK,DRAW,7n/4K3/8/1k6/8/4B3/4R3/3r4 w - - 0 1
0,1,0,0,0,0,0,1,-1,1,0,1,1,1,0,0,0,0,0,16,0,0,5,2,2,7,4,2,3,2,0,1,0,0,0,0,0,0,0,7,1,1,1,0,0,0,3,0,2,0,KRBKRNvK,DRAW,8/7R/1r6/7k/8/2K2B2/7n/8 b - - 0 1
0,1,0,0,0,0,0,1,-1,1,0,1,1,1,0,0,0,0,0,16,0,0,6,6,7,7,1,5,5,6,0,1,0,0,0,0,0,0,0,7,1,1,0,0,0,0,2,1,0,0,KRBKRNvK,DRAW,5BK1/8/8/8/6n1/8/4R2k/5r2 b - - 0 1
0,1,0,0,0,0,0,1,-1,1,0,1,1,1,0,0,0,0,0,16,0,0,5,3,1,0,6,2,5,23,21,0,0,0,0,0,0,0,0,7,1,1,0,0,0,0,0,3,0,0,KRBKRNvK,DRAW,8/k7/8/1r4n1/7B/8/3K4/7R b - - 0 1
0,1,0,0,0,0,0,1,-1,1,0,1,1,1,0,0,0,0,0,16,0,0,5,7,2,2,6,4,3,23,22,0,0,0,0,0,0,0,0,7,1,1,0,0,0,0,3,2,1,1,KRBKRNvK,DRAW,8/2k5/8/1R5n/3r4/7K/5B2/8 b - - 0 1
0,1,0,0,0,0,0,1,-1,1,0,1,1,1,0,0,0,0,0,16,0,0,3,5,7,2,6,4,3,22,21,0,0,0,0,0,0,0,0,7,1,1,0,1,0,0,2,2,1,0,KRBKRNvK,DRAW,5K2/2k5/8/1R2n3/8/B7/4r3/8 b - - 0 1
1,1,0,0,0,0,0,1,-1,1,0,1,1,1,0,0,0,0,0,16,0,0,3,3,5,0,4,1,3,5,0,1,0,0,0,0,0,0,0,7,1,1,0,0,0,0,3,0,1,2,KRBKRNvK,DRAW,8/1n6/3K1r2/kB6/3R4/8/8/8 w - - 0 1
0,1,0,0,0,0,0,1,-1,1,0,1,1,1,0,0,0,0,0,16,0,0,5,1,1,6,6,4,4,24,30,0,0,0,0,0,0,0,0,7,1,1,0,0,0,0,3,2,0,1,KRBKRNvK,DRAW,8/6k1/8/1r6/1nR5/5B2/1K6/8 b - - 0 1
1,1,0,0,0,0,0,1,-1,1,0,1,1,1,0,0,0,0,0,16,0,0,7,7,3,0,6,3,5,3,0,1,0,0,0,0,0,0,0,7,1,1,0,0,0,0,2,0,1,0,KRBKRNvK,DRAW,1n2B3/k7/8/2R5/7K/8/8/7r w - - 0 1
1,1,0,0,0,0,0,1,-1,1,0,1,1,1,0,0,0,0,0,16,0,0,2,1,5,2,3,3,1,23,9,0,0,0,0,0,0,0,0,7,1,1,0,0,0,0,2,2,2,2,KRBKRNvK,DRAW,rn6/8/1K6/8/B1k5/3R4/8/8 w - - 0 1
0,1,0,0,0,0,0,1,-1,1,0,1,1,1,0,0,0,0,0,16,0,0,4,6,2,3,6,3,2,5,0,1,0,0,0,0,0,0,0,7,1,1,0,1,0,0,0,0,1,0,KRBKRNvK,DRAW,8/3k4/1R6/8/B7/6K1/2r5/2n5 b - - 0 1
1,1,0,0,0,0,0,1,-1,1,0,1,1,1,0,0,0,0,0,16,0,0,3,4,2,7,1,1,5,18,21,0,0,0,0,0,0,0,0,7,1,1,0,0,0,0,2,0,0,0,KRBKRNvK,DRAW,8/8/5r2/8/n7/4K3/7k/1B2R3 w - - 0 1
0,1,0,0,0,0,0,1,-1,1,0,1,1,1,0,0,0,0,0,16,0,0,5,1,1,3,6,4,2,20,24,0,0,0,0,0,0,0,0,7,1,1,0,0,0,0,0,0,0,2,KRBKRNvK,DRAW,8/3k4/7B/8/8/n5R1/1K6/r7 b - - 0 1
0,1,0,0,0,0,0,1,-1,1,0,1,1,1,0,0,0,0,0,16,0,0,7,6,7,3,0,5,3,2,0,1,0,0,0,0,0,0,0,7,1,1,0,0,0,0,0,0,0,0,KRBKRNvK,DRAW,6K1/8/r7/7B/8/8/7R/3kn3 b - - 0 1
1,1,0,0,0,0,0,1,-1,1,0,1,1,1,0,0,0,0,0,16,0,0,2,3,1,2,3,2,1,33,20,0,0,0,0,0,0,0,0,7,1,1,0,0,0,0,1,2,2,0,KRBKRNvK,DRAW,1r4n1/8/R7/8/2k1B3/8/3K4/8 w - - 0 1
0,1,0,0,0,0,0,1,-1,1,0,1,1,1,0,0,0,0,0,16,0,0,6,7,7,2,1,6,3,25,23,0,0,0,0,0,0,0,0,7,1,1,1,0,0,0,0,2,0,0,KRBKRNvK,DRAW,7K/6R1/3r4/8/7B/8/n1k5/8 b - - 0 1
0,1,0,0,0,0,0,1,-1,1,0,1,1,1,0,0,0,0,0,16,0,0,5,7,3,2,1,3,3,5,0,1,0,0,0,0,0,0,0,7,1,1,0,0,0,0,3,1,1,1,KRBKRNvK,DRAW,8/1r6/8/2R5/7K/4B1n1/2k5/8 b - - 0 1
1,1,0,0,0,0,0,1,-1,1,0,1,1,1,0,0,0,0,0,16,0,0,3,3,3,6,6,0,4,24,23,0,0,0,0,0,0,0,0,7,1,1,0,0,0,0,3,1,0,0,KRBKRNvK,DRAW,8/r2n2k1/8/8/3K4/8/8/4RB2 w - - 0 1
0,1,0,0,0,0,0,1,-1,1,0,1,1,1,0,0,0,0,0,16,0,0,3,2,2,3,5,2,1,25,19,0,0,0,0,0,0,0,0,7,1,1,0,1,0,0,1,3,0,1,KRBKRNvK,DRAW,8/8/3k3B/8/8/2K4R/2n3r1/8 b - - 0 1
1,1,0,0,0,0,0,1,-1,1,0,1,1,1,0,0,0,0,0,16,0,0,6,7,4,1,5,3,3,26,23,0,0,0,0,0,0,0,0,7,1,1,0,0,0,0,3,2,1,0,KRBKRNvK,DRAW,2n5/8/1k6/3B2RK/8/8/8/4r3 w - - 0 1
0,1,0,0,0,0,0,1,-1,1,0,1,1,1,0,0,0,0,0,16,0,0,4,4,1,0,1,2,5,3,0,1,0,0,0,0,0,0,0,7,1,1,0,0,0,0,1,0,1,1,KRBKRNvK,LOSS,4n3/8/8/8/2B5/5r2/k3K3/5R2 b - - 0 1
0,1,0,0,0,0,0,1,-1,1,0,1,1,1,0,0,0,0,0,16,0,0,3,1,5,4,4,3,0,6,0,1,0,0,0,0,0,0,0,7,1,1,0,0,0,0,3,3,0,0,KRBKRNvK,DRAW,B7/8/1K6/R3k3/8/8/4n3/3r4 b - - 0 1
0,1,0,0,0,0,0,1,-1,1,0,1,1,1,0,0,0,0,0,16,0,0,4,3,0,6,4,3,2,25,22,0,0,0,0,0,0,0,0,7,1,1,0,0,0,0,3,1,1,0,KRBKRNvK,DRAW,8/7r/1n6/6k1/4R3/8/2B5/3K4 b - - 0 1
1,1,0,0,0,0,0,1,-1,1,0,1,1,1,0,0,0,0,0,16,0,0,4,0,5,0,1,4,5,22,17,0,0,0,0,0,0,0,0,7,1,1,0,0,0,0,0,0,1,0,KRBKRNvK,DRAW,8/8/K7/B7/8/2R5/k7/3n1r2 w - - 0 1
0,1,0,0,0,0,0,1,-1,1,0,1,1,1,0,0,0,0,0,16,0,0,6,4,7,7,1,3,5,4,0,1,0,0,0,0,0,0,0,7,1,1,0,0,0,0,1,3,0,1,KRBKRNvK,DRAW,4K3/7B/4n2R/8/3r4/8/7k/8 b - - 0 1
0,1,0,0,0,0,0,1,-1,1,0,1,1,1,0,0,0,0,0,16,0,0,3,5,4,2,7,1,4,21,28,0,0,0,0,0,0,0,0,7,1,1,0,0,0,0,3,0,1,1,KRBKRNvK,DRAW,2k5/2r5/1B6/5K1n/R7/8/8/8 b - - 0 1
0,1,0,0,0,0,0,1,-1,1,0,1,1,1,0,0,0,0,0,16,0,0,2,1,5,1,3,3,2,27,20,0,0,0,0,0,0,0,0,7,1,1,1,0,0,0,1,2,0,0,KRBKRNvK,DRAW,8/2B4R/1K6/6r1/1k3n2/8/8/8 b - - 0 1
1,1,0,0,0,0,0,1,-1,1,0,1,1,1,0,0,0,0,0,16,0,0,5,7,0,6,5,6,3,19,29,0,0,0,0,0,0,0,0,7,1,1,0,0,0,0,2,3,0,0,KRBKRNvK,DRAW,8/8/5nk1/2r5/8/8/4R3/5B1K w - - 0 1
1,1,0,0,0,0,0,1,-1,1,0,1,1,1,0,0,0,0,0,16,0,0,3,7,7,4,4,6,0,21,25,0,0,0,0,0,0,0,0,7,1,1,1,0,0,0,0,3,0,0,KRBKRNvK,DRAW,3Bn2K/7R/8/4k3/8/1r6/8/8 w - - 0 1
1,1,0,0,0,0,0,1,-1,1,0,1,1,1,0,0,0,0,0,16,0,0,2,3,7,1,5,3,3,22,22,0,0,0,0,0,0,0,0,7,1,1,0,1,0,0,0,0,1,1,KRBKRNvK,DRAW,1nBK4/8/1k6/8/8/7R/r7/8 w - - 0 1
1,1,0,0,0,0,0,1,-1,1,0,1,1,1,0,0,0,0,0,16,0,0,5,7,2,2,3,4,1,5,0,1,0,0,0,0,0,0,0,7,1,1,0,0,0,0,3,2,1,2,KRBKRNvK,DRAW,8/1B6/3R4/8/2k5/7K/8/5rn1 w - - 0 1
1,1,0,0,0,0,0,1,-1,1,0,1,1,1,0,0,0,0,0,16,0,0,4,2,3,1,7,1,5,26,22,0,0,0,0,0,0,0,0,7,1,1,0,0,0,0,4,0,0,0,KRBKRNvK,WIN,1k6/4B3/8/7n/2K5/6r1/8/4R3 w - - 0 1
1,1,0,0,0,0,0,1,-1,1,0,1,1,1,0,0,0,0,0,16,0,0,2,3,1,1,1,2,4,22,27,0,0,0,0,0,0,0,0,7,1,1,0,0,0,0,2,1,0,1,KRBKRNvK,DRAW,3R4/2r5/8/7B/5n2/8/1k1K4/8 w - - 0 1
0,1,0,0,0,0,0,1,-1,1,0,1,1,1,0,0,0,0,0,16,0,0,5,2,2,6,7,2,5,21,28,0,0,0,0,0,0,0,0,7,1,1,0,0,0,0,1,1,0,0,KRBKRNvK,WIN,r5k1/8/6n1/1B6/8/2K2R2/8/8 b - - 0 1
1,1,0,0,0,0,0,1,-1,1,0,1,1,1,0,0,0,0,0,16,0,0,4,6,3,3,7,2,3,34,16,0,0,0,0,0,0,0,0,7,1,1,1,0,0,0,1,0,0,0,KRBKRNvK,DRAW,3k4/R7/8/8/4B1K1/8/8/2r1n3 w - - 0 1
1,1,0,0,0,0,0,1,-1,1,0,1,1,1,0,0,0,0,0,16,0,0,6,2,6,0,0,3,6,22,21,0,0,0,0,0,0,0,0,7,1,1,0,1,0,0,0,2,0,0,KRBKRNvK,DRAW,8/2K3n1/B1R5/8/8/8/3r4/k7 w - - 0 1
0,1,0,0,0,0,0,1,-1,1,0,1,1,1,0,0,0,0,0,16,0,0,3,0,7,3,5,6,1,24,17,0,0,0,0,0,0,0,0,7,1,1,0,0,0,0,0,2,0,0,KRBKRNvK,DRAW,K7/8/3k4/6r1/B7/8/8/R4n2 b - - 0 1
0,1,0,0,0,0,0,1,-1,1,0,1,1,1,0,0,0,0,0,16,0,0,4,5,3,4,7,1,3,20,26,0,0,0,0,0,0,0,0,7,1,1,0,0,0,0,3,2,1,1,KRBKRNvK,DRAW,4k3/n7/4B3/3r4/5K2/8/R7/8 b - - 0 1
1,1,0,0,0,0,0,1,-1,1,0,1,1,1,0,0,0,0,0,16,0,0,3,2,0,5,3,4,1,23,21,0,0,0,0,0,0,0,0,7,1,1,0,0,0,0,1,2,2,0,KRBKRNvK,DRAW,8/1r4n1/5R2/5B2/5k2/8/8/2K5 w - - 0 1
1,1,0,0,0,0,0,1,-1,1,0,1,1,1,0,0,0,0,0,16,0,0,3,6,5,3,4,3,0,24,19,0,0,0,0,0,0,0,0,7,1,1,0,0,0,0,1,3,1,0,KRBKRNvK,DRAW,8/8/5RK1/3k4/8/8/8/1Bn1r3 w - - 0 1
0,1,0,0,0,0,0,1,-1,1,0,1,1,1,0,0,0,0,0,16,0,0,3,7,3,4,4,3,0,6,0,1,0,0,0,0,0,0,0,7,1,1,0,0,0,0,2,3,1,0,KRBKRNvK,DRAW,3r4/8/8/2R1k3/7K/1B6/3n4/8 b - - 0 1
1,1,0,0,0,0,0,1,-1,1,0,1,1,1,0,0,0,0,0,16,0,0,5,3,1,5,6,2,3,22,27,0,0,0,0,0,0,0,0,7,1,1,0,0,0,0,3,1,1,1,KRBKRNvK,DRAW,B7/5k2/3R4/8/5n2/8/3K4/6r1 w - - 0 1
1,1,0,0,0,0,0,1,-1,1,0,1,1,1,0,0,0,0,0,16,0,0,2,0,5,2,6,4,3,24,19,0,0,0,0,0,0,0,0,7,1,1,0,0,0,0,0,2,0,0,KRBKRNvK,DRAW,3n4/2k5/K7/8/8/3r3B/8/1R6 w - - 0 1
0,1,0,0,0,0,0,1,-1,1,0,1,1,1,0,0,0,0,0,16,0,0,4,6,3,5,7,2,4,24,26,0,0,0,0,0,0,0,0,7,1,1,0,0,0,0,2,2,0,0,KRBKRNvK,DRAW,5k2/2B1n3/8/8/6K1/3r4/8/4R3 b - - 0 1
1,1,0,0,0,0,0,1,-1,1,0,1,1,1,0,0,0,0,0,16,0,0,6,1,7,2,1,5,3,5,0,1,0,0,0,0,0,0,0,7,1,1,0,0,0,0,2,3,0,0,KRBKRNvK,DRAW,1K6/8/8/Br6/7R/8/2k2n2/8 w - - 0 1
0,1,0,0,0,0,0,1,-1,1,0,1,1,1,0,0,0,0,0,16,0,0,7,1,7,3,0,5,3,20,30,0,0,0,0,0,0,0,0,7,1,1,0,0,0,0,2,2,0,0,KRBKRNvK,DRAW,1K6/8/2B5/5r2/5n2/8/R7/3k4 b - - 0 1
0,1,0,0,0,0,0,1,-1,1,0,1,1,1,0,0,0,0,0,16,0,0,4,5,2,5,6,2,3,24,25,0,0,0,0,0,0,0,0,7,1,1,0,0,0,0,1,3,1,0,KRBKRNvK,DRAW,8/4nk2/7R/8/r7/5K2/8/2B5 b - - 0 1
0,1,0,0,0,0,0,1,-1,1,0,1,1,1,0,0,0,0,0,16,0,0,4,1,5,5,2,3,2,20,29,0,0,0,0,0,0,0,0,7,1,1,0,0,0,0,3,1,1,1,KRBKRNvK,DRAW,8/r7/1K2B3/8/7R/5k2/n7/8 b - - 0 1
1,1,0,0,0,0,0,1,-1,1,0,1,1,1,0,0,0,0,0,16,0,0,6,7,5,1,0,4,5,4,0,1,0,0,0,0,0,0,0,7,1,1,0,0,0,0,2,2,1,0,KRBKRNvK,DRAW,8/8/4r2K/8/3R4/B7/8/1k5n w - - 0 1
0,1,0,0,0,0,0,1,-1,1,0,1,1,1,0,0,0,0,0,16,0,0,6,2,1,5,7,3,4,24,25,0,0,0,0,0,0,0,0,7,1,1,0,0,0,0,2,2,0,0,KRBKRNvK,DRAW,5k2/8/1r3n2/R7/8/8/2K5/4B3 b - - 0 1
1,1,0,0,0,0,0,1,-1,1,0,1,1,1,0,0,0,0,0,16,0,0,6,0,4,6,2,3,3,22,23,0,0,0,0,0,0,0,0,7,1,1,0,0,0,0,3,1,0,0,KRBKRNvK,DRAW,8/1B1n4/6r1/KR6/8/6k1/8/8 w - - 0 1
1,1,0,0,0,0,0,1,-1,1,0,1,1,1,0,0,0,0,0,16,0,0,4,7,5,4,1,4,2,18,23,0,0,0,0,0,0,0,0,7,1,1,0,1,0,0,1,2,0,0,KRBKRNvK,DRAW,1B5R/8/7K/8/8/2n5/4kr2/8 w - - 0 1
0,1,0,0,0,0,0,1,-1,1,0,1,1,1,0,0,0,0,0,16,0,0,4,2,3,6,7,1,5,27,19,0,0,0,0,0,0,0,0,7,1,1,0,0,0,0,2,0,0,1,KRBKRNvK,DRAW,6k1/1B6/2R5/8/2K1n3/8/8/r7 b - - 0 1
0,1,0,0,0,0,0,1,-1,1,0,1,1,1,0,0,0,0,0,16,0,0,3,5,7,2,5,4,2,5,0,1,0,0,0,0,0,0,0,7,1,1,0,0,0,0,2,3,1,0,KRBKRNvK,DRAW,5K2/8/2k1R3/8/7r/B5n1/8/8 b - - 0 1
1,1,0,0,0,0,0,1,-1,1,0,1,1,1,0,0,0,0,0,16,0,0,6,6,0,0,1,5,5,14,21,0,0,0,0,0,0,0,0,7,1,1,0,0,0,0,0,1,0,0,KRBKRNvK,WIN,7r/2n5/8/7B/8/8/k7/6KR w - - 0 1
1,1,0,0,0,0,0,1,-1,1,0,1,1,1,0,0,0,0,0,16,0,0,4,4,0,0,1,3,5,28,17,0,0,0,0,0,0,0,0,7,1,1,0,0,0,0,2,0,1,0,KRBKRNvK,DRAW,1r6/7n/1B6/8/2R5/8/k7/4K3 w - - 0 1
1,1,0,0,0,0,0,1,-1,1,0,1,1,1,0,0,0,0,0,16,0,0,5,6,0,1,0,5,5,27,20,0,0,0,0,0,0,0,0,7,1,1,1,0,0,0,2,2,0,0,KRBKRNvK,DRAW,1n6/7R/8/8/1r6/8/6B1/1k4K1 w - - 0 1
0,1,0,0,0,0,0,1,-1,1,0,1,1,1,0,0,0,0,0,16,0,0,3,5,3,4,6,1,2,7,0,1,0,0,0,0,0,0,0,7,1,1,0,0,0,0,3,2,1,2,KRBKRNvK,DRAW,8/4k3/8/2B5/5K1R/3r4/7n/8 b - - 0 1
0,1,0,0,0,0,0,1,-1,1,0,1,1,1,0,0,0,0,0,16,0,0,3,1,4,4,1,2,2,6,0,1,0,0,0,0,0,0,0,7,1,1,1,0,0,0,1,1,1,0,KRBKRNvK,DRAW,8/2R5/8/1K4n1/2B5/5r2/4k3/8 b - - 0 1
1,1,0,0,0,0,0,1,-1,1,0,1,1,1,0,0,0,0,0,16,0,0,2,7,3,7,1,3,5,24,19,0,0,0,0,0,0,0,0,7,1,1,0,0,0,0,1,2,0,0,KRBKRNvK,DRAW,5R2/4r3/8/8/7K/8/B6k/6n1 w - - 0 1
1,1,0,0,0,0,0,1,-1,1,0,1,1,1,0,0,0,0,0,16,0,0,3,5,2,6,5,2,3,26,27,0,0,0,0,0,0,0,0,7,1,1,0,0,0,0,2,1,0,1,KRBKRNvK,DRAW,8/8/1r4k1/5n2/8/B4K2/4R3/8 w - - 0 1
1,1,0,0,0,0,0,1,-1,1,0,1,1,1,0,0,0,0,0,16,0,0,6,0,3,6,2,3,3,26,23,0,0,0,0,0,0,0,0,7,1,1,1,0,0,0,0,2,0,0,KRBKRNvK,DRAW,3B4/7R/3rn3/8/K7/6k1/8/8 w - - 0 1
0,1,0,0,0,0,0,1,-1,1,0,1,1,1,0,0,0,0,0,16,0,0,4,7,5,3,1,4,2,21,27,0,0,0,0,0,0,0,0,7,1,1,1,1,0,0,1,0,0,1,KRBKRNvK,DRAW,8/5R1n/3B3K/8/8/8/3k2r1/8 b - - 0 1
0,1,0,0,0,0,0,1,-1,1,0,1,1,1,0,0,0,0,0,16,0,0,7,7,6,0,3,5,3,19,21,0,0,0,0,0,0,0,0,7,1,1,0,0,0,0,2,0,0,0,KRBKRNvK,DRAW,r7/7K/7R/8/k7/7n/6B1/8 b - - 0 1
0,1,0,0,0,0,0,1,-1,1,0,1,1,1,0,0,0,0,0,16,0,0,6,6,6,0,3,4,3,18,32,0,0,0,0,0,0,0,0,7,1,1,0,0,0,0,1,2,0,0,KRBKRNvK,DRAW,1R6/n5K1/8/4B3/k1r5/8/8/8 b - - 0 1
0,1,0,0,0,0,0,1,-1,1,0,1,1,1,0,0,0,0,0,16,0,0,3,4,2,4,5,1,1,21,19,0,0,0,0,0,0,0,0,7,1,1,1,0,0,0,2,4,1,0,KRBKRNvK,DRAW,1B6/2R5/4k3/8/r7/4K3/8/7n b - - 0 1
0,1,0,0,0,0,0,1,-1,1,0,1,1,1,0,0,0,0,0,16,0,0,5,5,3,0,4,1,3,23,25,0,0,0,0,0,0,0,0,7,1,1,0,0,0,0,2,2,0,0,KRBKRNvK,DRAW,4n2R/3r4/8/k7/5K2/8/8/1B6 b - - 0 1
1,1,0,0,0,0,0,1,-1,1,0,1,1,1,0,0,0,0,0,16,0,0,2,4,7,2,6,3,3,3,0,1,0,0,0,0,0,0,0,7,1,1,0,0,0,0,2,0,1,1,KRBKRNvK,DRAW,4K1r1/2k5/2B5/8/8/5R2/8/6n1 w - - 0 1
0,1,0,0,0,0,0,1,-1,1,0,1,1,1,0,0,0,0,0,16,0,0,2,7,7,5,5,6,2,3,0,1,0,0,0,0,0,0,0,7,1,1,0,0,0,0,0,2,2,0,KRBKRNvK,DRAW,3n3K/4r3/5kR1/7B/8/8/8/8 b - - 0 1
1,1,0,0,0,0,0,1,-1,1,0,1,1,1,0,0,0,0,0,16,0,0,3,3,3,2,6,0,3,23,22,0,0,0,0,0,0,0,0,7,1,1,0,0,0,0,4,2,1,2,KRBKRNvK,DRAW,8/2k5/5n2/1R6/3K4/2B2r2/8/8 w - - 0 1
0,1,0,0,0,0,0,1,-1,1,0,1,1,1,0,0,0,0,0,16,0,0,6,1,6,2,0,4,4,26,23,0,0,0,0,0,0,0,0,7,1,1,0,0,0,0,2,0,0,0,KRBKRNvK,DRAW,8/1K6/5r2/4n3/1B2R3/8/8/2k5 b - - 0 1
1,1,0,0,0,0,0,1,-1,1,0,1,1,1,0,0,0,0,0,16,0,0,7,0,7,0,0,6,6,26,15,0,0,0,0,0,0,0,0,7,1,1,1,0,0,0,2,0,0,0,KRBKRNvK,DRAW,K5n1/3R4/6r1/6B1/8/8/8/k7 w - - 0 1
0,1,0,0,0,0,0,1,-1,1,0,1,1,1,0,0,0,0,0,16,0,0,7,0,6,7,6,5,5,19,23,0,0,0,0,0,0,0,0,7,1,1,0,0,0,0,2,2,0,1,KRBKRNvK,DRAW,2R5/K6k/8/1r6/8/8/8/B5n1 b - - 0 1
0,1,0,0,0,0,0,1,-1,1,0,1,1,1,0,0,0,0,0,16,0,0,4,5,7,2,3,4,1,16,26,0,0,0,0,0,0,0,0,7,1,1,0,0,0,0,2,3,1,0,KRBKRNvK,DRAW,5K2/8/n7/2r5/2k5/8/1R6/7B b - - 0 1
1,1,0,0,0,0,0,1,-1,1,0,1,1,1,0,0,0,0,0,16,0,0,6,6,4,0,6,2,5,29,21,0,0,0,0,0,0,0,0,7,1,1,0,0,0,0,2,2,0,0,KRBKRNvK,DRAW,8/k2r4/8/6K1/1BR5/8/n7/8 w - - 0 1
0,1,0,0,0,0,0,1,-1,1,0,1,1,1,0,0,0,0,0,16,0,0,4,4,1,7,5,2,4,6,0,1,0,0,0,0,0,0,0,7,1,1,0,0,0,0,2,2,0,0,KRBKRNvK,DRAW,3n4/8/R6k/6r1/8/8/4K1B1/8 b - - 0 1
0,1,0,0,0,0,0,1,-1,1,0,1,1,1,0,0,0,0,0,16,0,0,4,3,6,2,2,2,2,26,24,0,0,0,0,0,0,0,0,7,1,1,0,0,0,0,0,2,0,0,KRBKRNvK,DRAW,8/3K4/1R5B/8/1n6/2k5/8/r7 b - - 0 1
0,1,0,0,0,0,0,1,-1,1,0,1,1,1,0,0,0,0,0,16,0,0,4,0,4,4,4,3,0,20,23,0,0,0,0,0,0,0,0,7,1,1,1,0,0,0,2,4,1,0,KRBKRNvK,DRAW,8/1R6/2B5/K3k3/4r3/8/6n1/8 b - - 0 1
0,1,0,0,0,0,0,1,-1,1,0,1,1,1,0,0,0,0,0,16,0,0,3,1,4,2,1,2,3,3,0,1,0,0,0,0,0,0,0,7,1,1,1,0,0,0,1,2,0,0,KRBKRNvK,DRAW,8/2R1n2B/8/1K6/8/8/2k5/3r4 b - - 0 1
1,1,0,0,0,0,0,1,-1,1,0,1,1,1,0,0,0,0,0,16,0,0,4,0,1,4,3,5,0,30,23,0,0,0,0,0,0,0,0,7,1,1,0,0,0,0,1,3,1,0,KRBKRNvK,DRAW,5R2/8/6n1/4B3/4k3/3r4/K7/8 w - - 0 1
0,1,0,0,0,0,0,1,-1,1,0,1,1,1,0,0,0,0,0,16,0,0,2,2,5,0,7,2,6,20,24,0,0,0,0,0,0,0,0,7,1,1,0,0,0,0,3,2,0,2,KRBKRNvK,DRAW,k7/1n6/2K5/3r4/6R1/8/8/4B3 b - - 0 1
1,1,0,0,0,0,0,1,-1,1,0,1,1,1,0,0,0,0,0,16,0,0,3,3,7,6,6,3,4,22,26,0,0,0,0,0,0,0,0,7,1,1,0,0,0,0,2,1,2,1,KRBKRNvK,DRAW,3K4/6k1/3n4/5R1B/8/8/8/2r5 w - - 0 1
0,1,0,0,0,0,0,1,-1,1,0,1,1,1,0,0,0,0,0,16,0,0,3,2,3,2,0,1,4,21,20,0,0,0,0,0,0,0,0,7,1,1,0,0,0,0,3,2,0,0,KRBKRNvK,DRAW,8/3r4/8/2R5/B1K5/7n/8/2k5 b - - 0 1
0,1,0,0,0,0,0,1,-1,1,0,1,1,1,0,0,0,0,0,16,0,0,4,5,2,3,6,2,2,21,29,0,0,0,0,0,0,0,0,7,1,1,0,0,0,0,1,0,1,0,KRBKRNvK,DRAW,nR6/3k4/B7/8/8/5K2/8/2r5 b - - 0 1
0,1,0,0,0,0,0,1,-1,1,0,1,1,1,0,0,0,0,0,16,0,0,6,4,0,0,6,3,5,4,0,1,0,0,0,0,0,0,0,7,1,1,1,0,0,0,2,1,0,0,KRBKRNvK,DRAW,1r3B2/k3R3/8/8/2n5/8/8/4K3 b - - 0 1
0,1,0,0,0,0,0,1,-1,1,0,1,1,1,0,0,0,0,0,16,0,0,3,6,4,6,1,2,4,28,16,0,0,0,0,0,0,0,0,7,1,1,0,1,0,0,0,1,0,0,KRBKRNvK,DRAW,8/8/6RB/2n3K1/8/8/1r4k1/8 b - - 0 1
0,1,0,0,0,0,0,1,-1,1,0,1,1,1,0,0,0,0,0,16,0,0,6,5,0,0,6,4,5,24,30,0,0,0,0,0,0,0,0,7,1,1,0,0,0,0,2,2,0,0,KRBKRNvK,DRAW,8/kr6/2n5/3B4/6R1/8/8/5K2 b - - 0 1
1,1,0,0,0,0,0,1,-1,1,0,1,1,1,0,0,0,0,0,16,0,0,3,6,7,5,4,5,1,4,0,1,0,0,0,0,0,0,0,7,1,1,0,0,0,0,2,2,1,0,KRBKRNvK,DRAW,2r3K1/8/8/5k2/3R4/8/8/n4B2 w - - 0 1
0,1,0,0,0,0,0,1,-1,1,0,1,1,1,0,0,0,0,0,16,0,0,6,2,1,0,7,3,6,16,33,0,0,0,0,0,0,0,0,7,1,1,0,0,0,0,2,0,0,0,KRBKRNvK,DRAW,k6r/8/3B4/6R1/8/8/2K4n/8 b - - 0 1
1,1,0,0,0,0,0,1,-1,1,0,1,1,1,0,0,0,0,0,16,0,0,7,0,7,7,7,6,6,2,0,1,0,0,0,0,0,0,0,7,1,1,1,0,0,0,1,1,1,0,KRBKRNvK,LOSS,K2r3k/6R1/3n4/5B2/8/8/8/8 w - - 0 1
0,1,0,0,0,0,0,1,-1,1,0,1,1,1,0,0,0,0,0,16,0,0,5,4,6,7,1,2,5,24,26,0,0,0,0,0,0,0,0,7,1,1,0,0,0,0,1,2,0,1,KRBKRNvK,DRAW,8/4K3/5nR1/8/3B4/8/7k/r7 b - - 0 1
1,1,0,0,0,0,0,1,-1,1,0,1,1,1,0,0,0,0,0,16,0,0,2,7,2,5,2,4,2,2,0,1,0,0,0,0,0,0,0,7,1,1,1,0,0,0,0,1,0,0,KRBKRNvK,DRAW,3B3r/R7/8/8/8/5k1K/1n6/8 w - - 0 1
1,1,0,0,0,0,0,1,-1,1,0,1,1,1,0,0,0,0,0,16,0,0,5,6,0,7,5,5,4,30,13,0,0,0,0,0,0,0,0,7,1,1,0,0,0,0,2,0,1,0,KRBKRNvK,DRAW,rn6/8/7k/5B2/8/4R3/8/6K1 w - - 0 1
0,1,0,0,0,0,0,1,-1,1,0,1,1,1,0,0,0,0,0,16,0,0,5,6,1,1,5,4,3,6,0,1,0,0,0,0,0,0,0,7,1,1,0,0,0,0,0,0,1,1,KRBKRNvK,LOSS,8/n7/1k5R/8/B7/5r2/6K1/8 b - - 0 1
1,1,0,0,0,0,0,1,-1,1,0,1,1,1,0,0,0,0,0,16,0,0,5,2,3,7,3,1,3,26,19,0,0,0,0,0,0,0,0,7,1,1,0,0,0,0,2,1,0,0,KRBKRNvK,DRAW,8/8/6r1/1B4n1/2K4k/8/3R4/8 w - - 0 1
0,1,0,0,0,0,0,1,-1,1,0,1,1,1,0,0,0,0,0,16,0,0,4,2,3,6,5,1,3,6,0,1,0,0,0,0,0,0,0,7,1,1,0,0,0,0,4,1,1,1,KRBKRNvK,DRAW,6r1/8/4R1k1/1n6/2K5/8/8/4B3 b - - 0 1
1,1,0,0,0,0,0,1,-1,1,0,1,1,1,0,0,0,0,0,16,0,0,4,3,1,1,5,2,3,6,0,1,0,0,0,0,0,0,0,7,1,1,0,0,0,0,0,2,0,0,KRBKRNvK,DRAW,8/8/1k5n/3r4/6B1/2R5/3K4/8 w - - 0 1
0,1,0,0,0,0,0,1,-1,1,0,1,1,1,0,0,0,0,0,16,0,0,6,7,1,2,7,5,4,26,16,0,0,0,0,0,0,0,0,7,1,1,0,0,0,0,1,0,0,0,KRBKRNvK,DRAW,2k5/8/1r6/3n4/8/8/B6K/R7 b - - 0 1
1,1,0,0,0,0,0,1,-1,1,0,1,1,1,0,0,0,0,0,16,0,0,7,5,7,3,0,4,3,29,15,0,0,0,0,0,0,0,0,7,1,1,0,0,0,0,3,0,2,1,KRBKRNvK,DRAW,r2n1K2/8/8/8/8/2B5/4R3/3k4 w - - 0 1
0,1,0,0,0,0,0,1,-1,1,0,1,1,1,0,0,0,0,0,16,0,0,4,2,7,2,3,4,1,7,0,1,0,0,0,0,0,0,0,7,1,1,0,1,0,0,1,2,0,0,KRBKRNvK,LOSS,1BK5/8/8/7n/2k5/8/7r/2R5 b - - 0 1
1,1,0,0,0,0,0,1,-1,1,0,1,1,1,0,0,0,0,0,16,0,0,2,0,7,2,7,6,4,20,25,0,0,0,0,0,0,0,0,7,1,1,0,0,0,0,1,2,0,0,KRBKRNvK,DRAW,K1k5/8/8/1RBn4/6r1/8/8/8 w - - 0 1
1,1,0,0,0,0,0,1,-1,1,0,1,1,1,0,0,0,0,0,16,0,0,7,3,7,3,0,3,3,25,23,0,0,0,0,0,0,0,0,7,1,1,0,1,0,0,1,0,0,0,KRBKRNvK,DRAW,3K3R/6n1/3B4/8/8/8/5r2/3k4 w - - 0 1
1,1,0,0,0,0,0,1,-1,1,0,1,1,1,0,0,0,0,0,16,0,0,3,5,2,2,0,2,4,12,26,0,0,0,0,0,0,0,0,7,1,1,0,0,0,0,1,3,1,1,KRBKRNvK,DRAW,8/8/2n5/6r1/8/5K2/4BR2/2k5 w - - 0 1
0,1,0,0,0,0,0,1,-1,1,0,1,1,1,0,0,0,0,0,16,0,0,2,0,5,2,6,4,3,6,0,1,0,0,0,0,0,0,0,7,1,1,1,0,0,0,1,2,0,0,KRBKRNvK,DRAW,8/2k3R1/K7/8/2Br4/8/8/6n1 b - - 0 1
0,1,0,0,0,0,0,1,-1,1,0,1,1,1,0,0,0,0,0,16,0,0,2,6,4,4,4,2,0,19,22,0,0,0,0,0,0,0,0,7,1,1,0,0,0,0,0,4,0,0,KRBKRNvK,DRAW,8/8/8/2r1k1K1/8/8/2n2R2/3B4 b - - 0 1
0,1,0,0,0,0,0,1,-1,1,0,1,1,1,0,0,0,0,0,16,0,0,5,4,0,7,5,3,4,15,25,0,0,0,0,0,0,0,0,7,1,1,0,0,0,0,3,0,1,0,KRBKRNvK,DRAW,7r/8/5B1k/8/8/8/1n2R3/4K3 b - - 0 1
0,1,0,0,0,0,0,1,-1,1,0,1,1,1,0,0,0,0,0,16,0,0,3,4,1,1,3,2,2,16,20,0,0,0,0,0,0,0,0,7,1,1,0,0,0,0,0,1,1,0,KRBKRNvK,DRAW,8/1r2n3/8/8/1k6/8/R3K3/3B4 b - - 0 1
0,1,0,0,0,0,0,1,-1,1,0,1,1,1,0,0,0,0,0,16,0,0,2,5,5,7,4,2,3,1,0,1,0,0,0,0,0,0,0,7,1,1,1,0,0,0,1,1,2,0,KRBKRNvK,DRAW,r7/6BR/5K2/7k/8/6n1/8/8 b - - 0 1
1,1,0,0,0,0,0,1,-1,1,0,1,1,1,0,0,0,0,0,16,0,0,3,5,4,2,7,1,4,29,18,0,0,0,0,0,0,0,0,7,1,1,0,0,0,0,4,1,0,2,KRBKRNvK,DRAW,2k5/5nr1/8/5K2/R7/5B2/8/8 w - - 0 1
0,1,0,0,0,0,0,1,-1,1,0,1,1,1,0,0,0,0,0,16,0,0,3,6,4,4,1,2,2,23,25,0,0,0,0,0,0,0,0,7,1,1,0,0,0,0,2,0,0,1,KRBKRNvK,DRAW,4B3/8/8/6K1/7R/5r2/4k3/n7 b - - 0 1
0,1,0,0,0,0,0,1,-1,1,0,1,1,1,0,0,0,0,0,16,0,0,4,4,0,6,4,3,2,26,19,0,0,0,0,0,0,0,0,7,1,1,0,0,0,0,0,2,0,0,KRBKRNvK,WIN,2B5/8/3r4/6k1/1n6/8/8/2R1K3 b - - 0 1
1,1,0,0,0,0,0,1,-1,1,0,1,1,1,0,0,0,0,0,16,0,0,6,1,5,7,1,3,5,19,14,0,0,0,0,0,0,0,0,7,1,1,0,0,0,0,1,0,0,0,KRBKRNvK,DRAW,8/8/1K2B1r1/8/8/1R6/7k/6n1 w - - 0 1
0,1,0,0,0,0,0,1,-1,1,0,1,1,1,0,0,0,0,0,16,0,0,2,2,5,1,3,2,2,5,0,1,0,0,0,0,0,0,0,7,1,1,1,0,0,0,1,0,0,0,KRBKRNvK,DRAW,5r2/1R6/2K5/7B/1k6/8/1n6/8 b - - 0 1
0,1,0,0,0,0,0,1,-1,1,0,1,1,1,0,0,0,0,0,16,0,0,4,6,4,5,0,2,4,3,0,1,0,0,0,0,0,0,0,7,1,1,0,0,0,0,1,2,1,1,KRBKRNvK,DRAW,7n/4r3/8/6K1/8/1B6/8/5k1R b - - 0 1
1,1,0,0,0,0,0,1,-1,1,0,1,1,1,0,0,0,0,0,16,0,0,4,3,5,7,4,1,3,19,23,0,0,0,0,0,0,0,0,7,1,1,0,0,0,0,2,2,0,0,KRBKRNvK,DRAW,8/8/3K2n1/r6k/8/2R5/8/B7 w - - 0 1
1,1,0,0,0,0,0,1,-1,1,0,1,1,1,0,0,0,0,0,16,0,0,3,2,3,3,0,1,3,32,18,0,0,0,0,0,0,0,0,7,1,1,0,0,0,0,4,1,1,0,KRBKRNvK,DRAW,5r2/8/8/5n2/2K2B2/8/4R3/3k4 w - - 0 1
0,1,0,0,0,0,0,1,-1,1,0,1,1,1,0,0,0,0,0,16,0,0,3,7,4,5,1,3,3,25,25,0,0,0,0,0,0,0,0,7,1,1,0,0,0,0,3,0,0,0,KRBKRNvK,DRAW,1B6/8/8/n6K/1R6/2r5/5k2/8 b - - 0 1
1,1,0,0,0,0,0,1,-1,1,0,1,1,1,0,0,0,0,0,16,0,0,2,1,4,2,6,2,3,6,0,1,0,0,0,0,0,0,0,7,1,1,0,0,0,0,2,0,0,0,KRBKRNvK,DRAW,8/2k4n/8/1K6/3R4/8/8/1r3B2 w - - 0 1
0,1,0,0,0,0,0,1,-1,1,0,1,1,1,0,0,0,0,0,16,0,0,5,2,2,0,7,2,6,22,21,0,0,0,0,0,0,0,0,7,1,1,0,0,0,0,1,2,0,1,KRBKRNvK,DRAW,k2r4/8/8/8/8/1nK5/B7/6R1 b - - 0 1
0,1,0,0,0,0,0,1,-1,1,0,1,1,1,0,0,0,0,0,16,0,0,4,4,4,0,7,0,6,18,32,0,0,0,0,0,0,0,0,7,1,1,1,1,0,0,3,1,0,0,KRBKRNvK,DRAW,k7/3R4/8/2B1K3/8/8/2n3r1/8 b - - 0 1
1,1,0,0,0,0,0,1,-1,1,0,1,1,1,0,0,0,0,0,16,0,0,6,7,5,1,4,4,2,23,21,0,0,0,0,0,0,0,0,7,1,1,0,0,0,0,3,0,1,0,KRBKRNvK,DRAW,6B1/8/7K/1k6/R7/7n/8/6r1 w - - 0 1
0,1,0,0,0,0,0,1,-1,1,0,1,1,1,0,0,0,0,0,16,0,0,3,5,1,2,2,3,2,16,26,0,0,0,0,0,0,0,0,7,1,1,0,0,0,0,2,1,1,0,KRBKRNvK,DRAW,8/8/8/3R4/8/2k5/1n3K1B/2r5 b - - 0 1
0,1,0,0,0,0,0,1,-1,1,0,1,1,1,0,0,0,0,0,16,0,0,4,2,3,1,7,1,5,17,25,0,0,0,0,0,0,0,0,7,1,1,0,0,0,0,3,2,0,1,KRBKRNvK,DRAW,1k2n2R/8/8/1r6/2KB4/8/8/8 b - - 0 1
1,1,0,0,0,0,0,1,-1,1,0,1,1,1,0,0,0,0,0,16,0,0,4,1,7,5,3,5,1,5,0,1,0,0,0,0,0,0,0,7,1,1,0,0,0,0,2,2,0,0,KRBKRNvK,DRAW,1K6/5n2/2R5/8/5k2/1r6/8/7B w - - 0 1
1,1,0,0,0,0,0,1,-1,1,0,1,1,1,0,0,0,0,0,16,0,0,3,4,5,5,2,1,2,7,0,1,0,0,0,0,0,0,0,7,1,1,1,0,0,0,3,2,0,1,KRBKRNvK,DRAW,8/7R/4K1n1/8/8/5k2/1B6/4r3 w - - 0 1
0,1,0,0,0,0,0,1,-1,1,0,1,1,1,0,0,0,0,0,16,0,0,4,4,3,0,2,0,4,20,27,0,0,0,0,0,0,0,0,7,1,1,1,0,0,0,3,2,0,0,KRBKRNvK,DRAW,3r4/1R6/8/8/4K1B1/k7/1n6/8 b - - 0 1
1,1,0,0,0,0,0,1,-1,1,0,1,1,1,0,0,0,0,0,16,0,0,4,7,4,6,0,3,5,21,19,0,0,0,0,0,0,0,0,7,1,1,0,0,0,0,2,2,0,0,KRBKRNvK,DRAW,1R6/1B2r3/8/7K/8/8/8/1n4k1 w - - 0 1
1,1,0,0,0,0,0,1,-1,1,0,1,1,1,0,0,0,0,0,16,0,0,5,1,7,6,6,5,4,22,21,0,0,0,0,0,0,0,0,7,1,1,0,0,0,0,2,2,0,0,KRBKRNvK,DRAW,1K5n/6k1/8/8/8/4R3/8/2Br4 w - - 0 1
1,1,0,0,0,0,0,1,-1,1,0,1,1,1,0,0,0,0,0,16,0,0,7,7,0,0,1,6,5,22,20,0,0,0,0,0,0,0,0,7,1,1,0,0,0,0,0,0,0,1,KRBKRNvK,DRAW,8/7r/B4R2/8/8/8/k6n/7K w - - 0 1
0,1,0,0,0,0,0,1,-1,1,0,1,1,1,0,0,0,0,0,16,0,0,5,3,2,4,7,1,3,20,32,0,0,0,0,0,0,0,0,7,1,1,0,0,0,0,2,0,0,0,KRBKRNvK,DRAW,4k3/6n1/r7/2B5/6R1/3K4/8/8 b - - 0 1
0,1,0,0,0,0,0,1,-1,1,0,1,1,1,0,0,0,0,0,16,0,0,2,5,5,7,3,2,3,3,0,1,0,0,0,0,0,0,0,7,1,1,1,0,0,0,3,1,0,2,KRBKRNvK,DRAW,7r/3R4/5K2/6n1/7k/8/8/4B3 b - - 0 1
1,1,0,0,0,0,0,1,-1,1,0,1,1,1,0,0,0,0,0,16,0,0,5,5,1,0,0,3,6,26,23,0,0,0,0,0,0,0,0,7,1,1,0,0,0,0,3,2,0,1,KRBKRNvK,DRAW,8/1B6/4r3/7R/8/8/3n1K2/k7 w - - 0 1
1,1,0,0,0,0,0,1,-1,1,0,1,1,1,0,0,0,0,0,16,0,0,5,2,2,7,7,2,6,24,19,0,0,0,0,0,0,0,0,7,1,1,1,0,0,0,2,2,0,0,KRBKRNvK,DRAW,7k/2R5/3rn3/8/8/2K5/2B5/8 w - - 0 1
0,1,0,0,0,0,0,1,-1,1,0,1,1,1,0,0,0,0,0,16,0,0,6,6,5,0,2,3,4,21,26,0,0,0,0,0,0,0,0,7,1,1,0,0,0,0,0,3,0,0,KRBKRNvK,DRAW,7R/8/6K1/r7/8/k7/4n3/4B3 b - - 0 1
1,1,0,0,0,0,0,1,-1,1,0,1,1,1,0,0,0,0,0,16,0,0,4,2,5,4,1,2,2,7,0,1,0,0,0,0,0,0,0,7,1,1,0,0,0,0,2,1,0,1,KRBKRNvK,DRAW,8/4n3/2K3B1/8/8/8/4k3/4r2R w - - 0 1
0,1,0,0,0,0,0,1,-1,1,0,1,1,1,0,0,0,0,0,16,0,0,4,6,2,2,0,3,4,17,26,0,0,0,0,0,0,0,0,7,1,1,0,0,0,0,1,2,0,0,KRBKRNvK,DRAW,8/8/1B4R1/8/8/6K1/8/n1kr4 b - - 0 1
1,1,0,0,0,0,0,1,-1,1,0,1,1,1,0,0,0,0,0,16,0,0,6,1,6,1,0,4,5,22,20,0,0,0,0,0,0,0,0,7,1,1,0,1,0,0,0,1,0,0,KRBKRNvK,DRAW,7R/1K6/8/1B6/6n1/8/1r6/1k6 w - - 0 1
1,1,0,0,0,0,0,1,-1,1,0,1,1,1,0,0,0,0,0,16,0,0,2,5,6,3,7,3,3,5,0,1,0,0,0,0,0,0,0,7,1,1,0,0,0,0,0,2,1,0,KRBKRNvK,DRAW,3k4/5K2/2R5/8/5r2/8/8/3nB3 w - - 0 1
1,1,0,0,0,0,0,1,-1,1,0,1,1,1,0,0,0,0,0,16,0,0,3,1,1,0,4,4,3,7,0,1,0,0,0,0,0,0,0,7,1,1,0,1,0,0,0,1,0,0,KRBKRNvK,DRAW,8/8/6R1/k5n1/8/8/1K3r2/5B2 w - - 0 1
1,1,0,0,0,0,0,1,-1,1,0,1,1,1,0,0,0,0,0,16,0,0,6,1,7,7,7,5,6,26,21,0,0,0,0,0,0,0,0,7,1,1,0,1,0,0,2,0,0,0,KRBKRNvK,DRAW,1K5k/8/1B6/3R4/n7/8/2r5/8 w - - 0 1
1,1,0,0,0,0,0,1,-1,1,0,1,1,1,0,0,0,0,0,16,0,0,2,3,5,5,5,1,2,26,24,0,0,0,0,0,0,0,0,7,1,1,0,0,0,0,2,2,1,0,KRBKRNvK,DRAW,6B1/8/3K1k2/8/8/4r3/3n4/2R5 w - - 0 1
0,1,0,0,0,0,0,1,-1,1,0,1,1,1,0,0,0,0,0,16,0,0,5,7,5,4,0,4,3,3,0,1,0,0,0,0,0,0,0,7,1,1,0,0,0,0,0,2,1,0,KRBKRNvK,DRAW,8/4r3/7K/8/B7/8/3n4/4k1R1 b - - 0 1
0,1,0,0,0,0,0,1,-1,1,0,1,1,1,0,0,0,0,0,16,0,0,3,7,2,7,5,4,4,26,22,0,0,0,0,0,0,0,0,7,1,1,0,0,0,0,3,3,0,0,KRBKRNvK,DRAW,8/8/7k/8/r7/3nRB1K/8/8 b - - 0 1
0,1,0,0,0,0,0,1,-1,1,0,1,1,1,0,0,0,0,0,16,0,0,5,5,0,1,5,4,3,22,23,0,0,0,0,0,0,0,0,7,1,1,0,0,0,0,3,2,1,0,KRBKRNvK,DRAW,8/3n4/1k6/3r4/R7/8/6B1/5K2 b - - 0 1
1,1,0,0,0,0,0,1,-1,1,0,1,1,1,0,0,0,0,0,16,0,0,4,5,7,1,4,4,2,23,24,0,0,0,0,0,0,0,0,7,1,1,0,0,0,0,0,1,0,0,KRBKRNvK,DRAW,5K2/2r5/1n6/1k6/8/8/R7/3B4 w - - 0 1
0,1,0,0,0,0,0,1,-1,1,0,1,1,1,0,0,0,0,0,16,0,0,4,1,0,4,4,5,0,25,26,0,0,0,0,0,0,0,0,7,1,1,0,0,0,0,2,3,0,0,KRBKRNvK,DRAW,6R1/8/8/4k3/3r4/6n1/6B1/1K6 b - - 0 1
1,1,0,0,0,0,0,1,-1,1,0,1,1,1,0,0,0,0,0,16,0,0,4,4,5,0,1,1,5,7,0,1,0,0,0,0,0,0,0,7,1,1,0,0,0,0,2,1,1,0,KRBKRNvK,DRAW,8/4B3/1r2K3/8/8/2R5/k4n2/8 w - - 0 1
0,1,0,0,0,0,0,1,-1,1,0,1,1,1,0,0,0,0,0,16,0,0,6,6,7,0,2,5,4,4,0,1,0,0,0,0,0,0,0,7,1,1,0,0,0,0,2,2,1,0,KRBKRNvK,DRAW,6K1/6B1/3r4/8/8/k1R5/8/4n3 b - - 0 1
0,1,0,0,0,0,0,1,-1,1,0,1,1,1,0,0,0,0,0,16,0,0,3,3,5,6,7,1,5,24,23,0,0,0,0,0,0,0,0,7,1,1,0,1,0,0,4,1,0,0,KRBKRNvK,DRAW,6k1/8/3K4/2B5/2R3n1/8/7r/8 b - - 0 1
0,1,0,0,0,0,0,1,-1,1,0,1,1,1,0,0,0,0,0,16,0,0,6,3,1,1,7,2,5,23,19,0,0,0,0,0,0,0,0,7,1,1,0,0,0,0,0,1,0,0,KRBKRNvK,DRAW,1k6/8/2r1n3/8/B7/R7/3K4/8 b - - 0 1
0,1,0,0,0,0,0,1,-1,1,0,1,1,1,0,0,0,0,0,16,0,0,2,3,4,1,2,0,3,6,0,1,0,0,0,0,0,0,0,7,1,1,0,0,0,0,4,2,1,2,KRBKRNvK,DRAW,8/1n6/8/3K4/2B5/1k2r3/8/6R1 b - - 0 1
0,1,0,0,0,0,0,1,-1,1,0,1,1,1,0,0,0,0,0,16,0,0,3,3,3,5,6,0,3,20,28,0,0,0,0,0,0,0,0,7,1,1,0,0,0,0,3,0,0,0,KRBKRNvK,DRAW,8/r4k2/8/8/3K3n/4R3/8/5B2 b - - 0 1
1,1,0,0,0,0,0,1,-1,1,0,1,1,1,0,0,0,0,0,16,0,0,2,5,7,7,7,4,6,16,19,0,0,0,0,0,0,0,0,7,1,1,0,1,0,0,0,0,0,0,KRBKRNvK,DRAW,3R1K1k/1n1B4/8/8/8/8/r7/8 w - - 0 1
0,1,0,0,0,0,0,1,-1,1,0,1,1,1,0,0,0,0,0,16,0,0,3,1,4,1,1,2,4,25,21,0,0,0,0,0,0,0,0,7,1,1,0,0,0,0,2,2,1,0,KRBKRNvK,DRAW,8/8/4n3/1K6/5r2/4R3/1k1B4/8 b - - 0 1
0,1,0,0,0,0,0,1,-1,1,0,1,1,1,0,0,0,0,0,16,0,0,3,3,3,0,4,0,3,23,22,0,0,0,0,0,0,0,0,7,1,1,0,0,0,0,4,0,0,0,KRBKRNvK,DRAW,1r6/8/8/k7/3K3n/3R3B/8/8 b - - 0 1
0,1,0,0,0,0,0,1,-1,1,0,1,1,1,0,0,0,0,0,16,0,0,2,0,4,2,5,3,2,23,26,0,0,0,0,0,0,0,0,7,1,1,0,0,0,0,3,2,0,1,KRBKRNvK,DRAW,8/5B2/2k5/K7/n6R/3r4/8/8 b - - 0 1
1,1,0,0,0,0,0,1,-1,1,0,1,1,1,0,0,0,0,0,16,0,0,5,5,0,0,4,4,3,2,0,1,0,0,0,0,0,0,0,7,1,1,0,0,0,0,2,3,1,1,KRBKRNvK,DRAW,8/8/2B5/k7/6n1/8/1R6/3r1K2 w - - 0 1
0,1,0,0,0,0,0,1,-1,1,0,1,1,1,0,0,0,0,0,16,0,0,5,1,0,6,1,5,4,24,25,0,0,0,0,0,0,0,0,7,1,1,1,0,0,0,0,2,1,1,KRBKRNvK,DRAW,8/2R5/3r4/8/7B/8/6k1/1Kn5 b - - 0 1
0,1,0,0,0,0,0,1,-1,1,0,1,1,1,0,0,0,0,0,16,0,0,7,6,0,3,7,5,3,23,20,0,0,0,0,0,0,0,0,7,1,1,0,0,0,0,0,2,0,0,KRBKRNvK,DRAW,3k4/8/B7/1r6/6n1/2R5/8/6K1 b - - 0 1
1,1,0,0,0,0,0,1,-1,1,0,1,1,1,0,0,0,0,0,16,0,0,3,3,6,3,3,2,0,23,24,0,0,0,0,0,0,0,0,7,1,1,0,0,0,0,1,3,2,0,KRBKRNvK,DRAW,r7/3K4/2RB4/8/3k4/8/3n4/8 w - - 0 1
1,1,0,0,0,0,0,1,-1,1,0,1,1,1,0,0,0,0,0,16,0,0,7,0,7,7,0,6,6,22,18,0,0,0,0,0,0,0,0,7,1,1,0,1,0,0,1,0,0,0,KRBKRNvK,DRAW,KB5n/8/8/8/8/2R5/1r6/7k w - - 0 1
0,1,0,0,0,0,0,1,-1,1,0,1,1,1,0,0,0,0,0,16,0,0,3,6,5,3,3,3,0,8,0,1,0,0,0,0,0,0,0,7,1,1,0,0,0,0,2,3,0,1,KRBKRNvK,DRAW,6RB/8/6K1/8/3k2n1/8/8/1r6 b - - 0 1
1,1,0,0,0,0,0,1,-1,1,0,1,1,1,0,0,0,0,0,16,0,0,3,4,0,1,1,3,4,17,8,0,0,0,0,0,0,0,0,7,1,1,0,0,0,0,2,0,1,0,KRBKRNvK,DRAW,n7/8/8/8/8/4R3/1k6/1r1BK3 w - - 0 1
0,1,0,0,0,0,0,1,-1,1,0,1,1,1,0,0,0,0,0,16,0,0,5,2,7,6,2,4,3,23,22,0,0,0,0,0,0,0,0,7,1,1,0,0,0,0,0,2,1,0,KRBKRNvK,DRAW,2K5/7n/8/8/3r4/6k1/1R2B3/8 b - - 0 1
0,1,0,0,0,0,0,1,-1,1,0,1,1,1,0,0,0,0,0,16,0,0,2,2,2,1,4,2,2,5,0,1,0,0,0,0,0,0,0,7,1,1,0,0,0,0,4,2,0,1,KRBKRNvK,LOSS,3r4/8/5B2/1k2R3/8/2K5/1n6/8 b - - 0 1
1,1,0,0,0,0,0,1,-1,1,0,1,1,1,0,0,0,0,0,16,0,0,2,5,5,3,5,2,1,4,0,1,0,0,0,0,0,0,0,7,1,1,0,1,0,0,2,2,1,1,KRBKRNvK,DRAW,8/8/3k1K2/5R2/6n1/8/1r6/4B3 w - - 0 1
0,1,0,0,0,0,0,1,-1,1,0,1,1,1,0,0,0,0,0,16,0,0,6,7,7,4,1,6,2,21,25,0,0,0,0,0,0,0,0,7,1,1,0,1,0,0,1,0,0,1,KRBKRNvK,DRAW,R4n1K/8/8/5B2/8/8/1r2k3/8 b - - 0 1
0,1,0,0,0,0,0,1,-1,1,0,1,1,1,0,0,0,0,0,16,0,0,6,6,0,0,5,5,4,2,0,1,0,0,0,0,0,0,0,7,1,1,0,0,0,0,2,2,1,0,KRBKRNvK,DRAW,2B5/2n5/k7/5R2/8/3r4/8/6K1 b - - 0 1
1,1,0,0,0,0,0,1,-1,1,0,1,1,1,0,0,0,0,0,16,0,0,3,5,4,6,7,1,5,7,0,1,0,0,0,0,0,0,0,7,1,1,0,0,0,0,2,0,0,1,KRBKRNvK,DRAW,6k1/1r4n1/8/5K2/8/2R5/8/4B3 w - - 0 1
0,1,0,0,0,0,0,1,-1,1,0,1,1,1,0,0,0,0,0,16,0,0,2,2,5,4,5,2,1,4,0,1,0,0,0,0,0,0,0,7,1,1,0,1,0,0,3,3,1,0,KRBKRNvK,LOSS,8/8/2K1k3/3B4/8/8/4n1r1/3R4 b - - 0 1
1,1,0,0,0,0,0,1,-1,1,0,1,1,1,0,0,0,0,0,16,0,0,4,0,3,3,7,3,3,4,0,1,0,0,0,0,0,0,0,7,1,1,0,0,0,0,2,2,0,1,KRBKRNvK,DRAW,3kr3/8/8/2n5/K7/2B5/7R/8 w - - 0 1
0,1,0,0,0,0,0,1,-1,1,0,1,1,1,0,0,0,0,0,16,0,0,2,4,4,4,6,0,2,23,21,0,0,0,0,0,0,0,0,7,1,1,0,0,0,0,4,0,1,1,KRBKRNvK,DRAW,8/4k3/6r1/2R1K3/8/8/1nB5/8 b - - 0 1
0,1,0,0,0,0,0,1,-1,1,0,1,1,1,0,0,0,0,0,16,0,0,3,2,5,5,3,2,1,4,0,1,0,0,0,0,0,0,0,7,1,1,0,0,0,0,4,3,0,0,KRBKRNvK,DRAW,1B6/5n2/2K5/7r/1R3k2/8/8/8 b - - 0 1
1,1,0,0,0,0,0,1,-1,1,0,1,1,1,0,0,0,0,0,16,0,0,2,2,1,2,3,3,1,15,20,0,0,0,0,0,0,0,0,7,1,1,0,0,0,0,0,2,2,0,KRBKRNvK,DRAW,8/3r4/n7/8/2k5/B7/1RK5/8 w - - 0 1
0,1,0,0,0,0,0,1,-1,1,0,1,1,1,0,0,0,0,0,16,0,0,3,3,2,6,4,1,2,22,22,0,0,0,0,0,0,0,0,7,1,1,1,1,0,0,3,0,1,0,KRBKRNvK,DRAW,8/4R3/7n/6k1/8/3K4/7r/5B2 b - - 0 1
1,1,0,0,0,0,0,1,-1,1,0,1,1,1,0,0,0,0,0,16,0,0,4,3,5,6,1,1,4,30,22,0,0,0,0,0,0,0,0,7,1,1,1,0,0,0,2,0,0,0,KRBKRNvK,DRAW,8/2R5/3K4/8/8/1B6/6k1/r4n2 w - - 0 1
1,1,0,0,0,0,0,1,-1,1,0,1,1,1,0,0,0,0,0,16,0,0,4,0,3,4,7,3,3,4,0,1,0,0,0,0,0,0,0,7,1,1,0,1,0,0,1,0,0,1,KRBKRNvK,DRAW,4k3/7n/8/8/K7/5R2/r1B5/8 w - - 0 1
0,1,0,0,0,0,0,1,-1,1,0,1,1,1,0,0,0,0,0,16,0,0,4,2,7,6,5,4,3,26,25,0,0,0,0,0,0,0,0,7,1,1,0,0,0,0,1,2,0,1,KRBKRNvK,DRAW,2Kn4/8/6k1/4r3/8/8/R7/6B1 b - - 0 1
0,1,0,0,0,0,0,1,-1,1,0,1,1,1,0,0,0,0,0,16,0,0,6,6,4,0,4,2,3,27,31,0,0,0,0,0,0,0,0,7,1,1,0,0,0,0,1,2,0,0,KRBKRNvK,DRAW,8/1r6/8/k3B1K1/8/2n4R/8/8 b - - 0 1
1,1,0,0,0,0,0,1,-1,1,0,1,1,1,0,0,0,0,0,16,0,0,2,1,5,2,3,3,1,5,0,1,0,0,0,0,0,0,0,7,1,1,0,0,0,0,2,3,1,1,KRBKRNvK,DRAW,8/8/1K1r4/4R3/2k3n1/8/6B1/8 w - - 0 1
1,1,0,0,0,0,0,1,-1,1,0,1,1,1,0,0,0,0,0,16,0,0,2,3,6,3,4,2,0,5,0,1,0,0,0,0,0,0,0,7,1,1,0,0,0,0,0,3,0,2,KRBKRNvK,DRAW,6R1/3K4/1r6/3kn3/B7/8/8/8 w - - 0 1
0,1,0,0,0,0,0,1,-1,1,0,1,1,1,0,0,0,0,0,16,0,0,3,3,4,6,5,0,3,26,20,0,0,0,0,0,0,0,0,7,1,1,0,1,0,0,4,2,0,1,KRBKRNvK,DRAW,8/3B1n2/6k1/1R1K4/8/8/4r3/8 b - - 0 1
0,1,0,0,0,0,0,1,-1,1,0,1,1,1,0,0,0,0,0,16,0,0,5,7,2,3,7,4,3,19,23,0,0,0,0,0,0,0,0,7,1,1,0,1,0,0,1,1,0,2,KRBKRNvK,DRAW,3k4/8/8/8/8/R2B2nK/6r1/8 b - - 0 1
0,1,0,0,0,0,0,1,-1,1,0,1,1,1,0,0,0,0,0,16,0,0,4,2,0,6,2,4,3,6,0,1,0,0,0,0,0,0,0,7,1,1,0,0,0,0,2,3,1,0,KRBKRNvK,DRAW,4r3/8/8/5n2/8/6k1/1B6/2K3R1 b - - 0 1
1,1,0,0,0,0,0,1,-1,1,0,1,1,1,0,0,0,0,0,16,0,0,4,6,5,6,1,3,4,6,0,1,0,0,0,0,0,0,0,7,1,1,0,0,0,0,2,3,0,1,KRBKRNvK,DRAW,8/4n3/6KR/8/r7/8/1B4k1/8 w - - 0 1
0,1,0,0,0,0,0,1,-1,1,0,1,1,1,0,0,0,0,0,16,0,0,6,7,0,2,6,6,3,26,20,0,0,0,0,0,0,0,0,7,1,1,0,0,0,0,2,0,0,0,KRBKRNvK,DRAW,r7/2k5/8/8/8/8/8/2BnR2K b - - 0 1
1,1,0,0,0,0,0,1,-1,1,0,1,1,1,0,0,0,0,0,16,0,0,5,5,6,0,6,3,5,5,0,1,0,0,0,0,0,0,0,7,1,1,0,0,0,0,2,1,1,2,KRBKRNvK,DRAW,8/k4K2/8/2R1nr2/8/B7/8/8 w - - 0 1
0,1,0,0,0,0,0,1,-1,1,0,1,1,1,0,0,0,0,0,16,0,0,2,3,6,3,4,2,0,21,21,0,0,0,0,0,0,0,0,7,1,1,0,0,0,0,0,3,0,0,KRBKRNvK,DRAW,n7/3K4/6R1/3k3B/8/2r5/8/8 b - - 0 1
1,1,0,0,0,0,0,1,-1,1,0,1,1,1,0,0,0,0,0,16,0,0,3,2,5,5,2,2,2,25,25,0,0,0,0,0,0,0,0,7,1,1,1,0,0,0,2,3,0,0,KRBKRNvK,DRAW,8/3R4/2K5/6r1/8/B4k2/8/1n6 w - - 0 1
0,1,0,0,0,0,0,1,-1,1,0,1,1,1,0,0,0,0,0,16,0,0,2,3,5,1,3,1,2,23,21,0,0,0,0,0,0,0,0,7,1,1,0,1,0,0,3,0,0,0,KRBKRNvK,DRAW,3R3B/7n/3K4/8/1k6/8/r7/8 b - - 0 1
0,1,0,0,0,0,0,1,-1,1,0,1,1,1,0,0,0,0,0,16,0,0,5,5,2,6,7,2,5,2,0,1,0,0,0,0,0,0,0,7,1,1,0,1,0,0,2,2,0,1,KRBKRNvK,LOSS,R5k1/8/8/8/8/n4K2/B3r3/8 b - - 0 1
0,1,0,0,0,0,0,1,-1,1,0,1,1,1,0,0,0,0,0,16,0,0,2,2,4,4,2,1,1,27,24,0,0,0,0,0,0,0,0,7,1,1,1,0,0,0,2,2,0,1,KRBKRNvK,DRAW,5r2/3B2R1/8/1nK5/8/4k3/8/8 b - - 0 1
0,1,0,0,0,0,0,1,-1,1,0,1,1,1,0,0,0,0,0,16,0,0,6,7,0,5,6,6,3,25,24,0,0,0,0,0,0,0,0,7,1,1,0,0,0,0,1,2,0,0,KRBKRNvK,DRAW,8/5k2/1R6/8/r7/8/3n1B2/7K b - - 0 1
0,1,0,0,0,0,0,1,-1,1,0,1,1,1,0,0,0,0,0,16,0,0,4,1,3,1,7,2,5,22,29,0,0,0,0,0,0,0,0,7,1,1,0,0,0,0,2,2,1,0,KRBKRNvK,DRAW,1k6/3n4/R7/8/1K6/2B5/8/4r3 b - - 0 1
0,1,0,0,0,0,0,1,-1,1,0,1,1,1,0,0,0,0,0,16,0,0,6,7,5,1,3,4,2,23,26,0,0,0,0,0,0,0,0,7,1,1,1,0,0,0,2,0,0,0,KRBKRNvK,DRAW,8/6R1/5B1K/8/1k6/r6n/8/8 b - - 0 1
1,1,0,0,0,0,0,1,-1,1,0,1,1,1,0,0,0,0,0,16,0,0,6,7,0,1,5,6,3,23,22,0,0,0,0,0,0,0,0,7,1,1,0,0,0,0,2,2,1,0,KRBKRNvK,DRAW,8/8/Bk6/7R/3rn3/8/8/7K w - - 0 1
0,1,0,0,0,0,0,1,-1,1,0,1,1,1,0,0,0,0,0,16,0,0,5,7,3,2,7,3,4,17,24,0,0,0,0,0,0,0,0,7,1,1,0,0,0,0,2,2,0,0,KRBKRNvK,DRAW,2k1r3/8/8/B5R1/7K/8/8/1n6 b - - 0 1
0,1,0,0,0,0,0,1,-1,1,0,1,1,1,0,0,0,0,0,16,0,0,5,5,1,2,6,3,3,23,24,0,0,0,0,0,0,0,0,7,1,1,0,0,0,0,2,1,0,1,KRBKRNvK,DRAW,8/1rk5/8/5R2/5n2/8/5K2/3B4 b - - 0 1
1,1,0,0,0,0,0,1,-1,1,0,1,1,1,0,0,0,0,0,16,0,0,2,2,0,4,1,4,2,25,13,0,0,0,0,0,0,0,0,7,1,1,0,1,0,0,2,0,1,0,KRBKRNvK,DRAW,8/8/2B5/8/8/8/4kr1n/2K3R1 w - - 0 1
1,1,0,0,0,0,0,1,-1,1,0,1,1,1,0,0,0,0,0,16,0,0,2,2,6,3,4,3,0,30,25,0,0,0,0,0,0,0,0,7,1,1,0,1,0,0,1,3,1,0,KRBKRNvK,DRAW,8/2K5/6n1/2Bk4/8/R7/7r/8 w - - 0 1
0,1,0,0,0,0,0,1,-1,1,0,1,1,1,0,0,0,0,0,16,0,0,2,5,7,6,5,4,3,26,22,0,0,0,0,0,0,0,0,7,1,1,0,0,0,0,2,0,1,0,KRBKRNvK,DRAW,5K2/6B1/6k1/8/3n4/r7/1R6/8 b - - 0 1
0,1,0,0,0,0,0,1,-1,1,0,1,1,1,0,0,0,0,0,16,0,0,7,7,7,0,6,6,5,20,22,0,0,0,0,0,0,0,0,7,1,1,0,0,0,0,2,0,0,1,KRBKRNvK,DRAW,5n1K/k7/r7/8/8/8/1B3R2/8 b - - 0 1
1,1,0,0,0,0,0,1,-1,1,0,1,1,1,0,0,0,0,0,16,0,0,6,3,7,1,1,3,4,4,0,1,0,0,0,0,0,0,0,7,1,1,0,0,0,0,3,2,1,1,KRBKRNvK,DRAW,1r1K4/8/8/8/2R5/2n5/1k4B1/8 w - - 0 1
1,1,0,0,0,0,0,1,-1,1,0,1,1,1,0,0,0,0,0,16,0,0,4,4,6,0,2,2,4,25,20,0,0,0,0,0,0,0,0,7,1,1,0,0,0,0,0,0,0,1,KRBKRNvK,DRAW,8/4K3/8/4n3/7B/k6r/6R1/8 w - - 0 1
0,1,0,0,0,0,0,1,-1,1,0,1,1,1,0,0,0,0,0,16,0,0,6,6,6,7,0,4,6,21,30,0,0,0,0,0,0,0,0,7,1,1,0,0,0,0,0,1,0,0,KRBKRNvK,DRAW,8/6K1/5R2/8/1B6/1n6/8/r6k b - - 0 1
1,1,0,0,0,0,0,1,-1,1,0,1,1,1,0,0,0,0,0,16,0,0,5,5,2,4,7,2,3,27,24,0,0,0,0,0,0,0,0,7,1,1,0,1,0,0,3,1,0,1,KRBKRNvK,DRAW,4k3/8/8/2R2B2/8/1n3K2/7r/8 w - - 0 1
0,1,0,0,0,0,0,1,-1,1,0,1,1,1,0,0,0,0,0,16,0,0,2,1,7,3,7,5,3,18,21,0,0,0,0,0,0,0,0,7,1,1,0,0,0,0,2,0,1,0,KRBKRNvK,DRAW,1K1k4/7n/4R3/8/8/7B/8/5r2 b - - 0 1
0,1,0,0,0,0,0,1,-1,1,0,1,1,1,0,0,0,0,0,16,0,0,5,1,1,5,6,4,3,5,0,1,0,0,0,0,0,0,0,7,1,1,0,0,0,0,3,2,0,0,KRBKRNvK,DRAW,4r2n/5k2/8/8/8/1B2R3/1K6/8 b - - 0 1
0,1,0,0,0,0,0,1,-1,1,0,1,1,1,0,0,0,0,0,16,0,0,3,1,6,1,3,4,2,7,0,1,0,0,0,0,0,0,0,7,1,1,0,0,0,0,2,1,0,1,KRBKRNvK,DRAW,2r5/1K6/8/6B1/1k2R3/1n6/8/8 b - - 0 1
1,1,0,0,0,0,0,1,-1,1,0,1,1,1,0,0,0,0,0,16,0,0,7,2,0,0,7,4,6,24,20,0,0,0,0,0,0,0,0,7,1,1,0,0,0,0,3,2,0,0,KRBKRNvK,DRAW,k5n1/3r4/8/8/8/8/4R3/B1K5 w - - 0 1
0,1,0,0,0,0,0,1,-1,1,0,1,1,1,0,0,0,0,0,16,0,0,4,0,7,4,3,6,0,4,0,1,0,0,0,0,0,0,0,7,1,1,0,0,0,0,2,3,1,0,KRBKRNvK,DRAW,K6n/8/5rB1/8/R3k3/8/8/8 b - - 0 1
0,1,0,0,0,0,0,1,-1,1,0,1,1,1,0,0,0,0,0,16,0,0,5,6,1,1,1,4,4,24,19,0,0,0,0,0,0,0,0,7,1,1,0,0,0,0,0,2,2,1,KRBKRNvK,DRAW,8/8/8/8/RB6/8/1k1n2K1/4r3 b - - 0 1
1,1,0,0,0,0,0,1,-1,1,0,1,1,1,0,0,0,0,0,16,0,0,5,1,2,6,7,3,5,29,23,0,0,0,0,0,0,0,0,7,1,1,0,0,0,0,2,3,0,1,KRBKRNvK,DRAW,2B3k1/8/8/7R/8/1K4n1/8/3r4 w - - 0 1
1,1,0,0,0,0,0,1,-1,1,0,1,1,1,0,0,0,0,0,16,0,0,2,5,5,3,5,2,1,11,20,0,0,0,0,0,0,0,0,7,1,1,1,0,0,0,1,3,1,0,KRBKRNvK,DRAW,6B1/5R2/3k1K2/2r5/8/8/2n5/8 w - - 0 1
1,1,0,0,0,0,0,1,-1,1,0,1,1,1,0,0,0,0,0,16,0,0,3,3,4,2,1,0,3,17,27,0,0,0,0,0,0,0,0,7,1,1,0,0,0,0,4,1,0,1,KRBKRNvK,DRAW,1R6/1B6/8/3K4/8/3n4/2k5/1r6 w - - 0 1
1,1,0,0,0,0,0,1,-1,1,0,1,1,1,0,0,0,0,0,16,0,0,3,3,3,0,4,0,3,7,0,1,0,0,0,0,0,0,0,7,1,1,1,0,0,0,3,2,0,0,KRBKRNvK,DRAW,2B5/4R3/n7/k7/3K3r/8/8/8 w - - 0 1
1,1,0,0,0,0,0,1,-1,1,0,1,1,1,0,0,0,0,0,16,0,0,7,3,7,3,0,3,3,27,20,0,0,0,0,0,0,0,0,7,1,1,1,0,0,0,1,1,0,0,KRBKRNvK,WIN,3K4/5R2/4B1n1/8/8/8/8/1r1k4 w - - 0 1
0,1,0,0,0,0,0,1,-1,1,0,1,1,1,0,0,0,0,0,16,0,0,5,2,5,7,4,2,3,21,27,0,0,0,0,0,0,0,0,7,1,1,1,1,0,0,1,0,0,0,KRBKRNvK,DRAW,8/R7/2K5/1B5k/8/8/6r1/n7 b - - 0 1
0,1,0,0,0,0,0,1,-1,1,0,1,1,1,0,0,0,0,0,16,0,0,7,7,0,7,7,6,6,24,22,0,0,0,0,0,0,0,0,7,1,1,0,0,0,0,2,2,1,0,KRBKRNvK,DRAW,7k/8/3n3B/4r3/8/3R4/8/7K b - - 0 1
0,1,0,0,0,0,0,1,-1,1,0,1,1,1,0,0,0,0,0,16,0,0,3,1,4,2,7,2,4,4,0,1,0,0,0,0,0,0,0,7,1,1,0,0,0,0,2,2,1,1,KRBKRNvK,DRAW,2k5/3r4/B7/1K6/8/3R4/8/1n6 b - - 0 1
1,1,0,0,0,0,0,1,-1,1,0,1,1,1,0,0,0,0,0,16,0,0,6,1,1,7,6,4,5,31,15,0,0,0,0,0,0,0,0,7,1,1,0,0,0,0,2,0,0,0,KRBKRNvK,DRAW,7r/4B2k/8/3R4/8/8/1K6/5n2 w - - 0 1
1,1,0,0,0,0,0,1,-1,1,0,1,1,1,0,0,0,0,0,16,0,0,6,7,6,7,0,5,6,25,14,0,0,0,0,0,0,0,0,7,1,1,1,0,0,0,1,0,0,0,KRBKRNvK,DRAW,1B6/5R1K/8/8/8/8/8/r1n4k w - - 0 1
0,1,0,0,0,0,0,1,-1,1,0,1,1,1,0,0,0,0,0,16,0,0,7,0,4,7,0,3,6,2,0,1,0,0,0,0,0,0,0,7,1,1,0,0,0,0,3,0,1,1,KRBKRNvK,LOSS,8/2r5/8/K7/2R5/5B2/8/2n4k b - - 0 1
0,1,0,0,0,0,0,1,-1,1,0,1,1,1,0,0,0,0,0,16,0,0,5,7,5,7,0,4,6,21,19,0,0,0,0,0,0,0,0,7,1,1,0,0,0,0,1,2,0,1,KRBKRNvK,DRAW,7R/5B2/7K/8/6r1/8/8/5n1k b - - 0 1
0,1,0,0,0,0,0,1,-1,1,0,1,1,1,0,0,0,0,0,16,0,0,3,2,1,2,4,3,1,6,0,1,0,0,0,0,0,0,0,7,1,1,0,0,0,0,0,4,1,0,KRBKRNvK,DRAW,4B3/8/6n1/2k5/5r2/2R5/2K5/8 b - - 0 1
0,1,0,0,0,0,0,1,-1,1,0,1,1,1,0,0,0,0,0,16,0,0,2,0,1,1,3,5,2,25,23,0,0,0,0,0,0,0,0,7,1,1,1,0,0,0,1,2,0,0,KRBKRNvK,DRAW,8/B1R5/5n2/4r3/1k6/8/K7/8 b - - 0 1
1,1,0,0,0,0,0,1,-1,1,0,1,1,1,0,0,0,0,0,16,0,0,2,1,1,0,3,4,3,27,23,0,0,0,0,0,0,0,0,7,1,1,0,0,0,0,3,3,0,0,KRBKRNvK,DRAW,8/3r4/5B2/6R1/k7/5n2/1K6/8 w - - 0 1
1,1,0,0,0,0,0,1,-1,1,0,1,1,1,0,0,0,0,0,16,0,0,4,2,3,6,7,1,5,8,0,1,0,0,0,0,0,0,0,7,1,1,0,0,0,0,2,2,1,0,KRBKRNvK,DRAW,6k1/8/5R2/8/2K3r1/7n/8/2B5 w - - 0 1
1,1,0,0,0,0,0,1,-1,1,0,1,1,1,0,0,0,0,0,16,0,0,3,3,6,0,6,2,5,5,0,1,0,0,0,0,0,0,0,7,1,1,0,0,0,0,0,2,0,1,KRBKRNvK,DRAW,7R/k2K4/8/4n3/3r4/7B/8/8 w - - 0 1
0,1,0,0,0,0,0,1,-1,1,0,1,1,1,0,0,0,0,0,16,0,0,6,2,1,7,7,3,6,21,33,0,0,0,0,0,0,0,0,7,1,1,1,0,0,0,2,2,0,0,KRBKRNvK,DRAW,7k/R7/1nB5/5r2/8/8/2K5/8 b - - 0 1
1,1,0,0,0,0,0,1,-1,1,0,1,1,1,0,0,0,0,0,16,0,0,3,6,2,3,5,3,1,28,23,0,0,0,0,0,0,0,0,7,1,1,0,0,0,0,2,2,0,0,KRBKRNvK,WIN,5r1n/8/3k4/8/R7/6K1/3B4/8 w - - 0 1
1,1,0,0,0,0,0,1,-1,1,0,1,1,1,0,0,0,0,0,16,0,0,4,2,4,2,0,1,4,7,0,1,0,0,0,0,0,0,0,7,1,1,0,1,0,0,4,0,1,0,KRBKRNvK,DRAW,1n2R3/8/8/2K5/8/8/B1r5/2k5 w - - 0 1
1,1,0,0,0,0,0,1,-1,1,0,1,1,1,0,0,0,0,0,16,0,0,7,0,5,7,6,4,5,6,0,1,0,0,0,0,0,0,0,7,1,1,0,0,0,0,2,1,0,0,KRBKRNvK,DRAW,1B2R3/7k/K4r2/5n2/8/8/8/8 w - - 0 1
0,1,0,0,0,0,0,1,-1,1,0,1,1,1,0,0,0,0,0,16,0,0,2,4,4,3,6,0,2,22,23,0,0,0,0,0,0,0,0,7,1,1,0,0,0,0,4,1,0,0,KRBKRNvK,DRAW,8/3k3r/8/4K3/8/R7/1B1n4/8 b - - 0 1
1,1,0,0,0,0,0,1,-1,1,0,1,1,1,0,0,0,0,0,16,0,0,3,3,3,6,3,0,2,4,0,1,0,0,0,0,0,0,0,7,1,1,0,0,0,0,4,3,0,2,KRBKRNvK,DRAW,8/8/2n5/1r6/3K2k1/3R4/8/5B2 w - - 0 1
1,1,0,0,0,0,0,1,-1,1,0,1,1,1,0,0,0,0,0,16,0,0,2,6,4,4,5,2,1,29,19,0,0,0,0,0,0,0,0,7,1,1,0,0,0,0,3,3,0,0,KRBKRNvK,DRAW,8/8/1n2k3/6K1/8/3R4/1B6/4r3 w - - 0 1
0,1,0,0,0,0,0,1,-1,1,0,1,1,1,0,0,0,0,0,16,0,0,7,0,0,7,3,6,3,4,0,1,0,0,0,0,0,0,0,7,1,1,0,0,0,0,1,1,2,0,KRBKRNvK,DRAW,8/3r4/8/3n4/7k/6B1/6R1/K7 b - - 0 1
0,1,0,0,0,0,0,1,-1,1,0,1,1,1,0,0,0,0,0,16,0,0,4,4,4,0,7,0,6,2,0,1,0,0,0,0,0,0,0,7,1,1,0,0,0,0,3,0,0,1,KRBKRNvK,DRAW,k2R4/8/8/4K3/8/B5r1/8/4n3 b - - 0 1
0,1,0,0,0,0,0,1,-1,1,0,1,1,1,0,0,0,0,0,16,0,0,6,7,1,1,0,5,5,27,24,0,0,0,0,0,0,0,0,7,1,1,0,0,0,0,2,2,1,0,KRBKRNvK,DRAW,2r5/8/5n2/8/8/3R4/7K/1k4B1 b - - 0 1
1,1,0,0,0,0,0,1,-1,1,0,1,1,1,0,0,0,0,0,16,0,0,3,5,4,4,1,1,2,31,23,0,0,0,0,0,0,0,0,7,1,1,0,0,0,0,4,1,2,0,KRBKRNvK,DRAW,8/8/8/5K2/1n6/2r5/4kB2/3R4 w - - 0 1
0,1,0,0,0,0,0,1,-1,1,0,1,1,1,0,0,0,0,0,16,0,0,5,3,0,7,5,3,4,18,20,0,0,0,0,0,0,0,0,7,1,1,0,0,0,0,2,2,1,0,KRBKRNvK,DRAW,7B/1n6/7k/7r/8/8/8/R2K4 b - - 0 1
1,1,0,0,0,0,0,1,-1,1,0,1,1,1,0,0,0,0,0,16,0,0,6,2,0,2,6,4,3,3,0,1,0,0,0,0,0,0,0,7,1,1,0,0,0,0,3,2,1,1,KRBKRNvK,DRAW,4n3/2k5/8/R7/8/8/8/2K1r1B1 w - - 0 1
0,1,0,0,0,0,0,1,-1,1,0,1,1,1,0,0,0,0,0,16,0,0,5,5,3,0,4,1,3,5,0,1,0,0,0,0,0,0,0,7,1,1,0,1,0,0,3,1,0,0,KRBKRNvK,DRAW,6B1/4n3/8/k3R3/5K2/8/r7/8 b - - 0 1
1,1,0,0,0,0,0,1,-1,1,0,1,1,1,0,0,0,0,0,16,0,0,4,5,0,3,4,4,0,6,0,1,0,0,0,0,0,0,0,7,1,1,0,0,0,0,2,3,1,0,KRBKRNvK,DRAW,8/8/8/3k4/2n1R3/8/3B4/1r3K2 w - - 0 1
0,1,0,0,0,0,0,1,-1,1,0,1,1,1,0,0,0,0,0,16,0,0,6,5,1,6,7,3,5,22,22,0,0,0,0,0,0,0,0,7,1,1,1,0,0,0,0,2,0,0,KRBKRNvK,DRAW,1r4k1/R7/8/8/8/2n5/5K2/B7 b - - 0 1
0,1,0,0,0,0,0,1,-1,1,0,1,1,1,0,0,0,0,0,16,0,0,2,2,5,2,3,2,1,6,0,1,0,0,0,0,0,0,0,7,1,1,0,1,0,0,2,4,0,0,KRBKRNvK,DRAW,8/8/2K5/8/2k5/8/4r2B/2R1n3 b - - 0 1
0,1,0,0,0,0,0,1,-1,1,0,1,1,1,0,0,0,0,0,16,0,0,6,1,0,4,6,5,2,6,0,1,0,0,0,0,0,0,0,7,1,1,0,0,0,0,2,2,0,0,KRBKRNvK,DRAW,8/4k3/4r3/8/R6B/6n1/8/1K6 b - - 0 1
0,1,0,0,0,0,0,1,-1,1,0,1,1,1,0,0,0,0,0,16,0,0,5,4,6,7,1,2,5,20,28,0,0,0,0,0,0,0,0,7,1,1,0,0,0,0,1,2,0,0,KRBKRNvK,DRAW,8/4K3/6B1/8/3r4/8/6nk/2R5 b - - 0 1
0,1,0,0,0,0,0,1,-1,1,0,1,1,1,0,0,0,0,0,16,0,0,3,2,4,5,3,1,1,22,29,0,0,0,0,0,0,0,0,7,1,1,1,1,0,0,3,4,0,0,KRBKRNvK,DRAW,8/1R6/8/2K5/5k2/2B5/3r2n1/8 b - - 0 1
0,1,0,0,0,0,0,1,-1,1,0,1,1,1,0,0,0,0,0,16,0,0,4,5,6,6,2,3,3,24,27,0,0,0,0,0,0,0,0,7,1,1,0,0,0,0,2,3,1,1,KRBKRNvK,DRAW,4r3/5K2/8/7R/1B6/4n1k1/8/8 b - - 0 1
0,1,0,0,0,0,0,1,-1,1,0,1,1,1,0,0,0,0,0,16,0,0,5,2,6,7,7,3,6,3,0,1,0,0,0,0,0,0,0,7,1,1,0,0,0,0,1,2,1,1,KRBKRNvK,DRAW,7k/2K5/6B1/4n3/3r4/8/8/7R b - - 0 1
1,1,0,0,0,0,0,1,-1,1,0,1,1,1,0,0,0,0,0,16,0,0,3,1,3,4,5,2,1,3,0,1,0,0,0,0,0,0,0,7,1,1,0,0,0,0,2,3,1,2,KRBKRNvK,DRAW,8/8/4kB2/8/1K6/r7/2n5/6R1 w - - 0 1
1,1,0,0,0,0,0,1,-1,1,0,1,1,1,0,0,0,0,0,16,0,0,4,6,4,2,0,2,4,5,0,1,0,0,0,0,0,0,0,7,1,1,0,0,0,0,2,1,1,1,KRBKRNvK,DRAW,8/5n2/1r6/6K1/4B3/3R4/8/2k5 w - - 0 1
0,1,0,0,0,0,0,1,-1,1,0,1,1,1,0,0,0,0,0,16,0,0,5,7,4,2,6,3,3,8,0,1,0,0,0,0,0,0,0,7,1,1,0,0,0,0,1,0,0,1,KRBKRNvK,DRAW,8/2k5/5r2/7K/8/6B1/R7/4n3 b - - 0 1
0,1,0,0,0,0,0,1,-1,1,0,1,1,1,0,0,0,0,0,16,0,0,3,6,0,3,2,5,1,14,26,0,0,0,0,0,0,0,0,7,1,1,0,0,0,0,0,2,0,0,KRBKRNvK,DRAW,n7/8/2R5/7B/8/r2k4/8/6K1 b - - 0 1
0,1,0,0,0,0,0,1,-1,1,0,1,1,1,0,0,0,0,0,16,0,0,5,7,6,7,1,5,5,25,21,0,0,0,0,0,0,0,0,7,1,1,1,0,0,0,2,3,0,0,KRBKRNvK,DRAW,8/3Rn2K/8/7B/1r6/8/7k/8 b - - 0 1
0,1,0,0,0,0,0,1,-1,1,0,1,1,1,0,0,0,0,0,16,0,0,2,4,3,6,3,0,2,24,27,0,0,0,0,0,0,0,0,7,1,1,0,0,0,0,3,1,0,0,KRBKRNvK,DRAW,7r/3n1B2/8/8/4K1k1/8/8/2R5 b - - 0 1
1,1,0,0,0,0,0,1,-1,1,0,1,1,1,0,0,0,0,0,16,0,0,5,5,0,7,5,4,4,5,0,1,0,0,0,0,0,0,0,7,1,1,0,0,0,0,1,0,0,1,KRBKRNvK,DRAW,1R1n4/8/7k/8/8/5rB1/8/5K2 w - - 0 1
1,1,0,0,0,0,0,1,-1,1,0,1,1,1,0,0,0,0,0,16,0,0,5,2,6,7,5,3,4,22,22,0,0,0,0,0,0,0,0,7,1,1,1,0,0,0,1,0,0,0,KRBKRNvK,DRAW,8/R1K3n1/7k/8/8/5r2/8/6B1 w - - 0 1
0,1,0,0,0,0,0,1,-1,1,0,1,1,1,0,0,0,0,0,16,0,0,2,3,5,4,3,1,0,4,0,1,0,0,0,0,0,0,0,7,1,1,0,0,0,0,3,3,1,1,KRBKRNvK,DRAW,R7/8/3K2B1/8/1n2k3/5r2/8/8 b - - 0 1
0,1,0,0,0,0,0,1,-1,1,0,1,1,1,0,0,0,0,0,16,0,0,6,3,6,5,0,2,4,14,28,0,0,0,0,0,0,0,0,7,1,1,0,1,0,0,1,0,0,0,KRBKRNvK,DRAW,6B1/3K4/6R1/8/8/8/rn6/5k2 b - - 0 1
0,1,0,0,0,0,0,1,-1,1,0,1,1,1,0,0,0,0,0,16,0,0,4,6,7,3,3,5,0,22,26,0,0,0,0,0,0,0,0,7,1,1,1,0,0,0,1,4,0,0,KRBKRNvK,DRAW,6K1/1R6/8/8/2rk4/3n4/7B/8 b - - 0 1
1,1,0,0,0,0,0,1,-1,1,0,1,1,1,0,0,0,0,0,16,0,0,5,3,5,5,0,1,4,27,26,0,0,0,0,0,0,0,0,7,1,1,0,0,0,0,2,0,1,1,KRBKRNvK,DRAW,7R/8/3K4/8/3n4/r7/8/3B1k2 w - - 0 1
0,1,0,0,0,0,0,1,-1,1,0,1,1,1,0,0,0,0,0,16,0,0,3,1,0,4,3,5,0,16,26,0,0,0,0,0,0,0,0,7,1,1,0,0,0,0,2,4,1,0,KRBKRNvK,DRAW,8/3nr3/B7/6R1/4k3/8/8/1K6 b - - 0 1
1,1,0,0,0,0,0,1,-1,1,0,1,1,1,0,0,0,0,0,16,0,0,5,1,4,6,6,2,4,20,27,0,0,0,0,0,0,0,0,7,1,1,0,0,0,0,2,1,0,1,KRBKRNvK,DRAW,5r2/6k1/B7/1K6/2R5/1n6/8/8 w - - 0 1
1,1,0,0,0,0,0,1,-1,1,0,1,1,1,0,0,0,0,0,16,0,0,6,5,6,7,0,3,6,4,0,1,0,0,0,0,0,0,0,7,1,1,0,0,0,0,2,2,0,2,KRBKRNvK,LOSS,8/5K2/2Rr3n/8/8/8/1B6/7k w - - 0 1
0,1,0,0,0,0,0,1,-1,1,0,1,1,1,0,0,0,0,0,16,0,0,6,1,6,7,7,4,6,21,25,0,0,0,0,0,0,0,0,7,1,1,0,1,0,0,2,0,0,0,KRBKRNvK,DRAW,3B3k/1K6/8/8/8/7n/r7/3R4 b - - 0 1
1,1,0,0,0,0,0,1,-1,1,0,1,1,1,0,0,0,0,0,16,0,0,3,3,0,6,1,3,4,19,25,0,0,0,0,0,0,0,0,7,1,1,0,0,0,0,2,2,0,0,KRBKRNvK,DRAW,2BR4/8/8/8/2r1n3/8/6k1/3K4 w - - 0 1
1,1,0,0,0,0,0,1,-1,1,0,1,1,1,0,0,0,0,0,16,0,0,2,6,1,6,3,4,2,3,0,1,0,0,0,0,0,0,0,7,1,1,0,0,0,0,1,1,0,1,KRBKRNvK,DRAW,RB6/8/5r2/8/6k1/4n3/6K1/8 w - - 0 1
0,1,0,0,0,0,0,1,-1,1,0,1,1,1,0,0,0,0,0,16,0,0,3,5,3,2,3,1,1,19,28,0,0,0,0,0,0,0,0,7,1,1,0,0,0,0,4,2,2,0,KRBKRNvK,DRAW,1n4r1/8/3R4/8/2kB1K2/8/8/8 b - - 0 1
0,1,0,0,0,0,0,1,-1,1,0,1,1,1,0,0,0,0,0,16,0,0,4,7,6,5,2,5,2,22,20,0,0,0,0,0,0,0,0,7,1,1,0,0,0,0,2,2,2,1,KRBKRNvK,DRAW,8/4n2K/6r1/8/3R3B/5k2/8/8 b - - 0 1
0,1,0,0,0,0,0,1,-1,1,0,1,1,1,0,0,0,0,0,16,0,0,4,5,4,1,4,1,2,21,28,0,0,0,0,0,0,0,0,7,1,1,0,0,0,0,2,0,0,0,KRBKRNvK,DRAW,5B2/8/6R1/1k3K2/8/2r5/1n6/8 b - - 0 1
0,1,0,0,0,0,0,1,-1,1,0,1,1,1,0,0,0,0,0,16,0,0,4,3,0,1,4,3,2,21,26,0,0,0,0,0,0,0,0,7,1,1,1,0,0,0,2,1,1,0,KRBKRNvK,DRAW,1r6/R7/4n3/1k6/8/8/8/3K3B b - - 0 1
0,1,0,0,0,0,0,1,-1,1,0,1,1,1,0,0,0,0,0,16,0,0,3,7,6,4,6,5,2,6,0,1,0,0,0,0,0,0,0,7,1,1,0,1,0,0,2,1,1,0,KRBKRNvK,DRAW,8/4k2K/8/4R3/8/1n6/1r6/3B4 b - - 0 1
1,1,0,0,0,0,0,1,-1,1,0,1,1,1,0,0,0,0,0,16,0,0,3,1,5,1,2,3,3,27,25,0,0,0,0,0,0,0,0,7,1,1,0,0,0,0,2,2,0,0,KRBKRNvK,DRAW,4n3/8/BK6/7R/5r2/1k6/8/8 w - - 0 1
1,1,0,0,0,0,0,1,-1,1,0,1,1,1,0,0,0,0,0,16,0,0,5,6,5,4,0,3,3,25,16,0,0,0,0,0,0,0,0,7,1,1,0,0,0,0,2,2,0,2,KRBKRNvK,DRAW,8/8/6Kn/1B1R4/7r/8/8/4k3 w - - 0 1
0,1,0,0,0,0,0,1,-1,1,0,1,1,1,0,0,0,0,0,16,0,0,3,4,6,7,7,2,6,1,0,1,0,0,0,0,0,0,0,7,1,1,0,0,0,0,3,1,0,1,KRBKRNvK,LOSS,7k/2n1K3/r7/8/7R/2B5/8/8 b - - 0 1
1,1,0,0,0,0,0,1,-1,1,0,1,1,1,0,0,0,0,0,16,0,0,3,1,0,4,2,5,1,26,25,0,0,0,0,0,0,0,0,7,1,1,1,1,0,0,1,3,1,1,KRBKRNvK,DRAW,8/6R1/8/4n3/8/4k3/2Br4/1K6 w - - 0 1
1,1,0,0,0,0,0,1,-1,1,0,1,1,1,0,0,0,0,0,16,0,0,3,3,1,5,4,2,1,30,19,0,0,0,0,0,0,0,0,7,1,1,0,0,0,0,2,3,0,1,KRBKRNvK,DRAW,6R1/8/2B4n/5k2/2r5/8/3K4/8 w - - 0 1
0,1,0,0,0,0,0,1,-1,1,0,1,1,1,0,0,0,0,0,16,0,0,3,7,5,5,2,4,2,22,23,0,0,0,0,0,0,0,0,7,1,1,0,0,0,0,0,1,0,0,KRBKRNvK,DRAW,4n1R1/8/7K/1B6/8/5k2/8/2r5 b - - 0 1
0,1,0,0,0,0,0,1,-1,1,0,1,1,1,0,0,0,0,0,16,0,0,4,6,5,7,1,3,5,19,26,0,0,0,0,0,0,0,0,7,1,1,0,0,0,0,2,0,0,0,KRBKRNvK,DRAW,8/r7/6K1/4R3/4B3/8/7k/6n1 b - - 0 1
1,1,0,0,0,0,0,1,-1,1,0,1,1,1,0,0,0,0,0,16,0,0,2,4,3,3,1,0,2,17,28,0,0,0,0,0,0,0,0,7,1,1,0,0,0,0,4,1,0,1,KRBKRNvK,DRAW,6R1/r7/6B1/8/4K3/3n4/3k4/8 w - - 0 1
0,1,0,0,0,0,0,1,-1,1,0,1,1,1,0,0,0,0,0,16,0,0,3,4,4,7,1,0,5,4,0,1,0,0,0,0,0,0,0,7,1,1,0,0,0,0,3,2,0,1,KRBKRNvK,DRAW,8/1n6/7R/4K3/6r1/8/7k/1B6 b - - 0 1
0,1,0,0,0,0,0,1,-1,1,0,1,1,1,0,0,0,0,0,16,0,0,5,0,1,1,6,5,4,23,25,0,0,0,0,0,0,0,0,7,1,1,0,0,0,0,2,1,0,1,KRBKRNvK,DRAW,4R3/1k6/8/8/6n1/8/K1B5/1r6 b - - 0 1
0,1,0,0,0,0,0,1,-1,1,0,1,1,1,0,0,0,0,0,16,0,0,2,6,6,4,7,4,3,2,0,1,0,0,0,0,0,0,0,7,1,1,0,0,0,0,0,2,0,0,KRBKRNvK,DRAW,R3k3/6K1/8/3n4/8/4r3/3B4/8 b - - 0 1
0,1,0,0,0,0,0,1,-1,1,0,1,1,1,0,0,0,0,0,16,0,0,3,4,7,4,4,3,0,5,0,1,0,0,0,0,0,0,0,7,1,1,0,0,0,0,2,3,1,0,KRBKRNvK,DRAW,4K3/8/8/4k3/7r/5R2/1B1n4/8 b - - 0 1
0,1,0,0,0,0,0,1,-1,1,0,1,1,1,0,0,0,0,0,16,0,0,4,7,6,6,2,5,3,6,0,1,0,0,0,0,0,0,0,7,1,1,1,0,0,0,0,1,1,1,KRBKRNvK,DRAW,8/6RK/1n3r2/8/8/6k1/4B3/8 b - - 0 1
1,1,0,0,0,0,0,1,-1,1,0,1,1,1,0,0,0,0,0,16,0,0,5,7,4,2,1,3,3,27,19,0,0,0,0,0,0,0,0,7,1,1,0,0,0,0,1,0,0,0,KRBKRNvK,DRAW,1R6/2r2B2/8/n6K/8/8/2k5/8 w - - 0 1
1,1,0,0,0,0,0,1,-1,1,0,1,1,1,0,0,0,0,0,16,0,0,4,2,6,4,2,3,1,26,19,0,0,0,0,0,0,0,0,7,1,1,0,0,0,0,2,2,1,0,KRBKRNvK,DRAW,8/2K5/8/R7/8/1r2k1B1/8/3n4 w - - 0 1
1,1,0,0,0,0,0,1,-1,1,0,1,1,1,0,0,0,0,0,16,0,0,4,5,5,5,1,2,3,25,27,0,0,0,0,0,0,0,0,7,1,1,0,0,0,0,3,3,0,0,KRBKRNvK,DRAW,8/8/5K2/r7/1R6/6n1/5k2/1B6 w - - 0 1
0,1,0,0,0,0,0,1,-1,1,0,1,1,1,0,0,0,0,0,16,0,0,5,3,0,3,5,3,1,18,29,0,0,0,0,0,0,0,0,7,1,1,0,0,0,0,2,2,1,0,KRBKRNvK,DRAW,8/8/n2k2r1/R7/4B3/8/8/3K4 b - - 0 1
0,1,0,0,0,0,0,1,-1,1,0,1,1,1,0,0,0,0,0,16,0,0,3,2,5,5,6,2,3,23,22,0,0,0,0,0,0,0,0,7,1,1,0,0,0,0,1,3,1,1,KRBKRNvK,DRAW,8/5k2/2K4B/2n2r2/8/2R5/8/8 b - - 0 1
1,1,0,0,0,0,0,1,-1,1,0,1,1,1,0,0,0,0,0,16,0,0,5,4,0,6,5,3,3,23,12,0,0,0,0,0,0,0,0,7,1,1,0,1,0,0,2,0,1,0,KRBKRNvK,DRAW,8/8/6k1/B6R/8/8/rn6/4K3 w - - 0 1
1,1,0,0,0,0,0,1,-1,1,0,1,1,1,0,0,0,0,0,16,0,0,6,0,4,6,6,3,4,3,0,1,0,0,0,0,0,0,0,7,1,1,0,0,0,0,2,0,0,1,KRBKRNvK,DRAW,8/r5k1/8/K1R5/8/7B/7n/8 w - - 0 1
1,1,0,0,0,0,0,1,-1,1,0,1,1,1,0,0,0,0,0,16,0,0,4,1,2,5,0,3,4,7,0,1,0,0,0,0,0,0,0,7,1,1,0,0,0,0,3,0,1,0,KRBKRNvK,DRAW,8/2B5/8/8/8/1K3r2/3R3n/5k2 w - - 0 1
1,1,0,0,0,0,0,1,-1,1,0,1,1,1,0,0,0,0,0,16,0,0,3,0,3,0,0,3,6,2,0,1,0,0,0,0,0,0,0,7,1,1,0,0,0,0,3,0,0,1,KRBKRNvK,DRAW,8/r7/8/8/K6R/8/n7/k6B w - - 0 1
1,1,0,0,0,0,0,1,-1,1,0,1,1,1,0,0,0,0,0,16,0,0,3,3,3,0,5,0,4,6,0,1,0,0,0,0,0,0,0,7,1,1,0,0,0,0,4,1,1,0,KRBKRNvK,DRAW,8/B7/k6n/8/r2K4/6R1/8/8 w - - 0 1
1,1,0,0,0,0,0,1,-1,1,0,1,1,1,0,0,0,0,0,16,0,0,6,0,1,4,7,5,3,4,0,1,0,0,0,0,0,0,0,7,1,1,0,0,0,0,2,0,0,1,KRBKRNvK,DRAW,4k2n/8/8/8/rBR5/8/K7/8 w - - 0 1
1,1,0,0,0,0,0,1,-1,1,0,1,1,1,0,0,0,0,0,16,0,0,4,5,0,1,2,4,3,25,19,0,0,0,0,0,0,0,0,7,1,1,1,0,0,0,0,1,0,0,KRBKRNvK,DRAW,2B5/5R2/8/1n6/8/rk6/8/5K2 w - - 0 1
1,1,0,0,0,0,0,1,-1,1,0,1,1,1,0,0,0,0,0,16,0,0,3,4,5,1,7,1,5,24,21,0,0,0,0,0,0,0,0,7,1,1,0,0,0,0,3,2,0,0,KRBKRNvK,DRAW,1k6/1n6/4K2R/r7/8/3B4/8/8 w - - 0 1
1,1,0,0,0,0,0,1,-1,1,0,1,1,1,0,0,0,0,0,16,0,0,4,6,3,2,5,2,2,28,19,0,0,0,0,0,0,0,0,7,1,1,0,0,0,0,0,1,0,0,KRBKRNvK,DRAW,r3n3/8/2k5/8/6KB/8/8/1R6 w - - 0 1
1,1,0,0,0,0,0,1,-1,1,0,1,1,1,0,0,0,0,0,16,0,0,4,4,6,0,3,2,3,24,13,0,0,0,0,0,0,0,0,7,1,1,0,0,0,0,2,1,0,1,KRBKRNvK,DRAW,B7/r1n1K3/8/8/k7/5R2/8/8 w - - 0 1
0,1,0,0,0,0,0,1,-1,1,0,1,1,1,0,0,0,0,0,16,0,0,4,1,3,5,6,2,3,6,0,1,0,0,0,0,0,0,0,7,1,1,0,0,0,0,0,2,1,0,KRBKRNvK,LOSS,4r3/n4k2/8/7B/1K6/8/R7/8 b - - 0 1
0,1,0,0,0,0,0,1,-1,1,0,1,1,1,0,0,0,0,0,16,0,0,4,2,2,3,6,2,2,26,20,0,0,0,0,0,0,0,0,7,1,1,0,0,0,0,1,1,0,0,KRBKRNvK,DRAW,8/3k4/5r2/8/7B/2K5/5nR1/8 b - - 0 1
1,1,0,0,0,0,0,1,-1,1,0,1,1,1,0,0,0,0,0,16,0,0,4,0,2,4,5,4,1,24,23,0,0,0,0,0,0,0,0,7,1,1,1,0,0,0,1,3,2,1,KRBKRNvK,DRAW,8/5R2/4k3/2n5/5B2/K7/8/6r1 w - - 0 1
0,1,0,0,0,0,0,1,-1,1,0,1,1,1,0,0,0,0,0,16,0,0,7,0,1,7,5,5,4,23,23,0,0,0,0,0,0,0,0,7,1,1,0,0,0,0,0,2,0,1,KRBKRNvK,DRAW,8/8/7k/n7/1r6/7B/K7/2R5 b - - 0 1
1,1,0,0,0,0,0,1,-1,1,0,1,1,1,0,0,0,0,0,16,0,0,2,3,2,1,4,1,2,6,0,1,0,0,0,0,0,0,0,7,1,1,0,0,0,0,3,1,1,1,KRBKRNvK,DRAW,7r/1B6/8/1k6/5n2/3K4/7R/8 w - - 0 1
0,1,0,0,0,0,0,1,-1,1,0,1,1,1,0,0,0,0,0,16,0,0,7,7,3,0,0,3,6,4,0,1,0,0,0,0,0,0,0,7,1,1,0,0,0,0,2,2,0,1,KRBKRNvK,DRAW,6RB/8/8/5r2/7K/8/8/k3n3 b - - 0 1
1,1,0,0,0,0,0,1,-1,1,0,1,1,1,0,0,0,0,0,16,0,0,5,6,2,1,3,3,2,20,22,0,0,0,0,0,0,0,0,7,1,1,0,1,0,0,2,0,0,0,KRBKRNvK,DRAW,8/8/8/5R2/1k6/6K1/r6B/2n5 w - - 0 1
1,1,0,0,0,0,0,1,-1,1,0,1,1,1,0,0,0,0,0,16,0,0,5,1,2,6,3,3,2,29,24,0,0,0,0,0,0,0,0,7,1,1,0,0,0,0,1,2,1,0,KRBKRNvK,DRAW,3r4/6n1/R7/8/6k1/1K6/7B/8 w - - 0 1
0,1,0,0,0,0,0,1,-1,1,0,1,1,1,0,0,0,0,0,16,0,0,4,7,0,3,2,6,1,4,0,1,0,0,0,0,0,0,0,7,1,1,0,0,0,0,3,4,1,0,KRBKRNvK,DRAW,8/4r3/1B3n2/8/3R4/3k4/8/7K b - - 0 1
0,1,0,0,0,0,0,1,-1,1,0,1,1,1,0,0,0,0,0,16,0,0,6,1,1,7,5,4,4,21,31,0,0,0,0,0,0,0,0,7,1,1,0,0,0,0,3,2,0,0,KRBKRNvK,DRAW,4R3/n7/3r3k/2B5/8/8/1K6/8 b - - 0 1
1,1,0,0,0,0,0,1,-1,1,0,1,1,1,0,0,0,0,0,16,0,0,2,2,4,3,2,1,1,27,21,0,0,0,0,0,0,0,0,7,1,1,0,0,0,0,2,2,1,0,KRBKRNvK,DRAW,r7/8/6R1/2K5/8/3k4/8/2nB4 w - - 0 1
0,1,0,0,0,0,0,1,-1,1,0,1,1,1,0,0,0,0,0,16,0,0,4,2,0,6,4,4,2,20,27,0,0,0,0,0,0,0,0,7,1,1,0,0,0,0,1,1,1,0,KRBKRNvK,DRAW,8/8/8/2n1B1kr/8/8/2R5/2K5 b - - 0 1
1,1,0,0,0,0,0,1,-1,1,0,1,1,1,0,0,0,0,0,16,0,0,2,0,1,0,3,5,3,0,0,1,0,0,0,0,0,0,0,7,1,1,0,0,0,0,0,2,1,2,KRBKRNvK,LOSS,8/8/5R2/8/k7/r1n5/KB6/8 w - - 0 1
0,1,0,0,0,0,0,1,-1,1,0,1,1,1,0,0,0,0,0,16,0,0,6,3,1,2,7,2,4,22,15,0,0,0,0,0,0,0,0,7,1,1,0,0,0,0,0,1,0,2,KRBKRNvK,DRAW,2k5/8/8/8/B7/5r2/R2K1n2/8 b - - 0 1
1,1,0,0,0,0,0,1,-1,1,0,1,1,1,0,0,0,0,0,16,0,0,3,2,5,5,3,2,1,7,0,1,0,0,0,0,0,0,0,7,1,1,0,1,0,0,1,2,0,1,KRBKRNvK,DRAW,2R5/n7/2K5/8/B4k2/8/7r/8 w - - 0 1
0,1,0,0,0,0,0,1,-1,1,0,1,1,1,0,0,0,0,0,16,0,0,4,3,1,7,1,2,5,18,33,0,0,0,0,0,0,0,0,7,1,1,0,0,0,0,1,1,0,0,KRBKRNvK,DRAW,8/6r1/8/5Bn1/8/R7/3K3k/8 b - - 0 1
0,1,0,0,0,0,0,1,-1,1,0,1,1,1,0,0,0,0,0,16,0,0,3,6,2,4,5,3,1,27,23,0,0,0,0,0,0,0,0,7,1,1,0,0,0,0,2,3,0,1,KRBKRNvK,DRAW,8/r7/4k2B/6n1/1R6/6K1/8/8 b - - 0 1
1,1,0,0,0,0,0,1,-1,1,0,1,1,1,0,0,0,0,0,16,0,0,5,0,4,5,0,3,4,24,21,0,0,0,0,0,0,0,0,7,1,1,0,0,0,0,3,1,0,0,KRBKRNvK,DRAW,8/8/4n1r1/K7/R7/2B5/8/5k2 w - - 0 1
1,1,0,0,0,0,0,1,-1,1,0,1,1,1,0,0,0,0,0,16,0,0,4,0,0,1,4,6,2,25,23,0,0,0,0,0,0,0,0,7,1,1,0,0,0,0,2,3,1,0,KRBKRNvK,DRAW,8/8/4rnB1/1k6/R7/8/8/K7 w - - 0 1
1,1,0,0,0,0,0,1,-1,1,0,1,1,1,0,0,0,0,0,16,0,0,5,7,5,3,0,4,3,22,19,0,0,0,0,0,0,0,0,7,1,1,1,0,0,0,0,0,1,1,KRBKRNvK,DRAW,1n4r1/5R2/7K/8/8/8/8/2Bk4 w - - 0 1
1,1,0,0,0,0,0,1,-1,1,0,1,1,1,0,0,0,0,0,16,0,0,4,4,7,0,7,3,6,28,17,0,0,0,0,0,0,0,0,7,1,1,1,0,0,0,0,1,1,0,KRBKRNvK,DRAW,k3K3/2R5/8/8/6B1/4n3/8/4r3 w - - 0 1
0,1,0,0,0,0,0,1,-1,1,0,1,1,1,0,0,0,0,0,16,0,0,3,3,2,1,5,1,3,23,29,0,0,0,0,0,0,0,0,7,1,1,0,0,0,0,4,1,0,0,KRBKRNvK,DRAW,r7/3n4/1k6/5R2/5B2/3K4/8/8 b - - 0 1
0,1,0,0,0,0,0,1,-1,1,0,1,1,1,0,0,0,0,0,16,0,0,5,0,4,5,3,3,1,23,28,0,0,0,0,0,0,0,0,7,1,1,0,0,0,0,2,2,1,2,KRBKRNvK,DRAW,8/8/1r6/K7/3B1k2/n7/8/4R3 b - - 0 1
0,1,0,0,0,0,0,1,-1,1,0,1,1,1,0,0,0,0,0,16,0,0,4,1,6,2,2,4,2,5,0,1,0,0,0,0,0,0,0,7,1,1,0,0,0,0,1,3,1,0,KRBKRNvK,DRAW,8/1K6/8/4B3/8/2k1r2R/3n4/8 b - - 0 1
1,1,0,0,0,0,0,1,-1,1,0,1,1,1,0,0,0,0,0,16,0,0,7,5,7,2,0,4,4,3,0,1,0,0,0,0,0,0,0,7,1,1,1,0,0,0,2,1,0,1,KRBKRNvK,DRAW,5K1r/3R4/8/2n5/8/7B/8/2k5 w - - 0 1
1,1,0,0,0,0,0,1,-1,1,0,1,1,1,0,0,0,0,0,16,0,0,3,4,7,1,6,3,4,23,24,0,0,0,0,0,0,0,0,7,1,1,0,1,0,0,2,1,0,0,KRBKRNvK,DRAW,4K3/1k6/1n6/8/R7/8/5r2/5B2 w - - 0 1
1,1,0,0,0,0,0,1,-1,1,0,1,1,1,0,0,0,0,0,16,0,0,2,2,7,0,7,4,6,20,15,0,0,0,0,0,0,0,0,7,1,1,0,1,0,0,0,0,1,0,KRBKRNvK,WIN,k1K5/3B4/2R5/8/8/8/r7/n7 w - - 0 1
0,1,0,0,0,0,0,1,-1,1,0,1,1,1,0,0,0,0,0,16,0,0,3,7,6,4,6,5,2,24,21,0,0,0,0,0,0,0,0,7,1,1,0,1,0,0,1,1,2,0,KRBKRNvK,DRAW,2R5/2B1k2K/8/8/1n6/8/5r2/8 b - - 0 1
1,1,0,0,0,0,0,1,-1,1,0,1,1,1,0,0,0,0,0,16,0,0,3,2,5,5,5,2,2,32,24,0,0,0,0,0,0,0,0,7,1,1,1,0,0,0,2,2,1,0,KRBKRNvK,WIN,7r/3R4/2K2k2/8/8/4B1n1/8/8 w - - 0 1
0,1,0,0,0,0,0,1,-1,1,0,1,1,1,0,0,0,0,0,16,0,0,6,6,1,6,7,4,5,22,26,0,0,0,0,0,0,0,0,7,1,1,0,0,0,0,0,2,0,0,KRBKRNvK,DRAW,3B2k1/8/R7/7r/8/8/6K1/1n6 b - - 0 1
1,1,0,0,0,0,0,1,-1,1,0,1,1,1,0,0,0,0,0,16,0,0,5,2,6,7,6,3,5,6,0,1,0,0,0,0,0,0,0,7,1,1,0,0,0,0,2,0,1,1,KRBKRNvK,DRAW,8/r1K4k/8/6B1/6R1/8/8/5n2 w - - 0 1
1,1,0,0,0,0,0,1,-1,1,0,1,1,1,0,0,0,0,0,16,0,0,2,3,4,1,3,0,2,17,22,0,0,0,0,0,0,0,0,7,1,1,0,0,0,0,4,1,2,0,KRBKRNvK,DRAW,8/8/8/3K4/1k6/RB5r/3n4/8 w - - 0 1
1,1,0,0,0,0,0,1,-1,1,0,1,1,1,0,0,0,0,0,16,0,0,6,7,7,1,6,6,4,2,0,1,0,0,0,0,0,0,0,7,1,1,0,0,0,0,2,3,2,0,KRBKRNvK,DRAW,1B1r3K/1k6/8/R7/8/6n1/8/8 w - - 0 1
1,1,0,0,0,0,0,1,-1,1,0,1,1,1,0,0,0,0,0,16,0,0,6,7,7,1,6,6,4,2,0,1,0,0,0,0,0,0,0,7,1,1,0,0,0,0,2,2,1,0,KRBKRNvK,DRAW,3B3K/1k1n4/8/7r/8/8/4R3/8 w - - 0 1
0,1,0,0,0,0,0,1,-1,1,0,1,1,1,0,0,0,0,0,16,0,0,6,0,5,6,0,4,5,7,0,1,0,0,0,0,0,0,0,7,1,1,0,0,0,0,0,1,0,0,KRBKRNvK,DRAW,6R1/8/K6B/5n2/8/1r6/8/6k1 b - - 0 1
1,1,0,0,0,0,0,1,-1,1,0,1,1,1,0,0,0,0,0,16,0,0,3,2,5,5,5,2,2,7,0,1,0,0,0,0,0,0,0,7,1,1,0,0,0,0,1,3,0,1,KRBKRNvK,DRAW,1n6/8/2K2k2/8/6r1/8/B7/7R w - - 0 1
0,1,0,0,0,0,0,1,-1,1,0,1,1,1,0,0,0,0,0,16,0,0,6,3,6,0,0,2,6,1,0,1,0,0,0,0,0,0,0,7,1,1,0,0,0,0,2,3,0,1,KRBKRNvK,DRAW,8/3K4/5B2/1r6/8/8/3n4/k6R b - - 0 1
1,1,0,0,0,0,0,1,-1,1,0,1,1,1,0,0,0,0,0,16,0,0,7,7,0,0,0,6,6,24,18,0,0,0,0,0,0,0,0,7,1,1,0,0,0,0,2,2,0,0,KRBKRNvK,DRAW,2n1r3/8/8/8/1B4R1/8/8/k6K w - - 0 1
0,1,0,0,0,0,0,1,-1,1,0,1,1,1,0,0,0,0,0,16,0,0,3,3,0,5,3,3,1,4,0,1,0,0,0,0,0,0,0,7,1,1,0,0,0,0,2,2,2,1,KRBKRNvK,DRAW,8/8/8/3R2B1/5k2/n1r5/8/3K4 b - - 0 1
1,1,0,0,0,0,0,1,-1,1,0,1,1,1,0,0,0,0,0,16,0,0,5,4,1,7,6,2,5,27,20,0,0,0,0,0,0,0,0,7,1,1,0,0,0,0,3,0,0,0,KRBKRNvK,DRAW,8/r6k/8/4B3/7n/4R3/4K3/8 w - - 0 1
0,1,0,0,0,0,0,1,-1,1,0,1,1,1,0,0,0,0,0,16,0,0,3,4,4,3,7,0,3,22,25,0,0,0,0,0,0,0,0,7,1,1,0,1,0,0,3,0,0,0,KRBKRNvK,DRAW,1n1k2B1/8/8/4K3/6R1/8/5r2/8 b - - 0 1
1,1,0,0,0,0,0,1,-1,1,0,1,1,1,0,0,0,0,0,16,0,0,2,5,2,5,0,2,4,5,0,1,0,0,0,0,0,0,0,7,1,1,0,0,0,0,4,0,1,0,KRBKRNvK,DRAW,8/8/n7/2R5/8/r4K2/5B2/5k2 w - - 0 1
0,1,0,0,0,0,0,1,-1,1,0,1,1,1,0,0,0,0,0,16,0,0,4,1,4,5,0,2,4,17,26,0,0,0,0,0,0,0,0,7,1,1,0,0,0,0,2,3,0,0,KRBKRNvK,DRAW,8/3Bn3/8/1K6/6R1/8/8/4rk2 b - - 0 1
0,1,0,0,0,0,0,1,-1,1,0,1,1,1,0,0,0,0,0,16,0,0,3,7,1,4,0,5,3,3,0,1,0,0,0,0,0,0,0,7,1,1,0,0,0,0,2,2,0,0,KRBKRNvK,DRAW,3R4/8/r4n2/8/1B6/8/7K/4k3 b - - 0 1
0,1,0,0,0,0,0,1,-1,1,0,1,1,1,0,0,0,0,0,16,0,0,3,1,2,4,5,3,1,28,23,0,0,0,0,0,0,0,0,7,1,1,0,0,0,0,0,3,0,0,KRBKRNvK,DRAW,3r4/8/4k3/4n3/B7/1K6/2R5/8 b - - 0 1
1,1,0,0,0,0,0,1,-1,1,0,1,1,1,0,0,0,0,0,16,0,0,6,0,3,6,1,3,4,25,24,0,0,0,0,0,0,0,0,7,1,1,0,0,0,0,3,0,0,1,KRBKRNvK,DRAW,8/8/2r5/8/KR6/2B5/6k1/2n5 w - - 0 1
1,1,0,0,0,0,0,1,-1,1,0,1,1,1,0,0,0,0,0,16,0,0,5,2,3,7,1,1,5,27,23,0,0,0,0,0,0,0,0,7,1,1,0,0,0,0,3,2,0,1,KRBKRNvK,DRAW,8/3n3B/4r3/8/2K5/8/7k/1R6 w - - 0 1
0,1,0,0,0,0,0,1,-1,1,0,1,1,1,0,0,0,0,0,16,0,0,6,0,1,6,4,5,2,22,24,0,0,0,0,0,0,0,0,7,1,1,0,0,0,0,2,0,0,0,KRBKRNvK,DRAW,7R/nB6/8/6k1/8/5r2/K7/8 b - - 0 1
0,1,0,0,0,0,0,1,-1,1,0,1,1,1,0,0,0,0,0,16,0,0,3,1,3,4,0,2,3,22,28,0,0,0,0,0,0,0,0,7,1,1,0,0,0,0,2,2,0,0,KRBKRNvK,DRAW,3r4/7n/7R/8/1K6/8/8/B3k3 b - - 0 1
0,1,0,0,0,0,0,1,-1,1,0,1,1,1,0,0,0,0,0,16,0,0,4,2,1,2,5,3,2,24,24,0,0,0,0,0,0,0,0,7,1,1,0,0,0,0,1,3,1,1,KRBKRNvK,DRAW,7R/B7/2k5/8/8/7n/2K5/4r3 b - - 0 1
0,1,0,0,0,0,0,1,-1,1,0,1,1,1,0,0,0,0,0,16,0,0,3,3,5,0,3,1,3,4,0,1,0,0,0,0,0,0,0,7,1,1,0,0,0,0,2,1,0,1,KRBKRNvK,DRAW,5r2/8/3K3R/8/k7/6n1/8/3B4 b - - 0 1
0,1,0,0,0,0,0,1,-1,1,0,1,1,1,0,0,0,0,0,16,0,0,2,5,4,7,3,1,3,6,0,1,0,0,0,0,0,0,0,7,1,1,0,0,0,0,4,0,0,1,KRBKRNvK,DRAW,B1r5/8/8/4nK2/R6k/8/8/8 b - - 0 1
0,1,0,0,0,0,0,1,-1,1,0,1,1,1,0,0,0,0,0,16,0,0,5,0,3,5,5,3,2,26,17,0,0,0,0,0,0,0,0,7,1,1,0,0,0,0,0,4,0,0,KRBKRNvK,DRAW,8/8/3n1k2/8/K7/3r4/8/1RB5 b - - 0 1
1,1,0,0,0,0,0,1,-1,1,0,1,1,1,0,0,0,0,0,16,0,0,3,5,0,2,0,4,4,24,26,0,0,0,0,0,0,0,0,7,1,1,0,0,0,0,0,4,0,0,KRBKRNvK,DRAW,4B3/8/5n2/8/4r3/7R/8/2k2K2 w - - 0 1
1,1,0,0,0,0,0,1,-1,1,0,1,1,1,0,0,0,0,0,16,0,0,6,6,7,0,6,5,5,20,17,0,0,0,0,0,0,0,0,7,1,1,0,0,0,0,1,0,0,1,KRBKRNvK,DRAW,6K1/k3r3/4B1R1/8/8/8/8/4n3 w - - 0 1
0,1,0,0,0,0,0,1,-1,1,0,1,1,1,0,0,0,0,0,16,0,0,7,0,4,7,3,3,3,6,0,1,0,0,0,0,0,0,0,7,1,1,0,0,0,0,0,0,0,0,KRBKRNvK,DRAW,3B4/5r1n/8/K7/7k/8/8/6R1 b - - 0 1
0,1,0,0,0,0,0,1,-1,1,0,1,1,1,0,0,0,0,0,16,0,0,5,3,1,6,6,2,4,30,19,0,0,0,0,0,0,0,0,7,1,1,0,0,0,0,0,1,0,1,KRBKRNvK,DRAW,8/6k1/1r6/8/8/2R1n3/3K4/6B1 b - - 0 1
0,1,0,0,0,0,0,1,-1,1,0,1,1,1,0,0,0,0,0,16,0,0,5,6,6,7,1,4,5,3,0,1,0,0,0,0,0,0,0,7,1,1,0,1,0,0,2,0,0,0,KRBKRNvK,DRAW,3n4/6K1/8/7R/8/8/r2B3k/8 b - - 0 1
0,1,0,0,0,0,0,1,-1,1,0,1,1,1,0,0,0,0,0,16,0,0,3,1,7,2,4,5,1,7,0,1,0,0,0,0,0,0,0,7,1,1,0,1,0,0,2,2,0,1,KRBKRNvK,DRAW,1K6/8/1n6/2k4R/8/7B/5r2/8 b - - 0 1
0,1,0,0,0,0,0,1,-1,1,0,1,1,1,0,0,0,0,0,16,0,0,7,6,0,4,7,5,3,22,16,0,0,0,0,0,0,0,0,7,1,1,0,0,0,0,1,3,0,1,KRBKRNvK,DRAW,4k3/8/8/8/4r3/4n3/B7/6KR b - - 0 1
1,1,0,0,0,0,0,1,-1,1,0,1,1,1,0,0,0,0,0,16,0,0,6,2,0,5,6,4,3,23,26,0,0,0,0,0,0,0,0,7,1,1,0,0,0,0,2,2,0,0,KRBKRNvK,DRAW,8/5k2/8/3r1n2/BR6/8/8/2K5 w - - 0 1
0,1,0,0,0,0,0,1,-1,1,0,1,1,1,0,0,0,0,0,16,0,0,4,6,2,4,6,3,2,25,19,0,0,0,0,0,0,0,0,7,1,1,0,0,0,0,1,0,0,0,KRBKRNvK,DRAW,4n3/4k3/1r6/8/8/6KR/5B2/8 b - - 0 1
0,1,0,0,0,0,0,1,-1,1,0,1,1,1,0,0,0,0,0,16,0,0,5,2,4,7,0,1,6,3,0,1,0,0,0,0,0,0,0,7,1,1,0,0,0,0,2,1,0,2,KRBKRNvK,LOSS,8/8/8/2K5/2Bn4/3r4/8/1R5k b - - 0 1
0,1,0,0,0,0,0,1,-1,1,0,1,1,1,0,0,0,0,0,16,0,0,3,0,5,0,2,4,4,3,0,1,0,0,0,0,0,0,0,7,1,1,0,1,0,0,2,1,0,0,KRBKRNvK,DRAW,B7/8/K2n4/8/8/k5R1/r7/8 b - - 0 1
1,1,0,0,0,0,0,1,-1,1,0,1,1,1,0,0,0,0,0,16,0,0,2,3,5,1,4,1,2,16,20,0,0,0,0,0,0,0,0,7,1,1,0,0,0,0,3,2,1,0,KRBKRNvK,DRAW,1B4n1/8/3K4/1k4r1/8/3R4/8/8 w - - 0 1
1,1,0,0,0,0,0,1,-1,1,0,1,1,1,0,0,0,0,0,16,0,0,7,4,7,1,0,3,5,26,18,0,0,0,0,0,0,0,0,7,1,1,1,1,0,0,3,0,1,0,KRBKRNvK,DRAW,4K3/4R3/8/8/8/8/1B4r1/1k5n w - - 0 1
1,1,0,0,0,0,0,1,-1,1,0,1,1,1,0,0,0,0,0,16,0,0,5,1,5,4,0,3,3,28,21,0,0,0,0,0,0,0,0,7,1,1,0,0,0,0,2,3,1,0,KRBKRNvK,DRAW,8/4n3/1K6/8/5r2/7B/3R4/4k3 w - - 0 1
1,1,0,0,0,0,0,1,-1,1,0,1,1,1,0,0,0,0,0,16,0,0,5,2,7,5,2,4,2,5,0,1,0,0,0,0,0,0,0,7,1,1,1,0,0,0,2,2,0,0,KRBKRNvK,DRAW,2K5/7R/5B2/8/2r5/5kn1/8/8 w - - 0 1
1,1,0,0,0,0,0,1,-1,1,0,1,1,1,0,0,0,0,0,16,0,0,3,4,4,4,7,0,3,6,0,1,0,0,0,0,0,0,0,7,1,1,0,0,0,0,3,1,0,1,KRBKRNvK,DRAW,4k3/1B2r3/8/n3K3/8/6R1/8/8 w - - 0 1
1,1,0,0,0,0,0,1,-1,1,0,1,1,1,0,0,0,0,0,16,0,0,2,7,2,6,4,4,2,23,15,0,0,0,0,0,0,0,0,7,1,1,0,0,0,0,1,2,1,0,KRBKRNvK,DRAW,n7/8/8/1r4k1/8/1B3R1K/8/8 w - - 0 1
0,1,0,0,0,0,0,1,-1,1,0,1,1,1,0,0,0,0,0,16,0,0,4,7,7,5,3,6,1,25,19,0,0,0,0,0,0,0,0,7,1,1,0,0,0,0,2,3,1,0,KRBKRNvK,DRAW,7K/2B5/3R4/8/4rk2/3n4/8/8 b - - 0 1
0,1,0,0,0,0,0,1,-1,1,0,1,1,1,0,0,0,0,0,16,0,0,4,4,0,0,0,3,6,18,25,0,0,0,0,0,0,0,0,7,1,1,0,0,0,0,2,1,0,0,KRBKRNvK,DRAW,8/8/6B1/8/1rnR4/8/8/k3K3 b - - 0 1
0,1,0,0,0,0,0,1,-1,1,0,1,1,1,0,0,0,0,0,16,0,0,7,1,0,6,7,5,5,23,25,0,0,0,0,0,0,0,0,7,1,1,0,0,0,0,0,1,1,0,KRBKRNvK,DRAW,6k1/6r1/5R2/8/8/B3n3/8/1K6 b - - 0 1
1,1,0,0,0,0,0,1,-1,1,0,1,1,1,0,0,0,0,0,16,0,0,3,5,2,3,5,2,1,17,25,0,0,0,0,0,0,0,0,7,1,1,0,0,0,0,1,4,0,0,KRBKRNvK,DRAW,8/n7/3k4/7B/1r6/5K2/8/5R2 w - - 0 1
0,1,0,0,0,0,0,1,-1,1,0,1,1,1,0,0,0,0,0,16,0,0,4,7,5,7,1,4,5,24,17,0,0,0,0,0,0,0,0,7,1,1,0,0,0,0,2,2,0,1,KRBKRNvK,DRAW,8/1B6/7K/6r1/4n3/8/7k/4R3 b - - 0 1
0,1,0,0,0,0,0,1,-1,1,0,1,1,1,0,0,0,0,0,16,0,0,5,0,2,5,0,4,4,24,29,0,0,0,0,0,0,0,0,7,1,1,0,0,0,0,2,3,0,1,KRBKRNvK,DRAW,8/8/5B2/2r5/4R3/K7/4n3/5k2 b - - 0 1
1,1,0,0,0,0,0,1,-1,1,0,1,1,1,0,0,0,0,0,16,0,0,3,3,7,0,4,3,3,2,0,1,0,0,0,0,0,0,0,7,1,1,1,0,0,0,3,0,0,1,KRBKRNvK,DRAW,3K1r2/3R4/8/k6n/8/8/7B/8 w - - 0 1
1,1,0,0,0,0,0,1,-1,1,0,1,1,1,0,0,0,0,0,16,0,0,4,1,0,5,3,5,1,3,0,1,0,0,0,0,0,0,0,7,1,1,0,0,0,0,3,4,1,1,KRBKRNvK,DRAW,8/8/8/2B3R1/5k2/8/6n1/1K1r4 w - - 0 1
0,1,0,0,0,0,0,1,-1,1,0,1,1,1,0,0,0,0,0,16,0,0,3,4,3,4,6,0,2,23,26,0,0,0,0,0,0,0,0,7,1,1,0,0,0,0,3,0,1,0,KRBKRNvK,DRAW,2B1n3/4k3/8/R7/4K3/8/8/5r2 b - - 0 1
0,1,0,0,0,0,0,1,-1,1,0,1,1,1,0,0,0,0,0,16,0,0,6,0,1,3,7,5,3,3,0,1,0,0,0,0,0,0,0,7,1,1,0,0,0,0,2,2,0,0,KRBKRNvK,DRAW,3kn3/8/8/1r6/2R4B/8/K7/8 b - - 0 1
0,1,0,0,0,0,0,1,-1,1,0,1,1,1,0,0,0,0,0,16,0,0,2,4,1,6,3,2,2,15,25,0,0,0,0,0,0,0,0,7,1,1,0,0,0,0,0,0,0,1,KRBKRNvK,DRAW,R7/8/8/8/6k1/6r1/4K2n/2B5 b - - 0 1
1,1,0,0,0,0,0,1,-1,1,0,1,1,1,0,0,0,0,0,16,0,0,5,2,2,3,7,2,3,6,0,1,0,0,0,0,0,0,0,7,1,1,0,0,0,0,3,2,0,2,KRBKRNvK,DRAW,3k4/8/8/7R/8/2K1r3/4B3/4n3 w - - 0 1
1,1,0,0,0,0,0,1,-1,1,0,1,1,1,0,0,0,0,0,16,0,0,2,3,3,4,1,0,2,3,0,1,0,0,0,0,0,0,0,7,1,1,0,0,0,0,4,1,1,1,KRBKRNvK,DRAW,8/5B2/8/8/2RK4/3r4/4k3/6n1 w - - 0 1
0,1,0,0,0,0,0,1,-1,1,0,1,1,1,0,0,0,0,0,16,0,0,2,2,4,0,4,1,3,2,0,1,0,0,0,0,0,0,0,7,1,1,0,0,0,0,3,1,1,0,KRBKRNvK,DRAW,5r2/8/8/k1K5/8/2B3nR/8/8 b - - 0 1
0,1,0,0,0,0,0,1,-1,1,0,1,1,1,0,0,0,0,0,16,0,0,2,7,6,7,4,5,3,11,21,0,0,0,0,0,0,0,0,7,1,1,0,1,0,0,2,1,0,1,KRBKRNvK,DRAW,3B4/7K/8/2R2n1k/8/8/5r2/8 b - - 0 1
1,1,0,0,0,0,0,1,-1,1,0,1,1,1,0,0,0,0,0,16,0,0,2,5,2,6,4,2,2,23,21,0,0,0,0,0,0,0,0,7,1,1,0,1,0,0,2,2,0,1,KRBKRNvK,WIN,8/8/1B6/6k1/1R6/5K2/3r4/n7 w - - 0 1
0,1,0,0,0,0,0,1,-1,1,0,1,1,1,0,0,0,0,0,16,0,0,5,7,0,2,0,6,4,4,0,1,0,0,0,0,0,0,0,7,1,1,0,0,0,0,2,2,2,0,KRBKRNvK,DRAW,8/8/8/4n3/2r5/8/3BR3/2k4K b - - 0 1
0,1,0,0,0,0,0,1,-1,1,0,1,1,1,0,0,0,0,0,16,0,0,6,1,5,7,6,3,5,4,0,1,0,0,0,0,0,0,0,7,1,1,1,0,0,0,2,2,0,0,KRBKRNvK,DRAW,8/2R4k/1K6/8/4r3/8/1B6/n7 b - - 0 1
1,1,0,0,0,0,0,1,-1,1,0,1,1,1,0,0,0,0,0,16,0,0,6,1,6,7,1,4,5,6,0,1,0,0,0,0,0,0,0,7,1,1,0,0,0,0,0,2,1,1,KRBKRNvK,DRAW,8/1K6/8/1r6/2n5/8/B6k/5R2 w - - 0 1
1,1,0,0,0,0,0,1,-1,1,0,1,1,1,0,0,0,0,0,16,0,0,4,5,4,5,0,1,4,24,23,0,0,0,0,0,0,0,0,7,1,1,0,0,0,0,3,2,0,1,KRBKRNvK,WIN,5R2/3r4/8/5K2/n7/8/8/B4k2 w - - 0 1
0,1,0,0,0,0,0,1,-1,1,0,1,1,1,0,0,0,0,0,16,0,0,5,1,2,6,4,3,2,28,23,0,0,0,0,0,0,0,0,7,1,1,0,0,0,0,2,1,0,0,KRBKRNvK,DRAW,r7/8/8/5nk1/8/1KB5/8/2R5 b - - 0 1
1,1,0,0,0,0,0,1,-1,1,0,1,1,1,0,0,0,0,0,16,0,0,4,0,5,4,1,4,2,22,22,0,0,0,0,0,0,0,0,7,1,1,0,1,0,0,1,0,0,0,KRBKRNvK,DRAW,8/2B5/K1R5/8/8/8/1r2k1n1/8 w - - 0 1
0,1,0,0,0,0,0,1,-1,1,0,1,1,1,0,0,0,0,0,16,0,0,3,3,1,6,4,2,2,26,23,0,0,0,0,0,0,0,0,7,1,1,0,0,0,0,2,2,1,1,KRBKRNvK,DRAW,8/8/3RB3/2r3k1/8/4n3/3K4/8 b - - 0 1
1,1,0,0,0,0,0,1,-1,1,0,1,1,1,0,0,0,0,0,16,0,0,3,4,1,1,3,2,2,7,0,1,0,0,0,0,0,0,0,7,1,1,1,1,0,0,2,2,0,1,KRBKRNvK,DRAW,4B3/3R4/2n5/8/1k6/8/2r1K3/8 w - - 0 1
0,1,0,0,0,0,0,1,-1,1,0,1,1,1,0,0,0,0,0,16,0,0,2,1,5,1,3,3,2,16,25,0,0,0,0,0,0,0,0,7,1,1,0,1,0,0,2,0,0,1,KRBKRNvK,WIN,8/8/1K6/n7/1k2B3/4R3/r7/8 b - - 0 1
1,1,0,0,0,0,0,1,-1,1,0,1,1,1,0,0,0,0,0,16,0,0,6,6,6,0,6,4,5,7,0,1,0,0,0,0,0,0,0,7,1,1,0,0,0,0,2,3,0,2,KRBKRNvK,DRAW,8/k5K1/8/4rn2/B7/8/8/3R4 w - - 0 1
0,1,0,0,0,0,0,1,-1,1,0,1,1,1,0,0,0,0,0,16,0,0,4,0,4,0,0,3,6,23,22,0,0,0,0,0,0,0,0,7,1,1,0,0,0,0,0,1,0,1,KRBKRNvK,DRAW,2R5/8/1r6/K7/8/7B/4n3/k7 b - - 0 1
0,1,0,0,0,0,0,1,-1,1,0,1,1,1,0,0,0,0,0,16,0,0,6,0,6,4,0,5,3,26,19,0,0,0,0,0,0,0,0,7,1,1,0,0,0,0,3,0,0,0,KRBKRNvK,DRAW,8/K7/6r1/1R2n3/8/8/8/1B2k3 b - - 0 1
1,1,0,0,0,0,0,1,-1,1,0,1,1,1,0,0,0,0,0,16,0,0,5,6,7,1,3,5,2,23,19,0,0,0,0,0,0,0,0,7,1,1,0,0,0,0,2,2,0,0,KRBKRNvK,DRAW,3n2KB/8/8/8/1kr5/8/8/R7 w - - 0 1
0,1,0,0,0,0,0,1,-1,1,0,1,1,1,0,0,0,0,0,16,0,0,7,4,7,7,0,3,6,19,32,0,0,0,0,0,0,0,0,7,1,1,0,0,0,0,1,0,0,0,KRBKRNvK,DRAW,4K3/8/8/8/3B3n/R7/8/6rk b - - 0 1
1,1,0,0,0,0,0,1,-1,1,0,1,1,1,0,0,0,0,0,16,0,0,2,7,7,5,5,6,2,1,0,1,0,0,0,0,0,0,0,7,1,1,0,0,0,0,3,2,0,1,KRBKRNvK,DRAW,5r1K/2n5/5k2/8/R7/8/7B/8 w - - 0 1
0,1,0,0,0,0,0,1,-1,1,0,1,1,1,0,0,0,0,0,16,0,0,5,0,3,5,4,3,1,4,0,1,0,0,0,0,0,0,0,7,1,1,0,0,0,0,0,2,1,1,KRBKRNvK,DRAW,8/3B4/R7/5k2/K7/8/n7/2r5 b - - 0 1
1,1,0,0,0,0,0,1,-1,1,0,1,1,1,0,0,0,0,0,16,0,0,4,6,4,2,0,2,4,27,19,0,0,0,0,0,0,0,0,7,1,1,0,0,0,0,3,0,0,1,KRBKRNvK,DRAW,8/6nB/3R4/6K1/8/1r6/8/2k5 w - - 0 1
0,1,0,0,0,0,0,1,-1,1,0,1,1,1,0,0,0,0,0,16,0,0,2,3,6,1,6,2,4,20,25,0,0,0,0,0,0,0,0,7,1,1,0,0,0,0,0,2,1,0,KRBKRNvK,DRAW,3B4/nk1K4/8/8/6r1/8/5R2/8 b - - 0 1
0,1,0,0,0,0,0,1,-1,1,0,1,1,1,0,0,0,0,0,16,0,0,5,2,6,5,1,3,3,27,18,0,0,0,0,0,0,0,0,7,1,1,0,0,0,0,0,2,0,1,KRBKRNvK,DRAW,3B2R1/2K5/4r3/8/2n5/8/5k2/8 b - - 0 1
0,1,0,0,0,0,0,1,-1,1,0,1,1,1,0,0,0,0,0,16,0,0,5,6,7,1,6,5,4,7,0,1,0,0,0,0,0,0,0,7,1,1,0,0,0,0,0,2,0,0,KRBKRNvK,DRAW,6K1/1k6/8/8/8/3r3n/1R6/2B5 b - - 0 1
0,1,0,0,0,0,0,1,-1,1,0,1,1,1,0,0,0,0,0,16,0,0,6,6,7,0,7,5,6,17,21,0,0,0,0,0,0,0,0,7,1,1,0,0,0,0,0,0,0,1,KRBKRNvK,DRAW,k5K1/8/5r2/8/1B6/n7/R7/8 b - - 0 1
1,1,0,0,0,0,0,1,-1,1,0,1,1,1,0,0,0,0,0,16,0,0,6,2,1,7,7,3,6,5,0,1,0,0,0,0,0,0,0,7,1,1,0,1,0,0,0,1,0,1,KRBKRNvK,DRAW,7k/8/8/2n5/B7/1R6/r1K5/8 w - - 0 1
0,1,0,0,0,0,0,1,-1,1,0,1,1,1,0,0,0,0,0,16,0,0,5,6,5,1,1,3,4,14,27,0,0,0,0,0,0,0,0,7,1,1,0,0,0,0,0,0,0,1,KRBKRNvK,DRAW,8/3B3n/R5K1/8/8/8/1k6/1r6 b - - 0 1
1,1,0,0,0,0,0,1,-1,1,0,1,1,1,0,0,0,0,0,16,0,0,2,5,4,6,2,1,3,22,17,0,0,0,0,0,0,0,0,7,1,1,0,0,0,0,2,0,1,2,KRBKRNvK,DRAW,8/6rn/8/5K2/6B1/6k1/8/R7 w - - 0 1
0,1,0,0,0,0,0,1,-1,1,0,1,1,1,0,0,0,0,0,16,0,0,5,1,5,6,0,3,5,22,28,0,0,0,0,0,0,0,0,7,1,1,0,1,0,0,2,2,0,0,KRBKRNvK,DRAW,8/2B5/1K4n1/5R2/8/8/4r3/6k1 b - - 0 1
1,1,0,0,0,0,0,1,-1,1,0,1,1,1,0,0,0,0,0,16,0,0,6,7,3,1,4,3,2,28,23,0,0,0,0,0,0,0,0,7,1,1,0,0,0,0,1,1,0,1,KRBKRNvK,DRAW,2R5/3n1B2/5r2/1k6/7K/8/8/8 w - - 0 1
1,1,0,0,0,0,0,1,-1,1,0,1,1,1,0,0,0,0,0,16,0,0,5,0,2,3,7,4,3,29,22,0,0,0,0,0,0,0,0,7,1,1,0,0,0,0,1,2,0,0,KRBKRNvK,WIN,3k3r/8/8/2B5/8/K4n2/8/1R6 w - - 0 1
1,1,0,0,0,0,0,1,-1,1,0,1,1,1,0,0,0,0,0,16,0,0,4,3,0,7,4,3,3,25,20,0,0,0,0,0,0,0,0,7,1,1,0,0,0,0,0,2,0,0,KRBKRNvK,DRAW,1R6/7n/8/5r1k/8/8/8/3KB3 w - - 0 1
0,1,0,0,0,0,0,1,-1,1,0,1,1,1,0,0,0,0,0,16,0,0,3,6,2,3,1,3,2,22,24,0,0,0,0,0,0,0,0,7,1,1,1,1,0,0,2,1,1,1,KRBKRNvK,DRAW,8/1R6/8/8/1n6/6K1/1B1k1r2/8 b - - 0 1
0,1,0,0,0,0,0,1,-1,1,0,1,1,1,0,0,0,0,0,16,0,0,4,5,3,1,7,1,5,21,20,0,0,0,0,0,0,0,0,7,1,1,0,0,0,0,3,0,0,0,KRBKRNvK,DRAW,1k6/n7/8/8/4RK2/5B2/8/6r1 b - - 0 1
1,1,0,0,0,0,0,1,-1,1,0,1,1,1,0,0,0,0,0,16,0,0,3,2,4,5,1,1,3,21,24,0,0,0,0,0,0,0,0,7,1,1,0,0,0,0,2,2,0,2,KRBKRNvK,DRAW,1RB5/n3r3/8/2K5/8/8/5k2/8 w - - 0 1
0,1,0,0,0,0,0,1,-1,1,0,1,1,1,0,0,0,0,0,16,0,0,3,0,0,2,3,6,1,5,0,1,0,0,0,0,0,0,0,7,1,1,0,0,0,0,0,3,1,0,KRBKRNvK,DRAW,8/8/2R5/1r6/2k3n1/8/8/K3B3 b - - 0 1
0,1,0,0,0,0,0,1,-1,1,0,1,1,1,0,0,0,0,0,16,0,0,3,4,4,1,1,0,4,24,27,0,0,0,0,0,0,0,0,7,1,1,0,0,0,0,3,2,1,1,KRBKRNvK,DRAW,8/8/5n2/4K3/2R5/1r6/1k6/4B3 b - - 0 1
0,1,0,0,0,0,0,1,-1,1,0,1,1,1,0,0,0,0,0,16,0,0,5,1,2,6,2,3,3,25,29,0,0,0,0,0,0,0,0,7,1,1,0,0,0,0,2,2,0,0,KRBKRNvK,DRAW,4n3/4r3/B7/3R4/8/1K4k1/8/8 b - - 0 1
0,1,0,0,0,0,0,1,-1,1,0,1,1,1,0,0,0,0,0,16,0,0,2,2,1,4,0,3,3,14,23,0,0,0,0,0,0,0,0,7,1,1,0,0,0,0,1,2,2,0,KRBKRNvK,DRAW,3rn3/8/8/8/8/6B1/2K2R2/4k3 b - - 0 1
0,1,0,0,0,0,0,1,-1,1,0,1,1,1,0,0,0,0,0,16,0,0,7,6,0,3,7,5,3,18,24,0,0,0,0,0,0,0,0,7,1,1,0,0,0,0,1,0,0,0,KRBKRNvK,DRAW,3k2B1/1n5r/8/8/8/2R5/8/6K1 b - - 0 1
1,1,0,0,0,0,0,1,-1,1,0,1,1,1,0,0,0,0,0,16,0,0,5,7,1,2,2,5,2,5,0,1,0,0,0,0,0,0,0,7,1,1,0,1,0,0,2,2,0,0,KRBKRNvK,DRAW,8/1n1B4/4R3/8/8/2k5/3r3K/8 w - - 0 1
1,1,0,0,0,0,0,1,-1,1,0,1,1,1,0,0,0,0,0,16,0,0,3,3,5,6,4,1,2,24,20,0,0,0,0,0,0,0,0,7,1,1,0,0,0,0,4,0,0,0,KRBKRNvK,DRAW,8/8/3K4/6k1/3R4/8/5B2/1r3n2 w - - 0 1
0,1,0,0,0,0,0,1,-1,1,0,1,1,1,0,0,0,0,0,16,0,0,2,5,2,4,4,2,0,21,19,0,0,0,0,0,0,0,0,7,1,1,0,0,0,0,1,3,0,0,KRBKRNvK,DRAW,2B5/7n/8/4k3/8/5K1R/8/1r6 b - - 0 1
0,1,0,0,0,0,0,1,-1,1,0,1,1,1,0,0,0,0,0,16,0,0,5,5,1,0,0,3,6,22,22,0,0,0,0,0,0,0,0,7,1,1,1,0,0,0,0,1,0,0,KRBKRNvK,DRAW,8/7R/2r5/8/8/1n6/5K2/k5B1 b - - 0 1
0,1,0,0,0,0,0,1,-1,1,0,1,1,1,0,0,0,0,0,16,0,0,4,7,1,3,1,5,2,5,0,1,0,0,0,0,0,0,0,7,1,1,0,0,0,0,2,0,1,0,KRBKRNvK,DRAW,8/8/8/8/3Rn3/8/3k3K/2r4B b - - 0 1
1,1,0,0,0,0,0,1,-1,1,0,1,1,1,0,0,0,0,0,16,0,0,3,4,4,1,6,0,4,27,24,0,0,0,0,0,0,0,0,7,1,1,0,0,0,0,3,2,0,1,KRBKRNvK,DRAW,8/1k6/8/4K2B/8/2n4r/3R4/8 w - - 0 1
0,1,0,0,0,0,0,1,-1,1,0,1,1,1,0,0,0,0,0,16,0,0,5,2,4,7,3,1,3,25,28,0,0,0,0,0,0,0,0,7,1,1,1,1,0,0,3,1,0,1,KRBKRNvK,DRAW,8/R3n3/8/2K5/7k/2B5/5r2/8 b - - 0 1
1,1,0,0,0,0,0,1,-1,1,0,1,1,1,0,0,0,0,0,16,0,0,2,6,7,7,5,5,4,23,24,0,0,0,0,0,0,0,0,7,1,1,1,1,0,0,0,0,1,0,KRBKRNvK,DRAW,6K1/2R5/7k/4n2B/8/8/1r6/8 w - - 0 1
0,1,0,0,0,0,0,1,-1,1,0,1,1,1,0,0,0,0,0,16,0,0,3,0,3,3,1,3,2,23,20,0,0,0,0,0,0,0,0,7,1,1,0,0,0,0,1,2,0,0,KRBKRNvK,DRAW,3r4/7B/4n3/8/K7/R7/3k4/8 b - - 0 1
0,1,0,0,0,0,0,1,-1,1,0,1,1,1,0,0,0,0,0,16,0,0,5,3,5,6,0,1,5,20,32,0,0,0,0,0,0,0,0,7,1,1,0,0,0,0,2,0,0,0,KRBKRNvK,DRAW,R7/8/3KB3/8/8/6r1/6n1/6k1 b - - 0 1
0,1,0,0,0,0,0,1,-1,1,0,1,1,1,0,0,0,0,0,16,0,0,4,2,1,6,2,3,3,25,19,0,0,0,0,0,0,0,0,7,1,1,0,0,0,0,0,2,0,0,KRBKRNvK,DRAW,3B4/4r3/8/8/8/6k1/R1K5/5n2 b - - 0 1
1,1,0,0,0,0,0,1,-1,1,0,1,1,1,0,0,0,0,0,16,0,0,4,0,5,4,4,4,0,3,0,1,0,0,0,0,0,0,0,7,1,1,0,0,0,0,2,4,1,2,KRBKRNvK,DRAW,1n6/8/K7/2r1k3/7R/4B3/8/8 w - - 0 1
1,1,0,0,0,0,0,1,-1,1,0,1,1,1,0,0,0,0,0,16,0,0,2,7,5,5,3,4,1,20,19,0,0,0,0,0,0,0,0,7,1,1,1,0,0,0,0,2,0,0,KRBKRNvK,WIN,8/R7/7K/B7/5k2/r7/8/n7 w - - 0 1
1,1,0,0,0,0,0,1,-1,1,0,1,1,1,0,0,0,0,0,16,0,0,7,7,0,0,1,6,5,2,0,1,0,0,0,0,0,0,0,7,1,1,0,0,0,0,0,1,1,1,KRBKRNvK,DRAW,8/8/2R5/8/B7/8/k1n5/5r1K w - - 0 1
1,1,0,0,0,0,0,1,-1,1,0,1,1,1,0,0,0,0,0,16,0,0,3,3,3,6,6,0,4,30,20,0,0,0,0,0,0,0,0,7,1,1,0,0,0,0,3,0,0,0,KRBKRNvK,DRAW,8/6k1/2B5/8/3K4/r7/n7/5R2 w - - 0 1
1,1,0,0,0,0,0,1,-1,1,0,1,1,1,0,0,0,0,0,16,0,0,2,2,1,0,1,3,5,25,22,0,0,0,0,0,0,0,0,7,1,1,0,0,0,0,0,0,0,0,KRBKRNvK,DRAW,r7/8/6R1/4n3/7B/8/k1K5/8 w - - 0 1
0,1,0,0,0,0,0,1,-1,1,0,1,1,1,0,0,0,0,0,16,0,0,4,7,1,3,0,5,3,4,0,1,0,0,0,0,0,0,0,7,1,1,1,0,0,0,3,2,0,0,KRBKRNvK,DRAW,4r3/3R2B1/8/8/8/8/7K/n2k4 b - - 0 1
0,1,0,0,0,0,0,1,-1,1,0,1,1,1,0,0,0,0,0,16,0,0,3,5,0,2,3,4,1,19,24,0,0,0,0,0,0,0,0,7,1,1,0,1,0,0,2,2,0,2,KRBKRNvK,DRAW,3R4/4B3/8/8/2k5/8/6r1/5K1n b - - 0 1
0,1,0,0,0,0,0,1,-1,1,0,1,1,1,0,0,0,0,0,16,0,0,4,1,5,5,1,3,3,26,22,0,0,0,0,0,0,0,0,7,1,1,0,0,0,0,2,2,0,1,KRBKRNvK,DRAW,4B3/8/1K2R3/8/2r5/8/4nk2/8 b - - 0 1
1,1,0,0,0,0,0,1,-1,1,0,1,1,1,0,0,0,0,0,16,0,0,4,6,5,2,6,3,3,29,14,0,0,0,0,0,0,0,0,7,1,1,0,0,0,0,3,0,0,0,KRBKRNvK,DRAW,8/r1k5/6K1/8/8/3R4/n7/B7 w - - 0 1
1,1,0,0,0,0,0,1,-1,1,0,1,1,1,0,0,0,0,0,16,0,0,5,4,7,6,2,3,3,25,23,0,0,0,0,0,0,0,0,7,1,1,0,0,0,0,2,1,1,1,KRBKRNvK,DRAW,4K3/2r5/7R/1n6/8/6k1/6B1/8 w - - 0 1
1,1,0,0,0,0,0,1,-1,1,0,1,1,1,0,0,0,0,0,16,0,0,5,5,2,0,6,2,5,7,0,1,0,0,0,0,0,0,0,7,1,1,0,0,0,0,3,1,1,1,KRBKRNvK,DRAW,B7/k7/8/6n1/8/1r1R1K2/8/8 w - - 0 1
1,1,0,0,0,0,0,1,-1,1,0,1,1,1,0,0,0,0,0,16,0,0,4,7,5,7,1,4,5,4,0,1,0,0,0,0,0,0,0,7,1,1,1,0,0,0,0,0,0,0,KRBKRNvK,DRAW,8/6R1/2r4K/n7/8/8/7k/3B4 w - - 0 1
0,1,0,0,0,0,0,1,-1,1,0,1,1,1,0,0,0,0,0,16,0,0,6,1,2,7,5,3,4,25,20,0,0,0,0,0,0,0,0,7,1,1,0,0,0,0,2,3,0,1,KRBKRNvK,DRAW,8/3n4/7k/8/2r5/1K6/3R4/4B3 b - - 0 1
0,1,0,0,0,0,0,1,-1,1,0,1,1,1,0,0,0,0,0,16,0,0,4,4,6,0,4,2,3,4,0,1,0,0,0,0,0,0,0,7,1,1,0,0,0,0,0,2,1,0,KRBKRNvK,DRAW,n2B4/4K3/2R5/k7/r7/8/8/8 b - - 0 1
0,1,0,0,0,0,0,1,-1,1,0,1,1,1,0,0,0,0,0,16,0,0,4,1,6,1,2,4,3,24,26,0,0,0,0,0,0,0,0,7,1,1,1,0,0,0,1,2,1,0,KRBKRNvK,DRAW,8/1K2n2R/8/4r3/8/1k1B4/8/8 b - - 0 1
1,1,0,0,0,0,0,1,-1,1,0,1,1,1,0,0,0,0,0,16,0,0,3,4,4,5,7,0,4,25,21,0,0,0,0,0,0,0,0,7,1,1,0,0,0,0,3,2,1,0,KRBKRNvK,DRAW,5k2/8/7R/4K3/8/8/B5n1/3r4 w - - 0 1
0,1,0,0,0,0,0,1,-1,1,0,1,1,1,0,0,0,0,0,16,0,0,6,1,7,3,1,5,2,24,21,0,0,0,0,0,0,0,0,7,1,1,0,0,0,0,2,0,0,0,KRBKRNvK,DRAW,1K3R1B/8/8/8/8/r7/3k4/6n1 b - - 0 1
1,1,0,0,0,0,0,1,-1,1,0,1,1,1,0,0,0,0,0,16,0,0,4,3,3,4,7,0,3,24,20,0,0,0,0,0,0,0,0,7,1,1,1,0,0,0,3,2,1,1,KRBKRNvK,DRAW,4k3/1R2B3/4r3/8/3K2n1/8/8/8 w - - 0 1
1,1,0,0,0,0,0,1,-1,1,0,1,1,1,0,0,0,0,0,16,0,0,6,6,4,0,5,2,4,7,0,1,0,0,0,0,0,0,0,7,1,1,0,1,0,0,0,3,0,1,KRBKRNvK,DRAW,8/5n2/k7/6K1/8/8/1R1r4/B7 w - - 0 1
0,1,0,0,0,0,0,1,-1,1,0,1,1,1,0,0,0,0,0,16,0,0,2,1,4,0,6,2,5,21,27,0,0,0,0,0,0,0,0,7,1,1,0,0,0,0,2,1,0,0,KRBKRNvK,DRAW,8/k7/8/1K4B1/8/3R4/4n3/r7 b - - 0 1
0,1,0,0,0,0,0,1,-1,1,0,1,1,1,0,0,0,0,0,16,0,0,4,7,4,6,0,3,5,24,23,0,0,0,0,0,0,0,0,7,1,1,0,0,0,0,3,1,1,0,KRBKRNvK,DRAW,r7/8/4n3/7K/7R/5B2/8/6k1 b - - 0 1
0,1,0,0,0,0,0,1,-1,1,0,1,1,1,0,0,0,0,0,16,0,0,4,1,3,2,7,2,4,19,18,0,0,0,0,0,0,0,0,7,1,1,0,0,0,0,2,0,0,1,KRBKRNvK,DRAW,2k5/8/8/1R6/1K6/2r5/8/2n1B3 b - - 0 1
0,1,0,0,0,0,0,1,-1,1,0,1,1,1,0,0,0,0,0,16,0,0,7,7,2,0,6,4,5,25,24,0,0,0,0,0,0,0,0,7,1,1,0,0,0,0,1,2,0,0,KRBKRNvK,DRAW,8/k7/1r6/4B3/8/2n3RK/8/8 b - - 0 1
1,1,0,0,0,0,0,1,-1,1,0,1,1,1,0,0,0,0,0,16,0,0,7,7,2,0,4,4,3,4,0,1,0,0,0,0,0,0,0,7,1,1,0,0,0,0,3,2,0,1,KRBKRNvK,DRAW,8/7B/8/k7/8/2n2r1K/8/3R4 w - - 0 1
0,1,0,0,0,0,0,1,-1,1,0,1,1,1,0,0,0,0,0,16,0,0,2,4,2,6,2,1,3,26,21,0,0,0,0,0,0,0,0,7,1,1,0,1,0,0,3,1,0,1,KRBKRNvK,DRAW,8/1B6/4nR2/8/8/4K1k1/2r5/8 b - - 0 1
0,1,0,0,0,0,0,1,-1,1,0,1,1,1,0,0,0,0,0,16,0,0,3,4,3,7,2,0,4,20,25,0,0,0,0,0,0,0,0,7,1,1,0,0,0,0,3,2,0,2,KRBKRNvK,DRAW,3R4/8/6n1/6r1/4K3/7k/8/4B3 b - - 0 1
0,1,0,0,0,0,0,1,-1,1,0,1,1,1,0,0,0,0,0,16,0,0,6,1,2,7,5,3,4,2,0,1,0,0,0,0,0,0,0,7,1,1,0,1,0,0,1,0,1,1,KRBKRNvK,DRAW,6R1/n7/7k/8/8/1K2B3/2r5/8 b - - 0 1
1,1,0,0,0,0,0,1,-1,1,0,1,1,1,0,0,0,0,0,16,0,0,4,1,0,5,2,5,2,28,23,0,0,0,0,0,0,0,0,7,1,1,0,0,0,0,2,3,2,0,KRBKRNvK,DRAW,8/8/1n6/7R/6r1/5kB1/8/1K6 w - - 0 1
1,1,0,0,0,0,0,1,-1,1,0,1,1,1,0,0,0,0,0,16,0,0,6,0,0,6,0,6,5,21,23,0,0,0,0,0,0,0,0,7,1,1,0,0,0,0,2,3,0,0,KRBKRNvK,DRAW,3R1B2/8/8/5r2/8/5n2/8/K5k1 w - - 0 1
0,1,0,0,0,0,0,1,-1,1,0,1,1,1,0,0,0,0,0,16,0,0,4,1,7,3,3,5,0,23,21,0,0,0,0,0,0,0,0,7,1,1,0,0,0,0,2,3,0,0,KRBKRNvK,DRAW,1KR5/1B6/8/8/3k4/6n1/8/r7 b - - 0 1
1,1,0,0,0,0,0,1,-1,1,0,1,1,1,0,0,0,0,0,16,0,0,4,1,7,5,7,5,4,27,20,0,0,0,0,0,0,0,0,7,1,1,0,0,0,0,2,0,0,0,KRBKRNvK,DRAW,1K3k2/8/8/8/4B3/4R3/8/2n3r1 w - - 0 1
0,1,0,0,0,0,0,1,-1,1,0,1,1,1,0,0,0,0,0,16,0,0,7,7,5,0,0,4,6,19,16,0,0,0,0,0,0,0,0,7,1,1,0,0,0,0,1,0,0,0,KRBKRNvK,DRAW,1B5R/r7/7K/8/8/8/7n/k7 b - - 0 1
0,1,0,0,0,0,0,1,-1,1,0,1,1,1,0,0,0,0,0,16,0,0,4,6,0,6,4,5,2,6,0,1,0,0,0,0,0,0,0,7,1,1,0,0,0,0,1,2,0,1,KRBKRNvK,DRAW,6R1/4r3/8/6k1/8/8/8/1B4Kn b - - 0 1
0,1,0,0,0,0,0,1,-1,1,0,1,1,1,0,0,0,0,0,16,0,0,3,7,3,4,5,3,1,6,0,1,0,0,0,0,0,0,0,7,1,1,0,0,0,0,1,2,2,0,KRBKRNvK,DRAW,r7/8/4k3/5BR1/4n2K/8/8/8 b - - 0 1
0,1,0,0,0,0,0,1,-1,1,0,1,1,1,0,0,0,0,0,16,0,0,4,0,2,1,6,4,4,22,25,0,0,0,0,0,0,0,0,7,1,1,0,1,0,0,2,1,2,0,KRBKRNvK,DRAW,8/1k6/3R2n1/1B6/8/K7/6r1/8 b - - 0 1
0,1,0,0,0,0,0,1,-1,1,0,1,1,1,0,0,0,0,0,16,0,0,4,4,5,0,6,1,5,24,26,0,0,0,0,0,0,0,0,7,1,1,0,0,0,0,3,3,1,1,KRBKRNvK,DRAW,8/k2r4/4K3/2R5/8/6n1/1B6/8 b - - 0 1
0,1,0,0,0,0,0,1,-1,1,0,1,1,1,0,0,0,0,0,16,0,0,3,4,3,1,0,0,5,22,23,0,0,0,0,0,0,0,0,7,1,1,0,0,0,0,4,0,0,0,KRBKRNvK,DRAW,8/7r/4R3/n2B4/4K3/8/8/1k6 b - - 0 1
1,1,0,0,0,0,0,1,-1,1,0,1,1,1,0,0,0,0,0,16,0,0,3,2,1,5,1,3,3,28,20,0,0,0,0,0,0,0,0,7,1,1,0,1,0,0,2,0,1,0,KRBKRNvK,DRAW,7B/8/8/3n4/8/8/2K2k1r/6R1 w - - 0 1
1,1,0,0,0,0,0,1,-1,1,0,1,1,1,0,0,0,0,0,16,0,0,2,4,4,2,4,0,1,22,21,0,0,0,0,0,0,0,0,7,1,1,0,0,0,0,4,2,0,1,KRBKRNvK,DRAW,2n5/8/5B2/2k1K3/8/5r2/8/R7 w - - 0 1
1,1,0,0,0,0,0,1,-1,1,0,1,1,1,0,0,0,0,0,16,0,0,6,6,6,0,0,4,6,31,20,0,0,0,0,0,0,0,0,7,1,1,0,0,0,0,1,2,0,0,KRBKRNvK,DRAW,2R5/1n4K1/1B6/8/r7/8/8/k7 w - - 0 1
0,1,0,0,0,0,0,1,-1,1,0,1,1,1,0,0,0,0,0,16,0,0,2,3,1,4,3,2,0,22,26,0,0,0,0,0,0,0,0,7,1,1,0,0,0,0,1,3,1,1,KRBKRNvK,DRAW,8/5r2/1BR5/8/4kn2/8/3K4/8 b - - 0 1
0,1,0,0,0,0,0,1,-1,1,0,1,1,1,0,0,0,0,0,16,0,0,5,2,1,4,6,3,2,5,0,1,0,0,0,0,0,0,0,7,1,1,1,0,0,0,2,0,1,0,KRBKRNvK,DRAW,5r2/2R1k3/8/8/7n/5B2/2K5/8 b - - 0 1
1,1,0,0,0,0,0,1,-1,1,0,1,1,1,0,0,0,0,0,16,0,0,3,6,5,3,6,3,2,8,0,1,0,0,0,0,0,0,0,7,1,1,0,0,0,0,2,0,0,0,KRBKRNvK,DRAW,8/3k4/r5K1/8/8/5B2/8/2R1n3 w - - 0 1
1,1,0,0,0,0,0,1,-1,1,0,1,1,1,0,0,0,0,0,16,0,0,2,6,5,4,6,3,2,4,0,1,0,0,0,0,0,0,0,7,1,1,0,0,0,0,3,3,0,2,KRBKRNvK,DRAW,8/4k3/4r1K1/8/R4n2/8/6B1/8 w - - 0 1
1,1,0,0,0,0,0,1,-1,1,0,1,1,1,0,0,0,0,0,16,0,0,4,5,2,1,1,2,4,30,23,0,0,0,0,0,0,0,0,7,1,1,0,0,0,0,2,2,0,1,KRBKRNvK,DRAW,8/8/8/2B1r3/8/2n2K2/1k6/7R w - - 0 1
0,1,0,0,0,0,0,1,-1,1,0,1,1,1,0,0,0,0,0,16,0,0,4,1,7,0,3,5,3,23,25,0,0,0,0,0,0,0,0,7,1,1,0,1,0,0,1,3,1,0,KRBKRNvK,DRAW,1K4R1/8/8/8/k1B5/6n1/3r4/8 b - - 0 1
1,1,0,0,0,0,0,1,-1,1,0,1,1,1,0,0,0,0,0,16,0,0,3,6,7,3,7,5,3,22,21,0,0,0,0,0,0,0,0,7,1,1,0,0,0,0,1,0,1,0,KRBKRNvK,DRAW,3k2K1/8/1R6/8/8/5r2/8/n5B1 w - - 0 1
0,1,0,0,0,0,0,1,-1,1,0,1,1,1,0,0,0,0,0,16,0,0,2,5,2,5,0,2,4,3,0,1,0,0,0,0,0,0,0,7,1,1,0,0,0,0,2,2,0,1,KRBKRNvK,DRAW,8/8/3r4/8/1RB5/5K2/6n1/5k2 b - - 0 1
1,1,0,0,0,0,0,1,-1,1,0,1,1,1,0,0,0,0,0,16,0,0,4,2,7,2,3,4,1,6,0,1,0,0,0,0,0,0,0,7,1,1,1,0,0,0,1,2,1,1,KRBKRNvK,DRAW,2K5/6R1/1Br5/8/2k5/8/8/7n w - - 0 1
0,1,0,0,0,0,0,1,-1,1,0,1,1,1,0,0,0,0,0,16,0,0,5,2,1,7,1,3,5,5,0,1,0,0,0,0,0,0,0,7,1,1,0,0,0,0,2,2,0,1,KRBKRNvK,LOSS,8/4r3/3B4/R7/8/8/1nK4k/8 b - - 0 1
1,1,0,0,0,0,0,1,-1,1,0,1,1,1,0,0,0,0,0,16,0,0,2,6,1,4,1,4,2,20,25,0,0,0,0,0,0,0,0,7,1,1,0,0,0,0,0,1,1,0,KRBKRNvK,DRAW,8/r7/8/8/2n4B/6R1/4k1K1/8 w - - 0 1
0,1,0,0,0,0,0,1,-1,1,0,1,1,1,0,0,0,0,0,16,0,0,4,2,7,2,3,4,1,20,29,0,0,0,0,0,0,0,0,7,1,1,0,0,0,0,2,2,1,0,KRBKRNvK,DRAW,2K5/8/3B4/8/1nk5/2r5/8/4R3 b - - 0 1
0,1,0,0,0,0,0,1,-1,1,0,1,1,1,0,0,0,0,0,16,0,0,2,4,6,6,5,2,3,26,31,0,0,0,0,0,0,0,0,7,1,1,0,0,0,0,1,1,0,0,KRBKRNvK,DRAW,R7/4K3/6k1/3B4/6n1/1r6/8/8 b - - 0 1
0,1,0,0,0,0,0,1,-1,1,0,1,1,1,0,0,0,0,0,16,0,0,2,5,5,4,7,2,3,23,28,0,0,0,0,0,0,0,0,7,1,1,0,0,0,0,1,1,0,0,KRBKRNvK,DRAW,4k3/8/5K2/8/5B2/1R4n1/8/2r5 b - - 0 1
1,1,0,0,0,0,0,1,-1,1,0,1,1,1,0,0,0,0,0,16,0,0,2,6,3,4,3,2,0,22,17,0,0,0,0,0,0,0,0,7,1,1,0,0,0,0,2,3,1,2,KRBKRNvK,DRAW,8/8/7r/8/1B2k1K1/7n/3R4/8 w - - 0 1
0,1,0,0,0,0,0,1,-1,1,0,1,1,1,0,0,0,0,0,16,0,0,3,6,3,6,0,2,5,7,0,1,0,0,0,0,0,0,0,7,1,1,0,0,0,0,2,3,0,1,KRBKRNvK,DRAW,8/B7/8/4r3/2n2RK1/8/8/6k1 b - - 0 1
0,1,0,0,0,0,0,1,-1,1,0,1,1,1,0,0,0,0,0,16,0,0,5,3,1,0,6,2,5,25,19,0,0,0,0,0,0,0,0,7,1,1,0,0,0,0,0,1,0,0,KRBKRNvK,DRAW,8/k1n5/6r1/8/8/8/3K1R2/2B5 b - - 0 1
1,1,0,0,0,0,0,1,-1,1,0,1,1,1,0,0,0,0,0,16,0,0,3,1,2,4,4,3,0,16,20,0,0,0,0,0,0,0,0,7,1,1,0,0,0,0,1,4,0,1,KRBKRNvK,DRAW,4n1B1/8/8/2r1k3/8/RK6/8/8 w - - 0 1
0,1,0,0,0,0,0,1,-1,1,0,1,1,1,0,0,0,0,0,16,0,0,6,5,1,6,7,3,5,20,23,0,0,0,0,0,0,0,0,7,1,1,0,0,0,0,0,2,0,0,KRBKRNvK,DRAW,3r2k1/6n1/8/8/8/7B/5K2/7R b - - 0 1
1,1,0,0,0,0,0,1,-1,1,0,1,1,1,0,0,0,0,0,16,0,0,6,0,5,6,0,4,5,22,21,0,0,0,0,0,0,0,0,7,1,1,0,0,0,0,2,2,0,1,KRBKRNvK,DRAW,8/8/K7/7R/2r4B/8/1n6/6k1 w - - 0 1
1,1,0,0,0,0,0,1,-1,1,0,1,1,1,0,0,0,0,0,16,0,0,2,2,5,0,7,2,6,6,0,1,0,0,0,0,0,0,0,7,1,1,0,0,0,0,2,0,0,1,KRBKRNvK,WIN,k7/8/2K5/7R/3n4/8/B7/r7 w - - 0 1
1,1,0,0,0,0,0,1,-1,1,0,1,1,1,0,0,0,0,0,16,0,0,2,7,4,5,2,3,2,22,22,0,0,0,0,0,0,0,0,7,1,1,0,0,0,0,3,2,2,1,KRBKRNvK,DRAW,8/6r1/8/7K/1n6/5k2/3R3B/8 w - - 0 1
0,1,0,0,0,0,0,1,-1,1,0,1,1,1,0,0,0,0,0,16,0,0,4,0,5,4,2,4,1,19,20,0,0,0,0,0,0,0,0,7,1,1,1,1,0,0,1,3,1,0,KRBKRNvK,DRAW,8/R2n4/K7/3B4/8/4k3/4r3/8 b - - 0 1
0,1,0,0,0,0,0,1,-1,1,0,1,1,1,0,0,0,0,0,16,0,0,4,5,1,1,2,3,3,22,21,0,0,0,0,0,0,0,0,7,1,1,0,0,0,0,2,0,0,0,KRBKRNvK,DRAW,8/8/1r6/6R1/8/nk6/5K2/6B1 b - - 0 1
0,1,0,0,0,0,0,1,-1,1,0,1,1,1,0,0,0,0,0,16,0,0,2,3,1,1,1,2,4,24,26,0,0,0,0,0,0,0,0,7,1,1,0,0,0,0,2,0,1,0,KRBKRNvK,DRAW,8/5r2/8/3n4/8/8/1kBK4/4R3 b - - 0 1
0,1,0,0,0,0,0,1,-1,1,0,1,1,1,0,0,0,0,0,16,0,0,7,0,7,1,0,6,5,4,0,1,0,0,0,0,0,0,0,7,1,1,0,0,0,0,3,1,1,0,KRBKRNvK,DRAW,K7/8/3n4/8/R7/7r/B7/1k6 b - - 0 1
1,1,0,0,0,0,0,1,-1,1,0,1,1,1,0,0,0,0,0,16,0,0,7,0,6,7,6,5,5,29,17,0,0,0,0,0,0,0,0,7,1,1,0,0,0,0,1,2,0,0,KRBKRNvK,DRAW,8/K6k/2R5/3B4/3r4/8/3n4/8 w - - 0 1
0,1,0,0,0,0,0,1,-1,1,0,1,1,1,0,0,0,0,0,16,0,0,3,7,0,4,2,6,1,23,26,0,0,0,0,0,0,0,0,7,1,1,1,0,0,0,1,2,0,1,KRBKRNvK,WIN,8/7R/4B3/8/8/4k3/8/r5nK b - - 0 1
1,1,0,0,0,0,0,1,-1,1,0,1,1,1,0,0,0,0,0,16,0,0,5,7,2,6,7,4,5,23,22,0,0,0,0,0,0,0,0,7,1,1,0,0,0,0,3,1,0,0,KRBKRNvK,DRAW,6k1/8/1Br3n1/8/3R4/7K/8/8 w - - 0 1
1,1,0,0,0,0,0,1,-1,1,0,1,1,1,0,0,0,0,0,16,0,0,3,3,1,0,0,2,6,24,16,0,0,0,0,0,0,0,0,7,1,1,0,0,0,0,2,0,0,0,KRBKRNvK,DRAW,1rB1R3/8/8/8/8/8/3K2n1/k7 w - - 0 1
1,1,0,0,0,0,0,1,-1,1,0,1,1,1,0,0,0,0,0,16,0,0,4,2,1,5,5,3,2,8,0,1,0,0,0,0,0,0,0,7,1,1,1,0,0,0,0,1,1,0,KRBKRNvK,DRAW,2r1n3/7R/5k2/8/8/8/2K5/4B3 w - - 0 1
1,1,0,0,0,0,0,1,-1,1,0,1,1,1,0,0,0,0,0,16,0,0,2,2,2,0,0,2,6,25,20,0,0,0,0,0,0,0,0,7,1,1,0,0,0,0,3,1,0,0,KRBKRNvK,WIN,8/6B1/6r1/8/1R6/2K5/5n2/k7 w - - 0 1
0,1,0,0,0,0,0,1,-1,1,0,1,1,1,0,0,0,0,0,16,0,0,2,3,0,4,2,3,1,25,16,0,0,0,0,0,0,0,0,7,1,1,0,0,0,0,0,2,1,1,KRBKRNvK,DRAW,8/6B1/5r2/8/8/4k3/3n2R1/3K4 b - - 0 1
0,1,0,0,0,0,0,1,-1,1,0,1,1,1,0,0,0,0,0,16,0,0,2,5,1,4,3,3,0,23,26,0,0,0,0,0,0,0,0,7,1,1,0,0,0,0,2,3,0,0,KRBKRNvK,DRAW,8/3Bn3/8/1R6/4k3/r7/5K2/8 b - - 0 1
0,1,0,0,0,0,0,1,-1,1,0,1,1,1,0,0,0,0,0,16,0,0,4,4,6,3,2,2,1,19,22,0,0,0,0,0,0,0,0,7,1,1,0,0,0,0,2,3,1,1,KRBKRNvK,DRAW,3r4/4K3/1B6/2R5/8/3k4/7n/8 b - - 0 1
1,1,0,0,0,0,0,1,-1,1,0,1,1,1,0,0,0,0,0,16,0,0,5,2,6,7,4,3,3,30,21,0,0,0,0,0,0,0,0,7,1,1,0,1,0,0,3,2,1,0,KRBKRNvK,DRAW,3R4/2K5/5B2/7k/n7/8/4r3/8 w - - 0 1
1,1,0,0,0,0,0,1,-1,1,0,1,1,1,0,0,0,0,0,16,0,0,2,1,1,0,3,4,3,26,16,0,0,0,0,0,0,0,0,7,1,1,0,0,0,0,1,0,0,1,KRBKRNvK,WIN,2R5/1n6/6B1/8/k7/r7/1K6/8 w - - 0 1
1,1,0,0,0,0,0,1,-1,1,0,1,1,1,0,0,0,0,0,16,0,0,3,4,1,7,2,2,4,27,23,0,0,0,0,0,0,0,0,7,1,1,1,0,0,0,2,2,0,0,KRBKRNvK,DRAW,2n5/3R4/8/8/Br6/7k/4K3/8 w - - 0 1
0,1,0,0,0,0,0,1,-1,1,0,1,1,1,0,0,0,0,0,16,0,0,6,6,7,3,1,5,2,21,24,0,0,0,0,0,0,0,0,7,1,1,0,0,0,0,3,2,1,0,KRBKRNvK,DRAW,6K1/8/1B6/7n/2r5/4R3/3k4/8 b - - 0 1
0,1,0,0,0,0,0,1,-1,1,0,1,1,1,0,0,0,0,0,16,0,0,4,2,1,6,1,3,4,21,28,0,0,0,0,0,0,0,0,7,1,1,0,0,0,0,2,0,1,1,KRBKRNvK,DRAW,8/5r2/3B4/8/8/8/2K3k1/3nR3 b - - 0 1
1,1,0,0,0,0,0,1,-1,1,0,1,1,1,0,0,0,0,0,16,0,0,3,5,5,2,3,2,1,28,21,0,0,0,0,0,0,0,0,7,1,1,0,0,0,0,2,2,2,0,KRBKRNvK,DRAW,8/8/R4K2/4B3/2k5/8/8/1n1r4 w - - 0 1
1,1,0,0,0,0,0,1,-1,1,0,1,1,1,0,0,0,0,0,16,0,0,6,0,3,6,4,3,2,20,21,0,0,0,0,0,0,0,0,7,1,1,0,0,0,0,0,2,1,0,KRBKRNvK,DRAW,4n3/8/8/3r2k1/K7/5R2/8/3B4 w - - 0 1
0,1,0,0,0,0,0,1,-1,1,0,1,1,1,0,0,0,0,0,16,0,0,7,7,0,0,4,6,3,21,23,0,0,0,0,0,0,0,0,7,1,1,0,0,0,0,1,0,1,1,KRBKRNvK,DRAW,8/1r6/8/k1B5/8/8/2R3n1/7K b - - 0 1
1,1,0,0,0,0,0,1,-1,1,0,1,1,1,0,0,0,0,0,16,0,0,2,4,1,6,0,2,5,27,20,0,0,0,0,0,0,0,0,7,1,1,0,0,0,0,1,1,0,0,KRBKRNvK,DRAW,8/2r5/R7/2n5/2B5/8/4K3/6k1 w - - 0 1
0,1,0,0,0,0,0,1,-1,1,0,1,1,1,0,0,0,0,0,16,0,0,4,6,5,2,6,3,3,4,0,1,0,0,0,0,0,0,0,7,1,1,1,1,0,0,1,1,0,0,KRBKRNvK,LOSS,8/2k2R2/6K1/8/3n1B2/8/3r4/8 b - - 0 1
0,1,0,0,0,0,0,1,-1,1,0,1,1,1,0,0,0,0,0,16,0,0,3,2,6,3,3,3,0,27,30,0,0,0,0,0,0,0,0,7,1,1,0,0,0,0,2,4,1,0,KRBKRNvK,DRAW,8/2K5/2B5/8/3k4/5n2/6R1/r7 b - - 0 1
0,1,0,0,0,0,0,1,-1,1,0,1,1,1,0,0,0,0,0,16,0,0,3,6,4,3,1,2,2,20,27,0,0,0,0,0,0,0,0,7,1,1,0,0,0,0,0,0,1,0,KRBKRNvK,DRAW,5r2/8/8/6K1/6B1/1R6/3k4/4n3 b - - 0 1
0,1,0,0,0,0,0,1,-1,1,0,1,1,1,0,0,0,0,0,16,0,0,7,7,4,0,3,3,3,3,0,1,0,0,0,0,0,0,0,7,1,1,0,0,0,0,1,0,1,0,KRBKRNvK,DRAW,n1r5/8/R7/7K/k7/8/8/1B6 b - - 0 1
1,1,0,0,0,0,0,1,-1,1,0,1,1,1,0,0,0,0,0,16,0,0,4,2,4,1,0,1,5,6,0,1,0,0,0,0,0,0,0,7,1,1,0,0,0,0,2,0,1,0,KRBKRNvK,DRAW,2r4n/8/8/1BK5/8/8/3R4/1k6 w - - 0 1
0,1,0,0,0,0,0,1,-1,1,0,1,1,1,0,0,0,0,0,16,0,0,6,7,2,1,7,4,5,6,0,1,0,0,0,0,0,0,0,7,1,1,0,0,0,0,0,3,0,0,KRBKRNvK,DRAW,1k6/3rB3/8/8/8/1Rn4K/8/8 b - - 0 1
1,1,0,0,0,0,0,1,-1,1,0,1,1,1,0,0,0,0,0,16,0,0,6,0,6,1,0,5,5,4,0,1,0,0,0,0,0,0,0,7,1,1,0,0,0,0,3,0,1,1,KRBKRNvK,DRAW,7n/K1r5/8/8/3R4/8/8/Bk6 w - - 0 1
1,1,0,0,0,0,0,1,-1,1,0,1,1,1,0,0,0,0,0,16,0,0,3,7,5,4,6,4,2,3,0,1,0,0,0,0,0,0,0,7,1,1,0,0,0,0,2,0,0,1,KRBKRNvK,DRAW,7r/n3k3/7K/8/8/3RB3/8/8 w - - 0 1
1,1,0,0,0,0,0,1,-1,1,0,1,1,1,0,0,0,0,0,16,0,0,5,2,6,7,3,3,3,20,18,0,0,0,0,0,0,0,0,7,1,1,0,0,0,0,0,1,0,0,KRBKRNvK,DRAW,1B5r/2K5/8/8/7k/R7/5n2/8 w - - 0 1
0,1,0,0,0,0,0,1,-1,1,0,1,1,1,0,0,0,0,0,16,0,0,4,7,3,4,7,3,3,20,29,0,0,0,0,0,0,0,0,7,1,1,0,0,0,0,1,0,1,0,KRBKRNvK,DRAW,4k1n1/5r2/4B3/8/7K/8/6R1/8 b - - 0 1
1,1,0,0,0,0,0,1,-1,1,0,1,1,1,0,0,0,0,0,16,0,0,5,6,3,1,5,2,3,21,23,0,0,0,0,0,0,0,0,7,1,1,0,0,0,0,0,0,0,0,KRBKRNvK,DRAW,7r/8/1k6/8/6K1/8/8/R3Bn2 w - - 0 1
0,1,0,0,0,0,0,1,-1,1,0,1,1,1,0,0,0,0,0,16,0,0,6,1,7,6,1,5,4,26,26,0,0,0,0,0,0,0,0,7,1,1,0,0,0,0,2,2,0,0,KRBKRNvK,DRAW,1K6/8/8/3r4/2R5/8/6k1/1Bn5 b - - 0 1
1,1,0,0,0,0,0,1,-1,1,0,1,1,1,0,0,0,0,0,16,0,0,6,1,3,7,6,2,5,24,21,0,0,0,0,0,0,0,0,7,1,1,0,0,0,0,3,1,0,0,KRBKRNvK,DRAW,8/7k/8/R7/1K6/5rn1/8/B7 w - - 0 1
1,1,0,0,0,0,0,1,-1,1,0,1,1,1,0,0,0,0,0,16,0,0,5,1,7,6,2,5,3,26,20,0,0,0,0,0,0,0,0,7,1,1,0,0,0,0,0,2,1,0,KRBKRNvK,DRAW,1K1B4/8/8/4n3/8/4r1k1/7R/8 w - - 0 1
0,1,0,0,0,0,0,1,-1,1,0,1,1,1,0,0,0,0,0,16,0,0,5,6,0,3,5,5,1,22,30,0,0,0,0,0,0,0,0,7,1,1,1,0,0,0,2,3,1,0,KRBKRNvK,DRAW,8/7R/3k1B2/8/2n5/3r4/8/6K1 b - - 0 1
0,1,0,0,0,0,0,1,-1,1,0,1,1,1,0,0,0,0,0,16,0,0,4,3,7,7,6,3,5,5,0,1,0,0,0,0,0,0,0,7,1,1,0,0,0,0,1,1,0,1,KRBKRNvK,DRAW,3K4/7k/3B1r2/8/8/6nR/8/8 b - - 0 1
0,1,0,0,0,0,0,1,-1,1,0,1,1,1,0,0,0,0,0,16,0,0,6,0,0,1,6,6,4,22,18,0,0,0,0,0,0,0,0,7,1,1,0,0,0,0,2,0,0,0,KRBKRNvK,DRAW,8/1k6/8/8/2R5/5r2/B7/K4n2 b - - 0 1
1,1,0,0,0,0,0,1,-1,1,0,1,1,1,0,0,0,0,0,16,0,0,4,1,5,5,1,3,3,24,17,0,0,0,0,0,0,0,0,7,1,1,0,0,0,0,0,2,0,0,KRBKRNvK,DRAW,7R/8/1K6/7B/7r/8/5k2/7n w - - 0 1
0,1,0,0,0,0,0,1,-1,1,0,1,1,1,0,0,0,0,0,16,0,0,4,4,1,3,5,2,1,8,0,1,0,0,0,0,0,0,0,7,1,1,0,0,0,0,2,4,0,0,KRBKRNvK,DRAW,8/8/3k4/1n6/1r6/8/3RK3/3B4 b - - 0 1
1,1,0,0,0,0,0,1,-1,1,0,1,1,1,0,0,0,0,0,16,0,0,2,3,4,5,4,0,1,22,20,0,0,0,0,0,0,0,0,7,1,1,0,0,0,0,3,3,1,1,KRBKRNvK,DRAW,8/4B3/8/n2K1k2/2r5/8/8/4R3 w - - 0 1
1,1,0,0,0,0,0,1,-1,1,0,1,1,1,0,0,0,0,0,16,0,0,2,4,1,2,2,2,2,27,21,0,0,0,0,0,0,0,0,7,1,1,0,0,0,0,2,3,1,0,KRBKRNvK,DRAW,8/3nB3/8/7r/1R6/2k5/4K3/8 w - - 0 1
0,1,0,0,0,0,0,1,-1,1,0,1,1,1,0,0,0,0,0,16,0,0,5,2,5,7,4,2,3,4,0,1,0,0,0,0,0,0,0,7,1,1,0,0,0,0,1,0,1,0,KRBKRNvK,DRAW,8/5B2/2K5/7k/7n/7r/2R5/8 b - - 0 1
1,1,0,0,0,0,0,1,-1,1,0,1,1,1,0,0,0,0,0,16,0,0,2,5,4,3,5,1,1,2,0,1,0,0,0,0,0,0,0,7,1,1,0,0,0,0,3,4,0,1,KRBKRNvK,DRAW,8/4n1B1/3k4/5K2/1r5R/8/8/8 w - - 0 1
1,1,0,0,0,0,0,1,-1,1,0,1,1,1,0,0,0,0,0,16,0,0,4,4,4,6,0,0,5,7,0,1,0,0,0,0,0,0,0,7,1,1,0,0,0,0,3,1,0,0,KRBKRNvK,DRAW,8/8/2R5/4K2r/8/8/2B5/2n3k1 w - - 0 1
0,1,0,0,0,0,0,1,-1,1,0,1,1,1,0,0,0,0,0,16,0,0,2,2,2,0,2,2,4,21,19,0,0,0,0,0,0,0,0,7,1,1,0,0,0,0,2,2,1,1,KRBKRNvK,DRAW,8/3n4/8/8/4r3/k1K5/2B3R1/8 b - - 0 1
1,1,0,0,0,0,0,1,-1,1,0,1,1,1,0,0,0,0,0,16,0,0,3,3,3,6,3,0,2,29,25,0,0,0,0,0,0,0,0,7,1,1,0,0,0,0,4,1,1,0,KRBKRNvK,DRAW,8/8/7r/6n1/R2KB1k1/8/8/8 w - - 0 1
0,1,0,0,0,0,0,1,-1,1,0,1,1,1,0,0,0,0,0,16,0,0,3,2,2,5,1,2,3,25,29,0,0,0,0,0,0,0,0,7,1,1,0,0,0,0,2,2,0,0,KRBKRNvK,DRAW,8/4n3/7R/5r2/8/2K5/B4k2/8 b - - 0 1
0,1,0,0,0,0,0,1,-1,1,0,1,1,1,0,0,0,0,0,16,0,0,5,7,5,2,3,4,1,25,25,0,0,0,0,0,0,0,0,7,1,1,1,0,0,0,2,2,1,0,KRBKRNvK,DRAW,8/6R1/7K/8/1nk5/8/1B6/3r4 b - - 0 1
1,1,0,0,0,0,0,1,-1,1,0,1,1,1,0,0,0,0,0,16,0,0,5,2,1,1,6,3,4,5,0,1,0,0,0,0,0,0,0,7,1,1,0,1,0,0,0,1,0,1,KRBKRNvK,DRAW,8/1k6/8/8/B1n5/2R5/2K3r1/8 w - - 0 1
1,1,0,0,0,0,0,1,-1,1,0,1,1,1,0,0,0,0,0,16,0,0,4,2,2,6,2,2,3,29,23,0,0,0,0,0,0,0,0,7,1,1,0,0,0,0,2,0,0,1,KRBKRNvK,DRAW,8/4B3/6r1/4n3/R7/2K3k1/8/8 w - - 0 1
1,1,0,0,0,0,0,1,-1,1,0,1,1,1,0,0,0,0,0,16,0,0,2,3,0,1,0,3,5,2,0,1,0,0,0,0,0,0,0,7,1,1,1,0,0,0,0,3,0,1,KRBKRNvK,DRAW,8/R7/5n2/8/6B1/3r4/8/1k1K4 w - - 0 1
0,1,0,0,0,0,0,1,-1,1,0,1,1,1,0,0,0,0,0,16,0,0,5,7,3,2,7,3,4,18,24,0,0,0,0,0,0,0,0,7,1,1,0,0,0,0,3,0,0,1,KRBKRNvK,DRAW,n1k5/8/6r1/8/7K/3R1B2/8/8 b - - 0 1
0,1,0,0,0,0,0,1,-1,1,0,1,1,1,0,0,0,0,0,16,0,0,6,4,0,5,6,3,3,23,27,0,0,0,0,0,0,0,0,7,1,1,0,1,0,0,3,0,1,1,KRBKRNvK,DRAW,8/5k2/3R4/n7/8/5B2/2r5/4K3 b - - 0 1
0,1,0,0,0,0,0,1,-1,1,0,1,1,1,0,0,0,0,0,16,0,0,5,5,2,5,7,2,4,20,29,0,0,0,0,0,0,0,0,7,1,1,0,0,0,0,4,2,1,0,KRBKRNvK,DRAW,5k2/1n6/5B2/r7/3R4/5K2/8/8 b - - 0 1
0,1,0,0,0,0,0,1,-1,1,0,1,1,1,0,0,0,0,0,16,0,0,3,4,1,7,2,2,4,22,22,0,0,0,0,0,0,0,0,7,1,1,0,0,0,0,2,2,0,0,KRBKRNvK,DRAW,8/7n/3r4/1R6/B7/7k/4K3/8 b - - 0 1
0,1,0,0,0,0,0,1,-1,1,0,1,1,1,0,0,0,0,0,16,0,0,3,4,3,1,5,0,3,22,23,0,0,0,0,0,0,0,0,7,1,1,0,0,0,0,3,2,0,0,KRBKRNvK,DRAW,5RB1/8/1k6/1r6/4K3/8/8/5n2 b - - 0 1
0,1,0,0,0,0,0,1,-1,1,0,1,1,1,0,0,0,0,0,16,0,0,3,7,4,6,1,3,4,6,0,1,0,0,0,0,0,0,0,7,1,1,0,0,0,0,2,1,1,1,KRBKRNvK,DRAW,8/8/2r5/1B4nK/8/8/4R1k1/8 b - - 0 1
0,1,0,0,0,0,0,1,-1,1,0,1,1,1,0,0,0,0,0,16,0,0,2,0,4,2,6,3,3,6,0,1,0,0,0,0,0,0,0,7,1,1,0,0,0,0,1,3,1,0,KRBKRNvK,DRAW,8/2k1r3/1B6/K7/5n2/8/8/1R6 b - - 0 1
1,1,0,0,0,0,0,1,-1,1,0,1,1,1,0,0,0,0,0,16,0,0,4,7,7,3,5,6,1,21,17,0,0,0,0,0,0,0,0,7,1,1,0,0,0,0,2,2,1,1,KRBKRNvK,DRAW,1n5K/8/3k2r1/8/B1R5/8/8/8 w - - 0 1
0,1,0,0,0,0,0,1,-1,1,0,1,1,1,0,0,0,0,0,16,0,0,3,1,6,3,3,4,0,6,0,1,0,0,0,0,0,0,0,7,1,1,0,0,0,0,2,3,1,0,KRBKRNvK,DRAW,6r1/1K1B4/3R4/8/3k4/8/8/4n3 b - - 0 1
1,1,0,0,0,0,0,1,-1,1,0,1,1,1,0,0,0,0,0,16,0,0,5,0,1,3,6,5,2,24,23,0,0,0,0,0,0,0,0,7,1,1,0,0,0,0,0,3,0,0,KRBKRNvK,DRAW,8/3k4/R7/7B/4rn2/8/K7/8 w - - 0 1
0,1,0,0,0,0,0,1,-1,1,0,1,1,1,0,0,0,0,0,16,0,0,3,1,3,1,6,2,4,24,24,0,0,0,0,0,0,0,0,7,1,1,0,0,0,0,2,1,0,2,KRBKRNvK,DRAW,4R3/1k5B/8/1n6/1K6/r7/8/8 b - - 0 1
1,1,0,0,0,0,0,1,-1,1,0,1,1,1,0,0,0,0,0,16,0,0,4,5,0,4,4,4,0,4,0,1,0,0,0,0,0,0,0,7,1,1,0,0,0,0,2,4,0,0,KRBKRNvK,LOSS,B2R4/5r2/2n5/4k3/8/8/8/5K2 w - - 0 1
0,1,0,0,0,0,0,1,-1,1,0,1,1,1,0,0,0,0,0,16,0,0,6,5,0,7,6,4,5,25,24,0,0,0,0,0,0,0,0,7,1,1,0,0,0,0,2,1,0,0,KRBKRNvK,DRAW,8/4B2k/8/8/4R1n1/2r5/8/5K2 b - - 0 1
0,1,0,0,0,0,0,1,-1,1,0,1,1,1,0,0,0,0,0,16,0,0,2,3,2,3,4,1,0,21,19,0,0,0,0,0,0,0,0,7,1,1,0,0,0,0,2,3,1,0,KRBKRNvK,DRAW,8/6rn/B7/3k4/8/3K1R2/8/8 b - - 0 1
1,1,0,0,0,0,0,1,-1,1,0,1,1,1,0,0,0,0,0,16,0,0,3,6,3,4,0,2,3,25,16,0,0,0,0,0,0,0,0,7,1,1,0,0,0,0,0,0,0,0,KRBKRNvK,DRAW,3r4/3B4/2R5/8/6K1/8/8/4kn2 w - - 0 1
1,1,0,0,0,0,0,1,-1,1,0,1,1,1,0,0,0,0,0,16,0,0,5,2,7,7,5,4,4,5,0,1,0,0,0,0,0,0,0,7,1,1,0,1,0,0,0,0,0,0,KRBKRNvK,DRAW,2K5/8/7k/8/8/R6B/2r3n1/8 w - - 0 1
1,1,0,0,0,0,0,1,-1,1,0,1,1,1,0,0,0,0,0,16,0,0,4,3,5,7,5,1,4,24,22,0,0,0,0,0,0,0,0,7,1,1,0,1,0,0,2,0,1,0,KRBKRNvK,DRAW,8/8/R2K3k/8/7B/8/6r1/2n5 w - - 0 1
1,1,0,0,0,0,0,1,-1,1,0,1,1,1,0,0,0,0,0,16,0,0,4,3,4,1,0,0,5,5,0,1,0,0,0,0,0,0,0,7,1,1,0,0,0,0,4,1,0,2,KRBKRNvK,DRAW,2R5/5B2/5r2/3K4/5n2/8/8/1k6 w - - 0 1
1,1,0,0,0,0,0,1,-1,1,0,1,1,1,0,0,0,0,0,16,0,0,3,3,6,0,4,2,3,27,23,0,0,0,0,0,0,0,0,7,1,1,0,0,0,0,3,1,0,1,KRBKRNvK,DRAW,8/3K4/8/kn1B4/8/2r5/8/3R4 w - - 0 1
1,1,0,0,0,0,0,1,-1,1,0,1,1,1,0,0,0,0,0,16,0,0,3,6,0,4,3,5,0,5,0,1,0,0,0,0,0,0,0,7,1,1,0,0,0,0,2,3,0,0,KRBKRNvK,LOSS,6r1/8/8/8/4k3/n7/1B6/1R4K1 w - - 0 1
1,1,0,0,0,0,0,1,-1,1,0,1,1,1,0,0,0,0,0,16,0,0,6,1,4,7,6,2,5,26,18,0,0,0,0,0,0,0,0,7,1,1,1,0,0,0,2,0,2,0,KRBKRNvK,DRAW,3n4/5RBk/6r1/1K6/8/8/8/8 w - - 0 1
1,1,0,0,0,0,0,1,-1,1,0,1,1,1,0,0,0,0,0,16,0,0,3,3,4,6,3,0,2,27,21,0,0,0,0,0,0,0,0,7,1,1,0,0,0,0,3,1,1,1,KRBKRNvK,DRAW,8/B7/8/3K1n2/6k1/7R/8/5r2 w - - 0 1
0,1,0,0,0,0,0,1,-1,1,0,1,1,1,0,0,0,0,0,16,0,0,5,2,7,1,2,4,3,12,19,0,0,0,0,0,0,0,0,7,1,1,0,0,0,0,1,4,1,0,KRBKRNvK,DRAW,2K5/8/4Bn2/2Rr4/8/1k6/8/8 b - - 0 1
0,1,0,0,0,0,0,1,-1,1,0,1,1,1,0,0,0,0,0,16,0,0,6,2,7,0,1,4,5,20,23,0,0,0,0,0,0,0,0,7,1,1,0,1,0,0,1,2,1,0,KRBKRNvK,DRAW,2K5/8/8/8/8/8/k3r3/2R2nB1 b - - 0 1
0,1,0,0,0,0,0,1,-1,1,0,1,1,1,0,0,0,0,0,16,0,0,7,0,2,7,3,4,3,3,0,1,0,0,0,0,0,0,0,7,1,1,0,0,0,0,0,2,1,0,KRBKRNvK,DRAW,7n/8/B7/3r4/7k/K7/7R/8 b - - 0 1
0,1,0,0,0,0,0,1,-1,1,0,1,1,1,0,0,0,0,0,16,0,0,2,5,5,6,7,2,5,5,0,1,0,0,0,0,0,0,0,7,1,1,0,0,0,0,2,2,0,1,KRBKRNvK,LOSS,6k1/8/5K2/3r4/8/4B3/6Rn/8 b - - 0 1
0,1,0,0,0,0,0,1,-1,1,0,1,1,1,0,0,0,0,0,16,0,0,5,0,3,5,3,3,1,22,25,0,0,0,0,0,0,0,0,7,1,1,0,0,0,0,2,4,1,1,KRBKRNvK,DRAW,8/3r4/8/n7/K4k2/8/1B4R1/8 b - - 0 1
0,1,0,0,0,0,0,1,-1,1,0,1,1,1,0,0,0,0,0,16,0,0,4,7,5,3,2,4,1,20,22,0,0,0,0,0,0,0,0,7,1,1,0,0,0,0,1,2,0,0,KRBKRNvK,DRAW,2r1n3/B7/7K/8/8/3k4/8/7R b - - 0 1
1,1,0,0,0,0,0,1,-1,1,0,1,1,1,0,0,0,0,0,16,0,0,2,1,3,0,5,2,4,3,0,1,0,0,0,0,0,0,0,7,1,1,0,0,0,0,2,2,0,1,KRBKRNvK,DRAW,7R/8/k7/8/1K2r3/3n4/8/B7 w - - 0 1
0,1,0,0,0,0,0,1,-1,1,0,1,1,1,0,0,0,0,0,16,0,0,2,3,2,5,3,1,1,27,20,0,0,0,0,0,0,0,0,7,1,1,1,0,0,0,4,2,0,1,KRBKRNvK,DRAW,6B1/4R3/2r5/8/4nk2/3K4/8/8 b - - 0 1
0,1,0,0,0,0,0,1,-1,1,0,1,1,1,0,0,0,0,0,16,0,0,2,0,7,2,7,6,4,23,15,0,0,0,0,0,0,0,0,7,1,1,0,0,0,0,0,0,1,1,KRBKRNvK,DRAW,KBk5/2r5/8/8/4n3/R7/8/8 b - - 0 1
1,1,0,0,0,0,0,1,-1,1,0,1,1,1,0,0,0,0,0,16,0,0,2,1,5,3,5,3,1,19,18,0,0,0,0,0,0,0,0,7,1,1,0,0,0,0,2,2,1,1,KRBKRNvK,DRAW,8/n6r/1K1k4/B7/4R3/8/8/8 w - - 0 1
0,1,0,0,0,0,0,1,-1,1,0,1,1,1,0,0,0,0,0,16,0,0,2,2,2,4,0,2,3,21,21,0,0,0,0,0,0,0,0,7,1,1,0,0,0,0,3,2,0,0,KRBKRNvK,DRAW,4r3/5n2/8/5R2/8/2K5/8/B3k3 b - - 0 1
0,1,0,0,0,0,0,1,-1,1,0,1,1,1,0,0,0,0,0,16,0,0,7,7,4,0,3,3,3,4,0,1,0,0,0,0,0,0,0,7,1,1,1,0,0,0,0,1,0,0,KRBKRNvK,DRAW,2r5/R7/8/2n3BK/k7/8/8/8 b - - 0 1
1,1,0,0,0,0,0,1,-1,1,0,1,1,1,0,0,0,0,0,16,0,0,2,2,6,1,4,3,2,26,23,0,0,0,0,0,0,0,0,7,1,1,0,0,0,0,0,1,0,0,KRBKRNvK,DRAW,2B5/2K5/8/1k6/8/r3n3/5R2/8 w - - 0 1
1,1,0,0,0,0,0,1,-1,1,0,1,1,1,0,0,0,0,0,16,0,0,2,4,2,2,4,1,1,5,0,1,0,0,0,0,0,0,0,7,1,1,1,0,0,0,3,2,2,1,KRBKRNvK,LOSS,8/3rR3/8/2k1B3/8/4K3/2n5/8 w - - 0 1
1,1,0,0,0,0,0,1,-1,1,0,1,1,1,0,0,0,0,0,16,0,0,7,0,5,7,4,4,3,22,21,0,0,0,0,0,0,0,0,7,1,1,0,0,0,0,1,2,0,0,KRBKRNvK,DRAW,R7/8/K7/7k/6r1/8/2B5/5n2 w - - 0 1
0,1,0,0,0,0,0,1,-1,1,0,1,1,1,0,0,0,0,0,16,0,0,5,2,0,3,5,4,1,19,23,0,0,0,0,0,0,0,0,7,1,1,0,0,0,0,1,3,1,0,KRBKRNvK,DRAW,8/1r6/R1nk4/5B2/8/8/8/2K5 b - - 0 1
0,1,0,0,0,0,0,1,-1,1,0,1,1,1,0,0,0,0,0,16,0,0,6,4,6,3,0,2,3,2,0,1,0,0,0,0,0,0,0,7,1,1,0,1,0,0,0,0,0,0,KRBKRNvK,DRAW,8/4K3/7n/8/8/B7/2r5/3k2R1 b - - 0 1
1,1,0,0,0,0,0,1,-1,1,0,1,1,1,0,0,0,0,0,16,0,0,6,0,2,6,4,4,2,26,26,0,0,0,0,0,0,0,0,7,1,1,0,0,0,0,0,1,0,0,KRBKRNvK,DRAW,7r/8/6n1/B5k1/8/K7/8/2R5 w - - 0 1
1,1,0,0,0,0,0,1,-1,1,0,1,1,1,0,0,0,0,0,16,0,0,3,4,6,1,7,2,5,31,22,0,0,0,0,0,0,0,0,7,1,1,0,0,0,0,3,0,0,0,KRBKRNvK,DRAW,1k6/4K1B1/n7/8/8/7r/8/3R4 w - - 0 1
0,1,0,0,0,0,0,1,-1,1,0,1,1,1,0,0,0,0,0,16,0,0,7,3,7,2,0,3,4,19,26,0,0,0,0,0,0,0,0,7,1,1,0,0,0,0,2,0,0,0,KRBKRNvK,DRAW,B2K4/8/8/8/8/7R/1n6/2k2r2 b - - 0 1
0,1,0,0,0,0,0,1,-1,1,0,1,1,1,0,0,0,0,0,16,0,0,3,3,5,0,6,1,5,24,28,0,0,0,0,0,0,0,0,7,1,1,0,0,0,0,3,3,1,1,KRBKRNvK,DRAW,4r3/k5B1/3K4/1R6/8/5n2/8/8 b - - 0 1
0,1,0,0,0,0,0,1,-1,1,0,1,1,1,0,0,0,0,0,16,0,0,3,2,0,2,3,4,1,26,23,0,0,0,0,0,0,0,0,7,1,1,1,0,0,0,2,4,0,1,KRBKRNvK,DRAW,8/6R1/8/8/2k5/4r3/5n2/B1K5 b - - 0 1
1,1,0,0,0,0,0,1,-1,1,0,1,1,1,0,0,0,0,0,16,0,0,5,7,0,3,5,6,1,24,16,0,0,0,0,0,0,0,0,7,1,1,1,0,0,0,0,2,0,0,KRBKRNvK,DRAW,8/6R1/2rk4/n7/8/8/8/5B1K w - - 0 1
1,1,0,0,0,0,0,1,-1,1,0,1,1,1,0,0,0,0,0,16,0,0,5,6,2,1,2,3,3,7,0,1,0,0,0,0,0,0,0,7,1,1,0,0,0,0,1,1,0,1,KRBKRNvK,DRAW,7R/r7/1B6/5n2/8/1k4K1/8/8 w - - 0 1
1,1,0,0,0,0,0,1,-1,1,0,1,1,1,0,0,0,0,0,16,0,0,2,3,4,3,2,0,1,2,0,1,0,0,0,0,0,0,0,7,1,1,1,0,0,0,4,3,0,1,KRBKRNvK,DRAW,1B6/3R4/7r/3K4/8/3kn3/8/8 w - - 0 1
1,1,0,0,0,0,0,1,-1,1,0,1,1,1,0,0,0,0,0,16,0,0,2,5,5,3,3,2,0,20,28,0,0,0,0,0,0,0,0,7,1,1,0,0,0,0,1,3,0,0,KRBKRNvK,DRAW,7R/8/5K2/8/3k3B/4n3/8/2r5 w - - 0 1
0,1,0,0,0,0,0,1,-1,1,0,1,1,1,0,0,0,0,0,16,0,0,5,5,6,0,5,3,4,21,25,0,0,0,0,0,0,0,0,7,1,1,0,1,0,0,0,2,0,0,KRBKRNvK,DRAW,n7/5K2/k7/8/8/2R4B/4r3/8 b - - 0 1
1,1,0,0,0,0,0,1,-1,1,0,1,1,1,0,0,0,0,0,16,0,0,3,4,3,6,0,0,5,20,19,0,0,0,0,0,0,0,0,7,1,1,0,0,0,0,4,2,0,0,KRBKRNvK,DRAW,8/8/8/1r6/4KR2/8/8/1n1B2k1 w - - 0 1
1,1,0,0,0,0,0,1,-1,1,0,1,1,1,0,0,0,0,0,16,0,0,4,5,0,1,1,4,4,22,24,0,0,0,0,0,0,0,0,7,1,1,0,0,0,0,2,2,0,0,KRBKRNvK,DRAW,8/4r3/8/6R1/6B1/8/1k6/1n3K2 w - - 0 1
1,1,0,0,0,0,0,1,-1,1,0,1,1,1,0,0,0,0,0,16,0,0,6,1,1,7,6,4,5,29,9,0,0,0,0,0,0,0,0,7,1,1,0,0,0,0,1,0,1,0,KRBKRNvK,DRAW,n6r/5B1k/1R6/8/8/8/1K6/8 w - - 0 1
0,1,0,0,0,0,0,1,-1,1,0,1,1,1,0,0,0,0,0,16,0,0,2,6,0,6,2,5,3,5,0,1,0,0,0,0,0,0,0,7,1,1,1,0,0,0,1,2,0,0,KRBKRNvK,LOSS,1B6/R7/8/r7/8/6k1/n7/6K1 b - - 0 1
1,1,0,0,0,0,0,1,-1,1,0,1,1,1,0,0,0,0,0,16,0,0,4,3,2,1,6,1,4,4,0,1,0,0,0,0,0,0,0,7,1,1,0,0,0,0,3,2,0,1,KRBKRNvK,DRAW,8/1k6/4r3/2n5/3R4/3K4/8/1B6 w - - 0 1
0,1,0,0,0,0,0,1,-1,1,0,1,1,1,0,0,0,0,0,16,0,0,2,1,3,1,1,2,4,21,27,0,0,0,0,0,0,0,0,7,1,1,0,0,0,0,2,0,0,0,KRBKRNvK,DRAW,2R5/1B6/6r1/8/1K6/8/1k6/2n5 b - - 0 1
1,1,0,0,0,0,0,1,-1,1,0,1,1,1,0,0,0,0,0,16,0,0,7,4,0,5,7,3,4,23,17,0,0,0,0,0,0,0,0,7,1,1,0,0,0,0,2,0,0,2,KRBKRNvK,DRAW,5k2/8/8/8/4B3/8/4R3/4Knr1 w - - 0 1
0,1,0,0,0,0,0,1,-1,1,0,1,1,1,0,0,0,0,0,16,0,0,7,2,0,0,7,4,6,21,27,0,0,0,0,0,0,0,0,7,1,1,0,0,0,0,0,0,0,1,KRBKRNvK,DRAW,k7/8/7R/8/1B6/5r2/1n6/2K5 b - - 0 1
0,1,0,0,0,0,0,1,-1,1,0,1,1,1,0,0,0,0,0,16,0,0,3,6,5,3,4,3,0,21,27,0,0,0,0,0,0,0,0,7,1,1,0,0,0,0,1,4,1,1,KRBKRNvK,DRAW,8/2B5/6K1/3k3r/1n6/8/5R2/8 b - - 0 1
1,1,0,0,0,0,0,1,-1,1,0,1,1,1,0,0,0,0,0,16,0,0,6,1,6,3,0,4,3,7,0,1,0,0,0,0,0,0,0,7,1,1,0,0,0,0,3,0,0,0,KRBKRNvK,DRAW,8/BK6/8/4R3/8/8/8/1r1k3n w - - 0 1
1,1,0,0,0,0,0,1,-1,1,0,1,1,1,0,0,0,0,0,16,0,0,4,4,7,0,5,3,4,5,0,1,0,0,0,0,0,0,0,7,1,1,0,0,0,0,2,2,2,0,KRBKRNvK,DRAW,B1R1K3/8/k7/8/8/4r3/8/2n5 w - - 0 1
0,1,0,0,0,0,0,1,-1,1,0,1,1,1,0,0,0,0,0,16,0,0,5,1,7,1,2,5,3,6,0,1,0,0,0,0,0,0,0,7,1,1,0,0,0,0,2,1,1,0,KRBKRNvK,DRAW,1K6/5n2/6r1/6B1/8/1k1R4/8/8 b - - 0 1
1,1,0,0,0,0,0,1,-1,1,0,1,1,1,0,0,0,0,0,16,0,0,5,7,7,2,3,6,1,20,24,0,0,0,0,0,0,0,0,7,1,1,0,0,0,0,2,3,1,0,KRBKRNvK,DRAW,2Bn3K/8/4R3/3r4/2k5/8/8/8 w - - 0 1
1,1,0,0,0,0,0,1,-1,1,0,1,1,1,0,0,0,0,0,16,0,0,2,0,3,0,5,3,4,3,0,1,0,0,0,0,0,0,0,7,1,1,0,1,0,0,1,1,0,1,KRBKRNvK,DRAW,8/8/k5B1/8/K7/7R/r4n2/8 w - - 0 1
1,1,0,0,0,0,0,1,-1,1,0,1,1,1,0,0,0,0,0,16,0,0,7,0,1,7,6,5,5,5,0,1,0,0,0,0,0,0,0,7,1,1,0,0,0,0,2,2,0,0,KRBKRNvK,DRAW,8/7k/r1n5/1R6/8/8/K7/2B5 w - - 0 1
0,1,0,0,0,0,0,1,-1,1,0,1,1,1,0,0,0,0,0,16,0,0,4,4,4,0,2,0,4,19,28,0,0,0,0,0,0,0,0,7,1,1,1,1,0,0,3,0,0,0,KRBKRNvK,DRAW,8/1R3B2/8/4K3/8/k7/6r1/3n4 b - - 0 1
0,1,0,0,0,0,0,1,-1,1,0,1,1,1,0,0,0,0,0,16,0,0,5,2,4,7,7,1,6,18,21,0,0,0,0,0,0,0,0,7,1,1,0,0,0,0,2,0,0,0,KRBKRNvK,DRAW,7k/8/7r/2K5/8/8/B7/2R3n1 b - - 0 1
1,1,0,0,0,0,0,1,-1,1,0,1,1,1,0,0,0,0,0,16,0,0,3,3,0,6,2,3,3,4,0,1,0,0,0,0,0,0,0,7,1,1,0,0,0,0,2,2,0,1,KRBKRNvK,DRAW,2R5/8/2B5/8/3r4/6k1/8/3K1n2 w - - 0 1
1,1,0,0,0,0,0,1,-1,1,0,1,1,1,0,0,0,0,0,16,0,0,3,2,0,5,2,4,2,23,23,0,0,0,0,0,0,0,0,7,1,1,0,0,0,0,1,3,1,0,KRBKRNvK,DRAW,3r4/5B2/n7/8/8/5k2/8/2K3R1 w - - 0 1
0,1,0,0,0,0,0,1,-1,1,0,1,1,1,0,0,0,0,0,16,0,0,4,0,3,2,7,3,4,23,25,0,0,0,0,0,0,0,0,7,1,1,0,0,0,0,0,2,0,1,KRBKRNvK,DRAW,2k5/8/8/1r6/K7/5R1n/3B4/8 b - - 0 1
1,1,0,0,0,0,0,1,-1,1,0,1,1,1,0,0,0,0,0,16,0,0,4,3,3,2,7,0,4,24,13,0,0,0,0,0,0,0,0,7,1,1,0,0,0,0,4,0,1,0,KRBKRNvK,DRAW,Brk5/n7/8/8/3K4/8/3R4/8 w - - 0 1
1,1,0,0,0,0,0,1,-1,1,0,1,1,1,0,0,0,0,0,16,0,0,3,3,4,6,1,0,4,27,16,0,0,0,0,0,0,0,0,7,1,1,0,0,0,0,4,0,0,0,KRBKRNvK,DRAW,7n/8/R7/3K4/8/1B6/6k1/6r1 w - - 0 1
1,1,0,0,0,0,0,1,-1,1,0,1,1,1,0,0,0,0,0,16,0,0,3,5,1,5,4,3,1,7,0,1,0,0,0,0,0,0,0,7,1,1,1,0,0,0,2,3,1,1,KRBKRNvK,DRAW,8/4R3/8/B1r2k2/8/8/5K2/3n4 w - - 0 1
0,1,0,0,0,0,0,1,-1,1,0,1,1,1,0,0,0,0,0,16,0,0,4,7,0,3,4,6,0,6,0,1,0,0,0,0,0,0,0,7,1,1,0,0,0,0,1,3,1,0,KRBKRNvK,DRAW,7n/8/6r1/3k4/8/RB6/8/7K b - - 0 1
0,1,0,0,0,0,0,1,-1,1,0,1,1,1,0,0,0,0,0,16,0,0,5,1,7,6,2,5,3,20,24,0,0,0,0,0,0,0,0,7,1,1,0,0,0,0,2,1,0,0,KRBKRNvK,DRAW,1KR5/8/6n1/8/8/2B3kr/8/8 b - - 0 1
0,1,0,0,0,0,0,1,-1,1,0,1,1,1,0,0,0,0,0,16,0,0,4,7,7,3,7,6,3,6,0,1,0,0,0,0,0,0,0,7,1,1,0,0,0,0,3,2,0,0,KRBKRNvK,DRAW,3k3K/8/8/4r3/8/3Rn3/1B6/8 b - - 0 1
0,1,0,0,0,0,0,1,-1,1,0,1,1,1,0,0,0,0,0,16,0,0,4,0,1,1,5,5,3,24,24,0,0,0,0,0,0,0,0,7,1,1,0,0,0,0,3,0,0,1,KRBKRNvK,DRAW,3n4/8/1k6/8/4R3/3B4/K7/2r5 b - - 0 1
0,1,0,0,0,0,0,1,-1,1,0,1,1,1,0,0,0,0,0,16,0,0,4,4,3,0,1,0,5,19,25,0,0,0,0,0,0,0,0,7,1,1,0,0,0,0,4,0,0,1,KRBKRNvK,DRAW,8/1B6/r7/8/4K3/8/k5n1/5R2 b - - 0 1
1,1,0,0,0,0,0,1,-1,1,0,1,1,1,0,0,0,0,0,16,0,0,2,6,3,5,5,2,2,5,0,1,0,0,0,0,0,0,0,7,1,1,0,0,0,0,3,1,0,1,KRBKRNvK,DRAW,6n1/8/2B2kr1/8/R5K1/8/8/8 w - - 0 1
0,1,0,0,0,0,0,1,-1,1,0,1,1,1,0,0,0,0,0,16,0,0,3,1,7,0,4,5,3,21,15,0,0,0,0,0,0,0,0,7,1,1,0,0,0,0,2,0,0,0,KRBKRNvK,DRAW,1K4R1/5rn1/8/k7/8/8/8/7B b - - 0 1
1,1,0,0,0,0,0,1,-1,1,0,1,1,1,0,0,0,0,0,16,0,0,4,5,1,1,4,3,2,17,23,0,0,0,0,0,0,0,0,7,1,1,0,0,0,0,0,1,0,0,KRBKRNvK,DRAW,8/2n5/8/1k6/8/1r5B/5K2/5R2 w - - 0 1
1,1,0,0,0,0,0,1,-1,1,0,1,1,1,0,0,0,0,0,16,0,0,3,6,3,3,3,2,0,29,25,0,0,0,0,0,0,0,0,7,1,1,0,0,0,0,0,3,0,1,KRBKRNvK,DRAW,1R6/8/4r3/8/n2k2K1/8/8/4B3 w - - 0 1
0,1,0,0,0,0,0,1,-1,1,0,1,1,1,0,0,0,0,0,16,0,0,4,4,4,6,0,0,5,15,23,0,0,0,0,0,0,0,0,7,1,1,1,0,0,0,4,0,0,0,KRBKRNvK,DRAW,8/4R2B/8/4K3/8/8/8/rn4k1 b - - 0 1
0,1,0,0,0,0,0,1,-1,1,0,1,1,1,0,0,0,0,0,16,0,0,4,6,2,6,6,3,4,26,24,0,0,0,0,0,0,0,0,7,1,1,0,1,0,0,1,3,0,0,KRBKRNvK,DRAW,8/5nk1/8/8/5B2/2R3K1/3r4/8 b - - 0 1
0,1,0,0,0,0,0,1,-1,1,0,1,1,1,0,0,0,0,0,16,0,0,2,3,6,5,5,2,2,21,22,0,0,0,0,0,0,0,0,7,1,1,0,0,0,0,4,1,1,0,KRBKRNvK,DRAW,6r1/3K4/5k2/4R3/8/8/1B6/2n5 b - - 0 1
1,1,0,0,0,0,0,1,-1,1,0,1,1,1,0,0,0,0,0,16,0,0,3,5,5,2,5,2,2,4,0,1,0,0,0,0,0,0,0,7,1,1,0,0,0,0,2,3,0,2,KRBKRNvK,LOSS,4n3/8/2k2K2/8/4r3/4R3/2B5/8 w - - 0 1
0,1,0,0,0,0,0,1,-1,1,0,1,1,1,0,0,0,0,0,16,0,0,2,2,6,4,4,3,0,28,22,0,0,0,0,0,0,0,0,7,1,1,0,0,0,0,0,3,0,1,KRBKRNvK,DRAW,8/2K5/3n4/4k3/8/1r6/3B2R1/8 b - - 0 1
1,1,0,0,0,0,0,1,-1,1,0,1,1,1,0,0,0,0,0,16,0,0,4,4,3,6,7,0,5,5,0,1,0,0,0,0,0,0,0,7,1,1,0,0,0,0,3,2,0,0,KRBKRNvK,LOSS,6k1/4r3/8/8/4K3/7R/4B3/6n1 w - - 0 1
0,1,0,0,0,0,0,1,-1,1,0,1,1,1,0,0,0,0,0,16,0,0,3,6,1,3,2,4,1,28,30,0,0,0,0,0,0,0,0,7,1,1,0,0,0,0,1,4,1,0,KRBKRNvK,DRAW,8/4n3/3B4/2r5/8/3k4/6K1/1R6 b - - 0 1
0,1,0,0,0,0,0,1,-1,1,0,1,1,1,0,0,0,0,0,16,0,0,3,4,5,1,2,1,3,27,24,0,0,0,0,0,0,0,0,7,1,1,0,0,0,0,4,3,0,1,KRBKRNvK,DRAW,8/8/3RK1n1/8/r7/1k6/6B1/8 b - - 0 1
1,1,0,0,0,0,0,1,-1,1,0,1,1,1,0,0,0,0,0,16,0,0,4,4,3,0,6,0,5,15,22,0,0,0,0,0,0,0,0,7,1,1,0,0,0,0,4,2,0,0,KRBKRNvK,DRAW,8/k7/8/7r/4K3/4R3/8/2B3n1 w - - 0 1
1,1,0,0,0,0,0,1,-1,1,0,1,1,1,0,0,0,0,0,16,0,0,2,4,6,5,4,2,1,29,15,0,0,0,0,0,0,0,0,7,1,1,0,0,0,0,3,2,1,0,KRBKRNvK,DRAW,8/4K3/n7/4Bk1r/8/8/8/4R3 w - - 0 1
1,1,0,0,0,0,0,1,-1,1,0,1,1,1,0,0,0,0,0,16,0,0,3,6,1,3,1,4,2,28,23,0,0,0,0,0,0,0,0,7,1,1,0,0,0,0,2,0,1,0,KRBKRNvK,DRAW,5r2/1n6/2R5/8/8/8/1B1k2K1/8 w - - 0 1
0,1,0,0,0,0,0,1,-1,1,0,1,1,1,0,0,0,0,0,16,0,0,4,3,2,7,1,1,5,25,20,0,0,0,0,0,0,0,0,7,1,1,0,0,0,0,3,2,0,1,KRBKRNvK,DRAW,8/8/8/7r/4n3/R2K4/B6k/8 b - - 0 1
1,1,0,0,0,0,0,1,-1,1,0,1,1,1,0,0,0,0,0,16,0,0,4,1,2,4,6,3,2,6,0,1,0,0,0,0,0,0,0,7,1,1,0,0,0,0,1,0,0,0,KRBKRNvK,DRAW,8/4k3/1r6/8/2B5/1K6/8/R5n1 w - - 0 1
0,1,0,0,0,0,0,1,-1,1,0,1,1,1,0,0,0,0,0,16,0,0,4,2,7,1,3,4,2,23,21,0,0,0,0,0,0,0,0,7,1,1,1,1,0,0,0,1,0,0,KRBKRNvK,DRAW,2K5/R7/8/5n2/1k6/8/5r2/6B1 b - - 0 1
1,1,0,0,0,0,0,1,-1,1,0,1,1,1,0,0,0,0,0,16,0,0,5,5,6,0,7,3,6,7,0,1,0,0,0,0,0,0,0,7,1,1,0,1,0,0,1,0,1,1,KRBKRNvK,LOSS,k6n/B4K2/8/8/8/1R6/1r6/8 w - - 0 1
0,1,0,0,0,0,0,1,-1,1,0,1,1,1,0,0,0,0,0,16,0,0,6,7,6,1,6,5,4,21,21,0,0,0,0,0,0,0,0,7,1,1,0,0,0,0,1,1,0,0,KRBKRNvK,DRAW,3r4/1k1n3K/8/8/8/7R/8/1B6 b - - 0 1
1,1,0,0,0,0,0,1,-1,1,0,1,1,1,0,0,0,0,0,16,0,0,3,6,2,3,2,3,1,26,20,0,0,0,0,0,0,0,0,7,1,1,0,1,0,0,2,2,1,1,KRBKRNvK,DRAW,8/8/3B4/8/4R3/3k2K1/2r5/6n1 w - - 0 1
1,1,0,0,0,0,0,1,-1,1,0,1,1,1,0,0,0,0,0,16,0,0,4,4,2,0,5,1,4,26,14,0,0,0,0,0,0,0,0,7,1,1,0,0,0,0,2,0,0,0,KRBKRNvK,DRAW,r6n/8/k7/8/7B/4K3/5R2/8 w - - 0 1
1,1,0,0,0,0,0,1,-1,1,0,1,1,1,0,0,0,0,0,16,0,0,5,4,0,5,5,3,2,26,27,0,0,0,0,0,0,0,0,7,1,1,0,0,0,0,2,2,0,0,KRBKRNvK,DRAW,8/2r5/5k2/1n6/R7/8/8/4K1B1 w - - 0 1
0,1,0,0,0,0,0,1,-1,1,0,1,1,1,0,0,0,0,0,16,0,0,3,4,1,1,3,2,2,6,0,1,0,0,0,0,0,0,0,7,1,1,0,0,0,0,0,2,1,0,KRBKRNvK,DRAW,8/8/8/7r/1k5n/8/3BK3/6R1 b - - 0 1
0,1,0,0,0,0,0,1,-1,1,0,1,1,1,0,0,0,0,0,16,0,0,3,4,4,5,7,0,4,20,24,0,0,0,0,0,0,0,0,7,1,1,0,0,0,0,3,0,0,2,KRBKRNvK,DRAW,5k2/6n1/6r1/4K3/8/8/3R1B2/8 b - - 0 1
0,1,0,0,0,0,0,1,-1,1,0,1,1,1,0,0,0,0,0,16,0,0,6,2,1,0,7,3,6,14,30,0,0,0,0,0,0,0,0,7,1,1,0,0,0,0,3,0,0,0,KRBKRNvK,DRAW,k6r/8/4R2n/8/8/8/1BK5/8 b - - 0 1
0,1,0,0,0,0,0,1,-1,1,0,1,1,1,0,0,0,0,0,16,0,0,6,7,7,1,5,6,3,25,23,0,0,0,0,0,0,0,0,7,1,1,0,0,0,0,0,2,0,1,KRBKRNvK,DRAW,7K/6n1/1k6/8/4r3/B4R2/8/8 b - - 0 1
1,1,0,0,0,0,0,1,-1,1,0,1,1,1,0,0,0,0,0,16,0,0,3,4,0,7,1,3,5,26,20,0,0,0,0,0,0,0,0,7,1,1,0,0,0,0,0,0,0,0,KRBKRNvK,DRAW,6rn/8/5R2/8/8/B7/7k/4K3 w - - 0 1
1,1,0,0,0,0,0,1,-1,1,0,1,1,1,0,0,0,0,0,16,0,0,2,3,4,2,2,0,2,20,19,0,0,0,0,0,0,0,0,7,1,1,0,0,0,0,4,1,1,0,KRBKRNvK,DRAW,6B1/8/7r/3K4/8/2k5/n7/1R6 w - - 0 1
1,1,0,0,0,0,0,1,-1,1,0,1,1,1,0,0,0,0,0,16,0,0,2,3,7,5,6,3,3,2,0,1,0,0,0,0,0,0,0,7,1,1,0,0,0,0,2,0,0,1,KRBKRNvK,DRAW,nr1K4/5k2/B7/8/8/8/3R4/8 w - - 0 1
0,1,0,0,0,0,0,1,-1,1,0,1,1,1,0,0,0,0,0,16,0,0,3,3,3,2,6,0,3,22,27,0,0,0,0,0,0,0,0,7,1,1,0,0,0,0,3,2,0,1,KRBKRNvK,DRAW,2n5/2k5/6R1/1r6/3K4/8/4B3/8 b - - 0 1
0,1,0,0,0,0,0,1,-1,1,0,1,1,1,0,0,0,0,0,16,0,0,3,5,0,3,3,4,0,5,0,1,0,0,0,0,0,0,0,7,1,1,0,0,0,0,3,4,1,0,KRBKRNvK,DRAW,8/2B5/8/8/2rk1R2/8/2n5/5K2 b - - 0 1
1,1,0,0,0,0,0,1,-1,1,0,1,1,1,0,0,0,0,0,16,0,0,5,5,1,0,0,3,6,5,0,1,0,0,0,0,0,0,0,7,1,1,0,0,0,0,1,0,1,1,KRBKRNvK,DRAW,5r2/8/2R5/8/4n3/8/B4K2/k7 w - - 0 1
1,1,0,0,0,0,0,1,-1,1,0,1,1,1,0,0,0,0,0,16,0,0,2,7,7,7,5,6,4,21,20,0,0,0,0,0,0,0,0,7,1,1,0,0,0,0,2,3,0,0,KRBKRNvK,DRAW,7K/8/7k/8/r5n1/8/4R3/4B3 w - - 0 1
0,1,0,0,0,0,0,1,-1,1,0,1,1,1,0,0,0,0,0,16,0,0,6,0,5,6,0,4,5,17,24,0,0,0,0,0,0,0,0,7,1,1,0,1,0,0,2,1,0,0,KRBKRNvK,DRAW,8/8/K7/1B1R4/6n1/8/6r1/6k1 b - - 0 1
1,1,0,0,0,0,0,1,-1,1,0,1,1,1,0,0,0,0,0,16,0,0,3,3,4,6,6,0,4,7,0,1,0,0,0,0,0,0,0,7,1,1,0,0,0,0,3,1,0,1,KRBKRNvK,DRAW,2R5/6k1/8/1r1K4/n6B/8/8/8 w - - 0 1
1,1,0,0,0,0,0,1,-1,1,0,1,1,1,0,0,0,0,0,16,0,0,3,6,2,6,5,3,3,19,22,0,0,0,0,0,0,0,0,7,1,1,0,0,0,0,1,1,0,0,KRBKRNvK,DRAW,8/1rB5/6k1/8/8/3n2KR/8/8 w - - 0 1
0,1,0,0,0,0,0,1,-1,1,0,1,1,1,0,0,0,0,0,16,0,0,6,7,7,1,3,6,2,23,24,0,0,0,0,0,0,0,0,7,1,1,0,0,0,0,3,0,0,0,KRBKRNvK,DRAW,7K/2r5/8/5R2/1k6/7n/6B1/8 b - - 0 1
0,1,0,0,0,0,0,1,-1,1,0,1,1,1,0,0,0,0,0,16,0,0,2,3,2,2,4,1,1,26,18,0,0,0,0,0,0,0,0,7,1,1,0,0,0,0,2,4,0,1,KRBKRNvK,DRAW,6B1/8/4r3/2kn4/6R1/3K4/8/8 b - - 0 1
1,1,0,0,0,0,0,1,-1,1,0,1,1,1,0,0,0,0,0,16,0,0,5,1,7,6,7,5,5,4,0,1,0,0,0,0,0,0,0,7,1,1,0,0,0,0,2,2,2,0,KRBKRNvK,DRAW,1K2RBk1/8/8/1r6/8/8/8/4n3 w - - 0 1
0,1,0,0,0,0,0,1,-1,1,0,1,1,1,0,0,0,0,0,16,0,0,2,5,5,5,3,2,1,4,0,1,0,0,0,0,0,0,0,7,1,1,1,0,0,0,2,3,1,1,KRBKRNvK,DRAW,6r1/1R6/5K2/1n2B3/5k2/8/8/8 b - - 0 1
0,1,0,0,0,0,0,1,-1,1,0,1,1,1,0,0,0,0,0,16,0,0,6,1,1,7,6,4,5,4,0,1,0,0,0,0,0,0,0,7,1,1,1,0,0,0,1,3,1,0,KRBKRNvK,DRAW,8/5R1k/4r3/5n2/8/3B4/1K6/8 b - - 0 1
1,1,0,0,0,0,0,1,-1,1,0,1,1,1,0,0,0,0,0,16,0,0,2,4,4,4,2,0,1,26,18,0,0,0,0,0,0,0,0,7,1,1,0,0,0,0,3,2,0,0,KRBKRNvK,DRAW,4n3/8/7R/4K3/1B6/4k3/8/1r6 w - - 0 1
1,1,0,0,0,0,0,1,-1,1,0,1,1,1,0,0,0,0,0,16,0,0,2,0,3,1,1,3,4,22,21,0,0,0,0,0,0,0,0,7,1,1,0,0,0,0,2,2,0,1,KRBKRNvK,DRAW,2B5/8/8/2R5/K7/1n1r4/1k6/8 w - - 0 1
0,1,0,0,0,0,0,1,-1,1,0,1,1,1,0,0,0,0,0,16,0,0,3,0,7,0,4,6,3,3,0,1,0,0,0,0,0,0,0,7,1,1,0,0,0,0,2,2,1,0,KRBKRNvK,LOSS,K7/2B5/4R3/k7/4r3/8/8/3n4 b - - 0 1
1,1,0,0,0,0,0,1,-1,1,0,1,1,1,0,0,0,0,0,16,0,0,3,2,1,5,3,3,1,6,0,1,0,0,0,0,0,0,0,7,1,1,0,1,0,0,2,3,0,0,KRBKRNvK,DRAW,4R3/8/8/1n6/5k2/8/2K3r1/3B4 w - - 0 1
1,1,0,0,0,0,0,1,-1,1,0,1,1,1,0,0,0,0,0,16,0,0,4,4,5,0,2,1,4,4,0,1,0,0,0,0,0,0,0,7,1,1,0,0,0,0,3,2,1,2,KRBKRNvK,DRAW,8/8/4K2R/2n5/5r2/k1B5/8/8 w - - 0 1
0,1,0,0,0,0,0,1,-1,1,0,1,1,1,0,0,0,0,0,16,0,0,5,2,1,5,6,3,3,26,21,0,0,0,0,0,0,0,0,7,1,1,0,0,0,0,1,3,0,0,KRBKRNvK,DRAW,8/5k2/1B3n2/5r2/8/8/1RK5/8 b - - 0 1
1,1,0,0,0,0,0,1,-1,1,0,1,1,1,0,0,0,0,0,16,0,0,4,1,0,5,3,5,1,30,19,0,0,0,0,0,0,0,0,7,1,1,1,0,0,0,2,2,0,0,KRBKRNvK,DRAW,5r2/7R/2B5/8/5k2/8/8/1K4n1 w - - 0 1
1,1,0,0,0,0,0,1,-1,1,0,1,1,1,0,0,0,0,0,16,0,0,4,1,7,5,7,5,4,7,0,1,0,0,0,0,0,0,0,7,1,1,0,1,0,0,3,0,0,0,KRBKRNvK,DRAW,1K3k2/8/2B5/7n/2R5/8/1r6/8 w - - 0 1
0,1,0,0,0,0,0,1,-1,1,0,1,1,1,0,0,0,0,0,16,0,0,4,1,3,3,7,2,3,19,28,0,0,0,0,0,0,0,0,7,1,1,0,1,0,0,2,2,0,1,KRBKRNvK,DRAW,3kn3/8/8/2R5/1K6/8/3r4/5B2 b - - 0 1
0,1,0,0,0,0,0,1,-1,1,0,1,1,1,0,0,0,0,0,16,0,0,3,7,5,5,2,4,2,6,0,1,0,0,0,0,0,0,0,7,1,1,0,0,0,0,1,1,0,1,KRBKRNvK,DRAW,5n2/1r6/5R1K/8/8/5k2/B7/8 b - - 0 1
0,1,0,0,0,0,0,1,-1,1,0,1,1,1,0,0,0,0,0,16,0,0,3,3,3,6,0,0,5,3,0,1,0,0,0,0,0,0,0,7,1,1,0,0,0,0,4,0,0,0,KRBKRNvK,DRAW,8/2r5/5B2/8/3K4/7n/8/3R2k1 b - - 0 1
0,1,0,0,0,0,0,1,-1,1,0,1,1,1,0,0,0,0,0,16,0,0,2,7,3,7,1,3,5,2,0,1,0,0,0,0,0,0,0,7,1,1,0,0,0,0,1,0,1,0,KRBKRNvK,WIN,7n/8/7R/8/7K/6B1/7k/7r b - - 0 1
0,1,0,0,0,0,0,1,-1,1,0,1,1,1,0,0,0,0,0,16,0,0,2,6,4,7,2,2,4,23,19,0,0,0,0,0,0,0,0,7,1,1,0,0,0,0,0,3,0,0,KRBKRNvK,DRAW,4B3/8/3r4/6K1/8/2n4k/2R5/8 b - - 0 1
0,1,0,0,0,0,0,1,-1,1,0,1,1,1,0,0,0,0,0,16,0,0,5,4,5,0,0,1,6,5,0,1,0,0,0,0,0,0,0,7,1,1,0,0,0,0,3,2,0,1,KRBKRNvK,DRAW,R7/8/4K3/1r6/2n5/8/6B1/k7 b - - 0 1
1,1,0,0,0,0,0,1,-1,1,0,1,1,1,0,0,0,0,0,16,0,0,3,0,6,0,3,5,3,28,22,0,0,0,0,0,0,0,0,7,1,1,0,0,0,0,0,3,0,0,KRBKRNvK,DRAW,8/K3B3/8/8/k1r5/3n4/8/1R6 w - - 0 1
1,1,0,0,0,0,0,1,-1,1,0,1,1,1,0,0,0,0,0,16,0,0,3,0,5,3,4,4,0,3,0,1,0,0,0,0,0,0,0,7,1,1,0,0,0,0,3,3,0,2,KRBKRNvK,DRAW,rn6/6B1/K7/3k4/6R1/8/8/8 w - - 0 1
1,1,0,0,0,0,0,1,-1,1,0,1,1,1,0,0,0,0,0,16,0,0,2,4,0,6,1,3,4,24,23,0,0,0,0,0,0,0,0,7,1,1,0,0,0,0,3,3,0,1,KRBKRNvK,DRAW,8/8/1B6/5R2/2r5/2n5/6k1/4K3 w - - 0 1
1,1,0,0,0,0,0,1,-1,1,0,1,1,1,0,0,0,0,0,16,0,0,4,5,2,7,6,2,5,25,25,0,0,0,0,0,0,0,0,7,1,1,0,0,0,0,2,3,0,0,KRBKRNvK,DRAW,8/3n3k/8/8/2r5/B4K2/4R3/8 w - - 0 1
0,1,0,0,0,0,0,1,-1,1,0,1,1,1,0,0,0,0,0,16,0,0,5,6,1,4,6,4,2,19,21,0,0,0,0,0,0,0,0,7,1,1,0,0,0,0,0,1,0,0,KRBKRNvK,DRAW,8/4k2r/R7/B7/8/8/2n3K1/8 b - - 0 1
1,1,0,0,0,0,0,1,-1,1,0,1,1,1,0,0,0,0,0,16,0,0,4,3,4,4,0,0,3,20,20,0,0,0,0,0,0,0,0,7,1,1,0,0,0,0,4,2,0,1,KRBKRNvK,DRAW,B2n4/4r3/5R2/3K4/8/8/8/4k3 w - - 0 1
0,1,0,0,0,0,0,1,-1,1,0,1,1,1,0,0,0,0,0,16,0,0,3,4,0,5,3,3,1,17,30,0,0,0,0,0,0,0,0,7,1,1,0,0,0,0,2,2,2,0,KRBKRNvK,DRAW,8/r7/4B3/8/n4k2/3R4/8/4K3 b - - 0 1
0,1,0,0,0,0,0,1,-1,1,0,1,1,1,0,0,0,0,0,16,0,0,3,4,3,5,0,0,4,2,0,1,0,0,0,0,0,0,0,7,1,1,0,0,0,0,3,0,1,0,KRBKRNvK,DRAW,8/1n6/8/2B5/4K3/7r/8/3R1k2 b - - 0 1
0,1,0,0,0,0,0,1,-1,1,0,1,1,1,0,0,0,0,0,16,0,0,4,5,3,1,7,1,5,19,29,0,0,0,0,0,0,0,0,7,1,1,1,1,0,0,2,2,0,1,KRBKRNvK,DRAW,1kn5/6R1/8/8/5K2/3B4/4r3/8 b - - 0 1
1,1,0,0,0,0,0,1,-1,1,0,1,1,1,0,0,0,0,0,16,0,0,5,4,6,1,1,2,4,6,0,1,0,0,0,0,0,0,0,7,1,1,1,0,0,0,0,2,0,1,KRBKRNvK,DRAW,8/R3K3/B7/4r3/8/8/nk6/8 w - - 0 1
1,1,0,0,0,0,0,1,-1,1,0,1,1,1,0,0,0,0,0,16,0,0,2,3,4,2,6,0,3,25,20,0,0,0,0,0,0,0,0,7,1,1,0,0,0,0,3,0,0,1,KRBKRNvK,DRAW,8/2k2r2/7n/3K4/8/8/8/1B2R3 w - - 0 1
0,1,0,0,0,0,0,1,-1,1,0,1,1,1,0,0,0,0,0,16,0,0,3,1,7,4,7,5,3,5,0,1,0,0,0,0,0,0,0,7,1,1,0,0,0,0,2,0,0,1,KRBKRNvK,DRAW,1K2k3/r7/8/8/4R3/2B5/8/4n3 b - - 0 1
0,1,0,0,0,0,0,1,-1,1,0,1,1,1,0,0,0,0,0,16,0,0,3,5,7,2,7,4,4,19,25,0,0,0,0,0,0,0,0,7,1,1,0,0,0,0,1,2,1,1,KRBKRNvK,DRAW,2k2Kn1/8/3B4/8/6r1/5R2/8/8 b - - 0 1
0,1,0,0,0,0,0,1,-1,1,0,1,1,1,0,0,0,0,0,16,0,0,5,7,1,7,6,5,5,3,0,1,0,0,0,0,0,0,0,7,1,1,1,0,0,0,3,1,0,0,KRBKRNvK,DRAW,8/4R2k/3n4/8/4B3/8/7K/2r5 b - - 0 1
0,1,0,0,0,0,0,1,-1,1,0,1,1,1,0,0,0,0,0,16,0,0,5,0,1,5,3,5,1,21,28,0,0,0,0,0,0,0,0,7,1,1,0,0,0,0,3,4,2,0,KRBKRNvK,DRAW,8/3r4/4R3/8/4Bk2/7n/K7/8 b - - 0 1
0,1,0,0,0,0,0,1,-1,1,0,1,1,1,0,0,0,0,0,16,0,0,5,1,2,3,7,3,3,25,26,0,0,0,0,0,0,0,0,7,1,1,0,0,0,0,1,3,1,0,KRBKRNvK,DRAW,1B1k4/8/5n2/6r1/8/1KR5/8/8 b - - 0 1
1,1,0,0,0,0,0,1,-1,1,0,1,1,1,0,0,0,0,0,16,0,0,5,5,7,0,6,4,5,5,0,1,0,0,0,0,0,0,0,7,1,1,0,0,0,0,1,1,0,0,KRBKRNvK,DRAW,5K2/k7/8/n3Br2/8/8/8/7R w - - 0 1
1,1,0,0,0,0,0,1,-1,1,0,1,1,1,0,0,0,0,0,16,0,0,3,7,5,4,4,4,0,3,0,1,0,0,0,0,0,0,0,7,1,1,0,1,0,0,0,4,0,0,KRBKRNvK,DRAW,5B2/8/R1n4K/4k3/8/8/7r/8 w - - 0 1
0,1,0,0,0,0,0,1,-1,1,0,1,1,1,0,0,0,0,0,16,0,0,5,2,2,5,7,2,4,18,16,0,0,0,0,0,0,0,0,7,1,1,0,0,0,0,1,1,0,0,KRBKRNvK,DRAW,5k2/4n1r1/8/8/8/1RK5/8/B7 b - - 0 1
0,1,0,0,0,0,0,1,-1,1,0,1,1,1,0,0,0,0,0,16,0,0,7,7,7,0,0,6,6,19,25,0,0,0,0,0,0,0,0,7,1,1,0,0,0,0,2,0,0,1,KRBKRNvK,DRAW,6nK/3B4/8/8/7R/8/8/k1r5 b - - 0 1
0,1,0,0,0,0,0,1,-1,1,0,1,1,1,0,0,0,0,0,16,0,0,4,1,1,4,5,4,1,6,0,1,0,0,0,0,0,0,0,7,1,1,0,0,0,0,2,3,1,1,KRBKRNvK,LOSS,8/8/4k3/8/4R3/5r2/1Kn5/3B4 b - - 0 1
1,1,0,0,0,0,0,1,-1,1,0,1,1,1,0,0,0,0,0,16,0,0,5,1,3,6,0,2,5,23,26,0,0,0,0,0,0,0,0,7,1,1,1,1,0,0,0,1,1,1,KRBKRNvK,DRAW,8/2R5/8/8/1K6/4n3/r7/4B1k1 w - - 0 1
0,1,0,0,0,0,0,1,-1,1,0,1,1,1,0,0,0,0,0,16,0,0,2,5,6,6,4,3,2,5,0,1,0,0,0,0,0,0,0,7,1,1,0,0,0,0,0,2,0,0,KRBKRNvK,LOSS,R2B4/n4K2/8/6k1/7r/8/8/8 b - - 0 1
0,1,0,0,0,0,0,1,-1,1,0,1,1,1,0,0,0,0,0,16,0,0,4,7,7,6,3,6,2,6,0,1,0,0,0,0,0,0,0,7,1,1,0,1,0,0,2,2,1,0,KRBKRNvK,DRAW,7K/2n5/8/4B3/2R3k1/8/3r4/8 b - - 0 1
0,1,0,0,0,0,0,1,-1,1,0,1,1,1,0,0,0,0,0,16,0,0,2,2,7,4,7,4,3,15,23,0,0,0,0,0,0,0,0,7,1,1,0,0,0,0,2,0,0,0,KRBKRNvK,DRAW,2K1k3/8/8/3R4/8/8/8/3B1nr1 b - - 0 1
1,1,0,0,0,0,0,1,-1,1,0,1,1,1,0,0,0,0,0,16,0,0,4,5,3,1,6,1,4,6,0,1,0,0,0,0,0,0,0,7,1,1,0,0,0,0,4,2,1,0,KRBKRNvK,DRAW,3R4/1k6/8/8/r4KB1/8/8/7n w - - 0 1
0,1,0,0,0,0,0,1,-1,1,0,1,1,1,0,0,0,0,0,16,0,0,7,4,0,4,7,3,3,3,0,1,0,0,0,0,0,0,0,7,1,1,0,0,0,0,2,1,0,1,KRBKRNvK,DRAW,1r2k3/8/8/8/4R3/7B/4n3/4K3 b - - 0 1
0,1,0,0,0,0,0,1,-1,1,0,1,1,1,0,0,0,0,0,16,0,0,5,2,5,0,0,2,6,2,0,1,0,0,0,0,0,0,0,7,1,1,0,0,0,0,3,3,2,1,KRBKRNvK,LOSS,8/8/2K5/8/1r4n1/1R6/1B6/k7 b - - 0 1
0,1,0,0,0,0,0,1,-1,1,0,1,1,1,0,0,0,0,0,16,0,0,5,1,1,6,4,4,2,4,0,1,0,0,0,0,0,0,0,7,1,1,1,0,0,0,0,0,2,0,KRBKRNvK,DRAW,n7/6R1/8/6k1/6B1/8/1K6/5r2 b - - 0 1
1,1,0,0,0,0,0,1,-1,1,0,1,1,1,0,0,0,0,0,16,0,0,6,7,3,1,1,3,4,4,0,1,0,0,0,0,0,0,0,7,1,1,0,0,0,0,2,3,0,1,KRBKRNvK,DRAW,8/4B3/8/8/5r1K/3n4/1k6/4R3 w - - 0 1
0,1,0,0,0,0,0,1,-1,1,0,1,1,1,0,0,0,0,0,16,0,0,2,6,2,4,1,3,2,23,26,0,0,0,0,0,0,0,0,7,1,1,0,0,0,0,3,0,0,1,KRBKRNvK,DRAW,2r5/7B/8/R7/8/6Kn/4k3/8 b - - 0 1
0,1,0,0,0,0,0,1,-1,1,0,1,1,1,0,0,0,0,0,16,0,0,5,7,0,6,5,6,3,3,0,1,0,0,0,0,0,0,0,7,1,1,0,0,0,0,2,0,1,0,KRBKRNvK,DRAW,8/6r1/6k1/3R3B/8/8/8/2n4K b - - 0 1
0,1,0,0,0,0,0,1,-1,1,0,1,1,1,0,0,0,0,0,16,0,0,2,6,4,4,6,2,2,5,0,1,0,0,0,0,0,0,0,7,1,1,1,0,0,0,0,3,1,0,KRBKRNvK,DRAW,8/3nk1R1/8/6K1/Br6/8/8/8 b - - 0 1
1,1,0,0,0,0,0,1,-1,1,0,1,1,1,0,0,0,0,0,16,0,0,3,7,3,4,3,3,0,29,16,0,0,0,0,0,0,0,0,7,1,1,0,0,0,0,1,3,1,1,KRBKRNvK,DRAW,8/8/8/3r3n/3Bk2K/8/8/5R2 w - - 0 1
1,1,0,0,0,0,0,1,-1,1,0,1,1,1,0,0,0,0,0,16,0,0,3,6,5,6,2,3,3,26,20,0,0,0,0,0,0,0,0,7,1,1,0,0,0,0,2,0,1,0,KRBKRNvK,DRAW,8/B1r5/6K1/8/7R/6k1/8/1n6 w - - 0 1
0,1,0,0,0,0,0,1,-1,1,0,1,1,1,0,0,0,0,0,16,0,0,5,2,6,7,1,3,5,26,24,0,0,0,0,0,0,0,0,7,1,1,0,1,0,0,1,0,0,0,KRBKRNvK,DRAW,8/2K5/8/6B1/2Rn4/8/r6k/8 b - - 0 1
1,1,0,0,0,0,0,1,-1,1,0,1,1,1,0,0,0,0,0,16,0,0,3,0,3,2,6,3,3,26,27,0,0,0,0,0,0,0,0,7,1,1,0,0,0,0,2,2,0,0,KRBKRNvK,DRAW,3r4/2k1n3/8/8/K7/8/7R/B7 w - - 0 1
0,1,0,0,0,0,0,1,-1,1,0,1,1,1,0,0,0,0,0,16,0,0,6,0,3,6,0,3,5,5,0,1,0,0,0,0,0,0,0,7,1,1,0,1,0,0,0,0,1,2,KRBKRNvK,DRAW,8/4B3/8/n7/K7/6R1/2r5/6k1 b - - 0 1
1,1,0,0,0,0,0,1,-1,1,0,1,1,1,0,0,0,0,0,16,0,0,3,3,4,0,7,0,6,25,21,0,0,0,0,0,0,0,0,7,1,1,0,0,0,0,3,1,1,2,KRBKRNvK,DRAW,k7/B7/8/1n1K4/R7/5r2/8/8 w - - 0 1
0,1,0,0,0,0,0,1,-1,1,0,1,1,1,0,0,0,0,0,16,0,0,2,3,5,5,3,1,1,23,17,0,0,0,0,0,0,0,0,7,1,1,0,0,0,0,3,2,0,0,KRBKRNvK,DRAW,8/8/1R1K4/2B5/5k2/4r3/n7/8 b - - 0 1
0,1,0,0,0,0,0,1,-1,1,0,1,1,1,0,0,0,0,0,16,0,0,4,3,0,7,4,3,3,3,0,1,0,0,0,0,0,0,0,7,1,1,0,0,0,0,2,0,0,2,KRBKRNvK,DRAW,8/8/8/4R2k/8/1r1B4/8/2nK4 b - - 0 1
0,1,0,0,0,0,0,1,-1,1,0,1,1,1,0,0,0,0,0,16,0,0,2,4,0,2,2,3,2,5,0,1,0,0,0,0,0,0,0,7,1,1,0,0,0,0,0,1,0,1,KRBKRNvK,DRAW,8/8/2R5/8/7B/2k5/8/1r1nK3 b - - 0 1
1,1,0,0,0,0,0,1,-1,1,0,1,1,1,0,0,0,0,0,16,0,0,4,0,6,4,2,5,1,5,0,1,0,0,0,0,0,0,0,7,1,1,0,1,0,0,0,2,1,1,KRBKRNvK,DRAW,8/K3B3/8/1n6/8/4k3/5r2/5R2 w - - 0 1
0,1,0,0,0,0,0,1,-1,1,0,1,1,1,0,0,0,0,0,16,0,0,2,3,2,5,1,1,3,18,26,0,0,0,0,0,0,0,0,7,1,1,0,0,0,0,2,0,1,0,KRBKRNvK,DRAW,8/4B3/2r5/8/6R1/3K4/5k2/7n b - - 0 1
0,1,0,0,0,0,0,1,-1,1,0,1,1,1,0,0,0,0,0,16,0,0,2,3,7,1,6,3,4,21,28,0,0,0,0,0,0,0,0,7,1,1,0,1,0,0,3,0,0,1,KRBKRNvK,DRAW,3Kn3/1k6/8/8/R7/2B5/5r2/8 b - - 0 1
0,1,0,0,0,0,0,1,-1,1,0,1,1,1,0,0,0,0,0,16,0,0,4,0,1,3,5,5,1,23,23,0,0,0,0,0,0,0,0,7,1,1,0,1,0,0,1,4,0,1,KRBKRNvK,WIN,6B1/8/3k4/8/8/8/K1n1r3/5R2 b - - 0 1
1,1,0,0,0,0,0,1,-1,1,0,1,1,1,0,0,0,0,0,16,0,0,3,5,6,6,3,3,2,26,24,0,0,0,0,0,0,0,0,7,1,1,0,0,0,0,1,2,0,0,KRBKRNvK,DRAW,8/5K2/8/8/4r1k1/8/2R5/5nB1 w - - 0 1
1,1,0,0,0,0,0,1,-1,1,0,1,1,1,0,0,0,0,0,16,0,0,6,0,7,6,7,6,5,24,18,0,0,0,0,0,0,0,0,7,1,1,1,0,0,0,0,0,0,0,KRBKRNvK,DRAW,K5k1/2R5/7r/8/8/B7/8/1n6 w - - 0 1
1,1,0,0,0,0,0,1,-1,1,0,1,1,1,0,0,0,0,0,16,0,0,6,6,2,0,6,3,5,7,0,1,0,0,0,0,0,0,0,7,1,1,0,0,0,0,0,2,1,1,KRBKRNvK,LOSS,2B5/k7/8/3r4/8/2R3K1/4n3/8 w - - 0 1
1,1,0,0,0,0,0,1,-1,1,0,1,1,1,0,0,0,0,0,16,0,0,5,0,1,4,6,5,2,23,21,0,0,0,0,0,0,0,0,7,1,1,0,0,0,0,0,1,0,0,KRBKRNvK,DRAW,8/2r1k3/6n1/1B6/8/1R6/K7/8 w - - 0 1
1,1,0,0,0,0,0,1,-1,1,0,1,1,1,0,0,0,0,0,16,0,0,7,7,1,0,7,5,6,24,25,0,0,0,0,0,0,0,0,7,1,1,0,0,0,0,1,2,0,0,KRBKRNvK,DRAW,k7/8/3n4/4r3/8/8/B4R1K/8 w - - 0 1
0,1,0,0,0,0,0,1,-1,1,0,1,1,1,0,0,0,0,0,16,0,0,2,2,5,0,3,2,3,19,25,0,0,0,0,0,0,0,0,7,1,1,0,0,0,0,2,2,0,1,KRBKRNvK,DRAW,3r3n/7B/2K5/8/k7/8/6R1/8 b - - 0 1
1,1,0,0,0,0,0,1,-1,1,0,1,1,1,0,0,0,0,0,16,0,0,2,4,2,2,1,1,3,24,11,0,0,0,0,0,0,0,0,7,1,1,0,1,0,0,3,0,2,0,KRBKRNvK,DRAW,8/8/8/8/2B5/3RK3/1rk5/1n6 w - - 0 1
0,1,0,0,0,0,0,1,-1,1,0,1,1,1,0,0,0,0,0,16,0,0,2,6,5,4,7,3,3,21,23,0,0,0,0,0,0,0,0,7,1,1,0,0,0,0,2,2,0,0,KRBKRNvK,DRAW,4k3/8/6K1/2r5/1R6/8/7n/4B3 b - - 0 1
1,1,0,0,0,0,0,1,-1,1,0,1,1,1,0,0,0,0,0,16,0,0,6,1,5,7,6,3,5,6,0,1,0,0,0,0,0,0,0,7,1,1,0,0,0,0,2,2,0,1,KRBKRNvK,DRAW,8/7k/1K1r4/4R3/8/7B/7n/8 w - - 0 1
0,1,0,0,0,0,0,1,-1,1,0,1,1,1,0,0,0,0,0,16,0,0,5,6,0,3,5,5,1,24,24,0,0,0,0,0,0,0,0,7,1,1,0,0,0,0,0,2,0,0,KRBKRNvK,DRAW,8/8/3k4/6r1/6n1/5R2/8/4B1K1 b - - 0 1
1,1,0,0,0,0,0,1,-1,1,0,1,1,1,0,0,0,0,0,16,0,0,5,6,5,1,0,3,5,25,24,0,0,0,0,0,0,0,0,7,1,1,0,0,0,0,2,2,0,0,KRBKRNvK,DRAW,8/8/1B4K1/8/6R1/2n5/8/1k5r w - - 0 1
0,1,0,0,0,0,0,1,-1,1,0,1,1,1,0,0,0,0,0,16,0,0,3,5,4,2,4,1,1,6,0,1,0,0,0,0,0,0,0,7,1,1,0,0,0,0,2,3,1,0,KRBKRNvK,LOSS,R5r1/4B3/8/2k2K2/8/8/3n4/8 b - - 0 1
0,1,0,0,0,0,0,1,-1,1,0,1,1,1,0,0,0,0,0,16,0,0,5,0,5,5,4,4,1,28,25,0,0,0,0,0,0,0,0,7,1,1,0,0,0,0,1,3,0,1,KRBKRNvK,DRAW,8/8/K7/1nB2k2/8/6r1/8/2R5 b - - 0 1
0,1,0,0,0,0,0,1,-1,1,0,1,1,1,0,0,0,0,0,16,0,0,3,1,4,4,4,2,0,23,23,0,0,0,0,0,0,0,0,7,1,1,0,1,0,0,2,4,0,0,KRBKRNvK,DRAW,8/8/8/1K2k3/R5n1/7B/5r2/8 b - - 0 1
1,1,0,0,0,0,0,1,-1,1,0,1,1,1,0,0,0,0,0,16,0,0,6,2,1,5,7,3,4,26,24,0,0,0,0,0,0,0,0,7,1,1,0,0,0,0,2,3,0,1,KRBKRNvK,DRAW,5k2/8/2R5/6r1/8/8/1BK1n3/8 w - - 0 1
1,1,0,0,0,0,0,1,-1,1,0,1,1,1,0,0,0,0,0,16,0,0,6,1,0,7,6,5,5,4,0,1,0,0,0,0,0,0,0,7,1,1,0,0,0,0,2,2,0,0,KRBKRNvK,DRAW,n7/7k/8/8/8/5B2/8/RK2r3 w - - 0 1
1,1,0,0,0,0,0,1,-1,1,0,1,1,1,0,0,0,0,0,16,0,0,2,3,5,5,5,1,2,5,0,1,0,0,0,0,0,0,0,7,1,1,0,0,0,0,3,3,0,0,KRBKRNvK,DRAW,8/8/3K1k2/8/8/8/1R5n/1B1r4 w - - 0 1
1,1,0,0,0,0,0,1,-1,1,0,1,1,1,0,0,0,0,0,16,0,0,3,2,0,3,3,4,0,21,21,0,0,0,0,0,0,0,0,7,1,1,0,0,0,0,1,3,1,0,KRBKRNvK,DRAW,8/n7/1r6/8/3k4/8/B1R5/2K5 w - - 0 1
0,1,0,0,0,0,0,1,-1,1,0,1,1,1,0,0,0,0,0,16,0,0,5,5,7,0,3,4,3,4,0,1,0,0,0,0,0,0,0,7,1,1,0,0,0,0,2,0,0,1,KRBKRNvK,DRAW,r2n1K2/8/8/8/k3R3/8/7B/8 b - - 0 1
0,1,0,0,0,0,0,1,-1,1,0,1,1,1,0,0,0,0,0,16,0,0,2,3,6,5,4,2,1,14,26,0,0,0,0,0,0,0,0,7,1,1,0,0,0,0,2,2,1,0,KRBKRNvK,DRAW,8/3K4/8/5krn/3R4/8/8/5B2 b - - 0 1
0,1,0,0,0,0,0,1,-1,1,0,1,1,1,0,0,0,0,0,16,0,0,3,2,1,1,4,3,2,20,24,0,0,0,0,0,0,0,0,7,1,1,0,0,0,0,3,2,0,1,KRBKRNvK,DRAW,B1nR4/8/8/1k6/1r6/8/2K5/8 b - - 0 1
1,1,0,0,0,0,0,1,-1,1,0,1,1,1,0,0,0,0,0,16,0,0,3,7,4,4,1,3,2,26,22,0,0,0,0,0,0,0,0,7,1,1,0,0,0,0,0,0,0,0,KRBKRNvK,DRAW,2B1n3/2r5/8/7K/8/8/4k3/R7 w - - 0 1
1,1,0,0,0,0,0,1,-1,1,0,1,1,1,0,0,0,0,0,16,0,0,2,6,5,4,3,3,0,28,18,0,0,0,0,0,0,0,0,7,1,1,1,0,0,0,0,4,1,0,KRBKRNvK,WIN,8/5R2/6K1/6B1/1r2k3/n7/8/8 w - - 0 1
0,1,0,0,0,0,0,1,-1,1,0,1,1,1,0,0,0,0,0,16,0,0,3,0,4,3,3,3,0,6,0,1,0,0,0,0,0,0,0,7,1,1,0,0,0,0,1,3,1,1,KRBKRNvK,DRAW,1r6/n7/5R2/K7/3k4/8/8/6B1 b - - 0 1
1,1,0,0,0,0,0,1,-1,1,0,1,1,1,0,0,0,0,0,16,0,0,4,0,3,2,7,3,4,27,17,0,0,0,0,0,0,0,0,7,1,1,0,0,0,0,3,1,0,0,KRBKRNvK,DRAW,2k5/8/8/1R6/K5n1/8/5B2/5r2 w - - 0 1
0,1,0,0,0,0,0,1,-1,1,0,1,1,1,0,0,0,0,0,16,0,0,3,4,6,6,3,2,2,18,33,0,0,0,0,0,0,0,0,7,1,1,0,0,0,0,1,1,1,0,KRBKRNvK,DRAW,7R/4K3/8/1n2B3/6k1/8/8/6r1 b - - 0 1
0,1,0,0,0,0,0,1,-1,1,0,1,1,1,0,0,0,0,0,16,0,0,4,4,7,0,4,3,3,21,23,0,0,0,0,0,0,0,0,7,1,1,0,0,0,0,2,2,0,0,KRBKRNvK,DRAW,4K3/8/8/k7/2r5/4R3/4B3/7n b - - 0 1
1,1,0,0,0,0,0,1,-1,1,0,1,1,1,0,0,0,0,0,16,0,0,6,0,2,6,3,4,2,24,21,0,0,0,0,0,0,0,0,7,1,1,0,0,0,0,3,2,1,1,KRBKRNvK,DRAW,8/8/8/8/6k1/K1n3r1/4R3/6B1 w - - 0 1
0,1,0,0,0,0,0,1,-1,1,0,1,1,1,0,0,0,0,0,16,0,0,4,3,7,7,4,3,3,3,0,1,0,0,0,0,0,0,0,7,1,1,0,0,0,0,2,0,0,0,KRBKRNvK,DRAW,3K4/1B6/7n/7k/8/8/7R/2r5 b - - 0 1
1,1,0,0,0,0,0,1,-1,1,0,1,1,1,0,0,0,0,0,16,0,0,4,4,3,7,7,0,6,26,21,0,0,0,0,0,0,0,0,7,1,1,1,0,0,0,3,3,0,2,KRBKRNvK,DRAW,7k/2R5/4n3/1B4r1/4K3/8/8/8 w - - 0 1
1,1,0,0,0,0,0,1,-1,1,0,1,1,1,0,0,0,0,0,16,0,0,3,5,0,7,3,4,3,3,0,1,0,0,0,0,0,0,0,7,1,1,1,0,0,0,0,0,0,1,KRBKRNvK,DRAW,8/1nR5/B7/8/7k/8/8/5K1r w - - 0 1
0,1,0,0,0,0,0,1,-1,1,0,1,1,1,0,0,0,0,0,16,0,0,5,1,0,0,5,5,4,20,26,0,0,0,0,0,0,0,0,7,1,1,0,0,0,0,3,2,0,1,KRBKRNvK,DRAW,8/8/k7/7R/8/2r2n2/5B2/1K6 b - - 0 1
1,1,0,0,0,0,0,1,-1,1,0,1,1,1,0,0,0,0,0,16,0,0,4,3,3,0,7,0,6,6,0,1,0,0,0,0,0,0,0,7,1,1,1,0,0,0,3,2,0,2,KRBKRNvK,DRAW,k7/3R4/3n4/8/1r1K4/6B1/8/8 w - - 0 1
1,1,0,0,0,0,0,1,-1,1,0,1,1,1,0,0,0,0,0,16,0,0,5,1,0,6,2,5,3,27,22,0,0,0,0,0,0,0,0,7,1,1,0,0,0,0,2,3,2,0,KRBKRNvK,DRAW,8/8/8/1n6/3r4/5Bk1/8/1K5R w - - 0 1
1,1,0,0,0,0,0,1,-1,1,0,1,1,1,0,0,0,0,0,16,0,0,3,4,6,4,3,2,0,25,23,0,0,0,0,0,0,0,0,7,1,1,0,0,0,0,2,4,1,0,KRBKRNvK,DRAW,8/4K3/3R4/8/4k3/B5n1/8/7r w - - 0 1
1,1,0,0,0,0,0,1,-1,1,0,1,1,1,0,0,0,0,0,16,0,0,5,7,7,4,2,6,1,22,21,0,0,0,0,0,0,0,0,7,1,1,0,0,0,0,2,2,2,1,KRBKRNvK,DRAW,3n3K/8/6r1/8/2R5/4k3/8/3B4 w - - 0 1
0,1,0,0,0,0,0,1,-1,1,0,1,1,1,0,0,0,0,0,16,0,0,4,5,4,3,0,1,3,4,0,1,0,0,0,0,0,0,0,7,1,1,0,0,0,0,3,1,0,1,KRBKRNvK,DRAW,2B5/5n2/8/3R1K2/8/8/8/3k2r1 b - - 0 1
1,1,0,0,0,0,0,1,-1,1,0,1,1,1,0,0,0,0,0,16,0,0,2,4,0,6,1,3,4,21,26,0,0,0,0,0,0,0,0,7,1,1,0,0,0,0,2,1,0,0,KRBKRNvK,DRAW,2r5/8/8/1n6/R7/B7/6k1/4K3 w - - 0 1
1,1,0,0,0,0,0,1,-1,1,0,1,1,1,0,0,0,0,0,16,0,0,3,0,5,0,2,4,4,19,10,0,0,0,0,0,0,0,0,7,1,1,0,0,0,0,2,0,1,0,KRBKRNvK,DRAW,8/8/K4B1r/8/7n/k7/1R6/8 w - - 0 1
0,1,0,0,0,0,0,1,-1,1,0,1,1,1,0,0,0,0,0,16,0,0,2,3,7,2,5,3,2,22,25,0,0,0,0,0,0,0,0,7,1,1,0,0,0,0,3,1,0,1,KRBKRNvK,DRAW,1n1K4/8/2k5/8/8/2B1R3/8/r7 b - - 0 1
1,1,0,0,0,0,0,1,-1,1,0,1,1,1,0,0,0,0,0,16,0,0,2,4,5,2,3,1,1,22,20,0,0,0,0,0,0,0,0,7,1,1,0,0,0,0,2,2,0,0,KRBKRNvK,DRAW,8/8/4K3/6R1/2k4B/8/8/1n1r4 w - - 0 1
1,1,0,0,0,0,0,1,-1,1,0,1,1,1,0,0,0,0,0,16,0,0,2,0,4,2,3,3,1,24,23,0,0,0,0,0,0,0,0,7,1,1,0,0,0,0,2,2,1,0,KRBKRNvK,DRAW,8/8/8/K6R/1Bk5/4n3/8/3r4 w - - 0 1
0,1,0,0,0,0,0,1,-1,1,0,1,1,1,0,0,0,0,0,16,0,0,6,0,3,6,2,3,3,21,23,0,0,0,0,0,0,0,0,7,1,1,0,0,0,0,2,2,0,0,KRBKRNvK,DRAW,4r3/6n1/8/8/K2R4/6k1/8/3B4 b - - 0 1
1,1,0,0,0,0,0,1,-1,1,0,1,1,1,0,0,0,0,0,16,0,0,5,0,5,5,7,4,4,23,21,0,0,0,0,0,0,0,0,7,1,1,0,0,0,0,0,1,0,1,KRBKRNvK,DRAW,2B2k2/2r2n2/K7/8/8/1R6/8/8 w - - 0 1
1,1,0,0,0,0,0,1,-1,1,0,1,1,1,0,0,0,0,0,16,0,0,5,6,0,1,3,5,2,26,19,0,0,0,0,0,0,0,0,7,1,1,0,0,0,0,0,2,2,0,KRBKRNvK,DRAW,3n4/8/B7/8/1k2r3/2R5/8/6K1 w - - 0 1
1,1,0,0,0,0,0,1,-1,1,0,1,1,1,0,0,0,0,0,16,0,0,4,4,6,0,2,2,4,24,17,0,0,0,0,0,0,0,0,7,1,1,0,1,0,0,3,0,0,0,KRBKRNvK,DRAW,6B1/4K3/8/8/4R3/k7/5r2/n7 w - - 0 1
1,1,0,0,0,0,0,1,-1,1,0,1,1,1,0,0,0,0,0,16,0,0,3,6,6,3,7,4,3,5,0,1,0,0,0,0,0,0,0,7,1,1,0,1,0,0,1,1,0,1,KRBKRNvK,DRAW,3k4/B5K1/4n3/8/8/8/2R3r1/8 w - - 0 1
0,1,0,0,0,0,0,1,-1,1,0,1,1,1,0,0,0,0,0,16,0,0,4,2,1,4,5,3,1,4,0,1,0,0,0,0,0,0,0,7,1,1,0,0,0,0,2,3,0,0,KRBKRNvK,DRAW,8/8/4k3/8/8/5nr1/B1KR4/8 b - - 0 1
1,1,0,0,0,0,0,1,-1,1,0,1,1,1,0,0,0,0,0,16,0,0,3,1,3,0,6,2,5,7,0,1,0,0,0,0,0,0,0,7,1,1,0,0,0,0,0,2,0,0,KRBKRNvK,DRAW,n7/k7/8/8/1K5r/7B/8/1R6 w - - 0 1
0,1,0,0,0,0,0,1,-1,1,0,1,1,1,0,0,0,0,0,16,0,0,5,5,2,0,0,2,6,23,25,0,0,0,0,0,0,0,0,7,1,1,0,0,0,0,2,3,0,1,KRBKRNvK,DRAW,1B6/8/4n3/7r/8/5K2/4R3/k7 b - - 0 1
1,1,0,0,0,0,0,1,-1,1,0,1,1,1,0,0,0,0,0,16,0,0,2,3,5,2,7,1,4,6,0,1,0,0,0,0,0,0,0,7,1,1,0,0,0,0,4,2,0,0,KRBKRNvK,DRAW,2k4n/8/3K4/8/B6R/3r4/8/8 w - - 0 1
1,1,0,0,0,0,0,1,-1,1,0,1,1,1,0,0,0,0,0,16,0,0,3,5,5,2,7,2,4,25,17,0,0,0,0,0,0,0,0,7,1,1,1,0,0,0,3,2,0,0,KRBKRNvK,DRAW,2k5/7R/5K2/2r5/8/8/8/n6B w - - 0 1
0,1,0,0,0,0,0,1,-1,1,0,1,1,1,0,0,0,0,0,16,0,0,5,0,2,5,6,4,3,24,26,0,0,0,0,0,0,0,0,7,1,1,0,0,0,0,2,0,0,0,KRBKRNvK,DRAW,2n5/5k2/8/1R6/8/K7/7B/5r2 b - - 0 1
1,1,0,0,0,0,0,1,-1,1,0,1,1,1,0,0,0,0,0,16,0,0,4,6,2,6,6,3,4,21,24,0,0,0,0,0,0,0,0,7,1,1,0,0,0,0,2,2,0,1,KRBKRNvK,DRAW,8/6k1/B6n/5r2/2R5/6K1/8/8 w - - 0 1
0,1,0,0,0,0,0,1,-1,1,0,1,1,1,0,0,0,0,0,16,0,0,6,7,1,1,2,5,3,6,0,1,0,0,0,0,0,0,0,7,1,1,0,0,0,0,0,3,1,0,KRBKRNvK,DRAW,1R6/4n3/4r3/8/8/1k6/3B3K/8 b - - 0 1
1,1,0,0,0,0,0,1,-1,1,0,1,1,1,0,0,0,0,0,16,0,0,6,7,3,1,7,3,5,26,19,0,0,0,0,0,0,0,0,7,1,1,1,0,0,0,1,0,1,0,KRBKRNvK,DRAW,1k4n1/5R2/1B6/8/7K/2r5/8/8 w - - 0 1
0,1,0,0,0,0,0,1,-1,1,0,1,1,1,0,0,0,0,0,16,0,0,5,5,1,0,4,3,3,4,0,1,0,0,0,0,0,0,0,7,1,1,0,0,0,0,3,2,1,0,KRBKRNvK,DRAW,8/8/4r3/k1R4n/8/8/5K2/7B b - - 0 1
1,1,0,0,0,0,0,1,-1,1,0,1,1,1,0,0,0,0,0,16,0,0,4,0,3,4,3,3,0,25,28,0,0,0,0,0,0,0,0,7,1,1,0,0,0,0,1,3,0,1,KRBKRNvK,DRAW,8/5B2/1r6/8/K3k3/4n3/8/6R1 w - - 0 1
1,1,0,0,0,0,0,1,-1,1,0,1,1,1,0,0,0,0,0,16,0,0,5,4,0,3,5,3,1,24,20,0,0,0,0,0,0,0,0,7,1,1,0,0,0,0,2,3,1,1,KRBKRNvK,DRAW,8/4n3/3k4/2R5/8/3r4/8/3BK3 w - - 0 1
0,1,0,0,0,0,0,1,-1,1,0,1,1,1,0,0,0,0,0,16,0,0,6,5,1,6,7,3,5,6,0,1,0,0,0,0,0,0,0,7,1,1,0,0,0,0,2,0,0,0,KRBKRNvK,LOSS,4n1k1/8/1r6/B7/6R1/8/5K2/8 b - - 0 1
0,1,0,0,0,0,0,1,-1,1,0,1,1,1,0,0,0,0,0,16,0,0,4,3,3,7,4,0,3,20,28,0,0,0,0,0,0,0,0,7,1,1,0,0,0,0,3,0,0,0,KRBKRNvK,DRAW,1r6/6n1/8/7k/3K4/R7/8/2B5 b - - 0 1
0,1,0,0,0,0,0,1,-1,1,0,1,1,1,0,0,0,0,0,16,0,0,5,2,5,7,5,2,4,5,0,1,0,0,0,0,0,0,0,7,1,1,0,0,0,0,1,0,1,1,KRBKRNvK,DRAW,4nB2/8/2K4k/8/8/1R6/8/r7 b - - 0 1
0,1,0,0,0,0,0,1,-1,1,0,1,1,1,0,0,0,0,0,16,0,0,7,2,7,5,0,4,4,22,26,0,0,0,0,0,0,0,0,7,1,1,0,0,0,0,2,3,0,0,KRBKRNvK,DRAW,2K5/8/8/4rn2/6R1/8/2B5/5k2 b - - 0 1
1,1,0,0,0,0,0,1,-1,1,0,1,1,1,0,0,0,0,0,16,0,0,3,5,1,2,2,3,2,6,0,1,0,0,0,0,0,0,0,7,1,1,0,1,0,0,2,1,1,0,KRBKRNvK,DRAW,8/8/8/3n4/7R/2k5/1r3K2/1B6 w - - 0 1
0,1,0,0,0,0,0,1,-1,1,0,1,1,1,0,0,0,0,0,16,0,0,4,0,5,2,1,4,3,27,18,0,0,0,0,0,0,0,0,7,1,1,1,0,0,0,1,3,0,0,KRBKRNvK,DRAW,8/5R2/K3nB2/4r3/8/8/2k5/8 b - - 0 1
1,1,0,0,0,0,0,1,-1,1,0,1,1,1,0,0,0,0,0,16,0,0,3,5,2,6,5,2,3,6,0,1,0,0,0,0,0,0,0,7,1,1,0,0,0,0,1,0,1,1,KRBKRNvK,DRAW,1R4n1/8/6k1/6B1/8/5K2/8/5r2 w - - 0 1
0,1,0,0,0,0,0,1,-1,1,0,1,1,1,0,0,0,0,0,16,0,0,5,4,0,7,5,3,4,24,30,0,0,0,0,0,0,0,0,7,1,1,0,0,0,0,3,2,1,0,KRBKRNvK,DRAW,8/8/4nB1k/R7/1r6/8/8/4K3 b - - 0 1
0,1,0,0,0,0,0,1,-1,1,0,1,1,1,0,0,0,0,0,16,0,0,6,6,4,0,5,2,4,19,25,0,0,0,0,0,0,0,0,7,1,1,1,0,0,0,3,1,1,0,KRBKRNvK,DRAW,8/2BR4/k7/6K1/8/3n4/8/3r4 b - - 0 1
0,1,0,0,0,0,0,1,-1,1,0,1,1,1,0,0,0,0,0,16,0,0,2,2,1,2,3,3,1,7,0,1,0,0,0,0,0,0,0,7,1,1,1,0,0,0,1,3,0,1,KRBKRNvK,DRAW,6B1/R7/5r2/8/2k5/2n5/2K5/8 b - - 0 1
0,1,0,0,0,0,0,1,-1,1,0,1,1,1,0,0,0,0,0,16,0,0,2,3,0,1,1,3,4,25,21,0,0,0,0,0,0,0,0,7,1,1,0,0,0,0,0,1,0,0,KRBKRNvK,DRAW,8/8/1n3R2/B7/8/6r1/1k6/3K4 b - - 0 1
0,1,0,0,0,0,0,1,-1,1,0,1,1,1,0,0,0,0,0,16,0,0,4,0,0,4,3,6,0,4,0,1,0,0,0,0,0,0,0,7,1,1,0,0,0,0,1,4,1,0,KRBKRNvK,DRAW,3n4/3B4/8/8/4k1R1/4r3/8/K7 b - - 0 1
1,1,0,0,0,0,0,1,-1,1,0,1,1,1,0,0,0,0,0,16,0,0,2,6,5,4,7,3,3,27,19,0,0,0,0,0,0,0,0,7,1,1,0,0,0,0,2,0,0,0,KRBKRNvK,DRAW,4k3/n7/6K1/8/8/r7/8/B1R5 w - - 0 1
0,1,0,0,0,0,0,1,-1,1,0,1,1,1,0,0,0,0,0,16,0,0,6,6,6,0,0,4,6,21,26,0,0,0,0,0,0,0,0,7,1,1,0,0,0,0,2,2,0,1,KRBKRNvK,DRAW,2n5/6K1/4r3/7B/3R4/8/8/k7 b - - 0 1
0,1,0,0,0,0,0,1,-1,1,0,1,1,1,0,0,0,0,0,16,0,0,3,1,6,4,4,4,0,5,0,1,0,0,0,0,0,0,0,7,1,1,0,1,0,0,1,3,1,0,KRBKRNvK,DRAW,8/1K6/8/4k1R1/5n2/8/2rB4/8 b - - 0 1
0,1,0,0,0,0,0,1,-1,1,0,1,1,1,0,0,0,0,0,16,0,0,3,1,6,3,3,4,0,25,20,0,0,0,0,0,0,0,0,7,1,1,0,0,0,0,0,3,0,1,KRBKRNvK,DRAW,2r5/1K6/8/8/3k4/8/8/R1nB4 b - - 0 1
0,1,0,0,0,0,0,1,-1,1,0,1,1,1,0,0,0,0,0,16,0,0,4,0,7,4,7,6,3,22,21,0,0,0,0,0,0,0,0,7,1,1,0,1,0,0,2,2,1,0,KRBKRNvK,DRAW,K3k3/6B1/5n2/1R6/8/8/5r2/8 b - - 0 1
1,1,0,0,0,0,0,1,-1,1,0,1,1,1,0,0,0,0,0,16,0,0,2,4,2,6,0,1,5,26,13,0,0,0,0,0,0,0,0,7,1,1,0,0,0,0,2,0,0,1,KRBKRNvK,DRAW,1n6/8/8/8/7R/4K3/8/3B1rk1 w - - 0 1
1,1,0,0,0,0,0,1,-1,1,0,1,1,1,0,0,0,0,0,16,0,0,3,1,1,4,3,4,0,6,0,1,0,0,0,0,0,0,0,7,1,1,0,0,0,0,0,3,0,0,KRBKRNvK,DRAW,8/1r6/R7/8/4k3/7n/1K6/2B5 w - - 0 1
0,1,0,0,0,0,0,1,-1,1,0,1,1,1,0,0,0,0,0,16,0,0,4,2,4,3,0,1,3,21,28,0,0,0,0,0,0,0,0,7,1,1,0,1,0,0,3,0,0,0,KRBKRNvK,DRAW,n7/3B4/8/2K5/6R1/8/7r/3k4 b - - 0 1
1,1,0,0,0,0,0,1,-1,1,0,1,1,1,0,0,0,0,0,16,0,0,2,4,3,5,5,0,2,5,0,1,0,0,0,0,0,0,0,7,1,1,0,0,0,0,4,2,1,0,KRBKRNvK,DRAW,8/8/5k2/5B2/4K2r/1R6/8/1n6 w - - 0 1
1,1,0,0,0,0,0,1,-1,1,0,1,1,1,0,0,0,0,0,16,0,0,4,7,3,5,7,3,4,5,0,1,0,0,0,0,0,0,0,7,1,1,0,0,0,0,1,3,0,1,KRBKRNvK,DRAW,5k2/8/6n1/8/7K/R7/B7/3r4 w - - 0 1
0,1,0,0,0,0,0,1,-1,1,0,1,1,1,0,0,0,0,0,16,0,0,3,6,7,5,4,5,1,4,0,1,0,0,0,0,0,0,0,7,1,1,0,0,0,0,2,2,1,1,KRBKRNvK,DRAW,6K1/8/4r3/5k1R/8/2B5/6n1/8 b - - 0 1
1,1,0,0,0,0,0,1,-1,1,0,1,1,1,0,0,0,0,0,16,0,0,2,5,1,3,3,3,0,5,0,1,0,0,0,0,0,0,0,7,1,1,1,0,0,0,0,4,0,1,KRBKRNvK,DRAW,8/6R1/8/n7/3k1r2/8/5K2/5B2 w - - 0 1
1,1,0,0,0,0,0,1,-1,1,0,1,1,1,0,0,0,0,0,16,0,0,4,2,2,6,6,2,4,29,22,0,0,0,0,0,0,0,0,7,1,1,0,0,0,0,3,2,1,0,KRBKRNvK,DRAW,n7/6k1/3r4/4R3/2B5/2K5/8/8 w - - 0 1
0,1,0,0,0,0,0,1,-1,1,0,1,1,1,0,0,0,0,0,16,0,0,4,6,6,3,2,4,1,21,27,0,0,0,0,0,0,0,0,7,1,1,0,1,0,0,2,2,2,0,KRBKRNvK,DRAW,8/6K1/8/4BR2/4n3/3k4/4r3/8 b - - 0 1
1,1,0,0,0,0,0,1,-1,1,0,1,1,1,0,0,0,0,0,16,0,0,3,3,7,1,4,3,2,21,21,0,0,0,0,0,0,0,0,7,1,1,0,0,0,0,0,3,0,1,KRBKRNvK,DRAW,3K4/3n4/8/1k6/8/3r4/8/2R1B3 w - - 0 1
0,1,0,0,0,0,0,1,-1,1,0,1,1,1,0,0,0,0,0,16,0,0,5,6,7,1,4,5,2,26,25,0,0,0,0,0,0,0,0,7,1,1,0,1,0,0,2,0,0,0,KRBKRNvK,DRAW,4R1K1/8/8/1k2B3/7n/8/r7/8 b - - 0 1
1,1,0,0,0,0,0,1,-1,1,0,1,1,1,0,0,0,0,0,16,0,0,3,6,4,4,1,2,2,26,28,0,0,0,0,0,0,0,0,7,1,1,1,0,0,0,2,1,0,0,KRBKRNvK,DRAW,B4r2/2R5/8/6K1/8/3n4/4k3/8 w - - 0 1
1,1,0,0,0,0,0,1,-1,1,0,1,1,1,0,0,0,0,0,16,0,0,3,4,5,7,3,1,3,32,20,0,0,0,0,0,0,0,0,7,1,1,0,0,0,0,2,1,0,0,KRBKRNvK,DRAW,8/8/4K3/1R6/3B3k/5rn1/8/8 w - - 0 1
1,1,0,0,0,0,0,1,-1,1,0,1,1,1,0,0,0,0,0,16,0,0,2,3,1,5,0,2,4,27,15,0,0,0,0,0,0,0,0,7,1,1,0,0,0,0,2,0,0,0,KRBKRNvK,DRAW,6n1/8/7r/1R6/7B/8/3K4/5k2 w - - 0 1
0,1,0,0,0,0,0,1,-1,1,0,1,1,1,0,0,0,0,0,16,0,0,7,6,0,4,7,5,3,23,28,0,0,0,0,0,0,0,0,7,1,1,0,0,0,0,2,1,0,0,KRBKRNvK,DRAW,r3k3/8/4n3/8/8/7R/1B6/6K1 b - - 0 1
0,1,0,0,0,0,0,1,-1,1,0,1,1,1,0,0,0,0,0,16,0,0,5,6,4,1,0,2,5,27,19,0,0,0,0,0,0,0,0,7,1,1,0,0,0,0,1,1,0,1,KRBKRNvK,DRAW,1B6/r7/8/5nKR/8/8/8/1k6 b - - 0 1
1,1,0,0,0,0,0,1,-1,1,0,1,1,1,0,0,0,0,0,16,0,0,4,3,7,7,5,3,4,22,25,0,0,0,0,0,0,0,0,7,1,1,0,0,0,0,3,1,0,2,KRBKRNvK,DRAW,3K4/5r2/3n3k/8/2R5/2B5/8/8 w - - 0 1
1,1,0,0,0,0,0,1,-1,1,0,1,1,1,0,0,0,0,0,16,0,0,4,7,5,3,1,4,2,23,24,0,0,0,0,0,0,0,0,7,1,1,1,0,0,0,0,2,0,0,KRBKRNvK,WIN,4n3/R3B3/7K/8/8/8/3k4/4r3 w - - 0 1
0,1,0,0,0,0,0,1,-1,1,0,1,1,1,0,0,0,0,0,16,0,0,5,5,7,2,2,4,2,7,0,1,0,0,0,0,0,0,0,7,1,1,0,0,0,0,2,3,0,0,KRBKRNvK,DRAW,5K2/6B1/1n4R1/2r5/8/2k5/8/8 b - - 0 1
0,1,0,0,0,0,0,1,-1,1,0,1,1,1,0,0,0,0,0,16,0,0,3,0,3,3,6,3,2,19,27,0,0,0,0,0,0,0,0,7,1,1,0,0,0,0,2,2,0,0,KRBKRNvK,DRAW,7n/3kr3/8/8/K2B4/3R4/8/8 b - - 0 1
1,1,0,0,0,0,0,1,-1,1,0,1,1,1,0,0,0,0,0,16,0,0,4,2,6,6,4,3,2,7,0,1,0,0,0,0,0,0,0,7,1,1,0,0,0,0,2,0,1,1,KRBKRNvK,DRAW,1R6/2K5/n7/6k1/8/5B2/8/7r w - - 0 1
1,1,0,0,0,0,0,1,-1,1,0,1,1,1,0,0,0,0,0,16,0,0,4,3,2,1,6,1,4,6,0,1,0,0,0,0,0,0,0,7,1,1,0,0,0,0,2,2,1,0,KRBKRNvK,LOSS,3r4/1k2n3/R7/8/8/3K4/2B5/8 w - - 0 1
0,1,0,0,0,0,0,1,-1,1,0,1,1,1,0,0,0,0,0,16,0,0,6,0,6,6,4,5,2,26,28,0,0,0,0,0,0,0,0,7,1,1,0,0,0,0,3,0,0,0,KRBKRNvK,DRAW,3R1n2/K7/2B5/6k1/8/7r/8/8 b - - 0 1
0,1,0,0,0,0,0,1,-1,1,0,1,1,1,0,0,0,0,0,16,0,0,4,6,6,2,3,4,1,20,30,0,0,0,0,0,0,0,0,7,1,1,0,0,0,0,2,2,1,0,KRBKRNvK,DRAW,1r6/6K1/3B4/7R/2k5/8/8/7n b - - 0 1
0,1,0,0,0,0,0,1,-1,1,0,1,1,1,0,0,0,0,0,16,0,0,7,0,0,0,7,6,6,3,0,1,0,0,0,0,0,0,0,7,1,1,0,0,0,0,0,2,0,0,KRBKRNvK,DRAW,k6R/1n6/8/7B/8/4r3/8/K7 b - - 0 1
0,1,0,0,0,0,0,1,-1,1,0,1,1,1,0,0,0,0,0,16,0,0,3,4,5,7,5,1,4,20,25,0,0,0,0,0,0,0,0,7,1,1,0,0,0,0,4,2,1,1,KRBKRNvK,DRAW,1B6/8/4K2k/3r4/6R1/8/8/5n2 b - - 0 1
1,1,0,0,0,0,0,1,-1,1,0,1,1,1,0,0,0,0,0,16,0,0,6,0,7,6,7,6,5,2,0,1,0,0,0,0,0,0,0,7,1,1,0,0,0,0,2,0,0,1,KRBKRNvK,DRAW,K5k1/8/r7/3R4/8/8/8/2B1n3 w - - 0 1
0,1,0,0,0,0,0,1,-1,1,0,1,1,1,0,0,0,0,0,16,0,0,3,4,4,7,6,0,5,23,26,0,0,0,0,0,0,0,0,7,1,1,0,0,0,0,3,0,0,0,KRBKRNvK,DRAW,2n5/7k/r7/4K3/8/7B/2R5/8 b - - 0 1
1,1,0,0,0,0,0,1,-1,1,0,1,1,1,0,0,0,0,0,16,0,0,2,1,3,2,1,2,3,28,22,0,0,0,0,0,0,0,0,7,1,1,0,1,0,0,2,3,0,0,KRBKRNvK,DRAW,8/1Bn5/8/8/1K6/6R1/2k1r3/8 w - - 0 1
1,1,0,0,0,0,0,1,-1,1,0,1,1,1,0,0,0,0,0,16,0,0,2,7,4,5,3,3,1,26,22,0,0,0,0,0,0,0,0,7,1,1,0,1,0,0,1,4,0,0,KRBKRNvK,WIN,8/8/1B1n4/7K/5k2/R7/3r4/8 w - - 0 1
0,1,0,0,0,0,0,1,-1,1,0,1,1,1,0,0,0,0,0,16,0,0,6,6,0,5,6,5,3,6,0,1,0,0,0,0,0,0,0,7,1,1,1,0,0,0,3,2,1,0,KRBKRNvK,DRAW,8/2nR1k2/8/r7/8/8/8/6KB b - - 0 1
1,1,0,0,0,0,0,1,-1,1,0,1,1,1,0,0,0,0,0,16,0,0,3,2,3,2,0,1,4,31,23,0,0,0,0,0,0,0,0,7,1,1,0,1,0,0,3,0,0,1,KRBKRNvK,DRAW,8/3B4/7n/4R3/2K5/8/r7/2k5 w - - 0 1
0,1,0,0,0,0,0,1,-1,1,0,1,1,1,0,0,0,0,0,16,0,0,3,4,5,1,7,1,5,19,30,0,0,0,0,0,0,0,0,7,1,1,1,0,0,0,2,2,0,1,KRBKRNvK,DRAW,1k6/5R2/4K3/1B6/6r1/8/8/1n6 b - - 0 1
0,1,0,0,0,0,0,1,-1,1,0,1,1,1,0,0,0,0,0,16,0,0,4,5,7,5,3,4,1,7,0,1,0,0,0,0,0,0,0,7,1,1,0,0,0,0,1,3,0,1,KRBKRNvK,DRAW,5Kn1/2B5/8/8/3r1k2/8/8/7R b - - 0 1
1,1,0,0,0,0,0,1,-1,1,0,1,1,1,0,0,0,0,0,16,0,0,5,0,6,5,6,5,3,20,23,0,0,0,0,0,0,0,0,7,1,1,0,0,0,0,4,0,1,0,KRBKRNvK,DRAW,7r/K4k2/8/4R3/8/8/8/B1n5 w - - 0 1
0,1,0,0,0,0,0,1,-1,1,0,1,1,1,0,0,0,0,0,16,0,0,3,3,4,6,2,0,3,22,20,0,0,0,0,0,0,0,0,7,1,1,1,0,0,0,4,0,0,1,KRBKRNvK,DRAW,8/3R3B/8/3K4/8/2r3k1/n7/8 b - - 0 1
0,1,0,0,0,0,0,1,-1,1,0,1,1,1,0,0,0,0,0,16,0,0,4,1,5,3,1,3,2,4,0,1,0,0,0,0,0,0,0,7,1,1,0,0,0,0,1,2,2,0,KRBKRNvK,DRAW,8/8/1K6/8/8/5n2/1R1k1B2/7r b - - 0 1
0,1,0,0,0,0,0,1,-1,1,0,1,1,1,0,0,0,0,0,16,0,0,5,0,6,5,4,5,1,21,21,0,0,0,0,0,0,0,0,7,1,1,0,0,0,0,0,3,1,0,KRBKRNvK,DRAW,4r3/K7/2R4B/5k2/8/4n3/8/8 b - - 0 1
0,1,0,0,0,0,0,1,-1,1,0,1,1,1,0,0,0,0,0,16,0,0,2,0,2,2,0,4,4,21,22,0,0,0,0,0,0,0,0,7,1,1,0,0,0,0,1,2,0,0,KRBKRNvK,DRAW,8/8/8/8/7r/K4R2/5Bn1/2k5 b - - 0 1
0,1,0,0,0,0,0,1,-1,1,0,1,1,1,0,0,0,0,0,16,0,0,4,6,7,2,4,5,1,22,22,0,0,0,0,0,0,0,0,7,1,1,0,0,0,0,1,3,2,0,KRBKRNvK,DRAW,6K1/3n4/R3B3/2k5/8/5r2/8/8 b - - 0 1
1,1,0,0,0,0,0,1,-1,1,0,1,1,1,0,0,0,0,0,16,0,0,3,4,7,7,7,3,6,4,0,1,0,0,0,0,0,0,0,7,1,1,0,0,0,0,2,2,1,1,KRBKRNvK,DRAW,4K2k/5B2/3n4/5R2/2r5/8/8/8 w - - 0 1
0,1,0,0,0,0,0,1,-1,1,0,1,1,1,0,0,0,0,0,16,0,0,5,5,2,0,7,2,6,3,0,1,0,0,0,0,0,0,0,7,1,1,0,0,0,0,1,2,0,1,KRBKRNvK,LOSS,k7/8/4r3/3B4/4n3/5KR1/8/8 b - - 0 1
0,1,0,0,0,0,0,1,-1,1,0,1,1,1,0,0,0,0,0,16,0,0,2,3,5,3,3,1,0,4,0,1,0,0,0,0,0,0,0,7,1,1,0,0,0,0,3,3,1,0,KRBKRNvK,DRAW,8/8/1B1K4/6n1/3k4/r7/8/7R b - - 0 1
1,1,0,0,0,0,0,1,-1,1,0,1,1,1,0,0,0,0,0,16,0,0,4,3,2,7,5,1,4,26,21,0,0,0,0,0,0,0,0,7,1,1,0,0,0,0,2,2,1,1,KRBKRNvK,DRAW,8/8/7k/B1r5/5R2/3K4/8/7n w - - 0 1
0,1,0,0,0,0,0,1,-1,1,0,1,1,1,0,0,0,0,0,16,0,0,2,1,2,1,4,3,2,23,22,0,0,0,0,0,0,0,0,7,1,1,0,0,0,0,0,2,0,2,KRBKRNvK,DRAW,8/8/8/1k1n4/3r4/1K3R1B/8/8 b - - 0 1
1,1,0,0,0,0,0,1,-1,1,0,1,1,1,0,0,0,0,0,16,0,0,4,2,3,0,7,1,6,27,13,0,0,0,0,0,0,0,0,7,1,1,1,0,0,0,3,1,1,1,KRBKRNvK,WIN,k7/1R6/8/3B4/2K5/8/2n5/2r5 w - - 0 1
0,1,0,0,0,0,0,1,-1,1,0,1,1,1,0,0,0,0,0,16,0,0,5,1,2,1,7,3,5,4,0,1,0,0,0,0,0,0,0,7,1,1,0,0,0,0,1,3,0,1,KRBKRNvK,DRAW,1k5R/8/8/2r5/8/1K2B1n1/8/8 b - - 0 1
0,1,0,0,0,0,0,1,-1,1,0,1,1,1,0,0,0,0,0,16,0,0,5,1,4,6,4,2,2,22,35,0,0,0,0,0,0,0,0,7,1,1,0,0,0,0,1,2,0,0,KRBKRNvK,DRAW,4r1n1/8/8/1K4k1/3B4/8/R7/8 b - - 0 1
1,1,0,0,0,0,0,1,-1,1,0,1,1,1,0,0,0,0,0,16,0,0,5,2,2,7,0,2,6,7,0,1,0,0,0,0,0,0,0,7,1,1,0,0,0,0,3,2,0,1,KRBKRNvK,DRAW,8/8/4r3/5R2/4n3/2K5/3B4/7k w - - 0 1
0,1,0,0,0,0,0,1,-1,1,0,1,1,1,0,0,0,0,0,16,0,0,5,6,7,1,5,5,3,22,25,0,0,0,0,0,0,0,0,7,1,1,0,0,0,0,0,2,0,0,KRBKRNvK,DRAW,6K1/3n4/1k6/1r6/8/B7/8/5R2 b - - 0 1
0,1,0,0,0,0,0,1,-1,1,0,1,1,1,0,0,0,0,0,16,0,0,6,1,1,7,7,4,6,15,28,0,0,0,0,0,0,0,0,7,1,1,0,0,0,0,2,0,0,0,KRBKRNvK,DRAW,7k/8/2B5/8/8/2R5/1K6/4n2r b - - 0 1
0,1,0,0,0,0,0,1,-1,1,0,1,1,1,0,0,0,0,0,16,0,0,4,3,4,2,0,0,4,3,0,1,0,0,0,0,0,0,0,7,1,1,0,0,0,0,3,0,0,1,KRBKRNvK,DRAW,8/1r6/8/3K4/1BR5/7n/8/2k5 b - - 0 1
0,1,0,0,0,0,0,1,-1,1,0,1,1,1,0,0,0,0,0,16,0,0,3,4,0,5,3,3,1,5,0,1,0,0,0,0,0,0,0,7,1,1,0,1,0,0,2,4,1,1,KRBKRNvK,DRAW,8/8/8/8/R4k1B/8/3r4/1n2K3 b - - 0 1
0,1,0,0,0,0,0,1,-1,1,0,1,1,1,0,0,0,0,0,16,0,0,3,4,3,2,0,0,4,22,23,0,0,0,0,0,0,0,0,7,1,1,0,0,0,0,4,0,0,0,KRBKRNvK,WIN,5B2/2r5/8/8/4K2R/8/8/2k2n2 b - - 0 1
1,1,0,0,0,0,0,1,-1,1,0,1,1,1,0,0,0,0,0,16,0,0,2,5,0,7,2,4,4,22,18,0,0,0,0,0,0,0,0,7,1,1,0,1,0,0,1,1,0,1,KRBKRNvK,WIN,8/8/8/8/6n1/2R1B2k/6r1/5K2 w - - 0 1
1,1,0,0,0,0,0,1,-1,1,0,1,1,1,0,0,0,0,0,16,0,0,2,5,5,3,4,2,0,18,21,0,0,0,0,0,0,0,0,7,1,1,0,0,0,0,1,4,1,0,KRBKRNvK,DRAW,8/B7/1R3K2/3k4/2r5/2n5/8/8 w - - 0 1
1,1,0,0,0,0,0,1,-1,1,0,1,1,1,0,0,0,0,0,16,0,0,2,2,4,4,6,1,2,28,20,0,0,0,0,0,0,0,0,7,1,1,0,1,0,0,2,2,1,0,KRBKRNvK,DRAW,8/3Bk3/8/2K5/8/8/3r3n/R7 w - - 0 1
0,1,0,0,0,0,0,1,-1,1,0,1,1,1,0,0,0,0,0,16,0,0,3,0,6,3,5,5,1,13,21,0,0,0,0,0,0,0,0,7,1,1,0,0,0,0,2,2,1,0,KRBKRNvK,DRAW,8/K7/3k4/5R2/5n1r/6B1/8/8 b - - 0 1
0,1,0,0,0,0,0,1,-1,1,0,1,1,1,0,0,0,0,0,16,0,0,5,2,3,7,3,1,3,4,0,1,0,0,0,0,0,0,0,7,1,1,0,0,0,0,2,2,0,2,KRBKRNvK,DRAW,7R/8/3r4/8/n1K4k/8/B7/8 b - - 0 1
0,1,0,0,0,0,0,1,-1,1,0,1,1,1,0,0,0,0,0,16,0,0,4,2,5,6,3,2,2,3,0,1,0,0,0,0,0,0,0,7,1,1,1,0,0,0,1,2,0,1,KRBKRNvK,DRAW,8/6R1/2K5/4r3/6k1/7n/8/3B4 b - - 0 1
0,1,0,0,0,0,0,1,-1,1,0,1,1,1,0,0,0,0,0,16,0,0,2,3,5,4,7,1,3,24,20,0,0,0,0,0,0,0,0,7,1,1,0,0,0,0,4,2,0,1,KRBKRNvK,DRAW,4k3/8/B2K4/2r5/7R/3n4/8/8 b - - 0 1
0,1,0,0,0,0,0,1,-1,1,0,1,1,1,0,0,0,0,0,16,0,0,3,0,5,3,5,4,1,5,0,1,0,0,0,0,0,0,0,7,1,1,0,0,0,0,2,4,1,0,KRBKRNvK,DRAW,4B3/8/K2kr3/8/8/3R4/2n5/8 b - - 0 1
0,1,0,0,0,0,0,1,-1,1,0,1,1,1,0,0,0,0,0,16,0,0,4,6,1,6,5,4,3,8,28,0,0,0,0,0,0,0,0,7,1,1,0,0,0,0,1,2,1,0,KRBKRNvK,DRAW,7R/4n3/6k1/5r2/8/3B4/6K1/8 b - - 0 1
0,1,0,0,0,0,0,1,-1,1,0,1,1,1,0,0,0,0,0,16,0,0,2,3,3,5,5,0,2,5,0,1,0,0,0,0,0,0,0,7,1,1,0,1,0,0,4,2,1,1,KRBKRNvK,DRAW,8/8/1n3k2/8/3K1R2/5B2/r7/8 b - - 0 1
1,1,0,0,0,0,0,1,-1,1,0,1,1,1,0,0,0,0,0,16,0,0,3,5,4,7,7,1,6,24,18,0,0,0,0,0,0,0,0,7,1,1,0,0,0,0,4,0,0,1,KRBKRNvK,DRAW,7k/7r/8/3R1K2/8/8/6B1/1n6 w - - 0 1
1,1,0,0,0,0,0,1,-1,1,0,1,1,1,0,0,0,0,0,16,0,0,5,7,2,2,6,4,3,21,23,0,0,0,0,0,0,0,0,7,1,1,0,0,0,0,0,0,0,1,KRBKRNvK,DRAW,8/2k5/6rB/8/8/1R5K/8/5n2 w - - 0 1
0,1,0,0,0,0,0,1,-1,1,0,1,1,1,0,0,0,0,0,16,0,0,6,1,2,7,3,3,3,3,0,1,0,0,0,0,0,0,0,7,1,1,0,0,0,0,3,1,1,0,KRBKRNvK,DRAW,8/5n2/r7/8/2R4k/1K3B2/8/8 b - - 0 1
1,1,0,0,0,0,0,1,-1,1,0,1,1,1,0,0,0,0,0,16,0,0,5,3,2,2,7,1,4,5,0,1,0,0,0,0,0,0,0,7,1,1,0,0,0,0,3,2,1,1,KRBKRNvK,LOSS,2k5/8/3Rr1B1/2n5/8/3K4/8/8 w - - 0 1
1,1,0,0,0,0,0,1,-1,1,0,1,1,1,0,0,0,0,0,16,0,0,4,4,1,3,5,2,1,26,26,0,0,0,0,0,0,0,0,7,1,1,0,0,0,0,0,2,0,0,KRBKRNvK,DRAW,3n4/8/B2k4/7r/8/8/4K3/5R2 w - - 0 1
1,1,0,0,0,0,0,1,-1,1,0,1,1,1,0,0,0,0,0,16,0,0,4,4,3,0,0,0,6,24,15,0,0,0,0,0,0,0,0,7,1,1,0,1,0,0,4,0,0,1,KRBKRNvK,DRAW,3R4/8/7n/8/4K3/3B4/3r4/k7 w - - 0 1
1,1,0,0,0,0,0,1,-1,1,0,1,1,1,0,0,0,0,0,16,0,0,4,6,1,2,4,4,1,7,0,1,0,0,0,0,0,0,0,7,1,1,0,0,0,0,3,2,0,1,KRBKRNvK,DRAW,8/r7/8/2k5/7n/5B2/3R2K1/8 w - - 0 1
1,1,0,0,0,0,0,1,-1,1,0,1,1,1,0,0,0,0,0,16,0,0,2,3,5,5,3,1,1,6,0,1,0,0,0,0,0,0,0,7,1,1,0,0,0,0,3,2,0,0,KRBKRNvK,DRAW,7B/8/3K3r/1R6/5kn1/8/8/8 w - - 0 1
1,1,0,0,0,0,0,1,-1,1,0,1,1,1,0,0,0,0,0,16,0,0,4,0,0,4,0,6,3,24,25,0,0,0,0,0,0,0,0,7,1,1,0,0,0,0,3,1,0,0,KRBKRNvK,DRAW,2r5/8/4n3/5R2/8/8/1B6/K3k3 w - - 0 1
0,1,0,0,0,0,0,1,-1,1,0,1,1,1,0,0,0,0,0,16,0,0,3,0,4,3,2,3,1,7,0,1,0,0,0,0,0,0,0,7,1,1,0,0,0,0,0,3,1,1,KRBKRNvK,DRAW,8/8/2r5/K7/6B1/3k1n2/8/3R4 b - - 0 1
1,1,0,0,0,0,0,1,-1,1,0,1,1,1,0,0,0,0,0,16,0,0,6,7,6,1,7,5,5,4,0,1,0,0,0,0,0,0,0,7,1,1,0,1,0,0,2,2,0,1,KRBKRNvK,DRAW,1k6/7K/5n2/8/8/8/2r3BR/8 w - - 0 1
1,1,0,0,0,0,0,1,-1,1,0,1,1,1,0,0,0,0,0,16,0,0,3,6,2,3,1,3,2,8,0,1,0,0,0,0,0,0,0,7,1,1,0,0,0,0,0,0,0,0,KRBKRNvK,DRAW,3B2r1/8/R7/8/8/6K1/n2k4/8 w - - 0 1
0,1,0,0,0,0,0,1,-1,1,0,1,1,1,0,0,0,0,0,16,0,0,3,1,2,4,2,3,1,20,25,0,0,0,0,0,0,0,0,7,1,1,0,0,0,0,0,2,0,0,KRBKRNvK,DRAW,6n1/8/8/7B/5r2/1K2k3/R7/8 b - - 0 1
1,1,0,0,0,0,0,1,-1,1,0,1,1,1,0,0,0,0,0,16,0,0,2,5,1,3,2,3,1,6,0,1,0,0,0,0,0,0,0,7,1,1,0,0,0,0,2,2,0,0,KRBKRNvK,DRAW,8/5r2/8/7R/7B/3k4/5K2/2n5 w - - 0 1
0,1,0,0,0,0,0,1,-1,1,0,1,1,1,0,0,0,0,0,16,0,0,5,3,2,0,7,1,6,20,25,0,0,0,0,0,0,0,0,7,1,1,0,0,0,0,3,1,0,0,KRBKRNvK,DRAW,k7/8/1n5r/B7/8/3K4/4R3/8 b - - 0 1
0,1,0,0,0,0,0,1,-1,1,0,1,1,1,0,0,0,0,0,16,0,0,3,0,1,3,2,5,1,6,0,1,0,0,0,0,0,0,0,7,1,1,0,0,0,0,1,4,0,0,KRBKRNvK,DRAW,8/8/8/1r6/8/3k3R/K7/4n1B1 b - - 0 1
1,1,0,0,0,0,0,1,-1,1,0,1,1,1,0,0,0,0,0,16,0,0,5,2,2,7,2,2,4,25,19,0,0,0,0,0,0,0,0,7,1,1,0,0,0,0,3,0,1,1,KRBKRNvK,DRAW,2R5/8/1r6/8/8/2K2B1k/1n6/8 w - - 0 1
1,1,0,0,0,0,0,1,-1,1,0,1,1,1,0,0,0,0,0,16,0,0,6,4,0,3,6,3,2,4,0,1,0,0,0,0,0,0,0,7,1,1,0,0,0,0,1,2,1,0,KRBKRNvK,DRAW,1R6/3k4/8/7n/4r3/6B1/8/4K3 w - - 0 1
1,1,0,0,0,0,0,1,-1,1,0,1,1,1,0,0,0,0,0,16,0,0,5,1,5,1,0,3,5,26,19,0,0,0,0,0,0,0,0,7,1,1,0,0,0,0,3,2,0,1,KRBKRNvK,DRAW,8/n3r3/1K6/8/2R5/8/6B1/1k6 w - - 0 1
1,1,0,0,0,0,0,1,-1,1,0,1,1,1,0,0,0,0,0,16,0,0,4,5,4,1,6,1,4,20,23,0,0,0,0,0,0,0,0,7,1,1,0,0,0,0,3,3,0,1,KRBKRNvK,DRAW,8/1k6/4B1R1/5K2/8/4r3/4n3/8 w - - 0 1
1,1,0,0,0,0,0,1,-1,1,0,1,1,1,0,0,0,0,0,16,0,0,4,2,4,6,3,1,2,7,0,1,0,0,0,0,0,0,0,7,1,1,0,0,0,0,3,2,0,1,KRBKRNvK,DRAW,4r3/8/3B4/2K5/4n1k1/1R6/8/8 w - - 0 1
1,1,0,0,0,0,0,1,-1,1,0,1,1,1,0,0,0,0,0,16,0,0,7,1,0,1,7,5,5,18,24,0,0,0,0,0,0,0,0,7,1,1,0,0,0,0,0,4,0,0,KRBKRNvK,DRAW,1k6/8/5n1B/3r4/8/8/8/RK6 w - - 0 1
0,1,0,0,0,0,0,1,-1,1,0,1,1,1,0,0,0,0,0,16,0,0,7,7,7,0,7,6,6,15,23,0,0,0,0,0,0,0,0,7,1,1,0,0,0,0,0,0,0,0,KRBKRNvK,DRAW,k6K/8/8/B6n/8/1R6/8/7r b - - 0 1
1,1,0,0,0,0,0,1,-1,1,0,1,1,1,0,0,0,0,0,16,0,0,2,2,2,0,3,2,3,5,0,1,0,0,0,0,0,0,0,7,1,1,0,0,0,0,2,0,0,1,KRBKRNvK,DRAW,8/8/8/4n3/k7/2K3r1/3R4/6B1 w - - 0 1
0,1,0,0,0,0,0,1,-1,1,0,1,1,1,0,0,0,0,0,16,0,0,2,1,6,3,7,4,3,20,23,0,0,0,0,0,0,0,0,7,1,1,0,0,0,0,3,1,0,1,KRBKRNvK,DRAW,r2k3B/1K6/8/6R1/2n5/8/8/8 b - - 0 1
0,1,0,0,0,0,0,1,-1,1,0,1,1,1,0,0,0,0,0,16,0,0,2,2,3,4,2,1,1,5,0,1,0,0,0,0,0,0,0,7,1,1,0,0,0,0,2,3,1,1,KRBKRNvK,LOSS,6n1/8/1B6/3r4/2K5/4k3/2R5/8 b - - 0 1
0,1,0,0,0,0,0,1,-1,1,0,1,1,1,0,0,0,0,0,16,0,0,5,0,3,5,2,3,2,22,28,0,0,0,0,0,0,0,0,7,1,1,0,0,0,0,2,3,1,1,KRBKRNvK,DRAW,8/8/4B3/2r5/K7/5k1n/3R4/8 b - - 0 1
1,1,0,0,0,0,0,1,-1,1,0,1,1,1,0,0,0,0,0,16,0,0,2,3,5,5,7,1,4,25,22,0,0,0,0,0,0,0,0,7,1,1,0,0,0,0,3,2,1,0,KRBKRNvK,DRAW,4Bk2/8/3K4/8/6r1/3R4/5n2/8 w - - 0 1
0,1,0,0,0,0,0,1,-1,1,0,1,1,1,0,0,0,0,0,16,0,0,3,5,0,2,1,4,3,27,19,0,0,0,0,0,0,0,0,7,1,1,0,0,0,0,0,2,0,0,KRBKRNvK,DRAW,8/8/3r4/8/1n5B/8/2k5/5KR1 b - - 0 1
1,1,0,0,0,0,0,1,-1,1,0,1,1,1,0,0,0,0,0,16,0,0,2,5,1,3,0,3,3,22,13,0,0,0,0,0,0,0,0,7,1,1,0,0,0,0,0,0,1,1,KRBKRNvK,DRAW,7n/8/8/B7/8/5R2/5K2/3k3r w - - 0 1
0,1,0,0,0,0,0,1,-1,1,0,1,1,1,0,0,0,0,0,16,0,0,5,5,6,4,1,3,2,4,0,1,0,0,0,0,0,0,0,7,1,1,0,0,0,0,0,2,1,0,KRBKRNvK,DRAW,8/5K2/2n5/8/8/r7/3Bk2R/8 b - - 0 1
0,1,0,0,0,0,0,1,-1,1,0,1,1,1,0,0,0,0,0,16,0,0,6,6,3,0,3,2,3,16,29,0,0,0,0,0,0,0,0,7,1,1,0,1,0,0,0,0,0,0,KRBKRNvK,DRAW,8/8/5R2/8/k5K1/8/r7/1nB5 b - - 0 1
0,1,0,0,0,0,0,1,-1,1,0,1,1,1,0,0,0,0,0,16,0,0,2,2,4,0,3,1,3,23,24,0,0,0,0,0,0,0,0,7,1,1,0,0,0,0,2,2,0,1,KRBKRNvK,DRAW,5R2/8/8/2Kn4/k6r/8/8/2B5 b - - 0 1
1,1,0,0,0,0,0,1,-1,1,0,1,1,1,0,0,0,0,0,16,0,0,5,5,3,0,6,1,5,6,0,1,0,0,0,0,0,0,0,7,1,1,0,0,0,0,2,0,0,0,KRBKRNvK,DRAW,6R1/k7/8/8/5K2/8/7B/1n3r2 w - - 0 1
0,1,0,0,0,0,0,1,-1,1,0,1,1,1,0,0,0,0,0,16,0,0,7,1,7,1,0,5,5,19,16,0,0,0,0,0,0,0,0,7,1,1,0,0,0,0,0,2,0,0,KRBKRNvK,DRAW,1K6/8/1R6/1n6/8/3r4/8/1k3B2 b - - 0 1
1,1,0,0,0,0,0,1,-1,1,0,1,1,1,0,0,0,0,0,16,0,0,2,5,6,7,6,3,5,1,0,1,0,0,0,0,0,0,0,7,1,1,0,0,0,0,2,1,0,0,KRBKRNvK,DRAW,3R4/2n2K1k/8/8/8/5r2/5B2/8 w - - 0 1
0,1,0,0,0,0,0,1,-1,1,0,1,1,1,0,0,0,0,0,16,0,0,3,5,1,3,4,3,0,5,0,1,0,0,0,0,0,0,0,7,1,1,0,0,0,0,1,3,0,1,KRBKRNvK,DRAW,2R5/8/8/3k2n1/7r/8/B4K2/8 b - - 0 1
0,1,0,0,0,0,0,1,-1,1,0,1,1,1,0,0,0,0,0,16,0,0,5,0,1,3,6,5,2,22,19,0,0,0,0,0,0,0,0,7,1,1,0,0,0,0,2,0,0,0,KRBKRNvK,DRAW,5n2/3k4/8/8/8/7r/K3R3/3B4 b - - 0 1
1,1,0,0,0,0,0,1,-1,1,0,1,1,1,0,0,0,0,0,16,0,0,5,5,1,1,6,3,4,17,28,0,0,0,0,0,0,0,0,7,1,1,0,0,0,0,1,2,0,1,KRBKRNvK,DRAW,4r3/1k6/8/8/8/8/B2n1K2/5R2 w - - 0 1
1,1,0,0,0,0,0,1,-1,1,0,1,1,1,0,0,0,0,0,16,0,0,5,0,6,0,1,5,5,26,17,0,0,0,0,0,0,0,0,7,1,1,0,0,0,0,2,2,0,1,KRBKRNvK,DRAW,1R6/K5B1/8/n5r1/8/8/k7/8 w - - 0 1
1,1,0,0,0,0,0,1,-1,1,0,1,1,1,0,0,0,0,0,16,0,0,5,2,5,0,0,2,6,23,21,0,0,0,0,0,0,0,0,7,1,1,0,0,0,0,1,2,0,0,KRBKRNvK,DRAW,2B2R2/6n1/2K5/8/8/3r4/8/k7 w - - 0 1
0,1,0,0,0,0,0,1,-1,1,0,1,1,1,0,0,0,0,0,16,0,0,3,0,4,1,7,3,5,3,0,1,0,0,0,0,0,0,0,7,1,1,0,1,0,0,2,1,0,0,KRBKRNvK,DRAW,1k5R/8/8/K7/6n1/8/2r3B1/8 b - - 0 1
1,1,0,0,0,0,0,1,-1,1,0,1,1,1,0,0,0,0,0,16,0,0,2,0,0,0,2,6,4,21,18,0,0,0,0,0,0,0,0,7,1,1,0,0,0,0,2,0,0,0,KRBKRNvK,DRAW,4B3/n7/1r6/8/5R2/k7/8/K7 w - - 0 1
0,1,0,0,0,0,0,1,-1,1,0,1,1,1,0,0,0,0,0,16,0,0,4,0,7,4,5,6,1,20,23,0,0,0,0,0,0,0,0,7,1,1,0,0,0,0,3,2,0,1,KRBKRNvK,DRAW,K7/n5r1/4k3/R7/8/2B5/8/8 b - - 0 1
0,1,0,0,0,0,0,1,-1,1,0,1,1,1,0,0,0,0,0,16,0,0,4,0,0,0,4,6,3,1,0,1,0,0,0,0,0,0,0,7,1,1,0,0,0,0,3,0,2,0,KRBKRNvK,DRAW,8/8/r1B5/k3n3/R7/8/8/K7 b - - 0 1
0,1,0,0,0,0,0,1,-1,1,0,1,1,1,0,0,0,0,0,16,0,0,2,5,5,7,5,2,4,1,0,1,0,0,0,0,0,0,0,7,1,1,0,0,0,0,1,1,0,2,KRBKRNvK,LOSS,2B5/6r1/5K1k/5n2/8/8/7R/8 b - - 0 1
0,1,0,0,0,0,0,1,-1,1,0,1,1,1,0,0,0,0,0,16,0,0,3,3,1,0,3,2,3,21,31,0,0,0,0,0,0,0,0,7,1,1,0,0,0,0,2,0,2,0,KRBKRNvK,DRAW,8/5r2/2R5/8/k7/8/1B1K3n/8 b - - 0 1
1,1,0,0,0,0,0,1,-1,1,0,1,1,1,0,0,0,0,0,16,0,0,2,0,6,2,6,5,3,27,21,0,0,0,0,0,0,0,0,7,1,1,0,0,0,0,3,0,1,0,KRBKRNvK,DRAW,4R3/K1k5/8/8/2B5/6r1/1n6/8 w - - 0 1
0,1,0,0,0,0,0,1,-1,1,0,1,1,1,0,0,0,0,0,16,0,0,5,7,2,2,3,4,1,6,0,1,0,0,0,0,0,0,0,7,1,1,0,0,0,0,1,2,0,1,KRBKRNvK,DRAW,2R3n1/8/8/8/2k2B2/7K/8/6r1 b - - 0 1
1,1,0,0,0,0,0,1,-1,1,0,1,1,1,0,0,0,0,0,16,0,0,3,3,3,2,6,0,3,6,0,1,0,0,0,0,0,0,0,7,1,1,0,0,0,0,4,1,0,1,KRBKRNvK,DRAW,8/2k4r/4n3/8/R2K4/3B4/8/8 w - - 0 1
0,1,0,0,0,0,0,1,-1,1,0,1,1,1,0,0,0,0,0,16,0,0,4,1,5,2,1,3,3,24,27,0,0,0,0,0,0,0,0,7,1,1,0,0,0,0,0,0,0,0,KRBKRNvK,DRAW,8/8/1K6/8/6B1/7r/2k5/4nR2 b - - 0 1
0,1,0,0,0,0,0,1,-1,1,0,1,1,1,0,0,0,0,0,16,0,0,3,3,4,4,7,0,3,20,22,0,0,0,0,0,0,0,0,7,1,1,0,0,0,0,4,2,0,1,KRBKRNvK,DRAW,4k3/4r3/8/3K4/3R1B2/8/8/6n1 b - - 0 1
1,1,0,0,0,0,0,1,-1,1,0,1,1,1,0,0,0,0,0,16,0,0,3,2,6,2,3,3,1,5,0,1,0,0,0,0,0,0,0,7,1,1,0,0,0,0,1,2,0,1,KRBKRNvK,DRAW,5r2/2K5/4n3/8/2k5/8/6R1/1B6 w - - 0 1
0,1,0,0,0,0,0,1,-1,1,0,1,1,1,0,0,0,0,0,16,0,0,2,5,0,5,2,4,2,18,21,0,0,0,0,0,0,0,0,7,1,1,0,0,0,0,2,1,1,0,KRBKRNvK,DRAW,8/1r6/4R3/8/8/5k2/8/n3BK2 b - - 0 1
0,1,0,0,0,0,0,1,-1,1,0,1,1,1,0,0,0,0,0,16,0,0,2,2,3,0,3,1,3,13,28,0,0,0,0,0,0,0,0,7,1,1,0,1,0,0,2,0,0,1,KRBKRNvK,DRAW,8/4B2n/6R1/8/k1K5/8/r7/8 b - - 0 1
0,1,0,0,0,0,0,1,-1,1,0,1,1,1,0,0,0,0,0,16,0,0,4,1,0,5,0,5,4,20,17,0,0,0,0,0,0,0,0,7,1,1,0,0,0,0,2,2,0,0,KRBKRNvK,DRAW,B7/3nr3/8/8/8/8/8/RK3k2 b - - 0 1
0,1,0,0,0,0,0,1,-1,1,0,1,1,1,0,0,0,0,0,16,0,0,4,2,0,1,4,4,2,29,23,0,0,0,0,0,0,0,0,7,1,1,0,0,0,0,2,2,0,0,KRBKRNvK,DRAW,4R3/8/7B/1kn5/5r2/8/8/2K5 b - - 0 1
1,1,0,0,0,0,0,1,-1,1,0,1,1,1,0,0,0,0,0,16,0,0,6,2,6,6,0,3,5,26,25,0,0,0,0,0,0,0,0,7,1,1,0,0,0,0,0,2,0,1,KRBKRNvK,DRAW,8/2K5/R7/3r4/8/1n6/8/2B3k1 w - - 0 1
1,1,0,0,0,0,0,1,-1,1,0,1,1,1,0,0,0,0,0,16,0,0,3,4,1,7,1,2,5,9,0,1,0,0,0,0,0,0,0,7,1,1,0,0,0,0,1,3,0,0,KRBKRNvK,DRAW,8/4r3/6R1/3B1n2/8/8/4K2k/8 w - - 0 1
0,1,0,0,0,0,0,1,-1,1,0,1,1,1,0,0,0,0,0,16,0,0,2,3,7,3,5,3,1,2,0,1,0,0,0,0,0,0,0,7,1,1,0,0,0,0,2,4,1,1,KRBKRNvK,WIN,3K4/8/3k1n2/7R/1B6/3r4/8/8 b - - 0 1
1,1,0,0,0,0,0,1,-1,1,0,1,1,1,0,0,0,0,0,16,0,0,2,4,3,3,5,0,1,18,19,0,0,0,0,0,0,0,0,7,1,1,0,0,0,0,4,2,1,0,KRBKRNvK,DRAW,8/3B4/3k4/8/4K1R1/8/8/2n2r2 w - - 0 1
0,1,0,0,0,0,0,1,-1,1,0,1,1,1,0,0,0,0,0,16,0,0,4,7,2,5,6,4,3,25,26,0,0,0,0,0,0,0,0,7,1,1,0,0,0,0,2,2,0,1,KRBKRNvK,DRAW,8/5k2/8/6r1/8/4B2K/n7/3R4 b - - 0 1
1,1,0,0,0,0,0,1,-1,1,0,1,1,1,0,0,0,0,0,16,0,0,5,1,4,6,2,2,3,30,22,0,0,0,0,0,0,0,0,7,1,1,0,0,0,0,2,1,1,0,KRBKRNvK,DRAW,8/8/6Br/1K6/8/6k1/3n4/4R3 w - - 0 1
0,1,0,0,0,0,0,1,-1,1,0,1,1,1,0,0,0,0,0,16,0,0,5,7,2,2,3,4,1,21,24,0,0,0,0,0,0,0,0,7,1,1,0,0,0,0,0,3,1,0,KRBKRNvK,DRAW,2B5/8/8/4r3/2k5/R6K/8/n7 b - - 0 1
1,1,0,0,0,0,0,1,-1,1,0,1,1,1,0,0,0,0,0,16,0,0,6,3,6,4,0,2,3,4,0,1,0,0,0,0,0,0,0,7,1,1,0,0,0,0,0,0,1,2,KRBKRNvK,DRAW,4Bn2/1r1K4/8/8/8/5R2/8/4k3 w - - 0 1
0,1,0,0,0,0,0,1,-1,1,0,1,1,1,0,0,0,0,0,16,0,0,5,6,0,7,5,5,4,1,0,1,0,0,0,0,0,0,0,7,1,1,1,0,0,0,1,2,1,0,KRBKRNvK,LOSS,8/7R/7k/3rn3/4B3/8/8/6K1 b - - 0 1
0,1,0,0,0,0,0,1,-1,1,0,1,1,1,0,0,0,0,0,16,0,0,5,0,0,0,5,6,4,25,20,0,0,0,0,0,0,0,0,7,1,1,1,0,0,0,0,1,0,0,KRBKRNvK,DRAW,1r6/7R/k7/8/5n2/8/8/K1B5 b - - 0 1
1,1,0,0,0,0,0,1,-1,1,0,1,1,1,0,0,0,0,0,16,0,0,2,5,1,7,1,3,5,25,21,0,0,0,0,0,0,0,0,7,1,1,0,0,0,0,2,2,0,0,KRBKRNvK,WIN,5B2/7r/2n5/8/8/8/5K1k/4R3 w - - 0 1
1,1,0,0,0,0,0,1,-1,1,0,1,1,1,0,0,0,0,0,16,0,0,5,0,7,0,2,6,4,24,20,0,0,0,0,0,0,0,0,7,1,1,0,1,0,0,2,0,0,0,KRBKRNvK,DRAW,K7/8/8/5B2/6R1/k7/1r6/5n2 w - - 0 1
0,1,0,0,0,0,0,1,-1,1,0,1,1,1,0,0,0,0,0,16,0,0,6,0,3,6,6,3,4,24,29,0,0,0,0,0,0,0,0,7,1,1,0,0,0,0,2,0,0,0,KRBKRNvK,DRAW,1n6/6k1/7r/1R6/K4B2/8/8/8 b - - 0 1
1,1,0,0,0,0,0,1,-1,1,0,1,1,1,0,0,0,0,0,16,0,0,6,7,0,1,6,6,4,27,19,0,0,0,0,0,0,0,0,7,1,1,0,0,0,0,1,2,0,0,KRBKRNvK,DRAW,8/1k6/4B3/4r3/8/R7/8/4n2K w - - 0 1
1,1,0,0,0,0,0,1,-1,1,0,1,1,1,0,0,0,0,0,16,0,0,5,2,5,2,0,2,4,26,21,0,0,0,0,0,0,0,0,7,1,1,0,0,0,0,3,0,1,0,KRBKRNvK,DRAW,8/8/2K5/5R2/8/1r5n/8/B1k5 w - - 0 1
1,1,0,0,0,0,0,1,-1,1,0,1,1,1,0,0,0,0,0,16,0,0,3,1,0,2,3,5,1,5,0,1,0,0,0,0,0,0,0,7,1,1,1,1,0,0,1,3,0,1,KRBKRNvK,DRAW,8/6R1/8/5B2/2k5/8/3n3r/1K6 w - - 0 1
1,1,0,0,0,0,0,1,-1,1,0,1,1,1,0,0,0,0,0,16,0,0,5,7,4,2,0,3,4,4,0,1,0,0,0,0,0,0,0,7,1,1,0,0,0,0,3,3,0,1,KRBKRNvK,DRAW,8/8/8/2n2r1K/R7/8/7B/2k5 w - - 0 1
0,1,0,0,0,0,0,1,-1,1,0,1,1,1,0,0,0,0,0,16,0,0,5,1,5,6,1,3,4,20,26,0,0,0,0,0,0,0,0,7,1,1,0,0,0,0,2,2,1,0,KRBKRNvK,DRAW,B7/7n/1K6/8/8/5R2/6k1/4r3 b - - 0 1
0,1,0,0,0,0,0,1,-1,1,0,1,1,1,0,0,0,0,0,16,0,0,7,7,5,0,6,4,5,2,0,1,0,0,0,0,0,0,0,7,1,1,1,1,0,0,0,3,2,0,KRBKRNvK,DRAW,2B5/kR6/7K/8/8/8/2n1r3/8 b - - 0 1
1,1,0,0,0,0,0,1,-1,1,0,1,1,1,0,0,0,0,0,16,0,0,6,3,7,2,1,3,3,5,0,1,0,0,0,0,0,0,0,7,1,1,0,0,0,0,1,2,0,0,KRBKRNvK,DRAW,3K4/8/1B4R1/3r4/8/n7/2k5/8 w - - 0 1
0,1,0,0,0,0,0,1,-1,1,0,1,1,1,0,0,0,0,0,16,0,0,6,0,1,0,7,5,6,19,25,0,0,0,0,0,0,0,0,7,1,1,0,0,0,0,2,2,0,0,KRBKRNvK,DRAW,k7/2r5/2n3R1/8/8/8/KB6/8 b - - 0 1
0,1,0,0,0,0,0,1,-1,1,0,1,1,1,0,0,0,0,0,16,0,0,5,2,7,4,2,4,1,25,24,0,0,0,0,0,0,0,0,7,1,1,0,0,0,0,1,3,1,0,KRBKRNvK,DRAW,2K5/5B2/8/1n6/8/4k3/2R5/3r4 b - - 0 1
0,1,0,0,0,0,0,1,-1,1,0,1,1,1,0,0,0,0,0,16,0,0,2,5,5,3,6,2,2,2,0,1,0,0,0,0,0,0,0,7,1,1,0,0,0,0,3,0,1,0,KRBKRNvK,DRAW,8/rn1k4/5K2/1B6/8/3R4/8/8 b - - 0 1
1,1,0,0,0,0,0,1,-1,1,0,1,1,1,0,0,0,0,0,16,0,0,2,6,5,4,6,3,2,2,0,1,0,0,0,0,0,0,0,7,1,1,0,0,0,0,2,1,1,2,KRBKRNvK,DRAW,8/4k3/5rK1/6R1/5n2/7B/8/8 w - - 0 1
1,1,0,0,0,0,0,1,-1,1,0,1,1,1,0,0,0,0,0,16,0,0,2,5,4,3,2,1,1,17,23,0,0,0,0,0,0,0,0,7,1,1,0,0,0,0,2,2,0,0,KRBKRNvK,DRAW,3B4/8/8/5KR1/1r6/3k4/8/n7 w - - 0 1
0,1,0,0,0,0,0,1,-1,1,0,1,1,1,0,0,0,0,0,16,0,0,4,7,7,3,6,6,2,18,26,0,0,0,0,0,0,0,0,7,1,1,0,0,0,0,1,1,0,0,KRBKRNvK,DRAW,7K/r2k4/8/1n6/8/6B1/8/2R5 b - - 0 1
0,1,0,0,0,0,0,1,-1,1,0,1,1,1,0,0,0,0,0,16,0,0,2,3,1,1,2,2,3,28,18,0,0,0,0,0,0,0,0,7,1,1,0,0,0,0,0,1,0,1,KRBKRNvK,DRAW,2B3R1/8/4n3/8/8/1k6/3K4/5r2 b - - 0 1
1,1,0,0,0,0,0,1,-1,1,0,1,1,1,0,0,0,0,0,16,0,0,2,2,1,4,3,3,0,4,0,1,0,0,0,0,0,0,0,7,1,1,0,0,0,0,0,4,1,2,KRBKRNvK,DRAW,8/8/8/8/3nk3/8/2KB4/3Rr3 w - - 0 1
0,1,0,0,0,0,0,1,-1,1,0,1,1,1,0,0,0,0,0,16,0,0,5,4,5,7,0,1,6,18,28,0,0,0,0,0,0,0,0,7,1,1,0,0,0,0,2,0,0,0,KRBKRNvK,DRAW,4B3/7n/4K3/8/8/1r6/R7/7k b - - 0 1
0,1,0,0,0,0,0,1,-1,1,0,1,1,1,0,0,0,0,0,16,0,0,5,7,1,7,6,5,5,20,24,0,0,0,0,0,0,0,0,7,1,1,0,0,0,0,0,0,0,0,KRBKRNvK,DRAW,2n2r2/7k/8/8/8/2R4B/7K/8 b - - 0 1
1,1,0,0,0,0,0,1,-1,1,0,1,1,1,0,0,0,0,0,16,0,0,3,1,5,4,3,3,0,21,22,0,0,0,0,0,0,0,0,7,1,1,0,0,0,0,1,3,1,0,KRBKRNvK,DRAW,8/4r3/1KR5/4n3/4k3/8/8/6B1 w - - 0 1
1,1,0,0,0,0,0,1,-1,1,0,1,1,1,0,0,0,0,0,16,0,0,4,1,7,3,3,5,0,22,19,0,0,0,0,0,0,0,0,7,1,1,0,0,0,0,2,3,1,0,KRBKRNvK,DRAW,1K6/1B6/8/2r5/2nk4/5R2/8/8 w - - 0 1
1,1,0,0,0,0,0,1,-1,1,0,1,1,1,0,0,0,0,0,16,0,0,4,7,2,3,2,4,1,23,18,0,0,0,0,0,0,0,0,7,1,1,0,1,0,0,0,2,0,0,KRBKRNvK,DRAW,1nB5/8/8/8/8/3k3K/3r4/R7 w - - 0 1
1,1,0,0,0,0,0,1,-1,1,0,1,1,1,0,0,0,0,0,16,0,0,7,7,1,0,0,5,6,32,19,0,0,0,0,0,0,0,0,7,1,1,0,0,0,0,1,0,1,0,KRBKRNvK,DRAW,5n2/8/r7/8/4B3/2R5/7K/k7 w - - 0 1
1,1,0,0,0,0,0,1,-1,1,0,1,1,1,0,0,0,0,0,16,0,0,6,5,1,0,7,3,6,25,18,0,0,0,0,0,0,0,0,7,1,1,0,0,0,0,0,1,0,0,KRBKRNvK,DRAW,k7/4r3/8/4n3/8/8/1R3K2/3B4 w - - 0 1
0,1,0,0,0,0,0,1,-1,1,0,1,1,1,0,0,0,0,0,16,0,0,3,0,6,3,3,5,0,6,0,1,0,0,0,0,0,0,0,7,1,1,0,0,0,0,2,3,0,0,KRBKRNvK,DRAW,7B/K7/8/6r1/3k4/R7/8/3n4 b - - 0 1
0,1,0,0,0,0,0,1,-1,1,0,1,1,1,0,0,0,0,0,16,0,0,6,1,7,7,4,5,3,23,21,0,0,0,0,0,0,0,0,7,1,1,0,1,0,0,1,1,0,0,KRBKRNvK,DRAW,1K6/2B5/1R6/7k/8/1n6/6r1/8 b - - 0 1
0,1,0,0,0,0,0,1,-1,1,0,1,1,1,0,0,0,0,0,16,0,0,2,1,5,0,3,3,3,4,0,1,0,0,0,0,0,0,0,7,1,1,0,0,0,0,2,1,0,1,KRBKRNvK,LOSS,2r5/3B4/1K2R3/8/k7/8/4n3/8 b - - 0 1
1,1,0,0,0,0,0,1,-1,1,0,1,1,1,0,0,0,0,0,16,0,0,4,2,5,3,1,2,2,5,0,1,0,0,0,0,0,0,0,7,1,1,0,0,0,0,1,1,0,0,KRBKRNvK,DRAW,8/B7/1RK5/8/6n1/8/3k4/2r5 w - - 0 1
0,1,0,0,0,0,0,1,-1,1,0,1,1,1,0,0,0,0,0,16,0,0,7,4,0,0,7,3,6,22,31,0,0,0,0,0,0,0,0,7,1,1,0,0,0,0,2,2,0,0,KRBKRNvK,DRAW,k7/8/8/2n1B3/r7/8/3R4/4K3 b - - 0 1
0,1,0,0,0,0,0,1,-1,1,0,1,1,1,0,0,0,0,0,16,0,0,3,2,0,4,3,4,0,7,0,1,0,0,0,0,0,0,0,7,1,1,0,0,0,0,2,3,1,0,KRBKRNvK,DRAW,2n1R3/8/5r2/8/4k3/6B1/8/2K5 b - - 0 1
1,1,0,0,0,0,0,1,-1,1,0,1,1,1,0,0,0,0,0,16,0,0,2,4,1,6,3,2,2,24,28,0,0,0,0,0,0,0,0,7,1,1,0,0,0,0,3,2,0,1,KRBKRNvK,DRAW,8/6B1/8/7r/2n3k1/8/3RK3/8 w - - 0 1
0,1,0,0,0,0,0,1,-1,1,0,1,1,1,0,0,0,0,0,16,0,0,4,0,7,0,3,6,3,25,26,0,0,0,0,0,0,0,0,7,1,1,0,0,0,0,0,1,0,1,KRBKRNvK,DRAW,K7/8/2r5/5nB1/k7/7R/8/8 b - - 0 1
1,1,0,0,0,0,0,1,-1,1,0,1,1,1,0,0,0,0,0,16,0,0,4,5,2,7,6,2,5,31,16,0,0,0,0,0,0,0,0,7,1,1,0,0,0,0,3,0,0,0,KRBKRNvK,DRAW,1r6/7k/1B6/4R3/8/5K2/8/n7 w - - 0 1
0,1,0,0,0,0,0,1,-1,1,0,1,1,1,0,0,0,0,0,16,0,0,6,6,1,2,7,4,4,3,0,1,0,0,0,0,0,0,0,7,1,1,0,0,0,0,1,1,1,0,KRBKRNvK,DRAW,R1k1r3/4n3/8/8/3B4/8/6K1/8 b - - 0 1
1,1,0,0,0,0,0,1,-1,1,0,1,1,1,0,0,0,0,0,16,0,0,3,3,4,0,7,0,6,6,0,1,0,0,0,0,0,0,0,7,1,1,0,0,0,0,3,2,1,2,KRBKRNvK,DRAW,k1B5/8/8/1n1K4/8/3r4/8/4R3 w - - 0 1
0,1,0,0,0,0,0,1,-1,1,0,1,1,1,0,0,0,0,0,16,0,0,5,6,2,1,6,3,4,29,22,0,0,0,0,0,0,0,0,7,1,1,0,1,0,0,1,2,0,0,KRBKRNvK,DRAW,8/1k6/2n3B1/8/8/6K1/r7/6R1 b - - 0 1
0,1,0,0,0,0,0,1,-1,1,0,1,1,1,0,0,0,0,0,16,0,0,6,5,1,0,7,3,6,18,26,0,0,0,0,0,0,0,0,7,1,1,0,0,0,0,2,2,0,2,KRBKRNvK,DRAW,k7/8/8/8/7r/8/5Kn1/BR6 b - - 0 1
0,1,0,0,0,0,0,1,-1,1,0,1,1,1,0,0,0,0,0,16,0,0,3,2,3,4,0,1,3,20,25,0,0,0,0,0,0,0,0,7,1,1,0,0,0,0,3,0,0,0,KRBKRNvK,DRAW,8/7r/2R5/8/2K5/8/8/B3k2n b - - 0 1
1,1,0,0,0,0,0,1,-1,1,0,1,1,1,0,0,0,0,0,16,0,0,2,5,2,3,3,2,0,27,26,0,0,0,0,0,0,0,0,7,1,1,0,0,0,0,2,4,1,1,KRBKRNvK,DRAW,8/8/4r3/5n2/3k1B2/5K2/6R1/8 w - - 0 1
0,1,0,0,0,0,0,1,-1,1,0,1,1,1,0,0,0,0,0,16,0,0,6,6,0,0,0,5,6,3,0,1,0,0,0,0,0,0,0,7,1,1,0,0,0,0,1,2,0,0,KRBKRNvK,LOSS,8/8/6Bn/8/8/3r4/8/k4RK1 b - - 0 1
1,1,0,0,0,0,0,1,-1,1,0,1,1,1,0,0,0,0,0,16,0,0,4,1,1,1,5,4,3,31,19,0,0,0,0,0,0,0,0,7,1,1,0,0,0,0,2,0,1,0,KRBKRNvK,DRAW,3R4/5Brn/1k6/8/8/8/1K6/8 w - - 0 1
0,1,0,0,0,0,0,1,-1,1,0,1,1,1,0,0,0,0,0,16,0,0,4,7,7,3,6,6,2,20,21,0,0,0,0,0,0,0,0,7,1,1,0,0,0,0,2,2,1,0,KRBKRNvK,DRAW,1n5K/3k4/5BR1/8/8/3r4/8/8 b - - 0 1
1,1,0,0,0,0,0,1,-1,1,0,1,1,1,0,0,0,0,0,16,0,0,5,4,0,1,5,3,3,26,16,0,0,0,0,0,0,0,0,7,1,1,0,1,0,0,2,0,1,0,KRBKRNvK,DRAW,4n3/8/1k6/8/R7/8/1r2B3/4K3 w - - 0 1
1,1,0,0,0,0,0,1,-1,1,0,1,1,1,0,0,0,0,0,16,0,0,3,5,4,2,7,1,4,31,20,0,0,0,0,0,0,0,0,7,1,1,0,0,0,0,3,2,0,0,KRBKRNvK,DRAW,2k5/6B1/8/5K2/7R/8/8/2nr4 w - - 0 1
1,1,0,0,0,0,0,1,-1,1,0,1,1,1,0,0,0,0,0,16,0,0,7,7,1,0,3,5,3,21,22,0,0,0,0,0,0,0,0,7,1,1,0,0,0,0,2,2,2,0,KRBKRNvK,DRAW,8/8/1B6/2R5/kn6/8/7K/3r4 w - - 0 1
1,1,0,0,0,0,0,1,-1,1,0,1,1,1,0,0,0,0,0,16,0,0,4,1,5,3,1,3,2,6,0,1,0,0,0,0,0,0,0,7,1,1,0,0,0,0,1,2,0,1,KRBKRNvK,DRAW,8/7B/1K6/6n1/1r6/8/3k4/7R w - - 0 1
1,1,0,0,0,0,0,1,-1,1,0,1,1,1,0,0,0,0,0,16,0,0,5,2,4,7,4,1,3,24,16,0,0,0,0,0,0,0,0,7,1,1,0,0,0,0,3,1,0,0,KRBKRNvK,DRAW,8/8/7r/2K4k/8/8/4n3/B5R1 w - - 0 1
1,1,0,0,0,0,0,1,-1,1,0,1,1,1,0,0,0,0,0,16,0,0,3,2,4,2,7,1,4,5,0,1,0,0,0,0,0,0,0,7,1,1,0,0,0,0,3,2,0,1,KRBKRNvK,DRAW,2k5/8/8/2K1r3/8/3B4/1n6/2R5 w - - 0 1
1,1,0,0,0,0,0,1,-1,1,0,1,1,1,0,0,0,0,0,16,0,0,7,0,0,6,7,6,5,28,17,0,0,0,0,0,0,0,0,7,1,1,0,0,0,0,2,0,0,0,KRBKRNvK,DRAW,5nk1/8/8/8/1R6/4Br2/8/K7 w - - 0 1
0,1,0,0,0,0,0,1,-1,1,0,1,1,1,0,0,0,0,0,16,0,0,4,3,0,7,0,3,6,3,0,1,0,0,0,0,0,0,0,7,1,1,0,1,0,0,1,0,0,1,KRBKRNvK,LOSS,8/8/8/3B4/8/7n/1Rr5/3K3k b - - 0 1
1,1,0,0,0,0,0,1,-1,1,0,1,1,1,0,0,0,0,0,16,0,0,3,7,2,4,4,4,0,4,0,1,0,0,0,0,0,0,0,7,1,1,1,0,0,0,0,3,1,1,KRBKRNvK,DRAW,8/2R5/3r4/4k2B/8/7K/5n2/8 w - - 0 1
1,1,0,0,0,0,0,1,-1,1,0,1,1,1,0,0,0,0,0,16,0,0,5,0,6,5,2,5,2,5,0,1,0,0,0,0,0,0,0,7,1,1,0,0,0,0,1,1,0,0,KRBKRNvK,DRAW,1B6/K5rn/2R5/8/8/5k2/8/8 w - - 0 1
1,1,0,0,0,0,0,1,-1,1,0,1,1,1,0,0,0,0,0,16,0,0,7,4,7,3,0,3,3,2,0,1,0,0,0,0,0,0,0,7,1,1,0,0,0,0,3,2,1,2,KRBKRNvK,DRAW,3RK3/8/4r1n1/8/8/3B4/8/3k4 w - - 0 1
0,1,0,0,0,0,0,1,-1,1,0,1,1,1,0,0,0,0,0,16,0,0,5,5,2,5,7,2,4,22,29,0,0,0,0,0,0,0,0,7,1,1,0,0,0,0,3,1,0,0,KRBKRNvK,DRAW,5k2/8/2r5/4R3/1n6/5K2/8/6B1 b - - 0 1
1,1,0,0,0,0,0,1,-1,1,0,1,1,1,0,0,0,0,0,16,0,0,5,7,3,2,4,3,1,21,23,0,0,0,0,0,0,0,0,7,1,1,0,0,0,0,3,4,0,0,KRBKRNvK,DRAW,4r3/3n4/8/2k5/6RK/6B1/8/8 w - - 0 1
1,1,0,0,0,0,0,1,-1,1,0,1,1,1,0,0,0,0,0,16,0,0,2,3,2,3,0,1,3,26,23,0,0,0,0,0,0,0,0,7,1,1,1,0,0,0,2,2,0,0,KRBKRNvK,WIN,1r6/6R1/2n5/5B2/8/3K4/8/3k4 w - - 0 1
0,1,0,0,0,0,0,1,-1,1,0,1,1,1,0,0,0,0,0,16,0,0,5,5,2,0,0,2,6,17,28,0,0,0,0,0,0,0,0,7,1,1,0,0,0,0,1,2,0,1,KRBKRNvK,DRAW,7n/8/8/3r4/7B/5K2/6R1/k7 b - - 0 1
1,1,0,0,0,0,0,1,-1,1,0,1,1,1,0,0,0,0,0,16,0,0,4,6,5,2,1,3,3,23,24,0,0,0,0,0,0,0,0,7,1,1,0,0,0,0,0,2,1,2,KRBKRNvK,DRAW,6R1/8/4n1K1/8/1B2r3/8/2k5/8 w - - 0 1
1,1,0,0,0,0,0,1,-1,1,0,1,1,1,0,0,0,0,0,16,0,0,2,3,2,1,4,1,2,25,27,0,0,0,0,0,0,0,0,7,1,1,1,0,0,0,3,2,2,1,KRBKRNvK,DRAW,6r1/3R4/1B6/1k6/8/3K1n2/8/8 w - - 0 1
0,1,0,0,0,0,0,1,-1,1,0,1,1,1,0,0,0,0,0,16,0,0,2,6,3,5,1,2,3,26,23,0,0,0,0,0,0,0,0,7,1,1,0,0,0,0,0,2,1,0,KRBKRNvK,DRAW,2B5/8/8/3n4/6K1/7R/5k2/4r3 b - - 0 1
0,1,0,0,0,0,0,1,-1,1,0,1,1,1,0,0,0,0,0,16,0,0,6,7,5,1,4,4,2,19,15,0,0,0,0,0,0,0,0,7,1,1,0,0,0,0,0,1,0,0,KRBKRNvK,DRAW,8/8/7K/1k4BR/1r1n4/8/8/8 b - - 0 1
1,1,0,0,0,0,0,1,-1,1,0,1,1,1,0,0,0,0,0,16,0,0,2,6,0,6,2,5,3,25,22,0,0,0,0,0,0,0,0,7,1,1,0,0,0,0,0,2,1,0,KRBKRNvK,DRAW,8/3n4/2R5/1r4B1/8/6k1/8/6K1 w - - 0 1
0,1,0,0,0,0,0,1,-1,1,0,1,1,1,0,0,0,0,0,16,0,0,2,3,0,5,2,3,2,3,0,1,0,0,0,0,0,0,0,7,1,1,0,0,0,0,3,1,1,0,KRBKRNvK,DRAW,n7/1B4r1/8/8/8/3R1k2/8/3K4 b - - 0 1
0,1,0,0,0,0,0,1,-1,1,0,1,1,1,0,0,0,0,0,16,0,0,7,5,7,0,0,4,6,2,0,1,0,0,0,0,0,0,0,7,1,1,0,0,0,0,1,0,0,0,KRBKRNvK,DRAW,5K2/B7/8/n7/8/r7/8/k5R1 b - - 0 1
0,1,0,0,0,0,0,1,-1,1,0,1,1,1,0,0,0,0,0,16,0,0,3,2,5,4,2,2,1,7,0,1,0,0,0,0,0,0,0,7,1,1,0,0,0,0,2,2,0,1,KRBKRNvK,DRAW,2R5/1n4r1/1BK5/8/8/4k3/8/8 b - - 0 1
0,1,0,0,0,0,0,1,-1,1,0,1,1,1,0,0,0,0,0,16,0,0,2,7,3,5,2,3,2,21,25,0,0,0,0,0,0,0,0,7,1,1,0,1,0,0,3,2,2,0,KRBKRNvK,DRAW,8/8/8/3R1B2/7K/5k2/4r3/1n6 b - - 0 1
1,1,0,0,0,0,0,1,-1,1,0,1,1,1,0,0,0,0,0,16,0,0,5,0,7,5,4,6,1,2,0,1,0,0,0,0,0,0,0,7,1,1,0,0,0,0,1,2,0,1,KRBKRNvK,DRAW,K7/8/r7/5k1n/8/8/B5R1/8 w - - 0 1
1,1,0,0,0,0,0,1,-1,1,0,1,1,1,0,0,0,0,0,16,0,0,5,3,2,4,7,1,3,6,0,1,0,0,0,0,0,0,0,7,1,1,0,0,0,0,2,2,0,0,KRBKRNvK,DRAW,4k3/1n1r4/8/8/8/3K4/1R1B4/8 w - - 0 1
0,1,0,0,0,0,0,1,-1,1,0,1,1,1,0,0,0,0,0,16,0,0,4,7,7,3,5,6,1,6,0,1,0,0,0,0,0,0,0,7,1,1,0,0,0,0,0,4,1,0,KRBKRNvK,DRAW,7K/8/1R1k4/7B/r4n2/8/8/8 b - - 0 1
1,1,0,0,0,0,0,1,-1,1,0,1,1,1,0,0,0,0,0,16,0,0,2,2,5,4,4,2,0,25,20,0,0,0,0,0,0,0,0,7,1,1,0,0,0,0,1,3,1,1,KRBKRNvK,DRAW,8/1n6/2K5/4k1B1/8/1r6/7R/8 w - - 0 1
0,1,0,0,0,0,0,1,-1,1,0,1,1,1,0,0,0,0,0,16,0,0,3,3,0,6,3,3,2,7,0,1,0,0,0,0,0,0,0,7,1,1,0,0,0,0,0,0,0,0,KRBKRNvK,DRAW,6R1/r7/8/B7/6k1/7n/8/3K4 b - - 0 1
1,1,0,0,0,0,0,1,-1,1,0,1,1,1,0,0,0,0,0,16,0,0,2,2,4,0,2,1,4,29,19,0,0,0,0,0,0,0,0,7,1,1,0,0,0,0,3,2,0,1,KRBKRNvK,DRAW,8/8/1R6/2KB4/3n1r2/k7/8/8 w - - 0 1
0,1,0,0,0,0,0,1,-1,1,0,1,1,1,0,0,0,0,0,16,0,0,3,1,6,4,5,4,1,5,0,1,0,0,0,0,0,0,0,7,1,1,0,0,0,0,2,2,0,0,KRBKRNvK,DRAW,8/1K3n2/R3k3/6r1/8/2B5/8/8 b - - 0 1
1,1,0,0,0,0,0,1,-1,1,0,1,1,1,0,0,0,0,0,16,0,0,4,2,3,6,0,1,5,30,19,0,0,0,0,0,0,0,0,7,1,1,1,0,0,0,3,2,0,0,KRBKRNvK,DRAW,3n4/1R6/8/8/2K2B2/8/8/3r2k1 w - - 0 1
0,1,0,0,0,0,0,1,-1,1,0,1,1,1,0,0,0,0,0,16,0,0,2,4,4,6,6,0,4,20,24,0,0,0,0,0,0,0,0,7,1,1,0,0,0,0,4,0,0,0,KRBKRNvK,DRAW,7n/1r4k1/8/4K3/8/4RB2/8/8 b - - 0 1
1,1,0,0,0,0,0,1,-1,1,0,1,1,1,0,0,0,0,0,16,0,0,5,6,6,1,3,4,2,7,0,1,0,0,0,0,0,0,0,7,1,1,0,0,0,0,1,3,0,1,KRBKRNvK,DRAW,8/6K1/8/1r3n2/1k6/7R/7B/8 w - - 0 1
1,1,0,0,0,0,0,1,-1,1,0,1,1,1,0,0,0,0,0,16,0,0,6,4,0,1,6,3,4,4,0,1,0,0,0,0,0,0,0,7,1,1,0,0,0,0,1,0,0,1,KRBKRNvK,DRAW,8/1k6/8/8/2B5/7R/n7/4K1r1 w - - 0 1
0,1,0,0,0,0,0,1,-1,1,0,1,1,1,0,0,0,0,0,16,0,0,3,2,7,5,7,4,4,2,0,1,0,0,0,0,0,0,0,7,1,1,0,1,0,0,2,0,1,1,KRBKRNvK,DRAW,n1K2k1R/8/8/8/8/2B5/2r5/8 b - - 0 1
1,1,0,0,0,0,0,1,-1,1,0,1,1,1,0,0,0,0,0,16,0,0,5,1,0,3,5,5,1,22,23,0,0,0,0,0,0,0,0,7,1,1,0,0,0,0,2,3,0,1,KRBKRNvK,DRAW,8/8/3k4/8/8/r4n1B/8/1K2R3 w - - 0 1
1,1,0,0,0,0,0,1,-1,1,0,1,1,1,0,0,0,0,0,16,0,0,5,2,3,7,7,1,6,4,0,1,0,0,0,0,0,0,0,7,1,1,0,0,0,0,3,2,0,2,KRBKRNvK,LOSS,7k/8/8/4r1RB/2K5/8/3n4/8 w - - 0 1
0,1,0,0,0,0,0,1,-1,1,0,1,1,1,0,0,0,0,0,16,0,0,5,1,2,6,1,3,4,22,20,0,0,0,0,0,0,0,0,7,1,1,0,0,0,0,1,0,0,1,KRBKRNvK,DRAW,8/2r5/1B6/8/8/1K6/1n4k1/1R6 b - - 0 1
1,1,0,0,0,0,0,1,-1,1,0,1,1,1,0,0,0,0,0,16,0,0,6,6,6,0,3,4,3,23,18,0,0,0,0,0,0,0,0,7,1,1,0,0,0,0,0,2,2,1,KRBKRNvK,DRAW,8/6K1/8/5r2/kB6/1R6/8/7n w - - 0 1
0,1,0,0,0,0,0,1,-1,1,0,1,1,1,0,0,0,0,0,16,0,0,3,1,1,4,0,4,3,2,0,1,0,0,0,0,0,0,0,7,1,1,0,0,0,0,2,0,2,0,KRBKRNvK,DRAW,6n1/8/6r1/8/8/5B2/1K6/2R1k3 b - - 0 1
1,1,0,0,0,0,0,1,-1,1,0,1,1,1,0,0,0,0,0,16,0,0,5,0,3,5,1,3,3,3,0,1,0,0,0,0,0,0,0,7,1,1,0,0,0,0,1,2,0,1,KRBKRNvK,LOSS,2R5/8/1n6/4r3/K7/8/B4k2/8 w - - 0 1
1,1,0,0,0,0,0,1,-1,1,0,1,1,1,0,0,0,0,0,16,0,0,5,1,4,6,2,2,3,30,20,0,0,0,0,0,0,0,0,7,1,1,1,0,0,0,2,2,0,0,KRBKRNvK,DRAW,n2r4/5R2/8/1K6/8/6k1/1B6/8 w - - 0 1
0,1,0,0,0,0,0,1,-1,1,0,1,1,1,0,0,0,0,0,16,0,0,4,7,5,3,6,4,2,5,0,1,0,0,0,0,0,0,0,7,1,1,1,0,0,0,0,2,0,0,KRBKRNvK,DRAW,8/R2k4/7K/8/3r4/B7/8/2n5 b - - 0 1
0,1,0,0,0,0,0,1,-1,1,0,1,1,1,0,0,0,0,0,16,0,0,3,4,6,4,3,2,0,22,18,0,0,0,0,0,0,0,0,7,1,1,0,0,0,0,2,3,0,1,KRBKRNvK,DRAW,3R3B/4K3/n4r2/8/4k3/8/8/8 b - - 0 1
0,1,0,0,0,0,0,1,-1,1,0,1,1,1,0,0,0,0,0,16,0,0,4,3,4,7,5,0,4,22,22,0,0,0,0,0,0,0,0,7,1,1,0,1,0,0,4,2,0,0,KRBKRNvK,DRAW,3R4/8/1B5k/3K3n/8/8/4r3/8 b - - 0 1
1,1,0,0,0,0,0,1,-1,1,0,1,1,1,0,0,0,0,0,16,0,0,4,4,7,4,3,3,0,26,16,0,0,0,0,0,0,0,0,7,1,1,0,0,0,0,3,3,2,0,KRBKRNvK,DRAW,4K3/7n/8/2R5/4k3/r1B5/8/8 w - - 0 1
0,1,0,0,0,0,0,1,-1,1,0,1,1,1,0,0,0,0,0,16,0,0,3,5,5,3,2,2,1,25,27,0,0,0,0,0,0,0,0,7,1,1,0,0,0,0,1,2,1,0,KRBKRNvK,WIN,8/8/5K2/8/6B1/3k2n1/5R2/r7 b - - 0 1
0,1,0,0,0,0,0,1,-1,1,0,1,1,1,0,0,0,0,0,16,0,0,2,2,4,0,3,1,3,2,0,1,0,0,0,0,0,0,0,7,1,1,0,0,0,0,3,0,1,0,KRBKRNvK,DRAW,8/5r2/3R4/2K5/k7/8/2B5/1n6 b - - 0 1
1,1,0,0,0,0,0,1,-1,1,0,1,1,1,0,0,0,0,0,16,0,0,5,5,3,0,0,1,6,6,0,1,0,0,0,0,0,0,0,7,1,1,0,0,0,0,4,0,0,1,KRBKRNvK,DRAW,6n1/8/3R4/8/5K1r/5B2/8/k7 w - - 0 1
1,1,0,0,0,0,0,1,-1,1,0,1,1,1,0,0,0,0,0,16,0,0,5,5,7,1,2,4,3,4,0,1,0,0,0,0,0,0,0,7,1,1,0,0,0,0,2,1,1,1,KRBKRNvK,DRAW,5K2/2B5/6n1/R7/8/1k6/8/r7 w - - 0 1
0,1,0,0,0,0,0,1,-1,1,0,1,1,1,0,0,0,0,0,16,0,0,2,1,5,3,6,3,2,19,30,0,0,0,0,0,0,0,0,7,1,1,0,0,0,0,1,0,0,0,KRBKRNvK,DRAW,8/3k2r1/1K6/8/3B4/5R2/n7/8 b - - 0 1
0,1,0,0,0,0,0,1,-1,1,0,1,1,1,0,0,0,0,0,16,0,0,2,4,3,6,4,0,2,18,31,0,0,0,0,0,0,0,0,7,1,1,0,0,0,0,3,1,0,0,KRBKRNvK,DRAW,2r5/2n5/8/6k1/3BK3/1R6/8/8 b - - 0 1
0,1,0,0,0,0,0,1,-1,1,0,1,1,1,0,0,0,0,0,16,0,0,6,6,7,0,5,5,4,2,0,1,0,0,0,0,0,0,0,7,1,1,0,0,0,0,1,1,2,0,KRBKRNvK,DRAW,6K1/8/k7/8/1RB5/5rn1/8/8 b - - 0 1
0,1,0,0,0,0,0,1,-1,1,0,1,1,1,0,0,0,0,0,16,0,0,6,7,6,4,0,5,3,8,28,0,0,0,0,0,0,0,0,7,1,1,0,0,0,0,2,1,0,0,KRBKRNvK,DRAW,8/7K/8/1B6/3R4/8/5n2/4kr2 b - - 0 1
0,1,0,0,0,0,0,1,-1,1,0,1,1,1,0,0,0,0,0,16,0,0,6,5,0,0,6,4,5,21,20,0,0,0,0,0,0,0,0,7,1,1,0,0,0,0,3,3,1,1,KRBKRNvK,DRAW,8/k7/8/1R6/4r3/8/5nB1/5K2 b - - 0 1
0,1,0,0,0,0,0,1,-1,1,0,1,1,1,0,0,0,0,0,16,0,0,5,5,0,0,5,4,4,2,0,1,0,0,0,0,0,0,0,7,1,1,0,0,0,0,0,0,2,0,KRBKRNvK,DRAW,R7/8/k7/B3n3/8/r7/8/5K2 b - - 0 1
0,1,0,0,0,0,0,1,-1,1,0,1,1,1,0,0,0,0,0,16,0,0,3,6,4,3,6,2,2,21,24,0,0,0,0,0,0,0,0,7,1,1,0,0,0,0,3,0,2,0,KRBKRNvK,DRAW,6n1/3k4/8/2B1R1K1/8/8/8/7r b - - 0 1
0,1,0,0,0,0,0,1,-1,1,0,1,1,1,0,0,0,0,0,16,0,0,4,6,4,4,0,2,3,18,28,0,0,0,0,0,0,0,0,7,1,1,0,0,0,0,1,2,1,1,KRBKRNvK,DRAW,8/8/8/6K1/r6n/3B4/1R6/4k3 b - - 0 1
0,1,0,0,0,0,0,1,-1,1,0,1,1,1,0,0,0,0,0,16,0,0,4,5,6,7,2,3,4,22,24,0,0,0,0,0,0,0,0,7,1,1,1,0,0,0,0,2,0,0,KRBKRNvK,DRAW,8/2R2K2/8/8/4r1n1/7k/3B4/8 b - - 0 1
0,1,0,0,0,0,0,1,-1,1,0,1,1,1,0,0,0,0,0,16,0,0,2,4,6,2,5,2,2,21,27,0,0,0,0,0,0,0,0,7,1,1,0,0,0,0,2,3,0,0,KRBKRNvK,DRAW,7R/4K3/2k5/8/2r1n3/8/1B6/8 b - - 0 1
1,1,0,0,0,0,0,1,-1,1,0,1,1,1,0,0,0,0,0,16,0,0,3,3,1,5,4,2,1,6,0,1,0,0,0,0,0,0,0,7,1,1,0,0,0,0,0,4,0,1,KRBKRNvK,DRAW,8/8/8/r4k2/8/1n6/3KB3/7R w - - 0 1
0,1,0,0,0,0,0,1,-1,1,0,1,1,1,0,0,0,0,0,16,0,0,5,5,2,0,3,2,3,4,0,1,0,0,0,0,0,0,0,7,1,1,1,0,0,0,2,3,1,2,KRBKRNvK,DRAW,8/2R5/2B5/5n2/k2r4/5K2/8/8 b - - 0 1
0,1,0,0,0,0,0,1,-1,1,0,1,1,1,0,0,0,0,0,16,0,0,2,6,6,4,7,4,3,12,28,0,0,0,0,0,0,0,0,7,1,1,0,0,0,0,2,0,1,0,KRBKRNvK,DRAW,nr2k3/6K1/5B2/8/8/7R/8/8 b - - 0 1
0,1,0,0,0,0,0,1,-1,1,0,1,1,1,0,0,0,0,0,16,0,0,5,1,6,6,2,4,3,28,19,0,0,0,0,0,0,0,0,7,1,1,1,0,0,0,2,2,0,1,KRBKRNvK,DRAW,7B/RKn5/8/5r2/8/6k1/8/8 b - - 0 1
0,1,0,0,0,0,0,1,-1,1,0,1,1,1,0,0,0,0,0,16,0,0,6,6,7,0,5,5,4,23,24,0,0,0,0,0,0,0,0,7,1,1,0,0,0,0,1,2,0,0,KRBKRNvK,DRAW,6K1/5B2/k7/8/7r/8/2R5/2n5 b - - 0 1
1,1,0,0,0,0,0,1,-1,1,0,1,1,1,0,0,0,0,0,16,0,0,6,7,0,1,0,6,5,22,19,0,0,0,0,0,0,0,0,7,1,1,0,0,0,0,2,0,0,1,KRBKRNvK,DRAW,8/8/8/2R4B/8/1r5n/8/1k5K w - - 0 1
0,1,0,0,0,0,0,1,-1,1,0,1,1,1,0,0,0,0,0,16,0,0,2,3,3,1,2,0,3,22,24,0,0,0,0,0,0,0,0,7,1,1,0,0,0,0,4,0,0,0,KRBKRNvK,DRAW,8/8/n6r/5B2/3K2R1/1k6/8/8 b - - 0 1
1,1,0,0,0,0,0,1,-1,1,0,1,1,1,0,0,0,0,0,16,0,0,5,3,2,1,7,1,5,26,18,0,0,0,0,0,0,0,0,7,1,1,0,0,0,0,3,0,0,0,KRBKRNvK,DRAW,1k6/8/n7/3R4/7B/3K4/8/7r w - - 0 1
0,1,0,0,0,0,0,1,-1,1,0,1,1,1,0,0,0,0,0,16,0,0,2,2,5,0,5,2,4,17,22,0,0,0,0,0,0,0,0,7,1,1,0,0,0,0,2,2,0,2,KRBKRNvK,DRAW,n3B3/8/k1K5/6R1/1r6/8/8/8 b - - 0 1
0,1,0,0,0,0,0,1,-1,1,0,1,1,1,0,0,0,0,0,16,0,0,3,6,4,4,1,2,2,27,23,0,0,0,0,0,0,0,0,7,1,1,0,0,0,0,3,1,0,1,KRBKRNvK,DRAW,8/B7/8/1R4K1/5n2/8/4k3/7r b - - 0 1
0,1,0,0,0,0,0,1,-1,1,0,1,1,1,0,0,0,0,0,16,0,0,2,4,1,6,3,2,2,26,23,0,0,0,0,0,0,0,0,7,1,1,1,0,0,0,2,1,0,1,KRBKRNvK,DRAW,8/4R3/8/6n1/B5k1/8/4K3/2r5 b - - 0 1
0,1,0,0,0,0,0,1,-1,1,0,1,1,1,0,0,0,0,0,16,0,0,4,7,1,3,5,5,1,5,0,1,0,0,0,0,0,0,0,7,1,1,0,0,0,0,1,2,0,0,KRBKRNvK,DRAW,r7/8/3k3R/n7/8/8/B6K/8 b - - 0 1
0,1,0,0,0,0,0,1,-1,1,0,1,1,1,0,0,0,0,0,16,0,0,3,0,5,1,2,4,3,22,28,0,0,0,0,0,0,0,0,7,1,1,0,0,0,0,0,0,1,0,KRBKRNvK,DRAW,7r/3B2n1/K7/8/8/1k6/8/2R5 b - - 0 1
0,1,0,0,0,0,0,1,-1,1,0,1,1,1,0,0,0,0,0,16,0,0,6,1,1,7,4,4,3,15,28,0,0,0,0,0,0,0,0,7,1,1,0,0,0,0,2,0,0,1,KRBKRNvK,DRAW,8/7r/8/7k/8/n1B5/1K6/6R1 b - - 0 1
1,1,0,0,0,0,0,1,-1,1,0,1,1,1,0,0,0,0,0,16,0,0,4,2,2,6,4,2,2,27,23,0,0,0,0,0,0,0,0,7,1,1,0,0,0,0,3,0,1,1,KRBKRNvK,DRAW,6n1/8/8/6k1/8/2K1R3/2B5/r7 w - - 0 1
1,1,0,0,0,0,0,1,-1,1,0,1,1,1,0,0,0,0,0,16,0,0,4,1,5,2,1,3,3,26,19,0,0,0,0,0,0,0,0,7,1,1,0,0,0,0,0,1,0,0,KRBKRNvK,DRAW,8/5n2/BK4R1/8/8/8/2k5/2r5 w - - 0 1
1,1,0,0,0,0,0,1,-1,1,0,1,1,1,0,0,0,0,0,16,0,0,5,3,2,0,7,1,6,5,0,1,0,0,0,0,0,0,0,7,1,1,1,0,0,0,2,2,0,2,KRBKRNvK,DRAW,k7/7R/8/2r5/8/3K4/1nB5/8 w - - 0 1
1,1,0,0,0,0,0,1,-1,1,0,1,1,1,0,0,0,0,0,16,0,0,4,5,1,3,5,3,1,4,0,1,0,0,0,0,0,0,0,7,1,1,0,1,0,0,0,2,0,2,KRBKRNvK,DRAW,8/8/3k4/8/8/3n2R1/5K1r/2B5 w - - 0 1
0,1,0,0,0,0,0,1,-1,1,0,1,1,1,0,0,0,0,0,16,0,0,3,7,3,4,0,3,3,13,20,0,0,0,0,0,0,0,0,7,1,1,0,0,0,0,0,1,0,0,KRBKRNvK,DRAW,8/7B/6R1/8/7K/8/2n5/2r1k3 b - - 0 1
1,1,0,0,0,0,0,1,-1,1,0,1,1,1,0,0,0,0,0,16,0,0,3,5,2,2,2,2,2,6,0,1,0,0,0,0,0,0,0,7,1,1,0,0,0,0,2,2,0,1,KRBKRNvK,DRAW,8/2B5/7R/8/n7/2kr1K2/8/8 w - - 0 1
1,1,0,0,0,0,0,1,-1,1,0,1,1,1,0,0,0,0,0,16,0,0,6,0,7,3,1,6,2,24,25,0,0,0,0,0,0,0,0,7,1,1,0,0,0,0,2,0,0,0,KRBKRNvK,DRAW,K7/6B1/8/8/4n3/6R1/3k4/2r5 w - - 0 1
0,1,0,0,0,0,0,1,-1,1,0,1,1,1,0,0,0,0,0,16,0,0,4,0,3,1,7,3,5,22,21,0,0,0,0,0,0,0,0,7,1,1,0,0,0,0,0,1,0,0,KRBKRNvK,DRAW,1k6/5n2/8/8/K7/B1R5/8/1r6 b - - 0 1
0,1,0,0,0,0,0,1,-1,1,0,1,1,1,0,0,0,0,0,16,0,0,3,6,4,4,1,2,2,25,31,0,0,0,0,0,0,0,0,7,1,1,0,0,0,0,1,2,0,0,KRBKRNvK,DRAW,1R6/3r4/8/n4BK1/8/8/4k3/8 b - - 0 1
1,1,0,0,0,0,0,1,-1,1,0,1,1,1,0,0,0,0,0,16,0,0,5,7,3,2,0,3,4,26,15,0,0,0,0,0,0,0,0,7,1,1,0,0,0,0,0,0,0,0,KRBKRNvK,DRAW,2r4n/8/8/8/B6K/8/6R1/2k5 w - - 0 1
1,1,0,0,0,0,0,1,-1,1,0,1,1,1,0,0,0,0,0,16,0,0,6,7,3,1,7,3,5,3,0,1,0,0,0,0,0,0,0,7,1,1,0,0,0,0,3,2,0,1,KRBKRNvK,DRAW,1k6/6B1/8/2R5/5r1K/8/8/5n2 w - - 0 1
1,1,0,0,0,0,0,1,-1,1,0,1,1,1,0,0,0,0,0,16,0,0,5,6,0,1,2,5,3,5,0,1,0,0,0,0,0,0,0,7,1,1,0,0,0,0,2,0,1,0,KRBKRNvK,DRAW,5B2/n7/6r1/R7/8/1k6/8/6K1 w - - 0 1
0,1,0,0,0,0,0,1,-1,1,0,1,1,1,0,0,0,0,0,16,0,0,3,2,6,5,7,3,4,24,33,0,0,0,0,0,0,0,0,7,1,1,0,0,0,0,2,2,0,0,KRBKRNvK,DRAW,5k2/2K5/8/1R6/4B3/r4n2/8/8 b - - 0 1
0,1,0,0,0,0,0,1,-1,1,0,1,1,1,0,0,0,0,0,16,0,0,3,7,1,4,1,5,2,7,0,1,0,0,0,0,0,0,0,7,1,1,0,0,0,0,2,2,0,1,KRBKRNvK,DRAW,3BR3/8/8/2r5/8/8/4k2K/7n b - - 0 1
0,1,0,0,0,0,0,1,-1,1,0,1,1,1,0,0,0,0,0,16,0,0,5,5,5,2,0,2,4,26,15,0,0,0,0,0,0,0,0,7,1,1,0,0,0,0,1,0,0,1,KRBKRNvK,DRAW,8/1r6/5KR1/8/3n2B1/8/8/2k5 b - - 0 1
1,1,0,0,0,0,0,1,-1,1,0,1,1,1,0,0,0,0,0,16,0,0,3,6,0,3,1,5,2,7,0,1,0,0,0,0,0,0,0,7,1,1,0,0,0,0,3,2,2,0,KRBKRNvK,DRAW,1n6/8/8/6r1/1R6/5B2/3k4/6K1 w - - 0 1
0,1,0,0,0,0,0,1,-1,1,0,1,1,1,0,0,0,0,0,16,0,0,4,4,4,0,2,0,4,2,0,1,0,0,0,0,0,0,0,7,1,1,0,0,0,0,3,2,1,1,KRBKRNvK,DRAW,3r4/8/8/4Kn2/8/k7/8/R2B4 b - - 0 1
0,1,0,0,0,0,0,1,-1,1,0,1,1,1,0,0,0,0,0,16,0,0,3,2,0,5,1,4,3,25,26,0,0,0,0,0,0,0,0,7,1,1,0,0,0,0,0,3,1,0,KRBKRNvK,DRAW,R7/8/3n4/5r2/8/8/3B1k2/2K5 b - - 0 1
1,1,0,0,0,0,0,1,-1,1,0,1,1,1,0,0,0,0,0,16,0,0,4,0,6,3,2,5,1,3,0,1,0,0,0,0,0,0,0,7,1,1,0,0,0,0,2,3,0,0,KRBKRNvK,DRAW,8/K3r3/R7/8/8/3k4/n7/B7 w - - 0 1
0,1,0,0,0,0,0,1,-1,1,0,1,1,1,0,0,0,0,0,16,0,0,5,7,2,2,7,4,4,3,0,1,0,0,0,0,0,0,0,7,1,1,0,0,0,0,0,1,0,1,KRBKRNvK,DRAW,r1k3R1/8/8/8/6n1/7K/3B4/8 b - - 0 1
0,1,0,0,0,0,0,1,-1,1,0,1,1,1,0,0,0,0,0,16,0,0,5,7,5,2,0,4,4,3,0,1,0,0,0,0,0,0,0,7,1,1,0,1,0,0,2,2,1,0,KRBKRNvK,DRAW,8/8/7K/2R5/8/8/B2r4/2k2n2 b - - 0 1
1,1,0,0,0,0,0,1,-1,1,0,1,1,1,0,0,0,0,0,16,0,0,3,7,4,4,7,3,3,23,20,0,0,0,0,0,0,0,0,7,1,1,0,0,0,0,2,2,0,0,KRBKRNvK,DRAW,1n2k3/8/8/7K/6RB/3r4/8/8 w - - 0 1
0,1,0,0,0,0,0,1,-1,1,0,1,1,1,0,0,0,0,0,16,0,0,6,1,1,7,5,4,4,23,19,0,0,0,0,0,0,0,0,7,1,1,0,0,0,0,2,2,1,1,KRBKRNvK,DRAW,8/8/5B1k/8/8/3r4/RK2n3/8 b - - 0 1
1,1,0,0,0,0,0,1,-1,1,0,1,1,1,0,0,0,0,0,16,0,0,2,2,5,0,5,2,4,25,18,0,0,0,0,0,0,0,0,7,1,1,1,0,0,0,2,2,0,0,KRBKRNvK,DRAW,8/5R1B/k1K5/8/8/4r3/7n/8 w - - 0 1
1,1,0,0,0,0,0,1,-1,1,0,1,1,1,0,0,0,0,0,16,0,0,7,0,5,7,1,4,5,27,14,0,0,0,0,0,0,0,0,7,1,1,0,0,0,0,2,0,1,0,KRBKRNvK,DRAW,8/8/K4R2/8/8/8/1n4Bk/6r1 w - - 0 1
0,1,0,0,0,0,0,1,-1,1,0,1,1,1,0,0,0,0,0,16,0,0,3,3,1,2,4,2,1,21,32,0,0,0,0,0,0,0,0,7,1,1,1,0,0,0,2,3,0,1,KRBKRNvK,DRAW,8/7R/5B2/1nk5/1r6/8/3K4/8 b - - 0 1
1,1,0,0,0,0,0,1,-1,1,0,1,1,1,0,0,0,0,0,16,0,0,6,0,2,6,1,4,4,24,24,0,0,0,0,0,0,0,0,7,1,1,0,0,0,0,2,2,0,0,KRBKRNvK,DRAW,4n3/8/8/6r1/1BR5/K7/6k1/8 w - - 0 1
1,1,0,0,0,0,0,1,-1,1,0,1,1,1,0,0,0,0,0,16,0,0,2,0,1,1,3,5,2,28,23,0,0,0,0,0,0,0,0,7,1,1,0,0,0,0,1,2,0,0,KRBKRNvK,DRAW,3r4/8/8/5B2/1k6/6R1/K7/5n2 w - - 0 1
1,1,0,0,0,0,0,1,-1,1,0,1,1,1,0,0,0,0,0,16,0,0,3,0,3,3,1,3,2,24,20,0,0,0,0,0,0,0,0,7,1,1,0,0,0,0,2,0,1,0,KRBKRNvK,DRAW,3B3r/8/8/8/KR6/8/3k3n/8 w - - 0 1
0,1,0,0,0,0,0,1,-1,1,0,1,1,1,0,0,0,0,0,16,0,0,6,0,1,6,7,5,5,23,26,0,0,0,0,0,0,0,0,7,1,1,0,0,0,0,1,0,0,0,KRBKRNvK,DRAW,6k1/8/8/3n4/4B3/8/K4R2/6r1 b - - 0 1
0,1,0,0,0,0,0,1,-1,1,0,1,1,1,0,0,0,0,0,16,0,0,5,6,5,5,0,3,4,17,28,0,0,0,0,0,0,0,0,7,1,1,0,0,0,0,2,2,0,0,KRBKRNvK,DRAW,1n6/8/6K1/4R1B1/8/8/8/3r1k2 b - - 0 1
0,1,0,0,0,0,0,1,-1,1,0,1,1,1,0,0,0,0,0,16,0,0,4,7,6,6,2,5,3,4,0,1,0,0,0,0,0,0,0,7,1,1,0,0,0,0,1,1,1,1,KRBKRNvK,LOSS,8/7K/4n1r1/8/8/2R3k1/8/6B1 b - - 0 1
0,1,0,0,0,0,0,1,-1,1,0,1,1,1,0,0,0,0,0,16,0,0,5,0,2,5,5,4,2,29,23,0,0,0,0,0,0,0,0,7,1,1,0,0,0,0,2,2,0,0,KRBKRNvK,DRAW,1r6/8/5k2/B4n2/2R5/K7/8/8 b - - 0 1
0,1,0,0,0,0,0,1,-1,1,0,1,1,1,0,0,0,0,0,16,0,0,5,2,6,0,1,3,5,23,22,0,0,0,0,0,0,0,0,7,1,1,1,0,0,0,3,1,0,0,KRBKRNvK,DRAW,8/2K1Rn2/7r/8/4B3/8/k7/8 b - - 0 1
1,1,0,0,0,0,0,1,-1,1,0,1,1,1,0,0,0,0,0,16,0,0,6,0,7,3,1,6,2,23,25,0,0,0,0,0,0,0,0,7,1,1,0,1,0,0,1,2,0,0,KRBKRNvK,DRAW,KB6/8/7R/3n4/8/8/3kr3/8 w - - 0 1
0,1,0,0,0,0,0,1,-1,1,0,1,1,1,0,0,0,0,0,16,0,0,7,0,2,7,2,4,4,19,19,0,0,0,0,0,0,0,0,7,1,1,0,0,0,0,0,1,0,0,KRBKRNvK,DRAW,8/8/5r2/5n2/8/K6k/R7/3B4 b - - 0 1
0,1,0,0,0,0,0,1,-1,1,0,1,1,1,0,0,0,0,0,16,0,0,4,4,2,0,1,1,5,6,0,1,0,0,0,0,0,0,0,7,1,1,1,0,0,0,3,2,0,1,KRBKRNvK,DRAW,8/R7/8/2n5/1r3B2/4K3/k7/8 b - - 0 1
1,1,0,0,0,0,0,1,-1,1,0,1,1,1,0,0,0,0,0,16,0,0,3,7,5,7,2,4,4,23,20,0,0,0,0,0,0,0,0,7,1,1,0,0,0,0,0,1,1,0,KRBKRNvK,DRAW,8/8/1R5K/7B/4n3/4r2k/8/8 w - - 0 1
0,1,0,0,0,0,0,1,-1,1,0,1,1,1,0,0,0,0,0,16,0,0,4,1,7,4,3,5,0,20,17,0,0,0,0,0,0,0,0,7,1,1,0,0,0,0,0,3,0,0,KRBKRNvK,DRAW,1K5R/8/8/7B/4k3/8/8/r2n4 b - - 0 1
1,1,0,0,0,0,0,1,-1,1,0,1,1,1,0,0,0,0,0,16,0,0,6,0,4,6,4,3,2,27,26,0,0,0,0,0,0,0,0,7,1,1,0,1,0,0,0,2,2,0,KRBKRNvK,DRAW,8/8/8/K3n1k1/6B1/7R/3r4/8 w - - 0 1
0,1,0,0,0,0,0,1,-1,1,0,1,1,1,0,0,0,0,0,16,0,0,4,0,3,4,0,3,3,21,18,0,0,0,0,0,0,0,0,7,1,1,0,0,0,0,2,2,0,1,KRBKRNvK,DRAW,5n2/8/B7/1r6/K4R2/8/8/4k3 b - - 0 1
0,1,0,0,0,0,0,1,-1,1,0,1,1,1,0,0,0,0,0,16,0,0,6,4,1,0,7,2,6,3,0,1,0,0,0,0,0,0,0,7,1,1,0,0,0,0,3,2,0,0,KRBKRNvK,DRAW,k7/8/3n4/3B4/7r/8/3RK3/8 b - - 0 1
1,1,0,0,0,0,0,1,-1,1,0,1,1,1,0,0,0,0,0,16,0,0,5,1,7,6,4,5,2,30,26,0,0,0,0,0,0,0,0,7,1,1,0,0,0,0,3,0,1,0,KRBKRNvK,DRAW,1K6/8/2B5/4n1k1/7R/8/8/5r2 w - - 0 1
0,1,0,0,0,0,0,1,-1,1,0,1,1,1,0,0,0,0,0,16,0,0,2,1,5,3,4,3,0,23,20,0,0,0,0,0,0,0,0,7,1,1,1,0,0,0,1,4,2,1,KRBKRNvK,DRAW,8/1R6/1K6/2Bk4/1n6/7r/8/8 b - - 0 1
1,1,0,0,0,0,0,1,-1,1,0,1,1,1,0,0,0,0,0,16,0,0,3,2,3,1,6,1,4,6,0,1,0,0,0,0,0,0,0,7,1,1,0,0,0,0,2,1,0,1,KRBKRNvK,DRAW,8/1k3n2/8/8/r1K5/5R2/8/6B1 w - - 0 1
1,1,0,0,0,0,0,1,-1,1,0,1,1,1,0,0,0,0,0,16,0,0,5,5,7,0,5,4,4,20,20,0,0,0,0,0,0,0,0,7,1,1,0,0,0,0,2,2,0,0,KRBKRNvK,DRAW,5K2/1n6/k6B/6R1/8/8/8/3r4 w - - 0 1
1,1,0,0,0,0,0,1,-1,1,0,1,1,1,0,0,0,0,0,16,0,0,2,4,1,5,3,2,1,6,0,1,0,0,0,0,0,0,0,7,1,1,0,1,0,0,1,2,1,0,KRBKRNvK,DRAW,6R1/7n/8/8/4Bk2/8/4K2r/8 w - - 0 1
1,1,0,0,0,0,0,1,-1,1,0,1,1,1,0,0,0,0,0,16,0,0,4,3,0,7,2,3,4,4,0,1,0,0,0,0,0,0,0,7,1,1,0,0,0,0,2,0,0,0,KRBKRNvK,DRAW,4R3/8/8/4n3/8/3B3k/8/3K3r w - - 0 1
1,1,0,0,0,0,0,1,-1,1,0,1,1,1,0,0,0,0,0,16,0,0,3,1,0,0,3,5,3,5,0,1,0,0,0,0,0,0,0,7,1,1,0,0,0,0,0,1,0,1,KRBKRNvK,DRAW,2R5/8/8/8/k7/6r1/3n3B/1K6 w - - 0 1
0,1,0,0,0,0,0,1,-1,1,0,1,1,1,0,0,0,0,0,16,0,0,6,2,7,4,1,4,2,23,23,0,0,0,0,0,0,0,0,7,1,1,1,0,0,0,2,2,0,1,KRBKRNvK,DRAW,n1K4B/R7/8/8/8/8/4k3/3r4 b - - 0 1
1,1,0,0,0,0,0,1,-1,1,0,1,1,1,0,0,0,0,0,16,0,0,7,7,7,5,0,6,4,24,20,0,0,0,0,0,0,0,0,7,1,1,1,0,0,0,2,2,0,0,KRBKRNvK,DRAW,7K/4R3/7B/8/8/n2r4/8/5k2 w - - 0 1
0,1,0,0,0,0,0,1,-1,1,0,1,1,1,0,0,0,0,0,16,0,0,5,1,1,6,4,4,2,7,0,1,0,0,0,0,0,0,0,7,1,1,0,0,0,0,2,2,0,1,KRBKRNvK,DRAW,8/4r3/8/2R3k1/8/1B6/1K6/1n6 b - - 0 1
1,1,0,0,0,0,0,1,-1,1,0,1,1,1,0,0,0,0,0,16,0,0,4,1,6,4,2,4,1,5,0,1,0,0,0,0,0,0,0,7,1,1,0,0,0,0,2,2,0,1,KRBKRNvK,DRAW,1n6/1K6/2R5/8/1r6/4k3/8/7B w - - 0 1
0,1,0,0,0,0,0,1,-1,1,0,1,1,1,0,0,0,0,0,16,0,0,3,6,0,3,1,5,2,19,30,0,0,0,0,0,0,0,0,7,1,1,0,1,0,0,1,0,1,0,KRBKRNvK,DRAW,8/1n6/7R/8/2B5/8/r2k4/6K1 b - - 0 1
0,1,0,0,0,0,0,1,-1,1,0,1,1,1,0,0,0,0,0,16,0,0,7,5,7,5,0,4,4,18,28,0,0,0,0,0,0,0,0,7,1,1,0,1,0,0,3,2,0,0,KRBKRNvK,DRAW,5K2/8/1B6/6R1/8/8/3r4/1n3k2 b - - 0 1
0,1,0,0,0,0,0,1,-1,1,0,1,1,1,0,0,0,0,0,16,0,0,3,2,6,5,7,3,4,2,0,1,0,0,0,0,0,0,0,7,1,1,0,0,0,0,2,2,1,0,KRBKRNvK,DRAW,3R1k2/2K5/8/2B5/4r3/8/8/5n2 b - - 0 1
1,1,0,0,0,0,0,1,-1,1,0,1,1,1,0,0,0,0,0,16,0,0,5,6,1,1,5,4,3,26,29,0,0,0,0,0,0,0,0,7,1,1,0,0,0,0,2,0,0,1,KRBKRNvK,DRAW,8/8/1k4B1/8/3n4/5r2/6K1/4R3 w - - 0 1
1,1,0,0,0,0,0,1,-1,1,0,1,1,1,0,0,0,0,0,16,0,0,3,3,4,3,1,0,2,25,24,0,0,0,0,0,0,0,0,7,1,1,0,0,0,0,4,0,0,1,KRBKRNvK,DRAW,3R4/6n1/8/3K4/8/1r4B1/3k4/8 w - - 0 1
0,1,0,0,0,0,0,1,-1,1,0,1,1,1,0,0,0,0,0,16,0,0,7,7,4,0,1,3,5,4,0,1,0,0,0,0,0,0,0,7,1,1,0,0,0,0,3,2,1,1,KRBKRNvK,DRAW,8/8/8/7K/2B2R1n/8/k7/4r3 b - - 0 1
0,1,0,0,0,0,0,1,-1,1,0,1,1,1,0,0,0,0,0,16,0,0,2,5,7,3,7,4,3,3,0,1,0,0,0,0,0,0,0,7,1,1,0,0,0,0,2,1,0,1,KRBKRNvK,DRAW,3k1K2/1r2n3/8/8/7B/8/8/3R4 b - - 0 1
0,1,0,0,0,0,0,1,-1,1,0,1,1,1,0,0,0,0,0,16,0,0,6,0,4,6,4,3,2,22,28,0,0,0,0,0,0,0,0,7,1,1,0,0,0,0,3,2,1,0,KRBKRNvK,DRAW,2n5/8/8/K5k1/1R6/5B2/8/4r3 b - - 0 1
0,1,0,0,0,0,0,1,-1,1,0,1,1,1,0,0,0,0,0,16,0,0,3,1,0,4,3,5,0,21,22,0,0,0,0,0,0,0,0,7,1,1,0,0,0,0,2,3,0,0,KRBKRNvK,WIN,8/8/8/1R6/r1n1k2B/8/8/1K6 b - - 0 1
1,1,0,0,0,0,0,1,-1,1,0,1,1,1,0,0,0,0,0,16,0,0,5,7,4,2,6,3,3,26,22,0,0,0,0,0,0,0,0,7,1,1,0,0,0,0,2,0,0,0,KRBKRNvK,DRAW,8/1nk5/8/7K/8/1B1R4/8/r7 w - - 0 1
1,1,0,0,0,0,0,1,-1,1,0,1,1,1,0,0,0,0,0,16,0,0,3,3,4,0,6,0,5,7,0,1,0,0,0,0,0,0,0,7,1,1,0,0,0,0,3,1,0,2,KRBKRNvK,DRAW,3B4/k7/8/3K4/1n6/5r2/8/5R2 w - - 0 1
1,1,0,0,0,0,0,1,-1,1,0,1,1,1,0,0,0,0,0,16,0,0,4,2,0,6,0,4,5,24,22,0,0,0,0,0,0,0,0,7,1,1,0,0,0,0,1,1,1,1,KRBKRNvK,DRAW,8/8/8/8/6n1/r7/2B2R2/2K3k1 w - - 0 1
0,1,0,0,0,0,0,1,-1,1,0,1,1,1,0,0,0,0,0,16,0,0,4,5,5,1,1,2,4,27,19,0,0,0,0,0,0,0,0,7,1,1,0,0,0,0,1,1,0,1,KRBKRNvK,DRAW,2r5/5n2/R4K2/B7/8/8/1k6/8 b - - 0 1
0,1,0,0,0,0,0,1,-1,1,0,1,1,1,0,0,0,0,0,16,0,0,6,7,6,1,4,5,2,20,25,0,0,0,0,0,0,0,0,7,1,1,0,0,0,0,1,2,0,0,KRBKRNvK,DRAW,2R5/5B1K/8/1k1r4/8/8/7n/8 b - - 0 1
1,1,0,0,0,0,0,1,-1,1,0,1,1,1,0,0,0,0,0,16,0,0,3,1,6,1,3,4,2,31,22,0,0,0,0,0,0,0,0,7,1,1,0,0,0,0,1,1,0,0,KRBKRNvK,DRAW,7R/1K6/8/8/1k6/1n4B1/8/6r1 w - - 0 1
0,1,0,0,0,0,0,1,-1,1,0,1,1,1,0,0,0,0,0,16,0,0,3,4,7,1,5,3,3,7,0,1,0,0,0,0,0,0,0,7,1,1,0,0,0,0,0,3,0,0,KRBKRNvK,DRAW,4K3/8/1k3R2/2r3n1/7B/8/8/8 b - - 0 1
0,1,0,0,0,0,0,1,-1,1,0,1,1,1,0,0,0,0,0,16,0,0,4,7,0,7,4,6,3,22,23,0,0,0,0,0,0,0,0,7,1,1,0,0,0,0,1,0,0,0,KRBKRNvK,DRAW,R1n5/8/8/3B3k/8/2r5/8/7K b - - 0 1
0,1,0,0,0,0,0,1,-1,1,0,1,1,1,0,0,0,0,0,16,0,0,7,6,0,1,7,5,5,17,20,0,0,0,0,0,0,0,0,7,1,1,0,0,0,0,1,1,0,0,KRBKRNvK,DRAW,1k6/8/3n4/8/8/r7/7B/2R3K1 b - - 0 1
1,1,0,0,0,0,0,1,-1,1,0,1,1,1,0,0,0,0,0,16,0,0,2,5,7,4,5,4,1,23,21,0,0,0,0,0,0,0,0,7,1,1,0,0,0,0,0,4,1,0,KRBKRNvK,DRAW,n3BK2/8/4k3/8/1r6/2R5/8/8 w - - 0 1
0,1,0,0,0,0,0,1,-1,1,0,1,1,1,0,0,0,0,0,16,0,0,5,0,1,5,4,5,1,23,26,0,0,0,0,0,0,0,0,7,1,1,0,0,0,0,0,3,0,1,KRBKRNvK,DRAW,8/8/8/5k2/6r1/8/K3B3/n1R5 b - - 0 1
0,1,0,0,0,0,0,1,-1,1,0,1,1,1,0,0,0,0,0,16,0,0,6,5,7,7,1,4,5,21,26,0,0,0,0,0,0,0,0,7,1,1,0,0,0,0,2,2,0,2,KRBKRNvK,DRAW,R4K1n/8/3r4/8/8/2B5/7k/8 b - - 0 1
1,1,0,0,0,0,0,1,-1,1,0,1,1,1,0,0,0,0,0,16,0,0,5,5,0,0,0,4,6,25,25,0,0,0,0,0,0,0,0,7,1,1,0,1,0,0,2,2,0,1,KRBKRNvK,DRAW,8/8/2n5/3R4/6B1/8/7r/k4K2 w - - 0 1
1,1,0,0,0,0,0,1,-1,1,0,1,1,1,0,0,0,0,0,16,0,0,3,2,3,0,0,1,6,7,0,1,0,0,0,0,0,0,0,7,1,1,0,0,0,0,2,1,0,2,KRBKRNvK,WIN,8/8/rn6/7B/2K5/8/7R/k7 w - - 0 1
1,1,0,0,0,0,0,1,-1,1,0,1,1,1,0,0,0,0,0,16,0,0,4,0,4,0,0,3,6,23,23,0,0,0,0,0,0,0,0,7,1,1,0,0,0,0,1,3,0,1,KRBKRNvK,DRAW,1B6/8/5n2/K7/2r5/8/7R/k7 w - - 0 1
1,1,0,0,0,0,0,1,-1,1,0,1,1,1,0,0,0,0,0,16,0,0,6,1,7,7,6,5,5,5,0,1,0,0,0,0,0,0,0,7,1,1,0,0,0,0,1,2,0,1,KRBKRNvK,DRAW,1K6/3n3k/8/8/4r3/4R3/3B4/8 w - - 0 1
0,1,0,0,0,0,0,1,-1,1,0,1,1,1,0,0,0,0,0,16,0,0,3,1,6,3,3,4,0,27,18,0,0,0,0,0,0,0,0,7,1,1,1,0,0,0,0,3,0,1,KRBKRNvK,DRAW,8/RK6/8/2r5/3k3B/8/3n4/8 b - - 0 1
0,1,0,0,0,0,0,1,-1,1,0,1,1,1,0,0,0,0,0,16,0,0,6,3,7,1,1,3,4,18,25,0,0,0,0,0,0,0,0,7,1,1,0,0,0,0,2,0,2,2,KRBKRNvK,DRAW,1n1K4/8/1r6/8/2R5/8/1k6/3B4 b - - 0 1
1,1,0,0,0,0,0,1,-1,1,0,1,1,1,0,0,0,0,0,16,0,0,5,7,1,6,6,5,4,26,21,0,0,0,0,0,0,0,0,7,1,1,0,0,0,0,2,2,0,0,KRBKRNvK,DRAW,2nr4/6k1/8/8/8/4R3/7K/1B6 w - - 0 1
0,1,0,0,0,0,0,1,-1,1,0,1,1,1,0,0,0,0,0,16,0,0,3,5,5,4,2,2,1,4,0,1,0,0,0,0,0,0,0,7,1,1,1,0,0,0,2,4,0,1,KRBKRNvK,DRAW,8/4R3/5K1B/2r5/7n/4k3/8/8 b - - 0 1
1,1,0,0,0,0,0,1,-1,1,0,1,1,1,0,0,0,0,0,16,0,0,3,7,5,4,6,4,2,26,23,0,0,0,0,0,0,0,0,7,1,1,0,0,0,0,3,2,0,0,KRBKRNvK,DRAW,8/3rk3/7K/R7/8/1n6/8/1B6 w - - 0 1
0,1,0,0,0,0,0,1,-1,1,0,1,1,1,0,0,0,0,0,16,0,0,4,7,0,3,2,6,1,6,0,1,0,0,0,0,0,0,0,7,1,1,0,0,0,0,0,2,1,0,KRBKRNvK,DRAW,6B1/8/r3n3/8/8/3k4/8/3R3K b - - 0 1
0,1,0,0,0,0,0,1,-1,1,0,1,1,1,0,0,0,0,0,16,0,0,2,0,3,2,3,3,1,18,25,0,0,0,0,0,0,0,0,7,1,1,0,1,0,0,2,2,0,0,KRBKRNvK,WIN,8/1B6/8/8/K1k5/7R/3rn3/8 b - - 0 1
0,1,0,0,0,0,0,1,-1,1,0,1,1,1,0,0,0,0,0,16,0,0,5,5,0,7,5,4,4,21,30,0,0,0,0,0,0,0,0,7,1,1,0,0,0,0,2,2,0,0,KRBKRNvK,DRAW,8/8/n6k/4R3/2r5/5B2/8/5K2 b - - 0 1
1,1,0,0,0,0,0,1,-1,1,0,1,1,1,0,0,0,0,0,16,0,0,4,7,0,3,4,6,0,24,20,0,0,0,0,0,0,0,0,7,1,1,0,0,0,0,0,3,1,0,KRBKRNvK,DRAW,8/8/1r6/nB1k4/8/8/8/5R1K w - - 0 1
0,1,0,0,0,0,0,1,-1,1,0,1,1,1,0,0,0,0,0,16,0,0,4,5,5,1,1,2,4,26,25,0,0,0,0,0,0,0,0,7,1,1,0,0,0,0,1,3,0,1,KRBKRNvK,DRAW,7R/8/3n1K2/6B1/8/8/1k6/3r4 b - - 0 1
0,1,0,0,0,0,0,1,-1,1,0,1,1,1,0,0,0,0,0,16,0,0,4,5,1,1,1,3,4,22,27,0,0,0,0,0,0,0,0,7,1,1,0,0,0,0,1,2,0,0,KRBKRNvK,DRAW,8/2B5/8/8/r7/5R2/1k3K2/2n5 b - - 0 1
1,1,0,0,0,0,0,1,-1,1,0,1,1,1,0,0,0,0,0,16,0,0,3,6,1,6,4,4,2,29,20,0,0,0,0,0,0,0,0,7,1,1,0,0,0,0,2,1,0,0,KRBKRNvK,DRAW,5r2/5n2/B7/6k1/8/8/6K1/4R3 w - - 0 1
1,1,0,0,0,0,0,1,-1,1,0,1,1,1,0,0,0,0,0,16,0,0,2,3,4,3,6,0,2,24,20,0,0,0,0,0,0,0,0,7,1,1,0,0,0,0,3,2,2,1,KRBKRNvK,DRAW,8/3k4/1R3B2/3K4/8/n3r3/8/8 w - - 0 1
1,1,0,0,0,0,0,1,-1,1,0,1,1,1,0,0,0,0,0,16,0,0,2,2,5,4,5,2,1,24,19,0,0,0,0,0,0,0,0,7,1,1,0,0,0,0,1,2,0,1,KRBKRNvK,DRAW,8/8/2K1k1r1/B2n4/8/5R2/8/8 w - - 0 1
1,1,0,0,0,0,0,1,-1,1,0,1,1,1,0,0,0,0,0,16,0,0,5,3,1,0,6,2,5,22,25,0,0,0,0,0,0,0,0,7,1,1,0,0,0,0,0,2,0,1,KRBKRNvK,DRAW,8/k7/8/5r2/1n6/8/3K2R1/3B4 w - - 0 1
1,1,0,0,0,0,0,1,-1,1,0,1,1,1,0,0,0,0,0,16,0,0,2,7,6,6,4,5,2,20,26,0,0,0,0,0,0,0,0,7,1,1,0,1,0,0,1,1,0,0,KRBKRNvK,DRAW,8/7K/8/6k1/1n6/1B6/5r2/1R6 w - - 0 1
0,1,0,0,0,0,0,1,-1,1,0,1,1,1,0,0,0,0,0,16,0,0,4,0,1,4,4,5,0,6,0,1,0,0,0,0,0,0,0,7,1,1,0,0,0,0,2,3,0,0,KRBKRNvK,DRAW,7R/8/6r1/4k3/4n3/8/K7/B7 b - - 0 1
1,1,0,0,0,0,0,1,-1,1,0,1,1,1,0,0,0,0,0,16,0,0,4,0,7,4,5,6,1,2,0,1,0,0,0,0,0,0,0,7,1,1,0,0,0,0,1,2,1,1,KRBKRNvK,DRAW,K7/8/r3k3/8/5B2/8/6nR/8 w - - 0 1
0,1,0,0,0,0,0,1,-1,1,0,1,1,1,0,0,0,0,0,16,0,0,4,2,0,4,4,4,0,5,0,1,0,0,0,0,0,0,0,7,1,1,0,0,0,0,2,3,1,0,KRBKRNvK,DRAW,7r/8/8/1R2k3/2B5/8/6n1/2K5 b - - 0 1
0,1,0,0,0,0,0,1,-1,1,0,1,1,1,0,0,0,0,0,16,0,0,5,0,2,1,7,4,5,20,26,0,0,0,0,0,0,0,0,7,1,1,1,0,0,0,1,2,0,0,KRBKRNvK,DRAW,1k1n4/6R1/8/8/5r2/K7/2B5/8 b - - 0 1
0,1,0,0,0,0,0,1,-1,1,0,1,1,1,0,0,0,0,0,16,0,0,2,5,5,6,3,2,2,23,25,0,0,0,0,0,0,0,0,7,1,1,0,0,0,0,2,1,1,1,KRBKRNvK,DRAW,8/8/5Kn1/1R6/6k1/8/7B/2r5 b - - 0 1
0,1,0,0,0,0,0,1,-1,1,0,1,1,1,0,0,0,0,0,16,0,0,6,3,6,0,0,2,6,20,27,0,0,0,0,0,0,0,0,7,1,1,0,0,0,0,2,0,1,1,KRBKRNvK,DRAW,4n3/3K4/7r/2R5/8/1B6/8/k7 b - - 0 1
1,1,0,0,0,0,0,1,-1,1,0,1,1,1,0,0,0,0,0,16,0,0,4,3,7,7,5,3,4,26,24,0,0,0,0,0,0,0,0,7,1,1,0,0,0,0,1,1,1,1,KRBKRNvK,DRAW,3K4/5B2/2r4k/8/5n2/8/1R6/8 w - - 0 1
0,1,0,0,0,0,0,1,-1,1,0,1,1,1,0,0,0,0,0,16,0,0,5,0,2,4,7,4,3,18,26,0,0,0,0,0,0,0,0,7,1,1,0,0,0,0,2,3,0,0,KRBKRNvK,DRAW,3rk3/8/8/2B5/1R6/K7/5n2/8 b - - 0 1
1,1,0,0,0,0,0,1,-1,1,0,1,1,1,0,0,0,0,0,16,0,0,5,3,7,6,2,3,3,25,22,0,0,0,0,0,0,0,0,7,1,1,0,0,0,0,1,0,0,2,KRBKRNvK,DRAW,1n1K4/1r3B2/R7/8/8/6k1/8/8 w - - 0 1
1,1,0,0,0,0,0,1,-1,1,0,1,1,1,0,0,0,0,0,16,0,0,7,3,0,2,7,3,4,27,22,0,0,0,0,0,0,0,0,7,1,1,0,0,0,0,2,3,1,0,KRBKRNvK,DRAW,2k5/2n2B2/3R4/8/r7/8/8/3K4 w - - 0 1
1,1,0,0,0,0,0,1,-1,1,0,1,1,1,0,0,0,0,0,16,0,0,7,0,5,7,3,4,3,16,19,0,0,0,0,0,0,0,0,7,1,1,1,0,0,0,0,2,0,0,KRBKRNvK,DRAW,8/R2B4/K7/8/4r2k/8/n7/8 w - - 0 1
1,1,0,0,0,0,0,1,-1,1,0,1,1,1,0,0,0,0,0,16,0,0,3,6,4,3,3,2,0,9,0,1,0,0,0,0,0,0,0,7,1,1,0,0,0,0,3,3,2,0,KRBKRNvK,DRAW,8/8/2B5/r5K1/3k4/8/4R3/1n6 w - - 0 1
0,1,0,0,0,0,0,1,-1,1,0,1,1,1,0,0,0,0,0,16,0,0,4,0,7,0,3,6,3,25,17,0,0,0,0,0,0,0,0,7,1,1,0,0,0,0,0,1,1,0,KRBKRNvK,DRAW,K7/8/8/8/k7/2Rn4/4B3/1r6 b - - 0 1
1,1,0,0,0,0,0,1,-1,1,0,1,1,1,0,0,0,0,0,16,0,0,6,0,7,1,1,6,4,3,0,1,0,0,0,0,0,0,0,7,1,1,1,0,0,0,0,0,0,0,KRBKRNvK,DRAW,K7/5R2/8/7B/3n4/r7/1k6/8 w - - 0 1
0,1,0,0,0,0,0,1,-1,1,0,1,1,1,0,0,0,0,0,16,0,0,5,7,7,6,2,6,3,22,25,0,0,0,0,0,0,0,0,7,1,1,0,0,0,0,2,1,0,0,KRBKRNvK,DRAW,7K/8/8/1B6/R7/2r3k1/5n2/8 b - - 0 1
0,1,0,0,0,0,0,1,-1,1,0,1,1,1,0,0,0,0,0,16,0,0,3,7,4,4,6,3,2,23,20,0,0,0,0,0,0,0,0,7,1,1,0,0,0,0,1,2,1,0,KRBKRNvK,DRAW,8/4k3/R1B5/3n3K/8/8/8/3r4 b - - 0 1
1,1,0,0,0,0,0,1,-1,1,0,1,1,1,0,0,0,0,0,16,0,0,4,6,4,5,0,2,4,25,25,0,0,0,0,0,0,0,0,7,1,1,0,1,0,0,3,1,0,1,KRBKRNvK,DRAW,8/4n3/8/6K1/2R2B2/8/r7/5k2 w - - 0 1
0,1,0,0,0,0,0,1,-1,1,0,1,1,1,0,0,0,0,0,16,0,0,3,3,0,6,2,3,3,22,24,0,0,0,0,0,0,0,0,7,1,1,0,0,0,0,2,2,0,0,KRBKRNvK,DRAW,8/8/8/7r/8/2B3k1/8/R2K3n b - - 0 1
1,1,0,0,0,0,0,1,-1,1,0,1,1,1,0,0,0,0,0,16,0,0,5,5,4,0,1,1,5,5,0,1,0,0,0,0,0,0,0,7,1,1,0,0,0,0,2,0,0,2,KRBKRNvK,DRAW,1R1B4/6n1/7r/5K2/8/8/k7/8 w - - 0 1
1,1,0,0,0,0,0,1,-1,1,0,1,1,1,0,0,0,0,0,16,0,0,4,4,1,1,5,2,3,4,0,1,0,0,0,0,0,0,0,7,1,1,0,0,0,0,1,3,0,1,KRBKRNvK,DRAW,4r3/8/1k6/8/8/2n2R2/2B1K3/8 w - - 0 1
1,1,0,0,0,0,0,1,-1,1,0,1,1,1,0,0,0,0,0,16,0,0,3,5,1,2,2,3,2,7,0,1,0,0,0,0,0,0,0,7,1,1,1,0,0,0,1,3,0,1,KRBKRNvK,LOSS,8/2R4B/8/2r5/8/2k5/5K2/3n4 w - - 0 1
0,1,0,0,0,0,0,1,-1,1,0,1,1,1,0,0,0,0,0,16,0,0,4,1,7,5,7,5,4,21,17,0,0,0,0,0,0,0,0,7,1,1,0,0,0,0,0,0,0,0,KRBKRNvK,DRAW,1K3k2/5r2/8/8/8/n1R5/8/B7 b - - 0 1
0,1,0,0,0,0,0,1,-1,1,0,1,1,1,0,0,0,0,0,16,0,0,3,3,6,1,3,2,2,22,29,0,0,0,0,0,0,0,0,7,1,1,0,1,0,0,3,0,0,0,KRBKRNvK,DRAW,8/B2K4/8/4R3/1k6/8/6r1/4n3 b - - 0 1
1,1,0,0,0,0,0,1,-1,1,0,1,1,1,0,0,0,0,0,16,0,0,5,4,5,0,0,1,6,25,23,0,0,0,0,0,0,0,0,7,1,1,1,0,0,0,3,3,0,0,KRBKRNvK,DRAW,B7/5R2/4K3/1r6/8/8/3n4/k7 w - - 0 1
0,1,0,0,0,0,0,1,-1,1,0,1,1,1,0,0,0,0,0,16,0,0,5,1,2,5,7,3,4,25,30,0,0,0,0,0,0,0,0,7,1,1,0,0,0,0,3,1,0,1,KRBKRNvK,DRAW,5k2/8/6r1/5B2/1n6/1K6/3R4/8 b - - 0 1
0,1,0,0,0,0,0,1,-1,1,0,1,1,1,0,0,0,0,0,16,0,0,5,0,6,5,1,5,3,24,26,0,0,0,0,0,0,0,0,7,1,1,0,0,0,0,3,1,0,0,KRBKRNvK,DRAW,8/K2n4/8/3B2R1/8/2r5/5k2/8 b - - 0 1
1,1,0,0,0,0,0,1,-1,1,0,1,1,1,0,0,0,0,0,16,0,0,3,2,2,5,5,2,2,4,0,1,0,0,0,0,0,0,0,7,1,1,1,0,0,0,2,2,2,2,KRBKRNvK,DRAW,8/7R/5kB1/8/8/r1K1n3/8/8 w - - 0 1
0,1,0,0,0,0,0,1,-1,1,0,1,1,1,0,0,0,0,0,16,0,0,5,0,1,5,5,5,2,7,0,1,0,0,0,0,0,0,0,7,1,1,0,0,0,0,0,1,0,1,KRBKRNvK,DRAW,8/8/5k2/7n/8/8/K4R2/2r1B3 b - - 0 1
0,1,0,0,0,0,0,1,-1,1,0,1,1,1,0,0,0,0,0,16,0,0,3,2,4,1,7,1,5,6,0,1,0,0,0,0,0,0,0,7,1,1,0,0,0,0,3,2,0,2,KRBKRNvK,DRAW,1k6/6B1/r1n5/2K5/8/8/1R6/8 b - - 0 1
0,1,0,0,0,0,0,1,-1,1,0,1,1,1,0,0,0,0,0,16,0,0,2,4,3,6,3,0,2,5,0,1,0,0,0,0,0,0,0,7,1,1,0,0,0,0,4,1,0,2,KRBKRNvK,DRAW,2B5/8/6n1/8/R3K1k1/5r2/8/8 b - - 0 1
0,1,0,0,0,0,0,1,-1,1,0,1,1,1,0,0,0,0,0,16,0,0,2,2,2,4,1,2,2,26,24,0,0,0,0,0,0,0,0,7,1,1,0,0,0,0,3,3,0,0,KRBKRNvK,DRAW,5B2/2n5/8/R7/7r/2K5/4k3/8 b - - 0 1
0,1,0,0,0,0,0,1,-1,1,0,1,1,1,0,0,0,0,0,16,0,0,3,2,4,3,1,1,2,3,0,1,0,0,0,0,0,0,0,7,1,1,0,0,0,0,2,1,2,0,KRBKRNvK,DRAW,8/8/8/2K5/6n1/3R4/3k4/5Br1 b - - 0 1
1,1,0,0,0,0,0,1,-1,1,0,1,1,1,0,0,0,0,0,16,0,0,5,1,6,4,1,4,2,31,27,0,0,0,0,0,0,0,0,7,1,1,0,0,0,0,1,2,1,0,KRBKRNvK,DRAW,8/1K6/7R/8/4n3/6B1/4k3/3r4 w - - 0 1
0,1,0,0,0,0,0,1,-1,1,0,1,1,1,0,0,0,0,0,16,0,0,6,0,6,6,3,5,2,23,26,0,0,0,0,0,0,0,0,7,1,1,0,0,0,0,2,2,1,0,KRBKRNvK,DRAW,4R3/K4n2/8/5r2/6k1/8/7B/8 b - - 0 1
0,1,0,0,0,0,0,1,-1,1,0,1,1,1,0,0,0,0,0,16,0,0,2,4,0,2,1,3,3,17,16,0,0,0,0,0,0,0,0,7,1,1,1,1,0,0,0,0,0,1,KRBKRNvK,DRAW,8/1R6/8/8/8/8/2k3r1/1n2K2B b - - 0 1
0,1,0,0,0,0,0,1,-1,1,0,1,1,1,0,0,0,0,0,16,0,0,3,3,6,6,4,2,2,4,0,1,0,0,0,0,0,0,0,7,1,1,1,0,0,0,1,0,2,0,KRBKRNvK,DRAW,8/3K2R1/4B3/6kr/8/n7/8/8 b - - 0 1
1,1,0,0,0,0,0,1,-1,1,0,1,1,1,0,0,0,0,0,16,0,0,7,7,7,0,1,6,5,16,20,0,0,0,0,0,0,0,0,7,1,1,0,0,0,0,1,2,0,0,KRBKRNvK,DRAW,7K/8/8/n5r1/8/6BR/k7/8 w - - 0 1
0,1,0,0,0,0,0,1,-1,1,0,1,1,1,0,0,0,0,0,16,0,0,2,0,4,1,2,3,3,25,24,0,0,0,0,0,0,0,0,7,1,1,0,0,0,0,2,1,0,0,KRBKRNvK,DRAW,1r6/8/3n4/K5B1/8/1k6/8/4R3 b - - 0 1
1,1,0,0,0,0,0,1,-1,1,0,1,1,1,0,0,0,0,0,16,0,0,4,4,0,6,4,3,2,19,23,0,0,0,0,0,0,0,0,7,1,1,0,0,0,0,2,0,0,0,KRBKRNvK,DRAW,8/6n1/r7/6k1/8/8/8/4KR1B w - - 0 1
0,1,0,0,0,0,0,1,-1,1,0,1,1,1,0,0,0,0,0,16,0,0,6,0,7,0,1,6,5,22,24,0,0,0,0,0,0,0,0,7,1,1,0,0,0,0,0,2,0,0,KRBKRNvK,DRAW,K7/8/8/6r1/1n6/8/k2B4/5R2 b - - 0 1
1,1,0,0,0,0,0,1,-1,1,0,1,1,1,0,0,0,0,0,16,0,0,6,3,0,4,6,3,2,2,0,1,0,0,0,0,0,0,0,7,1,1,0,0,0,0,0,0,1,0,KRBKRNvK,DRAW,6R1/4k3/8/8/6B1/n7/8/3K2r1 w - - 0 1
1,1,0,0,0,0,0,1,-1,1,0,1,1,1,0,0,0,0,0,16,0,0,5,1,1,2,6,4,3,5,0,1,0,0,0,0,0,0,0,7,1,1,0,0,0,0,2,1,1,0,KRBKRNvK,DRAW,1r6/2k5/4R3/8/8/4n3/1K6/B7 w - - 0 1
0,1,0,0,0,0,0,1,-1,1,0,1,1,1,0,0,0,0,0,16,0,0,2,4,3,6,3,0,2,20,20,0,0,0,0,0,0,0,0,7,1,1,0,0,0,0,4,2,0,1,KRBKRNvK,DRAW,8/8/8/5r2/4K1k1/R7/8/1B4n1 b - - 0 1
1,1,0,0,0,0,0,1,-1,1,0,1,1,1,0,0,0,0,0,16,0,0,5,7,7,4,2,6,1,24,21,0,0,0,0,0,0,0,0,7,1,1,1,1,0,0,2,2,1,0,KRBKRNvK,DRAW,7K/1R6/8/8/8/4k3/5rBn/8 w - - 0 1
1,1,0,0,0,0,0,1,-1,1,0,1,1,1,0,0,0,0,0,16,0,0,6,1,1,5,7,4,4,5,0,1,0,0,0,0,0,0,0,7,1,1,0,0,0,0,2,1,0,1,KRBKRNvK,LOSS,1r3k2/8/8/8/2n5/4R3/1K6/1B6 w - - 0 1
1,1,0,0,0,0,0,1,-1,1,0,1,1,1,0,0,0,0,0,16,0,0,3,0,3,3,0,3,3,3,0,1,0,0,0,0,0,0,0,7,1,1,1,0,0,0,1,0,0,1,KRBKRNvK,DRAW,7n/1R6/r2B4/8/K7/8/8/3k4 w - - 0 1
1,1,0,0,0,0,0,1,-1,1,0,1,1,1,0,0,0,0,0,16,0,0,2,5,2,6,0,2,5,18,24,0,0,0,0,0,0,0,0,7,1,1,0,0,0,0,3,1,1,0,KRBKRNvK,DRAW,6r1/8/8/2n5/4R3/5K2/8/6kB w - - 0 1
0,1,0,0,0,0,0,1,-1,1,0,1,1,1,0,0,0,0,0,16,0,0,3,7,3,5,6,3,3,8,0,1,0,0,0,0,0,0,0,7,1,1,0,0,0,0,1,2,0,0,KRBKRNvK,LOSS,8/5k2/r7/8/7K/RBn5/8/8 b - - 0 1
1,1,0,0,0,0,0,1,-1,1,0,1,1,1,0,0,0,0,0,16,0,0,3,0,5,3,3,4,0,26,22,0,0,0,0,0,0,0,0,7,1,1,0,0,0,0,2,3,2,0,KRBKRNvK,DRAW,4r3/8/K7/5R2/3k1B2/7n/8/8 w - - 0 1
1,1,0,0,0,0,0,1,-1,1,0,1,1,1,0,0,0,0,0,16,0,0,4,6,2,2,5,3,2,7,0,1,0,0,0,0,0,0,0,7,1,1,0,0,0,0,1,2,0,0,KRBKRNvK,DRAW,8/5n2/2k3B1/8/8/2r3K1/8/6R1 w - - 0 1
0,1,0,0,0,0,0,1,-1,1,0,1,1,1,0,0,0,0,0,16,0,0,6,3,7,6,1,3,4,15,26,0,0,0,0,0,0,0,0,7,1,1,1,1,0,0,2,0,0,0,KRBKRNvK,DRAW,3K4/1R4Bn/8/8/8/8/6kr/8 b - - 0 1
0,1,0,0,0,0,0,1,-1,1,0,1,1,1,0,0,0,0,0,16,0,0,4,6,3,2,0,2,4,2,0,1,0,0,0,0,0,0,0,7,1,1,0,0,0,0,0,1,1,0,KRBKRNvK,DRAW,8/2r5/8/8/1n4K1/B7/7R/2k5 b - - 0 1
1,1,0,0,0,0,0,1,-1,1,0,1,1,1,0,0,0,0,0,16,0,0,3,0,7,0,4,6,3,26,17,0,0,0,0,0,0,0,0,7,1,1,0,1,0,0,2,0,0,0,KRBKRNvK,DRAW,K7/8/8/k7/6B1/4R3/r5n1/8 w - - 0 1
0,1,0,0,0,0,0,1,-1,1,0,1,1,1,0,0,0,0,0,16,0,0,2,1,4,0,6,2,5,23,22,0,0,0,0,0,0,0,0,7,1,1,0,0,0,0,3,2,1,1,KRBKRNvK,DRAW,8/k7/r7/1KR5/8/2B2n2/8/8 b - - 0 1
1,1,0,0,0,0,0,1,-1,1,0,1,1,1,0,0,0,0,0,16,0,0,4,6,3,2,0,2,4,7,0,1,0,0,0,0,0,0,0,7,1,1,0,0,0,0,2,1,0,0,KRBKRNvK,DRAW,8/6B1/8/8/6K1/8/2n4R/2k3r1 w - - 0 1
1,1,0,0,0,0,0,1,-1,1,0,1,1,1,0,0,0,0,0,16,0,0,2,5,0,3,0,4,3,1,0,1,0,0,0,0,0,0,0,7,1,1,0,0,0,0,2,2,1,1,KRBKRNvK,DRAW,8/8/7n/8/8/2R5/6B1/3krK2 w - - 0 1
1,1,0,0,0,0,0,1,-1,1,0,1,1,1,0,0,0,0,0,16,0,0,3,3,1,5,4,2,1,29,16,0,0,0,0,0,0,0,0,7,1,1,0,0,0,0,2,2,1,0,KRBKRNvK,DRAW,rB3n2/8/8/5k2/4R3/8/3K4/8 w - - 0 1
0,1,0,0,0,0,0,1,-1,1,0,1,1,1,0,0,0,0,0,16,0,0,3,3,6,6,5,2,3,24,19,0,0,0,0,0,0,0,0,7,1,1,0,0,0,0,2,2,0,2,KRBKRNvK,DRAW,2r5/3K4/2n3k1/8/8/4R3/8/6B1 b - - 0 1
0,1,0,0,0,0,0,1,-1,1,0,1,1,1,0,0,0,0,0,16,0,0,5,7,1,2,2,5,2,5,0,1,0,0,0,0,0,0,0,7,1,1,0,0,0,0,0,3,1,0,KRBKRNvK,DRAW,3n4/8/8/2r5/B7/2k4R/7K/8 b - - 0 1
1,1,0,0,0,0,0,1,-1,1,0,1,1,1,0,0,0,0,0,16,0,0,4,0,1,2,5,5,2,21,29,0,0,0,0,0,0,0,0,7,1,1,0,0,0,0,1,2,1,0,KRBKRNvK,DRAW,R5B1/8/2k5/6r1/5n2/8/K7/8 w - - 0 1
1,1,0,0,0,0,0,1,-1,1,0,1,1,1,0,0,0,0,0,16,0,0,2,7,1,6,3,5,2,21,16,0,0,0,0,0,0,0,0,7,1,1,0,0,0,0,3,0,1,1,KRBKRNvK,DRAW,8/8/4R3/7n/6k1/6r1/7K/7B w - - 0 1
1,1,0,0,0,0,0,1,-1,1,0,1,1,1,0,0,0,0,0,16,0,0,5,7,2,6,7,4,5,26,23,0,0,0,0,0,0,0,0,7,1,1,0,0,0,0,3,1,0,0,KRBKRNvK,DRAW,6k1/5r2/8/2B5/8/4R2K/3n4/8 w - - 0 1
1,1,0,0,0,0,0,1,-1,1,0,1,1,1,0,0,0,0,0,16,0,0,4,6,3,2,6,2,3,24,14,0,0,0,0,0,0,0,0,7,1,1,0,0,0,0,1,0,0,0,KRBKRNvK,DRAW,8/2k2r2/6R1/5B2/6K1/8/1n6/8 w - - 0 1
1,1,0,0,0,0,0,1,-1,1,0,1,1,1,0,0,0,0,0,16,0,0,4,6,7,6,3,5,2,3,0,1,0,0,0,0,0,0,0,7,1,1,0,0,0,0,0,0,0,0,KRBKRNvK,DRAW,2r3K1/8/8/8/6k1/8/1n1B4/R7 w - - 0 1
0,1,0,0,0,0,0,1,-1,1,0,1,1,1,0,0,0,0,0,16,0,0,5,6,2,2,7,3,4,24,25,0,0,0,0,0,0,0,0,7,1,1,0,0,0,0,0,2,2,1,KRBKRNvK,DRAW,2k1B3/8/1R6/7r/3n4/6K1/8/8 b - - 0 1
1,1,0,0,0,0,0,1,-1,1,0,1,1,1,0,0,0,0,0,16,0,0,2,7,0,6,2,6,3,15,22,0,0,0,0,0,0,0,0,7,1,1,1,0,0,0,2,2,1,0,KRBKRNvK,DRAW,8/3R4/8/5n2/7r/6kB/8/7K w - - 0 1
1,1,0,0,0,0,0,1,-1,1,0,1,1,1,0,0,0,0,0,16,0,0,4,3,3,1,7,0,5,6,0,1,0,0,0,0,0,0,0,7,1,1,1,0,0,0,3,2,0,0,KRBKRNvK,DRAW,1k1r4/7R/8/8/3KB3/8/6n1/8 w - - 0 1
1,1,0,0,0,0,0,1,-1,1,0,1,1,1,0,0,0,0,0,16,0,0,2,2,3,0,2,1,4,26,17,0,0,0,0,0,0,0,0,7,1,1,1,1,0,0,3,0,0,1,KRBKRNvK,WIN,8/5R2/n7/8/2K2B2/k7/5r2/8 w - - 0 1
1,1,0,0,0,0,0,1,-1,1,0,1,1,1,0,0,0,0,0,16,0,0,4,7,2,3,6,4,2,25,22,0,0,0,0,0,0,0,0,7,1,1,0,0,0,0,0,2,0,0,KRBKRNvK,DRAW,8/1r1k4/2n5/8/8/B6K/6R1/8 w - - 0 1
0,1,0,0,0,0,0,1,-1,1,0,1,1,1,0,0,0,0,0,16,0,0,3,2,7,2,4,4,1,20,26,0,0,0,0,0,0,0,0,7,1,1,0,0,0,0,1,3,0,0,KRBKRNvK,DRAW,2K5/8/8/2k3r1/8/5R1n/B7/8 b - - 0 1
1,1,0,0,0,0,0,1,-1,1,0,1,1,1,0,0,0,0,0,16,0,0,2,7,2,7,0,4,6,24,19,0,0,0,0,0,0,0,0,7,1,1,0,0,0,0,2,0,0,0,KRBKRNvK,DRAW,7R/1r6/8/8/8/n1B4K/8/7k w - - 0 1
0,1,0,0,0,0,0,1,-1,1,0,1,1,1,0,0,0,0,0,16,0,0,3,1,6,4,4,4,0,20,30,0,0,0,0,0,0,0,0,7,1,1,0,0,0,0,2,3,1,0,KRBKRNvK,DRAW,6n1/1K6/R7/4k3/8/5B2/8/3r4 b - - 0 1
0,1,0,0,0,0,0,1,-1,1,0,1,1,1,0,0,0,0,0,16,0,0,6,4,6,1,0,2,5,18,20,0,0,0,0,0,0,0,0,7,1,1,0,0,0,0,3,2,1,0,KRBKRNvK,DRAW,8/4K3/8/8/3r4/n7/1B2R3/1k6 b - - 0 1
0,1,0,0,0,0,0,1,-1,1,0,1,1,1,0,0,0,0,0,16,0,0,2,4,2,2,3,1,1,4,0,1,0,0,0,0,0,0,0,7,1,1,0,0,0,0,2,2,1,0,KRBKRNvK,DRAW,8/B7/r7/7n/2k5/4K3/2R5/8 b - - 0 1
0,1,0,0,0,0,0,1,-1,1,0,1,1,1,0,0,0,0,0,16,0,0,7,0,7,1,0,6,5,25,28,0,0,0,0,0,0,0,0,7,1,1,1,0,0,0,2,2,0,0,KRBKRNvK,DRAW,K7/4R3/7r/8/5B2/2n5/8/1k6 b - - 0 1
1,1,0,0,0,0,0,1,-1,1,0,1,1,1,0,0,0,0,0,16,0,0,3,2,4,4,1,1,2,7,0,1,0,0,0,0,0,0,0,7,1,1,0,0,0,0,3,0,0,2,KRBKRNvK,DRAW,8/rn6/8/2K2B2/R7/8/4k3/8 w - - 0 1
1,1,0,0,0,0,0,1,-1,1,0,1,1,1,0,0,0,0,0,16,0,0,3,5,4,2,5,1,2,7,0,1,0,0,0,0,0,0,0,7,1,1,0,0,0,0,3,2,0,0,KRBKRNvK,DRAW,8/8/2k5/2r2K2/8/n7/1B3R2/8 w - - 0 1
1,1,0,0,0,0,0,1,-1,1,0,1,1,1,0,0,0,0,0,16,0,0,4,0,7,4,3,6,0,23,16,0,0,0,0,0,0,0,0,7,1,1,0,0,0,0,0,4,2,0,KRBKRNvK,DRAW,K7/7n/8/4r3/4k3/2R5/3B4/8 w - - 0 1
0,1,0,0,0,0,0,1,-1,1,0,1,1,1,0,0,0,0,0,16,0,0,5,7,0,2,5,6,2,5,0,1,0,0,0,0,0,0,0,7,1,1,0,0,0,0,1,1,1,0,KRBKRNvK,LOSS,8/8/R1k3r1/3n1B2/8/8/8/7K b - - 0 1
1,1,0,0,0,0,0,1,-1,1,0,1,1,1,0,0,0,0,0,16,0,0,3,4,0,7,2,3,4,25,17,0,0,0,0,0,0,0,0,7,1,1,0,1,0,0,3,0,0,0,KRBKRNvK,DRAW,8/8/4R3/8/8/n1B4k/r7/4K3 w - - 0 1
0,1,0,0,0,0,0,1,-1,1,0,1,1,1,0,0,0,0,0,16,0,0,4,0,1,4,0,5,3,24,18,0,0,0,0,0,0,0,0,7,1,1,0,0,0,0,0,1,1,1,KRBKRNvK,DRAW,8/8/4nR2/8/8/1r6/K7/4kB2 b - - 0 1
1,1,0,0,0,0,0,1,-1,1,0,1,1,1,0,0,0,0,0,16,0,0,7,0,2,7,3,4,3,27,22,0,0,0,0,0,0,0,0,7,1,1,0,0,0,0,3,0,0,0,KRBKRNvK,DRAW,8/8/6rn/8/7k/KB6/4R3/8 w - - 0 1
1,1,0,0,0,0,0,1,-1,1,0,1,1,1,0,0,0,0,0,16,0,0,4,4,4,3,0,0,3,5,0,1,0,0,0,0,0,0,0,7,1,1,0,0,0,0,4,3,0,0,KRBKRNvK,DRAW,8/4B3/8/2R1K3/8/8/2n5/3kr3 w - - 0 1
1,1,0,0,0,0,0,1,-1,1,0,1,1,1,0,0,0,0,0,16,0,0,4,4,1,2,5,2,2,6,0,1,0,0,0,0,0,0,0,7,1,1,0,1,0,0,2,1,0,0,KRBKRNvK,DRAW,1n6/8/2k5/6R1/8/7B/r3K3/8 w - - 0 1
0,1,0,0,0,0,0,1,-1,1,0,1,1,1,0,0,0,0,0,16,0,0,2,2,5,2,3,2,1,22,16,0,0,0,0,0,0,0,0,7,1,1,0,0,0,0,1,4,0,0,KRBKRNvK,DRAW,8/8/2K5/7B/2k5/4r3/8/6nR b - - 0 1
0,1,0,0,0,0,0,1,-1,1,0,1,1,1,0,0,0,0,0,16,0,0,3,7,0,4,3,6,0,4,0,1,0,0,0,0,0,0,0,7,1,1,0,0,0,0,1,3,0,0,KRBKRNvK,LOSS,3n4/8/6r1/8/4k3/1R6/8/1B5K b - - 0 1
0,1,0,0,0,0,0,1,-1,1,0,1,1,1,0,0,0,0,0,16,0,0,6,0,1,6,2,5,3,5,0,1,0,0,0,0,0,0,0,7,1,1,0,0,0,0,0,1,2,0,KRBKRNvK,DRAW,8/8/1r2n3/8/8/6k1/K3B3/6R1 b - - 0 1
0,1,0,0,0,0,0,1,-1,1,0,1,1,1,0,0,0,0,0,16,0,0,2,3,1,5,2,2,2,26,20,0,0,0,0,0,0,0,0,7,1,1,0,0,0,0,0,1,1,0,KRBKRNvK,DRAW,8/8/6r1/3n4/8/5k1B/2RK4/8 b - - 0 1
0,1,0,0,0,0,0,1,-1,1,0,1,1,1,0,0,0,0,0,16,0,0,7,6,7,2,0,5,4,19,26,0,0,0,0,0,0,0,0,7,1,1,0,0,0,0,2,2,2,0,KRBKRNvK,DRAW,6K1/8/3r4/8/8/1R6/8/B1kn4 b - - 0 1
0,1,0,0,0,0,0,1,-1,1,0,1,1,1,0,0,0,0,0,16,0,0,2,2,5,0,7,2,6,17,28,0,0,0,0,0,0,0,0,7,1,1,0,0,0,0,3,0,0,1,KRBKRNvK,DRAW,k7/r7/2K3B1/8/1R6/7n/8/8 b - - 0 1
0,1,0,0,0,0,0,1,-1,1,0,1,1,1,0,0,0,0,0,16,0,0,6,1,1,7,1,4,5,22,24,0,0,0,0,0,0,0,0,7,1,1,0,0,0,0,1,2,0,2,KRBKRNvK,DRAW,8/8/2R5/2B5/8/n7/1K5k/3r4 b - - 0 1
1,1,0,0,0,0,0,1,-1,1,0,1,1,1,0,0,0,0,0,16,0,0,5,6,0,5,5,5,2,17,22,0,0,0,0,0,0,0,0,7,1,1,0,0,0,0,0,1,0,0,KRBKRNvK,DRAW,4n3/r7/5k2/8/8/6R1/7B/6K1 w - - 0 1
0,1,0,0,0,0,0,1,-1,1,0,1,1,1,0,0,0,0,0,16,0,0,4,0,2,2,6,4,3,5,0,1,0,0,0,0,0,0,0,7,1,1,1,0,0,0,1,0,0,1,KRBKRNvK,DRAW,1r6/2k3R1/8/n7/8/K7/8/1B6 b - - 0 1
0,1,0,0,0,0,0,1,-1,1,0,1,1,1,0,0,0,0,0,16,0,0,5,0,7,0,2,6,4,20,23,0,0,0,0,0,0,0,0,7,1,1,0,0,0,0,2,0,1,0,KRBKRNvK,DRAW,K6n/8/8/B3R3/8/k7/8/6r1 b - - 0 1
1,1,0,0,0,0,0,1,-1,1,0,1,1,1,0,0,0,0,0,16,0,0,5,2,0,0,5,4,4,3,0,1,0,0,0,0,0,0,0,7,1,1,0,0,0,0,2,1,0,0,KRBKRNvK,DRAW,8/3n4/k7/3R4/8/8/3B4/2K4r w - - 0 1
0,1,0,0,0,0,0,1,-1,1,0,1,1,1,0,0,0,0,0,16,0,0,3,6,4,3,2,2,1,6,0,1,0,0,0,0,0,0,0,7,1,1,0,0,0,0,1,2,1,0,KRBKRNvK,DRAW,8/8/3B4/6K1/8/1R1k4/5n2/r7 b - - 0 1
1,1,0,0,0,0,0,1,-1,1,0,1,1,1,0,0,0,0,0,16,0,0,4,4,7,0,5,3,4,23,23,0,0,0,0,0,0,0,0,7,1,1,1,0,0,0,2,2,1,1,KRBKRNvK,DRAW,4K3/1R6/k3n3/8/5r2/8/1B6/8 w - - 0 1
0,1,0,0,0,0,0,1,-1,1,0,1,1,1,0,0,0,0,0,16,0,0,5,4,5,7,0,1,6,21,31,0,0,0,0,0,0,0,0,7,1,1,0,0,0,0,3,1,0,0,KRBKRNvK,DRAW,1R6/8/4K3/8/8/1n1B4/8/2r4k b - - 0 1
0,1,0,0,0,0,0,1,-1,1,0,1,1,1,0,0,0,0,0,16,0,0,6,4,1,3,7,2,3,23,25,0,0,0,0,0,0,0,0,7,1,1,0,0,0,0,0,2,0,1,KRBKRNvK,DRAW,3k4/2n5/8/8/3r4/R7/4K3/4B3 b - - 0 1
0,1,0,0,0,0,0,1,-1,1,0,1,1,1,0,0,0,0,0,16,0,0,4,5,7,4,3,4,0,28,22,0,0,0,0,0,0,0,0,7,1,1,0,0,0,0,0,3,0,0,KRBKRNvK,DRAW,5K2/8/8/r7/1n2k2B/8/1R6/8 b - - 0 1
1,1,0,0,0,0,0,1,-1,1,0,1,1,1,0,0,0,0,0,16,0,0,4,7,3,3,7,3,3,25,20,0,0,0,0,0,0,0,0,7,1,1,0,0,0,0,1,0,1,0,KRBKRNvK,DRAW,3k4/8/4B1R1/8/7K/n7/8/1r6 w - - 0 1
1,1,0,0,0,0,0,1,-1,1,0,1,1,1,0,0,0,0,0,16,0,0,3,2,6,5,7,3,4,31,18,0,0,0,0,0,0,0,0,7,1,1,0,1,0,0,3,2,0,0,KRBKRNvK,DRAW,5k2/2K5/8/3B2R1/8/2n5/2r5/8 w - - 0 1
1,1,0,0,0,0,0,1,-1,1,0,1,1,1,0,0,0,0,0,16,0,0,4,5,2,4,6,2,2,22,21,0,0,0,0,0,0,0,0,7,1,1,0,1,0,0,4,0,0,0,KRBKRNvK,DRAW,7B/4k3/8/8/3R4/n4K2/2r5/8 w - - 0 1
1,1,0,0,0,0,0,1,-1,1,0,1,1,1,0,0,0,0,0,16,0,0,4,4,3,0,0,0,6,28,21,0,0,0,0,0,0,0,0,7,1,1,0,0,0,0,3,0,0,1,KRBKRNvK,DRAW,8/5r2/7R/8/4K3/4B3/6n1/k7 w - - 0 1
1,1,0,0,0,0,0,1,-1,1,0,1,1,1,0,0,0,0,0,16,0,0,3,2,1,5,2,3,2,7,0,1,0,0,0,0,0,0,0,7,1,1,1,0,0,0,0,3,1,1,KRBKRNvK,DRAW,8/R7/4r3/6B1/1n6/5k2/2K5/8 w - - 0 1
1,1,0,0,0,0,0,1,-1,1,0,1,1,1,0,0,0,0,0,16,0,0,2,2,4,0,5,1,4,26,14,0,0,0,0,0,0,0,0,7,1,1,0,0,0,0,4,1,1,1,KRBKRNvK,WIN,B1r5/2n5/k7/2K5/8/8/8/4R3 w - - 0 1
1,1,0,0,0,0,0,1,-1,1,0,1,1,1,0,0,0,0,0,16,0,0,2,5,4,6,6,1,4,18,24,0,0,0,0,0,0,0,0,7,1,1,0,0,0,0,2,2,0,0,KRBKRNvK,DRAW,3n4/6k1/8/5K2/2r5/R6B/8/8 w - - 0 1
1,1,0,0,0,0,0,1,-1,1,0,1,1,1,0,0,0,0,0,16,0,0,2,5,5,6,7,2,5,26,16,0,0,0,0,0,0,0,0,7,1,1,0,0,0,0,2,0,0,0,KRBKRNvK,WIN,n1r3k1/8/5K2/3R3B/8/8/8/8 w - - 0 1
0,1,0,0,0,0,0,1,-1,1,0,1,1,1,0,0,0,0,0,16,0,0,6,6,2,0,4,3,3,20,23,0,0,0,0,0,0,0,0,7,1,1,0,0,0,0,0,1,0,0,KRBKRNvK,DRAW,2R1B3/8/8/k7/8/1r1n2K1/8/8 b - - 0 1
1,1,0,0,0,0,0,1,-1,1,0,1,1,1,0,0,0,0,0,16,0,0,3,2,4,5,1,1,3,18,25,0,0,0,0,0,0,0,0,7,1,1,0,0,0,0,3,1,0,2,KRBKRNvK,DRAW,8/3r4/8/1RKn4/8/8/5k2/B7 w - - 0 1
0,1,0,0,0,0,0,1,-1,1,0,1,1,1,0,0,0,0,0,16,0,0,6,2,6,6,0,3,5,3,0,1,0,0,0,0,0,0,0,7,1,1,0,0,0,0,0,2,0,0,KRBKRNvK,DRAW,1B6/2K2n2/8/7r/8/8/8/1R4k1 b - - 0 1
1,1,0,0,0,0,0,1,-1,1,0,1,1,1,0,0,0,0,0,16,0,0,7,6,7,3,0,5,3,22,19,0,0,0,0,0,0,0,0,7,1,1,0,1,0,0,1,0,1,0,KRBKRNvK,DRAW,6K1/7B/8/8/8/1R6/5r2/3k3n w - - 0 1
0,1,0,0,0,0,0,1,-1,1,0,1,1,1,0,0,0,0,0,16,0,0,3,4,3,7,3,0,3,17,26,0,0,0,0,0,0,0,0,7,1,1,1,0,0,0,4,0,1,0,KRBKRNvK,DRAW,8/1R6/n6r/8/4K2k/8/6B1/8 b - - 0 1
0,1,0,0,0,0,0,1,-1,1,0,1,1,1,0,0,0,0,0,16,0,0,4,2,3,6,6,1,4,23,27,0,0,0,0,0,0,0,0,7,1,1,0,0,0,0,2,0,0,0,KRBKRNvK,DRAW,8/6k1/7n/8/B1K5/8/7R/6r1 b - - 0 1
0,1,0,0,0,0,0,1,-1,1,0,1,1,1,0,0,0,0,0,16,0,0,5,4,5,1,0,1,5,5,0,1,0,0,0,0,0,0,0,7,1,1,0,0,0,0,3,0,0,0,KRBKRNvK,DRAW,8/8/4K3/5BR1/n7/1r6/8/1k6 b - - 0 1
1,1,0,0,0,0,0,1,-1,1,0,1,1,1,0,0,0,0,0,16,0,0,5,4,1,7,6,2,5,27,24,0,0,0,0,0,0,0,0,7,1,1,0,0,0,0,3,0,0,0,KRBKRNvK,DRAW,2r5/7k/8/4n3/6R1/8/4K3/7B w - - 0 1
1,1,0,0,0,0,0,1,-1,1,0,1,1,1,0,0,0,0,0,16,0,0,2,7,6,5,4,5,1,23,16,0,0,0,0,0,0,0,0,7,1,1,0,0,0,0,2,2,1,0,KRBKRNvK,DRAW,4n2B/7K/6R1/5k2/8/8/8/5r2 w - - 0 1
0,1,0,0,0,0,0,1,-1,1,0,1,1,1,0,0,0,0,0,16,0,0,3,7,7,4,5,6,1,4,0,1,0,0,0,0,0,0,0,7,1,1,0,0,0,0,0,2,1,1,KRBKRNvK,LOSS,7K/5B2/4k1r1/3n4/8/8/8/5R2 b - - 0 1
0,1,0,0,0,0,0,1,-1,1,0,1,1,1,0,0,0,0,0,16,0,0,5,0,5,0,0,4,6,21,27,0,0,0,0,0,0,0,0,7,1,1,0,0,0,0,2,1,0,0,KRBKRNvK,DRAW,8/4B3/K7/1R6/8/5r2/4n3/k7 b - - 0 1
0,1,0,0,0,0,0,1,-1,1,0,1,1,1,0,0,0,0,0,16,0,0,3,0,2,0,5,4,4,25,30,0,0,0,0,0,0,0,0,7,1,1,0,0,0,0,2,2,0,0,KRBKRNvK,DRAW,6R1/8/k7/7r/5n2/K4B2/8/8 b - - 0 1
0,1,0,0,0,0,0,1,-1,1,0,1,1,1,0,0,0,0,0,16,0,0,5,3,0,0,5,3,4,18,32,0,0,0,0,0,0,0,0,7,1,1,0,0,0,0,1,0,1,0,KRBKRNvK,DRAW,2R4n/8/k5r1/3B4/8/8/8/3K4 b - - 0 1
0,1,0,0,0,0,0,1,-1,1,0,1,1,1,0,0,0,0,0,16,0,0,4,0,2,4,4,4,0,25,22,0,0,0,0,0,0,0,0,7,1,1,1,1,0,0,0,3,1,1,KRBKRNvK,DRAW,8/6R1/8/4k3/8/K7/1r6/3nB3 b - - 0 1
0,1,0,0,0,0,0,1,-1,1,0,1,1,1,0,0,0,0,0,16,0,0,2,5,7,7,5,4,4,22,17,0,0,0,0,0,0,0,0,7,1,1,0,0,0,0,0,0,0,1,KRBKRNvK,DRAW,5K2/6r1/7k/8/B7/8/R7/4n3 b - - 0 1
1,1,0,0,0,0,0,1,-1,1,0,1,1,1,0,0,0,0,0,16,0,0,3,3,6,0,3,2,3,7,0,1,0,0,0,0,0,0,0,7,1,1,0,0,0,0,1,2,1,1,KRBKRNvK,DRAW,5n2/3K4/8/6r1/k4B2/2R5/8/8 w - - 0 1
1,1,0,0,0,0,0,1,-1,1,0,1,1,1,0,0,0,0,0,16,0,0,4,4,3,4,7,0,3,26,19,0,0,0,0,0,0,0,0,7,1,1,0,1,0,0,3,1,0,1,KRBKRNvK,DRAW,4k3/8/8/8/4K3/5R2/r3n2B/8 w - - 0 1
1,1,0,0,0,0,0,1,-1,1,0,1,1,1,0,0,0,0,0,16,0,0,2,5,2,4,0,2,3,24,18,0,0,0,0,0,0,0,0,7,1,1,0,1,0,0,3,2,0,1,KRBKRNvK,WIN,8/1B6/8/8/6R1/5K2/n2r4/4k3 w - - 0 1
0,1,0,0,0,0,0,1,-1,1,0,1,1,1,0,0,0,0,0,16,0,0,2,1,6,3,5,4,1,24,20,0,0,0,0,0,0,0,0,7,1,1,0,0,0,0,2,4,1,0,KRBKRNvK,DRAW,8/1K6/3k4/1R4B1/r7/4n3/8/8 b - - 0 1
1,1,0,0,0,0,0,1,-1,1,0,1,1,1,0,0,0,0,0,16,0,0,3,2,4,3,1,1,2,4,0,1,0,0,0,0,0,0,0,7,1,1,0,0,0,0,2,3,0,1,KRBKRNvK,LOSS,3r2R1/8/8/2K5/7B/3n4/3k4/8 w - - 0 1
0,1,0,0,0,0,0,1,-1,1,0,1,1,1,0,0,0,0,0,16,0,0,4,1,3,5,0,2,4,25,23,0,0,0,0,0,0,0,0,7,1,1,0,0,0,0,0,0,0,1,KRBKRNvK,WIN,1R6/8/5r2/7B/1K1n4/8/8/5k2 b - - 0 1
1,1,0,0,0,0,0,1,-1,1,0,1,1,1,0,0,0,0,0,16,0,0,7,0,5,7,3,4,3,23,24,0,0,0,0,0,0,0,0,7,1,1,1,0,0,0,2,2,0,0,KRBKRNvK,DRAW,8/1R6/K7/3r4/6nk/8/8/B7 w - - 0 1
1,1,0,0,0,0,0,1,-1,1,0,1,1,1,0,0,0,0,0,16,0,0,3,4,3,2,0,0,4,25,20,0,0,0,0,0,0,0,0,7,1,1,0,0,0,0,3,2,0,0,KRBKRNvK,DRAW,5B2/3r4/8/n7/4K3/8/5R2/2k5 w - - 0 1
1,1,0,0,0,0,0,1,-1,1,0,1,1,1,0,0,0,0,0,16,0,0,2,7,4,6,2,3,3,24,16,0,0,0,0,0,0,0,0,7,1,1,0,0,0,0,2,2,1,1,KRBKRNvK,DRAW,8/8/5R2/7K/6r1/6k1/n5B1/8 w - - 0 1
0,1,0,0,0,0,0,1,-1,1,0,1,1,1,0,0,0,0,0,16,0,0,3,7,4,4,5,3,1,27,27,0,0,0,0,0,0,0,0,7,1,1,0,0,0,0,1,3,0,0,KRBKRNvK,DRAW,1r6/8/4k3/7K/8/3B4/2n3R1/8 b - - 0 1
1,1,0,0,0,0,0,1,-1,1,0,1,1,1,0,0,0,0,0,16,0,0,2,5,5,6,7,2,5,24,23,0,0,0,0,0,0,0,0,7,1,1,0,0,0,0,2,4,0,1,KRBKRNvK,WIN,6k1/8/5K2/4r3/8/3B1n2/2R5/8 w - - 0 1
0,1,0,0,0,0,0,1,-1,1,0,1,1,1,0,0,0,0,0,16,0,0,7,7,6,0,1,5,5,22,25,0,0,0,0,0,0,0,0,7,1,1,0,0,0,0,2,2,0,0,KRBKRNvK,DRAW,3R4/7K/8/8/r7/8/k2n4/3B4 b - - 0 1
1,1,0,0,0,0,0,1,-1,1,0,1,1,1,0,0,0,0,0,16,0,0,2,4,6,2,5,2,2,25,26,0,0,0,0,0,0,0,0,7,1,1,0,0,0,0,3,3,1,0,KRBKRNvK,DRAW,8/B3K3/2k5/8/7r/2n5/8/4R3 w - - 0 1
1,1,0,0,0,0,0,1,-1,1,0,1,1,1,0,0,0,0,0,16,0,0,5,5,0,3,5,4,1,21,22,0,0,0,0,0,0,0,0,7,1,1,0,0,0,0,0,2,0,0,KRBKRNvK,DRAW,8/6n1/3k4/6r1/8/5R1B/8/5K2 w - - 0 1
0,1,0,0,0,0,0,1,-1,1,0,1,1,1,0,0,0,0,0,16,0,0,4,5,6,7,2,3,4,4,0,1,0,0,0,0,0,0,0,7,1,1,0,0,0,0,0,0,1,0,KRBKRNvK,DRAW,n7/5K2/5R2/8/8/r6k/8/5B2 b - - 0 1
0,1,0,0,0,0,0,1,-1,1,0,1,1,1,0,0,0,0,0,16,0,0,3,5,5,4,2,2,1,22,24,0,0,0,0,0,0,0,0,7,1,1,0,0,0,0,3,2,0,1,KRBKRNvK,DRAW,4B3/8/3RnK2/8/8/4k2r/8/8 b - - 0 1
0,1,0,0,0,0,0,1,-1,1,0,1,1,1,0,0,0,0,0,16,0,0,3,4,2,1,5,1,3,5,0,1,0,0,0,0,0,0,0,7,1,1,0,1,0,0,2,2,1,2,KRBKRNvK,LOSS,8/8/1k6/3B4/8/1R2K3/3rn3/8 b - - 0 1
1,1,0,0,0,0,0,1,-1,1,0,1,1,1,0,0,0,0,0,16,0,0,2,3,4,5,4,0,1,16,21,0,0,0,0,0,0,0,0,7,1,1,0,0,0,0,4,2,0,1,KRBKRNvK,DRAW,7n/8/1r6/3K1k2/8/8/B7/3R4 w - - 0 1
0,1,0,0,0,0,0,1,-1,1,0,1,1,1,0,0,0,0,0,16,0,0,7,6,0,5,7,5,4,20,21,0,0,0,0,0,0,0,0,7,1,1,1,1,0,0,2,0,0,0,KRBKRNvK,DRAW,5k2/2R3n1/8/8/8/2B5/1r6/6K1 b - - 0 1
0,1,0,0,0,0,0,1,-1,1,0,1,1,1,0,0,0,0,0,16,0,0,2,3,1,3,3,2,0,26,16,0,0,0,0,0,0,0,0,7,1,1,1,0,0,0,0,4,0,1,KRBKRNvK,DRAW,B7/1R6/4n3/8/3k4/8/3K4/2r5 b - - 0 1
1,1,0,0,0,0,0,1,-1,1,0,1,1,1,0,0,0,0,0,16,0,0,5,3,5,5,0,1,4,28,23,0,0,0,0,0,0,0,0,7,1,1,0,0,0,0,3,2,1,1,KRBKRNvK,DRAW,5r2/8/3K4/8/8/2n5/R7/5k1B w - - 0 1
0,1,0,0,0,0,0,1,-1,1,0,1,1,1,0,0,0,0,0,16,0,0,2,4,5,2,3,1,1,21,21,0,0,0,0,0,0,0,0,7,1,1,0,0,0,0,3,3,1,2,KRBKRNvK,DRAW,8/8/3nK3/8/2kr4/8/R4B2/8 b - - 0 1
0,1,0,0,0,0,0,1,-1,1,0,1,1,1,0,0,0,0,0,16,0,0,3,6,4,3,6,2,2,18,23,0,0,0,0,0,0,0,0,7,1,1,0,0,0,0,2,0,1,1,KRBKRNvK,DRAW,3r4/3k4/8/1R4K1/7n/8/8/5B2 b - - 0 1
0,1,0,0,0,0,0,1,-1,1,0,1,1,1,0,0,0,0,0,16,0,0,3,1,0,2,3,5,1,16,23,0,0,0,0,0,0,0,0,7,1,1,0,0,0,0,1,2,1,0,KRBKRNvK,DRAW,8/B7/8/8/2k5/8/1R6/1K2n1r1 b - - 0 1
1,1,0,0,0,0,0,1,-1,1,0,1,1,1,0,0,0,0,0,16,0,0,5,2,3,7,7,1,6,24,21,0,0,0,0,0,0,0,0,7,1,1,0,0,0,0,2,2,0,0,KRBKRNvK,DRAW,7k/3n4/B7/8/2K5/8/6R1/4r3 w - - 0 1
0,1,0,0,0,0,0,1,-1,1,0,1,1,1,0,0,0,0,0,16,0,0,4,5,0,1,2,4,3,20,23,0,0,0,0,0,0,0,0,7,1,1,0,0,0,0,1,0,2,0,KRBKRNvK,DRAW,2r5/n7/8/8/8/1k1B4/3R4/5K2 b - - 0 1
0,1,0,0,0,0,0,1,-1,1,0,1,1,1,0,0,0,0,0,16,0,0,3,4,0,7,3,3,3,4,0,1,0,0,0,0,0,0,0,7,1,1,0,1,0,0,2,0,0,1,KRBKRNvK,DRAW,8/8/4B3/8/3R3k/8/2r4n/4K3 b - - 0 1
1,1,0,0,0,0,0,1,-1,1,0,1,1,1,0,0,0,0,0,16,0,0,3,2,1,1,4,3,2,7,0,1,0,0,0,0,0,0,0,7,1,1,0,0,0,0,1,0,0,1,KRBKRNvK,DRAW,6B1/r7/8/1k6/8/8/2K2R2/n7 w - - 0 1
1,1,0,0,0,0,0,1,-1,1,0,1,1,1,0,0,0,0,0,16,0,0,2,3,4,5,4,0,1,24,13,0,0,0,0,0,0,0,0,7,1,1,0,0,0,0,3,2,1,1,KRBKRNvK,DRAW,8/B7/5r2/3K1k1n/8/6R1/8/8 w - - 0 1
0,1,0,0,0,0,0,1,-1,1,0,1,1,1,0,0,0,0,0,16,0,0,5,2,5,7,4,2,3,17,26,0,0,0,0,0,0,0,0,7,1,1,0,0,0,0,2,0,0,0,KRBKRNvK,DRAW,8/7r/2K5/7k/8/R6n/8/1B6 b - - 0 1
0,1,0,0,0,0,0,1,-1,1,0,1,1,1,0,0,0,0,0,16,0,0,6,6,1,4,7,4,3,23,28,0,0,0,0,0,0,0,0,7,1,1,0,0,0,0,2,1,0,1,KRBKRNvK,WIN,4k3/2r5/8/8/8/3R4/4nBK1/8 b - - 0 1
1,1,0,0,0,0,0,1,-1,1,0,1,1,1,0,0,0,0,0,16,0,0,5,6,0,6,5,5,3,4,0,1,0,0,0,0,0,0,0,7,1,1,0,0,0,0,3,0,2,0,KRBKRNvK,DRAW,8/6B1/6k1/8/5R2/n7/8/1r4K1 w - - 0 1
1,1,0,0,0,0,0,1,-1,1,0,1,1,1,0,0,0,0,0,16,0,0,4,4,4,1,0,0,5,26,18,0,0,0,0,0,0,0,0,7,1,1,0,0,0,0,3,0,1,2,KRBKRNvK,DRAW,2B5/6n1/8/4K3/8/6r1/2R5/1k6 w - - 0 1
1,1,0,0,0,0,0,1,-1,1,0,1,1,1,0,0,0,0,0,16,0,0,7,7,7,5,0,6,4,3,0,1,0,0,0,0,0,0,0,7,1,1,0,0,0,0,3,1,0,0,KRBKRNvK,DRAW,r6K/8/1n4B1/6R1/8/8/8/5k2 w - - 0 1
0,1,0,0,0,0,0,1,-1,1,0,1,1,1,0,0,0,0,0,16,0,0,5,4,6,1,1,2,4,23,25,0,0,0,0,0,0,0,0,7,1,1,0,0,0,0,2,0,0,2,KRBKRNvK,DRAW,2r5/4K1n1/R7/8/8/8/1k6/7B b - - 0 1
1,1,0,0,0,0,0,1,-1,1,0,1,1,1,0,0,0,0,0,16,0,0,4,7,6,3,7,5,3,5,0,1,0,0,0,0,0,0,0,7,1,1,0,0,0,0,2,1,0,0,KRBKRNvK,DRAW,3k4/7K/8/2n5/8/4R3/8/4B2r w - - 0 1
0,1,0,0,0,0,0,1,-1,1,0,1,1,1,0,0,0,0,0,16,0,0,4,6,3,2,2,2,2,5,0,1,0,0,0,0,0,0,0,7,1,1,0,0,0,0,2,2,1,0,KRBKRNvK,DRAW,8/8/8/Bn4R1/6K1/2kr4/8/8 b - - 0 1
0,1,0,0,0,0,0,1,-1,1,0,1,1,1,0,0,0,0,0,16,0,0,2,3,4,4,2,0,1,5,0,1,0,0,0,0,0,0,0,7,1,1,0,0,0,0,4,2,1,2,KRBKRNvK,DRAW,8/1r6/4B3/3K1n2/8/4k3/8/4R3 b - - 0 1
0,1,0,0,0,0,0,1,-1,1,0,1,1,1,0,0,0,0,0,16,0,0,3,3,3,6,5,0,3,26,20,0,0,0,0,0,0,0,0,7,1,1,0,0,0,0,4,0,0,0,KRBKRNvK,DRAW,7r/8/6k1/8/R2K4/8/1B6/2n5 b - - 0 1
0,1,0,0,0,0,0,1,-1,1,0,1,1,1,0,0,0,0,0,16,0,0,4,7,1,3,5,5,1,28,16,0,0,0,0,0,0,0,0,7,1,1,0,0,0,0,0,3,0,0,KRBKRNvK,DRAW,8/8/2nk4/8/7B/7R/7K/1r6 b - - 0 1
0,1,0,0,0,0,0,1,-1,1,0,1,1,1,0,0,0,0,0,16,0,0,4,5,5,1,6,2,4,20,26,0,0,0,0,0,0,0,0,7,1,1,0,0,0,0,1,2,0,0,KRBKRNvK,DRAW,8/1k6/5K1B/8/8/8/R7/4rn2 b - - 0 1
0,1,0,0,0,0,0,1,-1,1,0,1,1,1,0,0,0,0,0,16,0,0,4,3,0,5,4,3,1,15,27,0,0,0,0,0,0,0,0,7,1,1,0,0,0,0,2,2,1,0,KRBKRNvK,DRAW,8/5rn1/8/5k2/3R4/8/6B1/3K4 b - - 0 1
1,1,0,0,0,0,0,1,-1,1,0,1,1,1,0,0,0,0,0,16,0,0,6,7,0,1,0,6,5,26,19,0,0,0,0,0,0,0,0,7,1,1,0,0,0,0,1,2,0,0,KRBKRNvK,DRAW,2R5/8/1B6/3r4/8/8/n7/1k5K w - - 0 1
1,1,0,0,0,0,0,1,-1,1,0,1,1,1,0,0,0,0,0,16,0,0,2,5,2,7,3,2,3,26,19,0,0,0,0,0,0,0,0,7,1,1,0,0,0,0,3,0,1,1,KRBKRNvK,DRAW,8/8/2r4B/R7/7k/5K2/8/5n2 w - - 0 1
0,1,0,0,0,0,0,1,-1,1,0,1,1,1,0,0,0,0,0,16,0,0,2,1,4,2,2,2,2,4,0,1,0,0,0,0,0,0,0,7,1,1,0,0,0,0,0,3,0,1,KRBKRNvK,LOSS,2B5/8/5n2/1K6/r7/2k4R/8/8 b - - 0 1
1,1,0,0,0,0,0,1,-1,1,0,1,1,1,0,0,0,0,0,16,0,0,4,1,1,4,5,4,1,24,23,0,0,0,0,0,0,0,0,7,1,1,0,0,0,0,0,3,0,0,KRBKRNvK,DRAW,8/4n3/4k3/4r3/8/8/1K6/R3B3 w - - 0 1
1,1,0,0,0,0,0,1,-1,1,0,1,1,1,0,0,0,0,0,16,0,0,7,5,0,5,7,4,4,26,23,0,0,0,0,0,0,0,0,7,1,1,0,0,0,0,0,0,0,0,KRBKRNvK,DRAW,3n1k2/7r/8/8/8/2R5/8/3B1K2 w - - 0 1
1,1,0,0,0,0,0,1,-1,1,0,1,1,1,0,0,0,0,0,16,0,0,3,4,5,1,5,1,3,6,0,1,0,0,0,0,0,0,0,7,1,1,1,0,0,0,3,1,2,1,KRBKRNvK,DRAW,7r/3R4/1k2K3/6n1/1B6/8/8/8 w - - 0 1
1,1,0,0,0,0,0,1,-1,1,0,1,1,1,0,0,0,0,0,16,0,0,6,1,7,2,1,5,3,4,0,1,0,0,0,0,0,0,0,7,1,1,1,0,0,0,2,2,1,0,KRBKRNvK,DRAW,1K2r3/3R1n2/8/8/1B6/8/2k5/8 w - - 0 1
0,1,0,0,0,0,0,1,-1,1,0,1,1,1,0,0,0,0,0,16,0,0,7,0,3,7,6,3,5,22,29,0,0,0,0,0,0,0,0,7,1,1,0,0,0,0,2,1,0,0,KRBKRNvK,DRAW,8/7k/7r/1R6/K2B4/4n3/8/8 b - - 0 1
0,1,0,0,0,0,0,1,-1,1,0,1,1,1,0,0,0,0,0,16,0,0,3,6,7,7,4,5,3,21,24,0,0,0,0,0,0,0,0,7,1,1,0,0,0,0,3,2,0,0,KRBKRNvK,DRAW,4R1K1/8/8/5r1k/8/8/6Bn/8 b - - 0 1
1,1,0,0,0,0,0,1,-1,1,0,1,1,1,0,0,0,0,0,16,0,0,4,6,1,3,5,4,1,31,16,0,0,0,0,0,0,0,0,7,1,1,0,0,0,0,1,2,0,0,KRBKRNvK,DRAW,7n/8/r2k4/8/8/4B3/2R3K1/8 w - - 0 1
1,1,0,0,0,0,0,1,-1,1,0,1,1,1,0,0,0,0,0,16,0,0,4,1,1,5,0,4,4,7,0,1,0,0,0,0,0,0,0,7,1,1,0,0,0,0,4,1,1,0,KRBKRNvK,DRAW,8/1rn5/8/3R4/8/8/1K6/5k1B w - - 0 1
0,1,0,0,0,0,0,1,-1,1,0,1,1,1,0,0,0,0,0,16,0,0,4,4,1,0,1,2,5,23,30,0,0,0,0,0,0,0,0,7,1,1,0,0,0,0,3,0,0,0,KRBKRNvK,DRAW,3R4/6r1/7n/8/8/5B2/k3K3/8 b - - 0 1
0,1,0,0,0,0,0,1,-1,1,0,1,1,1,0,0,0,0,0,16,0,0,5,5,6,3,1,3,2,6,0,1,0,0,0,0,0,0,0,7,1,1,0,0,0,0,0,0,0,0,KRBKRNvK,DRAW,8/5K2/1R6/6B1/8/8/3k3n/1r6 b - - 0 1
1,1,0,0,0,0,0,1,-1,1,0,1,1,1,0,0,0,0,0,16,0,0,3,6,5,3,7,3,3,18,21,0,0,0,0,0,0,0,0,7,1,1,0,0,0,0,2,2,0,0,KRBKRNvK,DRAW,3k4/3r3B/n5K1/8/7R/8/8/8 w - - 0 1
0,1,0,0,0,0,0,1,-1,1,0,1,1,1,0,0,0,0,0,16,0,0,7,7,0,0,7,6,6,19,23,0,0,0,0,0,0,0,0,7,1,1,0,0,0,0,1,0,0,0,KRBKRNvK,DRAW,k7/8/2r5/8/8/6B1/7R/2n4K b - - 0 1
0,1,0,0,0,0,0,1,-1,1,0,1,1,1,0,0,0,0,0,16,0,0,5,2,5,7,4,2,3,21,30,0,0,0,0,0,0,0,0,7,1,1,0,0,0,0,1,0,0,0,KRBKRNvK,WIN,5r2/8/2K1B3/7k/8/8/n1R5/8 b - - 0 1
1,1,0,0,0,0,0,1,-1,1,0,1,1,1,0,0,0,0,0,16,0,0,2,7,2,5,2,4,2,25,24,0,0,0,0,0,0,0,0,7,1,1,0,0,0,0,0,2,0,0,KRBKRNvK,DRAW,6r1/4B3/1R6/8/8/5k1K/4n3/8 w - - 0 1
1,1,0,0,0,0,0,1,-1,1,0,1,1,1,0,0,0,0,0,16,0,0,5,5,6,0,6,3,5,7,0,1,0,0,0,0,0,0,0,7,1,1,0,0,0,0,2,1,1,1,KRBKRNvK,DRAW,4B3/k4K2/3n4/1R6/8/7r/8/8 w - - 0 1
1,1,0,0,0,0,0,1,-1,1,0,1,1,1,0,0,0,0,0,16,0,0,2,5,0,7,2,4,4,24,21,0,0,0,0,0,0,0,0,7,1,1,0,0,0,0,0,2,0,0,KRBKRNvK,DRAW,8/8/8/2r4n/8/7k/3B4/R4K2 w - - 0 1
0,1,0,0,0,0,0,1,-1,1,0,1,1,1,0,0,0,0,0,16,0,0,3,3,5,3,2,1,1,23,16,0,0,0,0,0,0,0,0,7,1,1,0,1,0,0,2,3,1,0,KRBKRNvK,DRAW,8/8/1R1K4/8/1B5n/3k4/4r3/8 b - - 0 1
0,1,0,0,0,0,0,1,-1,1,0,1,1,1,0,0,0,0,0,16,0,0,5,0,5,5,7,4,4,22,28,0,0,0,0,0,0,0,0,7,1,1,0,0,0,0,1,3,0,0,KRBKRNvK,DRAW,5k2/2B1n3/K7/8/8/4r3/1R6/8 b - - 0 1
1,1,0,0,0,0,0,1,-1,1,0,1,1,1,0,0,0,0,0,16,0,0,4,7,6,5,2,5,2,26,22,0,0,0,0,0,0,0,0,7,1,1,0,0,0,0,3,3,0,0,KRBKRNvK,DRAW,4R3/7K/1n6/1r6/8/5k2/B7/8 w - - 0 1
0,1,0,0,0,0,0,1,-1,1,0,1,1,1,0,0,0,0,0,16,0,0,4,1,3,5,3,2,1,25,20,0,0,0,0,0,0,0,0,7,1,1,1,0,0,0,2,3,0,0,KRBKRNvK,DRAW,8/4R3/8/7r/1K3k2/B7/5n2/8 b - - 0 1
0,1,0,0,0,0,0,1,-1,1,0,1,1,1,0,0,0,0,0,16,0,0,4,0,2,0,6,4,5,24,16,0,0,0,0,0,0,0,0,7,1,1,0,0,0,0,1,2,0,0,KRBKRNvK,DRAW,8/k7/4n1BR/8/4r3/K7/8/8 b - - 0 1
1,1,0,0,0,0,0,1,-1,1,0,1,1,1,0,0,0,0,0,16,0,0,5,5,7,4,2,4,1,4,0,1,0,0,0,0,0,0,0,7,1,1,0,0,0,0,0,2,1,0,KRBKRNvK,DRAW,r4K2/8/8/B7/n7/4k3/8/6R1 w - - 0 1
0,1,0,0,0,0,0,1,-1,1,0,1,1,1,0,0,0,0,0,16,0,0,3,3,5,6,2,1,3,22,22,0,0,0,0,0,0,0,0,7,1,1,0,0,0,0,3,0,2,0,KRBKRNvK,DRAW,8/r7/3K4/8/8/6k1/8/2n2RB1 b - - 0 1
1,1,0,0,0,0,0,1,-1,1,0,1,1,1,0,0,0,0,0,16,0,0,5,0,1,5,5,5,2,26,18,0,0,0,0,0,0,0,0,7,1,1,0,0,0,0,2,2,1,0,KRBKRNvK,DRAW,8/8/n3rk2/3R4/B7/8/K7/8 w - - 0 1
0,1,0,0,0,0,0,1,-1,1,0,1,1,1,0,0,0,0,0,16,0,0,4,1,4,5,5,2,2,21,28,0,0,0,0,0,0,0,0,7,1,1,1,0,0,0,0,2,1,0,KRBKRNvK,DRAW,8/R7/5k2/1K5B/8/8/2n5/5r2 b - - 0 1
1,1,0,0,0,0,0,1,-1,1,0,1,1,1,0,0,0,0,0,16,0,0,7,7,6,0,0,5,6,26,21,0,0,0,0,0,0,0,0,7,1,1,0,0,0,0,2,2,0,0,KRBKRNvK,DRAW,3R4/7K/8/8/1r6/8/6n1/k5B1 w - - 0 1
0,1,0,0,0,0,0,1,-1,1,0,1,1,1,0,0,0,0,0,16,0,0,3,4,5,7,6,1,5,18,28,0,0,0,0,0,0,0,0,7,1,1,0,0,0,0,3,2,0,0,KRBKRNvK,DRAW,BR6/7k/4K3/8/7r/8/8/1n6 b - - 0 1
0,1,0,0,0,0,0,1,-1,1,0,1,1,1,0,0,0,0,0,16,0,0,3,4,2,1,5,1,3,3,0,1,0,0,0,0,0,0,0,7,1,1,1,0,0,0,3,0,1,0,KRBKRNvK,DRAW,8/5R2/1k6/n7/3B4/4K3/8/1r6 b - - 0 1
0,1,0,0,0,0,0,1,-1,1,0,1,1,1,0,0,0,0,0,16,0,0,3,0,0,3,0,6,3,21,18,0,0,0,0,0,0,0,0,7,1,1,0,0,0,0,2,2,0,0,KRBKRNvK,DRAW,7B/3r4/8/8/8/8/R3n3/K2k4 b - - 0 1
0,1,0,0,0,0,0,1,-1,1,0,1,1,1,0,0,0,0,0,16,0,0,4,7,3,3,1,3,2,18,18,0,0,0,0,0,0,0,0,7,1,1,0,1,0,0,0,0,0,1,KRBKRNvK,DRAW,8/8/8/8/7K/6Rn/r2k3B/8 b - - 0 1
0,1,0,0,0,0,0,1,-1,1,0,1,1,1,0,0,0,0,0,16,0,0,2,6,7,4,5,5,1,24,23,0,0,0,0,0,0,0,0,7,1,1,0,0,0,0,1,2,1,0,KRBKRNvK,DRAW,6K1/8/r3k1B1/8/2n5/8/8/2R5 b - - 0 1
0,1,0,0,0,0,0,1,-1,1,0,1,1,1,0,0,0,0,0,16,0,0,3,1,2,0,5,3,4,26,21,0,0,0,0,0,0,0,0,7,1,1,0,0,0,0,0,2,0,2,KRBKRNvK,DRAW,5B2/8/k7/2r5/8/1K1n4/8/5R2 b - - 0 1
1,1,0,0,0,0,0,1,-1,1,0,1,1,1,0,0,0,0,0,16,0,0,4,0,7,4,6,6,2,2,0,1,0,0,0,0,0,0,0,7,1,1,0,0,0,0,0,0,1,1,KRBKRNvK,DRAW,K3B2R/4k3/r7/8/8/8/8/2n5 w - - 0 1
0,1,0,0,0,0,0,1,-1,1,0,1,1,1,0,0,0,0,0,16,0,0,4,6,6,3,2,4,1,22,26,0,0,0,0,0,0,0,0,7,1,1,0,0,0,0,2,4,2,0,KRBKRNvK,DRAW,8/6K1/8/1r6/5R2/3k4/2n5/2B5 b - - 0 1
0,1,0,0,0,0,0,1,-1,1,0,1,1,1,0,0,0,0,0,16,0,0,4,3,1,7,4,2,3,21,25,0,0,0,0,0,0,0,0,7,1,1,0,0,0,0,2,2,0,0,KRBKRNvK,DRAW,8/8/1n6/4r2k/3R4/8/2BK4/8 b - - 0 1
0,1,0,0,0,0,0,1,-1,1,0,1,1,1,0,0,0,0,0,16,0,0,3,4,6,1,6,2,4,5,0,1,0,0,0,0,0,0,0,7,1,1,0,0,0,0,2,2,0,0,KRBKRNvK,DRAW,5R2/1k2K3/8/7r/8/8/6B1/1n6 b - - 0 1
1,1,0,0,0,0,0,1,-1,1,0,1,1,1,0,0,0,0,0,16,0,0,5,7,1,5,6,5,3,5,0,1,0,0,0,0,0,0,0,7,1,1,0,1,0,0,3,0,0,0,KRBKRNvK,DRAW,8/5k2/1B6/3n4/3R4/8/2r4K/8 w - - 0 1
1,1,0,0,0,0,0,1,-1,1,0,1,1,1,0,0,0,0,0,16,0,0,4,4,1,2,5,2,2,21,24,0,0,0,0,0,0,0,0,7,1,1,0,0,0,0,2,4,1,1,KRBKRNvK,DRAW,4R3/3n4/2k5/8/2r5/8/4K3/5B2 w - - 0 1
0,1,0,0,0,0,0,1,-1,1,0,1,1,1,0,0,0,0,0,16,0,0,3,5,1,6,4,3,2,22,29,0,0,0,0,0,0,0,0,7,1,1,0,0,0,0,3,2,1,0,KRBKRNvK,DRAW,4r3/8/8/n5k1/1R6/5B2/5K2/8 b - - 0 1
0,1,0,0,0,0,0,1,-1,1,0,1,1,1,0,0,0,0,0,16,0,0,7,3,7,3,0,3,3,24,25,0,0,0,0,0,0,0,0,7,1,1,0,0,0,0,2,1,1,1,KRBKRNvK,DRAW,3K4/3n4/r7/8/1R6/8/8/1B1k4 b - - 0 1
0,1,0,0,0,0,0,1,-1,1,0,1,1,1,0,0,0,0,0,16,0,0,3,4,6,7,4,2,3,4,0,1,0,0,0,0,0,0,0,7,1,1,0,1,0,0,3,0,1,0,KRBKRNvK,DRAW,8/4K3/8/5R1k/8/8/r7/4n1B1 b - - 0 1
1,1,0,0,0,0,0,1,-1,1,0,1,1,1,0,0,0,0,0,16,0,0,3,5,3,2,6,1,3,28,21,0,0,0,0,0,0,0,0,7,1,1,0,0,0,0,3,0,1,0,KRBKRNvK,DRAW,7r/2k5/n7/4R3/5K2/7B/8/8 w - - 0 1
0,1,0,0,0,0,0,1,-1,1,0,1,1,1,0,0,0,0,0,16,0,0,5,5,3,0,6,1,5,4,0,1,0,0,0,0,0,0,0,7,1,1,0,0,0,0,3,0,0,0,KRBKRNvK,DRAW,8/k6r/8/8/5K2/4BR2/n7/8 b - - 0 1
1,1,0,0,0,0,0,1,-1,1,0,1,1,1,0,0,0,0,0,16,0,0,4,6,2,6,6,3,4,19,27,0,0,0,0,0,0,0,0,7,1,1,0,0,0,0,0,1,1,0,KRBKRNvK,DRAW,7r/6k1/8/6B1/8/3n2K1/6R1/8 w - - 0 1
0,1,0,0,0,0,0,1,-1,1,0,1,1,1,0,0,0,0,0,16,0,0,5,1,7,6,5,5,3,6,0,1,0,0,0,0,0,0,0,7,1,1,0,0,0,0,2,0,0,0,KRBKRNvK,DRAW,1K6/8/2B3kn/8/8/6R1/8/2r5 b - - 0 1
0,1,0,0,0,0,0,1,-1,1,0,1,1,1,0,0,0,0,0,16,0,0,2,5,3,7,5,1,4,24,23,0,0,0,0,0,0,0,0,7,1,1,0,0,0,0,4,1,0,0,KRBKRNvK,DRAW,8/8/2B4k/1n6/4RK2/8/8/r7 b - - 0 1
0,1,0,0,0,0,0,1,-1,1,0,1,1,1,0,0,0,0,0,16,0,0,2,1,3,0,1,2,5,2,0,1,0,0,0,0,0,0,0,7,1,1,0,0,0,0,1,2,1,1,KRBKRNvK,LOSS,3n2B1/8/8/r7/RK6/8/k7/8 b - - 0 1
0,1,0,0,0,0,0,1,-1,1,0,1,1,1,0,0,0,0,0,16,0,0,2,0,7,2,7,6,4,2,0,1,0,0,0,0,0,0,0,7,1,1,0,1,0,0,3,0,0,0,KRBKRNvK,DRAW,K1k5/8/8/7n/2R5/8/6Br/8 b - - 0 1
1,1,0,0,0,0,0,1,-1,1,0,1,1,1,0,0,0,0,0,16,0,0,3,3,2,1,5,1,3,7,0,1,0,0,0,0,0,0,0,7,1,1,0,0,0,0,3,2,0,0,KRBKRNvK,DRAW,8/8/nk1r4/8/8/3K4/6R1/B7 w - - 0 1
1,1,0,0,0,0,0,1,-1,1,0,1,1,1,0,0,0,0,0,16,0,0,4,2,0,4,4,4,0,23,19,0,0,0,0,0,0,0,0,7,1,1,0,1,0,0,2,4,1,1,KRBKRNvK,DRAW,2n5/B7/8/4k3/6R1/8/4r3/2K5 w - - 0 1
0,1,0,0,0,0,0,1,-1,1,0,1,1,1,0,0,0,0,0,16,0,0,4,5,0,1,1,4,4,4,0,1,0,0,0,0,0,0,0,7,1,1,0,0,0,0,2,3,1,0,KRBKRNvK,LOSS,8/8/1n2r3/8/3B4/4R3/1k6/5K2 b - - 0 1
0,1,0,0,0,0,0,1,-1,1,0,1,1,1,0,0,0,0,0,16,0,0,2,7,5,5,5,4,2,18,23,0,0,0,0,0,0,0,0,7,1,1,1,1,0,0,1,2,0,0,KRBKRNvK,WIN,8/2R5/5k1K/8/8/8/4r3/1B4n1 b - - 0 1
0,1,0,0,0,0,0,1,-1,1,0,1,1,1,0,0,0,0,0,16,0,0,2,6,2,7,0,3,6,0,0,1,0,0,0,0,0,0,0,7,1,1,0,0,0,0,1,2,0,0,KRBKRNvK,LOSS,8/1r6/1Bn5/8/8/6K1/8/1R5k b - - 0 1
0,1,0,0,0,0,0,1,-1,1,0,1,1,1,0,0,0,0,0,16,0,0,6,4,1,5,7,2,4,16,26,0,0,0,0,0,0,0,0,7,1,1,1,0,0,0,1,2,0,0,KRBKRNvK,DRAW,3r1k2/1R6/7n/8/8/8/B3K3/8 b - - 0 1
0,1,0,0,0,0,0,1,-1,1,0,1,1,1,0,0,0,0,0,16,0,0,4,5,4,1,2,1,3,7,0,1,0,0,0,0,0,0,0,7,1,1,1,0,0,0,2,1,0,0,KRBKRNvK,LOSS,8/1Rn5/7B/5K2/8/1k6/8/2r5 b - - 0 1
0,1,0,0,0,0,0,1,-1,1,0,1,1,1,0,0,0,0,0,16,0,0,6,7,3,1,2,3,3,6,0,1,0,0,0,0,0,0,0,7,1,1,0,0,0,0,0,2,0,1,KRBKRNvK,DRAW,8/8/r4n2/8/7K/1k4RB/8/8 b - - 0 1
0,1,0,0,0,0,0,1,-1,1,0,1,1,1,0,0,0,0,0,16,0,0,4,5,0,1,2,4,3,6,0,1,0,0,0,0,0,0,0,7,1,1,0,0,0,0,2,1,1,0,KRBKRNvK,DRAW,8/7r/3n4/8/8/1k3B2/8/1R3K2 b - - 0 1
1,1,0,0,0,0,0,1,-1,1,0,1,1,1,0,0,0,0,0,16,0,0,2,5,0,3,0,4,3,20,20,0,0,0,0,0,0,0,0,7,1,1,0,0,0,0,1,2,0,0,KRBKRNvK,DRAW,5n2/8/6B1/8/r7/8/8/3k1K1R w - - 0 1
0,1,0,0,0,0,0,1,-1,1,0,1,1,1,0,0,0,0,0,16,0,0,2,6,6,5,4,4,1,21,21,0,0,0,0,0,0,0,0,7,1,1,1,0,0,0,3,2,1,1,KRBKRNvK,DRAW,7r/4R1K1/8/5k2/8/8/1n6/6B1 b - - 0 1
1,1,0,0,0,0,0,1,-1,1,0,1,1,1,0,0,0,0,0,16,0,0,4,0,0,0,4,6,3,26,25,0,0,0,0,0,0,0,0,7,1,1,0,0,0,0,0,1,1,0,KRBKRNvK,DRAW,8/8/7r/kB6/8/4n3/2R5/K7 w - - 0 1
1,1,0,0,0,0,0,1,-1,1,0,1,1,1,0,0,0,0,0,16,0,0,3,4,3,3,6,0,2,19,24,0,0,0,0,0,0,0,0,7,1,1,0,0,0,0,4,0,0,1,KRBKRNvK,DRAW,4n3/3k4/5r2/8/4K1R1/8/2B5/8 w - - 0 1
0,1,0,0,0,0,0,1,-1,1,0,1,1,1,0,0,0,0,0,16,0,0,6,6,4,0,1,2,5,20,29,0,0,0,0,0,0,0,0,7,1,1,0,0,0,0,1,2,0,0,KRBKRNvK,DRAW,8/8/1R6/6K1/5B2/8/kn6/3r4 b - - 0 1
1,1,0,0,0,0,0,1,-1,1,0,1,1,1,0,0,0,0,0,16,0,0,6,5,1,7,7,3,6,7,0,1,0,0,0,0,0,0,0,7,1,1,0,1,0,0,1,0,0,0,KRBKRNvK,DRAW,7k/8/8/8/8/n2B4/r4K2/5R2 w - - 0 1
0,1,0,0,0,0,0,1,-1,1,0,1,1,1,0,0,0,0,0,16,0,0,3,6,5,3,7,3,3,23,28,0,0,0,0,0,0,0,0,7,1,1,0,0,0,0,2,3,1,1,KRBKRNvK,DRAW,3k4/1B1n4/6K1/8/5r2/8/8/R7 b - - 0 1
0,1,0,0,0,0,0,1,-1,1,0,1,1,1,0,0,0,0,0,16,0,0,5,0,1,5,5,5,2,24,22,0,0,0,0,0,0,0,0,7,1,1,0,0,0,0,1,4,2,0,KRBKRNvK,DRAW,6R1/8/5kB1/4r3/8/5n2/K7/8 b - - 0 1
0,1,0,0,0,0,0,1,-1,1,0,1,1,1,0,0,0,0,0,16,0,0,6,0,1,6,7,5,5,18,24,0,0,0,0,0,0,0,0,7,1,1,0,0,0,0,2,0,0,1,KRBKRNvK,DRAW,1B4k1/8/r7/5R2/8/n7/K7/8 b - - 0 1
0,1,0,0,0,0,0,1,-1,1,0,1,1,1,0,0,0,0,0,16,0,0,5,7,0,2,0,6,4,18,23,0,0,0,0,0,0,0,0,7,1,1,0,0,0,0,1,2,2,0,KRBKRNvK,DRAW,8/n3r3/8/8/8/1R6/8/1Bk4K b - - 0 1
1,1,0,0,0,0,0,1,-1,1,0,1,1,1,0,0,0,0,0,16,0,0,5,6,5,1,4,3,2,4,0,1,0,0,0,0,0,0,0,7,1,1,0,0,0,0,3,0,0,1,KRBKRNvK,DRAW,7n/8/6K1/1k6/4R3/8/8/1B5r w - - 0 1
0,1,0,0,0,0,0,1,-1,1,0,1,1,1,0,0,0,0,0,16,0,0,3,4,5,7,7,1,6,3,0,1,0,0,0,0,0,0,0,7,1,1,0,0,0,0,3,2,0,1,KRBKRNvK,DRAW,BR5k/8/4K3/8/3r4/8/3n4/8 b - - 0 1
1,1,0,0,0,0,0,1,-1,1,0,1,1,1,0,0,0,0,0,16,0,0,3,2,5,0,2,2,4,26,15,0,0,0,0,0,0,0,0,7,1,1,0,0,0,0,2,0,0,0,KRBKRNvK,DRAW,8/8/1RK5/5B1r/8/k7/6n1/8 w - - 0 1
0,1,0,0,0,0,0,1,-1,1,0,1,1,1,0,0,0,0,0,16,0,0,6,1,6,7,4,4,3,16,27,0,0,0,0,0,0,0,0,7,1,1,1,0,0,0,2,2,2,0,KRBKRNvK,DRAW,8/1K4R1/5B2/7k/7r/6n1/8/8 b - - 0 1
0,1,0,0,0,0,0,1,-1,1,0,1,1,1,0,0,0,0,0,16,0,0,6,3,7,0,1,3,5,5,0,1,0,0,0,0,0,0,0,7,1,1,0,0,0,0,0,3,0,0,KRBKRNvK,DRAW,3K4/3B4/8/7r/8/6n1/k5R1/8 b - - 0 1
0,1,0,0,0,0,0,1,-1,1,0,1,1,1,0,0,0,0,0,16,0,0,5,5,0,1,5,4,3,7,0,1,0,0,0,0,0,0,0,7,1,1,0,0,0,0,1,0,0,0,KRBKRNvK,DRAW,2r3B1/n7/1k5R/8/8/8/8/5K2 b - - 0 1
0,1,0,0,0,0,0,1,-1,1,0,1,1,1,0,0,0,0,0,16,0,0,2,1,1,2,3,4,1,5,0,1,0,0,0,0,0,0,0,7,1,1,0,0,0,0,0,2,1,2,KRBKRNvK,LOSS,8/3B4/8/8/r1k5/8/1KR5/1n6 b - - 0 1
0,1,0,0,0,0,0,1,-1,1,0,1,1,1,0,0,0,0,0,16,0,0,2,2,5,4,6,2,2,19,24,0,0,0,0,0,0,0,0,7,1,1,0,0,0,0,3,2,1,0,KRBKRNvK,DRAW,2B3n1/4k3/2K5/8/2R5/4r3/8/8 b - - 0 1
0,1,0,0,0,0,0,1,-1,1,0,1,1,1,0,0,0,0,0,16,0,0,2,2,6,4,4,3,0,28,15,0,0,0,0,0,0,0,0,7,1,1,1,0,0,0,0,4,0,0,KRBKRNvK,DRAW,8/R1K5/8/4k3/2n5/5r2/B7/8 b - - 0 1
1,1,0,0,0,0,0,1,-1,1,0,1,1,1,0,0,0,0,0,16,0,0,4,4,5,0,3,1,3,28,20,0,0,0,0,0,0,0,0,7,1,1,0,0,0,0,3,0,0,1,KRBKRNvK,DRAW,2r5/7n/4K3/8/k7/6R1/8/7B w - - 0 1
0,1,0,0,0,0,0,1,-1,1,0,1,1,1,0,0,0,0,0,16,0,0,5,7,3,2,4,3,1,26,25,0,0,0,0,0,0,0,0,7,1,1,0,0,0,0,0,4,1,0,KRBKRNvK,DRAW,3B4/8/8/2k5/2n4K/1R6/8/4r3 b - - 0 1
1,1,0,0,0,0,0,1,-1,1,0,1,1,1,0,0,0,0,0,16,0,0,6,5,6,6,0,3,5,8,0,1,0,0,0,0,0,0,0,7,1,1,0,0,0,0,2,0,1,0,KRBKRNvK,DRAW,8/r4K2/8/5B2/n7/8/4R3/6k1 w - - 0 1
0,1,0,0,0,0,0,1,-1,1,0,1,1,1,0,0,0,0,0,16,0,0,5,0,4,5,5,3,2,25,24,0,0,0,0,0,0,0,0,7,1,1,0,0,0,0,3,1,0,1,KRBKRNvK,DRAW,8/8/5k2/K7/n7/8/3R3B/6r1 b - - 0 1
1,1,0,0,0,0,0,1,-1,1,0,1,1,1,0,0,0,0,0,16,0,0,3,5,4,7,7,1,6,25,20,0,0,0,0,0,0,0,0,7,1,1,0,1,0,0,3,2,0,0,KRBKRNvK,DRAW,7k/8/n7/2R2K2/8/1B6/4r3/8 w - - 0 1
1,1,0,0,0,0,0,1,-1,1,0,1,1,1,0,0,0,0,0,16,0,0,4,3,2,7,3,1,3,22,21,0,0,0,0,0,0,0,0,7,1,1,0,0,0,0,2,2,1,0,KRBKRNvK,DRAW,n7/4r3/5R2/8/7k/3K4/2B5/8 w - - 0 1
0,1,0,0,0,0,0,1,-1,1,0,1,1,1,0,0,0,0,0,16,0,0,2,4,4,5,2,0,2,22,20,0,0,0,0,0,0,0,0,7,1,1,0,0,0,0,4,1,2,0,KRBKRNvK,WIN,5n2/8/8/4K3/7R/5k2/7B/2r5 b - - 0 1
0,1,0,0,0,0,0,1,-1,1,0,1,1,1,0,0,0,0,0,16,0,0,5,0,7,3,2,6,1,26,23,0,0,0,0,0,0,0,0,7,1,1,0,0,0,0,0,3,0,1,KRBKRNvK,DRAW,K5R1/1n6/4r3/8/7B/3k4/8/8 b - - 0 1
0,1,0,0,0,0,0,1,-1,1,0,1,1,1,0,0,0,0,0,16,0,0,5,5,7,6,2,4,3,25,24,0,0,0,0,0,0,0,0,7,1,1,0,0,0,0,0,2,0,0,KRBKRNvK,DRAW,4BK2/8/1R6/8/7r/6k1/1n6/8 b - - 0 1
1,1,0,0,0,0,0,1,-1,1,0,1,1,1,0,0,0,0,0,16,0,0,2,2,5,4,7,2,3,6,0,1,0,0,0,0,0,0,0,7,1,1,0,0,0,0,2,1,0,0,KRBKRNvK,DRAW,4k3/8/2K3r1/8/8/8/4n3/3RB3 w - - 0 1
1,1,0,0,0,0,0,1,-1,1,0,1,1,1,0,0,0,0,0,16,0,0,2,5,2,7,2,2,4,30,13,0,0,0,0,0,0,0,0,7,1,1,0,0,0,0,2,0,0,1,KRBKRNvK,WIN,8/8/8/4R3/8/3B1K1k/n7/7r w - - 0 1
0,1,0,0,0,0,0,1,-1,1,0,1,1,1,0,0,0,0,0,16,0,0,4,3,2,7,5,1,4,6,0,1,0,0,0,0,0,0,0,7,1,1,0,0,0,0,2,2,0,1,KRBKRNvK,LOSS,4n3/8/2R4k/2B5/1r6/3K4/8/8 b - - 0 1
1,1,0,0,0,0,0,1,-1,1,0,1,1,1,0,0,0,0,0,16,0,0,4,3,1,0,5,2,4,24,25,0,0,0,0,0,0,0,0,7,1,1,0,0,0,0,1,1,1,0,KRBKRNvK,DRAW,1B6/7r/k7/2n5/8/8/3K1R2/8 w - - 0 1
1,1,0,0,0,0,0,1,-1,1,0,1,1,1,0,0,0,0,0,16,0,0,7,0,4,7,2,3,4,4,0,1,0,0,0,0,0,0,0,7,1,1,0,0,0,0,1,3,0,1,KRBKRNvK,DRAW,8/8/5R2/K1B1r3/2n5/7k/8/8 w - - 0 1
1,1,0,0,0,0,0,1,-1,1,0,1,1,1,0,0,0,0,0,16,0,0,2,5,6,3,4,3,0,23,24,0,0,0,0,0,0,0,0,7,1,1,0,1,0,0,0,3,0,0,KRBKRNvK,WIN,8/5K2/8/3k2BR/8/8/1r6/6n1 w - - 0 1
0,1,0,0,0,0,0,1,-1,1,0,1,1,1,0,0,0,0,0,16,0,0,7,4,0,1,7,3,5,23,18,0,0,0,0,0,0,0,0,7,1,1,0,0,0,0,0,2,0,0,KRBKRNvK,DRAW,1k6/8/7n/8/3r4/8/4B3/4KR2 b - - 0 1
1,1,0,0,0,0,0,1,-1,1,0,1,1,1,0,0,0,0,0,16,0,0,2,1,4,1,6,2,4,29,20,0,0,0,0,0,0,0,0,7,1,1,0,0,0,0,1,1,1,0,KRBKRNvK,DRAW,8/1k6/3B1r2/1K6/8/8/3n4/6R1 w - - 0 1
1,1,0,0,0,0,0,1,-1,1,0,1,1,1,0,0,0,0,0,16,0,0,2,1,3,2,5,2,2,5,0,1,0,0,0,0,0,0,0,7,1,1,0,0,0,0,0,1,1,1,KRBKRNvK,DRAW,3B4/8/2k5/3n4/1K6/8/6R1/5r2 w - - 0 1
0,1,0,0,0,0,0,1,-1,1,0,1,1,1,0,0,0,0,0,16,0,0,2,0,7,2,7,6,4,3,0,1,0,0,0,0,0,0,0,7,1,1,0,0,0,0,2,2,0,0,KRBKRNvK,DRAW,K1k5/8/8/1R6/6B1/4r3/8/1n6 b - - 0 1
0,1,0,0,0,0,0,1,-1,1,0,1,1,1,0,0,0,0,0,16,0,0,7,0,5,7,7,4,6,2,0,1,0,0,0,0,0,0,0,7,1,1,0,0,0,0,2,2,1,1,KRBKRNvK,DRAW,3r3k/8/K1R2B2/n7/8/8/8/8 b - - 0 1
1,1,0,0,0,0,0,1,-1,1,0,1,1,1,0,0,0,0,0,16,0,0,5,0,2,5,7,4,4,25,21,0,0,0,0,0,0,0,0,7,1,1,0,0,0,0,3,3,1,1,KRBKRNvK,DRAW,5k2/2n5/2B1R3/8/2r5/K7/8/8 w - - 0 1
1,1,0,0,0,0,0,1,-1,1,0,1,1,1,0,0,0,0,0,16,0,0,5,3,1,7,6,2,5,30,20,0,0,0,0,0,0,0,0,7,1,1,0,0,0,0,3,1,0,0,KRBKRNvK,DRAW,8/1B5k/6r1/8/6n1/4R3/3K4/8 w - - 0 1
0,1,0,0,0,0,0,1,-1,1,0,1,1,1,0,0,0,0,0,16,0,0,4,0,1,4,2,5,1,7,0,1,0,0,0,0,0,0,0,7,1,1,0,0,0,0,1,3,0,0,KRBKRNvK,DRAW,8/4n3/4B3/8/8/4k2R/K7/5r2 b - - 0 1
1,1,0,0,0,0,0,1,-1,1,0,1,1,1,0,0,0,0,0,16,0,0,5,2,4,7,4,1,3,21,16,0,0,0,0,0,0,0,0,7,1,1,1,0,0,0,4,2,0,0,KRBKRNvK,DRAW,5B2/4R3/8/2K4k/7r/8/8/1n6 w - - 0 1
1,1,0,0,0,0,0,1,-1,1,0,1,1,1,0,0,0,0,0,16,0,0,6,6,7,6,1,5,4,26,23,0,0,0,0,0,0,0,0,7,1,1,0,0,0,0,3,2,0,0,KRBKRNvK,DRAW,1B4K1/8/8/3r4/2R5/8/6k1/5n2 w - - 0 1
1,1,0,0,0,0,0,1,-1,1,0,1,1,1,0,0,0,0,0,16,0,0,2,1,0,3,1,5,2,24,23,0,0,0,0,0,0,0,0,7,1,1,1,0,0,0,0,2,0,0,KRBKRNvK,DRAW,8/6R1/8/8/5r2/7B/3k4/1K2n3 w - - 0 1
1,1,0,0,0,0,0,1,-1,1,0,1,1,1,0,0,0,0,0,16,0,0,4,0,1,4,1,5,2,22,22,0,0,0,0,0,0,0,0,7,1,1,0,0,0,0,2,0,0,0,KRBKRNvK,DRAW,8/7n/5R2/8/8/6r1/KB2k3/8 w - - 0 1
1,1,0,0,0,0,0,1,-1,1,0,1,1,1,0,0,0,0,0,16,0,0,2,4,7,2,5,3,2,26,18,0,0,0,0,0,0,0,0,7,1,1,1,0,0,0,1,2,0,0,KRBKRNvK,DRAW,4K3/7R/r1k5/1n6/8/8/2B5/8 w - - 0 1
0,1,0,0,0,0,0,1,-1,1,0,1,1,1,0,0,0,0,0,16,0,0,7,7,5,0,6,4,5,2,0,1,0,0,0,0,0,0,0,7,1,1,0,0,0,0,1,2,1,0,KRBKRNvK,DRAW,8/k3r3/R6K/8/8/3B4/8/5n2 b - - 0 1
0,1,0,0,0,0,0,1,-1,1,0,1,1,1,0,0,0,0,0,16,0,0,2,1,2,3,2,3,1,4,0,1,0,0,0,0,0,0,0,7,1,1,0,0,0,0,0,2,1,1,KRBKRNvK,DRAW,8/8/2R4n/1B6/8/1K1k4/8/3r4 b - - 0 1
0,1,0,0,0,0,0,1,-1,1,0,1,1,1,0,0,0,0,0,16,0,0,3,2,6,5,3,3,1,25,26,0,0,0,0,0,0,0,0,7,1,1,0,0,0,0,3,3,1,1,KRBKRNvK,DRAW,8/2K5/2B5/1r6/5k2/2nR4/8/8 b - - 0 1
1,1,0,0,0,0,0,1,-1,1,0,1,1,1,0,0,0,0,0,16,0,0,5,0,5,0,0,4,6,32,16,0,0,0,0,0,0,0,0,7,1,1,0,0,0,0,1,2,0,0,KRBKRNvK,DRAW,5n2/8/K7/3B4/8/6R1/8/k2r4 w - - 0 1
0,1,0,0,0,0,0,1,-1,1,0,1,1,1,0,0,0,0,0,16,0,0,2,4,3,6,4,0,2,6,0,1,0,0,0,0,0,0,0,7,1,1,0,0,0,0,3,2,0,1,KRBKRNvK,LOSS,1n6/8/8/3r2k1/4K3/R7/8/2B5 b - - 0 1
1,1,0,0,0,0,0,1,-1,1,0,1,1,1,0,0,0,0,0,16,0,0,2,6,3,6,5,2,3,20,15,0,0,0,0,0,0,0,0,7,1,1,0,1,0,0,0,0,2,0,KRBKRNvK,DRAW,5B1R/8/6k1/8/n5K1/8/r7/8 w - - 0 1
1,1,0,0,0,0,0,1,-1,1,0,1,1,1,0,0,0,0,0,16,0,0,5,6,2,7,7,3,6,29,19,0,0,0,0,0,0,0,0,7,1,1,0,0,0,0,2,2,0,0,KRBKRNvK,DRAW,7k/8/3r4/8/4R3/6K1/8/n1B5 w - - 0 1
0,1,0,0,0,0,0,1,-1,1,0,1,1,1,0,0,0,0,0,16,0,0,3,2,5,4,2,2,1,5,0,1,0,0,0,0,0,0,0,7,1,1,0,0,0,0,1,3,2,0,KRBKRNvK,DRAW,8/8/2K5/8/6n1/2R1k3/8/5Br1 b - - 0 1
1,1,0,0,0,0,0,1,-1,1,0,1,1,1,0,0,0,0,0,16,0,0,3,0,7,0,4,6,3,22,26,0,0,0,0,0,0,0,0,7,1,1,1,1,0,0,0,1,1,0,KRBKRNvK,DRAW,K7/5R2/8/k1n5/B7/8/1r6/8 w - - 0 1
1,1,0,0,0,0,0,1,-1,1,0,1,1,1,0,0,0,0,0,16,0,0,4,6,1,2,1,4,3,29,17,0,0,0,0,0,0,0,0,7,1,1,0,1,0,0,0,0,0,0,KRBKRNvK,DRAW,3B4/1n6/R7/8/8/8/1rk3K1/8 w - - 0 1
0,1,0,0,0,0,0,1,-1,1,0,1,1,1,0,0,0,0,0,16,0,0,2,1,4,3,2,2,1,24,29,0,0,0,0,0,0,0,0,7,1,1,0,0,0,0,1,2,2,0,KRBKRNvK,DRAW,8/6r1/4n3/1K6/8/3k4/5B2/2R5 b - - 0 1
1,1,0,0,0,0,0,1,-1,1,0,1,1,1,0,0,0,0,0,16,0,0,6,4,6,5,0,2,4,5,0,1,0,0,0,0,0,0,0,7,1,1,0,0,0,0,1,1,0,1,KRBKRNvK,DRAW,8/4K1r1/8/5B1R/2n5/8/8/5k2 w - - 0 1
1,1,0,0,0,0,0,1,-1,1,0,1,1,1,0,0,0,0,0,16,0,0,5,2,5,0,0,2,6,5,0,1,0,0,0,0,0,0,0,7,1,1,0,0,0,0,2,0,1,1,KRBKRNvK,DRAW,1nR5/8/2K4r/8/8/8/2B5/k7 w - - 0 1
1,1,0,0,0,0,0,1,-1,1,0,1,1,1,0,0,0,0,0,16,0,0,2,3,3,3,1,0,2,4,0,1,0,0,0,0,0,0,0,7,1,1,0,0,0,0,3,2,0,0,KRBKRNvK,DRAW,8/8/R7/8/3K2r1/8/n2k2B1/8 w - - 0 1
1,1,0,0,0,0,0,1,-1,1,0,1,1,1,0,0,0,0,0,16,0,0,6,7,0,2,6,6,3,16,20,0,0,0,0,0,0,0,0,7,1,1,0,0,0,0,1,1,1,0,KRBKRNvK,DRAW,8/2k5/1R6/2n5/8/8/8/rB5K w - - 0 1
0,1,0,0,0,0,0,1,-1,1,0,1,1,1,0,0,0,0,0,16,0,0,2,5,3,7,3,1,3,18,24,0,0,0,0,0,0,0,0,7,1,1,0,0,0,0,3,2,0,1,KRBKRNvK,DRAW,n7/8/8/6r1/5K1k/4B3/1R6/8 b - - 0 1
1,1,0,0,0,0,0,1,-1,1,0,1,1,1,0,0,0,0,0,16,0,0,6,1,0,7,2,5,4,30,16,0,0,0,0,0,0,0,0,7,1,1,0,0,0,0,3,0,0,0,KRBKRNvK,WIN,2r5/6n1/2B5/8/8/7k/4R3/1K6 w - - 0 1
1,1,0,0,0,0,0,1,-1,1,0,1,1,1,0,0,0,0,0,16,0,0,4,7,0,3,0,6,3,23,23,0,0,0,0,0,0,0,0,7,1,1,0,0,0,0,1,2,0,0,KRBKRNvK,DRAW,8/B7/4n3/8/5r2/8/6R1/3k3K w - - 0 1
0,1,0,0,0,0,0,1,-1,1,0,1,1,1,0,0,0,0,0,16,0,0,2,4,3,6,3,0,2,19,21,0,0,0,0,0,0,0,0,7,1,1,0,0,0,0,4,0,1,1,KRBKRNvK,DRAW,8/8/5r2/3B4/4K1k1/4R3/8/n7 b - - 0 1
0,1,0,0,0,0,0,1,-1,1,0,1,1,1,0,0,0,0,0,16,0,0,6,5,1,2,7,3,4,21,30,0,0,0,0,0,0,0,0,7,1,1,0,0,0,0,2,0,0,0,KRBKRNvK,DRAW,2k5/6n1/7r/4B3/4R3/8/5K2/8 b - - 0 1
0,1,0,0,0,0,0,1,-1,1,0,1,1,1,0,0,0,0,0,16,0,0,5,7,2,5,7,4,4,17,30,0,0,0,0,0,0,0,0,7,1,1,0,0,0,0,2,2,0,1,KRBKRNvK,DRAW,n4k2/8/2B5/5r2/8/7K/8/6R1 b - - 0 1
0,1,0,0,0,0,0,1,-1,1,0,1,1,1,0,0,0,0,0,16,0,0,3,3,1,1,4,2,2,25,23,0,0,0,0,0,0,0,0,7,1,1,0,0,0,0,2,3,1,1,KRBKRNvK,DRAW,8/4r3/8/1k6/8/2B1n2R/3K4/8 b - - 0 1
0,1,0,0,0,0,0,1,-1,1,0,1,1,1,0,0,0,0,0,16,0,0,2,0,3,2,2,3,2,3,0,1,0,0,0,0,0,0,0,7,1,1,0,0,0,0,0,4,2,0,KRBKRNvK,DRAW,4r3/2n5/8/8/K7/R1k5/8/2B5 b - - 0 1
0,1,0,0,0,0,0,1,-1,1,0,1,1,1,0,0,0,0,0,16,0,0,3,7,5,4,6,4,2,27,23,0,0,0,0,0,0,0,0,7,1,1,0,0,0,0,2,1,0,0,KRBKRNvK,DRAW,8/3nk3/7K/7R/8/8/4B3/2r5 b - - 0 1
1,1,0,0,0,0,0,1,-1,1,0,1,1,1,0,0,0,0,0,16,0,0,4,7,2,5,6,4,3,25,27,0,0,0,0,0,0,0,0,7,1,1,0,0,0,0,3,2,0,0,KRBKRNvK,DRAW,B7/5k2/6n1/r7/8/7K/8/3R4 w - - 0 1
0,1,0,0,0,0,0,1,-1,1,0,1,1,1,0,0,0,0,0,16,0,0,6,4,1,7,7,2,6,19,17,0,0,0,0,0,0,0,0,7,1,1,0,0,0,0,1,2,0,1,KRBKRNvK,DRAW,3r3k/8/8/8/8/6B1/4K3/3n2R1 b - - 0 1
1,1,0,0,0,0,0,1,-1,1,0,1,1,1,0,0,0,0,0,16,0,0,4,3,1,3,5,2,1,27,18,0,0,0,0,0,0,0,0,7,1,1,0,0,0,0,2,4,1,0,KRBKRNvK,DRAW,8/6n1/3k4/2R3B1/6r1/8/3K4/8 w - - 0 1
0,1,0,0,0,0,0,1,-1,1,0,1,1,1,0,0,0,0,0,16,0,0,3,5,4,7,7,1,6,19,26,0,0,0,0,0,0,0,0,7,1,1,0,0,0,0,3,0,0,0,KRBKRNvK,DRAW,2n4k/8/8/2B2KR1/8/1r6/8/8 b - - 0 1
1,1,0,0,0,0,0,1,-1,1,0,1,1,1,0,0,0,0,0,16,0,0,4,6,5,2,3,3,1,23,25,0,0,0,0,0,0,0,0,7,1,1,0,0,0,0,1,2,0,0,KRBKRNvK,DRAW,6R1/8/n5K1/8/2k5/1r6/7B/8 w - - 0 1
0,1,0,0,0,0,0,1,-1,1,0,1,1,1,0,0,0,0,0,16,0,0,4,0,3,4,6,3,2,6,0,1,0,0,0,0,0,0,0,7,1,1,0,0,0,0,1,0,1,1,KRBKRNvK,LOSS,8/4k3/8/2B5/K7/1r5R/8/6n1 b - - 0 1
0,1,0,0,0,0,0,1,-1,1,0,1,1,1,0,0,0,0,0,16,0,0,3,0,3,3,0,3,3,15,20,0,0,0,0,0,0,0,0,7,1,1,0,0,0,0,2,0,0,0,KRBKRNvK,DRAW,5n2/8/8/8/K7/8/R7/B2k1r2 b - - 0 1
1,1,0,0,0,0,0,1,-1,1,0,1,1,1,0,0,0,0,0,16,0,0,5,1,7,3,2,5,1,2,0,1,0,0,0,0,0,0,0,7,1,1,0,0,0,0,1,2,1,2,KRBKRNvK,DRAW,1K1r4/8/3n4/8/8/3k4/B7/5R2 w - - 0 1
0,1,0,0,0,0,0,1,-1,1,0,1,1,1,0,0,0,0,0,16,0,0,4,6,1,2,5,4,2,5,0,1,0,0,0,0,0,0,0,7,1,1,0,0,0,0,1,2,1,0,KRBKRNvK,LOSS,8/8/2k5/1n6/4B3/8/6K1/1r5R b - - 0 1
0,1,0,0,0,0,0,1,-1,1,0,1,1,1,0,0,0,0,0,16,0,0,7,3,0,7,7,3,6,1,0,1,0,0,0,0,0,0,0,7,1,1,0,0,0,0,3,0,1,0,KRBKRNvK,LOSS,3n3k/8/5B2/8/6Rr/8/8/3K4 b - - 0 1
1,1,0,0,0,0,0,1,-1,1,0,1,1,1,0,0,0,0,0,16,0,0,2,5,4,3,2,1,1,30,18,0,0,0,0,0,0,0,0,7,1,1,0,0,0,0,3,2,0,0,KRBKRNvK,DRAW,8/2B5/8/5K2/7R/1r1k4/3n4/8 w - - 0 1
0,1,0,0,0,0,0,1,-1,1,0,1,1,1,0,0,0,0,0,16,0,0,4,6,4,2,5,2,2,26,24,0,0,0,0,0,0,0,0,7,1,1,0,0,0,0,2,2,0,0,KRBKRNvK,DRAW,8/3r4/2k5/1n4K1/7B/4R3/8/8 b - - 0 1
0,1,0,0,0,0,0,1,-1,1,0,1,1,1,0,0,0,0,0,16,0,0,2,4,4,2,4,0,1,21,18,0,0,0,0,0,0,0,0,7,1,1,0,0,0,0,4,2,0,2,KRBKRNvK,DRAW,8/8/8/2k1Knr1/8/5R2/7B/8 b - - 0 1
1,1,0,0,0,0,0,1,-1,1,0,1,1,1,0,0,0,0,0,16,0,0,6,3,1,1,7,2,5,5,0,1,0,0,0,0,0,0,0,7,1,1,0,1,0,0,2,0,1,2,KRBKRNvK,DRAW,1k6/8/2B2R2/8/8/8/1r1K4/5n2 w - - 0 1
1,1,0,0,0,0,0,1,-1,1,0,1,1,1,0,0,0,0,0,16,0,0,2,4,7,6,6,3,4,22,15,0,0,0,0,0,0,0,0,7,1,1,0,0,0,0,2,0,0,0,KRBKRNvK,DRAW,3BK3/6kr/8/R7/8/8/8/2n5 w - - 0 1
1,1,0,0,0,0,0,1,-1,1,0,1,1,1,0,0,0,0,0,16,0,0,3,3,3,5,6,0,3,7,0,1,0,0,0,0,0,0,0,7,1,1,0,1,0,0,3,1,1,1,KRBKRNvK,DRAW,8/5k1B/R7/8/3K4/7n/3r4/8 w - - 0 1
1,1,0,0,0,0,0,1,-1,1,0,1,1,1,0,0,0,0,0,16,0,0,4,2,4,6,2,1,3,6,0,1,0,0,0,0,0,0,0,7,1,1,0,0,0,0,3,0,1,1,KRBKRNvK,DRAW,6n1/8/2B5/2K5/8/2r3k1/8/7R w - - 0 1
0,1,0,0,0,0,0,1,-1,1,0,1,1,1,0,0,0,0,0,16,0,0,2,5,3,3,3,1,0,20,24,0,0,0,0,0,0,0,0,7,1,1,0,0,0,0,3,3,0,0,KRBKRNvK,DRAW,8/2r5/8/R7/3k1K2/n7/B7/8 b - - 0 1
1,1,0,0,0,0,0,1,-1,1,0,1,1,1,0,0,0,0,0,16,0,0,2,6,4,4,2,2,1,24,19,0,0,0,0,0,0,0,0,7,1,1,0,0,0,0,3,3,0,1,KRBKRNvK,DRAW,4r3/6n1/8/1R4K1/8/4k3/8/7B w - - 0 1
0,1,0,0,0,0,0,1,-1,1,0,1,1,1,0,0,0,0,0,16,0,0,4,5,5,1,7,2,5,27,23,0,0,0,0,0,0,0,0,7,1,1,0,1,0,0,3,3,0,1,KRBKRNvK,DRAW,1k6/8/5K2/5n2/5R2/2B5/4r3/8 b - - 0 1
0,1,0,0,0,0,0,1,-1,1,0,1,1,1,0,0,0,0,0,16,0,0,5,0,7,5,5,6,2,14,27,0,0,0,0,0,0,0,0,7,1,1,1,0,0,0,1,1,1,0,KRBKRNvK,DRAW,K3n3/7R/5kr1/8/8/3B4/8/8 b - - 0 1
0,1,0,0,0,0,0,1,-1,1,0,1,1,1,0,0,0,0,0,16,0,0,4,2,6,4,2,3,1,22,31,0,0,0,0,0,0,0,0,7,1,1,0,0,0,0,3,4,1,1,KRBKRNvK,DRAW,8/2K5/7n/r7/1R6/4k3/6B1/8 b - - 0 1
1,1,0,0,0,0,0,1,-1,1,0,1,1,1,0,0,0,0,0,16,0,0,6,4,7,7,1,3,5,23,21,0,0,0,0,0,0,0,0,7,1,1,0,0,0,0,3,1,0,1,KRBKRNvK,DRAW,4K3/6rB/8/3R4/8/6n1/7k/8 w - - 0 1
1,1,0,0,0,0,0,1,-1,1,0,1,1,1,0,0,0,0,0,16,0,0,2,5,4,7,5,1,4,5,0,1,0,0,0,0,0,0,0,7,1,1,0,0,0,0,3,3,1,0,KRBKRNvK,DRAW,8/8/5B1k/1r3K2/8/8/2n5/R7 w - - 0 1
0,1,0,0,0,0,0,1,-1,1,0,1,1,1,0,0,0,0,0,16,0,0,5,4,0,0,5,3,4,3,0,1,0,0,0,0,0,0,0,7,1,1,0,0,0,0,1,0,1,1,KRBKRNvK,DRAW,8/8/k1R5/8/3B4/7r/8/3nK3 b - - 0 1
1,1,0,0,0,0,0,1,-1,1,0,1,1,1,0,0,0,0,0,16,0,0,3,3,3,6,2,0,3,25,25,0,0,0,0,0,0,0,0,7,1,1,0,0,0,0,4,0,0,0,KRBKRNvK,DRAW,7B/8/R7/8/3K3n/6k1/8/1r6 w - - 0 1
0,1,0,0,0,0,0,1,-1,1,0,1,1,1,0,0,0,0,0,16,0,0,4,4,4,3,0,0,3,19,21,0,0,0,0,0,0,0,0,7,1,1,0,0,0,0,4,2,0,1,KRBKRNvK,DRAW,4R3/8/8/1B2K3/3r4/8/8/3k3n b - - 0 1
0,1,0,0,0,0,0,1,-1,1,0,1,1,1,0,0,0,0,0,16,0,0,4,4,2,0,4,1,3,4,0,1,0,0,0,0,0,0,0,7,1,1,0,1,0,0,3,2,1,1,KRBKRNvK,DRAW,8/2B5/8/k7/8/4K3/3r4/1n1R4 b - - 0 1
0,1,0,0,0,0,0,1,-1,1,0,1,1,1,0,0,0,0,0,16,0,0,3,1,5,3,2,3,1,19,23,0,0,0,0,0,0,0,0,7,1,1,1,0,0,0,0,2,0,0,KRBKRNvK,DRAW,3B4/6R1/1K6/8/8/n1rk4/8/8 b - - 0 1
0,1,0,0,0,0,0,1,-1,1,0,1,1,1,0,0,0,0,0,16,0,0,3,5,0,5,3,4,1,6,0,1,0,0,0,0,0,0,0,7,1,1,0,0,0,0,0,3,0,1,KRBKRNvK,DRAW,8/8/8/5n2/5k2/6r1/8/2B2KR1 b - - 0 1
0,1,0,0,0,0,0,1,-1,1,0,1,1,1,0,0,0,0,0,16,0,0,6,4,7,2,1,3,3,4,0,1,0,0,0,0,0,0,0,7,1,1,0,0,0,0,1,3,0,1,KRBKRNvK,DRAW,4K3/3n3B/2R5/8/5r2/8/2k5/8 b - - 0 1
0,1,0,0,0,0,0,1,-1,1,0,1,1,1,0,0,0,0,0,16,0,0,6,6,6,0,6,4,5,19,30,0,0,0,0,0,0,0,0,7,1,1,0,0,0,0,2,2,0,0,KRBKRNvK,DRAW,8/k5K1/n4B2/r7/8/7R/8/8 b - - 0 1
0,1,0,0,0,0,0,1,-1,1,0,1,1,1,0,0,0,0,0,16,0,0,4,3,1,7,3,2,3,19,22,0,0,0,0,0,0,0,0,7,1,1,0,0,0,0,1,1,0,2,KRBKRNvK,DRAW,6R1/7B/8/8/7k/2rn4/3K4/8 b - - 0 1
1,1,0,0,0,0,0,1,-1,1,0,1,1,1,0,0,0,0,0,16,0,0,3,5,2,5,5,2,2,31,24,0,0,0,0,0,0,0,0,7,1,1,0,0,0,0,1,1,1,1,KRBKRNvK,DRAW,5n2/8/5kB1/8/8/5K2/R7/7r w - - 0 1
0,1,0,0,0,0,0,1,-1,1,0,1,1,1,0,0,0,0,0,16,0,0,3,1,1,2,4,4,1,22,29,0,0,0,0,0,0,0,0,7,1,1,0,0,0,0,2,2,0,0,KRBKRNvK,DRAW,3B4/7r/8/2k5/6R1/8/1K6/5n2 b - - 0 1
0,1,0,0,0,0,0,1,-1,1,0,1,1,1,0,0,0,0,0,16,0,0,5,6,4,1,6,2,4,21,28,0,0,0,0,0,0,0,0,7,1,1,0,1,0,0,1,0,0,1,KRBKRNvK,DRAW,8/1k6/7R/4B1Kn/8/8/2r5/8 b - - 0 1
1,1,0,0,0,0,0,1,-1,1,0,1,1,1,0,0,0,0,0,16,0,0,2,3,7,3,5,3,1,0,0,1,0,0,0,0,0,0,0,7,1,1,0,0,0,0,2,2,1,0,KRBKRNvK,LOSS,r2K4/8/3k4/4R1B1/8/8/8/7n w - - 0 1
1,1,0,0,0,0,0,1,-1,1,0,1,1,1,0,0,0,0,0,16,0,0,4,3,2,7,2,1,4,6,0,1,0,0,0,0,0,0,0,7,1,1,0,0,0,0,3,2,2,1,KRBKRNvK,DRAW,8/8/5n2/8/8/3K3k/5R2/3r3B w - - 0 1
0,1,0,0,0,0,0,1,-1,1,0,1,1,1,0,0,0,0,0,16,0,0,6,6,7,0,3,5,3,23,26,0,0,0,0,0,0,0,0,7,1,1,0,0,0,0,1,2,0,1,KRBKRNvK,DRAW,4n1K1/3r4/8/8/k7/4B3/6R1/8 b - - 0 1
0,1,0,0,0,0,0,1,-1,1,0,1,1,1,0,0,0,0,0,16,0,0,6,5,0,6,6,4,4,27,27,0,0,0,0,0,0,0,0,7,1,1,0,0,0,0,1,1,0,1,KRBKRNvK,WIN,8/6k1/1n1B4/8/8/7r/8/2R2K2 b - - 0 1
0,1,0,0,0,0,0,1,-1,1,0,1,1,1,0,0,0,0,0,16,0,0,2,2,2,1,0,2,5,2,0,1,0,0,0,0,0,0,0,7,1,1,0,0,0,0,1,2,1,0,KRBKRNvK,LOSS,3n4/8/8/8/7r/2K5/1R6/1k2B3 b - - 0 1
0,1,0,0,0,0,0,1,-1,1,0,1,1,1,0,0,0,0,0,16,0,0,2,7,2,7,0,4,6,16,25,0,0,0,0,0,0,0,0,7,1,1,1,0,0,0,1,1,0,0,KRBKRNvK,DRAW,8/7R/8/1rn5/3B4/7K/8/7k b - - 0 1
1,1,0,0,0,0,0,1,-1,1,0,1,1,1,0,0,0,0,0,16,0,0,5,0,6,1,1,5,4,23,21,0,0,0,0,0,0,0,0,7,1,1,0,0,0,0,3,2,0,0,KRBKRNvK,DRAW,8/K7/1B6/8/1r6/4R3/1k3n2/8 w - - 0 1
0,1,0,0,0,0,0,1,-1,1,0,1,1,1,0,0,0,0,0,16,0,0,2,3,4,5,2,0,2,22,21,0,0,0,0,0,0,0,0,7,1,1,0,0,0,0,3,1,1,1,KRBKRNvK,DRAW,8/8/2r5/3K2n1/7B/5k2/R7/8 b - - 0 1
0,1,0,0,0,0,0,1,-1,1,0,1,1,1,0,0,0,0,0,16,0,0,7,7,1,0,1,5,5,4,0,1,0,0,0,0,0,0,0,7,1,1,0,0,0,0,0,0,0,0,KRBKRNvK,LOSS,8/7B/6r1/3n4/8/8/k4R1K/8 b - - 0 1
0,1,0,0,0,0,0,1,-1,1,0,1,1,1,0,0,0,0,0,16,0,0,7,0,4,7,4,3,3,26,24,0,0,0,0,0,0,0,0,7,1,1,0,0,0,0,3,3,0,0,KRBKRNvK,DRAW,8/4r3/8/K4n1k/8/8/3R4/1B6 b - - 0 1
0,1,0,0,0,0,0,1,-1,1,0,1,1,1,0,0,0,0,0,16,0,0,3,3,0,0,0,3,6,19,25,0,0,0,0,0,0,0,0,7,1,1,0,0,0,0,0,2,0,1,KRBKRNvK,DRAW,8/8/8/4r3/1B6/7R/8/kn1K4 b - - 0 1
0,1,0,0,0,0,0,1,-1,1,0,1,1,1,0,0,0,0,0,16,0,0,5,0,6,5,5,5,2,26,15,0,0,0,0,0,0,0,0,7,1,1,0,0,0,0,0,3,0,0,KRBKRNvK,DRAW,3r4/K7/5k2/8/n7/8/8/R3B3 b - - 0 1
0,1,0,0,0,0,0,1,-1,1,0,1,1,1,0,0,0,0,0,16,0,0,2,2,2,4,3,2,0,5,0,1,0,0,0,0,0,0,0,7,1,1,0,0,0,0,2,3,1,0,KRBKRNvK,LOSS,8/8/r7/7n/4k3/2KB4/R7/8 b - - 0 1
1,1,0,0,0,0,0,1,-1,1,0,1,1,1,0,0,0,0,0,16,0,0,2,5,6,5,4,3,1,23,14,0,0,0,0,0,0,0,0,7,1,1,0,0,0,0,2,2,0,2,KRBKRNvK,DRAW,B7/5K2/6n1/5kr1/8/8/R7/8 w - - 0 1
1,1,0,0,0,0,0,1,-1,1,0,1,1,1,0,0,0,0,0,16,0,0,7,0,5,7,7,4,6,26,19,0,0,0,0,0,0,0,0,7,1,1,1,1,0,0,1,2,0,0,KRBKRNvK,DRAW,7k/2R5/K7/6n1/8/8/2B1r3/8 w - - 0 1
1,1,0,0,0,0,0,1,-1,1,0,1,1,1,0,0,0,0,0,16,0,0,2,0,3,1,1,3,4,21,20,0,0,0,0,0,0,0,0,7,1,1,0,0,0,0,1,2,1,1,KRBKRNvK,DRAW,4r3/8/8/8/K7/n7/1k6/1B5R w - - 0 1
1,1,0,0,0,0,0,1,-1,1,0,1,1,1,0,0,0,0,0,16,0,0,3,3,2,0,2,1,4,17,25,0,0,0,0,0,0,0,0,7,1,1,1,0,0,0,2,2,0,1,KRBKRNvK,DRAW,8/R7/B7/6n1/5r2/k2K4/8/8 w - - 0 1
1,1,0,0,0,0,0,1,-1,1,0,1,1,1,0,0,0,0,0,16,0,0,4,0,1,4,2,5,1,30,20,0,0,0,0,0,0,0,0,7,1,1,0,0,0,0,2,4,2,0,KRBKRNvK,DRAW,8/3n4/8/4r3/6R1/3Bk3/K7/8 w - - 0 1
1,1,0,0,0,0,0,1,-1,1,0,1,1,1,0,0,0,0,0,16,0,0,6,7,5,1,5,4,3,28,21,0,0,0,0,0,0,0,0,7,1,1,0,0,0,0,0,2,1,0,KRBKRNvK,DRAW,n7/3B4/1k5K/8/8/4r3/8/5R2 w - - 0 1
1,1,0,0,0,0,0,1,-1,1,0,1,1,1,0,0,0,0,0,16,0,0,2,4,3,6,4,0,2,25,23,0,0,0,0,0,0,0,0,7,1,1,1,0,0,0,3,1,0,1,KRBKRNvK,DRAW,8/1R6/r5n1/6k1/4K3/1B6/8/8 w - - 0 1
1,1,0,0,0,0,0,1,-1,1,0,1,1,1,0,0,0,0,0,16,0,0,2,7,3,7,5,3,4,22,19,0,0,0,0,0,0,0,0,7,1,1,0,0,0,0,3,2,0,0,KRBKRNvK,DRAW,7r/8/2n4k/3R4/7K/1B6/8/8 w - - 0 1
1,1,0,0,0,0,0,1,-1,1,0,1,1,1,0,0,0,0,0,16,0,0,3,2,0,5,0,4,4,23,21,0,0,0,0,0,0,0,0,7,1,1,0,0,0,0,2,3,0,0,KRBKRNvK,DRAW,4R3/8/8/8/3r2n1/8/8/1BK2k2 w - - 0 1
0,1,0,0,0,0,0,1,-1,1,0,1,1,1,0,0,0,0,0,16,0,0,5,5,2,0,2,2,4,19,26,0,0,0,0,0,0,0,0,7,1,1,0,0,0,0,3,0,0,0,KRBKRNvK,DRAW,r7/8/2BR4/8/8/k4K2/8/2n5 b - - 0 1
0,1,0,0,0,0,0,1,-1,1,0,1,1,1,0,0,0,0,0,16,0,0,2,2,3,4,3,1,0,3,0,1,0,0,0,0,0,0,0,7,1,1,0,0,0,0,4,4,0,0,KRBKRNvK,LOSS,4R3/n7/1B6/8/2K1k3/8/8/4r3 b - - 0 1
0,1,0,0,0,0,0,1,-1,1,0,1,1,1,0,0,0,0,0,16,0,0,4,5,2,2,6,2,3,24,29,0,0,0,0,0,0,0,0,7,1,1,0,0,0,0,4,0,1,0,KRBKRNvK,DRAW,r7/2k3n1/8/2B3R1/8/5K2/8/8 b - - 0 1
0,1,0,0,0,0,0,1,-1,1,0,1,1,1,0,0,0,0,0,16,0,0,3,6,4,7,1,2,5,17,22,0,0,0,0,0,0,0,0,7,1,1,0,0,0,0,2,2,1,1,KRBKRNvK,DRAW,8/8/8/6K1/7r/8/7k/3R1Bn1 b - - 0 1
1,1,0,0,0,0,0,1,-1,1,0,1,1,1,0,0,0,0,0,16,0,0,4,2,0,3,4,4,0,22,23,0,0,0,0,0,0,0,0,7,1,1,0,1,0,0,2,3,1,0,KRBKRNvK,DRAW,7B/8/2R5/3k4/4n3/8/6r1/2K5 w - - 0 1
1,1,0,0,0,0,0,1,-1,1,0,1,1,1,0,0,0,0,0,16,0,0,2,1,6,2,4,4,1,28,19,0,0,0,0,0,0,0,0,7,1,1,0,0,0,0,2,2,1,0,KRBKRNvK,DRAW,4R3/1K6/8/2k1B3/8/8/4n3/2r5 w - - 0 1
0,1,0,0,0,0,0,1,-1,1,0,1,1,1,0,0,0,0,0,16,0,0,2,7,7,5,5,6,2,4,0,1,0,0,0,0,0,0,0,7,1,1,0,0,0,0,1,2,1,0,KRBKRNvK,DRAW,7K/1r6/R4k2/8/3B1n2/8/8/8 b - - 0 1
0,1,0,0,0,0,0,1,-1,1,0,1,1,1,0,0,0,0,0,16,0,0,3,2,0,3,3,4,0,5,0,1,0,0,0,0,0,0,0,7,1,1,0,0,0,0,2,3,0,0,KRBKRNvK,DRAW,8/6rB/8/6n1/3k4/8/8/2KR4 b - - 0 1
0,1,0,0,0,0,0,1,-1,1,0,1,1,1,0,0,0,0,0,16,0,0,4,3,5,7,2,1,4,20,21,0,0,0,0,0,0,0,0,7,1,1,0,0,0,0,2,0,0,1,KRBKRNvK,DRAW,8/2r5/3K2R1/8/8/7k/Bn6/8 b - - 0 1
1,1,0,0,0,0,0,1,-1,1,0,1,1,1,0,0,0,0,0,16,0,0,4,2,3,6,7,1,5,7,0,1,0,0,0,0,0,0,0,7,1,1,0,0,0,0,4,1,0,1,KRBKRNvK,DRAW,6k1/8/1n6/8/2K5/4R3/5B2/4r3 w - - 0 1
0,1,0,0,0,0,0,1,-1,1,0,1,1,1,0,0,0,0,0,16,0,0,6,7,1,1,5,5,3,23,24,0,0,0,0,0,0,0,0,7,1,1,0,0,0,0,0,2,0,0,KRBKRNvK,DRAW,8/6n1/1k2r3/8/7B/8/7K/6R1 b - - 0 1
1,1,0,0,0,0,0,1,-1,1,0,1,1,1,0,0,0,0,0,16,0,0,2,5,1,3,2,3,1,3,0,1,0,0,0,0,0,0,0,7,1,1,0,0,0,0,0,2,0,1,KRBKRNvK,LOSS,6R1/6r1/8/7B/4n3/3k4/5K2/8 w - - 0 1
1,1,0,0,0,0,0,1,-1,1,0,1,1,1,0,0,0,0,0,16,0,0,7,6,0,1,7,5,5,27,22,0,0,0,0,0,0,0,0,7,1,1,0,0,0,0,1,3,0,0,KRBKRNvK,DRAW,1k6/3n4/8/8/1r6/4B3/6R1/6K1 w - - 0 1
0,1,0,0,0,0,0,1,-1,1,0,1,1,1,0,0,0,0,0,16,0,0,2,5,5,5,7,2,4,2,0,1,0,0,0,0,0,0,0,7,1,1,1,1,0,0,2,3,1,0,KRBKRNvK,DRAW,5k2/5R2/5K2/2B5/1n6/8/4r3/8 b - - 0 1
1,1,0,0,0,0,0,1,-1,1,0,1,1,1,0,0,0,0,0,16,0,0,6,0,7,6,7,6,5,25,20,0,0,0,0,0,0,0,0,7,1,1,0,0,0,0,0,2,0,0,KRBKRNvK,DRAW,K5k1/3B2n1/8/2r5/8/7R/8/8 w - - 0 1
0,1,0,0,0,0,0,1,-1,1,0,1,1,1,0,0,0,0,0,16,0,0,5,6,5,1,6,3,4,6,0,1,0,0,0,0,0,0,0,7,1,1,0,0,0,0,2,1,0,0,KRBKRNvK,LOSS,r7/1k6/6K1/8/8/3n1B2/8/7R b - - 0 1
1,1,0,0,0,0,0,1,-1,1,0,1,1,1,0,0,0,0,0,16,0,0,7,6,7,7,0,5,6,18,21,0,0,0,0,0,0,0,0,7,1,1,0,0,0,0,0,0,0,0,KRBKRNvK,DRAW,6K1/2r5/8/8/8/8/8/1R1B1n1k w - - 0 1
0,1,0,0,0,0,0,1,-1,1,0,1,1,1,0,0,0,0,0,16,0,0,2,4,6,5,4,2,1,21,21,0,0,0,0,0,0,0,0,7,1,1,0,0,0,0,2,3,0,1,KRBKRNvK,DRAW,3B4/4K3/8/5kr1/8/2n5/3R4/8 b - - 0 1
1,1,0,0,0,0,0,1,-1,1,0,1,1,1,0,0,0,0,0,16,0,0,5,5,2,0,5,2,4,6,0,1,0,0,0,0,0,0,0,7,1,1,0,0,0,0,2,1,1,0,KRBKRNvK,DRAW,B7/3n4/k4r2/8/8/1R3K2/8/8 w - - 0 1
0,1,0,0,0,0,0,1,-1,1,0,1,1,1,0,0,0,0,0,16,0,0,3,4,3,6,0,0,5,20,25,0,0,0,0,0,0,0,0,7,1,1,1,0,0,0,3,2,0,1,KRBKRNvK,DRAW,3B4/R6n/8/6r1/4K3/8/8/6k1 b - - 0 1
0,1,0,0,0,0,0,1,-1,1,0,1,1,1,0,0,0,0,0,16,0,0,4,4,7,5,3,3,1,20,24,0,0,0,0,0,0,0,0,7,1,1,1,0,0,0,0,3,1,1,KRBKRNvK,DRAW,4K3/R7/4n3/8/4rk1B/8/8/8 b - - 0 1
0,1,0,0,0,0,0,1,-1,1,0,1,1,1,0,0,0,0,0,16,0,0,2,0,0,1,2,6,3,27,18,0,0,0,0,0,0,0,0,7,1,1,0,1,0,0,0,1,1,0,KRBKRNvK,DRAW,8/8/3n3R/8/8/1k6/5r2/K1B5 b - - 0 1
0,1,0,0,0,0,0,1,-1,1,0,1,1,1,0,0,0,0,0,16,0,0,3,3,5,6,4,1,2,17,28,0,0,0,0,0,0,0,0,7,1,1,0,0,0,0,3,2,0,0,KRBKRNvK,DRAW,4B3/8/3K4/6k1/6rn/8/4R3/8 b - - 0 1
1,1,0,0,0,0,0,1,-1,1,0,1,1,1,0,0,0,0,0,16,0,0,7,2,7,6,0,4,5,3,0,1,0,0,0,0,0,0,0,7,1,1,0,1,0,0,0,1,0,1,KRBKRNvK,DRAW,2K5/B7/1n5R/8/8/8/2r5/6k1 w - - 0 1
1,1,0,0,0,0,0,1,-1,1,0,1,1,1,0,0,0,0,0,16,0,0,2,2,2,4,1,2,2,20,17,0,0,0,0,0,0,0,0,7,1,1,0,1,0,0,1,1,1,0,KRBKRNvK,DRAW,8/2n5/8/8/8/2K5/4k2r/B4R2 w - - 0 1
0,1,0,0,0,0,0,1,-1,1,0,1,1,1,0,0,0,0,0,16,0,0,5,0,0,5,3,6,1,9,0,1,0,0,0,0,0,0,0,7,1,1,0,0,0,0,1,3,0,0,KRBKRNvK,DRAW,8/2B5/2n5/3r4/5k2/8/1R6/K7 b - - 0 1
0,1,0,0,0,0,0,1,-1,1,0,1,1,1,0,0,0,0,0,16,0,0,2,0,7,0,5,6,4,3,0,1,0,0,0,0,0,0,0,7,1,1,0,0,0,0,3,2,1,0,KRBKRNvK,DRAW,K7/1B6/k7/4r3/n5R1/8/8/8 b - - 0 1
1,1,0,0,0,0,0,1,-1,1,0,1,1,1,0,0,0,0,0,16,0,0,3,3,0,6,3,3,2,23,22,0,0,0,0,0,0,0,0,7,1,1,0,0,0,0,1,1,2,0,KRBKRNvK,DRAW,2r5/8/6n1/8/6k1/4B2R/8/3K4 w - - 0 1
0,1,0,0,0,0,0,1,-1,1,0,1,1,1,0,0,0,0,0,16,0,0,3,2,7,4,4,4,0,4,0,1,0,0,0,0,0,0,0,7,1,1,0,0,0,0,1,4,0,0,KRBKRNvK,DRAW,1BK3n1/8/8/4k3/8/4r3/5R2/8 b - - 0 1
1,1,0,0,0,0,0,1,-1,1,0,1,1,1,0,0,0,0,0,16,0,0,6,3,1,6,7,2,5,22,25,0,0,0,0,0,0,0,0,7,1,1,0,0,0,0,1,2,0,0,KRBKRNvK,DRAW,6k1/8/6n1/r7/5B2/8/3K1R2/8 w - - 0 1
1,1,0,0,0,0,0,1,-1,1,0,1,1,1,0,0,0,0,0,16,0,0,3,0,5,2,2,4,2,17,22,0,0,0,0,0,0,0,0,7,1,1,1,0,0,0,1,3,1,0,KRBKRNvK,DRAW,8/R7/K7/6r1/8/2k5/8/1B4n1 w - - 0 1
0,1,0,0,0,0,0,1,-1,1,0,1,1,1,0,0,0,0,0,16,0,0,6,1,2,7,4,3,3,19,23,0,0,0,0,0,0,0,0,7,1,1,1,1,0,0,2,0,0,2,KRBKRNvK,DRAW,3B4/3R4/8/7k/8/1K6/n1r5/8 b - - 0 1
1,1,0,0,0,0,0,1,-1,1,0,1,1,1,0,0,0,0,0,16,0,0,4,0,5,4,6,4,2,27,23,0,0,0,0,0,0,0,0,7,1,1,0,0,0,0,2,1,0,0,KRBKRNvK,DRAW,8/4k3/K7/8/5R2/3nB1r1/8/8 w - - 0 1
1,1,0,0,0,0,0,1,-1,1,0,1,1,1,0,0,0,0,0,16,0,0,2,3,6,5,6,2,3,3,0,1,0,0,0,0,0,0,0,7,1,1,0,0,0,0,0,2,1,1,KRBKRNvK,DRAW,8/3K1k2/7B/3r4/4n3/8/7R/8 w - - 0 1
0,1,0,0,0,0,0,1,-1,1,0,1,1,1,0,0,0,0,0,16,0,0,6,7,7,7,1,6,5,23,20,0,0,0,0,0,0,0,0,7,1,1,0,0,0,0,3,2,0,0,KRBKRNvK,DRAW,2nR3K/8/5B2/6r1/8/8/7k/8 b - - 0 1
1,1,0,0,0,0,0,1,-1,1,0,1,1,1,0,0,0,0,0,16,0,0,2,1,1,3,3,4,0,22,24,0,0,0,0,0,0,0,0,7,1,1,1,0,0,0,0,3,0,0,KRBKRNvK,DRAW,8/1R2B3/8/n7/3k4/5r2/1K6/8 w - - 0 1
1,1,0,0,0,0,0,1,-1,1,0,1,1,1,0,0,0,0,0,16,0,0,3,3,3,2,0,0,4,28,24,0,0,0,0,0,0,0,0,7,1,1,0,0,0,0,3,1,1,0,KRBKRNvK,DRAW,8/4n3/r7/8/3K4/7R/8/2k1B3 w - - 0 1
1,1,0,0,0,0,0,1,-1,1,0,1,1,1,0,0,0,0,0,16,0,0,5,3,1,7,6,2,5,26,23,0,0,0,0,0,0,0,0,7,1,1,0,0,0,0,0,1,0,0,KRBKRNvK,DRAW,8/5n1k/1R6/8/8/7B/3K4/r7 w - - 0 1
0,1,0,0,0,0,0,1,-1,1,0,1,1,1,0,0,0,0,0,16,0,0,3,2,4,2,7,1,4,22,20,0,0,0,0,0,0,0,0,7,1,1,0,0,0,0,2,1,1,1,KRBKRNvK,DRAW,2k5/4B3/8/2K5/8/1r4n1/8/6R1 b - - 0 1
1,1,0,0,0,0,0,1,-1,1,0,1,1,1,0,0,0,0,0,16,0,0,3,3,3,2,0,0,4,24,22,0,0,0,0,0,0,0,0,7,1,1,0,0,0,0,4,0,0,1,KRBKRNvK,DRAW,3R4/2B5/5r2/8/3K4/8/8/2kn4 w - - 0 1
0,1,0,0,0,0,0,1,-1,1,0,1,1,1,0,0,0,0,0,16,0,0,4,0,1,0,5,5,4,5,0,1,0,0,0,0,0,0,0,7,1,1,0,0,0,0,1,2,0,0,KRBKRNvK,DRAW,8/8/k7/4r3/8/3B2n1/K1R5/8 b - - 0 1
0,1,0,0,0,0,0,1,-1,1,0,1,1,1,0,0,0,0,0,16,0,0,2,5,7,7,6,4,5,2,0,1,0,0,0,0,0,0,0,7,1,1,1,1,0,0,0,2,2,0,KRBKRNvK,DRAW,5K2/6Rk/8/7B/8/8/3r4/6n1 b - - 0 1
0,1,0,0,0,0,0,1,-1,1,0,1,1,1,0,0,0,0,0,16,0,0,6,3,6,2,0,2,4,4,0,1,0,0,0,0,0,0,0,7,1,1,0,0,0,0,1,1,0,0,KRBKRNvK,DRAW,2R4n/3K4/8/8/r2B4/8/8/2k5 b - - 0 1
0,1,0,0,0,0,0,1,-1,1,0,1,1,1,0,0,0,0,0,16,0,0,4,6,1,3,5,4,1,21,29,0,0,0,0,0,0,0,0,7,1,1,0,0,0,0,3,3,0,0,KRBKRNvK,DRAW,8/8/2rk4/8/6R1/1n6/1B4K1/8 b - - 0 1
0,1,0,0,0,0,0,1,-1,1,0,1,1,1,0,0,0,0,0,16,0,0,2,3,4,5,5,0,2,24,22,0,0,0,0,0,0,0,0,7,1,1,0,0,0,0,4,2,0,1,KRBKRNvK,DRAW,R7/1B6/5k2/3K4/8/4r1n1/8/8 b - - 0 1
1,1,0,0,0,0,0,1,-1,1,0,1,1,1,0,0,0,0,0,16,0,0,5,7,2,2,1,4,3,27,26,0,0,0,0,0,0,0,0,7,1,1,0,0,0,0,0,0,0,0,KRBKRNvK,DRAW,R7/4Br2/8/8/4n3/7K/2k5/8 w - - 0 1
1,1,0,0,0,0,0,1,-1,1,0,1,1,1,0,0,0,0,0,16,0,0,7,4,7,3,0,3,3,30,20,0,0,0,0,0,0,0,0,7,1,1,0,0,0,0,1,2,2,0,KRBKRNvK,DRAW,4K3/8/8/8/7r/n2B4/5R2/3k4 w - - 0 1
1,1,0,0,0,0,0,1,-1,1,0,1,1,1,0,0,0,0,0,16,0,0,5,2,6,7,2,3,4,24,22,0,0,0,0,0,0,0,0,7,1,1,0,1,0,0,2,1,0,0,KRBKRNvK,DRAW,8/2K2n2/8/BR6/8/7k/r7/8 w - - 0 1
0,1,0,0,0,0,0,1,-1,1,0,1,1,1,0,0,0,0,0,16,0,0,7,7,7,0,3,6,3,23,20,0,0,0,0,0,0,0,0,7,1,1,0,0,0,0,2,2,0,0,KRBKRNvK,DRAW,B1R4K/4r3/8/8/k7/8/8/5n2 b - - 0 1
1,1,0,0,0,0,0,1,-1,1,0,1,1,1,0,0,0,0,0,16,0,0,6,7,6,1,2,5,3,26,29,0,0,0,0,0,0,0,0,7,1,1,0,0,0,0,2,3,0,0,KRBKRNvK,DRAW,8/7K/8/4R3/5r2/1k1n3B/8/8 w - - 0 1
0,1,0,0,0,0,0,1,-1,1,0,1,1,1,0,0,0,0,0,16,0,0,4,4,0,6,4,3,2,25,20,0,0,0,0,0,0,0,0,7,1,1,0,0,0,0,0,0,0,0,KRBKRNvK,DRAW,6n1/2r5/8/6k1/8/1R6/B7/4K3 b - - 0 1
0,1,0,0,0,0,0,1,-1,1,0,1,1,1,0,0,0,0,0,16,0,0,2,4,5,4,7,1,3,19,28,0,0,0,0,0,0,0,0,7,1,1,0,0,0,0,3,1,1,1,KRBKRNvK,DRAW,1r2k3/8/4KB2/5n2/8/8/3R4/8 b - - 0 1
0,1,0,0,0,0,0,1,-1,1,0,1,1,1,0,0,0,0,0,16,0,0,6,1,6,4,0,4,3,21,21,0,0,0,0,0,0,0,0,7,1,1,0,1,0,0,0,2,0,0,KRBKRNvK,DRAW,1R6/1K6/8/8/7n/B7/4r3/4k3 b - - 0 1
0,1,0,0,0,0,0,1,-1,1,0,1,1,1,0,0,0,0,0,16,0,0,2,1,5,0,3,3,3,16,22,0,0,0,0,0,0,0,0,7,1,1,1,0,0,0,2,0,0,2,KRBKRNvK,DRAW,r7/1n2R3/1K6/8/k7/8/8/4B3 b - - 0 1
0,1,0,0,0,0,0,1,-1,1,0,1,1,1,0,0,0,0,0,16,0,0,3,3,0,4,3,3,0,20,22,0,0,0,0,0,0,0,0,7,1,1,0,0,0,0,0,4,0,2,KRBKRNvK,DRAW,5B2/8/8/8/4k3/1n2r3/R7/3K4 b - - 0 1
1,1,0,0,0,0,0,1,-1,1,0,1,1,1,0,0,0,0,0,16,0,0,5,0,7,3,2,6,1,23,27,0,0,0,0,0,0,0,0,7,1,1,0,0,0,0,2,4,0,0,KRBKRNvK,DRAW,K4R2/8/8/2r5/8/3kn3/8/B7 w - - 0 1
1,1,0,0,0,0,0,1,-1,1,0,1,1,1,0,0,0,0,0,16,0,0,2,7,2,6,0,4,5,21,25,0,0,0,0,0,0,0,0,7,1,1,0,0,0,0,1,3,0,0,KRBKRNvK,DRAW,3r4/8/8/2n5/8/R6K/B7/6k1 w - - 0 1
1,1,0,0,0,0,0,1,-1,1,0,1,1,1,0,0,0,0,0,16,0,0,3,0,5,3,3,4,0,5,0,1,0,0,0,0,0,0,0,7,1,1,0,0,0,0,0,3,1,0,KRBKRNvK,DRAW,6n1/8/K5r1/8/3k4/5R2/6B1/8 w - - 0 1
1,1,0,0,0,0,0,1,-1,1,0,1,1,1,0,0,0,0,0,16,0,0,2,5,3,7,1,1,5,6,0,1,0,0,0,0,0,0,0,7,1,1,0,0,0,0,4,0,0,0,KRBKRNvK,DRAW,8/5rB1/8/6R1/n4K2/8/7k/8 w - - 0 1
1,1,0,0,0,0,0,1,-1,1,0,1,1,1,0,0,0,0,0,16,0,0,7,0,0,7,7,6,6,26,20,0,0,0,0,0,0,0,0,7,1,1,0,0,0,0,2,1,0,0,KRBKRNvK,DRAW,7k/8/5r2/5n2/4R3/8/5B2/K7 w - - 0 1
0,1,0,0,0,0,0,1,-1,1,0,1,1,1,0,0,0,0,0,16,0,0,6,3,1,7,7,2,6,3,0,1,0,0,0,0,0,0,0,7,1,1,0,0,0,0,0,1,0,0,KRBKRNvK,DRAW,1R5k/8/r5n1/6B1/8/8/3K4/8 b - - 0 1
1,1,0,0,0,0,0,1,-1,1,0,1,1,1,0,0,0,0,0,16,0,0,6,6,1,0,6,4,5,7,0,1,0,0,0,0,0,0,0,7,1,1,0,0,0,0,2,0,2,0,KRBKRNvK,LOSS,B7/k5r1/1R5n/8/8/8/6K1/8 w - - 0 1
0,1,0,0,0,0,0,1,-1,1,0,1,1,1,0,0,0,0,0,16,0,0,7,5,0,4,7,4,3,25,16,0,0,0,0,0,0,0,0,7,1,1,0,0,0,0,0,3,0,0,KRBKRNvK,DRAW,4k3/4r3/8/8/5n2/B4R2/8/5K2 b - - 0 1
1,1,0,0,0,0,0,1,-1,1,0,1,1,1,0,0,0,0,0,16,0,0,6,3,0,0,6,3,5,30,16,0,0,0,0,0,0,0,0,7,1,1,0,0,0,0,1,0,1,0,KRBKRNvK,DRAW,2r1n3/k7/1R6/4B3/8/8/8/3K4 w - - 0 1
0,1,0,0,0,0,0,1,-1,1,0,1,1,1,0,0,0,0,0,16,0,0,2,1,5,3,5,3,1,15,24,0,0,0,0,0,0,0,0,7,1,1,0,0,0,0,2,2,1,1,KRBKRNvK,DRAW,8/3r4/1K1k2n1/8/4R3/8/8/3B4 b - - 0 1
1,1,0,0,0,0,0,1,-1,1,0,1,1,1,0,0,0,0,0,16,0,0,4,2,7,6,4,4,2,4,0,1,0,0,0,0,0,0,0,7,1,1,0,0,0,0,1,0,0,0,KRBKRNvK,DRAW,2K3r1/8/1B6/6kn/8/1R6/8/8 w - - 0 1
0,1,0,0,0,0,0,1,-1,1,0,1,1,1,0,0,0,0,0,16,0,0,5,4,7,0,2,3,4,4,0,1,0,0,0,0,0,0,0,7,1,1,0,0,0,0,2,2,0,0,KRBKRNvK,DRAW,1n2K3/8/8/6B1/6r1/k3R3/8/8 b - - 0 1
0,1,0,0,0,0,0,1,-1,1,0,1,1,1,0,0,0,0,0,16,0,0,7,3,0,0,7,3,6,23,20,0,0,0,0,0,0,0,0,7,1,1,1,1,0,0,0,1,1,1,KRBKRNvK,DRAW,k7/2R5/8/8/B7/3n4/7r/3K4 b - - 0 1
1,1,0,0,0,0,0,1,-1,1,0,1,1,1,0,0,0,0,0,16,0,0,3,5,6,6,3,3,2,23,24,0,0,0,0,0,0,0,0,7,1,1,0,0,0,0,0,0,1,0,KRBKRNvK,DRAW,5R2/5K2/8/6B1/6k1/r7/8/5n2 w - - 0 1
0,1,0,0,0,0,0,1,-1,1,0,1,1,1,0,0,0,0,0,16,0,0,5,5,2,0,4,2,3,20,25,0,0,0,0,0,0,0,0,7,1,1,0,0,0,0,1,1,0,1,KRBKRNvK,DRAW,8/r7/8/k4B1R/8/5K2/4n3/8 b - - 0 1
1,1,0,0,0,0,0,1,-1,1,0,1,1,1,0,0,0,0,0,16,0,0,6,6,1,1,7,4,5,31,16,0,0,0,0,0,0,0,0,7,1,1,0,0,0,0,2,0,0,0,KRBKRNvK,DRAW,nk6/r7/5B2/8/8/8/2R3K1/8 w - - 0 1
1,1,0,0,0,0,0,1,-1,1,0,1,1,1,0,0,0,0,0,16,0,0,7,5,0,5,7,4,4,27,25,0,0,0,0,0,0,0,0,7,1,1,0,0,0,0,2,1,0,1,KRBKRNvK,DRAW,5k2/8/r7/8/5B2/3n4/4R3/5K2 w - - 0 1
1,1,0,0,0,0,0,1,-1,1,0,1,1,1,0,0,0,0,0,16,0,0,7,0,4,7,3,3,3,2,0,1,0,0,0,0,0,0,0,7,1,1,0,0,0,0,3,0,0,2,KRBKRNvK,DRAW,4R3/n7/8/K7/7k/r7/B7/8 w - - 0 1
0,1,0,0,0,0,0,1,-1,1,0,1,1,1,0,0,0,0,0,16,0,0,5,5,7,6,2,4,3,30,22,0,0,0,0,0,0,0,0,7,1,1,0,0,0,0,1,2,0,0,KRBKRNvK,DRAW,R4K2/7B/2n5/3r4/8/6k1/8/8 b - - 0 1
0,1,0,0,0,0,0,1,-1,1,0,1,1,1,0,0,0,0,0,16,0,0,3,6,0,3,0,5,3,4,0,1,0,0,0,0,0,0,0,7,1,1,0,0,0,0,2,3,1,0,KRBKRNvK,DRAW,8/4B3/2n5/8/2r5/3R4/8/3k2K1 b - - 0 1
1,1,0,0,0,0,0,1,-1,1,0,1,1,1,0,0,0,0,0,16,0,0,2,5,7,7,6,4,5,3,0,1,0,0,0,0,0,0,0,7,1,1,0,0,0,0,3,1,0,0,KRBKRNvK,DRAW,1r3K2/7k/4R3/8/6n1/8/8/B7 w - - 0 1
0,1,0,0,0,0,0,1,-1,1,0,1,1,1,0,0,0,0,0,16,0,0,6,1,1,1,7,4,5,23,25,0,0,0,0,0,0,0,0,7,1,1,0,0,0,0,0,1,1,0,KRBKRNvK,DRAW,1k4r1/8/2R5/5n2/8/8/1K6/2B5 b - - 0 1
0,1,0,0,0,0,0,1,-1,1,0,1,1,1,0,0,0,0,0,16,0,0,6,6,1,1,7,4,5,3,0,1,0,0,0,0,0,0,0,7,1,1,0,0,0,0,2,3,0,0,KRBKRNvK,DRAW,1k2R3/8/8/6B1/1r6/2n5/6K1/8 b - - 0 1
0,1,0,0,0,0,0,1,-1,1,0,1,1,1,0,0,0,0,0,16,0,0,3,6,7,7,4,5,3,20,29,0,0,0,0,0,0,0,0,7,1,1,0,0,0,0,2,3,0,1,KRBKRNvK,DRAW,6K1/5n2/8/2B4k/7r/3R4/8/8 b - - 0 1
1,1,0,0,0,0,0,1,-1,1,0,1,1,1,0,0,0,0,0,16,0,0,7,3,7,4,0,3,3,24,20,0,0,0,0,0,0,0,0,7,1,1,0,0,0,0,2,2,1,0,KRBKRNvK,DRAW,3K2n1/8/8/2R5/6r1/8/8/2B1k3 w - - 0 1
0,1,0,0,0,0,0,1,-1,1,0,1,1,1,0,0,0,0,0,16,0,0,3,3,1,0,0,2,6,22,13,0,0,0,0,0,0,0,0,7,1,1,0,0,0,0,0,2,1,1,KRBKRNvK,DRAW,8/8/4r3/8/8/8/3K1nR1/k1B5 b - - 0 1
0,1,0,0,0,0,0,1,-1,1,0,1,1,1,0,0,0,0,0,16,0,0,5,0,5,5,1,4,3,25,26,0,0,0,0,0,0,0,0,7,1,1,0,0,0,0,1,2,0,0,KRBKRNvK,DRAW,8/8/KR4n1/8/2B5/4r3/5k2/8 b - - 0 1
1,1,0,0,0,0,0,1,-1,1,0,1,1,1,0,0,0,0,0,16,0,0,4,5,6,7,2,3,4,26,20,0,0,0,0,0,0,0,0,7,1,1,0,0,0,0,0,1,0,0,KRBKRNvK,DRAW,1r3B2/5K2/8/8/6n1/7k/R7/8 w - - 0 1
0,1,0,0,0,0,0,1,-1,1,0,1,1,1,0,0,0,0,0,16,0,0,4,0,4,4,1,3,2,6,0,1,0,0,0,0,0,0,0,7,1,1,0,0,0,0,3,1,0,0,KRBKRNvK,DRAW,8/3n4/4R3/K7/8/1B3r2/4k3/8 b - - 0 1
1,1,0,0,0,0,0,1,-1,1,0,1,1,1,0,0,0,0,0,16,0,0,7,4,0,2,7,3,4,24,19,0,0,0,0,0,0,0,0,7,1,1,0,0,0,0,2,0,1,0,KRBKRNvK,DRAW,2kB4/7r/8/8/4R3/8/8/4K2n w - - 0 1
0,1,0,0,0,0,0,1,-1,1,0,1,1,1,0,0,0,0,0,16,0,0,3,1,5,4,6,3,2,23,24,0,0,0,0,0,0,0,0,7,1,1,0,0,0,0,0,2,0,0,KRBKRNvK,DRAW,8/4k3/1K6/5r2/B7/8/2R5/1n6 b - - 0 1
0,1,0,0,0,0,0,1,-1,1,0,1,1,1,0,0,0,0,0,16,0,0,3,5,5,7,2,2,4,5,0,1,0,0,0,0,0,0,0,7,1,1,0,0,0,0,2,3,0,0,KRBKRNvK,DRAW,8/8/2n2K2/8/2r5/R6k/1B6/8 b - - 0 1
0,1,0,0,0,0,0,1,-1,1,0,1,1,1,0,0,0,0,0,16,0,0,3,5,4,2,5,1,2,6,0,1,0,0,0,0,0,0,0,7,1,1,0,0,0,0,4,1,0,0,KRBKRNvK,DRAW,8/8/2k5/5K2/7R/8/n5B1/2r5 b - - 0 1
0,1,0,0,0,0,0,1,-1,1,0,1,1,1,0,0,0,0,0,16,0,0,4,5,7,1,4,4,2,19,25,0,0,0,0,0,0,0,0,7,1,1,0,0,0,0,2,2,0,0,KRBKRNvK,DRAW,5K2/8/8/1kr4n/6R1/8/5B2/8 b - - 0 1
1,1,0,0,0,0,0,1,-1,1,0,1,1,1,0,0,0,0,0,16,0,0,3,5,4,4,1,1,2,6,0,1,0,0,0,0,0,0,0,7,1,1,0,0,0,0,4,0,0,1,KRBKRNvK,DRAW,3R4/8/8/n4K2/B7/5r2/4k3/8 w - - 0 1
1,1,0,0,0,0,0,1,-1,1,0,1,1,1,0,0,0,0,0,16,0,0,3,7,1,4,0,5,3,26,23,0,0,0,0,0,0,0,0,7,1,1,0,0,0,0,2,2,2,0,KRBKRNvK,DRAW,8/8/8/r7/3n4/5B2/6RK/4k3 w - - 0 1
0,1,0,0,0,0,0,1,-1,1,0,1,1,1,0,0,0,0,0,16,0,0,5,1,1,6,2,4,3,24,28,0,0,0,0,0,0,0,0,7,1,1,0,0,0,0,3,2,0,0,KRBKRNvK,DRAW,4R3/1B6/7n/r7/8/6k1/1K6/8 b - - 0 1
0,1,0,0,0,0,0,1,-1,1,0,1,1,1,0,0,0,0,0,16,0,0,5,3,6,0,1,2,5,27,23,0,0,0,0,0,0,0,0,7,1,1,1,0,0,0,2,3,0,2,KRBKRNvK,DRAW,8/1B1K3R/4r3/5n2/8/8/k7/8 b - - 0 1
0,1,0,0,0,0,0,1,-1,1,0,1,1,1,0,0,0,0,0,16,0,0,2,6,6,4,6,4,2,25,19,0,0,0,0,0,0,0,0,7,1,1,0,0,0,0,0,3,0,0,KRBKRNvK,DRAW,8/4k1K1/3n3R/2r5/8/B7/8/8 b - - 0 1
0,1,0,0,0,0,0,1,-1,1,0,1,1,1,0,0,0,0,0,16,0,0,4,5,5,1,4,2,2,27,24,0,0,0,0,0,0,0,0,7,1,1,0,0,0,0,1,3,0,1,KRBKRNvK,DRAW,1B6/4r3/5K2/1k6/8/5n2/8/2R5 b - - 0 1
1,1,0,0,0,0,0,1,-1,1,0,1,1,1,0,0,0,0,0,16,0,0,3,2,0,2,3,4,1,27,20,0,0,0,0,0,0,0,0,7,1,1,0,0,0,0,0,3,1,0,KRBKRNvK,DRAW,8/3B1n2/8/2r5/2k5/8/1R6/2K5 w - - 0 1
0,1,0,0,0,0,0,1,-1,1,0,1,1,1,0,0,0,0,0,16,0,0,7,7,5,0,0,4,6,16,22,0,0,0,0,0,0,0,0,7,1,1,0,0,0,0,2,1,0,0,KRBKRNvK,DRAW,1r6/7B/1n5K/8/7R/8/8/k7 b - - 0 1
1,1,0,0,0,0,0,1,-1,1,0,1,1,1,0,0,0,0,0,16,0,0,4,1,4,5,4,2,1,29,19,0,0,0,0,0,0,0,0,7,1,1,0,0,0,0,1,3,0,0,KRBKRNvK,DRAW,8/8/1B3r2/1K3k2/5n2/8/6R1/8 w - - 0 1
1,1,0,0,0,0,0,1,-1,1,0,1,1,1,0,0,0,0,0,16,0,0,3,7,0,7,3,6,3,22,14,0,0,0,0,0,0,0,0,7,1,1,1,0,0,0,0,2,0,0,KRBKRNvK,DRAW,5B2/6R1/5n1r/8/7k/8/8/7K w - - 0 1
0,1,0,0,0,0,0,1,-1,1,0,1,1,1,0,0,0,0,0,16,0,0,6,5,6,1,0,3,5,26,19,0,0,0,0,0,0,0,0,7,1,1,0,0,0,0,0,1,0,1,KRBKRNvK,DRAW,8/5K2/8/5n1R/8/6r1/8/1k2B3 b - - 0 1
0,1,0,0,0,0,0,1,-1,1,0,1,1,1,0,0,0,0,0,16,0,0,5,2,4,7,3,1,3,3,0,1,0,0,0,0,0,0,0,7,1,1,0,0,0,0,2,0,0,0,KRBKRNvK,LOSS,2n3r1/8/8/1BK5/7k/8/8/7R b - - 0 1
0,1,0,0,0,0,0,1,-1,1,0,1,1,1,0,0,0,0,0,16,0,0,4,4,2,0,4,1,3,2,0,1,0,0,0,0,0,0,0,7,1,1,0,0,0,0,2,0,1,1,KRBKRNvK,DRAW,R7/8/5r2/k1B5/8/4K3/8/2n5 b - - 0 1
0,1,0,0,0,0,0,1,-1,1,0,1,1,1,0,0,0,0,0,16,0,0,4,3,4,7,1,0,5,22,22,0,0,0,0,0,0,0,0,7,1,1,0,1,0,0,3,2,0,0,KRBKRNvK,WIN,6R1/8/6B1/3K3n/8/8/4r2k/8 b - - 0 1
1,1,0,0,0,0,0,1,-1,1,0,1,1,1,0,0,0,0,0,16,0,0,5,0,0,5,2,6,2,4,0,1,0,0,0,0,0,0,0,7,1,1,0,0,0,0,2,1,2,0,KRBKRNvK,DRAW,8/8/n7/8/7R/5k2/3B4/K4r2 w - - 0 1
0,1,0,0,0,0,0,1,-1,1,0,1,1,1,0,0,0,0,0,16,0,0,5,5,1,0,1,3,5,27,22,0,0,0,0,0,0,0,0,7,1,1,0,0,0,0,2,3,0,0,KRBKRNvK,DRAW,8/8/3n4/2r5/5R2/8/k4K1B/8 b - - 0 1
0,1,0,0,0,0,0,1,-1,1,0,1,1,1,0,0,0,0,0,16,0,0,5,2,5,7,0,2,6,23,28,0,0,0,0,0,0,0,0,7,1,1,1,0,0,0,2,2,0,0,KRBKRNvK,DRAW,8/3R4/2K3n1/8/8/4r3/B7/7k b - - 0 1
1,1,0,0,0,0,0,1,-1,1,0,1,1,1,0,0,0,0,0,16,0,0,4,0,2,2,6,4,3,28,22,0,0,0,0,0,0,0,0,7,1,1,0,0,0,0,2,2,1,0,KRBKRNvK,DRAW,4R3/2k5/8/3r2B1/8/K7/8/5n2 w - - 0 1
0,1,0,0,0,0,0,1,-1,1,0,1,1,1,0,0,0,0,0,16,0,0,3,6,4,6,7,2,5,23,27,0,0,0,0,0,0,0,0,7,1,1,0,0,0,0,1,0,0,0,KRBKRNvK,WIN,1r4k1/8/8/6K1/3n4/4B3/7R/8 b - - 0 1
0,1,0,0,0,0,0,1,-1,1,0,1,1,1,0,0,0,0,0,16,0,0,5,6,4,1,3,2,2,21,19,0,0,0,0,0,0,0,0,7,1,1,0,0,0,0,4,2,1,1,KRBKRNvK,DRAW,8/8/8/n2R2K1/1k3r2/8/8/7B b - - 0 1
1,1,0,0,0,0,0,1,-1,1,0,1,1,1,0,0,0,0,0,16,0,0,6,2,6,5,0,3,4,26,22,0,0,0,0,0,0,0,0,7,1,1,0,0,0,0,2,0,1,1,KRBKRNvK,DRAW,8/2K5/r7/7B/8/3R4/1n6/5k2 w - - 0 1
0,1,0,0,0,0,0,1,-1,1,0,1,1,1,0,0,0,0,0,16,0,0,7,3,7,5,0,3,4,27,13,0,0,0,0,0,0,0,0,7,1,1,0,0,0,0,1,0,0,0,KRBKRNvK,WIN,2RK4/2B5/7r/8/4n3/8/8/5k2 b - - 0 1
0,1,0,0,0,0,0,1,-1,1,0,1,1,1,0,0,0,0,0,16,0,0,3,4,1,1,0,2,5,2,0,1,0,0,0,0,0,0,0,7,1,1,0,0,0,0,2,0,0,0,KRBKRNvK,DRAW,8/8/r4B1n/8/8/8/4K3/1k5R b - - 0 1
0,1,0,0,0,0,0,1,-1,1,0,1,1,1,0,0,0,0,0,16,0,0,3,4,6,1,7,2,5,22,23,0,0,0,0,0,0,0,0,7,1,1,0,0,0,0,0,2,0,2,KRBKRNvK,DRAW,1k1r4/2n1K3/5R2/8/1B6/8/8/8 b - - 0 1
1,1,0,0,0,0,0,1,-1,1,0,1,1,1,0,0,0,0,0,16,0,0,4,2,1,6,4,3,2,28,23,0,0,0,0,0,0,0,0,7,1,1,0,0,0,0,2,2,0,0,KRBKRNvK,DRAW,4B2r/8/5n2/6k1/8/8/2K5/4R3 w - - 0 1
1,1,0,0,0,0,0,1,-1,1,0,1,1,1,0,0,0,0,0,16,0,0,5,3,6,1,1,2,4,24,28,0,0,0,0,0,0,0,0,7,1,1,0,0,0,0,3,2,1,1,KRBKRNvK,DRAW,4R3/3K4/8/2r5/5n2/8/Bk6/8 w - - 0 1
0,1,0,0,0,0,0,1,-1,1,0,1,1,1,0,0,0,0,0,16,0,0,3,0,1,2,4,5,1,22,29,0,0,0,0,0,0,0,0,7,1,1,1,0,0,0,1,2,1,0,KRBKRNvK,DRAW,6r1/7R/4B3/2k5/8/8/K7/7n b - - 0 1
1,1,0,0,0,0,0,1,-1,1,0,1,1,1,0,0,0,0,0,16,0,0,6,3,6,4,0,2,3,4,0,1,0,0,0,0,0,0,0,7,1,1,0,0,0,0,1,3,0,1,KRBKRNvK,DRAW,2R3B1/3K4/5n2/8/8/8/8/3rk3 w - - 0 1
0,1,0,0,0,0,0,1,-1,1,0,1,1,1,0,0,0,0,0,16,0,0,5,6,5,1,3,3,2,23,29,0,0,0,0,0,0,0,0,7,1,1,1,1,0,0,2,0,0,0,KRBKRNvK,DRAW,8/n2R4/6K1/8/1k5B/8/r7/8 b - - 0 1
1,1,0,0,0,0,0,1,-1,1,0,1,1,1,0,0,0,0,0,16,0,0,2,4,3,2,4,0,1,21,18,0,0,0,0,0,0,0,0,7,1,1,0,0,0,0,4,2,1,0,KRBKRNvK,DRAW,1r4n1/8/4R3/2k5/4K3/5B2/8/8 w - - 0 1
1,1,0,0,0,0,0,1,-1,1,0,1,1,1,0,0,0,0,0,16,0,0,3,7,6,4,4,5,0,12,25,0,0,0,0,0,0,0,0,7,1,1,0,0,0,0,1,3,1,0,KRBKRNvK,DRAW,5R2/2r2B1K/8/4k3/3n4/8/8/8 w - - 0 1
0,1,0,0,0,0,0,1,-1,1,0,1,1,1,0,0,0,0,0,16,0,0,6,1,2,7,2,3,4,23,25,0,0,0,0,0,0,0,0,7,1,1,0,0,0,0,2,0,0,0,KRBKRNvK,DRAW,6r1/8/n7/8/8/1KB4k/8/1R6 b - - 0 1
0,1,0,0,0,0,0,1,-1,1,0,1,1,1,0,0,0,0,0,16,0,0,3,7,4,4,5,3,1,5,0,1,0,0,0,0,0,0,0,7,1,1,0,0,0,0,3,2,0,1,KRBKRNvK,DRAW,8/5n2/1r2k3/7K/8/2B1R3/8/8 b - - 0 1
0,1,0,0,0,0,0,1,-1,1,0,1,1,1,0,0,0,0,0,16,0,0,3,7,7,4,5,6,1,18,23,0,0,0,0,0,0,0,0,7,1,1,0,0,0,0,2,2,0,0,KRBKRNvK,DRAW,1R5K/4r3/4k3/8/8/8/6B1/3n4 b - - 0 1
0,1,0,0,0,0,0,1,-1,1,0,1,1,1,0,0,0,0,0,16,0,0,5,0,6,5,2,5,2,28,16,0,0,0,0,0,0,0,0,7,1,1,1,0,0,0,0,2,0,1,KRBKRNvK,DRAW,8/K4n1R/1r6/B7/8/5k2/8/8 b - - 0 1
1,1,0,0,0,0,0,1,-1,1,0,1,1,1,0,0,0,0,0,16,0,0,2,5,0,4,2,4,1,3,0,1,0,0,0,0,0,0,0,7,1,1,1,0,0,0,2,2,0,1,KRBKRNvK,DRAW,8/1R6/8/8/8/n3kr2/1B6/5K2 w - - 0 1
1,1,0,0,0,0,0,1,-1,1,0,1,1,1,0,0,0,0,0,16,0,0,2,2,6,4,5,3,1,15,22,0,0,0,0,0,0,0,0,7,1,1,0,0,0,0,0,2,2,0,KRBKRNvK,DRAW,2R1B1n1/2K5/4k3/8/8/5r2/8/8 w - - 0 1
1,1,0,0,0,0,0,1,-1,1,0,1,1,1,0,0,0,0,0,16,0,0,2,5,7,4,5,4,1,3,0,1,0,0,0,0,0,0,0,7,1,1,0,0,0,0,0,4,0,0,KRBKRNvK,DRAW,5K2/8/B3k3/8/5r2/R7/8/3n4 w - - 0 1
1,1,0,0,0,0,0,1,-1,1,0,1,1,1,0,0,0,0,0,16,0,0,4,7,6,7,2,5,4,25,20,0,0,0,0,0,0,0,0,7,1,1,0,1,0,0,0,0,0,0,KRBKRNvK,DRAW,8/1n5K/6R1/8/8/7k/2r5/2B5 w - - 0 1
0,1,0,0,0,0,0,1,-1,1,0,1,1,1,0,0,0,0,0,16,0,0,5,5,6,7,1,3,5,24,22,0,0,0,0,0,0,0,0,7,1,1,1,0,0,0,2,3,0,2,KRBKRNvK,DRAW,8/1R3K2/5n2/7r/8/8/1B5k/8 b - - 0 1
1,1,0,0,0,0,0,1,-1,1,0,1,1,1,0,0,0,0,0,16,0,0,3,0,7,3,7,6,3,20,23,0,0,0,0,0,0,0,0,7,1,1,1,0,0,0,2,2,0,0,KRBKRNvK,DRAW,K2k4/R7/4r3/2n5/8/8/8/7B w - - 0 1
1,1,0,0,0,0,0,1,-1,1,0,1,1,1,0,0,0,0,0,16,0,0,2,1,5,1,7,3,5,3,0,1,0,0,0,0,0,0,0,7,1,1,0,0,0,0,2,1,0,1,KRBKRNvK,DRAW,1k6/3n4/1K6/8/8/2B5/8/1r5R w - - 0 1
0,1,0,0,0,0,0,1,-1,1,0,1,1,1,0,0,0,0,0,16,0,0,3,4,5,1,5,1,3,24,26,0,0,0,0,0,0,0,0,7,1,1,0,0,0,0,3,0,0,0,KRBKRNvK,DRAW,5B2/8/1k2K3/n7/8/8/4R3/6r1 b - - 0 1
0,1,0,0,0,0,0,1,-1,1,0,1,1,1,0,0,0,0,0,16,0,0,3,3,5,6,7,1,5,27,27,0,0,0,0,0,0,0,0,7,1,1,0,1,0,0,4,2,0,0,KRBKRNvK,DRAW,6k1/3B4/3K4/8/2R5/2n5/7r/8 b - - 0 1
1,1,0,0,0,0,0,1,-1,1,0,1,1,1,0,0,0,0,0,16,0,0,5,1,2,6,6,3,4,27,20,0,0,0,0,0,0,0,0,7,1,1,0,0,0,0,2,0,1,0,KRBKRNvK,DRAW,5r2/6kn/8/6B1/6R1/1K6/8/8 w - - 0 1
0,1,0,0,0,0,0,1,-1,1,0,1,1,1,0,0,0,0,0,16,0,0,7,4,7,3,0,3,3,3,0,1,0,0,0,0,0,0,0,7,1,1,0,0,0,0,2,0,0,0,KRBKRNvK,DRAW,4K3/8/r7/8/1B1R4/7n/8/3k4 b - - 0 1
0,1,0,0,0,0,0,1,-1,1,0,1,1,1,0,0,0,0,0,16,0,0,3,2,0,0,3,4,3,2,0,1,0,0,0,0,0,0,0,7,1,1,0,0,0,0,1,2,0,0,KRBKRNvK,LOSS,8/4r3/3B4/8/k7/8/6n1/R1K5 b - - 0 1
0,1,0,0,0,0,0,1,-1,1,0,1,1,1,0,0,0,0,0,16,0,0,3,2,6,5,4,3,1,25,21,0,0,0,0,0,0,0,0,7,1,1,0,0,0,0,1,3,0,0,KRBKRNvK,DRAW,8/B1K3n1/8/5k2/3r4/8/8/R7 b - - 0 1
1,1,0,0,0,0,0,1,-1,1,0,1,1,1,0,0,0,0,0,16,0,0,2,0,1,2,0,5,4,3,0,1,0,0,0,0,0,0,0,7,1,1,0,0,0,0,2,0,0,0,KRBKRNvK,DRAW,4B3/r5n1/8/8/5R2/8/K7/2k5 w - - 0 1
1,1,0,0,0,0,0,1,-1,1,0,1,1,1,0,0,0,0,0,16,0,0,6,7,6,1,0,5,5,21,25,0,0,0,0,0,0,0,0,7,1,1,0,0,0,0,2,1,0,1,KRBKRNvK,DRAW,8/5n1K/7R/8/8/r7/8/1k5B w - - 0 1
1,1,0,0,0,0,0,1,-1,1,0,1,1,1,0,0,0,0,0,16,0,0,2,2,4,4,2,1,1,23,20,0,0,0,0,0,0,0,0,7,1,1,0,0,0,0,3,2,2,1,KRBKRNvK,DRAW,8/8/7r/2K5/8/n3k3/5RB1/8 w - - 0 1
0,1,0,0,0,0,0,1,-1,1,0,1,1,1,0,0,0,0,0,16,0,0,3,4,1,7,4,2,3,3,0,1,0,0,0,0,0,0,0,7,1,1,0,0,0,0,0,0,0,1,KRBKRNvK,LOSS,7R/8/8/7k/8/8/4K1n1/4B2r b - - 0 1
0,1,0,0,0,0,0,1,-1,1,0,1,1,1,0,0,0,0,0,16,0,0,4,4,3,5,7,0,4,5,0,1,0,0,0,0,0,0,0,7,1,1,0,0,0,0,3,0,0,0,KRBKRNvK,DRAW,5k2/8/r7/7R/1B2K3/8/8/4n3 b - - 0 1
0,1,0,0,0,0,0,1,-1,1,0,1,1,1,0,0,0,0,0,16,0,0,2,1,2,1,0,3,5,1,0,1,0,0,0,0,0,0,0,7,1,1,0,0,0,0,1,2,0,0,KRBKRNvK,LOSS,6B1/3r4/8/8/8/1K6/8/1k4Rn b - - 0 1
1,1,0,0,0,0,0,1,-1,1,0,1,1,1,0,0,0,0,0,16,0,0,7,2,7,1,0,4,5,24,17,0,0,0,0,0,0,0,0,7,1,1,0,1,0,0,2,1,0,0,KRBKRNvK,DRAW,2K5/8/8/7B/4R3/8/1r1n4/1k6 w - - 0 1
0,1,0,0,0,0,0,1,-1,1,0,1,1,1,0,0,0,0,0,16,0,0,2,2,4,0,6,1,5,1,0,1,0,0,0,0,0,0,0,7,1,1,0,1,0,0,3,1,1,0,KRBKRNvK,DRAW,8/k7/8/R1K5/8/8/1r1n2B1/8 b - - 0 1
0,1,0,0,0,0,0,1,-1,1,0,1,1,1,0,0,0,0,0,16,0,0,7,0,1,7,7,5,6,22,26,0,0,0,0,0,0,0,0,7,1,1,0,0,0,0,2,3,0,0,KRBKRNvK,DRAW,7k/2n5/8/5R2/4r3/1B6/K7/8 b - - 0 1
0,1,0,0,0,0,0,1,-1,1,0,1,1,1,0,0,0,0,0,16,0,0,6,0,6,6,1,5,4,21,29,0,0,0,0,0,0,0,0,7,1,1,0,0,0,0,1,0,0,0,KRBKRNvK,DRAW,2R5/K7/8/5B2/8/6r1/6k1/1n6 b - - 0 1
1,1,0,0,0,0,0,1,-1,1,0,1,1,1,0,0,0,0,0,16,0,0,3,4,5,7,5,1,4,5,0,1,0,0,0,0,0,0,0,7,1,1,0,0,0,0,3,0,1,0,KRBKRNvK,DRAW,8/1n6/r3K2k/5R2/8/2B5/8/8 w - - 0 1
1,1,0,0,0,0,0,1,-1,1,0,1,1,1,0,0,0,0,0,16,0,0,2,1,7,3,7,5,3,22,20,0,0,0,0,0,0,0,0,7,1,1,0,0,0,0,1,2,0,0,KRBKRNvK,DRAW,1K1k2B1/4r3/8/8/8/8/7R/3n4 w - - 0 1
0,1,0,0,0,0,0,1,-1,1,0,1,1,1,0,0,0,0,0,16,0,0,4,3,2,7,2,1,4,2,0,1,0,0,0,0,0,0,0,7,1,1,0,0,0,0,2,2,2,0,KRBKRNvK,DRAW,8/8/8/8/r6B/3K3k/n7/7R b - - 0 1
1,1,0,0,0,0,0,1,-1,1,0,1,1,1,0,0,0,0,0,16,0,0,3,0,2,3,1,4,2,24,18,0,0,0,0,0,0,0,0,7,1,1,0,1,0,0,3,0,1,1,KRBKRNvK,DRAW,8/8/8/R7/8/K7/2Bk1r2/n7 w - - 0 1
0,1,0,0,0,0,0,1,-1,1,0,1,1,1,0,0,0,0,0,16,0,0,4,4,3,0,1,0,5,20,25,0,0,0,0,0,0,0,0,7,1,1,1,0,0,0,3,2,0,0,KRBKRNvK,DRAW,8/1R6/8/7B/4K3/8/kn6/3r4 b - - 0 1
0,1,0,0,0,0,0,1,-1,1,0,1,1,1,0,0,0,0,0,16,0,0,7,7,1,0,7,5,6,20,25,0,0,0,0,0,0,0,0,7,1,1,0,0,0,0,3,2,0,0,KRBKRNvK,DRAW,k7/8/3B4/3n4/7R/3r4/7K/8 b - - 0 1
0,1,0,0,0,0,0,1,-1,1,0,1,1,1,0,0,0,0,0,16,0,0,5,5,6,2,1,3,3,20,26,0,0,0,0,0,0,0,0,7,1,1,0,0,0,0,1,2,0,0,KRBKRNvK,DRAW,2R5/5K2/8/2n5/5B2/8/2k5/4r3 b - - 0 1
0,1,0,0,0,0,0,1,-1,1,0,1,1,1,0,0,0,0,0,16,0,0,3,3,0,0,0,3,6,16,26,0,0,0,0,0,0,0,0,7,1,1,0,0,0,0,2,0,0,0,KRBKRNvK,DRAW,n5r1/7B/8/8/1R6/8/8/k2K4 b - - 0 1
0,1,0,0,0,0,0,1,-1,1,0,1,1,1,0,0,0,0,0,16,0,0,5,6,3,1,2,2,3,25,28,0,0,0,0,0,0,0,0,7,1,1,0,0,0,0,2,2,1,0,KRBKRNvK,DRAW,6n1/8/8/3R4/6KB/1k6/8/4r3 b - - 0 1
0,1,0,0,0,0,0,1,-1,1,0,1,1,1,0,0,0,0,0,16,0,0,5,0,5,5,5,4,2,23,23,0,0,0,0,0,0,0,0,7,1,1,0,1,0,0,3,1,0,0,KRBKRNvK,DRAW,8/1B6/K4k2/8/8/8/6r1/4Rn2 b - - 0 1
0,1,0,0,0,0,0,1,-1,1,0,1,1,1,0,0,0,0,0,16,0,0,6,6,6,0,4,4,3,6,0,1,0,0,0,0,0,0,0,7,1,1,1,0,0,0,0,2,1,0,KRBKRNvK,DRAW,1n6/2R3K1/8/k7/2r5/8/8/4B3 b - - 0 1
1,1,0,0,0,0,0,1,-1,1,0,1,1,1,0,0,0,0,0,16,0,0,6,5,1,2,7,3,4,26,23,0,0,0,0,0,0,0,0,7,1,1,0,0,0,0,0,4,0,1,KRBKRNvK,DRAW,2k5/8/8/8/B3r3/2n5/5K2/1R6 w - - 0 1
1,1,0,0,0,0,0,1,-1,1,0,1,1,1,0,0,0,0,0,16,0,0,4,4,2,0,6,1,5,21,22,0,0,0,0,0,0,0,0,7,1,1,0,0,0,0,2,2,0,1,KRBKRNvK,DRAW,8/k6n/8/6B1/6R1/4K3/8/3r4 w - - 0 1
0,1,0,0,0,0,0,1,-1,1,0,1,1,1,0,0,0,0,0,16,0,0,4,5,3,1,1,1,4,21,26,0,0,0,0,0,0,0,0,7,1,1,0,0,0,0,3,3,1,1,KRBKRNvK,DRAW,8/8/1n2r3/R7/5K2/8/1k6/3B4 b - - 0 1
1,1,0,0,0,0,0,1,-1,1,0,1,1,1,0,0,0,0,0,16,0,0,4,4,6,1,2,2,3,27,25,0,0,0,0,0,0,0,0,7,1,1,0,0,0,0,1,2,0,1,KRBKRNvK,DRAW,5R2/4K3/1B6/3r4/8/1k6/8/1n6 w - - 0 1
0,1,0,0,0,0,0,1,-1,1,0,1,1,1,0,0,0,0,0,16,0,0,4,2,4,3,0,1,3,21,27,0,0,0,0,0,0,0,0,7,1,1,0,0,0,0,3,2,0,1,KRBKRNvK,DRAW,8/5B1n/8/2K5/7R/3r4/8/3k4 b - - 0 1
0,1,0,0,0,0,0,1,-1,1,0,1,1,1,0,0,0,0,0,16,0,0,2,4,3,6,5,0,3,21,25,0,0,0,0,0,0,0,0,7,1,1,1,0,0,0,4,0,1,0,KRBKRNvK,DRAW,r7/4R3/6k1/7n/4K3/8/4B3/8 b - - 0 1
0,1,0,0,0,0,0,1,-1,1,0,1,1,1,0,0,0,0,0,16,0,0,2,0,7,0,5,6,4,3,0,1,0,0,0,0,0,0,0,7,1,1,0,0,0,0,1,0,1,0,KRBKRNvK,DRAW,K5n1/7B/k1R5/8/8/8/8/1r6 b - - 0 1
0,1,0,0,0,0,0,1,-1,1,0,1,1,1,0,0,0,0,0,16,0,0,6,6,4,0,0,2,6,20,24,0,0,0,0,0,0,0,0,7,1,1,1,0,0,0,3,0,0,2,KRBKRNvK,DRAW,8/1B1R4/5r1n/6K1/8/8/8/k7 b - - 0 1
0,1,0,0,0,0,0,1,-1,1,0,1,1,1,0,0,0,0,0,16,0,0,2,7,5,5,5,4,2,2,0,1,0,0,0,0,0,0,0,7,1,1,0,0,0,0,1,1,1,0,KRBKRNvK,DRAW,8/2r2B2/5k1K/8/8/n7/5R2/8 b - - 0 1
1,1,0,0,0,0,0,1,-1,1,0,1,1,1,0,0,0,0,0,16,0,0,4,1,3,4,7,2,3,27,21,0,0,0,0,0,0,0,0,7,1,1,0,0,0,0,2,2,1,0,KRBKRNvK,DRAW,4k3/1n6/2R5/5r2/1K6/5B2/8/8 w - - 0 1
0,1,0,0,0,0,0,1,-1,1,0,1,1,1,0,0,0,0,0,16,0,0,7,7,0,1,7,6,5,5,0,1,0,0,0,0,0,0,0,7,1,1,0,1,0,0,1,2,0,1,KRBKRNvK,LOSS,1k6/8/8/8/5B2/5n2/r5R1/7K b - - 0 1
0,1,0,0,0,0,0,1,-1,1,0,1,1,1,0,0,0,0,0,16,0,0,5,0,0,5,5,6,2,4,0,1,0,0,0,0,0,0,0,7,1,1,0,1,0,0,2,2,1,0,KRBKRNvK,DRAW,8/8/5k2/8/3B4/8/3n3r/K3R3 b - - 0 1
1,1,0,0,0,0,0,1,-1,1,0,1,1,1,0,0,0,0,0,16,0,0,3,4,0,5,3,3,1,24,26,0,0,0,0,0,0,0,0,7,1,1,0,1,0,0,0,2,0,1,KRBKRNvK,DRAW,7R/1n6/8/8/1B3k2/8/2r5/4K3 w - - 0 1
0,1,0,0,0,0,0,1,-1,1,0,1,1,1,0,0,0,0,0,16,0,0,7,4,0,4,7,3,3,4,0,1,0,0,0,0,0,0,0,7,1,1,0,0,0,0,0,3,1,0,KRBKRNvK,DRAW,2R1k3/8/2n5/8/5r2/8/4B3/4K3 b - - 0 1
0,1,0,0,0,0,0,1,-1,1,0,1,1,1,0,0,0,0,0,16,0,0,6,7,5,1,3,4,2,7,0,1,0,0,0,0,0,0,0,7,1,1,0,0,0,0,0,2,0,0,KRBKRNvK,DRAW,5B2/8/7K/8/nk1r4/8/6R1/8 b - - 0 1
0,1,0,0,0,0,0,1,-1,1,0,1,1,1,0,0,0,0,0,16,0,0,4,1,2,5,1,3,3,22,22,0,0,0,0,0,0,0,0,7,1,1,0,0,0,0,2,2,0,1,KRBKRNvK,DRAW,1nB5/8/4R3/r7/8/1K6/5k2/8 b - - 0 1
0,1,0,0,0,0,0,1,-1,1,0,1,1,1,0,0,0,0,0,16,0,0,5,0,4,5,0,3,4,24,20,0,0,0,0,0,0,0,0,7,1,1,0,0,0,0,2,1,0,0,KRBKRNvK,DRAW,3R4/8/8/K7/B7/3n4/8/1r3k2 b - - 0 1
0,1,0,0,0,0,0,1,-1,1,0,1,1,1,0,0,0,0,0,16,0,0,6,1,0,3,6,5,2,23,24,0,0,0,0,0,0,0,0,7,1,1,0,1,0,0,2,0,1,0,KRBKRNvK,DRAW,8/3k4/1B6/8/R7/8/5r2/1K3n2 b - - 0 1
0,1,0,0,0,0,0,1,-1,1,0,1,1,1,0,0,0,0,0,16,0,0,2,7,1,6,3,5,2,3,0,1,0,0,0,0,0,0,0,7,1,1,0,0,0,0,2,2,1,0,KRBKRNvK,DRAW,8/4r3/8/3R4/n5k1/7B/7K/8 b - - 0 1
0,1,0,0,0,0,0,1,-1,1,0,1,1,1,0,0,0,0,0,16,0,0,6,7,4,1,1,3,4,28,23,0,0,0,0,0,0,0,0,7,1,1,0,0,0,0,2,3,0,0,KRBKRNvK,DRAW,8/8/8/2n2R1K/5B2/3r4/1k6/8 b - - 0 1
1,1,0,0,0,0,0,1,-1,1,0,1,1,1,0,0,0,0,0,16,0,0,5,1,7,6,2,5,3,23,25,0,0,0,0,0,0,0,0,7,1,1,1,0,0,0,0,2,0,0,KRBKRNvK,DRAW,1K6/2R5/8/B7/3r4/6kn/8/8 w - - 0 1
0,1,0,0,0,0,0,1,-1,1,0,1,1,1,0,0,0,0,0,16,0,0,2,3,5,3,3,1,0,2,0,1,0,0,0,0,0,0,0,7,1,1,0,0,0,0,4,3,0,0,KRBKRNvK,LOSS,7B/8/3K4/8/3k2R1/6r1/8/1n6 b - - 0 1
0,1,0,0,0,0,0,1,-1,1,0,1,1,1,0,0,0,0,0,16,0,0,7,2,7,5,0,4,4,4,0,1,0,0,0,0,0,0,0,7,1,1,0,0,0,0,2,3,0,1,KRBKRNvK,LOSS,2K5/3n4/B7/5R2/8/3r4/8/5k2 b - - 0 1
0,1,0,0,0,0,0,1,-1,1,0,1,1,1,0,0,0,0,0,16,0,0,2,2,7,2,5,4,2,5,0,1,0,0,0,0,0,0,0,7,1,1,0,0,0,0,0,2,0,0,KRBKRNvK,DRAW,2K5/8/2k2n1B/8/8/r7/2R5/8 b - - 0 1
1,1,0,0,0,0,0,1,-1,1,0,1,1,1,0,0,0,0,0,16,0,0,3,4,3,3,6,0,2,5,0,1,0,0,0,0,0,0,0,7,1,1,0,0,0,0,3,2,0,0,KRBKRNvK,DRAW,6R1/3kr3/8/8/4K3/8/3B4/2n5 w - - 0 1
1,1,0,0,0,0,0,1,-1,1,0,1,1,1,0,0,0,0,0,16,0,0,4,4,3,7,7,0,6,25,20,0,0,0,0,0,0,0,0,7,1,1,0,0,0,0,3,0,0,1,KRBKRNvK,DRAW,7k/8/8/8/4K3/B4R2/6n1/7r w - - 0 1
1,1,0,0,0,0,0,1,-1,1,0,1,1,1,0,0,0,0,0,16,0,0,4,6,1,2,1,4,3,17,29,0,0,0,0,0,0,0,0,7,1,1,0,0,0,0,1,1,0,0,KRBKRNvK,DRAW,1B3r2/8/8/8/2n5/8/2k3KR/8 w - - 0 1
1,1,0,0,0,0,0,1,-1,1,0,1,1,1,0,0,0,0,0,16,0,0,5,6,5,6,0,3,5,21,24,0,0,0,0,0,0,0,0,7,1,1,0,0,0,0,2,3,2,0,KRBKRNvK,DRAW,8/3r4/6K1/8/2n5/8/4R3/5Bk1 w - - 0 1
0,1,0,0,0,0,0,1,-1,1,0,1,1,1,0,0,0,0,0,16,0,0,2,0,5,1,7,4,5,23,20,0,0,0,0,0,0,0,0,7,1,1,0,0,0,0,3,3,1,2,KRBKRNvK,DRAW,1k5B/8/K1nR4/1r6/8/8/8/8 b - - 0 1
0,1,0,0,0,0,0,1,-1,1,0,1,1,1,0,0,0,0,0,16,0,0,3,6,7,3,6,5,2,22,26,0,0,0,0,0,0,0,0,7,1,1,0,0,0,0,3,2,0,0,KRBKRNvK,DRAW,6K1/3k4/3r4/8/2Bn3R/8/8/8 b - - 0 1
1,1,0,0,0,0,0,1,-1,1,0,1,1,1,0,0,0,0,0,16,0,0,2,7,4,5,2,3,2,14,18,0,0,0,0,0,0,0,0,7,1,1,0,0,0,0,0,1,2,1,KRBKRNvK,DRAW,8/8/5r2/7K/8/5k2/8/n3B2R w - - 0 1
1,1,0,0,0,0,0,1,-1,1,0,1,1,1,0,0,0,0,0,16,0,0,3,5,3,5,6,1,3,7,0,1,0,0,0,0,0,0,0,7,1,1,0,0,0,0,4,2,1,0,KRBKRNvK,DRAW,7B/5k2/n7/R7/1r3K2/8/8/8 w - - 0 1
0,1,0,0,0,0,0,1,-1,1,0,1,1,1,0,0,0,0,0,16,0,0,6,6,5,0,6,3,5,5,0,1,0,0,0,0,0,0,0,7,1,1,1,0,0,0,0,0,0,0,KRBKRNvK,DRAW,8/k6R/6K1/8/8/7n/8/1rB5 b - - 0 1
0,1,0,0,0,0,0,1,-1,1,0,1,1,1,0,0,0,0,0,16,0,0,5,0,7,5,6,6,3,21,17,0,0,0,0,0,0,0,0,7,1,1,0,0,0,0,0,2,0,0,KRBKRNvK,DRAW,K7/3r1k2/8/8/7B/8/1n6/7R b - - 0 1
0,1,0,0,0,0,0,1,-1,1,0,1,1,1,0,0,0,0,0,16,0,0,2,7,5,6,3,4,2,22,22,0,0,0,0,0,0,0,0,7,1,1,1,0,0,0,3,0,0,1,KRBKRNvK,DRAW,5r2/3R3B/7K/8/6k1/8/8/5n2 b - - 0 1
0,1,0,0,0,0,0,1,-1,1,0,1,1,1,0,0,0,0,0,16,0,0,3,7,4,4,7,3,3,23,24,0,0,0,0,0,0,0,0,7,1,1,0,0,0,0,2,0,0,1,KRBKRNvK,DRAW,4k3/8/8/1R5K/7n/r7/7B/8 b - - 0 1
0,1,0,0,0,0,0,1,-1,1,0,1,1,1,0,0,0,0,0,16,0,0,2,1,5,0,3,3,3,1,0,1,0,0,0,0,0,0,0,7,1,1,0,0,0,0,1,2,1,0,KRBKRNvK,DRAW,6n1/8/RK6/3B4/k7/8/8/3r4 b - - 0 1
0,1,0,0,0,0,0,1,-1,1,0,1,1,1,0,0,0,0,0,16,0,0,4,5,0,4,4,4,0,29,19,0,0,0,0,0,0,0,0,7,1,1,0,0,0,0,0,3,0,0,KRBKRNvK,DRAW,2r5/8/8/B3k3/3n4/8/8/5K1R b - - 0 1
0,1,0,0,0,0,0,1,-1,1,0,1,1,1,0,0,0,0,0,16,0,0,6,3,6,5,0,2,4,18,25,0,0,0,0,0,0,0,0,7,1,1,0,0,0,0,2,2,0,1,KRBKRNvK,DRAW,6n1/3K4/8/4r3/8/2B5/1R6/5k2 b - - 0 1
0,1,0,0,0,0,0,1,-1,1,0,1,1,1,0,0,0,0,0,16,0,0,5,7,4,2,5,3,2,20,24,0,0,0,0,0,0,0,0,7,1,1,0,1,0,0,1,2,0,0,KRBKRNvK,DRAW,8/8/2k5/7K/8/3B4/2r1n3/7R b - - 0 1
0,1,0,0,0,0,0,1,-1,1,0,1,1,1,0,0,0,0,0,16,0,0,2,6,5,5,7,3,4,19,27,0,0,0,0,0,0,0,0,7,1,1,1,0,0,0,3,2,2,0,KRBKRNvK,DRAW,5k1B/n2R4/6K1/8/8/4r3/8/8 b - - 0 1
0,1,0,0,0,0,0,1,-1,1,0,1,1,1,0,0,0,0,0,16,0,0,5,2,3,7,4,1,3,4,0,1,0,0,0,0,0,0,0,7,1,1,0,0,0,0,2,2,1,0,KRBKRNvK,DRAW,8/r7/8/7k/2K5/5n1R/6B1/8 b - - 0 1
1,1,0,0,0,0,0,1,-1,1,0,1,1,1,0,0,0,0,0,16,0,0,3,4,4,7,4,0,3,21,20,0,0,0,0,0,0,0,0,7,1,1,0,0,0,0,4,2,0,0,KRBKRNvK,DRAW,2B5/8/8/1R2K2k/r6n/8/8/8 w - - 0 1
1,1,0,0,0,0,0,1,-1,1,0,1,1,1,0,0,0,0,0,16,0,0,2,5,2,4,4,2,0,5,0,1,0,0,0,0,0,0,0,7,1,1,0,0,0,0,2,4,1,1,KRBKRNvK,DRAW,8/5B2/1R4n1/4k3/8/5K2/8/5r2 w - - 0 1
1,1,0,0,0,0,0,1,-1,1,0,1,1,1,0,0,0,0,0,16,0,0,3,0,3,2,6,3,3,4,0,1,0,0,0,0,0,0,0,7,1,1,0,0,0,0,1,2,0,1,KRBKRNvK,DRAW,8/2k5/5RBr/8/K7/2n5/8/8 w - - 0 1
0,1,0,0,0,0,0,1,-1,1,0,1,1,1,0,0,0,0,0,16,0,0,2,3,1,1,1,2,4,2,0,1,0,0,0,0,0,0,0,7,1,1,0,0,0,0,0,3,1,1,KRBKRNvK,LOSS,8/8/R3r3/8/8/4n3/1k1K4/B7 b - - 0 1
1,1,0,0,0,0,0,1,-1,1,0,1,1,1,0,0,0,0,0,16,0,0,4,2,1,6,4,3,2,29,21,0,0,0,0,0,0,0,0,7,1,1,0,0,0,0,2,2,1,0,KRBKRNvK,DRAW,8/6n1/4r3/6kB/R7/8/2K5/8 w - - 0 1
0,1,0,0,0,0,0,1,-1,1,0,1,1,1,0,0,0,0,0,16,0,0,3,3,2,0,5,1,4,19,28,0,0,0,0,0,0,0,0,7,1,1,1,0,0,0,3,0,0,0,KRBKRNvK,DRAW,4B3/4R3/k7/8/8/3K4/7n/6r1 b - - 0 1
1,1,0,0,0,0,0,1,-1,1,0,1,1,1,0,0,0,0,0,16,0,0,5,2,5,7,2,2,4,5,0,1,0,0,0,0,0,0,0,7,1,1,0,0,0,0,2,2,1,1,KRBKRNvK,DRAW,8/4n3/2K5/7r/3R4/5B1k/8/8 w - - 0 1
0,1,0,0,0,0,0,1,-1,1,0,1,1,1,0,0,0,0,0,16,0,0,5,3,6,5,1,2,3,6,0,1,0,0,0,0,0,0,0,7,1,1,0,0,0,0,1,3,0,1,KRBKRNvK,DRAW,8/3K4/5R2/1r2B3/8/8/3n1k2/8 b - - 0 1
0,1,0,0,0,0,0,1,-1,1,0,1,1,1,0,0,0,0,0,16,0,0,4,5,6,5,2,3,2,15,27,0,0,0,0,0,0,0,0,7,1,1,0,0,0,0,1,1,0,0,KRBKRNvK,DRAW,1BR5/5K2/8/8/8/5k2/8/1n3r2 b - - 0 1
0,1,0,0,0,0,0,1,-1,1,0,1,1,1,0,0,0,0,0,16,0,0,2,5,3,3,1,1,2,18,25,0,0,0,0,0,0,0,0,7,1,1,0,0,0,0,3,0,2,0,KRBKRNvK,DRAW,n7/8/r7/8/5K2/8/1B1k4/5R2 b - - 0 1
0,1,0,0,0,0,0,1,-1,1,0,1,1,1,0,0,0,0,0,16,0,0,7,0,0,7,6,6,5,3,0,1,0,0,0,0,0,0,0,7,1,1,0,0,0,0,2,2,0,0,KRBKRNvK,DRAW,8/2n4k/8/4B1r1/7R/8/8/K7 b - - 0 1
1,1,0,0,0,0,0,1,-1,1,0,1,1,1,0,0,0,0,0,16,0,0,3,3,2,0,2,1,4,6,0,1,0,0,0,0,0,0,0,7,1,1,0,0,0,0,4,0,1,0,KRBKRNvK,LOSS,8/7B/n7/2R5/8/k2K3r/8/8 w - - 0 1
0,1,0,0,0,0,0,1,-1,1,0,1,1,1,0,0,0,0,0,16,0,0,4,4,4,0,4,0,3,27,27,0,0,0,0,0,0,0,0,7,1,1,0,0,0,0,3,2,0,1,KRBKRNvK,DRAW,3R4/8/5n2/k3K3/8/1r6/8/2B5 b - - 0 1
1,1,0,0,0,0,0,1,-1,1,0,1,1,1,0,0,0,0,0,16,0,0,3,4,2,6,5,1,3,27,24,0,0,0,0,0,0,0,0,7,1,1,1,0,0,0,3,3,1,1,KRBKRNvK,DRAW,8/7R/6k1/1r6/8/4K1n1/B7/8 w - - 0 1
0,1,0,0,0,0,0,1,-1,1,0,1,1,1,0,0,0,0,0,16,0,0,3,1,7,2,4,5,1,20,28,0,0,0,0,0,0,0,0,7,1,1,0,0,0,0,0,2,1,0,KRBKRNvK,DRAW,1K6/8/R7/2k5/8/8/3B3n/5r2 b - - 0 1
0,1,0,0,0,0,0,1,-1,1,0,1,1,1,0,0,0,0,0,16,0,0,2,4,2,6,4,1,2,21,27,0,0,0,0,0,0,0,0,7,1,1,0,0,0,0,3,0,0,0,KRBKRNvK,DRAW,5n1B/8/r7/6k1/8/4K3/8/7R b - - 0 1
0,1,0,0,0,0,0,1,-1,1,0,1,1,1,0,0,0,0,0,16,0,0,6,4,7,0,1,3,5,22,29,0,0,0,0,0,0,0,0,7,1,1,0,0,0,0,2,0,0,0,KRBKRNvK,DRAW,4K3/8/3B4/7R/8/6r1/k7/4n3 b - - 0 1
1,1,0,0,0,0,0,1,-1,1,0,1,1,1,0,0,0,0,0,16,0,0,2,2,2,4,0,2,3,30,19,0,0,0,0,0,0,0,0,7,1,1,0,0,0,0,4,0,0,0,KRBKRNvK,DRAW,8/r7/8/3B1R2/8/2K5/7n/4k3 w - - 0 1
1,1,0,0,0,0,0,1,-1,1,0,1,1,1,0,0,0,0,0,16,0,0,6,6,6,0,7,4,6,6,0,1,0,0,0,0,0,0,0,7,1,1,0,0,0,0,1,0,0,0,KRBKRNvK,DRAW,k7/2r3K1/8/8/8/8/5BR1/3n4 w - - 0 1
1,1,0,0,0,0,0,1,-1,1,0,1,1,1,0,0,0,0,0,16,0,0,4,5,1,1,3,3,2,25,24,0,0,0,0,0,0,0,0,7,1,1,0,0,0,0,2,0,1,0,KRBKRNvK,WIN,6B1/1r6/8/4n3/1k6/8/3R1K2/8 w - - 0 1
1,1,0,0,0,0,0,1,-1,1,0,1,1,1,0,0,0,0,0,16,0,0,4,7,3,3,1,3,2,5,0,1,0,0,0,0,0,0,0,7,1,1,0,0,0,0,1,2,0,0,KRBKRNvK,DRAW,8/8/8/4B3/r6K/8/3kn3/7R w - - 0 1
0,1,0,0,0,0,0,1,-1,1,0,1,1,1,0,0,0,0,0,16,0,0,5,0,2,5,6,4,3,21,22,0,0,0,0,0,0,0,0,7,1,1,0,0,0,0,2,2,0,1,KRBKRNvK,DRAW,6n1/5k2/8/8/1r6/K7/8/B5R1 b - - 0 1
0,1,0,0,0,0,0,1,-1,1,0,1,1,1,0,0,0,0,0,16,0,0,2,0,0,0,2,6,4,17,17,0,0,0,0,0,0,0,0,7,1,1,0,0,0,0,0,2,0,0,KRBKRNvK,DRAW,8/7n/1R5B/6r1/8/k7/8/K7 b - - 0 1
0,1,0,0,0,0,0,1,-1,1,0,1,1,1,0,0,0,0,0,16,0,0,2,3,4,2,2,0,2,19,23,0,0,0,0,0,0,0,0,7,1,1,0,0,0,0,4,1,0,0,KRBKRNvK,DRAW,8/8/3R4/3K4/8/2k4r/5B2/6n1 b - - 0 1
0,1,0,0,0,0,0,1,-1,1,0,1,1,1,0,0,0,0,0,16,0,0,6,3,0,2,6,3,3,3,0,1,0,0,0,0,0,0,0,7,1,1,0,0,0,0,2,0,1,0,KRBKRNvK,DRAW,8/1nk5/5r2/2R5/8/6B1/8/3K4 b - - 0 1
0,1,0,0,0,0,0,1,-1,1,0,1,1,1,0,0,0,0,0,16,0,0,4,1,7,0,3,5,3,14,27,0,0,0,0,0,0,0,0,7,1,1,1,0,0,0,1,0,0,0,KRBKRNvK,DRAW,1K2n3/1R6/8/3B4/k7/r7/8/8 b - - 0 1
1,1,0,0,0,0,0,1,-1,1,0,1,1,1,0,0,0,0,0,16,0,0,3,2,4,2,1,1,3,4,0,1,0,0,0,0,0,0,0,7,1,1,0,0,0,0,2,0,2,0,KRBKRNvK,DRAW,2r1n3/8/8/2K5/RB6/8/2k5/8 w - - 0 1
0,1,0,0,0,0,0,1,-1,1,0,1,1,1,0,0,0,0,0,16,0,0,4,6,0,3,4,5,0,6,0,1,0,0,0,0,0,0,0,7,1,1,0,0,0,0,1,4,1,0,KRBKRNvK,LOSS,8/8/6B1/1R1k1r2/8/8/3n4/6K1 b - - 0 1
0,1,0,0,0,0,0,1,-1,1,0,1,1,1,0,0,0,0,0,16,0,0,5,3,7,3,2,3,1,5,0,1,0,0,0,0,0,0,0,7,1,1,0,0,0,0,1,3,1,0,KRBKRNvK,DRAW,3K4/8/8/2B5/1n6/3k3R/8/r7 b - - 0 1
1,1,0,0,0,0,0,1,-1,1,0,1,1,1,0,0,0,0,0,16,0,0,2,3,3,4,5,0,1,2,0,1,0,0,0,0,0,0,0,7,1,1,0,0,0,0,3,3,1,2,KRBKRNvK,DRAW,8/B7/4k3/2R5/1r1K4/8/2n5/8 w - - 0 1
0,1,0,0,0,0,0,1,-1,1,0,1,1,1,0,0,0,0,0,16,0,0,3,6,5,5,2,3,2,5,0,1,0,0,0,0,0,0,0,7,1,1,0,0,0,0,1,3,1,0,KRBKRNvK,DRAW,8/8/6K1/3rB3/3n4/2R2k2/8/8 b - - 0 1
1,1,0,0,0,0,0,1,-1,1,0,1,1,1,0,0,0,0,0,16,0,0,3,4,4,1,7,0,5,20,23,0,0,0,0,0,0,0,0,7,1,1,0,0,0,0,4,1,0,1,KRBKRNvK,DRAW,1k6/8/r7/4K3/8/6n1/4R1B1/8 w - - 0 1
1,1,0,0,0,0,0,1,-1,1,0,1,1,1,0,0,0,0,0,16,0,0,4,3,3,7,0,0,6,22,16,0,0,0,0,0,0,0,0,7,1,1,0,0,0,0,4,2,1,0,KRBKRNvK,DRAW,n7/6B1/8/r7/3K4/6R1/8/7k w - - 0 1
1,1,0,0,0,0,0,1,-1,1,0,1,1,1,0,0,0,0,0,16,0,0,2,4,6,6,4,2,2,7,0,1,0,0,0,0,0,0,0,7,1,1,1,0,0,0,0,2,0,1,KRBKRNvK,DRAW,1B4n1/2R1K3/8/6k1/r7/8/8/8 w - - 0 1
1,1,0,0,0,0,0,1,-1,1,0,1,1,1,0,0,0,0,0,16,0,0,4,3,6,0,2,2,4,35,20,0,0,0,0,0,0,0,0,7,1,1,0,0,0,0,1,1,0,0,KRBKRNvK,DRAW,8/3K4/8/8/4B3/kn4r1/7R/8 w - - 0 1
1,1,0,0,0,0,0,1,-1,1,0,1,1,1,0,0,0,0,0,16,0,0,6,7,1,1,1,5,4,5,0,1,0,0,0,0,0,0,0,7,1,1,0,1,0,0,1,2,0,0,KRBKRNvK,DRAW,4n2R/8/8/3B4/8/8/1k2r2K/8 w - - 0 1
1,1,0,0,0,0,0,1,-1,1,0,1,1,1,0,0,0,0,0,16,0,0,7,4,0,6,7,3,5,18,19,0,0,0,0,0,0,0,0,7,1,1,0,0,0,0,1,0,0,1,KRBKRNvK,DRAW,6k1/8/8/8/8/5rBR/n7/4K3 w - - 0 1
0,1,0,0,0,0,0,1,-1,1,0,1,1,1,0,0,0,0,0,16,0,0,4,5,0,5,4,4,1,4,0,1,0,0,0,0,0,0,0,7,1,1,0,0,0,0,1,2,2,1,KRBKRNvK,DRAW,8/7n/4B2R/5k2/8/6r1/8/5K2 b - - 0 1
1,1,0,0,0,0,0,1,-1,1,0,1,1,1,0,0,0,0,0,16,0,0,4,7,4,5,0,3,4,25,20,0,0,0,0,0,0,0,0,7,1,1,0,0,0,0,2,2,0,0,KRBKRNvK,DRAW,6B1/8/8/4R2K/8/3r4/1n6/5k2 w - - 0 1
0,1,0,0,0,0,0,1,-1,1,0,1,1,1,0,0,0,0,0,16,0,0,5,2,0,1,5,4,3,28,25,0,0,0,0,0,0,0,0,7,1,1,0,0,0,0,2,2,0,0,KRBKRNvK,DRAW,r7/8/1kn5/8/8/8/4R2B/2K5 b - - 0 1
0,1,0,0,0,0,0,1,-1,1,0,1,1,1,0,0,0,0,0,16,0,0,4,7,2,3,4,4,0,4,0,1,0,0,0,0,0,0,0,7,1,1,1,0,0,0,1,3,1,0,KRBKRNvK,DRAW,8/3R4/B1n5/3k4/8/7K/8/1r6 b - - 0 1
0,1,0,0,0,0,0,1,-1,1,0,1,1,1,0,0,0,0,0,16,0,0,5,4,7,0,2,3,4,2,0,1,0,0,0,0,0,0,0,7,1,1,0,1,0,0,2,1,2,1,KRBKRNvK,DRAW,4K3/8/4n3/1B6/R7/k7/2r5/8 b - - 0 1
1,1,0,0,0,0,0,1,-1,1,0,1,1,1,0,0,0,0,0,16,0,0,5,7,5,2,5,4,2,23,19,0,0,0,0,0,0,0,0,7,1,1,0,0,0,0,0,1,0,0,KRBKRNvK,DRAW,2r5/1n6/2k4K/8/8/5R2/8/3B4 w - - 0 1
0,1,0,0,0,0,0,1,-1,1,0,1,1,1,0,0,0,0,0,16,0,0,5,7,7,5,2,6,2,25,24,0,0,0,0,0,0,0,0,7,1,1,0,0,0,0,2,2,1,0,KRBKRNvK,DRAW,7K/4B3/8/8/3R1n2/1r3k2/8/8 b - - 0 1
1,1,0,0,0,0,0,1,-1,1,0,1,1,1,0,0,0,0,0,16,0,0,6,0,2,6,0,4,5,28,21,0,0,0,0,0,0,0,0,7,1,1,0,1,0,0,3,1,0,0,KRBKRNvK,DRAW,8/8/3n4/7R/8/K7/2B3r1/6k1 w - - 0 1
0,1,0,0,0,0,0,1,-1,1,0,1,1,1,0,0,0,0,0,16,0,0,3,2,7,5,7,4,4,21,27,0,0,0,0,0,0,0,0,7,1,1,0,0,0,0,1,0,0,1,KRBKRNvK,DRAW,2K2k2/1r6/8/8/4B3/2R5/8/7n b - - 0 1
0,1,0,0,0,0,0,1,-1,1,0,1,1,1,0,0,0,0,0,16,0,0,6,4,7,1,1,3,4,5,0,1,0,0,0,0,0,0,0,7,1,1,0,1,0,0,1,1,0,0,KRBKRNvK,DRAW,1R2K3/8/8/8/4B3/8/1k3n1r/8 b - - 0 1
0,1,0,0,0,0,0,1,-1,1,0,1,1,1,0,0,0,0,0,16,0,0,3,5,5,7,2,2,4,25,20,0,0,0,0,0,0,0,0,7,1,1,0,0,0,0,1,1,0,1,KRBKRNvK,DRAW,2R5/6r1/5K2/8/8/1n5k/B7/8 b - - 0 1
1,1,0,0,0,0,0,1,-1,1,0,1,1,1,0,0,0,0,0,16,0,0,4,0,2,4,5,4,1,25,25,0,0,0,0,0,0,0,0,7,1,1,0,1,0,0,3,2,1,0,KRBKRNvK,DRAW,8/8/1n2k3/4B3/8/K7/6r1/4R3 w - - 0 1
0,1,0,0,0,0,0,1,-1,1,0,1,1,1,0,0,0,0,0,16,0,0,5,4,6,7,1,2,5,3,0,1,0,0,0,0,0,0,0,7,1,1,1,0,0,0,0,0,0,0,KRBKRNvK,DRAW,5B2/1n2K2R/8/8/8/8/7k/7r b - - 0 1
1,1,0,0,0,0,0,1,-1,1,0,1,1,1,0,0,0,0,0,16,0,0,3,0,7,0,4,6,3,25,18,0,0,0,0,0,0,0,0,7,1,1,0,0,0,0,3,2,1,0,KRBKRNvK,DRAW,K7/6n1/8/k5r1/2B2R2/8/8/8 w - - 0 1
0,1,0,0,0,0,0,1,-1,1,0,1,1,1,0,0,0,0,0,16,0,0,3,4,4,7,5,0,4,13,30,0,0,0,0,0,0,0,0,7,1,1,0,0,0,0,3,0,1,0,KRBKRNvK,DRAW,8/5B2/7k/4K3/8/8/8/rnR5 b - - 0 1
0,1,0,0,0,0,0,1,-1,1,0,1,1,1,0,0,0,0,0,16,0,0,3,4,6,4,3,2,0,17,26,0,0,0,0,0,0,0,0,7,1,1,0,0,0,0,0,4,0,0,KRBKRNvK,DRAW,8/4K3/8/8/nr2k3/8/8/2B2R2 b - - 0 1
1,1,0,0,0,0,0,1,-1,1,0,1,1,1,0,0,0,0,0,16,0,0,3,0,5,3,2,4,1,26,23,0,0,0,0,0,0,0,0,7,1,1,0,0,0,0,3,3,1,0,KRBKRNvK,DRAW,8/4r1B1/K7/5R2/7n/3k4/8/8 w - - 0 1
0,1,0,0,0,0,0,1,-1,1,0,1,1,1,0,0,0,0,0,16,0,0,2,3,3,1,4,0,2,27,22,0,0,0,0,0,0,0,0,7,1,1,1,0,0,0,3,1,0,1,KRBKRNvK,DRAW,8/5BR1/r7/1k6/3K4/3n4/8/8 b - - 0 1
1,1,0,0,0,0,0,1,-1,1,0,1,1,1,0,0,0,0,0,16,0,0,7,1,7,7,0,5,6,21,22,0,0,0,0,0,0,0,0,7,1,1,1,0,0,0,0,2,0,0,KRBKRNvK,DRAW,1K6/6R1/8/6B1/8/r4n2/8/7k w - - 0 1
0,1,0,0,0,0,0,1,-1,1,0,1,1,1,0,0,0,0,0,16,0,0,3,0,4,2,7,3,4,21,25,0,0,0,0,0,0,0,0,7,1,1,0,0,0,0,1,1,0,0,KRBKRNvK,DRAW,2k5/8/8/K7/8/4n3/B4R2/4r3 b - - 0 1
0,1,0,0,0,0,0,1,-1,1,0,1,1,1,0,0,0,0,0,16,0,0,4,6,6,7,2,4,4,16,22,0,0,0,0,0,0,0,0,7,1,1,0,0,0,0,2,2,0,1,KRBKRNvK,DRAW,3BR3/6K1/7n/8/7r/7k/8/8 b - - 0 1
0,1,0,0,0,0,0,1,-1,1,0,1,1,1,0,0,0,0,0,16,0,0,6,7,1,1,1,5,4,8,0,1,0,0,0,0,0,0,0,7,1,1,0,0,0,0,2,0,0,0,KRBKRNvK,DRAW,2n4B/8/6r1/8/4R3/8/1k5K/8 b - - 0 1
0,1,0,0,0,0,0,1,-1,1,0,1,1,1,0,0,0,0,0,16,0,0,4,1,0,1,4,5,2,28,26,0,0,0,0,0,0,0,0,7,1,1,0,0,0,0,2,0,0,0,KRBKRNvK,DRAW,8/8/4B3/1k6/4n2R/6r1/8/1K6 b - - 0 1
1,1,0,0,0,0,0,1,-1,1,0,1,1,1,0,0,0,0,0,16,0,0,6,0,4,6,3,3,2,22,22,0,0,0,0,0,0,0,0,7,1,1,0,0,0,0,1,0,0,0,KRBKRNvK,WIN,2r1n3/8/8/K7/6k1/1B6/1R6/8 w - - 0 1
1,1,0,0,0,0,0,1,-1,1,0,1,1,1,0,0,0,0,0,16,0,0,5,5,0,6,5,4,3,4,0,1,0,0,0,0,0,0,0,7,1,1,0,0,0,0,3,1,0,1,KRBKRNvK,LOSS,8/8/3B2k1/8/8/4n3/8/2rR1K2 w - - 0 1
0,1,0,0,0,0,0,1,-1,1,0,1,1,1,0,0,0,0,0,16,0,0,5,5,5,0,4,2,3,2,0,1,0,0,0,0,0,0,0,7,1,1,0,0,0,0,2,1,0,1,KRBKRNvK,DRAW,7r/8/5K2/k7/8/3Bn3/R7/8 b - - 0 1
1,1,0,0,0,0,0,1,-1,1,0,1,1,1,0,0,0,0,0,16,0,0,6,1,7,7,5,5,4,17,19,0,0,0,0,0,0,0,0,7,1,1,1,1,0,0,0,0,2,0,KRBKRNvK,DRAW,1K5B/6R1/7k/8/8/8/2r5/3n4 w - - 0 1
1,1,0,0,0,0,0,1,-1,1,0,1,1,1,0,0,0,0,0,16,0,0,3,4,4,7,1,0,5,29,18,0,0,0,0,0,0,0,0,7,1,1,0,0,0,0,3,0,0,0,KRBKRNvK,DRAW,3R4/n7/8/3BK3/8/r7/7k/8 w - - 0 1
0,1,0,0,0,0,0,1,-1,1,0,1,1,1,0,0,0,0,0,16,0,0,2,0,7,2,7,6,4,22,16,0,0,0,0,0,0,0,0,7,1,1,0,0,0,0,0,2,0,0,KRBKRNvK,WIN,K1k5/3n4/4r3/8/8/1R6/B7/8 b - - 0 1
0,1,0,0,0,0,0,1,-1,1,0,1,1,1,0,0,0,0,0,16,0,0,6,1,7,7,6,5,5,4,0,1,0,0,0,0,0,0,0,7,1,1,1,0,0,0,0,3,0,0,KRBKRNvK,DRAW,1K6/1R5k/8/r7/8/8/5n2/5B2 b - - 0 1
1,1,0,0,0,0,0,1,-1,1,0,1,1,1,0,0,0,0,0,16,0,0,3,2,5,2,2,2,2,22,19,0,0,0,0,0,0,0,0,7,1,1,0,0,0,0,3,3,1,0,KRBKRNvK,DRAW,8/1B6/2K5/8/1R6/2k5/8/2n1r3 w - - 0 1
0,1,0,0,0,0,0,1,-1,1,0,1,1,1,0,0,0,0,0,16,0,0,4,6,4,2,6,2,3,30,28,0,0,0,0,0,0,0,0,7,1,1,0,0,0,0,3,1,0,0,KRBKRNvK,DRAW,8/2k5/8/2n3K1/8/8/B3R3/1r6 b - - 0 1
1,1,0,0,0,0,0,1,-1,1,0,1,1,1,0,0,0,0,0,16,0,0,5,2,7,5,2,4,2,19,20,0,0,0,0,0,0,0,0,7,1,1,0,1,0,0,2,1,1,0,KRBKRNvK,DRAW,2K3n1/8/8/3R4/8/2B2k2/2r5/8 w - - 0 1
1,1,0,0,0,0,0,1,-1,1,0,1,1,1,0,0,0,0,0,16,0,0,3,5,6,7,3,3,3,30,20,0,0,0,0,0,0,0,0,7,1,1,0,0,0,0,3,2,0,0,KRBKRNvK,DRAW,8/5K2/3B4/8/2r4k/8/n7/3R4 w - - 0 1
1,1,0,0,0,0,0,1,-1,1,0,1,1,1,0,0,0,0,0,16,0,0,6,3,6,7,0,2,6,28,22,0,0,0,0,0,0,0,0,7,1,1,0,0,0,0,2,1,0,0,KRBKRNvK,DRAW,r7/3K4/6B1/8/2R5/8/5n2/7k w - - 0 1
1,1,0,0,0,0,0,1,-1,1,0,1,1,1,0,0,0,0,0,16,0,0,4,3,6,7,4,2,3,7,0,1,0,0,0,0,0,0,0,7,1,1,0,1,0,0,2,2,0,0,KRBKRNvK,DRAW,8/3K4/4R3/7k/8/B7/3r4/7n w - - 0 1
0,1,0,0,0,0,0,1,-1,1,0,1,1,1,0,0,0,0,0,16,0,0,3,4,4,7,7,0,6,24,21,0,0,0,0,0,0,0,0,7,1,1,0,0,0,0,4,0,0,2,KRBKRNvK,DRAW,7k/8/8/4K3/3RnB2/6r1/8/8 b - - 0 1
0,1,0,0,0,0,0,1,-1,1,0,1,1,1,0,0,0,0,0,16,0,0,6,0,2,6,2,4,3,21,22,0,0,0,0,0,0,0,0,7,1,1,0,0,0,0,2,2,0,0,KRBKRNvK,DRAW,2B5/7n/4R3/6r1/8/K5k1/8/8 b - - 0 1
1,1,0,0,0,0,0,1,-1,1,0,1,1,1,0,0,0,0,0,16,0,0,3,1,4,4,1,2,2,31,22,0,0,0,0,0,0,0,0,7,1,1,0,0,0,0,1,0,1,0,KRBKRNvK,DRAW,7R/5r2/8/1K6/8/8/2B1k3/6n1 w - - 0 1
0,1,0,0,0,0,0,1,-1,1,0,1,1,1,0,0,0,0,0,16,0,0,5,4,2,4,7,1,3,3,0,1,0,0,0,0,0,0,0,7,1,1,0,1,0,0,3,0,1,0,KRBKRNvK,DRAW,2R1k3/8/8/8/8/4K3/rB6/1n6 b - - 0 1
1,1,0,0,0,0,0,1,-1,1,0,1,1,1,0,0,0,0,0,16,0,0,2,2,1,1,3,3,2,3,0,1,0,0,0,0,0,0,0,7,1,1,0,0,0,0,0,0,0,1,KRBKRNvK,DRAW,8/8/6R1/8/1k5B/8/2K5/n6r w - - 0 1
1,1,0,0,0,0,0,1,-1,1,0,1,1,1,0,0,0,0,0,16,0,0,3,7,6,4,5,5,1,24,25,0,0,0,0,0,0,0,0,7,1,1,0,0,0,0,2,2,0,0,KRBKRNvK,DRAW,R6B/3n3K/4k3/8/8/1r6/8/8 w - - 0 1
0,1,0,0,0,0,0,1,-1,1,0,1,1,1,0,0,0,0,0,16,0,0,7,0,7,4,0,6,3,4,0,1,0,0,0,0,0,0,0,7,1,1,0,0,0,0,1,3,1,0,KRBKRNvK,DRAW,K1R5/8/4n3/8/3r4/6B1/8/4k3 b - - 0 1
0,1,0,0,0,0,0,1,-1,1,0,1,1,1,0,0,0,0,0,16,0,0,6,6,0,7,6,5,5,12,25,0,0,0,0,0,0,0,0,7,1,1,0,0,0,0,2,0,0,0,KRBKRNvK,DRAW,2n4r/7k/8/8/3R3B/8/8/6K1 b - - 0 1
0,1,0,0,0,0,0,1,-1,1,0,1,1,1,0,0,0,0,0,16,0,0,2,3,7,5,7,3,4,23,25,0,0,0,0,0,0,0,0,7,1,1,0,0,0,0,3,1,0,1,KRBKRNvK,DRAW,3K1k2/2r5/8/8/1R6/5B2/4n3/8 b - - 0 1
1,1,0,0,0,0,0,1,-1,1,0,1,1,1,0,0,0,0,0,16,0,0,5,2,7,7,2,4,4,24,24,0,0,0,0,0,0,0,0,7,1,1,1,0,0,0,2,0,0,0,KRBKRNvK,DRAW,2K4B/2R5/8/8/4n3/6rk/8/8 w - - 0 1
0,1,0,0,0,0,0,1,-1,1,0,1,1,1,0,0,0,0,0,16,0,0,3,3,4,4,1,0,2,24,18,0,0,0,0,0,0,0,0,7,1,1,0,0,0,0,4,2,0,1,KRBKRNvK,DRAW,1B6/8/8/1R1K4/4r3/8/1n2k3/8 b - - 0 1
0,1,0,0,0,0,0,1,-1,1,0,1,1,1,0,0,0,0,0,16,0,0,4,7,0,5,4,6,1,27,22,0,0,0,0,0,0,0,0,7,1,1,0,0,0,0,1,3,0,0,KRBKRNvK,DRAW,1r6/8/2n5/5k2/8/8/R6B/7K b - - 0 1
1,1,0,0,0,0,0,1,-1,1,0,1,1,1,0,0,0,0,0,16,0,0,2,3,3,5,4,0,1,4,0,1,0,0,0,0,0,0,0,7,1,1,0,0,0,0,3,4,0,0,KRBKRNvK,DRAW,3r4/8/8/5k2/3K4/R5n1/8/3B4 w - - 0 1
1,1,0,0,0,0,0,1,-1,1,0,1,1,1,0,0,0,0,0,16,0,0,7,2,7,0,0,4,6,3,0,1,0,0,0,0,0,0,0,7,1,1,0,0,0,0,2,1,0,1,KRBKRNvK,DRAW,r1K5/2B5/3R4/8/8/8/4n3/k7 w - - 0 1
0,1,0,0,0,0,0,1,-1,1,0,1,1,1,0,0,0,0,0,16,0,0,3,4,4,4,1,0,2,4,0,1,0,0,0,0,0,0,0,7,1,1,0,0,0,0,3,0,1,1,KRBKRNvK,DRAW,8/6r1/8/4K3/8/3B3R/4k3/6n1 b - - 0 1
0,1,0,0,0,0,0,1,-1,1,0,1,1,1,0,0,0,0,0,16,0,0,5,2,2,2,7,2,4,20,21,0,0,0,0,0,0,0,0,7,1,1,0,1,0,0,2,3,0,2,KRBKRNvK,DRAW,2k5/8/8/8/8/2KR4/2n1r3/2B5 b - - 0 1
0,1,0,0,0,0,0,1,-1,1,0,1,1,1,0,0,0,0,0,16,0,0,2,7,5,7,3,4,3,4,0,1,0,0,0,0,0,0,0,7,1,1,0,0,0,0,3,0,0,0,KRBKRNvK,DRAW,8/2B5/7K/3n4/R6k/2r5/8/8 b - - 0 1
1,1,0,0,0,0,0,1,-1,1,0,1,1,1,0,0,0,0,0,16,0,0,2,0,5,0,7,4,6,2,0,1,0,0,0,0,0,0,0,7,1,1,0,0,0,0,3,1,0,1,KRBKRNvK,DRAW,k7/8/K7/8/r2B1R2/8/6n1/8 w - - 0 1
0,1,0,0,0,0,0,1,-1,1,0,1,1,1,0,0,0,0,0,16,0,0,5,2,0,7,1,4,5,27,23,0,0,0,0,0,0,0,0,7,1,1,0,0,0,0,2,1,0,0,KRBKRNvK,DRAW,r7/8/7B/1R6/2n5/8/7k/2K5 b - - 0 1
0,1,0,0,0,0,0,1,-1,1,0,1,1,1,0,0,0,0,0,16,0,0,2,3,6,5,7,2,4,2,0,1,0,0,0,0,0,0,0,7,1,1,0,0,0,0,2,3,1,1,KRBKRNvK,DRAW,4Rk2/3K4/2n5/8/2r5/6B1/8/8 b - - 0 1
0,1,0,0,0,0,0,1,-1,1,0,1,1,1,0,0,0,0,0,16,0,0,3,6,7,4,4,5,0,17,25,0,0,0,0,0,0,0,0,7,1,1,0,0,0,0,1,4,2,0,KRBKRNvK,DRAW,6K1/8/8/3rkB1n/8/5R2/8/8 b - - 0 1
0,1,0,0,0,0,0,1,-1,1,0,1,1,1,0,0,0,0,0,16,0,0,3,2,1,5,4,3,1,6,0,1,0,0,0,0,0,0,0,7,1,1,0,0,0,0,1,2,2,0,KRBKRNvK,DRAW,8/7n/6r1/5k1R/3B4/8/2K5/8 b - - 0 1
0,1,0,0,0,0,0,1,-1,1,0,1,1,1,0,0,0,0,0,16,0,0,5,5,7,7,2,4,4,23,24,0,0,0,0,0,0,0,0,7,1,1,0,0,0,0,3,0,0,0,KRBKRNvK,DRAW,5K1B/8/r7/8/8/7k/8/2nR4 b - - 0 1
1,1,0,0,0,0,0,1,-1,1,0,1,1,1,0,0,0,0,0,16,0,0,6,1,6,5,0,4,4,27,15,0,0,0,0,0,0,0,0,7,1,1,0,0,0,0,3,1,1,1,KRBKRNvK,DRAW,6B1/1K6/8/1n6/8/8/4R3/5kr1 w - - 0 1
0,1,0,0,0,0,0,1,-1,1,0,1,1,1,0,0,0,0,0,16,0,0,4,1,6,0,2,4,4,24,21,0,0,0,0,0,0,0,0,7,1,1,0,0,0,0,0,3,0,1,KRBKRNvK,DRAW,8/1K6/2R1n3/r7/8/k7/8/5B2 b - - 0 1
1,1,0,0,0,0,0,1,-1,1,0,1,1,1,0,0,0,0,0,16,0,0,3,3,2,0,5,1,4,5,0,1,0,0,0,0,0,0,0,7,1,1,0,0,0,0,3,2,0,1,KRBKRNvK,DRAW,8/3r4/k7/8/1n6/3K4/6B1/1R6 w - - 0 1
0,1,0,0,0,0,0,1,-1,1,0,1,1,1,0,0,0,0,0,16,0,0,4,6,0,2,4,5,1,20,24,0,0,0,0,0,0,0,0,7,1,1,0,0,0,0,2,2,1,0,KRBKRNvK,DRAW,3r4/n7/8/2k5/1R6/8/8/4B1K1 b - - 0 1
1,1,0,0,0,0,0,1,-1,1,0,1,1,1,0,0,0,0,0,16,0,0,5,1,2,1,7,3,5,5,0,1,0,0,0,0,0,0,0,7,1,1,0,0,0,0,1,0,0,1,KRBKRNvK,DRAW,1k6/8/8/8/4nR2/1K6/4B3/1r6 w - - 0 1
0,1,0,0,0,0,0,1,-1,1,0,1,1,1,0,0,0,0,0,16,0,0,7,6,7,4,0,5,3,26,25,0,0,0,0,0,0,0,0,7,1,1,0,0,0,0,3,2,0,0,KRBKRNvK,DRAW,6KB/8/2r5/8/1R6/5n2/8/4k3 b - - 0 1
1,1,0,0,0,0,0,1,-1,1,0,1,1,1,0,0,0,0,0,16,0,0,2,2,2,3,0,2,3,29,19,0,0,0,0,0,0,0,0,7,1,1,0,0,0,0,2,2,0,0,KRBKRNvK,DRAW,1R6/8/4r1B1/8/8/2K5/7n/3k4 w - - 0 1
0,1,0,0,0,0,0,1,-1,1,0,1,1,1,0,0,0,0,0,16,0,0,4,3,5,0,1,1,5,23,27,0,0,0,0,0,0,0,0,7,1,1,0,0,0,0,2,1,0,0,KRBKRNvK,DRAW,5R2/3B4/3K4/8/8/2r5/k1n5/8 b - - 0 1
0,1,0,0,0,0,0,1,-1,1,0,1,1,1,0,0,0,0,0,16,0,0,2,2,1,1,3,3,2,3,0,1,0,0,0,0,0,0,0,7,1,1,1,0,0,0,0,1,0,0,KRBKRNvK,DRAW,6r1/2R1B3/8/8/1k3n2/8/2K5/8 b - - 0 1
1,1,0,0,0,0,0,1,-1,1,0,1,1,1,0,0,0,0,0,16,0,0,6,0,0,4,6,6,2,3,0,1,0,0,0,0,0,0,0,7,1,1,0,0,0,0,3,1,2,0,KRBKRNvK,DRAW,r7/4k3/4B3/3R4/8/6n1/8/K7 w - - 0 1
0,1,0,0,0,0,0,1,-1,1,0,1,1,1,0,0,0,0,0,16,0,0,3,1,1,4,3,4,0,23,25,0,0,0,0,0,0,0,0,7,1,1,0,0,0,0,0,3,0,1,KRBKRNvK,DRAW,4B3/8/n7/8/4k3/r7/1K6/6R1 b - - 0 1
0,1,0,0,0,0,0,1,-1,1,0,1,1,1,0,0,0,0,0,16,0,0,7,5,0,2,7,4,4,18,26,0,0,0,0,0,0,0,0,7,1,1,0,0,0,0,3,2,0,0,KRBKRNvK,DRAW,2k2n2/8/8/2r5/8/3R4/7B/5K2 b - - 0 1
0,1,0,0,0,0,0,1,-1,1,0,1,1,1,0,0,0,0,0,16,0,0,3,3,5,6,2,1,3,21,26,0,0,0,0,0,0,0,0,7,1,1,0,0,0,0,4,0,0,1,KRBKRNvK,DRAW,8/1r6/n2K4/3B4/2R5/6k1/8/8 b - - 0 1
0,1,0,0,0,0,0,1,-1,1,0,1,1,1,0,0,0,0,0,16,0,0,3,2,0,2,3,4,1,18,23,0,0,0,0,0,0,0,0,7,1,1,0,0,0,0,2,2,0,0,KRBKRNvK,DRAW,7B/1n6/8/8/r1k5/8/8/2K3R1 b - - 0 1
0,1,0,0,0,0,0,1,-1,1,0,1,1,1,0,0,0,0,0,16,0,0,3,2,4,5,2,1,2,27,28,0,0,0,0,0,0,0,0,7,1,1,0,0,0,0,2,2,0,0,KRBKRNvK,DRAW,3R4/6r1/8/2K5/B7/5k2/4n3/8 b - - 0 1
0,1,0,0,0,0,0,1,-1,1,0,1,1,1,0,0,0,0,0,16,0,0,2,3,4,4,2,0,1,2,0,1,0,0,0,0,0,0,0,7,1,1,0,0,0,0,3,2,1,1,KRBKRNvK,DRAW,8/1r6/7B/3K4/n7/4k3/8/5R2 b - - 0 1
0,1,0,0,0,0,0,1,-1,1,0,1,1,1,0,0,0,0,0,16,0,0,2,3,6,5,5,2,2,22,27,0,0,0,0,0,0,0,0,7,1,1,0,0,0,0,3,2,0,2,KRBKRNvK,DRAW,8/2nK4/1r3k2/2B5/8/8/4R3/8 b - - 0 1
1,1,0,0,0,0,0,1,-1,1,0,1,1,1,0,0,0,0,0,16,0,0,3,3,3,6,0,0,5,24,25,0,0,0,0,0,0,0,0,7,1,1,1,0,0,0,3,1,0,0,KRBKRNvK,DRAW,2r5/R6B/8/8/3K4/6n1/8/6k1 w - - 0 1
1,1,0,0,0,0,0,1,-1,1,0,1,1,1,0,0,0,0,0,16,0,0,5,4,6,2,1,2,3,7,0,1,0,0,0,0,0,0,0,7,1,1,0,0,0,0,2,0,0,0,KRBKRNvK,DRAW,6R1/r3K3/n7/8/8/5B2/2k5/8 w - - 0 1
0,1,0,0,0,0,0,1,-1,1,0,1,1,1,0,0,0,0,0,16,0,0,4,3,4,5,0,0,4,19,24,0,0,0,0,0,0,0,0,7,1,1,0,0,0,0,3,0,0,0,KRBKRNvK,DRAW,1n3r2/8/8/3K4/2R5/1B6/8/5k2 b - - 0 1
0,1,0,0,0,0,0,1,-1,1,0,1,1,1,0,0,0,0,0,16,0,0,3,5,4,4,7,1,3,2,0,1,0,0,0,0,0,0,0,7,1,1,0,0,0,0,2,1,1,0,KRBKRNvK,DRAW,2R1k3/1r6/1n6/5K1B/8/8/8/8 b - - 0 1
0,1,0,0,0,0,0,1,-1,1,0,1,1,1,0,0,0,0,0,16,0,0,7,6,0,3,7,5,3,2,0,1,0,0,0,0,0,0,0,7,1,1,0,0,0,0,0,1,2,0,KRBKRNvK,DRAW,1R1kB3/8/5r2/6n1/8/8/8/6K1 b - - 0 1
0,1,0,0,0,0,0,1,-1,1,0,1,1,1,0,0,0,0,0,16,0,0,2,5,3,7,4,1,3,2,0,1,0,0,0,0,0,0,0,7,1,1,0,0,0,0,4,0,1,1,KRBKRNvK,DRAW,8/5B2/n6r/7k/5K2/3R4/8/8 b - - 0 1
0,1,0,0,0,0,0,1,-1,1,0,1,1,1,0,0,0,0,0,16,0,0,6,1,0,7,3,5,3,19,19,0,0,0,0,0,0,0,0,7,1,1,1,0,0,0,0,2,0,0,KRBKRNvK,DRAW,8/6R1/8/7r/2n4k/8/B7/1K6 b - - 0 1
0,1,0,0,0,0,0,1,-1,1,0,1,1,1,0,0,0,0,0,16,0,0,4,2,0,6,4,4,2,19,18,0,0,0,0,0,0,0,0,7,1,1,1,0,0,0,0,0,0,0,KRBKRNvK,DRAW,6r1/R2B4/n7/6k1/8/8/8/2K5 b - - 0 1
0,1,0,0,0,0,0,1,-1,1,0,1,1,1,0,0,0,0,0,16,0,0,2,7,5,7,3,4,3,22,19,0,0,0,0,0,0,0,0,7,1,1,1,0,0,0,1,2,0,0,KRBKRNvK,DRAW,8/2nR4/3B3K/r7/7k/8/8/8 b - - 0 1
1,1,0,0,0,0,0,1,-1,1,0,1,1,1,0,0,0,0,0,16,0,0,2,4,0,6,2,3,3,23,23,0,0,0,0,0,0,0,0,7,1,1,0,0,0,0,2,3,1,0,KRBKRNvK,DRAW,8/8/R7/8/2n2r2/6k1/8/4K2B w - - 0 1
0,1,0,0,0,0,0,1,-1,1,0,1,1,1,0,0,0,0,0,16,0,0,5,7,1,7,6,5,5,3,0,1,0,0,0,0,0,0,0,7,1,1,0,0,0,0,3,3,0,0,KRBKRNvK,DRAW,8/7k/2n1R3/8/4B3/8/7K/3r4 b - - 0 1
0,1,0,0,0,0,0,1,-1,1,0,1,1,1,0,0,0,0,0,16,0,0,2,5,2,3,2,2,1,15,21,0,0,0,0,0,0,0,0,7,1,1,0,0,0,0,3,3,2,2,KRBKRNvK,DRAW,8/8/8/1R6/3r4/1B1k1K2/8/7n b - - 0 1
0,1,0,0,0,0,0,1,-1,1,0,1,1,1,0,0,0,0,0,16,0,0,6,7,2,1,5,4,3,25,26,0,0,0,0,0,0,0,0,7,1,1,0,0,0,0,1,2,0,0,KRBKRNvK,DRAW,8/8/1k6/4r3/1n3B2/2R4K/8/8 b - - 0 1
0,1,0,0,0,0,0,1,-1,1,0,1,1,1,0,0,0,0,0,16,0,0,6,1,7,7,2,5,4,22,21,0,0,0,0,0,0,0,0,7,1,1,0,0,0,0,2,1,0,0,KRBKRNvK,DRAW,1K6/8/4R3/2rn4/8/B6k/8/8 b - - 0 1
1,1,0,0,0,0,0,1,-1,1,0,1,1,1,0,0,0,0,0,16,0,0,3,6,5,4,2,3,1,25,20,0,0,0,0,0,0,0,0,7,1,1,0,0,0,0,2,3,1,0,KRBKRNvK,DRAW,6R1/2n5/6K1/8/8/4k3/6B1/4r3 w - - 0 1
0,1,0,0,0,0,0,1,-1,1,0,1,1,1,0,0,0,0,0,16,0,0,3,4,4,7,3,0,3,23,20,0,0,0,0,0,0,0,0,7,1,1,1,0,0,0,3,1,0,2,KRBKRNvK,DRAW,8/3R4/3n2r1/4K3/7k/8/2B5/8 b - - 0 1
0,1,0,0,0,0,0,1,-1,1,0,1,1,1,0,0,0,0,0,16,0,0,3,4,4,1,2,0,3,20,28,0,0,0,0,0,0,0,0,7,1,1,0,0,0,0,3,0,0,0,KRBKRNvK,DRAW,8/1n6/2R5/4K3/8/1k5r/8/4B3 b - - 0 1
0,1,0,0,0,0,0,1,-1,1,0,1,1,1,0,0,0,0,0,16,0,0,3,2,2,5,4,2,1,15,27,0,0,0,0,0,0,0,0,7,1,1,0,0,0,0,2,2,0,0,KRBKRNvK,DRAW,1B6/7n/8/5k1r/8/2K5/1R6/8 b - - 0 1
0,1,0,0,0,0,0,1,-1,1,0,1,1,1,0,0,0,0,0,16,0,0,6,0,1,6,3,5,2,28,27,0,0,0,0,0,0,0,0,7,1,1,0,0,0,0,1,2,1,0,KRBKRNvK,DRAW,8/3r4/2R1n3/8/6k1/4B3/K7/8 b - - 0 1
1,1,0,0,0,0,0,1,-1,1,0,1,1,1,0,0,0,0,0,16,0,0,4,3,2,7,3,1,3,28,19,0,0,0,0,0,0,0,0,7,1,1,0,0,0,0,3,0,0,1,KRBKRNvK,DRAW,7n/2B5/R7/8/7k/3K4/8/2r5 w - - 0 1
0,1,0,0,0,0,0,1,-1,1,0,1,1,1,0,0,0,0,0,16,0,0,6,0,6,5,0,5,4,26,20,0,0,0,0,0,0,0,0,7,1,1,0,1,0,0,1,2,0,0,KRBKRNvK,DRAW,R7/K1B5/8/8/8/2n5/6r1/5k2 b - - 0 1
0,1,0,0,0,0,0,1,-1,1,0,1,1,1,0,0,0,0,0,16,0,0,2,2,3,2,5,1,2,4,0,1,0,0,0,0,0,0,0,7,1,1,0,0,0,0,3,1,1,0,KRBKRNvK,DRAW,n7/r7/2k5/3B4/2K5/8/2R5/8 b - - 0 1
0,1,0,0,0,0,0,1,-1,1,0,1,1,1,0,0,0,0,0,16,0,0,5,1,0,6,2,5,3,26,16,0,0,0,0,0,0,0,0,7,1,1,0,1,0,0,3,0,0,0,KRBKRNvK,DRAW,8/B7/8/3n4/3R4/6k1/5r2/1K6 b - - 0 1
1,1,0,0,0,0,0,1,-1,1,0,1,1,1,0,0,0,0,0,16,0,0,4,7,3,3,5,3,1,2,0,1,0,0,0,0,0,0,0,7,1,1,0,1,0,0,2,3,2,2,KRBKRNvK,DRAW,8/8/3k4/3B4/1R5K/5n2/7r/8 w - - 0 1
0,1,0,0,0,0,0,1,-1,1,0,1,1,1,0,0,0,0,0,16,0,0,5,2,5,6,0,2,5,21,23,0,0,0,0,0,0,0,0,7,1,1,0,0,0,0,3,0,0,0,KRBKRNvK,DRAW,8/5B2/2K1R3/8/7n/8/8/r5k1 b - - 0 1
0,1,0,0,0,0,0,1,-1,1,0,1,1,1,0,0,0,0,0,16,0,0,4,6,3,2,3,2,1,7,0,1,0,0,0,0,0,0,0,7,1,1,0,0,0,0,1,2,1,0,KRBKRNvK,DRAW,8/8/4B2R/8/2k3K1/8/8/3r1n2 b - - 0 1
0,1,0,0,0,0,0,1,-1,1,0,1,1,1,0,0,0,0,0,16,0,0,7,0,0,7,5,6,4,3,0,1,0,0,0,0,0,0,0,7,1,1,0,0,0,0,1,3,2,0,KRBKRNvK,DRAW,6BR/8/1n5k/8/6r1/8/8/K7 b - - 0 1
0,1,0,0,0,0,0,1,-1,1,0,1,1,1,0,0,0,0,0,16,0,0,7,0,0,7,1,6,5,3,0,1,0,0,0,0,0,0,0,7,1,1,0,1,0,0,0,2,0,1,KRBKRNvK,LOSS,8/8/2n4R/B7/8/8/1r5k/K7 b - - 0 1
1,1,0,0,0,0,0,1,-1,1,0,1,1,1,0,0,0,0,0,16,0,0,2,4,0,2,1,3,3,2,0,1,0,0,0,0,0,0,0,7,1,1,0,0,0,0,3,0,0,1,KRBKRNvK,DRAW,4R3/8/8/8/8/8/2k3B1/1r2Kn2 w - - 0 1
0,1,0,0,0,0,0,1,-1,1,0,1,1,1,0,0,0,0,0,16,0,0,3,4,2,1,4,1,2,20,23,0,0,0,0,0,0,0,0,7,1,1,0,0,0,0,2,2,0,0,KRBKRNvK,DRAW,2B5/8/8/1k6/r7/4K3/1nR5/8 b - - 0 1
0,1,0,0,0,0,0,1,-1,1,0,1,1,1,0,0,0,0,0,16,0,0,2,6,4,7,6,2,5,17,29,0,0,0,0,0,0,0,0,7,1,1,0,0,0,0,2,0,0,0,KRBKRNvK,DRAW,8/7k/8/n5K1/1R6/8/5B2/r7 b - - 0 1
0,1,0,0,0,0,0,1,-1,1,0,1,1,1,0,0,0,0,0,16,0,0,4,5,4,1,0,1,5,21,22,0,0,0,0,0,0,0,0,7,1,1,0,0,0,0,3,3,0,1,KRBKRNvK,DRAW,8/8/8/5K2/R7/1n2r3/8/1k4B1 b - - 0 1
1,1,0,0,0,0,0,1,-1,1,0,1,1,1,0,0,0,0,0,16,0,0,3,0,4,2,7,3,4,23,20,0,0,0,0,0,0,0,0,7,1,1,0,0,0,0,1,0,0,0,KRBKRNvK,WIN,1nk5/8/8/K7/8/1B5r/8/R7 w - - 0 1
0,1,0,0,0,0,0,1,-1,1,0,1,1,1,0,0,0,0,0,16,0,0,5,2,7,6,2,4,3,25,23,0,0,0,0,0,0,0,0,7,1,1,0,0,0,0,1,2,1,0,KRBKRNvK,DRAW,2K5/8/8/5B2/7r/6k1/R1n5/8 b - - 0 1
0,1,0,0,0,0,0,1,-1,1,0,1,1,1,0,0,0,0,0,16,0,0,6,6,7,0,6,5,5,22,21,0,0,0,0,0,0,0,0,7,1,1,0,0,0,0,0,3,1,0,KRBKRNvK,DRAW,2R2BK1/k7/8/3r4/1n6/8/8/8 b - - 0 1
0,1,0,0,0,0,0,1,-1,1,0,1,1,1,0,0,0,0,0,16,0,0,2,3,2,1,3,1,2,20,24,0,0,0,0,0,0,0,0,7,1,1,0,0,0,0,3,2,0,1,KRBKRNvK,DRAW,nB6/8/8/8/1kr5/3K4/8/5R2 b - - 0 1
0,1,0,0,0,0,0,1,-1,1,0,1,1,1,0,0,0,0,0,16,0,0,2,4,6,4,4,2,0,23,22,0,0,0,0,0,0,0,0,7,1,1,0,0,0,0,0,3,1,0,KRBKRNvK,DRAW,4B3/1n2K3/6R1/4k3/8/8/8/r7 b - - 0 1
0,1,0,0,0,0,0,1,-1,1,0,1,1,1,0,0,0,0,0,16,0,0,3,0,2,0,5,4,4,18,25,0,0,0,0,0,0,0,0,7,1,1,0,0,0,0,2,0,0,0,KRBKRNvK,DRAW,4B2n/8/k5r1/8/7R/K7/8/8 b - - 0 1
0,1,0,0,0,0,0,1,-1,1,0,1,1,1,0,0,0,0,0,16,0,0,5,1,1,6,2,4,3,27,23,0,0,0,0,0,0,0,0,7,1,1,0,0,0,0,0,3,1,0,KRBKRNvK,DRAW,8/8/1R2n3/2r5/8/6k1/1K2B3/8 b - - 0 1
1,1,0,0,0,0,0,1,-1,1,0,1,1,1,0,0,0,0,0,16,0,0,4,1,3,5,3,2,1,13,27,0,0,0,0,0,0,0,0,7,1,1,0,0,0,0,0,3,0,1,KRBKRNvK,DRAW,8/8/2r2n2/8/1K3k2/B7/1R6/8 w - - 0 1
0,1,0,0,0,0,0,1,-1,1,0,1,1,1,0,0,0,0,0,16,0,0,5,6,4,1,5,2,3,25,32,0,0,0,0,0,0,0,0,7,1,1,0,0,0,0,2,1,1,0,KRBKRNvK,DRAW,r7/2n5/1k1B4/6K1/8/8/8/4R3 b - - 0 1
1,1,0,0,0,0,0,1,-1,1,0,1,1,1,0,0,0,0,0,16,0,0,3,4,4,1,5,0,3,23,21,0,0,0,0,0,0,0,0,7,1,1,0,0,0,0,3,0,0,0,KRBKRNvK,DRAW,7R/8/1k5B/n3K3/8/1r6/8/8 w - - 0 1
1,1,0,0,0,0,0,1,-1,1,0,1,1,1,0,0,0,0,0,16,0,0,3,2,4,2,1,1,3,6,0,1,0,0,0,0,0,0,0,7,1,1,0,0,0,0,3,1,0,1,KRBKRNvK,DRAW,8/7r/8/2KRB3/8/1n6/2k5/8 w - - 0 1
1,1,0,0,0,0,0,1,-1,1,0,1,1,1,0,0,0,0,0,16,0,0,3,3,7,0,5,3,4,26,17,0,0,0,0,0,0,0,0,7,1,1,0,0,0,0,2,1,0,0,KRBKRNvK,DRAW,3K4/6r1/k7/3R4/6n1/4B3/8/8 w - - 0 1
1,1,0,0,0,0,0,1,-1,1,0,1,1,1,0,0,0,0,0,16,0,0,3,5,5,5,2,2,2,31,19,0,0,0,0,0,0,0,0,7,1,1,0,0,0,0,3,1,2,1,KRBKRNvK,DRAW,8/8/3n1K2/8/6R1/4Bk2/8/5r2 w - - 0 1
1,1,0,0,0,0,0,1,-1,1,0,1,1,1,0,0,0,0,0,16,0,0,3,3,7,0,7,3,6,25,19,0,0,0,0,0,0,0,0,7,1,1,0,1,0,0,2,0,0,0,KRBKRNvK,DRAW,k2K3B/8/7R/8/8/8/r7/6n1 w - - 0 1
0,1,0,0,0,0,0,1,-1,1,0,1,1,1,0,0,0,0,0,16,0,0,4,1,0,3,4,5,0,24,28,0,0,0,0,0,0,0,0,7,1,1,0,0,0,0,2,4,0,0,KRBKRNvK,DRAW,8/4r3/1n6/3k4/6R1/8/3B4/1K6 b - - 0 1
1,1,0,0,0,0,0,1,-1,1,0,1,1,1,0,0,0,0,0,16,0,0,3,3,1,0,3,2,3,22,18,0,0,0,0,0,0,0,0,7,1,1,0,0,0,0,2,0,0,0,KRBKRNvK,DRAW,3R2B1/8/8/7n/k7/8/3K4/7r w - - 0 1
0,1,0,0,0,0,0,1,-1,1,0,1,1,1,0,0,0,0,0,16,0,0,3,4,6,1,4,2,2,3,0,1,0,0,0,0,0,0,0,7,1,1,0,0,0,0,0,0,0,0,KRBKRNvK,DRAW,1R6/4K3/8/rk6/4n3/8/8/5B2 b - - 0 1
1,1,0,0,0,0,0,1,-1,1,0,1,1,1,0,0,0,0,0,16,0,0,2,0,4,2,3,3,1,3,0,1,0,0,0,0,0,0,0,7,1,1,0,0,0,0,1,3,0,1,KRBKRNvK,DRAW,1B5R/8/2n5/K7/2k5/5r2/8/8 w - - 0 1
1,1,0,0,0,0,0,1,-1,1,0,1,1,1,0,0,0,0,0,16,0,0,6,6,6,7,0,4,6,7,0,1,0,0,0,0,0,0,0,7,1,1,0,0,0,0,2,2,0,1,KRBKRNvK,DRAW,4n3/6K1/8/4B2R/7r/8/8/7k w - - 0 1
1,1,0,0,0,0,0,1,-1,1,0,1,1,1,0,0,0,0,0,16,0,0,6,4,7,4,1,3,2,29,17,0,0,0,0,0,0,0,0,7,1,1,0,1,0,0,3,1,1,0,KRBKRNvK,DRAW,4K3/8/1n6/8/R7/2B5/2r1k3/8 w - - 0 1
0,1,0,0,0,0,0,1,-1,1,0,1,1,1,0,0,0,0,0,16,0,0,4,6,1,3,5,4,1,23,25,0,0,0,0,0,0,0,0,7,1,1,1,0,0,0,0,2,1,1,KRBKRNvK,DRAW,8/1R6/3k3B/5r2/8/7n/6K1/8 b - - 0 1
0,1,0,0,0,0,0,1,-1,1,0,1,1,1,0,0,0,0,0,16,0,0,5,1,7,6,4,5,2,20,25,0,0,0,0,0,0,0,0,7,1,1,1,0,0,0,1,0,0,0,KRBKRNvK,DRAW,1K6/2R5/8/6k1/2B4n/7r/8/8 b - - 0 1
1,1,0,0,0,0,0,1,-1,1,0,1,1,1,0,0,0,0,0,16,0,0,5,5,6,2,1,3,3,22,22,0,0,0,0,0,0,0,0,7,1,1,1,0,0,0,2,0,0,0,KRBKRNvK,DRAW,8/4RK2/2r5/B7/7n/8/2k5/8 w - - 0 1
1,1,0,0,0,0,0,1,-1,1,0,1,1,1,0,0,0,0,0,16,0,0,5,2,4,7,1,1,5,4,0,1,0,0,0,0,0,0,0,7,1,1,0,0,0,0,2,2,1,2,KRBKRNvK,DRAW,2B5/8/8/2K1n3/2r5/5R2/7k/8 w - - 0 1
1,1,0,0,0,0,0,1,-1,1,0,1,1,1,0,0,0,0,0,16,0,0,2,5,6,3,6,3,2,23,25,0,0,0,0,0,0,0,0,7,1,1,0,1,0,0,2,1,0,1,KRBKRNvK,DRAW,7R/3k1K2/4n3/8/8/8/2r5/B7 w - - 0 1
0,1,0,0,0,0,0,1,-1,1,0,1,1,1,0,0,0,0,0,16,0,0,2,0,1,2,2,5,2,17,23,0,0,0,0,0,0,0,0,7,1,1,0,0,0,0,2,2,0,0,KRBKRNvK,DRAW,8/8/6B1/3r4/6R1/2k5/K7/7n b - - 0 1
0,1,0,0,0,0,0,1,-1,1,0,1,1,1,0,0,0,0,0,16,0,0,5,0,7,5,2,6,2,23,25,0,0,0,0,0,0,0,0,7,1,1,0,0,0,0,3,2,1,0,KRBKRNvK,DRAW,K7/8/8/8/7r/5k2/2B3n1/3R4 b - - 0 1
0,1,0,0,0,0,0,1,-1,1,0,1,1,1,0,0,0,0,0,16,0,0,3,3,3,2,0,0,4,4,0,1,0,0,0,0,0,0,0,7,1,1,1,0,0,0,4,2,1,0,KRBKRNvK,DRAW,3n4/1R6/8/7r/3K4/8/1B6/2k5 b - - 0 1
1,1,0,0,0,0,0,1,-1,1,0,1,1,1,0,0,0,0,0,16,0,0,3,1,3,4,0,2,3,30,16,0,0,0,0,0,0,0,0,7,1,1,0,0,0,0,2,2,1,0,KRBKRNvK,DRAW,4r2n/8/8/2B5/1K6/8/3R4/4k3 w - - 0 1
1,1,0,0,0,0,0,1,-1,1,0,1,1,1,0,0,0,0,0,16,0,0,2,5,4,3,4,1,0,26,18,0,0,0,0,0,0,0,0,7,1,1,0,0,0,0,2,3,1,1,KRBKRNvK,DRAW,7R/8/8/3k1K2/1B4n1/8/8/6r1 w - - 0 1
1,1,0,0,0,0,0,1,-1,1,0,1,1,1,0,0,0,0,0,16,0,0,6,6,1,3,7,4,3,24,20,0,0,0,0,0,0,0,0,7,1,1,0,0,0,0,1,2,0,0,KRBKRNvK,DRAW,3k2n1/8/8/7r/8/8/5RKB/8 w - - 0 1
1,1,0,0,0,0,0,1,-1,1,0,1,1,1,0,0,0,0,0,16,0,0,4,3,1,6,5,2,3,24,23,0,0,0,0,0,0,0,0,7,1,1,0,0,0,0,2,1,1,0,KRBKRNvK,DRAW,8/8/3n2k1/1R4B1/8/8/3K4/6r1 w - - 0 1
0,1,0,0,0,0,0,1,-1,1,0,1,1,1,0,0,0,0,0,16,0,0,6,2,7,7,1,4,5,3,0,1,0,0,0,0,0,0,0,7,1,1,0,0,0,0,0,0,0,0,KRBKRNvK,DRAW,2K2n2/3B4/7r/8/8/8/1R5k/8 b - - 0 1
0,1,0,0,0,0,0,1,-1,1,0,1,1,1,0,0,0,0,0,16,0,0,6,2,7,7,1,4,5,22,29,0,0,0,0,0,0,0,0,7,1,1,0,0,0,0,1,0,0,1,KRBKRNvK,DRAW,2K1n3/8/R7/2B5/8/5r2/7k/8 b - - 0 1
1,1,0,0,0,0,0,1,-1,1,0,1,1,1,0,0,0,0,0,16,0,0,4,4,0,4,4,3,0,23,24,0,0,0,0,0,0,0,0,7,1,1,0,1,0,0,0,3,0,0,KRBKRNvK,DRAW,5R2/2n5/8/4k3/1B6/8/r7/4K3 w - - 0 1
0,1,0,0,0,0,0,1,-1,1,0,1,1,1,0,0,0,0,0,16,0,0,4,1,0,1,4,5,2,27,24,0,0,0,0,0,0,0,0,7,1,1,0,1,0,0,1,2,0,1,KRBKRNvK,DRAW,8/2n5/8/1k3B2/8/8/3r4/1K4R1 b - - 0 1
1,1,0,0,0,0,0,1,-1,1,0,1,1,1,0,0,0,0,0,16,0,0,4,5,7,1,7,4,5,24,17,0,0,0,0,0,0,0,0,7,1,1,0,0,0,0,2,1,0,2,KRBKRNvK,DRAW,1k3K2/5n1r/8/B7/2R5/8/8/8 w - - 0 1
0,1,0,0,0,0,0,1,-1,1,0,1,1,1,0,0,0,0,0,16,0,0,3,0,4,2,7,3,4,17,31,0,0,0,0,0,0,0,0,7,1,1,0,0,0,0,2,0,0,1,KRBKRNvK,DRAW,2k5/2r5/8/K3B3/8/3R4/8/7n b - - 0 1
1,1,0,0,0,0,0,1,-1,1,0,1,1,1,0,0,0,0,0,16,0,0,3,0,5,3,5,4,1,27,14,0,0,0,0,0,0,0,0,7,1,1,0,0,0,0,3,2,2,0,KRBKRNvK,DRAW,4R3/5B1r/K2k4/8/8/8/7n/8 w - - 0 1
0,1,0,0,0,0,0,1,-1,1,0,1,1,1,0,0,0,0,0,16,0,0,3,3,5,6,2,1,3,25,25,0,0,0,0,0,0,0,0,7,1,1,0,0,0,0,4,2,0,2,KRBKRNvK,DRAW,8/2n5/3K3B/4r3/1R6/6k1/8/8 b - - 0 1
1,1,0,0,0,0,0,1,-1,1,0,1,1,1,0,0,0,0,0,16,0,0,5,2,5,7,3,2,3,3,0,1,0,0,0,0,0,0,0,7,1,1,0,0,0,0,2,2,0,2,KRBKRNvK,DRAW,1n2B3/8/2KR4/8/1r5k/8/8/8 w - - 0 1
1,1,0,0,0,0,0,1,-1,1,0,1,1,1,0,0,0,0,0,16,0,0,3,4,4,5,1,0,3,6,0,1,0,0,0,0,0,0,0,7,1,1,0,0,0,0,4,1,1,1,KRBKRNvK,DRAW,8/8/8/4K1r1/2B5/8/5k2/n3R3 w - - 0 1
0,1,0,0,0,0,0,1,-1,1,0,1,1,1,0,0,0,0,0,16,0,0,2,3,0,5,2,3,2,25,27,0,0,0,0,0,0,0,0,7,1,1,0,0,0,0,2,1,1,0,KRBKRNvK,DRAW,3n4/r7/8/7R/1B6/5k2/8/3K4 b - - 0 1
1,1,0,0,0,0,0,1,-1,1,0,1,1,1,0,0,0,0,0,16,0,0,4,1,7,2,3,5,1,23,21,0,0,0,0,0,0,0,0,7,1,1,0,0,0,0,2,2,1,0,KRBKRNvK,DRAW,1K6/3B4/8/1R6/2k5/r7/8/4n3 w - - 0 1
0,1,0,0,0,0,0,1,-1,1,0,1,1,1,0,0,0,0,0,16,0,0,5,2,6,7,3,3,3,22,31,0,0,0,0,0,0,0,0,7,1,1,0,0,0,0,1,2,0,1,KRBKRNvK,DRAW,8/2K2Bn1/8/4r3/7k/8/8/1R6 b - - 0 1
1,1,0,0,0,0,0,1,-1,1,0,1,1,1,0,0,0,0,0,16,0,0,5,2,1,6,6,3,4,4,0,1,0,0,0,0,0,0,0,7,1,1,0,0,0,0,3,0,0,1,KRBKRNvK,DRAW,8/6k1/8/8/2B4R/8/2K5/n4r2 w - - 0 1
1,1,0,0,0,0,0,1,-1,1,0,1,1,1,0,0,0,0,0,16,0,0,2,6,5,4,6,3,2,5,0,1,0,0,0,0,0,0,0,7,1,1,0,0,0,0,0,2,1,0,KRBKRNvK,DRAW,4B3/4k3/3r2K1/8/8/8/1n6/R7 w - - 0 1
0,1,0,0,0,0,0,1,-1,1,0,1,1,1,0,0,0,0,0,16,0,0,5,1,0,6,0,5,5,3,0,1,0,0,0,0,0,0,0,7,1,1,0,0,0,0,1,1,0,1,KRBKRNvK,DRAW,8/8/8/5n2/8/r7/2B5/1KR3k1 b - - 0 1
0,1,0,0,0,0,0,1,-1,1,0,1,1,1,0,0,0,0,0,16,0,0,3,7,1,4,1,5,2,6,0,1,0,0,0,0,0,0,0,7,1,1,1,0,0,0,2,0,0,0,KRBKRNvK,DRAW,5B2/4R3/n7/8/8/8/4k2K/1r6 b - - 0 1
0,1,0,0,0,0,0,1,-1,1,0,1,1,1,0,0,0,0,0,16,0,0,3,5,6,3,3,3,0,4,0,1,0,0,0,0,0,0,0,7,1,1,0,0,0,0,1,3,2,0,KRBKRNvK,DRAW,8/5K2/8/8/3kn3/1R6/1B6/7r b - - 0 1
0,1,0,0,0,0,0,1,-1,1,0,1,1,1,0,0,0,0,0,16,0,0,4,1,6,5,2,4,2,8,0,1,0,0,0,0,0,0,0,7,1,1,0,0,0,0,2,1,0,1,KRBKRNvK,LOSS,7B/1K6/r7/8/8/1R3k2/8/3n4 b - - 0 1
0,1,0,0,0,0,0,1,-1,1,0,1,1,1,0,0,0,0,0,16,0,0,6,0,2,6,1,4,4,23,27,0,0,0,0,0,0,0,0,7,1,1,0,0,0,0,0,2,2,0,KRBKRNvK,DRAW,8/8/6n1/7r/8/K7/4B1k1/5R2 b - - 0 1
1,1,0,0,0,0,0,1,-1,1,0,1,1,1,0,0,0,0,0,16,0,0,4,2,5,6,5,2,3,27,25,0,0,0,0,0,0,0,0,7,1,1,0,0,0,0,4,3,0,0,KRBKRNvK,DRAW,8/8/2K3k1/6r1/8/5n2/5B2/4R3 w - - 0 1
1,1,0,0,0,0,0,1,-1,1,0,1,1,1,0,0,0,0,0,16,0,0,6,6,0,7,6,5,5,24,19,0,0,0,0,0,0,0,0,7,1,1,0,1,0,0,2,2,1,0,KRBKRNvK,DRAW,6R1/7k/8/8/8/8/1Bnr4/6K1 w - - 0 1
0,1,0,0,0,0,0,1,-1,1,0,1,1,1,0,0,0,0,0,16,0,0,3,7,2,7,5,4,4,2,0,1,0,0,0,0,0,0,0,7,1,1,0,1,0,0,2,0,1,0,KRBKRNvK,DRAW,8/8/7k/3n4/7R/4B2K/2r5/8 b - - 0 1
0,1,0,0,0,0,0,1,-1,1,0,1,1,1,0,0,0,0,0,16,0,0,7,0,0,7,2,6,4,16,21,0,0,0,0,0,0,0,0,7,1,1,0,0,0,0,2,0,0,0,KRBKRNvK,DRAW,8/7r/8/8/8/2B4k/2R5/K5n1 b - - 0 1
0,1,0,0,0,0,0,1,-1,1,0,1,1,1,0,0,0,0,0,16,0,0,6,0,0,6,5,6,3,3,0,1,0,0,0,0,0,0,0,7,1,1,0,0,0,0,2,2,1,0,KRBKRNvK,DRAW,3B4/6n1/6k1/6R1/5r2/8/8/K7 b - - 0 1
0,1,0,0,0,0,0,1,-1,1,0,1,1,1,0,0,0,0,0,16,0,0,4,5,5,4,1,2,2,25,22,0,0,0,0,0,0,0,0,7,1,1,0,1,0,0,2,1,0,0,KRBKRNvK,DRAW,8/8/5K1B/6R1/8/3n4/2r1k3/8 b - - 0 1
1,1,0,0,0,0,0,1,-1,1,0,1,1,1,0,0,0,0,0,16,0,0,3,7,6,4,7,5,3,29,24,0,0,0,0,0,0,0,0,7,1,1,0,1,0,0,1,1,0,0,KRBKRNvK,DRAW,4k3/4n2K/8/8/4B3/8/r7/2R5 w - - 0 1
1,1,0,0,0,0,0,1,-1,1,0,1,1,1,0,0,0,0,0,16,0,0,7,7,1,0,4,5,3,23,26,0,0,0,0,0,0,0,0,7,1,1,0,0,0,0,0,3,0,0,KRBKRNvK,DRAW,8/3r4/8/k5B1/2n5/8/7K/6R1 w - - 0 1
0,1,0,0,0,0,0,1,-1,1,0,1,1,1,0,0,0,0,0,16,0,0,3,5,3,5,0,1,4,2,0,1,0,0,0,0,0,0,0,7,1,1,0,0,0,0,2,2,1,1,KRBKRNvK,DRAW,3n4/8/8/3r4/5K2/7B/8/R4k2 b - - 0 1
1,1,0,0,0,0,0,1,-1,1,0,1,1,1,0,0,0,0,0,16,0,0,5,1,3,6,1,2,4,24,23,0,0,0,0,0,0,0,0,7,1,1,0,1,0,0,0,2,0,0,KRBKRNvK,DRAW,2R5/7n/8/B7/1K6/8/4r1k1/8 w - - 0 1
1,1,0,0,0,0,0,1,-1,1,0,1,1,1,0,0,0,0,0,16,0,0,7,7,4,0,4,3,3,21,20,0,0,0,0,0,0,0,0,7,1,1,0,1,0,0,2,0,1,0,KRBKRNvK,DRAW,8/8/2B4R/k6K/8/8/5r2/6n1 w - - 0 1
0,1,0,0,0,0,0,1,-1,1,0,1,1,1,0,0,0,0,0,16,0,0,2,3,7,1,6,3,4,23,16,0,0,0,0,0,0,0,0,7,1,1,0,0,0,0,1,0,0,0,KRBKRNvK,WIN,3K2R1/1k6/6B1/n7/8/8/8/2r5 b - - 0 1
1,1,0,0,0,0,0,1,-1,1,0,1,1,1,0,0,0,0,0,16,0,0,5,0,1,0,6,5,5,27,19,0,0,0,0,0,0,0,0,7,1,1,0,0,0,0,1,3,0,0,KRBKRNvK,DRAW,8/k7/3B4/8/8/3r1n2/K7/1R6 w - - 0 1
1,1,0,0,0,0,0,1,-1,1,0,1,1,1,0,0,0,0,0,16,0,0,5,4,0,7,5,3,4,4,0,1,0,0,0,0,0,0,0,7,1,1,0,0,0,0,2,3,0,1,KRBKRNvK,DRAW,8/8/7k/1n6/8/4r3/8/R3K2B w - - 0 1
1,1,0,0,0,0,0,1,-1,1,0,1,1,1,0,0,0,0,0,16,0,0,6,3,1,6,7,2,5,7,0,1,0,0,0,0,0,0,0,7,1,1,0,0,0,0,2,2,0,0,KRBKRNvK,DRAW,3r2k1/8/B7/R7/8/8/3K4/n7 w - - 0 1
0,1,0,0,0,0,0,1,-1,1,0,1,1,1,0,0,0,0,0,16,0,0,5,6,0,7,5,5,4,4,0,1,0,0,0,0,0,0,0,7,1,1,0,0,0,0,0,0,1,1,KRBKRNvK,DRAW,5B2/8/1R3r1k/8/8/8/7n/6K1 b - - 0 1
0,1,0,0,0,0,0,1,-1,1,0,1,1,1,0,0,0,0,0,16,0,0,4,7,6,3,6,5,2,23,26,0,0,0,0,0,0,0,0,7,1,1,0,1,0,0,1,2,1,0,KRBKRNvK,DRAW,8/n2k3K/1B6/8/8/8/4r3/7R b - - 0 1
0,1,0,0,0,0,0,1,-1,1,0,1,1,1,0,0,0,0,0,16,0,0,3,2,0,2,3,4,1,6,0,1,0,0,0,0,0,0,0,7,1,1,0,0,0,0,3,2,0,0,KRBKRNvK,DRAW,7B/8/6r1/8/1nk4R/8/8/2K5 b - - 0 1
1,1,0,0,0,0,0,1,-1,1,0,1,1,1,0,0,0,0,0,16,0,0,4,0,5,4,4,4,0,21,24,0,0,0,0,0,0,0,0,7,1,1,0,0,0,0,0,3,0,0,KRBKRNvK,DRAW,3B4/5r2/K7/4k3/8/R7/8/6n1 w - - 0 1
0,1,0,0,0,0,0,1,-1,1,0,1,1,1,0,0,0,0,0,16,0,0,2,2,0,1,2,4,3,24,24,0,0,0,0,0,0,0,0,7,1,1,0,0,0,0,3,1,0,0,KRBKRNvK,DRAW,3R4/7B/1n6/8/8/1k4r1/8/2K5 b - - 0 1
1,1,0,0,0,0,0,1,-1,1,0,1,1,1,0,0,0,0,0,16,0,0,5,7,6,6,1,5,4,23,21,0,0,0,0,0,0,0,0,7,1,1,0,1,0,0,3,0,0,0,KRBKRNvK,DRAW,1B1R4/7K/8/8/7n/8/1r4k1/8 w - - 0 1
0,1,0,0,0,0,0,1,-1,1,0,1,1,1,0,0,0,0,0,16,0,0,3,7,1,4,1,5,2,23,22,0,0,0,0,0,0,0,0,7,1,1,0,0,0,0,0,2,0,0,KRBKRNvK,DRAW,8/6B1/5R2/1n6/4r3/8/4k2K/8 b - - 0 1
1,1,0,0,0,0,0,1,-1,1,0,1,1,1,0,0,0,0,0,16,0,0,3,0,4,3,2,3,1,19,20,0,0,0,0,0,0,0,0,7,1,1,0,0,0,0,2,3,0,0,KRBKRNvK,DRAW,8/8/3r4/K7/R7/3k4/4n3/6B1 w - - 0 1
1,1,0,0,0,0,0,1,-1,1,0,1,1,1,0,0,0,0,0,16,0,0,4,1,5,5,6,3,3,5,0,1,0,0,0,0,0,0,0,7,1,1,0,1,0,0,1,0,1,0,KRBKRNvK,DRAW,4n3/5k2/1K6/5B2/8/8/1r6/7R w - - 0 1
1,1,0,0,0,0,0,1,-1,1,0,1,1,1,0,0,0,0,0,16,0,0,3,4,4,3,7,0,3,24,19,0,0,0,0,0,0,0,0,7,1,1,0,1,0,0,3,1,1,1,KRBKRNvK,DRAW,3k4/4n3/5R2/4KB2/8/8/5r2/8 w - - 0 1
0,1,0,0,0,0,0,1,-1,1,0,1,1,1,0,0,0,0,0,16,0,0,7,2,7,1,0,4,5,5,0,1,0,0,0,0,0,0,0,7,1,1,0,0,0,0,1,1,0,1,KRBKRNvK,DRAW,2K5/7B/r7/8/8/8/4nR2/1k6 b - - 0 1
0,1,0,0,0,0,0,1,-1,1,0,1,1,1,0,0,0,0,0,16,0,0,2,4,2,2,3,1,1,23,14,0,0,0,0,0,0,0,0,7,1,1,0,0,0,0,2,2,2,1,KRBKRNvK,DRAW,8/8/8/8/1nk5/4K3/1R1B4/6r1 b - - 0 1
0,1,0,0,0,0,0,1,-1,1,0,1,1,1,0,0,0,0,0,16,0,0,4,4,6,2,2,2,2,6,0,1,0,0,0,0,0,0,0,7,1,1,0,0,0,0,2,3,1,0,KRBKRNvK,DRAW,8/4K3/8/2R4B/1n5r/2k5/8/8 b - - 0 1
0,1,0,0,0,0,0,1,-1,1,0,1,1,1,0,0,0,0,0,16,0,0,4,5,5,5,1,2,3,25,29,0,0,0,0,0,0,0,0,7,1,1,1,0,0,0,2,0,0,1,KRBKRNvK,DRAW,8/R7/5K2/4B3/7n/8/5k2/1r6 b - - 0 1
1,1,0,0,0,0,0,1,-1,1,0,1,1,1,0,0,0,0,0,16,0,0,3,4,6,1,3,2,2,30,18,0,0,0,0,0,0,0,0,7,1,1,0,1,0,0,0,0,0,0,KRBKRNvK,DRAW,6R1/3BK3/8/8/1k6/8/1r6/3n4 w - - 0 1
0,1,0,0,0,0,0,1,-1,1,0,1,1,1,0,0,0,0,0,16,0,0,4,5,1,5,5,3,2,7,0,1,0,0,0,0,0,0,0,7,1,1,0,0,0,0,2,1,1,1,KRBKRNvK,LOSS,1B3n2/8/3R1k2/8/8/6r1/5K2/8 b - - 0 1
0,1,0,0,0,0,0,1,-1,1,0,1,1,1,0,0,0,0,0,16,0,0,3,3,5,4,2,1,1,6,0,1,0,0,0,0,0,0,0,7,1,1,0,0,0,0,2,2,1,1,KRBKRNvK,LOSS,8/2r5/3K4/6B1/8/4k3/n7/7R b - - 0 1
0,1,0,0,0,0,0,1,-1,1,0,1,1,1,0,0,0,0,0,16,0,0,6,0,1,6,6,5,4,21,27,0,0,0,0,0,0,0,0,7,1,1,0,0,0,0,1,1,0,0,KRBKRNvK,DRAW,8/6k1/2R1nr2/8/8/3B4/K7/8 b - - 0 1
1,1,0,0,0,0,0,1,-1,1,0,1,1,1,0,0,0,0,0,16,0,0,2,1,1,3,2,4,1,5,0,1,0,0,0,0,0,0,0,7,1,1,1,1,0,0,1,3,1,1,KRBKRNvK,DRAW,8/1R6/8/2B5/8/2nk4/1K5r/8 w - - 0 1
1,1,0,0,0,0,0,1,-1,1,0,1,1,1,0,0,0,0,0,16,0,0,5,7,2,2,4,4,1,23,26,0,0,0,0,0,0,0,0,7,1,1,0,1,0,0,0,3,1,0,KRBKRNvK,DRAW,8/8/B4n2/2k5/8/7K/3r4/1R6 w - - 0 1
0,1,0,0,0,0,0,1,-1,1,0,1,1,1,0,0,0,0,0,16,0,0,4,7,3,3,5,3,1,4,0,1,0,0,0,0,0,0,0,7,1,1,0,0,0,0,2,2,1,0,KRBKRNvK,DRAW,8/8/r2k4/8/4R2K/8/7B/1n6 b - - 0 1
1,1,0,0,0,0,0,1,-1,1,0,1,1,1,0,0,0,0,0,16,0,0,3,7,1,4,3,5,0,3,0,1,0,0,0,0,0,0,0,7,1,1,0,0,0,0,1,4,1,1,KRBKRNvK,DRAW,8/8/8/8/3Bk1n1/8/R6K/4r3 w - - 0 1
0,1,0,0,0,0,0,1,-1,1,0,1,1,1,0,0,0,0,0,16,0,0,4,2,1,1,5,3,3,24,22,0,0,0,0,0,0,0,0,7,1,1,0,0,0,0,0,0,0,1,KRBKRNvK,DRAW,8/8/1k6/8/8/5r2/2K1B3/3n2R1 b - - 0 1
1,1,0,0,0,0,0,1,-1,1,0,1,1,1,0,0,0,0,0,16,0,0,7,7,6,0,4,5,3,23,15,0,0,0,0,0,0,0,0,7,1,1,0,0,0,0,2,0,1,0,KRBKRNvK,DRAW,8/7K/8/kB6/7R/8/8/4n1r1 w - - 0 1
0,1,0,0,0,0,0,1,-1,1,0,1,1,1,0,0,0,0,0,16,0,0,5,5,0,0,0,4,6,2,0,1,0,0,0,0,0,0,0,7,1,1,0,0,0,0,0,0,1,0,KRBKRNvK,DRAW,4B3/8/2r5/8/7n/R7/8/k4K2 b - - 0 1
0,1,0,0,0,0,0,1,-1,1,0,1,1,1,0,0,0,0,0,16,0,0,2,4,7,6,7,3,5,3,0,1,0,0,0,0,0,0,0,7,1,1,0,1,0,0,1,1,0,0,KRBKRNvK,DRAW,4K1k1/8/2R5/8/8/1B6/5n1r/8 b - - 0 1
1,1,0,0,0,0,0,1,-1,1,0,1,1,1,0,0,0,0,0,16,0,0,2,4,3,3,1,0,2,25,22,0,0,0,0,0,0,0,0,7,1,1,0,0,0,0,3,2,0,2,KRBKRNvK,DRAW,8/2B5/5R2/3n4/4K3/3r4/3k4/8 w - - 0 1
1,1,0,0,0,0,0,1,-1,1,0,1,1,1,0,0,0,0,0,16,0,0,2,4,5,4,3,1,0,4,0,1,0,0,0,0,0,0,0,7,1,1,0,0,0,0,3,3,1,0,KRBKRNvK,DRAW,8/8/r3K2n/8/4k3/4B3/8/2R5 w - - 0 1
0,1,0,0,0,0,0,1,-1,1,0,1,1,1,0,0,0,0,0,16,0,0,5,4,2,0,7,1,6,2,0,1,0,0,0,0,0,0,0,7,1,1,0,1,0,0,2,0,0,1,KRBKRNvK,DRAW,k7/8/8/4n3/8/R3K3/1r6/2B5 b - - 0 1
1,1,0,0,0,0,0,1,-1,1,0,1,1,1,0,0,0,0,0,16,0,0,3,3,3,5,0,0,4,25,16,0,0,0,0,0,0,0,0,7,1,1,0,0,0,0,4,0,1,0,KRBKRNvK,DRAW,4n3/rB6/8/8/3K4/3R4/8/5k2 w - - 0 1
1,1,0,0,0,0,0,1,-1,1,0,1,1,1,0,0,0,0,0,16,0,0,3,2,7,3,4,4,0,28,23,0,0,0,0,0,0,0,0,7,1,1,1,0,0,0,2,3,0,0,KRBKRNvK,DRAW,2K5/7R/8/3k4/8/5r2/1B6/5n2 w - - 0 1
1,1,0,0,0,0,0,1,-1,1,0,1,1,1,0,0,0,0,0,16,0,0,6,4,1,6,7,2,5,28,21,0,0,0,0,0,0,0,0,7,1,1,0,0,0,0,3,2,1,1,KRBKRNvK,DRAW,6k1/7n/4R3/8/2r5/5B2/4K3/8 w - - 0 1
1,1,0,0,0,0,0,1,-1,1,0,1,1,1,0,0,0,0,0,16,0,0,7,0,0,6,7,6,5,2,0,1,0,0,0,0,0,0,0,7,1,1,1,0,0,0,2,1,0,0,KRBKRNvK,DRAW,6k1/1R6/r7/8/2n5/8/1B6/K7 w - - 0 1
0,1,0,0,0,0,0,1,-1,1,0,1,1,1,0,0,0,0,0,16,0,0,6,5,7,0,1,4,5,25,22,0,0,0,0,0,0,0,0,7,1,1,0,0,0,0,2,1,0,0,KRBKRNvK,DRAW,3R1K2/8/8/B7/8/8/k4n2/2r5 b - - 0 1
0,1,0,0,0,0,0,1,-1,1,0,1,1,1,0,0,0,0,0,16,0,0,2,7,3,5,4,3,1,23,20,0,0,0,0,0,0,0,0,7,1,1,0,0,0,0,2,2,0,0,KRBKRNvK,DRAW,8/8/4r3/5k2/R2n3K/8/7B/8 b - - 0 1
0,1,0,0,0,0,0,1,-1,1,0,1,1,1,0,0,0,0,0,16,0,0,6,4,0,0,6,3,5,22,23,0,0,0,0,0,0,0,0,7,1,1,0,0,0,0,2,0,0,0,KRBKRNvK,DRAW,8/k4r2/8/n3R3/8/8/8/2B1K3 b - - 0 1
1,1,0,0,0,0,0,1,-1,1,0,1,1,1,0,0,0,0,0,16,0,0,5,1,1,1,6,4,4,23,23,0,0,0,0,0,0,0,0,7,1,1,0,0,0,0,0,1,0,0,KRBKRNvK,DRAW,6r1/1k6/1n6/6B1/8/8/1K6/1R6 w - - 0 1
1,1,0,0,0,0,0,1,-1,1,0,1,1,1,0,0,0,0,0,16,0,0,3,7,6,6,3,5,2,29,22,0,0,0,0,0,0,0,0,7,1,1,0,0,0,0,2,2,0,0,KRBKRNvK,DRAW,1n6/7K/8/2R5/3B2k1/8/8/4r3 w - - 0 1
0,1,0,0,0,0,0,1,-1,1,0,1,1,1,0,0,0,0,0,16,0,0,4,6,0,2,0,5,4,21,26,0,0,0,0,0,0,0,0,7,1,1,0,0,0,0,2,2,1,0,KRBKRNvK,DRAW,8/8/8/5r2/7R/8/1n2B3/2k3K1 b - - 0 1
0,1,0,0,0,0,0,1,-1,1,0,1,1,1,0,0,0,0,0,16,0,0,7,7,5,0,0,4,6,24,23,0,0,0,0,0,0,0,0,7,1,1,0,0,0,0,2,3,0,0,KRBKRNvK,DRAW,3R4/8/7K/8/1r6/3n4/4B3/k7 b - - 0 1
0,1,0,0,0,0,0,1,-1,1,0,1,1,1,0,0,0,0,0,16,0,0,6,7,0,1,2,6,3,27,24,0,0,0,0,0,0,0,0,7,1,1,0,1,0,0,1,2,1,0,KRBKRNvK,DRAW,8/8/8/4n3/8/1k2B3/3r4/R6K b - - 0 1
0,1,0,0,0,0,0,1,-1,1,0,1,1,1,0,0,0,0,0,16,0,0,5,1,7,6,4,5,2,4,0,1,0,0,0,0,0,0,0,7,1,1,0,1,0,0,2,0,2,0,KRBKRNvK,DRAW,1K6/8/8/6k1/4R3/n3B3/2r5/8 b - - 0 1
0,1,0,0,0,0,0,1,-1,1,0,1,1,1,0,0,0,0,0,16,0,0,3,3,0,0,1,3,5,4,0,1,0,0,0,0,0,0,0,7,1,1,0,0,0,0,1,1,1,0,KRBKRNvK,DRAW,1r6/8/6n1/8/3B4/8/k1R5/3K4 b - - 0 1
1,1,0,0,0,0,0,1,-1,1,0,1,1,1,0,0,0,0,0,16,0,0,3,4,1,6,4,2,2,35,16,0,0,0,0,0,0,0,0,7,1,1,0,0,0,0,1,1,0,0,KRBKRNvK,DRAW,3r1n2/8/1R6/3B2k1/8/8/4K3/8 w - - 0 1
1,1,0,0,0,0,0,1,-1,1,0,1,1,1,0,0,0,0,0,16,0,0,2,6,4,4,5,2,1,25,19,0,0,0,0,0,0,0,0,7,1,1,0,0,0,0,3,2,0,1,KRBKRNvK,DRAW,7n/5r2/4k3/6K1/1R6/8/8/7B w - - 0 1
0,1,0,0,0,0,0,1,-1,1,0,1,1,1,0,0,0,0,0,16,0,0,7,5,7,1,0,4,5,4,0,1,0,0,0,0,0,0,0,7,1,1,0,0,0,0,2,0,0,0,KRBKRNvK,DRAW,5K2/7B/1r6/8/2R5/8/8/1k3n2 b - - 0 1
1,1,0,0,0,0,0,1,-1,1,0,1,1,1,0,0,0,0,0,16,0,0,3,2,0,5,3,4,1,26,21,0,0,0,0,0,0,0,0,7,1,1,0,0,0,0,2,2,0,0,KRBKRNvK,DRAW,B7/7n/r7/8/5k2/1R6/8/2K5 w - - 0 1
1,1,0,0,0,0,0,1,-1,1,0,1,1,1,0,0,0,0,0,16,0,0,3,3,7,0,7,3,6,25,20,0,0,0,0,0,0,0,0,7,1,1,0,0,0,0,0,2,0,0,KRBKRNvK,DRAW,k2K4/6r1/8/8/6B1/2n5/8/1R6 w - - 0 1
1,1,0,0,0,0,0,1,-1,1,0,1,1,1,0,0,0,0,0,16,0,0,5,6,4,1,3,2,2,6,0,1,0,0,0,0,0,0,0,7,1,1,0,0,0,0,0,0,2,1,KRBKRNvK,DRAW,8/6r1/8/1B4K1/1k6/2R5/7n/8 w - - 0 1
0,1,0,0,0,0,0,1,-1,1,0,1,1,1,0,0,0,0,0,16,0,0,5,7,4,2,4,3,1,23,23,0,0,0,0,0,0,0,0,7,1,1,0,0,0,0,3,2,0,1,KRBKRNvK,DRAW,8/8/6r1/2k4K/8/8/B6n/4R3 b - - 0 1
1,1,0,0,0,0,0,1,-1,1,0,1,1,1,0,0,0,0,0,16,0,0,6,7,7,1,6,6,4,25,22,0,0,0,0,0,0,0,0,7,1,1,0,0,0,0,3,1,0,0,KRBKRNvK,DRAW,7K/1kn5/1r3B2/6R1/8/8/8/8 w - - 0 1
0,1,0,0,0,0,0,1,-1,1,0,1,1,1,0,0,0,0,0,16,0,0,5,5,5,0,4,2,3,17,28,0,0,0,0,0,0,0,0,7,1,1,0,0,0,0,2,0,0,0,KRBKRNvK,DRAW,1rn3B1/8/5K2/k7/8/8/8/7R b - - 0 1
1,1,0,0,0,0,0,1,-1,1,0,1,1,1,0,0,0,0,0,16,0,0,7,7,0,6,7,6,5,23,20,0,0,0,0,0,0,0,0,7,1,1,0,0,0,0,3,0,0,0,KRBKRNvK,DRAW,1r4k1/n7/8/8/8/8/6B1/4R2K w - - 0 1
0,1,0,0,0,0,0,1,-1,1,0,1,1,1,0,0,0,0,0,16,0,0,4,5,2,2,6,2,3,5,0,1,0,0,0,0,0,0,0,7,1,1,1,0,0,0,2,1,2,0,KRBKRNvK,DRAW,2r5/R1k5/4B3/8/8/5K2/2n5/8 b - - 0 1
0,1,0,0,0,0,0,1,-1,1,0,1,1,1,0,0,0,0,0,16,0,0,3,7,4,4,3,3,0,5,0,1,0,0,0,0,0,0,0,7,1,1,0,0,0,0,1,4,1,0,KRBKRNvK,DRAW,2r5/8/8/7K/4k3/8/3n2B1/5R2 b - - 0 1
1,1,0,0,0,0,0,1,-1,1,0,1,1,1,0,0,0,0,0,16,0,0,6,6,0,0,2,5,4,4,0,1,0,0,0,0,0,0,0,7,1,1,1,0,0,0,3,2,0,1,KRBKRNvK,DRAW,7B/3R4/8/2r5/8/k6n/8/6K1 w - - 0 1
0,1,0,0,0,0,0,1,-1,1,0,1,1,1,0,0,0,0,0,16,0,0,3,4,6,7,6,2,5,6,0,1,0,0,0,0,0,0,0,7,1,1,0,0,0,0,2,2,0,2,KRBKRNvK,DRAW,3n4/4K2k/8/6r1/2R5/3B4/8/8 b - - 0 1
0,1,0,0,0,0,0,1,-1,1,0,1,1,1,0,0,0,0,0,16,0,0,7,0,1,7,7,5,6,23,28,0,0,0,0,0,0,0,0,7,1,1,0,0,0,0,2,1,0,0,KRBKRNvK,WIN,6rk/8/3B4/8/8/3n4/K3R3/8 b - - 0 1
0,1,0,0,0,0,0,1,-1,1,0,1,1,1,0,0,0,0,0,16,0,0,6,1,5,7,6,3,5,4,0,1,0,0,0,0,0,0,0,7,1,1,1,1,0,0,0,0,0,1,KRBKRNvK,DRAW,8/n1R4k/1K6/8/6B1/8/r7/8 b - - 0 1
0,1,0,0,0,0,0,1,-1,1,0,1,1,1,0,0,0,0,0,16,0,0,7,3,7,6,0,3,5,22,29,0,0,0,0,0,0,0,0,7,1,1,0,1,0,0,2,0,0,0,KRBKRNvK,DRAW,3K4/8/5B2/8/4R3/8/r7/5nk1 b - - 0 1
0,1,0,0,0,0,0,1,-1,1,0,1,1,1,0,0,0,0,0,16,0,0,3,6,5,3,7,3,3,21,27,0,0,0,0,0,0,0,0,7,1,1,0,0,0,0,2,3,0,2,KRBKRNvK,DRAW,B2kr3/8/5nK1/8/8/1R6/8/8 b - - 0 1
0,1,0,0,0,0,0,1,-1,1,0,1,1,1,0,0,0,0,0,16,0,0,6,7,3,1,1,3,4,28,22,0,0,0,0,0,0,0,0,7,1,1,1,0,0,0,1,3,0,1,KRBKRNvK,DRAW,8/6R1/3r4/8/7K/8/1k3n1B/8 b - - 0 1
1,1,0,0,0,0,0,1,-1,1,0,1,1,1,0,0,0,0,0,16,0,0,2,3,0,5,1,3,3,16,20,0,0,0,0,0,0,0,0,7,1,1,0,0,0,0,0,2,2,0,KRBKRNvK,DRAW,8/8/3r4/1n6/8/6R1/3B1k2/3K4 w - - 0 1
1,1,0,0,0,0,0,1,-1,1,0,1,1,1,0,0,0,0,0,16,0,0,3,5,3,5,0,1,4,4,0,1,0,0,0,0,0,0,0,7,1,1,0,1,0,0,3,1,0,2,KRBKRNvK,DRAW,7B/8/8/8/5KR1/8/3n1r2/5k2 w - - 0 1
0,1,0,0,0,0,0,1,-1,1,0,1,1,1,0,0,0,0,0,16,0,0,5,4,0,5,5,3,2,22,26,0,0,0,0,0,0,0,0,7,1,1,0,0,0,0,2,4,1,0,KRBKRNvK,DRAW,5B2/8/1n3k2/R7/2r5/8/8/4K3 b - - 0 1
0,1,0,0,0,0,0,1,-1,1,0,1,1,1,0,0,0,0,0,16,0,0,3,1,5,1,2,3,3,7,0,1,0,0,0,0,0,0,0,7,1,1,0,0,0,0,2,2,0,1,KRBKRNvK,LOSS,6B1/7n/1K1R4/r7/8/1k6/8/8 b - - 0 1
0,1,0,0,0,0,0,1,-1,1,0,1,1,1,0,0,0,0,0,16,0,0,3,1,1,2,4,4,1,5,0,1,0,0,0,0,0,0,0,7,1,1,0,0,0,0,3,2,0,2,KRBKRNvK,DRAW,8/8/5B2/2k4R/8/8/nK6/2r5 b - - 0 1
1,1,0,0,0,0,0,1,-1,1,0,1,1,1,0,0,0,0,0,16,0,0,2,3,0,2,2,3,2,3,0,1,0,0,0,0,0,0,0,7,1,1,1,0,0,0,2,2,0,2,KRBKRNvK,DRAW,8/3R4/8/8/6B1/1rk1n3/8/3K4 w - - 0 1
1,1,0,0,0,0,0,1,-1,1,0,1,1,1,0,0,0,0,0,16,0,0,4,1,7,5,6,5,3,22,23,0,0,0,0,0,0,0,0,7,1,1,0,0,0,0,2,3,1,0,KRBKRNvK,DRAW,1KBR4/4nk2/8/8/7r/8/8/8 w - - 0 1
0,1,0,0,0,0,0,1,-1,1,0,1,1,1,0,0,0,0,0,16,0,0,5,0,4,5,7,3,4,3,0,1,0,0,0,0,0,0,0,7,1,1,0,0,0,0,2,2,0,0,KRBKRNvK,DRAW,R4k2/1B6/7n/K7/5r2/8/8/8 b - - 0 1
0,1,0,0,0,0,0,1,-1,1,0,1,1,1,0,0,0,0,0,16,0,0,3,2,6,5,7,3,4,2,0,1,0,0,0,0,0,0,0,7,1,1,0,0,0,0,0,2,0,0,KRBKRNvK,DRAW,1R3k2/2K5/8/8/1B1r4/8/8/2n5 b - - 0 1
0,1,0,0,0,0,0,1,-1,1,0,1,1,1,0,0,0,0,0,16,0,0,6,6,2,0,0,3,6,23,24,0,0,0,0,0,0,0,0,7,1,1,0,0,0,0,0,2,0,0,KRBKRNvK,DRAW,8/5n2/4r3/8/8/5RK1/8/k4B2 b - - 0 1
0,1,0,0,0,0,0,1,-1,1,0,1,1,1,0,0,0,0,0,16,0,0,6,7,6,1,4,5,2,18,22,0,0,0,0,0,0,0,0,7,1,1,0,0,0,0,1,2,0,1,KRBKRNvK,DRAW,8/n4B1K/7R/1k4r1/8/8/8/8 b - - 0 1
0,1,0,0,0,0,0,1,-1,1,0,1,1,1,0,0,0,0,0,16,0,0,3,5,5,2,2,2,2,6,0,1,0,0,0,0,0,0,0,7,1,1,0,0,0,0,1,1,0,0,KRBKRNvK,DRAW,1B6/8/2R2K2/8/8/2k4n/8/6r1 b - - 0 1
0,1,0,0,0,0,0,1,-1,1,0,1,1,1,0,0,0,0,0,16,0,0,3,2,3,3,6,1,2,21,27,0,0,0,0,0,0,0,0,7,1,1,0,0,0,0,2,2,0,0,KRBKRNvK,DRAW,7R/3k4/8/6r1/2K5/8/3B4/7n b - - 0 1
1,1,0,0,0,0,0,1,-1,1,0,1,1,1,0,0,0,0,0,16,0,0,6,7,1,1,4,5,2,24,27,0,0,0,0,0,0,0,0,7,1,1,0,0,0,0,0,1,1,1,KRBKRNvK,DRAW,8/8/8/1k6/1Bn5/8/6RK/5r2 w - - 0 1
1,1,0,0,0,0,0,1,-1,1,0,1,1,1,0,0,0,0,0,16,0,0,4,2,4,1,0,1,5,5,0,1,0,0,0,0,0,0,0,7,1,1,1,0,0,0,3,3,0,2,KRBKRNvK,DRAW,8/7R/4n3/2K1r3/3B4/8/8/1k6 w - - 0 1
0,1,0,0,0,0,0,1,-1,1,0,1,1,1,0,0,0,0,0,16,0,0,4,7,1,7,5,5,4,2,0,1,0,0,0,0,0,0,0,7,1,1,0,0,0,0,0,3,0,0,KRBKRNvK,DRAW,3B4/8/6nk/8/8/7R/7K/3r4 b - - 0 1
1,1,0,0,0,0,0,1,-1,1,0,1,1,1,0,0,0,0,0,16,0,0,4,6,1,6,5,4,3,6,0,1,0,0,0,0,0,0,0,7,1,1,0,1,0,0,0,2,1,1,KRBKRNvK,DRAW,8/8/6kB/n7/8/8/4r1K1/2R5 w - - 0 1
1,1,0,0,0,0,0,1,-1,1,0,1,1,1,0,0,0,0,0,16,0,0,4,7,0,3,4,6,0,3,0,1,0,0,0,0,0,0,0,7,1,1,0,0,0,0,0,4,1,0,KRBKRNvK,LOSS,8/8/7B/3k3r/8/2R5/8/3n3K w - - 0 1
1,1,0,0,0,0,0,1,-1,1,0,1,1,1,0,0,0,0,0,16,0,0,5,1,6,3,1,4,2,26,23,0,0,0,0,0,0,0,0,7,1,1,0,0,0,0,3,2,1,0,KRBKRNvK,DRAW,8/1K6/8/1R6/r7/5B2/3k4/5n2 w - - 0 1
0,1,0,0,0,0,0,1,-1,1,0,1,1,1,0,0,0,0,0,16,0,0,5,2,1,4,6,3,2,6,0,1,0,0,0,0,0,0,0,7,1,1,1,0,0,0,1,2,0,1,KRBKRNvK,DRAW,8/4k2R/2n5/8/8/r3B3/2K5/8 b - - 0 1
0,1,0,0,0,0,0,1,-1,1,0,1,1,1,0,0,0,0,0,16,0,0,5,1,3,6,1,2,4,24,28,0,0,0,0,0,0,0,0,7,1,1,0,1,0,0,2,2,0,0,KRBKRNvK,DRAW,8/8/8/3R3n/BK6/8/4r1k1/8 b - - 0 1
0,1,0,0,0,0,0,1,-1,1,0,1,1,1,0,0,0,0,0,16,0,0,3,4,3,7,3,0,3,3,0,1,0,0,0,0,0,0,0,7,1,1,0,0,0,0,3,0,2,0,KRBKRNvK,DRAW,8/8/8/5RB1/4K2k/7r/8/3n4 b - - 0 1
0,1,0,0,0,0,0,1,-1,1,0,1,1,1,0,0,0,0,0,16,0,0,6,0,3,6,1,3,4,22,23,0,0,0,0,0,0,0,0,7,1,1,0,0,0,0,0,2,0,1,KRBKRNvK,DRAW,7R/8/2n3r1/8/K7/B7/6k1/8 b - - 0 1
0,1,0,0,0,0,0,1,-1,1,0,1,1,1,0,0,0,0,0,16,0,0,2,7,4,5,3,3,1,4,0,1,0,0,0,0,0,0,0,7,1,1,0,0,0,0,2,2,2,0,KRBKRNvK,DRAW,8/3n4/8/7K/3R1k2/7B/8/r7 b - - 0 1
0,1,0,0,0,0,0,1,-1,1,0,1,1,1,0,0,0,0,0,16,0,0,4,1,4,5,3,2,1,22,22,0,0,0,0,0,0,0,0,7,1,1,0,0,0,0,3,2,2,1,KRBKRNvK,DRAW,8/6n1/r7/1K1R4/5k2/3B4/8/8 b - - 0 1
1,1,0,0,0,0,0,1,-1,1,0,1,1,1,0,0,0,0,0,16,0,0,2,2,4,4,5,1,1,25,15,0,0,0,0,0,0,0,0,7,1,1,0,0,0,0,3,2,0,0,KRBKRNvK,DRAW,4n3/8/4kr2/R1K5/8/5B2/8/8 w - - 0 1
1,1,0,0,0,0,0,1,-1,1,0,1,1,1,0,0,0,0,0,16,0,0,4,4,5,0,2,1,4,5,0,1,0,0,0,0,0,0,0,7,1,1,0,0,0,0,2,1,0,2,KRBKRNvK,DRAW,4R3/6r1/4K3/6n1/8/k6B/8/8 w - - 0 1
1,1,0,0,0,0,0,1,-1,1,0,1,1,1,0,0,0,0,0,16,0,0,3,7,1,4,3,5,0,29,21,0,0,0,0,0,0,0,0,7,1,1,0,0,0,0,1,3,1,0,KRBKRNvK,DRAW,8/8/1r2B3/8/4k3/n7/7K/6R1 w - - 0 1
0,1,0,0,0,0,0,1,-1,1,0,1,1,1,0,0,0,0,0,16,0,0,2,2,7,0,6,4,5,21,24,0,0,0,0,0,0,0,0,7,1,1,0,0,0,0,0,2,0,0,KRBKRNvK,DRAW,2K5/k7/8/4r1n1/8/8/5R2/3B4 b - - 0 1
1,1,0,0,0,0,0,1,-1,1,0,1,1,1,0,0,0,0,0,16,0,0,4,3,2,7,2,1,4,29,22,0,0,0,0,0,0,0,0,7,1,1,0,0,0,0,4,0,0,0,KRBKRNvK,DRAW,8/8/n4r2/2R5/8/3K3k/B7/8 w - - 0 1
0,1,0,0,0,0,0,1,-1,1,0,1,1,1,0,0,0,0,0,16,0,0,2,1,2,3,0,3,3,21,27,0,0,0,0,0,0,0,0,7,1,1,0,0,0,0,3,0,0,0,KRBKRNvK,DRAW,8/7n/6r1/1R2B3/8/1K6/8/3k4 b - - 0 1
1,1,0,0,0,0,0,1,-1,1,0,1,1,1,0,0,0,0,0,16,0,0,2,1,2,3,4,3,0,5,0,1,0,0,0,0,0,0,0,7,1,1,0,0,0,0,1,3,1,1,KRBKRNvK,DRAW,2r5/8/8/3k4/8/1K1B3R/8/n7 w - - 0 1
0,1,0,0,0,0,0,1,-1,1,0,1,1,1,0,0,0,0,0,16,0,0,2,1,5,3,5,3,1,5,0,1,0,0,0,0,0,0,0,7,1,1,0,0,0,0,0,3,1,1,KRBKRNvK,LOSS,8/8/1K1k4/r5n1/1B6/8/8/1R6 b - - 0 1
0,1,0,0,0,0,0,1,-1,1,0,1,1,1,0,0,0,0,0,16,0,0,3,7,2,4,3,4,0,26,21,0,0,0,0,0,0,0,0,7,1,1,0,0,0,0,0,3,0,1,KRBKRNvK,DRAW,8/8/8/r7/4k2B/7K/8/2R2n2 b - - 0 1
0,1,0,0,0,0,0,1,-1,1,0,1,1,1,0,0,0,0,0,16,0,0,2,3,5,4,3,1,0,4,0,1,0,0,0,0,0,0,0,7,1,1,0,0,0,0,4,4,1,1,KRBKRNvK,DRAW,8/6B1/3KR3/5r2/4k3/8/5n2/8 b - - 0 1
1,1,0,0,0,0,0,1,-1,1,0,1,1,1,0,0,0,0,0,16,0,0,2,6,2,4,3,3,0,25,24,0,0,0,0,0,0,0,0,7,1,1,0,0,0,0,0,3,0,0,KRBKRNvK,WIN,r7/8/8/8/4k3/1R4K1/2n5/5B2 w - - 0 1
1,1,0,0,0,0,0,1,-1,1,0,1,1,1,0,0,0,0,0,16,0,0,2,4,1,6,1,2,4,26,22,0,0,0,0,0,0,0,0,7,1,1,0,0,0,0,3,1,1,1,KRBKRNvK,DRAW,8/2n5/8/8/7R/5r2/1B2K1k1/8 w - - 0 1
0,1,0,0,0,0,0,1,-1,1,0,1,1,1,0,0,0,0,0,16,0,0,3,3,6,0,7,2,6,24,23,0,0,0,0,0,0,0,0,7,1,1,0,0,0,0,0,2,0,1,KRBKRNvK,DRAW,k7/3K4/4n3/8/r7/8/8/2R1B3 b - - 0 1
1,1,0,0,0,0,0,1,-1,1,0,1,1,1,0,0,0,0,0,16,0,0,4,2,3,4,7,1,3,28,19,0,0,0,0,0,0,0,0,7,1,1,1,0,0,0,3,0,0,1,KRBKRNvK,DRAW,4kn2/R7/1r6/8/2K5/6B1/8/8 w - - 0 1
1,1,0,0,0,0,0,1,-1,1,0,1,1,1,0,0,0,0,0,16,0,0,4,2,0,4,4,4,0,5,0,1,0,0,0,0,0,0,0,7,1,1,0,0,0,0,2,3,1,1,KRBKRNvK,DRAW,8/8/8/B3k3/2R5/5r2/n7/2K5 w - - 0 1
1,1,0,0,0,0,0,1,-1,1,0,1,1,1,0,0,0,0,0,16,0,0,2,2,4,1,2,1,3,5,0,1,0,0,0,0,0,0,0,7,1,1,0,0,0,0,4,0,0,1,KRBKRNvK,DRAW,4R3/1n3r2/8/2K3B1/8/1k6/8/8 w - - 0 1
1,1,0,0,0,0,0,1,-1,1,0,1,1,1,0,0,0,0,0,16,0,0,3,2,1,3,4,3,0,26,25,0,0,0,0,0,0,0,0,7,1,1,0,0,0,0,0,4,0,0,KRBKRNvK,DRAW,8/8/8/B1nk1r2/8/8/2K5/1R6 w - - 0 1
1,1,0,0,0,0,0,1,-1,1,0,1,1,1,0,0,0,0,0,16,0,0,6,3,6,7,0,2,6,28,23,0,0,0,0,0,0,0,0,7,1,1,0,0,0,0,1,3,1,0,KRBKRNvK,DRAW,8/3K4/8/8/1r6/2n5/B5R1/7k w - - 0 1
1,1,0,0,0,0,0,1,-1,1,0,1,1,1,0,0,0,0,0,16,0,0,2,1,4,1,2,2,3,22,20,0,0,0,0,0,0,0,0,7,1,1,0,0,0,0,0,2,0,1,KRBKRNvK,DRAW,4B3/7n/2R5/1K6/3r4/1k6/8/8 w - - 0 1
0,1,0,0,0,0,0,1,-1,1,0,1,1,1,0,0,0,0,0,16,0,0,2,1,5,2,3,3,1,16,24,0,0,0,0,0,0,0,0,7,1,1,0,0,0,0,3,2,1,1,KRBKRNvK,DRAW,8/8/1K6/8/r1kB3R/8/8/4n3 b - - 0 1
1,1,0,0,0,0,0,1,-1,1,0,1,1,1,0,0,0,0,0,16,0,0,4,2,7,3,3,4,0,5,0,1,0,0,0,0,0,0,0,7,1,1,0,0,0,0,0,3,1,0,KRBKRNvK,DRAW,2K5/B7/1R6/8/3k3n/2r5/8/8 w - - 0 1
1,1,0,0,0,0,0,1,-1,1,0,1,1,1,0,0,0,0,0,16,0,0,6,0,0,6,3,6,2,29,23,0,0,0,0,0,0,0,0,7,1,1,0,0,0,0,1,1,0,0,KRBKRNvK,DRAW,1R6/2rn4/8/8/3B2k1/8/8/K7 w - - 0 1
1,1,0,0,0,0,0,1,-1,1,0,1,1,1,0,0,0,0,0,16,0,0,5,0,7,5,3,6,1,2,0,1,0,0,0,0,0,0,0,7,1,1,0,0,0,0,2,2,2,0,KRBKRNvK,DRAW,K3r3/8/6nB/6R1/5k2/8/8/8 w - - 0 1
1,1,0,0,0,0,0,1,-1,1,0,1,1,1,0,0,0,0,0,16,0,0,5,3,5,0,0,1,6,26,20,0,0,0,0,0,0,0,0,7,1,1,0,0,0,0,3,1,0,2,KRBKRNvK,DRAW,8/8/3K4/4R3/1r1n1B2/8/8/k7 w - - 0 1
0,1,0,0,0,0,0,1,-1,1,0,1,1,1,0,0,0,0,0,16,0,0,5,6,3,1,4,2,2,20,24,0,0,0,0,0,0,0,0,7,1,1,0,0,0,0,2,3,1,0,KRBKRNvK,DRAW,8/8/1n6/1k1r4/4R1K1/B7/8/8 b - - 0 1
0,1,0,0,0,0,0,1,-1,1,0,1,1,1,0,0,0,0,0,16,0,0,4,0,1,4,2,5,1,25,26,0,0,0,0,0,0,0,0,7,1,1,0,0,0,0,0,2,0,1,KRBKRNvK,DRAW,6r1/8/R7/8/1B6/4k3/Kn6/8 b - - 0 1
1,1,0,0,0,0,0,1,-1,1,0,1,1,1,0,0,0,0,0,16,0,0,3,2,7,1,4,4,2,25,24,0,0,0,0,0,0,0,0,7,1,1,1,0,0,0,1,3,1,0,KRBKRNvK,DRAW,2K5/R7/8/1k6/5r2/3n4/8/6B1 w - - 0 1
0,1,0,0,0,0,0,1,-1,1,0,1,1,1,0,0,0,0,0,16,0,0,5,6,1,1,4,4,2,22,30,0,0,0,0,0,0,0,0,7,1,1,0,0,0,0,2,2,0,0,KRBKRNvK,DRAW,2n5/4r3/8/1k6/8/8/1B4K1/2R5 b - - 0 1
1,1,0,0,0,0,0,1,-1,1,0,1,1,1,0,0,0,0,0,16,0,0,2,1,1,3,2,4,1,6,0,1,0,0,0,0,0,0,0,7,1,1,0,1,0,0,1,2,0,0,KRBKRNvK,DRAW,8/8/1B5R/8/8/3k4/1K4r1/5n2 w - - 0 1
0,1,0,0,0,0,0,1,-1,1,0,1,1,1,0,0,0,0,0,16,0,0,4,0,7,4,3,6,0,26,21,0,0,0,0,0,0,0,0,7,1,1,0,1,0,0,2,3,1,0,KRBKRNvK,DRAW,K7/4n3/8/8/4k3/R1B5/6r1/8 b - - 0 1
0,1,0,0,0,0,0,1,-1,1,0,1,1,1,0,0,0,0,0,16,0,0,4,4,4,1,0,0,5,20,19,0,0,0,0,0,0,0,0,7,1,1,0,0,0,0,4,2,1,1,KRBKRNvK,DRAW,8/8/3r4/R3K3/8/2B5/1n6/1k6 b - - 0 1
0,1,0,0,0,0,0,1,-1,1,0,1,1,1,0,0,0,0,0,16,0,0,4,3,6,2,2,2,2,22,28,0,0,0,0,0,0,0,0,7,1,1,0,1,0,0,1,3,0,0,KRBKRNvK,DRAW,8/3K1B2/R7/8/8/2k5/4r3/7n b - - 0 1
1,1,0,0,0,0,0,1,-1,1,0,1,1,1,0,0,0,0,0,16,0,0,3,4,5,7,6,1,5,21,26,0,0,0,0,0,0,0,0,7,1,1,0,0,0,0,2,1,0,0,KRBKRNvK,DRAW,8/3B3k/R3K3/8/8/3n4/8/2r5 w - - 0 1
0,1,0,0,0,0,0,1,-1,1,0,1,1,1,0,0,0,0,0,16,0,0,7,2,7,7,0,4,6,18,24,0,0,0,0,0,0,0,0,7,1,1,0,1,0,0,1,0,0,0,KRBKRNvK,DRAW,1RK5/8/8/4B3/8/8/5r2/6nk b - - 0 1
1,1,0,0,0,0,0,1,-1,1,0,1,1,1,0,0,0,0,0,16,0,0,2,7,2,6,0,4,5,24,23,0,0,0,0,0,0,0,0,7,1,1,0,0,0,0,2,0,0,0,KRBKRNvK,DRAW,6B1/8/1r6/5R2/3n4/7K/8/6k1 w - - 0 1
0,1,0,0,0,0,0,1,-1,1,0,1,1,1,0,0,0,0,0,16,0,0,6,3,6,1,0,2,5,18,31,0,0,0,0,0,0,0,0,7,1,1,0,0,0,0,0,0,0,0,KRBKRNvK,DRAW,7R/3K4/8/6B1/8/r7/8/nk6 b - - 0 1
0,1,0,0,0,0,0,1,-1,1,0,1,1,1,0,0,0,0,0,16,0,0,7,0,3,7,1,3,5,12,24,0,0,0,0,0,0,0,0,7,1,1,0,0,0,0,2,0,0,0,KRBKRNvK,DRAW,1n6/8/5B2/8/K7/R7/7k/7r b - - 0 1
0,1,0,0,0,0,0,1,-1,1,0,1,1,1,0,0,0,0,0,16,0,0,2,2,7,0,5,4,4,22,25,0,0,0,0,0,0,0,0,7,1,1,0,0,0,0,3,3,1,0,KRBKRNvK,DRAW,2K5/6B1/k7/7r/1R6/1n6/8/8 b - - 0 1
1,1,0,0,0,0,0,1,-1,1,0,1,1,1,0,0,0,0,0,16,0,0,3,5,4,4,1,1,2,27,23,0,0,0,0,0,0,0,0,7,1,1,0,0,0,0,3,0,0,0,KRBKRNvK,DRAW,2r5/8/8/5K2/8/8/4k1n1/BR6 w - - 0 1
0,1,0,0,0,0,0,1,-1,1,0,1,1,1,0,0,0,0,0,16,0,0,6,4,6,5,0,2,4,20,18,0,0,0,0,0,0,0,0,7,1,1,0,0,0,0,2,0,1,1,KRBKRNvK,DRAW,7B/4K3/5r2/8/8/4R3/8/4nk2 b - - 0 1
1,1,0,0,0,0,0,1,-1,1,0,1,1,1,0,0,0,0,0,16,0,0,4,3,4,7,7,0,6,5,0,1,0,0,0,0,0,0,0,7,1,1,0,0,0,0,3,1,1,0,KRBKRNvK,DRAW,1B5k/n7/5R2/r2K4/8/8/8/8 w - - 0 1
0,1,0,0,0,0,0,1,-1,1,0,1,1,1,0,0,0,0,0,16,0,0,2,3,2,1,4,1,2,21,25,0,0,0,0,0,0,0,0,7,1,1,0,0,0,0,2,2,0,0,KRBKRNvK,DRAW,8/8/4r3/1k6/7R/3K4/8/2B4n b - - 0 1
1,1,0,0,0,0,0,1,-1,1,0,1,1,1,0,0,0,0,0,16,0,0,4,2,3,6,6,1,4,7,0,1,0,0,0,0,0,0,0,7,1,1,0,0,0,0,2,1,0,1,KRBKRNvK,DRAW,1R6/6kr/1B1n4/8/2K5/8/8/8 w - - 0 1
1,1,0,0,0,0,0,1,-1,1,0,1,1,1,0,0,0,0,0,16,0,0,5,1,1,6,3,4,2,27,23,0,0,0,0,0,0,0,0,7,1,1,0,0,0,0,2,3,2,1,KRBKRNvK,DRAW,8/8/6B1/1n6/3r2k1/8/1K2R3/8 w - - 0 1
0,1,0,0,0,0,0,1,-1,1,0,1,1,1,0,0,0,0,0,16,0,0,4,7,0,7,4,6,3,19,23,0,0,0,0,0,0,0,0,7,1,1,0,0,0,0,1,2,2,0,KRBKRNvK,DRAW,8/6nB/8/7k/r7/6R1/8/7K b - - 0 1
1,1,0,0,0,0,0,1,-1,1,0,1,1,1,0,0,0,0,0,16,0,0,4,5,7,1,4,4,2,25,21,0,0,0,0,0,0,0,0,7,1,1,0,0,0,0,0,2,0,0,KRBKRNvK,DRAW,5K2/8/5R2/1k6/7r/7B/8/3n4 w - - 0 1
0,1,0,0,0,0,0,1,-1,1,0,1,1,1,0,0,0,0,0,16,0,0,2,6,3,7,1,2,5,18,29,0,0,0,0,0,0,0,0,7,1,1,0,0,0,0,1,2,0,0,KRBKRNvK,DRAW,4r3/6n1/8/8/3B2K1/8/7k/R7 b - - 0 1
1,1,0,0,0,0,0,1,-1,1,0,1,1,1,0,0,0,0,0,16,0,0,6,1,7,7,3,5,3,26,19,0,0,0,0,0,0,0,0,7,1,1,0,0,0,0,1,2,1,1,KRBKRNvK,DRAW,1K4n1/3r4/8/8/5B1k/R7/8/8 w - - 0 1
0,1,0,0,0,0,0,1,-1,1,0,1,1,1,0,0,0,0,0,16,0,0,4,1,6,5,6,4,3,26,29,0,0,0,0,0,0,0,0,7,1,1,0,0,0,0,0,1,0,0,KRBKRNvK,DRAW,R7/1K3k2/8/8/1Bn5/8/8/7r b - - 0 1
1,1,0,0,0,0,0,1,-1,1,0,1,1,1,0,0,0,0,0,16,0,0,6,7,1,1,5,5,3,27,18,0,0,0,0,0,0,0,0,7,1,1,0,0,0,0,3,0,0,1,KRBKRNvK,DRAW,8/8/rk4B1/8/7n/8/7K/3R4 w - - 0 1
0,1,0,0,0,0,0,1,-1,1,0,1,1,1,0,0,0,0,0,16,0,0,3,4,1,6,4,2,2,16,22,0,0,0,0,0,0,0,0,7,1,1,0,0,0,0,0,0,0,1,KRBKRNvK,DRAW,n7/3B4/8/6k1/8/8/4KR2/6r1 b - - 0 1
0,1,0,0,0,0,0,1,-1,1,0,1,1,1,0,0,0,0,0,16,0,0,4,2,4,1,0,1,5,22,21,0,0,0,0,0,0,0,0,7,1,1,0,0,0,0,3,2,0,1,KRBKRNvK,DRAW,5n2/8/8/2K1R3/r7/4B3/8/1k6 b - - 0 1
1,1,0,0,0,0,0,1,-1,1,0,1,1,1,0,0,0,0,0,16,0,0,3,3,4,6,2,0,3,19,25,0,0,0,0,0,0,0,0,7,1,1,0,0,0,0,4,3,0,1,KRBKRNvK,DRAW,8/8/8/R2K2n1/4r3/6k1/8/3B4 w - - 0 1
0,1,0,0,0,0,0,1,-1,1,0,1,1,1,0,0,0,0,0,16,0,0,4,5,4,1,7,1,5,5,0,1,0,0,0,0,0,0,0,7,1,1,0,0,0,0,3,1,0,0,KRBKRNvK,DRAW,1k6/2r5/8/2n1BK2/8/8/1R6/8 b - - 0 1
1,1,0,0,0,0,0,1,-1,1,0,1,1,1,0,0,0,0,0,16,0,0,7,0,0,6,7,6,5,2,0,1,0,0,0,0,0,0,0,7,1,1,0,0,0,0,0,0,0,1,KRBKRNvK,DRAW,6k1/8/2R5/nB6/8/r7/8/K7 w - - 0 1
1,1,0,0,0,0,0,1,-1,1,0,1,1,1,0,0,0,0,0,16,0,0,2,6,5,6,3,3,2,25,23,0,0,0,0,0,0,0,0,7,1,1,0,0,0,0,2,3,1,0,KRBKRNvK,DRAW,5B2/3n4/6K1/8/6k1/8/4R3/3r4 w - - 0 1
0,1,0,0,0,0,0,1,-1,1,0,1,1,1,0,0,0,0,0,16,0,0,7,3,0,1,7,3,5,19,25,0,0,0,0,0,0,0,0,7,1,1,0,0,0,0,2,0,0,0,KRBKRNvK,DRAW,1k5n/8/2r5/R7/1B6/8/8/3K4 b - - 0 1
1,1,0,0,0,0,0,1,-1,1,0,1,1,1,0,0,0,0,0,16,0,0,6,6,1,0,3,4,3,31,20,0,0,0,0,0,0,0,0,7,1,1,0,0,0,0,2,0,1,0,KRBKRNvK,DRAW,2r5/8/n7/8/kB6/3R4/6K1/8 w - - 0 1
0,1,0,0,0,0,0,1,-1,1,0,1,1,1,0,0,0,0,0,16,0,0,2,3,0,5,0,3,4,24,19,0,0,0,0,0,0,0,0,7,1,1,0,0,0,0,1,2,0,0,KRBKRNvK,DRAW,8/7B/4r3/1Rn5/8/8/8/3K1k2 b - - 0 1
0,1,0,0,0,0,0,1,-1,1,0,1,1,1,0,0,0,0,0,16,0,0,2,7,6,5,7,5,4,1,0,1,0,0,0,0,0,0,0,7,1,1,0,0,0,0,0,0,0,0,KRBKRNvK,DRAW,2R2k2/7K/8/8/8/B7/7n/5r2 b - - 0 1
1,1,0,0,0,0,0,1,-1,1,0,1,1,1,0,0,0,0,0,16,0,0,2,2,7,0,7,4,6,27,21,0,0,0,0,0,0,0,0,7,1,1,0,0,0,0,2,2,0,1,KRBKRNvK,DRAW,k1K5/8/2n5/6R1/2B1r3/8/8/8 w - - 0 1
0,1,0,0,0,0,0,1,-1,1,0,1,1,1,0,0,0,0,0,16,0,0,7,5,7,7,0,4,6,18,17,0,0,0,0,0,0,0,0,7,1,1,0,0,0,0,0,2,0,0,KRBKRNvK,DRAW,5KR1/8/B7/8/4r3/8/n7/7k b - - 0 1
0,1,0,0,0,0,0,1,-1,1,0,1,1,1,0,0,0,0,0,16,0,0,4,6,7,4,3,5,0,4,0,1,0,0,0,0,0,0,0,7,1,1,0,0,0,0,3,3,0,0,KRBKRNvK,DRAW,6K1/8/8/8/R3k3/4nr2/1B6/8 b - - 0 1
0,1,0,0,0,0,0,1,-1,1,0,1,1,1,0,0,0,0,0,16,0,0,6,6,1,4,7,4,3,21,23,0,0,0,0,0,0,0,0,7,1,1,0,0,0,0,3,0,0,0,KRBKRNvK,DRAW,B3k2n/8/5r2/R7/8/8/6K1/8 b - - 0 1
0,1,0,0,0,0,0,1,-1,1,0,1,1,1,0,0,0,0,0,16,0,0,2,6,0,6,2,5,3,20,23,0,0,0,0,0,0,0,0,7,1,1,0,0,0,0,3,1,0,0,KRBKRNvK,WIN,8/3n4/8/8/2R5/1r4k1/8/B5K1 b - - 0 1
0,1,0,0,0,0,0,1,-1,1,0,1,1,1,0,0,0,0,0,16,0,0,7,0,0,2,7,6,4,20,22,0,0,0,0,0,0,0,0,7,1,1,0,0,0,0,1,2,0,0,KRBKRNvK,DRAW,2k3n1/8/6B1/8/8/3r4/8/KR6 b - - 0 1
0,1,0,0,0,0,0,1,-1,1,0,1,1,1,0,0,0,0,0,16,0,0,4,2,4,2,0,1,4,21,20,0,0,0,0,0,0,0,0,7,1,1,0,0,0,0,4,2,0,1,KRBKRNvK,DRAW,8/8/8/2KR1B2/4r3/8/8/2k2n2 b - - 0 1
1,1,0,0,0,0,0,1,-1,1,0,1,1,1,0,0,0,0,0,16,0,0,2,4,1,6,0,2,5,5,0,1,0,0,0,0,0,0,0,7,1,1,0,1,0,0,2,1,0,0,KRBKRNvK,DRAW,3R2B1/4n3/8/8/8/8/4K2r/6k1 w - - 0 1
1,1,0,0,0,0,0,1,-1,1,0,1,1,1,0,0,0,0,0,16,0,0,3,3,6,5,3,2,1,21,27,0,0,0,0,0,0,0,0,7,1,1,1,1,0,0,2,2,0,1,KRBKRNvK,DRAW,8/R2K1nB1/8/8/5k2/8/2r5/8 w - - 0 1
1,1,0,0,0,0,0,1,-1,1,0,1,1,1,0,0,0,0,0,16,0,0,2,7,2,7,0,4,6,1,0,1,0,0,0,0,0,0,0,7,1,1,1,0,0,0,1,1,0,1,KRBKRNvK,DRAW,8/6R1/6n1/8/8/3B1r1K/8/7k w - - 0 1
1,1,0,0,0,0,0,1,-1,1,0,1,1,1,0,0,0,0,0,16,0,0,6,2,6,4,0,3,3,25,21,0,0,0,0,0,0,0,0,7,1,1,0,0,0,0,3,3,1,1,KRBKRNvK,DRAW,8/2Kn4/8/5R2/8/3r4/8/4k1B1 w - - 0 1
1,1,0,0,0,0,0,1,-1,1,0,1,1,1,0,0,0,0,0,16,0,0,7,0,7,7,4,6,3,24,21,0,0,0,0,0,0,0,0,7,1,1,1,0,0,0,0,0,0,0,KRBKRNvK,DRAW,K5n1/2R5/5r2/7k/8/B7/8/8 w - - 0 1
1,1,0,0,0,0,0,1,-1,1,0,1,1,1,0,0,0,0,0,16,0,0,5,7,2,2,0,4,4,3,0,1,0,0,0,0,0,0,0,7,1,1,0,0,0,0,3,2,1,1,KRBKRNvK,LOSS,8/8/2B5/6n1/3r4/3R3K/8/2k5 w - - 0 1
1,1,0,0,0,0,0,1,-1,1,0,1,1,1,0,0,0,0,0,16,0,0,6,0,7,5,1,6,3,23,22,0,0,0,0,0,0,0,0,7,1,1,0,1,0,0,0,3,0,0,KRBKRNvK,DRAW,K7/8/BR6/8/8/6n1/3r1k2/8 w - - 0 1
0,1,0,0,0,0,0,1,-1,1,0,1,1,1,0,0,0,0,0,16,0,0,7,4,7,6,0,3,5,4,0,1,0,0,0,0,0,0,0,7,1,1,0,0,0,0,0,2,1,0,KRBKRNvK,DRAW,4K3/8/8/8/5r2/7B/1n6/2R3k1 b - - 0 1
0,1,0,0,0,0,0,1,-1,1,0,1,1,1,0,0,0,0,0,16,0,0,6,7,1,5,7,5,4,22,22,0,0,0,0,0,0,0,0,7,1,1,1,0,0,0,2,1,1,0,KRBKRNvK,DRAW,B4k2/7R/8/8/8/8/3n3K/2r5 b - - 0 1
1,1,0,0,0,0,0,1,-1,1,0,1,1,1,0,0,0,0,0,16,0,0,5,2,7,1,2,4,3,25,23,0,0,0,0,0,0,0,0,7,1,1,0,0,0,0,2,2,0,1,KRBKRNvK,DRAW,2K4R/8/2Br4/8/8/1k6/8/5n2 w - - 0 1
1,1,0,0,0,0,0,1,-1,1,0,1,1,1,0,0,0,0,0,16,0,0,3,6,3,5,6,2,3,31,21,0,0,0,0,0,0,0,0,7,1,1,0,0,0,0,1,0,1,0,KRBKRNvK,DRAW,4n3/5k2/6R1/8/3B2K1/8/8/1r6 w - - 0 1
1,1,0,0,0,0,0,1,-1,1,0,1,1,1,0,0,0,0,0,16,0,0,4,4,2,5,6,1,3,29,24,0,0,0,0,0,0,0,0,7,1,1,0,0,0,0,3,1,0,0,KRBKRNvK,DRAW,6r1/4nk2/2B5/8/8/R3K3/8/8 w - - 0 1
0,1,0,0,0,0,0,1,-1,1,0,1,1,1,0,0,0,0,0,16,0,0,5,1,0,6,1,5,4,4,0,1,0,0,0,0,0,0,0,7,1,1,0,0,0,0,2,3,1,1,KRBKRNvK,DRAW,8/1B6/8/8/8/4r3/2n1R1k1/1K6 b - - 0 1
1,1,0,0,0,0,0,1,-1,1,0,1,1,1,0,0,0,0,0,16,0,0,5,2,7,7,6,4,5,3,0,1,0,0,0,0,0,0,0,7,1,1,0,0,0,0,2,2,0,0,KRBKRNvK,DRAW,1RK5/1B5k/8/2r5/3n4/8/8/8 w - - 0 1
1,1,0,0,0,0,0,1,-1,1,0,1,1,1,0,0,0,0,0,16,0,0,6,7,7,3,1,6,2,28,21,0,0,0,0,0,0,0,0,7,1,1,0,1,0,0,2,2,0,0,KRBKRNvK,DRAW,7K/8/2nB4/R7/8/8/2rk4/8 w - - 0 1
1,1,0,0,0,0,0,1,-1,1,0,1,1,1,0,0,0,0,0,16,0,0,5,4,5,1,0,1,5,22,16,0,0,0,0,0,0,0,0,7,1,1,1,0,0,0,2,0,0,0,KRBKRNvK,DRAW,8/4R3/4K3/8/8/n7/8/1kr1B3 w - - 0 1
1,1,0,0,0,0,0,1,-1,1,0,1,1,1,0,0,0,0,0,16,0,0,4,4,2,0,5,1,4,21,21,0,0,0,0,0,0,0,0,7,1,1,0,0,0,0,3,1,0,0,KRBKRNvK,DRAW,8/2n2r2/k7/8/7B/3RK3/8/8 w - - 0 1
0,1,0,0,0,0,0,1,-1,1,0,1,1,1,0,0,0,0,0,16,0,0,6,6,6,0,2,4,4,25,26,0,0,0,0,0,0,0,0,7,1,1,0,0,0,0,2,3,1,0,KRBKRNvK,DRAW,8/6K1/8/8/5r2/k1B1n3/8/6R1 b - - 0 1
0,1,0,0,0,0,0,1,-1,1,0,1,1,1,0,0,0,0,0,16,0,0,7,7,7,6,0,6,5,18,17,0,0,0,0,0,0,0,0,7,1,1,1,0,0,0,0,2,0,0,KRBKRNvK,DRAW,B6K/1R6/8/8/8/8/8/3r2kn b - - 0 1
1,1,0,0,0,0,0,1,-1,1,0,1,1,1,0,0,0,0,0,16,0,0,6,4,0,7,6,3,5,6,0,1,0,0,0,0,0,0,0,7,1,1,0,0,0,0,2,2,0,0,KRBKRNvK,DRAW,4r3/6nk/8/R7/1B6/8/8/4K3 w - - 0 1
1,1,0,0,0,0,0,1,-1,1,0,1,1,1,0,0,0,0,0,16,0,0,2,0,1,1,3,5,2,3,0,1,0,0,0,0,0,0,0,7,1,1,0,1,0,0,1,1,0,0,KRBKRNvK,DRAW,7R/8/8/8/1k2B3/7n/K3r3/8 w - - 0 1
0,1,0,0,0,0,0,1,-1,1,0,1,1,1,0,0,0,0,0,16,0,0,4,1,4,1,0,2,5,21,29,0,0,0,0,0,0,0,0,7,1,1,1,0,0,0,3,0,0,1,KRBKRNvK,DRAW,8/4R3/8/nK6/8/8/5B2/1k5r b - - 0 1
1,1,0,0,0,0,0,1,-1,1,0,1,1,1,0,0,0,0,0,16,0,0,3,3,2,6,2,1,3,28,23,0,0,0,0,0,0,0,0,7,1,1,0,0,0,0,3,2,1,0,KRBKRNvK,DRAW,2n5/8/8/8/r7/2BK2k1/4R3/8 w - - 0 1
0,1,0,0,0,0,0,1,-1,1,0,1,1,1,0,0,0,0,0,16,0,0,5,0,1,5,6,5,3,19,20,0,0,0,0,0,0,0,0,7,1,1,0,0,0,0,0,0,0,0,KRBKRNvK,DRAW,2r1n3/5k2/8/8/1B6/8/K7/R7 b - - 0 1
1,1,0,0,0,0,0,1,-1,1,0,1,1,1,0,0,0,0,0,16,0,0,5,5,6,2,1,3,3,6,0,1,0,0,0,0,0,0,0,7,1,1,0,0,0,0,2,0,1,1,KRBKRNvK,DRAW,8/5K1r/8/6B1/1R6/8/2k5/6n1 w - - 0 1
1,1,0,0,0,0,0,1,-1,1,0,1,1,1,0,0,0,0,0,16,0,0,3,3,3,6,6,0,4,5,0,1,0,0,0,0,0,0,0,7,1,1,0,0,0,0,3,2,0,0,KRBKRNvK,DRAW,3r4/6k1/8/8/3K4/3B4/7R/1n6 w - - 0 1
0,1,0,0,0,0,0,1,-1,1,0,1,1,1,0,0,0,0,0,16,0,0,4,3,2,3,6,1,2,5,0,1,0,0,0,0,0,0,0,7,1,1,0,0,0,0,3,2,0,1,KRBKRNvK,DRAW,8/3k1r2/8/8/6B1/2nKR3/8/8 b - - 0 1
0,1,0,0,0,0,0,1,-1,1,0,1,1,1,0,0,0,0,0,16,0,0,5,2,2,2,7,2,4,20,31,0,0,0,0,0,0,0,0,7,1,1,0,0,0,0,2,2,0,0,KRBKRNvK,DRAW,1nk5/8/5R2/7r/8/2K3B1/8/8 b - - 0 1
1,1,0,0,0,0,0,1,-1,1,0,1,1,1,0,0,0,0,0,16,0,0,2,5,4,5,2,1,2,28,23,0,0,0,0,0,0,0,0,7,1,1,0,0,0,0,3,2,1,1,KRBKRNvK,DRAW,8/3n4/5B2/5K2/6R1/5k2/8/1r6 w - - 0 1
1,1,0,0,0,0,0,1,-1,1,0,1,1,1,0,0,0,0,0,16,0,0,4,5,5,4,1,2,2,27,24,0,0,0,0,0,0,0,0,7,1,1,0,0,0,0,3,1,0,0,KRBKRNvK,DRAW,1r2B3/8/5K2/8/R7/6n1/4k3/8 w - - 0 1
1,1,0,0,0,0,0,1,-1,1,0,1,1,1,0,0,0,0,0,16,0,0,5,5,1,0,4,3,3,31,23,0,0,0,0,0,0,0,0,7,1,1,0,0,0,0,2,3,0,0,KRBKRNvK,DRAW,4R3/8/3n4/kr4B1/8/8/5K2/8 w - - 0 1
0,1,0,0,0,0,0,1,-1,1,0,1,1,1,0,0,0,0,0,16,0,0,2,3,2,2,0,1,4,1,0,1,0,0,0,0,0,0,0,7,1,1,0,0,0,0,3,0,1,1,KRBKRNvK,DRAW,8/8/8/8/6B1/3K4/8/2k1Rnr1 b - - 0 1
0,1,0,0,0,0,0,1,-1,1,0,1,1,1,0,0,0,0,0,16,0,0,3,7,5,4,5,4,1,22,16,0,0,0,0,0,0,0,0,7,1,1,0,0,0,0,2,2,0,1,KRBKRNvK,DRAW,7R/6r1/4k2K/8/8/8/8/B6n b - - 0 1
0,1,0,0,0,0,0,1,-1,1,0,1,1,1,0,0,0,0,0,16,0,0,7,0,6,7,2,5,4,3,0,1,0,0,0,0,0,0,0,7,1,1,0,0,0,0,1,3,1,0,KRBKRNvK,DRAW,8/K6B/8/8/6n1/3r3k/8/7R b - - 0 1
0,1,0,0,0,0,0,1,-1,1,0,1,1,1,0,0,0,0,0,16,0,0,5,7,2,7,7,4,6,19,23,0,0,0,0,0,0,0,0,7,1,1,0,1,0,0,2,2,0,1,KRBKRNvK,DRAW,7k/8/3R4/8/8/7K/4r2n/2B5 b - - 0 1
1,1,0,0,0,0,0,1,-1,1,0,1,1,1,0,0,0,0,0,16,0,0,6,1,1,7,2,4,4,8,0,1,0,0,0,0,0,0,0,7,1,1,0,1,0,0,2,0,0,0,KRBKRNvK,DRAW,3R4/8/8/8/2B5/7k/1K3r1n/8 w - - 0 1
0,1,0,0,0,0,0,1,-1,1,0,1,1,1,0,0,0,0,0,16,0,0,3,3,1,0,2,2,4,22,29,0,0,0,0,0,0,0,0,7,1,1,1,0,0,0,2,2,0,1,KRBKRNvK,DRAW,B2n4/2R5/8/8/1r6/k7/3K4/8 b - - 0 1
1,1,0,0,0,0,0,1,-1,1,0,1,1,1,0,0,0,0,0,16,0,0,3,4,3,1,3,0,2,6,0,1,0,0,0,0,0,0,0,7,1,1,0,0,0,0,3,3,0,0,KRBKRNvK,DRAW,8/4rB2/8/1n6/1k2K3/8/8/3R4 w - - 0 1
0,1,0,0,0,0,0,1,-1,1,0,1,1,1,0,0,0,0,0,16,0,0,3,3,4,0,3,0,3,22,26,0,0,0,0,0,0,0,0,7,1,1,0,0,0,0,4,0,0,1,KRBKRNvK,DRAW,7R/1B6/8/3K4/k7/5r2/8/5n2 b - - 0 1
1,1,0,0,0,0,0,1,-1,1,0,1,1,1,0,0,0,0,0,16,0,0,7,7,6,0,2,5,4,25,22,0,0,0,0,0,0,0,0,7,1,1,1,0,0,0,0,2,0,0,KRBKRNvK,DRAW,3r4/2R4K/8/8/8/k7/1n2B3/8 w - - 0 1
0,1,0,0,0,0,0,1,-1,1,0,1,1,1,0,0,0,0,0,16,0,0,2,5,0,7,2,4,4,24,25,0,0,0,0,0,0,0,0,7,1,1,0,0,0,0,2,2,0,0,KRBKRNvK,DRAW,8/8/2n4B/3r4/R7/7k/8/5K2 b - - 0 1
1,1,0,0,0,0,0,1,-1,1,0,1,1,1,0,0,0,0,0,16,0,0,4,1,4,5,7,2,4,6,0,1,0,0,0,0,0,0,0,7,1,1,0,1,0,0,1,0,0,0,KRBKRNvK,DRAW,3n1k2/8/8/1K6/8/R2B4/1r6/8 w - - 0 1
1,1,0,0,0,0,0,1,-1,1,0,1,1,1,0,0,0,0,0,16,0,0,3,5,2,2,3,2,1,25,24,0,0,0,0,0,0,0,0,7,1,1,0,0,0,0,1,3,1,1,KRBKRNvK,WIN,2B5/8/R7/1n6/2k4r/5K2/8/8 w - - 0 1
0,1,0,0,0,0,0,1,-1,1,0,1,1,1,0,0,0,0,0,16,0,0,4,6,6,2,6,4,3,23,23,0,0,0,0,0,0,0,0,7,1,1,0,0,0,0,2,0,1,0,KRBKRNvK,DRAW,8/2k3K1/R7/8/8/5r2/8/B2n4 b - - 0 1
1,1,0,0,0,0,0,1,-1,1,0,1,1,1,0,0,0,0,0,16,0,0,4,4,4,6,0,0,5,5,0,1,0,0,0,0,0,0,0,7,1,1,0,0,0,0,4,2,0,2,KRBKRNvK,DRAW,8/6r1/2n2B2/4K3/4R3/8/8/6k1 w - - 0 1
1,1,0,0,0,0,0,1,-1,1,0,1,1,1,0,0,0,0,0,16,0,0,6,7,6,1,6,5,4,28,25,0,0,0,0,0,0,0,0,7,1,1,0,1,0,0,2,2,0,0,KRBKRNvK,DRAW,2n5/1k5K/8/6R1/8/1B6/4r3/8 w - - 0 1
0,1,0,0,0,0,0,1,-1,1,0,1,1,1,0,0,0,0,0,16,0,0,4,5,2,2,6,2,3,25,19,0,0,0,0,0,0,0,0,7,1,1,0,0,0,0,2,2,1,0,KRBKRNvK,DRAW,8/2k5/8/1n2R3/2r5/5K2/8/7B b - - 0 1
1,1,0,0,0,0,0,1,-1,1,0,1,1,1,0,0,0,0,0,16,0,0,3,2,0,5,1,4,3,22,25,0,0,0,0,0,0,0,0,7,1,1,0,0,0,0,3,0,0,0,KRBKRNvK,DRAW,2n5/8/8/3R4/8/6r1/B4k2/2K5 w - - 0 1
1,1,0,0,0,0,0,1,-1,1,0,1,1,1,0,0,0,0,0,16,0,0,4,3,5,7,7,1,6,24,19,0,0,0,0,0,0,0,0,7,1,1,0,0,0,0,3,0,0,1,KRBKRNvK,DRAW,1r5k/n7/3K4/2R5/8/8/8/6B1 w - - 0 1
1,1,0,0,0,0,0,1,-1,1,0,1,1,1,0,0,0,0,0,16,0,0,3,0,4,2,7,3,4,21,21,0,0,0,0,0,0,0,0,7,1,1,0,0,0,0,0,0,1,0,KRBKRNvK,DRAW,2kB2n1/8/8/K7/8/8/R7/5r2 w - - 0 1
1,1,0,0,0,0,0,1,-1,1,0,1,1,1,0,0,0,0,0,16,0,0,6,1,2,7,2,3,4,31,17,0,0,0,0,0,0,0,0,7,1,1,0,0,0,0,2,2,0,0,KRBKRNvK,DRAW,8/4r3/8/8/8/1K2B2k/3R4/7n w - - 0 1
1,1,0,0,0,0,0,1,-1,1,0,1,1,1,0,0,0,0,0,16,0,0,3,3,3,0,4,0,3,4,0,1,0,0,0,0,0,0,0,7,1,1,0,0,0,0,3,3,0,1,KRBKRNvK,DRAW,1B6/8/8/k5r1/3K4/5R2/4n3/8 w - - 0 1
0,1,0,0,0,0,0,1,-1,1,0,1,1,1,0,0,0,0,0,16,0,0,3,2,7,0,4,4,3,19,27,0,0,0,0,0,0,0,0,7,1,1,1,0,0,0,3,2,0,0,KRBKRNvK,DRAW,2K5/3R3n/8/k5r1/8/8/2B5/8 b - - 0 1
1,1,0,0,0,0,0,1,-1,1,0,1,1,1,0,0,0,0,0,16,0,0,5,4,7,1,2,3,3,3,0,1,0,0,0,0,0,0,0,7,1,1,0,0,0,0,0,1,1,1,KRBKRNvK,DRAW,2r1K3/8/6R1/8/1n6/1k6/3B4/8 w - - 0 1
1,1,0,0,0,0,0,1,-1,1,0,1,1,1,0,0,0,0,0,16,0,0,2,6,3,6,5,2,3,3,0,1,0,0,0,0,0,0,0,7,1,1,0,1,0,0,1,1,0,2,KRBKRNvK,DRAW,1R6/8/6k1/8/6K1/8/B4nr1/8 w - - 0 1
0,1,0,0,0,0,0,1,-1,1,0,1,1,1,0,0,0,0,0,16,0,0,7,0,6,7,1,5,5,6,0,1,0,0,0,0,0,0,0,7,1,1,0,0,0,0,0,2,0,0,KRBKRNvK,LOSS,8/K6B/8/5r2/8/8/R6k/n7 b - - 0 1
1,1,0,0,0,0,0,1,-1,1,0,1,1,1,0,0,0,0,0,16,0,0,5,2,5,7,4,2,3,8,0,1,0,0,0,0,0,0,0,7,1,1,0,0,0,0,1,0,1,0,KRBKRNvK,DRAW,8/8/2K5/B6k/7n/6R1/8/2r5 w - - 0 1
1,1,0,0,0,0,0,1,-1,1,0,1,1,1,0,0,0,0,0,16,0,0,5,3,5,3,0,1,3,8,0,1,0,0,0,0,0,0,0,7,1,1,0,0,0,0,3,0,1,0,KRBKRNvK,DRAW,8/8/3K2rn/5R2/8/2B5/8/3k4 w - - 0 1
1,1,0,0,0,0,0,1,-1,1,0,1,1,1,0,0,0,0,0,16,0,0,2,3,7,1,7,3,5,21,19,0,0,0,0,0,0,0,0,7,1,1,1,0,0,0,3,2,1,2,KRBKRNvK,DRAW,1k1K4/1B2R3/1r3n2/8/8/8/8/8 w - - 0 1
0,1,0,0,0,0,0,1,-1,1,0,1,1,1,0,0,0,0,0,16,0,0,3,6,1,4,4,4,0,21,22,0,0,0,0,0,0,0,0,7,1,1,0,0,0,0,2,3,0,0,KRBKRNvK,DRAW,B1n4r/8/8/4k3/8/8/2R3K1/8 b - - 0 1
0,1,0,0,0,0,0,1,-1,1,0,1,1,1,0,0,0,0,0,16,0,0,6,7,3,1,4,3,2,23,24,0,0,0,0,0,0,0,0,7,1,1,1,0,0,0,3,1,0,1,KRBKRNvK,WIN,8/4R3/1r6/1k6/5n1K/8/8/7B b - - 0 1
1,1,0,0,0,0,0,1,-1,1,0,1,1,1,0,0,0,0,0,16,0,0,4,0,2,4,1,4,2,27,23,0,0,0,0,0,0,0,0,7,1,1,0,0,0,0,3,0,0,0,KRBKRNvK,DRAW,6r1/8/8/3R1B1n/8/K7/4k3/8 w - - 0 1
0,1,0,0,0,0,0,1,-1,1,0,1,1,1,0,0,0,0,0,16,0,0,5,4,2,0,7,1,6,20,24,0,0,0,0,0,0,0,0,7,1,1,0,0,0,0,2,1,0,0,KRBKRNvK,DRAW,k7/r7/6B1/1n6/8/4K3/8/4R3 b - - 0 1
0,1,0,0,0,0,0,1,-1,1,0,1,1,1,0,0,0,0,0,16,0,0,6,0,6,6,5,5,3,24,26,0,0,0,0,0,0,0,0,7,1,1,0,0,0,0,2,3,0,0,KRBKRNvK,DRAW,8/K2B4/6k1/5rn1/8/8/4R3/8 b - - 0 1
0,1,0,0,0,0,0,1,-1,1,0,1,1,1,0,0,0,0,0,16,0,0,3,3,2,0,2,1,4,25,20,0,0,0,0,0,0,0,0,7,1,1,0,0,0,0,3,1,0,0,KRBKRNvK,DRAW,8/2n5/1r6/8/8/k2KR3/8/5B2 b - - 0 1
0,1,0,0,0,0,0,1,-1,1,0,1,1,1,0,0,0,0,0,16,0,0,2,3,3,2,1,0,3,22,28,0,0,0,0,0,0,0,0,7,1,1,0,0,0,0,3,1,1,1,KRBKRNvK,DRAW,8/5r2/8/8/1B1K4/6R1/2k2n2/8 b - - 0 1
0,1,0,0,0,0,0,1,-1,1,0,1,1,1,0,0,0,0,0,16,0,0,3,6,1,3,3,4,0,4,0,1,0,0,0,0,0,0,0,7,1,1,1,0,0,0,1,4,1,1,KRBKRNvK,DRAW,1r6/2R5/8/8/3k4/5n2/5BK1/8 b - - 0 1
0,1,0,0,0,0,0,1,-1,1,0,1,1,1,0,0,0,0,0,16,0,0,5,6,5,1,0,3,5,21,28,0,0,0,0,0,0,0,0,7,1,1,0,0,0,0,3,1,0,0,KRBKRNvK,DRAW,6B1/3n4/6K1/8/4R3/8/8/1kr5 b - - 0 1
1,1,0,0,0,0,0,1,-1,1,0,1,1,1,0,0,0,0,0,16,0,0,5,5,5,1,0,2,5,26,20,0,0,0,0,0,0,0,0,7,1,1,0,0,0,0,1,3,1,0,KRBKRNvK,DRAW,8/8/5K2/8/8/2n5/6R1/1k1Br3 w - - 0 1
0,1,0,0,0,0,0,1,-1,1,0,1,1,1,0,0,0,0,0,16,0,0,4,3,0,6,4,3,2,8,0,1,0,0,0,0,0,0,0,7,1,1,0,0,0,0,3,2,0,1,KRBKRNvK,DRAW,8/B7/8/1R4k1/4r3/1n6/8/3K4 b - - 0 1
0,1,0,0,0,0,0,1,-1,1,0,1,1,1,0,0,0,0,0,16,0,0,6,1,2,7,3,3,3,3,0,1,0,0,0,0,0,0,0,7,1,1,0,0,0,0,1,0,1,0,KRBKRNvK,DRAW,6B1/8/7R/8/7k/1K6/8/5rn1 b - - 0 1
0,1,0,0,0,0,0,1,-1,1,0,1,1,1,0,0,0,0,0,16,0,0,3,7,1,4,4,5,0,5,0,1,0,0,0,0,0,0,0,7,1,1,0,0,0,0,3,3,0,0,KRBKRNvK,DRAW,1B6/8/8/4k3/2r5/8/7K/3Rn3 b - - 0 1
0,1,0,0,0,0,0,1,-1,1,0,1,1,1,0,0,0,0,0,16,0,0,5,2,1,6,6,3,4,4,0,1,0,0,0,0,0,0,0,7,1,1,0,0,0,0,1,1,0,0,KRBKRNvK,LOSS,2R5/6k1/3n4/8/3B4/8/2K5/6r1 b - - 0 1
0,1,0,0,0,0,0,1,-1,1,0,1,1,1,0,0,0,0,0,16,0,0,2,2,7,4,6,4,2,5,0,1,0,0,0,0,0,0,0,7,1,1,1,0,0,0,1,2,1,0,KRBKRNvK,DRAW,2K5/2R1k3/8/6rn/8/8/8/1B6 b - - 0 1
0,1,0,0,0,0,0,1,-1,1,0,1,1,1,0,0,0,0,0,16,0,0,4,3,1,6,5,2,3,25,21,0,0,0,0,0,0,0,0,7,1,1,1,0,0,0,2,1,0,0,KRBKRNvK,DRAW,B7/R2n4/6k1/8/8/8/3K4/6r1 b - - 0 1
1,1,0,0,0,0,0,1,-1,1,0,1,1,1,0,0,0,0,0,16,0,0,4,6,1,2,3,4,1,28,25,0,0,0,0,0,0,0,0,7,1,1,0,0,0,0,1,3,1,0,KRBKRNvK,DRAW,5n2/8/8/3r4/2k5/6B1/R5K1/8 w - - 0 1
0,1,0,0,0,0,0,1,-1,1,0,1,1,1,0,0,0,0,0,16,0,0,5,7,7,2,2,6,2,22,22,0,0,0,0,0,0,0,0,7,1,1,0,1,0,0,2,3,1,0,KRBKRNvK,DRAW,7K/8/8/8/8/2k4B/4r3/2nR4 b - - 0 1
1,1,0,0,0,0,0,1,-1,1,0,1,1,1,0,0,0,0,0,16,0,0,5,3,0,7,5,3,4,26,21,0,0,0,0,0,0,0,0,7,1,1,0,0,0,0,3,1,0,0,KRBKRNvK,DRAW,1r6/8/7k/3B4/1n6/3R4/8/3K4 w - - 0 1
1,1,0,0,0,0,0,1,-1,1,0,1,1,1,0,0,0,0,0,16,0,0,5,2,5,7,7,2,6,5,0,1,0,0,0,0,0,0,0,7,1,1,0,0,0,0,2,2,0,2,KRBKRNvK,DRAW,2n4k/8/2K5/8/2r5/3R4/8/6B1 w - - 0 1
0,1,0,0,0,0,0,1,-1,1,0,1,1,1,0,0,0,0,0,16,0,0,7,2,7,1,0,4,5,20,28,0,0,0,0,0,0,0,0,7,1,1,0,0,0,0,1,1,1,0,KRBKRNvK,DRAW,2K5/8/8/8/1n6/1B6/5R2/1k5r b - - 0 1
0,1,0,0,0,0,0,1,-1,1,0,1,1,1,0,0,0,0,0,16,0,0,4,5,3,1,5,1,3,28,18,0,0,0,0,0,0,0,0,7,1,1,0,0,0,0,2,2,0,1,KRBKRNvK,DRAW,8/5n2/1k6/7r/5KB1/5R2/8/8 b - - 0 1
1,1,0,0,0,0,0,1,-1,1,0,1,1,1,0,0,0,0,0,16,0,0,5,6,1,3,6,4,2,6,0,1,0,0,0,0,0,0,0,7,1,1,0,0,0,0,2,0,0,1,KRBKRNvK,DRAW,8/3k4/8/8/8/r5R1/1B4K1/4n3 w - - 0 1
1,1,0,0,0,0,0,1,-1,1,0,1,1,1,0,0,0,0,0,16,0,0,5,1,7,6,3,5,2,28,19,0,0,0,0,0,0,0,0,7,1,1,0,0,0,0,0,2,1,0,KRBKRNvK,DRAW,1K6/4B3/8/8/6k1/7R/n7/4r3 w - - 0 1
1,1,0,0,0,0,0,1,-1,1,0,1,1,1,0,0,0,0,0,16,0,0,7,4,7,2,0,3,4,19,19,0,0,0,0,0,0,0,0,7,1,1,1,0,0,0,1,2,0,0,KRBKRNvK,DRAW,4K3/1R6/4B3/8/4r3/n7/8/2k5 w - - 0 1
0,1,0,0,0,0,0,1,-1,1,0,1,1,1,0,0,0,0,0,16,0,0,7,0,0,7,1,6,5,22,23,0,0,0,0,0,0,0,0,7,1,1,0,0,0,0,2,0,0,0,KRBKRNvK,DRAW,2r5/3B4/8/8/R7/8/7k/K2n4 b - - 0 1
0,1,0,0,0,0,0,1,-1,1,0,1,1,1,0,0,0,0,0,16,0,0,2,4,3,6,2,0,3,25,24,0,0,0,0,0,0,0,0,7,1,1,0,1,0,0,3,1,1,2,KRBKRNvK,DRAW,8/8/B7/7R/4K3/3n2k1/2r5/8 b - - 0 1
0,1,0,0,0,0,0,1,-1,1,0,1,1,1,0,0,0,0,0,16,0,0,2,4,5,2,3,1,1,17,20,0,0,0,0,0,0,0,0,7,1,1,0,0,0,0,3,3,0,1,KRBKRNvK,DRAW,n7/8/4K3/2r5/2k5/8/5BR1/8 b - - 0 1
1,1,0,0,0,0,0,1,-1,1,0,1,1,1,0,0,0,0,0,16,0,0,3,4,3,1,4,0,2,6,0,1,0,0,0,0,0,0,0,7,1,1,0,0,0,0,4,2,1,1,KRBKRNvK,DRAW,5n2/8/3B4/1k6/2r1K2R/8/8/8 w - - 0 1
0,1,0,0,0,0,0,1,-1,1,0,1,1,1,0,0,0,0,0,16,0,0,3,5,2,2,5,2,2,6,0,1,0,0,0,0,0,0,0,7,1,1,0,0,0,0,1,2,1,0,KRBKRNvK,DRAW,B4R2/8/2k4r/8/8/5K2/2n5/8 b - - 0 1
1,1,0,0,0,0,0,1,-1,1,0,1,1,1,0,0,0,0,0,16,0,0,5,5,6,0,1,3,5,27,22,0,0,0,0,0,0,0,0,7,1,1,0,1,0,0,2,0,0,0,KRBKRNvK,DRAW,8/5K2/8/5RB1/8/8/k6r/3n4 w - - 0 1
0,1,0,0,0,0,0,1,-1,1,0,1,1,1,0,0,0,0,0,16,0,0,3,2,5,5,5,2,2,23,25,0,0,0,0,0,0,0,0,7,1,1,0,0,0,0,1,2,0,1,KRBKRNvK,DRAW,2B5/8/2K2k2/3r4/8/1R6/8/1n6 b - - 0 1
0,1,0,0,0,0,0,1,-1,1,0,1,1,1,0,0,0,0,0,16,0,0,5,3,5,0,0,1,6,17,22,0,0,0,0,0,0,0,0,7,1,1,0,0,0,0,3,0,0,0,KRBKRNvK,DRAW,8/8/R1BK4/8/n7/1r6/8/k7 b - - 0 1
1,1,0,0,0,0,0,1,-1,1,0,1,1,1,0,0,0,0,0,16,0,0,3,3,6,6,3,2,2,22,24,0,0,0,0,0,0,0,0,7,1,1,1,0,0,0,1,2,1,1,KRBKRNvK,DRAW,8/R2K2n1/8/4r3/6k1/8/5B2/8 w - - 0 1
1,1,0,0,0,0,0,1,-1,1,0,1,1,1,0,0,0,0,0,16,0,0,2,2,0,0,1,4,5,1,0,1,0,0,0,0,0,0,0,7,1,1,0,0,0,0,2,3,1,1,KRBKRNvK,LOSS,8/8/8/8/3r2R1/B7/k3n3/2K5 w - - 0 1
1,1,0,0,0,0,0,1,-1,1,0,1,1,1,0,0,0,0,0,16,0,0,4,4,0,0,0,3,6,25,18,0,0,0,0,0,0,0,0,7,1,1,0,0,0,0,2,0,0,0,KRBKRNvK,DRAW,8/8/1r6/7R/8/8/4B3/kn2K3 w - - 0 1
0,1,0,0,0,0,0,1,-1,1,0,1,1,1,0,0,0,0,0,16,0,0,4,3,1,7,1,2,5,23,10,0,0,0,0,0,0,0,0,7,1,1,0,0,0,0,0,0,0,1,KRBKRNvK,DRAW,8/8/8/8/8/r7/1nRK3k/2B5 b - - 0 1
0,1,0,0,0,0,0,1,-1,1,0,1,1,1,0,0,0,0,0,16,0,0,3,6,3,4,6,2,2,5,0,1,0,0,0,0,0,0,0,7,1,1,1,0,0,0,1,0,1,0,KRBKRNvK,DRAW,8/R3k3/8/4B3/6K1/1r6/8/5n2 b - - 0 1
0,1,0,0,0,0,0,1,-1,1,0,1,1,1,0,0,0,0,0,16,0,0,3,6,2,3,0,3,3,20,23,0,0,0,0,0,0,0,0,7,1,1,0,0,0,0,0,1,1,1,KRBKRNvK,DRAW,8/5r2/8/6n1/B7/6K1/2R5/3k4 b - - 0 1
0,1,0,0,0,0,0,1,-1,1,0,1,1,1,0,0,0,0,0,16,0,0,2,0,1,2,2,5,2,23,26,0,0,0,0,0,0,0,0,7,1,1,0,0,0,0,2,3,1,0,KRBKRNvK,DRAW,4r3/2B5/8/3R4/6n1/2k5/K7/8 b - - 0 1
1,1,0,0,0,0,0,1,-1,1,0,1,1,1,0,0,0,0,0,16,0,0,3,3,0,0,0,3,6,5,0,1,0,0,0,0,0,0,0,7,1,1,0,0,0,0,1,2,0,0,KRBKRNvK,DRAW,1n1r4/8/8/8/8/8/7B/k2K3R w - - 0 1
1,1,0,0,0,0,0,1,-1,1,0,1,1,1,0,0,0,0,0,16,0,0,2,1,1,3,2,4,1,20,19,0,0,0,0,0,0,0,0,7,1,1,0,0,0,0,0,3,0,0,KRBKRNvK,DRAW,1R1B4/8/n7/8/8/3kr3/1K6/8 w - - 0 1
0,1,0,0,0,0,0,1,-1,1,0,1,1,1,0,0,0,0,0,16,0,0,2,5,2,7,3,2,3,19,24,0,0,0,0,0,0,0,0,7,1,1,0,1,0,0,1,1,0,0,KRBKRNvK,DRAW,8/8/8/Bn6/7k/5K2/1r6/2R5 b - - 0 1
0,1,0,0,0,0,0,1,-1,1,0,1,1,1,0,0,0,0,0,16,0,0,6,2,0,5,6,4,3,4,0,1,0,0,0,0,0,0,0,7,1,1,1,0,0,0,1,0,1,0,KRBKRNvK,LOSS,8/r4k1R/8/4n3/8/8/B7/2K5 b - - 0 1
0,1,0,0,0,0,0,1,-1,1,0,1,1,1,0,0,0,0,0,16,0,0,2,5,3,7,4,1,3,19,27,0,0,0,0,0,0,0,0,7,1,1,0,0,0,0,2,2,0,1,KRBKRNvK,DRAW,2B4n/8/3r4/7k/5K2/8/R7/8 b - - 0 1
0,1,0,0,0,0,0,1,-1,1,0,1,1,1,0,0,0,0,0,16,0,0,6,1,6,7,4,4,3,3,0,1,0,0,0,0,0,0,0,7,1,1,0,1,0,0,2,3,1,0,KRBKRNvK,DRAW,8/1K6/8/7k/8/1n5R/4r3/B7 b - - 0 1
0,1,0,0,0,0,0,1,-1,1,0,1,1,1,0,0,0,0,0,16,0,0,3,5,3,5,6,1,3,22,24,0,0,0,0,0,0,0,0,7,1,1,0,0,0,0,4,0,1,0,KRBKRNvK,DRAW,1r6/5k2/3R4/8/5K2/8/n6B/8 b - - 0 1
1,1,0,0,0,0,0,1,-1,1,0,1,1,1,0,0,0,0,0,16,0,0,6,0,7,6,2,6,3,2,0,1,0,0,0,0,0,0,0,7,1,1,0,0,0,0,2,1,0,1,KRBKRNvK,DRAW,K7/8/1n6/2R5/2B5/6k1/8/r7 w - - 0 1
1,1,0,0,0,0,0,1,-1,1,0,1,1,1,0,0,0,0,0,16,0,0,2,6,2,6,0,3,5,25,15,0,0,0,0,0,0,0,0,7,1,1,1,0,0,0,1,0,0,1,KRBKRNvK,DRAW,8/6R1/8/5B1r/n7/6K1/8/6k1 w - - 0 1
1,1,0,0,0,0,0,1,-1,1,0,1,1,1,0,0,0,0,0,16,0,0,3,3,4,5,7,0,4,17,21,0,0,0,0,0,0,0,0,7,1,1,0,0,0,0,4,0,1,1,KRBKRNvK,DRAW,5kB1/6n1/8/3K4/8/2r5/8/3R4 w - - 0 1
1,1,0,0,0,0,0,1,-1,1,0,1,1,1,0,0,0,0,0,16,0,0,2,7,5,5,6,4,3,2,0,1,0,0,0,0,0,0,0,7,1,1,0,0,0,0,3,0,2,0,KRBKRNvK,DRAW,3R4/5k2/7K/5B2/3n4/8/8/7r w - - 0 1
0,1,0,0,0,0,0,1,-1,1,0,1,1,1,0,0,0,0,0,16,0,0,2,3,5,5,7,1,4,2,0,1,0,0,0,0,0,0,0,7,1,1,0,0,0,0,2,2,1,0,KRBKRNvK,LOSS,5k2/n3B3/3K4/8/7r/8/8/6R1 b - - 0 1
0,1,0,0,0,0,0,1,-1,1,0,1,1,1,0,0,0,0,0,16,0,0,6,3,1,2,7,2,4,19,26,0,0,0,0,0,0,0,0,7,1,1,0,1,0,0,0,1,0,2,KRBKRNvK,DRAW,2k5/8/8/7B/8/6R1/1rnK4/8 b - - 0 1
1,1,0,0,0,0,0,1,-1,1,0,1,1,1,0,0,0,0,0,16,0,0,6,3,1,6,7,2,5,17,18,0,0,0,0,0,0,0,0,7,1,1,0,0,0,0,2,2,0,0,KRBKRNvK,DRAW,6k1/8/3r4/8/1R1B4/7n/3K4/8 w - - 0 1
1,1,0,0,0,0,0,1,-1,1,0,1,1,1,0,0,0,0,0,16,0,0,4,7,4,6,0,3,5,25,23,0,0,0,0,0,0,0,0,7,1,1,0,0,0,0,2,1,0,0,KRBKRNvK,DRAW,1r1B4/8/8/7K/R7/4n3/8/6k1 w - - 0 1
1,1,0,0,0,0,0,1,-1,1,0,1,1,1,0,0,0,0,0,16,0,0,2,3,5,5,7,1,4,27,18,0,0,0,0,0,0,0,0,7,1,1,0,0,0,0,3,2,0,0,KRBKRNvK,WIN,5k2/8/3K4/3B2R1/8/4r3/8/1n6 w - - 0 1
0,1,0,0,0,0,0,1,-1,1,0,1,1,1,0,0,0,0,0,16,0,0,4,4,7,2,3,3,1,25,17,0,0,0,0,0,0,0,0,7,1,1,0,0,0,0,0,3,0,0,KRBKRNvK,DRAW,4K1R1/3B4/n7/5r2/2k5/8/8/8 b - - 0 1
1,1,0,0,0,0,0,1,-1,1,0,1,1,1,0,0,0,0,0,16,0,0,5,6,6,1,7,4,5,26,23,0,0,0,0,0,0,0,0,7,1,1,0,0,0,0,2,0,0,0,KRBKRNvK,DRAW,1k6/6K1/r7/5R2/7B/8/8/2n5 w - - 0 1
0,1,0,0,0,0,0,1,-1,1,0,1,1,1,0,0,0,0,0,16,0,0,2,7,7,7,5,6,4,24,21,0,0,0,0,0,0,0,0,7,1,1,0,1,0,0,1,1,0,0,KRBKRNvK,DRAW,R6K/8/7k/8/2n5/8/5r2/1B6 b - - 0 1
1,1,0,0,0,0,0,1,-1,1,0,1,1,1,0,0,0,0,0,16,0,0,3,1,1,4,2,4,1,27,28,0,0,0,0,0,0,0,0,7,1,1,0,0,0,0,2,3,0,0,KRBKRNvK,DRAW,5B2/8/6r1/1R6/5n2/4k3/1K6/8 w - - 0 1
0,1,0,0,0,0,0,1,-1,1,0,1,1,1,0,0,0,0,0,16,0,0,2,4,4,6,3,0,2,24,21,0,0,0,0,0,0,0,0,7,1,1,0,0,0,0,4,0,1,1,KRBKRNvK,DRAW,3n4/8/3B4/4K3/6k1/2r5/4R3/8 b - - 0 1
0,1,0,0,0,0,0,1,-1,1,0,1,1,1,0,0,0,0,0,16,0,0,3,0,2,3,5,4,1,21,26,0,0,0,0,0,0,0,0,7,1,1,1,0,0,0,0,2,2,0,KRBKRNvK,DRAW,3B4/5R2/2rk4/8/8/K3n3/8/8 b - - 0 1
1,1,0,0,0,0,0,1,-1,1,0,1,1,1,0,0,0,0,0,16,0,0,5,6,7,5,2,5,2,4,0,1,0,0,0,0,0,0,0,7,1,1,0,0,0,0,3,1,1,0,KRBKRNvK,LOSS,r5K1/8/n7/8/8/5k2/4R3/B7 w - - 0 1
1,1,0,0,0,0,0,1,-1,1,0,1,1,1,0,0,0,0,0,16,0,0,3,0,3,0,6,3,5,20,20,0,0,0,0,0,0,0,0,7,1,1,0,0,0,0,2,3,1,1,KRBKRNvK,DRAW,2B5/k7/4R3/2r3n1/K7/8/8/8 w - - 0 1
1,1,0,0,0,0,0,1,-1,1,0,1,1,1,0,0,0,0,0,16,0,0,7,0,0,4,7,6,3,18,23,0,0,0,0,0,0,0,0,7,1,1,0,0,0,0,0,2,0,0,KRBKRNvK,DRAW,4k3/8/8/n7/3r4/6R1/7B/K7 w - - 0 1
0,1,0,0,0,0,0,1,-1,1,0,1,1,1,0,0,0,0,0,16,0,0,5,5,0,4,5,4,1,23,23,0,0,0,0,0,0,0,0,7,1,1,0,0,0,0,1,2,1,1,KRBKRNvK,DRAW,8/8/4k1B1/8/8/r7/8/1R3Kn1 b - - 0 1
1,1,0,0,0,0,0,1,-1,1,0,1,1,1,0,0,0,0,0,16,0,0,4,4,2,0,4,1,3,30,15,0,0,0,0,0,0,0,0,7,1,1,0,0,0,0,2,2,0,1,KRBKRNvK,DRAW,1n6/8/8/k2r4/5R2/3BK3/8/8 w - - 0 1
0,1,0,0,0,0,0,1,-1,1,0,1,1,1,0,0,0,0,0,16,0,0,5,2,5,7,3,2,3,4,0,1,0,0,0,0,0,0,0,7,1,1,0,0,0,0,3,2,0,0,KRBKRNvK,DRAW,8/8/1BK5/7r/3R3k/8/6n1/8 b - - 0 1
1,1,0,0,0,0,0,1,-1,1,0,1,1,1,0,0,0,0,0,16,0,0,5,0,1,3,6,5,2,25,21,0,0,0,0,0,0,0,0,7,1,1,0,0,0,0,0,0,0,0,KRBKRNvK,DRAW,6r1/3k4/8/8/1B6/2R5/K7/5n2 w - - 0 1
0,1,0,0,0,0,0,1,-1,1,0,1,1,1,0,0,0,0,0,16,0,0,2,4,2,4,0,1,3,0,0,1,0,0,0,0,0,0,0,7,1,1,0,0,0,0,2,0,1,0,KRBKRNvK,LOSS,4n3/8/8/4B3/8/4K3/8/2R1k2r b - - 0 1
0,1,0,0,0,0,0,1,-1,1,0,1,1,1,0,0,0,0,0,16,0,0,5,6,0,1,5,5,3,6,0,1,0,0,0,0,0,0,0,7,1,1,1,0,0,0,2,3,1,1,KRBKRNvK,DRAW,8/2B1R3/1k6/8/8/2n1r3/8/6K1 b - - 0 1
0,1,0,0,0,0,0,1,-1,1,0,1,1,1,0,0,0,0,0,16,0,0,6,1,1,2,7,4,4,22,25,0,0,0,0,0,0,0,0,7,1,1,0,0,0,0,0,2,0,1,KRBKRNvK,DRAW,2k5/8/4r3/7B/8/8/nK4R1/8 b - - 0 1
1,1,0,0,0,0,0,1,-1,1,0,1,1,1,0,0,0,0,0,16,0,0,5,3,2,1,7,1,5,24,23,0,0,0,0,0,0,0,0,7,1,1,0,0,0,0,2,0,1,1,KRBKRNvK,DRAW,1k6/8/1B4r1/3n4/8/2RK4/8/8 w - - 0 1
0,1,0,0,0,0,0,1,-1,1,0,1,1,1,0,0,0,0,0,16,0,0,5,7,3,2,3,3,1,20,22,0,0,0,0,0,0,0,0,7,1,1,0,0,0,0,1,2,0,1,KRBKRNvK,DRAW,8/8/7n/8/2k2B1K/2r5/8/5R2 b - - 0 1
1,1,0,0,0,0,0,1,-1,1,0,1,1,1,0,0,0,0,0,16,0,0,6,2,6,0,0,3,6,5,0,1,0,0,0,0,0,0,0,7,1,1,1,0,0,0,1,1,0,1,KRBKRNvK,DRAW,8/2K3rR/8/1n6/8/8/5B2/k7 w - - 0 1
0,1,0,0,0,0,0,1,-1,1,0,1,1,1,0,0,0,0,0,16,0,0,3,3,3,0,2,0,4,22,27,0,0,0,0,0,0,0,0,7,1,1,0,0,0,0,3,1,0,1,KRBKRNvK,DRAW,2B5/8/8/6R1/3K1n2/k7/8/5r2 b - - 0 1
0,1,0,0,0,0,0,1,-1,1,0,1,1,1,0,0,0,0,0,16,0,0,6,5,0,7,6,4,5,4,0,1,0,0,0,0,0,0,0,7,1,1,0,0,0,0,3,2,1,0,KRBKRNvK,DRAW,3R2r1/7k/5n2/5B2/8/8/8/5K2 b - - 0 1
0,1,0,0,0,0,0,1,-1,1,0,1,1,1,0,0,0,0,0,16,0,0,6,7,5,1,0,4,5,4,0,1,0,0,0,0,0,0,0,7,1,1,1,0,0,0,1,2,1,0,KRBKRNvK,LOSS,8/2R5/7K/1r6/8/3Bn3/8/1k6 b - - 0 1
1,1,0,0,0,0,0,1,-1,1,0,1,1,1,0,0,0,0,0,16,0,0,5,5,1,7,6,3,5,26,21,0,0,0,0,0,0,0,0,7,1,1,0,0,0,0,2,0,1,0,KRBKRNvK,DRAW,3n3B/7k/2r5/8/8/8/R4K2/8 w - - 0 1
0,1,0,0,0,0,0,1,-1,1,0,1,1,1,0,0,0,0,0,16,0,0,4,2,1,6,4,3,2,22,29,0,0,0,0,0,0,0,0,7,1,1,1,0,0,0,2,0,1,0,KRBKRNvK,DRAW,1nB5/4R3/r7/6k1/8/8/2K5/8 b - - 0 1
1,1,0,0,0,0,0,1,-1,1,0,1,1,1,0,0,0,0,0,16,0,0,4,5,7,7,3,4,3,5,0,1,0,0,0,0,0,0,0,7,1,1,0,0,0,0,2,0,0,1,KRBKRNvK,DRAW,5K2/7n/8/1B6/7k/8/8/r3R3 w - - 0 1
1,1,0,0,0,0,0,1,-1,1,0,1,1,1,0,0,0,0,0,16,0,0,3,3,3,4,6,0,2,4,0,1,0,0,0,0,0,0,0,7,1,1,0,0,0,0,4,3,0,1,KRBKRNvK,DRAW,8/B3k3/8/8/3K3r/2R2n2/8/8 w - - 0 1
1,1,0,0,0,0,0,1,-1,1,0,1,1,1,0,0,0,0,0,16,0,0,6,7,4,1,1,3,4,22,22,0,0,0,0,0,0,0,0,7,1,1,0,0,0,0,0,2,0,1,KRBKRNvK,DRAW,4Bn2/8/8/7K/5r2/8/1k6/6R1 w - - 0 1
0,1,0,0,0,0,0,1,-1,1,0,1,1,1,0,0,0,0,0,16,0,0,5,5,3,0,5,1,4,25,23,0,0,0,0,0,0,0,0,7,1,1,0,1,0,0,2,1,0,1,KRBKRNvK,DRAW,5R2/8/k2B4/8/5K2/6n1/1r6/8 b - - 0 1
1,1,0,0,0,0,0,1,-1,1,0,1,1,1,0,0,0,0,0,16,0,0,6,3,0,1,6,3,4,3,0,1,0,0,0,0,0,0,0,7,1,1,0,0,0,0,0,1,0,0,KRBKRNvK,DRAW,7R/1k6/1n6/8/7B/8/8/r2K4 w - - 0 1
0,1,0,0,0,0,0,1,-1,1,0,1,1,1,0,0,0,0,0,16,0,0,2,2,2,1,4,2,2,27,24,0,0,0,0,0,0,0,0,7,1,1,0,0,0,0,2,2,1,0,KRBKRNvK,DRAW,8/6r1/2nR4/1k6/7B/2K5/8/8 b - - 0 1
1,1,0,0,0,0,0,1,-1,1,0,1,1,1,0,0,0,0,0,16,0,0,3,5,4,2,2,1,2,29,20,0,0,0,0,0,0,0,0,7,1,1,0,0,0,0,2,2,1,1,KRBKRNvK,DRAW,7R/2r2n2/8/1B3K2/8/2k5/8/8 w - - 0 1
1,1,0,0,0,0,0,1,-1,1,0,1,1,1,0,0,0,0,0,16,0,0,5,1,2,4,7,3,3,22,23,0,0,0,0,0,0,0,0,7,1,1,0,0,0,0,1,2,0,1,KRBKRNvK,DRAW,4k3/B7/8/3r4/8/1K6/1R6/5n2 w - - 0 1
1,1,0,0,0,0,0,1,-1,1,0,1,1,1,0,0,0,0,0,16,0,0,5,2,0,7,4,4,3,26,24,0,0,0,0,0,0,0,0,7,1,1,0,0,0,0,3,3,1,0,KRBKRNvK,DRAW,8/2n3B1/8/7k/1r6/8/4R3/2K5 w - - 0 1
1,1,0,0,0,0,0,1,-1,1,0,1,1,1,0,0,0,0,0,16,0,0,5,6,5,1,3,3,2,33,19,0,0,0,0,0,0,0,0,7,1,1,0,0,0,0,1,0,1,0,KRBKRNvK,DRAW,7R/n7/6K1/8/1kB5/8/8/2r5 w - - 0 1
1,1,0,0,0,0,0,1,-1,1,0,1,1,1,0,0,0,0,0,16,0,0,6,1,7,5,1,5,3,4,0,1,0,0,0,0,0,0,0,7,1,1,0,0,0,0,1,1,0,0,KRBKRNvK,DRAW,1K5r/8/8/3B4/8/8/2n2k2/2R5 w - - 0 1
0,1,0,0,0,0,0,1,-1,1,0,1,1,1,0,0,0,0,0,16,0,0,2,2,6,4,4,3,0,5,0,1,0,0,0,0,0,0,0,7,1,1,0,0,0,0,3,3,0,0,KRBKRNvK,DRAW,8/1BK5/8/4k3/8/8/4R1n1/3r4 b - - 0 1
1,1,0,0,0,0,0,1,-1,1,0,1,1,1,0,0,0,0,0,16,0,0,2,1,7,0,5,5,4,3,0,1,0,0,0,0,0,0,0,7,1,1,0,0,0,0,1,0,0,1,KRBKRNvK,LOSS,1K6/8/kr1B4/8/8/8/n7/2R5 w - - 0 1
1,1,0,0,0,0,0,1,-1,1,0,1,1,1,0,0,0,0,0,16,0,0,2,3,1,4,3,2,0,30,20,0,0,0,0,0,0,0,0,7,1,1,0,0,0,0,1,3,2,0,KRBKRNvK,DRAW,8/8/2r5/1nB5/4k3/6R1/3K4/8 w - - 0 1
1,1,0,0,0,0,0,1,-1,1,0,1,1,1,0,0,0,0,0,16,0,0,6,7,3,1,0,3,5,26,20,0,0,0,0,0,0,0,0,7,1,1,0,0,0,0,2,0,0,0,KRBKRNvK,DRAW,5rB1/8/3R4/8/7K/8/1n6/1k6 w - - 0 1
0,1,0,0,0,0,0,1,-1,1,0,1,1,1,0,0,0,0,0,16,0,0,2,4,6,6,7,2,5,20,26,0,0,0,0,0,0,0,0,7,1,1,0,0,0,0,2,2,0,0,KRBKRNvK,DRAW,6k1/2B1K3/8/5R2/3r4/8/7n/8 b - - 0 1
0,1,0,0,0,0,0,1,-1,1,0,1,1,1,0,0,0,0,0,16,0,0,5,0,5,5,5,4,2,19,20,0,0,0,0,0,0,0,0,7,1,1,0,0,0,0,0,1,1,0,KRBKRNvK,DRAW,R7/7n/K4k2/8/6B1/5r2/8/8 b - - 0 1
0,1,0,0,0,0,0,1,-1,1,0,1,1,1,0,0,0,0,0,16,0,0,3,3,6,0,3,2,3,4,0,1,0,0,0,0,0,0,0,7,1,1,0,0,0,0,0,2,0,1,KRBKRNvK,DRAW,R7/3K4/6B1/5r2/k5n1/8/8/8 b - - 0 1
1,1,0,0,0,0,0,1,-1,1,0,1,1,1,0,0,0,0,0,16,0,0,2,6,1,6,3,4,2,24,25,0,0,0,0,0,0,0,0,7,1,1,0,0,0,0,0,2,0,1,KRBKRNvK,DRAW,3B4/1r6/R7/8/6k1/5n2/6K1/8 w - - 0 1
1,1,0,0,0,0,0,1,-1,1,0,1,1,1,0,0,0,0,0,16,0,0,5,7,1,2,2,5,2,26,12,0,0,0,0,0,0,0,0,7,1,1,0,0,0,0,2,1,0,0,KRBKRNvK,DRAW,7n/7B/8/8/5R2/1rk5/7K/8 w - - 0 1
1,1,0,0,0,0,0,1,-1,1,0,1,1,1,0,0,0,0,0,16,0,0,2,7,2,5,1,4,3,1,0,1,0,0,0,0,0,0,0,7,1,1,1,0,0,0,2,3,0,2,KRBKRNvK,DRAW,8/4R3/8/7r/8/B4n1K/5k2/8 w - - 0 1
0,1,0,0,0,0,0,1,-1,1,0,1,1,1,0,0,0,0,0,16,0,0,4,0,3,4,1,3,2,25,23,0,0,0,0,0,0,0,0,7,1,1,0,0,0,0,3,0,0,0,KRBKRNvK,DRAW,7B/8/8/6R1/K7/8/4k2n/1r6 b - - 0 1
0,1,0,0,0,0,0,1,-1,1,0,1,1,1,0,0,0,0,0,16,0,0,6,6,1,5,7,4,4,18,22,0,0,0,0,0,0,0,0,7,1,1,0,0,0,0,2,3,0,1,KRBKRNvK,DRAW,5k2/8/3r4/8/8/8/1B3nK1/5R2 b - - 0 1
0,1,0,0,0,0,0,1,-1,1,0,1,1,1,0,0,0,0,0,16,0,0,5,5,1,0,2,3,4,20,28,0,0,0,0,0,0,0,0,7,1,1,0,0,0,0,1,2,1,0,KRBKRNvK,DRAW,8/8/1R6/3r1n2/2B5/k7/5K2/8 b - - 0 1
1,1,0,0,0,0,0,1,-1,1,0,1,1,1,0,0,0,0,0,16,0,0,4,3,1,7,4,2,3,7,0,1,0,0,0,0,0,0,0,7,1,1,0,0,0,0,0,2,0,1,KRBKRNvK,DRAW,2B5/7r/8/7k/8/5n2/1R1K4/8 w - - 0 1
0,1,0,0,0,0,0,1,-1,1,0,1,1,1,0,0,0,0,0,16,0,0,3,3,5,6,2,1,3,20,17,0,0,0,0,0,0,0,0,7,1,1,0,0,0,0,2,3,1,1,KRBKRNvK,DRAW,6R1/8/3K2n1/7B/2r5/6k1/8/8 b - - 0 1
0,1,0,0,0,0,0,1,-1,1,0,1,1,1,0,0,0,0,0,16,0,0,7,3,7,1,0,3,5,23,22,0,0,0,0,0,0,0,0,7,1,1,0,0,0,0,1,1,0,1,KRBKRNvK,DRAW,3K4/1r6/8/5n2/8/8/7R/1k4B1 b - - 0 1
0,1,0,0,0,0,0,1,-1,1,0,1,1,1,0,0,0,0,0,16,0,0,6,7,3,1,3,3,2,23,27,0,0,0,0,0,0,0,0,7,1,1,0,1,0,0,1,0,1,1,KRBKRNvK,DRAW,8/8/5R2/8/nk5K/3B4/6r1/8 b - - 0 1
1,1,0,0,0,0,0,1,-1,1,0,1,1,1,0,0,0,0,0,16,0,0,5,3,6,7,1,2,5,25,23,0,0,0,0,0,0,0,0,7,1,1,0,0,0,0,2,1,0,1,KRBKRNvK,DRAW,6B1/3K4/3R4/5n2/8/8/7k/5r2 w - - 0 1
1,1,0,0,0,0,0,1,-1,1,0,1,1,1,0,0,0,0,0,16,0,0,2,0,4,2,3,3,1,21,25,0,0,0,0,0,0,0,0,7,1,1,0,1,0,0,3,3,0,1,KRBKRNvK,DRAW,8/8/8/K7/2k5/2n5/3r4/4R1B1 w - - 0 1
0,1,0,0,0,0,0,1,-1,1,0,1,1,1,0,0,0,0,0,16,0,0,5,1,7,1,2,5,3,22,23,0,0,0,0,0,0,0,0,7,1,1,0,0,0,0,2,0,0,0,KRBKRNvK,DRAW,1K2R3/3B4/8/7n/8/1kr5/8/8 b - - 0 1
1,1,0,0,0,0,0,1,-1,1,0,1,1,1,0,0,0,0,0,16,0,0,7,0,0,7,2,6,4,2,0,1,0,0,0,0,0,0,0,7,1,1,1,0,0,0,3,2,0,0,KRBKRNvK,DRAW,8/3R4/r1n5/8/8/7k/1B6/K7 w - - 0 1
1,1,0,0,0,0,0,1,-1,1,0,1,1,1,0,0,0,0,0,16,0,0,3,6,4,3,2,2,1,33,20,0,0,0,0,0,0,0,0,7,1,1,1,0,0,0,2,3,1,0,KRBKRNvK,DRAW,3r4/7R/8/6K1/8/3k1B2/n7/8 w - - 0 1
0,1,0,0,0,0,0,1,-1,1,0,1,1,1,0,0,0,0,0,16,0,0,2,1,7,0,5,5,4,22,26,0,0,0,0,0,0,0,0,7,1,1,0,0,0,0,3,1,0,0,KRBKRNvK,DRAW,1K6/8/k5r1/3B3R/8/8/5n2/8 b - - 0 1
1,1,0,0,0,0,0,1,-1,1,0,1,1,1,0,0,0,0,0,16,0,0,2,6,0,7,2,5,4,24,16,0,0,0,0,0,0,0,0,7,1,1,0,0,0,0,2,0,0,0,KRBKRNvK,DRAW,2n5/2r1B3/4R3/8/8/7k/8/6K1 w - - 0 1
0,1,0,0,0,0,0,1,-1,1,0,1,1,1,0,0,0,0,0,16,0,0,5,1,3,6,1,2,4,25,24,0,0,0,0,0,0,0,0,7,1,1,0,0,0,0,0,1,0,0,KRBKRNvK,DRAW,6r1/4n3/8/8/1K6/8/2RB2k1/8 b - - 0 1
1,1,0,0,0,0,0,1,-1,1,0,1,1,1,0,0,0,0,0,16,0,0,2,5,5,5,3,2,1,21,21,0,0,0,0,0,0,0,0,7,1,1,0,0,0,0,2,2,1,0,KRBKRNvK,DRAW,r7/6B1/5K2/3R4/5k2/8/8/7n w - - 0 1
0,1,0,0,0,0,0,1,-1,1,0,1,1,1,0,0,0,0,0,16,0,0,2,1,6,1,4,4,2,22,27,0,0,0,0,0,0,0,0,7,1,1,0,0,0,0,2,0,0,1,KRBKRNvK,DRAW,2n5/1K3B2/8/1k6/8/6r1/8/3R4 b - - 0 1
1,1,0,0,0,0,0,1,-1,1,0,1,1,1,0,0,0,0,0,16,0,0,2,5,4,3,5,1,1,4,0,1,0,0,0,0,0,0,0,7,1,1,0,0,0,0,2,2,0,0,KRBKRNvK,DRAW,8/8/1n1k4/1r3KR1/6B1/8/8/8 w - - 0 1
1,1,0,0,0,0,0,1,-1,1,0,1,1,1,0,0,0,0,0,16,0,0,5,5,6,4,1,3,2,33,29,0,0,0,0,0,0,0,0,7,1,1,0,0,0,0,3,2,1,0,KRBKRNvK,DRAW,8/5K2/3B4/8/6R1/2n5/4k3/7r w - - 0 1
0,1,0,0,0,0,0,1,-1,1,0,1,1,1,0,0,0,0,0,16,0,0,4,5,2,1,0,2,5,25,25,0,0,0,0,0,0,0,0,7,1,1,0,0,0,0,4,1,0,1,KRBKRNvK,DRAW,1r6/8/4B3/8/4R3/4nK2/8/1k6 b - - 0 1
0,1,0,0,0,0,0,1,-1,1,0,1,1,1,0,0,0,0,0,16,0,0,5,7,1,2,6,5,3,4,0,1,0,0,0,0,0,0,0,7,1,1,0,0,0,0,1,0,1,0,KRBKRNvK,DRAW,6r1/2k5/5R2/4B3/8/8/7K/2n5 b - - 0 1
0,1,0,0,0,0,0,1,-1,1,0,1,1,1,0,0,0,0,0,16,0,0,4,3,0,5,4,3,1,23,18,0,0,0,0,0,0,0,0,7,1,1,0,0,0,0,0,2,0,1,KRBKRNvK,DRAW,3B4/8/7n/5k2/8/4r3/8/2RK4 b - - 0 1
1,1,0,0,0,0,0,1,-1,1,0,1,1,1,0,0,0,0,0,16,0,0,2,3,7,5,7,3,4,25,18,0,0,0,0,0,0,0,0,7,1,1,0,1,0,0,1,1,0,0,KRBKRNvK,DRAW,3K1k2/8/8/8/8/8/r1B2n2/1R6 w - - 0 1
0,1,0,0,0,0,0,1,-1,1,0,1,1,1,0,0,0,0,0,16,0,0,6,6,2,0,4,3,3,4,0,1,0,0,0,0,0,0,0,7,1,1,0,1,0,0,1,0,1,2,KRBKRNvK,LOSS,8/2B5/8/k7/7n/5RK1/5r2/8 b - - 0 1
0,1,0,0,0,0,0,1,-1,1,0,1,1,1,0,0,0,0,0,16,0,0,5,4,5,7,0,1,6,25,26,0,0,0,0,0,0,0,0,7,1,1,0,0,0,0,4,1,0,1,KRBKRNvK,DRAW,1r6/8/4K3/5n2/R7/8/2B5/7k b - - 0 1
1,1,0,0,0,0,0,1,-1,1,0,1,1,1,0,0,0,0,0,16,0,0,3,3,3,6,6,0,4,6,0,1,0,0,0,0,0,0,0,7,1,1,0,0,0,0,3,1,1,0,KRBKRNvK,DRAW,8/6k1/2B2R2/8/3K4/8/8/2nr4 w - - 0 1
0,1,0,0,0,0,0,1,-1,1,0,1,1,1,0,0,0,0,0,16,0,0,3,4,0,1,3,3,2,26,26,0,0,0,0,0,0,0,0,7,1,1,0,0,0,0,3,0,1,1,KRBKRNvK,DRAW,8/8/2r5/8/1k6/5B2/3R4/3nK3 b - - 0 1
0,1,0,0,0,0,0,1,-1,1,0,1,1,1,0,0,0,0,0,16,0,0,7,7,5,0,3,4,3,4,0,1,0,0,0,0,0,0,0,7,1,1,0,0,0,0,2,1,0,0,KRBKRNvK,DRAW,8/3r4/1n5K/3B4/k2R4/8/8/8 b - - 0 1
0,1,0,0,0,0,0,1,-1,1,0,1,1,1,0,0,0,0,0,16,0,0,3,7,7,4,6,6,2,22,21,0,0,0,0,0,0,0,0,7,1,1,0,0,0,0,1,2,1,1,KRBKRNvK,DRAW,6RK/4k2n/8/3r4/8/1B6/8/8 b - - 0 1
1,1,0,0,0,0,0,1,-1,1,0,1,1,1,0,0,0,0,0,16,0,0,3,2,3,1,0,1,5,5,0,1,0,0,0,0,0,0,0,7,1,1,0,0,0,0,2,2,0,2,KRBKRNvK,DRAW,8/5B2/n7/8/2K1r3/7R/8/1k6 w - - 0 1
1,1,0,0,0,0,0,1,-1,1,0,1,1,1,0,0,0,0,0,16,0,0,4,4,3,0,2,0,4,21,20,0,0,0,0,0,0,0,0,7,1,1,0,0,0,0,4,1,1,2,KRBKRNvK,DRAW,2B5/8/5rn1/8/1R2K3/k7/8/8 w - - 0 1
0,1,0,0,0,0,0,1,-1,1,0,1,1,1,0,0,0,0,0,16,0,0,3,6,2,6,5,3,3,25,22,0,0,0,0,0,0,0,0,7,1,1,1,0,0,0,0,3,0,1,KRBKRNvK,DRAW,8/R7/4r1k1/B7/8/5nK1/8/8 b - - 0 1
0,1,0,0,0,0,0,1,-1,1,0,1,1,1,0,0,0,0,0,16,0,0,4,6,5,6,1,3,4,22,30,0,0,0,0,0,0,0,0,7,1,1,0,0,0,0,3,2,0,2,KRBKRNvK,DRAW,4R3/8/6K1/7n/7r/2B5/6k1/8 b - - 0 1
0,1,0,0,0,0,0,1,-1,1,0,1,1,1,0,0,0,0,0,16,0,0,3,0,5,3,4,4,0,24,26,0,0,0,0,0,0,0,0,7,1,1,0,0,0,0,1,4,1,0,KRBKRNvK,WIN,6r1/4n3/K7/3k4/8/3B4/8/R7 b - - 0 1
0,1,0,0,0,0,0,1,-1,1,0,1,1,1,0,0,0,0,0,16,0,0,3,0,3,1,0,3,5,23,20,0,0,0,0,0,0,0,0,7,1,1,0,0,0,0,1,3,0,0,KRBKRNvK,DRAW,8/8/R3B3/8/K7/3r1n2/8/1k6 b - - 0 1
0,1,0,0,0,0,0,1,-1,1,0,1,1,1,0,0,0,0,0,16,0,0,2,4,2,4,0,1,3,7,26,0,0,0,0,0,0,0,0,7,1,1,0,0,0,0,3,0,0,0,KRBKRNvK,DRAW,8/8/3R4/3B4/8/4K3/7n/4k2r b - - 0 1
1,1,0,0,0,0,0,1,-1,1,0,1,1,1,0,0,0,0,0,16,0,0,5,6,1,7,6,4,5,7,0,1,0,0,0,0,0,0,0,7,1,1,0,1,0,0,0,0,1,0,KRBKRNvK,LOSS,5B2/7k/8/8/n7/2R5/1r4K1/8 w - - 0 1
1,1,0,0,0,0,0,1,-1,1,0,1,1,1,0,0,0,0,0,16,0,0,5,7,2,2,6,4,3,2,0,1,0,0,0,0,0,0,0,7,1,1,0,0,0,0,1,1,1,1,KRBKRNvK,DRAW,8/2k4r/6R1/2B5/8/7K/5n2/8 w - - 0 1
0,1,0,0,0,0,0,1,-1,1,0,1,1,1,0,0,0,0,0,16,0,0,6,5,0,7,6,4,5,20,25,0,0,0,0,0,0,0,0,7,1,1,0,0,0,0,3,3,0,0,KRBKRNvK,DRAW,8/7k/8/r5n1/8/2B5/8/4RK2 b - - 0 1
1,1,0,0,0,0,0,1,-1,1,0,1,1,1,0,0,0,0,0,16,0,0,7,4,7,2,0,3,4,20,23,0,0,0,0,0,0,0,0,7,1,1,0,1,0,0,1,0,0,1,KRBKRNvK,DRAW,2n1K1R1/B7/8/8/8/8/7r/2k5 w - - 0 1
0,1,0,0,0,0,0,1,-1,1,0,1,1,1,0,0,0,0,0,16,0,0,4,1,5,5,5,3,2,6,0,1,0,0,0,0,0,0,0,7,1,1,0,0,0,0,0,1,1,1,KRBKRNvK,DRAW,4nR2/2r5/1K3k2/8/8/8/8/2B5 b - - 0 1
0,1,0,0,0,0,0,1,-1,1,0,1,1,1,0,0,0,0,0,16,0,0,3,3,0,6,0,3,5,5,0,1,0,0,0,0,0,0,0,7,1,1,0,1,0,0,1,0,0,1,KRBKRNvK,DRAW,4n1R1/8/8/8/5B2/8/1r6/3K2k1 b - - 0 1
1,1,0,0,0,0,0,1,-1,1,0,1,1,1,0,0,0,0,0,16,0,0,3,3,4,6,3,0,2,16,23,0,0,0,0,0,0,0,0,7,1,1,0,1,0,0,4,2,0,1,KRBKRNvK,WIN,8/1n6/8/3K4/6k1/3R4/4r3/7B w - - 0 1
1,1,0,0,0,0,0,1,-1,1,0,1,1,1,0,0,0,0,0,16,0,0,4,6,1,4,5,4,1,29,25,0,0,0,0,0,0,0,0,7,1,1,0,0,0,0,0,4,0,0,KRBKRNvK,DRAW,8/8/4k3/8/2r5/R7/6K1/1n2B3 w - - 0 1
1,1,0,0,0,0,0,1,-1,1,0,1,1,1,0,0,0,0,0,16,0,0,3,4,4,1,5,0,3,7,0,1,0,0,0,0,0,0,0,7,1,1,0,1,0,0,3,1,2,1,KRBKRNvK,DRAW,B1R5/3n4/1k6/4K3/8/8/7r/8 w - - 0 1
1,1,0,0,0,0,0,1,-1,1,0,1,1,1,0,0,0,0,0,16,0,0,2,0,4,2,5,3,2,1,0,1,0,0,0,0,0,0,0,7,1,1,0,1,0,0,0,1,1,0,KRBKRNvK,DRAW,8/8/B1k5/K7/8/8/r7/1n5R w - - 0 1
0,1,0,0,0,0,0,1,-1,1,0,1,1,1,0,0,0,0,0,16,0,0,7,3,0,4,7,3,3,21,24,0,0,0,0,0,0,0,0,7,1,1,0,0,0,0,1,2,1,0,KRBKRNvK,DRAW,4k3/8/6R1/8/7r/6B1/8/n2K4 b - - 0 1
0,1,0,0,0,0,0,1,-1,1,0,1,1,1,0,0,0,0,0,16,0,0,3,1,2,1,5,3,3,6,0,1,0,0,0,0,0,0,0,7,1,1,0,0,0,0,2,0,1,1,KRBKRNvK,DRAW,5r2/8/1k1R4/8/8/1K5B/1n6/8 b - - 0 1
1,1,0,0,0,0,0,1,-1,1,0,1,1,1,0,0,0,0,0,16,0,0,2,2,4,0,2,1,4,4,0,1,0,0,0,0,0,0,0,7,1,1,0,1,0,0,4,2,0,0,KRBKRNvK,DRAW,8/3B4/4R3/2K5/8/k4n2/2r5/8 w - - 0 1
0,1,0,0,0,0,0,1,-1,1,0,1,1,1,0,0,0,0,0,16,0,0,5,3,2,0,7,1,6,3,0,1,0,0,0,0,0,0,0,7,1,1,0,0,0,0,2,3,0,2,KRBKRNvK,DRAW,k4R2/7B/8/1r6/8/1n1K4/8/8 b - - 0 1
1,1,0,0,0,0,0,1,-1,1,0,1,1,1,0,0,0,0,0,16,0,0,2,1,6,3,6,4,2,28,24,0,0,0,0,0,0,0,0,7,1,1,0,0,0,0,0,3,1,0,KRBKRNvK,DRAW,6R1/1K1kB3/8/8/5r2/4n3/8/8 w - - 0 1
0,1,0,0,0,0,0,1,-1,1,0,1,1,1,0,0,0,0,0,16,0,0,6,1,4,7,3,2,3,15,28,0,0,0,0,0,0,0,0,7,1,1,0,0,0,0,2,0,0,0,KRBKRNvK,DRAW,7n/8/1B1R4/1K6/7k/7r/8/8 b - - 0 1
1,1,0,0,0,0,0,1,-1,1,0,1,1,1,0,0,0,0,0,16,0,0,3,6,4,3,1,2,2,29,21,0,0,0,0,0,0,0,0,7,1,1,0,1,0,0,2,1,1,0,KRBKRNvK,DRAW,1B6/8/8/2n3K1/8/8/r2k4/4R3 w - - 0 1
1,1,0,0,0,0,0,1,-1,1,0,1,1,1,0,0,0,0,0,16,0,0,5,4,6,0,1,2,5,28,20,0,0,0,0,0,0,0,0,7,1,1,0,0,0,0,2,0,0,1,KRBKRNvK,DRAW,6r1/4K3/8/2R5/8/8/k2B4/n7 w - - 0 1
0,1,0,0,0,0,0,1,-1,1,0,1,1,1,0,0,0,0,0,16,0,0,5,3,7,3,2,3,1,21,22,0,0,0,0,0,0,0,0,7,1,1,1,0,0,0,2,3,0,1,KRBKRNvK,DRAW,3K4/2BnR3/8/8/8/3k3r/8/8 b - - 0 1
1,1,0,0,0,0,0,1,-1,1,0,1,1,1,0,0,0,0,0,16,0,0,4,2,6,3,2,3,1,7,0,1,0,0,0,0,0,0,0,7,1,1,0,0,0,0,1,2,0,1,KRBKRNvK,DRAW,8/B1K5/4n3/8/5r2/3k4/6R1/8 w - - 0 1
1,1,0,0,0,0,0,1,-1,1,0,1,1,1,0,0,0,0,0,16,0,0,2,5,3,3,3,1,0,2,0,1,0,0,0,0,0,0,0,7,1,1,1,1,0,0,2,3,0,2,KRBKRNvK,DRAW,8/5R2/8/8/3k1K2/7n/5r2/4B3 w - - 0 1
1,1,0,0,0,0,0,1,-1,1,0,1,1,1,0,0,0,0,0,16,0,0,4,0,5,4,6,4,2,26,18,0,0,0,0,0,0,0,0,7,1,1,0,1,0,0,2,2,1,0,KRBKRNvK,DRAW,5R2/4k3/K7/8/8/8/4r3/n6B w - - 0 1
1,1,0,0,0,0,0,1,-1,1,0,1,1,1,0,0,0,0,0,16,0,0,3,7,0,4,1,6,2,3,0,1,0,0,0,0,0,0,0,7,1,1,0,0,0,0,3,0,2,0,KRBKRNvK,DRAW,8/8/7r/8/5R2/8/1n2k1B1/7K w - - 0 1
1,1,0,0,0,0,0,1,-1,1,0,1,1,1,0,0,0,0,0,16,0,0,4,7,5,3,6,4,2,20,27,0,0,0,0,0,0,0,0,7,1,1,0,1,0,0,0,2,0,0,KRBKRNvK,DRAW,8/3k4/7K/8/2n5/8/3Br3/3R4 w - - 0 1
0,1,0,0,0,0,0,1,-1,1,0,1,1,1,0,0,0,0,0,16,0,0,4,5,2,7,6,2,5,19,26,0,0,0,0,0,0,0,0,7,1,1,0,0,0,0,1,0,0,0,KRBKRNvK,DRAW,8/7k/1r6/8/n7/5K2/6R1/5B2 b - - 0 1
0,1,0,0,0,0,0,1,-1,1,0,1,1,1,0,0,0,0,0,16,0,0,3,3,6,4,3,2,0,4,0,1,0,0,0,0,0,0,0,7,1,1,0,0,0,0,3,3,1,1,KRBKRNvK,DRAW,8/3K4/4R3/5nr1/4k3/8/B7/8 b - - 0 1
0,1,0,0,0,0,0,1,-1,1,0,1,1,1,0,0,0,0,0,16,0,0,2,5,7,7,7,4,6,1,0,1,0,0,0,0,0,0,0,7,1,1,0,0,0,0,2,3,1,0,KRBKRNvK,DRAW,5K1k/6B1/8/6n1/8/3r4/6R1/8 b - - 0 1
0,1,0,0,0,0,0,1,-1,1,0,1,1,1,0,0,0,0,0,16,0,0,3,1,2,2,5,3,2,20,27,0,0,0,0,0,0,0,0,7,1,1,0,0,0,0,2,1,1,0,KRBKRNvK,DRAW,2r5/7B/2k5/8/R7/1K6/8/4n3 b - - 0 1
1,1,0,0,0,0,0,1,-1,1,0,1,1,1,0,0,0,0,0,16,0,0,5,1,0,6,5,5,3,4,0,1,0,0,0,0,0,0,0,7,1,1,0,0,0,0,1,1,1,0,KRBKRNvK,DRAW,8/8/6k1/4B3/8/2R5/5n2/1K4r1 w - - 0 1
0,1,0,0,0,0,0,1,-1,1,0,1,1,1,0,0,0,0,0,16,0,0,5,5,0,3,5,4,1,24,21,0,0,0,0,0,0,0,0,7,1,1,0,0,0,0,2,4,0,0,KRBKRNvK,DRAW,8/8/1n1k3B/6R1/r7/8/8/5K2 b - - 0 1
0,1,0,0,0,0,0,1,-1,1,0,1,1,1,0,0,0,0,0,16,0,0,3,0,7,3,6,6,2,20,22,0,0,0,0,0,0,0,0,7,1,1,0,0,0,0,1,2,1,0,KRBKRNvK,DRAW,KR6/3k4/8/8/8/5n1r/B7/8 b - - 0 1
0,1,0,0,0,0,0,1,-1,1,0,1,1,1,0,0,0,0,0,16,0,0,7,7,6,0,7,5,6,23,20,0,0,0,0,0,0,0,0,7,1,1,0,0,0,0,0,2,1,0,KRBKRNvK,DRAW,k7/7K/2R5/8/8/3r4/2n5/1B6 b - - 0 1
1,1,0,0,0,0,0,1,-1,1,0,1,1,1,0,0,0,0,0,16,0,0,3,3,3,6,4,0,2,6,0,1,0,0,0,0,0,0,0,7,1,1,0,0,0,0,4,1,0,1,KRBKRNvK,DRAW,5B2/5r2/8/6k1/2RK4/1n6/8/8 w - - 0 1
0,1,0,0,0,0,0,1,-1,1,0,1,1,1,0,0,0,0,0,16,0,0,7,5,0,3,7,4,3,3,0,1,0,0,0,0,0,0,0,7,1,1,0,0,0,0,0,1,0,0,KRBKRNvK,DRAW,2rk2R1/8/7B/8/5n2/8/8/5K2 b - - 0 1
0,1,0,0,0,0,0,1,-1,1,0,1,1,1,0,0,0,0,0,16,0,0,4,4,3,7,7,0,6,4,0,1,0,0,0,0,0,0,0,7,1,1,0,0,0,0,3,2,0,2,KRBKRNvK,DRAW,7k/8/8/5r2/4K3/2B1n3/2R5/8 b - - 0 1
0,1,0,0,0,0,0,1,-1,1,0,1,1,1,0,0,0,0,0,16,0,0,6,0,2,6,7,4,5,19,27,0,0,0,0,0,0,0,0,7,1,1,0,0,0,0,3,0,0,0,KRBKRNvK,DRAW,6k1/1r6/8/8/5R2/K1B5/8/5n2 b - - 0 1
1,1,0,0,0,0,0,1,-1,1,0,1,1,1,0,0,0,0,0,16,0,0,3,2,3,1,6,1,4,4,0,1,0,0,0,0,0,0,0,7,1,1,0,0,0,0,3,2,0,2,KRBKRNvK,DRAW,8/1k6/3n4/4r3/2K2R2/1B6/8/8 w - - 0 1
0,1,0,0,0,0,0,1,-1,1,0,1,1,1,0,0,0,0,0,16,0,0,2,3,5,5,3,1,1,21,26,0,0,0,0,0,0,0,0,7,1,1,0,0,0,0,2,3,0,1,KRBKRNvK,DRAW,4r3/5B2/3K4/8/5k2/1R6/4n3/8 b - - 0 1
1,1,0,0,0,0,0,1,-1,1,0,1,1,1,0,0,0,0,0,16,0,0,2,5,7,7,6,4,5,2,0,1,0,0,0,0,0,0,0,7,1,1,0,0,0,0,1,2,1,1,KRBKRNvK,LOSS,3r1KR1/7k/8/2B5/8/8/4n3/8 w - - 0 1
1,1,0,0,0,0,0,1,-1,1,0,1,1,1,0,0,0,0,0,16,0,0,6,2,0,6,6,4,4,26,21,0,0,0,0,0,0,0,0,7,1,1,0,0,0,0,1,0,0,0,KRBKRNvK,DRAW,8/6k1/7r/8/7n/R7/8/2K3B1 w - - 0 1
1,1,0,0,0,0,0,1,-1,1,0,1,1,1,0,0,0,0,0,16,0,0,2,3,5,5,4,1,1,24,18,0,0,0,0,0,0,0,0,7,1,1,0,1,0,0,2,2,0,0,KRBKRNvK,DRAW,8/n7/3K4/5k2/8/1R6/5r2/3B4 w - - 0 1
1,1,0,0,0,0,0,1,-1,1,0,1,1,1,0,0,0,0,0,16,0,0,7,4,0,7,7,3,6,24,19,0,0,0,0,0,0,0,0,7,1,1,1,0,0,0,1,0,1,0,KRBKRNvK,DRAW,3n2Bk/1R6/5r2/8/8/8/8/4K3 w - - 0 1
0,1,0,0,0,0,0,1,-1,1,0,1,1,1,0,0,0,0,0,16,0,0,2,0,1,2,1,5,3,4,0,1,0,0,0,0,0,0,0,7,1,1,0,0,0,0,3,2,0,0,KRBKRNvK,DRAW,8/8/8/2R5/3r4/7n/K1k5/7B b - - 0 1
0,1,0,0,0,0,0,1,-1,1,0,1,1,1,0,0,0,0,0,16,0,0,5,2,5,4,0,2,3,3,0,1,0,0,0,0,0,0,0,7,1,1,0,0,0,0,1,0,0,0,KRBKRNvK,DRAW,8/6r1/2K1B3/8/7n/8/8/1R2k3 b - - 0 1
1,1,0,0,0,0,0,1,-1,1,0,1,1,1,0,0,0,0,0,16,0,0,7,0,3,7,0,3,6,22,17,0,0,0,0,0,0,0,0,7,1,1,0,0,0,0,2,0,1,0,KRBKRNvK,DRAW,7r/8/8/8/K4R2/6B1/8/6nk w - - 0 1
1,1,0,0,0,0,0,1,-1,1,0,1,1,1,0,0,0,0,0,16,0,0,4,7,3,3,3,3,0,30,14,0,0,0,0,0,0,0,0,7,1,1,0,0,0,0,2,3,2,0,KRBKRNvK,DRAW,8/8/r1B5/n7/3k3K/8/1R6/8 w - - 0 1
0,1,0,0,0,0,0,1,-1,1,0,1,1,1,0,0,0,0,0,16,0,0,2,6,2,7,0,3,6,18,22,0,0,0,0,0,0,0,0,7,1,1,1,0,0,0,2,2,0,1,KRBKRNvK,LOSS,8/1n1BR3/8/8/7r/6K1/8/7k b - - 0 1
0,1,0,0,0,0,0,1,-1,1,0,1,1,1,0,0,0,0,0,16,0,0,7,1,0,0,7,5,6,24,24,0,0,0,0,0,0,0,0,7,1,1,0,0,0,0,0,1,0,0,KRBKRNvK,DRAW,k4r2/8/3n3R/8/8/8/3B4/1K6 b - - 0 1
1,1,0,0,0,0,0,1,-1,1,0,1,1,1,0,0,0,0,0,16,0,0,2,3,1,1,2,2,3,24,17,0,0,0,0,0,0,0,0,7,1,1,0,0,0,0,3,2,0,0,KRBKRNvK,DRAW,8/8/8/1r2B3/7n/1k6/3KR3/8 w - - 0 1
0,1,0,0,0,0,0,1,-1,1,0,1,1,1,0,0,0,0,0,16,0,0,5,0,3,5,4,3,1,27,24,0,0,0,0,0,0,0,0,7,1,1,0,1,0,0,0,4,1,0,KRBKRNvK,DRAW,8/8/8/5k1B/K7/5n2/3r4/2R5 b - - 0 1
0,1,0,0,0,0,0,1,-1,1,0,1,1,1,0,0,0,0,0,16,0,0,5,7,5,3,0,4,3,18,19,0,0,0,0,0,0,0,0,7,1,1,0,0,0,0,1,3,1,0,KRBKRNvK,DRAW,7R/8/7K/r7/8/1B6/2n5/3k4 b - - 0 1
1,1,0,0,0,0,0,1,-1,1,0,1,1,1,0,0,0,0,0,16,0,0,3,3,7,1,4,3,2,3,0,1,0,0,0,0,0,0,0,7,1,1,0,0,0,0,2,2,1,1,KRBKRNvK,LOSS,3K4/8/2n5/1k1r4/3R3B/8/8/8 w - - 0 1
1,1,0,0,0,0,0,1,-1,1,0,1,1,1,0,0,0,0,0,16,0,0,2,3,1,2,3,2,1,24,21,0,0,0,0,0,0,0,0,7,1,1,0,0,0,0,2,2,1,1,KRBKRNvK,DRAW,2B5/6n1/8/R7/2k5/8/3K4/1r6 w - - 0 1
1,1,0,0,0,0,0,1,-1,1,0,1,1,1,0,0,0,0,0,16,0,0,4,1,2,3,6,3,2,23,20,0,0,0,0,0,0,0,0,7,1,1,0,1,0,0,1,0,1,0,KRBKRNvK,DRAW,8/3k4/1R6/8/8/1K6/5rnB/8 w - - 0 1
0,1,0,0,0,0,0,1,-1,1,0,1,1,1,0,0,0,0,0,16,0,0,3,3,4,6,5,0,3,26,17,0,0,0,0,0,0,0,0,7,1,1,0,0,0,0,4,2,0,1,KRBKRNvK,WIN,B7/4r3/6k1/3K4/8/8/3R4/2n5 b - - 0 1
0,1,0,0,0,0,0,1,-1,1,0,1,1,1,0,0,0,0,0,16,0,0,2,3,5,4,7,1,3,2,0,1,0,0,0,0,0,0,0,7,1,1,0,0,0,0,2,0,0,0,KRBKRNvK,DRAW,4k2R/n7/3K4/8/8/5r2/8/2B5 b - - 0 1
1,1,0,0,0,0,0,1,-1,1,0,1,1,1,0,0,0,0,0,16,0,0,6,4,7,1,1,3,4,20,24,0,0,0,0,0,0,0,0,7,1,1,0,0,0,0,0,2,0,0,KRBKRNvK,DRAW,1n2K3/8/R7/B5r1/8/8/1k6/8 w - - 0 1
0,1,0,0,0,0,0,1,-1,1,0,1,1,1,0,0,0,0,0,16,0,0,2,5,1,5,3,3,1,19,20,0,0,0,0,0,0,0,0,7,1,1,0,0,0,0,2,2,1,0,KRBKRNvK,DRAW,8/8/8/4n1r1/5k2/8/3R1K2/3B4 b - - 0 1
0,1,0,0,0,0,0,1,-1,1,0,1,1,1,0,0,0,0,0,16,0,0,2,2,5,4,7,2,3,2,0,1,0,0,0,0,0,0,0,7,1,1,0,0,0,0,2,2,2,1,KRBKRNvK,DRAW,2R1k3/2Bn4/2K5/7r/8/8/8/8 b - - 0 1
1,1,0,0,0,0,0,1,-1,1,0,1,1,1,0,0,0,0,0,16,0,0,3,1,4,1,7,2,5,27,18,0,0,0,0,0,0,0,0,7,1,1,0,0,0,0,1,0,2,0,KRBKRNvK,DRAW,1k5n/6r1/1BR5/1K6/8/8/8/8 w - - 0 1
1,1,0,0,0,0,0,1,-1,1,0,1,1,1,0,0,0,0,0,16,0,0,5,4,1,0,6,2,5,5,0,1,0,0,0,0,0,0,0,7,1,1,0,0,0,0,1,2,2,1,KRBKRNvK,DRAW,8/k7/1R6/2B5/4r3/8/4K2n/8 w - - 0 1
0,1,0,0,0,0,0,1,-1,1,0,1,1,1,0,0,0,0,0,16,0,0,3,4,1,1,1,2,4,22,22,0,0,0,0,0,0,0,0,7,1,1,0,0,0,0,0,2,2,1,KRBKRNvK,DRAW,5n2/8/8/8/6r1/8/1k1BK3/3R4 b - - 0 1
0,1,0,0,0,0,0,1,-1,1,0,1,1,1,0,0,0,0,0,16,0,0,4,5,7,6,3,4,2,28,17,0,0,0,0,0,0,0,0,7,1,1,1,1,0,0,2,3,0,0,KRBKRNvK,DRAW,1B3K2/2nR4/8/8/6k1/8/4r3/8 b - - 0 1
1,1,0,0,0,0,0,1,-1,1,0,1,1,1,0,0,0,0,0,16,0,0,3,5,5,2,2,2,2,21,24,0,0,0,0,0,0,0,0,7,1,1,0,0,0,0,1,2,0,1,KRBKRNvK,DRAW,2R5/2Br4/5K2/8/8/2k5/8/5n2 w - - 0 1
0,1,0,0,0,0,0,1,-1,1,0,1,1,1,0,0,0,0,0,16,0,0,4,6,5,2,4,3,1,6,0,1,0,0,0,0,0,0,0,7,1,1,0,0,0,0,2,3,1,0,KRBKRNvK,DRAW,8/3B4/6K1/2k2R2/8/2n5/8/r7 b - - 0 1
0,1,0,0,0,0,0,1,-1,1,0,1,1,1,0,0,0,0,0,16,0,0,6,2,6,7,0,3,6,2,0,1,0,0,0,0,0,0,0,7,1,1,1,0,0,0,3,0,0,0,KRBKRNvK,DRAW,8/1BKR4/8/8/8/n7/8/r6k b - - 0 1
0,1,0,0,0,0,0,1,-1,1,0,1,1,1,0,0,0,0,0,16,0,0,5,7,7,7,2,6,4,25,18,0,0,0,0,0,0,0,0,7,1,1,0,0,0,0,2,1,0,0,KRBKRNvK,DRAW,7K/4n3/8/R7/8/B6k/8/6r1 b - - 0 1
0,1,0,0,0,0,0,1,-1,1,0,1,1,1,0,0,0,0,0,16,0,0,6,7,7,1,3,6,2,22,18,0,0,0,0,0,0,0,0,7,1,1,0,1,0,0,1,1,1,0,KRBKRNvK,DRAW,1R5K/8/1B6/6n1/1k6/8/6r1/8 b - - 0 1
1,1,0,0,0,0,0,1,-1,1,0,1,1,1,0,0,0,0,0,16,0,0,2,4,7,3,5,3,1,20,22,0,0,0,0,0,0,0,0,7,1,1,0,0,0,0,0,2,1,0,KRBKRNvK,DRAW,1R2K3/n7/B2k4/2r5/8/8/8/8 w - - 0 1
0,1,0,0,0,0,0,1,-1,1,0,1,1,1,0,0,0,0,0,16,0,0,4,3,2,7,3,1,3,22,26,0,0,0,0,0,0,0,0,7,1,1,0,0,0,0,3,2,2,1,KRBKRNvK,DRAW,8/8/1n6/4r3/5B1k/3K4/6R1/8 b - - 0 1
0,1,0,0,0,0,0,1,-1,1,0,1,1,1,0,0,0,0,0,16,0,0,5,7,7,2,3,6,1,7,0,1,0,0,0,0,0,0,0,7,1,1,0,0,0,0,1,2,0,0,KRBKRNvK,DRAW,6BK/8/8/8/1nk5/8/8/3r2R1 b - - 0 1
0,1,0,0,0,0,0,1,-1,1,0,1,1,1,0,0,0,0,0,16,0,0,4,4,0,7,4,3,3,4,0,1,0,0,0,0,0,0,0,7,1,1,0,0,0,0,2,1,0,1,KRBKRNvK,DRAW,5B2/8/8/3R3k/3n4/3r4/8/4K3 b - - 0 1
1,1,0,0,0,0,0,1,-1,1,0,1,1,1,0,0,0,0,0,16,0,0,2,3,4,5,4,0,1,21,17,0,0,0,0,0,0,0,0,7,1,1,0,0,0,0,3,3,0,1,KRBKRNvK,DRAW,8/n7/8/1B1K1k2/5r2/8/8/1R6 w - - 0 1
1,1,0,0,0,0,0,1,-1,1,0,1,1,1,0,0,0,0,0,16,0,0,4,5,5,3,1,2,2,29,22,0,0,0,0,0,0,0,0,7,1,1,0,0,0,0,2,0,1,1,KRBKRNvK,DRAW,7n/8/5K2/6R1/3B4/1r6/3k4/8 w - - 0 1
0,1,0,0,0,0,0,1,-1,1,0,1,1,1,0,0,0,0,0,16,0,0,7,6,7,0,0,5,6,3,0,1,0,0,0,0,0,0,0,7,1,1,1,0,0,0,2,2,1,0,KRBKRNvK,DRAW,6K1/2R5/8/8/1r6/2B5/8/k1n5 b - - 0 1
1,1,0,0,0,0,0,1,-1,1,0,1,1,1,0,0,0,0,0,16,0,0,2,5,5,5,7,2,4,3,0,1,0,0,0,0,0,0,0,7,1,1,0,0,0,0,2,2,1,2,KRBKRNvK,DRAW,5k2/8/4RK1n/1B6/5r2/8/8/8 w - - 0 1
1,1,0,0,0,0,0,1,-1,1,0,1,1,1,0,0,0,0,0,16,0,0,6,1,6,7,4,4,3,27,26,0,0,0,0,0,0,0,0,7,1,1,0,0,0,0,0,2,0,0,KRBKRNvK,DRAW,8/1K6/4n3/7k/6r1/B7/8/2R5 w - - 0 1
1,1,0,0,0,0,0,1,-1,1,0,1,1,1,0,0,0,0,0,16,0,0,7,7,4,0,4,3,3,3,0,1,0,0,0,0,0,0,0,7,1,1,0,0,0,0,3,2,0,1,KRBKRNvK,DRAW,3R4/8/8/k6K/1r6/3B2n1/8/8 w - - 0 1
0,1,0,0,0,0,0,1,-1,1,0,1,1,1,0,0,0,0,0,16,0,0,6,7,7,1,2,6,3,25,19,0,0,0,0,0,0,0,0,7,1,1,0,0,0,0,1,2,0,0,KRBKRNvK,DRAW,1BR4K/8/8/1n6/5r2/1k6/8/8 b - - 0 1
1,1,0,0,0,0,0,1,-1,1,0,1,1,1,0,0,0,0,0,16,0,0,5,0,0,2,5,6,2,22,22,0,0,0,0,0,0,0,0,7,1,1,0,1,0,0,2,2,0,1,KRBKRNvK,DRAW,8/8/2k5/6n1/8/3R4/2r5/K3B3 w - - 0 1
0,1,0,0,0,0,0,1,-1,1,0,1,1,1,0,0,0,0,0,16,0,0,3,3,5,0,5,1,4,26,23,0,0,0,0,0,0,0,0,7,1,1,0,0,0,0,2,3,0,2,KRBKRNvK,DRAW,4B3/8/k1nK4/1r6/8/8/8/6R1 b - - 0 1
1,1,0,0,0,0,0,1,-1,1,0,1,1,1,0,0,0,0,0,16,0,0,3,3,6,0,4,2,3,28,18,0,0,0,0,0,0,0,0,7,1,1,0,0,0,0,1,0,0,0,KRBKRNvK,DRAW,8/n2K4/4B3/k7/8/r7/8/7R w - - 0 1
1,1,0,0,0,0,0,1,-1,1,0,1,1,1,0,0,0,0,0,16,0,0,2,1,4,0,2,2,4,3,0,1,0,0,0,0,0,0,0,7,1,1,0,0,0,0,1,0,0,2,KRBKRNvK,DRAW,7R/n1r5/8/1K6/4B3/k7/8/8 w - - 0 1
0,1,0,0,0,0,0,1,-1,1,0,1,1,1,0,0,0,0,0,16,0,0,2,1,4,0,2,2,4,17,29,0,0,0,0,0,0,0,0,7,1,1,0,0,0,0,1,0,1,0,KRBKRNvK,DRAW,8/7r/5R2/1K6/8/k6n/2B5/8 b - - 0 1
1,1,0,0,0,0,0,1,-1,1,0,1,1,1,0,0,0,0,0,16,0,0,3,4,1,7,3,2,3,28,20,0,0,0,0,0,0,0,0,7,1,1,0,0,0,0,1,1,0,0,KRBKRNvK,DRAW,8/7B/7r/8/1n5k/8/4K3/R7 w - - 0 1
0,1,0,0,0,0,0,1,-1,1,0,1,1,1,0,0,0,0,0,16,0,0,2,4,1,6,0,2,5,23,28,0,0,0,0,0,0,0,0,7,1,1,0,0,0,0,2,1,1,1,KRBKRNvK,DRAW,8/8/r7/7R/8/3n2B1/4K3/6k1 b - - 0 1
0,1,0,0,0,0,0,1,-1,1,0,1,1,1,0,0,0,0,0,16,0,0,5,2,3,7,6,1,5,3,0,1,0,0,0,0,0,0,0,7,1,1,1,0,0,0,3,1,0,2,KRBKRNvK,DRAW,8/1R5k/r7/8/2K2B2/1n6/8/8 b - - 0 1
0,1,0,0,0,0,0,1,-1,1,0,1,1,1,0,0,0,0,0,16,0,0,2,1,7,3,5,5,1,5,0,1,0,0,0,0,0,0,0,7,1,1,0,0,0,0,2,2,0,0,KRBKRNvK,DRAW,1K6/8/3k4/6r1/6n1/3RB3/8/8 b - - 0 1
0,1,0,0,0,0,0,1,-1,1,0,1,1,1,0,0,0,0,0,16,0,0,4,4,5,3,1,1,2,6,0,1,0,0,0,0,0,0,0,7,1,1,0,0,0,0,4,1,0,2,KRBKRNvK,DRAW,4r3/4n3/4K3/B7/6R1/8/3k4/8 b - - 0 1
1,1,0,0,0,0,0,1,-1,1,0,1,1,1,0,0,0,0,0,16,0,0,2,1,4,0,6,2,5,21,19,0,0,0,0,0,0,0,0,7,1,1,0,0,0,0,1,0,0,0,KRBKRNvK,DRAW,8/k7/6r1/1K6/8/8/n6B/1R6 w - - 0 1
0,1,0,0,0,0,0,1,-1,1,0,1,1,1,0,0,0,0,0,16,0,0,4,1,5,4,1,3,2,25,28,0,0,0,0,0,0,0,0,7,1,1,0,0,0,0,2,3,0,1,KRBKRNvK,DRAW,2R5/3r4/1K6/8/8/8/1B1nk3/8 b - - 0 1
0,1,0,0,0,0,0,1,-1,1,0,1,1,1,0,0,0,0,0,16,0,0,6,6,7,1,1,5,4,26,24,0,0,0,0,0,0,0,0,7,1,1,0,0,0,0,2,3,0,0,KRBKRNvK,DRAW,6K1/8/8/7r/5R2/1n6/1k6/4B3 b - - 0 1
0,1,0,0,0,0,0,1,-1,1,0,1,1,1,0,0,0,0,0,16,0,0,4,2,4,4,0,1,3,22,25,0,0,0,0,0,0,0,0,7,1,1,0,0,0,0,2,0,0,1,KRBKRNvK,DRAW,5B2/r7/8/2K5/8/7R/7n/4k3 b - - 0 1
0,1,0,0,0,0,0,1,-1,1,0,1,1,1,0,0,0,0,0,16,0,0,4,7,0,7,4,6,3,20,21,0,0,0,0,0,0,0,0,7,1,1,0,0,0,0,2,2,0,0,KRBKRNvK,DRAW,8/8/1R6/3r3k/3n4/8/6B1/7K b - - 0 1
0,1,0,0,0,0,0,1,-1,1,0,1,1,1,0,0,0,0,0,16,0,0,6,5,1,5,7,3,4,20,12,0,0,0,0,0,0,0,0,7,1,1,0,0,0,0,0,0,0,0,KRBKRNvK,DRAW,2r2k2/8/n7/8/8/8/5K2/5RB1 b - - 0 1
0,1,0,0,0,0,0,1,-1,1,0,1,1,1,0,0,0,0,0,16,0,0,6,7,7,4,1,6,2,18,23,0,0,0,0,0,0,0,0,7,1,1,0,1,0,0,2,2,1,0,KRBKRNvK,DRAW,7K/8/7B/8/2R5/8/n2rk3/8 b - - 0 1
0,1,0,0,0,0,0,1,-1,1,0,1,1,1,0,0,0,0,0,16,0,0,5,1,1,1,6,4,4,23,28,0,0,0,0,0,0,0,0,7,1,1,0,0,0,0,2,3,0,1,KRBKRNvK,DRAW,3r4/1k6/4R3/8/1B6/8/1K1n4/8 b - - 0 1
0,1,0,0,0,0,0,1,-1,1,0,1,1,1,0,0,0,0,0,16,0,0,4,2,7,6,4,4,2,4,0,1,0,0,0,0,0,0,0,7,1,1,0,0,0,0,2,0,0,0,KRBKRNvK,DRAW,2KB3n/8/8/R5k1/8/8/8/1r6 b - - 0 1
0,1,0,0,0,0,0,1,-1,1,0,1,1,1,0,0,0,0,0,16,0,0,4,3,3,7,7,0,6,2,0,1,0,0,0,0,0,0,0,7,1,1,0,0,0,0,3,2,1,2,KRBKRNvK,DRAW,2R4k/8/6B1/4r3/3K4/8/5n2/8 b - - 0 1
1,1,0,0,0,0,0,1,-1,1,0,1,1,1,0,0,0,0,0,16,0,0,6,1,6,1,0,4,5,26,22,0,0,0,0,0,0,0,0,7,1,1,0,1,0,0,2,0,0,0,KRBKRNvK,DRAW,3R4/1K6/8/7n/8/8/r7/1k4B1 w - - 0 1
0,1,0,0,0,0,0,1,-1,1,0,1,1,1,0,0,0,0,0,16,0,0,5,7,7,7,2,6,4,27,22,0,0,0,0,0,0,0,0,7,1,1,0,1,0,0,1,0,0,0,KRBKRNvK,DRAW,2R4K/7B/8/4n3/8/7k/1r6/8 b - - 0 1
1,1,0,0,0,0,0,1,-1,1,0,1,1,1,0,0,0,0,0,16,0,0,5,7,6,2,2,5,2,25,20,0,0,0,0,0,0,0,0,7,1,1,0,1,0,0,2,1,1,0,KRBKRNvK,DRAW,4R3/7K/n7/8/B7/2k5/r7/8 w - - 0 1
1,1,0,0,0,0,0,1,-1,1,0,1,1,1,0,0,0,0,0,16,0,0,3,0,1,3,2,5,1,26,22,0,0,0,0,0,0,0,0,7,1,1,0,0,0,0,2,2,1,0,KRBKRNvK,DRAW,5r2/8/8/8/4R3/3k4/K5nB/8 w - - 0 1
1,1,0,0,0,0,0,1,-1,1,0,1,1,1,0,0,0,0,0,16,0,0,3,1,4,4,3,2,0,23,17,0,0,0,0,0,0,0,0,7,1,1,0,0,0,0,2,4,2,0,KRBKRNvK,DRAW,8/4r3/8/1KR5/2B1k3/8/8/1n6 w - - 0 1
0,1,0,0,0,0,0,1,-1,1,0,1,1,1,0,0,0,0,0,16,0,0,4,0,2,3,6,4,2,7,0,1,0,0,0,0,0,0,0,7,1,1,0,0,0,0,2,1,1,0,KRBKRNvK,DRAW,5r2/3k4/8/3R1n2/8/K7/8/4B3 b - - 0 1
1,1,0,0,0,0,0,1,-1,1,0,1,1,1,0,0,0,0,0,16,0,0,6,1,3,7,5,2,4,7,0,1,0,0,0,0,0,0,0,7,1,1,0,0,0,0,0,2,1,0,KRBKRNvK,DRAW,5R1n/8/B6k/8/1K2r3/8/8/8 w - - 0 1
0,1,0,0,0,0,0,1,-1,1,0,1,1,1,0,0,0,0,0,16,0,0,2,3,1,5,2,2,2,6,0,1,0,0,0,0,0,0,0,7,1,1,0,0,0,0,0,1,0,1,KRBKRNvK,DRAW,8/8/8/1B6/8/2R2k2/3K4/r3n3 b - - 0 1
0,1,0,0,0,0,0,1,-1,1,0,1,1,1,0,0,0,0,0,16,0,0,6,3,0,5,6,3,3,28,19,0,0,0,0,0,0,0,0,7,1,1,0,0,0,0,4,1,1,1,KRBKRNvK,DRAW,r7/5k2/8/3R4/8/1n6/8/3K3B b - - 0 1
0,1,0,0,0,0,0,1,-1,1,0,1,1,1,0,0,0,0,0,16,0,0,5,3,2,5,7,1,4,15,25,0,0,0,0,0,0,0,0,7,1,1,0,0,0,0,2,0,1,0,KRBKRNvK,DRAW,5kr1/8/7R/7n/B7/3K4/8/8 b - - 0 1
1,1,0,0,0,0,0,1,-1,1,0,1,1,1,0,0,0,0,0,16,0,0,3,5,2,4,5,2,1,4,0,1,0,0,0,0,0,0,0,7,1,1,0,0,0,0,1,4,0,1,KRBKRNvK,DRAW,8/8/4k3/8/r7/B4K2/7R/6n1 w - - 0 1
1,1,0,0,0,0,0,1,-1,1,0,1,1,1,0,0,0,0,0,16,0,0,5,2,5,7,3,2,3,22,27,0,0,0,0,0,0,0,0,7,1,1,1,0,0,0,1,2,0,1,KRBKRNvK,DRAW,8/1R6/B1K5/8/4n2k/8/8/3r4 w - - 0 1
0,1,0,0,0,0,0,1,-1,1,0,1,1,1,0,0,0,0,0,16,0,0,3,5,3,2,2,1,2,4,0,1,0,0,0,0,0,0,0,7,1,1,0,1,0,0,4,1,1,1,KRBKRNvK,DRAW,5n2/5B2/8/8/2R2K2/2k5/7r/8 b - - 0 1
1,1,0,0,0,0,0,1,-1,1,0,1,1,1,0,0,0,0,0,16,0,0,4,4,0,0,3,3,3,19,20,0,0,0,0,0,0,0,0,7,1,1,0,0,0,0,0,1,0,1,KRBKRNvK,DRAW,8/8/8/8/k7/1r4n1/3B4/4KR2 w - - 0 1
1,1,0,0,0,0,0,1,-1,1,0,1,1,1,0,0,0,0,0,16,0,0,3,3,0,0,0,3,6,19,19,0,0,0,0,0,0,0,0,7,1,1,0,0,0,0,0,0,0,0,KRBKRNvK,DRAW,1n6/8/2r5/8/8/8/4B3/k2K1R2 w - - 0 1
1,1,0,0,0,0,0,1,-1,1,0,1,1,1,0,0,0,0,0,16,0,0,2,3,1,1,2,2,3,28,24,0,0,0,0,0,0,0,0,7,1,1,0,0,0,0,3,3,0,0,KRBKRNvK,DRAW,8/6B1/6n1/8/r7/1k6/3K4/4R3 w - - 0 1
1,1,0,0,0,0,0,1,-1,1,0,1,1,1,0,0,0,0,0,16,0,0,4,4,4,0,3,0,3,28,19,0,0,0,0,0,0,0,0,7,1,1,0,1,0,0,3,2,1,0,KRBKRNvK,DRAW,8/8/1B6/4K3/k7/8/1n1r4/5R2 w - - 0 1
0,1,0,0,0,0,0,1,-1,1,0,1,1,1,0,0,0,0,0,16,0,0,3,4,4,7,2,0,4,2,0,1,0,0,0,0,0,0,0,7,1,1,0,0,0,0,4,0,1,0,KRBKRNvK,DRAW,7R/8/8/4K3/8/1r5k/7B/7n b - - 0 1
0,1,0,0,0,0,0,1,-1,1,0,1,1,1,0,0,0,0,0,16,0,0,5,0,7,5,3,6,1,10,20,0,0,0,0,0,0,0,0,7,1,1,0,0,0,0,1,3,0,0,KRBKRNvK,DRAW,KR6/2B5/8/4r3/5k2/8/8/6n1 b - - 0 1
0,1,0,0,0,0,0,1,-1,1,0,1,1,1,0,0,0,0,0,16,0,0,7,4,7,3,0,3,3,3,0,1,0,0,0,0,0,0,0,7,1,1,0,0,0,0,1,1,0,0,KRBKRNvK,DRAW,4K3/1r6/8/1n6/8/8/B7/R2k4 b - - 0 1
0,1,0,0,0,0,0,1,-1,1,0,1,1,1,0,0,0,0,0,16,0,0,2,2,2,0,0,2,6,18,22,0,0,0,0,0,0,0,0,7,1,1,1,0,0,0,1,0,0,1,KRBKRNvK,WIN,8/B1R5/8/8/7n/2K5/8/kr6 b - - 0 1
0,1,0,0,0,0,0,1,-1,1,0,1,1,1,0,0,0,0,0,16,0,0,3,3,0,2,3,3,1,6,0,1,0,0,0,0,0,0,0,7,1,1,0,0,0,0,0,2,1,1,KRBKRNvK,DRAW,5r2/8/8/8/2k5/8/4B3/3K1nR1 b - - 0 1
1,1,0,0,0,0,0,1,-1,1,0,1,1,1,0,0,0,0,0,16,0,0,4,6,3,2,7,2,4,24,23,0,0,0,0,0,0,0,0,7,1,1,0,0,0,0,0,1,0,0,KRBKRNvK,DRAW,2k5/2n5/r6B/8/6K1/8/8/6R1 w - - 0 1
1,1,0,0,0,0,0,1,-1,1,0,1,1,1,0,0,0,0,0,16,0,0,2,5,0,7,2,4,4,18,20,0,0,0,0,0,0,0,0,7,1,1,1,0,0,0,2,2,0,1,KRBKRNvK,DRAW,4B3/3R4/8/8/4r3/7k/8/5K1n w - - 0 1
1,1,0,0,0,0,0,1,-1,1,0,1,1,1,0,0,0,0,0,16,0,0,3,2,5,2,2,2,2,30,16,0,0,0,0,0,0,0,0,7,1,1,0,0,0,0,1,1,1,0,KRBKRNvK,DRAW,8/8/2K5/8/4B3/2k4n/6R1/2r5 w - - 0 1
0,1,0,0,0,0,0,1,-1,1,0,1,1,1,0,0,0,0,0,16,0,0,6,1,7,3,1,5,2,4,0,1,0,0,0,0,0,0,0,7,1,1,0,1,0,0,0,1,1,0,KRBKRNvK,DRAW,1KR5/8/8/8/8/8/3k1n1r/2B5 b - - 0 1
1,1,0,0,0,0,0,1,-1,1,0,1,1,1,0,0,0,0,0,16,0,0,3,6,6,7,3,4,3,29,12,0,0,0,0,0,0,0,0,7,1,1,1,0,0,0,2,0,0,0,KRBKRNvK,DRAW,8/R5K1/8/8/7k/2B4r/7n/8 w - - 0 1
0,1,0,0,0,0,0,1,-1,1,0,1,1,1,0,0,0,0,0,16,0,0,2,3,0,1,1,3,4,5,0,1,0,0,0,0,0,0,0,7,1,1,0,0,0,0,2,0,0,1,KRBKRNvK,DRAW,8/8/8/8/6B1/2r5/1k2R3/n2K4 b - - 0 1
0,1,0,0,0,0,0,1,-1,1,0,1,1,1,0,0,0,0,0,16,0,0,5,2,6,1,1,3,4,14,28,0,0,0,0,0,0,0,0,7,1,1,0,1,0,0,2,0,1,0,KRBKRNvK,DRAW,8/2K5/8/1R6/8/1B6/rk6/7n b - - 0 1
1,1,0,0,0,0,0,1,-1,1,0,1,1,1,0,0,0,0,0,16,0,0,7,0,6,7,1,5,5,2,0,1,0,0,0,0,0,0,0,7,1,1,1,0,0,0,3,2,0,1,KRBKRNvK,DRAW,8/K3R3/2n5/8/8/8/B6k/1r6 w - - 0 1
0,1,0,0,0,0,0,1,-1,1,0,1,1,1,0,0,0,0,0,16,0,0,2,6,2,4,0,3,3,2,0,1,0,0,0,0,0,0,0,7,1,1,0,0,0,0,2,2,1,0,KRBKRNvK,LOSS,8/3r4/2B5/8/8/6K1/8/1n2k1R1 b - - 0 1
1,1,0,0,0,0,0,1,-1,1,0,1,1,1,0,0,0,0,0,16,0,0,4,6,7,6,3,5,2,26,24,0,0,0,0,0,0,0,0,7,1,1,0,0,0,0,2,2,0,0,KRBKRNvK,DRAW,6K1/6B1/8/8/6k1/3r4/7n/R7 w - - 0 1
1,1,0,0,0,0,0,1,-1,1,0,1,1,1,0,0,0,0,0,16,0,0,7,6,7,7,0,5,6,9,21,0,0,0,0,0,0,0,0,7,1,1,0,0,0,0,1,2,0,0,KRBKRNvK,DRAW,6KR/7B/8/r7/8/8/8/4n2k w - - 0 1
1,1,0,0,0,0,0,1,-1,1,0,1,1,1,0,0,0,0,0,16,0,0,3,5,3,2,6,1,3,23,28,0,0,0,0,0,0,0,0,7,1,1,0,0,0,0,3,3,1,1,KRBKRNvK,DRAW,8/2k5/2n5/R7/5K2/3r4/3B4/8 w - - 0 1
0,1,0,0,0,0,0,1,-1,1,0,1,1,1,0,0,0,0,0,16,0,0,3,2,1,1,4,3,2,25,29,0,0,0,0,0,0,0,0,7,1,1,1,0,0,0,2,3,1,1,KRBKRNvK,DRAW,3r4/5R2/8/1k6/8/2Bn4/2K5/8 b - - 0 1
0,1,0,0,0,0,0,1,-1,1,0,1,1,1,0,0,0,0,0,16,0,0,3,3,6,0,5,2,4,5,0,1,0,0,0,0,0,0,0,7,1,1,0,0,0,0,2,0,1,0,KRBKRNvK,DRAW,8/3K4/k7/8/1R6/6r1/1n6/5B2 b - - 0 1
1,1,0,0,0,0,0,1,-1,1,0,1,1,1,0,0,0,0,0,16,0,0,4,4,2,0,4,1,3,7,0,1,0,0,0,0,0,0,0,7,1,1,0,0,0,0,3,1,0,1,KRBKRNvK,DRAW,4R3/8/5r2/k4n2/7B/4K3/8/8 w - - 0 1
0,1,0,0,0,0,0,1,-1,1,0,1,1,1,0,0,0,0,0,16,0,0,3,7,7,6,4,6,2,6,0,1,0,0,0,0,0,0,0,7,1,1,1,0,0,0,1,2,1,0,KRBKRNvK,DRAW,7K/6R1/1B6/4r1k1/8/4n3/8/8 b - - 0 1
0,1,0,0,0,0,0,1,-1,1,0,1,1,1,0,0,0,0,0,16,0,0,4,0,2,3,6,4,2,26,20,0,0,0,0,0,0,0,0,7,1,1,0,0,0,0,1,2,2,1,KRBKRNvK,DRAW,5R2/3k1B2/8/2r5/3n4/K7/8/8 b - - 0 1
1,1,0,0,0,0,0,1,-1,1,0,1,1,1,0,0,0,0,0,16,0,0,5,2,1,7,6,3,5,27,25,0,0,0,0,0,0,0,0,7,1,1,0,0,0,0,2,1,0,0,KRBKRNvK,DRAW,8/6rk/1RBn4/8/8/8/2K5/8 w - - 0 1
0,1,0,0,0,0,0,1,-1,1,0,1,1,1,0,0,0,0,0,16,0,0,6,3,0,0,6,3,5,4,0,1,0,0,0,0,0,0,0,7,1,1,1,1,0,0,3,0,0,1,KRBKRNvK,DRAW,8/k2R4/8/8/8/2B5/5r2/3K2n1 b - - 0 1
0,1,0,0,0,0,0,1,-1,1,0,1,1,1,0,0,0,0,0,16,0,0,2,7,2,7,0,4,6,1,0,1,0,0,0,0,0,0,0,7,1,1,0,0,0,0,1,3,1,0,KRBKRNvK,LOSS,8/2n5/8/3r4/8/6BK/8/R6k b - - 0 1
0,1,0,0,0,0,0,1,-1,1,0,1,1,1,0,0,0,0,0,16,0,0,3,3,3,4,6,0,2,6,0,1,0,0,0,0,0,0,0,7,1,1,1,0,0,0,3,2,0,1,KRBKRNvK,LOSS,8/1R2k1n1/8/8/3K4/3Br3/8/8 b - - 0 1
0,1,0,0,0,0,0,1,-1,1,0,1,1,1,0,0,0,0,0,16,0,0,7,0,3,7,7,3,6,19,26,0,0,0,0,0,0,0,0,7,1,1,0,0,0,0,1,0,0,0,KRBKRNvK,DRAW,5r1k/8/7n/8/K7/1B6/8/2R5 b - - 0 1
0,1,0,0,0,0,0,1,-1,1,0,1,1,1,0,0,0,0,0,16,0,0,3,5,3,5,6,1,3,23,21,0,0,0,0,0,0,0,0,7,1,1,0,1,0,0,3,1,1,0,KRBKRNvK,DRAW,8/5k2/8/6B1/1n2RK2/8/2r5/8 b - - 0 1
0,1,0,0,0,0,0,1,-1,1,0,1,1,1,0,0,0,0,0,16,0,0,4,4,5,0,2,1,4,16,27,0,0,0,0,0,0,0,0,7,1,1,1,1,0,0,3,1,0,0,KRBKRNvK,DRAW,8/2R5/2B1K3/8/8/kn6/r7/8 b - - 0 1
0,1,0,0,0,0,0,1,-1,1,0,1,1,1,0,0,0,0,0,16,0,0,4,1,5,5,3,3,1,18,29,0,0,0,0,0,0,0,0,7,1,1,1,0,0,0,3,2,0,0,KRBKRNvK,DRAW,8/4R3/1K6/7n/5k2/7r/8/B7 b - - 0 1
1,1,0,0,0,0,0,1,-1,1,0,1,1,1,0,0,0,0,0,16,0,0,4,6,5,7,1,3,5,27,22,0,0,0,0,0,0,0,0,7,1,1,0,0,0,0,2,1,0,1,KRBKRNvK,DRAW,2r5/8/6KB/8/6n1/8/7k/4R3 w - - 0 1
0,1,0,0,0,0,0,1,-1,1,0,1,1,1,0,0,0,0,0,16,0,0,7,6,7,7,0,5,6,19,30,0,0,0,0,0,0,0,0,7,1,1,0,0,0,0,2,0,0,0,KRBKRNvK,DRAW,6K1/8/8/1R6/5B2/2r5/8/2n4k b - - 0 1
1,1,0,0,0,0,0,1,-1,1,0,1,1,1,0,0,0,0,0,16,0,0,2,4,1,2,3,2,1,4,0,1,0,0,0,0,0,0,0,7,1,1,0,0,0,0,2,2,0,2,KRBKRNvK,DRAW,3R4/8/8/7B/2k2n2/8/4K3/6r1 w - - 0 1
1,1,0,0,0,0,0,1,-1,1,0,1,1,1,0,0,0,0,0,16,0,0,6,6,6,0,3,4,3,31,22,0,0,0,0,0,0,0,0,7,1,1,0,0,0,0,1,2,0,1,KRBKRNvK,DRAW,4r3/3n2K1/8/8/k3B3/8/7R/8 w - - 0 1
1,1,0,0,0,0,0,1,-1,1,0,1,1,1,0,0,0,0,0,16,0,0,7,1,7,3,0,5,3,27,24,0,0,0,0,0,0,0,0,7,1,1,0,0,0,0,2,1,0,0,KRBKRNvK,DRAW,1K6/4n3/8/5B2/7R/r7/8/3k4 w - - 0 1
1,1,0,0,0,0,0,1,-1,1,0,1,1,1,0,0,0,0,0,16,0,0,3,3,3,0,3,0,3,18,22,0,0,0,0,0,0,0,0,7,1,1,0,0,0,0,4,2,0,1,KRBKRNvK,DRAW,8/6B1/8/5r2/k2KR3/8/8/5n2 w - - 0 1
0,1,0,0,0,0,0,1,-1,1,0,1,1,1,0,0,0,0,0,16,0,0,5,1,0,6,0,5,5,21,23,0,0,0,0,0,0,0,0,7,1,1,0,1,0,0,0,0,0,1,KRBKRNvK,DRAW,5B1n/8/8/8/8/2R5/r7/1K4k1 b - - 0 1
1,1,0,0,0,0,0,1,-1,1,0,1,1,1,0,0,0,0,0,16,0,0,5,1,3,6,1,2,4,28,20,0,0,0,0,0,0,0,0,7,1,1,1,0,0,0,1,2,0,0,KRBKRNvK,DRAW,3r3n/5R1B/8/8/1K6/8/6k1/8 w - - 0 1
1,1,0,0,0,0,0,1,-1,1,0,1,1,1,0,0,0,0,0,16,0,0,3,4,0,5,3,3,1,23,24,0,0,0,0,0,0,0,0,7,1,1,1,0,0,0,0,2,0,1,KRBKRNvK,DRAW,3B4/2R5/7n/8/5k2/6r1/8/4K3 w - - 0 1
1,1,0,0,0,0,0,1,-1,1,0,1,1,1,0,0,0,0,0,16,0,0,4,5,2,4,6,2,2,5,0,1,0,0,0,0,0,0,0,7,1,1,0,0,0,0,1,0,1,2,KRBKRNvK,DRAW,2R5/4k3/8/8/8/5K2/8/2B2rn1 w - - 0 1
0,1,0,0,0,0,0,1,-1,1,0,1,1,1,0,0,0,0,0,16,0,0,4,6,3,4,7,2,3,18,22,0,0,0,0,0,0,0,0,7,1,1,1,0,0,0,0,0,0,0,KRBKRNvK,DRAW,4k3/1R6/2r5/8/6K1/7B/8/7n b - - 0 1
0,1,0,0,0,0,0,1,-1,1,0,1,1,1,0,0,0,0,0,16,0,0,3,4,3,1,2,0,3,28,21,0,0,0,0,0,0,0,0,7,1,1,0,0,0,0,3,2,1,1,KRBKRNvK,DRAW,8/8/R7/B7/4Kn2/1k6/8/3r4 b - - 0 1
1,1,0,0,0,0,0,1,-1,1,0,1,1,1,0,0,0,0,0,16,0,0,5,0,1,5,1,5,3,23,17,0,0,0,0,0,0,0,0,7,1,1,1,1,0,0,2,0,0,0,KRBKRNvK,DRAW,8/2R5/2B5/8/8/8/K4k1r/3n4 w - - 0 1
1,1,0,0,0,0,0,1,-1,1,0,1,1,1,0,0,0,0,0,16,0,0,2,0,6,0,4,5,3,26,24,0,0,0,0,0,0,0,0,7,1,1,0,0,0,0,2,2,0,0,KRBKRNvK,DRAW,8/K7/4n3/k7/5r2/7R/1B6/8 w - - 0 1
1,1,0,0,0,0,0,1,-1,1,0,1,1,1,0,0,0,0,0,16,0,0,4,3,2,7,1,1,5,22,19,0,0,0,0,0,0,0,0,7,1,1,0,1,0,0,3,0,1,1,KRBKRNvK,DRAW,3n4/8/8/8/8/3K2R1/5r1k/B7 w - - 0 1
1,1,0,0,0,0,0,1,-1,1,0,1,1,1,0,0,0,0,0,16,0,0,6,6,2,0,5,3,4,6,0,1,0,0,0,0,0,0,0,7,1,1,0,0,0,0,1,0,0,0,KRBKRNvK,DRAW,8/8/k5r1/n7/8/2R3K1/B7/8 w - - 0 1
0,1,0,0,0,0,0,1,-1,1,0,1,1,1,0,0,0,0,0,16,0,0,3,0,0,3,3,6,0,24,26,0,0,0,0,0,0,0,0,7,1,1,0,0,0,0,0,3,0,2,KRBKRNvK,DRAW,7R/4B3/8/8/3k4/2r5/1n6/K7 b - - 0 1
0,1,0,0,0,0,0,1,-1,1,0,1,1,1,0,0,0,0,0,16,0,0,3,2,2,5,3,2,1,23,23,0,0,0,0,0,0,0,0,7,1,1,0,0,0,0,1,2,1,1,KRBKRNvK,DRAW,8/1r6/R7/n7/5k2/2K5/5B2/8 b - - 0 1
1,1,0,0,0,0,0,1,-1,1,0,1,1,1,0,0,0,0,0,16,0,0,7,7,7,6,0,6,5,4,0,1,0,0,0,0,0,0,0,7,1,1,0,0,0,0,2,1,0,0,KRBKRNvK,DRAW,2r4K/8/8/7B/8/1n1R4/8/6k1 w - - 0 1
1,1,0,0,0,0,0,1,-1,1,0,1,1,1,0,0,0,0,0,16,0,0,2,4,7,6,6,3,4,28,21,0,0,0,0,0,0,0,0,7,1,1,0,0,0,0,1,1,0,0,KRBKRNvK,DRAW,4K3/6k1/R7/8/5B2/8/5n2/6r1 w - - 0 1
0,1,0,0,0,0,0,1,-1,1,0,1,1,1,0,0,0,0,0,16,0,0,5,4,1,2,6,2,3,19,25,0,0,0,0,0,0,0,0,7,1,1,0,0,0,0,0,1,0,0,KRBKRNvK,DRAW,8/2k5/6R1/2rn4/8/B7/4K3/8 b - - 0 1
1,1,0,0,0,0,0,1,-1,1,0,1,1,1,0,0,0,0,0,16,0,0,5,3,6,3,1,2,2,25,21,0,0,0,0,0,0,0,0,7,1,1,0,0,0,0,0,0,0,2,KRBKRNvK,DRAW,5r2/1n1K4/8/1B6/8/8/3k4/7R w - - 0 1
0,1,0,0,0,0,0,1,-1,1,0,1,1,1,0,0,0,0,0,16,0,0,6,7,3,1,3,3,2,6,0,1,0,0,0,0,0,0,0,7,1,1,0,0,0,0,0,1,0,0,KRBKRNvK,LOSS,8/3B4/2r1n3/8/1k5K/8/8/1R6 b - - 0 1
1,1,0,0,0,0,0,1,-1,1,0,1,1,1,0,0,0,0,0,16,0,0,3,2,3,2,0,1,4,26,16,0,0,0,0,0,0,0,0,7,1,1,0,0,0,0,2,1,0,0,KRBKRNvK,DRAW,8/8/8/8/B1K3n1/7R/8/1rk5 w - - 0 1
1,1,0,0,0,0,0,1,-1,1,0,1,1,1,0,0,0,0,0,16,0,0,2,0,3,2,2,3,2,2,0,1,0,0,0,0,0,0,0,7,1,1,0,0,0,0,0,2,1,1,KRBKRNvK,DRAW,8/8/8/8/Kr6/2k5/8/3B2nR w - - 0 1
1,1,0,0,0,0,0,1,-1,1,0,1,1,1,0,0,0,0,0,16,0,0,5,1,5,6,0,3,5,23,19,0,0,0,0,0,0,0,0,7,1,1,0,0,0,0,2,2,0,1,KRBKRNvK,DRAW,8/8/1K2R3/B7/r7/8/8/5nk1 w - - 0 1
1,1,0,0,0,0,0,1,-1,1,0,1,1,1,0,0,0,0,0,16,0,0,3,2,5,5,7,2,4,5,0,1,0,0,0,0,0,0,0,7,1,1,1,0,0,0,2,0,0,1,KRBKRNvK,DRAW,1n3k2/2R5/2K5/8/8/2r3B1/8/8 w - - 0 1
0,1,0,0,0,0,0,1,-1,1,0,1,1,1,0,0,0,0,0,16,0,0,4,6,7,2,4,5,1,19,26,0,0,0,0,0,0,0,0,7,1,1,0,0,0,0,2,2,1,0,KRBKRNvK,DRAW,6K1/8/3r4/2k5/8/1R6/7n/7B b - - 0 1
1,1,0,0,0,0,0,1,-1,1,0,1,1,1,0,0,0,0,0,16,0,0,4,1,6,5,2,4,2,6,0,1,0,0,0,0,0,0,0,7,1,1,1,0,0,0,0,1,1,1,KRBKRNvK,DRAW,8/RK6/3n4/6B1/8/5k2/8/5r2 w - - 0 1
0,1,0,0,0,0,0,1,-1,1,0,1,1,1,0,0,0,0,0,16,0,0,4,6,4,2,1,2,3,20,31,0,0,0,0,0,0,0,0,7,1,1,0,0,0,0,1,0,0,0,KRBKRNvK,DRAW,8/8/8/4B1K1/n7/1r6/2k5/6R1 b - - 0 1
1,1,0,0,0,0,0,1,-1,1,0,1,1,1,0,0,0,0,0,16,0,0,2,7,6,7,4,5,3,28,21,0,0,0,0,0,0,0,0,7,1,1,0,0,0,0,2,2,0,0,KRBKRNvK,DRAW,2n5/7K/8/7k/r7/2B5/5R2/8 w - - 0 1
0,1,0,0,0,0,0,1,-1,1,0,1,1,1,0,0,0,0,0,16,0,0,2,1,4,1,2,2,3,23,25,0,0,0,0,0,0,0,0,7,1,1,0,0,0,0,1,1,0,0,KRBKRNvK,DRAW,8/7B/R7/1K6/8/1k2n3/8/5r2 b - - 0 1
0,1,0,0,0,0,0,1,-1,1,0,1,1,1,0,0,0,0,0,16,0,0,3,1,3,0,6,2,5,24,19,0,0,0,0,0,0,0,0,7,1,1,0,0,0,0,1,2,1,1,KRBKRNvK,DRAW,4r3/k7/8/1Rn5/1K6/8/2B5/8 b - - 0 1
1,1,0,0,0,0,0,1,-1,1,0,1,1,1,0,0,0,0,0,16,0,0,2,7,6,5,6,5,3,22,18,0,0,0,0,0,0,0,0,7,1,1,0,0,0,0,0,2,0,0,KRBKRNvK,DRAW,3n4/5k1K/4r3/8/8/B7/2R5/8 w - - 0 1
0,1,0,0,0,0,0,1,-1,1,0,1,1,1,0,0,0,0,0,16,0,0,2,3,2,4,0,1,3,25,24,0,0,0,0,0,0,0,0,7,1,1,0,0,0,0,2,1,0,1,KRBKRNvK,DRAW,8/7r/8/5n2/2R5/B2K4/8/4k3 b - - 0 1
0,1,0,0,0,0,0,1,-1,1,0,1,1,1,0,0,0,0,0,16,0,0,3,4,1,7,2,2,4,20,31,0,0,0,0,0,0,0,0,7,1,1,0,0,0,0,2,0,1,0,KRBKRNvK,DRAW,3n4/4B3/2r5/8/5R2/7k/4K3/8 b - - 0 1
0,1,0,0,0,0,0,1,-1,1,0,1,1,1,0,0,0,0,0,16,0,0,2,4,4,3,2,0,1,4,0,1,0,0,0,0,0,0,0,7,1,1,0,0,0,0,3,2,0,0,KRBKRNvK,DRAW,2n1B3/8/8/4K3/8/3k2R1/8/7r b - - 0 1
1,1,0,0,0,0,0,1,-1,1,0,1,1,1,0,0,0,0,0,16,0,0,7,4,0,1,7,3,5,3,0,1,0,0,0,0,0,0,0,7,1,1,1,0,0,0,1,0,1,1,KRBKRNvK,DRAW,1k6/R7/8/8/8/n7/B7/4K1r1 w - - 0 1
0,1,0,0,0,0,0,1,-1,1,0,1,1,1,0,0,0,0,0,16,0,0,2,7,0,7,2,6,4,20,20,0,0,0,0,0,0,0,0,7,1,1,0,0,0,0,0,0,0,0,KRBKRNvK,DRAW,2n5/r7/8/8/8/7k/1R6/2B4K b - - 0 1
0,1,0,0,0,0,0,1,-1,1,0,1,1,1,0,0,0,0,0,16,0,0,2,2,7,4,6,4,2,4,0,1,0,0,0,0,0,0,0,7,1,1,1,0,0,0,1,1,1,0,KRBKRNvK,DRAW,2K3B1/4k2R/8/8/8/1n6/8/1r6 b - - 0 1
1,1,0,0,0,0,0,1,-1,1,0,1,1,1,0,0,0,0,0,16,0,0,5,3,2,7,7,1,6,24,20,0,0,0,0,0,0,0,0,7,1,1,0,0,0,0,2,0,0,0,KRBKRNvK,DRAW,5r1k/8/7n/1B6/8/3K4/8/1R6 w - - 0 1
1,1,0,0,0,0,0,1,-1,1,0,1,1,1,0,0,0,0,0,16,0,0,3,3,0,6,3,3,2,23,19,0,0,0,0,0,0,0,0,7,1,1,0,0,0,0,2,1,0,0,KRBKRNvK,DRAW,8/8/8/B2R4/6k1/r5n1/8/3K4 w - - 0 1
0,1,0,0,0,0,0,1,-1,1,0,1,1,1,0,0,0,0,0,16,0,0,2,4,4,4,2,0,1,21,22,0,0,0,0,0,0,0,0,7,1,1,0,0,0,0,3,2,0,1,KRBKRNvK,DRAW,4B3/5r1n/8/4K3/8/4k3/8/R7 b - - 0 1
0,1,0,0,0,0,0,1,-1,1,0,1,1,1,0,0,0,0,0,16,0,0,2,2,3,0,1,1,5,23,22,0,0,0,0,0,0,0,0,7,1,1,0,0,0,0,3,1,0,2,KRBKRNvK,DRAW,3R4/8/3B4/2n5/2K5/r7/k7/8 b - - 0 1
1,1,0,0,0,0,0,1,-1,1,0,1,1,1,0,0,0,0,0,16,0,0,3,1,5,3,2,3,1,23,23,0,0,0,0,0,0,0,0,7,1,1,0,0,0,0,0,2,0,0,KRBKRNvK,DRAW,1R6/8/1K5B/8/8/3k4/2n5/7r w - - 0 1
0,1,0,0,0,0,0,1,-1,1,0,1,1,1,0,0,0,0,0,16,0,0,5,5,5,0,7,2,6,23,21,0,0,0,0,0,0,0,0,7,1,1,0,1,0,0,2,1,0,1,KRBKRNvK,DRAW,k7/5n2/5K2/7R/8/8/1r6/B7 b - - 0 1
0,1,0,0,0,0,0,1,-1,1,0,1,1,1,0,0,0,0,0,16,0,0,2,7,4,5,6,3,3,25,24,0,0,0,0,0,0,0,0,7,1,1,0,0,0,0,3,0,0,0,KRBKRNvK,DRAW,1B6/5k2/r7/7K/8/3R4/8/5n2 b - - 0 1
0,1,0,0,0,0,0,1,-1,1,0,1,1,1,0,0,0,0,0,16,0,0,3,4,5,1,5,1,3,5,0,1,0,0,0,0,0,0,0,7,1,1,1,0,0,0,3,2,0,0,KRBKRNvK,DRAW,8/5R2/1k2K3/7r/8/4B3/8/4n3 b - - 0 1
1,1,0,0,0,0,0,1,-1,1,0,1,1,1,0,0,0,0,0,16,0,0,3,3,0,6,2,3,3,22,20,0,0,0,0,0,0,0,0,7,1,1,0,1,0,0,2,0,0,1,KRBKRNvK,DRAW,8/8/7n/8/2R5/6k1/2B2r2/3K4 w - - 0 1
1,1,0,0,0,0,0,1,-1,1,0,1,1,1,0,0,0,0,0,16,0,0,4,7,2,6,6,4,4,26,21,0,0,0,0,0,0,0,0,7,1,1,0,0,0,0,2,0,0,0,KRBKRNvK,DRAW,8/5rkn/8/8/1R6/7K/8/6B1 w - - 0 1
0,1,0,0,0,0,0,1,-1,1,0,1,1,1,0,0,0,0,0,16,0,0,3,3,7,0,7,3,6,2,0,1,0,0,0,0,0,0,0,7,1,1,1,1,0,0,2,0,1,0,KRBKRNvK,DRAW,k2K2n1/1B3R2/8/8/8/8/2r5/8 b - - 0 1
1,1,0,0,0,0,0,1,-1,1,0,1,1,1,0,0,0,0,0,16,0,0,6,2,0,5,6,4,3,25,25,0,0,0,0,0,0,0,0,7,1,1,0,0,0,0,0,1,0,0,KRBKRNvK,DRAW,1R6/5k2/7r/5n2/8/B7/8/2K5 w - - 0 1
0,1,0,0,0,0,0,1,-1,1,0,1,1,1,0,0,0,0,0,16,0,0,4,2,5,6,7,2,5,2,0,1,0,0,0,0,0,0,0,7,1,1,0,0,0,0,3,0,0,0,KRBKRNvK,DRAW,2R3k1/8/2K5/8/8/6r1/1B6/4n3 b - - 0 1
1,1,0,0,0,0,0,1,-1,1,0,1,1,1,0,0,0,0,0,16,0,0,3,4,1,7,1,2,5,19,21,0,0,0,0,0,0,0,0,7,1,1,0,0,0,0,0,3,1,0,KRBKRNvK,DRAW,8/8/1n6/8/7r/8/R3K2k/5B2 w - - 0 1
0,1,0,0,0,0,0,1,-1,1,0,1,1,1,0,0,0,0,0,16,0,0,3,5,2,2,4,2,1,25,22,0,0,0,0,0,0,0,0,7,1,1,0,0,0,0,1,3,0,1,KRBKRNvK,DRAW,8/8/3n4/2k3B1/3r4/5K1R/8/8 b - - 0 1
1,1,0,0,0,0,0,1,-1,1,0,1,1,1,0,0,0,0,0,16,0,0,3,7,1,6,4,5,2,24,28,0,0,0,0,0,0,0,0,7,1,1,0,0,0,0,0,0,0,1,KRBKRNvK,DRAW,4B3/8/8/4n1k1/8/1R6/7K/5r2 w - - 0 1
0,1,0,0,0,0,0,1,-1,1,0,1,1,1,0,0,0,0,0,16,0,0,3,4,4,3,7,0,3,20,33,0,0,0,0,0,0,0,0,7,1,1,0,0,0,0,3,0,0,0,KRBKRNvK,DRAW,3k4/8/8/4K3/8/4B3/R7/n5r1 b - - 0 1
0,1,0,0,0,0,0,1,-1,1,0,1,1,1,0,0,0,0,0,16,0,0,7,0,4,7,0,3,6,19,24,0,0,0,0,0,0,0,0,7,1,1,0,0,0,0,2,2,0,0,KRBKRNvK,DRAW,2B5/8/8/K7/4r3/3R4/7n/7k b - - 0 1
1,1,0,0,0,0,0,1,-1,1,0,1,1,1,0,0,0,0,0,16,0,0,5,3,7,6,2,3,3,4,0,1,0,0,0,0,0,0,0,7,1,1,1,0,0,0,0,1,0,0,KRBKRNvK,DRAW,r2K4/1R6/8/8/8/6k1/3Bn3/8 w - - 0 1
1,1,0,0,0,0,0,1,-1,1,0,1,1,1,0,0,0,0,0,16,0,0,2,2,7,0,7,4,6,25,19,0,0,0,0,0,0,0,0,7,1,1,0,0,0,0,1,0,0,0,KRBKRNvK,WIN,k1K2n2/8/4B3/8/8/6r1/8/2R5 w - - 0 1
0,1,0,0,0,0,0,1,-1,1,0,1,1,1,0,0,0,0,0,16,0,0,7,0,0,4,7,6,3,4,0,1,0,0,0,0,0,0,0,7,1,1,0,0,0,0,3,2,1,0,KRBKRNvK,DRAW,4k3/8/4R3/8/5r2/6n1/8/K6B b - - 0 1
0,1,0,0,0,0,0,1,-1,1,0,1,1,1,0,0,0,0,0,16,0,0,4,2,4,6,5,1,3,22,25,0,0,0,0,0,0,0,0,7,1,1,0,1,0,0,2,1,2,1,KRBKRNvK,DRAW,4R3/8/4B1k1/2K5/8/4n3/4r3/8 b - - 0 1
1,1,0,0,0,0,0,1,-1,1,0,1,1,1,0,0,0,0,0,16,0,0,3,3,4,2,1,0,3,7,0,1,0,0,0,0,0,0,0,7,1,1,0,0,0,0,3,2,0,0,KRBKRNvK,DRAW,8/4B3/1R6/3K3r/8/8/n1k5/8 w - - 0 1
0,1,0,0,0,0,0,1,-1,1,0,1,1,1,0,0,0,0,0,16,0,0,6,6,7,0,5,5,4,20,22,0,0,0,0,0,0,0,0,7,1,1,0,0,0,0,2,0,0,1,KRBKRNvK,DRAW,6KB/5r2/k7/8/n7/1R6/8/8 b - - 0 1
1,1,0,0,0,0,0,1,-1,1,0,1,1,1,0,0,0,0,0,16,0,0,6,7,1,1,4,5,2,25,27,0,0,0,0,0,0,0,0,7,1,1,0,0,0,0,1,1,0,0,KRBKRNvK,DRAW,6R1/5B2/8/1k6/8/2r5/3n3K/8 w - - 0 1
1,1,0,0,0,0,0,1,-1,1,0,1,1,1,0,0,0,0,0,16,0,0,5,6,2,1,0,3,5,7,0,1,0,0,0,0,0,0,0,7,1,1,0,0,0,0,3,1,0,1,KRBKRNvK,DRAW,4R1B1/8/r7/5n2/8/6K1/8/1k6 w - - 0 1
0,1,0,0,0,0,0,1,-1,1,0,1,1,1,0,0,0,0,0,16,0,0,4,5,1,1,0,3,5,19,27,0,0,0,0,0,0,0,0,7,1,1,0,0,0,0,3,2,0,0,KRBKRNvK,DRAW,7B/8/8/8/2r5/4R3/5K2/1kn5 b - - 0 1
1,1,0,0,0,0,0,1,-1,1,0,1,1,1,0,0,0,0,0,16,0,0,7,4,0,0,7,3,6,2,0,1,0,0,0,0,0,0,0,7,1,1,1,1,0,0,2,2,0,2,KRBKRNvK,DRAW,k7/3R4/8/2B5/8/8/4r3/2n1K3 w - - 0 1
1,1,0,0,0,0,0,1,-1,1,0,1,1,1,0,0,0,0,0,16,0,0,3,1,3,4,6,2,2,6,0,1,0,0,0,0,0,0,0,7,1,1,0,0,0,0,2,0,0,1,KRBKRNvK,DRAW,8/n3k3/1r6/8/1K6/3R4/2B5/8 w - - 0 1
1,1,0,0,0,0,0,1,-1,1,0,1,1,1,0,0,0,0,0,16,0,0,7,7,7,0,4,6,3,3,0,1,0,0,0,0,0,0,0,7,1,1,0,0,0,0,2,0,0,0,KRBKRNvK,DRAW,2r4K/8/5R2/k7/n7/8/8/B7 w - - 0 1
0,1,0,0,0,0,0,1,-1,1,0,1,1,1,0,0,0,0,0,16,0,0,2,1,6,3,7,4,3,16,25,0,0,0,0,0,0,0,0,7,1,1,0,0,0,0,1,0,0,1,KRBKRNvK,DRAW,2nk3r/1K6/8/2B5/8/8/8/2R5 b - - 0 1
0,1,0,0,0,0,0,1,-1,1,0,1,1,1,0,0,0,0,0,16,0,0,5,2,5,7,7,2,6,23,32,0,0,0,0,0,0,0,0,7,1,1,1,1,0,0,2,1,1,0,KRBKRNvK,WIN,7k/5R2/2K5/8/8/3nB3/r7/8 b - - 0 1
0,1,0,0,0,0,0,1,-1,1,0,1,1,1,0,0,0,0,0,16,0,0,6,4,1,4,7,2,3,3,0,1,0,0,0,0,0,0,0,7,1,1,0,0,0,0,1,1,1,1,KRBKRNvK,DRAW,4k1R1/2n4B/8/8/8/2r5/4K3/8 b - - 0 1
0,1,0,0,0,0,0,1,-1,1,0,1,1,1,0,0,0,0,0,16,0,0,2,7,6,5,6,5,3,18,20,0,0,0,0,0,0,0,0,7,1,1,0,0,0,0,1,2,0,1,KRBKRNvK,DRAW,3r2n1/5k1K/8/R1B5/8/8/8/8 b - - 0 1
0,1,0,0,0,0,0,1,-1,1,0,1,1,1,0,0,0,0,0,16,0,0,2,2,1,2,3,3,1,27,22,0,0,0,0,0,0,0,0,7,1,1,0,0,0,0,1,3,0,0,KRBKRNvK,DRAW,1B6/6r1/5n2/8/2k5/8/2K4R/8 b - - 0 1
1,1,0,0,0,0,0,1,-1,1,0,1,1,1,0,0,0,0,0,16,0,0,2,6,5,4,5,3,1,27,12,0,0,0,0,0,0,0,0,7,1,1,0,0,0,0,1,2,1,2,KRBKRNvK,DRAW,6n1/4r3/4k1K1/8/5B2/2R5/8/8 w - - 0 1
0,1,0,0,0,0,0,1,-1,1,0,1,1,1,0,0,0,0,0,16,0,0,2,3,5,5,5,1,2,27,16,0,0,0,0,0,0,0,0,7,1,1,0,0,0,0,3,3,0,1,KRBKRNvK,DRAW,8/8/3Knk2/7r/8/8/3R4/4B3 b - - 0 1
0,1,0,0,0,0,0,1,-1,1,0,1,1,1,0,0,0,0,0,16,0,0,2,3,4,5,5,0,2,5,0,1,0,0,0,0,0,0,0,7,1,1,0,0,0,0,4,1,1,0,KRBKRNvK,DRAW,8/6r1/5k1R/3K4/8/1B6/8/3n4 b - - 0 1
1,1,0,0,0,0,0,1,-1,1,0,1,1,1,0,0,0,0,0,16,0,0,2,2,1,4,2,3,1,25,23,0,0,0,0,0,0,0,0,7,1,1,1,0,0,0,1,2,0,1,KRBKRNvK,DRAW,8/3R4/3B4/8/r7/4k2n/2K5/8 w - - 0 1
0,1,0,0,0,0,0,1,-1,1,0,1,1,1,0,0,0,0,0,16,0,0,3,1,7,4,5,5,1,27,22,0,0,0,0,0,0,0,0,7,1,1,0,1,0,0,2,2,1,0,KRBKRNvK,DRAW,1K6/8/4k3/6B1/3n3R/8/r7/8 b - - 0 1
0,1,0,0,0,0,0,1,-1,1,0,1,1,1,0,0,0,0,0,16,0,0,4,0,3,3,7,3,3,3,0,1,0,0,0,0,0,0,0,7,1,1,0,0,0,0,3,1,1,0,KRBKRNvK,DRAW,1r1k4/8/5B2/8/K7/4R3/3n4/8 b - - 0 1
1,1,0,0,0,0,0,1,-1,1,0,1,1,1,0,0,0,0,0,16,0,0,2,1,3,3,2,2,1,4,0,1,0,0,0,0,0,0,0,7,1,1,0,0,0,0,3,2,0,0,KRBKRNvK,DRAW,8/1B6/8/8/1K4R1/3k2n1/8/1r6 w - - 0 1
1,1,0,0,0,0,0,1,-1,1,0,1,1,1,0,0,0,0,0,16,0,0,5,7,0,2,5,6,2,24,19,0,0,0,0,0,0,0,0,7,1,1,1,0,0,0,0,3,1,0,KRBKRNvK,DRAW,8/6R1/2k5/B1r5/8/1n6/8/7K w - - 0 1
1,1,0,0,0,0,0,1,-1,1,0,1,1,1,0,0,0,0,0,16,0,0,3,0,1,3,0,5,3,24,22,0,0,0,0,0,0,0,0,7,1,1,0,0,0,0,0,2,1,0,KRBKRNvK,DRAW,2n5/8/8/8/5r2/6R1/K7/3kB3 w - - 0 1
0,1,0,0,0,0,0,1,-1,1,0,1,1,1,0,0,0,0,0,16,0,0,2,4,7,6,7,3,5,3,0,1,0,0,0,0,0,0,0,7,1,1,0,0,0,0,3,1,0,1,KRBKRNvK,LOSS,4K1k1/8/2r5/6R1/2n5/8/6B1/8 b - - 0 1
0,1,0,0,0,0,0,1,-1,1,0,1,1,1,0,0,0,0,0,16,0,0,4,6,6,2,5,4,2,17,26,0,0,0,0,0,0,0,0,7,1,1,1,1,0,0,1,1,1,0,KRBKRNvK,DRAW,8/R5K1/2k5/8/n7/1B6/r7/8 b - - 0 1
1,1,0,0,0,0,0,1,-1,1,0,1,1,1,0,0,0,0,0,16,0,0,5,2,4,7,1,1,5,3,0,1,0,0,0,0,0,0,0,7,1,1,0,0,0,0,2,2,0,1,KRBKRNvK,DRAW,n7/8/2R5/2K1r3/1B6/8/7k/8 w - - 0 1
0,1,0,0,0,0,0,1,-1,1,0,1,1,1,0,0,0,0,0,16,0,0,3,7,0,4,0,6,3,21,23,0,0,0,0,0,0,0,0,7,1,1,0,0,0,0,3,2,0,0,KRBKRNvK,DRAW,4r3/n7/8/7R/8/8/8/B3k2K b - - 0 1
1,1,0,0,0,0,0,1,-1,1,0,1,1,1,0,0,0,0,0,16,0,0,3,5,1,2,0,3,4,21,16,0,0,0,0,0,0,0,0,7,1,1,0,1,0,0,0,0,1,0,KRBKRNvK,DRAW,6R1/7n/8/8/8/8/2r1BK2/2k5 w - - 0 1
0,1,0,0,0,0,0,1,-1,1,0,1,1,1,0,0,0,0,0,16,0,0,7,7,4,0,0,3,6,2,0,1,0,0,0,0,0,0,0,7,1,1,0,0,0,0,2,0,0,0,KRBKRNvK,LOSS,1n5B/8/8/7K/8/2r5/8/k4R2 b - - 0 1
0,1,0,0,0,0,0,1,-1,1,0,1,1,1,0,0,0,0,0,16,0,0,3,3,3,6,2,0,3,25,26,0,0,0,0,0,0,0,0,7,1,1,0,0,0,0,3,1,1,0,KRBKRNvK,DRAW,8/8/6n1/8/3K4/6k1/2B1R3/1r6 b - - 0 1
0,1,0,0,0,0,0,1,-1,1,0,1,1,1,0,0,0,0,0,16,0,0,2,2,3,4,5,1,1,6,0,1,0,0,0,0,0,0,0,7,1,1,0,0,0,0,2,2,1,1,KRBKRNvK,DRAW,2R5/5r2/4k3/8/2Kn4/7B/8/8 b - - 0 1
0,1,0,0,0,0,0,1,-1,1,0,1,1,1,0,0,0,0,0,16,0,0,3,0,0,3,0,6,3,3,0,1,0,0,0,0,0,0,0,7,1,1,0,0,0,0,2,2,0,0,KRBKRNvK,DRAW,8/2B5/6n1/3R4/8/8/8/K2kr3 b - - 0 1
0,1,0,0,0,0,0,1,-1,1,0,1,1,1,0,0,0,0,0,16,0,0,3,3,1,0,0,2,6,1,0,1,0,0,0,0,0,0,0,7,1,1,0,0,0,0,1,1,1,1,KRBKRNvK,LOSS,2r5/8/8/8/3B4/8/3K1n2/k1R5 b - - 0 1
1,1,0,0,0,0,0,1,-1,1,0,1,1,1,0,0,0,0,0,16,0,0,5,2,1,7,4,3,3,26,22,0,0,0,0,0,0,0,0,7,1,1,0,0,0,0,2,2,0,1,KRBKRNvK,DRAW,6R1/8/1n6/7k/3r4/8/2K5/7B w - - 0 1
0,1,0,0,0,0,0,1,-1,1,0,1,1,1,0,0,0,0,0,16,0,0,4,5,4,1,1,1,4,19,29,0,0,0,0,0,0,0,0,7,1,1,0,0,0,0,4,0,1,0,KRBKRNvK,DRAW,3n3r/8/8/5KB1/8/8/1k6/3R4 b - - 0 1
0,1,0,0,0,0,0,1,-1,1,0,1,1,1,0,0,0,0,0,16,0,0,3,2,2,0,5,2,4,4,0,1,0,0,0,0,0,0,0,7,1,1,0,0,0,0,3,2,0,0,KRBKRNvK,DRAW,1r6/8/k3Rn2/8/8/2K5/8/6B1 b - - 0 1
0,1,0,0,0,0,0,1,-1,1,0,1,1,1,0,0,0,0,0,16,0,0,2,1,3,3,4,2,0,20,26,0,0,0,0,0,0,0,0,7,1,1,0,0,0,0,1,4,0,1,KRBKRNvK,DRAW,8/8/4n3/r2k4/1K6/8/5B2/2R5 b - - 0 1
0,1,0,0,0,0,0,1,-1,1,0,1,1,1,0,0,0,0,0,16,0,0,7,0,6,7,2,5,4,20,25,0,0,0,0,0,0,0,0,7,1,1,0,0,0,0,1,2,0,0,KRBKRNvK,DRAW,8/K6B/1R6/8/8/7k/8/3r1n2 b - - 0 1
0,1,0,0,0,0,0,1,-1,1,0,1,1,1,0,0,0,0,0,16,0,0,6,1,7,4,1,5,2,5,0,1,0,0,0,0,0,0,0,7,1,1,0,0,0,0,2,2,0,1,KRBKRNvK,DRAW,1K6/8/3r4/1n1BR3/8/8/4k3/8 b - - 0 1
1,1,0,0,0,0,0,1,-1,1,0,1,1,1,0,0,0,0,0,16,0,0,6,3,1,3,7,2,3,24,22,0,0,0,0,0,0,0,0,7,1,1,0,0,0,0,2,2,1,0,KRBKRNvK,DRAW,3k4/8/5R2/8/7r/8/n2K4/B7 w - - 0 1
1,1,0,0,0,0,0,1,-1,1,0,1,1,1,0,0,0,0,0,16,0,0,4,1,3,5,1,2,3,7,0,1,0,0,0,0,0,0,0,7,1,1,0,0,0,0,2,2,0,0,KRBKRNvK,DRAW,n5B1/8/8/2R5/1K5r/8/5k2/8 w - - 0 1
1,1,0,0,0,0,0,1,-1,1,0,1,1,1,0,0,0,0,0,16,0,0,5,1,2,6,6,3,4,25,18,0,0,0,0,0,0,0,0,7,1,1,0,0,0,0,2,0,0,0,KRBKRNvK,DRAW,n7/2r3k1/8/8/5R2/BK6/8/8 w - - 0 1
0,1,0,0,0,0,0,1,-1,1,0,1,1,1,0,0,0,0,0,16,0,0,5,7,1,7,6,5,5,25,17,0,0,0,0,0,0,0,0,7,1,1,0,0,0,0,1,2,1,1,KRBKRNvK,DRAW,8/5B1k/8/5n2/6r1/8/7K/7R b - - 0 1
0,1,0,0,0,0,0,1,-1,1,0,1,1,1,0,0,0,0,0,16,0,0,5,3,5,4,0,1,3,5,0,1,0,0,0,0,0,0,0,7,1,1,0,0,0,0,2,2,0,1,KRBKRNvK,DRAW,5n2/8/3K4/B6R/8/4r3/8/4k3 b - - 0 1
1,1,0,0,0,0,0,1,-1,1,0,1,1,1,0,0,0,0,0,16,0,0,3,5,3,6,0,1,5,19,17,0,0,0,0,0,0,0,0,7,1,1,0,0,0,0,2,2,2,0,KRBKRNvK,DRAW,8/8/8/r7/5K2/5R2/n7/5Bk1 w - - 0 1
0,1,0,0,0,0,0,1,-1,1,0,1,1,1,0,0,0,0,0,16,0,0,4,1,5,5,7,3,4,4,0,1,0,0,0,0,0,0,0,7,1,1,0,0,0,0,2,1,1,0,KRBKRNvK,DRAW,5k1r/4B3/1K6/8/8/4R3/5n2/8 b - - 0 1
0,1,0,0,0,0,0,1,-1,1,0,1,1,1,0,0,0,0,0,16,0,0,2,3,7,3,5,3,1,3,0,1,0,0,0,0,0,0,0,7,1,1,0,0,0,0,1,2,0,0,KRBKRNvK,DRAW,3K4/8/R2k4/8/8/5r2/n7/1B6 b - - 0 1
0,1,0,0,0,0,0,1,-1,1,0,1,1,1,0,0,0,0,0,16,0,0,2,5,2,7,2,2,4,18,19,0,0,0,0,0,0,0,0,7,1,1,0,0,0,0,1,1,1,0,KRBKRNvK,DRAW,5R2/8/8/r1n4B/8/5K1k/8/8 b - - 0 1
0,1,0,0,0,0,0,1,-1,1,0,1,1,1,0,0,0,0,0,16,0,0,4,0,0,4,1,6,2,24,23,0,0,0,0,0,0,0,0,7,1,1,0,0,0,0,0,3,0,0,KRBKRNvK,DRAW,3r4/5n2/8/8/8/BR6/4k3/K7 b - - 0 1
1,1,0,0,0,0,0,1,-1,1,0,1,1,1,0,0,0,0,0,16,0,0,4,7,4,7,0,3,6,26,19,0,0,0,0,0,0,0,0,7,1,1,0,0,0,0,1,0,0,0,KRBKRNvK,WIN,8/1r6/2R5/7K/8/8/8/1B4nk w - - 0 1
1,1,0,0,0,0,0,1,-1,1,0,1,1,1,0,0,0,0,0,16,0,0,5,7,2,2,3,4,1,24,19,0,0,0,0,0,0,0,0,7,1,1,0,0,0,0,2,4,1,1,KRBKRNvK,DRAW,8/8/6n1/8/2k2rB1/3R3K/8/8 w - - 0 1
1,1,0,0,0,0,0,1,-1,1,0,1,1,1,0,0,0,0,0,16,0,0,6,1,6,7,7,4,6,18,18,0,0,0,0,0,0,0,0,7,1,1,1,1,0,0,0,0,2,0,KRBKRNvK,DRAW,6Bk/1K3R2/8/8/8/8/r7/6n1 w - - 0 1
1,1,0,0,0,0,0,1,-1,1,0,1,1,1,0,0,0,0,0,16,0,0,5,0,2,5,5,4,2,23,25,0,0,0,0,0,0,0,0,7,1,1,0,1,0,0,1,2,0,0,KRBKRNvK,DRAW,1B1n4/8/5k2/8/8/K6R/4r3/8 w - - 0 1
0,1,0,0,0,0,0,1,-1,1,0,1,1,1,0,0,0,0,0,16,0,0,2,3,5,1,7,1,5,23,27,0,0,0,0,0,0,0,0,7,1,1,0,0,0,0,3,2,0,1,KRBKRNvK,DRAW,1k6/5B2/3K4/8/1r6/6n1/8/3R4 b - - 0 1
1,1,0,0,0,0,0,1,-1,1,0,1,1,1,0,0,0,0,0,16,0,0,4,4,1,5,5,2,2,26,19,0,0,0,0,0,0,0,0,7,1,1,0,0,0,0,2,2,1,0,KRBKRNvK,DRAW,r1B5/8/5k2/4R3/8/1n6/4K3/8 w - - 0 1
0,1,0,0,0,0,0,1,-1,1,0,1,1,1,0,0,0,0,0,16,0,0,5,6,3,1,6,2,4,27,27,0,0,0,0,0,0,0,0,7,1,1,0,0,0,0,1,1,0,1,KRBKRNvK,DRAW,8/1k6/1n6/8/6K1/5r2/2B5/7R b - - 0 1
0,1,0,0,0,0,0,1,-1,1,0,1,1,1,0,0,0,0,0,16,0,0,3,6,2,5,5,3,2,22,24,0,0,0,0,0,0,0,0,7,1,1,0,0,0,0,2,1,0,0,KRBKRNvK,DRAW,2B3n1/7r/5k2/8/8/3R2K1/8/8 b - - 0 1
1,1,0,0,0,0,0,1,-1,1,0,1,1,1,0,0,0,0,0,16,0,0,6,6,2,0,3,3,3,5,0,1,0,0,0,0,0,0,0,7,1,1,0,0,0,0,1,1,0,1,KRBKRNvK,LOSS,5r2/8/4B3/8/k7/6K1/4n3/2R5 w - - 0 1
1,1,0,0,0,0,0,1,-1,1,0,1,1,1,0,0,0,0,0,16,0,0,6,7,7,1,1,6,4,3,0,1,0,0,0,0,0,0,0,7,1,1,1,0,0,0,1,2,0,0,KRBKRNvK,DRAW,1n1r3K/R7/8/2B5/8/8/1k6/8 w - - 0 1
0,1,0,0,0,0,0,1,-1,1,0,1,1,1,0,0,0,0,0,16,0,0,2,0,7,0,5,6,4,20,22,0,0,0,0,0,0,0,0,7,1,1,0,1,0,0,2,2,1,0,KRBKRNvK,DRAW,K7/8/k1B5/8/8/5R2/4r3/5n2 b - - 0 1
0,1,0,0,0,0,0,1,-1,1,0,1,1,1,0,0,0,0,0,16,0,0,5,2,6,1,1,3,4,6,0,1,0,0,0,0,0,0,0,7,1,1,0,0,0,0,2,0,0,1,KRBKRNvK,DRAW,8/2K4n/r7/1R6/8/8/1k2B3/8 b - - 0 1
1,1,0,0,0,0,0,1,-1,1,0,1,1,1,0,0,0,0,0,16,0,0,5,5,3,0,4,1,3,25,19,0,0,0,0,0,0,0,0,7,1,1,0,0,0,0,3,1,1,0,KRBKRNvK,DRAW,8/8/r7/k1n5/5K2/1B6/8/5R2 w - - 0 1
0,1,0,0,0,0,0,1,-1,1,0,1,1,1,0,0,0,0,0,16,0,0,7,7,0,0,2,6,4,3,0,1,0,0,0,0,0,0,0,7,1,1,0,0,0,0,0,0,0,1,KRBKRNvK,DRAW,6r1/8/8/8/8/k4R1n/3B4/7K b - - 0 1
0,1,0,0,0,0,0,1,-1,1,0,1,1,1,0,0,0,0,0,16,0,0,4,0,4,4,3,3,0,22,25,0,0,0,0,0,0,0,0,7,1,1,0,0,0,0,0,3,1,0,KRBKRNvK,DRAW,3r4/6n1/7B/K7/4k3/8/5R2/8 b - - 0 1
0,1,0,0,0,0,0,1,-1,1,0,1,1,1,0,0,0,0,0,16,0,0,2,6,2,6,0,3,5,18,27,0,0,0,0,0,0,0,0,7,1,1,0,0,0,0,0,1,0,0,KRBKRNvK,DRAW,8/8/R7/1B6/8/1n4K1/8/2r3k1 b - - 0 1
0,1,0,0,0,0,0,1,-1,1,0,1,1,1,0,0,0,0,0,16,0,0,4,3,3,7,1,0,5,23,27,0,0,0,0,0,0,0,0,7,1,1,0,0,0,0,4,0,0,0,KRBKRNvK,DRAW,6r1/8/5R2/2B5/3K4/8/7k/2n5 b - - 0 1
0,1,0,0,0,0,0,1,-1,1,0,1,1,1,0,0,0,0,0,16,0,0,5,6,1,6,6,4,4,23,30,0,0,0,0,0,0,0,0,7,1,1,0,0,0,0,1,2,0,0,KRBKRNvK,DRAW,1n2r3/6k1/8/8/8/R7/5BK1/8 b - - 0 1
0,1,0,0,0,0,0,1,-1,1,0,1,1,1,0,0,0,0,0,16,0,0,5,6,7,1,6,5,4,4,0,1,0,0,0,0,0,0,0,7,1,1,1,1,0,0,3,2,0,0,KRBKRNvK,LOSS,6K1/1k2R3/8/8/8/8/n3r3/7B b - - 0 1
0,1,0,0,0,0,0,1,-1,1,0,1,1,1,0,0,0,0,0,16,0,0,4,4,4,7,0,0,6,20,32,0,0,0,0,0,0,0,0,7,1,1,0,1,0,0,3,0,0,0,KRBKRNvK,DRAW,5R2/8/8/2B1K3/8/8/r7/5n1k b - - 0 1
1,1,0,0,0,0,0,1,-1,1,0,1,1,1,0,0,0,0,0,16,0,0,4,2,0,6,3,4,2,4,0,1,0,0,0,0,0,0,0,7,1,1,0,0,0,0,1,1,1,1,KRBKRNvK,DRAW,8/8/2r3B1/8/6k1/4n3/8/2K1R3 w - - 0 1
0,1,0,0,0,0,0,1,-1,1,0,1,1,1,0,0,0,0,0,16,0,0,4,3,3,7,3,0,3,19,30,0,0,0,0,0,0,0,0,7,1,1,0,0,0,0,3,2,1,0,KRBKRNvK,DRAW,8/n7/8/6r1/3K3k/5B2/8/1R6 b - - 0 1
0,1,0,0,0,0,0,1,-1,1,0,1,1,1,0,0,0,0,0,16,0,0,5,1,4,6,4,2,2,17,30,0,0,0,0,0,0,0,0,7,1,1,0,0,0,0,3,0,1,1,KRBKRNvK,DRAW,8/6r1/n7/1K4k1/2R5/5B2/8/8 b - - 0 1
0,1,0,0,0,0,0,1,-1,1,0,1,1,1,0,0,0,0,0,16,0,0,2,3,4,1,4,0,2,22,19,0,0,0,0,0,0,0,0,7,1,1,0,0,0,0,4,2,0,1,KRBKRNvK,DRAW,5B2/8/8/1k1K2Rn/8/4r3/8/8 b - - 0 1
1,1,0,0,0,0,0,1,-1,1,0,1,1,1,0,0,0,0,0,16,0,0,5,1,4,6,1,2,4,29,19,0,0,0,0,0,0,0,0,7,1,1,0,1,0,0,2,2,0,0,KRBKRNvK,WIN,3n4/8/8/1K2B2R/8/8/3r2k1/8 w - - 0 1
1,1,0,0,0,0,0,1,-1,1,0,1,1,1,0,0,0,0,0,16,0,0,5,2,7,7,6,4,5,3,0,1,0,0,0,0,0,0,0,7,1,1,0,0,0,0,3,0,0,1,KRBKRNvK,DRAW,r1K5/7k/4R3/2B5/8/8/8/5n2 w - - 0 1
1,1,0,0,0,0,0,1,-1,1,0,1,1,1,0,0,0,0,0,16,0,0,3,5,2,3,5,2,1,27,21,0,0,0,0,0,0,0,0,7,1,1,0,0,0,0,2,2,1,1,KRBKRNvK,DRAW,8/8/r2k4/3n4/2R5/5K2/8/6B1 w - - 0 1
0,1,0,0,0,0,0,1,-1,1,0,1,1,1,0,0,0,0,0,16,0,0,2,2,5,0,6,2,5,16,28,0,0,0,0,0,0,0,0,7,1,1,0,0,0,0,3,0,0,1,KRBKRNvK,DRAW,8/k7/2K1B3/8/n5R1/8/8/r7 b - - 0 1
1,1,0,0,0,0,0,1,-1,1,0,1,1,1,0,0,0,0,0,16,0,0,3,0,5,3,5,4,1,26,24,0,0,0,0,0,0,0,0,7,1,1,0,0,0,0,2,2,1,0,KRBKRNvK,DRAW,8/8/K2k4/8/3B4/n7/3R4/7r w - - 0 1
0,1,0,0,0,0,0,1,-1,1,0,1,1,1,0,0,0,0,0,16,0,0,5,2,5,1,0,2,5,19,26,0,0,0,0,0,0,0,0,7,1,1,0,0,0,0,1,0,1,0,KRBKRNvK,DRAW,8/7r/2K5/8/8/6Rn/8/1k1B4 b - - 0 1
1,1,0,0,0,0,0,1,-1,1,0,1,1,1,0,0,0,0,0,16,0,0,4,0,6,4,3,5,0,29,18,0,0,0,0,0,0,0,0,7,1,1,0,0,0,0,1,4,1,0,KRBKRNvK,DRAW,3n4/K7/8/8/3rkB2/8/8/1R6 w - - 0 1
1,1,0,0,0,0,0,1,-1,1,0,1,1,1,0,0,0,0,0,16,0,0,2,1,2,3,1,3,2,25,15,0,0,0,0,0,0,0,0,7,1,1,0,0,0,0,2,0,0,1,KRBKRNvK,DRAW,8/rB6/5R2/8/8/1K6/n2k4/8 w - - 0 1
0,1,0,0,0,0,0,1,-1,1,0,1,1,1,0,0,0,0,0,16,0,0,7,5,7,0,0,4,6,24,22,0,0,0,0,0,0,0,0,7,1,1,1,1,0,0,1,2,0,0,KRBKRNvK,DRAW,5K2/2R5/2n5/5B2/8/8/6r1/k7 b - - 0 1
0,1,0,0,0,0,0,1,-1,1,0,1,1,1,0,0,0,0,0,16,0,0,5,7,5,5,0,4,4,20,25,0,0,0,0,0,0,0,0,7,1,1,0,0,0,0,3,0,0,1,KRBKRNvK,DRAW,8/5B2/7K/7n/4R3/6r1/8/5k2 b - - 0 1
1,1,0,0,0,0,0,1,-1,1,0,1,1,1,0,0,0,0,0,16,0,0,3,4,3,5,6,0,3,23,24,0,0,0,0,0,0,0,0,7,1,1,0,0,0,0,4,2,1,0,KRBKRNvK,DRAW,6R1/5k2/8/7r/1n2K3/8/2B5/8 w - - 0 1
0,1,0,0,0,0,0,1,-1,1,0,1,1,1,0,0,0,0,0,16,0,0,6,4,6,5,0,2,4,22,15,0,0,0,0,0,0,0,0,7,1,1,0,0,0,0,0,1,1,1,KRBKRNvK,DRAW,8/4K2B/6r1/8/8/8/4n2R/5k2 b - - 0 1
1,1,0,0,0,0,0,1,-1,1,0,1,1,1,0,0,0,0,0,16,0,0,5,6,6,1,1,4,4,27,23,0,0,0,0,0,0,0,0,7,1,1,0,0,0,0,0,1,0,0,KRBKRNvK,DRAW,8/6K1/5R2/8/8/8/1kn5/r4B2 w - - 0 1
0,1,0,0,0,0,0,1,-1,1,0,1,1,1,0,0,0,0,0,16,0,0,4,4,7,7,3,3,3,3,0,1,0,0,0,0,0,0,0,7,1,1,0,0,0,0,2,0,1,0,KRBKRNvK,DRAW,4K3/8/8/5B2/3R3k/8/8/3n3r b - - 0 1
0,1,0,0,0,0,0,1,-1,1,0,1,1,1,0,0,0,0,0,16,0,0,7,0,0,7,4,6,3,25,19,0,0,0,0,0,0,0,0,7,1,1,0,1,0,0,2,1,0,1,KRBKRNvK,DRAW,8/8/3nR3/B6k/8/8/1r6/K7 b - - 0 1
0,1,0,0,0,0,0,1,-1,1,0,1,1,1,0,0,0,0,0,16,0,0,5,5,7,0,7,4,6,6,0,1,0,0,0,0,0,0,0,7,1,1,0,0,0,0,2,1,0,0,KRBKRNvK,DRAW,k4K2/8/8/8/8/1r6/3n1RB1/8 b - - 0 1
1,1,0,0,0,0,0,1,-1,1,0,1,1,1,0,0,0,0,0,16,0,0,3,5,1,7,4,3,3,4,0,1,0,0,0,0,0,0,0,7,1,1,0,0,0,0,2,2,0,1,KRBKRNvK,DRAW,8/1B6/1R6/4r2k/8/7n/5K2/8 w - - 0 1
1,1,0,0,0,0,0,1,-1,1,0,1,1,1,0,0,0,0,0,16,0,0,6,7,3,1,3,3,2,27,20,0,0,0,0,0,0,0,0,7,1,1,0,0,0,0,0,1,0,0,KRBKRNvK,DRAW,8/2n5/8/8/rk4BK/8/8/5R2 w - - 0 1
0,1,0,0,0,0,0,1,-1,1,0,1,1,1,0,0,0,0,0,16,0,0,5,6,2,1,7,3,5,18,27,0,0,0,0,0,0,0,0,7,1,1,0,0,0,0,3,0,0,0,KRBKRNvK,DRAW,1k5n/1r6/8/2B3R1/8/6K1/8/8 b - - 0 1
1,1,0,0,0,0,0,1,-1,1,0,1,1,1,0,0,0,0,0,16,0,0,4,6,3,2,2,2,2,7,0,1,0,0,0,0,0,0,0,7,1,1,0,0,0,0,2,1,0,0,KRBKRNvK,DRAW,B5r1/8/7R/8/6K1/2k5/8/2n5 w - - 0 1
1,1,0,0,0,0,0,1,-1,1,0,1,1,1,0,0,0,0,0,16,0,0,5,7,2,2,0,4,4,5,0,1,0,0,0,0,0,0,0,7,1,1,0,0,0,0,3,1,0,0,KRBKRNvK,DRAW,8/2n5/6B1/8/4R3/r6K/8/2k5 w - - 0 1
0,1,0,0,0,0,0,1,-1,1,0,1,1,1,0,0,0,0,0,16,0,0,5,6,2,1,3,3,2,6,0,1,0,0,0,0,0,0,0,7,1,1,0,0,0,0,2,0,0,0,KRBKRNvK,DRAW,2n5/5r2/8/8/1k2R2B/6K1/8/8 b - - 0 1
1,1,0,0,0,0,0,1,-1,1,0,1,1,1,0,0,0,0,0,16,0,0,5,2,2,7,0,2,6,29,19,0,0,0,0,0,0,0,0,7,1,1,0,0,0,0,2,0,0,0,KRBKRNvK,DRAW,8/8/6r1/8/8/1BK5/3R4/5n1k w - - 0 1
1,1,0,0,0,0,0,1,-1,1,0,1,1,1,0,0,0,0,0,16,0,0,7,4,7,1,0,3,5,25,22,0,0,0,0,0,0,0,0,7,1,1,0,0,0,0,2,0,1,1,KRBKRNvK,DRAW,4K3/8/6r1/4R3/8/8/8/1kB2n2 w - - 0 1
0,1,0,0,0,0,0,1,-1,1,0,1,1,1,0,0,0,0,0,16,0,0,2,7,0,5,1,6,3,5,0,1,0,0,0,0,0,0,0,7,1,1,0,0,0,0,2,1,1,0,KRBKRNvK,DRAW,8/1r6/4n3/5R2/8/7B/5k2/7K b - - 0 1
0,1,0,0,0,0,0,1,-1,1,0,1,1,1,0,0,0,0,0,16,0,0,4,7,7,7,3,6,3,2,0,1,0,0,0,0,0,0,0,7,1,1,0,0,0,0,2,1,1,0,KRBKRNvK,DRAW,7K/8/5B2/5n2/7k/5r2/8/6R1 b - - 0 1
1,1,0,0,0,0,0,1,-1,1,0,1,1,1,0,0,0,0,0,16,0,0,7,1,7,3,0,5,3,5,0,1,0,0,0,0,0,0,0,7,1,1,1,1,0,0,1,1,0,0,KRBKRNvK,DRAW,1K6/6R1/6B1/8/8/8/1r1n4/3k4 w - - 0 1
0,1,0,0,0,0,0,1,-1,1,0,1,1,1,0,0,0,0,0,16,0,0,4,2,0,2,4,4,1,6,0,1,0,0,0,0,0,0,0,7,1,1,0,0,0,0,2,2,0,1,KRBKRNvK,DRAW,8/8/6B1/1rk2R2/8/8/8/2Kn4 b - - 0 1
0,1,0,0,0,0,0,1,-1,1,0,1,1,1,0,0,0,0,0,16,0,0,5,5,0,7,5,4,4,20,22,0,0,0,0,0,0,0,0,7,1,1,0,0,0,0,2,3,2,0,KRBKRNvK,DRAW,8/5B2/4n2k/4r3/6R1/8/8/5K2 b - - 0 1
1,1,0,0,0,0,0,1,-1,1,0,1,1,1,0,0,0,0,0,16,0,0,4,2,5,1,1,2,4,24,26,0,0,0,0,0,0,0,0,7,1,1,0,0,0,0,3,2,1,0,KRBKRNvK,DRAW,1B6/6r1/2K5/8/8/2n5/1k6/3R4 w - - 0 1
1,1,0,0,0,0,0,1,-1,1,0,1,1,1,0,0,0,0,0,16,0,0,2,6,4,6,2,2,3,19,25,0,0,0,0,0,0,0,0,7,1,1,0,0,0,0,2,1,0,0,KRBKRNvK,DRAW,8/r7/4R2B/6K1/8/6k1/2n5/8 w - - 0 1
0,1,0,0,0,0,0,1,-1,1,0,1,1,1,0,0,0,0,0,16,0,0,2,6,4,4,5,2,1,14,21,0,0,0,0,0,0,0,0,7,1,1,1,0,0,0,2,2,2,0,KRBKRNvK,DRAW,2B3n1/3R4/r3k3/6K1/8/8/8/8 b - - 0 1
1,1,0,0,0,0,0,1,-1,1,0,1,1,1,0,0,0,0,0,16,0,0,4,5,7,1,4,4,2,21,29,0,0,0,0,0,0,0,0,7,1,1,0,0,0,0,2,3,0,1,KRBKRNvK,DRAW,5K2/8/3r4/1kn5/8/4R3/8/6B1 w - - 0 1
1,1,0,0,0,0,0,1,-1,1,0,1,1,1,0,0,0,0,0,16,0,0,6,3,7,4,1,3,2,2,0,1,0,0,0,0,0,0,0,7,1,1,1,0,0,0,0,1,0,1,KRBKRNvK,DRAW,3K4/1R5r/4n3/B7/8/8/4k3/8 w - - 0 1
0,1,0,0,0,0,0,1,-1,1,0,1,1,1,0,0,0,0,0,16,0,0,4,6,5,2,5,3,2,20,22,0,0,0,0,0,0,0,0,7,1,1,0,0,0,0,3,2,1,0,KRBKRNvK,DRAW,8/8/2k3K1/n1r5/R7/8/8/B7 b - - 0 1
1,1,0,0,0,0,0,1,-1,1,0,1,1,1,0,0,0,0,0,16,0,0,3,1,4,4,1,2,2,21,21,0,0,0,0,0,0,0,0,7,1,1,0,0,0,0,1,1,0,1,KRBKRNvK,DRAW,R7/1r6/1B4n1/1K6/8/8/4k3/8 w - - 0 1
1,1,0,0,0,0,0,1,-1,1,0,1,1,1,0,0,0,0,0,16,0,0,6,6,7,1,1,5,4,3,0,1,0,0,0,0,0,0,0,7,1,1,0,0,0,0,2,2,0,0,KRBKRNvK,DRAW,3r2K1/8/8/1R6/1n6/8/1k2B3/8 w - - 0 1
1,1,0,0,0,0,0,1,-1,1,0,1,1,1,0,0,0,0,0,16,0,0,2,3,0,4,2,3,1,28,20,0,0,0,0,0,0,0,0,7,1,1,0,0,0,0,3,2,2,0,KRBKRNvK,DRAW,2n5/2r5/8/6R1/8/2B1k3/8/3K4 w - - 0 1
1,1,0,0,0,0,0,1,-1,1,0,1,1,1,0,0,0,0,0,16,0,0,6,5,7,5,1,4,3,30,21,0,0,0,0,0,0,0,0,7,1,1,0,0,0,0,2,2,1,0,KRBKRNvK,DRAW,5K2/8/5B2/2r5/8/6R1/5k2/2n5 w - - 0 1
1,1,0,0,0,0,0,1,-1,1,0,1,1,1,0,0,0,0,0,16,0,0,6,6,5,0,7,3,6,23,18,0,0,0,0,0,0,0,0,7,1,1,0,0,0,0,0,2,1,1,KRBKRNvK,DRAW,k1B5/8/6K1/r6n/8/8/8/2R5 w - - 0 1
0,1,0,0,0,0,0,1,-1,1,0,1,1,1,0,0,0,0,0,16,0,0,5,0,2,1,7,4,5,4,0,1,0,0,0,0,0,0,0,7,1,1,0,0,0,0,2,2,1,2,KRBKRNvK,DRAW,1k6/8/3B4/1r6/1n6/K3R3/8/8 b - - 0 1
1,1,0,0,0,0,0,1,-1,1,0,1,1,1,0,0,0,0,0,16,0,0,5,6,3,1,0,2,5,5,0,1,0,0,0,0,0,0,0,7,1,1,0,0,0,0,0,0,0,1,KRBKRNvK,DRAW,7R/8/6r1/8/6K1/7B/8/1kn5 w - - 0 1
0,1,0,0,0,0,0,1,-1,1,0,1,1,1,0,0,0,0,0,16,0,0,7,7,1,0,1,5,5,4,0,1,0,0,0,0,0,0,0,7,1,1,0,0,0,0,0,0,0,0,KRBKRNvK,DRAW,7n/8/r7/6B1/8/8/k5RK/8 b - - 0 1
1,1,0,0,0,0,0,1,-1,1,0,1,1,1,0,0,0,0,0,16,0,0,3,0,4,3,4,3,0,4,0,1,0,0,0,0,0,0,0,7,1,1,0,0,0,0,0,4,0,1,KRBKRNvK,DRAW,3B4/8/2n5/K2k4/8/3r4/8/6R1 w - - 0 1
0,1,0,0,0,0,0,1,-1,1,0,1,1,1,0,0,0,0,0,16,0,0,4,1,4,5,5,2,2,23,24,0,0,0,0,0,0,0,0,7,1,1,0,0,0,0,3,3,2,0,KRBKRNvK,DRAW,8/8/3B1k2/1K2R3/7r/8/2n5/8 b - - 0 1
0,1,0,0,0,0,0,1,-1,1,0,1,1,1,0,0,0,0,0,16,0,0,7,0,0,7,6,6,5,4,0,1,0,0,0,0,0,0,0,7,1,1,0,0,0,0,1,0,0,0,KRBKRNvK,LOSS,1n6/7k/3B4/8/8/6r1/8/K6R b - - 0 1
1,1,0,0,0,0,0,1,-1,1,0,1,1,1,0,0,0,0,0,16,0,0,5,2,7,3,2,4,1,5,0,1,0,0,0,0,0,0,0,7,1,1,1,0,0,0,1,2,0,2,KRBKRNvK,DRAW,2K5/4R3/1Br1n3/8/8/3k4/8/8 w - - 0 1
1,1,0,0,0,0,0,1,-1,1,0,1,1,1,0,0,0,0,0,16,0,0,3,7,3,4,2,3,1,27,19,0,0,0,0,0,0,0,0,7,1,1,0,0,0,0,2,3,0,0,KRBKRNvK,DRAW,R7/1B2r3/8/8/7K/4k3/8/1n6 w - - 0 1
1,1,0,0,0,0,0,1,-1,1,0,1,1,1,0,0,0,0,0,16,0,0,2,5,5,7,6,2,5,26,18,0,0,0,0,0,0,0,0,7,1,1,0,0,0,0,3,2,0,0,KRBKRNvK,DRAW,8/7k/5K2/4R3/1r6/8/8/2B4n w - - 0 1
0,1,0,0,0,0,0,1,-1,1,0,1,1,1,0,0,0,0,0,16,0,0,3,3,0,6,1,3,4,25,13,0,0,0,0,0,0,0,0,7,1,1,0,0,0,0,0,2,1,1,KRBKRNvK,DRAW,8/8/7B/8/2r5/8/4n1k1/3KR3 b - - 0 1
0,1,0,0,0,0,0,1,-1,1,0,1,1,1,0,0,0,0,0,16,0,0,6,6,1,4,7,4,3,4,0,1,0,0,0,0,0,0,0,7,1,1,0,0,0,0,3,2,0,0,KRBKRNvK,DRAW,r3k3/8/5n2/8/8/4R3/B5K1/8 b - - 0 1
0,1,0,0,0,0,0,1,-1,1,0,1,1,1,0,0,0,0,0,16,0,0,4,5,1,7,5,3,4,21,22,0,0,0,0,0,0,0,0,7,1,1,0,0,0,0,0,2,0,0,KRBKRNvK,DRAW,6n1/8/7k/8/1r6/2R5/5K2/6B1 b - - 0 1
0,1,0,0,0,0,0,1,-1,1,0,1,1,1,0,0,0,0,0,16,0,0,5,3,5,2,0,1,4,20,27,0,0,0,0,0,0,0,0,7,1,1,0,1,0,0,2,0,0,0,KRBKRNvK,DRAW,8/n7/3K4/8/8/6RB/r7/2k5 b - - 0 1
1,1,0,0,0,0,0,1,-1,1,0,1,1,1,0,0,0,0,0,16,0,0,2,5,6,7,7,3,6,23,16,0,0,0,0,0,0,0,0,7,1,1,0,0,0,0,2,0,1,0,KRBKRNvK,WIN,1r5k/5K2/7B/8/8/8/3R4/n7 w - - 0 1
0,1,0,0,0,0,0,1,-1,1,0,1,1,1,0,0,0,0,0,16,0,0,7,0,2,7,3,4,3,23,23,0,0,0,0,0,0,0,0,7,1,1,1,1,0,0,2,0,0,1,KRBKRNvK,DRAW,8/4R3/n7/B7/7k/K7/1r6/8 b - - 0 1
1,1,0,0,0,0,0,1,-1,1,0,1,1,1,0,0,0,0,0,16,0,0,3,4,4,4,1,0,2,27,17,0,0,0,0,0,0,0,0,7,1,1,0,0,0,0,3,0,1,0,KRBKRNvK,DRAW,8/8/r7/n3K1B1/3R4/8/4k3/8 w - - 0 1
1,1,0,0,0,0,0,1,-1,1,0,1,1,1,0,0,0,0,0,16,0,0,5,7,1,4,6,5,2,5,0,1,0,0,0,0,0,0,0,7,1,1,0,1,0,0,2,1,1,0,KRBKRNvK,DRAW,8/3Bk3/8/8/3n1R2/8/3r3K/8 w - - 0 1
0,1,0,0,0,0,0,1,-1,1,0,1,1,1,0,0,0,0,0,16,0,0,5,2,1,7,0,3,6,3,0,1,0,0,0,0,0,0,0,7,1,1,0,0,0,0,1,0,0,1,KRBKRNvK,DRAW,1B5R/8/5r2/8/n7/8/2K5/7k b - - 0 1
0,1,0,0,0,0,0,1,-1,1,0,1,1,1,0,0,0,0,0,16,0,0,2,6,0,4,0,5,3,1,0,1,0,0,0,0,0,0,0,7,1,1,0,0,0,0,2,2,1,1,KRBKRNvK,DRAW,8/8/8/5r1B/8/8/4R3/4knK1 b - - 0 1
0,1,0,0,0,0,0,1,-1,1,0,1,1,1,0,0,0,0,0,16,0,0,5,7,6,7,1,5,5,21,30,0,0,0,0,0,0,0,0,7,1,1,0,0,0,0,3,2,1,1,KRBKRNvK,DRAW,8/6nK/8/R7/8/5B2/7k/4r3 b - - 0 1
0,1,0,0,0,0,0,1,-1,1,0,1,1,1,0,0,0,0,0,16,0,0,4,6,6,3,2,4,1,6,0,1,0,0,0,0,0,0,0,7,1,1,0,0,0,0,0,3,1,0,KRBKRNvK,DRAW,8/1r1B2K1/8/8/8/2nk1R2/8/8 b - - 0 1
1,1,0,0,0,0,0,1,-1,1,0,1,1,1,0,0,0,0,0,16,0,0,2,5,6,7,4,3,3,6,0,1,0,0,0,0,0,0,0,7,1,1,0,0,0,0,2,2,0,0,KRBKRNvK,DRAW,8/5K2/8/7k/5r2/R7/3n4/B7 w - - 0 1
0,1,0,0,0,0,0,1,-1,1,0,1,1,1,0,0,0,0,0,16,0,0,6,7,5,1,7,4,5,27,23,0,0,0,0,0,0,0,0,7,1,1,0,0,0,0,2,2,0,1,KRBKRNvK,DRAW,1k6/8/7K/6r1/3R4/4n3/8/1B6 b - - 0 1
0,1,0,0,0,0,0,1,-1,1,0,1,1,1,0,0,0,0,0,16,0,0,4,3,1,7,4,2,3,16,28,0,0,0,0,0,0,0,0,7,1,1,0,0,0,0,1,0,0,0,KRBKRNvK,DRAW,7r/8/8/7k/8/2R5/3K3B/7n b - - 0 1
0,1,0,0,0,0,0,1,-1,1,0,1,1,1,0,0,0,0,0,16,0,0,6,4,1,4,7,2,3,25,21,0,0,0,0,0,0,0,0,7,1,1,0,0,0,0,2,0,0,1,KRBKRNvK,WIN,4k3/8/8/8/4n3/r7/4K3/3R2B1 b - - 0 1
1,1,0,0,0,0,0,1,-1,1,0,1,1,1,0,0,0,0,0,16,0,0,5,6,2,4,7,3,3,21,18,0,0,0,0,0,0,0,0,7,1,1,0,0,0,0,1,0,2,1,KRBKRNvK,DRAW,4k3/8/3B2R1/8/8/6K1/8/2n4r w - - 0 1
1,1,0,0,0,0,0,1,-1,1,0,1,1,1,0,0,0,0,0,16,0,0,3,1,6,0,3,4,3,5,0,1,0,0,0,0,0,0,0,7,1,1,0,1,0,0,1,0,0,1,KRBKRNvK,DRAW,8/1K6/8/n7/k7/7R/1r6/6B1 w - - 0 1
0,1,0,0,0,0,0,1,-1,1,0,1,1,1,0,0,0,0,0,16,0,0,2,3,5,1,7,1,5,20,20,0,0,0,0,0,0,0,0,7,1,1,0,0,0,0,3,0,0,0,KRBKRNvK,DRAW,1k4r1/8/3K4/3R4/8/B7/1n6/8 b - - 0 1
1,1,0,0,0,0,0,1,-1,1,0,1,1,1,0,0,0,0,0,16,0,0,5,7,4,2,6,3,3,24,23,0,0,0,0,0,0,0,0,7,1,1,0,0,0,0,3,2,1,1,KRBKRNvK,DRAW,8/2k3B1/4r3/1R5K/8/7n/8/8 w - - 0 1
1,1,0,0,0,0,0,1,-1,1,0,1,1,1,0,0,0,0,0,16,0,0,4,7,4,3,1,3,2,23,28,0,0,0,0,0,0,0,0,7,1,1,0,0,0,0,2,0,1,0,KRBKRNvK,DRAW,8/8/2r5/3n3K/6R1/8/3kB3/8 w - - 0 1
0,1,0,0,0,0,0,1,-1,1,0,1,1,1,0,0,0,0,0,16,0,0,6,1,7,7,5,5,4,20,26,0,0,0,0,0,0,0,0,7,1,1,1,0,0,0,0,2,1,0,KRBKRNvK,DRAW,1K6/5R2/7k/B7/4r3/8/n7/8 b - - 0 1
1,1,0,0,0,0,0,1,-1,1,0,1,1,1,0,0,0,0,0,16,0,0,6,0,2,6,4,4,2,27,18,0,0,0,0,0,0,0,0,7,1,1,0,0,0,0,1,1,1,0,KRBKRNvK,DRAW,3r4/3n4/8/6k1/8/K6R/5B2/8 w - - 0 1
0,1,0,0,0,0,0,1,-1,1,0,1,1,1,0,0,0,0,0,16,0,0,5,2,3,7,7,1,6,23,21,0,0,0,0,0,0,0,0,7,1,1,0,0,0,0,3,3,0,0,KRBKRNvK,DRAW,B6k/3r4/8/6n1/2K5/8/2R5/8 b - - 0 1
1,1,0,0,0,0,0,1,-1,1,0,1,1,1,0,0,0,0,0,16,0,0,6,3,7,7,1,3,5,28,20,0,0,0,0,0,0,0,0,7,1,1,1,0,0,0,1,2,0,0,KRBKRNvK,DRAW,3K4/R7/8/8/2B1r3/8/6nk/8 w - - 0 1
0,1,0,0,0,0,0,1,-1,1,0,1,1,1,0,0,0,0,0,16,0,0,5,5,1,0,2,3,4,17,29,0,0,0,0,0,0,0,0,7,1,1,0,0,0,0,1,0,0,0,KRBKRNvK,DRAW,r6n/8/8/8/4B3/k7/5K1R/8 b - - 0 1
0,1,0,0,0,0,0,1,-1,1,0,1,1,1,0,0,0,0,0,16,0,0,4,2,6,4,2,3,1,5,0,1,0,0,0,0,0,0,0,7,1,1,0,0,0,0,0,3,2,1,KRBKRNvK,DRAW,1r6/2K5/8/8/5nR1/4k3/8/6B1 b - - 0 1
0,1,0,0,0,0,0,1,-1,1,0,1,1,1,0,0,0,0,0,16,0,0,6,5,1,0,7,3,6,20,21,0,0,0,0,0,0,0,0,7,1,1,0,0,0,0,2,0,0,1,KRBKRNvK,DRAW,k7/8/8/B7/R7/8/n4K2/7r b - - 0 1
0,1,0,0,0,0,0,1,-1,1,0,1,1,1,0,0,0,0,0,16,0,0,5,5,7,0,5,4,4,2,0,1,0,0,0,0,0,0,0,7,1,1,0,0,0,0,3,0,1,2,KRBKRNvK,DRAW,4nK2/8/k6r/8/R7/8/8/7B b - - 0 1
0,1,0,0,0,0,0,1,-1,1,0,1,1,1,0,0,0,0,0,16,0,0,4,6,6,5,2,4,2,6,0,1,0,0,0,0,0,0,0,7,1,1,1,0,0,0,2,2,1,0,KRBKRNvK,LOSS,8/r2R2K1/8/7B/2n5/5k2/8/8 b - - 0 1
0,1,0,0,0,0,0,1,-1,1,0,1,1,1,0,0,0,0,0,16,0,0,5,4,0,2,5,3,2,16,30,0,0,0,0,0,0,0,0,7,1,1,0,0,0,0,1,3,2,0,KRBKRNvK,DRAW,1R6/8/2k1B3/n7/r7/8/8/4K3 b - - 0 1
0,1,0,0,0,0,0,1,-1,1,0,1,1,1,0,0,0,0,0,16,0,0,3,2,4,2,7,1,4,5,0,1,0,0,0,0,0,0,0,7,1,1,0,0,0,0,2,3,0,2,KRBKRNvK,DRAW,2k5/2n5/8/2K5/r7/7B/8/6R1 b - - 0 1
0,1,0,0,0,0,0,1,-1,1,0,1,1,1,0,0,0,0,0,16,0,0,7,7,4,0,6,3,5,24,23,0,0,0,0,0,0,0,0,7,1,1,0,0,0,0,2,3,0,1,KRBKRNvK,DRAW,8/k7/5B2/7K/2n3r1/8/2R5/8 b - - 0 1
0,1,0,0,0,0,0,1,-1,1,0,1,1,1,0,0,0,0,0,16,0,0,2,0,3,2,2,3,2,3,0,1,0,0,0,0,0,0,0,7,1,1,0,1,0,0,2,2,1,0,KRBKRNvK,DRAW,8/8/5B2/8/K3R3/2k5/4r3/1n6 b - - 0 1
0,1,0,0,0,0,0,1,-1,1,0,1,1,1,0,0,0,0,0,16,0,0,5,7,6,2,3,5,1,6,0,1,0,0,0,0,0,0,0,7,1,1,0,0,0,0,0,3,1,0,KRBKRNvK,DRAW,8/7K/1n6/8/2k2r2/8/4B3/6R1 b - - 0 1
1,1,0,0,0,0,0,1,-1,1,0,1,1,1,0,0,0,0,0,16,0,0,4,2,6,6,3,3,2,7,0,1,0,0,0,0,0,0,0,7,1,1,0,1,0,0,0,1,1,1,KRBKRNvK,LOSS,8/2K5/8/1n6/6kB/8/7r/7R w - - 0 1
1,1,0,0,0,0,0,1,-1,1,0,1,1,1,0,0,0,0,0,16,0,0,2,2,1,4,3,3,0,5,0,1,0,0,0,0,0,0,0,7,1,1,0,0,0,0,0,3,2,1,KRBKRNvK,DRAW,8/8/2R5/6B1/4k3/5r2/2K5/n7 w - - 0 1
1,1,0,0,0,0,0,1,-1,1,0,1,1,1,0,0,0,0,0,16,0,0,6,5,1,5,7,3,4,4,0,1,0,0,0,0,0,0,0,7,1,1,0,0,0,0,0,0,0,1,KRBKRNvK,DRAW,5k2/8/5r2/8/8/6R1/5K1B/3n4 w - - 0 1
1,1,0,0,0,0,0,1,-1,1,0,1,1,1,0,0,0,0,0,16,0,0,2,2,2,4,3,2,0,4,0,1,0,0,0,0,0,0,0,7,1,1,0,0,0,0,1,3,0,0,KRBKRNvK,DRAW,8/8/1nr5/8/4k3/R1K5/8/2B5 w - - 0 1
1,1,0,0,0,0,0,1,-1,1,0,1,1,1,0,0,0,0,0,16,0,0,5,7,0,3,5,6,1,2,0,1,0,0,0,0,0,0,0,7,1,1,0,0,0,0,1,2,1,0,KRBKRNvK,DRAW,2Rn4/B7/3k3r/8/8/8/8/7K w - - 0 1
0,1,0,0,0,0,0,1,-1,1,0,1,1,1,0,0,0,0,0,16,0,0,6,2,7,6,1,4,4,25,21,0,0,0,0,0,0,0,0,7,1,1,1,0,0,0,1,3,0,1,KRBKRNvK,DRAW,2K5/5R2/3r2n1/5B2/8/8/6k1/8 b - - 0 1
0,1,0,0,0,0,0,1,-1,1,0,1,1,1,0,0,0,0,0,16,0,0,5,0,4,5,0,3,4,6,0,1,0,0,0,0,0,0,0,7,1,1,1,0,0,0,0,2,0,1,KRBKRNvK,DRAW,8/5R2/8/K7/B1r5/8/7n/5k2 b - - 0 1
1,1,0,0,0,0,0,1,-1,1,0,1,1,1,0,0,0,0,0,16,0,0,5,6,6,7,1,4,5,15,23,0,0,0,0,0,0,0,0,7,1,1,1,0,0,0,0,2,1,1,KRBKRNvK,WIN,4r3/6KR/8/8/8/7B/3n3k/8 w - - 0 1
0,1,0,0,0,0,0,1,-1,1,0,1,1,1,0,0,0,0,0,16,0,0,4,1,5,5,4,3,1,29,14,0,0,0,0,0,0,0,0,7,1,1,0,0,0,0,2,3,1,1,KRBKRNvK,DRAW,1B6/r7/1K1Rn3/5k2/8/8/8/8 b - - 0 1
0,1,0,0,0,0,0,1,-1,1,0,1,1,1,0,0,0,0,0,16,0,0,3,0,7,1,4,6,2,22,23,0,0,0,0,0,0,0,0,7,1,1,0,0,0,0,2,2,0,0,KRBKRNvK,DRAW,K7/8/7B/nkr5/8/8/4R3/8 b - - 0 1
0,1,0,0,0,0,0,1,-1,1,0,1,1,1,0,0,0,0,0,16,0,0,2,2,7,2,5,4,2,4,0,1,0,0,0,0,0,0,0,7,1,1,0,0,0,0,0,3,0,0,KRBKRNvK,DRAW,2K5/8/2k5/8/r7/B7/2R5/5n2 b - - 0 1
1,1,0,0,0,0,0,1,-1,1,0,1,1,1,0,0,0,0,0,16,0,0,5,2,2,7,1,2,5,19,21,0,0,0,0,0,0,0,0,7,1,1,0,0,0,0,1,1,0,0,KRBKRNvK,DRAW,8/8/6r1/B7/8/1RK3n1/7k/8 w - - 0 1
1,1,0,0,0,0,0,1,-1,1,0,1,1,1,0,0,0,0,0,16,0,0,5,2,2,7,2,2,4,23,24,0,0,0,0,0,0,0,0,7,1,1,0,0,0,0,3,1,1,0,KRBKRNvK,DRAW,8/5n2/r7/2R5/8/2K4k/8/6B1 w - - 0 1
0,1,0,0,0,0,0,1,-1,1,0,1,1,1,0,0,0,0,0,16,0,0,4,6,1,2,0,4,4,21,24,0,0,0,0,0,0,0,0,7,1,1,0,0,0,0,2,0,0,0,KRBKRNvK,DRAW,B7/7n/5r2/4R3/8/8/6K1/2k5 b - - 0 1
0,1,0,0,0,0,0,1,-1,1,0,1,1,1,0,0,0,0,0,16,0,0,7,0,3,7,0,3,6,19,30,0,0,0,0,0,0,0,0,7,1,1,0,1,0,0,1,2,1,0,KRBKRNvK,DRAW,5n2/8/8/2B5/K7/6R1/4r3/7k b - - 0 1
0,1,0,0,0,0,0,1,-1,1,0,1,1,1,0,0,0,0,0,16,0,0,4,1,6,5,2,4,2,21,25,0,0,0,0,0,0,0,0,7,1,1,0,0,0,0,0,1,1,1,KRBKRNvK,DRAW,n7/1K6/7r/8/B7/5k2/8/6R1 b - - 0 1
1,1,0,0,0,0,0,1,-1,1,0,1,1,1,0,0,0,0,0,16,0,0,2,1,6,3,4,4,0,28,24,0,0,0,0,0,0,0,0,7,1,1,0,0,0,0,1,3,1,0,KRBKRNvK,DRAW,2R5/1K6/1B5r/3k1n2/8/8/8/8 w - - 0 1
0,1,0,0,0,0,0,1,-1,1,0,1,1,1,0,0,0,0,0,16,0,0,6,0,0,3,6,6,2,4,0,1,0,0,0,0,0,0,0,7,1,1,0,1,0,0,0,2,1,0,KRBKRNvK,DRAW,5R2/3k4/8/8/B1n5/8/4r3/K7 b - - 0 1
0,1,0,0,0,0,0,1,-1,1,0,1,1,1,0,0,0,0,0,16,0,0,3,3,1,6,4,2,2,26,16,0,0,0,0,0,0,0,0,7,1,1,0,0,0,0,0,0,0,0,KRBKRNvK,DRAW,5n2/1B6/2r5/6k1/8/8/1R1K4/8 b - - 0 1
0,1,0,0,0,0,0,1,-1,1,0,1,1,1,0,0,0,0,0,16,0,0,6,6,1,0,1,4,5,4,0,1,0,0,0,0,0,0,0,7,1,1,0,0,0,0,2,1,0,0,KRBKRNvK,DRAW,8/8/7B/8/8/r2n4/k3R1K1/8 b - - 0 1
0,1,0,0,0,0,0,1,-1,1,0,1,1,1,0,0,0,0,0,16,0,0,7,2,7,1,0,4,5,4,0,1,0,0,0,0,0,0,0,7,1,1,0,0,0,0,3,0,0,2,KRBKRNvK,LOSS,2Kn4/1B6/r7/1R6/8/8/8/1k6 b - - 0 1
0,1,0,0,0,0,0,1,-1,1,0,1,1,1,0,0,0,0,0,16,0,0,2,6,0,7,2,5,4,3,0,1,0,0,0,0,0,0,0,7,1,1,1,0,0,0,0,3,0,0,KRBKRNvK,DRAW,5B2/7R/8/2n5/4r3/7k/8/6K1 b - - 0 1
1,1,0,0,0,0,0,1,-1,1,0,1,1,1,0,0,0,0,0,16,0,0,2,1,7,0,5,5,4,24,17,0,0,0,0,0,0,0,0,7,1,1,0,0,0,0,2,2,0,0,KRBKRNvK,DRAW,1K6/3B4/k7/8/7r/3R4/8/7n w - - 0 1
0,1,0,0,0,0,0,1,-1,1,0,1,1,1,0,0,0,0,0,16,0,0,2,5,4,4,6,1,2,17,24,0,0,0,0,0,0,0,0,7,1,1,0,0,0,0,3,1,1,1,KRBKRNvK,DRAW,4r3/4k3/8/3R1K2/8/3nB3/8/8 b - - 0 1
1,1,0,0,0,0,0,1,-1,1,0,1,1,1,0,0,0,0,0,16,0,0,4,4,3,0,4,0,3,26,21,0,0,0,0,0,0,0,0,7,1,1,0,0,0,0,4,0,1,1,KRBKRNvK,DRAW,2n5/8/2B5/k7/4K3/6r1/5R2/8 w - - 0 1
1,1,0,0,0,0,0,1,-1,1,0,1,1,1,0,0,0,0,0,16,0,0,5,1,0,3,5,5,1,4,0,1,0,0,0,0,0,0,0,7,1,1,0,0,0,0,1,3,1,0,KRBKRNvK,DRAW,8/8/3k4/n7/4B3/2R5/8/1K2r3 w - - 0 1
1,1,0,0,0,0,0,1,-1,1,0,1,1,1,0,0,0,0,0,16,0,0,2,1,7,2,5,5,2,3,0,1,0,0,0,0,0,0,0,7,1,1,0,0,0,0,2,2,1,1,KRBKRNvK,DRAW,1K6/3n4/2k5/8/1R5B/7r/8/8 w - - 0 1
1,1,0,0,0,0,0,1,-1,1,0,1,1,1,0,0,0,0,0,16,0,0,2,2,7,4,6,4,2,25,23,0,0,0,0,0,0,0,0,7,1,1,0,0,0,0,0,2,0,0,KRBKRNvK,DRAW,2K5/4k3/8/4n3/3r2B1/8/5R2/8 w - - 0 1
1,1,0,0,0,0,0,1,-1,1,0,1,1,1,0,0,0,0,0,16,0,0,2,1,6,2,4,4,1,23,17,0,0,0,0,0,0,0,0,7,1,1,0,0,0,0,2,3,1,1,KRBKRNvK,DRAW,8/1K1n4/8/2k5/8/1R3B2/8/5r2 w - - 0 1
0,1,0,0,0,0,0,1,-1,1,0,1,1,1,0,0,0,0,0,16,0,0,6,5,0,0,6,4,5,27,23,0,0,0,0,0,0,0,0,7,1,1,0,0,0,0,0,1,0,0,KRBKRNvK,DRAW,2r5/k7/8/5nB1/8/8/5R2/5K2 b - - 0 1
1,1,0,0,0,0,0,1,-1,1,0,1,1,1,0,0,0,0,0,16,0,0,6,1,3,7,5,2,4,23,24,0,0,0,0,0,0,0,0,7,1,1,0,0,0,0,2,2,1,1,KRBKRNvK,DRAW,4r3/8/3n1B1k/8/RK6/8/8/8 w - - 0 1
0,1,0,0,0,0,0,1,-1,1,0,1,1,1,0,0,0,0,0,16,0,0,4,4,4,6,0,0,5,3,0,1,0,0,0,0,0,0,0,7,1,1,0,0,0,0,4,2,1,0,KRBKRNvK,DRAW,6n1/8/8/4KR2/1r6/4B3/8/6k1 b - - 0 1
1,1,0,0,0,0,0,1,-1,1,0,1,1,1,0,0,0,0,0,16,0,0,4,0,7,4,5,6,1,24,19,0,0,0,0,0,0,0,0,7,1,1,0,0,0,0,2,2,2,1,KRBKRNvK,DRAW,K5n1/4B3/1r2k3/8/2R5/8/8/8 w - - 0 1
0,1,0,0,0,0,0,1,-1,1,0,1,1,1,0,0,0,0,0,16,0,0,5,5,7,1,2,4,3,26,22,0,0,0,0,0,0,0,0,7,1,1,0,0,0,0,2,1,0,1,KRBKRNvK,DRAW,5K2/2B1n3/3R4/8/8/1k5r/8/8 b - - 0 1
1,1,0,0,0,0,0,1,-1,1,0,1,1,1,0,0,0,0,0,16,0,0,4,1,6,0,2,4,4,5,0,1,0,0,0,0,0,0,0,7,1,1,0,1,0,0,0,0,0,0,KRBKRNvK,DRAW,B4n2/1K6/8/8/8/k7/1r6/5R2 w - - 0 1
1,1,0,0,0,0,0,1,-1,1,0,1,1,1,0,0,0,0,0,16,0,0,4,0,1,4,5,5,1,21,23,0,0,0,0,0,0,0,0,7,1,1,1,0,0,0,0,3,2,1,KRBKRNvK,DRAW,8/4B1R1/2n1k3/8/8/8/K7/2r5 w - - 0 1
1,1,0,0,0,0,0,1,-1,1,0,1,1,1,0,0,0,0,0,16,0,0,2,2,3,4,2,1,1,5,0,1,0,0,0,0,0,0,0,7,1,1,1,0,0,0,3,3,0,0,KRBKRNvK,DRAW,8/5R2/5n2/8/2K2r2/4k3/8/7B w - - 0 1
1,1,0,0,0,0,0,1,-1,1,0,1,1,1,0,0,0,0,0,16,0,0,7,0,0,7,0,6,6,21,22,0,0,0,0,0,0,0,0,7,1,1,0,0,0,0,2,3,0,0,KRBKRNvK,WIN,8/8/8/8/4rn2/3R4/2B5/K6k w - - 0 1
1,1,0,0,0,0,0,1,-1,1,0,1,1,1,0,0,0,0,0,16,0,0,2,4,4,2,4,0,1,27,18,0,0,0,0,0,0,0,0,7,1,1,0,0,0,0,3,2,1,0,KRBKRNvK,DRAW,8/8/nr6/2kBK3/8/5R2/8/8 w - - 0 1
0,1,0,0,0,0,0,1,-1,1,0,1,1,1,0,0,0,0,0,16,0,0,4,4,5,7,1,1,5,18,22,0,0,0,0,0,0,0,0,7,1,1,0,0,0,0,2,2,1,1,KRBKRNvK,DRAW,n7/8/4K3/8/5r2/2R4B/7k/8 b - - 0 1
0,1,0,0,0,0,0,1,-1,1,0,1,1,1,0,0,0,0,0,16,0,0,3,4,6,7,6,2,5,20,29,0,0,0,0,0,0,0,0,7,1,1,0,0,0,0,3,2,0,1,KRBKRNvK,DRAW,8/4K2k/8/2r5/6R1/5B2/6n1/8 b - - 0 1
1,1,0,0,0,0,0,1,-1,1,0,1,1,1,0,0,0,0,0,16,0,0,4,4,4,2,0,0,4,28,18,0,0,0,0,0,0,0,0,7,1,1,0,0,0,0,3,0,1,1,KRBKRNvK,DRAW,3B4/8/8/4K3/8/6r1/3R4/1nk5 w - - 0 1
0,1,0,0,0,0,0,1,-1,1,0,1,1,1,0,0,0,0,0,16,0,0,2,5,3,6,5,1,3,26,21,0,0,0,0,0,0,0,0,7,1,1,0,0,0,0,2,1,0,1,KRBKRNvK,DRAW,8/1r6/6k1/8/5K2/2R3n1/8/4B3 b - - 0 1
1,1,0,0,0,0,0,1,-1,1,0,1,1,1,0,0,0,0,0,16,0,0,5,2,7,6,2,4,3,21,22,0,0,0,0,0,0,0,0,7,1,1,1,0,0,0,0,2,1,0,KRBKRNvK,DRAW,2K4n/2R5/8/1r6/8/6kB/8/8 w - - 0 1
0,1,0,0,0,0,0,1,-1,1,0,1,1,1,0,0,0,0,0,16,0,0,3,0,7,3,4,6,0,16,24,0,0,0,0,0,0,0,0,7,1,1,0,0,0,0,2,4,1,0,KRBKRNvK,DRAW,K7/8/1R6/3k4/8/n2r4/8/B7 b - - 0 1
1,1,0,0,0,0,0,1,-1,1,0,1,1,1,0,0,0,0,0,16,0,0,6,1,3,7,6,2,5,29,20,0,0,0,0,0,0,0,0,7,1,1,0,0,0,0,3,0,0,0,KRBKRNvK,DRAW,5n2/7k/8/8/1K6/3R4/8/B5r1 w - - 0 1
0,1,0,0,0,0,0,1,-1,1,0,1,1,1,0,0,0,0,0,16,0,0,3,5,4,2,7,1,4,21,28,0,0,0,0,0,0,0,0,7,1,1,0,0,0,0,2,0,0,0,KRBKRNvK,DRAW,2k5/8/1r6/5K2/8/7R/4B3/1n6 b - - 0 1
1,1,0,0,0,0,0,1,-1,1,0,1,1,1,0,0,0,0,0,16,0,0,2,7,5,5,5,4,2,29,16,0,0,0,0,0,0,0,0,7,1,1,1,1,0,0,2,2,2,0,KRBKRNvK,DRAW,8/3R4/n4k1K/8/4B3/8/4r3/8 w - - 0 1
0,1,0,0,0,0,0,1,-1,1,0,1,1,1,0,0,0,0,0,16,0,0,4,2,2,0,6,2,5,21,25,0,0,0,0,0,0,0,0,7,1,1,0,0,0,0,2,2,0,1,KRBKRNvK,DRAW,8/k7/8/r7/8/1BK4n/8/7R b - - 0 1
1,1,0,0,0,0,0,1,-1,1,0,1,1,1,0,0,0,0,0,16,0,0,3,1,5,4,4,3,0,27,26,0,0,0,0,0,0,0,0,7,1,1,1,0,0,0,0,4,0,1,KRBKRNvK,DRAW,2r5/R7/1K4n1/4k3/1B6/8/8/8 w - - 0 1
1,1,0,0,0,0,0,1,-1,1,0,1,1,1,0,0,0,0,0,16,0,0,7,7,4,0,5,3,4,24,13,0,0,0,0,0,0,0,0,7,1,1,0,0,0,0,2,0,2,0,KRBKRNvK,DRAW,7n/r7/k7/7K/B1R5/8/8/8 w - - 0 1
0,1,0,0,0,0,0,1,-1,1,0,1,1,1,0,0,0,0,0,16,0,0,3,4,4,5,1,0,3,18,28,0,0,0,0,0,0,0,0,7,1,1,0,1,0,0,3,0,0,0,KRBKRNvK,DRAW,8/8/2R5/4K3/7n/8/5kr1/1B6 b - - 0 1
1,1,0,0,0,0,0,1,-1,1,0,1,1,1,0,0,0,0,0,16,0,0,4,2,6,6,7,3,5,24,21,0,0,0,0,0,0,0,0,7,1,1,0,0,0,0,0,2,0,0,KRBKRNvK,DRAW,6k1/2K5/8/7B/n4r2/8/8/7R w - - 0 1
0,1,0,0,0,0,0,1,-1,1,0,1,1,1,0,0,0,0,0,16,0,0,2,6,4,4,6,2,2,21,22,0,0,0,0,0,0,0,0,7,1,1,0,0,0,0,0,1,1,0,KRBKRNvK,DRAW,8/1r2k3/2Rn4/6KB/8/8/8/8 b - - 0 1
1,1,0,0,0,0,0,1,-1,1,0,1,1,1,0,0,0,0,0,16,0,0,5,7,2,3,7,4,3,26,25,0,0,0,0,0,0,0,0,7,1,1,0,0,0,0,3,1,0,0,KRBKRNvK,DRAW,3k4/8/r7/1n6/5R2/7K/8/B7 w - - 0 1
0,1,0,0,0,0,0,1,-1,1,0,1,1,1,0,0,0,0,0,16,0,0,4,3,4,0,0,0,6,21,18,0,0,0,0,0,0,0,0,7,1,1,0,0,0,0,4,1,1,0,KRBKRNvK,DRAW,8/8/r7/3K4/8/1B6/5n1R/k7 b - - 0 1
1,1,0,0,0,0,0,1,-1,1,0,1,1,1,0,0,0,0,0,16,0,0,3,0,3,1,0,3,5,26,22,0,0,0,0,0,0,0,0,7,1,1,0,0,0,0,2,1,1,1,KRBKRNvK,DRAW,8/8/B1r5/6n1/K7/8/3R4/1k6 w - - 0 1
1,1,0,0,0,0,0,1,-1,1,0,1,1,1,0,0,0,0,0,16,0,0,3,4,6,1,7,2,5,5,0,1,0,0,0,0,0,0,0,7,1,1,0,0,0,0,2,1,0,0,KRBKRNvK,DRAW,1k3B2/r3K3/8/3R4/5n2/8/8/8 w - - 0 1
1,1,0,0,0,0,0,1,-1,1,0,1,1,1,0,0,0,0,0,16,0,0,2,0,5,2,4,4,1,19,17,0,0,0,0,0,0,0,0,7,1,1,0,0,0,0,1,2,0,0,KRBKRNvK,WIN,6r1/6n1/K7/2k5/8/8/2B5/2R5 w - - 0 1
0,1,0,0,0,0,0,1,-1,1,0,1,1,1,0,0,0,0,0,16,0,0,5,6,4,1,0,2,5,25,26,0,0,0,0,0,0,0,0,7,1,1,1,0,0,0,2,3,0,1,KRBKRNvK,DRAW,B7/7R/4r3/1n4K1/8/8/8/1k6 b - - 0 1
1,1,0,0,0,0,0,1,-1,1,0,1,1,1,0,0,0,0,0,16,0,0,7,1,0,6,7,5,5,24,20,0,0,0,0,0,0,0,0,7,1,1,0,0,0,0,0,1,0,0,KRBKRNvK,DRAW,6k1/r7/8/8/B5n1/8/8/1K3R2 w - - 0 1
0,1,0,0,0,0,0,1,-1,1,0,1,1,1,0,0,0,0,0,16,0,0,6,7,3,1,4,3,2,25,24,0,0,0,0,0,0,0,0,7,1,1,0,0,0,0,0,2,0,0,KRBKRNvK,DRAW,3n4/8/8/1k6/7K/5R1B/8/3r4 b - - 0 1
0,1,0,0,0,0,0,1,-1,1,0,1,1,1,0,0,0,0,0,16,0,0,4,0,7,2,3,6,1,6,0,1,0,0,0,0,0,0,0,7,1,1,0,1,0,0,0,4,1,0,KRBKRNvK,LOSS,K7/8/B7/8/2k5/6n1/4r1R1/8 b - - 0 1
1,1,0,0,0,0,0,1,-1,1,0,1,1,1,0,0,0,0,0,16,0,0,2,7,3,5,2,3,2,20,26,0,0,0,0,0,0,0,0,7,1,1,1,0,0,0,0,3,0,0,KRBKRNvK,DRAW,3B4/2R5/4r3/8/1n5K/5k2/8/8 w - - 0 1
0,1,0,0,0,0,0,1,-1,1,0,1,1,1,0,0,0,0,0,16,0,0,5,2,4,7,5,1,4,22,20,0,0,0,0,0,0,0,0,7,1,1,0,0,0,0,3,2,0,1,KRBKRNvK,DRAW,8/B7/7k/2K5/1R6/3r4/8/4n3 b - - 0 1
1,1,0,0,0,0,0,1,-1,1,0,1,1,1,0,0,0,0,0,16,0,0,2,6,4,5,2,2,2,6,0,1,0,0,0,0,0,0,0,7,1,1,0,0,0,0,2,1,0,0,KRBKRNvK,DRAW,1B6/8/8/R5K1/8/5k2/8/n5r1 w - - 0 1
0,1,0,0,0,0,0,1,-1,1,0,1,1,1,0,0,0,0,0,16,0,0,3,3,7,6,6,3,4,6,0,1,0,0,0,0,0,0,0,7,1,1,1,0,0,0,3,2,1,0,KRBKRNvK,DRAW,3K4/4R1k1/8/8/2r5/1n6/5B2/8 b - - 0 1
0,1,0,0,0,0,0,1,-1,1,0,1,1,1,0,0,0,0,0,16,0,0,6,4,6,0,0,2,6,22,28,0,0,0,0,0,0,0,0,7,1,1,0,0,0,0,3,1,0,1,KRBKRNvK,DRAW,8/4K3/8/2n5/2B2R2/8/8/kr6 b - - 0 1
1,1,0,0,0,0,0,1,-1,1,0,1,1,1,0,0,0,0,0,16,0,0,4,5,6,4,2,3,1,22,23,0,0,0,0,0,0,0,0,7,1,1,1,1,0,0,0,3,0,0,KRBKRNvK,DRAW,5B2/5K1R/8/8/8/4k3/3r4/5n2 w - - 0 1
0,1,0,0,0,0,0,1,-1,1,0,1,1,1,0,0,0,0,0,16,0,0,7,0,5,7,2,4,4,22,23,0,0,0,0,0,0,0,0,7,1,1,0,1,0,0,0,0,1,0,KRBKRNvK,DRAW,1R1n4/8/K7/6B1/8/7k/5r2/8 b - - 0 1
0,1,0,0,0,0,0,1,-1,1,0,1,1,1,0,0,0,0,0,16,0,0,4,5,7,2,3,4,1,23,20,0,0,0,0,0,0,0,0,7,1,1,0,0,0,0,2,2,0,0,KRBKRNvK,DRAW,5K2/nr6/8/8/2k5/5B2/5R2/8 b - - 0 1
1,1,0,0,0,0,0,1,-1,1,0,1,1,1,0,0,0,0,0,16,0,0,4,1,5,5,2,3,2,6,0,1,0,0,0,0,0,0,0,7,1,1,0,0,0,0,0,2,0,1,KRBKRNvK,DRAW,R7/8/1K5B/8/1r6/5k2/8/5n2 w - - 0 1
0,1,0,0,0,0,0,1,-1,1,0,1,1,1,0,0,0,0,0,16,0,0,4,6,2,2,3,3,1,6,0,1,0,0,0,0,0,0,0,7,1,1,0,0,0,0,1,2,1,0,KRBKRNvK,DRAW,3n4/8/8/8/2k5/3B1RK1/8/r7 b - - 0 1
0,1,0,0,0,0,0,1,-1,1,0,1,1,1,0,0,0,0,0,16,0,0,3,4,0,4,3,3,0,22,25,0,0,0,0,0,0,0,0,7,1,1,0,0,0,0,0,3,1,0,KRBKRNvK,DRAW,1r6/8/1n6/8/4k2B/8/2R5/4K3 b - - 0 1
1,1,0,0,0,0,0,1,-1,1,0,1,1,1,0,0,0,0,0,16,0,0,3,4,4,1,7,0,5,15,18,0,0,0,0,0,0,0,0,7,1,1,0,0,0,0,3,1,1,1,KRBKRNvK,DRAW,1k6/8/2R5/1rB1K3/8/4n3/8/8 w - - 0 1
0,1,0,0,0,0,0,1,-1,1,0,1,1,1,0,0,0,0,0,16,0,0,3,5,1,3,4,3,0,20,25,0,0,0,0,0,0,0,0,7,1,1,0,0,0,0,0,3,1,0,KRBKRNvK,DRAW,n4B2/6r1/8/3k4/8/2R5/5K2/8 b - - 0 1
1,1,0,0,0,0,0,1,-1,1,0,1,1,1,0,0,0,0,0,16,0,0,3,2,4,5,2,1,2,3,0,1,0,0,0,0,0,0,0,7,1,1,0,0,0,0,2,3,0,2,KRBKRNvK,DRAW,R7/B7/8/2K5/3r4/1n3k2/8/8 w - - 0 1
0,1,0,0,0,0,0,1,-1,1,0,1,1,1,0,0,0,0,0,16,0,0,6,1,5,7,3,3,3,22,21,0,0,0,0,0,0,0,0,7,1,1,0,0,0,0,2,1,0,0,KRBKRNvK,DRAW,B7/8/1K6/8/7k/1R1n4/8/7r b - - 0 1
0,1,0,0,0,0,0,1,-1,1,0,1,1,1,0,0,0,0,0,16,0,0,3,1,1,4,2,4,1,17,25,0,0,0,0,0,0,0,0,7,1,1,0,0,0,0,2,2,1,0,KRBKRNvK,DRAW,4n3/3B4/8/5R2/8/4k3/1K6/4r3 b - - 0 1
1,1,0,0,0,0,0,1,-1,1,0,1,1,1,0,0,0,0,0,16,0,0,4,2,6,0,2,3,4,27,18,0,0,0,0,0,0,0,0,7,1,1,0,0,0,0,0,1,1,0,KRBKRNvK,DRAW,8/2K5/6n1/B7/8/k5r1/5R2/8 w - - 0 1
0,1,0,0,0,0,0,1,-1,1,0,1,1,1,0,0,0,0,0,16,0,0,4,3,0,7,3,3,3,19,25,0,0,0,0,0,0,0,0,7,1,1,0,0,0,0,0,2,0,1,KRBKRNvK,DRAW,6R1/8/B7/8/1r5k/8/8/3Kn3 b - - 0 1
1,1,0,0,0,0,0,1,-1,1,0,1,1,1,0,0,0,0,0,16,0,0,5,6,6,1,7,4,5,32,19,0,0,0,0,0,0,0,0,7,1,1,0,0,0,0,1,2,0,0,KRBKRNvK,DRAW,1k1r4/6K1/8/8/4B3/8/7R/5n2 w - - 0 1
0,1,0,0,0,0,0,1,-1,1,0,1,1,1,0,0,0,0,0,16,0,0,2,1,0,0,2,5,4,14,23,0,0,0,0,0,0,0,0,7,1,1,0,1,0,0,2,0,0,1,KRBKRNvK,DRAW,8/5Bn1/8/6R1/8/k7/r7/1K6 b - - 0 1
0,1,0,0,0,0,0,1,-1,1,0,1,1,1,0,0,0,0,0,16,0,0,2,0,5,2,3,4,1,18,22,0,0,0,0,0,0,0,0,7,1,1,0,0,0,0,2,2,0,2,KRBKRNvK,DRAW,2r5/6B1/K7/n7/2k5/8/8/R7 b - - 0 1
1,1,0,0,0,0,0,1,-1,1,0,1,1,1,0,0,0,0,0,16,0,0,6,7,6,6,0,5,5,22,19,0,0,0,0,0,0,0,0,7,1,1,0,0,0,0,2,3,2,1,KRBKRNvK,DRAW,8/7K/8/1n4r1/8/7R/6B1/6k1 w - - 0 1
1,1,0,0,0,0,0,1,-1,1,0,1,1,1,0,0,0,0,0,16,0,0,5,6,2,3,7,3,3,17,25,0,0,0,0,0,0,0,0,7,1,1,0,1,0,0,0,1,0,1,KRBKRNvK,DRAW,3k4/8/8/6n1/8/6K1/2r5/4B2R w - - 0 1
1,1,0,0,0,0,0,1,-1,1,0,1,1,1,0,0,0,0,0,16,0,0,4,6,5,6,1,3,4,28,20,0,0,0,0,0,0,0,0,7,1,1,0,0,0,0,0,0,1,0,KRBKRNvK,DRAW,5B2/8/6K1/8/8/1r6/6kn/5R2 w - - 0 1
0,1,0,0,0,0,0,1,-1,1,0,1,1,1,0,0,0,0,0,16,0,0,6,6,2,0,2,3,4,19,26,0,0,0,0,0,0,0,0,7,1,1,1,0,0,0,2,0,0,1,KRBKRNvK,DRAW,8/3R4/r7/8/6B1/k5K1/8/6n1 b - - 0 1
0,1,0,0,0,0,0,1,-1,1,0,1,1,1,0,0,0,0,0,16,0,0,5,2,5,7,4,2,3,27,20,0,0,0,0,0,0,0,0,7,1,1,1,0,0,0,1,3,0,1,KRBKRNvK,DRAW,4r3/2R5/2K5/7k/1B6/2n5/8/8 b - - 0 1
0,1,0,0,0,0,0,1,-1,1,0,1,1,1,0,0,0,0,0,16,0,0,7,6,0,6,7,5,5,2,0,1,0,0,0,0,0,0,0,7,1,1,0,0,0,0,2,0,1,0,KRBKRNvK,DRAW,4R1k1/8/r7/7B/8/8/8/3n2K1 b - - 0 1
0,1,0,0,0,0,0,1,-1,1,0,1,1,1,0,0,0,0,0,16,0,0,3,5,7,5,4,4,1,4,0,1,0,0,0,0,0,0,0,7,1,1,0,0,0,0,2,2,1,0,KRBKRNvK,DRAW,5K2/8/8/2R2kr1/8/7B/6n1/8 b - - 0 1
0,1,0,0,0,0,0,1,-1,1,0,1,1,1,0,0,0,0,0,16,0,0,3,1,1,3,4,4,0,25,27,0,0,0,0,0,0,0,0,7,1,1,0,0,0,0,0,3,0,1,KRBKRNvK,DRAW,7R/8/8/3k4/6B1/2r3n1/1K6/8 b - - 0 1
0,1,0,0,0,0,0,1,-1,1,0,1,1,1,0,0,0,0,0,16,0,0,2,1,1,3,1,4,2,21,26,0,0,0,0,0,0,0,0,7,1,1,0,0,0,0,3,2,0,0,KRBKRNvK,DRAW,8/3r4/1n6/2B2R2/8/8/1K1k4/8 b - - 0 1
1,1,0,0,0,0,0,1,-1,1,0,1,1,1,0,0,0,0,0,16,0,0,3,6,5,6,2,3,3,28,22,0,0,0,0,0,0,0,0,7,1,1,0,0,0,0,2,3,1,2,KRBKRNvK,DRAW,8/8/6K1/4r3/6n1/4B1k1/8/3R4 w - - 0 1
0,1,0,0,0,0,0,1,-1,1,0,1,1,1,0,0,0,0,0,16,0,0,3,3,6,6,4,2,2,25,27,0,0,0,0,0,0,0,0,7,1,1,0,0,0,0,0,1,0,1,KRBKRNvK,DRAW,8/3K4/r7/1n4k1/1B6/8/8/5R2 b - - 0 1
0,1,0,0,0,0,0,1,-1,1,0,1,1,1,0,0,0,0,0,16,0,0,4,1,5,0,1,3,5,20,23,0,0,0,0,0,0,0,0,7,1,1,0,0,0,0,2,0,0,0,KRBKRNvK,DRAW,4Bn2/5r2/1K6/8/8/4R3/k7/8 b - - 0 1
0,1,0,0,0,0,0,1,-1,1,0,1,1,1,0,0,0,0,0,16,0,0,3,3,3,1,0,0,5,4,0,1,0,0,0,0,0,0,0,7,1,1,0,0,0,0,3,2,1,1,KRBKRNvK,DRAW,r7/4B3/5n2/8/3K4/1R6/8/1k6 b - - 0 1
0,1,0,0,0,0,0,1,-1,1,0,1,1,1,0,0,0,0,0,16,0,0,5,2,0,5,5,4,2,22,22,0,0,0,0,0,0,0,0,7,1,1,1,0,0,0,0,3,1,0,KRBKRNvK,DRAW,3r4/7R/5k2/7n/8/8/4B3/2K5 b - - 0 1
0,1,0,0,0,0,0,1,-1,1,0,1,1,1,0,0,0,0,0,16,0,0,6,6,0,3,6,5,2,22,9,0,0,0,0,0,0,0,0,7,1,1,0,0,0,0,1,0,0,0,KRBKRNvK,DRAW,5n2/3k4/2r5/8/8/8/7B/6KR b - - 0 1
0,1,0,0,0,0,0,1,-1,1,0,1,1,1,0,0,0,0,0,16,0,0,4,1,6,5,3,4,1,21,27,0,0,0,0,0,0,0,0,7,1,1,0,0,0,0,2,2,1,1,KRBKRNvK,DRAW,3R4/1K6/r7/8/5k2/8/4B3/n7 b - - 0 1
0,1,0,0,0,0,0,1,-1,1,0,1,1,1,0,0,0,0,0,16,0,0,3,4,3,5,6,0,3,28,20,0,0,0,0,0,0,0,0,7,1,1,0,1,0,0,4,1,0,1,KRBKRNvK,DRAW,8/5k2/1n6/B7/4K3/8/2r5/4R3 b - - 0 1
0,1,0,0,0,0,0,1,-1,1,0,1,1,1,0,0,0,0,0,16,0,0,7,0,6,7,5,5,4,6,0,1,0,0,0,0,0,0,0,7,1,1,0,1,0,0,1,0,0,0,KRBKRNvK,DRAW,4n3/K7/2R4k/8/8/8/5r2/1B6 b - - 0 1
1,1,0,0,0,0,0,1,-1,1,0,1,1,1,0,0,0,0,0,16,0,0,5,7,6,7,1,5,5,26,25,0,0,0,0,0,0,0,0,7,1,1,1,0,0,0,1,1,0,0,KRBKRNvK,DRAW,8/5R1K/8/8/1n6/r7/2B4k/8 w - - 0 1
1,1,0,0,0,0,0,1,-1,1,0,1,1,1,0,0,0,0,0,16,0,0,2,5,6,7,7,3,6,25,18,0,0,0,0,0,0,0,0,7,1,1,0,0,0,0,0,0,1,0,KRBKRNvK,WIN,2n2B1k/5K2/R7/8/8/8/8/2r5 w - - 0 1
1,1,0,0,0,0,0,1,-1,1,0,1,1,1,0,0,0,0,0,16,0,0,3,4,3,1,3,0,2,7,0,1,0,0,0,0,0,0,0,7,1,1,0,1,0,0,3,1,0,1,KRBKRNvK,DRAW,8/B7/8/8/1k2K3/8/4r3/5nR1 w - - 0 1
0,1,0,0,0,0,0,1,-1,1,0,1,1,1,0,0,0,0,0,16,0,0,4,3,4,7,7,0,6,20,24,0,0,0,0,0,0,0,0,7,1,1,0,0,0,0,3,0,0,1,KRBKRNvK,DRAW,7k/5r2/8/B2K4/8/8/8/R5n1 b - - 0 1
0,1,0,0,0,0,0,1,-1,1,0,1,1,1,0,0,0,0,0,16,0,0,2,5,1,6,3,3,2,2,0,1,0,0,0,0,0,0,0,7,1,1,0,0,0,0,2,2,2,0,KRBKRNvK,DRAW,n7/8/3r3B/8/5Rk1/8/5K2/8 b - - 0 1
1,1,0,0,0,0,0,1,-1,1,0,1,1,1,0,0,0,0,0,16,0,0,4,1,5,4,1,3,2,12,29,0,0,0,0,0,0,0,0,7,1,1,0,0,0,0,0,0,0,1,KRBKRNvK,DRAW,1R1B4/8/1K6/8/3n4/2r5/4k3/8 w - - 0 1
0,1,0,0,0,0,0,1,-1,1,0,1,1,1,0,0,0,0,0,16,0,0,6,6,4,0,6,2,5,3,0,1,0,0,0,0,0,0,0,7,1,1,0,0,0,0,1,2,1,1,KRBKRNvK,DRAW,8/k7/6Rn/2B3K1/8/8/8/4r3 b - - 0 1
0,1,0,0,0,0,0,1,-1,1,0,1,1,1,0,0,0,0,0,16,0,0,2,6,2,4,3,3,0,3,0,1,0,0,0,0,0,0,0,7,1,1,0,1,0,0,3,3,1,0,KRBKRNvK,DRAW,4R3/8/5B2/8/4k3/6K1/r7/1n6 b - - 0 1
0,1,0,0,0,0,0,1,-1,1,0,1,1,1,0,0,0,0,0,16,0,0,2,7,4,5,5,3,2,2,0,1,0,0,0,0,0,0,0,7,1,1,0,0,0,0,2,3,2,0,KRBKRNvK,DRAW,7B/8/4rk2/6RK/8/8/2n5/8 b - - 0 1
0,1,0,0,0,0,0,1,-1,1,0,1,1,1,0,0,0,0,0,16,0,0,2,0,1,2,2,5,2,4,0,1,0,0,0,0,0,0,0,7,1,1,0,0,0,0,3,2,1,0,KRBKRNvK,DRAW,6n1/8/8/2R5/5r2/2k5/K4B2/8 b - - 0 1
1,1,0,0,0,0,0,1,-1,1,0,1,1,1,0,0,0,0,0,16,0,0,4,3,4,7,4,0,3,29,20,0,0,0,0,0,0,0,0,7,1,1,0,0,0,0,3,0,0,0,KRBKRNvK,DRAW,r6B/7n/1R6/3K3k/8/8/8/8 w - - 0 1
1,1,0,0,0,0,0,1,-1,1,0,1,1,1,0,0,0,0,0,16,0,0,5,2,5,7,6,2,5,5,0,1,0,0,0,0,0,0,0,7,1,1,0,0,0,0,3,0,0,1,KRBKRNvK,DRAW,8/7k/B1K3r1/n7/1R6/8/8/8 w - - 0 1
0,1,0,0,0,0,0,1,-1,1,0,1,1,1,0,0,0,0,0,16,0,0,2,1,7,3,6,5,2,20,20,0,0,0,0,0,0,0,0,7,1,1,0,0,0,0,0,1,1,1,KRBKRNvK,DRAW,1K3R2/2rk4/8/6B1/8/4n3/8/8 b - - 0 1
1,1,0,0,0,0,0,1,-1,1,0,1,1,1,0,0,0,0,0,16,0,0,2,2,2,2,4,2,1,28,21,0,0,0,0,0,0,0,0,7,1,1,0,0,0,0,2,2,1,1,KRBKRNvK,DRAW,5R2/8/1r6/2kB4/8/2K5/8/4n3 w - - 0 1
1,1,0,0,0,0,0,1,-1,1,0,1,1,1,0,0,0,0,0,16,0,0,7,7,0,7,7,6,6,4,0,1,0,0,0,0,0,0,0,7,1,1,0,0,0,0,1,1,0,0,KRBKRNvK,DRAW,7k/7r/6n1/5BR1/8/8/8/7K w - - 0 1
1,1,0,0,0,0,0,1,-1,1,0,1,1,1,0,0,0,0,0,16,0,0,4,7,3,3,0,3,3,5,0,1,0,0,0,0,0,0,0,7,1,1,0,0,0,0,3,3,0,0,KRBKRNvK,DRAW,8/B1n5/8/5R2/4r2K/8/8/3k4 w - - 0 1
0,1,0,0,0,0,0,1,-1,1,0,1,1,1,0,0,0,0,0,16,0,0,2,7,2,5,4,4,1,25,21,0,0,0,0,0,0,0,0,7,1,1,1,0,0,0,1,3,0,1,KRBKRNvK,DRAW,8/1R6/8/5k2/6r1/7K/4n2B/8 b - - 0 1
1,1,0,0,0,0,0,1,-1,1,0,1,1,1,0,0,0,0,0,16,0,0,5,7,2,2,4,4,1,26,14,0,0,0,0,0,0,0,0,7,1,1,0,0,0,0,2,2,0,0,KRBKRNvK,DRAW,3R4/n7/2r5/2k5/8/7K/8/4B3 w - - 0 1
0,1,0,0,0,0,0,1,-1,1,0,1,1,1,0,0,0,0,0,16,0,0,3,1,2,0,5,3,4,18,26,0,0,0,0,0,0,0,0,7,1,1,0,0,0,0,2,0,0,0,KRBKRNvK,DRAW,8/1nr5/k7/3R4/8/1K6/8/4B3 b - - 0 1
1,1,0,0,0,0,0,1,-1,1,0,1,1,1,0,0,0,0,0,16,0,0,6,6,3,0,6,2,5,7,0,1,0,0,0,0,0,0,0,7,1,1,0,0,0,0,1,2,0,0,KRBKRNvK,DRAW,8/k7/n7/8/3r2K1/R7/2B5/8 w - - 0 1
0,1,0,0,0,0,0,1,-1,1,0,1,1,1,0,0,0,0,0,16,0,0,5,3,1,3,6,2,2,27,24,0,0,0,0,0,0,0,0,7,1,1,0,0,0,0,0,1,0,1,KRBKRNvK,DRAW,R7/3k4/8/8/8/3n4/3KB3/7r b - - 0 1
0,1,0,0,0,0,0,1,-1,1,0,1,1,1,0,0,0,0,0,16,0,0,6,6,3,0,7,2,6,3,0,1,0,0,0,0,0,0,0,7,1,1,1,0,0,0,2,2,0,0,KRBKRNvK,DRAW,k7/3R4/1n6/8/4B1K1/8/8/3r4 b - - 0 1
0,1,0,0,0,0,0,1,-1,1,0,1,1,1,0,0,0,0,0,16,0,0,4,1,2,5,2,3,2,24,26,0,0,0,0,0,0,0,0,7,1,1,0,0,0,0,1,2,0,0,KRBKRNvK,DRAW,8/Bn6/8/8/7r/1K3k2/8/2R5 b - - 0 1
0,1,0,0,0,0,0,1,-1,1,0,1,1,1,0,0,0,0,0,16,0,0,5,7,7,2,6,6,3,6,0,1,0,0,0,0,0,0,0,7,1,1,1,0,0,0,1,2,0,0,KRBKRNvK,DRAW,7K/2k2R2/1n1r4/8/8/8/5B2/8 b - - 0 1
1,1,0,0,0,0,0,1,-1,1,0,1,1,1,0,0,0,0,0,16,0,0,3,6,0,5,3,5,1,20,26,0,0,0,0,0,0,0,0,7,1,1,0,1,0,0,0,3,0,0,KRBKRNvK,DRAW,8/8/4n3/8/1B3k2/1R6/r7/6K1 w - - 0 1
0,1,0,0,0,0,0,1,-1,1,0,1,1,1,0,0,0,0,0,16,0,0,2,6,0,4,2,5,1,25,21,0,0,0,0,0,0,0,0,7,1,1,0,1,0,0,2,3,1,1,KRBKRNvK,DRAW,8/8/8/8/2R2n2/4k3/7r/1B4K1 b - - 0 1
0,1,0,0,0,0,0,1,-1,1,0,1,1,1,0,0,0,0,0,16,0,0,4,6,1,5,5,4,2,4,0,1,0,0,0,0,0,0,0,7,1,1,0,0,0,0,1,1,1,0,KRBKRNvK,DRAW,8/5B2/2r2k2/8/8/8/1n3RK1/8 b - - 0 1
1,1,0,0,0,0,0,1,-1,1,0,1,1,1,0,0,0,0,0,16,0,0,4,1,6,0,2,4,4,31,24,0,0,0,0,0,0,0,0,7,1,1,0,0,0,0,2,2,1,1,KRBKRNvK,DRAW,8/1K6/6R1/3n4/5r2/k1B5/8/8 w - - 0 1
0,1,0,0,0,0,0,1,-1,1,0,1,1,1,0,0,0,0,0,16,0,0,2,2,1,0,0,3,6,0,0,1,0,0,0,0,0,0,0,7,1,1,0,0,0,0,2,0,0,1,KRBKRNvK,LOSS,7B/5r2/8/8/8/8/n1K5/k5R1 b - - 0 1
0,1,0,0,0,0,0,1,-1,1,0,1,1,1,0,0,0,0,0,16,0,0,7,7,0,7,7,6,6,24,23,0,0,0,0,0,0,0,0,7,1,1,0,0,0,0,1,2,0,0,KRBKRNvK,DRAW,1r5k/2B5/5n2/8/8/8/8/2R4K b - - 0 1
1,1,0,0,0,0,0,1,-1,1,0,1,1,1,0,0,0,0,0,16,0,0,3,0,7,0,4,6,3,22,22,0,0,0,0,0,0,0,0,7,1,1,0,0,0,0,2,1,2,0,KRBKRNvK,DRAW,K7/8/7r/kB6/2R5/8/5n2/8 w - - 0 1
0,1,0,0,0,0,0,1,-1,1,0,1,1,1,0,0,0,0,0,16,0,0,5,2,4,7,3,1,3,4,0,1,0,0,0,0,0,0,0,7,1,1,0,1,0,0,3,0,0,0,KRBKRNvK,DRAW,8/8/8/2K5/4R2k/8/5r2/5B1n b - - 0 1
0,1,0,0,0,0,0,1,-1,1,0,1,1,1,0,0,0,0,0,16,0,0,6,6,5,0,0,3,6,22,18,0,0,0,0,0,0,0,0,7,1,1,1,0,0,0,1,2,0,0,KRBKRNvK,DRAW,8/5B1R/1n4K1/2r5/8/8/8/k7 b - - 0 1
0,1,0,0,0,0,0,1,-1,1,0,1,1,1,0,0,0,0,0,16,0,0,5,5,3,0,4,1,3,18,25,0,0,0,0,0,0,0,0,7,1,1,0,0,0,0,3,2,1,0,KRBKRNvK,DRAW,8/8/r7/k7/5K2/1Rn5/5B2/8 b - - 0 1
1,1,0,0,0,0,0,1,-1,1,0,1,1,1,0,0,0,0,0,16,0,0,6,1,4,7,3,2,3,5,0,1,0,0,0,0,0,0,0,7,1,1,1,0,0,0,1,1,0,1,KRBKRNvK,LOSS,1r6/5R2/3n4/1K6/4B2k/8/8/8 w - - 0 1
0,1,0,0,0,0,0,1,-1,1,0,1,1,1,0,0,0,0,0,16,0,0,3,4,5,7,6,1,5,24,24,0,0,0,0,0,0,0,0,7,1,1,0,0,0,0,2,1,0,2,KRBKRNvK,DRAW,2r5/3Bn2k/4K3/8/8/5R2/8/8 b - - 0 1
1,1,0,0,0,0,0,1,-1,1,0,1,1,1,0,0,0,0,0,16,0,0,3,4,6,4,3,2,0,6,0,1,0,0,0,0,0,0,0,7,1,1,0,0,0,0,1,3,1,1,KRBKRNvK,DRAW,8/2r1K3/8/8/4k3/4B3/R5n1/8 w - - 0 1
1,1,0,0,0,0,0,1,-1,1,0,1,1,1,0,0,0,0,0,16,0,0,5,1,0,1,5,5,3,22,22,0,0,0,0,0,0,0,0,7,1,1,0,0,0,0,2,0,0,0,KRBKRNvK,DRAW,8/8/rk5B/8/4n3/8/8/1K1R4 w - - 0 1
0,1,0,0,0,0,0,1,-1,1,0,1,1,1,0,0,0,0,0,16,0,0,6,6,0,0,0,5,6,23,25,0,0,0,0,0,0,0,0,7,1,1,0,0,0,0,2,1,0,1,KRBKRNvK,DRAW,3B4/1r6/8/4R3/8/8/5n2/k5K1 b - - 0 1
0,1,0,0,0,0,0,1,-1,1,0,1,1,1,0,0,0,0,0,16,0,0,6,6,6,0,4,4,3,3,0,1,0,0,0,0,0,0,0,7,1,1,0,0,0,0,1,2,0,0,KRBKRNvK,DRAW,R7/6K1/8/k7/5B1r/2n5/8/8 b - - 0 1
1,1,0,0,0,0,0,1,-1,1,0,1,1,1,0,0,0,0,0,16,0,0,5,2,5,7,5,2,4,23,20,0,0,0,0,0,0,0,0,7,1,1,1,0,0,0,1,3,2,1,KRBKRNvK,DRAW,8/6R1/2Kn3k/8/6B1/3r4/8/8 w - - 0 1
1,1,0,0,0,0,0,1,-1,1,0,1,1,1,0,0,0,0,0,16,0,0,3,4,3,4,6,0,2,5,0,1,0,0,0,0,0,0,0,7,1,1,0,0,0,0,4,2,0,2,KRBKRNvK,LOSS,8/4k3/5n2/8/4K1rR/8/6B1/8 w - - 0 1
1,1,0,0,0,0,0,1,-1,1,0,1,1,1,0,0,0,0,0,16,0,0,3,4,3,2,0,0,4,25,18,0,0,0,0,0,0,0,0,7,1,1,0,0,0,0,3,2,1,0,KRBKRNvK,DRAW,3r2B1/1n6/8/8/4K3/8/R7/2k5 w - - 0 1
1,1,0,0,0,0,0,1,-1,1,0,1,1,1,0,0,0,0,0,16,0,0,6,0,6,6,3,5,2,26,18,0,0,0,0,0,0,0,0,7,1,1,0,0,0,0,3,1,0,0,KRBKRNvK,WIN,3r3n/K7/8/3B4/6k1/8/3R4/8 w - - 0 1
1,1,0,0,0,0,0,1,-1,1,0,1,1,1,0,0,0,0,0,16,0,0,5,4,6,5,1,2,3,22,24,0,0,0,0,0,0,0,0,7,1,1,1,0,0,0,0,0,0,0,KRBKRNvK,DRAW,8/R3K3/1r6/6B1/8/8/5k2/3n4 w - - 0 1
1,1,0,0,0,0,0,1,-1,1,0,1,1,1,0,0,0,0,0,16,0,0,3,2,7,2,4,4,1,24,22,0,0,0,0,0,0,0,0,7,1,1,0,0,0,0,2,3,0,1,KRBKRNvK,DRAW,2K1n2B/8/8/2k2r2/8/7R/8/8 w - - 0 1
1,1,0,0,0,0,0,1,-1,1,0,1,1,1,0,0,0,0,0,16,0,0,3,7,1,6,4,5,2,22,20,0,0,0,0,0,0,0,0,7,1,1,0,0,0,0,3,0,1,1,KRBKRNvK,DRAW,8/B7/7r/6k1/7n/4R3/7K/8 w - - 0 1
1,1,0,0,0,0,0,1,-1,1,0,1,1,1,0,0,0,0,0,16,0,0,3,6,0,4,3,5,0,23,20,0,0,0,0,0,0,0,0,7,1,1,0,0,0,0,1,4,1,0,KRBKRNvK,WIN,8/5n2/8/8/4k2r/8/2R4B/6K1 w - - 0 1
0,1,0,0,0,0,0,1,-1,1,0,1,1,1,0,0,0,0,0,16,0,0,5,0,0,2,5,6,2,21,23,0,0,0,0,0,0,0,0,7,1,1,0,0,0,0,3,3,0,0,KRBKRNvK,DRAW,8/1n6/2k5/8/6r1/8/3R3B/K7 b - - 0 1
0,1,0,0,0,0,0,1,-1,1,0,1,1,1,0,0,0,0,0,16,0,0,4,3,3,7,7,0,6,18,28,0,0,0,0,0,0,0,0,7,1,1,0,0,0,0,3,0,1,0,KRBKRNvK,DRAW,7k/n7/5R2/8/3K2B1/r7/8/8 b - - 0 1
0,1,0,0,0,0,0,1,-1,1,0,1,1,1,0,0,0,0,0,16,0,0,2,1,5,3,3,3,0,5,0,1,0,0,0,0,0,0,0,7,1,1,0,0,0,0,1,3,0,0,KRBKRNvK,LOSS,8/6r1/1K6/8/3k4/n7/R7/B7 b - - 0 1
0,1,0,0,0,0,0,1,-1,1,0,1,1,1,0,0,0,0,0,16,0,0,3,4,7,4,4,3,0,19,23,0,0,0,0,0,0,0,0,7,1,1,0,1,0,0,0,4,0,1,KRBKRNvK,DRAW,4K3/8/R5n1/4k3/8/7B/4r3/8 b - - 0 1
0,1,0,0,0,0,0,1,-1,1,0,1,1,1,0,0,0,0,0,16,0,0,5,2,3,7,0,1,6,19,25,0,0,0,0,0,0,0,0,7,1,1,0,0,0,0,4,0,0,1,KRBKRNvK,DRAW,n3R3/8/8/8/2K4B/1r6/8/7k b - - 0 1
1,1,0,0,0,0,0,1,-1,1,0,1,1,1,0,0,0,0,0,16,0,0,7,2,0,6,7,4,5,4,0,1,0,0,0,0,0,0,0,7,1,1,1,0,0,0,2,2,1,1,KRBKRNvK,DRAW,B5k1/5R2/4r3/8/8/3n4/8/2K5 w - - 0 1
0,1,0,0,0,0,0,1,-1,1,0,1,1,1,0,0,0,0,0,16,0,0,4,1,0,1,4,5,2,4,0,1,0,0,0,0,0,0,0,7,1,1,0,0,0,0,2,0,0,1,KRBKRNvK,DRAW,5B2/8/r7/1k3R2/8/8/8/1Kn5 b - - 0 1
0,1,0,0,0,0,0,1,-1,1,0,1,1,1,0,0,0,0,0,16,0,0,3,6,5,5,2,3,2,20,20,0,0,0,0,0,0,0,0,7,1,1,0,1,0,0,2,1,1,0,KRBKRNvK,DRAW,8/8/6K1/2n3R1/8/B4k2/5r2/8 b - - 0 1
0,1,0,0,0,0,0,1,-1,1,0,1,1,1,0,0,0,0,0,16,0,0,3,2,4,5,5,1,2,25,26,0,0,0,0,0,0,0,0,7,1,1,0,0,0,0,2,1,2,1,KRBKRNvK,DRAW,3R4/8/5knB/2K5/8/1r6/8/8 b - - 0 1
1,1,0,0,0,0,0,1,-1,1,0,1,1,1,0,0,0,0,0,16,0,0,7,7,5,0,1,4,5,20,24,0,0,0,0,0,0,0,0,7,1,1,0,0,0,0,3,3,0,0,KRBKRNvK,DRAW,6B1/4r3/7K/3R4/8/1n6/k7/8 w - - 0 1
0,1,0,0,0,0,0,1,-1,1,0,1,1,1,0,0,0,0,0,16,0,0,4,6,5,2,7,3,4,16,23,0,0,0,0,0,0,0,0,7,1,1,1,0,0,0,1,2,1,0,KRBKRNvK,DRAW,2kr4/R7/6K1/n7/8/8/8/1B6 b - - 0 1
1,1,0,0,0,0,0,1,-1,1,0,1,1,1,0,0,0,0,0,16,0,0,6,6,1,2,7,4,4,8,0,1,0,0,0,0,0,0,0,7,1,1,1,1,0,0,1,3,1,1,KRBKRNvK,DRAW,2k5/B4R2/8/1n6/8/8/4r1K1/8 w - - 0 1
1,1,0,0,0,0,0,1,-1,1,0,1,1,1,0,0,0,0,0,16,0,0,2,2,5,4,4,2,0,27,22,0,0,0,0,0,0,0,0,7,1,1,0,1,0,0,1,3,1,1,KRBKRNvK,DRAW,4n3/8/2K5/4k3/6B1/7R/r7/8 w - - 0 1
0,1,0,0,0,0,0,1,-1,1,0,1,1,1,0,0,0,0,0,16,0,0,5,2,1,2,6,3,3,25,23,0,0,0,0,0,0,0,0,7,1,1,0,0,0,0,1,3,0,0,KRBKRNvK,DRAW,8/2k5/8/6r1/8/1B4n1/2K5/6R1 b - - 0 1
0,1,0,0,0,0,0,1,-1,1,0,1,1,1,0,0,0,0,0,16,0,0,2,3,1,5,1,2,3,23,23,0,0,0,0,0,0,0,0,7,1,1,0,0,0,0,3,2,0,1,KRBKRNvK,DRAW,8/8/8/8/1R4n1/4r3/3K1k2/B7 b - - 0 1
0,1,0,0,0,0,0,1,-1,1,0,1,1,1,0,0,0,0,0,16,0,0,3,5,4,2,2,1,2,6,0,1,0,0,0,0,0,0,0,7,1,1,0,0,0,0,2,3,1,0,KRBKRNvK,DRAW,3r4/8/B1n5/5K2/8/2k1R3/8/8 b - - 0 1
0,1,0,0,0,0,0,1,-1,1,0,1,1,1,0,0,0,0,0,16,0,0,5,1,3,6,6,2,4,25,32,0,0,0,0,0,0,0,0,7,1,1,0,0,0,0,3,0,0,0,KRBKRNvK,DRAW,7r/6k1/2B5/8/1K6/3R4/8/3n4 b - - 0 1
0,1,0,0,0,0,0,1,-1,1,0,1,1,1,0,0,0,0,0,16,0,0,3,2,4,4,7,1,3,4,0,1,0,0,0,0,0,0,0,7,1,1,0,0,0,0,3,0,1,0,KRBKRNvK,LOSS,3nk3/8/6B1/2K5/8/2R4r/8/8 b - - 0 1
0,1,0,0,0,0,0,1,-1,1,0,1,1,1,0,0,0,0,0,16,0,0,2,5,0,3,1,4,2,26,20,0,0,0,0,0,0,0,0,7,1,1,0,0,0,0,1,3,0,0,KRBKRNvK,DRAW,6B1/4r3/8/8/5n2/8/3k4/R4K2 b - - 0 1
0,1,0,0,0,0,0,1,-1,1,0,1,1,1,0,0,0,0,0,16,0,0,2,2,5,2,7,2,4,20,22,0,0,0,0,0,0,0,0,7,1,1,1,0,0,0,3,2,1,1,KRBKRNvK,DRAW,2k5/4R3/2K5/3r4/8/8/8/4Bn2 b - - 0 1
1,1,0,0,0,0,0,1,-1,1,0,1,1,1,0,0,0,0,0,16,0,0,6,5,6,3,0,3,3,6,0,1,0,0,0,0,0,0,0,7,1,1,0,0,0,0,0,1,2,1,KRBKRNvK,DRAW,8/2r2K2/8/5n2/8/1R6/8/2Bk4 w - - 0 1
0,1,0,0,0,0,0,1,-1,1,0,1,1,1,0,0,0,0,0,16,0,0,4,4,2,0,6,1,5,21,28,0,0,0,0,0,0,0,0,7,1,1,0,0,0,0,3,0,0,0,KRBKRNvK,DRAW,8/k7/n5r1/8/8/4K3/8/B4R2 b - - 0 1
1,1,0,0,0,0,0,1,-1,1,0,1,1,1,0,0,0,0,0,16,0,0,5,6,0,6,5,5,3,24,24,0,0,0,0,0,0,0,0,7,1,1,0,0,0,0,2,1,0,0,KRBKRNvK,DRAW,2B5/8/2r3k1/6n1/8/8/8/4R1K1 w - - 0 1
0,1,0,0,0,0,0,1,-1,1,0,1,1,1,0,0,0,0,0,16,0,0,4,1,5,3,1,3,2,6,0,1,0,0,0,0,0,0,0,7,1,1,0,0,0,0,1,0,1,0,KRBKRNvK,DRAW,6r1/6B1/1K6/4n3/8/8/3k1R2/8 b - - 0 1
0,1,0,0,0,0,0,1,-1,1,0,1,1,1,0,0,0,0,0,16,0,0,2,0,3,0,5,3,4,19,12,0,0,0,0,0,0,0,0,7,1,1,0,0,0,0,0,0,0,1,KRBKRNvK,DRAW,8/8/k1r5/7B/K7/8/8/Rn6 b - - 0 1
0,1,0,0,0,0,0,1,-1,1,0,1,1,1,0,0,0,0,0,16,0,0,5,2,0,7,4,4,3,18,29,0,0,0,0,0,0,0,0,7,1,1,0,0,0,0,3,2,0,1,KRBKRNvK,DRAW,8/8/4R3/5r1k/8/2B5/8/n1K5 b - - 0 1
0,1,0,0,0,0,0,1,-1,1,0,1,1,1,0,0,0,0,0,16,0,0,6,0,7,4,1,6,2,21,19,0,0,0,0,0,0,0,0,7,1,1,0,1,0,0,0,0,0,0,KRBKRNvK,DRAW,K7/7n/6R1/8/8/8/2r1k3/1B6 b - - 0 1
0,1,0,0,0,0,0,1,-1,1,0,1,1,1,0,0,0,0,0,16,0,0,5,2,0,6,5,4,3,7,0,1,0,0,0,0,0,0,0,7,1,1,0,0,0,0,0,2,0,0,KRBKRNvK,LOSS,8/3B4/6k1/4n3/r7/8/8/2K3R1 b - - 0 1
1,1,0,0,0,0,0,1,-1,1,0,1,1,1,0,0,0,0,0,16,0,0,3,7,6,4,4,5,0,21,21,0,0,0,0,0,0,0,0,7,1,1,0,0,0,0,0,4,0,1,KRBKRNvK,DRAW,4B3/7K/8/n3k1r1/8/8/8/7R w - - 0 1
1,1,0,0,0,0,0,1,-1,1,0,1,1,1,0,0,0,0,0,16,0,0,7,7,7,0,3,6,3,18,21,0,0,0,0,0,0,0,0,7,1,1,0,0,0,0,0,2,0,0,KRBKRNvK,DRAW,7K/8/8/8/k3r3/n6B/8/7R w - - 0 1
1,1,0,0,0,0,0,1,-1,1,0,1,1,1,0,0,0,0,0,16,0,0,3,1,6,4,6,4,2,7,0,1,0,0,0,0,0,0,0,7,1,1,0,0,0,0,1,2,0,1,KRBKRNvK,DRAW,8/1K2k3/8/n3r3/8/4BR2/8/8 w - - 0 1
0,1,0,0,0,0,0,1,-1,1,0,1,1,1,0,0,0,0,0,16,0,0,7,7,7,5,0,6,4,21,24,0,0,0,0,0,0,0,0,7,1,1,0,0,0,0,2,2,1,0,KRBKRNvK,DRAW,7K/8/6R1/8/2r5/8/8/3n1k1B b - - 0 1
0,1,0,0,0,0,0,1,-1,1,0,1,1,1,0,0,0,0,0,16,0,0,2,2,3,4,1,1,2,25,20,0,0,0,0,0,0,0,0,7,1,1,1,0,0,0,2,1,0,1,KRBKRNvK,DRAW,8/2R5/8/8/2K4B/8/2n1k3/1r6 b - - 0 1
1,1,0,0,0,0,0,1,-1,1,0,1,1,1,0,0,0,0,0,16,0,0,5,5,6,6,1,3,4,7,0,1,0,0,0,0,0,0,0,7,1,1,0,0,0,0,3,0,0,0,KRBKRNvK,DRAW,2n4B/5K2/8/1R6/8/5r2/6k1/8 w - - 0 1
1,1,0,0,0,0,0,1,-1,1,0,1,1,1,0,0,0,0,0,16,0,0,5,5,1,0,3,3,3,25,20,0,0,0,0,0,0,0,0,7,1,1,0,0,0,0,2,0,1,0,KRBKRNvK,DRAW,8/1r4n1/8/B7/k7/8/4RK2/8 w - - 0 1
0,1,0,0,0,0,0,1,-1,1,0,1,1,1,0,0,0,0,0,16,0,0,6,0,7,6,7,6,5,3,0,1,0,0,0,0,0,0,0,7,1,1,0,0,0,0,2,1,1,0,KRBKRNvK,DRAW,K3R1k1/8/3B2r1/1n6/8/8/8/8 b - - 0 1
0,1,0,0,0,0,0,1,-1,1,0,1,1,1,0,0,0,0,0,16,0,0,5,0,4,5,6,3,3,21,26,0,0,0,0,0,0,0,0,7,1,1,0,0,0,0,2,0,0,0,KRBKRNvK,DRAW,8/5k2/8/K7/8/8/1R4B1/5r1n b - - 0 1
1,1,0,0,0,0,0,1,-1,1,0,1,1,1,0,0,0,0,0,16,0,0,3,1,3,4,5,2,1,4,0,1,0,0,0,0,0,0,0,7,1,1,0,0,0,0,0,3,0,1,KRBKRNvK,DRAW,8/8/n3k3/8/1K6/4r3/2R5/2B5 w - - 0 1
1,1,0,0,0,0,0,1,-1,1,0,1,1,1,0,0,0,0,0,16,0,0,6,1,6,5,0,4,4,27,27,0,0,0,0,0,0,0,0,7,1,1,0,0,0,0,0,1,0,0,KRBKRNvK,DRAW,2R5/1K6/4n3/8/8/B6r/8/5k2 w - - 0 1
0,1,0,0,0,0,0,1,-1,1,0,1,1,1,0,0,0,0,0,16,0,0,6,5,0,7,6,4,5,3,0,1,0,0,0,0,0,0,0,7,1,1,0,1,0,0,0,2,0,2,KRBKRNvK,LOSS,8/7k/8/B7/8/7R/3r4/4nK2 b - - 0 1
0,1,0,0,0,0,0,1,-1,1,0,1,1,1,0,0,0,0,0,16,0,0,4,1,3,5,7,2,4,4,0,1,0,0,0,0,0,0,0,7,1,1,0,0,0,0,1,2,0,1,KRBKRNvK,DRAW,5k2/8/8/2B5/1K6/1Rn3r1/8/8 b - - 0 1
1,1,0,0,0,0,0,1,-1,1,0,1,1,1,0,0,0,0,0,16,0,0,6,6,0,5,6,5,3,25,21,0,0,0,0,0,0,0,0,7,1,1,0,0,0,0,2,2,1,0,KRBKRNvK,DRAW,6n1/5k2/8/4R3/r7/8/8/6KB w - - 0 1
0,1,0,0,0,0,0,1,-1,1,0,1,1,1,0,0,0,0,0,16,0,0,6,0,6,6,1,5,4,6,0,1,0,0,0,0,0,0,0,7,1,1,0,0,0,0,0,2,0,0,KRBKRNvK,DRAW,8/K2B3n/8/8/4r3/8/R5k1/8 b - - 0 1
0,1,0,0,0,0,0,1,-1,1,0,1,1,1,0,0,0,0,0,16,0,0,5,1,5,6,2,3,3,19,22,0,0,0,0,0,0,0,0,7,1,1,0,0,0,0,2,0,0,0,KRBKRNvK,DRAW,1B6/8/1K1R4/7n/8/6k1/8/6r1 b - - 0 1
0,1,0,0,0,0,0,1,-1,1,0,1,1,1,0,0,0,0,0,16,0,0,6,2,1,4,7,3,3,20,24,0,0,0,0,0,0,0,0,7,1,1,1,0,0,0,0,2,0,0,KRBKRNvK,DRAW,4k3/R7/8/8/5r2/6B1/2K2n2/8 b - - 0 1
1,1,0,0,0,0,0,1,-1,1,0,1,1,1,0,0,0,0,0,16,0,0,3,2,4,4,1,1,2,4,0,1,0,0,0,0,0,0,0,7,1,1,0,1,0,0,3,2,1,1,KRBKRNvK,DRAW,8/8/5B2/2K5/n7/8/3rk3/5R2 w - - 0 1
1,1,0,0,0,0,0,1,-1,1,0,1,1,1,0,0,0,0,0,16,0,0,5,2,2,7,3,2,3,5,0,1,0,0,0,0,0,0,0,7,1,1,0,0,0,0,1,0,0,1,KRBKRNvK,DRAW,6R1/8/8/1B6/n6k/2K2r2/8/8 w - - 0 1
0,1,0,0,0,0,0,1,-1,1,0,1,1,1,0,0,0,0,0,16,0,0,6,1,7,7,4,5,3,21,24,0,0,0,0,0,0,0,0,7,1,1,0,0,0,0,1,0,0,1,KRBKRNvK,DRAW,1Kn3B1/8/2R5/7k/8/r7/8/8 b - - 0 1
1,1,0,0,0,0,0,1,-1,1,0,1,1,1,0,0,0,0,0,16,0,0,3,6,7,3,6,5,2,25,19,0,0,0,0,0,0,0,0,7,1,1,0,0,0,0,1,0,0,0,KRBKRNvK,DRAW,6K1/3k4/6R1/n7/8/r7/2B5/8 w - - 0 1
0,1,0,0,0,0,0,1,-1,1,0,1,1,1,0,0,0,0,0,16,0,0,6,7,7,1,7,6,5,4,0,1,0,0,0,0,0,0,0,7,1,1,0,0,0,0,0,2,0,1,KRBKRNvK,DRAW,1k1rB2K/7n/8/8/8/8/1R6/8 b - - 0 1
0,1,0,0,0,0,0,1,-1,1,0,1,1,1,0,0,0,0,0,16,0,0,4,5,6,5,2,3,2,30,28,0,0,0,0,0,0,0,0,7,1,1,0,0,0,0,0,3,0,1,KRBKRNvK,DRAW,5B2/5K2/R7/3r4/2n5/5k2/8/8 b - - 0 1
0,1,0,0,0,0,0,1,-1,1,0,1,1,1,0,0,0,0,0,16,0,0,3,5,4,2,6,1,3,8,0,1,0,0,0,0,0,0,0,7,1,1,0,0,0,0,3,2,0,0,KRBKRNvK,DRAW,8/2k5/8/n4K2/8/1B6/2R5/4r3 b - - 0 1
1,1,0,0,0,0,0,1,-1,1,0,1,1,1,0,0,0,0,0,16,0,0,6,7,2,1,0,4,5,24,20,0,0,0,0,0,0,0,0,7,1,1,0,0,0,0,0,2,1,1,KRBKRNvK,DRAW,8/5n2/8/5r2/8/7K/R3B3/1k6 w - - 0 1
1,1,0,0,0,0,0,1,-1,1,0,1,1,1,0,0,0,0,0,16,0,0,7,3,7,5,0,3,4,3,0,1,0,0,0,0,0,0,0,7,1,1,1,0,0,0,1,1,0,1,KRBKRNvK,DRAW,3K1r2/6R1/8/8/8/8/B3n3/5k2 w - - 0 1
1,1,0,0,0,0,0,1,-1,1,0,1,1,1,0,0,0,0,0,16,0,0,4,5,6,6,2,3,3,7,0,1,0,0,0,0,0,0,0,7,1,1,0,0,0,0,1,0,1,1,KRBKRNvK,DRAW,7n/5K2/R7/8/8/6kr/8/6B1 w - - 0 1
1,1,0,0,0,0,0,1,-1,1,0,1,1,1,0,0,0,0,0,16,0,0,2,4,6,6,5,2,3,3,0,1,0,0,0,0,0,0,0,7,1,1,0,0,0,0,0,0,0,1,KRBKRNvK,DRAW,1r6/4K3/6k1/3n4/8/8/1R6/B7 w - - 0 1
0,1,0,0,0,0,0,1,-1,1,0,1,1,1,0,0,0,0,0,16,0,0,6,5,0,3,6,4,2,23,27,0,0,0,0,0,0,0,0,7,1,1,0,0,0,0,2,0,0,0,KRBKRNvK,DRAW,1r6/3k4/8/8/4R3/n7/5B2/5K2 b - - 0 1
0,1,0,0,0,0,0,1,-1,1,0,1,1,1,0,0,0,0,0,16,0,0,5,3,2,2,7,1,4,4,0,1,0,0,0,0,0,0,0,7,1,1,0,0,0,0,2,2,0,0,KRBKRNvK,DRAW,2k1r1n1/8/8/8/8/2RK4/8/4B3 b - - 0 1
0,1,0,0,0,0,0,1,-1,1,0,1,1,1,0,0,0,0,0,16,0,0,3,7,0,4,2,6,1,6,0,1,0,0,0,0,0,0,0,7,1,1,0,0,0,0,0,2,0,0,KRBKRNvK,DRAW,2B5/8/8/3n4/1r6/4k2R/8/7K b - - 0 1
0,1,0,0,0,0,0,1,-1,1,0,1,1,1,0,0,0,0,0,16,0,0,4,0,7,4,5,6,1,20,23,0,0,0,0,0,0,0,0,7,1,1,1,0,0,0,1,3,0,0,KRBKRNvK,DRAW,KB6/7R/4k3/8/6n1/8/8/4r3 b - - 0 1
0,1,0,0,0,0,0,1,-1,1,0,1,1,1,0,0,0,0,0,16,0,0,7,0,7,7,1,6,5,5,0,1,0,0,0,0,0,0,0,7,1,1,0,0,0,0,1,1,0,1,KRBKRNvK,LOSS,K7/1r6/8/5B2/5n2/8/2R4k/8 b - - 0 1
0,1,0,0,0,0,0,1,-1,1,0,1,1,1,0,0,0,0,0,16,0,0,3,4,3,7,6,0,5,20,25,0,0,0,0,0,0,0,0,7,1,1,0,0,0,0,4,0,0,1,KRBKRNvK,DRAW,8/1n5k/1R6/3B4/4K3/2r5/8/8 b - - 0 1
1,1,0,0,0,0,0,1,-1,1,0,1,1,1,0,0,0,0,0,16,0,0,3,3,4,6,4,0,2,27,21,0,0,0,0,0,0,0,0,7,1,1,0,0,0,0,3,1,0,1,KRBKRNvK,DRAW,5r2/8/B7/3K1nk1/8/8/8/7R w - - 0 1
1,1,0,0,0,0,0,1,-1,1,0,1,1,1,0,0,0,0,0,16,0,0,4,6,4,6,0,2,5,5,0,1,0,0,0,0,0,0,0,7,1,1,0,0,0,0,0,1,1,1,KRBKRNvK,DRAW,3B4/8/4n3/6K1/8/7R/8/5rk1 w - - 0 1
1,1,0,0,0,0,0,1,-1,1,0,1,1,1,0,0,0,0,0,16,0,0,5,1,0,1,5,5,3,23,24,0,0,0,0,0,0,0,0,7,1,1,0,1,0,0,2,1,2,0,KRBKRNvK,DRAW,2B5/4n3/1k6/8/R7/8/5r2/1K6 w - - 0 1
0,1,0,0,0,0,0,1,-1,1,0,1,1,1,0,0,0,0,0,16,0,0,4,4,2,0,4,1,3,24,20,0,0,0,0,0,0,0,0,7,1,1,0,0,0,0,3,3,1,1,KRBKRNvK,DRAW,8/8/3n4/k4r2/8/1B2K3/4R3/8 b - - 0 1
0,1,0,0,0,0,0,1,-1,1,0,1,1,1,0,0,0,0,0,16,0,0,2,2,1,3,3,3,0,17,25,0,0,0,0,0,0,0,0,7,1,1,1,0,0,0,0,4,0,0,KRBKRNvK,DRAW,8/1R2B3/8/8/3k2r1/8/2K4n/8 b - - 0 1
1,1,0,0,0,0,0,1,-1,1,0,1,1,1,0,0,0,0,0,16,0,0,2,2,6,2,4,3,1,24,16,0,0,0,0,0,0,0,0,7,1,1,0,0,0,0,2,3,1,1,KRBKRNvK,WIN,8/2K5/7B/2kr4/1R6/3n4/8/8 w - - 0 1
1,1,0,0,0,0,0,1,-1,1,0,1,1,1,0,0,0,0,0,16,0,0,4,0,7,4,4,6,0,3,0,1,0,0,0,0,0,0,0,7,1,1,0,0,0,0,0,3,0,0,KRBKRNvK,LOSS,K4r2/8/B7/4k3/8/4n3/6R1/8 w - - 0 1
0,1,0,0,0,0,0,1,-1,1,0,1,1,1,0,0,0,0,0,16,0,0,2,6,3,7,5,2,4,1,0,1,0,0,0,0,0,0,0,7,1,1,0,0,0,0,3,1,1,1,KRBKRNvK,DRAW,8/1B6/6nk/7R/6K1/8/8/1r6 b - - 0 1
1,1,0,0,0,0,0,1,-1,1,0,1,1,1,0,0,0,0,0,16,0,0,2,2,2,0,0,2,6,28,11,0,0,0,0,0,0,0,0,7,1,1,0,0,0,0,2,0,0,0,KRBKRNvK,WIN,4r2n/4B3/8/8/4R3/2K5/8/k7 w - - 0 1
1,1,0,0,0,0,0,1,-1,1,0,1,1,1,0,0,0,0,0,16,0,0,5,6,6,1,6,4,4,28,24,0,0,0,0,0,0,0,0,7,1,1,0,0,0,0,2,0,1,0,KRBKRNvK,DRAW,8/1kB3K1/8/7R/8/8/1n6/5r2 w - - 0 1
0,1,0,0,0,0,0,1,-1,1,0,1,1,1,0,0,0,0,0,16,0,0,2,3,2,4,0,1,3,24,22,0,0,0,0,0,0,0,0,7,1,1,0,0,0,0,3,0,1,1,KRBKRNvK,DRAW,3R4/8/6r1/3n4/8/3K1B2/8/4k3 b - - 0 1
0,1,0,0,0,0,0,1,-1,1,0,1,1,1,0,0,0,0,0,16,0,0,5,4,6,7,1,2,5,3,0,1,0,0,0,0,0,0,0,7,1,1,0,1,0,0,2,0,0,0,KRBKRNvK,LOSS,8/4K2n/4B3/7R/8/8/r6k/8 b - - 0 1
0,1,0,0,0,0,0,1,-1,1,0,1,1,1,0,0,0,0,0,16,0,0,3,3,6,0,5,2,4,2,0,1,0,0,0,0,0,0,0,7,1,1,0,1,0,0,0,2,2,0,KRBKRNvK,DRAW,R1B5/3K4/k7/8/8/2n5/r7/8 b - - 0 1
0,1,0,0,0,0,0,1,-1,1,0,1,1,1,0,0,0,0,0,16,0,0,4,0,5,2,1,4,3,25,27,0,0,0,0,0,0,0,0,7,1,1,0,0,0,0,1,0,0,0,KRBKRNvK,DRAW,5R2/8/KB6/8/8/8/n1k5/6r1 b - - 0 1
0,1,0,0,0,0,0,1,-1,1,0,1,1,1,0,0,0,0,0,16,0,0,7,1,7,3,0,5,3,16,23,0,0,0,0,0,0,0,0,7,1,1,0,0,0,0,0,0,2,0,KRBKRNvK,DRAW,1K6/8/8/8/8/1R5n/8/2rk1B2 b - - 0 1
1,1,0,0,0,0,0,1,-1,1,0,1,1,1,0,0,0,0,0,16,0,0,2,5,4,6,2,1,3,29,18,0,0,0,0,0,0,0,0,7,1,1,0,0,0,0,3,0,0,0,KRBKRNvK,DRAW,8/5B2/1R6/n4K2/8/6k1/8/6r1 w - - 0 1
1,1,0,0,0,0,0,1,-1,1,0,1,1,1,0,0,0,0,0,16,0,0,2,0,1,0,3,5,3,21,21,0,0,0,0,0,0,0,0,7,1,1,0,0,0,0,2,2,0,1,KRBKRNvK,DRAW,8/8/8/3r4/k7/n7/K7/B4R2 w - - 0 1
1,1,0,0,0,0,0,1,-1,1,0,1,1,1,0,0,0,0,0,16,0,0,7,2,7,1,0,4,5,3,0,1,0,0,0,0,0,0,0,7,1,1,0,0,0,0,0,3,1,1,KRBKRNvK,DRAW,2KB4/8/3n4/5r2/8/2R5/8/1k6 w - - 0 1
1,1,0,0,0,0,0,1,-1,1,0,1,1,1,0,0,0,0,0,16,0,0,6,7,0,1,1,6,4,22,19,0,0,0,0,0,0,0,0,7,1,1,0,1,0,0,0,0,0,0,KRBKRNvK,DRAW,8/n7/8/1B6/8/8/1kr5/6RK w - - 0 1
1,1,0,0,0,0,0,1,-1,1,0,1,1,1,0,0,0,0,0,16,0,0,5,2,7,7,4,4,3,20,22,0,0,0,0,0,0,0,0,7,1,1,0,0,0,0,0,3,0,0,KRBKRNvK,DRAW,2K2BR1/8/8/7k/5n2/8/8/4r3 w - - 0 1
0,1,0,0,0,0,0,1,-1,1,0,1,1,1,0,0,0,0,0,16,0,0,4,2,5,0,1,2,5,23,27,0,0,0,0,0,0,0,0,7,1,1,0,0,0,0,3,0,1,0,KRBKRNvK,DRAW,5r2/6n1/1BK5/8/2R5/8/k7/8 b - - 0 1
1,1,0,0,0,0,0,1,-1,1,0,1,1,1,0,0,0,0,0,16,0,0,5,7,5,2,3,4,1,25,25,0,0,0,0,0,0,0,0,7,1,1,0,1,0,0,0,4,1,0,KRBKRNvK,DRAW,8/8/R6K/8/2k5/7B/4r3/2n5 w - - 0 1
0,1,0,0,0,0,0,1,-1,1,0,1,1,1,0,0,0,0,0,16,0,0,4,6,0,5,4,5,1,7,0,1,0,0,0,0,0,0,0,7,1,1,0,0,0,0,2,2,1,0,KRBKRNvK,DRAW,2B5/1r6/3R4/2n2k2/8/8/8/6K1 b - - 0 1
1,1,0,0,0,0,0,1,-1,1,0,1,1,1,0,0,0,0,0,16,0,0,2,4,0,2,1,3,3,1,0,1,0,0,0,0,0,0,0,7,1,1,0,0,0,0,2,2,1,1,KRBKRNvK,LOSS,6B1/8/8/8/8/2n5/2k5/3RK2r w - - 0 1
0,1,0,0,0,0,0,1,-1,1,0,1,1,1,0,0,0,0,0,16,0,0,2,1,5,0,7,3,6,1,0,1,0,0,0,0,0,0,0,7,1,1,0,0,0,0,3,1,1,0,KRBKRNvK,DRAW,k7/1B6/1K6/8/1R6/8/2n5/5r2 b - - 0 1
1,1,0,0,0,0,0,1,-1,1,0,1,1,1,0,0,0,0,0,16,0,0,6,1,4,7,0,2,6,5,0,1,0,0,0,0,0,0,0,7,1,1,0,0,0,0,0,2,0,1,KRBKRNvK,DRAW,R7/8/8/1K5r/3n4/B7/8/7k w - - 0 1
0,1,0,0,0,0,0,1,-1,1,0,1,1,1,0,0,0,0,0,16,0,0,5,1,1,4,6,4,2,27,30,0,0,0,0,0,0,0,0,7,1,1,0,0,0,0,2,3,0,0,KRBKRNvK,DRAW,8/1B2k3/3r4/6n1/8/8/1K6/R7 b - - 0 1
0,1,0,0,0,0,0,1,-1,1,0,1,1,1,0,0,0,0,0,16,0,0,5,3,2,6,7,1,5,5,0,1,0,0,0,0,0,0,0,7,1,1,0,0,0,0,3,2,0,0,KRBKRNvK,DRAW,1R4k1/4r3/3n4/8/8/2BK4/8/8 b - - 0 1
0,1,0,0,0,0,0,1,-1,1,0,1,1,1,0,0,0,0,0,16,0,0,2,6,5,4,6,3,2,21,27,0,0,0,0,0,0,0,0,7,1,1,0,0,0,0,3,2,1,0,KRBKRNvK,DRAW,8/n3kB2/6K1/8/1R6/3r4/8/8 b - - 0 1
0,1,0,0,0,0,0,1,-1,1,0,1,1,1,0,0,0,0,0,16,0,0,2,0,6,0,4,5,3,20,26,0,0,0,0,0,0,0,0,7,1,1,0,0,0,0,1,0,1,0,KRBKRNvK,DRAW,8/K7/7r/k7/8/1B6/1n6/6R1 b - - 0 1
1,1,0,0,0,0,0,1,-1,1,0,1,1,1,0,0,0,0,0,16,0,0,4,2,5,6,4,2,2,6,0,1,0,0,0,0,0,0,0,7,1,1,0,0,0,0,1,0,1,1,KRBKRNvK,DRAW,2r5/8/2K4n/6k1/8/1B3R2/8/8 w - - 0 1
1,1,0,0,0,0,0,1,-1,1,0,1,1,1,0,0,0,0,0,16,0,0,7,7,0,2,7,6,4,24,25,0,0,0,0,0,0,0,0,7,1,1,0,0,0,0,2,3,0,0,KRBKRNvK,DRAW,2k5/7B/8/1r6/R7/8/3n4/7K w - - 0 1
1,1,0,0,0,0,0,1,-1,1,0,1,1,1,0,0,0,0,0,16,0,0,7,3,7,1,0,3,5,23,18,0,0,0,0,0,0,0,0,7,1,1,1,0,0,0,2,0,1,0,KRBKRNvK,DRAW,3K4/4R3/r7/8/8/B7/8/1k4n1 w - - 0 1
0,1,0,0,0,0,0,1,-1,1,0,1,1,1,0,0,0,0,0,16,0,0,2,4,0,6,0,3,5,1,0,1,0,0,0,0,0,0,0,7,1,1,0,0,0,0,3,2,0,0,KRBKRNvK,LOSS,nB6/8/8/3r4/6R1/8/8/4K1k1 b - - 0 1
0,1,0,0,0,0,0,1,-1,1,0,1,1,1,0,0,0,0,0,16,0,0,2,5,7,3,5,4,1,4,0,1,0,0,0,0,0,0,0,7,1,1,0,1,0,0,0,3,0,0,KRBKRNvK,DRAW,5K2/8/3k3R/B7/8/6n1/6r1/8 b - - 0 1
1,1,0,0,0,0,0,1,-1,1,0,1,1,1,0,0,0,0,0,16,0,0,2,4,5,6,5,1,3,26,17,0,0,0,0,0,0,0,0,7,1,1,0,0,0,0,3,2,0,1,KRBKRNvK,DRAW,8/2B5/4K1k1/6r1/3R4/8/6n1/8 w - - 0 1
0,1,0,0,0,0,0,1,-1,1,0,1,1,1,0,0,0,0,0,16,0,0,5,2,4,7,2,1,4,22,24,0,0,0,0,0,0,0,0,7,1,1,0,0,0,0,3,1,0,1,KRBKRNvK,DRAW,8/8/7r/2K5/3R4/3Bn2k/8/8 b - - 0 1
1,1,0,0,0,0,0,1,-1,1,0,1,1,1,0,0,0,0,0,16,0,0,3,2,4,1,7,1,5,3,0,1,0,0,0,0,0,0,0,7,1,1,0,0,0,0,2,3,0,2,KRBKRNvK,DRAW,1k6/4B3/8/2K5/2r5/3Rn3/8/8 w - - 0 1
0,1,0,0,0,0,0,1,-1,1,0,1,1,1,0,0,0,0,0,16,0,0,2,1,4,3,3,2,0,19,23,0,0,0,0,0,0,0,0,7,1,1,0,0,0,0,1,4,1,1,KRBKRNvK,DRAW,3r4/8/2n3B1/1K6/3k4/8/2R5/8 b - - 0 1
1,1,0,0,0,0,0,1,-1,1,0,1,1,1,0,0,0,0,0,16,0,0,6,0,1,6,6,5,4,27,22,0,0,0,0,0,0,0,0,7,1,1,0,0,0,0,0,2,0,0,KRBKRNvK,DRAW,5n2/3B2k1/8/8/4r3/8/K6R/8 w - - 0 1
1,1,0,0,0,0,0,1,-1,1,0,1,1,1,0,0,0,0,0,16,0,0,4,3,0,7,4,3,3,28,22,0,0,0,0,0,0,0,0,7,1,1,0,0,0,0,2,2,1,1,KRBKRNvK,DRAW,8/8/2n5/2B4k/5R2/2r5/8/3K4 w - - 0 1
1,1,0,0,0,0,0,1,-1,1,0,1,1,1,0,0,0,0,0,16,0,0,6,6,3,0,1,2,5,28,23,0,0,0,0,0,0,0,0,7,1,1,0,0,0,0,2,3,0,0,KRBKRNvK,DRAW,8/8/8/1R6/2n3K1/3r4/k2B4/8 w - - 0 1
0,1,0,0,0,0,0,1,-1,1,0,1,1,1,0,0,0,0,0,16,0,0,2,5,2,7,3,2,3,2,0,1,0,0,0,0,0,0,0,7,1,1,0,0,0,0,2,2,1,2,KRBKRNvK,DRAW,8/8/8/3r4/4n1Rk/5K2/8/6B1 b - - 0 1
1,1,0,0,0,0,0,1,-1,1,0,1,1,1,0,0,0,0,0,16,0,0,5,0,2,2,7,4,4,26,18,0,0,0,0,0,0,0,0,7,1,1,0,0,0,0,3,2,0,0,KRBKRNvK,DRAW,2kr4/8/8/6R1/8/K7/7n/1B6 w - - 0 1
1,1,0,0,0,0,0,1,-1,1,0,1,1,1,0,0,0,0,0,16,0,0,4,0,2,4,3,4,0,5,0,1,0,0,0,0,0,0,0,7,1,1,0,0,0,0,3,3,0,1,KRBKRNvK,DRAW,3R4/8/8/8/4k3/K5r1/8/B1n5 w - - 0 1
0,1,0,0,0,0,0,1,-1,1,0,1,1,1,0,0,0,0,0,16,0,0,7,7,0,0,1,6,5,18,24,0,0,0,0,0,0,0,0,7,1,1,0,0,0,0,3,1,1,0,KRBKRNvK,DRAW,8/8/r3n3/8/8/8/k1B5/3R3K b - - 0 1
1,1,0,0,0,0,0,1,-1,1,0,1,1,1,0,0,0,0,0,16,0,0,4,7,4,3,0,3,3,24,19,0,0,0,0,0,0,0,0,7,1,1,0,0,0,0,0,2,1,1,KRBKRNvK,DRAW,8/4r2n/7B/7K/8/1R6/8/3k4 w - - 0 1
0,1,0,0,0,0,0,1,-1,1,0,1,1,1,0,0,0,0,0,16,0,0,3,1,6,4,4,4,0,22,25,0,0,0,0,0,0,0,0,7,1,1,0,0,0,0,1,3,1,0,KRBKRNvK,DRAW,6r1/BK6/8/4k1n1/8/2R5/8/8 b - - 0 1
1,1,0,0,0,0,0,1,-1,1,0,1,1,1,0,0,0,0,0,16,0,0,3,2,4,5,3,1,1,31,25,0,0,0,0,0,0,0,0,7,1,1,0,0,0,0,2,2,1,1,KRBKRNvK,DRAW,1R6/4r3/8/2K5/5k2/8/4Bn2/8 w - - 0 1
0,1,0,0,0,0,0,1,-1,1,0,1,1,1,0,0,0,0,0,16,0,0,3,3,4,3,1,0,2,20,23,0,0,0,0,0,0,0,0,7,1,1,1,0,0,0,4,1,0,0,KRBKRNvK,DRAW,8/3R4/6nr/3K4/8/B7/3k4/8 b - - 0 1
1,1,0,0,0,0,0,1,-1,1,0,1,1,1,0,0,0,0,0,16,0,0,6,0,7,6,7,6,5,24,20,0,0,0,0,0,0,0,0,7,1,1,0,0,0,0,3,2,0,0,KRBKRNvK,DRAW,K5kn/8/8/5r2/8/3R4/7B/8 w - - 0 1
1,1,0,0,0,0,0,1,-1,1,0,1,1,1,0,0,0,0,0,16,0,0,2,4,1,2,2,2,2,24,20,0,0,0,0,0,0,0,0,7,1,1,0,0,0,0,2,3,2,1,KRBKRNvK,DRAW,8/n7/8/4R3/3r4/2k5/B3K3/8 w - - 0 1
1,1,0,0,0,0,0,1,-1,1,0,1,1,1,0,0,0,0,0,16,0,0,5,1,6,6,6,4,4,25,28,0,0,0,0,0,0,0,0,7,1,1,0,1,0,0,3,3,0,0,KRBKRNvK,DRAW,8/1K4k1/8/8/1R6/6n1/3r4/7B w - - 0 1
0,1,0,0,0,0,0,1,-1,1,0,1,1,1,0,0,0,0,0,16,0,0,7,0,4,7,2,3,4,4,0,1,0,0,0,0,0,0,0,7,1,1,0,1,0,0,1,2,1,0,KRBKRNvK,DRAW,6n1/8/8/K7/8/1R5k/4r3/6B1 b - - 0 1
0,1,0,0,0,0,0,1,-1,1,0,1,1,1,0,0,0,0,0,16,0,0,3,4,3,3,0,0,3,2,0,1,0,0,0,0,0,0,0,7,1,1,0,1,0,0,3,1,0,1,KRBKRNvK,DRAW,8/5n2/5B2/8/4K3/8/2r5/3k3R b - - 0 1
0,1,0,0,0,0,0,1,-1,1,0,1,1,1,0,0,0,0,0,16,0,0,3,1,3,4,2,2,1,23,20,0,0,0,0,0,0,0,0,7,1,1,0,0,0,0,3,2,1,2,KRBKRNvK,DRAW,8/8/2Bn4/3R4/1K6/r3k3/8/8 b - - 0 1
0,1,0,0,0,0,0,1,-1,1,0,1,1,1,0,0,0,0,0,16,0,0,5,6,5,1,7,3,5,26,26,0,0,0,0,0,0,0,0,7,1,1,0,1,0,0,3,1,0,1,KRBKRNvK,DRAW,1k6/5B2/6K1/5n2/8/8/1r6/4R3 b - - 0 1
1,1,0,0,0,0,0,1,-1,1,0,1,1,1,0,0,0,0,0,16,0,0,2,7,1,7,3,5,3,26,23,0,0,0,0,0,0,0,0,7,1,1,0,0,0,0,3,2,0,0,KRBKRNvK,DRAW,8/2n5/3r4/8/R3B2k/8/7K/8 w - - 0 1
1,1,0,0,0,0,0,1,-1,1,0,1,1,1,0,0,0,0,0,16,0,0,3,4,3,2,0,0,4,22,20,0,0,0,0,0,0,0,0,7,1,1,0,1,0,0,4,0,2,0,KRBKRNvK,DRAW,8/8/8/7n/4K3/R2B4/1r6/2k5 w - - 0 1
0,1,0,0,0,0,0,1,-1,1,0,1,1,1,0,0,0,0,0,16,0,0,6,7,7,5,1,6,3,23,23,0,0,0,0,0,0,0,0,7,1,1,0,0,0,0,0,2,1,0,KRBKRNvK,DRAW,2B4K/8/8/4r3/8/8/1n3k2/7R b - - 0 1
0,1,0,0,0,0,0,1,-1,1,0,1,1,1,0,0,0,0,0,16,0,0,5,7,6,2,2,5,2,18,23,0,0,0,0,0,0,0,0,7,1,1,0,0,0,0,0,3,1,0,KRBKRNvK,DRAW,8/7K/B7/2r5/8/2k4n/R7/8 b - - 0 1
0,1,0,0,0,0,0,1,-1,1,0,1,1,1,0,0,0,0,0,16,0,0,4,4,3,6,7,0,5,22,26,0,0,0,0,0,0,0,0,7,1,1,0,0,0,0,3,2,0,0,KRBKRNvK,DRAW,5nk1/8/3B4/1r6/4K3/3R4/8/8 b - - 0 1
1,1,0,0,0,0,0,1,-1,1,0,1,1,1,0,0,0,0,0,16,0,0,4,1,5,5,3,3,1,6,0,1,0,0,0,0,0,0,0,7,1,1,0,0,0,0,0,2,0,1,KRBKRNvK,DRAW,1r6/8/1K6/8/B4k2/6n1/8/2R5 w - - 0 1
0,1,0,0,0,0,0,1,-1,1,0,1,1,1,0,0,0,0,0,16,0,0,6,0,3,6,3,3,2,5,0,1,0,0,0,0,0,0,0,7,1,1,0,0,0,0,1,2,1,2,KRBKRNvK,LOSS,8/8/8/1r2B3/Kn4k1/8/8/6R1 b - - 0 1
1,1,0,0,0,0,0,1,-1,1,0,1,1,1,0,0,0,0,0,16,0,0,3,3,4,6,4,0,2,4,0,1,0,0,0,0,0,0,0,7,1,1,0,0,0,0,3,2,0,2,KRBKRNvK,DRAW,8/8/1r6/3K2k1/8/2nB4/3R4/8 w - - 0 1
0,1,0,0,0,0,0,1,-1,1,0,1,1,1,0,0,0,0,0,16,0,0,7,2,7,6,0,4,5,3,0,1,0,0,0,0,0,0,0,7,1,1,0,0,0,0,3,1,0,0,KRBKRNvK,DRAW,2K5/8/6n1/6R1/8/8/2B5/6kr b - - 0 1
0,1,0,0,0,0,0,1,-1,1,0,1,1,1,0,0,0,0,0,16,0,0,4,1,2,2,6,3,3,22,30,0,0,0,0,0,0,0,0,7,1,1,0,0,0,0,0,2,0,0,KRBKRNvK,DRAW,8/2k5/5R2/4r3/1B6/1K6/7n/8 b - - 0 1
0,1,0,0,0,0,0,1,-1,1,0,1,1,1,0,0,0,0,0,16,0,0,4,2,3,3,7,1,3,22,24,0,0,0,0,0,0,0,0,7,1,1,0,0,0,0,3,1,0,1,KRBKRNvK,DRAW,3k4/8/8/8/B1K4R/8/4n3/6r1 b - - 0 1
0,1,0,0,0,0,0,1,-1,1,0,1,1,1,0,0,0,0,0,16,0,0,5,0,1,4,6,5,2,25,28,0,0,0,0,0,0,0,0,7,1,1,0,0,0,0,2,0,0,0,KRBKRNvK,DRAW,6r1/4k2n/8/1R6/8/8/K2B4/8 b - - 0 1
0,1,0,0,0,0,0,1,-1,1,0,1,1,1,0,0,0,0,0,16,0,0,6,1,2,7,5,3,4,19,23,0,0,0,0,0,0,0,0,7,1,1,0,0,0,0,3,2,0,1,KRBKRNvK,DRAW,7n/8/7k/R7/3r4/1K6/1B6/8 b - - 0 1
0,1,0,0,0,0,0,1,-1,1,0,1,1,1,0,0,0,0,0,16,0,0,5,0,7,4,2,6,1,5,0,1,0,0,0,0,0,0,0,7,1,1,0,0,0,0,2,2,0,1,KRBKRNvK,DRAW,K7/8/n1B5/8/5r2/4k2R/8/8 b - - 0 1
0,1,0,0,0,0,0,1,-1,1,0,1,1,1,0,0,0,0,0,16,0,0,2,7,7,6,5,6,3,6,0,1,0,0,0,0,0,0,0,7,1,1,0,0,0,0,3,1,0,0,KRBKRNvK,DRAW,7K/2r5/6k1/3R4/1n6/8/8/1B6 b - - 0 1
0,1,0,0,0,0,0,1,-1,1,0,1,1,1,0,0,0,0,0,16,0,0,3,4,4,2,1,0,3,11,31,0,0,0,0,0,0,0,0,7,1,1,0,0,0,0,3,0,0,0,KRBKRNvK,DRAW,1R6/8/8/4K3/6B1/8/2k5/1nr5 b - - 0 1
1,1,0,0,0,0,0,1,-1,1,0,1,1,1,0,0,0,0,0,16,0,0,3,7,5,7,2,4,4,4,0,1,0,0,0,0,0,0,0,7,1,1,1,0,0,0,1,3,1,0,KRBKRNvK,DRAW,8/6R1/2nr3K/8/8/7k/8/6B1 w - - 0 1
0,1,0,0,0,0,0,1,-1,1,0,1,1,1,0,0,0,0,0,16,0,0,3,3,0,2,3,3,1,6,0,1,0,0,0,0,0,0,0,7,1,1,0,0,0,0,0,3,1,0,KRBKRNvK,DRAW,6r1/8/6n1/8/2k4B/8/2R5/3K4 b - - 0 1
0,1,0,0,0,0,0,1,-1,1,0,1,1,1,0,0,0,0,0,16,0,0,6,1,7,7,1,5,5,22,27,0,0,0,0,0,0,0,0,7,1,1,0,1,0,0,0,0,0,0,KRBKRNvK,DRAW,1K6/8/1R6/6B1/8/8/5r1k/2n5 b - - 0 1
0,1,0,0,0,0,0,1,-1,1,0,1,1,1,0,0,0,0,0,16,0,0,6,1,2,7,5,3,4,20,34,0,0,0,0,0,0,0,0,7,1,1,0,0,0,0,1,1,0,0,KRBKRNvK,DRAW,8/8/7k/4B1n1/8/1K6/R7/7r b - - 0 1
0,1,0,0,0,0,0,1,-1,1,0,1,1,1,0,0,0,0,0,16,0,0,5,6,5,1,7,3,5,2,0,1,0,0,0,0,0,0,0,7,1,1,1,1,0,0,1,1,0,0,KRBKRNvK,DRAW,1k6/7R/6K1/2n1B3/8/8/r7/8 b - - 0 1
0,1,0,0,0,0,0,1,-1,1,0,1,1,1,0,0,0,0,0,16,0,0,3,4,4,1,4,0,2,22,25,0,0,0,0,0,0,0,0,7,1,1,1,0,0,0,3,2,2,0,KRBKRNvK,DRAW,8/2R5/8/1kB1K3/7r/8/8/4n3 b - - 0 1
1,1,0,0,0,0,0,1,-1,1,0,1,1,1,0,0,0,0,0,16,0,0,2,6,6,4,7,4,3,29,23,0,0,0,0,0,0,0,0,7,1,1,0,0,0,0,0,1,1,0,KRBKRNvK,DRAW,4k3/4B1K1/1R6/8/8/3n4/8/2r5 w - - 0 1
0,1,0,0,0,0,0,1,-1,1,0,1,1,1,0,0,0,0,0,16,0,0,4,1,7,5,4,5,1,22,26,0,0,0,0,0,0,0,0,7,1,1,1,0,0,0,2,2,1,0,KRBKRNvK,DRAW,1K4B1/3R4/8/5k2/8/8/8/4rn2 b - - 0 1
0,1,0,0,0,0,0,1,-1,1,0,1,1,1,0,0,0,0,0,16,0,0,2,4,3,2,4,0,1,21,17,0,0,0,0,0,0,0,0,7,1,1,0,0,0,0,4,2,0,2,KRBKRNvK,DRAW,8/8/2r5/2k1n3/4K2R/8/8/B7 b - - 0 1
0,1,0,0,0,0,0,1,-1,1,0,1,1,1,0,0,0,0,0,16,0,0,7,5,7,1,0,4,5,4,0,1,0,0,0,0,0,0,0,7,1,1,0,0,0,0,1,0,1,0,KRBKRNvK,DRAW,5K2/1n6/8/8/8/7r/2B3R1/1k6 b - - 0 1
1,1,0,0,0,0,0,1,-1,1,0,1,1,1,0,0,0,0,0,16,0,0,4,1,1,5,2,4,2,23,20,0,0,0,0,0,0,0,0,7,1,1,0,0,0,0,3,3,1,1,KRBKRNvK,DRAW,8/8/8/8/1n6/4rk2/1KBR4/8 w - - 0 1
0,1,0,0,0,0,0,1,-1,1,0,1,1,1,0,0,0,0,0,16,0,0,2,3,3,2,1,0,3,22,22,0,0,0,0,0,0,0,0,7,1,1,0,0,0,0,4,0,1,0,KRBKRNvK,DRAW,8/5r2/8/3R4/3K4/B7/2k5/2n5 b - - 0 1
0,1,0,0,0,0,0,1,-1,1,0,1,1,1,0,0,0,0,0,16,0,0,5,5,1,0,2,3,4,18,31,0,0,0,0,0,0,0,0,7,1,1,0,0,0,0,3,0,0,0,KRBKRNvK,DRAW,5n2/1B6/r7/8/7R/k7/5K2/8 b - - 0 1
1,1,0,0,0,0,0,1,-1,1,0,1,1,1,0,0,0,0,0,16,0,0,5,1,7,6,7,5,5,29,23,0,0,0,0,0,0,0,0,7,1,1,1,0,0,0,1,1,1,0,KRBKRNvK,DRAW,1K4k1/7R/4n3/2B5/8/5r2/8/8 w - - 0 1
1,1,0,0,0,0,0,1,-1,1,0,1,1,1,0,0,0,0,0,16,0,0,2,5,7,5,5,4,2,23,19,0,0,0,0,0,0,0,0,7,1,1,1,0,0,0,3,3,1,1,KRBKRNvK,DRAW,5K1n/1B2R3/5k2/8/r7/8/8/8 w - - 0 1
1,1,0,0,0,0,0,1,-1,1,0,1,1,1,0,0,0,0,0,16,0,0,5,0,3,5,0,3,4,22,22,0,0,0,0,0,0,0,0,7,1,1,0,0,0,0,0,0,0,0,KRBKRNvK,DRAW,1r6/n7/8/8/K7/2R5/8/2B2k2 w - - 0 1
1,1,0,0,0,0,0,1,-1,1,0,1,1,1,0,0,0,0,0,16,0,0,3,0,0,3,0,6,3,26,23,0,0,0,0,0,0,0,0,7,1,1,0,1,0,0,1,1,0,0,KRBKRNvK,DRAW,8/3n4/8/8/5B2/7R/6r1/K2k4 w - - 0 1
0,1,0,0,0,0,0,1,-1,1,0,1,1,1,0,0,0,0,0,16,0,0,7,4,0,6,7,3,5,21,25,0,0,0,0,0,0,0,0,7,1,1,0,1,0,0,1,0,0,1,KRBKRNvK,DRAW,5nk1/2B5/R7/8/8/8/6r1/4K3 b - - 0 1
1,1,0,0,0,0,0,1,-1,1,0,1,1,1,0,0,0,0,0,16,0,0,6,4,0,5,6,3,3,22,27,0,0,0,0,0,0,0,0,7,1,1,0,0,0,0,0,0,1,0,KRBKRNvK,DRAW,8/3B1k2/6r1/8/4n3/8/8/R3K3 w - - 0 1
1,1,0,0,0,0,0,1,-1,1,0,1,1,1,0,0,0,0,0,16,0,0,4,4,1,0,1,2,5,26,20,0,0,0,0,0,0,0,0,7,1,1,0,0,0,0,2,2,0,1,KRBKRNvK,DRAW,8/8/B6n/8/6r1/8/k3K3/3R4 w - - 0 1
0,1,0,0,0,0,0,1,-1,1,0,1,1,1,0,0,0,0,0,16,0,0,3,0,5,3,7,4,3,23,27,0,0,0,0,0,0,0,0,7,1,1,0,0,0,0,3,1,1,1,KRBKRNvK,DRAW,3k4/6B1/Kn2R3/8/8/8/8/5r2 b - - 0 1
0,1,0,0,0,0,0,1,-1,1,0,1,1,1,0,0,0,0,0,16,0,0,4,4,3,7,7,0,6,21,29,0,0,0,0,0,0,0,0,7,1,1,1,0,0,0,3,1,1,1,KRBKRNvK,DRAW,7k/5R2/1r6/6B1/4K3/8/2n5/8 b - - 0 1
1,1,0,0,0,0,0,1,-1,1,0,1,1,1,0,0,0,0,0,16,0,0,3,6,5,3,4,3,0,7,0,1,0,0,0,0,0,0,0,7,1,1,0,0,0,0,1,3,2,2,KRBKRNvK,DRAW,4r2n/8/6K1/3k4/5B2/1R6/8/8 w - - 0 1
0,1,0,0,0,0,0,1,-1,1,0,1,1,1,0,0,0,0,0,16,0,0,2,2,3,4,4,1,0,19,21,0,0,0,0,0,0,0,0,7,1,1,0,0,0,0,2,3,1,0,KRBKRNvK,DRAW,8/8/8/4k3/1RK3B1/8/8/3r2n1 b - - 0 1
1,1,0,0,0,0,0,1,-1,1,0,1,1,1,0,0,0,0,0,16,0,0,4,5,1,2,5,3,2,27,30,0,0,0,0,0,0,0,0,7,1,1,0,0,0,0,0,3,0,0,KRBKRNvK,DRAW,3r4/8/2k4B/8/2n5/8/5K2/6R1 w - - 0 1
0,1,0,0,0,0,0,1,-1,1,0,1,1,1,0,0,0,0,0,16,0,0,4,4,7,0,5,3,4,25,25,0,0,0,0,0,0,0,0,7,1,1,0,1,0,0,1,1,1,0,KRBKRNvK,DRAW,2R1K3/8/k7/8/2nB4/8/7r/8 b - - 0 1
0,1,0,0,0,0,0,1,-1,1,0,1,1,1,0,0,0,0,0,16,0,0,4,7,5,3,4,4,0,26,23,0,0,0,0,0,0,0,0,7,1,1,0,0,0,0,1,3,2,1,KRBKRNvK,DRAW,8/r7/7K/3k2n1/8/1R1B4/8/8 b - - 0 1
0,1,0,0,0,0,0,1,-1,1,0,1,1,1,0,0,0,0,0,16,0,0,3,2,6,2,3,3,1,25,21,0,0,0,0,0,0,0,0,7,1,1,1,0,0,0,2,2,0,0,KRBKRNvK,DRAW,5n2/R1K5/8/8/2k5/8/6B1/1r6 b - - 0 1
0,1,0,0,0,0,0,1,-1,1,0,1,1,1,0,0,0,0,0,16,0,0,2,3,0,4,2,3,1,20,24,0,0,0,0,0,0,0,0,7,1,1,0,0,0,0,3,2,1,0,KRBKRNvK,WIN,B7/8/6r1/8/n1R5/4k3/8/3K4 b - - 0 1
0,1,0,0,0,0,0,1,-1,1,0,1,1,1,0,0,0,0,0,16,0,0,3,0,2,3,2,4,1,21,27,0,0,0,0,0,0,0,0,7,1,1,0,0,0,0,3,4,1,0,KRBKRNvK,DRAW,8/8/4B2n/6r1/2R5/K2k4/8/8 b - - 0 1
1,1,0,0,0,0,0,1,-1,1,0,1,1,1,0,0,0,0,0,16,0,0,2,0,3,1,1,3,4,1,0,1,0,0,0,0,0,0,0,7,1,1,0,0,0,0,0,3,0,1,KRBKRNvK,LOSS,R7/8/8/5r2/K7/2n5/1k2B3/8 w - - 0 1
0,1,0,0,0,0,0,1,-1,1,0,1,1,1,0,0,0,0,0,16,0,0,5,3,7,5,2,3,2,25,16,0,0,0,0,0,0,0,0,7,1,1,1,0,0,0,2,2,0,0,KRBKRNvK,DRAW,2BK4/3R4/8/8/8/1r1n1k2/8/8 b - - 0 1
0,1,0,0,0,0,0,1,-1,1,0,1,1,1,0,0,0,0,0,16,0,0,6,7,7,1,6,6,4,6,0,1,0,0,0,0,0,0,0,7,1,1,0,1,0,0,2,3,1,0,KRBKRNvK,DRAW,7K/1k6/8/1R6/8/B5n1/3r4/8 b - - 0 1
0,1,0,0,0,0,0,1,-1,1,0,1,1,1,0,0,0,0,0,16,0,0,4,1,4,0,0,2,6,25,21,0,0,0,0,0,0,0,0,7,1,1,0,0,0,0,1,2,0,1,KRBKRNvK,DRAW,8/8/3R4/1K1n4/7r/8/4B3/k7 b - - 0 1
1,1,0,0,0,0,0,1,-1,1,0,1,1,1,0,0,0,0,0,16,0,0,5,7,1,4,6,5,2,26,28,0,0,0,0,0,0,0,0,7,1,1,0,0,0,0,1,1,0,0,KRBKRNvK,DRAW,5r2/4k3/1B6/8/2n5/8/7K/6R1 w - - 0 1
0,1,0,0,0,0,0,1,-1,1,0,1,1,1,0,0,0,0,0,16,0,0,4,3,0,4,4,3,0,23,22,0,0,0,0,0,0,0,0,7,1,1,0,0,0,0,1,3,0,0,KRBKRNvK,DRAW,1r6/8/n7/4k3/8/8/2B5/3K3R b - - 0 1
0,1,0,0,0,0,0,1,-1,1,0,1,1,1,0,0,0,0,0,16,0,0,5,2,3,7,2,1,4,6,0,1,0,0,0,0,0,0,0,7,1,1,0,0,0,0,2,0,0,0,KRBKRNvK,LOSS,1nB5/1r6/8/8/1RK5/7k/8/8 b - - 0 1
0,1,0,0,0,0,0,1,-1,1,0,1,1,1,0,0,0,0,0,16,0,0,2,1,6,3,4,4,0,5,0,1,0,0,0,0,0,0,0,7,1,1,0,0,0,0,1,3,1,0,KRBKRNvK,DRAW,R7/1K3B2/8/3k3n/8/8/8/7r b - - 0 1
0,1,0,0,0,0,0,1,-1,1,0,1,1,1,0,0,0,0,0,16,0,0,6,7,6,1,3,5,2,19,24,0,0,0,0,0,0,0,0,7,1,1,0,0,0,0,1,0,1,0,KRBKRNvK,DRAW,8/7K/6R1/8/nk6/1r6/2B5/8 b - - 0 1
0,1,0,0,0,0,0,1,-1,1,0,1,1,1,0,0,0,0,0,16,0,0,2,5,0,6,2,4,3,26,22,0,0,0,0,0,0,0,0,7,1,1,1,1,0,0,3,2,0,1,KRBKRNvK,DRAW,8/4R3/8/8/4n3/1B4k1/3r4/5K2 b - - 0 1
0,1,0,0,0,0,0,1,-1,1,0,1,1,1,0,0,0,0,0,16,0,0,4,5,0,3,4,4,0,4,0,1,0,0,0,0,0,0,0,7,1,1,0,1,0,0,1,4,0,1,KRBKRNvK,DRAW,6B1/8/6R1/3k4/1n6/8/7r/5K2 b - - 0 1
0,1,0,0,0,0,0,1,-1,1,0,1,1,1,0,0,0,0,0,16,0,0,3,4,7,4,4,3,0,24,28,0,0,0,0,0,0,0,0,7,1,1,0,0,0,0,1,3,1,0,KRBKRNvK,DRAW,4K3/8/8/2n1k3/2B5/1r6/5R2/8 b - - 0 1
0,1,0,0,0,0,0,1,-1,1,0,1,1,1,0,0,0,0,0,16,0,0,5,2,2,7,5,2,4,1,0,1,0,0,0,0,0,0,0,7,1,1,0,0,0,0,3,3,2,0,KRBKRNvK,LOSS,3r4/8/5B1k/8/7R/2K5/5n2/8 b - - 0 1
1,1,0,0,0,0,0,1,-1,1,0,1,1,1,0,0,0,0,0,16,0,0,4,3,3,7,7,0,6,29,21,0,0,0,0,0,0,0,0,7,1,1,0,0,0,0,3,0,0,0,KRBKRNvK,DRAW,4Bn1k/8/R7/8/3K4/8/8/1r6 w - - 0 1
0,1,0,0,0,0,0,1,-1,1,0,1,1,1,0,0,0,0,0,16,0,0,2,3,7,5,6,3,3,6,0,1,0,0,0,0,0,0,0,7,1,1,0,0,0,0,2,3,0,0,KRBKRNvK,DRAW,3K4/5k2/8/1R5r/8/1Bn5/8/8 b - - 0 1
1,1,0,0,0,0,0,1,-1,1,0,1,1,1,0,0,0,0,0,16,0,0,7,4,7,4,0,3,3,15,21,0,0,0,0,0,0,0,0,7,1,1,0,0,0,0,1,2,0,0,KRBKRNvK,DRAW,R3K3/B7/8/8/6r1/8/n7/4k3 w - - 0 1
0,1,0,0,0,0,0,1,-1,1,0,1,1,1,0,0,0,0,0,16,0,0,2,4,6,2,4,2,1,20,23,0,0,0,0,0,0,0,0,7,1,1,0,0,0,0,2,3,0,1,KRBKRNvK,DRAW,8/1n2K3/8/2k2r2/8/8/3B4/4R3 b - - 0 1
1,1,0,0,0,0,0,1,-1,1,0,1,1,1,0,0,0,0,0,16,0,0,5,2,4,7,2,1,4,17,23,0,0,0,0,0,0,0,0,7,1,1,0,0,0,0,2,1,1,0,KRBKRNvK,DRAW,8/8/8/1RK5/8/7k/2n5/5rB1 w - - 0 1
0,1,0,0,0,0,0,1,-1,1,0,1,1,1,0,0,0,0,0,16,0,0,2,5,4,4,2,1,1,18,26,0,0,0,0,0,0,0,0,7,1,1,0,0,0,0,2,2,0,0,KRBKRNvK,DRAW,5B2/8/2R5/5K2/8/4k3/5n2/5r2 b - - 0 1
1,1,0,0,0,0,0,1,-1,1,0,1,1,1,0,0,0,0,0,16,0,0,6,6,3,0,6,2,5,24,24,0,0,0,0,0,0,0,0,7,1,1,0,0,0,0,2,0,0,2,KRBKRNvK,DRAW,8/k7/7r/8/4n1K1/1R6/8/B7 w - - 0 1
0,1,0,0,0,0,0,1,-1,1,0,1,1,1,0,0,0,0,0,16,0,0,5,7,7,3,2,6,1,6,0,1,0,0,0,0,0,0,0,7,1,1,0,0,0,0,3,4,1,0,KRBKRNvK,DRAW,7K/8/3R4/6r1/8/3k4/1B6/3n4 b - - 0 1
1,1,0,0,0,0,0,1,-1,1,0,1,1,1,0,0,0,0,0,16,0,0,2,3,0,1,2,3,3,26,21,0,0,0,0,0,0,0,0,7,1,1,0,0,0,0,3,0,1,0,KRBKRNvK,DRAW,8/8/5r2/2R5/8/1k6/n5B1/3K4 w - - 0 1
1,1,0,0,0,0,0,1,-1,1,0,1,1,1,0,0,0,0,0,16,0,0,4,0,5,4,3,4,0,5,0,1,0,0,0,0,0,0,0,7,1,1,0,0,0,0,1,3,0,0,KRBKRNvK,DRAW,8/8/K6R/7n/4k3/1B6/8/r7 w - - 0 1
0,1,0,0,0,0,0,1,-1,1,0,1,1,1,0,0,0,0,0,16,0,0,3,1,7,0,4,5,3,17,24,0,0,0,0,0,0,0,0,7,1,1,0,0,0,0,2,0,0,0,KRBKRNvK,DRAW,1K2n3/8/4R2B/k7/8/8/8/r7 b - - 0 1
0,1,0,0,0,0,0,1,-1,1,0,1,1,1,0,0,0,0,0,16,0,0,6,1,4,7,4,2,3,21,24,0,0,0,0,0,0,0,0,7,1,1,0,0,0,0,1,2,0,0,KRBKRNvK,DRAW,5R2/8/8/1K5k/4r3/8/6B1/n7 b - - 0 1
1,1,0,0,0,0,0,1,-1,1,0,1,1,1,0,0,0,0,0,16,0,0,2,2,4,4,4,1,0,14,23,0,0,0,0,0,0,0,0,7,1,1,0,0,0,0,2,3,0,0,KRBKRNvK,DRAW,R7/B7/5n2/2K1k3/8/5r2/8/8 w - - 0 1
0,1,0,0,0,0,0,1,-1,1,0,1,1,1,0,0,0,0,0,16,0,0,2,6,4,4,5,2,1,3,0,1,0,0,0,0,0,0,0,7,1,1,0,0,0,0,2,2,0,0,KRBKRNvK,DRAW,8/8/1r2k3/R5K1/1n6/7B/8/8 b - - 0 1
1,1,0,0,0,0,0,1,-1,1,0,1,1,1,0,0,0,0,0,16,0,0,3,2,0,4,3,4,0,3,0,1,0,0,0,0,0,0,0,7,1,1,0,0,0,0,1,3,1,1,KRBKRNvK,DRAW,8/8/8/2r5/4k3/1n2B3/R7/2K5 w - - 0 1
0,1,0,0,0,0,0,1,-1,1,0,1,1,1,0,0,0,0,0,16,0,0,6,7,0,7,6,6,5,5,0,1,0,0,0,0,0,0,0,7,1,1,1,0,0,0,1,2,0,1,KRBKRNvK,DRAW,8/BR5k/8/8/6r1/8/8/5n1K b - - 0 1
0,1,0,0,0,0,0,1,-1,1,0,1,1,1,0,0,0,0,0,16,0,0,4,2,0,2,4,4,1,4,0,1,0,0,0,0,0,0,0,7,1,1,0,0,0,0,1,2,1,0,KRBKRNvK,DRAW,1R6/8/6r1/2k1n3/8/4B3/8/2K5 b - - 0 1
1,1,0,0,0,0,0,1,-1,1,0,1,1,1,0,0,0,0,0,16,0,0,4,4,3,0,2,0,4,5,0,1,0,0,0,0,0,0,0,7,1,1,1,0,0,0,3,3,0,2,KRBKRNvK,DRAW,8/3R4/4r3/8/4K3/k7/2n2B2/8 w - - 0 1
1,1,0,0,0,0,0,1,-1,1,0,1,1,1,0,0,0,0,0,16,0,0,5,4,5,2,0,1,4,26,19,0,0,0,0,0,0,0,0,7,1,1,0,0,0,0,4,2,0,1,KRBKRNvK,DRAW,8/8/4K3/4n3/R7/8/8/2k1r1B1 w - - 0 1
1,1,0,0,0,0,0,1,-1,1,0,1,1,1,0,0,0,0,0,16,0,0,5,7,7,5,2,6,2,3,0,1,0,0,0,0,0,0,0,7,1,1,0,0,0,0,2,1,1,0,KRBKRNvK,DRAW,1r5K/8/B7/3n4/8/5k2/8/3R4 w - - 0 1
1,1,0,0,0,0,0,1,-1,1,0,1,1,1,0,0,0,0,0,16,0,0,3,3,4,0,1,0,5,31,15,0,0,0,0,0,0,0,0,7,1,1,0,1,0,0,3,0,1,0,KRBKRNvK,DRAW,8/8/7R/3K4/1B6/8/kr6/6n1 w - - 0 1
0,1,0,0,0,0,0,1,-1,1,0,1,1,1,0,0,0,0,0,16,0,0,4,7,3,6,7,3,5,20,26,0,0,0,0,0,0,0,0,7,1,1,0,0,0,0,0,0,0,0,KRBKRNvK,DRAW,6kn/1r6/8/8/7K/2R5/8/5B2 b - - 0 1
1,1,0,0,0,0,0,1,-1,1,0,1,1,1,0,0,0,0,0,16,0,0,4,6,4,6,0,2,5,26,17,0,0,0,0,0,0,0,0,7,1,1,0,0,0,0,2,0,0,0,KRBKRNvK,DRAW,8/8/8/2R3K1/8/1B6/8/1n3rk1 w - - 0 1
1,1,0,0,0,0,0,1,-1,1,0,1,1,1,0,0,0,0,0,16,0,0,2,6,4,4,3,2,0,4,0,1,0,0,0,0,0,0,0,7,1,1,0,0,0,0,0,3,1,1,KRBKRNvK,DRAW,8/6r1/2n5/6K1/4k3/8/3B3R/8 w - - 0 1
1,1,0,0,0,0,0,1,-1,1,0,1,1,1,0,0,0,0,0,16,0,0,5,1,4,6,0,2,5,6,0,1,0,0,0,0,0,0,0,7,1,1,0,0,0,0,1,2,1,1,KRBKRNvK,DRAW,8/8/8/1K1r1nR1/8/6B1/8/6k1 w - - 0 1
0,1,0,0,0,0,0,1,-1,1,0,1,1,1,0,0,0,0,0,16,0,0,3,4,3,5,6,0,3,7,0,1,0,0,0,0,0,0,0,7,1,1,0,0,0,0,3,0,0,0,KRBKRNvK,DRAW,2r5/5k2/7n/8/4K3/5R2/8/5B2 b - - 0 1
0,1,0,0,0,0,0,1,-1,1,0,1,1,1,0,0,0,0,0,16,0,0,3,1,2,4,3,3,0,6,0,1,0,0,0,0,0,0,0,7,1,1,0,0,0,0,3,3,0,1,KRBKRNvK,DRAW,4R3/5B2/r7/8/4k3/1K6/2n5/8 b - - 0 1
1,1,0,0,0,0,0,1,-1,1,0,1,1,1,0,0,0,0,0,16,0,0,2,7,7,5,7,6,4,22,21,0,0,0,0,0,0,0,0,7,1,1,0,0,0,0,2,1,0,0,KRBKRNvK,DRAW,5k1K/B2n4/8/8/6R1/5r2/8/8 w - - 0 1
1,1,0,0,0,0,0,1,-1,1,0,1,1,1,0,0,0,0,0,16,0,0,2,2,5,0,6,2,5,3,0,1,0,0,0,0,0,0,0,7,1,1,0,0,0,0,3,3,0,2,KRBKRNvK,DRAW,8/k3r3/2K5/8/1nB2R2/8/8/8 w - - 0 1
0,1,0,0,0,0,0,1,-1,1,0,1,1,1,0,0,0,0,0,16,0,0,5,3,0,5,5,3,2,19,20,0,0,0,0,0,0,0,0,7,1,1,0,0,0,0,2,2,1,0,KRBKRNvK,DRAW,4R3/4n3/5kr1/8/8/8/8/3K3B b - - 0 1
0,1,0,0,0,0,0,1,-1,1,0,1,1,1,0,0,0,0,0,16,0,0,3,4,6,2,3,2,1,6,0,1,0,0,0,0,0,0,0,7,1,1,0,0,0,0,1,3,0,0,KRBKRNvK,DRAW,8/4K3/r7/8/2k2B2/5n2/8/2R5 b - - 0 1
1,1,0,0,0,0,0,1,-1,1,0,1,1,1,0,0,0,0,0,16,0,0,4,1,1,0,5,4,4,28,21,0,0,0,0,0,0,0,0,7,1,1,0,0,0,0,3,2,0,0,KRBKRNvK,DRAW,n7/8/k2B4/7r/8/8/1K1R4/8 w - - 0 1
0,1,0,0,0,0,0,1,-1,1,0,1,1,1,0,0,0,0,0,16,0,0,4,7,4,7,0,3,6,22,25,0,0,0,0,0,0,0,0,7,1,1,0,0,0,0,1,1,0,1,KRBKRNvK,DRAW,8/2B2n2/5R2/7K/8/1r6/8/7k b - - 0 1
1,1,0,0,0,0,0,1,-1,1,0,1,1,1,0,0,0,0,0,16,0,0,5,5,5,5,0,2,4,26,23,0,0,0,0,0,0,0,0,7,1,1,0,0,0,0,1,1,1,0,KRBKRNvK,DRAW,8/8/1R3K2/8/8/r7/2n4B/5k2 w - - 0 1
1,1,0,0,0,0,0,1,-1,1,0,1,1,1,0,0,0,0,0,16,0,0,5,0,7,5,2,6,2,24,20,0,0,0,0,0,0,0,0,7,1,1,0,0,0,0,2,2,1,0,KRBKRNvK,DRAW,K4B2/8/8/6R1/8/2r2k2/2n5/8 w - - 0 1
0,1,0,0,0,0,0,1,-1,1,0,1,1,1,0,0,0,0,0,16,0,0,3,2,3,2,6,1,3,27,26,0,0,0,0,0,0,0,0,7,1,1,0,0,0,0,4,0,0,1,KRBKRNvK,DRAW,8/2k2r2/8/7R/2K1n3/8/2B5/8 b - - 0 1
0,1,0,0,0,0,0,1,-1,1,0,1,1,1,0,0,0,0,0,16,0,0,5,0,7,2,2,6,2,6,0,1,0,0,0,0,0,0,0,7,1,1,0,0,0,0,0,2,0,0,KRBKRNvK,DRAW,K1RB4/8/8/8/8/2k2n2/8/5r2 b - - 0 1
1,1,0,0,0,0,0,1,-1,1,0,1,1,1,0,0,0,0,0,16,0,0,4,3,4,5,0,0,4,28,23,0,0,0,0,0,0,0,0,7,1,1,0,1,0,0,3,1,0,0,KRBKRNvK,DRAW,4R3/8/7B/3K4/6n1/8/1r6/5k2 w - - 0 1
0,1,0,0,0,0,0,1,-1,1,0,1,1,1,0,0,0,0,0,16,0,0,3,2,3,2,6,1,3,5,0,1,0,0,0,0,0,0,0,7,1,1,1,0,0,0,2,0,1,1,KRBKRNvK,DRAW,8/R1k5/6r1/8/2Kn2B1/8/8/8 b - - 0 1
0,1,0,0,0,0,0,1,-1,1,0,1,1,1,0,0,0,0,0,16,0,0,2,3,5,1,6,1,4,25,22,0,0,0,0,0,0,0,0,7,1,1,0,0,0,0,3,3,0,0,KRBKRNvK,DRAW,8/1k6/3K4/r7/8/1n6/2B4R/8 b - - 0 1
0,1,0,0,0,0,0,1,-1,1,0,1,1,1,0,0,0,0,0,16,0,0,4,0,4,0,0,3,6,22,23,0,0,0,0,0,0,0,0,7,1,1,0,0,0,0,2,1,0,1,KRBKRNvK,DRAW,8/8/8/K7/Bn1R4/8/8/k4r2 b - - 0 1
1,1,0,0,0,0,0,1,-1,1,0,1,1,1,0,0,0,0,0,16,0,0,3,7,3,5,0,3,4,26,27,0,0,0,0,0,0,0,0,7,1,1,1,0,0,0,2,2,0,0,KRBKRNvK,DRAW,r7/1R6/2n5/8/7K/8/1B6/5k2 w - - 0 1
1,1,0,0,0,0,0,1,-1,1,0,1,1,1,0,0,0,0,0,16,0,0,3,3,5,0,2,1,4,5,0,1,0,0,0,0,0,0,0,7,1,1,0,0,0,0,2,0,0,1,KRBKRNvK,DRAW,8/1n6/r2K4/8/5B1R/k7/8/8 w - - 0 1
1,1,0,0,0,0,0,1,-1,1,0,1,1,1,0,0,0,0,0,16,0,0,3,0,6,3,6,5,2,30,19,0,0,0,0,0,0,0,0,7,1,1,0,0,0,0,1,2,1,0,KRBKRNvK,DRAW,8/K2k4/5R2/8/2Br4/n7/8/8 w - - 0 1
0,1,0,0,0,0,0,1,-1,1,0,1,1,1,0,0,0,0,0,16,0,0,3,4,4,6,1,0,4,22,26,0,0,0,0,0,0,0,0,7,1,1,0,0,0,0,3,2,1,1,KRBKRNvK,DRAW,8/8/2R5/4K3/5r2/7n/4B1k1/8 b - - 0 1
1,1,0,0,0,0,0,1,-1,1,0,1,1,1,0,0,0,0,0,16,0,0,3,5,0,6,3,4,2,3,0,1,0,0,0,0,0,0,0,7,1,1,0,0,0,0,1,0,0,1,KRBKRNvK,DRAW,R7/8/8/8/n1B3k1/8/8/5K1r w - - 0 1
0,1,0,0,0,0,0,1,-1,1,0,1,1,1,0,0,0,0,0,16,0,0,5,0,7,4,2,6,1,25,22,0,0,0,0,0,0,0,0,7,1,1,0,0,0,0,2,4,0,0,KRBKRNvK,DRAW,K7/8/8/5r2/8/4k3/1B6/4n2R b - - 0 1
0,1,0,0,0,0,0,1,-1,1,0,1,1,1,0,0,0,0,0,16,0,0,3,5,6,5,3,3,1,21,29,0,0,0,0,0,0,0,0,7,1,1,0,0,0,0,0,3,1,0,KRBKRNvK,DRAW,8/5K2/8/1r6/5k2/n6B/8/6R1 b - - 0 1
1,1,0,0,0,0,0,1,-1,1,0,1,1,1,0,0,0,0,0,16,0,0,2,4,0,2,1,3,3,3,0,1,0,0,0,0,0,0,0,7,1,1,0,0,0,0,2,0,0,0,KRBKRNvK,DRAW,8/8/8/1R6/6B1/8/1nk5/r3K3 w - - 0 1
0,1,0,0,0,0,0,1,-1,1,0,1,1,1,0,0,0,0,0,16,0,0,5,1,3,6,0,2,5,12,27,0,0,0,0,0,0,0,0,7,1,1,0,0,0,0,1,0,0,0,KRBKRNvK,DRAW,1r6/1n6/8/8/1K2B3/8/1R6/6k1 b - - 0 1
1,1,0,0,0,0,0,1,-1,1,0,1,1,1,0,0,0,0,0,16,0,0,6,1,7,4,1,5,2,22,29,0,0,0,0,0,0,0,0,7,1,1,1,0,0,0,2,2,0,0,KRBKRNvK,DRAW,1K6/1B4R1/4n3/8/r7/8/4k3/8 w - - 0 1
1,1,0,0,0,0,0,1,-1,1,0,1,1,1,0,0,0,0,0,16,0,0,5,7,5,4,0,4,3,23,18,0,0,0,0,0,0,0,0,7,1,1,1,0,0,0,0,3,0,0,KRBKRNvK,DRAW,8/R7/7K/8/8/B7/5n2/3rk3 w - - 0 1
0,1,0,0,0,0,0,1,-1,1,0,1,1,1,0,0,0,0,0,16,0,0,4,5,2,1,0,2,5,20,21,0,0,0,0,0,0,0,0,7,1,1,0,0,0,0,1,0,0,1,KRBKRNvK,DRAW,2R5/1r6/8/8/8/5K1n/8/1k5B b - - 0 1
0,1,0,0,0,0,0,1,-1,1,0,1,1,1,0,0,0,0,0,16,0,0,3,3,0,0,0,3,6,3,0,1,0,0,0,0,0,0,0,7,1,1,1,1,0,0,1,1,1,0,KRBKRNvK,DRAW,8/R2n4/8/8/8/1B6/6r1/k2K4 b - - 0 1
0,1,0,0,0,0,0,1,-1,1,0,1,1,1,0,0,0,0,0,16,0,0,7,1,7,2,0,5,4,2,0,1,0,0,0,0,0,0,0,7,1,1,0,0,0,0,0,3,0,0,KRBKRNvK,DRAW,1K6/8/4r2B/8/8/5n2/8/2k4R b - - 0 1
0,1,0,0,0,0,0,1,-1,1,0,1,1,1,0,0,0,0,0,16,0,0,5,2,7,7,2,4,4,19,20,0,0,0,0,0,0,0,0,7,1,1,1,0,0,0,1,2,0,0,KRBKRNvK,DRAW,2K5/1RB5/8/8/r7/7k/8/6n1 b - - 0 1
1,1,0,0,0,0,0,1,-1,1,0,1,1,1,0,0,0,0,0,16,0,0,2,5,3,5,5,1,2,25,23,0,0,0,0,0,0,0,0,7,1,1,0,0,0,0,3,2,0,0,KRBKRNvK,DRAW,8/8/5k2/2r5/1n3K2/4RB2/8/8 w - - 0 1
1,1,0,0,0,0,0,1,-1,1,0,1,1,1,0,0,0,0,0,16,0,0,7,1,0,3,7,5,3,28,11,0,0,0,0,0,0,0,0,7,1,1,1,0,0,0,2,0,0,0,KRBKRNvK,DRAW,3k3r/6R1/8/7n/8/2B5/8/1K6 w - - 0 1
0,1,0,0,0,0,0,1,-1,1,0,1,1,1,0,0,0,0,0,16,0,0,4,5,5,6,1,2,4,7,0,1,0,0,0,0,0,0,0,7,1,1,0,0,0,0,2,3,0,0,KRBKRNvK,DRAW,6R1/8/5K2/8/1r6/1Bn5/6k1/8 b - - 0 1
0,1,0,0,0,0,0,1,-1,1,0,1,1,1,0,0,0,0,0,16,0,0,3,0,4,2,7,3,4,4,0,1,0,0,0,0,0,0,0,7,1,1,0,0,0,0,2,3,1,0,KRBKRNvK,DRAW,2k5/8/B4n2/K7/7r/8/4R3/8 b - - 0 1
1,1,0,0,0,0,0,1,-1,1,0,1,1,1,0,0,0,0,0,16,0,0,4,7,4,3,0,3,3,17,27,0,0,0,0,0,0,0,0,7,1,1,0,0,0,0,1,2,0,1,KRBKRNvK,DRAW,RB6/1r6/8/7K/8/5n2/8/3k4 w - - 0 1
0,1,0,0,0,0,0,1,-1,1,0,1,1,1,0,0,0,0,0,16,0,0,2,5,2,3,1,2,2,25,26,0,0,0,0,0,0,0,0,7,1,1,0,0,0,0,1,0,1,1,KRBKRNvK,DRAW,8/8/2r5/3n4/8/5K1B/3k4/1R6 b - - 0 1
1,1,0,0,0,0,0,1,-1,1,0,1,1,1,0,0,0,0,0,16,0,0,3,3,0,6,1,3,4,5,0,1,0,0,0,0,0,0,0,7,1,1,0,0,0,0,2,2,1,0,KRBKRNvK,LOSS,8/7B/3r4/5n2/7R/8/6k1/3K4 w - - 0 1
0,1,0,0,0,0,0,1,-1,1,0,1,1,1,0,0,0,0,0,16,0,0,6,7,4,1,3,3,2,5,0,1,0,0,0,0,0,0,0,7,1,1,0,0,0,0,1,0,0,0,KRBKRNvK,LOSS,8/8/1r6/7K/1k6/4B3/n7/1R6 b - - 0 1
0,1,0,0,0,0,0,1,-1,1,0,1,1,1,0,0,0,0,0,16,0,0,5,3,1,7,6,2,5,25,23,0,0,0,0,0,0,0,0,7,1,1,0,0,0,0,1,3,0,1,KRBKRNvK,DRAW,R7/7k/8/5n2/8/8/B2K4/4r3 b - - 0 1
1,1,0,0,0,0,0,1,-1,1,0,1,1,1,0,0,0,0,0,16,0,0,6,7,5,1,5,4,3,29,21,0,0,0,0,0,0,0,0,7,1,1,0,0,0,0,3,2,1,0,KRBKRNvK,DRAW,4R3/8/1kB4K/8/2r5/8/8/2n5 w - - 0 1
0,1,0,0,0,0,0,1,-1,1,0,1,1,1,0,0,0,0,0,16,0,0,3,5,6,3,3,3,0,7,0,1,0,0,0,0,0,0,0,7,1,1,1,0,0,0,1,3,0,1,KRBKRNvK,DRAW,8/B4KR1/n7/4r3/3k4/8/8/8 b - - 0 1
0,1,0,0,0,0,0,1,-1,1,0,1,1,1,0,0,0,0,0,16,0,0,3,7,3,4,1,3,2,24,24,0,0,0,0,0,0,0,0,7,1,1,0,0,0,0,0,0,0,0,KRBKRNvK,DRAW,1n6/8/1R6/8/B6K/2r5/4k3/8 b - - 0 1
0,1,0,0,0,0,0,1,-1,1,0,1,1,1,0,0,0,0,0,16,0,0,5,7,1,2,3,5,1,6,0,1,0,0,0,0,0,0,0,7,1,1,0,0,0,0,3,2,0,0,KRBKRNvK,LOSS,6B1/8/8/8/2k5/8/7K/nr2R3 b - - 0 1
0,1,0,0,0,0,0,1,-1,1,0,1,1,1,0,0,0,0,0,16,0,0,7,0,5,7,3,4,3,25,18,0,0,0,0,0,0,0,0,7,1,1,1,0,0,0,0,1,0,0,KRBKRNvK,DRAW,8/R7/K7/8/7k/3n4/4B3/5r2 b - - 0 1
0,1,0,0,0,0,0,1,-1,1,0,1,1,1,0,0,0,0,0,16,0,0,3,3,1,5,4,2,1,24,28,0,0,0,0,0,0,0,0,7,1,1,0,0,0,0,2,3,1,0,KRBKRNvK,DRAW,8/8/2n3r1/5k2/8/1R3B2/3K4/8 b - - 0 1
0,1,0,0,0,0,0,1,-1,1,0,1,1,1,0,0,0,0,0,16,0,0,3,0,7,2,4,6,1,20,19,0,0,0,0,0,0,0,0,7,1,1,0,0,0,0,1,3,0,0,KRBKRNvK,DRAW,KR2n3/8/8/2k5/3r4/8/B7/8 b - - 0 1
1,1,0,0,0,0,0,1,-1,1,0,1,1,1,0,0,0,0,0,16,0,0,7,0,6,7,7,5,6,24,24,0,0,0,0,0,0,0,0,7,1,1,0,0,0,0,2,1,1,1,KRBKRNvK,DRAW,5B1k/K7/2r5/3R4/5n2/8/8/8 w - - 0 1
0,1,0,0,0,0,0,1,-1,1,0,1,1,1,0,0,0,0,0,16,0,0,7,7,3,0,0,3,6,20,25,0,0,0,0,0,0,0,0,7,1,1,1,0,0,0,0,0,0,0,KRBKRNvK,DRAW,3n4/6R1/8/8/7K/7B/8/k4r2 b - - 0 1
1,1,0,0,0,0,0,1,-1,1,0,1,1,1,0,0,0,0,0,16,0,0,3,6,3,3,2,2,1,29,18,0,0,0,0,0,0,0,0,7,1,1,0,0,0,0,1,3,1,0,KRBKRNvK,DRAW,4r3/4n3/8/8/6K1/3k2B1/1R6/8 w - - 0 1
0,1,0,0,0,0,0,1,-1,1,0,1,1,1,0,0,0,0,0,16,0,0,2,4,2,6,0,1,5,18,27,0,0,0,0,0,0,0,0,7,1,1,0,0,0,0,3,0,0,1,KRBKRNvK,DRAW,8/8/8/3BR3/8/n3K3/8/2r3k1 b - - 0 1
0,1,0,0,0,0,0,1,-1,1,0,1,1,1,0,0,0,0,0,16,0,0,3,3,4,1,1,0,4,25,18,0,0,0,0,0,0,0,0,7,1,1,0,0,0,0,3,2,0,1,KRBKRNvK,DRAW,2n2B1R/8/8/3K4/4r3/8/1k6/8 b - - 0 1
1,1,0,0,0,0,0,1,-1,1,0,1,1,1,0,0,0,0,0,16,0,0,2,7,6,5,6,5,3,22,20,0,0,0,0,0,0,0,0,7,1,1,0,1,0,0,2,0,0,0,KRBKRNvK,DRAW,8/5k1K/R7/8/8/8/2r5/Bn6 w - - 0 1
0,1,0,0,0,0,0,1,-1,1,0,1,1,1,0,0,0,0,0,16,0,0,6,6,0,7,6,5,5,24,22,0,0,0,0,0,0,0,0,7,1,1,0,0,0,0,1,3,0,0,KRBKRNvK,DRAW,2R5/4r2k/8/8/8/2n5/7B/6K1 b - - 0 1
0,1,0,0,0,0,0,1,-1,1,0,1,1,1,0,0,0,0,0,16,0,0,2,5,7,3,7,4,3,2,0,1,0,0,0,0,0,0,0,7,1,1,0,0,0,0,2,0,2,1,KRBKRNvK,DRAW,r2kBK1n/8/3R4/8/8/8/8/8 b - - 0 1
1,1,0,0,0,0,0,1,-1,1,0,1,1,1,0,0,0,0,0,16,0,0,2,0,5,2,3,4,1,26,24,0,0,0,0,0,0,0,0,7,1,1,0,1,0,0,1,2,0,0,KRBKRNvK,DRAW,8/8/K7/3n4/2k5/6B1/3r4/5R2 w - - 0 1
0,1,0,0,0,0,0,1,-1,1,0,1,1,1,0,0,0,0,0,16,0,0,7,1,0,5,7,5,4,19,26,0,0,0,0,0,0,0,0,7,1,1,0,0,0,0,3,1,0,0,KRBKRNvK,DRAW,r4k2/5n2/8/8/3B2R1/8/8/1K6 b - - 0 1
0,1,0,0,0,0,0,1,-1,1,0,1,1,1,0,0,0,0,0,16,0,0,5,3,1,2,6,2,3,25,25,0,0,0,0,0,0,0,0,7,1,1,0,0,0,0,1,1,1,1,KRBKRNvK,DRAW,8/2k2r2/4B3/8/8/4n2R/3K4/8 b - - 0 1
1,1,0,0,0,0,0,1,-1,1,0,1,1,1,0,0,0,0,0,16,0,0,6,7,6,1,1,5,4,22,17,0,0,0,0,0,0,0,0,7,1,1,0,0,0,0,1,0,0,0,KRBKRNvK,DRAW,3n4/7K/8/8/5Br1/5R2/1k6/8 w - - 0 1
1,1,0,0,0,0,0,1,-1,1,0,1,1,1,0,0,0,0,0,16,0,0,3,2,4,1,7,1,5,27,14,0,0,0,0,0,0,0,0,7,1,1,1,0,0,0,2,0,0,0,KRBKRNvK,DRAW,1k6/7R/8/2K5/8/8/1n3B2/5r2 w - - 0 1
1,1,0,0,0,0,0,1,-1,1,0,1,1,1,0,0,0,0,0,16,0,0,2,7,4,5,3,3,1,23,21,0,0,0,0,0,0,0,0,7,1,1,0,0,0,0,2,2,1,0,KRBKRNvK,DRAW,8/8/8/2R4K/5k2/8/1n2B3/6r1 w - - 0 1
0,1,0,0,0,0,0,1,-1,1,0,1,1,1,0,0,0,0,0,16,0,0,3,6,5,6,2,3,3,25,23,0,0,0,0,0,0,0,0,7,1,1,0,0,0,0,2,0,1,0,KRBKRNvK,DRAW,8/1r6/6KB/8/8/6k1/8/2n1R3 b - - 0 1
1,1,0,0,0,0,0,1,-1,1,0,1,1,1,0,0,0,0,0,16,0,0,5,1,2,2,7,3,4,27,17,0,0,0,0,0,0,0,0,7,1,1,0,0,0,0,3,0,0,1,KRBKRNvK,DRAW,2k5/8/r4B2/8/8/nK2R3/8/8 w - - 0 1
1,1,0,0,0,0,0,1,-1,1,0,1,1,1,0,0,0,0,0,16,0,0,2,3,6,5,6,2,3,26,15,0,0,0,0,0,0,0,0,7,1,1,0,0,0,0,3,1,1,1,KRBKRNvK,DRAW,8/3K1k2/4r3/2R1B3/8/8/8/7n w - - 0 1
0,1,0,0,0,0,0,1,-1,1,0,1,1,1,0,0,0,0,0,16,0,0,6,4,7,6,1,3,4,28,20,0,0,0,0,0,0,0,0,7,1,1,0,0,0,0,0,3,1,0,KRBKRNvK,DRAW,R3K3/8/8/8/2n4B/8/6k1/3r4 b - - 0 1
1,1,0,0,0,0,0,1,-1,1,0,1,1,1,0,0,0,0,0,16,0,0,2,4,3,5,1,0,3,24,20,0,0,0,0,0,0,0,0,7,1,1,0,1,0,0,3,1,0,2,KRBKRNvK,DRAW,1R6/8/8/8/B2nK3/8/3r1k2/8 w - - 0 1
1,1,0,0,0,0,0,1,-1,1,0,1,1,1,0,0,0,0,0,16,0,0,3,5,3,2,1,1,3,5,0,1,0,0,0,0,0,0,0,7,1,1,0,0,0,0,3,3,0,1,KRBKRNvK,LOSS,8/6B1/6n1/8/2r2K1R/8/2k5/8 w - - 0 1
1,1,0,0,0,0,0,1,-1,1,0,1,1,1,0,0,0,0,0,16,0,0,4,4,4,0,7,0,6,7,0,1,0,0,0,0,0,0,0,7,1,1,1,0,0,0,3,1,1,1,KRBKRNvK,DRAW,k7/2R2B2/8/4K3/8/3n3r/8/8 w - - 0 1
1,1,0,0,0,0,0,1,-1,1,0,1,1,1,0,0,0,0,0,16,0,0,6,6,0,4,6,5,2,1,0,1,0,0,0,0,0,0,0,7,1,1,0,0,0,0,2,2,1,0,KRBKRNvK,DRAW,8/4k1B1/8/8/7n/8/7R/3r2K1 w - - 0 1
1,1,0,0,0,0,0,1,-1,1,0,1,1,1,0,0,0,0,0,16,0,0,4,2,1,6,2,3,3,33,20,0,0,0,0,0,0,0,0,7,1,1,1,0,0,0,1,0,0,0,KRBKRNvK,DRAW,7r/1R6/4B3/8/8/6k1/2K5/7n w - - 0 1
1,1,0,0,0,0,0,1,-1,1,0,1,1,1,0,0,0,0,0,16,0,0,3,3,6,0,5,2,4,25,20,0,0,0,0,0,0,0,0,7,1,1,0,0,0,0,2,0,0,1,KRBKRNvK,DRAW,1r4B1/3K2n1/k7/7R/8/8/8/8 w - - 0 1
1,1,0,0,0,0,0,1,-1,1,0,1,1,1,0,0,0,0,0,16,0,0,4,6,2,2,5,3,2,22,25,0,0,0,0,0,0,0,0,7,1,1,0,0,0,0,2,2,1,0,KRBKRNvK,DRAW,3r4/8/2k5/R7/8/1n4K1/7B/8 w - - 0 1
1,1,0,0,0,0,0,1,-1,1,0,1,1,1,0,0,0,0,0,16,0,0,5,5,6,0,2,3,4,31,21,0,0,0,0,0,0,0,0,7,1,1,0,0,0,0,1,1,1,0,KRBKRNvK,DRAW,8/5K2/1n6/8/8/k1r5/2B5/6R1 w - - 0 1
0,1,0,0,0,0,0,1,-1,1,0,1,1,1,0,0,0,0,0,16,0,0,4,5,5,1,7,2,5,22,23,0,0,0,0,0,0,0,0,7,1,1,0,0,0,0,1,3,1,1,KRBKRNvK,DRAW,1k2r3/8/B1n2K2/8/8/8/R7/8 b - - 0 1
1,1,0,0,0,0,0,1,-1,1,0,1,1,1,0,0,0,0,0,16,0,0,3,6,0,5,3,5,1,27,16,0,0,0,0,0,0,0,0,7,1,1,0,0,0,0,3,3,1,0,KRBKRNvK,DRAW,8/2n2r2/8/R7/5k2/8/6B1/6K1 w - - 0 1
0,1,0,0,0,0,0,1,-1,1,0,1,1,1,0,0,0,0,0,16,0,0,5,6,5,7,0,3,6,17,24,0,0,0,0,0,0,0,0,7,1,1,0,0,0,0,3,2,0,1,KRBKRNvK,DRAW,8/3r3n/6K1/8/8/8/1B2R3/7k b - - 0 1
1,1,0,0,0,0,0,1,-1,1,0,1,1,1,0,0,0,0,0,16,0,0,4,6,7,2,7,5,4,28,8,0,0,0,0,0,0,0,0,7,1,1,0,0,0,0,2,0,0,0,KRBKRNvK,DRAW,1rk3K1/n7/8/1B6/8/8/3R4/8 w - - 0 1
0,1,0,0,0,0,0,1,-1,1,0,1,1,1,0,0,0,0,0,16,0,0,4,4,6,0,5,2,4,8,26,0,0,0,0,0,0,0,0,7,1,1,0,0,0,0,3,0,0,0,KRBKRNvK,DRAW,8/rn2K3/k7/8/6R1/8/6B1/8 b - - 0 1
0,1,0,0,0,0,0,1,-1,1,0,1,1,1,0,0,0,0,0,16,0,0,2,4,3,3,5,0,1,4,0,1,0,0,0,0,0,0,0,7,1,1,0,0,0,0,3,2,0,1,KRBKRNvK,DRAW,8/n7/3k2r1/8/4K3/BR6/8/8 b - - 0 1
1,1,0,0,0,0,0,1,-1,1,0,1,1,1,0,0,0,0,0,16,0,0,6,7,4,1,7,3,5,27,18,0,0,0,0,0,0,0,0,7,1,1,0,0,0,0,3,2,0,0,KRBKRNvK,DRAW,1k6/8/8/3B1R1K/8/n7/8/3r4 w - - 0 1
1,1,0,0,0,0,0,1,-1,1,0,1,1,1,0,0,0,0,0,16,0,0,3,3,3,0,4,0,3,27,19,0,0,0,0,0,0,0,0,7,1,1,0,0,0,0,3,1,0,0,KRBKRNvK,WIN,8/2rnB3/8/k7/3K4/5R2/8/8 w - - 0 1
1,1,0,0,0,0,0,1,-1,1,0,1,1,1,0,0,0,0,0,16,0,0,4,3,1,7,4,2,3,31,14,0,0,0,0,0,0,0,0,7,1,1,0,0,0,0,1,0,0,0,KRBKRNvK,DRAW,5R2/8/1B5r/7k/8/8/3K4/7n w - - 0 1
1,1,0,0,0,0,0,1,-1,1,0,1,1,1,0,0,0,0,0,16,0,0,2,3,0,4,2,3,1,24,19,0,0,0,0,0,0,0,0,7,1,1,0,0,0,0,3,4,0,0,KRBKRNvK,DRAW,8/n7/8/5r2/1R6/4k3/8/3K3B w - - 0 1
1,1,0,0,0,0,0,1,-1,1,0,1,1,1,0,0,0,0,0,16,0,0,5,7,3,2,7,3,4,26,21,0,0,0,0,0,0,0,0,7,1,1,0,0,0,0,1,2,0,0,KRBKRNvK,DRAW,2k1n3/8/7R/3B4/7K/4r3/8/8 w - - 0 1
0,1,0,0,0,0,0,1,-1,1,0,1,1,1,0,0,0,0,0,16,0,0,4,4,7,3,3,3,0,26,20,0,0,0,0,0,0,0,0,7,1,1,1,1,0,0,1,3,0,1,KRBKRNvK,DRAW,4K3/4nB1R/8/8/3k4/8/1r6/8 b - - 0 1
1,1,0,0,0,0,0,1,-1,1,0,1,1,1,0,0,0,0,0,16,0,0,2,1,6,0,4,4,3,25,17,0,0,0,0,0,0,0,0,7,1,1,1,0,0,0,2,2,0,0,KRBKRNvK,DRAW,8/1K4R1/8/k7/8/8/1B6/3rn3 w - - 0 1
0,1,0,0,0,0,0,1,-1,1,0,1,1,1,0,0,0,0,0,16,0,0,7,0,4,7,2,3,4,22,24,0,0,0,0,0,0,0,0,7,1,1,0,0,0,0,2,0,0,0,KRBKRNvK,DRAW,6r1/3B4/4R3/K7/7n/7k/8/8 b - - 0 1
1,1,0,0,0,0,0,1,-1,1,0,1,1,1,0,0,0,0,0,16,0,0,7,7,5,0,1,4,5,5,0,1,0,0,0,0,0,0,0,7,1,1,0,0,0,0,2,2,0,0,KRBKRNvK,DRAW,8/8/4r2K/5R2/8/8/k7/4Bn2 w - - 0 1
0,1,0,0,0,0,0,1,-1,1,0,1,1,1,0,0,0,0,0,16,0,0,4,7,4,7,0,3,6,20,25,0,0,0,0,0,0,0,0,7,1,1,0,0,0,0,1,3,0,0,KRBKRNvK,DRAW,8/7B/8/7K/8/1R6/5n2/3r3k b - - 0 1
0,1,0,0,0,0,0,1,-1,1,0,1,1,1,0,0,0,0,0,16,0,0,4,4,3,7,7,0,6,9,19,0,0,0,0,0,0,0,0,7,1,1,0,0,0,0,3,1,0,1,KRBKRNvK,LOSS,7k/8/1n6/8/4K3/2r5/8/B4R2 b - - 0 1
1,1,0,0,0,0,0,1,-1,1,0,1,1,1,0,0,0,0,0,16,0,0,4,6,7,4,3,5,0,26,24,0,0,0,0,0,0,0,0,7,1,1,0,0,0,0,2,4,1,0,KRBKRNvK,DRAW,6K1/8/r7/2n5/4k2B/3R4/8/8 w - - 0 1
1,1,0,0,0,0,0,1,-1,1,0,1,1,1,0,0,0,0,0,16,0,0,5,0,4,5,2,3,2,25,19,0,0,0,0,0,0,0,0,7,1,1,0,0,0,0,0,1,1,0,KRBKRNvK,DRAW,8/3B4/8/K7/8/5k2/6R1/1r3n2 w - - 0 1
0,1,0,0,0,0,0,1,-1,1,0,1,1,1,0,0,0,0,0,16,0,0,2,3,2,5,1,1,3,5,0,1,0,0,0,0,0,0,0,7,1,1,0,0,0,0,3,2,0,0,KRBKRNvK,DRAW,3n4/8/8/6r1/8/3K4/R4k2/B7 b - - 0 1
0,1,0,0,0,0,0,1,-1,1,0,1,1,1,0,0,0,0,0,16,0,0,7,0,7,7,2,6,4,4,0,1,0,0,0,0,0,0,0,7,1,1,0,0,0,0,2,2,0,0,KRBKRNvK,DRAW,K5B1/8/8/7r/8/n2R3k/8/8 b - - 0 1
1,1,0,0,0,0,0,1,-1,1,0,1,1,1,0,0,0,0,0,16,0,0,2,4,6,4,4,2,0,3,0,1,0,0,0,0,0,0,0,7,1,1,1,0,0,0,1,3,2,0,KRBKRNvK,DRAW,8/nr2KR2/8/4k3/8/4B3/8/8 w - - 0 1
1,1,0,0,0,0,0,1,-1,1,0,1,1,1,0,0,0,0,0,16,0,0,5,7,5,2,4,4,1,21,19,0,0,0,0,0,0,0,0,7,1,1,0,0,0,0,1,3,0,1,KRBKRNvK,DRAW,1R4B1/8/7K/2k5/6r1/8/8/6n1 w - - 0 1
1,1,0,0,0,0,0,1,-1,1,0,1,1,1,0,0,0,0,0,16,0,0,2,3,5,1,3,1,2,5,0,1,0,0,0,0,0,0,0,7,1,1,0,0,0,0,3,1,1,0,KRBKRNvK,DRAW,8/8/r2KB3/8/1k6/8/2nR4/8 w - - 0 1
0,1,0,0,0,0,0,1,-1,1,0,1,1,1,0,0,0,0,0,16,0,0,4,6,3,2,1,2,3,5,0,1,0,0,0,0,0,0,0,7,1,1,0,0,0,0,1,0,1,0,KRBKRNvK,DRAW,1r6/1n6/8/3B4/6K1/8/R1k5/8 b - - 0 1
0,1,0,0,0,0,0,1,-1,1,0,1,1,1,0,0,0,0,0,16,0,0,2,2,5,3,7,2,3,2,0,1,0,0,0,0,0,0,0,7,1,1,0,0,0,0,1,1,0,1,KRBKRNvK,LOSS,3k4/8/2K4R/2n3B1/8/8/8/2r5 b - - 0 1
1,1,0,0,0,0,0,1,-1,1,0,1,1,1,0,0,0,0,0,16,0,0,5,2,5,7,7,2,6,15,16,0,0,0,0,0,0,0,0,7,1,1,0,0,0,0,1,0,0,0,KRBKRNvK,DRAW,7k/8/1RK5/7n/2B5/2r5/8/8 w - - 0 1
0,1,0,0,0,0,0,1,-1,1,0,1,1,1,0,0,0,0,0,16,0,0,3,6,5,3,6,3,2,4,0,1,0,0,0,0,0,0,0,7,1,1,0,0,0,0,0,0,1,0,KRBKRNvK,DRAW,1R6/3k4/6K1/8/6B1/1r6/8/n7 b - - 0 1
0,1,0,0,0,0,0,1,-1,1,0,1,1,1,0,0,0,0,0,16,0,0,5,5,6,0,1,3,5,20,27,0,0,0,0,0,0,0,0,7,1,1,0,0,0,0,2,2,0,0,KRBKRNvK,DRAW,8/5K2/8/2BR4/6r1/8/k7/6n1 b - - 0 1
1,1,0,0,0,0,0,1,-1,1,0,1,1,1,0,0,0,0,0,16,0,0,2,5,2,7,2,2,4,23,22,0,0,0,0,0,0,0,0,7,1,1,0,0,0,0,3,3,2,0,KRBKRNvK,WIN,8/8/2n5/6R1/r7/5KBk/8/8 w - - 0 1
1,1,0,0,0,0,0,1,-1,1,0,1,1,1,0,0,0,0,0,16,0,0,5,4,6,1,1,2,4,6,0,1,0,0,0,0,0,0,0,7,1,1,0,0,0,0,1,1,1,0,KRBKRNvK,DRAW,2R5/r3K3/8/1n6/8/1B6/1k6/8 w - - 0 1
1,1,0,0,0,0,0,1,-1,1,0,1,1,1,0,0,0,0,0,16,0,0,6,7,1,1,1,5,4,26,24,0,0,0,0,0,0,0,0,7,1,1,0,0,0,0,0,2,1,0,KRBKRNvK,DRAW,4r3/8/3n3B/8/8/R7/1k5K/8 w - - 0 1
0,1,0,0,0,0,0,1,-1,1,0,1,1,1,0,0,0,0,0,16,0,0,6,5,6,0,0,3,6,17,28,0,0,0,0,0,0,0,0,7,1,1,0,0,0,0,2,2,0,0,KRBKRNvK,DRAW,8/5K2/2B5/8/1r6/8/8/k4nR1 b - - 0 1
1,1,0,0,0,0,0,1,-1,1,0,1,1,1,0,0,0,0,0,16,0,0,5,5,0,0,4,4,3,26,19,0,0,0,0,0,0,0,0,7,1,1,0,0,0,0,0,2,1,0,KRBKRNvK,DRAW,8/1n6/6R1/k7/B1r5/8/8/5K2 w - - 0 1
0,1,0,0,0,0,0,1,-1,1,0,1,1,1,0,0,0,0,0,16,0,0,3,5,2,7,5,2,4,19,19,0,0,0,0,0,0,0,0,7,1,1,0,0,0,0,1,2,0,1,KRBKRNvK,DRAW,2B5/8/1R2n2k/8/6r1/5K2/8/8 b - - 0 1
1,1,0,0,0,0,0,1,-1,1,0,1,1,1,0,0,0,0,0,16,0,0,6,4,0,1,6,3,4,4,0,1,0,0,0,0,0,0,0,7,1,1,0,0,0,0,2,2,0,0,KRBKRNvK,DRAW,3n4/1k2B3/8/8/4r3/8/3R4/4K3 w - - 0 1
1,1,0,0,0,0,0,1,-1,1,0,1,1,1,0,0,0,0,0,16,0,0,2,4,5,2,3,1,1,6,0,1,0,0,0,0,0,0,0,7,1,1,0,0,0,0,2,2,1,1,KRBKRNvK,DRAW,8/4B3/4K3/8/2k2n2/6r1/R7/8 w - - 0 1
0,1,0,0,0,0,0,1,-1,1,0,1,1,1,0,0,0,0,0,16,0,0,5,7,5,2,3,4,1,27,23,0,0,0,0,0,0,0,0,7,1,1,0,1,0,0,2,2,1,0,KRBKRNvK,DRAW,8/8/2B4K/8/2k5/4n2R/1r6/8 b - - 0 1
0,1,0,0,0,0,0,1,-1,1,0,1,1,1,0,0,0,0,0,16,0,0,3,3,6,2,3,2,1,21,30,0,0,0,0,0,0,0,0,7,1,1,0,0,0,0,2,3,1,0,KRBKRNvK,DRAW,4R3/3K4/8/8/2k3n1/8/3B4/2r5 b - - 0 1
0,1,0,0,0,0,0,1,-1,1,0,1,1,1,0,0,0,0,0,16,0,0,6,0,7,1,1,6,4,8,0,1,0,0,0,0,0,0,0,7,1,1,0,0,0,0,3,2,0,2,KRBKRNvK,LOSS,K7/1r6/2n2B2/8/6R1/8/1k6/8 b - - 0 1
0,1,0,0,0,0,0,1,-1,1,0,1,1,1,0,0,0,0,0,16,0,0,5,7,2,4,7,4,3,25,29,0,0,0,0,0,0,0,0,7,1,1,0,0,0,0,2,2,0,0,KRBKRNvK,DRAW,4k3/1r6/5n2/R7/2B5/7K/8/8 b - - 0 1
0,1,0,0,0,0,0,1,-1,1,0,1,1,1,0,0,0,0,0,16,0,0,3,0,6,3,5,5,1,20,25,0,0,0,0,0,0,0,0,7,1,1,0,0,0,0,2,3,1,0,KRBKRNvK,WIN,8/K7/3k4/3rn3/1R5B/8/8/8 b - - 0 1
0,1,0,0,0,0,0,1,-1,1,0,1,1,1,0,0,0,0,0,16,0,0,5,2,4,7,7,1,6,2,0,1,0,0,0,0,0,0,0,7,1,1,0,0,0,0,2,1,1,1,KRBKRNvK,DRAW,7k/8/7R/2K5/2n5/8/8/3B1r2 b - - 0 1
1,1,0,0,0,0,0,1,-1,1,0,1,1,1,0,0,0,0,0,16,0,0,2,3,3,1,5,0,3,27,23,0,0,0,0,0,0,0,0,7,1,1,0,0,0,0,3,0,0,0,KRBKRNvK,DRAW,5B2/8/1k6/5R2/3K3n/8/8/r7 w - - 0 1
1,1,0,0,0,0,0,1,-1,1,0,1,1,1,0,0,0,0,0,16,0,0,2,1,5,0,7,3,6,25,19,0,0,0,0,0,0,0,0,7,1,1,0,0,0,0,2,1,0,1,KRBKRNvK,DRAW,k7/8/1K1n4/8/8/4R3/8/4Br2 w - - 0 1
1,1,0,0,0,0,0,1,-1,1,0,1,1,1,0,0,0,0,0,16,0,0,6,0,3,6,5,3,3,4,0,1,0,0,0,0,0,0,0,7,1,1,0,0,0,0,1,2,0,0,KRBKRNvK,DRAW,2R5/8/6k1/8/K3r3/8/7B/2n5 w - - 0 1
0,1,0,0,0,0,0,1,-1,1,0,1,1,1,0,0,0,0,0,16,0,0,3,7,4,7,1,3,5,21,23,0,0,0,0,0,0,0,0,7,1,1,0,0,0,0,2,0,0,0,KRBKRNvK,DRAW,8/7B/2r5/4R2K/8/8/7k/n7 b - - 0 1
1,1,0,0,0,0,0,1,-1,1,0,1,1,1,0,0,0,0,0,16,0,0,6,1,6,7,1,4,5,28,22,0,0,0,0,0,0,0,0,7,1,1,0,0,0,0,0,1,0,0,KRBKRNvK,DRAW,5r2/1K6/6R1/8/8/8/3Bn2k/8 w - - 0 1
1,1,0,0,0,0,0,1,-1,1,0,1,1,1,0,0,0,0,0,16,0,0,4,3,5,7,1,1,5,5,0,1,0,0,0,0,0,0,0,7,1,1,0,1,0,0,2,2,0,1,KRBKRNvK,DRAW,4B3/8/3K2R1/1n6/8/8/3r3k/8 w - - 0 1
0,1,0,0,0,0,0,1,-1,1,0,1,1,1,0,0,0,0,0,16,0,0,5,0,5,5,2,4,2,6,0,1,0,0,0,0,0,0,0,7,1,1,0,1,0,0,1,3,1,1,KRBKRNvK,DRAW,8/8/Kn6/8/8/2R2k2/3r3B/8 b - - 0 1
1,1,0,0,0,0,0,1,-1,1,0,1,1,1,0,0,0,0,0,16,0,0,2,3,5,1,6,1,4,21,17,0,0,0,0,0,0,0,0,7,1,1,0,0,0,0,3,0,0,0,KRBKRNvK,DRAW,n7/1k6/3K4/8/1B6/1r6/3R4/8 w - - 0 1
1,1,0,0,0,0,0,1,-1,1,0,1,1,1,0,0,0,0,0,16,0,0,4,2,3,1,7,1,5,7,0,1,0,0,0,0,0,0,0,7,1,1,0,0,0,0,2,1,0,1,KRBKRNvK,DRAW,1k6/8/8/8/2K3Br/6R1/3n4/8 w - - 0 1
1,1,0,0,0,0,0,1,-1,1,0,1,1,1,0,0,0,0,0,16,0,0,4,1,5,5,1,3,3,23,20,0,0,0,0,0,0,0,0,7,1,1,0,0,0,0,0,2,1,0,KRBKRNvK,DRAW,8/8/1K4n1/6r1/8/1R6/5k2/5B2 w - - 0 1
1,1,0,0,0,0,0,1,-1,1,0,1,1,1,0,0,0,0,0,16,0,0,2,1,3,3,2,2,1,4,0,1,0,0,0,0,0,0,0,7,1,1,0,0,0,0,1,2,1,0,KRBKRNvK,DRAW,8/8/8/R1B5/1K3r2/3k3n/8/8 w - - 0 1
1,1,0,0,0,0,0,1,-1,1,0,1,1,1,0,0,0,0,0,16,0,0,3,3,4,2,1,0,3,22,23,0,0,0,0,0,0,0,0,7,1,1,0,0,0,0,4,1,1,1,KRBKRNvK,DRAW,8/3B4/6r1/3K4/8/1n6/2k5/3R4 w - - 0 1
0,1,0,0,0,0,0,1,-1,1,0,1,1,1,0,0,0,0,0,16,0,0,6,0,4,6,7,3,5,25,21,0,0,0,0,0,0,0,0,7,1,1,1,0,0,0,0,1,0,0,KRBKRNvK,DRAW,6k1/2Rn4/8/K5B1/8/8/8/1r6 b - - 0 1
0,1,0,0,0,0,0,1,-1,1,0,1,1,1,0,0,0,0,0,16,0,0,4,5,2,1,2,2,3,6,0,1,0,0,0,0,0,0,0,7,1,1,0,0,0,0,2,2,0,2,KRBKRNvK,DRAW,8/1B6/1R6/8/8/1k3K2/5n2/4r3 b - - 0 1
1,1,0,0,0,0,0,1,-1,1,0,1,1,1,0,0,0,0,0,16,0,0,5,1,5,6,4,3,2,7,0,1,0,0,0,0,0,0,0,7,1,1,0,0,0,0,1,3,0,1,KRBKRNvK,DRAW,2R5/8/1K1r1n2/6k1/8/8/5B2/8 w - - 0 1
0,1,0,0,0,0,0,1,-1,1,0,1,1,1,0,0,0,0,0,16,0,0,2,1,4,3,4,2,0,17,21,0,0,0,0,0,0,0,0,7,1,1,0,0,0,0,1,4,1,0,KRBKRNvK,DRAW,8/8/1B6/1K1kr3/8/4n3/1R6/8 b - - 0 1
1,1,0,0,0,0,0,1,-1,1,0,1,1,1,0,0,0,0,0,16,0,0,6,1,1,7,6,4,5,7,0,1,0,0,0,0,0,0,0,7,1,1,0,0,0,0,2,1,1,1,KRBKRNvK,DRAW,2r5/7k/7B/8/2n5/8/1K1R4/8 w - - 0 1
1,1,0,0,0,0,0,1,-1,1,0,1,1,1,0,0,0,0,0,16,0,0,3,2,4,3,7,1,3,7,0,1,0,0,0,0,0,0,0,7,1,1,0,0,0,0,3,0,1,0,KRBKRNvK,DRAW,3k4/7n/2B5/2K5/8/7R/8/2r5 w - - 0 1
1,1,0,0,0,0,0,1,-1,1,0,1,1,1,0,0,0,0,0,16,0,0,3,6,2,6,5,3,3,31,24,0,0,0,0,0,0,0,0,7,1,1,0,0,0,0,1,1,0,0,KRBKRNvK,DRAW,8/4n3/r5k1/3B4/8/1R4K1/8/8 w - - 0 1
0,1,0,0,0,0,0,1,-1,1,0,1,1,1,0,0,0,0,0,16,0,0,2,3,4,5,5,0,2,5,0,1,0,0,0,0,0,0,0,7,1,1,0,0,0,0,4,2,2,1,KRBKRNvK,DRAW,5RBn/8/5k2/3K4/8/4r3/8/8 b - - 0 1
1,1,0,0,0,0,0,1,-1,1,0,1,1,1,0,0,0,0,0,16,0,0,5,6,0,2,5,5,2,2,0,1,0,0,0,0,0,0,0,7,1,1,0,0,0,0,3,1,0,0,KRBKRNvK,DRAW,8/8/2k3B1/7R/4n3/8/8/r5K1 w - - 0 1
1,1,0,0,0,0,0,1,-1,1,0,1,1,1,0,0,0,0,0,16,0,0,2,0,5,2,6,4,3,21,20,0,0,0,0,0,0,0,0,7,1,1,0,0,0,0,2,2,2,0,KRBKRNvK,DRAW,8/2k1r3/KRB5/8/6n1/8/8/8 w - - 0 1
1,1,0,0,0,0,0,1,-1,1,0,1,1,1,0,0,0,0,0,16,0,0,3,6,5,3,6,3,2,21,18,0,0,0,0,0,0,0,0,7,1,1,1,0,0,0,2,2,1,2,KRBKRNvK,DRAW,8/RB1krn2/6K1/8/8/8/8/8 w - - 0 1
0,1,0,0,0,0,0,1,-1,1,0,1,1,1,0,0,0,0,0,16,0,0,2,1,4,1,2,2,3,23,16,0,0,0,0,0,0,0,0,7,1,1,0,0,0,0,0,0,0,0,KRBKRNvK,DRAW,8/7r/B7/1K6/8/1k6/8/4nR2 b - - 0 1
1,1,0,0,0,0,0,1,-1,1,0,1,1,1,0,0,0,0,0,16,0,0,3,7,3,7,6,3,5,21,23,0,0,0,0,0,0,0,0,7,1,1,0,0,0,0,2,2,1,1,KRBKRNvK,DRAW,1B6/7k/5n2/6R1/7K/2r5/8/8 w - - 0 1
1,1,0,0,0,0,0,1,-1,1,0,1,1,1,0,0,0,0,0,16,0,0,5,3,2,3,7,1,3,29,22,0,0,0,0,0,0,0,0,7,1,1,0,0,0,0,2,0,1,0,KRBKRNvK,DRAW,2Bk4/6r1/7n/8/8/3K4/1R6/8 w - - 0 1
0,1,0,0,0,0,0,1,-1,1,0,1,1,1,0,0,0,0,0,16,0,0,2,2,5,2,7,2,4,13,26,0,0,0,0,0,0,0,0,7,1,1,0,0,0,0,3,0,0,1,KRBKRNvK,DRAW,r1k2n2/8/2K5/8/7B/8/4R3/8 b - - 0 1
0,1,0,0,0,0,0,1,-1,1,0,1,1,1,0,0,0,0,0,16,0,0,2,6,0,7,2,5,4,19,21,0,0,0,0,0,0,0,0,7,1,1,0,1,0,0,1,1,0,1,KRBKRNvK,DRAW,1R6/8/8/5n2/8/1B5k/7r/6K1 b - - 0 1
1,1,0,0,0,0,0,1,-1,1,0,1,1,1,0,0,0,0,0,16,0,0,3,7,0,4,2,6,1,25,23,0,0,0,0,0,0,0,0,7,1,1,0,0,0,0,1,2,1,0,KRBKRNvK,DRAW,6R1/8/8/8/1r5n/4k3/2B5/7K w - - 0 1
1,1,0,0,0,0,0,1,-1,1,0,1,1,1,0,0,0,0,0,16,0,0,2,3,4,1,6,0,4,5,0,1,0,0,0,0,0,0,0,7,1,1,0,0,0,0,3,1,1,1,KRBKRNvK,DRAW,2n5/1k6/2R5/1r1KB3/8/8/8/8 w - - 0 1
1,1,0,0,0,0,0,1,-1,1,0,1,1,1,0,0,0,0,0,16,0,0,2,2,5,0,4,2,3,5,0,1,0,0,0,0,0,0,0,7,1,1,0,1,0,0,3,1,0,0,KRBKRNvK,DRAW,8/8/2K5/k7/4R2B/1n6/2r5/8 w - - 0 1
1,1,0,0,0,0,0,1,-1,1,0,1,1,1,0,0,0,0,0,16,0,0,3,3,5,0,4,1,3,28,17,0,0,0,0,0,0,0,0,7,1,1,0,0,0,0,2,0,0,0,KRBKRNvK,DRAW,n7/6r1/3K4/k5B1/8/7R/8/8 w - - 0 1
0,1,0,0,0,0,0,1,-1,1,0,1,1,1,0,0,0,0,0,16,0,0,7,2,7,7,0,4,6,1,0,1,0,0,0,0,0,0,0,7,1,1,1,1,0,0,2,0,1,0,KRBKRNvK,DRAW,2K5/7R/8/8/8/5B2/r5n1/7k b - - 0 1
0,1,0,0,0,0,0,1,-1,1,0,1,1,1,0,0,0,0,0,16,0,0,4,0,6,4,6,5,2,7,0,1,0,0,0,0,0,0,0,7,1,1,0,0,0,0,0,0,0,1,KRBKRNvK,LOSS,8/Kn2k3/8/8/7B/6r1/7R/8 b - - 0 1
1,1,0,0,0,0,0,1,-1,1,0,1,1,1,0,0,0,0,0,16,0,0,5,5,7,0,6,4,5,22,21,0,0,0,0,0,0,0,0,7,1,1,0,0,0,0,2,2,0,0,KRBKRNvK,DRAW,5K2/k7/8/8/5R2/3r2B1/8/2n5 w - - 0 1
0,1,0,0,0,0,0,1,-1,1,0,1,1,1,0,0,0,0,0,16,0,0,5,1,2,6,1,3,4,25,25,0,0,0,0,0,0,0,0,7,1,1,0,0,0,0,2,2,0,1,KRBKRNvK,DRAW,8/8/4R3/8/3r4/BK5n/6k1/8 b - - 0 1
0,1,0,0,0,0,0,1,-1,1,0,1,1,1,0,0,0,0,0,16,0,0,4,6,2,2,4,3,1,5,0,1,0,0,0,0,0,0,0,7,1,1,0,0,0,0,0,3,1,0,KRBKRNvK,DRAW,8/8/8/R1kr4/8/6K1/2n1B3/8 b - - 0 1
1,1,0,0,0,0,0,1,-1,1,0,1,1,1,0,0,0,0,0,16,0,0,3,4,7,7,6,3,5,22,24,0,0,0,0,0,0,0,0,7,1,1,0,0,0,0,1,3,0,1,KRBKRNvK,DRAW,4K3/7k/6n1/8/r7/8/8/1R4B1 w - - 0 1
1,1,0,0,0,0,0,1,-1,1,0,1,1,1,0,0,0,0,0,16,0,0,3,7,4,4,4,3,0,3,0,1,0,0,0,0,0,0,0,7,1,1,0,0,0,0,2,3,1,1,KRBKRNvK,DRAW,8/8/2B5/4k2K/8/7r/2R5/2n5 w - - 0 1
0,1,0,0,0,0,0,1,-1,1,0,1,1,1,0,0,0,0,0,16,0,0,6,3,6,5,0,2,4,23,28,0,0,0,0,0,0,0,0,7,1,1,0,0,0,0,2,1,0,0,KRBKRNvK,DRAW,8/3K4/8/B3R3/8/1r6/2n5/5k2 b - - 0 1
0,1,0,0,0,0,0,1,-1,1,0,1,1,1,0,0,0,0,0,16,0,0,2,6,3,6,5,2,3,23,17,0,0,0,0,0,0,0,0,7,1,1,1,0,0,0,2,1,0,1,KRBKRNvK,DRAW,8/RB6/6k1/8/6K1/3n3r/8/8 b - - 0 1
1,1,0,0,0,0,0,1,-1,1,0,1,1,1,0,0,0,0,0,16,0,0,3,0,4,2,7,3,4,24,26,0,0,0,0,0,0,0,0,7,1,1,0,0,0,0,1,1,0,1,KRBKRNvK,DRAW,2k5/8/8/K1n5/8/8/7R/1B4r1 w - - 0 1
1,1,0,0,0,0,0,1,-1,1,0,1,1,1,0,0,0,0,0,16,0,0,2,5,4,3,4,1,0,2,0,1,0,0,0,0,0,0,0,7,1,1,0,0,0,0,2,3,0,2,KRBKRNvK,LOSS,8/8/3n4/3k1K2/7B/R5r1/8/8 w - - 0 1
0,1,0,0,0,0,0,1,-1,1,0,1,1,1,0,0,0,0,0,16,0,0,5,4,1,1,6,2,4,23,24,0,0,0,0,0,0,0,0,7,1,1,0,0,0,0,2,1,1,0,KRBKRNvK,DRAW,3B4/1k6/5r2/5n2/8/3R4/4K3/8 b - - 0 1
0,1,0,0,0,0,0,1,-1,1,0,1,1,1,0,0,0,0,0,16,0,0,4,7,5,3,7,4,3,15,25,0,0,0,0,0,0,0,0,7,1,1,0,0,0,0,0,0,0,0,KRBKRNvK,DRAW,3k4/8/B6K/8/8/1R6/1n6/1r6 b - - 0 1
1,1,0,0,0,0,0,1,-1,1,0,1,1,1,0,0,0,0,0,16,0,0,7,0,5,7,6,4,5,4,0,1,0,0,0,0,0,0,0,7,1,1,0,0,0,0,2,0,1,2,KRBKRNvK,DRAW,8/7k/K1rB4/6R1/n7/8/8/8 w - - 0 1
0,1,0,0,0,0,0,1,-1,1,0,1,1,1,0,0,0,0,0,16,0,0,4,4,1,5,5,2,2,8,0,1,0,0,0,0,0,0,0,7,1,1,0,0,0,0,0,3,0,1,KRBKRNvK,DRAW,8/8/5k2/7n/6r1/8/4K3/4BR2 b - - 0 1
1,1,0,0,0,0,0,1,-1,1,0,1,1,1,0,0,0,0,0,16,0,0,4,0,3,4,5,3,1,5,0,1,0,0,0,0,0,0,0,7,1,1,0,0,0,0,3,2,1,1,KRBKRNvK,DRAW,B7/7r/1n2k3/8/K1R5/8/8/8 w - - 0 1
0,1,0,0,0,0,0,1,-1,1,0,1,1,1,0,0,0,0,0,16,0,0,4,0,3,0,7,3,6,18,21,0,0,0,0,0,0,0,0,7,1,1,0,0,0,0,1,2,1,2,KRBKRNvK,DRAW,k7/2B5/1rn3R1/8/K7/8/8/8 b - - 0 1
0,1,0,0,0,0,0,1,-1,1,0,1,1,1,0,0,0,0,0,16,0,0,4,4,2,5,6,1,3,4,0,1,0,0,0,0,0,0,0,7,1,1,0,0,0,0,2,1,0,0,KRBKRNvK,DRAW,6r1/5k2/1n6/8/8/4K2B/8/5R2 b - - 0 1
0,1,0,0,0,0,0,1,-1,1,0,1,1,1,0,0,0,0,0,16,0,0,5,6,1,5,6,4,3,25,22,0,0,0,0,0,0,0,0,7,1,1,0,0,0,0,1,1,1,0,KRBKRNvK,DRAW,8/2r2k2/3B4/8/8/3n4/6KR/8 b - - 0 1
1,1,0,0,0,0,0,1,-1,1,0,1,1,1,0,0,0,0,0,16,0,0,4,1,6,5,6,4,3,18,30,0,0,0,0,0,0,0,0,7,1,1,1,0,0,0,1,1,0,0,KRBKRNvK,DRAW,8/RK3k2/1B6/8/5n2/8/8/2r5 w - - 0 1
1,1,0,0,0,0,0,1,-1,1,0,1,1,1,0,0,0,0,0,16,0,0,4,2,6,3,2,3,1,33,19,0,0,0,0,0,0,0,0,7,1,1,0,0,0,0,1,3,2,0,KRBKRNvK,DRAW,8/2K5/8/8/4r3/3kB3/1R6/3n4 w - - 0 1
0,1,0,0,0,0,0,1,-1,1,0,1,1,1,0,0,0,0,0,16,0,0,2,2,2,4,2,2,1,20,19,0,0,0,0,0,0,0,0,7,1,1,0,0,0,0,1,2,1,0,KRBKRNvK,DRAW,8/r6n/8/8/8/2K1k3/8/1R2B3 b - - 0 1
0,1,0,0,0,0,0,1,-1,1,0,1,1,1,0,0,0,0,0,16,0,0,4,2,5,6,3,2,2,21,24,0,0,0,0,0,0,0,0,7,1,1,0,0,0,0,3,1,1,0,KRBKRNvK,DRAW,1B6/6r1/2K5/8/6k1/4R1n1/8/8 b - - 0 1
0,1,0,0,0,0,0,1,-1,1,0,1,1,1,0,0,0,0,0,16,0,0,6,3,1,1,7,2,5,3,0,1,0,0,0,0,0,0,0,7,1,1,0,0,0,0,1,3,0,2,KRBKRNvK,DRAW,1k6/8/8/8/2r5/1Rn3B1/3K4/8 b - - 0 1
0,1,0,0,0,0,0,1,-1,1,0,1,1,1,0,0,0,0,0,16,0,0,5,6,2,1,3,3,2,23,20,0,0,0,0,0,0,0,0,7,1,1,0,0,0,0,2,2,0,1,KRBKRNvK,DRAW,B7/8/6n1/8/1k2r3/5RK1/8/8 b - - 0 1
1,1,0,0,0,0,0,1,-1,1,0,1,1,1,0,0,0,0,0,16,0,0,3,0,5,0,2,4,4,5,0,1,0,0,0,0,0,0,0,7,1,1,0,0,0,0,2,0,0,0,KRBKRNvK,LOSS,8/8/K6r/5R2/7n/k7/8/4B3 w - - 0 1
1,1,0,0,0,0,0,1,-1,1,0,1,1,1,0,0,0,0,0,16,0,0,6,0,6,1,0,5,5,27,20,0,0,0,0,0,0,0,0,7,1,1,0,0,0,0,2,0,0,0,KRBKRNvK,DRAW,4R3/K7/8/8/nB6/8/8/1kr5 w - - 0 1
0,1,0,0,0,0,0,1,-1,1,0,1,1,1,0,0,0,0,0,16,0,0,3,1,4,3,1,2,2,6,0,1,0,0,0,0,0,0,0,7,1,1,0,0,0,0,2,0,0,0,KRBKRNvK,DRAW,6r1/8/2B5/1K5n/8/8/R2k4/8 b - - 0 1
1,1,0,0,0,0,0,1,-1,1,0,1,1,1,0,0,0,0,0,16,0,0,2,3,2,3,4,1,0,27,19,0,0,0,0,0,0,0,0,7,1,1,0,0,0,0,2,4,2,0,KRBKRNvK,DRAW,8/r3n3/8/3kB3/8/1R1K4/8/8 w - - 0 1
1,1,0,0,0,0,0,1,-1,1,0,1,1,1,0,0,0,0,0,16,0,0,7,7,6,0,5,5,4,25,21,0,0,0,0,0,0,0,0,7,1,1,0,0,0,0,1,0,2,0,KRBKRNvK,DRAW,2R5/7K/k7/2B5/8/5r2/6n1/8 w - - 0 1
0,1,0,0,0,0,0,1,-1,1,0,1,1,1,0,0,0,0,0,16,0,0,3,3,2,4,5,1,1,23,27,0,0,0,0,0,0,0,0,7,1,1,0,0,0,0,3,2,1,1,KRBKRNvK,DRAW,8/2n5/4k3/8/3B3R/3K4/8/2r5 b - - 0 1
1,1,0,0,0,0,0,1,-1,1,0,1,1,1,0,0,0,0,0,16,0,0,4,6,6,2,6,4,3,27,26,0,0,0,0,0,0,0,0,7,1,1,0,0,0,0,3,2,0,0,KRBKRNvK,DRAW,8/2k3K1/8/8/7r/4RB2/5n2/8 w - - 0 1
1,1,0,0,0,0,0,1,-1,1,0,1,1,1,0,0,0,0,0,16,0,0,4,5,2,1,0,2,5,26,21,0,0,0,0,0,0,0,0,7,1,1,0,0,0,0,3,2,0,0,KRBKRNvK,DRAW,n7/8/B3r3/3R4/8/5K2/8/1k6 w - - 0 1
1,1,0,0,0,0,0,1,-1,1,0,1,1,1,0,0,0,0,0,16,0,0,6,0,1,3,7,5,3,25,23,0,0,0,0,0,0,0,0,7,1,1,0,0,0,0,2,2,0,0,KRBKRNvK,DRAW,3k4/8/8/8/1R1B1n2/8/K7/3r4 w - - 0 1
1,1,0,0,0,0,0,1,-1,1,0,1,1,1,0,0,0,0,0,16,0,0,4,3,7,7,3,3,3,26,27,0,0,0,0,0,0,0,0,7,1,1,0,0,0,0,2,2,0,0,KRBKRNvK,DRAW,B2K4/8/1R6/r7/5n1k/8/8/8 w - - 0 1
0,1,0,0,0,0,0,1,-1,1,0,1,1,1,0,0,0,0,0,16,0,0,3,6,5,4,2,3,1,4,0,1,0,0,0,0,0,0,0,7,1,1,0,0,0,0,2,4,1,1,KRBKRNvK,DRAW,8/7n/6K1/1r6/R7/4k3/8/6B1 b - - 0 1
0,1,0,0,0,0,0,1,-1,1,0,1,1,1,0,0,0,0,0,16,0,0,5,1,0,6,0,5,5,7,0,1,0,0,0,0,0,0,0,7,1,1,0,0,0,0,2,3,0,0,KRBKRNvK,DRAW,8/8/1B1Rn3/7r/8/8/8/1K4k1 b - - 0 1
0,1,0,0,0,0,0,1,-1,1,0,1,1,1,0,0,0,0,0,16,0,0,4,4,7,4,3,3,0,6,0,1,0,0,0,0,0,0,0,7,1,1,0,0,0,0,2,4,2,0,KRBKRNvK,DRAW,4K3/8/3B4/8/4k3/1r6/3nR3/8 b - - 0 1
0,1,0,0,0,0,0,1,-1,1,0,1,1,1,0,0,0,0,0,16,0,0,5,2,6,4,1,3,2,6,0,1,0,0,0,0,0,0,0,7,1,1,0,0,0,0,1,2,1,0,KRBKRNvK,DRAW,1R6/2K5/8/6r1/2B5/7n/4k3/8 b - - 0 1
1,1,0,0,0,0,0,1,-1,1,0,1,1,1,0,0,0,0,0,16,0,0,5,6,3,1,5,2,3,21,24,0,0,0,0,0,0,0,0,7,1,1,0,0,0,0,0,2,0,0,KRBKRNvK,DRAW,8/8/1k6/8/6K1/3r4/6R1/3nB3 w - - 0 1
0,1,0,0,0,0,0,1,-1,1,0,1,1,1,0,0,0,0,0,16,0,0,2,6,1,7,3,4,3,2,0,1,0,0,0,0,0,0,0,7,1,1,0,0,0,0,3,0,1,0,KRBKRNvK,DRAW,7n/1r4B1/8/8/5R1k/8/6K1/8 b - - 0 1
0,1,0,0,0,0,0,1,-1,1,0,1,1,1,0,0,0,0,0,16,0,0,5,0,0,5,4,6,1,17,25,0,0,0,0,0,0,0,0,7,1,1,0,0,0,0,2,2,2,0,KRBKRNvK,DRAW,2rn4/8/3R4/3B1k2/8/8/8/K7 b - - 0 1
0,1,0,0,0,0,0,1,-1,1,0,1,1,1,0,0,0,0,0,16,0,0,2,0,0,2,1,6,3,23,26,0,0,0,0,0,0,0,0,7,1,1,0,0,0,0,3,2,1,0,KRBKRNvK,DRAW,4r3/8/2B5/7n/1R6/8/2k5/K7 b - - 0 1
0,1,0,0,0,0,0,1,-1,1,0,1,1,1,0,0,0,0,0,16,0,0,2,4,2,2,1,1,3,25,19,0,0,0,0,0,0,0,0,7,1,1,0,0,0,0,3,1,0,1,KRBKRNvK,DRAW,5r2/8/4R3/B7/8/4K1n1/2k5/8 b - - 0 1
1,1,0,0,0,0,0,1,-1,1,0,1,1,1,0,0,0,0,0,16,0,0,2,4,5,6,6,1,4,26,21,0,0,0,0,0,0,0,0,7,1,1,0,0,0,0,3,0,1,0,KRBKRNvK,DRAW,8/6k1/4K2n/4R3/8/3B4/8/r7 w - - 0 1
0,1,0,0,0,0,0,1,-1,1,0,1,1,1,0,0,0,0,0,16,0,0,3,5,0,2,3,4,1,5,0,1,0,0,0,0,0,0,0,7,1,1,0,0,0,0,1,2,2,0,KRBKRNvK,DRAW,4n2r/8/3B4/8/2k5/8/2R5/5K2 b - - 0 1
1,1,0,0,0,0,0,1,-1,1,0,1,1,1,0,0,0,0,0,16,0,0,3,5,6,7,3,3,3,5,0,1,0,0,0,0,0,0,0,7,1,1,0,0,0,0,2,2,0,2,KRBKRNvK,DRAW,5B2/3r1Kn1/4R3/8/7k/8/8/8 w - - 0 1
0,1,0,0,0,0,0,1,-1,1,0,1,1,1,0,0,0,0,0,16,0,0,4,4,5,0,2,1,4,7,0,1,0,0,0,0,0,0,0,7,1,1,0,0,0,0,2,0,0,0,KRBKRNvK,DRAW,5B2/8/n3K3/8/8/k1r5/8/5R2 b - - 0 1
0,1,0,0,0,0,0,1,-1,1,0,1,1,1,0,0,0,0,0,16,0,0,3,6,7,3,5,5,1,21,23,0,0,0,0,0,0,0,0,7,1,1,0,0,0,0,2,3,2,0,KRBKRNvK,DRAW,6K1/8/1B1k4/8/2R1n3/4r3/8/8 b - - 0 1
0,1,0,0,0,0,0,1,-1,1,0,1,1,1,0,0,0,0,0,16,0,0,2,0,2,2,3,4,1,17,25,0,0,0,0,0,0,0,0,7,1,1,0,0,0,0,1,2,0,0,KRBKRNvK,DRAW,1r1n4/8/7R/8/2k5/K7/5B2/8 b - - 0 1
1,1,0,0,0,0,0,1,-1,1,0,1,1,1,0,0,0,0,0,16,0,0,3,4,2,4,5,1,1,5,0,1,0,0,0,0,0,0,0,7,1,1,0,0,0,0,2,2,1,0,KRBKRNvK,DRAW,8/8/4k3/7n/2R5/4K2r/B7/8 w - - 0 1
0,1,0,0,0,0,0,1,-1,1,0,1,1,1,0,0,0,0,0,16,0,0,3,0,4,2,1,3,3,23,24,0,0,0,0,0,0,0,0,7,1,1,0,0,0,0,2,1,1,1,KRBKRNvK,DRAW,8/2r5/8/KR6/8/B3n3/2k5/8 b - - 0 1
1,1,0,0,0,0,0,1,-1,1,0,1,1,1,0,0,0,0,0,16,0,0,6,0,2,6,3,4,2,20,24,0,0,0,0,0,0,0,0,7,1,1,0,0,0,0,1,0,1,0,KRBKRNvK,DRAW,6r1/8/8/8/3n2k1/K5B1/R7/8 w - - 0 1
1,1,0,0,0,0,0,1,-1,1,0,1,1,1,0,0,0,0,0,16,0,0,4,5,2,1,5,2,3,7,0,1,0,0,0,0,0,0,0,7,1,1,0,0,0,0,1,1,0,2,KRBKRNvK,DRAW,8/8/1k6/4n2r/8/5K2/R7/5B2 w - - 0 1
0,1,0,0,0,0,0,1,-1,1,0,1,1,1,0,0,0,0,0,16,0,0,6,1,4,7,5,2,4,4,0,1,0,0,0,0,0,0,0,7,1,1,0,1,0,0,1,2,0,0,KRBKRNvK,DRAW,8/8/2R4k/1K1B4/8/8/n2r4/8 b - - 0 1
1,1,0,0,0,0,0,1,-1,1,0,1,1,1,0,0,0,0,0,16,0,0,2,4,5,6,7,1,5,26,22,0,0,0,0,0,0,0,0,7,1,1,0,1,0,0,3,1,0,0,KRBKRNvK,DRAW,6k1/8/1n2K3/5R2/8/3B4/6r1/8 w - - 0 1
0,1,0,0,0,0,0,1,-1,1,0,1,1,1,0,0,0,0,0,16,0,0,3,2,7,0,4,4,3,15,22,0,0,0,0,0,0,0,0,7,1,1,0,0,0,0,1,0,0,0,KRBKRNvK,DRAW,2K5/8/8/k7/7n/r7/1RB5/8 b - - 0 1
0,1,0,0,0,0,0,1,-1,1,0,1,1,1,0,0,0,0,0,16,0,0,7,4,0,7,7,3,6,24,24,0,0,0,0,0,0,0,0,7,1,1,0,0,0,0,1,2,0,0,KRBKRNvK,DRAW,7k/8/3n4/2B5/7r/2R5/8/4K3 b - - 0 1
0,1,0,0,0,0,0,1,-1,1,0,1,1,1,0,0,0,0,0,16,0,0,4,5,0,5,4,4,1,23,17,0,0,0,0,0,0,0,0,7,1,1,1,0,0,0,2,3,0,1,KRBKRNvK,DRAW,8/RB6/5r2/5k2/8/5n2/8/5K2 b - - 0 1
0,1,0,0,0,0,0,1,-1,1,0,1,1,1,0,0,0,0,0,16,0,0,7,7,5,0,5,4,4,20,26,0,0,0,0,0,0,0,0,7,1,1,1,0,0,0,2,2,1,0,KRBKRNvK,DRAW,B7/5R2/k6K/8/8/4r3/8/6n1 b - - 0 1
0,1,0,0,0,0,0,1,-1,1,0,1,1,1,0,0,0,0,0,16,0,0,3,2,2,5,0,2,4,7,20,0,0,0,0,0,0,0,0,7,1,1,0,1,0,0,1,2,0,1,KRBKRNvK,DRAW,8/8/8/RB6/8/2K5/4r1n1/5k2 b - - 0 1
0,1,0,0,0,0,0,1,-1,1,0,1,1,1,0,0,0,0,0,16,0,0,4,2,0,6,1,4,4,20,26,0,0,0,0,0,0,0,0,7,1,1,0,0,0,0,1,0,0,0,KRBKRNvK,DRAW,1Bn5/6r1/7R/8/8/8/6k1/2K5 b - - 0 1
0,1,0,0,0,0,0,1,-1,1,0,1,1,1,0,0,0,0,0,16,0,0,3,4,2,1,5,1,3,7,0,1,0,0,0,0,0,0,0,7,1,1,0,0,0,0,3,0,1,1,KRBKRNvK,LOSS,8/8/1k6/8/n2B4/4K3/3R4/3r4 b - - 0 1
0,1,0,0,0,0,0,1,-1,1,0,1,1,1,0,0,0,0,0,16,0,0,3,6,3,3,3,2,0,4,0,1,0,0,0,0,0,0,0,7,1,1,0,0,0,0,1,4,1,0,KRBKRNvK,DRAW,3r4/8/2R5/n7/3k2K1/8/8/6B1 b - - 0 1
0,1,0,0,0,0,0,1,-1,1,0,1,1,1,0,0,0,0,0,16,0,0,5,1,2,1,7,3,5,25,26,0,0,0,0,0,0,0,0,7,1,1,0,0,0,0,0,3,0,0,KRBKRNvK,DRAW,1k6/4n3/8/8/5r2/1K4R1/4B3/8 b - - 0 1
0,1,0,0,0,0,0,1,-1,1,0,1,1,1,0,0,0,0,0,16,0,0,5,2,7,3,2,4,1,19,22,0,0,0,0,0,0,0,0,7,1,1,0,0,0,0,1,3,1,2,KRBKRNvK,DRAW,2K5/r1n5/8/8/8/3k4/7B/2R5 b - - 0 1
0,1,0,0,0,0,0,1,-1,1,0,1,1,1,0,0,0,0,0,16,0,0,6,6,7,1,1,5,4,6,0,1,0,0,0,0,0,0,0,7,1,1,0,0,0,0,2,3,1,0,KRBKRNvK,DRAW,6K1/8/1B1n4/8/1R6/8/1k6/3r4 b - - 0 1
0,1,0,0,0,0,0,1,-1,1,0,1,1,1,0,0,0,0,0,16,0,0,3,0,1,3,3,5,0,19,23,0,0,0,0,0,0,0,0,7,1,1,1,1,0,0,3,4,1,1,KRBKRNvK,DRAW,8/4R3/8/8/3k4/1B6/K1n3r1/8 b - - 0 1
1,1,0,0,0,0,0,1,-1,1,0,1,1,1,0,0,0,0,0,16,0,0,5,1,0,6,1,5,4,26,23,0,0,0,0,0,0,0,0,7,1,1,0,0,0,0,2,2,1,0,KRBKRNvK,DRAW,8/3r4/8/8/1R6/8/4B1k1/1K2n3 w - - 0 1
1,1,0,0,0,0,0,1,-1,1,0,1,1,1,0,0,0,0,0,16,0,0,2,3,2,1,0,1,5,24,14,0,0,0,0,0,0,0,0,7,1,1,0,1,0,0,2,0,0,1,KRBKRNvK,DRAW,6R1/8/8/1B6/8/3K4/nr6/1k6 w - - 0 1
0,1,0,0,0,0,0,1,-1,1,0,1,1,1,0,0,0,0,0,16,0,0,2,4,1,4,3,2,0,24,22,0,0,0,0,0,0,0,0,7,1,1,0,0,0,0,0,3,2,0,KRBKRNvK,DRAW,8/3n4/8/r7/4k3/8/2RBK3/8 b - - 0 1
0,1,0,0,0,0,0,1,-1,1,0,1,1,1,0,0,0,0,0,16,0,0,4,3,3,0,7,0,6,2,0,1,0,0,0,0,0,0,0,7,1,1,0,1,0,0,3,2,1,1,KRBKRNvK,DRAW,k1RB4/8/8/8/n2K4/8/4r3/8 b - - 0 1
1,1,0,0,0,0,0,1,-1,1,0,1,1,1,0,0,0,0,0,16,0,0,4,4,0,5,4,3,1,21,21,0,0,0,0,0,0,0,0,7,1,1,1,0,0,0,0,3,1,0,KRBKRNvK,DRAW,8/2R1B3/8/3r1k2/8/7n/8/4K3 w - - 0 1
1,1,0,0,0,0,0,1,-1,1,0,1,1,1,0,0,0,0,0,16,0,0,4,3,0,2,4,3,1,24,20,0,0,0,0,0,0,0,0,7,1,1,0,0,0,0,1,3,0,0,KRBKRNvK,DRAW,R7/7B/8/2k5/1nr5/8/8/3K4 w - - 0 1
0,1,0,0,0,0,0,1,-1,1,0,1,1,1,0,0,0,0,0,16,0,0,5,1,5,6,1,3,4,7,0,1,0,0,0,0,0,0,0,7,1,1,0,0,0,0,0,2,0,1,KRBKRNvK,DRAW,8/8/1K6/3r4/1B6/8/2R3k1/7n b - - 0 1
0,1,0,0,0,0,0,1,-1,1,0,1,1,1,0,0,0,0,0,16,0,0,5,6,7,1,4,5,2,23,25,0,0,0,0,0,0,0,0,7,1,1,0,0,0,0,2,2,1,0,KRBKRNvK,DRAW,2n3K1/8/8/1k6/3R4/8/B7/4r3 b - - 0 1
0,1,0,0,0,0,0,1,-1,1,0,1,1,1,0,0,0,0,0,16,0,0,6,0,0,6,3,6,2,4,0,1,0,0,0,0,0,0,0,7,1,1,0,0,0,0,0,1,1,0,KRBKRNvK,DRAW,2r5/4n3/8/7B/6k1/8/8/K6R b - - 0 1
0,1,0,0,0,0,0,1,-1,1,0,1,1,1,0,0,0,0,0,16,0,0,5,5,2,0,7,2,6,17,31,0,0,0,0,0,0,0,0,7,1,1,0,0,0,0,2,0,0,0,KRBKRNvK,DRAW,kn5r/8/4R3/1B6/8/5K2/8/8 b - - 0 1
1,1,0,0,0,0,0,1,-1,1,0,1,1,1,0,0,0,0,0,16,0,0,4,6,4,2,5,2,2,31,20,0,0,0,0,0,0,0,0,7,1,1,0,0,0,0,2,3,1,1,KRBKRNvK,DRAW,2n5/4rB2/2k5/6K1/3R4/8/8/8 w - - 0 1
0,1,0,0,0,0,0,1,-1,1,0,1,1,1,0,0,0,0,0,16,0,0,3,5,7,3,4,4,0,7,0,1,0,0,0,0,0,0,0,7,1,1,0,0,0,0,2,4,0,2,KRBKRNvK,DRAW,5K2/7r/5n2/3k4/8/8/6B1/R7 b - - 0 1
1,1,0,0,0,0,0,1,-1,1,0,1,1,1,0,0,0,0,0,16,0,0,3,4,3,7,2,0,4,3,0,1,0,0,0,0,0,0,0,7,1,1,0,0,0,0,3,1,0,2,KRBKRNvK,DRAW,8/8/8/2R5/4Kr2/7k/6n1/4B3 w - - 0 1
1,1,0,0,0,0,0,1,-1,1,0,1,1,1,0,0,0,0,0,16,0,0,5,2,0,1,5,4,3,3,0,1,0,0,0,0,0,0,0,7,1,1,0,0,0,0,3,0,1,2,KRBKRNvK,DRAW,8/8/1k6/3R4/8/n7/2B5/r1K5 w - - 0 1
1,1,0,0,0,0,0,1,-1,1,0,1,1,1,0,0,0,0,0,16,0,0,4,1,6,0,2,4,4,7,0,1,0,0,0,0,0,0,0,7,1,1,0,0,0,0,1,1,0,0,KRBKRNvK,DRAW,8/1K6/8/6n1/3B4/kr6/5R2/8 w - - 0 1
0,1,0,0,0,0,0,1,-1,1,0,1,1,1,0,0,0,0,0,16,0,0,2,1,6,0,4,4,3,3,0,1,0,0,0,0,0,0,0,7,1,1,0,0,0,0,1,2,1,0,KRBKRNvK,DRAW,8/1KB5/8/k7/n7/4r3/8/2R5 b - - 0 1
1,1,0,0,0,0,0,1,-1,1,0,1,1,1,0,0,0,0,0,16,0,0,2,0,5,1,3,4,2,16,23,0,0,0,0,0,0,0,0,7,1,1,0,0,0,0,2,2,2,0,KRBKRNvK,DRAW,8/8/K3n3/8/1k5r/8/RB6/8 w - - 0 1
0,1,0,0,0,0,0,1,-1,1,0,1,1,1,0,0,0,0,0,16,0,0,4,7,1,3,0,5,3,17,24,0,0,0,0,0,0,0,0,7,1,1,0,0,0,0,1,0,0,0,KRBKRNvK,DRAW,8/1n6/6B1/8/8/6R1/7K/r2k4 b - - 0 1
1,1,0,0,0,0,0,1,-1,1,0,1,1,1,0,0,0,0,0,16,0,0,7,3,0,0,7,3,6,26,22,0,0,0,0,0,0,0,0,7,1,1,0,0,0,0,2,1,1,0,KRBKRNvK,DRAW,k7/7r/B5n1/8/5R2/8/8/3K4 w - - 0 1
1,1,0,0,0,0,0,1,-1,1,0,1,1,1,0,0,0,0,0,16,0,0,5,2,1,4,6,3,2,27,25,0,0,0,0,0,0,0,0,7,1,1,0,0,0,0,3,0,0,0,KRBKRNvK,DRAW,r6B/4k3/7n/8/2R5/8/2K5/8 w - - 0 1
1,1,0,0,0,0,0,1,-1,1,0,1,1,1,0,0,0,0,0,16,0,0,5,7,1,2,1,5,3,25,25,0,0,0,0,0,0,0,0,7,1,1,0,0,0,0,0,3,1,0,KRBKRNvK,DRAW,8/8/3n4/5r2/8/7R/2kB3K/8 w - - 0 1
0,1,0,0,0,0,0,1,-1,1,0,1,1,1,0,0,0,0,0,16,0,0,5,1,7,5,2,5,2,30,16,0,0,0,0,0,0,0,0,7,1,1,0,0,0,0,2,2,0,0,KRBKRNvK,DRAW,1K6/B7/7r/2R5/2n5/5k2/8/8 b - - 0 1
1,1,0,0,0,0,0,1,-1,1,0,1,1,1,0,0,0,0,0,16,0,0,5,1,6,6,4,4,2,27,22,0,0,0,0,0,0,0,0,7,1,1,0,0,0,0,0,2,1,1,KRBKRNvK,DRAW,R7/1K5n/3r4/6k1/6B1/8/8/8 w - - 0 1
1,1,0,0,0,0,0,1,-1,1,0,1,1,1,0,0,0,0,0,16,0,0,6,5,7,7,1,4,5,22,20,0,0,0,0,0,0,0,0,7,1,1,1,0,0,0,0,2,0,0,KRBKRNvK,DRAW,5K2/2R5/8/B7/4r3/8/7k/7n w - - 0 1
0,1,0,0,0,0,0,1,-1,1,0,1,1,1,0,0,0,0,0,16,0,0,5,5,3,0,0,1,6,17,25,0,0,0,0,0,0,0,0,7,1,1,0,0,0,0,3,0,1,0,KRBKRNvK,DRAW,8/n7/r7/8/5K2/2R1B3/8/k7 b - - 0 1
0,1,0,0,0,0,0,1,-1,1,0,1,1,1,0,0,0,0,0,16,0,0,3,3,4,4,1,0,2,7,0,1,0,0,0,0,0,0,0,7,1,1,0,0,0,0,3,2,0,1,KRBKRNvK,DRAW,4r3/8/B7/3K4/R2n4/8/4k3/8 b - - 0 1
1,1,0,0,0,0,0,1,-1,1,0,1,1,1,0,0,0,0,0,16,0,0,4,0,3,4,6,3,2,4,0,1,0,0,0,0,0,0,0,7,1,1,0,0,0,0,0,3,0,1,KRBKRNvK,DRAW,8/4k3/1R6/8/K7/2n5/8/2B1r3 w - - 0 1
0,1,0,0,0,0,0,1,-1,1,0,1,1,1,0,0,0,0,0,16,0,0,5,7,2,2,0,4,4,18,24,0,0,0,0,0,0,0,0,7,1,1,0,0,0,0,2,2,1,0,KRBKRNvK,DRAW,3R3n/8/8/8/1r6/7K/B7/2k5 b - - 0 1
0,1,0,0,0,0,0,1,-1,1,0,1,1,1,0,0,0,0,0,16,0,0,4,7,1,3,3,5,0,23,22,0,0,0,0,0,0,0,0,7,1,1,0,0,0,0,1,3,0,0,KRBKRNvK,DRAW,6n1/7B/8/8/3k4/r7/6RK/8 b - - 0 1
0,1,0,0,0,0,0,1,-1,1,0,1,1,1,0,0,0,0,0,16,0,0,7,0,3,7,2,3,4,20,24,0,0,0,0,0,0,0,0,7,1,1,0,0,0,0,1,0,0,0,KRBKRNvK,DRAW,7n/5r2/8/8/K7/4B2k/8/4R3 b - - 0 1
0,1,0,0,0,0,0,1,-1,1,0,1,1,1,0,0,0,0,0,16,0,0,5,0,5,3,0,4,3,22,26,0,0,0,0,0,0,0,0,7,1,1,0,0,0,0,2,2,0,0,KRBKRNvK,DRAW,8/8/K7/6R1/5r2/8/B7/1n1k4 b - - 0 1
0,1,0,0,0,0,0,1,-1,1,0,1,1,1,0,0,0,0,0,16,0,0,2,3,3,1,3,0,2,27,23,0,0,0,0,0,0,0,0,7,1,1,0,0,0,0,3,0,0,1,KRBKRNvK,DRAW,6r1/7B/7R/4n3/1k1K4/8/8/8 b - - 0 1
0,1,0,0,0,0,0,1,-1,1,0,1,1,1,0,0,0,0,0,16,0,0,4,6,1,3,5,4,1,6,0,1,0,0,0,0,0,0,0,7,1,1,0,0,0,0,3,2,1,1,KRBKRNvK,DRAW,8/8/3k4/8/3R4/8/1B4K1/2r2n2 b - - 0 1
1,1,0,0,0,0,0,1,-1,1,0,1,1,1,0,0,0,0,0,16,0,0,2,7,4,5,6,3,3,19,26,0,0,0,0,0,0,0,0,7,1,1,0,0,0,0,2,1,0,0,KRBKRNvK,DRAW,8/1r3k2/8/B6K/7R/4n3/8/8 w - - 0 1
0,1,0,0,0,0,0,1,-1,1,0,1,1,1,0,0,0,0,0,16,0,0,4,6,3,5,7,2,4,20,27,0,0,0,0,0,0,0,0,7,1,1,0,0,0,0,2,2,0,0,KRBKRNvK,DRAW,5kn1/3r4/8/8/6K1/R1B5/8/8 b - - 0 1
1,1,0,0,0,0,0,1,-1,1,0,1,1,1,0,0,0,0,0,16,0,0,3,1,4,2,7,2,4,29,21,0,0,0,0,0,0,0,0,7,1,1,0,0,0,0,3,2,1,0,KRBKRNvK,DRAW,2k5/8/4R3/1K6/8/5nr1/8/B7 w - - 0 1
1,1,0,0,0,0,0,1,-1,1,0,1,1,1,0,0,0,0,0,16,0,0,5,3,7,5,2,3,2,4,0,1,0,0,0,0,0,0,0,7,1,1,0,0,0,0,2,1,1,1,KRBKRNvK,DRAW,3K1r2/8/8/B7/4R3/5k2/5n2/8 w - - 0 1
0,1,0,0,0,0,0,1,-1,1,0,1,1,1,0,0,0,0,0,16,0,0,5,6,7,1,3,5,2,19,29,0,0,0,0,0,0,0,0,7,1,1,0,0,0,0,2,0,1,1,KRBKRNvK,DRAW,6K1/8/7r/3B4/1k6/4R3/7n/8 b - - 0 1
1,1,0,0,0,0,0,1,-1,1,0,1,1,1,0,0,0,0,0,16,0,0,5,6,6,1,6,4,4,32,18,0,0,0,0,0,0,0,0,7,1,1,0,0,0,0,1,0,0,0,KRBKRNvK,DRAW,1n6/1k4K1/5R2/8/8/4B3/8/1r6 w - - 0 1
1,1,0,0,0,0,0,1,-1,1,0,1,1,1,0,0,0,0,0,16,0,0,3,3,2,6,2,1,3,27,24,0,0,0,0,0,0,0,0,7,1,1,0,0,0,0,4,2,1,0,KRBKRNvK,DRAW,5r2/8/2n2B2/4R3/8/3K2k1/8/8 w - - 0 1
0,1,0,0,0,0,0,1,-1,1,0,1,1,1,0,0,0,0,0,16,0,0,5,0,0,4,5,6,1,21,24,0,0,0,0,0,0,0,0,7,1,1,0,0,0,0,2,2,1,0,KRBKRNvK,DRAW,1n2B3/6r1/4k3/8/8/8/3R4/K7 b - - 0 1
1,1,0,0,0,0,0,1,-1,1,0,1,1,1,0,0,0,0,0,16,0,0,2,3,6,5,6,2,3,26,23,0,0,0,0,0,0,0,0,7,1,1,0,1,0,0,2,2,1,0,KRBKRNvK,DRAW,5B2/3K1k2/6n1/8/7R/8/4r3/8 w - - 0 1
0,1,0,0,0,0,0,1,-1,1,0,1,1,1,0,0,0,0,0,16,0,0,6,6,5,0,0,3,6,17,23,0,0,0,0,0,0,0,0,7,1,1,0,0,0,0,0,0,0,0,KRBKRNvK,DRAW,8/r7/6K1/8/8/8/6R1/k2B2n1 b - - 0 1
0,1,0,0,0,0,0,1,-1,1,0,1,1,1,0,0,0,0,0,16,0,0,2,3,0,1,1,3,4,4,0,1,0,0,0,0,0,0,0,7,1,1,0,0,0,0,2,3,1,0,KRBKRNvK,DRAW,8/8/8/6r1/8/6n1/1k2R3/2BK4 b - - 0 1
0,1,0,0,0,0,0,1,-1,1,0,1,1,1,0,0,0,0,0,16,0,0,6,0,1,6,5,5,3,26,21,0,0,0,0,0,0,0,0,7,1,1,0,0,0,0,0,1,0,0,KRBKRNvK,DRAW,8/8/1r4k1/8/6n1/B7/K7/2R5 b - - 0 1
1,1,0,0,0,0,0,1,-1,1,0,1,1,1,0,0,0,0,0,16,0,0,2,2,0,3,2,4,1,25,21,0,0,0,0,0,0,0,0,7,1,1,0,0,0,0,2,3,1,0,KRBKRNvK,DRAW,8/6r1/4B3/5R2/6n1/3k4/8/2K5 w - - 0 1
1,1,0,0,0,0,0,1,-1,1,0,1,1,1,0,0,0,0,0,16,0,0,5,6,5,1,6,3,4,5,0,1,0,0,0,0,0,0,0,7,1,1,1,0,0,0,0,2,0,2,KRBKRNvK,DRAW,8/1k2rR1B/6K1/8/7n/8/8/8 w - - 0 1
1,1,0,0,0,0,0,1,-1,1,0,1,1,1,0,0,0,0,0,16,0,0,4,6,4,6,0,2,5,24,23,0,0,0,0,0,0,0,0,7,1,1,0,1,0,0,0,1,0,1,KRBKRNvK,DRAW,8/8/5R2/6K1/8/6n1/r7/2B3k1 w - - 0 1
1,1,0,0,0,0,0,1,-1,1,0,1,1,1,0,0,0,0,0,16,0,0,6,3,1,2,7,2,4,30,21,0,0,0,0,0,0,0,0,7,1,1,0,0,0,0,3,1,0,0,KRBKRNvK,DRAW,2k5/8/4nBr1/8/5R2/8/3K4/8 w - - 0 1
0,1,0,0,0,0,0,1,-1,1,0,1,1,1,0,0,0,0,0,16,0,0,5,7,4,2,2,3,2,20,23,0,0,0,0,0,0,0,0,7,1,1,0,0,0,0,2,1,1,1,KRBKRNvK,DRAW,1n6/4B3/6r1/7K/1R6/2k5/8/8 b - - 0 1
0,1,0,0,0,0,0,1,-1,1,0,1,1,1,0,0,0,0,0,16,0,0,3,3,5,6,3,1,2,7,0,1,0,0,0,0,0,0,0,7,1,1,0,0,0,0,2,2,1,1,KRBKRNvK,DRAW,6B1/8/3K2R1/4r3/6k1/8/8/4n3 b - - 0 1
0,1,0,0,0,0,0,1,-1,1,0,1,1,1,0,0,0,0,0,16,0,0,5,0,0,2,5,6,2,19,25,0,0,0,0,0,0,0,0,7,1,1,0,0,0,0,3,2,0,0,KRBKRNvK,DRAW,8/2r5/2kn1B2/6R1/8/8/8/K7 b - - 0 1
1,1,0,0,0,0,0,1,-1,1,0,1,1,1,0,0,0,0,0,16,0,0,6,5,0,3,6,4,2,23,21,0,0,0,0,0,0,0,0,7,1,1,0,0,0,0,0,0,0,1,KRBKRNvK,DRAW,6r1/3k4/7B/8/8/8/2R5/5Kn1 w - - 0 1
0,1,0,0,0,0,0,1,-1,1,0,1,1,1,0,0,0,0,0,16,0,0,7,0,0,2,7,6,4,3,0,1,0,0,0,0,0,0,0,7,1,1,0,0,0,0,2,0,0,1,KRBKRNvK,DRAW,2k2r2/8/8/2R5/7B/8/8/Kn6 b - - 0 1
0,1,0,0,0,0,0,1,-1,1,0,1,1,1,0,0,0,0,0,16,0,0,3,6,2,3,1,3,2,20,30,0,0,0,0,0,0,0,0,7,1,1,0,0,0,0,2,0,1,0,KRBKRNvK,DRAW,r4n2/8/8/8/8/6K1/3k2B1/1R6 b - - 0 1
1,1,0,0,0,0,0,1,-1,1,0,1,1,1,0,0,0,0,0,16,0,0,3,6,4,5,1,2,3,6,0,1,0,0,0,0,0,0,0,7,1,1,0,0,0,0,3,0,1,1,KRBKRNvK,LOSS,3R4/1n6/8/6K1/8/3B2r1/5k2/8 w - - 0 1
0,1,0,0,0,0,0,1,-1,1,0,1,1,1,0,0,0,0,0,16,0,0,6,2,1,4,7,3,3,21,24,0,0,0,0,0,0,0,0,7,1,1,0,0,0,0,0,2,1,0,KRBKRNvK,DRAW,r3k3/6B1/5n2/8/8/8/2K5/6R1 b - - 0 1
1,1,0,0,0,0,0,1,-1,1,0,1,1,1,0,0,0,0,0,16,0,0,5,0,4,5,7,3,4,4,0,1,0,0,0,0,0,0,0,7,1,1,0,1,0,0,1,2,0,0,KRBKRNvK,DRAW,5k2/8/8/K7/8/2R1Bn2/r7/8 w - - 0 1
0,1,0,0,0,0,0,1,-1,1,0,1,1,1,0,0,0,0,0,16,0,0,3,2,2,5,3,2,1,20,21,0,0,0,0,0,0,0,0,7,1,1,1,0,0,0,1,4,1,2,KRBKRNvK,DRAW,8/7R/8/8/1n2rk2/2K4B/8/8 b - - 0 1
1,1,0,0,0,0,0,1,-1,1,0,1,1,1,0,0,0,0,0,16,0,0,4,4,5,0,1,1,5,28,21,0,0,0,0,0,0,0,0,7,1,1,0,0,0,0,4,1,1,0,KRBKRNvK,DRAW,8/8/4K3/8/2R5/3n4/k7/6Br w - - 0 1
1,1,0,0,0,0,0,1,-1,1,0,1,1,1,0,0,0,0,0,16,0,0,4,7,2,6,6,4,4,5,0,1,0,0,0,0,0,0,0,7,1,1,0,0,0,0,1,3,0,0,KRBKRNvK,DRAW,8/4n1k1/3B4/8/8/4r2K/2R5/8 w - - 0 1
1,1,0,0,0,0,0,1,-1,1,0,1,1,1,0,0,0,0,0,16,0,0,3,0,7,3,4,6,0,26,23,0,0,0,0,0,0,0,0,7,1,1,1,0,0,0,1,4,1,1,KRBKRNvK,DRAW,K7/7R/2n5/3k1r2/8/4B3/8/8 w - - 0 1
0,1,0,0,0,0,0,1,-1,1,0,1,1,1,0,0,0,0,0,16,0,0,3,5,1,7,4,3,3,18,31,0,0,0,0,0,0,0,0,7,1,1,0,0,0,0,1,2,1,0,KRBKRNvK,DRAW,8/8/1n6/1r5k/3B4/6R1/5K2/8 b - - 0 1
1,1,0,0,0,0,0,1,-1,1,0,1,1,1,0,0,0,0,0,16,0,0,6,1,0,0,6,5,5,28,18,0,0,0,0,0,0,0,0,7,1,1,0,0,0,0,0,0,0,0,KRBKRNvK,DRAW,8/k3B3/6R1/8/8/7r/8/1K5n w - - 0 1
0,1,0,0,0,0,0,1,-1,1,0,1,1,1,0,0,0,0,0,16,0,0,2,6,4,7,6,2,5,17,26,0,0,0,0,0,0,0,0,7,1,1,0,0,0,0,3,1,0,2,KRBKRNvK,DRAW,8/7k/2B5/R5K1/5n1r/8/8/8 b - - 0 1
0,1,0,0,0,0,0,1,-1,1,0,1,1,1,0,0,0,0,0,16,0,0,3,4,5,1,5,1,3,24,26,0,0,0,0,0,0,0,0,7,1,1,0,0,0,0,2,0,0,0,KRBKRNvK,DRAW,8/r7/1k2K3/8/8/5R2/8/2n1B3 b - - 0 1
0,1,0,0,0,0,0,1,-1,1,0,1,1,1,0,0,0,0,0,16,0,0,5,7,2,3,7,4,3,20,28,0,0,0,0,0,0,0,0,7,1,1,0,0,0,0,2,0,1,0,KRBKRNvK,DRAW,n2k4/5B2/2r5/6R1/8/7K/8/8 b - - 0 1
0,1,0,0,0,0,0,1,-1,1,0,1,1,1,0,0,0,0,0,16,0,0,3,0,6,3,6,5,2,23,24,0,0,0,0,0,0,0,0,7,1,1,0,1,0,0,3,0,0,0,KRBKRNvK,DRAW,8/K2k4/8/8/2B2R2/8/nr6/8 b - - 0 1
0,1,0,0,0,0,0,1,-1,1,0,1,1,1,0,0,0,0,0,16,0,0,4,5,3,5,7,1,4,4,0,1,0,0,0,0,0,0,0,7,1,1,0,1,0,0,2,2,1,1,KRBKRNvK,DRAW,5k2/8/5R2/8/5K2/5n2/2r5/2B5 b - - 0 1
1,1,0,0,0,0,0,1,-1,1,0,1,1,1,0,0,0,0,0,16,0,0,6,0,6,0,0,5,6,22,21,0,0,0,0,0,0,0,0,7,1,1,1,0,0,0,2,0,0,1,KRBKRNvK,DRAW,2r5/K3R3/8/7B/n7/8/8/k7 w - - 0 1
1,1,0,0,0,0,0,1,-1,1,0,1,1,1,0,0,0,0,0,16,0,0,2,3,6,1,4,2,2,27,21,0,0,0,0,0,0,0,0,7,1,1,0,0,0,0,0,0,0,0,KRBKRNvK,DRAW,8/3K4/n7/1k6/6B1/8/7R/r7 w - - 0 1
1,1,0,0,0,0,0,1,-1,1,0,1,1,1,0,0,0,0,0,16,0,0,2,4,5,2,3,1,1,24,20,0,0,0,0,0,0,0,0,7,1,1,0,0,0,0,3,3,1,0,KRBKRNvK,DRAW,8/8/4K2R/1r6/2k5/n3B3/8/8 w - - 0 1
0,1,0,0,0,0,0,1,-1,1,0,1,1,1,0,0,0,0,0,16,0,0,2,6,0,5,2,5,2,22,21,0,0,0,0,0,0,0,0,7,1,1,0,0,0,0,3,2,0,1,KRBKRNvK,DRAW,1B1R4/8/8/8/2r5/5k2/8/5nK1 b - - 0 1
0,1,0,0,0,0,0,1,-1,1,0,1,1,1,0,0,0,0,0,16,0,0,5,0,3,5,0,3,4,21,20,0,0,0,0,0,0,0,0,7,1,1,1,0,0,0,1,1,0,0,KRBKRNvK,DRAW,8/3R4/3n4/8/K7/8/8/1B3k1r b - - 0 1
1,1,0,0,0,0,0,1,-1,1,0,1,1,1,0,0,0,0,0,16,0,0,6,0,6,6,6,5,4,28,23,0,0,0,0,0,0,0,0,7,1,1,0,0,0,0,0,0,1,0,KRBKRNvK,DRAW,8/K5k1/8/6B1/8/2r5/1R6/3n4 w - - 0 1
0,1,0,0,0,0,0,1,-1,1,0,1,1,1,0,0,0,0,0,16,0,0,4,4,4,6,0,0,5,3,0,1,0,0,0,0,0,0,0,7,1,1,0,0,0,0,3,2,0,0,KRBKRNvK,DRAW,n7/8/8/2B1K3/r7/8/2R5/6k1 b - - 0 1
1,1,0,0,0,0,0,1,-1,1,0,1,1,1,0,0,0,0,0,16,0,0,6,5,7,4,1,4,2,28,27,0,0,0,0,0,0,0,0,7,1,1,0,0,0,0,1,1,1,0,KRBKRNvK,DRAW,5K2/8/6R1/8/5n2/1r6/4kB2/8 w - - 0 1
0,1,0,0,0,0,0,1,-1,1,0,1,1,1,0,0,0,0,0,16,0,0,7,1,0,1,7,5,5,19,21,0,0,0,0,0,0,0,0,7,1,1,0,0,0,0,0,0,0,0,KRBKRNvK,DRAW,nk6/8/6r1/B7/8/8/R7/1K6 b - - 0 1
0,1,0,0,0,0,0,1,-1,1,0,1,1,1,0,0,0,0,0,16,0,0,6,1,4,7,7,2,6,3,0,1,0,0,0,0,0,0,0,7,1,1,0,0,0,0,2,0,0,0,KRBKRNvK,DRAW,2R4k/1B6/8/1K6/8/8/1n6/5r2 b - - 0 1
1,1,0,0,0,0,0,1,-1,1,0,1,1,1,0,0,0,0,0,16,0,0,3,0,5,0,2,4,4,26,24,0,0,0,0,0,0,0,0,7,1,1,0,0,0,0,0,1,0,0,KRBKRNvK,DRAW,8/8/K6R/8/8/k5r1/4Bn2/8 w - - 0 1
0,1,0,0,0,0,0,1,-1,1,0,1,1,1,0,0,0,0,0,16,0,0,4,5,4,6,0,1,5,21,21,0,0,0,0,0,0,0,0,7,1,1,0,0,0,0,4,3,0,1,KRBKRNvK,DRAW,8/8/8/5K2/8/2n1r3/3R4/2B3k1 b - - 0 1
1,1,0,0,0,0,0,1,-1,1,0,1,1,1,0,0,0,0,0,16,0,0,3,0,3,2,6,3,3,20,24,0,0,0,0,0,0,0,0,7,1,1,0,1,0,0,0,0,1,0,KRBKRNvK,DRAW,5n2/2k5/8/1B6/K7/R7/6r1/8 w - - 0 1
0,1,0,0,0,0,0,1,-1,1,0,1,1,1,0,0,0,0,0,16,0,0,7,7,7,0,0,6,6,18,22,0,0,0,0,0,0,0,0,7,1,1,1,0,0,0,0,2,1,0,KRBKRNvK,DRAW,7K/5R2/8/8/2r5/1B6/1n6/k7 b - - 0 1
0,1,0,0,0,0,0,1,-1,1,0,1,1,1,0,0,0,0,0,16,0,0,5,0,0,5,0,6,4,22,25,0,0,0,0,0,0,0,0,7,1,1,1,0,0,0,1,2,1,0,KRBKRNvK,DRAW,8/1R6/8/8/7r/6B1/3n4/K4k2 b - - 0 1
0,1,0,0,0,0,0,1,-1,1,0,1,1,1,0,0,0,0,0,16,0,0,5,1,3,6,6,2,4,3,0,1,0,0,0,0,0,0,0,7,1,1,0,0,0,0,0,2,2,1,KRBKRNvK,DRAW,4B3/6k1/6R1/r7/1K6/7n/8/8 b - - 0 1
0,1,0,0,0,0,0,1,-1,1,0,1,1,1,0,0,0,0,0,16,0,0,5,4,6,3,1,2,2,24,22,0,0,0,0,0,0,0,0,7,1,1,1,0,0,0,2,0,0,1,KRBKRNvK,DRAW,5r2/4K2R/8/8/8/8/3k2B1/1n6 b - - 0 1
0,1,0,0,0,0,0,1,-1,1,0,1,1,1,0,0,0,0,0,16,0,0,5,7,6,2,4,5,1,22,26,0,0,0,0,0,0,0,0,7,1,1,0,0,0,0,2,2,0,0,KRBKRNvK,DRAW,2r5/7K/8/2k3B1/1n6/8/8/4R3 b - - 0 1
0,1,0,0,0,0,0,1,-1,1,0,1,1,1,0,0,0,0,0,16,0,0,3,7,5,4,5,4,1,19,21,0,0,0,0,0,0,0,0,7,1,1,0,0,0,0,3,2,1,1,KRBKRNvK,DRAW,8/4r3/4k2K/2R5/5n2/4B3/8/8 b - - 0 1
1,1,0,0,0,0,0,1,-1,1,0,1,1,1,0,0,0,0,0,16,0,0,4,3,1,0,5,2,4,25,21,0,0,0,0,0,0,0,0,7,1,1,0,0,0,0,0,0,0,2,KRBKRNvK,DRAW,3B4/8/k7/8/8/7R/1n1K4/5r2 w - - 0 1
0,1,0,0,0,0,0,1,-1,1,0,1,1,1,0,0,0,0,0,16,0,0,3,0,3,0,6,3,5,26,22,0,0,0,0,0,0,0,0,7,1,1,0,0,0,0,1,3,0,1,KRBKRNvK,DRAW,8/k7/3n4/1r6/K7/6B1/8/5R2 b - - 0 1
0,1,0,0,0,0,0,1,-1,1,0,1,1,1,0,0,0,0,0,16,0,0,2,4,0,6,0,3,5,16,30,0,0,0,0,0,0,0,0,7,1,1,0,0,0,0,1,0,0,0,KRBKRNvK,DRAW,n7/r7/5R2/8/4B3/8/8/4K1k1 b - - 0 1
1,1,0,0,0,0,0,1,-1,1,0,1,1,1,0,0,0,0,0,16,0,0,6,0,1,6,0,5,5,2,0,1,0,0,0,0,0,0,0,7,1,1,0,0,0,0,1,1,0,2,KRBKRNvK,DRAW,1R6/8/8/8/4B3/8/K1n5/r5k1 w - - 0 1
1,1,0,0,0,0,0,1,-1,1,0,1,1,1,0,0,0,0,0,16,0,0,4,7,1,3,0,5,3,23,23,0,0,0,0,0,0,0,0,7,1,1,0,0,0,0,1,3,1,0,KRBKRNvK,DRAW,8/3r4/8/6n1/8/7R/7K/1B1k4 w - - 0 1
1,1,0,0,0,0,0,1,-1,1,0,1,1,1,0,0,0,0,0,16,0,0,2,4,5,5,3,1,1,25,11,0,0,0,0,0,0,0,0,7,1,1,0,0,0,0,2,2,1,0,KRBKRNvK,DRAW,8/8/4K3/8/5k1r/6R1/8/n3B3 w - - 0 1
1,1,0,0,0,0,0,1,-1,1,0,1,1,1,0,0,0,0,0,16,0,0,6,6,2,0,3,3,3,30,24,0,0,0,0,0,0,0,0,7,1,1,0,0,0,0,2,1,0,0,KRBKRNvK,DRAW,8/1B6/8/8/kn6/6K1/5R2/2r5 w - - 0 1
0,1,0,0,0,0,0,1,-1,1,0,1,1,1,0,0,0,0,0,16,0,0,2,5,7,6,5,4,3,27,21,0,0,0,0,0,0,0,0,7,1,1,0,0,0,0,0,2,0,0,KRBKRNvK,DRAW,1R3K2/8/6k1/r7/3n4/7B/8/8 b - - 0 1
1,1,0,0,0,0,0,1,-1,1,0,1,1,1,0,0,0,0,0,16,0,0,2,1,1,3,1,4,2,22,24,0,0,0,0,0,0,0,0,7,1,1,0,0,0,0,3,1,1,1,KRBKRNvK,DRAW,8/2B5/8/1n6/2R5/r7/1K1k4/8 w - - 0 1
1,1,0,0,0,0,0,1,-1,1,0,1,1,1,0,0,0,0,0,16,0,0,4,6,5,2,6,3,3,33,24,0,0,0,0,0,0,0,0,7,1,1,0,0,0,0,1,1,0,0,KRBKRNvK,DRAW,8/2k5/6K1/8/1n2B3/8/7R/2r5 w - - 0 1
0,1,0,0,0,0,0,1,-1,1,0,1,1,1,0,0,0,0,0,16,0,0,5,2,1,7,6,3,5,21,24,0,0,0,0,0,0,0,0,7,1,1,0,0,0,0,0,2,0,0,KRBKRNvK,DRAW,1n6/7k/8/8/6r1/2R5/2KB4/8 b - - 0 1
0,1,0,0,0,0,0,1,-1,1,0,1,1,1,0,0,0,0,0,16,0,0,4,7,4,3,3,3,0,4,0,1,0,0,0,0,0,0,0,7,1,1,0,0,0,0,1,3,2,0,KRBKRNvK,DRAW,8/8/8/2B4K/3k4/8/2R4n/6r1 b - - 0 1
1,1,0,0,0,0,0,1,-1,1,0,1,1,1,0,0,0,0,0,16,0,0,6,4,0,4,6,3,2,26,28,0,0,0,0,0,0,0,0,7,1,1,0,0,0,0,1,2,0,0,KRBKRNvK,DRAW,1B6/4k3/8/5n2/2r5/R7/8/4K3 w - - 0 1
1,1,0,0,0,0,0,1,-1,1,0,1,1,1,0,0,0,0,0,16,0,0,6,1,5,7,6,3,5,25,26,0,0,0,0,0,0,0,0,7,1,1,0,0,0,0,2,1,0,0,KRBKRNvK,DRAW,8/5r1k/1K2n3/3R4/8/8/8/4B3 w - - 0 1
1,1,0,0,0,0,0,1,-1,1,0,1,1,1,0,0,0,0,0,16,0,0,4,1,4,5,7,2,4,5,0,1,0,0,0,0,0,0,0,7,1,1,0,0,0,0,1,2,1,2,KRBKRNvK,DRAW,5k2/8/4B3/1K6/8/r1n5/8/R7 w - - 0 1
0,1,0,0,0,0,0,1,-1,1,0,1,1,1,0,0,0,0,0,16,0,0,4,6,6,7,2,4,4,22,24,0,0,0,0,0,0,0,0,7,1,1,0,0,0,0,2,3,0,0,KRBKRNvK,DRAW,8/6K1/3r4/1B6/2R5/6nk/8/8 b - - 0 1
0,1,0,0,0,0,0,1,-1,1,0,1,1,1,0,0,0,0,0,16,0,0,5,6,6,4,1,4,2,27,24,0,0,0,0,0,0,0,0,7,1,1,0,0,0,0,1,2,0,0,KRBKRNvK,DRAW,5R2/2n3K1/3r4/5B2/8/8/4k3/8 b - - 0 1
0,1,0,0,0,0,0,1,-1,1,0,1,1,1,0,0,0,0,0,16,0,0,5,5,5,0,2,2,4,10,24,0,0,0,0,0,0,0,0,7,1,1,0,1,0,0,1,1,1,1,KRBKRNvK,LOSS,8/8/5K2/6n1/8/k7/1r5R/2B5 b - - 0 1
0,1,0,0,0,0,0,1,-1,1,0,1,1,1,0,0,0,0,0,16,0,0,4,0,7,4,3,6,0,3,0,1,0,0,0,0,0,0,0,7,1,1,0,0,0,0,1,3,1,0,KRBKRNvK,DRAW,K7/8/8/3r4/4k3/4R3/n7/6B1 b - - 0 1
1,1,0,0,0,0,0,1,-1,1,0,1,1,1,0,0,0,0,0,16,0,0,5,5,1,5,6,3,3,28,22,0,0,0,0,0,0,0,0,7,1,1,0,0,0,0,2,1,2,0,KRBKRNvK,DRAW,8/3B1k2/3n2r1/7R/8/8/5K2/8 w - - 0 1
1,1,0,0,0,0,0,1,-1,1,0,1,1,1,0,0,0,0,0,16,0,0,6,1,2,7,6,3,5,21,23,0,0,0,0,0,0,0,0,7,1,1,0,0,0,0,2,2,0,0,KRBKRNvK,DRAW,3n4/B6k/8/2R5/6r1/1K6/8/8 w - - 0 1
1,1,0,0,0,0,0,1,-1,1,0,1,1,1,0,0,0,0,0,16,0,0,3,2,4,3,1,1,2,26,23,0,0,0,0,0,0,0,0,7,1,1,0,0,0,0,3,0,1,0,KRBKRNvK,DRAW,6B1/8/7r/2K5/4R3/8/3k2n1/8 w - - 0 1
1,1,0,0,0,0,0,1,-1,1,0,1,1,1,0,0,0,0,0,16,0,0,4,3,4,0,0,0,6,6,0,1,0,0,0,0,0,0,0,7,1,1,0,0,0,0,3,2,1,0,KRBKRNvK,DRAW,5R2/8/8/3K4/8/8/1n6/kB1r4 w - - 0 1
1,1,0,0,0,0,0,1,-1,1,0,1,1,1,0,0,0,0,0,16,0,0,5,3,6,0,1,2,5,4,0,1,0,0,0,0,0,0,0,7,1,1,0,0,0,0,2,0,1,1,KRBKRNvK,DRAW,3R4/1r1K4/8/8/4n3/2B5/k7/8 w - - 0 1
0,1,0,0,0,0,0,1,-1,1,0,1,1,1,0,0,0,0,0,16,0,0,4,1,7,5,6,5,3,23,24,0,0,0,0,0,0,0,0,7,1,1,0,1,0,0,1,0,1,0,KRBKRNvK,DRAW,1K6/5k2/8/5B2/8/8/6r1/Rn6 b - - 0 1
1,1,0,0,0,0,0,1,-1,1,0,1,1,1,0,0,0,0,0,16,0,0,3,5,0,6,3,4,2,22,23,0,0,0,0,0,0,0,0,7,1,1,0,0,0,0,0,2,0,0,KRBKRNvK,DRAW,R7/7n/8/8/Br4k1/8/8/5K2 w - - 0 1
1,1,0,0,0,0,0,1,-1,1,0,1,1,1,0,0,0,0,0,16,0,0,6,1,3,7,5,2,4,29,20,0,0,0,0,0,0,0,0,7,1,1,0,0,0,0,1,2,0,0,KRBKRNvK,DRAW,1B2r3/6n1/7k/8/1K6/5R2/8/8 w - - 0 1
1,1,0,0,0,0,0,1,-1,1,0,1,1,1,0,0,0,0,0,16,0,0,4,3,6,7,6,2,5,22,20,0,0,0,0,0,0,0,0,7,1,1,0,0,0,0,2,2,0,1,KRBKRNvK,DRAW,8/3K3k/3R4/4r3/8/8/8/1n1B4 w - - 0 1
1,1,0,0,0,0,0,1,-1,1,0,1,1,1,0,0,0,0,0,16,0,0,4,6,5,2,7,3,4,25,19,0,0,0,0,0,0,0,0,7,1,1,0,0,0,0,2,1,0,1,KRBKRNvK,DRAW,2k2r2/2n5/6K1/8/3R3B/8/8/8 w - - 0 1
0,1,0,0,0,0,0,1,-1,1,0,1,1,1,0,0,0,0,0,16,0,0,4,2,3,6,3,1,2,21,29,0,0,0,0,0,0,0,0,7,1,1,0,0,0,0,3,0,0,0,KRBKRNvK,DRAW,8/8/2BR4/8/2K3k1/8/8/3n1r2 b - - 0 1
1,1,0,0,0,0,0,1,-1,1,0,1,1,1,0,0,0,0,0,16,0,0,4,3,3,7,4,0,3,6,0,1,0,0,0,0,0,0,0,7,1,1,1,1,0,0,3,2,1,1,KRBKRNvK,DRAW,8/3BnR2/8/7k/3K4/8/3r4/8 w - - 0 1
1,1,0,0,0,0,0,1,-1,1,0,1,1,1,0,0,0,0,0,16,0,0,2,3,3,4,5,0,1,4,0,1,0,0,0,0,0,0,0,7,1,1,0,0,0,0,4,4,0,0,KRBKRNvK,DRAW,7R/8/4k3/7n/3K2r1/8/8/B7 w - - 0 1
0,1,0,0,0,0,0,1,-1,1,0,1,1,1,0,0,0,0,0,16,0,0,5,4,6,0,1,2,5,16,26,0,0,0,0,0,0,0,0,7,1,1,0,0,0,0,2,0,0,0,KRBKRNvK,DRAW,r7/4K2n/3B4/1R6/8/8/k7/8 b - - 0 1
1,1,0,0,0,0,0,1,-1,1,0,1,1,1,0,0,0,0,0,16,0,0,2,7,3,6,5,3,3,24,13,0,0,0,0,0,0,0,0,7,1,1,1,0,0,0,2,0,1,0,KRBKRNvK,DRAW,8/7R/6k1/8/7K/5B2/8/n4r2 w - - 0 1
1,1,0,0,0,0,0,1,-1,1,0,1,1,1,0,0,0,0,0,16,0,0,5,7,0,2,2,6,2,3,0,1,0,0,0,0,0,0,0,7,1,1,1,0,0,0,1,2,0,0,KRBKRNvK,DRAW,8/5R2/6B1/6n1/8/2k5/8/2r4K w - - 0 1
1,1,0,0,0,0,0,1,-1,1,0,1,1,1,0,0,0,0,0,16,0,0,4,2,2,6,0,2,5,21,22,0,0,0,0,0,0,0,0,7,1,1,0,0,0,0,1,2,0,0,KRBKRNvK,DRAW,2R5/8/8/5r1n/8/2K5/1B6/6k1 w - - 0 1
0,1,0,0,0,0,0,1,-1,1,0,1,1,1,0,0,0,0,0,16,0,0,4,0,5,4,7,4,3,4,0,1,0,0,0,0,0,0,0,7,1,1,0,0,0,0,2,2,0,0,KRBKRNvK,DRAW,4k1r1/8/K7/8/B5R1/5n2/8/8 b - - 0 1
0,1,0,0,0,0,0,1,-1,1,0,1,1,1,0,0,0,0,0,16,0,0,5,3,0,2,5,3,2,4,0,1,0,0,0,0,0,0,0,7,1,1,0,0,0,0,1,1,2,0,KRBKRNvK,DRAW,2R1r3/4n3/2k5/8/4B3/8/8/3K4 b - - 0 1
0,1,0,0,0,0,0,1,-1,1,0,1,1,1,0,0,0,0,0,16,0,0,4,4,5,0,6,1,5,20,19,0,0,0,0,0,0,0,0,7,1,1,0,0,0,0,2,2,0,0,KRBKRNvK,DRAW,8/kn6/4K2R/1r6/8/8/8/2B5 b - - 0 1
0,1,0,0,0,0,0,1,-1,1,0,1,1,1,0,0,0,0,0,16,0,0,7,0,5,7,0,4,6,3,0,1,0,0,0,0,0,0,0,7,1,1,1,0,0,0,0,2,0,2,KRBKRNvK,LOSS,8/4B2R/K7/1n6/1r6/8/8/7k b - - 0 1
0,1,0,0,0,0,0,1,-1,1,0,1,1,1,0,0,0,0,0,16,0,0,2,4,6,3,4,2,0,3,0,1,0,0,0,0,0,0,0,7,1,1,0,0,0,0,3,4,1,1,KRBKRNvK,LOSS,3r4/4K3/4B3/3k4/6R1/8/8/3n4 b - - 0 1
0,1,0,0,0,0,0,1,-1,1,0,1,1,1,0,0,0,0,0,16,0,0,3,2,6,5,5,3,2,7,0,1,0,0,0,0,0,0,0,7,1,1,0,0,0,0,1,1,0,1,KRBKRNvK,DRAW,r7/2K5/5k2/8/3n4/8/B7/5R2 b - - 0 1
0,1,0,0,0,0,0,1,-1,1,0,1,1,1,0,0,0,0,0,16,0,0,3,1,3,4,1,2,2,5,0,1,0,0,0,0,0,0,0,7,1,1,0,0,0,0,2,2,1,0,KRBKRNvK,DRAW,8/8/B7/6r1/1K1R4/8/4k3/3n4 b - - 0 1
0,1,0,0,0,0,0,1,-1,1,0,1,1,1,0,0,0,0,0,16,0,0,7,0,4,7,3,3,3,23,21,0,0,0,0,0,0,0,0,7,1,1,1,0,0,0,0,3,0,0,KRBKRNvK,DRAW,5B2/R7/8/K7/7k/4rn2/8/8 b - - 0 1
1,1,0,0,0,0,0,1,-1,1,0,1,1,1,0,0,0,0,0,16,0,0,2,4,3,4,5,0,1,5,0,1,0,0,0,0,0,0,0,7,1,1,1,0,0,0,3,4,1,1,KRBKRNvK,DRAW,8/6R1/2n1k3/7B/4K2r/8/8/8 w - - 0 1
1,1,0,0,0,0,0,1,-1,1,0,1,1,1,0,0,0,0,0,16,0,0,3,2,1,3,4,3,0,27,18,0,0,0,0,0,0,0,0,7,1,1,0,0,0,0,3,3,1,0,KRBKRNvK,DRAW,8/8/8/3k4/R4Bn1/8/2K5/6r1 w - - 0 1
0,1,0,0,0,0,0,1,-1,1,0,1,1,1,0,0,0,0,0,16,0,0,3,2,2,5,3,2,1,24,29,0,0,0,0,0,0,0,0,7,1,1,0,0,0,0,2,2,1,0,KRBKRNvK,DRAW,3n4/3B4/3R4/8/5k2/2K5/8/7r b - - 0 1
1,1,0,0,0,0,0,1,-1,1,0,1,1,1,0,0,0,0,0,16,0,0,3,7,7,4,4,6,0,25,18,0,0,0,0,0,0,0,0,7,1,1,0,0,0,0,3,3,1,1,KRBKRNvK,DRAW,2r3nK/8/6B1/4k3/8/8/3R4/8 w - - 0 1
1,1,0,0,0,0,0,1,-1,1,0,1,1,1,0,0,0,0,0,16,0,0,7,6,7,2,0,5,4,12,17,0,0,0,0,0,0,0,0,7,1,1,0,0,0,0,0,0,0,0,KRBKRNvK,DRAW,6K1/n7/8/8/6BR/6r1/8/2k5 w - - 0 1
1,1,0,0,0,0,0,1,-1,1,0,1,1,1,0,0,0,0,0,16,0,0,6,3,1,3,7,2,3,31,17,0,0,0,0,0,0,0,0,7,1,1,1,0,0,0,2,2,2,0,KRBKRNvK,DRAW,3k3n/4R3/3B4/8/6r1/8/3K4/8 w - - 0 1
0,1,0,0,0,0,0,1,-1,1,0,1,1,1,0,0,0,0,0,16,0,0,7,3,0,5,7,3,4,24,23,0,0,0,0,0,0,0,0,7,1,1,0,0,0,0,2,3,0,0,KRBKRNvK,DRAW,5k2/8/4r3/R7/1n5B/8/8/3K4 b - - 0 1
1,1,0,0,0,0,0,1,-1,1,0,1,1,1,0,0,0,0,0,16,0,0,6,1,7,0,1,5,5,3,0,1,0,0,0,0,0,0,0,7,1,1,0,0,0,0,2,0,0,0,KRBKRNvK,DRAW,1K3r2/1B6/8/8/8/8/k7/2n3R1 w - - 0 1
1,1,0,0,0,0,0,1,-1,1,0,1,1,1,0,0,0,0,0,16,0,0,5,1,0,6,0,5,5,28,22,0,0,0,0,0,0,0,0,7,1,1,0,0,0,0,3,0,0,0,KRBKRNvK,DRAW,8/8/3R4/5B2/n7/6r1/8/1K4k1 w - - 0 1
0,1,0,0,0,0,0,1,-1,1,0,1,1,1,0,0,0,0,0,16,0,0,2,1,2,0,0,3,6,19,21,0,0,0,0,0,0,0,0,7,1,1,0,1,0,0,1,1,0,1,KRBKRNvK,DRAW,8/8/1n6/5B2/8/1K3R2/r7/k7 b - - 0 1
1,1,0,0,0,0,0,1,-1,1,0,1,1,1,0,0,0,0,0,16,0,0,2,3,5,3,3,1,0,3,0,1,0,0,0,0,0,0,0,7,1,1,0,0,0,0,2,4,1,0,KRBKRNvK,DRAW,8/8/B2K3r/8/3k4/1R6/2n5/8 w - - 0 1
0,1,0,0,0,0,0,1,-1,1,0,1,1,1,0,0,0,0,0,16,0,0,5,4,0,3,5,3,1,25,22,0,0,0,0,0,0,0,0,7,1,1,0,0,0,0,2,2,1,0,KRBKRNvK,DRAW,5r2/8/3k4/1R6/6n1/8/8/3BK3 b - - 0 1
0,1,0,0,0,0,0,1,-1,1,0,1,1,1,0,0,0,0,0,16,0,0,4,5,7,7,3,4,3,3,0,1,0,0,0,0,0,0,0,7,1,1,1,0,0,0,1,0,0,1,KRBKRNvK,DRAW,2r1nK2/7R/8/3B4/7k/8/8/8 b - - 0 1
0,1,0,0,0,0,0,1,-1,1,0,1,1,1,0,0,0,0,0,16,0,0,5,3,7,5,2,3,2,22,25,0,0,0,0,0,0,0,0,7,1,1,0,0,0,0,3,1,2,2,KRBKRNvK,DRAW,3K1n2/8/2r5/4R3/3B4/5k2/8/8 b - - 0 1
0,1,0,0,0,0,0,1,-1,1,0,1,1,1,0,0,0,0,0,16,0,0,5,6,7,6,2,5,3,5,0,1,0,0,0,0,0,0,0,7,1,1,0,0,0,0,3,0,2,1,KRBKRNvK,DRAW,5nK1/8/r7/8/8/4R1k1/8/7B b - - 0 1
0,1,0,0,0,0,0,1,-1,1,0,1,1,1,0,0,0,0,0,16,0,0,3,2,5,5,5,2,2,23,31,0,0,0,0,0,0,0,0,7,1,1,0,0,0,0,3,1,0,0,KRBKRNvK,DRAW,6r1/8/2K2k2/8/1R6/8/2B4n/8 b - - 0 1
0,1,0,0,0,0,0,1,-1,1,0,1,1,1,0,0,0,0,0,16,0,0,4,7,1,3,0,5,3,25,26,0,0,0,0,0,0,0,0,7,1,1,0,0,0,0,2,3,0,0,KRBKRNvK,DRAW,5B2/3r4/5n2/1R6/8/8/7K/3k4 b - - 0 1
1,1,0,0,0,0,0,1,-1,1,0,1,1,1,0,0,0,0,0,16,0,0,2,6,3,5,1,2,3,24,20,0,0,0,0,0,0,0,0,7,1,1,1,0,0,0,0,1,1,2,KRBKRNvK,DRAW,8/2R5/5rn1/8/6K1/8/5k2/5B2 w - - 0 1
0,1,0,0,0,0,0,1,-1,1,0,1,1,1,0,0,0,0,0,16,0,0,4,6,4,6,0,2,5,16,27,0,0,0,0,0,0,0,0,7,1,1,0,0,0,0,3,0,0,0,KRBKRNvK,DRAW,1r2n3/8/8/6K1/8/8/2BR4/6k1 b - - 0 1
0,1,0,0,0,0,0,1,-1,1,0,1,1,1,0,0,0,0,0,16,0,0,6,0,0,6,6,6,4,5,0,1,0,0,0,0,0,0,0,7,1,1,1,0,0,0,1,3,0,0,KRBKRNvK,DRAW,8/2R3k1/8/7r/8/4B3/5n2/K7 b - - 0 1
1,1,0,0,0,0,0,1,-1,1,0,1,1,1,0,0,0,0,0,16,0,0,4,7,3,3,6,3,2,3,0,1,0,0,0,0,0,0,0,7,1,1,0,1,0,0,3,0,0,1,KRBKRNvK,DRAW,8/3k4/8/n7/1R5K/1B6/7r/8 w - - 0 1
0,1,0,0,0,0,0,1,-1,1,0,1,1,1,0,0,0,0,0,16,0,0,6,6,0,3,6,5,2,25,25,0,0,0,0,0,0,0,0,7,1,1,0,0,0,0,0,2,0,0,KRBKRNvK,DRAW,8/3k4/B6n/8/4r3/6R1/8/6K1 b - - 0 1
1,1,0,0,0,0,0,1,-1,1,0,1,1,1,0,0,0,0,0,16,0,0,5,5,2,1,7,2,5,7,0,1,0,0,0,0,0,0,0,7,1,1,1,0,0,0,2,0,0,0,KRBKRNvK,DRAW,1k6/6R1/8/8/2B5/r4K2/8/2n5 w - - 0 1
0,1,0,0,0,0,0,1,-1,1,0,1,1,1,0,0,0,0,0,16,0,0,5,1,1,6,0,4,5,2,0,1,0,0,0,0,0,0,0,7,1,1,0,0,0,0,1,2,0,0,KRBKRNvK,LOSS,5n2/4r3/8/2B5/8/8/1K6/R5k1 b - - 0 1
1,1,0,0,0,0,0,1,-1,1,0,1,1,1,0,0,0,0,0,16,0,0,3,6,5,7,2,3,4,7,0,1,0,0,0,0,0,0,0,7,1,1,0,0,0,0,1,0,1,1,KRBKRNvK,LOSS,5n2/8/r1R3K1/8/8/6Bk/8/8 w - - 0 1
1,1,0,0,0,0,0,1,-1,1,0,1,1,1,0,0,0,0,0,16,0,0,5,5,3,0,1,1,5,25,20,0,0,0,0,0,0,0,0,7,1,1,0,0,0,0,2,2,1,0,KRBKRNvK,DRAW,8/3r4/7B/8/n4K2/8/k7/1R6 w - - 0 1
0,1,0,0,0,0,0,1,-1,1,0,1,1,1,0,0,0,0,0,16,0,0,4,7,3,7,7,3,6,2,0,1,0,0,0,0,0,0,0,7,1,1,0,0,0,0,2,2,0,0,KRBKRNvK,LOSS,4r2k/8/8/7R/B6K/8/8/6n1 b - - 0 1
1,1,0,0,0,0,0,1,-1,1,0,1,1,1,0,0,0,0,0,16,0,0,7,7,5,0,5,4,4,21,19,0,0,0,0,0,0,0,0,7,1,1,0,0,0,0,1,2,0,0,KRBKRNvK,DRAW,3rn3/8/k6K/8/8/1B6/1R6/8 w - - 0 1
0,1,0,0,0,0,0,1,-1,1,0,1,1,1,0,0,0,0,0,16,0,0,6,2,0,3,6,4,2,7,0,1,0,0,0,0,0,0,0,7,1,1,1,1,0,0,1,1,0,0,KRBKRNvK,DRAW,8/3k3R/8/2n5/8/8/2B2r2/2K5 b - - 0 1
0,1,0,0,0,0,0,1,-1,1,0,1,1,1,0,0,0,0,0,16,0,0,3,7,2,7,5,4,4,2,0,1,0,0,0,0,0,0,0,7,1,1,0,0,0,0,2,0,2,0,KRBKRNvK,DRAW,5Bn1/8/7k/8/6R1/7K/8/r7 b - - 0 1
0,1,0,0,0,0,0,1,-1,1,0,1,1,1,0,0,0,0,0,16,0,0,4,4,2,0,6,1,5,25,25,0,0,0,0,0,0,0,0,7,1,1,0,0,0,0,3,1,1,1,KRBKRNvK,DRAW,8/k1B5/8/2n5/5R2/4K3/8/1r6 b - - 0 1
0,1,0,0,0,0,0,1,-1,1,0,1,1,1,0,0,0,0,0,16,0,0,5,2,4,7,4,1,3,24,32,0,0,0,0,0,0,0,0,7,1,1,0,0,0,0,3,1,0,0,KRBKRNvK,DRAW,8/8/2B5/2K4k/6n1/1R6/8/5r2 b - - 0 1
0,1,0,0,0,0,0,1,-1,1,0,1,1,1,0,0,0,0,0,16,0,0,6,0,0,2,6,6,3,5,0,1,0,0,0,0,0,0,0,7,1,1,0,0,0,0,1,0,0,0,KRBKRNvK,DRAW,3n4/2k5/1r6/8/4B3/2R5/8/K7 b - - 0 1
0,1,0,0,0,0,0,1,-1,1,0,1,1,1,0,0,0,0,0,16,0,0,6,2,1,2,7,3,4,22,26,0,0,0,0,0,0,0,0,7,1,1,0,0,0,0,2,1,0,1,KRBKRNvK,DRAW,2k5/8/5r2/B7/8/8/2K1n3/3R4 b - - 0 1
0,1,0,0,0,0,0,1,-1,1,0,1,1,1,0,0,0,0,0,16,0,0,3,0,7,2,4,6,1,3,0,1,0,0,0,0,0,0,0,7,1,1,1,0,0,0,1,4,1,0,KRBKRNvK,DRAW,K7/2R5/4r3/2kn4/8/8/8/6B1 b - - 0 1
1,1,0,0,0,0,0,1,-1,1,0,1,1,1,0,0,0,0,0,16,0,0,7,7,4,0,1,3,5,25,22,0,0,0,0,0,0,0,0,7,1,1,0,0,0,0,2,2,1,1,KRBKRNvK,DRAW,6R1/3r4/8/7K/8/7n/k7/B7 w - - 0 1
1,1,0,0,0,0,0,1,-1,1,0,1,1,1,0,0,0,0,0,16,0,0,6,3,7,6,1,3,4,30,19,0,0,0,0,0,0,0,0,7,1,1,0,0,0,0,3,0,1,0,KRBKRNvK,DRAW,3K4/8/4B3/8/7R/5r2/6k1/6n1 w - - 0 1
1,1,0,0,0,0,0,1,-1,1,0,1,1,1,0,0,0,0,0,16,0,0,3,0,5,3,3,4,0,5,0,1,0,0,0,0,0,0,0,7,1,1,0,0,0,0,2,4,0,1,KRBKRNvK,DRAW,1n4B1/8/K7/6R1/3k4/3r4/8/8 w - - 0 1
0,1,0,0,0,0,0,1,-1,1,0,1,1,1,0,0,0,0,0,16,0,0,2,0,7,2,6,6,3,21,16,0,0,0,0,0,0,0,0,7,1,1,0,0,0,0,0,3,1,0,KRBKRNvK,DRAW,K1B2R2/2k5/4r3/8/8/8/4n3/8 b - - 0 1
0,1,0,0,0,0,0,1,-1,1,0,1,1,1,0,0,0,0,0,16,0,0,3,6,7,3,7,5,3,6,0,1,0,0,0,0,0,0,0,7,1,1,0,0,0,0,2,0,0,1,KRBKRNvK,DRAW,3k2K1/5r2/8/7B/8/8/1n1R4/8 b - - 0 1
1,1,0,0,0,0,0,1,-1,1,0,1,1,1,0,0,0,0,0,16,0,0,6,1,7,6,1,5,4,24,28,0,0,0,0,0,0,0,0,7,1,1,0,0,0,0,2,0,0,0,KRBKRNvK,DRAW,1K2R3/5r2/3B4/8/3n4/8/6k1/8 w - - 0 1
1,1,0,0,0,0,0,1,-1,1,0,1,1,1,0,0,0,0,0,16,0,0,3,5,3,7,0,1,6,7,0,1,0,0,0,0,0,0,0,7,1,1,0,0,0,0,3,1,0,1,KRBKRNvK,DRAW,7B/1r6/4n3/8/5K2/1R6/8/7k w - - 0 1
1,1,0,0,0,0,0,1,-1,1,0,1,1,1,0,0,0,0,0,16,0,0,7,1,7,1,0,5,5,25,26,0,0,0,0,0,0,0,0,7,1,1,1,1,0,0,0,1,0,0,KRBKRNvK,DRAW,1K6/5R2/8/2n5/6B1/8/r7/1k6 w - - 0 1
1,1,0,0,0,0,0,1,-1,1,0,1,1,1,0,0,0,0,0,16,0,0,6,7,3,1,7,3,5,25,18,0,0,0,0,0,0,0,0,7,1,1,0,0,0,0,2,2,0,0,KRBKRNvK,DRAW,1k6/8/8/6R1/7K/8/8/1n2rB2 w - - 0 1
1,1,0,0,0,0,0,1,-1,1,0,1,1,1,0,0,0,0,0,16,0,0,4,2,3,6,0,1,5,31,22,0,0,0,0,0,0,0,0,7,1,1,0,1,0,0,3,0,0,0,KRBKRNvK,DRAW,3n4/3B4/8/4R3/2K5/8/7r/6k1 w - - 0 1
0,1,0,0,0,0,0,1,-1,1,0,1,1,1,0,0,0,0,0,16,0,0,2,1,1,2,3,4,1,4,0,1,0,0,0,0,0,0,0,7,1,1,1,0,0,0,0,3,1,1,KRBKRNvK,DRAW,8/5R2/8/8/2kr4/1B4n1/1K6/8 b - - 0 1
0,1,0,0,0,0,0,1,-1,1,0,1,1,1,0,0,0,0,0,16,0,0,6,3,7,5,1,3,3,26,24,0,0,0,0,0,0,0,0,7,1,1,1,0,0,0,3,1,0,0,KRBKRNvK,DRAW,1B1K4/3R4/8/8/6n1/7r/5k2/8 b - - 0 1
0,1,0,0,0,0,0,1,-1,1,0,1,1,1,0,0,0,0,0,16,0,0,3,2,2,1,5,2,3,4,0,1,0,0,0,0,0,0,0,7,1,1,0,0,0,0,2,1,2,0,KRBKRNvK,DRAW,1R6/8/1k6/8/3B1n2/2K5/8/6r1 b - - 0 1
1,1,0,0,0,0,0,1,-1,1,0,1,1,1,0,0,0,0,0,16,0,0,3,6,6,4,3,4,0,6,0,1,0,0,0,0,0,0,0,7,1,1,0,0,0,0,1,3,1,1,KRBKRNvK,DRAW,8/6K1/3B4/6r1/4k3/8/8/R2n4 w - - 0 1
0,1,0,0,0,0,0,1,-1,1,0,1,1,1,0,0,0,0,0,16,0,0,4,3,0,2,4,3,1,5,0,1,0,0,0,0,0,0,0,7,1,1,0,0,0,0,2,2,0,0,KRBKRNvK,LOSS,8/1r6/8/2k5/8/8/8/2RK2nB b - - 0 1
0,1,0,0,0,0,0,1,-1,1,0,1,1,1,0,0,0,0,0,16,0,0,5,1,3,6,2,2,3,3,0,1,0,0,0,0,0,0,0,7,1,1,0,0,0,0,0,0,2,0,KRBKRNvK,DRAW,8/r7/8/8/1K6/6kR/8/2n2B2 b - - 0 1
1,1,0,0,0,0,0,1,-1,1,0,1,1,1,0,0,0,0,0,16,0,0,4,4,7,7,3,3,3,24,21,0,0,0,0,0,0,0,0,7,1,1,0,0,0,0,0,1,0,2,KRBKRNvK,DRAW,4K3/8/2r3n1/8/7k/8/R7/5B2 w - - 0 1
0,1,0,0,0,0,0,1,-1,1,0,1,1,1,0,0,0,0,0,16,0,0,3,4,5,1,3,1,2,26,30,0,0,0,0,0,0,0,0,7,1,1,1,0,0,0,3,2,0,0,KRBKRNvK,DRAW,8/2R5/4K3/7r/1k6/3n1B2/8/8 b - - 0 1
1,1,0,0,0,0,0,1,-1,1,0,1,1,1,0,0,0,0,0,16,0,0,7,7,4,0,6,3,5,22,18,0,0,0,0,0,0,0,0,7,1,1,0,0,0,0,2,1,2,0,KRBKRNvK,DRAW,2R5/k3r3/2B5/4n2K/8/8/8/8 w - - 0 1
0,1,0,0,0,0,0,1,-1,1,0,1,1,1,0,0,0,0,0,16,0,0,5,5,6,1,1,3,4,19,24,0,0,0,0,0,0,0,0,7,1,1,0,0,0,0,2,1,2,2,KRBKRNvK,DRAW,4r3/4nK2/8/8/1B1R4/8/1k6/8 b - - 0 1
1,1,0,0,0,0,0,1,-1,1,0,1,1,1,0,0,0,0,0,16,0,0,7,3,0,2,7,3,4,5,0,1,0,0,0,0,0,0,0,7,1,1,1,0,0,0,2,2,1,0,KRBKRNvK,LOSS,2k5/1R6/8/1n1r4/8/8/1B6/3K4 w - - 0 1
1,1,0,0,0,0,0,1,-1,1,0,1,1,1,0,0,0,0,0,16,0,0,5,2,5,6,0,2,5,5,0,1,0,0,0,0,0,0,0,7,1,1,0,0,0,0,3,2,1,1,KRBKRNvK,DRAW,8/n7/2K2B2/6r1/8/7R/8/6k1 w - - 0 1
0,1,0,0,0,0,0,1,-1,1,0,1,1,1,0,0,0,0,0,16,0,0,3,4,7,6,4,3,2,6,0,1,0,0,0,0,0,0,0,7,1,1,0,1,0,0,3,1,1,0,KRBKRNvK,DRAW,4K3/8/8/4R1k1/8/8/2r1n3/6B1 b - - 0 1
1,1,0,0,0,0,0,1,-1,1,0,1,1,1,0,0,0,0,0,16,0,0,6,6,6,7,0,4,6,7,0,1,0,0,0,0,0,0,0,7,1,1,0,0,0,0,0,2,0,1,KRBKRNvK,DRAW,R7/6K1/8/5n1B/4r3/8/8/7k w - - 0 1
1,1,0,0,0,0,0,1,-1,1,0,1,1,1,0,0,0,0,0,16,0,0,6,1,4,7,6,2,5,4,0,1,0,0,0,0,0,0,0,7,1,1,0,0,0,0,3,0,0,1,KRBKRNvK,DRAW,4R3/7k/7r/1K6/8/n7/B7/8 w - - 0 1
1,1,0,0,0,0,0,1,-1,1,0,1,1,1,0,0,0,0,0,16,0,0,5,1,0,4,5,5,1,22,16,0,0,0,0,0,0,0,0,7,1,1,0,0,0,0,2,2,0,0,KRBKRNvK,DRAW,8/3n4/4k3/1R6/rB6/8/8/1K6 w - - 0 1
1,1,0,0,0,0,0,1,-1,1,0,1,1,1,0,0,0,0,0,16,0,0,4,7,1,4,5,5,1,2,0,1,0,0,0,0,0,0,0,7,1,1,0,0,0,0,1,3,0,1,KRBKRNvK,DRAW,8/8/1B2k2r/8/8/5n2/7K/7R w - - 0 1
1,1,0,0,0,0,0,1,-1,1,0,1,1,1,0,0,0,0,0,16,0,0,6,0,1,6,0,5,5,5,0,1,0,0,0,0,0,0,0,7,1,1,0,0,0,0,2,0,0,0,KRBKRNvK,DRAW,r7/8/3R4/8/2B5/8/K7/6kn w - - 0 1
0,1,0,0,0,0,0,1,-1,1,0,1,1,1,0,0,0,0,0,16,0,0,5,5,7,3,2,4,1,7,0,1,0,0,0,0,0,0,0,7,1,1,0,0,0,0,3,4,1,0,KRBKRNvK,DRAW,3R1K2/8/8/6r1/1n3B2/3k4/8/8 b - - 0 1
1,1,0,0,0,0,0,1,-1,1,0,1,1,1,0,0,0,0,0,16,0,0,5,1,0,4,5,5,1,22,21,0,0,0,0,0,0,0,0,7,1,1,0,0,0,0,3,2,1,0,KRBKRNvK,DRAW,1B6/8/4k3/6r1/5R2/8/8/1K2n3 w - - 0 1
1,1,0,0,0,0,0,1,-1,1,0,1,1,1,0,0,0,0,0,16,0,0,4,7,3,3,2,3,1,25,25,0,0,0,0,0,0,0,0,7,1,1,0,0,0,0,0,2,1,0,KRBKRNvK,DRAW,r7/8/4n3/8/7K/B2k4/5R2/8 w - - 0 1
1,1,0,0,0,0,0,1,-1,1,0,1,1,1,0,0,0,0,0,16,0,0,2,3,3,5,4,0,1,3,0,1,0,0,0,0,0,0,0,7,1,1,0,0,0,0,3,3,0,1,KRBKRNvK,DRAW,8/2B5/8/n4k2/2rK4/8/8/6R1 w - - 0 1
1,1,0,0,0,0,0,1,-1,1,0,1,1,1,0,0,0,0,0,16,0,0,4,4,6,3,2,2,1,25,21,0,0,0,0,0,0,0,0,7,1,1,0,0,0,0,0,2,1,1,KRBKRNvK,WIN,2R5/4K2n/6r1/8/8/3k4/8/3B4 w - - 0 1
1,1,0,0,0,0,0,1,-1,1,0,1,1,1,0,0,0,0,0,16,0,0,5,0,5,5,0,4,4,26,15,0,0,0,0,0,0,0,0,7,1,1,0,0,0,0,2,0,0,0,KRBKRNvK,DRAW,1B6/8/K7/6R1/8/8/8/2n2k1r w - - 0 1
0,1,0,0,0,0,0,1,-1,1,0,1,1,1,0,0,0,0,0,16,0,0,6,1,3,7,4,2,3,23,28,0,0,0,0,0,0,0,0,7,1,1,0,0,0,0,1,2,1,1,KRBKRNvK,DRAW,8/8/3n4/4r2k/1K1B4/6R1/8/8 b - - 0 1
0,1,0,0,0,0,0,1,-1,1,0,1,1,1,0,0,0,0,0,16,0,0,4,5,4,7,0,1,6,3,0,1,0,0,0,0,0,0,0,7,1,1,0,0,0,0,2,2,0,0,KRBKRNvK,LOSS,7R/1n6/8/5K2/2r5/3B4/8/7k b - - 0 1
1,1,0,0,0,0,0,1,-1,1,0,1,1,1,0,0,0,0,0,16,0,0,4,7,4,3,1,3,2,23,24,0,0,0,0,0,0,0,0,7,1,1,0,0,0,0,1,0,0,0,KRBKRNvK,DRAW,4R3/8/4B3/7K/8/8/3k3n/5r2 w - - 0 1
0,1,0,0,0,0,0,1,-1,1,0,1,1,1,0,0,0,0,0,16,0,0,4,5,3,3,7,1,3,16,30,0,0,0,0,0,0,0,0,7,1,1,0,0,0,0,3,0,0,0,KRBKRNvK,DRAW,1r1k4/6B1/8/8/5K2/8/4R3/4n3 b - - 0 1
0,1,0,0,0,0,0,1,-1,1,0,1,1,1,0,0,0,0,0,16,0,0,6,0,0,1,6,6,4,24,24,0,0,0,0,0,0,0,0,7,1,1,0,0,0,0,3,0,0,0,KRBKRNvK,DRAW,5n2/1k4r1/8/8/8/8/2B5/K2R4 b - - 0 1
1,1,0,0,0,0,0,1,-1,1,0,1,1,1,0,0,0,0,0,16,0,0,6,7,6,1,6,5,4,2,0,1,0,0,0,0,0,0,0,7,1,1,0,0,0,0,3,2,0,0,KRBKRNvK,DRAW,4R1B1/1k5K/8/8/7r/8/7n/8 w - - 0 1
0,1,0,0,0,0,0,1,-1,1,0,1,1,1,0,0,0,0,0,16,0,0,5,5,7,6,2,4,3,24,26,0,0,0,0,0,0,0,0,7,1,1,0,0,0,0,2,0,0,0,KRBKRNvK,DRAW,n4K2/8/3R4/8/B7/6k1/8/7r b - - 0 1
1,1,0,0,0,0,0,1,-1,1,0,1,1,1,0,0,0,0,0,16,0,0,3,7,5,4,3,4,0,23,22,0,0,0,0,0,0,0,0,7,1,1,0,0,0,0,3,3,1,0,KRBKRNvK,DRAW,7B/2r5/7K/6R1/4k3/n7/8/8 w - - 0 1
0,1,0,0,0,0,0,1,-1,1,0,1,1,1,0,0,0,0,0,16,0,0,2,3,2,3,0,1,3,13,17,0,0,0,0,0,0,0,0,7,1,1,0,0,0,0,3,0,0,1,KRBKRNvK,DRAW,B3R3/1n6/8/8/8/3K4/8/2rk4 b - - 0 1
0,1,0,0,0,0,0,1,-1,1,0,1,1,1,0,0,0,0,0,16,0,0,7,2,0,6,7,4,5,4,0,1,0,0,0,0,0,0,0,7,1,1,0,0,0,0,3,3,0,0,KRBKRNvK,DRAW,1B1r2k1/5n2/8/8/6R1/8/8/2K5 b - - 0 1
1,1,0,0,0,0,0,1,-1,1,0,1,1,1,0,0,0,0,0,16,0,0,4,2,6,6,7,3,5,20,21,0,0,0,0,0,0,0,0,7,1,1,0,0,0,0,0,1,0,0,KRBKRNvK,WIN,6k1/2K5/8/6n1/8/8/8/1r3B1R w - - 0 1
1,1,0,0,0,0,0,1,-1,1,0,1,1,1,0,0,0,0,0,16,0,0,6,1,2,7,3,3,3,5,0,1,0,0,0,0,0,0,0,7,1,1,0,0,0,0,1,1,0,1,KRBKRNvK,DRAW,8/2B5/8/8/7k/1K5r/3n4/R7 w - - 0 1
1,1,0,0,0,0,0,1,-1,1,0,1,1,1,0,0,0,0,0,16,0,0,4,2,6,5,2,3,2,5,0,1,0,0,0,0,0,0,0,7,1,1,0,0,0,0,2,3,2,1,KRBKRNvK,LOSS,4n3/2K5/8/4B3/4R3/5k2/8/3r4 w - - 0 1
0,1,0,0,0,0,0,1,-1,1,0,1,1,1,0,0,0,0,0,16,0,0,6,7,0,6,6,6,4,13,22,0,0,0,0,0,0,0,0,7,1,1,0,0,0,0,3,2,1,0,KRBKRNvK,DRAW,8/6k1/4R3/8/3n2r1/2B5/8/7K b - - 0 1
1,1,0,0,0,0,0,1,-1,1,0,1,1,1,0,0,0,0,0,16,0,0,2,0,4,2,6,3,3,25,23,0,0,0,0,0,0,0,0,7,1,1,0,0,0,0,2,1,2,0,KRBKRNvK,DRAW,8/2k1B3/8/KR6/8/6r1/3n4/8 w - - 0 1
0,1,0,0,0,0,0,1,-1,1,0,1,1,1,0,0,0,0,0,16,0,0,2,1,3,1,5,2,3,23,22,0,0,0,0,0,0,0,0,7,1,1,0,0,0,0,3,2,0,1,KRBKRNvK,DRAW,8/5B2/1k6/n7/1K4R1/4r3/8/8 b - - 0 1
1,1,0,0,0,0,0,1,-1,1,0,1,1,1,0,0,0,0,0,16,0,0,2,6,5,5,3,3,1,28,23,0,0,0,0,0,0,0,0,7,1,1,0,0,0,0,3,2,0,1,KRBKRNvK,WIN,1r6/8/6K1/6n1/5k2/2B5/8/4R3 w - - 0 1
0,1,0,0,0,0,0,1,-1,1,0,1,1,1,0,0,0,0,0,16,0,0,2,0,2,2,3,4,1,24,20,0,0,0,0,0,0,0,0,7,1,1,1,1,0,0,2,3,1,0,KRBKRNvK,DRAW,8/2R5/2B5/6n1/2k5/K7/7r/8 b - - 0 1
1,1,0,0,0,0,0,1,-1,1,0,1,1,1,0,0,0,0,0,16,0,0,4,7,2,3,2,4,1,25,18,0,0,0,0,0,0,0,0,7,1,1,0,0,0,0,1,2,1,0,KRBKRNvK,DRAW,4n1r1/2B5/8/8/8/3k3K/1R6/8 w - - 0 1
0,1,0,0,0,0,0,1,-1,1,0,1,1,1,0,0,0,0,0,16,0,0,7,4,7,5,0,3,4,4,0,1,0,0,0,0,0,0,0,7,1,1,0,0,0,0,2,1,1,1,KRBKRNvK,LOSS,4K3/8/6n1/8/3R4/3B4/8/1r3k2 b - - 0 1
0,1,0,0,0,0,0,1,-1,1,0,1,1,1,0,0,0,0,0,16,0,0,3,4,3,7,3,0,3,21,26,0,0,0,0,0,0,0,0,7,1,1,0,0,0,0,3,2,0,0,KRBKRNvK,DRAW,8/3r4/B7/2R5/4K2k/8/8/2n5 b - - 0 1
0,1,0,0,0,0,0,1,-1,1,0,1,1,1,0,0,0,0,0,16,0,0,4,6,0,2,2,5,2,23,25,0,0,0,0,0,0,0,0,7,1,1,0,0,0,0,2,3,2,0,KRBKRNvK,DRAW,4r3/8/8/2R5/2B4n/2k5/8/6K1 b - - 0 1
0,1,0,0,0,0,0,1,-1,1,0,1,1,1,0,0,0,0,0,16,0,0,5,1,4,6,0,2,5,4,0,1,0,0,0,0,0,0,0,7,1,1,0,0,0,0,1,2,1,2,KRBKRNvK,DRAW,6B1/8/8/nK6/2r5/6R1/8/6k1 b - - 0 1
1,1,0,0,0,0,0,1,-1,1,0,1,1,1,0,0,0,0,0,16,0,0,3,6,0,3,1,5,2,26,25,0,0,0,0,0,0,0,0,7,1,1,0,0,0,0,2,3,1,0,KRBKRNvK,DRAW,8/3r4/5n2/7B/1R6/8/3k4/6K1 w - - 0 1
1,1,0,0,0,0,0,1,-1,1,0,1,1,1,0,0,0,0,0,16,0,0,2,6,7,4,7,5,3,26,17,0,0,0,0,0,0,0,0,7,1,1,0,0,0,0,2,1,0,0,KRBKRNvK,DRAW,1r2k1K1/8/8/8/8/3R4/2n2B2/8 w - - 0 1
1,1,0,0,0,0,0,1,-1,1,0,1,1,1,0,0,0,0,0,16,0,0,5,2,1,7,6,3,5,28,21,0,0,0,0,0,0,0,0,7,1,1,0,0,0,0,1,2,0,0,KRBKRNvK,DRAW,8/1n5k/8/1r6/8/6B1/2K5/R7 w - - 0 1
1,1,0,0,0,0,0,1,-1,1,0,1,1,1,0,0,0,0,0,16,0,0,2,5,5,3,3,2,0,23,21,0,0,0,0,0,0,0,0,7,1,1,1,0,0,0,2,4,1,1,KRBKRNvK,DRAW,8/5R2/5K2/8/3k3r/8/2B2n2/8 w - - 0 1
1,1,0,0,0,0,0,1,-1,1,0,1,1,1,0,0,0,0,0,16,0,0,7,5,0,5,7,4,4,5,0,1,0,0,0,0,0,0,0,7,1,1,0,0,0,0,2,1,1,0,KRBKRNvK,WIN,5k2/8/3R4/8/1Bn5/8/8/2r2K2 w - - 0 1
1,1,0,0,0,0,0,1,-1,1,0,1,1,1,0,0,0,0,0,16,0,0,2,5,3,3,2,1,1,4,0,1,0,0,0,0,0,0,0,7,1,1,0,0,0,0,3,2,1,2,KRBKRNvK,DRAW,3B4/8/8/2R5/5K1r/3k3n/8/8 w - - 0 1
0,1,0,0,0,0,0,1,-1,1,0,1,1,1,0,0,0,0,0,16,0,0,3,7,4,4,1,3,2,21,26,0,0,0,0,0,0,0,0,7,1,1,0,0,0,0,3,2,1,1,KRBKRNvK,DRAW,1n1R4/8/8/7K/6r1/2B5/4k3/8 b - - 0 1
1,1,0,0,0,0,0,1,-1,1,0,1,1,1,0,0,0,0,0,16,0,0,2,1,3,2,5,2,2,24,18,0,0,0,0,0,0,0,0,7,1,1,0,0,0,0,0,1,1,0,KRBKRNvK,DRAW,r7/8/B1k4n/8/1K6/8/R7/8 w - - 0 1
1,1,0,0,0,0,0,1,-1,1,0,1,1,1,0,0,0,0,0,16,0,0,5,4,5,3,0,1,3,17,27,0,0,0,0,0,0,0,0,7,1,1,0,0,0,0,2,2,0,1,KRBKRNvK,DRAW,2r5/8/4K2R/8/8/5n1B/8/3k4 w - - 0 1
0,1,0,0,0,0,0,1,-1,1,0,1,1,1,0,0,0,0,0,16,0,0,5,6,1,3,6,4,2,24,29,0,0,0,0,0,0,0,0,7,1,1,0,0,0,0,2,2,0,0,KRBKRNvK,DRAW,4r3/n2k4/8/8/1R6/8/6K1/3B4 b - - 0 1
1,1,0,0,0,0,0,1,-1,1,0,1,1,1,0,0,0,0,0,16,0,0,7,1,0,4,7,5,3,4,0,1,0,0,0,0,0,0,0,7,1,1,0,0,0,0,3,3,0,1,KRBKRNvK,LOSS,4k3/8/8/3R1B2/8/2n1r3/8/1K6 w - - 0 1
0,1,0,0,0,0,0,1,-1,1,0,1,1,1,0,0,0,0,0,16,0,0,2,5,3,3,3,1,0,24,18,0,0,0,0,0,0,0,0,7,1,1,0,1,0,0,2,3,0,1,KRBKRNvK,DRAW,8/3n3B/8/8/3k1K2/8/6r1/5R2 b - - 0 1
1,1,0,0,0,0,0,1,-1,1,0,1,1,1,0,0,0,0,0,16,0,0,5,6,7,1,5,5,3,21,21,0,0,0,0,0,0,0,0,7,1,1,1,0,0,0,2,3,2,0,KRBKRNvK,DRAW,2B3K1/3R4/1k6/1n2r3/8/8/8/8 w - - 0 1
1,1,0,0,0,0,0,1,-1,1,0,1,1,1,0,0,0,0,0,16,0,0,4,0,2,1,6,4,4,25,27,0,0,0,0,0,0,0,0,7,1,1,0,0,0,0,1,0,0,0,KRBKRNvK,DRAW,2r5/1k6/8/4n3/8/K5R1/5B2/8 w - - 0 1
1,1,0,0,0,0,0,1,-1,1,0,1,1,1,0,0,0,0,0,16,0,0,6,6,0,0,0,5,6,25,18,0,0,0,0,0,0,0,0,7,1,1,0,0,0,0,3,0,1,0,KRBKRNvK,DRAW,8/8/2r4n/8/8/8/2BR4/k5K1 w - - 0 1
1,1,0,0,0,0,0,1,-1,1,0,1,1,1,0,0,0,0,0,16,0,0,7,7,5,0,7,4,6,26,18,0,0,0,0,0,0,0,0,7,1,1,0,0,0,0,2,0,0,0,KRBKRNvK,DRAW,kr6/8/n6K/8/8/7B/4R3/8 w - - 0 1
0,1,0,0,0,0,0,1,-1,1,0,1,1,1,0,0,0,0,0,16,0,0,7,0,7,2,0,6,4,2,0,1,0,0,0,0,0,0,0,7,1,1,0,0,0,0,0,0,0,2,KRBKRNvK,LOSS,K1n5/1r6/8/8/B7/8/8/2k3R1 b - - 0 1
0,1,0,0,0,0,0,1,-1,1,0,1,1,1,0,0,0,0,0,16,0,0,4,6,1,2,3,4,1,6,0,1,0,0,0,0,0,0,0,7,1,1,0,0,0,0,2,2,2,1,KRBKRNvK,DRAW,8/8/8/3BR3/2k5/8/4n1K1/r7 b - - 0 1
1,1,0,0,0,0,0,1,-1,1,0,1,1,1,0,0,0,0,0,16,0,0,7,4,7,5,0,3,4,5,0,1,0,0,0,0,0,0,0,7,1,1,0,0,0,0,2,2,0,0,KRBKRNvK,DRAW,4K3/3B4/8/2n5/2R5/8/8/4rk2 w - - 0 1
1,1,0,0,0,0,0,1,-1,1,0,1,1,1,0,0,0,0,0,16,0,0,6,2,6,3,0,3,3,6,0,1,0,0,0,0,0,0,0,7,1,1,0,0,0,0,2,1,0,1,KRBKRNvK,DRAW,8/r1K5/8/8/7R/6n1/7B/3k4 w - - 0 1
0,1,0,0,0,0,0,1,-1,1,0,1,1,1,0,0,0,0,0,16,0,0,5,2,0,7,3,4,3,21,27,0,0,0,0,0,0,0,0,7,1,1,0,0,0,0,2,3,1,0,KRBKRNvK,DRAW,8/8/1nB5/8/4r2k/8/6R1/2K5 b - - 0 1
1,1,0,0,0,0,0,1,-1,1,0,1,1,1,0,0,0,0,0,16,0,0,5,0,3,5,5,3,2,22,23,0,0,0,0,0,0,0,0,7,1,1,0,0,0,0,2,1,0,1,KRBKRNvK,WIN,3n4/8/1r3k2/8/K7/8/7R/7B w - - 0 1
1,1,0,0,0,0,0,1,-1,1,0,1,1,1,0,0,0,0,0,16,0,0,2,0,6,1,4,5,2,22,21,0,0,0,0,0,0,0,0,7,1,1,0,0,0,0,0,2,0,0,KRBKRNvK,DRAW,4r3/K7/6R1/1k6/8/n7/8/3B4 w - - 0 1
0,1,0,0,0,0,0,1,-1,1,0,1,1,1,0,0,0,0,0,16,0,0,5,1,5,6,6,3,4,26,25,0,0,0,0,0,0,0,0,7,1,1,0,0,0,0,0,2,0,0,KRBKRNvK,WIN,2B5/6k1/1K6/4n3/8/8/1R6/4r3 b - - 0 1
0,1,0,0,0,0,0,1,-1,1,0,1,1,1,0,0,0,0,0,16,0,0,2,4,1,5,3,2,1,23,18,0,0,0,0,0,0,0,0,7,1,1,0,0,0,0,0,4,0,1,KRBKRNvK,DRAW,3r4/8/8/8/RB3k2/8/4K3/3n4 b - - 0 1
1,1,0,0,0,0,0,1,-1,1,0,1,1,1,0,0,0,0,0,16,0,0,4,1,2,4,6,3,2,6,0,1,0,0,0,0,0,0,0,7,1,1,0,0,0,0,3,0,2,1,KRBKRNvK,DRAW,3R4/2B1k3/8/7n/8/1K6/8/1r6 w - - 0 1
1,1,0,0,0,0,0,1,-1,1,0,1,1,1,0,0,0,0,0,16,0,0,3,4,1,1,4,2,2,5,0,1,0,0,0,0,0,0,0,7,1,1,0,0,0,0,1,3,0,1,KRBKRNvK,DRAW,5R2/4r3/6B1/1k6/8/2n5/4K3/8 w - - 0 1
1,1,0,0,0,0,0,1,-1,1,0,1,1,1,0,0,0,0,0,16,0,0,6,7,7,1,5,6,3,26,22,0,0,0,0,0,0,0,0,7,1,1,1,0,0,0,2,3,1,0,KRBKRNvK,DRAW,7K/7R/1kB5/8/2nr4/8/8/8 w - - 0 1
1,1,0,0,0,0,0,1,-1,1,0,1,1,1,0,0,0,0,0,16,0,0,2,4,3,6,5,0,3,24,29,0,0,0,0,0,0,0,0,7,1,1,0,1,0,0,4,1,0,1,KRBKRNvK,DRAW,8/1B6/4n1k1/8/4K3/8/r7/3R4 w - - 0 1
0,1,0,0,0,0,0,1,-1,1,0,1,1,1,0,0,0,0,0,16,0,0,4,4,0,4,4,3,0,29,24,0,0,0,0,0,0,0,0,7,1,1,0,0,0,0,0,4,0,0,KRBKRNvK,DRAW,6R1/7r/2n5/4k3/B7/8/8/4K3 b - - 0 1
0,1,0,0,0,0,0,1,-1,1,0,1,1,1,0,0,0,0,0,16,0,0,5,5,1,7,6,3,5,4,0,1,0,0,0,0,0,0,0,7,1,1,1,0,0,0,1,2,0,0,KRBKRNvK,DRAW,6n1/2R4k/1B6/7r/8/8/5K2/8 b - - 0 1
1,1,0,0,0,0,0,1,-1,1,0,1,1,1,0,0,0,0,0,16,0,0,3,4,2,7,2,1,4,19,19,0,0,0,0,0,0,0,0,7,1,1,0,0,0,0,2,2,0,1,KRBKRNvK,DRAW,8/n7/8/8/6r1/4K2k/1R6/B7 w - - 0 1
1,1,0,0,0,0,0,1,-1,1,0,1,1,1,0,0,0,0,0,16,0,0,3,3,6,6,7,2,5,31,23,0,0,0,0,0,0,0,0,7,1,1,0,0,0,0,1,1,0,0,KRBKRNvK,DRAW,6k1/3K4/2R5/8/4B3/1n6/8/6r1 w - - 0 1
0,1,0,0,0,0,0,1,-1,1,0,1,1,1,0,0,0,0,0,16,0,0,3,6,3,3,1,2,2,30,26,0,0,0,0,0,0,0,0,7,1,1,0,0,0,0,3,1,0,0,KRBKRNvK,DRAW,8/8/1r6/2nB2R1/6K1/8/3k4/8 b - - 0 1
0,1,0,0,0,0,0,1,-1,1,0,1,1,1,0,0,0,0,0,16,0,0,5,5,0,0,2,4,4,3,0,1,0,0,0,0,0,0,0,7,1,1,0,0,0,0,0,2,0,0,KRBKRNvK,DRAW,8/8/R7/7r/8/k7/3B4/2n2K2 b - - 0 1
0,1,0,0,0,0,0,1,-1,1,0,1,1,1,0,0,0,0,0,16,0,0,2,4,5,2,4,1,1,4,0,1,0,0,0,0,0,0,0,7,1,1,0,0,0,0,2,2,0,0,KRBKRNvK,DRAW,5B2/1r6/4K3/2k2R2/8/1n6/8/8 b - - 0 1
1,1,0,0,0,0,0,1,-1,1,0,1,1,1,0,0,0,0,0,16,0,0,2,5,1,7,1,3,5,21,19,0,0,0,0,0,0,0,0,7,1,1,0,0,0,0,0,2,1,1,KRBKRNvK,DRAW,4r3/8/8/8/7B/8/5Knk/1R6 w - - 0 1
0,1,0,0,0,0,0,1,-1,1,0,1,1,1,0,0,0,0,0,16,0,0,3,0,4,0,1,3,5,20,22,0,0,0,0,0,0,0,0,7,1,1,0,1,0,0,0,0,0,0,KRBKRNvK,DRAW,8/8/7R/K7/8/8/kr6/3nB3 b - - 0 1
1,1,0,0,0,0,0,1,-1,1,0,1,1,1,0,0,0,0,0,16,0,0,2,0,7,2,6,6,3,1,0,1,0,0,0,0,0,0,0,7,1,1,0,1,0,0,2,1,0,0,KRBKRNvK,LOSS,K7/2k5/6n1/7B/7R/8/r7/8 w - - 0 1
1,1,0,0,0,0,0,1,-1,1,0,1,1,1,0,0,0,0,0,16,0,0,3,0,5,3,7,4,3,23,16,0,0,0,0,0,0,0,0,7,1,1,0,0,0,0,1,0,1,0,KRBKRNvK,WIN,3k3r/8/KR6/8/8/8/8/1B5n w - - 0 1
1,1,0,0,0,0,0,1,-1,1,0,1,1,1,0,0,0,0,0,16,0,0,5,3,7,3,2,3,1,24,20,0,0,0,0,0,0,0,0,7,1,1,0,1,0,0,2,2,1,0,KRBKRNvK,DRAW,3K4/n7/8/5RB1/8/3k4/6r1/8 w - - 0 1
0,1,0,0,0,0,0,1,-1,1,0,1,1,1,0,0,0,0,0,16,0,0,4,7,1,3,2,5,1,19,29,0,0,0,0,0,0,0,0,7,1,1,0,0,0,0,1,2,1,2,KRBKRNvK,DRAW,1R6/8/8/3B4/8/3k2rn/7K/8 b - - 0 1
0,1,0,0,0,0,0,1,-1,1,0,1,1,1,0,0,0,0,0,16,0,0,4,5,6,1,3,3,2,22,27,0,0,0,0,0,0,0,0,7,1,1,0,0,0,0,2,2,0,0,KRBKRNvK,DRAW,8/3B1K2/8/7R/1k4r1/8/4n3/8 b - - 0 1
0,1,0,0,0,0,0,1,-1,1,0,1,1,1,0,0,0,0,0,16,0,0,3,0,7,3,5,6,1,29,21,0,0,0,0,0,0,0,0,7,1,1,0,0,0,0,2,2,0,0,KRBKRNvK,DRAW,K7/7B/3k4/8/3n2R1/5r2/8/8 b - - 0 1
0,1,0,0,0,0,0,1,-1,1,0,1,1,1,0,0,0,0,0,16,0,0,6,4,1,7,7,2,6,2,0,1,0,0,0,0,0,0,0,7,1,1,0,0,0,0,0,2,1,1,KRBKRNvK,DRAW,7k/4B3/7R/2n5/2r5/8/4K3/8 b - - 0 1
1,1,0,0,0,0,0,1,-1,1,0,1,1,1,0,0,0,0,0,16,0,0,2,7,6,5,6,5,3,25,16,0,0,0,0,0,0,0,0,7,1,1,0,1,0,0,0,0,0,0,KRBKRNvK,DRAW,R7/5k1K/8/8/8/8/3B2rn/8 w - - 0 1
0,1,0,0,0,0,0,1,-1,1,0,1,1,1,0,0,0,0,0,16,0,0,7,1,0,3,7,5,3,3,0,1,0,0,0,0,0,0,0,7,1,1,0,0,0,0,0,2,1,0,KRBKRNvK,DRAW,3k1R2/8/8/6r1/n7/8/8/1K3B2 b - - 0 1
0,1,0,0,0,0,0,1,-1,1,0,1,1,1,0,0,0,0,0,16,0,0,2,3,3,1,4,0,2,25,21,0,0,0,0,0,0,0,0,7,1,1,0,0,0,0,3,1,0,0,KRBKRNvK,DRAW,8/r7/8/1k6/3K2n1/7B/2R5/8 b - - 0 1
0,1,0,0,0,0,0,1,-1,1,0,1,1,1,0,0,0,0,0,16,0,0,2,2,4,4,5,1,1,4,0,1,0,0,0,0,0,0,0,7,1,1,0,0,0,0,2,3,1,1,KRBKRNvK,DRAW,8/8/1R2k3/2K5/2B5/2n5/8/4r3 b - - 0 1
0,1,0,0,0,0,0,1,-1,1,0,1,1,1,0,0,0,0,0,16,0,0,6,1,1,2,7,4,4,3,0,1,0,0,0,0,0,0,0,7,1,1,0,0,0,0,2,0,0,1,KRBKRNvK,LOSS,2k5/8/8/2RB3n/8/r7/1K6/8 b - - 0 1
0,1,0,0,0,0,0,1,-1,1,0,1,1,1,0,0,0,0,0,16,0,0,2,6,0,4,2,5,1,5,0,1,0,0,0,0,0,0,0,7,1,1,0,0,0,0,0,4,0,0,KRBKRNvK,DRAW,8/6n1/1B6/2r5/8/R3k3/8/6K1 b - - 0 1
1,1,0,0,0,0,0,1,-1,1,0,1,1,1,0,0,0,0,0,16,0,0,4,3,4,7,1,0,5,25,23,0,0,0,0,0,0,0,0,7,1,1,0,0,0,0,3,2,0,1,KRBKRNvK,DRAW,3B4/8/R7/3K4/8/4r3/1n5k/8 w - - 0 1
1,1,0,0,0,0,0,1,-1,1,0,1,1,1,0,0,0,0,0,16,0,0,4,7,2,7,6,4,5,4,0,1,0,0,0,0,0,0,0,7,1,1,0,0,0,0,2,1,0,0,KRBKRNvK,DRAW,8/7k/6nr/8/1R6/7K/8/6B1 w - - 0 1
1,1,0,0,0,0,0,1,-1,1,0,1,1,1,0,0,0,0,0,16,0,0,3,4,5,1,7,1,5,23,16,0,0,0,0,0,0,0,0,7,1,1,0,0,0,0,2,0,0,0,KRBKRNvK,DRAW,1k6/8/4KR2/7B/8/8/6n1/6r1 w - - 0 1
1,1,0,0,0,0,0,1,-1,1,0,1,1,1,0,0,0,0,0,16,0,0,7,6,0,5,7,5,4,22,22,0,0,0,0,0,0,0,0,7,1,1,0,0,0,0,1,0,0,0,KRBKRNvK,DRAW,5k2/1r6/8/n7/8/8/8/1BR3K1 w - - 0 1
0,1,0,0,0,0,0,1,-1,1,0,1,1,1,0,0,0,0,0,16,0,0,6,7,2,1,7,4,5,4,0,1,0,0,0,0,0,0,0,7,1,1,0,1,0,0,0,1,1,1,KRBKRNvK,DRAW,1k6/8/1R6/8/1B6/7K/3n2r1/8 b - - 0 1
0,1,0,0,0,0,0,1,-1,1,0,1,1,1,0,0,0,0,0,16,0,0,2,0,4,2,3,3,1,14,23,0,0,0,0,0,0,0,0,7,1,1,0,0,0,0,0,3,0,0,KRBKRNvK,DRAW,5B1n/8/8/K7/2kr4/5R2/8/8 b - - 0 1
0,1,0,0,0,0,0,1,-1,1,0,1,1,1,0,0,0,0,0,16,0,0,6,5,1,1,7,3,5,16,32,0,0,0,0,0,0,0,0,7,1,1,0,0,0,0,1,2,1,0,KRBKRNvK,DRAW,1k1nr3/8/R7/3B4/8/8/5K2/8 b - - 0 1
0,1,0,0,0,0,0,1,-1,1,0,1,1,1,0,0,0,0,0,16,0,0,3,4,7,5,4,3,1,14,17,0,0,0,0,0,0,0,0,7,1,1,0,0,0,0,0,4,1,1,KRBKRNvK,DRAW,1R2K3/3B4/4n3/4rk2/8/8/8/8 b - - 0 1
1,1,0,0,0,0,0,1,-1,1,0,1,1,1,0,0,0,0,0,16,0,0,4,1,6,5,6,4,3,8,0,1,0,0,0,0,0,0,0,7,1,1,0,0,0,0,2,0,1,0,KRBKRNvK,DRAW,5B2/1K3kn1/8/8/8/3R4/8/1r6 w - - 0 1
1,1,0,0,0,0,0,1,-1,1,0,1,1,1,0,0,0,0,0,16,0,0,5,5,4,0,1,1,5,20,21,0,0,0,0,0,0,0,0,7,1,1,0,0,0,0,2,0,0,0,KRBKRNvK,DRAW,1n6/8/Br6/5K1R/8/8/k7/8 w - - 0 1
1,1,0,0,0,0,0,1,-1,1,0,1,1,1,0,0,0,0,0,16,0,0,2,2,0,4,0,4,3,26,21,0,0,0,0,0,0,0,0,7,1,1,0,0,0,0,3,2,0,0,KRBKRNvK,DRAW,3r4/5B2/8/n7/6R1/8/8/2K1k3 w - - 0 1
0,1,0,0,0,0,0,1,-1,1,0,1,1,1,0,0,0,0,0,16,0,0,4,5,0,6,4,4,2,6,0,1,0,0,0,0,0,0,0,7,1,1,0,0,0,0,1,1,0,0,KRBKRNvK,LOSS,8/8/2r5/3B2k1/2n5/8/8/5KR1 b - - 0 1
0,1,0,0,0,0,0,1,-1,1,0,1,1,1,0,0,0,0,0,16,0,0,7,7,4,0,6,3,5,19,26,0,0,0,0,0,0,0,0,7,1,1,0,0,0,0,0,0,0,0,KRBKRNvK,DRAW,8/kr6/5R2/7K/8/8/8/3nB3 b - - 0 1
1,1,0,0,0,0,0,1,-1,1,0,1,1,1,0,0,0,0,0,16,0,0,6,7,1,3,7,5,3,20,20,0,0,0,0,0,0,0,0,7,1,1,0,0,0,0,2,0,0,0,KRBKRNvK,DRAW,3k4/7n/8/R7/B7/8/7K/2r5 w - - 0 1
0,1,0,0,0,0,0,1,-1,1,0,1,1,1,0,0,0,0,0,16,0,0,4,5,0,3,4,4,0,26,24,0,0,0,0,0,0,0,0,7,1,1,0,0,0,0,0,4,1,0,KRBKRNvK,DRAW,1r6/8/5n2/3k4/7B/2R5/8/5K2 b - - 0 1
1,1,0,0,0,0,0,1,-1,1,0,1,1,1,0,0,0,0,0,16,0,0,3,3,3,1,6,0,4,21,23,0,0,0,0,0,0,0,0,7,1,1,0,0,0,0,4,2,1,0,KRBKRNvK,DRAW,8/1k5B/3R4/6r1/3K4/n7/8/8 w - - 0 1
1,1,0,0,0,0,0,1,-1,1,0,1,1,1,0,0,0,0,0,16,0,0,6,7,6,1,2,5,3,24,27,0,0,0,0,0,0,0,0,7,1,1,0,0,0,0,0,4,0,0,KRBKRNvK,DRAW,5B2/7K/8/8/3r4/1k3n2/8/7R w - - 0 1
0,1,0,0,0,0,0,1,-1,1,0,1,1,1,0,0,0,0,0,16,0,0,4,1,7,0,3,5,3,4,0,1,0,0,0,0,0,0,0,7,1,1,0,0,0,0,2,2,1,0,KRBKRNvK,DRAW,1K6/4r1B1/8/8/k1Rn4/8/8/8 b - - 0 1
1,1,0,0,0,0,0,1,-1,1,0,1,1,1,0,0,0,0,0,16,0,0,4,4,4,1,0,0,5,6,0,1,0,0,0,0,0,0,0,7,1,1,1,0,0,0,4,2,0,1,KRBKRNvK,DRAW,1B6/R7/8/4K3/8/4r3/8/1k4n1 w - - 0 1
0,1,0,0,0,0,0,1,-1,1,0,1,1,1,0,0,0,0,0,16,0,0,2,5,3,3,2,1,1,22,30,0,0,0,0,0,0,0,0,7,1,1,0,0,0,0,3,2,1,0,KRBKRNvK,DRAW,1n4R1/7r/8/2B5/5K2/3k4/8/8 b - - 0 1
0,1,0,0,0,0,0,1,-1,1,0,1,1,1,0,0,0,0,0,16,0,0,7,0,4,7,0,3,6,24,18,0,0,0,0,0,0,0,0,7,1,1,0,0,0,0,3,1,0,1,KRBKRNvK,DRAW,6B1/8/8/K1n5/2R5/8/8/5r1k b - - 0 1
1,1,0,0,0,0,0,1,-1,1,0,1,1,1,0,0,0,0,0,16,0,0,2,4,7,3,5,3,1,24,22,0,0,0,0,0,0,0,0,7,1,1,0,0,0,0,3,2,1,1,KRBKRNvK,DRAW,4K3/4n3/3k4/2R5/8/6r1/8/B7 w - - 0 1
0,1,0,0,0,0,0,1,-1,1,0,1,1,1,0,0,0,0,0,16,0,0,3,6,4,7,1,2,5,25,21,0,0,0,0,0,0,0,0,7,1,1,0,0,0,0,0,3,0,2,KRBKRNvK,DRAW,8/8/1R3n2/6K1/7r/8/7k/2B5 b - - 0 1
0,1,0,0,0,0,0,1,-1,1,0,1,1,1,0,0,0,0,0,16,0,0,7,0,7,7,5,6,4,22,16,0,0,0,0,0,0,0,0,7,1,1,0,0,0,0,0,0,0,0,KRBKRNvK,DRAW,KR1B4/8/7k/8/8/8/1n6/5r2 b - - 0 1
1,1,0,0,0,0,0,1,-1,1,0,1,1,1,0,0,0,0,0,16,0,0,7,3,7,0,0,3,6,4,0,1,0,0,0,0,0,0,0,7,1,1,0,0,0,0,1,1,0,1,KRBKRNvK,DRAW,3K2r1/8/1n1B4/8/8/8/5R2/k7 w - - 0 1
0,1,0,0,0,0,0,1,-1,1,0,1,1,1,0,0,0,0,0,16,0,0,4,6,4,5,0,2,4,20,20,0,0,0,0,0,0,0,0,7,1,1,0,1,0,0,0,0,1,0,KRBKRNvK,DRAW,3n4/8/8/6K1/8/8/5r2/2R1Bk2 b - - 0 1
0,1,0,0,0,0,0,1,-1,1,0,1,1,1,0,0,0,0,0,16,0,0,6,6,7,0,2,5,4,22,23,0,0,0,0,0,0,0,0,7,1,1,0,0,0,0,0,0,0,0,KRBKRNvK,DRAW,6K1/3B4/2r5/8/8/k7/8/2n3R1 b - - 0 1
0,1,0,0,0,0,0,1,-1,1,0,1,1,1,0,0,0,0,0,16,0,0,6,2,1,0,7,3,6,19,31,0,0,0,0,0,0,0,0,7,1,1,0,0,0,0,3,0,0,1,KRBKRNvK,DRAW,k6r/8/8/8/2B5/4R3/2K5/1n6 b - - 0 1
1,1,0,0,0,0,0,1,-1,1,0,1,1,1,0,0,0,0,0,16,0,0,6,1,0,7,0,5,6,4,0,1,0,0,0,0,0,0,0,7,1,1,0,0,0,0,0,0,0,1,KRBKRNvK,DRAW,8/8/8/8/8/n4r2/2R1B3/1K5k w - - 0 1
1,1,0,0,0,0,0,1,-1,1,0,1,1,1,0,0,0,0,0,16,0,0,7,0,0,7,4,6,3,26,21,0,0,0,0,0,0,0,0,7,1,1,1,0,0,0,3,0,0,0,KRBKRNvK,DRAW,8/4R3/n5r1/2B4k/8/8/8/K7 w - - 0 1
0,1,0,0,0,0,0,1,-1,1,0,1,1,1,0,0,0,0,0,16,0,0,7,0,3,7,1,3,5,5,0,1,0,0,0,0,0,0,0,7,1,1,0,0,0,0,0,3,0,0,KRBKRNvK,LOSS,8/3B4/4rn2/8/K7/8/1R5k/8 b - - 0 1
1,1,0,0,0,0,0,1,-1,1,0,1,1,1,0,0,0,0,0,16,0,0,5,7,5,2,0,4,4,24,25,0,0,0,0,0,0,0,0,7,1,1,0,1,0,0,1,1,0,0,KRBKRNvK,DRAW,8/8/3B2RK/8/2n5/8/1r6/2k5 w - - 0 1
0,1,0,0,0,0,0,1,-1,1,0,1,1,1,0,0,0,0,0,16,0,0,2,0,5,2,6,4,3,28,20,0,0,0,0,0,0,0,0,7,1,1,0,0,0,0,2,1,0,0,KRBKRNvK,DRAW,8/2k5/K7/5n2/R7/1r6/8/2B5 b - - 0 1
1,1,0,0,0,0,0,1,-1,1,0,1,1,1,0,0,0,0,0,16,0,0,2,2,4,4,6,1,2,4,0,1,0,0,0,0,0,0,0,7,1,1,0,0,0,0,2,2,0,2,KRBKRNvK,DRAW,8/2r1k3/8/2K5/4B3/2n5/8/2R5 w - - 0 1
0,1,0,0,0,0,0,1,-1,1,0,1,1,1,0,0,0,0,0,16,0,0,4,7,2,3,3,4,0,26,22,0,0,0,0,0,0,0,0,7,1,1,0,0,0,0,1,3,0,1,KRBKRNvK,DRAW,8/2n5/8/6r1/3k4/7K/B7/1R6 b - - 0 1
1,1,0,0,0,0,0,1,-1,1,0,1,1,1,0,0,0,0,0,16,0,0,5,2,6,1,1,3,4,6,0,1,0,0,0,0,0,0,0,7,1,1,0,0,0,0,2,1,0,0,KRBKRNvK,DRAW,8/2K2r2/3B4/R7/8/3n4/1k6/8 w - - 0 1
0,1,0,0,0,0,0,1,-1,1,0,1,1,1,0,0,0,0,0,16,0,0,6,4,7,4,1,3,2,24,22,0,0,0,0,0,0,0,0,7,1,1,0,0,0,0,2,2,0,0,KRBKRNvK,DRAW,4K2R/8/8/r7/8/8/1B2k3/6n1 b - - 0 1
1,1,0,0,0,0,0,1,-1,1,0,1,1,1,0,0,0,0,0,16,0,0,5,1,5,4,0,3,3,23,22,0,0,0,0,0,0,0,0,7,1,1,1,0,0,0,2,2,0,0,KRBKRNvK,DRAW,8/1R6/1K6/8/4n3/8/1B6/3rk3 w - - 0 1
1,1,0,0,0,0,0,1,-1,1,0,1,1,1,0,0,0,0,0,16,0,0,5,5,1,5,6,3,3,19,28,0,0,0,0,0,0,0,0,7,1,1,0,0,0,0,1,1,0,0,KRBKRNvK,DRAW,7r/B1n2k2/8/8/8/8/5K2/5R2 w - - 0 1
0,1,0,0,0,0,0,1,-1,1,0,1,1,1,0,0,0,0,0,16,0,0,3,0,1,3,1,5,2,17,20,0,0,0,0,0,0,0,0,7,1,1,0,0,0,0,2,0,0,0,KRBKRNvK,DRAW,2n5/8/8/8/R7/B7/K2k4/3r4 b - - 0 1
1,1,0,0,0,0,0,1,-1,1,0,1,1,1,0,0,0,0,0,16,0,0,3,0,7,3,6,6,2,24,23,0,0,0,0,0,0,0,0,7,1,1,0,1,0,0,3,0,0,0,KRBKRNvK,DRAW,K7/3k4/8/8/6R1/8/B1r4n/8 w - - 0 1
0,1,0,0,0,0,0,1,-1,1,0,1,1,1,0,0,0,0,0,16,0,0,6,2,1,3,7,3,3,3,0,1,0,0,0,0,0,0,0,7,1,1,0,0,0,0,2,0,1,0,KRBKRNvK,DRAW,3k4/1B6/8/8/3R3n/8/2K5/6r1 b - - 0 1
0,1,0,0,0,0,0,1,-1,1,0,1,1,1,0,0,0,0,0,16,0,0,2,1,4,3,6,2,2,21,24,0,0,0,0,0,0,0,0,7,1,1,0,0,0,0,3,0,0,1,KRBKRNvK,DRAW,8/3k4/6r1/1K1n4/8/8/1B6/3R4 b - - 0 1
1,1,0,0,0,0,0,1,-1,1,0,1,1,1,0,0,0,0,0,16,0,0,3,7,7,4,6,6,2,3,0,1,0,0,0,0,0,0,0,7,1,1,0,1,0,0,3,0,1,0,KRBKRNvK,DRAW,7K/4k3/2B5/n7/1R6/8/7r/8 w - - 0 1
0,1,0,0,0,0,0,1,-1,1,0,1,1,1,0,0,0,0,0,16,0,0,5,2,4,7,5,1,4,3,0,1,0,0,0,0,0,0,0,7,1,1,0,0,0,0,3,0,1,1,KRBKRNvK,DRAW,8/8/2R4k/2K5/5B2/1r6/8/2n5 b - - 0 1
0,1,0,0,0,0,0,1,-1,1,0,1,1,1,0,0,0,0,0,16,0,0,5,7,0,6,5,6,3,6,0,1,0,0,0,0,0,0,0,7,1,1,0,0,0,0,2,0,1,0,KRBKRNvK,DRAW,3n4/8/2r3k1/8/4B3/3R4/8/7K b - - 0 1
0,1,0,0,0,0,0,1,-1,1,0,1,1,1,0,0,0,0,0,16,0,0,4,2,5,6,1,2,4,18,30,0,0,0,0,0,0,0,0,7,1,1,0,0,0,0,3,0,0,0,KRBKRNvK,DRAW,4R3/5B2/2K5/8/8/7n/6k1/7r b - - 0 1
1,1,0,0,0,0,0,1,-1,1,0,1,1,1,0,0,0,0,0,16,0,0,5,3,7,2,2,3,2,25,25,0,0,0,0,0,0,0,0,7,1,1,1,0,0,0,3,3,1,0,KRBKRNvK,DRAW,3K4/4R3/8/1r3n2/8/2k5/B7/8 w - - 0 1
0,1,0,0,0,0,0,1,-1,1,0,1,1,1,0,0,0,0,0,16,0,0,3,7,3,4,3,3,0,24,26,0,0,0,0,0,0,0,0,7,1,1,0,0,0,0,0,3,1,0,KRBKRNvK,DRAW,2R5/r7/8/6B1/4k2K/8/8/3n4 b - - 0 1
0,1,0,0,0,0,0,1,-1,1,0,1,1,1,0,0,0,0,0,16,0,0,3,6,5,3,3,3,0,23,23,0,0,0,0,0,0,0,0,7,1,1,0,0,0,0,2,4,0,1,KRBKRNvK,DRAW,8/1B6/6K1/8/3k1r2/2n5/8/2R5 b - - 0 1
1,1,0,0,0,0,0,1,-1,1,0,1,1,1,0,0,0,0,0,16,0,0,6,0,4,6,7,3,5,3,0,1,0,0,0,0,0,0,0,7,1,1,0,0,0,0,0,2,0,0,KRBKRNvK,DRAW,6k1/8/R7/K6r/8/4n3/8/6B1 w - - 0 1
0,1,0,0,0,0,0,1,-1,1,0,1,1,1,0,0,0,0,0,16,0,0,4,3,1,2,5,2,2,6,0,1,0,0,0,0,0,0,0,7,1,1,0,0,0,0,2,3,1,1,KRBKRNvK,DRAW,8/4r1B1/R1k5/8/8/3n4/3K4/8 b - - 0 1
1,1,0,0,0,0,0,1,-1,1,0,1,1,1,0,0,0,0,0,16,0,0,5,2,5,4,0,2,3,7,0,1,0,0,0,0,0,0,0,7,1,1,0,0,0,0,1,2,2,2,KRBKRNvK,DRAW,4r3/8/2K5/8/3n4/8/5R2/4k1B1 w - - 0 1
0,1,0,0,0,0,0,1,-1,1,0,1,1,1,0,0,0,0,0,16,0,0,6,5,6,0,0,3,6,19,26,0,0,0,0,0,0,0,0,7,1,1,0,0,0,0,2,2,0,0,KRBKRNvK,DRAW,8/5K2/B7/8/1R6/4r1n1/8/k7 b - - 0 1
1,1,0,0,0,0,0,1,-1,1,0,1,1,1,0,0,0,0,0,16,0,0,3,3,4,6,5,0,3,24,22,0,0,0,0,0,0,0,0,7,1,1,0,0,0,0,3,1,1,0,KRBKRNvK,DRAW,1r1BR3/8/6k1/3K4/6n1/8/8/8 w - - 0 1
0,1,0,0,0,0,0,1,-1,1,0,1,1,1,0,0,0,0,0,16,0,0,5,6,2,1,6,3,4,23,31,0,0,0,0,0,0,0,0,7,1,1,0,0,0,0,2,2,0,0,KRBKRNvK,DRAW,8/1k1r4/8/5R2/8/6K1/1n2B3/8 b - - 0 1
0,1,0,0,0,0,0,1,-1,1,0,1,1,1,0,0,0,0,0,16,0,0,4,5,2,1,4,2,2,19,25,0,0,0,0,0,0,0,0,7,1,1,0,0,0,0,4,0,1,0,KRBKRNvK,DRAW,3Rn1r1/8/8/1k6/3B4/5K2/8/8 b - - 0 1
1,1,0,0,0,0,0,1,-1,1,0,1,1,1,0,0,0,0,0,16,0,0,4,6,2,5,6,3,3,26,21,0,0,0,0,0,0,0,0,7,1,1,0,1,0,0,3,2,0,1,KRBKRNvK,DRAW,8/5k2/8/R7/8/6K1/1B1r3n/8 w - - 0 1
1,1,0,0,0,0,0,1,-1,1,0,1,1,1,0,0,0,0,0,16,0,0,3,2,7,2,4,4,1,19,25,0,0,0,0,0,0,0,0,7,1,1,0,0,0,0,1,2,0,1,KRBKRNvK,DRAW,2K5/8/1r6/2k5/7n/8/2B5/2R5 w - - 0 1
1,1,0,0,0,0,0,1,-1,1,0,1,1,1,0,0,0,0,0,16,0,0,3,7,6,7,3,5,3,25,22,0,0,0,0,0,0,0,0,7,1,1,0,0,0,0,1,2,1,0,KRBKRNvK,DRAW,8/7K/1n6/2r5/7k/8/6R1/1B6 w - - 0 1
1,1,0,0,0,0,0,1,-1,1,0,1,1,1,0,0,0,0,0,16,0,0,3,2,4,0,1,1,5,19,20,0,0,0,0,0,0,0,0,7,1,1,0,1,0,0,2,2,0,0,KRBKRNvK,DRAW,8/8/2R5/2K5/8/8/kn2r3/6B1 w - - 0 1
0,1,0,0,0,0,0,1,-1,1,0,1,1,1,0,0,0,0,0,16,0,0,6,6,3,0,1,2,5,22,17,0,0,0,0,0,0,0,0,7,1,1,0,0,0,0,0,1,1,1,KRBKRNvK,DRAW,8/5n2/8/8/6K1/7r/k7/2RB4 b - - 0 1
0,1,0,0,0,0,0,1,-1,1,0,1,1,1,0,0,0,0,0,16,0,0,2,3,3,5,4,0,1,24,29,0,0,0,0,0,0,0,0,7,1,1,1,0,0,0,3,2,1,0,KRBKRNvK,DRAW,8/7R/8/5k2/3K4/1B4n1/8/r7 b - - 0 1
1,1,0,0,0,0,0,1,-1,1,0,1,1,1,0,0,0,0,0,16,0,0,2,1,7,3,6,5,2,2,0,1,0,0,0,0,0,0,0,7,1,1,0,0,0,0,1,0,0,1,KRBKRNvK,DRAW,1K6/3k4/n6R/8/8/1r6/8/6B1 w - - 0 1
1,1,0,0,0,0,0,1,-1,1,0,1,1,1,0,0,0,0,0,16,0,0,6,6,4,0,5,2,4,26,20,0,0,0,0,0,0,0,0,7,1,1,0,0,0,0,2,2,0,1,KRBKRNvK,DRAW,3R4/8/k3r3/6K1/n7/8/8/6B1 w - - 0 1
1,1,0,0,0,0,0,1,-1,1,0,1,1,1,0,0,0,0,0,16,0,0,5,3,0,2,5,3,2,24,27,0,0,0,0,0,0,0,0,7,1,1,0,0,0,0,3,3,0,0,KRBKRNvK,DRAW,4r3/8/1nk5/8/7R/8/8/B2K4 w - - 0 1
0,1,0,0,0,0,0,1,-1,1,0,1,1,1,0,0,0,0,0,16,0,0,2,0,0,0,2,6,4,23,23,0,0,0,0,0,0,0,0,7,1,1,0,1,0,0,2,2,0,1,KRBKRNvK,WIN,8/3B4/8/8/5R2/k1n5/6r1/K7 b - - 0 1
1,1,0,0,0,0,0,1,-1,1,0,1,1,1,0,0,0,0,0,16,0,0,7,0,0,3,7,6,3,2,0,1,0,0,0,0,0,0,0,7,1,1,1,0,0,0,0,2,0,1,KRBKRNvK,DRAW,3k4/R7/7B/8/r7/8/2n5/K7 w - - 0 1
1,1,0,0,0,0,0,1,-1,1,0,1,1,1,0,0,0,0,0,16,0,0,7,3,0,3,7,3,3,28,17,0,0,0,0,0,0,0,0,7,1,1,1,0,0,0,0,1,0,0,KRBKRNvK,WIN,3k3r/R7/8/1B4n1/8/8/8/3K4 w - - 0 1
0,1,0,0,0,0,0,1,-1,1,0,1,1,1,0,0,0,0,0,16,0,0,2,2,5,4,5,2,1,21,29,0,0,0,0,0,0,0,0,7,1,1,0,0,0,0,3,4,0,0,KRBKRNvK,DRAW,8/8/2K1k3/8/5r2/2B5/1n6/7R b - - 0 1
1,1,0,0,0,0,0,1,-1,1,0,1,1,1,0,0,0,0,0,16,0,0,5,0,1,5,6,5,3,5,0,1,0,0,0,0,0,0,0,7,1,1,0,0,0,0,0,0,0,0,KRBKRNvK,DRAW,8/r4k2/8/1B6/3n4/7R/K7/8 w - - 0 1
1,1,0,0,0,0,0,1,-1,1,0,1,1,1,0,0,0,0,0,16,0,0,2,3,6,1,4,2,2,27,21,0,0,0,0,0,0,0,0,7,1,1,0,1,0,0,0,0,0,0,KRBKRNvK,DRAW,5B2/3K4/8/1k6/8/8/n5r1/5R2 w - - 0 1
1,1,0,0,0,0,0,1,-1,1,0,1,1,1,0,0,0,0,0,16,0,0,5,6,2,1,5,3,3,4,0,1,0,0,0,0,0,0,0,7,1,1,0,0,0,0,1,2,1,2,KRBKRNvK,DRAW,8/8/1k1B4/6rn/8/5RK1/8/8 w - - 0 1
0,1,0,0,0,0,0,1,-1,1,0,1,1,1,0,0,0,0,0,16,0,0,4,3,7,0,3,3,3,10,28,0,0,0,0,0,0,0,0,7,1,1,0,0,0,0,2,0,1,0,KRBKRNvK,DRAW,3K4/8/8/8/k7/2R5/6B1/r1n5 b - - 0 1
1,1,0,0,0,0,0,1,-1,1,0,1,1,1,0,0,0,0,0,16,0,0,2,4,6,2,6,2,3,4,0,1,0,0,0,0,0,0,0,7,1,1,0,0,0,0,1,0,1,1,KRBKRNvK,DRAW,6n1/1rk1K3/1R6/5B2/8/8/8/8 w - - 0 1
0,1,0,0,0,0,0,1,-1,1,0,1,1,1,0,0,0,0,0,16,0,0,5,4,1,3,6,2,2,24,17,0,0,0,0,0,0,0,0,7,1,1,0,0,0,0,0,0,0,0,KRBKRNvK,DRAW,6nR/3k4/6r1/8/8/8/4K3/5B2 b - - 0 1
1,1,0,0,0,0,0,1,-1,1,0,1,1,1,0,0,0,0,0,16,0,0,5,6,1,1,0,4,5,29,22,0,0,0,0,0,0,0,0,7,1,1,0,0,0,0,3,1,1,0,KRBKRNvK,DRAW,8/2r5/4R3/8/8/8/1B1n2K1/1k6 w - - 0 1
0,1,0,0,0,0,0,1,-1,1,0,1,1,1,0,0,0,0,0,16,0,0,2,5,6,4,4,3,0,3,0,1,0,0,0,0,0,0,0,7,1,1,0,1,0,0,3,3,0,0,KRBKRNvK,DRAW,1B6/5K2/8/4k3/8/8/2r5/2nR4 b - - 0 1
0,1,0,0,0,0,0,1,-1,1,0,1,1,1,0,0,0,0,0,16,0,0,4,4,4,0,3,0,3,3,0,1,0,0,0,0,0,0,0,7,1,1,0,0,0,0,3,2,0,2,KRBKRNvK,LOSS,R7/8/8/4K3/k2n1r2/8/8/1B6 b - - 0 1
0,1,0,0,0,0,0,1,-1,1,0,1,1,1,0,0,0,0,0,16,0,0,5,5,7,0,2,4,4,20,30,0,0,0,0,0,0,0,0,7,1,1,0,0,0,0,2,2,0,0,KRBKRNvK,DRAW,5K2/8/8/8/r7/kn3B2/8/6R1 b - - 0 1
1,1,0,0,0,0,0,1,-1,1,0,1,1,1,0,0,0,0,0,16,0,0,3,3,4,6,2,0,3,25,23,0,0,0,0,0,0,0,0,7,1,1,0,0,0,0,3,0,1,1,KRBKRNvK,DRAW,3n4/8/1r6/3K4/4R3/B5k1/8/8 w - - 0 1
0,1,0,0,0,0,0,1,-1,1,0,1,1,1,0,0,0,0,0,16,0,0,6,6,6,3,0,4,3,22,25,0,0,0,0,0,0,0,0,7,1,1,0,0,0,0,3,2,0,0,KRBKRNvK,DRAW,8/2n3K1/8/2r5/6R1/6B1/8/3k4 b - - 0 1
0,1,0,0,0,0,0,1,-1,1,0,1,1,1,0,0,0,0,0,16,0,0,4,3,2,7,0,1,6,15,30,0,0,0,0,0,0,0,0,7,1,1,0,0,0,0,2,0,0,1,KRBKRNvK,DRAW,8/8/8/3B4/1R6/3K4/6n1/2r4k b - - 0 1
1,1,0,0,0,0,0,1,-1,1,0,1,1,1,0,0,0,0,0,16,0,0,3,3,1,0,3,2,3,22,25,0,0,0,0,0,0,0,0,7,1,1,1,0,0,0,2,1,1,1,KRBKRNvK,DRAW,8/4R3/8/8/kB3n2/8/3K4/6r1 w - - 0 1
0,1,0,0,0,0,0,1,-1,1,0,1,1,1,0,0,0,0,0,16,0,0,2,1,4,0,2,2,4,2,0,1,0,0,0,0,0,0,0,7,1,1,0,0,0,0,2,2,1,2,KRBKRNvK,LOSS,8/3r4/8/1KB5/8/kn1R4/8/8 b - - 0 1
1,1,0,0,0,0,0,1,-1,1,0,1,1,1,0,0,0,0,0,16,0,0,5,3,2,4,7,1,3,20,20,0,0,0,0,0,0,0,0,7,1,1,0,0,0,0,3,2,0,1,KRBKRNvK,DRAW,4k3/n7/8/8/1RB5/3K4/8/4r3 w - - 0 1
0,1,0,0,0,0,0,1,-1,1,0,1,1,1,0,0,0,0,0,16,0,0,5,5,5,0,6,2,5,16,30,0,0,0,0,0,0,0,0,7,1,1,0,0,0,0,3,0,0,1,KRBKRNvK,DRAW,8/k7/5K2/8/4B2n/3R4/8/7r b - - 0 1
0,1,0,0,0,0,0,1,-1,1,0,1,1,1,0,0,0,0,0,16,0,0,2,2,3,3,5,1,1,27,20,0,0,0,0,0,0,0,0,7,1,1,0,0,0,0,2,2,0,1,KRBKRNvK,DRAW,8/8/B2k4/7r/2K1n3/1R6/8/8 b - - 0 1
1,1,0,0,0,0,0,1,-1,1,0,1,1,1,0,0,0,0,0,16,0,0,4,5,6,2,2,3,2,5,0,1,0,0,0,0,0,0,0,7,1,1,1,0,0,0,0,1,0,1,KRBKRNvK,LOSS,8/R4K1r/8/8/3n4/2k5/8/5B2 w - - 0 1
0,1,0,0,0,0,0,1,-1,1,0,1,1,1,0,0,0,0,0,16,0,0,3,1,2,4,1,3,2,26,27,0,0,0,0,0,0,0,0,7,1,1,1,0,0,0,1,2,0,1,KRBKRNvK,DRAW,8/R7/4B3/8/2r5/1K6/4k1n1/8 b - - 0 1
0,1,0,0,0,0,0,1,-1,1,0,1,1,1,0,0,0,0,0,16,0,0,2,5,2,3,2,2,1,3,0,1,0,0,0,0,0,0,0,7,1,1,0,0,0,0,4,2,1,0,KRBKRNvK,DRAW,B7/8/8/3R4/n7/1r1k1K2/8/8 b - - 0 1
0,1,0,0,0,0,0,1,-1,1,0,1,1,1,0,0,0,0,0,16,0,0,2,4,1,6,0,2,5,19,22,0,0,0,0,0,0,0,0,7,1,1,0,0,0,0,2,2,0,1,KRBKRNvK,DRAW,5R1B/8/8/8/8/3r3n/4K3/6k1 b - - 0 1
1,1,0,0,0,0,0,1,-1,1,0,1,1,1,0,0,0,0,0,16,0,0,6,4,6,7,0,2,6,29,19,0,0,0,0,0,0,0,0,7,1,1,0,0,0,0,3,0,0,0,KRBKRNvK,DRAW,8/4K3/8/1R6/n7/8/8/B5rk w - - 0 1
1,1,0,0,0,0,0,1,-1,1,0,1,1,1,0,0,0,0,0,16,0,0,2,2,5,2,7,2,4,4,0,1,0,0,0,0,0,0,0,7,1,1,0,0,0,0,1,2,0,2,KRBKRNvK,DRAW,2k5/n7/2K4R/8/r7/8/4B3/8 w - - 0 1
1,1,0,0,0,0,0,1,-1,1,0,1,1,1,0,0,0,0,0,16,0,0,7,7,4,0,5,3,4,25,23,0,0,0,0,0,0,0,0,7,1,1,0,0,0,0,2,2,0,0,KRBKRNvK,DRAW,3R4/8/k7/7K/1r2n3/8/8/2B5 w - - 0 1
0,1,0,0,0,0,0,1,-1,1,0,1,1,1,0,0,0,0,0,16,0,0,7,4,0,4,7,3,3,5,0,1,0,0,0,0,0,0,0,7,1,1,0,0,0,0,0,2,0,0,KRBKRNvK,LOSS,4k3/8/8/1B3n2/2r5/8/R7/4K3 b - - 0 1
0,1,0,0,0,0,0,1,-1,1,0,1,1,1,0,0,0,0,0,16,0,0,4,2,1,6,5,3,3,21,24,0,0,0,0,0,0,0,0,7,1,1,0,0,0,0,2,0,0,0,KRBKRNvK,DRAW,8/1n6/6k1/8/1R6/6r1/2KB4/8 b - - 0 1
0,1,0,0,0,0,0,1,-1,1,0,1,1,1,0,0,0,0,0,16,0,0,5,4,5,4,0,1,3,18,31,0,0,0,0,0,0,0,0,7,1,1,0,0,0,0,3,1,0,0,KRBKRNvK,DRAW,8/8/4K1B1/8/3R4/8/5n2/r3k3 b - - 0 1
1,1,0,0,0,0,0,1,-1,1,0,1,1,1,0,0,0,0,0,16,0,0,6,6,4,0,4,2,3,25,22,0,0,0,0,0,0,0,0,7,1,1,0,0,0,0,1,0,0,0,KRBKRNvK,DRAW,3R4/8/3B4/k5K1/8/8/6n1/1r6 w - - 0 1
1,1,0,0,0,0,0,1,-1,1,0,1,1,1,0,0,0,0,0,16,0,0,5,2,5,7,6,2,5,5,0,1,0,0,0,0,0,0,0,7,1,1,0,0,0,0,3,0,1,1,KRBKRNvK,DRAW,8/7k/2K5/4n1R1/8/8/5B2/2r5 w - - 0 1
1,1,0,0,0,0,0,1,-1,1,0,1,1,1,0,0,0,0,0,16,0,0,2,5,5,7,5,2,4,14,17,0,0,0,0,0,0,0,0,7,1,1,0,0,0,0,3,0,0,1,KRBKRNvK,DRAW,8/8/rB3K1k/1R6/3n4/8/8/8 w - - 0 1
0,1,0,0,0,0,0,1,-1,1,0,1,1,1,0,0,0,0,0,16,0,0,3,1,0,2,3,5,1,28,23,0,0,0,0,0,0,0,0,7,1,1,0,0,0,0,2,2,0,0,KRBKRNvK,DRAW,1B6/4n3/5r2/8/2k5/8/8/1K2R3 b - - 0 1
0,1,0,0,0,0,0,1,-1,1,0,1,1,1,0,0,0,0,0,16,0,0,4,2,1,6,4,3,2,27,20,0,0,0,0,0,0,0,0,7,1,1,0,0,0,0,0,2,0,0,KRBKRNvK,DRAW,8/4r3/3n4/6k1/8/8/2K5/1B5R b - - 0 1
1,1,0,0,0,0,0,1,-1,1,0,1,1,1,0,0,0,0,0,16,0,0,7,7,5,0,3,4,3,4,0,1,0,0,0,0,0,0,0,7,1,1,0,1,0,0,0,1,0,1,KRBKRNvK,DRAW,7R/8/7K/5n2/k7/8/r2B4/8 w - - 0 1
0,1,0,0,0,0,0,1,-1,1,0,1,1,1,0,0,0,0,0,16,0,0,3,6,3,4,0,2,3,20,24,0,0,0,0,0,0,0,0,7,1,1,0,0,0,0,3,3,0,0,KRBKRNvK,DRAW,8/8/5B2/1r6/5RK1/1n6/8/4k3 b - - 0 1
0,1,0,0,0,0,0,1,-1,1,0,1,1,1,0,0,0,0,0,16,0,0,2,1,2,3,1,3,2,17,23,0,0,0,0,0,0,0,0,7,1,1,0,0,0,0,0,2,1,0,KRBKRNvK,DRAW,1nB5/3r4/8/8/8/1K6/3k4/5R2 b - - 0 1
0,1,0,0,0,0,0,1,-1,1,0,1,1,1,0,0,0,0,0,16,0,0,3,6,0,5,3,5,1,3,0,1,0,0,0,0,0,0,0,7,1,1,0,0,0,0,2,3,2,0,KRBKRNvK,DRAW,8/8/8/6n1/r4k2/3R4/7B/6K1 b - - 0 1
1,1,0,0,0,0,0,1,-1,1,0,1,1,1,0,0,0,0,0,16,0,0,5,0,5,2,0,4,4,4,0,1,0,0,0,0,0,0,0,7,1,1,0,0,0,0,2,0,0,1,KRBKRNvK,DRAW,1B2R3/8/K1r5/8/7n/8/8/2k5 w - - 0 1
0,1,0,0,0,0,0,1,-1,1,0,1,1,1,0,0,0,0,0,16,0,0,4,7,7,3,6,6,2,15,26,0,0,0,0,0,0,0,0,7,1,1,0,0,0,0,0,0,0,0,KRBKRNvK,DRAW,7K/r2k4/8/8/1B6/8/7n/2R5 b - - 0 1
0,1,0,0,0,0,0,1,-1,1,0,1,1,1,0,0,0,0,0,16,0,0,2,5,0,3,0,4,3,3,0,1,0,0,0,0,0,0,0,7,1,1,0,0,0,0,2,1,0,0,KRBKRNvK,LOSS,8/2r5/8/1n1R4/8/6B1/8/3k1K2 b - - 0 1
0,1,0,0,0,0,0,1,-1,1,0,1,1,1,0,0,0,0,0,16,0,0,4,4,7,0,4,3,3,22,24,0,0,0,0,0,0,0,0,7,1,1,0,0,0,0,1,2,0,1,KRBKRNvK,DRAW,4K3/5B2/2n5/k7/8/8/6R1/r7 b - - 0 1
0,1,0,0,0,0,0,1,-1,1,0,1,1,1,0,0,0,0,0,16,0,0,4,1,5,5,1,3,3,25,30,0,0,0,0,0,0,0,0,7,1,1,0,0,0,0,3,0,0,0,KRBKRNvK,DRAW,8/8/1K1B4/8/R6n/8/5k2/2r5 b - - 0 1
1,1,0,0,0,0,0,1,-1,1,0,1,1,1,0,0,0,0,0,16,0,0,5,3,7,7,2,3,4,25,22,0,0,0,0,0,0,0,0,7,1,1,0,1,0,0,0,1,0,0,KRBKRNvK,DRAW,3K4/8/B4R2/6n1/8/7k/r7/8 w - - 0 1
1,1,0,0,0,0,0,1,-1,1,0,1,1,1,0,0,0,0,0,16,0,0,2,3,1,1,2,2,3,21,23,0,0,0,0,0,0,0,0,7,1,1,0,0,0,0,0,2,0,0,KRBKRNvK,DRAW,4r3/8/5R1B/8/n7/1k6/3K4/8 w - - 0 1
0,1,0,0,0,0,0,1,-1,1,0,1,1,1,0,0,0,0,0,16,0,0,3,0,1,0,4,5,3,24,26,0,0,0,0,0,0,0,0,7,1,1,0,0,0,0,2,3,0,0,KRBKRNvK,DRAW,8/8/5B2/k5r1/8/5R2/K3n3/8 b - - 0 1
1,1,0,0,0,0,0,1,-1,1,0,1,1,1,0,0,0,0,0,16,0,0,4,2,0,6,2,4,3,13,26,0,0,0,0,0,0,0,0,7,1,1,0,0,0,0,0,1,0,0,KRBKRNvK,DRAW,8/1r6/8/8/8/6k1/3B1n2/2KR4 w - - 0 1
0,1,0,0,0,0,0,1,-1,1,0,1,1,1,0,0,0,0,0,16,0,0,5,6,2,1,6,3,4,26,23,0,0,0,0,0,0,0,0,7,1,1,0,0,0,0,2,2,0,1,KRBKRNvK,DRAW,8/1k6/8/5B2/5R2/r4nK1/8/8 b - - 0 1
0,1,0,0,0,0,0,1,-1,1,0,1,1,1,0,0,0,0,0,16,0,0,5,4,2,4,7,1,3,22,26,0,0,0,0,0,0,0,0,7,1,1,0,0,0,0,3,1,0,1,KRBKRNvK,DRAW,4k3/7r/8/6B1/8/4K1n1/8/3R4 b - - 0 1
1,1,0,0,0,0,0,1,-1,1,0,1,1,1,0,0,0,0,0,16,0,0,4,6,6,2,5,4,2,7,0,1,0,0,0,0,0,0,0,7,1,1,0,0,0,0,1,3,1,1,KRBKRNvK,LOSS,8/6K1/2k5/4B2n/8/4rR2/8/8 w - - 0 1
1,1,0,0,0,0,0,1,-1,1,0,1,1,1,0,0,0,0,0,16,0,0,5,6,3,1,0,2,5,28,22,0,0,0,0,0,0,0,0,7,1,1,0,0,0,0,2,1,1,1,KRBKRNvK,DRAW,8/1B6/7r/8/6K1/R7/2n5/1k6 w - - 0 1
0,1,0,0,0,0,0,1,-1,1,0,1,1,1,0,0,0,0,0,16,0,0,3,7,3,4,4,3,0,4,0,1,0,0,0,0,0,0,0,7,1,1,0,0,0,0,2,4,0,1,KRBKRNvK,LOSS,6n1/8/1R6/4k1r1/7K/8/1B6/8 b - - 0 1
0,1,0,0,0,0,0,1,-1,1,0,1,1,1,0,0,0,0,0,16,0,0,4,1,3,5,5,2,2,5,0,1,0,0,0,0,0,0,0,7,1,1,0,0,0,0,1,1,0,0,KRBKRNvK,DRAW,1B6/7r/5k2/8/1K6/5R2/8/n7 b - - 0 1
1,1,0,0,0,0,0,1,-1,1,0,1,1,1,0,0,0,0,0,16,0,0,3,5,1,6,4,3,2,23,27,0,0,0,0,0,0,0,0,7,1,1,0,0,0,0,0,2,0,0,KRBKRNvK,DRAW,8/3r4/8/4n1k1/8/8/5K2/R2B4 w - - 0 1
1,1,0,0,0,0,0,1,-1,1,0,1,1,1,0,0,0,0,0,16,0,0,6,0,3,6,0,3,5,28,22,0,0,0,0,0,0,0,0,7,1,1,0,1,0,0,1,0,0,0,KRBKRNvK,DRAW,2R5/8/6B1/8/K7/8/7r/4n1k1 w - - 0 1
1,1,0,0,0,0,0,1,-1,1,0,1,1,1,0,0,0,0,0,16,0,0,7,4,7,3,0,3,3,24,19,0,0,0,0,0,0,0,0,7,1,1,0,0,0,0,0,2,0,0,KRBKRNvK,DRAW,4K3/n7/B7/8/5r2/8/7R/3k4 w - - 0 1
1,1,0,0,0,0,0,1,-1,1,0,1,1,1,0,0,0,0,0,16,0,0,5,6,2,1,6,3,4,8,0,1,0,0,0,0,0,0,0,7,1,1,0,0,0,0,2,0,1,0,KRBKRNvK,DRAW,4B1r1/1k6/3R4/8/8/6K1/8/n7 w - - 0 1
1,1,0,0,0,0,0,1,-1,1,0,1,1,1,0,0,0,0,0,16,0,0,2,5,2,3,3,2,0,26,21,0,0,0,0,0,0,0,0,7,1,1,1,0,0,0,1,3,0,1,KRBKRNvK,DRAW,4B3/1R6/8/8/3k4/5K2/8/2r2n2 w - - 0 1
1,1,0,0,0,0,0,1,-1,1,0,1,1,1,0,0,0,0,0,16,0,0,6,7,5,1,0,4,5,28,24,0,0,0,0,0,0,0,0,7,1,1,0,0,0,0,3,2,1,0,KRBKRNvK,DRAW,4r3/8/3n3K/8/6R1/8/1B6/1k6 w - - 0 1
1,1,0,0,0,0,0,1,-1,1,0,1,1,1,0,0,0,0,0,16,0,0,4,1,2,2,6,3,3,29,28,0,0,0,0,0,0,0,0,7,1,1,0,0,0,0,3,1,1,0,KRBKRNvK,DRAW,6r1/1Bk5/8/8/7R/1K2n3/8/8 w - - 0 1
1,1,0,0,0,0,0,1,-1,1,0,1,1,1,0,0,0,0,0,16,0,0,6,0,2,6,7,4,5,19,23,0,0,0,0,0,0,0,0,7,1,1,0,0,0,0,2,2,0,0,KRBKRNvK,DRAW,6k1/4r3/8/8/8/K6n/8/R6B w - - 0 1
0,1,0,0,0,0,0,1,-1,1,0,1,1,1,0,0,0,0,0,16,0,0,3,4,2,4,5,1,1,4,0,1,0,0,0,0,0,0,0,7,1,1,0,0,0,0,2,3,2,0,KRBKRNvK,DRAW,8/8/2rnkR2/6B1/8/4K3/8/8 b - - 0 1
1,1,0,0,0,0,0,1,-1,1,0,1,1,1,0,0,0,0,0,16,0,0,7,7,5,0,6,4,5,4,0,1,0,0,0,0,0,0,0,7,1,1,0,1,0,0,2,0,1,0,KRBKRNvK,DRAW,8/k7/7K/nR6/B7/8/7r/8 w - - 0 1
0,1,0,0,0,0,0,1,-1,1,0,1,1,1,0,0,0,0,0,16,0,0,7,5,0,5,7,4,4,20,23,0,0,0,0,0,0,0,0,7,1,1,0,0,0,0,2,0,0,0,KRBKRNvK,DRAW,5k2/Bn4r1/8/8/1R6/8/8/5K2 b - - 0 1
1,1,0,0,0,0,0,1,-1,1,0,1,1,1,0,0,0,0,0,16,0,0,3,5,6,2,7,3,4,5,0,1,0,0,0,0,0,0,0,7,1,1,0,0,0,0,0,2,0,2,KRBKRNvK,DRAW,2k4n/3r1K2/8/6BR/8/8/8/8 w - - 0 1
0,1,0,0,0,0,0,1,-1,1,0,1,1,1,0,0,0,0,0,16,0,0,4,4,4,0,5,0,4,18,30,0,0,0,0,0,0,0,0,7,1,1,0,0,0,0,3,2,2,0,KRBKRNvK,DRAW,nR6/8/k1B5/4K3/7r/8/8/8 b - - 0 1
1,1,0,0,0,0,0,1,-1,1,0,1,1,1,0,0,0,0,0,16,0,0,4,3,0,5,4,3,1,5,0,1,0,0,0,0,0,0,0,7,1,1,1,0,0,0,0,3,1,0,KRBKRNvK,DRAW,8/7R/8/B3nk2/3r4/8/8/3K4 w - - 0 1
0,1,0,0,0,0,0,1,-1,1,0,1,1,1,0,0,0,0,0,16,0,0,3,2,7,5,4,4,1,5,0,1,0,0,0,0,0,0,0,7,1,1,0,0,0,0,1,3,1,0,KRBKRNvK,DRAW,2K5/8/7n/5k2/6r1/1B3R2/8/8 b - - 0 1
0,1,0,0,0,0,0,1,-1,1,0,1,1,1,0,0,0,0,0,16,0,0,3,4,4,7,5,0,4,24,20,0,0,0,0,0,0,0,0,7,1,1,0,0,0,0,4,1,0,0,KRBKRNvK,DRAW,1R6/2B5/r6k/4K3/8/1n6/8/8 b - - 0 1
0,1,0,0,0,0,0,1,-1,1,0,1,1,1,0,0,0,0,0,16,0,0,5,5,5,4,0,2,3,25,19,0,0,0,0,0,0,0,0,7,1,1,0,1,0,0,2,1,0,1,KRBKRNvK,DRAW,8/8/5KnB/6R1/8/8/r7/4k3 b - - 0 1
1,1,0,0,0,0,0,1,-1,1,0,1,1,1,0,0,0,0,0,16,0,0,5,0,1,4,6,5,2,24,25,0,0,0,0,0,0,0,0,7,1,1,0,0,0,0,2,0,0,0,KRBKRNvK,DRAW,8/4k2n/8/8/6R1/5r2/K7/4B3 w - - 0 1
0,1,0,0,0,0,0,1,-1,1,0,1,1,1,0,0,0,0,0,16,0,0,3,2,4,4,1,1,2,21,26,0,0,0,0,0,0,0,0,7,1,1,0,0,0,0,3,2,0,1,KRBKRNvK,DRAW,8/8/8/2K2B1R/8/4r3/4k2n/8 b - - 0 1
0,1,0,0,0,0,0,1,-1,1,0,1,1,1,0,0,0,0,0,16,0,0,5,5,7,1,2,4,3,23,23,0,0,0,0,0,0,0,0,7,1,1,0,0,0,0,1,3,0,1,KRBKRNvK,DRAW,R4K2/5n2/8/8/8/1k1r4/7B/8 b - - 0 1
0,1,0,0,0,0,0,1,-1,1,0,1,1,1,0,0,0,0,0,16,0,0,2,1,3,1,5,2,3,22,25,0,0,0,0,0,0,0,0,7,1,1,0,0,0,0,2,0,1,0,KRBKRNvK,DRAW,8/6r1/1k6/7R/BK6/8/8/4n3 b - - 0 1
0,1,0,0,0,0,0,1,-1,1,0,1,1,1,0,0,0,0,0,16,0,0,3,7,3,4,2,3,1,22,27,0,0,0,0,0,0,0,0,7,1,1,0,1,0,0,2,2,0,1,KRBKRNvK,DRAW,4n3/3B4/8/8/1R5K/4k3/5r2/8 b - - 0 1
0,1,0,0,0,0,0,1,-1,1,0,1,1,1,0,0,0,0,0,16,0,0,2,1,3,0,5,2,4,19,27,0,0,0,0,0,0,0,0,7,1,1,0,0,0,0,2,2,0,0,KRBKRNvK,DRAW,5n2/4r3/k7/8/1K6/8/3R4/6B1 b - - 0 1
0,1,0,0,0,0,0,1,-1,1,0,1,1,1,0,0,0,0,0,16,0,0,3,4,4,3,1,0,2,7,0,1,0,0,0,0,0,0,0,7,1,1,1,0,0,0,3,2,0,0,KRBKRNvK,DRAW,3n4/1R6/8/B3K3/7r/8/3k4/8 b - - 0 1
1,1,0,0,0,0,0,1,-1,1,0,1,1,1,0,0,0,0,0,16,0,0,5,7,5,2,4,4,1,6,0,1,0,0,0,0,0,0,0,7,1,1,1,0,0,0,3,2,1,0,KRBKRNvK,LOSS,2n4B/4R3/1r5K/2k5/8/8/8/8 w - - 0 1
0,1,0,0,0,0,0,1,-1,1,0,1,1,1,0,0,0,0,0,16,0,0,3,1,2,4,1,3,2,24,22,0,0,0,0,0,0,0,0,7,1,1,0,0,0,0,0,3,0,1,KRBKRNvK,DRAW,8/8/3n4/3r4/B7/1K5R/4k3/8 b - - 0 1
0,1,0,0,0,0,0,1,-1,1,0,1,1,1,0,0,0,0,0,16,0,0,2,7,5,5,7,4,4,19,25,0,0,0,0,0,0,0,0,7,1,1,0,0,0,0,3,3,1,0,KRBKRNvK,DRAW,5k1B/8/1n5K/8/1r6/8/8/4R3 b - - 0 1
0,1,0,0,0,0,0,1,-1,1,0,1,1,1,0,0,0,0,0,16,0,0,4,4,0,2,4,3,1,21,21,0,0,0,0,0,0,0,0,7,1,1,0,0,0,0,0,2,0,0,KRBKRNvK,WIN,4B3/8/1r6/2k5/8/8/8/n3K2R b - - 0 1
1,1,0,0,0,0,0,1,-1,1,0,1,1,1,0,0,0,0,0,16,0,0,3,5,5,2,7,2,4,33,20,0,0,0,0,0,0,0,0,7,1,1,0,0,0,0,3,2,0,0,KRBKRNvK,DRAW,2k5/8/5K2/8/8/1n1r1B2/8/R7 w - - 0 1
1,1,0,0,0,0,0,1,-1,1,0,1,1,1,0,0,0,0,0,16,0,0,7,7,7,3,0,6,3,3,0,1,0,0,0,0,0,0,0,7,1,1,0,0,0,0,2,3,0,1,KRBKRNvK,DRAW,7K/8/6n1/4r3/1R6/8/8/3k2B1 w - - 0 1
1,1,0,0,0,0,0,1,-1,1,0,1,1,1,0,0,0,0,0,16,0,0,5,3,0,5,5,3,2,27,28,0,0,0,0,0,0,0,0,7,1,1,0,0,0,0,0,2,0,1,KRBKRNvK,DRAW,2R5/8/5k2/5n2/8/1r6/3B4/3K4 w - - 0 1
0,1,0,0,0,0,0,1,-1,1,0,1,1,1,0,0,0,0,0,16,0,0,5,7,2,2,7,4,4,20,24,0,0,0,0,0,0,0,0,7,1,1,0,0,0,0,0,1,0,0,KRBKRNvK,DRAW,1rk2B2/8/8/2n5/8/7K/8/R7 b - - 0 1
0,1,0,0,0,0,0,1,-1,1,0,1,1,1,0,0,0,0,0,16,0,0,6,3,0,0,6,3,5,24,18,0,0,0,0,0,0,0,0,7,1,1,0,1,0,0,2,1,0,1,KRBKRNvK,DRAW,8/k6B/8/1n6/8/8/5r2/3KR3 b - - 0 1
1,1,0,0,0,0,0,1,-1,1,0,1,1,1,0,0,0,0,0,16,0,0,5,2,3,7,1,1,5,8,0,1,0,0,0,0,0,0,0,7,1,1,0,0,0,0,4,2,0,0,KRBKRNvK,DRAW,B3R3/8/8/8/2K3r1/8/7k/7n w - - 0 1
0,1,0,0,0,0,0,1,-1,1,0,1,1,1,0,0,0,0,0,16,0,0,7,6,0,0,7,5,6,18,26,0,0,0,0,0,0,0,0,7,1,1,0,0,0,0,1,0,0,0,KRBKRNvK,DRAW,kn6/8/1r6/8/8/4B3/6R1/6K1 b - - 0 1
1,1,0,0,0,0,0,1,-1,1,0,1,1,1,0,0,0,0,0,16,0,0,5,7,4,2,4,3,1,4,0,1,0,0,0,0,0,0,0,7,1,1,0,1,0,0,2,2,1,0,KRBKRNvK,DRAW,8/8/8/2k4K/3R4/1n6/4B2r/8 w - - 0 1
0,1,0,0,0,0,0,1,-1,1,0,1,1,1,0,0,0,0,0,16,0,0,3,0,4,3,4,3,0,20,24,0,0,0,0,0,0,0,0,7,1,1,0,0,0,0,2,4,0,0,KRBKRNvK,DRAW,8/8/8/K2k1r2/8/8/8/B1n4R b - - 0 1
1,1,0,0,0,0,0,1,-1,1,0,1,1,1,0,0,0,0,0,16,0,0,4,7,3,7,7,3,6,25,20,0,0,0,0,0,0,0,0,7,1,1,0,0,0,0,2,0,0,0,KRBKRNvK,DRAW,2r4k/8/8/8/7K/8/3R4/3Bn3 w - - 0 1
1,1,0,0,0,0,0,1,-1,1,0,1,1,1,0,0,0,0,0,16,0,0,3,4,2,1,3,1,2,28,26,0,0,0,0,0,0,0,0,7,1,1,0,0,0,0,2,1,1,0,KRBKRNvK,DRAW,7r/8/3n4/8/1k6/4K3/2R5/5B2 w - - 0 1
0,1,0,0,0,0,0,1,-1,1,0,1,1,1,0,0,0,0,0,16,0,0,2,2,2,4,1,2,2,5,0,1,0,0,0,0,0,0,0,7,1,1,0,0,0,0,2,1,2,1,KRBKRNvK,DRAW,8/1r6/8/8/2R5/2KB4/2n1k3/8 b - - 0 1
0,1,0,0,0,0,0,1,-1,1,0,1,1,1,0,0,0,0,0,16,0,0,3,5,5,2,7,2,4,27,22,0,0,0,0,0,0,0,0,7,1,1,0,0,0,0,3,2,0,0,KRBKRNvK,DRAW,2k5/8/2n2K2/8/B5R1/1r6/8/8 b - - 0 1
1,1,0,0,0,0,0,1,-1,1,0,1,1,1,0,0,0,0,0,16,0,0,4,6,5,2,6,3,3,7,0,1,0,0,0,0,0,0,0,7,1,1,0,0,0,0,2,2,0,1,KRBKRNvK,DRAW,7n/2k5/6K1/8/2r5/4R3/8/2B5 w - - 0 1
1,1,0,0,0,0,0,1,-1,1,0,1,1,1,0,0,0,0,0,16,0,0,7,3,7,2,0,3,4,23,21,0,0,0,0,0,0,0,0,7,1,1,1,1,0,0,2,1,0,0,KRBKRNvK,DRAW,3KB3/4R3/8/6n1/8/8/6r1/2k5 w - - 0 1
1,1,0,0,0,0,0,1,-1,1,0,1,1,1,0,0,0,0,0,16,0,0,7,4,0,5,7,3,4,2,0,1,0,0,0,0,0,0,0,7,1,1,0,0,0,0,2,2,1,2,KRBKRNvK,DRAW,5kB1/8/8/2R5/8/4n3/8/3rK3 w - - 0 1
1,1,0,0,0,0,0,1,-1,1,0,1,1,1,0,0,0,0,0,16,0,0,3,5,4,5,7,1,4,4,0,1,0,0,0,0,0,0,0,7,1,1,0,0,0,0,3,2,1,2,KRBKRNvK,DRAW,5k2/5r1B/8/5K2/1R6/5n2/8/8 w - - 0 1
0,1,0,0,0,0,0,1,-1,1,0,1,1,1,0,0,0,0,0,16,0,0,2,1,5,3,6,3,2,2,0,1,0,0,0,0,0,0,0,7,1,1,0,0,0,0,3,1,2,1,KRBKRNvK,DRAW,8/2rk1B2/1K6/3R4/6n1/8/8/8 b - - 0 1
1,1,0,0,0,0,0,1,-1,1,0,1,1,1,0,0,0,0,0,16,0,0,2,5,5,4,7,2,3,19,23,0,0,0,0,0,0,0,0,7,1,1,0,0,0,0,2,2,0,1,KRBKRNvK,DRAW,4k3/4n3/1R3K2/8/8/3r4/8/B7 w - - 0 1
0,1,0,0,0,0,0,1,-1,1,0,1,1,1,0,0,0,0,0,16,0,0,3,3,2,6,4,1,2,7,0,1,0,0,0,0,0,0,0,7,1,1,0,0,0,0,2,0,0,0,KRBKRNvK,DRAW,6R1/5r2/1B6/6k1/8/3K4/7n/8 b - - 0 1
1,1,0,0,0,0,0,1,-1,1,0,1,1,1,0,0,0,0,0,16,0,0,3,3,1,4,4,2,0,7,0,1,0,0,0,0,0,0,0,7,1,1,0,0,0,0,2,3,1,1,KRBKRNvK,DRAW,7R/1r6/8/4k3/8/5B2/3K4/5n2 w - - 0 1
1,1,0,0,0,0,0,1,-1,1,0,1,1,1,0,0,0,0,0,16,0,0,3,3,0,3,3,3,0,3,0,1,0,0,0,0,0,0,0,7,1,1,0,0,0,0,0,3,1,0,KRBKRNvK,DRAW,8/4B1n1/8/8/3k4/1R6/8/3K2r1 w - - 0 1
1,1,0,0,0,0,0,1,-1,1,0,1,1,1,0,0,0,0,0,16,0,0,3,5,3,4,6,1,2,28,22,0,0,0,0,0,0,0,0,7,1,1,0,0,0,0,3,0,0,0,KRBKRNvK,DRAW,8/2r1k3/8/8/5K2/6R1/1n6/7B w - - 0 1
0,1,0,0,0,0,0,1,-1,1,0,1,1,1,0,0,0,0,0,16,0,0,3,1,4,4,1,2,2,4,0,1,0,0,0,0,0,0,0,7,1,1,0,1,0,0,2,1,2,0,KRBKRNvK,DRAW,8/5n2/8/1K6/8/8/2R1krB1/8 b - - 0 1
0,1,0,0,0,0,0,1,-1,1,0,1,1,1,0,0,0,0,0,16,0,0,3,0,5,3,6,4,2,23,18,0,0,0,0,0,0,0,0,7,1,1,0,0,0,0,2,2,2,1,KRBKRNvK,DRAW,8/3knB2/K3R3/1r6/8/8/8/8 b - - 0 1
1,1,0,0,0,0,0,1,-1,1,0,1,1,1,0,0,0,0,0,16,0,0,5,3,2,2,7,1,4,4,0,1,0,0,0,0,0,0,0,7,1,1,0,0,0,0,2,4,0,2,KRBKRNvK,DRAW,2k5/8/8/3B4/3r4/R2K1n2/8/8 w - - 0 1
0,1,0,0,0,0,0,1,-1,1,0,1,1,1,0,0,0,0,0,16,0,0,7,0,1,7,6,5,5,23,23,0,0,0,0,0,0,0,0,7,1,1,0,0,0,0,2,1,0,0,KRBKRNvK,DRAW,4B3/1r5k/8/2R5/8/8/K2n4/8 b - - 0 1
0,1,0,0,0,0,0,1,-1,1,0,1,1,1,0,0,0,0,0,16,0,0,2,3,5,1,4,1,2,4,0,1,0,0,0,0,0,0,0,7,1,1,0,0,0,0,2,1,0,2,KRBKRNvK,DRAW,8/1r6/3Kn2B/1k6/8/8/1R6/8 b - - 0 1
0,1,0,0,0,0,0,1,-1,1,0,1,1,1,0,0,0,0,0,16,0,0,2,3,5,5,5,1,2,20,22,0,0,0,0,0,0,0,0,7,1,1,0,0,0,0,3,1,0,0,KRBKRNvK,DRAW,1R6/8/1B1K1k2/8/8/8/8/2n4r b - - 0 1
0,1,0,0,0,0,0,1,-1,1,0,1,1,1,0,0,0,0,0,16,0,0,2,2,5,0,6,2,5,5,0,1,0,0,0,0,0,0,0,7,1,1,0,0,0,0,2,2,0,1,KRBKRNvK,LOSS,8/k7/2K2R2/1r6/8/4B3/7n/8 b - - 0 1
0,1,0,0,0,0,0,1,-1,1,0,1,1,1,0,0,0,0,0,16,0,0,3,4,2,7,4,1,3,5,0,1,0,0,0,0,0,0,0,7,1,1,0,0,0,0,4,2,1,0,KRBKRNvK,DRAW,8/6r1/5n2/1B3R1k/8/4K3/8/8 b - - 0 1
0,1,0,0,0,0,0,1,-1,1,0,1,1,1,0,0,0,0,0,16,0,0,5,7,1,2,0,5,4,6,0,1,0,0,0,0,0,0,0,7,1,1,0,0,0,0,0,2,0,0,KRBKRNvK,DRAW,5nR1/8/8/6B1/3r4/8/7K/2k5 b - - 0 1
1,1,0,0,0,0,0,1,-1,1,0,1,1,1,0,0,0,0,0,16,0,0,6,1,4,7,3,2,3,26,22,0,0,0,0,0,0,0,0,7,1,1,1,0,0,0,2,2,1,1,KRBKRNvK,DRAW,8/6R1/5n2/1K6/3r3k/8/6B1/8 w - - 0 1
0,1,0,0,0,0,0,1,-1,1,0,1,1,1,0,0,0,0,0,16,0,0,4,1,3,5,6,2,3,5,0,1,0,0,0,0,0,0,0,7,1,1,1,0,0,0,0,2,2,2,KRBKRNvK,DRAW,8/5k1R/8/6B1/nK6/3r4/8/8 b - - 0 1
0,1,0,0,0,0,0,1,-1,1,0,1,1,1,0,0,0,0,0,16,0,0,2,3,6,1,7,2,5,20,21,0,0,0,0,0,0,0,0,7,1,1,0,1,0,0,1,1,0,0,KRBKRNvK,DRAW,1k6/3K4/8/8/3n4/6R1/3r4/B7 b - - 0 1
1,1,0,0,0,0,0,1,-1,1,0,1,1,1,0,0,0,0,0,16,0,0,4,2,2,1,6,2,4,6,0,1,0,0,0,0,0,0,0,7,1,1,0,0,0,0,3,0,0,0,KRBKRNvK,DRAW,4B3/1k6/8/7R/7n/2K3r1/8/8 w - - 0 1
1,1,0,0,0,0,0,1,-1,1,0,1,1,1,0,0,0,0,0,16,0,0,5,2,6,7,2,3,4,31,19,0,0,0,0,0,0,0,0,7,1,1,0,0,0,0,3,0,0,0,KRBKRNvK,DRAW,8/2K2Bn1/8/8/8/6rk/8/4R3 w - - 0 1
1,1,0,0,0,0,0,1,-1,1,0,1,1,1,0,0,0,0,0,16,0,0,3,4,3,2,6,0,3,6,0,1,0,0,0,0,0,0,0,7,1,1,0,0,0,0,4,1,2,0,KRBKRNvK,LOSS,3R4/1Bk5/8/8/4K2r/7n/8/8 w - - 0 1
1,1,0,0,0,0,0,1,-1,1,0,1,1,1,0,0,0,0,0,16,0,0,2,6,2,6,4,3,2,28,21,0,0,0,0,0,0,0,0,7,1,1,0,0,0,0,2,0,1,0,KRBKRNvK,DRAW,8/8/8/6k1/6B1/n5K1/3R4/2r5 w - - 0 1
0,1,0,0,0,0,0,1,-1,1,0,1,1,1,0,0,0,0,0,16,0,0,2,0,3,2,3,3,1,18,23,0,0,0,0,0,0,0,0,7,1,1,0,0,0,0,3,2,1,0,KRBKRNvK,DRAW,8/B7/5r2/1R6/K1k5/8/8/n7 b - - 0 1
0,1,0,0,0,0,0,1,-1,1,0,1,1,1,0,0,0,0,0,16,0,0,7,0,2,7,0,4,6,21,22,0,0,0,0,0,0,0,0,7,1,1,1,0,0,0,0,2,0,0,KRBKRNvK,DRAW,8/1R2B3/n7/5r2/8/K7/8/7k b - - 0 1
0,1,0,0,0,0,0,1,-1,1,0,1,1,1,0,0,0,0,0,16,0,0,3,6,2,3,3,3,0,22,25,0,0,0,0,0,0,0,0,7,1,1,0,0,0,0,1,4,0,0,KRBKRNvK,DRAW,3r4/8/6B1/8/1n1k4/6K1/8/6R1 b - - 0 1
0,1,0,0,0,0,0,1,-1,1,0,1,1,1,0,0,0,0,0,16,0,0,4,6,4,2,5,2,2,19,28,0,0,0,0,0,0,0,0,7,1,1,0,0,0,0,1,1,1,0,KRBKRNvK,DRAW,R7/8/2k5/6K1/8/8/5B2/4n2r b - - 0 1
1,1,0,0,0,0,0,1,-1,1,0,1,1,1,0,0,0,0,0,16,0,0,2,1,5,3,3,3,0,6,0,1,0,0,0,0,0,0,0,7,1,1,1,0,0,0,1,3,0,1,KRBKRNvK,DRAW,n3r3/2R2B2/1K6/8/3k4/8/8/8 w - - 0 1
1,1,0,0,0,0,0,1,-1,1,0,1,1,1,0,0,0,0,0,16,0,0,4,4,3,0,2,0,4,5,0,1,0,0,0,0,0,0,0,7,1,1,0,0,0,0,4,2,0,0,KRBKRNvK,DRAW,1n6/4r3/7B/8/4KR2/k7/8/8 w - - 0 1
0,1,0,0,0,0,0,1,-1,1,0,1,1,1,0,0,0,0,0,16,0,0,5,4,1,3,6,2,2,21,24,0,0,0,0,0,0,0,0,7,1,1,0,0,0,0,0,2,1,0,KRBKRNvK,DRAW,4nB2/3k4/8/3r4/8/8/4K3/5R2 b - - 0 1
0,1,0,0,0,0,0,1,-1,1,0,1,1,1,0,0,0,0,0,16,0,0,4,1,3,5,5,2,2,22,19,0,0,0,0,0,0,0,0,7,1,1,1,0,0,0,1,2,1,1,KRBKRNvK,DRAW,8/3R4/3n1k2/8/1K6/5r2/8/1B6 b - - 0 1
1,1,0,0,0,0,0,1,-1,1,0,1,1,1,0,0,0,0,0,16,0,0,6,2,0,0,6,4,5,5,0,1,0,0,0,0,0,0,0,7,1,1,0,0,0,0,0,1,0,0,KRBKRNvK,DRAW,8/k7/2r1n3/8/8/B7/8/2K4R w - - 0 1
1,1,0,0,0,0,0,1,-1,1,0,1,1,1,0,0,0,0,0,16,0,0,7,7,4,0,2,3,4,3,0,1,0,0,0,0,0,0,0,7,1,1,1,1,0,0,0,0,1,0,KRBKRNvK,DRAW,n7/7R/8/7K/B7/k7/7r/8 w - - 0 1
1,1,0,0,0,0,0,1,-1,1,0,1,1,1,0,0,0,0,0,16,0,0,4,6,3,2,5,2,2,27,24,0,0,0,0,0,0,0,0,7,1,1,0,0,0,0,2,1,0,0,KRBKRNvK,DRAW,n7/8/2k5/8/6K1/5R2/1B6/7r w - - 0 1
0,1,0,0,0,0,0,1,-1,1,0,1,1,1,0,0,0,0,0,16,0,0,6,7,3,1,1,3,4,20,22,0,0,0,0,0,0,0,0,7,1,1,1,0,0,0,1,0,0,0,KRBKRNvK,DRAW,8/5BR1/n7/8/7K/8/1k6/r7 b - - 0 1
0,1,0,0,0,0,0,1,-1,1,0,1,1,1,0,0,0,0,0,16,0,0,6,1,6,4,0,4,3,2,0,1,0,0,0,0,0,0,0,7,1,1,0,0,0,0,0,2,2,1,KRBKRNvK,DRAW,8/1K6/8/3r4/8/8/8/1nB1k1R1 b - - 0 1
0,1,0,0,0,0,0,1,-1,1,0,1,1,1,0,0,0,0,0,16,0,0,4,0,1,4,4,5,0,4,0,1,0,0,0,0,0,0,0,7,1,1,0,0,0,0,3,4,0,0,KRBKRNvK,DRAW,1B6/8/8/4k3/1R6/4rn2/K7/8 b - - 0 1
0,1,0,0,0,0,0,1,-1,1,0,1,1,1,0,0,0,0,0,16,0,0,3,5,4,2,7,1,4,6,0,1,0,0,0,0,0,0,0,7,1,1,0,0,0,0,2,0,1,0,KRBKRNvK,DRAW,2k5/r3B3/8/5K2/8/n7/8/2R5 b - - 0 1
0,1,0,0,0,0,0,1,-1,1,0,1,1,1,0,0,0,0,0,16,0,0,7,0,0,7,7,6,6,23,21,0,0,0,0,0,0,0,0,7,1,1,0,0,0,0,2,2,0,0,KRBKRNvK,DRAW,7k/3r4/8/8/1n3R2/8/8/K4B2 b - - 0 1
1,1,0,0,0,0,0,1,-1,1,0,1,1,1,0,0,0,0,0,16,0,0,7,7,5,0,0,4,6,25,22,0,0,0,0,0,0,0,0,7,1,1,0,0,0,0,0,2,0,0,KRBKRNvK,DRAW,8/8/7K/3n3B/8/8/5R2/k3r3 w - - 0 1
0,1,0,0,0,0,0,1,-1,1,0,1,1,1,0,0,0,0,0,16,0,0,3,5,5,2,7,2,4,3,0,1,0,0,0,0,0,0,0,7,1,1,0,0,0,0,1,0,1,2,KRBKRNvK,LOSS,2k5/6r1/B4K2/4n3/8/8/2R5/8 b - - 0 1
0,1,0,0,0,0,0,1,-1,1,0,1,1,1,0,0,0,0,0,16,0,0,4,6,2,2,6,3,3,24,20,0,0,0,0,0,0,0,0,7,1,1,0,0,0,0,1,0,0,1,KRBKRNvK,DRAW,8/2k5/1r6/8/8/6KR/2B4n/8 b - - 0 1
1,1,0,0,0,0,0,1,-1,1,0,1,1,1,0,0,0,0,0,16,0,0,7,0,7,7,4,6,3,27,22,0,0,0,0,0,0,0,0,7,1,1,0,1,0,0,1,1,1,0,KRBKRNvK,DRAW,K7/8/5R2/3B3k/8/6n1/1r6/8 w - - 0 1
1,1,0,0,0,0,0,1,-1,1,0,1,1,1,0,0,0,0,0,16,0,0,4,6,5,5,1,3,3,5,0,1,0,0,0,0,0,0,0,7,1,1,0,0,0,0,1,1,1,2,KRBKRNvK,DRAW,8/8/6K1/8/4n1r1/7R/2B2k2/8 w - - 0 1
1,1,0,0,0,0,0,1,-1,1,0,1,1,1,0,0,0,0,0,16,0,0,7,5,7,7,0,4,6,25,17,0,0,0,0,0,0,0,0,7,1,1,0,0,0,0,0,0,1,0,KRBKRNvK,DRAW,5K2/8/B7/8/7n/r7/5R2/7k w - - 0 1
0,1,0,0,0,0,0,1,-1,1,0,1,1,1,0,0,0,0,0,16,0,0,3,0,2,3,5,4,1,3,0,1,0,0,0,0,0,0,0,7,1,1,1,1,0,0,0,2,1,0,KRBKRNvK,DRAW,8/3R4/3k4/8/B2n4/K7/6r1/8 b - - 0 1
0,1,0,0,0,0,0,1,-1,1,0,1,1,1,0,0,0,0,0,16,0,0,6,0,2,6,4,4,2,26,26,0,0,0,0,0,0,0,0,7,1,1,0,0,0,0,1,2,0,0,KRBKRNvK,DRAW,8/1n6/8/3B2k1/8/KR6/8/4r3 b - - 0 1
1,1,0,0,0,0,0,1,-1,1,0,1,1,1,0,0,0,0,0,16,0,0,6,0,0,0,6,6,5,21,13,0,0,0,0,0,0,0,0,7,1,1,0,0,0,0,3,0,1,0,KRBKRNvK,DRAW,8/kB6/8/3R4/8/8/8/K5nr w - - 0 1
0,1,0,0,0,0,0,1,-1,1,0,1,1,1,0,0,0,0,0,16,0,0,2,7,2,5,3,4,1,5,0,1,0,0,0,0,0,0,0,7,1,1,0,1,0,0,2,2,1,1,KRBKRNvK,DRAW,8/8/8/8/2BR1k2/7K/r5n1/8 b - - 0 1
1,1,0,0,0,0,0,1,-1,1,0,1,1,1,0,0,0,0,0,16,0,0,4,4,4,4,0,0,3,23,22,0,0,0,0,0,0,0,0,7,1,1,1,1,0,0,4,0,0,0,KRBKRNvK,DRAW,5n2/1B2R3/8/4K3/8/8/1r6/4k3 w - - 0 1
0,1,0,0,0,0,0,1,-1,1,0,1,1,1,0,0,0,0,0,16,0,0,3,4,5,1,4,1,2,5,0,1,0,0,0,0,0,0,0,7,1,1,0,0,0,0,2,1,0,1,KRBKRNvK,DRAW,8/8/4K3/1k3R2/r1n5/8/7B/8 b - - 0 1
1,1,0,0,0,0,0,1,-1,1,0,1,1,1,0,0,0,0,0,16,0,0,6,3,0,5,6,3,3,29,17,0,0,0,0,0,0,0,0,7,1,1,0,0,0,0,1,0,2,0,KRBKRNvK,WIN,8/r4k2/7R/5B2/8/8/8/n2K4 w - - 0 1
1,1,0,0,0,0,0,1,-1,1,0,1,1,1,0,0,0,0,0,16,0,0,7,0,2,7,5,4,4,27,18,0,0,0,0,0,0,0,0,7,1,1,0,1,0,0,2,1,0,0,KRBKRNvK,DRAW,8/8/7k/5n2/1R6/K7/5B1r/8 w - - 0 1
0,1,0,0,0,0,0,1,-1,1,0,1,1,1,0,0,0,0,0,16,0,0,2,1,5,0,7,3,6,17,26,0,0,0,0,0,0,0,0,7,1,1,0,0,0,0,2,2,0,0,KRBKRNvK,LOSS,k7/8/1K6/2B5/8/4r3/3R4/7n b - - 0 1
0,1,0,0,0,0,0,1,-1,1,0,1,1,1,0,0,0,0,0,16,0,0,7,6,7,5,0,5,4,22,21,0,0,0,0,0,0,0,0,7,1,1,0,0,0,0,0,3,0,0,KRBKRNvK,DRAW,6K1/8/2n3R1/5r2/7B/8/8/5k2 b - - 0 1
1,1,0,0,0,0,0,1,-1,1,0,1,1,1,0,0,0,0,0,16,0,0,6,6,1,6,7,4,5,32,22,0,0,0,0,0,0,0,0,7,1,1,0,0,0,0,1,2,0,0,KRBKRNvK,DRAW,6k1/4r3/6n1/8/5B2/7R/6K1/8 w - - 0 1
0,1,0,0,0,0,0,1,-1,1,0,1,1,1,0,0,0,0,0,16,0,0,7,0,4,7,4,3,3,20,16,0,0,0,0,0,0,0,0,7,1,1,1,0,0,0,0,2,0,1,KRBKRNvK,DRAW,8/R2B4/8/K6k/2r5/8/8/n7 b - - 0 1
1,1,0,0,0,0,0,1,-1,1,0,1,1,1,0,0,0,0,0,16,0,0,7,7,0,0,0,6,6,22,19,0,0,0,0,0,0,0,0,7,1,1,0,0,0,0,2,0,0,0,KRBKRNvK,DRAW,3R2B1/6n1/r7/8/8/8/8/k6K w - - 0 1
1,1,0,0,0,0,0,1,-1,1,0,1,1,1,0,0,0,0,0,16,0,0,3,5,7,3,4,4,0,25,24,0,0,0,0,0,0,0,0,7,1,1,0,0,0,0,2,3,0,0,KRBKRNvK,DRAW,5K1B/8/1r6/3k4/8/8/7R/4n3 w - - 0 1
0,1,0,0,0,0,0,1,-1,1,0,1,1,1,0,0,0,0,0,16,0,0,4,7,2,5,6,4,3,22,19,0,0,0,0,0,0,0,0,7,1,1,0,1,0,0,1,0,0,0,KRBKRNvK,DRAW,2R5/2B2k2/8/8/8/7K/r7/2n5 b - - 0 1
1,1,0,0,0,0,0,1,-1,1,0,1,1,1,0,0,0,0,0,16,0,0,4,6,5,2,4,3,1,29,21,0,0,0,0,0,0,0,0,7,1,1,0,0,0,0,2,3,1,0,KRBKRNvK,DRAW,2B5/8/6K1/2k5/4R3/3n4/8/2r5 w - - 0 1
1,1,0,0,0,0,0,1,-1,1,0,1,1,1,0,0,0,0,0,16,0,0,6,7,1,1,7,5,5,21,22,0,0,0,0,0,0,0,0,7,1,1,0,0,0,0,2,0,0,0,KRBKRNvK,DRAW,1k3n2/8/8/8/B6R/8/7K/1r6 w - - 0 1
1,1,0,0,0,0,0,1,-1,1,0,1,1,1,0,0,0,0,0,16,0,0,6,0,6,6,0,5,5,19,14,0,0,0,0,0,0,0,0,7,1,1,1,0,0,0,0,0,0,0,KRBKRNvK,DRAW,3r4/KR1B4/8/8/8/8/8/6kn w - - 0 1
0,1,0,0,0,0,0,1,-1,1,0,1,1,1,0,0,0,0,0,16,0,0,5,1,6,2,1,4,3,27,29,0,0,0,0,0,0,0,0,7,1,1,0,1,0,0,0,3,0,0,KRBKRNvK,DRAW,7R/1K6/8/8/6B1/5n2/2k1r3/8 b - - 0 1
1,1,0,0,0,0,0,1,-1,1,0,1,1,1,0,0,0,0,0,16,0,0,5,5,6,5,1,3,3,26,25,0,0,0,0,0,0,0,0,7,1,1,1,0,0,0,2,2,0,0,KRBKRNvK,DRAW,8/3R1K2/n7/B7/7r/8/5k2/8 w - - 0 1
0,1,0,0,0,0,0,1,-1,1,0,1,1,1,0,0,0,0,0,16,0,0,3,7,7,4,6,6,2,20,23,0,0,0,0,0,0,0,0,7,1,1,0,0,0,0,2,2,0,0,KRBKRNvK,DRAW,7K/3rk3/8/8/8/1R6/8/B3n3 b - - 0 1
1,1,0,0,0,0,0,1,-1,1,0,1,1,1,0,0,0,0,0,16,0,0,6,6,4,0,2,2,4,28,21,0,0,0,0,0,0,0,0,7,1,1,0,0,0,0,0,2,2,1,KRBKRNvK,DRAW,6n1/8/4r3/1B4K1/8/k7/8/2R5 w - - 0 1
0,1,0,0,0,0,0,1,-1,1,0,1,1,1,0,0,0,0,0,16,0,0,4,6,2,3,6,3,2,23,27,0,0,0,0,0,0,0,0,7,1,1,0,0,0,0,1,1,1,0,KRBKRNvK,DRAW,8/3k1B2/8/2rn4/8/6K1/8/1R6 b - - 0 1
0,1,0,0,0,0,0,1,-1,1,0,1,1,1,0,0,0,0,0,16,0,0,2,4,2,2,4,1,1,3,0,1,0,0,0,0,0,0,0,7,1,1,0,0,0,0,4,3,2,1,KRBKRNvK,DRAW,8/8/3B1n2/2k5/3R2r1/4K3/8/8 b - - 0 1
0,1,0,0,0,0,0,1,-1,1,0,1,1,1,0,0,0,0,0,16,0,0,2,7,3,7,1,3,5,23,25,0,0,0,0,0,0,0,0,7,1,1,0,0,0,0,3,1,0,0,KRBKRNvK,DRAW,6r1/8/2Bn4/8/1R5K/8/7k/8 b - - 0 1
1,1,0,0,0,0,0,1,-1,1,0,1,1,1,0,0,0,0,0,16,0,0,3,4,4,7,4,0,3,24,23,0,0,0,0,0,0,0,0,7,1,1,0,1,0,0,4,0,0,0,KRBKRNvK,DRAW,7B/8/n7/4K2k/8/8/6r1/2R5 w - - 0 1
0,1,0,0,0,0,0,1,-1,1,0,1,1,1,0,0,0,0,0,16,0,0,2,0,1,2,0,5,4,1,0,1,0,0,0,0,0,0,0,7,1,1,0,0,0,0,3,1,0,0,KRBKRNvK,LOSS,8/8/1n6/8/2R2B2/8/K7/2k3r1 b - - 0 1
1,1,0,0,0,0,0,1,-1,1,0,1,1,1,0,0,0,0,0,16,0,0,5,5,5,3,0,2,3,18,26,0,0,0,0,0,0,0,0,7,1,1,0,0,0,0,2,1,1,1,KRBKRNvK,DRAW,8/2r5/3n1K1R/8/8/8/1B6/3k4 w - - 0 1
0,1,0,0,0,0,0,1,-1,1,0,1,1,1,0,0,0,0,0,16,0,0,4,4,6,0,6,2,5,17,31,0,0,0,0,0,0,0,0,7,1,1,0,0,0,0,2,2,0,0,KRBKRNvK,DRAW,8/k3K3/7R/1r6/8/8/6B1/7n b - - 0 1
1,1,0,0,0,0,0,1,-1,1,0,1,1,1,0,0,0,0,0,16,0,0,5,6,2,7,7,3,6,6,0,1,0,0,0,0,0,0,0,7,1,1,0,0,0,0,2,1,0,2,KRBKRNvK,DRAW,7k/8/8/5R2/4n1B1/6K1/8/4r3 w - - 0 1
0,1,0,0,0,0,0,1,-1,1,0,1,1,1,0,0,0,0,0,16,0,0,4,4,2,2,6,1,3,5,0,1,0,0,0,0,0,0,0,7,1,1,0,0,0,0,3,0,1,0,KRBKRNvK,DRAW,8/n1k5/1r2R3/8/5B2/4K3/8/8 b - - 0 1
0,1,0,0,0,0,0,1,-1,1,0,1,1,1,0,0,0,0,0,16,0,0,7,2,7,5,0,4,4,2,0,1,0,0,0,0,0,0,0,7,1,1,0,0,0,0,1,2,1,0,KRBKRNvK,DRAW,2K5/8/6R1/7n/8/3B4/8/4rk2 b - - 0 1
0,1,0,0,0,0,0,1,-1,1,0,1,1,1,0,0,0,0,0,16,0,0,3,1,0,4,0,5,3,25,20,0,0,0,0,0,0,0,0,7,1,1,1,1,0,0,0,1,0,0,KRBKRNvK,DRAW,8/R1nB4/8/8/8/8/6r1/1K2k3 b - - 0 1
0,1,0,0,0,0,0,1,-1,1,0,1,1,1,0,0,0,0,0,16,0,0,4,0,5,4,2,4,1,21,23,0,0,0,0,0,0,0,0,7,1,1,0,0,0,0,2,3,1,1,KRBKRNvK,DRAW,2n5/8/K7/8/3r4/4k3/8/5R1B b - - 0 1
0,1,0,0,0,0,0,1,-1,1,0,1,1,1,0,0,0,0,0,16,0,0,2,1,0,3,0,5,3,22,17,0,0,0,0,0,0,0,0,7,1,1,0,0,0,0,0,2,0,0,KRBKRNvK,DRAW,2B4R/3r4/8/1n6/8/8/8/1K1k4 b - - 0 1
1,1,0,0,0,0,0,1,-1,1,0,1,1,1,0,0,0,0,0,16,0,0,4,2,2,2,6,2,3,8,0,1,0,0,0,0,0,0,0,7,1,1,0,0,0,0,2,0,0,0,KRBKRNvK,DRAW,4n3/2k5/8/7B/5R2/2K4r/8/8 w - - 0 1
1,1,0,0,0,0,0,1,-1,1,0,1,1,1,0,0,0,0,0,16,0,0,5,5,0,0,4,4,3,3,0,1,0,0,0,0,0,0,0,7,1,1,0,0,0,0,1,1,0,0,KRBKRNvK,DRAW,1B6/8/1n3R2/k7/8/8/8/r4K2 w - - 0 1
0,1,0,0,0,0,0,1,-1,1,0,1,1,1,0,0,0,0,0,16,0,0,4,1,1,0,5,4,4,24,24,0,0,0,0,0,0,0,0,7,1,1,0,0,0,0,2,1,0,0,KRBKRNvK,DRAW,8/3B4/k5n1/8/8/5r2/1K1R4/8 b - - 0 1
0,1,0,0,0,0,0,1,-1,1,0,1,1,1,0,0,0,0,0,16,0,0,7,4,7,1,0,3,5,19,24,0,0,0,0,0,0,0,0,7,1,1,1,0,0,0,2,0,0,0,KRBKRNvK,DRAW,2B1K3/4R3/8/8/8/r7/8/nk6 b - - 0 1
0,1,0,0,0,0,0,1,-1,1,0,1,1,1,0,0,0,0,0,16,0,0,7,1,0,7,7,5,6,22,26,0,0,0,0,0,0,0,0,7,1,1,0,0,0,0,0,1,0,0,KRBKRNvK,DRAW,7k/8/8/6B1/6n1/7r/1R6/1K6 b - - 0 1
0,1,0,0,0,0,0,1,-1,1,0,1,1,1,0,0,0,0,0,16,0,0,4,1,3,2,7,2,4,3,0,1,0,0,0,0,0,0,0,7,1,1,0,0,0,0,2,2,1,0,KRBKRNvK,DRAW,R1k5/8/8/5r2/1K5n/8/1B6/8 b - - 0 1
0,1,0,0,0,0,0,1,-1,1,0,1,1,1,0,0,0,0,0,16,0,0,7,6,7,7,0,5,6,21,26,0,0,0,0,0,0,0,0,7,1,1,0,0,0,0,3,2,0,1,KRBKRNvK,DRAW,6K1/6n1/3r4/R7/8/8/8/1B5k b - - 0 1
1,1,0,0,0,0,0,1,-1,1,0,1,1,1,0,0,0,0,0,16,0,0,6,1,0,7,0,5,6,5,0,1,0,0,0,0,0,0,0,7,1,1,0,0,0,0,1,2,1,1,KRBKRNvK,DRAW,4r3/8/7R/8/8/8/3n3B/1K5k w - - 0 1
1,1,0,0,0,0,0,1,-1,1,0,1,1,1,0,0,0,0,0,16,0,0,6,6,2,0,2,3,4,4,0,1,0,0,0,0,0,0,0,7,1,1,0,0,0,0,0,1,0,2,KRBKRNvK,DRAW,8/8/8/5n2/7B/k5K1/5R2/6r1 w - - 0 1
0,1,0,0,0,0,0,1,-1,1,0,1,1,1,0,0,0,0,0,16,0,0,2,5,1,3,3,3,0,20,20,0,0,0,0,0,0,0,0,7,1,1,0,0,0,0,1,4,0,1,KRBKRNvK,DRAW,8/2B5/8/8/1r1k4/8/4nK2/5R2 b - - 0 1
0,1,0,0,0,0,0,1,-1,1,0,1,1,1,0,0,0,0,0,16,0,0,5,5,4,0,6,1,5,24,29,0,0,0,0,0,0,0,0,7,1,1,0,0,0,0,2,3,1,0,KRBKRNvK,DRAW,3r4/k7/8/1B3K2/8/4R3/5n2/8 b - - 0 1
1,1,0,0,0,0,0,1,-1,1,0,1,1,1,0,0,0,0,0,16,0,0,2,6,1,4,0,4,3,27,14,0,0,0,0,0,0,0,0,7,1,1,1,0,0,0,0,0,0,0,KRBKRNvK,DRAW,1rB5/5R2/8/8/8/8/6K1/1n2k3 w - - 0 1
0,1,0,0,0,0,0,1,-1,1,0,1,1,1,0,0,0,0,0,16,0,0,3,7,4,4,5,3,1,25,22,0,0,0,0,0,0,0,0,7,1,1,0,0,0,0,2,4,1,0,KRBKRNvK,DRAW,3B4/8/4k3/R6K/1r6/2n5/8/8 b - - 0 1
0,1,0,0,0,0,0,1,-1,1,0,1,1,1,0,0,0,0,0,16,0,0,5,1,6,6,6,4,4,6,0,1,0,0,0,0,0,0,0,7,1,1,1,0,0,0,3,0,0,0,KRBKRNvK,DRAW,8/1K1R2kr/8/8/8/8/7B/5n2 b - - 0 1
0,1,0,0,0,0,0,1,-1,1,0,1,1,1,0,0,0,0,0,16,0,0,6,6,5,0,1,3,5,27,8,0,0,0,0,0,0,0,0,7,1,1,0,0,0,0,0,0,0,0,KRBKRNvK,DRAW,8/2r5/6KR/7B/3n4/8/k7/8 b - - 0 1
0,1,0,0,0,0,0,1,-1,1,0,1,1,1,0,0,0,0,0,16,0,0,7,4,7,0,0,3,6,18,24,0,0,0,0,0,0,0,0,7,1,1,0,1,0,0,2,0,0,0,KRBKRNvK,DRAW,4K3/7n/8/8/8/3R3B/r7/k7 b - - 0 1
1,1,0,0,0,0,0,1,-1,1,0,1,1,1,0,0,0,0,0,16,0,0,5,4,6,7,1,2,5,31,17,0,0,0,0,0,0,0,0,7,1,1,0,0,0,0,3,0,0,0,KRBKRNvK,DRAW,8/4K3/8/n2B1R2/8/8/7k/r7 w - - 0 1
0,1,0,0,0,0,0,1,-1,1,0,1,1,1,0,0,0,0,0,16,0,0,3,3,7,0,7,3,6,2,0,1,0,0,0,0,0,0,0,7,1,1,0,1,0,0,0,2,1,0,KRBKRNvK,DRAW,k2K4/8/R5n1/8/8/7B/4r3/8 b - - 0 1
1,1,0,0,0,0,0,1,-1,1,0,1,1,1,0,0,0,0,0,16,0,0,6,6,1,0,5,4,4,7,0,1,0,0,0,0,0,0,0,7,1,1,0,0,0,0,2,1,0,1,KRBKRNvK,DRAW,8/8/k7/2rB4/7n/4R3/6K1/8 w - - 0 1
1,1,0,0,0,0,0,1,-1,1,0,1,1,1,0,0,0,0,0,16,0,0,4,1,3,5,5,2,2,22,20,0,0,0,0,0,0,0,0,7,1,1,0,0,0,0,3,2,0,0,KRBKRNvK,DRAW,8/r3n3/5k2/2R5/1K6/8/8/6B1 w - - 0 1
1,1,0,0,0,0,0,1,-1,1,0,1,1,1,0,0,0,0,0,16,0,0,4,5,0,3,4,4,0,24,17,0,0,0,0,0,0,0,0,7,1,1,1,0,0,0,3,4,1,0,KRBKRNvK,DRAW,8/4R1B1/8/n2k2r1/8/8/8/5K2 w - - 0 1
0,1,0,0,0,0,0,1,-1,1,0,1,1,1,0,0,0,0,0,16,0,0,3,4,2,1,1,1,4,17,27,0,0,0,0,0,0,0,0,7,1,1,1,0,0,0,2,2,0,1,KRBKRNvK,DRAW,5B2/R7/8/8/8/2n1K3/1k6/1r6 b - - 0 1
1,1,0,0,0,0,0,1,-1,1,0,1,1,1,0,0,0,0,0,16,0,0,4,3,6,3,2,2,1,5,0,1,0,0,0,0,0,0,0,7,1,1,0,0,0,0,2,3,1,2,KRBKRNvK,DRAW,8/1r1Kn3/8/8/2R4B/3k4/8/8 w - - 0 1
1,1,0,0,0,0,0,1,-1,1,0,1,1,1,0,0,0,0,0,16,0,0,3,3,3,4,0,0,3,33,14,0,0,0,0,0,0,0,0,7,1,1,0,0,0,0,3,0,0,0,KRBKRNvK,WIN,4nr2/8/6R1/8/3K1B2/8/8/4k3 w - - 0 1
0,1,0,0,0,0,0,1,-1,1,0,1,1,1,0,0,0,0,0,16,0,0,2,4,4,2,4,0,1,21,22,0,0,0,0,0,0,0,0,7,1,1,1,0,0,0,3,2,0,1,KRBKRNvK,DRAW,8/1n4R1/5r2/2k1K3/8/8/B7/8 b - - 0 1
0,1,0,0,0,0,0,1,-1,1,0,1,1,1,0,0,0,0,0,16,0,0,4,7,3,5,7,3,4,18,20,0,0,0,0,0,0,0,0,7,1,1,0,0,0,0,0,2,0,0,KRBKRNvK,DRAW,2Rn1k2/8/8/8/7K/7B/8/3r4 b - - 0 1
0,1,0,0,0,0,0,1,-1,1,0,1,1,1,0,0,0,0,0,16,0,0,5,0,5,5,5,4,2,20,25,0,0,0,0,0,0,0,0,7,1,1,0,0,0,0,1,1,0,1,KRBKRNvK,DRAW,nB6/8/K4k2/8/8/8/2R5/5r2 b - - 0 1
1,1,0,0,0,0,0,1,-1,1,0,1,1,1,0,0,0,0,0,16,0,0,2,5,3,3,3,1,0,26,17,0,0,0,0,0,0,0,0,7,1,1,1,0,0,0,2,4,0,1,KRBKRNvK,DRAW,8/4R3/3r4/8/3k1K2/7B/8/n7 w - - 0 1
0,1,0,0,0,0,0,1,-1,1,0,1,1,1,0,0,0,0,0,16,0,0,3,3,3,0,3,0,3,24,21,0,0,0,0,0,0,0,0,7,1,1,0,0,0,0,4,3,0,1,KRBKRNvK,DRAW,8/8/8/5r2/k2K2R1/6n1/6B1/8 b - - 0 1
0,1,0,0,0,0,0,1,-1,1,0,1,1,1,0,0,0,0,0,16,0,0,4,3,2,7,4,1,3,16,23,0,0,0,0,0,0,0,0,7,1,1,1,0,0,0,3,0,0,1,KRBKRNvK,DRAW,8/1RB5/8/7k/8/3K4/8/1n5r b - - 0 1
0,1,0,0,0,0,0,1,-1,1,0,1,1,1,0,0,0,0,0,16,0,0,5,0,2,5,5,4,2,20,21,0,0,0,0,0,0,0,0,7,1,1,0,0,0,0,3,1,0,0,KRBKRNvK,DRAW,5r2/1B6/n4k2/8/R7/K7/8/8 b - - 0 1
0,1,0,0,0,0,0,1,-1,1,0,1,1,1,0,0,0,0,0,16,0,0,2,3,0,1,1,3,4,3,0,1,0,0,0,0,0,0,0,7,1,1,0,0,0,0,3,2,0,0,KRBKRNvK,DRAW,7B/3n4/8/7r/8/8/1k2R3/3K4 b - - 0 1
0,1,0,0,0,0,0,1,-1,1,0,1,1,1,0,0,0,0,0,16,0,0,4,2,0,1,4,4,2,20,20,0,0,0,0,0,0,0,0,7,1,1,0,0,0,0,2,2,0,0,KRBKRNvK,DRAW,8/6n1/8/1k3r2/7R/7B/8/2K5 b - - 0 1
1,1,0,0,0,0,0,1,-1,1,0,1,1,1,0,0,0,0,0,16,0,0,5,2,0,0,5,4,4,22,19,0,0,0,0,0,0,0,0,7,1,1,0,0,0,0,3,0,0,0,KRBKRNvK,DRAW,1n6/8/k7/4R3/8/5r2/7B/2K5 w - - 0 1
0,1,0,0,0,0,0,1,-1,1,0,1,1,1,0,0,0,0,0,16,0,0,3,2,3,5,4,1,1,5,0,1,0,0,0,0,0,0,0,7,1,1,0,1,0,0,3,2,0,0,KRBKRNvK,DRAW,B4R2/8/8/5k2/2K5/6n1/7r/8 b - - 0 1
1,1,0,0,0,0,0,1,-1,1,0,1,1,1,0,0,0,0,0,16,0,0,2,3,5,1,6,1,4,5,0,1,0,0,0,0,0,0,0,7,1,1,0,0,0,0,3,1,0,1,KRBKRNvK,LOSS,8/1k6/3K2B1/8/2n5/4R2r/8/8 w - - 0 1
1,1,0,0,0,0,0,1,-1,1,0,1,1,1,0,0,0,0,0,16,0,0,4,4,5,5,1,1,3,26,15,0,0,0,0,0,0,0,0,7,1,1,0,1,0,0,2,0,2,0,KRBKRNvK,WIN,8/n7/4K3/8/7B/6R1/r4k2/8 w - - 0 1
1,1,0,0,0,0,0,1,-1,1,0,1,1,1,0,0,0,0,0,16,0,0,4,3,1,7,0,2,6,28,15,0,0,0,0,0,0,0,0,7,1,1,0,0,0,0,3,1,1,1,KRBKRNvK,DRAW,8/5n2/8/1R6/8/8/3K1B2/5r1k w - - 0 1
0,1,0,0,0,0,0,1,-1,1,0,1,1,1,0,0,0,0,0,16,0,0,5,1,4,6,4,2,2,29,27,0,0,0,0,0,0,0,0,7,1,1,1,0,0,0,3,3,1,1,KRBKRNvK,DRAW,8/4R3/8/1K4k1/r7/2B1n3/8/8 b - - 0 1
0,1,0,0,0,0,0,1,-1,1,0,1,1,1,0,0,0,0,0,16,0,0,4,5,0,4,4,4,0,22,24,0,0,0,0,0,0,0,0,7,1,1,1,0,0,0,2,4,2,0,KRBKRNvK,DRAW,8/6R1/2B5/1n2k3/4r3/8/8/5K2 b - - 0 1
1,1,0,0,0,0,0,1,-1,1,0,1,1,1,0,0,0,0,0,16,0,0,5,4,1,5,6,2,3,31,22,0,0,0,0,0,0,0,0,7,1,1,0,0,0,0,3,2,1,1,KRBKRNvK,DRAW,8/5k2/n7/6R1/2r5/8/2B1K3/8 w - - 0 1
0,1,0,0,0,0,0,1,-1,1,0,1,1,1,0,0,0,0,0,16,0,0,2,3,5,1,4,1,2,20,25,0,0,0,0,0,0,0,0,7,1,1,0,1,0,0,4,0,0,0,KRBKRNvK,DRAW,8/6n1/3K2B1/1k6/8/8/1r6/3R4 b - - 0 1
0,1,0,0,0,0,0,1,-1,1,0,1,1,1,0,0,0,0,0,16,0,0,3,3,1,6,2,2,3,21,26,0,0,0,0,0,0,0,0,7,1,1,0,0,0,0,2,2,0,1,KRBKRNvK,DRAW,8/5B2/8/8/3R4/r1n3k1/3K4/8 b - - 0 1
0,1,0,0,0,0,0,1,-1,1,0,1,1,1,0,0,0,0,0,16,0,0,3,7,3,4,2,3,1,4,0,1,0,0,0,0,0,0,0,7,1,1,1,1,0,0,3,3,0,0,KRBKRNvK,DRAW,7n/4R3/8/8/7K/4k3/3r4/7B b - - 0 1
1,1,0,0,0,0,0,1,-1,1,0,1,1,1,0,0,0,0,0,16,0,0,2,1,4,0,6,2,5,27,18,0,0,0,0,0,0,0,0,7,1,1,0,1,0,0,3,0,0,0,KRBKRNvK,DRAW,n7/k7/8/1K6/8/4R3/7r/B7 w - - 0 1
1,1,0,0,0,0,0,1,-1,1,0,1,1,1,0,0,0,0,0,16,0,0,5,2,1,3,6,3,2,31,23,0,0,0,0,0,0,0,0,7,1,1,0,0,0,0,3,0,0,0,KRBKRNvK,DRAW,7r/3k4/8/6R1/8/4B3/2K4n/8 w - - 0 1
0,1,0,0,0,0,0,1,-1,1,0,1,1,1,0,0,0,0,0,16,0,0,2,2,1,3,3,3,0,4,0,1,0,0,0,0,0,0,0,7,1,1,0,0,0,0,2,4,2,0,KRBKRNvK,DRAW,8/8/3R4/8/3k3r/8/2KB3n/8 b - - 0 1
0,1,0,0,0,0,0,1,-1,1,0,1,1,1,0,0,0,0,0,16,0,0,2,4,0,3,2,3,1,24,18,0,0,0,0,0,0,0,0,7,1,1,0,0,0,0,1,2,0,0,KRBKRNvK,DRAW,8/8/1R1n2r1/8/8/3k4/7B/4K3 b - - 0 1
0,1,0,0,0,0,0,1,-1,1,0,1,1,1,0,0,0,0,0,16,0,0,3,7,4,7,1,3,5,23,21,0,0,0,0,0,0,0,0,7,1,1,1,0,0,0,0,2,0,0,KRBKRNvK,DRAW,8/1nR5/8/7K/8/3r4/7k/1B6 b - - 0 1
1,1,0,0,0,0,0,1,-1,1,0,1,1,1,0,0,0,0,0,16,0,0,6,3,1,4,7,2,3,6,0,1,0,0,0,0,0,0,0,7,1,1,0,0,0,0,0,2,0,0,KRBKRNvK,DRAW,4k2n/8/8/3r2BR/8/8/3K4/8 w - - 0 1
1,1,0,0,0,0,0,1,-1,1,0,1,1,1,0,0,0,0,0,16,0,0,4,3,5,7,2,1,4,26,18,0,0,0,0,0,0,0,0,7,1,1,0,0,0,0,4,0,1,1,KRBKRNvK,DRAW,2r5/7B/3K4/8/6R1/7k/8/7n w - - 0 1
1,1,0,0,0,0,0,1,-1,1,0,1,1,1,0,0,0,0,0,16,0,0,3,7,1,4,1,5,2,28,23,0,0,0,0,0,0,0,0,7,1,1,0,0,0,0,1,0,0,0,KRBKRNvK,DRAW,r7/5B2/2R5/8/8/8/4k2K/n7 w - - 0 1
1,1,0,0,0,0,0,1,-1,1,0,1,1,1,0,0,0,0,0,16,0,0,4,1,4,5,3,2,1,29,28,0,0,0,0,0,0,0,0,7,1,1,0,0,0,0,2,2,0,0,KRBKRNvK,DRAW,3R4/6r1/8/1K6/5k2/8/B4n2/8 w - - 0 1
1,1,0,0,0,0,0,1,-1,1,0,1,1,1,0,0,0,0,0,16,0,0,5,2,2,4,7,2,3,26,17,0,0,0,0,0,0,0,0,7,1,1,0,0,0,0,3,3,1,1,KRBKRNvK,DRAW,4k3/2B1r3/8/8/5R2/2K1n3/8/8 w - - 0 1
0,1,0,0,0,0,0,1,-1,1,0,1,1,1,0,0,0,0,0,16,0,0,3,1,2,4,0,3,3,27,26,0,0,0,0,0,0,0,0,7,1,1,1,1,0,0,1,1,0,1,KRBKRNvK,DRAW,8/7R/8/8/5B2/1K2n3/r7/4k3 b - - 0 1
1,1,0,0,0,0,0,1,-1,1,0,1,1,1,0,0,0,0,0,16,0,0,6,2,0,2,6,4,3,3,0,1,0,0,0,0,0,0,0,7,1,1,0,0,0,0,2,3,0,1,KRBKRNvK,DRAW,7B/2k5/8/2r5/8/1n6/6R1/2K5 w - - 0 1
0,1,0,0,0,0,0,1,-1,1,0,1,1,1,0,0,0,0,0,16,0,0,2,5,3,3,3,1,0,24,19,0,0,0,0,0,0,0,0,7,1,1,1,0,0,0,2,3,0,1,KRBKRNvK,WIN,8/2R1B3/5n2/1r6/3k1K2/8/8/8 b - - 0 1
0,1,0,0,0,0,0,1,-1,1,0,1,1,1,0,0,0,0,0,16,0,0,2,2,7,4,7,4,3,3,0,1,0,0,0,0,0,0,0,7,1,1,0,1,0,0,1,1,1,0,KRBKRNvK,DRAW,2K1k1R1/8/8/1n6/8/8/5r1B/8 b - - 0 1
1,1,0,0,0,0,0,1,-1,1,0,1,1,1,0,0,0,0,0,16,0,0,2,3,3,5,5,0,2,26,19,0,0,0,0,0,0,0,0,7,1,1,0,0,0,0,3,2,1,1,KRBKRNvK,DRAW,8/8/5k1B/1r5n/3K4/8/4R3/8 w - - 0 1
1,1,0,0,0,0,0,1,-1,1,0,1,1,1,0,0,0,0,0,16,0,0,3,3,5,5,2,1,2,28,22,0,0,0,0,0,0,0,0,7,1,1,0,0,0,0,3,2,0,1,KRBKRNvK,DRAW,4r3/6B1/3K4/8/8/5k2/2R5/1n6 w - - 0 1
1,1,0,0,0,0,0,1,-1,1,0,1,1,1,0,0,0,0,0,16,0,0,3,3,1,1,4,2,2,29,24,0,0,0,0,0,0,0,0,7,1,1,0,0,0,0,3,1,0,0,KRBKRNvK,DRAW,3R4/4r3/4n3/1k6/8/8/1B1K4/8 w - - 0 1
0,1,0,0,0,0,0,1,-1,1,0,1,1,1,0,0,0,0,0,16,0,0,3,3,4,6,1,0,4,23,31,0,0,0,0,0,0,0,0,7,1,1,1,0,0,0,3,0,0,0,KRBKRNvK,DRAW,7n/2R5/8/1B1K4/8/r7/6k1/8 b - - 0 1
0,1,0,0,0,0,0,1,-1,1,0,1,1,1,0,0,0,0,0,16,0,0,2,6,7,5,5,5,2,21,27,0,0,0,0,0,0,0,0,7,1,1,1,1,0,0,1,1,1,0,KRBKRNvK,DRAW,2n3K1/6R1/5k2/2B5/8/8/1r6/8 b - - 0 1
1,1,0,0,0,0,0,1,-1,1,0,1,1,1,0,0,0,0,0,16,0,0,4,5,3,5,7,1,4,22,20,0,0,0,0,0,0,0,0,7,1,1,0,0,0,0,2,0,0,0,KRBKRNvK,DRAW,5k2/7n/8/8/B4K2/5R2/8/2r5 w - - 0 1
0,1,0,0,0,0,0,1,-1,1,0,1,1,1,0,0,0,0,0,16,0,0,3,5,4,2,7,1,4,18,31,0,0,0,0,0,0,0,0,7,1,1,1,1,0,0,3,0,0,0,KRBKRNvK,DRAW,2k5/6R1/8/5K2/4B3/8/1r6/n7 b - - 0 1
1,1,0,0,0,0,0,1,-1,1,0,1,1,1,0,0,0,0,0,16,0,0,3,5,0,2,2,4,2,27,20,0,0,0,0,0,0,0,0,7,1,1,0,0,0,0,1,2,1,1,KRBKRNvK,DRAW,6R1/8/n7/8/8/1Bkr4/8/5K2 w - - 0 1
1,1,0,0,0,0,0,1,-1,1,0,1,1,1,0,0,0,0,0,16,0,0,7,7,0,0,4,6,3,1,0,1,0,0,0,0,0,0,0,7,1,1,0,0,0,0,0,1,2,1,KRBKRNvK,DRAW,8/8/2R5/k7/B5n1/8/8/5r1K w - - 0 1
0,1,0,0,0,0,0,1,-1,1,0,1,1,1,0,0,0,0,0,16,0,0,3,6,2,3,0,3,3,4,0,1,0,0,0,0,0,0,0,7,1,1,0,0,0,0,2,2,0,0,KRBKRNvK,DRAW,4R2n/8/8/7B/2r5/6K1/8/3k4 b - - 0 1
0,1,0,0,0,0,0,1,-1,1,0,1,1,1,0,0,0,0,0,16,0,0,2,4,5,3,3,1,0,4,0,1,0,0,0,0,0,0,0,7,1,1,0,0,0,0,3,3,0,0,KRBKRNvK,DRAW,7B/8/rn2K3/8/3k4/8/8/3R4 b - - 0 1
0,1,0,0,0,0,0,1,-1,1,0,1,1,1,0,0,0,0,0,16,0,0,2,4,5,3,7,1,3,2,0,1,0,0,0,0,0,0,0,7,1,1,1,0,0,0,3,2,2,1,KRBKRNvK,DRAW,3k4/3R4/1B2Kn2/8/8/8/8/7r b - - 0 1
1,1,0,0,0,0,0,1,-1,1,0,1,1,1,0,0,0,0,0,16,0,0,4,7,1,4,5,5,1,19,19,0,0,0,0,0,0,0,0,7,1,1,0,0,0,0,2,2,1,0,KRBKRNvK,DRAW,8/n7/4k3/8/2R5/8/B6K/r7 w - - 0 1
0,1,0,0,0,0,0,1,-1,1,0,1,1,1,0,0,0,0,0,16,0,0,2,2,5,4,7,2,3,21,18,0,0,0,0,0,0,0,0,7,1,1,0,0,0,0,2,1,0,1,KRBKRNvK,DRAW,1r2k3/8/B1K5/8/8/3Rn3/8/8 b - - 0 1
1,1,0,0,0,0,0,1,-1,1,0,1,1,1,0,0,0,0,0,16,0,0,6,5,6,6,0,3,5,22,21,0,0,0,0,0,0,0,0,7,1,1,0,0,0,0,2,3,0,2,KRBKRNvK,DRAW,4B3/5K2/4n3/4r3/8/8/3R4/6k1 w - - 0 1
1,1,0,0,0,0,0,1,-1,1,0,1,1,1,0,0,0,0,0,16,0,0,6,7,6,1,3,5,2,28,19,0,0,0,0,0,0,0,0,7,1,1,0,1,0,0,1,2,1,0,KRBKRNvK,DRAW,3n4/7K/R7/8/1k6/8/3r1B2/8 w - - 0 1
0,1,0,0,0,0,0,1,-1,1,0,1,1,1,0,0,0,0,0,16,0,0,3,0,0,3,1,6,2,28,16,0,0,0,0,0,0,0,0,7,1,1,0,0,0,0,2,3,0,0,KRBKRNvK,DRAW,8/8/8/4r3/2n3R1/8/B2k4/K7 b - - 0 1
0,1,0,0,0,0,0,1,-1,1,0,1,1,1,0,0,0,0,0,16,0,0,5,1,5,6,0,3,5,4,0,1,0,0,0,0,0,0,0,7,1,1,0,0,0,0,1,0,0,1,KRBKRNvK,DRAW,r7/8/1KR5/2B5/8/8/1n6/6k1 b - - 0 1
0,1,0,0,0,0,0,1,-1,1,0,1,1,1,0,0,0,0,0,16,0,0,2,2,2,0,2,2,4,19,20,0,0,0,0,0,0,0,0,7,1,1,0,0,0,0,2,2,0,0,KRBKRNvK,DRAW,8/8/3rn3/8/4R2B/k1K5/8/8 b - - 0 1
1,1,0,0,0,0,0,1,-1,1,0,1,1,1,0,0,0,0,0,16,0,0,3,2,3,1,6,1,4,27,22,0,0,0,0,0,0,0,0,7,1,1,1,1,0,0,2,2,1,1,KRBKRNvK,WIN,8/1k1B1R2/8/8/2K5/8/4r3/6n1 w - - 0 1
0,1,0,0,0,0,0,1,-1,1,0,1,1,1,0,0,0,0,0,16,0,0,5,5,5,5,0,2,4,1,0,1,0,0,0,0,0,0,0,7,1,1,0,0,0,0,3,0,1,1,KRBKRNvK,DRAW,7r/8/5K2/8/8/5B2/8/2R2k1n b - - 0 1
0,1,0,0,0,0,0,1,-1,1,0,1,1,1,0,0,0,0,0,16,0,0,2,4,7,2,7,3,4,20,19,0,0,0,0,0,0,0,0,7,1,1,0,1,0,0,2,1,0,0,KRBKRNvK,DRAW,2k1K3/8/8/8/5R2/8/2n4r/1B6 b - - 0 1
1,1,0,0,0,0,0,1,-1,1,0,1,1,1,0,0,0,0,0,16,0,0,4,2,4,5,0,1,4,29,6,0,0,0,0,0,0,0,0,7,1,1,0,0,0,0,4,0,0,0,KRBKRNvK,DRAW,4R3/8/8/B1K5/8/8/6n1/5kr1 w - - 0 1
1,1,0,0,0,0,0,1,-1,1,0,1,1,1,0,0,0,0,0,16,0,0,6,7,1,1,6,5,4,21,17,0,0,0,0,0,0,0,0,7,1,1,0,0,0,0,1,1,0,1,KRBKRNvK,DRAW,1r6/1k6/8/8/5n2/8/2R4K/6B1 w - - 0 1
1,1,0,0,0,0,0,1,-1,1,0,1,1,1,0,0,0,0,0,16,0,0,6,3,0,4,6,3,2,24,23,0,0,0,0,0,0,0,0,7,1,1,0,0,0,0,2,1,0,0,KRBKRNvK,DRAW,8/4k3/5r2/8/6n1/8/3R4/3K1B2 w - - 0 1
0,1,0,0,0,0,0,1,-1,1,0,1,1,1,0,0,0,0,0,16,0,0,3,0,1,3,1,5,2,25,31,0,0,0,0,0,0,0,0,7,1,1,0,0,0,0,1,2,0,0,KRBKRNvK,DRAW,2n5/4r3/5R2/3B4/8/8/K2k4/8 b - - 0 1
0,1,0,0,0,0,0,1,-1,1,0,1,1,1,0,0,0,0,0,16,0,0,3,0,6,2,3,5,1,5,0,1,0,0,0,0,0,0,0,7,1,1,0,0,0,0,2,4,1,0,KRBKRNvK,DRAW,4r3/K7/8/8/R1k5/8/6n1/B7 b - - 0 1
0,1,0,0,0,0,0,1,-1,1,0,1,1,1,0,0,0,0,0,16,0,0,4,5,5,1,4,2,2,6,0,1,0,0,0,0,0,0,0,7,1,1,0,0,0,0,2,2,0,1,KRBKRNvK,LOSS,8/4r3/5K2/1k5R/4B3/8/8/2n5 b - - 0 1
0,1,0,0,0,0,0,1,-1,1,0,1,1,1,0,0,0,0,0,16,0,0,5,4,5,7,0,1,6,3,0,1,0,0,0,0,0,0,0,7,1,1,0,0,0,0,2,2,0,2,KRBKRNvK,LOSS,2n5/5B2/4K3/3r4/8/8/8/2R4k b - - 0 1
1,1,0,0,0,0,0,1,-1,1,0,1,1,1,0,0,0,0,0,16,0,0,5,2,5,1,0,2,5,21,8,0,0,0,0,0,0,0,0,7,1,1,1,0,0,0,1,0,0,0,KRBKRNvK,DRAW,8/1B5R/2K5/8/8/n7/8/rk6 w - - 0 1
0,1,0,0,0,0,0,1,-1,1,0,1,1,1,0,0,0,0,0,16,0,0,2,7,2,5,1,4,3,20,26,0,0,0,0,0,0,0,0,7,1,1,0,0,0,0,1,0,0,0,KRBKRNvK,DRAW,1r6/5B2/n7/8/8/7K/5k2/2R5 b - - 0 1
0,1,0,0,0,0,0,1,-1,1,0,1,1,1,0,0,0,0,0,16,0,0,6,1,7,0,1,5,5,2,0,1,0,0,0,0,0,0,0,7,1,1,0,1,0,0,1,0,2,1,KRBKRNvK,DRAW,1K6/n7/8/8/R1B5/8/k5r1/8 b - - 0 1
1,1,0,0,0,0,0,1,-1,1,0,1,1,1,0,0,0,0,0,16,0,0,5,5,1,2,6,3,3,6,0,1,0,0,0,0,0,0,0,7,1,1,0,0,0,0,1,2,1,1,KRBKRNvK,DRAW,R7/2k5/8/7r/8/4B2n/5K2/8 w - - 0 1
1,1,0,0,0,0,0,1,-1,1,0,1,1,1,0,0,0,0,0,16,0,0,5,2,5,7,0,2,6,24,20,0,0,0,0,0,0,0,0,7,1,1,1,0,0,0,1,0,0,1,KRBKRNvK,DRAW,r7/2R5/2K5/8/8/1B6/8/1n5k w - - 0 1
0,1,0,0,0,0,0,1,-1,1,0,1,1,1,0,0,0,0,0,16,0,0,3,7,5,4,2,4,1,23,23,0,0,0,0,0,0,0,0,7,1,1,0,0,0,0,2,2,0,1,KRBKRNvK,DRAW,8/6B1/7K/8/5r2/4k3/R3n3/8 b - - 0 1
0,1,0,0,0,0,0,1,-1,1,0,1,1,1,0,0,0,0,0,16,0,0,2,4,2,6,1,1,4,5,0,1,0,0,0,0,0,0,0,7,1,1,0,0,0,0,3,1,1,0,KRBKRNvK,LOSS,7R/7r/6n1/8/4B3/4K3/6k1/8 b - - 0 1
0,1,0,0,0,0,0,1,-1,1,0,1,1,1,0,0,0,0,0,16,0,0,3,4,3,2,0,0,4,7,0,1,0,0,0,0,0,0,0,7,1,1,1,1,0,0,3,1,0,2,KRBKRNvK,DRAW,8/3R4/4n2B/8/4K3/8/5r2/2k5 b - - 0 1
0,1,0,0,0,0,0,1,-1,1,0,1,1,1,0,0,0,0,0,16,0,0,5,3,1,1,6,2,4,4,0,1,0,0,0,0,0,0,0,7,1,1,0,0,0,0,0,2,1,0,KRBKRNvK,DRAW,B4R2/1k5r/5n2/8/8/8/3K4/8 b - - 0 1
1,1,0,0,0,0,0,1,-1,1,0,1,1,1,0,0,0,0,0,16,0,0,6,7,7,7,1,6,5,21,22,0,0,0,0,0,0,0,0,7,1,1,0,0,0,0,3,0,0,0,KRBKRNvK,DRAW,4R2K/8/8/8/8/8/Bn5k/6r1 w - - 0 1
1,1,0,0,0,0,0,1,-1,1,0,1,1,1,0,0,0,0,0,16,0,0,2,5,3,4,1,1,2,17,24,0,0,0,0,0,0,0,0,7,1,1,0,0,0,0,3,0,1,1,KRBKRNvK,DRAW,8/1r6/7n/8/2R2K2/8/B3k3/8 w - - 0 1
1,1,0,0,0,0,0,1,-1,1,0,1,1,1,0,0,0,0,0,16,0,0,2,3,2,5,2,1,2,26,22,0,0,0,0,0,0,0,0,7,1,1,0,0,0,0,2,2,1,1,KRBKRNvK,DRAW,8/4B3/4r3/8/4n3/3K1k2/8/7R w - - 0 1
1,1,0,0,0,0,0,1,-1,1,0,1,1,1,0,0,0,0,0,16,0,0,2,1,3,0,1,2,5,18,18,0,0,0,0,0,0,0,0,7,1,1,0,0,0,0,3,2,0,1,KRBKRNvK,DRAW,8/8/8/3R4/1K2Br2/1n6/k7/8 w - - 0 1
1,1,0,0,0,0,0,1,-1,1,0,1,1,1,0,0,0,0,0,16,0,0,6,2,0,3,6,4,2,3,0,1,0,0,0,0,0,0,0,7,1,1,0,0,0,0,2,2,1,1,KRBKRNvK,DRAW,BR6/3k4/8/8/7n/8/8/2K1r3 w - - 0 1
0,1,0,0,0,0,0,1,-1,1,0,1,1,1,0,0,0,0,0,16,0,0,7,4,7,0,0,3,6,18,24,0,0,0,0,0,0,0,0,7,1,1,0,1,0,0,2,0,1,0,KRBKRNvK,DRAW,n3K3/8/8/7R/8/8/5r2/k1B5 b - - 0 1
1,1,0,0,0,0,0,1,-1,1,0,1,1,1,0,0,0,0,0,16,0,0,2,0,5,2,4,4,1,3,0,1,0,0,0,0,0,0,0,7,1,1,0,0,0,0,2,2,2,0,KRBKRNvK,DRAW,8/8/K2r4/2k5/8/R1B5/8/6n1 w - - 0 1
1,1,0,0,0,0,0,1,-1,1,0,1,1,1,0,0,0,0,0,16,0,0,6,1,1,5,7,4,4,26,19,0,0,0,0,0,0,0,0,7,1,1,0,0,0,0,3,1,1,1,KRBKRNvK,DRAW,r4k2/5B2/8/8/6R1/8/1K1n4/8 w - - 0 1
1,1,0,0,0,0,0,1,-1,1,0,1,1,1,0,0,0,0,0,16,0,0,5,0,5,2,0,4,4,24,25,0,0,0,0,0,0,0,0,7,1,1,0,0,0,0,2,2,2,0,KRBKRNvK,DRAW,8/8/K3n3/3r4/8/1R6/8/B1k5 w - - 0 1
0,1,0,0,0,0,0,1,-1,1,0,1,1,1,0,0,0,0,0,16,0,0,4,3,2,2,6,1,3,7,0,1,0,0,0,0,0,0,0,7,1,1,0,0,0,0,3,0,0,0,KRBKRNvK,DRAW,r7/2k5/8/8/R7/3K2Bn/8/8 b - - 0 1
0,1,0,0,0,0,0,1,-1,1,0,1,1,1,0,0,0,0,0,16,0,0,3,4,1,1,1,2,4,30,19,0,0,0,0,0,0,0,0,7,1,1,0,0,0,0,0,2,0,1,KRBKRNvK,DRAW,7R/8/8/3r4/8/5n2/1k2K3/7B b - - 0 1
0,1,0,0,0,0,0,1,-1,1,0,1,1,1,0,0,0,0,0,16,0,0,6,1,3,7,6,2,5,23,26,0,0,0,0,0,0,0,0,7,1,1,0,0,0,0,1,1,0,0,KRBKRNvK,DRAW,8/B1n4k/8/8/1K6/2R5/8/7r b - - 0 1
1,1,0,0,0,0,0,1,-1,1,0,1,1,1,0,0,0,0,0,16,0,0,6,2,7,5,1,4,3,5,0,1,0,0,0,0,0,0,0,7,1,1,1,0,0,0,0,2,1,1,KRBKRNvK,DRAW,2K5/7R/2r5/8/8/5n2/3B1k2/8 w - - 0 1
1,1,0,0,0,0,0,1,-1,1,0,1,1,1,0,0,0,0,0,16,0,0,3,3,4,0,7,0,6,23,20,0,0,0,0,0,0,0,0,7,1,1,0,0,0,0,4,0,0,1,KRBKRNvK,DRAW,k7/2r5/7n/3K4/3R4/8/2B5/8 w - - 0 1
1,1,0,0,0,0,0,1,-1,1,0,1,1,1,0,0,0,0,0,16,0,0,3,2,3,0,0,1,6,7,0,1,0,0,0,0,0,0,0,7,1,1,0,0,0,0,2,2,0,0,KRBKRNvK,WIN,2n5/8/8/8/2K4r/6R1/8/k3B3 w - - 0 1
0,1,0,0,0,0,0,1,-1,1,0,1,1,1,0,0,0,0,0,16,0,0,2,0,7,0,5,6,4,22,20,0,0,0,0,0,0,0,0,7,1,1,0,1,0,0,1,3,0,0,KRBKRNvK,DRAW,K2R4/8/k2n4/4B3/8/8/3r4/8 b - - 0 1
1,1,0,0,0,0,0,1,-1,1,0,1,1,1,0,0,0,0,0,16,0,0,4,4,6,0,2,2,4,24,17,0,0,0,0,0,0,0,0,7,1,1,0,0,0,0,3,0,0,1,KRBKRNvK,DRAW,3n3r/4KB2/8/8/8/k7/8/4R3 w - - 0 1
1,1,0,0,0,0,0,1,-1,1,0,1,1,1,0,0,0,0,0,16,0,0,2,1,7,3,5,5,1,29,18,0,0,0,0,0,0,0,0,7,1,1,0,0,0,0,2,3,0,0,KRBKRNvK,DRAW,1K6/8/3k4/3rn3/7R/3B4/8/8 w - - 0 1
0,1,0,0,0,0,0,1,-1,1,0,1,1,1,0,0,0,0,0,16,0,0,2,5,2,4,4,2,0,7,0,1,0,0,0,0,0,0,0,7,1,1,0,0,0,0,3,3,0,0,KRBKRNvK,DRAW,8/8/8/R3k3/1r6/B1n2K2/8/8 b - - 0 1
1,1,0,0,0,0,0,1,-1,1,0,1,1,1,0,0,0,0,0,16,0,0,6,1,0,7,0,5,6,26,20,0,0,0,0,0,0,0,0,7,1,1,0,0,0,0,0,3,1,0,KRBKRNvK,DRAW,8/2n5/8/8/7r/8/6R1/1K1B3k w - - 0 1
1,1,0,0,0,0,0,1,-1,1,0,1,1,1,0,0,0,0,0,16,0,0,2,5,2,3,4,2,0,4,0,1,0,0,0,0,0,0,0,7,1,1,0,1,0,0,2,3,1,2,KRBKRNvK,LOSS,8/8/8/3k4/2R5/5K2/2Bn3r/8 w - - 0 1
1,1,0,0,0,0,0,1,-1,1,0,1,1,1,0,0,0,0,0,16,0,0,3,5,3,2,5,1,2,23,22,0,0,0,0,0,0,0,0,7,1,1,0,0,0,0,3,3,1,1,KRBKRNvK,DRAW,8/8/2k1B3/2r5/5K2/5R2/3n4/8 w - - 0 1
1,1,0,0,0,0,0,1,-1,1,0,1,1,1,0,0,0,0,0,16,0,0,3,1,4,0,1,2,5,33,18,0,0,0,0,0,0,0,0,7,1,1,0,1,0,0,2,0,1,0,KRBKRNvK,DRAW,6R1/8/8/1K6/8/2B5/k4r1n/8 w - - 0 1
1,1,0,0,0,0,0,1,-1,1,0,1,1,1,0,0,0,0,0,16,0,0,2,4,6,6,7,2,5,21,17,0,0,0,0,0,0,0,0,7,1,1,1,0,0,0,0,2,0,1,KRBKRNvK,DRAW,6k1/2R1K1n1/8/1r6/1B6/8/8/8 w - - 0 1
0,1,0,0,0,0,0,1,-1,1,0,1,1,1,0,0,0,0,0,16,0,0,3,0,4,3,7,3,3,2,0,1,0,0,0,0,0,0,0,7,1,1,0,0,0,0,0,0,0,0,KRBKRNvK,DRAW,3k3R/5r2/8/K7/7B/8/8/4n3 b - - 0 1
1,1,0,0,0,0,0,1,-1,1,0,1,1,1,0,0,0,0,0,16,0,0,5,2,6,7,2,3,4,5,0,1,0,0,0,0,0,0,0,7,1,1,0,1,0,0,2,0,0,1,KRBKRNvK,DRAW,n4B2/2K5/8/8/8/7k/2r5/3R4 w - - 0 1
1,1,0,0,0,0,0,1,-1,1,0,1,1,1,0,0,0,0,0,16,0,0,3,5,7,7,4,4,3,30,22,0,0,0,0,0,0,0,0,7,1,1,0,0,0,0,2,2,0,0,KRBKRNvK,DRAW,5K2/8/2B5/2r4k/1n6/R7/8/8 w - - 0 1
1,1,0,0,0,0,0,1,-1,1,0,1,1,1,0,0,0,0,0,16,0,0,2,3,3,5,2,0,2,21,21,0,0,0,0,0,0,0,0,7,1,1,0,0,0,0,4,1,0,0,KRBKRNvK,DRAW,8/8/7B/8/2RK4/5k2/7n/r7 w - - 0 1
0,1,0,0,0,0,0,1,-1,1,0,1,1,1,0,0,0,0,0,16,0,0,5,2,3,7,3,1,3,16,27,0,0,0,0,0,0,0,0,7,1,1,0,0,0,0,3,0,1,0,KRBKRNvK,DRAW,3R4/n7/8/8/2K4k/7r/6B1/8 b - - 0 1
0,1,0,0,0,0,0,1,-1,1,0,1,1,1,0,0,0,0,0,16,0,0,4,1,1,0,5,4,4,15,26,0,0,0,0,0,0,0,0,7,1,1,0,0,0,0,2,0,0,0,KRBKRNvK,DRAW,7B/r7/k7/n7/8/5R2/1K6/8 b - - 0 1
1,1,0,0,0,0,0,1,-1,1,0,1,1,1,0,0,0,0,0,16,0,0,3,0,2,3,1,4,2,5,0,1,0,0,0,0,0,0,0,7,1,1,0,0,0,0,2,0,1,0,KRBKRNvK,DRAW,7n/8/8/8/2R5/K4r2/B2k4/8 w - - 0 1
1,1,0,0,0,0,0,1,-1,1,0,1,1,1,0,0,0,0,0,16,0,0,5,0,6,4,1,5,2,3,0,1,0,0,0,0,0,0,0,7,1,1,0,0,0,0,1,1,0,1,KRBKRNvK,DRAW,6R1/K1n5/8/5B2/8/r7/4k3/8 w - - 0 1
1,1,0,0,0,0,0,1,-1,1,0,1,1,1,0,0,0,0,0,16,0,0,4,3,5,0,1,1,5,20,18,0,0,0,0,0,0,0,0,7,1,1,0,1,0,0,3,0,0,0,KRBKRNvK,DRAW,8/4B3/3K4/8/8/8/k1r4n/3R4 w - - 0 1
1,1,0,0,0,0,0,1,-1,1,0,1,1,1,0,0,0,0,0,16,0,0,3,1,0,4,0,5,3,28,20,0,0,0,0,0,0,0,0,7,1,1,0,0,0,0,1,2,1,0,KRBKRNvK,DRAW,8/8/1B6/3r4/8/5R2/7n/1K2k3 w - - 0 1
0,1,0,0,0,0,0,1,-1,1,0,1,1,1,0,0,0,0,0,16,0,0,4,6,5,2,1,3,3,27,23,0,0,0,0,0,0,0,0,7,1,1,0,0,0,0,0,2,0,0,KRBKRNvK,DRAW,8/2n5/5RK1/8/7B/8/2k5/3r4 b - - 0 1
0,1,0,0,0,0,0,1,-1,1,0,1,1,1,0,0,0,0,0,16,0,0,3,0,4,3,5,3,1,16,30,0,0,0,0,0,0,0,0,7,1,1,0,0,0,0,1,2,1,1,KRBKRNvK,DRAW,2n5/8/2rk4/K7/3B4/8/8/7R b - - 0 1
1,1,0,0,0,0,0,1,-1,1,0,1,1,1,0,0,0,0,0,16,0,0,4,3,4,7,2,0,4,7,0,1,0,0,0,0,0,0,0,7,1,1,0,0,0,0,3,2,0,2,KRBKRNvK,DRAW,1B6/8/8/3K4/4R3/2n1r2k/8/8 w - - 0 1
0,1,0,0,0,0,0,1,-1,1,0,1,1,1,0,0,0,0,0,16,0,0,3,0,1,2,4,5,1,20,26,0,0,0,0,0,0,0,0,7,1,1,0,0,0,0,2,2,0,0,KRBKRNvK,DRAW,8/8/8/2k5/7R/6r1/K1B5/7n b - - 0 1
0,1,0,0,0,0,0,1,-1,1,0,1,1,1,0,0,0,0,0,16,0,0,4,3,6,7,7,2,6,2,0,1,0,0,0,0,0,0,0,7,1,1,0,0,0,0,0,2,1,0,KRBKRNvK,DRAW,2B4k/3K4/7R/8/8/4r1n1/8/8 b - - 0 1
0,1,0,0,0,0,0,1,-1,1,0,1,1,1,0,0,0,0,0,16,0,0,5,7,6,7,1,5,5,23,28,0,0,0,0,0,0,0,0,7,1,1,0,0,0,0,1,1,0,0,KRBKRNvK,DRAW,1R6/7K/r7/8/8/4B1n1/7k/8 b - - 0 1
0,1,0,0,0,0,0,1,-1,1,0,1,1,1,0,0,0,0,0,16,0,0,4,2,4,0,0,1,6,23,21,0,0,0,0,0,0,0,0,7,1,1,0,0,0,0,2,1,1,1,KRBKRNvK,DRAW,8/7B/6r1/2K5/2n5/1R6/8/k7 b - - 0 1
0,1,0,0,0,0,0,1,-1,1,0,1,1,1,0,0,0,0,0,16,0,0,5,2,5,7,6,2,5,4,0,1,0,0,0,0,0,0,0,7,1,1,1,0,0,0,2,0,0,0,KRBKRNvK,DRAW,8/3R3k/2K5/8/1B6/8/8/nr6 b - - 0 1
1,1,0,0,0,0,0,1,-1,1,0,1,1,1,0,0,0,0,0,16,0,0,2,2,2,0,3,2,3,4,0,1,0,0,0,0,0,0,0,7,1,1,1,0,0,0,1,2,0,1,KRBKRNvK,DRAW,6B1/5R2/8/1n6/k6r/2K5/8/8 w - - 0 1
0,1,0,0,0,0,0,1,-1,1,0,1,1,1,0,0,0,0,0,16,0,0,2,4,7,2,7,3,4,18,21,0,0,0,0,0,0,0,0,7,1,1,0,0,0,0,2,0,1,1,KRBKRNvK,DRAW,2k1K3/2r5/4R3/8/8/8/4B2n/8 b - - 0 1
1,1,0,0,0,0,0,1,-1,1,0,1,1,1,0,0,0,0,0,16,0,0,3,3,7,6,7,3,5,26,17,0,0,0,0,0,0,0,0,7,1,1,0,0,0,0,2,0,0,0,KRBKRNvK,DRAW,3K2k1/3B2r1/8/8/2R5/8/n7/8 w - - 0 1
0,1,0,0,0,0,0,1,-1,1,0,1,1,1,0,0,0,0,0,16,0,0,3,4,2,1,0,1,5,25,25,0,0,0,0,0,0,0,0,7,1,1,0,0,0,0,2,0,0,1,KRBKRNvK,DRAW,3B4/2r5/R7/8/3n4/4K3/8/1k6 b - - 0 1
0,1,0,0,0,0,0,1,-1,1,0,1,1,1,0,0,0,0,0,16,0,0,6,0,7,2,1,6,3,5,0,1,0,0,0,0,0,0,0,7,1,1,1,0,0,0,0,0,1,0,KRBKRNvK,DRAW,K7/2R5/8/8/8/6rn/2k5/2B5 b - - 0 1
0,1,0,0,0,0,0,1,-1,1,0,1,1,1,0,0,0,0,0,16,0,0,5,4,7,5,2,3,2,6,0,1,0,0,0,0,0,0,0,7,1,1,0,0,0,0,1,3,0,0,KRBKRNvK,LOSS,4K3/8/5R2/3r4/2B5/5k2/8/5n2 b - - 0 1
1,1,0,0,0,0,0,1,-1,1,0,1,1,1,0,0,0,0,0,16,0,0,2,5,2,3,4,2,0,27,23,0,0,0,0,0,0,0,0,7,1,1,0,0,0,0,2,3,0,0,KRBKRNvK,DRAW,2R5/1r6/4n3/3k4/8/5K2/7B/8 w - - 0 1
0,1,0,0,0,0,0,1,-1,1,0,1,1,1,0,0,0,0,0,16,0,0,5,4,6,4,1,2,2,5,0,1,0,0,0,0,0,0,0,7,1,1,0,0,0,0,2,0,1,0,KRBKRNvK,DRAW,8/1n2K3/8/3R4/6B1/1r6/4k3/8 b - - 0 1
1,1,0,0,0,0,0,1,-1,1,0,1,1,1,0,0,0,0,0,16,0,0,4,3,6,5,2,2,2,25,25,0,0,0,0,0,0,0,0,7,1,1,0,1,0,0,2,2,1,1,KRBKRNvK,DRAW,8/3K1n2/8/4R3/B7/5k2/7r/8 w - - 0 1
1,1,0,0,0,0,0,1,-1,1,0,1,1,1,0,0,0,0,0,16,0,0,3,4,1,1,1,2,4,7,0,1,0,0,0,0,0,0,0,7,1,1,0,0,0,0,2,0,0,1,KRBKRNvK,DRAW,8/6r1/8/8/4R3/8/1k2K2B/2n5 w - - 0 1
0,1,0,0,0,0,0,1,-1,1,0,1,1,1,0,0,0,0,0,16,0,0,6,0,3,6,1,3,4,23,28,0,0,0,0,0,0,0,0,7,1,1,0,0,0,0,2,2,0,1,KRBKRNvK,DRAW,7R/8/3r4/8/K7/n1B5/6k1/8 b - - 0 1
0,1,0,0,0,0,0,1,-1,1,0,1,1,1,0,0,0,0,0,16,0,0,2,5,3,7,3,1,3,18,17,0,0,0,0,0,0,0,0,7,1,1,0,0,0,0,3,1,0,2,KRBKRNvK,DRAW,8/7B/5r2/4Rn2/5K1k/8/8/8 b - - 0 1
1,1,0,0,0,0,0,1,-1,1,0,1,1,1,0,0,0,0,0,16,0,0,7,7,2,0,7,4,6,5,0,1,0,0,0,0,0,0,0,7,1,1,0,0,0,0,2,0,1,1,KRBKRNvK,DRAW,k1B5/8/8/2R4n/8/r6K/8/8 w - - 0 1
1,1,0,0,0,0,0,1,-1,1,0,1,1,1,0,0,0,0,0,16,0,0,2,4,7,2,6,3,3,24,20,0,0,0,0,0,0,0,0,7,1,1,0,0,0,0,3,0,0,1,KRBKRNvK,DRAW,4K3/2k5/6r1/n7/1R6/8/8/7B w - - 0 1
0,1,0,0,0,0,0,1,-1,1,0,1,1,1,0,0,0,0,0,16,0,0,4,3,0,7,3,3,3,4,0,1,0,0,0,0,0,0,0,7,1,1,1,0,0,0,1,0,0,0,KRBKRNvK,LOSS,8/r3R3/8/4n3/7k/8/8/3KB3 b - - 0 1
1,1,0,0,0,0,0,1,-1,1,0,1,1,1,0,0,0,0,0,16,0,0,5,0,6,0,1,5,5,27,20,0,0,0,0,0,0,0,0,7,1,1,1,0,0,0,2,2,0,0,KRBKRNvK,WIN,8/K6R/8/8/2r5/8/k5B1/n7 w - - 0 1
1,1,0,0,0,0,0,1,-1,1,0,1,1,1,0,0,0,0,0,16,0,0,3,5,5,2,7,2,4,27,19,0,0,0,0,0,0,0,0,7,1,1,0,0,0,0,1,2,0,1,KRBKRNvK,DRAW,2k5/8/5K2/8/1n1r1BR1/8/8/8 w - - 0 1
1,1,0,0,0,0,0,1,-1,1,0,1,1,1,0,0,0,0,0,16,0,0,7,0,5,7,0,4,6,6,0,1,0,0,0,0,0,0,0,7,1,1,0,0,0,0,2,0,0,0,KRBKRNvK,DRAW,8/8/K6r/2R5/8/1B5n/8/7k w - - 0 1
0,1,0,0,0,0,0,1,-1,1,0,1,1,1,0,0,0,0,0,16,0,0,4,2,6,1,2,3,3,24,27,0,0,0,0,0,0,0,0,7,1,1,0,0,0,0,1,2,0,0,KRBKRNvK,DRAW,8/2K5/6B1/8/5r2/1k6/8/1n4R1 b - - 0 1
0,1,0,0,0,0,0,1,-1,1,0,1,1,1,0,0,0,0,0,16,0,0,6,6,6,6,0,4,5,24,28,0,0,0,0,0,0,0,0,7,1,1,0,0,0,0,3,3,0,0,KRBKRNvK,DRAW,8/6K1/3R4/8/4r3/6n1/2B5/6k1 b - - 0 1
1,1,0,0,0,0,0,1,-1,1,0,1,1,1,0,0,0,0,0,16,0,0,3,6,3,3,1,2,2,29,18,0,0,0,0,0,0,0,0,7,1,1,0,0,0,0,0,1,1,0,KRBKRNvK,DRAW,2rB4/8/8/8/2n3K1/1R6/3k4/8 w - - 0 1
1,1,0,0,0,0,0,1,-1,1,0,1,1,1,0,0,0,0,0,16,0,0,2,0,7,1,5,6,3,22,23,0,0,0,0,0,0,0,0,7,1,1,0,0,0,0,2,2,0,0,KRBKRNvK,DRAW,K6B/8/1k6/2r5/7n/8/5R2/8 w - - 0 1
0,1,0,0,0,0,0,1,-1,1,0,1,1,1,0,0,0,0,0,16,0,0,5,1,5,6,4,3,2,27,25,0,0,0,0,0,0,0,0,7,1,1,1,1,0,0,0,1,0,0,KRBKRNvK,DRAW,8/2R2n2/BK6/6k1/8/8/7r/8 b - - 0 1
1,1,0,0,0,0,0,1,-1,1,0,1,1,1,0,0,0,0,0,16,0,0,6,6,7,0,2,5,4,27,18,0,0,0,0,0,0,0,0,7,1,1,0,0,0,0,2,2,0,0,KRBKRNvK,DRAW,6K1/8/5B2/8/8/k2r4/5R2/7n w - - 0 1
1,1,0,0,0,0,0,1,-1,1,0,1,1,1,0,0,0,0,0,16,0,0,3,1,2,4,5,3,1,21,23,0,0,0,0,0,0,0,0,7,1,1,0,0,0,0,1,3,0,0,KRBKRNvK,DRAW,1R6/8/r2nk3/8/8/1K6/2B5/8 w - - 0 1
1,1,0,0,0,0,0,1,-1,1,0,1,1,1,0,0,0,0,0,16,0,0,2,7,4,5,4,3,1,27,18,0,0,0,0,0,0,0,0,7,1,1,0,1,0,0,2,2,0,0,KRBKRNvK,DRAW,5n2/8/2B5/5k1K/8/8/5r2/1R6 w - - 0 1
0,1,0,0,0,0,0,1,-1,1,0,1,1,1,0,0,0,0,0,16,0,0,2,4,3,4,5,0,1,25,20,0,0,0,0,0,0,0,0,7,1,1,0,0,0,0,3,2,0,1,KRBKRNvK,DRAW,8/5r2/4k3/4n2R/4K3/8/4B3/8 b - - 0 1
1,1,0,0,0,0,0,1,-1,1,0,1,1,1,0,0,0,0,0,16,0,0,5,1,3,6,0,2,5,25,21,0,0,0,0,0,0,0,0,7,1,1,0,0,0,0,0,0,1,0,KRBKRNvK,DRAW,2n5/8/6r1/8/1K6/1R6/4B3/6k1 w - - 0 1
1,1,0,0,0,0,0,1,-1,1,0,1,1,1,0,0,0,0,0,16,0,0,4,2,1,1,5,3,3,7,0,1,0,0,0,0,0,0,0,7,1,1,0,0,0,0,2,0,0,1,KRBKRNvK,DRAW,8/r7/1k6/7R/3n4/6B1/2K5/8 w - - 0 1
0,1,0,0,0,0,0,1,-1,1,0,1,1,1,0,0,0,0,0,16,0,0,5,6,6,2,1,4,3,26,28,0,0,0,0,0,0,0,0,7,1,1,1,0,0,0,1,2,0,0,KRBKRNvK,DRAW,8/R5K1/8/1r6/7n/6B1/2k5/8 b - - 0 1
0,1,0,0,0,0,0,1,-1,1,0,1,1,1,0,0,0,0,0,16,0,0,6,1,3,7,6,2,5,21,22,0,0,0,0,0,0,0,0,7,1,1,0,0,0,0,0,2,0,1,KRBKRNvK,DRAW,6n1/3B3k/8/2r5/1K6/8/8/1R6 b - - 0 1
0,1,0,0,0,0,0,1,-1,1,0,1,1,1,0,0,0,0,0,16,0,0,2,6,2,7,0,3,6,23,26,0,0,0,0,0,0,0,0,7,1,1,0,0,0,0,1,2,0,0,KRBKRNvK,DRAW,r7/8/5R2/4B3/8/2n3K1/8/7k b - - 0 1
0,1,0,0,0,0,0,1,-1,1,0,1,1,1,0,0,0,0,0,16,0,0,2,4,3,5,5,0,2,23,24,0,0,0,0,0,0,0,0,7,1,1,0,0,0,0,3,3,0,1,KRBKRNvK,DRAW,8/3r4/5k2/8/3nK3/4B3/8/R7 b - - 0 1
1,1,0,0,0,0,0,1,-1,1,0,1,1,1,0,0,0,0,0,16,0,0,6,7,1,1,6,5,4,3,0,1,0,0,0,0,0,0,0,7,1,1,0,1,0,0,2,3,0,1,KRBKRNvK,DRAW,8/1k6/7B/8/8/5n2/3r3K/4R3 w - - 0 1
1,1,0,0,0,0,0,1,-1,1,0,1,1,1,0,0,0,0,0,16,0,0,7,0,7,7,4,6,3,27,20,0,0,0,0,0,0,0,0,7,1,1,0,0,0,0,2,0,0,0,KRBKRNvK,DRAW,K2R4/8/8/7k/4n3/4B3/8/4r3 w - - 0 1
1,1,0,0,0,0,0,1,-1,1,0,1,1,1,0,0,0,0,0,16,0,0,6,3,6,0,0,2,6,28,13,0,0,0,0,0,0,0,0,7,1,1,0,0,0,0,2,0,1,1,KRBKRNvK,WIN,8/rn1K4/5B2/8/8/2R5/8/k7 w - - 0 1
0,1,0,0,0,0,0,1,-1,1,0,1,1,1,0,0,0,0,0,16,0,0,3,4,3,2,0,0,4,3,0,1,0,0,0,0,0,0,0,7,1,1,0,0,0,0,3,2,2,0,KRBKRNvK,DRAW,3n4/8/8/8/4K3/4B3/8/2krR3 b - - 0 1
0,1,0,0,0,0,0,1,-1,1,0,1,1,1,0,0,0,0,0,16,0,0,3,3,3,6,6,0,4,19,28,0,0,0,0,0,0,0,0,7,1,1,0,0,0,0,3,2,0,0,KRBKRNvK,DRAW,8/4r1k1/n7/8/3K4/3B4/5R2/8 b - - 0 1
1,1,0,0,0,0,0,1,-1,1,0,1,1,1,0,0,0,0,0,16,0,0,7,0,0,7,1,6,5,23,24,0,0,0,0,0,0,0,0,7,1,1,0,0,0,0,2,2,0,0,KRBKRNvK,DRAW,8/8/4R3/5B2/1r6/8/5n1k/K7 w - - 0 1
1,1,0,0,0,0,0,1,-1,1,0,1,1,1,0,0,0,0,0,16,0,0,2,3,7,1,6,3,4,20,17,0,0,0,0,0,0,0,0,7,1,1,0,0,0,0,1,0,1,0,KRBKRNvK,DRAW,n2K2R1/Bk6/8/8/8/1r6/8/8 w - - 0 1
1,1,0,0,0,0,0,1,-1,1,0,1,1,1,0,0,0,0,0,16,0,0,5,1,7,2,2,5,2,22,24,0,0,0,0,0,0,0,0,7,1,1,1,0,0,0,2,3,0,1,KRBKRNvK,DRAW,1K6/3RB3/1n6/8/5r2/2k5/8/8 w - - 0 1
1,1,0,0,0,0,0,1,-1,1,0,1,1,1,0,0,0,0,0,16,0,0,4,4,5,0,3,1,3,7,0,1,0,0,0,0,0,0,0,7,1,1,0,0,0,0,3,1,1,1,KRBKRNvK,LOSS,8/B1n5/4K3/8/k7/1R6/8/2r5 w - - 0 1
1,1,0,0,0,0,0,1,-1,1,0,1,1,1,0,0,0,0,0,16,0,0,4,2,7,6,7,4,5,3,0,1,0,0,0,0,0,0,0,7,1,1,0,0,0,0,1,0,0,0,KRBKRNvK,DRAW,R1K2rk1/B7/8/8/8/8/6n1/8 w - - 0 1
0,1,0,0,0,0,0,1,-1,1,0,1,1,1,0,0,0,0,0,16,0,0,4,3,5,7,5,1,4,15,22,0,0,0,0,0,0,0,0,7,1,1,0,0,0,0,3,0,0,0,KRBKRNvK,DRAW,3R4/7r/3K3k/8/8/8/2B5/5n2 b - - 0 1
0,1,0,0,0,0,0,1,-1,1,0,1,1,1,0,0,0,0,0,16,0,0,2,2,4,2,2,1,2,24,10,0,0,0,0,0,0,0,0,7,1,1,0,0,0,0,3,3,0,2,KRBKRNvK,DRAW,8/8/2Rn4/2K5/3r4/2k5/8/7B b - - 0 1
1,1,0,0,0,0,0,1,-1,1,0,1,1,1,0,0,0,0,0,16,0,0,4,4,3,1,7,0,5,7,0,1,0,0,0,0,0,0,0,7,1,1,0,0,0,0,3,1,0,1,KRBKRNvK,DRAW,1k6/8/8/2R5/4K3/6n1/3B4/3r4 w - - 0 1
1,1,0,0,0,0,0,1,-1,1,0,1,1,1,0,0,0,0,0,16,0,0,2,2,3,0,3,1,3,23,23,0,0,0,0,0,0,0,0,7,1,1,0,0,0,0,2,0,0,1,KRBKRNvK,WIN,2B5/8/8/8/k1K1n3/6r1/8/3R4 w - - 0 1
1,1,0,0,0,0,0,1,-1,1,0,1,1,1,0,0,0,0,0,16,0,0,5,5,7,0,6,4,5,5,0,1,0,0,0,0,0,0,0,7,1,1,0,0,0,0,3,1,0,1,KRBKRNvK,DRAW,5K2/kr1n4/4R3/8/4B3/8/8/8 w - - 0 1
1,1,0,0,0,0,0,1,-1,1,0,1,1,1,0,0,0,0,0,16,0,0,5,6,1,1,2,4,3,30,25,0,0,0,0,0,0,0,0,7,1,1,0,0,0,0,3,2,0,0,KRBKRNvK,DRAW,8/4r3/n5B1/7R/8/1k6/6K1/8 w - - 0 1
0,1,0,0,0,0,0,1,-1,1,0,1,1,1,0,0,0,0,0,16,0,0,3,2,7,2,4,4,1,23,18,0,0,0,0,0,0,0,0,7,1,1,0,0,0,0,3,3,1,0,KRBKRNvK,DRAW,2K5/5r2/6n1/2k5/3R4/8/8/B7 b - - 0 1
0,1,0,0,0,0,0,1,-1,1,0,1,1,1,0,0,0,0,0,16,0,0,3,2,3,5,4,1,1,16,27,0,0,0,0,0,0,0,0,7,1,1,1,0,0,0,3,2,1,0,KRBKRNvK,DRAW,5r1n/7R/8/5k2/2K5/8/7B/8 b - - 0 1
0,1,0,0,0,0,0,1,-1,1,0,1,1,1,0,0,0,0,0,16,0,0,3,1,3,2,0,2,4,17,26,0,0,0,0,0,0,0,0,7,1,1,0,0,0,0,2,0,1,0,KRBKRNvK,DRAW,7n/8/8/8/1K6/4R3/5B2/2k4r b - - 0 1
0,1,0,0,0,0,0,1,-1,1,0,1,1,1,0,0,0,0,0,16,0,0,4,7,2,3,6,4,2,4,0,1,0,0,0,0,0,0,0,7,1,1,0,0,0,0,2,0,1,0,KRBKRNvK,DRAW,1r1B1n2/3k4/8/8/8/7K/8/3R4 b - - 0 1
1,1,0,0,0,0,0,1,-1,1,0,1,1,1,0,0,0,0,0,16,0,0,3,4,3,7,5,0,4,4,0,1,0,0,0,0,0,0,0,7,1,1,0,1,0,0,3,3,1,2,KRBKRNvK,DRAW,R7/8/7k/8/4K1B1/6n1/3r4/8 w - - 0 1
0,1,0,0,0,0,0,1,-1,1,0,1,1,1,0,0,0,0,0,16,0,0,5,0,7,5,7,6,4,26,23,0,0,0,0,0,0,0,0,7,1,1,0,0,0,0,0,2,0,0,KRBKRNvK,DRAW,K4k2/8/8/1B6/2n5/8/7R/4r3 b - - 0 1
1,1,0,0,0,0,0,1,-1,1,0,1,1,1,0,0,0,0,0,16,0,0,5,5,3,0,2,1,4,7,0,1,0,0,0,0,0,0,0,7,1,1,0,0,0,0,2,1,1,1,KRBKRNvK,DRAW,2B5/3r4/8/3n4/5K2/k7/2R5/8 w - - 0 1
0,1,0,0,0,0,0,1,-1,1,0,1,1,1,0,0,0,0,0,16,0,0,6,2,6,2,0,3,4,21,28,0,0,0,0,0,0,0,0,7,1,1,1,0,0,0,0,2,1,0,KRBKRNvK,DRAW,6n1/2K4R/8/5r2/8/8/4B3/2k5 b - - 0 1
0,1,0,0,0,0,0,1,-1,1,0,1,1,1,0,0,0,0,0,16,0,0,6,0,7,0,1,6,5,5,0,1,0,0,0,0,0,0,0,7,1,1,0,0,0,0,1,1,0,0,KRBKRNvK,DRAW,K7/8/8/1n6/8/8/k5RB/2r5 b - - 0 1
0,1,0,0,0,0,0,1,-1,1,0,1,1,1,0,0,0,0,0,16,0,0,4,3,1,7,0,2,6,16,20,0,0,0,0,0,0,0,0,7,1,1,0,0,0,0,2,0,1,0,KRBKRNvK,DRAW,6n1/8/8/8/8/8/3KR2B/r6k b - - 0 1
0,1,0,0,0,0,0,1,-1,1,0,1,1,1,0,0,0,0,0,16,0,0,6,1,4,7,3,2,3,3,0,1,0,0,0,0,0,0,0,7,1,1,0,0,0,0,0,1,0,1,KRBKRNvK,DRAW,8/2r5/8/1K6/6nk/8/8/5B1R b - - 0 1
1,1,0,0,0,0,0,1,-1,1,0,1,1,1,0,0,0,0,0,16,0,0,5,4,2,2,7,1,4,23,21,0,0,0,0,0,0,0,0,7,1,1,0,0,0,0,3,2,1,0,KRBKRNvK,DRAW,2k5/8/4R3/2B5/r7/4K3/8/7n w - - 0 1
1,1,0,0,0,0,0,1,-1,1,0,1,1,1,0,0,0,0,0,16,0,0,3,2,0,3,3,4,0,4,0,1,0,0,0,0,0,0,0,7,1,1,0,0,0,0,0,4,0,1,KRBKRNvK,DRAW,7R/3B4/8/8/2rk4/8/8/2K1n3 w - - 0 1
1,1,0,0,0,0,0,1,-1,1,0,1,1,1,0,0,0,0,0,16,0,0,6,6,4,0,7,2,6,5,0,1,0,0,0,0,0,0,0,7,1,1,0,0,0,0,0,2,1,0,KRBKRNvK,DRAW,k7/8/1R6/3r2K1/7B/1n6/8/8 w - - 0 1
1,1,0,0,0,0,0,1,-1,1,0,1,1,1,0,0,0,0,0,16,0,0,3,2,3,4,6,1,2,30,19,0,0,0,0,0,0,0,0,7,1,1,0,0,0,0,3,2,1,1,KRBKRNvK,DRAW,5n2/4k3/8/4rB2/2K5/6R1/8/8 w - - 0 1
0,1,0,0,0,0,0,1,-1,1,0,1,1,1,0,0,0,0,0,16,0,0,3,5,5,2,3,2,1,29,25,0,0,0,0,0,0,0,0,7,1,1,1,0,0,0,1,2,0,1,KRBKRNvK,DRAW,8/7R/5K2/5nB1/2k5/3r4/8/8 b - - 0 1
1,1,0,0,0,0,0,1,-1,1,0,1,1,1,0,0,0,0,0,16,0,0,3,0,0,1,3,6,2,23,26,0,0,0,0,0,0,0,0,7,1,1,0,0,0,0,3,0,0,0,KRBKRNvK,DRAW,B7/2r5/7n/8/1k6/8/8/K3R3 w - - 0 1
0,1,0,0,0,0,0,1,-1,1,0,1,1,1,0,0,0,0,0,16,0,0,5,0,6,0,1,5,5,18,28,0,0,0,0,0,0,0,0,7,1,1,0,0,0,0,3,0,0,0,KRBKRNvK,DRAW,7n/K5B1/8/8/5R2/8/k7/7r b - - 0 1
0,1,0,0,0,0,0,1,-1,1,0,1,1,1,0,0,0,0,0,16,0,0,5,2,1,7,0,3,6,24,27,0,0,0,0,0,0,0,0,7,1,1,0,0,0,0,3,2,0,0,KRBKRNvK,DRAW,3R4/8/5B2/4n3/7r/8/2K5/7k b - - 0 1
0,1,0,0,0,0,0,1,-1,1,0,1,1,1,0,0,0,0,0,16,0,0,2,1,4,0,6,2,5,2,0,1,0,0,0,0,0,0,0,7,1,1,1,0,0,0,0,3,1,0,KRBKRNvK,DRAW,8/k1RB4/8/1K6/6n1/8/8/3r4 b - - 0 1
1,1,0,0,0,0,0,1,-1,1,0,1,1,1,0,0,0,0,0,16,0,0,4,6,6,4,2,4,1,6,0,1,0,0,0,0,0,0,0,7,1,1,0,0,0,0,0,2,1,0,KRBKRNvK,DRAW,8/6K1/8/8/6r1/4k3/8/1Rn1B3 w - - 0 1
1,1,0,0,0,0,0,1,-1,1,0,1,1,1,0,0,0,0,0,16,0,0,4,6,0,6,4,5,2,25,19,0,0,0,0,0,0,0,0,7,1,1,0,0,0,0,2,1,1,0,KRBKRNvK,DRAW,8/2r1n3/8/6k1/7R/8/5B2/6K1 w - - 0 1
1,1,0,0,0,0,0,1,-1,1,0,1,1,1,0,0,0,0,0,16,0,0,2,4,4,6,3,0,2,26,17,0,0,0,0,0,0,0,0,7,1,1,0,0,0,0,3,0,1,1,KRBKRNvK,DRAW,5n2/8/R5B1/4K3/6k1/6r1/8/8 w - - 0 1
0,1,0,0,0,0,0,1,-1,1,0,1,1,1,0,0,0,0,0,16,0,0,3,4,1,3,4,2,0,4,0,1,0,0,0,0,0,0,0,7,1,1,0,0,0,0,3,4,1,0,KRBKRNvK,DRAW,5n2/5B2/8/2rk4/7R/8/4K3/8 b - - 0 1
0,1,0,0,0,0,0,1,-1,1,0,1,1,1,0,0,0,0,0,16,0,0,2,7,0,5,1,6,3,14,17,0,0,0,0,0,0,0,0,7,1,1,0,0,0,0,2,3,0,0,KRBKRNvK,LOSS,8/8/1Bn5/2r4R/8/8/5k2/7K b - - 0 1
0,1,0,0,0,0,0,1,-1,1,0,1,1,1,0,0,0,0,0,16,0,0,6,6,7,0,2,5,4,20,26,0,0,0,0,0,0,0,0,7,1,1,0,0,0,0,0,2,0,0,KRBKRNvK,DRAW,6K1/8/B7/n7/1r6/k7/7R/8 b - - 0 1
0,1,0,0,0,0,0,1,-1,1,0,1,1,1,0,0,0,0,0,16,0,0,2,2,7,0,5,4,4,20,18,0,0,0,0,0,0,0,0,7,1,1,0,0,0,0,0,2,0,0,KRBKRNvK,DRAW,2K5/8/k7/7r/8/8/1R6/B3n3 b - - 0 1
0,1,0,0,0,0,0,1,-1,1,0,1,1,1,0,0,0,0,0,16,0,0,3,7,4,4,6,3,2,22,27,0,0,0,0,0,0,0,0,7,1,1,0,0,0,0,3,1,1,0,KRBKRNvK,DRAW,8/4k3/8/1r1n1B1K/8/8/8/3R4 b - - 0 1
0,1,0,0,0,0,0,1,-1,1,0,1,1,1,0,0,0,0,0,16,0,0,7,0,5,7,3,4,3,22,21,0,0,0,0,0,0,0,0,7,1,1,1,0,0,0,2,1,0,0,KRBKRNvK,DRAW,8/3BR3/K7/8/7k/8/3n4/1r6 b - - 0 1
1,1,0,0,0,0,0,1,-1,1,0,1,1,1,0,0,0,0,0,16,0,0,6,4,1,3,7,2,3,28,18,0,0,0,0,0,0,0,0,7,1,1,0,0,0,0,1,0,1,0,KRBKRNvK,DRAW,r2k4/7B/1R6/8/8/7n/4K3/8 w - - 0 1
1,1,0,0,0,0,0,1,-1,1,0,1,1,1,0,0,0,0,0,16,0,0,3,0,4,0,7,3,6,23,17,0,0,0,0,0,0,0,0,7,1,1,0,1,0,0,2,1,0,0,KRBKRNvK,DRAW,k7/8/8/K7/8/R7/1B3nr1/8 w - - 0 1
0,1,0,0,0,0,0,1,-1,1,0,1,1,1,0,0,0,0,0,16,0,0,2,2,4,0,3,1,3,14,27,0,0,0,0,0,0,0,0,7,1,1,0,0,0,0,2,0,0,0,KRBKRNvK,DRAW,5nB1/8/8/2K5/k7/3R4/8/r7 b - - 0 1
0,1,0,0,0,0,0,1,-1,1,0,1,1,1,0,0,0,0,0,16,0,0,6,0,3,6,6,3,4,19,28,0,0,0,0,0,0,0,0,7,1,1,0,0,0,0,3,2,1,0,KRBKRNvK,DRAW,8/3rn1k1/4B3/8/K6R/8/8/8 b - - 0 1
1,1,0,0,0,0,0,1,-1,1,0,1,1,1,0,0,0,0,0,16,0,0,2,4,3,3,5,0,1,5,0,1,0,0,0,0,0,0,0,7,1,1,0,0,0,0,4,3,0,0,KRBKRNvK,DRAW,4r3/8/n2k4/8/4K3/8/7R/7B w - - 0 1
1,1,0,0,0,0,0,1,-1,1,0,1,1,1,0,0,0,0,0,16,0,0,4,7,4,3,7,3,3,3,0,1,0,0,0,0,0,0,0,7,1,1,0,1,0,0,1,0,0,0,KRBKRNvK,DRAW,3k4/8/8/7K/8/nB6/7r/R7 w - - 0 1
0,1,0,0,0,0,0,1,-1,1,0,1,1,1,0,0,0,0,0,16,0,0,2,4,5,6,3,1,2,18,28,0,0,0,0,0,0,0,0,7,1,1,1,0,0,0,2,2,0,1,KRBKRNvK,DRAW,5B2/7R/4K3/8/2r3k1/8/8/7n b - - 0 1
0,1,0,0,0,0,0,1,-1,1,0,1,1,1,0,0,0,0,0,16,0,0,5,6,0,4,5,5,1,4,0,1,0,0,0,0,0,0,0,7,1,1,1,0,0,0,0,2,0,1,KRBKRNvK,DRAW,1r6/7R/4k3/8/8/7B/8/6Kn b - - 0 1
1,1,0,0,0,0,0,1,-1,1,0,1,1,1,0,0,0,0,0,16,0,0,5,2,0,7,2,4,4,26,18,0,0,0,0,0,0,0,0,7,1,1,0,0,0,0,2,1,0,0,KRBKRNvK,DRAW,3B4/8/3n3r/8/4R3/7k/8/2K5 w - - 0 1
0,1,0,0,0,0,0,1,-1,1,0,1,1,1,0,0,0,0,0,16,0,0,3,2,0,0,3,4,3,19,19,0,0,0,0,0,0,0,0,7,1,1,0,0,0,0,0,2,0,0,KRBKRNvK,DRAW,8/8/8/n2r4/k6B/7R/8/2K5 b - - 0 1
0,1,0,0,0,0,0,1,-1,1,0,1,1,1,0,0,0,0,0,16,0,0,4,3,7,5,3,3,1,5,0,1,0,0,0,0,0,0,0,7,1,1,0,1,0,0,1,2,2,0,KRBKRNvK,DRAW,3K4/8/5R2/3B4/5k2/8/5r2/7n b - - 0 1
0,1,0,0,0,0,0,1,-1,1,0,1,1,1,0,0,0,0,0,16,0,0,2,0,3,0,5,3,4,21,22,0,0,0,0,0,0,0,0,7,1,1,0,0,0,0,0,1,0,1,KRBKRNvK,DRAW,3B4/8/k4r2/8/K7/1n6/8/7R b - - 0 1
0,1,0,0,0,0,0,1,-1,1,0,1,1,1,0,0,0,0,0,16,0,0,5,0,1,0,6,5,5,18,25,0,0,0,0,0,0,0,0,7,1,1,0,0,0,0,2,0,1,1,KRBKRNvK,WIN,8/k7/5r2/1R1B4/8/8/K7/1n6 b - - 0 1
1,1,0,0,0,0,0,1,-1,1,0,1,1,1,0,0,0,0,0,16,0,0,3,4,7,7,5,3,4,24,13,0,0,0,0,0,0,0,0,7,1,1,0,0,0,0,2,1,0,1,KRBKRNvK,DRAW,4K3/4n2r/B6k/8/8/8/3R4/8 w - - 0 1
1,1,0,0,0,0,0,1,-1,1,0,1,1,1,0,0,0,0,0,16,0,0,5,3,5,4,0,1,3,5,0,1,0,0,0,0,0,0,0,7,1,1,0,0,0,0,2,3,1,0,KRBKRNvK,DRAW,8/8/3K4/8/8/5nRB/8/3rk3 w - - 0 1
1,1,0,0,0,0,0,1,-1,1,0,1,1,1,0,0,0,0,0,16,0,0,2,5,6,7,6,3,5,27,17,0,0,0,0,0,0,0,0,7,1,1,0,0,0,0,3,2,0,0,KRBKRNvK,WIN,8/5K1k/n2B4/8/r7/3R4/8/8 w - - 0 1
0,1,0,0,0,0,0,1,-1,1,0,1,1,1,0,0,0,0,0,16,0,0,3,2,6,5,3,3,1,23,24,0,0,0,0,0,0,0,0,7,1,1,0,0,0,0,3,2,0,0,KRBKRNvK,DRAW,8/2K5/2B5/2R5/2n2k2/4r3/8/8 b - - 0 1
1,1,0,0,0,0,0,1,-1,1,0,1,1,1,0,0,0,0,0,16,0,0,3,3,4,6,3,0,2,26,28,0,0,0,0,0,0,0,0,7,1,1,0,0,0,0,4,2,0,0,KRBKRNvK,DRAW,4r3/8/6n1/1R1K4/3B2k1/8/8/8 w - - 0 1
1,1,0,0,0,0,0,1,-1,1,0,1,1,1,0,0,0,0,0,16,0,0,7,0,7,7,4,6,3,23,24,0,0,0,0,0,0,0,0,7,1,1,0,0,0,0,1,2,0,0,KRBKRNvK,DRAW,K7/B7/8/3r3k/8/8/4n3/2R5 w - - 0 1
1,1,0,0,0,0,0,1,-1,1,0,1,1,1,0,0,0,0,0,16,0,0,4,4,0,0,4,3,3,26,21,0,0,0,0,0,0,0,0,7,1,1,1,0,0,0,3,0,0,0,KRBKRNvK,DRAW,8/3R2B1/n1r5/k7/8/8/8/4K3 w - - 0 1
1,1,0,0,0,0,0,1,-1,1,0,1,1,1,0,0,0,0,0,16,0,0,7,4,7,7,0,3,6,26,24,0,0,0,0,0,0,0,0,7,1,1,1,0,0,0,3,3,0,0,KRBKRNvK,DRAW,4K3/3R4/6B1/8/2r5/4n3/8/7k w - - 0 1
1,1,0,0,0,0,0,1,-1,1,0,1,1,1,0,0,0,0,0,16,0,0,3,6,1,3,2,4,1,5,0,1,0,0,0,0,0,0,0,7,1,1,0,0,0,0,3,2,0,2,KRBKRNvK,LOSS,8/8/8/8/R5rn/3k4/B5K1/8 w - - 0 1
0,1,0,0,0,0,0,1,-1,1,0,1,1,1,0,0,0,0,0,16,0,0,5,2,0,7,1,4,5,20,16,0,0,0,0,0,0,0,0,7,1,1,0,0,0,0,1,2,1,0,KRBKRNvK,DRAW,8/8/3r4/2B5/8/8/6nk/2K3R1 b - - 0 1
1,1,0,0,0,0,0,1,-1,1,0,1,1,1,0,0,0,0,0,16,0,0,4,2,1,6,2,3,3,24,26,0,0,0,0,0,0,0,0,7,1,1,0,0,0,0,3,0,0,0,KRBKRNvK,DRAW,8/6n1/5r2/3R4/8/1B4k1/2K5/8 w - - 0 1
0,1,0,0,0,0,0,1,-1,1,0,1,1,1,0,0,0,0,0,16,0,0,2,1,6,2,4,4,1,17,24,0,0,0,0,0,0,0,0,7,1,1,0,0,0,0,1,3,0,1,KRBKRNvK,DRAW,8/1K6/2r3n1/2k5/8/7R/B7/8 b - - 0 1
0,1,0,0,0,0,0,1,-1,1,0,1,1,1,0,0,0,0,0,16,0,0,5,5,7,7,2,4,4,18,25,0,0,0,0,0,0,0,0,7,1,1,0,0,0,0,3,2,0,0,KRBKRNvK,DRAW,5KB1/8/8/8/1R6/3r3k/7n/8 b - - 0 1
1,1,0,0,0,0,0,1,-1,1,0,1,1,1,0,0,0,0,0,16,0,0,7,0,0,7,2,6,4,20,23,0,0,0,0,0,0,0,0,7,1,1,0,0,0,0,2,1,1,0,KRBKRNvK,DRAW,8/1r4B1/8/8/8/3n3k/8/K5R1 w - - 0 1
1,1,0,0,0,0,0,1,-1,1,0,1,1,1,0,0,0,0,0,16,0,0,5,2,2,7,1,2,5,5,0,1,0,0,0,0,0,0,0,7,1,1,1,1,0,0,2,0,0,1,KRBKRNvK,DRAW,8/1R6/4B3/8/8/2K5/6rk/3n4 w - - 0 1
0,1,0,0,0,0,0,1,-1,1,0,1,1,1,0,0,0,0,0,16,0,0,3,0,4,2,7,3,4,3,0,1,0,0,0,0,0,0,0,7,1,1,0,0,0,0,2,1,1,0,KRBKRNvK,DRAW,R1k1r2B/4n3/8/K7/8/8/8/8 b - - 0 1
0,1,0,0,0,0,0,1,-1,1,0,1,1,1,0,0,0,0,0,16,0,0,3,3,0,6,2,3,3,26,26,0,0,0,0,0,0,0,0,7,1,1,0,1,0,0,2,2,0,1,KRBKRNvK,DRAW,8/8/7n/R7/2B5/6k1/4r3/3K4 b - - 0 1
0,1,0,0,0,0,0,1,-1,1,0,1,1,1,0,0,0,0,0,16,0,0,2,2,4,4,6,1,2,20,27,0,0,0,0,0,0,0,0,7,1,1,0,0,0,0,3,2,0,1,KRBKRNvK,DRAW,8/3rk1n1/8/2K5/8/5B2/6R1/8 b - - 0 1
0,1,0,0,0,0,0,1,-1,1,0,1,1,1,0,0,0,0,0,16,0,0,3,3,4,2,1,0,3,6,0,1,0,0,0,0,0,0,0,7,1,1,0,0,0,0,3,2,1,1,KRBKRNvK,DRAW,8/8/8/3K4/1r6/3B3R/2k5/6n1 b - - 0 1
1,1,0,0,0,0,0,1,-1,1,0,1,1,1,0,0,0,0,0,16,0,0,3,5,2,2,1,2,3,20,24,0,0,0,0,0,0,0,0,7,1,1,1,0,0,0,1,0,0,1,KRBKRNvK,DRAW,2r4B/6R1/8/8/8/5K2/2k5/5n2 w - - 0 1
1,1,0,0,0,0,0,1,-1,1,0,1,1,1,0,0,0,0,0,16,0,0,3,7,6,6,3,5,2,27,20,0,0,0,0,0,0,0,0,7,1,1,0,1,0,0,1,0,0,0,KRBKRNvK,DRAW,n7/7K/8/8/6k1/3B4/5r2/7R w - - 0 1
1,1,0,0,0,0,0,1,-1,1,0,1,1,1,0,0,0,0,0,16,0,0,5,1,4,6,5,2,3,19,17,0,0,0,0,0,0,0,0,7,1,1,1,0,0,0,0,0,0,0,KRBKRNvK,DRAW,8/1R1B4/6kr/1K6/8/8/8/5n2 w - - 0 1
0,1,0,0,0,0,0,1,-1,1,0,1,1,1,0,0,0,0,0,16,0,0,5,2,5,4,0,2,3,23,22,0,0,0,0,0,0,0,0,7,1,1,0,0,0,0,2,3,0,1,KRBKRNvK,DRAW,4B3/8/2K5/7R/1r4n1/8/8/4k3 b - - 0 1
0,1,0,0,0,0,0,1,-1,1,0,1,1,1,0,0,0,0,0,16,0,0,7,7,1,0,1,5,5,3,0,1,0,0,0,0,0,0,0,7,1,1,0,0,0,0,1,1,0,0,KRBKRNvK,LOSS,8/3n2r1/4B3/8/8/6R1/k6K/8 b - - 0 1
1,1,0,0,0,0,0,1,-1,1,0,1,1,1,0,0,0,0,0,16,0,0,6,7,7,1,1,6,4,4,0,1,0,0,0,0,0,0,0,7,1,1,0,0,0,0,1,1,1,0,KRBKRNvK,DRAW,7K/8/R7/8/8/1n1B3r/1k6/8 w - - 0 1
1,1,0,0,0,0,0,1,-1,1,0,1,1,1,0,0,0,0,0,16,0,0,2,3,3,1,1,0,4,6,0,1,0,0,0,0,0,0,0,7,1,1,0,0,0,0,3,2,1,0,KRBKRNvK,DRAW,1n1r4/8/8/R7/3K4/8/1k6/1B6 w - - 0 1
1,1,0,0,0,0,0,1,-1,1,0,1,1,1,0,0,0,0,0,16,0,0,3,0,6,2,3,5,1,18,25,0,0,0,0,0,0,0,0,7,1,1,1,0,0,0,2,3,0,1,KRBKRNvK,DRAW,8/K3n1BR/8/1r6/2k5/8/8/8 w - - 0 1
0,1,0,0,0,0,0,1,-1,1,0,1,1,1,0,0,0,0,0,16,0,0,2,3,2,5,4,1,1,24,20,0,0,0,0,0,0,0,0,7,1,1,1,0,0,0,3,2,1,0,KRBKRNvK,DRAW,8/3nR3/8/5k2/8/3K4/4B3/6r1 b - - 0 1
1,1,0,0,0,0,0,1,-1,1,0,1,1,1,0,0,0,0,0,16,0,0,2,0,6,2,4,5,1,27,25,0,0,0,0,0,0,0,0,7,1,1,0,0,0,0,1,3,0,0,KRBKRNvK,DRAW,8/K7/7r/2k2Bn1/8/8/8/1R6 w - - 0 1
1,1,0,0,0,0,0,1,-1,1,0,1,1,1,0,0,0,0,0,16,0,0,6,1,1,3,7,4,3,6,0,1,0,0,0,0,0,0,0,7,1,1,1,1,0,0,0,2,1,2,KRBKRNvK,DRAW,2Bk4/7R/8/8/1n6/8/1K1r4/8 w - - 0 1
0,1,0,0,0,0,0,1,-1,1,0,1,1,1,0,0,0,0,0,16,0,0,2,0,1,2,1,5,3,22,20,0,0,0,0,0,0,0,0,7,1,1,1,0,0,0,1,3,0,0,KRBKRNvK,DRAW,8/1Rn1r3/8/8/8/8/K1k2B2/8 b - - 0 1
0,1,0,0,0,0,0,1,-1,1,0,1,1,1,0,0,0,0,0,16,0,0,5,0,1,1,6,5,4,4,0,1,0,0,0,0,0,0,0,7,1,1,0,0,0,0,2,2,1,0,KRBKRNvK,DRAW,B7/1k4n1/8/6r1/R7/8/K7/8 b - - 0 1
0,1,0,0,0,0,0,1,-1,1,0,1,1,1,0,0,0,0,0,16,0,0,3,6,6,3,6,4,2,6,0,1,0,0,0,0,0,0,0,7,1,1,1,0,0,0,1,1,1,0,KRBKRNvK,LOSS,8/3k1RKB/8/8/3n4/3r4/8/8 b - - 0 1
1,1,0,0,0,0,0,1,-1,1,0,1,1,1,0,0,0,0,0,16,0,0,5,7,4,2,3,3,1,22,24,0,0,0,0,0,0,0,0,7,1,1,0,0,0,0,0,3,0,0,KRBKRNvK,DRAW,8/1r6/8/7K/2k5/5R2/3n2B1/8 w - - 0 1
0,1,0,0,0,0,0,1,-1,1,0,1,1,1,0,0,0,0,0,16,0,0,6,0,6,6,2,5,3,23,19,0,0,0,0,0,0,0,0,7,1,1,1,0,0,0,0,1,0,1,KRBKRNvK,DRAW,8/K1R5/7B/2n5/8/2r3k1/8/8 b - - 0 1
0,1,0,0,0,0,0,1,-1,1,0,1,1,1,0,0,0,0,0,16,0,0,4,1,1,3,5,4,1,26,23,0,0,0,0,0,0,0,0,7,1,1,0,0,0,0,0,2,0,0,KRBKRNvK,DRAW,5n2/8/3k4/8/8/6r1/1K2BR2/8 b - - 0 1
0,1,0,0,0,0,0,1,-1,1,0,1,1,1,0,0,0,0,0,16,0,0,4,7,7,3,5,6,1,21,23,0,0,0,0,0,0,0,0,7,1,1,0,0,0,0,3,3,1,0,KRBKRNvK,DRAW,4R2K/1r6/3k4/8/8/1n6/5B2/8 b - - 0 1
1,1,0,0,0,0,0,1,-1,1,0,1,1,1,0,0,0,0,0,16,0,0,5,7,0,2,1,6,3,30,28,0,0,0,0,0,0,0,0,7,1,1,0,0,0,0,2,1,1,0,KRBKRNvK,DRAW,8/5r2/8/R7/2nB4/8/2k5/7K w - - 0 1
1,1,0,0,0,0,0,1,-1,1,0,1,1,1,0,0,0,0,0,16,0,0,4,2,4,6,6,1,4,25,24,0,0,0,0,0,0,0,0,7,1,1,0,1,0,0,3,3,1,0,KRBKRNvK,DRAW,7R/6k1/8/2K5/6n1/8/3r4/7B w - - 0 1
1,1,0,0,0,0,0,1,-1,1,0,1,1,1,0,0,0,0,0,16,0,0,5,7,2,2,6,4,3,22,20,0,0,0,0,0,0,0,0,7,1,1,0,0,0,0,0,2,0,0,KRBKRNvK,DRAW,8/2k3n1/8/8/r7/BR5K/8/8 w - - 0 1
0,1,0,0,0,0,0,1,-1,1,0,1,1,1,0,0,0,0,0,16,0,0,2,0,0,1,2,6,3,22,26,0,0,0,0,0,0,0,0,7,1,1,0,0,0,0,2,2,0,0,KRBKRNvK,DRAW,8/1r6/2nB4/8/8/1k6/4R3/K7 b - - 0 1
0,1,0,0,0,0,0,1,-1,1,0,1,1,1,0,0,0,0,0,16,0,0,6,7,4,1,6,3,4,22,21,0,0,0,0,0,0,0,0,7,1,1,0,1,0,0,0,0,0,0,KRBKRNvK,DRAW,8/1k6/8/7K/8/7R/2r5/n4B2 b - - 0 1
0,1,0,0,0,0,0,1,-1,1,0,1,1,1,0,0,0,0,0,16,0,0,5,2,3,7,2,1,4,2,0,1,0,0,0,0,0,0,0,7,1,1,0,0,0,0,2,2,1,2,KRBKRNvK,LOSS,8/8/n2r4/4B3/2K5/7k/8/7R b - - 0 1
1,1,0,0,0,0,0,1,-1,1,0,1,1,1,0,0,0,0,0,16,0,0,3,3,0,2,3,3,1,4,0,1,0,0,0,0,0,0,0,7,1,1,0,0,0,0,0,2,0,1,KRBKRNvK,DRAW,6R1/6B1/5r2/8/2k5/4n3/8/3K4 w - - 0 1
1,1,0,0,0,0,0,1,-1,1,0,1,1,1,0,0,0,0,0,16,0,0,3,3,6,6,7,2,5,27,23,0,0,0,0,0,0,0,0,7,1,1,0,0,0,0,4,1,0,0,KRBKRNvK,DRAW,6k1/3K4/8/4R3/8/5r2/1B3n2/8 w - - 0 1
0,1,0,0,0,0,0,1,-1,1,0,1,1,1,0,0,0,0,0,16,0,0,4,2,4,6,4,1,2,13,20,0,0,0,0,0,0,0,0,7,1,1,0,0,0,0,2,2,0,2,KRBKRNvK,DRAW,3B3R/4r3/8/2K3k1/3n4/8/8/8 b - - 0 1
0,1,0,0,0,0,0,1,-1,1,0,1,1,1,0,0,0,0,0,16,0,0,2,2,2,0,0,2,6,18,25,0,0,0,0,0,0,0,0,7,1,1,0,0,0,0,2,3,0,2,KRBKRNvK,DRAW,8/8/6B1/8/3r4/1nK5/7R/k7 b - - 0 1
0,1,0,0,0,0,0,1,-1,1,0,1,1,1,0,0,0,0,0,16,0,0,3,4,7,7,5,3,4,22,25,0,0,0,0,0,0,0,0,7,1,1,0,0,0,0,2,2,0,0,KRBKRNvK,DRAW,4K3/8/7k/8/2r5/n7/3R1B2/8 b - - 0 1
0,1,0,0,0,0,0,1,-1,1,0,1,1,1,0,0,0,0,0,16,0,0,3,3,0,0,1,3,5,22,22,0,0,0,0,0,0,0,0,7,1,1,1,0,0,0,2,2,0,0,KRBKRNvK,DRAW,8/3R4/4r3/8/7B/n7/k7/3K4 b - - 0 1
0,1,0,0,0,0,0,1,-1,1,0,1,1,1,0,0,0,0,0,16,0,0,3,6,4,3,7,2,3,20,24,0,0,0,0,0,0,0,0,7,1,1,0,0,0,0,3,2,0,0,KRBKRNvK,DRAW,3k4/3r4/8/6K1/6R1/8/B7/6n1 b - - 0 1
1,1,0,0,0,0,0,1,-1,1,0,1,1,1,0,0,0,0,0,16,0,0,3,3,5,0,3,1,3,24,20,0,0,0,0,0,0,0,0,7,1,1,0,0,0,0,2,2,0,0,KRBKRNvK,DRAW,8/8/3K1R2/8/k7/4r3/4B2n/8 w - - 0 1
0,1,0,0,0,0,0,1,-1,1,0,1,1,1,0,0,0,0,0,16,0,0,2,1,0,1,2,5,3,22,18,0,0,0,0,0,0,0,0,7,1,1,0,0,0,0,2,2,1,0,KRBKRNvK,DRAW,8/6n1/8/8/5r2/1k6/8/BK4R1 b - - 0 1
1,1,0,0,0,0,0,1,-1,1,0,1,1,1,0,0,0,0,0,16,0,0,2,5,1,7,3,3,3,28,21,0,0,0,0,0,0,0,0,7,1,1,0,0,0,0,1,2,0,0,KRBKRNvK,DRAW,2n5/2B5/2R5/8/1r5k/8/5K2/8 w - - 0 1
1,1,0,0,0,0,0,1,-1,1,0,1,1,1,0,0,0,0,0,16,0,0,7,0,4,7,1,3,5,25,20,0,0,0,0,0,0,0,0,7,1,1,0,0,0,0,3,0,0,0,KRBKRNvK,DRAW,8/5r2/8/K5R1/8/8/7k/1B2n3 w - - 0 1
0,1,0,0,0,0,0,1,-1,1,0,1,1,1,0,0,0,0,0,16,0,0,3,0,3,3,4,3,0,6,0,1,0,0,0,0,0,0,0,7,1,1,0,0,0,0,2,3,0,0,KRBKRNvK,DRAW,8/8/7r/B2k4/K5n1/8/3R4/8 b - - 0 1
0,1,0,0,0,0,0,1,-1,1,0,1,1,1,0,0,0,0,0,16,0,0,6,6,7,5,1,5,3,6,0,1,0,0,0,0,0,0,0,7,1,1,0,0,0,0,1,1,1,0,KRBKRNvK,DRAW,6K1/5B2/8/8/r2n4/8/5k1R/8 b - - 0 1
0,1,0,0,0,0,0,1,-1,1,0,1,1,1,0,0,0,0,0,16,0,0,2,5,4,3,3,1,0,3,0,1,0,0,0,0,0,0,0,7,1,1,1,0,0,0,4,4,0,0,KRBKRNvK,DRAW,8/3R4/8/5K2/2rk4/8/8/nB6 b - - 0 1
0,1,0,0,0,0,0,1,-1,1,0,1,1,1,0,0,0,0,0,16,0,0,2,4,3,6,3,0,2,22,23,0,0,0,0,0,0,0,0,7,1,1,0,0,0,0,3,0,2,1,KRBKRNvK,DRAW,8/8/7B/8/4K1k1/2r5/1n3R2/8 b - - 0 1
0,1,0,0,0,0,0,1,-1,1,0,1,1,1,0,0,0,0,0,16,0,0,2,2,5,4,3,2,0,23,27,0,0,0,0,0,0,0,0,7,1,1,0,1,0,0,2,3,0,1,KRBKRNvK,DRAW,8/1n6/1BK5/8/4k3/8/7r/R7 b - - 0 1
0,1,0,0,0,0,0,1,-1,1,0,1,1,1,0,0,0,0,0,16,0,0,6,1,5,7,6,3,5,19,27,0,0,0,0,0,0,0,0,7,1,1,0,0,0,0,3,0,0,1,KRBKRNvK,DRAW,2r2n2/1B5k/1K6/8/8/8/3R4/8 b - - 0 1
1,1,0,0,0,0,0,1,-1,1,0,1,1,1,0,0,0,0,0,16,0,0,4,0,1,0,5,5,4,4,0,1,0,0,0,0,0,0,0,7,1,1,0,1,0,0,1,1,0,1,KRBKRNvK,DRAW,8/8/k2B4/8/8/4n3/K1r5/1R6 w - - 0 1
1,1,0,0,0,0,0,1,-1,1,0,1,1,1,0,0,0,0,0,16,0,0,3,0,7,3,6,6,2,25,20,0,0,0,0,0,0,0,0,7,1,1,0,0,0,0,3,1,0,0,KRBKRNvK,WIN,K7/3k2r1/8/8/2R2B2/1n6/8/8 w - - 0 1
1,1,0,0,0,0,0,1,-1,1,0,1,1,1,0,0,0,0,0,16,0,0,5,0,7,3,2,6,1,22,26,0,0,0,0,0,0,0,0,7,1,1,0,1,0,0,2,2,0,0,KRBKRNvK,DRAW,K2nB3/8/8/7R/8/3k4/6r1/8 w - - 0 1
1,1,0,0,0,0,0,1,-1,1,0,1,1,1,0,0,0,0,0,16,0,0,6,0,1,1,7,5,5,25,20,0,0,0,0,0,0,0,0,7,1,1,0,0,0,0,0,3,0,1,KRBKRNvK,DRAW,1k6/8/5R2/1B6/1r4n1/8/K7/8 w - - 0 1
1,1,0,0,0,0,0,1,-1,1,0,1,1,1,0,0,0,0,0,16,0,0,2,7,4,6,2,3,3,25,22,0,0,0,0,0,0,0,0,7,1,1,0,0,0,0,0,0,1,1,KRBKRNvK,DRAW,8/1r6/8/6BK/8/6kn/8/R7 w - - 0 1
0,1,0,0,0,0,0,1,-1,1,0,1,1,1,0,0,0,0,0,16,0,0,4,7,4,3,3,3,0,22,18,0,0,0,0,0,0,0,0,7,1,1,0,0,0,0,2,3,1,0,KRBKRNvK,DRAW,7n/r7/8/7K/3k4/5B1R/8/8 b - - 0 1
1,1,0,0,0,0,0,1,-1,1,0,1,1,1,0,0,0,0,0,16,0,0,4,4,7,4,3,3,0,27,17,0,0,0,0,0,0,0,0,7,1,1,0,0,0,0,3,3,2,0,KRBKRNvK,DRAW,4K3/1r6/1n3B2/8/4k3/3R4/8/8 w - - 0 1
0,1,0,0,0,0,0,1,-1,1,0,1,1,1,0,0,0,0,0,16,0,0,4,2,5,5,1,2,3,30,19,0,0,0,0,0,0,0,0,7,1,1,0,0,0,0,2,2,0,1,KRBKRNvK,DRAW,8/8/R1K5/5n2/4r3/8/5k2/1B6 b - - 0 1
0,1,0,0,0,0,0,1,-1,1,0,1,1,1,0,0,0,0,0,16,0,0,7,7,0,7,7,6,6,19,22,0,0,0,0,0,0,0,0,7,1,1,0,0,0,0,3,0,0,0,KRBKRNvK,DRAW,6rk/B7/8/4R3/8/8/8/3n3K b - - 0 1
1,1,0,0,0,0,0,1,-1,1,0,1,1,1,0,0,0,0,0,16,0,0,4,5,0,1,4,4,2,27,25,0,0,0,0,0,0,0,0,7,1,1,0,0,0,0,1,1,0,0,KRBKRNvK,DRAW,7R/5B2/8/1k6/8/2r5/2n5/5K2 w - - 0 1
0,1,0,0,0,0,0,1,-1,1,0,1,1,1,0,0,0,0,0,16,0,0,3,2,3,0,6,1,5,21,22,0,0,0,0,0,0,0,0,7,1,1,0,1,0,0,2,2,2,2,KRBKRNvK,DRAW,2B5/k7/2R5/8/2K5/2n5/r7/8 b - - 0 1
0,1,0,0,0,0,0,1,-1,1,0,1,1,1,0,0,0,0,0,16,0,0,5,5,6,7,1,3,5,5,0,1,0,0,0,0,0,0,0,7,1,1,0,0,0,0,3,2,0,2,KRBKRNvK,DRAW,6r1/5K2/5n2/8/8/8/3R3k/B7 b - - 0 1
0,1,0,0,0,0,0,1,-1,1,0,1,1,1,0,0,0,0,0,16,0,0,3,6,5,3,2,3,1,23,25,0,0,0,0,0,0,0,0,7,1,1,1,1,0,0,1,2,1,0,KRBKRNvK,DRAW,8/6R1/6K1/4B3/8/3k4/1r6/4n3 b - - 0 1
1,1,0,0,0,0,0,1,-1,1,0,1,1,1,0,0,0,0,0,16,0,0,2,1,2,0,0,3,6,5,0,1,0,0,0,0,0,0,0,7,1,1,0,0,0,0,0,3,0,0,KRBKRNvK,DRAW,2R5/8/8/8/5n2/1K2r3/8/k2B4 w - - 0 1
1,1,0,0,0,0,0,1,-1,1,0,1,1,1,0,0,0,0,0,16,0,0,6,6,7,0,4,5,3,4,0,1,0,0,0,0,0,0,0,7,1,1,0,0,0,0,2,1,0,0,KRBKRNvK,DRAW,2R3K1/3n4/8/k7/8/6r1/8/B7 w - - 0 1
0,1,0,0,0,0,0,1,-1,1,0,1,1,1,0,0,0,0,0,16,0,0,4,6,1,2,3,4,1,25,21,0,0,0,0,0,0,0,0,7,1,1,0,0,0,0,2,3,2,1,KRBKRNvK,DRAW,8/5r2/8/8/2k5/5n2/RB4K1/8 b - - 0 1
0,1,0,0,0,0,0,1,-1,1,0,1,1,1,0,0,0,0,0,16,0,0,2,3,2,1,1,1,4,26,25,0,0,0,0,0,0,0,0,7,1,1,0,1,0,0,2,2,0,1,KRBKRNvK,DRAW,7R/8/1B3n2/8/8/3K4/1kr5/8 b - - 0 1
0,1,0,0,0,0,0,1,-1,1,0,1,1,1,0,0,0,0,0,16,0,0,3,5,7,3,4,4,0,20,21,0,0,0,0,0,0,0,0,7,1,1,0,0,0,0,1,3,1,1,KRBKRNvK,DRAW,5K2/2r3n1/1R6/3k4/8/8/7B/8 b - - 0 1
0,1,0,0,0,0,0,1,-1,1,0,1,1,1,0,0,0,0,0,16,0,0,7,4,7,1,0,3,5,3,0,1,0,0,0,0,0,0,0,7,1,1,0,0,0,0,3,0,1,0,KRBKRNvK,DRAW,4K3/1B6/8/8/8/1r6/6n1/1k1R4 b - - 0 1
1,1,0,0,0,0,0,1,-1,1,0,1,1,1,0,0,0,0,0,16,0,0,5,6,5,1,4,3,2,30,17,0,0,0,0,0,0,0,0,7,1,1,1,0,0,0,1,0,1,0,KRBKRNvK,DRAW,8/2R5/6K1/1k3B2/8/8/8/5rn1 w - - 0 1
1,1,0,0,0,0,0,1,-1,1,0,1,1,1,0,0,0,0,0,16,0,0,4,1,4,5,3,2,1,4,0,1,0,0,0,0,0,0,0,7,1,1,0,0,0,0,1,3,0,0,KRBKRNvK,DRAW,1n6/8/1R6/1K4r1/5k2/8/2B5/8 w - - 0 1
1,1,0,0,0,0,0,1,-1,1,0,1,1,1,0,0,0,0,0,16,0,0,5,6,1,5,6,4,3,23,24,0,0,0,0,0,0,0,0,7,1,1,0,0,0,0,0,0,0,0,KRBKRNvK,DRAW,1RB5/5k2/2r5/8/8/8/6K1/2n5 w - - 0 1
0,1,0,0,0,0,0,1,-1,1,0,1,1,1,0,0,0,0,0,16,0,0,5,5,0,0,2,4,4,5,0,1,0,0,0,0,0,0,0,7,1,1,1,1,0,0,0,2,0,1,KRBKRNvK,DRAW,8/4BR2/8/n7/8/k7/3r4/5K2 b - - 0 1
0,1,0,0,0,0,0,1,-1,1,0,1,1,1,0,0,0,0,0,16,0,0,4,7,2,3,5,4,1,5,0,1,0,0,0,0,0,0,0,7,1,1,0,0,0,0,2,3,0,0,KRBKRNvK,DRAW,8/5n2/3k4/7R/8/7K/7B/3r4 b - - 0 1
0,1,0,0,0,0,0,1,-1,1,0,1,1,1,0,0,0,0,0,16,0,0,3,5,3,4,0,1,3,22,24,0,0,0,0,0,0,0,0,7,1,1,0,0,0,0,2,2,1,0,KRBKRNvK,DRAW,2B5/3r4/8/8/5K2/6R1/n7/4k3 b - - 0 1
0,1,0,0,0,0,0,1,-1,1,0,1,1,1,0,0,0,0,0,16,0,0,5,7,5,6,0,4,5,24,24,0,0,0,0,0,0,0,0,7,1,1,0,0,0,0,2,3,0,2,KRBKRNvK,DRAW,8/8/5n1K/B7/5r2/3R4/8/6k1 b - - 0 1
0,1,0,0,0,0,0,1,-1,1,0,1,1,1,0,0,0,0,0,16,0,0,7,7,0,4,7,6,3,4,0,1,0,0,0,0,0,0,0,7,1,1,0,0,0,0,1,2,1,0,KRBKRNvK,DRAW,1BR1k3/8/8/8/3r4/4n3/8/7K b - - 0 1
1,1,0,0,0,0,0,1,-1,1,0,1,1,1,0,0,0,0,0,16,0,0,6,1,1,7,7,4,6,31,18,0,0,0,0,0,0,0,0,7,1,1,0,0,0,0,0,0,0,0,KRBKRNvK,DRAW,5n1k/3B4/5r2/8/8/8/1K6/6R1 w - - 0 1
1,1,0,0,0,0,0,1,-1,1,0,1,1,1,0,0,0,0,0,16,0,0,3,3,4,2,1,0,3,26,19,0,0,0,0,0,0,0,0,7,1,1,0,0,0,0,3,0,1,0,KRBKRNvK,DRAW,6n1/8/6r1/B2K4/8/1R6/2k5/8 w - - 0 1
0,1,0,0,0,0,0,1,-1,1,0,1,1,1,0,0,0,0,0,16,0,0,2,1,1,1,3,4,2,4,0,1,0,0,0,0,0,0,0,7,1,1,0,0,0,0,2,2,1,0,KRBKRNvK,DRAW,8/3n4/8/8/1k2r3/2B5/1K6/1R6 b - - 0 1
0,1,0,0,0,0,0,1,-1,1,0,1,1,1,0,0,0,0,0,16,0,0,3,5,2,2,0,2,4,3,0,1,0,0,0,0,0,0,0,7,1,1,0,0,0,0,1,3,0,1,KRBKRNvK,DRAW,8/3n4/8/B3r3/8/5K2/8/2k4R b - - 0 1
1,1,0,0,0,0,0,1,-1,1,0,1,1,1,0,0,0,0,0,16,0,0,2,6,4,4,6,2,2,20,22,0,0,0,0,0,0,0,0,7,1,1,0,1,0,0,0,0,0,0,KRBKRNvK,DRAW,1n6/4k3/B7/6KR/8/8/r7/8 w - - 0 1
0,1,0,0,0,0,0,1,-1,1,0,1,1,1,0,0,0,0,0,16,0,0,4,6,4,4,0,2,3,26,15,0,0,0,0,0,0,0,0,7,1,1,0,0,0,0,2,0,0,0,KRBKRNvK,DRAW,8/8/2r5/6K1/3n2R1/8/1B6/4k3 b - - 0 1
1,1,0,0,0,0,0,1,-1,1,0,1,1,1,0,0,0,0,0,16,0,0,6,3,1,5,7,2,4,23,19,0,0,0,0,0,0,0,0,7,1,1,1,0,0,0,3,2,2,1,KRBKRNvK,DRAW,5k2/3R3B/n7/8/2r5/8/3K4/8 w - - 0 1
1,1,0,0,0,0,0,1,-1,1,0,1,1,1,0,0,0,0,0,16,0,0,5,6,3,1,4,2,2,3,0,1,0,0,0,0,0,0,0,7,1,1,0,0,0,0,3,2,0,2,KRBKRNvK,DRAW,3R4/8/8/1k6/5rK1/8/4n1B1/8 w - - 0 1
0,1,0,0,0,0,0,1,-1,1,0,1,1,1,0,0,0,0,0,16,0,0,4,3,1,7,5,2,4,21,21,0,0,0,0,0,0,0,0,7,1,1,0,0,0,0,2,0,0,1,KRBKRNvK,DRAW,n7/8/7k/8/1R6/B7/3K4/5r2 b - - 0 1
1,1,0,0,0,0,0,1,-1,1,0,1,1,1,0,0,0,0,0,16,0,0,5,4,6,0,1,2,5,3,0,1,0,0,0,0,0,0,0,7,1,1,0,0,0,0,1,2,1,2,KRBKRNvK,DRAW,1B6/4K3/4r3/2n5/8/2R5/k7/8 w - - 0 1
0,1,0,0,0,0,0,1,-1,1,0,1,1,1,0,0,0,0,0,16,0,0,5,2,4,7,6,1,5,19,23,0,0,0,0,0,0,0,0,7,1,1,0,0,0,0,2,2,0,0,KRBKRNvK,DRAW,3r1n2/7k/8/2K5/1B6/8/8/R7 b - - 0 1
1,1,0,0,0,0,0,1,-1,1,0,1,1,1,0,0,0,0,0,16,0,0,3,3,1,6,1,2,4,7,0,1,0,0,0,0,0,0,0,7,1,1,1,0,0,0,2,2,0,1,KRBKRNvK,DRAW,8/3R4/1r6/8/8/5n2/B2K2k1/8 w - - 0 1
1,1,0,0,0,0,0,1,-1,1,0,1,1,1,0,0,0,0,0,16,0,0,2,4,7,2,7,3,4,22,17,0,0,0,0,0,0,0,0,7,1,1,0,0,0,0,1,0,0,0,KRBKRNvK,DRAW,2k1K3/7n/8/8/8/r3BR2/8/8 w - - 0 1
0,1,0,0,0,0,0,1,-1,1,0,1,1,1,0,0,0,0,0,16,0,0,3,2,3,1,0,1,5,21,30,0,0,0,0,0,0,0,0,7,1,1,0,0,0,0,3,1,1,1,KRBKRNvK,DRAW,3R4/8/8/8/2K5/1nB5/8/1k5r b - - 0 1
0,1,0,0,0,0,0,1,-1,1,0,1,1,1,0,0,0,0,0,16,0,0,7,0,1,7,0,5,6,2,0,1,0,0,0,0,0,0,0,7,1,1,0,0,0,0,2,2,1,0,KRBKRNvK,DRAW,8/8/3r4/8/8/R4B1n/K7/7k b - - 0 1
0,1,0,0,0,0,0,1,-1,1,0,1,1,1,0,0,0,0,0,16,0,0,5,0,3,5,2,3,2,5,0,1,0,0,0,0,0,0,0,7,1,1,0,1,0,0,2,2,1,0,KRBKRNvK,DRAW,8/8/2B5/8/K2R1n2/5k2/5r2/8 b - - 0 1
1,1,0,0,0,0,0,1,-1,1,0,1,1,1,0,0,0,0,0,16,0,0,4,3,7,1,3,3,2,22,22,0,0,0,0,0,0,0,0,7,1,1,0,0,0,0,1,2,1,0,KRBKRNvK,DRAW,3K1R2/8/7n/8/1k2r3/1B6/8/8 w - - 0 1
0,1,0,0,0,0,0,1,-1,1,0,1,1,1,0,0,0,0,0,16,0,0,4,4,2,0,1,1,5,5,0,1,0,0,0,0,0,0,0,7,1,1,0,0,0,0,3,1,1,1,KRBKRNvK,DRAW,6B1/8/5r2/8/8/2R1K3/k3n3/8 b - - 0 1
1,1,0,0,0,0,0,1,-1,1,0,1,1,1,0,0,0,0,0,16,0,0,6,6,1,0,6,4,5,4,0,1,0,0,0,0,0,0,0,7,1,1,0,1,0,0,0,1,0,1,KRBKRNvK,DRAW,8/k7/8/8/5n2/6RB/2r3K1/8 w - - 0 1
0,1,0,0,0,0,0,1,-1,1,0,1,1,1,0,0,0,0,0,16,0,0,3,1,2,0,5,3,4,21,33,0,0,0,0,0,0,0,0,7,1,1,1,0,0,0,2,2,1,1,KRBKRNvK,DRAW,8/2R5/k4B2/8/8/1K6/6n1/3r4 b - - 0 1
1,1,0,0,0,0,0,1,-1,1,0,1,1,1,0,0,0,0,0,16,0,0,3,2,6,5,6,3,3,5,0,1,0,0,0,0,0,0,0,7,1,1,0,0,0,0,1,0,0,1,KRBKRNvK,DRAW,4n3/2K2k2/8/8/8/1R6/8/1Br5 w - - 0 1
0,1,0,0,0,0,0,1,-1,1,0,1,1,1,0,0,0,0,0,16,0,0,2,6,6,4,7,4,3,23,20,0,0,0,0,0,0,0,0,7,1,1,0,0,0,0,2,2,0,0,KRBKRNvK,DRAW,1B2k3/6K1/3r4/8/2R5/1n6/8/8 b - - 0 1
1,1,0,0,0,0,0,1,-1,1,0,1,1,1,0,0,0,0,0,16,0,0,5,3,2,6,7,1,5,23,25,0,0,0,0,0,0,0,0,7,1,1,0,0,0,0,3,1,0,0,KRBKRNvK,DRAW,6k1/8/7r/8/3R4/3K2n1/8/3B4 w - - 0 1
0,1,0,0,0,0,0,1,-1,1,0,1,1,1,0,0,0,0,0,16,0,0,5,7,3,2,4,3,1,7,0,1,0,0,0,0,0,0,0,7,1,1,1,0,0,0,1,4,0,0,KRBKRNvK,LOSS,8/6R1/8/2k5/7K/8/5B2/n3r3 b - - 0 1
0,1,0,0,0,0,0,1,-1,1,0,1,1,1,0,0,0,0,0,16,0,0,5,2,0,7,0,4,6,2,0,1,0,0,0,0,0,0,0,7,1,1,0,0,0,0,2,2,1,0,KRBKRNvK,DRAW,8/3r4/8/n7/8/2R2B2/8/2K4k b - - 0 1
0,1,0,0,0,0,0,1,-1,1,0,1,1,1,0,0,0,0,0,16,0,0,3,4,2,7,4,1,3,21,30,0,0,0,0,0,0,0,0,7,1,1,0,0,0,0,3,2,0,0,KRBKRNvK,DRAW,1n3R2/8/8/r6k/8/1B2K3/8/8 b - - 0 1
1,1,0,0,0,0,0,1,-1,1,0,1,1,1,0,0,0,0,0,16,0,0,4,6,6,4,2,4,1,21,23,0,0,0,0,0,0,0,0,7,1,1,0,0,0,0,1,3,0,1,KRBKRNvK,DRAW,8/4rBK1/8/8/8/4k1n1/8/7R w - - 0 1
0,1,0,0,0,0,0,1,-1,1,0,1,1,1,0,0,0,0,0,16,0,0,5,1,4,6,4,2,2,24,21,0,0,0,0,0,0,0,0,7,1,1,0,0,0,0,2,0,0,1,KRBKRNvK,DRAW,3RB3/8/n7/1K4k1/8/5r2/8/8 b - - 0 1
0,1,0,0,0,0,0,1,-1,1,0,1,1,1,0,0,0,0,0,16,0,0,5,5,1,0,5,3,4,3,0,1,0,0,0,0,0,0,0,7,1,1,0,0,0,0,1,2,1,0,KRBKRNvK,DRAW,3r4/8/k1R5/1n6/8/1B6/5K2/8 b - - 0 1
1,1,0,0,0,0,0,1,-1,1,0,1,1,1,0,0,0,0,0,16,0,0,4,0,1,4,5,5,1,26,23,0,0,0,0,0,0,0,0,7,1,1,0,0,0,0,0,2,0,0,KRBKRNvK,DRAW,8/8/4k3/3n1r1B/8/2R5/K7/8 w - - 0 1
0,1,0,0,0,0,0,1,-1,1,0,1,1,1,0,0,0,0,0,16,0,0,6,7,2,1,3,4,2,7,0,1,0,0,0,0,0,0,0,7,1,1,0,0,0,0,2,1,1,0,KRBKRNvK,LOSS,8/1r6/B7/8/1k4R1/7K/4n3/8 b - - 0 1
1,1,0,0,0,0,0,1,-1,1,0,1,1,1,0,0,0,0,0,16,0,0,3,1,4,4,1,2,2,28,21,0,0,0,0,0,0,0,0,7,1,1,0,0,0,0,0,1,0,0,KRBKRNvK,DRAW,8/7r/8/1K6/8/R6B/4kn2/8 w - - 0 1
1,1,0,0,0,0,0,1,-1,1,0,1,1,1,0,0,0,0,0,16,0,0,3,6,4,7,7,2,6,27,18,0,0,0,0,0,0,0,0,7,1,1,0,0,0,0,0,0,0,1,KRBKRNvK,DRAW,4B2k/2r3n1/8/6K1/8/8/8/R7 w - - 0 1
0,1,0,0,0,0,0,1,-1,1,0,1,1,1,0,0,0,0,0,16,0,0,5,0,4,5,1,3,3,22,21,0,0,0,0,0,0,0,0,7,1,1,0,0,0,0,2,2,0,1,KRBKRNvK,DRAW,4R3/n7/8/K7/8/3r4/5k2/1B6 b - - 0 1
0,1,0,0,0,0,0,1,-1,1,0,1,1,1,0,0,0,0,0,16,0,0,2,5,5,7,5,2,4,0,0,1,0,0,0,0,0,0,0,7,1,1,0,0,0,0,2,2,1,0,KRBKRNvK,LOSS,7R/8/4BK1k/8/r7/8/6n1/8 b - - 0 1
0,1,0,0,0,0,0,1,-1,1,0,1,1,1,0,0,0,0,0,16,0,0,5,5,4,0,7,1,6,17,18,0,0,0,0,0,0,0,0,7,1,1,1,0,0,0,2,2,0,2,KRBKRNvK,DRAW,k2B4/5R2/5n1r/5K2/8/8/8/8 b - - 0 1
1,1,0,0,0,0,0,1,-1,1,0,1,1,1,0,0,0,0,0,16,0,0,5,3,7,2,2,3,2,6,0,1,0,0,0,0,0,0,0,7,1,1,0,0,0,0,2,2,1,0,KRBKRNvK,LOSS,3K4/8/B7/8/1R6/2k5/8/3r1n2 w - - 0 1
1,1,0,0,0,0,0,1,-1,1,0,1,1,1,0,0,0,0,0,16,0,0,5,2,5,7,5,2,4,7,0,1,0,0,0,0,0,0,0,7,1,1,0,0,0,0,2,2,0,2,KRBKRNvK,DRAW,4r3/8/2K4k/8/3n4/8/R1B5/8 w - - 0 1
1,1,0,0,0,0,0,1,-1,1,0,1,1,1,0,0,0,0,0,16,0,0,4,7,2,3,2,4,1,26,20,0,0,0,0,0,0,0,0,7,1,1,0,0,0,0,1,2,1,0,KRBKRNvK,DRAW,7R/8/8/r1B5/8/3k3K/4n3/8 w - - 0 1
0,1,0,0,0,0,0,1,-1,1,0,1,1,1,0,0,0,0,0,16,0,0,3,6,7,3,5,5,1,24,22,0,0,0,0,0,0,0,0,7,1,1,0,0,0,0,1,3,0,0,KRBKRNvK,DRAW,6K1/8/3k4/4r2n/8/8/8/1B4R1 b - - 0 1
0,1,0,0,0,0,0,1,-1,1,0,1,1,1,0,0,0,0,0,16,0,0,6,7,7,1,7,6,5,26,22,0,0,0,0,0,0,0,0,7,1,1,0,0,0,0,2,1,0,1,KRBKRNvK,DRAW,1k5K/6r1/3n4/B7/8/8/4R3/8 b - - 0 1
1,1,0,0,0,0,0,1,-1,1,0,1,1,1,0,0,0,0,0,16,0,0,5,6,2,6,7,3,5,4,0,1,0,0,0,0,0,0,0,7,1,1,0,0,0,0,2,3,1,1,KRBKRNvK,DRAW,6k1/8/5n1B/8/6r1/6K1/4R3/8 w - - 0 1
1,1,0,0,0,0,0,1,-1,1,0,1,1,1,0,0,0,0,0,16,0,0,4,2,4,4,0,1,3,30,17,0,0,0,0,0,0,0,0,7,1,1,0,1,0,0,2,2,0,1,KRBKRNvK,DRAW,3R4/8/8/2K5/2B5/2n5/2r5/4k3 w - - 0 1
0,1,0,0,0,0,0,1,-1,1,0,1,1,1,0,0,0,0,0,16,0,0,6,7,0,1,6,6,4,22,24,0,0,0,0,0,0,0,0,7,1,1,0,0,0,0,2,0,0,0,KRBKRNvK,DRAW,1n3r2/1k6/8/7B/8/3R4/8/7K b - - 0 1
0,1,0,0,0,0,0,1,-1,1,0,1,1,1,0,0,0,0,0,16,0,0,3,3,0,0,3,3,3,23,24,0,0,0,0,0,0,0,0,7,1,1,0,0,0,0,1,0,0,1,KRBKRNvK,DRAW,8/8/n4R2/8/k7/2r5/8/1B1K4 b - - 0 1
0,1,0,0,0,0,0,1,-1,1,0,1,1,1,0,0,0,0,0,16,0,0,7,2,7,0,0,4,6,4,0,1,0,0,0,0,0,0,0,7,1,1,0,0,0,0,2,2,0,1,KRBKRNvK,DRAW,2K5/1n4B1/7R/8/4r3/8/8/k7 b - - 0 1
0,1,0,0,0,0,0,1,-1,1,0,1,1,1,0,0,0,0,0,16,0,0,2,2,5,2,7,2,4,19,22,0,0,0,0,0,0,0,0,7,1,1,0,0,0,0,3,2,0,0,KRBKRNvK,DRAW,2k5/8/2K2B2/8/8/2R4n/8/3r4 b - - 0 1
0,1,0,0,0,0,0,1,-1,1,0,1,1,1,0,0,0,0,0,16,0,0,6,6,7,0,2,5,4,14,23,0,0,0,0,0,0,0,0,7,1,1,0,0,0,0,2,2,0,0,KRBKRNvK,DRAW,6K1/n7/8/r7/6R1/k7/8/3B4 b - - 0 1
0,1,0,0,0,0,0,1,-1,1,0,1,1,1,0,0,0,0,0,16,0,0,5,4,5,0,0,1,6,5,0,1,0,0,0,0,0,0,0,7,1,1,0,1,0,0,4,1,0,1,KRBKRNvK,DRAW,7B/8/4K3/8/1R4n1/8/2r5/k7 b - - 0 1
0,1,0,0,0,0,0,1,-1,1,0,1,1,1,0,0,0,0,0,16,0,0,6,6,4,0,0,2,6,19,23,0,0,0,0,0,0,0,0,7,1,1,0,0,0,0,0,0,0,1,KRBKRNvK,DRAW,5B2/1r6/7n/6K1/8/8/6R1/k7 b - - 0 1
1,1,0,0,0,0,0,1,-1,1,0,1,1,1,0,0,0,0,0,16,0,0,3,4,4,4,1,0,2,23,22,0,0,0,0,0,0,0,0,7,1,1,0,0,0,0,4,0,0,1,KRBKRNvK,DRAW,8/5rB1/8/4K3/8/R7/1n2k3/8 w - - 0 1
1,1,0,0,0,0,0,1,-1,1,0,1,1,1,0,0,0,0,0,16,0,0,4,6,4,2,3,2,1,7,0,1,0,0,0,0,0,0,0,7,1,1,0,0,0,0,2,2,1,1,KRBKRNvK,DRAW,8/2r4n/8/6K1/B1k5/8/8/3R4 w - - 0 1
1,1,0,0,0,0,0,1,-1,1,0,1,1,1,0,0,0,0,0,16,0,0,4,3,2,7,3,1,3,26,23,0,0,0,0,0,0,0,0,7,1,1,1,0,0,0,3,0,0,0,KRBKRNvK,DRAW,2r5/4R3/n7/B7/7k/3K4/8/8 w - - 0 1
0,1,0,0,0,0,0,1,-1,1,0,1,1,1,0,0,0,0,0,16,0,0,3,3,2,6,5,1,3,25,15,0,0,0,0,0,0,0,0,7,1,1,0,1,0,0,2,1,0,1,KRBKRNvK,DRAW,8/8/6k1/8/8/1n1K1R2/r7/7B b - - 0 1
0,1,0,0,0,0,0,1,-1,1,0,1,1,1,0,0,0,0,0,16,0,0,3,7,2,6,5,4,3,3,0,1,0,0,0,0,0,0,0,7,1,1,0,0,0,0,0,2,1,1,KRBKRNvK,DRAW,8/8/4r1kR/8/8/7K/6n1/2B5 b - - 0 1
0,1,0,0,0,0,0,1,-1,1,0,1,1,1,0,0,0,0,0,16,0,0,3,5,4,7,7,1,6,19,25,0,0,0,0,0,0,0,0,7,1,1,1,0,0,0,3,1,0,1,KRBKRNvK,DRAW,7k/2R5/7r/5K2/2B5/1n6/8/8 b - - 0 1
1,1,0,0,0,0,0,1,-1,1,0,1,1,1,0,0,0,0,0,16,0,0,4,7,5,3,6,4,2,4,0,1,0,0,0,0,0,0,0,7,1,1,0,0,0,0,3,1,0,1,KRBKRNvK,DRAW,8/3k4/5r1K/8/8/4R3/B3n3/8 w - - 0 1
1,1,0,0,0,0,0,1,-1,1,0,1,1,1,0,0,0,0,0,16,0,0,4,4,6,6,2,2,3,20,25,0,0,0,0,0,0,0,0,7,1,1,0,1,0,0,2,0,0,0,KRBKRNvK,DRAW,4R3/4K3/8/7n/8/6k1/2r5/B7 w - - 0 1
0,1,0,0,0,0,0,1,-1,1,0,1,1,1,0,0,0,0,0,16,0,0,6,0,4,6,3,3,2,23,16,0,0,0,0,0,0,0,0,7,1,1,0,0,0,0,2,0,0,1,KRBKRNvK,WIN,B7/8/1r6/K7/6k1/8/1n6/1R6 b - - 0 1
0,1,0,0,0,0,0,1,-1,1,0,1,1,1,0,0,0,0,0,16,0,0,7,3,7,1,0,3,5,22,24,0,0,0,0,0,0,0,0,7,1,1,1,1,0,0,3,0,0,0,KRBKRNvK,DRAW,3K4/3R3n/8/8/8/8/5r2/1k5B b - - 0 1
1,1,0,0,0,0,0,1,-1,1,0,1,1,1,0,0,0,0,0,16,0,0,4,1,6,4,2,4,1,6,0,1,0,0,0,0,0,0,0,7,1,1,0,0,0,0,3,2,0,0,KRBKRNvK,DRAW,8/1K3r2/8/1R6/7n/4k3/8/7B w - - 0 1
0,1,0,0,0,0,0,1,-1,1,0,1,1,1,0,0,0,0,0,16,0,0,5,2,6,7,5,3,4,23,27,0,0,0,0,0,0,0,0,7,1,1,0,0,0,0,0,1,0,0,KRBKRNvK,DRAW,8/2KB4/5r1k/8/8/3n4/8/6R1 b - - 0 1
0,1,0,0,0,0,0,1,-1,1,0,1,1,1,0,0,0,0,0,16,0,0,6,1,6,0,0,4,6,3,0,1,0,0,0,0,0,0,0,7,1,1,0,0,0,0,3,0,0,1,KRBKRNvK,LOSS,7B/1K6/r7/6R1/8/8/7n/k7 b - - 0 1
1,1,0,0,0,0,0,1,-1,1,0,1,1,1,0,0,0,0,0,16,0,0,2,5,6,3,6,3,2,30,17,0,0,0,0,0,0,0,0,7,1,1,0,0,0,0,1,0,0,0,KRBKRNvK,DRAW,8/2rk1K2/8/8/8/4B2n/8/R7 w - - 0 1
1,1,0,0,0,0,0,1,-1,1,0,1,1,1,0,0,0,0,0,16,0,0,3,2,6,1,3,3,2,7,0,1,0,0,0,0,0,0,0,7,1,1,0,0,0,0,1,2,1,1,KRBKRNvK,LOSS,n7/2K5/8/8/1k6/4r2R/B7/8 w - - 0 1
0,1,0,0,0,0,0,1,-1,1,0,1,1,1,0,0,0,0,0,16,0,0,7,3,7,7,0,3,6,19,23,0,0,0,0,0,0,0,0,7,1,1,0,0,0,0,1,2,0,0,KRBKRNvK,DRAW,3K4/8/4B3/5r2/n7/8/R7/7k b - - 0 1
0,1,0,0,0,0,0,1,-1,1,0,1,1,1,0,0,0,0,0,16,0,0,3,5,0,2,1,4,3,30,24,0,0,0,0,0,0,0,0,7,1,1,0,0,0,0,2,2,0,0,KRBKRNvK,DRAW,5R2/8/2B5/1r6/4n3/8/2k5/5K2 b - - 0 1
0,1,0,0,0,0,0,1,-1,1,0,1,1,1,0,0,0,0,0,16,0,0,2,0,4,2,2,3,2,23,24,0,0,0,0,0,0,0,0,7,1,1,0,1,0,0,1,1,2,0,KRBKRNvK,DRAW,8/6n1/8/K7/8/2k1B3/5r2/R7 b - - 0 1
1,1,0,0,0,0,0,1,-1,1,0,1,1,1,0,0,0,0,0,16,0,0,5,5,7,4,2,4,1,23,22,0,0,0,0,0,0,0,0,7,1,1,0,0,0,0,2,4,0,0,KRBKRNvK,DRAW,n4K2/8/2R5/7r/8/4k3/8/7B w - - 0 1
1,1,0,0,0,0,0,1,-1,1,0,1,1,1,0,0,0,0,0,16,0,0,3,1,5,1,2,3,3,29,24,0,0,0,0,0,0,0,0,7,1,1,0,0,0,0,3,2,1,0,KRBKRNvK,DRAW,1B6/8/1K6/5n2/2R5/1k1r4/8/8 w - - 0 1
0,1,0,0,0,0,0,1,-1,1,0,1,1,1,0,0,0,0,0,16,0,0,2,1,4,0,2,2,4,3,0,1,0,0,0,0,0,0,0,7,1,1,0,0,0,0,0,3,1,0,KRBKRNvK,DRAW,8/4r3/6R1/1K6/1B3n2/k7/8/8 b - - 0 1
1,1,0,0,0,0,0,1,-1,1,0,1,1,1,0,0,0,0,0,16,0,0,7,5,7,6,0,4,5,4,0,1,0,0,0,0,0,0,0,7,1,1,0,0,0,0,3,2,1,0,KRBKRNvK,DRAW,5K2/8/2n5/8/2B5/5r2/4R3/6k1 w - - 0 1
0,1,0,0,0,0,0,1,-1,1,0,1,1,1,0,0,0,0,0,16,0,0,5,3,5,0,0,1,6,19,29,0,0,0,0,0,0,0,0,7,1,1,0,1,0,0,4,1,0,0,KRBKRNvK,DRAW,4B3/8/3K4/8/5R2/8/2n3r1/k7 b - - 0 1
0,1,0,0,0,0,0,1,-1,1,0,1,1,1,0,0,0,0,0,16,0,0,4,7,3,3,0,3,3,20,26,0,0,0,0,0,0,0,0,7,1,1,1,0,0,0,1,1,0,0,KRBKRNvK,DRAW,8/R3nr2/4B3/8/7K/8/8/3k4 b - - 0 1
0,1,0,0,0,0,0,1,-1,1,0,1,1,1,0,0,0,0,0,16,0,0,2,3,2,5,4,1,1,3,0,1,0,0,0,0,0,0,0,7,1,1,0,0,0,0,2,2,1,0,KRBKRNvK,DRAW,8/3B1n2/5r2/5k2/8/3K4/5R2/8 b - - 0 1
1,1,0,0,0,0,0,1,-1,1,0,1,1,1,0,0,0,0,0,16,0,0,3,2,3,5,0,1,4,22,25,0,0,0,0,0,0,0,0,7,1,1,0,0,0,0,2,0,0,1,KRBKRNvK,DRAW,4B3/1r6/6R1/8/2K1n3/8/8/5k2 w - - 0 1
0,1,0,0,0,0,0,1,-1,1,0,1,1,1,0,0,0,0,0,16,0,0,2,5,2,7,4,2,3,20,28,0,0,0,0,0,0,0,0,7,1,1,0,0,0,0,4,1,0,0,KRBKRNvK,DRAW,7B/2r1n3/8/7k/8/5K2/8/3R4 b - - 0 1
0,1,0,0,0,0,0,1,-1,1,0,1,1,1,0,0,0,0,0,16,0,0,4,4,6,1,2,2,3,21,19,0,0,0,0,0,0,0,0,7,1,1,1,0,0,0,0,2,0,0,KRBKRNvK,DRAW,8/4K1R1/B7/8/8/1k1r4/8/7n b - - 0 1
0,1,0,0,0,0,0,1,-1,1,0,1,1,1,0,0,0,0,0,16,0,0,3,4,1,1,0,2,5,20,27,0,0,0,0,0,0,0,0,7,1,1,0,0,0,0,2,0,1,1,KRBKRNvK,DRAW,2r5/8/1R6/8/8/8/1B2K3/1k2n3 b - - 0 1
0,1,0,0,0,0,0,1,-1,1,0,1,1,1,0,0,0,0,0,16,0,0,6,0,2,6,7,4,5,23,27,0,0,0,0,0,0,0,0,7,1,1,0,0,0,0,0,0,0,1,KRBKRNvK,DRAW,6k1/8/7r/n7/8/K7/4B3/1R6 b - - 0 1
0,1,0,0,0,0,0,1,-1,1,0,1,1,1,0,0,0,0,0,16,0,0,4,3,5,6,1,1,4,5,0,1,0,0,0,0,0,0,0,7,1,1,0,0,0,0,3,2,0,0,KRBKRNvK,DRAW,8/7n/2BK4/7r/8/8/6k1/2R5 b - - 0 1
0,1,0,0,0,0,0,1,-1,1,0,1,1,1,0,0,0,0,0,16,0,0,3,4,4,3,1,0,2,6,0,1,0,0,0,0,0,0,0,7,1,1,0,0,0,0,3,0,1,0,KRBKRNvK,DRAW,8/8/r6n/4K3/8/8/3k4/4B1R1 b - - 0 1
0,1,0,0,0,0,0,1,-1,1,0,1,1,1,0,0,0,0,0,16,0,0,3,4,4,1,5,0,3,6,0,1,0,0,0,0,0,0,0,7,1,1,0,0,0,0,3,0,1,0,KRBKRNvK,DRAW,8/1r6/1k6/4K3/1R6/n2B4/8/8 b - - 0 1
1,1,0,0,0,0,0,1,-1,1,0,1,1,1,0,0,0,0,0,16,0,0,6,7,4,1,0,3,5,31,18,0,0,0,0,0,0,0,0,7,1,1,0,0,0,0,1,1,1,0,KRBKRNvK,DRAW,4r3/8/4n3/4B2K/8/8/R7/1k6 w - - 0 1
0,1,0,0,0,0,0,1,-1,1,0,1,1,1,0,0,0,0,0,16,0,0,4,3,1,0,5,2,4,23,23,0,0,0,0,0,0,0,0,7,1,1,0,0,0,0,1,1,0,1,KRBKRNvK,DRAW,8/5n2/k5B1/8/8/8/3K3R/5r2 b - - 0 1
1,1,0,0,0,0,0,1,-1,1,0,1,1,1,0,0,0,0,0,16,0,0,6,1,1,6,7,4,5,27,19,0,0,0,0,0,0,0,0,7,1,1,1,0,0,0,0,2,0,1,KRBKRNvK,DRAW,5nk1/1R6/8/B7/3r4/8/1K6/8 w - - 0 1
0,1,0,0,0,0,0,1,-1,1,0,1,1,1,0,0,0,0,0,16,0,0,2,6,3,5,5,2,2,3,0,1,0,0,0,0,0,0,0,7,1,1,0,0,0,0,1,1,0,0,KRBKRNvK,DRAW,7r/2B5/n1R2k2/8/6K1/8/8/8 b - - 0 1
1,1,0,0,0,0,0,1,-1,1,0,1,1,1,0,0,0,0,0,16,0,0,6,0,5,6,4,4,2,23,21,0,0,0,0,0,0,0,0,7,1,1,0,0,0,0,0,2,1,0,KRBKRNvK,DRAW,8/4r3/K6R/6k1/8/8/8/4B1n1 w - - 0 1
0,1,0,0,0,0,0,1,-1,1,0,1,1,1,0,0,0,0,0,16,0,0,5,2,2,5,7,2,4,19,28,0,0,0,0,0,0,0,0,7,1,1,0,1,0,0,1,0,0,0,KRBKRNvK,DRAW,5k2/7n/8/8/6B1/2K5/7r/R7 b - - 0 1
1,1,0,0,0,0,0,1,-1,1,0,1,1,1,0,0,0,0,0,16,0,0,5,5,7,6,2,4,3,20,21,0,0,0,0,0,0,0,0,7,1,1,0,0,0,0,0,2,0,1,KRBKRNvK,WIN,5K2/8/7n/8/1B5r/6k1/8/1R6 w - - 0 1
1,1,0,0,0,0,0,1,-1,1,0,1,1,1,0,0,0,0,0,16,0,0,7,7,2,0,4,4,3,25,25,0,0,0,0,0,0,0,0,7,1,1,0,0,0,0,1,0,1,0,KRBKRNvK,DRAW,8/8/6r1/k1Bn4/8/7K/5R2/8 w - - 0 1
1,1,0,0,0,0,0,1,-1,1,0,1,1,1,0,0,0,0,0,16,0,0,6,1,7,7,3,5,3,18,15,0,0,0,0,0,0,0,0,7,1,1,0,0,0,0,1,0,0,0,KRBKRNvK,DRAW,RK4n1/2B5/8/8/7k/7r/8/8 w - - 0 1
0,1,0,0,0,0,0,1,-1,1,0,1,1,1,0,0,0,0,0,16,0,0,2,7,1,5,0,5,4,20,23,0,0,0,0,0,0,0,0,7,1,1,0,0,0,0,2,0,0,1,KRBKRNvK,DRAW,8/8/7B/1R6/8/6r1/7K/4nk2 b - - 0 1
1,1,0,0,0,0,0,1,-1,1,0,1,1,1,0,0,0,0,0,16,0,0,4,6,2,2,0,3,4,27,27,0,0,0,0,0,0,0,0,7,1,1,0,0,0,0,2,3,0,1,KRBKRNvK,DRAW,5R2/8/8/8/r7/4n1K1/6B1/2k5 w - - 0 1
0,1,0,0,0,0,0,1,-1,1,0,1,1,1,0,0,0,0,0,16,0,0,2,7,4,5,2,3,2,22,26,0,0,0,0,0,0,0,0,7,1,1,0,0,0,0,1,1,1,0,KRBKRNvK,DRAW,1R4n1/8/2r5/7K/8/3B1k2/8/8 b - - 0 1
0,1,0,0,0,0,0,1,-1,1,0,1,1,1,0,0,0,0,0,16,0,0,3,5,3,4,0,1,3,4,0,1,0,0,0,0,0,0,0,7,1,1,0,0,0,0,3,0,0,1,KRBKRNvK,DRAW,r7/8/8/4nB2/4RK2/8/8/4k3 b - - 0 1
0,1,0,0,0,0,0,1,-1,1,0,1,1,1,0,0,0,0,0,16,0,0,4,2,1,6,5,3,3,5,0,1,0,0,0,0,0,0,0,7,1,1,0,0,0,0,1,2,1,0,KRBKRNvK,DRAW,6R1/n7/6k1/8/6r1/1B6/2K5/8 b - - 0 1
1,1,0,0,0,0,0,1,-1,1,0,1,1,1,0,0,0,0,0,16,0,0,2,1,7,3,5,5,1,27,22,0,0,0,0,0,0,0,0,7,1,1,0,0,0,0,3,3,0,0,KRBKRNvK,DRAW,1K6/6B1/3k4/8/8/5r2/5n2/4R3 w - - 0 1
0,1,0,0,0,0,0,1,-1,1,0,1,1,1,0,0,0,0,0,16,0,0,4,4,5,2,1,1,3,28,27,0,0,0,0,0,0,0,0,7,1,1,0,0,0,0,3,2,0,2,KRBKRNvK,DRAW,5R2/4n3/4K3/4B3/3r4/8/2k5/8 b - - 0 1
1,1,0,0,0,0,0,1,-1,1,0,1,1,1,0,0,0,0,0,16,0,0,2,7,2,7,4,4,3,24,17,0,0,0,0,0,0,0,0,7,1,1,0,0,0,0,0,1,1,0,KRBKRNvK,DRAW,8/8/1r5B/1n5k/8/7K/8/R7 w - - 0 1
1,1,0,0,0,0,0,1,-1,1,0,1,1,1,0,0,0,0,0,16,0,0,6,0,3,6,3,3,2,24,23,0,0,0,0,0,0,0,0,7,1,1,0,0,0,0,2,2,0,0,KRBKRNvK,DRAW,8/2B5/5n2/2R5/K5k1/7r/8/8 w - - 0 1
0,1,0,0,0,0,0,1,-1,1,0,1,1,1,0,0,0,0,0,16,0,0,3,4,4,1,7,0,5,3,0,1,0,0,0,0,0,0,0,7,1,1,0,0,0,0,3,1,1,0,KRBKRNvK,DRAW,1k1R4/8/7r/4K3/8/8/2n1B3/8 b - - 0 1
0,1,0,0,0,0,0,1,-1,1,0,1,1,1,0,0,0,0,0,16,0,0,3,5,1,2,3,3,1,24,26,0,0,0,0,0,0,0,0,7,1,1,0,0,0,0,2,3,1,0,KRBKRNvK,DRAW,8/3B4/8/r6n/2k5/8/4RK2/8 b - - 0 1
1,1,0,0,0,0,0,1,-1,1,0,1,1,1,0,0,0,0,0,16,0,0,2,0,6,1,4,5,2,18,23,0,0,0,0,0,0,0,0,7,1,1,1,0,0,0,1,0,0,1,KRBKRNvK,DRAW,8/K5R1/6B1/nk6/8/7r/8/8 w - - 0 1
0,1,0,0,0,0,0,1,-1,1,0,1,1,1,0,0,0,0,0,16,0,0,6,7,4,1,3,3,2,16,24,0,0,0,0,0,0,0,0,7,1,1,0,0,0,0,2,0,1,1,KRBKRNvK,WIN,8/B7/8/3R3K/1k6/1r5n/8/8 b - - 0 1
1,1,0,0,0,0,0,1,-1,1,0,1,1,1,0,0,0,0,0,16,0,0,2,3,0,3,2,3,1,2,0,1,0,0,0,0,0,0,0,7,1,1,0,1,0,0,2,2,1,2,KRBKRNvK,LOSS,8/8/8/8/8/3k4/1r3n2/1R1K3B w - - 0 1
1,1,0,0,0,0,0,1,-1,1,0,1,1,1,0,0,0,0,0,16,0,0,6,1,6,7,2,4,4,7,0,1,0,0,0,0,0,0,0,7,1,1,0,0,0,0,1,1,0,0,KRBKRNvK,DRAW,8/1K4r1/5R2/5n2/8/4B2k/8/8 w - - 0 1
0,1,0,0,0,0,0,1,-1,1,0,1,1,1,0,0,0,0,0,16,0,0,3,1,2,1,5,3,3,21,29,0,0,0,0,0,0,0,0,7,1,1,0,0,0,0,1,2,0,0,KRBKRNvK,DRAW,8/8/1k6/4r3/5B2/1K6/R7/7n b - - 0 1
0,1,0,0,0,0,0,1,-1,1,0,1,1,1,0,0,0,0,0,16,0,0,6,2,6,7,0,3,6,10,23,0,0,0,0,0,0,0,0,7,1,1,0,1,0,0,3,0,0,0,KRBKRNvK,LOSS,B7/2K5/8/8/3n2R1/8/6r1/7k b - - 0 1
0,1,0,0,0,0,0,1,-1,1,0,1,1,1,0,0,0,0,0,16,0,0,6,7,2,1,6,4,4,5,0,1,0,0,0,0,0,0,0,7,1,1,0,0,0,0,1,2,0,0,KRBKRNvK,DRAW,4r3/1k6/n7/8/8/7K/5B2/1R6 b - - 0 1
0,1,0,0,0,0,0,1,-1,1,0,1,1,1,0,0,0,0,0,16,0,0,3,5,5,2,4,2,1,16,22,0,0,0,0,0,0,0,0,7,1,1,0,0,0,0,3,2,0,0,KRBKRNvK,DRAW,n4R2/2r5/5K2/2k5/8/8/6B1/8 b - - 0 1
1,1,0,0,0,0,0,1,-1,1,0,1,1,1,0,0,0,0,0,16,0,0,2,5,1,5,3,3,1,24,16,0,0,0,0,0,0,0,0,7,1,1,1,0,0,0,0,3,1,1,KRBKRNvK,DRAW,8/6R1/8/1n6/5kBr/8/5K2/8 w - - 0 1
1,1,0,0,0,0,0,1,-1,1,0,1,1,1,0,0,0,0,0,16,0,0,5,0,2,3,7,4,3,20,24,0,0,0,0,0,0,0,0,7,1,1,0,0,0,0,4,1,0,0,KRBKRNvK,DRAW,3k4/8/1r6/4R3/5n2/K7/1B6/8 w - - 0 1
1,1,0,0,0,0,0,1,-1,1,0,1,1,1,0,0,0,0,0,16,0,0,5,7,7,2,5,6,2,2,0,1,0,0,0,0,0,0,0,7,1,1,0,0,0,0,2,1,2,1,KRBKRNvK,DRAW,5r1K/8/Bnk5/8/1R6/8/8/8 w - - 0 1
1,1,0,0,0,0,0,1,-1,1,0,1,1,1,0,0,0,0,0,16,0,0,6,0,3,6,6,3,4,2,0,1,0,0,0,0,0,0,0,7,1,1,0,0,0,0,0,0,0,0,KRBKRNvK,DRAW,8/r5k1/8/8/K6B/8/5R2/2n5 w - - 0 1
0,1,0,0,0,0,0,1,-1,1,0,1,1,1,0,0,0,0,0,16,0,0,2,5,5,3,6,2,2,7,0,1,0,0,0,0,0,0,0,7,1,1,0,0,0,0,1,2,0,1,KRBKRNvK,LOSS,8/3k4/5K2/4r1R1/6B1/7n/8/8 b - - 0 1
0,1,0,0,0,0,0,1,-1,1,0,1,1,1,0,0,0,0,0,16,0,0,3,1,5,4,4,3,0,19,23,0,0,0,0,0,0,0,0,7,1,1,0,0,0,0,2,3,0,0,KRBKRNvK,DRAW,2B3n1/6r1/1K6/4k3/1R6/8/8/8 b - - 0 1
1,1,0,0,0,0,0,1,-1,1,0,1,1,1,0,0,0,0,0,16,0,0,4,5,6,5,2,3,2,20,25,0,0,0,0,0,0,0,0,7,1,1,0,0,0,0,0,2,0,1,KRBKRNvK,DRAW,2RB4/5K2/8/4r3/4n3/5k2/8/8 w - - 0 1
0,1,0,0,0,0,0,1,-1,1,0,1,1,1,0,0,0,0,0,16,0,0,7,2,0,4,7,4,3,24,19,0,0,0,0,0,0,0,0,7,1,1,0,0,0,0,0,3,0,1,KRBKRNvK,DRAW,4k3/8/8/1r6/8/7B/R1n5/2K5 b - - 0 1
1,1,0,0,0,0,0,1,-1,1,0,1,1,1,0,0,0,0,0,16,0,0,5,1,2,6,5,3,3,31,21,0,0,0,0,0,0,0,0,7,1,1,0,0,0,0,0,0,1,0,KRBKRNvK,DRAW,4n3/7r/6k1/8/6B1/1K6/8/5R2 w - - 0 1
0,1,0,0,0,0,0,1,-1,1,0,1,1,1,0,0,0,0,0,16,0,0,3,2,7,0,4,4,3,5,0,1,0,0,0,0,0,0,0,7,1,1,0,0,0,0,0,3,0,0,KRBKRNvK,DRAW,2K5/8/8/k1n5/4r3/7B/R7/8 b - - 0 1
0,1,0,0,0,0,0,1,-1,1,0,1,1,1,0,0,0,0,0,16,0,0,6,3,0,2,6,3,3,23,21,0,0,0,0,0,0,0,0,7,1,1,0,0,0,0,1,2,1,1,KRBKRNvK,DRAW,4r3/B1k5/8/8/8/R7/8/3Kn3 b - - 0 1
0,1,0,0,0,0,0,1,-1,1,0,1,1,1,0,0,0,0,0,16,0,0,5,0,2,4,7,4,3,22,19,0,0,0,0,0,0,0,0,7,1,1,0,1,0,0,3,2,0,1,KRBKRNvK,DRAW,4k3/7B/2n5/8/8/K2R4/2r5/8 b - - 0 1
0,1,0,0,0,0,0,1,-1,1,0,1,1,1,0,0,0,0,0,16,0,0,2,1,1,1,3,4,2,19,24,0,0,0,0,0,0,0,0,7,1,1,0,0,0,0,2,2,0,0,KRBKRNvK,DRAW,8/4r3/8/5RB1/1k6/8/1K6/4n3 b - - 0 1
0,1,0,0,0,0,0,1,-1,1,0,1,1,1,0,0,0,0,0,16,0,0,4,4,3,0,5,0,4,23,23,0,0,0,0,0,0,0,0,7,1,1,0,0,0,0,4,2,1,0,KRBKRNvK,DRAW,8/2B2n2/k7/7r/4K3/8/4R3/8 b - - 0 1
0,1,0,0,0,0,0,1,-1,1,0,1,1,1,0,0,0,0,0,16,0,0,6,2,6,2,0,3,4,12,20,0,0,0,0,0,0,0,0,7,1,1,1,0,0,0,1,0,0,2,KRBKRNvK,DRAW,r7/nRK5/6B1/8/8/8/8/2k5 b - - 0 1
0,1,0,0,0,0,0,1,-1,1,0,1,1,1,0,0,0,0,0,16,0,0,6,0,1,6,0,5,5,25,25,0,0,0,0,0,0,0,0,7,1,1,0,0,0,0,3,1,0,0,KRBKRNvK,DRAW,7r/2n5/3R4/8/8/8/K7/B5k1 b - - 0 1
0,1,0,0,0,0,0,1,-1,1,0,1,1,1,0,0,0,0,0,16,0,0,3,1,4,3,7,2,3,18,30,0,0,0,0,0,0,0,0,7,1,1,0,0,0,0,1,0,0,0,KRBKRNvK,DRAW,3k4/8/7r/1K3B2/8/6Rn/8/8 b - - 0 1
0,1,0,0,0,0,0,1,-1,1,0,1,1,1,0,0,0,0,0,16,0,0,3,4,0,3,3,3,0,27,17,0,0,0,0,0,0,0,0,7,1,1,0,1,0,0,0,3,0,1,KRBKRNvK,DRAW,8/8/8/8/1n1k3B/8/2r5/4K1R1 b - - 0 1
0,1,0,0,0,0,0,1,-1,1,0,1,1,1,0,0,0,0,0,16,0,0,3,0,4,3,6,3,2,19,22,0,0,0,0,0,0,0,0,7,1,1,0,0,0,0,1,2,2,0,KRBKRNvK,DRAW,1B6/3k4/1R6/K7/3r4/8/7n/8 b - - 0 1
1,1,0,0,0,0,0,1,-1,1,0,1,1,1,0,0,0,0,0,16,0,0,6,6,0,0,5,5,4,28,22,0,0,0,0,0,0,0,0,7,1,1,0,0,0,0,2,2,0,0,KRBKRNvK,DRAW,8/2nB4/k7/8/7R/3r4/8/6K1 w - - 0 1
0,1,0,0,0,0,0,1,-1,1,0,1,1,1,0,0,0,0,0,16,0,0,7,7,7,0,0,6,6,22,23,0,0,0,0,0,0,0,0,7,1,1,0,0,0,0,2,2,0,0,KRBKRNvK,DRAW,7K/7B/8/8/6R1/2n5/8/kr6 b - - 0 1
0,1,0,0,0,0,0,1,-1,1,0,1,1,1,0,0,0,0,0,16,0,0,6,6,6,0,0,4,6,15,22,0,0,0,0,0,0,0,0,7,1,1,0,0,0,0,2,0,1,1,KRBKRNvK,DRAW,7n/6K1/8/R7/8/8/B7/k6r b - - 0 1
1,1,0,0,0,0,0,1,-1,1,0,1,1,1,0,0,0,0,0,16,0,0,7,7,6,0,0,5,6,24,19,0,0,0,0,0,0,0,0,7,1,1,0,0,0,0,2,2,0,0,KRBKRNvK,DRAW,1B1r4/1n5K/4R3/8/8/8/8/k7 w - - 0 1
1,1,0,0,0,0,0,1,-1,1,0,1,1,1,0,0,0,0,0,16,0,0,3,1,3,0,0,2,6,27,19,0,0,0,0,0,0,0,0,7,1,1,0,0,0,0,2,2,0,1,KRBKRNvK,WIN,7n/B7/3r4/8/1K2R3/8/8/k7 w - - 0 1
1,1,0,0,0,0,0,1,-1,1,0,1,1,1,0,0,0,0,0,16,0,0,4,3,5,1,1,1,4,30,25,0,0,0,0,0,0,0,0,7,1,1,0,0,0,0,3,1,1,1,KRBKRNvK,DRAW,5r2/8/3K4/8/8/4B1n1/1k6/3R4 w - - 0 1
0,1,0,0,0,0,0,1,-1,1,0,1,1,1,0,0,0,0,0,16,0,0,6,1,5,7,4,3,3,3,0,1,0,0,0,0,0,0,0,7,1,1,0,0,0,0,2,1,0,0,KRBKRNvK,DRAW,8/8/1K6/2R4k/8/8/4n3/2B4r b - - 0 1
0,1,0,0,0,0,0,1,-1,1,0,1,1,1,0,0,0,0,0,16,0,0,3,3,4,0,1,0,5,19,22,0,0,0,0,0,0,0,0,7,1,1,0,1,0,0,4,0,0,0,KRBKRNvK,DRAW,1B6/8/8/3K4/8/3R4/k1r5/6n1 b - - 0 1
1,1,0,0,0,0,0,1,-1,1,0,1,1,1,0,0,0,0,0,16,0,0,7,4,7,3,0,3,3,15,25,0,0,0,0,0,0,0,0,7,1,1,0,0,0,0,2,1,0,1,KRBKRNvK,DRAW,1R2K3/1B6/5r2/8/8/1n6/8/3k4 w - - 0 1
1,1,0,0,0,0,0,1,-1,1,0,1,1,1,0,0,0,0,0,16,0,0,2,6,4,4,3,2,0,4,0,1,0,0,0,0,0,0,0,7,1,1,1,0,0,0,0,3,0,0,KRBKRNvK,DRAW,8/7R/8/6K1/1n2k3/B7/8/6r1 w - - 0 1
1,1,0,0,0,0,0,1,-1,1,0,1,1,1,0,0,0,0,0,16,0,0,7,1,0,4,7,5,3,4,0,1,0,0,0,0,0,0,0,7,1,1,1,0,0,0,2,1,1,0,KRBKRNvK,LOSS,4k3/3R4/8/8/5n2/8/7B/1K3r2 w - - 0 1
1,1,0,0,0,0,0,1,-1,1,0,1,1,1,0,0,0,0,0,16,0,0,4,2,3,6,4,1,2,29,26,0,0,0,0,0,0,0,0,7,1,1,0,0,0,0,2,3,0,2,KRBKRNvK,DRAW,8/8/4r3/2B3k1/2K5/R7/4n3/8 w - - 0 1
1,1,0,0,0,0,0,1,-1,1,0,1,1,1,0,0,0,0,0,16,0,0,5,1,7,4,2,5,1,1,0,1,0,0,0,0,0,0,0,7,1,1,1,0,0,0,0,3,1,1,KRBKRNvK,DRAW,1K5r/2R5/2n5/8/8/4k3/8/5B2 w - - 0 1
1,1,0,0,0,0,0,1,-1,1,0,1,1,1,0,0,0,0,0,16,0,0,4,1,1,1,5,4,3,5,0,1,0,0,0,0,0,0,0,7,1,1,0,1,0,0,0,2,0,0,KRBKRNvK,DRAW,4B3/8/1k6/2n5/8/8/RK2r3/8 w - - 0 1
0,1,0,0,0,0,0,1,-1,1,0,1,1,1,0,0,0,0,0,16,0,0,2,6,4,6,2,2,3,4,0,1,0,0,0,0,0,0,0,7,1,1,0,1,0,0,2,0,1,1,KRBKRNvK,DRAW,8/8/8/6K1/B6n/4R1k1/r7/8 b - - 0 1
1,1,0,0,0,0,0,1,-1,1,0,1,1,1,0,0,0,0,0,16,0,0,7,6,0,2,7,5,4,25,16,0,0,0,0,0,0,0,0,7,1,1,0,0,0,0,3,2,0,0,KRBKRNvK,DRAW,2kr4/7n/8/8/1R6/8/8/6KB w - - 0 1
1,1,0,0,0,0,0,1,-1,1,0,1,1,1,0,0,0,0,0,16,0,0,4,7,4,3,2,3,1,20,11,0,0,0,0,0,0,0,0,7,1,1,0,0,0,0,0,2,2,0,KRBKRNvK,DRAW,8/8/8/n6K/8/3k4/2R5/rB6 w - - 0 1
1,1,0,0,0,0,0,1,-1,1,0,1,1,1,0,0,0,0,0,16,0,0,6,1,2,7,6,3,5,24,21,0,0,0,0,0,0,0,0,7,1,1,0,0,0,0,2,0,0,0,KRBKRNvK,DRAW,2n5/2r4k/8/8/R6B/1K6/8/8 w - - 0 1
1,1,0,0,0,0,0,1,-1,1,0,1,1,1,0,0,0,0,0,16,0,0,2,0,1,2,0,5,4,24,25,0,0,0,0,0,0,0,0,7,1,1,0,0,0,0,2,1,0,0,KRBKRNvK,DRAW,8/7r/3n4/8/8/6R1/K7/2k4B w - - 0 1
0,1,0,0,0,0,0,1,-1,1,0,1,1,1,0,0,0,0,0,16,0,0,4,5,0,3,4,4,0,5,0,1,0,0,0,0,0,0,0,7,1,1,0,0,0,0,2,3,1,0,KRBKRNvK,DRAW,2r5/8/8/3k4/2n1B1R1/8/8/5K2 b - - 0 1
1,1,0,0,0,0,0,1,-1,1,0,1,1,1,0,0,0,0,0,16,0,0,7,0,7,7,0,6,6,3,0,1,0,0,0,0,0,0,0,7,1,1,0,0,0,0,3,2,0,0,KRBKRNvK,LOSS,K7/8/8/1R2B3/8/r1n5/8/7k w - - 0 1
0,1,0,0,0,0,0,1,-1,1,0,1,1,1,0,0,0,0,0,16,0,0,4,4,0,2,4,3,1,27,20,0,0,0,0,0,0,0,0,7,1,1,0,0,0,0,1,2,0,0,KRBKRNvK,WIN,8/5B2/8/2k5/4n3/1r6/8/4K2R b - - 0 1
0,1,0,0,0,0,0,1,-1,1,0,1,1,1,0,0,0,0,0,16,0,0,5,2,5,2,0,2,4,2,0,1,0,0,0,0,0,0,0,7,1,1,0,0,0,0,1,2,2,2,KRBKRNvK,LOSS,4n3/3r4/2K5/8/8/B7/R7/2k5 b - - 0 1
0,1,0,0,0,0,0,1,-1,1,0,1,1,1,0,0,0,0,0,16,0,0,2,6,0,4,0,5,3,20,23,0,0,0,0,0,0,0,0,7,1,1,0,1,0,0,3,1,0,1,KRBKRNvK,DRAW,1B6/8/8/8/7R/8/2r2n2/4k1K1 b - - 0 1
1,1,0,0,0,0,0,1,-1,1,0,1,1,1,0,0,0,0,0,16,0,0,4,7,7,4,3,6,0,24,22,0,0,0,0,0,0,0,0,7,1,1,0,0,0,0,0,3,1,0,KRBKRNvK,DRAW,7K/8/5R2/n6B/4k3/1r6/8/8 w - - 0 1
0,1,0,0,0,0,0,1,-1,1,0,1,1,1,0,0,0,0,0,16,0,0,2,5,2,3,4,2,0,25,23,0,0,0,0,0,0,0,0,7,1,1,0,0,0,0,3,3,1,1,KRBKRNvK,DRAW,7r/8/8/3k4/8/2B2K2/2R2n2/8 b - - 0 1
0,1,0,0,0,0,0,1,-1,1,0,1,1,1,0,0,0,0,0,16,0,0,2,5,4,7,5,1,4,1,0,1,0,0,0,0,0,0,0,7,1,1,0,0,0,0,2,1,0,0,KRBKRNvK,DRAW,2r1B3/8/7k/1n3K2/8/8/8/7R b - - 0 1
0,1,0,0,0,0,0,1,-1,1,0,1,1,1,0,0,0,0,0,16,0,0,4,4,6,1,2,2,3,22,28,0,0,0,0,0,0,0,0,7,1,1,0,0,0,0,0,2,1,0,KRBKRNvK,DRAW,8/4K3/8/8/3r4/1k6/4B2n/2R5 b - - 0 1
1,1,0,0,0,0,0,1,-1,1,0,1,1,1,0,0,0,0,0,16,0,0,3,0,5,3,7,4,3,3,0,1,0,0,0,0,0,0,0,7,1,1,0,0,0,0,1,1,2,1,KRBKRNvK,DRAW,3k4/6r1/K3BR2/2n5/8/8/8/8 w - - 0 1
1,1,0,0,0,0,0,1,-1,1,0,1,1,1,0,0,0,0,0,16,0,0,3,3,0,3,3,3,0,3,0,1,0,0,0,0,0,0,0,7,1,1,1,0,0,0,2,4,0,1,KRBKRNvK,DRAW,8/1B2R3/2n5/8/3k4/8/8/1r1K4 w - - 0 1
1,1,0,0,0,0,0,1,-1,1,0,1,1,1,0,0,0,0,0,16,0,0,5,7,4,2,6,3,3,21,18,0,0,0,0,0,0,0,0,7,1,1,0,0,0,0,2,0,0,0,KRBKRNvK,DRAW,r7/2k5/8/n6K/8/3R4/8/1B6 w - - 0 1
1,1,0,0,0,0,0,1,-1,1,0,1,1,1,0,0,0,0,0,16,0,0,6,6,0,4,6,5,2,4,0,1,0,0,0,0,0,0,0,7,1,1,0,0,0,0,3,1,0,1,KRBKRNvK,DRAW,8/4k3/4n3/8/5R2/6r1/1B6/6K1 w - - 0 1
0,1,0,0,0,0,0,1,-1,1,0,1,1,1,0,0,0,0,0,16,0,0,6,7,4,1,2,3,3,5,0,1,0,0,0,0,0,0,0,7,1,1,0,0,0,0,0,2,2,0,KRBKRNvK,DRAW,4r3/8/8/2n4K/8/1k6/3B4/1R6 b - - 0 1
0,1,0,0,0,0,0,1,-1,1,0,1,1,1,0,0,0,0,0,16,0,0,4,1,2,3,6,3,2,20,30,0,0,0,0,0,0,0,0,7,1,1,0,0,0,0,2,0,0,0,KRBKRNvK,DRAW,4n3/3k3r/8/8/8/1K6/6B1/5R2 b - - 0 1
0,1,0,0,0,0,0,1,-1,1,0,1,1,1,0,0,0,0,0,16,0,0,5,6,6,5,1,4,3,25,26,0,0,0,0,0,0,0,0,7,1,1,1,0,0,0,3,0,0,1,KRBKRNvK,DRAW,6n1/3R2K1/r7/5B2/8/8/5k2/8 b - - 0 1
0,1,0,0,0,0,0,1,-1,1,0,1,1,1,0,0,0,0,0,16,0,0,3,3,6,0,7,2,6,21,25,0,0,0,0,0,0,0,0,7,1,1,0,0,0,0,2,0,0,0,KRBKRNvK,DRAW,k7/3K2n1/8/3R4/8/8/3B4/7r b - - 0 1
1,1,0,0,0,0,0,1,-1,1,0,1,1,1,0,0,0,0,0,16,0,0,4,7,2,3,2,4,1,24,22,0,0,0,0,0,0,0,0,7,1,1,0,1,0,0,2,3,0,0,KRBKRNvK,WIN,4n3/8/6R1/8/8/3k3K/4r1B1/8 w - - 0 1
0,1,0,0,0,0,0,1,-1,1,0,1,1,1,0,0,0,0,0,16,0,0,7,7,0,0,0,6,6,3,0,1,0,0,0,0,0,0,0,7,1,1,0,0,0,0,2,2,1,0,KRBKRNvK,DRAW,8/8/n7/R7/6r1/1B6/8/k6K b - - 0 1
1,1,0,0,0,0,0,1,-1,1,0,1,1,1,0,0,0,0,0,16,0,0,3,4,2,3,5,1,1,5,0,1,0,0,0,0,0,0,0,7,1,1,0,0,0,0,2,3,0,2,KRBKRNvK,DRAW,8/8/3k2B1/6nR/8/4K3/8/4r3 w - - 0 1
0,1,0,0,0,0,0,1,-1,1,0,1,1,1,0,0,0,0,0,16,0,0,4,5,6,7,2,3,4,18,25,0,0,0,0,0,0,0,0,7,1,1,0,0,0,0,1,0,0,2,KRBKRNvK,DRAW,1B2n3/5K2/7r/8/8/7k/8/2R5 b - - 0 1
0,1,0,0,0,0,0,1,-1,1,0,1,1,1,0,0,0,0,0,16,0,0,4,6,2,2,2,3,2,22,28,0,0,0,0,0,0,0,0,7,1,1,0,1,0,0,2,2,1,0,KRBKRNvK,DRAW,5n2/4B3/8/1R6/8/2k3K1/3r4/8 b - - 0 1
1,1,0,0,0,0,0,1,-1,1,0,1,1,1,0,0,0,0,0,16,0,0,3,7,6,4,3,5,0,24,23,0,0,0,0,0,0,0,0,7,1,1,0,0,0,0,1,3,2,0,KRBKRNvK,DRAW,8/1n5K/8/8/4k3/4B3/4R3/r7 w - - 0 1
0,1,0,0,0,0,0,1,-1,1,0,1,1,1,0,0,0,0,0,16,0,0,6,6,1,0,6,4,5,22,30,0,0,0,0,0,0,0,0,7,1,1,0,0,0,0,3,2,0,0,KRBKRNvK,DRAW,8/k7/8/r7/1nB4R/8/6K1/8 b - - 0 1
0,1,0,0,0,0,0,1,-1,1,0,1,1,1,0,0,0,0,0,16,0,0,4,3,3,7,5,0,4,18,23,0,0,0,0,0,0,0,0,7,1,1,0,0,0,0,3,2,0,1,KRBKRNvK,DRAW,8/7n/7k/1r6/B2K4/8/8/6R1 b - - 0 1
0,1,0,0,0,0,0,1,-1,1,0,1,1,1,0,0,0,0,0,16,0,0,4,1,5,3,1,3,2,4,0,1,0,0,0,0,0,0,0,7,1,1,0,0,0,0,2,0,1,0,KRBKRNvK,LOSS,4R3/8/1K6/8/8/6r1/n2k4/4B3 b - - 0 1
1,1,0,0,0,0,0,1,-1,1,0,1,1,1,0,0,0,0,0,16,0,0,7,3,0,5,7,3,4,28,18,0,0,0,0,0,0,0,0,7,1,1,0,0,0,0,3,1,0,0,KRBKRNvK,DRAW,5k2/8/n7/4B1r1/8/4R3/8/3K4 w - - 0 1
0,1,0,0,0,0,0,1,-1,1,0,1,1,1,0,0,0,0,0,16,0,0,2,2,6,0,7,3,6,16,31,0,0,0,0,0,0,0,0,7,1,1,0,0,0,0,1,0,0,0,KRBKRNvK,LOSS,k7/2K4n/6R1/4B3/8/7r/8/8 b - - 0 1
0,1,0,0,0,0,0,1,-1,1,0,1,1,1,0,0,0,0,0,16,0,0,6,6,1,0,3,4,3,22,19,0,0,0,0,0,0,0,0,7,1,1,0,0,0,0,0,2,1,0,KRBKRNvK,DRAW,4r3/8/B6n/8/k7/8/6KR/8 b - - 0 1
0,1,0,0,0,0,0,1,-1,1,0,1,1,1,0,0,0,0,0,16,0,0,6,6,3,0,3,2,3,26,24,0,0,0,0,0,0,0,0,7,1,1,0,0,0,0,0,1,0,1,KRBKRNvK,DRAW,8/8/3n4/8/k5K1/7r/5R2/2B5 b - - 0 1
0,1,0,0,0,0,0,1,-1,1,0,1,1,1,0,0,0,0,0,16,0,0,6,0,3,6,2,3,3,26,20,0,0,0,0,0,0,0,0,7,1,1,0,0,0,0,1,3,0,2,KRBKRNvK,DRAW,8/8/1R6/1nr5/K7/1B4k1/8/8 b - - 0 1
0,1,0,0,0,0,0,1,-1,1,0,1,1,1,0,0,0,0,0,16,0,0,6,1,1,4,7,4,3,22,26,0,0,0,0,0,0,0,0,7,1,1,0,0,0,0,3,0,0,0,KRBKRNvK,DRAW,2n1k3/8/2r5/8/1R6/5B2/1K6/8 b - - 0 1
1,1,0,0,0,0,0,1,-1,1,0,1,1,1,0,0,0,0,0,16,0,0,6,0,6,6,7,5,5,26,24,0,0,0,0,0,0,0,0,7,1,1,0,0,0,0,0,1,1,0,KRBKRNvK,DRAW,6k1/K7/5R2/8/8/B2n4/8/6r1 w - - 0 1
0,1,0,0,0,0,0,1,-1,1,0,1,1,1,0,0,0,0,0,16,0,0,5,7,2,2,6,4,3,5,0,1,0,0,0,0,0,0,0,7,1,1,0,0,0,0,1,3,0,0,KRBKRNvK,DRAW,5R2/2k5/2n5/8/2r5/7K/7B/8 b - - 0 1
0,1,0,0,0,0,0,1,-1,1,0,1,1,1,0,0,0,0,0,16,0,0,2,6,2,4,3,3,0,25,24,0,0,0,0,0,0,0,0,7,1,1,0,0,0,0,1,4,0,0,KRBKRNvK,DRAW,2R5/8/1r6/8/4k3/2n3K1/8/6B1 b - - 0 1
0,1,0,0,0,0,0,1,-1,1,0,1,1,1,0,0,0,0,0,16,0,0,4,5,5,1,4,2,2,24,26,0,0,0,0,0,0,0,0,7,1,1,0,0,0,0,1,2,1,1,KRBKRNvK,DRAW,8/2B5/5K2/1k6/6r1/8/8/2n4R b - - 0 1
1,1,0,0,0,0,0,1,-1,1,0,1,1,1,0,0,0,0,0,16,0,0,4,4,7,1,3,3,2,23,24,0,0,0,0,0,0,0,0,7,1,1,0,0,0,0,0,3,0,0,KRBKRNvK,DRAW,4K3/8/5R2/6B1/1k1r4/3n4/8/8 w - - 0 1
1,1,0,0,0,0,0,1,-1,1,0,1,1,1,0,0,0,0,0,16,0,0,6,0,0,3,6,6,2,3,0,1,0,0,0,0,0,0,0,7,1,1,0,0,0,0,1,2,0,0,KRBKRNvK,DRAW,6n1/3k4/8/8/5B2/5R2/8/K3r3 w - - 0 1
0,1,0,0,0,0,0,1,-1,1,0,1,1,1,0,0,0,0,0,16,0,0,5,1,7,2,2,5,2,25,21,0,0,0,0,0,0,0,0,7,1,1,0,0,0,0,2,1,0,1,KRBKRNvK,DRAW,1K2R3/8/r6n/7B/8/2k5/8/8 b - - 0 1
0,1,0,0,0,0,0,1,-1,1,0,1,1,1,0,0,0,0,0,16,0,0,2,4,6,6,6,2,4,13,24,0,0,0,0,0,0,0,0,7,1,1,0,0,0,0,2,0,0,0,KRBKRNvK,DRAW,n7/4K1kr/8/B7/8/8/4R3/8 b - - 0 1
0,1,0,0,0,0,0,1,-1,1,0,1,1,1,0,0,0,0,0,16,0,0,6,3,1,0,7,2,6,1,0,1,0,0,0,0,0,0,0,7,1,1,0,0,0,0,2,2,2,0,KRBKRNvK,DRAW,k1R5/8/2B1r3/8/8/6n1/3K4/8 b - - 0 1
0,1,0,0,0,0,0,1,-1,1,0,1,1,1,0,0,0,0,0,16,0,0,2,3,3,1,5,0,3,21,23,0,0,0,0,0,0,0,0,7,1,1,0,0,0,0,3,2,1,0,KRBKRNvK,DRAW,n7/8/1k6/7r/1B1K4/1R6/8/8 b - - 0 1
0,1,0,0,0,0,0,1,-1,1,0,1,1,1,0,0,0,0,0,16,0,0,3,6,0,6,3,5,2,5,0,1,0,0,0,0,0,0,0,7,1,1,0,0,0,0,0,2,0,0,KRBKRNvK,DRAW,8/3B4/8/1n6/4r1k1/8/8/5RK1 b - - 0 1
0,1,0,0,0,0,0,1,-1,1,0,1,1,1,0,0,0,0,0,16,0,0,2,5,1,7,0,3,6,2,0,1,0,0,0,0,0,0,0,7,1,1,0,0,0,0,2,1,0,0,KRBKRNvK,LOSS,1R6/1B6/r7/8/8/8/2n2K2/7k b - - 0 1
1,1,0,0,0,0,0,1,-1,1,0,1,1,1,0,0,0,0,0,16,0,0,5,6,4,1,5,2,3,25,20,0,0,0,0,0,0,0,0,7,1,1,0,0,0,0,3,2,1,0,KRBKRNvK,DRAW,7n/8/1k6/2R2BK1/3r4/8/8/8 w - - 0 1
0,1,0,0,0,0,0,1,-1,1,0,1,1,1,0,0,0,0,0,16,0,0,4,7,4,4,0,3,3,7,0,1,0,0,0,0,0,0,0,7,1,1,0,0,0,0,2,2,0,1,KRBKRNvK,DRAW,4R3/7B/8/2n4K/5r2/8/8/4k3 b - - 0 1
0,1,0,0,0,0,0,1,-1,1,0,1,1,1,0,0,0,0,0,16,0,0,5,7,4,2,1,3,3,24,24,0,0,0,0,0,0,0,0,7,1,1,0,0,0,0,0,2,0,1,KRBKRNvK,DRAW,8/3B4/2n2r2/7K/8/8/2k5/6R1 b - - 0 1
0,1,0,0,0,0,0,1,-1,1,0,1,1,1,0,0,0,0,0,16,0,0,3,7,4,6,1,3,4,27,25,0,0,0,0,0,0,0,0,7,1,1,0,0,0,0,0,0,0,0,KRBKRNvK,DRAW,8/8/r7/3n2BK/8/8/6k1/1R6 b - - 0 1
1,1,0,0,0,0,0,1,-1,1,0,1,1,1,0,0,0,0,0,16,0,0,5,0,6,5,3,5,1,25,21,0,0,0,0,0,0,0,0,7,1,1,0,0,0,0,0,3,1,2,KRBKRNvK,DRAW,8/K7/8/n1r5/5k2/8/6R1/3B4 w - - 0 1
1,1,0,0,0,0,0,1,-1,1,0,1,1,1,0,0,0,0,0,16,0,0,7,2,7,4,0,4,3,22,17,0,0,0,0,0,0,0,0,7,1,1,0,0,0,0,0,0,0,0,KRBKRNvK,DRAW,2K5/7r/6R1/7n/8/7B/8/4k3 w - - 0 1
1,1,0,0,0,0,0,1,-1,1,0,1,1,1,0,0,0,0,0,16,0,0,5,2,1,5,6,3,3,28,22,0,0,0,0,0,0,0,0,7,1,1,0,0,0,0,2,2,1,0,KRBKRNvK,DRAW,8/5kB1/n3r3/8/8/8/2K4R/8 w - - 0 1
1,1,0,0,0,0,0,1,-1,1,0,1,1,1,0,0,0,0,0,16,0,0,5,5,5,1,0,2,5,8,0,1,0,0,0,0,0,0,0,7,1,1,0,0,0,0,2,1,0,0,KRBKRNvK,DRAW,8/8/r4K2/8/8/4R1B1/3n4/1k6 w - - 0 1
1,1,0,0,0,0,0,1,-1,1,0,1,1,1,0,0,0,0,0,16,0,0,5,0,2,5,5,4,2,23,17,0,0,0,0,0,0,0,0,7,1,1,0,0,0,0,2,3,2,0,KRBKRNvK,DRAW,5B2/8/5k2/3R4/5r2/K7/6n1/8 w - - 0 1
0,1,0,0,0,0,0,1,-1,1,0,1,1,1,0,0,0,0,0,16,0,0,5,0,5,4,0,4,3,19,20,0,0,0,0,0,0,0,0,7,1,1,0,0,0,0,2,1,2,1,KRBKRNvK,DRAW,8/1r2n3/K7/8/8/5BR1/8/4k3 b - - 0 1
0,1,0,0,0,0,0,1,-1,1,0,1,1,1,0,0,0,0,0,16,0,0,5,5,5,0,7,2,6,19,27,0,0,0,0,0,0,0,0,7,1,1,0,0,0,0,2,2,1,0,KRBKRNvK,DRAW,k7/8/1B3K2/8/2r5/8/8/1R4n1 b - - 0 1
1,1,0,0,0,0,0,1,-1,1,0,1,1,1,0,0,0,0,0,16,0,0,5,0,1,5,6,5,3,26,18,0,0,0,0,0,0,0,0,7,1,1,0,0,0,0,0,0,1,0,KRBKRNvK,DRAW,6R1/2r2k2/n7/8/8/8/K7/4B3 w - - 0 1
0,1,0,0,0,0,0,1,-1,1,0,1,1,1,0,0,0,0,0,16,0,0,4,6,0,3,4,5,0,7,0,1,0,0,0,0,0,0,0,7,1,1,0,0,0,0,2,3,0,0,KRBKRNvK,DRAW,4r3/8/8/3k4/8/R7/8/n5KB b - - 0 1
0,1,0,0,0,0,0,1,-1,1,0,1,1,1,0,0,0,0,0,16,0,0,5,6,2,5,7,3,4,20,24,0,0,0,0,0,0,0,0,7,1,1,0,0,0,0,3,2,0,1,KRBKRNvK,DRAW,5k2/8/8/8/5r2/4R1K1/1n4B1/8 b - - 0 1
0,1,0,0,0,0,0,1,-1,1,0,1,1,1,0,0,0,0,0,16,0,0,4,1,3,5,4,2,1,4,0,1,0,0,0,0,0,0,0,7,1,1,0,0,0,0,2,4,2,1,KRBKRNvK,DRAW,8/3B4/8/3R1k2/1K5n/3r4/8/8 b - - 0 1
0,1,0,0,0,0,0,1,-1,1,0,1,1,1,0,0,0,0,0,16,0,0,2,2,5,0,4,2,3,20,23,0,0,0,0,0,0,0,0,7,1,1,0,1,0,0,1,2,0,0,KRBKRNvK,DRAW,8/3B4/2K5/k7/8/8/4r3/2n3R1 b - - 0 1
1,1,0,0,0,0,0,1,-1,1,0,1,1,1,0,0,0,0,0,16,0,0,2,5,5,3,6,2,2,4,0,1,0,0,0,0,0,0,0,7,1,1,0,0,0,0,1,2,1,2,KRBKRNvK,DRAW,8/3k4/1R2rK2/7B/6n1/8/8/8 w - - 0 1
1,1,0,0,0,0,0,1,-1,1,0,1,1,1,0,0,0,0,0,16,0,0,4,1,6,5,4,4,1,26,22,0,0,0,0,0,0,0,0,7,1,1,1,0,0,0,0,2,1,0,KRBKRNvK,DRAW,8/1KR5/6nB/5k2/8/6r1/8/8 w - - 0 1
1,1,0,0,0,0,0,1,-1,1,0,1,1,1,0,0,0,0,0,16,0,0,4,0,7,2,3,6,1,28,24,0,0,0,0,0,0,0,0,7,1,1,0,0,0,0,3,4,0,0,KRBKRNvK,DRAW,K7/8/8/4rB2/2k5/5n2/8/3R4 w - - 0 1
0,1,0,0,0,0,0,1,-1,1,0,1,1,1,0,0,0,0,0,16,0,0,3,5,3,2,6,1,3,20,29,0,0,0,0,0,0,0,0,7,1,1,0,0,0,0,2,0,0,0,KRBKRNvK,DRAW,8/2k5/8/8/B4K2/8/n6R/2r5 b - - 0 1
1,1,0,0,0,0,0,1,-1,1,0,1,1,1,0,0,0,0,0,16,0,0,5,4,5,6,0,1,5,23,25,0,0,0,0,0,0,0,0,7,1,1,0,0,0,0,2,1,0,1,KRBKRNvK,DRAW,R7/2r5/4K3/8/8/Bn6/8/6k1 w - - 0 1
0,1,0,0,0,0,0,1,-1,1,0,1,1,1,0,0,0,0,0,16,0,0,4,2,0,1,4,4,2,26,27,0,0,0,0,0,0,0,0,7,1,1,0,0,0,0,1,2,2,0,KRBKRNvK,DRAW,8/5r2/2nB4/1k6/8/2R5/8/2K5 b - - 0 1
0,1,0,0,0,0,0,1,-1,1,0,1,1,1,0,0,0,0,0,16,0,0,5,5,6,0,4,3,3,3,0,1,0,0,0,0,0,0,0,7,1,1,0,0,0,0,2,0,1,1,KRBKRNvK,DRAW,8/5K2/6r1/k1R5/7n/8/8/5B2 b - - 0 1
0,1,0,0,0,0,0,1,-1,1,0,1,1,1,0,0,0,0,0,16,0,0,3,4,3,7,2,0,4,20,25,0,0,0,0,0,0,0,0,7,1,1,0,0,0,0,4,0,0,0,KRBKRNvK,DRAW,8/7r/2B5/2R5/4K3/7k/8/2n5 b - - 0 1
1,1,0,0,0,0,0,1,-1,1,0,1,1,1,0,0,0,0,0,16,0,0,4,0,6,4,6,5,2,23,22,0,0,0,0,0,0,0,0,7,1,1,0,0,0,0,0,2,0,0,KRBKRNvK,DRAW,8/K3k3/R7/8/3r4/8/8/1n2B3 w - - 0 1
1,1,0,0,0,0,0,1,-1,1,0,1,1,1,0,0,0,0,0,16,0,0,5,6,3,1,0,2,5,25,21,0,0,0,0,0,0,0,0,7,1,1,0,0,0,0,2,2,0,0,KRBKRNvK,DRAW,8/3n4/8/1r6/6K1/8/4R2B/1k6 w - - 0 1
0,1,0,0,0,0,0,1,-1,1,0,1,1,1,0,0,0,0,0,16,0,0,4,6,1,5,5,4,2,7,0,1,0,0,0,0,0,0,0,7,1,1,0,0,0,0,0,3,0,1,KRBKRNvK,DRAW,8/8/BR3k2/8/8/2n5/6K1/4r3 b - - 0 1
1,1,0,0,0,0,0,1,-1,1,0,1,1,1,0,0,0,0,0,16,0,0,2,3,4,1,3,0,2,20,25,0,0,0,0,0,0,0,0,7,1,1,0,0,0,0,4,1,1,1,KRBKRNvK,DRAW,8/8/8/2RK1n1B/1k6/8/8/6r1 w - - 0 1
0,1,0,0,0,0,0,1,-1,1,0,1,1,1,0,0,0,0,0,16,0,0,6,1,0,3,6,5,2,18,23,0,0,0,0,0,0,0,0,7,1,1,0,0,0,0,3,0,0,0,KRBKRNvK,DRAW,7B/n1rk4/8/8/1R6/8/8/1K6 b - - 0 1
0,1,0,0,0,0,0,1,-1,1,0,1,1,1,0,0,0,0,0,16,0,0,6,7,4,1,1,3,4,5,0,1,0,0,0,0,0,0,0,7,1,1,0,0,0,0,2,0,0,0,KRBKRNvK,DRAW,7n/2r5/5B2/7K/8/8/1k6/5R2 b - - 0 1
1,1,0,0,0,0,0,1,-1,1,0,1,1,1,0,0,0,0,0,16,0,0,5,6,1,4,6,4,2,23,20,0,0,0,0,0,0,0,0,7,1,1,0,0,0,0,2,2,1,0,KRBKRNvK,DRAW,4n3/3rk3/8/6R1/7B/8/6K1/8 w - - 0 1
1,1,0,0,0,0,0,1,-1,1,0,1,1,1,0,0,0,0,0,16,0,0,3,4,0,1,0,3,5,1,0,1,0,0,0,0,0,0,0,7,1,1,0,0,0,0,2,0,1,0,KRBKRNvK,DRAW,8/8/B7/8/4n3/3R4/8/1k2K2r w - - 0 1
0,1,0,0,0,0,0,1,-1,1,0,1,1,1,0,0,0,0,0,16,0,0,6,2,1,1,7,3,5,25,30,0,0,0,0,0,0,0,0,7,1,1,0,0,0,0,2,1,0,1,KRBKRNvK,WIN,1k6/7r/8/5R2/2B5/8/2K1n3/8 b - - 0 1
1,1,0,0,0,0,0,1,-1,1,0,1,1,1,0,0,0,0,0,16,0,0,2,2,3,0,5,1,4,32,22,0,0,0,0,0,0,0,0,7,1,1,0,0,0,0,3,2,0,0,KRBKRNvK,DRAW,4r3/8/k2B4/6n1/2K5/8/1R6/8 w - - 0 1
1,1,0,0,0,0,0,1,-1,1,0,1,1,1,0,0,0,0,0,16,0,0,3,2,7,5,4,4,1,25,15,0,0,0,0,0,0,0,0,7,1,1,0,0,0,0,2,2,1,0,KRBKRNvK,DRAW,2K5/8/7n/5k2/3R4/8/8/3B1r2 w - - 0 1
1,1,0,0,0,0,0,1,-1,1,0,1,1,1,0,0,0,0,0,16,0,0,3,1,1,4,2,4,1,27,21,0,0,0,0,0,0,0,0,7,1,1,0,0,0,0,3,3,1,1,KRBKRNvK,DRAW,7n/8/4B3/8/2R5/4k3/1K6/3r4 w - - 0 1
0,1,0,0,0,0,0,1,-1,1,0,1,1,1,0,0,0,0,0,16,0,0,6,7,5,1,3,4,2,20,21,0,0,0,0,0,0,0,0,7,1,1,0,0,0,0,2,0,1,0,KRBKRNvK,DRAW,3R4/8/7K/8/1k6/1r6/B7/5n2 b - - 0 1
0,1,0,0,0,0,0,1,-1,1,0,1,1,1,0,0,0,0,0,16,0,0,6,4,1,5,7,2,4,23,29,0,0,0,0,0,0,0,0,7,1,1,0,0,0,0,0,2,0,0,KRBKRNvK,DRAW,2n2k2/8/8/1r6/6B1/R7/4K3/8 b - - 0 1
0,1,0,0,0,0,0,1,-1,1,0,1,1,1,0,0,0,0,0,16,0,0,4,7,6,3,4,5,0,23,20,0,0,0,0,0,0,0,0,7,1,1,0,1,0,0,0,3,0,0,KRBKRNvK,DRAW,8/7K/8/3k4/8/R7/4n1r1/3B4 b - - 0 1
0,1,0,0,0,0,0,1,-1,1,0,1,1,1,0,0,0,0,0,16,0,0,5,5,6,0,2,3,4,23,25,0,0,0,0,0,0,0,0,7,1,1,0,0,0,0,3,2,0,0,KRBKRNvK,DRAW,8/5K2/nB2R3/8/6r1/k7/8/8 b - - 0 1
1,1,0,0,0,0,0,1,-1,1,0,1,1,1,0,0,0,0,0,16,0,0,3,6,1,3,2,4,1,5,0,1,0,0,0,0,0,0,0,7,1,1,0,1,0,0,2,2,0,0,KRBKRNvK,DRAW,2n5/8/8/R7/8/3k4/3r2K1/7B w - - 0 1
0,1,0,0,0,0,0,1,-1,1,0,1,1,1,0,0,0,0,0,16,0,0,5,0,1,1,6,5,4,6,0,1,0,0,0,0,0,0,0,7,1,1,0,0,0,0,3,1,0,0,KRBKRNvK,DRAW,2r5/1k1n4/8/7R/8/8/K5B1/8 b - - 0 1
0,1,0,0,0,0,0,1,-1,1,0,1,1,1,0,0,0,0,0,16,0,0,5,2,2,0,7,2,6,3,0,1,0,0,0,0,0,0,0,7,1,1,0,0,0,0,2,1,0,1,KRBKRNvK,DRAW,k5R1/8/1r6/8/2n5/2KB4/8/8 b - - 0 1
0,1,0,0,0,0,0,1,-1,1,0,1,1,1,0,0,0,0,0,16,0,0,4,7,2,5,6,4,3,5,0,1,0,0,0,0,0,0,0,7,1,1,0,0,0,0,1,1,0,1,KRBKRNvK,LOSS,8/5k2/6n1/8/2B5/7K/R7/5r2 b - - 0 1
0,1,0,0,0,0,0,1,-1,1,0,1,1,1,0,0,0,0,0,16,0,0,2,5,1,6,3,3,2,26,24,0,0,0,0,0,0,0,0,7,1,1,0,0,0,0,3,2,1,1,KRBKRNvK,DRAW,8/6B1/8/1n6/6k1/3r4/4RK2/8 b - - 0 1
0,1,0,0,0,0,0,1,-1,1,0,1,1,1,0,0,0,0,0,16,0,0,7,7,7,0,4,6,3,24,25,0,0,0,0,0,0,0,0,7,1,1,0,0,0,0,2,3,1,0,KRBKRNvK,DRAW,7K/8/4n3/k7/8/2R5/6B1/4r3 b - - 0 1
1,1,0,0,0,0,0,1,-1,1,0,1,1,1,0,0,0,0,0,16,0,0,3,0,1,0,4,5,3,26,20,0,0,0,0,0,0,0,0,7,1,1,1,0,0,0,0,1,0,0,KRBKRNvK,DRAW,8/5R2/8/k7/8/6n1/K7/3B3r w - - 0 1
0,1,0,0,0,0,0,1,-1,1,0,1,1,1,0,0,0,0,0,16,0,0,7,7,4,0,6,3,5,20,22,0,0,0,0,0,0,0,0,7,1,1,0,0,0,0,0,0,0,0,KRBKRNvK,DRAW,1r6/k3B3/7R/7K/8/8/8/2n5 b - - 0 1
0,1,0,0,0,0,0,1,-1,1,0,1,1,1,0,0,0,0,0,16,0,0,5,5,2,4,7,2,3,24,18,0,0,0,0,0,0,0,0,7,1,1,0,0,0,0,2,2,0,1,KRBKRNvK,DRAW,1B2k3/8/4n3/8/4r3/5K2/5R2/8 b - - 0 1
0,1,0,0,0,0,0,1,-1,1,0,1,1,1,0,0,0,0,0,16,0,0,5,3,6,0,1,2,5,5,0,1,0,0,0,0,0,0,0,7,1,1,0,0,0,0,0,2,0,0,KRBKRNvK,DRAW,8/3K4/8/8/5r2/7B/k5Rn/8 b - - 0 1
1,1,0,0,0,0,0,1,-1,1,0,1,1,1,0,0,0,0,0,16,0,0,2,5,1,3,0,3,3,26,18,0,0,0,0,0,0,0,0,7,1,1,0,0,0,0,3,0,0,0,KRBKRNvK,DRAW,8/8/6B1/1R6/8/2r5/5K2/n2k4 w - - 0 1
1,1,0,0,0,0,0,1,-1,1,0,1,1,1,0,0,0,0,0,16,0,0,3,2,2,0,5,2,4,7,0,1,0,0,0,0,0,0,0,7,1,1,0,0,0,0,3,0,0,1,KRBKRNvK,DRAW,6r1/8/k5B1/5R2/8/2K5/8/1n6 w - - 0 1
0,1,0,0,0,0,0,1,-1,1,0,1,1,1,0,0,0,0,0,16,0,0,5,6,7,1,5,5,3,8,0,1,0,0,0,0,0,0,0,7,1,1,0,0,0,0,1,2,0,0,KRBKRNvK,DRAW,6KR/8/1k6/1n1r4/8/4B3/8/8 b - - 0 1
0,1,0,0,0,0,0,1,-1,1,0,1,1,1,0,0,0,0,0,16,0,0,3,2,3,4,0,1,3,21,25,0,0,0,0,0,0,0,0,7,1,1,0,0,0,0,3,2,1,1,KRBKRNvK,DRAW,8/8/8/8/2K2R2/2n2B2/8/r3k3 b - - 0 1
0,1,0,0,0,0,0,1,-1,1,0,1,1,1,0,0,0,0,0,16,0,0,6,0,1,6,4,5,2,28,29,0,0,0,0,0,0,0,0,7,1,1,0,0,0,0,1,1,0,1,KRBKRNvK,DRAW,1R6/8/8/3B2k1/8/6n1/K7/2r5 b - - 0 1
1,1,0,0,0,0,0,1,-1,1,0,1,1,1,0,0,0,0,0,16,0,0,3,7,3,4,1,3,2,30,23,0,0,0,0,0,0,0,0,7,1,1,0,0,0,0,1,2,0,0,KRBKRNvK,DRAW,2R5/8/8/4B3/7K/3r4/4k3/4n3 w - - 0 1
0,1,0,0,0,0,0,1,-1,1,0,1,1,1,0,0,0,0,0,16,0,0,7,3,7,5,0,3,4,23,21,0,0,0,0,0,0,0,0,7,1,1,0,0,0,0,2,0,0,0,KRBKRNvK,DRAW,2BK4/7r/8/8/3R4/n7/8/5k2 b - - 0 1
0,1,0,0,0,0,0,1,-1,1,0,1,1,1,0,0,0,0,0,16,0,0,2,7,5,7,7,4,6,1,0,1,0,0,0,0,0,0,0,7,1,1,0,0,0,0,0,2,1,1,KRBKRNvK,DRAW,5R1k/1r6/5n1K/8/8/8/8/4B3 b - - 0 1
0,1,0,0,0,0,0,1,-1,1,0,1,1,1,0,0,0,0,0,16,0,0,2,2,4,4,5,1,1,6,0,1,0,0,0,0,0,0,0,7,1,1,0,0,0,0,4,2,0,1,KRBKRNvK,DRAW,8/4r3/4k3/2K5/6n1/8/3BR3/8 b - - 0 1
1,1,0,0,0,0,0,1,-1,1,0,1,1,1,0,0,0,0,0,16,0,0,2,5,6,7,6,3,5,26,19,0,0,0,0,0,0,0,0,7,1,1,0,0,0,0,2,0,0,0,KRBKRNvK,WIN,1B6/5K1k/8/3R4/8/8/n7/6r1 w - - 0 1
0,1,0,0,0,0,0,1,-1,1,0,1,1,1,0,0,0,0,0,16,0,0,2,4,1,2,2,2,2,19,27,0,0,0,0,0,0,0,0,7,1,1,0,0,0,0,3,1,1,0,KRBKRNvK,DRAW,8/8/7r/R7/7n/2k5/4KB2/8 b - - 0 1
0,1,0,0,0,0,0,1,-1,1,0,1,1,1,0,0,0,0,0,16,0,0,5,2,7,7,6,4,5,18,23,0,0,0,0,0,0,0,0,7,1,1,0,0,0,0,2,0,0,1,KRBKRNvK,DRAW,2K5/r6k/3BR3/8/8/8/8/7n b - - 0 1
0,1,0,0,0,0,0,1,-1,1,0,1,1,1,0,0,0,0,0,16,0,0,6,6,1,2,7,4,4,21,29,0,0,0,0,0,0,0,0,7,1,1,0,0,0,0,2,3,0,0,KRBKRNvK,DRAW,2kr4/6B1/6n1/8/8/8/R5K1/8 b - - 0 1
1,1,0,0,0,0,0,1,-1,1,0,1,1,1,0,0,0,0,0,16,0,0,6,7,0,1,6,6,4,24,23,0,0,0,0,0,0,0,0,7,1,1,0,0,0,0,2,2,0,0,KRBKRNvK,DRAW,8/1k5B/8/1r6/3R4/8/n7/7K w - - 0 1
1,1,0,0,0,0,0,1,-1,1,0,1,1,1,0,0,0,0,0,16,0,0,6,7,6,2,0,5,4,26,26,0,0,0,0,0,0,0,0,7,1,1,0,0,0,0,3,2,1,0,KRBKRNvK,DRAW,8/7K/8/4r3/5R2/2n5/B7/2k5 w - - 0 1
1,1,0,0,0,0,0,1,-1,1,0,1,1,1,0,0,0,0,0,16,0,0,4,0,5,4,3,4,0,22,22,0,0,0,0,0,0,0,0,7,1,1,0,0,0,0,0,4,0,0,KRBKRNvK,DRAW,2B5/5r2/K7/6n1/4k3/7R/8/8 w - - 0 1
0,1,0,0,0,0,0,1,-1,1,0,1,1,1,0,0,0,0,0,16,0,0,3,3,5,6,2,1,3,16,29,0,0,0,0,0,0,0,0,7,1,1,0,0,0,0,3,0,2,1,KRBKRNvK,DRAW,1n6/8/3K4/6B1/4R3/6k1/8/6r1 b - - 0 1
0,1,0,0,0,0,0,1,-1,1,0,1,1,1,0,0,0,0,0,16,0,0,3,6,6,3,5,4,1,6,0,1,0,0,0,0,0,0,0,7,1,1,0,0,0,0,0,3,0,0,KRBKRNvK,DRAW,8/6K1/R2k4/8/7B/1r6/3n4/8 b - - 0 1
1,1,0,0,0,0,0,1,-1,1,0,1,1,1,0,0,0,0,0,16,0,0,2,3,2,5,1,1,3,30,18,0,0,0,0,0,0,0,0,7,1,1,0,0,0,0,3,0,1,0,KRBKRNvK,DRAW,2R5/8/8/n7/5Br1/3K4/5k2/8 w - - 0 1
0,1,0,0,0,0,0,1,-1,1,0,1,1,1,0,0,0,0,0,16,0,0,6,7,6,1,4,5,2,27,21,0,0,0,0,0,0,0,0,7,1,1,0,0,0,0,2,1,0,1,KRBKRNvK,DRAW,7B/7K/6r1/1k6/8/4n3/8/R7 b - - 0 1
1,1,0,0,0,0,0,1,-1,1,0,1,1,1,0,0,0,0,0,16,0,0,2,5,3,3,4,1,0,20,25,0,0,0,0,0,0,0,0,7,1,1,0,0,0,0,2,3,0,1,KRBKRNvK,DRAW,8/8/R6B/3k4/4nK2/8/8/1r6 w - - 0 1
0,1,0,0,0,0,0,1,-1,1,0,1,1,1,0,0,0,0,0,16,0,0,3,3,2,6,3,1,2,25,23,0,0,0,0,0,0,0,0,7,1,1,0,0,0,0,3,2,0,2,KRBKRNvK,DRAW,8/8/2BR4/8/1r4k1/3K4/4n3/8 b - - 0 1
0,1,0,0,0,0,0,1,-1,1,0,1,1,1,0,0,0,0,0,16,0,0,6,0,6,6,5,5,3,23,21,0,0,0,0,0,0,0,0,7,1,1,0,0,0,0,0,2,2,0,KRBKRNvK,DRAW,4R3/K3B3/6k1/8/8/8/1n6/3r4 b - - 0 1
1,1,0,0,0,0,0,1,-1,1,0,1,1,1,0,0,0,0,0,16,0,0,7,0,5,7,4,4,3,26,18,0,0,0,0,0,0,0,0,7,1,1,0,0,0,0,2,2,0,0,KRBKRNvK,DRAW,8/8/K2R4/3B3k/6r1/6n1/8/8 w - - 0 1
0,1,0,0,0,0,0,1,-1,1,0,1,1,1,0,0,0,0,0,16,0,0,3,1,3,4,1,2,2,22,32,0,0,0,0,0,0,0,0,7,1,1,0,1,0,0,1,3,0,1,KRBKRNvK,DRAW,2R5/8/8/5Bn1/1K6/8/3rk3/8 b - - 0 1
0,1,0,0,0,0,0,1,-1,1,0,1,1,1,0,0,0,0,0,16,0,0,6,2,0,7,6,4,5,21,27,0,0,0,0,0,0,0,0,7,1,1,0,0,0,0,2,0,0,0,KRBKRNvK,DRAW,3R4/7k/1r6/n1B5/8/8/8/2K5 b - - 0 1
0,1,0,0,0,0,0,1,-1,1,0,1,1,1,0,0,0,0,0,16,0,0,7,4,0,3,7,3,3,23,28,0,0,0,0,0,0,0,0,7,1,1,0,0,0,0,2,1,0,0,KRBKRNvK,DRAW,3k4/3n4/5r2/7R/2B5/8/8/4K3 b - - 0 1
0,1,0,0,0,0,0,1,-1,1,0,1,1,1,0,0,0,0,0,16,0,0,6,7,5,1,5,4,3,4,0,1,0,0,0,0,0,0,0,7,1,1,0,0,0,0,2,2,1,1,KRBKRNvK,DRAW,7n/4r3/1k5K/B6R/8/8/8/8 b - - 0 1
0,1,0,0,0,0,0,1,-1,1,0,1,1,1,0,0,0,0,0,16,0,0,2,3,6,1,6,2,4,22,23,0,0,0,0,0,0,0,0,7,1,1,0,1,0,0,2,0,0,0,KRBKRNvK,DRAW,6n1/1k1K4/8/8/1B1R4/8/5r2/8 b - - 0 1
0,1,0,0,0,0,0,1,-1,1,0,1,1,1,0,0,0,0,0,16,0,0,2,7,6,5,6,5,3,4,0,1,0,0,0,0,0,0,0,7,1,1,0,0,0,0,1,2,0,0,KRBKRNvK,DRAW,3r4/5k1K/1R6/8/2B4n/8/8/8 b - - 0 1
1,1,0,0,0,0,0,1,-1,1,0,1,1,1,0,0,0,0,0,16,0,0,7,7,2,0,6,4,5,23,22,0,0,0,0,0,0,0,0,7,1,1,0,0,0,0,3,3,1,0,KRBKRNvK,DRAW,8/kB2r3/8/3R4/8/1n5K/8/8 w - - 0 1
0,1,0,0,0,0,0,1,-1,1,0,1,1,1,0,0,0,0,0,16,0,0,2,2,5,4,3,2,0,15,29,0,0,0,0,0,0,0,0,7,1,1,0,0,0,0,1,4,2,0,KRBKRNvK,DRAW,8/8/2K1B3/8/4k2r/2R5/8/6n1 b - - 0 1
0,1,0,0,0,0,0,1,-1,1,0,1,1,1,0,0,0,0,0,16,0,0,4,3,2,6,6,1,4,4,0,1,0,0,0,0,0,0,0,7,1,1,0,1,0,0,2,2,1,1,KRBKRNvK,DRAW,1R5B/6k1/8/8/8/3K2n1/4r3/8 b - - 0 1
0,1,0,0,0,0,0,1,-1,1,0,1,1,1,0,0,0,0,0,16,0,0,5,6,3,1,1,2,4,25,25,0,0,0,0,0,0,0,0,7,1,1,1,1,0,0,3,1,0,0,KRBKRNvK,DRAW,8/3Rn3/8/8/6K1/8/1kr5/7B b - - 0 1
1,1,0,0,0,0,0,1,-1,1,0,1,1,1,0,0,0,0,0,16,0,0,3,5,0,2,3,4,1,25,19,0,0,0,0,0,0,0,0,7,1,1,0,0,0,0,2,2,1,0,KRBKRNvK,DRAW,8/8/8/8/r1k1n3/1R6/8/B4K2 w - - 0 1
0,1,0,0,0,0,0,1,-1,1,0,1,1,1,0,0,0,0,0,16,0,0,7,0,4,7,0,3,6,1,0,1,0,0,0,0,0,0,0,7,1,1,1,0,0,0,2,3,0,1,KRBKRNvK,DRAW,8/2n4R/2B1r3/K7/8/8/8/7k b - - 0 1
1,1,0,0,0,0,0,1,-1,1,0,1,1,1,0,0,0,0,0,16,0,0,3,3,3,5,6,0,3,4,0,1,0,0,0,0,0,0,0,7,1,1,0,0,0,0,3,3,1,2,KRBKRNvK,DRAW,8/5k2/4r3/6R1/3K4/1n6/8/5B2 w - - 0 1
0,1,0,0,0,0,0,1,-1,1,0,1,1,1,0,0,0,0,0,16,0,0,3,3,4,6,4,0,2,21,27,0,0,0,0,0,0,0,0,7,1,1,0,0,0,0,3,1,0,1,KRBKRNvK,DRAW,2R5/8/6r1/1n1K2k1/8/3B4/8/8 b - - 0 1
0,1,0,0,0,0,0,1,-1,1,0,1,1,1,0,0,0,0,0,16,0,0,5,1,0,2,5,5,2,20,25,0,0,0,0,0,0,0,0,7,1,1,0,0,0,0,1,1,0,0,KRBKRNvK,DRAW,8/2r5/2k5/3n4/8/3B3R/8/1K6 b - - 0 1
0,1,0,0,0,0,0,1,-1,1,0,1,1,1,0,0,0,0,0,16,0,0,4,0,3,4,7,3,3,4,0,1,0,0,0,0,0,0,0,7,1,1,0,0,0,0,0,1,0,0,KRBKRNvK,DRAW,R3k3/8/8/B7/K7/8/4n3/1r6 b - - 0 1
0,1,0,0,0,0,0,1,-1,1,0,1,1,1,0,0,0,0,0,16,0,0,6,0,3,6,0,3,5,21,20,0,0,0,0,0,0,0,0,7,1,1,0,0,0,0,2,2,0,0,KRBKRNvK,DRAW,n7/8/4r3/R7/K7/8/8/3B2k1 b - - 0 1
1,1,0,0,0,0,0,1,-1,1,0,1,1,1,0,0,0,0,0,16,0,0,4,3,2,1,6,1,4,26,24,0,0,0,0,0,0,0,0,7,1,1,0,0,0,0,3,2,0,1,KRBKRNvK,DRAW,8/1k6/8/2r5/4RB2/n2K4/8/8 w - - 0 1
0,1,0,0,0,0,0,1,-1,1,0,1,1,1,0,0,0,0,0,16,0,0,5,2,7,7,4,4,3,4,0,1,0,0,0,0,0,0,0,7,1,1,0,0,0,0,2,3,0,1,KRBKRNvK,DRAW,2K5/1B6/3r4/4R2k/8/2n5/8/8 b - - 0 1
0,1,0,0,0,0,0,1,-1,1,0,1,1,1,0,0,0,0,0,16,0,0,3,7,5,7,2,4,4,25,14,0,0,0,0,0,0,0,0,7,1,1,1,1,0,0,0,1,0,0,KRBKRNvK,DRAW,8/4n2R/7K/8/B7/7k/5r2/8 b - - 0 1
1,1,0,0,0,0,0,1,-1,1,0,1,1,1,0,0,0,0,0,16,0,0,7,7,1,0,5,5,4,22,19,0,0,0,0,0,0,0,0,7,1,1,0,0,0,0,1,0,0,1,KRBKRNvK,DRAW,8/8/k6r/8/8/2R3Bn/7K/8 w - - 0 1
1,1,0,0,0,0,0,1,-1,1,0,1,1,1,0,0,0,0,0,16,0,0,2,7,3,5,2,3,2,1,0,1,0,0,0,0,0,0,0,7,1,1,0,1,0,0,1,1,0,1,KRBKRNvK,DRAW,8/8/8/2B5/7K/5k2/n6r/R7 w - - 0 1
1,1,0,0,0,0,0,1,-1,1,0,1,1,1,0,0,0,0,0,16,0,0,2,2,1,3,3,3,0,27,20,0,0,0,0,0,0,0,0,7,1,1,0,0,0,0,0,3,0,0,KRBKRNvK,DRAW,1n3r2/8/8/B7/3k4/6R1/2K5/8 w - - 0 1
1,1,0,0,0,0,0,1,-1,1,0,1,1,1,0,0,0,0,0,16,0,0,2,5,3,6,5,1,3,5,0,1,0,0,0,0,0,0,0,7,1,1,0,0,0,0,3,0,1,1,KRBKRNvK,DRAW,1r6/8/6k1/3n4/5K1R/8/8/6B1 w - - 0 1
0,1,0,0,0,0,0,1,-1,1,0,1,1,1,0,0,0,0,0,16,0,0,4,3,3,7,2,0,4,27,18,0,0,0,0,0,0,0,0,7,1,1,0,0,0,0,3,2,0,1,KRBKRNvK,DRAW,8/8/B7/6r1/2nK4/7k/8/2R5 b - - 0 1
1,1,0,0,0,0,0,1,-1,1,0,1,1,1,0,0,0,0,0,16,0,0,4,7,6,3,5,5,1,20,18,0,0,0,0,0,0,0,0,7,1,1,0,0,0,0,0,2,0,0,KRBKRNvK,DRAW,7R/1n5K/1r1k4/8/8/8/3B4/8 w - - 0 1
0,1,0,0,0,0,0,1,-1,1,0,1,1,1,0,0,0,0,0,16,0,0,3,2,3,5,4,1,1,26,30,0,0,0,0,0,0,0,0,7,1,1,0,1,0,0,3,4,0,1,KRBKRNvK,DRAW,7R/8/2B5/5k2/2K5/6n1/3r4/8 b - - 0 1
1,1,0,0,0,0,0,1,-1,1,0,1,1,1,0,0,0,0,0,16,0,0,3,0,6,3,6,5,2,24,24,0,0,0,0,0,0,0,0,7,1,1,0,0,0,0,1,2,1,0,KRBKRNvK,DRAW,8/K2k4/1B6/8/6r1/8/R7/5n2 w - - 0 1
1,1,0,0,0,0,0,1,-1,1,0,1,1,1,0,0,0,0,0,16,0,0,5,6,1,1,1,4,4,24,24,0,0,0,0,0,0,0,0,7,1,1,1,0,0,0,2,2,0,0,KRBKRNvK,DRAW,8/4R3/8/8/8/n2r3B/1k4K1/8 w - - 0 1
0,1,0,0,0,0,0,1,-1,1,0,1,1,1,0,0,0,0,0,16,0,0,5,1,7,6,3,5,2,28,18,0,0,0,0,0,0,0,0,7,1,1,0,0,0,0,0,1,0,0,KRBKRNvK,DRAW,1K1B4/8/5r2/8/6k1/Rn6/8/8 b - - 0 1
0,1,0,0,0,0,0,1,-1,1,0,1,1,1,0,0,0,0,0,16,0,0,6,7,4,1,3,3,2,27,31,0,0,0,0,0,0,0,0,7,1,1,0,0,0,0,2,1,0,0,KRBKRNvK,DRAW,5r2/4n3/8/4B2K/1k6/8/8/3R4 b - - 0 1
1,1,0,0,0,0,0,1,-1,1,0,1,1,1,0,0,0,0,0,16,0,0,4,3,3,6,7,0,5,29,21,0,0,0,0,0,0,0,0,7,1,1,0,0,0,0,3,1,1,1,KRBKRNvK,DRAW,6k1/6r1/7R/8/1n1K4/8/2B5/8 w - - 0 1
0,1,0,0,0,0,0,1,-1,1,0,1,1,1,0,0,0,0,0,16,0,0,2,2,5,4,4,2,0,6,0,1,0,0,0,0,0,0,0,7,1,1,0,1,0,0,2,3,2,0,KRBKRNvK,DRAW,8/2B5/2K5/4k3/5nR1/8/3r4/8 b - - 0 1
0,1,0,0,0,0,0,1,-1,1,0,1,1,1,0,0,0,0,0,16,0,0,3,3,1,6,3,2,2,6,0,1,0,0,0,0,0,0,0,7,1,1,0,0,0,0,2,1,1,0,KRBKRNvK,DRAW,6r1/8/1n6/2B5/4R1k1/8/3K4/8 b - - 0 1
0,1,0,0,0,0,0,1,-1,1,0,1,1,1,0,0,0,0,0,16,0,0,4,1,0,5,1,5,3,26,23,0,0,0,0,0,0,0,0,7,1,1,0,0,0,0,2,0,0,0,KRBKRNvK,DRAW,3n4/6r1/1R6/8/8/8/5k2/BK6 b - - 0 1
0,1,0,0,0,0,0,1,-1,1,0,1,1,1,0,0,0,0,0,16,0,0,5,1,0,6,3,5,2,28,24,0,0,0,0,0,0,0,0,7,1,1,0,0,0,0,2,1,1,0,KRBKRNvK,DRAW,8/4B3/7r/2n5/6k1/8/4R3/1K6 b - - 0 1
1,1,0,0,0,0,0,1,-1,1,0,1,1,1,0,0,0,0,0,16,0,0,2,2,3,4,4,1,0,25,13,0,0,0,0,0,0,0,0,7,1,1,1,0,0,0,3,4,2,0,KRBKRNvK,WIN,8/5R2/6B1/4k3/2K5/8/8/2n1r3 w - - 0 1
0,1,0,0,0,0,0,1,-1,1,0,1,1,1,0,0,0,0,0,16,0,0,2,7,0,7,2,6,4,16,19,0,0,0,0,0,0,0,0,7,1,1,0,0,0,0,2,2,0,1,KRBKRNvK,DRAW,8/8/8/8/1R6/4r2k/3B4/6nK b - - 0 1
1,1,0,0,0,0,0,1,-1,1,0,1,1,1,0,0,0,0,0,16,0,0,6,1,4,7,7,2,6,7,0,1,0,0,0,0,0,0,0,7,1,1,0,1,0,0,3,1,0,0,KRBKRNvK,DRAW,7k/8/8/1K4n1/8/8/Br6/4R3 w - - 0 1
1,1,0,0,0,0,0,1,-1,1,0,1,1,1,0,0,0,0,0,16,0,0,2,5,0,3,0,4,3,1,0,1,0,0,0,0,0,0,0,7,1,1,0,0,0,0,0,3,1,1,KRBKRNvK,DRAW,8/8/8/1n4B1/8/8/5R2/3krK2 w - - 0 1
0,1,0,0,0,0,0,1,-1,1,0,1,1,1,0,0,0,0,0,16,0,0,3,2,5,5,6,2,3,23,22,0,0,0,0,0,0,0,0,7,1,1,0,0,0,0,3,3,0,1,KRBKRNvK,DRAW,8/5k2/2Kn4/5r2/6R1/8/8/7B b - - 0 1
0,1,0,0,0,0,0,1,-1,1,0,1,1,1,0,0,0,0,0,16,0,0,4,6,2,5,6,3,3,22,29,0,0,0,0,0,0,0,0,7,1,1,0,0,0,0,1,0,0,0,KRBKRNvK,DRAW,8/5k2/r7/8/n7/1R2B1K1/8/8 b - - 0 1
1,1,0,0,0,0,0,1,-1,1,0,1,1,1,0,0,0,0,0,16,0,0,5,7,5,2,6,4,3,27,24,0,0,0,0,0,0,0,0,7,1,1,0,0,0,0,0,0,1,1,KRBKRNvK,DRAW,8/2kB4/7K/8/7n/r7/6R1/8 w - - 0 1
1,1,0,0,0,0,0,1,-1,1,0,1,1,1,0,0,0,0,0,16,0,0,4,0,1,4,0,5,3,21,22,0,0,0,0,0,0,0,0,7,1,1,0,0,0,0,0,0,0,0,KRBKRNvK,DRAW,1r6/8/n7/8/8/B6R/K7/4k3 w - - 0 1
0,1,0,0,0,0,0,1,-1,1,0,1,1,1,0,0,0,0,0,16,0,0,3,1,5,4,4,3,0,24,25,0,0,0,0,0,0,0,0,7,1,1,1,0,0,0,1,4,1,0,KRBKRNvK,DRAW,7r/5nR1/1K6/4k3/8/1B6/8/8 b - - 0 1
0,1,0,0,0,0,0,1,-1,1,0,1,1,1,0,0,0,0,0,16,0,0,6,7,5,1,5,4,3,3,0,1,0,0,0,0,0,0,0,7,1,1,0,0,0,0,0,2,1,0,KRBKRNvK,DRAW,8/B7/1k5K/1r6/8/8/R6n/8 b - - 0 1
0,1,0,0,0,0,0,1,-1,1,0,1,1,1,0,0,0,0,0,16,0,0,5,7,6,3,1,5,2,5,0,1,0,0,0,0,0,0,0,7,1,1,0,0,0,0,0,1,0,0,KRBKRNvK,LOSS,8/7K/3n4/6B1/8/r5R1/3k4/8 b - - 0 1
1,1,0,0,0,0,0,1,-1,1,0,1,1,1,0,0,0,0,0,16,0,0,6,6,4,0,2,2,4,33,21,0,0,0,0,0,0,0,0,7,1,1,0,0,0,0,1,2,0,0,KRBKRNvK,DRAW,8/8/4B3/1n4K1/8/k2r4/8/7R w - - 0 1
1,1,0,0,0,0,0,1,-1,1,0,1,1,1,0,0,0,0,0,16,0,0,3,7,0,7,3,6,3,3,0,1,0,0,0,0,0,0,0,7,1,1,0,0,0,0,1,2,0,0,KRBKRNvK,DRAW,8/1n6/8/8/2B4k/1R6/8/3r3K w - - 0 1
1,1,0,0,0,0,0,1,-1,1,0,1,1,1,0,0,0,0,0,16,0,0,4,7,6,6,2,5,3,25,20,0,0,0,0,0,0,0,0,7,1,1,0,0,0,0,0,2,0,0,KRBKRNvK,DRAW,8/7K/7R/8/1B6/3r2k1/6n1/8 w - - 0 1
0,1,0,0,0,0,0,1,-1,1,0,1,1,1,0,0,0,0,0,16,0,0,7,0,0,7,3,6,3,4,0,1,0,0,0,0,0,0,0,7,1,1,0,0,0,0,2,1,1,0,KRBKRNvK,DRAW,8/7r/1R3B2/8/7k/8/5n2/K7 b - - 0 1
0,1,0,0,0,0,0,1,-1,1,0,1,1,1,0,0,0,0,0,16,0,0,3,0,2,1,5,4,3,6,0,1,0,0,0,0,0,0,0,7,1,1,0,1,0,0,2,3,0,0,KRBKRNvK,DRAW,8/8/1kn2B2/8/8/KR6/4r3/8 b - - 0 1
0,1,0,0,0,0,0,1,-1,1,0,1,1,1,0,0,0,0,0,16,0,0,6,6,6,3,0,4,3,2,0,1,0,0,0,0,0,0,0,7,1,1,0,0,0,0,0,0,0,1,KRBKRNvK,LOSS,5r2/6K1/8/8/6B1/8/8/n2k3R b - - 0 1
0,1,0,0,0,0,0,1,-1,1,0,1,1,1,0,0,0,0,0,16,0,0,6,4,0,3,6,3,2,7,0,1,0,0,0,0,0,0,0,7,1,1,0,0,0,0,2,1,0,0,KRBKRNvK,DRAW,8/3k4/2r5/8/3R1n2/8/8/3BK3 b - - 0 1
1,1,0,0,0,0,0,1,-1,1,0,1,1,1,0,0,0,0,0,16,0,0,3,5,4,4,7,1,3,29,14,0,0,0,0,0,0,0,0,7,1,1,0,0,0,0,4,0,0,1,KRBKRNvK,DRAW,4k3/7r/7B/5K2/8/8/n7/3R4 w - - 0 1
0,1,0,0,0,0,0,1,-1,1,0,1,1,1,0,0,0,0,0,16,0,0,2,0,0,2,0,6,4,20,21,0,0,0,0,0,0,0,0,7,1,1,0,1,0,0,2,3,0,0,KRBKRNvK,DRAW,B7/3n4/8/8/8/6R1/3r4/K1k5 b - - 0 1
0,1,0,0,0,0,0,1,-1,1,0,1,1,1,0,0,0,0,0,16,0,0,3,7,0,4,1,6,2,25,22,0,0,0,0,0,0,0,0,7,1,1,0,0,0,0,2,2,0,0,KRBKRNvK,DRAW,7R/8/n7/8/1r6/8/4k3/B6K b - - 0 1
1,1,0,0,0,0,0,1,-1,1,0,1,1,1,0,0,0,0,0,16,0,0,2,5,4,4,2,1,1,21,21,0,0,0,0,0,0,0,0,7,1,1,0,0,0,0,3,2,1,1,KRBKRNvK,DRAW,1r6/8/8/5K1n/B4R2/4k3/8/8 w - - 0 1
1,1,0,0,0,0,0,1,-1,1,0,1,1,1,0,0,0,0,0,16,0,0,3,4,4,5,1,0,3,29,19,0,0,0,0,0,0,0,0,7,1,1,0,0,0,0,3,0,2,0,KRBKRNvK,DRAW,1r6/8/8/4K3/8/3R4/3B1k2/7n w - - 0 1
1,1,0,0,0,0,0,1,-1,1,0,1,1,1,0,0,0,0,0,16,0,0,7,0,7,3,0,6,3,3,0,1,0,0,0,0,0,0,0,7,1,1,0,1,0,0,1,0,1,0,KRBKRNvK,LOSS,K7/8/8/8/8/4B2R/r7/3k2n1 w - - 0 1
0,1,0,0,0,0,0,1,-1,1,0,1,1,1,0,0,0,0,0,16,0,0,3,2,2,0,5,2,4,8,28,0,0,0,0,0,0,0,0,7,1,1,1,0,0,0,4,3,1,1,KRBKRNvK,LOSS,8/4R3/k7/1r6/2B5/2K3n1/8/8 b - - 0 1
0,1,0,0,0,0,0,1,-1,1,0,1,1,1,0,0,0,0,0,16,0,0,6,7,1,1,2,5,3,27,24,0,0,0,0,0,0,0,0,7,1,1,0,0,0,0,2,0,0,1,KRBKRNvK,DRAW,3B4/8/8/3n4/4R3/1k6/7K/5r2 b - - 0 1
1,1,0,0,0,0,0,1,-1,1,0,1,1,1,0,0,0,0,0,16,0,0,4,1,3,4,7,2,3,25,20,0,0,0,0,0,0,0,0,7,1,1,1,0,0,0,2,2,1,0,KRBKRNvK,DRAW,4k3/6R1/8/7r/1K6/8/8/3n3B w - - 0 1
1,1,0,0,0,0,0,1,-1,1,0,1,1,1,0,0,0,0,0,16,0,0,3,7,4,4,5,3,1,25,22,0,0,0,0,0,0,0,0,7,1,1,1,1,0,0,2,2,1,1,KRBKRNvK,DRAW,8/3R4/4k3/7K/1B6/7n/6r1/8 w - - 0 1
0,1,0,0,0,0,0,1,-1,1,0,1,1,1,0,0,0,0,0,16,0,0,5,7,7,2,7,6,4,5,0,1,0,0,0,0,0,0,0,7,1,1,0,0,0,0,1,0,1,0,KRBKRNvK,DRAW,2k4K/8/2R5/3n4/8/1B4r1/8/8 b - - 0 1
0,1,0,0,0,0,0,1,-1,1,0,1,1,1,0,0,0,0,0,16,0,0,4,7,7,6,3,6,2,5,0,1,0,0,0,0,0,0,0,7,1,1,1,0,0,0,1,2,1,1,KRBKRNvK,DRAW,7K/6R1/7n/8/r5k1/8/5B2/8 b - - 0 1
0,1,0,0,0,0,0,1,-1,1,0,1,1,1,0,0,0,0,0,16,0,0,4,4,7,0,5,3,4,23,28,0,0,0,0,0,0,0,0,7,1,1,0,0,0,0,3,1,0,0,KRBKRNvK,DRAW,4K3/8/kr6/2n5/8/5B2/8/4R3 b - - 0 1
1,1,0,0,0,0,0,1,-1,1,0,1,1,1,0,0,0,0,0,16,0,0,6,6,1,0,1,4,5,29,19,0,0,0,0,0,0,0,0,7,1,1,0,0,0,0,2,2,1,0,KRBKRNvK,DRAW,3r4/n7/8/1R6/8/B7/k5K1/8 w - - 0 1
0,1,0,0,0,0,0,1,-1,1,0,1,1,1,0,0,0,0,0,16,0,0,2,7,7,5,7,6,4,3,0,1,0,0,0,0,0,0,0,7,1,1,0,0,0,0,1,2,1,0,KRBKRNvK,LOSS,5k1K/8/7B/8/3r4/8/3R4/n7 b - - 0 1
1,1,0,0,0,0,0,1,-1,1,0,1,1,1,0,0,0,0,0,16,0,0,4,1,3,5,6,2,3,5,0,1,0,0,0,0,0,0,0,7,1,1,0,0,0,0,2,1,0,2,KRBKRNvK,DRAW,B7/5k2/1r6/8/1K6/8/1R1n4/8 w - - 0 1
1,1,0,0,0,0,0,1,-1,1,0,1,1,1,0,0,0,0,0,16,0,0,4,2,1,3,5,3,1,29,22,0,0,0,0,0,0,0,0,7,1,1,1,0,0,0,1,4,1,0,KRBKRNvK,DRAW,8/2R5/3k4/8/6r1/7n/2K2B2/8 w - - 0 1
1,1,0,0,0,0,0,1,-1,1,0,1,1,1,0,0,0,0,0,16,0,0,2,2,1,4,0,3,3,3,0,1,0,0,0,0,0,0,0,7,1,1,0,0,0,0,2,3,1,2,KRBKRNvK,LOSS,8/8/8/8/1n6/4r2B/2KR4/4k3 w - - 0 1
1,1,0,0,0,0,0,1,-1,1,0,1,1,1,0,0,0,0,0,16,0,0,3,5,3,2,0,1,4,29,23,0,0,0,0,0,0,0,0,7,1,1,1,0,0,0,2,2,0,0,KRBKRNvK,DRAW,3r4/6R1/8/8/5K2/n7/8/2k2B2 w - - 0 1
1,1,0,0,0,0,0,1,-1,1,0,1,1,1,0,0,0,0,0,16,0,0,3,2,0,5,2,4,2,22,20,0,0,0,0,0,0,0,0,7,1,1,0,0,0,0,0,2,1,0,KRBKRNvK,DRAW,7n/8/8/8/7r/B4k2/8/2K3R1 w - - 0 1
0,1,0,0,0,0,0,1,-1,1,0,1,1,1,0,0,0,0,0,16,0,0,6,5,1,3,7,3,3,23,25,0,0,0,0,0,0,0,0,7,1,1,0,0,0,0,2,2,0,0,KRBKRNvK,DRAW,3k4/8/2n3r1/1R1B4/8/8/5K2/8 b - - 0 1
0,1,0,0,0,0,0,1,-1,1,0,1,1,1,0,0,0,0,0,16,0,0,6,3,1,3,7,2,3,27,22,0,0,0,0,0,0,0,0,7,1,1,0,0,0,0,1,3,0,2,KRBKRNvK,DRAW,3k4/8/8/8/2r5/1R1nB3/3K4/8 b - - 0 1
0,1,0,0,0,0,0,1,-1,1,0,1,1,1,0,0,0,0,0,16,0,0,7,0,7,3,0,6,3,25,20,0,0,0,0,0,0,0,0,7,1,1,1,0,0,0,0,1,0,1,KRBKRNvK,DRAW,K7/R3B3/2r5/8/8/6n1/8/3k4 b - - 0 1
0,1,0,0,0,0,0,1,-1,1,0,1,1,1,0,0,0,0,0,16,0,0,6,2,6,5,0,3,4,21,26,0,0,0,0,0,0,0,0,7,1,1,0,0,0,0,2,2,0,0,KRBKRNvK,DRAW,8/2K5/8/8/3R4/4r3/8/2B2k1n b - - 0 1
1,1,0,0,0,0,0,1,-1,1,0,1,1,1,0,0,0,0,0,16,0,0,6,6,5,0,4,3,3,22,24,0,0,0,0,0,0,0,0,7,1,1,0,0,0,0,0,1,0,0,KRBKRNvK,DRAW,8/8/6KB/k7/1n6/8/6R1/5r2 w - - 0 1
0,1,0,0,0,0,0,1,-1,1,0,1,1,1,0,0,0,0,0,16,0,0,6,1,4,7,6,2,5,17,26,0,0,0,0,0,0,0,0,7,1,1,0,0,0,0,3,0,1,0,KRBKRNvK,DRAW,8/7k/7r/1KB2R2/8/8/8/7n b - - 0 1
0,1,0,0,0,0,0,1,-1,1,0,1,1,1,0,0,0,0,0,16,0,0,3,5,4,2,3,1,1,22,25,0,0,0,0,0,0,0,0,7,1,1,0,0,0,0,2,3,0,1,KRBKRNvK,DRAW,8/8/8/n4K2/2k1r3/8/7R/2B5 b - - 0 1
1,1,0,0,0,0,0,1,-1,1,0,1,1,1,0,0,0,0,0,16,0,0,3,1,1,1,4,4,2,25,27,0,0,0,0,0,0,0,0,7,1,1,0,0,0,0,1,1,0,0,KRBKRNvK,DRAW,1B5r/8/8/1k6/8/6R1/1K2n3/8 w - - 0 1
0,1,0,0,0,0,0,1,-1,1,0,1,1,1,0,0,0,0,0,16,0,0,3,7,5,4,6,4,2,20,28,0,0,0,0,0,0,0,0,7,1,1,0,0,0,0,2,2,1,0,KRBKRNvK,DRAW,6R1/4k3/7K/3r4/8/2B5/8/n7 b - - 0 1
1,1,0,0,0,0,0,1,-1,1,0,1,1,1,0,0,0,0,0,16,0,0,5,4,5,2,0,1,4,26,21,0,0,0,0,0,0,0,0,7,1,1,0,0,0,0,2,2,0,2,KRBKRNvK,DRAW,8/8/4K3/B6R/2r1n3/8/8/2k5 w - - 0 1
1,1,0,0,0,0,0,1,-1,1,0,1,1,1,0,0,0,0,0,16,0,0,4,1,0,5,3,5,1,23,26,0,0,0,0,0,0,0,0,7,1,1,1,1,0,0,0,2,0,0,KRBKRNvK,DRAW,2B5/6R1/8/8/3n1k2/8/7r/1K6 w - - 0 1
0,1,0,0,0,0,0,1,-1,1,0,1,1,1,0,0,0,0,0,16,0,0,4,3,4,5,0,0,4,5,0,1,0,0,0,0,0,0,0,7,1,1,1,0,0,0,3,0,0,0,KRBKRNvK,DRAW,8/5R2/6B1/3K4/8/6r1/8/4nk2 b - - 0 1
1,1,0,0,0,0,0,1,-1,1,0,1,1,1,0,0,0,0,0,16,0,0,7,7,0,0,0,6,6,3,0,1,0,0,0,0,0,0,0,7,1,1,0,0,0,0,3,0,0,0,KRBKRNvK,DRAW,6n1/8/3B4/8/8/3R4/8/kr5K w - - 0 1
1,1,0,0,0,0,0,1,-1,1,0,1,1,1,0,0,0,0,0,16,0,0,6,3,0,1,6,3,4,24,16,0,0,0,0,0,0,0,0,7,1,1,0,0,0,0,0,0,1,0,KRBKRNvK,DRAW,2R5/1k6/7r/7B/8/8/8/n2K4 w - - 0 1
0,1,0,0,0,0,0,1,-1,1,0,1,1,1,0,0,0,0,0,16,0,0,6,1,0,0,6,5,5,5,0,1,0,0,0,0,0,0,0,7,1,1,1,0,0,0,1,3,0,0,KRBKRNvK,DRAW,8/k3R3/3rB3/8/6n1/8/8/1K6 b - - 0 1
1,1,0,0,0,0,0,1,-1,1,0,1,1,1,0,0,0,0,0,16,0,0,2,7,6,5,5,5,2,1,0,1,0,0,0,0,0,0,0,7,1,1,1,0,0,0,1,1,0,1,KRBKRNvK,LOSS,8/2R2n1K/5k2/2B5/8/7r/8/8 w - - 0 1
0,1,0,0,0,0,0,1,-1,1,0,1,1,1,0,0,0,0,0,16,0,0,6,0,1,6,4,5,2,26,23,0,0,0,0,0,0,0,0,7,1,1,1,0,0,0,2,2,0,0,KRBKRNvK,DRAW,8/1R6/6n1/6k1/8/4r3/KB6/8 b - - 0 1
0,1,0,0,0,0,0,1,-1,1,0,1,1,1,0,0,0,0,0,16,0,0,3,4,3,1,6,0,4,24,20,0,0,0,0,0,0,0,0,7,1,1,0,0,0,0,4,3,0,1,KRBKRNvK,DRAW,8/1k6/2n5/1r6/4K3/R4B2/8/8 b - - 0 1
1,1,0,0,0,0,0,1,-1,1,0,1,1,1,0,0,0,0,0,16,0,0,5,5,0,6,5,4,3,23,28,0,0,0,0,0,0,0,0,7,1,1,0,0,0,0,0,3,0,0,KRBKRNvK,DRAW,2R5/4r3/6k1/8/5n2/8/8/3B1K2 w - - 0 1
1,1,0,0,0,0,0,1,-1,1,0,1,1,1,0,0,0,0,0,16,0,0,6,0,5,6,6,4,4,24,22,0,0,0,0,0,0,0,0,7,1,1,0,0,0,0,1,1,1,1,KRBKRNvK,DRAW,8/2r2Bk1/K7/8/6n1/8/5R2/8 w - - 0 1
1,1,0,0,0,0,0,1,-1,1,0,1,1,1,0,0,0,0,0,16,0,0,3,3,5,6,4,1,2,23,24,0,0,0,0,0,0,0,0,7,1,1,0,1,0,0,2,0,1,0,KRBKRNvK,DRAW,3R4/8/n2K4/6k1/6B1/8/7r/8 w - - 0 1
0,1,0,0,0,0,0,1,-1,1,0,1,1,1,0,0,0,0,0,16,0,0,4,4,6,0,2,2,4,2,0,1,0,0,0,0,0,0,0,7,1,1,1,0,0,0,0,2,1,2,KRBKRNvK,DRAW,3n4/R3K3/8/5r2/8/k7/8/2B5 b - - 0 1
1,1,0,0,0,0,0,1,-1,1,0,1,1,1,0,0,0,0,0,16,0,0,2,4,1,2,1,2,3,23,23,0,0,0,0,0,0,0,0,7,1,1,0,0,0,0,1,2,0,1,KRBKRNvK,DRAW,7R/8/8/6n1/2r5/8/2k1K2B/8 w - - 0 1
0,1,0,0,0,0,0,1,-1,1,0,1,1,1,0,0,0,0,0,16,0,0,2,6,6,7,4,4,3,3,0,1,0,0,0,0,0,0,0,7,1,1,0,0,0,0,2,0,0,1,KRBKRNvK,DRAW,1B6/6K1/r6n/3R3k/8/8/8/8 b - - 0 1
1,1,0,0,0,0,0,1,-1,1,0,1,1,1,0,0,0,0,0,16,0,0,4,6,0,7,4,5,3,23,24,0,0,0,0,0,0,0,0,7,1,1,1,0,0,0,0,0,0,0,KRBKRNvK,DRAW,2B2r2/2R5/8/3n3k/8/8/8/6K1 w - - 0 1
0,1,0,0,0,0,0,1,-1,1,0,1,1,1,0,0,0,0,0,16,0,0,5,2,7,2,2,4,2,24,26,0,0,0,0,0,0,0,0,7,1,1,0,0,0,0,1,1,1,0,KRBKRNvK,DRAW,2K3B1/8/7r/8/8/2k5/6n1/R7 b - - 0 1
0,1,0,0,0,0,0,1,-1,1,0,1,1,1,0,0,0,0,0,16,0,0,2,3,5,5,3,1,1,4,0,1,0,0,0,0,0,0,0,7,1,1,0,0,0,0,4,2,0,0,KRBKRNvK,DRAW,8/8/3K4/8/1R3k2/6r1/2B2n2/8 b - - 0 1
1,1,0,0,0,0,0,1,-1,1,0,1,1,1,0,0,0,0,0,16,0,0,5,5,7,0,7,4,6,23,21,0,0,0,0,0,0,0,0,7,1,1,0,0,0,0,2,2,0,0,KRBKRNvK,WIN,k1n2K2/8/8/1B6/4r3/3R4/8/8 w - - 0 1
1,1,0,0,0,0,0,1,-1,1,0,1,1,1,0,0,0,0,0,16,0,0,5,5,0,7,5,4,4,4,0,1,0,0,0,0,0,0,0,7,1,1,0,0,0,0,2,1,0,0,KRBKRNvK,DRAW,8/8/3R2nk/8/8/8/8/1r3KB1 w - - 0 1
0,1,0,0,0,0,0,1,-1,1,0,1,1,1,0,0,0,0,0,16,0,0,3,1,2,4,3,3,0,28,21,0,0,0,0,0,0,0,0,7,1,1,0,0,0,0,0,3,0,0,KRBKRNvK,DRAW,3B4/8/6n1/8/4k3/RK6/8/5r2 b - - 0 1
1,1,0,0,0,0,0,1,-1,1,0,1,1,1,0,0,0,0,0,16,0,0,3,3,4,0,5,0,4,27,18,0,0,0,0,0,0,0,0,7,1,1,1,0,0,0,3,1,0,0,KRBKRNvK,DRAW,3B3r/6R1/k7/3K4/8/8/3n4/8 w - - 0 1
1,1,0,0,0,0,0,1,-1,1,0,1,1,1,0,0,0,0,0,16,0,0,4,4,7,0,7,3,6,24,19,0,0,0,0,0,0,0,0,7,1,1,0,0,0,0,2,1,0,0,KRBKRNvK,DRAW,k3K3/8/r7/8/B7/6n1/8/3R4 w - - 0 1
1,1,0,0,0,0,0,1,-1,1,0,1,1,1,0,0,0,0,0,16,0,0,4,1,2,5,4,3,1,27,16,0,0,0,0,0,0,0,0,7,1,1,0,0,0,0,2,2,0,0,KRBKRNvK,DRAW,B7/8/5r2/5k2/8/1K5n/6R1/8 w - - 0 1
1,1,0,0,0,0,0,1,-1,1,0,1,1,1,0,0,0,0,0,16,0,0,2,4,3,3,1,0,2,4,0,1,0,0,0,0,0,0,0,7,1,1,0,0,0,0,4,1,1,2,KRBKRNvK,DRAW,8/8/8/8/2R1K3/4r3/3k1n2/B7 w - - 0 1
0,1,0,0,0,0,0,1,-1,1,0,1,1,1,0,0,0,0,0,16,0,0,3,2,0,5,1,4,3,26,23,0,0,0,0,0,0,0,0,7,1,1,0,0,0,0,0,2,0,0,KRBKRNvK,DRAW,1R3B2/8/8/3nr3/8/8/5k2/2K5 b - - 0 1
0,1,0,0,0,0,0,1,-1,1,0,1,1,1,0,0,0,0,0,16,0,0,4,1,3,1,7,2,5,27,27,0,0,0,0,0,0,0,0,7,1,1,0,1,0,0,0,0,0,0,KRBKRNvK,DRAW,1k6/8/8/1B6/1K2n3/8/7r/5R2 b - - 0 1
1,1,0,0,0,0,0,1,-1,1,0,1,1,1,0,0,0,0,0,16,0,0,5,3,5,1,0,1,5,24,22,0,0,0,0,0,0,0,0,7,1,1,0,0,0,0,3,2,1,0,KRBKRNvK,DRAW,8/8/3K4/8/3R4/2n5/8/1k1B3r w - - 0 1
0,1,0,0,0,0,0,1,-1,1,0,1,1,1,0,0,0,0,0,16,0,0,3,4,2,7,1,1,5,5,0,1,0,0,0,0,0,0,0,7,1,1,0,0,0,0,3,2,0,0,KRBKRNvK,DRAW,8/8/5B2/1r6/7n/4K3/2R4k/8 b - - 0 1
1,1,0,0,0,0,0,1,-1,1,0,1,1,1,0,0,0,0,0,16,0,0,6,6,6,0,1,4,5,31,16,0,0,0,0,0,0,0,0,7,1,1,0,0,0,0,2,2,0,0,KRBKRNvK,DRAW,8/6K1/r1n5/1R6/6B1/8/k7/8 w - - 0 1
0,1,0,0,0,0,0,1,-1,1,0,1,1,1,0,0,0,0,0,16,0,0,4,4,3,0,3,0,3,18,22,0,0,0,0,0,0,0,0,7,1,1,0,0,0,0,4,0,0,0,KRBKRNvK,DRAW,8/8/8/3B4/k3K3/8/8/2Rn1r2 b - - 0 1
1,1,0,0,0,0,0,1,-1,1,0,1,1,1,0,0,0,0,0,16,0,0,5,6,7,4,2,5,1,4,0,1,0,0,0,0,0,0,0,7,1,1,0,0,0,0,1,2,0,1,KRBKRNvK,DRAW,6K1/8/4B1r1/8/8/4k3/5n2/7R w - - 0 1
1,1,0,0,0,0,0,1,-1,1,0,1,1,1,0,0,0,0,0,16,0,0,6,1,1,7,1,4,5,21,20,0,0,0,0,0,0,0,0,7,1,1,0,0,0,0,2,0,0,0,KRBKRNvK,DRAW,8/8/7r/4R3/8/8/1K5k/B4n2 w - - 0 1
0,1,0,0,0,0,0,1,-1,1,0,1,1,1,0,0,0,0,0,16,0,0,4,4,4,2,0,0,4,5,0,1,0,0,0,0,0,0,0,7,1,1,1,0,0,0,4,0,0,0,KRBKRNvK,DRAW,7r/2R5/8/4K3/n2B4/8/8/2k5 b - - 0 1
0,1,0,0,0,0,0,1,-1,1,0,1,1,1,0,0,0,0,0,16,0,0,7,7,5,0,3,4,3,2,0,1,0,0,0,0,0,0,0,7,1,1,0,1,0,0,0,1,0,0,KRBKRNvK,DRAW,1R6/3B4/7K/8/k7/1n6/6r1/8 b - - 0 1
1,1,0,0,0,0,0,1,-1,1,0,1,1,1,0,0,0,0,0,16,0,0,4,4,5,3,1,1,2,5,0,1,0,0,0,0,0,0,0,7,1,1,0,0,0,0,2,1,1,1,KRBKRNvK,LOSS,4B3/2n5/4K2r/8/8/2R5/3k4/8 w - - 0 1
0,1,0,0,0,0,0,1,-1,1,0,1,1,1,0,0,0,0,0,16,0,0,5,1,7,1,2,5,3,5,0,1,0,0,0,0,0,0,0,7,1,1,0,0,0,0,3,1,0,1,KRBKRNvK,DRAW,1K4B1/8/r7/8/4R3/1k6/5n2/8 b - - 0 1
1,1,0,0,0,0,0,1,-1,1,0,1,1,1,0,0,0,0,0,16,0,0,3,0,4,3,2,3,1,5,0,1,0,0,0,0,0,0,0,7,1,1,0,0,0,0,2,2,1,0,KRBKRNvK,DRAW,4B3/8/8/K7/2R5/3k4/8/r4n2 w - - 0 1
0,1,0,0,0,0,0,1,-1,1,0,1,1,1,0,0,0,0,0,16,0,0,6,2,7,7,1,4,5,6,0,1,0,0,0,0,0,0,0,7,1,1,1,0,0,0,1,2,0,0,KRBKRNvK,DRAW,1BK5/1R6/8/6r1/1n6/8/7k/8 b - - 0 1
1,1,0,0,0,0,0,1,-1,1,0,1,1,1,0,0,0,0,0,16,0,0,3,3,1,5,4,2,1,25,22,0,0,0,0,0,0,0,0,7,1,1,0,0,0,0,0,2,1,0,KRBKRNvK,DRAW,3n4/8/7R/5k2/8/r7/3K4/3B4 w - - 0 1
0,1,0,0,0,0,0,1,-1,1,0,1,1,1,0,0,0,0,0,16,0,0,3,7,5,4,3,4,0,24,26,0,0,0,0,0,0,0,0,7,1,1,0,0,0,0,0,3,0,0,KRBKRNvK,DRAW,8/8/7K/8/2n1k3/7B/R7/2r5 b - - 0 1
1,1,0,0,0,0,0,1,-1,1,0,1,1,1,0,0,0,0,0,16,0,0,2,6,4,4,6,2,2,29,14,0,0,0,0,0,0,0,0,7,1,1,0,0,0,0,1,0,1,0,KRBKRNvK,DRAW,n1r5/2B1k3/8/6K1/8/8/7R/8 w - - 0 1
1,1,0,0,0,0,0,1,-1,1,0,1,1,1,0,0,0,0,0,16,0,0,4,6,2,2,5,3,2,30,25,0,0,0,0,0,0,0,0,7,1,1,1,0,0,0,1,2,1,1,KRBKRNvK,DRAW,8/R7/2k5/4r3/8/6K1/2Bn4/8 w - - 0 1
0,1,0,0,0,0,0,1,-1,1,0,1,1,1,0,0,0,0,0,16,0,0,5,7,2,2,6,4,3,23,25,0,0,0,0,0,0,0,0,7,1,1,0,1,0,0,2,1,2,0,KRBKRNvK,DRAW,8/2k5/1n2B3/1R6/8/7K/2r5/8 b - - 0 1
0,1,0,0,0,0,0,1,-1,1,0,1,1,1,0,0,0,0,0,16,0,0,6,6,1,0,5,4,4,4,0,1,0,0,0,0,0,0,0,7,1,1,0,0,0,0,1,0,0,0,KRBKRNvK,DRAW,8/6n1/k5R1/3B4/8/8/6K1/r7 b - - 0 1
1,1,0,0,0,0,0,1,-1,1,0,1,1,1,0,0,0,0,0,16,0,0,3,4,3,1,1,0,4,24,20,0,0,0,0,0,0,0,0,7,1,1,0,0,0,0,4,0,1,0,KRBKRNvK,DRAW,8/8/1r6/8/4K2R/8/1k6/1n1B4 w - - 0 1
1,1,0,0,0,0,0,1,-1,1,0,1,1,1,0,0,0,0,0,16,0,0,7,1,0,2,7,5,4,24,21,0,0,0,0,0,0,0,0,7,1,1,0,0,0,0,1,0,0,0,KRBKRNvK,DRAW,2k5/7n/6r1/3B4/8/8/8/RK6 w - - 0 1
0,1,0,0,0,0,0,1,-1,1,0,1,1,1,0,0,0,0,0,16,0,0,5,1,5,6,1,3,4,23,28,0,0,0,0,0,0,0,0,7,1,1,0,0,0,0,2,2,1,0,KRBKRNvK,DRAW,4B3/8/1K6/8/4R3/8/6k1/1n1r4 b - - 0 1
0,1,0,0,0,0,0,1,-1,1,0,1,1,1,0,0,0,0,0,16,0,0,7,7,4,0,4,3,3,14,15,0,0,0,0,0,0,0,0,7,1,1,0,0,0,0,0,0,0,0,KRBKRNvK,DRAW,r7/8/8/k6K/8/n7/8/R1B5 b - - 0 1
0,1,0,0,0,0,0,1,-1,1,0,1,1,1,0,0,0,0,0,16,0,0,3,4,7,1,6,3,4,18,24,0,0,0,0,0,0,0,0,7,1,1,0,0,0,0,2,0,0,0,KRBKRNvK,DRAW,4K3/rk2B3/7n/6R1/8/8/8/8 b - - 0 1
1,1,0,0,0,0,0,1,-1,1,0,1,1,1,0,0,0,0,0,16,0,0,2,2,4,3,6,1,2,5,0,1,0,0,0,0,0,0,0,7,1,1,0,0,0,0,4,1,1,1,KRBKRNvK,LOSS,8/3k4/4R3/2K5/8/3n4/1B6/1r6 w - - 0 1
0,1,0,0,0,0,0,1,-1,1,0,1,1,1,0,0,0,0,0,16,0,0,7,0,3,7,7,3,6,1,0,1,0,0,0,0,0,0,0,7,1,1,0,0,0,0,1,2,0,1,KRBKRNvK,DRAW,7k/8/8/3r4/K2B4/n7/7R/8 b - - 0 1
1,1,0,0,0,0,0,1,-1,1,0,1,1,1,0,0,0,0,0,16,0,0,3,4,5,7,4,1,3,6,0,1,0,0,0,0,0,0,0,7,1,1,0,0,0,0,3,0,0,1,KRBKRNvK,DRAW,8/8/4K2r/7k/4n3/1R6/8/7B w - - 0 1
0,1,0,0,0,0,0,1,-1,1,0,1,1,1,0,0,0,0,0,16,0,0,6,1,0,2,6,5,3,6,0,1,0,0,0,0,0,0,0,7,1,1,0,0,0,0,2,2,1,0,KRBKRNvK,DRAW,8/2k5/7n/2R5/6r1/1B6/8/1K6 b - - 0 1
1,1,0,0,0,0,0,1,-1,1,0,1,1,1,0,0,0,0,0,16,0,0,2,2,5,3,7,2,3,5,0,1,0,0,0,0,0,0,0,7,1,1,0,0,0,0,4,2,1,1,KRBKRNvK,DRAW,3k3B/8/2K1R3/n7/6r1/8/8/8 w - - 0 1
0,1,0,0,0,0,0,1,-1,1,0,1,1,1,0,0,0,0,0,16,0,0,3,1,6,4,4,4,0,4,0,1,0,0,0,0,0,0,0,7,1,1,0,0,0,0,2,3,0,1,KRBKRNvK,DRAW,1B6/1K2n3/2r5/1R2k3/8/8/8/8 b - - 0 1
1,1,0,0,0,0,0,1,-1,1,0,1,1,1,0,0,0,0,0,16,0,0,6,7,1,4,7,5,3,4,0,1,0,0,0,0,0,0,0,7,1,1,1,1,0,0,1,2,0,0,KRBKRNvK,DRAW,4k3/1R6/8/8/5B2/n7/4r2K/8 w - - 0 1
0,1,0,0,0,0,0,1,-1,1,0,1,1,1,0,0,0,0,0,16,0,0,5,1,7,6,4,5,2,26,23,0,0,0,0,0,0,0,0,7,1,1,1,1,0,0,2,2,1,1,KRBKRNvK,DRAW,1K6/2R3B1/1n6/6k1/8/8/3r4/8 b - - 0 1
0,1,0,0,0,0,0,1,-1,1,0,1,1,1,0,0,0,0,0,16,0,0,6,6,7,0,3,5,3,20,24,0,0,0,0,0,0,0,0,7,1,1,0,0,0,0,3,0,0,0,KRBKRNvK,DRAW,1n4K1/8/8/3R4/k7/5r2/8/1B6 b - - 0 1
0,1,0,0,0,0,0,1,-1,1,0,1,1,1,0,0,0,0,0,16,0,0,3,7,4,4,6,3,2,26,24,0,0,0,0,0,0,0,0,7,1,1,0,0,0,0,1,2,0,0,KRBKRNvK,DRAW,8/4k3/8/7K/r7/2R5/2B3n1/8 b - - 0 1
0,1,0,0,0,0,0,1,-1,1,0,1,1,1,0,0,0,0,0,16,0,0,6,1,0,1,6,5,4,21,26,0,0,0,0,0,0,0,0,7,1,1,0,0,0,0,2,0,0,1,KRBKRNvK,DRAW,6r1/1k6/8/8/2RB4/8/8/1K1n4 b - - 0 1
0,1,0,0,0,0,0,1,-1,1,0,1,1,1,0,0,0,0,0,16,0,0,5,3,2,7,7,1,6,1,0,1,0,0,0,0,0,0,0,7,1,1,0,0,0,0,2,2,0,1,KRBKRNvK,DRAW,1R5k/8/8/4B3/r7/3K4/8/5n2 b - - 0 1
0,1,0,0,0,0,0,1,-1,1,0,1,1,1,0,0,0,0,0,16,0,0,2,7,7,7,5,6,4,2,0,1,0,0,0,0,0,0,0,7,1,1,1,0,0,0,0,2,1,0,KRBKRNvK,DRAW,7K/7R/n6k/8/5r2/8/8/5B2 b - - 0 1
1,1,0,0,0,0,0,1,-1,1,0,1,1,1,0,0,0,0,0,16,0,0,2,7,0,5,0,6,4,21,22,0,0,0,0,0,0,0,0,7,1,1,0,0,0,0,1,2,1,0,KRBKRNvK,DRAW,8/8/4n3/8/6r1/8/1R3B2/5k1K w - - 0 1
0,1,0,0,0,0,0,1,-1,1,0,1,1,1,0,0,0,0,0,16,0,0,2,7,5,5,7,4,4,20,23,0,0,0,0,0,0,0,0,7,1,1,0,0,0,0,1,2,0,0,KRBKRNvK,DRAW,5k2/n1B5/7K/1r6/8/8/2R5/8 b - - 0 1
1,1,0,0,0,0,0,1,-1,1,0,1,1,1,0,0,0,0,0,16,0,0,2,0,1,2,1,5,3,15,16,0,0,0,0,0,0,0,0,7,1,1,0,0,0,0,0,1,1,0,KRBKRNvK,DRAW,8/5n1r/B7/8/8/8/K1k5/R7 w - - 0 1
1,1,0,0,0,0,0,1,-1,1,0,1,1,1,0,0,0,0,0,16,0,0,4,7,1,3,1,5,2,5,0,1,0,0,0,0,0,0,0,7,1,1,0,0,0,0,1,2,1,1,KRBKRNvK,DRAW,4r3/8/2R5/8/6n1/8/3k1B1K/8 w - - 0 1
1,1,0,0,0,0,0,1,-1,1,0,1,1,1,0,0,0,0,0,16,0,0,3,6,4,6,1,2,4,28,26,0,0,0,0,0,0,0,0,7,1,1,0,0,0,0,1,1,1,1,KRBKRNvK,DRAW,8/7r/R7/6K1/8/1n6/5Bk1/8 w - - 0 1
1,1,0,0,0,0,0,1,-1,1,0,1,1,1,0,0,0,0,0,16,0,0,6,3,1,2,7,2,4,25,20,0,0,0,0,0,0,0,0,7,1,1,0,0,0,0,3,0,0,1,KRBKRNvK,DRAW,2k5/1r6/8/4R3/8/6B1/1n1K4/8 w - - 0 1
0,1,0,0,0,0,0,1,-1,1,0,1,1,1,0,0,0,0,0,16,0,0,5,7,0,2,4,6,1,23,19,0,0,0,0,0,0,0,0,7,1,1,1,0,0,0,0,3,1,1,KRBKRNvK,DRAW,8/7R/2r5/2k5/B7/5n2/8/7K b - - 0 1
0,1,0,0,0,0,0,1,-1,1,0,1,1,1,0,0,0,0,0,16,0,0,4,1,4,5,1,2,3,23,18,0,0,0,0,0,0,0,0,7,1,1,0,0,0,0,2,0,0,1,KRBKRNvK,DRAW,5B2/8/2r5/1K6/1R6/8/5k2/7n b - - 0 1
0,1,0,0,0,0,0,1,-1,1,0,1,1,1,0,0,0,0,0,16,0,0,4,5,5,7,1,2,5,21,31,0,0,0,0,0,0,0,0,7,1,1,0,0,0,0,2,2,0,0,KRBKRNvK,DRAW,8/8/4BK2/8/1r6/2R4n/7k/8 b - - 0 1
0,1,0,0,0,0,0,1,-1,1,0,1,1,1,0,0,0,0,0,16,0,0,4,2,4,6,3,1,2,30,18,0,0,0,0,0,0,0,0,7,1,1,0,0,0,0,2,1,0,1,KRBKRNvK,DRAW,r7/8/3n4/2K5/6k1/8/8/2R3B1 b - - 0 1
0,1,0,0,0,0,0,1,-1,1,0,1,1,1,0,0,0,0,0,16,0,0,3,2,1,4,4,3,0,6,0,1,0,0,0,0,0,0,0,7,1,1,0,0,0,0,1,3,0,0,KRBKRNvK,LOSS,2B5/1r6/8/4k2R/7n/8/2K5/8 b - - 0 1
0,1,0,0,0,0,0,1,-1,1,0,1,1,1,0,0,0,0,0,16,0,0,6,1,7,6,1,5,4,21,22,0,0,0,0,0,0,0,0,7,1,1,0,0,0,0,2,0,0,0,KRBKRNvK,DRAW,1K6/B7/8/8/R7/5r2/6k1/4n3 b - - 0 1
0,1,0,0,0,0,0,1,-1,1,0,1,1,1,0,0,0,0,0,16,0,0,2,3,0,5,1,3,3,4,0,1,0,0,0,0,0,0,0,7,1,1,1,0,0,0,3,0,1,0,KRBKRNvK,LOSS,8/3R3r/8/4n3/3B4/8/5k2/3K4 b - - 0 1
0,1,0,0,0,0,0,1,-1,1,0,1,1,1,0,0,0,0,0,16,0,0,2,5,6,3,7,3,3,19,27,0,0,0,0,0,0,0,0,7,1,1,0,1,0,0,2,0,0,0,KRBKRNvK,DRAW,3k4/5K2/8/4RB2/8/8/2r5/5n2 b - - 0 1
1,1,0,0,0,0,0,1,-1,1,0,1,1,1,0,0,0,0,0,16,0,0,4,1,2,5,1,3,3,23,21,0,0,0,0,0,0,0,0,7,1,1,0,0,0,0,1,0,1,0,KRBKRNvK,DRAW,8/8/r7/8/8/1K5R/2B2k2/6n1 w - - 0 1
1,1,0,0,0,0,0,1,-1,1,0,1,1,1,0,0,0,0,0,16,0,0,2,5,0,3,0,4,3,28,19,0,0,0,0,0,0,0,0,7,1,1,0,0,0,0,2,2,1,0,KRBKRNvK,DRAW,2n5/8/8/6r1/3B4/8/4R3/3k1K2 w - - 0 1
0,1,0,0,0,0,0,1,-1,1,0,1,1,1,0,0,0,0,0,16,0,0,3,1,2,3,5,3,1,6,0,1,0,0,0,0,0,0,0,7,1,1,0,0,0,0,0,2,1,0,KRBKRNvK,DRAW,8/8/n2k1R2/8/8/1K6/8/3B3r b - - 0 1
0,1,0,0,0,0,0,1,-1,1,0,1,1,1,0,0,0,0,0,16,0,0,3,2,3,1,0,1,5,4,0,1,0,0,0,0,0,0,0,7,1,1,0,0,0,0,2,3,1,1,KRBKRNvK,DRAW,1R6/8/3r4/8/2K5/6n1/8/1k1B4 b - - 0 1
1,1,0,0,0,0,0,1,-1,1,0,1,1,1,0,0,0,0,0,16,0,0,6,5,1,2,7,3,4,32,20,0,0,0,0,0,0,0,0,7,1,1,0,0,0,0,3,1,0,0,KRBKRNvK,DRAW,2k5/8/3n3r/8/1R6/5B2/5K2/8 w - - 0 1
1,1,0,0,0,0,0,1,-1,1,0,1,1,1,0,0,0,0,0,16,0,0,3,0,6,3,4,5,0,24,24,0,0,0,0,0,0,0,0,7,1,1,0,0,0,0,0,4,0,1,KRBKRNvK,DRAW,8/K7/1n5r/3k4/6B1/R7/8/8 w - - 0 1
1,1,0,0,0,0,0,1,-1,1,0,1,1,1,0,0,0,0,0,16,0,0,4,4,1,6,5,2,3,25,24,0,0,0,0,0,0,0,0,7,1,1,0,0,0,0,2,0,0,0,KRBKRNvK,DRAW,1Br5/8/6k1/8/7n/4R3/4K3/8 w - - 0 1
1,1,0,0,0,0,0,1,-1,1,0,1,1,1,0,0,0,0,0,16,0,0,7,0,5,7,3,4,3,6,0,1,0,0,0,0,0,0,0,7,1,1,0,0,0,0,1,1,0,0,KRBKRNvK,DRAW,8/8/K2r4/3B4/7k/8/6n1/2R5 w - - 0 1
0,1,0,0,0,0,0,1,-1,1,0,1,1,1,0,0,0,0,0,16,0,0,2,7,7,6,5,6,3,20,25,0,0,0,0,0,0,0,0,7,1,1,0,1,0,0,3,0,1,0,KRBKRNvK,WIN,7K/8/3B2k1/8/7R/8/n1r5/8 b - - 0 1
1,1,0,0,0,0,0,1,-1,1,0,1,1,1,0,0,0,0,0,16,0,0,6,7,0,5,6,6,3,26,22,0,0,0,0,0,0,0,0,7,1,1,0,0,0,0,2,0,0,0,KRBKRNvK,DRAW,8/5k2/n7/1R6/8/r5B1/8/7K w - - 0 1
0,1,0,0,0,0,0,1,-1,1,0,1,1,1,0,0,0,0,0,16,0,0,5,0,2,5,7,4,4,3,0,1,0,0,0,0,0,0,0,7,1,1,0,0,0,0,1,2,0,0,KRBKRNvK,LOSS,2R2k2/8/3r4/2B5/8/K7/8/4n3 b - - 0 1
0,1,0,0,0,0,0,1,-1,1,0,1,1,1,0,0,0,0,0,16,0,0,5,3,7,2,2,3,2,24,22,0,0,0,0,0,0,0,0,7,1,1,0,0,0,0,3,3,1,1,KRBKRNvK,DRAW,3K4/4r3/8/3R1B2/8/2k5/2n5/8 b - - 0 1
1,1,0,0,0,0,0,1,-1,1,0,1,1,1,0,0,0,0,0,16,0,0,5,3,7,0,2,3,4,25,18,0,0,0,0,0,0,0,0,7,1,1,0,0,0,0,2,0,0,0,KRBKRNvK,DRAW,3K4/8/8/8/5R2/kr6/7n/5B2 w - - 0 1
0,1,0,0,0,0,0,1,-1,1,0,1,1,1,0,0,0,0,0,16,0,0,6,3,0,5,6,3,3,5,0,1,0,0,0,0,0,0,0,7,1,1,1,0,0,0,2,0,1,0,KRBKRNvK,DRAW,8/3R1k2/r7/8/8/B7/7n/3K4 b - - 0 1
1,1,0,0,0,0,0,1,-1,1,0,1,1,1,0,0,0,0,0,16,0,0,2,1,6,3,4,4,0,26,18,0,0,0,0,0,0,0,0,7,1,1,0,0,0,0,2,4,1,1,KRBKRNvK,DRAW,8/1K6/4R1B1/2rk4/8/6n1/8/8 w - - 0 1
0,1,0,0,0,0,0,1,-1,1,0,1,1,1,0,0,0,0,0,16,0,0,6,2,1,6,7,3,5,19,26,0,0,0,0,0,0,0,0,7,1,1,0,0,0,0,1,0,0,1,KRBKRNvK,DRAW,r5k1/8/2R5/8/4B3/8/2K5/1n6 b - - 0 1
1,1,0,0,0,0,0,1,-1,1,0,1,1,1,0,0,0,0,0,16,0,0,7,3,0,2,7,3,4,23,22,0,0,0,0,0,0,0,0,7,1,1,0,0,0,0,2,2,0,0,KRBKRNvK,DRAW,2k5/8/8/4R2B/5r2/8/8/3K2n1 w - - 0 1
1,1,0,0,0,0,0,1,-1,1,0,1,1,1,0,0,0,0,0,16,0,0,4,6,0,2,4,5,1,15,30,0,0,0,0,0,0,0,0,7,1,1,0,0,0,0,0,2,0,0,KRBKRNvK,DRAW,r7/8/7B/2k2n2/8/8/8/6KR w - - 0 1
0,1,0,0,0,0,0,1,-1,1,0,1,1,1,0,0,0,0,0,16,0,0,4,0,4,4,4,3,0,24,24,0,0,0,0,0,0,0,0,7,1,1,0,0,0,0,0,3,1,0,KRBKRNvK,DRAW,8/4n3/1R6/K3k1B1/7r/8/8/8 b - - 0 1
1,1,0,0,0,0,0,1,-1,1,0,1,1,1,0,0,0,0,0,16,0,0,3,4,4,4,1,0,2,23,23,0,0,0,0,0,0,0,0,7,1,1,0,0,0,0,4,0,1,0,KRBKRNvK,DRAW,8/8/8/n3K1R1/8/1r6/4k3/6B1 w - - 0 1
0,1,0,0,0,0,0,1,-1,1,0,1,1,1,0,0,0,0,0,16,0,0,3,3,4,6,5,0,3,19,24,0,0,0,0,0,0,0,0,7,1,1,0,0,0,0,3,1,1,1,KRBKRNvK,DRAW,8/8/6k1/B2K1nr1/5R2/8/8/8 b - - 0 1
1,1,0,0,0,0,0,1,-1,1,0,1,1,1,0,0,0,0,0,16,0,0,3,0,3,0,6,3,5,3,0,1,0,0,0,0,0,0,0,7,1,1,0,1,0,0,2,2,1,2,KRBKRNvK,DRAW,8/k7/2n5/B7/K7/3R4/r7/8 w - - 0 1
0,1,0,0,0,0,0,1,-1,1,0,1,1,1,0,0,0,0,0,16,0,0,4,1,1,4,5,4,1,5,0,1,0,0,0,0,0,0,0,7,1,1,0,0,0,0,2,4,1,1,KRBKRNvK,DRAW,8/8/4k1R1/8/7r/8/1Kn3B1/8 b - - 0 1
0,1,0,0,0,0,0,1,-1,1,0,1,1,1,0,0,0,0,0,16,0,0,4,2,4,6,0,1,5,17,28,0,0,0,0,0,0,0,0,7,1,1,0,1,0,0,3,0,0,0,KRBKRNvK,DRAW,n7/8/8/2K2B2/5R2/8/6r1/6k1 b - - 0 1
1,1,0,0,0,0,0,1,-1,1,0,1,1,1,0,0,0,0,0,16,0,0,4,5,3,7,7,1,6,7,0,1,0,0,0,0,0,0,0,7,1,1,1,1,0,0,2,1,0,2,KRBKRNvK,DRAW,7k/R7/6n1/B7/5K2/8/7r/8 w - - 0 1
0,1,0,0,0,0,0,1,-1,1,0,1,1,1,0,0,0,0,0,16,0,0,5,0,5,0,0,4,6,20,26,0,0,0,0,0,0,0,0,7,1,1,0,1,0,0,2,0,0,0,KRBKRNvK,DRAW,6B1/8/K7/2R5/8/8/5r2/k3n3 b - - 0 1
1,1,0,0,0,0,0,1,-1,1,0,1,1,1,0,0,0,0,0,16,0,0,2,6,3,6,1,2,4,25,22,0,0,0,0,0,0,0,0,7,1,1,0,0,0,0,2,1,0,0,KRBKRNvK,WIN,3R4/8/1B6/1n6/6K1/8/6k1/5r2 w - - 0 1
0,1,0,0,0,0,0,1,-1,1,0,1,1,1,0,0,0,0,0,16,0,0,4,6,4,2,0,2,4,18,26,0,0,0,0,0,0,0,0,7,1,1,0,0,0,0,2,2,0,0,KRBKRNvK,DRAW,8/8/8/5RK1/8/8/7B/1nk1r3 b - - 0 1
0,1,0,0,0,0,0,1,-1,1,0,1,1,1,0,0,0,0,0,16,0,0,3,7,4,6,7,3,5,18,24,0,0,0,0,0,0,0,0,7,1,1,0,0,0,0,2,1,0,0,KRBKRNvK,DRAW,6k1/8/8/7K/rn6/8/6B1/1R6 b - - 0 1
0,1,0,0,0,0,0,1,-1,1,0,1,1,1,0,0,0,0,0,16,0,0,3,0,3,0,6,3,5,22,28,0,0,0,0,0,0,0,0,7,1,1,0,0,0,0,1,0,0,0,KRBKRNvK,DRAW,8/k7/8/8/K4B2/7r/6R1/5n2 b - - 0 1
0,1,0,0,0,0,0,1,-1,1,0,1,1,1,0,0,0,0,0,16,0,0,7,6,7,0,0,5,6,3,0,1,0,0,0,0,0,0,0,7,1,1,0,0,0,0,1,3,0,0,KRBKRNvK,DRAW,6K1/5B2/R7/4r3/6n1/8/8/k7 b - - 0 1
0,1,0,0,0,0,0,1,-1,1,0,1,1,1,0,0,0,0,0,16,0,0,4,6,2,2,3,3,1,19,35,0,0,0,0,0,0,0,0,7,1,1,0,0,0,0,2,2,1,0,KRBKRNvK,DRAW,2r5/6n1/8/8/2k1B3/6K1/8/3R4 b - - 0 1
1,1,0,0,0,0,0,1,-1,1,0,1,1,1,0,0,0,0,0,16,0,0,2,4,3,2,3,0,1,4,0,1,0,0,0,0,0,0,0,7,1,1,1,0,0,0,4,3,0,1,KRBKRNvK,DRAW,r7/7R/8/8/2k1K3/6n1/8/1B6 w - - 0 1
1,1,0,0,0,0,0,1,-1,1,0,1,1,1,0,0,0,0,0,16,0,0,3,1,1,3,4,4,0,31,27,0,0,0,0,0,0,0,0,7,1,1,0,0,0,0,0,3,1,0,KRBKRNvK,DRAW,6r1/8/4n3/3k4/1B6/8/1K6/7R w - - 0 1
0,1,0,0,0,0,0,1,-1,1,0,1,1,1,0,0,0,0,0,16,0,0,5,6,5,1,7,3,5,21,30,0,0,0,0,0,0,0,0,7,1,1,0,0,0,0,2,2,0,1,KRBKRNvK,DRAW,1k6/8/6K1/2B5/7r/3R4/n7/8 b - - 0 1
1,1,0,0,0,0,0,1,-1,1,0,1,1,1,0,0,0,0,0,16,0,0,2,5,2,3,2,2,1,24,21,0,0,0,0,0,0,0,0,7,1,1,0,0,0,0,2,2,1,0,KRBKRNvK,DRAW,8/4r3/3nB3/8/8/3k1K2/8/5R2 w - - 0 1
0,1,0,0,0,0,0,1,-1,1,0,1,1,1,0,0,0,0,0,16,0,0,3,5,0,3,3,4,0,23,22,0,0,0,0,0,0,0,0,7,1,1,1,1,0,0,1,3,0,0,KRBKRNvK,DRAW,8/R4B1n/8/8/3k4/8/2r5/5K2 b - - 0 1
0,1,0,0,0,0,0,1,-1,1,0,1,1,1,0,0,0,0,0,16,0,0,2,3,2,5,3,1,1,18,17,0,0,0,0,0,0,0,0,7,1,1,0,0,0,0,2,2,1,0,KRBKRNvK,DRAW,2r1n2R/8/8/8/5k2/3K3B/8/8 b - - 0 1
0,1,0,0,0,0,0,1,-1,1,0,1,1,1,0,0,0,0,0,16,0,0,4,4,4,7,0,0,6,22,24,0,0,0,0,0,0,0,0,7,1,1,0,0,0,0,3,0,1,1,KRBKRNvK,DRAW,8/8/8/3nK3/6B1/6R1/8/1r5k b - - 0 1
1,1,0,0,0,0,0,1,-1,1,0,1,1,1,0,0,0,0,0,16,0,0,6,0,6,1,0,5,5,22,18,0,0,0,0,0,0,0,0,7,1,1,1,0,0,0,0,1,0,0,KRBKRNvK,DRAW,3B4/K1R5/8/8/4n3/8/8/1k2r3 w - - 0 1
1,1,0,0,0,0,0,1,-1,1,0,1,1,1,0,0,0,0,0,16,0,0,2,5,5,3,7,2,3,26,21,0,0,0,0,0,0,0,0,7,1,1,0,0,0,0,1,0,1,0,KRBKRNvK,DRAW,3k1B2/2r5/5K2/8/8/7R/8/3n4 w - - 0 1
1,1,0,0,0,0,0,1,-1,1,0,1,1,1,0,0,0,0,0,16,0,0,5,5,7,7,2,4,4,4,0,1,0,0,0,0,0,0,0,7,1,1,0,0,0,0,2,3,1,0,KRBKRNvK,DRAW,5K2/8/8/5r2/4R3/6Bk/2n5/8 w - - 0 1
1,1,0,0,0,0,0,1,-1,1,0,1,1,1,0,0,0,0,0,16,0,0,7,0,1,7,5,5,4,24,16,0,0,0,0,0,0,0,0,7,1,1,0,0,0,0,1,2,0,0,KRBKRNvK,DRAW,6n1/8/7k/8/8/3Br3/K7/3R4 w - - 0 1
0,1,0,0,0,0,0,1,-1,1,0,1,1,1,0,0,0,0,0,16,0,0,5,7,1,2,6,5,3,22,29,0,0,0,0,0,0,0,0,7,1,1,0,0,0,0,1,2,0,0,KRBKRNvK,DRAW,1n6/2k5/8/5r2/3B4/8/1R5K/8 b - - 0 1
0,1,0,0,0,0,0,1,-1,1,0,1,1,1,0,0,0,0,0,16,0,0,6,0,0,1,6,6,4,26,20,0,0,0,0,0,0,0,0,7,1,1,0,0,0,0,3,1,0,0,KRBKRNvK,DRAW,8/1kr5/3n4/8/8/3R4/7B/K7 b - - 0 1
0,1,0,0,0,0,0,1,-1,1,0,1,1,1,0,0,0,0,0,16,0,0,3,3,4,1,7,0,5,27,27,0,0,0,0,0,0,0,0,7,1,1,0,0,0,0,3,0,0,2,KRBKRNvK,DRAW,1k6/8/8/3K4/4n2B/5r2/6R1/8 b - - 0 1
1,1,0,0,0,0,0,1,-1,1,0,1,1,1,0,0,0,0,0,16,0,0,6,1,6,7,1,4,5,5,0,1,0,0,0,0,0,0,0,7,1,1,0,0,0,0,2,2,0,2,KRBKRNvK,DRAW,8/1K1r4/2B3R1/n7/8/8/7k/8 w - - 0 1
0,1,0,0,0,0,0,1,-1,1,0,1,1,1,0,0,0,0,0,16,0,0,5,4,7,7,2,3,4,20,27,0,0,0,0,0,0,0,0,7,1,1,0,0,0,0,3,0,1,0,KRBKRNvK,DRAW,1n2K3/8/8/3B1R2/8/7k/8/1r6 b - - 0 1
0,1,0,0,0,0,0,1,-1,1,0,1,1,1,0,0,0,0,0,16,0,0,3,3,4,4,1,0,2,7,0,1,0,0,0,0,0,0,0,7,1,1,0,0,0,0,4,1,0,1,KRBKRNvK,DRAW,1B6/8/6r1/3KRn2/8/8/4k3/8 b - - 0 1
1,1,0,0,0,0,0,1,-1,1,0,1,1,1,0,0,0,0,0,16,0,0,2,0,2,2,4,4,1,24,22,0,0,0,0,0,0,0,0,7,1,1,0,0,0,0,2,3,1,1,KRBKRNvK,DRAW,8/8/8/B1kn4/2r5/K7/4R3/8 w - - 0 1
1,1,0,0,0,0,0,1,-1,1,0,1,1,1,0,0,0,0,0,16,0,0,5,0,0,2,5,6,2,21,27,0,0,0,0,0,0,0,0,7,1,1,0,0,0,0,2,3,0,0,KRBKRNvK,WIN,8/8/2k4r/8/8/2B2n2/2R5/K7 w - - 0 1
1,1,0,0,0,0,0,1,-1,1,0,1,1,1,0,0,0,0,0,16,0,0,2,3,2,1,4,1,2,23,19,0,0,0,0,0,0,0,0,7,1,1,0,1,0,0,2,1,1,1,KRBKRNvK,DRAW,8/8/8/1k3n2/8/R2K4/5Br1/8 w - - 0 1
1,1,0,0,0,0,0,1,-1,1,0,1,1,1,0,0,0,0,0,16,0,0,5,0,3,5,2,3,2,21,12,0,0,0,0,0,0,0,0,7,1,1,0,0,0,0,2,1,2,0,KRBKRNvK,DRAW,n7/8/8/8/K7/5kr1/4R3/5B2 w - - 0 1
0,1,0,0,0,0,0,1,-1,1,0,1,1,1,0,0,0,0,0,16,0,0,2,2,7,0,5,4,4,26,23,0,0,0,0,0,0,0,0,7,1,1,0,0,0,0,3,2,0,0,KRBKRNvK,DRAW,2K5/8/k4n2/4B3/8/1r6/4R3/8 b - - 0 1
0,1,0,0,0,0,0,1,-1,1,0,1,1,1,0,0,0,0,0,16,0,0,6,4,6,6,0,2,5,6,0,1,0,0,0,0,0,0,0,7,1,1,0,0,0,0,2,0,0,0,KRBKRNvK,DRAW,8/B3K3/8/8/4R3/n1r5/8/6k1 b - - 0 1
0,1,0,0,0,0,0,1,-1,1,0,1,1,1,0,0,0,0,0,16,0,0,4,5,1,5,5,3,2,19,22,0,0,0,0,0,0,0,0,7,1,1,0,0,0,0,1,1,1,1,KRBKRNvK,DRAW,8/8/5k2/8/4B3/8/5KR1/2n4r b - - 0 1
0,1,0,0,0,0,0,1,-1,1,0,1,1,1,0,0,0,0,0,16,0,0,5,0,6,5,7,5,4,23,22,0,0,0,0,0,0,0,0,7,1,1,0,0,0,0,2,1,0,0,KRBKRNvK,DRAW,5k2/K2n4/B7/8/8/8/3R4/5r2 b - - 0 1
1,1,0,0,0,0,0,1,-1,1,0,1,1,1,0,0,0,0,0,16,0,0,3,2,4,1,7,1,5,23,17,0,0,0,0,0,0,0,0,7,1,1,0,0,0,0,3,1,0,0,KRBKRNvK,WIN,1k2r3/4B3/8/2K1R3/8/8/5n2/8 w - - 0 1
0,1,0,0,0,0,0,1,-1,1,0,1,1,1,0,0,0,0,0,16,0,0,2,3,2,5,3,1,1,18,21,0,0,0,0,0,0,0,0,7,1,1,1,0,0,0,3,2,0,0,KRBKRNvK,DRAW,3n4/3R4/8/1B6/5k1r/3K4/8/8 b - - 0 1
0,1,0,0,0,0,0,1,-1,1,0,1,1,1,0,0,0,0,0,16,0,0,6,2,0,6,6,4,4,19,22,0,0,0,0,0,0,0,0,7,1,1,1,0,0,0,1,0,1,0,KRBKRNvK,DRAW,1r3n2/2R2Bk1/8/8/8/8/8/2K5 b - - 0 1
1,1,0,0,0,0,0,1,-1,1,0,1,1,1,0,0,0,0,0,16,0,0,5,1,3,6,2,2,3,29,21,0,0,0,0,0,0,0,0,7,1,1,1,0,0,0,2,1,1,0,KRBKRNvK,DRAW,8/3R4/6r1/6n1/1K6/6k1/8/5B2 w - - 0 1
0,1,0,0,0,0,0,1,-1,1,0,1,1,1,0,0,0,0,0,16,0,0,3,7,0,4,0,6,3,17,23,0,0,0,0,0,0,0,0,7,1,1,0,0,0,0,0,0,0,0,KRBKRNvK,DRAW,3B3n/8/7R/8/8/8/8/r3k2K b - - 0 1
1,1,0,0,0,0,0,1,-1,1,0,1,1,1,0,0,0,0,0,16,0,0,3,1,7,4,5,5,1,22,27,0,0,0,0,0,0,0,0,7,1,1,0,0,0,0,2,2,1,0,KRBKRNvK,DRAW,1K6/8/4k3/5r1B/6R1/4n3/8/8 w - - 0 1
0,1,0,0,0,0,0,1,-1,1,0,1,1,1,0,0,0,0,0,16,0,0,2,2,3,4,2,1,1,4,0,1,0,0,0,0,0,0,0,7,1,1,0,1,0,0,3,2,1,1,KRBKRNvK,DRAW,8/8/8/3n4/2K5/R3k3/5rB1/8 b - - 0 1
0,1,0,0,0,0,0,1,-1,1,0,1,1,1,0,0,0,0,0,16,0,0,5,6,4,1,0,2,5,21,24,0,0,0,0,0,0,0,0,7,1,1,0,1,0,0,1,0,0,1,KRBKRNvK,DRAW,8/8/2RB4/6K1/7n/8/5r2/1k6 b - - 0 1
1,1,0,0,0,0,0,1,-1,1,0,1,1,1,0,0,0,0,0,16,0,0,6,0,6,6,1,5,4,19,26,0,0,0,0,0,0,0,0,7,1,1,0,0,0,0,0,0,2,0,KRBKRNvK,DRAW,5r2/K7/8/4n3/6BR/8/6k1/8 w - - 0 1
1,1,0,0,0,0,0,1,-1,1,0,1,1,1,0,0,0,0,0,16,0,0,5,6,7,1,4,5,2,3,0,1,0,0,0,0,0,0,0,7,1,1,1,0,0,0,2,3,1,0,KRBKRNvK,DRAW,3r2K1/5R2/8/1k6/8/2B5/5n2/8 w - - 0 1
0,1,0,0,0,0,0,1,-1,1,0,1,1,1,0,0,0,0,0,16,0,0,4,3,0,5,4,3,1,17,23,0,0,0,0,0,0,0,0,7,1,1,0,0,0,0,0,3,1,0,KRBKRNvK,DRAW,8/8/8/5kB1/rn6/8/6R1/3K4 b - - 0 1
0,1,0,0,0,0,0,1,-1,1,0,1,1,1,0,0,0,0,0,16,0,0,7,4,0,6,7,3,5,19,23,0,0,0,0,0,0,0,0,7,1,1,0,0,0,0,2,0,0,1,KRBKRNvK,DRAW,6k1/6r1/8/8/R7/8/8/3BK1n1 b - - 0 1
0,1,0,0,0,0,0,1,-1,1,0,1,1,1,0,0,0,0,0,16,0,0,7,0,7,0,0,6,6,19,24,0,0,0,0,0,0,0,0,7,1,1,0,0,0,0,0,2,0,0,KRBKRNvK,DRAW,K3n3/8/B7/8/7r/8/6R1/k7 b - - 0 1
0,1,0,0,0,0,0,1,-1,1,0,1,1,1,0,0,0,0,0,16,0,0,4,5,6,1,3,3,2,8,0,1,0,0,0,0,0,0,0,7,1,1,0,0,0,0,2,3,0,1,KRBKRNvK,DRAW,3r4/5K2/8/8/1k3R2/5n2/7B/8 b - - 0 1
0,1,0,0,0,0,0,1,-1,1,0,1,1,1,0,0,0,0,0,16,0,0,7,6,0,4,7,5,3,20,26,0,0,0,0,0,0,0,0,7,1,1,0,0,0,0,1,2,0,0,KRBKRNvK,DRAW,3nk3/4r3/1B6/8/8/6R1/8/6K1 b - - 0 1
1,1,0,0,0,0,0,1,-1,1,0,1,1,1,0,0,0,0,0,16,0,0,2,6,7,4,6,5,2,2,0,1,0,0,0,0,0,0,0,7,1,1,0,0,0,0,2,2,0,0,KRBKRNvK,DRAW,1r4K1/4k3/8/8/8/2n5/2R3B1/8 w - - 0 1
0,1,0,0,0,0,0,1,-1,1,0,1,1,1,0,0,0,0,0,16,0,0,6,1,1,6,7,4,5,25,28,0,0,0,0,0,0,0,0,7,1,1,0,0,0,0,3,1,0,0,KRBKRNvK,DRAW,6k1/5r2/8/2n5/8/8/1KB5/3R4 b - - 0 1
1,1,0,0,0,0,0,1,-1,1,0,1,1,1,0,0,0,0,0,16,0,0,2,2,5,0,5,2,4,28,14,0,0,0,0,0,0,0,0,7,1,1,0,0,0,0,2,1,1,1,KRBKRNvK,WIN,r7/8/kBK5/8/8/8/3n4/7R w - - 0 1
0,1,0,0,0,0,0,1,-1,1,0,1,1,1,0,0,0,0,0,16,0,0,4,4,0,0,3,3,3,22,21,0,0,0,0,0,0,0,0,7,1,1,1,0,0,0,0,1,0,1,KRBKRNvK,DRAW,8/4B1R1/8/1n6/k7/5r2/8/4K3 b - - 0 1
0,1,0,0,0,0,0,1,-1,1,0,1,1,1,0,0,0,0,0,16,0,0,4,0,1,4,5,5,1,5,0,1,0,0,0,0,0,0,0,7,1,1,0,0,0,0,1,2,2,0,KRBKRNvK,DRAW,4r3/3n4/4k1R1/2B5/8/8/K7/8 b - - 0 1
0,1,0,0,0,0,0,1,-1,1,0,1,1,1,0,0,0,0,0,16,0,0,4,4,7,0,3,3,3,4,0,1,0,0,0,0,0,0,0,7,1,1,0,1,0,0,0,1,0,0,KRBKRNvK,LOSS,4K3/8/8/8/k5n1/8/5Rr1/3B4 b - - 0 1
0,1,0,0,0,0,0,1,-1,1,0,1,1,1,0,0,0,0,0,16,0,0,5,5,7,0,4,4,3,3,0,1,0,0,0,0,0,0,0,7,1,1,0,0,0,0,1,3,1,1,KRBKRNvK,DRAW,5K2/4r3/8/k7/4B3/R7/4n3/8 b - - 0 1
1,1,0,0,0,0,0,1,-1,1,0,1,1,1,0,0,0,0,0,16,0,0,4,6,4,2,1,2,3,19,21,0,0,0,0,0,0,0,0,7,1,1,0,1,0,0,1,0,0,0,KRBKRNvK,WIN,RB6/8/8/6K1/8/8/2k2r2/1n6 w - - 0 1
0,1,0,0,0,0,0,1,-1,1,0,1,1,1,0,0,0,0,0,16,0,0,2,7,7,5,7,6,4,2,0,1,0,0,0,0,0,0,0,7,1,1,0,0,0,0,0,1,0,0,KRBKRNvK,DRAW,5k1K/2n5/8/8/8/8/8/2rB1R2 b - - 0 1
1,1,0,0,0,0,0,1,-1,1,0,1,1,1,0,0,0,0,0,16,0,0,5,7,2,2,2,4,2,26,21,0,0,0,0,0,0,0,0,7,1,1,0,0,0,0,1,3,1,0,KRBKRNvK,DRAW,8/2B5/5n2/8/2r5/2k4K/1R6/8 w - - 0 1
1,1,0,0,0,0,0,1,-1,1,0,1,1,1,0,0,0,0,0,16,0,0,3,6,7,3,5,5,1,27,29,0,0,0,0,0,0,0,0,7,1,1,0,1,0,0,2,3,0,0,KRBKRNvK,WIN,6K1/8/3k4/8/6R1/2n1B3/7r/8 w - - 0 1
0,1,0,0,0,0,0,1,-1,1,0,1,1,1,0,0,0,0,0,16,0,0,3,1,5,4,4,3,0,3,0,1,0,0,0,0,0,0,0,7,1,1,0,0,0,0,1,3,1,0,KRBKRNvK,DRAW,7r/8/1K2R3/4k3/4n3/7B/8/8 b - - 0 1
0,1,0,0,0,0,0,1,-1,1,0,1,1,1,0,0,0,0,0,16,0,0,3,4,2,6,5,1,3,22,19,0,0,0,0,0,0,0,0,7,1,1,0,0,0,0,2,2,1,1,KRBKRNvK,DRAW,5B2/8/6k1/3r3n/8/4K3/8/4R3 b - - 0 1
0,1,0,0,0,0,0,1,-1,1,0,1,1,1,0,0,0,0,0,16,0,0,4,1,1,2,5,4,2,26,28,0,0,0,0,0,0,0,0,7,1,1,0,0,0,0,0,2,0,0,KRBKRNvK,DRAW,5r2/3n4/2k5/8/8/R7/1K6/4B3 b - - 0 1
1,1,0,0,0,0,0,1,-1,1,0,1,1,1,0,0,0,0,0,16,0,0,4,5,2,1,3,2,2,25,22,0,0,0,0,0,0,0,0,7,1,1,0,0,0,0,3,1,1,0,KRBKRNvK,DRAW,8/8/1r6/1n6/1k6/5K2/3R4/4B3 w - - 0 1
0,1,0,0,0,0,0,1,-1,1,0,1,1,1,0,0,0,0,0,16,0,0,6,7,0,3,6,6,2,28,19,0,0,0,0,0,0,0,0,7,1,1,0,0,0,0,0,1,0,0,KRBKRNvK,DRAW,8/3k4/r7/8/6n1/8/3B4/6RK b - - 0 1
0,1,0,0,0,0,0,1,-1,1,0,1,1,1,0,0,0,0,0,16,0,0,4,1,0,5,2,5,2,25,24,0,0,0,0,0,0,0,0,7,1,1,0,0,0,0,0,4,1,0,KRBKRNvK,DRAW,8/8/1R2n3/5r2/8/5k2/3B4/1K6 b - - 0 1
0,1,0,0,0,0,0,1,-1,1,0,1,1,1,0,0,0,0,0,16,0,0,6,0,7,6,3,6,2,22,23,0,0,0,0,0,0,0,0,7,1,1,0,0,0,0,2,0,1,1,KRBKRNvK,DRAW,K7/8/n4r2/4R3/6k1/B7/8/8 b - - 0 1
1,1,0,0,0,0,0,1,-1,1,0,1,1,1,0,0,0,0,0,16,0,0,3,7,5,4,6,4,2,26,20,0,0,0,0,0,0,0,0,7,1,1,0,0,0,0,2,1,0,1,KRBKRNvK,DRAW,8/4kr2/7K/2n5/6B1/3R4/8/8 w - - 0 1
0,1,0,0,0,0,0,1,-1,1,0,1,1,1,0,0,0,0,0,16,0,0,3,2,0,5,1,4,3,22,26,0,0,0,0,0,0,0,0,7,1,1,0,0,0,0,0,0,0,0,KRBKRNvK,DRAW,n6R/6r1/B7/8/8/8/5k2/2K5 b - - 0 1
0,1,0,0,0,0,0,1,-1,1,0,1,1,1,0,0,0,0,0,16,0,0,2,5,5,4,7,2,3,24,23,0,0,0,0,0,0,0,0,7,1,1,0,0,0,0,1,2,0,0,KRBKRNvK,DRAW,4k3/8/5K2/8/6B1/2R2n2/8/1r6 b - - 0 1
0,1,0,0,0,0,0,1,-1,1,0,1,1,1,0,0,0,0,0,16,0,0,3,7,2,4,2,4,1,25,19,0,0,0,0,0,0,0,0,7,1,1,1,0,0,0,0,3,0,0,KRBKRNvK,DRAW,1B6/2n3R1/8/4r3/8/4k2K/8/8 b - - 0 1
0,1,0,0,0,0,0,1,-1,1,0,1,1,1,0,0,0,0,0,16,0,0,4,5,1,1,5,3,3,17,25,0,0,0,0,0,0,0,0,7,1,1,1,0,0,0,1,0,1,0,KRBKRNvK,DRAW,2n5/5R2/1k6/8/2B5/1r6/5K2/8 b - - 0 1
0,1,0,0,0,0,0,1,-1,1,0,1,1,1,0,0,0,0,0,16,0,0,3,7,4,6,7,3,5,27,24,0,0,0,0,0,0,0,0,7,1,1,0,0,0,0,2,1,0,0,KRBKRNvK,DRAW,6k1/8/8/7K/6B1/3n4/4R3/r7 b - - 0 1
0,1,0,0,0,0,0,1,-1,1,0,1,1,1,0,0,0,0,0,16,0,0,2,5,3,6,1,1,4,4,0,1,0,0,0,0,0,0,0,7,1,1,0,0,0,0,3,0,0,0,KRBKRNvK,DRAW,2B1n3/8/8/6R1/5K2/8/6k1/2r5 b - - 0 1
0,1,0,0,0,0,0,1,-1,1,0,1,1,1,0,0,0,0,0,16,0,0,4,7,0,5,4,6,1,27,19,0,0,0,0,0,0,0,0,7,1,1,0,0,0,0,2,2,0,0,KRBKRNvK,DRAW,8/8/6r1/5k2/4n3/1B6/8/4R2K b - - 0 1
0,1,0,0,0,0,0,1,-1,1,0,1,1,1,0,0,0,0,0,16,0,0,5,2,5,0,0,2,6,23,28,0,0,0,0,0,0,0,0,7,1,1,0,0,0,0,2,3,0,0,KRBKRNvK,DRAW,1R6/8/2KB4/7r/8/2n5/8/k7 b - - 0 1
1,1,0,0,0,0,0,1,-1,1,0,1,1,1,0,0,0,0,0,16,0,0,5,3,5,1,0,1,5,24,19,0,0,0,0,0,0,0,0,7,1,1,0,0,0,0,2,2,0,0,KRBKRNvK,DRAW,8/8/3K4/2R4B/8/7n/8/1k2r3 w - - 0 1
1,1,0,0,0,0,0,1,-1,1,0,1,1,1,0,0,0,0,0,16,0,0,3,2,4,5,6,1,3,5,0,1,0,0,0,0,0,0,0,7,1,1,0,0,0,0,3,2,0,2,KRBKRNvK,DRAW,8/5k2/n7/2K5/4r3/8/6B1/1R6 w - - 0 1
1,1,0,0,0,0,0,1,-1,1,0,1,1,1,0,0,0,0,0,16,0,0,3,2,4,3,1,1,2,7,0,1,0,0,0,0,0,0,0,7,1,1,0,0,0,0,3,0,1,1,KRBKRNvK,DRAW,8/5r2/8/2K5/n7/8/3k4/1R5B w - - 0 1
0,1,0,0,0,0,0,1,-1,1,0,1,1,1,0,0,0,0,0,16,0,0,3,2,2,5,5,2,2,26,27,0,0,0,0,0,0,0,0,7,1,1,0,0,0,0,2,2,0,0,KRBKRNvK,DRAW,8/r7/5k2/6n1/1B6/2K5/8/3R4 b - - 0 1
1,1,0,0,0,0,0,1,-1,1,0,1,1,1,0,0,0,0,0,16,0,0,3,4,2,4,5,1,1,28,14,0,0,0,0,0,0,0,0,7,1,1,0,0,0,0,4,2,2,0,KRBKRNvK,DRAW,8/2B1r3/4k1n1/2R5/8/4K3/8/8 w - - 0 1
1,1,0,0,0,0,0,1,-1,1,0,1,1,1,0,0,0,0,0,16,0,0,2,7,5,5,7,4,4,21,22,0,0,0,0,0,0,0,0,7,1,1,0,0,0,0,3,2,1,0,KRBKRNvK,DRAW,5kB1/2r5/7K/8/7R/2n5/8/8 w - - 0 1
0,1,0,0,0,0,0,1,-1,1,0,1,1,1,0,0,0,0,0,16,0,0,6,6,2,0,2,3,4,19,32,0,0,0,0,0,0,0,0,7,1,1,0,0,0,0,1,0,1,0,KRBKRNvK,DRAW,1r2n3/8/8/8/8/k3B1K1/8/2R5 b - - 0 1
0,1,0,0,0,0,0,1,-1,1,0,1,1,1,0,0,0,0,0,16,0,0,3,4,2,7,4,1,3,5,0,1,0,0,0,0,0,0,0,7,1,1,0,0,0,0,4,0,0,2,KRBKRNvK,DRAW,1B6/8/8/R6k/8/4K3/8/5rn1 b - - 0 1
1,1,0,0,0,0,0,1,-1,1,0,1,1,1,0,0,0,0,0,16,0,0,5,1,1,3,6,4,2,27,26,0,0,0,0,0,0,0,0,7,1,1,0,0,0,0,0,3,1,0,KRBKRNvK,DRAW,1R6/3k4/3n4/7r/8/8/1K6/5B2 w - - 0 1
1,1,0,0,0,0,0,1,-1,1,0,1,1,1,0,0,0,0,0,16,0,0,4,6,5,2,3,3,1,5,0,1,0,0,0,0,0,0,0,7,1,1,0,0,0,0,1,2,0,1,KRBKRNvK,DRAW,1n4r1/8/5RK1/8/2k5/8/7B/8 w - - 0 1
1,1,0,0,0,0,0,1,-1,1,0,1,1,1,0,0,0,0,0,16,0,0,3,1,3,4,3,2,0,7,0,1,0,0,0,0,0,0,0,7,1,1,0,0,0,0,0,3,0,1,KRBKRNvK,DRAW,5R1r/8/8/8/1K2k3/B7/2n5/8 w - - 0 1
0,1,0,0,0,0,0,1,-1,1,0,1,1,1,0,0,0,0,0,16,0,0,2,3,7,5,5,3,2,25,18,0,0,0,0,0,0,0,0,7,1,1,0,0,0,0,1,1,1,0,KRBKRNvK,DRAW,3KB3/8/5k2/8/4n3/2r5/8/4R3 b - - 0 1
0,1,0,0,0,0,0,1,-1,1,0,1,1,1,0,0,0,0,0,16,0,0,7,7,3,0,2,3,4,3,0,1,0,0,0,0,0,0,0,7,1,1,0,0,0,0,2,2,0,0,KRBKRNvK,DRAW,1n3B2/8/8/8/7K/k7/3R4/4r3 b - - 0 1
0,1,0,0,0,0,0,1,-1,1,0,1,1,1,0,0,0,0,0,16,0,0,6,0,5,6,3,4,2,22,25,0,0,0,0,0,0,0,0,7,1,1,0,1,0,0,2,2,0,0,KRBKRNvK,DRAW,8/8/K7/7n/6k1/8/3r4/B4R2 b - - 0 1
0,1,0,0,0,0,0,1,-1,1,0,1,1,1,0,0,0,0,0,16,0,0,2,1,3,0,5,2,4,3,0,1,0,0,0,0,0,0,0,7,1,1,0,0,0,0,0,3,0,1,KRBKRNvK,DRAW,8/8/k7/2r5/1K4B1/6n1/8/R7 b - - 0 1
1,1,0,0,0,0,0,1,-1,1,0,1,1,1,0,0,0,0,0,16,0,0,4,2,1,6,4,3,2,4,0,1,0,0,0,0,0,0,0,7,1,1,0,0,0,0,2,2,1,2,KRBKRNvK,DRAW,8/7B/8/6k1/1R1r4/8/2K5/n7 w - - 0 1
0,1,0,0,0,0,0,1,-1,1,0,1,1,1,0,0,0,0,0,16,0,0,4,7,7,3,4,6,0,27,23,0,0,0,0,0,0,0,0,7,1,1,0,0,0,0,1,3,0,0,KRBKRNvK,DRAW,7K/8/8/3k4/2n5/6r1/5B2/R7 b - - 0 1
1,1,0,0,0,0,0,1,-1,1,0,1,1,1,0,0,0,0,0,16,0,0,4,6,6,2,7,4,4,21,26,0,0,0,0,0,0,0,0,7,1,1,0,0,0,0,2,0,0,1,KRBKRNvK,DRAW,2k5/6K1/r7/4n3/8/5BR1/8/8 w - - 0 1
0,1,0,0,0,0,0,1,-1,1,0,1,1,1,0,0,0,0,0,16,0,0,5,2,3,7,1,1,5,4,0,1,0,0,0,0,0,0,0,7,1,1,0,1,0,0,2,2,2,2,KRBKRNvK,DRAW,8/8/n7/8/2K5/8/3r3k/5RB1 b - - 0 1
0,1,0,0,0,0,0,1,-1,1,0,1,1,1,0,0,0,0,0,16,0,0,5,1,0,0,5,5,4,2,0,1,0,0,0,0,0,0,0,7,1,1,0,0,0,0,1,3,0,0,KRBKRNvK,DRAW,4r3/8/k7/1n6/8/8/R4B2/1K6 b - - 0 1
1,1,0,0,0,0,0,1,-1,1,0,1,1,1,0,0,0,0,0,16,0,0,7,1,0,1,7,5,5,32,21,0,0,0,0,0,0,0,0,7,1,1,0,0,0,0,1,2,0,0,KRBKRNvK,DRAW,1k2n3/8/8/5r2/3B4/R7/8/1K6 w - - 0 1
1,1,0,0,0,0,0,1,-1,1,0,1,1,1,0,0,0,0,0,16,0,0,4,3,2,5,6,1,3,7,0,1,0,0,0,0,0,0,0,7,1,1,0,0,0,0,2,2,1,1,KRBKRNvK,DRAW,1n5R/5k2/8/2Br4/8/3K4/8/8 w - - 0 1
0,1,0,0,0,0,0,1,-1,1,0,1,1,1,0,0,0,0,0,16,0,0,4,6,5,3,1,3,2,23,21,0,0,0,0,0,0,0,0,7,1,1,1,0,0,0,2,0,0,0,KRBKRNvK,DRAW,8/6R1/5BK1/8/8/2r5/n2k4/8 b - - 0 1
1,1,0,0,0,0,0,1,-1,1,0,1,1,1,0,0,0,0,0,16,0,0,6,7,1,1,7,5,5,6,0,1,0,0,0,0,0,0,0,7,1,1,0,1,0,0,2,0,0,0,KRBKRNvK,DRAW,1k6/8/8/1B6/3R4/n7/1r5K/8 w - - 0 1
0,1,0,0,0,0,0,1,-1,1,0,1,1,1,0,0,0,0,0,16,0,0,4,3,5,7,5,1,4,3,0,1,0,0,0,0,0,0,0,7,1,1,0,1,0,0,2,1,1,0,KRBKRNvK,DRAW,7R/2B5/3K3k/8/6n1/8/7r/8 b - - 0 1
0,1,0,0,0,0,0,1,-1,1,0,1,1,1,0,0,0,0,0,16,0,0,5,2,1,4,6,3,2,22,24,0,0,0,0,0,0,0,0,7,1,1,0,0,0,0,2,2,1,1,KRBKRNvK,DRAW,8/4k3/2R5/8/1r5n/8/2K5/B7 b - - 0 1
1,1,0,0,0,0,0,1,-1,1,0,1,1,1,0,0,0,0,0,16,0,0,3,1,4,3,1,2,2,5,0,1,0,0,0,0,0,0,0,7,1,1,0,0,0,0,0,0,0,2,KRBKRNvK,DRAW,2R5/3B4/8/1K6/8/n1r5/3k4/8 w - - 0 1
1,1,0,0,0,0,0,1,-1,1,0,1,1,1,0,0,0,0,0,16,0,0,5,0,7,5,3,6,1,3,0,1,0,0,0,0,0,0,0,7,1,1,0,0,0,0,0,2,1,0,KRBKRNvK,DRAW,K5r1/8/8/8/5k2/7B/8/R6n w - - 0 1
0,1,0,0,0,0,0,1,-1,1,0,1,1,1,0,0,0,0,0,16,0,0,7,0,0,7,0,6,6,17,24,0,0,0,0,0,0,0,0,7,1,1,0,0,0,0,1,0,0,0,KRBKRNvK,DRAW,8/1n3r2/4B3/8/8/8/R7/K6k b - - 0 1
1,1,0,0,0,0,0,1,-1,1,0,1,1,1,0,0,0,0,0,16,0,0,4,2,4,6,7,1,5,29,19,0,0,0,0,0,0,0,0,7,1,1,1,0,0,0,3,3,0,0,KRBKRNvK,DRAW,4r1k1/R7/8/2K5/8/8/1Bn5/8 w - - 0 1
0,1,0,0,0,0,0,1,-1,1,0,1,1,1,0,0,0,0,0,16,0,0,5,5,0,3,5,4,1,24,20,0,0,0,0,0,0,0,0,7,1,1,0,0,0,0,1,2,1,1,KRBKRNvK,DRAW,2r5/8/1B1k4/8/8/8/8/1R1n1K2 b - - 0 1
0,1,0,0,0,0,0,1,-1,1,0,1,1,1,0,0,0,0,0,16,0,0,6,1,3,7,3,2,3,18,21,0,0,0,0,0,0,0,0,7,1,1,0,1,0,0,0,0,0,1,KRBKRNvK,DRAW,4B1R1/8/8/8/1K5k/8/r7/6n1 b - - 0 1
1,1,0,0,0,0,0,1,-1,1,0,1,1,1,0,0,0,0,0,16,0,0,5,2,6,7,4,3,3,29,26,0,0,0,0,0,0,0,0,7,1,1,0,0,0,0,0,3,1,0,KRBKRNvK,DRAW,5R2/2K5/8/7k/r6B/4n3/8/8 w - - 0 1
0,1,0,0,0,0,0,1,-1,1,0,1,1,1,0,0,0,0,0,16,0,0,4,4,4,0,5,0,4,22,25,0,0,0,0,0,0,0,0,7,1,1,0,0,0,0,4,0,0,0,KRBKRNvK,DRAW,4R3/1r6/k6n/4K3/8/8/2B5/8 b - - 0 1
1,1,0,0,0,0,0,1,-1,1,0,1,1,1,0,0,0,0,0,16,0,0,5,2,5,7,2,2,4,7,0,1,0,0,0,0,0,0,0,7,1,1,0,0,0,0,1,0,1,0,KRBKRNvK,DRAW,8/8/2K5/8/8/1Br4k/8/n5R1 w - - 0 1
1,1,0,0,0,0,0,1,-1,1,0,1,1,1,0,0,0,0,0,16,0,0,4,0,4,4,3,3,0,4,0,1,0,0,0,0,0,0,0,7,1,1,0,0,0,0,1,3,1,0,KRBKRNvK,DRAW,8/8/8/K4r2/4k3/4B3/2n5/2R5 w - - 0 1
0,1,0,0,0,0,0,1,-1,1,0,1,1,1,0,0,0,0,0,16,0,0,7,1,0,2,7,5,4,19,26,0,0,0,0,0,0,0,0,7,1,1,0,0,0,0,0,2,0,0,KRBKRNvK,DRAW,1nk5/8/8/B7/3r4/5R2/8/1K6 b - - 0 1
0,1,0,0,0,0,0,1,-1,1,0,1,1,1,0,0,0,0,0,16,0,0,5,3,0,4,5,3,1,6,0,1,0,0,0,0,0,0,0,7,1,1,0,0,0,0,2,2,1,0,KRBKRNvK,LOSS,2B5/7n/4k2r/8/7R/8/8/3K4 b - - 0 1
1,1,0,0,0,0,0,1,-1,1,0,1,1,1,0,0,0,0,0,16,0,0,5,0,0,0,5,6,4,24,17,0,0,0,0,0,0,0,0,7,1,1,0,0,0,0,1,0,0,0,KRBKRNvK,DRAW,n7/6r1/k7/8/8/1R2B3/8/K7 w - - 0 1
0,1,0,0,0,0,0,1,-1,1,0,1,1,1,0,0,0,0,0,16,0,0,2,5,0,5,2,4,2,3,0,1,0,0,0,0,0,0,0,7,1,1,0,1,0,0,1,2,0,0,KRBKRNvK,DRAW,5R2/8/4B3/1n6/8/5k2/2r5/5K2 b - - 0 1
1,1,0,0,0,0,0,1,-1,1,0,1,1,1,0,0,0,0,0,16,0,0,2,3,7,3,5,3,1,0,0,1,0,0,0,0,0,0,0,7,1,1,0,0,0,0,3,2,1,0,KRBKRNvK,LOSS,3K2r1/8/3k4/1R6/8/5B2/8/6n1 w - - 0 1
1,1,0,0,0,0,0,1,-1,1,0,1,1,1,0,0,0,0,0,16,0,0,3,4,3,7,0,0,6,31,19,0,0,0,0,0,0,0,0,7,1,1,0,0,0,0,3,0,0,0,KRBKRNvK,DRAW,8/1r6/5R2/n3B3/4K3/8/8/7k w - - 0 1
1,1,0,0,0,0,0,1,-1,1,0,1,1,1,0,0,0,0,0,16,0,0,3,2,2,0,5,2,4,27,18,0,0,0,0,0,0,0,0,7,1,1,0,0,0,0,4,0,1,0,KRBKRNvK,DRAW,7r/8/k7/2R5/8/2K4n/2B5/8 w - - 0 1
0,1,0,0,0,0,0,1,-1,1,0,1,1,1,0,0,0,0,0,16,0,0,6,5,6,6,0,3,5,22,31,0,0,0,0,0,0,0,0,7,1,1,0,0,0,0,2,0,1,0,KRBKRNvK,DRAW,8/5K2/n7/3R4/8/1r6/4B3/6k1 b - - 0 1
1,1,0,0,0,0,0,1,-1,1,0,1,1,1,0,0,0,0,0,16,0,0,2,2,2,1,0,2,5,21,21,0,0,0,0,0,0,0,0,7,1,1,0,0,0,0,3,2,0,1,KRBKRNvK,DRAW,8/8/2R5/n7/7r/2K2B2/8/1k6 w - - 0 1
1,1,0,0,0,0,0,1,-1,1,0,1,1,1,0,0,0,0,0,16,0,0,4,1,5,5,3,3,1,26,13,0,0,0,0,0,0,0,0,7,1,1,0,0,0,0,0,2,0,0,KRBKRNvK,DRAW,4B3/8/1K6/6n1/5kr1/1R6/8/8 w - - 0 1
0,1,0,0,0,0,0,1,-1,1,0,1,1,1,0,0,0,0,0,16,0,0,6,0,5,6,0,4,5,3,0,1,0,0,0,0,0,0,0,7,1,1,0,1,0,0,3,2,1,0,KRBKRNvK,DRAW,8/8/K7/8/3n4/8/4r3/3R2kB b - - 0 1
0,1,0,0,0,0,0,1,-1,1,0,1,1,1,0,0,0,0,0,16,0,0,3,4,1,7,3,2,3,21,29,0,0,0,0,0,0,0,0,7,1,1,1,0,0,0,2,0,0,0,KRBKRNvK,DRAW,8/3R4/2r5/8/7k/8/4K3/n5B1 b - - 0 1
0,1,0,0,0,0,0,1,-1,1,0,1,1,1,0,0,0,0,0,16,0,0,2,3,5,5,4,1,1,22,26,0,0,0,0,0,0,0,0,7,1,1,0,0,0,0,3,2,0,0,KRBKRNvK,DRAW,8/8/3K4/5k2/8/8/1BR4n/4r3 b - - 0 1
0,1,0,0,0,0,0,1,-1,1,0,1,1,1,0,0,0,0,0,16,0,0,5,1,7,2,2,5,2,4,0,1,0,0,0,0,0,0,0,7,1,1,0,0,0,0,0,2,2,0,KRBKRNvK,DRAW,1K6/8/8/7n/5r2/R1k5/8/B7 b - - 0 1
0,1,0,0,0,0,0,1,-1,1,0,1,1,1,0,0,0,0,0,16,0,0,3,2,7,3,4,4,0,5,0,1,0,0,0,0,0,0,0,7,1,1,0,0,0,0,1,3,0,0,KRBKRNvK,DRAW,B1K5/6r1/R7/3k4/8/8/7n/8 b - - 0 1
0,1,0,0,0,0,0,1,-1,1,0,1,1,1,0,0,0,0,0,16,0,0,2,1,3,3,5,2,1,22,15,0,0,0,0,0,0,0,0,7,1,1,0,0,0,0,1,2,0,0,KRBKRNvK,DRAW,4n3/8/3k4/8/RK6/6r1/B7/8 b - - 0 1
1,1,0,0,0,0,0,1,-1,1,0,1,1,1,0,0,0,0,0,16,0,0,5,6,5,1,1,3,4,7,0,1,0,0,0,0,0,0,0,7,1,1,0,0,0,0,0,0,0,0,KRBKRNvK,DRAW,8/8/2r3KB/8/8/5R2/1k6/2n5 w - - 0 1
1,1,0,0,0,0,0,1,-1,1,0,1,1,1,0,0,0,0,0,16,0,0,4,4,4,0,0,0,6,24,20,0,0,0,0,0,0,0,0,7,1,1,0,0,0,0,3,0,0,1,KRBKRNvK,DRAW,7R/8/8/4K2B/8/6r1/1n6/k7 w - - 0 1
1,1,0,0,0,0,0,1,-1,1,0,1,1,1,0,0,0,0,0,16,0,0,2,4,5,3,7,1,3,15,19,0,0,0,0,0,0,0,0,7,1,1,0,0,0,0,2,1,2,1,KRBKRNvK,DRAW,1RBk4/8/4K3/8/4n3/4r3/8/8 w - - 0 1
0,1,0,0,0,0,0,1,-1,1,0,1,1,1,0,0,0,0,0,16,0,0,2,3,2,2,0,1,4,25,21,0,0,0,0,0,0,0,0,7,1,1,0,1,0,0,2,3,0,1,KRBKRNvK,DRAW,2B5/8/5n2/8/8/3K2R1/4r3/2k5 b - - 0 1
1,1,0,0,0,0,0,1,-1,1,0,1,1,1,0,0,0,0,0,16,0,0,5,1,2,3,7,3,3,18,22,0,0,0,0,0,0,0,0,7,1,1,0,1,0,0,0,0,0,0,KRBKRNvK,DRAW,3k4/n7/8/8/8/1K5R/B4r2/8 w - - 0 1
1,1,0,0,0,0,0,1,-1,1,0,1,1,1,0,0,0,0,0,16,0,0,4,3,7,7,7,3,6,26,22,0,0,0,0,0,0,0,0,7,1,1,0,0,0,0,0,1,0,0,KRBKRNvK,DRAW,3K3k/4B3/R7/8/8/1r6/3n4/8 w - - 0 1
1,1,0,0,0,0,0,1,-1,1,0,1,1,1,0,0,0,0,0,16,0,0,4,1,1,1,5,4,3,26,16,0,0,0,0,0,0,0,0,7,1,1,1,0,0,0,1,3,1,1,KRBKRNvK,DRAW,8/2R5/1k6/1r6/8/1n4B1/1K6/8 w - - 0 1
1,1,0,0,0,0,0,1,-1,1,0,1,1,1,0,0,0,0,0,16,0,0,4,6,2,2,6,3,3,24,30,0,0,0,0,0,0,0,0,7,1,1,0,0,0,0,2,1,1,0,KRBKRNvK,DRAW,6B1/2k5/7r/R7/8/3n2K1/8/8 w - - 0 1
1,1,0,0,0,0,0,1,-1,1,0,1,1,1,0,0,0,0,0,16,0,0,4,6,5,3,1,3,2,26,24,0,0,0,0,0,0,0,0,7,1,1,0,0,0,0,2,0,2,0,KRBKRNvK,DRAW,8/2r5/6K1/8/5R2/8/3k2n1/3B4 w - - 0 1
0,1,0,0,0,0,0,1,-1,1,0,1,1,1,0,0,0,0,0,16,0,0,2,5,1,7,3,3,3,24,18,0,0,0,0,0,0,0,0,7,1,1,0,0,0,0,1,1,0,0,KRBKRNvK,DRAW,6r1/2n5/8/8/7k/8/B4K2/5R2 b - - 0 1
1,1,0,0,0,0,0,1,-1,1,0,1,1,1,0,0,0,0,0,16,0,0,3,2,6,4,3,3,0,29,16,0,0,0,0,0,0,0,0,7,1,1,0,0,0,0,1,4,1,1,KRBKRNvK,DRAW,8/2K2B2/8/4r3/4k3/5R2/6n1/8 w - - 0 1
0,1,0,0,0,0,0,1,-1,1,0,1,1,1,0,0,0,0,0,16,0,0,3,6,6,3,6,4,2,26,26,0,0,0,0,0,0,0,0,7,1,1,0,0,0,0,0,2,0,0,KRBKRNvK,DRAW,8/3k2K1/8/r7/7n/7R/3B4/8 b - - 0 1
1,1,0,0,0,0,0,1,-1,1,0,1,1,1,0,0,0,0,0,16,0,0,3,1,0,4,1,5,2,24,25,0,0,0,0,0,0,0,0,7,1,1,0,0,0,0,2,2,0,0,KRBKRNvK,WIN,8/3B4/3R4/6n1/2r5/8/4k3/1K6 w - - 0 1
1,1,0,0,0,0,0,1,-1,1,0,1,1,1,0,0,0,0,0,16,0,0,5,3,0,0,5,3,4,25,19,0,0,0,0,0,0,0,0,7,1,1,0,0,0,0,2,0,0,0,KRBKRNvK,DRAW,r7/8/k7/6R1/4n3/8/3B4/3K4 w - - 0 1
1,1,0,0,0,0,0,1,-1,1,0,1,1,1,0,0,0,0,0,16,0,0,3,5,4,7,1,1,5,5,0,1,0,0,0,0,0,0,0,7,1,1,1,0,0,0,3,1,0,1,KRBKRNvK,DRAW,6r1/1R6/8/5K2/8/1B2n3/7k/8 w - - 0 1
1,1,0,0,0,0,0,1,-1,1,0,1,1,1,0,0,0,0,0,16,0,0,5,1,7,6,4,5,2,26,24,0,0,0,0,0,0,0,0,7,1,1,0,0,0,0,3,1,0,0,KRBKRNvK,DRAW,1K2R3/8/8/6k1/r1B2n2/8/8/8 w - - 0 1
1,1,0,0,0,0,0,1,-1,1,0,1,1,1,0,0,0,0,0,16,0,0,6,6,7,0,1,5,5,23,20,0,0,0,0,0,0,0,0,7,1,1,0,0,0,0,0,0,0,0,KRBKRNvK,DRAW,2n3K1/2r5/8/7B/8/8/k7/5R2 w - - 0 1
1,1,0,0,0,0,0,1,-1,1,0,1,1,1,0,0,0,0,0,16,0,0,7,7,0,7,7,6,6,3,0,1,0,0,0,0,0,0,0,7,1,1,0,0,0,0,2,3,0,1,KRBKRNvK,LOSS,7k/8/8/8/4R3/8/5n2/3r1B1K w - - 0 1
1,1,0,0,0,0,0,1,-1,1,0,1,1,1,0,0,0,0,0,16,0,0,4,3,0,6,4,3,2,29,24,0,0,0,0,0,0,0,0,7,1,1,0,1,0,0,1,1,1,0,KRBKRNvK,DRAW,8/8/8/6k1/4B1n1/R7/7r/3K4 w - - 0 1
0,1,0,0,0,0,0,1,-1,1,0,1,1,1,0,0,0,0,0,16,0,0,7,0,6,7,3,5,3,20,21,0,0,0,0,0,0,0,0,7,1,1,0,0,0,0,0,2,0,0,KRBKRNvK,DRAW,8/K7/8/5r2/7k/8/R2B4/n7 b - - 0 1
1,1,0,0,0,0,0,1,-1,1,0,1,1,1,0,0,0,0,0,16,0,0,4,6,4,2,3,2,1,25,23,0,0,0,0,0,0,0,0,7,1,1,0,0,0,0,1,2,0,0,KRBKRNvK,DRAW,8/B2r4/8/6K1/2k5/8/6R1/3n4 w - - 0 1
1,1,0,0,0,0,0,1,-1,1,0,1,1,1,0,0,0,0,0,16,0,0,5,2,7,7,5,4,4,29,22,0,0,0,0,0,0,0,0,7,1,1,0,0,0,0,1,2,0,0,KRBKRNvK,DRAW,2K5/6n1/7k/2B5/4r3/R7/8/8 w - - 0 1
1,1,0,0,0,0,0,1,-1,1,0,1,1,1,0,0,0,0,0,16,0,0,3,4,6,4,3,2,0,34,22,0,0,0,0,0,0,0,0,7,1,1,0,0,0,0,1,3,1,0,KRBKRNvK,DRAW,R7/4K3/8/1n2B3/4k3/1r6/8/8 w - - 0 1
1,1,0,0,0,0,0,1,-1,1,0,1,1,1,0,0,0,0,0,16,0,0,6,6,6,1,0,4,5,26,21,0,0,0,0,0,0,0,0,7,1,1,0,0,0,0,0,2,1,1,KRBKRNvK,DRAW,8/6K1/8/3n1r2/7B/2R5/8/1k6 w - - 0 1
0,1,0,0,0,0,0,1,-1,1,0,1,1,1,0,0,0,0,0,16,0,0,4,1,6,5,5,4,2,4,0,1,0,0,0,0,0,0,0,7,1,1,0,1,0,0,2,1,0,0,KRBKRNvK,DRAW,8/1K6/1R3k2/8/2n5/2B5/7r/8 b - - 0 1
0,1,0,0,0,0,0,1,-1,1,0,1,1,1,0,0,0,0,0,16,0,0,3,0,2,3,4,4,0,5,0,1,0,0,0,0,0,0,0,7,1,1,0,1,0,0,2,3,0,0,KRBKRNvK,DRAW,6n1/B7/8/R2k4/8/K7/4r3/8 b - - 0 1
1,1,0,0,0,0,0,1,-1,1,0,1,1,1,0,0,0,0,0,16,0,0,4,7,7,3,4,6,0,2,0,1,0,0,0,0,0,0,0,7,1,1,0,0,0,0,0,3,0,0,KRBKRNvK,DRAW,1B5K/8/3n4/3k4/8/7r/8/1R6 w - - 0 1
0,1,0,0,0,0,0,1,-1,1,0,1,1,1,0,0,0,0,0,16,0,0,7,7,1,0,1,5,5,3,0,1,0,0,0,0,0,0,0,7,1,1,0,0,0,0,2,0,1,0,KRBKRNvK,DRAW,8/n7/8/8/R7/8/k2B3K/r7 b - - 0 1
0,1,0,0,0,0,0,1,-1,1,0,1,1,1,0,0,0,0,0,16,0,0,3,3,2,4,5,1,1,24,27,0,0,0,0,0,0,0,0,7,1,1,0,0,0,0,3,2,0,0,KRBKRNvK,DRAW,1B6/8/4k3/8/7R/n2K4/8/6r1 b - - 0 1
1,1,0,0,0,0,0,1,-1,1,0,1,1,1,0,0,0,0,0,16,0,0,5,7,4,2,7,3,4,4,0,1,0,0,0,0,0,0,0,7,1,1,0,0,0,0,2,0,0,0,KRBKRNvK,DRAW,2k5/8/7B/7K/8/3R4/8/5n1r w - - 0 1
0,1,0,0,0,0,0,1,-1,1,0,1,1,1,0,0,0,0,0,16,0,0,3,0,5,1,2,4,3,27,15,0,0,0,0,0,0,0,0,7,1,1,0,0,0,0,1,3,0,0,KRBKRNvK,DRAW,8/6B1/K5nR/4r3/8/1k6/8/8 b - - 0 1
0,1,0,0,0,0,0,1,-1,1,0,1,1,1,0,0,0,0,0,16,0,0,6,3,6,1,0,2,5,23,28,0,0,0,0,0,0,0,0,7,1,1,0,0,0,0,1,1,0,0,KRBKRNvK,DRAW,8/B2K4/8/8/8/1n4R1/8/1k5r b - - 0 1
1,1,0,0,0,0,0,1,-1,1,0,1,1,1,0,0,0,0,0,16,0,0,2,7,0,6,2,6,3,27,22,0,0,0,0,0,0,0,0,7,1,1,0,0,0,0,2,0,1,0,KRBKRNvK,DRAW,3R4/r7/8/8/4B2n/6k1/8/7K w - - 0 1
1,1,0,0,0,0,0,1,-1,1,0,1,1,1,0,0,0,0,0,16,0,0,5,1,7,5,2,5,2,3,0,1,0,0,0,0,0,0,0,7,1,1,0,0,0,0,3,1,1,1,KRBKRNvK,DRAW,1K5r/8/2Bn4/3R4/8/5k2/8/8 w - - 0 1
0,1,0,0,0,0,0,1,-1,1,0,1,1,1,0,0,0,0,0,16,0,0,5,1,4,6,4,2,2,23,26,0,0,0,0,0,0,0,0,7,1,1,0,0,0,0,2,2,2,1,KRBKRNvK,DRAW,8/8/8/1K2B1k1/r3n3/4R3/8/8 b - - 0 1
0,1,0,0,0,0,0,1,-1,1,0,1,1,1,0,0,0,0,0,16,0,0,3,7,1,4,1,5,2,23,19,0,0,0,0,0,0,0,0,7,1,1,0,0,0,0,0,2,0,1,KRBKRNvK,DRAW,7B/8/5R2/8/r7/7n/4k2K/8 b - - 0 1
0,1,0,0,0,0,0,1,-1,1,0,1,1,1,0,0,0,0,0,16,0,0,2,3,3,3,5,0,1,16,19,0,0,0,0,0,0,0,0,7,1,1,1,0,0,0,4,3,1,1,KRBKRNvK,WIN,3r4/B4R2/3k4/8/3K4/8/3n4/8 b - - 0 1
0,1,0,0,0,0,0,1,-1,1,0,1,1,1,0,0,0,0,0,16,0,0,2,2,6,0,5,3,4,23,25,0,0,0,0,0,0,0,0,7,1,1,0,0,0,0,2,1,0,0,KRBKRNvK,DRAW,5B2/2K2n2/k7/8/8/8/3R4/7r b - - 0 1
0,1,0,0,0,0,0,1,-1,1,0,1,1,1,0,0,0,0,0,16,0,0,7,4,0,0,7,3,6,1,0,1,0,0,0,0,0,0,0,7,1,1,0,0,0,0,2,2,0,0,KRBKRNvK,DRAW,k5R1/1n6/8/8/1r6/5B2/8/4K3 b - - 0 1
0,1,0,0,0,0,0,1,-1,1,0,1,1,1,0,0,0,0,0,16,0,0,5,2,7,1,2,4,3,27,22,0,0,0,0,0,0,0,0,7,1,1,0,0,0,0,1,1,0,0,KRBKRNvK,DRAW,2K5/7r/6R1/8/1n6/1k6/8/6B1 b - - 0 1
1,1,0,0,0,0,0,1,-1,1,0,1,1,1,0,0,0,0,0,16,0,0,3,7,1,6,4,5,2,4,0,1,0,0,0,0,0,0,0,7,1,1,0,1,0,0,1,2,1,0,KRBKRNvK,LOSS,1B5n/8/7R/6k1/8/8/3r3K/8 w - - 0 1
0,1,0,0,0,0,0,1,-1,1,0,1,1,1,0,0,0,0,0,16,0,0,3,7,5,7,2,4,4,25,22,0,0,0,0,0,0,0,0,7,1,1,0,0,0,0,1,2,0,0,KRBKRNvK,DRAW,1R6/8/1B5K/8/r7/1n5k/8/8 b - - 0 1
1,1,0,0,0,0,0,1,-1,1,0,1,1,1,0,0,0,0,0,16,0,0,2,0,5,0,3,4,3,16,24,0,0,0,0,0,0,0,0,7,1,1,0,0,0,0,1,3,0,0,KRBKRNvK,DRAW,R5B1/8/K4n2/8/k7/3r4/8/8 w - - 0 1
1,1,0,0,0,0,0,1,-1,1,0,1,1,1,0,0,0,0,0,16,0,0,5,2,6,7,7,3,6,7,0,1,0,0,0,0,0,0,0,7,1,1,0,0,0,0,2,2,0,2,KRBKRNvK,DRAW,n6k/2K5/8/4r3/B3R3/8/8/8 w - - 0 1
1,1,0,0,0,0,0,1,-1,1,0,1,1,1,0,0,0,0,0,16,0,0,4,6,5,2,5,3,2,6,0,1,0,0,0,0,0,0,0,7,1,1,0,0,0,0,2,1,2,1,KRBKRNvK,DRAW,1n4r1/2B5/2k3K1/3R4/8/8/8/8 w - - 0 1
0,1,0,0,0,0,0,1,-1,1,0,1,1,1,0,0,0,0,0,16,0,0,4,2,1,1,5,3,3,21,29,0,0,0,0,0,0,0,0,7,1,1,0,0,0,0,2,2,0,1,KRBKRNvK,DRAW,8/8/1k6/1r6/8/3n1B2/2K5/R7 b - - 0 1
0,1,0,0,0,0,0,1,-1,1,0,1,1,1,0,0,0,0,0,16,0,0,4,1,2,5,4,3,1,6,0,1,0,0,0,0,0,0,0,7,1,1,0,1,0,0,0,2,2,1,KRBKRNvK,DRAW,8/4Bn2/8/5k1R/8/1K6/r7/8 b - - 0 1
0,1,0,0,0,0,0,1,-1,1,0,1,1,1,0,0,0,0,0,16,0,0,4,3,1,0,5,2,4,2,0,1,0,0,0,0,0,0,0,7,1,1,0,0,0,0,2,2,1,0,KRBKRNvK,DRAW,8/5r2/k4n2/8/R7/8/3K4/6B1 b - - 0 1
0,1,0,0,0,0,0,1,-1,1,0,1,1,1,0,0,0,0,0,16,0,0,3,4,6,5,3,2,1,4,0,1,0,0,0,0,0,0,0,7,1,1,0,1,0,0,0,2,2,0,KRBKRNvK,DRAW,8/4K3/8/8/5kR1/7B/r7/1n6 b - - 0 1
0,1,0,0,0,0,0,1,-1,1,0,1,1,1,0,0,0,0,0,16,0,0,3,2,0,4,3,4,0,22,23,0,0,0,0,0,0,0,0,7,1,1,0,0,0,0,2,3,1,0,KRBKRNvK,DRAW,3B4/8/5r2/2R4n/4k3/8/8/2K5 b - - 0 1
0,1,0,0,0,0,0,1,-1,1,0,1,1,1,0,0,0,0,0,16,0,0,5,6,3,1,6,2,4,23,25,0,0,0,0,0,0,0,0,7,1,1,0,0,0,0,0,1,0,0,KRBKRNvK,DRAW,4B3/1k5r/8/8/6K1/2R5/2n5/8 b - - 0 1
0,1,0,0,0,0,0,1,-1,1,0,1,1,1,0,0,0,0,0,16,0,0,2,2,2,4,4,2,0,5,0,1,0,0,0,0,0,0,0,7,1,1,0,0,0,0,2,4,1,1,KRBKRNvK,DRAW,8/8/8/4k3/8/2K2nB1/2R5/1r6 b - - 0 1
0,1,0,0,0,0,0,1,-1,1,0,1,1,1,0,0,0,0,0,16,0,0,5,5,6,0,7,3,6,19,25,0,0,0,0,0,0,0,0,7,1,1,1,0,0,0,2,3,0,0,KRBKRNvK,DRAW,k7/4RK2/8/8/8/3r4/3n4/3B4 b - - 0 1
1,1,0,0,0,0,0,1,-1,1,0,1,1,1,0,0,0,0,0,16,0,0,6,7,3,1,5,3,3,5,0,1,0,0,0,0,0,0,0,7,1,1,1,0,0,0,2,3,0,0,KRBKRNvK,DRAW,5B2/4R3/1k6/1n6/3r3K/8/8/8 w - - 0 1
1,1,0,0,0,0,0,1,-1,1,0,1,1,1,0,0,0,0,0,16,0,0,5,2,7,6,2,4,3,26,22,0,0,0,0,0,0,0,0,7,1,1,0,0,0,0,2,0,0,1,KRBKRNvK,DRAW,2Kn3r/8/4R3/8/8/6k1/2B5/8 w - - 0 1
1,1,0,0,0,0,0,1,-1,1,0,1,1,1,0,0,0,0,0,16,0,0,3,3,2,4,5,1,1,33,19,0,0,0,0,0,0,0,0,7,1,1,0,0,0,0,2,2,1,1,KRBKRNvK,DRAW,1R6/6n1/4k3/2B2r2/8/3K4/8/8 w - - 0 1
0,1,0,0,0,0,0,1,-1,1,0,1,1,1,0,0,0,0,0,16,0,0,7,0,6,7,6,5,5,5,0,1,0,0,0,0,0,0,0,7,1,1,1,1,0,0,2,0,0,0,KRBKRNvK,DRAW,3B4/K2R3k/8/8/8/8/5r2/4n3 b - - 0 1
1,1,0,0,0,0,0,1,-1,1,0,1,1,1,0,0,0,0,0,16,0,0,5,5,5,0,3,2,3,21,14,0,0,0,0,0,0,0,0,7,1,1,0,0,0,0,2,0,0,1,KRBKRNvK,DRAW,8/n5Br/5K2/6R1/k7/8/8/8 w - - 0 1
1,1,0,0,0,0,0,1,-1,1,0,1,1,1,0,0,0,0,0,16,0,0,2,4,4,6,5,0,3,25,24,0,0,0,0,0,0,0,0,7,1,1,0,1,0,0,3,1,1,0,KRBKRNvK,DRAW,8/8/6kB/4K3/8/1n6/r7/2R5 w - - 0 1
0,1,0,0,0,0,0,1,-1,1,0,1,1,1,0,0,0,0,0,16,0,0,6,7,6,6,0,5,5,21,20,0,0,0,0,0,0,0,0,7,1,1,0,0,0,0,2,2,0,1,KRBKRNvK,DRAW,7n/7K/8/4r3/8/R1B5/8/6k1 b - - 0 1
1,1,0,0,0,0,0,1,-1,1,0,1,1,1,0,0,0,0,0,16,0,0,2,2,5,0,6,2,5,26,18,0,0,0,0,0,0,0,0,7,1,1,0,0,0,0,2,0,0,0,KRBKRNvK,DRAW,8/k7/2K5/8/8/r7/5R1B/3n4 w - - 0 1
1,1,0,0,0,0,0,1,-1,1,0,1,1,1,0,0,0,0,0,16,0,0,2,7,1,5,3,5,1,16,21,0,0,0,0,0,0,0,0,7,1,1,0,1,0,0,2,4,2,0,KRBKRNvK,DRAW,8/8/8/7R/5k2/2n5/3rB2K/8 w - - 0 1
1,1,0,0,0,0,0,1,-1,1,0,1,1,1,0,0,0,0,0,16,0,0,2,2,6,0,7,3,6,23,21,0,0,0,0,0,0,0,0,7,1,1,0,0,0,0,2,1,1,0,KRBKRNvK,WIN,k1B1R3/2K5/8/8/8/5r2/2n5/8 w - - 0 1
0,1,0,0,0,0,0,1,-1,1,0,1,1,1,0,0,0,0,0,16,0,0,6,7,6,1,3,5,2,16,25,0,0,0,0,0,0,0,0,7,1,1,1,0,0,0,0,0,0,0,KRBKRNvK,DRAW,8/5R1K/8/8/rk5B/8/8/7n b - - 0 1
1,1,0,0,0,0,0,1,-1,1,0,1,1,1,0,0,0,0,0,16,0,0,6,7,1,1,4,5,2,3,0,1,0,0,0,0,0,0,0,7,1,1,0,1,0,0,3,2,2,0,KRBKRNvK,LOSS,8/2B5/8/1k5n/2R5/8/3r3K/8 w - - 0 1
0,1,0,0,0,0,0,1,-1,1,0,1,1,1,0,0,0,0,0,16,0,0,5,6,4,1,3,2,2,5,0,1,0,0,0,0,0,0,0,7,1,1,0,0,0,0,1,2,0,1,KRBKRNvK,DRAW,4r1B1/8/8/6K1/1k6/6n1/8/1R6 b - - 0 1
0,1,0,0,0,0,0,1,-1,1,0,1,1,1,0,0,0,0,0,16,0,0,2,4,4,2,6,0,3,24,28,0,0,0,0,0,0,0,0,7,1,1,0,1,0,0,3,0,0,0,KRBKRNvK,DRAW,8/1nk5/8/4K3/8/R7/6r1/1B6 b - - 0 1
1,1,0,0,0,0,0,1,-1,1,0,1,1,1,0,0,0,0,0,16,0,0,6,6,4,0,4,2,3,20,20,0,0,0,0,0,0,0,0,7,1,1,0,0,0,0,1,2,0,1,KRBKRNvK,DRAW,8/8/8/k1rB2K1/8/6n1/5R2/8 w - - 0 1
0,1,0,0,0,0,0,1,-1,1,0,1,1,1,0,0,0,0,0,16,0,0,6,6,0,0,5,5,4,4,0,1,0,0,0,0,0,0,0,7,1,1,0,0,0,0,1,2,1,0,KRBKRNvK,DRAW,8/8/k2r4/8/2B4n/8/8/2R3K1 b - - 0 1
0,1,0,0,0,0,0,1,-1,1,0,1,1,1,0,0,0,0,0,16,0,0,3,6,1,6,4,4,2,24,19,0,0,0,0,0,0,0,0,7,1,1,1,0,0,0,2,0,1,0,KRBKRNvK,DRAW,B7/7R/8/6kn/8/8/6K1/1r6 b - - 0 1
1,1,0,0,0,0,0,1,-1,1,0,1,1,1,0,0,0,0,0,16,0,0,4,1,3,3,7,2,3,29,19,0,0,0,0,0,0,0,0,7,1,1,1,0,0,0,1,2,1,0,KRBKRNvK,DRAW,3k4/7R/4B3/6r1/1K6/8/8/2n5 w - - 0 1
1,1,0,0,0,0,0,1,-1,1,0,1,1,1,0,0,0,0,0,16,0,0,4,2,1,6,4,3,2,27,18,0,0,0,0,0,0,0,0,7,1,1,0,0,0,0,3,0,0,0,KRBKRNvK,DRAW,8/7n/7r/6k1/3R4/2B5/2K5/8 w - - 0 1
0,1,0,0,0,0,0,1,-1,1,0,1,1,1,0,0,0,0,0,16,0,0,2,2,3,1,1,1,4,17,24,0,0,0,0,0,0,0,0,7,1,1,0,0,0,0,3,1,0,0,KRBKRNvK,DRAW,8/7B/8/8/2K2R2/6n1/1k6/1r6 b - - 0 1
1,1,0,0,0,0,0,1,-1,1,0,1,1,1,0,0,0,0,0,16,0,0,3,7,3,5,6,3,3,2,0,1,0,0,0,0,0,0,0,7,1,1,0,0,0,0,1,2,1,2,KRBKRNvK,DRAW,8/5k2/3B3r/8/7K/5n2/8/1R6 w - - 0 1
1,1,0,0,0,0,0,1,-1,1,0,1,1,1,0,0,0,0,0,16,0,0,3,5,2,2,5,2,2,5,0,1,0,0,0,0,0,0,0,7,1,1,0,0,0,0,3,1,0,1,KRBKRNvK,DRAW,8/n7/2k2B2/8/6R1/5K2/8/5r2 w - - 0 1
1,1,0,0,0,0,0,1,-1,1,0,1,1,1,0,0,0,0,0,16,0,0,5,0,4,5,3,3,1,24,19,0,0,0,0,0,0,0,0,7,1,1,0,0,0,0,2,2,0,0,KRBKRNvK,DRAW,4R3/8/B2n1r2/K7/5k2/8/8/8 w - - 0 1
1,1,0,0,0,0,0,1,-1,1,0,1,1,1,0,0,0,0,0,16,0,0,4,1,6,5,5,4,2,6,0,1,0,0,0,0,0,0,0,7,1,1,0,0,0,0,3,1,0,0,KRBKRNvK,DRAW,8/1K5r/5k2/8/nR6/6B1/8/8 w - - 0 1
0,1,0,0,0,0,0,1,-1,1,0,1,1,1,0,0,0,0,0,16,0,0,3,1,6,1,3,4,2,25,26,0,0,0,0,0,0,0,0,7,1,1,0,0,0,0,0,2,1,0,KRBKRNvK,DRAW,8/1K3n2/4r3/8/1k4B1/8/2R5/8 b - - 0 1
1,1,0,0,0,0,0,1,-1,1,0,1,1,1,0,0,0,0,0,16,0,0,4,4,0,0,0,3,6,26,20,0,0,0,0,0,0,0,0,7,1,1,0,0,0,0,2,1,1,0,KRBKRNvK,DRAW,8/8/8/6n1/8/r7/2R3B1/k3K3 w - - 0 1
1,1,0,0,0,0,0,1,-1,1,0,1,1,1,0,0,0,0,0,16,0,0,2,3,3,2,5,0,2,24,17,0,0,0,0,0,0,0,0,7,1,1,1,0,0,0,4,1,1,0,KRBKRNvK,DRAW,8/3R4/2k5/8/3K3n/3B4/8/2r5 w - - 0 1
1,1,0,0,0,0,0,1,-1,1,0,1,1,1,0,0,0,0,0,16,0,0,3,5,3,2,0,1,4,29,25,0,0,0,0,0,0,0,0,7,1,1,0,0,0,0,2,2,0,1,KRBKRNvK,DRAW,r7/8/5n2/5B2/5K2/7R/8/2k5 w - - 0 1
0,1,0,0,0,0,0,1,-1,1,0,1,1,1,0,0,0,0,0,16,0,0,7,0,4,7,5,3,4,24,29,0,0,0,0,0,0,0,0,7,1,1,0,0,0,0,1,1,0,0,KRBKRNvK,DRAW,2r5/8/6nk/K7/8/3B4/5R2/8 b - - 0 1
0,1,0,0,0,0,0,1,-1,1,0,1,1,1,0,0,0,0,0,16,0,0,7,6,0,4,7,5,3,5,0,1,0,0,0,0,0,0,0,7,1,1,0,0,0,0,2,0,0,0,KRBKRNvK,DRAW,4k3/7r/8/1B4R1/4n3/8/8/6K1 b - - 0 1
0,1,0,0,0,0,0,1,-1,1,0,1,1,1,0,0,0,0,0,16,0,0,4,3,1,7,4,2,3,20,26,0,0,0,0,0,0,0,0,7,1,1,1,0,0,0,0,3,1,0,KRBKRNvK,DRAW,2B5/6R1/8/2n2r1k/8/8/3K4/8 b - - 0 1
1,1,0,0,0,0,0,1,-1,1,0,1,1,1,0,0,0,0,0,16,0,0,3,1,3,4,6,2,2,6,0,1,0,0,0,0,0,0,0,7,1,1,0,0,0,0,0,0,0,1,KRBKRNvK,WIN,5r2/4k3/n7/8/1K6/B7/R7/8 w - - 0 1
0,1,0,0,0,0,0,1,-1,1,0,1,1,1,0,0,0,0,0,16,0,0,2,7,7,5,7,6,4,23,22,0,0,0,0,0,0,0,0,7,1,1,1,1,0,0,0,2,0,0,KRBKRNvK,WIN,2B2k1K/R7/8/8/5n2/8/3r4/8 b - - 0 1
1,1,0,0,0,0,0,1,-1,1,0,1,1,1,0,0,0,0,0,16,0,0,5,7,1,2,1,5,3,21,20,0,0,0,0,0,0,0,0,7,1,1,0,0,0,0,2,2,2,0,KRBKRNvK,DRAW,8/8/8/1r6/8/8/RBk4K/1n6 w - - 0 1
0,1,0,0,0,0,0,1,-1,1,0,1,1,1,0,0,0,0,0,16,0,0,4,2,6,4,2,3,1,4,0,1,0,0,0,0,0,0,0,7,1,1,0,0,0,0,0,3,2,1,KRBKRNvK,LOSS,4r3/2K5/8/8/8/4k3/4R3/n4B2 b - - 0 1
0,1,0,0,0,0,0,1,-1,1,0,1,1,1,0,0,0,0,0,16,0,0,2,5,7,3,7,4,3,22,23,0,0,0,0,0,0,0,0,7,1,1,0,0,0,0,2,2,1,0,KRBKRNvK,DRAW,3kBK2/8/8/8/R7/4n3/8/3r4 b - - 0 1
0,1,0,0,0,0,0,1,-1,1,0,1,1,1,0,0,0,0,0,16,0,0,4,2,4,6,0,1,5,4,0,1,0,0,0,0,0,0,0,7,1,1,0,0,0,0,3,1,0,2,KRBKRNvK,DRAW,8/B7/r7/2K5/2n3R1/8/8/6k1 b - - 0 1
1,1,0,0,0,0,0,1,-1,1,0,1,1,1,0,0,0,0,0,16,0,0,4,1,5,5,7,3,4,6,0,1,0,0,0,0,0,0,0,7,1,1,0,0,0,0,1,2,0,1,KRBKRNvK,DRAW,5k2/8/1K6/8/1r6/1B6/n6R/8 w - - 0 1
0,1,0,0,0,0,0,1,-1,1,0,1,1,1,0,0,0,0,0,16,0,0,2,3,5,3,7,1,3,17,20,0,0,0,0,0,0,0,0,7,1,1,1,1,0,0,2,0,0,0,KRBKRNvK,DRAW,3k4/R7/3K4/8/8/B7/7r/7n b - - 0 1
0,1,0,0,0,0,0,1,-1,1,0,1,1,1,0,0,0,0,0,16,0,0,4,4,0,4,4,3,0,23,26,0,0,0,0,0,0,0,0,7,1,1,0,0,0,0,0,3,0,0,KRBKRNvK,DRAW,n7/6r1/8/4k3/8/B7/2R5/4K3 b - - 0 1
1,1,0,0,0,0,0,1,-1,1,0,1,1,1,0,0,0,0,0,16,0,0,4,0,4,4,6,3,2,24,19,0,0,0,0,0,0,0,0,7,1,1,0,0,0,0,0,2,2,0,KRBKRNvK,DRAW,4B3/4k3/6R1/K7/8/4r3/8/2n5 w - - 0 1
0,1,0,0,0,0,0,1,-1,1,0,1,1,1,0,0,0,0,0,16,0,0,2,1,6,3,7,4,3,18,32,0,0,0,0,0,0,0,0,7,1,1,0,1,0,0,1,2,0,0,KRBKRNvK,DRAW,3k4/1K6/8/4B3/8/8/3r4/1n5R b - - 0 1
1,1,0,0,0,0,0,1,-1,1,0,1,1,1,0,0,0,0,0,16,0,0,4,2,7,5,3,4,1,19,24,0,0,0,0,0,0,0,0,7,1,1,0,0,0,0,2,3,0,0,KRBKRNvK,DRAW,1RK4B/8/8/5r2/2n2k2/8/8/8 w - - 0 1
1,1,0,0,0,0,0,1,-1,1,0,1,1,1,0,0,0,0,0,16,0,0,4,4,3,0,0,0,6,23,21,0,0,0,0,0,0,0,0,7,1,1,1,0,0,0,3,0,0,0,KRBKRNvK,DRAW,8/6R1/8/6B1/4K3/1r6/8/k2n4 w - - 0 1
1,1,0,0,0,0,0,1,-1,1,0,1,1,1,0,0,0,0,0,16,0,0,4,5,1,1,1,3,4,29,18,0,0,0,0,0,0,0,0,7,1,1,0,1,0,0,2,0,0,0,KRBKRNvK,DRAW,4Bn2/8/8/6R1/8/8/rk3K2/8 w - - 0 1
0,1,0,0,0,0,0,1,-1,1,0,1,1,1,0,0,0,0,0,16,0,0,3,3,4,0,5,0,4,5,0,1,0,0,0,0,0,0,0,7,1,1,0,1,0,0,4,2,0,0,KRBKRNvK,DRAW,8/8/k5R1/3K4/8/1B6/4r3/6n1 b - - 0 1
0,1,0,0,0,0,0,1,-1,1,0,1,1,1,0,0,0,0,0,16,0,0,6,7,5,1,4,4,2,6,0,1,0,0,0,0,0,0,0,7,1,1,0,0,0,0,2,2,1,0,KRBKRNvK,DRAW,4r3/2B5/7K/1k5R/8/8/6n1/8 b - - 0 1
0,1,0,0,0,0,0,1,-1,1,0,1,1,1,0,0,0,0,0,16,0,0,3,1,3,4,5,2,1,6,0,1,0,0,0,0,0,0,0,7,1,1,0,0,0,0,0,3,0,1,KRBKRNvK,DRAW,1R3n2/8/4k3/3r4/1K6/7B/8/8 b - - 0 1
0,1,0,0,0,0,0,1,-1,1,0,1,1,1,0,0,0,0,0,16,0,0,5,6,0,5,5,5,2,24,24,0,0,0,0,0,0,0,0,7,1,1,0,0,0,0,0,3,0,0,KRBKRNvK,DRAW,8/8/5k2/8/n1r5/B7/8/1R4K1 b - - 0 1
1,1,0,0,0,0,0,1,-1,1,0,1,1,1,0,0,0,0,0,16,0,0,4,4,4,6,0,0,5,26,22,0,0,0,0,0,0,0,0,7,1,1,0,0,0,0,3,0,0,0,KRBKRNvK,DRAW,8/8/7r/4K3/R5B1/8/8/1n4k1 w - - 0 1
1,1,0,0,0,0,0,1,-1,1,0,1,1,1,0,0,0,0,0,16,0,0,5,2,3,7,3,1,3,7,0,1,0,0,0,0,0,0,0,7,1,1,0,0,0,0,2,2,0,0,KRBKRNvK,DRAW,8/8/8/8/2K2r1k/8/3R3n/2B5 w - - 0 1
1,1,0,0,0,0,0,1,-1,1,0,1,1,1,0,0,0,0,0,16,0,0,5,5,0,1,5,4,3,24,24,0,0,0,0,0,0,0,0,7,1,1,0,0,0,0,0,2,0,0,KRBKRNvK,DRAW,4B3/8/1k6/8/3nr3/8/7R/5K2 w - - 0 1
1,1,0,0,0,0,0,1,-1,1,0,1,1,1,0,0,0,0,0,16,0,0,4,3,0,0,4,3,3,18,22,0,0,0,0,0,0,0,0,7,1,1,0,0,0,0,1,1,0,0,KRBKRNvK,DRAW,8/3r4/8/k2n4/8/8/8/1BRK4 w - - 0 1
1,1,0,0,0,0,0,1,-1,1,0,1,1,1,0,0,0,0,0,16,0,0,5,6,4,1,7,2,5,6,0,1,0,0,0,0,0,0,0,7,1,1,0,0,0,0,2,0,1,1,KRBKRNvK,DRAW,1k6/6r1/3RB3/n5K1/8/8/8/8 w - - 0 1
0,1,0,0,0,0,0,1,-1,1,0,1,1,1,0,0,0,0,0,16,0,0,5,6,7,1,3,5,2,26,20,0,0,0,0,0,0,0,0,7,1,1,0,0,0,0,0,2,0,0,KRBKRNvK,DRAW,5RK1/3r4/1n6/8/1k6/8/8/2B5 b - - 0 1
0,1,0,0,0,0,0,1,-1,1,0,1,1,1,0,0,0,0,0,16,0,0,2,0,4,2,2,3,2,14,25,0,0,0,0,0,0,0,0,7,1,1,0,0,0,0,2,1,0,0,KRBKRNvK,DRAW,7r/1B5n/8/K7/8/2k5/6R1/8 b - - 0 1
1,1,0,0,0,0,0,1,-1,1,0,1,1,1,0,0,0,0,0,16,0,0,3,6,4,4,1,2,2,31,19,0,0,0,0,0,0,0,0,7,1,1,0,0,0,0,0,2,0,1,KRBKRNvK,DRAW,8/n2B4/8/6K1/8/4r3/4k3/1R6 w - - 0 1
1,1,0,0,0,0,0,1,-1,1,0,1,1,1,0,0,0,0,0,16,0,0,6,7,0,7,6,6,5,3,0,1,0,0,0,0,0,0,0,7,1,1,0,0,0,0,0,1,0,0,KRBKRNvK,DRAW,8/7k/7r/5n2/8/8/8/3B1R1K w - - 0 1
0,1,0,0,0,0,0,1,-1,1,0,1,1,1,0,0,0,0,0,16,0,0,5,4,2,2,7,1,4,5,0,1,0,0,0,0,0,0,0,7,1,1,0,0,0,0,2,0,0,0,KRBKRNvK,DRAW,2k5/5r1B/7n/8/2R5/4K3/8/8 b - - 0 1
0,1,0,0,0,0,0,1,-1,1,0,1,1,1,0,0,0,0,0,16,0,0,2,6,4,4,4,2,0,2,0,1,0,0,0,0,0,0,0,7,1,1,0,1,0,0,3,4,0,0,KRBKRNvK,DRAW,7B/8/3n4/4k1K1/1R6/8/4r3/8 b - - 0 1
0,1,0,0,0,0,0,1,-1,1,0,1,1,1,0,0,0,0,0,16,0,0,5,2,4,7,4,1,3,23,20,0,0,0,0,0,0,0,0,7,1,1,0,0,0,0,3,3,0,0,KRBKRNvK,WIN,3r4/8/8/2K4k/8/8/3n4/2R4B b - - 0 1
0,1,0,0,0,0,0,1,-1,1,0,1,1,1,0,0,0,0,0,16,0,0,5,2,2,7,4,2,3,20,30,0,0,0,0,0,0,0,0,7,1,1,0,0,0,0,4,0,0,0,KRBKRNvK,DRAW,8/8/8/7k/2B5/2K5/4R3/6rn b - - 0 1
1,1,0,0,0,0,0,1,-1,1,0,1,1,1,0,0,0,0,0,16,0,0,2,5,3,3,4,1,0,22,22,0,0,0,0,0,0,0,0,7,1,1,0,0,0,0,2,3,1,1,KRBKRNvK,DRAW,3n4/8/8/1B1k4/5K2/7r/1R6/8 w - - 0 1
0,1,0,0,0,0,0,1,-1,1,0,1,1,1,0,0,0,0,0,16,0,0,4,1,3,0,7,2,6,18,25,0,0,0,0,0,0,0,0,7,1,1,1,0,0,0,2,0,1,1,KRBKRNvK,DRAW,k1r5/4R3/B7/8/1K6/n7/8/8 b - - 0 1
0,1,0,0,0,0,0,1,-1,1,0,1,1,1,0,0,0,0,0,16,0,0,4,1,3,5,5,2,2,26,22,0,0,0,0,0,0,0,0,7,1,1,0,0,0,0,2,3,0,1,KRBKRNvK,DRAW,BR6/3r4/5k2/8/1K6/n7/8/8 b - - 0 1
0,1,0,0,0,0,0,1,-1,1,0,1,1,1,0,0,0,0,0,16,0,0,4,7,6,7,2,5,4,20,30,0,0,0,0,0,0,0,0,7,1,1,0,1,0,0,3,1,0,0,KRBKRNvK,DRAW,4R3/7K/8/2B5/8/7k/r2n4/8 b - - 0 1
0,1,0,0,0,0,0,1,-1,1,0,1,1,1,0,0,0,0,0,16,0,0,4,4,2,0,2,1,4,18,24,0,0,0,0,0,0,0,0,7,1,1,0,0,0,0,3,2,0,2,KRBKRNvK,DRAW,B7/8/8/8/8/k3K3/5R2/2nr4 b - - 0 1
0,1,0,0,0,0,0,1,-1,1,0,1,1,1,0,0,0,0,0,16,0,0,4,7,4,4,0,3,3,3,0,1,0,0,0,0,0,0,0,7,1,1,0,0,0,0,2,2,1,0,KRBKRNvK,DRAW,7n/8/8/7K/Br6/4R3/8/4k3 b - - 0 1
1,1,0,0,0,0,0,1,-1,1,0,1,1,1,0,0,0,0,0,16,0,0,4,1,4,5,0,2,4,29,24,0,0,0,0,0,0,0,0,7,1,1,0,1,0,0,2,1,0,0,KRBKRNvK,DRAW,4R3/7B/8/1K6/5n2/8/7r/5k2 w - - 0 1
0,1,0,0,0,0,0,1,-1,1,0,1,1,1,0,0,0,0,0,16,0,0,5,1,0,6,1,5,4,26,24,0,0,0,0,0,0,0,0,7,1,1,1,0,0,0,1,2,0,0,KRBKRNvK,DRAW,8/R7/1B5n/8/3r4/8/6k1/1K6 b - - 0 1
0,1,0,0,0,0,0,1,-1,1,0,1,1,1,0,0,0,0,0,16,0,0,2,2,4,4,2,1,1,24,17,0,0,0,0,0,0,0,0,7,1,1,0,0,0,0,3,3,0,1,KRBKRNvK,DRAW,2n5/8/3r4/1RK5/8/4k3/8/B7 b - - 0 1
1,1,0,0,0,0,0,1,-1,1,0,1,1,1,0,0,0,0,0,16,0,0,3,7,7,4,7,6,3,25,19,0,0,0,0,0,0,0,0,7,1,1,0,0,0,0,2,0,0,0,KRBKRNvK,DRAW,4k2K/r7/8/5B2/7R/8/n7/8 w - - 0 1
0,1,0,0,0,0,0,1,-1,1,0,1,1,1,0,0,0,0,0,16,0,0,5,7,1,6,6,5,4,21,22,0,0,0,0,0,0,0,0,7,1,1,0,1,0,0,0,0,0,1,KRBKRNvK,DRAW,1R6/6k1/8/1B6/8/8/r5nK/8 b - - 0 1
0,1,0,0,0,0,0,1,-1,1,0,1,1,1,0,0,0,0,0,16,0,0,2,4,5,2,7,1,4,22,23,0,0,0,0,0,0,0,0,7,1,1,0,0,0,0,3,1,1,0,KRBKRNvK,DRAW,B1k5/8/4K3/8/8/8/3n2R1/2r5 b - - 0 1
1,1,0,0,0,0,0,1,-1,1,0,1,1,1,0,0,0,0,0,16,0,0,3,2,3,2,6,1,3,6,0,1,0,0,0,0,0,0,0,7,1,1,0,1,0,0,2,0,1,2,KRBKRNvK,DRAW,8/2k5/8/n1B5/2K5/8/r7/5R2 w - - 0 1
1,1,0,0,0,0,0,1,-1,1,0,1,1,1,0,0,0,0,0,16,0,0,6,6,5,0,1,3,5,29,17,0,0,0,0,0,0,0,0,7,1,1,0,0,0,0,0,0,1,0,KRBKRNvK,DRAW,8/8/6K1/8/7B/2R5/k7/1r3n2 w - - 0 1
0,1,0,0,0,0,0,1,-1,1,0,1,1,1,0,0,0,0,0,16,0,0,4,2,4,0,0,1,6,2,0,1,0,0,0,0,0,0,0,7,1,1,0,0,0,0,3,1,0,1,KRBKRNvK,DRAW,r5R1/6B1/1n6/2K5/8/8/8/k7 b - - 0 1
1,1,0,0,0,0,0,1,-1,1,0,1,1,1,0,0,0,0,0,16,0,0,4,2,1,6,4,3,2,25,19,0,0,0,0,0,0,0,0,7,1,1,0,0,0,0,1,2,0,0,KRBKRNvK,DRAW,1B6/8/R7/6k1/8/5n2/2K5/5r2 w - - 0 1
1,1,0,0,0,0,0,1,-1,1,0,1,1,1,0,0,0,0,0,16,0,0,7,7,4,0,5,3,4,21,24,0,0,0,0,0,0,0,0,7,1,1,0,0,0,0,3,2,0,0,KRBKRNvK,DRAW,6B1/8/k1n5/7K/7R/8/8/r7 w - - 0 1
0,1,0,0,0,0,0,1,-1,1,0,1,1,1,0,0,0,0,0,16,0,0,6,5,1,4,7,3,3,19,17,0,0,0,0,0,0,0,0,7,1,1,0,0,0,0,0,0,0,0,KRBKRNvK,DRAW,4k3/1n4r1/8/8/8/B7/R4K2/8 b - - 0 1
0,1,0,0,0,0,0,1,-1,1,0,1,1,1,0,0,0,0,0,16,0,0,6,1,7,7,5,5,4,21,20,0,0,0,0,0,0,0,0,7,1,1,0,1,0,0,4,0,1,0,KRBKRNvK,DRAW,1K5B/8/7k/8/3R4/8/2r5/4n3 b - - 0 1
0,1,0,0,0,0,0,1,-1,1,0,1,1,1,0,0,0,0,0,16,0,0,6,6,7,0,5,5,4,2,0,1,0,0,0,0,0,0,0,7,1,1,0,0,0,0,1,1,1,0,KRBKRNvK,DRAW,6K1/3n4/k7/2B5/8/R7/8/5r2 b - - 0 1
1,1,0,0,0,0,0,1,-1,1,0,1,1,1,0,0,0,0,0,16,0,0,2,2,6,0,4,3,3,20,21,0,0,0,0,0,0,0,0,7,1,1,0,0,0,0,0,0,1,0,KRBKRNvK,DRAW,2R5/2K5/8/k6n/8/B4r2/8/8 w - - 0 1
1,1,0,0,0,0,0,1,-1,1,0,1,1,1,0,0,0,0,0,16,0,0,2,3,6,4,4,2,0,19,27,0,0,0,0,0,0,0,0,7,1,1,0,0,0,0,0,3,0,0,KRBKRNvK,DRAW,r7/3K4/1R6/1B2k3/8/4n3/8/8 w - - 0 1
1,1,0,0,0,0,0,1,-1,1,0,1,1,1,0,0,0,0,0,16,0,0,2,2,5,0,4,2,3,27,19,0,0,0,0,0,0,0,0,7,1,1,0,0,0,0,1,2,0,0,KRBKRNvK,WIN,5B2/8/2K5/k7/8/4r3/7n/6R1 w - - 0 1
1,1,0,0,0,0,0,1,-1,1,0,1,1,1,0,0,0,0,0,16,0,0,4,6,7,3,3,5,0,22,21,0,0,0,0,0,0,0,0,7,1,1,0,0,0,0,1,3,2,0,KRBKRNvK,DRAW,6K1/n7/8/8/3k4/r7/1RB5/8 w - - 0 1
1,1,0,0,0,0,0,1,-1,1,0,1,1,1,0,0,0,0,0,16,0,0,2,1,1,3,3,4,0,26,14,0,0,0,0,0,0,0,0,7,1,1,0,0,0,0,2,4,1,0,KRBKRNvK,DRAW,5B2/7n/8/8/3k3r/8/1K2R3/8 w - - 0 1
1,1,0,0,0,0,0,1,-1,1,0,1,1,1,0,0,0,0,0,16,0,0,3,3,1,6,1,2,4,6,0,1,0,0,0,0,0,0,0,7,1,1,0,1,0,0,2,0,1,1,KRBKRNvK,DRAW,4n3/B7/8/8/7R/8/1r1K2k1/8 w - - 0 1
0,1,0,0,0,0,0,1,-1,1,0,1,1,1,0,0,0,0,0,16,0,0,5,7,3,2,0,3,4,23,22,0,0,0,0,0,0,0,0,7,1,1,0,0,0,0,1,2,0,2,KRBKRNvK,DRAW,8/B7/8/5r2/5n1K/6R1/8/2k5 b - - 0 1
0,1,0,0,0,0,0,1,-1,1,0,1,1,1,0,0,0,0,0,16,0,0,5,4,2,4,7,1,3,21,22,0,0,0,0,0,0,0,0,7,1,1,0,0,0,0,4,0,0,1,KRBKRNvK,DRAW,4k3/8/8/7n/8/2BRK3/8/5r2 b - - 0 1
0,1,0,0,0,0,0,1,-1,1,0,1,1,1,0,0,0,0,0,16,0,0,5,2,5,6,0,2,5,18,26,0,0,0,0,0,0,0,0,7,1,1,0,1,0,0,1,0,0,0,KRBKRNvK,DRAW,2B5/8/2K4R/8/8/8/r7/n5k1 b - - 0 1
0,1,0,0,0,0,0,1,-1,1,0,1,1,1,0,0,0,0,0,16,0,0,3,3,7,6,5,3,3,6,0,1,0,0,0,0,0,0,0,7,1,1,0,0,0,0,2,2,0,0,KRBKRNvK,DRAW,3K4/8/3R2k1/8/6r1/7n/8/3B4 b - - 0 1
0,1,0,0,0,0,0,1,-1,1,0,1,1,1,0,0,0,0,0,16,0,0,2,4,4,2,2,0,2,23,19,0,0,0,0,0,0,0,0,7,1,1,0,0,0,0,4,2,1,1,KRBKRNvK,DRAW,8/2B5/1n6/R3K3/8/2kr4/8/8 b - - 0 1
0,1,0,0,0,0,0,1,-1,1,0,1,1,1,0,0,0,0,0,16,0,0,6,3,7,1,1,3,4,4,0,1,0,0,0,0,0,0,0,7,1,1,0,0,0,0,2,2,2,0,KRBKRNvK,DRAW,3K4/8/8/6n1/3B4/3R4/1k6/4r3 b - - 0 1
0,1,0,0,0,0,0,1,-1,1,0,1,1,1,0,0,0,0,0,16,0,0,2,3,3,1,1,0,4,5,0,1,0,0,0,0,0,0,0,7,1,1,0,0,0,0,3,0,0,0,KRBKRNvK,DRAW,8/8/6r1/1R6/3K4/8/1k6/2n1B3 b - - 0 1
0,1,0,0,0,0,0,1,-1,1,0,1,1,1,0,0,0,0,0,16,0,0,3,5,1,4,4,3,0,23,21,0,0,0,0,0,0,0,0,7,1,1,0,0,0,0,0,3,0,1,KRBKRNvK,DRAW,4B2n/8/8/4k3/7r/8/5K2/5R2 b - - 0 1
1,1,0,0,0,0,0,1,-1,1,0,1,1,1,0,0,0,0,0,16,0,0,3,1,4,4,3,2,0,25,18,0,0,0,0,0,0,0,0,7,1,1,0,0,0,0,2,4,0,0,KRBKRNvK,DRAW,8/4r3/8/1K6/4k3/8/8/3RB1n1 w - - 0 1
0,1,0,0,0,0,0,1,-1,1,0,1,1,1,0,0,0,0,0,16,0,0,3,2,4,2,1,1,3,7,0,1,0,0,0,0,0,0,0,7,1,1,0,0,0,0,2,2,1,1,KRBKRNvK,DRAW,5R2/8/3r4/2K5/4B3/8/1nk5/8 b - - 0 1
0,1,0,0,0,0,0,1,-1,1,0,1,1,1,0,0,0,0,0,16,0,0,4,0,4,4,4,3,0,19,28,0,0,0,0,0,0,0,0,7,1,1,0,0,0,0,2,4,2,1,KRBKRNvK,DRAW,8/2r2n2/8/K3k3/6B1/3R4/8/8 b - - 0 1
1,1,0,0,0,0,0,1,-1,1,0,1,1,1,0,0,0,0,0,16,0,0,6,6,4,0,6,2,5,21,27,0,0,0,0,0,0,0,0,7,1,1,0,0,0,0,0,2,0,0,KRBKRNvK,DRAW,8/k7/8/3n2K1/2r5/6R1/8/3B4 w - - 0 1
0,1,0,0,0,0,0,1,-1,1,0,1,1,1,0,0,0,0,0,16,0,0,3,0,3,3,5,3,1,6,0,1,0,0,0,0,0,0,0,7,1,1,0,0,0,0,3,2,0,1,KRBKRNvK,DRAW,6nB/8/3k4/1r6/K7/8/8/3R4 b - - 0 1
1,1,0,0,0,0,0,1,-1,1,0,1,1,1,0,0,0,0,0,16,0,0,4,7,6,4,2,5,1,4,0,1,0,0,0,0,0,0,0,7,1,1,0,0,0,0,1,3,1,0,KRBKRNvK,DRAW,8/4r2K/8/5B2/8/4k2n/7R/8 w - - 0 1
1,1,0,0,0,0,0,1,-1,1,0,1,1,1,0,0,0,0,0,16,0,0,3,4,3,1,6,0,4,24,14,0,0,0,0,0,0,0,0,7,1,1,0,0,0,0,4,0,0,0,KRBKRNvK,DRAW,8/rk6/4R3/8/4K3/8/8/3B2n1 w - - 0 1
0,1,0,0,0,0,0,1,-1,1,0,1,1,1,0,0,0,0,0,16,0,0,7,0,3,7,3,3,3,24,24,0,0,0,0,0,0,0,0,7,1,1,0,0,0,0,3,1,1,0,KRBKRNvK,DRAW,8/1r6/8/8/K5nk/5B2/8/3R4 b - - 0 1
0,1,0,0,0,0,0,1,-1,1,0,1,1,1,0,0,0,0,0,16,0,0,6,0,6,6,7,5,5,5,0,1,0,0,0,0,0,0,0,7,1,1,0,0,0,0,1,0,0,0,KRBKRNvK,DRAW,6kn/K7/8/3B4/8/5r2/8/5R2 b - - 0 1
1,1,0,0,0,0,0,1,-1,1,0,1,1,1,0,0,0,0,0,16,0,0,4,4,2,1,6,1,4,3,0,1,0,0,0,0,0,0,0,7,1,1,0,1,0,0,2,0,0,2,KRBKRNvK,DRAW,8/1k6/8/8/6R1/4K3/5r2/2Bn4 w - - 0 1
0,1,0,0,0,0,0,1,-1,1,0,1,1,1,0,0,0,0,0,16,0,0,3,3,2,6,3,1,2,21,22,0,0,0,0,0,0,0,0,7,1,1,0,0,0,0,3,3,1,1,KRBKRNvK,DRAW,B7/4n3/8/8/4r1k1/3K4/5R2/8 b - - 0 1
0,1,0,0,0,0,0,1,-1,1,0,1,1,1,0,0,0,0,0,16,0,0,4,3,7,7,5,3,4,20,24,0,0,0,0,0,0,0,0,7,1,1,1,0,0,0,2,0,0,0,KRBKRNvK,DRAW,3K4/4R3/7k/B7/8/nr6/8/8 b - - 0 1
0,1,0,0,0,0,0,1,-1,1,0,1,1,1,0,0,0,0,0,16,0,0,2,3,7,5,5,3,2,22,29,0,0,0,0,0,0,0,0,7,1,1,0,1,0,0,2,1,1,1,KRBKRNvK,DRAW,2nK4/8/5k2/8/5B2/8/7r/4R3 b - - 0 1
1,1,0,0,0,0,0,1,-1,1,0,1,1,1,0,0,0,0,0,16,0,0,5,0,2,5,4,4,1,26,19,0,0,0,0,0,0,0,0,7,1,1,0,0,0,0,2,3,2,0,KRBKRNvK,DRAW,8/4B3/2n5/5k1r/3R4/K7/8/8 w - - 0 1
1,1,0,0,0,0,0,1,-1,1,0,1,1,1,0,0,0,0,0,16,0,0,7,4,0,2,7,3,4,2,0,1,0,0,0,0,0,0,0,7,1,1,1,0,0,0,2,1,0,1,KRBKRNvK,DRAW,2k5/6R1/8/8/8/3n4/8/1r2K2B w - - 0 1
0,1,0,0,0,0,0,1,-1,1,0,1,1,1,0,0,0,0,0,16,0,0,2,4,1,2,2,2,2,22,23,0,0,0,0,0,0,0,0,7,1,1,0,0,0,0,1,1,1,0,KRBKRNvK,DRAW,8/8/5r2/7n/4B3/2k5/4K1R1/8 b - - 0 1
0,1,0,0,0,0,0,1,-1,1,0,1,1,1,0,0,0,0,0,16,0,0,4,0,7,3,3,6,0,7,0,1,0,0,0,0,0,0,0,7,1,1,0,0,0,0,1,3,1,1,KRBKRNvK,DRAW,K2B4/8/2r5/8/3k4/8/3R4/2n5 b - - 0 1
0,1,0,0,0,0,0,1,-1,1,0,1,1,1,0,0,0,0,0,16,0,0,4,3,0,0,4,3,3,4,0,1,0,0,0,0,0,0,0,7,1,1,0,0,0,0,0,0,0,0,KRBKRNvK,DRAW,8/rn6/8/k7/8/5R2/3B4/3K4 b - - 0 1
0,1,0,0,0,0,0,1,-1,1,0,1,1,1,0,0,0,0,0,16,0,0,5,1,7,5,2,5,2,20,25,0,0,0,0,0,0,0,0,7,1,1,0,0,0,0,2,1,0,0,KRBKRNvK,DRAW,1K6/7r/1B6/8/2R5/5k2/n7/8 b - - 0 1
0,1,0,0,0,0,0,1,-1,1,0,1,1,1,0,0,0,0,0,16,0,0,3,1,2,4,0,3,3,21,23,0,0,0,0,0,0,0,0,7,1,1,0,1,0,0,2,3,0,1,KRBKRNvK,DRAW,8/8/8/1n5B/5R2/1K6/4r3/4k3 b - - 0 1
0,1,0,0,0,0,0,1,-1,1,0,1,1,1,0,0,0,0,0,16,0,0,3,4,4,6,7,0,5,4,0,1,0,0,0,0,0,0,0,7,1,1,0,0,0,0,3,0,2,1,KRBKRNvK,DRAW,n5k1/2r5/4BR2/4K3/8/8/8/8 b - - 0 1
0,1,0,0,0,0,0,1,-1,1,0,1,1,1,0,0,0,0,0,16,0,0,6,5,6,0,0,3,6,24,30,0,0,0,0,0,0,0,0,7,1,1,0,0,0,0,2,0,0,0,KRBKRNvK,DRAW,8/5K2/8/7R/1B1n4/8/8/k1r5 b - - 0 1
1,1,0,0,0,0,0,1,-1,1,0,1,1,1,0,0,0,0,0,16,0,0,5,6,2,1,5,3,3,27,21,0,0,0,0,0,0,0,0,7,1,1,0,0,0,0,3,0,1,0,KRBKRNvK,DRAW,2n5/8/1k6/8/R7/6K1/B7/2r5 w - - 0 1
0,1,0,0,0,0,0,1,-1,1,0,1,1,1,0,0,0,0,0,16,0,0,4,2,5,0,1,2,5,3,0,1,0,0,0,0,0,0,0,7,1,1,0,0,0,0,3,0,1,1,KRBKRNvK,DRAW,5B2/6r1/2K5/3n4/R7/8/k7/8 b - - 0 1
0,1,0,0,0,0,0,1,-1,1,0,1,1,1,0,0,0,0,0,16,0,0,3,4,3,5,0,0,4,24,23,0,0,0,0,0,0,0,0,7,1,1,0,0,0,0,3,1,0,1,KRBKRNvK,DRAW,6B1/8/4n3/7R/4K3/8/8/1r3k2 b - - 0 1
1,1,0,0,0,0,0,1,-1,1,0,1,1,1,0,0,0,0,0,16,0,0,3,2,3,0,0,1,6,21,15,0,0,0,0,0,0,0,0,7,1,1,0,0,0,0,2,1,0,0,KRBKRNvK,WIN,n7/8/8/8/2K1B1r1/3R4/8/k7 w - - 0 1
1,1,0,0,0,0,0,1,-1,1,0,1,1,1,0,0,0,0,0,16,0,0,2,6,2,4,4,3,0,28,17,0,0,0,0,0,0,0,0,7,1,1,0,0,0,0,0,4,0,0,KRBKRNvK,DRAW,5R2/n7/8/3rk3/8/6K1/8/2B5 w - - 0 1
1,1,0,0,0,0,0,1,-1,1,0,1,1,1,0,0,0,0,0,16,0,0,2,3,2,3,0,1,3,4,0,1,0,0,0,0,0,0,0,7,1,1,0,0,0,0,3,1,0,0,KRBKRNvK,DRAW,8/2n5/8/8/4R3/3K3r/8/3k2B1 w - - 0 1
1,1,0,0,0,0,0,1,-1,1,0,1,1,1,0,0,0,0,0,16,0,0,2,2,0,1,2,4,3,21,24,0,0,0,0,0,0,0,0,7,1,1,0,0,0,0,0,2,0,0,KRBKRNvK,DRAW,r2B4/8/2n5/8/8/1k6/8/2K3R1 w - - 0 1
1,1,0,0,0,0,0,1,-1,1,0,1,1,1,0,0,0,0,0,16,0,0,6,1,6,0,0,4,6,26,21,0,0,0,0,0,0,0,0,7,1,1,0,0,0,0,2,2,0,1,KRBKRNvK,DRAW,8/1K4n1/3r4/8/2R3B1/8/8/k7 w - - 0 1
1,1,0,0,0,0,0,1,-1,1,0,1,1,1,0,0,0,0,0,16,0,0,2,0,1,2,2,5,2,19,24,0,0,0,0,0,0,0,0,7,1,1,0,0,0,0,2,2,0,0,KRBKRNvK,DRAW,8/1n6/7B/6R1/4r3/2k5/K7/8 w - - 0 1
0,1,0,0,0,0,0,1,-1,1,0,1,1,1,0,0,0,0,0,16,0,0,6,3,0,5,6,3,3,6,0,1,0,0,0,0,0,0,0,7,1,1,1,0,0,0,2,0,1,1,KRBKRNvK,DRAW,8/3R1k2/8/8/8/5r2/5Bn1/3K4 b - - 0 1
0,1,0,0,0,0,0,1,-1,1,0,1,1,1,0,0,0,0,0,16,0,0,3,2,7,5,5,4,2,6,0,1,0,0,0,0,0,0,0,7,1,1,0,0,0,0,1,2,0,0,KRBKRNvK,DRAW,2K5/8/1R3k2/8/8/8/n7/1B2r3 b - - 0 1
0,1,0,0,0,0,0,1,-1,1,0,1,1,1,0,0,0,0,0,16,0,0,4,5,3,1,6,1,4,29,25,0,0,0,0,0,0,0,0,7,1,1,0,0,0,0,2,1,0,0,KRBKRNvK,WIN,6r1/1k6/8/2n4B/5K2/8/8/4R3 b - - 0 1
1,1,0,0,0,0,0,1,-1,1,0,1,1,1,0,0,0,0,0,16,0,0,3,4,3,1,4,0,2,5,0,1,0,0,0,0,0,0,0,7,1,1,1,0,0,0,3,1,1,0,KRBKRNvK,DRAW,3B4/2R3n1/8/1k6/4K3/8/8/4r3 w - - 0 1
1,1,0,0,0,0,0,1,-1,1,0,1,1,1,0,0,0,0,0,16,0,0,4,6,5,2,1,3,3,5,0,1,0,0,0,0,0,0,0,7,1,1,1,0,0,0,3,0,0,1,KRBKRNvK,DRAW,7n/4R3/1Br3K1/8/8/8/2k5/8 w - - 0 1
0,1,0,0,0,0,0,1,-1,1,0,1,1,1,0,0,0,0,0,16,0,0,3,3,1,0,0,2,6,1,0,1,0,0,0,0,0,0,0,7,1,1,0,0,0,0,1,0,0,0,KRBKRNvK,LOSS,1r2n3/8/R7/4B3/8/8/3K4/k7 b - - 0 1
1,1,0,0,0,0,0,1,-1,1,0,1,1,1,0,0,0,0,0,16,0,0,7,7,5,0,3,4,3,26,19,0,0,0,0,0,0,0,0,7,1,1,0,0,0,0,2,1,1,0,KRBKRNvK,DRAW,6R1/r7/7K/8/kn6/8/1B6/8 w - - 0 1
0,1,0,0,0,0,0,1,-1,1,0,1,1,1,0,0,0,0,0,16,0,0,2,1,3,1,1,2,4,20,27,0,0,0,0,0,0,0,0,7,1,1,0,0,0,0,2,1,0,0,KRBKRNvK,DRAW,8/8/3B4/8/1K6/5rn1/1k6/4R3 b - - 0 1
0,1,0,0,0,0,0,1,-1,1,0,1,1,1,0,0,0,0,0,16,0,0,3,5,7,5,4,4,1,5,0,1,0,0,0,0,0,0,0,7,1,1,0,0,0,0,2,3,0,0,KRBKRNvK,DRAW,5K2/8/8/r4kn1/8/8/5R2/B7 b - - 0 1
1,1,0,0,0,0,0,1,-1,1,0,1,1,1,0,0,0,0,0,16,0,0,3,4,0,2,3,3,1,3,0,1,0,0,0,0,0,0,0,7,1,1,0,0,0,0,2,2,0,0,KRBKRNvK,DRAW,8/8/5B2/7n/2k5/8/7R/1r2K3 w - - 0 1
0,1,0,0,0,0,0,1,-1,1,0,1,1,1,0,0,0,0,0,16,0,0,5,5,0,0,5,4,4,22,30,0,0,0,0,0,0,0,0,7,1,1,0,0,0,0,2,0,0,0,KRBKRNvK,DRAW,8/7n/k2B4/8/4R3/2r5/8/5K2 b - - 0 1
0,1,0,0,0,0,0,1,-1,1,0,1,1,1,0,0,0,0,0,16,0,0,4,2,4,3,0,1,3,14,21,0,0,0,0,0,0,0,0,7,1,1,0,0,0,0,2,2,0,0,KRBKRNvK,DRAW,8/8/8/2K5/6BR/5n2/8/r2k4 b - - 0 1
1,1,0,0,0,0,0,1,-1,1,0,1,1,1,0,0,0,0,0,16,0,0,3,5,5,3,2,2,1,5,0,1,0,0,0,0,0,0,0,7,1,1,0,0,0,0,1,2,0,1,KRBKRNvK,DRAW,8/8/5K1R/7n/B7/3k1r2/8/8 w - - 0 1
1,1,0,0,0,0,0,1,-1,1,0,1,1,1,0,0,0,0,0,16,0,0,2,4,2,6,4,1,2,28,20,0,0,0,0,0,0,0,0,7,1,1,0,0,0,0,3,0,0,0,KRBKRNvK,DRAW,5R2/n7/r7/6k1/8/4K3/8/7B w - - 0 1
0,1,0,0,0,0,0,1,-1,1,0,1,1,1,0,0,0,0,0,16,0,0,3,1,4,4,7,2,3,22,29,0,0,0,0,0,0,0,0,7,1,1,0,0,0,0,2,1,1,0,KRBKRNvK,DRAW,4k3/4n3/4B3/1KR5/8/8/8/6r1 b - - 0 1
0,1,0,0,0,0,0,1,-1,1,0,1,1,1,0,0,0,0,0,16,0,0,4,1,3,5,5,2,2,25,28,0,0,0,0,0,0,0,0,7,1,1,0,0,0,0,1,3,0,1,KRBKRNvK,DRAW,8/8/3r1k2/8/1K3n2/8/R7/1B6 b - - 0 1
0,1,0,0,0,0,0,1,-1,1,0,1,1,1,0,0,0,0,0,16,0,0,6,0,6,6,2,5,3,20,31,0,0,0,0,0,0,0,0,7,1,1,0,1,0,0,1,1,0,0,KRBKRNvK,DRAW,5R2/K7/8/3B4/8/3n2k1/6r1/8 b - - 0 1
0,1,0,0,0,0,0,1,-1,1,0,1,1,1,0,0,0,0,0,16,0,0,2,6,0,4,1,5,2,19,23,0,0,0,0,0,0,0,0,7,1,1,0,1,0,0,0,0,0,0,KRBKRNvK,DRAW,6n1/8/2R5/8/8/B7/1r2k3/6K1 b - - 0 1
0,1,0,0,0,0,0,1,-1,1,0,1,1,1,0,0,0,0,0,16,0,0,4,0,5,2,1,4,3,22,26,0,0,0,0,0,0,0,0,7,1,1,0,0,0,0,2,2,0,0,KRBKRNvK,DRAW,5B2/8/K7/4R3/8/8/2k5/3r3n b - - 0 1
1,1,0,0,0,0,0,1,-1,1,0,1,1,1,0,0,0,0,0,16,0,0,2,4,5,3,3,1,0,5,0,1,0,0,0,0,0,0,0,7,1,1,0,0,0,0,2,4,0,2,KRBKRNvK,DRAW,8/8/B3K3/6n1/3k2r1/8/7R/8 w - - 0 1
0,1,0,0,0,0,0,1,-1,1,0,1,1,1,0,0,0,0,0,16,0,0,4,0,3,4,5,3,1,23,18,0,0,0,0,0,0,0,0,7,1,1,1,0,0,0,1,3,2,2,KRBKRNvK,DRAW,8/6R1/2n1k1B1/8/K7/2r5/8/8 b - - 0 1
1,1,0,0,0,0,0,1,-1,1,0,1,1,1,0,0,0,0,0,16,0,0,6,1,5,7,7,3,6,6,0,1,0,0,0,0,0,0,0,7,1,1,0,0,0,0,0,0,0,0,KRBKRNvK,DRAW,7k/8/1K6/4n3/8/2R5/3B4/1r6 w - - 0 1
1,1,0,0,0,0,0,1,-1,1,0,1,1,1,0,0,0,0,0,16,0,0,2,2,7,0,7,4,6,25,18,0,0,0,0,0,0,0,0,7,1,1,1,0,0,0,3,2,0,0,KRBKRNvK,DRAW,k1K5/3R4/6B1/8/7r/8/8/2n5 w - - 0 1
1,1,0,0,0,0,0,1,-1,1,0,1,1,1,0,0,0,0,0,16,0,0,4,7,6,4,2,5,1,2,0,1,0,0,0,0,0,0,0,7,1,1,0,0,0,0,2,2,0,1,KRBKRNvK,DRAW,7B/7K/6R1/6n1/7r/4k3/8/8 w - - 0 1
1,1,0,0,0,0,0,1,-1,1,0,1,1,1,0,0,0,0,0,16,0,0,4,0,6,1,2,5,3,5,0,1,0,0,0,0,0,0,0,7,1,1,0,0,0,0,1,2,0,0,KRBKRNvK,DRAW,8/K3r3/8/8/8/1k4B1/5R2/n7 w - - 0 1
1,1,0,0,0,0,0,1,-1,1,0,1,1,1,0,0,0,0,0,16,0,0,3,4,2,7,4,1,3,25,15,0,0,0,0,0,0,0,0,7,1,1,0,0,0,0,2,0,0,0,KRBKRNvK,DRAW,3n4/1B5r/2R5/7k/8/4K3/8/8 w - - 0 1
0,1,0,0,0,0,0,1,-1,1,0,1,1,1,0,0,0,0,0,16,0,0,5,2,5,3,0,2,3,17,28,0,0,0,0,0,0,0,0,7,1,1,0,1,0,0,3,1,0,0,KRBKRNvK,DRAW,8/8/2K5/8/1B2R3/8/4n2r/3k4 b - - 0 1
1,1,0,0,0,0,0,1,-1,1,0,1,1,1,0,0,0,0,0,16,0,0,4,0,1,4,1,5,2,22,24,0,0,0,0,0,0,0,0,7,1,1,0,0,0,0,3,1,0,0,KRBKRNvK,DRAW,3R4/1r6/8/8/8/8/K3kn2/B7 w - - 0 1
0,1,0,0,0,0,0,1,-1,1,0,1,1,1,0,0,0,0,0,16,0,0,4,2,1,4,5,3,1,27,21,0,0,0,0,0,0,0,0,7,1,1,0,0,0,0,0,3,0,1,KRBKRNvK,DRAW,8/8/4k3/8/8/2n2r2/2K3B1/7R b - - 0 1
1,1,0,0,0,0,0,1,-1,1,0,1,1,1,0,0,0,0,0,16,0,0,7,4,0,2,7,3,4,24,21,0,0,0,0,0,0,0,0,7,1,1,0,0,0,0,1,2,1,0,KRBKRNvK,DRAW,2k3Bn/8/R7/5r2/8/8/8/4K3 w - - 0 1
1,1,0,0,0,0,0,1,-1,1,0,1,1,1,0,0,0,0,0,16,0,0,5,6,1,7,6,4,5,25,21,0,0,0,0,0,0,0,0,7,1,1,0,0,0,0,2,2,0,0,KRBKRNvK,DRAW,n7/7k/8/5r2/8/4R3/6KB/8 w - - 0 1
0,1,0,0,0,0,0,1,-1,1,0,1,1,1,0,0,0,0,0,16,0,0,3,3,6,0,4,2,3,25,16,0,0,0,0,0,0,0,0,7,1,1,1,0,0,0,2,1,0,1,KRBKRNvK,DRAW,8/3KRn2/8/k7/7B/6r1/8/8 b - - 0 1
0,1,0,0,0,0,0,1,-1,1,0,1,1,1,0,0,0,0,0,16,0,0,3,2,0,5,1,4,3,22,23,0,0,0,0,0,0,0,0,7,1,1,1,1,0,0,3,0,0,2,KRBKRNvK,DRAW,7B/3R4/8/8/8/8/r4k2/2Kn4 b - - 0 1
1,1,0,0,0,0,0,1,-1,1,0,1,1,1,0,0,0,0,0,16,0,0,7,0,2,7,5,4,4,29,21,0,0,0,0,0,0,0,0,7,1,1,0,0,0,0,1,2,0,1,KRBKRNvK,DRAW,8/8/7k/4B3/n5r1/K7/8/5R2 w - - 0 1
1,1,0,0,0,0,0,1,-1,1,0,1,1,1,0,0,0,0,0,16,0,0,2,0,5,2,7,4,4,4,0,1,0,0,0,0,0,0,0,7,1,1,0,0,0,0,0,2,0,1,KRBKRNvK,DRAW,2k5/8/K2r3B/8/n7/1R6/8/8 w - - 0 1
1,1,0,0,0,0,0,1,-1,1,0,1,1,1,0,0,0,0,0,16,0,0,2,2,6,4,7,3,3,3,0,1,0,0,0,0,0,0,0,7,1,1,0,0,0,0,1,2,0,1,KRBKRNvK,DRAW,4k3/2K5/8/1n6/2r5/3B4/6R1/8 w - - 0 1
0,1,0,0,0,0,0,1,-1,1,0,1,1,1,0,0,0,0,0,16,0,0,5,6,5,4,0,3,3,18,25,0,0,0,0,0,0,0,0,7,1,1,0,0,0,0,3,2,0,0,KRBKRNvK,DRAW,n7/8/6K1/3R4/8/4r3/B7/4k3 b - - 0 1
0,1,0,0,0,0,0,1,-1,1,0,1,1,1,0,0,0,0,0,16,0,0,5,5,1,0,2,3,4,18,23,0,0,0,0,0,0,0,0,7,1,1,0,0,0,0,3,0,0,0,KRBKRNvK,DRAW,1r3n2/B7/8/8/8/k7/4RK2/8 b - - 0 1
1,1,0,0,0,0,0,1,-1,1,0,1,1,1,0,0,0,0,0,16,0,0,2,4,0,2,0,3,4,24,20,0,0,0,0,0,0,0,0,7,1,1,0,0,0,0,1,0,0,0,KRBKRNvK,DRAW,1B4r1/1n6/R7/8/8/8/8/2k1K3 w - - 0 1
1,1,0,0,0,0,0,1,-1,1,0,1,1,1,0,0,0,0,0,16,0,0,7,0,6,7,0,5,6,22,21,0,0,0,0,0,0,0,0,7,1,1,1,0,0,0,1,2,0,0,KRBKRNvK,DRAW,8/K4R2/3r4/5B2/7n/8/8/7k w - - 0 1
0,1,0,0,0,0,0,1,-1,1,0,1,1,1,0,0,0,0,0,16,0,0,2,5,0,7,1,4,5,18,23,0,0,0,0,0,0,0,0,7,1,1,0,0,0,0,0,0,1,0,KRBKRNvK,DRAW,5R2/1n4r1/8/8/7B/8/7k/5K2 b - - 0 1
1,1,0,0,0,0,0,1,-1,1,0,1,1,1,0,0,0,0,0,16,0,0,4,6,2,2,2,3,2,25,21,0,0,0,0,0,0,0,0,7,1,1,0,0,0,0,3,3,0,0,KRBKRNvK,DRAW,4r3/8/8/8/6R1/2k3K1/8/1n5B w - - 0 1
1,1,0,0,0,0,0,1,-1,1,0,1,1,1,0,0,0,0,0,16,0,0,2,4,4,3,6,0,2,29,14,0,0,0,0,0,0,0,0,7,1,1,0,0,0,0,3,0,2,0,KRBKRNvK,DRAW,1n6/3k1B1r/2R5/4K3/8/8/8/8 w - - 0 1
0,1,0,0,0,0,0,1,-1,1,0,1,1,1,0,0,0,0,0,16,0,0,5,2,0,7,0,4,6,21,25,0,0,0,0,0,0,0,0,7,1,1,0,0,0,0,2,2,0,0,KRBKRNvK,DRAW,4R3/3B4/8/n7/1r6/8/8/2K4k b - - 0 1
0,1,0,0,0,0,0,1,-1,1,0,1,1,1,0,0,0,0,0,16,0,0,4,7,3,3,7,3,3,19,25,0,0,0,0,0,0,0,0,7,1,1,1,0,0,0,0,0,1,0,KRBKRNvK,DRAW,3k4/5R2/r7/8/7K/7B/1n6/8 b - - 0 1
1,1,0,0,0,0,0,1,-1,1,0,1,1,1,0,0,0,0,0,16,0,0,4,7,5,3,6,4,2,24,23,0,0,0,0,0,0,0,0,7,1,1,0,0,0,0,2,2,0,1,KRBKRNvK,DRAW,8/3k4/4r1nK/8/R6B/8/8/8 w - - 0 1
1,1,0,0,0,0,0,1,-1,1,0,1,1,1,0,0,0,0,0,16,0,0,5,4,1,3,6,2,2,25,30,0,0,0,0,0,0,0,0,7,1,1,0,0,0,0,0,1,0,2,KRBKRNvK,DRAW,8/3k4/7B/8/2n5/6r1/4K3/R7 w - - 0 1
0,1,0,0,0,0,0,1,-1,1,0,1,1,1,0,0,0,0,0,16,0,0,2,6,3,4,3,2,0,2,0,1,0,0,0,0,0,0,0,7,1,1,0,1,0,0,1,3,1,0,KRBKRNvK,LOSS,5n2/7B/8/8/4k1K1/8/1r2R3/8 b - - 0 1
0,1,0,0,0,0,0,1,-1,1,0,1,1,1,0,0,0,0,0,16,0,0,4,7,1,3,3,5,0,22,22,0,0,0,0,0,0,0,0,7,1,1,0,0,0,0,0,4,1,1,KRBKRNvK,DRAW,4B3/8/8/8/3k2r1/8/1R5K/4n3 b - - 0 1
0,1,0,0,0,0,0,1,-1,1,0,1,1,1,0,0,0,0,0,16,0,0,4,4,3,0,1,0,5,18,24,0,0,0,0,0,0,0,0,7,1,1,0,0,0,0,3,2,1,1,KRBKRNvK,DRAW,2n5/8/8/2r5/4K3/1R6/k7/3B4 b - - 0 1
1,1,0,0,0,0,0,1,-1,1,0,1,1,1,0,0,0,0,0,16,0,0,4,4,2,0,2,1,4,26,21,0,0,0,0,0,0,0,0,7,1,1,0,0,0,0,2,0,0,0,KRBKRNvK,DRAW,6r1/8/8/8/8/k2BKR2/n7/8 w - - 0 1
0,1,0,0,0,0,0,1,-1,1,0,1,1,1,0,0,0,0,0,16,0,0,3,2,1,4,4,3,0,23,23,0,0,0,0,0,0,0,0,7,1,1,0,0,0,0,0,3,0,1,KRBKRNvK,DRAW,8/8/n7/4k3/r7/8/2K5/5B1R b - - 0 1
0,1,0,0,0,0,0,1,-1,1,0,1,1,1,0,0,0,0,0,16,0,0,5,1,5,2,0,3,4,20,17,0,0,0,0,0,0,0,0,7,1,1,0,0,0,0,0,3,0,1,KRBKRNvK,DRAW,8/8/1K6/8/2r2n2/8/5R1B/2k5 b - - 0 1
1,1,0,0,0,0,0,1,-1,1,0,1,1,1,0,0,0,0,0,16,0,0,6,0,6,6,6,5,4,25,21,0,0,0,0,0,0,0,0,7,1,1,0,0,0,0,0,1,1,2,KRBKRNvK,DRAW,5R2/K5k1/2r5/2n5/8/8/4B3/8 w - - 0 1
1,1,0,0,0,0,0,1,-1,1,0,1,1,1,0,0,0,0,0,16,0,0,6,1,7,0,1,5,5,4,0,1,0,0,0,0,0,0,0,7,1,1,0,0,0,0,1,1,0,1,KRBKRNvK,DRAW,1K6/8/1r6/4B3/5nR1/8/k7/8 w - - 0 1
0,1,0,0,0,0,0,1,-1,1,0,1,1,1,0,0,0,0,0,16,0,0,5,5,1,3,6,3,2,25,25,0,0,0,0,0,0,0,0,7,1,1,0,0,0,0,2,0,1,1,KRBKRNvK,DRAW,4n3/3k4/8/1R6/8/6r1/5K2/2B5 b - - 0 1
0,1,0,0,0,0,0,1,-1,1,0,1,1,1,0,0,0,0,0,16,0,0,6,7,5,1,6,4,4,6,0,1,0,0,0,0,0,0,0,7,1,1,1,0,0,0,1,0,0,0,KRBKRNvK,DRAW,r7/1k4R1/7K/4n3/8/8/8/6B1 b - - 0 1
0,1,0,0,0,0,0,1,-1,1,0,1,1,1,0,0,0,0,0,16,0,0,4,0,6,4,6,5,2,24,14,0,0,0,0,0,0,0,0,7,1,1,0,0,0,0,0,3,1,0,KRBKRNvK,DRAW,R3B3/K3k3/8/3r4/8/8/5n2/8 b - - 0 1
0,1,0,0,0,0,0,1,-1,1,0,1,1,1,0,0,0,0,0,16,0,0,3,5,5,7,2,2,4,22,31,0,0,0,0,0,0,0,0,7,1,1,0,1,0,0,3,1,1,0,KRBKRNvK,DRAW,8/8/5K2/4R3/8/5Bnk/r7/8 b - - 0 1
1,1,0,0,0,0,0,1,-1,1,0,1,1,1,0,0,0,0,0,16,0,0,6,5,6,3,0,3,3,6,0,1,0,0,0,0,0,0,0,7,1,1,0,0,0,0,3,3,0,1,KRBKRNvK,DRAW,8/5KB1/8/5r2/7R/8/3n4/3k4 w - - 0 1
0,1,0,0,0,0,0,1,-1,1,0,1,1,1,0,0,0,0,0,16,0,0,4,2,2,6,2,2,3,22,21,0,0,0,0,0,0,0,0,7,1,1,0,0,0,0,2,0,2,1,KRBKRNvK,DRAW,8/6r1/8/8/3nR3/2K3k1/8/6B1 b - - 0 1
0,1,0,0,0,0,0,1,-1,1,0,1,1,1,0,0,0,0,0,16,0,0,5,6,2,2,7,3,4,4,0,1,0,0,0,0,0,0,0,7,1,1,0,0,0,0,1,3,0,1,KRBKRNvK,DRAW,2k5/3r4/8/8/8/3B2K1/5n2/2R5 b - - 0 1
0,1,0,0,0,0,0,1,-1,1,0,1,1,1,0,0,0,0,0,16,0,0,7,7,2,0,3,4,3,21,19,0,0,0,0,0,0,0,0,7,1,1,0,0,0,0,2,2,0,1,KRBKRNvK,DRAW,8/nB6/8/8/k4r2/7K/8/7R b - - 0 1
0,1,0,0,0,0,0,1,-1,1,0,1,1,1,0,0,0,0,0,16,0,0,6,1,0,1,6,5,4,25,25,0,0,0,0,0,0,0,0,7,1,1,0,0,0,0,1,1,0,0,KRBKRNvK,DRAW,8/1k6/5B2/4n1r1/8/8/7R/1K6 b - - 0 1
0,1,0,0,0,0,0,1,-1,1,0,1,1,1,0,0,0,0,0,16,0,0,2,4,1,6,0,2,5,21,21,0,0,0,0,0,0,0,0,7,1,1,0,0,0,0,2,3,1,0,KRBKRNvK,DRAW,4R3/8/8/r4n2/8/7B/4K3/6k1 b - - 0 1
