gene,loading,n_mean,t_mean,expr_delta,pc1_shift,direction,abs_gap
C4orf17,0.0164419915810289,0.0875067301341958,0.7393560606060606,-0.6518493304718648,-0.0107177012037177,restore_normal,0.6518493304718649
AKR1E2,0.0159047242817257,0.2063397596525913,0.8521794871794871,-0.6458397275268958,-0.0102719027965001,restore_normal,0.6458397275268958
C1orf94,0.0161009270504505,0.1368826339524164,0.7714918414918414,-0.634609207539425,-0.0102177965561365,restore_normal,0.634609207539425
ZNF574,0.0159868126313401,0.1970155132938212,0.8282124125874126,-0.6311968992935914,-0.0100908265624895,restore_normal,0.6311968992935915
PAK3,0.0160240066891066,0.1549498999712062,0.7687835081585083,-0.613833608187302,-0.0098360738435918,restore_normal,0.613833608187302
BTNL3,0.0160632710088312,0.1463305114045669,0.7487849650349649,-0.602454453630398,-0.0096773891591424,restore_normal,0.6024544536303981
MAP3K19,0.0158456848585894,0.2055567627278478,0.8062208624708624,-0.6006640997430146,-0.0095179340303961,restore_normal,0.6006640997430146
